time,pelvis_tilt,pelvis_list,pelvis_rotation,pelvis_tx,pelvis_ty,pelvis_tz,hip_flexion_r,hip_adduction_r,hip_rotation_r,knee_angle_r,knee_angle_r_beta,ankle_angle_r,subtalar_angle_r,mtp_angle_r,hip_flexion_l,hip_adduction_l,hip_rotation_l,knee_angle_l,knee_angle_l_beta,ankle_angle_l,subtalar_angle_l,mtp_angle_l,lumbar_extension,lumbar_bending,lumbar_rotation,arm_flex_r,arm_add_r,arm_rot_r,elbow_flex_r,pro_sup_r,wrist_flex_r,wrist_dev_r,arm_flex_l,arm_add_l,arm_rot_l,elbow_flex_l,pro_sup_l,wrist_flex_l,wrist_dev_l
1760625401.398,10.53707507,-0.69221721,1.24428874,-0.02219828,0.91554059,-0.00388724,80.0,-7.0,0.0,80.0,1.3962634,0.0,0.0,0.0,80.0,-7.0,0.0,80.0,1.3962634,0.0,0.0,0.0,-18.42444985,-2.46998048,-0.78586592,8.32472426,0.9284495,-26.52760732,0.0,25.9292518,-0.74791443,1.08498369,8.36112807,-5.04318476,-0.487261,30.08690475,0.0,-29.46111161,-5.00487972
1760625401.431,10.00912108,-0.6084176,1.3871933,-0.02102972,0.92001812,-0.00364587,80.0,-7.0,0.0,80.0,1.3962634,0.0,0.0,0.0,80.0,-7.0,0.0,80.0,1.3962634,0.0,0.0,0.0,-16.00533715,-2.62016381,-1.63566539,6.39777254,1.07742325,-26.06117107,0.0,26.27724436,-0.7271944,1.06598858,6.38034586,-5.19590251,-1.37992376,32.05256891,0.0,-31.40153858,-5.38523477
1760625401.465,10.08179604,-0.63189762,1.4280356,-0.02091674,0.9210779,-0.00381709,80.0,-7.0,0.0,80.0,1.3962634,0.0,0.0,0.0,80.0,-7.0,0.0,80.0,1.3962634,0.0,0.0,0.0,-15.91991735,-2.49204785,-1.60854586,6.22384771,0.99418566,-26.02712969,0.0,26.28053393,-0.68602767,1.03703012,6.21731401,-5.11803624,-1.40745606,32.5709185,0.0,-31.92218955,-5.46071764
1760625401.498,10.17252704,-0.63009466,1.40468117,-0.02065526,0.92182513,-0.00382743,80.0,-7.0,0.0,80.0,1.3962634,0.0,0.0,0.0,80.0,-7.0,0.0,80.0,1.3962634,0.0,0.0,0.0,-15.78958997,-2.49349779,-1.66720489,5.98296382,0.99693673,-26.00028511,0.0,26.31458275,-0.65764732,1.03226164,5.97551058,-5.1268509,-1.51701793,32.8079648,0.0,-32.15913741,-5.51073659
1760625401.531,10.09480113,-0.69585746,1.43536693,-0.02076967,0.92178383,-0.00415846,80.0,-7.0,0.0,80.0,1.3962634,0.0,0.0,0.0,80.0,-7.0,0.0,80.0,1.3962634,0.0,0.0,0.0,-15.78508768,-2.53438999,-1.66690952,6.06190962,1.12287816,-26.02428445,0.0,26.30514646,-0.65353056,1.01663626,6.01842875,-5.24448499,-1.51475164,32.76289017,0.0,-32.11945201,-5.49411669
1760625401.565,10.04349485,-0.64079428,1.48445628,-0.0208451,0.92229084,-0.00417834,80.0,-7.0,0.0,80.0,1.3962634,0.0,0.0,0.0,80.0,-7.0,0.0,80.0,1.3962634,0.0,0.0,0.0,-15.69254471,-2.6473302,-1.86093882,6.0206293,1.20524282,-25.99868783,0.0,26.38145089,-0.64150391,1.0156287,5.95219552,-5.33503106,-1.68790218,32.87569039,0.0,-32.25833145,-5.51246111
1760625401.598,10.16278028,-0.62620579,1.60001584,-0.02115548,0.92250811,-0.00351008,80.0,-7.0,0.0,80.0,1.3962634,0.0,0.0,0.0,80.0,-7.0,0.0,80.0,1.3962634,0.0,0.0,0.0,-15.6244777,-2.71221473,-1.83377982,5.84580794,1.27689829,-26.02575895,0.0,26.36008713,-0.64981433,0.95517399,5.77716882,-5.39943495,-1.55558822,32.68976068,0.0,-32.16356245,-5.4766631
1760625401.665,10.21782731,-0.52049567,1.61177535,-0.02191185,0.92292482,-0.00305546,80.0,-7.0,0.0,80.0,1.3962634,0.0,0.0,0.0,80.0,-7.0,0.0,80.0,1.3962634,0.0,0.0,0.0,-15.71874345,-2.87855522,-2.00093102,5.85635791,1.36054867,-25.97474955,0.0,26.4398727,-0.65353269,0.92184268,5.77524269,-5.52059128,-1.79990556,32.48749325,0.0,-32.02355182,-5.38482886
1760625401.699,10.21021846,-0.51108791,1.63372892,-0.0217893,0.92291268,-0.00300931,80.0,-7.0,0.0,80.0,1.3962634,0.0,0.0,0.0,80.0,-7.0,0.0,80.0,1.3962634,0.0,0.0,0.0,-15.72558058,-2.87570381,-1.97892406,5.86057458,1.35101145,-25.99260416,0.0,26.42184132,-0.65186583,0.91088573,5.77085681,-5.52724425,-1.84494546,32.47061002,0.0,-32.04420925,-5.38255226
1760625401.732,10.08899262,-0.49316973,1.55405631,-0.02181537,0.92318915,-0.00343093,80.0,-7.0,0.0,80.0,1.3962634,0.0,0.0,0.0,80.0,-7.0,0.0,80.0,1.3962634,0.0,0.0,0.0,-15.77496251,-2.79720007,-2.0777533,6.0287829,1.25449719,-25.89512738,0.0,26.52297679,-0.67640117,0.88542863,5.91363691,-5.44788711,-2.04075726,32.60617436,0.0,-32.23848933,-5.40881985
1760625401.766,10.04897385,-0.56356526,1.60954949,-0.02158978,0.92337612,-0.00348278,80.0,-7.0,0.0,80.0,1.3962634,0.0,0.0,0.0,80.0,-7.0,0.0,80.0,1.3962634,0.0,0.0,0.0,-15.78920137,-2.69509948,-2.19179311,6.065932,1.25656658,-25.87642853,0.0,26.54831557,-0.65614107,0.87675165,5.93897852,-5.47096477,-2.21180944,32.97411029,0.0,-32.61789821,-5.46332493
1760625401.799,9.96099634,-0.56297346,1.61374171,-0.02130176,0.92340305,-0.00373651,80.0,-7.0,0.0,80.0,1.3962634,0.0,0.0,0.0,80.0,-7.0,0.0,80.0,1.3962634,0.0,0.0,0.0,-15.75755584,-2.60603128,-2.32991912,6.11799381,1.17713911,-25.85711809,0.0,26.57975238,-0.65138431,0.86996068,5.95637061,-5.44988301,-2.39150299,33.31384099,0.0,-32.99839425,-5.5083723
1760625401.833,9.97239191,-0.53263197,1.58909189,-0.02182815,0.92374422,-0.00416606,80.0,-7.0,0.0,80.0,1.3962634,0.0,0.0,0.0,80.0,-7.0,0.0,80.0,1.3962634,0.0,0.0,0.0,-15.76335383,-2.57486557,-2.41538121,6.10275609,1.12022167,-25.77806325,0.0,26.66835199,-0.64298244,0.86851903,5.91393918,-5.42539995,-2.5361293,33.45520496,0.0,-33.18802168,-5.5094548
1760625401.866,9.94902513,-0.53522717,1.66742159,-0.02131071,0.9240599,-0.00470447,80.0,-7.0,0.0,80.0,1.3962634,0.0,0.0,0.0,80.0,-7.0,0.0,80.0,1.3962634,0.0,0.0,0.0,-15.68339886,-2.51454122,-2.46406293,6.03381907,1.09227397,-25.80041656,0.0,26.66272709,-0.63175282,0.857346,5.81794868,-5.41086657,-2.54394914,33.68885874,0.0,-33.46132381,-5.54891434
1760625401.899,9.79951956,-0.55455673,1.78870473,-0.0205203,0.9238512,-0.00486717,80.0,-7.0,0.0,80.0,1.3962634,0.0,0.0,0.0,80.0,-7.0,0.0,80.0,1.3962634,0.0,0.0,0.0,-15.45778217,-2.50171194,-2.51330074,5.95212751,1.1273621,-25.90456982,0.0,26.59168462,-0.62937863,0.85691546,5.7008589,-5.47271349,-2.48064838,34.05548777,0.0,-33.86793216,-5.61297353
1760625401.933,9.74917196,-0.48246442,1.7915592,-0.02035062,0.92393496,-0.00466729,80.0,-7.0,0.0,80.0,1.3962634,0.0,0.0,0.0,80.0,-7.0,0.0,80.0,1.3962634,0.0,0.0,0.0,-15.36874894,-2.51728698,-2.56785922,5.90634408,1.06968996,-25.82503792,0.0,26.71066517,-0.63155383,0.83234462,5.64636489,-5.45139037,-2.6093128,34.0108632,0.0,-33.87947827,-5.57442598
1760625401.966,9.75020465,-0.47501401,1.79781631,-0.02075459,0.92381306,-0.00426483,80.0,-7.0,0.0,80.0,1.3962634,0.0,0.0,0.0,80.0,-7.0,0.0,80.0,1.3962634,0.0,0.0,0.0,-15.36878495,-2.51460058,-2.56332357,5.90768507,1.05781737,-25.82308525,0.0,26.71292131,-0.62409056,0.82852963,5.63947396,-5.46321462,-2.6129336,34.00346959,0.0,-33.88938147,-5.57900835
1760625402.0,9.83762533,-0.42807335,1.78801937,-0.02058507,0.92394505,-0.00444595,80.0,-7.0,0.0,80.0,1.3962634,0.0,0.0,0.0,80.0,-7.0,0.0,80.0,1.3962634,0.0,0.0,0.0,-15.24907956,-2.55081928,-2.66990451,5.69002982,1.03551947,-25.7785914,0.0,26.82092727,-0.58644151,0.82289878,5.41197796,-5.48530107,-2.76543767,34.17094133,0.0,-34.0888881,-5.59554899
1760625402.033,9.82459459,-0.36279767,1.8075434,-0.02062723,0.9241884,-0.00486602,80.0,-7.0,0.0,80.0,1.3962634,0.0,0.0,0.0,80.0,-7.0,0.0,80.0,1.3962634,0.0,0.0,0.0,-15.21852366,-2.51743901,-2.6621335,5.68055171,0.91513032,-25.76873251,0.0,26.84602859,-0.57488991,0.81292155,5.40728206,-5.42095872,-2.76062888,34.26526458,0.0,-34.18579651,-5.59544619
1760625402.067,9.828929,-0.35504941,1.82145536,-0.02041616,0.92431175,-0.00435654,80.0,-7.0,0.0,80.0,1.3962634,0.0,0.0,0.0,80.0,-7.0,0.0,80.0,1.3962634,0.0,0.0,0.0,-15.21120381,-2.51535985,-2.65052055,5.67335042,0.90046186,-25.7768864,0.0,26.83766119,-0.57486143,0.80605696,5.4198782,-5.43468299,-2.77791691,34.26281265,0.0,-34.1847812,-5.60276101
1760625402.1,9.8837222,-0.31245387,1.89693558,-0.01999288,0.92448415,-0.00429174,80.0,-7.0,0.0,80.0,1.3962634,0.0,0.0,0.0,80.0,-7.0,0.0,80.0,1.3962634,0.0,0.0,0.0,-15.09408129,-2.52801422,-2.59719542,5.48371872,0.86536041,-25.85605547,0.0,26.77057343,-0.56105593,0.81014854,5.29590562,-5.44079401,-2.62605298,34.12491755,0.0,-34.0647909,-5.59418618
1760625402.133,9.88481865,-0.30697943,1.90618186,-0.0199839,0.9245709,-0.00418978,80.0,-7.0,0.0,80.0,1.3962634,0.0,0.0,0.0,80.0,-7.0,0.0,80.0,1.3962634,0.0,0.0,0.0,-15.08756736,-2.5258971,-2.58731864,5.48128208,0.85232264,-25.83440914,0.0,26.7920121,-0.55959119,0.80466809,5.30472737,-5.45510212,-2.61231794,34.12340738,0.0,-34.0597817,-5.60758459
1760625402.167,9.92616121,-0.28669671,1.96169234,-0.02070291,0.9248506,-0.00438902,80.0,-7.0,0.0,80.0,1.3962634,0.0,0.0,0.0,80.0,-7.0,0.0,80.0,1.3962634,0.0,0.0,0.0,-14.99682465,-2.50109622,-2.49084547,5.35071049,0.79070623,-25.87389763,0.0,26.76879804,-0.53062696,0.79508423,5.21839288,-5.43356059,-2.46075166,33.94235489,0.0,-33.90209256,-5.57711547
1760625402.2,9.93379612,-0.29295376,1.95890658,-0.02124,0.92481341,-0.00457722,80.0,-7.0,0.0,80.0,1.3962634,0.0,0.0,0.0,80.0,-7.0,0.0,80.0,1.3962634,0.0,0.0,0.0,-14.97714426,-2.49068905,-2.47766299,5.34987679,0.76446756,-25.8877263,0.0,26.75859105,-0.56463867,0.7973222,5.21075358,-5.4388093,-2.42291993,33.92118852,0.0,-33.84422081,-5.60864273
1760625402.234,9.94480585,-0.29453156,1.94656479,-0.02174469,0.92477374,-0.00455192,80.0,-7.0,0.0,80.0,1.3962634,0.0,0.0,0.0,80.0,-7.0,0.0,80.0,1.3962634,0.0,0.0,0.0,-14.96716623,-2.48745005,-2.48811335,5.34340948,0.75108986,-25.91655729,0.0,26.72961335,-0.5650523,0.79272879,5.21911982,-5.44942758,-2.43400966,33.91341376,0.0,-33.84526528,-5.61140387
1760625402.267,9.84242784,-0.49979615,1.89907527,-0.02143081,0.92474909,-0.00525109,80.0,-7.0,0.0,80.0,1.3962634,0.0,0.0,0.0,80.0,-7.0,0.0,80.0,1.3962634,0.0,0.0,0.0,-14.80595806,-2.23449487,-2.26886791,5.30091912,0.64976367,-25.99507616,0.0,26.73061459,-0.5334185,0.79426813,5.23173735,-5.37565179,-2.31677349,33.58440803,0.0,-33.55240931,-5.54617738
1760625402.301,9.73598225,-0.65127073,1.83846697,-0.02025791,0.92460774,-0.0057798,80.0,-7.0,0.0,80.0,1.3962634,0.0,0.0,0.0,80.0,-7.0,0.0,80.0,1.3962634,0.0,0.0,0.0,-14.39850007,-2.03003869,-2.18605108,5.04120198,0.54189083,-26.03234164,0.0,26.78943308,-0.54214597,0.80268974,4.95709936,-5.27620262,-2.3646078,33.05007242,0.0,-33.02759278,-5.48220292
1760625402.334,9.60600273,-0.82635272,1.85629868,-0.01984639,0.9241594,-0.00641497,80.0,-7.0,0.0,80.0,1.3962634,0.0,0.0,0.0,80.0,-7.0,0.0,80.0,1.3962634,0.0,0.0,0.0,-14.16415843,-1.81016382,-2.09555458,4.95307079,0.4690255,-26.12113039,0.0,26.80812285,-0.54188242,0.82455917,4.88190454,-5.20661662,-2.37759082,32.96578515,0.0,-32.95711834,-5.46551472
1760625402.368,9.63431259,-0.83087392,1.87061375,-0.02032896,0.924068,-0.00699236,80.0,-7.0,0.0,80.0,1.3962634,0.0,0.0,0.0,80.0,-7.0,0.0,80.0,1.3962634,0.0,0.0,0.0,-14.15158728,-1.79416939,-2.07561431,4.94042306,0.44102448,-26.14823944,0.0,26.7915085,-0.5426896,0.82363284,4.84866954,-5.17375979,-2.38499215,32.95625145,0.0,-32.94826335,-5.4912275
1760625402.401,9.73096148,-0.86718609,1.88952962,-0.01974381,0.92493146,-0.00677692,80.0,-7.0,0.0,80.0,1.3962634,0.0,0.0,0.0,80.0,-7.0,0.0,80.0,1.3962634,0.0,0.0,0.0,-14.10531188,-1.73831345,-2.06022685,4.80986535,0.39157917,-26.17717096,0.0,26.79415148,-0.50241667,0.82958317,4.70611092,-5.13449226,-2.40757909,32.92947666,0.0,-32.94067208,-5.48152607
1760625402.435,9.78236188,-0.94538349,1.91835906,-0.0193476,0.92549165,-0.00646917,80.0,-7.0,0.0,80.0,1.3962634,0.0,0.0,0.0,80.0,-7.0,0.0,80.0,1.3962634,0.0,0.0,0.0,-14.05628211,-1.67257401,-2.02651322,4.74121755,0.39013328,-26.19083118,0.0,26.83224027,-0.52549558,0.80134788,4.59079568,-5.13841738,-2.43029527,32.92904863,0.0,-32.94627583,-5.46097885
1760625402.468,9.41367278,-1.01564497,1.96992745,-0.0176817,0.92506031,-0.00613237,80.0,-7.0,0.0,80.0,1.3962634,0.0,0.0,0.0,80.0,-7.0,0.0,80.0,1.3962634,0.0,0.0,0.0,-13.58116754,-1.58559357,-2.0284886,4.64524277,0.35022793,-26.30431694,0.0,26.92455594,-0.51705432,0.78173851,4.46643703,-5.09592003,-2.38642478,32.70767206,0.0,-32.74444953,-5.42747944
1760625402.502,9.10052461,-1.06643607,2.02597304,-0.0163315,0.92454044,-0.00613203,80.0,-7.0,0.0,80.0,1.3962634,0.0,0.0,0.0,80.0,-7.0,0.0,80.0,1.3962634,0.0,0.0,0.0,-13.24722949,-1.53857175,-2.04213525,4.61498313,0.33832606,-26.40219228,0.0,27.00363142,-0.51048423,0.78554291,4.42463468,-5.08932273,-2.32045826,32.42076026,0.0,-32.49100905,-5.34091611
1760625402.535,8.84178207,-1.07555488,2.09969568,-0.01567324,0.92386008,-0.00565328,80.0,-7.0,0.0,80.0,1.3962634,0.0,0.0,0.0,80.0,-7.0,0.0,80.0,1.3962634,0.0,0.0,0.0,-12.97563699,-1.57679979,-2.00013448,4.59153636,0.39556559,-26.57723055,0.0,27.01745187,-0.51243691,0.77831624,4.40847568,-5.12745635,-2.20353503,32.40016347,0.0,-32.48297008,-5.32398395
1760625402.568,8.72548204,-1.13407523,2.11144724,-0.01516405,0.92322733,-0.00598195,80.0,-7.0,0.0,80.0,1.3962634,0.0,0.0,0.0,80.0,-7.0,0.0,80.0,1.3962634,0.0,0.0,0.0,-12.95312437,-1.56016802,-1.97582938,4.66722859,0.45236162,-26.65092652,0.0,27.00185164,-0.51028377,0.79161938,4.50577689,-5.14350209,-2.20077883,32.4065952,0.0,-32.49735334,-5.34059361
1760625402.602,8.72307827,-1.13570356,2.13290485,-0.01555378,0.92297916,-0.0062942,80.0,-7.0,0.0,80.0,1.3962634,0.0,0.0,0.0,80.0,-7.0,0.0,80.0,1.3962634,0.0,0.0,0.0,-12.95746047,-1.56361275,-1.95259718,4.64615273,0.45618538,-26.63146651,0.0,27.0225597,-0.52504982,0.79062154,4.51602888,-5.13951469,-2.20314035,32.41071398,0.0,-32.49315076,-5.33803671
1760625402.635,8.72891021,-1.14024876,2.13897302,-0.01638099,0.9223471,-0.00657384,80.0,-7.0,0.0,80.0,1.3962634,0.0,0.0,0.0,80.0,-7.0,0.0,80.0,1.3962634,0.0,0.0,0.0,-12.95844167,-1.56710239,-1.94481717,4.64587688,0.45710214,-26.63767267,0.0,27.01747125,-0.52233652,0.78803742,4.50860409,-5.13878191,-2.20967397,32.41085756,0.0,-32.49169818,-5.33298047
1760625402.669,9.13834776,-1.25496747,2.07013654,-0.01795946,0.92233961,-0.00601611,80.0,-7.0,0.0,80.0,1.3962634,0.0,0.0,0.0,80.0,-7.0,0.0,80.0,1.3962634,0.0,0.0,0.0,-13.62750979,-1.52372422,-1.57339031,4.90828575,0.49820884,-26.91805321,0.0,27.06795701,-0.51297139,0.72533696,4.77759241,-5.17878198,-1.91331291,32.67735906,0.0,-32.75650468,-5.37887529
1760625402.702,9.13439309,-1.24011363,2.07453249,-0.01906136,0.9221153,-0.00559215,80.0,-7.0,0.0,80.0,1.3962634,0.0,0.0,0.0,80.0,-7.0,0.0,80.0,1.3962634,0.0,0.0,0.0,-13.64774035,-1.53391362,-1.55732673,4.92299373,0.48011466,-26.94442116,0.0,27.05111752,-0.4825961,0.72812335,4.79480334,-5.16674511,-1.9245128,32.67624811,0.0,-32.75941834,-5.3478716
1760625402.736,9.41440623,-1.12873301,1.86815272,-0.0202903,0.92264503,-0.00546918,80.0,-7.0,0.0,80.0,1.3962634,0.0,0.0,0.0,80.0,-7.0,0.0,80.0,1.3962634,0.0,0.0,0.0,-14.20645086,-1.65545662,-1.29969954,5.20302423,0.41332161,-27.12649178,0.0,27.19310965,-0.46736942,0.71928285,5.0806488,-5.10996923,-1.82794646,32.59630823,0.0,-32.69533197,-5.34263254
1760625402.769,9.41011357,-1.13665397,1.86105156,-0.02038804,0.92281129,-0.00520897,80.0,-7.0,0.0,80.0,1.3962634,0.0,0.0,0.0,80.0,-7.0,0.0,80.0,1.3962634,0.0,0.0,0.0,-14.20877703,-1.66147006,-1.30859876,5.20952086,0.41523071,-27.16377726,0.0,27.15769482,-0.46050195,0.72792054,5.07365705,-5.09607637,-1.85331642,32.59511847,0.0,-32.69519142,-5.33421994
1760625402.803,9.27130984,-1.15934454,1.82929596,-0.02057944,0.92297216,-0.00501444,80.0,-7.0,0.0,80.0,1.3962634,0.0,0.0,0.0,80.0,-7.0,0.0,80.0,1.3962634,0.0,0.0,0.0,-14.23846285,-1.6612746,-1.28917651,5.37309488,0.40430992,-27.17847336,0.0,27.18591337,-0.45355358,0.7516256,5.24347845,-5.09714897,-1.85061743,32.58178317,0.0,-32.68698123,-5.31497134
1760625402.836,9.16582387,-1.20115583,1.79541709,-0.02053663,0.92302264,-0.00507411,80.0,-7.0,0.0,80.0,1.3962634,0.0,0.0,0.0,80.0,-7.0,0.0,80.0,1.3962634,0.0,0.0,0.0,-14.26575849,-1.64233366,-1.26387372,5.49839225,0.41033111,-27.18510254,0.0,27.24498494,-0.45216208,0.74213692,5.37212261,-5.09282778,-1.82889151,32.52422936,0.0,-32.61331193,-5.29242738
1760625402.87,9.15711898,-1.21570913,1.785869,-0.02025368,0.92322304,-0.00519489,80.0,-7.0,0.0,80.0,1.3962634,0.0,0.0,0.0,80.0,-7.0,0.0,80.0,1.3962634,0.0,0.0,0.0,-14.26858596,-1.64463333,-1.26977667,5.48324699,0.42348003,-27.18015157,0.0,27.26028118,-0.41159497,0.72731203,5.37533856,-5.08212279,-1.81166731,32.52017126,0.0,-32.57697965,-5.29127517
1760625402.903,9.01958958,-1.28202882,1.725816,-0.01938445,0.92332987,-0.00505203,80.0,-7.0,0.0,80.0,1.3962634,0.0,0.0,0.0,80.0,-7.0,0.0,80.0,1.3962634,0.0,0.0,0.0,-14.12843497,-1.62225731,-1.28708367,5.46522128,0.45575635,-27.23439899,0.0,27.38431053,-0.3980313,0.73051919,5.37272534,-5.098811,-1.85069641,32.17756635,0.0,-32.21126205,-5.21362247
1760625402.936,9.01580976,-1.29124683,1.71549649,-0.019181,0.92325366,-0.00535961,80.0,-7.0,0.0,80.0,1.3962634,0.0,0.0,0.0,80.0,-7.0,0.0,80.0,1.3962634,0.0,0.0,0.0,-14.13048644,-1.62621369,-1.29679837,5.47431085,0.46416682,-27.22829976,0.0,27.39259952,-0.39482279,0.73385233,5.3691521,-5.09533211,-1.83308919,32.17703382,0.0,-32.21168984,-5.21742103
1760625402.97,8.97143832,-1.33525439,1.70160815,-0.01921317,0.92328702,-0.00503169,80.0,-7.0,0.0,80.0,1.3962634,0.0,0.0,0.0,80.0,-7.0,0.0,80.0,1.3962634,0.0,0.0,0.0,-14.14606549,-1.64162886,-1.31155074,5.53980247,0.52361542,-27.25010893,0.0,27.40429667,-0.45007631,0.75429817,5.39850591,-5.11998626,-1.78448609,32.18381564,0.0,-32.20062888,-5.26433477
1760625403.003,8.96277094,-1.34406964,1.68857628,-0.01916027,0.9233734,-0.00491548,80.0,-7.0,0.0,80.0,1.3962634,0.0,0.0,0.0,80.0,-7.0,0.0,80.0,1.3962634,0.0,0.0,0.0,-14.15209786,-1.64648678,-1.32611305,5.5505922,0.53189382,-27.20344368,0.0,27.45877602,-0.43967232,0.7440915,5.40420509,-5.10264962,-1.71280187,32.13646226,0.0,-32.22185844,-5.27375973
1760625403.037,9.02248989,-1.33873431,1.63730181,-0.02000494,0.92387313,-0.00499089,80.0,-7.0,0.0,80.0,1.3962634,0.0,0.0,0.0,80.0,-7.0,0.0,80.0,1.3962634,0.0,0.0,0.0,-14.43369481,-1.6131631,-1.34315748,5.76295206,0.49460583,-27.28820237,0.0,27.57327002,-0.43783766,0.75005721,5.59774512,-5.03393869,-1.58476761,31.75291439,0.0,-31.85347277,-5.16320903
1760625403.07,9.00755663,-1.38435099,1.59903091,-0.02049193,0.92399453,-0.00475678,80.0,-7.0,0.0,80.0,1.3962634,0.0,0.0,0.0,80.0,-7.0,0.0,80.0,1.3962634,0.0,0.0,0.0,-14.59189498,-1.62436101,-1.3752471,5.94964438,0.56219028,-27.28567915,0.0,27.63691424,-0.46393844,0.72388286,5.69224677,-5.01937338,-1.55158238,31.86429694,0.0,-31.88836466,-5.10546493
1760625403.104,9.16241196,-1.40775963,1.63744922,-0.01999887,0.92401352,-0.00528353,80.0,-7.0,0.0,80.0,1.3962634,0.0,0.0,0.0,80.0,-7.0,0.0,80.0,1.3962634,0.0,0.0,0.0,-14.73036642,-1.53168274,-1.35892145,5.95830499,0.50702773,-27.39488429,0.0,27.66901188,-0.46161593,0.73614177,5.63844472,-4.89333398,-1.49824017,32.08659963,0.0,-32.07556903,-5.11127125
1760625403.137,9.17240322,-1.3618293,1.61469274,-0.01981947,0.92414813,-0.0056256,80.0,-7.0,0.0,80.0,1.3962634,0.0,0.0,0.0,80.0,-7.0,0.0,80.0,1.3962634,0.0,0.0,0.0,-14.72563205,-1.49017803,-1.37960958,5.98041726,0.42699945,-27.39055925,0.0,27.70392176,-0.45113692,0.74263556,5.59012421,-4.76890256,-1.53146851,32.12274812,0.0,-32.10823121,-5.13370953
1760625403.204,9.163903,-1.32497268,1.55180404,-0.02027178,0.92399897,-0.00542694,80.0,-7.0,0.0,80.0,1.3962634,0.0,0.0,0.0,80.0,-7.0,0.0,80.0,1.3962634,0.0,0.0,0.0,-14.77720331,-1.43903837,-1.43959202,6.1220993,0.32376886,-27.34694192,0.0,27.79041503,-0.44116531,0.74030523,5.66660558,-4.71408882,-1.66198976,32.17376591,0.0,-32.25098748,-5.18039339
1760625403.237,9.31956792,-1.34963091,1.5654191,-0.02050011,0.92414019,-0.0051937,80.0,-7.0,0.0,80.0,1.3962634,0.0,0.0,0.0,80.0,-7.0,0.0,80.0,1.3962634,0.0,0.0,0.0,-14.96149334,-1.39267023,-1.50410527,6.16646277,0.32498409,-27.41720664,0.0,27.85834756,-0.43314453,0.75204221,5.71783981,-4.74267853,-1.79625865,32.52440359,0.0,-32.60619401,-5.24445632
1760625403.304,9.31027235,-1.29017649,1.57454867,-0.02059179,0.92466435,-0.00556959,80.0,-7.0,0.0,80.0,1.3962634,0.0,0.0,0.0,80.0,-7.0,0.0,80.0,1.3962634,0.0,0.0,0.0,-14.99968719,-1.34742221,-1.49286965,6.22553039,0.24322105,-27.40710378,0.0,27.90308926,-0.46148094,0.71473018,5.85750711,-4.67980572,-1.85821797,32.52438975,0.0,-32.5830323,-5.27827051
1760625403.338,9.30521679,-1.29191967,1.54935557,-0.02074361,0.92486378,-0.00566524,80.0,-7.0,0.0,80.0,1.3962634,0.0,0.0,0.0,80.0,-7.0,0.0,80.0,1.3962634,0.0,0.0,0.0,-15.06200864,-1.30947485,-1.52624896,6.30915833,0.22742725,-27.36153438,0.0,28.00970139,-0.46001406,0.69415721,5.96590128,-4.64386338,-1.98852425,32.43173165,0.0,-32.47793783,-5.26989659
1760625403.371,9.31809566,-1.28016722,1.54696075,-0.0212182,0.92457147,-0.00572192,80.0,-7.0,0.0,80.0,1.3962634,0.0,0.0,0.0,80.0,-7.0,0.0,80.0,1.3962634,0.0,0.0,0.0,-15.05499972,-1.29712472,-1.52597792,6.29988219,0.25171545,-27.40428076,0.0,27.96883281,-0.46870013,0.70764162,5.97192382,-4.63572263,-2.02477267,32.44577754,0.0,-32.46052484,-5.26723555
1760625403.405,9.33314231,-1.28329564,1.55889703,-0.02103716,0.92445895,-0.00572141,80.0,-7.0,0.0,80.0,1.3962634,0.0,0.0,0.0,80.0,-7.0,0.0,80.0,1.3962634,0.0,0.0,0.0,-15.0492697,-1.30156635,-1.518448,6.3091894,0.295866,-27.41974173,0.0,27.96036973,-0.46256648,0.69721197,5.94669713,-4.62019391,-2.02696618,32.46777318,0.0,-32.43640952,-5.29502003
1760625403.438,9.41440518,-1.29792063,1.58419693,-0.02124599,0.92471463,-0.00501943,80.0,-7.0,0.0,80.0,1.3962634,0.0,0.0,0.0,80.0,-7.0,0.0,80.0,1.3962634,0.0,0.0,0.0,-15.03427446,-1.35483506,-1.51876681,6.23658242,0.4098332,-27.41653543,0.0,28.00226759,-0.43667351,0.67499091,5.85935546,-4.67585644,-2.06094377,32.46910336,0.0,-32.45084811,-5.29421249
1760625403.472,9.49104266,-1.23172487,1.576392,-0.02083326,0.92488098,-0.00447304,80.0,-7.0,0.0,80.0,1.3962634,0.0,0.0,0.0,80.0,-7.0,0.0,80.0,1.3962634,0.0,0.0,0.0,-14.97959777,-1.43340403,-1.56650647,6.13499759,0.48462788,-27.38250801,0.0,28.10028003,-0.44297328,0.64391584,5.72949784,-4.64374301,-2.15414567,32.49471256,0.0,-32.48263421,-5.32992176
1760625403.505,9.49877874,-1.22325777,1.58376265,-0.02107353,0.92473013,-0.00414382,80.0,-7.0,0.0,80.0,1.3962634,0.0,0.0,0.0,80.0,-7.0,0.0,80.0,1.3962634,0.0,0.0,0.0,-14.97240618,-1.43035845,-1.56013195,6.13623759,0.5128043,-27.39326446,0.0,28.09241037,-0.4328154,0.65974533,5.72680994,-4.6208793,-2.17346792,32.49828994,0.0,-32.48105385,-5.31977542
1760625403.539,9.5856685,-1.20188381,1.56829527,-0.02036568,0.92467927,-0.00417307,80.0,-7.0,0.0,80.0,1.3962634,0.0,0.0,0.0,80.0,-7.0,0.0,80.0,1.3962634,0.0,0.0,0.0,-14.86129876,-1.48122903,-1.62843863,5.93599799,0.60080981,-27.36333436,0.0,28.19153182,-0.41639917,0.65038001,5.54851321,-4.60851825,-2.30583845,32.45313498,0.0,-32.4513731,-5.36513067
1760625403.572,9.56288756,-1.1860432,1.55040423,-0.0204541,0.92446844,-0.00431089,80.0,-7.0,0.0,80.0,1.3962634,0.0,0.0,0.0,80.0,-7.0,0.0,80.0,1.3962634,0.0,0.0,0.0,-14.80592964,-1.49989506,-1.68256756,5.91720822,0.64890259,-27.29738953,0.0,28.31150944,-0.42811215,0.62062282,5.52912031,-4.59528395,-2.40678521,32.5110896,0.0,-32.48364425,-5.38912567
1760625403.605,9.61478832,-1.17006065,1.58961321,-0.02062263,0.92419359,-0.00422724,80.0,-7.0,0.0,80.0,1.3962634,0.0,0.0,0.0,80.0,-7.0,0.0,80.0,1.3962634,0.0,0.0,0.0,-14.72000563,-1.51030483,-1.74157681,5.78254888,0.67174535,-27.35481279,0.0,28.3590206,-0.41032121,0.62753674,5.41489524,-4.57316211,-2.45496602,32.71356386,0.0,-32.66399519,-5.45653331
1760625403.639,9.62912503,-1.16851058,1.612532,-0.02148811,0.92400367,-0.00413251,80.0,-7.0,0.0,80.0,1.3962634,0.0,0.0,0.0,80.0,-7.0,0.0,80.0,1.3962634,0.0,0.0,0.0,-14.70955638,-1.51522011,-1.72018623,5.75839556,0.68791252,-27.33222175,0.0,28.38306669,-0.41660984,0.63774355,5.4266262,-4.55437328,-2.45306352,32.72287885,0.0,-32.64631042,-5.44684907
1760625403.672,9.7707583,-1.20375487,1.59633402,-0.02086975,0.92436232,-0.00389925,80.0,-7.0,0.0,80.0,1.3962634,0.0,0.0,0.0,80.0,-7.0,0.0,80.0,1.3962634,0.0,0.0,0.0,-14.63063166,-1.53483534,-1.75342563,5.52450815,0.73089907,-27.28715846,0.0,28.47113305,-0.37594266,0.61595527,5.21217404,-4.59138178,-2.52495593,32.60224519,0.0,-32.48437885,-5.41871904
1760625403.706,9.77411899,-1.20860022,1.58420983,-0.02119144,0.92454913,-0.00391727,80.0,-7.0,0.0,80.0,1.3962634,0.0,0.0,0.0,80.0,-7.0,0.0,80.0,1.3962634,0.0,0.0,0.0,-14.62649275,-1.53627593,-1.76635965,5.5197499,0.72588351,-27.31689928,0.0,28.44238212,-0.37286055,0.61750374,5.21093247,-4.59039756,-2.54311307,32.61498299,0.0,-32.47074571,-5.41654183
1760625403.739,9.77679169,-1.21850801,1.60340296,-0.02132234,0.92469053,-0.00365368,80.0,-7.0,0.0,80.0,1.3962634,0.0,0.0,0.0,80.0,-7.0,0.0,80.0,1.3962634,0.0,0.0,0.0,-14.62361983,-1.55113583,-1.75168841,5.51779804,0.70339497,-27.27763802,0.0,28.48150251,-0.37004902,0.60037596,5.20919832,-4.59493932,-2.521427,32.62563367,0.0,-32.45870546,-5.42459703
1760625403.806,9.7823127,-1.24129558,1.61132989,-0.02179146,0.92480012,-0.00365827,80.0,-7.0,0.0,80.0,1.3962634,0.0,0.0,0.0,80.0,-7.0,0.0,80.0,1.3962634,0.0,0.0,0.0,-14.62903172,-1.56878917,-1.7466822,5.49859985,0.68997037,-27.28056795,0.0,28.48202144,-0.33427798,0.58958146,5.18697224,-4.60354995,-2.52598755,32.65873594,0.0,-32.41341407,-5.44004151
1760625403.84,9.77200768,-1.2536993,1.60853686,-0.02100273,0.92503842,-0.00364663,80.0,-7.0,0.0,80.0,1.3962634,0.0,0.0,0.0,80.0,-7.0,0.0,80.0,1.3962634,0.0,0.0,0.0,-14.63697883,-1.57797013,-1.75220079,5.49920648,0.68671723,-27.27921194,0.0,28.48402846,-0.33294017,0.58976123,5.18176537,-4.59883504,-2.51703852,32.65301882,0.0,-32.41814839,-5.44218115
1760625403.873,9.77552891,-1.25918828,1.62770749,-0.02146962,0.924839,-0.00331283,80.0,-7.0,0.0,80.0,1.3962634,0.0,0.0,0.0,80.0,-7.0,0.0,80.0,1.3962634,0.0,0.0,0.0,-14.63811652,-1.58751735,-1.73624808,5.49780327,0.68637511,-27.26299659,0.0,28.50129599,-0.32439765,0.59080122,5.16902509,-4.58721292,-2.51750663,32.65397509,0.0,-32.41800838,-5.44140866
1760625403.906,9.93280626,-1.29516045,1.61274218,-0.02120942,0.9249086,-0.00313634,80.0,-7.0,0.0,80.0,1.3962634,0.0,0.0,0.0,80.0,-7.0,0.0,80.0,1.3962634,0.0,0.0,0.0,-14.7000539,-1.56525196,-1.72596768,5.38631244,0.68405875,-27.27336081,0.0,28.54447197,-0.32160848,0.58610608,5.03176206,-4.58532466,-2.54530353,32.88386658,0.0,-32.61198071,-5.46112555
1760625403.94,9.92148294,-1.30319663,1.60534907,-0.02140694,0.92487464,-0.00305984,80.0,-7.0,0.0,80.0,1.3962634,0.0,0.0,0.0,80.0,-7.0,0.0,80.0,1.3962634,0.0,0.0,0.0,-14.71735127,-1.57096973,-1.73354786,5.40402167,0.68723227,-27.28047577,0.0,28.54040014,-0.29286692,0.58859051,5.00934932,-4.57639686,-2.53297481,32.89927972,0.0,-32.59950291,-5.44646953
1760625403.973,9.91087669,-1.30784934,1.61685258,-0.02127244,0.92506549,-0.00348181,80.0,-7.0,0.0,80.0,1.3962634,0.0,0.0,0.0,80.0,-7.0,0.0,80.0,1.3962634,0.0,0.0,0.0,-14.72878208,-1.57641992,-1.72060361,5.4113385,0.69432691,-27.25412656,0.0,28.56801773,-0.2864079,0.58720732,4.99702343,-4.56953937,-2.51445979,32.89539837,0.0,-32.60627895,-5.43710125
1760625404.007,9.90044163,-1.31192264,1.60396034,-0.02124699,0.92501379,-0.00360605,80.0,-7.0,0.0,80.0,1.3962634,0.0,0.0,0.0,80.0,-7.0,0.0,80.0,1.3962634,0.0,0.0,0.0,-14.74355852,-1.57594077,-1.73264404,5.41161782,0.70119109,-27.24535813,0.0,28.57790862,-0.28586575,0.58387065,4.99094092,-4.56288868,-2.49313763,32.89105783,0.0,-32.61652363,-5.43528447
1760625404.04,9.91752686,-1.29659308,1.60761991,-0.02129978,0.92505764,-0.00362776,80.0,-7.0,0.0,80.0,1.3962634,0.0,0.0,0.0,80.0,-7.0,0.0,80.0,1.3962634,0.0,0.0,0.0,-14.79884013,-1.56048253,-1.72635487,5.41752369,0.69560146,-27.24900754,0.0,28.58436544,-0.31316868,0.55317714,4.99664879,-4.54535083,-2.49914547,32.94421863,0.0,-32.64627211,-5.39753877
1760625404.074,9.92646511,-1.29882541,1.61344849,-0.0211926,0.92505648,-0.00368275,80.0,-7.0,0.0,80.0,1.3962634,0.0,0.0,0.0,80.0,-7.0,0.0,80.0,1.3962634,0.0,0.0,0.0,-14.81691456,-1.56232225,-1.72357459,5.40240508,0.67625743,-27.23812674,0.0,28.59727265,-0.28890397,0.57194441,4.99099149,-4.55259228,-2.47954525,32.93355299,0.0,-32.65181101,-5.4337127
1760625404.107,10.00467643,-1.24772277,1.69253,-0.02111056,0.92539191,-0.00384846,80.0,-7.0,0.0,80.0,1.3962634,0.0,0.0,0.0,80.0,-7.0,0.0,80.0,1.3962634,0.0,0.0,0.0,-14.93556264,-1.5399685,-1.65509604,5.42792524,0.59981195,-27.30431886,0.0,28.53946383,-0.29385573,0.55919461,5.03349064,-4.50841039,-2.30464485,32.89517435,0.0,-32.62396312,-5.43815834
1760625404.174,9.98906884,-1.2440946,1.69483577,-0.0201081,0.92536426,-0.00370508,80.0,-7.0,0.0,80.0,1.3962634,0.0,0.0,0.0,80.0,-7.0,0.0,80.0,1.3962634,0.0,0.0,0.0,-14.95949393,-1.53144127,-1.65243263,5.41481379,0.53412168,-27.27746031,0.0,28.56287845,-0.27510112,0.52932585,5.06771386,-4.58704929,-2.26080843,32.88723362,0.0,-32.63405297,-5.41471936
1760625404.208,10.20953602,-1.30594628,1.77009151,-0.02060449,0.92550275,-0.00386428,80.0,-7.0,0.0,80.0,1.3962634,0.0,0.0,0.0,80.0,-7.0,0.0,80.0,1.3962634,0.0,0.0,0.0,-15.30149595,-1.44286425,-1.53947367,5.50444319,0.49548918,-27.35777306,0.0,28.49496105,-0.28060942,0.53750801,5.21144091,-4.6067574,-2.11275032,33.03881973,0.0,-32.78668365,-5.44209447
1760625404.241,10.20942109,-1.30990507,1.76095675,-0.0210695,0.92540778,-0.00412834,80.0,-7.0,0.0,80.0,1.3962634,0.0,0.0,0.0,80.0,-7.0,0.0,80.0,1.3962634,0.0,0.0,0.0,-15.31640061,-1.43562071,-1.54246569,5.49670668,0.4751433,-27.36757843,0.0,28.48390232,-0.29935077,0.5402956,5.23644244,-4.63819993,-2.1084587,33.02792312,0.0,-32.8031939,-5.44668457
1760625404.274,10.43443702,-1.44372856,1.75779942,-0.02160712,0.92561488,-0.00438919,80.0,-7.0,0.0,80.0,1.3962634,0.0,0.0,0.0,80.0,-7.0,0.0,80.0,1.3962634,0.0,0.0,0.0,-15.65936933,-1.28943558,-1.41617602,5.61096918,0.43626149,-27.44079264,0.0,28.43242842,-0.28848665,0.54559309,5.36125739,-4.64413533,-2.041445,33.17463864,0.0,-32.9487052,-5.46742136
1760625404.308,10.43330787,-1.44278008,1.76524639,-0.02160394,0.92572119,-0.0047712,80.0,-7.0,0.0,80.0,1.3962634,0.0,0.0,0.0,80.0,-7.0,0.0,80.0,1.3962634,0.0,0.0,0.0,-15.66094587,-1.28856481,-1.40597237,5.60480541,0.42402165,-27.43372272,0.0,28.43891031,-0.29648241,0.54026545,5.36767915,-4.65892614,-2.04179461,33.17385087,0.0,-32.949316,-5.47412074
1760625404.375,10.55069914,-1.51538181,1.80047904,-0.02233944,0.92604047,-0.00470174,80.0,-7.0,0.0,80.0,1.3962634,0.0,0.0,0.0,80.0,-7.0,0.0,80.0,1.3962634,0.0,0.0,0.0,-15.96137854,-1.19234957,-1.26550636,5.78053917,0.35662431,-27.47141559,0.0,28.436037,-0.29267168,0.52781126,5.57383577,-4.71073684,-1.91902891,33.45974378,0.0,-33.26712778,-5.51888217
1760625404.408,10.55492789,-1.4661292,1.83367049,-0.0223626,0.92611844,-0.00549989,80.0,-7.0,0.0,80.0,1.3962634,0.0,0.0,0.0,80.0,-7.0,0.0,80.0,1.3962634,0.0,0.0,0.0,-16.00051828,-1.14533334,-1.19401768,5.81350508,0.24710538,-27.51098074,0.0,28.40799177,-0.28348498,0.5338268,5.62944524,-4.65083128,-1.83551141,33.45298451,0.0,-33.29138097,-5.5174825
1760625404.442,10.55863738,-1.45766479,1.85013971,-0.0222551,0.926178,-0.00540576,80.0,-7.0,0.0,80.0,1.3962634,0.0,0.0,0.0,80.0,-7.0,0.0,80.0,1.3962634,0.0,0.0,0.0,-15.99615495,-1.14162665,-1.17597423,5.81206103,0.22524688,-27.53259969,0.0,28.38593218,-0.28831895,0.52352873,5.64038249,-4.66849914,-1.86871024,33.44869243,0.0,-33.29288902,-5.52986123
1760625404.475,10.53056364,-1.3919836,1.90750853,-0.02238688,0.92634193,-0.00604518,80.0,-7.0,0.0,80.0,1.3962634,0.0,0.0,0.0,80.0,-7.0,0.0,80.0,1.3962634,0.0,0.0,0.0,-16.01062848,-1.0812974,-1.07640442,5.85472125,0.08824047,-27.60802206,0.0,28.32385936,-0.27819492,0.54204067,5.71307968,-4.57375113,-1.76801095,33.45624547,0.0,-33.3146264,-5.53652089
1760625404.508,10.54764666,-1.38577676,1.93425506,-0.02308567,0.92654618,-0.00637676,80.0,-7.0,0.0,80.0,1.3962634,0.0,0.0,0.0,80.0,-7.0,0.0,80.0,1.3962634,0.0,0.0,0.0,-15.99740431,-1.08093732,-1.04669988,5.8444703,0.07031517,-27.59298582,0.0,28.33848052,-0.28628719,0.53362637,5.72072098,-4.58986565,-1.77326545,33.45668429,0.0,-33.31178806,-5.54388697
1760625404.542,10.80386704,-1.39972666,2.04779583,-0.02278619,0.92695544,-0.00677255,80.0,-7.0,0.0,80.0,1.3962634,0.0,0.0,0.0,80.0,-7.0,0.0,80.0,1.3962634,0.0,0.0,0.0,-16.05393045,-0.97678262,-0.83381016,5.65507906,-0.03803606,-27.74207618,0.0,28.23922534,-0.28498765,0.54536932,5.59398845,-4.56106222,-1.51949512,33.57006497,0.0,-33.44168483,-5.56538713
1760625404.575,10.82494281,-1.38005512,2.05265953,-0.02288456,0.92698133,-0.00607664,80.0,-7.0,0.0,80.0,1.3962634,0.0,0.0,0.0,80.0,-7.0,0.0,80.0,1.3962634,0.0,0.0,0.0,-16.03931768,-0.97883013,-0.82819212,5.63493571,-0.08399167,-27.73538109,0.0,28.24856092,-0.27309522,0.54683645,5.59562064,-4.58281514,-1.51474134,33.54941555,0.0,-33.45296384,-5.5876702
1760625404.609,10.88112829,-1.27267997,2.06756504,-0.02218671,0.92708397,-0.00624653,80.0,-7.0,0.0,80.0,1.3962634,0.0,0.0,0.0,80.0,-7.0,0.0,80.0,1.3962634,0.0,0.0,0.0,-15.94373338,-1.01210877,-0.80058601,5.4889688,-0.20824098,-27.73470768,0.0,28.27853201,-0.25154411,0.55559113,5.48661916,-4.56801506,-1.45622847,33.44281182,0.0,-33.3571442,-5.59052356
1760625404.642,10.89622877,-1.26395903,2.0712856,-0.02276951,0.92746303,-0.00585154,80.0,-7.0,0.0,80.0,1.3962634,0.0,0.0,0.0,80.0,-7.0,0.0,80.0,1.3962634,0.0,0.0,0.0,-15.92619743,-1.02393156,-0.79449717,5.47806033,-0.24435214,-27.71989278,0.0,28.29699946,-0.23607651,0.54665764,5.484787,-4.64235164,-1.44560592,33.42212934,0.0,-33.33684246,-5.54631086
1760625404.676,10.91226805,-1.10334146,2.0103234,-0.02282048,0.92763489,-0.0057001,80.0,-7.0,0.0,80.0,1.3962634,0.0,0.0,0.0,80.0,-7.0,0.0,80.0,1.3962634,0.0,0.0,0.0,-15.89264661,-1.20109285,-0.79327392,5.43688916,-0.27785762,-27.76120209,0.0,28.33640925,-0.24013313,0.54151205,5.46731954,-4.68615701,-1.4095135,32.83955546,0.0,-32.79917423,-5.44627603
1760625404.709,10.95714117,-1.10225364,2.02584258,-0.02285536,0.92766426,-0.00551555,80.0,-7.0,0.0,80.0,1.3962634,0.0,0.0,0.0,80.0,-7.0,0.0,80.0,1.3962634,0.0,0.0,0.0,-15.8643755,-1.2406015,-0.75495876,5.38236173,-0.26062963,-27.800108,0.0,28.33888664,-0.2221426,0.52675222,5.43217155,-4.74645377,-1.37377929,32.6108132,0.0,-32.59729175,-5.40901114
1760625404.743,10.96226188,-1.09880989,2.02892473,-0.02299522,0.92767204,-0.00558541,80.0,-7.0,0.0,80.0,1.3962634,0.0,0.0,0.0,80.0,-7.0,0.0,80.0,1.3962634,0.0,0.0,0.0,-15.85844085,-1.23927206,-0.75024582,5.37755906,-0.2706855,-27.8168875,0.0,28.32263189,-0.22159969,0.52717006,5.44250484,-4.75369173,-1.3975769,32.61610524,0.0,-32.5893425,-5.4089154
1760625404.776,10.97180592,-1.09471274,2.02182371,-0.02321119,0.92774228,-0.00577431,80.0,-7.0,0.0,80.0,1.3962634,0.0,0.0,0.0,80.0,-7.0,0.0,80.0,1.3962634,0.0,0.0,0.0,-15.85680974,-1.23214372,-0.75124428,5.36985154,-0.30757611,-27.83984354,0.0,28.30315503,-0.24928538,0.57314961,5.45204963,-4.73684387,-1.42496829,32.62269528,0.0,-32.56906761,-5.41959086
1760625404.81,10.98496709,-1.08182918,2.02700271,-0.02291282,0.92768872,-0.00608688,80.0,-7.0,0.0,80.0,1.3962634,0.0,0.0,0.0,80.0,-7.0,0.0,80.0,1.3962634,0.0,0.0,0.0,-15.84710985,-1.21246396,-0.73802224,5.35272532,-0.3351001,-27.84255207,0.0,28.30368868,-0.22217,0.57491287,5.46317138,-4.74058165,-1.4402511,32.60097127,0.0,-32.5819069,-5.40280696
1760625404.843,10.99032897,-1.0807631,2.01513384,-0.02280851,0.92758234,-0.00619714,80.0,-7.0,0.0,80.0,1.3962634,0.0,0.0,0.0,80.0,-7.0,0.0,80.0,1.3962634,0.0,0.0,0.0,-15.84339595,-1.20475844,-0.74794444,5.35757932,-0.33524494,-27.86398549,0.0,28.28377039,-0.21619282,0.57410296,5.45276662,-4.7376684,-1.45231453,32.59771102,0.0,-32.57814639,-5.4118615
1760625404.877,10.84527371,-1.33957725,2.03221234,-0.0211597,0.92667555,-0.00715895,80.0,-7.0,0.0,80.0,1.3962634,0.0,0.0,0.0,80.0,-7.0,0.0,80.0,1.3962634,0.0,0.0,0.0,-15.54742743,-0.84748718,-0.68900865,5.21964367,-0.4450632,-27.95081516,0.0,28.33929998,-0.23322387,0.58944757,5.31656304,-4.6294077,-1.44749779,32.42141296,0.0,-32.38884016,-5.36914239
1760625404.91,10.8306925,-1.3331567,2.05217581,-0.02080846,0.92642798,-0.00747106,80.0,-7.0,0.0,80.0,1.3962634,0.0,0.0,0.0,80.0,-7.0,0.0,80.0,1.3962634,0.0,0.0,0.0,-15.5578226,-0.84503367,-0.6664505,5.19590682,-0.43548482,-27.88502744,0.0,28.4060947,-0.24143454,0.59109597,5.33258551,-4.62311693,-1.40712961,32.42405829,0.0,-32.39141351,-5.36294893
1760625404.943,10.56216762,-1.39827932,2.07080531,-0.02046488,0.9260349,-0.00767018,80.0,-7.0,0.0,80.0,1.3962634,0.0,0.0,0.0,80.0,-7.0,0.0,80.0,1.3962634,0.0,0.0,0.0,-15.22479311,-0.74544502,-0.66586427,4.98229982,-0.44551679,-27.79857388,0.0,28.69300832,-0.23270583,0.54903774,5.25678195,-4.57471826,-1.38177865,32.24609823,0.0,-32.2054775,-5.31996167
1760625404.977,10.53900368,-1.38624662,2.09311342,-0.02018059,0.92657774,-0.00719839,80.0,-7.0,0.0,80.0,1.3962634,0.0,0.0,0.0,80.0,-7.0,0.0,80.0,1.3962634,0.0,0.0,0.0,-15.23693958,-0.74679191,-0.64702556,4.94896344,-0.44378532,-27.742211,0.0,28.75236112,-0.23497358,0.51447127,5.27410939,-4.56975269,-1.34189027,32.25177053,0.0,-32.20215195,-5.29403582
1760625405.01,10.52617449,-1.37943718,2.06648016,-0.01931091,0.92691601,-0.00715686,80.0,-7.0,0.0,80.0,1.3962634,0.0,0.0,0.0,80.0,-7.0,0.0,80.0,1.3962634,0.0,0.0,0.0,-15.22161425,-0.74699353,-0.68122199,4.98029341,-0.43731421,-27.87498385,0.0,28.6256959,-0.20644142,0.46912681,5.24762553,-4.57193032,-1.4222155,32.21766371,0.0,-32.23859089,-5.22548238
1760625405.044,10.51621843,-1.38154116,2.0518601,-0.0192111,0.9273284,-0.00692242,80.0,-7.0,0.0,80.0,1.3962634,0.0,0.0,0.0,80.0,-7.0,0.0,80.0,1.3962634,0.0,0.0,0.0,-15.22422632,-0.74951487,-0.70002038,5.00477033,-0.44509589,-27.95278778,0.0,28.54927171,-0.1944235,0.45471086,5.2103211,-4.57533442,-1.47356347,32.18935312,0.0,-32.25960122,-5.22622087
1760625405.077,10.11632514,-1.10230874,2.1512623,-0.01878953,0.9267057,-0.00699169,80.0,-7.0,0.0,80.0,1.3962634,0.0,0.0,0.0,80.0,-7.0,0.0,80.0,1.3962634,0.0,0.0,0.0,-14.61816511,-1.0642036,-0.94666782,4.85417537,-0.37822034,-28.17961888,0.0,28.49781534,-0.1948727,0.45346148,4.96475662,-4.61971,-1.53895064,32.1002738,0.0,-32.28035942,-5.22618673
1760625405.111,10.1347759,-1.09975336,2.11705681,-0.0189962,0.92681278,-0.00694951,80.0,-7.0,0.0,80.0,1.3962634,0.0,0.0,0.0,80.0,-7.0,0.0,80.0,1.3962634,0.0,0.0,0.0,-14.62028234,-1.04068811,-1.00468524,4.86398891,-0.41719594,-28.22032802,0.0,28.49192949,-0.21169681,0.47121463,4.89549734,-4.56020559,-1.7215151,32.14736919,0.0,-32.38612279,-5.26312575
1760625405.144,10.14825642,-1.10414724,2.1133382,-0.01928457,0.92695095,-0.00674613,80.0,-7.0,0.0,80.0,1.3962634,0.0,0.0,0.0,80.0,-7.0,0.0,80.0,1.3962634,0.0,0.0,0.0,-14.6231688,-1.04492314,-1.01817288,4.85369304,-0.40842409,-28.26012689,0.0,28.46193596,-0.19421139,0.46082991,4.85962632,-4.57182247,-1.79045842,32.15807573,0.0,-32.48771326,-5.2390808
1760625405.178,10.35338452,-1.06486701,2.15600259,-0.01997868,0.92698879,-0.00624377,80.0,-7.0,0.0,80.0,1.3962634,0.0,0.0,0.0,80.0,-7.0,0.0,80.0,1.3962634,0.0,0.0,0.0,-14.72767624,-1.14445303,-1.03198243,4.7660934,-0.33174084,-28.38883222,0.0,28.4023064,-0.20082589,0.46895998,4.72086798,-4.63741648,-1.84796417,32.73844105,0.0,-33.13481306,-5.37190452
1760625405.211,10.35482723,-1.06183931,2.15114124,-0.02035511,0.9267834,-0.00605883,80.0,-7.0,0.0,80.0,1.3962634,0.0,0.0,0.0,80.0,-7.0,0.0,80.0,1.3962634,0.0,0.0,0.0,-14.73459619,-1.14334158,-1.03593516,4.74851474,-0.30881926,-28.42993756,0.0,28.36411711,-0.23032467,0.48436045,4.73744663,-4.61639514,-1.89122942,32.65874877,0.0,-33.22018419,-5.37339121
1760625405.244,10.67434718,-1.04157564,2.11508164,-0.02139764,0.92692562,-0.00576107,80.0,-7.0,0.0,80.0,1.3962634,0.0,0.0,0.0,80.0,-7.0,0.0,80.0,1.3962634,0.0,0.0,0.0,-15.10713095,-1.19732328,-0.98472703,4.86613623,-0.24484725,-28.54678119,0.0,28.32565152,-0.22893575,0.48744861,4.7801523,-4.63184022,-1.89483002,32.92121168,0.0,-33.52858645,-5.44051761
1760625405.278,10.70779299,-1.0466995,2.1070491,-0.02184922,0.92676341,-0.00574511,80.0,-7.0,0.0,80.0,1.3962634,0.0,0.0,0.0,80.0,-7.0,0.0,80.0,1.3962634,0.0,0.0,0.0,-15.09924363,-1.19292075,-0.98584947,4.90914037,-0.21034965,-28.56853629,0.0,28.31037826,-0.22283967,0.48434606,4.75247605,-4.64175185,-1.91196798,32.93157748,0.0,-33.5596825,-5.38142649
1760625405.345,10.93783929,-1.191333,2.06594088,-0.02192904,0.92692665,-0.00578141,80.0,-7.0,0.0,80.0,1.3962634,0.0,0.0,0.0,80.0,-7.0,0.0,80.0,1.3962634,0.0,0.0,0.0,-15.26023231,-1.14538355,-0.93178136,5.03708748,-0.0515085,-28.67220624,0.0,28.29595346,-0.19611195,0.5062419,4.68310044,-4.66666247,-1.93846432,33.246203,0.0,-33.80732109,-5.4262872
1760625405.378,10.94827203,-1.20599022,2.06103419,-0.02173583,0.9270536,-0.00602571,80.0,-7.0,0.0,80.0,1.3962634,0.0,0.0,0.0,80.0,-7.0,0.0,80.0,1.3962634,0.0,0.0,0.0,-15.25445483,-1.14943898,-0.93355106,5.08326163,-0.03154928,-28.64872844,0.0,28.32427618,-0.17474374,0.49766886,4.66889339,-4.66828757,-1.91099524,33.26788444,0.0,-33.78950899,-5.40668891
1760625405.412,10.96638057,-1.21251259,2.05831126,-0.02200729,0.92781517,-0.00617245,80.0,-7.0,0.0,80.0,1.3962634,0.0,0.0,0.0,80.0,-7.0,0.0,80.0,1.3962634,0.0,0.0,0.0,-15.23639451,-1.15223997,-0.9363835,5.10998458,-0.00842821,-28.65125292,0.0,28.32418823,-0.16422257,0.50945013,4.65886636,-4.64698926,-1.90813714,33.26993705,0.0,-33.78933788,-5.3984978
1760625405.445,10.97957283,-1.23086583,2.05361893,-0.02195309,0.92838157,-0.0062948,80.0,-7.0,0.0,80.0,1.3962634,0.0,0.0,0.0,80.0,-7.0,0.0,80.0,1.3962634,0.0,0.0,0.0,-15.23904043,-1.15106785,-0.93837924,5.1324917,0.02631816,-28.63310882,0.0,28.3481625,-0.15873339,0.49851225,4.66115303,-4.61720982,-1.90378923,33.29463137,0.0,-33.78085471,-5.43467307
1760625405.479,11.1427313,-1.35943695,2.01739604,-0.02205593,0.92880197,-0.00617596,80.0,-7.0,0.0,80.0,1.3962634,0.0,0.0,0.0,80.0,-7.0,0.0,80.0,1.3962634,0.0,0.0,0.0,-15.46702336,-1.04685534,-0.94269782,5.19984804,0.05256278,-28.63026474,0.0,28.40976935,-0.16904421,0.5198088,4.7402008,-4.59802001,-2.00739579,33.47801947,0.0,-33.89361679,-5.49082922
1760625405.512,11.1466666,-1.3534074,2.0246922,-0.02217855,0.92927328,-0.00613993,80.0,-7.0,0.0,80.0,1.3962634,0.0,0.0,0.0,80.0,-7.0,0.0,80.0,1.3962634,0.0,0.0,0.0,-15.47032101,-1.04424328,-0.93550821,5.1832957,0.08468269,-28.62941541,0.0,28.41364059,-0.19352442,0.50686189,4.75547,-4.54828763,-2.01203932,33.49863807,0.0,-33.87925869,-5.51707521
1760625405.546,11.14152483,-1.35104505,2.02872745,-0.02214376,0.92955798,-0.0061324,80.0,-7.0,0.0,80.0,1.3962634,0.0,0.0,0.0,80.0,-7.0,0.0,80.0,1.3962634,0.0,0.0,0.0,-15.47899554,-1.04419968,-0.93243975,5.16309284,0.10231203,-28.62836407,0.0,28.41700791,-0.19051349,0.50347663,4.76958925,-4.50628497,-2.01627401,33.51288686,0.0,-33.86380579,-5.53444228
1760625405.579,11.13296278,-1.34306904,2.03512345,-0.02188787,0.92942444,-0.00611952,80.0,-7.0,0.0,80.0,1.3962634,0.0,0.0,0.0,80.0,-7.0,0.0,80.0,1.3962634,0.0,0.0,0.0,-15.4921586,-1.04325563,-0.92812562,5.14179267,0.12114484,-28.61714135,0.0,28.43130089,-0.18847331,0.49080095,4.77441094,-4.45189248,-2.00233535,33.53728739,0.0,-33.85079117,-5.52082937
1760625405.612,11.12380927,-1.2979452,2.05361557,-0.02102223,0.92882713,-0.00608206,80.0,-7.0,0.0,80.0,1.3962634,0.0,0.0,0.0,80.0,-7.0,0.0,80.0,1.3962634,0.0,0.0,0.0,-15.47635208,-1.04849141,-0.92675233,5.09247877,0.10727598,-28.62605234,0.0,28.43216021,-0.17761021,0.46524932,4.75049975,-4.3780193,-1.97982541,33.56342486,0.0,-33.83773152,-5.5056009
1760625405.646,11.10798088,-1.30473927,2.04997417,-0.02044049,0.92861098,-0.00581403,80.0,-7.0,0.0,80.0,1.3962634,0.0,0.0,0.0,80.0,-7.0,0.0,80.0,1.3962634,0.0,0.0,0.0,-15.48886966,-1.05706834,-0.93512701,5.0846964,0.12597046,-28.627961,0.0,28.43142091,-0.18017516,0.47599252,4.75286362,-4.34480003,-1.97555124,33.57036004,0.0,-33.83515473,-5.49568868
1760625405.679,11.07940962,-1.29007023,2.05484489,-0.02093619,0.92847369,-0.00553339,80.0,-7.0,0.0,80.0,1.3962634,0.0,0.0,0.0,80.0,-7.0,0.0,80.0,1.3962634,0.0,0.0,0.0,-15.50362094,-1.07062566,-0.94028184,5.05085205,0.15814011,-28.60759358,0.0,28.4553397,-0.16093322,0.46554393,4.75312101,-4.27121821,-1.95078686,33.59231643,0.0,-33.81436858,-5.51924823
1760625405.713,11.06919143,-1.28963389,2.06374711,-0.02124877,0.92820105,-0.00537296,80.0,-7.0,0.0,80.0,1.3962634,0.0,0.0,0.0,80.0,-7.0,0.0,80.0,1.3962634,0.0,0.0,0.0,-15.51363685,-1.07818569,-0.93439555,5.02735476,0.16993008,-28.5881038,0.0,28.47519257,-0.17074954,0.46936323,4.76024473,-4.24946083,-1.93720447,33.60678057,0.0,-33.80357585,-5.50582929
1760625405.746,11.04702782,-1.26791665,2.06818313,-0.02128586,0.92839735,-0.00549277,80.0,-7.0,0.0,80.0,1.3962634,0.0,0.0,0.0,80.0,-7.0,0.0,80.0,1.3962634,0.0,0.0,0.0,-15.51681041,-1.08952079,-0.93607525,4.99504278,0.19190437,-28.58201014,0.0,28.48459038,-0.14050937,0.44763928,4.7727953,-4.21635209,-1.93504225,33.61400184,0.0,-33.79765052,-5.51126306
1760625405.78,10.8532176,-1.01204829,2.07609935,-0.02124839,0.92813533,-0.00540575,80.0,-7.0,0.0,80.0,1.3962634,0.0,0.0,0.0,80.0,-7.0,0.0,80.0,1.3962634,0.0,0.0,0.0,-15.34962992,-1.37171411,-1.04434153,4.96438467,0.24707491,-28.58690554,0.0,28.53427218,-0.1506419,0.43529547,4.78401566,-4.22766963,-1.91003941,33.37117476,0.0,-33.55241637,-5.4815219
1760625405.813,10.80428113,-1.01086947,2.05621767,-0.02096155,0.92781421,-0.00526786,80.0,-7.0,0.0,80.0,1.3962634,0.0,0.0,0.0,80.0,-7.0,0.0,80.0,1.3962634,0.0,0.0,0.0,-15.25973077,-1.43664459,-1.11038701,4.88526042,0.31289987,-28.53939074,0.0,28.62040605,-0.12913872,0.43536706,4.71984233,-4.26546654,-1.99055429,33.29874375,0.0,-33.43767598,-5.47774912
1760625405.847,10.80931497,-1.0035698,2.05263014,-0.02158029,0.92817392,-0.00498605,80.0,-7.0,0.0,80.0,1.3962634,0.0,0.0,0.0,80.0,-7.0,0.0,80.0,1.3962634,0.0,0.0,0.0,-15.25594412,-1.44418751,-1.120017,4.86306312,0.32408097,-28.5308412,0.0,28.63053427,-0.10070016,0.42216875,4.72285769,-4.2332745,-2.00619581,33.29806388,0.0,-33.43748964,-5.49531766
1760625405.88,10.81867838,-0.95714972,1.95929478,-0.02178949,0.92834642,-0.00455894,80.0,-7.0,0.0,80.0,1.3962634,0.0,0.0,0.0,80.0,-7.0,0.0,80.0,1.3962634,0.0,0.0,0.0,-15.2781787,-1.51698334,-1.24065687,4.9135821,0.32443053,-28.4503168,0.0,28.72222378,-0.11490509,0.41483445,4.72843244,-4.22633951,-2.24705499,33.37812958,0.0,-33.50495427,-5.52458838
1760625405.914,10.83230258,-0.95458804,1.97242524,-0.02184652,0.92831784,-0.00417719,80.0,-7.0,0.0,80.0,1.3962634,0.0,0.0,0.0,80.0,-7.0,0.0,80.0,1.3962634,0.0,0.0,0.0,-15.27396913,-1.54067875,-1.238811,4.89707829,0.33543202,-28.44853284,0.0,28.72479197,-0.10300634,0.4159817,4.72297408,-4.21779469,-2.26667481,33.35865145,0.0,-33.4997182,-5.55862928
1760625405.947,10.81820434,-0.79714618,1.98563245,-0.02117258,0.92793174,-0.00410962,80.0,-7.0,0.0,80.0,1.3962634,0.0,0.0,0.0,80.0,-7.0,0.0,80.0,1.3962634,0.0,0.0,0.0,-15.21309356,-1.69859814,-1.33152431,4.85261489,0.33987043,-28.43008912,0.0,28.76083343,-0.08465965,0.40400601,4.69073511,-4.22511488,-2.28405369,33.10025288,0.0,-33.2708454,-5.51787748
1760625406.014,10.76665557,-0.82147493,2.00438392,-0.02105779,0.92728962,-0.00418386,80.0,-7.0,0.0,80.0,1.3962634,0.0,0.0,0.0,80.0,-7.0,0.0,80.0,1.3962634,0.0,0.0,0.0,-15.22106651,-1.69575112,-1.31984766,4.94687125,0.36140821,-28.46169648,0.0,28.72443761,-0.10887765,0.41295778,4.83604987,-4.19476809,-2.34886714,33.19226349,0.0,-33.37767722,-5.66234453
1760625406.047,10.67961381,-0.88902735,2.06769139,-0.02071068,0.92633847,-0.0056429,80.0,-7.0,0.0,80.0,1.3962634,0.0,0.0,0.0,80.0,-7.0,0.0,80.0,1.3962634,0.0,0.0,0.0,-15.22721873,-1.58124622,-1.26759583,5.04677676,0.33417513,-28.4954278,0.0,28.69676635,-0.07612519,0.41393623,4.98368568,-4.14236716,-2.25709206,33.03593135,0.0,-33.17857348,-5.64000037
1760625406.081,10.64082002,-0.96685694,2.07034588,-0.02053602,0.9261236,-0.00613039,80.0,-7.0,0.0,80.0,1.3962634,0.0,0.0,0.0,80.0,-7.0,0.0,80.0,1.3962634,0.0,0.0,0.0,-15.2073514,-1.443592,-1.32070008,5.07653029,0.29347622,-28.4631703,0.0,28.75744367,-0.07249157,0.41506945,5.03043676,-4.09560483,-2.21389411,32.71766802,0.0,-32.79600602,-5.58293968
1760625406.114,10.64365207,-0.96728142,2.0732273,-0.02027374,0.92598366,-0.0059091,80.0,-7.0,0.0,80.0,1.3962634,0.0,0.0,0.0,80.0,-7.0,0.0,80.0,1.3962634,0.0,0.0,0.0,-15.1997876,-1.44789014,-1.32469568,5.08213283,0.29966979,-28.46343157,0.0,28.75875518,-0.06085278,0.40773863,5.01176439,-4.10040306,-2.20192283,32.7271264,0.0,-32.76721514,-5.5741603
1760625406.148,10.64620674,-0.96952853,2.08014528,-0.02018418,0.92583961,-0.00605231,80.0,-7.0,0.0,80.0,1.3962634,0.0,0.0,0.0,80.0,-7.0,0.0,80.0,1.3962634,0.0,0.0,0.0,-15.1951508,-1.45394125,-1.32002102,5.09130269,0.30939348,-28.46343281,0.0,28.76030014,-0.04806258,0.41295172,4.9986306,-4.09326595,-2.20935402,32.72367619,0.0,-32.76850904,-5.5688166
1760625406.181,10.45965445,-0.7759342,2.07953791,-0.01949855,0.92571386,-0.00584768,80.0,-7.0,0.0,80.0,1.3962634,0.0,0.0,0.0,80.0,-7.0,0.0,80.0,1.3962634,0.0,0.0,0.0,-14.91820634,-1.67234359,-1.66009742,4.9687357,0.36302354,-28.3286069,0.0,28.99592024,-0.04495974,0.40117623,4.82065478,-4.12426457,-2.45034528,32.6317279,0.0,-32.648573,-5.54744788
1760625406.215,10.45807621,-0.76800065,2.0848611,-0.01998015,0.92618545,-0.00473093,80.0,-7.0,0.0,80.0,1.3962634,0.0,0.0,0.0,80.0,-7.0,0.0,80.0,1.3962634,0.0,0.0,0.0,-14.93258029,-1.67692091,-1.66623274,4.95705328,0.37404549,-28.30393907,0.0,29.02121982,-0.04555385,0.40246678,4.79252998,-4.14239651,-2.42273925,32.65699346,0.0,-32.65160331,-5.50747218
1760625406.248,10.68457911,-0.59280914,2.11206507,-0.02007924,0.92689227,-0.00340805,80.0,-7.0,0.0,80.0,1.3962634,0.0,0.0,0.0,80.0,-7.0,0.0,80.0,1.3962634,0.0,0.0,0.0,-15.06972046,-1.92155386,-1.7741203,4.80344004,0.48407588,-28.23938524,0.0,29.05628719,-0.04133523,0.38393119,4.64734069,-4.22774163,-2.4866901,32.87488509,0.0,-32.86171445,-5.53847454
1760625406.281,10.66518494,-0.581325,2.13217738,-0.02044149,0.92700307,-0.00313035,80.0,-7.0,0.0,80.0,1.3962634,0.0,0.0,0.0,80.0,-7.0,0.0,80.0,1.3962634,0.0,0.0,0.0,-15.10227021,-1.91714715,-1.75245311,4.7454085,0.49884596,-28.14797761,0.0,29.14370914,-0.05375032,0.36315154,4.6722571,-4.23248513,-2.42560826,32.8778,0.0,-32.89091785,-5.51064752
1760625406.315,10.69182011,-0.64781506,2.13130564,-0.02062463,0.92662086,-0.00352961,80.0,-7.0,0.0,80.0,1.3962634,0.0,0.0,0.0,80.0,-7.0,0.0,80.0,1.3962634,0.0,0.0,0.0,-15.24510734,-1.8536268,-1.73178878,4.77919007,0.52638978,-28.08468254,0.0,29.16651743,-0.05146018,0.36293929,4.75551635,-4.24428405,-2.43887754,33.18064644,0.0,-33.15905447,-5.54995524
1760625406.348,10.679498,-0.64466853,2.16006451,-0.02079496,0.92602522,-0.0041269,80.0,-7.0,0.0,80.0,1.3962634,0.0,0.0,0.0,80.0,-7.0,0.0,80.0,1.3962634,0.0,0.0,0.0,-15.26399813,-1.85322345,-1.69856983,4.74369176,0.53157858,-28.06279764,0.0,29.18695324,-0.06540835,0.3610418,4.76727227,-4.24134392,-2.44608051,33.18778084,0.0,-33.15462943,-5.54679197
1760625406.382,10.73222562,-0.86232585,2.24650605,-0.01983637,0.92570907,-0.00478096,80.0,-7.0,0.0,80.0,1.3962634,0.0,0.0,0.0,80.0,-7.0,0.0,80.0,1.3962634,0.0,0.0,0.0,-15.22961137,-1.56599232,-1.53007625,4.56164674,0.49118885,-28.05724525,0.0,29.1303478,-0.03551301,0.33491481,4.67771738,-4.16360102,-2.42162481,33.3233996,0.0,-33.31222468,-5.56414823
1760625406.449,10.68187011,-0.91588262,2.21863862,-0.0197274,0.92583982,-0.00475211,80.0,-7.0,0.0,80.0,1.3962634,0.0,0.0,0.0,80.0,-7.0,0.0,80.0,1.3962634,0.0,0.0,0.0,-15.16986054,-1.49915786,-1.5452198,4.51657656,0.4856957,-28.06941921,0.0,29.09843892,-0.04361937,0.32308823,4.56264248,-4.16587037,-2.70436263,33.60957994,0.0,-33.61714036,-5.5592996
1760625406.482,10.68082423,-0.91560483,2.22879411,-0.02080658,0.92603192,-0.00479493,80.0,-7.0,0.0,80.0,1.3962634,0.0,0.0,0.0,80.0,-7.0,0.0,80.0,1.3962634,0.0,0.0,0.0,-15.17704597,-1.49406876,-1.5312579,4.53274804,0.48769441,-28.0722976,0.0,29.09520681,-0.03538349,0.32462394,4.52120183,-4.1712031,-2.71591321,33.61821242,0.0,-33.62212186,-5.54835032
1760625406.516,10.70783105,-1.02640762,2.17490342,-0.02127693,0.92614956,-0.00471164,80.0,-7.0,0.0,80.0,1.3962634,0.0,0.0,0.0,80.0,-7.0,0.0,80.0,1.3962634,0.0,0.0,0.0,-15.21155769,-1.43543306,-1.53850325,4.57267425,0.52037529,-28.07167614,0.0,29.09490812,-0.01259526,0.3366742,4.48138457,-4.21638057,-2.86924415,33.80175731,0.0,-33.80881705,-5.5654926
1760625406.549,10.69658517,-1.20142685,2.18489938,-0.02067326,0.92574722,-0.00570654,80.0,-7.0,0.0,80.0,1.3962634,0.0,0.0,0.0,80.0,-7.0,0.0,80.0,1.3962634,0.0,0.0,0.0,-15.10258373,-1.23349146,-1.51082319,4.51581118,0.47372745,-28.11528729,0.0,29.06085099,-0.01000605,0.34906763,4.34219227,-4.16303053,-2.92515831,33.98733124,0.0,-34.01574763,-5.60488899
1760625406.583,10.49773133,-1.34208588,2.26564901,-0.02004615,0.92506372,-0.0064879,80.0,-7.0,0.0,80.0,1.3962634,0.0,0.0,0.0,80.0,-7.0,0.0,80.0,1.3962634,0.0,0.0,0.0,-14.84948471,-1.05714473,-1.44715694,4.48110903,0.42322474,-28.23237095,0.0,28.99974712,0.00329431,0.36173182,4.27933815,-4.10486431,-2.83350118,33.8868405,0.0,-33.91801257,-5.59290323
1760625406.616,10.49925802,-1.34359628,2.2695038,-0.02014041,0.92495851,-0.006738,80.0,-7.0,0.0,80.0,1.3962634,0.0,0.0,0.0,80.0,-7.0,0.0,80.0,1.3962634,0.0,0.0,0.0,-14.84060644,-1.05503614,-1.44520481,4.48571324,0.40601441,-28.26143567,0.0,28.97373475,0.02486065,0.36775158,4.25735551,-4.08829477,-2.85153446,33.89603303,0.0,-33.88794008,-5.59077433
1760625406.649,10.44519357,-1.32439082,2.3345004,-0.01951533,0.9247563,-0.00765414,80.0,-7.0,0.0,80.0,1.3962634,0.0,0.0,0.0,80.0,-7.0,0.0,80.0,1.3962634,0.0,0.0,0.0,-14.74829205,-0.97436134,-1.39773954,4.42389961,0.28399289,-28.34181935,0.0,28.91727389,0.02862777,0.38000851,4.23232298,-3.95766092,-2.73868287,33.73214011,0.0,-33.71249856,-5.59744702
1760625406.683,10.25339486,-1.3953474,2.35203405,-0.01974051,0.92441508,-0.00738775,80.0,-7.0,0.0,80.0,1.3962634,0.0,0.0,0.0,80.0,-7.0,0.0,80.0,1.3962634,0.0,0.0,0.0,-14.67007529,-0.93108044,-1.39423335,4.51613065,0.29672686,-28.37019036,0.0,28.93733239,0.02985181,0.37154224,4.37080162,-3.96470872,-2.67374805,33.59234227,0.0,-33.56705147,-5.58347057
1760625406.716,10.15574784,-1.35490799,2.4164155,-0.01863754,0.92407774,-0.00800786,80.0,-7.0,0.0,80.0,1.3962634,0.0,0.0,0.0,80.0,-7.0,0.0,80.0,1.3962634,0.0,0.0,0.0,-14.54486809,-0.87781198,-1.36280133,4.46989504,0.18644769,-28.44771139,0.0,28.89795195,0.05113092,0.3806267,4.37013723,-3.86601752,-2.54930841,33.4586575,0.0,-33.41122385,-5.55582821
1760625406.75,9.81444211,-1.40177662,2.44420458,-0.01825917,0.92360026,-0.00802602,80.0,-7.0,0.0,80.0,1.3962634,0.0,0.0,0.0,80.0,-7.0,0.0,80.0,1.3962634,0.0,0.0,0.0,-14.16353198,-0.81785071,-1.44744043,4.42708723,0.14309654,-28.50314794,0.0,29.01411909,0.07565801,0.37600254,4.36823964,-3.82035162,-2.52640374,33.20481211,0.0,-33.15033552,-5.54399873
1760625406.783,9.8219668,-1.40490326,2.42405106,-0.01856201,0.92393746,-0.00745527,80.0,-7.0,0.0,80.0,1.3962634,0.0,0.0,0.0,80.0,-7.0,0.0,80.0,1.3962634,0.0,0.0,0.0,-14.15624808,-0.81806005,-1.47190817,4.42698203,0.13501568,-28.50576311,0.0,29.01212015,0.07187945,0.3743624,4.36858301,-3.82259665,-2.50006055,33.21180953,0.0,-33.14151014,-5.5489238
1760625406.817,9.85406764,-1.37468222,2.46148791,-0.0186524,0.9242202,-0.00718758,80.0,-7.0,0.0,80.0,1.3962634,0.0,0.0,0.0,80.0,-7.0,0.0,80.0,1.3962634,0.0,0.0,0.0,-14.17244718,-0.87170058,-1.47166339,4.41996261,0.13633059,-28.5482914,0.0,29.00166646,0.07310911,0.37759075,4.37393902,-3.84084217,-2.3427135,33.11395324,0.0,-33.01568371,-5.52969075
1760625406.85,9.86925861,-1.38248554,2.43477753,-0.01906552,0.92451731,-0.00691047,80.0,-7.0,0.0,80.0,1.3962634,0.0,0.0,0.0,80.0,-7.0,0.0,80.0,1.3962634,0.0,0.0,0.0,-14.17209852,-0.8785242,-1.50355914,4.43500761,0.11822299,-28.54749192,0.0,29.00548739,0.08023449,0.38900451,4.36282945,-3.84649735,-2.2851585,33.10949263,0.0,-32.98985741,-5.51847869
1760625406.883,9.89416416,-1.40608814,2.50905877,-0.01883945,0.92467837,-0.0071933,80.0,-7.0,0.0,80.0,1.3962634,0.0,0.0,0.0,80.0,-7.0,0.0,80.0,1.3962634,0.0,0.0,0.0,-14.26054683,-0.8892121,-1.44212202,4.50972098,0.15116722,-28.6535829,0.0,28.92667577,0.08086431,0.38663505,4.44982017,-3.87244245,-2.08340828,32.97569386,0.0,-32.85684704,-5.48734615
1760625406.917,9.89873821,-1.41644382,2.49769049,-0.01912098,0.92476985,-0.00764652,80.0,-7.0,0.0,80.0,1.3962634,0.0,0.0,0.0,80.0,-7.0,0.0,80.0,1.3962634,0.0,0.0,0.0,-14.26122313,-0.89401529,-1.45278103,4.50236355,0.15296972,-28.66067183,0.0,28.92019091,0.07226484,0.38965189,4.45632354,-3.86824012,-2.08139087,32.9823199,0.0,-32.85436701,-5.4793173
1760625406.95,10.25172084,-1.59011937,2.5535663,-0.01931708,0.92525369,-0.00810581,80.0,-7.0,0.0,80.0,1.3962634,0.0,0.0,0.0,80.0,-7.0,0.0,80.0,1.3962634,0.0,0.0,0.0,-14.58571448,-0.71766179,-1.39016077,4.48920875,0.15000639,-28.7501883,0.0,28.90670282,0.0670482,0.40163541,4.44909308,-3.86513185,-2.05282541,33.27293738,0.0,-33.15005986,-5.53899797
1760625406.984,10.25629645,-1.59162708,2.55143407,-0.0193635,0.92499372,-0.00861423,80.0,-7.0,0.0,80.0,1.3962634,0.0,0.0,0.0,80.0,-7.0,0.0,80.0,1.3962634,0.0,0.0,0.0,-14.59397665,-0.71404287,-1.39097752,4.4805026,0.13796777,-28.74254172,0.0,28.91659502,0.04413737,0.41014838,4.44856894,-3.86267048,-2.0296866,33.26722083,0.0,-33.16528521,-5.53660051
1760625407.017,10.35433017,-1.64702996,2.60058382,-0.01944416,0.92514304,-0.00883998,80.0,-7.0,0.0,80.0,1.3962634,0.0,0.0,0.0,80.0,-7.0,0.0,80.0,1.3962634,0.0,0.0,0.0,-14.71442959,-0.64946142,-1.36204629,4.54667611,0.09629968,-28.81521778,0.0,28.90453644,0.03707728,0.41845036,4.45586719,-3.86969231,-1.98588593,33.53578616,0.0,-33.41805658,-5.59558851
1760625407.051,10.39183741,-1.63500478,2.59131264,-0.01933664,0.92498147,-0.00922491,80.0,-7.0,0.0,80.0,1.3962634,0.0,0.0,0.0,80.0,-7.0,0.0,80.0,1.3962634,0.0,0.0,0.0,-14.70488019,-0.63141651,-1.38274436,4.62301442,-0.02601971,-28.8713826,0.0,28.86389178,0.08695685,0.42777919,4.42497903,-3.86488935,-2.05938447,33.59512308,0.0,-33.52805905,-5.61699835
1760625407.084,10.41150466,-1.65149646,2.57938479,-0.01917015,0.92513291,-0.00927437,80.0,-7.0,0.0,80.0,1.3962634,0.0,0.0,0.0,80.0,-7.0,0.0,80.0,1.3962634,0.0,0.0,0.0,-14.69063107,-0.64118739,-1.40428802,4.68380654,-0.07865887,-28.94766955,0.0,28.7890971,0.0741073,0.43662766,4.39248754,-3.90032427,-2.11003994,33.59843819,0.0,-33.55509339,-5.64250395
1760625407.118,10.47290408,-1.62781354,2.65002919,-0.01922498,0.925065,-0.00901263,80.0,-7.0,0.0,80.0,1.3962634,0.0,0.0,0.0,80.0,-7.0,0.0,80.0,1.3962634,0.0,0.0,0.0,-14.71799671,-0.68553956,-1.45088563,4.70880323,-0.10562828,-29.03084467,0.0,28.71140354,0.05952821,0.42061075,4.36049256,-3.96787134,-2.14119946,33.9868179,0.0,-33.95644489,-5.71814563
1760625407.151,10.44266595,-1.58817025,2.6498617,-0.01929222,0.92497137,-0.00883677,80.0,-7.0,0.0,80.0,1.3962634,0.0,0.0,0.0,80.0,-7.0,0.0,80.0,1.3962634,0.0,0.0,0.0,-14.73959331,-0.71728971,-1.47110352,4.80944334,-0.19470728,-28.99014766,0.0,28.74965332,0.08727043,0.40935113,4.45362775,-3.99514545,-2.21060958,34.06700002,0.0,-34.08880431,-5.772506
1760625407.185,10.45526764,-1.58464361,2.66815232,-0.01937369,0.92481581,-0.00875518,80.0,-7.0,0.0,80.0,1.3962634,0.0,0.0,0.0,80.0,-7.0,0.0,80.0,1.3962634,0.0,0.0,0.0,-14.72863209,-0.72111443,-1.45378264,4.80275771,-0.2273826,-28.98092565,0.0,28.75712923,0.08319736,0.3944419,4.47392501,-4.02939127,-2.22162438,34.06345461,0.0,-34.09625743,-5.79084557
1760625407.218,10.40993974,-1.56748364,2.65115579,-0.01965493,0.92481,-0.00879055,80.0,-7.0,0.0,80.0,1.3962634,0.0,0.0,0.0,80.0,-7.0,0.0,80.0,1.3962634,0.0,0.0,0.0,-14.78182044,-0.76504065,-1.47428954,4.9027237,-0.24765105,-28.95900315,0.0,28.7805907,0.06905845,0.42209421,4.61815244,-4.09089643,-2.30398389,34.21840179,0.0,-34.25398409,-5.816855
1760625407.252,10.43086142,-1.56337598,2.67168707,-0.01980052,0.92448202,-0.00902011,80.0,-7.0,0.0,80.0,1.3962634,0.0,0.0,0.0,80.0,-7.0,0.0,80.0,1.3962634,0.0,0.0,0.0,-14.77286286,-0.77031216,-1.45272892,4.88437778,-0.284636,-28.96267466,0.0,28.7746376,0.08701472,0.42116155,4.64928959,-4.12360145,-2.31169777,34.21563708,0.0,-34.25649557,-5.85098525
1760625407.285,10.44796948,-1.5572408,2.68799122,-0.01992425,0.92432574,-0.00917839,80.0,-7.0,0.0,80.0,1.3962634,0.0,0.0,0.0,80.0,-7.0,0.0,80.0,1.3962634,0.0,0.0,0.0,-14.76359899,-0.77037707,-1.43384631,4.87483417,-0.30806459,-28.98090733,0.0,28.7548271,0.07578993,0.42176489,4.67697772,-4.13518379,-2.33364069,34.20637261,0.0,-34.26584606,-5.87223559
1760625407.318,10.45806398,-1.54408988,2.71508502,-0.01963444,0.92428311,-0.00901858,80.0,-7.0,0.0,80.0,1.3962634,0.0,0.0,0.0,80.0,-7.0,0.0,80.0,1.3962634,0.0,0.0,0.0,-14.75608451,-0.76755094,-1.40290106,4.85484016,-0.35075937,-29.01255173,0.0,28.72164418,0.06109393,0.46641007,4.70812144,-4.15681344,-2.3274628,34.19319827,0.0,-34.26157101,-5.85207545
1760625407.352,10.47544225,-1.5141712,2.80533047,-0.01989779,0.92434883,-0.00917396,80.0,-7.0,0.0,80.0,1.3962634,0.0,0.0,0.0,80.0,-7.0,0.0,80.0,1.3962634,0.0,0.0,0.0,-14.7876537,-0.7421214,-1.26623003,4.86764381,-0.3946169,-29.12224448,0.0,28.61094659,0.0769043,0.45063158,4.78967328,-4.13164852,-2.1208905,34.18700792,0.0,-34.25016277,-5.90355017
1760625407.385,10.47312108,-1.56257862,2.83681089,-0.02015777,0.92440847,-0.0091468,80.0,-7.0,0.0,80.0,1.3962634,0.0,0.0,0.0,80.0,-7.0,0.0,80.0,1.3962634,0.0,0.0,0.0,-14.8490263,-0.72289343,-1.15663679,4.94008854,-0.38010489,-29.195404,0.0,28.55089786,0.09054872,0.45580137,4.91311989,-4.21261393,-2.02882957,34.18547514,0.0,-34.26713613,-5.90941242
1760625407.419,10.41907245,-1.57009933,2.89644706,-0.01896286,0.92487677,-0.00961349,80.0,-7.0,0.0,80.0,1.3962634,0.0,0.0,0.0,80.0,-7.0,0.0,80.0,1.3962634,0.0,0.0,0.0,-14.79098513,-0.66757109,-1.03847229,4.93375094,-0.4467634,-29.27524549,0.0,28.48592774,0.09702857,0.46671106,4.97320546,-4.2088448,-1.8803959,34.09539412,0.0,-34.19790919,-5.9461013
1760625407.452,10.3560876,-1.61013749,2.93236986,-0.01820216,0.92518009,-0.00956401,80.0,-7.0,0.0,80.0,1.3962634,0.0,0.0,0.0,80.0,-7.0,0.0,80.0,1.3962634,0.0,0.0,0.0,-14.66211337,-0.65030395,-0.96514994,4.87091596,-0.44109662,-29.36232485,0.0,28.42101593,0.08492374,0.47287836,4.9516232,-4.26932195,-1.77660208,34.03425982,0.0,-34.1372838,-5.9739219
1760625407.486,10.21248301,-1.62164228,2.94368534,-0.01811624,0.9255306,-0.00924183,80.0,-7.0,0.0,80.0,1.3962634,0.0,0.0,0.0,80.0,-7.0,0.0,80.0,1.3962634,0.0,0.0,0.0,-14.44214271,-0.63687899,-0.84997562,4.77213945,-0.45747348,-29.43915834,0.0,28.38792089,0.08259482,0.46895963,4.92241845,-4.29169081,-1.71351095,34.40674215,0.0,-34.49624937,-6.06815308
1760625407.519,10.24639602,-1.61726621,2.96357613,-0.01805992,0.92575639,-0.00894472,80.0,-7.0,0.0,80.0,1.3962634,0.0,0.0,0.0,80.0,-7.0,0.0,80.0,1.3962634,0.0,0.0,0.0,-14.372492,-0.67728243,-0.8117585,4.65090954,-0.4472829,-29.49063942,0.0,28.34535926,0.09902131,0.45958099,4.88984049,-4.35657789,-1.68209766,34.33259108,0.0,-34.44924244,-6.10598212
1760625407.552,10.244706,-1.60922326,3.00178172,-0.01791371,0.92577499,-0.0088919,80.0,-7.0,0.0,80.0,1.3962634,0.0,0.0,0.0,80.0,-7.0,0.0,80.0,1.3962634,0.0,0.0,0.0,-14.30103441,-0.72157025,-0.75110496,4.55837072,-0.41653308,-29.56268452,0.0,28.28373213,0.08563834,0.4620894,4.86997094,-4.41517714,-1.60330771,34.25457539,0.0,-34.37950328,-6.108696
1760625407.586,10.24864222,-1.59819905,3.04329608,-0.01782437,0.92579199,-0.00899007,80.0,-7.0,0.0,80.0,1.3962634,0.0,0.0,0.0,80.0,-7.0,0.0,80.0,1.3962634,0.0,0.0,0.0,-14.22496256,-0.74642801,-0.68842169,4.47658919,-0.3990464,-29.66147767,0.0,28.1912966,0.08387332,0.4617079,4.85236385,-4.43277952,-1.54422474,34.188497,0.0,-34.33061564,-6.11673482
1760625407.653,10.19427832,-1.57990259,3.00975712,-0.01849069,0.92634236,-0.00905401,80.0,-7.0,0.0,80.0,1.3962634,0.0,0.0,0.0,80.0,-7.0,0.0,80.0,1.3962634,0.0,0.0,0.0,-14.2230042,-0.80458951,-0.61757107,4.50268557,-0.38768952,-29.69169428,0.0,28.17868552,0.07973374,0.46046818,5.12053953,-4.37470929,-1.59346537,33.66021679,0.0,-33.91960058,-6.15316057
1760625407.686,10.18933803,-1.56892807,3.02400029,-0.01791839,0.92686317,-0.00900874,80.0,-7.0,0.0,80.0,1.3962634,0.0,0.0,0.0,80.0,-7.0,0.0,80.0,1.3962634,0.0,0.0,0.0,-14.16934226,-0.82898207,-0.6033446,4.441198,-0.37715042,-29.71722967,0.0,28.16698547,0.06659438,0.45738871,5.18523667,-4.32517854,-1.48265189,33.16640648,0.0,-33.48182164,-6.07961705
1760625407.72,9.96253219,-1.56419037,2.92781858,-0.01730384,0.92671624,-0.00916743,80.0,-7.0,0.0,80.0,1.3962634,0.0,0.0,0.0,80.0,-7.0,0.0,80.0,1.3962634,0.0,0.0,0.0,-13.97379819,-0.82059257,-0.72419893,4.48235014,-0.44095073,-29.64274398,0.0,28.31025967,0.08031931,0.47349956,5.31721556,-4.16709416,-1.60141924,32.32661354,0.0,-32.59000219,-5.92893533
1760625407.753,9.75284336,-1.57323852,2.94920102,-0.01663861,0.92660091,-0.00927583,80.0,-7.0,0.0,80.0,1.3962634,0.0,0.0,0.0,80.0,-7.0,0.0,80.0,1.3962634,0.0,0.0,0.0,-13.69874485,-0.79490498,-0.81670333,4.45018388,-0.50912127,-29.6587646,0.0,28.39144181,0.1029376,0.47170826,5.30197258,-4.04665708,-1.61648899,32.06863099,0.0,-32.2432669,-5.86202124
1760625407.787,9.72398957,-1.56405296,2.9072946,-0.01699823,0.92644253,-0.00927565,80.0,-7.0,0.0,80.0,1.3962634,0.0,0.0,0.0,80.0,-7.0,0.0,80.0,1.3962634,0.0,0.0,0.0,-13.66698009,-0.80297559,-0.88810611,4.49243637,-0.57370264,-29.6290714,0.0,28.45241945,0.11144458,0.46500198,5.31804817,-3.93731246,-1.65022273,32.12496042,0.0,-32.21223301,-5.88887746
1760625407.82,9.74386844,-1.59774681,2.8777402,-0.017165,0.92632525,-0.00900586,80.0,-7.0,0.0,80.0,1.3962634,0.0,0.0,0.0,80.0,-7.0,0.0,80.0,1.3962634,0.0,0.0,0.0,-13.64774855,-0.83604967,-0.93240119,4.52586755,-0.60044598,-29.59519072,0.0,28.49038195,0.13575542,0.46733032,5.30026033,-3.91662906,-1.57955301,32.13203945,0.0,-32.18176629,-5.92430821
1760625407.854,9.74888205,-1.61342318,2.85426591,-0.01692684,0.9263279,-0.00845202,80.0,-7.0,0.0,80.0,1.3962634,0.0,0.0,0.0,80.0,-7.0,0.0,80.0,1.3962634,0.0,0.0,0.0,-13.63540958,-0.86501127,-0.97118828,4.56320109,-0.62624011,-29.57503729,0.0,28.51505679,0.14722449,0.47440413,5.29018176,-3.92727568,-1.54799329,32.13885238,0.0,-32.17056702,-5.93493048
1760625407.887,9.76882687,-1.547567,2.80105445,-0.01749462,0.92672144,-0.00750354,80.0,-7.0,0.0,80.0,1.3962634,0.0,0.0,0.0,80.0,-7.0,0.0,80.0,1.3962634,0.0,0.0,0.0,-13.66901707,-1.04545748,-1.11745373,4.62878096,-0.55924591,-29.51534674,0.0,28.61236135,0.14771506,0.45154072,5.30154654,-4.03339962,-1.66783536,32.1848169,0.0,-32.2446539,-5.95420341
1760625407.921,9.78018694,-1.55191071,2.79673137,-0.01757276,0.92689707,-0.0072911,80.0,-7.0,0.0,80.0,1.3962634,0.0,0.0,0.0,80.0,-7.0,0.0,80.0,1.3962634,0.0,0.0,0.0,-13.67225652,-1.07409976,-1.13706326,4.65540307,-0.58840573,-29.49724403,0.0,28.63263655,0.14015715,0.46441097,5.2914585,-4.04794381,-1.65976026,32.20972054,0.0,-32.25516795,-5.99076785
1760625407.954,9.94277112,-1.39570944,2.82365547,-0.01814251,0.92656444,-0.00715334,80.0,-7.0,0.0,80.0,1.3962634,0.0,0.0,0.0,80.0,-7.0,0.0,80.0,1.3962634,0.0,0.0,0.0,-13.90774105,-1.30064065,-1.26565255,4.72463157,-0.5006678,-29.4859854,0.0,28.6863252,0.14037025,0.45705237,5.33377233,-4.13572199,-1.81132731,32.51415314,0.0,-32.54138563,-6.04531245
1760625407.987,10.00140099,-1.43166089,2.84706713,-0.01776293,0.92598982,-0.00738399,80.0,-7.0,0.0,80.0,1.3962634,0.0,0.0,0.0,80.0,-7.0,0.0,80.0,1.3962634,0.0,0.0,0.0,-13.86829187,-1.31632751,-1.27744235,4.60721273,-0.4293007,-29.51752838,0.0,28.6799442,0.1427209,0.44965139,5.23026594,-4.1756123,-1.83121934,32.36925564,0.0,-32.42369357,-6.03018959
1760625408.021,9.89941689,-1.42687413,2.80548998,-0.01795255,0.92565408,-0.00734285,80.0,-7.0,0.0,80.0,1.3962634,0.0,0.0,0.0,80.0,-7.0,0.0,80.0,1.3962634,0.0,0.0,0.0,-13.86075288,-1.31690993,-1.344017,4.68246628,-0.41091923,-29.49636886,0.0,28.74258209,0.14539045,0.44625835,5.27889855,-4.14080255,-1.98855687,32.26212099,0.0,-32.31927736,-6.02970711
1760625408.054,9.89825127,-1.42953164,2.80589719,-0.01832453,0.92557185,-0.00765901,80.0,-7.0,0.0,80.0,1.3962634,0.0,0.0,0.0,80.0,-7.0,0.0,80.0,1.3962634,0.0,0.0,0.0,-13.86714927,-1.31482763,-1.34548884,4.67646957,-0.3933993,-29.51769516,0.0,28.72594129,0.14319499,0.45108124,5.25515973,-4.13293089,-2.02444275,32.2484563,0.0,-32.33184984,-5.9996719
1760625408.088,9.9349063,-1.49207199,2.76665268,-0.01903322,0.92598966,-0.00739454,80.0,-7.0,0.0,80.0,1.3962634,0.0,0.0,0.0,80.0,-7.0,0.0,80.0,1.3962634,0.0,0.0,0.0,-13.95738323,-1.31911856,-1.40666761,4.71998459,-0.30033495,-29.50378111,0.0,28.77219631,0.12693176,0.44862649,5.25588847,-4.19736486,-2.13910727,32.24007861,0.0,-32.3103581,-5.98623618
1760625408.121,10.29197608,-1.46642371,2.80573379,-0.02009542,0.92658946,-0.00743567,80.0,-7.0,0.0,80.0,1.3962634,0.0,0.0,0.0,80.0,-7.0,0.0,80.0,1.3962634,0.0,0.0,0.0,-14.49208744,-1.30677987,-1.43915489,4.8801819,-0.26732846,-29.59230898,0.0,28.7735743,0.11315993,0.45606276,5.38737195,-4.19578368,-2.17227643,32.33608695,0.0,-32.4350714,-5.97879495
1760625408.155,10.28246823,-1.46026494,2.80063007,-0.02054486,0.92661489,-0.00713025,80.0,-7.0,0.0,80.0,1.3962634,0.0,0.0,0.0,80.0,-7.0,0.0,80.0,1.3962634,0.0,0.0,0.0,-14.50557129,-1.29881426,-1.44110119,4.89741906,-0.24570197,-29.61046677,0.0,28.75867058,0.12301146,0.46255616,5.37497878,-4.19439329,-2.18422281,32.34325696,0.0,-32.4265905,-5.96790851
1760625408.188,10.26727686,-1.48786547,2.77614273,-0.02117313,0.92654444,-0.00666459,80.0,-7.0,0.0,80.0,1.3962634,0.0,0.0,0.0,80.0,-7.0,0.0,80.0,1.3962634,0.0,0.0,0.0,-14.59697792,-1.30320596,-1.4370016,4.99222414,-0.15809705,-29.62440706,0.0,28.76783943,0.09680096,0.45749439,5.47247273,-4.24917866,-2.24388531,32.43776327,0.0,-32.54276691,-5.9778065
1760625408.222,10.26204044,-1.47582554,2.76244851,-0.02097218,0.92621741,-0.00725279,80.0,-7.0,0.0,80.0,1.3962634,0.0,0.0,0.0,80.0,-7.0,0.0,80.0,1.3962634,0.0,0.0,0.0,-14.60425683,-1.28492301,-1.44306328,4.99719279,-0.13747436,-29.61846156,0.0,28.7753395,0.10499456,0.47310842,5.46517449,-4.24939143,-2.22461252,32.43203149,0.0,-32.54916862,-5.97489532
1760625408.255,10.25108113,-1.47010669,2.7642017,-0.02085674,0.92597372,-0.00785805,80.0,-7.0,0.0,80.0,1.3962634,0.0,0.0,0.0,80.0,-7.0,0.0,80.0,1.3962634,0.0,0.0,0.0,-14.60912136,-1.25289496,-1.42868988,4.9993411,-0.14048704,-29.62409172,0.0,28.77434851,0.16875399,0.51295142,5.48038517,-4.24270832,-2.22205556,32.43133645,0.0,-32.54652798,-5.96584047
1760625408.289,10.23961757,-1.4607553,2.7583367,-0.02060814,0.92597784,-0.00812311,80.0,-7.0,0.0,80.0,1.3962634,0.0,0.0,0.0,80.0,-7.0,0.0,80.0,1.3962634,0.0,0.0,0.0,-14.60547589,-1.21784829,-1.42350116,5.00962868,-0.13355235,-29.60569515,0.0,28.7975292,0.15523907,0.50896398,5.49881634,-4.23359454,-2.20222615,32.39890748,0.0,-32.57539171,-5.97719682
1760625408.322,9.91612539,-1.78927704,2.71273165,-0.02003467,0.9255339,-0.00884519,80.0,-7.0,0.0,80.0,1.3962634,0.0,0.0,0.0,80.0,-7.0,0.0,80.0,1.3962634,0.0,0.0,0.0,-14.04719004,-0.755087,-1.38233654,4.78208416,-0.26666608,-29.66194232,0.0,28.95385214,0.16225614,0.50512044,5.26746701,-4.09803414,-2.16803185,31.70908995,0.0,-31.91770643,-5.86273454
1760625408.355,9.45861639,-1.87577682,2.81060207,-0.01896381,0.92455075,-0.00945847,80.0,-7.0,0.0,80.0,1.3962634,0.0,0.0,0.0,80.0,-7.0,0.0,80.0,1.3962634,0.0,0.0,0.0,-13.50598735,-0.62453332,-1.37295396,4.70895067,-0.28551973,-29.84003492,0.0,29.0546703,0.19684871,0.4935169,5.20667999,-4.06495194,-2.03804989,31.56107469,0.0,-31.77086225,-5.84473382
1760625408.389,9.30653284,-1.84223281,2.80892715,-0.01842994,0.92443205,-0.00943547,80.0,-7.0,0.0,80.0,1.3962634,0.0,0.0,0.0,80.0,-7.0,0.0,80.0,1.3962634,0.0,0.0,0.0,-13.22002648,-0.60788209,-1.39665401,4.61044693,-0.31044966,-29.95019187,0.0,29.18079125,0.20134447,0.48074882,5.11632112,-4.02334664,-2.02864284,31.24303309,0.0,-31.48758569,-5.80196769
1760625408.422,9.31343461,-1.83080461,2.80205372,-0.01863249,0.92464341,-0.00920369,80.0,-7.0,0.0,80.0,1.3962634,0.0,0.0,0.0,80.0,-7.0,0.0,80.0,1.3962634,0.0,0.0,0.0,-13.20969708,-0.59823551,-1.40314702,4.62053079,-0.29823115,-29.90786286,0.0,29.22702507,0.21068774,0.48311487,5.11130252,-4.00887248,-1.97801843,31.25304024,0.0,-31.48158355,-5.80141592
1760625408.456,9.06067225,-1.72997301,2.83776419,-0.01794536,0.9240628,-0.0091012,80.0,-7.0,0.0,80.0,1.3962634,0.0,0.0,0.0,80.0,-7.0,0.0,80.0,1.3962634,0.0,0.0,0.0,-12.86227277,-0.69129929,-1.4210263,4.54232988,-0.29232666,-30.04685089,0.0,29.37486188,0.22478004,0.47483715,5.02252543,-3.99899277,-1.88474618,31.1143403,0.0,-31.31910473,-5.77283747
1760625408.489,9.01968439,-1.70840835,2.82028711,-0.01755403,0.92392702,-0.00902226,80.0,-7.0,0.0,80.0,1.3962634,0.0,0.0,0.0,80.0,-7.0,0.0,80.0,1.3962634,0.0,0.0,0.0,-12.79705463,-0.68942296,-1.45655879,4.54636071,-0.286556,-30.07347149,0.0,29.51580536,0.23996559,0.46149018,5.01939162,-3.94828656,-1.87962441,30.80144014,0.0,-31.01547224,-5.72010842
1760625408.523,9.02283094,-1.7056912,2.81819481,-0.01786016,0.92392446,-0.00909343,80.0,-7.0,0.0,80.0,1.3962634,0.0,0.0,0.0,80.0,-7.0,0.0,80.0,1.3962634,0.0,0.0,0.0,-12.79634997,-0.68573425,-1.4578183,4.55534729,-0.26249389,-30.05904393,0.0,29.53498035,0.23362452,0.46662926,5.00718666,-3.93427292,-1.85420545,30.8187887,0.0,-30.99354357,-5.6940791
1760625408.556,9.027994,-1.69903353,2.83115036,-0.01819223,0.92367783,-0.00897849,80.0,-7.0,0.0,80.0,1.3962634,0.0,0.0,0.0,80.0,-7.0,0.0,80.0,1.3962634,0.0,0.0,0.0,-12.80419012,-0.68641294,-1.44558673,4.56120795,-0.23137047,-30.04592519,0.0,29.55579864,0.22475894,0.46242435,4.97904881,-3.91734287,-1.82712426,30.83513819,0.0,-30.9491189,-5.67990935
1760625408.59,9.07606769,-1.64713841,2.8744954,-0.01824928,0.92371645,-0.00874135,80.0,-7.0,0.0,80.0,1.3962634,0.0,0.0,0.0,80.0,-7.0,0.0,80.0,1.3962634,0.0,0.0,0.0,-12.90445167,-0.7518807,-1.40091997,4.59972466,-0.14617471,-30.07450887,0.0,29.59294336,0.2249152,0.45309669,5.0102438,-3.93427648,-1.70350028,30.75931323,0.0,-30.84455366,-5.62962006
1760625408.623,9.06872109,-1.63797525,2.86998131,-0.01870358,0.92386983,-0.00858023,80.0,-7.0,0.0,80.0,1.3962634,0.0,0.0,0.0,80.0,-7.0,0.0,80.0,1.3962634,0.0,0.0,0.0,-12.91629843,-0.74497042,-1.40359676,4.6019143,-0.12790012,-30.05473527,0.0,29.61475649,0.22021516,0.46103827,4.99852902,-3.91777549,-1.68090834,30.76527871,0.0,-30.84853476,-5.62060993
1760625408.656,9.30170297,-1.49726091,2.84582001,-0.01902145,0.92447678,-0.00850745,80.0,-7.0,0.0,80.0,1.3962634,0.0,0.0,0.0,80.0,-7.0,0.0,80.0,1.3962634,0.0,0.0,0.0,-13.28572837,-0.91238125,-1.41913784,4.72112132,-0.04513275,-30.06981144,0.0,29.69588177,0.20221513,0.44447884,5.07265203,-3.96219515,-1.71063127,31.11689388,0.0,-31.18336281,-5.68043848
1760625408.69,9.27863963,-1.4864147,2.83854722,-0.01815558,0.92439155,-0.008838,80.0,-7.0,0.0,80.0,1.3962634,0.0,0.0,0.0,80.0,-7.0,0.0,80.0,1.3962634,0.0,0.0,0.0,-13.30272369,-0.90508288,-1.42586311,4.74666148,-0.05530335,-30.05120592,0.0,29.7188536,0.22732862,0.43754105,5.03847905,-3.9520436,-1.69243921,31.13700474,0.0,-31.17552239,-5.66074505
1760625408.723,9.25120865,-1.40414117,2.8235332,-0.0174582,0.92407427,-0.00894123,80.0,-7.0,0.0,80.0,1.3962634,0.0,0.0,0.0,80.0,-7.0,0.0,80.0,1.3962634,0.0,0.0,0.0,-13.29108512,-0.88835672,-1.4716274,4.75586228,-0.14937125,-30.03416116,0.0,29.75135186,0.21509811,0.42984211,5.01095803,-3.85635432,-1.73573001,31.20305261,0.0,-31.23225065,-5.65593081
1760625408.757,9.24026783,-1.39920356,2.81899837,-0.01751688,0.92413361,-0.00847101,80.0,-7.0,0.0,80.0,1.3962634,0.0,0.0,0.0,80.0,-7.0,0.0,80.0,1.3962634,0.0,0.0,0.0,-13.30196218,-0.88587538,-1.47946793,4.75018104,-0.15637681,-30.01456331,0.0,29.77116386,0.21309571,0.42420728,5.00364317,-3.85718484,-1.70984283,31.201164,0.0,-31.23927667,-5.65368538
1760625408.79,9.23560039,-1.37167607,2.81590111,-0.01764702,0.92413185,-0.008064,80.0,-7.0,0.0,80.0,1.3962634,0.0,0.0,0.0,80.0,-7.0,0.0,80.0,1.3962634,0.0,0.0,0.0,-13.31670556,-0.8848816,-1.49438618,4.73621267,-0.18298846,-29.98548211,0.0,29.80064091,0.22762743,0.40234834,5.00468228,-3.86322144,-1.68494984,31.21721747,0.0,-31.2555207,-5.61982877
1760625408.824,9.38231619,-1.18203415,2.90264426,-0.01829011,0.9243727,-0.00802141,80.0,-7.0,0.0,80.0,1.3962634,0.0,0.0,0.0,80.0,-7.0,0.0,80.0,1.3962634,0.0,0.0,0.0,-13.58230675,-1.04621856,-1.61152861,4.84329175,-0.19079329,-29.99273204,0.0,29.80246587,0.20845977,0.40694602,5.10866966,-3.87751748,-1.69377572,31.46660808,0.0,-31.47792064,-5.67104353
1760625408.857,9.40593663,-1.1229892,2.89336551,-0.01850577,0.92443268,-0.00808381,80.0,-7.0,0.0,80.0,1.3962634,0.0,0.0,0.0,80.0,-7.0,0.0,80.0,1.3962634,0.0,0.0,0.0,-13.63458588,-1.00969684,-1.63633654,4.8560355,-0.28716283,-29.9798504,0.0,29.8108594,0.20509202,0.40482784,5.13761713,-3.80321376,-1.73097731,31.54684937,0.0,-31.55065331,-5.68921317
1760625408.891,9.4122378,-1.11383179,2.88594376,-0.0184352,0.92439218,-0.00774138,80.0,-7.0,0.0,80.0,1.3962634,0.0,0.0,0.0,80.0,-7.0,0.0,80.0,1.3962634,0.0,0.0,0.0,-13.64878765,-0.99612762,-1.64931558,4.83163116,-0.3222328,-29.92600102,0.0,29.86184666,0.25526211,0.38980529,5.13560886,-3.81000306,-1.66643021,31.53927892,0.0,-31.55456009,-5.69499803
1760625408.924,9.54865761,-1.13803108,2.88083513,-0.01831115,0.92464525,-0.00781306,80.0,-7.0,0.0,80.0,1.3962634,0.0,0.0,0.0,80.0,-7.0,0.0,80.0,1.3962634,0.0,0.0,0.0,-13.75312746,-0.88613416,-1.71259227,4.80363914,-0.39499573,-29.85406606,0.0,29.9171526,0.25002125,0.38189982,5.08983604,-3.77043534,-1.67245472,31.6477585,0.0,-31.65510945,-5.68685904
1760625408.958,9.50830297,-1.14806923,2.89553807,-0.01843041,0.9247415,-0.00777933,80.0,-7.0,0.0,80.0,1.3962634,0.0,0.0,0.0,80.0,-7.0,0.0,80.0,1.3962634,0.0,0.0,0.0,-13.82729186,-0.85161055,-1.71716981,4.92723725,-0.44221406,-29.85644637,0.0,29.90529123,0.25517293,0.39923451,5.19930692,-3.78382377,-1.60909525,31.72646679,0.0,-31.73375976,-5.68514539
1760625408.991,9.51440214,-1.14977114,2.88980074,-0.01835719,0.92505584,-0.00739272,80.0,-7.0,0.0,80.0,1.3962634,0.0,0.0,0.0,80.0,-7.0,0.0,80.0,1.3962634,0.0,0.0,0.0,-13.83024771,-0.84753163,-1.72629923,4.92701832,-0.45570351,-29.85055093,0.0,29.90915919,0.24841055,0.3859206,5.20838455,-3.81376211,-1.59325028,31.71817542,0.0,-31.75136102,-5.6835699
1760625409.024,9.6646818,-1.1435742,2.94873583,-0.01928037,0.9254563,-0.00672861,80.0,-7.0,0.0,80.0,1.3962634,0.0,0.0,0.0,80.0,-7.0,0.0,80.0,1.3962634,0.0,0.0,0.0,-14.14805054,-0.90669105,-1.67774861,5.08259602,-0.39407338,-29.8768842,0.0,29.84475885,0.25196772,0.387369,5.37595935,-3.91285711,-1.41110451,31.82602983,0.0,-31.85583777,-5.69612919
1760625409.058,9.66404058,-1.15157119,2.93573931,-0.01950055,0.92593291,-0.00660267,80.0,-7.0,0.0,80.0,1.3962634,0.0,0.0,0.0,80.0,-7.0,0.0,80.0,1.3962634,0.0,0.0,0.0,-14.15992557,-0.90371924,-1.6878866,5.06894808,-0.40210006,-29.8261517,0.0,29.89412443,0.26170787,0.38259053,5.37270046,-3.94139193,-1.37102496,31.8497253,0.0,-31.84341723,-5.70177724
1760625409.091,9.87635591,-1.24438027,2.91157853,-0.02014908,0.92595628,-0.00610611,80.0,-7.0,0.0,80.0,1.3962634,0.0,0.0,0.0,80.0,-7.0,0.0,80.0,1.3962634,0.0,0.0,0.0,-14.32082316,-0.91434841,-1.6321412,5.01665594,-0.33212058,-29.77755428,0.0,29.93344151,0.26579787,0.38530664,5.33106218,-4.07729036,-1.36281464,32.15726695,0.0,-32.1616437,-5.74454907
1760625409.125,9.97083047,-1.31433509,2.93062937,-0.02110421,0.92615521,-0.00603001,80.0,-7.0,0.0,80.0,1.3962634,0.0,0.0,0.0,80.0,-7.0,0.0,80.0,1.3962634,0.0,0.0,0.0,-14.40584194,-0.9280084,-1.57686345,5.01155162,-0.27453313,-29.78221571,0.0,29.92454935,0.2599052,0.38006158,5.34721084,-4.15428423,-1.26001338,32.10717806,0.0,-32.09817419,-5.76483973
1760625409.158,10.08004084,-1.36446845,2.94566323,-0.02084936,0.92615368,-0.00623976,80.0,-7.0,0.0,80.0,1.3962634,0.0,0.0,0.0,80.0,-7.0,0.0,80.0,1.3962634,0.0,0.0,0.0,-14.44061893,-0.90122655,-1.52102001,4.93086796,-0.27833396,-29.81504523,0.0,29.88947604,0.25512054,0.39139953,5.29253569,-4.18761726,-1.23144474,32.14699033,0.0,-32.118763,-5.76547521
1760625409.192,10.06004821,-1.43646259,2.99613159,-0.01946564,0.92582359,-0.00679258,80.0,-7.0,0.0,80.0,1.3962634,0.0,0.0,0.0,80.0,-7.0,0.0,80.0,1.3962634,0.0,0.0,0.0,-14.37529445,-0.86774375,-1.44710815,4.86874967,-0.25004493,-29.87264198,0.0,29.84415718,0.29816144,0.38939416,5.28689987,-4.21927343,-1.13635866,31.96620692,0.0,-31.93779743,-5.75016269
1760625409.225,9.85923671,-1.52066702,3.02770787,-0.01864187,0.92535078,-0.00701941,80.0,-7.0,0.0,80.0,1.3962634,0.0,0.0,0.0,80.0,-7.0,0.0,80.0,1.3962634,0.0,0.0,0.0,-14.23477563,-0.80223773,-1.38972442,4.93793931,-0.24431814,-29.94595909,0.0,29.81228878,0.2983064,0.39436259,5.34719762,-4.23059027,-1.03997523,31.73880687,0.0,-31.68491527,-5.72254075
1760625409.259,9.64374081,-1.60498596,3.0037541,-0.0178114,0.92495646,-0.00730686,80.0,-7.0,0.0,80.0,1.3962634,0.0,0.0,0.0,80.0,-7.0,0.0,80.0,1.3962634,0.0,0.0,0.0,-13.94421935,-0.73478829,-1.40104612,4.85142262,-0.2457173,-29.98315885,0.0,29.90369898,0.29312375,0.40676008,5.25697926,-4.23633135,-1.09472607,31.49124837,0.0,-31.42318227,-5.65908151
1760625409.292,9.64329598,-1.61056414,3.00788915,-0.01865841,0.92472561,-0.00721028,80.0,-7.0,0.0,80.0,1.3962634,0.0,0.0,0.0,80.0,-7.0,0.0,80.0,1.3962634,0.0,0.0,0.0,-13.95208139,-0.73695912,-1.39712789,4.84891725,-0.22789212,-30.01518903,0.0,29.8765378,0.3058139,0.41415278,5.23111587,-4.23626477,-1.11925131,31.4949771,0.0,-31.41009464,-5.6482665
1760625409.325,9.63896068,-1.62057255,3.00429511,-0.01941445,0.92437852,-0.00743053,80.0,-7.0,0.0,80.0,1.3962634,0.0,0.0,0.0,80.0,-7.0,0.0,80.0,1.3962634,0.0,0.0,0.0,-13.97488955,-0.73757322,-1.3973913,4.85136184,-0.20387057,-30.01271835,0.0,29.88483681,0.30563552,0.41702067,5.21567248,-4.21871582,-1.11631128,31.50034886,0.0,-31.40816249,-5.65801824
1760625409.359,10.06155545,-1.71601889,2.98005686,-0.02090062,0.92471292,-0.00736488,80.0,-7.0,0.0,80.0,1.3962634,0.0,0.0,0.0,80.0,-7.0,0.0,80.0,1.3962634,0.0,0.0,0.0,-14.58153832,-0.65569415,-1.28825355,4.99758201,-0.16865648,-30.07348775,0.0,29.97096831,0.32323748,0.40209727,5.33637483,-4.2208162,-1.1291637,31.86610857,0.0,-31.76312569,-5.68224403
1760625409.392,10.04516732,-1.72157138,2.98852951,-0.02110785,0.9246718,-0.0073697,80.0,-7.0,0.0,80.0,1.3962634,0.0,0.0,0.0,80.0,-7.0,0.0,80.0,1.3962634,0.0,0.0,0.0,-14.60043084,-0.66389663,-1.27966906,5.00939421,-0.1613382,-30.07309037,0.0,29.97306025,0.3315301,0.40356482,5.3231781,-4.19933819,-1.14096416,31.86077546,0.0,-31.77324108,-5.66949104
1760625409.426,9.97573327,-1.70000454,2.90370593,-0.0221085,0.92470302,-0.00736928,80.0,-7.0,0.0,80.0,1.3962634,0.0,0.0,0.0,80.0,-7.0,0.0,80.0,1.3962634,0.0,0.0,0.0,-14.78206626,-0.65227702,-1.31589787,5.22802753,-0.19710266,-30.03346185,0.0,30.04245863,0.32669878,0.3911343,5.50219152,-4.13975947,-1.27193559,31.9589573,0.0,-31.85364692,-5.67297962
1760625409.459,9.95486213,-1.70534454,2.91344715,-0.02174381,0.9248789,-0.00703845,80.0,-7.0,0.0,80.0,1.3962634,0.0,0.0,0.0,80.0,-7.0,0.0,80.0,1.3962634,0.0,0.0,0.0,-14.80566705,-0.65999502,-1.30905081,5.21364936,-0.18797608,-30.03879533,0.0,30.03774932,0.31781956,0.38920617,5.49926396,-4.11850055,-1.28694596,31.96946048,0.0,-31.84543494,-5.6593689
1760625409.493,9.86769352,-1.71634163,2.91259485,-0.01938238,0.92519847,-0.0072546,80.0,-7.0,0.0,80.0,1.3962634,0.0,0.0,0.0,80.0,-7.0,0.0,80.0,1.3962634,0.0,0.0,0.0,-14.66406856,-0.61028262,-1.39630625,5.12167335,-0.21953144,-30.01953572,0.0,30.11639733,0.34034249,0.36740633,5.39774827,-4.0652441,-1.38412235,31.82153974,0.0,-31.6801193,-5.63191283
1760625409.526,9.83568589,-1.71680192,2.91370763,-0.01823736,0.9254273,-0.0074732,80.0,-7.0,0.0,80.0,1.3962634,0.0,0.0,0.0,80.0,-7.0,0.0,80.0,1.3962634,0.0,0.0,0.0,-14.66137778,-0.60648093,-1.40250612,5.11773623,-0.22358993,-30.0233812,0.0,30.11644312,0.33245538,0.36359958,5.41709714,-4.05288325,-1.41429828,31.82222084,0.0,-31.68708208,-5.59548995
1760625409.56,9.8252973,-1.72163681,2.91870089,-0.01838862,0.92539156,-0.0071474,80.0,-7.0,0.0,80.0,1.3962634,0.0,0.0,0.0,80.0,-7.0,0.0,80.0,1.3962634,0.0,0.0,0.0,-14.66926276,-0.61269467,-1.40202896,5.10170017,-0.22068697,-30.03303174,0.0,30.10697214,0.3173106,0.36497058,5.42140747,-4.03453607,-1.43075208,31.82824724,0.0,-31.67977256,-5.59744377
1760625409.593,9.90208182,-1.72013457,2.89795779,-0.01866232,0.92542586,-0.00765183,80.0,-7.0,0.0,80.0,1.3962634,0.0,0.0,0.0,80.0,-7.0,0.0,80.0,1.3962634,0.0,0.0,0.0,-14.64631237,-0.55078593,-1.4970577,5.01471064,-0.2892366,-29.95887206,0.0,30.18187206,0.33013642,0.35155609,5.29685718,-3.94659894,-1.50969249,31.7936156,0.0,-31.62383735,-5.58288289
1760625409.627,10.01109803,-1.75002229,2.89101273,-0.01904112,0.92541488,-0.00820145,80.0,-7.0,0.0,80.0,1.3962634,0.0,0.0,0.0,80.0,-7.0,0.0,80.0,1.3962634,0.0,0.0,0.0,-14.72167864,-0.47765056,-1.57861215,5.00584097,-0.3118762,-29.89621625,0.0,30.23358231,0.33455556,0.35157236,5.24115276,-3.87173212,-1.58495336,31.88396374,0.0,-31.69204129,-5.60075929
1760625409.66,10.01824638,-1.75947139,2.89127423,-0.01826813,0.92556051,-0.00850642,80.0,-7.0,0.0,80.0,1.3962634,0.0,0.0,0.0,80.0,-7.0,0.0,80.0,1.3962634,0.0,0.0,0.0,-14.72062498,-0.47716399,-1.59110848,5.03184048,-0.29259084,-29.90730415,0.0,30.22298363,0.32441708,0.36223233,5.20340585,-3.84654952,-1.58840942,31.89993812,0.0,-31.68661759,-5.56309216
1760625409.693,10.08968297,-1.82237653,3.01717834,-0.01732534,0.92521189,-0.00915685,80.0,-7.0,0.0,80.0,1.3962634,0.0,0.0,0.0,80.0,-7.0,0.0,80.0,1.3962634,0.0,0.0,0.0,-14.6579074,-0.33542055,-1.76512811,4.91588309,-0.31803448,-29.84993164,0.0,30.25525354,0.32293997,0.36674625,5.04655711,-3.75856062,-1.65729887,31.94276228,0.0,-31.72080307,-5.57854785
1760625409.727,10.08477982,-1.81422834,3.01516419,-0.01718021,0.92476382,-0.00936269,80.0,-7.0,0.0,80.0,1.3962634,0.0,0.0,0.0,80.0,-7.0,0.0,80.0,1.3962634,0.0,0.0,0.0,-14.65982238,-0.32918569,-1.77778933,4.92836686,-0.31812108,-29.84503737,0.0,30.25957999,0.35131258,0.36777011,5.03413749,-3.72902426,-1.65803277,31.96402688,0.0,-31.71902281,-5.56200293
1760625409.76,10.09714128,-1.75813285,3.0245085,-0.01772603,0.92442118,-0.00994762,80.0,-7.0,0.0,80.0,1.3962634,0.0,0.0,0.0,80.0,-7.0,0.0,80.0,1.3962634,0.0,0.0,0.0,-14.67021967,-0.282714,-1.8114514,4.92624947,-0.39628012,-29.79149132,0.0,30.30469323,0.31871135,0.36385795,5.02016878,-3.60559982,-1.71551741,32.04794912,0.0,-31.78989188,-5.57319864
1760625409.794,10.09647498,-1.75806906,3.03098264,-0.01786383,0.92438744,-0.00986959,80.0,-7.0,0.0,80.0,1.3962634,0.0,0.0,0.0,80.0,-7.0,0.0,80.0,1.3962634,0.0,0.0,0.0,-14.67296703,-0.28405236,-1.80790187,4.93045234,-0.39522276,-29.74849798,0.0,30.34726495,0.32817292,0.36356335,5.01717078,-3.59487804,-1.68098701,32.05027498,0.0,-31.79571697,-5.57755746
1760625409.827,10.19207546,-1.79383684,3.14542373,-0.01843686,0.92420603,-0.01079708,80.0,-7.0,0.0,80.0,1.3962634,0.0,0.0,0.0,80.0,-7.0,0.0,80.0,1.3962634,0.0,0.0,0.0,-14.8320764,-0.13146371,-1.88000706,5.01777234,-0.49198358,-29.73786903,0.0,30.29395962,0.3638929,0.35478142,5.06913256,-3.50768775,-1.68930919,32.34302102,0.0,-32.06928366,-5.64337785
1760625409.861,10.19559755,-1.79251707,3.15022257,-0.01842778,0.92412468,-0.01082364,80.0,-7.0,0.0,80.0,1.3962634,0.0,0.0,0.0,80.0,-7.0,0.0,80.0,1.3962634,0.0,0.0,0.0,-14.83051178,-0.13271714,-1.87727078,5.01987413,-0.50378471,-29.74111492,0.0,30.2893561,0.35855263,0.34665467,5.07044394,-3.51125783,-1.69434503,32.34259256,0.0,-32.06643147,-5.65377326
1760625409.894,10.19043378,-1.72369945,3.20877414,-0.01846002,0.92398221,-0.01139601,80.0,-7.0,0.0,80.0,1.3962634,0.0,0.0,0.0,80.0,-7.0,0.0,80.0,1.3962634,0.0,0.0,0.0,-14.85756213,-0.11969567,-1.86208786,5.05983129,-0.57758611,-29.77133375,0.0,30.2305262,0.36634125,0.34680401,5.11273017,-3.43580552,-1.57877287,32.29586342,0.0,-32.02774415,-5.67186856
1760625409.927,10.19201522,-1.72436437,3.21050048,-0.01805159,0.92410879,-0.01138403,80.0,-7.0,0.0,80.0,1.3962634,0.0,0.0,0.0,80.0,-7.0,0.0,80.0,1.3962634,0.0,0.0,0.0,-14.85373531,-0.12149528,-1.86187215,5.06363437,-0.57609261,-29.77877756,0.0,30.22258123,0.36774885,0.34854587,5.12517487,-3.43294768,-1.58605357,32.29976765,0.0,-32.0227109,-5.67417984
1760625409.961,10.19796613,-1.6667125,3.29123273,-0.01902593,0.92445396,-0.01081364,80.0,-7.0,0.0,80.0,1.3962634,0.0,0.0,0.0,80.0,-7.0,0.0,80.0,1.3962634,0.0,0.0,0.0,-14.97292167,-0.18892146,-1.83493308,5.18261006,-0.53251354,-29.81447174,0.0,30.1429308,0.36116186,0.34989193,5.28215902,-3.45273871,-1.4875655,32.29609058,0.0,-32.03188043,-5.68432834
1760625409.994,10.20652082,-1.66491007,3.28335712,-0.01904478,0.92473926,-0.01040733,80.0,-7.0,0.0,80.0,1.3962634,0.0,0.0,0.0,80.0,-7.0,0.0,80.0,1.3962634,0.0,0.0,0.0,-14.96791474,-0.18866827,-1.84541526,5.19335626,-0.52868315,-29.81733522,0.0,30.1396208,0.36208745,0.35264709,5.28250397,-3.44378867,-1.48031649,32.29349751,0.0,-32.03730656,-5.68579666
1760625410.028,10.54284547,-1.48678191,3.36281048,-0.01967192,0.92520765,-0.01042499,80.0,-7.0,0.0,80.0,1.3962634,0.0,0.0,0.0,80.0,-7.0,0.0,80.0,1.3962634,0.0,0.0,0.0,-15.43483018,-0.3636861,-1.79315849,5.3397733,-0.47534917,-29.81520662,0.0,29.97693451,0.36144558,0.35197517,5.41318058,-3.46886501,-1.27571407,32.47466526,0.0,-32.21687861,-5.72333752
1760625410.061,10.55691605,-1.4905679,3.34609817,-0.01979328,0.92499103,-0.01030429,80.0,-7.0,0.0,80.0,1.3962634,0.0,0.0,0.0,80.0,-7.0,0.0,80.0,1.3962634,0.0,0.0,0.0,-15.4253612,-0.3626887,-1.80974423,5.36186836,-0.4669736,-29.82837087,0.0,29.96342686,0.37097557,0.35537992,5.40411722,-3.47147894,-1.26987975,32.47488018,0.0,-32.21614342,-5.7206196
1760625410.095,10.57542384,-1.5554395,3.36246735,-0.01975348,0.92488759,-0.00994223,80.0,-7.0,0.0,80.0,1.3962634,0.0,0.0,0.0,80.0,-7.0,0.0,80.0,1.3962634,0.0,0.0,0.0,-15.45291787,-0.4052012,-1.78184742,5.4046535,-0.3434836,-29.84417692,0.0,29.92140406,0.35556977,0.36288372,5.4281147,-3.56893567,-1.24202184,32.43439836,0.0,-32.16265734,-5.70685583
1760625410.128,10.57999294,-1.55786286,3.35669835,-0.01944085,0.92468086,-0.01019794,80.0,-7.0,0.0,80.0,1.3962634,0.0,0.0,0.0,80.0,-7.0,0.0,80.0,1.3962634,0.0,0.0,0.0,-15.44906134,-0.40560607,-1.78624006,5.41504207,-0.33589213,-29.84442137,0.0,29.9206397,0.35963224,0.36704311,5.4285417,-3.56515896,-1.23330515,32.43225172,0.0,-32.15739197,-5.70953814
1760625410.162,10.60154468,-1.58637978,3.37718729,-0.01960125,0.92496556,-0.01015283,80.0,-7.0,0.0,80.0,1.3962634,0.0,0.0,0.0,80.0,-7.0,0.0,80.0,1.3962634,0.0,0.0,0.0,-15.47085548,-0.40341321,-1.74651547,5.44162937,-0.29338097,-29.85276085,0.0,29.87123261,0.35937543,0.36199006,5.45081457,-3.59819958,-1.13661701,32.29592046,0.0,-32.00015494,-5.69053355
1760625410.195,10.61023313,-1.58341605,3.36898969,-0.01956907,0.92508196,-0.01016813,80.0,-7.0,0.0,80.0,1.3962634,0.0,0.0,0.0,80.0,-7.0,0.0,80.0,1.3962634,0.0,0.0,0.0,-15.46260428,-0.39877943,-1.75307498,5.45199284,-0.29452637,-29.85401849,0.0,29.86898942,0.36522366,0.35619362,5.45538313,-3.60236821,-1.13566567,32.29111369,0.0,-32.00023884,-5.69254637
1760625410.229,10.61995225,-1.57477038,3.37056546,-0.01948399,0.9251117,-0.01003329,80.0,-7.0,0.0,80.0,1.3962634,0.0,0.0,0.0,80.0,-7.0,0.0,80.0,1.3962634,0.0,0.0,0.0,-15.45269271,-0.39188986,-1.74945303,5.45869663,-0.29229735,-29.83266973,0.0,29.88930584,0.37749956,0.35357107,5.47211632,-3.60486662,-1.12845317,32.28690478,0.0,-32.00136733,-5.70567791
1760625410.262,10.52155573,-1.59553144,3.30215577,-0.01931498,0.92497291,-0.01002713,80.0,-7.0,0.0,80.0,1.3962634,0.0,0.0,0.0,80.0,-7.0,0.0,80.0,1.3962634,0.0,0.0,0.0,-15.46184466,-0.37790782,-1.82016454,5.57585111,-0.27167313,-29.73973507,0.0,29.93721975,0.39858431,0.33791656,5.5875568,-3.62377506,-1.22021343,32.05859858,0.0,-31.79576563,-5.66785141
1760625410.296,10.52323057,-1.58957729,3.292908,-0.01881099,0.9249813,-0.01007919,80.0,-7.0,0.0,80.0,1.3962634,0.0,0.0,0.0,80.0,-7.0,0.0,80.0,1.3962634,0.0,0.0,0.0,-15.45764022,-0.37001152,-1.82826528,5.58029475,-0.26867857,-29.74178702,0.0,29.93481747,0.39812864,0.34080025,5.59360438,-3.62669664,-1.21698016,32.05657174,0.0,-31.7940105,-5.66940594
1760625410.329,10.52530552,-1.5796948,3.29484602,-0.01878582,0.92465406,-0.01026027,80.0,-7.0,0.0,80.0,1.3962634,0.0,0.0,0.0,80.0,-7.0,0.0,80.0,1.3962634,0.0,0.0,0.0,-15.45423777,-0.36115142,-1.82358048,5.5875589,-0.25275998,-29.73129775,0.0,29.94581854,0.40610996,0.34994948,5.5940154,-3.62382509,-1.21783863,32.04984868,0.0,-31.79929041,-5.66304484
1760625410.362,10.38596129,-1.55485024,3.25832516,-0.01897457,0.92461849,-0.00986174,80.0,-7.0,0.0,80.0,1.3962634,0.0,0.0,0.0,80.0,-7.0,0.0,80.0,1.3962634,0.0,0.0,0.0,-15.4615273,-0.3765922,-1.90398369,5.73159974,-0.23579982,-29.64870341,0.0,30.01368788,0.40026381,0.3546264,5.72753693,-3.61839548,-1.31234629,31.95574839,0.0,-31.70729827,-5.64213974
1760625410.396,10.38109422,-1.54207608,3.26482318,-0.01861922,0.9250159,-0.00945391,80.0,-7.0,0.0,80.0,1.3962634,0.0,0.0,0.0,80.0,-7.0,0.0,80.0,1.3962634,0.0,0.0,0.0,-15.46169796,-0.36802963,-1.8984233,5.73486205,-0.23209002,-29.6532116,0.0,30.0091066,0.40419502,0.35533094,5.72235504,-3.62263378,-1.32226696,31.94639869,0.0,-31.71340632,-5.64171787
1760625410.429,10.40172785,-1.52210117,3.30569169,-0.01838795,0.92533399,-0.00954911,80.0,-7.0,0.0,80.0,1.3962634,0.0,0.0,0.0,80.0,-7.0,0.0,80.0,1.3962634,0.0,0.0,0.0,-15.40476719,-0.39545128,-1.91497728,5.65695421,-0.18491671,-29.66560151,0.0,29.98413435,0.4097648,0.34725809,5.62591902,-3.66684471,-1.25358183,31.84562562,0.0,-31.63531529,-5.61333878
1760625410.463,10.27675128,-1.4825505,3.37223774,-0.01822239,0.92498664,-0.01001371,80.0,-7.0,0.0,80.0,1.3962634,0.0,0.0,0.0,80.0,-7.0,0.0,80.0,1.3962634,0.0,0.0,0.0,-15.20397319,-0.39611679,-1.9945598,5.57763867,-0.19565844,-29.65944453,0.0,29.957193,0.40925881,0.34508989,5.52968058,-3.65183473,-1.27167617,31.62638255,0.0,-31.42732111,-5.56258755
1760625410.496,10.32119751,-1.46231145,3.43509078,-0.01785389,0.92482962,-0.01042719,80.0,-7.0,0.0,80.0,1.3962634,0.0,0.0,0.0,80.0,-7.0,0.0,80.0,1.3962634,0.0,0.0,0.0,-15.13160869,-0.3852825,-1.97154258,5.46982523,-0.20954831,-29.72147674,0.0,29.8868822,0.40337703,0.3474372,5.40383236,-3.64134905,-1.20065356,31.48755061,0.0,-31.31871621,-5.5518995
1760625410.53,10.31790905,-1.44944538,3.43643297,-0.01806626,0.92457165,-0.01026702,80.0,-7.0,0.0,80.0,1.3962634,0.0,0.0,0.0,80.0,-7.0,0.0,80.0,1.3962634,0.0,0.0,0.0,-15.13118439,-0.3749387,-1.97157802,5.47557066,-0.21490971,-29.72924241,0.0,29.8796673,0.43037499,0.34840086,5.3800986,-3.66006182,-1.21321869,31.48731245,0.0,-31.31268812,-5.52793315
1760625410.563,10.31560393,-1.43613638,3.44076796,-0.01810623,0.92447173,-0.00984124,80.0,-7.0,0.0,80.0,1.3962634,0.0,0.0,0.0,80.0,-7.0,0.0,80.0,1.3962634,0.0,0.0,0.0,-15.13286398,-0.36611098,-1.96771456,5.47135213,-0.21667631,-29.75059847,0.0,29.85826857,0.42344821,0.34871298,5.38033398,-3.66922119,-1.24011311,31.48162733,0.0,-31.31474095,-5.52360743
1760625410.597,10.31909555,-1.22462752,3.46576141,-0.01839889,0.92455229,-0.00889888,80.0,-7.0,0.0,80.0,1.3962634,0.0,0.0,0.0,80.0,-7.0,0.0,80.0,1.3962634,0.0,0.0,0.0,-15.15311245,-0.56591297,-2.04932152,5.46705222,-0.18529224,-29.76429947,0.0,29.84577566,0.40802186,0.33429145,5.39582077,-3.71529439,-1.23399123,31.15747192,0.0,-31.03697134,-5.47065663
1760625410.63,10.32392562,-1.20903927,3.46742162,-0.01879493,0.92449882,-0.00849588,80.0,-7.0,0.0,80.0,1.3962634,0.0,0.0,0.0,80.0,-7.0,0.0,80.0,1.3962634,0.0,0.0,0.0,-15.15664305,-0.55491744,-2.04846002,5.44485525,-0.18791506,-29.77982291,0.0,29.830714,0.41397193,0.34002448,5.3877384,-3.75921839,-1.23401865,31.1360052,0.0,-31.0426711,-5.43497299
1760625410.664,10.31802274,-1.20533524,3.46357726,-0.01860568,0.92447173,-0.00837086,80.0,-7.0,0.0,80.0,1.3962634,0.0,0.0,0.0,80.0,-7.0,0.0,80.0,1.3962634,0.0,0.0,0.0,-15.16539036,-0.55328411,-2.05395729,5.44799856,-0.18361601,-29.77389538,0.0,29.83765372,0.44410575,0.33845463,5.39736593,-3.78830396,-1.21636693,31.14757322,0.0,-31.03519868,-5.43053821
1760625410.697,10.24355466,-1.21907175,3.45326369,-0.01856648,0.92421311,-0.00850962,80.0,-7.0,0.0,80.0,1.3962634,0.0,0.0,0.0,80.0,-7.0,0.0,80.0,1.3962634,0.0,0.0,0.0,-15.21271431,-0.55458664,-2.07759973,5.56925092,-0.15906869,-29.7670137,0.0,29.84946455,0.44555366,0.33212475,5.52870899,-3.82544726,-1.25920012,31.21507073,0.0,-31.12436544,-5.4624359
1760625410.73,10.25043855,-1.21569414,3.44432532,-0.01896212,0.92424753,-0.00846641,80.0,-7.0,0.0,80.0,1.3962634,0.0,0.0,0.0,80.0,-7.0,0.0,80.0,1.3962634,0.0,0.0,0.0,-15.20935065,-0.54898764,-2.08636642,5.56997706,-0.16818034,-29.79909845,0.0,29.81693546,0.44493387,0.32520696,5.5238933,-3.83811392,-1.27478481,31.20680971,0.0,-31.12704343,-5.47012842
1760625410.764,10.25734209,-1.21341077,3.43222618,-0.01914475,0.92423775,-0.00827023,80.0,-7.0,0.0,80.0,1.3962634,0.0,0.0,0.0,80.0,-7.0,0.0,80.0,1.3962634,0.0,0.0,0.0,-15.20758384,-0.54399761,-2.0995135,5.57054888,-0.17668531,-29.82571363,0.0,29.78959331,0.43637408,0.32028519,5.52145008,-3.84847475,-1.28077071,31.21304251,0.0,-31.12378419,-5.47189173
1760625410.797,10.27000915,-1.21234025,3.43109011,-0.01933178,0.92417819,-0.00813535,80.0,-7.0,0.0,80.0,1.3962634,0.0,0.0,0.0,80.0,-7.0,0.0,80.0,1.3962634,0.0,0.0,0.0,-15.20086761,-0.54333699,-2.10203982,5.57940096,-0.18765351,-29.83823552,0.0,29.77631895,0.44064878,0.3133141,5.51599861,-3.86093888,-1.28492223,31.20595294,0.0,-31.13330832,-5.47385678
1760625410.831,10.27913098,-1.2115397,3.42195384,-0.01918836,0.92422177,-0.00814259,80.0,-7.0,0.0,80.0,1.3962634,0.0,0.0,0.0,80.0,-7.0,0.0,80.0,1.3962634,0.0,0.0,0.0,-15.1974791,-0.53994564,-2.11148097,5.57620334,-0.19676741,-29.83140506,0.0,29.78177143,0.42940271,0.30971757,5.52903543,-3.87887155,-1.2721832,31.20309404,0.0,-31.14245995,-5.48901427
1760625410.864,10.503306,-1.18423166,3.417493,-0.01955613,0.92447112,-0.00779681,80.0,-7.0,0.0,80.0,1.3962634,0.0,0.0,0.0,80.0,-7.0,0.0,80.0,1.3962634,0.0,0.0,0.0,-15.46604686,-0.61838253,-2.20527186,5.65736529,-0.14022925,-29.75269316,0.0,29.78506538,0.41620733,0.31377348,5.57966403,-3.97037834,-1.37933562,31.66758468,0.0,-31.58534965,-5.56969321
1760625410.898,10.51037272,-1.18452753,3.41265275,-0.01970712,0.92448795,-0.00781261,80.0,-7.0,0.0,80.0,1.3962634,0.0,0.0,0.0,80.0,-7.0,0.0,80.0,1.3962634,0.0,0.0,0.0,-15.46108632,-0.61755259,-2.20935024,5.6626597,-0.14995513,-29.74451289,0.0,29.7918125,0.41814009,0.3080081,5.58958357,-3.99263676,-1.36918978,31.66239181,0.0,-31.58347762,-5.58037243
1760625410.931,10.49177663,-1.19265328,3.36670735,-0.02015701,0.92462368,-0.00782949,80.0,-7.0,0.0,80.0,1.3962634,0.0,0.0,0.0,80.0,-7.0,0.0,80.0,1.3962634,0.0,0.0,0.0,-15.60764456,-0.64055475,-2.23691098,5.84565254,-0.13353312,-29.65508941,0.0,29.80549032,0.42686015,0.30880906,5.79137875,-4.05095156,-1.4276904,31.43799406,0.0,-31.38518149,-5.57645321
1760625410.965,10.48507294,-1.22734598,3.33343713,-0.02004707,0.92469724,-0.00780573,80.0,-7.0,0.0,80.0,1.3962634,0.0,0.0,0.0,80.0,-7.0,0.0,80.0,1.3962634,0.0,0.0,0.0,-15.62415154,-0.6405182,-2.26987773,5.8841781,-0.11491167,-29.57084238,0.0,29.87075423,0.4243392,0.30521536,5.82365522,-4.12018339,-1.46791224,31.46652042,0.0,-31.4129145,-5.5747496
1760625410.998,10.47582027,-1.22708021,3.32725385,-0.0199232,0.92480088,-0.0079043,80.0,-7.0,0.0,80.0,1.3962634,0.0,0.0,0.0,80.0,-7.0,0.0,80.0,1.3962634,0.0,0.0,0.0,-15.62922494,-0.63724702,-2.27432654,5.88136028,-0.12511688,-29.49240176,0.0,29.94494812,0.46109263,0.30705847,5.84748415,-4.14543179,-1.43565339,31.4783199,0.0,-31.40773944,-5.57795616
1760625411.031,10.47979031,-1.23246738,3.32248156,-0.02015843,0.92482585,-0.00783613,80.0,-7.0,0.0,80.0,1.3962634,0.0,0.0,0.0,80.0,-7.0,0.0,80.0,1.3962634,0.0,0.0,0.0,-15.62593897,-0.63924801,-2.27752488,5.9038944,-0.13773503,-29.46254208,0.0,29.97134264,0.45190658,0.32103045,5.86373438,-4.18879108,-1.43013154,31.45852673,0.0,-31.42119594,-5.58365944
1760625411.065,10.48274925,-1.23432648,3.32384538,-0.02028505,0.92512487,-0.00766939,80.0,-7.0,0.0,80.0,1.3962634,0.0,0.0,0.0,80.0,-7.0,0.0,80.0,1.3962634,0.0,0.0,0.0,-15.62665082,-0.63729309,-2.27423926,5.90822503,-0.13450946,-29.42666683,0.0,30.00459648,0.4557101,0.31721587,5.86669132,-4.22279437,-1.42012213,31.46866671,0.0,-31.39176502,-5.57189267
1760625411.098,10.52664626,-1.26878554,3.29798454,-0.02033155,0.92544011,-0.00748822,80.0,-7.0,0.0,80.0,1.3962634,0.0,0.0,0.0,80.0,-7.0,0.0,80.0,1.3962634,0.0,0.0,0.0,-15.72151639,-0.65496443,-2.26219235,5.96606747,-0.08707864,-29.33046741,0.0,30.05675767,0.45676657,0.3177141,5.9548288,-4.31397875,-1.45693816,31.22654677,0.0,-31.17702285,-5.50774565
1760625411.132,10.53963496,-1.26744774,3.30249097,-0.02011186,0.92547513,-0.00763075,80.0,-7.0,0.0,80.0,1.3962634,0.0,0.0,0.0,80.0,-7.0,0.0,80.0,1.3962634,0.0,0.0,0.0,-15.70866404,-0.65398857,-2.2564528,5.98333252,-0.10336947,-29.34524783,0.0,30.04110472,0.46167294,0.31455144,5.959111,-4.3350602,-1.47662102,31.217463,0.0,-31.18161292,-5.52055726
1760625411.165,10.746158,-1.40979714,3.30107974,-0.02103437,0.92600348,-0.00789464,80.0,-7.0,0.0,80.0,1.3962634,0.0,0.0,0.0,80.0,-7.0,0.0,80.0,1.3962634,0.0,0.0,0.0,-15.96896329,-0.47054129,-2.14616648,6.08601104,-0.15593498,-29.37383519,0.0,29.94720637,0.43597705,0.33303384,6.03906541,-4.29855222,-1.40814373,31.08392096,0.0,-31.05854623,-5.5085527
1760625411.199,10.76038746,-1.40436912,3.30270865,-0.02127878,0.92602282,-0.00803383,80.0,-7.0,0.0,80.0,1.3962634,0.0,0.0,0.0,80.0,-7.0,0.0,80.0,1.3962634,0.0,0.0,0.0,-15.96838187,-0.46386255,-2.14048003,6.11038041,-0.16835825,-29.41947038,0.0,29.89981947,0.44812981,0.33208582,6.02796326,-4.29553954,-1.4529746,31.0969142,0.0,-31.07241527,-5.48405095
1760625411.232,10.76212235,-1.40527557,3.30571012,-0.02165571,0.92613545,-0.00799803,80.0,-7.0,0.0,80.0,1.3962634,0.0,0.0,0.0,80.0,-7.0,0.0,80.0,1.3962634,0.0,0.0,0.0,-15.96927445,-0.46520377,-2.13753133,6.11486934,-0.1656963,-29.41595072,0.0,29.90340151,0.44996822,0.33424978,6.02071902,-4.28851133,-1.45222022,31.09425579,0.0,-31.07776503,-5.48385678
1760625411.266,11.14460574,-1.45069752,3.30734374,-0.02208477,0.92657857,-0.00808079,80.0,-7.0,0.0,80.0,1.3962634,0.0,0.0,0.0,80.0,-7.0,0.0,80.0,1.3962634,0.0,0.0,0.0,-16.47035819,-0.37419434,-2.03074642,6.23925543,-0.17609522,-29.40443102,0.0,29.81075286,0.44271527,0.33449719,6.1090128,-4.24781312,-1.43819405,31.57827214,0.0,-31.54176876,-5.55199556
1760625411.299,11.1276554,-1.45368557,3.31500106,-0.02190982,0.92633808,-0.00837761,80.0,-7.0,0.0,80.0,1.3962634,0.0,0.0,0.0,80.0,-7.0,0.0,80.0,1.3962634,0.0,0.0,0.0,-16.49021891,-0.3771867,-2.02168537,6.24333413,-0.15263761,-29.42588249,0.0,29.78983502,0.44994855,0.33951205,6.08766847,-4.22564392,-1.4685065,31.57509959,0.0,-31.53946428,-5.55086325
1760625411.333,11.11568751,-1.45464187,3.32559106,-0.02124931,0.92598371,-0.00861226,80.0,-7.0,0.0,80.0,1.3962634,0.0,0.0,0.0,80.0,-7.0,0.0,80.0,1.3962634,0.0,0.0,0.0,-16.50543755,-0.37573098,-2.00997929,6.21797311,-0.11017993,-29.41829055,0.0,29.79497675,0.46393494,0.30831008,6.05957053,-4.19870994,-1.51500101,31.57375395,0.0,-31.53737831,-5.5643089
1760625411.366,11.10369666,-1.45995892,3.33001845,-0.02110912,0.92576708,-0.00852042,80.0,-7.0,0.0,80.0,1.3962634,0.0,0.0,0.0,80.0,-7.0,0.0,80.0,1.3962634,0.0,0.0,0.0,-16.51907248,-0.38459761,-2.00960625,6.21928106,-0.09219451,-29.44892466,0.0,29.76335363,0.46346663,0.31035367,6.0125789,-4.19598474,-1.56829336,31.60024001,0.0,-31.51662035,-5.55498283
1760625411.399,11.1227851,-1.46375293,3.29219024,-0.020791,0.92553713,-0.00827383,80.0,-7.0,0.0,80.0,1.3962634,0.0,0.0,0.0,80.0,-7.0,0.0,80.0,1.3962634,0.0,0.0,0.0,-16.48249546,-0.45742417,-2.07894989,6.11755364,-0.01638366,-29.38040322,0.0,29.8207226,0.4466715,0.3254388,5.8657443,-4.23271577,-1.76599863,31.72532815,0.0,-31.59464581,-5.54528621
1760625411.433,11.10959521,-1.47129939,3.31593665,-0.02048115,0.92514941,-0.00852925,80.0,-7.0,0.0,80.0,1.3962634,0.0,0.0,0.0,80.0,-7.0,0.0,80.0,1.3962634,0.0,0.0,0.0,-16.49284874,-0.4734852,-2.05820837,6.12202212,-0.00967318,-29.38566857,0.0,29.81551205,0.45630775,0.32501961,5.85304501,-4.21411264,-1.79507448,31.72665018,0.0,-31.59598773,-5.53525711
1760625411.466,10.849395,-1.37295112,3.26874311,-0.01994475,0.92456741,-0.00903889,80.0,-7.0,0.0,80.0,1.3962634,0.0,0.0,0.0,80.0,-7.0,0.0,80.0,1.3962634,0.0,0.0,0.0,-16.1497217,-0.60293455,-2.2586557,6.01786596,0.01111508,-29.26226585,0.0,29.9129383,0.48718639,0.31551717,5.72030207,-4.17673016,-2.04027015,31.59536325,0.0,-31.43513902,-5.50938491
1760625411.5,10.84633954,-1.38028068,3.29743664,-0.0197239,0.92465941,-0.00892697,80.0,-7.0,0.0,80.0,1.3962634,0.0,0.0,0.0,80.0,-7.0,0.0,80.0,1.3962634,0.0,0.0,0.0,-16.14728238,-0.62111213,-2.2359177,6.02226082,0.02280645,-29.27063102,0.0,29.90497072,0.48827718,0.32235161,5.72497193,-4.13830751,-2.07639911,31.60857528,0.0,-31.42916817,-5.48811295
1760625411.533,10.75944962,-1.26715384,3.2807632,-0.01996801,0.92466534,-0.00909183,80.0,-7.0,0.0,80.0,1.3962634,0.0,0.0,0.0,80.0,-7.0,0.0,80.0,1.3962634,0.0,0.0,0.0,-16.11465765,-0.62350721,-2.28324147,6.10435752,-0.09380983,-29.2406453,0.0,29.9235604,0.48768494,0.32235583,5.7755719,-3.9766484,-2.12648716,31.63374112,0.0,-31.42291234,-5.49174833
1760625411.567,10.77220675,-1.27296219,3.27968713,-0.02012942,0.92479883,-0.00859055,80.0,-7.0,0.0,80.0,1.3962634,0.0,0.0,0.0,80.0,-7.0,0.0,80.0,1.3962634,0.0,0.0,0.0,-16.09985228,-0.63452347,-2.29105197,6.12312877,-0.08829291,-29.22828835,0.0,29.93633015,0.49500619,0.32546602,5.77110103,-3.9525419,-2.10863811,31.63898874,0.0,-31.41324504,-5.48438332
1760625411.6,10.68698964,-1.04330835,3.28251441,-0.02039371,0.92479282,-0.00821988,80.0,-7.0,0.0,80.0,1.3962634,0.0,0.0,0.0,80.0,-7.0,0.0,80.0,1.3962634,0.0,0.0,0.0,-16.04927292,-0.82504519,-2.39733518,6.2180839,-0.11628166,-29.15614608,0.0,29.96340561,0.48968314,0.32560369,5.83769775,-3.87648064,-2.08709977,31.34999614,0.0,-31.09427052,-5.4397009
1760625411.633,10.70531357,-1.04214691,3.29160497,-0.02040878,0.9247896,-0.00798977,80.0,-7.0,0.0,80.0,1.3962634,0.0,0.0,0.0,80.0,-7.0,0.0,80.0,1.3962634,0.0,0.0,0.0,-16.0311038,-0.83049249,-2.39186325,6.22529937,-0.10807899,-29.13382265,0.0,29.98581746,0.49538576,0.32969942,5.84364237,-3.85188995,-2.07161668,31.35779495,0.0,-31.08322417,-5.44216344
1760625411.667,10.71977796,-0.94123801,3.33017638,-0.01957467,0.92496065,-0.00817714,80.0,-7.0,0.0,80.0,1.3962634,0.0,0.0,0.0,80.0,-7.0,0.0,80.0,1.3962634,0.0,0.0,0.0,-15.97300669,-0.83127373,-2.38310109,6.20356081,-0.18955321,-29.15296632,0.0,29.94481523,0.48769025,0.32557113,5.83403629,-3.73486797,-1.97749118,31.23467259,0.0,-30.96472913,-5.46261018
1760625411.7,10.75382703,-0.94267978,3.3209061,-0.01935948,0.92497227,-0.00789561,80.0,-7.0,0.0,80.0,1.3962634,0.0,0.0,0.0,80.0,-7.0,0.0,80.0,1.3962634,0.0,0.0,0.0,-15.93695115,-0.83330829,-2.39581017,6.22432217,-0.19243369,-29.14474927,0.0,29.95282475,0.49498431,0.32591683,5.85299389,-3.73632618,-1.95310466,31.23511448,0.0,-30.95274721,-5.47181999
1760625411.734,10.74258045,-0.91940026,3.40912751,-0.01937315,0.92498627,-0.00760615,80.0,-7.0,0.0,80.0,1.3962634,0.0,0.0,0.0,80.0,-7.0,0.0,80.0,1.3962634,0.0,0.0,0.0,-15.88677941,-0.87653512,-2.32477387,6.26054174,-0.16632369,-29.23274628,0.0,29.84221803,0.49963988,0.33090177,5.91336366,-3.75257867,-1.794767,31.01930896,0.0,-30.75503768,-5.47992068
1760625411.767,10.78057854,-0.924785,3.41859203,-0.02061618,0.92425979,-0.0081188,80.0,-7.0,0.0,80.0,1.3962634,0.0,0.0,0.0,80.0,-7.0,0.0,80.0,1.3962634,0.0,0.0,0.0,-15.86720941,-0.88190254,-2.31037493,6.26867661,-0.18778571,-29.23465247,0.0,29.83790721,0.50026562,0.34620916,5.92893061,-3.74592084,-1.79674112,31.01735403,0.0,-30.75176168,-5.51906362
1760625411.801,11.22306977,-1.10924576,3.44994537,-0.02204857,0.92395726,-0.00904883,80.0,-7.0,0.0,80.0,1.3962634,0.0,0.0,0.0,80.0,-7.0,0.0,80.0,1.3962634,0.0,0.0,0.0,-16.29083449,-0.60460617,-2.02199863,6.31466649,-0.32267507,-29.32581751,0.0,29.70044543,0.49777197,0.35200802,6.00398243,-3.6352971,-1.56934573,31.22985128,0.0,-30.93669059,-5.58765393
1760625411.834,11.65250645,-1.18649692,3.33697202,-0.02324812,0.92371389,-0.00953366,80.0,-7.0,0.0,80.0,1.3962634,0.0,0.0,0.0,80.0,-7.0,0.0,80.0,1.3962634,0.0,0.0,0.0,-16.6602328,-0.53426538,-1.90935428,6.28781292,-0.36057306,-29.29108532,0.0,29.72569436,0.50404436,0.34411518,5.97491606,-3.61066835,-1.64727465,31.37278988,0.0,-31.06533899,-5.63422541
1760625411.868,11.64652628,-1.14043556,3.31893816,-0.02397316,0.92330724,-0.00994559,80.0,-7.0,0.0,80.0,1.3962634,0.0,0.0,0.0,80.0,-7.0,0.0,80.0,1.3962634,0.0,0.0,0.0,-16.76771723,-0.51597355,-1.88475277,6.41996067,-0.47067627,-29.27434039,0.0,29.7392529,0.50336198,0.35090915,6.08619007,-3.51352782,-1.67657145,31.4592735,0.0,-31.13683461,-5.6617158
1760625411.901,11.93691482,-1.18563405,3.32898533,-0.02422753,0.92341274,-0.00993099,80.0,-7.0,0.0,80.0,1.3962634,0.0,0.0,0.0,80.0,-7.0,0.0,80.0,1.3962634,0.0,0.0,0.0,-16.95145121,-0.49998676,-1.75654928,6.3184298,-0.47126264,-29.39021005,0.0,29.65189427,0.50811741,0.36424462,5.9326026,-3.51065099,-1.68039412,31.69215949,0.0,-31.34754256,-5.71428792
1760625411.935,11.93089611,-1.19404005,3.33227907,-0.02465387,0.92366931,-0.00999835,80.0,-7.0,0.0,80.0,1.3962634,0.0,0.0,0.0,80.0,-7.0,0.0,80.0,1.3962634,0.0,0.0,0.0,-16.96033224,-0.50819931,-1.75465631,6.31954874,-0.46695048,-29.42807491,0.0,29.61473181,0.50672553,0.36471839,5.90899724,-3.49633244,-1.71635044,31.68299342,0.0,-31.35372641,-5.70924781
1760625411.968,11.94658077,-1.20459891,3.33499195,-0.02468821,0.92403621,-0.01001564,80.0,-7.0,0.0,80.0,1.3962634,0.0,0.0,0.0,80.0,-7.0,0.0,80.0,1.3962634,0.0,0.0,0.0,-16.95814874,-0.51705504,-1.75351377,6.30439671,-0.45844352,-29.44601306,0.0,29.59934639,0.49567005,0.36997888,5.88259383,-3.47731136,-1.73780642,31.65554663,0.0,-31.37877515,-5.72962077
1760625412.001,12.08937577,-1.19749229,3.31279784,-0.02407338,0.92436453,-0.0092414,80.0,-7.0,0.0,80.0,1.3962634,0.0,0.0,0.0,80.0,-7.0,0.0,80.0,1.3962634,0.0,0.0,0.0,-16.93655261,-0.59204852,-1.75610118,6.12883351,-0.40356695,-29.5000257,0.0,29.60482574,0.50956207,0.37364834,5.70105067,-3.54326849,-1.80470232,31.88632772,0.0,-31.60729416,-5.74036531
1760625412.035,12.14191667,-1.22834447,3.34922557,-0.02502784,0.92425476,-0.00843579,80.0,-7.0,0.0,80.0,1.3962634,0.0,0.0,0.0,80.0,-7.0,0.0,80.0,1.3962634,0.0,0.0,0.0,-16.9723157,-0.65514888,-1.70881306,6.09749989,-0.30113234,-29.56884374,0.0,29.55174516,0.48741689,0.36211085,5.70202703,-3.63289995,-1.75038462,31.89643923,0.0,-31.60647114,-5.73012895
1760625412.068,12.32552067,-1.20854571,3.39850358,-0.02575057,0.9241904,-0.00884927,80.0,-7.0,0.0,80.0,1.3962634,0.0,0.0,0.0,80.0,-7.0,0.0,80.0,1.3962634,0.0,0.0,0.0,-17.15743508,-0.68493972,-1.54833839,6.05737535,-0.28950512,-29.66421399,0.0,29.48876851,0.50423231,0.37148906,5.76447769,-3.62420212,-1.57290622,31.95710964,0.0,-31.7014533,-5.76988313
1760625412.102,12.53812619,-1.23269269,3.40141329,-0.02580664,0.92437881,-0.00937981,80.0,-7.0,0.0,80.0,1.3962634,0.0,0.0,0.0,80.0,-7.0,0.0,80.0,1.3962634,0.0,0.0,0.0,-17.12064393,-0.67615845,-1.50363627,5.81276859,-0.30104441,-29.73347379,0.0,29.44653787,0.51209327,0.36432838,5.57680307,-3.59862122,-1.56053867,31.79972913,0.0,-31.54276754,-5.769864
1760625412.135,12.55107844,-1.24342921,3.40320153,-0.02572648,0.92435845,-0.0096124,80.0,-7.0,0.0,80.0,1.3962634,0.0,0.0,0.0,80.0,-7.0,0.0,80.0,1.3962634,0.0,0.0,0.0,-17.1096283,-0.68547719,-1.50218177,5.80367301,-0.30701319,-29.76503734,0.0,29.4153912,0.50659734,0.36498308,5.60179921,-3.59800992,-1.5973346,31.80364055,0.0,-31.53746977,-5.77423895
1760625412.169,12.57555561,-1.27537947,3.39370422,-0.02586348,0.92443722,-0.00942776,80.0,-7.0,0.0,80.0,1.3962634,0.0,0.0,0.0,80.0,-7.0,0.0,80.0,1.3962634,0.0,0.0,0.0,-17.10078987,-0.70525935,-1.50925235,5.80077208,-0.3241902,-29.77911669,0.0,29.40697285,0.53446478,0.38090893,5.63844031,-3.59960639,-1.60802172,31.77563976,0.0,-31.52760299,-5.81938121
1760625412.202,12.68214551,-1.35139341,3.3675044,-0.02556451,0.92452683,-0.00964625,80.0,-7.0,0.0,80.0,1.3962634,0.0,0.0,0.0,80.0,-7.0,0.0,80.0,1.3962634,0.0,0.0,0.0,-17.12629056,-0.66431245,-1.47880472,5.75375011,-0.34645824,-29.7986181,0.0,29.44532996,0.55524366,0.36613482,5.60453896,-3.59502747,-1.58669844,31.52359968,0.0,-31.25764516,-5.78255821
1760625412.236,12.73059808,-1.38956203,3.30959676,-0.02550581,0.92448758,-0.0092812,80.0,-7.0,0.0,80.0,1.3962634,0.0,0.0,0.0,80.0,-7.0,0.0,80.0,1.3962634,0.0,0.0,0.0,-17.15056577,-0.68879704,-1.50381989,5.76966982,-0.33662793,-29.81463845,0.0,29.52983164,0.56694441,0.35602939,5.60889101,-3.61929222,-1.64185584,31.28640275,0.0,-30.99256111,-5.74782644
1760625412.269,12.7470148,-1.4046046,3.30877576,-0.02510944,0.92455146,-0.00900824,80.0,-7.0,0.0,80.0,1.3962634,0.0,0.0,0.0,80.0,-7.0,0.0,80.0,1.3962634,0.0,0.0,0.0,-17.13310223,-0.70487328,-1.5113185,5.78039621,-0.34787443,-29.77872734,0.0,29.56671629,0.57339438,0.35492883,5.62199474,-3.61323064,-1.60318652,31.28499925,0.0,-30.98947254,-5.75206014
1760625412.302,12.76108018,-1.4180323,3.30446429,-0.02517803,0.92451531,-0.00946076,80.0,-7.0,0.0,80.0,1.3962634,0.0,0.0,0.0,80.0,-7.0,0.0,80.0,1.3962634,0.0,0.0,0.0,-17.1205181,-0.71505166,-1.51691322,5.78564122,-0.34343572,-29.76981554,0.0,29.57731289,0.5734649,0.36580655,5.63228922,-3.60372046,-1.59314696,31.28750972,0.0,-30.9790961,-5.75531283
1760625412.336,12.89806475,-1.53284962,3.26446668,-0.02538747,0.92463243,-0.01009552,80.0,-7.0,0.0,80.0,1.3962634,0.0,0.0,0.0,80.0,-7.0,0.0,80.0,1.3962634,0.0,0.0,0.0,-17.21020805,-0.57690048,-1.55165816,5.78897044,-0.39695629,-29.76565037,0.0,29.68970878,0.57733032,0.38204334,5.59757343,-3.55891796,-1.65940614,31.15057529,0.0,-30.80553143,-5.72481543
1760625412.369,12.90659186,-1.53578178,3.27547233,-0.0256876,0.92457598,-0.01052551,80.0,-7.0,0.0,80.0,1.3962634,0.0,0.0,0.0,80.0,-7.0,0.0,80.0,1.3962634,0.0,0.0,0.0,-17.20490447,-0.5800645,-1.53943156,5.80336365,-0.38373729,-29.73322317,0.0,29.72441443,0.58640715,0.39007838,5.58870827,-3.54919492,-1.6378337,31.1533898,0.0,-30.80681154,-5.72302589
1760625412.403,12.91690428,-1.55070406,3.26974613,-0.02549619,0.9245782,-0.0109771,80.0,-7.0,0.0,80.0,1.3962634,0.0,0.0,0.0,80.0,-7.0,0.0,80.0,1.3962634,0.0,0.0,0.0,-17.2091099,-0.57196391,-1.5468932,5.82671542,-0.36942779,-29.72492189,0.0,29.74031637,0.57815961,0.39265615,5.56610072,-3.53811468,-1.59718056,31.14239233,0.0,-30.80805538,-5.74256094
1760625412.436,12.9116574,-1.5569343,3.26944651,-0.02481127,0.9245471,-0.01138058,80.0,-7.0,0.0,80.0,1.3962634,0.0,0.0,0.0,80.0,-7.0,0.0,80.0,1.3962634,0.0,0.0,0.0,-17.21796628,-0.5612134,-1.54829119,5.84633551,-0.35171189,-29.73510255,0.0,29.73572994,0.58119106,0.3990703,5.54064291,-3.53163287,-1.58310424,31.15791953,0.0,-30.78605106,-5.7342843
1760625412.47,12.94933296,-1.69216836,3.45967757,-0.02402216,0.92441094,-0.01159989,80.0,-7.0,0.0,80.0,1.3962634,0.0,0.0,0.0,80.0,-7.0,0.0,80.0,1.3962634,0.0,0.0,0.0,-17.15991974,-0.36225045,-1.48835013,5.72936212,-0.34741623,-29.89344381,0.0,29.73711791,0.56815508,0.39989931,5.44151217,-3.5096768,-1.46725017,31.38223188,0.0,-31.02886232,-5.76293223
1760625412.503,12.93463411,-1.68442649,3.47505028,-0.02366717,0.92449702,-0.01146012,80.0,-7.0,0.0,80.0,1.3962634,0.0,0.0,0.0,80.0,-7.0,0.0,80.0,1.3962634,0.0,0.0,0.0,-17.16878664,-0.35932228,-1.47624656,5.72509131,-0.33620111,-29.90210381,0.0,29.73368262,0.56199915,0.40757661,5.45084901,-3.49236122,-1.47618562,31.37637394,0.0,-31.02425688,-5.79379309
1760625412.537,12.90535395,-1.63131899,3.53791218,-0.02399487,0.92448056,-0.01157835,80.0,-7.0,0.0,80.0,1.3962634,0.0,0.0,0.0,80.0,-7.0,0.0,80.0,1.3962634,0.0,0.0,0.0,-17.20482291,-0.35027022,-1.45276675,5.76269743,-0.37261254,-29.95608829,0.0,29.72681412,0.56423461,0.4021171,5.49871769,-3.45491514,-1.41155816,31.52992886,0.0,-31.17845705,-5.82103406
1760625412.57,12.8993301,-1.61980734,3.56601074,-0.02359859,0.92478863,-0.01112043,80.0,-7.0,0.0,80.0,1.3962634,0.0,0.0,0.0,80.0,-7.0,0.0,80.0,1.3962634,0.0,0.0,0.0,-17.21239998,-0.35146136,-1.43025894,5.7294203,-0.37649637,-29.96015148,0.0,29.72667237,0.55858462,0.39212782,5.50428457,-3.48254444,-1.42428203,31.53787205,0.0,-31.20100723,-5.78188234
1760625412.604,12.96880985,-1.58933776,3.61554008,-0.02318627,0.92516824,-0.0108887,80.0,-7.0,0.0,80.0,1.3962634,0.0,0.0,0.0,80.0,-7.0,0.0,80.0,1.3962634,0.0,0.0,0.0,-17.16084477,-0.40489234,-1.42445155,5.5768599,-0.35148908,-29.99993857,0.0,29.71753385,0.57245572,0.38607751,5.37761395,-3.51753421,-1.39601373,31.59718456,0.0,-31.2866565,-5.8164408
1760625412.637,12.96685586,-1.59112616,3.62128221,-0.02323214,0.92511924,-0.01103046,80.0,-7.0,0.0,80.0,1.3962634,0.0,0.0,0.0,80.0,-7.0,0.0,80.0,1.3962634,0.0,0.0,0.0,-17.1614512,-0.4094229,-1.41938534,5.57330941,-0.35938485,-29.99275217,0.0,29.72519909,0.57010715,0.38182376,5.37995196,-3.52166679,-1.39582416,31.59624744,0.0,-31.29470357,-5.81827101
1760625412.671,12.85267073,-1.56967979,3.6630491,-0.02344288,0.92482702,-0.01142471,80.0,-7.0,0.0,80.0,1.3962634,0.0,0.0,0.0,80.0,-7.0,0.0,80.0,1.3962634,0.0,0.0,0.0,-17.21839595,-0.41949013,-1.37606932,5.75094981,-0.40068459,-30.06523774,0.0,29.67023474,0.57514561,0.39349377,5.55239995,-3.51083041,-1.32997018,31.72281032,0.0,-31.40738693,-5.83229176
1760625412.704,12.85378302,-1.57275499,3.6608485,-0.02366713,0.92497966,-0.01139795,80.0,-7.0,0.0,80.0,1.3962634,0.0,0.0,0.0,80.0,-7.0,0.0,80.0,1.3962634,0.0,0.0,0.0,-17.21873093,-0.42200739,-1.37925427,5.74385803,-0.39819511,-30.05894903,0.0,29.67683166,0.56988271,0.39426085,5.55619127,-3.50564187,-1.32102205,31.72797654,0.0,-31.40404918,-5.83163839
1760625412.737,12.85260002,-1.57419628,3.65896719,-0.02343195,0.92471265,-0.01137399,80.0,-7.0,0.0,80.0,1.3962634,0.0,0.0,0.0,80.0,-7.0,0.0,80.0,1.3962634,0.0,0.0,0.0,-17.22314759,-0.42443006,-1.38219052,5.74189958,-0.39585705,-30.01001871,0.0,29.72693629,0.57066583,0.39667578,5.55613706,-3.50374427,-1.27084615,31.72928798,0.0,-31.39944753,-5.8326367
1760625412.771,12.88692583,-1.51926693,3.67144907,-0.02275859,0.92495807,-0.01150283,80.0,-7.0,0.0,80.0,1.3962634,0.0,0.0,0.0,80.0,-7.0,0.0,80.0,1.3962634,0.0,0.0,0.0,-17.19773313,-0.45631202,-1.39650545,5.68844686,-0.41800058,-30.03989177,0.0,29.74781747,0.59543823,0.39681909,5.50861507,-3.47902791,-1.20073827,31.46179414,0.0,-31.10858374,-5.7753779
1760625412.804,12.72537263,-1.47879938,3.67655542,-0.0222423,0.92479839,-0.01179811,80.0,-7.0,0.0,80.0,1.3962634,0.0,0.0,0.0,80.0,-7.0,0.0,80.0,1.3962634,0.0,0.0,0.0,-17.1493807,-0.43474063,-1.40195742,5.81312887,-0.47455616,-30.06940983,0.0,29.77455623,0.59609691,0.40439965,5.62971704,-3.41947097,-1.13708868,31.33495347,0.0,-30.98899375,-5.73883171
1760625412.838,12.71958719,-1.47669777,3.68410946,-0.02207271,0.92491178,-0.01175804,80.0,-7.0,0.0,80.0,1.3962634,0.0,0.0,0.0,80.0,-7.0,0.0,80.0,1.3962634,0.0,0.0,0.0,-17.14409632,-0.43320766,-1.39693329,5.80939699,-0.46832231,-30.02880191,0.0,29.8221806,0.59419838,0.41776214,5.62471466,-3.40821958,-1.0998005,31.33585057,0.0,-30.95216633,-5.74708104
1760625412.871,12.71593997,-1.46509705,3.68456153,-0.02193802,0.92495489,-0.01165945,80.0,-7.0,0.0,80.0,1.3962634,0.0,0.0,0.0,80.0,-7.0,0.0,80.0,1.3962634,0.0,0.0,0.0,-17.13544792,-0.42361364,-1.39649787,5.81075186,-0.46969695,-30.01635327,0.0,29.84035578,0.59330217,0.41976725,5.63325781,-3.40552446,-1.07901183,31.29939995,0.0,-30.97423738,-5.72454315
1760625412.905,12.70217927,-1.45457958,3.68715427,-0.0216495,0.92509052,-0.01119514,80.0,-7.0,0.0,80.0,1.3962634,0.0,0.0,0.0,80.0,-7.0,0.0,80.0,1.3962634,0.0,0.0,0.0,-17.14379128,-0.41592631,-1.39445338,5.79805023,-0.46380063,-29.99259349,0.0,29.86547849,0.57337067,0.42297852,5.64376645,-3.39832426,-1.05768437,31.29840381,0.0,-30.97689557,-5.72418357
1760625412.938,12.68875992,-1.44555443,3.70417872,-0.0210187,0.9250972,-0.01104505,80.0,-7.0,0.0,80.0,1.3962634,0.0,0.0,0.0,80.0,-7.0,0.0,80.0,1.3962634,0.0,0.0,0.0,-17.14999023,-0.41365117,-1.37753902,5.79340498,-0.46079206,-29.94253449,0.0,29.9167691,0.57077022,0.42007463,5.65109735,-3.39449957,-1.02731827,31.29154423,0.0,-30.99061025,-5.72314376
1760625412.972,12.61271331,-1.41735898,3.67185395,-0.0216769,0.92505385,-0.01050999,80.0,-7.0,0.0,80.0,1.3962634,0.0,0.0,0.0,80.0,-7.0,0.0,80.0,1.3962634,0.0,0.0,0.0,-17.11928592,-0.45683605,-1.43376259,5.81455669,-0.40402467,-29.90999973,0.0,30.00164749,0.58578725,0.39862699,5.67566257,-3.4272455,-1.12002601,31.40729342,0.0,-31.15736371,-5.74962946
1760625413.005,12.67837183,-1.38759486,3.67247589,-0.02176453,0.92506525,-0.01037596,80.0,-7.0,0.0,80.0,1.3962634,0.0,0.0,0.0,80.0,-7.0,0.0,80.0,1.3962634,0.0,0.0,0.0,-17.08345139,-0.48928046,-1.46694936,5.69178369,-0.37720366,-29.94307902,0.0,30.01975465,0.55989463,0.39921172,5.55494188,-3.45172794,-1.16712599,31.5723697,0.0,-31.33789667,-5.78278148
1760625413.038,12.67434843,-1.38029762,3.67033787,-0.02204209,0.92510482,-0.01032093,80.0,-7.0,0.0,80.0,1.3962634,0.0,0.0,0.0,80.0,-7.0,0.0,80.0,1.3962634,0.0,0.0,0.0,-17.08736382,-0.48127535,-1.46709757,5.68518746,-0.37981864,-29.95782626,0.0,30.00573397,0.55924101,0.39576576,5.55092197,-3.46455244,-1.18193403,31.56814527,0.0,-31.34577543,-5.78010327
1760625413.072,12.68429103,-1.381287,3.67089856,-0.0224683,0.92499733,-0.01057988,80.0,-7.0,0.0,80.0,1.3962634,0.0,0.0,0.0,80.0,-7.0,0.0,80.0,1.3962634,0.0,0.0,0.0,-17.08746724,-0.47026881,-1.46337526,5.64599432,-0.37638543,-29.96089818,0.0,30.00913937,0.59965089,0.39171091,5.53741206,-3.49280558,-1.20714969,31.57048702,0.0,-31.3793952,-5.76981152
1760625413.105,12.68062889,-1.37708773,3.66577697,-0.02234092,0.9248416,-0.01091153,80.0,-7.0,0.0,80.0,1.3962634,0.0,0.0,0.0,80.0,-7.0,0.0,80.0,1.3962634,0.0,0.0,0.0,-17.09080258,-0.46165186,-1.4649188,5.64164649,-0.37930126,-29.96599137,0.0,30.0049995,0.59810907,0.3918666,5.53100304,-3.50801237,-1.21419447,31.56922967,0.0,-31.3834219,-5.77776377
1760625413.139,12.67605223,-1.37686021,3.64745899,-0.02214386,0.92485636,-0.01094256,80.0,-7.0,0.0,80.0,1.3962634,0.0,0.0,0.0,80.0,-7.0,0.0,80.0,1.3962634,0.0,0.0,0.0,-17.09272386,-0.45311761,-1.48214639,5.63813237,-0.39699443,-29.9743831,0.0,29.99716445,0.59589885,0.38232885,5.52535571,-3.53169564,-1.21133765,31.56519266,0.0,-31.38752867,-5.78286107
1760625413.172,12.69215714,-1.43522662,3.58814977,-0.02193396,0.92492806,-0.01038624,80.0,-7.0,0.0,80.0,1.3962634,0.0,0.0,0.0,80.0,-7.0,0.0,80.0,1.3962634,0.0,0.0,0.0,-16.98808434,-0.42916323,-1.56549173,5.51835673,-0.37282431,-29.93577297,0.0,30.09490452,0.60631089,0.37913785,5.40314231,-3.58812523,-1.36601793,31.48995642,0.0,-31.3285649,-5.7620489
1760625413.206,12.59118382,-1.45447122,3.53015315,-0.02219153,0.92492538,-0.01010469,80.0,-7.0,0.0,80.0,1.3962634,0.0,0.0,0.0,80.0,-7.0,0.0,80.0,1.3962634,0.0,0.0,0.0,-16.98163587,-0.4330989,-1.64065982,5.61590861,-0.37097004,-29.91969803,0.0,30.14697217,0.60995903,0.3803775,5.5039422,-3.63114299,-1.53972098,31.58945001,0.0,-31.42411619,-5.7621933
1760625413.239,12.5883575,-1.45327181,3.51840785,-0.02212255,0.92504896,-0.00992472,80.0,-7.0,0.0,80.0,1.3962634,0.0,0.0,0.0,80.0,-7.0,0.0,80.0,1.3962634,0.0,0.0,0.0,-16.98219594,-0.42927621,-1.65377195,5.60714607,-0.38356484,-29.94930669,0.0,30.1174769,0.60458462,0.37370252,5.51302007,-3.64667568,-1.560783,31.59148854,0.0,-31.4259705,-5.76887418
1760625413.273,12.59102956,-1.4521027,3.52064585,-0.02244308,0.92505452,-0.00989547,80.0,-7.0,0.0,80.0,1.3962634,0.0,0.0,0.0,80.0,-7.0,0.0,80.0,1.3962634,0.0,0.0,0.0,-16.97919803,-0.42907616,-1.65181617,5.59999786,-0.39431821,-29.95353498,0.0,30.11308794,0.6010163,0.36814488,5.5210497,-3.66066163,-1.57021476,31.59864544,0.0,-31.42221721,-5.77438856
1760625413.306,12.58335608,-1.45837757,3.52371583,-0.02270328,0.92500075,-0.00972902,80.0,-7.0,0.0,80.0,1.3962634,0.0,0.0,0.0,80.0,-7.0,0.0,80.0,1.3962634,0.0,0.0,0.0,-16.94866294,-0.46756889,-1.70523078,5.57265232,-0.37280608,-29.96801639,0.0,30.15756193,0.62589584,0.3680387,5.49083582,-3.71508019,-1.65773455,31.88839897,0.0,-31.70526893,-5.8471886
1760625413.34,12.5773092,-1.4649596,3.52343761,-0.02230651,0.92489022,-0.01011774,80.0,-7.0,0.0,80.0,1.3962634,0.0,0.0,0.0,80.0,-7.0,0.0,80.0,1.3962634,0.0,0.0,0.0,-16.94358055,-0.46902837,-1.70563146,5.56933326,-0.3885319,-30.0002139,0.0,30.12703434,0.61060734,0.37863409,5.49903784,-3.73216047,-1.68225056,31.87997557,0.0,-31.71266294,-5.8492398
1760625413.373,12.5573678,-1.46682165,3.52683755,-0.02200073,0.92482676,-0.01022367,80.0,-7.0,0.0,80.0,1.3962634,0.0,0.0,0.0,80.0,-7.0,0.0,80.0,1.3962634,0.0,0.0,0.0,-16.93848345,-0.46537787,-1.70143154,5.5718242,-0.4153457,-30.00759011,0.0,30.122811,0.63806149,0.38218801,5.51503504,-3.75033174,-1.70440753,31.89564469,0.0,-31.71876096,-5.84291619
1760625413.406,12.5343009,-1.47017288,3.53054221,-0.02177981,0.92494859,-0.01067551,80.0,-7.0,0.0,80.0,1.3962634,0.0,0.0,0.0,80.0,-7.0,0.0,80.0,1.3962634,0.0,0.0,0.0,-16.92369823,-0.45757746,-1.69580322,5.54907548,-0.42918068,-29.99206786,0.0,30.14257475,0.6593343,0.37756906,5.53085073,-3.75549645,-1.69819134,31.87458099,0.0,-31.73040891,-5.84700489
1760625413.44,12.52414104,-1.46360766,3.5275056,-0.0217723,0.92481407,-0.01082405,80.0,-7.0,0.0,80.0,1.3962634,0.0,0.0,0.0,80.0,-7.0,0.0,80.0,1.3962634,0.0,0.0,0.0,-16.92603947,-0.44816559,-1.69587126,5.53166469,-0.4510807,-29.99551278,0.0,30.13882239,0.64725057,0.37301431,5.5381235,-3.78384218,-1.70251016,31.87571641,0.0,-31.72883557,-5.85205575
1760625413.507,11.90069048,-1.48778256,3.51826635,-0.02129497,0.92384532,-0.01075265,80.0,-7.0,0.0,80.0,1.3962634,0.0,0.0,0.0,80.0,-7.0,0.0,80.0,1.3962634,0.0,0.0,0.0,-16.07608151,-0.41551616,-1.78554763,5.24957322,-0.5171415,-30.00535742,0.0,30.34633954,0.64976035,0.40302939,5.30573535,-3.80707204,-1.78998666,31.80803955,0.0,-31.69590325,-5.84544041
1760625413.54,11.88688311,-1.46594705,3.51858617,-0.02105141,0.9239262,-0.01055735,80.0,-7.0,0.0,80.0,1.3962634,0.0,0.0,0.0,80.0,-7.0,0.0,80.0,1.3962634,0.0,0.0,0.0,-16.07565782,-0.40812609,-1.78631224,5.26469835,-0.5446331,-30.01272261,0.0,30.34475063,0.59585388,0.41314457,5.3299776,-3.84203504,-1.81400279,31.80805823,0.0,-31.73062475,-5.8219742
1760625413.574,11.63822424,-1.36882757,3.53286502,-0.02044285,0.92334959,-0.01054014,80.0,-7.0,0.0,80.0,1.3962634,0.0,0.0,0.0,80.0,-7.0,0.0,80.0,1.3962634,0.0,0.0,0.0,-15.93867234,-0.49082888,-1.82802326,5.36467548,-0.56389203,-30.06277969,0.0,30.35401199,0.53794156,0.42036462,5.43190624,-3.8550558,-1.82628309,31.705412,0.0,-31.67250376,-5.81708959
1760625413.607,11.3139527,-1.28929292,3.56544055,-0.01951755,0.92272209,-0.01076897,80.0,-7.0,0.0,80.0,1.3962634,0.0,0.0,0.0,80.0,-7.0,0.0,80.0,1.3962634,0.0,0.0,0.0,-15.57656546,-0.55328172,-1.85751964,5.31470274,-0.60671132,-30.11334794,0.0,30.42996339,0.49277397,0.43419729,5.38586139,-3.87168223,-1.79963937,31.38209681,0.0,-31.35939332,-5.74068728
1760625413.641,11.25966219,-1.30315897,3.59208075,-0.01951608,0.92248736,-0.01004376,80.0,-7.0,0.0,80.0,1.3962634,0.0,0.0,0.0,80.0,-7.0,0.0,80.0,1.3962634,0.0,0.0,0.0,-15.55484054,-0.59363715,-1.83583604,5.34784224,-0.57355875,-30.11115275,0.0,30.45830237,0.51451905,0.45222705,5.41489093,-3.9897192,-1.81928608,31.4068531,0.0,-31.41840772,-5.7046641
1760625413.674,11.27739058,-1.30071492,3.61187515,-0.02087941,0.92227264,-0.01012277,80.0,-7.0,0.0,80.0,1.3962634,0.0,0.0,0.0,80.0,-7.0,0.0,80.0,1.3962634,0.0,0.0,0.0,-15.5552128,-0.60646016,-1.81191192,5.33282419,-0.59890336,-30.10919284,0.0,30.46373654,0.48993515,0.47527092,5.39243845,-4.03289508,-1.8102716,31.37929309,0.0,-31.42271074,-5.68129242
1760625413.708,11.52257292,-1.223,3.48367008,-0.0220781,0.92261672,-0.01019562,80.0,-7.0,0.0,80.0,1.3962634,0.0,0.0,0.0,80.0,-7.0,0.0,80.0,1.3962634,0.0,0.0,0.0,-15.85377634,-0.7285605,-1.73722311,5.37656351,-0.62401549,-30.08754243,0.0,30.57876041,0.47643653,0.49393347,5.43897043,-4.04589341,-1.85010258,31.08187426,0.0,-31.0781439,-5.66097397
1760625413.741,11.54737053,-1.24059567,3.40876924,-0.0223759,0.92295412,-0.01058135,80.0,-7.0,0.0,80.0,1.3962634,0.0,0.0,0.0,80.0,-7.0,0.0,80.0,1.3962634,0.0,0.0,0.0,-15.92717544,-0.71849678,-1.7203854,5.48801302,-0.76088645,-30.03332188,0.0,30.68288812,0.51332251,0.52294731,5.50013481,-3.97527895,-1.93447123,30.82968022,0.0,-30.67379661,-5.75558276
1760625413.774,11.55732678,-1.27618532,3.44542605,-0.02186162,0.92312149,-0.01086539,80.0,-7.0,0.0,80.0,1.3962634,0.0,0.0,0.0,80.0,-7.0,0.0,80.0,1.3962634,0.0,0.0,0.0,-15.90706073,-0.7582613,-1.69068331,5.51901094,-0.8186193,-29.99210959,0.0,30.72750225,0.53858335,0.57344301,5.47133484,-3.99006662,-1.93243103,30.9383786,0.0,-30.49712376,-5.94023983
1760625413.841,11.32685426,-1.35281492,3.4583341,-0.02087116,0.92242456,-0.01138087,80.0,-7.0,0.0,80.0,1.3962634,0.0,0.0,0.0,80.0,-7.0,0.0,80.0,1.3962634,0.0,0.0,0.0,-15.31282039,-0.8412991,-1.68875901,5.44748824,-1.15274146,-29.7701525,0.0,31.17759859,0.58306439,0.69491885,5.15228111,-4.01252428,-2.01913813,31.83397537,0.0,-30.52004069,-6.50971643
1760625413.875,11.18910617,-1.39674103,3.37116688,-0.02075182,0.92249788,-0.01165621,80.0,-7.0,0.0,80.0,1.3962634,0.0,0.0,0.0,80.0,-7.0,0.0,80.0,1.3962634,0.0,0.0,0.0,-15.23709458,-0.89303961,-1.76510263,5.59521059,-1.34334873,-29.43241991,0.0,31.66363406,0.55158487,0.7562027,5.26994423,-3.95316609,-1.87684233,31.44662318,0.0,-29.70873932,-6.83152277
1760625413.908,11.04356022,-1.47022452,3.33692821,-0.02038262,0.92229614,-0.0123334,80.0,-7.0,0.0,80.0,1.3962634,0.0,0.0,0.0,80.0,-7.0,0.0,80.0,1.3962634,0.0,0.0,0.0,-15.06199195,-0.84573085,-1.79293759,5.71101781,-1.65796329,-29.13631626,0.0,32.18123091,0.5021797,0.82164282,5.34615319,-3.83082576,-1.47713765,30.80021662,0.0,-28.50794706,-7.0630538
1760625413.942,10.97107971,-1.53307087,3.35893014,-0.01992371,0.92192764,-0.01243604,80.0,-7.0,0.0,80.0,1.3962634,0.0,0.0,0.0,80.0,-7.0,0.0,80.0,1.3962634,0.0,0.0,0.0,-14.79942226,-1.00419396,-1.82099568,6.03284864,-2.08451132,-28.89238411,0.0,32.59424095,0.46969629,0.85647506,5.28648795,-3.91525934,-0.87710612,30.75971666,0.0,-27.40122033,-7.59041137
1760625413.975,10.86838922,-1.55820351,3.38547554,-0.01885792,0.92118032,-0.01207785,80.0,-7.0,0.0,80.0,1.3962634,0.0,0.0,0.0,80.0,-7.0,0.0,80.0,1.3962634,0.0,0.0,0.0,-14.30056025,-1.20686431,-1.83155664,6.14830483,-2.53263264,-28.55675034,0.0,33.13626515,0.37947023,0.89760476,4.95876066,-4.18299982,-0.51984807,31.73952398,0.0,-27.31626308,-8.1105781
1760625414.009,10.64485871,-1.55051001,3.3623084,-0.01846371,0.91938461,-0.01192999,80.0,-7.0,0.0,80.0,1.3962634,0.0,0.0,0.0,80.0,-7.0,0.0,80.0,1.3962634,0.0,0.0,0.0,-13.4635009,-1.65709578,-1.35395554,6.37695358,-3.34533053,-28.16709646,0.0,34.42367228,0.03276361,0.9290924,4.4135493,-4.84920737,0.52593951,34.28597603,0.0,-28.36120618,-8.91238369
1760625414.042,11.25513786,-1.74566244,3.62145769,-0.01980536,0.91883687,-0.01227291,80.0,-7.0,0.0,80.0,1.3962634,0.0,0.0,0.0,80.0,-7.0,0.0,80.0,1.3962634,0.0,0.0,0.0,-13.63717853,-1.7280983,-0.95539222,6.81477339,-4.12990767,-27.62034434,0.0,35.18257764,-0.13903503,0.91046033,4.09292734,-5.45137099,1.64501293,37.38910777,1.0188652,-30.99908091,-9.55726422
1760625414.075,11.57681613,-1.87397915,3.32828031,-0.02087939,0.91890442,-0.01298745,80.0,-7.0,0.0,80.0,1.3962634,0.0,0.0,0.0,80.0,-7.0,0.0,80.0,1.3962634,0.0,0.0,0.0,-13.77079726,-1.68738698,-0.82216828,7.64232083,-5.28434737,-26.49511268,0.0,36.53828135,-0.28261467,0.8993186,4.02025485,-5.82110228,1.48258955,37.30388395,4.30027849,-30.55103527,-8.63502539
1760625414.142,11.80939201,-2.30182163,2.96298837,-0.01999091,0.91830614,-0.01494724,80.0,-7.0,0.0,80.0,1.3962634,0.0,0.0,0.0,80.0,-7.0,0.0,80.0,1.3962634,0.0,0.0,0.0,-13.0391815,-1.28952608,-1.02536967,9.58158293,-8.45849956,-22.72642518,0.0,39.99032598,-1.70536247,0.80975591,3.19747097,-6.71240741,0.58716894,36.82882844,11.53912161,-28.39560636,-6.7941792
1760625414.176,11.92187877,-2.49013084,2.96176723,-0.01983314,0.91812164,-0.01606021,80.0,-7.0,0.0,80.0,1.3962634,0.0,0.0,0.0,80.0,-7.0,0.0,80.0,1.3962634,0.0,0.0,0.0,-12.49771614,-0.95392175,-1.20224854,10.50307977,-10.11465198,-20.84625703,0.0,41.48597181,-2.54748865,0.77998699,2.65634666,-7.09543725,-0.1365902,36.53576358,16.89675026,-27.83102202,-5.54778676
1760625414.209,12.06007437,-2.74449846,3.07682797,-0.02005877,0.9184103,-0.01834468,80.0,-7.0,0.0,80.0,1.3962634,0.0,0.0,0.0,80.0,-7.0,0.0,80.0,1.3962634,0.0,0.0,0.0,-13.11373755,-0.74303169,0.576519,6.43665893,-14.69896842,21.89705189,7.97744348,0.0,-3.92559882,0.64341618,3.49771113,-7.72729579,1.15099663,37.07696757,25.1134466,-27.64052786,-3.96414344
1760625414.243,12.4398092,-2.76488508,3.04152627,-0.02035305,0.91885607,-0.0193819,80.0,-7.0,0.0,80.0,1.3962634,0.0,0.0,0.0,80.0,-7.0,0.0,80.0,1.3962634,0.0,0.0,0.0,-13.13380751,-0.8080926,-0.03133883,8.36037637,-16.35637655,26.41290114,7.71136902,0.0,-4.74340967,0.45910418,3.12895009,-8.34592618,0.10007518,38.09107073,30.89749147,-27.66064091,-2.913007
1760625414.276,12.74052638,-2.91040886,3.42387024,-0.02113066,0.91890685,-0.02070974,80.0,-7.0,0.0,80.0,1.3962634,0.0,0.0,0.0,80.0,-7.0,0.0,80.0,1.3962634,0.0,0.0,0.0,-12.80722523,-0.42328122,-1.11575747,10.56125275,-17.93483935,31.64462683,6.99181655,0.0,-5.63624635,0.31123117,2.49347578,-8.7420428,-1.0626937,38.51602734,35.81317146,-26.68847497,-2.33880819
1760625414.31,13.0930976,-2.99486715,2.65979811,-0.02161165,0.91944057,-0.02095905,80.0,-7.0,0.0,80.0,1.3962634,0.0,0.0,0.0,80.0,-7.0,0.0,80.0,1.3962634,0.0,0.0,0.0,-11.84564291,-0.15359394,-1.39094347,13.20017096,-19.69875612,35.4291809,5.57718772,4.44899621,-6.78561915,0.1366523,1.12618514,-8.91821235,-2.6997498,38.84099358,41.48407726,-24.91466665,-2.35928719
1760625414.377,13.65702602,-2.86766735,2.40337181,-0.02374074,0.92009959,-0.01998202,80.0,-7.0,0.0,80.0,1.3962634,0.0,0.0,0.0,80.0,-7.0,0.0,80.0,1.3962634,0.0,0.0,0.0,-11.18638693,-0.28832609,-4.09171608,19.72290249,-19.46609989,56.05409288,1.36725417,0.0,-8.11346868,-0.3082021,-0.59383122,-9.35957204,-6.34053237,44.14170761,50.21096292,-26.27031022,-1.02153703
1760625414.41,14.22800579,-3.02920137,1.92348223,-0.02611993,0.92071353,-0.02017852,80.0,-7.0,0.0,80.0,1.3962634,0.0,0.0,0.0,80.0,-7.0,0.0,80.0,1.3962634,0.0,0.0,0.0,-11.11270544,-0.4170177,-5.1413338,22.82771727,-20.08212764,67.42187639,0.0,0.0,-9.05819704,-0.50458774,-1.69480386,-9.76524864,-8.42660324,46.70722349,56.27571524,-26.08561781,-0.8226069
1760625414.443,14.3788113,-3.17978555,1.54354588,-0.02686405,0.92091064,-0.02068488,80.0,-7.0,0.0,80.0,1.3962634,0.0,0.0,0.0,80.0,-7.0,0.0,80.0,1.3962634,0.0,0.0,0.0,-10.7037867,-0.44225715,-5.71374719,25.07488818,-21.62023481,75.6865678,0.0,0.0,-9.44745625,-0.68540078,-2.65761525,-9.94246897,-9.73747255,50.50490377,61.36262513,-27.01100076,0.59825098
1760625414.477,14.76966125,-3.34191526,1.2091679,-0.02883812,0.92126661,-0.02117567,80.0,-7.0,0.0,80.0,1.3962634,0.0,0.0,0.0,80.0,-7.0,0.0,80.0,1.3962634,0.0,0.0,0.0,-10.24794208,-0.32319802,-6.14989979,27.41465327,-23.19026129,83.75155609,0.0,0.0,-9.5226638,-0.74961009,-3.86470462,-9.95749072,-10.76633168,53.51287502,66.06679349,-27.25043039,1.37021462
1760625414.51,15.2351327,-3.50547514,1.07799461,-0.03079757,0.92010672,-0.02128999,80.0,-7.0,0.0,80.0,1.3962634,0.0,0.0,0.0,80.0,-7.0,0.0,80.0,1.3962634,0.0,0.0,0.0,-10.00991902,-0.48599739,-6.43740905,31.29857668,-24.93894424,90.00000018,0.0,3.5321353,-9.52476414,-0.67400229,-4.90121015,-10.3932116,-11.29517449,58.11678084,72.18740734,-27.83274931,3.10756213
1760625414.544,15.44045173,-3.62487252,0.28832083,-0.03045079,0.91926602,-0.02095529,80.0,-7.0,0.0,80.0,1.3962634,0.0,0.0,0.0,80.0,-7.0,0.0,80.0,1.3962634,0.0,0.0,0.0,-9.524294,-0.5585547,-7.14589791,35.25188778,-25.28861035,90.00000018,0.0,11.59939533,-9.59313566,-0.63034736,-6.00732719,-10.46595072,-12.74323491,61.56428829,76.20586391,-27.95600862,4.45971919
1760625414.577,15.1727859,-3.71087053,0.47106048,-0.02909981,0.91690339,-0.02207151,80.0,-7.0,0.0,80.0,1.3962634,0.0,0.0,0.0,80.0,-7.0,0.0,80.0,1.3962634,0.0,0.0,0.0,-8.9944269,-0.39418275,-9.85772636,40.20782248,-24.54401382,90.00000018,0.0,20.22982346,-9.38085578,-0.39690701,-6.83313538,-10.42989638,-15.15919924,64.33411599,79.89067275,-27.67833296,5.35739245
1760625414.611,14.5575325,-3.79741135,0.5124774,-0.02474183,0.91272204,-0.02205665,80.0,-7.0,0.0,80.0,1.3962634,0.0,0.0,0.0,80.0,-7.0,0.0,80.0,1.3962634,0.0,0.0,0.0,-8.28271551,-0.24275414,-14.36107321,46.98557671,-21.74060569,90.00000018,0.0,31.52050751,-9.21084216,-0.04105508,-7.80641795,-10.23142368,-19.21965116,69.8479822,85.71650429,-27.9345492,8.74763677
1760625414.644,13.66166529,-3.63992951,0.2764806,-0.02044376,0.91045946,-0.02020773,80.0,-7.0,0.0,80.0,1.3962634,0.0,0.0,0.0,80.0,-7.0,0.0,80.0,1.3962634,0.0,0.0,0.0,-6.51162137,0.10186382,-19.8613394,51.87031091,-17.64337299,90.00000018,0.0,41.32809905,-9.06568224,0.34125011,-9.46234935,-8.90046186,-24.36561303,77.51848116,91.51026972,-28.69602463,15.18497078
1760625414.677,12.77020702,-3.92509682,-0.03729279,-0.01514934,0.90679532,-0.02041461,80.0,-7.0,0.0,80.0,1.3962634,0.0,0.0,0.0,80.0,-7.0,0.0,80.0,1.3962634,0.0,0.0,0.0,-4.33105596,0.62757578,-21.14296256,54.82903346,-16.31765309,90.00000018,0.0,47.76977889,-8.72424302,0.67167265,-10.95348584,-8.42969581,-25.40023458,76.93349698,94.41615487,-27.51520566,13.16523394
1760625414.711,11.8834362,-4.15959805,-0.18949438,-0.01110264,0.90446379,-0.02168229,80.0,-7.0,0.0,80.0,1.3962634,0.0,0.0,0.0,80.0,-7.0,0.0,80.0,1.3962634,0.0,0.0,0.0,-1.52012264,1.34570861,-23.36856619,58.75234957,-13.98104973,90.00000018,0.0,56.32082293,-7.95327791,1.37680881,-12.97521652,-7.42024749,-26.83028905,79.8541308,101.50126753,-26.76882478,15.22729041
1760625414.744,11.63496522,-4.39726219,-0.58445922,-0.00971061,0.90429135,-0.02300574,80.0,-7.0,0.0,80.0,1.3962634,0.0,0.0,0.0,80.0,-7.0,0.0,80.0,1.3962634,0.0,0.0,0.0,0.50472815,1.81869393,-24.13004603,61.3274855,-12.47982636,90.00000018,0.0,62.34276762,-6.85665259,2.25830481,-14.79646416,-6.61109196,-27.35071737,82.17239308,107.72274343,-25.92968917,17.13131623
1760625414.778,11.7436307,-4.60002913,-1.35241725,-0.01004619,0.90539824,-0.02320802,80.0,-7.0,0.0,80.0,1.3962634,0.0,0.0,0.0,80.0,-7.0,0.0,80.0,1.3962634,0.0,0.0,0.0,2.07780431,2.58917063,-25.55951297,64.0835285,-9.85023604,90.00000018,0.0,68.37924414,-5.64634813,3.20201364,-16.48528065,-5.10685511,-28.87347135,86.66014846,115.68178443,-24.19547865,21.42254902
1760625414.811,10.68197806,-4.25631846,-2.03236264,-0.00725848,0.90775735,-0.02266688,80.0,-7.0,0.0,80.0,1.3962634,0.0,0.0,0.0,80.0,-7.0,0.0,80.0,1.3962634,0.0,0.0,0.0,5.81500384,2.70017662,-30.26302115,66.44189775,-3.74549238,90.00000018,0.0,74.81951611,-4.60838144,4.28946525,-19.10463259,-2.3683603,-33.42888561,95.23612284,126.48311169,-19.50653069,29.14291872
1760625414.845,9.61494565,-4.35333654,-2.29900375,-0.00351604,0.90693937,-0.02257643,80.0,-7.0,0.0,80.0,1.3962634,0.0,0.0,0.0,80.0,-7.0,0.0,80.0,1.3962634,0.0,0.0,0.0,7.72002396,3.26341244,-32.39747933,68.35248441,-0.52362896,90.00000018,0.0,77.18598995,-4.13270872,4.99255108,-19.68933902,-1.0909661,-35.32332216,97.7065729,131.7033229,-17.26677319,30.59743993
1760625414.878,9.06922784,-4.34741986,-2.5869279,-0.00167241,0.90666061,-0.02273056,80.0,-7.0,0.0,80.0,1.3962634,0.0,0.0,0.0,80.0,-7.0,0.0,80.0,1.3962634,0.0,0.0,0.0,9.09940254,3.72527137,-32.83484111,69.78262898,0.95046166,90.00000018,0.0,78.63653451,-3.66511323,5.63512,-20.20108628,-0.3314123,-35.44564472,98.86312655,135.09311131,-16.43149067,30.72405128
1760625414.912,8.7123559,-4.16199866,-2.99724982,-0.00098015,0.90757611,-0.02212659,80.0,-7.0,0.0,80.0,1.3962634,0.0,0.0,0.0,80.0,-7.0,0.0,80.0,1.3962634,0.0,0.0,0.0,10.31881775,3.71465809,-32.99685434,71.00726824,2.52208375,90.00000018,0.0,79.81679613,-3.08790188,6.35274315,-20.89129385,0.16788597,-35.21084519,100.20269813,137.15714667,-16.50277545,30.36169875
1760625414.945,8.81376723,-4.10362673,-2.965138,-0.0026067,0.90887806,-0.02277962,80.0,-7.0,0.0,80.0,1.3962634,0.0,0.0,0.0,80.0,-7.0,0.0,80.0,1.3962634,0.0,0.0,0.0,10.53372215,3.81800866,-32.67707087,71.77594648,2.88431152,90.00000018,0.0,80.16224799,-2.6415524,6.68073697,-21.00580386,0.35070792,-34.41483854,101.42013238,138.57707833,-16.2170607,30.56735603
1760625414.979,8.67722759,-4.02456408,-2.99675096,-0.00220958,0.90927166,-0.0232909,80.0,-7.0,0.0,80.0,1.3962634,0.0,0.0,0.0,80.0,-7.0,0.0,80.0,1.3962634,0.0,0.0,0.0,11.03089681,4.04074147,-32.52226568,72.29438519,3.56828621,90.00000018,0.0,80.63936599,-2.12132683,6.81259938,-21.10224538,0.7512,-33.95492792,102.540642,139.90508277,-15.53584103,30.6570236
1760625415.012,8.48568982,-4.03602743,-2.94059276,-0.00163522,0.90926089,-0.02362355,80.0,-7.0,0.0,80.0,1.3962634,0.0,0.0,0.0,80.0,-7.0,0.0,80.0,1.3962634,0.0,0.0,0.0,11.3919349,4.0100455,-32.39477342,72.16143168,3.87929954,90.00000018,0.0,80.57027712,-2.20259979,6.72325947,-21.20326008,0.87029489,-33.64564474,102.91346909,140.54980323,-15.042021,30.59545399
1760625415.046,8.10741187,-4.05843895,-2.90470507,-1.804e-05,0.90918746,-0.02400228,80.0,-7.0,0.0,80.0,1.3962634,0.0,0.0,0.0,80.0,-7.0,0.0,80.0,1.3962634,0.0,0.0,0.0,11.71048868,3.8984358,-32.56325334,72.02877519,4.56270707,90.00000018,0.0,80.43302782,-2.0315253,6.84285401,-21.18628938,0.96061711,-33.48930619,103.90344859,141.07069897,-14.33960027,31.10279978
1760625415.079,6.94816171,-3.90931527,-2.32742228,0.00424885,0.90693047,-0.02513573,80.0,-7.0,0.0,80.0,1.3962634,0.0,0.0,0.0,80.0,-7.0,0.0,80.0,1.3962634,0.0,0.0,0.0,12.64031238,3.40985738,-33.16959737,71.77449367,5.30787951,90.00000018,0.0,79.82059982,-1.68311648,6.98414299,-21.0387488,0.96997154,-32.81531069,104.28310674,141.66807584,-14.08777964,31.33065744
1760625415.112,6.27514036,-3.90362371,-2.22273817,0.0085091,0.90427139,-0.0248668,80.0,-7.0,0.0,80.0,1.3962634,0.0,0.0,0.0,80.0,-7.0,0.0,80.0,1.3962634,0.0,0.0,0.0,12.84252716,3.38508388,-33.58055276,71.90755251,5.97160305,90.00000018,0.0,79.52894621,-1.76692658,6.94983836,-20.64013476,1.09385686,-32.47569794,104.91687738,141.84831892,-13.72370634,31.8774356
1760625415.146,5.68953899,-3.76290311,-1.7097151,0.01084407,0.90261368,-0.02515151,80.0,-7.0,0.0,80.0,1.3962634,0.0,0.0,0.0,80.0,-7.0,0.0,80.0,1.3962634,0.0,0.0,0.0,13.20200743,3.17156724,-34.29741634,72.00320616,6.47762341,90.00000018,0.0,79.45601934,-1.97776375,6.85760649,-20.46279202,1.36908232,-32.19552426,105.67129435,141.87989723,-13.19690618,32.43857022
1760625415.179,5.5483534,-3.67643431,-1.77555272,0.01134637,0.9020135,-0.02450613,80.0,-7.0,0.0,80.0,1.3962634,0.0,0.0,0.0,80.0,-7.0,0.0,80.0,1.3962634,0.0,0.0,0.0,12.96721591,3.28516104,-34.5132185,72.38960808,7.12511998,90.00000018,0.0,79.29590966,-2.23133465,6.73382309,-20.08148021,1.81713752,-32.18672116,106.21555023,141.82666398,-12.54925537,32.57127034
1760625415.213,5.71250427,-3.51932044,-1.96178375,0.01118079,0.90185807,-0.02319421,80.0,-7.0,0.0,80.0,1.3962634,0.0,0.0,0.0,80.0,-7.0,0.0,80.0,1.3962634,0.0,0.0,0.0,12.62677462,3.29655034,-35.02838112,72.69319352,8.03227623,90.00000018,0.0,79.40252788,-2.37912469,6.62530908,-19.73828402,2.30620321,-32.93215294,106.14718141,141.68358365,-12.22992638,32.18119109
1760625415.246,5.76977081,-3.26007354,-1.4923271,0.01223059,0.90167845,-0.02216533,80.0,-7.0,0.0,80.0,1.3962634,0.0,0.0,0.0,80.0,-7.0,0.0,80.0,1.3962634,0.0,0.0,0.0,12.43937145,3.03446303,-36.46882915,73.00405853,9.20757493,90.00000018,0.0,79.50254963,-2.56589457,6.50022206,-19.32809437,2.78712538,-33.93875061,105.90994733,141.47643048,-12.1655425,31.71297735
1760625415.28,5.38091464,-3.08862411,-1.37937841,0.0138012,0.90065052,-0.02080026,80.0,-7.0,0.0,80.0,1.3962634,0.0,0.0,0.0,80.0,-7.0,0.0,80.0,1.3962634,0.0,0.0,0.0,12.78455688,2.87068873,-37.67424636,73.17338819,10.51044993,90.00000018,0.0,79.43658548,-2.84910187,6.35674108,-19.02352158,3.37130178,-34.52981612,105.84434578,141.26853031,-12.47323648,31.57578827
1760625415.313,5.33258639,-3.04685344,-1.63013372,0.01470312,0.90046062,-0.02009225,80.0,-7.0,0.0,80.0,1.3962634,0.0,0.0,0.0,80.0,-7.0,0.0,80.0,1.3962634,0.0,0.0,0.0,12.72900071,2.66830761,-38.24067974,73.46313951,10.65486061,90.00000018,0.92287674,79.14985733,-2.87545758,6.31823943,-18.90275664,3.63997481,-34.88219265,106.09781648,141.25797045,-12.6295587,31.92516973
1760625415.346,5.40480362,-3.04338907,-1.83922589,0.01412597,0.9004435,-0.02024845,80.0,-7.0,0.0,80.0,1.3962634,0.0,0.0,0.0,80.0,-7.0,0.0,80.0,1.3962634,0.0,0.0,0.0,12.53680067,2.68644487,-38.67503062,73.76445774,10.96065422,90.00000018,1.43847952,79.06119041,-2.82356925,6.32247261,-18.66907084,3.87008565,-35.22157581,106.25617033,141.18932937,-12.66430849,32.14215228
1760625415.38,5.61548186,-3.08770291,-1.80697363,0.01346261,0.90066662,-0.01975272,80.0,-7.0,0.0,80.0,1.3962634,0.0,0.0,0.0,80.0,-7.0,0.0,80.0,1.3962634,0.0,0.0,0.0,12.37764346,2.58538458,-39.22655448,73.60937158,11.74845826,90.00000018,1.28467143,78.76452589,-2.95015087,6.21565619,-18.60199703,3.96542538,-35.51325454,106.19468761,141.03635879,-12.5512675,32.25883707
1760625415.413,5.85480283,-3.07678243,-1.84440541,0.01175133,0.90098018,-0.0193177,80.0,-7.0,0.0,80.0,1.3962634,0.0,0.0,0.0,80.0,-7.0,0.0,80.0,1.3962634,0.0,0.0,0.0,12.04403294,2.62179034,-39.42803299,73.47575505,12.94370416,90.00000018,0.37466823,78.55794179,-2.98565526,6.17506018,-18.39814796,4.00928485,-35.46741394,106.16260432,141.02849409,-12.45627642,32.52665002
1760625415.447,5.94121012,-3.03507193,-1.81527449,0.01180039,0.90054049,-0.01952777,80.0,-7.0,0.0,80.0,1.3962634,0.0,0.0,0.0,80.0,-7.0,0.0,80.0,1.3962634,0.0,0.0,0.0,11.73649708,2.5972731,-39.43428083,73.57863162,13.38152376,90.00000018,0.0,78.22091768,-2.94752128,6.20136207,-18.20594257,3.8664256,-35.19975874,106.43088294,141.05504936,-12.32607959,32.92294187
1760625415.48,5.88246331,-3.02975796,-1.82721484,0.01228552,0.90012251,-0.01984343,80.0,-7.0,0.0,80.0,1.3962634,0.0,0.0,0.0,80.0,-7.0,0.0,80.0,1.3962634,0.0,0.0,0.0,11.67422918,2.63076583,-39.43122637,73.64175404,13.44214166,90.00000018,0.0,77.85899088,-2.90241727,6.22327615,-18.15413276,3.75820629,-35.04671249,106.39861104,140.9692902,-12.34457973,32.94183318
1760625415.514,5.88558768,-2.98672604,-1.83078016,0.01260707,0.89994411,-0.01997018,80.0,-7.0,0.0,80.0,1.3962634,0.0,0.0,0.0,80.0,-7.0,0.0,80.0,1.3962634,0.0,0.0,0.0,11.6726369,2.67339637,-39.43785331,73.6473632,13.44397638,90.00000018,0.0,77.7562503,-2.92809057,6.20977071,-18.14672596,3.782407,-35.10563278,106.37106107,140.80248669,-12.19728688,32.8668547
1760625415.547,5.98603508,-2.92095431,-2.04155025,0.01206444,0.89985389,-0.01969134,80.0,-7.0,0.0,80.0,1.3962634,0.0,0.0,0.0,80.0,-7.0,0.0,80.0,1.3962634,0.0,0.0,0.0,11.39334046,2.69544331,-39.63609547,73.79003162,13.84662342,90.00000018,0.0,77.80165486,-2.91734981,6.19788133,-18.0397789,3.80527968,-35.76244618,106.26647039,140.52123601,-12.05066436,32.59569873
1760625415.581,5.9471306,-2.91768537,-2.09124787,0.01361969,0.90032629,-0.0194836,80.0,-7.0,0.0,80.0,1.3962634,0.0,0.0,0.0,80.0,-7.0,0.0,80.0,1.3962634,0.0,0.0,0.0,11.42195555,2.76547426,-39.78990564,73.79969151,13.99415367,90.00000018,0.0,77.86490811,-2.87120163,6.20347464,-18.12231988,3.8992099,-36.31358288,106.144671,140.32865021,-11.75760598,32.24214289
1760625415.614,5.79398308,-2.92134709,-2.10982528,0.01470337,0.90002299,-0.01971881,80.0,-7.0,0.0,80.0,1.3962634,0.0,0.0,0.0,80.0,-7.0,0.0,80.0,1.3962634,0.0,0.0,0.0,11.52256778,2.89317151,-39.95564683,73.83650382,14.11165043,90.00000018,0.0,77.94575206,-2.90349165,6.19362187,-18.1225339,4.01599495,-36.76963503,106.05948543,140.13599138,-11.59144624,31.98080466
1760625415.648,5.61886044,-3.07479614,-2.02011442,0.01522044,0.90004999,-0.02013491,80.0,-7.0,0.0,80.0,1.3962634,0.0,0.0,0.0,80.0,-7.0,0.0,80.0,1.3962634,0.0,0.0,0.0,11.62805017,3.16268144,-40.25987174,73.93549991,14.23133964,90.00000018,0.0,78.08138824,-2.79186214,6.23468882,-18.11205748,4.14672441,-37.19601306,106.00520378,139.94795338,-11.50539051,31.75901216
1760625415.681,5.51667534,-3.05167574,-2.05184153,0.01464931,0.89979436,-0.01989632,80.0,-7.0,0.0,80.0,1.3962634,0.0,0.0,0.0,80.0,-7.0,0.0,80.0,1.3962634,0.0,0.0,0.0,11.53896756,3.20454558,-40.34632144,74.03718978,14.31290455,90.00000018,0.0,77.97546555,-2.74544887,6.24450425,-18.08114784,4.12932911,-37.54651304,106.02671578,139.810624,-11.40061113,31.70501809
1760625415.715,5.54972484,-3.04355107,-2.09169435,0.01378572,0.89995261,-0.02004333,80.0,-7.0,0.0,80.0,1.3962634,0.0,0.0,0.0,80.0,-7.0,0.0,80.0,1.3962634,0.0,0.0,0.0,11.36454499,3.28564825,-40.49897605,74.168612,14.48016418,90.00000018,0.0,77.96752196,-2.76085461,6.2402343,-17.97906793,4.18149182,-37.77697936,106.03215244,139.71950102,-11.41229851,31.72823457
1760625415.748,6.42343881,-3.22825484,-2.0670547,0.01117464,0.90169002,-0.02054279,80.0,-7.0,0.0,80.0,1.3962634,0.0,0.0,0.0,80.0,-7.0,0.0,80.0,1.3962634,0.0,0.0,0.0,10.39861184,3.51877884,-40.75229115,74.38750062,14.2238462,90.00000018,0.47600087,77.99992896,-2.78213607,6.22244185,-17.87682001,4.27796651,-38.04169583,105.81884412,139.67883289,-11.52041824,31.60237281
1760625415.781,6.92118746,-3.27521432,-2.09560622,0.0095542,0.90252674,-0.02052092,80.0,-7.0,0.0,80.0,1.3962634,0.0,0.0,0.0,80.0,-7.0,0.0,80.0,1.3962634,0.0,0.0,0.0,9.94264776,3.61038752,-40.50797775,74.36756621,14.10930452,90.00000018,0.29852331,78.11481357,-2.83190682,6.21400803,-17.93346642,4.30758174,-37.88334479,105.6690841,139.6292601,-11.54565587,31.52892607
1760625415.815,6.97243477,-3.40805621,-1.78064011,0.00912965,0.90229901,-0.02132415,80.0,-7.0,0.0,80.0,1.3962634,0.0,0.0,0.0,80.0,-7.0,0.0,80.0,1.3962634,0.0,0.0,0.0,10.05725362,3.72667789,-40.01748059,74.22215015,13.50008265,90.00000018,0.0,78.04880807,-2.83159031,6.21919708,-18.11184437,4.22427618,-37.04847618,105.57939651,139.61154241,-11.5164339,31.45085392
1760625415.882,6.30182314,-3.5354457,-1.91542993,0.01057183,0.90124398,-0.02162756,80.0,-7.0,0.0,80.0,1.3962634,0.0,0.0,0.0,80.0,-7.0,0.0,80.0,1.3962634,0.0,0.0,0.0,11.38102208,3.94615974,-38.41873282,73.71377575,11.75374193,90.00000018,0.0,78.00911638,-2.86539267,6.25019291,-18.73266249,4.28451309,-35.2693615,105.61720578,139.70025469,-11.29125579,31.38885296
1760625415.949,6.82787995,-3.61458552,-1.74693563,0.00747624,0.90220778,-0.02130398,80.0,-7.0,0.0,80.0,1.3962634,0.0,0.0,0.0,80.0,-7.0,0.0,80.0,1.3962634,0.0,0.0,0.0,11.38202519,3.73354769,-37.93198382,73.15412508,11.00779151,90.00000018,0.0,77.91325888,-2.89344116,6.2375117,-19.3153989,4.23225976,-34.35560418,105.52369204,139.74258292,-11.49713709,31.30973288
1760625415.982,6.80988871,-3.57035339,-2.04799294,0.00834279,0.9016169,-0.02041164,80.0,-7.0,0.0,80.0,1.3962634,0.0,0.0,0.0,80.0,-7.0,0.0,80.0,1.3962634,0.0,0.0,0.0,11.41268604,3.56614162,-38.07276532,73.00457635,11.43785751,90.00000018,0.0,77.96066419,-2.8237936,6.25605021,-19.37308048,4.27686474,-34.70677666,105.79269818,139.77749576,-11.43741183,31.55973061
1760625416.016,5.80303277,-3.51662599,-1.96527784,0.01200182,0.89922976,-0.02011464,80.0,-7.0,0.0,80.0,1.3962634,0.0,0.0,0.0,80.0,-7.0,0.0,80.0,1.3962634,0.0,0.0,0.0,12.45530817,3.33295277,-38.36555132,72.85560007,11.60078436,90.00000018,0.0,77.93443991,-2.78851109,6.27372951,-19.44649945,4.2218952,-34.79761822,106.14819748,139.83061896,-11.29216802,31.87078573
1760625416.049,6.33792167,-3.48093743,-2.08736834,0.00996854,0.90063544,-0.01993574,80.0,-7.0,0.0,80.0,1.3962634,0.0,0.0,0.0,80.0,-7.0,0.0,80.0,1.3962634,0.0,0.0,0.0,11.8774709,3.21740766,-38.84193302,72.95231363,11.68567684,90.00000018,0.58696192,78.0015333,-2.80698638,6.25817557,-19.37849742,4.31339933,-35.33502366,105.89996126,139.81137183,-11.46986726,31.69278074
1760625416.083,6.54889505,-3.50776862,-2.26815642,0.00945615,0.90138161,-0.01974612,80.0,-7.0,0.0,80.0,1.3962634,0.0,0.0,0.0,80.0,-7.0,0.0,80.0,1.3962634,0.0,0.0,0.0,11.58044091,3.21465611,-39.26090165,73.15698188,11.58120762,90.00000018,1.34491115,78.01795369,-2.87834327,6.21946457,-19.29549925,4.40282993,-35.90660442,105.83434633,139.78485447,-11.52497268,31.60657999
1760625416.116,6.40468891,-3.52689911,-2.50229007,0.01086417,0.90110623,-0.01981515,80.0,-7.0,0.0,80.0,1.3962634,0.0,0.0,0.0,80.0,-7.0,0.0,80.0,1.3962634,0.0,0.0,0.0,11.65577176,3.30814901,-39.76305839,73.41225368,11.69338074,90.00000018,1.96233951,78.2110193,-2.92933876,6.20409188,-19.19591411,4.61414446,-36.57973073,105.96204755,139.79012291,-11.5098885,31.63824427
1760625416.149,5.4333972,-3.82059299,-2.3879874,0.01450033,0.89910849,-0.02012786,80.0,-7.0,0.0,80.0,1.3962634,0.0,0.0,0.0,80.0,-7.0,0.0,80.0,1.3962634,0.0,0.0,0.0,12.54415303,3.61267391,-40.50063907,73.70572876,11.83253017,90.00000018,2.36094723,78.26302664,-2.98474675,6.17365064,-19.11549089,4.72718816,-37.07651209,106.32861096,139.76130259,-11.31561322,31.85098622
1760625416.183,5.53395796,-3.77643989,-2.5434792,0.01415632,0.89966044,-0.02057837,80.0,-7.0,0.0,80.0,1.3962634,0.0,0.0,0.0,80.0,-7.0,0.0,80.0,1.3962634,0.0,0.0,0.0,12.29129702,3.62199399,-41.09903499,74.06343626,12.04847335,90.00000018,2.95803433,78.35061757,-3.02874116,6.16964335,-18.91887034,4.89132007,-37.83252595,106.2030728,139.71571556,-11.43014443,31.72171263
1760625416.216,5.92483707,-3.80716054,-2.51196972,0.01302634,0.90078693,-0.02070122,80.0,-7.0,0.0,80.0,1.3962634,0.0,0.0,0.0,80.0,-7.0,0.0,80.0,1.3962634,0.0,0.0,0.0,11.69169031,3.64975829,-41.51363605,74.40986578,12.45890489,90.00000018,3.00533543,78.39028725,-3.04856605,6.16982059,-18.68835581,4.90647237,-38.30638553,106.10254079,139.71014616,-11.51277997,31.5916252
1760625416.25,5.81876022,-3.74138401,-2.62154143,0.01392973,0.90039477,-0.02072522,80.0,-7.0,0.0,80.0,1.3962634,0.0,0.0,0.0,80.0,-7.0,0.0,80.0,1.3962634,0.0,0.0,0.0,11.69346241,3.5899083,-41.74707604,74.66651286,12.68195884,90.00000018,3.21771519,78.36235371,-2.99138116,6.19368142,-18.5553194,4.95182634,-38.78193963,106.23477605,139.72156363,-11.35617132,31.71053424
1760625416.283,5.99907521,-3.72112936,-2.70240616,0.013165,0.90076076,-0.02040002,80.0,-7.0,0.0,80.0,1.3962634,0.0,0.0,0.0,80.0,-7.0,0.0,80.0,1.3962634,0.0,0.0,0.0,11.51746951,3.47873428,-41.95873977,74.67699354,12.85065757,90.00000018,3.41470299,78.40394104,-2.92254244,6.23274314,-18.57581954,4.9911328,-39.19197823,106.18662535,139.70515017,-11.29760056,31.72000453
1760625416.317,7.07701319,-3.65073031,-2.50052049,0.00928816,0.90205252,-0.02059062,80.0,-7.0,0.0,80.0,1.3962634,0.0,0.0,0.0,80.0,-7.0,0.0,80.0,1.3962634,0.0,0.0,0.0,10.19820659,3.40125906,-41.6546236,74.84601977,13.11651848,90.00000018,2.80898211,78.36125405,-2.85406485,6.26529211,-18.34191502,4.77331543,-38.91710845,106.00216082,139.71264377,-11.30699336,31.66643597
1760625416.35,7.63313341,-3.71682114,-2.52337689,0.00721828,0.90281329,-0.02085844,80.0,-7.0,0.0,80.0,1.3962634,0.0,0.0,0.0,80.0,-7.0,0.0,80.0,1.3962634,0.0,0.0,0.0,9.60554808,3.49933912,-41.19382934,74.79980166,12.92236435,90.00000018,2.65951384,78.42430012,-2.79499275,6.29400988,-18.29236703,4.68244635,-38.53625885,105.98755235,139.74406725,-11.19326451,31.88175026
1760625416.384,7.61958661,-3.80577052,-2.27873608,0.00681505,0.90240158,-0.02172875,80.0,-7.0,0.0,80.0,1.3962634,0.0,0.0,0.0,80.0,-7.0,0.0,80.0,1.3962634,0.0,0.0,0.0,9.57915041,3.63657885,-40.75157404,74.74745105,12.52855121,90.00000018,2.42003551,78.37359597,-2.73968566,6.30547629,-18.25472446,4.52502905,-37.83314941,105.93942079,139.79387859,-11.14066009,32.03877633
1760625416.417,8.17454565,-3.82611785,-2.57360086,0.00464554,0.90272126,-0.02166017,80.0,-7.0,0.0,80.0,1.3962634,0.0,0.0,0.0,80.0,-7.0,0.0,80.0,1.3962634,0.0,0.0,0.0,8.94254234,3.8877801,-39.15016979,74.62731856,12.16353813,90.00000018,1.54464548,78.35393143,-2.67385111,6.32799846,-18.20441729,4.26754876,-36.58334146,105.93990132,139.81100372,-11.01981405,32.24540101
1760625416.45,8.35583295,-3.74953506,-2.37328698,0.00309773,0.90289583,-0.02163513,80.0,-7.0,0.0,80.0,1.3962634,0.0,0.0,0.0,80.0,-7.0,0.0,80.0,1.3962634,0.0,0.0,0.0,8.88676339,3.90760803,-38.0434137,74.07124337,12.13777236,90.00000018,0.25206649,78.49229158,-2.67040202,6.33769492,-18.36048868,4.074174,-35.33501632,105.86288504,139.76214311,-10.87351621,32.42926988
1760625416.484,8.75008166,-3.58207203,-2.50553763,0.00115223,0.90422127,-0.02096408,80.0,-7.0,0.0,80.0,1.3962634,0.0,0.0,0.0,80.0,-7.0,0.0,80.0,1.3962634,0.0,0.0,0.0,8.68166588,3.75162388,-36.79892485,73.61969715,11.3472268,90.00000018,0.0,78.46109841,-2.58358498,6.40630153,-18.66299661,3.90914425,-34.33728898,105.81225421,139.72439129,-10.72080382,32.53416369
1760625416.517,8.28589322,-3.52800445,-2.31917695,0.00277031,0.90375458,-0.02044623,80.0,-7.0,0.0,80.0,1.3962634,0.0,0.0,0.0,80.0,-7.0,0.0,80.0,1.3962634,0.0,0.0,0.0,9.34558211,3.6834351,-36.40687087,73.20556071,10.73741466,90.00000018,0.0,78.47735727,-2.50343844,6.45489819,-18.95294021,3.88175746,-33.80617905,106.02684866,139.67871495,-10.43756691,32.79255675
1760625416.551,7.44613197,-3.48492737,-2.1432535,0.00596317,0.90293418,-0.01938926,80.0,-7.0,0.0,80.0,1.3962634,0.0,0.0,0.0,80.0,-7.0,0.0,80.0,1.3962634,0.0,0.0,0.0,10.44041168,3.42393163,-36.27878672,72.49286649,10.29313385,90.00000018,0.0,78.52813427,-2.59896742,6.40233361,-19.42032028,3.80170663,-33.67240911,106.27459752,139.45941124,-10.09576876,32.95532987
1760625416.585,7.70166974,-3.47935054,-2.02332775,0.00337472,0.90455117,-0.01921121,80.0,-7.0,0.0,80.0,1.3962634,0.0,0.0,0.0,80.0,-7.0,0.0,80.0,1.3962634,0.0,0.0,0.0,10.2855138,3.42560095,-36.18437084,72.11902181,9.99304233,90.00000018,0.0,78.6871185,-2.60318341,6.38894838,-19.58203822,3.86830344,-33.56784144,106.11501528,139.28780469,-10.01657667,32.88004568
1760625416.618,8.17479876,-3.58824715,-1.93953035,0.00169243,0.90596607,-0.02029283,80.0,-7.0,0.0,80.0,1.3962634,0.0,0.0,0.0,80.0,-7.0,0.0,80.0,1.3962634,0.0,0.0,0.0,9.69714117,3.5649135,-35.76769768,71.8522696,9.3631592,90.00000018,0.0,78.71431102,-2.60086271,6.35296407,-19.55246975,3.77936249,-33.17770698,106.17758181,139.15024268,-9.81795555,33.04781578
1760625416.651,8.52995006,-3.72778529,-1.97337272,-0.0002035,0.90755276,-0.02091327,80.0,-7.0,0.0,80.0,1.3962634,0.0,0.0,0.0,80.0,-7.0,0.0,80.0,1.3962634,0.0,0.0,0.0,9.38097239,3.57217744,-35.46033485,71.06084182,8.68296455,90.00000018,0.0,78.84503449,-2.69680901,6.25455755,-19.74827818,3.77609443,-32.98888068,106.40602603,138.90191357,-9.4545781,33.52525651
1760625416.685,8.65180266,-3.81563609,-2.0240348,-0.00103366,0.90839371,-0.02098577,80.0,-7.0,0.0,80.0,1.3962634,0.0,0.0,0.0,80.0,-7.0,0.0,80.0,1.3962634,0.0,0.0,0.0,9.17844324,3.48089213,-35.35065927,70.42733572,8.22912159,90.00000018,0.0,78.81688151,-2.68101,6.22333344,-19.78760761,3.68897623,-32.98437281,106.47919976,138.82876885,-9.19584595,34.00675751
1760625416.718,8.55512267,-3.85901742,-2.18895952,-0.00034534,0.90799581,-0.02077103,80.0,-7.0,0.0,80.0,1.3962634,0.0,0.0,0.0,80.0,-7.0,0.0,80.0,1.3962634,0.0,0.0,0.0,9.1934963,3.26401597,-35.48771442,69.72153813,8.04763649,90.00000018,0.0,78.83681999,-2.55834799,6.27419669,-19.85305083,3.68693199,-33.29145137,106.79614579,138.97117343,-8.6891258,34.91682703
1760625416.751,8.27631055,-3.82341431,-2.10303285,0.00033545,0.90824729,-0.02203087,80.0,-7.0,0.0,80.0,1.3962634,0.0,0.0,0.0,80.0,-7.0,0.0,80.0,1.3962634,0.0,0.0,0.0,9.20695616,3.20152116,-35.47682177,69.08496093,7.19025586,90.00000018,0.0,78.93615581,-2.63957358,6.24697725,-19.63037176,3.7316865,-33.27758793,106.17010897,138.86349822,-8.79082262,35.0000001
1760625416.785,8.42367394,-3.78749282,-2.13536777,-0.00297853,0.90955377,-0.02280289,80.0,-7.0,0.0,80.0,1.3962634,0.0,0.0,0.0,80.0,-7.0,0.0,80.0,1.3962634,0.0,0.0,0.0,9.01685626,3.17423672,-35.47356816,68.55057554,6.64457158,90.00000018,0.0,79.2963768,-2.54859149,6.28778153,-19.56504447,3.9239818,-33.42526464,105.44909401,138.8372906,-8.83286629,35.0000001
1760625416.818,8.8443063,-3.59449407,-2.37588283,-0.00450411,0.91109749,-0.0224612,80.0,-7.0,0.0,80.0,1.3962634,0.0,0.0,0.0,80.0,-7.0,0.0,80.0,1.3962634,0.0,0.0,0.0,8.55256169,2.87070605,-35.33080637,67.86867548,6.29340585,90.00000018,0.0,79.54292189,-2.54305223,6.28968725,-19.55524245,4.06486791,-33.64298833,104.63351602,138.92693307,-8.94445499,35.0000001
1760625416.852,8.85284633,-3.53230383,-2.35610839,-0.00505025,0.91242888,-0.02274403,80.0,-7.0,0.0,80.0,1.3962634,0.0,0.0,0.0,80.0,-7.0,0.0,80.0,1.3962634,0.0,0.0,0.0,8.44243969,2.85883264,-35.29644043,67.1990238,5.66896057,90.00000018,0.0,80.06337292,-2.43181342,6.27105294,-19.40272042,4.28988584,-33.55402916,103.56616047,138.76488017,-9.18834601,35.0000001
1760625416.885,7.74193305,-3.26655905,-2.45365435,-0.00162787,0.91232212,-0.02141831,80.0,-7.0,0.0,80.0,1.3962634,0.0,0.0,0.0,80.0,-7.0,0.0,80.0,1.3962634,0.0,0.0,0.0,9.89604705,2.38735355,-35.24672915,66.09095543,5.3834867,90.00000018,0.0,80.28691835,-2.44831578,6.18066214,-19.75501676,4.50794282,-33.35504388,102.5230528,138.84842552,-9.44722878,35.0000001
1760625416.919,7.04914777,-3.22771238,-2.40896786,0.00033111,0.91274441,-0.021223,80.0,-7.0,0.0,80.0,1.3962634,0.0,0.0,0.0,80.0,-7.0,0.0,80.0,1.3962634,0.0,0.0,0.0,10.58601609,2.26378877,-35.40018927,65.13988688,5.22050473,90.00000018,0.0,80.83425605,-2.39382259,6.16711151,-19.79993477,4.66439011,-33.18411174,101.36710157,138.8047453,-9.69169657,35.0000001
1760625416.952,6.59751823,-3.35327153,-2.24075477,0.00264802,0.91190876,-0.02203748,80.0,-7.0,0.0,80.0,1.3962634,0.0,0.0,0.0,80.0,-7.0,0.0,80.0,1.3962634,0.0,0.0,0.0,10.92258877,2.32944036,-35.20199726,64.49184711,4.75967369,90.00000018,0.0,80.86574196,-2.35346937,6.17318279,-19.77904728,4.61195972,-32.60257073,100.67304499,138.80054258,-9.80940822,35.0000001
1760625416.986,5.93837947,-3.54312837,-2.39033572,0.00355354,0.91141303,-0.02289606,80.0,-7.0,0.0,80.0,1.3962634,0.0,0.0,0.0,80.0,-7.0,0.0,80.0,1.3962634,0.0,0.0,0.0,11.39199587,2.54829397,-34.39740049,63.95374013,4.04590729,90.00000018,0.0,80.64647311,-2.30796267,6.17249575,-19.73748954,4.40987872,-31.79131753,100.17321251,138.69189295,-9.7973395,35.0000001
1760625417.019,6.02195551,-3.61179035,-2.24512237,0.00161295,0.91188429,-0.02313054,80.0,-7.0,0.0,80.0,1.3962634,0.0,0.0,0.0,80.0,-7.0,0.0,80.0,1.3962634,0.0,0.0,0.0,11.07853767,2.51664392,-33.76952293,63.34498795,3.31722009,90.00000018,0.0,80.45068971,-2.30077057,6.1769836,-19.73676606,4.19642704,-31.01440846,99.76321758,138.46410295,-9.66611745,35.0000001
1760625417.052,6.07968233,-3.68931499,-2.83113679,0.00185856,0.91173293,-0.02251246,80.0,-7.0,0.0,80.0,1.3962634,0.0,0.0,0.0,80.0,-7.0,0.0,80.0,1.3962634,0.0,0.0,0.0,10.5942011,2.739571,-32.41987131,63.1809076,2.70431818,90.00000018,0.0,80.03198464,-2.32781822,6.18444839,-19.53357191,3.93142931,-30.35273579,99.66863645,138.26283222,-9.4735294,35.0000001
1760625417.086,5.96764221,-3.76712854,-2.86921419,0.0011469,0.91168267,-0.02175404,80.0,-7.0,0.0,80.0,1.3962634,0.0,0.0,0.0,80.0,-7.0,0.0,80.0,1.3962634,0.0,0.0,0.0,10.42155548,2.62481433,-32.36587604,62.85336954,2.80309778,90.00000018,0.0,79.78514811,-2.3905229,6.12476223,-19.51551111,3.73949338,-30.48042436,99.66465463,138.00174285,-9.25810824,35.0000001
1760625417.119,5.73908482,-3.77843084,-2.91412149,0.00199461,0.91168993,-0.02119816,80.0,-7.0,0.0,80.0,1.3962634,0.0,0.0,0.0,80.0,-7.0,0.0,80.0,1.3962634,0.0,0.0,0.0,10.28275649,2.49119628,-32.29464122,62.62641413,2.93951568,90.00000018,0.0,79.6047369,-2.39676288,6.08583819,-19.4332756,3.56265517,-30.58569155,99.62746401,137.8250493,-8.96906764,35.0000001
1760625417.186,4.98458262,-3.43832605,-3.12112801,0.00442976,0.91074921,-0.01985757,80.0,-7.0,0.0,80.0,1.3962634,0.0,0.0,0.0,80.0,-7.0,0.0,80.0,1.3962634,0.0,0.0,0.0,10.64563833,1.94637941,-31.84787737,62.33805535,2.99570557,90.00000018,0.0,79.13558752,-2.45258612,6.05101062,-19.41126167,3.24320748,-30.38843155,99.41481578,137.73288673,-8.78238254,35.0000001
1760625417.22,4.9590629,-3.38703309,-3.46597471,0.0045453,0.91089478,-0.01849217,80.0,-7.0,0.0,80.0,1.3962634,0.0,0.0,0.0,80.0,-7.0,0.0,80.0,1.3962634,0.0,0.0,0.0,10.72564394,1.65883861,-32.205237,61.96418165,3.68109526,90.00000018,0.0,79.23010252,-2.48911833,5.96787553,-19.65409715,3.34875441,-31.02380328,99.23193577,137.69692562,-8.81810814,35.0000001
1760625417.253,5.40682437,-3.0062449,-3.58721844,0.00176369,0.91215176,-0.01664159,80.0,-7.0,0.0,80.0,1.3962634,0.0,0.0,0.0,80.0,-7.0,0.0,80.0,1.3962634,0.0,0.0,0.0,10.35150358,0.8036634,-32.85690865,61.60233806,4.54498957,90.00000018,0.0,79.3103547,-2.46676951,5.90041698,-19.93441241,3.33118667,-31.94725293,99.17529732,137.680045,-8.86478471,35.0000001
1760625417.287,5.72680799,-3.02111839,-3.90942465,0.00071474,0.91257711,-0.01517928,80.0,-7.0,0.0,80.0,1.3962634,0.0,0.0,0.0,80.0,-7.0,0.0,80.0,1.3962634,0.0,0.0,0.0,10.17067888,0.50385001,-33.35930526,61.20940448,5.29308391,90.00000018,0.0,79.44648862,-2.48359642,5.83029685,-20.20340044,3.41490282,-32.83831898,99.18699507,137.62234249,-8.86181369,35.0000001
1760625417.32,5.9789389,-2.8990156,-4.05515965,0.00073721,0.91332861,-0.01425183,80.0,-7.0,0.0,80.0,1.3962634,0.0,0.0,0.0,80.0,-7.0,0.0,80.0,1.3962634,0.0,0.0,0.0,10.11294023,0.1336482,-33.93147244,60.88606747,5.93793931,90.00000018,0.0,79.61059226,-2.48297682,5.79371508,-20.43031787,3.53365529,-33.59408817,99.19074693,137.59883936,-8.91360626,35.0000001
1760625417.354,6.24548668,-2.64417361,-3.54779844,0.00037734,0.91384817,-0.01448547,80.0,-7.0,0.0,80.0,1.3962634,0.0,0.0,0.0,80.0,-7.0,0.0,80.0,1.3962634,0.0,0.0,0.0,9.91705564,-0.41086206,-34.82137663,60.75609958,6.35149326,90.00000018,0.0,79.68615251,-2.53181926,5.75382957,-20.5100641,3.53205933,-34.03904694,99.12264464,137.56964051,-9.01261971,35.0000001
1760625417.387,6.3226397,-2.62910443,-3.60190447,0.00084088,0.91353832,-0.01460633,80.0,-7.0,0.0,80.0,1.3962634,0.0,0.0,0.0,80.0,-7.0,0.0,80.0,1.3962634,0.0,0.0,0.0,9.9411165,-0.36123089,-34.90810905,60.73059792,6.44182413,90.00000018,0.0,79.85749886,-2.54163047,5.75799923,-20.51268141,3.66453194,-34.08625824,99.03961474,137.59492609,-9.16145128,35.0000001
1760625417.421,6.25558143,-2.61782088,-3.66159571,0.00119636,0.91295849,-0.01469885,80.0,-7.0,0.0,80.0,1.3962634,0.0,0.0,0.0,80.0,-7.0,0.0,80.0,1.3962634,0.0,0.0,0.0,9.87436756,-0.29842151,-34.97386538,60.89385377,6.6013504,90.00000018,0.0,79.81849383,-2.5111117,5.79599514,-20.2997026,3.65292413,-34.21480759,98.97939151,137.62832953,-9.30153654,35.0000001
1760625417.454,6.27402298,-2.64095287,-3.60931035,0.00218866,0.91249487,-0.01511952,80.0,-7.0,0.0,80.0,1.3962634,0.0,0.0,0.0,80.0,-7.0,0.0,80.0,1.3962634,0.0,0.0,0.0,9.91248407,-0.18855348,-34.92393839,60.91542142,6.47049402,90.00000018,0.0,79.83461603,-2.51175706,5.81606143,-20.26429434,3.7030704,-34.0782087,98.92715102,137.66818267,-9.40310089,35.0000001
1760625417.487,6.15606915,-2.70319349,-3.48353127,0.00261467,0.91199678,-0.01566546,80.0,-7.0,0.0,80.0,1.3962634,0.0,0.0,0.0,80.0,-7.0,0.0,80.0,1.3962634,0.0,0.0,0.0,9.95690963,-0.03862996,-34.73344856,61.06806061,6.16805537,90.00000018,0.0,79.66107797,-2.51953076,5.82707585,-20.14302077,3.61315434,-33.77479986,98.92229401,137.67685824,-9.464316,35.0000001
1760625417.521,6.1020259,-2.83503474,-3.52842326,0.0028104,0.91194807,-0.01588753,80.0,-7.0,0.0,80.0,1.3962634,0.0,0.0,0.0,80.0,-7.0,0.0,80.0,1.3962634,0.0,0.0,0.0,10.01467867,0.19422933,-34.48065308,61.14406862,5.95524037,90.00000018,0.0,79.53617482,-2.4997456,5.87068011,-20.09056069,3.57439841,-33.55570233,98.95200827,137.70563615,-9.50411358,35.0000001
1760625417.554,6.12407554,-2.83602734,-3.53988761,0.00151442,0.91222304,-0.01635502,80.0,-7.0,0.0,80.0,1.3962634,0.0,0.0,0.0,80.0,-7.0,0.0,80.0,1.3962634,0.0,0.0,0.0,10.01005581,0.20259895,-34.47938957,61.14255177,5.95597388,90.00000018,0.0,79.54471343,-2.49063547,5.88208193,-20.08636716,3.55446115,-33.56216376,98.92622195,137.78798531,-9.48974612,35.0000001
1760625417.588,6.71349106,-2.94417584,-3.79094828,0.00068143,0.91354812,-0.01642109,80.0,-7.0,0.0,80.0,1.3962634,0.0,0.0,0.0,80.0,-7.0,0.0,80.0,1.3962634,0.0,0.0,0.0,9.32251872,0.34145434,-34.4015423,61.23823751,6.14879229,90.00000018,0.0,79.57213909,-2.40840115,5.90494143,-19.99080313,3.55191674,-33.7069219,98.8696837,137.9435143,-9.46703916,35.0000001
1760625417.621,6.69859484,-2.92972378,-3.80083448,0.00236684,0.9133267,-0.01687628,80.0,-7.0,0.0,80.0,1.3962634,0.0,0.0,0.0,80.0,-7.0,0.0,80.0,1.3962634,0.0,0.0,0.0,9.33829388,0.36401764,-34.4152138,61.2268959,6.19361129,90.00000018,0.0,79.55893855,-2.38145001,5.90466013,-19.99965619,3.55215797,-33.65293953,98.86659747,138.05613703,-9.40069577,35.0000001
1760625417.655,6.55801155,-2.97953016,-3.87677738,0.00246791,0.91366853,-0.01661337,80.0,-7.0,0.0,80.0,1.3962634,0.0,0.0,0.0,80.0,-7.0,0.0,80.0,1.3962634,0.0,0.0,0.0,9.71144248,0.38205827,-34.66357044,60.98188976,6.44326406,90.00000018,0.0,79.73463476,-2.3709705,5.87770881,-20.22929629,3.73840415,-33.88383351,98.87257621,138.04413703,-9.34180662,35.0000001
1760625417.688,6.56664425,-2.96650811,-3.88083241,0.00211848,0.9137412,-0.01657271,80.0,-7.0,0.0,80.0,1.3962634,0.0,0.0,0.0,80.0,-7.0,0.0,80.0,1.3962634,0.0,0.0,0.0,9.72280774,0.38628954,-34.67960009,60.96369074,6.47323851,90.00000018,0.0,79.70956055,-2.35002933,5.84199404,-20.23629752,3.78670769,-33.87736004,98.83494684,138.06882459,-9.32400478,35.0000001
1760625417.721,6.50340389,-2.85158092,-4.0000462,0.00280296,0.91407228,-0.01539226,80.0,-7.0,0.0,80.0,1.3962634,0.0,0.0,0.0,80.0,-7.0,0.0,80.0,1.3962634,0.0,0.0,0.0,9.83645577,0.21411301,-34.91885742,60.84716429,6.88606046,90.00000018,0.0,79.79318964,-2.33472556,5.83017302,-20.30533687,3.91817505,-34.2522309,98.86136739,138.03598137,-9.33507944,35.0000001
1760625417.755,5.86095412,-2.67927305,-3.70199183,0.00485967,0.91315444,-0.01532271,80.0,-7.0,0.0,80.0,1.3962634,0.0,0.0,0.0,80.0,-7.0,0.0,80.0,1.3962634,0.0,0.0,0.0,10.70744614,-0.02990716,-35.16619272,60.60235494,6.86272814,90.00000018,0.0,79.80108721,-2.31677855,5.83312029,-20.53325984,4.01601125,-34.1643218,98.87720675,138.03132936,-9.37601526,35.0000001
1760625417.788,6.04573892,-2.64280016,-3.78601184,0.00367888,0.91371655,-0.01461782,80.0,-7.0,0.0,80.0,1.3962634,0.0,0.0,0.0,80.0,-7.0,0.0,80.0,1.3962634,0.0,0.0,0.0,10.60848636,-0.12489518,-35.28998145,60.47296173,7.10827717,90.00000018,0.0,79.87713422,-2.31264592,5.82780987,-20.62639425,4.10946548,-34.3725819,98.892306,138.02790966,-9.40714698,35.0000001
1760625417.822,6.05673,-2.63391975,-3.7791194,0.00299719,0.9139876,-0.01429887,80.0,-7.0,0.0,80.0,1.3962634,0.0,0.0,0.0,80.0,-7.0,0.0,80.0,1.3962634,0.0,0.0,0.0,10.60456353,-0.12798801,-35.28664419,60.45888278,7.15208056,90.00000018,0.0,79.86879649,-2.30404024,5.83113927,-20.63489931,4.12109497,-34.37954281,98.93838603,138.1420832,-9.38043685,35.0000001
1760625417.855,6.46937936,-2.47018079,-3.96238298,0.001635,0.91516823,-0.01349101,80.0,-7.0,0.0,80.0,1.3962634,0.0,0.0,0.0,80.0,-7.0,0.0,80.0,1.3962634,0.0,0.0,0.0,10.28512891,-0.40193532,-35.46882963,60.33072202,7.57682624,90.00000018,0.0,80.05207805,-2.25666542,5.8457283,-20.75780177,4.17411943,-34.80654956,98.9746379,138.19343345,-9.34893,35.0000001
1760625417.889,6.68064419,-2.38516895,-4.01628243,0.00080437,0.91575721,-0.01310295,80.0,-7.0,0.0,80.0,1.3962634,0.0,0.0,0.0,80.0,-7.0,0.0,80.0,1.3962634,0.0,0.0,0.0,10.06854455,-0.59571881,-35.56136282,60.27667478,7.75299632,90.00000018,0.0,80.07917742,-2.27518972,5.8345504,-20.80583255,4.1238061,-34.9656102,98.96609409,138.29385773,-9.35866976,35.0000001
1760625417.922,6.68323453,-2.38589735,-4.03208922,0.00091928,0.91577618,-0.01341054,80.0,-7.0,0.0,80.0,1.3962634,0.0,0.0,0.0,80.0,-7.0,0.0,80.0,1.3962634,0.0,0.0,0.0,10.0740363,-0.60084953,-35.57820198,60.28725694,7.72959753,90.00000018,0.0,80.07886478,-2.22813906,5.83855215,-20.81775836,4.11251687,-34.9950199,98.97710089,138.35399572,-9.36579914,35.0000001
1760625417.956,6.62414162,-2.32700774,-4.13532696,0.00141662,0.91546582,-0.01375895,80.0,-7.0,0.0,80.0,1.3962634,0.0,0.0,0.0,80.0,-7.0,0.0,80.0,1.3962634,0.0,0.0,0.0,10.1936988,-0.62199022,-35.75197894,60.26120386,7.90724904,90.00000018,0.0,80.19810957,-2.21006693,5.84516475,-20.83815901,4.21286525,-35.26805279,98.98882379,138.36599863,-9.33770443,35.0000001
1760625417.989,6.63901689,-2.32083968,-4.14264078,0.00167627,0.91519137,-0.01392603,80.0,-7.0,0.0,80.0,1.3962634,0.0,0.0,0.0,80.0,-7.0,0.0,80.0,1.3962634,0.0,0.0,0.0,10.21097606,-0.6164932,-35.76147233,60.28841862,7.87712323,90.00000018,0.0,80.19773519,-2.2319894,5.85578507,-20.85843232,4.19576927,-35.29723089,98.98345482,138.37867434,-9.34371197,35.0000001
1760625418.023,6.12473509,-2.16934608,-4.04374339,0.00254977,0.91433703,-0.01384939,80.0,-7.0,0.0,80.0,1.3962634,0.0,0.0,0.0,80.0,-7.0,0.0,80.0,1.3962634,0.0,0.0,0.0,10.93883581,-0.81186497,-36.06670195,60.12739045,7.98563603,90.00000018,0.0,80.34111027,-2.24453235,5.82229345,-21.04318013,4.31282452,-35.46198003,98.96991782,138.41751541,-9.37909689,35.0000001
1760625418.056,6.13811181,-2.16198706,-4.04946336,0.00291642,0.91427592,-0.01365839,80.0,-7.0,0.0,80.0,1.3962634,0.0,0.0,0.0,80.0,-7.0,0.0,80.0,1.3962634,0.0,0.0,0.0,10.9548406,-0.80754834,-36.07529905,60.15397982,7.97995882,90.00000018,0.0,80.3409936,-2.25434118,5.82272183,-21.05864924,4.30118289,-35.47141851,98.9676599,138.43270994,-9.3849825,35.0000001
1760625418.089,6.07375681,-2.06179854,-4.16300986,0.00272548,0.91426906,-0.01315475,80.0,-7.0,0.0,80.0,1.3962634,0.0,0.0,0.0,80.0,-7.0,0.0,80.0,1.3962634,0.0,0.0,0.0,11.09906862,-0.9460927,-36.20872941,60.16881662,8.20896468,90.00000018,0.0,80.39624107,-2.22451541,5.82058083,-21.11404286,4.34754376,-35.70471695,98.97802566,138.50146058,-9.44274566,35.0000001
1760625418.123,6.08460302,-2.05634008,-4.17397866,0.00332168,0.91368513,-0.01333474,80.0,-7.0,0.0,80.0,1.3962634,0.0,0.0,0.0,80.0,-7.0,0.0,80.0,1.3962634,0.0,0.0,0.0,11.13431178,-0.94692247,-36.22422583,60.20986136,8.21695001,90.00000018,0.0,80.39275562,-2.26372099,5.80305363,-21.13332384,4.3489185,-35.70780684,99.02660128,138.53634855,-9.48031946,35.0000001
1760625418.19,5.56471133,-2.04537985,-4.24633239,0.00390583,0.91209595,-0.01357419,80.0,-7.0,0.0,80.0,1.3962634,0.0,0.0,0.0,80.0,-7.0,0.0,80.0,1.3962634,0.0,0.0,0.0,11.81667942,-0.88120242,-36.53673927,60.34854899,8.50538098,90.00000018,0.0,80.56409762,-2.25447507,5.7881356,-21.14100277,4.49183738,-35.91059075,99.11532277,138.5283068,-9.64946923,35.0000001
1760625418.223,5.64400106,-2.06302817,-4.04668977,0.00231196,0.91197363,-0.01517197,80.0,-7.0,0.0,80.0,1.3962634,0.0,0.0,0.0,80.0,-7.0,0.0,80.0,1.3962634,0.0,0.0,0.0,11.70555262,-0.7210439,-36.36072475,60.59550117,8.15669188,90.00000018,0.0,80.43518958,-2.24980584,5.79673332,-20.98355157,4.45088872,-35.40862273,99.09376118,138.57942723,-9.79068901,35.0000001
1760625418.257,5.75768827,-2.0676759,-3.96917595,0.00198206,0.91242062,-0.01554461,80.0,-7.0,0.0,80.0,1.3962634,0.0,0.0,0.0,80.0,-7.0,0.0,80.0,1.3962634,0.0,0.0,0.0,11.68693641,-0.67834593,-36.22700205,60.64272938,7.9521853,90.00000018,0.0,80.37494666,-2.27040584,5.77890435,-20.97931718,4.45034924,-35.06342834,99.05678317,138.63944509,-9.95344326,35.0000001
1760625418.29,5.78184843,-2.08401431,-3.89998748,0.00251225,0.91264042,-0.01567503,80.0,-7.0,0.0,80.0,1.3962634,0.0,0.0,0.0,80.0,-7.0,0.0,80.0,1.3962634,0.0,0.0,0.0,11.7733511,-0.659899,-36.06826232,60.6690286,7.73898169,90.00000018,0.0,80.3391894,-2.29417754,5.7727748,-20.97895018,4.39068535,-34.67810207,98.97056759,138.68405769,-10.14559418,35.0000001
1760625418.323,5.69177215,-2.07597901,-3.73385763,0.00332221,0.91269016,-0.01602799,80.0,-7.0,0.0,80.0,1.3962634,0.0,0.0,0.0,80.0,-7.0,0.0,80.0,1.3962634,0.0,0.0,0.0,11.8830711,-0.62573841,-35.77715873,60.75688018,7.35158031,90.00000018,0.0,80.19145807,-2.33178286,5.77864179,-20.92104995,4.26770269,-34.13440545,98.92666104,138.7122361,-10.26959269,35.0000001
1760625418.357,5.09978262,-2.09696302,-3.83799524,0.00532015,0.91202679,-0.01632691,80.0,-7.0,0.0,80.0,1.3962634,0.0,0.0,0.0,80.0,-7.0,0.0,80.0,1.3962634,0.0,0.0,0.0,12.61494206,-0.40947597,-35.12335275,60.74799662,6.80295664,90.00000018,0.0,80.10414137,-2.36946178,5.79614395,-20.949732,4.22147721,-33.43011914,98.90994153,138.70341119,-10.36601287,35.0000001
1760625418.39,5.2509563,-2.14677914,-3.54061101,0.00498767,0.91254967,-0.01697158,80.0,-7.0,0.0,80.0,1.3962634,0.0,0.0,0.0,80.0,-7.0,0.0,80.0,1.3962634,0.0,0.0,0.0,12.62546879,-0.31812379,-34.62235404,60.60107543,6.05918963,90.00000018,0.0,79.92880411,-2.4834503,5.78425485,-21.03602471,4.12090002,-32.47579675,98.83223313,138.71264259,-10.54324037,35.0000001
1760625418.424,5.44194439,-2.17762772,-3.50173889,0.00437879,0.91301598,-0.0172923,80.0,-7.0,0.0,80.0,1.3962634,0.0,0.0,0.0,80.0,-7.0,0.0,80.0,1.3962634,0.0,0.0,0.0,12.52545441,-0.25623494,-34.18461708,60.47412848,5.61051479,90.00000018,0.0,79.85269823,-2.49692046,5.80234091,-21.10523982,4.05008517,-31.93153169,98.79462527,138.72318769,-10.59402974,35.0000001
1760625418.457,5.81559248,-2.12121101,-3.90336411,0.0037854,0.91356133,-0.01692425,80.0,-7.0,0.0,80.0,1.3962634,0.0,0.0,0.0,80.0,-7.0,0.0,80.0,1.3962634,0.0,0.0,0.0,12.10175234,-0.19137994,-33.6176967,60.47520754,5.47251827,90.00000018,0.0,79.87042715,-2.46345863,5.83636193,-21.04030392,4.01030326,-31.75300214,98.74048021,138.74440842,-10.5824384,35.0000001
1760625418.491,5.92180485,-2.16409428,-3.89553091,0.00298463,0.91415366,-0.01640158,80.0,-7.0,0.0,80.0,1.3962634,0.0,0.0,0.0,80.0,-7.0,0.0,80.0,1.3962634,0.0,0.0,0.0,12.11025171,-0.21629658,-33.59144942,60.29086243,5.42635909,90.00000018,0.0,79.89778241,-2.39023176,5.90000552,-21.23429278,4.02045102,-31.74302027,98.77942148,138.76576359,-10.47036749,35.0000001
1760625418.524,5.96656324,-2.1808698,-3.96722323,0.00252929,0.91431871,-0.01581728,80.0,-7.0,0.0,80.0,1.3962634,0.0,0.0,0.0,80.0,-7.0,0.0,80.0,1.3962634,0.0,0.0,0.0,12.07935681,-0.28629552,-33.64418841,60.22284398,5.58310602,90.00000018,0.0,79.83178361,-2.3708059,5.93598958,-21.35763771,3.98998961,-31.94414781,98.88755389,138.71364893,-10.35148231,35.0000001
1760625418.558,5.98711836,-2.13835122,-4.0417517,0.00168523,0.91440738,-0.01508172,80.0,-7.0,0.0,80.0,1.3962634,0.0,0.0,0.0,80.0,-7.0,0.0,80.0,1.3962634,0.0,0.0,0.0,11.98301319,-0.38569202,-33.7279073,60.29479476,5.76701824,90.00000018,0.0,79.78853977,-2.33707821,5.92963496,-21.38042201,3.95080497,-32.20925471,99.00026929,138.68704576,-10.22397702,35.0000001
1760625418.591,6.13603544,-2.02815935,-4.14425218,0.00110223,0.91458819,-0.01464004,80.0,-7.0,0.0,80.0,1.3962634,0.0,0.0,0.0,80.0,-7.0,0.0,80.0,1.3962634,0.0,0.0,0.0,11.75433386,-0.51644015,-33.95997805,60.41702592,6.08468471,90.00000018,0.0,79.86413328,-2.30235206,5.92693814,-21.36764419,3.99117876,-32.71110134,99.18214844,138.61003743,-10.03682101,35.0000001
1760625418.625,6.05568892,-2.03717316,-4.14230326,0.00152187,0.9139984,-0.01471589,80.0,-7.0,0.0,80.0,1.3962634,0.0,0.0,0.0,80.0,-7.0,0.0,80.0,1.3962634,0.0,0.0,0.0,11.72651526,-0.5076933,-34.01488455,60.53335139,6.15275533,90.00000018,0.0,79.74258487,-2.29335458,5.92035324,-21.30092931,3.91369361,-32.84238284,99.26871063,138.60058733,-9.94668326,35.0000001
1760625418.658,6.05234239,-2.01990204,-4.17258993,0.00099541,0.91399248,-0.01508208,80.0,-7.0,0.0,80.0,1.3962634,0.0,0.0,0.0,80.0,-7.0,0.0,80.0,1.3962634,0.0,0.0,0.0,11.67937749,-0.4604747,-34.13906678,60.66324931,6.29162664,90.00000018,0.0,79.80165314,-2.31023278,5.91159984,-21.20598883,3.93992296,-33.00098464,99.29628027,138.5777427,-9.93416903,35.0000001
1760625418.692,6.14016373,-2.02244833,-4.16149246,0.00038924,0.91428491,-0.01550989,80.0,-7.0,0.0,80.0,1.3962634,0.0,0.0,0.0,80.0,-7.0,0.0,80.0,1.3962634,0.0,0.0,0.0,11.64249888,-0.40275018,-34.20062413,60.74825468,6.31443052,90.00000018,0.0,79.95460207,-2.30121152,5.90431801,-21.15279969,3.97001573,-32.97990156,99.22936422,138.60229292,-10.03096997,35.0000001
1760625418.725,6.17391441,-2.03691284,-4.17257358,0.00040791,0.91457364,-0.01484265,80.0,-7.0,0.0,80.0,1.3962634,0.0,0.0,0.0,80.0,-7.0,0.0,80.0,1.3962634,0.0,0.0,0.0,11.66290545,-0.42168119,-34.21970901,60.75321772,6.35122495,90.00000018,0.0,79.97898572,-2.28556609,5.90848771,-21.15170971,3.94192007,-32.96268214,99.11514664,138.65926387,-10.1352638,35.0000001
1760625418.759,6.19848926,-2.04210195,-4.18408168,0.0017251,0.91458706,-0.01460646,80.0,-7.0,0.0,80.0,1.3962634,0.0,0.0,0.0,80.0,-7.0,0.0,80.0,1.3962634,0.0,0.0,0.0,11.72009969,-0.44228836,-34.24576618,60.74863403,6.38980742,90.00000018,0.0,80.00487906,-2.25066922,5.92747095,-21.12862478,3.92404384,-32.88713782,98.91390458,138.72783958,-10.345167,35.0000001
1760625418.792,5.49431319,-2.07736269,-4.02139394,0.00414872,0.9138242,-0.01498374,80.0,-7.0,0.0,80.0,1.3962634,0.0,0.0,0.0,80.0,-7.0,0.0,80.0,1.3962634,0.0,0.0,0.0,12.56068287,-0.40989376,-34.42070007,60.67355511,6.3331781,90.00000018,0.0,80.01885219,-2.24887389,5.92453499,-21.17942281,3.94719371,-32.79450513,98.8084211,138.75631045,-10.47440491,35.0000001
1760625418.825,5.40337131,-2.08132867,-4.05011648,0.0052251,0.91379934,-0.01540173,80.0,-7.0,0.0,80.0,1.3962634,0.0,0.0,0.0,80.0,-7.0,0.0,80.0,1.3962634,0.0,0.0,0.0,12.63840193,-0.3919798,-34.5032642,60.7327823,6.436132,90.00000018,0.0,80.03003887,-2.25576071,5.90880326,-21.09050721,3.96007957,-32.89411407,98.78265975,138.75556133,-10.55901492,35.0000001
1760625418.859,5.38989695,-2.09232276,-4.04761093,0.00668656,0.91380582,-0.01574642,80.0,-7.0,0.0,80.0,1.3962634,0.0,0.0,0.0,80.0,-7.0,0.0,80.0,1.3962634,0.0,0.0,0.0,12.70108148,-0.37292282,-34.51707723,60.74538378,6.46921171,90.00000018,0.0,80.03308279,-2.24706915,5.91150057,-21.06393022,3.98306838,-32.83560393,98.70584158,138.79945266,-10.70007339,35.0000001
1760625418.892,4.8543807,-2.32380899,-3.9352824,0.00740085,0.9129531,-0.01659334,80.0,-7.0,0.0,80.0,1.3962634,0.0,0.0,0.0,80.0,-7.0,0.0,80.0,1.3962634,0.0,0.0,0.0,13.27058033,-0.02151862,-34.53853823,60.79582779,6.28856076,90.00000018,0.0,80.08969123,-2.26735779,5.91221918,-21.02786627,4.05480071,-32.58246118,98.67197102,138.80807495,-10.80107199,35.0000001
1760625418.926,4.87877235,-2.32416823,-3.95261534,0.0055907,0.91319686,-0.0166595,80.0,-7.0,0.0,80.0,1.3962634,0.0,0.0,0.0,80.0,-7.0,0.0,80.0,1.3962634,0.0,0.0,0.0,13.25534856,-0.02949213,-34.54524806,60.79801347,6.35041308,90.00000018,0.0,80.07806895,-2.26444788,5.91933595,-21.00732642,4.07951326,-32.56233027,98.6116101,138.86199497,-10.87807033,35.0000001
1760625418.959,5.10477753,-2.26261949,-4.12798645,0.00395021,0.91348875,-0.01677292,80.0,-7.0,0.0,80.0,1.3962634,0.0,0.0,0.0,80.0,-7.0,0.0,80.0,1.3962634,0.0,0.0,0.0,12.88036967,-0.04444689,-34.59929356,60.95196151,6.63759885,90.00000018,0.0,80.12548788,-2.19954002,5.92692271,-20.8186534,4.13293805,-32.77582486,98.53996072,138.89185374,-10.92495955,35.0000001
1760625418.992,5.56888441,-2.27058877,-4.24627576,0.00371297,0.91411296,-0.016318,80.0,-7.0,0.0,80.0,1.3962634,0.0,0.0,0.0,80.0,-7.0,0.0,80.0,1.3962634,0.0,0.0,0.0,12.34182741,-0.06007161,-34.54522759,61.00317595,6.7386653,90.00000018,0.0,80.1198507,-2.194417,5.92809069,-20.74652173,4.14915154,-32.81576434,98.46872094,138.92499621,-10.97592842,35.0000001
1760625419.026,5.55206422,-2.2775858,-4.25803707,0.00415358,0.91411846,-0.01600731,80.0,-7.0,0.0,80.0,1.3962634,0.0,0.0,0.0,80.0,-7.0,0.0,80.0,1.3962634,0.0,0.0,0.0,12.33333242,-0.07431396,-34.55298574,61.01101647,6.75104692,90.00000018,0.0,80.10338008,-2.17972391,5.91538601,-20.74071456,4.1775414,-32.82735321,98.46998999,138.96430493,-10.97409168,35.0000001
1760625419.06,5.29172723,-2.27190624,-4.33158377,0.00593971,0.91333979,-0.01637782,80.0,-7.0,0.0,80.0,1.3962634,0.0,0.0,0.0,80.0,-7.0,0.0,80.0,1.3962634,0.0,0.0,0.0,12.58107171,-0.00271278,-34.69021123,61.02985522,6.88667993,90.00000018,0.0,80.22735531,-2.16543138,5.92460704,-20.72389116,4.32927596,-33.06527524,98.56012086,138.9293897,-10.88987088,35.0000001
1760625419.093,4.85949797,-2.35173025,-4.19397216,0.00716024,0.9125412,-0.01629744,80.0,-7.0,0.0,80.0,1.3962634,0.0,0.0,0.0,80.0,-7.0,0.0,80.0,1.3962634,0.0,0.0,0.0,13.07888123,0.06308116,-34.75684336,60.93752779,6.74500407,90.00000018,0.0,80.23526922,-2.19001057,5.93219733,-20.81706511,4.36448927,-33.00419845,98.61707653,138.91968057,-10.81022923,35.0000001
1760625419.127,5.04311527,-2.31386172,-4.34813778,0.00602472,0.9128446,-0.01550029,80.0,-7.0,0.0,80.0,1.3962634,0.0,0.0,0.0,80.0,-7.0,0.0,80.0,1.3962634,0.0,0.0,0.0,12.91863787,-0.02685536,-34.91127271,60.85447465,7.02581586,90.00000018,0.0,80.35427612,-2.17217611,5.93651408,-20.87361576,4.4435724,-33.38875006,98.66928011,138.88151462,-10.73903096,35.0000001
1760625419.16,5.03110847,-2.29795524,-4.3427357,0.00619707,0.91253647,-0.01518165,80.0,-7.0,0.0,80.0,1.3962634,0.0,0.0,0.0,80.0,-7.0,0.0,80.0,1.3962634,0.0,0.0,0.0,12.88901035,-0.02750746,-34.91469986,60.8527192,6.99539323,90.00000018,0.0,80.34259511,-2.1442741,5.93206063,-20.85387486,4.45887075,-33.48214777,98.75097499,138.863789,-10.620183,35.0000001
1760625419.193,5.12552068,-2.24105596,-4.46911751,0.00561203,0.91265662,-0.01473558,80.0,-7.0,0.0,80.0,1.3962634,0.0,0.0,0.0,80.0,-7.0,0.0,80.0,1.3962634,0.0,0.0,0.0,12.66577829,-0.13006013,-35.08333315,60.88179863,7.31794287,90.00000018,0.0,80.38442989,-2.11570806,5.93999182,-20.76541116,4.43979926,-33.8801039,98.75413522,138.85243679,-10.57055043,35.0000001
1760625419.227,5.11555041,-2.23530845,-4.47103472,0.00592634,0.9124078,-0.01471049,80.0,-7.0,0.0,80.0,1.3962634,0.0,0.0,0.0,80.0,-7.0,0.0,80.0,1.3962634,0.0,0.0,0.0,12.65458612,-0.12452758,-35.08717165,60.86448086,7.30826572,90.00000018,0.0,80.36830215,-2.10768841,5.94715794,-20.76100216,4.44398698,-33.89422573,98.74682432,138.85298704,-10.57544864,35.0000001
1760625419.26,5.04284203,-2.28381585,-4.46517589,0.00622327,0.91196853,-0.01458053,80.0,-7.0,0.0,80.0,1.3962634,0.0,0.0,0.0,80.0,-7.0,0.0,80.0,1.3962634,0.0,0.0,0.0,12.62383293,-0.11342739,-35.08030458,60.84676696,7.30173601,90.00000018,0.0,80.2572087,-2.1089599,5.95413096,-20.70976743,4.36696976,-33.93255505,98.73691663,138.84498213,-10.60064709,35.0000001
1760625419.294,4.90897671,-2.37388899,-4.29337541,0.00641309,0.91154405,-0.01528861,80.0,-7.0,0.0,80.0,1.3962634,0.0,0.0,0.0,80.0,-7.0,0.0,80.0,1.3962634,0.0,0.0,0.0,12.61950451,0.0198968,-34.867352,60.95745583,6.95159584,90.00000018,0.0,80.02346484,-2.11033636,5.97311285,-20.59729134,4.21450703,-33.60147981,98.77317888,138.84016474,-10.57541686,35.0000001
1760625419.327,4.82677816,-2.48199648,-4.16943346,0.0066854,0.91128864,-0.01602068,80.0,-7.0,0.0,80.0,1.3962634,0.0,0.0,0.0,80.0,-7.0,0.0,80.0,1.3962634,0.0,0.0,0.0,12.65114454,0.1895123,-34.59509585,61.01017282,6.5972756,90.00000018,0.0,79.8270834,-2.1150044,5.98697076,-20.54600951,4.12725314,-33.27050293,98.81115205,138.83236828,-10.52412659,35.0000001
1760625419.361,4.68931127,-2.56493166,-4.15846229,0.00662724,0.91087475,-0.01653844,80.0,-7.0,0.0,80.0,1.3962634,0.0,0.0,0.0,80.0,-7.0,0.0,80.0,1.3962634,0.0,0.0,0.0,12.63837493,0.368882,-34.32816933,61.15015108,6.41642505,90.00000018,0.0,79.67009241,-2.08304545,6.02381515,-20.39137999,4.03702927,-33.07513777,98.83345277,138.82099812,-10.5264627,35.0000001
1760625419.394,4.6203827,-2.66566428,-4.19762871,0.00688173,0.91085776,-0.01676374,80.0,-7.0,0.0,80.0,1.3962634,0.0,0.0,0.0,80.0,-7.0,0.0,80.0,1.3962634,0.0,0.0,0.0,12.6289749,0.5478091,-34.0518093,61.19549966,6.24390578,90.00000018,0.0,79.52683385,-2.07194583,6.04373437,-20.31393967,3.99493141,-32.85121551,98.79107708,138.84092028,-10.57529123,35.0000001
1760625419.427,4.59077924,-2.66261558,-4.18409429,0.00781698,0.91078721,-0.01688688,80.0,-7.0,0.0,80.0,1.3962634,0.0,0.0,0.0,80.0,-7.0,0.0,80.0,1.3962634,0.0,0.0,0.0,12.62414535,0.56839082,-34.01749047,61.17878633,6.2588634,90.00000018,0.0,79.47587728,-2.03223937,6.07346755,-20.27089656,4.01109718,-32.85048615,98.74353898,138.84982607,-10.58141039,35.0000001
1760625419.461,4.82809074,-2.79405516,-4.59146773,0.00585707,0.91148665,-0.01673458,80.0,-7.0,0.0,80.0,1.3962634,0.0,0.0,0.0,80.0,-7.0,0.0,80.0,1.3962634,0.0,0.0,0.0,12.18924515,0.84981117,-33.28266899,61.28704984,6.01921001,90.00000018,0.0,79.25228978,-1.98739097,6.09888479,-20.1081735,3.89064595,-32.58540865,98.69107418,138.85270099,-10.57044535,35.0000001
1760625419.494,4.84488233,-2.81210976,-4.56577029,0.00493264,0.91131493,-0.01662072,80.0,-7.0,0.0,80.0,1.3962634,0.0,0.0,0.0,80.0,-7.0,0.0,80.0,1.3962634,0.0,0.0,0.0,12.1164507,0.82219567,-33.20277982,61.21881827,5.97725822,90.00000018,0.0,79.13407988,-1.96213612,6.10350462,-20.12755408,3.82476718,-32.53881132,98.70553238,138.81381149,-10.53700748,35.0000001
1760625419.528,4.58925238,-2.78066753,-4.43872553,0.00679039,0.91052445,-0.0169498,80.0,-7.0,0.0,80.0,1.3962634,0.0,0.0,0.0,80.0,-7.0,0.0,80.0,1.3962634,0.0,0.0,0.0,12.24643886,0.82412816,-33.07115906,61.25488161,5.7803342,90.00000018,0.0,78.96294049,-1.95925925,6.09219992,-20.06660089,3.73329569,-32.3207839,98.75201474,138.78664925,-10.49741119,35.0000001
1760625419.561,4.74307451,-2.67835071,-4.59230546,0.00529942,0.91101636,-0.01599164,80.0,-7.0,0.0,80.0,1.3962634,0.0,0.0,0.0,80.0,-7.0,0.0,80.0,1.3962634,0.0,0.0,0.0,12.10783732,0.64818228,-33.19279782,61.06172126,6.07953147,90.00000018,0.0,79.01223496,-1.93569259,6.06817499,-20.16307355,3.79045565,-32.64720152,98.744292,138.74042728,-10.45196156,35.0000001
1760625419.595,4.85627417,-2.56977869,-4.68812769,0.00459892,0.91116781,-0.01563519,80.0,-7.0,0.0,80.0,1.3962634,0.0,0.0,0.0,80.0,-7.0,0.0,80.0,1.3962634,0.0,0.0,0.0,11.94161572,0.4965425,-33.38281433,60.99495436,6.36293177,90.00000018,0.0,79.09034381,-1.93128347,6.03776591,-20.15457028,3.83589773,-32.97623239,98.73985704,138.69986546,-10.42153103,35.0000001
1760625419.628,5.18461279,-2.3924096,-4.7418133,0.0035476,0.91163556,-0.01492035,80.0,-7.0,0.0,80.0,1.3962634,0.0,0.0,0.0,80.0,-7.0,0.0,80.0,1.3962634,0.0,0.0,0.0,11.72006161,0.18774669,-33.78680962,60.77609882,6.78448618,90.00000018,0.0,79.29054021,-1.9287262,5.99448785,-20.28394151,3.96278851,-33.46176464,98.68926891,138.6673987,-10.42606308,35.0000001
1760625419.662,5.38338418,-2.21875807,-4.47903973,0.00349277,0.91166444,-0.01476932,80.0,-7.0,0.0,80.0,1.3962634,0.0,0.0,0.0,80.0,-7.0,0.0,80.0,1.3962634,0.0,0.0,0.0,11.67883246,-0.16199646,-34.45001349,60.51397312,7.13259047,90.00000018,0.0,79.49705683,-1.92410003,5.94719546,-20.45967063,4.10885371,-33.85708913,98.61655924,138.6433252,-10.44613718,35.0000001
1760625419.695,5.53204402,-2.19146144,-4.63745773,0.00273452,0.91243485,-0.01379319,80.0,-7.0,0.0,80.0,1.3962634,0.0,0.0,0.0,80.0,-7.0,0.0,80.0,1.3962634,0.0,0.0,0.0,11.60807189,-0.26967165,-34.69109158,60.38214258,7.47610481,90.00000018,0.0,79.66464938,-1.89904463,5.9198338,-20.55513658,4.20759459,-34.22889378,98.55871754,138.62610405,-10.46470432,35.0000001
1760625419.729,5.53503294,-2.17349823,-4.6625604,0.00326137,0.9123946,-0.01330307,80.0,-7.0,0.0,80.0,1.3962634,0.0,0.0,0.0,80.0,-7.0,0.0,80.0,1.3962634,0.0,0.0,0.0,11.6134633,-0.29331992,-34.73995122,60.36387879,7.5061045,90.00000018,0.0,79.67663819,-1.90122111,5.88955875,-20.55463506,4.21616721,-34.24016661,98.47466842,138.60462592,-10.52643504,35.0000001
1760625419.762,5.27895156,-1.81940587,-4.30367876,0.00422547,0.912167,-0.01310557,80.0,-7.0,0.0,80.0,1.3962634,0.0,0.0,0.0,80.0,-7.0,0.0,80.0,1.3962634,0.0,0.0,0.0,12.05425857,-0.88822103,-35.38794431,60.12102908,7.84012032,90.00000018,0.0,79.75321371,-1.88840625,5.89899932,-20.77862468,4.27884833,-34.57250605,98.46927577,138.6081,-10.55773529,35.0000001
1760625419.795,5.29416079,-1.82567732,-4.31399374,0.00418701,0.91179359,-0.01298733,80.0,-7.0,0.0,80.0,1.3962634,0.0,0.0,0.0,80.0,-7.0,0.0,80.0,1.3962634,0.0,0.0,0.0,12.05872725,-0.89343844,-35.4063627,60.12008181,7.83369336,90.00000018,0.0,79.75786726,-1.87160077,5.89763006,-20.80471937,4.27745419,-34.56837296,98.45223411,138.60014471,-10.59327163,35.0000001
1760625419.829,5.5229106,-1.84449645,-4.28176021,0.00265753,0.91219972,-0.01317788,80.0,-7.0,0.0,80.0,1.3962634,0.0,0.0,0.0,80.0,-7.0,0.0,80.0,1.3962634,0.0,0.0,0.0,11.99536235,-0.89116234,-35.39379818,59.99025289,7.7334389,90.00000018,0.0,79.79799968,-1.86686524,5.90688477,-20.93149843,4.33796322,-34.45376986,98.42231734,138.59465238,-10.6457481,35.0000001
1760625419.862,6.16115353,-1.86913785,-4.33553556,0.00118106,0.91275461,-0.01359166,80.0,-7.0,0.0,80.0,1.3962634,0.0,0.0,0.0,80.0,-7.0,0.0,80.0,1.3962634,0.0,0.0,0.0,11.20469346,-0.77335377,-34.9677036,60.21821957,7.42912708,90.00000018,0.0,79.60286547,-1.84466924,5.93541829,-20.75091117,4.21645873,-34.07383128,98.40564389,138.60833621,-10.69329573,35.0000001
1760625419.896,6.24907668,-1.93267878,-4.21186562,0.00097535,0.91296654,-0.0137576,80.0,-7.0,0.0,80.0,1.3962634,0.0,0.0,0.0,80.0,-7.0,0.0,80.0,1.3962634,0.0,0.0,0.0,11.26379726,-0.71782052,-34.67334008,60.13861677,7.02755967,90.00000018,0.0,79.4590872,-1.81861478,5.97043274,-20.89567908,4.15068739,-33.58669241,98.3794012,138.6112053,-10.73960298,35.0000001
1760625419.929,6.45440609,-2.0076292,-4.60043269,0.0004391,0.91308585,-0.01367933,80.0,-7.0,0.0,80.0,1.3962634,0.0,0.0,0.0,80.0,-7.0,0.0,80.0,1.3962634,0.0,0.0,0.0,11.06643966,-0.46252719,-33.80241305,60.21300689,6.56842965,90.00000018,0.0,79.26277277,-1.8486869,5.99449249,-20.85420619,4.04814203,-32.97144522,98.28141938,138.64890611,-10.84200326,35.0000001
1760625419.963,6.52323233,-2.08112287,-4.4115124,0.00019004,0.91330503,-0.01410152,80.0,-7.0,0.0,80.0,1.3962634,0.0,0.0,0.0,80.0,-7.0,0.0,80.0,1.3962634,0.0,0.0,0.0,11.07670433,-0.41902287,-33.55663121,60.12382554,6.16699526,90.00000018,0.0,79.04099956,-1.85374406,6.01993508,-20.93038886,3.94360179,-32.47567245,98.236837,138.66724505,-10.88586712,35.0000001
1760625420.03,6.64401498,-2.15405285,-4.35212989,0.00031761,0.91409085,-0.01416349,80.0,-7.0,0.0,80.0,1.3962634,0.0,0.0,0.0,80.0,-7.0,0.0,80.0,1.3962634,0.0,0.0,0.0,11.09655099,-0.39588967,-33.42356295,59.94309335,5.97607099,90.00000018,0.0,78.93048673,-1.83008,6.04832849,-21.10654965,3.8857209,-32.28993909,98.30822407,138.61081363,-10.825211,35.0000001
1760625420.063,6.66373036,-2.15359361,-4.33410534,0.00047778,0.91390984,-0.01420934,80.0,-7.0,0.0,80.0,1.3962634,0.0,0.0,0.0,80.0,-7.0,0.0,80.0,1.3962634,0.0,0.0,0.0,11.09367753,-0.38513198,-33.38363923,59.94290054,5.95351729,90.00000018,0.0,78.90656939,-1.7849528,6.06719163,-21.14704928,3.8691705,-32.2643605,98.36356887,138.54901053,-10.781196,35.0000001
1760625420.096,6.68672216,-2.1519248,-4.33764936,-0.0001791,0.91373795,-0.01443366,80.0,-7.0,0.0,80.0,1.3962634,0.0,0.0,0.0,80.0,-7.0,0.0,80.0,1.3962634,0.0,0.0,0.0,11.0787447,-0.37122725,-33.37519751,59.92990628,5.96287535,90.00000018,0.0,78.89642606,-1.77475027,6.06500021,-21.16881465,3.86178185,-32.23333079,98.29675929,138.55892588,-10.81596739,35.0000001
1760625420.13,6.73874783,-2.16351785,-4.31677763,0.00120043,0.91371236,-0.01490003,80.0,-7.0,0.0,80.0,1.3962634,0.0,0.0,0.0,80.0,-7.0,0.0,80.0,1.3962634,0.0,0.0,0.0,11.11848806,-0.2964892,-33.34312477,59.8800845,5.86540539,90.00000018,0.0,78.95252754,-1.78497481,6.05085551,-21.24720121,3.94474119,-32.07229646,98.1729236,138.59304079,-10.90964192,35.0000001
1760625420.163,6.73920649,-2.15735473,-4.32266898,0.00113005,0.91364199,-0.01487416,80.0,-7.0,0.0,80.0,1.3962634,0.0,0.0,0.0,80.0,-7.0,0.0,80.0,1.3962634,0.0,0.0,0.0,11.11748001,-0.28929832,-33.350035,59.88188206,5.87356315,90.00000018,0.0,78.9354306,-1.79004302,6.04713794,-21.26064909,3.95539302,-32.06363643,98.15402963,138.58922878,-10.91236698,35.0000001
1760625420.197,6.81234306,-2.20358684,-4.38999721,0.00118147,0.91389263,-0.01431009,80.0,-7.0,0.0,80.0,1.3962634,0.0,0.0,0.0,80.0,-7.0,0.0,80.0,1.3962634,0.0,0.0,0.0,11.13889365,-0.30461883,-33.42864805,59.74342316,5.98859977,90.00000018,0.0,78.99426529,-1.78909908,6.04553902,-21.38381289,3.99273972,-32.23891499,98.16954151,138.56149949,-10.88894819,35.0000001
1760625420.23,6.81459412,-2.18367416,-4.37638114,0.0014501,0.91372554,-0.01436428,80.0,-7.0,0.0,80.0,1.3962634,0.0,0.0,0.0,80.0,-7.0,0.0,80.0,1.3962634,0.0,0.0,0.0,11.14940313,-0.29109228,-33.42917717,59.73151255,5.95076883,90.00000018,0.0,79.00989602,-1.76499887,6.05944972,-21.41115385,4.01662283,-32.29077695,98.25018607,138.51938405,-10.81386768,35.0000001
1760625420.264,6.81499805,-2.16531057,-4.36124619,0.00174229,0.91357845,-0.01443394,80.0,-7.0,0.0,80.0,1.3962634,0.0,0.0,0.0,80.0,-7.0,0.0,80.0,1.3962634,0.0,0.0,0.0,11.16713878,-0.28104344,-33.43391285,59.70978225,5.93696165,90.00000018,0.0,79.03708426,-1.75459221,6.08717936,-21.43519365,4.04973627,-32.29270468,98.26937508,138.50544753,-10.78981209,35.0000001
1760625420.297,6.86655112,-2.10381064,-4.43066288,0.00160585,0.91381096,-0.01370593,80.0,-7.0,0.0,80.0,1.3962634,0.0,0.0,0.0,80.0,-7.0,0.0,80.0,1.3962634,0.0,0.0,0.0,11.23379651,-0.37193859,-33.5868795,59.56758463,6.12403173,90.00000018,0.0,79.17245405,-1.73606965,6.07744908,-21.54708041,4.14797266,-32.50580426,98.24402411,138.47984394,-10.78999511,35.0000001
1760625420.331,6.8649548,-2.08113411,-4.42195405,0.00162663,0.91377664,-0.01353408,80.0,-7.0,0.0,80.0,1.3962634,0.0,0.0,0.0,80.0,-7.0,0.0,80.0,1.3962634,0.0,0.0,0.0,11.26719278,-0.38629888,-33.61132925,59.53892873,6.12547581,90.00000018,0.0,79.19640492,-1.73057078,6.07620986,-21.57930483,4.17435384,-32.48201778,98.1876459,138.49178912,-10.82418709,35.0000001
1760625420.364,6.8603174,-1.99303392,-4.4486732,0.00146919,0.91401455,-0.01303623,80.0,-7.0,0.0,80.0,1.3962634,0.0,0.0,0.0,80.0,-7.0,0.0,80.0,1.3962634,0.0,0.0,0.0,11.36827994,-0.551415,-33.75817783,59.41643913,6.29719719,90.00000018,0.0,79.25508091,-1.71745412,6.07819125,-21.68262707,4.21264771,-32.64493451,98.15329964,138.49018859,-10.8287625,35.0000001
1760625420.398,6.57521892,-1.89442633,-4.36830531,0.00232946,0.91345234,-0.01310091,80.0,-7.0,0.0,80.0,1.3962634,0.0,0.0,0.0,80.0,-7.0,0.0,80.0,1.3962634,0.0,0.0,0.0,11.76517013,-0.69485306,-34.06502852,59.30561346,6.4899542,90.00000018,0.0,79.36948977,-1.69232068,6.08709416,-21.78125915,4.30547191,-32.83070448,98.13353451,138.48139595,-10.84109406,35.0000001
1760625420.431,6.57377129,-1.89862664,-4.37642559,0.00358877,0.91332629,-0.01303423,80.0,-7.0,0.0,80.0,1.3962634,0.0,0.0,0.0,80.0,-7.0,0.0,80.0,1.3962634,0.0,0.0,0.0,11.76929623,-0.70148842,-34.07337114,59.31161431,6.49141989,90.00000018,0.0,79.36824491,-1.69595547,6.08465962,-21.77100576,4.30371877,-32.82083865,98.1398689,138.47899935,-10.84274367,35.0000001
1760625420.464,5.93954361,-1.83608575,-4.11366871,0.00446856,0.91252426,-0.01383044,80.0,-7.0,0.0,80.0,1.3962634,0.0,0.0,0.0,80.0,-7.0,0.0,80.0,1.3962634,0.0,0.0,0.0,12.69175336,-0.69678686,-34.11377671,59.13306382,6.18137,90.00000018,0.0,79.44594137,-1.68965521,6.10155964,-21.974052,4.43846529,-32.47346884,98.14549247,138.47432657,-10.87450476,35.0000001
1760625420.498,5.98398056,-1.86523781,-4.0341706,0.00442462,0.91282463,-0.01452409,80.0,-7.0,0.0,80.0,1.3962634,0.0,0.0,0.0,80.0,-7.0,0.0,80.0,1.3962634,0.0,0.0,0.0,12.7170735,-0.65534192,-34.05988954,59.10649492,6.03135128,90.00000018,0.0,79.44843234,-1.68364422,6.11529891,-22.00071187,4.46545024,-32.24695784,98.10440348,138.51840004,-10.93487988,35.0000001
1760625420.565,5.69403845,-1.93852022,-3.80333444,0.00599097,0.91239545,-0.01532814,80.0,-7.0,0.0,80.0,1.3962634,0.0,0.0,0.0,80.0,-7.0,0.0,80.0,1.3962634,0.0,0.0,0.0,13.0222453,-0.48912079,-33.81048033,59.19774626,5.58251525,90.00000018,0.0,79.36718116,-1.63958721,6.17826462,-21.91496409,4.41290193,-31.57768361,98.03067805,138.59820795,-11.05505552,35.0000001
1760625420.598,5.58585767,-1.96753848,-3.65405786,0.00597569,0.91226088,-0.01543995,80.0,-7.0,0.0,80.0,1.3962634,0.0,0.0,0.0,80.0,-7.0,0.0,80.0,1.3962634,0.0,0.0,0.0,13.12867593,-0.38265374,-33.52273724,59.28643588,5.17125931,90.00000018,0.0,79.19537168,-1.63333652,6.20215769,-21.86100965,4.34014701,-31.05159296,98.00372377,138.60929471,-11.14009291,35.0000001
1760625420.632,5.5277602,-1.97786958,-3.68048536,0.00583869,0.91212198,-0.01486092,80.0,-7.0,0.0,80.0,1.3962634,0.0,0.0,0.0,80.0,-7.0,0.0,80.0,1.3962634,0.0,0.0,0.0,13.03362369,-0.37826096,-33.3053587,59.42327116,5.03125232,90.00000018,0.0,79.01038423,-1.68913607,6.18798932,-21.71860888,4.19782979,-30.84592696,98.03259763,138.63464716,-11.21408675,35.0000001
1760625420.665,5.42844401,-2.0646307,-3.65894945,0.00629697,0.91173239,-0.0147896,80.0,-7.0,0.0,80.0,1.3962634,0.0,0.0,0.0,80.0,-7.0,0.0,80.0,1.3962634,0.0,0.0,0.0,12.9737101,-0.33488187,-33.1196816,59.53034478,4.8885474,90.00000018,0.0,78.77492068,-1.67890572,6.21097235,-21.60863954,4.0331756,-30.69040978,98.10797181,138.64111248,-11.19907658,35.0000001
1760625420.699,5.31873843,-2.13329188,-3.66370491,0.0065668,0.91132441,-0.01478267,80.0,-7.0,0.0,80.0,1.3962634,0.0,0.0,0.0,80.0,-7.0,0.0,80.0,1.3962634,0.0,0.0,0.0,12.9014628,-0.30593825,-33.06190591,59.63150029,4.90725821,90.00000018,0.0,78.60632737,-1.66566148,6.22853967,-21.4798894,3.88995415,-30.73751725,98.17460439,138.61988477,-11.10858689,35.0000001
1760625420.732,5.2388704,-2.28464212,-3.6322033,0.00670696,0.91082249,-0.01581981,80.0,-7.0,0.0,80.0,1.3962634,0.0,0.0,0.0,80.0,-7.0,0.0,80.0,1.3962634,0.0,0.0,0.0,12.6297507,-0.03608311,-32.92715758,59.98081995,4.80545983,90.00000018,0.0,78.46919147,-1.67389814,6.23323748,-21.13677268,3.74806746,-30.61010026,98.19377375,138.61165562,-11.06140962,35.0000001
1760625420.766,5.74708527,-2.47637963,-3.84304395,0.00514852,0.91153038,-0.01572755,80.0,-7.0,0.0,80.0,1.3962634,0.0,0.0,0.0,80.0,-7.0,0.0,80.0,1.3962634,0.0,0.0,0.0,11.88371165,0.14197033,-33.04107459,60.15469253,5.16271751,90.00000018,0.0,78.53330814,-1.64432023,6.22783864,-20.95176471,3.7201668,-30.98582378,98.18737627,138.5915331,-11.03333048,35.0000001
1760625420.799,5.69040218,-2.3745156,-3.99116781,0.00502092,0.91105849,-0.01542334,80.0,-7.0,0.0,80.0,1.3962634,0.0,0.0,0.0,80.0,-7.0,0.0,80.0,1.3962634,0.0,0.0,0.0,11.7906074,0.11024622,-33.2165829,60.30378099,5.4887014,90.00000018,0.0,78.63952392,-1.60846663,6.22458576,-20.79341497,3.78243573,-31.39499472,98.12574087,138.59408422,-10.9687312,35.0000001
1760625420.832,5.59556487,-2.31342382,-4.05625253,0.00584108,0.91090709,-0.01484545,80.0,-7.0,0.0,80.0,1.3962634,0.0,0.0,0.0,80.0,-7.0,0.0,80.0,1.3962634,0.0,0.0,0.0,11.8668784,0.04834847,-33.40538127,60.31470473,5.72120823,90.00000018,0.0,78.72019207,-1.57000496,6.23276005,-20.76953668,3.84715631,-31.69759053,98.08549082,138.60650252,-10.92264435,35.0000001
1760625420.866,5.04308716,-2.24644706,-3.88908082,0.00755921,0.90995311,-0.01477272,80.0,-7.0,0.0,80.0,1.3962634,0.0,0.0,0.0,80.0,-7.0,0.0,80.0,1.3962634,0.0,0.0,0.0,12.4428923,-0.04145746,-33.71725047,60.29819092,5.82382605,90.00000018,0.0,78.76131766,-1.5799291,6.22651566,-20.80169336,3.88607253,-31.87354583,98.08427208,138.61498711,-10.88639916,35.0000001
1760625420.899,5.0406077,-2.24070244,-3.86350431,0.00777455,0.90986062,-0.01464305,80.0,-7.0,0.0,80.0,1.3962634,0.0,0.0,0.0,80.0,-7.0,0.0,80.0,1.3962634,0.0,0.0,0.0,12.44384721,-0.03956121,-33.70346489,60.31016079,5.79259616,90.00000018,0.0,78.71415269,-1.58726411,6.23197737,-20.80244805,3.87908691,-31.96671786,98.17609263,138.57935612,-10.77452002,35.0000001
1760625420.933,5.04219826,-2.224106,-3.85554767,0.00778253,0.90977981,-0.01457988,80.0,-7.0,0.0,80.0,1.3962634,0.0,0.0,0.0,80.0,-7.0,0.0,80.0,1.3962634,0.0,0.0,0.0,12.44112064,-0.03359853,-33.70426174,60.3249415,5.78420972,90.00000018,0.0,78.71767865,-1.60634647,6.23234137,-20.79341273,3.87635554,-32.03616538,98.24181567,138.55923869,-10.69675716,35.0000001
1760625420.966,5.04867164,-2.22110114,-3.85019365,0.00745676,0.90988581,-0.01429549,80.0,-7.0,0.0,80.0,1.3962634,0.0,0.0,0.0,80.0,-7.0,0.0,80.0,1.3962634,0.0,0.0,0.0,12.4456508,-0.03241827,-33.70099067,60.33517049,5.77694528,90.00000018,0.0,78.72020586,-1.61217835,6.23873486,-20.79664501,3.87137211,-32.05416324,98.24525353,138.56040069,-10.69953345,35.0000001
1760625421.0,5.06167732,-2.1655223,-3.88643348,0.00692814,0.90972646,-0.01417783,80.0,-7.0,0.0,80.0,1.3962634,0.0,0.0,0.0,80.0,-7.0,0.0,80.0,1.3962634,0.0,0.0,0.0,12.33370064,-0.09431672,-33.74193427,60.43764327,5.90401306,90.00000018,0.0,78.66108356,-1.59647426,6.24789665,-20.69553712,3.81250558,-32.12927915,98.22260551,138.58542947,-10.75621048,35.0000001
1760625421.033,5.08917761,-2.15670371,-3.87918019,0.00714828,0.90972818,-0.01443344,80.0,-7.0,0.0,80.0,1.3962634,0.0,0.0,0.0,80.0,-7.0,0.0,80.0,1.3962634,0.0,0.0,0.0,12.33355248,-0.0944966,-33.74031156,60.45233282,5.90754824,90.00000018,0.0,78.67832874,-1.59709974,6.26545216,-20.69223089,3.80560828,-32.06611422,98.18318961,138.59767825,-10.83923279,35.0000001
1760625421.067,5.09470608,-2.14965871,-3.77750284,0.00722195,0.90969434,-0.01504911,80.0,-7.0,0.0,80.0,1.3962634,0.0,0.0,0.0,80.0,-7.0,0.0,80.0,1.3962634,0.0,0.0,0.0,12.28944267,-0.06889253,-33.65437023,60.54408339,5.74744842,90.00000018,0.0,78.57691264,-1.61631373,6.2530784,-20.60997968,3.74094179,-31.82964098,98.15521532,138.64305933,-10.90055827,35.0000001
1760625421.1,5.14058313,-2.20144531,-3.74813757,0.00685667,0.9100418,-0.01566072,80.0,-7.0,0.0,80.0,1.3962634,0.0,0.0,0.0,80.0,-7.0,0.0,80.0,1.3962634,0.0,0.0,0.0,12.17473941,0.02940395,-33.59802479,60.65910817,5.65897699,90.00000018,0.0,78.47768814,-1.60082842,6.25112729,-20.47249701,3.67018832,-31.623133,98.04356504,138.70087753,-11.05044033,35.0000001
1760625421.134,5.23278764,-2.27840693,-3.73818291,0.00710912,0.910369,-0.01615225,80.0,-7.0,0.0,80.0,1.3962634,0.0,0.0,0.0,80.0,-7.0,0.0,80.0,1.3962634,0.0,0.0,0.0,12.16326878,0.10833285,-33.56427958,60.59943647,5.5228641,90.00000018,0.0,78.41809371,-1.59738999,6.2616969,-20.51398887,3.66629271,-31.47148297,98.01497631,138.73947111,-11.14542626,35.0000001
1760625421.167,5.21861228,-2.36476884,-3.75157209,0.00688466,0.91020613,-0.01653704,80.0,-7.0,0.0,80.0,1.3962634,0.0,0.0,0.0,80.0,-7.0,0.0,80.0,1.3962634,0.0,0.0,0.0,12.11452735,0.18658835,-33.53618521,60.66293782,5.43261347,90.00000018,0.0,78.28455013,-1.6261784,6.26254071,-20.42545917,3.5891695,-31.36925338,97.96883977,138.76191387,-11.24114214,35.0000001
1760625421.2,5.2281401,-2.38106795,-3.80077194,0.00722057,0.9101967,-0.01652705,80.0,-7.0,0.0,80.0,1.3962634,0.0,0.0,0.0,80.0,-7.0,0.0,80.0,1.3962634,0.0,0.0,0.0,12.11552839,0.17546617,-33.57918518,60.66450911,5.42023435,90.00000018,0.0,78.25030947,-1.64923231,6.24917076,-20.3976398,3.55519561,-31.3540214,97.89786799,138.79975766,-11.3805444,35.0000001
1760625421.234,5.22695882,-2.39814309,-3.82897116,0.00720259,0.91034196,-0.01610276,80.0,-7.0,0.0,80.0,1.3962634,0.0,0.0,0.0,80.0,-7.0,0.0,80.0,1.3962634,0.0,0.0,0.0,12.10876249,0.15527613,-33.60209258,60.66085281,5.4335,90.00000018,0.0,78.26227685,-1.65271135,6.24036797,-20.37992465,3.5131465,-31.33256953,97.83704225,138.80261604,-11.47964939,35.0000001
1760625421.267,5.44378567,-2.37582492,-4.03126852,0.00517423,0.91105571,-0.01506188,80.0,-7.0,0.0,80.0,1.3962634,0.0,0.0,0.0,80.0,-7.0,0.0,80.0,1.3962634,0.0,0.0,0.0,11.85668375,0.01582923,-33.73657331,60.61332248,5.77893045,90.00000018,0.0,78.36517304,-1.64943665,6.23264343,-20.37762169,3.4716039,-31.6356126,97.77830105,138.78983389,-11.5492744,35.0000001
1760625421.301,6.14404711,-2.25883252,-4.13293463,0.00349999,0.9122834,-0.01489273,80.0,-7.0,0.0,80.0,1.3962634,0.0,0.0,0.0,80.0,-7.0,0.0,80.0,1.3962634,0.0,0.0,0.0,11.14086888,-0.2020593,-34.03957298,60.59100893,6.17770777,90.00000018,0.0,78.64807697,-1.63953944,6.2015919,-20.31158092,3.51086141,-31.96634421,97.61991741,138.81709289,-11.66844755,35.0000001
1760625421.334,5.98104392,-2.21291254,-4.21139252,0.00466499,0.9116569,-0.01469674,80.0,-7.0,0.0,80.0,1.3962634,0.0,0.0,0.0,80.0,-7.0,0.0,80.0,1.3962634,0.0,0.0,0.0,11.21683538,-0.19809209,-34.1716784,60.65455164,6.35029524,90.00000018,0.0,78.7677679,-1.66654484,6.15604862,-20.17906202,3.52074575,-32.02851393,97.468068,138.82851264,-11.80224092,35.0000001
1760625421.368,5.4387394,-2.19229506,-4.08573137,0.00614705,0.91082878,-0.01449883,80.0,-7.0,0.0,80.0,1.3962634,0.0,0.0,0.0,80.0,-7.0,0.0,80.0,1.3962634,0.0,0.0,0.0,11.84748064,-0.22770496,-34.36278957,60.57563968,6.36651758,90.00000018,0.0,78.90156295,-1.65201336,6.15396239,-20.23692681,3.56413058,-31.91379615,97.41219085,138.84306663,-11.91692912,35.0000001
1760625421.401,5.42105754,-2.2062588,-4.07895339,0.00682671,0.9106667,-0.01437964,80.0,-7.0,0.0,80.0,1.3962634,0.0,0.0,0.0,80.0,-7.0,0.0,80.0,1.3962634,0.0,0.0,0.0,11.85465929,-0.25178343,-34.36666434,60.5503413,6.39495967,90.00000018,0.0,78.92127599,-1.66648807,6.14295321,-20.22776316,3.52474381,-31.8047311,97.72005832,138.85654365,-11.88793002,35.0000001
1760625421.435,5.38176233,-2.2523096,-3.93793927,0.00624309,0.91054677,-0.01465947,80.0,-7.0,0.0,80.0,1.3962634,0.0,0.0,0.0,80.0,-7.0,0.0,80.0,1.3962634,0.0,0.0,0.0,11.86600027,-0.30664737,-34.25134643,60.53188127,6.24456109,90.00000018,0.0,78.76426328,-1.67908308,6.13115568,-20.25701455,3.33351502,-31.54609038,98.12937927,138.80721208,-11.84301488,35.0000001
1760625421.468,5.41760102,-2.25017794,-3.8146809,0.00593966,0.91057267,-0.01508234,80.0,-7.0,0.0,80.0,1.3962634,0.0,0.0,0.0,80.0,-7.0,0.0,80.0,1.3962634,0.0,0.0,0.0,11.89509532,-0.31916322,-34.08036911,60.50663528,6.02397629,90.00000018,0.0,78.71951442,-1.67412235,6.11829211,-20.315183,3.26639923,-31.22468512,98.41985413,138.7471853,-11.81654279,35.0000001
1760625421.501,5.35289675,-2.25407313,-3.71786175,0.00553564,0.91027375,-0.01547532,80.0,-7.0,0.0,80.0,1.3962634,0.0,0.0,0.0,80.0,-7.0,0.0,80.0,1.3962634,0.0,0.0,0.0,11.87628452,-0.31047578,-33.86117224,60.62319555,5.8475501,90.00000018,0.0,78.59933927,-1.66530446,6.12190189,-20.24271468,3.11452909,-30.86996759,98.61512461,138.75617713,-11.85487375,35.0000001
1760625421.535,5.4204968,-2.2779863,-3.75845156,0.00476774,0.91044596,-0.01543554,80.0,-7.0,0.0,80.0,1.3962634,0.0,0.0,0.0,80.0,-7.0,0.0,80.0,1.3962634,0.0,0.0,0.0,11.80397768,-0.26329908,-33.48531394,60.67915914,5.60331343,90.00000018,0.0,78.47879088,-1.64667214,6.13160488,-20.21734565,2.99502766,-30.49677594,98.58676669,138.78175217,-11.91026455,35.0000001
1760625421.568,5.46721043,-2.26549038,-3.75143906,0.00441442,0.91059104,-0.01550036,80.0,-7.0,0.0,80.0,1.3962634,0.0,0.0,0.0,80.0,-7.0,0.0,80.0,1.3962634,0.0,0.0,0.0,11.81916268,-0.24053723,-33.42448223,60.67667544,5.56057614,90.00000018,0.0,78.50094834,-1.64687077,6.13783641,-20.22749332,3.01033821,-30.34414413,98.47905044,138.80708845,-12.00399725,35.0000001
1760625421.602,6.08689535,-2.22262993,-4.09394092,0.00199343,0.9118861,-0.0150063,80.0,-7.0,0.0,80.0,1.3962634,0.0,0.0,0.0,80.0,-7.0,0.0,80.0,1.3962634,0.0,0.0,0.0,11.17247748,-0.267684,-32.89105008,60.74046088,5.48973819,90.00000018,0.0,78.36332654,-1.6422222,6.12357469,-20.17614642,2.90461122,-30.1415374,98.33046232,138.86147423,-12.06348099,35.0000001
1760625421.635,6.10359596,-2.22800031,-4.10442366,0.00095161,0.91217312,-0.01519136,80.0,-7.0,0.0,80.0,1.3962634,0.0,0.0,0.0,80.0,-7.0,0.0,80.0,1.3962634,0.0,0.0,0.0,11.17873831,-0.26215829,-32.89249834,60.74913564,5.51450402,90.00000018,0.0,78.37927855,-1.6309336,6.11566401,-20.18743969,2.89299147,-30.13110457,98.23989867,138.88469688,-12.03609272,35.0000001
1760625421.669,6.01297745,-2.36208146,-4.08815604,0.00131418,0.9121706,-0.01605256,80.0,-7.0,0.0,80.0,1.3962634,0.0,0.0,0.0,80.0,-7.0,0.0,80.0,1.3962634,0.0,0.0,0.0,11.24719202,0.05468966,-32.73165264,60.85461648,5.31722515,90.00000018,0.0,78.36837392,-1.62349312,6.12584788,-20.11012678,2.9117208,-29.86477781,98.12752769,138.87911339,-11.98552696,35.0000001
1760625421.702,6.02152835,-2.35428069,-4.08500001,0.00074962,0.91245732,-0.01638709,80.0,-7.0,0.0,80.0,1.3962634,0.0,0.0,0.0,80.0,-7.0,0.0,80.0,1.3962634,0.0,0.0,0.0,11.25404963,0.07400314,-32.72325602,60.85324717,5.3176112,90.00000018,0.0,78.38711496,-1.63178283,6.11992047,-20.1226934,2.90129236,-29.84816256,98.08020087,138.87981042,-11.92910897,35.0000001
1760625421.736,5.8921171,-2.46384433,-4.12915848,0.00096097,0.91231997,-0.01677948,80.0,-7.0,0.0,80.0,1.3962634,0.0,0.0,0.0,80.0,-7.0,0.0,80.0,1.3962634,0.0,0.0,0.0,11.43855112,0.32952341,-32.56765629,60.8675074,5.14575394,90.00000018,0.0,78.43780788,-1.61460169,6.11471617,-20.12587978,2.95314469,-29.6657047,98.07900459,138.88227604,-11.8862513,35.0000001
1760625421.769,5.71063104,-2.50276237,-4.10599039,0.00148262,0.91197251,-0.01762971,80.0,-7.0,0.0,80.0,1.3962634,0.0,0.0,0.0,80.0,-7.0,0.0,80.0,1.3962634,0.0,0.0,0.0,11.65171904,0.5410565,-32.42003371,60.91738613,4.93544414,90.00000018,0.0,78.48384569,-1.58903029,6.12354963,-20.09684518,2.99486312,-29.47783703,98.09158015,138.87527172,-11.80490196,35.0000001
1760625421.803,5.52647026,-2.51259086,-4.23048887,0.00203109,0.91191092,-0.01793597,80.0,-7.0,0.0,80.0,1.3962634,0.0,0.0,0.0,80.0,-7.0,0.0,80.0,1.3962634,0.0,0.0,0.0,11.91685209,0.6807135,-32.48309582,60.88860203,5.02499238,90.00000018,0.0,78.69332047,-1.58818267,6.11753885,-20.10871452,3.1428797,-29.66443035,98.12137083,138.86559387,-11.72477255,35.0000001
1760625421.836,5.56703072,-2.47937568,-4.23733011,0.00042451,0.91217253,-0.01795417,80.0,-7.0,0.0,80.0,1.3962634,0.0,0.0,0.0,80.0,-7.0,0.0,80.0,1.3962634,0.0,0.0,0.0,11.89825828,0.68840161,-32.48713104,60.89198935,5.00245318,90.00000018,0.0,78.77057123,-1.58594669,6.10215481,-20.08942877,3.16402505,-29.75566512,98.15632628,138.84585596,-11.61766312,35.0000001
1760625421.869,5.79440249,-2.35201097,-4.44656086,-0.0007152,0.9126933,-0.01719234,80.0,-7.0,0.0,80.0,1.3962634,0.0,0.0,0.0,80.0,-7.0,0.0,80.0,1.3962634,0.0,0.0,0.0,11.68444076,0.57153155,-32.65215707,60.91728521,5.34692439,90.00000018,0.0,78.98247866,-1.53764848,6.11186587,-20.05498025,3.26632053,-30.27902783,98.17877278,138.84304406,-11.50236008,35.0000001
1760625421.903,5.86217457,-2.26466237,-4.5657284,-0.00018774,0.91276421,-0.01607931,80.0,-7.0,0.0,80.0,1.3962634,0.0,0.0,0.0,80.0,-7.0,0.0,80.0,1.3962634,0.0,0.0,0.0,11.60852002,0.42903869,-32.81373172,60.89722169,5.60054652,90.00000018,0.0,79.07961245,-1.55760749,6.09424923,-20.05022431,3.28662062,-30.65740658,98.20643356,138.84847534,-11.44548241,35.0000001
1760625421.936,5.90180988,-2.17588435,-4.69237983,0.00014267,0.91285612,-0.01597156,80.0,-7.0,0.0,80.0,1.3962634,0.0,0.0,0.0,80.0,-7.0,0.0,80.0,1.3962634,0.0,0.0,0.0,11.57894427,0.38186118,-33.07736589,60.9226423,5.90956099,90.00000018,0.0,79.31612716,-1.5497773,6.07684376,-20.0055568,3.4285433,-31.10437586,98.21865287,138.82349578,-11.39731213,35.0000001
1760625421.97,5.90010797,-2.18791822,-4.74248077,0.00064169,0.91278374,-0.01595996,80.0,-7.0,0.0,80.0,1.3962634,0.0,0.0,0.0,80.0,-7.0,0.0,80.0,1.3962634,0.0,0.0,0.0,11.51771571,0.3821805,-33.44950094,61.00618106,6.29033557,90.00000018,0.0,79.5334653,-1.53318031,6.08251661,-19.91133309,3.51024071,-31.61252412,98.24941958,138.83281023,-11.28093438,35.0000001
1760625422.003,5.8765676,-2.24413575,-4.78383762,0.00073841,0.91273383,-0.01620662,80.0,-7.0,0.0,80.0,1.3962634,0.0,0.0,0.0,80.0,-7.0,0.0,80.0,1.3962634,0.0,0.0,0.0,11.47957507,0.44284879,-33.83923605,61.07617496,6.6232308,90.00000018,0.0,79.77762807,-1.55766121,6.04455434,-19.8164844,3.6141379,-32.07919874,98.27193596,138.82050402,-11.21737376,35.0000001
1760625422.037,5.81363218,-2.24605817,-4.84134686,0.00118268,0.91259246,-0.01617985,80.0,-7.0,0.0,80.0,1.3962634,0.0,0.0,0.0,80.0,-7.0,0.0,80.0,1.3962634,0.0,0.0,0.0,11.48965854,0.48326422,-34.23019035,61.18291303,6.89171745,90.00000018,0.10090168,79.99147271,-1.55439395,6.02262211,-19.7060225,3.7554564,-32.53684586,98.28290874,138.81002587,-11.17648044,35.0000001
1760625422.07,5.84005074,-2.23363629,-4.93462192,0.00162639,0.91274325,-0.01593657,80.0,-7.0,0.0,80.0,1.3962634,0.0,0.0,0.0,80.0,-7.0,0.0,80.0,1.3962634,0.0,0.0,0.0,11.52092919,0.42783427,-34.62519736,61.24678234,6.86316933,90.00000018,0.54709949,80.25505873,-1.57398679,6.02326537,-19.71218935,3.92264273,-32.99758959,98.24715658,138.81090735,-11.17603882,35.0000001
1760625422.104,5.83920316,-2.24435593,-4.93768807,0.00188794,0.9128296,-0.01568613,80.0,-7.0,0.0,80.0,1.3962634,0.0,0.0,0.0,80.0,-7.0,0.0,80.0,1.3962634,0.0,0.0,0.0,11.52318138,0.41555372,-34.6291248,61.25051193,6.85548153,90.00000018,0.54028234,80.27153366,-1.57046847,6.02749527,-19.69972944,3.91787414,-33.00300865,98.24937782,138.81185717,-11.17176922,35.0000001
1760625422.137,5.76529392,-2.20767656,-4.97629376,0.00231868,0.91242782,-0.01584468,80.0,-7.0,0.0,80.0,1.3962634,0.0,0.0,0.0,80.0,-7.0,0.0,80.0,1.3962634,0.0,0.0,0.0,11.55320536,0.46365177,-34.75556487,61.32983132,7.07591869,90.00000018,0.44388174,80.3875484,-1.55644595,6.02882392,-19.58607365,3.99960253,-33.19536518,98.28631601,138.80386841,-11.08021002,35.0000001
1760625422.171,5.79365007,-2.26956799,-4.86786193,0.0017446,0.91244584,-0.01585616,80.0,-7.0,0.0,80.0,1.3962634,0.0,0.0,0.0,80.0,-7.0,0.0,80.0,1.3962634,0.0,0.0,0.0,11.50767684,0.51621928,-34.7388786,61.32753341,7.25073733,90.00000018,0.11740269,80.41816468,-1.61017346,5.98855702,-19.53943192,3.9631429,-33.07913196,98.3066788,138.79552308,-11.05897025,35.0000001
1760625422.237,5.68303932,-2.30129101,-4.6628939,0.00199053,0.91196302,-0.01659052,80.0,-7.0,0.0,80.0,1.3962634,0.0,0.0,0.0,80.0,-7.0,0.0,80.0,1.3962634,0.0,0.0,0.0,11.43567933,0.62739104,-34.33265737,61.58465793,6.85345144,90.00000018,0.0,80.17713022,-1.56361031,6.04114644,-19.31609841,3.79218022,-32.45214851,98.23984767,138.79680811,-11.15458933,35.0000001
1760625422.271,5.69011848,-2.32251367,-4.67300352,0.00155221,0.91230686,-0.01660024,80.0,-7.0,0.0,80.0,1.3962634,0.0,0.0,0.0,80.0,-7.0,0.0,80.0,1.3962634,0.0,0.0,0.0,11.42195444,0.60668804,-34.29451956,61.5735041,6.83249992,90.00000018,0.0,80.1458681,-1.57071518,6.06609272,-19.27489477,3.82790011,-32.38558742,98.03737502,138.58367736,-11.40294759,35.0000001
1760625422.371,5.85405822,-2.44331263,-5.11644048,0.00146206,0.91258919,-0.01669272,80.0,-7.0,0.0,80.0,1.3962634,0.0,0.0,0.0,80.0,-7.0,0.0,80.0,1.3962634,0.0,0.0,0.0,11.05448428,0.77676969,-33.53027203,61.71108578,6.53785606,90.00000018,0.0,79.79358577,-1.58111447,6.06630966,-18.9662453,4.17093472,-32.16940842,97.51430237,138.04535033,-12.64793775,35.0000001
1760625422.405,5.03183553,-2.56681856,-5.00559504,0.00459711,0.91103686,-0.01740744,80.0,-7.0,0.0,80.0,1.3962634,0.0,0.0,0.0,80.0,-7.0,0.0,80.0,1.3962634,0.0,0.0,0.0,11.9294273,0.99442184,-33.38362944,61.6510053,6.20441023,90.00000018,0.0,79.6836249,-1.56815553,6.07818997,-18.95747975,4.25300388,-31.79389438,97.37066757,138.06657181,-12.92517983,35.0000001
1760625422.438,4.9898382,-2.57899046,-5.00317124,0.00573919,0.91100774,-0.01748316,80.0,-7.0,0.0,80.0,1.3962634,0.0,0.0,0.0,80.0,-7.0,0.0,80.0,1.3962634,0.0,0.0,0.0,11.93943908,0.98239819,-33.39101121,61.61479808,6.22780111,90.00000018,0.0,79.65912033,-1.54305874,6.08227425,-18.91582267,4.25752514,-31.72328623,97.23990555,138.10925461,-13.10768742,35.0000001
1760625422.471,5.11332621,-2.61538573,-5.07187969,0.00336112,0.91175864,-0.01566473,80.0,-7.0,0.0,80.0,1.3962634,0.0,0.0,0.0,80.0,-7.0,0.0,80.0,1.3962634,0.0,0.0,0.0,11.83121457,0.81072044,-33.46931294,61.39340488,6.43821629,90.00000018,0.0,79.58688333,-1.50732183,6.0578342,-19.05969844,4.09540061,-31.7987381,97.1978212,138.1287603,-13.16937281,35.0000001
1760625422.505,5.69630954,-2.30390019,-5.05303673,0.00191626,0.91278381,-0.01485479,80.0,-7.0,0.0,80.0,1.3962634,0.0,0.0,0.0,80.0,-7.0,0.0,80.0,1.3962634,0.0,0.0,0.0,11.22758502,0.28943604,-33.71696687,61.27428539,6.77560582,90.00000018,0.0,79.59841051,-1.48998886,6.03184581,-19.12334801,3.99328707,-32.11523977,97.21755633,138.10011835,-13.11110349,35.0000001
1760625422.538,5.86580462,-2.36375219,-5.13818249,0.00124149,0.91291655,-0.01417343,80.0,-7.0,0.0,80.0,1.3962634,0.0,0.0,0.0,80.0,-7.0,0.0,80.0,1.3962634,0.0,0.0,0.0,11.08942873,0.23521243,-33.9060348,61.09014699,7.00855494,90.00000018,0.0,79.61895145,-1.49948218,6.01198036,-19.2278963,3.99849384,-32.3528332,97.20427232,138.11573034,-13.05621123,35.0000001
1760625422.572,5.85418722,-2.44680606,-5.15836398,0.00184418,0.91303504,-0.01427153,80.0,-7.0,0.0,80.0,1.3962634,0.0,0.0,0.0,80.0,-7.0,0.0,80.0,1.3962634,0.0,0.0,0.0,11.0729839,0.19221003,-34.00574983,60.93743506,7.10390305,90.00000018,0.0,79.48878659,-1.49537192,6.00097615,-19.31858001,3.96158974,-32.44570996,97.20175782,138.06872104,-13.02674557,35.0000001
1760625422.605,5.91097104,-2.42100353,-5.1139934,0.00217085,0.91344619,-0.01430085,80.0,-7.0,0.0,80.0,1.3962634,0.0,0.0,0.0,80.0,-7.0,0.0,80.0,1.3962634,0.0,0.0,0.0,11.11479908,-0.00402722,-34.3766118,60.65669483,7.40227259,90.00000018,0.0,79.55258019,-1.54163595,5.97032794,-19.47857146,4.06808521,-32.73142528,97.11657337,138.01150737,-13.08749466,35.0000001
1760625422.639,6.0122297,-2.46763494,-5.00257063,0.00124344,0.91428385,-0.01410721,80.0,-7.0,0.0,80.0,1.3962634,0.0,0.0,0.0,80.0,-7.0,0.0,80.0,1.3962634,0.0,0.0,0.0,11.04586563,-0.08153842,-34.38069373,60.41548172,7.35492231,90.00000018,0.0,79.46731069,-1.63599235,5.91496985,-19.5816629,4.06442322,-32.51217937,96.90737934,137.97880294,-13.2024403,35.0000001
1760625422.672,6.19294135,-2.47725917,-4.73767583,0.00132884,0.91448158,-0.01441623,80.0,-7.0,0.0,80.0,1.3962634,0.0,0.0,0.0,80.0,-7.0,0.0,80.0,1.3962634,0.0,0.0,0.0,11.17133934,-0.20221206,-34.21448803,60.0780635,6.9782844,90.00000018,0.0,79.53024091,-1.7760886,5.85606809,-19.88567573,4.03213107,-31.86488268,96.73080013,137.96008592,-13.33777193,35.0000001
1760625422.706,5.66687183,-2.40543778,-4.49909109,0.00367196,0.91312906,-0.01528401,80.0,-7.0,0.0,80.0,1.3962634,0.0,0.0,0.0,80.0,-7.0,0.0,80.0,1.3962634,0.0,0.0,0.0,11.8437343,-0.26868876,-33.91577212,59.96757419,6.47715418,90.00000018,0.0,79.55527808,-2.04572146,5.74699429,-19.93574204,3.82710525,-30.95838876,96.63939665,137.92510073,-13.55363351,35.0000001
1760625422.773,5.3797359,-2.50980897,-3.96272453,0.00606879,0.9109162,-0.01539045,80.0,-7.0,0.0,80.0,1.3962634,0.0,0.0,0.0,80.0,-7.0,0.0,80.0,1.3962634,0.0,0.0,0.0,12.40016867,-0.46101613,-33.23462937,60.25616042,5.37342515,90.00000018,0.0,79.65574936,-2.59919967,5.56821082,-19.82808779,2.77402258,-28.47916578,96.26526426,137.70552374,-14.78174062,35.0000001
1760625422.806,5.1621341,-2.38981813,-4.12230253,0.00632898,0.90924148,-0.01529701,80.0,-7.0,0.0,80.0,1.3962634,0.0,0.0,0.0,80.0,-7.0,0.0,80.0,1.3962634,0.0,0.0,0.0,13.0005061,-0.59634582,-32.21143061,60.25202666,4.46314107,90.00000018,0.0,79.33594824,-2.81311406,5.45331503,-19.80328282,2.27181068,-27.05862173,96.02758536,137.49836357,-15.33278789,35.0000001
1760625422.84,5.2622232,-2.56862482,-3.87388305,0.00528442,0.9088419,-0.01631134,80.0,-7.0,0.0,80.0,1.3962634,0.0,0.0,0.0,80.0,-7.0,0.0,80.0,1.3962634,0.0,0.0,0.0,13.14204312,-0.52066518,-31.57194558,60.4318712,3.37327174,90.00000018,0.0,78.89848328,-3.33337917,5.17363589,-19.38522846,1.46904722,-25.5322673,95.91906537,136.55131714,-15.82658212,35.0000001
1760625422.873,5.54608917,-2.70393853,-4.37623928,0.00491946,0.90836916,-0.01589789,80.0,-7.0,0.0,80.0,1.3962634,0.0,0.0,0.0,80.0,-7.0,0.0,80.0,1.3962634,0.0,0.0,0.0,12.96444313,-0.32686406,-30.32636911,60.37611462,2.49424846,90.00000018,0.0,78.40043758,-4.0175761,4.80104661,-18.93667355,0.73753776,-24.50229197,96.03605883,134.74914748,-15.97161964,35.0000001
1760625422.906,5.51164474,-2.75860085,-4.19816158,0.00442425,0.90861522,-0.01637134,80.0,-7.0,0.0,80.0,1.3962634,0.0,0.0,0.0,80.0,-7.0,0.0,80.0,1.3962634,0.0,0.0,0.0,13.02698391,-0.25559736,-30.13063937,60.02227401,2.00193425,90.00000018,0.0,77.99531053,-4.88678399,4.29636486,-18.44516487,0.27884075,-24.09330122,95.44862393,133.44206912,-15.50055342,35.0000001
1760625422.94,6.02832816,-2.58734473,-4.1934655,0.0010898,0.91007737,-0.01606654,80.0,-7.0,0.0,80.0,1.3962634,0.0,0.0,0.0,80.0,-7.0,0.0,80.0,1.3962634,0.0,0.0,0.0,12.08979253,-0.4313789,-29.71772833,59.2901222,1.70230917,90.00000018,0.0,77.65563792,-6.1541605,3.51689578,-17.86404248,-0.45751843,-24.14423652,94.68197372,133.04050654,-13.88020891,35.0000001
1760625422.973,6.30483788,-2.37750845,-4.0556682,-0.00140053,0.91059303,-0.01485065,80.0,-7.0,0.0,80.0,1.3962634,0.0,0.0,0.0,80.0,-7.0,0.0,80.0,1.3962634,0.0,0.0,0.0,11.14657259,-0.67940786,-29.305016,58.51975353,1.41930831,90.00000018,0.0,77.50970894,-7.05765276,2.96011253,-17.33052401,-1.33889495,-23.94927866,94.11917022,132.03751747,-12.84776881,35.0000001
1760625423.007,6.8663647,-2.1651555,-3.97363315,-0.00359222,0.91200582,-0.01322703,80.0,-7.0,0.0,80.0,1.3962634,0.0,0.0,0.0,80.0,-7.0,0.0,80.0,1.3962634,0.0,0.0,0.0,9.64893354,-1.17858011,-29.07338367,57.34495204,1.54404189,90.00000018,0.0,77.39900141,-7.88896585,2.39541084,-16.74681539,-2.22503016,-23.36727238,92.57508833,131.75518004,-12.67402754,35.0000001
1760625423.04,6.78895511,-2.10369143,-3.88873659,-0.00505355,0.91531107,-0.01350842,80.0,-7.0,0.0,80.0,1.3962634,0.0,0.0,0.0,80.0,-7.0,0.0,80.0,1.3962634,0.0,0.0,0.0,8.51151467,-1.04736099,-29.09693709,55.47967045,1.68295078,90.00000018,0.0,78.26473224,-8.59356785,1.83407963,-15.92027976,-2.55322351,-22.33369881,90.08602696,131.80663736,-13.20997353,35.0000001
1760625423.074,7.66319568,-2.18858467,-3.59753846,-0.00867322,0.91796699,-0.01436756,80.0,-7.0,0.0,80.0,1.3962634,0.0,0.0,0.0,80.0,-7.0,0.0,80.0,1.3962634,0.0,0.0,0.0,7.0976267,-0.75919098,-27.73776469,53.50793333,0.23029767,90.00000018,0.0,78.65004315,-8.72308177,1.70876136,-15.67930775,-2.59548216,-20.0345938,87.61519571,132.1107483,-13.82993838,35.0000001
1760625423.107,8.09821204,-1.9370365,-3.12088451,-0.01154236,0.91830765,-0.0130404,80.0,-7.0,0.0,80.0,1.3962634,0.0,0.0,0.0,80.0,-7.0,0.0,80.0,1.3962634,0.0,0.0,0.0,6.08565723,-1.03851075,-26.98938218,51.07440269,-0.92528785,90.00000018,0.0,78.98941112,-8.89884624,1.61799932,-15.59605731,-2.70874815,-18.83669854,85.39831312,132.66008257,-13.776367,35.0000001
1760625423.14,8.20511746,-1.50179113,-2.84075178,-0.01056357,0.91925706,-0.01000681,80.0,-7.0,0.0,80.0,1.3962634,0.0,0.0,0.0,80.0,-7.0,0.0,80.0,1.3962634,0.0,0.0,0.0,5.59214249,-1.46188781,-26.80752278,47.40669972,-1.75437631,90.00000018,0.0,80.20081699,-8.6635988,1.83822286,-15.83204402,-2.52527661,-19.51587352,83.11756303,132.63464635,-12.50235353,35.0000001
1760625423.174,7.65720901,-1.04493266,-1.93736266,-0.007855,0.91828052,-0.0081435,80.0,-7.0,0.0,80.0,1.3962634,0.0,0.0,0.0,80.0,-7.0,0.0,80.0,1.3962634,0.0,0.0,0.0,6.55865842,-2.12284031,-25.72798408,43.73921011,-3.69254764,90.00000018,0.0,80.03367342,-8.24950871,2.12951559,-16.57046756,-2.58150054,-18.39052065,80.59785688,132.82363879,-11.35598859,35.0000001
1760625423.207,7.49008082,-1.00712658,-1.48961403,-0.00562945,0.91739156,-0.00694096,80.0,-7.0,0.0,80.0,1.3962634,0.0,0.0,0.0,80.0,-7.0,0.0,80.0,1.3962634,0.0,0.0,0.0,6.25182883,-2.05775754,-25.3808457,41.24701993,-4.5439998,90.00000018,0.0,80.75414763,-7.07555676,2.82318256,-16.36811547,-2.63923387,-18.17041688,77.6088035,132.96325365,-9.96795579,35.0000001
1760625423.241,7.18549977,-0.87361244,-0.95877023,-0.00488932,0.91785428,-0.00652045,80.0,-7.0,0.0,80.0,1.3962634,0.0,0.0,0.0,80.0,-7.0,0.0,80.0,1.3962634,0.0,0.0,0.0,5.60920729,-1.90381091,-24.91000869,38.56767723,-5.16902702,90.00000018,0.0,81.76573942,-4.1560637,4.29951887,-15.6378436,-2.79715979,-17.09184348,72.68758711,132.65607582,-8.45804859,35.0000001
1760625423.274,7.14603793,-1.49365869,-0.45003783,-0.00334005,0.91844575,-0.0080731,80.0,-7.0,0.0,80.0,1.3962634,0.0,0.0,0.0,80.0,-7.0,0.0,80.0,1.3962634,0.0,0.0,0.0,4.58217982,-0.57150173,-24.18493031,36.95448059,-5.82757442,90.00000018,0.0,81.88433341,-1.39779416,5.54907539,-14.29347254,-2.75609928,-15.05798126,67.72751476,132.19897853,-7.24436374,35.0000001
1760625423.341,7.87622073,-1.40399463,0.39641107,-0.00293881,0.91633908,-0.00700487,80.0,-7.0,0.0,80.0,1.3962634,0.0,0.0,0.0,80.0,-7.0,0.0,80.0,1.3962634,0.0,0.0,0.0,2.07410326,-1.29894146,-21.50304537,31.51379786,-7.52535863,90.00000018,0.0,77.6928752,-2.58822294,3.91015193,-13.74263505,-3.52895335,-8.48843144,63.17126384,127.19425344,-15.87854477,30.36411851
1760625423.375,8.56949535,-1.60774913,0.62658492,-0.00423078,0.91493607,-0.00678324,80.0,-7.0,0.0,80.0,1.3962634,0.0,0.0,0.0,80.0,-7.0,0.0,80.0,1.3962634,0.0,0.0,0.0,1.14281895,-0.83578208,-20.10780533,30.95171749,-9.13414424,90.00000018,0.0,75.77895821,-6.2055513,2.6601892,-12.98310833,-4.15130775,-8.58536382,60.31684694,127.72494863,-13.95681507,28.73924982
1760625423.408,9.27643476,-1.74617711,0.72916759,-0.0057794,0.91357597,-0.0066762,80.0,-7.0,0.0,80.0,1.3962634,0.0,0.0,0.0,80.0,-7.0,0.0,80.0,1.3962634,0.0,0.0,0.0,0.3500986,-0.50042838,-19.68150641,31.45777717,-9.4841168,90.00000018,0.0,75.45692707,-5.59372352,3.10315115,-12.05850975,-4.42555688,-9.54641999,59.50462911,127.36138185,-12.79907913,27.37325667
1760625423.442,9.9040904,-1.92933755,0.69005039,-0.00804409,0.91310566,-0.00709414,80.0,-7.0,0.0,80.0,1.3962634,0.0,0.0,0.0,80.0,-7.0,0.0,80.0,1.3962634,0.0,0.0,0.0,-0.54080851,-0.43808148,-19.70608821,32.01833679,-9.56125336,90.00000018,0.0,74.02918147,-6.9629493,2.29930467,-11.93466235,-4.4074561,-9.72573835,59.35190663,125.21608816,-15.19504738,24.70265865
1760625423.475,10.71223874,-2.25940021,0.60281739,-0.010671,0.913569,-0.0083406,80.0,-7.0,0.0,80.0,1.3962634,0.0,0.0,0.0,80.0,-7.0,0.0,80.0,1.3962634,0.0,0.0,0.0,-1.39967059,-0.14254952,-19.98251538,33.38388988,-9.5770825,90.00000018,0.0,73.59087447,-7.6905221,1.81776917,-12.15198323,-4.27155477,-9.83693164,61.04550222,124.49653227,-16.95936951,23.8098792
1760625423.509,11.0187313,-2.59229491,0.24344057,-0.01083928,0.91390661,-0.00962076,80.0,-7.0,0.0,80.0,1.3962634,0.0,0.0,0.0,80.0,-7.0,0.0,80.0,1.3962634,0.0,0.0,0.0,-0.90946349,-0.06487467,-20.66316005,35.30724816,-9.55048937,90.00000018,0.0,73.8213683,-8.51213916,1.35402506,-12.87235849,-3.8851901,-9.72891107,63.0784866,123.26519293,-20.2261303,22.33993903
1760625423.542,11.483182,-2.7166616,0.01917721,-0.01227079,0.9152058,-0.0102776,80.0,-7.0,0.0,80.0,1.3962634,0.0,0.0,0.0,80.0,-7.0,0.0,80.0,1.3962634,0.0,0.0,0.0,-0.20522384,0.0806388,-21.12333615,36.74401183,-9.73967069,90.00000018,0.0,73.57178351,-8.81549947,1.10107831,-13.43654315,-3.51517853,-10.96299195,64.16920182,122.8077188,-21.43787368,20.22939275
1760625423.575,11.92738941,-2.71722579,-0.1985876,-0.01444047,0.91569319,-0.01100024,80.0,-7.0,0.0,80.0,1.3962634,0.0,0.0,0.0,80.0,-7.0,0.0,80.0,1.3962634,0.0,0.0,0.0,0.32257944,0.21417751,-21.31993623,38.86335857,-9.88898715,90.00000018,0.0,73.13253121,-8.70241359,1.09703124,-13.70494437,-3.25355061,-12.00308343,64.69656108,122.58792549,-22.82771631,17.22160028
1760625423.609,11.97160912,-3.25637044,-1.06007527,-0.01408334,0.91586928,-0.01210718,80.0,-7.0,0.0,80.0,1.3962634,0.0,0.0,0.0,80.0,-7.0,0.0,80.0,1.3962634,0.0,0.0,0.0,1.90874056,0.98284744,-23.28695628,42.4230796,-8.69083557,90.00000018,0.0,74.90142382,-8.75274747,0.91551365,-14.60066672,-2.00014662,-14.49371949,68.71127952,123.20503429,-24.89661184,16.25332711
1760625423.642,11.68461662,-3.3075845,-1.58696467,-0.01326399,0.91748668,-0.01322237,80.0,-7.0,0.0,80.0,1.3962634,0.0,0.0,0.0,80.0,-7.0,0.0,80.0,1.3962634,0.0,0.0,0.0,4.0952328,1.22379729,-24.57629672,44.73856204,-7.9221192,90.00000018,0.0,76.05456415,-8.99044045,0.64934525,-15.76875929,-0.90087258,-15.90019867,73.1224966,124.15618202,-25.99514052,16.76979153
1760625423.676,11.23585487,-3.26509855,-2.05867642,-0.01087102,0.91661968,-0.01343877,80.0,-7.0,0.0,80.0,1.3962634,0.0,0.0,0.0,80.0,-7.0,0.0,80.0,1.3962634,0.0,0.0,0.0,4.99985542,0.91359105,-28.04091577,48.58364508,-5.54165766,90.00000018,1.04434487,77.94658805,-9.12278639,0.54401439,-15.6441429,-0.45257093,-20.08682308,77.47058074,125.07032111,-26.54857782,17.07127624
1760625423.709,10.46102234,-3.45777652,-2.62391606,-0.00723918,0.915534,-0.01519753,80.0,-7.0,0.0,80.0,1.3962634,0.0,0.0,0.0,80.0,-7.0,0.0,80.0,1.3962634,0.0,0.0,0.0,7.3171459,1.10235347,-29.71269307,52.39976062,-4.94770552,90.00000018,2.62513408,78.86984146,-9.81762156,0.40069778,-16.03597559,0.24353197,-22.73641696,82.81827807,127.34371378,-26.66705403,17.86908042
1760625423.743,9.47994974,-3.55392685,-2.67044963,-0.00215608,0.9132764,-0.01574142,80.0,-7.0,0.0,80.0,1.3962634,0.0,0.0,0.0,80.0,-7.0,0.0,80.0,1.3962634,0.0,0.0,0.0,8.69995015,1.16167235,-29.90716483,55.05486985,-4.01955052,90.00000018,2.38981451,78.38513064,-10.51970804,0.20161142,-15.74704042,-0.08296428,-23.63153072,90.25869511,129.86516551,-24.79062784,21.83027119
1760625423.776,8.75607223,-3.48045815,-2.79893214,0.00199047,0.91144524,-0.01745459,80.0,-7.0,0.0,80.0,1.3962634,0.0,0.0,0.0,80.0,-7.0,0.0,80.0,1.3962634,0.0,0.0,0.0,9.16207565,0.9743846,-31.52264122,57.93682459,-2.02571302,90.00000018,2.63154818,78.32976588,-11.14766287,0.03834953,-14.92388357,-0.44040041,-25.83849771,95.61557559,131.00683375,-23.86730945,24.02644424
1760625423.809,8.22755827,-3.55122297,-2.8255596,0.00485018,0.9095892,-0.01838877,80.0,-7.0,0.0,80.0,1.3962634,0.0,0.0,0.0,80.0,-7.0,0.0,80.0,1.3962634,0.0,0.0,0.0,10.29617233,0.9181902,-33.21943396,60.14763583,0.00880053,90.00000018,2.65444102,78.56345021,-11.67263355,-0.07240531,-14.75406534,-0.07080636,-27.37596069,98.2669501,131.96749396,-24.40927949,24.33760502
1760625423.843,7.35078954,-3.29722652,-2.18562361,0.0087232,0.90668538,-0.01861051,80.0,-7.0,0.0,80.0,1.3962634,0.0,0.0,0.0,80.0,-7.0,0.0,80.0,1.3962634,0.0,0.0,0.0,11.27658723,0.41440621,-34.168523,61.18421675,2.72167688,90.00000018,0.65649742,78.2831043,-11.70514099,-0.06172797,-14.60643005,-0.05988244,-27.84236118,100.89102347,133.00780594,-23.64801285,25.77582282
1760625423.877,6.98704766,-3.24293934,-2.01247289,0.00967619,0.90544779,-0.01879685,80.0,-7.0,0.0,80.0,1.3962634,0.0,0.0,0.0,80.0,-7.0,0.0,80.0,1.3962634,0.0,0.0,0.0,11.20216046,0.23785475,-35.15535588,62.50398377,4.6394743,90.00000018,0.0,77.90521352,-11.54884614,-0.01821058,-14.21066185,-0.28569445,-29.24127451,101.4492896,132.87603486,-23.32694587,25.48182181
1760625423.91,7.09993836,-3.16827185,-2.08262822,0.00924251,0.90560515,-0.01955368,80.0,-7.0,0.0,80.0,1.3962634,0.0,0.0,0.0,80.0,-7.0,0.0,80.0,1.3962634,0.0,0.0,0.0,10.94584725,0.05248992,-36.33485651,63.45511765,4.82333264,90.00000018,1.40332802,77.78137334,-11.55027949,-0.00850575,-14.24431359,-0.09901214,-31.05849371,102.33325493,132.71996569,-22.64729693,25.89769654
1760625423.943,6.92938984,-3.08925233,-2.0996497,0.0084143,0.90613089,-0.01959716,80.0,-7.0,0.0,80.0,1.3962634,0.0,0.0,0.0,80.0,-7.0,0.0,80.0,1.3962634,0.0,0.0,0.0,10.713161,-0.30147644,-36.54134364,63.4438639,5.13880977,90.00000018,1.5294837,77.30464976,-11.8305495,-0.13617385,-14.31585911,-0.26977579,-31.46661693,102.56029514,132.60125226,-22.08818731,26.53089737
1760625423.977,7.51943906,-2.81866555,-1.9037209,0.00494479,0.90833463,-0.01940632,80.0,-7.0,0.0,80.0,1.3962634,0.0,0.0,0.0,80.0,-7.0,0.0,80.0,1.3962634,0.0,0.0,0.0,9.59749557,-0.76819101,-36.62808435,63.10143228,5.20093294,90.00000018,1.56619945,77.09545779,-11.85627897,-0.15527857,-14.36064348,-0.3821611,-31.53272227,102.53852788,132.43789483,-21.19763144,27.41352915
1760625424.01,7.34137369,-2.6375278,-1.74363497,0.00382003,0.90910883,-0.01886793,80.0,-7.0,0.0,80.0,1.3962634,0.0,0.0,0.0,80.0,-7.0,0.0,80.0,1.3962634,0.0,0.0,0.0,8.93964043,-0.77816867,-36.65483256,62.22379431,5.2657758,90.00000018,1.4508191,77.48597225,-11.41185699,0.0755629,-14.19392564,-0.30537807,-31.82929477,104.43016839,132.60943811,-18.26166661,30.69062525
1760625424.044,7.60078684,-2.37086812,-1.61928546,0.00213416,0.91041884,-0.01780651,80.0,-7.0,0.0,80.0,1.3962634,0.0,0.0,0.0,80.0,-7.0,0.0,80.0,1.3962634,0.0,0.0,0.0,8.19857731,-0.89279749,-36.6822689,60.76628169,5.28661681,90.00000018,1.23101114,78.05931888,-11.5959329,0.00214631,-14.27142409,-0.07802116,-32.13715617,104.41416698,132.44166153,-16.5645738,32.13637606
1760625424.077,8.8197971,-1.93631459,-1.23040667,-0.00401978,0.91377731,-0.01624691,80.0,-7.0,0.0,80.0,1.3962634,0.0,0.0,0.0,80.0,-7.0,0.0,80.0,1.3962634,0.0,0.0,0.0,6.32546634,-0.79541257,-35.73747453,59.15766883,5.07969244,90.00000018,0.0,78.70723877,-11.69740345,-0.0259893,-14.01208065,-0.00336314,-31.15091859,103.88302483,131.86984171,-15.30872421,33.37933388
1760625424.111,9.83712585,-1.80060899,-1.58439355,-0.01008676,0.92014959,-0.01495813,80.0,-7.0,0.0,80.0,1.3962634,0.0,0.0,0.0,80.0,-7.0,0.0,80.0,1.3962634,0.0,0.0,0.0,4.80023045,-0.49438741,-33.77108646,56.33167114,3.27076945,90.00000018,0.0,79.63188251,-11.57166848,0.08737325,-13.98242501,0.20887871,-28.9953295,100.97229484,131.83893905,-14.53548148,35.0000001
1760625424.144,10.26966043,-2.05667045,-2.17950847,-0.01524174,0.9263255,-0.01601805,80.0,-7.0,0.0,80.0,1.3962634,0.0,0.0,0.0,80.0,-7.0,0.0,80.0,1.3962634,0.0,0.0,0.0,4.38150994,0.15392599,-30.76649155,53.2694969,0.69176279,90.00000018,0.0,79.49388541,-11.64149416,0.08572062,-14.34878774,0.35274874,-26.14219256,96.93352358,131.59750546,-14.44173315,35.0000001
1760625424.177,10.3557822,-2.31934465,-2.38515201,-0.01737757,0.92930269,-0.01749086,80.0,-7.0,0.0,80.0,1.3962634,0.0,0.0,0.0,80.0,-7.0,0.0,80.0,1.3962634,0.0,0.0,0.0,3.79426645,0.77162436,-28.34608901,50.36949639,-1.53700881,90.00000018,0.0,79.25157574,-11.27396785,0.29654502,-14.2274001,0.07220143,-23.69419383,92.08609534,130.54323376,-13.98966843,35.0000001
1760625424.211,9.72861555,-2.39464657,-2.13313628,-0.01666289,0.93051056,-0.0182151,80.0,-7.0,0.0,80.0,1.3962634,0.0,0.0,0.0,80.0,-7.0,0.0,80.0,1.3962634,0.0,0.0,0.0,3.86430778,1.24348863,-26.60147455,46.41193284,-3.67296703,90.00000018,0.0,79.95269332,-9.81032281,1.05876866,-14.02732482,0.25147055,-21.61342928,84.20441448,129.56330473,-12.00573612,35.0000001
1760625424.244,8.94434038,-2.16225945,-1.45350142,-0.01364031,0.92896278,-0.01700886,80.0,-7.0,0.0,80.0,1.3962634,0.0,0.0,0.0,80.0,-7.0,0.0,80.0,1.3962634,0.0,0.0,0.0,4.78699429,1.04017533,-24.73203207,41.9394467,-5.78208608,90.00000018,0.0,78.27647525,-9.19135845,1.36194329,-14.29848912,-0.14254563,-19.29710318,77.54107141,128.60908627,-9.44453444,35.0000001
1760625424.278,8.47505652,-1.98001195,-0.91533314,-0.01112014,0.92518487,-0.01498484,80.0,-7.0,0.0,80.0,1.3962634,0.0,0.0,0.0,80.0,-7.0,0.0,80.0,1.3962634,0.0,0.0,0.0,3.97648483,0.77428328,-23.00576803,38.59234239,-6.56803611,90.00000018,0.0,76.20955997,-7.4512593,2.14959469,-12.95489739,-1.05299315,-17.1665012,69.68996086,128.04225589,-6.54963792,35.0000001
1760625424.311,8.02794325,-2.0241285,-0.66358577,-0.01060517,0.92630179,-0.01463154,80.0,-7.0,0.0,80.0,1.3962634,0.0,0.0,0.0,80.0,-7.0,0.0,80.0,1.3962634,0.0,0.0,0.0,3.3003055,1.63675203,-22.49055906,35.27154868,-6.48144827,90.00000018,0.0,78.30820686,-1.7301058,4.49688901,-11.10105771,-0.88902273,-15.27868001,58.2927231,127.4567433,-2.82326057,35.0000001
1760625424.345,8.78966117,-1.87196236,-0.33380168,-0.01166745,0.91995829,-0.01079585,80.0,-7.0,0.0,80.0,1.3962634,0.0,0.0,0.0,80.0,-7.0,0.0,80.0,1.3962634,0.0,0.0,0.0,0.64511588,0.12345753,-19.11454157,32.58796521,-6.33052049,90.00000018,0.0,76.25356134,1.86840116,6.1493268,-9.93500913,-2.90373296,-9.70279298,59.07561099,127.28102621,-6.8797122,35.0000001
1760625424.378,9.02228974,-1.84228272,-0.06545889,-0.01165443,0.91497977,-0.00984362,80.0,-7.0,0.0,80.0,1.3962634,0.0,0.0,0.0,80.0,-7.0,0.0,80.0,1.3962634,0.0,0.0,0.0,-0.93098364,-1.26872115,-17.54746645,30.81277465,-8.7800334,90.00000018,0.0,74.40542453,-9.55208037,0.89951795,-10.8396367,-4.23331547,-6.51994772,62.38038138,126.68740774,-10.32320787,35.0000001
1760625424.411,9.56320517,-1.76307745,0.14360017,-0.01209905,0.91303677,-0.00696387,80.0,-7.0,0.0,80.0,1.3962634,0.0,0.0,0.0,80.0,-7.0,0.0,80.0,1.3962634,0.0,0.0,0.0,-1.78997506,-1.45119048,-17.37985295,31.16378226,-8.73084265,90.00000018,0.0,72.67382093,-9.22505454,1.0705402,-9.99807669,-5.08012568,-8.14544702,61.2440975,126.92797269,-7.78021865,35.0000001
1760625424.445,9.7347116,-1.73522388,0.36933465,-0.01217902,0.91268675,-0.0066377,80.0,-7.0,0.0,80.0,1.3962634,0.0,0.0,0.0,80.0,-7.0,0.0,80.0,1.3962634,0.0,0.0,0.0,-2.32288065,-1.25338594,-17.2066622,31.58162145,-8.52215695,90.00000018,0.0,71.00675487,-7.56267354,1.78032945,-8.86342585,-5.32248542,-9.01619807,60.64436734,127.2048945,-6.40394862,34.42106309
1760625424.479,10.26045132,-1.78422594,0.24587333,-0.01185275,0.91370267,-0.00646231,80.0,-7.0,0.0,80.0,1.3962634,0.0,0.0,0.0,80.0,-7.0,0.0,80.0,1.3962634,0.0,0.0,0.0,-2.80821093,-1.27552442,-17.60219961,31.89792077,-8.05978492,90.00000018,0.0,70.53460143,-6.95506561,1.98604351,-9.24168369,-5.32651659,-9.28117853,61.29987502,126.57678544,-7.51910909,33.76042948
1760625424.512,10.49584961,-1.94638583,-0.11382361,-0.01189831,0.91440144,-0.00711311,80.0,-7.0,0.0,80.0,1.3962634,0.0,0.0,0.0,80.0,-7.0,0.0,80.0,1.3962634,0.0,0.0,0.0,-2.81829078,-1.31057202,-18.17196265,32.81349709,-7.79911024,90.00000018,0.0,72.03677604,-7.01244206,1.86748602,-10.29576032,-4.95008606,-9.36384434,63.65469592,126.87361228,-8.93832164,34.46260819
1760625424.545,11.00279345,-2.07696877,-0.29980262,-0.01357802,0.91513675,-0.00848073,80.0,-7.0,0.0,80.0,1.3962634,0.0,0.0,0.0,80.0,-7.0,0.0,80.0,1.3962634,0.0,0.0,0.0,-2.99056678,-1.24656042,-18.69377692,33.78959639,-7.9803184,90.00000018,0.0,73.42009735,-7.39571015,1.60113374,-11.10595272,-4.7152405,-9.29303597,65.55287843,126.16240084,-10.82637724,34.27267318
1760625424.612,11.8721973,-2.20860188,-0.07462949,-0.01478795,0.91604339,-0.00967193,80.0,-7.0,0.0,80.0,1.3962634,0.0,0.0,0.0,80.0,-7.0,0.0,80.0,1.3962634,0.0,0.0,0.0,-2.15981152,-0.48087356,-19.90290046,35.79282776,-8.80859604,90.00000018,0.0,72.83744238,-7.53758282,1.35771666,-12.03014055,-4.05175812,-13.01013152,66.88423646,125.08202825,-11.90886983,28.86655517
1760625424.646,12.34967814,-1.89562798,-0.48267282,-0.01569233,0.91727027,-0.0079129,80.0,-7.0,0.0,80.0,1.3962634,0.0,0.0,0.0,80.0,-7.0,0.0,80.0,1.3962634,0.0,0.0,0.0,-1.40413868,-0.85325437,-20.29281078,36.93641364,-8.93183786,90.00000018,0.0,73.1785344,-7.64023685,1.23078799,-13.13087944,-3.66428562,-13.9405139,67.06849297,124.67501836,-13.83105736,26.00050673
1760625424.679,12.28712017,-2.15822885,-0.74280898,-0.01461087,0.91630509,-0.0078367,80.0,-7.0,0.0,80.0,1.3962634,0.0,0.0,0.0,80.0,-7.0,0.0,80.0,1.3962634,0.0,0.0,0.0,-0.02544032,-0.62167109,-22.58322488,39.75261197,-7.94657494,90.00000018,0.0,74.44253556,-7.66562981,1.08159441,-14.2758457,-2.54247507,-15.53891025,67.85935236,123.53653272,-17.4788345,22.40163923
1760625424.713,11.94446182,-2.33126829,-1.16465929,-0.01349431,0.91775367,-0.00925071,80.0,-7.0,0.0,80.0,1.3962634,0.0,0.0,0.0,80.0,-7.0,0.0,80.0,1.3962634,0.0,0.0,0.0,2.27976225,-0.24928692,-24.27449715,41.75154308,-7.20223787,90.00000018,0.0,75.70289378,-7.5224559,1.01100191,-15.77514543,-1.34920197,-17.25128273,71.61431039,123.36498303,-18.65347728,22.04017533
1760625424.746,12.44076964,-2.48370448,-1.4955312,-0.01470754,0.9182981,-0.01007443,80.0,-7.0,0.0,80.0,1.3962634,0.0,0.0,0.0,80.0,-7.0,0.0,80.0,1.3962634,0.0,0.0,0.0,3.50887944,0.08568565,-25.18417756,44.3110335,-6.68082845,90.00000018,0.0,76.46126898,-7.3982796,0.99541125,-16.81713317,-0.50975605,-18.51216094,71.2522403,122.68818036,-20.87128751,17.44638066
1760625424.78,11.60605141,-2.65128365,-2.06920901,-0.01170756,0.91773146,-0.01011126,80.0,-7.0,0.0,80.0,1.3962634,0.0,0.0,0.0,80.0,-7.0,0.0,80.0,1.3962634,0.0,0.0,0.0,6.79642437,0.3797101,-27.8058525,48.25233358,-4.55319958,90.00000018,0.0,78.46635205,-7.36910158,0.91178263,-18.13885793,0.99331465,-21.75130295,75.96280368,123.37333424,-21.87815405,16.13893144
1760625424.813,11.33327938,-2.78716773,-2.88034974,-0.00870349,0.91690889,-0.01127964,80.0,-7.0,0.0,80.0,1.3962634,0.0,0.0,0.0,80.0,-7.0,0.0,80.0,1.3962634,0.0,0.0,0.0,7.59265503,0.33904049,-30.14350558,52.81220998,-3.94411787,90.00000018,2.69784729,79.40897724,-7.71107703,0.93635103,-17.89585441,1.37964761,-25.17740111,82.46404152,124.94051164,-21.64421497,18.07567537
1760625424.847,11.23097901,-0.85519795,-0.6266899,-0.02038425,0.93808681,-0.00572248,80.0,-7.0,0.0,80.0,1.3962634,0.0,0.0,0.0,80.0,-7.0,0.0,80.0,1.3962634,0.0,0.0,0.0,-4.81987679,-1.93959413,-10.48103038,-0.63607278,-10.78286654,-32.70408725,68.8270451,163.8760519,-6.35553645,1.95748044,-3.83172991,-7.68310882,-4.50119706,87.46899944,126.64626501,-22.19199661,19.04077566
1760625424.88,9.79452317,-0.94788527,-0.7120506,-0.01400473,0.93637224,-0.00845196,80.0,-7.0,0.0,80.0,1.3962634,0.0,0.0,0.0,80.0,-7.0,0.0,80.0,1.3962634,0.0,0.0,0.0,-3.65621393,-2.12852744,-12.01787489,0.86496739,-10.5874889,-31.91712016,72.1615891,162.57510803,-8.17255168,1.45227501,-2.2838977,-8.29305085,-5.77182706,93.48535232,128.63416608,-22.68306127,20.72799579
1760625424.913,8.08056518,-1.01699092,-0.20378619,-0.00683128,0.93325566,-0.01020549,80.0,-7.0,0.0,80.0,1.3962634,0.0,0.0,0.0,80.0,-7.0,0.0,80.0,1.3962634,0.0,0.0,0.0,-2.00207767,-2.33258818,-13.16870931,1.31607024,-9.17865229,-32.28607866,74.400176,162.96100236,-9.47712784,1.09765393,-1.29282938,-8.68558729,-5.91487957,95.96632962,129.66962702,-23.20794688,21.30351477
1760625424.947,7.31413744,-0.78036129,0.33609622,-0.00444487,0.93293802,-0.01028885,80.0,-7.0,0.0,80.0,1.3962634,0.0,0.0,0.0,80.0,-7.0,0.0,80.0,1.3962634,0.0,0.0,0.0,-1.32992227,-2.87822457,-13.60193801,0.82083028,-7.71598199,-33.2603332,76.69796808,163.49333594,-10.06558734,0.97937729,-0.37967874,-8.93705755,-5.27394629,98.6766529,130.98152883,-22.81588606,23.25992204
1760625424.98,6.99590621,-0.62450198,0.44971129,-0.00389591,0.93425169,-0.01047625,80.0,-7.0,0.0,80.0,1.3962634,0.0,0.0,0.0,80.0,-7.0,0.0,80.0,1.3962634,0.0,0.0,0.0,-1.32921188,-3.48007266,-14.22825656,1.62196573,-7.46794202,-33.04591247,76.54229992,163.23060939,-10.41174828,0.80012738,0.44489559,-9.39493782,-5.56403817,101.62815468,132.30532928,-21.38452128,26.16579024
1760625425.014,6.87313271,-0.63386656,0.77838244,-0.0041803,0.93525708,-0.01168974,80.0,-7.0,0.0,80.0,1.3962634,0.0,0.0,0.0,80.0,-7.0,0.0,80.0,1.3962634,0.0,0.0,0.0,-2.4936777,-3.73925764,-15.21441226,3.91335273,-7.84576496,-32.2602195,74.86027188,163.0721833,-9.94272036,1.0067249,1.73135283,-9.99686144,-6.19527817,104.53592221,132.974964,-19.36542775,29.30790873
1760625425.047,6.87069941,-0.485548,0.87112426,-0.00475974,0.93589028,-0.01207981,80.0,-7.0,0.0,80.0,1.3962634,0.0,0.0,0.0,80.0,-7.0,0.0,80.0,1.3962634,0.0,0.0,0.0,-4.30031358,-3.74371643,-15.84391767,5.78388929,-7.69572033,-31.71799684,74.03745888,163.60380705,-8.97465865,1.35277166,3.32438461,-10.1853344,-6.73759666,106.99165642,133.5902248,-17.03376313,32.26388652
1760625425.081,7.06346026,-0.472538,1.05550673,-0.00668601,0.93619941,-0.01278868,80.0,-7.0,0.0,80.0,1.3962634,0.0,0.0,0.0,80.0,-7.0,0.0,80.0,1.3962634,0.0,0.0,0.0,-5.86905791,-3.46261084,-16.74319367,7.66250687,-7.90084403,-30.53372541,71.68305125,163.46818628,-9.05110239,1.18504166,3.63518866,-10.31474582,-8.10703753,107.17520407,132.23489338,-15.93908755,32.19083475
1760625425.114,7.23940283,-0.36722769,1.06029067,-0.00830291,0.93685526,-0.01276233,80.0,-7.0,0.0,80.0,1.3962634,0.0,0.0,0.0,80.0,-7.0,0.0,80.0,1.3962634,0.0,0.0,0.0,-6.18961298,-3.26759581,-17.24391,7.73621339,-8.26403643,-29.620457,70.13408025,163.56580379,-9.42028073,0.96226907,2.6923639,-10.19412901,-9.73716624,108.00169177,130.26576986,-14.96464384,32.35059809
1760625425.148,7.30417099,-0.21602987,1.3741677,-0.00924508,0.93620779,-0.01262392,80.0,-7.0,0.0,80.0,1.3962634,0.0,0.0,0.0,80.0,-7.0,0.0,80.0,1.3962634,0.0,0.0,0.0,-6.24048361,-3.33232366,-17.2434864,7.42592932,-8.59472846,-29.46932545,68.45383968,163.86818696,-9.46313915,0.84236528,1.58754027,-10.03088224,-10.3968606,106.64742574,128.80925363,-14.40937415,31.68216833
1760625425.181,7.62042696,0.06110094,1.35847293,-0.01136677,0.93718197,-0.01097683,80.0,-7.0,0.0,80.0,1.3962634,0.0,0.0,0.0,80.0,-7.0,0.0,80.0,1.3962634,0.0,0.0,0.0,-6.26053377,-3.38455447,-18.24553244,8.24341589,-8.4883126,-27.85559125,64.5202364,164.98791978,-9.8055924,0.61642118,-0.43130781,-9.69391656,-12.41901835,105.83859663,127.73332862,-13.16786703,32.76780511
1760625425.215,9.10070788,0.37345195,1.14793451,-0.01896489,0.94082686,-0.0090381,80.0,-7.0,0.0,80.0,1.3962634,0.0,0.0,0.0,80.0,-7.0,0.0,80.0,1.3962634,0.0,0.0,0.0,-6.49675034,-3.28098989,-16.00825037,8.6672124,-7.65299664,-30.36025853,60.41200837,168.26851108,-10.06377424,0.46543643,-2.29408291,-8.92833251,-10.65307579,104.45329621,126.89473017,-12.49630026,34.05767917
1760625425.248,9.31468712,0.10066502,1.1632153,-0.02146036,0.94334881,-0.00978542,80.0,-7.0,0.0,80.0,1.3962634,0.0,0.0,0.0,80.0,-7.0,0.0,80.0,1.3962634,0.0,0.0,0.0,-5.84198326,-2.26231864,-13.77083761,8.95799727,-7.35870801,-33.14881295,56.53686573,171.61127436,-9.83789112,0.52644976,-3.61970114,-7.72029449,-8.06231918,100.90933605,126.49040817,-11.98214472,35.0000001
1760625425.281,8.89967301,-0.11393994,0.39185558,-0.02055511,0.94414211,-0.01168649,80.0,-7.0,0.0,80.0,1.3962634,0.0,0.0,0.0,80.0,-7.0,0.0,80.0,1.3962634,0.0,0.0,0.0,-5.22149947,-0.97622708,-11.78376999,9.07200195,-7.62977084,-34.62895639,51.9707824,174.61975421,-9.32038605,0.77958625,-4.50664575,-6.61329252,-7.05616121,94.90121791,126.11506582,-10.71428006,35.0000001
1760625425.315,8.68689367,-0.31656383,0.23027846,-0.01949721,0.94236811,-0.01155958,80.0,-7.0,0.0,80.0,1.3962634,0.0,0.0,0.0,80.0,-7.0,0.0,80.0,1.3962634,0.0,0.0,0.0,-4.9774501,-0.49268576,-11.23324681,8.47014975,-7.55470593,-35.08488831,48.48190218,175.94965333,-9.483999,0.81747267,-4.67775987,-6.39074834,-6.66321152,89.70524021,125.9171064,-9.8057038,35.0000001
1760625425.348,8.37171873,-0.2013919,0.38388196,-0.01681866,0.93805908,-0.00990433,80.0,-7.0,0.0,80.0,1.3962634,0.0,0.0,0.0,80.0,-7.0,0.0,80.0,1.3962634,0.0,0.0,0.0,-3.85184288,-1.10361485,-10.73024066,7.34568704,-8.16958365,-35.01491992,44.22474482,176.97618272,-9.06219894,1.16245672,-5.5800346,-6.34799627,-5.19795177,82.74735156,126.2635,-9.18788943,35.0000001
1760625425.382,8.38851955,-0.43970307,0.20874015,-0.01690715,0.93757746,-0.00977796,80.0,-7.0,0.0,80.0,1.3962634,0.0,0.0,0.0,80.0,-7.0,0.0,80.0,1.3962634,0.0,0.0,0.0,-4.16947253,-0.61234059,-10.26428714,8.43275324,-9.06644994,-34.5070657,38.01509951,179.99984796,-6.72313698,2.33895865,-4.64188377,-6.13416948,-3.79181629,72.96036194,125.85835146,-6.86199386,35.0000001
1760625425.415,7.86349666,-0.55358283,0.85079616,-0.01427936,0.93360723,-0.00917724,80.0,-7.0,0.0,80.0,1.3962634,0.0,0.0,0.0,80.0,-7.0,0.0,80.0,1.3962634,0.0,0.0,0.0,-3.16371574,-0.74922251,-8.72231738,6.1818269,-9.78343163,-34.716522,34.73604619,179.99984796,-4.51441258,3.43146886,-4.02393187,-6.49866155,1.32344223,63.61626503,125.1791895,-6.24135454,35.0000001
1760625425.449,7.27330571,-0.68831264,1.16897358,-0.00767465,0.9245749,-0.00729892,80.0,-7.0,0.0,80.0,1.3962634,0.0,0.0,0.0,80.0,-7.0,0.0,80.0,1.3962634,0.0,0.0,0.0,-3.19073604,-2.79844644,-7.73429554,5.33857948,-9.54574885,-35.29531925,29.23071779,179.99984796,-7.72961243,1.62828462,-4.01578071,-7.31572273,9.1807036,62.0298409,122.42864176,-20.03955873,32.05906194
1760625425.482,7.11860401,-1.06974836,1.19203529,-0.00548691,0.92201614,-0.00752152,80.0,-7.0,0.0,80.0,1.3962634,0.0,0.0,0.0,80.0,-7.0,0.0,80.0,1.3962634,0.0,0.0,0.0,-3.85549547,-2.20890118,-6.59917372,4.91248647,-8.77462734,-39.85762426,29.28636801,179.99984796,-14.83090078,-1.12427342,-3.82343423,-7.20648333,10.84521342,58.92125371,121.20446076,-20.19149876,29.97322811
1760625425.515,7.98172831,-0.97597652,1.51032319,-0.00779699,0.92007091,-0.00517788,80.0,-7.0,0.0,80.0,1.3962634,0.0,0.0,0.0,80.0,-7.0,0.0,80.0,1.3962634,0.0,0.0,0.0,-5.38451103,-1.72592637,-5.12686852,3.83795721,-7.92498392,-41.93761852,32.17247285,179.99984796,-10.9295722,0.42504357,-1.36353253,-7.7054537,9.02088951,54.93735199,121.63104281,-15.5931244,27.27933785
1760625425.549,9.14839021,-1.1554042,1.01004721,-0.0121871,0.9204329,-0.00481777,80.0,-7.0,0.0,80.0,1.3962634,0.0,0.0,0.0,80.0,-7.0,0.0,80.0,1.3962634,0.0,0.0,0.0,-7.50598832,-1.67543056,-5.29756412,5.19545414,-7.1304218,-41.28791309,32.27251181,179.99984796,-8.33339491,1.4316642,0.78268351,-7.12050799,8.2248123,53.82638012,122.73797449,-14.08979115,28.62688406
1760625425.582,10.23239502,-1.3878136,0.47290467,-0.01719035,0.92260439,-0.00562242,80.0,-7.0,0.0,80.0,1.3962634,0.0,0.0,0.0,80.0,-7.0,0.0,80.0,1.3962634,0.0,0.0,0.0,-9.49448148,-1.70987099,-6.16515173,6.80679445,-7.11721445,-38.98093344,32.02524735,179.99984796,-7.27549108,1.98800422,1.00437819,-7.15589366,8.55609509,55.4654848,122.59217594,-14.71407342,30.61937636
1760625425.616,11.06071321,-1.56785206,0.02256071,-0.02159181,0.92406602,-0.005597,80.0,-7.0,0.0,80.0,1.3962634,0.0,0.0,0.0,80.0,-7.0,0.0,80.0,1.3962634,0.0,0.0,0.0,-10.99171344,-1.76390413,-6.89559891,7.97341656,-7.30110735,-36.83398843,32.13645976,179.99984796,-6.9284499,2.0738527,0.57134944,-7.49977279,8.75657063,56.91243233,122.23217636,-15.52562112,31.70276244
1760625425.649,11.6026312,-1.60808292,-0.1012392,-0.02441521,0.92498206,-0.00564392,80.0,-7.0,0.0,80.0,1.3962634,0.0,0.0,0.0,80.0,-7.0,0.0,80.0,1.3962634,0.0,0.0,0.0,-11.76257542,-1.80493501,-6.91548478,8.56551427,-7.29744796,-36.40492045,32.39178593,179.99984796,-6.38648766,2.07544172,0.57851749,-7.31782616,8.41214443,57.85900049,123.12199097,-15.55535179,31.98737776
1760625425.683,11.94313831,-1.48168594,-0.16161661,-0.02621371,0.92517384,-0.00463425,80.0,-7.0,0.0,80.0,1.3962634,0.0,0.0,0.0,80.0,-7.0,0.0,80.0,1.3962634,0.0,0.0,0.0,-11.96077216,-1.76537384,-6.81441106,8.35186795,-7.12403076,-36.95207862,32.91942934,179.99984796,-6.11717597,2.04309291,0.57052459,-7.376946,6.56224396,59.03223005,124.42982877,-14.08304279,31.7018275
1760625425.716,12.20576955,-1.36850578,-0.27266902,-0.02828248,0.92544532,-0.00346032,80.0,-7.0,0.0,80.0,1.3962634,0.0,0.0,0.0,80.0,-7.0,0.0,80.0,1.3962634,0.0,0.0,0.0,-12.31325214,-1.82506606,-6.69765832,8.38977925,-7.12527757,-37.45341163,33.5407211,179.99984796,-6.12312196,2.04952266,0.37109488,-7.59861989,5.46035655,60.94716774,125.3795269,-13.47304744,31.87534778
1760625425.75,12.33005843,-1.32426575,-0.415092,-0.02984312,0.92566465,-0.00323084,80.0,-7.0,0.0,80.0,1.3962634,0.0,0.0,0.0,80.0,-7.0,0.0,80.0,1.3962634,0.0,0.0,0.0,-12.75476965,-1.92662758,-6.72591294,8.24720847,-6.67110824,-38.38477763,35.08967781,179.99984796,-6.50617665,1.88296525,-0.04644498,-7.54477578,5.1085995,62.07031874,125.7539568,-15.01674465,31.007183
1760625425.783,12.4122654,-1.2347575,-0.49048496,-0.03062703,0.92599575,-0.00243254,80.0,-7.0,0.0,80.0,1.3962634,0.0,0.0,0.0,80.0,-7.0,0.0,80.0,1.3962634,0.0,0.0,0.0,-12.70317981,-1.87696784,-6.67060304,7.78995447,-6.23713993,-39.33316017,36.5609236,179.99984796,-6.78897034,1.79619459,-0.41114428,-7.5678178,4.1385028,62.81786335,126.01541551,-15.29174359,29.89181538
1760625425.817,12.137834,-1.02253006,-0.44394595,-0.03063965,0.926,-0.00103061,80.0,-7.0,0.0,80.0,1.3962634,0.0,0.0,0.0,80.0,-7.0,0.0,80.0,1.3962634,0.0,0.0,0.0,-12.17187969,-1.81058884,-6.35095741,6.92523009,-5.76815569,-40.57522361,38.57082021,179.99984796,-6.97677706,1.73953866,-0.58274547,-7.62484817,3.35089062,63.30653874,126.30651677,-15.22159848,28.50685276
1760625425.85,11.9175534,-1.00105598,-0.61154638,-0.03094736,0.92671544,-0.00015895,80.0,-7.0,0.0,80.0,1.3962634,0.0,0.0,0.0,80.0,-7.0,0.0,80.0,1.3962634,0.0,0.0,0.0,-11.79799244,-1.70674562,-6.14795808,6.46753449,-5.35510044,-41.30439175,41.04557164,179.99984796,-7.05598242,1.68437758,-0.79162155,-7.67848568,2.71854777,63.65157336,126.50612496,-16.21124195,26.67630557
1760625425.884,12.02396127,-0.96680887,-0.98532581,-0.03222132,0.92838843,0.00071479,80.0,-7.0,0.0,80.0,1.3962634,0.0,0.0,0.0,80.0,-7.0,0.0,80.0,1.3962634,0.0,0.0,0.0,-11.59809593,-1.64369961,-6.41095758,6.32200944,-5.23931574,-41.18906779,42.71707788,179.99984796,-7.21874858,1.59088481,-1.30216493,-7.5816955,2.15395414,63.89240361,126.43191945,-17.60715485,25.40638672
1760625425.917,11.93204164,-1.0156862,-1.0278133,-0.03316974,0.92941138,0.00057008,80.0,-7.0,0.0,80.0,1.3962634,0.0,0.0,0.0,80.0,-7.0,0.0,80.0,1.3962634,0.0,0.0,0.0,-11.31171796,-1.46827547,-6.79344901,5.26080211,-5.98324501,-39.85781374,45.04146814,177.80103809,-7.30771612,1.61454636,-1.62542333,-7.52501326,1.806213,64.84692483,126.4906955,-18.69125641,24.81818311
1760625425.95,11.67760397,-1.04871668,-1.16513344,-0.03178621,0.92955459,0.00017375,80.0,-7.0,0.0,80.0,1.3962634,0.0,0.0,0.0,80.0,-7.0,0.0,80.0,1.3962634,0.0,0.0,0.0,-10.59696573,-1.25889306,-7.34469195,3.9898802,-7.14771726,-38.18738841,48.02370351,174.69817915,-7.28804827,1.68868344,-2.17539009,-7.39339449,0.68110606,67.20121472,127.06380972,-19.25158301,24.82951661
1760625425.984,11.15212144,-1.0755978,-1.43044207,-0.02908683,0.93036889,-2.475e-05,80.0,-7.0,0.0,80.0,1.3962634,0.0,0.0,0.0,80.0,-7.0,0.0,80.0,1.3962634,0.0,0.0,0.0,-9.20928547,-1.04953512,-7.30166893,1.72886915,-7.88959982,-37.49440237,51.2486201,172.39149238,-7.2098305,1.78147148,-3.07653823,-7.1140494,-0.05710559,70.05837347,127.82227767,-19.08897662,25.7464753
1760625426.017,10.85347459,-1.05843678,-1.57803065,-0.02783973,0.93229422,-0.00077995,80.0,-7.0,0.0,80.0,1.3962634,0.0,0.0,0.0,80.0,-7.0,0.0,80.0,1.3962634,0.0,0.0,0.0,-8.14713505,-0.99211752,-6.39820262,0.06821395,-8.82368231,-37.88355239,53.86782711,170.26174923,-7.14665804,1.89122337,-3.91370787,-6.98489205,0.23309823,73.51377541,128.57703438,-18.82396775,26.97597225
1760625426.051,10.89493977,-0.98480921,-1.7910011,-0.02759504,0.93411613,-0.00095938,80.0,-7.0,0.0,80.0,1.3962634,0.0,0.0,0.0,80.0,-7.0,0.0,80.0,1.3962634,0.0,0.0,0.0,-7.29493019,-1.19842994,-6.47056936,-1.42126042,-9.23364062,-37.75558414,57.28558791,168.48021619,-7.11347916,1.94178441,-5.16368531,-6.95859145,-0.65638565,75.46674941,128.91091021,-19.69453465,25.97519745
1760625426.084,11.02063991,-0.88966638,-2.02579954,-0.0275712,0.93548025,-0.00126536,80.0,-7.0,0.0,80.0,1.3962634,0.0,0.0,0.0,80.0,-7.0,0.0,80.0,1.3962634,0.0,0.0,0.0,-6.98978002,-1.51984697,-6.91535295,-0.71260338,-8.7894547,-37.67419072,58.81953895,168.69562286,-6.87124669,2.13136758,-5.87765799,-7.00123858,-1.81989715,78.05011915,129.52781884,-19.74960538,26.35561056
1760625426.118,10.62335031,-0.67332032,-1.89705235,-0.02512736,0.93536758,-0.00233802,80.0,-7.0,0.0,80.0,1.3962634,0.0,0.0,0.0,80.0,-7.0,0.0,80.0,1.3962634,0.0,0.0,0.0,-6.50937881,-1.86776363,-8.52842017,0.06008809,-8.33752569,-36.6104329,60.66259075,168.65912785,-6.50202698,2.38127886,-6.30350535,-7.03018666,-3.9024467,81.50900399,130.20119631,-19.1561001,27.48280668
1760625426.151,10.46985725,-0.72434809,-2.1816968,-0.02375271,0.93535638,-0.00254347,80.0,-7.0,0.0,80.0,1.3962634,0.0,0.0,0.0,80.0,-7.0,0.0,80.0,1.3962634,0.0,0.0,0.0,-6.33509308,-1.71566068,-9.64948667,0.6764478,-7.67074337,-35.79265292,63.4677109,168.73415302,-6.23025855,2.54758095,-6.588597,-6.76470761,-6.13713194,85.35431233,131.08332562,-18.46845602,28.39530589
1760625426.185,9.95474,-0.49145641,-1.70938982,-0.02087397,0.93458922,-0.00356016,80.0,-7.0,0.0,80.0,1.3962634,0.0,0.0,0.0,80.0,-7.0,0.0,80.0,1.3962634,0.0,0.0,0.0,-5.50503515,-1.88758887,-11.0089269,1.19033424,-6.99227542,-35.31188307,65.1530993,169.15094632,-6.10109307,2.68567849,-7.03528736,-6.76862905,-7.49975819,87.23343901,131.29085888,-18.26904353,28.23185225
1760625426.218,9.72512521,-0.30400724,-1.88874746,-0.01894822,0.93463181,-0.00323265,80.0,-7.0,0.0,80.0,1.3962634,0.0,0.0,0.0,80.0,-7.0,0.0,80.0,1.3962634,0.0,0.0,0.0,-5.43299678,-2.10167781,-11.85627367,4.66762415,-4.98066514,-35.29707588,64.85113245,171.88036516,-5.95016616,2.90613506,-6.96490479,-6.98049612,-8.86018589,89.88080912,131.4844786,-17.31250017,28.90720111
1760625426.251,9.62041365,-0.37957085,-1.82950259,-0.01781652,0.93476275,-0.00461848,80.0,-7.0,0.0,80.0,1.3962634,0.0,0.0,0.0,80.0,-7.0,0.0,80.0,1.3962634,0.0,0.0,0.0,-5.8930018,-2.06147943,-13.26308552,6.99259395,-3.62917925,-34.12385327,65.8876524,172.72737548,-5.88923882,3.08882826,-6.74302723,-7.55826488,-10.47400886,93.32321256,131.89148568,-15.53119495,30.00575261
1760625426.285,9.56504371,-0.59885126,-1.84814293,-0.01849278,0.93615326,-0.00623854,80.0,-7.0,0.0,80.0,1.3962634,0.0,0.0,0.0,80.0,-7.0,0.0,80.0,1.3962634,0.0,0.0,0.0,-6.0403637,-1.83867759,-13.44305817,7.59475682,-3.00468649,-33.66533905,67.17170036,172.88023952,-5.84796952,3.2892519,-6.90220661,-7.95255727,-10.82148203,96.53350677,132.51451862,-13.88334611,31.47672173
1760625426.318,9.43678762,-0.73460735,-1.79854504,-0.01767333,0.93750831,-0.00763661,80.0,-7.0,0.0,80.0,1.3962634,0.0,0.0,0.0,80.0,-7.0,0.0,80.0,1.3962634,0.0,0.0,0.0,-5.78087705,-1.45865538,-13.50259477,7.91010374,-2.32006266,-33.44590606,68.40691633,173.53824855,-5.67324065,3.45755318,-7.37385062,-7.95876873,-11.04822439,99.64878391,133.05690564,-12.32460546,32.8724834
1760625426.352,9.26657093,-0.64091496,-1.64165459,-0.01703233,0.93848759,-0.00801757,80.0,-7.0,0.0,80.0,1.3962634,0.0,0.0,0.0,80.0,-7.0,0.0,80.0,1.3962634,0.0,0.0,0.0,-5.38961072,-1.28080468,-13.49163186,8.36030634,-1.55613147,-33.25299674,69.67317061,174.48934246,-5.24587693,3.6845886,-7.97104305,-7.90993857,-11.43771673,101.33245855,133.21943415,-11.43886816,32.75993928
1760625426.385,9.28248272,-0.58954146,-1.4811627,-0.01764727,0.93862458,-0.00860139,80.0,-7.0,0.0,80.0,1.3962634,0.0,0.0,0.0,80.0,-7.0,0.0,80.0,1.3962634,0.0,0.0,0.0,-5.33868519,-1.03504824,-13.37013515,8.49800772,-1.37850659,-33.18144725,70.53991381,174.86446499,-4.99362994,3.81525839,-8.23624225,-7.72012694,-11.64035302,101.41741893,133.22647002,-11.29710073,31.98471164
1760625426.419,9.73857417,-0.52517184,-1.38301167,-0.02029036,0.93962678,-0.00846446,80.0,-7.0,0.0,80.0,1.3962634,0.0,0.0,0.0,80.0,-7.0,0.0,80.0,1.3962634,0.0,0.0,0.0,-5.75681582,-0.91102618,-13.05055142,8.32393606,-1.23283931,-33.08355395,71.64252032,174.84471427,-4.552622,3.99618354,-8.51880704,-7.56310549,-11.7174557,101.65561243,133.15668643,-11.04795205,31.51310426
1760625426.452,9.6435163,-0.5457377,-1.29726381,-0.01964543,0.93961809,-0.0084914,80.0,-7.0,0.0,80.0,1.3962634,0.0,0.0,0.0,80.0,-7.0,0.0,80.0,1.3962634,0.0,0.0,0.0,-5.47180617,-0.77163467,-12.84410134,8.22879966,-1.22380452,-32.97722645,72.0710226,174.80482656,-4.0910218,4.22895216,-8.8583602,-7.424199,-11.66920738,102.68832385,133.18381212,-10.51999262,32.13955875
1760625426.486,9.25795537,-0.48883864,-1.24875263,-0.01805877,0.93936593,-0.00799556,80.0,-7.0,0.0,80.0,1.3962634,0.0,0.0,0.0,80.0,-7.0,0.0,80.0,1.3962634,0.0,0.0,0.0,-4.98613568,-0.83575435,-12.85655705,8.29710304,-1.16423573,-32.70073307,72.16540666,174.6694118,-3.87044076,4.35143427,-9.1526042,-7.37532407,-11.84463987,103.87966396,133.42024815,-9.82627914,33.1011663
1760625426.519,8.939497,-0.28764963,-1.09420735,-0.0176093,0.93884304,-0.00805642,80.0,-7.0,0.0,80.0,1.3962634,0.0,0.0,0.0,80.0,-7.0,0.0,80.0,1.3962634,0.0,0.0,0.0,-4.51167976,-0.94871625,-12.95059679,8.11067287,-1.26828391,-32.42141053,72.22679646,174.51451179,-3.97159319,4.31346656,-9.51526759,-7.27428943,-12.08275486,103.86171076,133.34971751,-9.62501008,33.0836908
1760625426.552,8.64862377,-0.24589548,-0.95326016,-0.01652988,0.93842801,-0.00754327,80.0,-7.0,0.0,80.0,1.3962634,0.0,0.0,0.0,80.0,-7.0,0.0,80.0,1.3962634,0.0,0.0,0.0,-4.1320861,-0.96747177,-13.04513718,8.4434558,-0.88728317,-32.47157665,71.88507692,175.15035479,-3.92376229,4.32456582,-9.72214589,-7.27396333,-12.23262953,103.41320165,133.17895069,-9.77206369,32.76462774
1760625426.586,8.80250377,-0.18072188,-0.93225378,-0.01806088,0.93913497,-0.00720598,80.0,-7.0,0.0,80.0,1.3962634,0.0,0.0,0.0,80.0,-7.0,0.0,80.0,1.3962634,0.0,0.0,0.0,-4.28542057,-1.05308803,-13.07202555,9.07142008,-0.86539977,-32.39288026,71.13932333,175.40738286,-3.80615715,4.35577938,-9.79511307,-7.31170056,-12.44074008,103.05693312,132.99070071,-9.88194519,32.63189716
1760625426.619,8.94358537,-0.19377903,-1.06270354,-0.01919736,0.94009667,-0.00702853,80.0,-7.0,0.0,80.0,1.3962634,0.0,0.0,0.0,80.0,-7.0,0.0,80.0,1.3962634,0.0,0.0,0.0,-4.48722331,-1.11098126,-13.36535142,9.11954679,-1.02993201,-31.8241311,70.77705582,175.23678195,-3.66463075,4.3994794,-9.7138897,-7.30974329,-13.0691717,103.38571678,132.56819018,-9.43783567,33.57538704
1760625426.686,8.83304655,-0.21709578,-1.1149507,-0.0192494,0.94013384,-0.00702662,80.0,-7.0,0.0,80.0,1.3962634,0.0,0.0,0.0,80.0,-7.0,0.0,80.0,1.3962634,0.0,0.0,0.0,-4.50553046,-1.23445069,-13.77325623,9.25144874,-1.28927263,-31.30026433,69.99983194,174.77669897,-3.61890472,4.40533698,-9.02943671,-7.56300065,-13.51508887,102.65808014,132.66275441,-8.81357261,34.58663003
1760625426.72,8.76251805,-0.21721484,-1.0093461,-0.01919875,0.94009927,-0.00708704,80.0,-7.0,0.0,80.0,1.3962634,0.0,0.0,0.0,80.0,-7.0,0.0,80.0,1.3962634,0.0,0.0,0.0,-4.36268346,-1.2983638,-13.81628069,9.23241726,-1.23093842,-31.48704807,69.55582221,174.8595888,-3.5718499,4.42414,-8.75660674,-7.89393896,-13.24370663,101.90087512,132.2428016,-8.69208015,34.75792004
1760625426.753,8.72876013,-0.16316154,-0.98801277,-0.02050543,0.9403196,-0.00646318,80.0,-7.0,0.0,80.0,1.3962634,0.0,0.0,0.0,80.0,-7.0,0.0,80.0,1.3962634,0.0,0.0,0.0,-4.40112785,-1.53821289,-13.82454699,9.34009178,-1.21125981,-31.5675393,69.22233139,174.78964438,-3.53507955,4.44459026,-8.63410444,-8.26024011,-13.02661418,101.44441265,132.05750552,-8.89188333,34.62507327
1760625426.786,8.7116954,-0.09073104,-1.04363476,-0.02120532,0.94055851,-0.00607179,80.0,-7.0,0.0,80.0,1.3962634,0.0,0.0,0.0,80.0,-7.0,0.0,80.0,1.3962634,0.0,0.0,0.0,-4.46636559,-1.78823624,-13.86786568,9.29715964,-1.18215342,-31.52243451,69.11001441,174.61211983,-3.45209677,4.47318281,-8.60366263,-8.53555614,-12.95990943,101.1835016,131.9396213,-9.16139691,34.39260958
1760625426.82,8.49457429,0.04431209,-1.14993772,-0.02035418,0.94061223,-0.00517967,80.0,-7.0,0.0,80.0,1.3962634,0.0,0.0,0.0,80.0,-7.0,0.0,80.0,1.3962634,0.0,0.0,0.0,-4.36473934,-2.22899812,-14.07741155,9.10831623,-1.20810232,-31.20614518,69.06432586,174.05850364,-3.38635612,4.51237776,-8.56715392,-8.91229795,-13.32156478,100.86895421,131.81174691,-9.27571552,33.95980692
1760625426.854,8.16128762,0.16147053,-1.19762719,-0.01916624,0.94044116,-0.00447065,80.0,-7.0,0.0,80.0,1.3962634,0.0,0.0,0.0,80.0,-7.0,0.0,80.0,1.3962634,0.0,0.0,0.0,-4.09350593,-2.58411325,-14.39492503,8.81188311,-1.15351396,-30.86225063,69.19868719,173.61144467,-3.39554614,4.51436466,-8.58917216,-9.13219678,-13.77396661,100.82270235,131.86778504,-9.18979907,33.83709552
1760625426.887,8.05293468,0.21914007,-1.25519291,-0.01944147,0.94061937,-0.00418247,80.0,-7.0,0.0,80.0,1.3962634,0.0,0.0,0.0,80.0,-7.0,0.0,80.0,1.3962634,0.0,0.0,0.0,-4.11797215,-2.8507532,-14.74173575,8.60469389,-1.09803533,-30.480968,69.34694084,173.21380971,-3.42612643,4.50473731,-8.55452103,-9.25626359,-14.1021985,100.90124546,132.00627447,-9.20401409,33.95999954
1760625426.92,7.96126406,0.23170577,-1.33773561,-0.01963451,0.94055107,-0.00437998,80.0,-7.0,0.0,80.0,1.3962634,0.0,0.0,0.0,80.0,-7.0,0.0,80.0,1.3962634,0.0,0.0,0.0,-4.21073849,-2.99898476,-14.98493679,8.62775362,-0.96431399,-30.24950704,69.35443206,173.05605105,-3.50562624,4.48514355,-8.4865848,-9.26223262,-14.18812136,101.09524653,132.17574766,-9.2731252,34.28933739
1760625426.954,8.08889238,0.30626358,-1.3467156,-0.0202122,0.94080632,-0.00448216,80.0,-7.0,0.0,80.0,1.3962634,0.0,0.0,0.0,80.0,-7.0,0.0,80.0,1.3962634,0.0,0.0,0.0,-4.46533876,-3.23520088,-15.4447289,8.6057798,-1.00979629,-29.72744171,69.29432334,172.69257864,-3.48993971,4.47083847,-8.49682287,-9.30691848,-14.58870709,101.26167192,132.29504514,-9.22934137,34.48948179
1760625426.987,8.14918829,0.29246819,-1.5064516,-0.02073709,0.94117843,-0.00423051,80.0,-7.0,0.0,80.0,1.3962634,0.0,0.0,0.0,80.0,-7.0,0.0,80.0,1.3962634,0.0,0.0,0.0,-4.53901987,-3.29636858,-15.66800066,8.26281005,-0.98366563,-29.30529637,69.53576256,172.50491878,-3.43838772,4.48435872,-8.5818455,-9.26538918,-14.96888201,101.30034509,132.37216791,-9.18507059,34.54234881
1760625427.021,8.234248,0.37350019,-1.48414028,-0.02087706,0.941566,-0.00481459,80.0,-7.0,0.0,80.0,1.3962634,0.0,0.0,0.0,80.0,-7.0,0.0,80.0,1.3962634,0.0,0.0,0.0,-4.67927656,-3.39885967,-15.93055079,7.9977366,-1.35156406,-28.87669128,69.6334743,172.01652616,-3.42751289,4.49613762,-8.60838531,-9.19905568,-15.18428172,101.37448384,132.35472369,-9.16158998,34.56983176
1760625427.054,8.15172527,0.37993489,-1.37625255,-0.02028146,0.94113816,-0.00573684,80.0,-7.0,0.0,80.0,1.3962634,0.0,0.0,0.0,80.0,-7.0,0.0,80.0,1.3962634,0.0,0.0,0.0,-4.58239494,-3.26339214,-15.88028444,8.06669618,-1.46115378,-29.02023025,69.52134217,172.06289168,-3.45429757,4.49357386,-8.59365083,-9.07069924,-15.0526231,101.3604746,132.25863492,-9.12055245,34.47341241
1760625427.088,8.2477814,0.43864344,-1.45799429,-0.02110684,0.94140595,-0.00533767,80.0,-7.0,0.0,80.0,1.3962634,0.0,0.0,0.0,80.0,-7.0,0.0,80.0,1.3962634,0.0,0.0,0.0,-4.63459951,-3.23230793,-15.94964531,7.92310394,-1.52425332,-28.83446428,69.61122126,172.03282845,-3.46015137,4.47958756,-8.63870172,-8.94139984,-15.24824132,101.23344988,132.14927215,-9.1455199,34.29133435
1760625427.121,8.40759225,0.42729855,-1.58617259,-0.02148115,0.94140296,-0.00520926,80.0,-7.0,0.0,80.0,1.3962634,0.0,0.0,0.0,80.0,-7.0,0.0,80.0,1.3962634,0.0,0.0,0.0,-4.89061766,-3.07173367,-15.98115865,8.31037927,-1.50515869,-28.73755538,69.37710312,172.35880688,-3.46727929,4.47730243,-8.53710658,-8.78137785,-15.43494899,101.09099414,132.1458056,-9.18765238,34.14353835
1760625427.155,8.42271322,0.47774169,-1.58728406,-0.02142552,0.94112272,-0.00538209,80.0,-7.0,0.0,80.0,1.3962634,0.0,0.0,0.0,80.0,-7.0,0.0,80.0,1.3962634,0.0,0.0,0.0,-4.89879124,-3.0371861,-15.97368852,8.340214,-1.57860661,-28.74633455,69.36098802,172.47395693,-3.43044012,4.50547592,-8.53010047,-8.66511995,-15.44147102,101.13089021,132.22928864,-9.17896726,34.17900745
1760625427.188,8.39979929,0.37436743,-1.72855824,-0.02074148,0.94059611,-0.0053653,80.0,-7.0,0.0,80.0,1.3962634,0.0,0.0,0.0,80.0,-7.0,0.0,80.0,1.3962634,0.0,0.0,0.0,-4.87025672,-2.8591276,-16.09499035,8.91749082,-1.61998257,-28.49906543,68.79037375,172.6169396,-3.4184827,4.50628076,-8.54058338,-8.52127046,-15.75712791,101.25994173,132.25872859,-9.15102813,34.26969849
1760625427.221,8.32748046,0.32766712,-1.80238036,-0.02038051,0.9400735,-0.00571902,80.0,-7.0,0.0,80.0,1.3962634,0.0,0.0,0.0,80.0,-7.0,0.0,80.0,1.3962634,0.0,0.0,0.0,-4.88430814,-2.75276386,-16.29554902,9.26742448,-1.74452705,-28.18283158,68.50159559,172.54765781,-3.46139891,4.50138642,-8.43193929,-8.41189333,-16.05205739,101.13468285,132.18123636,-9.24010616,34.22657458
1760625427.255,8.33429703,0.35421584,-1.80891406,-0.01989597,0.93970043,-0.00613688,80.0,-7.0,0.0,80.0,1.3962634,0.0,0.0,0.0,80.0,-7.0,0.0,80.0,1.3962634,0.0,0.0,0.0,-4.85592417,-2.70364772,-16.33122144,9.28339942,-1.81011581,-28.14707502,68.48791495,172.60807283,-3.45798344,4.50089812,-8.42163228,-8.30120851,-16.06418503,101.19142074,132.17200183,-9.30749105,34.2790396
1760625427.288,8.19862409,0.19172729,-1.90946295,-0.01932234,0.93910769,-0.00610482,80.0,-7.0,0.0,80.0,1.3962634,0.0,0.0,0.0,80.0,-7.0,0.0,80.0,1.3962634,0.0,0.0,0.0,-4.89409465,-2.59159057,-16.7924289,9.6960434,-1.88888927,-27.48575037,68.1843399,172.40515026,-3.46247877,4.50564303,-8.31691603,-8.29735546,-16.60881636,101.29670821,132.19337856,-9.36905502,34.38909542
1760625427.322,8.20853831,0.17625918,-1.90177329,-0.01939409,0.93937879,-0.00634307,80.0,-7.0,0.0,80.0,1.3962634,0.0,0.0,0.0,80.0,-7.0,0.0,80.0,1.3962634,0.0,0.0,0.0,-4.88003143,-2.61016478,-16.79485524,9.69486899,-1.9022379,-27.46869401,68.17974358,172.42927138,-3.44675356,4.52682594,-8.30970437,-8.31260361,-16.57480854,101.27908749,132.15992646,-9.37350442,34.43638748
1760625427.355,8.13415264,0.21659767,-1.86432208,-0.01956596,0.93951449,-0.00601022,80.0,-7.0,0.0,80.0,1.3962634,0.0,0.0,0.0,80.0,-7.0,0.0,80.0,1.3962634,0.0,0.0,0.0,-4.9071244,-2.73718013,-16.85395613,9.74224979,-1.8253159,-27.44319491,68.20966853,172.3897417,-3.39955215,4.54217953,-8.22847854,-8.41489204,-16.59589098,101.46724589,132.18992526,-9.22356968,34.64586042
1760625427.389,8.04622153,0.20689232,-1.75290826,-0.01914113,0.93940791,-0.00571796,80.0,-7.0,0.0,80.0,1.3962634,0.0,0.0,0.0,80.0,-7.0,0.0,80.0,1.3962634,0.0,0.0,0.0,-4.8568244,-2.80300781,-16.7634976,9.84193274,-1.75291134,-27.68163922,68.1062965,172.4502663,-3.39385267,4.54148243,-8.22461268,-8.48571083,-16.43521137,101.56004961,132.28199369,-9.11264716,34.74781544
1760625427.422,8.04979193,0.20426854,-1.75469804,-0.02078833,0.93969198,-0.00603374,80.0,-7.0,0.0,80.0,1.3962634,0.0,0.0,0.0,80.0,-7.0,0.0,80.0,1.3962634,0.0,0.0,0.0,-4.8711162,-2.80863067,-16.75920277,9.83198661,-1.74925389,-27.71869638,68.10789096,172.44568988,-3.40556041,4.53845352,-8.2518587,-8.44889167,-16.45189969,101.55831997,132.3481016,-9.07883994,34.75961103
1760625427.456,8.13569277,0.21688407,-1.75009508,-0.02070554,0.93955692,-0.00626695,80.0,-7.0,0.0,80.0,1.3962634,0.0,0.0,0.0,80.0,-7.0,0.0,80.0,1.3962634,0.0,0.0,0.0,-4.94453295,-2.82958119,-16.52985874,9.53439577,-1.73554997,-28.0248903,68.3763657,172.43056194,-3.39370804,4.53205293,-8.26972971,-8.46530298,-16.27654704,101.8448599,132.34869416,-8.87387919,34.98553432
1760625427.489,8.11380408,0.22306906,-1.69399788,-0.01950478,0.93934369,-0.0062284,80.0,-7.0,0.0,80.0,1.3962634,0.0,0.0,0.0,80.0,-7.0,0.0,80.0,1.3962634,0.0,0.0,0.0,-4.84304934,-2.86368697,-16.44998035,9.51539886,-1.75750755,-28.25962863,68.2645165,172.40886736,-3.3923561,4.52149389,-8.3979753,-8.45894566,-16.18138593,101.86164186,132.40832632,-8.81529654,34.95555473
1760625427.523,8.10618656,0.2454928,-1.65659808,-0.02002872,0.93959289,-0.00611227,80.0,-7.0,0.0,80.0,1.3962634,0.0,0.0,0.0,80.0,-7.0,0.0,80.0,1.3962634,0.0,0.0,0.0,-4.758791,-2.91386734,-16.35142629,9.47600441,-1.79007495,-28.4742172,68.19252284,172.3930942,-3.3781627,4.53462696,-8.50246118,-8.4690889,-16.07465296,101.8271245,132.41071147,-8.79895723,34.89089859
1760625427.556,7.83486466,0.30041018,-1.73315066,-0.02009771,0.93931606,-0.00609742,80.0,-7.0,0.0,80.0,1.3962634,0.0,0.0,0.0,80.0,-7.0,0.0,80.0,1.3962634,0.0,0.0,0.0,-4.33493933,-2.90203901,-15.78033762,9.0247682,-1.77670241,-29.14392949,68.51043403,172.4847489,-3.35257509,4.55619707,-8.58521275,-8.42870566,-15.63185696,101.62791435,132.39987494,-8.83738229,34.64713366
1760625427.589,7.90711195,0.30694655,-1.68186666,-0.02092062,0.93929447,-0.00653062,80.0,-7.0,0.0,80.0,1.3962634,0.0,0.0,0.0,80.0,-7.0,0.0,80.0,1.3962634,0.0,0.0,0.0,-4.3212737,-2.81378366,-15.51220167,9.17006904,-1.79089642,-29.76674374,68.31351587,172.54695979,-3.28520731,4.60824317,-8.6313333,-8.35013687,-15.34369246,101.5191865,132.44879226,-8.85604485,34.53305489
1760625427.623,7.57044738,0.30936203,-1.69800337,-0.01953802,0.93887428,-0.00630037,80.0,-7.0,0.0,80.0,1.3962634,0.0,0.0,0.0,80.0,-7.0,0.0,80.0,1.3962634,0.0,0.0,0.0,-3.65067964,-2.77571415,-14.82180848,8.81608367,-1.48900346,-30.79517284,68.49445504,172.81646538,-3.28681801,4.61351988,-8.87900588,-8.30808625,-14.67695928,101.57931344,132.46658291,-8.82161311,34.60306042
1760625427.656,7.39425753,0.30319529,-1.72361172,-0.01867529,0.93852145,-0.00677765,80.0,-7.0,0.0,80.0,1.3962634,0.0,0.0,0.0,80.0,-7.0,0.0,80.0,1.3962634,0.0,0.0,0.0,-3.39194237,-2.62900847,-14.53107995,9.19977186,-1.18971001,-31.41212361,68.282801,173.27842782,-3.27410182,4.60711487,-8.88594985,-8.1685239,-14.36748975,101.53902135,132.47485119,-8.84322205,34.61742188
1760625427.69,7.36783747,0.29136306,-1.67327297,-0.01876345,0.93849411,-0.00713196,80.0,-7.0,0.0,80.0,1.3962634,0.0,0.0,0.0,80.0,-7.0,0.0,80.0,1.3962634,0.0,0.0,0.0,-3.29604895,-2.57126242,-14.32850291,9.4297637,-0.97180382,-31.8549062,68.19422563,173.49119166,-3.20891397,4.62358235,-8.92657346,-8.11872372,-14.07158287,101.49035088,132.54341134,-8.87606521,34.60982368
1760625427.723,7.23087075,0.2656951,-1.60173874,-0.01806605,0.93799728,-0.00733747,80.0,-7.0,0.0,80.0,1.3962634,0.0,0.0,0.0,80.0,-7.0,0.0,80.0,1.3962634,0.0,0.0,0.0,-3.08183753,-2.50670284,-14.07136003,9.60003872,-0.69633817,-32.30848176,68.1271712,173.83041123,-3.20741081,4.61770921,-8.98007101,-8.09705516,-13.69867725,101.5530175,132.59091487,-8.86843164,34.66544052
1760625427.757,7.07487246,0.2873885,-1.88962628,-0.01724942,0.93748955,-0.00693982,80.0,-7.0,0.0,80.0,1.3962634,0.0,0.0,0.0,80.0,-7.0,0.0,80.0,1.3962634,0.0,0.0,0.0,-3.22349191,-2.43125437,-14.17550435,10.43379106,-0.14192653,-32.10774373,67.86563013,174.4954963,-3.15026698,4.62702564,-8.7089866,-8.00056783,-14.04580909,101.45327114,132.59110794,-8.88797856,34.57886791
1760625427.79,6.94216236,0.2723916,-2.0743829,-0.01626612,0.93679666,-0.00696249,80.0,-7.0,0.0,80.0,1.3962634,0.0,0.0,0.0,80.0,-7.0,0.0,80.0,1.3962634,0.0,0.0,0.0,-3.36832959,-2.37684841,-14.50808662,11.53781655,0.31343048,-31.67262859,67.23450028,175.12009311,-3.09531011,4.63146949,-8.50077678,-7.9465777,-14.56022579,101.65774908,132.58970091,-8.68096494,34.75352389
1760625427.824,7.04806051,0.21677119,-1.9603538,-0.01641661,0.93681582,-0.00761175,80.0,-7.0,0.0,80.0,1.3962634,0.0,0.0,0.0,80.0,-7.0,0.0,80.0,1.3962634,0.0,0.0,0.0,-3.6578347,-2.30395424,-14.74677953,11.91137349,0.53300693,-31.53622708,67.09324485,175.40075338,-3.07787363,4.63081175,-8.37110046,-7.92396089,-14.67916705,101.67709974,132.5799706,-8.6461655,34.77493861
1760625427.857,7.03765846,0.22846056,-1.93529705,-0.01698804,0.93697007,-0.00769048,80.0,-7.0,0.0,80.0,1.3962634,0.0,0.0,0.0,80.0,-7.0,0.0,80.0,1.3962634,0.0,0.0,0.0,-3.6855296,-2.30260231,-14.72757457,11.9201468,0.55880177,-31.49816967,67.09127027,175.41702362,-3.00816279,4.65449694,-8.37263729,-7.88616439,-14.67722578,101.70651873,132.56346303,-8.60222178,34.74049475
1760625427.89,7.13005996,0.28718294,-1.87791391,-0.0170926,0.93689691,-0.00760181,80.0,-7.0,0.0,80.0,1.3962634,0.0,0.0,0.0,80.0,-7.0,0.0,80.0,1.3962634,0.0,0.0,0.0,-3.69660422,-2.30315542,-14.69916467,11.80830347,0.55491516,-31.565408,67.04728288,175.48619499,-2.97705964,4.6673691,-8.48568573,-7.76224676,-14.70298673,101.77992988,132.55616285,-8.47456427,34.77111616
1760625427.924,7.30991057,0.3467187,-1.94408785,-0.01766018,0.93712964,-0.00638483,80.0,-7.0,0.0,80.0,1.3962634,0.0,0.0,0.0,80.0,-7.0,0.0,80.0,1.3962634,0.0,0.0,0.0,-3.8232338,-2.45772895,-14.8058266,11.50154315,0.62099742,-31.38068507,67.16410431,175.37711327,-3.00379892,4.66609634,-8.61313212,-7.76011053,-14.99165155,101.88577753,132.53275106,-8.3679065,34.86412233
1760625427.957,7.40418379,0.44257063,-1.80520594,-0.01765682,0.93719631,-0.00606215,80.0,-7.0,0.0,80.0,1.3962634,0.0,0.0,0.0,80.0,-7.0,0.0,80.0,1.3962634,0.0,0.0,0.0,-3.77353881,-2.58271722,-14.69441445,11.37830963,0.49419942,-31.62840188,67.0448197,175.35382016,-2.94790912,4.68289304,-8.77948073,-7.74276826,-14.83808466,102.04546065,132.53334039,-8.24873272,35.0000001
1760625427.991,7.49800621,0.50442523,-1.91853487,-0.0183495,0.93767512,-0.00579211,80.0,-7.0,0.0,80.0,1.3962634,0.0,0.0,0.0,80.0,-7.0,0.0,80.0,1.3962634,0.0,0.0,0.0,-3.8813565,-2.62565248,-14.77780624,11.18877316,0.43861655,-31.40351596,67.12290349,175.25285786,-2.89258329,4.71475234,-8.82069835,-7.64109006,-15.15067039,102.05438559,132.55190124,-8.21866407,35.0000001
1760625428.024,7.52082356,0.50938655,-1.8664429,-0.01746702,0.93757522,-0.00570947,80.0,-7.0,0.0,80.0,1.3962634,0.0,0.0,0.0,80.0,-7.0,0.0,80.0,1.3962634,0.0,0.0,0.0,-3.84707032,-2.63197613,-14.73784215,11.12531754,0.36037222,-31.49916634,67.04689174,175.26320461,-2.83562979,4.73257993,-8.91749656,-7.6194984,-15.17751977,102.1141023,132.55676911,-8.17232982,35.0000001
1760625428.058,7.70914525,0.53915155,-1.99426888,-0.01896935,0.93824929,-0.00524278,80.0,-7.0,0.0,80.0,1.3962634,0.0,0.0,0.0,80.0,-7.0,0.0,80.0,1.3962634,0.0,0.0,0.0,-3.96172703,-2.75821312,-14.86582174,10.81762602,0.16498757,-31.10785952,67.1067385,174.91249959,-2.83716358,4.74913031,-9.07871299,-7.62915194,-15.55358101,102.17556387,132.55820421,-8.07749278,35.0000001
1760625428.091,7.80145446,0.51271235,-2.12915942,-0.01970287,0.93821879,-0.00465451,80.0,-7.0,0.0,80.0,1.3962634,0.0,0.0,0.0,80.0,-7.0,0.0,80.0,1.3962634,0.0,0.0,0.0,-4.10545493,-2.82703292,-15.01225989,10.61374575,0.07211646,-30.74251538,67.19200167,174.64403668,-2.7918507,4.77619732,-9.13024563,-7.67066982,-15.93229207,102.2376502,132.57949673,-8.07341011,35.0000001
1760625428.125,7.59512138,0.51803039,-2.02731715,-0.01803048,0.93776367,-0.00537018,80.0,-7.0,0.0,80.0,1.3962634,0.0,0.0,0.0,80.0,-7.0,0.0,80.0,1.3962634,0.0,0.0,0.0,-3.87165701,-2.78457409,-15.05717187,10.69613157,-0.23009963,-30.69737964,66.99003567,174.47307295,-2.66198892,4.83311668,-9.1868455,-7.62343626,-15.89935409,102.26536148,132.63973054,-8.13410931,35.0000001
1760625428.158,7.31043025,0.45799353,-1.98392909,-0.01713278,0.93736624,-0.00565996,80.0,-7.0,0.0,80.0,1.3962634,0.0,0.0,0.0,80.0,-7.0,0.0,80.0,1.3962634,0.0,0.0,0.0,-3.54691818,-2.62272524,-15.10980515,10.87312665,-0.21652377,-30.73261923,66.83907494,174.71116711,-2.43763479,4.9459082,-9.23539373,-7.50342266,-15.9224562,102.2719061,132.69660431,-8.19446241,35.0000001
1760625428.192,7.28392951,0.49446428,-1.97803119,-0.01699707,0.93743049,-0.00606557,80.0,-7.0,0.0,80.0,1.3962634,0.0,0.0,0.0,80.0,-7.0,0.0,80.0,1.3962634,0.0,0.0,0.0,-3.51822955,-2.55777807,-15.10901328,10.93828459,-0.27379431,-30.76805376,66.82716037,174.90349383,-2.1383773,5.10295445,-9.19731767,-7.39420091,-15.94346324,102.22556516,132.71730306,-8.20885496,35.0000001
1760625428.225,7.23733614,0.3969764,-1.9809708,-0.01740822,0.93739677,-0.00626974,80.0,-7.0,0.0,80.0,1.3962634,0.0,0.0,0.0,80.0,-7.0,0.0,80.0,1.3962634,0.0,0.0,0.0,-3.50187216,-2.3498313,-15.06061777,11.28601394,-0.08727973,-30.97646763,66.60903792,175.33276375,-1.93586733,5.20559734,-9.10595196,-7.31008019,-15.87885231,102.1683697,132.72294094,-8.21446202,35.0000001
1760625428.259,7.39695897,0.26982382,-2.02261119,-0.01854115,0.93794291,-0.00689682,80.0,-7.0,0.0,80.0,1.3962634,0.0,0.0,0.0,80.0,-7.0,0.0,80.0,1.3962634,0.0,0.0,0.0,-3.6711154,-2.12233164,-14.98988448,11.63663443,0.00120102,-31.14506211,66.30094596,175.67989311,-1.80926093,5.26355756,-9.03593067,-7.22056996,-15.72634739,102.08007335,132.81134719,-8.28938428,35.0000001
1760625428.292,7.47579291,0.16894249,-2.05210698,-0.01890565,0.93806378,-0.00746141,80.0,-7.0,0.0,80.0,1.3962634,0.0,0.0,0.0,80.0,-7.0,0.0,80.0,1.3962634,0.0,0.0,0.0,-3.78256879,-1.88500427,-14.91275678,11.86274545,0.0954311,-31.30150128,66.16841142,175.97308455,-1.7500428,5.27833398,-8.95632564,-7.10784851,-15.5948366,102.08117249,132.86523295,-8.29373952,35.0000001
1760625428.325,7.48550901,0.17597836,-2.05928812,-0.01930959,0.93814493,-0.00764347,80.0,-7.0,0.0,80.0,1.3962634,0.0,0.0,0.0,80.0,-7.0,0.0,80.0,1.3962634,0.0,0.0,0.0,-3.79512138,-1.85438172,-14.90707246,11.87736196,0.08270512,-31.29840858,66.13589473,175.98573043,-1.69512862,5.30346363,-8.93724063,-7.08805512,-15.56662771,102.0918464,132.8933523,-8.23554441,35.0000001
1760625428.359,7.47204653,0.12969249,-2.0604921,-0.0196116,0.93802936,-0.00782926,80.0,-7.0,0.0,80.0,1.3962634,0.0,0.0,0.0,80.0,-7.0,0.0,80.0,1.3962634,0.0,0.0,0.0,-3.86846899,-1.743436,-14.85055148,12.01798904,0.03025682,-31.37758645,66.0452287,176.05668266,-1.66784141,5.30088818,-8.82347238,-7.07318071,-15.43465761,102.07364381,132.91164364,-8.17374068,35.0000001
1760625428.392,7.47916151,0.10898578,-2.06545838,-0.01949749,0.93791661,-0.00799208,80.0,-7.0,0.0,80.0,1.3962634,0.0,0.0,0.0,80.0,-7.0,0.0,80.0,1.3962634,0.0,0.0,0.0,-3.87620354,-1.71306051,-14.8445794,12.00883627,0.03731897,-31.39016583,66.03228015,176.04802076,-1.64739082,5.31904987,-8.84036213,-7.06202752,-15.38119387,102.11880012,132.92592563,-8.15435787,35.0000001
1760625428.426,7.45839502,-0.1224302,-2.01089438,-0.01949818,0.93788155,-0.0081733,80.0,-7.0,0.0,80.0,1.3962634,0.0,0.0,0.0,80.0,-7.0,0.0,80.0,1.3962634,0.0,0.0,0.0,-3.88946269,-1.46100843,-14.69057491,11.86501038,-0.20558522,-31.50068119,66.1178513,175.78947624,-1.63706432,5.30666376,-8.79877999,-7.06371194,-15.16046759,102.14051507,132.93886109,-8.13785559,35.0000001
1760625428.459,7.43136424,-0.18294823,-1.96665638,-0.01931509,0.93794858,-0.00813789,80.0,-7.0,0.0,80.0,1.3962634,0.0,0.0,0.0,80.0,-7.0,0.0,80.0,1.3962634,0.0,0.0,0.0,-3.84445463,-1.46268556,-14.61593612,11.81905887,-0.19178414,-31.64124947,66.09433151,175.72901995,-1.64570673,5.30531921,-8.8361016,-7.13705728,-15.04419786,102.18943768,132.9006055,-8.11467912,35.0000001
1760625428.493,7.41557038,-0.19789586,-1.98090942,-0.0188914,0.93756282,-0.00805406,80.0,-7.0,0.0,80.0,1.3962634,0.0,0.0,0.0,80.0,-7.0,0.0,80.0,1.3962634,0.0,0.0,0.0,-3.84263812,-1.47203193,-14.62870682,11.81842454,-0.180993,-31.63361529,66.11238619,175.70744549,-1.639499,5.28894906,-8.82973156,-7.14182715,-15.02337798,102.16293918,132.93742965,-8.13096631,35.0000001
1760625428.526,7.22746335,-0.25208621,-1.88543584,-0.01863013,0.93697822,-0.00815699,80.0,-7.0,0.0,80.0,1.3962634,0.0,0.0,0.0,80.0,-7.0,0.0,80.0,1.3962634,0.0,0.0,0.0,-3.59979364,-1.46342743,-14.50723447,11.74299705,-0.24465039,-31.83173323,66.10971793,175.63887141,-1.63662526,5.29732285,-8.86500802,-7.20151783,-14.73418391,102.1059029,132.99516054,-8.19083596,35.0000001
1760625428.559,6.89921421,-0.31558559,-1.83016701,-0.01705255,0.93607188,-0.00816194,80.0,-7.0,0.0,80.0,1.3962634,0.0,0.0,0.0,80.0,-7.0,0.0,80.0,1.3962634,0.0,0.0,0.0,-3.26792258,-1.4261574,-14.49123659,11.79405156,-0.15905747,-31.9612642,66.07406797,175.72716829,-1.62100891,5.29688336,-8.84880199,-7.25367933,-14.60148632,102.07904397,133.04770048,-8.19601688,35.0000001
1760625428.593,6.90308966,-0.36774396,-1.83477203,-0.0167826,0.93593453,-0.00781694,80.0,-7.0,0.0,80.0,1.3962634,0.0,0.0,0.0,80.0,-7.0,0.0,80.0,1.3962634,0.0,0.0,0.0,-3.24358493,-1.45940063,-14.51208103,11.78917365,-0.10331567,-31.93784099,66.04445095,175.71333014,-1.64447915,5.28050571,-8.88598816,-7.35041276,-14.60968256,102.08720113,133.05170721,-8.18738391,35.0000001
1760625428.627,6.90453215,-0.37954925,-1.8402359,-0.01709329,0.93590472,-0.00790739,80.0,-7.0,0.0,80.0,1.3962634,0.0,0.0,0.0,80.0,-7.0,0.0,80.0,1.3962634,0.0,0.0,0.0,-3.2475917,-1.46662282,-14.52079577,11.81482827,-0.09523418,-31.91620284,66.04880726,175.72157039,-1.67298627,5.26447436,-8.87567337,-7.37849483,-14.59451064,102.08509672,133.09273179,-8.20958192,35.0000001
1760625428.66,7.37463188,-0.38233993,-1.89257906,-0.01899655,0.93685508,-0.0073886,80.0,-7.0,0.0,80.0,1.3962634,0.0,0.0,0.0,80.0,-7.0,0.0,80.0,1.3962634,0.0,0.0,0.0,-3.82658983,-1.60782171,-14.71528925,11.86663354,-0.0639191,-31.5898628,66.05812122,175.4852082,-1.6372459,5.2710071,-8.82032311,-7.50986153,-14.84926157,102.07369586,133.11249158,-8.22206809,35.0000001
1760625428.693,7.52839763,-0.36481014,-1.93329553,-0.01997799,0.93729208,-0.00735756,80.0,-7.0,0.0,80.0,1.3962634,0.0,0.0,0.0,80.0,-7.0,0.0,80.0,1.3962634,0.0,0.0,0.0,-4.08644435,-1.62109714,-14.8278411,11.76911466,-0.14180662,-31.36499268,66.24989469,175.30005982,-1.62838797,5.27561806,-8.71508529,-7.5179167,-15.01137928,101.91451926,133.10891759,-8.2818164,34.88913513
1760625428.727,7.53349697,-0.39295245,-1.87734916,-0.01928337,0.93707015,-0.00741144,80.0,-7.0,0.0,80.0,1.3962634,0.0,0.0,0.0,80.0,-7.0,0.0,80.0,1.3962634,0.0,0.0,0.0,-4.13925154,-1.6299368,-14.92721418,11.59913258,-0.28820908,-31.21322589,66.40314076,175.00328995,-1.63370598,5.2708509,-8.67838821,-7.55660959,-15.07523038,101.85842188,133.10116386,-8.31253591,34.86864202
1760625428.76,7.52991786,-0.38454268,-1.86409307,-0.01837037,0.93704592,-0.00727165,80.0,-7.0,0.0,80.0,1.3962634,0.0,0.0,0.0,80.0,-7.0,0.0,80.0,1.3962634,0.0,0.0,0.0,-4.13470163,-1.62209051,-14.92095857,11.61101759,-0.28075133,-31.23640835,66.41152507,174.9816748,-1.63445964,5.26741869,-8.6784095,-7.552557,-15.10183163,101.85640569,133.09223508,-8.2941935,34.85229589
1760625428.794,7.60318565,-0.3715358,-1.91935555,-0.01955766,0.93756407,-0.0069016,80.0,-7.0,0.0,80.0,1.3962634,0.0,0.0,0.0,80.0,-7.0,0.0,80.0,1.3962634,0.0,0.0,0.0,-4.24968905,-1.64643629,-15.06521374,11.42912273,-0.22349971,-31.00818645,66.63487449,174.91442787,-1.62455809,5.26932757,-8.66847517,-7.55124048,-15.34619068,101.79306285,133.07130963,-8.29829226,34.76845418
1760625428.827,7.62041992,-0.35949227,-1.91581274,-0.02029888,0.93777756,-0.00682889,80.0,-7.0,0.0,80.0,1.3962634,0.0,0.0,0.0,80.0,-7.0,0.0,80.0,1.3962634,0.0,0.0,0.0,-4.2600971,-1.64045686,-15.06938928,11.40743291,-0.23644652,-31.00105626,66.63992244,174.91520934,-1.60314554,5.25966426,-8.6690653,-7.55505681,-15.38071269,101.78112101,133.04978313,-8.25558252,34.76569203
1760625428.861,7.86275171,-0.33932803,-1.95406396,-0.02045179,0.93817209,-0.00686912,80.0,-7.0,0.0,80.0,1.3962634,0.0,0.0,0.0,80.0,-7.0,0.0,80.0,1.3962634,0.0,0.0,0.0,-4.53753609,-1.67027121,-15.24183855,11.30348579,-0.1969151,-30.74170471,66.73957538,174.84624418,-1.58621829,5.26969229,-8.67756479,-7.54736383,-15.60029316,101.8478844,133.03787686,-8.18691411,34.83084984
1760625428.894,7.90288528,-0.3025551,-1.81399387,-0.01976814,0.93787739,-0.00711016,80.0,-7.0,0.0,80.0,1.3962634,0.0,0.0,0.0,80.0,-7.0,0.0,80.0,1.3962634,0.0,0.0,0.0,-4.52886876,-1.66604203,-15.21034617,11.439338,-0.22437925,-30.94217523,66.59132835,174.98785068,-1.57053948,5.27234681,-8.70250583,-7.53218817,-15.41017148,101.91869427,133.04696752,-8.15213881,34.87742879
1760625428.927,7.91780527,-0.28467967,-1.79292883,-0.01945676,0.93803533,-0.00716576,80.0,-7.0,0.0,80.0,1.3962634,0.0,0.0,0.0,80.0,-7.0,0.0,80.0,1.3962634,0.0,0.0,0.0,-4.50743496,-1.65194244,-15.20048077,11.44560201,-0.21903396,-30.95748243,66.56700084,175.01503363,-1.59761693,5.29551145,-8.70530461,-7.51057343,-15.35812182,101.91816858,133.05955581,-8.14285008,34.89067659
1760625428.961,7.9214775,-0.27995102,-1.64693615,-0.01921625,0.93804107,-0.00725487,80.0,-7.0,0.0,80.0,1.3962634,0.0,0.0,0.0,80.0,-7.0,0.0,80.0,1.3962634,0.0,0.0,0.0,-4.3912897,-1.67003373,-15.10551237,11.53471866,-0.260517,-31.18928915,66.41150211,175.10886185,-1.81234436,5.15236298,-8.65411801,-7.60863114,-15.01412526,101.84365645,133.04963239,-8.22937087,34.84730226
1760625428.994,7.87101904,-0.22371115,-1.45935118,-0.01907806,0.93774991,-0.00770623,80.0,-7.0,0.0,80.0,1.3962634,0.0,0.0,0.0,80.0,-7.0,0.0,80.0,1.3962634,0.0,0.0,0.0,-4.20375233,-1.70143543,-14.90639011,11.75036265,-0.32486144,-31.56655265,66.20170366,175.26524416,-2.26046406,4.88685887,-8.41308934,-7.76885772,-14.28402173,101.48561362,133.06993724,-8.58091539,34.5400632
1760625429.028,8.08396479,-0.2727577,-1.45453102,-0.02016787,0.93819118,-0.00794305,80.0,-7.0,0.0,80.0,1.3962634,0.0,0.0,0.0,80.0,-7.0,0.0,80.0,1.3962634,0.0,0.0,0.0,-4.22603114,-1.79173956,-14.64574607,11.54690253,-0.52962088,-31.65617875,66.38901642,175.05100489,-2.84345143,4.58248054,-7.99157811,-8.1200057,-13.43155152,100.71356694,133.13195237,-9.42772761,33.81535051
1760625429.061,8.31832126,-0.26938142,-1.36360528,-0.02070473,0.93825266,-0.00824658,80.0,-7.0,0.0,80.0,1.3962634,0.0,0.0,0.0,80.0,-7.0,0.0,80.0,1.3962634,0.0,0.0,0.0,-4.09536189,-1.87763543,-14.14828309,11.46947248,-0.7124351,-32.2241924,66.66319113,175.22314655,-3.730976,4.15270419,-7.19842114,-8.66714291,-12.14113587,99.40919609,133.00298733,-10.77672363,32.43559608
1760625429.095,8.5966969,-0.28502995,-1.54778667,-0.02181778,0.93839735,-0.00783971,80.0,-7.0,0.0,80.0,1.3962634,0.0,0.0,0.0,80.0,-7.0,0.0,80.0,1.3962634,0.0,0.0,0.0,-4.32462389,-1.95248358,-13.28452875,10.95706988,-0.935296,-32.81206852,67.59835819,174.90484734,-4.4702021,3.7816035,-6.2378282,-9.20367936,-11.22600511,98.4872851,132.90868621,-11.50841453,31.29148722
1760625429.128,9.45982196,-0.21681674,-1.68983505,-0.02583551,0.9400195,-0.00733744,80.0,-7.0,0.0,80.0,1.3962634,0.0,0.0,0.0,80.0,-7.0,0.0,80.0,1.3962634,0.0,0.0,0.0,-4.86292502,-1.95593905,-12.21951064,10.41656572,-1.11737067,-33.75573202,68.44595606,174.83265979,-5.1860533,3.39692615,-5.43395063,-9.56037045,-10.1939121,97.15417329,132.67940097,-12.35340905,29.68417762
1760625429.161,9.21184344,-0.1643409,-1.48189799,-0.02526353,0.9398201,-0.00735656,80.0,-7.0,0.0,80.0,1.3962634,0.0,0.0,0.0,80.0,-7.0,0.0,80.0,1.3962634,0.0,0.0,0.0,-3.98489156,-1.92835663,-10.56440702,9.302518,-1.42214483,-35.60304202,69.4980522,174.7274462,-6.20037797,2.83728008,-4.62889432,-10.12373583,-8.03205966,95.77628992,132.35347899,-13.40043762,27.95459474
1760625429.195,9.72626696,-0.13941216,-1.5828636,-0.02763367,0.94131891,-0.00701329,80.0,-7.0,0.0,80.0,1.3962634,0.0,0.0,0.0,80.0,-7.0,0.0,80.0,1.3962634,0.0,0.0,0.0,-4.32622005,-2.01953838,-9.3681127,8.02901481,-2.18677091,-36.32121541,70.1468756,173.50296496,-7.28532842,2.21806476,-4.12781479,-10.66380363,-6.48320604,94.93499765,131.78838692,-14.23775763,26.84600346
1760625429.228,9.43566423,-0.15037549,-1.35099627,-0.02653703,0.94149794,-0.00777092,80.0,-7.0,0.0,80.0,1.3962634,0.0,0.0,0.0,80.0,-7.0,0.0,80.0,1.3962634,0.0,0.0,0.0,-3.74685063,-2.02555386,-8.50886185,6.93531825,-2.88459951,-37.02049419,69.86925065,172.54787586,-8.50565228,1.53262847,-4.01193896,-11.16127538,-4.86502176,94.93063078,130.90205717,-14.60729477,26.58720936
1760625429.262,9.1351077,-0.17873919,-1.16916297,-0.02520684,0.94199933,-0.00799994,80.0,-7.0,0.0,80.0,1.3962634,0.0,0.0,0.0,80.0,-7.0,0.0,80.0,1.3962634,0.0,0.0,0.0,-3.31277573,-2.07538584,-7.81936378,6.8187685,-2.9681901,-37.55195019,67.64253814,172.79405213,-9.87517928,0.82219079,-3.96826826,-11.89657159,-3.40020231,95.76226386,129.30080173,-14.08568505,27.65505524
1760625429.295,8.80053179,-0.13641406,-1.08858912,-0.02338057,0.94218875,-0.00747483,80.0,-7.0,0.0,80.0,1.3962634,0.0,0.0,0.0,80.0,-7.0,0.0,80.0,1.3962634,0.0,0.0,0.0,-2.97295335,-2.24713846,-7.49480366,6.92680711,-3.56568849,-37.2356218,64.69094616,172.55009244,-10.69087854,0.46483759,-4.21331255,-12.43337358,-2.68744398,97.01026843,128.38262607,-12.72326208,29.87643036
1760625429.329,9.26455318,0.07507756,-1.26383771,-0.02498566,0.94424318,-0.00620997,80.0,-7.0,0.0,80.0,1.3962634,0.0,0.0,0.0,80.0,-7.0,0.0,80.0,1.3962634,0.0,0.0,0.0,-3.71253891,-2.87775774,-8.35000933,7.23257231,-6.23842391,-33.60264126,59.00568355,169.89478214,-11.36050382,0.20551127,-5.10305227,-13.01694752,-3.53519205,98.30693705,127.00730019,-10.26004111,33.36712413
1760625429.362,9.33313037,-0.07488323,-1.17390671,-0.02526164,0.94562383,-0.00674861,80.0,-7.0,0.0,80.0,1.3962634,0.0,0.0,0.0,80.0,-7.0,0.0,80.0,1.3962634,0.0,0.0,0.0,-4.04917406,-2.72538503,-9.8007781,8.06009255,-7.97832871,-30.33136386,54.16779238,169.55385662,-11.25647018,0.30060908,-6.00376082,-13.03060554,-4.88713841,97.54247194,125.06800663,-8.7460116,35.0000001
1760625429.396,8.97276843,-0.1091009,-0.9193135,-0.02311767,0.94549639,-0.00769433,80.0,-7.0,0.0,80.0,1.3962634,0.0,0.0,0.0,80.0,-7.0,0.0,80.0,1.3962634,0.0,0.0,0.0,-3.93827716,-2.42015224,-11.71240312,9.61000528,-9.3868663,-26.73669012,48.41861327,169.77816355,-10.89126265,0.5167428,-7.08155403,-12.51626648,-6.32500865,93.78623609,124.82058568,-7.38197781,35.0000001
1760625429.429,8.81809791,-0.10342283,-0.79794257,-0.02073152,0.94273855,-0.00642201,80.0,-7.0,0.0,80.0,1.3962634,0.0,0.0,0.0,80.0,-7.0,0.0,80.0,1.3962634,0.0,0.0,0.0,-3.61966747,-2.39505837,-12.12826203,7.82482587,-11.16616909,-23.22707592,43.60115638,168.74012844,-9.25082699,1.50239824,-8.61893646,-12.04429057,-6.44431185,87.90126072,125.75095339,-4.8556001,35.0000001
1760625429.463,9.1719264,0.11327129,-0.46442879,-0.01975274,0.93770036,-0.00393937,80.0,-7.0,0.0,80.0,1.3962634,0.0,0.0,0.0,80.0,-7.0,0.0,80.0,1.3962634,0.0,0.0,0.0,-3.82409059,-2.73415191,-11.87254001,8.97711407,-11.52343056,-21.93255774,37.95142202,170.00071154,-6.64431577,2.93878441,-9.50575391,-11.89733368,-5.73873866,82.40655137,124.4003698,-3.29124,35.0000001
1760625429.496,9.53441209,-0.0307168,-0.04633596,-0.020658,0.93433797,-0.00248075,80.0,-7.0,0.0,80.0,1.3962634,0.0,0.0,0.0,80.0,-7.0,0.0,80.0,1.3962634,0.0,0.0,0.0,-4.05739358,-2.03503723,-10.88567551,8.92299612,-11.24534106,-22.46242667,33.79463539,171.74595714,-3.78517123,4.50550415,-9.84206407,-11.13528483,-4.46657799,77.04862657,123.54642097,-1.03702892,35.0000001
1760625429.53,9.79097192,0.25817628,-0.08666334,-0.02107309,0.93039058,0.00036957,80.0,-7.0,0.0,80.0,1.3962634,0.0,0.0,0.0,80.0,-7.0,0.0,80.0,1.3962634,0.0,0.0,0.0,-5.45602408,-1.72501846,-10.97657394,7.22586976,-10.44166773,-20.3600457,32.87646669,172.70183391,0.89005392,6.73711959,-9.15473536,-10.61091298,-3.82471361,72.40196384,124.07411258,0.75366756,35.0000001
1760625429.563,10.36347886,0.19337987,0.12200397,-0.0218416,0.92497449,0.00300414,80.0,-7.0,0.0,80.0,1.3962634,0.0,0.0,0.0,80.0,-7.0,0.0,80.0,1.3962634,0.0,0.0,0.0,-7.8984759,-2.11845514,-9.79721729,7.46055259,-8.79323338,-25.18752494,32.49913038,176.31712705,-2.37546107,4.78270935,-8.43036972,-11.08333431,-1.05106905,71.6024253,125.76227011,-4.78293852,31.0726968
1760625429.596,10.43618313,0.04262533,0.14534083,-0.02294942,0.92261612,0.00306431,80.0,-7.0,0.0,80.0,1.3962634,0.0,0.0,0.0,80.0,-7.0,0.0,80.0,1.3962634,0.0,0.0,0.0,-9.17328576,-1.84075171,-8.76662301,7.22676616,-7.35888745,-29.773277,34.94350074,179.32207111,-4.28036098,3.80710256,-7.48626563,-11.15187413,0.26349528,69.47951829,125.29361839,-4.48598026,29.42079741
1760625429.63,10.92253063,0.02175526,0.12342573,-0.02626767,0.92232629,0.00360665,80.0,-7.0,0.0,80.0,1.3962634,0.0,0.0,0.0,80.0,-7.0,0.0,80.0,1.3962634,0.0,0.0,0.0,-10.0959133,-1.34677316,-7.85261394,8.10916332,-6.25747169,-33.87045938,36.93285412,179.99984796,-5.79500585,2.86914597,-5.80162294,-11.40185279,-0.06577581,68.20906382,124.1717189,-5.32327226,26.14658486
1760625429.697,10.35613125,-0.08945137,0.32026426,-0.02384165,0.92341454,0.00347033,80.0,-7.0,0.0,80.0,1.3962634,0.0,0.0,0.0,80.0,-7.0,0.0,80.0,1.3962634,0.0,0.0,0.0,-8.80896506,-0.43471777,-8.50429903,6.82465982,-5.18025648,-35.83759989,44.80592716,179.58600688,-7.91748006,1.9102599,-5.78284161,-11.13795942,-3.18685813,70.54882338,123.70226657,-8.305386,19.98057564
1760625429.73,9.83499264,-0.15801734,0.3955109,-0.0210577,0.92569961,0.00140263,80.0,-7.0,0.0,80.0,1.3962634,0.0,0.0,0.0,80.0,-7.0,0.0,80.0,1.3962634,0.0,0.0,0.0,-7.11187007,-0.36307078,-7.18408046,1.9191817,-6.88859822,-35.25806186,53.66254821,174.1594005,-8.70006185,1.55590596,-5.27816342,-11.47883933,-0.82413216,72.36569136,121.8238606,-13.03932419,16.23233661
1760625429.764,9.51379686,-0.34119352,0.23653953,-0.01958353,0.92838743,-2.856e-05,80.0,-7.0,0.0,80.0,1.3962634,0.0,0.0,0.0,80.0,-7.0,0.0,80.0,1.3962634,0.0,0.0,0.0,-4.49898339,-0.3776121,-7.23326103,-0.50826505,-8.22172413,-34.45527343,58.17407881,171.04294471,-9.02507759,1.43460008,-6.40680084,-11.40032885,-1.20107965,74.33897067,120.87905236,-16.19339457,13.30120988
1760625429.797,9.64259336,-0.24241144,0.1629107,-0.01950031,0.92959675,-0.00067117,80.0,-7.0,0.0,80.0,1.3962634,0.0,0.0,0.0,80.0,-7.0,0.0,80.0,1.3962634,0.0,0.0,0.0,-3.36148128,-0.32267733,-4.1541245,-4.11753534,-8.3690732,-37.86758693,64.64396558,168.62504352,-9.4078219,1.30818341,-5.64953614,-11.25615179,0.93057073,73.29358968,119.97028314,-19.46753873,7.32931434
1760625429.831,11.03222077,-0.40217684,-0.46101676,-0.02612268,0.93608371,-0.00240259,80.0,-7.0,0.0,80.0,1.3962634,0.0,0.0,0.0,80.0,-7.0,0.0,80.0,1.3962634,0.0,0.0,0.0,-3.89867855,-0.67509743,-3.81558503,-3.53516279,-9.10938214,-37.92416069,68.75197775,166.54346079,-10.01113579,1.15342167,-4.39030883,-11.55758066,-0.52399967,78.27518246,120.59545675,-21.74032649,6.36311211
1760625429.864,10.43783514,-0.7089865,-0.92694022,-0.02339398,0.93794492,-0.00436707,80.0,-7.0,0.0,80.0,1.3962634,0.0,0.0,0.0,80.0,-7.0,0.0,80.0,1.3962634,0.0,0.0,0.0,-2.93594759,-0.80389199,-4.86282449,-3.08202213,-9.97286551,-36.59608979,71.32547726,164.60280218,-10.68049176,0.9553365,-3.61925092,-11.74624639,-2.92959742,85.300253,121.87806661,-21.92540218,9.51641437
1760625429.898,10.20412359,-0.72445546,-0.88608422,-0.02242341,0.94009682,-0.00730633,80.0,-7.0,0.0,80.0,1.3962634,0.0,0.0,0.0,80.0,-7.0,0.0,80.0,1.3962634,0.0,0.0,0.0,-3.56565011,-1.21422336,-8.30645885,2.2323544,-9.68181287,-33.53154756,70.21364218,164.95629445,-11.4972187,0.72619235,-2.38115955,-11.91933299,-6.67775933,93.42892014,123.45487645,-21.19745286,14.97766551
1760625429.931,9.31423105,-0.82797522,-0.41447884,-0.01811091,0.93990615,-0.00913216,80.0,-7.0,0.0,80.0,1.3962634,0.0,0.0,0.0,80.0,-7.0,0.0,80.0,1.3962634,0.0,0.0,0.0,-2.89058429,-1.89531259,-9.28152894,3.2551771,-9.79593988,-33.24662209,70.7940992,163.43431279,-12.24171124,0.5354493,-1.73442536,-12.53206112,-6.59918514,96.50640834,123.91924433,-21.94712513,17.06264801
1760625429.964,8.96080121,-0.63772704,0.30445143,-0.01615151,0.93966162,-0.01046047,80.0,-7.0,0.0,80.0,1.3962634,0.0,0.0,0.0,80.0,-7.0,0.0,80.0,1.3962634,0.0,0.0,0.0,-4.05833393,-2.47062111,-11.67470757,6.04494981,-8.61164677,-32.000447,69.66516425,163.97471496,-12.40144701,0.47046717,-0.72529287,-13.26598764,-7.82615423,99.25283132,124.59922908,-21.10607251,20.59155074
1760625429.998,8.59619345,-0.79295675,0.66594522,-0.01469596,0.93950704,-0.01127928,80.0,-7.0,0.0,80.0,1.3962634,0.0,0.0,0.0,80.0,-7.0,0.0,80.0,1.3962634,0.0,0.0,0.0,-4.35580333,-2.42814119,-13.18969523,8.1802433,-7.67682778,-31.11314726,67.08748905,165.21713725,-12.26470814,0.53843095,-0.78486902,-13.69201158,-8.84870563,100.20245283,124.9719076,-19.63715481,23.6336147
1760625430.032,8.82907405,-0.73460059,0.23892793,-0.01613397,0.94271757,-0.01111106,80.0,-7.0,0.0,80.0,1.3962634,0.0,0.0,0.0,80.0,-7.0,0.0,80.0,1.3962634,0.0,0.0,0.0,-5.24949794,-2.36000941,-14.40659643,11.25514638,-7.35426246,-29.25513189,61.52102449,166.8580211,-11.73204508,0.75332447,-1.39052821,-13.59188807,-10.56464416,104.62421495,126.26911301,-14.26705846,32.84978587
1760625430.065,9.91820607,-0.66121953,0.28241457,-0.0219495,0.94637259,-0.01096951,80.0,-7.0,0.0,80.0,1.3962634,0.0,0.0,0.0,80.0,-7.0,0.0,80.0,1.3962634,0.0,0.0,0.0,-6.50436634,-2.17628662,-13.0821798,11.84146458,-7.91467038,-30.0855892,57.17558206,167.67524591,-11.63209471,0.76081954,-2.16836333,-13.18076365,-9.59836889,102.77411584,125.62738815,-11.44583174,35.0000001
1760625430.098,10.41604496,-0.6874896,0.18978847,-0.02595438,0.95058967,-0.01132622,80.0,-7.0,0.0,80.0,1.3962634,0.0,0.0,0.0,80.0,-7.0,0.0,80.0,1.3962634,0.0,0.0,0.0,-6.60895583,-1.48172067,-11.62238683,10.85966198,-8.62117476,-31.07717676,53.41160569,169.24015895,-11.45679027,0.77971655,-3.50708938,-12.1613932,-8.43617579,97.84935897,124.8049004,-9.24081007,35.0000001
1760625430.132,9.91651182,-0.57962584,-0.39051696,-0.02494255,0.95367637,-0.01167514,80.0,-7.0,0.0,80.0,1.3962634,0.0,0.0,0.0,80.0,-7.0,0.0,80.0,1.3962634,0.0,0.0,0.0,-5.84007313,-0.76012159,-11.8548716,11.45945479,-9.33860549,-29.40453871,46.11393698,170.95386736,-11.00022836,0.95994348,-5.60464403,-10.83814852,-9.07090063,91.16181358,123.83593098,-6.35495912,35.0000001
1760625430.199,9.34323328,-0.53275808,0.37197568,-0.01919636,0.94464312,-0.00925782,80.0,-7.0,0.0,80.0,1.3962634,0.0,0.0,0.0,80.0,-7.0,0.0,80.0,1.3962634,0.0,0.0,0.0,-4.95279485,-0.93167001,-13.89643325,11.43452919,-10.19277064,-22.90681928,33.54512006,170.38913494,-6.79779178,3.18686151,-7.95482691,-9.86185409,-8.69156494,78.015315,122.3571773,-2.4191452,35.0000001
1760625430.232,9.9067739,-0.24501852,0.74406539,-0.02040565,0.93413547,-0.00424374,80.0,-7.0,0.0,80.0,1.3962634,0.0,0.0,0.0,80.0,-7.0,0.0,80.0,1.3962634,0.0,0.0,0.0,-5.2326921,-2.50613654,-12.32764242,10.81826514,-10.09722699,-19.35312125,28.44107733,167.0704544,-3.47127386,4.90873125,-8.5742639,-11.05748789,-4.94443374,73.59596344,121.8643039,-3.83001919,35.0000001
1760625430.265,9.86698463,-0.32071502,0.82222522,-0.01973934,0.92499716,-0.0015582,80.0,-7.0,0.0,80.0,1.3962634,0.0,0.0,0.0,80.0,-7.0,0.0,80.0,1.3962634,0.0,0.0,0.0,-6.43517112,-3.12529885,-11.94922266,10.59562592,-9.56263628,-17.67806461,25.40715733,166.8428296,-5.14904274,4.01678941,-8.9618868,-11.26485319,-1.93285828,71.02195434,121.30421735,-13.04133384,28.22559801
1760625430.299,9.8729858,-0.27993286,0.834556,-0.02013931,0.92128934,-0.00043327,80.0,-7.0,0.0,80.0,1.3962634,0.0,0.0,0.0,80.0,-7.0,0.0,80.0,1.3962634,0.0,0.0,0.0,-7.37223825,-2.4409379,-10.30264613,9.85391339,-7.34598958,-28.70457775,28.44012253,178.57043848,-9.40857744,2.12707916,-7.78132236,-11.00365286,-0.32075825,66.11390964,120.5376542,-11.15440376,25.61875989
1760625430.332,9.7269935,-0.46287337,1.16003403,-0.02082229,0.91933423,-1.76e-06,80.0,-7.0,0.0,80.0,1.3962634,0.0,0.0,0.0,80.0,-7.0,0.0,80.0,1.3962634,0.0,0.0,0.0,-7.71912706,-1.36101319,-9.47763779,8.26463558,-6.70938468,-29.51000779,31.95154831,175.65968522,-7.14110056,2.39361929,-6.05175286,-10.81286241,-1.38061667,64.82754105,120.25516754,-8.54196179,23.31662122
1760625430.366,9.47492299,-0.42894233,1.19138599,-0.021184,0.91922543,0.00071197,80.0,-7.0,0.0,80.0,1.3962634,0.0,0.0,0.0,80.0,-7.0,0.0,80.0,1.3962634,0.0,0.0,0.0,-7.42479721,-0.83213104,-8.33991997,6.83509497,-6.41716075,-31.13465517,35.6320071,174.30707665,-7.77668787,2.29652098,-5.76153164,-10.77392262,-2.58451336,64.88349433,120.34104391,-8.24278016,19.50175089
1760625430.399,10.2849581,-0.45905653,0.97349681,-0.02431976,0.92228598,0.0013975,80.0,-7.0,0.0,80.0,1.3962634,0.0,0.0,0.0,80.0,-7.0,0.0,80.0,1.3962634,0.0,0.0,0.0,-8.25077529,-0.36191197,-8.22242405,6.25072331,-6.02604071,-32.40699559,41.60249222,174.99832795,-8.61992446,1.8615915,-5.2277873,-10.98304853,-3.62976021,65.91952832,119.70489921,-10.10525774,15.11939354
1760625430.433,10.76470242,-0.68213652,0.71414274,-0.02632946,0.92591594,0.0002256,80.0,-7.0,0.0,80.0,1.3962634,0.0,0.0,0.0,80.0,-7.0,0.0,80.0,1.3962634,0.0,0.0,0.0,-8.43488037,-0.48486039,-7.76054541,5.48732578,-6.62865673,-32.06910576,46.27519228,173.4160136,-8.98418549,1.63243959,-4.44717694,-11.31916016,-1.35071108,67.23969649,118.50114811,-14.05535306,13.39699202
1760625430.466,10.92757487,-0.79726508,0.07423499,-0.02695449,0.92843989,-0.00049326,80.0,-7.0,0.0,80.0,1.3962634,0.0,0.0,0.0,80.0,-7.0,0.0,80.0,1.3962634,0.0,0.0,0.0,-7.93458221,-0.54143351,-5.73428013,2.94619913,-7.68362839,-33.19408098,51.84299826,170.96145839,-9.47304647,1.36241079,-3.70136404,-11.27617832,1.20186595,69.10525067,117.7506718,-17.49299279,11.77451924
1760625430.5,10.97396924,-1.01008709,-0.09943702,-0.02729491,0.93050897,-0.00160603,80.0,-7.0,0.0,80.0,1.3962634,0.0,0.0,0.0,80.0,-7.0,0.0,80.0,1.3962634,0.0,0.0,0.0,-6.19633175,-0.36207441,-4.8885123,0.23616849,-8.31061375,-34.93723423,57.6660266,169.20862155,-10.34295184,1.10653177,-3.87112774,-10.85646471,1.4894782,70.31254816,118.42192358,-20.56228727,8.4762515
1760625430.533,10.80813891,-1.17341594,-0.409048,-0.02745489,0.93437011,-0.00328072,80.0,-7.0,0.0,80.0,1.3962634,0.0,0.0,0.0,80.0,-7.0,0.0,80.0,1.3962634,0.0,0.0,0.0,-4.35312558,-0.48079083,-4.05476247,-0.94827686,-8.95553552,-36.0508247,60.33045365,167.9075099,-10.93382685,0.99593587,-4.25347687,-10.92287054,1.2558424,76.63298835,120.83783279,-20.76681345,11.7390052
1760625430.567,11.07850032,-1.24676577,-0.78025351,-0.02920688,0.93801036,-0.00454202,80.0,-7.0,0.0,80.0,1.3962634,0.0,0.0,0.0,80.0,-7.0,0.0,80.0,1.3962634,0.0,0.0,0.0,-4.32303047,-0.99878476,-5.90441279,0.54373108,-9.42516843,-34.18018955,61.48662292,166.70193719,-11.56206057,0.88933649,-3.93331325,-11.24584308,-2.18036391,83.7340376,123.24676387,-20.0798414,15.96318573
1760625430.6,11.09868637,-1.26779608,-1.0208961,-0.02986588,0.94046034,-0.00568827,80.0,-7.0,0.0,80.0,1.3962634,0.0,0.0,0.0,80.0,-7.0,0.0,80.0,1.3962634,0.0,0.0,0.0,-4.35478577,-1.3310315,-6.7050872,1.49510395,-9.43867829,-33.38466407,63.27395738,164.56532381,-11.75914711,1.13142465,-3.36005234,-11.15135969,-3.81405838,88.75919824,125.02158978,-20.89007918,18.3665719
1760625430.634,10.99792522,-1.46495471,-1.1706655,-0.02958954,0.94245128,-0.00786113,80.0,-7.0,0.0,80.0,1.3962634,0.0,0.0,0.0,80.0,-7.0,0.0,80.0,1.3962634,0.0,0.0,0.0,-5.04954798,-1.56171981,-8.04787633,3.04678691,-9.51532084,-31.53143563,63.57826387,162.37962534,-11.92431771,1.2986925,-2.8596091,-11.34647032,-5.07027799,94.40851385,126.77561306,-20.67273686,22.96036076
1760625430.667,10.21312132,-1.3412775,-0.97588312,-0.02611742,0.94201141,-0.00887468,80.0,-7.0,0.0,80.0,1.3962634,0.0,0.0,0.0,80.0,-7.0,0.0,80.0,1.3962634,0.0,0.0,0.0,-4.67312828,-2.00568524,-9.2368429,4.93004317,-8.7780755,-30.88452722,62.69768087,162.62937729,-12.30826614,1.28432056,-3.06354821,-11.3965724,-5.4582533,96.30314038,128.16321256,-21.24559908,24.82165993
1760625430.7,10.25729747,-1.28485011,-0.96932612,-0.02633887,0.94322521,-0.00923663,80.0,-7.0,0.0,80.0,1.3962634,0.0,0.0,0.0,80.0,-7.0,0.0,80.0,1.3962634,0.0,0.0,0.0,-5.09084895,-2.38452475,-9.96104394,5.45440218,-8.36886082,-30.1662729,61.74403579,162.42755819,-12.59049429,1.2006103,-3.91258928,-11.55913452,-5.36679133,97.49224718,129.60813164,-20.88804349,27.42824245
1760625430.734,10.46144812,-1.06492906,-0.95899345,-0.02764587,0.94476078,-0.00844143,80.0,-7.0,0.0,80.0,1.3962634,0.0,0.0,0.0,80.0,-7.0,0.0,80.0,1.3962634,0.0,0.0,0.0,-5.47076773,-2.82387127,-10.22299861,5.37691778,-8.10895684,-29.69996415,60.20187491,162.31270365,-12.69503079,1.14997004,-4.89548607,-11.98392906,-5.45475997,98.4420947,129.50782375,-19.13101101,30.10270934
1760625430.767,10.22735414,-0.75684889,-1.07606467,-0.02643766,0.94476182,-0.0071476,80.0,-7.0,0.0,80.0,1.3962634,0.0,0.0,0.0,80.0,-7.0,0.0,80.0,1.3962634,0.0,0.0,0.0,-5.49769996,-3.20547093,-10.79353101,5.79593998,-8.02422651,-28.82595361,57.47909806,162.94779612,-12.8411074,1.08908569,-5.99838231,-12.24472396,-6.5512189,100.44757232,128.67421446,-15.94495576,33.83528191
1760625430.801,9.78823014,-0.84050129,-0.70796295,-0.02505205,0.94468918,-0.00809642,80.0,-7.0,0.0,80.0,1.3962634,0.0,0.0,0.0,80.0,-7.0,0.0,80.0,1.3962634,0.0,0.0,0.0,-5.29394904,-2.69771246,-12.20465785,7.28106859,-8.05634362,-27.94177865,51.77004848,165.56595704,-13.12121831,0.93826259,-7.38279885,-12.18394456,-8.60260851,98.47180376,126.77039021,-12.66518265,35.0000001
1760625430.834,9.33102874,-0.98471085,-0.92916356,-0.02286834,0.94485529,-0.00859963,80.0,-7.0,0.0,80.0,1.3962634,0.0,0.0,0.0,80.0,-7.0,0.0,80.0,1.3962634,0.0,0.0,0.0,-4.71390435,-1.94753911,-11.89219098,7.84675108,-8.05332155,-28.79363515,47.04401726,168.67969868,-13.30418482,0.89052782,-8.23379609,-11.64138638,-8.4560744,94.76589733,125.77496069,-10.7201981,35.0000001
1760625430.868,9.09308571,-0.65069884,-0.34036453,-0.02055754,0.93986189,-0.00724439,80.0,-7.0,0.0,80.0,1.3962634,0.0,0.0,0.0,80.0,-7.0,0.0,80.0,1.3962634,0.0,0.0,0.0,-4.10462594,-2.72617384,-11.02451281,7.4799279,-8.54794884,-29.94149296,41.6056466,170.25376344,-13.34616321,0.93088171,-9.17041218,-12.0980232,-6.2461971,89.36711129,124.52841717,-9.2745062,35.0000001
1760625430.901,8.97094599,-0.66186722,-0.50651503,-0.02026317,0.93809839,-0.007031,80.0,-7.0,0.0,80.0,1.3962634,0.0,0.0,0.0,80.0,-7.0,0.0,80.0,1.3962634,0.0,0.0,0.0,-4.39416312,-2.10036829,-11.60510845,9.1861887,-9.08239377,-28.4908275,34.12848003,173.4669993,-10.19594949,2.3711142,-9.19506257,-11.0972552,-5.61954996,79.81143066,124.03285884,-5.8661622,35.0000001
1760625430.968,10.9290244,-0.44508314,-0.29914174,-0.02674237,0.92782693,-0.0002304,80.0,-7.0,0.0,80.0,1.3962634,0.0,0.0,0.0,80.0,-7.0,0.0,80.0,1.3962634,0.0,0.0,0.0,-8.44408682,-3.26254821,-9.45088349,7.66645071,-8.83529315,-26.59576762,28.34162221,172.9729306,-6.18887899,3.32384415,-7.7702446,-11.48259293,0.01841677,69.88630833,123.49896876,-15.24338746,29.05584811
1760625431.001,11.22243416,-0.46596979,-0.51073088,-0.02861214,0.92426431,0.0005902,80.0,-7.0,0.0,80.0,1.3962634,0.0,0.0,0.0,80.0,-7.0,0.0,80.0,1.3962634,0.0,0.0,0.0,-10.79483189,-2.92628405,-10.39248516,9.02642555,-7.36618968,-29.73125385,29.52030879,176.05289463,-11.20201945,1.79855182,-7.54246496,-10.5204508,-1.47619004,69.48873828,126.05003387,-16.42632257,29.38556202
1760625431.035,11.07226634,-0.22716286,-0.29255224,-0.02934685,0.92241617,0.00209065,80.0,-7.0,0.0,80.0,1.3962634,0.0,0.0,0.0,80.0,-7.0,0.0,80.0,1.3962634,0.0,0.0,0.0,-10.80716172,-2.35047193,-8.92701855,8.36913355,-6.55799966,-33.14854292,32.34232306,178.04153672,-6.79866967,3.34088988,-6.09811049,-10.33384019,-2.21038047,67.27316889,125.44696583,-14.31739465,27.77882873
1760625431.069,11.03615483,-0.3224563,-0.22050817,-0.02958761,0.92171705,0.00217001,80.0,-7.0,0.0,80.0,1.3962634,0.0,0.0,0.0,80.0,-7.0,0.0,80.0,1.3962634,0.0,0.0,0.0,-11.3131521,-1.8021614,-8.56692808,8.78167975,-5.88779026,-35.50018738,34.66054703,178.20414754,-6.41667668,3.44889647,-5.40843286,-9.74975545,-3.85209181,67.66052752,125.58614489,-14.43292559,25.87421704
1760625431.102,11.35654535,-0.32246182,-0.42487323,-0.03198669,0.92303414,0.0028362,80.0,-7.0,0.0,80.0,1.3962634,0.0,0.0,0.0,80.0,-7.0,0.0,80.0,1.3962634,0.0,0.0,0.0,-11.80444445,-1.85381014,-8.6501244,9.54997942,-5.13820189,-36.9112942,36.92611351,178.90201571,-6.42354541,3.48068069,-5.54527107,-9.73885934,-4.16776134,68.44210675,125.49627516,-16.31715267,24.53418609
1760625431.135,11.37415051,-0.42789852,-0.51705065,-0.03283885,0.9249892,0.00280336,80.0,-7.0,0.0,80.0,1.3962634,0.0,0.0,0.0,80.0,-7.0,0.0,80.0,1.3962634,0.0,0.0,0.0,-11.40430892,-1.98107868,-8.24108319,8.54482635,-5.14304301,-37.33101886,40.63789016,177.83470133,-6.21869264,3.4896947,-5.77232922,-9.66464212,-2.75365196,69.14643653,124.57585388,-19.13860303,23.45847268
1760625431.169,11.58116804,-0.58504917,-0.63755843,-0.03467271,0.92701451,0.00258327,80.0,-7.0,0.0,80.0,1.3962634,0.0,0.0,0.0,80.0,-7.0,0.0,80.0,1.3962634,0.0,0.0,0.0,-11.07948166,-1.88373218,-7.12661772,6.52149062,-5.82082651,-37.77437826,46.18074974,174.48970271,-6.10933228,3.47968362,-5.3723718,-9.64174102,-2.11183975,69.33762242,123.03933463,-21.7080627,20.16031446
1760625431.202,11.5456291,-0.70544218,-0.93636793,-0.03442936,0.92818183,0.00213216,80.0,-7.0,0.0,80.0,1.3962634,0.0,0.0,0.0,80.0,-7.0,0.0,80.0,1.3962634,0.0,0.0,0.0,-10.2520161,-1.67580426,-6.56540361,3.15381012,-7.28227889,-36.67558758,51.65993062,169.99727559,-5.89890125,3.55603235,-5.2848281,-9.46013936,-3.09368119,69.12633315,122.67254221,-22.58438462,17.01624549
1760625431.236,11.10775711,-0.86235998,-1.05360286,-0.03307197,0.93003806,-0.00022527,80.0,-7.0,0.0,80.0,1.3962634,0.0,0.0,0.0,80.0,-7.0,0.0,80.0,1.3962634,0.0,0.0,0.0,-9.01435055,-1.50184369,-6.7553764,1.38340126,-8.49472683,-35.96143043,56.05197271,167.31458524,-5.69305367,3.60171022,-5.45021467,-9.36028561,-3.434123,72.75498629,123.41134571,-23.2095381,17.93985314
1760625431.269,10.68383165,-1.03048745,-1.39652014,-0.03201812,0.93309443,-0.00269148,80.0,-7.0,0.0,80.0,1.3962634,0.0,0.0,0.0,80.0,-7.0,0.0,80.0,1.3962634,0.0,0.0,0.0,-7.10197603,-1.44799267,-6.62004376,1.30977454,-8.92973906,-36.37602061,59.92174599,166.56106422,-5.50986562,3.69356053,-6.24695609,-9.15514831,-2.93715649,78.32738151,124.25977835,-24.03335642,20.24598777
1760625431.303,10.5466718,-1.25255938,-1.86923019,-0.03138933,0.93447321,-0.00442171,80.0,-7.0,0.0,80.0,1.3962634,0.0,0.0,0.0,80.0,-7.0,0.0,80.0,1.3962634,0.0,0.0,0.0,-7.11018195,-1.22859405,-7.27938495,3.88307108,-8.3241743,-36.09056403,61.89606018,167.30462527,-5.44948926,3.8408016,-5.82847881,-8.97723923,-4.0234811,84.28797847,125.22630062,-22.95222273,23.79112573
1760625431.336,10.28553145,-1.39651743,-1.73951727,-0.03038194,0.93574013,-0.00683602,80.0,-7.0,0.0,80.0,1.3962634,0.0,0.0,0.0,80.0,-7.0,0.0,80.0,1.3962634,0.0,0.0,0.0,-6.81433941,-0.84603017,-7.24761652,4.70307303,-7.94480778,-36.59225338,64.89295067,166.71765462,-5.18866568,4.14227467,-5.43750042,-8.91651942,-4.15792381,88.17425955,125.42400165,-21.71312182,25.42329558
1760625431.369,9.9095961,-1.5593782,-2.14088824,-0.02841615,0.93596766,-0.00781549,80.0,-7.0,0.0,80.0,1.3962634,0.0,0.0,0.0,80.0,-7.0,0.0,80.0,1.3962634,0.0,0.0,0.0,-6.84422345,-0.59717539,-8.23078902,5.81416381,-7.07444143,-35.25213855,68.88161706,164.94267116,-4.83783007,4.64178204,-4.92160578,-8.80448842,-6.48815673,92.65119062,126.36646684,-19.20476812,27.35347817
1760625431.403,9.38863025,-1.51437076,-2.13971561,-0.02510135,0.93677209,-0.0102351,80.0,-7.0,0.0,80.0,1.3962634,0.0,0.0,0.0,80.0,-7.0,0.0,80.0,1.3962634,0.0,0.0,0.0,-6.75671342,-0.91838298,-9.57535168,7.27950704,-6.65883803,-33.61362258,70.78385968,163.14841597,-4.72890422,4.95459095,-4.6989874,-9.14615422,-8.33227375,99.13104388,127.6378739,-16.31961495,31.77217876
1760625431.436,9.18125074,-1.52556736,-1.90630946,-0.02293876,0.93558649,-0.01068723,80.0,-7.0,0.0,80.0,1.3962634,0.0,0.0,0.0,80.0,-7.0,0.0,80.0,1.3962634,0.0,0.0,0.0,-6.53015509,-0.87114763,-10.43305841,7.00408113,-6.19711867,-32.90035758,73.57222549,161.93537132,-4.84589282,4.99445369,-5.0259144,-8.97384764,-9.06651369,99.82989023,127.68822682,-16.50779702,30.57346662
1760625431.47,9.00193673,-1.22937703,-1.46095824,-0.02249215,0.93841535,-0.01023419,80.0,-7.0,0.0,80.0,1.3962634,0.0,0.0,0.0,80.0,-7.0,0.0,80.0,1.3962634,0.0,0.0,0.0,-5.64404839,-1.55204638,-12.60335774,7.8154718,-3.02591619,-31.94243359,75.48250766,164.29446445,-5.38633869,4.82131937,-6.63931197,-8.87418881,-11.15499117,103.92407011,128.33218814,-15.58115283,31.6080278
1760625431.503,9.02421634,-1.08904932,-1.33889638,-0.02147111,0.93769709,-0.0101058,80.0,-7.0,0.0,80.0,1.3962634,0.0,0.0,0.0,80.0,-7.0,0.0,80.0,1.3962634,0.0,0.0,0.0,-5.73905241,-1.77537424,-12.95264091,7.293324,-2.4916819,-31.48709555,77.26719056,163.876855,-5.63856132,4.76926254,-7.00251865,-8.72884157,-11.93818377,104.00723455,128.27719624,-15.60265461,29.86975904
1760625431.537,8.8368707,-0.80227771,-1.13126207,-0.01952866,0.9377905,-0.00951788,80.0,-7.0,0.0,80.0,1.3962634,0.0,0.0,0.0,80.0,-7.0,0.0,80.0,1.3962634,0.0,0.0,0.0,-5.31384962,-2.38591634,-13.991095,7.8185227,-2.01832734,-30.15779368,77.29623807,163.6848573,-5.14545243,4.97373446,-7.7759331,-8.6423244,-13.27792829,104.78388538,128.11499177,-15.17811037,29.21629245
1760625431.57,8.96643644,-0.74458364,-0.54885788,-0.0186057,0.93710955,-0.00954372,80.0,-7.0,0.0,80.0,1.3962634,0.0,0.0,0.0,80.0,-7.0,0.0,80.0,1.3962634,0.0,0.0,0.0,-5.80447741,-2.17720372,-15.53579929,8.27393235,-1.8187917,-28.43367698,77.72405705,163.78836082,-4.5026184,5.17879313,-7.88861855,-7.83076135,-14.24242556,106.21916675,128.41352522,-14.54656688,29.72739261
1760625431.603,9.10537953,-0.66793135,-0.56874124,-0.01845773,0.93685571,-0.00943974,80.0,-7.0,0.0,80.0,1.3962634,0.0,0.0,0.0,80.0,-7.0,0.0,80.0,1.3962634,0.0,0.0,0.0,-6.19787484,-2.25075522,-16.07302629,8.87141523,-1.3351058,-27.52645357,77.46158452,164.48443717,-4.3540673,5.17435721,-7.92799151,-7.46593433,-14.48467903,106.88189006,128.733269,-14.37042831,30.34312618
1760625431.637,9.35131737,-0.53408933,-0.43198486,-0.0188238,0.93724029,-0.00925069,80.0,-7.0,0.0,80.0,1.3962634,0.0,0.0,0.0,80.0,-7.0,0.0,80.0,1.3962634,0.0,0.0,0.0,-6.48209606,-2.29501809,-16.54267714,9.67734705,-1.16173142,-26.84524817,76.50581929,164.94809072,-4.43866858,5.07375341,-8.06144866,-7.0729113,-14.40941733,107.77536558,129.48492738,-13.47188451,32.02617455
1760625431.67,9.5105028,-0.53224444,-0.4201521,-0.01904571,0.93743247,-0.00907843,80.0,-7.0,0.0,80.0,1.3962634,0.0,0.0,0.0,80.0,-7.0,0.0,80.0,1.3962634,0.0,0.0,0.0,-6.5806383,-2.27767614,-16.60961855,10.45731744,-0.91160009,-26.28355199,74.92056573,164.94454634,-4.89274967,4.82769974,-8.27912874,-6.79858759,-14.10740192,108.43450413,130.46676614,-11.68293616,34.36983387
1760625431.704,9.78726413,-0.66684893,-0.37580553,-0.01950878,0.93768122,-0.01042185,80.0,-7.0,0.0,80.0,1.3962634,0.0,0.0,0.0,80.0,-7.0,0.0,80.0,1.3962634,0.0,0.0,0.0,-6.86818072,-1.80003016,-16.76494189,11.70631695,-0.54998888,-25.9888848,73.33387256,165.77659445,-4.96950879,4.79066781,-8.37308097,-6.37443227,-14.0197811,108.00602518,130.27517719,-11.16444193,34.72529584
1760625431.737,9.66506235,-0.68247628,-0.16568265,-0.0187348,0.93740567,-0.01157341,80.0,-7.0,0.0,80.0,1.3962634,0.0,0.0,0.0,80.0,-7.0,0.0,80.0,1.3962634,0.0,0.0,0.0,-6.76649444,-1.5522899,-16.70591826,12.17581661,-0.30579697,-26.20968489,72.6165771,166.76867377,-4.963217,4.77236018,-8.54340483,-6.23670115,-13.71547268,107.87640395,129.71043839,-10.81770028,34.80298769
1760625431.771,9.61640056,-0.67810888,-0.00117687,-0.01774219,0.93719238,-0.01209616,80.0,-7.0,0.0,80.0,1.3962634,0.0,0.0,0.0,80.0,-7.0,0.0,80.0,1.3962634,0.0,0.0,0.0,-6.54167561,-1.33511269,-16.66705905,12.56645132,-0.00503885,-26.5186694,71.74991271,167.99937871,-5.19406422,4.61060218,-8.92375484,-6.09692507,-13.64743847,107.57448646,129.53561414,-10.52802728,34.46892271
1760625431.804,9.5417587,-0.70502097,-0.02110378,-0.0169502,0.93690923,-0.01226345,80.0,-7.0,0.0,80.0,1.3962634,0.0,0.0,0.0,80.0,-7.0,0.0,80.0,1.3962634,0.0,0.0,0.0,-6.45142903,-1.19435354,-17.06112265,13.15530972,0.64900311,-26.42642027,70.90962997,168.92678071,-5.35196735,4.51908632,-9.06143181,-5.96266274,-14.23016025,107.12215345,129.43766231,-10.50794319,33.91913101
1760625431.838,9.67314459,-0.6374388,0.0590256,-0.01741882,0.93715721,-0.0120105,80.0,-7.0,0.0,80.0,1.3962634,0.0,0.0,0.0,80.0,-7.0,0.0,80.0,1.3962634,0.0,0.0,0.0,-6.56849529,-1.07227008,-17.09852381,13.29924371,1.11536673,-26.77890351,70.52680618,169.46204714,-5.34535364,4.5329489,-9.06799702,-5.75802749,-14.33049662,106.7506834,129.37953765,-10.50010294,33.53765852
1760625431.905,10.5056156,-0.67102972,0.17930545,-0.0213018,0.9385943,-0.0119871,80.0,-7.0,0.0,80.0,1.3962634,0.0,0.0,0.0,80.0,-7.0,0.0,80.0,1.3962634,0.0,0.0,0.0,-7.35812912,-0.558976,-16.74392526,13.2925234,2.19630974,-28.50293782,70.4016611,171.63250475,-5.37418767,4.56881885,-9.02495383,-5.18852566,-14.15711593,106.70033756,129.58612745,-10.40432494,33.39758637
1760625431.938,10.91704465,-0.70967005,0.14539051,-0.02209092,0.93938114,-0.0115635,80.0,-7.0,0.0,80.0,1.3962634,0.0,0.0,0.0,80.0,-7.0,0.0,80.0,1.3962634,0.0,0.0,0.0,-7.68871781,-0.46682993,-16.39959854,12.45533788,3.22083712,-29.5207291,71.21585684,172.89605863,-5.38900997,4.60407936,-9.07458615,-5.12953083,-14.03083842,106.76774409,129.91595447,-10.20804014,33.5160507
1760625431.971,11.17306237,-0.7550168,-0.04503466,-0.02356283,0.94007802,-0.01082487,80.0,-7.0,0.0,80.0,1.3962634,0.0,0.0,0.0,80.0,-7.0,0.0,80.0,1.3962634,0.0,0.0,0.0,-8.06035314,-0.42819483,-16.42575313,11.5646649,3.29887899,-29.79662805,71.96527304,173.32277398,-5.22521512,4.7446505,-8.9950435,-5.15575441,-14.45446713,106.8861341,130.4260338,-9.90312189,33.65157927
1760625432.005,11.2884395,-0.86710046,-0.20104948,-0.02437548,0.94104474,-0.01049515,80.0,-7.0,0.0,80.0,1.3962634,0.0,0.0,0.0,80.0,-7.0,0.0,80.0,1.3962634,0.0,0.0,0.0,-8.15164942,-0.4041426,-16.54621544,11.10130376,2.86099333,-29.78305496,72.05332484,173.26340483,-5.11745437,4.8304842,-9.08740954,-5.21314467,-14.78414648,106.83682767,130.42124047,-9.79427731,33.66724433
1760625432.038,11.33822403,-0.93201584,-0.26087334,-0.02465943,0.94192669,-0.01046955,80.0,-7.0,0.0,80.0,1.3962634,0.0,0.0,0.0,80.0,-7.0,0.0,80.0,1.3962634,0.0,0.0,0.0,-8.12124278,-0.40701445,-16.62582416,10.85850098,2.6376433,-29.97017099,71.91200117,173.33358345,-4.94832133,4.96173428,-9.23258986,-5.30631358,-14.92825695,106.80707733,130.38007119,-9.6854164,33.72718258
1760625432.072,11.1431051,-1.10437852,-0.28955224,-0.02440076,0.9425154,-0.01120961,80.0,-7.0,0.0,80.0,1.3962634,0.0,0.0,0.0,80.0,-7.0,0.0,80.0,1.3962634,0.0,0.0,0.0,-7.91149943,-0.33495379,-16.74967568,10.50335282,2.32489012,-30.11739454,71.90321445,173.24319214,-4.58640547,5.23340034,-9.34767145,-5.50511161,-15.18812064,106.86226001,130.49049728,-9.4082633,33.87139577
1760625432.105,10.75597477,-1.18533792,-0.20525171,-0.02345125,0.94211049,-0.0117471,80.0,-7.0,0.0,80.0,1.3962634,0.0,0.0,0.0,80.0,-7.0,0.0,80.0,1.3962634,0.0,0.0,0.0,-7.53476878,-0.25141139,-16.90199254,10.13818765,2.0411854,-30.23804641,72.09534976,173.22144278,-4.38837562,5.39971711,-9.3940329,-5.63870207,-15.36362361,106.85624127,130.4470453,-9.25460525,33.87802681
1760625432.139,10.62145537,-1.24178714,-0.13481358,-0.02320104,0.94205196,-0.01218084,80.0,-7.0,0.0,80.0,1.3962634,0.0,0.0,0.0,80.0,-7.0,0.0,80.0,1.3962634,0.0,0.0,0.0,-7.22129007,-0.21465325,-16.93857089,10.15070289,1.89918776,-30.55796131,71.77246732,173.4696042,-3.99666759,5.62106126,-9.64169409,-5.72315758,-15.39548067,106.87728248,130.39307259,-9.05962763,34.05927374
1760625432.172,10.67803831,-1.24820747,-0.16300953,-0.02398656,0.94224055,-0.01261295,80.0,-7.0,0.0,80.0,1.3962634,0.0,0.0,0.0,80.0,-7.0,0.0,80.0,1.3962634,0.0,0.0,0.0,-7.18893816,-0.23833751,-17.03063612,9.92588122,1.51488019,-30.45702106,71.68617142,173.30537493,-3.69097284,5.79126775,-9.80954876,-5.76973315,-15.60396849,106.91558459,130.4345588,-8.88079949,34.19375601
1760625432.206,10.38901529,-1.21057505,0.01754964,-0.02258157,0.94147046,-0.01329418,80.0,-7.0,0.0,80.0,1.3962634,0.0,0.0,0.0,80.0,-7.0,0.0,80.0,1.3962634,0.0,0.0,0.0,-6.8365564,-0.30667563,-16.98627265,9.61321842,1.22218514,-30.69439406,71.68256498,173.13397395,-3.47301098,5.84734527,-9.91782685,-5.88328068,-15.4280628,107.11793987,130.4469784,-8.60821302,34.55323256
1760625432.239,10.42837306,-0.97527173,-0.02647537,-0.02321119,0.94243411,-0.01255742,80.0,-7.0,0.0,80.0,1.3962634,0.0,0.0,0.0,80.0,-7.0,0.0,80.0,1.3962634,0.0,0.0,0.0,-6.79653329,-0.61323849,-17.09207998,9.25025641,0.88673018,-30.48672386,71.54436752,172.59692421,-3.40458669,5.84723782,-10.1162322,-5.92651148,-15.58381103,107.08297602,130.36586675,-8.38927007,34.76291002
1760625432.272,10.42295758,-0.68507729,-0.10105529,-0.02318548,0.94303205,-0.01091241,80.0,-7.0,0.0,80.0,1.3962634,0.0,0.0,0.0,80.0,-7.0,0.0,80.0,1.3962634,0.0,0.0,0.0,-6.80778909,-1.02173557,-17.19683417,9.18691914,0.82939464,-30.32001602,71.33831668,172.43751805,-3.39522147,5.84511841,-10.22971781,-6.05956575,-15.86738118,106.99616203,130.29470276,-8.28389187,34.71858365
1760625432.306,10.40779111,-0.57476599,-0.12690331,-0.02320427,0.94321909,-0.01023881,80.0,-7.0,0.0,80.0,1.3962634,0.0,0.0,0.0,80.0,-7.0,0.0,80.0,1.3962634,0.0,0.0,0.0,-6.85188937,-1.19514014,-17.2358657,9.12126593,0.53395955,-30.10796554,71.14824777,172.0293866,-3.32485851,5.86233063,-10.27992331,-6.13476891,-16.02599602,107.04406828,130.25850106,-8.15671097,34.77101977
1760625432.34,10.18616972,-0.45363397,-0.07086103,-0.02195967,0.94262734,-0.00965141,80.0,-7.0,0.0,80.0,1.3962634,0.0,0.0,0.0,80.0,-7.0,0.0,80.0,1.3962634,0.0,0.0,0.0,-6.62545559,-1.25790551,-17.16675242,9.03450718,0.24457588,-30.10605459,70.90306166,171.72278799,-3.31811311,5.82905122,-10.36661502,-6.13041199,-16.02135407,107.15815415,130.15582571,-7.97685424,34.83385035
1760625432.373,10.0620115,-0.4314784,0.00475486,-0.02121282,0.94219048,-0.00968777,80.0,-7.0,0.0,80.0,1.3962634,0.0,0.0,0.0,80.0,-7.0,0.0,80.0,1.3962634,0.0,0.0,0.0,-6.42199411,-1.16012024,-17.00858554,9.11641848,0.24028381,-30.33695759,70.6758109,171.91120809,-3.25120251,5.82828983,-10.44927187,-6.04475644,-15.86007667,107.2799061,130.09346262,-7.85483389,34.87644628
1760625432.406,9.9944865,-0.42450595,-0.08450891,-0.0215209,0.94194524,-0.00934371,80.0,-7.0,0.0,80.0,1.3962634,0.0,0.0,0.0,80.0,-7.0,0.0,80.0,1.3962634,0.0,0.0,0.0,-6.22623929,-1.14581079,-16.87621293,9.16570235,0.5512437,-30.47160613,70.50065339,172.32831191,-3.21472238,5.81763699,-10.5870915,-5.98946004,-15.85464849,107.26622327,130.04682775,-7.84765158,34.81199593
1760625432.44,9.94393637,-0.42107383,-0.23189541,-0.02187253,0.94182406,-0.00936986,80.0,-7.0,0.0,80.0,1.3962634,0.0,0.0,0.0,80.0,-7.0,0.0,80.0,1.3962634,0.0,0.0,0.0,-6.0868966,-1.09256885,-16.73872097,9.6913781,0.80844595,-30.59374115,69.90167254,172.90254266,-3.19720688,5.8175696,-10.66470861,-5.88660662,-15.85515247,107.392656,129.97865774,-7.76931393,34.89387626
1760625432.473,9.79793159,-0.45358119,-0.27207277,-0.02136653,0.94138895,-0.00929704,80.0,-7.0,0.0,80.0,1.3962634,0.0,0.0,0.0,80.0,-7.0,0.0,80.0,1.3962634,0.0,0.0,0.0,-5.92904708,-1.03083723,-16.59998672,10.0636316,1.1587466,-30.87081287,69.60255483,173.46702114,-3.14144573,5.82420559,-10.64182102,-5.86754996,-15.71826256,107.37001429,129.96803973,-7.79781937,34.87889697
1760625432.507,9.79229886,-0.466819,-0.27981748,-0.02078699,0.94113864,-0.00922915,80.0,-7.0,0.0,80.0,1.3962634,0.0,0.0,0.0,80.0,-7.0,0.0,80.0,1.3962634,0.0,0.0,0.0,-5.91812775,-1.0482626,-16.60512922,10.08732273,1.16600375,-30.85470734,69.56364155,173.4980751,-3.08047421,5.82812683,-10.62905442,-5.859431,-15.62550671,107.36277257,129.96193392,-7.89331191,34.94900073
1760625432.54,9.55421614,-0.48397572,-0.38507609,-0.02029865,0.94045883,-0.00908048,80.0,-7.0,0.0,80.0,1.3962634,0.0,0.0,0.0,80.0,-7.0,0.0,80.0,1.3962634,0.0,0.0,0.0,-5.62337942,-1.03028916,-16.50005136,10.63960187,1.4919492,-31.15069347,69.04890547,174.04950212,-3.07753265,5.79740537,-10.62379677,-5.81695817,-15.4619649,107.31251447,129.98552385,-7.99015144,35.0000001
1760625432.574,9.61756617,-0.51915049,-0.50682924,-0.02190956,0.94074273,-0.008515,80.0,-7.0,0.0,80.0,1.3962634,0.0,0.0,0.0,80.0,-7.0,0.0,80.0,1.3962634,0.0,0.0,0.0,-5.73089551,-1.12910916,-16.5800356,10.66766888,1.6494997,-31.02090458,69.03472779,174.03854007,-3.06057031,5.79671375,-10.59662515,-5.87848285,-15.5329544,107.25114858,130.01832751,-8.11968926,35.0000001
1760625432.607,10.08078401,-0.4160403,-0.78260791,-0.02371126,0.94159455,-0.00781958,80.0,-7.0,0.0,80.0,1.3962634,0.0,0.0,0.0,80.0,-7.0,0.0,80.0,1.3962634,0.0,0.0,0.0,-6.33688955,-1.41358265,-16.83792969,10.59082848,1.74812267,-30.48445685,69.16436821,173.79549917,-3.04640055,5.7916697,-10.52100025,-5.95594698,-15.96378988,107.24744125,130.06583125,-8.22406509,35.0000001
1760625432.64,10.24069418,-0.39389458,-0.97062815,-0.02489904,0.94178709,-0.00722893,80.0,-7.0,0.0,80.0,1.3962634,0.0,0.0,0.0,80.0,-7.0,0.0,80.0,1.3962634,0.0,0.0,0.0,-6.66450041,-1.58945157,-17.12128112,10.26782353,1.80247249,-29.96110009,69.54610809,173.42736258,-3.03164662,5.78988867,-10.42639108,-6.03550976,-16.32810456,107.26359117,130.06378987,-8.31485403,35.0000001
1760625432.707,10.24853868,-0.32037896,-1.08525054,-0.02535225,0.94150384,-0.00683456,80.0,-7.0,0.0,80.0,1.3962634,0.0,0.0,0.0,80.0,-7.0,0.0,80.0,1.3962634,0.0,0.0,0.0,-6.92895741,-1.85146718,-17.5547467,9.91194837,1.60364381,-29.22099498,69.91795165,172.6348106,-3.00027297,5.78992341,-10.26742817,-6.16802251,-16.75187384,107.23257896,130.0904275,-8.41287226,35.0000001
1760625432.741,9.35421472,-0.30437836,-0.88067223,-0.02114069,0.93987644,-0.00726067,80.0,-7.0,0.0,80.0,1.3962634,0.0,0.0,0.0,80.0,-7.0,0.0,80.0,1.3962634,0.0,0.0,0.0,-6.05340533,-1.87926027,-17.82564372,9.48011374,1.37787045,-29.02673876,70.22351534,172.18039889,-2.99629047,5.78804723,-10.29802262,-6.15119172,-16.6873393,107.16937354,130.14221339,-8.52722018,35.0000001
1760625432.774,9.13383652,-0.31219905,-0.79135207,-0.02047289,0.93965596,-0.00739163,80.0,-7.0,0.0,80.0,1.3962634,0.0,0.0,0.0,80.0,-7.0,0.0,80.0,1.3962634,0.0,0.0,0.0,-5.88513058,-1.85082445,-17.92585345,9.73292737,1.48021519,-29.08988899,70.02447371,172.29189528,-2.95162205,5.79356886,-10.24604659,-6.11727222,-16.66481928,107.13501253,130.15976729,-8.54042414,35.0000001
1760625432.808,9.118382,-0.31520077,-0.78537696,-0.01953434,0.93938833,-0.00723521,80.0,-7.0,0.0,80.0,1.3962634,0.0,0.0,0.0,80.0,-7.0,0.0,80.0,1.3962634,0.0,0.0,0.0,-5.88273952,-1.85202831,-17.92489356,9.73934583,1.52526515,-29.10200837,70.00099828,172.25906328,-2.91637729,5.7994387,-10.22150157,-6.09550562,-16.67248131,107.09573181,130.17225428,-8.53133139,35.0000001
1760625432.841,9.02683652,-0.30315328,-0.74781225,-0.0200984,0.93919217,-0.00727398,80.0,-7.0,0.0,80.0,1.3962634,0.0,0.0,0.0,80.0,-7.0,0.0,80.0,1.3962634,0.0,0.0,0.0,-5.79301847,-1.85891641,-18.01070777,10.24038286,1.71447487,-29.19120757,69.50654674,172.61130271,-2.94471808,5.78323372,-10.18976817,-6.03685884,-16.72474617,107.01716298,130.17435653,-8.5379579,35.0000001
1760625432.875,9.17682829,-0.31657317,-0.80724768,-0.02092201,0.93953883,-0.00706465,80.0,-7.0,0.0,80.0,1.3962634,0.0,0.0,0.0,80.0,-7.0,0.0,80.0,1.3962634,0.0,0.0,0.0,-5.99054283,-1.86401052,-18.17067802,10.74647409,1.87741205,-29.03201556,69.04362078,172.83376045,-2.89797585,5.80812206,-10.15256189,-5.97617545,-16.9233629,106.97087188,130.1865183,-8.57747552,35.0000001
1760625432.908,9.60545414,-0.37181389,-0.76098965,-0.02330688,0.94035329,-0.00731076,80.0,-7.0,0.0,80.0,1.3962634,0.0,0.0,0.0,80.0,-7.0,0.0,80.0,1.3962634,0.0,0.0,0.0,-6.46146984,-1.7508657,-18.00536161,11.11380991,2.00885593,-29.32681611,68.76369259,173.17054342,-2.89604813,5.80441871,-10.05770805,-5.91377181,-16.69083377,106.91587529,130.22865216,-8.63109212,35.0000001
1760625432.942,9.82265996,-0.41570499,-0.72304336,-0.02420419,0.94054888,-0.007363,80.0,-7.0,0.0,80.0,1.3962634,0.0,0.0,0.0,80.0,-7.0,0.0,80.0,1.3962634,0.0,0.0,0.0,-6.6916862,-1.66643856,-17.64877701,11.40730865,2.12930083,-29.79413789,68.55219248,173.522764,-2.88563905,5.80022805,-9.95541043,-5.90102941,-16.2799871,106.83613494,130.23939442,-8.63454834,35.0000001
1760625432.975,10.50777636,-0.34290011,-0.88411279,-0.02752613,0.94173252,-0.00659122,80.0,-7.0,0.0,80.0,1.3962634,0.0,0.0,0.0,80.0,-7.0,0.0,80.0,1.3962634,0.0,0.0,0.0,-7.51509213,-1.79946954,-17.43211051,11.36343622,2.21053791,-29.82006472,68.71698125,173.49395254,-2.89074838,5.79510825,-9.79442835,-5.96045444,-16.21187102,106.81606371,130.24089876,-8.60698294,35.0000001
1760625433.008,10.5404426,-0.33795002,-0.93657177,-0.02800629,0.94171488,-0.00608905,80.0,-7.0,0.0,80.0,1.3962634,0.0,0.0,0.0,80.0,-7.0,0.0,80.0,1.3962634,0.0,0.0,0.0,-7.57210985,-1.83729257,-17.39318045,10.97377024,2.09007646,-29.68247444,69.06080115,173.24982708,-2.89088965,5.79005778,-9.76701405,-5.96491738,-16.21987956,106.75402841,130.20658254,-8.61407863,34.93098549
1760625433.042,10.41787849,-0.32448372,-0.91446053,-0.02760237,0.94155318,-0.00600266,80.0,-7.0,0.0,80.0,1.3962634,0.0,0.0,0.0,80.0,-7.0,0.0,80.0,1.3962634,0.0,0.0,0.0,-7.48912936,-1.83633895,-17.38189627,10.50343403,2.01338423,-29.62093004,69.5013544,173.04773702,-2.84786383,5.8001524,-9.69010811,-5.96056648,-16.18483936,106.7436119,130.18894312,-8.49566329,34.92452856
1760625433.075,10.13107255,-0.35163039,-0.84257502,-0.02631877,0.94109915,-0.00627798,80.0,-7.0,0.0,80.0,1.3962634,0.0,0.0,0.0,80.0,-7.0,0.0,80.0,1.3962634,0.0,0.0,0.0,-7.18639901,-1.81189525,-17.42430067,10.00020276,1.69122481,-29.44755431,69.8416855,172.54821381,-2.79632593,5.81589999,-9.65270692,-6.00563401,-16.13943068,106.72068806,130.04080881,-8.30200478,34.93020197
1760625433.109,9.84448106,-0.37319085,-0.69984017,-0.02539504,0.94063499,-0.00670219,80.0,-7.0,0.0,80.0,1.3962634,0.0,0.0,0.0,80.0,-7.0,0.0,80.0,1.3962634,0.0,0.0,0.0,-6.87294702,-1.76905297,-17.42236805,9.35992413,1.61370794,-29.51116216,70.37785798,172.36606178,-2.77670549,5.83078501,-9.64378448,-6.0448379,-15.82746311,106.74467632,129.89220461,-8.09825453,34.99762339
1760625433.142,9.60256397,-0.35939703,-0.50487778,-0.02464683,0.94053495,-0.00732915,80.0,-7.0,0.0,80.0,1.3962634,0.0,0.0,0.0,80.0,-7.0,0.0,80.0,1.3962634,0.0,0.0,0.0,-6.62360968,-1.7210172,-17.25735598,8.80223227,1.32331052,-29.71807287,70.85770489,172.01986539,-2.74953118,5.83505069,-9.64234938,-6.03524323,-15.33403713,106.72487358,129.92156819,-8.09540002,34.95421982
1760625433.176,9.3418315,-0.38099046,-0.25376079,-0.02361526,0.9399274,-0.00771166,80.0,-7.0,0.0,80.0,1.3962634,0.0,0.0,0.0,80.0,-7.0,0.0,80.0,1.3962634,0.0,0.0,0.0,-6.21528604,-1.58422828,-16.86107769,7.93874938,1.9202179,-30.53310858,71.81365507,172.63878953,-2.71763309,5.85455838,-9.74422056,-5.94086913,-14.66886379,106.85215178,129.89678384,-7.9929928,34.98413386
1760625433.209,9.24817094,-0.3188428,-0.16025702,-0.02237541,0.93967038,-0.00762548,80.0,-7.0,0.0,80.0,1.3962634,0.0,0.0,0.0,80.0,-7.0,0.0,80.0,1.3962634,0.0,0.0,0.0,-6.04855957,-1.52069828,-16.68450236,8.03156755,1.76064648,-30.8303031,71.7234948,172.67614548,-2.70845441,5.84794065,-9.77585568,-5.75760566,-14.46104147,106.93495403,129.84676615,-7.94591748,34.95159424
1760625433.243,9.1174768,-0.34898827,-0.14370123,-0.02203781,0.93941991,-0.00782151,80.0,-7.0,0.0,80.0,1.3962634,0.0,0.0,0.0,80.0,-7.0,0.0,80.0,1.3962634,0.0,0.0,0.0,-5.90748042,-1.42001828,-16.49998505,8.22872243,1.88940674,-31.16186083,71.63213749,172.93992921,-2.69869798,5.84670506,-9.74906722,-5.6514855,-14.29351174,106.96817645,129.84145529,-7.96762194,34.94666619
1760625433.276,8.8837685,-0.41927415,-0.18648325,-0.0210739,0.93874267,-0.00798153,80.0,-7.0,0.0,80.0,1.3962634,0.0,0.0,0.0,80.0,-7.0,0.0,80.0,1.3962634,0.0,0.0,0.0,-5.63238709,-1.26171964,-16.29027116,8.52477061,2.07884338,-31.51651185,71.43909282,173.34831301,-2.71942439,5.83786747,-9.74553332,-5.5303334,-14.0917231,106.98279936,129.83636861,-8.03409973,34.9766718
1760625433.309,8.79427905,-0.43495044,-0.12174074,-0.02084643,0.9383479,-0.00831336,80.0,-7.0,0.0,80.0,1.3962634,0.0,0.0,0.0,80.0,-7.0,0.0,80.0,1.3962634,0.0,0.0,0.0,-5.50409936,-1.13111161,-15.99529654,8.90277357,2.52405857,-32.19358649,71.27503688,174.12720684,-2.70892988,5.8473476,-9.70559684,-5.47132029,-13.71864191,106.9273957,129.88462491,-8.10858638,34.95157732
1760625433.343,9.08334838,-0.45773834,-0.10475604,-0.02309776,0.93882624,-0.00838924,80.0,-7.0,0.0,80.0,1.3962634,0.0,0.0,0.0,80.0,-7.0,0.0,80.0,1.3962634,0.0,0.0,0.0,-5.85691157,-0.99684076,-15.62474341,9.02855188,3.51427593,-32.99744954,71.60706291,175.29726342,-2.68700176,5.87150642,-9.56736729,-5.4871724,-13.34535212,106.8540395,129.87777724,-8.15447691,34.89356423
1760625433.376,9.38384959,-0.46528837,-0.17683608,-0.02384706,0.93933491,-0.00791518,80.0,-7.0,0.0,80.0,1.3962634,0.0,0.0,0.0,80.0,-7.0,0.0,80.0,1.3962634,0.0,0.0,0.0,-6.17374359,-0.96563518,-15.07465959,8.99917448,3.66204435,-33.57081168,71.7649454,175.52614448,-2.66070656,5.87010827,-9.47960217,-5.60687323,-12.93117565,106.64302389,129.86667136,-8.18557665,34.71005319
1760625433.41,9.46863165,-0.44421947,-0.09747824,-0.02292997,0.93957027,-0.0079078,80.0,-7.0,0.0,80.0,1.3962634,0.0,0.0,0.0,80.0,-7.0,0.0,80.0,1.3962634,0.0,0.0,0.0,-6.09887824,-0.9448553,-14.95317175,9.05043611,3.59516657,-33.81882088,71.59958965,175.62995247,-2.64385817,5.88951699,-9.59988273,-5.66188489,-12.75781568,106.61465244,129.86959121,-8.20596028,34.70398158
1760625433.443,9.40267997,-0.43968374,-0.01070956,-0.02169816,0.93939015,-0.00806964,80.0,-7.0,0.0,80.0,1.3962634,0.0,0.0,0.0,80.0,-7.0,0.0,80.0,1.3962634,0.0,0.0,0.0,-5.96213843,-0.90588517,-14.83411152,9.11358712,3.57290363,-34.08811934,71.49373355,175.74283719,-2.6501982,5.8768293,-9.65649136,-5.68676953,-12.58879034,106.62961558,129.86901233,-8.23153854,34.71048251
1760625433.477,9.19729649,-0.49862223,0.04560401,-0.02031275,0.93896772,-0.00807578,80.0,-7.0,0.0,80.0,1.3962634,0.0,0.0,0.0,80.0,-7.0,0.0,80.0,1.3962634,0.0,0.0,0.0,-5.68184882,-0.82165718,-14.76775658,9.16703519,3.84365155,-34.36351598,71.46509831,176.09664817,-2.63035032,5.87952327,-9.70996347,-5.69452077,-12.55652692,106.81546659,129.85586811,-8.10848957,34.8917494
1760625433.51,9.15831411,-0.48463812,0.00628669,-0.02000147,0.93909139,-0.00780132,80.0,-7.0,0.0,80.0,1.3962634,0.0,0.0,0.0,80.0,-7.0,0.0,80.0,1.3962634,0.0,0.0,0.0,-5.5981188,-0.87398153,-14.89746668,9.2258898,3.4293142,-34.04680694,71.15812729,175.63112161,-2.61418553,5.87844328,-9.78686321,-5.70142049,-12.80652757,106.79650922,129.87031466,-8.1200544,34.92118047
1760625433.544,9.15188694,-0.48274914,0.01321867,-0.01988284,0.93909106,-0.00781609,80.0,-7.0,0.0,80.0,1.3962634,0.0,0.0,0.0,80.0,-7.0,0.0,80.0,1.3962634,0.0,0.0,0.0,-5.60661087,-0.87191326,-14.89626424,9.24477338,3.43075047,-34.03855137,71.13898868,175.64310228,-2.59980398,5.85564699,-9.78731229,-5.69131261,-12.8358542,106.81033688,129.86794333,-8.15589823,34.94786173
1760625433.577,9.44570852,-0.46311579,-0.08711274,-0.02065444,0.93948581,-0.00766542,80.0,-7.0,0.0,80.0,1.3962634,0.0,0.0,0.0,80.0,-7.0,0.0,80.0,1.3962634,0.0,0.0,0.0,-5.93628426,-0.88987951,-15.50018226,9.74535268,3.58928688,-33.39135225,70.63375008,175.88174817,-2.59131055,5.85928334,-9.83086916,-5.55998796,-13.60437118,106.88497645,129.86086285,-8.07508892,35.0000001
1760625433.611,9.51846998,-0.49470381,-0.12153879,-0.02095993,0.93967897,-0.0075859,80.0,-7.0,0.0,80.0,1.3962634,0.0,0.0,0.0,80.0,-7.0,0.0,80.0,1.3962634,0.0,0.0,0.0,-6.08276725,-0.85669999,-15.72710823,9.7071581,3.69726535,-33.0546829,70.70632487,175.9284878,-2.56757684,5.86184241,-9.79705424,-5.52353227,-13.92906856,106.89935996,129.84540384,-8.02210983,35.0000001
1760625433.644,9.44685774,-0.48401182,-0.14084234,-0.02068627,0.93987729,-0.007931,80.0,-7.0,0.0,80.0,1.3962634,0.0,0.0,0.0,80.0,-7.0,0.0,80.0,1.3962634,0.0,0.0,0.0,-6.13114102,-0.80977454,-15.8183419,9.75316585,3.79984332,-32.92383051,70.78911633,176.02549317,-2.54267031,5.87221974,-9.67851026,-5.47966743,-14.02170947,106.87157433,129.86662774,-8.01322816,35.0000001
1760625433.677,9.45455044,-0.56481807,-0.08234983,-0.02006175,0.93996735,-0.00799225,80.0,-7.0,0.0,80.0,1.3962634,0.0,0.0,0.0,80.0,-7.0,0.0,80.0,1.3962634,0.0,0.0,0.0,-6.15447833,-0.68703211,-16.12268747,10.07264918,4.23772979,-32.85754286,70.61589214,176.58739561,-2.52488976,5.8764297,-9.69983142,-5.40710359,-14.23522765,106.86081027,129.85068361,-8.03452176,35.0000001
1760625433.711,9.43488855,-0.56170522,-0.0716427,-0.01968931,0.93978682,-0.00810391,80.0,-7.0,0.0,80.0,1.3962634,0.0,0.0,0.0,80.0,-7.0,0.0,80.0,1.3962634,0.0,0.0,0.0,-6.16461633,-0.68831941,-16.1295237,10.10078518,4.22118042,-32.82578897,70.62684162,176.60083523,-2.5284264,5.87173393,-9.68597957,-5.41504997,-14.27140223,106.89855553,129.85315462,-7.97148133,35.0000001
1760625433.744,9.4468043,-0.59061036,-0.06351001,-0.01968722,0.93976748,-0.00814247,80.0,-7.0,0.0,80.0,1.3962634,0.0,0.0,0.0,80.0,-7.0,0.0,80.0,1.3962634,0.0,0.0,0.0,-6.21095733,-0.6423995,-16.54652678,10.38143376,4.27402154,-32.42581368,70.36325249,176.69126791,-2.51200644,5.88371544,-9.70275127,-5.35462872,-14.66560378,106.86314747,129.85894924,-7.96549359,35.0000001
1760625433.778,9.44121615,-0.58557965,-0.05741238,-0.01935608,0.93984033,-0.00798153,80.0,-7.0,0.0,80.0,1.3962634,0.0,0.0,0.0,80.0,-7.0,0.0,80.0,1.3962634,0.0,0.0,0.0,-6.20891485,-0.64569464,-16.55327304,10.40650114,4.28506973,-32.40725235,70.36250735,176.72012292,-2.46989359,5.89781251,-9.69025879,-5.36783269,-14.63657516,106.79677158,129.83174881,-7.93927836,35.0000001
1760625433.811,9.60292771,-0.46988997,0.02113731,-0.0208249,0.94019933,-0.00779136,80.0,-7.0,0.0,80.0,1.3962634,0.0,0.0,0.0,80.0,-7.0,0.0,80.0,1.3962634,0.0,0.0,0.0,-6.4465144,-0.77029748,-16.76272276,10.72164659,4.62331549,-32.31693347,70.34829807,177.15472726,-2.40821253,5.91235549,-9.53143398,-5.43827585,-14.68132872,106.67277855,129.8337036,-7.88187107,35.0000001
1760625433.845,9.66091293,-0.49980674,0.11075999,-0.02146823,0.94003945,-0.00806491,80.0,-7.0,0.0,80.0,1.3962634,0.0,0.0,0.0,80.0,-7.0,0.0,80.0,1.3962634,0.0,0.0,0.0,-6.46236003,-0.80931654,-16.73341072,11.0301749,4.79531431,-32.32289913,70.33611802,177.46209637,-2.36388606,5.9198314,-9.24091316,-5.71215307,-14.2928218,106.47007851,129.94454965,-7.90242033,35.0000001
1760625433.878,10.0475254,-0.60029178,0.20278639,-0.02307962,0.94052811,-0.00876506,80.0,-7.0,0.0,80.0,1.3962634,0.0,0.0,0.0,80.0,-7.0,0.0,80.0,1.3962634,0.0,0.0,0.0,-6.63178695,-1.02294238,-16.34786087,10.98892591,4.80909915,-32.51375845,70.60984126,177.41006762,-2.42202373,5.83578408,-8.721737,-6.39881231,-12.9398559,106.20921656,130.1568427,-8.51305799,35.0000001
1760625433.912,11.02992166,-0.81299476,-0.26515123,-0.02758509,0.94274353,-0.00999746,80.0,-7.0,0.0,80.0,1.3962634,0.0,0.0,0.0,80.0,-7.0,0.0,80.0,1.3962634,0.0,0.0,0.0,-7.2398847,-1.06865207,-14.15248407,10.55305927,4.06413822,-33.74309725,71.7329986,176.97299767,-2.87971811,5.59910327,-7.27713712,-7.32218355,-9.31569887,104.34292408,130.66203677,-10.95203057,33.86750996
1760625433.945,11.38405991,-1.01873978,-0.09430189,-0.02985822,0.94314637,-0.01159973,80.0,-7.0,0.0,80.0,1.3962634,0.0,0.0,0.0,80.0,-7.0,0.0,80.0,1.3962634,0.0,0.0,0.0,-7.22356159,-1.03948499,-12.2200966,9.8523576,2.24529479,-35.20636403,72.58755359,175.31482995,-3.55261211,5.24066059,-5.95112039,-8.03797067,-6.18218771,102.47044298,130.7786663,-13.10294241,32.24967478
1760625433.978,11.59201569,-0.92507059,-0.39057462,-0.03065276,0.94340945,-0.01185421,80.0,-7.0,0.0,80.0,1.3962634,0.0,0.0,0.0,80.0,-7.0,0.0,80.0,1.3962634,0.0,0.0,0.0,-6.82747414,-1.42484129,-9.84389984,8.02796908,1.15160454,-36.93926873,74.19502042,173.71778008,-4.55084977,4.74163613,-4.64302791,-8.67059157,-4.26017583,100.29885306,130.26319562,-14.7433405,29.58666181
1760625434.012,10.68265093,-0.81943915,0.22774477,-0.02681611,0.94157762,-0.01179179,80.0,-7.0,0.0,80.0,1.3962634,0.0,0.0,0.0,80.0,-7.0,0.0,80.0,1.3962634,0.0,0.0,0.0,-5.21596125,-1.85228448,-8.97716547,5.83905623,0.56811245,-38.32841327,75.60538459,172.13943926,-6.43156408,3.87323145,-3.21962041,-9.55264589,-3.70463782,97.94176661,128.80433502,-16.59932903,25.90258273
1760625434.045,9.27803515,-0.59061349,0.55103668,-0.02001217,0.93889364,-0.01100075,80.0,-7.0,0.0,80.0,1.3962634,0.0,0.0,0.0,80.0,-7.0,0.0,80.0,1.3962634,0.0,0.0,0.0,-3.51489571,-2.58765452,-9.04600658,4.76426292,-1.27183107,-38.1343943,74.38273236,169.23246067,-8.96218372,2.72879878,-2.72710398,-10.14345705,-3.36759434,97.10773742,127.80432644,-18.10832707,24.52285698
1760625434.079,9.32051122,-0.49858894,0.6938919,-0.02069742,0.94021369,-0.01125561,80.0,-7.0,0.0,80.0,1.3962634,0.0,0.0,0.0,80.0,-7.0,0.0,80.0,1.3962634,0.0,0.0,0.0,-3.66367597,-3.02710793,-8.92511647,4.52930849,-3.26656568,-37.8383345,70.47537499,166.49820539,-13.08685191,0.96972068,-2.2723287,-10.79141962,-1.58158016,96.68172424,126.83009579,-20.04636768,25.34982372
1760625434.112,10.85266643,-0.47986115,0.12482579,-0.02744762,0.94563411,-0.01016179,80.0,-7.0,0.0,80.0,1.3962634,0.0,0.0,0.0,80.0,-7.0,0.0,80.0,1.3962634,0.0,0.0,0.0,-5.37923585,-3.47057471,-8.92140986,5.57209519,-4.89954478,-36.45723089,65.14869938,165.27685136,-15.51395315,0.0544694,-2.54137388,-11.43268201,-0.80383489,97.29394322,127.06159774,-20.26813082,28.24006378
1760625434.146,12.4505837,-0.46161273,-0.33782809,-0.03423554,0.95067784,-0.01011483,80.0,-7.0,0.0,80.0,1.3962634,0.0,0.0,0.0,80.0,-7.0,0.0,80.0,1.3962634,0.0,0.0,0.0,-7.06453229,-3.7184308,-8.8083776,6.46214119,-6.91516165,-34.57925793,58.68175544,164.25021871,-16.87786329,-0.40409774,-3.2828208,-11.80999364,-0.19874173,97.81365045,127.93220646,-18.88031527,32.20519178
1760625434.179,12.15644642,-0.59373883,-0.72542741,-0.03441783,0.95486433,-0.01189919,80.0,-7.0,0.0,80.0,1.3962634,0.0,0.0,0.0,80.0,-7.0,0.0,80.0,1.3962634,0.0,0.0,0.0,-6.948089,-2.84299931,-9.00600765,8.39840088,-8.5073802,-32.45255508,48.49852809,166.26893679,-17.06128663,-0.31209608,-4.19209668,-11.4219012,-0.22170778,93.91418046,127.43372482,-15.63828834,35.0000001
1760625434.213,11.49043587,-0.7571103,-0.79776818,-0.03212666,0.95632586,-0.01292604,80.0,-7.0,0.0,80.0,1.3962634,0.0,0.0,0.0,80.0,-7.0,0.0,80.0,1.3962634,0.0,0.0,0.0,-6.32501358,-1.55411909,-9.01041853,9.39376898,-10.54234058,-29.16740636,40.67940775,167.25758467,-13.88572968,1.39880499,-4.36941304,-10.62533269,-0.12760801,86.63574396,125.025659,-12.23934374,35.0000001
1760625434.246,10.92387333,-0.70209168,-0.27116624,-0.0288383,0.94841817,-0.01174207,80.0,-7.0,0.0,80.0,1.3962634,0.0,0.0,0.0,80.0,-7.0,0.0,80.0,1.3962634,0.0,0.0,0.0,-6.18741862,-1.01668408,-9.8221203,11.45865397,-12.75154078,-19.23055363,32.87902722,163.32094189,-5.64978242,6.02037051,-3.60616564,-10.43435065,-0.85761039,76.55413632,123.12703955,-5.5531134,35.0000001
1760625434.28,10.58075241,-0.67662649,0.18904901,-0.02618415,0.93869613,-0.00836372,80.0,-7.0,0.0,80.0,1.3962634,0.0,0.0,0.0,80.0,-7.0,0.0,80.0,1.3962634,0.0,0.0,0.0,-4.4174438,-0.8381049,-5.48766491,8.00916589,-14.92876,-8.66821226,28.41867826,155.40193781,4.42143248,9.82732108,-3.55413745,-11.20437282,4.51645728,67.98023584,125.66339257,2.32924536,35.0000001
1760625434.313,10.60369596,-0.55005002,1.26464986,-0.02436888,0.92602565,-0.00443851,80.0,-7.0,0.0,80.0,1.3962634,0.0,0.0,0.0,80.0,-7.0,0.0,80.0,1.3962634,0.0,0.0,0.0,-6.37230998,-1.28116829,-4.24429935,5.36973058,-12.20019366,-21.82823732,31.47959759,170.06788856,-4.60763321,5.35734784,-3.22988584,-11.86922834,10.19356914,65.74457237,125.41304952,-5.39136462,29.48534832
1760625434.347,10.16906265,-0.9078454,1.39306269,-0.02303698,0.92155629,-0.00388343,80.0,-7.0,0.0,80.0,1.3962634,0.0,0.0,0.0,80.0,-7.0,0.0,80.0,1.3962634,0.0,0.0,0.0,-8.00591593,-0.50487707,-3.7037825,4.64789995,-11.03015952,-25.03282809,36.62745326,169.72656996,-3.78324181,5.32244642,-0.99490871,-11.80855948,12.76241741,61.39560087,122.086795,-8.40159472,25.00955578
1760625434.38,10.06363529,-0.85816017,1.6713629,-0.02221044,0.92153946,-0.00205728,80.0,-7.0,0.0,80.0,1.3962634,0.0,0.0,0.0,80.0,-7.0,0.0,80.0,1.3962634,0.0,0.0,0.0,-7.31867619,0.38624215,-2.71413589,3.74837229,-10.09760559,-31.27365552,42.66622235,169.6140745,-7.54251026,4.34337109,-0.17831619,-11.47842284,11.71425469,59.10128514,119.49305101,-12.40479447,15.88685989
1760625434.413,10.69645001,-0.4138527,1.39890097,-0.02383767,0.92433836,0.00073341,80.0,-7.0,0.0,80.0,1.3962634,0.0,0.0,0.0,80.0,-7.0,0.0,80.0,1.3962634,0.0,0.0,0.0,-7.40622014,0.42162673,-3.12558453,3.32741396,-9.21789072,-34.08045723,49.4203798,170.74455294,-9.25099364,3.85183653,-0.22550711,-11.39346665,6.88879077,60.07882309,119.96453629,-14.01564622,9.06460053
1760625434.447,11.40592018,-0.34534179,1.34026416,-0.02659635,0.92886462,0.00159517,80.0,-7.0,0.0,80.0,1.3962634,0.0,0.0,0.0,80.0,-7.0,0.0,80.0,1.3962634,0.0,0.0,0.0,-7.28769693,0.88274227,-2.67991106,2.40654043,-8.95491113,-36.98478709,56.75853354,171.45791383,-10.72174098,3.20217499,0.69622561,-11.04302932,3.66340706,62.74731122,120.25858971,-15.34817902,4.32601367
1760625434.48,12.70440667,-0.4705901,0.75884702,-0.03252084,0.93335625,0.00036966,80.0,-7.0,0.0,80.0,1.3962634,0.0,0.0,0.0,80.0,-7.0,0.0,80.0,1.3962634,0.0,0.0,0.0,-6.06712927,0.86685677,0.32695039,0.14853546,-9.17202023,-41.43875346,63.79563603,169.87196715,-13.01951738,2.27744824,1.32884686,-10.8609241,6.33914033,62.38848216,117.62909742,-22.34250977,-3.43781876
1760625434.514,13.00118713,-1.06705376,0.05517961,-0.03619041,0.94063549,-0.00565904,80.0,-7.0,0.0,80.0,1.3962634,0.0,0.0,0.0,80.0,-7.0,0.0,80.0,1.3962634,0.0,0.0,0.0,-5.0517308,0.49590877,0.53380615,1.50674311,-10.48501813,-41.09429596,64.39983365,166.93087045,-14.89342361,1.48826664,1.01784448,-11.0625454,7.82310589,73.91358069,118.645292,-25.37017123,4.45019688
1760625434.547,12.86043351,-1.49904632,-0.94933878,-0.03667184,0.94657864,-0.01011713,80.0,-7.0,0.0,80.0,1.3962634,0.0,0.0,0.0,80.0,-7.0,0.0,80.0,1.3962634,0.0,0.0,0.0,-6.85477179,-0.46533857,-3.68585688,5.84405912,-11.30982427,-35.30469627,63.85623639,163.66708999,-16.84531494,0.83050841,2.20659376,-12.43717859,5.12912173,89.04949466,121.6002832,-26.00566911,18.28073641
1760625434.58,12.09809849,-1.3689329,-0.82809747,-0.03436588,0.94849709,-0.0120375,80.0,-7.0,0.0,80.0,1.3962634,0.0,0.0,0.0,80.0,-7.0,0.0,80.0,1.3962634,0.0,0.0,0.0,-6.19207877,-1.37691067,-4.59243707,6.39125937,-11.08308046,-34.46586594,61.80354558,162.81203824,-19.08252242,-0.00258712,1.34900722,-13.48663383,6.26462629,94.05113992,122.92134962,-26.32341827,25.13176748
1760625434.614,11.70702715,-1.11701828,-0.31799726,-0.03330215,0.95031726,-0.01163508,80.0,-7.0,0.0,80.0,1.3962634,0.0,0.0,0.0,80.0,-7.0,0.0,80.0,1.3962634,0.0,0.0,0.0,-5.69656221,-1.87272231,-5.31031124,5.31511104,-9.51124454,-34.55969348,59.40562562,164.63276455,-19.75978913,-0.25849826,-0.24022668,-14.03058689,4.74590211,98.14125015,124.44033003,-20.76561837,32.44527274
1760625434.647,11.38864209,-0.96876259,-0.22642536,-0.03251814,0.95239496,-0.01219984,80.0,-7.0,0.0,80.0,1.3962634,0.0,0.0,0.0,80.0,-7.0,0.0,80.0,1.3962634,0.0,0.0,0.0,-5.73534169,-1.67087219,-6.51024968,5.81543787,-10.42102022,-32.25532224,53.54575702,165.91600097,-19.56425093,-0.03356199,-1.82298523,-14.40422745,2.32013641,96.00351934,123.59344147,-15.63876246,35.0000001
1760625434.681,10.5801126,-0.8964094,-0.25153384,-0.02977002,0.95671068,-0.01313775,80.0,-7.0,0.0,80.0,1.3962634,0.0,0.0,0.0,80.0,-7.0,0.0,80.0,1.3962634,0.0,0.0,0.0,-5.35579794,-0.49764465,-8.82286721,7.73161358,-12.43497014,-26.46709679,42.49268257,168.32094706,-16.86286039,1.70061245,-3.50608118,-13.62166012,-0.20530912,86.38789011,122.6487221,-9.54236199,35.0000001
1760625434.715,10.36453265,-0.68227195,-0.11352084,-0.02826987,0.95545113,-0.01136728,80.0,-7.0,0.0,80.0,1.3962634,0.0,0.0,0.0,80.0,-7.0,0.0,80.0,1.3962634,0.0,0.0,0.0,-5.17790918,-0.31146428,-11.46693212,10.94726274,-14.39115461,-14.32502007,32.00604892,164.9178752,-10.44289948,5.38244508,-3.93078569,-13.4222995,-2.55576559,75.28009596,119.64681436,-2.65549318,35.0000001
1760625434.748,9.94952756,-0.8167908,0.60842696,-0.0269102,0.94875997,-0.01279483,80.0,-7.0,0.0,80.0,1.3962634,0.0,0.0,0.0,80.0,-7.0,0.0,80.0,1.3962634,0.0,0.0,0.0,-4.94550994,-0.28033036,-14.25524518,17.34773713,-15.43824774,7.737275,21.14245831,150.66340185,-4.33606431,7.56755525,-4.34304015,-13.37134659,-2.96476383,73.95562201,121.83463987,-4.00958878,35.0000001
1760625434.781,10.54031482,-0.19949163,0.17339991,-0.02433973,0.93286176,-0.00568781,80.0,-7.0,0.0,80.0,1.3962634,0.0,0.0,0.0,80.0,-7.0,0.0,80.0,1.3962634,0.0,0.0,0.0,-4.35232475,-3.23785855,-6.50398478,7.83315903,-15.23888782,-8.92873904,26.12262572,156.82712394,-11.57779971,4.39857952,-5.77053831,-14.83266252,9.35127623,73.04588242,121.42105184,-8.84228929,34.59043521
1760625434.815,9.77652557,0.10480012,2.23528188,-0.01964651,0.92316567,-0.00218167,80.0,-7.0,0.0,80.0,1.3962634,0.0,0.0,0.0,80.0,-7.0,0.0,80.0,1.3962634,0.0,0.0,0.0,-4.95655939,-1.92523324,-4.45605627,0.899322,-11.7652203,-26.20906617,36.87879131,166.36984106,-11.30178102,4.41104635,-1.1342502,-13.94266798,13.19291309,58.44359398,118.84878821,-14.41743373,16.8142023
1760625434.848,9.90509363,0.21612283,2.27472721,-0.01883913,0.92097013,-0.00081363,80.0,-7.0,0.0,80.0,1.3962634,0.0,0.0,0.0,80.0,-7.0,0.0,80.0,1.3962634,0.0,0.0,0.0,-5.01339062,-1.10498589,-2.11497298,-2.31525328,-10.38032572,-32.3510795,45.52935705,165.62201737,-12.82097449,3.71937967,1.12651806,-12.53117409,13.72994873,54.62124929,117.75300151,-19.44627047,6.58509309
1760625434.882,10.61502733,0.26991757,2.119699,-0.02160791,0.92267761,-2.79e-06,80.0,-7.0,0.0,80.0,1.3962634,0.0,0.0,0.0,80.0,-7.0,0.0,80.0,1.3962634,0.0,0.0,0.0,-4.55685217,-0.34055474,0.28277376,-5.89021521,-9.07166047,-38.96974108,58.31054607,167.51603534,-13.82105868,3.28699565,3.11098612,-10.51678799,11.77959766,53.63055991,116.88584257,-24.00043966,-4.262984
1760625434.915,11.65469521,0.17474149,1.32390846,-0.02637267,0.9263682,-0.0004717,80.0,-7.0,0.0,80.0,1.3962634,0.0,0.0,0.0,80.0,-7.0,0.0,80.0,1.3962634,0.0,0.0,0.0,-4.50219225,0.33242779,4.16467836,-10.47412485,-8.63003936,-44.32332432,68.55944264,166.43817257,-14.93155027,2.61558668,5.19815417,-8.87334286,13.54841289,55.43708797,115.22813283,-27.01708667,-8.49550563
1760625434.949,12.85915433,-0.22229084,0.54172941,-0.03282176,0.93253953,-0.00313321,80.0,-7.0,0.0,80.0,1.3962634,0.0,0.0,0.0,80.0,-7.0,0.0,80.0,1.3962634,0.0,0.0,0.0,-3.59134363,0.23977303,6.22016033,-12.11113276,-9.1438732,-47.25512014,74.53141521,163.45382773,-16.81549142,1.74021708,5.44833241,-7.72750841,17.19564123,55.7116197,109.85546574,-33.4590973,-14.62843162
1760625434.982,12.40761264,-0.50654837,-0.15333336,-0.03214791,0.93758039,-0.00691587,80.0,-7.0,0.0,80.0,1.3962634,0.0,0.0,0.0,80.0,-7.0,0.0,80.0,1.3962634,0.0,0.0,0.0,-4.9782097,-0.9067641,-0.55541927,-3.05767874,-11.36181366,-39.74367679,71.51977256,162.75544427,-18.40456148,1.2107065,6.79233055,-9.54132161,11.86787688,72.72103816,115.03655134,-34.732143,1.13291345
1760625435.015,11.7768717,-0.7497132,-0.46138182,-0.03057487,0.94206179,-0.01070401,80.0,-7.0,0.0,80.0,1.3962634,0.0,0.0,0.0,80.0,-7.0,0.0,80.0,1.3962634,0.0,0.0,0.0,-5.72483047,-1.74161849,-3.95866523,1.47463158,-12.71850567,-35.49233967,69.25498952,160.77082981,-20.18285701,0.59337123,7.10669637,-11.55195106,10.16303516,84.23028553,119.45643709,-34.98037043,13.3907691
1760625435.049,11.01125483,-0.6435384,-0.15376732,-0.02772303,0.94418373,-0.0115991,80.0,-7.0,0.0,80.0,1.3962634,0.0,0.0,0.0,80.0,-7.0,0.0,80.0,1.3962634,0.0,0.0,0.0,-5.64213469,-2.31519343,-6.36369498,4.84689859,-13.32839366,-32.5779751,64.13215689,160.50475366,-22.10791367,-0.17234346,5.50594181,-12.56756872,7.91241237,92.79643657,125.22478474,-30.6590515,26.02273717
1760625435.082,10.90907424,-0.41304016,0.61981243,-0.02763922,0.94651243,-0.01150406,80.0,-7.0,0.0,80.0,1.3962634,0.0,0.0,0.0,80.0,-7.0,0.0,80.0,1.3962634,0.0,0.0,0.0,-5.71762316,-2.445814,-6.98247868,5.38952237,-12.3797222,-32.79878551,59.72078955,162.85650089,-22.30732549,-0.30965097,3.71505871,-13.11065325,6.12361165,95.7139781,127.37143077,-24.73750416,32.55736514
1760625435.116,10.07013816,-0.20583959,1.2396539,-0.02455891,0.95012567,-0.01165729,80.0,-7.0,0.0,80.0,1.3962634,0.0,0.0,0.0,80.0,-7.0,0.0,80.0,1.3962634,0.0,0.0,0.0,-4.96814944,-1.79000077,-9.08095542,7.37099515,-12.20854427,-31.46753791,52.358485,166.52137926,-21.66795078,-0.17764934,1.62319728,-12.79759259,3.26304067,92.73089383,127.56468061,-19.89047575,35.0000001
1760625435.149,8.92470756,-0.38142386,1.05789196,-0.0208953,0.95689323,-0.01452528,80.0,-7.0,0.0,80.0,1.3962634,0.0,0.0,0.0,80.0,-7.0,0.0,80.0,1.3962634,0.0,0.0,0.0,-4.05552456,-0.02806401,-12.00760421,11.02609959,-13.1797231,-27.38329078,39.34078224,170.72113019,-18.27177244,1.36015214,-0.52854235,-11.10993889,-0.92105858,80.81777077,126.56842486,-13.2482081,35.0000001
1760625435.183,8.52047389,-0.60032964,0.56938173,-0.02151649,0.96171758,-0.01668141,80.0,-7.0,0.0,80.0,1.3962634,0.0,0.0,0.0,80.0,-7.0,0.0,80.0,1.3962634,0.0,0.0,0.0,-3.99054735,2.42071099,-13.94139783,14.88907698,-13.98470016,-21.82312232,28.57008372,172.89120732,-11.11840821,5.0878201,-0.7310329,-8.8198483,-4.60264558,68.00470711,126.22160236,-4.21573836,35.0000001
1760625435.216,10.60758319,0.02133739,1.17308759,-0.02382612,0.94049743,-0.00753296,80.0,-7.0,0.0,80.0,1.3962634,0.0,0.0,0.0,80.0,-7.0,0.0,80.0,1.3962634,0.0,0.0,0.0,-5.60088659,-1.99194351,-12.24991704,16.55648592,-15.72144479,1.89120833,17.56372296,149.65658312,-4.74577644,7.11744995,-3.04514443,-11.5771062,-0.60428301,71.7953048,127.04426098,-11.85745876,35.0000001
1760625435.25,11.3154583,0.44469287,2.06326614,-0.02498512,0.93173956,-0.0019779,80.0,-7.0,0.0,80.0,1.3962634,0.0,0.0,0.0,80.0,-7.0,0.0,80.0,1.3962634,0.0,0.0,0.0,-5.9656233,-3.01329695,-6.60248506,10.36876765,-13.67762194,-21.53034216,18.3124937,161.89220003,-16.15913296,2.13772327,-3.60610839,-11.93918942,7.7987041,64.52500195,125.26300646,-14.47642076,29.64419985
1760625435.283,11.17147036,0.55713912,2.2850077,-0.02320487,0.92552728,0.00093751,80.0,-7.0,0.0,80.0,1.3962634,0.0,0.0,0.0,80.0,-7.0,0.0,80.0,1.3962634,0.0,0.0,0.0,-6.50310146,-1.82743276,-3.76993756,5.11235215,-10.07019721,-37.20499559,29.16915535,176.94599273,-9.92538116,4.48454053,-0.67808804,-11.61003918,8.49706173,56.72060332,122.26429556,-14.94630399,19.1448231
1760625435.317,11.28707563,0.36407867,2.82946338,-0.02307517,0.92441743,8.489e-05,80.0,-7.0,0.0,80.0,1.3962634,0.0,0.0,0.0,80.0,-7.0,0.0,80.0,1.3962634,0.0,0.0,0.0,-6.92156901,-0.72478695,-2.27656067,1.35454961,-8.93001739,-39.97698186,37.12323616,174.98342271,-9.51900653,4.33723847,1.38376136,-11.09329811,10.14083086,55.12829715,121.2611762,-18.06167967,12.60167182
1760625435.35,11.83117801,0.14128591,2.90774386,-0.02490143,0.92739387,-0.0001482,80.0,-7.0,0.0,80.0,1.3962634,0.0,0.0,0.0,80.0,-7.0,0.0,80.0,1.3962634,0.0,0.0,0.0,-6.85343402,0.09973063,-1.22540829,-2.52814448,-8.31688724,-42.05568646,48.35715695,173.1118658,-9.51568768,4.37332082,3.02035192,-9.840034,10.25244434,56.17732071,121.49159201,-22.14223665,6.93083335
1760625435.417,11.94440656,-0.38290326,1.28468325,-0.02620856,0.93423904,-0.00268677,80.0,-7.0,0.0,80.0,1.3962634,0.0,0.0,0.0,80.0,-7.0,0.0,80.0,1.3962634,0.0,0.0,0.0,-3.46084801,0.82643818,6.49875286,-13.75755204,-9.70560898,-49.12337415,66.29391991,165.88586069,-9.19919452,4.16812166,5.31160734,-8.45787594,17.46427564,59.96809024,117.36679782,-27.54899596,2.59034502
1760625435.45,11.9589412,-1.00725962,0.31694976,-0.02751321,0.93994069,-0.00583798,80.0,-7.0,0.0,80.0,1.3962634,0.0,0.0,0.0,80.0,-7.0,0.0,80.0,1.3962634,0.0,0.0,0.0,-2.32821718,0.80260854,4.83548854,-12.90119243,-11.17718506,-48.06120547,71.54493307,162.96762628,-9.23532558,4.12855767,5.81245765,-9.22218207,14.12151284,67.64578562,118.15729161,-27.85928163,5.31193358
1760625435.484,11.98874255,-1.25176681,0.20145858,-0.02836734,0.94504321,-0.01030309,80.0,-7.0,0.0,80.0,1.3962634,0.0,0.0,0.0,80.0,-7.0,0.0,80.0,1.3962634,0.0,0.0,0.0,-2.81509693,0.54541347,1.97920499,-8.43851155,-12.7286321,-45.68343701,72.66958628,162.49230033,-8.97185784,4.19111214,7.1873729,-10.58318581,10.83423395,80.30822835,122.09107568,-24.97702895,15.87573159
1760625435.517,12.36876756,-1.43464271,0.10648752,-0.02945433,0.94758649,-0.01322746,80.0,-7.0,0.0,80.0,1.3962634,0.0,0.0,0.0,80.0,-7.0,0.0,80.0,1.3962634,0.0,0.0,0.0,-3.50436161,-0.01124301,1.01871634,-6.6140207,-13.3462391,-44.88660951,74.69234662,161.3693822,-8.79287787,4.25043922,8.33097603,-11.95283595,8.95513622,84.35514205,123.20262212,-23.11099547,18.44208275
1760625435.551,12.56268596,-1.28445565,0.7315837,-0.02977206,0.94845851,-0.01275056,80.0,-7.0,0.0,80.0,1.3962634,0.0,0.0,0.0,80.0,-7.0,0.0,80.0,1.3962634,0.0,0.0,0.0,-4.85777199,-0.4568705,-1.00419816,-3.76332435,-13.32178211,-43.51457848,76.7107648,160.79432223,-8.37078361,4.43177221,9.5670731,-13.44932711,6.49622811,87.53701537,123.24112961,-20.54266346,20.04408342
1760625435.584,12.34065173,-0.99313304,0.99588999,-0.02828674,0.94821775,-0.01231634,80.0,-7.0,0.0,80.0,1.3962634,0.0,0.0,0.0,80.0,-7.0,0.0,80.0,1.3962634,0.0,0.0,0.0,-5.47154224,-1.57214156,-2.56973893,-1.52391122,-13.11384476,-41.70628522,76.91622744,160.41894493,-7.89773542,4.61503868,9.77933576,-15.22441006,5.44876208,89.3255107,123.13014917,-19.69372959,21.1940632
1760625435.618,12.35987831,-0.80465655,1.27617194,-0.02836784,0.94759316,-0.01138369,80.0,-7.0,0.0,80.0,1.3962634,0.0,0.0,0.0,80.0,-7.0,0.0,80.0,1.3962634,0.0,0.0,0.0,-6.271756,-2.32329673,-4.65509916,0.64663548,-12.59783511,-39.47642012,76.64153841,160.95817378,-7.56305239,4.70480533,9.32836612,-16.69527999,3.97978776,89.96921356,123.13100716,-19.46351179,21.54520671
1760625435.651,12.34527314,-0.61393133,1.57782019,-0.02890067,0.94769233,-0.01063654,80.0,-7.0,0.0,80.0,1.3962634,0.0,0.0,0.0,80.0,-7.0,0.0,80.0,1.3962634,0.0,0.0,0.0,-6.80645123,-2.67809817,-6.77454772,2.28598793,-11.76904948,-37.10872805,76.04703105,161.74546675,-7.04340465,4.80573498,7.99118483,-17.60570975,2.13093021,91.44410281,123.25993587,-18.51181865,22.89785801
1760625435.684,12.82486999,-0.54992516,1.53931676,-0.03313282,0.94819625,-0.01116043,80.0,-7.0,0.0,80.0,1.3962634,0.0,0.0,0.0,80.0,-7.0,0.0,80.0,1.3962634,0.0,0.0,0.0,-7.7435388,-2.76051843,-7.69522549,4.10511109,-10.83434397,-35.75065605,74.6051783,162.77847684,-6.72942281,4.84247586,7.08362992,-17.90524264,1.00750054,92.79475124,123.14998171,-17.603326,24.31506717
1760625435.718,12.26095271,-0.41042941,1.71061677,-0.03143892,0.94756741,-0.01117149,80.0,-7.0,0.0,80.0,1.3962634,0.0,0.0,0.0,80.0,-7.0,0.0,80.0,1.3962634,0.0,0.0,0.0,-6.7275207,-2.86719221,-8.26873253,4.58306032,-9.53572224,-35.36563023,73.47121812,164.46823954,-6.52967356,4.77554343,5.43646563,-17.89991263,0.05836702,93.07326814,122.79624337,-16.81668492,24.56394194
1760625435.751,12.23281797,-0.37808776,1.77133535,-0.03150306,0.94836441,-0.0110839,80.0,-7.0,0.0,80.0,1.3962634,0.0,0.0,0.0,80.0,-7.0,0.0,80.0,1.3962634,0.0,0.0,0.0,-6.74921643,-2.55730516,-8.64790763,4.69402495,-8.74442403,-35.03736262,72.61610704,165.3303928,-6.3246861,4.6851747,4.11207516,-17.54182316,-1.20346254,93.53524486,123.05728499,-15.42468799,25.15842006
1760625435.785,12.61577725,-0.27364232,1.97902253,-0.03396627,0.95020513,-0.01172317,80.0,-7.0,0.0,80.0,1.3962634,0.0,0.0,0.0,80.0,-7.0,0.0,80.0,1.3962634,0.0,0.0,0.0,-6.89657788,-2.31376316,-8.25437114,4.54387473,-8.34148447,-35.67237834,71.82662924,165.94688728,-6.20084784,4.72808313,3.1640517,-16.99926979,-0.88696091,93.32995306,123.26990106,-14.91614886,25.30486296
1760625435.818,12.33647592,-0.26628299,2.07463821,-0.03233839,0.95004094,-0.01260603,80.0,-7.0,0.0,80.0,1.3962634,0.0,0.0,0.0,80.0,-7.0,0.0,80.0,1.3962634,0.0,0.0,0.0,-6.33871204,-1.96827306,-7.4483852,4.02187999,-7.93192135,-36.72311803,71.51946857,166.66144142,-5.96372971,4.76498554,2.32645541,-16.42502334,-0.02243478,93.2981447,123.21722467,-14.83518451,25.43480029
1760625435.852,12.25482749,-0.33609946,2.22624636,-0.03232947,0.94938358,-0.01379984,80.0,-7.0,0.0,80.0,1.3962634,0.0,0.0,0.0,80.0,-7.0,0.0,80.0,1.3962634,0.0,0.0,0.0,-5.14187093,-1.59374497,-6.21297686,3.62528589,-6.95259866,-38.51954489,70.57562121,168.51491032,-5.58121533,4.79196659,0.71985758,-15.83825021,1.45989713,94.02672449,123.21119177,-14.82101123,26.00739376
1760625435.885,12.02098156,-0.38392206,2.11131686,-0.03210225,0.94851307,-0.01442413,80.0,-7.0,0.0,80.0,1.3962634,0.0,0.0,0.0,80.0,-7.0,0.0,80.0,1.3962634,0.0,0.0,0.0,-4.51993268,-1.2564263,-5.31901258,3.58012746,-6.6203138,-39.62819387,70.118904,169.36412235,-5.4757152,4.72393748,0.15191962,-15.47554227,2.47987632,94.38301248,123.17795134,-14.8889704,26.35356548
1760625435.919,11.31595396,-0.37741538,2.2100249,-0.02866682,0.94673905,-0.01502586,80.0,-7.0,0.0,80.0,1.3962634,0.0,0.0,0.0,80.0,-7.0,0.0,80.0,1.3962634,0.0,0.0,0.0,-3.23979059,-1.15503634,-4.91970118,2.81917445,-6.02910367,-40.64905176,70.32633817,170.12938452,-5.43484015,4.68483165,-0.6565655,-15.24790021,3.41178271,95.12326809,123.21217368,-14.81013708,27.26136229
1760625435.952,10.71988748,-0.41703353,2.34297836,-0.02548887,0.94596669,-0.01532627,80.0,-7.0,0.0,80.0,1.3962634,0.0,0.0,0.0,80.0,-7.0,0.0,80.0,1.3962634,0.0,0.0,0.0,-2.24899863,-0.98402571,-4.8998043,2.57112662,-5.25273128,-41.31347889,70.55307966,171.09088794,-5.31669529,4.71591126,-1.11276603,-15.02016873,3.72910767,95.28881455,123.47404528,-14.67122532,27.62945775
1760625435.986,10.58373476,-0.57209801,2.43689642,-0.02418487,0.94520268,-0.01526623,80.0,-7.0,0.0,80.0,1.3962634,0.0,0.0,0.0,80.0,-7.0,0.0,80.0,1.3962634,0.0,0.0,0.0,-2.07092241,-0.7715865,-4.84927196,2.93383227,-3.59145212,-42.21112197,70.96437142,172.85969707,-5.21511598,4.78113092,-1.13760914,-14.90966793,3.96815705,95.5360326,123.76019736,-14.45335054,28.04384718
1760625436.019,10.9905338,-0.63572263,2.32949341,-0.02539264,0.94536258,-0.01565132,80.0,-7.0,0.0,80.0,1.3962634,0.0,0.0,0.0,80.0,-7.0,0.0,80.0,1.3962634,0.0,0.0,0.0,-2.6123999,-0.5340709,-5.07722317,3.74819181,-3.16926466,-42.26640162,70.69498513,173.76768921,-5.2338202,4.76721466,-1.12526217,-14.65978897,3.77834513,95.5140544,123.89104826,-14.47257431,28.07026751
1760625436.052,11.39927796,-0.73978887,2.22324942,-0.02655932,0.94542901,-0.015805,80.0,-7.0,0.0,80.0,1.3962634,0.0,0.0,0.0,80.0,-7.0,0.0,80.0,1.3962634,0.0,0.0,0.0,-3.25689926,-0.3278538,-5.4470875,4.80467064,-3.01171517,-41.98338206,70.17557016,174.45089061,-5.22590742,4.76748611,-1.04346113,-14.47517507,3.45845137,95.53372104,123.98585391,-14.64455841,28.00068226
1760625436.086,11.60116918,-0.87041524,2.25216017,-0.02733672,0.946321,-0.01595811,80.0,-7.0,0.0,80.0,1.3962634,0.0,0.0,0.0,80.0,-7.0,0.0,80.0,1.3962634,0.0,0.0,0.0,-3.74751019,-0.07963925,-5.57897754,5.43464456,-2.6254763,-42.11440577,70.13422825,175.1344107,-5.27313693,4.7429629,-0.80013592,-14.25743398,3.5411746,95.41119807,124.05835813,-14.88455566,27.77115299
1760625436.119,11.84349335,-0.94132858,2.22021237,-0.02767348,0.94686413,-0.0156753,80.0,-7.0,0.0,80.0,1.3962634,0.0,0.0,0.0,80.0,-7.0,0.0,80.0,1.3962634,0.0,0.0,0.0,-4.29251267,0.00302951,-6.06510447,6.018206,-2.08853268,-41.85897067,70.09925819,175.74093394,-5.2657835,4.76327382,-0.68994217,-14.04081616,3.2129179,95.57169232,124.00758062,-15.0380595,27.84556616
1760625436.153,12.4784097,-0.92312726,1.87992969,-0.03161613,0.94731459,-0.01447008,80.0,-7.0,0.0,80.0,1.3962634,0.0,0.0,0.0,80.0,-7.0,0.0,80.0,1.3962634,0.0,0.0,0.0,-5.41743623,-0.08293135,-6.54064796,6.63961858,-1.27117143,-41.35130958,70.23242774,176.35455357,-5.21792092,4.79630421,-0.498159,-13.95306454,2.32696821,95.76875433,124.15765831,-15.02293554,27.95319422
1760625436.186,11.83535093,-0.94924511,1.92634197,-0.02919411,0.94562812,-0.01420074,80.0,-7.0,0.0,80.0,1.3962634,0.0,0.0,0.0,80.0,-7.0,0.0,80.0,1.3962634,0.0,0.0,0.0,-5.02341222,-0.15784308,-7.20100724,6.74303369,-1.12046785,-40.81246611,70.32121778,176.27494497,-5.21581332,4.80780074,-0.52003205,-13.87886746,1.51203081,96.19540515,124.28350795,-14.83040328,28.22026976
1760625436.22,11.57424462,-0.98782775,1.8518019,-0.02736968,0.94492989,-0.01355768,80.0,-7.0,0.0,80.0,1.3962634,0.0,0.0,0.0,80.0,-7.0,0.0,80.0,1.3962634,0.0,0.0,0.0,-5.02142686,-0.18245903,-7.50029168,6.65832856,-0.89318423,-40.49006934,70.65346357,176.1955211,-5.19243298,4.81656387,-0.49684318,-13.79645937,0.89800084,96.37374369,124.20427258,-14.69830178,28.23502191
1760625436.253,11.35155724,-1.0279724,1.81273436,-0.0264171,0.94448366,-0.01324495,80.0,-7.0,0.0,80.0,1.3962634,0.0,0.0,0.0,80.0,-7.0,0.0,80.0,1.3962634,0.0,0.0,0.0,-4.96478587,-0.18190868,-7.8622881,6.59997542,-0.68624941,-40.07573939,70.88743952,176.13265315,-5.15431476,4.81915632,-0.54152644,-13.77980072,0.4187255,96.56657942,124.22390277,-14.58314429,28.35395573
1760625436.287,11.09407372,-1.02532483,2.05865491,-0.02625122,0.94403346,-0.01355208,80.0,-7.0,0.0,80.0,1.3962634,0.0,0.0,0.0,80.0,-7.0,0.0,80.0,1.3962634,0.0,0.0,0.0,-4.82622741,-0.23642749,-8.85325874,6.95922576,-0.7590245,-39.23439778,70.57630634,176.01551133,-5.12470172,4.82715872,-0.72349179,-13.85519144,-0.312797,96.75571646,124.17290324,-14.53060623,28.47405674
1760625436.32,11.30003324,-1.07850446,1.89233215,-0.02783977,0.9446791,-0.01300053,80.0,-7.0,0.0,80.0,1.3962634,0.0,0.0,0.0,80.0,-7.0,0.0,80.0,1.3962634,0.0,0.0,0.0,-5.19624493,-0.12330561,-8.99094677,7.05855676,-0.76333845,-38.8408609,70.70009775,176.06639524,-5.11339627,4.81582634,-0.78700689,-13.89008448,-0.47977789,96.8366276,124.15248982,-14.54883266,28.46527801
1760625436.353,11.79789429,-1.10065428,1.83312836,-0.03032813,0.94598539,-0.01333743,80.0,-7.0,0.0,80.0,1.3962634,0.0,0.0,0.0,80.0,-7.0,0.0,80.0,1.3962634,0.0,0.0,0.0,-5.78080197,-0.03321318,-8.85612821,7.39082121,-1.00269719,-38.82561438,70.44751582,176.04741078,-5.02263535,4.81432664,-0.75569309,-13.92231596,-0.29678459,96.75907455,124.02777943,-14.53587159,28.35580132
1760625436.387,11.84637494,-1.18501942,1.81767373,-0.02927204,0.94678297,-0.01365458,80.0,-7.0,0.0,80.0,1.3962634,0.0,0.0,0.0,80.0,-7.0,0.0,80.0,1.3962634,0.0,0.0,0.0,-5.72999884,-0.03475164,-8.86258166,7.27980665,-0.98637586,-38.80781947,70.45111808,176.05694918,-4.97165489,4.79677699,-0.90541396,-14.0581355,-0.16612293,96.74895497,123.98661544,-14.53694115,28.33475664
1760625436.42,11.66796877,-1.25721495,1.94342083,-0.02841004,0.94694553,-0.01427401,80.0,-7.0,0.0,80.0,1.3962634,0.0,0.0,0.0,80.0,-7.0,0.0,80.0,1.3962634,0.0,0.0,0.0,-5.39431605,0.04101547,-8.6366455,6.941999,-1.14789344,-39.28931066,70.56544323,176.02860183,-5.10568039,4.71656018,-0.973672,-14.01993835,0.4529002,96.67454697,124.16090034,-14.73008869,28.34497928
1760625436.454,11.76361603,-1.25908229,2.00681949,-0.02770462,0.94720807,-0.01451526,80.0,-7.0,0.0,80.0,1.3962634,0.0,0.0,0.0,80.0,-7.0,0.0,80.0,1.3962634,0.0,0.0,0.0,-5.32843628,-0.00788657,-8.5748084,6.89067476,-1.24191119,-39.62343971,70.32641586,176.02476188,-5.17808973,4.66079285,-1.12660129,-13.92990202,0.67420675,96.66731433,124.32570127,-14.90647819,28.42393597
1760625436.487,11.74605169,-1.24048581,2.17282684,-0.02792366,0.94700223,-0.01492095,80.0,-7.0,0.0,80.0,1.3962634,0.0,0.0,0.0,80.0,-7.0,0.0,80.0,1.3962634,0.0,0.0,0.0,-5.22044593,-0.05729629,-8.26857061,6.9238375,-1.19368187,-40.4914597,70.01393668,176.0883019,-5.31256691,4.57198934,-1.17502076,-13.76571272,1.11814463,96.77146453,124.42731649,-15.16134326,28.64836019
1760625436.521,12.74638593,-1.1958777,1.67395334,-0.03334049,0.94850908,-0.01403296,80.0,-7.0,0.0,80.0,1.3962634,0.0,0.0,0.0,80.0,-7.0,0.0,80.0,1.3962634,0.0,0.0,0.0,-6.5303946,-0.11392079,-7.51384055,7.16855382,-0.62129738,-41.7789533,69.90753466,176.62009952,-5.48980389,4.42623955,-1.0511006,-13.40571912,1.05995484,97.04399307,124.57788508,-15.57415964,29.42794751
1760625436.554,13.4749346,-1.05660341,1.27553266,-0.03812203,0.95068277,-0.0130475,80.0,-7.0,0.0,80.0,1.3962634,0.0,0.0,0.0,80.0,-7.0,0.0,80.0,1.3962634,0.0,0.0,0.0,-7.53400811,-0.36634242,-6.98259588,6.56441049,-0.56321305,-42.68203337,70.19953414,176.18368479,-5.54364768,4.35144972,-1.08907428,-13.15576438,0.74560476,97.31298257,124.26823617,-15.89295573,30.25746612
1760625436.588,12.95880809,-0.99595922,1.20144345,-0.03670977,0.95016148,-0.01245667,80.0,-7.0,0.0,80.0,1.3962634,0.0,0.0,0.0,80.0,-7.0,0.0,80.0,1.3962634,0.0,0.0,0.0,-7.13755771,-0.51774951,-7.04920583,5.67399474,-0.32627949,-43.62711377,70.40812854,175.522724,-5.71118701,4.20127699,-1.49295066,-12.76740917,-0.19407972,97.92291824,123.08822044,-16.13686288,31.25995922
1760625436.621,12.20133118,-0.94486504,1.24294552,-0.03322538,0.94916229,-0.01232483,80.0,-7.0,0.0,80.0,1.3962634,0.0,0.0,0.0,80.0,-7.0,0.0,80.0,1.3962634,0.0,0.0,0.0,-6.53271484,-0.61873325,-7.28113798,5.22371341,-0.88232198,-45.081619,69.50252642,174.22589052,-5.42149191,4.37248179,-2.09773406,-12.2296451,-2.02668044,98.47856454,119.91777458,-16.65837973,31.81657959
1760625436.655,11.07812514,-0.87241759,1.6551457,-0.02889638,0.94822727,-0.01207756,80.0,-7.0,0.0,80.0,1.3962634,0.0,0.0,0.0,80.0,-7.0,0.0,80.0,1.3962634,0.0,0.0,0.0,-5.21131699,-0.57321367,-8.32372372,5.25854316,-0.68833183,-46.3545063,68.50763697,174.45276332,-5.22295297,4.57160144,-2.97336317,-11.69313875,-3.76757526,98.78683063,117.9119261,-17.39724889,32.07092519
1760625436.688,11.5294048,-0.80023052,1.25249556,-0.0312225,0.95009228,-0.01097787,80.0,-7.0,0.0,80.0,1.3962634,0.0,0.0,0.0,80.0,-7.0,0.0,80.0,1.3962634,0.0,0.0,0.0,-5.64833757,-0.75772561,-9.61814185,6.84691748,-1.03012129,-46.80775597,65.78238991,174.9894527,-5.27217734,4.62693127,-3.97698419,-11.30056491,-6.43351139,98.96884027,116.19255454,-18.45264268,32.24703683
1760625436.721,12.49369652,-0.70637166,0.7651371,-0.03674849,0.95250336,-0.0097665,80.0,-7.0,0.0,80.0,1.3962634,0.0,0.0,0.0,80.0,-7.0,0.0,80.0,1.3962634,0.0,0.0,0.0,-7.2569402,-0.56875298,-10.97744642,8.57691881,-0.82795077,-48.37333339,63.40206534,176.18478268,-5.42759951,4.61456438,-4.50313205,-10.60398139,-9.7849684,98.77176601,112.85961816,-19.97096807,31.99150439
1760625436.755,12.79453568,-0.68693053,0.61828952,-0.03912349,0.95221167,-0.00975814,80.0,-7.0,0.0,80.0,1.3962634,0.0,0.0,0.0,80.0,-7.0,0.0,80.0,1.3962634,0.0,0.0,0.0,-8.03059112,-0.30885827,-11.81210194,9.42787885,-1.48293272,-49.68228945,61.09754791,175.41739555,-5.86543865,4.43790724,-4.72615335,-10.15162451,-12.0323419,98.55048062,109.33572974,-21.26839934,31.93750543
1760625436.788,12.19388993,-0.67255563,0.51606473,-0.03585368,0.95042051,-0.0098954,80.0,-7.0,0.0,80.0,1.3962634,0.0,0.0,0.0,80.0,-7.0,0.0,80.0,1.3962634,0.0,0.0,0.0,-7.69372295,-0.49703212,-12.27543179,9.65872024,-2.45170683,-51.13187286,58.15714813,173.10249501,-6.44620404,4.24001954,-5.07059476,-10.05631196,-13.74167984,97.86114449,104.88983929,-22.98403814,31.97383426
1760625436.822,10.82024571,-0.73471223,0.75435245,-0.02900233,0.94683575,-0.01030928,80.0,-7.0,0.0,80.0,1.3962634,0.0,0.0,0.0,80.0,-7.0,0.0,80.0,1.3962634,0.0,0.0,0.0,-6.26652931,-0.48242905,-12.40298608,10.23730311,-3.44521821,-54.79174712,53.56330179,170.70541103,-6.97138499,4.1562819,-5.50005249,-9.57450736,-14.62029587,97.50965937,98.48847057,-26.4269483,33.64123642
1760625436.855,10.22790082,-0.72574959,0.94240764,-0.0253109,0.94422679,-0.01012282,80.0,-7.0,0.0,80.0,1.3962634,0.0,0.0,0.0,80.0,-7.0,0.0,80.0,1.3962634,0.0,0.0,0.0,-5.35620959,-0.83071595,-12.62144172,10.0559014,-4.40528936,-57.25670293,49.73315898,167.87146369,-7.33871219,4.02381182,-6.02214652,-9.36116611,-15.21139164,95.12979861,93.84810031,-29.52770323,33.02225727
1760625436.889,9.92309211,-0.98587893,1.04506736,-0.02379761,0.94231168,-0.01127154,80.0,-7.0,0.0,80.0,1.3962634,0.0,0.0,0.0,80.0,-7.0,0.0,80.0,1.3962634,0.0,0.0,0.0,-5.28456387,-0.89437653,-12.73271678,10.3419396,-7.64586042,-58.75830388,42.8027934,160.64467581,-7.97542446,3.62276118,-5.73607614,-9.20463069,-15.86752535,94.42804561,89.68721959,-34.64786518,34.82428487
1760625436.922,9.69954573,-1.43821051,1.28976901,-0.02128876,0.93896974,-0.01313652,80.0,-7.0,0.0,80.0,1.3962634,0.0,0.0,0.0,80.0,-7.0,0.0,80.0,1.3962634,0.0,0.0,0.0,-6.08106439,-1.12452641,-11.43364071,8.87017359,-11.9022461,-56.81018747,37.57587004,148.95948153,-7.87784447,3.69271478,-4.44336771,-9.76910875,-14.61810714,91.9466449,84.90175054,-38.66340314,33.87434144
1760625436.955,9.57865237,-1.51610277,1.37601665,-0.0184145,0.93468361,-0.01345999,80.0,-7.0,0.0,80.0,1.3962634,0.0,0.0,0.0,80.0,-7.0,0.0,80.0,1.3962634,0.0,0.0,0.0,-7.28396494,-1.56755186,-11.28109472,7.90758707,-15.11539778,-52.21617676,33.01781502,135.73882792,-7.82788431,3.84702855,-3.01790489,-10.2504926,-14.67671321,87.32008417,76.84339235,-41.71934326,29.24960414
1760625436.989,9.52243882,-1.83110267,1.48172049,-0.01611776,0.93020367,-0.01444785,80.0,-7.0,0.0,80.0,1.3962634,0.0,0.0,0.0,80.0,-7.0,0.0,80.0,1.3962634,0.0,0.0,0.0,-8.41954558,-2.32500149,-10.44684615,8.37418548,-16.9354712,-48.79424131,26.55078081,121.90211791,-8.26603938,4.08288294,-1.43436501,-11.31974939,-14.26633224,79.77066387,64.66198969,-43.90108451,21.34361574
1760625437.022,10.06861451,-2.38699063,0.99875793,-0.01616945,0.9270913,-0.01702866,80.0,-7.0,0.0,80.0,1.3962634,0.0,0.0,0.0,80.0,-7.0,0.0,80.0,1.3962634,0.0,0.0,0.0,-10.05347342,-2.58790878,-7.98947738,9.15357822,-19.44130383,-43.00538594,21.16281897,107.23232886,-8.42661052,4.2537707,0.33833265,-12.11958356,-12.27368132,73.08173278,56.17096713,-43.71926941,15.30355012
1760625437.056,10.48246035,-2.98023539,1.05049809,-0.01708951,0.92528328,-0.02089031,80.0,-7.0,0.0,80.0,1.3962634,0.0,0.0,0.0,80.0,-7.0,0.0,80.0,1.3962634,0.0,0.0,0.0,-9.44019282,-2.26776117,-3.84348474,7.13925484,-21.65682842,-37.60971914,17.00326144,90.59262444,-8.38680029,4.28965697,0.41557502,-12.21770767,-8.12528691,64.77726819,47.14687611,-40.79087496,8.51029652
1760625437.089,10.52904336,-3.41629501,0.95382792,-0.0171673,0.92211678,-0.02362216,80.0,-7.0,0.0,80.0,1.3962634,0.0,0.0,0.0,80.0,-7.0,0.0,80.0,1.3962634,0.0,0.0,0.0,-9.37759479,-1.71146458,-1.71639261,7.35109846,-24.79886583,-13.81043817,12.67412727,55.98332952,-8.28474471,4.47024039,0.99607607,-12.08699314,-6.03952908,59.23236821,38.34963842,-40.0094895,4.87460867
1760625437.123,10.86641445,-3.62084831,0.90865361,-0.01841485,0.92041516,-0.02510759,80.0,-7.0,0.0,80.0,1.3962634,0.0,0.0,0.0,80.0,-7.0,0.0,80.0,1.3962634,0.0,0.0,0.0,-9.03332941,-1.28654397,-1.93302924,12.77070975,-25.53168042,31.41283834,7.58622166,6.91755717,-7.81001628,4.48579949,0.29083796,-11.79739329,-6.45355561,56.0476431,32.2457019,-39.23130642,2.87958174
1760625437.156,11.54878561,-3.739581,0.91008693,-0.02179245,0.92143279,-0.02554207,80.0,-7.0,0.0,80.0,1.3962634,0.0,0.0,0.0,80.0,-7.0,0.0,80.0,1.3962634,0.0,0.0,0.0,-10.23698941,-0.83329204,-0.01113803,10.36173356,-25.06565472,27.69229511,8.64854344,1.57206347,-7.21656474,4.80072225,1.22654603,-11.42198519,-4.56548732,53.89236109,26.75035862,-38.91535691,1.59317116
1760625437.19,11.97805263,-3.50872386,1.10339268,-0.02420871,0.92205869,-0.0250469,80.0,-7.0,0.0,80.0,1.3962634,0.0,0.0,0.0,80.0,-7.0,0.0,80.0,1.3962634,0.0,0.0,0.0,-11.84304064,-0.80066282,1.32846235,7.59019655,-23.64115317,19.03186433,10.23729974,0.0,-6.48444287,5.29679277,2.80616795,-10.86446765,-2.83406094,51.22568133,19.53449347,-38.21898776,0.04768549
1760625437.223,12.23264522,-3.18164953,0.87388404,-0.02525485,0.92252102,-0.02348475,80.0,-7.0,0.0,80.0,1.3962634,0.0,0.0,0.0,80.0,-7.0,0.0,80.0,1.3962634,0.0,0.0,0.0,-13.01128498,-0.91157049,2.1239427,6.86457738,-21.73535189,13.43409759,10.0457751,0.0,-5.69963759,5.66222695,4.01405203,-10.27277306,-1.87508244,51.45230836,13.93990664,-39.53418091,-1.11920542
1760625437.257,12.13187556,-3.00310072,1.11754534,-0.02509697,0.92282977,-0.02319536,80.0,-7.0,0.0,80.0,1.3962634,0.0,0.0,0.0,80.0,-7.0,0.0,80.0,1.3962634,0.0,0.0,0.0,-12.86432427,-0.76010702,3.00997945,5.4665322,-19.68395824,8.32163338,9.33430069,0.0,-4.76260857,6.04125939,4.35974521,-9.60881317,-0.11652882,46.74688286,8.85338578,-35.7076606,-2.32085148
1760625437.29,12.00403091,-2.79376702,1.31901048,-0.02505356,0.92305369,-0.02351619,80.0,-7.0,0.0,80.0,1.3962634,0.0,0.0,0.0,80.0,-7.0,0.0,80.0,1.3962634,0.0,0.0,0.0,-12.8128254,-0.49929894,3.29194465,4.91784501,-16.88159072,3.17968905,7.74138509,0.0,-3.71194988,7.1221231,4.66786024,-8.67704533,1.37579302,43.64432995,3.41630905,-34.03096222,-3.33028742
1760625437.324,11.91935172,-2.68466265,1.37573232,-0.02498661,0.92293164,-0.02287196,80.0,-7.0,0.0,80.0,1.3962634,0.0,0.0,0.0,80.0,-7.0,0.0,80.0,1.3962634,0.0,0.0,0.0,-12.78083701,-0.33736414,3.25396716,5.18243337,-14.78942515,0.22612307,6.13758277,0.0,-3.26130153,7.94903267,4.70663408,-8.02147558,2.04211447,42.03760908,0.0,-33.54818468,-4.16286857
1760625437.357,11.79900005,-2.55345452,1.22230218,-0.02480942,0.9241639,-0.02213124,80.0,-7.0,0.0,80.0,1.3962634,0.0,0.0,0.0,80.0,-7.0,0.0,80.0,1.3962634,0.0,0.0,0.0,-13.95612654,-0.12461519,2.19477172,6.4265748,-13.14769242,-1.2846945,5.3151194,0.0,-2.87619229,8.54710514,5.7570228,-7.11609216,0.53102852,36.28753876,0.0,-28.91929094,-2.72361943
1760625437.391,11.61238241,-2.35850851,1.27559554,-0.02424811,0.92438812,-0.02157,80.0,-7.0,0.0,80.0,1.3962634,0.0,0.0,0.0,80.0,-7.0,0.0,80.0,1.3962634,0.0,0.0,0.0,-14.70945824,0.073348,0.93032094,7.76482411,-11.12340571,-2.65608186,3.92692025,0.0,-2.20097069,9.0074747,6.30548068,-6.32280619,-1.18339665,32.53305868,0.0,-26.67473558,-1.32766764
1760625437.424,11.98788774,-2.18948637,1.2849796,-0.02658938,0.92400686,-0.02019823,80.0,-7.0,0.0,80.0,1.3962634,0.0,0.0,0.0,80.0,-7.0,0.0,80.0,1.3962634,0.0,0.0,0.0,-15.62639158,-0.00301935,0.56317291,8.5388452,-9.66298913,-3.49794005,3.04400991,0.0,-1.71268961,9.20320847,6.43663017,-6.01132594,-1.80960949,32.05766647,0.0,-27.3136874,-0.4582649
1760625437.457,12.7930357,-2.12190807,1.2220513,-0.03047961,0.92406808,-0.0192922,80.0,-7.0,0.0,80.0,1.3962634,0.0,0.0,0.0,80.0,-7.0,0.0,80.0,1.3962634,0.0,0.0,0.0,-16.8616477,0.02154376,0.5348391,9.08715319,-8.41629314,-4.20148341,2.33166475,0.0,-1.14966726,9.33822894,6.53754783,-5.80535953,-2.19363492,32.21388199,0.0,-28.33858584,0.65696021
1760625437.491,13.14744996,-2.20708821,1.24123209,-0.03253642,0.92411274,-0.01897853,80.0,-7.0,0.0,80.0,1.3962634,0.0,0.0,0.0,80.0,-7.0,0.0,80.0,1.3962634,0.0,0.0,0.0,-17.35044775,0.03045118,0.14269851,10.48273889,-7.86579672,-31.6501641,0.0,26.76323487,-0.60917051,9.21526532,6.58006695,-5.79974442,-2.69149626,31.80655289,0.0,-29.09650406,1.88096128
1760625437.524,13.00902139,-2.13185401,1.11552069,-0.0332156,0.92416535,-0.01818185,80.0,-7.0,0.0,80.0,1.3962634,0.0,0.0,0.0,80.0,-7.0,0.0,80.0,1.3962634,0.0,0.0,0.0,-17.38979282,0.04232433,0.01866054,10.32698073,-6.96147149,-31.75704388,0.0,26.65316066,-0.6887716,9.06829822,6.74628474,-5.58742478,-2.73795594,31.09316834,0.0,-29.38748718,2.34358422
1760625437.558,13.25200184,-2.05203536,1.21118068,-0.03620933,0.92411621,-0.01704031,80.0,-7.0,0.0,80.0,1.3962634,0.0,0.0,0.0,80.0,-7.0,0.0,80.0,1.3962634,0.0,0.0,0.0,-17.59514965,0.06413441,0.21772857,9.85428211,-6.28339041,-31.89736344,0.0,26.49395981,-0.49473468,8.98684835,6.76189219,-5.42726746,-1.95331293,29.17189378,0.0,-28.38882124,2.93731356
1760625437.591,13.29479539,-2.06984747,1.16567416,-0.03776232,0.92393465,-0.01593868,80.0,-7.0,0.0,80.0,1.3962634,0.0,0.0,0.0,80.0,-7.0,0.0,80.0,1.3962634,0.0,0.0,0.0,-17.92517068,0.00481588,0.14538118,9.91373282,-5.50483411,-32.04855343,0.0,26.35241355,-0.29154244,8.88370893,7.08476028,-5.3928666,-1.70470787,28.30400019,0.0,-28.28778133,3.40534531
1760625437.625,13.2076752,-2.17970843,1.1225167,-0.03822805,0.92348022,-0.0148707,80.0,-7.0,0.0,80.0,1.3962634,0.0,0.0,0.0,80.0,-7.0,0.0,80.0,1.3962634,0.0,0.0,0.0,-18.08778029,-0.01303059,0.09263962,10.02445521,-4.94078324,-31.94167416,0.0,26.48291537,-0.21567587,8.83224951,7.28186994,-5.39488872,-1.73515727,28.15262313,0.0,-28.46808778,3.61396094
1760625437.658,13.12365096,-2.24641256,1.05671927,-0.03825235,0.92323383,-0.01445373,80.0,-7.0,0.0,80.0,1.3962634,0.0,0.0,0.0,80.0,-7.0,0.0,80.0,1.3962634,0.0,0.0,0.0,-18.20213369,0.00515583,-0.00492339,10.13064123,-4.5876203,-31.76834856,0.0,26.69054054,-0.06915058,8.79143885,7.38759202,-5.35213153,-1.78075939,28.10835598,0.0,-28.66633395,3.7362362
1760625437.758,12.43723202,-2.2234174,1.24784196,-0.03649563,0.92198202,-0.01313421,80.0,-7.0,0.0,80.0,1.3962634,0.0,0.0,0.0,80.0,-7.0,0.0,80.0,1.3962634,0.0,0.0,0.0,-17.69708558,-0.19914265,-1.00090841,10.27510798,-3.78650245,-31.32099453,0.0,27.43630721,0.25229104,8.74378394,7.21322107,-5.45154605,-2.07169707,28.47431515,0.0,-29.50425282,3.56325735
1760625437.792,12.64243989,-2.30693618,1.12961185,-0.03841594,0.92250236,-0.01241815,80.0,-7.0,0.0,80.0,1.3962634,0.0,0.0,0.0,80.0,-7.0,0.0,80.0,1.3962634,0.0,0.0,0.0,-17.89032288,-0.2073883,-1.25832912,10.28853689,-3.67240434,-31.00870931,0.0,27.88373225,0.35115444,8.75086747,7.09977465,-5.513529,-2.53773702,28.94722413,0.0,-29.89766026,3.37724672
1760625437.825,12.79130329,-2.31527939,1.17378382,-0.03992456,0.92261577,-0.01203102,80.0,-7.0,0.0,80.0,1.3962634,0.0,0.0,0.0,80.0,-7.0,0.0,80.0,1.3962634,0.0,0.0,0.0,-18.119788,-0.23861211,-1.33871262,10.38024156,-3.61516918,-30.88752898,0.0,28.10369232,0.39371031,8.73647422,7.19702624,-5.57178761,-2.64782815,29.59272805,0.0,-30.53168176,3.23778428
1760625437.859,12.80005885,-2.31436387,1.22515203,-0.04013847,0.92241151,-0.0120255,80.0,-7.0,0.0,80.0,1.3962634,0.0,0.0,0.0,80.0,-7.0,0.0,80.0,1.3962634,0.0,0.0,0.0,-18.11061251,-0.2547465,-1.29044269,10.4209531,-3.65271607,-30.88304567,0.0,28.11300759,0.47388525,8.73132679,7.21332825,-5.5856101,-2.70108741,29.62962355,0.0,-30.4856208,3.16611956
1760625437.892,12.66411947,-2.31772809,1.26687172,-0.0400881,0.92208724,-0.0121891,80.0,-7.0,0.0,80.0,1.3962634,0.0,0.0,0.0,80.0,-7.0,0.0,80.0,1.3962634,0.0,0.0,0.0,-18.11445298,-0.25561851,-1.24182078,10.61541228,-3.70427906,-30.86852116,0.0,28.16642537,0.43176671,8.75062162,7.39865094,-5.5923634,-2.63999796,29.70309179,0.0,-30.57684659,3.07986439
1760625437.926,12.34110751,-2.3788684,1.29691638,-0.03893155,0.92142064,-0.01206797,80.0,-7.0,0.0,80.0,1.3962634,0.0,0.0,0.0,80.0,-7.0,0.0,80.0,1.3962634,0.0,0.0,0.0,-17.608283,-0.25382757,-1.30871882,10.52344968,-3.71430868,-30.92731053,0.0,28.36083138,0.4197162,8.7503245,7.21498094,-5.63765236,-2.66507404,29.96104404,0.0,-30.75414011,2.98260006
1760625437.959,12.10760201,-2.37905997,1.36012241,-0.0383502,0.92074907,-0.01204255,80.0,-7.0,0.0,80.0,1.3962634,0.0,0.0,0.0,80.0,-7.0,0.0,80.0,1.3962634,0.0,0.0,0.0,-17.30621287,-0.3158445,-1.31549091,10.58456523,-3.76412063,-31.08051565,0.0,28.41925449,0.46970789,8.74483563,7.18531954,-5.71162493,-2.69772331,30.4125984,0.0,-31.07347117,2.90093408
1760625437.993,12.1330966,-2.38160323,1.37341814,-0.0384432,0.92072737,-0.01190775,80.0,-7.0,0.0,80.0,1.3962634,0.0,0.0,0.0,80.0,-7.0,0.0,80.0,1.3962634,0.0,0.0,0.0,-17.27725774,-0.32501041,-1.30525892,10.61560849,-3.81001921,-31.07261796,0.0,28.42807176,0.48100667,8.72052951,7.17811866,-5.74931463,-2.69142528,30.39992243,0.0,-31.08894989,2.87518455
1760625438.026,12.15948209,-2.32522889,1.49040074,-0.03891202,0.9207315,-0.01230579,80.0,-7.0,0.0,80.0,1.3962634,0.0,0.0,0.0,80.0,-7.0,0.0,80.0,1.3962634,0.0,0.0,0.0,-17.1722968,-0.39778454,-1.19384589,10.53472038,-3.84633706,-31.21843511,0.0,28.40779039,0.48781959,8.72972222,7.14261393,-5.77644301,-2.41290658,30.68096658,0.0,-31.55555513,2.75278086
1760625438.059,12.19646445,-2.33202342,1.47642489,-0.03863504,0.92083831,-0.01270888,80.0,-7.0,0.0,80.0,1.3962634,0.0,0.0,0.0,80.0,-7.0,0.0,80.0,1.3962634,0.0,0.0,0.0,-17.13076513,-0.39926216,-1.20557033,10.54767023,-3.86184693,-31.20404573,0.0,28.42682254,0.46589951,8.73801242,7.17873707,-5.7982385,-2.39264088,30.46485715,0.0,-31.75433791,2.68713268
1760625438.093,12.21594886,-2.3282157,1.4730895,-0.0384289,0.92086045,-0.01284857,80.0,-7.0,0.0,80.0,1.3962634,0.0,0.0,0.0,80.0,-7.0,0.0,80.0,1.3962634,0.0,0.0,0.0,-17.1041738,-0.39536369,-1.20647874,10.56621914,-3.86833309,-31.19488206,0.0,28.44240889,0.4448095,8.75981983,7.19571717,-5.80649112,-2.38547105,30.33783223,0.0,-31.85682399,2.6551311
1760625438.126,12.21096395,-2.3546202,1.43633508,-0.03874917,0.92108781,-0.01340925,80.0,-7.0,0.0,80.0,1.3962634,0.0,0.0,0.0,80.0,-7.0,0.0,80.0,1.3962634,0.0,0.0,0.0,-17.07422392,-0.29036522,-1.21917053,10.63307796,-3.96306625,-31.25840764,0.0,28.59036282,0.44228498,8.77817567,7.19016065,-5.73673611,-2.45866974,30.12961154,0.0,-31.59492161,2.73611252
1760625438.16,12.33211179,-2.31083402,1.46666675,-0.03860609,0.92160258,-0.01377353,80.0,-7.0,0.0,80.0,1.3962634,0.0,0.0,0.0,80.0,-7.0,0.0,80.0,1.3962634,0.0,0.0,0.0,-16.99813575,-0.24406831,-1.19705848,10.55639746,-4.04298637,-31.31600138,0.0,28.59432375,0.45872093,8.78089697,6.99164396,-5.70054885,-2.56076823,30.29488331,0.0,-31.48086415,2.85708686
1760625438.193,12.37984554,-2.29411463,1.42881655,-0.03867439,0.92191164,-0.01382081,80.0,-7.0,0.0,80.0,1.3962634,0.0,0.0,0.0,80.0,-7.0,0.0,80.0,1.3962634,0.0,0.0,0.0,-16.98281587,-0.20996672,-1.25220588,10.57357249,-4.06321828,-31.2749892,0.0,28.70531309,0.46534986,8.77184515,6.91125134,-5.66717705,-2.68634264,30.44485743,0.0,-31.59155726,2.81811741
1760625438.227,12.60791673,-2.25168443,1.49565183,-0.03946541,0.92230057,-0.01369687,80.0,-7.0,0.0,80.0,1.3962634,0.0,0.0,0.0,80.0,-7.0,0.0,80.0,1.3962634,0.0,0.0,0.0,-17.11748579,-0.24748744,-1.27125989,10.54344193,-4.03601214,-31.38533354,0.0,28.79018342,0.48447915,8.77758611,6.79475532,-5.69766354,-2.62482649,30.68495491,0.0,-31.82648832,2.70762643
1760625438.26,12.63171791,-2.23784118,1.50684331,-0.04033587,0.92233636,-0.01376314,80.0,-7.0,0.0,80.0,1.3962634,0.0,0.0,0.0,80.0,-7.0,0.0,80.0,1.3962634,0.0,0.0,0.0,-17.11186933,-0.23734291,-1.25753639,10.57596509,-4.0284865,-31.36424689,0.0,28.819389,0.48885043,8.7888779,6.7358009,-5.70500619,-2.62275449,30.72475954,0.0,-31.80334316,2.71525129
1760625438.294,12.89749431,-2.27928528,1.52335501,-0.04024287,0.92269507,-0.01396262,80.0,-7.0,0.0,80.0,1.3962634,0.0,0.0,0.0,80.0,-7.0,0.0,80.0,1.3962634,0.0,0.0,0.0,-17.24711448,-0.17487159,-1.2834763,10.51242342,-4.03352151,-31.42491093,0.0,28.93278888,0.46063835,8.80769416,6.54494231,-5.69271903,-2.66481809,31.10008767,0.0,-32.13141288,2.67104408
1760625438.327,12.99845777,-2.28211361,1.58357548,-0.04056396,0.92287887,-0.01422069,80.0,-7.0,0.0,80.0,1.3962634,0.0,0.0,0.0,80.0,-7.0,0.0,80.0,1.3962634,0.0,0.0,0.0,-17.38877096,-0.13572349,-1.24356611,10.55406424,-4.06440955,-31.48264688,0.0,29.06401372,0.46792829,8.85333911,6.53042319,-5.6706881,-2.60904504,31.48818276,0.0,-32.42902541,2.65310199
1760625438.361,13.11920432,-2.21952179,1.74754685,-0.04050834,0.92315833,-0.01484955,80.0,-7.0,0.0,80.0,1.3962634,0.0,0.0,0.0,80.0,-7.0,0.0,80.0,1.3962634,0.0,0.0,0.0,-17.37894297,-0.11024041,-1.07383696,10.39416779,-4.14688754,-31.62042832,0.0,28.9786896,0.49953099,8.87405461,6.35815173,-5.60054381,-2.27715859,31.30788308,0.0,-32.12702461,2.73800734
1760625438.394,13.11204056,-2.22283418,1.73964787,-0.04076007,0.9231618,-0.01460753,80.0,-7.0,0.0,80.0,1.3962634,0.0,0.0,0.0,80.0,-7.0,0.0,80.0,1.3962634,0.0,0.0,0.0,-17.3931614,-0.10975953,-1.07939376,10.41437831,-4.14878908,-31.66091306,0.0,28.94553437,0.50611718,8.8596007,6.33849138,-5.59866096,-2.28528791,31.34173702,0.0,-32.07037404,2.72629129
1760625438.427,13.10618548,-2.21163915,1.74665715,-0.04089875,0.9231737,-0.01450111,80.0,-7.0,0.0,80.0,1.3962634,0.0,0.0,0.0,80.0,-7.0,0.0,80.0,1.3962634,0.0,0.0,0.0,-17.42738305,-0.10654811,-1.0644023,10.4208159,-4.14526156,-31.67705112,0.0,28.94585426,0.49631569,8.82979808,6.35201576,-5.56855057,-2.24847586,31.37074077,0.0,-32.05970139,2.67001031
1760625438.461,13.25027629,-2.14584078,1.90593961,-0.04095567,0.92311156,-0.01470854,80.0,-7.0,0.0,80.0,1.3962634,0.0,0.0,0.0,80.0,-7.0,0.0,80.0,1.3962634,0.0,0.0,0.0,-17.42778908,-0.10206738,-0.89553811,10.2012921,-4.22243841,-31.88385004,0.0,28.77368704,0.55260222,8.80727465,6.18574838,-5.51888209,-1.91970515,31.32497126,0.0,-31.91507608,2.69116166
1760625438.494,13.23906547,-2.14712403,1.91185815,-0.04086242,0.92282069,-0.01454342,80.0,-7.0,0.0,80.0,1.3962634,0.0,0.0,0.0,80.0,-7.0,0.0,80.0,1.3962634,0.0,0.0,0.0,-17.44069002,-0.10411586,-0.88925665,10.17111843,-4.22424382,-31.86349423,0.0,28.79478438,0.53075693,8.80956113,6.20720407,-5.51879224,-1.90788752,31.34937652,0.0,-31.90186639,2.69683919
1760625438.528,13.31500566,-2.19913017,1.92117269,-0.04094135,0.92264109,-0.01378216,80.0,-7.0,0.0,80.0,1.3962634,0.0,0.0,0.0,80.0,-7.0,0.0,80.0,1.3962634,0.0,0.0,0.0,-17.4320344,-0.13469228,-0.7863381,10.04536168,-4.1829644,-31.98410568,0.0,28.81728354,0.48259928,8.82908391,6.09411322,-5.6237614,-1.84007807,31.85252551,0.0,-32.34858777,2.63129202
1760625438.561,13.30675376,-2.16517965,1.95152376,-0.04069861,0.92269211,-0.01353704,80.0,-7.0,0.0,80.0,1.3962634,0.0,0.0,0.0,80.0,-7.0,0.0,80.0,1.3962634,0.0,0.0,0.0,-17.3886913,-0.15907699,-0.7177278,9.98014875,-4.22336743,-32.13651576,0.0,28.73445345,0.43984363,8.83893026,6.03365274,-5.60618436,-1.63303477,31.72675229,0.0,-32.26255916,2.58912084
1760625438.595,13.29688018,-2.15755609,1.99128801,-0.0406454,0.92277834,-0.01352204,80.0,-7.0,0.0,80.0,1.3962634,0.0,0.0,0.0,80.0,-7.0,0.0,80.0,1.3962634,0.0,0.0,0.0,-17.32083254,-0.15639542,-0.6278244,9.90666917,-4.26177556,-32.30716533,0.0,28.63542877,0.47053726,8.82707187,5.96863678,-5.59571405,-1.47719797,31.59400219,0.0,-32.15955182,2.56411179
1760625438.628,13.03367247,-2.25745516,1.88582053,-0.04012506,0.92236671,-0.013743,80.0,-7.0,0.0,80.0,1.3962634,0.0,0.0,0.0,80.0,-7.0,0.0,80.0,1.3962634,0.0,0.0,0.0,-17.01057577,-0.03187718,-0.50965253,9.8562383,-4.35160172,-32.52978685,0.0,28.73568446,0.50992109,8.83347813,5.93307574,-5.5268315,-1.45652278,31.15701885,0.0,-31.74108805,2.61810813
1760625438.662,13.0294798,-2.26394159,1.85937397,-0.03956862,0.92216376,-0.01350171,80.0,-7.0,0.0,80.0,1.3962634,0.0,0.0,0.0,80.0,-7.0,0.0,80.0,1.3962634,0.0,0.0,0.0,-17.01273049,-0.02998652,-0.53748911,9.86223838,-4.34764672,-32.55845797,0.0,28.71002562,0.51661411,8.83932966,5.93276714,-5.52341241,-1.4552904,31.15192789,0.0,-31.74608786,2.61310372
1760625438.728,12.50679734,-2.47962107,1.94844183,-0.0385958,0.92104803,-0.01391363,80.0,-7.0,0.0,80.0,1.3962634,0.0,0.0,0.0,80.0,-7.0,0.0,80.0,1.3962634,0.0,0.0,0.0,-16.39903227,0.17607092,-0.38876152,9.67417193,-4.34534981,-33.03265614,0.0,28.99451257,0.50529427,8.88889268,5.81891775,-5.56626834,-1.08134522,31.27754377,0.0,-31.87436117,2.63256047
1760625438.762,12.519523,-2.44348188,2.00254225,-0.03834354,0.92113438,-0.01341479,80.0,-7.0,0.0,80.0,1.3962634,0.0,0.0,0.0,80.0,-7.0,0.0,80.0,1.3962634,0.0,0.0,0.0,-16.38445008,0.12033353,-0.35721069,9.61315453,-4.29148227,-33.13828625,0.0,29.00602196,0.50364506,8.89914974,5.76707247,-5.63061962,-0.89576034,31.27491123,0.0,-31.87051268,2.6536043
1760625438.795,12.43153702,-2.45098431,1.79728561,-0.03825757,0.92094966,-0.01301728,80.0,-7.0,0.0,80.0,1.3962634,0.0,0.0,0.0,80.0,-7.0,0.0,80.0,1.3962634,0.0,0.0,0.0,-16.38888595,0.05804129,0.15142053,9.48011313,-4.54712536,-39.00802274,0.0,34.65747666,0.47610964,8.90110613,5.85333675,-5.63141789,-0.5561576,31.45375366,0.0,-32.00995476,2.63000391
1760625438.829,12.40027022,-2.37647353,1.89398701,-0.03860971,0.92092374,-0.01289935,80.0,-7.0,0.0,80.0,1.3962634,0.0,0.0,0.0,80.0,-7.0,0.0,80.0,1.3962634,0.0,0.0,0.0,-16.43465126,-0.00425923,0.12735958,9.54103209,-4.52854869,-39.04749808,0.0,34.62622093,0.50768781,8.90231013,5.88033631,-5.68258392,-0.46455068,31.60942688,0.0,-32.1497911,2.59653878
1760625438.862,12.49547732,-2.36022134,1.92693145,-0.03911677,0.92141438,-0.01271916,80.0,-7.0,0.0,80.0,1.3962634,0.0,0.0,0.0,80.0,-7.0,0.0,80.0,1.3962634,0.0,0.0,0.0,-16.46074126,-0.02978087,0.11877193,9.4676152,-4.50411713,-39.0728872,0.0,34.60766365,0.50837713,8.89652924,5.77758691,-5.72800998,-0.3740834,31.58799053,0.0,-32.18364206,2.5891265
1760625438.896,12.56712962,-2.34227189,1.95673751,-0.03910009,0.92156872,-0.01269999,80.0,-7.0,0.0,80.0,1.3962634,0.0,0.0,0.0,80.0,-7.0,0.0,80.0,1.3962634,0.0,0.0,0.0,-16.50433556,-0.05928508,0.06808834,9.43292658,-4.47765959,-39.0837931,0.0,34.63539099,0.51568393,8.89462612,5.70505795,-5.77585899,-0.37751982,31.88066954,0.0,-32.54344183,2.52056742
1760625438.963,12.60291592,-2.33772129,1.99430855,-0.03925046,0.9216999,-0.01275893,80.0,-7.0,0.0,80.0,1.3962634,0.0,0.0,0.0,80.0,-7.0,0.0,80.0,1.3962634,0.0,0.0,0.0,-16.54339215,-0.05481488,0.04660656,9.39387547,-4.43768074,-39.07861759,0.0,34.68811196,0.52345439,8.90240046,5.63798468,-5.80683318,-0.45196006,32.28215888,0.0,-32.99117579,2.44184226
1760625438.996,12.74631451,-2.38236054,2.02539625,-0.03956469,0.92173564,-0.01362076,80.0,-7.0,0.0,80.0,1.3962634,0.0,0.0,0.0,80.0,-7.0,0.0,80.0,1.3962634,0.0,0.0,0.0,-16.68805206,0.02368873,0.03201421,9.42243532,-4.44466185,-39.10836012,0.0,34.68886373,0.52395109,8.92844783,5.61530668,-5.78086806,-0.49655461,32.61592911,0.0,-33.3387047,2.35082537
1760625439.03,12.80595692,-2.36374575,2.02380121,-0.03916517,0.92158971,-0.01455452,80.0,-7.0,0.0,80.0,1.3962634,0.0,0.0,0.0,80.0,-7.0,0.0,80.0,1.3962634,0.0,0.0,0.0,-16.67816485,0.0813404,0.00424399,9.39583001,-4.50897561,-39.17310341,0.0,34.6405721,0.50276256,9.00764687,5.51948425,-5.7016486,-0.52024203,32.66336357,0.0,-33.42850762,2.28396649
1760625439.063,12.92967412,-2.37814453,2.07281641,-0.03924998,0.92179336,-0.01478427,80.0,-7.0,0.0,80.0,1.3962634,0.0,0.0,0.0,80.0,-7.0,0.0,80.0,1.3962634,0.0,0.0,0.0,-16.73133691,0.11864505,-0.02990364,9.36301772,-4.51626362,-39.21869393,0.0,34.61974105,0.46960274,9.06869297,5.43159249,-5.70399844,-0.50566849,32.96285445,0.0,-33.74578246,2.21459018
1760625439.096,12.92619271,-2.37251351,2.06955372,-0.03901173,0.92192129,-0.01435047,80.0,-7.0,0.0,80.0,1.3962634,0.0,0.0,0.0,80.0,-7.0,0.0,80.0,1.3962634,0.0,0.0,0.0,-16.73532025,0.11566712,-0.04078527,9.36869279,-4.50225923,-39.19698496,0.0,34.64460229,0.48716148,9.096104,5.4136483,-5.69295145,-0.49426527,32.99013319,0.0,-33.73558774,2.18875836
1760625439.13,12.84449446,-2.25133995,2.11364884,-0.03765421,0.92157539,-0.01427829,80.0,-7.0,0.0,80.0,1.3962634,0.0,0.0,0.0,80.0,-7.0,0.0,80.0,1.3962634,0.0,0.0,0.0,-16.43579451,-0.04358123,-0.25146955,9.18878742,-4.44364683,-39.17669208,0.0,34.75248711,0.49008685,9.10174408,5.15666463,-5.77179185,-0.65668712,33.19366336,0.0,-33.89361954,2.13254436
1760625439.163,12.79411327,-2.17187494,2.14441036,-0.0368708,0.92121111,-0.01467116,80.0,-7.0,0.0,80.0,1.3962634,0.0,0.0,0.0,80.0,-7.0,0.0,80.0,1.3962634,0.0,0.0,0.0,-16.30131099,-0.04066359,-0.28426422,9.1130058,-4.54439663,-39.17970305,0.0,34.78258442,0.50262554,9.11444333,5.06359702,-5.71354987,-0.68183163,33.2650312,0.0,-33.91080617,2.09831442
1760625439.197,12.4058865,-2.09511176,2.22580579,-0.03597606,0.92012595,-0.0144903,80.0,-7.0,0.0,80.0,1.3962634,0.0,0.0,0.0,80.0,-7.0,0.0,80.0,1.3962634,0.0,0.0,0.0,-15.81577505,-0.16830907,-0.45217407,9.00987889,-4.49973294,-39.18340086,0.0,34.92336357,0.52232264,9.11429899,4.95227042,-5.79953097,-0.77046365,33.60945678,0.0,-34.17176829,2.03793942
1760625439.23,12.40667022,-2.09832509,2.24003939,-0.03578933,0.92005298,-0.01433253,80.0,-7.0,0.0,80.0,1.3962634,0.0,0.0,0.0,80.0,-7.0,0.0,80.0,1.3962634,0.0,0.0,0.0,-15.81121231,-0.17665625,-0.44119137,9.00966672,-4.54103971,-39.12809244,0.0,34.9779325,0.52276251,9.09142629,4.95870271,-5.83064731,-0.73154953,33.62801988,0.0,-34.15648736,2.02168901
1760625439.264,12.26532643,-2.0798086,2.27406037,-0.03612992,0.91974175,-0.01458725,80.0,-7.0,0.0,80.0,1.3962634,0.0,0.0,0.0,80.0,-7.0,0.0,80.0,1.3962634,0.0,0.0,0.0,-15.63916622,-0.17654666,-0.43522975,9.00886129,-4.61964596,-39.17972204,0.0,35.01719217,0.5455148,9.07868313,4.92524203,-5.81510392,-0.70251875,33.89259278,0.0,-34.39773433,1.94672812
1760625439.297,12.27328316,-2.08795046,2.27844408,-0.03587363,0.91975403,-0.01471005,80.0,-7.0,0.0,80.0,1.3962634,0.0,0.0,0.0,80.0,-7.0,0.0,80.0,1.3962634,0.0,0.0,0.0,-15.62734895,-0.18606568,-0.43291107,9.03660362,-4.65103405,-39.18148926,0.0,35.01617997,0.57537165,9.06299293,4.91366442,-5.82917022,-0.70630274,33.89869884,0.0,-34.39556971,1.93826292
1760625439.33,12.10988118,-2.10731569,2.27136828,-0.03602863,0.91938482,-0.01479737,80.0,-7.0,0.0,80.0,1.3962634,0.0,0.0,0.0,80.0,-7.0,0.0,80.0,1.3962634,0.0,0.0,0.0,-15.54942028,-0.15882323,-0.4346002,9.16470513,-4.71341302,-39.20397172,0.0,35.06234278,0.58422202,9.06469043,4.98985956,-5.82073408,-0.7182096,34.36200112,0.0,-34.82953992,1.85148087
1760625439.364,12.12507156,-2.11081757,2.26030108,-0.03690754,0.91966109,-0.01456479,80.0,-7.0,0.0,80.0,1.3962634,0.0,0.0,0.0,80.0,-7.0,0.0,80.0,1.3962634,0.0,0.0,0.0,-15.53969497,-0.16241361,-0.44750397,9.18779648,-4.72272315,-39.17937368,0.0,35.08849786,0.59420524,9.06657507,4.96187266,-5.82356534,-0.67866127,34.35707828,0.0,-34.84523097,1.83876522
1760625439.397,12.3585177,-2.0574689,2.28267464,-0.0373744,0.91988996,-0.01429241,80.0,-7.0,0.0,80.0,1.3962634,0.0,0.0,0.0,80.0,-7.0,0.0,80.0,1.3962634,0.0,0.0,0.0,-15.78242877,-0.30276798,-0.40011814,9.24969769,-4.65841864,-39.21033488,0.0,35.09493403,0.60145224,9.09112508,4.95431025,-5.91488433,-0.59832803,34.96304835,0.0,-35.45513752,1.69423914
1760625439.431,12.62596245,-2.05753843,2.29151423,-0.03834293,0.92016176,-0.01425626,80.0,-7.0,0.0,80.0,1.3962634,0.0,0.0,0.0,80.0,-7.0,0.0,80.0,1.3962634,0.0,0.0,0.0,-16.0496347,-0.35627684,-0.29691733,9.28892075,-4.6145415,-39.25643178,0.0,35.07715963,0.57731026,9.14101765,4.95619073,-5.96472321,-0.46119274,35.44274789,0.0,-35.92558292,1.59198911
1760625439.464,12.62374461,-2.07543172,2.27180761,-0.03856445,0.91992936,-0.0142834,80.0,-7.0,0.0,80.0,1.3962634,0.0,0.0,0.0,80.0,-7.0,0.0,80.0,1.3962634,0.0,0.0,0.0,-16.15288582,-0.3810886,-0.25684992,9.42991065,-4.56731838,-39.26027836,0.0,35.08031926,0.54050853,9.17519296,5.04053613,-5.99962641,-0.37970602,35.57685159,0.0,-36.01620817,1.56007867
1760625439.498,12.66282618,-2.01585827,2.24632839,-0.03816181,0.91971849,-0.01386042,80.0,-7.0,0.0,80.0,1.3962634,0.0,0.0,0.0,80.0,-7.0,0.0,80.0,1.3962634,0.0,0.0,0.0,-16.22315114,-0.50493338,-0.20972654,9.46931419,-4.4995726,-39.28187339,0.0,35.06724413,0.58075739,9.18952814,5.0552207,-6.06589803,-0.33864382,35.9480474,0.0,-36.35357662,1.48107551
1760625439.531,12.64496621,-2.01736284,2.25429845,-0.03775358,0.9198192,-0.01383894,80.0,-7.0,0.0,80.0,1.3962634,0.0,0.0,0.0,80.0,-7.0,0.0,80.0,1.3962634,0.0,0.0,0.0,-16.22141219,-0.50991102,-0.19453305,9.4663138,-4.47883063,-39.23434625,0.0,35.1165364,0.6762527,9.21284797,5.07414443,-6.08995892,-0.26280248,35.94437169,0.0,-36.34912081,1.46832891
1760625439.565,12.55994991,-2.02247072,2.29425815,-0.03713807,0.91976063,-0.01344476,80.0,-7.0,0.0,80.0,1.3962634,0.0,0.0,0.0,80.0,-7.0,0.0,80.0,1.3962634,0.0,0.0,0.0,-16.14837444,-0.55643233,-0.13795989,9.46364578,-4.39759037,-39.25634448,0.0,35.10916289,0.68382746,9.20455199,5.08244416,-6.15486288,-0.13319082,35.83641802,0.0,-36.20110856,1.46697764
1760625439.598,12.43439312,-2.00859215,2.28944236,-0.03672167,0.9195469,-0.01321953,80.0,-7.0,0.0,80.0,1.3962634,0.0,0.0,0.0,80.0,-7.0,0.0,80.0,1.3962634,0.0,0.0,0.0,-16.05519957,-0.60205973,-0.11538594,9.49672877,-4.3503129,-39.26849771,0.0,35.11099334,0.6739776,9.18337347,5.12073218,-6.20258575,-0.07229542,35.77355082,0.0,-36.14335567,1.46359987
1760625439.632,12.21227731,-1.94834017,2.28380862,-0.03644774,0.91904718,-0.01338017,80.0,-7.0,0.0,80.0,1.3962634,0.0,0.0,0.0,80.0,-7.0,0.0,80.0,1.3962634,0.0,0.0,0.0,-15.75773409,-0.62105061,-0.0038137,9.38538029,-4.40068396,-39.32991083,0.0,35.09834785,0.67289688,9.19084871,5.04701715,-6.18829992,0.05538008,35.51367856,0.0,-35.85357667,1.5237145
1760625439.665,12.1959823,-1.98486692,2.2908205,-0.03650359,0.91905273,-0.01358858,80.0,-7.0,0.0,80.0,1.3962634,0.0,0.0,0.0,80.0,-7.0,0.0,80.0,1.3962634,0.0,0.0,0.0,-15.75389358,-0.62232919,0.016473,9.40183842,-4.35719892,-39.33434097,0.0,35.10319069,0.65457922,9.19312652,5.03540365,-6.23821338,0.07638989,35.51262454,0.0,-35.8037699,1.49242761
1760625439.699,12.18908896,-1.97620023,2.30281601,-0.03660516,0.91904081,-0.01397914,80.0,-7.0,0.0,80.0,1.3962634,0.0,0.0,0.0,80.0,-7.0,0.0,80.0,1.3962634,0.0,0.0,0.0,-15.75884734,-0.61329231,0.03411814,9.3990728,-4.35473048,-39.33849944,0.0,35.09959396,0.6576131,9.19430005,5.03021909,-6.25185197,0.06204832,35.51073887,0.0,-35.80297503,1.48981044
1760625439.732,12.14702685,-2.04634431,2.31825178,-0.03634837,0.91907328,-0.01386058,80.0,-7.0,0.0,80.0,1.3962634,0.0,0.0,0.0,80.0,-7.0,0.0,80.0,1.3962634,0.0,0.0,0.0,-15.70583474,-0.5921645,0.08240926,9.37016097,-4.31500727,-39.39151328,0.0,35.07695716,0.65974786,9.18826142,5.0101359,-6.33510347,0.13009087,35.35335428,0.0,-35.654038,1.54660506
1760625439.765,12.01420674,-2.01612291,2.23086214,-0.03564076,0.91899023,-0.01397786,80.0,-7.0,0.0,80.0,1.3962634,0.0,0.0,0.0,80.0,-7.0,0.0,80.0,1.3962634,0.0,0.0,0.0,-15.59238788,-0.57154903,0.01404512,9.37784931,-4.36720588,-39.34004071,0.0,35.17580307,0.64993724,9.19226427,4.98356519,-6.28506342,-0.01815571,35.2995561,0.0,-35.62743174,1.56765712
1760625439.799,11.75055893,-1.94216912,2.21470547,-0.03523627,0.91890114,-0.0138437,80.0,-7.0,0.0,80.0,1.3962634,0.0,0.0,0.0,80.0,-7.0,0.0,80.0,1.3962634,0.0,0.0,0.0,-15.1832463,-0.62874747,-0.04023362,9.199243,-4.35700148,-39.39643581,0.0,35.26909595,0.63150507,9.19337463,4.79260973,-6.27138684,-0.12763164,35.10476092,0.0,-35.45114335,1.59234287
1760625439.832,11.74289486,-1.93489782,2.22970452,-0.03560082,0.91922169,-0.01383019,80.0,-7.0,0.0,80.0,1.3962634,0.0,0.0,0.0,80.0,-7.0,0.0,80.0,1.3962634,0.0,0.0,0.0,-15.18884391,-0.62542396,-0.02404125,9.18993293,-4.3539884,-39.40483487,0.0,35.26133678,0.62445056,9.19604615,4.78931944,-6.26910801,-0.14822808,35.10697532,0.0,-35.44458295,1.5882635
1760625439.866,11.81030855,-1.87700961,2.31597504,-0.03541644,0.91956515,-0.01417796,80.0,-7.0,0.0,80.0,1.3962634,0.0,0.0,0.0,80.0,-7.0,0.0,80.0,1.3962634,0.0,0.0,0.0,-15.1180672,-0.59846076,0.05723446,9.00048645,-4.42160511,-39.49808962,0.0,35.19157082,0.61794029,9.19983459,4.62974951,-6.20283877,0.00933299,35.0156032,0.0,-35.34653053,1.59756025
1760625439.899,11.9562595,-1.90229621,2.37206864,-0.03617216,0.92029351,-0.013982,80.0,-7.0,0.0,80.0,1.3962634,0.0,0.0,0.0,80.0,-7.0,0.0,80.0,1.3962634,0.0,0.0,0.0,-15.15360988,-0.54411197,0.18932895,8.86658194,-4.44378456,-39.65573921,0.0,35.12648907,0.59478039,9.19008541,4.52066314,-6.17927932,0.13592974,35.16343787,0.0,-35.49648199,1.55914465
1760625439.933,12.09147173,-1.84620544,2.37573534,-0.03642654,0.9207321,-0.01373256,80.0,-7.0,0.0,80.0,1.3962634,0.0,0.0,0.0,80.0,-7.0,0.0,80.0,1.3962634,0.0,0.0,0.0,-15.13580046,-0.55005322,0.2033894,8.70897734,-4.48694275,-39.67331059,0.0,35.13219441,0.61848103,9.17421162,4.37430178,-6.12210782,0.11895963,35.0740388,0.0,-35.41472509,1.56164243
1760625439.966,12.18951425,-1.8292488,2.39628208,-0.03573188,0.92050563,-0.01376663,80.0,-7.0,0.0,80.0,1.3962634,0.0,0.0,0.0,80.0,-7.0,0.0,80.0,1.3962634,0.0,0.0,0.0,-15.0716386,-0.55506758,0.23237813,8.52413172,-4.51047848,-39.66715387,0.0,35.16849383,0.65565329,9.18739736,4.21810227,-6.11105582,0.14154799,34.94831465,0.0,-35.28146817,1.58158586
1760625440.0,12.22268484,-1.82937132,2.39883366,-0.03517963,0.92028312,-0.01414182,80.0,-7.0,0.0,80.0,1.3962634,0.0,0.0,0.0,80.0,-7.0,0.0,80.0,1.3962634,0.0,0.0,0.0,-14.96363602,-0.51699483,0.2532454,8.38451056,-4.56219484,-39.67152671,0.0,35.21564136,0.62342056,9.18488832,4.080006,-6.06148778,0.1475009,34.93745408,0.0,-35.21258971,1.59974364
1760625440.033,12.22568037,-1.83639942,2.40011891,-0.03518968,0.92017583,-0.0141879,80.0,-7.0,0.0,80.0,1.3962634,0.0,0.0,0.0,80.0,-7.0,0.0,80.0,1.3962634,0.0,0.0,0.0,-14.95793926,-0.52211972,0.25362203,8.381911,-4.56926962,-39.68718327,0.0,35.20113048,0.62074066,9.17334341,4.08463665,-6.06063682,0.13319348,34.94793217,0.0,-35.19797773,1.60083393
1760625440.066,12.0707928,-1.89473159,2.39999031,-0.03445085,0.91963717,-0.01435623,80.0,-7.0,0.0,80.0,1.3962634,0.0,0.0,0.0,80.0,-7.0,0.0,80.0,1.3962634,0.0,0.0,0.0,-14.74008798,-0.43695458,0.27617441,8.31370377,-4.61824364,-39.73020461,0.0,35.28440556,0.64748058,9.15819655,4.02968513,-6.01018298,0.19975873,34.69613878,0.0,-34.92850493,1.62084695
1760625440.1,12.08073723,-1.89936654,2.40590745,-0.03457259,0.91949151,-0.01406176,80.0,-7.0,0.0,80.0,1.3962634,0.0,0.0,0.0,80.0,-7.0,0.0,80.0,1.3962634,0.0,0.0,0.0,-14.72750095,-0.44437424,0.27868878,8.32114654,-4.63207714,-39.7485964,0.0,35.26815511,0.65780628,9.15270876,4.02010891,-6.01315602,0.17396988,34.6959156,0.0,-34.91690029,1.61726242
1760625440.133,11.86582631,-1.81962101,2.30740864,-0.03398928,0.91919366,-0.01385265,80.0,-7.0,0.0,80.0,1.3962634,0.0,0.0,0.0,80.0,-7.0,0.0,80.0,1.3962634,0.0,0.0,0.0,-14.35197776,-0.54908743,0.0945151,8.2047172,-4.62781926,-39.79950108,0.0,35.49344184,0.65282121,9.15255864,3.81720845,-6.01550814,0.00361593,34.47054134,0.0,-34.68989674,1.63897134
1760625440.167,11.79321225,-1.77927263,2.34513183,-0.03368905,0.91890537,-0.01358975,80.0,-7.0,0.0,80.0,1.3962634,0.0,0.0,0.0,80.0,-7.0,0.0,80.0,1.3962634,0.0,0.0,0.0,-14.24850417,-0.66159891,-0.00743559,8.18463442,-4.55413453,-39.88406662,0.0,35.62199663,0.66777192,9.15479516,3.72003659,-6.11210341,-0.00626608,35.02786291,0.0,-35.20092139,1.58265958
1760625440.2,11.78713505,-1.78948255,2.2806124,-0.03361788,0.91860836,-0.01341246,80.0,-7.0,0.0,80.0,1.3962634,0.0,0.0,0.0,80.0,-7.0,0.0,80.0,1.3962634,0.0,0.0,0.0,-14.19386225,-0.73550624,-0.11391927,8.19240282,-4.47164559,-39.86974881,0.0,35.74564379,0.67565707,9.15444372,3.54130686,-6.16068753,-0.24308764,35.33451775,0.0,-35.4163423,1.54077162
1760625440.234,12.01287018,-1.68079019,2.3316269,-0.03442742,0.91893725,-0.01319163,80.0,-7.0,0.0,80.0,1.3962634,0.0,0.0,0.0,80.0,-7.0,0.0,80.0,1.3962634,0.0,0.0,0.0,-14.30591468,-0.92814438,-0.16659858,8.10699175,-4.36105763,-39.99998918,0.0,35.79733391,0.68603029,9.15566708,3.36705598,-6.23508108,-0.33221084,35.91690139,0.0,-36.00136211,1.42592367
1760625440.267,12.10461727,-1.65158571,2.32485517,-0.0348398,0.91910939,-0.01391954,80.0,-7.0,0.0,80.0,1.3962634,0.0,0.0,0.0,80.0,-7.0,0.0,80.0,1.3962634,0.0,0.0,0.0,-14.34552813,-0.89558794,-0.16569348,8.04674545,-4.4003958,-39.99554051,0.0,35.85006733,0.68670106,9.16423848,3.26566624,-6.12123693,-0.39919479,35.93860962,0.0,-36.04448133,1.39031599
1760625440.301,12.10579257,-1.65942545,2.35708334,-0.03479359,0.91918332,-0.01407965,80.0,-7.0,0.0,80.0,1.3962634,0.0,0.0,0.0,80.0,-7.0,0.0,80.0,1.3962634,0.0,0.0,0.0,-14.3632494,-0.90348802,-0.13322309,8.03882094,-4.34581883,-39.99828121,0.0,35.85805819,0.65538522,9.17714196,3.24338263,-6.0497315,-0.44473787,35.93204644,0.0,-36.01158665,1.3165455
1760625440.334,12.22234779,-1.651621,2.36206014,-0.03489317,0.91933518,-0.01425337,80.0,-7.0,0.0,80.0,1.3962634,0.0,0.0,0.0,80.0,-7.0,0.0,80.0,1.3962634,0.0,0.0,0.0,-14.44294671,-0.82333866,-0.09236516,7.98951684,-4.40591321,-40.0422409,0.0,35.87519235,0.66255026,9.17889557,3.1764692,-5.94855305,-0.48605039,36.05773084,0.0,-36.08251681,1.29853433
1760625440.368,12.36047124,-1.71666599,2.3883663,-0.03515018,0.91953287,-0.01402243,80.0,-7.0,0.0,80.0,1.3962634,0.0,0.0,0.0,80.0,-7.0,0.0,80.0,1.3962634,0.0,0.0,0.0,-14.5552392,-0.74634531,0.00751325,7.92450234,-4.36982955,-40.11723536,0.0,35.9188139,0.66947813,9.17471537,3.15118337,-5.91508006,-0.4689647,36.41974861,0.0,-36.39804083,1.2235317
1760625440.401,12.38603137,-1.71850128,2.39068097,-0.035443,0.91975547,-0.0139245,80.0,-7.0,0.0,80.0,1.3962634,0.0,0.0,0.0,80.0,-7.0,0.0,80.0,1.3962634,0.0,0.0,0.0,-14.63675703,-0.69139026,0.10320477,7.93882143,-4.3903814,-40.15829474,0.0,35.98281388,0.65493626,9.17067685,3.23603825,-5.83683526,-0.46054229,36.68137023,0.0,-36.66615678,1.16979821
1760625440.434,12.48773063,-1.69849148,2.42088844,-0.03554817,0.91987255,-0.01422693,80.0,-7.0,0.0,80.0,1.3962634,0.0,0.0,0.0,80.0,-7.0,0.0,80.0,1.3962634,0.0,0.0,0.0,-14.5777053,-0.65177391,0.16127648,7.7628451,-4.43585935,-40.21153101,0.0,35.97173543,0.65772914,9.16894493,3.07449193,-5.76861199,-0.38864571,36.58086221,0.0,-36.55226409,1.1686057
1760625440.468,12.56273867,-1.77077981,2.30476331,-0.03552284,0.92002108,-0.01399292,80.0,-7.0,0.0,80.0,1.3962634,0.0,0.0,0.0,80.0,-7.0,0.0,80.0,1.3962634,0.0,0.0,0.0,-14.45120123,-0.62604085,0.07359688,7.58753004,-4.38987798,-40.14912276,0.0,36.11810928,0.67137839,9.17357446,2.85070404,-5.78219712,-0.65664552,36.62158872,0.0,-36.57178764,1.14533383
1760625440.501,12.5610118,-1.77832262,2.30323484,-0.03551089,0.91990925,-0.01407985,80.0,-7.0,0.0,80.0,1.3962634,0.0,0.0,0.0,80.0,-7.0,0.0,80.0,1.3962634,0.0,0.0,0.0,-14.44020755,-0.62805932,0.07245432,7.5962504,-4.40641139,-40.17541434,0.0,36.09720668,0.66844408,9.17040555,2.851179,-5.78645188,-0.68437073,36.60070352,0.0,-36.59543086,1.11110924
1760625440.535,12.56904228,-1.78044844,2.30104611,-0.03601045,0.91973046,-0.01382282,80.0,-7.0,0.0,80.0,1.3962634,0.0,0.0,0.0,80.0,-7.0,0.0,80.0,1.3962634,0.0,0.0,0.0,-14.43259094,-0.62883846,0.06911105,7.60030479,-4.41733374,-40.17991728,0.0,36.09375151,0.6714233,9.1663588,2.84510862,-5.79372671,-0.6833707,36.60049865,0.0,-36.59233644,1.101414
1760625440.568,12.56249145,-1.79484102,2.31189635,-0.0356263,0.91952233,-0.01357633,80.0,-7.0,0.0,80.0,1.3962634,0.0,0.0,0.0,80.0,-7.0,0.0,80.0,1.3962634,0.0,0.0,0.0,-14.41711117,-0.633742,0.08087888,7.62150839,-4.4257851,-40.21588142,0.0,36.06555861,0.66566289,9.18512014,2.83616431,-5.81472921,-0.70006756,36.6281974,0.0,-36.56895419,1.08139192
1760625440.602,12.40070146,-1.86423231,2.364501,-0.03551885,0.91906733,-0.01317466,80.0,-7.0,0.0,80.0,1.3962634,0.0,0.0,0.0,80.0,-7.0,0.0,80.0,1.3962634,0.0,0.0,0.0,-14.37195804,-0.62021333,0.16535017,7.77428496,-4.40903788,-40.36195539,0.0,35.96301184,0.66510842,9.17183652,3.00605813,-5.86740497,-0.64410271,36.70049596,0.0,-36.63909376,1.05098301
1760625440.635,12.40970615,-1.86703303,2.3695664,-0.0353095,0.91927761,-0.01305377,80.0,-7.0,0.0,80.0,1.3962634,0.0,0.0,0.0,80.0,-7.0,0.0,80.0,1.3962634,0.0,0.0,0.0,-14.35835839,-0.62260857,0.17006465,7.7801775,-4.41655242,-40.40063071,0.0,35.92537898,0.66679767,9.17227423,3.01776902,-5.87007687,-0.68185425,36.69680366,0.0,-36.63975074,1.03891404
1760625440.669,12.40151286,-1.94355998,2.40282352,-0.03554095,0.9194649,-0.01261151,80.0,-7.0,0.0,80.0,1.3962634,0.0,0.0,0.0,80.0,-7.0,0.0,80.0,1.3962634,0.0,0.0,0.0,-14.30254852,-0.63654631,0.23048911,7.76147342,-4.37820294,-40.51416859,0.0,35.85285182,0.65899915,9.18868442,3.02135773,-5.94133166,-0.63149211,36.64150444,0.0,-36.60532731,1.0016341
1760625440.702,12.41019862,-1.95169566,2.39844382,-0.03551545,0.91947476,-0.01237543,80.0,-7.0,0.0,80.0,1.3962634,0.0,0.0,0.0,80.0,-7.0,0.0,80.0,1.3962634,0.0,0.0,0.0,-14.28853664,-0.63883323,0.22849649,7.76084045,-4.38625323,-40.53481224,0.0,35.8369467,0.66461817,9.18760325,3.03862385,-5.94897527,-0.63315546,36.61989346,0.0,-36.61526336,0.98417142
1760625440.736,12.39546798,-1.99169136,2.36436842,-0.03497162,0.91964095,-0.0121697,80.0,-7.0,0.0,80.0,1.3962634,0.0,0.0,0.0,80.0,-7.0,0.0,80.0,1.3962634,0.0,0.0,0.0,-14.0599519,-0.62340688,0.28207243,7.53865818,-4.37250883,-40.62951803,0.0,35.89672944,0.68057808,9.19531064,2.86033997,-5.96564403,-0.56198089,36.15753099,0.0,-36.15383934,1.04521373
1760625440.769,12.20265294,-2.10596128,2.30734599,-0.03481245,0.91948025,-0.01236707,80.0,-7.0,0.0,80.0,1.3962634,0.0,0.0,0.0,80.0,-7.0,0.0,80.0,1.3962634,0.0,0.0,0.0,-13.8898238,-0.55677573,0.29330707,7.5679416,-4.33276671,-40.73122513,0.0,36.00292413,0.68363081,9.18786078,2.9442225,-5.98119887,-0.58210094,35.84631157,0.0,-35.84851748,1.08112382
1760625440.803,12.21135133,-2.10574892,2.2944077,-0.03499449,0.91969436,-0.01289513,80.0,-7.0,0.0,80.0,1.3962634,0.0,0.0,0.0,80.0,-7.0,0.0,80.0,1.3962634,0.0,0.0,0.0,-13.88119299,-0.54997414,0.28403559,7.55435905,-4.31330784,-40.74426505,0.0,35.99165343,0.67267389,9.19451277,2.96277008,-5.97446903,-0.58279127,35.8525009,0.0,-35.84357211,1.08252862
1760625440.836,12.25450578,-2.17124568,2.34656852,-0.034822,0.91974753,-0.01300123,80.0,-7.0,0.0,80.0,1.3962634,0.0,0.0,0.0,80.0,-7.0,0.0,80.0,1.3962634,0.0,0.0,0.0,-13.87899564,-0.50949993,0.33825645,7.50953167,-4.2426065,-40.81480298,0.0,35.97107026,0.65476246,9.18769987,2.96972257,-5.98576013,-0.47587025,35.81657616,0.0,-35.75801033,1.08641354
1760625440.869,12.27197743,-2.1765822,2.33847863,-0.03508397,0.91983531,-0.01282897,80.0,-7.0,0.0,80.0,1.3962634,0.0,0.0,0.0,80.0,-7.0,0.0,80.0,1.3962634,0.0,0.0,0.0,-13.87296898,-0.50743845,0.33031102,7.51194366,-4.20328485,-40.83947798,0.0,35.95440716,0.66272872,9.19653322,2.98134404,-5.95800761,-0.47143009,35.82039005,0.0,-35.7335494,1.04824636
1760625440.903,12.38346771,-2.21701242,2.34687713,-0.0357479,0.91997631,-0.01250818,80.0,-7.0,0.0,80.0,1.3962634,0.0,0.0,0.0,80.0,-7.0,0.0,80.0,1.3962634,0.0,0.0,0.0,-14.0017107,-0.52502929,0.34812416,7.5604513,-4.10072046,-40.90699865,0.0,35.93244302,0.65009571,9.17894399,3.01572819,-6.00041924,-0.41902318,35.78588506,0.0,-35.66873395,1.03961215
1760625440.936,12.82471687,-2.08417105,2.24761614,-0.03642864,0.92063217,-0.01249948,80.0,-7.0,0.0,80.0,1.3962634,0.0,0.0,0.0,80.0,-7.0,0.0,80.0,1.3962634,0.0,0.0,0.0,-14.54280525,-0.64580233,0.2648827,7.6618923,-4.07730234,-40.88384662,0.0,36.08406962,0.63957552,9.19836337,3.10360488,-5.98068944,-0.53272739,35.69110191,0.0,-35.53849857,1.05977684
1760625440.97,12.84763184,-2.09405435,2.15486899,-0.03699722,0.92065969,-0.01168992,80.0,-7.0,0.0,80.0,1.3962634,0.0,0.0,0.0,80.0,-7.0,0.0,80.0,1.3962634,0.0,0.0,0.0,-14.64999551,-0.71465222,0.16215642,7.74077818,-3.95011472,-40.77497981,0.0,36.2203313,0.63467745,9.1838753,3.18072782,-6.01950882,-0.62747488,35.70089082,0.0,-35.55958089,1.06108586
1760625441.003,13.02753232,-1.94688472,2.08403585,-0.03716593,0.92104375,-0.01166138,80.0,-7.0,0.0,80.0,1.3962634,0.0,0.0,0.0,80.0,-7.0,0.0,80.0,1.3962634,0.0,0.0,0.0,-14.85477221,-0.84466442,0.02751907,7.76750218,-3.94620268,-40.71055774,0.0,36.30847007,0.65613233,9.17625361,3.18262751,-5.96642827,-0.73392652,35.49068353,0.0,-35.32084667,1.08577417
1760625441.037,12.98823311,-1.93853743,2.03562105,-0.03686166,0.92058159,-0.01244585,80.0,-7.0,0.0,80.0,1.3962634,0.0,0.0,0.0,80.0,-7.0,0.0,80.0,1.3962634,0.0,0.0,0.0,-14.90627254,-0.80754875,-0.02685328,7.84585724,-3.98081442,-40.64436627,0.0,36.377785,0.65044324,9.17638466,3.2615529,-5.8808594,-0.76908189,35.54882099,0.0,-35.35267588,1.09892795
1760625441.07,12.94254208,-1.95662937,1.98211691,-0.03647652,0.92009993,-0.01256347,80.0,-7.0,0.0,80.0,1.3962634,0.0,0.0,0.0,80.0,-7.0,0.0,80.0,1.3962634,0.0,0.0,0.0,-14.95726816,-0.7933546,-0.11829115,7.92726594,-3.97849153,-40.56576101,0.0,36.4613867,0.64642555,9.17732385,3.3311242,-5.83094027,-0.83224307,35.7126427,0.0,-35.51750253,1.06246819
1760625441.103,12.93005879,-1.9699077,1.94808755,-0.03535742,0.91977485,-0.01280838,80.0,-7.0,0.0,80.0,1.3962634,0.0,0.0,0.0,80.0,-7.0,0.0,80.0,1.3962634,0.0,0.0,0.0,-14.9685504,-0.79684171,-0.1552027,7.93849786,-3.97080221,-40.53500218,0.0,36.49290983,0.65936966,9.18149921,3.32144081,-5.82203199,-0.76547212,35.72030607,0.0,-35.51973779,1.06768308
1760625441.137,12.90382158,-1.96750911,1.93387477,-0.03480951,0.91969297,-0.01232111,80.0,-7.0,0.0,80.0,1.3962634,0.0,0.0,0.0,80.0,-7.0,0.0,80.0,1.3962634,0.0,0.0,0.0,-14.98076748,-0.7999505,-0.17927894,7.94848855,-3.97282034,-40.52589879,0.0,36.50299482,0.66990053,9.17551007,3.3195137,-5.80677005,-0.74673725,35.77123409,0.0,-35.48973843,1.09189843
1760625441.17,12.76751681,-1.74894112,2.01124027,-0.03521647,0.91945083,-0.01161336,80.0,-7.0,0.0,80.0,1.3962634,0.0,0.0,0.0,80.0,-7.0,0.0,80.0,1.3962634,0.0,0.0,0.0,-14.89391007,-1.07477832,-0.34734328,7.95566519,-3.88115143,-40.52610711,0.0,36.51036319,0.66194237,9.16822052,3.31951476,-5.88316019,-0.73111096,36.09511833,0.0,-35.82243893,1.04388512
1760625441.204,12.66612402,-1.73866488,1.95161381,-0.03543264,0.91939973,-0.011147,80.0,-7.0,0.0,80.0,1.3962634,0.0,0.0,0.0,80.0,-7.0,0.0,80.0,1.3962634,0.0,0.0,0.0,-14.93129874,-1.10217055,-0.42966845,8.05948085,-3.85637156,-40.46439267,0.0,36.57059657,0.64729513,9.15822797,3.43314174,-5.8726414,-0.80016014,36.19349839,0.0,-35.93203198,0.9968894
1760625441.237,12.65068809,-1.7068504,1.89709328,-0.03569509,0.91935817,-0.01065017,80.0,-7.0,0.0,80.0,1.3962634,0.0,0.0,0.0,80.0,-7.0,0.0,80.0,1.3962634,0.0,0.0,0.0,-15.03493029,-1.21729012,-0.59604935,8.14557715,-3.75991254,-40.36941608,0.0,36.62535012,0.65399576,9.14164156,3.50683037,-5.94070047,-1.02477226,36.80721414,0.0,-36.50747844,0.87415373
1760625441.271,12.69516193,-1.65687954,1.90120735,-0.03618476,0.91946324,-0.0104616,80.0,-7.0,0.0,80.0,1.3962634,0.0,0.0,0.0,80.0,-7.0,0.0,80.0,1.3962634,0.0,0.0,0.0,-15.15664968,-1.34359488,-0.695512,8.19411778,-3.68490492,-40.3430258,0.0,36.57000832,0.66730021,9.14088997,3.54143489,-6.01929835,-1.10665598,37.33894511,0.0,-37.0114668,0.7752561
1760625441.304,12.6917982,-1.66612021,1.86902927,-0.0363435,0.91954603,-0.01024649,80.0,-7.0,0.0,80.0,1.3962634,0.0,0.0,0.0,80.0,-7.0,0.0,80.0,1.3962634,0.0,0.0,0.0,-15.16032158,-1.36080985,-0.73416796,8.2189266,-3.69533727,-40.41060442,0.0,36.49639141,0.68988357,9.150919,3.52450031,-5.99936725,-1.14131383,37.32393151,0.0,-36.99421087,0.73138466
1760625441.338,12.68296769,-1.6688848,1.85356584,-0.03638187,0.91971179,-0.00996385,80.0,-7.0,0.0,80.0,1.3962634,0.0,0.0,0.0,80.0,-7.0,0.0,80.0,1.3962634,0.0,0.0,0.0,-15.16570637,-1.37221717,-0.75185747,8.23933522,-3.70547894,-40.47876762,0.0,36.42383655,0.70728412,9.14995834,3.51569046,-6.00500189,-1.20835437,37.34877256,0.0,-36.97061716,0.72900272
1760625441.371,12.57363695,-1.64788198,1.7538675,-0.03668387,0.91975093,-0.00934112,80.0,-7.0,0.0,80.0,1.3962634,0.0,0.0,0.0,80.0,-7.0,0.0,80.0,1.3962634,0.0,0.0,0.0,-15.20178326,-1.47357274,-0.84647387,8.35700367,-3.63891171,-40.38146169,0.0,36.48878903,0.70246409,9.13161955,3.62831777,-6.04858164,-1.40501543,37.40824479,0.0,-37.01612107,0.71358185
1760625441.405,12.45627364,-1.61454494,1.64080047,-0.03672584,0.91975974,-0.009019,80.0,-7.0,0.0,80.0,1.3962634,0.0,0.0,0.0,80.0,-7.0,0.0,80.0,1.3962634,0.0,0.0,0.0,-15.27106184,-1.5491444,-0.9733524,8.53025892,-3.59274491,-40.26333011,0.0,36.57402261,0.71368195,9.12399311,3.76648812,-6.06072048,-1.6032871,37.5721486,0.0,-37.13323519,0.67051713
1760625441.438,12.44975015,-1.61359885,1.63543556,-0.03666588,0.92000765,-0.00907421,80.0,-7.0,0.0,80.0,1.3962634,0.0,0.0,0.0,80.0,-7.0,0.0,80.0,1.3962634,0.0,0.0,0.0,-15.27679823,-1.54932265,-0.97911766,8.53113507,-3.58633716,-40.26708278,0.0,36.56917437,0.71232756,9.12773326,3.76256405,-6.05904208,-1.60202589,37.57354233,0.0,-37.13265641,0.66845705
1760625441.471,12.38069405,-1.58981356,1.63231136,-0.03719832,0.92021179,-0.00899173,80.0,-7.0,0.0,80.0,1.3962634,0.0,0.0,0.0,80.0,-7.0,0.0,80.0,1.3962634,0.0,0.0,0.0,-15.35938815,-1.61972362,-1.00605182,8.68265676,-3.52030344,-40.24419673,0.0,36.5412452,0.70100599,9.11249312,3.89170669,-6.10380338,-1.58500997,37.49714625,0.0,-37.04961625,0.6818948
1760625441.505,12.46015561,-1.51975437,1.65266474,-0.037188,0.92065546,-0.00906976,80.0,-7.0,0.0,80.0,1.3962634,0.0,0.0,0.0,80.0,-7.0,0.0,80.0,1.3962634,0.0,0.0,0.0,-15.39237466,-1.66805548,-1.00095604,8.62860303,-3.52300309,-40.22847373,0.0,36.48768912,0.72818891,9.11413055,3.82719313,-6.08819308,-1.52516936,37.24908918,0.0,-36.75805912,0.72787817
1760625441.538,12.45731309,-1.51439992,1.64721971,-0.03721954,0.92069225,-0.0091872,80.0,-7.0,0.0,80.0,1.3962634,0.0,0.0,0.0,80.0,-7.0,0.0,80.0,1.3962634,0.0,0.0,0.0,-15.39504887,-1.66258148,-1.00369784,8.63748061,-3.51086252,-40.22124299,0.0,36.49392815,0.73493537,9.12514897,3.82338835,-6.08714488,-1.51935602,37.24918242,0.0,-36.75230548,0.72567042
1760625441.572,12.43455116,-1.5095324,1.63662972,-0.0371574,0.92064288,-0.00916067,80.0,-7.0,0.0,80.0,1.3962634,0.0,0.0,0.0,80.0,-7.0,0.0,80.0,1.3962634,0.0,0.0,0.0,-15.41189335,-1.6662486,-1.01022622,8.64984212,-3.49090641,-40.16736106,0.0,36.53790178,0.75754497,9.16938995,3.8489979,-6.09679682,-1.51248991,37.2525058,0.0,-36.73639315,0.70384587
1760625441.605,12.36755445,-1.47580887,1.55194761,-0.03663771,0.92048967,-0.00949516,80.0,-7.0,0.0,80.0,1.3962634,0.0,0.0,0.0,80.0,-7.0,0.0,80.0,1.3962634,0.0,0.0,0.0,-15.39618874,-1.67992065,-1.1042841,8.70652763,-3.47170068,-40.00719161,0.0,36.62844201,0.77245175,9.18503002,3.8661162,-6.08339821,-1.67069419,37.20401943,0.0,-36.63909344,0.71045787
1760625441.639,12.2844992,-1.47059241,1.47412027,-0.03628846,0.92016701,-0.01041387,80.0,-7.0,0.0,80.0,1.3962634,0.0,0.0,0.0,80.0,-7.0,0.0,80.0,1.3962634,0.0,0.0,0.0,-15.41840585,-1.61926466,-1.19470659,8.84023126,-3.50971379,-39.91295206,0.0,36.67953779,0.76139193,9.18154716,3.96065688,-6.02710916,-1.83251367,37.40489773,0.0,-36.82431613,0.65930154
1760625441.672,12.34697944,-1.46670975,1.53621519,-0.03571092,0.92009617,-0.01119519,80.0,-7.0,0.0,80.0,1.3962634,0.0,0.0,0.0,80.0,-7.0,0.0,80.0,1.3962634,0.0,0.0,0.0,-15.35836584,-1.53962029,-1.19166276,8.71021567,-3.56610531,-39.89085902,0.0,36.63249693,0.75963241,9.17710094,3.84253042,-5.97673801,-1.78071932,37.44978507,0.0,-36.87509359,0.62672884
1760625441.705,12.3504844,-1.45705687,1.54188399,-0.03584152,0.91985013,-0.01145779,80.0,-7.0,0.0,80.0,1.3962634,0.0,0.0,0.0,80.0,-7.0,0.0,80.0,1.3962634,0.0,0.0,0.0,-15.35529856,-1.52952939,-1.18369784,8.70425521,-3.56942212,-39.88751756,0.0,36.63398253,0.75420411,9.17392494,3.84199308,-5.98437746,-1.78136701,37.44976045,0.0,-36.87086171,0.62524721
1760625441.739,12.48920598,-1.35838044,1.72267081,-0.03529174,0.91982647,-0.01245463,80.0,-7.0,0.0,80.0,1.3962634,0.0,0.0,0.0,80.0,-7.0,0.0,80.0,1.3962634,0.0,0.0,0.0,-15.21458339,-1.40396242,-1.02867172,8.41874015,-3.76891067,-39.99489742,0.0,36.45914682,0.72777327,9.16321671,3.59446992,-5.82342167,-1.4682015,37.16377835,0.0,-36.62330437,0.6711047
1760625441.772,12.39486408,-1.39107736,1.72625849,-0.03560778,0.91943403,-0.01249801,80.0,-7.0,0.0,80.0,1.3962634,0.0,0.0,0.0,80.0,-7.0,0.0,80.0,1.3962634,0.0,0.0,0.0,-15.16129424,-1.29700092,-0.99996591,8.47515037,-3.83585888,-39.95916042,0.0,36.43823237,0.74787446,9.16481384,3.64678102,-5.7657132,-1.46321756,37.20540433,0.0,-36.70672018,0.65714091
1760625441.806,12.47154883,-1.38900719,1.79894255,-0.03579481,0.91960302,-0.01221413,80.0,-7.0,0.0,80.0,1.3962634,0.0,0.0,0.0,80.0,-7.0,0.0,80.0,1.3962634,0.0,0.0,0.0,-15.10284521,-1.27954648,-0.92002869,8.35089723,-3.84954024,-40.00141432,0.0,36.33950903,0.76535897,9.1621749,3.52771726,-5.76716414,-1.27963254,36.97563152,0.0,-36.52928514,0.6956614
1760625441.839,12.33354642,-1.41921395,1.81426093,-0.03525519,0.91933276,-0.0124096,80.0,-7.0,0.0,80.0,1.3962634,0.0,0.0,0.0,80.0,-7.0,0.0,80.0,1.3962634,0.0,0.0,0.0,-14.90422232,-1.18023079,-0.81325962,8.31484186,-3.91201392,-39.99452466,0.0,36.23585644,0.75089628,9.17101984,3.47174241,-5.71946796,-1.19318402,36.72712556,0.0,-36.31011531,0.77083452
1760625441.873,12.21121097,-1.43265277,1.81679401,-0.03493177,0.91936921,-0.01264129,80.0,-7.0,0.0,80.0,1.3962634,0.0,0.0,0.0,80.0,-7.0,0.0,80.0,1.3962634,0.0,0.0,0.0,-14.65733922,-1.10714779,-0.71745198,8.20078622,-3.95433143,-39.97745528,0.0,36.15863993,0.76757059,9.17288662,3.3546138,-5.65535361,-1.11017504,36.40559033,0.0,-36.02618773,0.81441342
1760625441.906,12.21558256,-1.41936079,1.82116721,-0.03494993,0.91962296,-0.01285121,80.0,-7.0,0.0,80.0,1.3962634,0.0,0.0,0.0,80.0,-7.0,0.0,80.0,1.3962634,0.0,0.0,0.0,-14.64503318,-1.09384421,-0.70886389,8.2064471,-3.97066855,-39.98432451,0.0,36.14615476,0.75974374,9.17769231,3.3440674,-5.64409657,-1.11107172,36.39011167,0.0,-36.04235414,0.83117492
1760625441.94,12.2194421,-1.40774404,1.83899115,-0.03502899,0.91977871,-0.01240071,80.0,-7.0,0.0,80.0,1.3962634,0.0,0.0,0.0,80.0,-7.0,0.0,80.0,1.3962634,0.0,0.0,0.0,-14.63853744,-1.08893018,-0.69113901,8.21212465,-3.973219,-39.99227058,0.0,36.13744622,0.75566715,9.17604868,3.34359772,-5.64708483,-1.12692736,36.39090257,0.0,-36.03626302,0.828216
1760625441.973,12.20602444,-1.35941059,1.919919,-0.03525891,0.91994019,-0.01158387,80.0,-7.0,0.0,80.0,1.3962634,0.0,0.0,0.0,80.0,-7.0,0.0,80.0,1.3962634,0.0,0.0,0.0,-14.61505897,-1.16564999,-0.59631071,8.21265567,-3.93936055,-40.07223526,0.0,36.02186443,0.77344768,9.17124627,3.35492507,-5.69442229,-0.97071757,36.31784676,0.0,-35.95961646,0.83025598
1760625442.007,12.22141861,-1.35040852,1.93843552,-0.03592669,0.92008723,-0.01089,80.0,-7.0,0.0,80.0,1.3962634,0.0,0.0,0.0,80.0,-7.0,0.0,80.0,1.3962634,0.0,0.0,0.0,-14.60564639,-1.18475788,-0.57513761,8.22232684,-3.93714713,-40.10742093,0.0,35.98125934,0.77486472,9.17036491,3.3329795,-5.69361409,-0.98950357,36.30962788,0.0,-35.94774163,0.79347918
1760625442.04,12.29734323,-1.30853149,2.01611083,-0.03586664,0.92028489,-0.01057449,80.0,-7.0,0.0,80.0,1.3962634,0.0,0.0,0.0,80.0,-7.0,0.0,80.0,1.3962634,0.0,0.0,0.0,-14.56063065,-1.27699031,-0.44818135,8.09542706,-3.88760062,-40.19069537,0.0,35.85836427,0.77587716,9.166104,3.23291288,-5.76408996,-0.82680558,36.24920556,0.0,-35.87369264,0.81347379
1760625442.074,12.2992364,-1.30913406,2.0280911,-0.0360215,0.92019473,-0.01044927,80.0,-7.0,0.0,80.0,1.3962634,0.0,0.0,0.0,80.0,-7.0,0.0,80.0,1.3962634,0.0,0.0,0.0,-14.55779238,-1.28357945,-0.43513787,8.08563818,-3.88788876,-40.18707682,0.0,35.86087309,0.77500949,9.16718497,3.23495871,-5.76528592,-0.83756981,36.24994168,0.0,-35.87118066,0.81132338
1760625442.107,12.09401854,-1.2603594,1.79255808,-0.03538178,0.91991783,-0.01003107,80.0,-7.0,0.0,80.0,1.3962634,0.0,0.0,0.0,80.0,-7.0,0.0,80.0,1.3962634,0.0,0.0,0.0,-14.12056679,-1.50872614,-0.25327527,7.83324232,-3.7826516,-40.10368729,0.0,35.81269644,0.77742128,9.17080417,2.99397606,-5.86775469,-0.83742996,36.21529302,0.0,-35.8640006,0.80796708
1760625442.14,12.08250843,-1.2752997,1.7769678,-0.03519981,0.92000723,-0.01028111,80.0,-7.0,0.0,80.0,1.3962634,0.0,0.0,0.0,80.0,-7.0,0.0,80.0,1.3962634,0.0,0.0,0.0,-14.13151467,-1.51602555,-0.26892837,7.82492484,-3.78827355,-40.06295971,0.0,35.85214928,0.77593919,9.16766092,2.99781968,-5.87358174,-0.78649746,36.22459602,0.0,-35.86222537,0.81040529
1760625442.174,12.14742504,-1.35940739,1.75813192,-0.03533939,0.92018551,-0.01037504,80.0,-7.0,0.0,80.0,1.3962634,0.0,0.0,0.0,80.0,-7.0,0.0,80.0,1.3962634,0.0,0.0,0.0,-14.10323126,-1.46810411,-0.26817096,7.69205136,-3.77449411,-40.00622124,0.0,35.88631244,0.79207305,9.17105036,2.90208055,-5.90231511,-0.78772749,36.13902157,0.0,-35.79525945,0.85147593
1760625442.207,12.1402835,-1.37937838,1.74457396,-0.03544959,0.91995041,-0.01034243,80.0,-7.0,0.0,80.0,1.3962634,0.0,0.0,0.0,80.0,-7.0,0.0,80.0,1.3962634,0.0,0.0,0.0,-14.11165692,-1.46860419,-0.28091947,7.69454622,-3.77999702,-39.99199255,0.0,35.89645179,0.76614781,9.1804019,2.90521397,-5.88789074,-0.75733886,36.1217883,0.0,-35.75835971,0.8282715
1760625442.241,12.13631468,-1.38641098,1.7378284,-0.03554242,0.9196905,-0.01020965,80.0,-7.0,0.0,80.0,1.3962634,0.0,0.0,0.0,80.0,-7.0,0.0,80.0,1.3962634,0.0,0.0,0.0,-14.11748271,-1.47122513,-0.28874747,7.67561286,-3.78551856,-40.0095119,0.0,35.87762276,0.75674425,9.1759976,2.91832208,-5.88711518,-0.77099867,36.13386759,0.0,-35.73553765,0.83101631
1760625442.274,12.14062054,-1.39204037,1.72519275,-0.03539444,0.9193676,-0.00974068,80.0,-7.0,0.0,80.0,1.3962634,0.0,0.0,0.0,80.0,-7.0,0.0,80.0,1.3962634,0.0,0.0,0.0,-14.11433058,-1.47268721,-0.30430698,7.67465308,-3.78456302,-40.04839209,0.0,35.83867762,0.76573513,9.17711805,2.92551494,-5.87680456,-0.80229037,36.13334718,0.0,-35.72699401,0.82890855
1760625442.308,12.14849453,-1.39731719,1.70824412,-0.03529449,0.91918162,-0.00955428,80.0,-7.0,0.0,80.0,1.3962634,0.0,0.0,0.0,80.0,-7.0,0.0,80.0,1.3962634,0.0,0.0,0.0,-14.10615643,-1.47237654,-0.32268042,7.68424373,-3.78665678,-40.10768253,0.0,35.77979895,0.77611279,9.17963287,2.92490006,-5.87527781,-0.84712567,36.13675786,0.0,-35.7110645,0.82462152
1760625442.341,12.15795192,-1.40856127,1.67035742,-0.03532909,0.91927583,-0.00933204,80.0,-7.0,0.0,80.0,1.3962634,0.0,0.0,0.0,80.0,-7.0,0.0,80.0,1.3962634,0.0,0.0,0.0,-14.09378593,-1.4674734,-0.36269703,7.72319191,-3.7887836,-40.20421309,0.0,35.6851777,0.81106514,9.18991076,2.89829918,-5.88453232,-0.90350458,36.18031788,0.0,-35.65648451,0.8458748
1760625442.374,12.16216557,-1.41788183,1.65578226,-0.03559557,0.91943564,-0.00935525,80.0,-7.0,0.0,80.0,1.3962634,0.0,0.0,0.0,80.0,-7.0,0.0,80.0,1.3962634,0.0,0.0,0.0,-14.08973831,-1.46336336,-0.37776928,7.74792193,-3.78889455,-40.25248669,0.0,35.6382346,0.81666558,9.19766459,2.86728745,-5.91241968,-0.92304657,36.23054905,0.0,-35.59764798,0.88050676
1760625442.408,12.4328884,-1.52283646,1.67847027,-0.03654819,0.91975035,-0.00927256,80.0,-7.0,0.0,80.0,1.3962634,0.0,0.0,0.0,80.0,-7.0,0.0,80.0,1.3962634,0.0,0.0,0.0,-14.18071152,-1.41040584,-0.3720946,7.62462416,-3.74682345,-40.33178025,0.0,35.5724133,0.80842837,9.19830245,2.65251927,-6.02379011,-0.9854706,36.6686341,0.0,-35.93575575,0.84791115
1760625442.441,12.5539311,-1.52915421,1.66950282,-0.03693282,0.91956656,-0.00881476,80.0,-7.0,0.0,80.0,1.3962634,0.0,0.0,0.0,80.0,-7.0,0.0,80.0,1.3962634,0.0,0.0,0.0,-14.38598772,-1.48310378,-0.44402087,7.77622565,-3.67836027,-40.35983831,0.0,35.56240604,0.82858308,9.19726649,2.70695596,-6.16723799,-1.15716689,37.45268883,0.0,-36.69205147,0.72100622
1760625442.475,12.54723763,-1.49418617,1.64911231,-0.03718922,0.91951117,-0.0088004,80.0,-7.0,0.0,80.0,1.3962634,0.0,0.0,0.0,80.0,-7.0,0.0,80.0,1.3962634,0.0,0.0,0.0,-14.45104638,-1.48833841,-0.46810767,7.86060945,-3.73385199,-40.33374121,0.0,35.5919718,0.84060111,9.19970143,2.76813515,-6.16908635,-1.25362875,37.4842399,0.0,-36.75576184,0.68219781
1760625442.508,12.54545909,-1.49573186,1.64898959,-0.0370049,0.91952841,-0.00907076,80.0,-7.0,0.0,80.0,1.3962634,0.0,0.0,0.0,80.0,-7.0,0.0,80.0,1.3962634,0.0,0.0,0.0,-14.45808876,-1.48772147,-0.46798501,7.87501751,-3.75545076,-40.31403534,0.0,35.61122624,0.85400548,9.19117327,2.76325092,-6.20479659,-1.2372301,37.44215952,0.0,-36.79263922,0.65743038
1760625442.542,12.63077254,-1.50093896,1.68845061,-0.03694089,0.91978166,-0.00908462,80.0,-7.0,0.0,80.0,1.3962634,0.0,0.0,0.0,80.0,-7.0,0.0,80.0,1.3962634,0.0,0.0,0.0,-14.44174702,-1.49633507,-0.46003914,7.77431205,-3.74058514,-40.32990242,0.0,35.60198568,0.87013395,9.19498936,2.63456309,-6.25599131,-1.23134564,37.35395482,0.0,-36.74155632,0.65448633
1760625442.575,12.63224594,-1.49292286,1.69891953,-0.03700468,0.91981044,-0.00948587,80.0,-7.0,0.0,80.0,1.3962634,0.0,0.0,0.0,80.0,-7.0,0.0,80.0,1.3962634,0.0,0.0,0.0,-14.44030222,-1.48735136,-0.44822483,7.78706775,-3.76003156,-40.3489515,0.0,35.58342705,0.86877942,9.19375152,2.63313344,-6.25075468,-1.25505185,37.33754407,0.0,-36.76994673,0.63310869
1760625442.609,12.61273742,-1.47592094,1.76465535,-0.03732081,0.91963197,-0.01012979,80.0,-7.0,0.0,80.0,1.3962634,0.0,0.0,0.0,80.0,-7.0,0.0,80.0,1.3962634,0.0,0.0,0.0,-14.48409432,-1.41657452,-0.37772621,7.85100855,-3.83204417,-40.39077112,0.0,35.53910349,0.84948159,9.19706114,2.70993863,-6.16886144,-1.15612562,37.42928998,0.0,-36.87767225,0.60401977
1760625442.642,12.69811171,-1.53216766,1.83763402,-0.03738712,0.91976987,-0.0103488,80.0,-7.0,0.0,80.0,1.3962634,0.0,0.0,0.0,80.0,-7.0,0.0,80.0,1.3962634,0.0,0.0,0.0,-14.48059633,-1.38978643,-0.30119456,7.77048698,-3.77686126,-40.46135392,0.0,35.46356086,0.86089752,9.19156703,2.64318632,-6.20201615,-1.02523198,37.44032525,0.0,-36.90619139,0.59951137
1760625442.676,12.73677984,-1.65363733,1.89784168,-0.03748604,0.91953781,-0.01133243,80.0,-7.0,0.0,80.0,1.3962634,0.0,0.0,0.0,80.0,-7.0,0.0,80.0,1.3962634,0.0,0.0,0.0,-14.54821625,-1.20704236,-0.15583267,7.81147831,-3.83204094,-40.55073595,0.0,35.36045656,0.87453243,9.19837387,2.70630341,-6.10783577,-0.83323664,37.48420468,0.0,-36.94432999,0.56593067
1760625442.709,12.74636893,-1.65610691,1.90012656,-0.03705399,0.91926352,-0.01151088,80.0,-7.0,0.0,80.0,1.3962634,0.0,0.0,0.0,80.0,-7.0,0.0,80.0,1.3962634,0.0,0.0,0.0,-14.53945763,-1.20906477,-0.15301024,7.81537186,-3.81685017,-40.56729897,0.0,35.34434756,0.87079574,9.20758777,2.72266576,-6.08644202,-0.84920443,37.49050703,0.0,-36.94090125,0.56945662
1760625442.743,12.74307807,-1.63890346,1.94148414,-0.03713936,0.91905583,-0.01205964,80.0,-7.0,0.0,80.0,1.3962634,0.0,0.0,0.0,80.0,-7.0,0.0,80.0,1.3962634,0.0,0.0,0.0,-14.55844171,-1.14483651,-0.08685954,7.84435529,-3.89989968,-40.61713738,0.0,35.27972559,0.8764208,9.20615111,2.78201461,-5.96910517,-0.73013176,37.4943223,0.0,-36.92443079,0.53176099
1760625442.776,12.81119672,-1.65226855,2.02211915,-0.03683692,0.91912867,-0.01226277,80.0,-7.0,0.0,80.0,1.3962634,0.0,0.0,0.0,80.0,-7.0,0.0,80.0,1.3962634,0.0,0.0,0.0,-14.52105653,-1.09841669,0.01246111,7.72976122,-3.93539729,-40.69813998,0.0,35.18031657,0.8731015,9.19844344,2.73239144,-5.94357854,-0.55146666,37.3710291,0.0,-36.79078071,0.55257259
1760625442.809,12.81690945,-1.65449455,2.02412,-0.03658774,0.91924361,-0.01242763,80.0,-7.0,0.0,80.0,1.3962634,0.0,0.0,0.0,80.0,-7.0,0.0,80.0,1.3962634,0.0,0.0,0.0,-14.50808007,-1.09416372,0.01721936,7.6987021,-3.94534497,-40.68679491,0.0,35.18925296,0.85959746,9.20181452,2.766148,-5.93186206,-0.53347614,37.3528119,0.0,-36.79601111,0.51157007
1760625442.843,12.83364702,-1.62624678,2.05985388,-0.0364069,0.91953033,-0.01256568,80.0,-7.0,0.0,80.0,1.3962634,0.0,0.0,0.0,80.0,-7.0,0.0,80.0,1.3962634,0.0,0.0,0.0,-14.43312262,-1.04227842,0.07205065,7.59721836,-4.04513987,-40.72569505,0.0,35.13860542,0.85114364,9.20462296,2.71957454,-5.86336789,-0.43111136,37.2899179,0.0,-36.73762484,0.49051145
1760625442.876,12.84189994,-1.62449283,2.0679843,-0.03649211,0.91969076,-0.01251181,80.0,-7.0,0.0,80.0,1.3962634,0.0,0.0,0.0,80.0,-7.0,0.0,80.0,1.3962634,0.0,0.0,0.0,-14.42158793,-1.04143686,0.08102313,7.58353985,-4.06442218,-40.72645598,0.0,35.13659945,0.84516192,9.19664585,2.74316341,-5.88451757,-0.44349358,37.2911067,0.00163002,-36.73319656,0.4741108
1760625442.91,12.84430875,-1.62849203,2.08016747,-0.03655807,0.91971015,-0.01243611,80.0,-7.0,0.0,80.0,1.3962634,0.0,0.0,0.0,80.0,-7.0,0.0,80.0,1.3962634,0.0,0.0,0.0,-14.40248097,-1.04481549,0.09879221,7.56384558,-4.1009267,-40.74463355,0.0,35.11648697,0.84651758,9.21664297,2.77567447,-5.90905458,-0.42798203,37.28515781,0.08271411,-36.74532076,0.47245268
1760625442.977,12.87169862,-1.59736674,2.09956278,-0.03691978,0.92006537,-0.0127475,80.0,-7.0,0.0,80.0,1.3962634,0.0,0.0,0.0,80.0,-7.0,0.0,80.0,1.3962634,0.0,0.0,0.0,-14.36581578,-1.01923505,0.13105824,7.50826715,-4.20377706,-40.77022503,0.0,35.08861634,0.8426135,9.21150991,2.79129579,-5.88356277,-0.44643653,37.32964572,0.29276179,-36.80625146,0.5773701
1760625443.01,12.85092871,-1.78270486,2.10100117,-0.03666659,0.91996242,-0.01384236,80.0,-7.0,0.0,80.0,1.3962634,0.0,0.0,0.0,80.0,-7.0,0.0,80.0,1.3962634,0.0,0.0,0.0,-14.14385278,-0.70818337,0.37291661,7.30000212,-4.39089375,-40.84301957,0.0,35.07461157,0.84052208,9.22657511,2.65800768,-5.72213789,-0.24150104,37.35214058,0.28089066,-36.84369968,0.52075329
1760625443.044,12.85704629,-1.78577164,2.09380213,-0.03609646,0.91958179,-0.01365213,80.0,-7.0,0.0,80.0,1.3962634,0.0,0.0,0.0,80.0,-7.0,0.0,80.0,1.3962634,0.0,0.0,0.0,-14.13701907,-0.71247267,0.36371991,7.30253393,-4.39982417,-40.82840167,0.0,35.08959595,0.84257462,9.22309235,2.66601414,-5.72325043,-0.22205548,37.35662844,0.28632986,-36.84035372,0.52078432
1760625443.077,12.83385147,-1.70686712,2.05614238,-0.03583087,0.91963211,-0.01380721,80.0,-7.0,0.0,80.0,1.3962634,0.0,0.0,0.0,80.0,-7.0,0.0,80.0,1.3962634,0.0,0.0,0.0,-14.07887597,-0.71857421,0.32896289,7.291973,-4.49993227,-40.8267384,0.0,35.11033862,0.83683968,9.22584092,2.64559245,-5.66286343,-0.27676271,37.367019,0.30314717,-36.84864628,0.54457275
1760625443.111,12.84185254,-1.70928327,2.04366654,-0.03553102,0.91963997,-0.013722,80.0,-7.0,0.0,80.0,1.3962634,0.0,0.0,0.0,80.0,-7.0,0.0,80.0,1.3962634,0.0,0.0,0.0,-14.06771268,-0.72063242,0.31505336,7.30348731,-4.51038352,-40.80170223,0.0,35.13623147,0.84534933,9.22463548,2.64888972,-5.66980202,-0.24412567,37.3651601,0.31234632,-36.85378337,0.53640858
1760625443.144,12.81063557,-1.60949699,1.964428,-0.03540175,0.9194939,-0.01348025,80.0,-7.0,0.0,80.0,1.3962634,0.0,0.0,0.0,80.0,-7.0,0.0,80.0,1.3962634,0.0,0.0,0.0,-13.92985088,-0.8080871,0.19682558,7.23805202,-4.541217,-40.73987431,0.0,35.25328386,0.84702647,9.24501819,2.5351183,-5.66008196,-0.39346193,37.34936582,0.30025487,-36.83284538,0.52444154
1760625443.177,12.81824933,-1.60483223,1.96275025,-0.03562745,0.91962585,-0.01316594,80.0,-7.0,0.0,80.0,1.3962634,0.0,0.0,0.0,80.0,-7.0,0.0,80.0,1.3962634,0.0,0.0,0.0,-13.92081129,-0.80647795,0.19359798,7.24924719,-4.55040656,-40.7347729,0.0,35.25904559,0.85452456,9.23958007,2.53001235,-5.66993954,-0.38633057,37.35483284,0.30516528,-36.82845877,0.52660045
1760625443.211,12.83008265,-1.58669896,1.94152195,-0.03583467,0.91964516,-0.0130371,80.0,-7.0,0.0,80.0,1.3962634,0.0,0.0,0.0,80.0,-7.0,0.0,80.0,1.3962634,0.0,0.0,0.0,-13.90673891,-0.8140938,0.16440023,7.26642221,-4.5558077,-40.71847265,0.0,35.28086635,0.83523662,9.24550366,2.49588605,-5.67543331,-0.34356149,37.33430204,0.22917256,-36.78347031,0.48669388
1760625443.244,12.83670335,-1.57617156,1.942534,-0.03598443,0.91961458,-0.01288604,80.0,-7.0,0.0,80.0,1.3962634,0.0,0.0,0.0,80.0,-7.0,0.0,80.0,1.3962634,0.0,0.0,0.0,-13.90039263,-0.80852404,0.16560264,7.26881468,-4.5535963,-40.71039016,0.0,35.28973786,0.84134336,9.24575599,2.49079243,-5.68021043,-0.34210928,37.32887302,0.22512882,-36.78288995,0.48749947
1760625443.278,12.84451505,-1.55954722,1.92402085,-0.03556095,0.91969161,-0.01299082,80.0,-7.0,0.0,80.0,1.3962634,0.0,0.0,0.0,80.0,-7.0,0.0,80.0,1.3962634,0.0,0.0,0.0,-13.88635762,-0.81219714,0.14171088,7.25819983,-4.55107747,-40.68649572,0.0,35.31694296,0.8649791,9.23912868,2.47170807,-5.68343065,-0.33734826,37.29638739,0.2032291,-36.76911368,0.47535975
1760625443.311,12.80046222,-1.39051521,1.86169227,-0.03537382,0.91988169,-0.01278286,80.0,-7.0,0.0,80.0,1.3962634,0.0,0.0,0.0,80.0,-7.0,0.0,80.0,1.3962634,0.0,0.0,0.0,-13.76942128,-0.96968092,-0.05010663,7.18933118,-4.52514959,-40.584591,0.0,35.44187232,0.83711121,9.23673451,2.34121949,-5.70857849,-0.55351966,37.06255172,0.32966643,-36.51605872,0.59824636
1760625443.345,12.71489628,-1.41186659,1.88156761,-0.0353972,0.91991089,-0.01257859,80.0,-7.0,0.0,80.0,1.3962634,0.0,0.0,0.0,80.0,-7.0,0.0,80.0,1.3962634,0.0,0.0,0.0,-13.83712987,-0.98154841,-0.04968023,7.32925954,-4.47178231,-40.56821026,0.0,35.44388026,0.83002557,9.23541302,2.47814392,-5.76355202,-0.57295454,37.17799083,0.38738507,-36.6159189,0.62261515
1760625443.378,12.82812543,-1.39027088,1.93531922,-0.03539,0.92011296,-0.01255895,80.0,-7.0,0.0,80.0,1.3962634,0.0,0.0,0.0,80.0,-7.0,0.0,80.0,1.3962634,0.0,0.0,0.0,-14.00482601,-1.03042591,-0.11049462,7.36911845,-4.4170589,-40.5222922,0.0,35.3901939,0.8482761,9.23840704,2.51268259,-5.79827343,-0.59293581,37.49235824,0.30293587,-36.9284285,0.51594995
1760625443.412,12.81229329,-1.38506459,1.94750872,-0.03520625,0.91995837,-0.01269019,80.0,-7.0,0.0,80.0,1.3962634,0.0,0.0,0.0,80.0,-7.0,0.0,80.0,1.3962634,0.0,0.0,0.0,-14.02406688,-1.02823618,-0.09738584,7.38044366,-4.39245226,-40.5440864,0.0,35.35887037,0.80298895,9.22555451,2.52865912,-5.7798763,-0.63624444,37.5103697,0.34846441,-36.97457162,0.54656782
1760625443.445,12.79964571,-1.38665891,1.95255501,-0.03515684,0.91991661,-0.01276063,80.0,-7.0,0.0,80.0,1.3962634,0.0,0.0,0.0,80.0,-7.0,0.0,80.0,1.3962634,0.0,0.0,0.0,-14.03793818,-1.03045996,-0.09226646,7.37722825,-4.38081128,-40.56237678,0.0,35.33963081,0.80217727,9.2293974,2.52470293,-5.76647138,-0.66010549,37.51449698,0.34710571,-36.97977736,0.5562145
1760625443.478,12.95833574,-1.48027868,2.01740871,-0.03555578,0.92000725,-0.01316557,80.0,-7.0,0.0,80.0,1.3962634,0.0,0.0,0.0,80.0,-7.0,0.0,80.0,1.3962634,0.0,0.0,0.0,-14.28767237,-0.9515941,-0.05559555,7.43988794,-4.33321419,-40.50432016,0.0,35.21427232,0.82148046,9.22699473,2.58079762,-5.76961085,-0.63638676,37.94662496,0.33817496,-37.41073311,0.4840372
1760625443.512,12.89678109,-1.48687195,1.97050559,-0.03561677,0.91975534,-0.01359244,80.0,-7.0,0.0,80.0,1.3962634,0.0,0.0,0.0,80.0,-7.0,0.0,80.0,1.3962634,0.0,0.0,0.0,-14.35816682,-0.92702733,-0.09691155,7.54646865,-4.33088819,-40.45243207,0.0,35.22710515,0.81160725,9.2271177,2.65415168,-5.69207549,-0.74411772,38.08491753,0.28683967,-37.52985557,0.43014997
1760625443.545,12.92532781,-1.5397539,1.95596236,-0.03555596,0.91977197,-0.01363379,80.0,-7.0,0.0,80.0,1.3962634,0.0,0.0,0.0,80.0,-7.0,0.0,80.0,1.3962634,0.0,0.0,0.0,-14.43763448,-0.90425622,-0.14232728,7.57625549,-4.27037337,-40.39245662,0.0,35.22057085,0.81548387,9.2202869,2.65962774,-5.68461141,-0.84105019,38.33213622,0.21643746,-37.75397327,0.35078821
1760625443.579,13.07449628,-1.5543969,2.03352412,-0.03588339,0.91971955,-0.01374313,80.0,-7.0,0.0,80.0,1.3962634,0.0,0.0,0.0,80.0,-7.0,0.0,80.0,1.3962634,0.0,0.0,0.0,-14.65501129,-0.90654333,-0.12715799,7.61926836,-4.21113519,-40.35594135,0.0,35.11283425,0.80379296,9.22280516,2.68917475,-5.69787042,-0.7596034,38.76146252,0.17004698,-38.15502702,0.27785095
1760625443.612,13.1821687,-1.49642068,1.98787873,-0.03636885,0.91960638,-0.01312189,80.0,-7.0,0.0,80.0,1.3962634,0.0,0.0,0.0,80.0,-7.0,0.0,80.0,1.3962634,0.0,0.0,0.0,-14.90185389,-1.05370289,-0.22332848,7.74586801,-4.10442783,-40.23522352,0.0,35.13431317,0.82476957,9.22394165,2.79170639,-5.76307313,-0.90337652,39.29578842,0.08264335,-38.65909958,0.13362126
1760625443.646,13.14747726,-1.45727683,1.94496701,-0.03667436,0.91944163,-0.01285105,80.0,-7.0,0.0,80.0,1.3962634,0.0,0.0,0.0,80.0,-7.0,0.0,80.0,1.3962634,0.0,0.0,0.0,-14.95503424,-1.08190687,-0.26861476,7.83560287,-4.110176,-40.17931339,0.0,35.15864524,0.82377062,9.22156812,2.86753763,-5.72732595,-1.00979816,39.46717613,0.10862417,-38.83424483,0.11634496
1760625443.679,13.1248313,-1.46234322,1.96607811,-0.03632724,0.9194645,-0.01263161,80.0,-7.0,0.0,80.0,1.3962634,0.0,0.0,0.0,80.0,-7.0,0.0,80.0,1.3962634,0.0,0.0,0.0,-14.97716734,-1.10484841,-0.25301219,7.86158932,-4.07898027,-40.18033598,0.0,35.1461084,0.81443643,9.21435359,2.90116817,-5.75318088,-0.99119557,39.50290365,0.21737479,-38.87162483,0.18919014
1760625443.713,13.03736448,-1.45335054,1.96413529,-0.03651926,0.91924634,-0.01167241,80.0,-7.0,0.0,80.0,1.3962634,0.0,0.0,0.0,80.0,-7.0,0.0,80.0,1.3962634,0.0,0.0,0.0,-15.0615067,-1.22626617,-0.26480509,8.02340493,-3.96407556,-40.16142541,0.0,35.12618245,0.80278263,9.20906602,3.06753631,-5.85022451,-0.98828787,39.59972947,0.18425561,-38.96646264,0.12984549
1760625443.746,13.12368483,-1.30766807,2.00067434,-0.03641099,0.9195265,-0.01147924,80.0,-7.0,0.0,80.0,1.3962634,0.0,0.0,0.0,80.0,-7.0,0.0,80.0,1.3962634,0.0,0.0,0.0,-15.1220559,-1.42038843,-0.24419347,7.96673476,-3.91867044,-40.13333166,0.0,35.03704391,0.82060759,9.2055376,3.0436461,-5.90833643,-0.8875963,39.66432659,0.19040076,-39.06240974,0.11866147
1760625443.78,13.11938599,-1.31481117,2.00716356,-0.03635872,0.9194064,-0.01159788,80.0,-7.0,0.0,80.0,1.3962634,0.0,0.0,0.0,80.0,-7.0,0.0,80.0,1.3962634,0.0,0.0,0.0,-15.12659142,-1.42871509,-0.23808046,7.96721649,-3.91631754,-40.09851224,0.0,35.0705734,0.81966317,9.20568315,3.04368454,-5.90636588,-0.8601956,39.66500788,0.21389023,-39.06543232,0.11205163
1760625443.813,13.11550461,-1.32564589,2.01395346,-0.03652529,0.91915666,-0.01213652,80.0,-7.0,0.0,80.0,1.3962634,0.0,0.0,0.0,80.0,-7.0,0.0,80.0,1.3962634,0.0,0.0,0.0,-15.13129279,-1.43214989,-0.22581838,7.97886855,-3.90566874,-40.10153362,0.0,35.06337594,0.80972995,9.20623214,3.03756013,-5.90936316,-0.86557739,39.674578,0.22026551,-39.05027433,0.10935689
1760625443.846,13.11832132,-1.32747045,2.02269373,-0.03650106,0.91889968,-0.01210318,80.0,-7.0,0.0,80.0,1.3962634,0.0,0.0,0.0,80.0,-7.0,0.0,80.0,1.3962634,0.0,0.0,0.0,-15.12880616,-1.43357846,-0.21590894,7.98347975,-3.8965055,-40.10790139,0.0,35.05578817,0.80779288,9.21111905,3.04397413,-5.90363046,-0.87601781,39.67426546,0.21290104,-39.04649402,0.10839059
1760625443.88,13.04848761,-1.40138906,2.02662252,-0.03693838,0.91880273,-0.01129196,80.0,-7.0,0.0,80.0,1.3962634,0.0,0.0,0.0,80.0,-7.0,0.0,80.0,1.3962634,0.0,0.0,0.0,-15.1614514,-1.46165902,-0.16540248,8.10874718,-3.79839131,-40.11417336,0.0,35.00543388,0.79752844,9.21617455,3.14107952,-5.99386748,-0.78591197,39.62162208,0.22321739,-38.99321727,0.12798571
1760625443.913,13.00382127,-1.42245781,1.98594487,-0.03725013,0.91872047,-0.0110735,80.0,-7.0,0.0,80.0,1.3962634,0.0,0.0,0.0,80.0,-7.0,0.0,80.0,1.3962634,0.0,0.0,0.0,-15.20120358,-1.47390307,-0.11107768,8.22640188,-3.77834157,-40.08965668,0.0,34.95453945,0.78278545,9.23317436,3.218887,-6.03780956,-0.76385893,39.57016474,0.28301712,-38.9375065,0.21656717
1760625443.947,13.00415435,-1.43030715,1.9843113,-0.03711741,0.91858567,-0.01120484,80.0,-7.0,0.0,80.0,1.3962634,0.0,0.0,0.0,80.0,-7.0,0.0,80.0,1.3962634,0.0,0.0,0.0,-15.20132342,-1.47678533,-0.10535742,8.25262686,-3.75971152,-40.09250001,0.0,34.9473182,0.77240039,9.24992974,3.21891936,-6.0362054,-0.7657855,39.55338253,0.28947916,-38.94803422,0.2051653
1760625443.98,12.95181201,-1.50313088,1.94619325,-0.03744037,0.91859477,-0.01097852,80.0,-7.0,0.0,80.0,1.3962634,0.0,0.0,0.0,80.0,-7.0,0.0,80.0,1.3962634,0.0,0.0,0.0,-15.24130132,-1.48613672,-0.08432004,8.36935319,-3.67658268,-40.06122156,0.0,34.94346944,0.77217565,9.25714841,3.30663438,-6.10523774,-0.76809413,39.54403582,0.27103305,-38.95452209,0.18027507
1760625444.014,12.96238212,-1.52024089,1.95405689,-0.03773793,0.91856171,-0.01051322,80.0,-7.0,0.0,80.0,1.3962634,0.0,0.0,0.0,80.0,-7.0,0.0,80.0,1.3962634,0.0,0.0,0.0,-15.25233258,-1.50998288,-0.05176611,8.37792124,-3.6409568,-40.07107854,0.0,34.91082735,0.78911248,9.26418363,3.30949665,-6.15964291,-0.76497399,39.53542146,0.31265693,-38.92434409,0.22996019
1760625444.047,12.95755102,-1.53710247,1.94913871,-0.03754511,0.91849301,-0.01072266,80.0,-7.0,0.0,80.0,1.3962634,0.0,0.0,0.0,80.0,-7.0,0.0,80.0,1.3962634,0.0,0.0,0.0,-15.25905009,-1.52201964,-0.03174484,8.390809,-3.61136514,-40.0655593,0.0,34.89679423,0.78086422,9.26332285,3.32528855,-6.18597598,-0.75610764,39.49349723,0.26806618,-38.89173213,0.19106713
1760625444.08,12.91187523,-1.58281183,1.94455414,-0.03741392,0.91855008,-0.01071202,80.0,-7.0,0.0,80.0,1.3962634,0.0,0.0,0.0,80.0,-7.0,0.0,80.0,1.3962634,0.0,0.0,0.0,-15.28385225,-1.54939108,0.03096825,8.44816959,-3.54730622,-40.06519497,0.0,34.83655144,0.77383603,9.25751307,3.41373119,-6.24668203,-0.68685902,39.38488288,0.24497187,-38.83123474,0.16305869
1760625444.114,12.90778593,-1.58316917,1.95429473,-0.03714097,0.91851862,-0.01126154,80.0,-7.0,0.0,80.0,1.3962634,0.0,0.0,0.0,80.0,-7.0,0.0,80.0,1.3962634,0.0,0.0,0.0,-15.28761878,-1.54971982,0.04533212,8.43696381,-3.54328958,-40.04940808,0.0,34.85028079,0.7736717,9.26041386,3.42622147,-6.24850128,-0.68705809,39.3969783,0.24359056,-38.81641522,0.16346985
1760625444.147,12.89836541,-1.59617715,1.96279957,-0.0368211,0.91869169,-0.01138083,80.0,-7.0,0.0,80.0,1.3962634,0.0,0.0,0.0,80.0,-7.0,0.0,80.0,1.3962634,0.0,0.0,0.0,-15.29367032,-1.54991455,0.0657519,8.4178644,-3.54272453,-40.04232608,0.0,34.84525082,0.81478138,9.25855388,3.43344048,-6.26362612,-0.70064408,39.40406882,0.27963303,-38.79613966,0.1843306
1760625444.181,12.89665446,-1.60745303,1.95322652,-0.03697488,0.91876079,-0.01161677,80.0,-7.0,0.0,80.0,1.3962634,0.0,0.0,0.0,80.0,-7.0,0.0,80.0,1.3962634,0.0,0.0,0.0,-15.29820785,-1.54524048,0.06868627,8.40727285,-3.5305392,-40.02758712,0.0,34.8496899,0.82108455,9.25056905,3.44439147,-6.26767698,-0.69454207,39.37525918,0.23395459,-38.79374027,0.14958758
1760625444.215,12.88669378,-1.60932825,1.94921473,-0.03645065,0.91867329,-0.01166398,80.0,-7.0,0.0,80.0,1.3962634,0.0,0.0,0.0,80.0,-7.0,0.0,80.0,1.3962634,0.0,0.0,0.0,-15.30368892,-1.53866237,0.07171866,8.40402259,-3.52116945,-40.02307548,0.0,34.84715959,0.81718793,9.2544932,3.43402169,-6.25649865,-0.68816752,39.37171079,0.26231891,-38.77997568,0.14378046
1760625444.248,12.79609935,-1.69799974,1.83558496,-0.03615421,0.91871066,-0.0114987,80.0,-7.0,0.0,80.0,1.3962634,0.0,0.0,0.0,80.0,-7.0,0.0,80.0,1.3962634,0.0,0.0,0.0,-15.15237863,-1.40971961,0.16055474,8.33874026,-3.56411798,-39.87065105,0.0,34.75999115,0.80982134,9.25390226,3.36260988,-6.18248327,-0.71293787,39.05810237,0.3583008,-38.466758,0.25003736
1760625444.281,12.79314472,-1.68503667,1.83769705,-0.03624565,0.91881234,-0.01095614,80.0,-7.0,0.0,80.0,1.3962634,0.0,0.0,0.0,80.0,-7.0,0.0,80.0,1.3962634,0.0,0.0,0.0,-15.15530051,-1.4042742,0.16259734,8.33109927,-3.55236442,-39.84933247,0.0,34.77740673,0.82742558,9.25757267,3.34713486,-6.17213792,-0.69354723,39.07049663,0.35390465,-38.45361691,0.26566276
1760625444.315,12.79245179,-1.67433466,1.81345947,-0.03606688,0.91887624,-0.0107445,80.0,-7.0,0.0,80.0,1.3962634,0.0,0.0,0.0,80.0,-7.0,0.0,80.0,1.3962634,0.0,0.0,0.0,-15.15888309,-1.40982162,0.14695238,8.31954256,-3.52590454,-39.79551124,0.0,34.81671605,0.79681432,9.27649913,3.34902022,-6.15497075,-0.67375955,39.06514127,0.30821357,-38.46477646,0.22635922
1760625444.348,12.78645486,-1.66760728,1.79549346,-0.0362707,0.91892774,-0.0114534,80.0,-7.0,0.0,80.0,1.3962634,0.0,0.0,0.0,80.0,-7.0,0.0,80.0,1.3962634,0.0,0.0,0.0,-15.17248716,-1.39871256,0.14102524,8.32695186,-3.52934443,-39.74280725,0.0,34.8600056,0.72229663,9.32183798,3.36406208,-6.13156975,-0.65467053,39.09014216,0.27269409,-38.47499425,0.19027835
1760625444.382,12.78094061,-1.65097388,1.7914449,-0.03644988,0.91899097,-0.01173894,80.0,-7.0,0.0,80.0,1.3962634,0.0,0.0,0.0,80.0,-7.0,0.0,80.0,1.3962634,0.0,0.0,0.0,-15.19887434,-1.37964454,0.14905362,8.28116278,-3.54352577,-39.69284813,0.0,34.8945385,0.74968496,9.36805377,3.38812331,-6.10204309,-0.66525388,39.13246344,0.36291133,-38.51343746,0.2445863
1760625444.415,12.77340449,-1.64597628,1.78710465,-0.03657596,0.91904278,-0.01168763,80.0,-7.0,0.0,80.0,1.3962634,0.0,0.0,0.0,80.0,-7.0,0.0,80.0,1.3962634,0.0,0.0,0.0,-15.20928946,-1.37400968,0.14654458,8.25715811,-3.54411077,-39.67425851,0.0,34.91091607,0.72692406,9.37038906,3.39938124,-6.10428558,-0.65100469,39.13888077,0.37284205,-38.50983815,0.23584428
1760625444.449,13.08025881,-1.62111975,1.75111603,-0.03693522,0.9195987,-0.01164102,80.0,-7.0,0.0,80.0,1.3962634,0.0,0.0,0.0,80.0,-7.0,0.0,80.0,1.3962634,0.0,0.0,0.0,-15.52980511,-1.36940998,0.24284658,8.22503707,-3.57743142,-39.50587155,0.0,34.77593369,0.70336814,9.36457784,3.42209024,-6.100839,-0.54886072,39.30662016,0.29414734,-38.66726168,0.16946065
1760625444.482,13.07689496,-1.60150021,1.73777588,-0.03724161,0.91967612,-0.01201202,80.0,-7.0,0.0,80.0,1.3962634,0.0,0.0,0.0,80.0,-7.0,0.0,80.0,1.3962634,0.0,0.0,0.0,-15.5365206,-1.35215982,0.24167903,8.21785336,-3.6327142,-39.50691688,0.0,34.75244804,0.72437698,9.36652743,3.4402862,-6.08676722,-0.55356919,39.29845907,0.24349014,-38.65962101,0.13351037
1760625444.516,13.09232164,-1.56150041,1.74124107,-0.03703937,0.91958195,-0.01275299,80.0,-7.0,0.0,80.0,1.3962634,0.0,0.0,0.0,80.0,-7.0,0.0,80.0,1.3962634,0.0,0.0,0.0,-15.52228142,-1.28742421,0.27114413,8.18980572,-3.755904,-39.4956367,0.0,34.70496334,0.70398258,9.35766685,3.40842681,-6.00633896,-0.52377607,39.30467459,0.30423359,-38.68046486,0.15264757
1760625444.549,13.10241829,-1.5361794,1.77660614,-0.03679057,0.91936851,-0.01297818,80.0,-7.0,0.0,80.0,1.3962634,0.0,0.0,0.0,80.0,-7.0,0.0,80.0,1.3962634,0.0,0.0,0.0,-15.50455967,-1.25728478,0.31514949,8.16704984,-3.81033343,-39.51163719,0.0,34.66797446,0.71400363,9.35026551,3.38677084,-5.99439404,-0.53065333,39.3089817,0.38226567,-38.68776591,0.20165818
1760625444.582,13.10071524,-1.48744309,1.80774909,-0.03628838,0.9191769,-0.01337204,80.0,-7.0,0.0,80.0,1.3962634,0.0,0.0,0.0,80.0,-7.0,0.0,80.0,1.3962634,0.0,0.0,0.0,-15.45758562,-1.19004527,0.35686948,8.13779088,-3.92841521,-39.541061,0.0,34.59807075,0.71823728,9.36005778,3.3060173,-5.91748409,-0.5125004,39.32280365,0.38420754,-38.64141753,0.20972354
1760625444.616,13.10508496,-1.47139197,1.82907597,-0.03603433,0.91906534,-0.01316659,80.0,-7.0,0.0,80.0,1.3962634,0.0,0.0,0.0,80.0,-7.0,0.0,80.0,1.3962634,0.0,0.0,0.0,-15.43216845,-1.1709238,0.37916973,8.12531761,-3.94408424,-39.55950251,0.0,34.56905697,0.71073212,9.36219364,3.2541704,-5.94020179,-0.55037301,39.33607614,0.477664,-38.6481179,0.29268537
1760625444.649,13.07835534,-1.4459579,1.80337258,-0.03524596,0.91918443,-0.01269009,80.0,-7.0,0.0,80.0,1.3962634,0.0,0.0,0.0,80.0,-7.0,0.0,80.0,1.3962634,0.0,0.0,0.0,-15.25833009,-1.16800628,0.32286533,8.00261643,-3.91712076,-39.47170221,0.0,34.60263833,0.74376755,9.36713982,3.06923055,-5.94112495,-0.75242063,39.38515284,0.53759353,-38.72154484,0.28017831
1760625444.683,13.07961516,-1.43474435,1.80922433,-0.03552101,0.91911931,-0.01264388,80.0,-7.0,0.0,80.0,1.3962634,0.0,0.0,0.0,80.0,-7.0,0.0,80.0,1.3962634,0.0,0.0,0.0,-15.21980832,-1.16789253,0.3192126,7.97556875,-3.90926298,-39.46309884,0.0,34.60321991,0.74259819,9.37955831,3.01435503,-5.97394496,-0.82879134,39.39919055,0.61025058,-38.7637697,0.32316887
1760625444.716,13.074813,-1.41927904,1.81824408,-0.03524813,0.91918053,-0.01255989,80.0,-7.0,0.0,80.0,1.3962634,0.0,0.0,0.0,80.0,-7.0,0.0,80.0,1.3962634,0.0,0.0,0.0,-15.21886937,-1.15668702,0.33073735,7.97712009,-3.91268854,-39.43980206,0.0,34.62602426,0.74153684,9.37718934,3.01398811,-5.9923897,-0.83151957,39.39909346,0.62129615,-38.77390426,0.31358856
1760625444.75,13.00616977,-1.41882899,1.7256979,-0.03533033,0.91909754,-0.01209096,80.0,-7.0,0.0,80.0,1.3962634,0.0,0.0,0.0,80.0,-7.0,0.0,80.0,1.3962634,0.0,0.0,0.0,-15.1302778,-1.21838134,0.20115761,8.00100356,-3.83888593,-39.30498079,0.0,34.74558733,0.73475266,9.36462374,2.95312722,-6.09602485,-1.11709139,39.57504165,0.67334107,-38.97780775,0.32507049
1760625444.783,13.00611733,-1.40909832,1.73851583,-0.03517032,0.91949912,-0.01208533,80.0,-7.0,0.0,80.0,1.3962634,0.0,0.0,0.0,80.0,-7.0,0.0,80.0,1.3962634,0.0,0.0,0.0,-15.12406714,-1.2145346,0.21405554,8.00238624,-3.84981101,-39.28385119,0.0,34.76568965,0.73923832,9.36077419,2.95578073,-6.11143297,-1.11106151,39.56785795,0.67730534,-38.98849493,0.31499406
1760625444.817,12.75126873,-1.33099312,1.84478951,-0.03480165,0.91939764,-0.01235708,80.0,-7.0,0.0,80.0,1.3962634,0.0,0.0,0.0,80.0,-7.0,0.0,80.0,1.3962634,0.0,0.0,0.0,-14.77505914,-1.2996656,0.163551,7.92166783,-3.84368889,-39.2569974,0.0,34.67592745,0.74800266,9.37662597,2.87235539,-6.15751782,-1.080657,39.81311532,0.70187434,-39.23692699,0.2846082
1760625444.85,12.91600357,-1.34777318,1.8708188,-0.03490534,0.91960109,-0.01272277,80.0,-7.0,0.0,80.0,1.3962634,0.0,0.0,0.0,80.0,-7.0,0.0,80.0,1.3962634,0.0,0.0,0.0,-14.66229874,-1.26153053,0.17760025,7.6768449,-3.88016874,-39.25852207,0.0,34.65110534,0.77100592,9.36474316,2.60403088,-6.18390289,-1.07698172,39.72438714,0.74087471,-39.1257838,0.3573188
1760625444.883,12.92143027,-1.34780086,1.873095,-0.03488762,0.91951744,-0.01299925,80.0,-7.0,0.0,80.0,1.3962634,0.0,0.0,0.0,80.0,-7.0,0.0,80.0,1.3962634,0.0,0.0,0.0,-14.64962075,-1.25504616,0.18186285,7.67935246,-3.89488317,-39.23060308,0.0,34.67694917,0.7787779,9.36160242,2.60107982,-6.20077981,-1.05328068,39.70816626,0.73945688,-39.14209418,0.36728317
1760625444.917,12.6179447,-1.51362292,1.88408216,-0.03396103,0.91898555,-0.01333249,80.0,-7.0,0.0,80.0,1.3962634,0.0,0.0,0.0,80.0,-7.0,0.0,80.0,1.3962634,0.0,0.0,0.0,-14.06390153,-1.01616983,0.10201106,7.43747247,-3.97473567,-39.1267363,0.0,34.69407679,0.79679252,9.3686126,2.29084035,-6.14313332,-1.07005548,39.75992639,0.70997223,-39.1939455,0.34668068
1760625444.95,12.62095458,-1.50606198,1.87058413,-0.03401093,0.91898995,-0.01300695,80.0,-7.0,0.0,80.0,1.3962634,0.0,0.0,0.0,80.0,-7.0,0.0,80.0,1.3962634,0.0,0.0,0.0,-14.05977711,-1.01378402,0.08568845,7.45787175,-3.97804702,-39.10852258,0.0,34.71206508,0.81158186,9.36545476,2.25668583,-6.14896371,-1.0301308,39.75572516,0.71814863,-39.20184212,0.35741279
1760625444.984,12.49824731,-1.33431209,1.82601575,-0.03358166,0.91902975,-0.01290587,80.0,-7.0,0.0,80.0,1.3962634,0.0,0.0,0.0,80.0,-7.0,0.0,80.0,1.3962634,0.0,0.0,0.0,-13.29484551,-1.21545686,-0.16997457,6.81307628,-3.89957343,-38.97567219,0.0,34.86735026,0.83950273,9.35741663,1.55423858,-6.17393075,-1.27697848,39.56066267,0.74769352,-39.00258911,0.41379853
1760625445.017,12.56153209,-1.31596929,1.83295259,-0.03375918,0.91937604,-0.01296361,80.0,-7.0,0.0,80.0,1.3962634,0.0,0.0,0.0,80.0,-7.0,0.0,80.0,1.3962634,0.0,0.0,0.0,-13.24677983,-1.19976928,-0.17650966,6.70050871,-3.90049231,-38.98479948,0.0,34.86059613,0.84719702,9.36906503,1.40979463,-6.11827954,-1.27045278,39.54700979,0.78285412,-38.96961127,0.42728631
1760625445.051,12.55655397,-1.31511195,1.83174776,-0.03408137,0.9193897,-0.01275194,80.0,-7.0,0.0,80.0,1.3962634,0.0,0.0,0.0,80.0,-7.0,0.0,80.0,1.3962634,0.0,0.0,0.0,-13.24906806,-1.20069265,-0.18006196,6.68105484,-3.85192296,-39.01619536,0.0,34.83253411,0.83545567,9.36955493,1.38674341,-6.09003197,-1.30559271,39.56889406,0.83914325,-38.96020939,0.47643327
1760625445.084,12.53733416,-1.31648004,1.83415729,-0.03358359,0.91899283,-0.01256494,80.0,-7.0,0.0,80.0,1.3962634,0.0,0.0,0.0,80.0,-7.0,0.0,80.0,1.3962634,0.0,0.0,0.0,-13.26714549,-1.20374389,-0.17892909,6.66266567,-3.81819519,-39.00907875,0.0,34.84052238,0.82093427,9.38779407,1.39080444,-6.05802105,-1.29731125,39.57755778,0.83241308,-38.94949647,0.48656081
1760625445.118,12.5189267,-1.32379079,1.83344412,-0.0335074,0.91865157,-0.01269912,80.0,-7.0,0.0,80.0,1.3962634,0.0,0.0,0.0,80.0,-7.0,0.0,80.0,1.3962634,0.0,0.0,0.0,-13.2844648,-1.21102665,-0.18001842,6.64878551,-3.78690884,-39.004288,0.0,34.84621512,0.81192941,9.39608166,1.38845974,-6.02913514,-1.28746522,39.58228313,0.82891368,-38.94156741,0.49353819
1760625445.151,12.49262496,-1.33344261,1.83073256,-0.03316063,0.91856158,-0.0126117,80.0,-7.0,0.0,80.0,1.3962634,0.0,0.0,0.0,80.0,-7.0,0.0,80.0,1.3962634,0.0,0.0,0.0,-13.30640939,-1.22037896,-0.18465349,6.62975139,-3.7557742,-39.00160497,0.0,34.84951991,0.80738173,9.40012028,1.39270765,-5.99392662,-1.27492405,39.59762405,0.82009884,-38.92578762,0.51122842
1760625445.184,12.40078947,-1.35685869,1.88306364,-0.03396727,0.91852287,-0.012781,80.0,-7.0,0.0,80.0,1.3962634,0.0,0.0,0.0,80.0,-7.0,0.0,80.0,1.3962634,0.0,0.0,0.0,-13.32029956,-1.24888603,-0.11265708,6.66763347,-3.69221816,-39.07371273,0.0,34.7798991,0.81328128,9.36857695,1.47547236,-6.01041755,-1.14951992,39.51337807,0.80215971,-38.81351242,0.50258961
1760625445.218,12.28597362,-1.34037999,1.91100441,-0.03404207,0.91844046,-0.01303947,80.0,-7.0,0.0,80.0,1.3962634,0.0,0.0,0.0,80.0,-7.0,0.0,80.0,1.3962634,0.0,0.0,0.0,-13.37199741,-1.23629659,-0.04254119,6.78111702,-3.74964338,-39.12406523,0.0,34.72064847,0.79400153,9.36378623,1.62512525,-5.95995141,-1.05510387,39.47706565,0.83403467,-38.76610716,0.54056882
1760625445.251,12.26881662,-1.35228423,1.92326615,-0.03403511,0.91868914,-0.01278969,80.0,-7.0,0.0,80.0,1.3962634,0.0,0.0,0.0,80.0,-7.0,0.0,80.0,1.3962634,0.0,0.0,0.0,-13.38874067,-1.25098317,-0.03107121,6.77614947,-3.76204947,-39.14437477,0.0,34.69849732,0.80309031,9.3491054,1.6096001,-5.95280732,-1.06488559,39.48945952,0.8503362,-38.7348461,0.53665646
1760625445.285,12.14047053,-1.33119493,2.00891983,-0.0340379,0.91856855,-0.01266679,80.0,-7.0,0.0,80.0,1.3962634,0.0,0.0,0.0,80.0,-7.0,0.0,80.0,1.3962634,0.0,0.0,0.0,-13.46287466,-1.28457091,0.1138052,6.94440839,-3.78832077,-39.25263726,0.0,34.55756773,0.81239404,9.34473503,1.82034145,-5.95164795,-0.87112102,39.3431376,0.94679525,-38.62165681,0.5991728
1760625445.318,12.00265455,-1.33200688,1.99601931,-0.03408291,0.91847351,-0.01250362,80.0,-7.0,0.0,80.0,1.3962634,0.0,0.0,0.0,80.0,-7.0,0.0,80.0,1.3962634,0.0,0.0,0.0,-13.58377407,-1.31310142,0.15624933,7.19979452,-3.81167093,-39.28104105,0.0,34.50531201,0.81182712,9.33257198,2.05498707,-5.96823943,-0.81469327,39.32761968,0.91594547,-38.59434829,0.58853751
1760625445.352,11.99629791,-1.33445061,2.0022751,-0.03414726,0.91860263,-0.01227241,80.0,-7.0,0.0,80.0,1.3962634,0.0,0.0,0.0,80.0,-7.0,0.0,80.0,1.3962634,0.0,0.0,0.0,-13.59322458,-1.3184783,0.16166152,7.20662667,-3.82198835,-39.28633514,0.0,34.49911778,0.81670397,9.32751819,2.03879682,-5.9689428,-0.82320987,39.32254662,0.91476329,-38.5977842,0.59567577
1760625445.385,11.99779447,-1.33464335,2.01654806,-0.03408183,0.91860406,-0.01229725,80.0,-7.0,0.0,80.0,1.3962634,0.0,0.0,0.0,80.0,-7.0,0.0,80.0,1.3962634,0.0,0.0,0.0,-13.5951047,-1.32289868,0.1764013,7.21792026,-3.82747844,-39.28998079,0.0,34.49499131,0.82663973,9.32669687,2.02609948,-5.96677539,-0.84019847,39.31289008,0.91694138,-38.60366203,0.59483208
1760625445.419,12.08485517,-1.31850411,1.95261304,-0.03391707,0.91853194,-0.0125353,80.0,-7.0,0.0,80.0,1.3962634,0.0,0.0,0.0,80.0,-7.0,0.0,80.0,1.3962634,0.0,0.0,0.0,-13.68673146,-1.28275892,0.16221295,7.24587455,-3.89681514,-39.22090101,0.0,34.53072523,0.84135453,9.33371061,1.99770421,-5.87888102,-0.97387565,39.31598699,0.95203347,-38.58093648,0.6186121
1760625445.452,12.10340274,-1.33480411,1.94829268,-0.03427243,0.91846324,-0.01185842,80.0,-7.0,0.0,80.0,1.3962634,0.0,0.0,0.0,80.0,-7.0,0.0,80.0,1.3962634,0.0,0.0,0.0,-13.71284601,-1.30768445,0.1582784,7.27235176,-3.85344245,-39.21411439,0.0,34.53292303,0.84228027,9.34009187,1.98796445,-5.91622758,-1.02027636,39.34179178,1.04236279,-38.59896206,0.68885625
1760625445.486,12.4343807,-1.19072961,1.87921803,-0.03459569,0.9188234,-0.01131222,80.0,-7.0,0.0,80.0,1.3962634,0.0,0.0,0.0,80.0,-7.0,0.0,80.0,1.3962634,0.0,0.0,0.0,-14.13564465,-1.56655052,0.0402259,7.38978257,-3.71378074,-39.06548692,0.0,34.55359083,0.84543093,9.3366961,2.05102568,-6.00872655,-1.18573984,39.52762709,0.93862132,-38.758835,0.60035452
1760625445.519,12.44115554,-1.19448018,1.89739651,-0.03470674,0.91859182,-0.01141042,80.0,-7.0,0.0,80.0,1.3962634,0.0,0.0,0.0,80.0,-7.0,0.0,80.0,1.3962634,0.0,0.0,0.0,-14.13146203,-1.5736425,0.05780809,7.39962758,-3.69337046,-39.07064075,0.0,34.54902683,0.85115607,9.35149331,2.0495465,-5.9884843,-1.21137932,39.51299634,0.93197541,-38.77281006,0.59711222
1760625445.552,12.45317735,-1.23867716,1.87084618,-0.03478871,0.91841955,-0.01066839,80.0,-7.0,0.0,80.0,1.3962634,0.0,0.0,0.0,80.0,-7.0,0.0,80.0,1.3962634,0.0,0.0,0.0,-14.17142035,-1.62518848,0.02353398,7.43297778,-3.58626443,-39.03883253,0.0,34.56973717,0.84668617,9.34786512,2.05366898,-6.06052537,-1.27984584,39.55296265,0.8928451,-38.77676836,0.57439181
1760625445.586,12.45372989,-1.23811487,1.88346834,-0.03491572,0.91836104,-0.0105824,80.0,-7.0,0.0,80.0,1.3962634,0.0,0.0,0.0,80.0,-7.0,0.0,80.0,1.3962634,0.0,0.0,0.0,-14.17673297,-1.6307723,0.03465663,7.43364088,-3.57659956,-39.03599202,0.0,34.57164835,0.84760936,9.35099299,2.04390123,-6.05366791,-1.29131905,39.57234092,0.90710129,-38.76189342,0.58400454
1760625445.619,12.45375824,-1.24351391,1.89416496,-0.03444741,0.91806061,-0.01099482,80.0,-7.0,0.0,80.0,1.3962634,0.0,0.0,0.0,80.0,-7.0,0.0,80.0,1.3962634,0.0,0.0,0.0,-14.18007855,-1.63449407,0.04680071,7.45422241,-3.56632494,-39.04656825,0.0,34.56005557,0.84795986,9.35796827,2.05833859,-6.04721404,-1.30631998,39.55768007,0.92192509,-38.77945373,0.564787
1760625445.653,12.35117205,-1.28568917,1.93216317,-0.03500213,0.91767646,-0.01119846,80.0,-7.0,0.0,80.0,1.3962634,0.0,0.0,0.0,80.0,-7.0,0.0,80.0,1.3962634,0.0,0.0,0.0,-14.31967414,-1.60021491,0.10140407,7.7138283,-3.5638711,-39.09230292,0.0,34.49099951,0.83173645,9.34897892,2.31146796,-6.06102733,-1.2023077,39.59339683,0.92886464,-38.79731548,0.56379763
1760625445.686,12.29120653,-1.33734377,1.89724325,-0.03447358,0.91748669,-0.0119006,80.0,-7.0,0.0,80.0,1.3962634,0.0,0.0,0.0,80.0,-7.0,0.0,80.0,1.3962634,0.0,0.0,0.0,-14.44805971,-1.50946295,0.07434837,7.91459513,-3.61525021,-39.03790611,0.0,34.52344533,0.83837975,9.35955796,2.50161756,-6.01802607,-1.28261347,39.77826705,0.92044566,-38.94219877,0.5433438
1760625445.72,12.34867824,-1.45850368,1.95998532,-0.03444491,0.91756823,-0.01214421,80.0,-7.0,0.0,80.0,1.3962634,0.0,0.0,0.0,80.0,-7.0,0.0,80.0,1.3962634,0.0,0.0,0.0,-14.63132854,-1.38276339,0.09149261,8.05195936,-3.61922928,-39.06007354,0.0,34.45318788,0.86939569,9.36436358,2.66825096,-6.03166536,-1.21138176,39.92580079,0.81851435,-39.10967572,0.45673349
1760625445.753,12.37793428,-1.45630137,1.95712951,-0.03419459,0.91758689,-0.01249473,80.0,-7.0,0.0,80.0,1.3962634,0.0,0.0,0.0,80.0,-7.0,0.0,80.0,1.3962634,0.0,0.0,0.0,-14.62980542,-1.36289293,0.08320956,8.0336703,-3.63949167,-39.06621259,0.0,34.44131591,0.84565026,9.36802621,2.65128803,-6.01386212,-1.17103804,39.90753462,0.75137235,-39.08951575,0.40791001
1760625445.787,12.37740896,-1.49241055,1.94471915,-0.03416177,0.91756305,-0.01289571,80.0,-7.0,0.0,80.0,1.3962634,0.0,0.0,0.0,80.0,-7.0,0.0,80.0,1.3962634,0.0,0.0,0.0,-14.73465593,-1.25939756,0.06579724,8.12513868,-3.70106522,-39.03103212,0.0,34.45117935,0.85819935,9.37253201,2.76342063,-5.94583398,-1.20555713,40.05975465,0.78392377,-39.23438105,0.3972234
1760625445.82,12.40246015,-1.48934957,1.95049348,-0.0345469,0.91766122,-0.01248869,80.0,-7.0,0.0,80.0,1.3962634,0.0,0.0,0.0,80.0,-7.0,0.0,80.0,1.3962634,0.0,0.0,0.0,-14.73760504,-1.25647972,0.06582441,8.07298732,-3.69346355,-39.03333239,0.0,34.44483734,0.87264811,9.36956918,2.77302304,-5.94243903,-1.22040106,40.06013825,0.79602877,-39.24120464,0.40969501
1760625445.887,12.5520207,-1.4799175,1.96100504,-0.03446851,0.91752508,-0.01245806,80.0,-7.0,0.0,80.0,1.3962634,0.0,0.0,0.0,80.0,-7.0,0.0,80.0,1.3962634,0.0,0.0,0.0,-14.74607147,-1.25784583,0.05296323,7.89436612,-3.6909705,-39.01599747,0.0,34.446713,0.85412223,9.37620932,2.62987513,-5.91906361,-1.17734659,40.05332971,0.79996153,-39.2163695,0.3722688
1760625445.92,12.54077039,-1.48082189,1.96617721,-0.0338255,0.91745073,-0.01250053,80.0,-7.0,0.0,80.0,1.3962634,0.0,0.0,0.0,80.0,-7.0,0.0,80.0,1.3962634,0.0,0.0,0.0,-14.74709417,-1.26252111,0.05500737,7.87332928,-3.69339557,-39.02451127,0.0,34.43649966,0.87392296,9.37307707,2.65041438,-5.91189276,-1.17977465,40.0533897,0.76881098,-39.18112094,0.35749199
1760625445.987,12.53372061,-1.48618254,1.97231226,-0.03401855,0.91747763,-0.01209553,80.0,-7.0,0.0,80.0,1.3962634,0.0,0.0,0.0,80.0,-7.0,0.0,80.0,1.3962634,0.0,0.0,0.0,-14.73394478,-1.28598299,0.05447479,7.83575572,-3.68493548,-38.99921128,0.0,34.46204285,0.86583189,9.36600878,2.67445418,-5.89877588,-1.11465171,40.01504832,0.71847171,-39.14385665,0.30744223
1760625446.021,12.42946339,-1.48393325,1.96541142,-0.03435655,0.91772288,-0.01170965,80.0,-7.0,0.0,80.0,1.3962634,0.0,0.0,0.0,80.0,-7.0,0.0,80.0,1.3962634,0.0,0.0,0.0,-14.74221641,-1.34972077,0.06674404,7.96485201,-3.65711295,-39.00374619,0.0,34.46197667,0.87856427,9.36069618,2.80154062,-5.93744538,-1.1321496,40.06598004,0.80012439,-39.1565663,0.37502581
1760625446.054,12.42054093,-1.49416317,1.93333043,-0.03431532,0.91798963,-0.011616,80.0,-7.0,0.0,80.0,1.3962634,0.0,0.0,0.0,80.0,-7.0,0.0,80.0,1.3962634,0.0,0.0,0.0,-14.74023537,-1.3717962,0.03325302,7.98885718,-3.65955868,-38.97952579,0.0,34.48809226,0.91140085,9.35726914,2.8094216,-5.93535036,-1.10369055,40.05931866,0.70734156,-39.14323438,0.31908173
1760625446.088,12.37468407,-1.47898381,1.88691651,-0.03446053,0.91805283,-0.01158374,80.0,-7.0,0.0,80.0,1.3962634,0.0,0.0,0.0,80.0,-7.0,0.0,80.0,1.3962634,0.0,0.0,0.0,-14.74238268,-1.4123371,-0.01061971,8.06281187,-3.65735056,-38.95044744,0.0,34.52497835,0.89958066,9.36342454,2.84097982,-5.95079488,-1.16151405,40.11915387,0.70311839,-39.19009394,0.3381928
1760625446.121,12.48569206,-1.46458319,1.87645072,-0.03477283,0.91835005,-0.01134051,80.0,-7.0,0.0,80.0,1.3962634,0.0,0.0,0.0,80.0,-7.0,0.0,80.0,1.3962634,0.0,0.0,0.0,-14.79384961,-1.50403327,-0.03883789,8.03020392,-3.58140673,-38.92310226,0.0,34.54139684,0.91109293,9.36416375,2.75733601,-6.00277673,-1.16615671,40.23801184,0.67269424,-39.3116231,0.28297092
1760625446.155,12.49444997,-1.46192549,1.87226828,-0.03513137,0.91851794,-0.01128121,80.0,-7.0,0.0,80.0,1.3962634,0.0,0.0,0.0,80.0,-7.0,0.0,80.0,1.3962634,0.0,0.0,0.0,-14.79379846,-1.50756458,-0.04434087,8.04777162,-3.58600293,-38.92344112,0.0,34.53991397,0.91858965,9.356842,2.73659744,-6.00393539,-1.15449568,40.24716615,0.6460072,-39.30117118,0.2803608
1760625446.188,12.50005005,-1.46073959,1.87822176,-0.03547226,0.91854043,-0.01115338,80.0,-7.0,0.0,80.0,1.3962634,0.0,0.0,0.0,80.0,-7.0,0.0,80.0,1.3962634,0.0,0.0,0.0,-14.79238941,-1.51070599,-0.03894945,8.04676965,-3.58540751,-38.93355624,0.0,34.5292372,0.91998841,9.35531206,2.73888424,-6.0021971,-1.1747445,40.25187613,0.63658452,-39.2965982,0.27651491
1760625446.221,12.50163371,-1.4627575,1.86514749,-0.03509013,0.918326,-0.011088,80.0,-7.0,0.0,80.0,1.3962634,0.0,0.0,0.0,80.0,-7.0,0.0,80.0,1.3962634,0.0,0.0,0.0,-14.81218907,-1.53065815,-0.05521055,8.04928326,-3.55642728,-38.917815,0.0,34.54080245,0.92449868,9.34562103,2.73722773,-6.02217585,-1.17706584,40.2482688,0.59376952,-39.27510938,0.23658958
1760625446.255,12.50646952,-1.46156906,1.87447522,-0.03453713,0.91822574,-0.01127335,80.0,-7.0,0.0,80.0,1.3962634,0.0,0.0,0.0,80.0,-7.0,0.0,80.0,1.3962634,0.0,0.0,0.0,-14.81043945,-1.5531109,-0.0538134,8.02003689,-3.53132418,-38.90995824,0.0,34.54440091,0.92291471,9.3513712,2.73818895,-6.0230067,-1.20432324,40.22081193,0.50716335,-39.21734806,0.17314394
1760625446.288,12.52663215,-1.39498209,1.83838357,-0.03389508,0.91820331,-0.01113107,80.0,-7.0,0.0,80.0,1.3962634,0.0,0.0,0.0,80.0,-7.0,0.0,80.0,1.3962634,0.0,0.0,0.0,-14.72473881,-1.64386701,-0.14432103,7.88797705,-3.48508076,-38.82350482,0.0,34.60382585,0.91766268,9.34609268,2.62265683,-6.02912567,-1.4267395,40.08139253,0.58072364,-39.05846744,0.23563798
1760625446.322,12.42295011,-1.35793181,1.8424218,-0.03405275,0.91806669,-0.01089647,80.0,-7.0,0.0,80.0,1.3962634,0.0,0.0,0.0,80.0,-7.0,0.0,80.0,1.3962634,0.0,0.0,0.0,-14.70944808,-1.69596692,-0.17517313,7.94853119,-3.46109198,-38.79778077,0.0,34.60491089,0.89582834,9.33573355,2.68716278,-6.0273212,-1.49889347,40.0455891,0.58156199,-38.96568576,0.24603313
1760625446.355,12.47683524,-1.31440045,1.88817299,-0.0338167,0.91821244,-0.01098467,80.0,-7.0,0.0,80.0,1.3962634,0.0,0.0,0.0,80.0,-7.0,0.0,80.0,1.3962634,0.0,0.0,0.0,-14.63971223,-1.70984368,-0.17341112,7.79167072,-3.46818468,-38.80428139,0.0,34.56507842,0.90437839,9.33775951,2.54182954,-6.00097858,-1.47942174,39.87694947,0.56753043,-38.76246964,0.27570754
1760625446.389,12.46528398,-1.31814005,1.88659104,-0.03390094,0.91796059,-0.01133388,80.0,-7.0,0.0,80.0,1.3962634,0.0,0.0,0.0,80.0,-7.0,0.0,80.0,1.3962634,0.0,0.0,0.0,-14.65149002,-1.71093083,-0.17381873,7.79777155,-3.45571104,-38.80691349,0.0,34.56233931,0.89944697,9.34334076,2.52253718,-5.9893989,-1.4784165,39.85629459,0.56145986,-38.77713666,0.27872381
1760625446.422,12.45652405,-1.32355004,1.87577433,-0.03386192,0.91787485,-0.01153348,80.0,-7.0,0.0,80.0,1.3962634,0.0,0.0,0.0,80.0,-7.0,0.0,80.0,1.3962634,0.0,0.0,0.0,-14.65484208,-1.69998276,-0.18532263,7.82830902,-3.45417053,-38.80404893,0.0,34.56182918,0.89049923,9.33505572,2.49156882,-5.97951373,-1.47818283,39.83056847,0.52358068,-38.78039742,0.26346511
1760625446.489,12.43692601,-1.34031779,1.85317357,-0.03310405,0.91756467,-0.01155411,80.0,-7.0,0.0,80.0,1.3962634,0.0,0.0,0.0,80.0,-7.0,0.0,80.0,1.3962634,0.0,0.0,0.0,-14.66020753,-1.6956607,-0.21401785,7.87080763,-3.43927659,-38.80636079,0.0,34.55943236,0.91066532,9.34762545,2.43452886,-5.98372769,-1.46900242,39.76001598,0.51805571,-38.82565474,0.23540126
1760625446.522,12.36856919,-1.3712276,1.80859723,-0.03329164,0.91751827,-0.01059035,80.0,-7.0,0.0,80.0,1.3962634,0.0,0.0,0.0,80.0,-7.0,0.0,80.0,1.3962634,0.0,0.0,0.0,-14.53032719,-1.74358987,-0.40376589,7.81410521,-3.32159691,-38.67686921,0.0,34.6418354,0.92039819,9.33248695,2.32504669,-6.0793667,-1.73049527,39.68544051,0.60372097,-38.74625308,0.34623182
1760625446.556,12.29526998,-1.40753208,1.8453177,-0.03291451,0.91732806,-0.01005716,80.0,-7.0,0.0,80.0,1.3962634,0.0,0.0,0.0,80.0,-7.0,0.0,80.0,1.3962634,0.0,0.0,0.0,-14.50909191,-1.79935784,-0.42141552,7.84939348,-3.20191729,-38.67830872,0.0,34.61801048,0.92281192,9.32793184,2.36382659,-6.19026342,-1.70193947,39.62478157,0.64239839,-38.68485321,0.39179532
1760625446.589,12.13313169,-1.40149918,1.88817759,-0.03223772,0.91709124,-0.01019965,80.0,-7.0,0.0,80.0,1.3962634,0.0,0.0,0.0,80.0,-7.0,0.0,80.0,1.3962634,0.0,0.0,0.0,-14.49258687,-1.8360751,-0.43974003,7.96931102,-3.15154439,-38.66175421,0.0,34.59405866,0.90396525,9.32982274,2.51924679,-6.2240181,-1.7022134,39.58208262,0.62489132,-38.66351025,0.3731621
1760625446.623,12.12345335,-1.40642562,1.89749739,-0.03178583,0.9171611,-0.01055399,80.0,-7.0,0.0,80.0,1.3962634,0.0,0.0,0.0,80.0,-7.0,0.0,80.0,1.3962634,0.0,0.0,0.0,-14.49329223,-1.84087443,-0.43363854,7.9664758,-3.13246297,-38.67039276,0.0,34.58213916,0.89427828,9.33724934,2.54041834,-6.22175377,-1.72955669,39.57047315,0.63543893,-38.67577289,0.36903697
1760625446.656,12.18796044,-1.38150922,1.98722005,-0.03281482,0.91710919,-0.01043334,80.0,-7.0,0.0,80.0,1.3962634,0.0,0.0,0.0,80.0,-7.0,0.0,80.0,1.3962634,0.0,0.0,0.0,-14.76252337,-1.90561988,-0.43599999,8.17246685,-3.0718617,-38.62893633,0.0,34.45960148,0.8848066,9.33722415,2.75179531,-6.2893822,-1.64404333,39.76874233,0.60770874,-38.86384099,0.33899739
1760625446.69,12.24350131,-1.46335129,1.92951909,-0.0327906,0.91697441,-0.01048411,80.0,-7.0,0.0,80.0,1.3962634,0.0,0.0,0.0,80.0,-7.0,0.0,80.0,1.3962634,0.0,0.0,0.0,-14.82418645,-1.90010475,-0.49643599,8.20565285,-3.00545403,-38.54357646,0.0,34.49333132,0.89643886,9.33966311,2.73586404,-6.33968175,-1.77591419,39.90241854,0.58390102,-38.99948535,0.28123163
1760625446.723,12.25718018,-1.46349888,1.94577365,-0.0327594,0.91680414,-0.01097443,80.0,-7.0,0.0,80.0,1.3962634,0.0,0.0,0.0,80.0,-7.0,0.0,80.0,1.3962634,0.0,0.0,0.0,-14.84128898,-1.88685976,-0.48100004,8.22258485,-3.03375073,-38.55579864,0.0,34.46281472,0.89956812,9.34088346,2.73003685,-6.32912916,-1.77451496,39.94093195,0.64921056,-39.04563832,0.31870952
1760625446.757,12.25572297,-1.46879634,1.95867696,-0.03254064,0.91644301,-0.01125351,80.0,-7.0,0.0,80.0,1.3962634,0.0,0.0,0.0,80.0,-7.0,0.0,80.0,1.3962634,0.0,0.0,0.0,-14.85196305,-1.87267225,-0.46573241,8.2481632,-3.05498282,-38.55705445,0.0,34.44805753,0.89842632,9.34892526,2.73646758,-6.31649731,-1.77501876,39.967959,0.75205411,-39.1072496,0.34329375
1760625446.79,12.25952077,-1.47445758,1.95483497,-0.0326272,0.91645238,-0.01126804,80.0,-7.0,0.0,80.0,1.3962634,0.0,0.0,0.0,80.0,-7.0,0.0,80.0,1.3962634,0.0,0.0,0.0,-14.84985963,-1.86867872,-0.46993258,8.26637262,-3.07643915,-38.54720293,0.0,34.4528506,0.91552933,9.35768041,2.71747414,-6.3233067,-1.74680263,39.98060926,0.73295006,-39.09913838,0.34522751
1760625446.824,12.25656071,-1.47819747,1.95419112,-0.03264154,0.91671119,-0.01114003,80.0,-7.0,0.0,80.0,1.3962634,0.0,0.0,0.0,80.0,-7.0,0.0,80.0,1.3962634,0.0,0.0,0.0,-14.85015657,-1.86767757,-0.47150503,8.27441285,-3.08683357,-38.52808065,0.0,34.46721803,0.92468704,9.36215393,2.71343091,-6.31517373,-1.72464057,39.99837448,0.69857332,-39.08366451,0.33683969
1760625446.857,12.26807733,-1.47984037,1.9628927,-0.03355164,0.91679512,-0.01059477,80.0,-7.0,0.0,80.0,1.3962634,0.0,0.0,0.0,80.0,-7.0,0.0,80.0,1.3962634,0.0,0.0,0.0,-14.84573143,-1.87438114,-0.46441006,8.27135049,-3.0828266,-38.53812898,0.0,34.45376117,0.93135409,9.3651832,2.72687541,-6.29598753,-1.74460566,40.00390787,0.71136385,-39.09192422,0.33500751
1760625446.891,12.26734933,-1.48677733,1.95899351,-0.03401707,0.91681356,-0.01011526,80.0,-7.0,0.0,80.0,1.3962634,0.0,0.0,0.0,80.0,-7.0,0.0,80.0,1.3962634,0.0,0.0,0.0,-14.86393597,-1.89329018,-0.46458601,8.28628216,-3.07180675,-38.51307368,0.0,34.47015612,0.93780336,9.36690581,2.77187597,-6.27132182,-1.70163811,39.9957937,0.580589,-39.05823776,0.23931274
1760625446.924,12.19024269,-1.48041087,1.97027238,-0.03455291,0.91675795,-0.0103063,80.0,-7.0,0.0,80.0,1.3962634,0.0,0.0,0.0,80.0,-7.0,0.0,80.0,1.3962634,0.0,0.0,0.0,-15.01249075,-1.90974269,-0.38354909,8.51672383,-3.09641825,-38.52569121,0.0,34.39410406,0.92943875,9.37627463,3.02908856,-6.24809297,-1.60519368,40.06676372,0.62152032,-39.11005001,0.25524957
1760625446.957,12.20954578,-1.50612436,1.97233824,-0.03411591,0.91697384,-0.01057068,80.0,-7.0,0.0,80.0,1.3962634,0.0,0.0,0.0,80.0,-7.0,0.0,80.0,1.3962634,0.0,0.0,0.0,-15.0131395,-1.92781137,-0.37614424,8.50378424,-3.0833585,-38.50734203,0.0,34.40012479,0.92994,9.38497401,3.03624665,-6.23491371,-1.54336563,40.03078802,0.45653811,-39.04198646,0.14337116
1760625446.991,12.18904636,-1.5351715,2.02169714,-0.03336405,0.91697775,-0.01091389,80.0,-7.0,0.0,80.0,1.3962634,0.0,0.0,0.0,80.0,-7.0,0.0,80.0,1.3962634,0.0,0.0,0.0,-14.97148393,-1.92821037,-0.2872643,8.48513931,-3.09354246,-38.51521828,0.0,34.3384129,0.94450985,9.38440557,3.08440102,-6.18831323,-1.32213634,39.80669049,0.2967401,-38.85976066,0.04731737
1760625447.024,12.09929359,-1.59157774,1.95475698,-0.0333262,0.91663808,-0.01132107,80.0,-7.0,0.0,80.0,1.3962634,0.0,0.0,0.0,80.0,-7.0,0.0,80.0,1.3962634,0.0,0.0,0.0,-15.00809456,-1.89198892,-0.31517213,8.65578702,-3.11008817,-38.46314391,0.0,34.36062368,0.94246595,9.38095669,3.22134089,-6.13795011,-1.32202957,39.8440323,0.16040108,-38.85895987,-0.0387612
1760625447.058,12.08479601,-1.63622947,1.93225861,-0.0334478,0.91660129,-0.0114347,80.0,-7.0,0.0,80.0,1.3962634,0.0,0.0,0.0,80.0,-7.0,0.0,80.0,1.3962634,0.0,0.0,0.0,-15.06029958,-1.86356509,-0.32244491,8.75816942,-3.13255349,-38.41167763,0.0,34.3734675,0.94681239,9.3812781,3.28769478,-6.09423746,-1.26908774,39.887243,0.06418079,-38.85044949,-0.09708636
1760625447.091,12.10621924,-1.65424036,1.93560985,-0.03401455,0.9165711,-0.01130257,80.0,-7.0,0.0,80.0,1.3962634,0.0,0.0,0.0,80.0,-7.0,0.0,80.0,1.3962634,0.0,0.0,0.0,-15.05630753,-1.87891614,-0.32180153,8.7819429,-3.12929666,-38.39508411,0.0,34.38666343,0.98117987,9.37572994,3.27727528,-6.07189814,-1.26997649,39.91806231,0.08774355,-38.85413661,-0.07894759
1760625447.124,12.09848219,-1.67187408,1.92601511,-0.03349162,0.91611014,-0.01119818,80.0,-7.0,0.0,80.0,1.3962634,0.0,0.0,0.0,80.0,-7.0,0.0,80.0,1.3962634,0.0,0.0,0.0,-15.07658276,-1.88277858,-0.32717103,8.86416209,-3.12829455,-38.38371332,0.0,34.38274376,0.95026049,9.37782738,3.30793247,-6.04848154,-1.25724342,39.96721282,0.08085141,-38.88812795,-0.12194843
1760625447.158,12.09193551,-1.67427229,1.92434825,-0.03333686,0.91588862,-0.01105452,80.0,-7.0,0.0,80.0,1.3962634,0.0,0.0,0.0,80.0,-7.0,0.0,80.0,1.3962634,0.0,0.0,0.0,-15.08450256,-1.88295263,-0.32939541,8.86751792,-3.13092904,-38.37491722,0.0,34.38665062,0.97261232,9.3796663,3.30799025,-6.03787389,-1.23226995,39.99669905,0.10174463,-38.88751291,-0.10793464
1760625447.191,12.08132905,-1.65938521,1.94941922,-0.03338176,0.91583276,-0.0109841,80.0,-7.0,0.0,80.0,1.3962634,0.0,0.0,0.0,80.0,-7.0,0.0,80.0,1.3962634,0.0,0.0,0.0,-15.08109391,-1.87062794,-0.29971277,8.86428384,-3.17354965,-38.3741291,0.0,34.36741111,0.99967844,9.3840547,3.33432394,-6.01944401,-1.20920383,40.04808531,0.14827262,-38.94506746,-0.08485749
1760625447.225,12.07406842,-1.66562552,1.94969162,-0.0332531,0.91590511,-0.01099723,80.0,-7.0,0.0,80.0,1.3962634,0.0,0.0,0.0,80.0,-7.0,0.0,80.0,1.3962634,0.0,0.0,0.0,-15.07944731,-1.8721202,-0.29815805,8.86394549,-3.17163568,-38.38159075,0.0,34.35518972,1.00189642,9.38235857,3.35197842,-6.02305658,-1.22144994,40.05164876,0.20453925,-38.97735362,-0.10476489
1760625447.259,12.32224142,-1.70899424,1.94019094,-0.03486843,0.91670784,-0.01063022,80.0,-7.0,0.0,80.0,1.3962634,0.0,0.0,0.0,80.0,-7.0,0.0,80.0,1.3962634,0.0,0.0,0.0,-15.27022456,-1.85107881,-0.22814503,8.78551104,-3.13518654,-38.3082987,0.0,34.28273306,0.97576279,9.37446797,3.30289373,-6.06371095,-1.26351743,40.60813905,0.19013843,-39.54242091,-0.20482921
1760625447.292,12.32752335,-1.70801756,1.96385644,-0.03516984,0.91678836,-0.01074908,80.0,-7.0,0.0,80.0,1.3962634,0.0,0.0,0.0,80.0,-7.0,0.0,80.0,1.3962634,0.0,0.0,0.0,-15.29034916,-1.85831999,-0.19768095,8.76637989,-3.13313348,-38.31565951,0.0,34.25552836,0.96121498,9.38702355,3.33895985,-6.06330391,-1.24976687,40.5997689,0.14739093,-39.55174768,-0.27867338
1760625447.325,12.32315357,-1.69574411,1.9817541,-0.03517033,0.91673764,-0.01080372,80.0,-7.0,0.0,80.0,1.3962634,0.0,0.0,0.0,80.0,-7.0,0.0,80.0,1.3962634,0.0,0.0,0.0,-15.31490008,-1.85246844,-0.16992394,8.77655223,-3.14034571,-38.35007103,0.0,34.20443599,0.96592144,9.37670521,3.37239144,-6.06766356,-1.28144249,40.63476207,0.24777379,-39.60334577,-0.21625127
1760625447.359,12.31197492,-1.69152261,1.99039697,-0.03485824,0.91670354,-0.01096888,80.0,-7.0,0.0,80.0,1.3962634,0.0,0.0,0.0,80.0,-7.0,0.0,80.0,1.3962634,0.0,0.0,0.0,-15.3335633,-1.84899455,-0.15616478,8.77651651,-3.13319765,-38.35400757,0.0,34.19026717,0.94564844,9.37555083,3.39023967,-6.05934648,-1.28523817,40.66113536,0.3042711,-39.62385909,-0.18232939
1760625447.392,12.25514459,-1.68320438,2.01322831,-0.03480106,0.91641379,-0.01115354,80.0,-7.0,0.0,80.0,1.3962634,0.0,0.0,0.0,80.0,-7.0,0.0,80.0,1.3962634,0.0,0.0,0.0,-15.39187903,-1.82323372,-0.11198208,8.8762406,-3.16418554,-38.34895032,0.0,34.11055239,0.95138636,9.37841236,3.50277182,-6.03069057,-1.20519711,40.7373991,0.29446778,-39.72642503,-0.2029268
1760625447.426,12.25139798,-1.68212966,2.01305822,-0.03438723,0.91626682,-0.01129143,80.0,-7.0,0.0,80.0,1.3962634,0.0,0.0,0.0,80.0,-7.0,0.0,80.0,1.3962634,0.0,0.0,0.0,-15.39527362,-1.82147235,-0.11112794,8.88201628,-3.16066786,-38.35143777,0.0,34.10765714,0.95884745,9.38025294,3.49694922,-6.02788457,-1.20619807,40.73344034,0.29206912,-39.73043324,-0.20201789
1760625447.459,12.24098676,-1.67068327,2.02200988,-0.03398571,0.91636287,-0.01141023,80.0,-7.0,0.0,80.0,1.3962634,0.0,0.0,0.0,80.0,-7.0,0.0,80.0,1.3962634,0.0,0.0,0.0,-15.3883889,-1.80747888,-0.10143422,8.89460813,-3.17460914,-38.35504847,0.0,34.08842959,0.94767092,9.37605205,3.48602176,-6.0132909,-1.15849374,40.7360946,0.35877726,-39.72913756,-0.1289968
1760625447.493,12.24908013,-1.63983395,2.07632674,-0.0340089,0.91645444,-0.01144597,80.0,-7.0,0.0,80.0,1.3962634,0.0,0.0,0.0,80.0,-7.0,0.0,80.0,1.3962634,0.0,0.0,0.0,-15.35334163,-1.7795534,-0.04554114,8.84535396,-3.22246809,-38.35419835,0.0,34.02010664,0.97109322,9.38425982,3.45431684,-5.96241437,-1.03931412,40.66133504,0.40122954,-39.64880073,-0.10063484
1760625447.526,12.2469033,-1.63977775,2.0649298,-0.03409936,0.91672153,-0.01115476,80.0,-7.0,0.0,80.0,1.3962634,0.0,0.0,0.0,80.0,-7.0,0.0,80.0,1.3962634,0.0,0.0,0.0,-15.35280354,-1.7798527,-0.05541461,8.86785664,-3.20859593,-38.30963529,0.0,34.05682729,0.96107603,9.38206529,3.45494477,-5.96950758,-0.99666896,40.65601758,0.42573306,-39.66539272,-0.07512597
1760625447.559,12.24949783,-1.64506463,2.03456271,-0.03419529,0.91677754,-0.01094759,80.0,-7.0,0.0,80.0,1.3962634,0.0,0.0,0.0,80.0,-7.0,0.0,80.0,1.3962634,0.0,0.0,0.0,-15.36119946,-1.79838393,-0.08581688,8.91627223,-3.19172836,-38.17040309,0.0,34.17886574,0.90269871,9.38029879,3.42602533,-6.0155084,-0.87419755,40.66026388,0.58121339,-39.68920249,-0.00328512
1760625447.593,12.24597406,-1.61593169,1.91711118,-0.03411285,0.9165639,-0.010962,80.0,-7.0,0.0,80.0,1.3962634,0.0,0.0,0.0,80.0,-7.0,0.0,80.0,1.3962634,0.0,0.0,0.0,-15.35562308,-1.80433355,-0.18897526,9.15151393,-3.32671906,-37.6177819,0.0,34.67760945,0.18092086,9.16307291,3.38173262,-6.21912701,-0.95235273,40.62387835,1.23634708,-39.95804354,0.17444217
1760625447.626,12.26932071,-1.6917222,1.627653,-0.03374963,0.91618794,-0.01111468,80.0,-7.0,0.0,80.0,1.3962634,0.0,0.0,0.0,80.0,-7.0,0.0,80.0,1.3962634,0.0,0.0,0.0,-15.40952701,-1.76303175,-0.48893361,9.77652734,-3.82725282,-34.34110625,0.0,38.00122634,-2.2200769,8.19483908,2.64855509,-6.47116533,-1.88473725,41.62111614,7.05777616,-41.56832351,1.55986888
1760625447.66,12.34019439,-1.70532523,2.0604635,-0.03382095,0.91500234,-0.01230562,80.0,-7.0,0.0,80.0,1.3962634,0.0,0.0,0.0,80.0,-7.0,0.0,80.0,1.3962634,0.0,0.0,0.0,-15.6670031,-1.91933412,-2.81866941,11.73988746,-6.09007838,-22.30117756,0.0,47.94674606,-6.55276614,5.71244218,-0.73431248,-6.82181168,-5.83397112,46.29174275,24.06519553,-41.67661095,3.8710398
1760625447.693,13.28877171,-1.93778092,1.99984819,-0.03761083,0.91512538,-0.01409249,80.0,-7.0,0.0,80.0,1.3962634,0.0,0.0,0.0,80.0,-7.0,0.0,80.0,1.3962634,0.0,0.0,0.0,-16.96805866,-2.15080922,-3.34836861,11.25387713,-12.9692843,42.0372246,7.14973617,0.0,-8.74237161,3.73276788,-3.37872547,-7.83001314,-8.69036586,50.14671389,35.4796311,-36.40082844,3.249458
1760625447.727,14.36846357,-2.06604782,1.39503616,-0.04157133,0.91516037,-0.01407477,80.0,-7.0,0.0,80.0,1.3962634,0.0,0.0,0.0,80.0,-7.0,0.0,80.0,1.3962634,0.0,0.0,0.0,-16.08005443,-1.77801187,-6.6977833,18.76348294,-12.74948628,65.57224674,0.0,0.0,-9.33249843,2.56911087,-7.57237097,-7.82723446,-13.37771178,51.73584373,47.32179919,-29.08746526,0.92483701
1760625447.76,15.62884737,-2.81254591,0.95333984,-0.04531616,0.91272696,-0.01679981,80.0,-7.0,0.0,80.0,1.3962634,0.0,0.0,0.0,80.0,-7.0,0.0,80.0,1.3962634,0.0,0.0,0.0,-14.97287553,-0.7554028,-8.23110846,25.7970337,-19.76772381,90.00000018,0.0,3.88213151,-13.46566758,-0.27268996,-10.62120634,-9.68893719,-15.87975105,52.81836824,65.90192337,-22.35104053,-4.12962863
1760625447.794,15.63601322,-3.28445397,0.13591973,-0.04441241,0.91124045,-0.01867745,80.0,-7.0,0.0,80.0,1.3962634,0.0,0.0,0.0,80.0,-7.0,0.0,80.0,1.3962634,0.0,0.0,0.0,-11.48315364,0.31167083,-11.15684554,32.80109129,-22.44007471,90.00000018,0.0,25.07584255,-18.24395562,-3.05129834,-13.89764058,-10.45122039,-19.99003947,56.91043543,79.52139389,-21.19227713,-5.96445687
1760625447.827,15.41794974,-3.39930386,-0.06601092,-0.04303934,0.91005379,-0.01988176,80.0,-7.0,0.0,80.0,1.3962634,0.0,0.0,0.0,80.0,-7.0,0.0,80.0,1.3962634,0.0,0.0,0.0,-9.20255636,1.5125641,-13.18884823,40.40780913,-22.84812741,90.00000018,0.0,41.03715466,-22.6863582,-4.32853686,-14.97089796,-10.61362411,-20.98811479,62.88598172,91.5061333,-23.27776245,-5.90064307
1760625447.861,14.9669304,-2.904517,-0.45284288,-0.04214265,0.91221538,-0.01777119,80.0,-7.0,0.0,80.0,1.3962634,0.0,0.0,0.0,80.0,-7.0,0.0,80.0,1.3962634,0.0,0.0,0.0,-8.23177927,1.28052549,-15.66316534,44.99163931,-17.52767232,90.00000018,0.0,50.40464556,-28.89836003,-5.15140251,-14.66408888,-10.81229059,-21.34503022,66.29978232,100.71037733,-27.31852492,-8.51559875
1760625447.894,14.00577137,-2.49167232,-0.34593945,-0.04154029,0.9192081,-0.01727396,80.0,-7.0,0.0,80.0,1.3962634,0.0,0.0,0.0,80.0,-7.0,0.0,80.0,1.3962634,0.0,0.0,0.0,-8.32675895,1.20178041,-19.04883901,44.17186576,-12.05367045,90.00000018,0.0,56.23696685,-27.68597279,-4.46617085,-13.21388112,-9.88428512,-21.19947027,78.3249053,109.75767866,-27.39303943,7.28954156
1760625447.927,11.09430014,-1.71799565,0.4475368,-0.03256952,0.92497521,-0.01478089,80.0,-7.0,0.0,80.0,1.3962634,0.0,0.0,0.0,80.0,-7.0,0.0,80.0,1.3962634,0.0,0.0,0.0,-4.43358797,-0.06534676,-18.7208294,37.81723495,-10.4823236,90.00000018,0.61208085,62.37128212,-20.43318384,-1.10409635,-12.50542312,-9.91237923,-14.83971788,81.80244393,116.34734862,-22.37529795,22.6828106
1760625447.961,8.64585495,-1.46099101,0.12238371,-0.02810242,0.93892019,-0.01637586,80.0,-7.0,0.0,80.0,1.3962634,0.0,0.0,0.0,80.0,-7.0,0.0,80.0,1.3962634,0.0,0.0,0.0,-6.39111684,0.13456397,-10.23852041,13.83989216,-18.44318921,1.31953983,25.45469509,150.59603936,-1.54601343,7.31649235,-2.99314694,-12.02256086,4.09967863,68.66280062,115.89726283,-12.15237487,35.0000001
1760625447.994,8.43941004,-1.41385222,0.21519636,-0.02608411,0.93589517,-0.01532899,80.0,-7.0,0.0,80.0,1.3962634,0.0,0.0,0.0,80.0,-7.0,0.0,80.0,1.3962634,0.0,0.0,0.0,-6.55048654,-1.0604968,-11.78888094,13.0009706,-16.77248853,-0.74593402,27.09974714,152.61995303,-5.27660735,6.91063141,-5.74107432,-11.38942114,8.19989481,69.76205488,119.82206623,-19.62012573,35.0000001
1760625448.028,9.3748697,-0.61568235,1.29298038,-0.02835242,0.92987472,-0.0082012,80.0,-7.0,0.0,80.0,1.3962634,0.0,0.0,0.0,80.0,-7.0,0.0,80.0,1.3962634,0.0,0.0,0.0,-7.7062687,-2.29305095,-10.05901848,8.29462455,-12.68506192,-19.28323714,32.91939639,164.58956659,-9.60143567,5.15792468,-6.44957986,-13.45287985,5.91307262,75.19582838,124.20903725,-19.62509034,30.80283515
1760625448.061,10.23187939,0.39070321,1.98847562,-0.0301226,0.92771136,-0.00075506,80.0,-7.0,0.0,80.0,1.3962634,0.0,0.0,0.0,80.0,-7.0,0.0,80.0,1.3962634,0.0,0.0,0.0,-8.0267445,-1.78534926,-9.62220404,5.09972173,-9.07484896,-30.29700802,37.24842274,166.50253533,-23.46051692,-0.17299692,-7.99837518,-12.24528177,-2.62449194,70.69320637,115.41939124,-30.26521666,5.05785739
1760625448.095,9.88299553,0.18265164,2.06747256,-0.02784715,0.92932531,-0.00198922,80.0,-7.0,0.0,80.0,1.3962634,0.0,0.0,0.0,80.0,-7.0,0.0,80.0,1.3962634,0.0,0.0,0.0,-7.43479099,-2.19983245,-9.71268945,2.32384508,-10.26989838,-25.5843168,37.80743178,164.19418768,-21.62265937,0.03927464,-8.44784155,-12.34528027,-0.53749099,70.18809053,114.83034428,-30.36958761,7.12201311
1760625448.128,8.5889948,-0.31082598,1.67782394,-0.02186577,0.93087763,-0.00610946,80.0,-7.0,0.0,80.0,1.3962634,0.0,0.0,0.0,80.0,-7.0,0.0,80.0,1.3962634,0.0,0.0,0.0,-4.77306438,-2.53030389,-8.99160663,1.158522,-12.88959989,-17.74460516,34.27371992,165.1581786,-12.04085498,3.94454561,-7.05215948,-12.59304903,5.83994713,72.0900217,122.25235743,-20.96015456,27.672792
1760625448.162,8.06916084,-1.04416876,0.80667904,-0.01902268,0.9347661,-0.01228981,80.0,-7.0,0.0,80.0,1.3962634,0.0,0.0,0.0,80.0,-7.0,0.0,80.0,1.3962634,0.0,0.0,0.0,-4.93460672,-1.51669432,-10.78247309,4.53136549,-14.61362478,-8.89412112,32.18650763,160.85823293,-7.3504107,5.51194133,-6.130145,-11.67772587,12.79579127,69.80334136,118.70308121,-23.73513912,35.0000001
1760625448.195,8.47624521,-0.56552159,1.71628447,-0.0182103,0.92942407,-0.00770042,80.0,-7.0,0.0,80.0,1.3962634,0.0,0.0,0.0,80.0,-7.0,0.0,80.0,1.3962634,0.0,0.0,0.0,-5.10445672,-2.84976383,-11.59327339,4.3590965,-11.30411237,-15.02599284,34.28635018,164.53693812,-9.44506832,5.29007893,-8.68423667,-13.08061432,9.50791029,69.95834226,118.94375396,-23.57490039,29.8717502
1760625448.228,9.74639872,0.28963141,2.21780721,-0.0212254,0.92820323,-0.00144839,80.0,-7.0,0.0,80.0,1.3962634,0.0,0.0,0.0,80.0,-7.0,0.0,80.0,1.3962634,0.0,0.0,0.0,-5.83517004,-2.41338868,-11.4259279,3.71209664,-7.94384864,-26.20906549,36.92421472,169.4442659,-19.73711772,1.32911956,-10.5556275,-12.44476751,2.09159991,68.95796631,116.84503606,-29.52191192,12.2437649
1760625448.262,10.37865949,0.42541418,2.20943963,-0.02299487,0.92914847,0.0004317,80.0,-7.0,0.0,80.0,1.3962634,0.0,0.0,0.0,80.0,-7.0,0.0,80.0,1.3962634,0.0,0.0,0.0,-6.30829861,-2.29869693,-11.18189387,2.72528695,-7.86698691,-26.85443232,38.2832144,169.56784213,-20.13844292,0.41470492,-11.8999836,-11.67665111,-1.30910301,68.80452209,111.28930621,-32.66789013,1.29133799
1760625448.295,9.76098752,0.13176204,2.27139312,-0.02134581,0.9314769,-0.00300885,80.0,-7.0,0.0,80.0,1.3962634,0.0,0.0,0.0,80.0,-7.0,0.0,80.0,1.3962634,0.0,0.0,0.0,-4.90157054,-2.22555396,-9.01905778,-0.1509006,-9.95635695,-22.71227511,36.90079089,170.97145037,-7.86207139,6.0188428,-9.82968028,-12.28318854,3.10427104,71.79897099,122.9110592,-18.47110185,23.57335886
1760625448.329,8.42210915,-0.61147197,1.38420045,-0.01691248,0.93407592,-0.00914373,80.0,-7.0,0.0,80.0,1.3962634,0.0,0.0,0.0,80.0,-7.0,0.0,80.0,1.3962634,0.0,0.0,0.0,-3.92570657,-1.70371697,-10.04215993,1.81508212,-12.19827881,-15.70325991,33.17787428,168.84545956,-5.89597112,6.00432017,-8.98464964,-12.2345557,11.44932588,72.61418538,123.12454833,-18.79611595,35.0000001
1760625448.362,8.49135362,-0.40306488,1.8486935,-0.01394788,0.93213971,-0.0080679,80.0,-7.0,0.0,80.0,1.3962634,0.0,0.0,0.0,80.0,-7.0,0.0,80.0,1.3962634,0.0,0.0,0.0,-4.27878802,-2.543826,-11.22601247,2.06368728,-10.32209639,-17.86101568,34.76432022,167.83344958,-6.56204104,4.90935305,-10.44842714,-13.23823013,11.60375752,74.16158383,117.13377601,-22.28127502,33.80086519
1760625448.396,9.14168741,0.07274519,2.4925617,-0.01472942,0.93215267,-0.00392684,80.0,-7.0,0.0,80.0,1.3962634,0.0,0.0,0.0,80.0,-7.0,0.0,80.0,1.3962634,0.0,0.0,0.0,-4.28969676,-1.79517972,-9.75309525,0.38064769,-7.83343161,-27.70903006,39.58254348,171.20826796,-9.83770198,2.62000065,-10.89119567,-12.83538742,6.77081873,71.22752193,114.73852879,-24.13381969,20.71314951
1760625448.429,10.504823,0.64915504,2.74042851,-0.01880116,0.93455173,0.00056055,80.0,-7.0,0.0,80.0,1.3962634,0.0,0.0,0.0,80.0,-7.0,0.0,80.0,1.3962634,0.0,0.0,0.0,-4.68714334,-1.17133474,-7.92380745,-1.3643137,-5.46948748,-38.43645569,47.2191087,176.55663853,-12.09588294,0.15283944,-10.46173531,-11.69216741,0.72433188,69.02268418,113.81167939,-29.00747505,7.15704321
1760625448.463,11.6821851,0.62656298,2.21220304,-0.02356723,0.9380453,0.00130933,80.0,-7.0,0.0,80.0,1.3962634,0.0,0.0,0.0,80.0,-7.0,0.0,80.0,1.3962634,0.0,0.0,0.0,-5.09169681,-1.3062981,-5.78104905,-2.5469939,-5.25079069,-42.64104036,50.59504137,173.7696695,-12.5565316,-0.52028264,-9.32712748,-11.33923196,2.24689079,68.40202125,109.2196508,-36.0849467,1.48312356
1760625448.496,11.77294822,0.34031159,1.68960225,-0.02562392,0.94219234,-0.00073863,80.0,-7.0,0.0,80.0,1.3962634,0.0,0.0,0.0,80.0,-7.0,0.0,80.0,1.3962634,0.0,0.0,0.0,-4.75684994,-1.67045748,-6.05709805,-2.58329868,-7.06575301,-41.58543404,50.49143618,164.44826472,-12.51018465,-0.7175783,-8.52891889,-11.21673333,3.09853281,73.83136885,106.72926482,-42.28106237,4.21273095
1760625448.53,11.60095998,0.00146628,0.96726071,-0.02674249,0.94618238,-0.0040572,80.0,-7.0,0.0,80.0,1.3962634,0.0,0.0,0.0,80.0,-7.0,0.0,80.0,1.3962634,0.0,0.0,0.0,-4.11842776,-1.74776886,-7.10621649,-0.44003542,-8.84424048,-40.02274086,47.64242331,152.9620667,-11.81904138,0.21845265,-7.81518484,-11.87577814,1.40786225,82.40542333,106.04893967,-46.20714019,12.74698932
1760625448.563,11.66023916,-0.36303543,0.61190138,-0.02721363,0.94653407,-0.00582495,80.0,-7.0,0.0,80.0,1.3962634,0.0,0.0,0.0,80.0,-7.0,0.0,80.0,1.3962634,0.0,0.0,0.0,-4.90598653,-0.99638495,-7.36910487,2.25606526,-10.25272594,-39.46301075,44.88403962,144.735093,-10.53322361,1.63085546,-6.81524795,-13.02836303,-2.86855029,86.41019509,107.03605168,-44.01308686,18.47888214
1760625448.596,11.13183785,-0.60290284,0.46256396,-0.02450174,0.9461213,-0.00825034,80.0,-7.0,0.0,80.0,1.3962634,0.0,0.0,0.0,80.0,-7.0,0.0,80.0,1.3962634,0.0,0.0,0.0,-4.96310839,-0.40197259,-8.76369567,3.98310537,-12.6175248,-35.89064971,41.89754658,133.20620446,-8.81021681,3.05389655,-6.74339602,-13.71604342,-9.1935052,91.25527303,109.41498512,-39.47575196,26.43618563
1760625448.63,10.31686882,-1.06180198,1.0399974,-0.02006931,0.94239182,-0.01074746,80.0,-7.0,0.0,80.0,1.3962634,0.0,0.0,0.0,80.0,-7.0,0.0,80.0,1.3962634,0.0,0.0,0.0,-4.73621454,0.15398746,-9.06563136,4.45203944,-15.99636686,-30.76158041,38.0726156,113.57725899,-7.16001252,4.80844364,-6.91549935,-14.99941535,-13.17780956,91.45201712,103.56800243,-35.96592614,30.19296974
1760625448.663,9.65108224,-1.35886012,0.95624576,-0.0166765,0.94031407,-0.01340935,80.0,-7.0,0.0,80.0,1.3962634,0.0,0.0,0.0,80.0,-7.0,0.0,80.0,1.3962634,0.0,0.0,0.0,-4.51954531,0.02213629,-9.3113005,5.17093996,-18.34310917,-24.88665272,34.82458197,97.08715524,-6.61117224,5.64479358,-7.74806664,-15.75429089,-14.36254518,92.80614674,95.90924971,-37.59804779,33.00163937
1760625448.697,9.38913904,-1.9631315,0.86323063,-0.0147191,0.93789273,-0.01629513,80.0,-7.0,0.0,80.0,1.3962634,0.0,0.0,0.0,80.0,-7.0,0.0,80.0,1.3962634,0.0,0.0,0.0,-4.91905861,-0.13435431,-9.51551568,5.04892102,-20.55275591,-17.96957777,32.92617269,79.2751679,-5.81497698,6.56485932,-8.70038314,-16.42414136,-13.89832031,91.92621208,84.55622301,-41.98701382,31.08939688
1760625448.73,8.81120326,-2.17223031,0.59001969,-0.01129358,0.93426432,-0.01978905,80.0,-7.0,0.0,80.0,1.3962634,0.0,0.0,0.0,80.0,-7.0,0.0,80.0,1.3962634,0.0,0.0,0.0,-5.113018,-0.61462849,-10.39337131,4.90631597,-22.7661624,-9.0066411,31.12642932,58.09340392,-4.93749363,7.69201194,-10.27566399,-16.02656327,-13.91825087,91.00888006,69.93819032,-47.69871046,27.63430165
1760625448.764,8.42247498,-2.52435289,0.61519999,-0.00963674,0.93047001,-0.02117414,80.0,-7.0,0.0,80.0,1.3962634,0.0,0.0,0.0,80.0,-7.0,0.0,80.0,1.3962634,0.0,0.0,0.0,-5.01811288,-0.72330776,-10.09510431,5.15750452,-23.14813833,-4.44637443,28.63912201,45.78907173,-5.1333678,7.91475285,-11.26611828,-15.64735427,-14.41235756,86.58115769,60.20331921,-47.90466561,23.46304855
1760625448.797,8.31442839,-2.55222527,0.71701695,-0.00977294,0.92629038,-0.02047089,80.0,-7.0,0.0,80.0,1.3962634,0.0,0.0,0.0,80.0,-7.0,0.0,80.0,1.3962634,0.0,0.0,0.0,-4.29852553,-0.8627781,-6.7997731,2.58489613,-23.08656139,-4.6109078,26.62567617,35.61383183,-4.99943699,8.12185337,-11.97860432,-16.12170831,-12.24683361,71.5089439,46.77317262,-38.89974154,12.6754549
1760625448.831,8.43181584,-2.59522718,0.75866388,-0.01015598,0.92215824,-0.02096064,80.0,-7.0,0.0,80.0,1.3962634,0.0,0.0,0.0,80.0,-7.0,0.0,80.0,1.3962634,0.0,0.0,0.0,-7.09430654,-1.01656588,-5.59381201,3.99443242,-23.09180759,2.93358208,24.32944477,18.80224021,-4.66196026,8.87723965,-10.22001065,-15.84464903,-10.14026431,64.99464134,35.06263373,-38.0446514,9.70001324
1760625448.864,8.2751144,-2.89596768,0.47988697,-0.01094874,0.91902924,-0.02209887,80.0,-7.0,0.0,80.0,1.3962634,0.0,0.0,0.0,80.0,-7.0,0.0,80.0,1.3962634,0.0,0.0,0.0,-8.89039072,-0.29375341,-3.40696764,4.98677713,-22.74956988,7.64022238,22.36395888,7.29552926,-4.26497177,9.25003857,-8.7599878,-15.26429395,-6.3155684,60.07683943,24.66979931,-36.65408042,7.14144418
1760625448.897,7.86494343,-2.88122869,0.60240199,-0.01284141,0.91923467,-0.0218669,80.0,-7.0,0.0,80.0,1.3962634,0.0,0.0,0.0,80.0,-7.0,0.0,80.0,1.3962634,0.0,0.0,0.0,-9.47694304,-0.23042508,-3.59621292,4.54268855,-20.85136116,10.74775074,21.12726815,0.0,-3.46422716,9.59448041,-8.61917285,-14.66789445,-4.94644288,60.25693231,15.06504916,-39.77942542,5.89131291
1760625448.931,7.28461525,-2.62018285,0.97128319,-0.01328074,0.91871012,-0.02001902,80.0,-7.0,0.0,80.0,1.3962634,0.0,0.0,0.0,80.0,-7.0,0.0,80.0,1.3962634,0.0,0.0,0.0,-10.7203827,-0.35381727,-3.4759859,4.21079958,-15.68878101,6.9573387,18.36412257,0.0,-2.86228773,10.04933826,-7.8288388,-13.81257396,-2.89745308,58.85153577,5.43195533,-41.98715337,3.95411885
1760625448.964,6.58689242,-2.27851688,1.11185299,-0.01259005,0.91728641,-0.01732633,80.0,-7.0,0.0,80.0,1.3962634,0.0,0.0,0.0,80.0,-7.0,0.0,80.0,1.3962634,0.0,0.0,0.0,-11.43294362,-0.76159094,-3.56714284,4.61983073,-12.0553866,5.53980287,16.03682067,0.0,-2.46266637,10.07487292,-7.65413756,-13.13062207,-1.82696025,57.60456676,1.46100843,-43.05051888,2.72501301
1760625448.998,5.82249318,-1.96398587,1.29008592,-0.01169109,0.91537747,-0.01488986,80.0,-7.0,0.0,80.0,1.3962634,0.0,0.0,0.0,80.0,-7.0,0.0,80.0,1.3962634,0.0,0.0,0.0,-11.7025411,-0.92970075,-3.85886218,4.62481819,-9.15317996,4.73903645,14.03170698,0.0,-1.9979115,9.93688553,-8.29551269,-12.35920008,-1.17821396,57.32658416,0.23907674,-44.54721173,2.18689044
1760625449.031,5.00388662,-1.63137046,1.3202938,-0.01172767,0.91281436,-0.01204311,80.0,-7.0,0.0,80.0,1.3962634,0.0,0.0,0.0,80.0,-7.0,0.0,80.0,1.3962634,0.0,0.0,0.0,-12.51831696,-1.24389839,-4.30667483,4.26872759,-5.90156632,4.51636444,12.36692781,0.0,-1.43508076,9.74054688,-9.22026044,-11.68332966,-1.19184859,56.8946877,0.35881933,-45.00507392,3.12747789
1760625449.065,4.28565229,-1.5107385,1.44436269,-0.01197901,0.9104193,-0.01019527,80.0,-7.0,0.0,80.0,1.3962634,0.0,0.0,0.0,80.0,-7.0,0.0,80.0,1.3962634,0.0,0.0,0.0,-12.84386727,-0.86753289,-4.96766721,4.37305928,-4.01920133,4.99585194,10.89056566,0.0,-1.03553705,9.57443499,-10.08998818,-10.91299905,-1.3820542,57.35937232,0.0,-45.09006344,4.06755417
1760625449.098,3.03490095,-1.13464954,2.10782691,-0.01185926,0.90794751,-0.0082816,80.0,-7.0,0.0,80.0,1.3962634,0.0,0.0,0.0,80.0,-7.0,0.0,80.0,1.3962634,0.0,0.0,0.0,-13.00010403,-1.10042085,-7.02128029,4.72112646,-1.85580503,5.89188285,9.81425922,0.0,-0.62519543,9.46438574,-10.79968598,-10.71039587,-2.45045309,57.88507293,0.0,-44.7544223,5.1623146
1760625449.165,1.84595793,-0.61042206,2.23690731,-0.01234007,0.90569254,-0.00425974,80.0,-7.0,0.0,80.0,1.3962634,0.0,0.0,0.0,80.0,-7.0,0.0,80.0,1.3962634,0.0,0.0,0.0,-14.48869952,-0.87320115,-8.99175201,5.38322244,1.03872937,8.33763647,7.68008394,0.0,0.14616368,9.16276153,-12.18562617,-10.57830536,-3.62372467,62.2786929,0.0,-47.00731092,6.34108129
1760625449.199,-1.66284473,-0.61487318,2.91307238,-0.00721043,0.89939841,-0.00360516,80.0,-7.0,0.0,80.0,1.3962634,0.0,0.0,0.0,80.0,-7.0,0.0,80.0,1.3962634,0.0,0.0,0.0,-12.24733566,-0.38792065,-9.53100724,4.41989485,1.31653564,9.17711656,7.92603034,0.0,1.23423175,9.09221844,-12.9020356,-11.13877647,-4.18966619,65.35773641,0.63980211,-49.08130798,7.21547568
1760625449.232,-5.80822686,-0.71396863,3.07993249,-0.00158642,0.89465312,-0.00298297,80.0,-7.0,0.0,80.0,1.3962634,0.0,0.0,0.0,80.0,-7.0,0.0,80.0,1.3962634,0.0,0.0,0.0,-9.51034981,0.15415152,-9.96398117,4.02762914,1.16973347,9.84625392,8.34427696,0.0,1.98228555,8.94402074,-13.07006118,-11.36228508,-5.36857558,65.07054211,2.95814033,-48.39824823,9.35915167
1760625449.265,-9.67688626,-0.81509635,3.17266243,0.00317943,0.89120994,-0.00256617,80.0,-7.0,0.0,80.0,1.3962634,0.0,0.0,0.0,80.0,-7.0,0.0,80.0,1.3962634,0.0,0.0,0.0,-7.16911999,0.63174289,-10.27357441,3.74587822,1.10404142,10.37910196,8.66211796,0.0,2.3796781,8.70281038,-13.02528429,-11.61347747,-5.79781117,64.07536186,3.94902914,-47.47981735,10.18463085
1760625449.299,-13.32020532,-1.02713568,3.12218015,0.00637552,0.88984768,-0.00219496,80.0,-7.0,0.0,80.0,1.3962634,0.0,0.0,0.0,80.0,-7.0,0.0,80.0,1.3962634,0.0,0.0,0.0,-5.31478115,1.1353734,-10.46874883,3.34910412,1.405354,11.39247927,8.70329364,0.0,2.37336829,8.40177967,-13.07110197,-12.16790952,-5.15511314,63.73536337,3.62055079,-47.86731455,9.73384315
1760625449.332,-15.77432967,-1.19954963,3.02474224,0.00776581,0.88943091,-0.00253939,80.0,-7.0,0.0,80.0,1.3962634,0.0,0.0,0.0,80.0,-7.0,0.0,80.0,1.3962634,0.0,0.0,0.0,-4.25211959,1.49095905,-10.30156541,2.93804222,1.40142043,11.82709323,9.11491024,0.0,2.43925469,8.25646037,-12.90043303,-12.73875829,-4.00985771,63.70186481,3.29547057,-48.0353013,9.74219319
1760625449.366,-19.50759518,-1.42049175,2.77413305,0.01421133,0.89105408,-0.00299597,80.0,-7.0,0.0,80.0,1.3962634,0.0,0.0,0.0,80.0,-7.0,0.0,80.0,1.3962634,0.0,0.0,0.0,-2.35340157,1.98593946,-10.35910788,2.72623881,0.98245381,12.46137578,10.1448247,0.0,2.50866703,8.055584,-12.20428981,-13.00564204,-3.26811231,63.54054692,3.2857617,-47.83973752,10.15318015
1760625449.399,-22.97632242,-1.75861794,2.66643648,0.02170692,0.89412068,-0.00432922,80.0,-7.0,0.0,80.0,1.3962634,0.0,0.0,0.0,80.0,-7.0,0.0,80.0,1.3962634,0.0,0.0,0.0,-1.01861068,2.58297345,-10.56316324,2.5724153,0.42029988,13.71516808,11.48202625,0.0,2.71642358,7.91496839,-11.37906633,-13.50747096,-2.9523169,64.57242693,4.68934363,-48.69972892,11.82091181
1760625449.433,-24.96031796,-2.03556778,2.47855456,0.02669687,0.9003994,-0.00580273,80.0,-7.0,0.0,80.0,1.3962634,0.0,0.0,0.0,80.0,-7.0,0.0,80.0,1.3962634,0.0,0.0,0.0,-0.45627088,3.18914774,-10.50642337,2.13803523,-0.48099749,14.45222826,13.03418705,0.0,3.18771379,7.93388129,-10.72673294,-13.6747033,-2.81954308,64.25759774,6.64090537,-48.06456175,13.74838966
1760625449.466,-26.40341577,-2.2454799,2.15897267,0.02951458,0.90968612,-0.00680775,80.0,-7.0,0.0,80.0,1.3962634,0.0,0.0,0.0,80.0,-7.0,0.0,80.0,1.3962634,0.0,0.0,0.0,-0.56983157,3.60729438,-10.11121156,2.13537496,-1.27867392,15.09767377,14.40567278,0.0,3.89348699,7.99303965,-9.73327593,-13.86564899,-2.24525927,63.1906358,8.67635988,-46.68863989,15.18993919
1760625449.5,-27.85246571,-2.56996353,1.74503659,0.03438724,0.92040363,-0.00857892,80.0,-7.0,0.0,80.0,1.3962634,0.0,0.0,0.0,80.0,-7.0,0.0,80.0,1.3962634,0.0,0.0,0.0,-0.91966104,4.01180035,-9.77531134,2.10884649,-2.55226136,16.83453405,16.18305939,0.0,4.79129312,8.12049844,-8.26873615,-14.13563923,-1.43212289,62.2221704,11.68114232,-45.65183787,16.50288126
1760625449.533,-29.16302935,-2.97387209,1.06563009,0.04061603,0.92963276,-0.01023537,80.0,-7.0,0.0,80.0,1.3962634,0.0,0.0,0.0,80.0,-7.0,0.0,80.0,1.3962634,0.0,0.0,0.0,-0.44721125,4.44523744,-9.07677975,1.79631507,-3.68208897,17.83480908,17.52960677,0.0,5.13605826,8.13055608,-7.31039499,-14.14189766,-0.59873626,59.45129853,14.73459381,-43.0593618,17.495209
1760625449.567,-30.43746966,-3.30079805,0.44581572,0.04921105,0.93908633,-0.01219919,80.0,-7.0,0.0,80.0,1.3962634,0.0,0.0,0.0,80.0,-7.0,0.0,80.0,1.3962634,0.0,0.0,0.0,0.0429898,4.88224217,-8.41442793,1.51136819,-5.02846893,18.89418565,18.84605041,0.0,5.33514374,7.95525014,-6.17043768,-14.03372057,0.10304527,56.36911789,17.5242776,-40.08769845,18.02161317
1760625449.6,-31.13301725,-3.52992675,-0.34566149,0.05763472,0.95020574,-0.01415799,80.0,-7.0,0.0,80.0,1.3962634,0.0,0.0,0.0,80.0,-7.0,0.0,80.0,1.3962634,0.0,0.0,0.0,-0.77792348,4.95956149,-7.60525839,2.39042307,-6.58373085,22.12504084,19.662999,0.0,5.42318455,7.40034476,-3.89178826,-14.11809481,1.07561681,54.4253101,19.5500685,-38.01341501,17.70263953
1760625449.633,-30.90657741,-3.81042028,-1.40023489,0.06157297,0.96212569,-0.01452264,80.0,-7.0,0.0,80.0,1.3962634,0.0,0.0,0.0,80.0,-7.0,0.0,80.0,1.3962634,0.0,0.0,0.0,-1.70856458,5.01510092,-6.89450296,3.28192634,-7.50284554,24.91021668,19.82638996,0.0,5.38824864,7.01141841,-2.45134377,-14.06186088,1.44503964,50.85570873,21.75814549,-34.33967935,17.24465873
1760625449.667,-31.25256445,-4.11677962,-1.93725833,0.07092589,0.97166644,-0.01622318,80.0,-7.0,0.0,80.0,1.3962634,0.0,0.0,0.0,80.0,-7.0,0.0,80.0,1.3962634,0.0,0.0,0.0,-1.56434634,5.217961,-6.56756707,3.84160951,-8.4929691,27.02883234,20.03782318,0.0,5.52640615,6.65279805,-1.24646599,-13.87807841,1.48558647,47.73160998,25.52846427,-31.1057838,17.13114003
1760625449.7,-31.46453869,-4.54430846,-2.36183393,0.08099635,0.9798637,-0.01937202,80.0,-7.0,0.0,80.0,1.3962634,0.0,0.0,0.0,80.0,-7.0,0.0,80.0,1.3962634,0.0,0.0,0.0,-0.59296482,5.60584473,-6.26398229,4.40879636,-10.46035819,32.52070678,19.64192006,0.0,5.46383258,6.14310306,-0.24608393,-13.47405088,1.06441629,44.11955854,31.74415675,-27.11839551,16.87532758
1760625449.734,-31.21665484,-5.03258716,-2.18154039,0.09115807,0.98795487,-0.02399389,80.0,-7.0,0.0,80.0,1.3962634,0.0,0.0,0.0,80.0,-7.0,0.0,80.0,1.3962634,0.0,0.0,0.0,0.76500678,6.10255927,-7.10736414,4.87782475,-11.48509757,36.70209318,18.63833342,0.0,5.80770733,6.07758858,-0.34558746,-12.8794034,-0.14891856,41.42323099,35.52469448,-24.16120148,16.18213717
1760625449.767,-30.86668268,-5.3779979,-1.47776457,0.10157073,0.99620891,-0.02809924,80.0,-7.0,0.0,80.0,1.3962634,0.0,0.0,0.0,80.0,-7.0,0.0,80.0,1.3962634,0.0,0.0,0.0,2.49212428,6.4695767,-8.64107104,5.10668895,-12.07533001,39.80597546,17.48202344,0.0,6.45346801,5.9651444,-0.69727823,-12.08074145,-1.0408218,37.45508562,36.88675568,-20.58522687,14.18812383
1760625449.801,-30.55039922,-5.78449075,-1.09994177,0.11213646,1.00394289,-0.03170112,80.0,-7.0,0.0,80.0,1.3962634,0.0,0.0,0.0,80.0,-7.0,0.0,80.0,1.3962634,0.0,0.0,0.0,5.54875685,6.89455707,-9.98261457,4.68590631,-13.32411379,44.5950871,16.27381639,0.0,6.57101007,5.65754178,-1.68502186,-11.01713664,-1.57331229,32.1604319,37.90822283,-16.22380554,11.30341096
1760625449.834,-30.0936579,-6.13038503,-0.26603473,0.12065013,1.01054095,-0.03508773,80.0,-7.0,0.0,80.0,1.3962634,0.0,0.0,0.0,80.0,-7.0,0.0,80.0,1.3962634,0.0,0.0,0.0,7.28878223,6.9704863,-11.37138971,5.20294318,-13.67306271,48.3091767,14.95631265,0.0,6.12681255,5.48146092,-2.13719813,-10.33771212,-1.70790895,29.63403482,38.16567999,-14.40382018,9.5682937
1760625449.901,-29.31193621,-6.67099801,1.22173891,0.13225434,1.01798947,-0.04125279,80.0,-7.0,0.0,80.0,1.3962634,0.0,0.0,0.0,80.0,-7.0,0.0,80.0,1.3962634,0.0,0.0,0.0,10.0490801,6.44593805,-12.21548236,3.51826334,-13.60577651,30.70912849,14.44096177,23.00097006,2.95047022,4.35525592,-2.11710508,-9.90730813,0.40457187,24.50281844,39.2071757,-10.63653858,6.22623464
1760625449.935,-28.41650433,-6.99105927,1.83648442,0.1330063,1.0195065,-0.0428923,80.0,-7.0,0.0,80.0,1.3962634,0.0,0.0,0.0,80.0,-7.0,0.0,80.0,1.3962634,0.0,0.0,0.0,10.80845241,6.37485799,-11.9654714,2.57469376,-13.10688568,18.43758363,14.62429301,37.95530471,0.96873313,3.64865091,-2.18051148,-9.70305369,0.84161852,23.72583556,41.61555106,-10.25735568,5.87341427
1760625449.968,-27.94369306,-7.44212081,2.92072505,0.13571808,1.02151836,-0.04792985,80.0,-7.0,0.0,80.0,1.3962634,0.0,0.0,0.0,80.0,-7.0,0.0,80.0,1.3962634,0.0,0.0,0.0,12.56286587,6.46133915,-12.36276966,0.39822342,-13.00964237,5.46408999,16.21032123,53.75273501,-0.56355966,2.91010744,-2.92699037,-9.07556871,1.04086486,22.53254534,42.95418751,-9.55508864,5.1027492
1760625450.001,-27.42953414,-7.68577618,3.28053113,0.1394688,1.02385338,-0.05275245,80.0,-7.0,0.0,80.0,1.3962634,0.0,0.0,0.0,80.0,-7.0,0.0,80.0,1.3962634,0.0,0.0,0.0,13.10314301,6.60514019,-12.43348768,-0.52578833,-12.57841936,-6.933949,19.25182676,71.17338242,-2.26506524,2.0842181,-2.65206136,-8.36994071,0.30648924,22.53565902,43.2478592,-10.05185224,4.63556925
1760625450.035,-26.87669076,-7.81252406,3.63443631,0.1406555,1.02507112,-0.05470767,80.0,-7.0,0.0,80.0,1.3962634,0.0,0.0,0.0,80.0,-7.0,0.0,80.0,1.3962634,0.0,0.0,0.0,13.54183535,6.54946866,-12.34916781,-1.16997396,-12.23403863,-13.38798753,21.68835804,81.29448247,-3.5389701,1.43397928,-2.75083635,-7.92225766,-0.34768529,21.94280075,43.4537401,-9.89155686,4.13090587
1760625450.068,-27.06267579,-7.88906779,4.02680876,0.14678452,1.02306967,-0.05702115,80.0,-7.0,0.0,80.0,1.3962634,0.0,0.0,0.0,80.0,-7.0,0.0,80.0,1.3962634,0.0,0.0,0.0,14.93486921,6.56934211,-12.27562817,-2.35239714,-12.1769088,-18.19218737,24.81486156,89.154827,-4.54953899,0.75425413,-3.02451994,-7.31444857,-0.91963884,19.76633837,43.73198623,-8.32988942,3.03051168
1760625450.102,-27.65967942,-7.95117545,4.83336849,0.15512475,1.01965602,-0.0575738,80.0,-7.0,0.0,80.0,1.3962634,0.0,0.0,0.0,80.0,-7.0,0.0,80.0,1.3962634,0.0,0.0,0.0,17.02420113,6.22589063,-12.83530133,-3.2654964,-11.82949406,-22.31632496,28.93179446,97.26745388,-5.65042079,0.05249458,-3.5531628,-6.84474494,-2.07927257,16.74703948,44.06643601,-6.11307617,1.36230705
1760625450.135,-28.49830807,-8.03655422,5.80111419,0.16571062,1.01604203,-0.05765352,80.0,-7.0,0.0,80.0,1.3962634,0.0,0.0,0.0,80.0,-7.0,0.0,80.0,1.3962634,0.0,0.0,0.0,18.82181884,5.91016442,-13.91970739,-3.62017795,-11.74000742,-24.2293699,32.10887809,102.62361517,-6.29450913,-0.47638833,-3.88635501,-6.4702703,-3.3617891,15.49795958,44.37844163,-5.24342067,0.44399738
1760625450.169,-28.62222505,-8.05043053,6.42428145,0.17023144,1.01445446,-0.05771734,80.0,-7.0,0.0,80.0,1.3962634,0.0,0.0,0.0,80.0,-7.0,0.0,80.0,1.3962634,0.0,0.0,0.0,20.03308247,5.59240639,-14.70738032,-3.57784532,-11.78608167,-25.66935254,36.2111842,108.7390411,-6.76917812,-1.05511274,-4.15903418,-5.98270237,-5.75202289,13.89670676,44.46599489,-4.02580143,-0.7386781
1760625450.202,-29.5049924,-8.12168493,7.40209056,0.18016975,1.01003325,-0.05846605,80.0,-7.0,0.0,80.0,1.3962634,0.0,0.0,0.0,80.0,-7.0,0.0,80.0,1.3962634,0.0,0.0,0.0,21.9723907,5.15035407,-15.42257506,-3.88887596,-12.01107469,-26.80732922,39.44301069,112.69069212,-7.09825487,-1.43641164,-4.46072137,-5.55625819,-7.71502758,11.54206964,44.41790256,-2.04669988,-2.110335
1760625450.235,-30.67730803,-8.18943153,8.50712944,0.19220755,1.00411524,-0.05892664,80.0,-7.0,0.0,80.0,1.3962634,0.0,0.0,0.0,80.0,-7.0,0.0,80.0,1.3962634,0.0,0.0,0.0,24.45515102,4.39463113,-16.26244738,-4.56803672,-12.78772245,-27.0529335,42.648015,115.2147092,-7.29183585,-1.83918606,-5.16496228,-5.22627437,-9.87657025,8.29356316,44.56889344,0.63107482,-3.97655057
1760625450.303,-33.87701452,-8.16424458,11.0631544,0.22512294,0.99170386,-0.05707809,80.0,-7.0,0.0,80.0,1.3962634,0.0,0.0,0.0,80.0,-7.0,0.0,80.0,1.3962634,0.0,0.0,0.0,30.47100834,1.61510686,-18.1704011,-5.66079729,-13.99961434,-27.25573644,49.5955923,119.45471354,-7.62103926,-2.39153348,-7.4006143,-5.0833329,-16.50502258,1.03492061,46.39403594,6.742798,-8.44806472
1760625450.336,-34.17581165,-8.13289142,12.36097386,0.23166538,0.99038693,-0.05632362,80.0,-7.0,0.0,80.0,1.3962634,0.0,0.0,0.0,80.0,-7.0,0.0,80.0,1.3962634,0.0,0.0,0.0,31.34600188,0.3484219,-18.10926865,-4.64570148,-15.28553617,-27.22087089,50.84092539,119.97015563,-8.02191956,-2.6672159,-7.89534175,-5.42630501,-18.67401948,0.04903876,47.11969915,7.46033045,-9.20200288
1760625450.369,-35.94475724,-7.74050387,13.05379714,0.25019859,0.98592997,-0.05114751,80.0,-7.0,0.0,80.0,1.3962634,0.0,0.0,0.0,80.0,-7.0,0.0,80.0,1.3962634,0.0,0.0,0.0,34.20409343,-1.54206392,-17.82194512,-4.33931441,-16.82271591,-26.87701432,52.86355865,121.09121849,-8.14441296,-2.90146445,-9.50375022,-5.51563398,-21.81244338,0.0,47.07093891,7.64057406,-9.48310171
1760625450.403,-36.4864302,-7.48980531,13.743724,0.25781723,0.98725982,-0.04805523,80.0,-7.0,0.0,80.0,1.3962634,0.0,0.0,0.0,80.0,-7.0,0.0,80.0,1.3962634,0.0,0.0,0.0,35.32303579,-3.22367717,-18.2366144,-2.12139759,-18.11204428,-25.24764559,52.22183872,121.13751945,-8.1395665,-2.872108,-10.77902202,-5.82713634,-24.03785465,0.0,46.40025878,7.82740073,-9.60740511
1760625450.436,-39.02650523,-7.06931785,14.54822891,0.28012152,0.98597793,-0.04402532,80.0,-7.0,0.0,80.0,1.3962634,0.0,0.0,0.0,80.0,-7.0,0.0,80.0,1.3962634,0.0,0.0,0.0,40.0387641,-5.70395989,-15.07340706,-3.29270654,-18.98238907,-27.32402316,51.86972014,120.58047257,-7.95768082,-2.82232636,-13.65366802,-6.41413496,-22.24887959,0.0,45.44347235,8.20883134,-9.61710302
1760625450.47,-40.13656326,-7.04988824,14.82297766,0.28900537,0.9858134,-0.04248703,80.0,-7.0,0.0,80.0,1.3962634,0.0,0.0,0.0,80.0,-7.0,0.0,80.0,1.3962634,0.0,0.0,0.0,41.63132311,-6.49787544,-13.3045208,-1.58791278,-19.63939701,-28.17642856,51.13957687,120.88061295,-7.77028551,-2.6741308,-14.57941024,-6.55358728,-21.96746305,0.0,44.47831334,8.48078682,-9.41541093
1760625450.503,-42.34100867,-6.39398201,14.7584521,0.31120212,0.98246538,-0.03247115,80.0,-7.0,0.0,80.0,1.3962634,0.0,0.0,0.0,80.0,-7.0,0.0,80.0,1.3962634,0.0,0.0,0.0,42.80852965,-8.1534645,-11.06841513,-1.25042179,-18.9200395,-30.29520051,51.92369279,122.2978408,-8.11332215,-2.69585243,-14.12705961,-7.48835594,-22.14669541,0.0,44.62228395,8.77770819,-9.17042282
