Coordinates
version=1
nRows=1425
nColumns=40
inDegrees=yes
endheader
time	pelvis_tilt	pelvis_list	pelvis_rotation	pelvis_tx	pelvis_ty	pelvis_tz	hip_flexion_r	hip_adduction_r	hip_rotation_r	knee_angle_r	knee_angle_r_beta	ankle_angle_r	subtalar_angle_r	mtp_angle_r	hip_flexion_l	hip_adduction_l	hip_rotation_l	knee_angle_l	knee_angle_l_beta	ankle_angle_l	subtalar_angle_l	mtp_angle_l	lumbar_extension	lumbar_bending	lumbar_rotation	arm_flex_r	arm_add_r	arm_rot_r	elbow_flex_r	pro_sup_r	wrist_flex_r	wrist_dev_r	arm_flex_l	arm_add_l	arm_rot_l	elbow_flex_l	pro_sup_l	wrist_flex_l	wrist_dev_l
1760625401.39800000	      0.23697824	      0.01461657	      0.00660975	      0.00059401	      0.94353062	     -0.00457059	     80.00000000	     -7.00000000	      0.00000000	     80.00000000	      1.39626340	      0.00000000	      0.00000000	      0.00000000	     80.00000000	     -7.00000000	      0.00000000	     80.00000000	      1.39626340	      0.00000000	      0.00000000	      0.00000000	     -6.01089562	     -2.02237566	     -1.62114016	      6.64605340	      0.98461908	      1.36897630	      0.00000000	      0.06672647	     -0.65540708	      1.07100893	      7.35608456	     -4.60285843	     -1.24006570	      2.08375349	      0.02236382	     -2.90293036	      1.57944724
1760625401.43099999	      0.24261280	      0.02260750	      0.00971354	     -0.00169128	      0.95012813	     -0.00388744	     80.00000000	     -7.00000000	      0.00000000	     80.00000000	      1.39626340	      0.00000000	      0.00000000	      0.00000000	     80.00000000	     -7.00000000	      0.00000000	     80.00000000	      1.39626340	      0.00000000	      0.00000000	      0.00000000	     -5.42853032	     -1.95698966	     -1.87732066	      5.96819567	      0.93853381	      1.66666803	      0.00000000	      0.09089303	     -0.55354852	      1.03922681	      6.76251508	     -4.56363851	     -1.52448659	      2.12913152	      0.00510333	     -2.97902933	      1.57138569
1760625401.46499991	      0.24140737	      0.03697091	      0.00683566	     -0.00202751	      0.95121034	     -0.00360370	     80.00000000	     -7.00000000	      0.00000000	     80.00000000	      1.39626340	      0.00000000	      0.00000000	      0.00000000	     80.00000000	     -7.00000000	      0.00000000	     80.00000000	      1.39626340	      0.00000000	      0.00000000	      0.00000000	     -5.42527354	     -1.93067855	     -1.88587077	      5.94332844	      0.91785329	      1.66712102	      0.00000000	      0.16305978	     -0.50649488	      1.00807646	      6.75922448	     -4.55191461	     -1.56798412	      2.11465933	      0.00167426	     -2.98932432	      1.59492154
1760625401.49799991	      0.25009630	      0.02977067	      0.01450351	     -0.00223995	      0.95188935	     -0.00361383	     80.00000000	     -7.00000000	      0.00000000	     80.00000000	      1.39626340	      0.00000000	      0.00000000	      0.00000000	     80.00000000	     -7.00000000	      0.00000000	     80.00000000	      1.39626340	      0.00000000	      0.00000000	      0.00000000	     -5.31385875	     -1.87224538	     -1.98337168	      5.80253277	      0.88046853	      1.77986081	      0.00000000	      0.11090249	     -0.47559394	      1.00004421	      6.61957427	     -4.52666942	     -1.68365773	      2.11801227	      0.04530290	     -2.98931846	      1.59102166
1760625401.53099990	      0.25040424	      0.02801447	      0.02972068	     -0.00216218	      0.95190968	     -0.00442311	     80.00000000	     -7.00000000	      0.00000000	     80.00000000	      1.39626340	      0.00000000	      0.00000000	      0.00000000	     80.00000000	     -7.00000000	      0.00000000	     80.00000000	      1.39626340	      0.00000000	      0.00000000	      0.00000000	     -5.32892107	     -1.89079089	     -1.99235061	      5.82347979	      0.91142172	      1.80685826	      0.00000000	      0.04501927	     -0.47362392	      0.99497260	      6.60363075	     -4.54497498	     -1.68278205	      2.10967181	      0.00000000	     -2.99379909	      1.59561426
1760625401.56500006	      0.24403239	      0.03542116	      0.02731608	     -0.00224608	      0.95258076	     -0.00432883	     80.00000000	     -7.00000000	      0.00000000	     80.00000000	      1.39626340	      0.00000000	      0.00000000	      0.00000000	     80.00000000	     -7.00000000	      0.00000000	     80.00000000	      1.39626340	      0.00000000	      0.00000000	      0.00000000	     -5.32876412	     -1.98298085	     -2.03602548	      5.83681781	      1.00873331	      1.81265689	      0.00000000	      0.04235431	     -0.46036439	      0.98761394	      6.60162119	     -4.64527120	     -1.76780858	      2.09500800	      0.03048315	     -3.00486302	      1.60873019
1760625401.59800005	      0.25568923	      0.03334605	      0.03735532	     -0.00309207	      0.95256599	     -0.00359458	     80.00000000	     -7.00000000	      0.00000000	     80.00000000	      1.39626340	      0.00000000	      0.00000000	      0.00000000	     80.00000000	     -7.00000000	      0.00000000	     80.00000000	      1.39626340	      0.00000000	      0.00000000	      0.00000000	     -5.25211543	     -2.02774889	     -2.00553690	      5.75849474	      1.05380054	      1.76535368	      0.00000000	      0.11081529	     -0.46142337	      0.92619835	      6.50182655	     -4.68594206	     -1.72392728	      1.98564238	      0.00000000	     -2.96485231	      1.63352358
1760625401.66499996	      0.25700194	      0.02965817	      0.03717057	     -0.00386347	      0.95280953	     -0.00312497	     80.00000000	     -7.00000000	      0.00000000	     80.00000000	      1.39626340	      0.00000000	      0.00000000	      0.00000000	     80.00000000	     -7.00000000	      0.00000000	     80.00000000	      1.39626340	      0.00000000	      0.00000000	      0.00000000	     -5.26014974	     -2.03706830	     -1.99340927	      5.75795751	      1.09290879	      1.67161006	      0.00000000	      0.16920510	     -0.48630997	      0.87148741	      6.48965546	     -4.74251148	     -1.82640532	      1.92433175	      0.00000000	     -3.00172819	      1.69104020
1760625401.69899988	      0.26157621	      0.03259519	      0.05410789	     -0.00364824	      0.95280883	     -0.00297951	     80.00000000	     -7.00000000	      0.00000000	     80.00000000	      1.39626340	      0.00000000	      0.00000000	      0.00000000	     80.00000000	     -7.00000000	      0.00000000	     80.00000000	      1.39626340	      0.00000000	      0.00000000	      0.00000000	     -5.27542044	     -2.04213146	     -1.99375488	      5.77268118	      1.09879138	      1.60494363	      0.00000000	      0.20666422	     -0.49802884	      0.85282992	      6.47805172	     -4.76428424	     -1.89214039	      1.88988981	      0.00000000	     -3.01020584	      1.70576801
1760625401.73200011	      0.25839450	      0.03254994	      0.06825419	     -0.00313903	      0.95340098	     -0.00310679	     80.00000000	     -7.00000000	      0.00000000	     80.00000000	      1.39626340	      0.00000000	      0.00000000	      0.00000000	     80.00000000	     -7.00000000	      0.00000000	     80.00000000	      1.39626340	      0.00000000	      0.00000000	      0.00000000	     -5.41295530	     -2.01003484	     -2.04459906	      5.91742442	      1.07590220	      1.61310140	      0.00000000	      0.23597274	     -0.52308514	      0.82829894	      6.60854960	     -4.76234669	     -1.93378094	      1.85285757	      0.00000000	     -3.03278699	      1.71250658
1760625401.76600003	      0.24876998	      0.03929629	      0.07617596	     -0.00246064	      0.95378036	     -0.00311870	     80.00000000	     -7.00000000	      0.00000000	     80.00000000	      1.39626340	      0.00000000	      0.00000000	      0.00000000	     80.00000000	     -7.00000000	      0.00000000	     80.00000000	      1.39626340	      0.00000000	      0.00000000	      0.00000000	     -5.41737454	     -1.99973818	     -2.03896648	      5.92456814	      1.06617752	      1.57618166	      0.00000000	      0.21330109	     -0.51598896	      0.82681178	      6.61264403	     -4.77359169	     -1.98008656	      1.84498138	      0.00000000	     -3.04244512	      1.71384881
1760625401.79900002	      0.27298282	      0.03521282	      0.09788040	     -0.00192335	      0.95406379	     -0.00359416	     80.00000000	     -7.00000000	      0.00000000	     80.00000000	      1.39626340	      0.00000000	      0.00000000	      0.00000000	     80.00000000	     -7.00000000	      0.00000000	     80.00000000	      1.39626340	      0.00000000	      0.00000000	      0.00000000	     -5.54854607	     -1.86344561	     -2.14974319	      6.02681893	      0.94659598	      1.60370653	      0.00000000	      0.20205179	     -0.49510120	      0.82597761	      6.69770514	     -4.70766174	     -2.07908845	      1.83595508	      0.00000000	     -3.09469877	      1.72610344
1760625401.83299994	      0.26955589	      0.04334909	      0.11068339	     -0.00240606	      0.95452379	     -0.00367797	     80.00000000	     -7.00000000	      0.00000000	     80.00000000	      1.39626340	      0.00000000	      0.00000000	      0.00000000	     80.00000000	     -7.00000000	      0.00000000	     80.00000000	      1.39626340	      0.00000000	      0.00000000	      0.00000000	     -5.56665179	     -1.85275276	     -2.18647560	      6.04053626	      0.93727292	      1.58725319	      0.00000000	      0.28706618	     -0.49292582	      0.81107470	      6.70096748	     -4.72484549	     -2.11655615	      1.80287672	      0.00000000	     -3.12662609	      1.76408843
1760625401.86599994	      0.24793667	      0.04299213	      0.11515793	     -0.00198043	      0.95496813	     -0.00402834	     80.00000000	     -7.00000000	      0.00000000	     80.00000000	      1.39626340	      0.00000000	      0.00000000	      0.00000000	     80.00000000	     -7.00000000	      0.00000000	     80.00000000	      1.39626340	      0.00000000	      0.00000000	      0.00000000	     -5.57053081	     -1.82983459	     -2.21383084	      6.06207352	      0.92433258	      1.57033032	      0.00000000	      0.30533053	     -0.49041303	      0.80528352	      6.69076077	     -4.73187092	     -2.13521379	      1.76987059	      0.00000000	     -3.14190688	      1.77150737
1760625401.89899993	      0.26068858	      0.04414373	      0.11946468	     -0.00104205	      0.95515363	     -0.00425238	     80.00000000	     -7.00000000	      0.00000000	     80.00000000	      1.39626340	      0.00000000	      0.00000000	      0.00000000	     80.00000000	     -7.00000000	      0.00000000	     80.00000000	      1.39626340	      0.00000000	      0.00000000	      0.00000000	     -5.57820139	     -1.79939277	     -2.23634985	      6.05235465	      0.90474312	      1.53037653	      0.00000000	      0.26541880	     -0.48096710	      0.80441495	      6.64596699	     -4.73603414	     -2.20227599	      1.73012984	      0.17198100	     -3.13173793	      1.77478633
1760625401.93300009	      0.26077148	      0.04500716	      0.13486028	     -0.00095309	      0.95536831	     -0.00391865	     80.00000000	     -7.00000000	      0.00000000	     80.00000000	      1.39626340	      0.00000000	      0.00000000	      0.00000000	     80.00000000	     -7.00000000	      0.00000000	     80.00000000	      1.39626340	      0.00000000	      0.00000000	      0.00000000	     -5.54771343	     -1.77668020	     -2.32101055	      6.01996660	      0.88170298	      1.57214510	      0.00000000	      0.42255809	     -0.48972934	      0.78153733	      6.59584445	     -4.74971560	     -2.34487145	      1.70576721	      0.15652731	     -3.16450214	      1.80264647
1760625401.96600008	      0.25044064	      0.04745187	      0.13414835	     -0.00143219	      0.95520053	     -0.00346435	     80.00000000	     -7.00000000	      0.00000000	     80.00000000	      1.39626340	      0.00000000	      0.00000000	      0.00000000	     80.00000000	     -7.00000000	      0.00000000	     80.00000000	      1.39626340	      0.00000000	      0.00000000	      0.00000000	     -5.54071725	     -1.77052641	     -2.32964266	      6.02575614	      0.87251716	      1.55903269	      0.00000000	      0.46493237	     -0.48204735	      0.77370325	      6.59745719	     -4.76927060	     -2.36366850	      1.69404673	      0.15330746	     -3.18430754	      1.80722808
1760625402.00000000	      0.23926765	      0.05727017	      0.14812200	     -0.00198896	      0.95528039	     -0.00364716	     80.00000000	     -7.00000000	      0.00000000	     80.00000000	      1.39626340	      0.00000000	      0.00000000	      0.00000000	     80.00000000	     -7.00000000	      0.00000000	     80.00000000	      1.39626340	      0.00000000	      0.00000000	      0.00000000	     -5.51017201	     -1.75786743	     -2.37325900	      6.00901153	      0.84578270	      1.49619447	      0.00000000	      0.57005172	     -0.45406690	      0.76034569	      6.57499375	     -4.78186075	     -2.40786569	      1.68020915	      0.16954552	     -3.20671380	      1.82251882
1760625402.03299999	      0.22230658	      0.06303780	      0.15703073	     -0.00199779	      0.95559104	     -0.00373296	     80.00000000	     -7.00000000	      0.00000000	     80.00000000	      1.39626340	      0.00000000	      0.00000000	      0.00000000	     80.00000000	     -7.00000000	      0.00000000	     80.00000000	      1.39626340	      0.00000000	      0.00000000	      0.00000000	     -5.46856141	     -1.73280948	     -2.38103590	      5.99546024	      0.80372816	      1.46915762	      0.00000000	      0.65043336	     -0.44795295	      0.73198553	      6.55733465	     -4.78831756	     -2.44675165	      1.68599243	      0.20796883	     -3.21583236	      1.84517447
1760625402.06699991	      0.21046232	      0.06338209	      0.15715130	     -0.00174120	      0.95568709	     -0.00318070	     80.00000000	     -7.00000000	      0.00000000	     80.00000000	      1.39626340	      0.00000000	      0.00000000	      0.00000000	     80.00000000	     -7.00000000	      0.00000000	     80.00000000	      1.39626340	      0.00000000	      0.00000000	      0.00000000	     -5.43199057	     -1.72022166	     -2.38127391	      5.97254955	      0.77716035	      1.44464103	      0.00000000	      0.68026699	     -0.44468840	      0.73754250	      6.55717463	     -4.80341777	     -2.46270234	      1.67655205	      0.15425206	     -3.22061501	      1.83748301
1760625402.09999990	      0.17983609	      0.07001433	      0.15632445	     -0.00175877	      0.95572510	     -0.00298916	     80.00000000	     -7.00000000	      0.00000000	     80.00000000	      1.39626340	      0.00000000	      0.00000000	      0.00000000	     80.00000000	     -7.00000000	      0.00000000	     80.00000000	      1.39626340	      0.00000000	      0.00000000	      0.00000000	     -5.29349931	     -1.69394228	     -2.32310213	      5.86985058	      0.72719498	      1.38011802	      0.00000000	      0.67044214	     -0.45392958	      0.73571441	      6.48247392	     -4.79382237	     -2.39229713	      1.63937055	      0.15166197	     -3.18322265	      1.83264585
1760625402.13299990	      0.16381255	      0.06923639	      0.16101829	     -0.00182100	      0.95579330	     -0.00287427	     80.00000000	     -7.00000000	      0.00000000	     80.00000000	      1.39626340	      0.00000000	      0.00000000	      0.00000000	     80.00000000	     -7.00000000	      0.00000000	     80.00000000	      1.39626340	      0.00000000	      0.00000000	      0.00000000	     -5.27997643	     -1.68580888	     -2.31941749	      5.87449870	      0.71332755	      1.36603190	      0.00000000	      0.73149989	     -0.44446118	      0.73044912	      6.49520513	     -4.81082396	     -2.38394329	      1.65740000	      0.14574274	     -3.18919500	      1.81493689
1760625402.16700006	      0.15040471	      0.06566916	      0.15508237	     -0.00316529	      0.95601083	     -0.00292030	     80.00000000	     -7.00000000	      0.00000000	     80.00000000	      1.39626340	      0.00000000	      0.00000000	      0.00000000	     80.00000000	     -7.00000000	      0.00000000	     80.00000000	      1.39626340	      0.00000000	      0.00000000	      0.00000000	     -5.23307674	     -1.65420496	     -2.22667875	      5.84584812	      0.66045605	      1.27318249	      0.00000000	      0.81399363	     -0.42173577	      0.71273682	      6.48652302	     -4.80340032	     -2.31373921	      1.64255264	      0.17269001	     -3.18270688	      1.82397095
1760625402.20000005	      0.12544600	      0.06250515	      0.16319684	     -0.00389105	      0.95587138	     -0.00313458	     80.00000000	     -7.00000000	      0.00000000	     80.00000000	      1.39626340	      0.00000000	      0.00000000	      0.00000000	     80.00000000	     -7.00000000	      0.00000000	     80.00000000	      1.39626340	      0.00000000	      0.00000000	      0.00000000	     -5.20191856	     -1.64158188	     -2.22589673	      5.86252022	      0.63944419	      1.26815687	      0.00000000	      0.78516129	     -0.45340943	      0.70427302	      6.49738684	     -4.81323389	     -2.28093785	      1.65066606	      0.17565673	     -3.16114669	      1.80625757
1760625402.23399997	      0.09981466	      0.06093824	      0.16407599	     -0.00452750	      0.95576488	     -0.00313903	     80.00000000	     -7.00000000	      0.00000000	     80.00000000	      1.39626340	      0.00000000	      0.00000000	      0.00000000	     80.00000000	     -7.00000000	      0.00000000	     80.00000000	      1.39626340	      0.00000000	      0.00000000	      0.00000000	     -5.16894176	     -1.62948045	     -2.21268820	      5.88335084	      0.61850724	      1.25502893	      0.00000000	      0.72260101	     -0.46162900	      0.70352024	      6.52698534	     -4.81422309	     -2.27505297	      1.64423725	      0.20546643	     -3.15845422	      1.79773551
1760625402.26699996	      0.08511195	      0.05052406	      0.16998161	     -0.00438274	      0.95579223	     -0.00403617	     80.00000000	     -7.00000000	      0.00000000	     80.00000000	      1.39626340	      0.00000000	      0.00000000	      0.00000000	     80.00000000	     -7.00000000	      0.00000000	     80.00000000	      1.39626340	      0.00000000	      0.00000000	      0.00000000	     -5.13051728	     -1.57970468	     -2.18516497	      5.87362558	      0.55514301	      1.17560344	      0.00000000	      0.80192779	     -0.44595797	      0.70349259	      6.53481436	     -4.77781465	     -2.27134973	      1.59542070	      0.20840310	     -3.12600812	      1.80369906
1760625402.30100012	      0.06122645	      0.03817680	      0.17429988	     -0.00387919	      0.95572019	     -0.00472400	     80.00000000	     -7.00000000	      0.00000000	     80.00000000	      1.39626340	      0.00000000	      0.00000000	      0.00000000	     80.00000000	     -7.00000000	      0.00000000	     80.00000000	      1.39626340	      0.00000000	      0.00000000	      0.00000000	     -4.95211986	     -1.52737452	     -2.11064497	      5.74818000	      0.48741858	      1.07117053	      0.00000000	      0.81941336	     -0.45039330	      0.70447542	      6.38431043	     -4.70681691	     -2.23558070	      1.53543178	      0.16635982	     -3.05592412	      1.78191200
1760625402.33400011	      0.04255173	      0.02869398	      0.17564767	     -0.00371283	      0.95537930	     -0.00546344	     80.00000000	     -7.00000000	      0.00000000	     80.00000000	      1.39626340	      0.00000000	      0.00000000	      0.00000000	     80.00000000	     -7.00000000	      0.00000000	     80.00000000	      1.39626340	      0.00000000	      0.00000000	      0.00000000	     -4.91280979	     -1.51971258	     -2.09754367	      5.74971726	      0.47274943	      1.02338337	      0.00000000	      0.84494312	     -0.46520763	      0.72750375	      6.37354486	     -4.69651607	     -2.28055622	      1.53361871	      0.14533961	     -3.06740847	      1.78679628
1760625402.36800003	      0.03092327	      0.01531710	      0.18610994	     -0.00421292	      0.95518612	     -0.00623972	     80.00000000	     -7.00000000	      0.00000000	     80.00000000	      1.39626340	      0.00000000	      0.00000000	      0.00000000	     80.00000000	     -7.00000000	      0.00000000	     80.00000000	      1.39626340	      0.00000000	      0.00000000	      0.00000000	     -4.82310306	     -1.46003126	     -2.07048391	      5.69722291	      0.40980680	      0.97145057	      0.00000000	      0.84738271	     -0.46117795	      0.71953554	      6.30566747	     -4.62324592	     -2.28993436	      1.52696537	      0.13967156	     -3.06800681	      1.76588846
1760625402.40100002	      0.04715979	      0.00929384	      0.20552777	     -0.00413376	      0.95601860	     -0.00596650	     80.00000000	     -7.00000000	      0.00000000	     80.00000000	      1.39626340	      0.00000000	      0.00000000	      0.00000000	     80.00000000	     -7.00000000	      0.00000000	     80.00000000	      1.39626340	      0.00000000	      0.00000000	      0.00000000	     -4.79534637	     -1.47059692	     -2.09047376	      5.67848310	      0.40685350	      0.90327055	      0.00000000	      0.89799158	     -0.43481796	      0.71310202	      6.25783197	     -4.61509477	     -2.33822158	      1.51550863	      0.16241496	     -3.07160798	      1.75934634
1760625402.43499994	      0.03042426	      0.00447165	      0.20670394	     -0.00385527	      0.95653338	     -0.00572254	     80.00000000	     -7.00000000	      0.00000000	     80.00000000	      1.39626340	      0.00000000	      0.00000000	      0.00000000	     80.00000000	     -7.00000000	      0.00000000	     80.00000000	      1.39626340	      0.00000000	      0.00000000	      0.00000000	     -4.66949366	     -1.49487636	     -2.07501913	      5.58788413	      0.41603116	      0.88034893	      0.00000000	      0.94571603	     -0.44870076	      0.68681015	      6.12459508	     -4.62991180	     -2.38439287	      1.51428441	      0.17739412	     -3.07456962	      1.78173258
1760625402.46799994	      0.01705406	     -0.00039031	      0.19970554	     -0.00207655	      0.95663548	     -0.00513839	     80.00000000	     -7.00000000	      0.00000000	     80.00000000	      1.39626340	      0.00000000	      0.00000000	      0.00000000	     80.00000000	     -7.00000000	      0.00000000	     80.00000000	      1.39626340	      0.00000000	      0.00000000	      0.00000000	     -4.57700763	     -1.52971645	     -2.05891936	      5.51142098	      0.45048696	      0.89741388	      0.00000000	      0.92224835	     -0.43434105	      0.65836257	      6.01109677	     -4.64528472	     -2.38301197	      1.46517427	      0.18831098	     -3.02955549	      1.78606963
1760625402.50200009	      0.01211436	     -0.00757108	      0.22271655	     -0.00051018	      0.95645475	     -0.00517607	     80.00000000	     -7.00000000	      0.00000000	     80.00000000	      1.39626340	      0.00000000	      0.00000000	      0.00000000	     80.00000000	     -7.00000000	      0.00000000	     80.00000000	      1.39626340	      0.00000000	      0.00000000	      0.00000000	     -4.52121925	     -1.53343508	     -2.07479738	      5.45897440	      0.45056344	      0.84325041	      0.00000000	      0.96920379	     -0.43171569	      0.65999626	      5.91765324	     -4.63166602	     -2.33754718	      1.42753052	      0.12766287	     -3.00795726	      1.81977604
1760625402.53500009	     -0.00504161	     -0.01418299	      0.21105654	      0.00038031	      0.95608576	     -0.00461151	     80.00000000	     -7.00000000	      0.00000000	     80.00000000	      1.39626340	      0.00000000	      0.00000000	      0.00000000	     80.00000000	     -7.00000000	      0.00000000	     80.00000000	      1.39626340	      0.00000000	      0.00000000	      0.00000000	     -4.46819338	     -1.56818984	     -2.01957283	      5.41013066	      0.49326978	      0.80263883	      0.00000000	      0.92682460	     -0.43182731	      0.65844679	      5.87300644	     -4.65544617	     -2.32050783	      1.38749184	      0.17293082	     -2.97893103	      1.82947587
1760625402.56800008	     -0.00850791	     -0.02116477	      0.23083895	      0.00125101	      0.95557583	     -0.00516785	     80.00000000	     -7.00000000	      0.00000000	     80.00000000	      1.39626340	      0.00000000	      0.00000000	      0.00000000	     80.00000000	     -7.00000000	      0.00000000	     80.00000000	      1.39626340	      0.00000000	      0.00000000	      0.00000000	     -4.47409555	     -1.56900033	     -2.02857393	      5.41025728	      0.50773647	      0.75465532	      0.00000000	      0.90976440	     -0.43953192	      0.68250263	      5.87887536	     -4.63889482	     -2.33696537	      1.38386724	      0.17993148	     -2.97811951	      1.81616450
1760625402.60200000	     -0.00647506	     -0.02478575	      0.23413045	      0.00080514	      0.95531196	     -0.00547100	     80.00000000	     -7.00000000	      0.00000000	     80.00000000	      1.39626340	      0.00000000	      0.00000000	      0.00000000	     80.00000000	     -7.00000000	      0.00000000	     80.00000000	      1.39626340	      0.00000000	      0.00000000	      0.00000000	     -4.48043643	     -1.57149896	     -1.99833184	      5.39769627	      0.51017359	      0.74061539	      0.00000000	      0.95521520	     -0.46871533	      0.67273998	      5.88677340	     -4.63033540	     -2.34811699	      1.38493191	      0.17190719	     -2.97731243	      1.81742861
1760625402.63499999	      0.00835502	     -0.02796620	      0.26213591	     -0.00029070	      0.95460604	     -0.00579741	     80.00000000	     -7.00000000	      0.00000000	     80.00000000	      1.39626340	      0.00000000	      0.00000000	      0.00000000	     80.00000000	     -7.00000000	      0.00000000	     80.00000000	      1.39626340	      0.00000000	      0.00000000	      0.00000000	     -4.53409897	     -1.57628897	     -1.96826314	      5.43550387	      0.50088129	      0.69123574	      0.00000000	      0.93247631	     -0.45075267	      0.68322941	      5.92525735	     -4.63216590	     -2.29564217	      1.37793173	      0.16500565	     -2.95719908	      1.84038818
1760625402.66899991	      0.02784593	     -0.03107769	      0.27237777	     -0.00152589	      0.95397677	     -0.00543332	     80.00000000	     -7.00000000	      0.00000000	     80.00000000	      1.39626340	      0.00000000	      0.00000000	      0.00000000	     80.00000000	     -7.00000000	      0.00000000	     80.00000000	      1.39626340	      0.00000000	      0.00000000	      0.00000000	     -4.64965846	     -1.61814367	     -1.95297416	      5.55258362	      0.53504867	      0.66139300	      0.00000000	      0.96400888	     -0.46797589	      0.62737194	      6.01199412	     -4.66197969	     -2.24554395	      1.39045451	      0.18056931	     -2.98319986	      1.82049458
1760625402.70199990	      0.00579045	     -0.02441713	      0.28938396	     -0.00282028	      0.95358671	     -0.00500175	     80.00000000	     -7.00000000	      0.00000000	     80.00000000	      1.39626340	      0.00000000	      0.00000000	      0.00000000	     80.00000000	     -7.00000000	      0.00000000	     80.00000000	      1.39626340	      0.00000000	      0.00000000	      0.00000000	     -4.64701857	     -1.63698458	     -1.95667698	      5.58351156	      0.52767580	      0.60415864	      0.00000000	      0.97959765	     -0.46371301	      0.63462645	      6.02557614	     -4.66677190	     -2.27230035	      1.38017043	      0.20927271	     -2.97708991	      1.84779215
1760625402.73600006	      0.01650417	     -0.02290025	      0.29646418	     -0.00367224	      0.95354668	     -0.00494388	     80.00000000	     -7.00000000	      0.00000000	     80.00000000	      1.39626340	      0.00000000	      0.00000000	      0.00000000	     80.00000000	     -7.00000000	      0.00000000	     80.00000000	      1.39626340	      0.00000000	      0.00000000	      0.00000000	     -4.76830139	     -1.65041825	     -1.95150116	      5.70533651	      0.51388004	      0.55878048	      0.00000000	      1.03925298	     -0.45590095	      0.62005792	      6.13689122	     -4.65552025	     -2.23833195	      1.37437069	      0.18722417	     -2.98812752	      1.84801164
1760625402.76900005	      0.01935554	     -0.02175378	      0.31390875	     -0.00376817	      0.95370248	     -0.00473138	     80.00000000	     -7.00000000	      0.00000000	     80.00000000	      1.39626340	      0.00000000	      0.00000000	      0.00000000	     80.00000000	     -7.00000000	      0.00000000	     80.00000000	      1.39626340	      0.00000000	      0.00000000	      0.00000000	     -4.77386848	     -1.66648110	     -1.95519693	      5.71063368	      0.51057168	      0.53167323	      0.00000000	      0.97314595	     -0.44887681	      0.63977996	      6.12780791	     -4.64558930	     -2.24029613	      1.37415385	      0.22311567	     -2.98193368	      1.85785093
1760625402.80299997	      0.03540292	     -0.01905670	      0.31068124	     -0.00325776	      0.95404908	     -0.00456743	     80.00000000	     -7.00000000	      0.00000000	     80.00000000	      1.39626340	      0.00000000	      0.00000000	      0.00000000	     80.00000000	     -7.00000000	      0.00000000	     80.00000000	      1.39626340	      0.00000000	      0.00000000	      0.00000000	     -4.79768730	     -1.68626619	     -1.96368005	      5.72138198	      0.51232223	      0.52668305	      0.00000000	      0.98691191	     -0.44999275	      0.65500480	      6.14401175	     -4.65008511	     -2.22087525	      1.37060507	      0.18902553	     -2.99321018	      1.87933786
1760625402.83599997	      0.02400549	     -0.02239347	      0.32712094	     -0.00280628	      0.95420499	     -0.00474741	     80.00000000	     -7.00000000	      0.00000000	     80.00000000	      1.39626340	      0.00000000	      0.00000000	      0.00000000	     80.00000000	     -7.00000000	      0.00000000	     80.00000000	      1.39626340	      0.00000000	      0.00000000	      0.00000000	     -4.82855452	     -1.70382363	     -1.96624504	      5.74944743	      0.52950533	      0.55561236	      0.00000000	      0.97872918	     -0.44273334	      0.63645069	      6.18066020	     -4.64905941	     -2.17433917	      1.38369889	      0.16937816	     -2.98856499	      1.88283426
1760625402.86999989	      0.04179408	     -0.02392760	      0.33499624	     -0.00250177	      0.95441501	     -0.00491521	     80.00000000	     -7.00000000	      0.00000000	     80.00000000	      1.39626340	      0.00000000	      0.00000000	      0.00000000	     80.00000000	     -7.00000000	      0.00000000	     80.00000000	      1.39626340	      0.00000000	      0.00000000	      0.00000000	     -4.85729684	     -1.72278698	     -1.97579939	      5.73573258	      0.54493484	      0.58534770	      0.00000000	      0.95102975	     -0.40823016	      0.63238982	      6.18733082	     -4.64257015	     -2.12930935	      1.39278377	      0.13353446	     -2.97200983	      1.88181154
1760625402.90300012	      0.05079391	     -0.02925976	      0.34031728	     -0.00166466	      0.95463235	     -0.00492690	     80.00000000	     -7.00000000	      0.00000000	     80.00000000	      1.39626340	      0.00000000	      0.00000000	      0.00000000	     80.00000000	     -7.00000000	      0.00000000	     80.00000000	      1.39626340	      0.00000000	      0.00000000	      0.00000000	     -4.86315413	     -1.75177019	     -1.99036257	      5.71823311	      0.57631267	      0.58897043	      0.00000000	      0.93371644	     -0.39409165	      0.64885462	      6.17571288	     -4.66561326	     -2.09829956	      1.39850062	      0.09596289	     -2.94218203	      1.89609827
1760625402.93600011	      0.04526788	     -0.03196020	      0.35213804	     -0.00150699	      0.95452621	     -0.00522465	     80.00000000	     -7.00000000	      0.00000000	     80.00000000	      1.39626340	      0.00000000	      0.00000000	      0.00000000	     80.00000000	     -7.00000000	      0.00000000	     80.00000000	      1.39626340	      0.00000000	      0.00000000	      0.00000000	     -4.85893497	     -1.77942186	     -2.01111163	      5.72172328	      0.61075509	      0.60134092	      0.00000000	      0.91387012	     -0.39189769	      0.64381382	      6.17494241	     -4.67143850	     -2.05434589	      1.39809625	      0.06675980	     -2.94535579	      1.87736180
1760625402.97000003	      0.07240884	     -0.02985214	      0.36449867	     -0.00127640	      0.95462641	     -0.00505885	     80.00000000	     -7.00000000	      0.00000000	     80.00000000	      1.39626340	      0.00000000	      0.00000000	      0.00000000	     80.00000000	     -7.00000000	      0.00000000	     80.00000000	      1.39626340	      0.00000000	      0.00000000	      0.00000000	     -4.88032783	     -1.81766009	     -2.03631666	      5.71707213	      0.65162127	      0.59931622	      0.00000000	      0.89102570	     -0.44070555	      0.67049173	      6.14891251	     -4.68802031	     -1.98903031	      1.40956237	      0.07850199	     -2.94998792	      1.84480129
1760625403.00300002	      0.08284313	     -0.03753491	      0.36651925	     -0.00115507	      0.95474367	     -0.00493008	     80.00000000	     -7.00000000	      0.00000000	     80.00000000	      1.39626340	      0.00000000	      0.00000000	      0.00000000	     80.00000000	     -7.00000000	      0.00000000	     80.00000000	      1.39626340	      0.00000000	      0.00000000	      0.00000000	     -4.89384792	     -1.82511304	     -2.06760694	      5.71873222	      0.66395529	      0.64004441	      0.00000000	      0.93853319	     -0.43863066	      0.65642077	      6.13612930	     -4.66708521	     -1.88829419	      1.37880857	      0.00000000	     -2.98124770	      1.83631240
1760625403.03699994	      0.10339508	     -0.04703161	      0.38656451	     -0.00165639	      0.95505543	     -0.00486528	     80.00000000	     -7.00000000	      0.00000000	     80.00000000	      1.39626340	      0.00000000	      0.00000000	      0.00000000	     80.00000000	     -7.00000000	      0.00000000	     80.00000000	      1.39626340	      0.00000000	      0.00000000	      0.00000000	     -4.98119416	     -1.82324275	     -2.03790532	      5.79145241	      0.67507306	      0.57512930	      0.00000000	      0.92384015	     -0.44826297	      0.66614536	      6.18067006	     -4.63172393	     -1.67190618	      1.38919366	      0.00000000	     -3.01326580	      1.86864361
1760625403.06999993	      0.11308657	     -0.06265337	      0.42996901	     -0.00150155	      0.95521886	     -0.00486785	     80.00000000	     -7.00000000	      0.00000000	     80.00000000	      1.39626340	      0.00000000	      0.00000000	      0.00000000	     80.00000000	     -7.00000000	      0.00000000	     80.00000000	      1.39626340	      0.00000000	      0.00000000	      0.00000000	     -5.01774573	     -1.82221024	     -2.09392607	      5.84284792	      0.71208986	      0.58215710	      0.00000000	      0.91262335	     -0.48442281	      0.63835147	      6.14186728	     -4.56442046	     -1.58146458	      1.43451442	      0.00000000	     -2.98343345	      1.91928609
1760625403.10400009	      0.14462920	     -0.08723135	      0.45207653	     -0.00107562	      0.95511077	     -0.00532985	     80.00000000	     -7.00000000	      0.00000000	     80.00000000	      1.39626340	      0.00000000	      0.00000000	      0.00000000	     80.00000000	     -7.00000000	      0.00000000	     80.00000000	      1.39626340	      0.00000000	      0.00000000	      0.00000000	     -5.07480959	     -1.74061287	     -2.10147322	      5.89828931	      0.66239818	      0.53005786	      0.00000000	      0.92053052	     -0.48830359	      0.65361160	      6.13594131	     -4.44011420	     -1.54569880	      1.44969420	      0.00000000	     -2.97743714	      1.94825157
1760625403.13700008	      0.14212658	     -0.09055383	      0.44405162	     -0.00088373	      0.95524083	     -0.00534612	     80.00000000	     -7.00000000	      0.00000000	     80.00000000	      1.39626340	      0.00000000	      0.00000000	      0.00000000	     80.00000000	     -7.00000000	      0.00000000	     80.00000000	      1.39626340	      0.00000000	      0.00000000	      0.00000000	     -5.06564046	     -1.71479790	     -2.10041190	      5.91306679	      0.65177556	      0.54052183	      0.00000000	      0.91569045	     -0.45345979	      0.65639933	      6.09880917	     -4.38499251	     -1.54828345	      1.45215250	      0.00000000	     -2.96775955	      1.93543431
1760625403.20400000	      0.13798918	     -0.08643221	      0.42792696	     -0.00108953	      0.95507955	     -0.00508825	     80.00000000	     -7.00000000	      0.00000000	     80.00000000	      1.39626340	      0.00000000	      0.00000000	      0.00000000	     80.00000000	     -7.00000000	      0.00000000	     80.00000000	      1.39626340	      0.00000000	      0.00000000	      0.00000000	     -5.03903717	     -1.62359924	     -2.12934235	      5.97414354	      0.57015827	      0.64022281	      0.00000000	      0.86316834	     -0.45013903	      0.64115011	      6.11992615	     -4.32281620	     -1.60956305	      1.40114238	      0.00000000	     -3.04617703	      1.90150716
1760625403.23699999	      0.15240384	     -0.08294468	      0.47938816	     -0.00104088	      0.95512331	     -0.00493063	     80.00000000	     -7.00000000	      0.00000000	     80.00000000	      1.39626340	      0.00000000	      0.00000000	      0.00000000	     80.00000000	     -7.00000000	      0.00000000	     80.00000000	      1.39626340	      0.00000000	      0.00000000	      0.00000000	     -5.03735271	     -1.60111434	     -2.17735124	      5.97303599	      0.55066701	      0.58406730	      0.00000000	      0.86403299	     -0.43917041	      0.66452357	      6.15016839	     -4.33697874	     -1.64449085	      1.39765572	      0.00000000	     -3.06535327	      1.89880099
1760625403.30399990	      0.12659010	     -0.08719452	      0.49452188	     -0.00091447	      0.95579398	     -0.00497659	     80.00000000	     -7.00000000	      0.00000000	     80.00000000	      1.39626340	      0.00000000	      0.00000000	      0.00000000	     80.00000000	     -7.00000000	      0.00000000	     80.00000000	      1.39626340	      0.00000000	      0.00000000	      0.00000000	     -4.98727623	     -1.57276158	     -2.11437016	      5.97890481	      0.55388798	      0.63059271	      0.00000000	      0.79927437	     -0.48654085	      0.61529407	      6.23055494	     -4.36062487	     -1.66940348	      1.40678124	      0.00000000	     -3.07081812	      1.87512764
1760625403.33800006	      0.12106004	     -0.08286158	      0.49688815	     -0.00071927	      0.95600394	     -0.00502841	     80.00000000	     -7.00000000	      0.00000000	     80.00000000	      1.39626340	      0.00000000	      0.00000000	      0.00000000	     80.00000000	     -7.00000000	      0.00000000	     80.00000000	      1.39626340	      0.00000000	      0.00000000	      0.00000000	     -4.97547245	     -1.56684737	     -2.07296081	      5.98270916	      0.55709309	      0.66072068	      0.00000000	      0.80101912	     -0.47925748	      0.60489942	      6.28403381	     -4.35070851	     -1.71280719	      1.40327341	      0.00000000	     -3.07747776	      1.87221110
1760625403.37100005	      0.18089445	     -0.08973801	      0.52163634	     -0.00107770	      0.95574875	     -0.00506232	     80.00000000	     -7.00000000	      0.00000000	     80.00000000	      1.39626340	      0.00000000	      0.00000000	      0.00000000	     80.00000000	     -7.00000000	      0.00000000	     80.00000000	      1.39626340	      0.00000000	      0.00000000	      0.00000000	     -5.00030875	     -1.54534348	     -2.06054953	      5.97076525	      0.58505484	      0.67235557	      0.00000000	      0.67827815	     -0.50048945	      0.62013411	      6.26496885	     -4.34764235	     -1.70926720	      1.42533069	      0.00000000	     -3.03880391	      1.87363855
1760625403.40499997	      0.15545334	     -0.09776076	      0.50408645	     -0.00095328	      0.95556799	     -0.00501629	     80.00000000	     -7.00000000	      0.00000000	     80.00000000	      1.39626340	      0.00000000	      0.00000000	      0.00000000	     80.00000000	     -7.00000000	      0.00000000	     80.00000000	      1.39626340	      0.00000000	      0.00000000	      0.00000000	     -4.96802972	     -1.54171902	     -2.03352308	      5.98858785	      0.62016996	      0.67914997	      0.00000000	      0.64817874	     -0.48903218	      0.62096180	      6.26113552	     -4.34021750	     -1.72759484	      1.42346992	      0.00000000	     -3.01454119	      1.86354082
1760625403.43799996	      0.14220883	     -0.09880028	      0.49323947	     -0.00151666	      0.95567972	     -0.00452989	     80.00000000	     -7.00000000	      0.00000000	     80.00000000	      1.39626340	      0.00000000	      0.00000000	      0.00000000	     80.00000000	     -7.00000000	      0.00000000	     80.00000000	      1.39626340	      0.00000000	      0.00000000	      0.00000000	     -4.93292343	     -1.55415824	     -2.00694550	      5.99238094	      0.66066622	      0.67780962	      0.00000000	      0.68442370	     -0.46267425	      0.61012065	      6.25436789	     -4.33084606	     -1.77450588	      1.40452164	      0.00000000	     -3.01796991	      1.86481854
1760625403.47199988	      0.15464692	     -0.08796221	      0.50043468	     -0.00126857	      0.95579852	     -0.00377070	     80.00000000	     -7.00000000	      0.00000000	     80.00000000	      1.39626340	      0.00000000	      0.00000000	      0.00000000	     80.00000000	     -7.00000000	      0.00000000	     80.00000000	      1.39626340	      0.00000000	      0.00000000	      0.00000000	     -4.84550526	     -1.63285505	     -2.01343799	      5.91154180	      0.79389793	      0.74624046	      0.00000000	      0.67287780	     -0.45972933	      0.58036698	      6.15567019	     -4.35589178	     -1.82073169	      1.39561762	      0.00000000	     -3.00425577	      1.84053477
1760625403.50500011	      0.15765503	     -0.08993955	      0.50392880	     -0.00146266	      0.95560650	     -0.00339462	     80.00000000	     -7.00000000	      0.00000000	     80.00000000	      1.39626340	      0.00000000	      0.00000000	      0.00000000	     80.00000000	     -7.00000000	      0.00000000	     80.00000000	      1.39626340	      0.00000000	      0.00000000	      0.00000000	     -4.83328534	     -1.62673517	     -1.99745910	      5.90425797	      0.83530636	      0.75560090	      0.00000000	      0.63815471	     -0.43644898	      0.58794889	      6.15025544	     -4.33520031	     -1.83834267	      1.40217682	      0.00000000	     -3.00154805	      1.84959392
1760625403.53900003	      0.15847233	     -0.08367802	      0.50666400	     -0.00142233	      0.95543315	     -0.00356774	     80.00000000	     -7.00000000	      0.00000000	     80.00000000	      1.39626340	      0.00000000	      0.00000000	      0.00000000	     80.00000000	     -7.00000000	      0.00000000	     80.00000000	      1.39626340	      0.00000000	      0.00000000	      0.00000000	     -4.79119658	     -1.63521160	     -1.98370353	      5.86873855	      0.88224705	      0.74198999	      0.00000000	      0.67492517	     -0.43511268	      0.59086847	      6.14244676	     -4.29461943	     -1.87920430	      1.38314690	      0.00000000	     -3.01473259	      1.79845939
1760625403.57200003	      0.17398790	     -0.07825225	      0.51045854	     -0.00145793	      0.95528477	     -0.00376408	     80.00000000	     -7.00000000	      0.00000000	     80.00000000	      1.39626340	      0.00000000	      0.00000000	      0.00000000	     80.00000000	     -7.00000000	      0.00000000	     80.00000000	      1.39626340	      0.00000000	      0.00000000	      0.00000000	     -4.77298983	     -1.64024342	     -1.97356678	      5.84103724	      0.92377909	      0.75420988	      0.00000000	      0.74759381	     -0.43649680	      0.56375653	      6.13201834	     -4.27098452	     -1.89885317	      1.39815746	      0.00000000	     -3.00222612	      1.77624457
1760625403.60500002	      0.18280524	     -0.07232075	      0.51878545	     -0.00199176	      0.95500320	     -0.00363295	     80.00000000	     -7.00000000	      0.00000000	     80.00000000	      1.39626340	      0.00000000	      0.00000000	      0.00000000	     80.00000000	     -7.00000000	      0.00000000	     80.00000000	      1.39626340	      0.00000000	      0.00000000	      0.00000000	     -4.74234629	     -1.64594707	     -1.97853619	      5.80637527	      0.94476096	      0.76587330	      0.00000000	      0.69982699	     -0.41361103	      0.57192757	      6.12164831	     -4.24679147	     -1.90723850	      1.40908490	      0.00000000	     -2.99446609	      1.74619397
1760625403.63899994	      0.18858062	     -0.06796796	      0.51873412	     -0.00255745	      0.95478300	     -0.00345670	     80.00000000	     -7.00000000	      0.00000000	     80.00000000	      1.39626340	      0.00000000	      0.00000000	      0.00000000	     80.00000000	     -7.00000000	      0.00000000	     80.00000000	      1.39626340	      0.00000000	      0.00000000	      0.00000000	     -4.62101635	     -1.68113781	     -1.98629663	      5.66634563	      0.98670282	      0.81987520	      0.00000000	      0.74099251	     -0.41341795	      0.57999430	      6.01702762	     -4.25629854	     -1.96513536	      1.37880415	      0.00000000	     -2.92370387	      1.77224392
1760625403.67199993	      0.21008176	     -0.06721349	      0.51989124	     -0.00287811	      0.95499854	     -0.00336420	     80.00000000	     -7.00000000	      0.00000000	     80.00000000	      1.39626340	      0.00000000	      0.00000000	      0.00000000	     80.00000000	     -7.00000000	      0.00000000	     80.00000000	      1.39626340	      0.00000000	      0.00000000	      0.00000000	     -4.58733522	     -1.72297224	     -2.03832927	      5.60377826	      1.02076680	      0.89661576	      0.00000000	      0.76944789	     -0.38002162	      0.56118344	      5.96689804	     -4.28179888	     -2.03503278	      1.41036481	      0.00000000	     -2.92277613	      1.76429386
1760625403.70600009	      0.20678723	     -0.06598110	      0.51805521	     -0.00318851	      0.95516473	     -0.00338904	     80.00000000	     -7.00000000	      0.00000000	     80.00000000	      1.39626340	      0.00000000	      0.00000000	      0.00000000	     80.00000000	     -7.00000000	      0.00000000	     80.00000000	      1.39626340	      0.00000000	      0.00000000	      0.00000000	     -4.57478398	     -1.73286130	     -2.03555772	      5.60326696	      1.00885528	      0.90704511	      0.00000000	      0.68660024	     -0.37375893	      0.57437644	      5.95507219	     -4.28543992	     -2.02572756	      1.42865918	      0.00000000	     -2.88946645	      1.77420780
1760625403.73900008	      0.22649894	     -0.06405270	      0.50773155	     -0.00331680	      0.95537432	     -0.00306604	     80.00000000	     -7.00000000	      0.00000000	     80.00000000	      1.39626340	      0.00000000	      0.00000000	      0.00000000	     80.00000000	     -7.00000000	      0.00000000	     80.00000000	      1.39626340	      0.00000000	      0.00000000	      0.00000000	     -4.58286505	     -1.76093995	     -2.00340793	      5.59023465	      0.99573899	      0.96054207	      0.00000000	      0.69970981	     -0.37215411	      0.54647780	      5.94513306	     -4.28463256	     -2.01915221	      1.42542717	      0.00000000	     -2.86752438	      1.75973348
1760625403.80599999	      0.24714074	     -0.06998406	      0.52099732	     -0.00390720	      0.95543229	     -0.00322251	     80.00000000	     -7.00000000	      0.00000000	     80.00000000	      1.39626340	      0.00000000	      0.00000000	      0.00000000	     80.00000000	     -7.00000000	      0.00000000	     80.00000000	      1.39626340	      0.00000000	      0.00000000	      0.00000000	     -4.60042776	     -1.79898214	     -1.98982856	      5.57010456	      0.98036249	      1.01296942	      0.00000000	      0.62423409	     -0.34141718	      0.54417431	      5.93051278	     -4.29470167	     -2.00503022	      1.44714189	      0.00000000	     -2.82973608	      1.75154148
1760625403.83999991	      0.24907266	     -0.07317675	      0.53205941	     -0.00306414	      0.95569053	     -0.00327091	     80.00000000	     -7.00000000	      0.00000000	     80.00000000	      1.39626340	      0.00000000	      0.00000000	      0.00000000	     80.00000000	     -7.00000000	      0.00000000	     80.00000000	      1.39626340	      0.00000000	      0.00000000	      0.00000000	     -4.60325120	     -1.82449160	     -1.98980303	      5.55505513	      0.98353463	      1.07522908	      0.00000000	      0.54501250	     -0.34215038	      0.55114563	      5.91554533	     -4.29193052	     -1.97330167	      1.44028435	      0.00000000	     -2.83596045	      1.74188410
1760625403.87299991	      0.25211752	     -0.07240492	      0.54756292	     -0.00350294	      0.95548340	     -0.00292135	     80.00000000	     -7.00000000	      0.00000000	     80.00000000	      1.39626340	      0.00000000	      0.00000000	      0.00000000	     80.00000000	     -7.00000000	      0.00000000	     80.00000000	      1.39626340	      0.00000000	      0.00000000	      0.00000000	     -4.57512476	     -1.86037112	     -2.03787782	      5.51020004	      1.00588854	      1.15722895	      0.00000000	      0.54977801	     -0.31970161	      0.55424115	      5.85501507	     -4.30591178	     -2.04310735	      1.47807341	      0.00000000	     -2.85900084	      1.73408528
1760625403.90599990	      0.24162476	     -0.07221674	      0.54731028	     -0.00373173	      0.95537793	     -0.00277988	     80.00000000	     -7.00000000	      0.00000000	     80.00000000	      1.39626340	      0.00000000	      0.00000000	      0.00000000	     80.00000000	     -7.00000000	      0.00000000	     80.00000000	      1.39626340	      0.00000000	      0.00000000	      0.00000000	     -4.58743776	     -1.86601899	     -2.02877553	      5.53019735	      0.99889983	      1.19773064	      0.00000000	      0.50825858	     -0.32887313	      0.54858241	      5.84900017	     -4.29807313	     -2.01798389	      1.49230909	      0.00000000	     -2.84627138	      1.76166958
1760625403.94000006	      0.25240073	     -0.07631781	      0.56611925	     -0.00392088	      0.95536354	     -0.00273968	     80.00000000	     -7.00000000	      0.00000000	     80.00000000	      1.39626340	      0.00000000	      0.00000000	      0.00000000	     80.00000000	     -7.00000000	      0.00000000	     80.00000000	      1.39626340	      0.00000000	      0.00000000	      0.00000000	     -4.62221305	     -1.87088988	     -2.03982105	      5.53542112	      1.00061235	      1.22948354	      0.00000000	      0.44458256	     -0.29288739	      0.55393890	      5.83174147	     -4.28370122	     -1.98759164	      1.50113484	      0.00000000	     -2.84048290	      1.77661829
1760625403.97300005	      0.23714011	     -0.08253238	      0.57378141	     -0.00375470	      0.95561696	     -0.00320010	     80.00000000	     -7.00000000	      0.00000000	     80.00000000	      1.39626340	      0.00000000	      0.00000000	      0.00000000	     80.00000000	     -7.00000000	      0.00000000	     80.00000000	      1.39626340	      0.00000000	      0.00000000	      0.00000000	     -4.63331693	     -1.87848310	     -2.02585303	      5.54255258	      1.00537849	      1.26388796	      0.00000000	      0.46083799	     -0.28689741	      0.55503134	      5.82221915	     -4.27277243	     -1.96991192	      1.49817306	      0.00000000	     -2.84489281	      1.78274430
1760625404.00699997	      0.22474032	     -0.08143500	      0.56856809	     -0.00376390	      0.95559575	     -0.00331131	     80.00000000	     -7.00000000	      0.00000000	     80.00000000	      1.39626340	      0.00000000	      0.00000000	      0.00000000	     80.00000000	     -7.00000000	      0.00000000	     80.00000000	      1.39626340	      0.00000000	      0.00000000	      0.00000000	     -4.66392419	     -1.87434308	     -2.03293148	      5.56858745	      1.00481962	      1.31188786	      0.00000000	      0.40780673	     -0.29012588	      0.55337091	      5.84191804	     -4.25720287	     -1.93612617	      1.50262352	      0.00000000	     -2.87355403	      1.77733350
1760625404.03999996	      0.25087464	     -0.08520349	      0.58188322	     -0.00360673	      0.95569872	     -0.00320749	     80.00000000	     -7.00000000	      0.00000000	     80.00000000	      1.39626340	      0.00000000	      0.00000000	      0.00000000	     80.00000000	     -7.00000000	      0.00000000	     80.00000000	      1.39626340	      0.00000000	      0.00000000	      0.00000000	     -4.70946560	     -1.86738055	     -2.02609241	      5.56180813	      0.99401726	      1.31410579	      0.00000000	      0.40771832	     -0.31933224	      0.56179144	      5.82045921	     -4.25274032	     -1.93725594	      1.52680173	      0.00000000	     -2.85403587	      1.80185554
1760625404.07399988	      0.23805092	     -0.08631030	      0.58694495	     -0.00346806	      0.95566973	     -0.00322621	     80.00000000	     -7.00000000	      0.00000000	     80.00000000	      1.39626340	      0.00000000	      0.00000000	      0.00000000	     80.00000000	     -7.00000000	      0.00000000	     80.00000000	      1.39626340	      0.00000000	      0.00000000	      0.00000000	     -4.71503737	     -1.86467357	     -2.02758865	      5.55811659	      0.97659841	      1.33010858	      0.00000000	      0.41781094	     -0.31057824	      0.55965876	      5.81728466	     -4.26349269	     -1.91697842	      1.51822344	      0.00000000	     -2.86064691	      1.79260751
1760625404.10700011	      0.24915951	     -0.08282139	      0.60761934	     -0.00335274	      0.95594178	     -0.00307429	     80.00000000	     -7.00000000	      0.00000000	     80.00000000	      1.39626340	      0.00000000	      0.00000000	      0.00000000	     80.00000000	     -7.00000000	      0.00000000	     80.00000000	      1.39626340	      0.00000000	      0.00000000	      0.00000000	     -4.74355474	     -1.84756619	     -2.03284855	      5.56261862	      0.93290585	      1.29706144	      0.00000000	      0.46392844	     -0.30723652	      0.56678695	      5.82403985	     -4.26237074	     -1.88734037	      1.51397712	      0.00000000	     -2.86676574	      1.77316939
1760625404.17400002	      0.20754105	     -0.08734510	      0.63002747	     -0.00230354	      0.95590926	     -0.00302417	     80.00000000	     -7.00000000	      0.00000000	     80.00000000	      1.39626340	      0.00000000	      0.00000000	      0.00000000	     80.00000000	     -7.00000000	      0.00000000	     80.00000000	      1.39626340	      0.00000000	      0.00000000	      0.00000000	     -4.79647216	     -1.78200235	     -1.96943890	      5.61687773	      0.80644583	      1.21362129	      0.00000000	      0.50589759	     -0.30198899	      0.54491015	      5.92636058	     -4.28345596	     -1.76338485	      1.48619069	      0.00000000	     -2.87060626	      1.79817778
1760625404.20799994	      0.21624761	     -0.08396986	      0.63688342	     -0.00250645	      0.95567679	     -0.00316432	     80.00000000	     -7.00000000	      0.00000000	     80.00000000	      1.39626340	      0.00000000	      0.00000000	      0.00000000	     80.00000000	     -7.00000000	      0.00000000	     80.00000000	      1.39626340	      0.00000000	      0.00000000	      0.00000000	     -4.83071372	     -1.77545885	     -1.97707104	      5.61451955	      0.77179075	      1.18684267	      0.00000000	      0.55345819	     -0.31269244	      0.54774937	      5.95401982	     -4.31114759	     -1.77116860	      1.49347714	      0.00000000	     -2.87405810	      1.79948645
1760625404.24099994	      0.19686369	     -0.08480213	      0.64667008	     -0.00340909	      0.95553786	     -0.00364841	     80.00000000	     -7.00000000	      0.00000000	     80.00000000	      1.39626340	      0.00000000	      0.00000000	      0.00000000	     80.00000000	     -7.00000000	      0.00000000	     80.00000000	      1.39626340	      0.00000000	      0.00000000	      0.00000000	     -4.94038716	     -1.72613652	     -1.95912726	      5.73178722	      0.69917914	      1.12570334	      0.00000000	      0.55330806	     -0.33972305	      0.55583715	      6.09483918	     -4.29531891	     -1.72496227	      1.49929536	      0.00000000	     -2.90833713	      1.78814707
1760625404.27399993	      0.18033525	     -0.08494199	      0.65640552	     -0.00370486	      0.95533274	     -0.00404213	     80.00000000	     -7.00000000	      0.00000000	     80.00000000	      1.39626340	      0.00000000	      0.00000000	      0.00000000	     80.00000000	     -7.00000000	      0.00000000	     80.00000000	      1.39626340	      0.00000000	      0.00000000	      0.00000000	     -4.94177217	     -1.71559182	     -1.98280723	      5.73391146	      0.67256003	      1.08962467	      0.00000000	      0.56173731	     -0.31995439	      0.55910925	      6.11224203	     -4.31475072	     -1.74105261	      1.49553870	      0.00000000	     -2.90698334	      1.79078819
1760625404.30800009	      0.17062638	     -0.08316757	      0.64450185	     -0.00380841	      0.95540525	     -0.00451888	     80.00000000	     -7.00000000	      0.00000000	     80.00000000	      1.39626340	      0.00000000	      0.00000000	      0.00000000	     80.00000000	     -7.00000000	      0.00000000	     80.00000000	      1.39626340	      0.00000000	      0.00000000	      0.00000000	     -4.93971033	     -1.69997822	     -1.97891738	      5.74349557	      0.63463776	      1.04760977	      0.00000000	      0.64233425	     -0.34317186	      0.56097374	      6.12582762	     -4.30823236	     -1.76692744	      1.49117290	      0.00000000	     -2.91188430	      1.78461003
1760625404.37500000	      0.11336164	     -0.08769126	      0.63277525	     -0.00437631	      0.95547747	     -0.00465952	     80.00000000	     -7.00000000	      0.00000000	     80.00000000	      1.39626340	      0.00000000	      0.00000000	      0.00000000	     80.00000000	     -7.00000000	      0.00000000	     80.00000000	      1.39626340	      0.00000000	      0.00000000	      0.00000000	     -5.04282372	     -1.59577972	     -1.92180464	      5.90363923	      0.50607955	      1.03378784	      0.00000000	      0.71216646	     -0.34515435	      0.52627143	      6.30943435	     -4.28909569	     -1.73392697	      1.48816382	      0.00000000	     -2.94818118	      1.79370640
1760625404.40799999	      0.10850075	     -0.08397414	      0.62558806	     -0.00437743	      0.95552085	     -0.00516931	     80.00000000	     -7.00000000	      0.00000000	     80.00000000	      1.39626340	      0.00000000	      0.00000000	      0.00000000	     80.00000000	     -7.00000000	      0.00000000	     80.00000000	      1.39626340	      0.00000000	      0.00000000	      0.00000000	     -5.04582431	     -1.58213402	     -1.91317251	      5.91789499	      0.46977104	      0.97869346	      0.00000000	      0.80445405	     -0.34583887	      0.53418231	      6.32777366	     -4.30785227	     -1.75760408	      1.46543532	      0.00000000	     -2.95590069	      1.80014779
1760625404.44199991	      0.11314346	     -0.08944645	      0.64827406	     -0.00451626	      0.95555932	     -0.00536089	     80.00000000	     -7.00000000	      0.00000000	     80.00000000	      1.39626340	      0.00000000	      0.00000000	      0.00000000	     80.00000000	     -7.00000000	      0.00000000	     80.00000000	      1.39626340	      0.00000000	      0.00000000	      0.00000000	     -5.11680156	     -1.46902243	     -1.83474108	      6.00337936	      0.34405810	      0.86402149	      0.00000000	      0.81988214	     -0.36271855	      0.52425754	      6.41930498	     -4.22110066	     -1.72406949	      1.44303045	      0.00000000	     -2.94102292	      1.78299532
1760625404.47499990	      0.09404443	     -0.08297288	      0.64217053	     -0.00457057	      0.95567405	     -0.00540851	     80.00000000	     -7.00000000	      0.00000000	     80.00000000	      1.39626340	      0.00000000	      0.00000000	      0.00000000	     80.00000000	     -7.00000000	      0.00000000	     80.00000000	      1.39626340	      0.00000000	      0.00000000	      0.00000000	     -5.10820358	     -1.45852480	     -1.80845027	      6.02483701	      0.31909457	      0.82301345	      0.00000000	      0.86828765	     -0.36149994	      0.52685867	      6.44469451	     -4.23772509	     -1.76458210	      1.43523492	      0.00000000	     -2.94195402	      1.78565441
1760625404.50799990	      0.08132778	     -0.08342434	      0.64251174	     -0.00535103	      0.95592447	     -0.00607906	     80.00000000	     -7.00000000	      0.00000000	     80.00000000	      1.39626340	      0.00000000	      0.00000000	      0.00000000	     80.00000000	     -7.00000000	      0.00000000	     80.00000000	      1.39626340	      0.00000000	      0.00000000	      0.00000000	     -5.11806391	     -1.35964606	     -1.69037679	      6.06875163	      0.19437305	      0.71640728	      0.00000000	      0.94557153	     -0.37305964	      0.52340983	      6.50398127	     -4.15208362	     -1.71241672	      1.40730369	      0.00000000	     -2.90508978	      1.78513856
1760625404.54200006	      0.11551917	     -0.08150001	      0.66596929	     -0.00582319	      0.95618165	     -0.00620867	     80.00000000	     -7.00000000	      0.00000000	     80.00000000	      1.39626340	      0.00000000	      0.00000000	      0.00000000	     80.00000000	     -7.00000000	      0.00000000	     80.00000000	      1.39626340	      0.00000000	      0.00000000	      0.00000000	     -5.13036444	     -1.33737042	     -1.67788254	      6.07459564	      0.15179155	      0.67649316	      0.00000000	      1.00992163	     -0.39154817	      0.51799252	      6.52282668	     -4.18678558	     -1.71660610	      1.39648544	      0.00000000	     -2.90348706	      1.79259358
1760625404.57500005	      0.09285212	     -0.08417304	      0.66806454	     -0.00609745	      0.95613674	     -0.00537211	     80.00000000	     -7.00000000	      0.00000000	     80.00000000	      1.39626340	      0.00000000	      0.00000000	      0.00000000	     80.00000000	     -7.00000000	      0.00000000	     80.00000000	      1.39626340	      0.00000000	      0.00000000	      0.00000000	     -5.11528290	     -1.31704989	     -1.65430529	      6.09759734	      0.11075226	      0.67146017	      0.00000000	      1.01658084	     -0.37162810	      0.51312913	      6.55622918	     -4.21244909	     -1.69649299	      1.37746949	      0.00000000	     -2.89368735	      1.77640899
1760625404.60899997	      0.09218248	     -0.08079961	      0.66674612	     -0.00599582	      0.95618632	     -0.00520713	     80.00000000	     -7.00000000	      0.00000000	     80.00000000	      1.39626340	      0.00000000	      0.00000000	      0.00000000	     80.00000000	     -7.00000000	      0.00000000	     80.00000000	      1.39626340	      0.00000000	      0.00000000	      0.00000000	     -5.11159482	     -1.29457651	     -1.60073648	      6.10104069	      0.03861752	      0.72005819	      0.00000000	      1.01185308	     -0.34586602	      0.51753207	      6.59191451	     -4.24652174	     -1.65122225	      1.34716383	      0.00000000	     -2.87362647	      1.76799931
1760625404.64199996	      0.09118332	     -0.08237191	      0.67755125	     -0.00673518	      0.95658171	     -0.00476838	     80.00000000	     -7.00000000	      0.00000000	     80.00000000	      1.39626340	      0.00000000	      0.00000000	      0.00000000	     80.00000000	     -7.00000000	      0.00000000	     80.00000000	      1.39626340	      0.00000000	      0.00000000	      0.00000000	     -5.10098816	     -1.28720478	     -1.58283729	      6.11384288	     -0.01043709	      0.73309496	      0.00000000	      1.01917681	     -0.33279242	      0.49865546	      6.61019410	     -4.30373214	     -1.62219121	      1.33786806	      0.00000000	     -2.85257002	      1.80249751
1760625404.67600012	      0.10104604	     -0.08437831	      0.69943504	     -0.00731382	      0.95660100	     -0.00458938	     80.00000000	     -7.00000000	      0.00000000	     80.00000000	      1.39626340	      0.00000000	      0.00000000	      0.00000000	     80.00000000	     -7.00000000	      0.00000000	     80.00000000	      1.39626340	      0.00000000	      0.00000000	      0.00000000	     -5.09482606	     -1.28307977	     -1.57829979	      6.12320783	     -0.04311144	      0.74612647	      0.00000000	      0.96490052	     -0.35171815	      0.49859992	      6.61570373	     -4.34036845	     -1.58512494	      1.29931471	      0.00000000	     -2.85185500	      1.80364224
1760625404.70900011	      0.05857874	     -0.09260428	      0.70362357	     -0.00778662	      0.95647176	     -0.00456382	     80.00000000	     -7.00000000	      0.00000000	     80.00000000	      1.39626340	      0.00000000	      0.00000000	      0.00000000	     80.00000000	     -7.00000000	      0.00000000	     80.00000000	      1.39626340	      0.00000000	      0.00000000	      0.00000000	     -5.04891356	     -1.28652561	     -1.55252630	      6.13721912	     -0.07291434	      0.72111025	      0.00000000	      0.98277179	     -0.32536626	      0.49969034	      6.63424256	     -4.36839114	     -1.59084949	      1.26901450	      0.00000000	     -2.83230070	      1.81141754
1760625404.74300003	      0.05957212	     -0.09123694	      0.70241944	     -0.00789964	      0.95649763	     -0.00462339	     80.00000000	     -7.00000000	      0.00000000	     80.00000000	      1.39626340	      0.00000000	      0.00000000	      0.00000000	     80.00000000	     -7.00000000	      0.00000000	     80.00000000	      1.39626340	      0.00000000	      0.00000000	      0.00000000	     -5.03443062	     -1.27941350	     -1.53941967	      6.13443258	     -0.09520666	      0.67124623	      0.00000000	      1.00304773	     -0.33117245	      0.50961149	      6.64041523	     -4.37996972	     -1.60944723	      1.26451637	      0.00000000	     -2.80807894	      1.82070716
1760625404.77600002	      0.07185416	     -0.09616113	      0.71836896	     -0.00814616	      0.95663038	     -0.00486676	     80.00000000	     -7.00000000	      0.00000000	     80.00000000	      1.39626340	      0.00000000	      0.00000000	      0.00000000	     80.00000000	     -7.00000000	      0.00000000	     80.00000000	      1.39626340	      0.00000000	      0.00000000	      0.00000000	     -5.02487774	     -1.26484043	     -1.51736588	      6.12451687	     -0.10987765	      0.67306162	      0.00000000	      0.92806656	     -0.36456253	      0.53684737	      6.64947506	     -4.37115013	     -1.59357922	      1.26653201	      0.00000000	     -2.79647453	      1.81133889
1760625404.80999994	      0.06875170	     -0.10584644	      0.71952782	     -0.00775830	      0.95652925	     -0.00507531	     80.00000000	     -7.00000000	      0.00000000	     80.00000000	      1.39626340	      0.00000000	      0.00000000	      0.00000000	     80.00000000	     -7.00000000	      0.00000000	     80.00000000	      1.39626340	      0.00000000	      0.00000000	      0.00000000	     -4.99517884	     -1.23506488	     -1.48546243	      6.09160247	     -0.13016167	      0.67659478	      0.00000000	      0.91389234	     -0.32223780	      0.53985846	      6.65093698	     -4.37281858	     -1.59232203	      1.24091302	      0.00000000	     -2.79348197	      1.82260910
1760625404.84299994	      0.08034199	     -0.10150574	      0.72215021	     -0.00753429	      0.95643317	     -0.00521647	     80.00000000	     -7.00000000	      0.00000000	     80.00000000	      1.39626340	      0.00000000	      0.00000000	      0.00000000	     80.00000000	     -7.00000000	      0.00000000	     80.00000000	      1.39626340	      0.00000000	      0.00000000	      0.00000000	     -4.99158328	     -1.22759443	     -1.50027621	      6.09060417	     -0.13375234	      0.64674660	      0.00000000	      0.89672878	     -0.32303022	      0.53732540	      6.63727804	     -4.37464928	     -1.60049251	      1.23445143	      0.00000000	     -2.79320854	      1.81598542
1760625404.87700009	      0.05717759	     -0.10982997	      0.73638248	     -0.00597548	      0.95566744	     -0.00628555	     80.00000000	     -7.00000000	      0.00000000	     80.00000000	      1.39626340	      0.00000000	      0.00000000	      0.00000000	     80.00000000	     -7.00000000	      0.00000000	     80.00000000	      1.39626340	      0.00000000	      0.00000000	      0.00000000	     -4.86422146	     -1.16630989	     -1.47473151	      5.99682439	     -0.19701430	      0.59577983	      0.00000000	      0.89442667	     -0.35214369	      0.55553217	      6.53558180	     -4.30737372	     -1.57231884	      1.19510975	      0.00000000	     -2.72934508	      1.82994843
1760625404.91000009	      0.05751426	     -0.10765981	      0.73611561	     -0.00542303	      0.95541052	     -0.00658904	     80.00000000	     -7.00000000	      0.00000000	     80.00000000	      1.39626340	      0.00000000	      0.00000000	      0.00000000	     80.00000000	     -7.00000000	      0.00000000	     80.00000000	      1.39626340	      0.00000000	      0.00000000	      0.00000000	     -4.86540472	     -1.15999802	     -1.46941708	      5.96645488	     -0.18924213	      0.59027699	      0.00000000	      1.06259682	     -0.37173487	      0.55216658	      6.52628195	     -4.30008399	     -1.57375388	      1.18860237	      0.00000000	     -2.73709650	      1.84068289
1760625404.94300008	      0.07547229	     -0.10299160	      0.75417835	     -0.00500705	      0.95542322	     -0.00672506	     80.00000000	     -7.00000000	      0.00000000	     80.00000000	      1.39626340	      0.00000000	      0.00000000	      0.00000000	     80.00000000	     -7.00000000	      0.00000000	     80.00000000	      1.39626340	      0.00000000	      0.00000000	      0.00000000	     -4.81491224	     -1.16506447	     -1.44504010	      5.82284343	     -0.18014138	      0.52382074	      0.00000000	      1.45973906	     -0.44641511	      0.52353297	      6.43246647	     -4.28257455	     -1.52415386	      1.18475927	      0.00000000	     -2.70096092	      1.84523108
1760625404.97700000	      0.08411772	     -0.09683414	      0.74565718	     -0.00454590	      0.95605265	     -0.00611185	     80.00000000	     -7.00000000	      0.00000000	     80.00000000	      1.39626340	      0.00000000	      0.00000000	      0.00000000	     80.00000000	     -7.00000000	      0.00000000	     80.00000000	      1.39626340	      0.00000000	      0.00000000	      0.00000000	     -4.83631284	     -1.17638836	     -1.43719012	      5.79682825	     -0.17349869	      0.50966089	      0.00000000	      1.62984066	     -0.48118240	      0.49198639	      6.41896963	     -4.28327048	     -1.53265083	      1.19075231	      0.00000000	     -2.69411268	      1.86293206
1760625405.00999999	      0.07826380	     -0.08623439	      0.75875740	     -0.00353450	      0.95637713	     -0.00611689	     80.00000000	     -7.00000000	      0.00000000	     80.00000000	      1.39626340	      0.00000000	      0.00000000	      0.00000000	     80.00000000	     -7.00000000	      0.00000000	     80.00000000	      1.39626340	      0.00000000	      0.00000000	      0.00000000	     -4.82479103	     -1.19531381	     -1.42917652	      5.80263371	     -0.16005167	      0.50243471	      0.00000000	      1.30910184	     -0.42553449	      0.46074644	      6.38440742	     -4.27885790	     -1.51969896	      1.15366179	      0.00000000	     -2.70897733	      1.90700961
1760625405.04399991	      0.09997677	     -0.08248328	      0.75696191	     -0.00324330	      0.95682220	     -0.00585734	     80.00000000	     -7.00000000	      0.00000000	     80.00000000	      1.39626340	      0.00000000	      0.00000000	      0.00000000	     80.00000000	     -7.00000000	      0.00000000	     80.00000000	      1.39626340	      0.00000000	      0.00000000	      0.00000000	     -4.82132755	     -1.21074876	     -1.42623007	      5.78825370	     -0.14883485	      0.48130996	      0.00000000	      1.14095724	     -0.41804638	      0.43467176	      6.31526995	     -4.28032551	     -1.53154312	      1.11398532	      0.00000000	     -2.72348483	      1.90714002
1760625405.07699990	      0.09517623	     -0.07363490	      0.75703995	     -0.00300361	      0.95682802	     -0.00567161	     80.00000000	     -7.00000000	      0.00000000	     80.00000000	      1.39626340	      0.00000000	      0.00000000	      0.00000000	     80.00000000	     -7.00000000	      0.00000000	     80.00000000	      1.39626340	      0.00000000	      0.00000000	      0.00000000	     -4.70690824	     -1.25374097	     -1.47522550	      5.70336669	     -0.11538716	      0.51402814	      0.00000000	      0.83143891	     -0.35800111	      0.46158596	      6.17504789	     -4.29426694	     -1.57747216	      1.02016456	      0.00000000	     -2.72594154	      1.90147328
1760625405.11100006	      0.09197156	     -0.06473013	      0.75452481	     -0.00318924	      0.95692944	     -0.00547055	     80.00000000	     -7.00000000	      0.00000000	     80.00000000	      1.39626340	      0.00000000	      0.00000000	      0.00000000	     80.00000000	     -7.00000000	      0.00000000	     80.00000000	      1.39626340	      0.00000000	      0.00000000	      0.00000000	     -4.70254610	     -1.27656615	     -1.49724393	      5.72089964	     -0.11379433	      0.41997474	      0.00000000	      0.81392829	     -0.36840303	      0.48225653	      6.13419118	     -4.28054517	     -1.67667901	      0.97850451	      0.00000000	     -2.75669737	      1.88539929
1760625405.14400005	      0.09352807	     -0.05576789	      0.77221490	     -0.00343967	      0.95708040	     -0.00522732	     80.00000000	     -7.00000000	      0.00000000	     80.00000000	      1.39626340	      0.00000000	      0.00000000	      0.00000000	     80.00000000	     -7.00000000	      0.00000000	     80.00000000	      1.39626340	      0.00000000	      0.00000000	      0.00000000	     -4.66077370	     -1.32476086	     -1.58061314	      5.68337796	     -0.06854416	      0.44043731	      0.00000000	      0.76639106	     -0.34750960	      0.47270292	      6.04431315	     -4.32585953	     -1.79942161	      0.97495964	      0.05592939	     -2.79910972	      1.89561414
1760625405.17799997	      0.10284368	     -0.05563136	      0.77681605	     -0.00430219	      0.95693067	     -0.00481203	     80.00000000	     -7.00000000	      0.00000000	     80.00000000	      1.39626340	      0.00000000	      0.00000000	      0.00000000	     80.00000000	     -7.00000000	      0.00000000	     80.00000000	      1.39626340	      0.00000000	      0.00000000	      0.00000000	     -4.66510404	     -1.34019270	     -1.58146493	      5.69309614	     -0.05781027	      0.37578831	      0.00000000	      0.68063653	     -0.35123131	      0.48915221	      6.03329748	     -4.33868053	     -1.88952827	      0.94751597	      0.14941799	     -2.88354017	      1.88391472
1760625405.21099997	      0.10333466	     -0.05294551	      0.78598685	     -0.00477127	      0.95674304	     -0.00457314	     80.00000000	     -7.00000000	      0.00000000	     80.00000000	      1.39626340	      0.00000000	      0.00000000	      0.00000000	     80.00000000	     -7.00000000	      0.00000000	     80.00000000	      1.39626340	      0.00000000	      0.00000000	      0.00000000	     -4.66186687	     -1.36997741	     -1.59844734	      5.71897886	     -0.01732628	      0.42826356	      0.00000000	      0.54392085	     -0.43892149	      0.52249281	      6.04162881	     -4.34946757	     -1.90944234	      0.90352923	      0.11216380	     -3.01138943	      1.88145799
1760625405.24399996	      0.12401070	     -0.04949325	      0.79978718	     -0.00588367	      0.95643119	     -0.00429222	     80.00000000	     -7.00000000	      0.00000000	     80.00000000	      1.39626340	      0.00000000	      0.00000000	      0.00000000	     80.00000000	     -7.00000000	      0.00000000	     80.00000000	      1.39626340	      0.00000000	      0.00000000	      0.00000000	     -4.69781492	     -1.42094944	     -1.64292846	      5.78399769	      0.07729889	      0.53469066	      0.00000000	      0.33284781	     -0.42294416	      0.52584961	      6.05620881	     -4.38641248	     -1.93033044	      0.91968068	      0.10153683	     -3.09514221	      1.85913383
1760625405.27800012	      0.12601602	     -0.05494745	      0.81675514	     -0.00644575	      0.95622704	     -0.00429717	     80.00000000	     -7.00000000	      0.00000000	     80.00000000	      1.39626340	      0.00000000	      0.00000000	      0.00000000	     80.00000000	     -7.00000000	      0.00000000	     80.00000000	      1.39626340	      0.00000000	      0.00000000	      0.00000000	     -4.67454690	     -1.42378592	     -1.62791541	      5.82256374	      0.11608941	      0.56838688	      0.00000000	      0.21181783	     -0.39459299	      0.52452890	      6.04806723	     -4.39163495	     -1.93280917	      0.90593131	      0.16258946	     -3.09756782	      1.90091392
1760625405.34500003	      0.14375258	     -0.05777192	      0.83594858	     -0.00654267	      0.95614093	     -0.00457819	     80.00000000	     -7.00000000	      0.00000000	     80.00000000	      1.39626340	      0.00000000	      0.00000000	      0.00000000	     80.00000000	     -7.00000000	      0.00000000	     80.00000000	      1.39626340	      0.00000000	      0.00000000	      0.00000000	     -4.62808603	     -1.49977577	     -1.69370347	      5.90403057	      0.30267653	      0.72994055	      0.00000000	      0.00000000	     -0.32771782	      0.53097888	      5.99320311	     -4.43201400	     -1.92640524	      0.90025430	      0.09321678	     -3.04867838	      1.94105024
1760625405.37800002	      0.14371719	     -0.06982998	      0.83045312	     -0.00638277	      0.95625499	     -0.00481919	     80.00000000	     -7.00000000	      0.00000000	     80.00000000	      1.39626340	      0.00000000	      0.00000000	      0.00000000	     80.00000000	     -7.00000000	      0.00000000	     80.00000000	      1.39626340	      0.00000000	      0.00000000	      0.00000000	     -4.60820112	     -1.49724044	     -1.69834375	      5.93941783	      0.33663618	      0.80296761	      0.00000000	      0.00000000	     -0.29757534	      0.50372197	      5.98368754	     -4.42683926	     -1.87593271	      0.92270378	      0.03986121	     -3.04285689	      1.96237516
1760625405.41199994	      0.14874378	     -0.07830149	      0.84856092	     -0.00668820	      0.95703449	     -0.00502253	     80.00000000	     -7.00000000	      0.00000000	     80.00000000	      1.39626340	      0.00000000	      0.00000000	      0.00000000	     80.00000000	     -7.00000000	      0.00000000	     80.00000000	      1.39626340	      0.00000000	      0.00000000	      0.00000000	     -4.57544227	     -1.50618879	     -1.70731749	      5.95937255	      0.36656327	      0.83303030	      0.00000000	      0.00000000	     -0.29216719	      0.51696685	      5.96817294	     -4.40617946	     -1.84316583	      0.92494672	      0.00000000	     -3.04114155	      1.96216299
1760625405.44499993	      0.13935914	     -0.08482781	      0.85944147	     -0.00663066	      0.95758773	     -0.00517965	     80.00000000	     -7.00000000	      0.00000000	     80.00000000	      1.39626340	      0.00000000	      0.00000000	      0.00000000	     80.00000000	     -7.00000000	      0.00000000	     80.00000000	      1.39626340	      0.00000000	      0.00000000	      0.00000000	     -4.53729699	     -1.52028285	     -1.71159463	      5.94877368	      0.39393553	      0.87113143	      0.00000000	      0.00000000	     -0.26295214	      0.52106657	      5.97279239	     -4.38904710	     -1.82477610	      0.92875432	      0.00000000	     -3.04354626	      1.93875000
1760625405.47900009	      0.12229181	     -0.09514778	      0.86140169	     -0.00656752	      0.95788473	     -0.00525753	     80.00000000	     -7.00000000	      0.00000000	     80.00000000	      1.39626340	      0.00000000	      0.00000000	      0.00000000	     80.00000000	     -7.00000000	      0.00000000	     80.00000000	      1.39626340	      0.00000000	      0.00000000	      0.00000000	     -4.50005750	     -1.53192429	     -1.70288287	      5.93637558	      0.43261879	      0.87831589	      0.00000000	      0.00000000	     -0.28854721	      0.52829416	      5.97226278	     -4.37481672	     -1.83392113	      0.96936344	      0.00000000	     -3.01348062	      1.91967724
1760625405.51200008	      0.12299459	     -0.09738167	      0.88570408	     -0.00648707	      0.95832899	     -0.00516365	     80.00000000	     -7.00000000	      0.00000000	     80.00000000	      1.39626340	      0.00000000	      0.00000000	      0.00000000	     80.00000000	     -7.00000000	      0.00000000	     80.00000000	      1.39626340	      0.00000000	      0.00000000	      0.00000000	     -4.46934188	     -1.54530481	     -1.70811091	      5.88648575	      0.46507095	      0.88679254	      0.00000000	      0.00000000	     -0.31593239	      0.54031868	      5.96679463	     -4.34946777	     -1.83612674	      0.97892842	      0.00000000	     -3.00723478	      1.88548661
1760625405.54600000	      0.10647412	     -0.09712274	      0.88770431	     -0.00614027	      0.95861694	     -0.00511319	     80.00000000	     -7.00000000	      0.00000000	     80.00000000	      1.39626340	      0.00000000	      0.00000000	      0.00000000	     80.00000000	     -7.00000000	      0.00000000	     80.00000000	      1.39626340	      0.00000000	      0.00000000	      0.00000000	     -4.36607688	     -1.56664647	     -1.68812592	      5.77187962	      0.48968007	      0.86919753	      0.00000000	      0.00000000	     -0.31474965	      0.54266062	      5.88366766	     -4.32585850	     -1.83192083	      0.99681749	      0.00000000	     -2.99875484	      1.86984731
1760625405.57900000	      0.09399524	     -0.09560050	      0.90809117	     -0.00565988	      0.95846673	     -0.00503324	     80.00000000	     -7.00000000	      0.00000000	     80.00000000	      1.39626340	      0.00000000	      0.00000000	      0.00000000	     80.00000000	     -7.00000000	      0.00000000	     80.00000000	      1.39626340	      0.00000000	      0.00000000	      0.00000000	     -4.31255009	     -1.59031535	     -1.66272422	      5.70044929	      0.52467203	      0.83154361	      0.00000000	      0.00000000	     -0.33124158	      0.54268404	      5.83425577	     -4.29996583	     -1.78317808	      0.99053471	      0.00000000	     -2.95951496	      1.89310768
1760625405.61199999	      0.06899294	     -0.09187457	      0.90877716	     -0.00458899	      0.95780735	     -0.00471981	     80.00000000	     -7.00000000	      0.00000000	     80.00000000	      1.39626340	      0.00000000	      0.00000000	      0.00000000	     80.00000000	     -7.00000000	      0.00000000	     80.00000000	      1.39626340	      0.00000000	      0.00000000	      0.00000000	     -4.23361995	     -1.61453135	     -1.63721613	      5.61299439	      0.55577043	      0.80256167	      0.00000000	      0.00000000	     -0.32776363	      0.52591313	      5.75434506	     -4.28108264	     -1.76562484	      0.99209693	      0.00000000	     -2.90243593	      1.92132831
1760625405.64599991	      0.05166924	     -0.08278327	      0.92065416	     -0.00394207	      0.95757249	     -0.00450646	     80.00000000	     -7.00000000	      0.00000000	     80.00000000	      1.39626340	      0.00000000	      0.00000000	      0.00000000	     80.00000000	     -7.00000000	      0.00000000	     80.00000000	      1.39626340	      0.00000000	      0.00000000	      0.00000000	     -4.23665463	     -1.63182966	     -1.65855224	      5.60069147	      0.57840429	      0.77822034	      0.00000000	      0.00000000	     -0.32805901	      0.52508893	      5.75304068	     -4.23435355	     -1.76041092	      0.99960377	      0.00000000	     -2.90677921	      1.92226557
1760625405.67899990	      0.06511882	     -0.06379804	      0.93304093	     -0.00431442	      0.95745733	     -0.00415016	     80.00000000	     -7.00000000	      0.00000000	     80.00000000	      1.39626340	      0.00000000	      0.00000000	      0.00000000	     80.00000000	     -7.00000000	      0.00000000	     80.00000000	      1.39626340	      0.00000000	      0.00000000	      0.00000000	     -4.26151855	     -1.65994734	     -1.65072153	      5.55364606	      0.60710932	      0.77476970	      0.00000000	      0.00000000	     -0.33195611	      0.52546845	      5.72706238	     -4.17223856	     -1.72412640	      1.01552473	      0.00000000	     -2.88578645	      1.90496932
1760625405.71300006	      0.06190155	     -0.06040268	      0.92635005	     -0.00442295	      0.95720566	     -0.00388090	     80.00000000	     -7.00000000	      0.00000000	     80.00000000	      1.39626340	      0.00000000	      0.00000000	      0.00000000	     80.00000000	     -7.00000000	      0.00000000	     80.00000000	      1.39626340	      0.00000000	      0.00000000	      0.00000000	     -4.23405588	     -1.69769277	     -1.59143661	      5.48643980	      0.64796797	      0.74423012	      0.00000000	      0.00000000	     -0.34067194	      0.52288361	      5.68735353	     -4.17372160	     -1.67191821	      1.02517131	      0.00000000	     -2.86010763	      1.92128700
1760625405.74600005	      0.06647620	     -0.04885006	      0.92138406	     -0.00436118	      0.95748797	     -0.00396294	     80.00000000	     -7.00000000	      0.00000000	     80.00000000	      1.39626340	      0.00000000	      0.00000000	      0.00000000	     80.00000000	     -7.00000000	      0.00000000	     80.00000000	      1.39626340	      0.00000000	      0.00000000	      0.00000000	     -4.25577337	     -1.71273814	     -1.57754254	      5.46352578	      0.66051355	      0.76361508	      0.00000000	      0.00000000	     -0.33052008	      0.52381976	      5.69959355	     -4.14986240	     -1.67153589	      1.03626200	      0.00000000	     -2.86400767	      1.91755415
1760625405.77999997	      0.08638606	     -0.04054886	      0.90666390	     -0.00427731	      0.95746254	     -0.00367055	     80.00000000	     -7.00000000	      0.00000000	     80.00000000	      1.39626340	      0.00000000	      0.00000000	      0.00000000	     80.00000000	     -7.00000000	      0.00000000	     80.00000000	      1.39626340	      0.00000000	      0.00000000	      0.00000000	     -4.28692893	     -1.73055771	     -1.56549179	      5.42911952	      0.68930686	      0.80266250	      0.00000000	      0.00000000	     -0.34020875	      0.51553793	      5.69963146	     -4.13850555	     -1.64478317	      1.03637254	      0.00000000	     -2.85883816	      1.90277805
1760625405.81299996	      0.08758652	     -0.03261153	      0.89351296	     -0.00413930	      0.95717798	     -0.00369194	     80.00000000	     -7.00000000	      0.00000000	     80.00000000	      1.39626340	      0.00000000	      0.00000000	      0.00000000	     80.00000000	     -7.00000000	      0.00000000	     80.00000000	      1.39626340	      0.00000000	      0.00000000	      0.00000000	     -4.29804269	     -1.76226807	     -1.54669173	      5.40681942	      0.71005214	      0.84316249	      0.00000000	      0.00000000	     -0.31700466	      0.51979558	      5.69138939	     -4.13434922	     -1.65140405	      1.05055293	      0.00000000	     -2.82598058	      1.89272473
1760625405.84699988	      0.09823821	     -0.02284067	      0.87702015	     -0.00475594	      0.95763716	     -0.00330937	     80.00000000	     -7.00000000	      0.00000000	     80.00000000	      1.39626340	      0.00000000	      0.00000000	      0.00000000	     80.00000000	     -7.00000000	      0.00000000	     80.00000000	      1.39626340	      0.00000000	      0.00000000	      0.00000000	     -4.28679869	     -1.79557199	     -1.55059245	      5.37832640	      0.74034310	      0.86849873	      0.00000000	      0.00000000	     -0.29623084	      0.51109550	      5.68872525	     -4.12211504	     -1.67897055	      1.04365824	      0.00000000	     -2.82883049	      1.87020549
1760625405.88000011	      0.11669035	     -0.01900264	      0.88812419	     -0.00489574	      0.95793085	     -0.00277035	     80.00000000	     -7.00000000	      0.00000000	     80.00000000	      1.39626340	      0.00000000	      0.00000000	      0.00000000	     80.00000000	     -7.00000000	      0.00000000	     80.00000000	      1.39626340	      0.00000000	      0.00000000	      0.00000000	     -4.30854640	     -1.86122250	     -1.64278154	      5.40958622	      0.79097635	      0.92057031	      0.00000000	      0.00000000	     -0.29930537	      0.51099762	      5.69680594	     -4.17627961	     -1.79440875	      1.08519264	      0.00000000	     -2.86461396	      1.85663154
1760625405.91400003	      0.11840400	     -0.02190034	      0.88172469	     -0.00499531	      0.95789542	     -0.00235678	     80.00000000	     -7.00000000	      0.00000000	     80.00000000	      1.39626340	      0.00000000	      0.00000000	      0.00000000	     80.00000000	     -7.00000000	      0.00000000	     80.00000000	      1.39626340	      0.00000000	      0.00000000	      0.00000000	     -4.28873913	     -1.87439524	     -1.63417595	      5.40214361	      0.79479137	      0.92378997	      0.00000000	      0.00000000	     -0.29602275	      0.51046111	      5.69941825	     -4.17051803	     -1.83360261	      1.06834364	      0.00000000	     -2.86800807	      1.83749752
1760625405.94700003	      0.10732676	     -0.02092412	      0.88813299	     -0.00439332	      0.95740373	     -0.00214394	     80.00000000	     -7.00000000	      0.00000000	     80.00000000	      1.39626340	      0.00000000	      0.00000000	      0.00000000	     80.00000000	     -7.00000000	      0.00000000	     80.00000000	      1.39626340	      0.00000000	      0.00000000	      0.00000000	     -4.20888912	     -1.89318408	     -1.63658550	      5.34031740	      0.80642207	      0.94091232	      0.00000000	      0.00000000	     -0.28063760	      0.49808189	      5.64257282	     -4.17588284	     -1.82529063	      1.03479344	      0.00000000	     -2.84766100	      1.82921162
1760625406.01399994	      0.15472232	     -0.02216403	      0.90547465	     -0.00389713	      0.95703281	     -0.00233627	     80.00000000	     -7.00000000	      0.00000000	     80.00000000	      1.39626340	      0.00000000	      0.00000000	      0.00000000	     80.00000000	     -7.00000000	      0.00000000	     80.00000000	      1.39626340	      0.00000000	      0.00000000	      0.00000000	     -4.24419107	     -1.89506922	     -1.61578777	      5.37527957	      0.81481943	      0.85600007	      0.00000000	      0.00000000	     -0.31692499	      0.49523769	      5.71810421	     -4.14295387	     -1.86720262	      1.08067555	      0.00000000	     -2.90822176	      1.69978860
1760625406.04699993	      0.17928281	     -0.03697737	      0.88884339	     -0.00342867	      0.95611844	     -0.00400528	     80.00000000	     -7.00000000	      0.00000000	     80.00000000	      1.39626340	      0.00000000	      0.00000000	      0.00000000	     80.00000000	     -7.00000000	      0.00000000	     80.00000000	      1.39626340	      0.00000000	      0.00000000	      0.00000000	     -4.36525685	     -1.81566760	     -1.50939687	      5.46911896	      0.74313703	      0.83191232	      0.00000000	      0.00000000	     -0.27721789	      0.51255575	      5.87225448	     -4.05462527	     -1.81011400	      1.08078598	      0.00000000	     -2.88259471	      1.69545655
1760625406.08100009	      0.19477302	     -0.03818481	      0.89145710	     -0.00346300	      0.95586751	     -0.00445768	     80.00000000	     -7.00000000	      0.00000000	     80.00000000	      1.39626340	      0.00000000	      0.00000000	      0.00000000	     80.00000000	     -7.00000000	      0.00000000	     80.00000000	      1.39626340	      0.00000000	      0.00000000	      0.00000000	     -4.44049713	     -1.78122566	     -1.44467330	      5.51667186	      0.72635750	      0.87060851	      0.00000000	      0.00000000	     -0.25151865	      0.50933232	      5.95969329	     -4.02129386	     -1.66522470	      1.09877124	      0.00000000	     -2.82884073	      1.69258738
1760625406.11400008	      0.23840549	     -0.03619744	      0.91693308	     -0.00311874	      0.95574758	     -0.00426089	     80.00000000	     -7.00000000	      0.00000000	     80.00000000	      1.39626340	      0.00000000	      0.00000000	      0.00000000	     80.00000000	     -7.00000000	      0.00000000	     80.00000000	      1.39626340	      0.00000000	      0.00000000	      0.00000000	     -4.46271635	     -1.78322251	     -1.45591372	      5.49811268	      0.73484908	      0.86593010	      0.00000000	      0.00000000	     -0.23060650	      0.49484525	      5.92876531	     -4.01848994	     -1.64065587	      1.11802191	      0.00000000	     -2.80868644	      1.69662872
1760625406.14800000	      0.23919787	     -0.03332633	      0.92822433	     -0.00298903	      0.95555868	     -0.00445464	     80.00000000	     -7.00000000	      0.00000000	     80.00000000	      1.39626340	      0.00000000	      0.00000000	      0.00000000	     80.00000000	     -7.00000000	      0.00000000	     80.00000000	      1.39626340	      0.00000000	      0.00000000	      0.00000000	     -4.45896652	     -1.79795683	     -1.45806226	      5.49320860	      0.73559710	      0.85749810	      0.00000000	      0.00000000	     -0.19705018	      0.51324147	      5.90826410	     -4.01403346	     -1.64822322	      1.12584784	      0.00000000	     -2.80405095	      1.70169242
1760625406.18099999	      0.24444877	     -0.02824009	      0.93759106	     -0.00254846	      0.95576466	     -0.00415986	     80.00000000	     -7.00000000	      0.00000000	     80.00000000	      1.39626340	      0.00000000	      0.00000000	      0.00000000	     80.00000000	     -7.00000000	      0.00000000	     80.00000000	      1.39626340	      0.00000000	      0.00000000	      0.00000000	     -4.45382307	     -1.81741109	     -1.52880928	      5.44570895	      0.76857862	      1.01761493	      0.00000000	      0.00000000	     -0.17756126	      0.51240493	      5.83981598	     -4.01627254	     -1.67787096	      1.17914703	      0.00000000	     -2.83837169	      1.68728625
1760625406.21499991	      0.27877504	     -0.02253789	      0.94445088	     -0.00302370	      0.95627886	     -0.00277795	     80.00000000	     -7.00000000	      0.00000000	     80.00000000	      1.39626340	      0.00000000	      0.00000000	      0.00000000	     80.00000000	     -7.00000000	      0.00000000	     80.00000000	      1.39626340	      0.00000000	      0.00000000	      0.00000000	     -4.49725522	     -1.82609417	     -1.52329516	      5.41831344	      0.78627087	      1.08476053	      0.00000000	      0.00000000	     -0.17549700	      0.50782907	      5.81213807	     -4.03080297	     -1.63178211	      1.18288141	      0.00000000	     -2.83637725	      1.72430136
1760625406.24799991	      0.28922653	     -0.01672778	      0.94236627	     -0.00358462	      0.95675677	     -0.00128236	     80.00000000	     -7.00000000	      0.00000000	     80.00000000	      1.39626340	      0.00000000	      0.00000000	      0.00000000	     80.00000000	     -7.00000000	      0.00000000	     80.00000000	      1.39626340	      0.00000000	      0.00000000	      0.00000000	     -4.53590649	     -1.90123911	     -1.52588023	      5.38845937	      0.86121555	      1.18240054	      0.00000000	      0.00000000	     -0.15975019	      0.50605560	      5.80118672	     -4.10249702	     -1.64796731	      1.21085846	      0.00000000	     -2.85416936	      1.74043082
1760625406.28099990	      0.27980747	     -0.01508461	      0.92189937	     -0.00380384	      0.95691408	     -0.00085285	     80.00000000	     -7.00000000	      0.00000000	     80.00000000	      1.39626340	      0.00000000	      0.00000000	      0.00000000	     80.00000000	     -7.00000000	      0.00000000	     80.00000000	      1.39626340	      0.00000000	      0.00000000	      0.00000000	     -4.56662048	     -1.90791248	     -1.45784535	      5.31932008	      0.86049198	      1.35763907	      0.00000000	      0.00000000	     -0.17333004	      0.51598657	      5.81610970	     -4.11077629	     -1.58248009	      1.19960771	      0.00000000	     -2.87595100	      1.75683227
1760625406.31500006	      0.24350510	     -0.01670925	      0.89392475	     -0.00354823	      0.95649159	     -0.00138071	     80.00000000	     -7.00000000	      0.00000000	     80.00000000	      1.39626340	      0.00000000	      0.00000000	      0.00000000	     80.00000000	     -7.00000000	      0.00000000	     80.00000000	      1.39626340	      0.00000000	      0.00000000	      0.00000000	     -4.58273110	     -1.90044818	     -1.41199314	      5.28087134	      0.85766494	      1.46519205	      0.00000000	      0.00000000	     -0.16769059	      0.53655233	      5.84583096	     -4.11306766	     -1.55684746	      1.22347932	      0.00000000	     -2.88095911	      1.77429241
1760625406.34800005	      0.22272122	     -0.02812776	      0.89250224	     -0.00365974	      0.95580155	     -0.00219903	     80.00000000	     -7.00000000	      0.00000000	     80.00000000	      1.39626340	      0.00000000	      0.00000000	      0.00000000	     80.00000000	     -7.00000000	      0.00000000	     80.00000000	      1.39626340	      0.00000000	      0.00000000	      0.00000000	     -4.58022640	     -1.84109237	     -1.35323642	      5.23139982	      0.80338655	      1.51223059	      0.00000000	      0.00000000	     -0.17237617	      0.54236949	      5.84363391	     -4.05299068	     -1.58275746	      1.25491698	      0.00000000	     -2.89857151	      1.76592116
1760625406.38199997	      0.24331760	     -0.02891749	      0.89799074	     -0.00290491	      0.95551473	     -0.00284373	     80.00000000	     -7.00000000	      0.00000000	     80.00000000	      1.39626340	      0.00000000	      0.00000000	      0.00000000	     80.00000000	     -7.00000000	      0.00000000	     80.00000000	      1.39626340	      0.00000000	      0.00000000	      0.00000000	     -4.61458225	     -1.84511273	     -1.27690096	      5.16757726	      0.81009739	      1.52375385	      0.00000000	      0.00000000	     -0.18189503	      0.53590399	      5.83987507	     -4.03821833	     -1.65396145	      1.23058563	      0.00000000	     -2.90257711	      1.77536566
1760625406.44899988	      0.23470804	     -0.02966796	      0.91396049	     -0.00257449	      0.95584769	     -0.00290707	     80.00000000	     -7.00000000	      0.00000000	     80.00000000	      1.39626340	      0.00000000	      0.00000000	      0.00000000	     80.00000000	     -7.00000000	      0.00000000	     80.00000000	      1.39626340	      0.00000000	      0.00000000	      0.00000000	     -4.65033558	     -1.83289034	     -1.23915683	      5.16087868	      0.80107474	      1.45055056	      0.00000000	      0.00000000	     -0.17530996	      0.52634840	      5.79017788	     -4.03905138	     -1.79179738	      1.22072439	      0.00000000	     -2.91113609	      1.82210708
1760625406.48200011	      0.26771261	     -0.03765502	      0.92955041	     -0.00370799	      0.95602400	     -0.00292532	     80.00000000	     -7.00000000	      0.00000000	     80.00000000	      1.39626340	      0.00000000	      0.00000000	      0.00000000	     80.00000000	     -7.00000000	      0.00000000	     80.00000000	      1.39626340	      0.00000000	      0.00000000	      0.00000000	     -4.69102073	     -1.81786165	     -1.24140420	      5.16345049	      0.80389427	      1.46401534	      0.00000000	      0.00000000	     -0.15198394	      0.52436324	      5.74486929	     -4.04016220	     -1.82006065	      1.21896234	      0.00000000	     -2.90774514	      1.83747551
1760625406.51600003	      0.27545085	     -0.04795911	      0.94640263	     -0.00421237	      0.95615855	     -0.00316036	     80.00000000	     -7.00000000	      0.00000000	     80.00000000	      1.39626340	      0.00000000	      0.00000000	      0.00000000	     80.00000000	     -7.00000000	      0.00000000	     80.00000000	      1.39626340	      0.00000000	      0.00000000	      0.00000000	     -4.76085195	     -1.80055384	     -1.31728015	      5.23237217	      0.80101441	      1.49745723	      0.00000000	      0.00000000	     -0.10874221	      0.53339782	      5.76596994	     -4.05178781	     -1.93284294	      1.22499857	      0.00000000	     -2.93660171	      1.85879160
1760625406.54900002	      0.25957295	     -0.06443216	      0.94898414	     -0.00378318	      0.95576341	     -0.00439646	     80.00000000	     -7.00000000	      0.00000000	     80.00000000	      1.39626340	      0.00000000	      0.00000000	      0.00000000	     80.00000000	     -7.00000000	      0.00000000	     80.00000000	      1.39626340	      0.00000000	      0.00000000	      0.00000000	     -4.73229897	     -1.74883940	     -1.35957648	      5.23392584	      0.76192139	      1.52813043	      0.00000000	      0.00000000	     -0.08487953	      0.53415230	      5.70335556	     -3.98429045	     -2.01689908	      1.20810703	      0.00000000	     -2.93593773	      1.83197377
1760625406.58299994	      0.24675687	     -0.06878373	      0.96800659	     -0.00321358	      0.95531223	     -0.00524721	     80.00000000	     -7.00000000	      0.00000000	     80.00000000	      1.39626340	      0.00000000	      0.00000000	      0.00000000	     80.00000000	     -7.00000000	      0.00000000	     80.00000000	      1.39626340	      0.00000000	      0.00000000	      0.00000000	     -4.72212564	     -1.74382558	     -1.36807224	      5.23505815	      0.74727907	      1.49229925	      0.00000000	      0.00000000	     -0.05416266	      0.54220939	      5.66574893	     -3.96140923	     -2.03945936	      1.20988332	      0.00000000	     -2.91577035	      1.83329907
1760625406.61599994	      0.25116990	     -0.08581761	      0.97558884	     -0.00320100	      0.95513802	     -0.00569250	     80.00000000	     -7.00000000	      0.00000000	     80.00000000	      1.39626340	      0.00000000	      0.00000000	      0.00000000	     80.00000000	     -7.00000000	      0.00000000	     80.00000000	      1.39626340	      0.00000000	      0.00000000	      0.00000000	     -4.66566644	     -1.69200851	     -1.35081922	      5.17314013	      0.69200214	      1.44914106	      0.00000000	      0.00000000	     -0.02303181	      0.54806347	      5.60505179	     -3.89254291	     -2.04639266	      1.18393691	      0.00000000	     -2.87488430	      1.82515764
1760625406.64899993	      0.22669844	     -0.10144174	      1.00279456	     -0.00286485	      0.95495936	     -0.00621785	     80.00000000	     -7.00000000	      0.00000000	     80.00000000	      1.39626340	      0.00000000	      0.00000000	      0.00000000	     80.00000000	     -7.00000000	      0.00000000	     80.00000000	      1.39626340	      0.00000000	      0.00000000	      0.00000000	     -4.64855057	     -1.68578534	     -1.35975276	      5.16793836	      0.67394519	      1.40267378	      0.00000000	      0.00000000	     -0.02970516	      0.56003066	      5.59580137	     -3.86514517	     -2.04132483	      1.20168141	      0.00000000	     -2.85020296	      1.78401185
1760625406.68300009	      0.22106232	     -0.10754421	      1.01752001	     -0.00263635	      0.95478429	     -0.00616459	     80.00000000	     -7.00000000	      0.00000000	     80.00000000	      1.39626340	      0.00000000	      0.00000000	      0.00000000	     80.00000000	     -7.00000000	      0.00000000	     80.00000000	      1.39626340	      0.00000000	      0.00000000	      0.00000000	     -4.62963313	     -1.67521921	     -1.36048758	      5.15142683	      0.65933936	      1.40255485	      0.00000000	      0.00000000	     -0.04519358	      0.53927165	      5.61391466	     -3.83546631	     -1.99491782	      1.19743091	      0.00000000	     -2.85080720	      1.77358309
1760625406.71600008	      0.22801216	     -0.11607554	      1.01997432	     -0.00150226	      0.95456780	     -0.00652296	     80.00000000	     -7.00000000	      0.00000000	     80.00000000	      1.39626340	      0.00000000	      0.00000000	      0.00000000	     80.00000000	     -7.00000000	      0.00000000	     80.00000000	      1.39626340	      0.00000000	      0.00000000	      0.00000000	     -4.59804703	     -1.63002685	     -1.30047299	      5.10190863	      0.59700869	      1.32589329	      0.00000000	      0.00000000	     -0.02904958	      0.55351543	      5.59641103	     -3.77962670	     -1.92462418	      1.18528074	      0.00000000	     -2.80821513	      1.77327705
1760625406.75000000	      0.22277756	     -0.12182083	      1.03505147	     -0.00116153	      0.95456256	     -0.00645608	     80.00000000	     -7.00000000	      0.00000000	     80.00000000	      1.39626340	      0.00000000	      0.00000000	      0.00000000	     80.00000000	     -7.00000000	      0.00000000	     80.00000000	      1.39626340	      0.00000000	      0.00000000	      0.00000000	     -4.57840873	     -1.63328020	     -1.32742196	      5.08741277	      0.58722162	      1.31762001	      0.00000000	      0.00000000	     -0.00416886	      0.54771774	      5.61030920	     -3.77008706	     -1.87550202	      1.19471188	      0.00000000	     -2.79762108	      1.74868913
1760625406.78299999	      0.22150092	     -0.12781503	      1.04037386	     -0.00157384	      0.95491863	     -0.00585138	     80.00000000	     -7.00000000	      0.00000000	     80.00000000	      1.39626340	      0.00000000	      0.00000000	      0.00000000	     80.00000000	     -7.00000000	      0.00000000	     80.00000000	      1.39626340	      0.00000000	      0.00000000	      0.00000000	     -4.56235817	     -1.63658065	     -1.34698039	      5.08989459	      0.58437364	      1.30423354	      0.00000000	      0.00000000	     -0.01245480	      0.54985440	      5.60814405	     -3.77849351	     -1.81775764	      1.20845938	      0.00000000	     -2.78099874	      1.74106765
1760625406.81699991	      0.23923968	     -0.13025172	      1.04465531	     -0.00188154	      0.95519561	     -0.00550812	     80.00000000	     -7.00000000	      0.00000000	     80.00000000	      1.39626340	      0.00000000	      0.00000000	      0.00000000	     80.00000000	     -7.00000000	      0.00000000	     80.00000000	      1.39626340	      0.00000000	      0.00000000	      0.00000000	     -4.56151497	     -1.64181218	     -1.37508941	      5.08713097	      0.57900446	      1.31928257	      0.00000000	      0.00000000	     -0.01559669	      0.53623188	      5.61570189	     -3.78122702	     -1.74546651	      1.21435693	      0.00000000	     -2.77835708	      1.74846074
1760625406.84999990	      0.24005174	     -0.13441375	      1.05740652	     -0.00243443	      0.95550873	     -0.00520920	     80.00000000	     -7.00000000	      0.00000000	     80.00000000	      1.39626340	      0.00000000	      0.00000000	      0.00000000	     80.00000000	     -7.00000000	      0.00000000	     80.00000000	      1.39626340	      0.00000000	      0.00000000	      0.00000000	     -4.55836251	     -1.65106849	     -1.41748679	      5.10020265	      0.57093833	      1.30358339	      0.00000000	      0.00000000	      0.00804035	      0.54289876	      5.62363204	     -3.79127801	     -1.66048044	      1.22330289	      0.00000000	     -2.77307689	      1.75973510
1760625406.88299990	      0.23375900	     -0.13858312	      1.04136526	     -0.00215668	      0.95561235	     -0.00544150	     80.00000000	     -7.00000000	      0.00000000	     80.00000000	      1.39626340	      0.00000000	      0.00000000	      0.00000000	     80.00000000	     -7.00000000	      0.00000000	     80.00000000	      1.39626340	      0.00000000	      0.00000000	      0.00000000	     -4.57950650	     -1.70211034	     -1.32937324	      5.14815841	      0.60506639	      1.17702557	      0.00000000	      0.00000000	     -0.00500437	      0.53958507	      5.66530761	     -3.82486666	     -1.52125404	      1.22070982	      0.00000000	     -2.76596876	      1.77288597
1760625406.91700006	      0.24579787	     -0.14662647	      1.04308405	     -0.00248158	      0.95573435	     -0.00596174	     80.00000000	     -7.00000000	      0.00000000	     80.00000000	      1.39626340	      0.00000000	      0.00000000	      0.00000000	     80.00000000	     -7.00000000	      0.00000000	     80.00000000	      1.39626340	      0.00000000	      0.00000000	      0.00000000	     -4.57998492	     -1.70290129	     -1.34868817	      5.14335440	      0.60441509	      1.15336344	      0.00000000	      0.00000000	     -0.02092184	      0.54180483	      5.66720993	     -3.81877659	     -1.51506560	      1.23283798	      0.00000000	     -2.76486281	      1.78703921
1760625406.95000005	      0.25578024	     -0.15583940	      1.04805567	     -0.00280671	      0.95572924	     -0.00658214	     80.00000000	     -7.00000000	      0.00000000	     80.00000000	      1.39626340	      0.00000000	      0.00000000	      0.00000000	     80.00000000	     -7.00000000	      0.00000000	     80.00000000	      1.39626340	      0.00000000	      0.00000000	      0.00000000	     -4.57785328	     -1.70184820	     -1.35489434	      5.13689520	      0.60827350	      1.12468233	      0.00000000	      0.00000000	     -0.02049748	      0.54066728	      5.67028003	     -3.81109433	     -1.52765122	      1.23225111	      0.00000000	     -2.77376566	      1.78348905
1760625406.98399997	      0.26761604	     -0.16046724	      1.06347859	     -0.00282937	      0.95550819	     -0.00719505	     80.00000000	     -7.00000000	      0.00000000	     80.00000000	      1.39626340	      0.00000000	      0.00000000	      0.00000000	     80.00000000	     -7.00000000	      0.00000000	     80.00000000	      1.39626340	      0.00000000	      0.00000000	      0.00000000	     -4.57524691	     -1.67978796	     -1.36040050	      5.11979945	      0.59268677	      1.12520327	      0.00000000	      0.00000000	     -0.06054069	      0.54014548	      5.64954549	     -3.79395545	     -1.48215075	      1.23227427	      0.00000000	     -2.79038829	      1.77321271
1760625407.01699996	      0.26557518	     -0.16433741	      1.06510920	     -0.00272256	      0.95547489	     -0.00733873	     80.00000000	     -7.00000000	      0.00000000	     80.00000000	      1.39626340	      0.00000000	      0.00000000	      0.00000000	     80.00000000	     -7.00000000	      0.00000000	     80.00000000	      1.39626340	      0.00000000	      0.00000000	      0.00000000	     -4.56814779	     -1.66427537	     -1.35648352	      5.14085464	      0.57718242	      1.12622904	      0.00000000	      0.00000000	     -0.05263321	      0.49978891	      5.63694593	     -3.79526180	     -1.47266072	      1.24474866	      0.00000000	     -2.79804903	      1.76871958
1760625407.05100012	      0.23185147	     -0.16847456	      1.07839145	     -0.00274071	      0.95535066	     -0.00775052	     80.00000000	     -7.00000000	      0.00000000	     80.00000000	      1.39626340	      0.00000000	      0.00000000	      0.00000000	     80.00000000	     -7.00000000	      0.00000000	     80.00000000	      1.39626340	      0.00000000	      0.00000000	      0.00000000	     -4.52960674	     -1.65326923	     -1.40002329	      5.20188239	      0.51815011	      1.00668832	      0.00000000	      0.00000000	      0.06208216	      0.47528360	      5.63261538	     -3.80757408	     -1.52804267	      1.23234642	      0.00000000	     -2.81780635	      1.75578410
1760625407.08400011	      0.24060943	     -0.17345222	      1.09090228	     -0.00263356	      0.95547735	     -0.00801149	     80.00000000	     -7.00000000	      0.00000000	     80.00000000	      1.39626340	      0.00000000	      0.00000000	      0.00000000	     80.00000000	     -7.00000000	      0.00000000	     80.00000000	      1.39626340	      0.00000000	      0.00000000	      0.00000000	     -4.54059957	     -1.59624463	     -1.39749960	      5.28472294	      0.41152249	      0.87318802	      0.00000000	      0.00000000	      0.06317368	      0.45785719	      5.64705888	     -3.76642955	     -1.53183059	      1.23556529	      0.00000000	     -2.86087617	      1.72445041
1760625407.11800003	      0.24052345	     -0.16283759	      1.09506841	     -0.00257757	      0.95545809	     -0.00771827	     80.00000000	     -7.00000000	      0.00000000	     80.00000000	      1.39626340	      0.00000000	      0.00000000	      0.00000000	     80.00000000	     -7.00000000	      0.00000000	     80.00000000	      1.39626340	      0.00000000	      0.00000000	      0.00000000	     -4.53006939	     -1.60324011	     -1.41577359	      5.34028341	      0.36173944	      0.81821774	      0.00000000	      0.00000000	      0.04448783	      0.42040724	      5.64299063	     -3.79525560	     -1.56664573	      1.22642584	      0.00000000	     -2.86103923	      1.72333653
1760625407.15100002	      0.24787840	     -0.15835983	      1.09825645	     -0.00253865	      0.95549702	     -0.00746046	     80.00000000	     -7.00000000	      0.00000000	     80.00000000	      1.39626340	      0.00000000	      0.00000000	      0.00000000	     80.00000000	     -7.00000000	      0.00000000	     80.00000000	      1.39626340	      0.00000000	      0.00000000	      0.00000000	     -4.59871724	     -1.60862684	     -1.42503965	      5.46425566	      0.27848478	      0.82988106	      0.00000000	      0.00000000	      0.06132503	      0.41747563	      5.75193355	     -3.84469662	     -1.61595729	      1.22315288	      0.00000000	     -2.91466888	      1.69260075
1760625407.18499994	      0.23234742	     -0.15642996	      1.10026784	     -0.00276341	      0.95531465	     -0.00734630	     80.00000000	     -7.00000000	      0.00000000	     80.00000000	      1.39626340	      0.00000000	      0.00000000	      0.00000000	     80.00000000	     -7.00000000	      0.00000000	     80.00000000	      1.39626340	      0.00000000	      0.00000000	      0.00000000	     -4.58462227	     -1.60859637	     -1.41039489	      5.49303649	      0.22801137	      0.83393066	      0.00000000	      0.00000000	      0.04648341	      0.42381340	      5.80234966	     -3.88338890	     -1.64150756	      1.20063810	      0.00000000	     -2.91967143	      1.68356644
1760625407.21799994	      0.23546183	     -0.15733143	      1.10957664	     -0.00281876	      0.95545202	     -0.00749612	     80.00000000	     -7.00000000	      0.00000000	     80.00000000	      1.39626340	      0.00000000	      0.00000000	      0.00000000	     80.00000000	     -7.00000000	      0.00000000	     80.00000000	      1.39626340	      0.00000000	      0.00000000	      0.00000000	     -4.68444646	     -1.57962092	     -1.42665160	      5.61368542	      0.16974624	      0.86469661	      0.00000000	      0.00000000	      0.01234576	      0.43141789	      5.95228646	     -3.90508152	     -1.68222464	      1.19560341	      0.00000000	     -2.91280027	      1.70389186
1760625407.25200009	      0.21668083	     -0.15091239	      1.11733842	     -0.00312902	      0.95506962	     -0.00769745	     80.00000000	     -7.00000000	      0.00000000	     80.00000000	      1.39626340	      0.00000000	      0.00000000	      0.00000000	     80.00000000	     -7.00000000	      0.00000000	     80.00000000	      1.39626340	      0.00000000	      0.00000000	      0.00000000	     -4.65848151	     -1.57215658	     -1.41507532	      5.63750715	      0.11885942	      0.84451381	      0.00000000	      0.00000000	      0.01580211	      0.42566221	      5.99687732	     -3.93378194	     -1.70645912	      1.19836470	      0.00000000	     -2.90109735	      1.67479588
1760625407.28500009	      0.22002185	     -0.15009510	      1.13074101	     -0.00348002	      0.95486045	     -0.00801981	     80.00000000	     -7.00000000	      0.00000000	     80.00000000	      1.39626340	      0.00000000	      0.00000000	      0.00000000	     80.00000000	     -7.00000000	      0.00000000	     80.00000000	      1.39626340	      0.00000000	      0.00000000	      0.00000000	     -4.68525139	     -1.51838785	     -1.39648849	      5.68921420	      0.04294180	      0.79183098	      0.00000000	      0.00000000	     -0.01653120	      0.42458590	      6.07339561	     -3.88869366	     -1.72777145	      1.17967709	      0.00000000	     -2.90306640	      1.64739874
1760625407.31800008	      0.22554049	     -0.14862931	      1.14114522	     -0.00319637	      0.95483322	     -0.00776225	     80.00000000	     -7.00000000	      0.00000000	     80.00000000	      1.39626340	      0.00000000	      0.00000000	      0.00000000	     80.00000000	     -7.00000000	      0.00000000	     80.00000000	      1.39626340	      0.00000000	      0.00000000	      0.00000000	     -4.68192621	     -1.49792992	     -1.38904340	      5.69302916	      0.00706000	      0.73221277	      0.00000000	      0.00000000	     -0.03664971	      0.45993664	      6.10257976	     -3.91448262	     -1.75884316	      1.16289829	      0.00000000	     -2.88268506	      1.67901211
1760625407.35200000	      0.21425649	     -0.15077053	      1.14780950	     -0.00352418	      0.95488342	     -0.00767299	     80.00000000	     -7.00000000	      0.00000000	     80.00000000	      1.39626340	      0.00000000	      0.00000000	      0.00000000	     80.00000000	     -7.00000000	      0.00000000	     80.00000000	      1.39626340	      0.00000000	      0.00000000	      0.00000000	     -4.66301558	     -1.47416587	     -1.37545972	      5.70871617	     -0.00669736	      0.69403724	      0.00000000	      0.00000000	     -0.04772762	      0.42854101	      6.14443827	     -3.92519566	     -1.76742322	      1.15478340	      0.00000000	     -2.86917194	      1.63779675
1760625407.38499999	      0.23196235	     -0.14735067	      1.13877023	     -0.00381488	      0.95495681	     -0.00786831	     80.00000000	     -7.00000000	      0.00000000	     80.00000000	      1.39626340	      0.00000000	      0.00000000	      0.00000000	     80.00000000	     -7.00000000	      0.00000000	     80.00000000	      1.39626340	      0.00000000	      0.00000000	      0.00000000	     -4.76581528	     -1.43248751	     -1.30660159	      5.81175119	     -0.07114514	      0.58458547	      0.00000000	      0.00000000	     -0.04311343	      0.43589819	      6.28538090	     -3.94083625	     -1.76561812	      1.11601315	      0.05535678	     -2.84845821	      1.65082299
1760625407.41899991	      0.22524884	     -0.15035787	      1.16207743	     -0.00249223	      0.95555580	     -0.00824060	     80.00000000	     -7.00000000	      0.00000000	     80.00000000	      1.39626340	      0.00000000	      0.00000000	      0.00000000	     80.00000000	     -7.00000000	      0.00000000	     80.00000000	      1.39626340	      0.00000000	      0.00000000	      0.00000000	     -4.73974527	     -1.40726322	     -1.28624873	      5.80934818	     -0.09911834	      0.51315205	      0.00000000	      0.00000000	     -0.05823635	      0.42996693	      6.30483045	     -3.96985446	     -1.78359410	      1.09704269	      0.12304297	     -2.83455529	      1.60427121
1760625407.45199990	      0.22069586	     -0.15165685	      1.17132728	     -0.00188393	      0.95598243	     -0.00832245	     80.00000000	     -7.00000000	      0.00000000	     80.00000000	      1.39626340	      0.00000000	      0.00000000	      0.00000000	     80.00000000	     -7.00000000	      0.00000000	     80.00000000	      1.39626340	      0.00000000	      0.00000000	      0.00000000	     -4.72414796	     -1.38889724	     -1.29686573	      5.80628609	     -0.13290520	      0.42691703	      0.00000000	      0.00000000	     -0.07746551	      0.44029947	      6.31221373	     -4.00889433	     -1.80824960	      1.08717641	      0.17263489	     -2.80883245	      1.57949058
1760625407.48600006	      0.21094094	     -0.14817702	      1.16709492	     -0.00174355	      0.95676556	     -0.00793681	     80.00000000	     -7.00000000	      0.00000000	     80.00000000	      1.39626340	      0.00000000	      0.00000000	      0.00000000	     80.00000000	     -7.00000000	      0.00000000	     80.00000000	      1.39626340	      0.00000000	      0.00000000	      0.00000000	     -4.70678100	     -1.37216855	     -1.25111546	      5.79070967	     -0.15326260	      0.37502502	      0.00000000	      0.00000000	     -0.09324410	      0.43080930	      6.35420396	     -4.03589178	     -1.84507779	      1.07810169	      0.26614178	     -2.79978195	      1.56267767
1760625407.51900005	      0.22119914	     -0.14625884	      1.17482669	     -0.00201108	      0.95696412	     -0.00767902	     80.00000000	     -7.00000000	      0.00000000	     80.00000000	      1.39626340	      0.00000000	      0.00000000	      0.00000000	     80.00000000	     -7.00000000	      0.00000000	     80.00000000	      1.39626340	      0.00000000	      0.00000000	      0.00000000	     -4.70052267	     -1.38623077	     -1.19504599	      5.76309746	     -0.16908432	      0.23741257	      0.00000000	      0.00000000	     -0.08027150	      0.41280043	      6.40549370	     -4.08411434	     -1.80246001	      1.04637235	      0.25185119	     -2.78569943	      1.52702792
1760625407.55200005	      0.23051483	     -0.15286750	      1.19006602	     -0.00206848	      0.95699824	     -0.00771613	     80.00000000	     -7.00000000	      0.00000000	     80.00000000	      1.39626340	      0.00000000	      0.00000000	      0.00000000	     80.00000000	     -7.00000000	      0.00000000	     80.00000000	      1.39626340	      0.00000000	      0.00000000	      0.00000000	     -4.69041487	     -1.38200293	     -1.20613739	      5.74472227	     -0.17973080	      0.16449236	      0.00000000	      0.00000000	     -0.11850517	      0.42154113	      6.42034180	     -4.12086083	     -1.83479782	      1.03554610	      0.26778294	     -2.78219967	      1.52172320
1760625407.58599997	      0.21223163	     -0.15030033	      1.17945706	     -0.00213691	      0.95700607	     -0.00775617	     80.00000000	     -7.00000000	      0.00000000	     80.00000000	      1.39626340	      0.00000000	      0.00000000	      0.00000000	     80.00000000	     -7.00000000	      0.00000000	     80.00000000	      1.39626340	      0.00000000	      0.00000000	      0.00000000	     -4.62327156	     -1.42004759	     -1.14646979	      5.69923601	     -0.15996774	      0.03519601	      0.00000000	      0.00000000	     -0.12421526	      0.42264365	      6.42614357	     -4.15624626	     -1.85053730	      0.98749482	      0.30825342	     -2.74351238	      1.51697771
1760625407.65300012	      0.25174100	     -0.15544243	      1.20844799	     -0.00261425	      0.95760557	     -0.00794697	     80.00000000	     -7.00000000	      0.00000000	     80.00000000	      1.39626340	      0.00000000	      0.00000000	      0.00000000	     80.00000000	     -7.00000000	      0.00000000	     80.00000000	      1.39626340	      0.00000000	      0.00000000	      0.00000000	     -4.58778551	     -1.46150281	     -1.17418811	      5.62131792	     -0.14100168	     -0.00986655	      0.00000000	      0.00000000	     -0.14947498	      0.43550093	      6.55736174	     -4.14489987	     -1.87269444	      0.89617353	      0.07637168	     -2.77819953	      1.42246393
1760625407.68600011	      0.24145867	     -0.15224442	      1.20715526	     -0.00233506	      0.95800101	     -0.00787490	     80.00000000	     -7.00000000	      0.00000000	     80.00000000	      1.39626340	      0.00000000	      0.00000000	      0.00000000	     80.00000000	     -7.00000000	      0.00000000	     80.00000000	      1.39626340	      0.00000000	      0.00000000	      0.00000000	     -4.53505186	     -1.49930823	     -1.15236804	      5.58418195	     -0.11901039	     -0.01581101	      0.00000000	      0.00000000	     -0.18048719	      0.43649655	      6.62018954	     -4.10447276	     -1.78173243	      0.79095522	      0.00000000	     -2.72335400	      1.41950426
1760625407.72000003	      0.23290140	     -0.15252284	      1.20489470	     -0.00148244	      0.95796776	     -0.00792318	     80.00000000	     -7.00000000	      0.00000000	     80.00000000	      1.39626340	      0.00000000	      0.00000000	      0.00000000	     80.00000000	     -7.00000000	      0.00000000	     80.00000000	      1.39626340	      0.00000000	      0.00000000	      0.00000000	     -4.40135269	     -1.54436794	     -1.09302074	      5.47785476	     -0.11327991	     -0.07103232	      0.00000000	      0.00000000	     -0.17503348	      0.45932965	      6.60718372	     -4.01361721	     -1.71433453	      0.77225058	      0.00000000	     -2.64598355	      1.42668134
1760625407.75300002	      0.22123893	     -0.14786098	      1.21401470	     -0.00091831	      0.95814699	     -0.00781957	     80.00000000	     -7.00000000	      0.00000000	     80.00000000	      1.39626340	      0.00000000	      0.00000000	      0.00000000	     80.00000000	     -7.00000000	      0.00000000	     80.00000000	      1.39626340	      0.00000000	      0.00000000	      0.00000000	     -4.35212154	     -1.58763480	     -1.10208994	      5.47970460	     -0.12148649	     -0.07033763	      0.00000000	      0.00000000	     -0.15491784	      0.45328179	      6.61174704	     -3.95448113	     -1.68948270	      0.83155263	      0.00000000	     -2.60003289	      1.44516077
1760625407.78699994	      0.22888512	     -0.13865153	      1.24033705	     -0.00117582	      0.95807126	     -0.00771237	     80.00000000	     -7.00000000	      0.00000000	     80.00000000	      1.39626340	      0.00000000	      0.00000000	      0.00000000	     80.00000000	     -7.00000000	      0.00000000	     80.00000000	      1.39626340	      0.00000000	      0.00000000	      0.00000000	     -4.31626411	     -1.63402990	     -1.14495269	      5.48049588	     -0.14131519	     -0.06276094	      0.00000000	      0.00000000	     -0.14767102	      0.45079295	      6.60444336	     -3.89158900	     -1.63295149	      0.88156693	      0.00000000	     -2.56761774	      1.42523871
1760625407.81999993	      0.22478281	     -0.11556010	      1.24917873	     -0.00144318	      0.95793153	     -0.00757993	     80.00000000	     -7.00000000	      0.00000000	     80.00000000	      1.39626340	      0.00000000	      0.00000000	      0.00000000	     80.00000000	     -7.00000000	      0.00000000	     80.00000000	      1.39626340	      0.00000000	      0.00000000	      0.00000000	     -4.26671994	     -1.69713186	     -1.19059457	      5.49960016	     -0.17782905	      0.01267941	      0.00000000	      0.00000000	     -0.11424200	      0.44607260	      6.59313842	     -3.85786727	     -1.51851836	      0.89894121	      0.00000000	     -2.55989871	      1.39741922
1760625407.85400009	      0.22759062	     -0.09236285	      1.24788794	     -0.00114148	      0.95795650	     -0.00688739	     80.00000000	     -7.00000000	      0.00000000	     80.00000000	      1.39626340	      0.00000000	      0.00000000	      0.00000000	     80.00000000	     -7.00000000	      0.00000000	     80.00000000	      1.39626340	      0.00000000	      0.00000000	      0.00000000	     -4.21896146	     -1.80216510	     -1.24087003	      5.49295044	     -0.15197633	      0.06055181	      0.00000000	      0.00000000	     -0.09362248	      0.44955321	      6.55169815	     -3.91320923	     -1.46505803	      0.91940032	      0.00000000	     -2.57209284	      1.38032650
1760625407.88700008	      0.22504959	     -0.07431239	      1.24277868	     -0.00166627	      0.95839163	     -0.00615959	     80.00000000	     -7.00000000	      0.00000000	     80.00000000	      1.39626340	      0.00000000	      0.00000000	      0.00000000	     80.00000000	     -7.00000000	      0.00000000	     80.00000000	      1.39626340	      0.00000000	      0.00000000	      0.00000000	     -4.19156140	     -1.85364993	     -1.25875218	      5.51983317	     -0.16591736	      0.09636633	      0.00000000	      0.00000000	     -0.08755689	      0.42771531	      6.54558259	     -3.93272279	     -1.41901022	      0.91977422	      0.00000000	     -2.58412023	      1.37628902
1760625407.92100000	      0.22241612	     -0.06141101	      1.22761126	     -0.00178522	      0.95856248	     -0.00571690	     80.00000000	     -7.00000000	      0.00000000	     80.00000000	      1.39626340	      0.00000000	      0.00000000	      0.00000000	     80.00000000	     -7.00000000	      0.00000000	     80.00000000	      1.39626340	      0.00000000	      0.00000000	      0.00000000	     -4.18328694	     -1.96035001	     -1.26827210	      5.54422068	     -0.11492877	      0.13453703	      0.00000000	      0.00000000	     -0.09177704	      0.41995110	      6.53982182	     -4.01671149	     -1.40020715	      0.96299699	      0.00000000	     -2.63024781	      1.34368174
1760625407.95400000	      0.23742024	     -0.05309875	      1.20476000	     -0.00209412	      0.95798976	     -0.00558484	     80.00000000	     -7.00000000	      0.00000000	     80.00000000	      1.39626340	      0.00000000	      0.00000000	      0.00000000	     80.00000000	     -7.00000000	      0.00000000	     80.00000000	      1.39626340	      0.00000000	      0.00000000	      0.00000000	     -4.19888487	     -1.99457769	     -1.23532322	      5.54741442	     -0.09529492	      0.14843532	      0.00000000	      0.00000000	     -0.08377894	      0.41482218	      6.53972784	     -4.03347158	     -1.45285526	      0.98887678	      0.00000000	     -2.63697321	      1.33974239
1760625407.98699999	      0.22955301	     -0.04969642	      1.18381010	     -0.00208049	      0.95720496	     -0.00598942	     80.00000000	     -7.00000000	      0.00000000	     80.00000000	      1.39626340	      0.00000000	      0.00000000	      0.00000000	     80.00000000	     -7.00000000	      0.00000000	     80.00000000	      1.39626340	      0.00000000	      0.00000000	      0.00000000	     -4.16394117	     -2.03037568	     -1.22169521	      5.50094172	     -0.06407223	      0.14607455	      0.00000000	      0.00000000	     -0.08491594	      0.41956367	      6.51076400	     -4.04132055	     -1.49241576	      0.95254062	      0.00000000	     -2.64918045	      1.31876036
1760625408.02099991	      0.25100710	     -0.05436732	      1.17390676	     -0.00181327	      0.95696409	     -0.00586084	     80.00000000	     -7.00000000	      0.00000000	     80.00000000	      1.39626340	      0.00000000	      0.00000000	      0.00000000	     80.00000000	     -7.00000000	      0.00000000	     80.00000000	      1.39626340	      0.00000000	      0.00000000	      0.00000000	     -4.18121256	     -2.04360893	     -1.20278985	      5.47458793	     -0.01579533	      0.12385437	      0.00000000	      0.00000000	     -0.08563519	      0.41603771	      6.45788685	     -4.03901428	     -1.54776276	      0.96342151	      0.00000000	     -2.64677668	      1.31074429
1760625408.05399990	      0.26752266	     -0.05115619	      1.19160441	     -0.00210706	      0.95687258	     -0.00623373	     80.00000000	     -7.00000000	      0.00000000	     80.00000000	      1.39626340	      0.00000000	      0.00000000	      0.00000000	     80.00000000	     -7.00000000	      0.00000000	     80.00000000	      1.39626340	      0.00000000	      0.00000000	      0.00000000	     -4.17475384	     -2.05858770	     -1.22796125	      5.43986582	      0.01092285	      0.09681302	      0.00000000	      0.00000000	     -0.08635476	      0.42558262	      6.40803113	     -4.04223559	     -1.58607651	      0.95569398	      0.00000000	     -2.67200547	      1.34092960
1760625408.08800006	      0.26513905	     -0.06821993	      1.19045561	     -0.00285688	      0.95720789	     -0.00626691	     80.00000000	     -7.00000000	      0.00000000	     80.00000000	      1.39626340	      0.00000000	      0.00000000	      0.00000000	     80.00000000	     -7.00000000	      0.00000000	     80.00000000	      1.39626340	      0.00000000	      0.00000000	      0.00000000	     -4.19805814	     -2.06321153	     -1.24414203	      5.46121266	      0.05517991	      0.07446514	      0.00000000	      0.00000000	     -0.11102047	      0.42090323	      6.38815932	     -4.05263095	     -1.61227166	      0.99095190	      0.00000000	     -2.68823400	      1.33945865
1760625408.12100005	      0.27189021	     -0.08071928	      1.20500200	     -0.00359007	      0.95726910	     -0.00618508	     80.00000000	     -7.00000000	      0.00000000	     80.00000000	      1.39626340	      0.00000000	      0.00000000	      0.00000000	     80.00000000	     -7.00000000	      0.00000000	     80.00000000	      1.39626340	      0.00000000	      0.00000000	      0.00000000	     -4.23488522	     -2.06075368	     -1.26692435	      5.47279942	      0.10999667	      0.02179668	      0.00000000	      0.00000000	     -0.11599421	      0.42910045	      6.39009614	     -4.06690780	     -1.63713382	      0.98414840	      0.00000000	     -2.73557631	      1.36187626
1760625408.15499997	      0.29610663	     -0.08254782	      1.20833328	     -0.00422930	      0.95734858	     -0.00571117	     80.00000000	     -7.00000000	      0.00000000	     80.00000000	      1.39626340	      0.00000000	      0.00000000	      0.00000000	     80.00000000	     -7.00000000	      0.00000000	     80.00000000	      1.39626340	      0.00000000	      0.00000000	      0.00000000	     -4.33159995	     -2.09482459	     -1.26567858	      5.53287203	      0.18319362	     -0.03302126	      0.00000000	      0.00000000	     -0.09904022	      0.43384963	      6.42996275	     -4.12104009	     -1.63482282	      1.01685268	      0.00000000	     -2.76284494	      1.37003767
1760625408.18799996	      0.29619806	     -0.09872741	      1.21991872	     -0.00442232	      0.95727858	     -0.00548737	     80.00000000	     -7.00000000	      0.00000000	     80.00000000	      1.39626340	      0.00000000	      0.00000000	      0.00000000	     80.00000000	     -7.00000000	      0.00000000	     80.00000000	      1.39626340	      0.00000000	      0.00000000	      0.00000000	     -4.34339571	     -2.06729910	     -1.25944500	      5.53070990	      0.22004729	     -0.04741853	      0.00000000	      0.00000000	     -0.12547962	      0.43892758	      6.43777836	     -4.12878509	     -1.64646308	      1.00834464	      0.00000000	     -2.77215873	      1.37258623
1760625408.22199988	      0.29850321	     -0.11579830	      1.23958718	     -0.00416614	      0.95692767	     -0.00609747	     80.00000000	     -7.00000000	      0.00000000	     80.00000000	      1.39626340	      0.00000000	      0.00000000	      0.00000000	     80.00000000	     -7.00000000	      0.00000000	     80.00000000	      1.39626340	      0.00000000	      0.00000000	      0.00000000	     -4.35590901	     -2.02431667	     -1.27623706	      5.52742349	      0.25000049	     -0.05193691	      0.00000000	      0.00000000	     -0.10911810	      0.45566864	      6.43135484	     -4.13299707	     -1.60736275	      0.99437430	      0.00000000	     -2.77322092	      1.37315130
1760625408.25500011	      0.27999310	     -0.12937217	      1.25749998	     -0.00397242	      0.95664785	     -0.00677300	     80.00000000	     -7.00000000	      0.00000000	     80.00000000	      1.39626340	      0.00000000	      0.00000000	      0.00000000	     80.00000000	     -7.00000000	      0.00000000	     80.00000000	      1.39626340	      0.00000000	      0.00000000	      0.00000000	     -4.34274036	     -1.98395571	     -1.28045905	      5.52489463	      0.25442279	     -0.08238215	      0.00000000	      0.00000000	     -0.05431672	      0.49711000	      6.43350317	     -4.12989706	     -1.60741782	      0.98911072	      0.00000000	     -2.76411066	      1.37673855
1760625408.28900003	      0.27486499	     -0.14867311	      1.26068296	     -0.00360617	      0.95666200	     -0.00697129	     80.00000000	     -7.00000000	      0.00000000	     80.00000000	      1.39626340	      0.00000000	      0.00000000	      0.00000000	     80.00000000	     -7.00000000	      0.00000000	     80.00000000	      1.39626340	      0.00000000	      0.00000000	      0.00000000	     -4.32938852	     -1.92785759	     -1.26927932	      5.52392650	      0.26530845	     -0.06256583	      0.00000000	      0.00000000	     -0.07410189	      0.49707553	      6.43814166	     -4.12619989	     -1.57655507	      0.95236830	      0.00000000	     -2.78638044	      1.36494014
1760625408.32200003	      0.25874013	     -0.15784554	      1.26652906	     -0.00326677	      0.95655826	     -0.00772991	     80.00000000	     -7.00000000	      0.00000000	     80.00000000	      1.39626340	      0.00000000	      0.00000000	      0.00000000	     80.00000000	     -7.00000000	      0.00000000	     80.00000000	      1.39626340	      0.00000000	      0.00000000	      0.00000000	     -4.12567825	     -1.84087074	     -1.23043236	      5.32088281	      0.21367238	     -0.07633544	      0.00000000	      0.00000000	     -0.06193538	      0.49981385	      6.21742645	     -4.05706925	     -1.46232737	      0.84939098	      0.00000000	     -2.67627733	      1.36884150
1760625408.35500002	      0.23908259	     -0.17132013	      1.27360581	     -0.00192141	      0.95625614	     -0.00828670	     80.00000000	     -7.00000000	      0.00000000	     80.00000000	      1.39626340	      0.00000000	      0.00000000	      0.00000000	     80.00000000	     -7.00000000	      0.00000000	     80.00000000	      1.39626340	      0.00000000	      0.00000000	      0.00000000	     -4.03357837	     -1.78531182	     -1.19595583	      5.25623434	      0.19218815	     -0.07769025	      0.00000000	      0.00000000	     -0.02747037	      0.49903449	      6.14289982	     -4.02575559	     -1.41270753	      0.84577039	      0.00000000	     -2.66313106	      1.35872124
1760625408.38899994	      0.24157955	     -0.17534850	      1.27521625	     -0.00161893	      0.95634781	     -0.00803324	     80.00000000	     -7.00000000	      0.00000000	     80.00000000	      1.39626340	      0.00000000	      0.00000000	      0.00000000	     80.00000000	     -7.00000000	      0.00000000	     80.00000000	      1.39626340	      0.00000000	      0.00000000	      0.00000000	     -3.94865295	     -1.76488459	     -1.15546655	      5.19805233	      0.21300732	     -0.08452226	      0.00000000	      0.00000000	     -0.00988542	      0.48151342	      6.08965007	     -4.01530993	     -1.37027267	      0.79779047	      0.00000000	     -2.62977432	      1.34765529
1760625408.42199993	      0.23684835	     -0.17244105	      1.27908281	     -0.00184050	      0.95661605	     -0.00769044	     80.00000000	     -7.00000000	      0.00000000	     80.00000000	      1.39626340	      0.00000000	      0.00000000	      0.00000000	     80.00000000	     -7.00000000	      0.00000000	     80.00000000	      1.39626340	      0.00000000	      0.00000000	      0.00000000	     -3.93250667	     -1.75341754	     -1.15240377	      5.20618231	      0.22982817	     -0.02539253	      0.00000000	      0.00000000	      0.00021109	      0.48972326	      6.08957807	     -4.00526899	     -1.30227224	      0.80654516	      0.00000000	     -2.62404687	      1.34817289
1760625408.45600009	      0.20524829	     -0.17902202	      1.28002631	     -0.00116294	      0.95636099	     -0.00729173	     80.00000000	     -7.00000000	      0.00000000	     80.00000000	      1.39626340	      0.00000000	      0.00000000	      0.00000000	     80.00000000	     -7.00000000	      0.00000000	     80.00000000	      1.39626340	      0.00000000	      0.00000000	      0.00000000	     -3.82607772	     -1.75226975	     -1.07917146	      5.14540085	      0.25584898	     -0.02483319	      0.00000000	      0.00000000	      0.02987604	      0.48184076	      6.02372990	     -4.00639050	     -1.19529868	      0.78116901	      0.00000000	     -2.56781954	      1.36192724
1760625408.48900008	      0.20865236	     -0.17826324	      1.28914539	     -0.00092257	      0.95623921	     -0.00708204	     80.00000000	     -7.00000000	      0.00000000	     80.00000000	      1.39626340	      0.00000000	      0.00000000	      0.00000000	     80.00000000	     -7.00000000	      0.00000000	     80.00000000	      1.39626340	      0.00000000	      0.00000000	      0.00000000	     -3.81259457	     -1.75322614	     -1.06326138	      5.15439639	      0.28145233	      0.02868501	      0.00000000	      0.00000000	      0.04167140	      0.48486990	      6.02278876	     -3.98287696	     -1.14971328	      0.78027788	      0.00000000	     -2.57188395	      1.36319692
1760625408.52300000	      0.22164016	     -0.17029547	      1.29740238	     -0.00123879	      0.95627310	     -0.00707948	     80.00000000	     -7.00000000	      0.00000000	     80.00000000	      1.39626340	      0.00000000	      0.00000000	      0.00000000	     80.00000000	     -7.00000000	      0.00000000	     80.00000000	      1.39626340	      0.00000000	      0.00000000	      0.00000000	     -3.81554523	     -1.75691938	     -1.03778799	      5.14785616	      0.31241867	      0.04848161	      0.00000000	      0.00000000	      0.04775744	      0.47584096	      6.00586335	     -3.97019206	     -1.09781660	      0.80349088	      0.00000000	     -2.55349205	      1.38555561
1760625408.55599999	      0.21659635	     -0.16330234	      1.30453855	     -0.00160082	      0.95601680	     -0.00690472	     80.00000000	     -7.00000000	      0.00000000	     80.00000000	      1.39626340	      0.00000000	      0.00000000	      0.00000000	     80.00000000	     -7.00000000	      0.00000000	     80.00000000	      1.39626340	      0.00000000	      0.00000000	      0.00000000	     -3.81365594	     -1.76498880	     -0.99988478	      5.14420080	      0.34347671	      0.07339412	      0.00000000	      0.00000000	      0.05257003	      0.48468726	      5.98837290	     -3.95393089	     -1.05367446	      0.83934852	      0.00000000	     -2.53714830	      1.38802652
1760625408.58999991	      0.22316721	     -0.15213593	      1.29535463	     -0.00161942	      0.95598190	     -0.00667619	     80.00000000	     -7.00000000	      0.00000000	     80.00000000	      1.39626340	      0.00000000	      0.00000000	      0.00000000	     80.00000000	     -7.00000000	      0.00000000	     80.00000000	      1.39626340	      0.00000000	      0.00000000	      0.00000000	     -3.83997163	     -1.77371054	     -0.94583974	      5.14356947	      0.38966886	      0.13174722	      0.00000000	      0.00000000	      0.05854719	      0.48280634	      5.97946768	     -3.93638596	     -0.99473069	      0.86415302	      0.00000000	     -2.53195689	      1.41705574
1760625408.62299991	      0.23815964	     -0.13940146	      1.30173038	     -0.00223306	      0.95623524	     -0.00640540	     80.00000000	     -7.00000000	      0.00000000	     80.00000000	      1.39626340	      0.00000000	      0.00000000	      0.00000000	     80.00000000	     -7.00000000	      0.00000000	     80.00000000	      1.39626340	      0.00000000	      0.00000000	      0.00000000	     -3.92344426	     -1.80546967	     -0.90045933	      5.19261448	      0.44399518	      0.12627412	      0.00000000	      0.00000000	      0.05385722	      0.48609186	      6.01780690	     -3.94788374	     -0.90982606	      0.89881800	      0.00000000	     -2.56246343	      1.42298229
1760625408.65599990	      0.22766907	     -0.13012375	      1.30592159	     -0.00214158	      0.95657562	     -0.00642448	     80.00000000	     -7.00000000	      0.00000000	     80.00000000	      1.39626340	      0.00000000	      0.00000000	      0.00000000	     80.00000000	     -7.00000000	      0.00000000	     80.00000000	      1.39626340	      0.00000000	      0.00000000	      0.00000000	     -3.93814356	     -1.80187098	     -0.88602740	      5.19470202	      0.46297717	      0.17596157	      0.00000000	      0.00000000	      0.05319363	      0.49197356	      6.01374549	     -3.93468083	     -0.87693338	      0.90042640	      0.00000000	     -2.56729148	      1.42523380
1760625408.69000006	      0.23851110	     -0.10903479	      1.29199695	     -0.00109968	      0.95653464	     -0.00679551	     80.00000000	     -7.00000000	      0.00000000	     80.00000000	      1.39626340	      0.00000000	      0.00000000	      0.00000000	     80.00000000	     -7.00000000	      0.00000000	     80.00000000	      1.39626340	      0.00000000	      0.00000000	      0.00000000	     -3.98498816	     -1.80860566	     -0.87691752	      5.19860736	      0.46017150	      0.22699738	      0.00000000	      0.00000000	      0.09400606	      0.48231522	      5.97743820	     -3.92516428	     -0.85097482	      0.92398629	      0.00000000	     -2.56615356	      1.43553106
1760625408.72300005	      0.23831870	     -0.08928065	      1.29254529	     -0.00033862	      0.95627438	     -0.00659791	     80.00000000	     -7.00000000	      0.00000000	     80.00000000	      1.39626340	      0.00000000	      0.00000000	      0.00000000	     80.00000000	     -7.00000000	      0.00000000	     80.00000000	      1.39626340	      0.00000000	      0.00000000	      0.00000000	     -4.00644538	     -1.80582212	     -0.88874592	      5.20209849	      0.43753194	      0.23371603	      0.00000000	      0.00000000	      0.09538028	      0.48072267	      5.95448291	     -3.89864309	     -0.85431776	      0.94546244	      0.00000000	     -2.56889839	      1.44485084
1760625408.75699997	      0.24727925	     -0.08176248	      1.29412080	     -0.00039110	      0.95634592	     -0.00620071	     80.00000000	     -7.00000000	      0.00000000	     80.00000000	      1.39626340	      0.00000000	      0.00000000	      0.00000000	     80.00000000	     -7.00000000	      0.00000000	     80.00000000	      1.39626340	      0.00000000	      0.00000000	      0.00000000	     -4.03267907	     -1.78188219	     -0.90068421	      5.19734481	      0.40215127	      0.29063438	      0.00000000	      0.00000000	      0.09020858	      0.47831992	      5.95338725	     -3.87151331	     -0.83216975	      0.93767638	      0.00000000	     -2.59525506	      1.44872489
1760625408.78999996	      0.24098455	     -0.07225884	      1.29674428	     -0.00054129	      0.95635124	     -0.00568857	     80.00000000	     -7.00000000	      0.00000000	     80.00000000	      1.39626340	      0.00000000	      0.00000000	      0.00000000	     80.00000000	     -7.00000000	      0.00000000	     80.00000000	      1.39626340	      0.00000000	      0.00000000	      0.00000000	     -4.04942904	     -1.77861668	     -0.90592335	      5.19093368	      0.38309319	      0.32841766	      0.00000000	      0.00000000	      0.09587290	      0.47092904	      5.95755589	     -3.87709199	     -0.79296796	      0.94573489	      0.00000000	     -2.59426724	      1.45148398
1760625408.82399988	      0.24662302	     -0.06131619	      1.29617574	     -0.00115401	      0.95639949	     -0.00552549	     80.00000000	     -7.00000000	      0.00000000	     80.00000000	      1.39626340	      0.00000000	      0.00000000	      0.00000000	     80.00000000	     -7.00000000	      0.00000000	     80.00000000	      1.39626340	      0.00000000	      0.00000000	      0.00000000	     -4.18428846	     -1.72836662	     -0.91196583	      5.31487722	      0.30266377	      0.33561427	      0.00000000	      0.00000000	      0.08867646	      0.48557877	      6.09078301	     -3.83432681	     -0.80784630	      0.99007246	      0.00000000	     -2.62978425	      1.45780680
1760625408.85700011	      0.24657497	     -0.05547418	      1.29771156	     -0.00145936	      0.95646740	     -0.00531655	     80.00000000	     -7.00000000	      0.00000000	     80.00000000	      1.39626340	      0.00000000	      0.00000000	      0.00000000	     80.00000000	     -7.00000000	      0.00000000	     80.00000000	      1.39626340	      0.00000000	      0.00000000	      0.00000000	     -4.26093744	     -1.69104100	     -0.90126691	      5.37606075	      0.26001210	      0.33770127	      0.00000000	      0.00000000	      0.08767764	      0.47373003	      6.17725435	     -3.81083976	     -0.79903608	      1.00768132	      0.00000000	     -2.64334220	      1.44918773
1760625408.89100003	      0.25357789	     -0.03917925	      1.29462217	     -0.00137357	      0.95640366	     -0.00498476	     80.00000000	     -7.00000000	      0.00000000	     80.00000000	      1.39626340	      0.00000000	      0.00000000	      0.00000000	     80.00000000	     -7.00000000	      0.00000000	     80.00000000	      1.39626340	      0.00000000	      0.00000000	      0.00000000	     -4.28850816	     -1.67722277	     -0.90654417	      5.36070728	      0.21983978	      0.41260062	      0.00000000	      0.00000000	      0.14188491	      0.45976509	      6.18874006	     -3.80424536	     -0.73013174	      0.99373604	      0.00000000	     -2.64628964	      1.44243811
1760625408.92400002	      0.26151359	     -0.04280499	      1.29501773	     -0.00152490	      0.95642603	     -0.00492537	     80.00000000	     -7.00000000	      0.00000000	     80.00000000	      1.39626340	      0.00000000	      0.00000000	      0.00000000	     80.00000000	     -7.00000000	      0.00000000	     80.00000000	      1.39626340	      0.00000000	      0.00000000	      0.00000000	     -4.36841935	     -1.58856074	     -0.95275670	      5.42013950	      0.12622694	      0.47675752	      0.00000000	      0.00000000	      0.14908311	      0.47537001	      6.25545122	     -3.76158428	     -0.69457003	      0.99393324	      0.00000000	     -2.64760510	      1.47005368
1760625408.95799994	      0.25177720	     -0.03791861	      1.29940904	     -0.00141241	      0.95666480	     -0.00487528	     80.00000000	     -7.00000000	      0.00000000	     80.00000000	      1.39626340	      0.00000000	      0.00000000	      0.00000000	     80.00000000	     -7.00000000	      0.00000000	     80.00000000	      1.39626340	      0.00000000	      0.00000000	      0.00000000	     -4.44204511	     -1.57245818	     -0.96777412	      5.50508496	      0.09305769	      0.47697509	      0.00000000	      0.00000000	      0.16021315	      0.48107260	      6.33576718	     -3.77672465	     -0.63851091	      0.99750852	      0.00000000	     -2.66029145	      1.49179605
1760625408.99099994	      0.24589548	     -0.03739135	      1.28787289	     -0.00156074	      0.95697451	     -0.00441571	     80.00000000	     -7.00000000	      0.00000000	     80.00000000	      1.39626340	      0.00000000	      0.00000000	      0.00000000	     80.00000000	     -7.00000000	      0.00000000	     80.00000000	      1.39626340	      0.00000000	      0.00000000	      0.00000000	     -4.51041890	     -1.57185328	     -0.97033795	      5.58412812	      0.08169097	      0.48241251	      0.00000000	      0.00000000	      0.15207421	      0.46828862	      6.41369530	     -3.80994790	     -0.62146004	      1.00327005	      0.00000000	     -2.67930645	      1.48854302
1760625409.02399993	      0.25708496	     -0.03569547	      1.28775190	     -0.00228350	      0.95711529	     -0.00377237	     80.00000000	     -7.00000000	      0.00000000	     80.00000000	      1.39626340	      0.00000000	      0.00000000	      0.00000000	     80.00000000	     -7.00000000	      0.00000000	     80.00000000	      1.39626340	      0.00000000	      0.00000000	      0.00000000	     -4.62463424	     -1.60395415	     -0.96757608	      5.68449332	      0.10350621	      0.49232940	      0.00000000	      0.00000000	      0.15139457	      0.46618092	      6.51783884	     -3.87467995	     -0.52985954	      0.99083739	      0.00000000	     -2.66367852	      1.50498717
1760625409.05800009	      0.25246059	     -0.03710793	      1.28436892	     -0.00251312	      0.95758614	     -0.00366252	     80.00000000	     -7.00000000	      0.00000000	     80.00000000	      1.39626340	      0.00000000	      0.00000000	      0.00000000	     80.00000000	     -7.00000000	      0.00000000	     80.00000000	      1.39626340	      0.00000000	      0.00000000	      0.00000000	     -4.63053371	     -1.59828804	     -0.96920187	      5.67884496	      0.08752436	      0.55378457	      0.00000000	      0.00000000	      0.15002064	      0.46201552	      6.52649215	     -3.89205827	     -0.47062117	      1.00509105	      0.00000000	     -2.65620648	      1.49910355
1760625409.09100008	      0.26400626	     -0.04688297	      1.29041303	     -0.00359503	      0.95730726	     -0.00357218	     80.00000000	     -7.00000000	      0.00000000	     80.00000000	      1.39626340	      0.00000000	      0.00000000	      0.00000000	     80.00000000	     -7.00000000	      0.00000000	     80.00000000	      1.39626340	      0.00000000	      0.00000000	      0.00000000	     -4.71664058	     -1.61307747	     -0.97139584	      5.75093952	      0.08611117	      0.58583824	      0.00000000	      0.00000000	      0.15228148	      0.46646438	      6.59832690	     -3.95559233	     -0.42952595	      1.03514351	      0.00000000	     -2.68511965	      1.50649095
1760625409.12500000	      0.23799353	     -0.05871274	      1.29343180	     -0.00487732	      0.95725538	     -0.00382544	     80.00000000	     -7.00000000	      0.00000000	     80.00000000	      1.39626340	      0.00000000	      0.00000000	      0.00000000	     80.00000000	     -7.00000000	      0.00000000	     80.00000000	      1.39626340	      0.00000000	      0.00000000	      0.00000000	     -4.70368738	     -1.61890371	     -0.97187484	      5.77119166	      0.07613587	      0.60139379	      0.00000000	      0.00000000	      0.14241941	      0.46099877	      6.62787732	     -3.96965095	     -0.39659924	      1.04476281	      0.00000000	     -2.67229663	      1.48061991
1760625409.15799999	      0.24013316	     -0.06381793	      1.29951541	     -0.00492286	      0.95705366	     -0.00420436	     80.00000000	     -7.00000000	      0.00000000	     80.00000000	      1.39626340	      0.00000000	      0.00000000	      0.00000000	     80.00000000	     -7.00000000	      0.00000000	     80.00000000	      1.39626340	      0.00000000	      0.00000000	      0.00000000	     -4.69949078	     -1.62307853	     -0.96528169	      5.76455560	      0.06855802	      0.58981547	      0.00000000	      0.00000000	      0.13211184	      0.45809508	      6.63741314	     -3.98310778	     -0.40522330	      1.04809356	      0.00000000	     -2.66557869	      1.47834294
1760625409.19199991	      0.24635295	     -0.06517396	      1.30899273	     -0.00347088	      0.95665430	     -0.00496619	     80.00000000	     -7.00000000	      0.00000000	     80.00000000	      1.39626340	      0.00000000	      0.00000000	      0.00000000	     80.00000000	     -7.00000000	      0.00000000	     80.00000000	      1.39626340	      0.00000000	      0.00000000	      0.00000000	     -4.64863127	     -1.65452457	     -0.90180024	      5.70036634	      0.07349251	      0.52721451	      0.00000000	      0.00000000	      0.15351802	      0.46590336	      6.60018392	     -4.00057241	     -0.35871255	      0.99957052	      0.00000000	     -2.59150527	      1.46919544
1760625409.22499990	      0.23089339	     -0.07334763	      1.31563682	     -0.00238087	      0.95637441	     -0.00530276	     80.00000000	     -7.00000000	      0.00000000	     80.00000000	      1.39626340	      0.00000000	      0.00000000	      0.00000000	     80.00000000	     -7.00000000	      0.00000000	     80.00000000	      1.39626340	      0.00000000	      0.00000000	      0.00000000	     -4.63860566	     -1.66467595	     -0.88682063	      5.69828700	      0.07511018	      0.49905568	      0.00000000	      0.00000000	      0.17512834	      0.48014284	      6.57818355	     -4.01621213	     -0.33843100	      1.02410300	      0.00000000	     -2.56697822	      1.45145621
1760625409.25900006	      0.22423091	     -0.07442006	      1.30988375	     -0.00162620	      0.95616391	     -0.00554121	     80.00000000	     -7.00000000	      0.00000000	     80.00000000	      1.39626340	      0.00000000	      0.00000000	      0.00000000	     80.00000000	     -7.00000000	      0.00000000	     80.00000000	      1.39626340	      0.00000000	      0.00000000	      0.00000000	     -4.57554455	     -1.72426702	     -0.81849984	      5.61854773	      0.13532558	      0.46265586	      0.00000000	      0.00000000	      0.17641366	      0.48512555	      6.50774805	     -4.07999011	     -0.29084060	      1.01733857	      0.00000000	     -2.54722457	      1.48204123
1760625409.29200006	      0.25305930	     -0.08163695	      1.32147669	     -0.00252200	      0.95587068	     -0.00545064	     80.00000000	     -7.00000000	      0.00000000	     80.00000000	      1.39626340	      0.00000000	      0.00000000	      0.00000000	     80.00000000	     -7.00000000	      0.00000000	     80.00000000	      1.39626340	      0.00000000	      0.00000000	      0.00000000	     -4.60167242	     -1.72648671	     -0.81529372	      5.60010503	      0.15296488	      0.43620714	      0.00000000	      0.00000000	      0.19204180	      0.49336652	      6.47253664	     -4.07997702	     -0.30479296	      1.02882602	      0.00000000	     -2.54440317	      1.48223964
1760625409.32500005	      0.24966598	     -0.08287526	      1.32334144	     -0.00342035	      0.95544794	     -0.00576266	     80.00000000	     -7.00000000	      0.00000000	     80.00000000	      1.39626340	      0.00000000	      0.00000000	      0.00000000	     80.00000000	     -7.00000000	      0.00000000	     80.00000000	      1.39626340	      0.00000000	      0.00000000	      0.00000000	     -4.63597107	     -1.73134186	     -0.81703872	      5.61574214	      0.16533660	      0.44430803	      0.00000000	      0.00000000	      0.19191269	      0.49831765	      6.46724156	     -4.05302765	     -0.29510905	      1.05779425	      0.00000000	     -2.56252240	      1.45830094
1760625409.35899997	      0.25345938	     -0.09592384	      1.33265666	     -0.00483242	      0.95519120	     -0.00593937	     80.00000000	     -7.00000000	      0.00000000	     80.00000000	      1.39626340	      0.00000000	      0.00000000	      0.00000000	     80.00000000	     -7.00000000	      0.00000000	     80.00000000	      1.39626340	      0.00000000	      0.00000000	      0.00000000	     -4.76873486	     -1.72217420	     -0.82011763	      5.70903441	      0.17973470	      0.49744101	      0.00000000	      0.00000000	      0.20082412	      0.49669659	      6.53648124	     -4.03121363	     -0.32156234	      1.09300322	      0.00000000	     -2.60629208	      1.49351288
1760625409.39199996	      0.24990901	     -0.10321570	      1.34109093	     -0.00504404	      0.95510255	     -0.00597236	     80.00000000	     -7.00000000	      0.00000000	     80.00000000	      1.39626340	      0.00000000	      0.00000000	      0.00000000	     80.00000000	     -7.00000000	      0.00000000	     80.00000000	      1.39626340	      0.00000000	      0.00000000	      0.00000000	     -4.79311672	     -1.73178435	     -0.81304184	      5.71491909	      0.19020795	      0.49097209	      0.00000000	      0.00000000	      0.20768076	      0.49788691	      6.52562133	     -4.00909123	     -0.34046660	      1.08617417	      0.00000000	     -2.61757179	      1.50197975
1760625409.42600012	      0.26780060	     -0.10460338	      1.34816343	     -0.00542805	      0.95521489	     -0.00581403	     80.00000000	     -7.00000000	      0.00000000	     80.00000000	      1.39626340	      0.00000000	      0.00000000	      0.00000000	     80.00000000	     -7.00000000	      0.00000000	     80.00000000	      1.39626340	      0.00000000	      0.00000000	      0.00000000	     -4.96951043	     -1.72346143	     -0.84942316	      5.83976453	      0.18987674	      0.51100608	      0.00000000	      0.00000000	      0.20509889	      0.48738753	      6.62475638	     -3.98870399	     -0.37219241	      1.13103783	      0.00000000	     -2.65966323	      1.50600310
1760625409.45900011	      0.25376150	     -0.11296705	      1.35749584	     -0.00494474	      0.95543443	     -0.00560077	     80.00000000	     -7.00000000	      0.00000000	     80.00000000	      1.39626340	      0.00000000	      0.00000000	      0.00000000	     80.00000000	     -7.00000000	      0.00000000	     80.00000000	      1.39626340	      0.00000000	      0.00000000	      0.00000000	     -4.99385030	     -1.73084374	     -0.84221126	      5.82386423	      0.20575100	      0.49648906	      0.00000000	      0.00000000	      0.19554494	      0.48485502	      6.61521655	     -3.96661213	     -0.39446859	      1.13625580	      0.00000000	     -2.65049868	      1.51854845
1760625409.49300003	      0.24177210	     -0.11976603	      1.35615823	     -0.00236745	      0.95587668	     -0.00576577	     80.00000000	     -7.00000000	      0.00000000	     80.00000000	      1.39626340	      0.00000000	      0.00000000	      0.00000000	     80.00000000	     -7.00000000	      0.00000000	     80.00000000	      1.39626340	      0.00000000	      0.00000000	      0.00000000	     -4.91230136	     -1.71439542	     -0.83427576	      5.71393075	      0.18874120	      0.49542731	      0.00000000	      0.00000000	      0.21716257	      0.48099708	      6.50174049	     -3.92253594	     -0.40439320	      1.11405345	      0.00000000	     -2.60205157	      1.51011168
1760625409.52600002	      0.23192525	     -0.12260492	      1.36269780	     -0.00095362	      0.95622415	     -0.00598985	     80.00000000	     -7.00000000	      0.00000000	     80.00000000	      1.39626340	      0.00000000	      0.00000000	      0.00000000	     80.00000000	     -7.00000000	      0.00000000	     80.00000000	      1.39626340	      0.00000000	      0.00000000	      0.00000000	     -4.91784736	     -1.72111904	     -0.82888601	      5.69547048	      0.18969890	      0.48584407	      0.00000000	      0.00000000	      0.20699007	      0.48182070	      6.50558613	     -3.92097875	     -0.42259867	      1.11844816	      0.00000000	     -2.61184391	      1.53563582
1760625409.55999994	      0.25066759	     -0.13054172	      1.36433263	     -0.00096805	      0.95624356	     -0.00565528	     80.00000000	     -7.00000000	      0.00000000	     80.00000000	      1.39626340	      0.00000000	      0.00000000	      0.00000000	     80.00000000	     -7.00000000	      0.00000000	     80.00000000	      1.39626340	      0.00000000	      0.00000000	      0.00000000	     -4.92481503	     -1.73351816	     -0.80806988	      5.66278929	      0.20023825	      0.50903209	      0.00000000	      0.00000000	      0.17427302	      0.47450613	      6.48523739	     -3.90552700	     -0.42269629	      1.13406135	      0.00000000	     -2.62082838	      1.52912397
1760625409.59299994	      0.23550990	     -0.12903498	      1.38318344	     -0.00169325	      0.95621076	     -0.00592202	     80.00000000	     -7.00000000	      0.00000000	     80.00000000	      1.39626340	      0.00000000	      0.00000000	      0.00000000	     80.00000000	     -7.00000000	      0.00000000	     80.00000000	      1.39626340	      0.00000000	      0.00000000	      0.00000000	     -4.89798757	     -1.73600001	     -0.82584730	      5.64396427	      0.19795629	      0.55718673	      0.00000000	      0.00000000	      0.21855986	      0.45609767	      6.46643013	     -3.87571325	     -0.38283780	      1.15020471	      0.00000000	     -2.63002451	      1.54273138
1760625409.62700009	      0.21616731	     -0.13523437	      1.37637060	     -0.00211150	      0.95606248	     -0.00639588	     80.00000000	     -7.00000000	      0.00000000	     80.00000000	      1.39626340	      0.00000000	      0.00000000	      0.00000000	     80.00000000	     -7.00000000	      0.00000000	     80.00000000	      1.39626340	      0.00000000	      0.00000000	      0.00000000	     -4.80878476	     -1.71762297	     -0.82502059	      5.58103610	      0.18455102	      0.60256932	      0.00000000	      0.00000000	      0.23358541	      0.47597510	      6.38594575	     -3.81450677	     -0.36785238	      1.20026995	      0.00000000	     -2.67664239	      1.51671304
1760625409.66000009	      0.23647357	     -0.13472616	      1.38304693	     -0.00114151	      0.95628038	     -0.00674796	     80.00000000	     -7.00000000	      0.00000000	     80.00000000	      1.39626340	      0.00000000	      0.00000000	      0.00000000	     80.00000000	     -7.00000000	      0.00000000	     80.00000000	      1.39626340	      0.00000000	      0.00000000	      0.00000000	     -4.79974349	     -1.71847302	     -0.84165822	      5.57455612	      0.19583196	      0.60269514	      0.00000000	      0.00000000	      0.24147317	      0.48504793	      6.32305565	     -3.78280750	     -0.35999295	      1.21008233	      0.00000000	     -2.65530343	      1.56323447
1760625409.69300008	      0.23274860	     -0.14630870	      1.39349556	     -0.00029802	      0.95584078	     -0.00722760	     80.00000000	     -7.00000000	      0.00000000	     80.00000000	      1.39626340	      0.00000000	      0.00000000	      0.00000000	     80.00000000	     -7.00000000	      0.00000000	     80.00000000	      1.39626340	      0.00000000	      0.00000000	      0.00000000	     -4.67947517	     -1.66796846	     -0.85503998	      5.45284448	      0.16558448	      0.66151628	      0.00000000	      0.00000000	      0.25811001	      0.49311826	      6.18242036	     -3.68479960	     -0.37409749	      1.21520222	      0.00000000	     -2.63990698	      1.54441135
1760625409.72700000	      0.20380528	     -0.14314357	      1.39571583	     -0.00017203	      0.95537462	     -0.00734053	     80.00000000	     -7.00000000	      0.00000000	     80.00000000	      1.39626340	      0.00000000	      0.00000000	      0.00000000	     80.00000000	     -7.00000000	      0.00000000	     80.00000000	      1.39626340	      0.00000000	      0.00000000	      0.00000000	     -4.65803265	     -1.66799721	     -0.85764385	      5.45525908	      0.17579415	      0.68259712	      0.00000000	      0.00000000	      0.29124857	      0.49747052	      6.17710631	     -3.66838745	     -0.36072798	      1.22256495	      0.00000000	     -2.64303506	      1.56152506
1760625409.75999999	      0.23487630	     -0.14373917	      1.41059975	     -0.00059460	      0.95512617	     -0.00761314	     80.00000000	     -7.00000000	      0.00000000	     80.00000000	      1.39626340	      0.00000000	      0.00000000	      0.00000000	     80.00000000	     -7.00000000	      0.00000000	     80.00000000	      1.39626340	      0.00000000	      0.00000000	      0.00000000	     -4.66165308	     -1.62913643	     -0.87017518	      5.42395940	      0.14726158	      0.76453294	      0.00000000	      0.00000000	      0.25735897	      0.50852708	      6.13639426	     -3.60493403	     -0.39599679	      1.24175235	      0.00000000	     -2.65261512	      1.56656482
1760625409.79399991	      0.21604685	     -0.14274109	      1.41542098	     -0.00086500	      0.95509256	     -0.00752415	     80.00000000	     -7.00000000	      0.00000000	     80.00000000	      1.39626340	      0.00000000	      0.00000000	      0.00000000	     80.00000000	     -7.00000000	      0.00000000	     80.00000000	      1.39626340	      0.00000000	      0.00000000	      0.00000000	     -4.65629355	     -1.62148282	     -0.85862814	      5.43223068	      0.14937029	      0.83073014	      0.00000000	      0.00000000	      0.28119092	      0.49706335	      6.14890269	     -3.58416374	     -0.35993292	      1.24620686	      0.00000000	     -2.66053459	      1.55205375
1760625409.82699990	      0.20766186	     -0.14318117	      1.42774263	     -0.00118783	      0.95484762	     -0.00824541	     80.00000000	     -7.00000000	      0.00000000	     80.00000000	      1.39626340	      0.00000000	      0.00000000	      0.00000000	     80.00000000	     -7.00000000	      0.00000000	     80.00000000	      1.39626340	      0.00000000	      0.00000000	      0.00000000	     -4.66695135	     -1.55723042	     -0.88048270	      5.46327522	      0.06872775	      0.82181785	      0.00000000	      0.00000000	      0.32428108	      0.49299258	      6.16316808	     -3.51928635	     -0.38023665	      1.26133250	      0.00000000	     -2.66961557	      1.54483236
1760625409.86100006	      0.21412616	     -0.13943370	      1.43126092	     -0.00123734	      0.95477740	     -0.00829085	     80.00000000	     -7.00000000	      0.00000000	     80.00000000	      1.39626340	      0.00000000	      0.00000000	      0.00000000	     80.00000000	     -7.00000000	      0.00000000	     80.00000000	      1.39626340	      0.00000000	      0.00000000	      0.00000000	     -4.66829926	     -1.55959813	     -0.86974337	      5.46650095	      0.05790253	      0.83584205	      0.00000000	      0.00000000	      0.31608570	      0.48337200	      6.16374923	     -3.52228891	     -0.37697003	      1.26280259	      0.00000000	     -2.66589909	      1.53686040
1760625409.89400005	      0.23412661	     -0.13134745	      1.43437382	     -0.00121792	      0.95466832	     -0.00849044	     80.00000000	     -7.00000000	      0.00000000	     80.00000000	      1.39626340	      0.00000000	      0.00000000	      0.00000000	     80.00000000	     -7.00000000	      0.00000000	     80.00000000	      1.39626340	      0.00000000	      0.00000000	      0.00000000	     -4.68565555	     -1.55870163	     -0.87154074	      5.46847076	      0.04313804	      0.84628006	      0.00000000	      0.00000000	      0.32958613	      0.47964134	      6.16911755	     -3.50914730	     -0.34939933	      1.25674717	      0.00000000	     -2.66408168	      1.51195407
1760625409.92700005	      0.23451869	     -0.13155771	      1.43666037	     -0.00084556	      0.95481067	     -0.00853654	     80.00000000	     -7.00000000	      0.00000000	     80.00000000	      1.39626340	      0.00000000	      0.00000000	      0.00000000	     80.00000000	     -7.00000000	      0.00000000	     80.00000000	      1.39626340	      0.00000000	      0.00000000	      0.00000000	     -4.67946418	     -1.55862176	     -0.86844536	      5.47188364	      0.04215161	      0.84472339	      0.00000000	      0.00000000	      0.32945400	      0.48027069	      6.17923676	     -3.50891526	     -0.35310923	      1.26122531	      0.00000000	     -2.66199950	      1.51191561
1760625409.96099997	      0.22547096	     -0.13112101	      1.43510772	     -0.00149938	      0.95515586	     -0.00791319	     80.00000000	     -7.00000000	      0.00000000	     80.00000000	      1.39626340	      0.00000000	      0.00000000	      0.00000000	     80.00000000	     -7.00000000	      0.00000000	     80.00000000	      1.39626340	      0.00000000	      0.00000000	      0.00000000	     -4.66746599	     -1.56291113	     -0.84448993	      5.49344319	      0.04814628	      0.82993375	      0.00000000	      0.00000000	      0.30401072	      0.49662856	      6.22359472	     -3.50675719	     -0.36027154	      1.26157605	      0.00000000	     -2.68164032	      1.50191200
1760625409.99399996	      0.24324075	     -0.12528179	      1.44127355	     -0.00183591	      0.95552990	     -0.00740399	     80.00000000	     -7.00000000	      0.00000000	     80.00000000	      1.39626340	      0.00000000	      0.00000000	      0.00000000	     80.00000000	     -7.00000000	      0.00000000	     80.00000000	      1.39626340	      0.00000000	      0.00000000	      0.00000000	     -4.75412150	     -1.59547284	     -0.81526859	      5.58802343	      0.08767266	      0.79514757	      0.00000000	      0.00000000	      0.30101442	      0.48549962	      6.31480040	     -3.52914683	     -0.29156895	      1.28146977	      0.00000000	     -2.71889557	      1.50133253
1760625410.02800012	      0.23359823	     -0.13315126	      1.45587006	     -0.00220031	      0.95544100	     -0.00722718	     80.00000000	     -7.00000000	      0.00000000	     80.00000000	      1.39626340	      0.00000000	      0.00000000	      0.00000000	     80.00000000	     -7.00000000	      0.00000000	     80.00000000	      1.39626340	      0.00000000	      0.00000000	      0.00000000	     -4.74141630	     -1.59863893	     -0.82261590	      5.60385104	      0.11126277	      0.78526757	      0.00000000	      0.00000000	      0.30870259	      0.49282056	      6.31348140	     -3.53977295	     -0.22906639	      1.27573922	      0.00000000	     -2.70406151	      1.50214108
1760625410.06100011	      0.24253372	     -0.12959285	      1.45766764	     -0.00241510	      0.95520807	     -0.00697996	     80.00000000	     -7.00000000	      0.00000000	     80.00000000	      1.39626340	      0.00000000	      0.00000000	      0.00000000	     80.00000000	     -7.00000000	      0.00000000	     80.00000000	      1.39626340	      0.00000000	      0.00000000	      0.00000000	     -4.73689531	     -1.62697824	     -0.81350971	      5.63283898	      0.15601522	      0.74450212	      0.00000000	      0.00000000	      0.31702362	      0.46988639	      6.31692587	     -3.56877846	     -0.17655997	      1.27337806	      0.00000000	     -2.69224879	      1.51969752
1760625410.09500003	      0.26042478	     -0.13215353	      1.45730077	     -0.00229561	      0.95502577	     -0.00704045	     80.00000000	     -7.00000000	      0.00000000	     80.00000000	      1.39626340	      0.00000000	      0.00000000	      0.00000000	     80.00000000	     -7.00000000	      0.00000000	     80.00000000	      1.39626340	      0.00000000	      0.00000000	      0.00000000	     -4.73006723	     -1.64246778	     -0.80088797	      5.63512032	      0.17792761	      0.71470591	      0.00000000	      0.00000000	      0.30807258	      0.50146282	      6.31076957	     -3.57233048	     -0.17967201	      1.26103540	      0.00000000	     -2.68710878	      1.51473075
1760625410.12800002	      0.24307237	     -0.13132532	      1.46503169	     -0.00204456	      0.95475584	     -0.00728213	     80.00000000	     -7.00000000	      0.00000000	     80.00000000	      1.39626340	      0.00000000	      0.00000000	      0.00000000	     80.00000000	     -7.00000000	      0.00000000	     80.00000000	      1.39626340	      0.00000000	      0.00000000	      0.00000000	     -4.70354147	     -1.65396008	     -0.78883509	      5.64173259	      0.20202398	      0.70200997	      0.00000000	      0.00000000	      0.31850824	      0.48656802	      6.30938506	     -3.57008504	     -0.14289141	      1.25274145	      0.00000000	     -2.66471255	      1.50536066
1760625410.16199994	      0.25395037	     -0.13122228	      1.46201152	     -0.00226310	      0.95496792	     -0.00740135	     80.00000000	     -7.00000000	      0.00000000	     80.00000000	      1.39626340	      0.00000000	      0.00000000	      0.00000000	     80.00000000	     -7.00000000	      0.00000000	     80.00000000	      1.39626340	      0.00000000	      0.00000000	      0.00000000	     -4.69594975	     -1.64959051	     -0.78726258	      5.64384649	      0.20804264	      0.71350456	      0.00000000	      0.00000000	      0.32017304	      0.48846554	      6.30696297	     -3.57482662	     -0.11502331	      1.25465759	      0.00000000	     -2.65590190	      1.50765833
1760625410.19499993	      0.26105911	     -0.12850175	      1.46173420	     -0.00228469	      0.95510905	     -0.00741425	     80.00000000	     -7.00000000	      0.00000000	     80.00000000	      1.39626340	      0.00000000	      0.00000000	      0.00000000	     80.00000000	     -7.00000000	      0.00000000	     80.00000000	      1.39626340	      0.00000000	      0.00000000	      0.00000000	     -4.68564192	     -1.64474685	     -0.78756160	      5.65004979	      0.21360912	      0.71673832	      0.00000000	      0.00000000	      0.32609701	      0.48088611	      6.31260249	     -3.57996255	     -0.10443404	      1.25192101	      0.00000000	     -2.65663068	      1.50884290
1760625410.22900009	      0.26740390	     -0.13429180	      1.45938006	     -0.00225712	      0.95514146	     -0.00722459	     80.00000000	     -7.00000000	      0.00000000	     80.00000000	      1.39626340	      0.00000000	      0.00000000	      0.00000000	     80.00000000	     -7.00000000	      0.00000000	     80.00000000	      1.39626340	      0.00000000	      0.00000000	      0.00000000	     -4.68300095	     -1.63443331	     -0.75969722	      5.64467133	      0.23732640	      0.74258875	      0.00000000	      0.00000000	      0.36583766	      0.46561242	      6.34936510	     -3.59010191	     -0.08855400	      1.24635519	      0.00000000	     -2.66994137	      1.48815992
1760625410.26200008	      0.26879868	     -0.12955442	      1.45922585	     -0.00165884	      0.95504031	     -0.00736119	     80.00000000	     -7.00000000	      0.00000000	     80.00000000	      1.39626340	      0.00000000	      0.00000000	      0.00000000	     80.00000000	     -7.00000000	      0.00000000	     80.00000000	      1.39626340	      0.00000000	      0.00000000	      0.00000000	     -4.67899128	     -1.62639313	     -0.76105478	      5.65074643	      0.24369211	      0.76739092	      0.00000000	      0.00000000	      0.37832501	      0.45582667	      6.34857850	     -3.59417180	     -0.05345863	      1.23955010	      0.00000000	     -2.66886190	      1.49004881
1760625410.29600000	      0.26998553	     -0.12410137	      1.45803592	     -0.00110683	      0.95505124	     -0.00740552	     80.00000000	     -7.00000000	      0.00000000	     80.00000000	      1.39626340	      0.00000000	      0.00000000	      0.00000000	     80.00000000	     -7.00000000	      0.00000000	     80.00000000	      1.39626340	      0.00000000	      0.00000000	      0.00000000	     -4.67354069	     -1.61828896	     -0.76681369	      5.65477348	      0.24812633	      0.76343167	      0.00000000	      0.00000000	      0.37920302	      0.45572080	      6.35623139	     -3.59777950	     -0.05055201	      1.23903954	      0.00000000	     -2.66959851	      1.48959219
1760625410.32900000	      0.26149178	     -0.12904178	      1.47230692	     -0.00114742	      0.95468316	     -0.00756494	     80.00000000	     -7.00000000	      0.00000000	     80.00000000	      1.39626340	      0.00000000	      0.00000000	      0.00000000	     80.00000000	     -7.00000000	      0.00000000	     80.00000000	      1.39626340	      0.00000000	      0.00000000	      0.00000000	     -4.66797411	     -1.60186056	     -0.76584972	      5.65573072	      0.27325932	      0.78088452	      0.00000000	      0.00000000	      0.39956123	      0.46021104	      6.36982946	     -3.60045766	     -0.04073459	      1.22177058	      0.00000000	     -2.68034265	      1.50118457
1760625410.36199999	      0.24187206	     -0.12996625	      1.46809276	     -0.00081519	      0.95474656	     -0.00714011	     80.00000000	     -7.00000000	      0.00000000	     80.00000000	      1.39626340	      0.00000000	      0.00000000	      0.00000000	     80.00000000	     -7.00000000	      0.00000000	     80.00000000	      1.39626340	      0.00000000	      0.00000000	      0.00000000	     -4.66697463	     -1.58964465	     -0.75681688	      5.67432713	      0.29066451	      0.80663077	      0.00000000	      0.00000000	      0.40038632	      0.46564671	      6.39022639	     -3.59412982	     -0.03462528	      1.21755732	      0.00000000	     -2.67388222	      1.50253252
1760625410.39599991	      0.25278985	     -0.12677931	      1.47382121	     -0.00036477	      0.95520728	     -0.00664562	     80.00000000	     -7.00000000	      0.00000000	     80.00000000	      1.39626340	      0.00000000	      0.00000000	      0.00000000	     80.00000000	     -7.00000000	      0.00000000	     80.00000000	      1.39626340	      0.00000000	      0.00000000	      0.00000000	     -4.68185731	     -1.58153148	     -0.75308181	      5.67115383	      0.30407699	      0.79967014	      0.00000000	      0.00000000	      0.40252816	      0.46483522	      6.38227797	     -3.60524772	     -0.04697066	      1.20249740	      0.00000000	     -2.68135356	      1.50583316
1760625410.42899990	      0.25688204	     -0.12433059	      1.49104138	     -0.00049549	      0.95551841	     -0.00682844	     80.00000000	     -7.00000000	      0.00000000	     80.00000000	      1.39626340	      0.00000000	      0.00000000	      0.00000000	     80.00000000	     -7.00000000	      0.00000000	     80.00000000	      1.39626340	      0.00000000	      0.00000000	      0.00000000	     -4.68396968	     -1.56847453	     -0.76831836	      5.67262095	      0.32094188	      0.79031514	      0.00000000	      0.00000000	      0.40672415	      0.45830126	      6.35193054	     -3.61461683	     -0.00908976	      1.19308065	      0.00000000	     -2.67539014	      1.51076386
1760625410.46300006	      0.24993343	     -0.11973228	      1.48455286	     -0.00042768	      0.95525561	     -0.00717694	     80.00000000	     -7.00000000	      0.00000000	     80.00000000	      1.39626340	      0.00000000	      0.00000000	      0.00000000	     80.00000000	     -7.00000000	      0.00000000	     80.00000000	      1.39626340	      0.00000000	      0.00000000	      0.00000000	     -4.59582579	     -1.56389733	     -0.72326127	      5.59138679	      0.32217742	      0.72979815	      0.00000000	      0.00000000	      0.40985340	      0.46009704	      6.25330582	     -3.60349281	      0.00205173	      1.14984525	      0.00000000	     -2.63343499	      1.51450754
1760625410.49600005	      0.23392834	     -0.11295313	      1.48870098	     -0.00043098	      0.95493999	     -0.00756899	     80.00000000	     -7.00000000	      0.00000000	     80.00000000	      1.39626340	      0.00000000	      0.00000000	      0.00000000	     80.00000000	     -7.00000000	      0.00000000	     80.00000000	      1.39626340	      0.00000000	      0.00000000	      0.00000000	     -4.52659826	     -1.54779864	     -0.69821011	      5.54754109	      0.30418586	      0.66896069	      0.00000000	      0.00000000	      0.40090396	      0.45825245	      6.17212557	     -3.58753922	      0.00511462	      1.12223909	      0.00000000	     -2.62054079	      1.50577432
1760625410.52999997	      0.23926019	     -0.10364973	      1.49797163	     -0.00062458	      0.95465084	     -0.00742679	     80.00000000	     -7.00000000	      0.00000000	     80.00000000	      1.39626340	      0.00000000	      0.00000000	      0.00000000	     80.00000000	     -7.00000000	      0.00000000	     80.00000000	      1.39626340	      0.00000000	      0.00000000	      0.00000000	     -4.53305791	     -1.53743835	     -0.70774647	      5.54447735	      0.29907489	      0.62798506	      0.00000000	      0.00000000	      0.43438432	      0.46307951	      6.14700806	     -3.60433297	     -0.01498122	      1.12224551	      0.00000000	     -2.61843457	      1.52340075
1760625410.56299996	      0.23793839	     -0.09312849	      1.50021535	     -0.00068427	      0.95453376	     -0.00697644	     80.00000000	     -7.00000000	      0.00000000	     80.00000000	      1.39626340	      0.00000000	      0.00000000	      0.00000000	     80.00000000	     -7.00000000	      0.00000000	     80.00000000	      1.39626340	      0.00000000	      0.00000000	      0.00000000	     -4.53937728	     -1.53017141	     -0.69958262	      5.54343344	      0.29750925	      0.60886565	      0.00000000	      0.00000000	      0.42690357	      0.46323880	      6.14639579	     -3.61602281	     -0.04088994	      1.11638767	      0.00000000	     -2.62140951	      1.53063055
1760625410.59699988	      0.23851442	     -0.08197592	      1.50561618	     -0.00119539	      0.95445039	     -0.00581471	     80.00000000	     -7.00000000	      0.00000000	     80.00000000	      1.39626340	      0.00000000	      0.00000000	      0.00000000	     80.00000000	     -7.00000000	      0.00000000	     80.00000000	      1.39626340	      0.00000000	      0.00000000	      0.00000000	     -4.54601964	     -1.52166425	     -0.69688429	      5.53638197	      0.29751844	      0.58819919	      0.00000000	      0.00000000	      0.41681812	      0.45444970	      6.15006434	     -3.63887817	     -0.05446622	      1.09713563	      0.00000000	     -2.63362494	      1.52158820
1760625410.63000011	      0.24672437	     -0.06759241	      1.49926038	     -0.00165002	      0.95442470	     -0.00519319	     80.00000000	     -7.00000000	      0.00000000	     80.00000000	      1.39626340	      0.00000000	      0.00000000	      0.00000000	     80.00000000	     -7.00000000	      0.00000000	     80.00000000	      1.39626340	      0.00000000	      0.00000000	      0.00000000	     -4.58199827	     -1.56814611	     -0.66901027	      5.54936956	      0.35464479	      0.53621521	      0.00000000	      0.00000000	      0.41873479	      0.45959318	      6.17894176	     -3.73876615	     -0.01185745	      1.06090280	      0.00000000	     -2.61974535	      1.56823488
1760625410.66400003	      0.23773389	     -0.06404594	      1.49404190	     -0.00153961	      0.95441950	     -0.00506704	     80.00000000	     -7.00000000	      0.00000000	     80.00000000	      1.39626340	      0.00000000	      0.00000000	      0.00000000	     80.00000000	     -7.00000000	      0.00000000	     80.00000000	      1.39626340	      0.00000000	      0.00000000	      0.00000000	     -4.61482527	     -1.55162565	     -0.67552984	      5.57486993	      0.34404003	      0.53646353	      0.00000000	      0.00000000	      0.45695274	      0.45887747	      6.21558926	     -3.75772967	     -0.00392916	      1.07826081	      0.00000000	     -2.63026152	      1.57470608
1760625410.69700003	      0.23957944	     -0.06058163	      1.49005164	     -0.00119121	      0.95425724	     -0.00543174	     80.00000000	     -7.00000000	      0.00000000	     80.00000000	      1.39626340	      0.00000000	      0.00000000	      0.00000000	     80.00000000	     -7.00000000	      0.00000000	     80.00000000	      1.39626340	      0.00000000	      0.00000000	      0.00000000	     -4.70869545	     -1.51529245	     -0.69028455	      5.67351407	      0.31126544	      0.53385004	      0.00000000	      0.00000000	      0.44904232	      0.45510032	      6.31912691	     -3.73934633	     -0.02719679	      1.09733475	      0.00000000	     -2.66934111	      1.54622575
1760625410.73000002	      0.23622993	     -0.05517912	      1.49928059	     -0.00164077	      0.95427926	     -0.00540511	     80.00000000	     -7.00000000	      0.00000000	     80.00000000	      1.39626340	      0.00000000	      0.00000000	      0.00000000	     80.00000000	     -7.00000000	      0.00000000	     80.00000000	      1.39626340	      0.00000000	      0.00000000	      0.00000000	     -4.70327652	     -1.50293988	     -0.70515632	      5.68665531	      0.29694884	      0.46326683	      0.00000000	      0.00000000	      0.44034375	      0.44407705	      6.33088653	     -3.74454809	     -0.02903851	      1.06618022	      0.00000000	     -2.65936523	      1.54460827
1760625410.76399994	      0.24102358	     -0.05254462	      1.49023155	     -0.00197205	      0.95428707	     -0.00515056	     80.00000000	     -7.00000000	      0.00000000	     80.00000000	      1.39626340	      0.00000000	      0.00000000	      0.00000000	     80.00000000	     -7.00000000	      0.00000000	     80.00000000	      1.39626340	      0.00000000	      0.00000000	      0.00000000	     -4.75089556	     -1.49243829	     -0.67045567	      5.74505148	      0.28281541	      0.37572341	      0.00000000	      0.00000000	      0.42128011	      0.43611393	      6.37550909	     -3.75168436	      0.01899902	      1.08222883	      0.00000000	     -2.65500962	      1.54978676
1760625410.79699993	      0.23471803	     -0.04896830	      1.49256610	     -0.00224453	      0.95417739	     -0.00499935	     80.00000000	     -7.00000000	      0.00000000	     80.00000000	      1.39626340	      0.00000000	      0.00000000	      0.00000000	     80.00000000	     -7.00000000	      0.00000000	     80.00000000	      1.39626340	      0.00000000	      0.00000000	      0.00000000	     -4.74190471	     -1.49024708	     -0.68240195	      5.75796485	      0.27252481	      0.34877435	      0.00000000	      0.00000000	      0.44377704	      0.42474054	      6.38705472	     -3.76113848	      0.00947565	      1.06945877	      0.00000000	     -2.66160232	      1.54832278
1760625410.83100009	      0.21838781	     -0.04812578	      1.49259894	     -0.00235733	      0.95417266	     -0.00498409	     80.00000000	     -7.00000000	      0.00000000	     80.00000000	      1.39626340	      0.00000000	      0.00000000	      0.00000000	     80.00000000	     -7.00000000	      0.00000000	     80.00000000	      1.39626340	      0.00000000	      0.00000000	      0.00000000	     -4.77992395	     -1.48400357	     -0.70456173	      5.83256406	      0.26520263	      0.34467816	      0.00000000	      0.00000000	      0.42150130	      0.41609820	      6.46900724	     -3.77254955	      0.01605964	      1.07628788	      0.00000000	     -2.68820003	      1.52380840
1760625410.86400008	      0.22288190	     -0.05221772	      1.49879846	     -0.00266204	      0.95416673	     -0.00472981	     80.00000000	     -7.00000000	      0.00000000	     80.00000000	      1.39626340	      0.00000000	      0.00000000	      0.00000000	     80.00000000	     -7.00000000	      0.00000000	     80.00000000	      1.39626340	      0.00000000	      0.00000000	      0.00000000	     -4.85633802	     -1.47247553	     -0.75605750	      5.92796877	      0.26460144	      0.37939034	      0.00000000	      0.00000000	      0.42707049	      0.40455424	      6.56951224	     -3.80128979	     -0.00353114	      1.08973692	      0.00000000	     -2.69368596	      1.53691413
1760625410.89800000	      0.19310174	     -0.05215140	      1.49192231	     -0.00297840	      0.95411629	     -0.00468527	     80.00000000	     -7.00000000	      0.00000000	     80.00000000	      1.39626340	      0.00000000	      0.00000000	      0.00000000	     80.00000000	     -7.00000000	      0.00000000	     80.00000000	      1.39626340	      0.00000000	      0.00000000	      0.00000000	     -4.84387432	     -1.47519733	     -0.76239732	      5.96610800	      0.25529896	      0.39110584	      0.00000000	      0.00000000	      0.43007533	      0.40809354	      6.61164800	     -3.82448855	     -0.00133341	      1.08102953	      0.00000000	     -2.68905040	      1.52357006
1760625410.93099999	      0.16895431	     -0.05433873	      1.49548830	     -0.00297555	      0.95410635	     -0.00491098	     80.00000000	     -7.00000000	      0.00000000	     80.00000000	      1.39626340	      0.00000000	      0.00000000	      0.00000000	     80.00000000	     -7.00000000	      0.00000000	     80.00000000	      1.39626340	      0.00000000	      0.00000000	      0.00000000	     -4.83465951	     -1.46359426	     -0.75676540	      5.99889295	      0.23898251	      0.41521946	      0.00000000	      0.00000000	      0.43591266	      0.39708114	      6.66210238	     -3.85114419	      0.01101063	      1.06565374	      0.00000000	     -2.69258648	      1.49199862
1760625410.96499991	      0.18009881	     -0.05978928	      1.49646428	     -0.00303575	      0.95422472	     -0.00515221	     80.00000000	     -7.00000000	      0.00000000	     80.00000000	      1.39626340	      0.00000000	      0.00000000	      0.00000000	     80.00000000	     -7.00000000	      0.00000000	     80.00000000	      1.39626340	      0.00000000	      0.00000000	      0.00000000	     -4.96516893	     -1.42315559	     -0.79007902	      6.12613617	      0.19866744	      0.51596689	      0.00000000	      0.00000000	      0.43560560	      0.39071374	      6.79577724	     -3.85504786	      0.00818665	      1.05943227	      0.00000000	     -2.69024687	      1.50745927
1760625410.99799991	      0.17072397	     -0.06436943	      1.50478451	     -0.00289132	      0.95433230	     -0.00524521	     80.00000000	     -7.00000000	      0.00000000	     80.00000000	      1.39626340	      0.00000000	      0.00000000	      0.00000000	     80.00000000	     -7.00000000	      0.00000000	     80.00000000	      1.39626340	      0.00000000	      0.00000000	      0.00000000	     -4.97327249	     -1.41469785	     -0.79174915	      6.13189800	      0.18646054	      0.59561696	      0.00000000	      0.00000000	      0.46938081	      0.40766707	      6.82723705	     -3.88180809	      0.05464388	      1.06984257	      0.00000000	     -2.68776445	      1.50225271
1760625411.03099990	      0.13242464	     -0.07253195	      1.50607264	     -0.00327551	      0.95428615	     -0.00519935	     80.00000000	     -7.00000000	      0.00000000	     80.00000000	      1.39626340	      0.00000000	      0.00000000	      0.00000000	     80.00000000	     -7.00000000	      0.00000000	     80.00000000	      1.39626340	      0.00000000	      0.00000000	      0.00000000	     -4.95706640	     -1.40442842	     -0.78987597	      6.17253303	      0.17030838	      0.63379798	      0.00000000	      0.00000000	      0.47336358	      0.41657835	      6.86613812	     -3.92253033	      0.07770331	      1.05961940	      0.00000000	     -2.69429756	      1.50271253
1760625411.06500006	      0.11793943	     -0.07606902	      1.49700385	     -0.00349840	      0.95455595	     -0.00504507	     80.00000000	     -7.00000000	      0.00000000	     80.00000000	      1.39626340	      0.00000000	      0.00000000	      0.00000000	     80.00000000	     -7.00000000	      0.00000000	     80.00000000	      1.39626340	      0.00000000	      0.00000000	      0.00000000	     -4.96505059	     -1.39477204	     -0.77530352	      6.20091231	      0.16333088	      0.68701315	      0.00000000	      0.00000000	      0.47241097	      0.41744425	      6.90097456	     -3.95358222	      0.08875235	      1.06577005	      0.00000000	     -2.67704730	      1.51949714
1760625411.09800005	      0.14838255	     -0.08389107	      1.50385006	     -0.00349223	      0.95478246	     -0.00514343	     80.00000000	     -7.00000000	      0.00000000	     80.00000000	      1.39626340	      0.00000000	      0.00000000	      0.00000000	     80.00000000	     -7.00000000	      0.00000000	     80.00000000	      1.39626340	      0.00000000	      0.00000000	      0.00000000	     -4.99328934	     -1.39726598	     -0.74258034	      6.19477414	      0.17226577	      0.74595420	      0.00000000	      0.00000000	      0.48388622	      0.41794404	      6.93611691	     -3.99737810	      0.09783606	      1.04455398	      0.00000000	     -2.68212991	      1.53740461
1760625411.13199997	      0.12024478	     -0.08706971	      1.51542699	     -0.00342754	      0.95480311	     -0.00530229	     80.00000000	     -7.00000000	      0.00000000	     80.00000000	      1.39626340	      0.00000000	      0.00000000	      0.00000000	     80.00000000	     -7.00000000	      0.00000000	     80.00000000	      1.39626340	      0.00000000	      0.00000000	      0.00000000	     -4.98249982	     -1.40229092	     -0.74515334	      6.24246132	      0.16480482	      0.73593583	      0.00000000	      0.00000000	      0.49989220	      0.41939445	      6.98782206	     -4.03256968	      0.08407039	      1.03575927	      0.00000000	     -2.69130591	      1.52773579
1760625411.16499996	      0.14507683	     -0.08345614	      1.52759463	     -0.00434222	      0.95501861	     -0.00567210	     80.00000000	     -7.00000000	      0.00000000	     80.00000000	      1.39626340	      0.00000000	      0.00000000	      0.00000000	     80.00000000	     -7.00000000	      0.00000000	     80.00000000	      1.39626340	      0.00000000	      0.00000000	      0.00000000	     -4.99943916	     -1.39919007	     -0.74833183	      6.27233591	      0.15879927	      0.69428749	      0.00000000	      0.00000000	      0.46366492	      0.41695017	      6.98268607	     -4.03563727	      0.08567246	      1.03010145	      0.00000000	     -2.68756075	      1.51747098
1760625411.19899988	      0.12911075	     -0.08674944	      1.52639064	     -0.00475466	      0.95501780	     -0.00585792	     80.00000000	     -7.00000000	      0.00000000	     80.00000000	      1.39626340	      0.00000000	      0.00000000	      0.00000000	     80.00000000	     -7.00000000	      0.00000000	     80.00000000	      1.39626340	      0.00000000	      0.00000000	      0.00000000	     -4.98884242	     -1.39387715	     -0.74109660	      6.30603836	      0.15028028	      0.63978963	      0.00000000	      0.00000000	      0.49930470	      0.41344252	      6.99746033	     -4.03389399	      0.04547146	      1.03323647	      0.00000000	     -2.69187641	      1.53580094
1760625411.23200011	      0.13815003	     -0.08770008	      1.53971022	     -0.00531037	      0.95519712	     -0.00589655	     80.00000000	     -7.00000000	      0.00000000	     80.00000000	      1.39626340	      0.00000000	      0.00000000	      0.00000000	     80.00000000	     -7.00000000	      0.00000000	     80.00000000	      1.39626340	      0.00000000	      0.00000000	      0.00000000	     -5.05600555	     -1.37625554	     -0.72110857	      6.37397517	      0.13921362	      0.62912906	      0.00000000	      0.00000000	      0.49268039	      0.40931032	      7.05224868	     -4.00385067	      0.07217479	      1.03565134	      0.00000000	     -2.71267685	      1.53146572
1760625411.26600003	      0.14585416	     -0.08689673	      1.54074123	     -0.00530349	      0.95517533	     -0.00590339	     80.00000000	     -7.00000000	      0.00000000	     80.00000000	      1.39626340	      0.00000000	      0.00000000	      0.00000000	     80.00000000	     -7.00000000	      0.00000000	     80.00000000	      1.39626340	      0.00000000	      0.00000000	      0.00000000	     -5.07271348	     -1.37846229	     -0.70819021	      6.37892013	      0.15515635	      0.62688678	      0.00000000	      0.00000000	      0.49605004	      0.41379858	      7.04643325	     -3.98932848	      0.05607466	      1.03906719	      0.00000000	     -2.71318584	      1.54810296
1760625411.29900002	      0.16974133	     -0.08005649	      1.52869059	     -0.00498874	      0.95497675	     -0.00622283	     80.00000000	     -7.00000000	      0.00000000	     80.00000000	      1.39626340	      0.00000000	      0.00000000	      0.00000000	     80.00000000	     -7.00000000	      0.00000000	     80.00000000	      1.39626340	      0.00000000	      0.00000000	      0.00000000	     -5.13204930	     -1.38773862	     -0.67997235	      6.36710299	      0.18261927	      0.62356186	      0.00000000	      0.00000000	      0.51349091	      0.39978444	      7.01455395	     -3.96722720	      0.02379585	      1.04696504	      0.00000000	     -2.70998083	      1.54606492
1760625411.33299994	      0.17539137	     -0.08244432	      1.52578497	     -0.00419744	      0.95455216	     -0.00645109	     80.00000000	     -7.00000000	      0.00000000	     80.00000000	      1.39626340	      0.00000000	      0.00000000	      0.00000000	     80.00000000	     -7.00000000	      0.00000000	     80.00000000	      1.39626340	      0.00000000	      0.00000000	      0.00000000	     -5.15619228	     -1.39967909	     -0.65110957	      6.33615487	      0.21087073	      0.62369071	      0.00000000	      0.00000000	      0.52219381	      0.40130458	      6.98088133	     -3.95674161	     -0.01166953	      1.04013045	      0.00000000	     -2.71412899	      1.54668203
1760625411.36599994	      0.17355228	     -0.07455245	      1.52576342	     -0.00382289	      0.95430742	     -0.00626071	     80.00000000	     -7.00000000	      0.00000000	     80.00000000	      1.39626340	      0.00000000	      0.00000000	      0.00000000	     80.00000000	     -7.00000000	      0.00000000	     80.00000000	      1.39626340	      0.00000000	      0.00000000	      0.00000000	     -5.11028573	     -1.46535780	     -0.64918260	      6.26736696	      0.26926073	      0.57566496	      0.00000000	      0.00000000	      0.52041717	      0.39900100	      6.86554023	     -3.99155407	     -0.05906151	      1.07244399	      0.00000000	     -2.70427462	      1.54765477
1760625411.39899993	      0.17197253	     -0.07138962	      1.53037347	     -0.00378128	      0.95400858	     -0.00623959	     80.00000000	     -7.00000000	      0.00000000	     80.00000000	      1.39626340	      0.00000000	      0.00000000	      0.00000000	     80.00000000	     -7.00000000	      0.00000000	     80.00000000	      1.39626340	      0.00000000	      0.00000000	      0.00000000	     -5.13998499	     -1.48976256	     -0.62045176	      6.25656672	      0.27810803	      0.56222240	      0.00000000	      0.00000000	      0.50655828	      0.42681538	      6.81422247	     -3.97626784	     -0.11076855	      1.10758400	      0.00000000	     -2.67745161	      1.57715602
1760625411.43300009	      0.14665683	     -0.07179622	      1.53236110	     -0.00319577	      0.95354242	     -0.00645899	     80.00000000	     -7.00000000	      0.00000000	     80.00000000	      1.39626340	      0.00000000	      0.00000000	      0.00000000	     80.00000000	     -7.00000000	      0.00000000	     80.00000000	      1.39626340	      0.00000000	      0.00000000	      0.00000000	     -5.05380850	     -1.53201877	     -0.62115761	      6.17250861	      0.31912171	      0.61050433	      0.00000000	      0.00000000	      0.52098127	      0.40463789	      6.70722207	     -3.97216633	     -0.17797000	      1.10879304	      0.00000000	     -2.67159628	      1.58320030
1760625411.46600008	      0.13716418	     -0.06639219	      1.53845523	     -0.00286865	      0.95331589	     -0.00695508	     80.00000000	     -7.00000000	      0.00000000	     80.00000000	      1.39626340	      0.00000000	      0.00000000	      0.00000000	     80.00000000	     -7.00000000	      0.00000000	     80.00000000	      1.39626340	      0.00000000	      0.00000000	      0.00000000	     -5.05086199	     -1.56014535	     -0.61385801	      6.16582493	      0.32187198	      0.59163886	      0.00000000	      0.00000000	      0.54768550	      0.41408821	      6.68889226	     -3.92898839	     -0.22099555	      1.11353605	      0.00000000	     -2.65745790	      1.58637507
1760625411.50000000	      0.14161239	     -0.05999083	      1.53804369	     -0.00255113	      0.95345629	     -0.00690511	     80.00000000	     -7.00000000	      0.00000000	     80.00000000	      1.39626340	      0.00000000	      0.00000000	      0.00000000	     80.00000000	     -7.00000000	      0.00000000	     80.00000000	      1.39626340	      0.00000000	      0.00000000	      0.00000000	     -5.03098582	     -1.58440316	     -0.58034813	      6.15855262	      0.33272373	      0.61311517	      0.00000000	      0.00000000	      0.53441101	      0.40091429	      6.66536149	     -3.87713216	     -0.27033130	      1.12840829	      0.00000000	     -2.64611337	      1.60898445
1760625411.53299999	      0.13224493	     -0.05399216	      1.55446419	     -0.00243761	      0.95366919	     -0.00654488	     80.00000000	     -7.00000000	      0.00000000	     80.00000000	      1.39626340	      0.00000000	      0.00000000	      0.00000000	     80.00000000	     -7.00000000	      0.00000000	     80.00000000	      1.39626340	      0.00000000	      0.00000000	      0.00000000	     -4.99383189	     -1.59217384	     -0.58584164	      6.15210088	      0.33343632	      0.63935700	      0.00000000	      0.00000000	      0.54345688	      0.39637208	      6.64945359	     -3.82209883	     -0.27847172	      1.14175653	      0.00000000	     -2.64129159	      1.59265978
1760625411.56699991	      0.12141067	     -0.05297379	      1.54767869	     -0.00265515	      0.95381317	     -0.00604436	     80.00000000	     -7.00000000	      0.00000000	     80.00000000	      1.39626340	      0.00000000	      0.00000000	      0.00000000	     80.00000000	     -7.00000000	      0.00000000	     80.00000000	      1.39626340	      0.00000000	      0.00000000	      0.00000000	     -4.95756401	     -1.59914136	     -0.58005054	      6.16736558	      0.33878809	      0.67666922	      0.00000000	      0.00000000	      0.55526742	      0.39242229	      6.64569260	     -3.79032624	     -0.26046491	      1.15288367	      0.00000000	     -2.63181669	      1.60628162
1760625411.59999990	      0.13114938	     -0.04319182	      1.55887265	     -0.00277946	      0.95387222	     -0.00527181	     80.00000000	     -7.00000000	      0.00000000	     80.00000000	      1.39626340	      0.00000000	      0.00000000	      0.00000000	     80.00000000	     -7.00000000	      0.00000000	     80.00000000	      1.39626340	      0.00000000	      0.00000000	      0.00000000	     -4.90208222	     -1.61054278	     -0.58518745	      6.15368672	      0.34342165	      0.73499135	      0.00000000	      0.00000000	      0.57496479	      0.38947805	      6.62679981	     -3.74148331	     -0.22310414	      1.15952871	      0.00000000	     -2.61344590	      1.59451300
1760625411.63299990	      0.15240511	     -0.04481016	      1.56703424	     -0.00281862	      0.95391052	     -0.00505113	     80.00000000	     -7.00000000	      0.00000000	     80.00000000	      1.39626340	      0.00000000	      0.00000000	      0.00000000	     80.00000000	     -7.00000000	      0.00000000	     80.00000000	      1.39626340	      0.00000000	      0.00000000	      0.00000000	     -4.88075162	     -1.61427866	     -0.56838914	      6.15327570	      0.35612486	      0.77775073	      0.00000000	      0.00000000	      0.57770986	      0.39424590	      6.62990973	     -3.71805993	     -0.19987537	      1.16762608	      0.00000000	     -2.60584357	      1.59532502
1760625411.66700006	      0.16055141	     -0.04298195	      1.54649616	     -0.00183084	      0.95407865	     -0.00473380	     80.00000000	     -7.00000000	      0.00000000	     80.00000000	      1.39626340	      0.00000000	      0.00000000	      0.00000000	     80.00000000	     -7.00000000	      0.00000000	     80.00000000	      1.39626340	      0.00000000	      0.00000000	      0.00000000	     -4.71219832	     -1.60569518	     -0.53328826	      6.02865350	      0.35348339	      0.80735969	      0.00000000	      0.00000000	      0.57152187	      0.38883121	      6.51343729	     -3.68640155	     -0.17194330	      1.13952992	      0.00000000	     -2.57671986	      1.56795175
1760625411.70000005	      0.18891328	     -0.04158144	      1.54644577	     -0.00171889	      0.95412148	     -0.00447025	     80.00000000	     -7.00000000	      0.00000000	     80.00000000	      1.39626340	      0.00000000	      0.00000000	      0.00000000	     80.00000000	     -7.00000000	      0.00000000	     80.00000000	      1.39626340	      0.00000000	      0.00000000	      0.00000000	     -4.66728778	     -1.60523845	     -0.54049257	      6.04741799	      0.35402647	      0.83255490	      0.00000000	      0.00000000	      0.57466299	      0.38492751	      6.52929706	     -3.68724851	     -0.13788348	      1.14434376	      0.00000000	     -2.57236547	      1.56277823
1760625411.73399997	      0.16750988	     -0.04040215	      1.54560532	     -0.00157879	      0.95405178	     -0.00408322	     80.00000000	     -7.00000000	      0.00000000	     80.00000000	      1.39626340	      0.00000000	      0.00000000	      0.00000000	     80.00000000	     -7.00000000	      0.00000000	     80.00000000	      1.39626340	      0.00000000	      0.00000000	      0.00000000	     -4.48074031	     -1.65778379	     -0.48604481	      5.95920329	      0.39489564	      0.75193422	      0.00000000	      0.00000000	      0.57953805	      0.38191810	      6.45780691	     -3.72542905	     -0.10841048	      1.11022882	      0.00000000	     -2.55023254	      1.52451901
1760625411.76699996	      0.16338241	     -0.05269834	      1.54093928	     -0.00314272	      0.95318616	     -0.00469174	     80.00000000	     -7.00000000	      0.00000000	     80.00000000	      1.39626340	      0.00000000	      0.00000000	      0.00000000	     80.00000000	     -7.00000000	      0.00000000	     80.00000000	      1.39626340	      0.00000000	      0.00000000	      0.00000000	     -4.43189673	     -1.65098155	     -0.46662290	      5.98140630	      0.37699160	      0.74487854	      0.00000000	      0.00000000	      0.58645814	      0.39057980	      6.48506397	     -3.71933997	     -0.11686535	      1.11710493	      0.00000000	     -2.55302112	      1.49541918
1760625411.80100012	      0.22925615	     -0.06833890	      1.54384644	     -0.00470473	      0.95221363	     -0.00573571	     80.00000000	     -7.00000000	      0.00000000	     80.00000000	      1.39626340	      0.00000000	      0.00000000	      0.00000000	     80.00000000	     -7.00000000	      0.00000000	     80.00000000	      1.39626340	      0.00000000	      0.00000000	      0.00000000	     -4.41742149	     -1.58594536	     -0.41442698	      5.96556226	      0.28908491	      0.72236737	      0.00000000	      0.00000000	      0.56031303	      0.37847572	      6.47386892	     -3.65094694	     -0.08335273	      1.14701351	      0.00000000	     -2.55798336	      1.45618682
1760625411.83400011	      0.24982085	     -0.07644876	      1.55933849	     -0.00633686	      0.95124101	     -0.00655652	     80.00000000	     -7.00000000	      0.00000000	     80.00000000	      1.39626340	      0.00000000	      0.00000000	      0.00000000	     80.00000000	     -7.00000000	      0.00000000	     80.00000000	      1.39626340	      0.00000000	      0.00000000	      0.00000000	     -4.39284197	     -1.57144724	     -0.40521691	      5.95036501	      0.25993598	      0.71281293	      0.00000000	      0.00000000	      0.56500743	      0.36177885	      6.47778355	     -3.62371960	     -0.09002328	      1.14139235	      0.00000000	     -2.57200690	      1.43949187
1760625411.86800003	      0.27648246	     -0.08925280	      1.56575584	     -0.00671478	      0.95085573	     -0.00683008	     80.00000000	     -7.00000000	      0.00000000	     80.00000000	      1.39626340	      0.00000000	      0.00000000	      0.00000000	     80.00000000	     -7.00000000	      0.00000000	     80.00000000	      1.39626340	      0.00000000	      0.00000000	      0.00000000	     -4.44676367	     -1.52487735	     -0.38597618	      5.99739020	      0.19901217	      0.69917097	      0.00000000	      0.00000000	      0.56337943	      0.35503587	      6.50823163	     -3.56354620	     -0.11392719	      1.18896311	      0.00000000	     -2.61129350	      1.42013255
1760625411.90100002	      0.26275711	     -0.09661030	      1.57107683	     -0.00714434	      0.95046079	     -0.00698981	     80.00000000	     -7.00000000	      0.00000000	     80.00000000	      1.39626340	      0.00000000	      0.00000000	      0.00000000	     80.00000000	     -7.00000000	      0.00000000	     80.00000000	      1.39626340	      0.00000000	      0.00000000	      0.00000000	     -4.34157236	     -1.53269281	     -0.34694014	      5.91372062	      0.18368316	      0.56319587	      0.00000000	      0.00000000	      0.56178705	      0.35993622	      6.36328969	     -3.54615977	     -0.16402310	      1.20749163	      0.00000000	     -2.59938177	      1.41409479
1760625411.93499994	      0.29460295	     -0.09791568	      1.59048217	     -0.00740371	      0.95076577	     -0.00716328	     80.00000000	     -7.00000000	      0.00000000	     80.00000000	      1.39626340	      0.00000000	      0.00000000	      0.00000000	     80.00000000	     -7.00000000	      0.00000000	     80.00000000	      1.39626340	      0.00000000	      0.00000000	      0.00000000	     -4.35736472	     -1.54048186	     -0.37111666	      5.90090652	      0.18863911	      0.50299954	      0.00000000	      0.00000000	      0.53862848	      0.34883367	      6.30580684	     -3.52622125	     -0.20107540	      1.19916436	      0.00000000	     -2.60135115	      1.41869300
1760625411.96799994	      0.29456481	     -0.09785095	      1.59700742	     -0.00737395	      0.95114437	     -0.00718957	     80.00000000	     -7.00000000	      0.00000000	     80.00000000	      1.39626340	      0.00000000	      0.00000000	      0.00000000	     80.00000000	     -7.00000000	      0.00000000	     80.00000000	      1.39626340	      0.00000000	      0.00000000	      0.00000000	     -4.33227716	     -1.56238569	     -0.38481085	      5.87684032	      0.20635087	      0.47321110	      0.00000000	      0.00000000	      0.53258002	      0.34959745	      6.27423312	     -3.51568178	     -0.22559262	      1.16849324	      0.00000000	     -2.62926193	      1.40025385
1760625412.00099993	      0.29110521	     -0.09429760	      1.59457939	     -0.00718211	      0.95137402	     -0.00634716	     80.00000000	     -7.00000000	      0.00000000	     80.00000000	      1.39626340	      0.00000000	      0.00000000	      0.00000000	     80.00000000	     -7.00000000	      0.00000000	     80.00000000	      1.39626340	      0.00000000	      0.00000000	      0.00000000	     -4.26567630	     -1.65580362	     -0.41535161	      5.80965115	      0.28333125	      0.40426357	      0.00000000	      0.00000000	      0.54306768	      0.35830872	      6.19905772	     -3.61436955	     -0.26909221	      1.17420398	      0.00000000	     -2.63380780	      1.44169142
1760625412.03500009	      0.30894077	     -0.08908518	      1.60447336	     -0.00823783	      0.95112950	     -0.00566887	     80.00000000	     -7.00000000	      0.00000000	     80.00000000	      1.39626340	      0.00000000	      0.00000000	      0.00000000	     80.00000000	     -7.00000000	      0.00000000	     80.00000000	      1.39626340	      0.00000000	      0.00000000	      0.00000000	     -4.25529847	     -1.72972648	     -0.41952798	      5.78678921	      0.35424447	      0.37374045	      0.00000000	      0.00000000	      0.50349971	      0.34624918	      6.18407761	     -3.67928313	     -0.28026681	      1.17220405	      0.00000000	     -2.61619060	      1.45230878
1760625412.06800008	      0.31556109	     -0.09230274	      1.59947352	     -0.00911718	      0.95072900	     -0.00610598	     80.00000000	     -7.00000000	      0.00000000	     80.00000000	      1.39626340	      0.00000000	      0.00000000	      0.00000000	     80.00000000	     -7.00000000	      0.00000000	     80.00000000	      1.39626340	      0.00000000	      0.00000000	      0.00000000	     -4.24556440	     -1.74445045	     -0.40265260	      5.76364387	      0.35882221	      0.37588343	      0.00000000	      0.00000000	      0.48583452	      0.36491566	      6.21555530	     -3.67688409	     -0.29648522	      1.15509532	      0.00000000	     -2.63513761	      1.42809411
1760625412.10200000	      0.30212282	     -0.09150075	      1.59396820	     -0.00988153	      0.95055941	     -0.00668009	     80.00000000	     -7.00000000	      0.00000000	     80.00000000	      1.39626340	      0.00000000	      0.00000000	      0.00000000	     80.00000000	     -7.00000000	      0.00000000	     80.00000000	      1.39626340	      0.00000000	      0.00000000	      0.00000000	     -4.07032058	     -1.78102042	     -0.37767137	      5.62477102	      0.36049018	      0.28689135	      0.00000000	      0.00000000	      0.47569338	      0.36015015	      6.11055493	     -3.66795061	     -0.31043518	      1.08782279	      0.00000000	     -2.55904704	      1.41544489
1760625412.13499999	      0.30243724	     -0.08739949	      1.59467547	     -0.00980543	      0.95054540	     -0.00700335	     80.00000000	     -7.00000000	      0.00000000	     80.00000000	      1.39626340	      0.00000000	      0.00000000	      0.00000000	     80.00000000	     -7.00000000	      0.00000000	     80.00000000	      1.39626340	      0.00000000	      0.00000000	      0.00000000	     -4.03675384	     -1.80398324	     -0.38651160	      5.62651692	      0.33976639	      0.23546550	      0.00000000	      0.00000000	      0.44650645	      0.37733068	      6.13074232	     -3.66876008	     -0.35113532	      1.10382819	      0.00000000	     -2.58277817	      1.40565778
1760625412.16899991	      0.29868930	     -0.09233168	      1.59233877	     -0.00999805	      0.95058274	     -0.00685358	     80.00000000	     -7.00000000	      0.00000000	     80.00000000	      1.39626340	      0.00000000	      0.00000000	      0.00000000	     80.00000000	     -7.00000000	      0.00000000	     80.00000000	      1.39626340	      0.00000000	      0.00000000	      0.00000000	     -3.99245687	     -1.83256155	     -0.39526951	      5.63426688	      0.32257181	      0.21809899	      0.00000000	      0.00000000	      0.45846676	      0.36945983	      6.15881812	     -3.67069093	     -0.35977770	      1.09759283	      0.00000000	     -2.59093871	      1.38173450
1760625412.20199990	      0.29333513	     -0.09531585	      1.58981026	     -0.01014369	      0.95041551	     -0.00725778	     80.00000000	     -7.00000000	      0.00000000	     80.00000000	      1.39626340	      0.00000000	      0.00000000	      0.00000000	     80.00000000	     -7.00000000	      0.00000000	     80.00000000	      1.39626340	      0.00000000	      0.00000000	      0.00000000	     -3.95777824	     -1.86135963	     -0.40300728	      5.63646280	      0.30032683	      0.21502579	      0.00000000	      0.00000000	      0.47780061	      0.35811692	      6.16337728	     -3.66764129	     -0.35207668	      1.10212198	      0.00000000	     -2.57208507	      1.36498047
1760625412.23600006	      0.31412200	     -0.09523975	      1.59496550	     -0.01016766	      0.95032556	     -0.00704118	     80.00000000	     -7.00000000	      0.00000000	     80.00000000	      1.39626340	      0.00000000	      0.00000000	      0.00000000	     80.00000000	     -7.00000000	      0.00000000	     80.00000000	      1.39626340	      0.00000000	      0.00000000	      0.00000000	     -3.89782415	     -1.91313183	     -0.40928173	      5.59010720	      0.31939649	      0.20538271	      0.00000000	      0.00000000	      0.50359532	      0.34223432	      6.11250240	     -3.69318934	     -0.33394378	      1.10064445	      0.00000000	     -2.53455879	      1.36481415
1760625412.26900005	      0.32254641	     -0.10795627	      1.58967403	     -0.00974392	      0.95029191	     -0.00670121	     80.00000000	     -7.00000000	      0.00000000	     80.00000000	      1.39626340	      0.00000000	      0.00000000	      0.00000000	     80.00000000	     -7.00000000	      0.00000000	     80.00000000	      1.39626340	      0.00000000	      0.00000000	      0.00000000	     -3.85919086	     -1.93666796	     -0.40793642	      5.58618404	      0.32188633	      0.26433108	      0.00000000	      0.00000000	      0.50339311	      0.34061229	      6.12474033	     -3.69368672	     -0.29046688	      1.09642394	      0.00000000	     -2.54429246	      1.35337491
1760625412.30200005	      0.33381002	     -0.11663155	      1.59105124	     -0.00987972	      0.95027365	     -0.00717744	     80.00000000	     -7.00000000	      0.00000000	     80.00000000	      1.39626340	      0.00000000	      0.00000000	      0.00000000	     80.00000000	     -7.00000000	      0.00000000	     80.00000000	      1.39626340	      0.00000000	      0.00000000	      0.00000000	     -3.84194729	     -1.94686033	     -0.40679601	      5.58856653	      0.32846593	      0.29323225	      0.00000000	      0.00000000	      0.50305096	      0.34414151	      6.13245576	     -3.68105405	     -0.26962297	      1.10795870	      0.00000000	     -2.53885695	      1.35392196
1760625412.33599997	      0.34238708	     -0.11936841	      1.59465897	     -0.01042774	      0.95014192	     -0.00793051	     80.00000000	     -7.00000000	      0.00000000	     80.00000000	      1.39626340	      0.00000000	      0.00000000	      0.00000000	     80.00000000	     -7.00000000	      0.00000000	     80.00000000	      1.39626340	      0.00000000	      0.00000000	      0.00000000	     -3.82550692	     -1.94690138	     -0.41899461	      5.59815029	      0.31804480	      0.32946406	      0.00000000	      0.00000000	      0.51780173	      0.34294861	      6.11369322	     -3.66082815	     -0.24128764	      1.13433137	      0.00000000	     -2.51962240	      1.35782268
1760625412.36899996	      0.36633840	     -0.13309513	      1.60019202	     -0.01072121	      0.95011537	     -0.00840848	     80.00000000	     -7.00000000	      0.00000000	     80.00000000	      1.39626340	      0.00000000	      0.00000000	      0.00000000	     80.00000000	     -7.00000000	      0.00000000	     80.00000000	      1.39626340	      0.00000000	      0.00000000	      0.00000000	     -3.83005693	     -1.93108199	     -0.39313280	      5.59233962	      0.32822743	      0.39743220	      0.00000000	      0.00000000	      0.54179837	      0.34740522	      6.09787923	     -3.63917620	     -0.21474551	      1.15043642	      0.00000000	     -2.52857124	      1.34700521
1760625412.40300012	      0.38871167	     -0.13587472	      1.61734534	     -0.01047114	      0.95011708	     -0.00900134	     80.00000000	     -7.00000000	      0.00000000	     80.00000000	      1.39626340	      0.00000000	      0.00000000	      0.00000000	     80.00000000	     -7.00000000	      0.00000000	     80.00000000	      1.39626340	      0.00000000	      0.00000000	      0.00000000	     -3.83812130	     -1.91400103	     -0.40646210	      5.59282078	      0.33302757	      0.43396128	      0.00000000	      0.00000000	      0.53714576	      0.33944590	      6.06892898	     -3.60903634	     -0.16022450	      1.13432851	      0.00000000	     -2.53855799	      1.33701638
1760625412.43600011	      0.39362748	     -0.14324309	      1.62930183	     -0.00971964	      0.95009215	     -0.00944451	     80.00000000	     -7.00000000	      0.00000000	     80.00000000	      1.39626340	      0.00000000	      0.00000000	      0.00000000	     80.00000000	     -7.00000000	      0.00000000	     80.00000000	      1.39626340	      0.00000000	      0.00000000	      0.00000000	     -3.85226761	     -1.89372225	     -0.41431696	      5.60518398	      0.33997388	      0.42262634	      0.00000000	      0.00000000	      0.54612195	      0.35009244	      6.03620496	     -3.58918246	     -0.14329412	      1.15703495	      0.00000000	     -2.51607479	      1.33830988
1760625412.47000003	      0.38937052	     -0.14915625	      1.63490414	     -0.00887864	      0.95000559	     -0.00955707	     80.00000000	     -7.00000000	      0.00000000	     80.00000000	      1.39626340	      0.00000000	      0.00000000	      0.00000000	     80.00000000	     -7.00000000	      0.00000000	     80.00000000	      1.39626340	      0.00000000	      0.00000000	      0.00000000	     -3.79323306	     -1.86463186	     -0.33957749	      5.52936193	      0.33430925	      0.38134489	      0.00000000	      0.00000000	      0.53080538	      0.36288717	      5.95734323	     -3.56400516	     -0.12381811	      1.14458804	      0.00000000	     -2.50940510	      1.35206134
1760625412.50300002	      0.40262799	     -0.15198220	      1.64000137	     -0.00841840	      0.95010965	     -0.00938382	     80.00000000	     -7.00000000	      0.00000000	     80.00000000	      1.39626340	      0.00000000	      0.00000000	      0.00000000	     80.00000000	     -7.00000000	      0.00000000	     80.00000000	      1.39626340	      0.00000000	      0.00000000	      0.00000000	     -3.81660380	     -1.85824230	     -0.31592247	      5.52319431	      0.34658702	      0.36102413	      0.00000000	      0.00000000	      0.51385928	      0.37149848	      5.96003641	     -3.55208758	     -0.14018187	      1.14196975	      0.00000000	     -2.52109270	      1.32270620
1760625412.53699994	      0.41538222	     -0.15150802	      1.64704209	     -0.00848706	      0.95020346	     -0.00926614	     80.00000000	     -7.00000000	      0.00000000	     80.00000000	      1.39626340	      0.00000000	      0.00000000	      0.00000000	     80.00000000	     -7.00000000	      0.00000000	     80.00000000	      1.39626340	      0.00000000	      0.00000000	      0.00000000	     -3.89403699	     -1.84102387	     -0.25731487	      5.56886739	      0.33823825	      0.31019123	      0.00000000	      0.00000000	      0.51476089	      0.37065018	      6.00132404	     -3.55129276	     -0.08785859	      1.17675280	      0.00000000	     -2.55108080	      1.32293129
1760625412.56999993	      0.42888429	     -0.15635062	      1.66167950	     -0.00792233	      0.95059708	     -0.00869985	     80.00000000	     -7.00000000	      0.00000000	     80.00000000	      1.39626340	      0.00000000	      0.00000000	      0.00000000	     80.00000000	     -7.00000000	      0.00000000	     80.00000000	      1.39626340	      0.00000000	      0.00000000	      0.00000000	     -3.91079333	     -1.84199683	     -0.23485313	      5.53438029	      0.33055202	      0.29604955	      0.00000000	      0.00000000	      0.49165614	      0.37428936	      5.99415083	     -3.57623268	     -0.10770519	      1.15823496	      0.00000000	     -2.54818840	      1.34590967
1760625412.60400009	      0.42798876	     -0.15654964	      1.65883363	     -0.00785138	      0.95090644	     -0.00845109	     80.00000000	     -7.00000000	      0.00000000	     80.00000000	      1.39626340	      0.00000000	      0.00000000	      0.00000000	     80.00000000	     -7.00000000	      0.00000000	     80.00000000	      1.39626340	      0.00000000	      0.00000000	      0.00000000	     -3.89961673	     -1.85475033	     -0.21364716	      5.50578268	      0.32871312	      0.27485394	      0.00000000	      0.00000000	      0.49193241	      0.37053224	      5.98183099	     -3.59077678	     -0.11621782	      1.13064531	      0.00000000	     -2.56062509	      1.33137466
1760625412.63700008	      0.40001725	     -0.15488346	      1.66542330	     -0.00788527	      0.95081147	     -0.00862831	     80.00000000	     -7.00000000	      0.00000000	     80.00000000	      1.39626340	      0.00000000	      0.00000000	      0.00000000	     80.00000000	     -7.00000000	      0.00000000	     80.00000000	      1.39626340	      0.00000000	      0.00000000	      0.00000000	     -3.87421137	     -1.85847594	     -0.20502116	      5.50550339	      0.32122252	      0.26658423	      0.00000000	      0.00000000	      0.49099476	      0.36389850	      5.97952915	     -3.59518234	     -0.11107379	      1.12915808	      0.00000000	     -2.55754535	      1.33750529
1760625412.67100000	      0.38706095	     -0.15516893	      1.67722551	     -0.00748117	      0.95066208	     -0.00899092	     80.00000000	     -7.00000000	      0.00000000	     80.00000000	      1.39626340	      0.00000000	      0.00000000	      0.00000000	     80.00000000	     -7.00000000	      0.00000000	     80.00000000	      1.39626340	      0.00000000	      0.00000000	      0.00000000	     -3.87908774	     -1.86578886	     -0.18777137	      5.54201132	      0.29672521	      0.20693136	      0.00000000	      0.00000000	      0.49306870	      0.36769275	      5.99570353	     -3.59677544	     -0.10039563	      1.15162083	      0.00000000	     -2.54284490	      1.34400504
1760625412.70400000	      0.40651166	     -0.15686584	      1.67097179	     -0.00774428	      0.95081845	     -0.00898832	     80.00000000	     -7.00000000	      0.00000000	     80.00000000	      1.39626340	      0.00000000	      0.00000000	      0.00000000	     80.00000000	     -7.00000000	      0.00000000	     80.00000000	      1.39626340	      0.00000000	      0.00000000	      0.00000000	     -3.89660618	     -1.86921019	     -0.17780168	      5.53327131	      0.29405246	      0.21554997	      0.00000000	      0.00000000	      0.48143543	      0.37160813	      6.00882785	     -3.58491638	     -0.08523245	      1.14598183	      0.00000000	     -2.55442231	      1.33758396
1760625412.73699999	      0.40259161	     -0.15519573	      1.67473971	     -0.00754322	      0.95050930	     -0.00895653	     80.00000000	     -7.00000000	      0.00000000	     80.00000000	      1.39626340	      0.00000000	      0.00000000	      0.00000000	     80.00000000	     -7.00000000	      0.00000000	     80.00000000	      1.39626340	      0.00000000	      0.00000000	      0.00000000	     -3.90390114	     -1.87207429	     -0.17123291	      5.52840298	      0.29413336	      0.28239781	      0.00000000	      0.00000000	      0.48620435	      0.37586207	      6.01273795	     -3.58068487	     -0.02486828	      1.15013435	      0.00000000	     -2.55167327	      1.33865793
1760625412.77099991	      0.40275032	     -0.14624459	      1.66435583	     -0.00731532	      0.95062379	     -0.00899375	     80.00000000	     -7.00000000	      0.00000000	     80.00000000	      1.39626340	      0.00000000	      0.00000000	      0.00000000	     80.00000000	     -7.00000000	      0.00000000	     80.00000000	      1.39626340	      0.00000000	      0.00000000	      0.00000000	     -3.90016789	     -1.87375683	     -0.16279752	      5.53198327	      0.28820084	      0.31524157	      0.00000000	      0.00000000	      0.52178405	      0.37030516	      6.01278609	     -3.56498992	      0.00718049	      1.15841227	      0.00000000	     -2.52414021	      1.34780761
1760625412.80399990	      0.40436053	     -0.14958120	      1.67384702	     -0.00620948	      0.95067709	     -0.00911949	     80.00000000	     -7.00000000	      0.00000000	     80.00000000	      1.39626340	      0.00000000	      0.00000000	      0.00000000	     80.00000000	     -7.00000000	      0.00000000	     80.00000000	      1.39626340	      0.00000000	      0.00000000	      0.00000000	     -3.89086939	     -1.84921486	     -0.15430505	      5.52935922	      0.26311190	      0.30274872	      0.00000000	      0.00000000	      0.52193724	      0.39698950	      6.01159968	     -3.54341568	      0.06267772	      1.12539291	      0.00000000	     -2.49863325	      1.36904673
1760625412.83800006	      0.40293021	     -0.14463352	      1.67782199	     -0.00609085	      0.95079915	     -0.00909504	     80.00000000	     -7.00000000	      0.00000000	     80.00000000	      1.39626340	      0.00000000	      0.00000000	      0.00000000	     80.00000000	     -7.00000000	      0.00000000	     80.00000000	      1.39626340	      0.00000000	      0.00000000	      0.00000000	     -3.89116313	     -1.84304219	     -0.13470877	      5.52709624	      0.27593018	      0.36904068	      0.00000000	      0.00000000	      0.52144521	      0.39808716	      6.01493860	     -3.52629330	      0.11135741	      1.13524725	      0.00000000	     -2.48711729	      1.36612897
1760625412.87100005	      0.40406625	     -0.14612987	      1.64647777	     -0.00596507	      0.95084987	     -0.00894417	     80.00000000	     -7.00000000	      0.00000000	     80.00000000	      1.39626340	      0.00000000	      0.00000000	      0.00000000	     80.00000000	     -7.00000000	      0.00000000	     80.00000000	      1.39626340	      0.00000000	      0.00000000	      0.00000000	     -3.89882682	     -1.82479711	     -0.10120392	      5.53194821	      0.27323616	      0.40144091	      0.00000000	      0.00000000	      0.53154654	      0.40113624	      6.02401256	     -3.51684636	      0.13169312	      1.11052931	      0.00000000	     -2.49776837	      1.36858596
1760625412.90499997	      0.40206355	     -0.14488930	      1.64852540	     -0.00558420	      0.95103387	     -0.00836297	     80.00000000	     -7.00000000	      0.00000000	     80.00000000	      1.39626340	      0.00000000	      0.00000000	      0.00000000	     80.00000000	     -7.00000000	      0.00000000	     80.00000000	      1.39626340	      0.00000000	      0.00000000	      0.00000000	     -3.90999265	     -1.80555416	     -0.08675694	      5.54063801	      0.28100400	      0.42443628	      0.00000000	      0.00000000	      0.47546335	      0.40089180	      6.03519323	     -3.50733192	      0.15958692	      1.10303076	      0.00000000	     -2.50579528	      1.37029659
1760625412.93799996	      0.39308418	     -0.14427325	      1.65474512	     -0.00483509	      0.95105592	     -0.00815478	     80.00000000	     -7.00000000	      0.00000000	     80.00000000	      1.39626340	      0.00000000	      0.00000000	      0.00000000	     80.00000000	     -7.00000000	      0.00000000	     80.00000000	      1.39626340	      0.00000000	      0.00000000	      0.00000000	     -3.92400080	     -1.79591541	     -0.06896918	      5.53056878	      0.29054231	      0.46624363	      0.00000000	      0.00000000	      0.47828566	      0.39514280	      6.03864564	     -3.50446386	      0.18715544	      1.09209603	      0.00000000	     -2.51596824	      1.37376512
1760625412.97199988	      0.39812724	     -0.15061279	      1.64934200	     -0.00523531	      0.95117810	     -0.00757872	     80.00000000	     -7.00000000	      0.00000000	     80.00000000	      1.39626340	      0.00000000	      0.00000000	      0.00000000	     80.00000000	     -7.00000000	      0.00000000	     80.00000000	      1.39626340	      0.00000000	      0.00000000	      0.00000000	     -3.94195630	     -1.78183599	     -0.06050980	      5.52221297	      0.31352442	      0.47087516	      0.00000000	      0.00000000	      0.49733582	      0.38804824	      6.04213889	     -3.51316731	      0.18516977	      1.07246450	      0.00000000	     -2.53915641	      1.37447586
1760625413.00500011	      0.39869836	     -0.15427326	      1.66163788	     -0.00563229	      0.95115249	     -0.00743056	     80.00000000	     -7.00000000	      0.00000000	     80.00000000	      1.39626340	      0.00000000	      0.00000000	      0.00000000	     80.00000000	     -7.00000000	      0.00000000	     80.00000000	      1.39626340	      0.00000000	      0.00000000	      0.00000000	     -3.95388367	     -1.76999106	     -0.07731712	      5.52060527	      0.32561154	      0.43835507	      0.00000000	      0.00000000	      0.46835827	      0.39167302	      6.04549224	     -3.52682715	      0.17522723	      1.06359876	      0.00000000	     -2.55640754	      1.37483795
1760625413.03800011	      0.39660262	     -0.14922992	      1.66358107	     -0.00586342	      0.95118981	     -0.00733486	     80.00000000	     -7.00000000	      0.00000000	     80.00000000	      1.39626340	      0.00000000	      0.00000000	      0.00000000	     80.00000000	     -7.00000000	      0.00000000	     80.00000000	      1.39626340	      0.00000000	      0.00000000	      0.00000000	     -3.96168356	     -1.75962009	     -0.08045894	      5.51670334	      0.32608847	      0.42051471	      0.00000000	      0.00000000	      0.46783817	      0.38698177	      6.04167587	     -3.53996647	      0.16279820	      1.05992597	      0.00000000	     -2.56116164	      1.37614458
1760625413.07200003	      0.40666781	     -0.15905448	      1.67771500	     -0.00633416	      0.95105113	     -0.00762133	     80.00000000	     -7.00000000	      0.00000000	     80.00000000	      1.39626340	      0.00000000	      0.00000000	      0.00000000	     80.00000000	     -7.00000000	      0.00000000	     80.00000000	      1.39626340	      0.00000000	      0.00000000	      0.00000000	     -3.98436730	     -1.73785827	     -0.08101526	      5.49841990	      0.32978116	      0.39907986	      0.00000000	      0.00000000	      0.50801382	      0.37650248	      6.04216063	     -3.56136557	      0.14869355	      1.05518650	      0.00000000	     -2.57451382	      1.37735465
1760625413.10500002	      0.40810079	     -0.15628398	      1.68265564	     -0.00614464	      0.95085790	     -0.00799435	     80.00000000	     -7.00000000	      0.00000000	     80.00000000	      1.39626340	      0.00000000	      0.00000000	      0.00000000	     80.00000000	     -7.00000000	      0.00000000	     80.00000000	      1.39626340	      0.00000000	      0.00000000	      0.00000000	     -3.99734091	     -1.72316235	     -0.08895317	      5.48919414	      0.31208218	      0.39476870	      0.00000000	      0.00000000	      0.51420163	      0.38830037	      6.03592539	     -3.57254136	      0.14422898	      1.05077653	      0.00000000	     -2.57558112	      1.37061756
1760625413.13899994	      0.41658988	     -0.15228646	      1.70137335	     -0.00590926	      0.95086834	     -0.00810631	     80.00000000	     -7.00000000	      0.00000000	     80.00000000	      1.39626340	      0.00000000	      0.00000000	      0.00000000	     80.00000000	     -7.00000000	      0.00000000	     80.00000000	      1.39626340	      0.00000000	      0.00000000	      0.00000000	     -4.01711906	     -1.69554170	     -0.13481890	      5.49308500	      0.27450814	      0.38397315	      0.00000000	      0.00000000	      0.50779364	      0.38265042	      6.03416072	     -3.57956789	      0.15538929	      1.03855929	      0.00000000	     -2.57495008	      1.38014116
1760625413.17199993	      0.40715231	     -0.14969371	      1.69888373	     -0.00621394	      0.95090339	     -0.00771294	     80.00000000	     -7.00000000	      0.00000000	     80.00000000	      1.39626340	      0.00000000	      0.00000000	      0.00000000	     80.00000000	     -7.00000000	      0.00000000	     80.00000000	      1.39626340	      0.00000000	      0.00000000	      0.00000000	     -4.01598935	     -1.68720580	     -0.13732150	      5.49022128	      0.25706338	      0.38179522	      0.00000000	      0.00000000	      0.52540970	      0.38157280	      6.04465797	     -3.59943333	      0.14228449	      1.03072465	      0.00000000	     -2.57535601	      1.37528619
1760625413.20600009	      0.40218423	     -0.14904540	      1.69362826	     -0.00627965	      0.95112413	     -0.00743654	     80.00000000	     -7.00000000	      0.00000000	     80.00000000	      1.39626340	      0.00000000	      0.00000000	      0.00000000	     80.00000000	     -7.00000000	      0.00000000	     80.00000000	      1.39626340	      0.00000000	      0.00000000	      0.00000000	     -4.09978870	     -1.69854197	     -0.22634555	      5.57634180	      0.26819804	      0.42497806	      0.00000000	      0.00000000	      0.54020367	      0.38319239	      6.15782156	     -3.65016468	      0.02650464	      1.03397437	      0.00000000	     -2.60072018	      1.40847400
1760625413.23900008	      0.39370243	     -0.14632391	      1.69759986	     -0.00621203	      0.95128092	     -0.00724513	     80.00000000	     -7.00000000	      0.00000000	     80.00000000	      1.39626340	      0.00000000	      0.00000000	      0.00000000	     80.00000000	     -7.00000000	      0.00000000	     80.00000000	      1.39626340	      0.00000000	      0.00000000	      0.00000000	     -4.10740908	     -1.69534612	     -0.25994922	      5.58876458	      0.24791011	      0.38260841	      0.00000000	      0.00000000	      0.52662164	      0.39162235	      6.17648345	     -3.66964536	      0.00511504	      1.03965214	      0.00000000	     -2.60034714	      1.39433312
1760625413.27300000	      0.38849550	     -0.14382135	      1.69519467	     -0.00657989	      0.95128423	     -0.00719450	     80.00000000	     -7.00000000	      0.00000000	     80.00000000	      1.39626340	      0.00000000	      0.00000000	      0.00000000	     80.00000000	     -7.00000000	      0.00000000	     80.00000000	      1.39626340	      0.00000000	      0.00000000	      0.00000000	     -4.10572722	     -1.69298993	     -0.25821163	      5.58635322	      0.23215308	      0.38301944	      0.00000000	      0.00000000	      0.52970969	      0.38290238	      6.19657251	     -3.68813485	     -0.00610601	      1.05012692	      0.00000000	     -2.59273787	      1.39116596
1760625413.30599999	      0.37947162	     -0.14464077	      1.69402984	     -0.00688497	      0.95132622	     -0.00715549	     80.00000000	     -7.00000000	      0.00000000	     80.00000000	      1.39626340	      0.00000000	      0.00000000	      0.00000000	     80.00000000	     -7.00000000	      0.00000000	     80.00000000	      1.39626340	      0.00000000	      0.00000000	      0.00000000	     -4.11964775	     -1.69207421	     -0.27646614	      5.60071616	      0.21559539	      0.36251679	      0.00000000	      0.00000000	      0.56698427	      0.37420061	      6.22629415	     -3.69703374	     -0.04420633	      1.04863282	      0.00000000	     -2.60285218	      1.38081162
1760625413.33999991	      0.36537842	     -0.14116252	      1.69354507	     -0.00647875	      0.95115500	     -0.00766871	     80.00000000	     -7.00000000	      0.00000000	     80.00000000	      1.39626340	      0.00000000	      0.00000000	      0.00000000	     80.00000000	     -7.00000000	      0.00000000	     80.00000000	      1.39626340	      0.00000000	      0.00000000	      0.00000000	     -4.11199315	     -1.69195203	     -0.29338360	      5.61953216	      0.18247985	      0.31186040	      0.00000000	      0.00000000	      0.52654417	      0.39231906	      6.22757540	     -3.70658766	     -0.08023957	      1.03938577	      0.00000000	     -2.59535093	      1.38063654
1760625413.37299991	      0.32563343	     -0.14198058	      1.69776162	     -0.00623613	      0.95105355	     -0.00788358	     80.00000000	     -7.00000000	      0.00000000	     80.00000000	      1.39626340	      0.00000000	      0.00000000	      0.00000000	     80.00000000	     -7.00000000	      0.00000000	     80.00000000	      1.39626340	      0.00000000	      0.00000000	      0.00000000	     -4.11127400	     -1.66675194	     -0.31028100	      5.64310924	      0.12708296	      0.29551673	      0.00000000	      0.00000000	      0.56092767	      0.39661385	      6.27123641	     -3.69641482	     -0.12117871	      1.03495564	      0.00000000	     -2.59235079	      1.38450905
1760625413.40599990	      0.31753360	     -0.14215028	      1.69931442	     -0.00598191	      0.95120100	     -0.00837298	     80.00000000	     -7.00000000	      0.00000000	     80.00000000	      1.39626340	      0.00000000	      0.00000000	      0.00000000	     80.00000000	     -7.00000000	      0.00000000	     80.00000000	      1.39626340	      0.00000000	      0.00000000	      0.00000000	     -4.11429187	     -1.66571580	     -0.30517569	      5.63984362	      0.12035929	      0.30195989	      0.00000000	      0.00000000	      0.56096993	      0.39457037	      6.27229961	     -3.70462751	     -0.12003506	      1.03160053	      0.00000000	     -2.59205684	      1.38170108
1760625413.44000006	      0.29921424	     -0.12296306	      1.67340081	     -0.00597564	      0.95100664	     -0.00860528	     80.00000000	     -7.00000000	      0.00000000	     80.00000000	      1.39626340	      0.00000000	      0.00000000	      0.00000000	     80.00000000	     -7.00000000	      0.00000000	     80.00000000	      1.39626340	      0.00000000	      0.00000000	      0.00000000	     -4.11567492	     -1.63710957	     -0.28826140	      5.62728459	      0.04817185	      0.31586601	      0.00000000	      0.00000000	      0.55484545	      0.41790728	      6.29184176	     -3.69844423	     -0.13234448	      1.00241057	      0.00000000	     -2.57508626	      1.38751229
1760625413.50699997	      0.28462851	     -0.12495477	      1.68376500	     -0.00603207	      0.95105996	     -0.00854585	     80.00000000	     -7.00000000	      0.00000000	     80.00000000	      1.39626340	      0.00000000	      0.00000000	      0.00000000	     80.00000000	     -7.00000000	      0.00000000	     80.00000000	      1.39626340	      0.00000000	      0.00000000	      0.00000000	     -4.13762271	     -1.54599692	     -0.29790110	      5.60910755	     -0.03456479	      0.40134612	      0.00000000	      0.00000000	      0.55467022	      0.41892094	      6.31819123	     -3.67259562	     -0.13697255	      0.96228239	      0.00000000	     -2.54412529	      1.37847322
1760625413.53999996	      0.26346688	     -0.11765892	      1.67103086	     -0.00578929	      0.95119670	     -0.00826461	     80.00000000	     -7.00000000	      0.00000000	     80.00000000	      1.39626340	      0.00000000	      0.00000000	      0.00000000	     80.00000000	     -7.00000000	      0.00000000	     80.00000000	      1.39626340	      0.00000000	      0.00000000	      0.00000000	     -4.13825102	     -1.53225547	     -0.28990256	      5.62274806	     -0.05601197	      0.40419272	      0.00000000	      0.00000000	      0.51399697	      0.43044196	      6.35807038	     -3.71039808	     -0.16638306	      0.93890776	      0.00000000	     -2.57036190	      1.38964200
1760625413.57399988	      0.25687021	     -0.11130779	      1.66952442	     -0.00458810	      0.95092093	     -0.00809498	     80.00000000	     -7.00000000	      0.00000000	     80.00000000	      1.39626340	      0.00000000	      0.00000000	      0.00000000	     80.00000000	     -7.00000000	      0.00000000	     80.00000000	      1.39626340	      0.00000000	      0.00000000	      0.00000000	     -4.15205797	     -1.52312778	     -0.28543759	      5.64240833	     -0.06412891	      0.40564030	      0.00000000	      0.00000000	      0.44936215	      0.42743571	      6.36326333	     -3.72936839	     -0.18943729	      0.91404487	      0.00000000	     -2.57807744	      1.39101184
1760625413.60700011	      0.23873689	     -0.11117679	      1.66602714	     -0.00381241	      0.95065236	     -0.00808558	     80.00000000	     -7.00000000	      0.00000000	     80.00000000	      1.39626340	      0.00000000	      0.00000000	      0.00000000	     80.00000000	     -7.00000000	      0.00000000	     80.00000000	      1.39626340	      0.00000000	      0.00000000	      0.00000000	     -4.14886346	     -1.51680067	     -0.26235923	      5.65612257	     -0.07365798	      0.42875983	      0.00000000	      0.00000000	      0.39713456	      0.43101563	      6.35636679	     -3.76118514	     -0.19574374	      0.89543223	      0.00000000	     -2.55530914	      1.41082464
1760625413.64100003	      0.23922314	     -0.10764578	      1.67288727	     -0.00368924	      0.95049820	     -0.00746150	     80.00000000	     -7.00000000	      0.00000000	     80.00000000	      1.39626340	      0.00000000	      0.00000000	      0.00000000	     80.00000000	     -7.00000000	      0.00000000	     80.00000000	      1.39626340	      0.00000000	      0.00000000	      0.00000000	     -4.17535258	     -1.54493637	     -0.25586501	      5.68766204	     -0.06104967	      0.44887767	      0.00000000	      0.00000000	      0.41995872	      0.44042783	      6.38282051	     -3.84480332	     -0.23806386	      0.85579450	      0.00000000	     -2.54025050	      1.46032923
1760625413.67400002	      0.23764287	     -0.11380405	      1.67383289	     -0.00527317	      0.95020336	     -0.00749978	     80.00000000	     -7.00000000	      0.00000000	     80.00000000	      1.39626340	      0.00000000	      0.00000000	      0.00000000	     80.00000000	     -7.00000000	      0.00000000	     80.00000000	      1.39626340	      0.00000000	      0.00000000	      0.00000000	     -4.17904867	     -1.54998851	     -0.23101029	      5.70492899	     -0.07324686	      0.47054064	      0.00000000	      0.00000000	      0.38152355	      0.44881604	      6.37382371	     -3.88348320	     -0.24620018	      0.83797765	      0.00000000	     -2.54994669	      1.46798789
1760625413.70799994	      0.23649814	     -0.11357868	      1.67860709	     -0.00693070	      0.94997793	     -0.00764022	     80.00000000	     -7.00000000	      0.00000000	     80.00000000	      1.39626340	      0.00000000	      0.00000000	      0.00000000	     80.00000000	     -7.00000000	      0.00000000	     80.00000000	      1.39626340	      0.00000000	      0.00000000	      0.00000000	     -4.22408621	     -1.58589433	     -0.22853206	      5.76839332	     -0.06670143	      0.53895065	      0.00000000	      0.00000000	      0.33965796	      0.44696046	      6.42312840	     -3.92440343	     -0.27788376	      0.88518575	      0.00000000	     -2.56827251	      1.44703740
1760625413.74099994	      0.24275021	     -0.11547371	      1.68710776	     -0.00722144	      0.95021273	     -0.00801443	     80.00000000	     -7.00000000	      0.00000000	     80.00000000	      1.39626340	      0.00000000	      0.00000000	      0.00000000	     80.00000000	     -7.00000000	      0.00000000	     80.00000000	      1.39626340	      0.00000000	      0.00000000	      0.00000000	     -4.20833756	     -1.61131631	     -0.20764534	      5.78336328	     -0.11598614	      0.57236401	      0.00000000	      0.00000000	      0.40326795	      0.42015427	      6.42794676	     -3.92321593	     -0.31467894	      1.00849046	      0.00000000	     -2.55292835	      1.31911948
1760625413.77399993	      0.23399817	     -0.11722966	      1.69036558	     -0.00663951	      0.95037898	     -0.00847131	     80.00000000	     -7.00000000	      0.00000000	     80.00000000	      1.39626340	      0.00000000	      0.00000000	      0.00000000	     80.00000000	     -7.00000000	      0.00000000	     80.00000000	      1.39626340	      0.00000000	      0.00000000	      0.00000000	     -4.13065085	     -1.62671487	     -0.17469840	      5.75345574	     -0.17846542	      0.66960844	      0.00000000	      0.00000000	      0.44631975	      0.41787362	      6.35131993	     -3.93346382	     -0.36833276	      1.30545256	      0.00000000	     -2.56023015	      1.15840598
1760625413.84100008	      0.24621334	     -0.11760449	      1.70138425	     -0.00597994	      0.95047652	     -0.00902603	     80.00000000	     -7.00000000	      0.00000000	     80.00000000	      1.39626340	      0.00000000	      0.00000000	      0.00000000	     80.00000000	     -7.00000000	      0.00000000	     80.00000000	      1.39626340	      0.00000000	      0.00000000	      0.00000000	     -3.92707734	     -1.68314478	     -0.09660962	      5.67956038	     -0.40575763	      1.10235347	      0.00000000	      0.00000000	      0.62195723	      0.37482693	      6.20267730	     -4.02574799	     -0.38506840	      2.16262233	      0.00000000	     -2.53512105	      0.73547822
1760625413.87500000	      0.23928246	     -0.11584975	      1.71934265	     -0.00589748	      0.95064779	     -0.00935780	     80.00000000	     -7.00000000	      0.00000000	     80.00000000	      1.39626340	      0.00000000	      0.00000000	      0.00000000	     80.00000000	     -7.00000000	      0.00000000	     80.00000000	      1.39626340	      0.00000000	      0.00000000	      0.00000000	     -3.88872404	     -1.73532475	     -0.03981640	      5.70262451	     -0.50759878	      1.48869297	      0.00000000	      0.00000000	      0.60036670	      0.33698264	      6.25503190	     -4.03599661	     -0.09492019	      2.60166192	      0.00000000	     -2.56642883	      0.36366454
1760625413.90799999	      0.20843468	     -0.12082069	      1.72412077	     -0.00583617	      0.95042706	     -0.00980427	     80.00000000	     -7.00000000	      0.00000000	     80.00000000	      1.39626340	      0.00000000	      0.00000000	      0.00000000	     80.00000000	     -7.00000000	      0.00000000	     80.00000000	      1.39626340	      0.00000000	      0.00000000	      0.00000000	     -3.71989840	     -1.77574225	      0.08913806	      5.63872625	     -0.65429944	      1.91567259	      0.00000000	      0.00000000	      0.58708579	      0.28185563	      6.23045388	     -4.04181079	      0.38280639	      3.12856951	      0.00000000	     -2.53294018	      0.02903408
1760625413.94199991	      0.25065323	     -0.12307851	      1.73802283	     -0.00601452	      0.95021301	     -0.00985854	     80.00000000	     -7.00000000	      0.00000000	     80.00000000	      1.39626340	      0.00000000	      0.00000000	      0.00000000	     80.00000000	     -7.00000000	      0.00000000	     80.00000000	      1.39626340	      0.00000000	      0.00000000	      0.00000000	     -3.59140208	     -1.87680400	      0.18937943	      5.70109310	     -0.88734190	      2.35705958	      0.00000000	      0.00000000	      0.78650034	      0.00880326	      6.20370937	     -4.16321496	      0.99599438	      4.14211062	      0.00000000	     -2.45457811	     -0.54043220
1760625413.97499990	      0.26397422	     -0.12362013	      1.74307997	     -0.00544925	      0.95000377	     -0.00944809	     80.00000000	     -7.00000000	      0.00000000	     80.00000000	      1.39626340	      0.00000000	      0.00000000	      0.00000000	     80.00000000	     -7.00000000	      0.00000000	     80.00000000	      1.39626340	      0.00000000	      0.00000000	      0.00000000	     -3.34583998	     -1.98261305	      0.30920686	      5.65162253	     -1.16239770	      2.39892879	      0.00000000	      0.63562476	      0.93690443	     -0.26761113	      6.02826518	     -4.42246944	      1.45677593	      5.17853048	      0.00000000	     -2.37378750	     -0.97316433
1760625414.00900006	      0.22295024	     -0.13490627	      1.72703392	     -0.00579019	      0.94941830	     -0.00967212	     80.00000000	     -7.00000000	      0.00000000	     80.00000000	      1.39626340	      0.00000000	      0.00000000	      0.00000000	     80.00000000	     -7.00000000	      0.00000000	     80.00000000	      1.39626340	      0.00000000	      0.00000000	      0.00000000	     -3.05109129	     -2.09863123	      0.47475420	      5.41403782	     -1.83879454	      1.96967144	      0.69879710	      2.98535495	      0.60339335	     -0.89678282	      5.83233391	     -4.94144487	      2.04743559	      6.79110595	      0.46540701	     -2.38599845	     -1.50511582
1760625414.04200006	      0.22488482	     -0.14744954	      1.71998161	     -0.00755023	      0.94912237	     -0.01014536	     80.00000000	     -7.00000000	      0.00000000	     80.00000000	      1.39626340	      0.00000000	      0.00000000	      0.00000000	     80.00000000	     -7.00000000	      0.00000000	     80.00000000	      1.39626340	      0.00000000	      0.00000000	      0.00000000	     -2.99222123	     -2.12008782	      0.62229998	      5.29971541	     -2.58011466	      1.38663378	      1.55619209	      5.23096306	      0.35388225	     -1.53115211	      5.86961576	     -5.30887790	      2.17335291	      7.71109719	      2.88714988	     -2.65074372	     -2.15285664
1760625414.07500005	      0.23557435	     -0.16205329	      1.71648297	     -0.00934266	      0.94891825	     -0.01114460	     80.00000000	     -7.00000000	      0.00000000	     80.00000000	      1.39626340	      0.00000000	      0.00000000	      0.00000000	     80.00000000	     -7.00000000	      0.00000000	     80.00000000	      1.39626340	      0.00000000	      0.00000000	      0.00000000	     -2.86106944	     -2.13156239	      0.71298179	      5.09894824	     -3.43450547	      0.82717943	      2.49703599	      7.83891019	      0.05770806	     -2.18897594	      5.84949985	     -5.76058263	      2.24964159	      8.69823895	      5.58795867	     -2.92406404	     -2.81934836
1760625414.14199996	      0.20586359	     -0.18720580	      1.67242477	     -0.01097047	      0.94820643	     -0.01315437	     80.00000000	     -7.00000000	      0.00000000	     80.00000000	      1.39626340	      0.00000000	      0.00000000	      0.00000000	     80.00000000	     -7.00000000	      0.00000000	     80.00000000	      1.39626340	      0.00000000	      0.00000000	      0.00000000	     -2.25882742	     -2.16091548	      1.01519319	      4.43044638	     -5.71094411	     -0.51098066	      5.09741038	     14.86991572	     -2.11032369	     -3.98713404	      5.41203526	     -6.91173515	      2.15061421	     11.72557269	     11.70527772	     -3.73197694	     -4.22045007
1760625414.17600012	      0.22572058	     -0.18573415	      1.63486410	     -0.01235833	      0.94802300	     -0.01357289	     80.00000000	     -7.00000000	      0.00000000	     80.00000000	      1.39626340	      0.00000000	      0.00000000	      0.00000000	     80.00000000	     -7.00000000	      0.00000000	     80.00000000	      1.39626340	      0.00000000	      0.00000000	      0.00000000	     -1.99400504	     -2.14111624	      1.20086589	      4.08935639	     -6.81675255	     -1.18611265	      6.49771194	     18.11846070	     -3.45169671	     -4.86548336	      5.23315199	     -7.52141746	      1.74128368	     12.82701470	     16.41097001	     -4.39644904	     -5.02434089
1760625414.20900011	      0.21468880	     -0.19453644	      1.61340252	     -0.01379308	      0.94830442	     -0.01476879	     80.00000000	     -7.00000000	      0.00000000	     80.00000000	      1.39626340	      0.00000000	      0.00000000	      0.00000000	     80.00000000	     -7.00000000	      0.00000000	     80.00000000	      1.39626340	      0.00000000	      0.00000000	      0.00000000	     -1.63538733	     -2.03468930	      1.46621666	      3.65882274	     -8.34792693	     -2.16439359	      8.54208516	     22.91492913	     -5.51561900	     -6.13789566	      5.03357049	     -8.30534138	      1.29302677	     14.45810297	     23.62462352	     -5.34343754	     -6.27134302
1760625414.24300003	      0.20851324	     -0.20105285	      1.59662089	     -0.01481782	      0.94903089	     -0.01548695	     80.00000000	     -7.00000000	      0.00000000	     80.00000000	      1.39626340	      0.00000000	      0.00000000	      0.00000000	     80.00000000	     -7.00000000	      0.00000000	     80.00000000	      1.39626340	      0.00000000	      0.00000000	      0.00000000	     -1.56096350	     -2.10665585	      1.55398507	      3.61731679	     -9.32181326	     -2.71583884	     10.06205798	     26.72467788	     -7.19936081	     -7.20754710	      5.07433035	     -9.04106654	      0.89933305	     16.07220933	     28.70062090	     -6.19351257	     -7.07304429
1760625414.27600002	      0.20606247	     -0.19672682	      1.58570822	     -0.01689458	      0.94927628	     -0.01559744	     80.00000000	     -7.00000000	      0.00000000	     80.00000000	      1.39626340	      0.00000000	      0.00000000	      0.00000000	     80.00000000	     -7.00000000	      0.00000000	     80.00000000	      1.39626340	      0.00000000	      0.00000000	      0.00000000	     -1.33431785	     -2.11833935	      1.75331189	      3.40256682	    -10.36455568	     -3.38308984	     11.65636090	     30.85295896	     -9.20211527	     -8.22575719	      4.95609315	     -9.66954012	      0.58295416	     17.94788733	     33.13549034	     -6.89096419	     -7.65176521
1760625414.30999994	      0.23626304	     -0.18927024	      1.57646389	     -0.02059310	      0.94972575	     -0.01549200	     80.00000000	     -7.00000000	      0.00000000	     80.00000000	      1.39626340	      0.00000000	      0.00000000	      0.00000000	     80.00000000	     -7.00000000	      0.00000000	     80.00000000	      1.39626340	      0.00000000	      0.00000000	      0.00000000	     -0.89596000	     -2.11544409	      2.06905979	      2.88926786	    -11.77203657	     -4.27917884	     13.74079138	     37.22160308	    -12.21137664	     -9.46354294	      4.57608833	    -10.33133982	      0.13035008	     20.80519557	     38.45112152	     -7.81615540	     -8.29376763
1760625414.37700009	      0.24995542	     -0.19457559	      1.60255241	     -0.02366280	      0.95242099	     -0.01424454	     80.00000000	     -7.00000000	      0.00000000	     80.00000000	      1.39626340	      0.00000000	      0.00000000	      0.00000000	     80.00000000	     -7.00000000	      0.00000000	     80.00000000	      1.39626340	      0.00000000	      0.00000000	      0.00000000	     -1.14630757	     -2.27145663	      2.14731342	      3.28925395	    -13.73516068	     -5.32798534	     16.87909928	     48.47370928	    -17.40703601	    -11.09117162	      4.93136786	    -11.26544431	     -0.70323425	     26.17306826	     45.97997654	    -10.05570397	     -9.22231604
1760625414.41000009	      0.30751667	     -0.20562819	      1.65421935	     -0.02739405	      0.95389273	     -0.01481371	     80.00000000	     -7.00000000	      0.00000000	     80.00000000	      1.39626340	      0.00000000	      0.00000000	      0.00000000	     80.00000000	     -7.00000000	      0.00000000	     80.00000000	      1.39626340	      0.00000000	      0.00000000	      0.00000000	     -1.35583156	     -2.55762383	      2.22717478	      3.49797146	    -14.95378139	     -6.20535468	     19.04522839	     57.39670158	    -21.49705266	    -11.34157801	      4.97621756	    -12.02346293	     -1.30052267	     30.18275269	     51.43900810	    -11.68776716	     -9.61990247
1760625414.44300008	      0.34033179	     -0.21773976	      1.68133891	     -0.02825278	      0.95726855	     -0.01516693	     80.00000000	     -7.00000000	      0.00000000	     80.00000000	      1.39626340	      0.00000000	      0.00000000	      0.00000000	     80.00000000	     -7.00000000	      0.00000000	     80.00000000	      1.39626340	      0.00000000	      0.00000000	      0.00000000	     -1.59666118	     -2.69711740	      2.41049558	      3.73126476	    -15.99550485	     -7.03651469	     20.93971486	     64.14145592	    -24.36476637	    -11.13327703	      5.04710141	    -12.41782146	     -1.60667393	     33.56557720	     55.61017656	    -12.97829274	     -9.74073237
1760625414.47700000	      0.36077121	     -0.23028060	      1.69793657	     -0.03205755	      0.95915489	     -0.01541816	     80.00000000	     -7.00000000	      0.00000000	     80.00000000	      1.39626340	      0.00000000	      0.00000000	      0.00000000	     80.00000000	     -7.00000000	      0.00000000	     80.00000000	      1.39626340	      0.00000000	      0.00000000	      0.00000000	     -1.55646336	     -2.81645851	      2.63405917	      3.68082539	    -17.00274496	     -7.87647971	     23.03240162	     70.68210963	    -26.86832979	    -10.53999569	      4.81290117	    -12.76503413	     -1.80640598	     36.95354596	     59.62845030	    -14.15425483	     -9.85319855
1760625414.50999999	      0.37912056	     -0.23939041	      1.71092180	     -0.03532666	      0.96043630	     -0.01594650	     80.00000000	     -7.00000000	      0.00000000	     80.00000000	      1.39626340	      0.00000000	      0.00000000	      0.00000000	     80.00000000	     -7.00000000	      0.00000000	     80.00000000	      1.39626340	      0.00000000	      0.00000000	      0.00000000	     -1.62124640	     -2.96696473	      2.82517723	      3.79799039	    -18.28472044	     -9.00900283	     26.20447802	     79.31748046	    -29.83652950	     -8.94084006	      4.70737972	    -13.17135400	     -1.93501354	     41.45536793	     64.67830890	    -15.66764637	     -9.68606403
1760625414.54399991	      0.34526253	     -0.24527084	      1.70616349	     -0.03594267	      0.96215346	     -0.01642730	     80.00000000	     -7.00000000	      0.00000000	     80.00000000	      1.39626340	      0.00000000	      0.00000000	      0.00000000	     80.00000000	     -7.00000000	      0.00000000	     80.00000000	      1.39626340	      0.00000000	      0.00000000	      0.00000000	     -1.58112455	     -3.18649755	      2.85253071	      3.92758893	    -19.02470764	     -9.72633534	     28.90493703	     85.24232270	    -31.71369194	     -7.45105907	      4.61633487	    -13.56775293	     -2.00473527	     44.85480215	     67.97886245	    -16.54698451	     -9.33490436
1760625414.57699990	      0.35927988	     -0.26256227	      1.73329223	     -0.03466381	      0.96313881	     -0.01674170	     80.00000000	     -7.00000000	      0.00000000	     80.00000000	      1.39626340	      0.00000000	      0.00000000	      0.00000000	     80.00000000	     -7.00000000	      0.00000000	     80.00000000	      1.39626340	      0.00000000	      0.00000000	      0.00000000	     -1.83496753	     -3.34471863	      2.61462599	      4.46746129	    -19.67063378	    -10.10392046	     31.70102284	     90.95628065	    -33.05317492	     -5.56594094	      4.82102409	    -13.97379624	     -2.22201125	     48.07092595	     71.18824799	    -17.28656232	     -8.82833175
1760625414.61100006	      0.33031532	     -0.25771848	      1.72518103	     -0.02970746	      0.96463227	     -0.01655965	     80.00000000	     -7.00000000	      0.00000000	     80.00000000	      1.39626340	      0.00000000	      0.00000000	      0.00000000	     80.00000000	     -7.00000000	      0.00000000	     80.00000000	      1.39626340	      0.00000000	      0.00000000	      0.00000000	     -2.34428136	     -3.37385999	      1.95902541	      5.60617627	    -20.56746736	     -9.67798975	     35.28957014	     97.78241388	    -34.52601527	     -2.92504182	      5.39804422	    -14.30616641	     -2.66733462	     52.27494926	     75.61510784	    -18.30468685	     -7.80932745
1760625414.64400005	      0.31227590	     -0.25432221	      1.71642879	     -0.02625304	      0.96918788	     -0.01438184	     80.00000000	     -7.00000000	      0.00000000	     80.00000000	      1.39626340	      0.00000000	      0.00000000	      0.00000000	     80.00000000	     -7.00000000	      0.00000000	     80.00000000	      1.39626340	      0.00000000	      0.00000000	      0.00000000	     -2.52729303	     -2.75498278	      0.96587364	      6.55870035	    -21.59501970	     -8.42852639	     37.80116227	    102.50839870	    -35.59787716	     -0.85828890	      5.54384846	    -13.83005344	     -3.49639493	     55.78122053	     79.02871608	    -19.18161186	     -6.59973277
1760625414.67700005	      0.31907176	     -0.25655556	      1.71310750	     -0.02387137	      0.96685870	     -0.01410403	     80.00000000	     -7.00000000	      0.00000000	     80.00000000	      1.39626340	      0.00000000	      0.00000000	      0.00000000	     80.00000000	     -7.00000000	      0.00000000	     80.00000000	      1.39626340	      0.00000000	      0.00000000	      0.00000000	     -2.19727870	     -3.05480433	      0.93930730	      6.54126355	    -21.61653726	     -8.73632284	     40.68264841	    107.86621501	    -35.97339627	      1.87267402	      5.19251694	    -14.55240289	     -3.33435017	     58.42180003	     82.67233481	    -19.77295523	     -5.94820094
1760625414.71099997	      0.32948964	     -0.26578211	      1.71561552	     -0.02459104	      0.96810658	     -0.01425296	     80.00000000	     -7.00000000	      0.00000000	     80.00000000	      1.39626340	      0.00000000	      0.00000000	      0.00000000	     80.00000000	     -7.00000000	      0.00000000	     80.00000000	      1.39626340	      0.00000000	      0.00000000	      0.00000000	     -1.90990595	     -2.94308475	      1.12124764	      6.19272685	    -21.55078650	    -10.57414517	     46.13616633	    116.67586992	    -34.88868812	      7.07802304	      5.06216759	    -14.97347897	     -3.02051154	     62.32763005	     89.05719007	    -20.91287017	     -4.04049039
1760625414.74399996	      0.35498378	     -0.26903217	      1.70745574	     -0.02794578	      0.96954167	     -0.01502138	     80.00000000	     -7.00000000	      0.00000000	     80.00000000	      1.39626340	      0.00000000	      0.00000000	      0.00000000	     80.00000000	     -7.00000000	      0.00000000	     80.00000000	      1.39626340	      0.00000000	      0.00000000	      0.00000000	     -1.58085639	     -2.95174075	      1.45171854	      5.36516649	    -20.60359811	    -13.08926083	     52.09851437	    125.05027772	    -32.02228691	     12.84520237	      4.75091784	    -15.35014170	     -2.88130972	     65.56321874	     94.74415702	    -21.52630336	     -2.04458121
1760625414.77800012	      0.36626789	     -0.26959732	      1.72226812	     -0.03293925	      0.97217439	     -0.01455373	     80.00000000	     -7.00000000	      0.00000000	     80.00000000	      1.39626340	      0.00000000	      0.00000000	      0.00000000	     80.00000000	     -7.00000000	      0.00000000	     80.00000000	      1.39626340	      0.00000000	      0.00000000	      0.00000000	     -1.22850133	     -2.49896354	      1.49648747	      4.42705576	    -18.98645827	    -15.59182559	     59.63903128	    134.12479689	    -27.45497692	     19.44205024	      4.31035757	    -15.13440165	     -3.28334163	     69.28928915	    101.40005044	    -21.72349395	      0.58852294
1760625414.81100011	      0.34709122	     -0.28060818	      1.76137880	     -0.03659325	      0.97858098	     -0.01402051	     80.00000000	     -7.00000000	      0.00000000	     80.00000000	      1.39626340	      0.00000000	      0.00000000	      0.00000000	     80.00000000	     -7.00000000	      0.00000000	     80.00000000	      1.39626340	      0.00000000	      0.00000000	      0.00000000	     -0.63538699	     -1.49818198	      0.90750147	      3.35349233	    -16.42793430	    -17.08294202	     69.39075360	    143.63024827	    -21.62831155	     26.40114708	      3.63087637	    -14.32872141	     -4.88633568	     75.09845875	    110.71949178	    -20.76957932	      5.16068471
1760625414.84500003	      0.33885898	     -0.30009190	      1.75010911	     -0.03419759	      0.97968992	     -0.01299428	     80.00000000	     -7.00000000	      0.00000000	     80.00000000	      1.39626340	      0.00000000	      0.00000000	      0.00000000	     80.00000000	     -7.00000000	      0.00000000	     80.00000000	      1.39626340	      0.00000000	      0.00000000	      0.00000000	     -0.45790799	     -1.17632318	      0.72317282	      2.97946585	    -14.29994967	    -17.59585523	     75.26729504	    148.61010802	    -18.18630276	     30.00395980	      3.46134055	    -13.91423360	     -5.64875491	     78.99919459	    116.27684835	    -19.63001866	      8.15904683
1760625414.87800002	      0.34253187	     -0.32190316	      1.72709449	     -0.03384639	      0.97942501	     -0.01207187	     80.00000000	     -7.00000000	      0.00000000	     80.00000000	      1.39626340	      0.00000000	      0.00000000	      0.00000000	     80.00000000	     -7.00000000	      0.00000000	     80.00000000	      1.39626340	      0.00000000	      0.00000000	      0.00000000	     -0.12085988	     -1.04193862	      0.83500844	      2.55102283	    -12.27299059	    -18.03007098	     79.98298524	    152.62356213	    -15.17923398	     32.78365228	      3.15608346	    -13.70017359	     -5.75145923	     82.06455585	    119.92814464	    -18.88064609	     10.07969189
1760625414.91199994	      0.34885867	     -0.35103187	      1.67239785	     -0.03477602	      0.98005776	     -0.01110535	     80.00000000	     -7.00000000	      0.00000000	     80.00000000	      1.39626340	      0.00000000	      0.00000000	      0.00000000	     80.00000000	     -7.00000000	      0.00000000	     80.00000000	      1.39626340	      0.00000000	      0.00000000	      0.00000000	      0.17101260	     -0.98547918	      0.91888809	      2.53517327	    -10.17435567	    -18.05169378	     84.08945234	    156.49866896	    -12.24645494	     35.00000010	      2.89815772	    -13.55926768	     -5.53550903	     85.07736988	    122.16171301	    -18.56044293	     11.14310336
1760625414.94499993	      0.35224026	     -0.36900814	      1.63594505	     -0.03719833	      0.98089142	     -0.01113485	     80.00000000	     -7.00000000	      0.00000000	     80.00000000	      1.39626340	      0.00000000	      0.00000000	      0.00000000	     80.00000000	     -7.00000000	      0.00000000	     80.00000000	      1.39626340	      0.00000000	      0.00000000	      0.00000000	      0.37979307	     -0.94067228	      1.00541279	      2.58438576	     -9.46795717	    -18.03680286	     85.44084016	    157.84375853	    -11.16036619	     35.00000010	      2.67210304	    -13.31684900	     -5.35545575	     86.95740812	    123.65750237	    -18.22213666	     11.91476586
1760625414.97900009	      0.35511717	     -0.39723939	      1.62763182	     -0.03677440	      0.98078891	     -0.01099516	     80.00000000	     -7.00000000	      0.00000000	     80.00000000	      1.39626340	      0.00000000	      0.00000000	      0.00000000	     80.00000000	     -7.00000000	      0.00000000	     80.00000000	      1.39626340	      0.00000000	      0.00000000	      0.00000000	      0.75118202	     -0.82056535	      1.12303645	      2.41441606	     -8.67209671	    -17.75422260	     86.74297479	    159.14863827	     -9.99492486	     35.00000010	      2.25099613	    -12.93249073	     -5.20260158	     88.92093074	    125.33016747	    -17.43723534	     12.87650272
1760625415.01200008	      0.37283980	     -0.42512297	      1.64755519	     -0.03593484	      0.98037645	     -0.01155255	     80.00000000	     -7.00000000	      0.00000000	     80.00000000	      1.39626340	      0.00000000	      0.00000000	      0.00000000	     80.00000000	     -7.00000000	      0.00000000	     80.00000000	      1.39626340	      0.00000000	      0.00000000	      0.00000000	      0.82182280	     -0.83167577	      1.27326025	      2.30379881	     -8.16341204	    -17.53217980	     87.28232576	    159.63885465	     -9.74831116	     35.00000010	      2.11467878	    -12.67780825	     -4.95469534	     89.95411998	    126.26362569	    -16.78196620	     13.51795278
1760625415.04600000	      0.39324556	     -0.43791497	      1.66275961	     -0.03340993	      0.98113908	     -0.01268659	     80.00000000	     -7.00000000	      0.00000000	     80.00000000	      1.39626340	      0.00000000	      0.00000000	      0.00000000	     80.00000000	     -7.00000000	      0.00000000	     80.00000000	      1.39626340	      0.00000000	      0.00000000	      0.00000000	      0.83240207	     -0.89190799	      1.44831570	      2.16597242	     -7.56159481	    -17.35003562	     87.65536061	    160.05689418	     -9.38738741	     35.00000010	      2.01373350	    -12.44580140	     -4.47259241	     90.76060667	    126.90581647	    -16.35204480	     13.98731752
1760625415.07900000	      0.42209048	     -0.44012940	      1.68930199	     -0.02717443	      0.98098566	     -0.01389076	     80.00000000	     -7.00000000	      0.00000000	     80.00000000	      1.39626340	      0.00000000	      0.00000000	      0.00000000	     80.00000000	     -7.00000000	      0.00000000	     80.00000000	      1.39626340	      0.00000000	      0.00000000	      0.00000000	      0.54049110	     -1.00627465	      1.65683656	      2.13901888	     -6.95459286	    -17.10947365	     87.99060789	    160.01921995	     -9.01259186	     35.00000010	      2.15053557	    -12.14420008	     -3.54106052	     91.42282787	    127.57215016	    -16.04278126	     14.47192538
1760625415.11199999	      0.45106071	     -0.43328155	      1.69922127	     -0.02118552	      0.98004195	     -0.01370253	     80.00000000	     -7.00000000	      0.00000000	     80.00000000	      1.39626340	      0.00000000	      0.00000000	      0.00000000	     80.00000000	     -7.00000000	      0.00000000	     80.00000000	      1.39626340	      0.00000000	      0.00000000	      0.00000000	      0.23554067	     -0.91701139	      1.60770757	      2.10230747	     -6.66781404	    -16.85362328	     88.41436119	    160.16307911	     -8.88009528	     35.00000010	      2.26776832	    -11.78468734	     -2.98161127	     91.74890330	    127.70132581	    -15.85061118	     14.78118909
1760625415.14599991	      0.49484119	     -0.41032488	      1.72317644	     -0.01817266	      0.97993498	     -0.01328870	     80.00000000	     -7.00000000	      0.00000000	     80.00000000	      1.39626340	      0.00000000	      0.00000000	      0.00000000	     80.00000000	     -7.00000000	      0.00000000	     80.00000000	      1.39626340	      0.00000000	      0.00000000	      0.00000000	     -0.11413213	     -0.80250131	      1.60735043	      2.03589906	     -6.35157491	    -16.73105533	     89.07464088	    160.59817278	     -8.73511121	     35.00000010	      2.33469131	    -11.37352698	     -2.52429710	     92.22013931	    127.75983534	    -15.48912903	     15.17651265
1760625415.17899990	      0.60525363	     -0.37336138	      1.74431234	     -0.01686784	      0.98018196	     -0.01234070	     80.00000000	     -7.00000000	      0.00000000	     80.00000000	      1.39626340	      0.00000000	      0.00000000	      0.00000000	     80.00000000	     -7.00000000	      0.00000000	     80.00000000	      1.39626340	      0.00000000	      0.00000000	      0.00000000	     -0.58812580	     -0.76002319	      1.60944213	      1.94574303	     -5.85408570	    -16.60513366	     90.03563959	    161.08783234	     -8.61817381	     35.00000010	      2.41469999	    -10.89933951	     -2.20650838	     92.93873901	    127.93461162	    -14.76545712	     15.64846348
1760625415.21300006	      0.65616161	     -0.33210337	      1.73322339	     -0.01658998	      0.97999702	     -0.01081175	     80.00000000	     -7.00000000	      0.00000000	     80.00000000	      1.39626340	      0.00000000	      0.00000000	      0.00000000	     80.00000000	     -7.00000000	      0.00000000	     80.00000000	      1.39626340	      0.00000000	      0.00000000	      0.00000000	     -0.78623303	     -0.76821905	      1.47986523	      1.82541502	     -5.47552734	    -16.38168427	     90.78297897	    161.50441350	     -8.49499713	     35.00000010	      2.48690666	    -10.54450111	     -2.29520512	     93.33686476	    128.03506198	    -14.20499506	     15.83603915
1760625415.24600005	      0.66821918	     -0.29015509	      1.70045245	     -0.01464161	      0.97975908	     -0.00854933	     80.00000000	     -7.00000000	      0.00000000	     80.00000000	      1.39626340	      0.00000000	      0.00000000	      0.00000000	     80.00000000	     -7.00000000	      0.00000000	     80.00000000	      1.39626340	      0.00000000	      0.00000000	      0.00000000	     -0.87342797	     -0.78468756	      1.26024608	      1.70663738	     -5.14900464	    -16.06526742	     91.48162047	    161.84248209	     -8.44719708	     35.00000010	      2.57674999	    -10.23149854	     -2.44935427	     93.54767610	    127.99873183	    -13.88072144	     15.86581927
1760625415.27999997	      0.69774332	     -0.24000239	      1.68847124	     -0.01220629	      0.97946394	     -0.00706328	     80.00000000	     -7.00000000	      0.00000000	     80.00000000	      1.39626340	      0.00000000	      0.00000000	      0.00000000	     80.00000000	     -7.00000000	      0.00000000	     80.00000000	      1.39626340	      0.00000000	      0.00000000	      0.00000000	     -0.94824410	     -0.75509654	      0.99682303	      1.68266963	     -4.98924109	    -15.58342624	     92.01036081	    161.92788581	     -8.65235866	     35.00000010	      2.59106883	     -9.79719447	     -2.27695868	     93.66026984	    127.77811862	    -13.98673013	     15.83616566
1760625415.31299996	      0.69735651	     -0.20213560	      1.67855953	     -0.01153621	      0.97990128	     -0.00664592	     80.00000000	     -7.00000000	      0.00000000	     80.00000000	      1.39626340	      0.00000000	      0.00000000	      0.00000000	     80.00000000	     -7.00000000	      0.00000000	     80.00000000	      1.39626340	      0.00000000	      0.00000000	      0.00000000	     -1.13574556	     -0.85637818	      0.77547263	      1.95109926	     -4.85086319	    -15.13611406	     92.19379908	    161.88924175	     -8.75132357	     35.00000010	      2.72500225	     -9.60109715	     -2.08732963	     93.71566714	    127.63564856	    -14.17824586	     15.93917454
1760625415.34599996	      0.67227315	     -0.16439002	      1.65204259	     -0.01263026	      0.98026137	     -0.00675801	     80.00000000	     -7.00000000	      0.00000000	     80.00000000	      1.39626340	      0.00000000	      0.00000000	      0.00000000	     80.00000000	     -7.00000000	      0.00000000	     80.00000000	      1.39626340	      0.00000000	      0.00000000	      0.00000000	     -1.19637478	     -0.89904480	      0.50730340	      2.18523883	     -4.83373119	    -14.63764525	     92.23170165	    161.82845838	     -8.79915126	     35.00000010	      2.81778546	     -9.45633858	     -2.09345154	     93.67378146	    127.48790266	    -14.27854763	     15.96795066
1760625415.38000011	      0.65761580	     -0.12746840	      1.61180276	     -0.01351878	      0.98057902	     -0.00656846	     80.00000000	     -7.00000000	      0.00000000	     80.00000000	      1.39626340	      0.00000000	      0.00000000	      0.00000000	     80.00000000	     -7.00000000	      0.00000000	     80.00000000	      1.39626340	      0.00000000	      0.00000000	      0.00000000	     -1.13128103	     -0.98137527	      0.35072645	      2.30585879	     -4.78103285	    -14.17712429	     92.15489643	    161.53641810	     -9.12616904	     35.00000010	      2.86317941	     -9.39788952	     -2.02174771	     93.62611437	    127.37336546	    -14.12278719	     16.14481978
1760625415.41300011	      0.68994825	     -0.11552049	      1.59947395	     -0.01511527	      0.98095494	     -0.00656930	     80.00000000	     -7.00000000	      0.00000000	     80.00000000	      1.39626340	      0.00000000	      0.00000000	      0.00000000	     80.00000000	     -7.00000000	      0.00000000	     80.00000000	      1.39626340	      0.00000000	      0.00000000	      0.00000000	     -1.19431344	     -0.97039270	      0.32261617	      2.43099121	     -4.75035761	    -13.97253508	     92.08464401	    161.29223071	     -9.34037833	     35.00000010	      2.96564730	     -9.30630426	     -1.77161154	     93.62082102	    127.40662786	    -13.98143101	     16.44683969
1760625415.44700003	      0.70096946	     -0.11097607	      1.58687422	     -0.01482865	      0.98107074	     -0.00663437	     80.00000000	     -7.00000000	      0.00000000	     80.00000000	      1.39626340	      0.00000000	      0.00000000	      0.00000000	     80.00000000	     -7.00000000	      0.00000000	     80.00000000	      1.39626340	      0.00000000	      0.00000000	      0.00000000	     -1.29211173	     -0.95152691	      0.29020625	      2.55809502	     -4.70964822	    -13.84079821	     92.06213752	    161.10803944	     -9.43543650	     35.00000010	      3.07708383	     -9.30955211	     -1.55113576	     93.61390300	    127.37256456	    -13.98083379	     16.59483989
1760625415.48000002	      0.73952876	     -0.10726829	      1.56993270	     -0.01429666	      0.98111779	     -0.00666135	     80.00000000	     -7.00000000	      0.00000000	     80.00000000	      1.39626340	      0.00000000	      0.00000000	      0.00000000	     80.00000000	     -7.00000000	      0.00000000	     80.00000000	      1.39626340	      0.00000000	      0.00000000	      0.00000000	     -1.38841524	     -0.94199617	      0.27865832	      2.62966874	     -4.67864826	    -13.77978138	     92.03273626	    160.81000741	     -9.54298233	     35.00000010	      3.13542149	     -9.40757512	     -1.40145969	     93.53341769	    127.25815388	    -14.00578312	     16.57408770
1760625415.51399994	      0.71857934	     -0.10821455	      1.53791869	     -0.01404296	      0.98089945	     -0.00640645	     80.00000000	     -7.00000000	      0.00000000	     80.00000000	      1.39626340	      0.00000000	      0.00000000	      0.00000000	     80.00000000	     -7.00000000	      0.00000000	     80.00000000	      1.39626340	      0.00000000	      0.00000000	      0.00000000	     -1.38979242	     -0.89965935	      0.27579834	      2.63400441	     -4.66567629	    -13.79620417	     92.09597245	    160.69679792	     -9.56196219	     35.00000010	      3.15521330	     -9.43596800	     -1.44430181	     93.48085200	    127.14430224	    -13.87680407	     16.54508022
1760625415.54699993	      0.71279253	     -0.11027792	      1.53639274	     -0.01423992	      0.98066675	     -0.00632066	     80.00000000	     -7.00000000	      0.00000000	     80.00000000	      1.39626340	      0.00000000	      0.00000000	      0.00000000	     80.00000000	     -7.00000000	      0.00000000	     80.00000000	      1.39626340	      0.00000000	      0.00000000	      0.00000000	     -1.41890854	     -0.84164074	      0.18344635	      2.62927924	     -4.67414413	    -13.84340077	     92.19676152	    160.73921367	     -9.43747688	     35.00000010	      3.16049227	     -9.47522144	     -1.67093483	     93.40869867	    126.94414751	    -13.71760337	     16.40628067
1760625415.58100009	      0.67623223	     -0.10712361	      1.55955298	     -0.01232132	      0.98103157	     -0.00614882	     80.00000000	     -7.00000000	      0.00000000	     80.00000000	      1.39626340	      0.00000000	      0.00000000	      0.00000000	     80.00000000	     -7.00000000	      0.00000000	     80.00000000	      1.39626340	      0.00000000	      0.00000000	      0.00000000	     -1.34838780	     -0.80700833	      0.11784650	      2.50716588	     -4.63618472	    -14.02573626	     92.36013317	    160.76768970	     -9.25211629	     35.00000010	      3.00584732	     -9.50952997	     -1.98666094	     93.51650001	    126.93906794	    -13.35060153	     16.39440505
1760625415.61400008	      0.64779504	     -0.10704826	      1.56456740	     -0.01065795	      0.98076266	     -0.00614556	     80.00000000	     -7.00000000	      0.00000000	     80.00000000	      1.39626340	      0.00000000	      0.00000000	      0.00000000	     80.00000000	     -7.00000000	      0.00000000	     80.00000000	      1.39626340	      0.00000000	      0.00000000	      0.00000000	     -1.25682487	     -0.76457723	      0.07148079	      2.33753069	     -4.63688741	    -14.16684968	     92.48771909	    160.75931554	     -9.16016639	     35.00000010	      2.82794408	     -9.53249037	     -2.26483655	     93.56470588	    126.85941434	    -13.14567172	     16.33815817
1760625415.64800000	      0.64648506	     -0.10411637	      1.56791016	     -0.00986451	      0.98107345	     -0.00638328	     80.00000000	     -7.00000000	      0.00000000	     80.00000000	      1.39626340	      0.00000000	      0.00000000	      0.00000000	     80.00000000	     -7.00000000	      0.00000000	     80.00000000	      1.39626340	      0.00000000	      0.00000000	      0.00000000	     -1.30706401	     -0.72087184	      0.02810668	      2.30289143	     -4.64244993	    -14.27798429	     92.57177699	    160.78044706	     -8.98540660	     35.00000010	      2.75912846	     -9.54599111	     -2.52496421	     93.59295989	    126.74842878	    -13.02427684	     16.26616833
1760625415.68099999	      0.66218078	     -0.10079816	      1.55904693	     -0.00988684	      0.98100640	     -0.00601376	     80.00000000	     -7.00000000	      0.00000000	     80.00000000	      1.39626340	      0.00000000	      0.00000000	      0.00000000	     80.00000000	     -7.00000000	      0.00000000	     80.00000000	      1.39626340	      0.00000000	      0.00000000	      0.00000000	     -1.42997729	     -0.67935562	     -0.05460409	      2.28611165	     -4.67213804	    -14.25518178	     92.59643613	    160.65389454	     -8.99426787	     35.00000010	      2.71807636	     -9.58130808	     -2.81131481	     93.65513023	    126.66784716	    -12.88998659	     16.30707363
1760625415.71499991	      0.68190549	     -0.09650144	      1.53775758	     -0.01045015	      0.98112567	     -0.00592553	     80.00000000	     -7.00000000	      0.00000000	     80.00000000	      1.39626340	      0.00000000	      0.00000000	      0.00000000	     80.00000000	     -7.00000000	      0.00000000	     80.00000000	      1.39626340	      0.00000000	      0.00000000	      0.00000000	     -1.50312636	     -0.65462329	     -0.04650018	      2.25864844	     -4.68236837	    -14.25438953	     92.63954466	    160.62162816	     -9.05386665	     35.00000010	      2.71186010	     -9.58222495	     -2.86152695	     93.64015713	    126.57858756	    -12.89016695	     16.31605822
1760625415.74799991	      0.70211949	     -0.10899073	      1.51423932	     -0.01412764	      0.98132838	     -0.00611375	     80.00000000	     -7.00000000	      0.00000000	     80.00000000	      1.39626340	      0.00000000	      0.00000000	      0.00000000	     80.00000000	     -7.00000000	      0.00000000	     80.00000000	      1.39626340	      0.00000000	      0.00000000	      0.00000000	     -1.67007928	     -0.56544620	     -0.10390667	      2.41347669	     -4.80007587	    -14.19062282	     92.60758347	    160.57982491	     -9.10289365	     35.00000010	      2.82619000	     -9.52493545	     -2.98069932	     93.57832887	    126.53793712	    -12.88293610	     16.31576947
1760625415.78099990	      0.72398346	     -0.10832121	      1.48787749	     -0.01625461	      0.98120279	     -0.00611730	     80.00000000	     -7.00000000	      0.00000000	     80.00000000	      1.39626340	      0.00000000	      0.00000000	      0.00000000	     80.00000000	     -7.00000000	      0.00000000	     80.00000000	      1.39626340	      0.00000000	      0.00000000	      0.00000000	     -1.66459614	     -0.57028131	     -0.06009320	      2.42047160	     -4.88369397	    -14.24836069	     92.51280014	    160.58699019	     -9.17172084	     35.00000010	      2.74737695	     -9.53966959	     -3.01260616	     93.55212172	    126.51814729	    -12.84238264	     16.35619189
1760625415.81500006	      0.71191304	     -0.11785520	      1.48847145	     -0.01681243	      0.98054966	     -0.00670363	     80.00000000	     -7.00000000	      0.00000000	     80.00000000	      1.39626340	      0.00000000	      0.00000000	      0.00000000	     80.00000000	     -7.00000000	      0.00000000	     80.00000000	      1.39626340	      0.00000000	      0.00000000	      0.00000000	     -1.51299706	     -0.57357569	      0.19260164	      2.32773352	     -4.96780901	    -14.51202519	     92.35238950	    160.49930258	     -9.23742040	     35.00000010	      2.56199567	     -9.52342828	     -2.76730982	     93.59950052	    126.53929629	    -12.75876823	     16.39483333
1760625415.88199997	      0.67858544	     -0.13591308	      1.48031898	     -0.01611042	      0.97942301	     -0.00682357	     80.00000000	     -7.00000000	      0.00000000	     80.00000000	      1.39626340	      0.00000000	      0.00000000	      0.00000000	     80.00000000	     -7.00000000	      0.00000000	     80.00000000	      1.39626340	      0.00000000	      0.00000000	      0.00000000	     -1.14865190	     -0.65725970	      0.75164062	      2.05420774	     -5.04255137	    -15.14068158	     92.08505693	    160.26740157	     -9.39370997	     35.00000010	      2.16063788	     -9.54029037	     -2.14424389	     93.85848704	    126.67164784	    -12.44340142	     16.50986526
1760625415.94899988	      0.69390354	     -0.16133164	      1.49636044	     -0.02055814	      0.97822419	     -0.00691986	     80.00000000	     -7.00000000	      0.00000000	     80.00000000	      1.39626340	      0.00000000	      0.00000000	      0.00000000	     80.00000000	     -7.00000000	      0.00000000	     80.00000000	      1.39626340	      0.00000000	      0.00000000	      0.00000000	     -0.95613262	     -0.70403202	      0.95819073	      1.89275449	     -5.00381352	    -15.35038676	     91.94049354	    160.19545786	     -9.50770706	     35.00000010	      1.94664383	     -9.57206295	     -1.72339942	     93.94501247	    126.64751413	    -12.55534501	     16.50219764
1760625415.98200011	      0.68817968	     -0.17092186	      1.47616192	     -0.01952535	      0.97757156	     -0.00689431	     80.00000000	     -7.00000000	      0.00000000	     80.00000000	      1.39626340	      0.00000000	      0.00000000	      0.00000000	     80.00000000	     -7.00000000	      0.00000000	     80.00000000	      1.39626340	      0.00000000	      0.00000000	      0.00000000	     -0.94382060	     -0.71015522	      0.91214272	      1.88715599	     -5.00645325	    -15.27709185	     91.88558581	    160.18087846	     -9.47400856	     35.00000010	      1.96972584	     -9.54834603	     -1.68592999	     93.96750497	    126.62342076	    -12.63504226	     16.54003439
1760625416.01600003	      0.65899753	     -0.18282929	      1.46009321	     -0.01480098	      0.97693260	     -0.00714010	     80.00000000	     -7.00000000	      0.00000000	     80.00000000	      1.39626340	      0.00000000	      0.00000000	      0.00000000	     80.00000000	     -7.00000000	      0.00000000	     80.00000000	      1.39626340	      0.00000000	      0.00000000	      0.00000000	     -0.83302663	     -0.71441226	      0.77166618	      1.78499361	     -4.99154684	    -15.12432503	     91.87142941	    160.18169637	     -9.43924591	     35.00000010	      1.88103390	     -9.52483075	     -1.75722621	     94.00053304	    126.63076304	    -12.67885434	     16.54936999
1760625416.04900002	      0.68112806	     -0.19957691	      1.46260777	     -0.01777928	      0.97736151	     -0.00703827	     80.00000000	     -7.00000000	      0.00000000	     80.00000000	      1.39626340	      0.00000000	      0.00000000	      0.00000000	     80.00000000	     -7.00000000	      0.00000000	     80.00000000	      1.39626340	      0.00000000	      0.00000000	      0.00000000	     -0.99027644	     -0.71158908	      0.58930666	      1.91956483	     -4.95235157	    -14.92640233	     91.91895458	    160.22431572	     -9.43193792	     35.00000010	      2.07434710	     -9.52847931	     -1.82607932	     93.99628151	    126.61970447	    -12.68417985	     16.58548008
1760625416.08299994	      0.66767111	     -0.20519841	      1.44758359	     -0.01877670	      0.97773799	     -0.00685377	     80.00000000	     -7.00000000	      0.00000000	     80.00000000	      1.39626340	      0.00000000	      0.00000000	      0.00000000	     80.00000000	     -7.00000000	      0.00000000	     80.00000000	      1.39626340	      0.00000000	      0.00000000	      0.00000000	     -1.08246707	     -0.71307258	      0.41766220	      2.03051779	     -4.93372216	    -14.71372703	     91.98120035	    160.25528590	     -9.49173351	     35.00000010	      2.20178200	     -9.53720280	     -1.96832789	     94.01609776	    126.59671106	    -12.66876409	     16.58904613
1760625416.11599994	      0.67473102	     -0.19894095	      1.43715266	     -0.01743862	      0.97786681	     -0.00694425	     80.00000000	     -7.00000000	      0.00000000	     80.00000000	      1.39626340	      0.00000000	      0.00000000	      0.00000000	     80.00000000	     -7.00000000	      0.00000000	     80.00000000	      1.39626340	      0.00000000	      0.00000000	      0.00000000	     -1.14145764	     -0.67995881	      0.18926034	      2.09709319	     -4.94215536	    -14.46850897	     92.10350700	    160.39324451	     -9.47690848	     35.00000010	      2.22849625	     -9.50176946	     -2.18745379	     94.09287249	    126.59407901	    -12.67453679	     16.59769854
1760625416.14899993	      0.67253702	     -0.19828354	      1.44532461	     -0.01308743	      0.97801342	     -0.00729510	     80.00000000	     -7.00000000	      0.00000000	     80.00000000	      1.39626340	      0.00000000	      0.00000000	      0.00000000	     80.00000000	     -7.00000000	      0.00000000	     80.00000000	      1.39626340	      0.00000000	      0.00000000	      0.00000000	     -1.19316140	     -0.64854286	      0.02311370	      2.16736109	     -4.92100636	    -14.28265333	     92.31100629	    160.55217344	     -9.46292695	     35.00000010	      2.24374611	     -9.47390594	     -2.35090934	     94.25930078	    126.57621261	    -12.59275994	     16.67839400
1760625416.18300009	      0.68559182	     -0.19575954	      1.45316119	     -0.01387802	      0.97861910	     -0.00763669	     80.00000000	     -7.00000000	      0.00000000	     80.00000000	      1.39626340	      0.00000000	      0.00000000	      0.00000000	     80.00000000	     -7.00000000	      0.00000000	     80.00000000	      1.39626340	      0.00000000	      0.00000000	      0.00000000	     -1.37722481	     -0.60799599	     -0.20889125	      2.38888907	     -4.93068554	    -14.03968882	     92.44128840	    160.66886016	     -9.45648015	     35.00000010	      2.42437564	     -9.41909477	     -2.56241710	     94.28770430	    126.55447196	    -12.58196356	     16.69941409
1760625416.21600008	      0.69580087	     -0.19262320	      1.45929515	     -0.01499420	      0.97952998	     -0.00762534	     80.00000000	     -7.00000000	      0.00000000	     80.00000000	      1.39626340	      0.00000000	      0.00000000	      0.00000000	     80.00000000	     -7.00000000	      0.00000000	     80.00000000	      1.39626340	      0.00000000	      0.00000000	      0.00000000	     -1.47467497	     -0.64336146	     -0.33595639	      2.53877486	     -4.88197191	    -13.92307557	     92.57388160	    160.85469706	     -9.40008181	     35.00000010	      2.53501442	     -9.42249552	     -2.69791124	     94.31695455	    126.56210908	    -12.57397737	     16.70277983
1760625416.25000000	      0.68761239	     -0.19507744	      1.43482283	     -0.01379015	      0.97963774	     -0.00756986	     80.00000000	     -7.00000000	      0.00000000	     80.00000000	      1.39626340	      0.00000000	      0.00000000	      0.00000000	     80.00000000	     -7.00000000	      0.00000000	     80.00000000	      1.39626340	      0.00000000	      0.00000000	      0.00000000	     -1.49696873	     -0.69359863	     -0.42770609	      2.63050089	     -4.87156206	    -13.78661748	     92.66110134	    160.87819758	     -9.35801700	     35.00000010	      2.57987703	     -9.42844601	     -2.90418822	     94.40272465	    126.61274276	    -12.45694925	     16.83217091
1760625416.28299999	      0.69576885	     -0.18853197	      1.43662768	     -0.01499704	      0.97969136	     -0.00752405	     80.00000000	     -7.00000000	      0.00000000	     80.00000000	      1.39626340	      0.00000000	      0.00000000	      0.00000000	     80.00000000	     -7.00000000	      0.00000000	     80.00000000	      1.39626340	      0.00000000	      0.00000000	      0.00000000	     -1.53459644	     -0.75369551	     -0.53133833	      2.74456044	     -4.91133944	    -13.63406943	     92.55543296	    160.82184626	     -9.35591088	     35.00000010	      2.62234300	     -9.45833920	     -3.08973210	     94.38524243	    126.61893577	    -12.36548813	     16.89554727
1760625416.31699991	      0.71925087	     -0.18909353	      1.44571758	     -0.01907466	      0.97949533	     -0.00747092	     80.00000000	     -7.00000000	      0.00000000	     80.00000000	      1.39626340	      0.00000000	      0.00000000	      0.00000000	     80.00000000	     -7.00000000	      0.00000000	     80.00000000	      1.39626340	      0.00000000	      0.00000000	      0.00000000	     -1.60632637	     -0.79963742	     -0.49814966	      2.87584823	     -4.97423689	    -13.61229471	     92.41035852	    160.83598256	     -9.32614695	     35.00000010	      2.68953208	     -9.47408963	     -3.10627880	     94.32894703	    126.65224666	    -12.29681631	     16.96396876
1760625416.34999990	      0.73135536	     -0.19447786	      1.45450025	     -0.02145783	      0.97947377	     -0.00781089	     80.00000000	     -7.00000000	      0.00000000	     80.00000000	      1.39626340	      0.00000000	      0.00000000	      0.00000000	     80.00000000	     -7.00000000	      0.00000000	     80.00000000	      1.39626340	      0.00000000	      0.00000000	      0.00000000	     -1.59314243	     -0.82305886	     -0.41645014	      2.93794559	     -5.15559552	    -13.57248894	     92.09387489	    160.67589391	     -9.38435912	     35.00000010	      2.67961022	     -9.48158899	     -3.03690724	     94.19589893	    126.68278498	    -12.25443657	     17.07457502
1760625416.38400006	      0.72333469	     -0.20274908	      1.45996542	     -0.02164141	      0.97901863	     -0.00845568	     80.00000000	     -7.00000000	      0.00000000	     80.00000000	      1.39626340	      0.00000000	      0.00000000	      0.00000000	     80.00000000	     -7.00000000	      0.00000000	     80.00000000	      1.39626340	      0.00000000	      0.00000000	      0.00000000	     -1.59587800	     -0.79526337	     -0.22004443	      2.99291452	     -5.37517853	    -13.65808968	     91.80501854	    160.44754563	     -9.44538693	     35.00000010	      2.68974165	     -9.45575766	     -2.82932506	     94.06415810	    126.72748875	    -12.25376773	     17.14325398
1760625416.41700006	      0.72959320	     -0.20799706	      1.47607105	     -0.02353902	      0.97846884	     -0.00872639	     80.00000000	     -7.00000000	      0.00000000	     80.00000000	      1.39626340	      0.00000000	      0.00000000	      0.00000000	     80.00000000	     -7.00000000	      0.00000000	     80.00000000	      1.39626340	      0.00000000	      0.00000000	      0.00000000	     -1.52995717	     -0.81808722	      0.11920759	      2.95156740	     -5.54704574	    -13.91732219	     91.48473676	    160.26835675	     -9.47908292	     35.00000010	      2.60284192	     -9.50003477	     -2.48558775	     93.91368308	    126.73659604	    -12.24759288	     17.19214879
1760625416.45000005	      0.73290705	     -0.21426807	      1.49557048	     -0.02478904	      0.97821038	     -0.00872844	     80.00000000	     -7.00000000	      0.00000000	     80.00000000	      1.39626340	      0.00000000	      0.00000000	      0.00000000	     80.00000000	     -7.00000000	      0.00000000	     80.00000000	      1.39626340	      0.00000000	      0.00000000	      0.00000000	     -1.39547298	     -0.83247538	      0.46493151	      2.81500506	     -5.77243885	    -14.16881742	     91.00725536	    160.03360622	     -9.57576138	     35.00000010	      2.41108986	     -9.54743340	     -2.16216458	     93.66737092	    126.70358761	    -12.22567729	     17.21276147
1760625416.48399997	      0.73478597	     -0.21228230	      1.50197063	     -0.02735641	      0.97853279	     -0.00804872	     80.00000000	     -7.00000000	      0.00000000	     80.00000000	      1.39626340	      0.00000000	      0.00000000	      0.00000000	     80.00000000	     -7.00000000	      0.00000000	     80.00000000	      1.39626340	      0.00000000	      0.00000000	      0.00000000	     -1.29382701	     -0.91266843	      0.81263736	      2.71497375	     -5.88876882	    -14.45412980	     90.56329673	    159.76189678	     -9.61475765	     35.00000010	      2.23899637	     -9.65494075	     -1.87478608	     93.51980331	    126.67736675	    -12.16184330	     17.23676166
1760625416.51699996	      0.71118133	     -0.21419732	      1.49697705	     -0.02534110	      0.97863054	     -0.00707803	     80.00000000	     -7.00000000	      0.00000000	     80.00000000	      1.39626340	      0.00000000	      0.00000000	      0.00000000	     80.00000000	     -7.00000000	      0.00000000	     80.00000000	      1.39626340	      0.00000000	      0.00000000	      0.00000000	     -1.11819358	     -0.97415684	      1.00135223	      2.51834494	     -5.97647716	    -14.59048093	     90.19956943	    159.47554600	     -9.65655807	     35.00000010	      1.96869106	     -9.75392288	     -1.78071911	     93.43593352	    126.64043186	    -12.08739605	     17.25134702
1760625416.55100012	      0.69895219	     -0.21582124	      1.48557134	     -0.02152015	      0.97904842	     -0.00650066	     80.00000000	     -7.00000000	      0.00000000	     80.00000000	      1.39626340	      0.00000000	      0.00000000	      0.00000000	     80.00000000	     -7.00000000	      0.00000000	     80.00000000	      1.39626340	      0.00000000	      0.00000000	      0.00000000	     -0.92697875	     -1.02353982	      1.14464247	      2.21299552	     -6.09813103	    -14.73690925	     89.79324704	    159.22185970	     -9.78889634	     35.00000010	      1.65097771	     -9.87497199	     -1.80802099	     93.17561722	    126.42637711	    -12.07136251	     17.01449579
1760625416.58500004	      0.71265734	     -0.21821247	      1.47963923	     -0.02480020	      0.98006829	     -0.00598998	     80.00000000	     -7.00000000	      0.00000000	     80.00000000	      1.39626340	      0.00000000	      0.00000000	      0.00000000	     80.00000000	     -7.00000000	      0.00000000	     80.00000000	      1.39626340	      0.00000000	      0.00000000	      0.00000000	     -0.94389711	     -1.05542166	      1.24121835	      2.19165743	     -6.23923334	    -14.83072403	     89.34893209	    158.95799973	     -9.89302284	     35.00000010	      1.57114820	     -9.94363088	     -1.79221642	     92.93369877	    126.29852132	    -12.04251231	     16.91826345
1760625416.61800003	      0.70299258	     -0.23110135	      1.49090920	     -0.02650821	      0.98070857	     -0.00717190	     80.00000000	     -7.00000000	      0.00000000	     80.00000000	      1.39626340	      0.00000000	      0.00000000	      0.00000000	     80.00000000	     -7.00000000	      0.00000000	     80.00000000	      1.39626340	      0.00000000	      0.00000000	      0.00000000	     -0.91947412	     -0.99571255	      1.33295526	      2.16058856	     -6.54835983	    -14.94882302	     88.73119889	    158.59512830	    -10.01072460	     35.00000010	      1.46340834	     -9.91063688	     -1.74096675	     92.63417236	    126.14865320	    -12.04810574	     16.78471692
1760625416.65100002	      0.69237030	     -0.23911262	      1.49425485	     -0.02884614	      0.98161893	     -0.00855592	     80.00000000	     -7.00000000	      0.00000000	     80.00000000	      1.39626340	      0.00000000	      0.00000000	      0.00000000	     80.00000000	     -7.00000000	      0.00000000	     80.00000000	      1.39626340	      0.00000000	      0.00000000	      0.00000000	     -0.84349424	     -0.95885357	      1.44174769	      2.08900718	     -6.92021736	    -15.15535333	     87.67417438	    158.07850932	    -10.31583364	     35.00000010	      1.27650250	     -9.87374029	     -1.67318144	     92.09482342	    125.86281732	    -12.08239111	     16.62661726
1760625416.68499994	      0.68848587	     -0.24529879	      1.48925395	     -0.02972567	      0.98238283	     -0.00923841	     80.00000000	     -7.00000000	      0.00000000	     80.00000000	      1.39626340	      0.00000000	      0.00000000	      0.00000000	     80.00000000	     -7.00000000	      0.00000000	     80.00000000	      1.39626340	      0.00000000	      0.00000000	      0.00000000	     -0.82361622	     -0.93421804	      1.47362280	      2.09312537	     -7.21083128	    -15.26235443	     86.68041603	    157.53595109	    -10.57518142	     35.00000010	      1.22669738	     -9.83979175	     -1.65030024	     91.54354679	    125.73480706	    -12.14005970	     16.57490805
1760625416.71799994	      0.67568593	     -0.25302268	      1.49778354	     -0.02890885	      0.98204095	     -0.00991480	     80.00000000	     -7.00000000	      0.00000000	     80.00000000	      1.39626340	      0.00000000	      0.00000000	      0.00000000	     80.00000000	     -7.00000000	      0.00000000	     80.00000000	      1.39626340	      0.00000000	      0.00000000	      0.00000000	     -0.82506174	     -0.87558545	      1.37983634	      2.14174428	     -7.48416166	    -15.28098849	     85.60160957	    157.00445063	    -10.82257772	     35.00000010	      1.16439305	     -9.72072416	     -1.74324485	     91.11251843	    125.86931479	    -12.05162714	     16.86298494
1760625416.75099993	      0.66472043	     -0.25430065	      1.49981287	     -0.02759807	      0.98254711	     -0.01086100	     80.00000000	     -7.00000000	      0.00000000	     80.00000000	      1.39626340	      0.00000000	      0.00000000	      0.00000000	     80.00000000	     -7.00000000	      0.00000000	     80.00000000	      1.39626340	      0.00000000	      0.00000000	      0.00000000	     -0.86410182	     -0.79766948	      1.35264994	      2.26732970	     -7.93755430	    -15.46519738	     84.01419479	    156.31565555	    -11.35727700	     34.87575749	      1.11597252	     -9.55243455	     -1.81285016	     90.30607804	    125.72079923	    -12.19811836	     16.80964645
1760625416.78500009	      0.67927229	     -0.25103113	      1.50658208	     -0.03141499	      0.98285166	     -0.01128918	     80.00000000	     -7.00000000	      0.00000000	     80.00000000	      1.39626340	      0.00000000	      0.00000000	      0.00000000	     80.00000000	     -7.00000000	      0.00000000	     80.00000000	      1.39626340	      0.00000000	      0.00000000	      0.00000000	     -0.94495943	     -0.75216018	      1.36055437	      2.42666041	     -8.25044956	    -15.62635763	     82.82609321	    155.95166915	    -11.56609781	     34.82072388	      1.11845386	     -9.41648434	     -1.90497418	     89.68672104	    125.73178881	    -12.15783943	     16.93720062
1760625416.81800008	      0.67515451	     -0.25566338	      1.50847795	     -0.03307706	      0.98289489	     -0.01160235	     80.00000000	     -7.00000000	      0.00000000	     80.00000000	      1.39626340	      0.00000000	      0.00000000	      0.00000000	     80.00000000	     -7.00000000	      0.00000000	     80.00000000	      1.39626340	      0.00000000	      0.00000000	      0.00000000	     -0.97863334	     -0.68448039	      1.32903208	      2.51122643	     -8.67598184	    -15.71216437	     81.56182029	    155.41341734	    -11.92086653	     34.60389995	      1.08375672	     -9.23229188	     -1.99650747	     89.00414505	    125.84795780	    -12.17677276	     17.06348509
1760625416.85200000	      0.66256616	     -0.25668635	      1.50639646	     -0.03329562	      0.98378903	     -0.01159159	     80.00000000	     -7.00000000	      0.00000000	     80.00000000	      1.39626340	      0.00000000	      0.00000000	      0.00000000	     80.00000000	     -7.00000000	      0.00000000	     80.00000000	      1.39626340	      0.00000000	      0.00000000	      0.00000000	     -0.94040443	     -0.65243259	      1.34380659	      2.56351872	     -9.15477511	    -15.76548403	     79.99061734	    154.87538161	    -12.19435187	     34.34594026	      0.96761080	     -9.09056002	     -1.94591062	     87.95846691	    125.68701669	    -12.33129831	     17.07861208
1760625416.88499999	      0.64107596	     -0.25719889	      1.49372644	     -0.02905211	      0.98471134	     -0.01075835	     80.00000000	     -7.00000000	      0.00000000	     80.00000000	      1.39626340	      0.00000000	      0.00000000	      0.00000000	     80.00000000	     -7.00000000	      0.00000000	     80.00000000	      1.39626340	      0.00000000	      0.00000000	      0.00000000	     -0.75682732	     -0.79925009	      1.42995765	      2.42868523	     -9.44389639	    -15.71379054	     78.65791351	    154.13664042	    -12.70826404	     33.86362973	      0.73175498	     -9.08403924	     -1.71867036	     87.23901585	    125.80717686	    -12.39817990	     17.33541156
1760625416.91899991	      0.62937022	     -0.25531082	      1.48894824	     -0.02613927	      0.98585387	     -0.01073763	     80.00000000	     -7.00000000	      0.00000000	     80.00000000	      1.39626340	      0.00000000	      0.00000000	      0.00000000	     80.00000000	     -7.00000000	      0.00000000	     80.00000000	      1.39626340	      0.00000000	      0.00000000	      0.00000000	     -0.71866158	     -0.89795057	      1.46273060	      2.51873676	    -10.01508430	    -15.38863995	     76.85314205	    153.28489914	    -13.17233159	     33.38239256	      0.61410242	     -9.09771795	     -1.44645063	     86.28229791	    125.81611215	    -12.48787642	     17.51619723
1760625416.95199990	      0.62113876	     -0.26285817	      1.47818253	     -0.02317006	      0.98564611	     -0.01153159	     80.00000000	     -7.00000000	      0.00000000	     80.00000000	      1.39626340	      0.00000000	      0.00000000	      0.00000000	     80.00000000	     -7.00000000	      0.00000000	     80.00000000	      1.39626340	      0.00000000	      0.00000000	      0.00000000	     -0.70893309	     -0.95889824	      1.52897533	      2.59221167	    -10.37578121	    -15.06352322	     75.53585060	    152.55033870	    -13.57760959	     33.03630356	      0.50641569	     -9.11063112	     -1.19597978	     85.66576119	    125.83691174	    -12.54565836	     17.57570464
1760625416.98600006	      0.61475403	     -0.27241055	      1.47512809	     -0.02148024	      0.98610374	     -0.01280329	     80.00000000	     -7.00000000	      0.00000000	     80.00000000	      1.39626340	      0.00000000	      0.00000000	      0.00000000	     80.00000000	     -7.00000000	      0.00000000	     80.00000000	      1.39626340	      0.00000000	      0.00000000	      0.00000000	     -0.78770255	     -1.10323126	      1.66472337	      2.72484834	    -10.62678584	    -14.87045288	     74.31278125	    151.78301164	    -13.96464380	     32.62791707	      0.51485935	     -9.26980965	     -0.90542855	     85.06624944	    125.70525349	    -12.56417552	     17.49438126
1760625417.01900005	      0.61251402	     -0.27704248	      1.47702045	     -0.02306105	      0.98623185	     -0.01321821	     80.00000000	     -7.00000000	      0.00000000	     80.00000000	      1.39626340	      0.00000000	      0.00000000	      0.00000000	     80.00000000	     -7.00000000	      0.00000000	     80.00000000	      1.39626340	      0.00000000	      0.00000000	      0.00000000	     -0.87746630	     -1.22847912	      1.84146760	      2.81813873	    -10.82370874	    -14.75898184	     73.07516293	    151.18396209	    -14.28608509	     32.23629465	      0.43677727	     -9.36889234	     -0.59687248	     84.45570871	    125.49875955	    -12.51210764	     17.34055034
1760625417.05200005	      0.60916664	     -0.28383235	      1.47992443	     -0.02180678	      0.98632729	     -0.01347124	     80.00000000	     -7.00000000	      0.00000000	     80.00000000	      1.39626340	      0.00000000	      0.00000000	      0.00000000	     80.00000000	     -7.00000000	      0.00000000	     80.00000000	      1.39626340	      0.00000000	      0.00000000	      0.00000000	     -1.00582658	     -1.33652410	      2.04344714	      2.88468595	    -10.87859699	    -14.83448572	     72.38344587	    150.76346389	    -14.48812910	     31.90697995	      0.42720735	     -9.45910482	     -0.35681434	     84.11764734	    125.31749639	    -12.44726282	     17.17044183
1760625417.08599997	      0.61407282	     -0.27834497	      1.48503083	     -0.02167228	      0.98659643	     -0.01330967	     80.00000000	     -7.00000000	      0.00000000	     80.00000000	      1.39626340	      0.00000000	      0.00000000	      0.00000000	     80.00000000	     -7.00000000	      0.00000000	     80.00000000	      1.39626340	      0.00000000	      0.00000000	      0.00000000	     -1.16650907	     -1.45890831	      2.01771779	      2.95202890	    -10.87015910	    -14.71917531	     71.85352900	    150.41786918	    -14.70701881	     31.56977426	      0.44751881	     -9.58610824	     -0.36955673	     83.83097132	    125.08265903	    -12.36779910	     16.98915086
1760625417.11899996	      0.59895185	     -0.27461850	      1.48331248	     -0.01940515	      0.98713046	     -0.01334990	     80.00000000	     -7.00000000	      0.00000000	     80.00000000	      1.39626340	      0.00000000	      0.00000000	      0.00000000	     80.00000000	     -7.00000000	      0.00000000	     80.00000000	      1.39626340	      0.00000000	      0.00000000	      0.00000000	     -1.31112544	     -1.57129239	      1.97561845	      2.99489310	    -10.83849931	    -14.56455336	     71.40434136	    150.16016465	    -14.80738080	     31.29893291	      0.41658327	     -9.68783686	     -0.39287259	     83.61961656	    124.97286369	    -12.18369062	     16.93064984
1760625417.18600011	      0.59057452	     -0.26395942	      1.47978595	     -0.01505951	      0.98733795	     -0.01266627	     80.00000000	     -7.00000000	      0.00000000	     80.00000000	      1.39626340	      0.00000000	      0.00000000	      0.00000000	     80.00000000	     -7.00000000	      0.00000000	     80.00000000	      1.39626340	      0.00000000	      0.00000000	      0.00000000	     -1.53662086	     -1.78538121	      1.95671929	      3.08992659	    -10.74366265	    -14.43059950	     70.96025499	    149.78100194	    -14.98949352	     30.95899232	      0.42799049	     -9.87654256	     -0.27489131	     83.38613970	    124.94618578	    -12.00972347	     16.97312724
1760625417.22000003	      0.59770569	     -0.25563959	      1.48556744	     -0.01459522	      0.98700042	     -0.01276543	     80.00000000	     -7.00000000	      0.00000000	     80.00000000	      1.39626340	      0.00000000	      0.00000000	      0.00000000	     80.00000000	     -7.00000000	      0.00000000	     80.00000000	      1.39626340	      0.00000000	      0.00000000	      0.00000000	     -1.56973752	     -1.83611531	      1.66530984	      3.10845600	    -10.83761332	    -14.02788475	     70.64868389	    149.43726295	    -15.26561325	     30.69720989	      0.31490833	     -9.90441027	     -0.48684709	     83.26360598	    124.92837594	    -11.98319080	     17.02557437
1760625417.25300002	      0.60924157	     -0.24664157	      1.48570500	     -0.01769261	      0.98700864	     -0.01217304	     80.00000000	     -7.00000000	      0.00000000	     80.00000000	      1.39626340	      0.00000000	      0.00000000	      0.00000000	     80.00000000	     -7.00000000	      0.00000000	     80.00000000	      1.39626340	      0.00000000	      0.00000000	      0.00000000	     -1.66702301	     -1.93624799	      1.32088756	      3.24448745	    -10.85493182	    -13.62227335	     70.41085951	    149.22334773	    -15.43168970	     30.53933975	      0.31829079	     -9.98325139	     -0.81710906	     83.18464400	    124.89420406	    -12.01917212	     17.00169521
1760625417.28699994	      0.61274647	     -0.23998651	      1.48068556	     -0.01897694	      0.98619828	     -0.01247383	     80.00000000	     -7.00000000	      0.00000000	     80.00000000	      1.39626340	      0.00000000	      0.00000000	      0.00000000	     80.00000000	     -7.00000000	      0.00000000	     80.00000000	      1.39626340	      0.00000000	      0.00000000	      0.00000000	     -1.64739256	     -1.98592926	      0.99182897	      3.26667889	    -10.93277148	    -13.24467449	     70.14609556	    148.92642520	    -15.66352366	     30.32548354	      0.25058670	    -10.02138726	     -1.17693176	     83.11677235	    124.83054654	    -12.03585804	     16.92775058
1760625417.31999993	      0.62769356	     -0.23779145	      1.47010713	     -0.01906862	      0.98627180	     -0.01261399	     80.00000000	     -7.00000000	      0.00000000	     80.00000000	      1.39626340	      0.00000000	      0.00000000	      0.00000000	     80.00000000	     -7.00000000	      0.00000000	     80.00000000	      1.39626340	      0.00000000	      0.00000000	      0.00000000	     -1.58350262	     -2.04305581	      0.76649121	      3.19748073	    -10.99169318	    -12.99460899	     69.98221325	    148.65327847	    -15.86294328	     30.14918664	      0.19150567	    -10.07580982	     -1.41768516	     83.04752922	    124.79452643	    -12.10183309	     16.84834162
1760625417.35400009	      0.63491666	     -0.23521309	      1.45970494	     -0.01944112	      0.98646660	     -0.01250025	     80.00000000	     -7.00000000	      0.00000000	     80.00000000	      1.39626340	      0.00000000	      0.00000000	      0.00000000	     80.00000000	     -7.00000000	      0.00000000	     80.00000000	      1.39626340	      0.00000000	      0.00000000	      0.00000000	     -1.55479668	     -2.07334671	      0.62859112	      3.19189448	    -11.04774701	    -12.82012043	     69.89497285	    148.53017605	    -16.02922588	     30.05045158	      0.19948647	    -10.10396131	     -1.54583128	     82.96594158	    124.74529173	    -12.17604007	     16.79911689
1760625417.38700008	      0.62995504	     -0.23660544	      1.47215508	     -0.01946308	      0.98628424	     -0.01237783	     80.00000000	     -7.00000000	      0.00000000	     80.00000000	      1.39626340	      0.00000000	      0.00000000	      0.00000000	     80.00000000	     -7.00000000	      0.00000000	     80.00000000	      1.39626340	      0.00000000	      0.00000000	      0.00000000	     -1.53061216	     -2.08524288	      0.60186158	      3.19397580	    -11.07636749	    -12.78871811	     69.90919753	    148.51136192	    -16.02993229	     30.06345400	      0.22220889	    -10.10239358	     -1.52729216	     82.96273831	    124.74327816	    -12.25786744	     16.83525071
1760625417.42100000	      0.62944169	     -0.23787436	      1.49325954	     -0.01893542	      0.98624441	     -0.01237750	     80.00000000	     -7.00000000	      0.00000000	     80.00000000	      1.39626340	      0.00000000	      0.00000000	      0.00000000	     80.00000000	     -7.00000000	      0.00000000	     80.00000000	      1.39626340	      0.00000000	      0.00000000	      0.00000000	     -1.59316555	     -2.06400807	      0.54088466	      3.34541000	    -11.18927039	    -12.67926795	     69.78807409	    148.32483999	    -16.10228450	     30.00452395	      0.36140130	    -10.06938517	     -1.58258784	     82.93698948	    124.73660848	    -12.35235652	     16.84260807
1760625417.45400000	      0.61309509	     -0.24230786	      1.50400359	     -0.01837373	      0.98583726	     -0.01227430	     80.00000000	     -7.00000000	      0.00000000	     80.00000000	      1.39626340	      0.00000000	      0.00000000	      0.00000000	     80.00000000	     -7.00000000	      0.00000000	     80.00000000	      1.39626340	      0.00000000	      0.00000000	      0.00000000	     -1.56036719	     -2.06178558	      0.55461864	      3.36486133	    -11.18587682	    -12.68614176	     69.78639799	    148.30870920	    -16.10608737	     30.03397737	      0.38322868	    -10.06740278	     -1.58153108	     82.94966296	    124.75240795	    -12.40498556	     16.86238492
1760625417.48699999	      0.60078370	     -0.24156042	      1.51266339	     -0.01780961	      0.98572245	     -0.01225612	     80.00000000	     -7.00000000	      0.00000000	     80.00000000	      1.39626340	      0.00000000	      0.00000000	      0.00000000	     80.00000000	     -7.00000000	      0.00000000	     80.00000000	      1.39626340	      0.00000000	      0.00000000	      0.00000000	     -1.53671948	     -2.05325028	      0.69658230	      3.33759418	    -11.17616227	    -12.87040571	     69.85364110	    148.32755671	    -16.07860111	     30.06514143	      0.42429448	    -10.05693926	     -1.46257126	     82.97428899	    124.74714492	    -12.44214441	     16.87549838
1760625417.52099991	      0.60305088	     -0.24495812	      1.52239647	     -0.01774907	      0.98589774	     -0.01227699	     80.00000000	     -7.00000000	      0.00000000	     80.00000000	      1.39626340	      0.00000000	      0.00000000	      0.00000000	     80.00000000	     -7.00000000	      0.00000000	     80.00000000	      1.39626340	      0.00000000	      0.00000000	      0.00000000	     -1.52422965	     -2.03087732	      0.80908396	      3.32583431	    -11.16895002	    -13.02927430	     69.90709912	    148.31548894	    -16.04272877	     30.08463899	      0.46519775	    -10.04734519	     -1.37074828	     83.01579103	    124.76389082	    -12.48081544	     16.87555827
1760625417.55399990	      0.61364426	     -0.24765131	      1.53280874	     -0.01945332	      0.98600777	     -0.01280941	     80.00000000	     -7.00000000	      0.00000000	     80.00000000	      1.39626340	      0.00000000	      0.00000000	      0.00000000	     80.00000000	     -7.00000000	      0.00000000	     80.00000000	      1.39626340	      0.00000000	      0.00000000	      0.00000000	     -1.58439710	     -2.02237891	      0.80542251	      3.43093396	    -11.18700319	    -12.98549580	     69.83617520	    148.27825221	    -16.07769451	     30.10285688	      0.55910513	    -10.05904364	     -1.35614351	     83.03029075	    124.85229416	    -12.46727648	     16.92053236
1760625417.58800006	      0.61815235	     -0.24909844	      1.53046328	     -0.02017110	      0.98622072	     -0.01336383	     80.00000000	     -7.00000000	      0.00000000	     80.00000000	      1.39626340	      0.00000000	      0.00000000	      0.00000000	     80.00000000	     -7.00000000	      0.00000000	     80.00000000	      1.39626340	      0.00000000	      0.00000000	      0.00000000	     -1.55567343	     -2.00452829	      0.74962124	      3.47114701	    -11.21307112	    -12.83053655	     69.73498727	    148.17392950	    -16.09659468	     30.11415545	      0.53666622	    -10.05762755	     -1.38145949	     83.08049638	    125.03717366	    -12.41552269	     17.02363320
1760625417.62100005	      0.61480258	     -0.25194687	      1.51589740	     -0.01804013	      0.98596863	     -0.01386728	     80.00000000	     -7.00000000	      0.00000000	     80.00000000	      1.39626340	      0.00000000	      0.00000000	      0.00000000	     80.00000000	     -7.00000000	      0.00000000	     80.00000000	      1.39626340	      0.00000000	      0.00000000	      0.00000000	     -1.45843306	     -1.97412061	      0.73807432	      3.47459258	    -11.25753249	    -12.63994996	     69.57191553	    148.03443076	    -16.19792863	     30.10139299	      0.42815108	    -10.07465561	     -1.34522369	     83.12157328	    125.18398530	    -12.36965170	     17.07071009
1760625417.65499997	      0.61515743	     -0.25114911	      1.50959457	     -0.01822531	      0.98608472	     -0.01415298	     80.00000000	     -7.00000000	      0.00000000	     80.00000000	      1.39626340	      0.00000000	      0.00000000	      0.00000000	     80.00000000	     -7.00000000	      0.00000000	     80.00000000	      1.39626340	      0.00000000	      0.00000000	      0.00000000	     -1.36333570	     -1.92865952	      0.64120427	      3.45070529	    -11.29336459	    -12.42359376	     69.48232579	    147.94043666	    -16.28669780	     30.06192666	      0.30380694	    -10.04211919	     -1.41839995	     83.11728450	    125.19725907	    -12.32737979	     17.08485855
1760625417.68799996	      0.61619352	     -0.24752093	      1.51398422	     -0.01836938	      0.98585038	     -0.01419925	     80.00000000	     -7.00000000	      0.00000000	     80.00000000	      1.39626340	      0.00000000	      0.00000000	      0.00000000	     80.00000000	     -7.00000000	      0.00000000	     80.00000000	      1.39626340	      0.00000000	      0.00000000	      0.00000000	     -1.33431716	     -1.89444615	      0.54826910	      3.46511627	    -11.29216082	    -12.24793048	     69.44307525	    147.88291013	    -16.34633031	     30.03921679	      0.23574570	     -9.98906344	     -1.49392716	     83.13978068	    125.23734440	    -12.29433178	     17.13798028
1760625417.72099996	      0.62715280	     -0.24734971	      1.51654235	     -0.01756938	      0.98619121	     -0.01323422	     80.00000000	     -7.00000000	      0.00000000	     80.00000000	      1.39626340	      0.00000000	      0.00000000	      0.00000000	     80.00000000	     -7.00000000	      0.00000000	     80.00000000	      1.39626340	      0.00000000	      0.00000000	      0.00000000	     -1.34945070	     -1.90181540	      0.44284919	      3.51541666	    -11.23027371	    -12.07916248	     69.41946336	    147.83836416	    -16.36432523	     30.00523050	      0.20819989	     -9.97472109	     -1.60835851	     83.12387059	    125.19060373	    -12.31133584	     17.12041178
1760625417.75500011	      0.62295857	     -0.24611084	      1.51959353	     -0.01542942	      0.98604151	     -0.01288341	     80.00000000	     -7.00000000	      0.00000000	     80.00000000	      1.39626340	      0.00000000	      0.00000000	      0.00000000	     80.00000000	     -7.00000000	      0.00000000	     80.00000000	      1.39626340	      0.00000000	      0.00000000	      0.00000000	     -1.29312966	     -1.90888118	      0.47309399	      3.44964516	    -11.19429291	    -12.06580480	     69.43666850	    147.81051200	    -16.35811472	     29.98877211	      0.10583365	     -9.94727273	     -1.58700229	     83.19509891	    125.19400799	    -12.31739570	     17.15678133
1760625417.78800011	      0.62319709	     -0.24459822	      1.52398261	     -0.01694550	      0.98611544	     -0.01247324	     80.00000000	     -7.00000000	      0.00000000	     80.00000000	      1.39626340	      0.00000000	      0.00000000	      0.00000000	     80.00000000	     -7.00000000	      0.00000000	     80.00000000	      1.39626340	      0.00000000	      0.00000000	      0.00000000	     -1.30137365	     -1.91029085	      0.47674828	      3.43127140	    -11.17006282	    -12.03754076	     69.46170840	    147.78401416	    -16.36466993	     29.96845891	      0.10710600	     -9.93375830	     -1.58457204	     83.21087036	    125.18110391	    -12.33109695	     17.14860997
1760625417.82200003	      0.63776574	     -0.24244213	      1.53004411	     -0.01759690	      0.98635091	     -0.01197779	     80.00000000	     -7.00000000	      0.00000000	     80.00000000	      1.39626340	      0.00000000	      0.00000000	      0.00000000	     80.00000000	     -7.00000000	      0.00000000	     80.00000000	      1.39626340	      0.00000000	      0.00000000	      0.00000000	     -1.33262208	     -1.96265668	      0.44525896	      3.41995260	    -11.10854525	    -11.98419842	     69.50194848	    147.76951241	    -16.36982848	     29.94653464	      0.10597909	     -9.98430794	     -1.64144677	     83.32331433	    125.29863030	    -12.29417482	     17.20216504
1760625417.85500002	      0.66191202	     -0.23995732	      1.53851435	     -0.01961435	      0.98685272	     -0.01170874	     80.00000000	     -7.00000000	      0.00000000	     80.00000000	      1.39626340	      0.00000000	      0.00000000	      0.00000000	     80.00000000	     -7.00000000	      0.00000000	     80.00000000	      1.39626340	      0.00000000	      0.00000000	      0.00000000	     -1.39651100	     -1.96714868	      0.36521891	      3.47076993	    -11.10430160	    -11.88380148	     69.51950495	    147.78070819	    -16.33081368	     29.96100128	      0.15807785	    -10.01851994	     -1.72139322	     83.36943195	    125.37135599	    -12.28032982	     17.23338746
1760625417.88899994	      0.67168171	     -0.23377579	      1.55423246	     -0.02048217	      0.98704207	     -0.01169050	     80.00000000	     -7.00000000	      0.00000000	     80.00000000	      1.39626340	      0.00000000	      0.00000000	      0.00000000	     80.00000000	     -7.00000000	      0.00000000	     80.00000000	      1.39626340	      0.00000000	      0.00000000	      0.00000000	     -1.43972862	     -1.98615444	      0.29589621	      3.50949962	    -11.12558401	    -11.80657537	     69.48468795	    147.75584644	    -16.37651773	     29.95295878	      0.18923263	    -10.05227841	     -1.75833992	     83.46244273	    125.48555599	    -12.24960242	     17.32990176
1760625417.92199993	      0.65430951	     -0.23019651	      1.54309822	     -0.02023129	      0.98688265	     -0.01210233	     80.00000000	     -7.00000000	      0.00000000	     80.00000000	      1.39626340	      0.00000000	      0.00000000	      0.00000000	     80.00000000	     -7.00000000	      0.00000000	     80.00000000	      1.39626340	      0.00000000	      0.00000000	      0.00000000	     -1.40715876	     -1.98121378	      0.27389144	      3.48340036	    -11.13613775	    -11.81493217	     69.48669168	    147.74388271	    -16.34939051	     29.95998935	      0.18012191	    -10.04774354	     -1.79943599	     83.50181979	    125.55952181	    -12.24404052	     17.34923802
1760625417.95600009	      0.64920105	     -0.23568798	      1.54148965	     -0.01960230	      0.98654770	     -0.01264730	     80.00000000	     -7.00000000	      0.00000000	     80.00000000	      1.39626340	      0.00000000	      0.00000000	      0.00000000	     80.00000000	     -7.00000000	      0.00000000	     80.00000000	      1.39626340	      0.00000000	      0.00000000	      0.00000000	     -1.36156894	     -1.92504860	      0.22499050	      3.42927777	    -11.19556956	    -11.82851974	     69.49330956	    147.69322006	    -16.37310462	     29.92826774	      0.15023396	    -10.02056210	     -1.87028233	     83.57248081	    125.59464243	    -12.19193054	     17.41805730
1760625417.98900008	      0.65241528	     -0.22884291	      1.54368648	     -0.01931556	      0.98622353	     -0.01286762	     80.00000000	     -7.00000000	      0.00000000	     80.00000000	      1.39626340	      0.00000000	      0.00000000	      0.00000000	     80.00000000	     -7.00000000	      0.00000000	     80.00000000	      1.39626340	      0.00000000	      0.00000000	      0.00000000	     -1.34048408	     -1.90798744	      0.20891489	      3.42066421	    -11.21129491	    -11.86550685	     69.51354942	    147.71852120	    -16.40423585	     29.93553151	      0.15464794	    -10.03327642	     -1.90378386	     83.58274645	    125.60188284	    -12.19567692	     17.42731156
1760625418.02300000	      0.65032810	     -0.22799918	      1.53893179	     -0.01850761	      0.98594621	     -0.01272328	     80.00000000	     -7.00000000	      0.00000000	     80.00000000	      1.39626340	      0.00000000	      0.00000000	      0.00000000	     80.00000000	     -7.00000000	      0.00000000	     80.00000000	      1.39626340	      0.00000000	      0.00000000	      0.00000000	     -1.29242954	     -1.88448848	      0.17399627	      3.38746073	    -11.21768698	    -11.86075388	     69.57220372	    147.76219519	    -16.40010905	     29.95924296	      0.12394272	    -10.01900453	     -1.93812100	     83.61975948	    125.64075945	    -12.20432827	     17.47572674
1760625418.05599999	      0.64301255	     -0.22485339	      1.54186835	     -0.01806301	      0.98578917	     -0.01246057	     80.00000000	     -7.00000000	      0.00000000	     80.00000000	      1.39626340	      0.00000000	      0.00000000	      0.00000000	     80.00000000	     -7.00000000	      0.00000000	     80.00000000	      1.39626340	      0.00000000	      0.00000000	      0.00000000	     -1.22633337	     -1.86544424	      0.12621890	      3.33841276	    -11.19151836	    -11.85508939	     69.68574103	    147.83932748	    -16.34274176	     30.02643523	      0.07112341	    -10.03059609	     -1.99406357	     83.67385900	    125.66132745	    -12.18509339	     17.50951101
1760625418.08899999	      0.64369914	     -0.21656125	      1.54507048	     -0.01830775	      0.98580021	     -0.01211327	     80.00000000	     -7.00000000	      0.00000000	     80.00000000	      1.39626340	      0.00000000	      0.00000000	      0.00000000	     80.00000000	     -7.00000000	      0.00000000	     80.00000000	      1.39626340	      0.00000000	      0.00000000	      0.00000000	     -1.21624439	     -1.87301411	      0.07768854	      3.35030019	    -11.13338314	    -11.89207233	     69.83617012	    147.92946602	    -16.27822369	     30.08080289	      0.09765067	    -10.04940479	     -2.03916640	     83.71200006	    125.69462808	    -12.22363341	     17.50513860
1760625418.12299991	      0.63737826	     -0.21284220	      1.54611276	     -0.01779028	      0.98508539	     -0.01239341	     80.00000000	     -7.00000000	      0.00000000	     80.00000000	      1.39626340	      0.00000000	      0.00000000	      0.00000000	     80.00000000	     -7.00000000	      0.00000000	     80.00000000	      1.39626340	      0.00000000	      0.00000000	      0.00000000	     -1.18455126	     -1.84498654	      0.03722982	      3.33718634	    -11.11374220	    -11.91518766	     69.97815363	    148.03340138	    -16.25153382	     30.12318811	      0.09666073	    -10.02773026	     -2.07836978	     83.78091508	    125.71986008	    -12.24222310	     17.50408214
1760625418.19000006	      0.64137827	     -0.20567601	      1.54064956	     -0.01739311	      0.98429201	     -0.01267892	     80.00000000	     -7.00000000	      0.00000000	     80.00000000	      1.39626340	      0.00000000	      0.00000000	      0.00000000	     80.00000000	     -7.00000000	      0.00000000	     80.00000000	      1.39626340	      0.00000000	      0.00000000	      0.00000000	     -1.16808888	     -1.78633477	     -0.02940518	      3.41650121	    -11.09489372	    -11.85306034	     70.28780605	    148.20286500	    -16.18820444	     30.30451915	      0.19543088	     -9.97188104	     -2.06331204	     83.92144471	    125.65537529	    -12.35329405	     17.50458981
1760625418.22300005	      0.65729023	     -0.19611718	      1.54395877	     -0.01932388	      0.98412312	     -0.01368749	     80.00000000	     -7.00000000	      0.00000000	     80.00000000	      1.39626340	      0.00000000	      0.00000000	      0.00000000	     80.00000000	     -7.00000000	      0.00000000	     80.00000000	      1.39626340	      0.00000000	      0.00000000	      0.00000000	     -1.20805826	     -1.73666749	      0.04358438	      3.51804151	    -11.18627098	    -11.87343027	     70.30464070	    148.17244900	    -16.23195887	     30.33182422	      0.29295402	     -9.90303711	     -1.90905140	     83.96205971	    125.66416452	    -12.44094468	     17.51020522
1760625418.25699997	      0.66354288	     -0.18802937	      1.53893572	     -0.02005900	      0.98426173	     -0.01370369	     80.00000000	     -7.00000000	      0.00000000	     80.00000000	      1.39626340	      0.00000000	      0.00000000	      0.00000000	     80.00000000	     -7.00000000	      0.00000000	     80.00000000	      1.39626340	      0.00000000	      0.00000000	      0.00000000	     -1.16209374	     -1.77430986	      0.11405860	      3.54609272	    -11.21278301	    -11.86206579	     70.27257415	    148.10468543	    -16.32295229	     30.32798588	      0.31436923	     -9.92568585	     -1.75160919	     83.97091477	    125.65642982	    -12.56308437	     17.48417140
1760625418.28999996	      0.66491274	     -0.18107463	      1.53800697	     -0.01976916	      0.98433970	     -0.01368336	     80.00000000	     -7.00000000	      0.00000000	     80.00000000	      1.39626340	      0.00000000	      0.00000000	      0.00000000	     80.00000000	     -7.00000000	      0.00000000	     80.00000000	      1.39626340	      0.00000000	      0.00000000	      0.00000000	     -1.07206838	     -1.81543189	      0.19661304	      3.54139202	    -11.24872305	    -11.85364292	     70.23367181	    148.08478239	    -16.39932823	     30.35777655	      0.33969233	     -9.94405224	     -1.55078351	     83.97885257	    125.64735949	    -12.68387297	     17.50093238
1760625418.32299995	      0.66684245	     -0.16949184	      1.53699289	     -0.01892830	      0.98471387	     -0.01340795	     80.00000000	     -7.00000000	      0.00000000	     80.00000000	      1.39626340	      0.00000000	      0.00000000	      0.00000000	     80.00000000	     -7.00000000	      0.00000000	     80.00000000	      1.39626340	      0.00000000	      0.00000000	      0.00000000	     -1.03249079	     -1.88500917	      0.36619044	      3.54613725	    -11.24673628	    -11.96189942	     70.20540488	    148.07661844	    -16.44619023	     30.36972373	      0.38799956	     -9.98805269	     -1.29895391	     83.95412578	    125.62573595	    -12.78890552	     17.47061428
1760625418.35700011	      0.65672285	     -0.16378004	      1.53819057	     -0.01667732	      0.98519865	     -0.01340521	     80.00000000	     -7.00000000	      0.00000000	     80.00000000	      1.39626340	      0.00000000	      0.00000000	      0.00000000	     80.00000000	     -7.00000000	      0.00000000	     80.00000000	      1.39626340	      0.00000000	      0.00000000	      0.00000000	     -0.87680391	     -1.91996894	      0.60413406	      3.40773624	    -11.29490754	    -12.13515531	     70.13994525	    148.03550348	    -16.51686927	     30.34313215	      0.31189279	    -10.00511898	     -0.98380864	     83.95711701	    125.59339489	    -12.87043402	     17.45538923
1760625418.39000010	      0.65760045	     -0.16501688	      1.53934945	     -0.01797282	      0.98552441	     -0.01333948	     80.00000000	     -7.00000000	      0.00000000	     80.00000000	      1.39626340	      0.00000000	      0.00000000	      0.00000000	     80.00000000	     -7.00000000	      0.00000000	     80.00000000	      1.39626340	      0.00000000	      0.00000000	      0.00000000	     -0.80430585	     -1.95054805	      0.94744847	      3.34708783	    -11.41433764	    -12.36365791	     69.89780726	    147.87665259	    -16.68833144	     30.21894360	      0.31323766	    -10.02261736	     -0.51380258	     83.86911868	    125.53617953	    -13.04031988	     17.38652384
1760625418.42400002	      0.66889466	     -0.15863316	      1.54701425	     -0.01917443	      0.98570252	     -0.01341322	     80.00000000	     -7.00000000	      0.00000000	     80.00000000	      1.39626340	      0.00000000	      0.00000000	      0.00000000	     80.00000000	     -7.00000000	      0.00000000	     80.00000000	      1.39626340	      0.00000000	      0.00000000	      0.00000000	     -0.74101393	     -1.99231640	      1.06930711	      3.29582975	    -11.48574959	    -12.39845725	     69.67489633	    147.75414541	    -16.76597360	     30.15210484	      0.26130522	    -10.06287978	     -0.32449915	     83.78210374	    125.50252008	    -13.11772588	     17.31809043
1760625418.45700002	      0.68351207	     -0.15933920	      1.55422714	     -0.01990458	      0.98565917	     -0.01333847	     80.00000000	     -7.00000000	      0.00000000	     80.00000000	      1.39626340	      0.00000000	      0.00000000	      0.00000000	     80.00000000	     -7.00000000	      0.00000000	     80.00000000	      1.39626340	      0.00000000	      0.00000000	      0.00000000	     -0.73893719	     -1.98880002	      1.14712164	      3.27358832	    -11.56470751	    -12.40913086	     69.50434222	    147.66095802	    -16.78714751	     30.13615335	      0.25725694	    -10.06563618	     -0.20574017	     83.72741911	    125.53395274	    -13.10709183	     17.31394928
1760625418.49099994	      0.68595490	     -0.16237952	      1.55032725	     -0.02092675	      0.98574451	     -0.01306573	     80.00000000	     -7.00000000	      0.00000000	     80.00000000	      1.39626340	      0.00000000	      0.00000000	      0.00000000	     80.00000000	     -7.00000000	      0.00000000	     80.00000000	      1.39626340	      0.00000000	      0.00000000	      0.00000000	     -0.69436059	     -1.99784803	      1.20622375	      3.16176717	    -11.54396031	    -12.48037627	     69.48351495	    147.66077805	    -16.73213575	     30.17298869	      0.15543456	    -10.11062257	     -0.17534156	     83.73424816	    125.59157862	    -13.04726304	     17.31137390
1760625418.52399993	      0.68873272	     -0.16956955	      1.54890613	     -0.02135367	      0.98583451	     -0.01296163	     80.00000000	     -7.00000000	      0.00000000	     80.00000000	      1.39626340	      0.00000000	      0.00000000	      0.00000000	     80.00000000	     -7.00000000	      0.00000000	     80.00000000	      1.39626340	      0.00000000	      0.00000000	      0.00000000	     -0.72683612	     -1.97080664	      1.19157142	      3.12561561	    -11.53450907	    -12.54473959	     69.55459627	    147.63914993	    -16.71401192	     30.12858430	      0.12706871	    -10.12684163	     -0.23393552	     83.75083758	    125.56882158	    -12.99111694	     17.25144449
1760625418.55800009	      0.69540997	     -0.17298205	      1.56479926	     -0.02189390	      0.98588834	     -0.01260519	     80.00000000	     -7.00000000	      0.00000000	     80.00000000	      1.39626340	      0.00000000	      0.00000000	      0.00000000	     80.00000000	     -7.00000000	      0.00000000	     80.00000000	      1.39626340	      0.00000000	      0.00000000	      0.00000000	     -0.75148069	     -1.94818641	      1.09571719	      3.08613009	    -11.45226043	    -12.60565363	     69.77513456	    147.79186351	    -16.56337765	     30.18866725	      0.08578257	    -10.14977801	     -0.37355588	     83.76162290	    125.55490051	    -12.92768602	     17.19235686
1760625418.59100008	      0.67952068	     -0.17951000	      1.55890641	     -0.02247637	      0.98585015	     -0.01232118	     80.00000000	     -7.00000000	      0.00000000	     80.00000000	      1.39626340	      0.00000000	      0.00000000	      0.00000000	     80.00000000	     -7.00000000	      0.00000000	     80.00000000	      1.39626340	      0.00000000	      0.00000000	      0.00000000	     -0.81644947	     -1.90990589	      1.00162869	      3.12445761	    -11.41212448	    -12.66274932	     69.94743566	    147.91251092	    -16.45930824	     30.21120816	      0.11633419	    -10.16167326	     -0.57455719	     83.82964220	    125.51940649	    -12.81384795	     17.15821250
1760625418.62500000	      0.66084721	     -0.18320703	      1.54235713	     -0.02161112	      0.98545746	     -0.01253535	     80.00000000	     -7.00000000	      0.00000000	     80.00000000	      1.39626340	      0.00000000	      0.00000000	      0.00000000	     80.00000000	     -7.00000000	      0.00000000	     80.00000000	      1.39626340	      0.00000000	      0.00000000	      0.00000000	     -0.81722760	     -1.87965119	      0.96804437	      3.13489564	    -11.40143547	    -12.68959026	     70.02975219	    147.91228980	    -16.43493951	     30.17842112	      0.12861772	    -10.16327097	     -0.67085437	     83.89187026	    125.53720209	    -12.75467868	     17.16410152
1760625418.65799999	      0.66121792	     -0.19009405	      1.54527101	     -0.02209138	      0.98556000	     -0.01282950	     80.00000000	     -7.00000000	      0.00000000	     80.00000000	      1.39626340	      0.00000000	      0.00000000	      0.00000000	     80.00000000	     -7.00000000	      0.00000000	     80.00000000	      1.39626340	      0.00000000	      0.00000000	      0.00000000	     -0.85918875	     -1.81420267	      0.89601291	      3.20347365	    -11.45465064	    -12.63318955	     70.09443522	    147.92791430	    -16.43885694	     30.18850731	      0.19478151	    -10.12316416	     -0.74615110	     83.93633595	    125.53562726	    -12.73178774	     17.19254626
1760625418.69199991	      0.66093870	     -0.19876157	      1.54904029	     -0.02299258	      0.98552025	     -0.01316477	     80.00000000	     -7.00000000	      0.00000000	     80.00000000	      1.39626340	      0.00000000	      0.00000000	      0.00000000	     80.00000000	     -7.00000000	      0.00000000	     80.00000000	      1.39626340	      0.00000000	      0.00000000	      0.00000000	     -0.85216045	     -1.77308942	      0.86962054	      3.27371864	    -11.52312804	    -12.57048424	     70.11988421	    147.98990105	    -16.40650762	     30.24776030	      0.27468396	    -10.10379956	     -0.72808514	     83.94315208	    125.54417720	    -12.77803098	     17.23264909
1760625418.72499990	      0.65555413	     -0.19943137	      1.54673532	     -0.02293279	      0.98559124	     -0.01258686	     80.00000000	     -7.00000000	      0.00000000	     80.00000000	      1.39626340	      0.00000000	      0.00000000	      0.00000000	     80.00000000	     -7.00000000	      0.00000000	     80.00000000	      1.39626340	      0.00000000	      0.00000000	      0.00000000	     -0.80320987	     -1.78702342	      0.87409637	      3.29100611	    -11.53664520	    -12.51870528	     70.10563668	    147.99654638	    -16.42154703	     30.28382205	      0.31067311	    -10.12283299	     -0.69997775	     83.92590140	    125.57151849	    -12.81083037	     17.27574279
1760625418.75900006	      0.63905223	     -0.20151643	      1.55502637	     -0.02168253	      0.98536499	     -0.01247445	     80.00000000	     -7.00000000	      0.00000000	     80.00000000	      1.39626340	      0.00000000	      0.00000000	      0.00000000	     80.00000000	     -7.00000000	      0.00000000	     80.00000000	      1.39626340	      0.00000000	      0.00000000	      0.00000000	     -0.72781448	     -1.81589610	      0.86209734	      3.31643582	    -11.53534855	    -12.46405826	     70.08918847	    147.97861491	    -16.42591892	     30.33517008	      0.36656932	    -10.12597376	     -0.63797640	     83.90304705	    125.61169715	    -12.88745380	     17.37142090
1760625418.79200006	      0.61854181	     -0.20066200	      1.55513394	     -0.01896712	      0.98564302	     -0.01269534	     80.00000000	     -7.00000000	      0.00000000	     80.00000000	      1.39626340	      0.00000000	      0.00000000	      0.00000000	     80.00000000	     -7.00000000	      0.00000000	     80.00000000	      1.39626340	      0.00000000	      0.00000000	      0.00000000	     -0.68066165	     -1.83974212	      0.85088254	      3.32667007	    -11.53275164	    -12.45075385	     70.10886211	    147.95804003	    -16.44032176	     30.34049429	      0.41118798	    -10.13080244	     -0.62172876	     83.90583195	    125.62272392	    -12.94432867	     17.42035539
1760625418.82500005	      0.61132504	     -0.19525864	      1.55294153	     -0.01766093	      0.98588065	     -0.01317527	     80.00000000	     -7.00000000	      0.00000000	     80.00000000	      1.39626340	      0.00000000	      0.00000000	      0.00000000	     80.00000000	     -7.00000000	      0.00000000	     80.00000000	      1.39626340	      0.00000000	      0.00000000	      0.00000000	     -0.64261395	     -1.85891636	      0.84390818	      3.33011839	    -11.52261870	    -12.43544053	     70.13063528	    147.95432050	    -16.46344330	     30.33347636	      0.44606852	    -10.11395527	     -0.63141820	     83.91166093	    125.60358194	    -12.99299718	     17.42450815
1760625418.85899997	      0.60301651	     -0.19311899	      1.54977382	     -0.01630441	      0.98597027	     -0.01350075	     80.00000000	     -7.00000000	      0.00000000	     80.00000000	      1.39626340	      0.00000000	      0.00000000	      0.00000000	     80.00000000	     -7.00000000	      0.00000000	     80.00000000	      1.39626340	      0.00000000	      0.00000000	      0.00000000	     -0.60588368	     -1.87133331	      0.84363244	      3.33592236	    -11.51983052	    -12.38439049	     70.16884076	    147.93893904	    -16.47575645	     30.35558618	      0.46876946	    -10.09833393	     -0.60140724	     83.91706781	    125.61328418	    -13.07536395	     17.44616506
1760625418.89199996	      0.60435813	     -0.18700591	      1.54633422	     -0.01542206	      0.98608108	     -0.01399688	     80.00000000	     -7.00000000	      0.00000000	     80.00000000	      1.39626340	      0.00000000	      0.00000000	      0.00000000	     80.00000000	     -7.00000000	      0.00000000	     80.00000000	      1.39626340	      0.00000000	      0.00000000	      0.00000000	     -0.58564994	     -1.88072381	      0.85526627	      3.35269753	    -11.52083081	    -12.34136187	     70.17448834	    147.97430840	    -16.48289273	     30.39985196	      0.45673209	    -10.07503033	     -0.56209143	     83.92026023	    125.60100326	    -13.14064529	     17.45453063
1760625418.92600012	      0.60373892	     -0.19036652	      1.54656468	     -0.01752177	      0.98631939	     -0.01411430	     80.00000000	     -7.00000000	      0.00000000	     80.00000000	      1.39626340	      0.00000000	      0.00000000	      0.00000000	     80.00000000	     -7.00000000	      0.00000000	     80.00000000	      1.39626340	      0.00000000	      0.00000000	      0.00000000	     -0.58806108	     -1.89077892	      0.84978026	      3.38736101	    -11.51161089	    -12.30533457	     70.19215468	    147.96451309	    -16.46593352	     30.41016082	      0.48635969	    -10.04681875	     -0.53264184	     83.88907847	    125.63546146	    -13.18986982	     17.46878859
1760625418.95900011	      0.61908130	     -0.18185717	      1.54841000	     -0.01920056	      0.98653307	     -0.01431379	     80.00000000	     -7.00000000	      0.00000000	     80.00000000	      1.39626340	      0.00000000	      0.00000000	      0.00000000	     80.00000000	     -7.00000000	      0.00000000	     80.00000000	      1.39626340	      0.00000000	      0.00000000	      0.00000000	     -0.71767189	     -1.89616402	      0.80597821	      3.54287181	    -11.53849480	    -12.23274598	     70.16678165	    147.91141779	    -16.43106119	     30.39855899	      0.61476689	    -10.00273406	     -0.52967248	     83.85242610	    125.66026977	    -13.20886364	     17.48860040
1760625418.99200010	      0.62496973	     -0.18492818	      1.54648809	     -0.01954514	      0.98647627	     -0.01404798	     80.00000000	     -7.00000000	      0.00000000	     80.00000000	      1.39626340	      0.00000000	      0.00000000	      0.00000000	     80.00000000	     -7.00000000	      0.00000000	     80.00000000	      1.39626340	      0.00000000	      0.00000000	      0.00000000	     -0.72622032	     -1.91157077	      0.78754463	      3.54489263	    -11.53946787	    -12.19651155	     70.16006723	    147.88764778	    -16.43556464	     30.40142392	      0.61165676	     -9.97939906	     -0.50373377	     83.83758050	    125.69326428	    -13.22021876	     17.53554873
1760625419.02600002	      0.62849959	     -0.17809433	      1.56005286	     -0.01891287	      0.98651897	     -0.01381930	     80.00000000	     -7.00000000	      0.00000000	     80.00000000	      1.39626340	      0.00000000	      0.00000000	      0.00000000	     80.00000000	     -7.00000000	      0.00000000	     80.00000000	      1.39626340	      0.00000000	      0.00000000	      0.00000000	     -0.73774276	     -1.94321268	      0.70788386	      3.54539802	    -11.51582274	    -12.14688953	     70.16281724	    147.88546724	    -16.43675629	     30.38262626	      0.56278601	     -9.95540224	     -0.57451218	     83.91856543	    125.75470188	    -13.17490386	     17.61241506
1760625419.05999994	      0.62484357	     -0.19108563	      1.56447570	     -0.01658693	      0.98634563	     -0.01428429	     80.00000000	     -7.00000000	      0.00000000	     80.00000000	      1.39626340	      0.00000000	      0.00000000	      0.00000000	     80.00000000	     -7.00000000	      0.00000000	     80.00000000	      1.39626340	      0.00000000	      0.00000000	      0.00000000	     -0.67324615	     -1.91993606	      0.68033627	      3.43051715	    -11.53707302	    -12.19162183	     70.19700713	    147.87763052	    -16.40519131	     30.35451625	      0.42748358	     -9.90628074	     -0.65649353	     83.95920244	    125.75442050	    -13.13190999	     17.58067150
1760625419.09299994	      0.61877555	     -0.19754066	      1.56768739	     -0.01522888	      0.98624161	     -0.01414251	     80.00000000	     -7.00000000	      0.00000000	     80.00000000	      1.39626340	      0.00000000	      0.00000000	      0.00000000	     80.00000000	     -7.00000000	      0.00000000	     80.00000000	      1.39626340	      0.00000000	      0.00000000	      0.00000000	     -0.65220654	     -1.92962578	      0.69942721	      3.37633353	    -11.52768736	    -12.25532528	     70.20286056	    147.90153382	    -16.39384201	     30.35840654	      0.36567952	     -9.89422388	     -0.68350356	     84.01383050	    125.77550070	    -13.07035164	     17.60548555
1760625419.12700009	      0.63449929	     -0.19743093	      1.57984880	     -0.01658015	      0.98625396	     -0.01369203	     80.00000000	     -7.00000000	      0.00000000	     80.00000000	      1.39626340	      0.00000000	      0.00000000	      0.00000000	     80.00000000	     -7.00000000	      0.00000000	     80.00000000	      1.39626340	      0.00000000	      0.00000000	      0.00000000	     -0.67338951	     -1.92806881	      0.67724883	      3.35466319	    -11.53059876	    -12.28408978	     70.19127933	    147.89531693	    -16.37419898	     30.34016737	      0.36086368	     -9.88887462	     -0.73376575	     84.01186178	    125.75680295	    -13.03299691	     17.59378662
1760625419.16000009	      0.64067514	     -0.20075946	      1.57828537	     -0.01637662	      0.98596110	     -0.01331355	     80.00000000	     -7.00000000	      0.00000000	     80.00000000	      1.39626340	      0.00000000	      0.00000000	      0.00000000	     80.00000000	     -7.00000000	      0.00000000	     80.00000000	      1.39626340	      0.00000000	      0.00000000	      0.00000000	     -0.71347477	     -1.91386750	      0.63633648	      3.37111483	    -11.58074605	    -12.26086723	     70.12491668	    147.81632458	    -16.38067081	     30.28548039	      0.34744516	     -9.86448380	     -0.85994089	     84.08834405	    125.77894190	    -12.92712146	     17.63487960
1760625419.19300008	      0.64902103	     -0.20805403	      1.58650286	     -0.01665914	      0.98601302	     -0.01309027	     80.00000000	     -7.00000000	      0.00000000	     80.00000000	      1.39626340	      0.00000000	      0.00000000	      0.00000000	     80.00000000	     -7.00000000	      0.00000000	     80.00000000	      1.39626340	      0.00000000	      0.00000000	      0.00000000	     -0.77939516	     -1.93308458	      0.54626621	      3.45094411	    -11.57995812	    -12.15631259	     70.02679324	    147.74292832	    -16.40552319	     30.24680123	      0.39764663	     -9.89618714	     -0.98015166	     84.09937145	    125.78720422	    -12.88218828	     17.66996494
1760625419.22700000	      0.65384222	     -0.21141800	      1.59903252	     -0.01626023	      0.98573151	     -0.01290319	     80.00000000	     -7.00000000	      0.00000000	     80.00000000	      1.39626340	      0.00000000	      0.00000000	      0.00000000	     80.00000000	     -7.00000000	      0.00000000	     80.00000000	      1.39626340	      0.00000000	      0.00000000	      0.00000000	     -0.76234380	     -1.93008327	      0.51316815	      3.43877149	    -11.59877104	    -12.09231260	     69.93925534	    147.65279115	    -16.45502929	     30.21860650	      0.35505617	     -9.89426874	     -1.01490284	     84.12192555	    125.80748263	    -12.87128487	     17.71873891
1760625419.25999999	      0.65468423	     -0.21655066	      1.61391945	     -0.01576764	      0.98545337	     -0.01291284	     80.00000000	     -7.00000000	      0.00000000	     80.00000000	      1.39626340	      0.00000000	      0.00000000	      0.00000000	     80.00000000	     -7.00000000	      0.00000000	     80.00000000	      1.39626340	      0.00000000	      0.00000000	      0.00000000	     -0.81167505	     -1.92092581	      0.52385482	      3.48024130	    -11.62650914	    -12.11897617	     69.85506131	    147.56827472	    -16.46279918	     30.19134313	      0.38652394	     -9.88477551	     -1.02055681	     84.14525543	    125.79546325	    -12.87159585	     17.73598269
1760625419.29399991	      0.65247132	     -0.21599366	      1.60726722	     -0.01540905	      0.98555849	     -0.01298406	     80.00000000	     -7.00000000	      0.00000000	     80.00000000	      1.39626340	      0.00000000	      0.00000000	      0.00000000	     80.00000000	     -7.00000000	      0.00000000	     80.00000000	      1.39626340	      0.00000000	      0.00000000	      0.00000000	     -0.81666934	     -1.95475907	      0.63644395	      3.48038563	    -11.60808535	    -12.23789429	     69.77880398	    147.50368842	    -16.47744529	     30.15369777	      0.39477210	     -9.92114731	     -0.97226228	     84.16585638	    125.79623364	    -12.85732781	     17.72778212
1760625419.32699990	      0.64578503	     -0.22470521	      1.61380831	     -0.01519182	      0.98557367	     -0.01324107	     80.00000000	     -7.00000000	      0.00000000	     80.00000000	      1.39626340	      0.00000000	      0.00000000	      0.00000000	     80.00000000	     -7.00000000	      0.00000000	     80.00000000	      1.39626340	      0.00000000	      0.00000000	      0.00000000	     -0.83333804	     -1.97407486	      0.81552913	      3.46119960	    -11.56319083	    -12.42977061	     69.79415455	    147.48805491	    -16.45419133	     30.14549673	      0.42521907	     -9.93304861	     -0.85576912	     84.20966914	    125.81181777	    -12.82218760	     17.74902574
1760625419.36100006	      0.65225871	     -0.23187114	      1.62318353	     -0.01484570	      0.98566468	     -0.01340656	     80.00000000	     -7.00000000	      0.00000000	     80.00000000	      1.39626340	      0.00000000	      0.00000000	      0.00000000	     80.00000000	     -7.00000000	      0.00000000	     80.00000000	      1.39626340	      0.00000000	      0.00000000	      0.00000000	     -0.83870680	     -1.98150007	      0.87125783	      3.46849890	    -11.54639914	    -12.44755981	     69.77549828	    147.45452686	    -16.40559061	     30.14004867	      0.41560799	     -9.92849441	     -0.88294182	     84.21923413	    125.79964129	    -12.82654199	     17.73800679
1760625419.39400005	      0.63772334	     -0.22077443	      1.60359808	     -0.01447182	      0.98584062	     -0.01346729	     80.00000000	     -7.00000000	      0.00000000	     80.00000000	      1.39626340	      0.00000000	      0.00000000	      0.00000000	     80.00000000	     -7.00000000	      0.00000000	     80.00000000	      1.39626340	      0.00000000	      0.00000000	      0.00000000	     -0.84572926	     -2.03180833	      1.00550775	      3.49428443	    -11.52422932	    -12.48781462	     69.70205686	    147.36211194	    -16.43328455	     30.10858358	      0.42894671	     -9.93715579	     -0.80700523	     84.24479197	    125.81618398	    -12.84253922	     17.78523430
1760625419.42700005	      0.62783549	     -0.23887024	      1.60589119	     -0.01347612	      0.98583715	     -0.01341193	     80.00000000	     -7.00000000	      0.00000000	     80.00000000	      1.39626340	      0.00000000	      0.00000000	      0.00000000	     80.00000000	     -7.00000000	      0.00000000	     80.00000000	      1.39626340	      0.00000000	      0.00000000	      0.00000000	     -0.83862862	     -2.03060146	      1.05244644	      3.49518579	    -11.49858236	    -12.48054603	     69.67240116	    147.28989507	    -16.39910395	     30.10251326	      0.43147089	     -9.92734210	     -0.80651858	     84.21975884	    125.82794043	    -12.83399211	     17.81525154
1760625419.46099997	      0.62238493	     -0.23088372	      1.61060683	     -0.01516246	      0.98613942	     -0.01360459	     80.00000000	     -7.00000000	      0.00000000	     80.00000000	      1.39626340	      0.00000000	      0.00000000	      0.00000000	     80.00000000	     -7.00000000	      0.00000000	     80.00000000	      1.39626340	      0.00000000	      0.00000000	      0.00000000	     -0.86483784	     -2.07487915	      1.17147408	      3.51073796	    -11.50140043	    -12.54630070	     69.51709605	    147.13789736	    -16.43652233	     30.00168567	      0.45433759	     -9.95248654	     -0.73604605	     84.20199109	    125.84591506	    -12.80026294	     17.85170453
1760625419.49399996	      0.62739498	     -0.23607102	      1.62368728	     -0.01604196	      0.98594338	     -0.01366584	     80.00000000	     -7.00000000	      0.00000000	     80.00000000	      1.39626340	      0.00000000	      0.00000000	      0.00000000	     80.00000000	     -7.00000000	      0.00000000	     80.00000000	      1.39626340	      0.00000000	      0.00000000	      0.00000000	     -0.89874982	     -2.07458435	      1.18909430	      3.49084259	    -11.49245134	    -12.54366746	     69.48382050	    147.06270975	    -16.40523218	     29.97492094	      0.43558979	     -9.95731254	     -0.73671478	     84.19541726	    125.81790698	    -12.77841137	     17.83572647
1760625419.52800012	      0.60859450	     -0.22713875	      1.61565882	     -0.01334790	      0.98556014	     -0.01366831	     80.00000000	     -7.00000000	      0.00000000	     80.00000000	      1.39626340	      0.00000000	      0.00000000	      0.00000000	     80.00000000	     -7.00000000	      0.00000000	     80.00000000	      1.39626340	      0.00000000	      0.00000000	      0.00000000	     -0.86667687	     -2.09336178	      1.24511732	      3.41636769	    -11.50389291	    -12.53727232	     69.38537460	    146.94094214	    -16.48894355	     29.87397510	      0.36008863	     -9.97982132	     -0.71160750	     84.18478181	    125.78277484	    -12.76936594	     17.78248875
1760625419.56100011	      0.61238969	     -0.22603601	      1.62244997	     -0.01501801	      0.98551783	     -0.01322794	     80.00000000	     -7.00000000	      0.00000000	     80.00000000	      1.39626340	      0.00000000	      0.00000000	      0.00000000	     80.00000000	     -7.00000000	      0.00000000	     80.00000000	      1.39626340	      0.00000000	      0.00000000	      0.00000000	     -0.93683688	     -2.08657579	      1.15417035	      3.42020329	    -11.51615527	    -12.42515950	     69.28558772	    146.79748358	    -16.54462200	     29.75289278	      0.36218193	     -9.98345472	     -0.80550364	     84.15886867	    125.76163754	    -12.73238031	     17.78365744
1760625419.59500003	      0.62311721	     -0.22124753	      1.63017713	     -0.01558495	      0.98525008	     -0.01337679	     80.00000000	     -7.00000000	      0.00000000	     80.00000000	      1.39626340	      0.00000000	      0.00000000	      0.00000000	     80.00000000	     -7.00000000	      0.00000000	     80.00000000	      1.39626340	      0.00000000	      0.00000000	      0.00000000	     -1.00873126	     -2.03389338	      0.99657925	      3.44996925	    -11.57122058	    -12.25820974	     69.22640367	    146.72643311	    -16.58295573	     29.68652192	      0.37507219	     -9.93847166	     -0.95756599	     84.13002726	    125.72963043	    -12.70155135	     17.77456872
1760625419.62800002	      0.63491883	     -0.21823230	      1.62776979	     -0.01680027	      0.98478224	     -0.01322695	     80.00000000	     -7.00000000	      0.00000000	     80.00000000	      1.39626340	      0.00000000	      0.00000000	      0.00000000	     80.00000000	     -7.00000000	      0.00000000	     80.00000000	      1.39626340	      0.00000000	      0.00000000	      0.00000000	     -0.98757977	     -1.98250041	      0.80819670	      3.39924394	    -11.63691557	    -12.04426545	     69.13184878	    146.63466821	    -16.66761827	     29.59562827	      0.30757913	     -9.90400734	     -1.13695247	     84.06359932	    125.69812770	    -12.69911936	     17.75892349
1760625419.66199994	      0.63720313	     -0.21882128	      1.62928753	     -0.01709376	      0.98394911	     -0.01319506	     80.00000000	     -7.00000000	      0.00000000	     80.00000000	      1.39626340	      0.00000000	      0.00000000	      0.00000000	     80.00000000	     -7.00000000	      0.00000000	     80.00000000	      1.39626340	      0.00000000	      0.00000000	      0.00000000	     -0.95282993	     -1.91138212	      0.62612831	      3.33737576	    -11.70871717	    -11.84831491	     69.06384872	    146.55821635	    -16.72193604	     29.51897269	      0.22773999	     -9.85392024	     -1.29302143	     84.00111140	    125.67192946	    -12.70121880	     17.75841146
1760625419.69499993	      0.64307009	     -0.21617288	      1.63762536	     -0.01790997	      0.98415784	     -0.01288713	     80.00000000	     -7.00000000	      0.00000000	     80.00000000	      1.39626340	      0.00000000	      0.00000000	      0.00000000	     80.00000000	     -7.00000000	      0.00000000	     80.00000000	      1.39626340	      0.00000000	      0.00000000	      0.00000000	     -0.95896870	     -1.88338890	      0.43456054	      3.34336173	    -11.74462961	    -11.65831586	     69.04210533	    146.52537601	    -16.74840266	     29.48433275	      0.20283174	     -9.82786517	     -1.45373688	     83.98149365	    125.66583664	    -12.68309525	     17.79407038
1760625419.72900009	      0.65201903	     -0.21496928	      1.63211530	     -0.01712591	      0.98402139	     -0.01238915	     80.00000000	     -7.00000000	      0.00000000	     80.00000000	      1.39626340	      0.00000000	      0.00000000	      0.00000000	     80.00000000	     -7.00000000	      0.00000000	     80.00000000	      1.39626340	      0.00000000	      0.00000000	      0.00000000	     -0.96389673	     -1.87832002	      0.39897403	      3.29660368	    -11.74174054	    -11.63086378	     69.06683760	    146.50764555	    -16.78037805	     29.47149353	      0.20237359	     -9.83077099	     -1.44818452	     83.94253523	    125.64783330	    -12.69637046	     17.81016498
1760625419.76200008	      0.64448112	     -0.21438591	      1.63653988	     -0.01611588	      0.98409362	     -0.01198815	     80.00000000	     -7.00000000	      0.00000000	     80.00000000	      1.39626340	      0.00000000	      0.00000000	      0.00000000	     80.00000000	     -7.00000000	      0.00000000	     80.00000000	      1.39626340	      0.00000000	      0.00000000	      0.00000000	     -0.89313132	     -1.89804642	      0.31344046	      3.23641889	    -11.71398932	    -11.56375232	     69.06259865	    146.46701470	    -16.80453414	     29.44381942	      0.13367374	     -9.86660674	     -1.50167627	     83.87480289	    125.61353058	    -12.76692991	     17.74203361
1760625419.79500008	      0.63226362	     -0.21976702	      1.64289689	     -0.01612048	      0.98372935	     -0.01190410	     80.00000000	     -7.00000000	      0.00000000	     80.00000000	      1.39626340	      0.00000000	      0.00000000	      0.00000000	     80.00000000	     -7.00000000	      0.00000000	     80.00000000	      1.39626340	      0.00000000	      0.00000000	      0.00000000	     -0.86687855	     -1.90176534	      0.27859298	      3.22697648	    -11.70778371	    -11.55381267	     69.06326993	    146.46226057	    -16.80809816	     29.45792564	      0.11219917	     -9.88540850	     -1.50924766	     83.86937543	    125.60126467	    -12.78013870	     17.72460926
1760625419.82900000	      0.64885577	     -0.22180697	      1.63444366	     -0.01851495	      0.98360355	     -0.01199141	     80.00000000	     -7.00000000	      0.00000000	     80.00000000	      1.39626340	      0.00000000	      0.00000000	      0.00000000	     80.00000000	     -7.00000000	      0.00000000	     80.00000000	      1.39626340	      0.00000000	      0.00000000	      0.00000000	     -0.85464851	     -1.89958138	      0.28284171	      3.23741995	    -11.71924504	    -11.54158107	     69.02498222	    146.42278961	    -16.81808772	     29.47457493	      0.10595232	     -9.90514519	     -1.48002031	     83.85940415	    125.57904159	    -12.80605486	     17.72820197
1760625419.86199999	      0.67397834	     -0.21188329	      1.61081459	     -0.02033740	      0.98354190	     -0.01190758	     80.00000000	     -7.00000000	      0.00000000	     80.00000000	      1.39626340	      0.00000000	      0.00000000	      0.00000000	     80.00000000	     -7.00000000	      0.00000000	     80.00000000	      1.39626340	      0.00000000	      0.00000000	      0.00000000	     -0.91684364	     -1.92305016	      0.38607610	      3.32493665	    -11.75446360	    -11.56916084	     68.91196863	    146.32236104	    -16.89028614	     29.43840082	      0.17056717	     -9.93351774	     -1.35994199	     83.83990548	    125.55853698	    -12.86254754	     17.70324429
1760625419.89599991	      0.68583828	     -0.21707473	      1.61912444	     -0.02119916	      0.98362535	     -0.01173250	     80.00000000	     -7.00000000	      0.00000000	     80.00000000	      1.39626340	      0.00000000	      0.00000000	      0.00000000	     80.00000000	     -7.00000000	      0.00000000	     80.00000000	      1.39626340	      0.00000000	      0.00000000	      0.00000000	     -0.88635792	     -1.96052053	      0.57361355	      3.28660492	    -11.70495708	    -11.74929837	     68.90620544	    146.31938627	    -16.87648737	     29.48826088	      0.16857827	     -9.99909937	     -1.12393975	     83.83364685	    125.54817101	    -12.88122384	     17.70663031
1760625419.92899990	      0.67910937	     -0.23859578	      1.66362177	     -0.02220321	      0.98343051	     -0.01179869	     80.00000000	     -7.00000000	      0.00000000	     80.00000000	      1.39626340	      0.00000000	      0.00000000	      0.00000000	     80.00000000	     -7.00000000	      0.00000000	     80.00000000	      1.39626340	      0.00000000	      0.00000000	      0.00000000	     -0.87077993	     -1.96588232	      0.72091296	      3.27710031	    -11.64769041	    -11.98636095	     68.94139804	    146.35878449	    -16.84344915	     29.51564551	      0.21400249	    -10.04988831	     -0.84181704	     83.81816466	    125.55995785	    -12.92479246	     17.73413065
1760625419.96300006	      0.66437416	     -0.26128072	      1.67299755	     -0.02320402	      0.98352267	     -0.01185050	     80.00000000	     -7.00000000	      0.00000000	     80.00000000	      1.39626340	      0.00000000	      0.00000000	      0.00000000	     80.00000000	     -7.00000000	      0.00000000	     80.00000000	      1.39626340	      0.00000000	      0.00000000	      0.00000000	     -0.89364189	     -2.00585845	      0.91524492	      3.28016276	    -11.57117365	    -12.24039272	     68.94225080	    146.33689460	    -16.82035533	     29.50564311	      0.29985822	    -10.11501444	     -0.57858938	     83.78890468	    125.55371594	    -12.95990038	     17.72541064
1760625420.02999997	      0.65302330	     -0.27518734	      1.60530248	     -0.02338955	      0.98411880	     -0.01187478	     80.00000000	     -7.00000000	      0.00000000	     80.00000000	      1.39626340	      0.00000000	      0.00000000	      0.00000000	     80.00000000	     -7.00000000	      0.00000000	     80.00000000	      1.39626340	      0.00000000	      0.00000000	      0.00000000	     -0.77139667	     -2.01717514	      1.06272388	      3.11598215	    -11.48777684	    -12.34922744	     68.97486326	    146.31871090	    -16.79191353	     29.50976797	      0.20119717	    -10.18781697	     -0.50776562	     83.77422552	    125.50300156	    -12.95320519	     17.64737995
1760625420.06299996	      0.67198975	     -0.28265727	      1.59410450	     -0.02331164	      0.98406943	     -0.01175819	     80.00000000	     -7.00000000	      0.00000000	     80.00000000	      1.39626340	      0.00000000	      0.00000000	      0.00000000	     80.00000000	     -7.00000000	      0.00000000	     80.00000000	      1.39626340	      0.00000000	      0.00000000	      0.00000000	     -0.77812327	     -2.00551750	      1.09708940	      3.12189435	    -11.49480183	    -12.33388510	     68.96295962	    146.28990931	    -16.76572404	     29.51648563	      0.17632429	    -10.22043879	     -0.50879926	     83.78273505	    125.44400329	    -12.93179708	     17.62189407
1760625420.09599996	      0.69470243	     -0.29310926	      1.58872370	     -0.02402543	      0.98383287	     -0.01193454	     80.00000000	     -7.00000000	      0.00000000	     80.00000000	      1.39626340	      0.00000000	      0.00000000	      0.00000000	     80.00000000	     -7.00000000	      0.00000000	     80.00000000	      1.39626340	      0.00000000	      0.00000000	      0.00000000	     -0.78949749	     -1.98385509	      1.11475044	      3.12689946	    -11.49274710	    -12.28480251	     68.94565759	    146.25193050	    -16.77903290	     29.53283335	      0.16776938	    -10.24445638	     -0.48478691	     83.75677805	    125.45332441	    -12.93529518	     17.64878744
1760625420.13000011	      0.69384483	     -0.30348294	      1.59237711	     -0.02283247	      0.98352759	     -0.01233578	     80.00000000	     -7.00000000	      0.00000000	     80.00000000	      1.39626340	      0.00000000	      0.00000000	      0.00000000	     80.00000000	     -7.00000000	      0.00000000	     80.00000000	      1.39626340	      0.00000000	      0.00000000	      0.00000000	     -0.74360186	     -1.91906083	      1.11886211	      3.08760514	    -11.55299996	    -12.24517581	     68.89638676	    146.20719152	    -16.84976725	     29.49719462	      0.09321489	    -10.21785216	     -0.43628565	     83.75430686	    125.48507732	    -12.95263666	     17.73901757
1760625420.16300011	      0.68715904	     -0.30954518	      1.58653964	     -0.02287578	      0.98333651	     -0.01223932	     80.00000000	     -7.00000000	      0.00000000	     80.00000000	      1.39626340	      0.00000000	      0.00000000	      0.00000000	     80.00000000	     -7.00000000	      0.00000000	     80.00000000	      1.39626340	      0.00000000	      0.00000000	      0.00000000	     -0.73959777	     -1.90064080	      1.11478036	      3.07544355	    -11.54304630	    -12.24898042	     68.90979480	    146.20277770	    -16.86082294	     29.48397223	      0.08500253	    -10.22297152	     -0.43032424	     83.73482303	    125.48312286	    -12.96320552	     17.76110514
1760625420.19700003	      0.68745301	     -0.30548270	      1.59330196	     -0.02309780	      0.98324655	     -0.01217547	     80.00000000	     -7.00000000	      0.00000000	     80.00000000	      1.39626340	      0.00000000	      0.00000000	      0.00000000	     80.00000000	     -7.00000000	      0.00000000	     80.00000000	      1.39626340	      0.00000000	      0.00000000	      0.00000000	     -0.74095525	     -1.88455494	      1.10931717	      3.04405821	    -11.54474127	    -12.28355408	     68.92601688	    146.20977849	    -16.86200622	     29.45720203	      0.07337218	    -10.21715310	     -0.47231548	     83.73922295	    125.46250813	    -12.93448305	     17.72817736
1760625420.23000002	      0.70342688	     -0.30684813	      1.60120566	     -0.02251972	      0.98305107	     -0.01223271	     80.00000000	     -7.00000000	      0.00000000	     80.00000000	      1.39626340	      0.00000000	      0.00000000	      0.00000000	     80.00000000	     -7.00000000	      0.00000000	     80.00000000	      1.39626340	      0.00000000	      0.00000000	      0.00000000	     -0.69110709	     -1.83571882	      1.12321098	      2.92594413	    -11.54366204	    -12.33189689	     68.97423439	    146.23768020	    -16.82485818	     29.48752867	     -0.02301349	    -10.18945790	     -0.51443270	     83.75358023	    125.44158602	    -12.90435305	     17.68724711
1760625420.26399994	      0.70845724	     -0.30204354	      1.60509476	     -0.02234855	      0.98297089	     -0.01220013	     80.00000000	     -7.00000000	      0.00000000	     80.00000000	      1.39626340	      0.00000000	      0.00000000	      0.00000000	     80.00000000	     -7.00000000	      0.00000000	     80.00000000	      1.39626340	      0.00000000	      0.00000000	      0.00000000	     -0.69958168	     -1.82895534	      1.13710689	      2.92346300	    -11.54025580	    -12.34078737	     68.96398564	    146.23755393	    -16.81156229	     29.50151776	     -0.03901787	    -10.19587494	     -0.51391283	     83.75911807	    125.43389306	    -12.89285417	     17.68421529
1760625420.29699993	      0.71907110	     -0.29650907	      1.59713822	     -0.02287930	      0.98301294	     -0.01170442	     80.00000000	     -7.00000000	      0.00000000	     80.00000000	      1.39626340	      0.00000000	      0.00000000	      0.00000000	     80.00000000	     -7.00000000	      0.00000000	     80.00000000	      1.39626340	      0.00000000	      0.00000000	      0.00000000	     -0.70744935	     -1.82436075	      1.13825550	      2.90498086	    -11.52970506	    -12.32769536	     68.96210279	    146.23014681	    -16.80191212	     29.50333273	     -0.03290034	    -10.19871141	     -0.52007189	     83.74468715	    125.41231928	    -12.87707384	     17.70448096
1760625420.33100009	      0.73118451	     -0.28930797	      1.59728522	     -0.02280060	      0.98282020	     -0.01153149	     80.00000000	     -7.00000000	      0.00000000	     80.00000000	      1.39626340	      0.00000000	      0.00000000	      0.00000000	     80.00000000	     -7.00000000	      0.00000000	     80.00000000	      1.39626340	      0.00000000	      0.00000000	      0.00000000	     -0.70670152	     -1.82504098	      1.12847341	      2.87951049	    -11.52229089	    -12.31277381	     68.96501791	    146.22706865	    -16.80960132	     29.51057562	     -0.05456354	    -10.20836496	     -0.50982515	     83.73874269	    125.42373160	    -12.86505098	     17.73575869
1760625420.36400008	      0.73295375	     -0.28484583	      1.57666712	     -0.02317088	      0.98301937	     -0.01130460	     80.00000000	     -7.00000000	      0.00000000	     80.00000000	      1.39626340	      0.00000000	      0.00000000	      0.00000000	     80.00000000	     -7.00000000	      0.00000000	     80.00000000	      1.39626340	      0.00000000	      0.00000000	      0.00000000	     -0.69564373	     -1.83321237	      1.11976064	      2.86846576	    -11.49922444	    -12.28421849	     68.97573049	    146.22147501	    -16.80697355	     29.51400463	     -0.05375646	    -10.22308766	     -0.51509542	     83.72825271	    125.42396433	    -12.86379299	     17.77365087
1760625420.39800000	      0.72220816	     -0.27568897	      1.57079104	     -0.02213523	      0.98279445	     -0.01137839	     80.00000000	     -7.00000000	      0.00000000	     80.00000000	      1.39626340	      0.00000000	      0.00000000	      0.00000000	     80.00000000	     -7.00000000	      0.00000000	     80.00000000	      1.39626340	      0.00000000	      0.00000000	      0.00000000	     -0.62244787	     -1.86086594	      1.03640528	      2.81489718	    -11.46276547	    -12.19965484	     69.00132052	    146.21872509	    -16.78806460	     29.52948532	     -0.13802887	    -10.24590644	     -0.58463195	     83.77330826	    125.42667317	    -12.84129984	     17.82139131
1760625420.43099999	      0.72029143	     -0.27160479	      1.56044807	     -0.02049496	      0.98273101	     -0.01138368	     80.00000000	     -7.00000000	      0.00000000	     80.00000000	      1.39626340	      0.00000000	      0.00000000	      0.00000000	     80.00000000	     -7.00000000	      0.00000000	     80.00000000	      1.39626340	      0.00000000	      0.00000000	      0.00000000	     -0.54745578	     -1.86791334	      1.01672924	      2.74062750	    -11.44904664	    -12.19510815	     69.03424916	    146.24708826	    -16.77520887	     29.54291086	     -0.21653245	    -10.24126879	     -0.58810609	     83.78702051	    125.41405637	    -12.85183998	     17.81000151
1760625420.46399999	      0.71856231	     -0.26462218	      1.55422945	     -0.01992956	      0.98283354	     -0.01144005	     80.00000000	     -7.00000000	      0.00000000	     80.00000000	      1.39626340	      0.00000000	      0.00000000	      0.00000000	     80.00000000	     -7.00000000	      0.00000000	     80.00000000	      1.39626340	      0.00000000	      0.00000000	      0.00000000	     -0.45577065	     -1.89597411	      1.10134607	      2.63913933	    -11.42734682	    -12.29332308	     69.06562854	    146.26762646	    -16.74591390	     29.56938666	     -0.29376073	    -10.24983089	     -0.47635986	     83.79671943	    125.40640761	    -12.86719419	     17.79747332
1760625420.49799991	      0.72748301	     -0.26080181	      1.56215846	     -0.02037235	      0.98306118	     -0.01198675	     80.00000000	     -7.00000000	      0.00000000	     80.00000000	      1.39626340	      0.00000000	      0.00000000	      0.00000000	     80.00000000	     -7.00000000	      0.00000000	     80.00000000	      1.39626340	      0.00000000	      0.00000000	      0.00000000	     -0.45091080	     -1.91423496	      1.10052169	      2.65472996	    -11.43403120	    -12.29568116	     69.04581776	    146.26436751	    -16.72656737	     29.59008394	     -0.29842071	    -10.23794627	     -0.40904105	     83.80052165	    125.43775558	    -12.89972248	     17.81192009
1760625420.56500006	      0.73283673	     -0.25137628	      1.56152400	     -0.01859651	      0.98326153	     -0.01208634	     80.00000000	     -7.00000000	      0.00000000	     80.00000000	      1.39626340	      0.00000000	      0.00000000	      0.00000000	     80.00000000	     -7.00000000	      0.00000000	     80.00000000	      1.39626340	      0.00000000	      0.00000000	      0.00000000	     -0.38116393	     -1.94502439	      1.33166244	      2.56483554	    -11.44735462	    -12.50540966	     69.08113950	    146.32450432	    -16.62414089	     29.68125832	     -0.31102096	    -10.18854050	     -0.05230628	     83.93233474	    125.51784208	    -12.90166615	     17.96848591
1760625420.59800005	      0.73727528	     -0.24652463	      1.57010108	     -0.01881569	      0.98342887	     -0.01157000	     80.00000000	     -7.00000000	      0.00000000	     80.00000000	      1.39626340	      0.00000000	      0.00000000	      0.00000000	     80.00000000	     -7.00000000	      0.00000000	     80.00000000	      1.39626340	      0.00000000	      0.00000000	      0.00000000	     -0.38425129	     -1.99179285	      1.52835865	      2.54521900	    -11.42359825	    -12.71007735	     69.07515681	    146.30363644	    -16.64143527	     29.68616710	     -0.25201981	    -10.21441429	      0.22278894	     83.91777079	    125.50609395	    -12.97529155	     17.95108488
1760625420.63199997	      0.75500459	     -0.23790421	      1.59294366	     -0.01864752	      0.98350951	     -0.01094417	     80.00000000	     -7.00000000	      0.00000000	     80.00000000	      1.39626340	      0.00000000	      0.00000000	      0.00000000	     80.00000000	     -7.00000000	      0.00000000	     80.00000000	      1.39626340	      0.00000000	      0.00000000	      0.00000000	     -0.40686711	     -2.01674534	      1.50593967	      2.57092709	    -11.41159663	    -12.72961771	     69.07962626	    146.32877784	    -16.67342776	     29.69339664	     -0.23560502	    -10.19288747	      0.25960426	     83.96871213	    125.50897128	    -13.02711917	     17.94180574
1760625420.66499996	      0.75122336	     -0.23419754	      1.57835148	     -0.01800942	      0.98351070	     -0.01078368	     80.00000000	     -7.00000000	      0.00000000	     80.00000000	      1.39626340	      0.00000000	      0.00000000	      0.00000000	     80.00000000	     -7.00000000	      0.00000000	     80.00000000	      1.39626340	      0.00000000	      0.00000000	      0.00000000	     -0.51278702	     -2.12365975	      1.61572364	      2.66895337	    -11.33326745	    -12.84393972	     69.05104098	    146.29052715	    -16.68080836	     29.68101934	     -0.10566090	    -10.24741326	      0.34874169	     84.00292875	    125.51483675	    -13.03417537	     17.92206075
1760625420.69899988	      0.73465930	     -0.24075338	      1.56735347	     -0.01723797	      0.98357957	     -0.01098280	     80.00000000	     -7.00000000	      0.00000000	     80.00000000	      1.39626340	      0.00000000	      0.00000000	      0.00000000	     80.00000000	     -7.00000000	      0.00000000	     80.00000000	      1.39626340	      0.00000000	      0.00000000	      0.00000000	     -0.52392281	     -2.13940852	      1.63593001	      2.67708091	    -11.32555227	    -12.88885482	     69.06155364	    146.25697861	    -16.63240812	     29.65228540	     -0.07637898	    -10.24409327	      0.31085001	     84.01509741	    125.52557550	    -12.98878022	     17.89582265
1760625420.73200011	      0.73682606	     -0.24789487	      1.56608504	     -0.01642585	      0.98361923	     -0.01157515	     80.00000000	     -7.00000000	      0.00000000	     80.00000000	      1.39626340	      0.00000000	      0.00000000	      0.00000000	     80.00000000	     -7.00000000	      0.00000000	     80.00000000	      1.39626340	      0.00000000	      0.00000000	      0.00000000	     -0.68201632	     -2.14421520	      1.69086403	      2.82389995	    -11.32975284	    -12.93830760	     69.08320434	    146.28637620	    -16.59988627	     29.66603984	      0.08878788	    -10.23720122	      0.34361146	     84.04718482	    125.53908043	    -12.92839626	     17.93516828
1760625420.76600003	      0.76038350	     -0.24619943	      1.56584561	     -0.01797270	      0.98373837	     -0.01223347	     80.00000000	     -7.00000000	      0.00000000	     80.00000000	      1.39626340	      0.00000000	      0.00000000	      0.00000000	     80.00000000	     -7.00000000	      0.00000000	     80.00000000	      1.39626340	      0.00000000	      0.00000000	      0.00000000	     -0.83732405	     -2.11075639	      1.62921067	      2.98074830	    -11.40985560	    -12.84308970	     69.03877917	    146.25954127	    -16.58722342	     29.63767368	      0.22481613	    -10.19200483	      0.26759809	     84.02208543	    125.54354327	    -12.90414312	     17.95962767
1760625420.79900002	      0.76608113	     -0.24180045	      1.55937340	     -0.01750758	      0.98333613	     -0.01201988	     80.00000000	     -7.00000000	      0.00000000	     80.00000000	      1.39626340	      0.00000000	      0.00000000	      0.00000000	     80.00000000	     -7.00000000	      0.00000000	     80.00000000	      1.39626340	      0.00000000	      0.00000000	      0.00000000	     -0.89584365	     -2.08902750	      1.50556278	      3.07081524	    -11.46331336	    -12.65950066	     68.97482354	    146.17912442	    -16.62510293	     29.60291185	      0.25198935	    -10.16604567	      0.07775260	     84.03436896	    125.58922364	    -12.80636392	     18.05771305
1760625420.83200002	      0.75588249	     -0.23812968	      1.56007007	     -0.01643862	      0.98344564	     -0.01153427	     80.00000000	     -7.00000000	      0.00000000	     80.00000000	      1.39626340	      0.00000000	      0.00000000	      0.00000000	     80.00000000	     -7.00000000	      0.00000000	     80.00000000	      1.39626340	      0.00000000	      0.00000000	      0.00000000	     -0.88482318	     -2.08249470	      1.41931995	      3.07572182	    -11.44329545	    -12.60059929	     69.01804168	    146.19747304	    -16.56912848	     29.63228971	      0.24621750	    -10.15813805	     -0.04520056	     83.99427982	    125.61508983	    -12.77075060	     18.08145333
1760625420.86599994	      0.74610861	     -0.23935180	      1.56829245	     -0.01425633	      0.98338637	     -0.01126777	     80.00000000	     -7.00000000	      0.00000000	     80.00000000	      1.39626340	      0.00000000	      0.00000000	      0.00000000	     80.00000000	     -7.00000000	      0.00000000	     80.00000000	      1.39626340	      0.00000000	      0.00000000	      0.00000000	     -0.87902312	     -2.07849261	      1.40114252	      3.08115731	    -11.43735488	    -12.64552086	     69.03562096	    146.20853058	    -16.56284497	     29.60410570	      0.24410373	    -10.16224708	     -0.10018908	     83.97319207	    125.63111362	    -12.74802668	     18.07898789
1760625420.89899993	      0.74310911	     -0.23443203	      1.56671636	     -0.01405513	      0.98343204	     -0.01104672	     80.00000000	     -7.00000000	      0.00000000	     80.00000000	      1.39626340	      0.00000000	      0.00000000	      0.00000000	     80.00000000	     -7.00000000	      0.00000000	     80.00000000	      1.39626340	      0.00000000	      0.00000000	      0.00000000	     -0.87258700	     -2.08179776	      1.42038458	      3.08230474	    -11.43025907	    -12.69046536	     69.05405601	    146.20444558	    -16.55541449	     29.59557084	      0.23560212	    -10.16663228	     -0.19122803	     83.98019980	    125.61766267	    -12.69276294	     18.02157618
1760625420.93300009	      0.74459091	     -0.23640975	      1.56086285	     -0.01410559	      0.98350798	     -0.01085483	     80.00000000	     -7.00000000	      0.00000000	     80.00000000	      1.39626340	      0.00000000	      0.00000000	      0.00000000	     80.00000000	     -7.00000000	      0.00000000	     80.00000000	      1.39626340	      0.00000000	      0.00000000	      0.00000000	     -0.85262348	     -2.05260737	      1.40694889	      3.07000165	    -11.43130037	    -12.68083172	     69.08127505	    146.23197577	    -16.54009287	     29.61554896	      0.21643092	    -10.15348949	     -0.27247004	     84.00548468	    125.61480975	    -12.64154905	     18.01007629
1760625420.96600008	      0.73955206	     -0.23430855	      1.57515721	     -0.01456137	      0.98354669	     -0.01051286	     80.00000000	     -7.00000000	      0.00000000	     80.00000000	      1.39626340	      0.00000000	      0.00000000	      0.00000000	     80.00000000	     -7.00000000	      0.00000000	     80.00000000	      1.39626340	      0.00000000	      0.00000000	      0.00000000	     -0.84641530	     -2.04881525	      1.39691851	      3.08154311	    -11.43473134	    -12.69559403	     69.08985126	    146.24964322	    -16.54539374	     29.62251480	      0.22565821	    -10.16068534	     -0.30082750	     84.01455907	    125.60463621	    -12.64168150	     18.00051268
1760625421.00000000	      0.75112611	     -0.24288049	      1.57409077	     -0.01479170	      0.98352162	     -0.01019825	     80.00000000	     -7.00000000	      0.00000000	     80.00000000	      1.39626340	      0.00000000	      0.00000000	      0.00000000	     80.00000000	     -7.00000000	      0.00000000	     80.00000000	      1.39626340	      0.00000000	      0.00000000	      0.00000000	     -0.84291293	     -2.03451768	      1.39241378	      3.09939317	    -11.42956861	    -12.66991229	     69.09594695	    146.22760699	    -16.53887766	     29.63884405	      0.24855322	    -10.16416414	     -0.28114954	     84.00951808	    125.62022875	    -12.67630808	     18.01826082
1760625421.03299999	      0.76269648	     -0.24835101	      1.57736524	     -0.01482099	      0.98346914	     -0.01037453	     80.00000000	     -7.00000000	      0.00000000	     80.00000000	      1.39626340	      0.00000000	      0.00000000	      0.00000000	     80.00000000	     -7.00000000	      0.00000000	     80.00000000	      1.39626340	      0.00000000	      0.00000000	      0.00000000	     -0.88353310	     -2.00263864	      1.40009494	      3.16271578	    -11.45539667	    -12.65587514	     69.09731977	    146.24131925	    -16.54127788	     29.66960164	      0.31302114	    -10.15177787	     -0.22701729	     84.00474926	    125.60500059	    -12.73548980	     18.02406921
1760625421.06699991	      0.75827462	     -0.24455137	      1.58458938	     -0.01470825	      0.98347596	     -0.01054497	     80.00000000	     -7.00000000	      0.00000000	     80.00000000	      1.39626340	      0.00000000	      0.00000000	      0.00000000	     80.00000000	     -7.00000000	      0.00000000	     80.00000000	      1.39626340	      0.00000000	      0.00000000	      0.00000000	     -0.86878696	     -1.99950817	      1.40514577	      3.18258221	    -11.44892488	    -12.64151599	     69.10599235	    146.24279858	    -16.58206046	     29.68775230	      0.33938238	    -10.14908835	     -0.17959198	     84.01195768	    125.62425860	    -12.76624157	     18.02413032
1760625421.09999990	      0.77379128	     -0.24944044	      1.59423773	     -0.01512591	      0.98380939	     -0.01097964	     80.00000000	     -7.00000000	      0.00000000	     80.00000000	      1.39626340	      0.00000000	      0.00000000	      0.00000000	     80.00000000	     -7.00000000	      0.00000000	     80.00000000	      1.39626340	      0.00000000	      0.00000000	      0.00000000	     -0.92781755	     -1.96866938	      1.43487490	      3.25903779	    -11.43467969	    -12.67435005	     69.11550446	    146.23891663	    -16.58224442	     29.70791929	      0.47572176	    -10.12996923	     -0.04478648	     83.97692942	    125.64046894	    -12.85054231	     18.04659300
1760625421.13400006	      0.78357524	     -0.25014959	      1.60416685	     -0.01528205	      0.98394589	     -0.01152093	     80.00000000	     -7.00000000	      0.00000000	     80.00000000	      1.39626340	      0.00000000	      0.00000000	      0.00000000	     80.00000000	     -7.00000000	      0.00000000	     80.00000000	      1.39626340	      0.00000000	      0.00000000	      0.00000000	     -0.90829267	     -1.96349048	      1.45965003	      3.23858729	    -11.42437700	    -12.72276578	     69.07028426	    146.16893305	    -16.64610666	     29.71449188	      0.49954499	    -10.14274463	      0.05396079	     83.95508692	    125.64234404	    -12.93036371	     18.01524849
1760625421.16700006	      0.79644091	     -0.25442611	      1.61546555	     -0.01530256	      0.98382672	     -0.01204006	     80.00000000	     -7.00000000	      0.00000000	     80.00000000	      1.39626340	      0.00000000	      0.00000000	      0.00000000	     80.00000000	     -7.00000000	      0.00000000	     80.00000000	      1.39626340	      0.00000000	      0.00000000	      0.00000000	     -0.91181022	     -1.95215991	      1.42982998	      3.22709009	    -11.39067820	    -12.74099818	     69.07900627	    146.14581917	    -16.72220962	     29.75757898	      0.53629959	    -10.13715434	      0.09991163	     83.95511936	    125.64184142	    -12.97461161	     18.01785794
1760625421.20000005	      0.80383049	     -0.25757157	      1.61402956	     -0.01508761	      0.98374802	     -0.01209516	     80.00000000	     -7.00000000	      0.00000000	     80.00000000	      1.39626340	      0.00000000	      0.00000000	      0.00000000	     80.00000000	     -7.00000000	      0.00000000	     80.00000000	      1.39626340	      0.00000000	      0.00000000	      0.00000000	     -0.94577030	     -1.98441058	      1.44261334	      3.26624150	    -11.35707486	    -12.82228351	     69.03508895	    146.12063043	    -16.79426420	     29.74295631	      0.65604701	    -10.18266542	      0.21188514	     83.86682673	    125.61700217	    -13.10646229	     17.95943551
1760625421.23399997	      0.81305032	     -0.25940456	      1.61108093	     -0.01500239	      0.98379725	     -0.01179556	     80.00000000	     -7.00000000	      0.00000000	     80.00000000	      1.39626340	      0.00000000	      0.00000000	      0.00000000	     80.00000000	     -7.00000000	      0.00000000	     80.00000000	      1.39626340	      0.00000000	      0.00000000	      0.00000000	     -0.94051105	     -1.99779817	      1.42766673	      3.25817388	    -11.37228344	    -12.80079691	     69.01327344	    146.11388498	    -16.81217969	     29.76945093	      0.68538243	    -10.19015530	      0.25763343	     83.85265405	    125.61071014	    -13.14934183	     17.99761456
1760625421.26699996	      0.83319543	     -0.25138738	      1.61184948	     -0.01718286	      0.98400925	     -0.01148874	     80.00000000	     -7.00000000	      0.00000000	     80.00000000	      1.39626340	      0.00000000	      0.00000000	      0.00000000	     80.00000000	     -7.00000000	      0.00000000	     80.00000000	      1.39626340	      0.00000000	      0.00000000	      0.00000000	     -1.03602695	     -2.02330350	      1.35261425	      3.36886130	    -11.44766458	    -12.66926850	     68.87758487	    146.03110797	    -16.89697173	     29.71826021	      0.81222817	    -10.21772277	      0.26367186	     83.80288720	    125.58279127	    -13.19724314	     18.00458574
1760625421.30100012	      0.85394223	     -0.24497654	      1.60195968	     -0.01925097	      0.98376046	     -0.01182995	     80.00000000	     -7.00000000	      0.00000000	     80.00000000	      1.39626340	      0.00000000	      0.00000000	      0.00000000	     80.00000000	     -7.00000000	      0.00000000	     80.00000000	      1.39626340	      0.00000000	      0.00000000	      0.00000000	     -1.10592888	     -1.98761475	      1.17716886	      3.46894390	    -11.60149700	    -12.35896937	     68.73196248	    145.96802699	    -16.98612475	     29.70836540	      0.92740836	    -10.18232713	      0.20628428	     83.70725207	    125.58078748	    -13.25892579	     18.04235714
1760625421.33400011	      0.85665984	     -0.23378738	      1.59696800	     -0.01741880	      0.98321593	     -0.01179456	     80.00000000	     -7.00000000	      0.00000000	     80.00000000	      1.39626340	      0.00000000	      0.00000000	      0.00000000	     80.00000000	     -7.00000000	      0.00000000	     80.00000000	      1.39626340	      0.00000000	      0.00000000	      0.00000000	     -1.10054669	     -1.97134128	      1.03986723	      3.50096174	    -11.73556738	    -12.12609705	     68.59783605	    145.84249933	    -17.10203392	     29.62518318	      0.94854213	    -10.16769167	      0.19025785	     83.66306899	    125.58196545	    -13.30654758	     18.11534197
1760625421.36800003	      0.85289844	     -0.22410413	      1.59106871	     -0.01570056	      0.98301955	     -0.01149774	     80.00000000	     -7.00000000	      0.00000000	     80.00000000	      1.39626340	      0.00000000	      0.00000000	      0.00000000	     80.00000000	     -7.00000000	      0.00000000	     80.00000000	      1.39626340	      0.00000000	      0.00000000	      0.00000000	     -1.08451309	     -1.98490156	      0.98940315	      3.52200623	    -11.81058538	    -11.97365671	     68.51031247	    145.79987684	    -17.14630174	     29.63098871	      0.95602664	    -10.17440125	      0.26017179	     83.60385570	    125.54520829	    -13.40841693	     18.07857329
1760625421.40100002	      0.84753686	     -0.20619463	      1.57337503	     -0.01479842	      0.98322575	     -0.01145642	     80.00000000	     -7.00000000	      0.00000000	     80.00000000	      1.39626340	      0.00000000	      0.00000000	      0.00000000	     80.00000000	     -7.00000000	      0.00000000	     80.00000000	      1.39626340	      0.00000000	      0.00000000	      0.00000000	     -1.05039229	     -2.01263894	      0.98329923	      3.51331478	    -11.90276285	    -11.84342778	     68.40192783	    145.69241125	    -17.23242345	     29.58384443	      0.94936523	    -10.19787343	      0.35699539	     83.44780455	    125.39902151	    -13.63940885	     17.61527804
1760625421.43499994	      0.85790237	     -0.20284681	      1.56333663	     -0.01537550	      0.98346980	     -0.01196636	     80.00000000	     -7.00000000	      0.00000000	     80.00000000	      1.39626340	      0.00000000	      0.00000000	      0.00000000	     80.00000000	     -7.00000000	      0.00000000	     80.00000000	      1.39626340	      0.00000000	      0.00000000	      0.00000000	     -1.07536259	     -1.98886839	      1.01130385	      3.55017773	    -11.99186327	    -11.77188439	     68.33840757	    145.64013915	    -17.28253660	     29.54853829	      0.98951667	    -10.20377517	      0.42530227	     83.34708213	    125.22749314	    -13.86997449	     17.11856592
1760625421.46799994	      0.87005950	     -0.19984028	      1.55510809	     -0.01601000	      0.98360669	     -0.01216431	     80.00000000	     -7.00000000	      0.00000000	     80.00000000	      1.39626340	      0.00000000	      0.00000000	      0.00000000	     80.00000000	     -7.00000000	      0.00000000	     80.00000000	      1.39626340	      0.00000000	      0.00000000	      0.00000000	     -1.06573824	     -1.98963563	      1.07360174	      3.54094194	    -12.04764680	    -11.73392313	     68.32073657	    145.62273133	    -17.29301366	     29.54285657	      0.98250699	    -10.22476922	      0.51730666	     83.31176901	    125.08250915	    -14.01055280	     16.78780583
1760625421.50099993	      0.89833358	     -0.19805579	      1.53666686	     -0.01619998	      0.98361650	     -0.01234603	     80.00000000	     -7.00000000	      0.00000000	     80.00000000	      1.39626340	      0.00000000	      0.00000000	      0.00000000	     80.00000000	     -7.00000000	      0.00000000	     80.00000000	      1.39626340	      0.00000000	      0.00000000	      0.00000000	     -1.11072930	     -1.99705873	      1.15856975	      3.60027300	    -12.10873445	    -11.67327850	     68.29235903	    145.59861269	    -17.29668558	     29.55478109	      1.02651791	    -10.24472845	      0.64363929	     83.33380735	    125.01430566	    -14.13854814	     16.59605353
1760625421.53500009	      0.92156217	     -0.20065700	      1.53132628	     -0.01705824	      0.98362186	     -0.01235374	     80.00000000	     -7.00000000	      0.00000000	     80.00000000	      1.39626340	      0.00000000	      0.00000000	      0.00000000	     80.00000000	     -7.00000000	      0.00000000	     80.00000000	      1.39626340	      0.00000000	      0.00000000	      0.00000000	     -1.10217849	     -2.00864631	      1.20101917	      3.61753750	    -12.12408408	    -11.61905934	     68.27840537	    145.59826051	    -17.29130543	     29.59429060	      1.02417691	    -10.26199877	      0.71311576	     83.35394043	    125.02554012	    -14.15629451	     16.60255236
1760625421.56800008	      0.92821369	     -0.20164756	      1.52126413	     -0.01778497	      0.98344263	     -0.01223216	     80.00000000	     -7.00000000	      0.00000000	     80.00000000	      1.39626340	      0.00000000	      0.00000000	      0.00000000	     80.00000000	     -7.00000000	      0.00000000	     80.00000000	      1.39626340	      0.00000000	      0.00000000	      0.00000000	     -1.11588717	     -2.02359053	      1.34102821	      3.64487444	    -12.13096865	    -11.70197654	     68.25263654	    145.58179826	    -17.31823815	     29.57224057	      1.08782258	    -10.27205738	      0.89396016	     83.38470090	    125.07503937	    -14.14626391	     16.70545749
1760625421.60200000	      0.93327648	     -0.20669357	      1.52726282	     -0.02056577	      0.98346123	     -0.01226369	     80.00000000	     -7.00000000	      0.00000000	     80.00000000	      1.39626340	      0.00000000	      0.00000000	      0.00000000	     80.00000000	     -7.00000000	      0.00000000	     80.00000000	      1.39626340	      0.00000000	      0.00000000	      0.00000000	     -1.08749315	     -2.01450859	      1.32793424	      3.66204321	    -12.12106119	    -11.64786682	     68.26737621	    145.57895294	    -17.33108774	     29.57493004	      1.11285193	    -10.28427903	      0.95286417	     83.34027183	    125.10783580	    -14.16024839	     16.78611620
1760625421.63499999	      0.93040886	     -0.20473301	      1.53774968	     -0.02168227	      0.98334793	     -0.01266894	     80.00000000	     -7.00000000	      0.00000000	     80.00000000	      1.39626340	      0.00000000	      0.00000000	      0.00000000	     80.00000000	     -7.00000000	      0.00000000	     80.00000000	      1.39626340	      0.00000000	      0.00000000	      0.00000000	     -1.08131405	     -1.99301421	      1.30570801	      3.69472860	    -12.11162532	    -11.62636584	     68.26644288	    145.62142175	    -17.31925376	     29.58449394	      1.14268930	    -10.28466631	      0.97597382	     83.31899649	    125.15411010	    -14.10953298	     16.88137025
1760625421.66899991	      0.93437856	     -0.21430242	      1.54833703	     -0.02125940	      0.98318865	     -0.01336885	     80.00000000	     -7.00000000	      0.00000000	     80.00000000	      1.39626340	      0.00000000	      0.00000000	      0.00000000	     80.00000000	     -7.00000000	      0.00000000	     80.00000000	      1.39626340	      0.00000000	      0.00000000	      0.00000000	     -1.10094653	     -1.90468737	      1.34261731	      3.71790629	    -12.14258948	    -11.67910498	     68.33420661	    145.65908853	    -17.25917086	     29.59735684	      1.14885292	    -10.23882974	      1.02583627	     83.43057466	    125.23655861	    -13.93958442	     17.08192023
1760625421.70199990	      0.93954849	     -0.22014373	      1.55220632	     -0.02184555	      0.98314469	     -0.01383085	     80.00000000	     -7.00000000	      0.00000000	     80.00000000	      1.39626340	      0.00000000	      0.00000000	      0.00000000	     80.00000000	     -7.00000000	      0.00000000	     80.00000000	      1.39626340	      0.00000000	      0.00000000	      0.00000000	     -1.09267312	     -1.84566330	      1.40236453	      3.68373792	    -12.15697041	    -11.76803883	     68.39094604	    145.71847901	    -17.22097827	     29.60346136	      1.14995915	    -10.22152896	      1.09610814	     83.45161515	    125.28218724	    -13.86482944	     17.14960431
1760625421.73600006	      0.93971225	     -0.22435629	      1.55622283	     -0.02163774	      0.98300264	     -0.01398516	     80.00000000	     -7.00000000	      0.00000000	     80.00000000	      1.39626340	      0.00000000	      0.00000000	      0.00000000	     80.00000000	     -7.00000000	      0.00000000	     80.00000000	      1.39626340	      0.00000000	      0.00000000	      0.00000000	     -1.07308458	     -1.80751706	      1.39797015	      3.65846137	    -12.16199011	    -11.79442555	     68.41825913	    145.75177717	    -17.18183292	     29.57119163	      1.14369821	    -10.22216055	      1.10454226	     83.44200963	    125.30049521	    -13.82533993	     17.15258175
1760625421.76900005	      0.92361482	     -0.22883934	      1.54727513	     -0.02078994	      0.98272408	     -0.01468332	     80.00000000	     -7.00000000	      0.00000000	     80.00000000	      1.39626340	      0.00000000	      0.00000000	      0.00000000	     80.00000000	     -7.00000000	      0.00000000	     80.00000000	      1.39626340	      0.00000000	      0.00000000	      0.00000000	     -0.97479256	     -1.70627730	      1.50283506	      3.51848011	    -12.18677605	    -11.94605886	     68.55160002	    145.85577683	    -17.04005271	     29.63212906	      1.05900524	    -10.16008969	      1.16809001	     83.48570525	    125.33138284	    -13.76494153	     17.19244613
1760625421.80299997	      0.91584817	     -0.23094202	      1.53837397	     -0.02014059	      0.98285982	     -0.01509727	     80.00000000	     -7.00000000	      0.00000000	     80.00000000	      1.39626340	      0.00000000	      0.00000000	      0.00000000	     80.00000000	     -7.00000000	      0.00000000	     80.00000000	      1.39626340	      0.00000000	      0.00000000	      0.00000000	     -0.92686063	     -1.63504520	      1.51742647	      3.44732971	    -12.23217922	    -12.01540253	     68.61540807	    145.92407292	    -16.97444897	     29.63213309	      1.03425542	    -10.10260958	      1.12355425	     83.50105990	    125.35487217	    -13.70157449	     17.19912185
1760625421.83599997	      0.92255319	     -0.23207619	      1.54436396	     -0.02184752	      0.98292014	     -0.01520122	     80.00000000	     -7.00000000	      0.00000000	     80.00000000	      1.39626340	      0.00000000	      0.00000000	      0.00000000	     80.00000000	     -7.00000000	      0.00000000	     80.00000000	      1.39626340	      0.00000000	      0.00000000	      0.00000000	     -0.93625932	     -1.58879173	      1.48478727	      3.43768384	    -12.24438487	    -12.06319577	     68.67921065	    146.01415872	    -16.88780636	     29.64477053	      1.06332260	    -10.06146359	      1.03353793	     83.50034089	    125.37716190	    -13.62408521	     17.20472422
1760625421.86899996	      0.92803622	     -0.22929672	      1.54208258	     -0.02302717	      0.98297782	     -0.01474514	     80.00000000	     -7.00000000	      0.00000000	     80.00000000	      1.39626340	      0.00000000	      0.00000000	      0.00000000	     80.00000000	     -7.00000000	      0.00000000	     80.00000000	      1.39626340	      0.00000000	      0.00000000	      0.00000000	     -0.94831687	     -1.57162560	      1.40147862	      3.41893415	    -12.21787799	    -12.11770970	     68.80567666	    146.14914979	    -16.74073499	     29.66649688	      1.09456688	    -10.04080029	      0.84797868	     83.50855961	    125.40779483	    -13.54167295	     17.22386843
1760625421.90300012	      0.92249974	     -0.22295580	      1.54311764	     -0.02229705	      0.98294900	     -0.01395490	     80.00000000	     -7.00000000	      0.00000000	     80.00000000	      1.39626340	      0.00000000	      0.00000000	      0.00000000	     80.00000000	     -7.00000000	      0.00000000	     80.00000000	      1.39626340	      0.00000000	      0.00000000	      0.00000000	     -0.93214302	     -1.58501311	      1.27751362	      3.39942104	    -12.19464047	    -12.07991142	     68.86133702	    146.21309892	    -16.70929889	     29.66153456	      1.08959983	    -10.04819640	      0.67137331	     83.51652440	    125.42844572	    -13.51170972	     17.23401339
1760625421.93600011	      0.91923150	     -0.22907451	      1.55703003	     -0.02180283	      0.98299885	     -0.01409259	     80.00000000	     -7.00000000	      0.00000000	     80.00000000	      1.39626340	      0.00000000	      0.00000000	      0.00000000	     80.00000000	     -7.00000000	      0.00000000	     80.00000000	      1.39626340	      0.00000000	      0.00000000	      0.00000000	     -0.92573487	     -1.54972440	      1.18439551	      3.37989969	    -12.23498346	    -12.05610473	     68.91454271	    146.25601379	    -16.66930357	     29.64368300	      1.10371013	     -9.99698369	      0.53518579	     83.53623214	    125.43850628	    -13.43375613	     17.26115738
1760625421.97000003	      0.91239826	     -0.22428475	      1.55431594	     -0.02125272	      0.98303373	     -0.01434394	     80.00000000	     -7.00000000	      0.00000000	     80.00000000	      1.39626340	      0.00000000	      0.00000000	      0.00000000	     80.00000000	     -7.00000000	      0.00000000	     80.00000000	      1.39626340	      0.00000000	      0.00000000	      0.00000000	     -0.99288384	     -1.50960550	      0.94713741	      3.49916579	    -12.32152138	    -11.88316002	     68.95151051	    146.30132605	    -16.60133967	     29.65197473	      1.17730382	     -9.94551907	      0.23445118	     83.58812715	    125.48583619	    -13.34875578	     17.35312210
1760625422.00300002	      0.90476299	     -0.22442660	      1.55107738	     -0.02099853	      0.98308164	     -0.01493498	     80.00000000	     -7.00000000	      0.00000000	     80.00000000	      1.39626340	      0.00000000	      0.00000000	      0.00000000	     80.00000000	     -7.00000000	      0.00000000	     80.00000000	      1.39626340	      0.00000000	      0.00000000	      0.00000000	     -1.02717310	     -1.45022720	      0.79385307	      3.58454058	    -12.45393356	    -11.70829010	     68.90955566	    146.30013749	    -16.64539230	     29.63591079	      1.22419161	     -9.86152303	      0.03986226	     83.62018933	    125.50572311	    -13.28984635	     17.40481050
1760625422.03699994	      0.89947782	     -0.22122078	      1.54807767	     -0.02045008	      0.98327639	     -0.01493782	     80.00000000	     -7.00000000	      0.00000000	     80.00000000	      1.39626340	      0.00000000	      0.00000000	      0.00000000	     80.00000000	     -7.00000000	      0.00000000	     80.00000000	      1.39626340	      0.00000000	      0.00000000	      0.00000000	     -1.07565992	     -1.39419159	      0.64862417	      3.67968529	    -12.56333226	    -11.55011678	     68.89682489	    146.27125503	    -16.65837289	     29.62861224	      1.28532767	     -9.77701113	     -0.14135609	     83.64256672	    125.52350526	    -13.21715313	     17.44503619
1760625422.06999993	      0.91016323	     -0.20938685	      1.54738605	     -0.02034780	      0.98357620	     -0.01473261	     80.00000000	     -7.00000000	      0.00000000	     80.00000000	      1.39626340	      0.00000000	      0.00000000	      0.00000000	     80.00000000	     -7.00000000	      0.00000000	     80.00000000	      1.39626340	      0.00000000	      0.00000000	      0.00000000	     -1.07592152	     -1.41839736	      0.44836234	      3.74368103	    -12.63464950	    -11.35897051	     68.85480760	    146.27015430	    -16.68594499	     29.61466016	      1.27619788	     -9.74941194	     -0.32587960	     83.62354601	    125.53115448	    -13.21695048	     17.47181213
1760625422.10400009	      0.90490034	     -0.19775811	      1.52844924	     -0.02014765	      0.98397303	     -0.01451470	     80.00000000	     -7.00000000	      0.00000000	     80.00000000	      1.39626340	      0.00000000	      0.00000000	      0.00000000	     80.00000000	     -7.00000000	      0.00000000	     80.00000000	      1.39626340	      0.00000000	      0.00000000	      0.00000000	     -1.06670859	     -1.44558378	      0.43951359	      3.76192935	    -12.66569342	    -11.34876961	     68.83580972	    146.26604062	    -16.66687248	     29.62541022	      1.28963378	     -9.74034089	     -0.34531203	     83.61398947	    125.53526326	    -13.19705975	     17.46689974
1760625422.13700008	      0.90979489	     -0.20231575	      1.51174243	     -0.01953259	      0.98409327	     -0.01440676	     80.00000000	     -7.00000000	      0.00000000	     80.00000000	      1.39626340	      0.00000000	      0.00000000	      0.00000000	     80.00000000	     -7.00000000	      0.00000000	     80.00000000	      1.39626340	      0.00000000	      0.00000000	      0.00000000	     -1.06630624	     -1.45986615	      0.43366973	      3.76670759	    -12.68206594	    -11.33879176	     68.84414387	    146.24960682	    -16.65949861	     29.61183950	      1.30787383	     -9.73932514	     -0.38478018	     83.61238507	    125.54731887	    -13.15223591	     17.46116051
1760625422.17100000	      0.92371027	     -0.20953199	      1.51846987	     -0.02021387	      0.98435276	     -0.01444356	     80.00000000	     -7.00000000	      0.00000000	     80.00000000	      1.39626340	      0.00000000	      0.00000000	      0.00000000	     80.00000000	     -7.00000000	      0.00000000	     80.00000000	      1.39626340	      0.00000000	      0.00000000	      0.00000000	     -1.13831128	     -1.48046496	      0.39257140	      3.86553415	    -12.71756419	    -11.29886831	     68.83255509	    146.29532031	    -16.68893868	     29.61314079	      1.37775407	     -9.74554163	     -0.42473727	     83.61654592	    125.53665110	    -13.13495599	     17.43779965
1760625422.23699999	      0.91916586	     -0.20522042	      1.50915469	     -0.01973512	      0.98485186	     -0.01416496	     80.00000000	     -7.00000000	      0.00000000	     80.00000000	      1.39626340	      0.00000000	      0.00000000	      0.00000000	     80.00000000	     -7.00000000	      0.00000000	     80.00000000	      1.39626340	      0.00000000	      0.00000000	      0.00000000	     -1.21176673	     -1.60008149	      0.56555119	      4.02878187	    -12.73362558	    -11.41033437	     68.70328442	    146.22426247	    -16.67226368	     29.62334179	      1.48839486	     -9.81141592	     -0.22450912	     83.55327493	    125.49633397	    -13.22580653	     17.40614895
1760625422.27099991	      0.90971500	     -0.20977782	      1.50797233	     -0.02038891	      0.98534641	     -0.01398962	     80.00000000	     -7.00000000	      0.00000000	     80.00000000	      1.39626340	      0.00000000	      0.00000000	      0.00000000	     80.00000000	     -7.00000000	      0.00000000	     80.00000000	      1.39626340	      0.00000000	      0.00000000	      0.00000000	     -1.22919856	     -1.65652431	      0.64031868	      4.07634549	    -12.70098450	    -11.49595179	     68.67395732	    146.22739738	    -16.65688261	     29.65036626	      1.53513265	     -9.79668103	     -0.12540774	     83.36829465	    125.21177054	    -13.36868609	     17.36463662
1760625422.37100005	      0.89313982	     -0.23492287	      1.53167463	     -0.02034353	      0.98565248	     -0.01422009	     80.00000000	     -7.00000000	      0.00000000	     80.00000000	      1.39626340	      0.00000000	      0.00000000	      0.00000000	     80.00000000	     -7.00000000	      0.00000000	     80.00000000	      1.39626340	      0.00000000	      0.00000000	      0.00000000	     -1.29124394	     -1.69566014	      0.67763585	      4.14455788	    -12.62926880	    -11.64543345	     68.66226140	    146.17510092	    -16.64973010	     29.62473120	      1.43295947	     -9.38943114	     -0.34534275	     82.95868024	    124.31552068	    -14.18012290	     17.18804167
1760625422.40499997	      0.87331181	     -0.24865071	      1.52582027	     -0.01644587	      0.98526032	     -0.01469838	     80.00000000	     -7.00000000	      0.00000000	     80.00000000	      1.39626340	      0.00000000	      0.00000000	      0.00000000	     80.00000000	     -7.00000000	      0.00000000	     80.00000000	      1.39626340	      0.00000000	      0.00000000	      0.00000000	     -1.17084805	     -1.69053940	      0.81633829	      3.97590908	    -12.62909827	    -11.79221188	     68.65322929	    146.12035553	    -16.65097874	     29.59325447	      1.31338727	     -9.28860741	     -0.24049945	     82.93136227	    124.27841208	    -14.35408792	     17.21060433
1760625422.43799996	      0.87834480	     -0.25610748	      1.54408832	     -0.01506039	      0.98517345	     -0.01480653	     80.00000000	     -7.00000000	      0.00000000	     80.00000000	      1.39626340	      0.00000000	      0.00000000	      0.00000000	     80.00000000	     -7.00000000	      0.00000000	     80.00000000	      1.39626340	      0.00000000	      0.00000000	      0.00000000	     -1.17649599	     -1.69613806	      0.81665058	      3.93889063	    -12.60775768	    -11.78889165	     68.63671524	    146.09317067	    -16.63699515	     29.59253916	      1.31191308	     -9.26125808	     -0.18015818	     82.92410144	    124.29465927	    -14.45182215	     17.27858744
1760625422.47099996	      0.89029970	     -0.26170718	      1.56237708	     -0.01760708	      0.98546266	     -0.01357367	     80.00000000	     -7.00000000	      0.00000000	     80.00000000	      1.39626340	      0.00000000	      0.00000000	      0.00000000	     80.00000000	     -7.00000000	      0.00000000	     80.00000000	      1.39626340	      0.00000000	      0.00000000	      0.00000000	     -1.20360370	     -1.75488301	      0.80465381	      3.93985291	    -12.57511260	    -11.70349184	     68.48428505	    145.95686404	    -16.70252780	     29.50447945	      1.36897089	     -9.38126271	     -0.05861812	     82.87834344	    124.28372975	    -14.49339308	     17.27589066
1760625422.50500011	      0.89467777	     -0.26429261	      1.56685734	     -0.01933700	      0.98541264	     -0.01288563	     80.00000000	     -7.00000000	      0.00000000	     80.00000000	      1.39626340	      0.00000000	      0.00000000	      0.00000000	     80.00000000	     -7.00000000	      0.00000000	     80.00000000	      1.39626340	      0.00000000	      0.00000000	      0.00000000	     -1.22850322	     -1.77204292	      0.73507401	      3.97450820	    -12.59808600	    -11.56387850	     68.31512719	    145.81696038	    -16.80286816	     29.41388262	      1.39931748	     -9.46343854	     -0.05918426	     82.83571110	    124.26553933	    -14.46770554	     17.23603527
1760625422.53800011	      0.88978939	     -0.26944779	      1.57387011	     -0.02021580	      0.98485669	     -0.01281058	     80.00000000	     -7.00000000	      0.00000000	     80.00000000	      1.39626340	      0.00000000	      0.00000000	      0.00000000	     80.00000000	     -7.00000000	      0.00000000	     80.00000000	      1.39626340	      0.00000000	      0.00000000	      0.00000000	     -1.22454887	     -1.74617883	      0.67377242	      3.99012344	    -12.64122341	    -11.43484970	     68.13282831	    145.65304034	    -16.94092325	     29.32099243	      1.38386375	     -9.46590775	     -0.06327563	     82.82511159	    124.30127060	    -14.41600007	     17.24707249
1760625422.57200003	      0.88691227	     -0.27768454	      1.57532694	     -0.01912617	      0.98474887	     -0.01336057	     80.00000000	     -7.00000000	      0.00000000	     80.00000000	      1.39626340	      0.00000000	      0.00000000	      0.00000000	     80.00000000	     -7.00000000	      0.00000000	     80.00000000	      1.39626340	      0.00000000	      0.00000000	      0.00000000	     -1.17870864	     -1.77495306	      0.66245051	      3.94716793	    -12.61067876	    -11.35705057	     67.93209896	    145.45848171	    -17.09245406	     29.23006822	      1.28272475	     -9.49866666	     -0.02684776	     82.76141812	    124.26433112	    -14.41866335	     17.21169678
1760625422.60500002	      0.89186944	     -0.28538262	      1.57119959	     -0.01891926	      0.98473430	     -0.01376661	     80.00000000	     -7.00000000	      0.00000000	     80.00000000	      1.39626340	      0.00000000	      0.00000000	      0.00000000	     80.00000000	     -7.00000000	      0.00000000	     80.00000000	      1.39626340	      0.00000000	      0.00000000	      0.00000000	     -1.15720697	     -1.79605322	      0.60803122	      3.93643402	    -12.61648665	    -11.21029481	     67.71624667	    145.27217892	    -17.27869613	     29.10025229	      1.20575987	     -9.49286450	     -0.03841430	     82.63492356	    124.20429400	    -14.46774287	     17.17221426
1760625422.63899994	      0.89923852	     -0.28847741	      1.56924621	     -0.02002014	      0.98515558	     -0.01371962	     80.00000000	     -7.00000000	      0.00000000	     80.00000000	      1.39626340	      0.00000000	      0.00000000	      0.00000000	     80.00000000	     -7.00000000	      0.00000000	     80.00000000	      1.39626340	      0.00000000	      0.00000000	      0.00000000	     -1.14831076	     -1.84182674	      0.64188791	      3.97851141	    -12.67540214	    -11.03530263	     67.36090052	    145.00304490	    -17.53467575	     28.90163380	      1.14118721	     -9.51626541	      0.11348114	     82.43260513	    124.14415404	    -14.56232519	     17.16303383
1760625422.67199993	      0.90759356	     -0.29334002	      1.56907091	     -0.02078434	      0.98476409	     -0.01394395	     80.00000000	     -7.00000000	      0.00000000	     80.00000000	      1.39626340	      0.00000000	      0.00000000	      0.00000000	     80.00000000	     -7.00000000	      0.00000000	     80.00000000	      1.39626340	      0.00000000	      0.00000000	      0.00000000	     -0.98100691	     -1.89000171	      0.76825365	      3.89857914	    -12.80681932	    -10.90449182	     67.04200074	    144.86518333	    -17.78423970	     28.78994448	      0.99100699	     -9.59983730	      0.43765891	     82.18331060	    124.05449934	    -14.72081842	     17.01966383
1760625422.70600009	      0.91341430	     -0.29349523	      1.56823536	     -0.01825218	      0.98467248	     -0.01433640	     80.00000000	     -7.00000000	      0.00000000	     80.00000000	      1.39626340	      0.00000000	      0.00000000	      0.00000000	     80.00000000	     -7.00000000	      0.00000000	     80.00000000	      1.39626340	      0.00000000	      0.00000000	      0.00000000	     -0.87429520	     -1.97062379	      0.93617868	      4.00146189	    -13.08009774	    -10.66769633	     66.51023688	    144.60053417	    -18.27119340	     28.59583595	      1.06893347	     -9.76712553	      0.98302949	     81.79259997	    123.82282469	    -15.06205187	     16.63795292
1760625422.77300000	      1.05763669	     -0.27723144	      1.62014817	     -0.01735813	      0.98393118	     -0.01438319	     80.00000000	     -7.00000000	      0.00000000	     80.00000000	      1.39626340	      0.00000000	      0.00000000	      0.00000000	     80.00000000	     -7.00000000	      0.00000000	     80.00000000	      1.39626340	      0.00000000	      0.00000000	      0.00000000	     -0.85394726	     -2.20541871	      1.22324716	      5.08978248	    -14.27923872	     -9.38362866	     64.54992059	    143.55757350	    -19.92503616	     28.31463544	      1.85134862	    -10.31093379	      2.67885202	     80.64781227	    122.92008135	    -16.45028070	     15.49041266
1760625422.80599999	      1.11713437	     -0.27345621	      1.63921098	     -0.01842965	      0.98289672	     -0.01460093	     80.00000000	     -7.00000000	      0.00000000	     80.00000000	      1.39626340	      0.00000000	      0.00000000	      0.00000000	     80.00000000	     -7.00000000	      0.00000000	     80.00000000	      1.39626340	      0.00000000	      0.00000000	      0.00000000	     -0.73156559	     -2.36391972	      1.45834619	      5.69801370	    -15.07289700	     -8.73933256	     63.07092228	    142.29848082	    -21.15963389	     27.67344735	      2.29724596	    -10.58076097	      3.57447609	     79.91809530	    122.34929745	    -17.11490791	     14.77169783
1760625422.83999991	      1.20794764	     -0.27030483	      1.63174186	     -0.02110549	      0.98317838	     -0.01594212	     80.00000000	     -7.00000000	      0.00000000	     80.00000000	      1.39626340	      0.00000000	      0.00000000	      0.00000000	     80.00000000	     -7.00000000	      0.00000000	     80.00000000	      1.39626340	      0.00000000	      0.00000000	      0.00000000	     -0.69734578	     -2.43330258	      1.73375959	      6.69886359	    -16.40437436	     -7.78185471	     60.75858440	    140.33627412	    -23.20368006	     26.35765308	      3.23668021	    -10.85792459	      4.75772574	     78.45820993	    120.84734420	    -17.99160883	     13.32975639
1760625422.87299991	      1.27085521	     -0.27338555	      1.63761405	     -0.02235920	      0.98337984	     -0.01717468	     80.00000000	     -7.00000000	      0.00000000	     80.00000000	      1.39626340	      0.00000000	      0.00000000	      0.00000000	     80.00000000	     -7.00000000	      0.00000000	     80.00000000	      1.39626340	      0.00000000	      0.00000000	      0.00000000	     -0.70215930	     -2.38500867	      1.84922374	      7.50188584	    -17.62396674	     -6.74505511	     58.54610710	    138.34687941	    -25.27548854	     24.74598111	      4.05475586	    -11.02798833	      5.63376612	     76.58584185	    118.51953662	    -18.63826840	     11.40444545
1760625422.90599990	      1.33989948	     -0.27990375	      1.64834217	     -0.02304169	      0.98400493	     -0.01825871	     80.00000000	     -7.00000000	      0.00000000	     80.00000000	      1.39626340	      0.00000000	      0.00000000	      0.00000000	     80.00000000	     -7.00000000	      0.00000000	     80.00000000	      1.39626340	      0.00000000	      0.00000000	      0.00000000	     -0.75339415	     -2.35498617	      1.96600179	      8.25174078	    -18.92896074	     -5.38437280	     55.78128139	    135.60299801	    -27.81743208	     22.32713104	      4.75867681	    -11.09680753	      6.24088920	     75.09272908	    117.32757039	    -18.36424821	     10.77426756
1760625422.94000006	      1.46332346	     -0.28264614	      1.69393714	     -0.02572754	      0.98489114	     -0.01910227	     80.00000000	     -7.00000000	      0.00000000	     80.00000000	      1.39626340	      0.00000000	      0.00000000	      0.00000000	     80.00000000	     -7.00000000	      0.00000000	     80.00000000	      1.39626340	      0.00000000	      0.00000000	      0.00000000	     -1.10758026	     -2.35429162	      1.94398420	      9.29171003	    -20.30400780	     -3.31774030	     52.05273980	    132.17945632	    -30.80864896	     18.93933654	      5.45040870	    -11.36113261	      6.47750802	     73.61397690	    117.55924323	    -17.35067675	     10.65077202
1760625422.97300005	      1.55067313	     -0.27442928	      1.73478917	     -0.02635846	      0.98541852	     -0.01834771	     80.00000000	     -7.00000000	      0.00000000	     80.00000000	      1.39626340	      0.00000000	      0.00000000	      0.00000000	     80.00000000	     -7.00000000	      0.00000000	     80.00000000	      1.39626340	      0.00000000	      0.00000000	      0.00000000	     -1.42522022	     -2.35991944	      1.89266056	      9.85912951	    -21.07998856	     -1.73412171	     49.41569698	    130.00857395	    -32.45282714	     16.62885277	      5.90963413	    -11.75715937	      6.77913503	     72.06054917	    116.91372403	    -16.74553949	     10.06551325
1760625423.00699997	      1.62287880	     -0.25512227	      1.76198947	     -0.02644506	      0.98590175	     -0.01767119	     80.00000000	     -7.00000000	      0.00000000	     80.00000000	      1.39626340	      0.00000000	      0.00000000	      0.00000000	     80.00000000	     -7.00000000	      0.00000000	     80.00000000	      1.39626340	      0.00000000	      0.00000000	      0.00000000	     -1.91168702	     -2.44121829	      1.67921013	     10.29407231	    -21.50292442	     -0.08805378	     47.04996668	    128.16750978	    -33.54583961	     14.53645851	      6.40900346	    -12.14475635	      7.37256527	     70.12279930	    116.71200702	    -16.70139407	      9.77445904
1760625423.03999996	      1.64688555	     -0.23646149	      1.76530302	     -0.02430485	      0.98851583	     -0.01797157	     80.00000000	     -7.00000000	      0.00000000	     80.00000000	      1.39626340	      0.00000000	      0.00000000	      0.00000000	     80.00000000	     -7.00000000	      0.00000000	     80.00000000	      1.39626340	      0.00000000	      0.00000000	      0.00000000	     -2.40607148	     -2.29184741	      1.48182652	     10.40001587	    -21.98431692	      2.14842294	     44.09297972	    126.20062172	    -34.18363567	     12.32118693	      6.74486745	    -12.31935206	      8.37538262	     67.42249082	    116.58350541	    -17.24316203	      9.57811290
1760625423.07399988	      1.68591646	     -0.23188005	      1.77656344	     -0.02688881	      0.98803493	     -0.01833276	     80.00000000	     -7.00000000	      0.00000000	     80.00000000	      1.39626340	      0.00000000	      0.00000000	      0.00000000	     80.00000000	     -7.00000000	      0.00000000	     80.00000000	      1.39626340	      0.00000000	      0.00000000	      0.00000000	     -2.49211994	     -2.22271776	      1.98229551	      9.85494135	    -22.27063966	      3.42746579	     41.61427034	    124.82813380	    -34.21188712	     11.08007568	      6.39827172	    -12.30433506	      9.55228481	     65.33572818	    116.86400720	    -17.66513140	      9.76161656
1760625423.10700011	      1.73147084	     -0.22494768	      1.79157558	     -0.02802540	      0.98536601	     -0.01638675	     80.00000000	     -7.00000000	      0.00000000	     80.00000000	      1.39626340	      0.00000000	      0.00000000	      0.00000000	     80.00000000	     -7.00000000	      0.00000000	     80.00000000	      1.39626340	      0.00000000	      0.00000000	      0.00000000	     -2.66376590	     -2.12810884	      2.11873295	      9.45751032	    -22.31164767	      5.27797185	     38.74268859	    123.23105023	    -34.32559089	      9.81086201	      5.95178568	    -12.28158684	      9.80357773	     63.26498466	    117.54229441	    -17.71389785	      9.83381886
1760625423.14000010	      1.78630004	     -0.21184255	      1.77952387	     -0.02441227	      0.98364942	     -0.01340515	     80.00000000	     -7.00000000	      0.00000000	     80.00000000	      1.39626340	      0.00000000	      0.00000000	      0.00000000	     80.00000000	     -7.00000000	      0.00000000	     80.00000000	      1.39626340	      0.00000000	      0.00000000	      0.00000000	     -2.68230055	     -1.85258167	      2.19474616	      8.41216025	    -22.02741051	      7.18462471	     35.48183110	    121.99639194	    -33.59651037	      8.97055524	      5.10690531	    -12.04454888	      9.08087388	     60.58487460	    118.26710976	    -16.91417366	      9.86272338
1760625423.17400002	      1.79918254	     -0.20506750	      1.77048252	     -0.02103083	      0.98023821	     -0.01086054	     80.00000000	     -7.00000000	      0.00000000	     80.00000000	      1.39626340	      0.00000000	      0.00000000	      0.00000000	     80.00000000	     -7.00000000	      0.00000000	     80.00000000	      1.39626340	      0.00000000	      0.00000000	      0.00000000	     -2.19408847	     -1.74039953	      2.66945200	      6.73832675	    -21.56993082	      7.37315067	     33.63961254	    121.97270907	    -32.27526840	      8.96268450	      4.03765381	    -11.88945859	      8.94513815	     58.20524788	    119.18678374	    -16.01960808	     10.20634306
1760625423.20700002	      1.80176768	     -0.20095286	      1.75640557	     -0.01704036	      0.97686203	     -0.00910288	     80.00000000	     -7.00000000	      0.00000000	     80.00000000	      1.39626340	      0.00000000	      0.00000000	      0.00000000	     80.00000000	     -7.00000000	      0.00000000	     80.00000000	      1.39626340	      0.00000000	      0.00000000	      0.00000000	     -2.13425083	     -1.52347555	      2.74957142	      5.62920375	    -21.12499324	      7.48613346	     32.38847550	    122.87889052	    -29.81344581	      9.87510585	      3.59968081	    -11.73853737	      8.70477675	     55.69190680	    120.16656330	    -14.70468938	     11.05943395
1760625423.24099994	      1.85911795	     -0.19791506	      1.77162640	     -0.01413991	      0.97490351	     -0.00740181	     80.00000000	     -7.00000000	      0.00000000	     80.00000000	      1.39626340	      0.00000000	      0.00000000	      0.00000000	     80.00000000	     -7.00000000	      0.00000000	     80.00000000	      1.39626340	      0.00000000	      0.00000000	      0.00000000	     -2.28520222	     -1.28359783	      2.66370251	      4.70273167	    -20.40957226	      7.87446488	     31.01165050	    124.30735220	    -25.08795252	     11.80530972	      3.41048783	    -11.63556605	      9.10516335	     51.83508781	    120.82767704	    -12.82392574	     12.53320402
1760625423.27399993	      1.89469492	     -0.20716969	      1.79123250	     -0.01095180	      0.97322293	     -0.00747200	     80.00000000	     -7.00000000	      0.00000000	     80.00000000	      1.39626340	      0.00000000	      0.00000000	      0.00000000	     80.00000000	     -7.00000000	      0.00000000	     80.00000000	      1.39626340	      0.00000000	      0.00000000	      0.00000000	     -2.33163777	     -0.98871907	      2.72071337	      4.18475880	    -19.96935085	      8.39037013	     29.80836634	    124.78345060	    -20.98647114	     13.00246917	      3.49171253	    -11.33973234	     10.16504661	     48.40260588	    121.21311033	    -10.87912129	     14.29004692
1760625423.34100008	      1.82888310	     -0.24209681	      1.79177121	     -0.00987050	      0.96621252	     -0.00592412	     80.00000000	     -7.00000000	      0.00000000	     80.00000000	      1.39626340	      0.00000000	      0.00000000	      0.00000000	     80.00000000	     -7.00000000	      0.00000000	     80.00000000	      1.39626340	      0.00000000	      0.00000000	      0.00000000	     -2.15849128	     -0.94847634	      2.49702928	      4.39009153	    -18.50004444	     13.11661786	     23.37327386	    120.44500939	    -21.70832581	      8.96376456	      2.38717870	    -11.14054270	     13.46971948	     42.82517178	    113.71127452	    -17.22650709	      6.90958683
1760625423.37500000	      1.88351074	     -0.20130063	      1.86145751	     -0.01225146	      0.96157314	     -0.00508668	     80.00000000	     -7.00000000	      0.00000000	     80.00000000	      1.39626340	      0.00000000	      0.00000000	      0.00000000	     80.00000000	     -7.00000000	      0.00000000	     80.00000000	      1.39626340	      0.00000000	      0.00000000	      0.00000000	     -1.94296327	     -1.29641382	      3.24110747	      3.90768313	    -18.08882843	     13.55105081	     21.70515919	    118.24276025	    -26.15762565	      6.55911433	      2.43084896	    -11.54024131	     12.58623068	     43.87002927	    115.69285440	    -14.47248366	      9.49634950
1760625423.40799999	      2.09516359	     -0.18600836	      1.86014065	     -0.01456828	      0.95885007	     -0.00517989	     80.00000000	     -7.00000000	      0.00000000	     80.00000000	      1.39626340	      0.00000000	      0.00000000	      0.00000000	     80.00000000	     -7.00000000	      0.00000000	     80.00000000	      1.39626340	      0.00000000	      0.00000000	      0.00000000	     -2.11132850	     -1.36004991	      3.54011551	      3.60866521	    -18.43121585	     12.39460509	     22.59088117	    118.97523406	    -25.19960750	      7.31809005	      3.01916586	    -11.37364023	     11.56257590	     44.36103638	    115.79981728	    -13.07681374	      9.71401888
1760625423.44199991	      1.96353746	     -0.26175893	      1.89191549	     -0.01825219	      0.95681236	     -0.00603415	     80.00000000	     -7.00000000	      0.00000000	     80.00000000	      1.39626340	      0.00000000	      0.00000000	      0.00000000	     80.00000000	     -7.00000000	      0.00000000	     80.00000000	      1.39626340	      0.00000000	      0.00000000	      0.00000000	     -2.03803326	     -1.54100958	      3.41517455	      4.13873247	    -18.46701778	     11.98017282	     22.45827522	    117.87759442	    -26.58388298	      5.97352329	      2.85465685	    -11.38627595	     11.25297873	     46.03098086	    113.56745732	    -14.19160569	      8.55031717
1760625423.47499990	      2.05033464	     -0.26512199	      1.95524402	     -0.02143529	      0.95732178	     -0.00729471	     80.00000000	     -7.00000000	      0.00000000	     80.00000000	      1.39626340	      0.00000000	      0.00000000	      0.00000000	     80.00000000	     -7.00000000	      0.00000000	     80.00000000	      1.39626340	      0.00000000	      0.00000000	      0.00000000	     -2.12691347	     -1.72646277	      3.31136889	      5.01735689	    -18.62049244	     12.99712348	     21.88285655	    115.98446660	    -28.41307616	      4.79157563	      2.62731663	    -11.54724610	     11.18473807	     48.33199549	    112.48573339	    -15.34631662	      7.96292896
1760625423.50900006	      2.17936340	     -0.25899845	      1.94500789	     -0.02395655	      0.95851619	     -0.00935646	     80.00000000	     -7.00000000	      0.00000000	     80.00000000	      1.39626340	      0.00000000	      0.00000000	      0.00000000	     80.00000000	     -7.00000000	      0.00000000	     80.00000000	      1.39626340	      0.00000000	      0.00000000	      0.00000000	     -2.02902021	     -1.97346844	      3.31190531	      5.83413351	    -19.29528141	     13.53147486	     21.97511416	    114.30968163	    -30.73318151	      3.75347666	      2.61043104	    -11.65073444	     11.75066171	     51.44311422	    110.50967608	    -17.50342134	      6.91905091
1760625423.54200006	      2.18592625	     -0.25852178	      1.92549441	     -0.02850396	      0.95926156	     -0.01024591	     80.00000000	     -7.00000000	      0.00000000	     80.00000000	      1.39626340	      0.00000000	      0.00000000	      0.00000000	     80.00000000	     -7.00000000	      0.00000000	     80.00000000	      1.39626340	      0.00000000	      0.00000000	      0.00000000	     -1.50256493	     -2.25410128	      3.35396813	      6.17585676	    -19.78766345	     13.45874831	     22.47465806	    112.85531931	    -32.17964770	      2.95498896	      2.48976594	    -11.71058280	     10.87505408	     54.53732245	    110.32451593	    -18.02769232	      6.62804646
1760625423.57500005	      2.17098082	     -0.27764167	      1.94129675	     -0.03344619	      0.95874041	     -0.01063976	     80.00000000	     -7.00000000	      0.00000000	     80.00000000	      1.39626340	      0.00000000	      0.00000000	      0.00000000	     80.00000000	     -7.00000000	      0.00000000	     80.00000000	      1.39626340	      0.00000000	      0.00000000	      0.00000000	     -1.12770827	     -2.57753875	      3.52292994	      6.56263021	    -20.28948673	     12.47259317	     23.78467985	    112.22474557	    -33.14376137	      2.77193596	      2.62522428	    -11.83020770	     10.05635237	     58.06729700	    110.71750447	    -18.48931612	      6.40524813
1760625423.60899997	      2.22008442	     -0.28787681	      1.93609672	     -0.03692264	      0.95967458	     -0.01255573	     80.00000000	     -7.00000000	      0.00000000	     80.00000000	      1.39626340	      0.00000000	      0.00000000	      0.00000000	     80.00000000	     -7.00000000	      0.00000000	     80.00000000	      1.39626340	      0.00000000	      0.00000000	      0.00000000	     -0.76297285	     -2.61484269	      2.93205578	      6.97879901	    -21.44587566	     11.08519694	     26.81072998	    112.90872683	    -34.55817388	      3.14460515	      2.66261336	    -11.50828372	      8.86851021	     63.40705388	    111.08731566	    -19.91708450	      6.23613818
1760625423.64199996	      2.24711689	     -0.27616955	      1.93834547	     -0.03985754	      0.96301041	     -0.01412632	     80.00000000	     -7.00000000	      0.00000000	     80.00000000	      1.39626340	      0.00000000	      0.00000000	      0.00000000	     80.00000000	     -7.00000000	      0.00000000	     80.00000000	      1.39626340	      0.00000000	      0.00000000	      0.00000000	     -0.24786022	     -2.54329152	      2.54445393	      7.03648979	    -22.47304946	      9.98142252	     29.46707672	    113.50097070	    -35.88021279	      3.37663454	      2.49327281	    -11.12404057	      8.08210443	     67.63613335	    111.44810144	    -20.97422183	      6.09781180
1760625423.67600012	      2.21179461	     -0.26813211	      1.93099350	     -0.03794770	      0.96598533	     -0.01475238	     80.00000000	     -7.00000000	      0.00000000	     80.00000000	      1.39626340	      0.00000000	      0.00000000	      0.00000000	     80.00000000	     -7.00000000	      0.00000000	     80.00000000	      1.39626340	      0.00000000	      0.00000000	      0.00000000	     -0.45419327	     -2.74663202	      1.52520303	      8.25907092	    -23.01641191	      9.50568097	     32.25725330	    114.45985565	    -37.07785224	      3.93334843	      3.42725508	    -11.04571940	      6.52531265	     71.50068707	    111.83262134	    -21.71130311	      5.76335544
1760625423.70900011	      2.19025201	     -0.26705888	      1.92938492	     -0.03762143	      0.96837930	     -0.01660604	     80.00000000	     -7.00000000	      0.00000000	     80.00000000	      1.39626340	      0.00000000	      0.00000000	      0.00000000	     80.00000000	     -7.00000000	      0.00000000	     80.00000000	      1.39626340	      0.00000000	      0.00000000	      0.00000000	     -0.34625626	     -2.89851836	      1.32888696	      9.22527831	    -23.69206157	      7.89771036	     35.75938052	    116.11282480	    -38.92271874	      4.85987960	      4.25227300	    -10.62479247	      5.36662804	     76.51562479	    113.53783142	    -22.19025808	      5.84228501
1760625423.74300003	      2.18583945	     -0.25256242	      1.92211706	     -0.03225684	      0.97240154	     -0.01748528	     80.00000000	     -7.00000000	      0.00000000	     80.00000000	      1.39626340	      0.00000000	      0.00000000	      0.00000000	     80.00000000	     -7.00000000	      0.00000000	     80.00000000	      1.39626340	      0.00000000	      0.00000000	      0.00000000	     -0.51306392	     -2.82385739	      1.59975889	      9.91004635	    -24.29204604	      6.21631879	     38.43034701	    117.69965931	    -40.09051743	      5.73930616	      5.18109884	    -10.25040581	      4.86033024	     80.04415722	    114.44435470	    -22.28706094	      5.81907426
1760625423.77600002	      2.18486494	     -0.24050233	      1.90114101	     -0.02746312	      0.97675794	     -0.01974160	     80.00000000	     -7.00000000	      0.00000000	     80.00000000	      1.39626340	      0.00000000	      0.00000000	      0.00000000	     80.00000000	     -7.00000000	      0.00000000	     80.00000000	      1.39626340	      0.00000000	      0.00000000	      0.00000000	     -0.94506045	     -2.71973871	      1.31484830	     10.90483761	    -24.59713982	      5.04431350	     41.14932232	    119.45900888	    -40.84706458	      6.73515677	      6.43973335	     -9.96448199	      4.19776695	     82.40758337	    114.41526086	    -22.83240622	      5.09600760
1760625423.80900002	      2.21229081	     -0.23915935	      1.88891364	     -0.02647296	      0.97844346	     -0.02105670	     80.00000000	     -7.00000000	      0.00000000	     80.00000000	      1.39626340	      0.00000000	      0.00000000	      0.00000000	     80.00000000	     -7.00000000	      0.00000000	     80.00000000	      1.39626340	      0.00000000	      0.00000000	      0.00000000	     -0.79513930	     -2.80294989	      1.03182506	     11.32853902	    -24.43865404	      3.68418897	     44.21949662	    121.82191236	    -41.27818207	      8.22125645	      6.93461265	     -9.57317523	      3.86977462	     84.42053896	    114.85166370	    -23.75730731	      4.52410067
1760625423.84299994	      2.20679247	     -0.23899366	      1.87666072	     -0.02114671	      0.97971938	     -0.02188024	     80.00000000	     -7.00000000	      0.00000000	     80.00000000	      1.39626340	      0.00000000	      0.00000000	      0.00000000	     80.00000000	     -7.00000000	      0.00000000	     80.00000000	      1.39626340	      0.00000000	      0.00000000	      0.00000000	     -0.57002791	     -2.95007846	      1.12712769	     11.28374194	    -24.05804648	      2.40850306	     46.38744994	    123.75572297	    -41.00181580	      9.60147599	      6.87653113	     -9.33629932	      3.77851237	     85.67989236	    115.50054997	    -23.84465020	      4.61677177
1760625423.87700009	      2.23556623	     -0.23699878	      1.88201794	     -0.01816790	      0.98087965	     -0.02212840	     80.00000000	     -7.00000000	      0.00000000	     80.00000000	      1.39626340	      0.00000000	      0.00000000	      0.00000000	     80.00000000	     -7.00000000	      0.00000000	     80.00000000	      1.39626340	      0.00000000	      0.00000000	      0.00000000	     -0.75327548	     -3.11616669	      0.88707340	     11.58350224	    -23.56301984	      1.66255355	     48.20528502	    125.17402637	    -40.50559613	     10.66221294	      7.12953647	     -9.43294340	      3.18104698	     86.14715962	    115.60322220	    -23.63998214	      4.43596704
1760625423.91000009	      2.32460021	     -0.23270521	      1.88667097	     -0.01926118	      0.98208177	     -0.02235806	     80.00000000	     -7.00000000	      0.00000000	     80.00000000	      1.39626340	      0.00000000	      0.00000000	      0.00000000	     80.00000000	     -7.00000000	      0.00000000	     80.00000000	      1.39626340	      0.00000000	      0.00000000	      0.00000000	     -1.03083176	     -2.98286398	      0.47825527	     11.92995112	    -23.24810857	      1.38187074	     49.46042429	    126.16313746	    -40.15714982	     11.30988208	      7.20930939	     -9.38799330	      2.39117263	     85.91414572	    115.32530885	    -23.51591741	      4.00961653
1760625423.94300008	      2.32521856	     -0.22545558	      1.88005547	     -0.01883278	      0.98372182	     -0.02289430	     80.00000000	     -7.00000000	      0.00000000	     80.00000000	      1.39626340	      0.00000000	      0.00000000	      0.00000000	     80.00000000	     -7.00000000	      0.00000000	     80.00000000	      1.39626340	      0.00000000	      0.00000000	      0.00000000	     -1.20916987	     -3.03910323	      0.37808880	     12.26849213	    -23.12235206	      1.64981894	     49.06334346	    125.79507075	    -40.55833212	     10.84304390	      7.11098240	     -9.52176237	      2.26851489	     85.17990661	    115.03548751	    -23.37018102	      3.85512945
1760625423.97700000	      2.35396999	     -0.21151132	      1.88931324	     -0.02133242	      0.98570867	     -0.02261721	     80.00000000	     -7.00000000	      0.00000000	     80.00000000	      1.39626340	      0.00000000	      0.00000000	      0.00000000	     80.00000000	     -7.00000000	      0.00000000	     80.00000000	      1.39626340	      0.00000000	      0.00000000	      0.00000000	     -1.41813494	     -2.96661838	      0.31860943	     12.67477850	    -23.19114442	      2.37662655	     47.86163629	    124.96597413	    -40.81260866	     10.17714112	      6.84298761	     -9.55699977	      2.25291785	     84.10888044	    114.84868005	    -22.92197001	      3.95561149
1760625424.00999999	      2.37181124	     -0.20041283	      1.88869082	     -0.02000841	      0.98877864	     -0.02170656	     80.00000000	     -7.00000000	      0.00000000	     80.00000000	      1.39626340	      0.00000000	      0.00000000	      0.00000000	     80.00000000	     -7.00000000	      0.00000000	     80.00000000	      1.39626340	      0.00000000	      0.00000000	      0.00000000	     -1.70762384	     -2.56033693	      0.34590493	     13.06466188	    -23.47030240	      3.65865051	     45.84609899	    123.79548719	    -40.45235500	      9.54892940	      6.42092677	     -9.40002223	      2.05504742	     82.39807181	    114.80985988	    -21.78305770	      4.34666926
1760625424.04399991	      2.40139184	     -0.18747006	      1.89087102	     -0.02030091	      0.98997726	     -0.02057821	     80.00000000	     -7.00000000	      0.00000000	     80.00000000	      1.39626340	      0.00000000	      0.00000000	      0.00000000	     80.00000000	     -7.00000000	      0.00000000	     80.00000000	      1.39626340	      0.00000000	      0.00000000	      0.00000000	     -1.92375777	     -2.20533866	      0.41874203	     13.01929511	    -23.67687920	      4.68849880	     43.95875473	    122.67351453	    -40.57221980	      8.57631674	      5.98138853	     -9.24554371	      1.92958614	     80.69598552	    114.91292732	    -20.95750071	      4.62138537
1760625424.07699990	      2.44308278	     -0.17177862	      1.90670421	     -0.02468812	      0.99135272	     -0.01799106	     80.00000000	     -7.00000000	      0.00000000	     80.00000000	      1.39626340	      0.00000000	      0.00000000	      0.00000000	     80.00000000	     -7.00000000	      0.00000000	     80.00000000	      1.39626340	      0.00000000	      0.00000000	      0.00000000	     -2.15085173	     -1.76362603	      0.91668818	     12.72478690	    -23.99004692	      5.33848617	     41.91503034	    121.86942395	    -40.32754155	      7.82447472	      5.60885631	     -9.07767232	      2.38476883	     78.40794772	    114.58890484	    -20.42027241	      4.49860070
1760625424.11100006	      2.45433909	     -0.15673817	      1.91438010	     -0.02971371	      0.99403050	     -0.01631047	     80.00000000	     -7.00000000	      0.00000000	     80.00000000	      1.39626340	      0.00000000	      0.00000000	      0.00000000	     80.00000000	     -7.00000000	      0.00000000	     80.00000000	      1.39626340	      0.00000000	      0.00000000	      0.00000000	     -2.47029560	     -1.41274264	      1.34521627	     12.48539825	    -23.99177120	      6.82919594	     38.66312841	    120.58070249	    -39.65063755	      6.85468424	      5.31165515	     -9.04346339	      3.40666712	     74.74657755	    114.81261601	    -19.90650610	      5.67209342
1760625424.14400005	      2.43908328	     -0.15444457	      1.91906141	     -0.03472353	      0.99530956	     -0.01761733	     80.00000000	     -7.00000000	      0.00000000	     80.00000000	      1.39626340	      0.00000000	      0.00000000	      0.00000000	     80.00000000	     -7.00000000	      0.00000000	     80.00000000	      1.39626340	      0.00000000	      0.00000000	      0.00000000	     -2.58184031	     -1.27403807	      1.89392188	     11.95443670	    -23.73769166	      7.90512424	     35.87189836	    119.10194764	    -39.19718255	      5.74543769	      4.97280628	     -9.24602636	      4.43281945	     71.57602807	    114.96122372	    -19.35802554	      6.69975625
1760625424.17700005	      2.46123419	     -0.15993270	      1.93134072	     -0.03561774	      0.99447050	     -0.01883264	     80.00000000	     -7.00000000	      0.00000000	     80.00000000	      1.39626340	      0.00000000	      0.00000000	      0.00000000	     80.00000000	     -7.00000000	      0.00000000	     80.00000000	      1.39626340	      0.00000000	      0.00000000	      0.00000000	     -2.84042710	     -1.11894040	      2.20791640	     11.58122615	    -23.32602261	      9.13212539	     33.15546563	    118.00278281	    -37.97764469	      5.14295083	      4.88111779	     -9.52635717	      5.22643808	     68.03340203	    114.71527034	    -18.05606656	      8.27826160
1760625424.21099997	      2.45451327	     -0.16644765	      1.93298550	     -0.03286142	      0.99070365	     -0.01836969	     80.00000000	     -7.00000000	      0.00000000	     80.00000000	      1.39626340	      0.00000000	      0.00000000	      0.00000000	     80.00000000	     -7.00000000	      0.00000000	     80.00000000	      1.39626340	      0.00000000	      0.00000000	      0.00000000	     -2.91415730	     -1.07204507	      2.42044439	     10.98197985	    -22.46068174	     11.00188155	     29.59659847	    117.36118079	    -35.17244815	      5.33144276	      4.37163860	     -9.57846429	      5.75348863	     63.66042611	    115.72469597	    -14.56135996	     12.40057997
1760625424.24399996	      2.40197317	     -0.17399580	      1.90535897	     -0.02916991	      0.98459390	     -0.01611520	     80.00000000	     -7.00000000	      0.00000000	     80.00000000	      1.39626340	      0.00000000	      0.00000000	      0.00000000	     80.00000000	     -7.00000000	      0.00000000	     80.00000000	      1.39626340	      0.00000000	      0.00000000	      0.00000000	     -2.30551847	     -1.19883625	      2.78386758	      9.39172649	    -21.32748707	     11.64542302	     27.36511390	    116.31541591	    -33.07807849	      4.92851711	      3.58565776	     -9.89184870	      6.24928008	     59.87514488	    116.40040434	    -10.90080845	     15.73327637
1760625424.27800012	      2.40116336	     -0.18063758	      1.90044296	     -0.02374724	      0.97718413	     -0.01361716	     80.00000000	     -7.00000000	      0.00000000	     80.00000000	      1.39626340	      0.00000000	      0.00000000	      0.00000000	     80.00000000	     -7.00000000	      0.00000000	     80.00000000	      1.39626340	      0.00000000	      0.00000000	      0.00000000	     -2.26582461	     -1.51108480	      3.13784671	      8.54304809	    -19.83037773	     12.11000850	     25.29850075	    115.68655162	    -29.57315596	      5.19113601	      3.66932159	    -10.09620366	      7.08395509	     55.70903746	    117.44552189	     -6.63485285	     19.85077269
1760625424.31100011	      2.37928543	     -0.19715235	      1.89509196	     -0.02279187	      0.97307504	     -0.01172607	     80.00000000	     -7.00000000	      0.00000000	     80.00000000	      1.39626340	      0.00000000	      0.00000000	      0.00000000	     80.00000000	     -7.00000000	      0.00000000	     80.00000000	      1.39626340	      0.00000000	      0.00000000	      0.00000000	     -1.87722208	     -1.40353384	      3.06141152	      7.68487717	    -18.47074504	     13.90064823	     22.95251018	    116.98116144	    -21.47008040	      7.91683751	      3.80913650	     -9.98556043	      8.65300976	     49.88768242	    118.25128633	     -0.73315730	     26.05344525
1760625424.34500003	      2.28965552	     -0.20937476	      1.90645765	     -0.02009309	      0.96716533	     -0.01020368	     80.00000000	     -7.00000000	      0.00000000	     80.00000000	      1.39626340	      0.00000000	      0.00000000	      0.00000000	     80.00000000	     -7.00000000	      0.00000000	     80.00000000	      1.39626340	      0.00000000	      0.00000000	      0.00000000	     -2.24770329	     -1.50251778	      2.99723585	      8.01385809	    -17.30400257	     15.66739906	     20.89381358	    117.80433375	    -16.31634030	      9.76851676	      4.32245159	    -10.19818799	     11.12365955	     44.50212688	    117.15383004	     -6.77753954	     19.06974028
1760625424.37800002	      2.27325782	     -0.20991761	      1.87628655	     -0.01883191	      0.96264014	     -0.01053459	     80.00000000	     -7.00000000	      0.00000000	     80.00000000	      1.39626340	      0.00000000	      0.00000000	      0.00000000	     80.00000000	     -7.00000000	      0.00000000	     80.00000000	      1.39626340	      0.00000000	      0.00000000	      0.00000000	     -2.57870389	     -1.69295832	      2.88701692	      8.81276803	    -16.78290532	     18.86238286	     15.92475618	    115.13220523	    -28.84602616	      3.18189921	      2.95870780	    -10.67713980	     12.39564616	     44.47267555	    114.56429251	    -10.80040915	     14.91858539
1760625424.41100001	      2.09074403	     -0.19817567	      1.71249446	     -0.01915854	      0.95876208	     -0.00752017	     80.00000000	     -7.00000000	      0.00000000	     80.00000000	      1.39626340	      0.00000000	      0.00000000	      0.00000000	     80.00000000	     -7.00000000	      0.00000000	     80.00000000	      1.39626340	      0.00000000	      0.00000000	      0.00000000	     -2.13737341	     -1.99748680	      3.25597353	      7.76841308	    -16.42098894	     18.54447471	     16.52500173	    113.77761256	    -29.26611176	      2.94040560	      3.17197627	    -11.07612897	     10.72618316	     45.52260559	    116.09688787	     -7.89802725	     17.54303033
1760625424.44499993	      2.43575866	     -0.22808129	      1.80403694	     -0.01821290	      0.95855409	     -0.00703208	     80.00000000	     -7.00000000	      0.00000000	     80.00000000	      1.39626340	      0.00000000	      0.00000000	      0.00000000	     80.00000000	     -7.00000000	      0.00000000	     80.00000000	      1.39626340	      0.00000000	      0.00000000	      0.00000000	     -2.57906112	     -1.99194561	      3.39741781	      7.10740580	    -16.71440231	     15.57496048	     18.66167255	    115.04083567	    -26.58104441	      4.12849113	      3.87358392	    -10.90971793	      9.85868174	     45.57483935	    116.71162291	     -6.66562628	     17.90336168
1760625424.47900009	      2.12011924	     -0.25717071	      1.82588850	     -0.01910338	      0.95865277	     -0.00713323	     80.00000000	     -7.00000000	      0.00000000	     80.00000000	      1.39626340	      0.00000000	      0.00000000	      0.00000000	     80.00000000	     -7.00000000	      0.00000000	     80.00000000	      1.39626340	      0.00000000	      0.00000000	      0.00000000	     -2.36225128	     -1.99294567	      3.17616850	      7.65143159	    -16.66486283	     15.05253620	     18.86672635	    114.89757942	    -25.73452312	      4.27348017	      3.72292282	    -11.04895275	      9.83760830	     46.36555003	    115.98391539	     -7.45752780	     17.23004978
1760625424.51200008	      2.27346058	     -0.24800646	      1.81405500	     -0.01899086	      0.96093666	     -0.00803631	     80.00000000	     -7.00000000	      0.00000000	     80.00000000	      1.39626340	      0.00000000	      0.00000000	      0.00000000	     80.00000000	     -7.00000000	      0.00000000	     80.00000000	      1.39626340	      0.00000000	      0.00000000	      0.00000000	     -2.43724503	     -2.09281869	      3.04672212	      8.16637177	    -16.77339664	     16.46205020	     18.28733601	    114.26263466	    -26.78911746	      3.99003772	      2.98235625	    -11.23932632	     10.18659124	     47.99293106	    115.72214520	     -8.83921733	     16.88755983
1760625424.54500008	      2.36279126	     -0.21465735	      1.81850096	     -0.02178197	      0.96248098	     -0.00971473	     80.00000000	     -7.00000000	      0.00000000	     80.00000000	      1.39626340	      0.00000000	      0.00000000	      0.00000000	     80.00000000	     -7.00000000	      0.00000000	     80.00000000	      1.39626340	      0.00000000	      0.00000000	      0.00000000	     -2.54481382	     -2.07657807	      2.94395162	      8.64288501	    -17.31079154	     17.48463615	     17.89158828	    113.76246264	    -28.11284124	      3.56745298	      2.67287377	    -11.33018317	     10.61070022	     49.36035067	    114.24804381	    -10.42565782	     15.83176229
1760625424.61199999	      2.33784120	     -0.23904606	      1.79889145	     -0.02696782	      0.96141502	     -0.00976317	     80.00000000	     -7.00000000	      0.00000000	     80.00000000	      1.39626340	      0.00000000	      0.00000000	      0.00000000	     80.00000000	     -7.00000000	      0.00000000	     80.00000000	      1.39626340	      0.00000000	      0.00000000	      0.00000000	     -1.92831359	     -2.19804607	      3.33327739	      8.45460492	    -18.45611107	     15.74175240	     19.55367440	    112.39489642	    -29.53497997	      2.82675957	      2.30711578	    -11.25466005	      8.04322227	     54.44019929	    113.63555013	    -10.46681546	     14.12294468
1760625424.64599991	      2.30449879	     -0.23462128	      1.81712673	     -0.03102730	      0.96089516	     -0.00785383	     80.00000000	     -7.00000000	      0.00000000	     80.00000000	      1.39626340	      0.00000000	      0.00000000	      0.00000000	     80.00000000	     -7.00000000	      0.00000000	     80.00000000	      1.39626340	      0.00000000	      0.00000000	      0.00000000	     -1.45726148	     -2.50465471	      3.46574444	      7.93794736	    -19.03408489	     14.07907269	     21.27182211	    112.91490832	    -30.28614823	      2.99301258	      1.94879739	    -11.54370480	      7.73128622	     57.08580578	    113.18023409	    -11.37894169	     13.34485416
1760625424.67899990	      2.41021027	     -0.21716376	      1.84114334	     -0.03353660	      0.95971219	     -0.00761589	     80.00000000	     -7.00000000	      0.00000000	     80.00000000	      1.39626340	      0.00000000	      0.00000000	      0.00000000	     80.00000000	     -7.00000000	      0.00000000	     80.00000000	      1.39626340	      0.00000000	      0.00000000	      0.00000000	     -1.20792869	     -2.84762125	      3.04864244	      8.15287085	    -19.90893713	     13.55722763	     23.21713392	    112.16458714	    -31.93393466	      2.67245713	      1.65526716	    -11.58156702	      7.53675275	     61.14694872	    111.87813348	    -13.37069602	     12.38396929
1760625424.71300006	      2.35536468	     -0.22236516	      1.83178991	     -0.03612335	      0.96245959	     -0.00939374	     80.00000000	     -7.00000000	      0.00000000	     80.00000000	      1.39626340	      0.00000000	      0.00000000	      0.00000000	     80.00000000	     -7.00000000	      0.00000000	     80.00000000	      1.39626340	      0.00000000	      0.00000000	      0.00000000	     -0.54128651	     -2.74646088	      2.69712957	      8.14149179	    -20.93101702	     13.17779715	     25.11196667	    111.64506198	    -33.27484618	      2.49749654	      1.21093846	    -11.33852276	      6.86831864	     65.13338948	    111.37570816	    -14.31365081	     11.96897451
1760625424.74600005	      2.38184692	     -0.22343650	      1.86341757	     -0.04176053	      0.96040774	     -0.01023147	     80.00000000	     -7.00000000	      0.00000000	     80.00000000	      1.39626340	      0.00000000	      0.00000000	      0.00000000	     80.00000000	     -7.00000000	      0.00000000	     80.00000000	      1.39626340	      0.00000000	      0.00000000	      0.00000000	     -0.00811794	     -3.14026002	      2.68151310	      7.99248787	    -21.60199822	     11.57536868	     27.84159658	    112.25212526	    -34.41794632	      2.92354082	      1.00200972	    -11.47390921	      6.32905042	     69.09670200	    111.47704192	    -15.07325462	     11.37598727
1760625424.77999997	      2.46498525	     -0.21882635	      1.89254142	     -0.04290285	      0.96198321	     -0.01120984	     80.00000000	     -7.00000000	      0.00000000	     80.00000000	      1.39626340	      0.00000000	      0.00000000	      0.00000000	     80.00000000	     -7.00000000	      0.00000000	     80.00000000	      1.39626340	      0.00000000	      0.00000000	      0.00000000	      0.40861683	     -3.29887129	      2.16637570	      7.57789487	    -22.73929848	      8.38028948	     33.47028661	    115.10950130	    -35.53933493	      4.68426893	      1.14712535	    -11.06324067	      5.00707008	     75.13831255	    112.13862546	    -15.66504146	     11.10603717
1760625424.81299996	      2.43768496	     -0.20995297	      1.88289509	     -0.04089804	      0.96572898	     -0.01229883	     80.00000000	     -7.00000000	      0.00000000	     80.00000000	      1.39626340	      0.00000000	      0.00000000	      0.00000000	     80.00000000	     -7.00000000	      0.00000000	     80.00000000	      1.39626340	      0.00000000	      0.00000000	      0.00000000	     -0.17719714	     -3.42420098	      1.69599855	      8.23085634	    -23.21833860	      5.57573945	     38.41918166	    118.07538754	    -36.27004229	      6.55870852	      2.63116667	    -10.77667569	      4.07716476	     79.53966633	    112.76099793	    -16.21719816	     10.81574153
1760625424.84699988	      2.38816862	     -0.20360558	      1.88644930	     -0.03791999	      0.96985424	     -0.01420565	     80.00000000	     -7.00000000	      0.00000000	     80.00000000	      1.39626340	      0.00000000	      0.00000000	      0.00000000	     80.00000000	     -7.00000000	      0.00000000	     80.00000000	      1.39626340	      0.00000000	      0.00000000	      0.00000000	     -0.23638551	     -3.28824717	      1.24145075	      8.52099383	    -23.68135201	      3.22209056	     42.93508398	    120.90524991	    -37.31864442	      8.26645065	      3.70097120	    -10.22838526	      3.41158042	     83.57576752	    113.61708083	    -17.09298599	     10.44847864
1760625424.88000011	      2.29789572	     -0.20301573	      1.87252933	     -0.02944724	      0.97250464	     -0.01810677	     80.00000000	     -7.00000000	      0.00000000	     80.00000000	      1.39626340	      0.00000000	      0.00000000	      0.00000000	     80.00000000	     -7.00000000	      0.00000000	     80.00000000	      1.39626340	      0.00000000	      0.00000000	      0.00000000	     -0.32986514	     -3.25601243	      0.75272242	      9.63181683	    -24.07933974	      1.62061279	     46.71738383	    122.88447799	    -39.69750771	      9.14537721	      5.38240843	     -9.82181777	      3.02293308	     87.33061316	    114.37984864	    -18.52997332	      9.47548512
1760625424.91300011	      2.23061549	     -0.20673514	      1.84669718	     -0.02059842	      0.97338574	     -0.02091093	     80.00000000	     -7.00000000	      0.00000000	     80.00000000	      1.39626340	      0.00000000	      0.00000000	      0.00000000	     80.00000000	     -7.00000000	      0.00000000	     80.00000000	      1.39626340	      0.00000000	      0.00000000	      0.00000000	     -0.13659814	     -3.45440662	      0.58538403	     10.65863275	    -24.28036619	      1.43887905	     47.61724197	    123.04613378	    -41.71404396	      8.95422913	      6.29232743	     -9.63220953	      3.15686977	     89.06325933	    114.86392244	    -19.38608693	      9.00819948
1760625424.94700003	      2.21525571	     -0.19962058	      1.83599003	     -0.01813147	      0.97606340	     -0.02205994	     80.00000000	     -7.00000000	      0.00000000	     80.00000000	      1.39626340	      0.00000000	      0.00000000	      0.00000000	     80.00000000	     -7.00000000	      0.00000000	     80.00000000	      1.39626340	      0.00000000	      0.00000000	      0.00000000	      0.15137320	     -3.64315266	      0.55218249	     11.56455245	    -24.45668965	      1.45226759	     47.70844004	    123.04742036	    -42.75338399	      8.88721382	      6.80087955	     -9.35682810	      3.44877104	     90.20164168	    115.52054208	    -19.74700342	      9.21668636
1760625424.98000002	      2.24126091	     -0.18320629	      1.82759008	     -0.01720942	      0.98022959	     -0.02323597	     80.00000000	     -7.00000000	      0.00000000	     80.00000000	      1.39626340	      0.00000000	      0.00000000	      0.00000000	     80.00000000	     -7.00000000	      0.00000000	     80.00000000	      1.39626340	      0.00000000	      0.00000000	      0.00000000	      0.09321729	     -3.71647918	      0.50757497	     12.67853318	    -24.78427112	      1.50545471	     46.97596733	    122.65910306	    -43.04479265	      8.40522572	      7.52711295	     -9.19459177	      3.51918883	     90.40128715	    116.02082022	    -19.70328635	      9.50549613
1760625425.01399994	      2.24705790	     -0.18348349	      1.81874616	     -0.01500125	      0.98420463	     -0.02411781	     80.00000000	     -7.00000000	      0.00000000	     80.00000000	      1.39626340	      0.00000000	      0.00000000	      0.00000000	     80.00000000	     -7.00000000	      0.00000000	     80.00000000	      1.39626340	      0.00000000	      0.00000000	      0.00000000	     -0.45923870	     -3.58894673	      0.43653173	     13.97335782	    -25.05744649	      1.75617601	     45.95183593	    122.64845847	    -42.13855662	      8.57429186	      8.40516192	     -9.18152473	      3.41977249	     89.65297237	    115.85956372	    -19.44983560	      9.42089194
1760625425.04699993	      2.24018624	     -0.17964205	      1.80511333	     -0.01219858	      0.98689107	     -0.02403621	     80.00000000	     -7.00000000	      0.00000000	     80.00000000	      1.39626340	      0.00000000	      0.00000000	      0.00000000	     80.00000000	     -7.00000000	      0.00000000	     80.00000000	      1.39626340	      0.00000000	      0.00000000	      0.00000000	     -1.19314390	     -3.32895953	      0.28486266	     15.16687176	    -25.22715031	      2.29908771	     44.97147700	    122.85353384	    -40.72383145	      9.05708928	      9.12748103	     -8.95258243	      3.16741264	     88.61491364	    116.03663540	    -18.86021364	      9.48235348
1760625425.08100009	      2.22647529	     -0.17857264	      1.80319628	     -0.01094316	      0.98842963	     -0.02395420	     80.00000000	     -7.00000000	      0.00000000	     80.00000000	      1.39626340	      0.00000000	      0.00000000	      0.00000000	     80.00000000	     -7.00000000	      0.00000000	     80.00000000	      1.39626340	      0.00000000	      0.00000000	      0.00000000	     -1.93782064	     -2.94203646	      0.23956193	     15.71210925	    -25.51013541	      3.41624480	     43.21826646	    121.27744736	    -40.76452474	      7.77018854	      9.12140004	     -9.07094344	      2.80769694	     86.40804031	    114.67996225	    -18.57680216	      7.55216560
1760625425.11400008	      2.22611183	     -0.17343619	      1.83161707	     -0.01244808	      0.99054481	     -0.02363906	     80.00000000	     -7.00000000	      0.00000000	     80.00000000	      1.39626340	      0.00000000	      0.00000000	      0.00000000	     80.00000000	     -7.00000000	      0.00000000	     80.00000000	      1.39626340	      0.00000000	      0.00000000	      0.00000000	     -2.12397801	     -2.46684051	      0.20339730	     15.61382497	    -25.81243241	      4.81742138	     41.46008440	    119.78164980	    -41.38922219	      6.51642747	      8.37279945	     -9.19428509	      2.20997710	     84.52122901	    112.81450148	    -18.35670310	      5.49000957
1760625425.14800000	      2.17427425	     -0.17500205	      1.85723658	     -0.01315728	      0.99024159	     -0.02270524	     80.00000000	     -7.00000000	      0.00000000	     80.00000000	      1.39626340	      0.00000000	      0.00000000	      0.00000000	     80.00000000	     -7.00000000	      0.00000000	     80.00000000	      1.39626340	      0.00000000	      0.00000000	      0.00000000	     -2.20663524	     -2.22038903	      0.28222604	     15.33312387	    -25.73497886	      6.09636948	     39.67092596	    118.61143001	    -41.60055414	      5.62050977	      7.43672368	     -9.38434885	      1.78885487	     82.40182122	    111.85841547	    -17.85508385	      4.38652729
1760625425.18099999	      2.11750142	     -0.15353417	      1.88875684	     -0.01488193	      0.99250001	     -0.02032807	     80.00000000	     -7.00000000	      0.00000000	     80.00000000	      1.39626340	      0.00000000	      0.00000000	      0.00000000	     80.00000000	     -7.00000000	      0.00000000	     80.00000000	      1.39626340	      0.00000000	      0.00000000	      0.00000000	     -2.45579821	     -1.77832280	      0.33588290	     14.84254092	    -25.45206195	      7.91878834	     37.14659127	    116.75430705	    -41.92355579	      4.19485817	      6.27588495	     -9.61958608	      1.38936971	     79.25521681	    111.19085868	    -17.35572215	      3.58466256
1760625425.21499991	      2.16096388	     -0.12591192	      1.93762033	     -0.02482041	      0.99447037	     -0.01831418	     80.00000000	     -7.00000000	      0.00000000	     80.00000000	      1.39626340	      0.00000000	      0.00000000	      0.00000000	     80.00000000	     -7.00000000	      0.00000000	     80.00000000	      1.39626340	      0.00000000	      0.00000000	      0.00000000	     -2.43175999	     -1.46832525	      1.33636805	     13.75114748	    -25.33600835	      8.47153892	     34.84262942	    115.22182777	    -41.90622684	      3.09438005	      5.23838775	     -9.69191217	      2.47661860	     76.34177121	    110.58008540	    -17.04484680	      3.44336617
1760625425.24799991	      2.16715894	     -0.11263054	      1.96955360	     -0.02817446	      0.99573077	     -0.01747265	     80.00000000	     -7.00000000	      0.00000000	     80.00000000	      1.39626340	      0.00000000	      0.00000000	      0.00000000	     80.00000000	     -7.00000000	      0.00000000	     80.00000000	      1.39626340	      0.00000000	      0.00000000	      0.00000000	     -2.59944510	     -1.20486441	      2.27024612	     12.61128887	    -24.92075022	      8.36627322	     33.09120450	    114.95306236	    -40.72584139	      2.96402445	      4.50350140	     -9.57290471	      3.87280696	     73.43147784	    110.67214316	    -16.19535475	      5.16616670
1760625425.28099990	      2.12023698	     -0.10531086	      1.98349189	     -0.02620357	      0.99518010	     -0.01743690	     80.00000000	     -7.00000000	      0.00000000	     80.00000000	      1.39626340	      0.00000000	      0.00000000	      0.00000000	     80.00000000	     -7.00000000	      0.00000000	     80.00000000	      1.39626340	      0.00000000	      0.00000000	      0.00000000	     -3.01575947	     -0.64202503	      2.70286578	     11.44518314	    -24.18475343	      8.52244445	     31.13509775	    115.43737482	    -38.25141688	      3.37996170	      4.01641172	     -9.56517872	      4.45616300	     68.95608330	    111.39802828	    -14.62591016	      7.21785006
1760625425.31500006	      2.17050289	     -0.10161691	      2.00472453	     -0.02416600	      0.99210409	     -0.01670318	     80.00000000	     -7.00000000	      0.00000000	     80.00000000	      1.39626340	      0.00000000	      0.00000000	      0.00000000	     80.00000000	     -7.00000000	      0.00000000	     80.00000000	      1.39626340	      0.00000000	      0.00000000	      0.00000000	     -3.26036726	     -0.42729245	      2.76015061	     10.48268306	    -23.31080116	      9.15712191	     29.23700760	    115.12371063	    -36.76318252	      3.12835315	      4.09827897	     -9.68387932	      4.96545896	     64.29019191	    111.87910344	    -13.73272698	      8.06139669
1760625425.34800005	      2.18309110	     -0.10941593	      2.02260549	     -0.02237199	      0.98579194	     -0.01456264	     80.00000000	     -7.00000000	      0.00000000	     80.00000000	      1.39626340	      0.00000000	      0.00000000	      0.00000000	     80.00000000	     -7.00000000	      0.00000000	     80.00000000	      1.39626340	      0.00000000	      0.00000000	      0.00000000	     -2.97637113	     -0.66360831	      2.87433567	      9.36265953	    -22.08653008	     10.06551176	     26.83747532	    115.42805472	    -34.64198068	      3.47243317	      3.76742071	     -9.86584333	      6.16441126	     58.99732946	    112.98164353	    -12.68729286	      9.78556974
1760625425.38199997	      2.12310992	     -0.11842043	      1.99792480	     -0.02137799	      0.98307515	     -0.01235817	     80.00000000	     -7.00000000	      0.00000000	     80.00000000	      1.39626340	      0.00000000	      0.00000000	      0.00000000	     80.00000000	     -7.00000000	      0.00000000	     80.00000000	      1.39626340	      0.00000000	      0.00000000	      0.00000000	     -3.13314793	     -0.62630920	      3.03854960	      9.23251217	    -20.63487165	     12.28921211	     23.06305434	    116.12337044	    -30.07533618	      4.82220878	      4.77852020	     -9.95581821	      8.04660894	     51.22417173	    114.03905039	     -9.77475262	     12.41509368
1760625425.41499996	      2.14389755	     -0.12803766	      1.99865394	     -0.02071516	      0.97719635	     -0.00985189	     80.00000000	     -7.00000000	      0.00000000	     80.00000000	      1.39626340	      0.00000000	      0.00000000	      0.00000000	     80.00000000	     -7.00000000	      0.00000000	     80.00000000	      1.39626340	      0.00000000	      0.00000000	      0.00000000	     -2.41451354	     -0.75797505	      3.24686956	      8.20363944	    -19.17584938	     14.18675219	     20.08248872	    115.96148194	    -26.00945927	      5.68214258	      5.27610012	    -10.30507700	     11.63319998	     43.55001540	    113.97562673	     -8.18436254	     14.00829380
1760625425.44899988	      2.05378178	     -0.17564562	      1.88491775	     -0.01210335	      0.97117948	     -0.00851698	     80.00000000	     -7.00000000	      0.00000000	     80.00000000	      1.39626340	      0.00000000	      0.00000000	      0.00000000	     80.00000000	     -7.00000000	      0.00000000	     80.00000000	      1.39626340	      0.00000000	      0.00000000	      0.00000000	     -2.38983339	     -0.86487564	      2.82259553	      8.66026766	    -17.03066138	     18.64001687	     14.20207965	    113.30987435	    -27.77808982	      2.75120170	      5.63515952	     -9.70401113	     18.22325789	     34.35645174	    104.37866403	    -20.88598931	      0.18990206
1760625425.48200011	      1.80367703	     -0.21034404	      1.87704160	     -0.00998166	      0.96607000	     -0.00871419	     80.00000000	     -7.00000000	      0.00000000	     80.00000000	      1.39626340	      0.00000000	      0.00000000	      0.00000000	     80.00000000	     -7.00000000	      0.00000000	     80.00000000	      1.39626340	      0.00000000	      0.00000000	      0.00000000	     -1.92101016	     -0.96114132	      3.13227043	      8.57056530	    -15.88788373	     20.58715139	     11.63288853	    107.64650838	    -35.76732478	     -2.01466667	      4.73626040	    -10.04444637	     18.78747052	     34.91439165	    104.20869819	    -19.53938628	      1.84894084
1760625425.51500010	      1.96613480	     -0.12890228	      1.92841400	     -0.01262310	      0.96059133	     -0.00779927	     80.00000000	     -7.00000000	      0.00000000	     80.00000000	      1.39626340	      0.00000000	      0.00000000	      0.00000000	     80.00000000	     -7.00000000	      0.00000000	     80.00000000	      1.39626340	      0.00000000	      0.00000000	      0.00000000	     -1.93037056	     -1.15491418	      3.39526659	      7.81782975	    -16.19368477	     18.48739619	     13.34273450	    109.21536860	    -32.03992970	      0.05450101	      5.55885956	    -10.34034198	     15.60288561	     35.59309090	    107.89030493	    -15.21240486	      5.05715823
1760625425.54900002	      2.15022604	     -0.22925340	      1.90156354	     -0.01671756	      0.95911359	     -0.00940924	     80.00000000	     -7.00000000	      0.00000000	     80.00000000	      1.39626340	      0.00000000	      0.00000000	      0.00000000	     80.00000000	     -7.00000000	      0.00000000	     80.00000000	      1.39626340	      0.00000000	      0.00000000	      0.00000000	     -2.49795322	     -1.11056272	      3.02571181	      7.77413565	    -16.84824130	     13.99187564	     16.30579930	    113.68297430	    -27.38695327	      2.56737230	      7.13761911	     -9.55470471	     15.02989098	     34.89114878	    109.46235826	    -13.93072121	      7.11005227
1760625425.58200002	      1.80957068	     -0.27572845	      1.80481727	     -0.02160587	      0.96006665	     -0.01017651	     80.00000000	     -7.00000000	      0.00000000	     80.00000000	      1.39626340	      0.00000000	      0.00000000	      0.00000000	     80.00000000	     -7.00000000	      0.00000000	     80.00000000	      1.39626340	      0.00000000	      0.00000000	      0.00000000	     -2.45213318	     -1.09841284	      2.58060130	      9.30152933	    -16.53626823	     15.75936374	     15.34747688	    113.57976529	    -26.53556999	      3.11249981	      7.24147893	     -9.66198926	     16.04649184	     35.53234991	    108.72451102	    -14.22820629	      7.98156584
1760625425.61599994	      2.08546277	     -0.24941941	      1.85522738	     -0.02509356	      0.96144937	     -0.01033192	     80.00000000	     -7.00000000	      0.00000000	     80.00000000	      1.39626340	      0.00000000	      0.00000000	      0.00000000	     80.00000000	     -7.00000000	      0.00000000	     80.00000000	      1.39626340	      0.00000000	      0.00000000	      0.00000000	     -2.90960268	     -1.13614805	      2.12410338	     10.43374405	    -16.22945982	     19.33237520	     13.78120676	    111.57123481	    -27.43233140	      2.50261514	      6.76383303	    -10.12983133	     16.84480831	     36.72214518	    107.79922923	    -14.52688376	      8.63522786
1760625425.64899993	      2.24783275	     -0.19813107	      1.84559110	     -0.02765986	      0.96221011	     -0.01050323	     80.00000000	     -7.00000000	      0.00000000	     80.00000000	      1.39626340	      0.00000000	      0.00000000	      0.00000000	     80.00000000	     -7.00000000	      0.00000000	     80.00000000	      1.39626340	      0.00000000	      0.00000000	      0.00000000	     -3.17377265	     -1.29943080	      2.18446877	     10.80433260	    -16.27895686	     20.89481481	     13.33186279	    110.07490590	    -27.61928408	      1.92423236	      6.64008285	    -10.07602267	     16.47338225	     38.12057294	    108.62489285	    -14.59317539	      9.27229814
1760625425.68300009	      2.09077346	     -0.19180294	      1.78446184	     -0.03018045	      0.96165767	     -0.00976367	     80.00000000	     -7.00000000	      0.00000000	     80.00000000	      1.39626340	      0.00000000	      0.00000000	      0.00000000	     80.00000000	     -7.00000000	      0.00000000	     80.00000000	      1.39626340	      0.00000000	      0.00000000	      0.00000000	     -2.94628677	     -1.34290273	      2.31723807	     10.75798078	    -16.45517170	     20.17888814	     13.74490114	    110.15528260	    -27.29913895	      1.90765778	      6.41390164	    -10.16701435	     14.54599369	     40.09855857	    110.69566313	    -13.65282246	     10.07291419
1760625425.71600008	      2.18332405	     -0.19205299	      1.85092764	     -0.03200361	      0.96183845	     -0.00878613	     80.00000000	     -7.00000000	      0.00000000	     80.00000000	      1.39626340	      0.00000000	      0.00000000	      0.00000000	     80.00000000	     -7.00000000	      0.00000000	     80.00000000	      1.39626340	      0.00000000	      0.00000000	      0.00000000	     -3.15824262	     -1.37035862	      2.42457010	     10.49851113	    -16.77395748	     18.30725039	     14.80271466	    111.43204393	    -27.26823009	      2.42561570	      6.13568100	    -10.40493714	     13.43204740	     42.18371856	    111.83183046	    -13.40483870	     10.49824127
1760625425.75000000	      2.15144887	     -0.18010232	      1.91183078	     -0.03325816	      0.96122858	     -0.00916972	     80.00000000	     -7.00000000	      0.00000000	     80.00000000	      1.39626340	      0.00000000	      0.00000000	      0.00000000	     80.00000000	     -7.00000000	      0.00000000	     80.00000000	      1.39626340	      0.00000000	      0.00000000	      0.00000000	     -3.19100495	     -1.57661421	      2.56104178	      9.87684354	    -17.14397384	     16.17951003	     16.25871037	    112.29903627	    -28.00070340	      2.64370341	      5.47384872	    -10.61007835	     13.08254690	     44.66822486	    111.92476399	    -14.36218624	     10.59666665
1760625425.78299999	      2.12065742	     -0.15748978	      1.87825787	     -0.03463946	      0.96071211	     -0.00864957	     80.00000000	     -7.00000000	      0.00000000	     80.00000000	      1.39626340	      0.00000000	      0.00000000	      0.00000000	     80.00000000	     -7.00000000	      0.00000000	     80.00000000	      1.39626340	      0.00000000	      0.00000000	      0.00000000	     -3.07399970	     -1.72897963	      2.68823742	      9.54004851	    -17.35089166	     15.38211023	     17.00329393	    111.95089690	    -28.87628488	      2.42863186	      4.99271708	    -10.81979784	     12.04601604	     46.86212508	    112.45048707	    -14.31515680	     10.86722416
1760625425.81699991	      2.07260106	     -0.13339705	      1.87832838	     -0.03532642	      0.96025318	     -0.00731331	     80.00000000	     -7.00000000	      0.00000000	     80.00000000	      1.39626340	      0.00000000	      0.00000000	      0.00000000	     80.00000000	     -7.00000000	      0.00000000	     80.00000000	      1.39626340	      0.00000000	      0.00000000	      0.00000000	     -2.81223088	     -1.86737300	      2.79881855	      9.16129963	    -17.63782558	     14.62234605	     17.87364829	    111.70214296	    -29.69013643	      2.29267978	      4.58937180	    -11.05071618	     10.85376496	     49.05848193	    113.17956023	    -13.94028544	     11.19327625
1760625425.84999990	      2.17580908	     -0.11405242	      1.92376487	     -0.03626261	      0.96032550	     -0.00719109	     80.00000000	     -7.00000000	      0.00000000	     80.00000000	      1.39626340	      0.00000000	      0.00000000	      0.00000000	     80.00000000	     -7.00000000	      0.00000000	     80.00000000	      1.39626340	      0.00000000	      0.00000000	      0.00000000	     -2.79251327	     -2.07801346	      2.77225848	      9.09044142	    -18.17542807	     13.82144555	     19.07572873	    111.81623895	    -30.64216707	      2.31315520	      4.24263705	    -11.31901999	      9.96374583	     51.61309020	    113.61643309	    -14.20882049	     11.34488570
1760625425.88400006	      2.24060002	     -0.09968482	      1.92491312	     -0.03889181	      0.96108912	     -0.00684374	     80.00000000	     -7.00000000	      0.00000000	     80.00000000	      1.39626340	      0.00000000	      0.00000000	      0.00000000	     80.00000000	     -7.00000000	      0.00000000	     80.00000000	      1.39626340	      0.00000000	      0.00000000	      0.00000000	     -2.84856431	     -2.16088337	      2.66558564	      9.22908109	    -18.68619939	     13.45237321	     19.89698256	    111.77210785	    -31.61445313	      2.22204616	      4.04483119	    -11.47652938	      9.67968679	     53.38102523	    113.55131742	    -14.90811718	     11.28932459
1760625425.91700006	      2.23579685	     -0.09488386	      1.90076682	     -0.04062976	      0.96170157	     -0.00688115	     80.00000000	     -7.00000000	      0.00000000	     80.00000000	      1.39626340	      0.00000000	      0.00000000	      0.00000000	     80.00000000	     -7.00000000	      0.00000000	     80.00000000	      1.39626340	      0.00000000	      0.00000000	      0.00000000	     -2.67716531	     -2.12719847	      2.50696223	      9.23976117	    -19.27157610	     13.22030788	     20.75094870	    111.48236623	    -32.68893196	      2.08675910	      3.73007266	    -11.51548591	      9.30904478	     55.25096469	    113.50207359	    -15.53019152	     11.33849436
1760625425.95000005	      2.22157535	     -0.09322101	      1.88810162	     -0.04039937	      0.96209378	     -0.00714750	     80.00000000	     -7.00000000	      0.00000000	     80.00000000	      1.39626340	      0.00000000	      0.00000000	      0.00000000	     80.00000000	     -7.00000000	      0.00000000	     80.00000000	      1.39626340	      0.00000000	      0.00000000	      0.00000000	     -2.43019653	     -2.02747863	      2.19387923	      9.17599065	    -20.09848815	     12.53817154	     22.33827524	    111.25366716	    -33.96498369	      2.03211014	      3.31322698	    -11.41377799	      8.24072520	     58.06781170	    113.88552958	    -15.94630009	     11.60147779
1760625425.98399997	      2.20329004	     -0.09182718	      1.86547097	     -0.03977221	      0.96426111	     -0.00767769	     80.00000000	     -7.00000000	      0.00000000	     80.00000000	      1.39626340	      0.00000000	      0.00000000	      0.00000000	     80.00000000	     -7.00000000	      0.00000000	     80.00000000	      1.39626340	      0.00000000	      0.00000000	      0.00000000	     -1.94830475	     -1.92286873	      1.85938029	      8.74168367	    -20.70817120	     11.62401262	     24.02413443	    111.66511531	    -34.74237811	      2.32624847	      2.60594533	    -11.22691982	      7.09581558	     60.56428980	    114.42589146	    -16.02144214	     12.07182527
1760625426.01699996	      2.18913699	     -0.08944879	      1.85976550	     -0.04028059	      0.96762816	     -0.00839579	     80.00000000	     -7.00000000	      0.00000000	     80.00000000	      1.39626340	      0.00000000	      0.00000000	      0.00000000	     80.00000000	     -7.00000000	      0.00000000	     80.00000000	      1.39626340	      0.00000000	      0.00000000	      0.00000000	     -1.52878331	     -1.86437653	      1.85272189	      8.32206205	    -21.33152243	     10.27174757	     25.80360792	    112.30116336	    -35.48342991	      2.76563004	      1.85260521	    -11.05631262	      6.31765948	     63.21422796	    114.80866117	    -16.16721117	     12.37542826
1760625426.05100012	      2.21265657	     -0.08859135	      1.84905851	     -0.04211003	      0.96888888	     -0.00920417	     80.00000000	     -7.00000000	      0.00000000	     80.00000000	      1.39626340	      0.00000000	      0.00000000	      0.00000000	     80.00000000	     -7.00000000	      0.00000000	     80.00000000	      1.39626340	      0.00000000	      0.00000000	      0.00000000	     -1.13542944	     -2.09749714	      1.83987268	      7.88205008	    -21.74581659	      8.50708549	     28.25225048	    113.25985589	    -36.60173473	      3.34000650	      0.91578220	    -11.08239005	      5.35826090	     66.55761571	    115.23300515	    -16.50109400	     12.49471202
1760625426.08400011	      2.20986214	     -0.08304593	      1.83854180	     -0.04199192	      0.97057629	     -0.01044305	     80.00000000	     -7.00000000	      0.00000000	     80.00000000	      1.39626340	      0.00000000	      0.00000000	      0.00000000	     80.00000000	     -7.00000000	      0.00000000	     80.00000000	      1.39626340	      0.00000000	      0.00000000	      0.00000000	     -1.18479355	     -2.29074966	      1.99191475	      7.87552777	    -21.97275112	      6.93500019	     30.36723632	    114.40638462	    -37.10685918	      4.21749659	      0.68294627	    -11.05266754	      4.80543815	     69.15213886	    115.69675983	    -16.62408844	     12.77883427
1760625426.11800003	      2.16906582	     -0.08513064	      1.81506056	     -0.03820813	      0.97197650	     -0.01175743	     80.00000000	     -7.00000000	      0.00000000	     80.00000000	      1.39626340	      0.00000000	      0.00000000	      0.00000000	     80.00000000	     -7.00000000	      0.00000000	     80.00000000	      1.39626340	      0.00000000	      0.00000000	      0.00000000	     -1.31312471	     -2.34327096	      1.81218797	      7.98451212	    -22.15267003	      5.57161863	     32.80320989	    115.90453583	    -37.29420429	      5.40669369	      0.60349082	    -10.91613290	      3.84758625	     71.76481445	    116.09534980	    -16.50345479	     13.14143511
1760625426.15100002	      2.14552791	     -0.09400788	      1.81612465	     -0.03613102	      0.97318310	     -0.01269070	     80.00000000	     -7.00000000	      0.00000000	     80.00000000	      1.39626340	      0.00000000	      0.00000000	      0.00000000	     80.00000000	     -7.00000000	      0.00000000	     80.00000000	      1.39626340	      0.00000000	      0.00000000	      0.00000000	     -1.37784896	     -2.30437874	      1.47340688	      7.71825293	    -22.20554652	      3.45633845	     36.59847237	    118.49498058	    -37.32667579	      7.25353987	      0.40751552	    -10.59015757	      2.55631119	     74.92485820	    116.78800962	    -16.33803693	     13.48723613
1760625426.18499994	      2.12768124	     -0.09779898	      1.81239788	     -0.03281246	      0.97391700	     -0.01303399	     80.00000000	     -7.00000000	      0.00000000	     80.00000000	      1.39626340	      0.00000000	      0.00000000	      0.00000000	     80.00000000	     -7.00000000	      0.00000000	     80.00000000	      1.39626340	      0.00000000	      0.00000000	      0.00000000	     -1.34870605	     -2.36993702	      1.48071156	      7.13034085	    -21.94403022	      1.27359128	     40.04177394	    121.12072430	    -36.94690539	      9.16521159	      0.32893203	    -10.60468319	      2.10306346	     76.77711476	    116.98534792	    -16.32030432	     13.36855626
1760625426.21799994	      2.09344508	     -0.09530499	      1.81925223	     -0.02791802	      0.97614868	     -0.01317119	     80.00000000	     -7.00000000	      0.00000000	     80.00000000	      1.39626340	      0.00000000	      0.00000000	      0.00000000	     80.00000000	     -7.00000000	      0.00000000	     80.00000000	      1.39626340	      0.00000000	      0.00000000	      0.00000000	     -1.83740572	     -2.45322915	      2.01158180	      6.90180584	    -21.46921226	     -1.46416861	     43.76836712	    124.14446749	    -36.16059289	     11.50297167	      0.99501798	    -10.71749156	      2.45854992	     78.45019759	    117.09264389	    -16.03039847	     13.32436003
1760625426.25099993	      2.09167563	     -0.09836235	      1.86885494	     -0.02432415	      0.97799517	     -0.01446695	     80.00000000	     -7.00000000	      0.00000000	     80.00000000	      1.39626340	      0.00000000	      0.00000000	      0.00000000	     80.00000000	     -7.00000000	      0.00000000	     80.00000000	      1.39626340	      0.00000000	      0.00000000	      0.00000000	     -2.40789940	     -2.43593845	      1.98127975	      6.57630114	    -20.51950963	     -4.14129530	     48.80412368	    128.13870170	    -34.83961645	     14.47039648	      1.60264945	    -11.06844543	      2.45191942	     80.59010257	    117.45166339	    -15.16303670	     13.60414330
1760625426.28500009	      2.06540397	     -0.10290717	      1.89883586	     -0.02462531	      0.98085650	     -0.01619183	     80.00000000	     -7.00000000	      0.00000000	     80.00000000	      1.39626340	      0.00000000	      0.00000000	      0.00000000	     80.00000000	     -7.00000000	      0.00000000	     80.00000000	      1.39626340	      0.00000000	      0.00000000	      0.00000000	     -2.59127465	     -2.35551358	      1.95537545	      6.18303590	    -19.67033367	     -5.76937927	     52.51628940	    131.16801178	    -33.57714080	     16.80723638	      1.59762587	    -11.31983146	      2.42675252	     82.33715216	    117.99944765	    -14.49085748	     13.98410758
1760625426.31800008	      2.05867112	     -0.09496529	      1.91725901	     -0.02394374	      0.98389780	     -0.01746203	     80.00000000	     -7.00000000	      0.00000000	     80.00000000	      1.39626340	      0.00000000	      0.00000000	      0.00000000	     80.00000000	     -7.00000000	      0.00000000	     80.00000000	      1.39626340	      0.00000000	      0.00000000	      0.00000000	     -2.57151544	     -2.13776375	      2.05795500	      5.52611737	    -18.84828277	     -7.28660922	     56.21424627	    134.19892497	    -31.95085559	     19.13212600	      1.23569348	    -11.33303239	      2.39178861	     84.01864639	    118.56526001	    -13.91479249	     14.29429973
1760625426.35200000	      2.07466745	     -0.08878731	      1.91493327	     -0.02308186	      0.98566724	     -0.01674737	     80.00000000	     -7.00000000	      0.00000000	     80.00000000	      1.39626340	      0.00000000	      0.00000000	      0.00000000	     80.00000000	     -7.00000000	      0.00000000	     80.00000000	      1.39626340	      0.00000000	      0.00000000	      0.00000000	     -2.52712365	     -1.93418083	      2.27543854	      4.51857331	    -17.35923242	     -9.27029284	     61.28184346	    138.48510174	    -29.11960022	     22.34399694	      0.71974174	    -11.32309845	      2.17495608	     85.57806092	    118.98016034	    -13.38877008	     14.28595243
1760625426.38499999	      2.06684642	     -0.09308447	      1.90642924	     -0.02382890	      0.98516850	     -0.01606789	     80.00000000	     -7.00000000	      0.00000000	     80.00000000	      1.39626340	      0.00000000	      0.00000000	      0.00000000	     80.00000000	     -7.00000000	      0.00000000	     80.00000000	      1.39626340	      0.00000000	      0.00000000	      0.00000000	     -2.54779044	     -1.73718661	      2.41541778	      3.84526395	    -16.30113077	    -10.45972851	     64.59965758	    141.25220355	    -27.15973379	     24.31947019	      0.43139767	    -11.19998733	      1.88704052	     86.42659365	    119.22365230	    -13.03726257	     14.33151038
1760625426.41899991	      2.07436775	     -0.09019404	      1.89692417	     -0.02695022	      0.98471743	     -0.01471254	     80.00000000	     -7.00000000	      0.00000000	     80.00000000	      1.39626340	      0.00000000	      0.00000000	      0.00000000	     80.00000000	     -7.00000000	      0.00000000	     80.00000000	      1.39626340	      0.00000000	      0.00000000	      0.00000000	     -2.61353401	     -1.59133240	      2.60119322	      3.03843421	    -14.93608782	    -11.74342146	     68.24222689	    144.04610584	    -24.84671013	     26.23722783	      0.11320957	    -11.07056693	      1.60582530	     87.25906527	    119.34559047	    -12.60329729	     14.51618358
1760625426.45199990	      2.08720727	     -0.09362657	      1.89051529	     -0.02636289	      0.98502907	     -0.01412373	     80.00000000	     -7.00000000	      0.00000000	     80.00000000	      1.39626340	      0.00000000	      0.00000000	      0.00000000	     80.00000000	     -7.00000000	      0.00000000	     80.00000000	      1.39626340	      0.00000000	      0.00000000	      0.00000000	     -2.57670030	     -1.44141817	      2.81725461	      2.34803841	    -14.09962828	    -12.60600316	     70.52233861	    145.63669467	    -23.20273816	     27.36840985	     -0.16190268	    -10.94708141	      1.55719023	     87.73580351	    119.37173937	    -12.39720863	     14.68409831
1760625426.48600006	      2.07121424	     -0.09724490	      1.88709121	     -0.02416342	      0.98584845	     -0.01334308	     80.00000000	     -7.00000000	      0.00000000	     80.00000000	      1.39626340	      0.00000000	      0.00000000	      0.00000000	     80.00000000	     -7.00000000	      0.00000000	     80.00000000	      1.39626340	      0.00000000	      0.00000000	      0.00000000	     -2.53123840	     -1.36444026	      2.89680794	      1.87342778	    -13.53417001	    -13.09345881	     71.99141024	    146.53832426	    -22.23018350	     27.90938916	     -0.42773815	    -10.87320033	      1.38691703	     88.16296245	    119.61004411	    -12.17093476	     14.99645970
1760625426.51900005	      2.07222328	     -0.09061061	      1.88589051	     -0.02354959	      0.98540661	     -0.01278547	     80.00000000	     -7.00000000	      0.00000000	     80.00000000	      1.39626340	      0.00000000	      0.00000000	      0.00000000	     80.00000000	     -7.00000000	      0.00000000	     80.00000000	      1.39626340	      0.00000000	      0.00000000	      0.00000000	     -2.49120580	     -1.32978416	      2.95534684	      1.45945933	    -13.15379571	    -13.43356507	     72.91378837	    147.15112185	    -21.75222191	     28.00218735	     -0.71684062	    -10.88356328	      1.12881226	     88.35498591	    119.64568415	    -11.88594991	     15.22847558
1760625426.55200005	      2.08567524	     -0.07982002	      1.89194636	     -0.02186019	      0.98544493	     -0.01208076	     80.00000000	     -7.00000000	      0.00000000	     80.00000000	      1.39626340	      0.00000000	      0.00000000	      0.00000000	     80.00000000	     -7.00000000	      0.00000000	     80.00000000	      1.39626340	      0.00000000	      0.00000000	      0.00000000	     -2.49808014	     -1.40290756	      3.01899961	      1.29522519	    -12.93702782	    -13.56763759	     73.24142962	    147.46033246	    -21.39821669	     28.10730937	     -0.83917519	    -11.00436030	      1.02335772	     88.19083201	    119.51953370	    -11.87839696	     15.16058892
1760625426.58599997	      2.07677945	     -0.06924748	      1.90314614	     -0.02311433	      0.98601339	     -0.01152063	     80.00000000	     -7.00000000	      0.00000000	     80.00000000	      1.39626340	      0.00000000	      0.00000000	      0.00000000	     80.00000000	     -7.00000000	      0.00000000	     80.00000000	      1.39626340	      0.00000000	      0.00000000	      0.00000000	     -2.53923869	     -1.45648119	      3.08802605	      1.24168348	    -12.86503375	    -13.66084490	     73.26593858	    147.48042904	    -21.17137982	     28.05388324	     -0.83057504	    -11.11279553	      0.93038815	     87.81548666	    119.31650588	    -11.95646995	     14.99277696
1760625426.61899996	      2.05386462	     -0.06145049	      1.89997859	     -0.02417278	      0.98745542	     -0.01156928	     80.00000000	     -7.00000000	      0.00000000	     80.00000000	      1.39626340	      0.00000000	      0.00000000	      0.00000000	     80.00000000	     -7.00000000	      0.00000000	     80.00000000	      1.39626340	      0.00000000	      0.00000000	      0.00000000	     -2.58376911	     -1.39485890	      3.03412937	      1.14863614	    -12.94206491	    -13.71238821	     73.16610409	    147.44920137	    -20.90897566	     27.93996453	     -0.65455559	    -11.08248532	      0.72732827	     87.02756625	    118.84285048	    -11.93920455	     14.95740593
1760625426.68600011	      2.05392808	     -0.05986605	      1.90748586	     -0.02334176	      0.98825454	     -0.01189432	     80.00000000	     -7.00000000	      0.00000000	     80.00000000	      1.39626340	      0.00000000	      0.00000000	      0.00000000	     80.00000000	     -7.00000000	      0.00000000	     80.00000000	      1.39626340	      0.00000000	      0.00000000	      0.00000000	     -2.65182488	     -1.40041133	      2.99162249	      0.95376902	    -13.05344427	    -13.93640180	     72.63073313	    146.96319517	    -20.94065746	     27.40109415	      0.15949368	    -11.14531781	      0.78380235	     85.57270812	    119.01555897	    -11.65894489	     15.41087689
1760625426.72000003	      2.05098682	     -0.05521595	      1.91242784	     -0.02286300	      0.98835599	     -0.01191055	     80.00000000	     -7.00000000	      0.00000000	     80.00000000	      1.39626340	      0.00000000	      0.00000000	      0.00000000	     80.00000000	     -7.00000000	      0.00000000	     80.00000000	      1.39626340	      0.00000000	      0.00000000	      0.00000000	     -2.61700244	     -1.51125746	      3.08312906	      0.73051750	    -12.96213783	    -14.15691635	     72.33526016	    146.70458850	    -20.94474577	     27.18328047	      0.60239509	    -11.44892507	      1.18070781	     84.77415802	    118.66723507	    -11.45509268	     15.57455750
1760625426.75300002	      2.07277709	     -0.05305700	      1.92765763	     -0.02376650	      0.98829957	     -0.01143925	     80.00000000	     -7.00000000	      0.00000000	     80.00000000	      1.39626340	      0.00000000	      0.00000000	      0.00000000	     80.00000000	     -7.00000000	      0.00000000	     80.00000000	      1.39626340	      0.00000000	      0.00000000	      0.00000000	     -2.73705219	     -1.64034978	      3.04657462	      0.77857013	    -12.86958868	    -14.17605649	     72.10671313	    146.57425770	    -20.95740497	     27.10663125	      0.87234462	    -11.74397202	      1.40368721	     84.40765763	    118.40191332	    -11.54022408	     15.46674513
1760625426.78600001	      2.08538955	     -0.05169217	      1.93529454	     -0.02412134	      0.98810842	     -0.01137902	     80.00000000	     -7.00000000	      0.00000000	     80.00000000	      1.39626340	      0.00000000	      0.00000000	      0.00000000	     80.00000000	     -7.00000000	      0.00000000	     80.00000000	      1.39626340	      0.00000000	      0.00000000	      0.00000000	     -2.84489330	     -1.71437981	      3.02011530	      0.85678022	    -12.84347151	    -14.22833592	     71.88598708	    146.41455998	    -20.94985046	     27.00617586	      1.02342759	    -11.92126054	      1.56779061	     84.28071655	    118.22480153	    -11.67966253	     15.30892143
1760625426.81999993	      2.05652487	     -0.05654568	      1.90600056	     -0.02262878	      0.98794917	     -0.01092619	     80.00000000	     -7.00000000	      0.00000000	     80.00000000	      1.39626340	      0.00000000	      0.00000000	      0.00000000	     80.00000000	     -7.00000000	      0.00000000	     80.00000000	      1.39626340	      0.00000000	      0.00000000	      0.00000000	     -2.89323345	     -1.84325918	      2.92361866	      0.92585500	    -12.71821729	    -14.29442107	     71.68537769	    146.21296073	    -20.93690987	     26.83299361	      1.17816295	    -12.14359086	      1.47611569	     84.20983710	    118.11294268	    -11.66414986	     15.12022474
1760625426.85400009	      2.04595720	     -0.05866619	      1.88313577	     -0.02094720	      0.98801826	     -0.01053955	     80.00000000	     -7.00000000	      0.00000000	     80.00000000	      1.39626340	      0.00000000	      0.00000000	      0.00000000	     80.00000000	     -7.00000000	      0.00000000	     80.00000000	      1.39626340	      0.00000000	      0.00000000	      0.00000000	     -2.90251910	     -1.93169970	      2.78917766	      0.93904468	    -12.57604907	    -14.29257170	     71.61085099	    146.11290571	    -20.98088500	     26.71840581	      1.22131126	    -12.24202910	      1.27649088	     84.24737319	    118.20487485	    -11.56705046	     15.11849078
1760625426.88700008	      2.05631448	     -0.06635531	      1.86590595	     -0.02089919	      0.98829985	     -0.01048355	     80.00000000	     -7.00000000	      0.00000000	     80.00000000	      1.39626340	      0.00000000	      0.00000000	      0.00000000	     80.00000000	     -7.00000000	      0.00000000	     80.00000000	      1.39626340	      0.00000000	      0.00000000	      0.00000000	     -2.96792529	     -1.96467463	      2.60285254	      1.02883711	    -12.48349565	    -14.19870742	     71.53705496	    146.05904045	    -21.03471382	     26.64943995	      1.26113279	    -12.23442718	      1.13050082	     84.24365166	    118.30900997	    -11.61149797	     15.15871629
1760625426.92000008	      2.06945881	     -0.08875309	      1.85398487	     -0.02067107	      0.98857331	     -0.01083222	     80.00000000	     -7.00000000	      0.00000000	     80.00000000	      1.39626340	      0.00000000	      0.00000000	      0.00000000	     80.00000000	     -7.00000000	      0.00000000	     80.00000000	      1.39626340	      0.00000000	      0.00000000	      0.00000000	     -3.04396582	     -1.97891023	      2.47055555	      1.18727774	    -12.45296372	    -14.05275235	     71.30568463	    145.92764844	    -21.21348007	     26.56809719	      1.25403696	    -12.17627180	      1.14648384	     84.27649221	    118.40269632	    -11.71502178	     15.29916956
1760625426.95400000	      2.07415313	     -0.10630805	      1.85598735	     -0.02110192	      0.98862955	     -0.01118653	     80.00000000	     -7.00000000	      0.00000000	     80.00000000	      1.39626340	      0.00000000	      0.00000000	      0.00000000	     80.00000000	     -7.00000000	      0.00000000	     80.00000000	      1.39626340	      0.00000000	      0.00000000	      0.00000000	     -3.09145187	     -1.94950381	      2.29454799	      1.35548308	    -12.55050360	    -13.79221987	     70.98861871	    145.69803128	    -21.36241601	     26.42618597	      1.24256176	    -12.10771426	      1.00894317	     84.28593259	    118.49419980	    -11.73195003	     15.35618226
1760625426.98699999	      2.08147601	     -0.11652735	      1.85279716	     -0.02168430	      0.98868057	     -0.01145512	     80.00000000	     -7.00000000	      0.00000000	     80.00000000	      1.39626340	      0.00000000	      0.00000000	      0.00000000	     80.00000000	     -7.00000000	      0.00000000	     80.00000000	      1.39626340	      0.00000000	      0.00000000	      0.00000000	     -3.08788246	     -1.90232501	      2.12923809	      1.45264949	    -12.67115881	    -13.50203110	     70.69801767	    145.50074287	    -21.46974093	     26.33894246	      1.16044654	    -12.03458116	      0.82800266	     84.33633437	    118.59117371	    -11.69148072	     15.43828018
1760625427.02099991	      2.06942742	     -0.12150311	      1.84266414	     -0.02192694	      0.98883676	     -0.01194146	     80.00000000	     -7.00000000	      0.00000000	     80.00000000	      1.39626340	      0.00000000	      0.00000000	      0.00000000	     80.00000000	     -7.00000000	      0.00000000	     80.00000000	      1.39626340	      0.00000000	      0.00000000	      0.00000000	     -3.06277208	     -1.82731618	      2.00425217	      1.49755564	    -12.80903876	    -13.28504967	     70.47828844	    145.39090433	    -21.52263779	     26.28493486	      1.08069107	    -11.91652394	      0.69046024	     84.34555651	    118.59443231	    -11.66956792	     15.42647764
1760625427.05399990	      2.05793789	     -0.12879279	      1.84838503	     -0.02122560	      0.98850723	     -0.01253284	     80.00000000	     -7.00000000	      0.00000000	     80.00000000	      1.39626340	      0.00000000	      0.00000000	      0.00000000	     80.00000000	     -7.00000000	      0.00000000	     80.00000000	      1.39626340	      0.00000000	      0.00000000	      0.00000000	     -3.04967382	     -1.76734817	      2.03509095	      1.44431316	    -12.87780415	    -13.32778631	     70.42748938	    145.32819934	    -21.56906693	     26.20794483	      1.03496078	    -11.85547886	      0.68661075	     84.39246809	    118.54831024	    -11.58939553	     15.38733464
1760625427.08800006	      2.06529524	     -0.12283761	      1.85211395	     -0.02236622	      0.98851667	     -0.01188610	     80.00000000	     -7.00000000	      0.00000000	     80.00000000	      1.39626340	      0.00000000	      0.00000000	      0.00000000	     80.00000000	     -7.00000000	      0.00000000	     80.00000000	      1.39626340	      0.00000000	      0.00000000	      0.00000000	     -3.06692094	     -1.75257154	      2.02614106	      1.40269450	    -12.89339640	    -13.34326503	     70.43158467	    145.30458489	    -21.55936795	     26.14828110	      1.03222154	    -11.83819326	      0.63365986	     84.39824757	    118.47073705	    -11.52980170	     15.34927546
1760625427.12100005	      2.07425563	     -0.12568834	      1.85553916	     -0.02271062	      0.98836441	     -0.01158970	     80.00000000	     -7.00000000	      0.00000000	     80.00000000	      1.39626340	      0.00000000	      0.00000000	      0.00000000	     80.00000000	     -7.00000000	      0.00000000	     80.00000000	      1.39626340	      0.00000000	      0.00000000	      0.00000000	     -3.17349095	     -1.66949052	      1.96886089	      1.48614595	    -13.00896528	    -13.26109801	     70.41430409	    145.36260287	    -21.51929529	     26.19389922	      1.09833900	    -11.74466266	      0.51634515	     84.45118775	    118.50541382	    -11.46665012	     15.40196695
1760625427.15499997	      2.05260855	     -0.12449005	      1.85599704	     -0.02284965	      0.98817730	     -0.01137811	     80.00000000	     -7.00000000	      0.00000000	     80.00000000	      1.39626340	      0.00000000	      0.00000000	      0.00000000	     80.00000000	     -7.00000000	      0.00000000	     80.00000000	      1.39626340	      0.00000000	      0.00000000	      0.00000000	     -3.12177682	     -1.64720001	      1.93675196	      1.46137525	    -13.05332917	    -13.20009465	     70.38325557	    145.41388178	    -21.47164330	     26.25202536	      1.03226568	    -11.69413912	      0.42607542	     84.50599259	    118.58504697	    -11.45760085	     15.43642013
1760625427.18799996	      2.03971182	     -0.12301000	      1.84726586	     -0.02199697	      0.98799100	     -0.01134054	     80.00000000	     -7.00000000	      0.00000000	     80.00000000	      1.39626340	      0.00000000	      0.00000000	      0.00000000	     80.00000000	     -7.00000000	      0.00000000	     80.00000000	      1.39626340	      0.00000000	      0.00000000	      0.00000000	     -3.15965224	     -1.60140583	      1.90266398	      1.52985063	    -13.16848500	    -13.11352549	     70.27529264	    145.27626807	    -21.52387820	     26.18273608	      1.08017862	    -11.61920361	      0.32081856	     84.51676692	    118.60236903	    -11.48385016	     15.42818396
1760625427.22099996	      2.05492222	     -0.12218308	      1.84325394	     -0.02122767	      0.98771903	     -0.01164602	     80.00000000	     -7.00000000	      0.00000000	     80.00000000	      1.39626340	      0.00000000	      0.00000000	      0.00000000	     80.00000000	     -7.00000000	      0.00000000	     80.00000000	      1.39626340	      0.00000000	      0.00000000	      0.00000000	     -3.21144218	     -1.58354039	      1.85249415	      1.62916154	    -13.30266240	    -12.95127535	     70.07610546	    145.09773737	    -21.69799278	     26.09011525	      1.14713772	    -11.55141705	      0.22956587	     84.49926529	    118.52258699	    -11.48139785	     15.48454959
1760625427.25500011	      2.03511923	     -0.12213779	      1.84619969	     -0.02093442	      0.98737840	     -0.01191919	     80.00000000	     -7.00000000	      0.00000000	     80.00000000	      1.39626340	      0.00000000	      0.00000000	      0.00000000	     80.00000000	     -7.00000000	      0.00000000	     80.00000000	      1.39626340	      0.00000000	      0.00000000	      0.00000000	     -3.18541709	     -1.55013568	      1.80884607	      1.67008748	    -13.40323385	    -12.80617351	     69.96735680	    145.02155193	    -21.78532609	     26.09349807	      1.15531300	    -11.49375013	      0.19154425	     84.44760357	    118.48378068	    -11.57857342	     15.41402596
1760625427.28800011	      2.03769920	     -0.12184868	      1.84734028	     -0.01988625	      0.98721510	     -0.01216197	     80.00000000	     -7.00000000	      0.00000000	     80.00000000	      1.39626340	      0.00000000	      0.00000000	      0.00000000	     80.00000000	     -7.00000000	      0.00000000	     80.00000000	      1.39626340	      0.00000000	      0.00000000	      0.00000000	     -3.31772572	     -1.55035023	      1.66991279	      1.87085883	    -13.47404020	    -12.58343176	     69.86638641	    144.92327478	    -21.84484456	     26.07918398	      1.32419194	    -11.47455917	      0.08266385	     84.36770533	    118.49240078	    -11.69452979	     15.35936898
1760625427.32200003	      2.01492043	     -0.11948446	      1.85668429	     -0.01999348	      0.98736221	     -0.01235994	     80.00000000	     -7.00000000	      0.00000000	     80.00000000	      1.39626340	      0.00000000	      0.00000000	      0.00000000	     80.00000000	     -7.00000000	      0.00000000	     80.00000000	      1.39626340	      0.00000000	      0.00000000	      0.00000000	     -3.26974614	     -1.57666679	      1.66988296	      1.87794682	    -13.49945905	    -12.53446655	     69.82629120	    144.92599346	    -21.85877099	     26.11465270	      1.33445608	    -11.48364553	      0.11400846	     84.31955401	    118.48657170	    -11.69235395	     15.37825778
1760625427.35500002	      2.01624008	     -0.11913769	      1.86445205	     -0.01994504	      0.98772319	     -0.01202652	     80.00000000	     -7.00000000	      0.00000000	     80.00000000	      1.39626340	      0.00000000	      0.00000000	      0.00000000	     80.00000000	     -7.00000000	      0.00000000	     80.00000000	      1.39626340	      0.00000000	      0.00000000	      0.00000000	     -3.32632419	     -1.62573699	      1.62502665	      1.97234742	    -13.49995398	    -12.45386295	     69.76005177	    144.86855960	    -21.86095001	     26.09764833	      1.40482885	    -11.52728720	      0.08351484	     84.29531221	    118.52258615	    -11.64368246	     15.41464918
1760625427.38899994	      2.00242870	     -0.11688981	      1.86855874	     -0.01931535	      0.98778348	     -0.01171874	     80.00000000	     -7.00000000	      0.00000000	     80.00000000	      1.39626340	      0.00000000	      0.00000000	      0.00000000	     80.00000000	     -7.00000000	      0.00000000	     80.00000000	      1.39626340	      0.00000000	      0.00000000	      0.00000000	     -3.31008188	     -1.68101073	      1.66779187	      2.00772611	    -13.50639691	    -12.43955944	     69.65808694	    144.79142060	    -21.90742059	     26.08418340	      1.35676801	    -11.54090604	      0.08201776	     84.35328245	    118.64633478	    -11.57119506	     15.49596043
1760625427.42199993	      2.00200489	     -0.11522785	      1.87093740	     -0.02113101	      0.98788024	     -0.01208692	     80.00000000	     -7.00000000	      0.00000000	     80.00000000	      1.39626340	      0.00000000	      0.00000000	      0.00000000	     80.00000000	     -7.00000000	      0.00000000	     80.00000000	      1.39626340	      0.00000000	      0.00000000	      0.00000000	     -3.34944707	     -1.68958009	      1.68802897	      2.08036431	    -13.54715432	    -12.41912670	     69.53233206	    144.70085544	    -22.00213448	     26.04799521	      1.34961870	    -11.51193398	      0.07079919	     84.42712028	    118.73274808	    -11.51178891	     15.59305933
1760625427.45600009	      2.00418087	     -0.11227200	      1.86727346	     -0.02120431	      0.98760401	     -0.01250244	     80.00000000	     -7.00000000	      0.00000000	     80.00000000	      1.39626340	      0.00000000	      0.00000000	      0.00000000	     80.00000000	     -7.00000000	      0.00000000	     80.00000000	      1.39626340	      0.00000000	      0.00000000	      0.00000000	     -3.31572768	     -1.69848090	      1.71073828	      2.04901989	    -13.56274190	    -12.42135498	     69.44591911	    144.62430559	    -22.07414863	     26.03287536	      1.26785577	    -11.50905362	      0.03092192	     84.47616387	    118.74408302	    -11.43390670	     15.61775860
1760625427.48900008	      1.99800881	     -0.11179442	      1.86575051	     -0.01998659	      0.98732699	     -0.01248533	     80.00000000	     -7.00000000	      0.00000000	     80.00000000	      1.39626340	      0.00000000	      0.00000000	      0.00000000	     80.00000000	     -7.00000000	      0.00000000	     80.00000000	      1.39626340	      0.00000000	      0.00000000	      0.00000000	     -3.26989957	     -1.75093981	      1.76238370	      2.00648183	    -13.53477166	    -12.47230394	     69.32062906	    144.48113947	    -22.18659118	     25.98558663	      1.15583773	    -11.54322602	      0.03882386	     84.57369373	    118.83473678	    -11.36520368	     15.67103529
1760625427.52300000	      2.01199543	     -0.11514778	      1.87580172	     -0.02068956	      0.98747860	     -0.01246040	     80.00000000	     -7.00000000	      0.00000000	     80.00000000	      1.39626340	      0.00000000	      0.00000000	      0.00000000	     80.00000000	     -7.00000000	      0.00000000	     80.00000000	      1.39626340	      0.00000000	      0.00000000	      0.00000000	     -3.27857573	     -1.75962581	      1.77279341	      2.00985969	    -13.50624625	    -12.51377084	     69.26924643	    144.43469811	    -22.20786963	     26.02371327	      1.10175963	    -11.55396432	      0.03259144	     84.58961321	    118.86051775	    -11.33371662	     15.64410362
1760625427.55599999	      2.00255770	     -0.10478838	      1.87007635	     -0.02091814	      0.98731028	     -0.01255210	     80.00000000	     -7.00000000	      0.00000000	     80.00000000	      1.39626340	      0.00000000	      0.00000000	      0.00000000	     80.00000000	     -7.00000000	      0.00000000	     80.00000000	      1.39626340	      0.00000000	      0.00000000	      0.00000000	     -3.15635586	     -1.84356650	      1.87892560	      1.94753921	    -13.48413679	    -12.56909808	     68.99649284	    144.21528142	    -22.39960331	     25.95867363	      0.94507263	    -11.62968825	      0.07676018	     84.64986904	    118.89620834	    -11.27248803	     15.63414876
1760625427.58899999	      2.01508589	     -0.10125709	      1.88426852	     -0.02196449	      0.98705689	     -0.01277087	     80.00000000	     -7.00000000	      0.00000000	     80.00000000	      1.39626340	      0.00000000	      0.00000000	      0.00000000	     80.00000000	     -7.00000000	      0.00000000	     80.00000000	      1.39626340	      0.00000000	      0.00000000	      0.00000000	     -3.12100130	     -1.86300311	      1.96792939	      2.08910607	    -13.51142658	    -12.53394690	     68.50940101	    143.77011126	    -22.75230614	     25.91171598	      0.86113993	    -11.63958336	      0.12510448	     84.71447903	    118.97487479	    -11.22835457	     15.67118735
1760625427.62299991	      2.00826699	     -0.09598851	      1.88527995	     -0.02101594	      0.98715868	     -0.01261704	     80.00000000	     -7.00000000	      0.00000000	     80.00000000	      1.39626340	      0.00000000	      0.00000000	      0.00000000	     80.00000000	     -7.00000000	      0.00000000	     80.00000000	      1.39626340	      0.00000000	      0.00000000	      0.00000000	     -2.94813289	     -1.93498435	      2.11707441	      2.08724523	    -13.42311981	    -12.58829734	     68.18526833	    143.39098298	    -23.10370044	     25.82024340	      0.64424219	    -11.71380503	      0.24394421	     84.75054125	    118.97566030	    -11.22411235	     15.67095533
1760625427.65599990	      1.99664538	     -0.09629973	      1.88300772	     -0.01991675	      0.98738024	     -0.01281975	     80.00000000	     -7.00000000	      0.00000000	     80.00000000	      1.39626340	      0.00000000	      0.00000000	      0.00000000	     80.00000000	     -7.00000000	      0.00000000	     80.00000000	      1.39626340	      0.00000000	      0.00000000	      0.00000000	     -2.87409647	     -1.93990697	      2.22504626	      2.23309331	    -13.38075735	    -12.58900202	     67.93256029	    143.16449278	    -23.34718153	     25.80029856	      0.57580113	    -11.69996493	      0.35889731	     84.74002980	    118.98126087	    -11.22976085	     15.68616193
1760625427.69000006	      2.01267267	     -0.09538287	      1.88495483	     -0.02012588	      0.98744630	     -0.01298401	     80.00000000	     -7.00000000	      0.00000000	     80.00000000	      1.39626340	      0.00000000	      0.00000000	      0.00000000	     80.00000000	     -7.00000000	      0.00000000	     80.00000000	      1.39626340	      0.00000000	      0.00000000	      0.00000000	     -2.82930834	     -1.95161760	      2.30362232	      2.49286581	    -13.37679885	    -12.37637385	     67.57037715	    142.85720078	    -23.63186993	     25.79955566	      0.49600078	    -11.69529991	      0.45387727	     84.71800740	    119.04355929	    -11.25481318	     15.68649001
1760625427.72300005	      2.01039837	     -0.09667567	      1.88396780	     -0.01945742	      0.98735775	     -0.01313601	     80.00000000	     -7.00000000	      0.00000000	     80.00000000	      1.39626340	      0.00000000	      0.00000000	      0.00000000	     80.00000000	     -7.00000000	      0.00000000	     80.00000000	      1.39626340	      0.00000000	      0.00000000	      0.00000000	     -2.75799388	     -1.97537610	      2.38419662	      2.62768128	    -13.41432166	    -12.16714244	     67.30037817	    142.59404660	    -23.89084999	     25.74620252	      0.38975507	    -11.71166018	      0.55608036	     84.74038102	    119.08119634	    -11.27744532	     15.67912058
1760625427.75699997	      2.00928192	     -0.10112862	      1.87346978	     -0.01779039	      0.98726544	     -0.01285356	     80.00000000	     -7.00000000	      0.00000000	     80.00000000	      1.39626340	      0.00000000	      0.00000000	      0.00000000	     80.00000000	     -7.00000000	      0.00000000	     80.00000000	      1.39626340	      0.00000000	      0.00000000	      0.00000000	     -2.98765220	     -1.99103346	      2.33809987	      3.06650319	    -13.44212050	    -11.83064110	     67.14192009	    142.48532422	    -23.96999419	     25.78927552	      0.64117975	    -11.70295554	      0.53946842	     84.72738095	    119.09909398	    -11.23921663	     15.70922868
1760625427.78999996	      2.01163680	     -0.10457755	      1.87550272	     -0.01563621	      0.98732587	     -0.01298608	     80.00000000	     -7.00000000	      0.00000000	     80.00000000	      1.39626340	      0.00000000	      0.00000000	      0.00000000	     80.00000000	     -7.00000000	      0.00000000	     80.00000000	      1.39626340	      0.00000000	      0.00000000	      0.00000000	     -3.16370425	     -1.99621557	      2.27952066	      3.43932392	    -13.52021738	    -11.41709719	     66.98434792	    142.38726941	    -24.03748500	     25.81583859	      0.82694771	    -11.69040197	      0.49703583	     84.75295239	    119.13108619	    -11.11659847	     15.78766666
1760625427.82399988	      2.01544557	     -0.11199450	      1.89259634	     -0.01545093	      0.98726381	     -0.01371279	     80.00000000	     -7.00000000	      0.00000000	     80.00000000	      1.39626340	      0.00000000	      0.00000000	      0.00000000	     80.00000000	     -7.00000000	      0.00000000	     80.00000000	      1.39626340	      0.00000000	      0.00000000	      0.00000000	     -3.25097949	     -1.96730230	      2.25228068	      3.60461433	    -13.59673606	    -11.19163033	     66.89425320	    142.35855505	    -24.06494999	     25.83184693	      0.87801394	    -11.63036637	      0.48970611	     84.77211975	    119.13707061	    -11.07040219	     15.82674110
1760625427.85700011	      1.99040510	     -0.11559966	      1.89900409	     -0.01608262	      0.98739656	     -0.01382467	     80.00000000	     -7.00000000	      0.00000000	     80.00000000	      1.39626340	      0.00000000	      0.00000000	      0.00000000	     80.00000000	     -7.00000000	      0.00000000	     80.00000000	      1.39626340	      0.00000000	      0.00000000	      0.00000000	     -3.25014853	     -1.96690040	      2.27929934	      3.65340755	    -13.63222732	    -11.08378686	     66.79191488	    142.26611673	    -24.06426172	     25.80572781	      0.84469393	    -11.59156187	      0.48405234	     84.82702366	    119.14860787	    -11.02468828	     15.83207134
1760625427.89000010	      1.98240044	     -0.11770843	      1.90142769	     -0.01630594	      0.98716383	     -0.01350410	     80.00000000	     -7.00000000	      0.00000000	     80.00000000	      1.39626340	      0.00000000	      0.00000000	      0.00000000	     80.00000000	     -7.00000000	      0.00000000	     80.00000000	      1.39626340	      0.00000000	      0.00000000	      0.00000000	     -3.15080534	     -1.98282236	      2.36625327	      3.54344686	    -13.65181857	    -11.06911980	     66.61871677	    142.10757663	    -24.11371637	     25.72305076	      0.67469052	    -11.56344708	      0.44166958	     84.91136034	    119.19063440	    -10.89951326	     15.89481106
1760625427.92400002	      2.00679716	     -0.11516653	      1.91688424	     -0.01715233	      0.98714693	     -0.01266668	     80.00000000	     -7.00000000	      0.00000000	     80.00000000	      1.39626340	      0.00000000	      0.00000000	      0.00000000	     80.00000000	     -7.00000000	      0.00000000	     80.00000000	      1.39626340	      0.00000000	      0.00000000	      0.00000000	     -3.13868945	     -2.00089818	      2.32645919	      3.50605379	    -13.68842773	    -10.98343796	     66.41533701	    141.94364201	    -24.25223719	     25.59438502	      0.58764890	    -11.54825973	      0.31183166	     84.92383552	    119.18819521	    -10.83804366	     15.92942416
1760625427.95700002	      1.99679529	     -0.11393399	      1.92839218	     -0.01739776	      0.98717512	     -0.01213013	     80.00000000	     -7.00000000	      0.00000000	     80.00000000	      1.39626340	      0.00000000	      0.00000000	      0.00000000	     80.00000000	     -7.00000000	      0.00000000	     80.00000000	      1.39626340	      0.00000000	      0.00000000	      0.00000000	     -3.00336177	     -2.01921780	      2.40069957	      3.34470037	    -13.69009169	    -11.04648116	     66.31029838	    141.87453117	    -24.23383701	     25.57886000	      0.38617783	    -11.53321199	      0.28322497	     84.98465172	    119.20592030	    -10.77515205	     15.97313562
1760625427.99099994	      1.99686804	     -0.10963682	      1.92682667	     -0.01816707	      0.98742175	     -0.01189004	     80.00000000	     -7.00000000	      0.00000000	     80.00000000	      1.39626340	      0.00000000	      0.00000000	      0.00000000	     80.00000000	     -7.00000000	      0.00000000	     80.00000000	      1.39626340	      0.00000000	      0.00000000	      0.00000000	     -3.01806418	     -2.00936756	      2.36365071	      3.32698385	    -13.74458426	    -10.99892312	     66.15595697	    141.75975173	    -24.23646977	     25.50994184	      0.33612872	    -11.48515520	      0.10912967	     85.01154414	    119.24274116	    -10.73596126	     16.00238914
1760625428.02399993	      1.98436591	     -0.11007419	      1.93094737	     -0.01713390	      0.98730854	     -0.01177382	     80.00000000	     -7.00000000	      0.00000000	     80.00000000	      1.39626340	      0.00000000	      0.00000000	      0.00000000	     80.00000000	     -7.00000000	      0.00000000	     80.00000000	      1.39626340	      0.00000000	      0.00000000	      0.00000000	     -2.89924891	     -2.00370594	      2.39165036	      3.14437101	    -13.73845042	    -11.07862430	     66.14950358	    141.77439010	    -24.14853629	     25.51625431	      0.15767503	    -11.46999702	      0.02530905	     85.04023617	    119.26880921	    -10.72916149	     15.96298725
1760625428.05800009	      1.99240567	     -0.10712186	      1.93171074	     -0.01922272	      0.98753030	     -0.01154987	     80.00000000	     -7.00000000	      0.00000000	     80.00000000	      1.39626340	      0.00000000	      0.00000000	      0.00000000	     80.00000000	     -7.00000000	      0.00000000	     80.00000000	      1.39626340	      0.00000000	      0.00000000	      0.00000000	     -2.92937402	     -2.00810984	      2.37269901	      3.09079584	    -13.73959575	    -11.12857943	     66.14966137	    141.78075260	    -24.10860197	     25.47992613	      0.15454685	    -11.47522559	     -0.08746691	     85.04756160	    119.28804554	    -10.66779064	     15.95685993
1760625428.09100008	      1.98625506	     -0.10159206	      1.93535972	     -0.01993120	      0.98727529	     -0.01139670	     80.00000000	     -7.00000000	      0.00000000	     80.00000000	      1.39626340	      0.00000000	      0.00000000	      0.00000000	     80.00000000	     -7.00000000	      0.00000000	     80.00000000	      1.39626340	      0.00000000	      0.00000000	      0.00000000	     -2.95502916	     -1.99896100	      2.18569328	      3.04675000	    -13.71613858	    -11.03592627	     66.20765434	    141.83932469	    -24.00250047	     25.51481863	      0.09799169	    -11.46275049	     -0.36736382	     85.09795315	    119.31957836	    -10.66374025	     15.95799787
1760625428.12500000	      1.98091240	     -0.09544830	      1.92838522	     -0.01794754	      0.98714129	     -0.01160038	     80.00000000	     -7.00000000	      0.00000000	     80.00000000	      1.39626340	      0.00000000	      0.00000000	      0.00000000	     80.00000000	     -7.00000000	      0.00000000	     80.00000000	      1.39626340	      0.00000000	      0.00000000	      0.00000000	     -2.92220643	     -1.98782402	      2.16012266	      2.92693439	    -13.65910478	    -11.10356277	     66.37168045	    141.97860161	    -23.74206435	     25.66691852	      0.00614635	    -11.44742468	     -0.44800152	     85.11800486	    119.37278460	    -10.74574316	     15.92818987
1760625428.15799999	      1.98075832	     -0.09350470	      1.92110578	     -0.01680474	      0.98733841	     -0.01159718	     80.00000000	     -7.00000000	      0.00000000	     80.00000000	      1.39626340	      0.00000000	      0.00000000	      0.00000000	     80.00000000	     -7.00000000	      0.00000000	     80.00000000	      1.39626340	      0.00000000	      0.00000000	      0.00000000	     -2.91060383	     -1.96282734	      2.15747653	      2.82270843	    -13.59670361	    -11.20643199	     66.59445161	    142.16016058	    -23.36554290	     25.89464786	     -0.04845239	    -11.41083077	     -0.50653609	     85.16676624	    119.42284087	    -10.77590927	     15.95930126
1760625428.19199991	      2.00202685	     -0.08505930	      1.91948747	     -0.01685227	      0.98759324	     -0.01161519	     80.00000000	     -7.00000000	      0.00000000	     80.00000000	      1.39626340	      0.00000000	      0.00000000	      0.00000000	     80.00000000	     -7.00000000	      0.00000000	     80.00000000	      1.39626340	      0.00000000	      0.00000000	      0.00000000	     -2.97867122	     -1.91855357	      2.13562972	      2.76840452	    -13.54445293	    -11.32995118	     66.85165592	    142.43165784	    -22.86210183	     26.23699666	     -0.00873334	    -11.34193555	     -0.59460108	     85.17919384	    119.45030086	    -10.75026294	     16.00178407
1760625428.22499990	      2.00477128	     -0.07963809	      1.91609694	     -0.01709690	      0.98780469	     -0.01161382	     80.00000000	     -7.00000000	      0.00000000	     80.00000000	      1.39626340	      0.00000000	      0.00000000	      0.00000000	     80.00000000	     -7.00000000	      0.00000000	     80.00000000	      1.39626340	      0.00000000	      0.00000000	      0.00000000	     -3.02483018	     -1.89286454	      2.15519036	      2.76040073	    -13.52077274	    -11.41534976	     66.94402743	    142.49316006	    -22.58923675	     26.38865952	      0.06447068	    -11.30571586	     -0.57626356	     85.17406039	    119.46694728	    -10.73169814	     16.05284998
1760625428.25900006	      2.00758795	     -0.07482926	      1.91360488	     -0.01848075	      0.98826611	     -0.01217444	     80.00000000	     -7.00000000	      0.00000000	     80.00000000	      1.39626340	      0.00000000	      0.00000000	      0.00000000	     80.00000000	     -7.00000000	      0.00000000	     80.00000000	      1.39626340	      0.00000000	      0.00000000	      0.00000000	     -3.08961409	     -1.86106832	      2.18364962	      2.78002520	    -13.56032638	    -11.48495141	     66.92053947	    142.46030048	    -22.43923385	     26.42941000	      0.16689090	    -11.26992944	     -0.46551988	     85.13866080	    119.53132734	    -10.77606409	     16.06967153
1760625428.29200006	      2.01785067	     -0.07481655	      1.92081687	     -0.01884534	      0.98839252	     -0.01252166	     80.00000000	     -7.00000000	      0.00000000	     80.00000000	      1.39626340	      0.00000000	      0.00000000	      0.00000000	     80.00000000	     -7.00000000	      0.00000000	     80.00000000	      1.39626340	      0.00000000	      0.00000000	      0.00000000	     -3.10937152	     -1.84463955	      2.16386995	      2.76449203	    -13.57086798	    -11.49535448	     66.90756016	    142.42205336	    -22.37455292	     26.41372496	      0.18437931	    -11.26165125	     -0.42223642	     85.14426089	    119.57696795	    -10.78145489	     16.07454564
1760625428.32500005	      2.02548655	     -0.06764553	      1.92602153	     -0.01954633	      0.98858575	     -0.01275650	     80.00000000	     -7.00000000	      0.00000000	     80.00000000	      1.39626340	      0.00000000	      0.00000000	      0.00000000	     80.00000000	     -7.00000000	      0.00000000	     80.00000000	      1.39626340	      0.00000000	      0.00000000	      0.00000000	     -3.16028037	     -1.78322931	      2.17647959	      2.74594843	    -13.64177317	    -11.55589228	     66.92402423	    142.39454583	    -22.31216059	     26.38392038	      0.24514487	    -11.20526211	     -0.37204978	     85.16048140	    119.60914461	    -10.72981599	     16.09894721
1760625428.35899997	      2.03122191	     -0.08135839	      1.91923812	     -0.01967001	      0.98846668	     -0.01272206	     80.00000000	     -7.00000000	      0.00000000	     80.00000000	      1.39626340	      0.00000000	      0.00000000	      0.00000000	     80.00000000	     -7.00000000	      0.00000000	     80.00000000	      1.39626340	      0.00000000	      0.00000000	      0.00000000	     -3.21150727	     -1.73796448	      2.21306172	      2.72017398	    -13.64684335	    -11.65843159	     66.98193128	    142.46478348	    -22.19788350	     26.42231972	      0.30514464	    -11.18211401	     -0.26881499	     85.17745976	    119.65540865	    -10.66925735	     16.14576253
1760625428.39199996	      2.02566204	     -0.08325391	      1.90989206	     -0.01972166	      0.98837360	     -0.01297197	     80.00000000	     -7.00000000	      0.00000000	     80.00000000	      1.39626340	      0.00000000	      0.00000000	      0.00000000	     80.00000000	     -7.00000000	      0.00000000	     80.00000000	      1.39626340	      0.00000000	      0.00000000	      0.00000000	     -3.21797502	     -1.73012786	      2.18956003	      2.70435960	    -13.63198840	    -11.66435591	     66.98777965	    142.45488688	    -22.18456600	     26.41080063	      0.30603074	    -11.17468764	     -0.24449055	     85.18965280	    119.65451580	    -10.66247442	     16.12988882
1760625428.42600012	      2.01861358	     -0.09034008	      1.92218558	     -0.01967200	      0.98825044	     -0.01320300	     80.00000000	     -7.00000000	      0.00000000	     80.00000000	      1.39626340	      0.00000000	      0.00000000	      0.00000000	     80.00000000	     -7.00000000	      0.00000000	     80.00000000	      1.39626340	      0.00000000	      0.00000000	      0.00000000	     -3.18690380	     -1.69670065	      2.23166312	      2.60244722	    -13.63814834	    -11.78754693	     67.04913436	    142.46497828	    -22.13276037	     26.40709467	      0.26351960	    -11.15049944	     -0.17971054	     85.18828652	    119.66909060	    -10.66549898	     16.08110561
1760625428.45900011	      2.01617375	     -0.09833499	      1.92784239	     -0.01957269	      0.98837216	     -0.01347371	     80.00000000	     -7.00000000	      0.00000000	     80.00000000	      1.39626340	      0.00000000	      0.00000000	      0.00000000	     80.00000000	     -7.00000000	      0.00000000	     80.00000000	      1.39626340	      0.00000000	      0.00000000	      0.00000000	     -3.19576966	     -1.69951896	      2.24151985	      2.59946450	    -13.61841295	    -11.81889744	     67.04424755	    142.41714645	    -22.14864182	     26.40096572	      0.24361248	    -11.15816615	     -0.15752420	     85.21302617	    119.64398500	    -10.64733210	     16.03573513
1760625428.49300003	      2.02171284	     -0.10091000	      1.92853386	     -0.01899461	      0.98790847	     -0.01347118	     80.00000000	     -7.00000000	      0.00000000	     80.00000000	      1.39626340	      0.00000000	      0.00000000	      0.00000000	     80.00000000	     -7.00000000	      0.00000000	     80.00000000	      1.39626340	      0.00000000	      0.00000000	      0.00000000	     -3.18615662	     -1.71341724	      2.24485634	      2.59490286	    -13.60237930	    -11.80364844	     67.02473200	    142.40251016	    -22.18387341	     26.40528139	      0.24137825	    -11.16159217	     -0.11240723	     85.18931117	    119.66078060	    -10.65695589	     16.04661530
1760625428.52600002	      2.00832125	     -0.09857124	      1.93311680	     -0.01888967	      0.98773259	     -0.01356137	     80.00000000	     -7.00000000	      0.00000000	     80.00000000	      1.39626340	      0.00000000	      0.00000000	      0.00000000	     80.00000000	     -7.00000000	      0.00000000	     80.00000000	      1.39626340	      0.00000000	      0.00000000	      0.00000000	     -3.16664854	     -1.78907450	      2.33526648	      2.59056103	    -13.58685588	    -11.86982292	     66.93748796	    142.31307332	    -22.26085413	     26.34518861	      0.24829766	    -11.22385845	      0.04079226	     85.20176870	    119.70089518	    -10.68084328	     16.07128795
1760625428.55900002	      1.99171644	     -0.10703811	      1.93640722	     -0.01704887	      0.98744701	     -0.01368589	     80.00000000	     -7.00000000	      0.00000000	     80.00000000	      1.39626340	      0.00000000	      0.00000000	      0.00000000	     80.00000000	     -7.00000000	      0.00000000	     80.00000000	      1.39626340	      0.00000000	      0.00000000	      0.00000000	     -3.13777526	     -1.80157029	      2.33222885	      2.59263918	    -13.58969364	    -11.84382659	     66.92751038	    142.27200523	    -22.25873838	     26.36641371	      0.26153733	    -11.23662997	      0.09534093	     85.19743929	    119.75620593	    -10.68077703	     16.08076553
1760625428.59299994	      1.98971976	     -0.10169046	      1.92603939	     -0.01682619	      0.98734773	     -0.01357878	     80.00000000	     -7.00000000	      0.00000000	     80.00000000	      1.39626340	      0.00000000	      0.00000000	      0.00000000	     80.00000000	     -7.00000000	      0.00000000	     80.00000000	      1.39626340	      0.00000000	      0.00000000	      0.00000000	     -3.08777490	     -1.85109440	      2.38094680	      2.56115297	    -13.58639795	    -11.82272126	     66.86285699	    142.21198793	    -22.35963183	     26.31979962	      0.25222307	    -11.29861253	      0.16627327	     85.19298602	    119.75829716	    -10.67235147	     16.07439968
1760625428.62700009	      2.00277419	     -0.10598022	      1.93832371	     -0.01748990	      0.98726147	     -0.01380966	     80.00000000	     -7.00000000	      0.00000000	     80.00000000	      1.39626340	      0.00000000	      0.00000000	      0.00000000	     80.00000000	     -7.00000000	      0.00000000	     80.00000000	      1.39626340	      0.00000000	      0.00000000	      0.00000000	     -3.16284964	     -1.85144325	      2.39396400	      2.65878682	    -13.63255669	    -11.78299217	     66.80587033	    142.17154108	    -22.44304073	     26.29287169	      0.34905467	    -11.30443797	      0.21945831	     85.19468221	    119.78641931	    -10.68819577	     16.07330398
1760625428.66000009	      2.00804952	     -0.10296005	      1.93797605	     -0.01968910	      0.98743024	     -0.01366990	     80.00000000	     -7.00000000	      0.00000000	     80.00000000	      1.39626340	      0.00000000	      0.00000000	      0.00000000	     80.00000000	     -7.00000000	      0.00000000	     80.00000000	      1.39626340	      0.00000000	      0.00000000	      0.00000000	     -3.21443405	     -1.88761494	      2.34557987	      2.78502954	    -13.66054959	    -11.64369861	     66.69797608	    142.04047691	    -22.51770370	     26.23512046	      0.42579291	    -11.34672553	      0.18044479	     85.16959522	    119.80119340	    -10.69961525	     16.06237810
1760625428.69300008	      2.02792967	     -0.10055957	      1.94288648	     -0.02071747	      0.98741368	     -0.01368507	     80.00000000	     -7.00000000	      0.00000000	     80.00000000	      1.39626340	      0.00000000	      0.00000000	      0.00000000	     80.00000000	     -7.00000000	      0.00000000	     80.00000000	      1.39626340	      0.00000000	      0.00000000	      0.00000000	     -3.28729280	     -1.88466411	      2.27915231	      2.89515024	    -13.70217609	    -11.53322275	     66.63613331	    142.00810644	    -22.55618019	     26.23577665	      0.49794340	    -11.34676363	      0.10584612	     85.15578196	    119.80730727	    -10.67252075	     16.08515417
1760625428.72700000	      2.01642301	     -0.10094053	      1.94132218	     -0.01992177	      0.98707545	     -0.01378721	     80.00000000	     -7.00000000	      0.00000000	     80.00000000	      1.39626340	      0.00000000	      0.00000000	      0.00000000	     80.00000000	     -7.00000000	      0.00000000	     80.00000000	      1.39626340	      0.00000000	      0.00000000	      0.00000000	     -3.27286629	     -1.88659086	      2.28142753	      2.89278297	    -13.70152513	    -11.53322316	     66.64243922	    142.00622475	    -22.57559381	     26.23867652	      0.50179340	    -11.33819222	      0.08576890	     85.13753025	    119.79770914	    -10.67460103	     16.09672548
1760625428.75999999	      2.00016164	     -0.10191769	      1.93929920	     -0.01895543	      0.98717841	     -0.01363712	     80.00000000	     -7.00000000	      0.00000000	     80.00000000	      1.39626340	      0.00000000	      0.00000000	      0.00000000	     80.00000000	     -7.00000000	      0.00000000	     80.00000000	      1.39626340	      0.00000000	      0.00000000	      0.00000000	     -3.25150654	     -1.88007582	      2.28349947	      2.87230844	    -13.69838884	    -11.55276235	     66.68106205	    141.97672687	    -22.58175479	     26.21149843	      0.49784622	    -11.34123700	      0.04473364	     85.13174928	    119.79999091	    -10.65522265	     16.08284561
1760625428.79399991	      2.01158297	     -0.09375694	      1.93887010	     -0.02011559	      0.98750820	     -0.01339587	     80.00000000	     -7.00000000	      0.00000000	     80.00000000	      1.39626340	      0.00000000	      0.00000000	      0.00000000	     80.00000000	     -7.00000000	      0.00000000	     80.00000000	      1.39626340	      0.00000000	      0.00000000	      0.00000000	     -3.25137751	     -1.87740913	      2.27928473	      2.85954334	    -13.70163501	    -11.54793694	     66.67945347	    141.99939234	    -22.58202930	     26.20648477	      0.49935780	    -11.33787657	      0.00394805	     85.12582707	    119.79033257	    -10.62541701	     16.07785489
1760625428.82699990	      2.01499104	     -0.09263790	      1.94376037	     -0.02102181	      0.98779086	     -0.01319943	     80.00000000	     -7.00000000	      0.00000000	     80.00000000	      1.39626340	      0.00000000	      0.00000000	      0.00000000	     80.00000000	     -7.00000000	      0.00000000	     80.00000000	      1.39626340	      0.00000000	      0.00000000	      0.00000000	     -3.28203242	     -1.85229897	      2.18921734	      2.90403622	    -13.71166558	    -11.45130162	     66.70230391	    142.00833195	    -22.53225093	     26.23478193	      0.50629353	    -11.33099746	     -0.11840833	     85.14873713	    119.79550718	    -10.56970354	     16.10957651
1760625428.86100006	      2.01463577	     -0.08797522	      1.94017767	     -0.02133899	      0.98773665	     -0.01321117	     80.00000000	     -7.00000000	      0.00000000	     80.00000000	      1.39626340	      0.00000000	      0.00000000	      0.00000000	     80.00000000	     -7.00000000	      0.00000000	     80.00000000	      1.39626340	      0.00000000	      0.00000000	      0.00000000	     -3.28464645	     -1.84867820	      2.19344595	      2.89843794	    -13.72729247	    -11.42588080	     66.69023919	    141.97943411	    -22.49925748	     26.22302317	      0.51714378	    -11.34330477	     -0.11686863	     85.13021100	    119.78766332	    -10.54410972	     16.12155223
1760625428.89400005	      2.02966631	     -0.08147599	      1.94790527	     -0.02074080	      0.98770124	     -0.01312028	     80.00000000	     -7.00000000	      0.00000000	     80.00000000	      1.39626340	      0.00000000	      0.00000000	      0.00000000	     80.00000000	     -7.00000000	      0.00000000	     80.00000000	      1.39626340	      0.00000000	      0.00000000	      0.00000000	     -3.29130433	     -1.84498218	      2.19721371	      2.89648361	    -13.73458155	    -11.42726401	     66.67197967	    142.00516441	    -22.49359095	     26.23139080	      0.49466647	    -11.34272139	     -0.10214445	     85.13682888	    119.78158912	    -10.53342120	     16.10635284
1760625428.92700005	      2.01598268	     -0.08200492	      1.93956571	     -0.02038421	      0.98787988	     -0.01309110	     80.00000000	     -7.00000000	      0.00000000	     80.00000000	      1.39626340	      0.00000000	      0.00000000	      0.00000000	     80.00000000	     -7.00000000	      0.00000000	     80.00000000	      1.39626340	      0.00000000	      0.00000000	      0.00000000	     -3.21613351	     -1.82031181	      2.26283335	      2.82261671	    -13.75688478	    -11.49903142	     66.68638682	    141.99849917	    -22.49410548	     26.21599314	      0.46498257	    -11.33098916	     -0.02701154	     85.09210973	    119.77748683	    -10.54911168	     16.06491381
1760625428.96099997	      2.01058997	     -0.07949403	      1.93552359	     -0.02045559	      0.98789466	     -0.01314220	     80.00000000	     -7.00000000	      0.00000000	     80.00000000	      1.39626340	      0.00000000	      0.00000000	      0.00000000	     80.00000000	     -7.00000000	      0.00000000	     80.00000000	      1.39626340	      0.00000000	      0.00000000	      0.00000000	     -3.17467368	     -1.83297713	      2.35394372	      2.93741782	    -13.97142330	    -11.39844462	     66.39143423	    141.77068846	    -22.87185128	     25.93730742	      0.61185757	    -11.37049102	      0.17721184	     84.93672139	    119.72402960	    -10.66694510	     15.92095592
1760625428.99399996	      2.00766540	     -0.07932174	      1.93806811	     -0.02062957	      0.98775896	     -0.01331161	     80.00000000	     -7.00000000	      0.00000000	     80.00000000	      1.39626340	      0.00000000	      0.00000000	      0.00000000	     80.00000000	     -7.00000000	      0.00000000	     80.00000000	      1.39626340	      0.00000000	      0.00000000	      0.00000000	     -3.08239420	     -1.90893980	      2.47558392	      3.18666321	    -14.39533005	    -11.08382274	     65.71226351	    141.18337561	    -23.73931582	     25.31423411	      0.91852367	    -11.51027117	      0.63366925	     84.62531620	    119.58979088	    -10.96068428	     15.55887172
1760625429.02800012	      2.02479237	     -0.08685417	      1.93673514	     -0.02270723	      0.98755214	     -0.01436671	     80.00000000	     -7.00000000	      0.00000000	     80.00000000	      1.39626340	      0.00000000	      0.00000000	      0.00000000	     80.00000000	     -7.00000000	      0.00000000	     80.00000000	      1.39626340	      0.00000000	      0.00000000	      0.00000000	     -2.98742747	     -2.01601937	      2.56235844	      3.71987521	    -15.16748545	    -10.33241341	     64.47052310	    140.12300924	    -25.17573033	     24.39357601	      1.51689839	    -11.68396129	      1.30487210	     84.11442691	    119.39387294	    -11.60941776	     14.87878324
1760625429.06100011	      2.10904627	     -0.08611590	      1.96394284	     -0.02479341	      0.98685748	     -0.01543565	     80.00000000	     -7.00000000	      0.00000000	     80.00000000	      1.39626340	      0.00000000	      0.00000000	      0.00000000	     80.00000000	     -7.00000000	      0.00000000	     80.00000000	      1.39626340	      0.00000000	      0.00000000	      0.00000000	     -2.83124317	     -2.19439478	      2.63448502	      4.87224385	    -16.66806154	     -8.68311588	     61.89194139	    137.94895947	    -27.85410440	     22.74405799	      2.53175487	    -11.99699633	      2.13820603	     83.38243060	    118.99949510	    -12.54762368	     13.74868900
1760625429.09500003	      2.18065856	     -0.08439766	      1.97702066	     -0.02699955	      0.98602701	     -0.01630126	     80.00000000	     -7.00000000	      0.00000000	     80.00000000	      1.39626340	      0.00000000	      0.00000000	      0.00000000	     80.00000000	     -7.00000000	      0.00000000	     80.00000000	      1.39626340	      0.00000000	      0.00000000	      0.00000000	     -2.75285468	     -2.35865649	      2.59549111	      6.24054947	    -18.12135100	     -6.80474502	     59.05550966	    135.42005169	    -30.57152003	     20.79136971	      3.40762063	    -12.23994366	      2.44066647	     82.97130892	    118.83324054	    -13.00690193	     12.97356257
1760625429.12800002	      2.21684178	     -0.08381692	      1.99446226	     -0.03338375	      0.98521984	     -0.01689070	     80.00000000	     -7.00000000	      0.00000000	     80.00000000	      1.39626340	      0.00000000	      0.00000000	      0.00000000	     80.00000000	     -7.00000000	      0.00000000	     80.00000000	      1.39626340	      0.00000000	      0.00000000	      0.00000000	     -2.60071414	     -2.47459425	      2.68522569	      7.78133227	    -19.75787169	     -4.74148736	     55.72027848	    132.23755010	    -33.54139918	     18.26821131	      4.26694092	    -12.43814851	      2.77560658	     82.56360535	    118.65609368	    -13.41596923	     12.12586006
1760625429.16100001	      2.19715159	     -0.08605934	      1.99465294	     -0.03553651	      0.98416483	     -0.01802676	     80.00000000	     -7.00000000	      0.00000000	     80.00000000	      1.39626340	      0.00000000	      0.00000000	      0.00000000	     80.00000000	     -7.00000000	      0.00000000	     80.00000000	      1.39626340	      0.00000000	      0.00000000	      0.00000000	     -2.32790257	     -2.60906299	      2.91661963	      9.60468463	    -21.70613159	     -2.14357172	     51.55425404	    128.09131648	    -37.11663335	     14.78085651	      5.25172402	    -12.80555348	      3.43381597	     81.96714165	    118.31525782	    -14.09366347	     10.92865313
1760625429.19499993	      2.24567422	     -0.08058544	      2.00748449	     -0.03964374	      0.98400564	     -0.01855238	     80.00000000	     -7.00000000	      0.00000000	     80.00000000	      1.39626340	      0.00000000	      0.00000000	      0.00000000	     80.00000000	     -7.00000000	      0.00000000	     80.00000000	      1.39626340	      0.00000000	      0.00000000	      0.00000000	     -2.15722873	     -2.69961182	      2.95189997	     10.81717808	    -22.95133762	      0.03728748	     48.27652948	    124.64511409	    -39.82024887	     11.62895797	      5.65601232	    -13.23594334	      4.02557034	     81.36762577	    117.63412910	    -14.69327836	      9.90357274
1760625429.22799993	      2.25071052	     -0.07624696	      1.99122322	     -0.03982909	      0.98460389	     -0.01955856	     80.00000000	     -7.00000000	      0.00000000	     80.00000000	      1.39626340	      0.00000000	      0.00000000	      0.00000000	     80.00000000	     -7.00000000	      0.00000000	     80.00000000	      1.39626340	      0.00000000	      0.00000000	      0.00000000	     -2.06965963	     -2.65860125	      3.16148925	     11.39064610	    -23.76322038	      1.23079035	     46.09678207	    122.37632357	    -41.50834663	      9.21287831	      5.93916907	    -13.62137323	      4.89599736	     80.49233808	    116.47686971	    -15.29981718	      8.72033648
1760625429.26200008	      2.18126836	     -0.07605322	      1.94932085	     -0.03832398	      0.98716204	     -0.02033859	     80.00000000	     -7.00000000	      0.00000000	     80.00000000	      1.39626340	      0.00000000	      0.00000000	      0.00000000	     80.00000000	     -7.00000000	      0.00000000	     80.00000000	      1.39626340	      0.00000000	      0.00000000	      0.00000000	     -2.00243353	     -2.57533919	      3.64923548	     11.01670760	    -24.25627111	      1.57402074	     44.53393587	    120.97960734	    -42.05317107	      7.31137725	      6.27905271	    -14.21643340	      6.31629821	     78.58782804	    114.47319319	    -15.69168229	      7.24054600
1760625429.29500008	      2.15495953	     -0.07994721	      1.93570060	     -0.03600906	      0.98984665	     -0.01995450	     80.00000000	     -7.00000000	      0.00000000	     80.00000000	      1.39626340	      0.00000000	      0.00000000	      0.00000000	     80.00000000	     -7.00000000	      0.00000000	     80.00000000	      1.39626340	      0.00000000	      0.00000000	      0.00000000	     -2.13524187	     -2.39100045	      4.02407552	     10.46750511	    -24.51014676	      2.14775049	     43.08907594	    119.73156844	    -41.99808363	      5.98225909	      6.38738643	    -14.56991061	      7.29298170	     76.87508552	    113.36062203	    -15.39420392	      6.83569936
1760625429.32900000	      2.16054328	     -0.08426936	      1.94885087	     -0.03669841	      0.99433707	     -0.01825572	     80.00000000	     -7.00000000	      0.00000000	     80.00000000	      1.39626340	      0.00000000	      0.00000000	      0.00000000	     80.00000000	     -7.00000000	      0.00000000	     80.00000000	      1.39626340	      0.00000000	      0.00000000	      0.00000000	     -2.50797898	     -2.02713306	      3.94333064	      9.97799845	    -24.75855363	      4.72518681	     40.03296040	    117.07158615	    -41.58654801	      3.93598659	      6.08205500	    -14.87578900	      7.94816222	     73.87405671	    112.03465865	    -14.39634287	      6.66847928
1760625429.36199999	      2.10374898	     -0.08845789	      1.96032700	     -0.03506154	      0.99681994	     -0.01822758	     80.00000000	     -7.00000000	      0.00000000	     80.00000000	      1.39626340	      0.00000000	      0.00000000	      0.00000000	     80.00000000	     -7.00000000	      0.00000000	     80.00000000	      1.39626340	      0.00000000	      0.00000000	      0.00000000	     -2.77208921	     -1.71754571	      3.74659840	      9.68507003	    -24.81827816	      7.32546894	     37.12503079	    115.69671339	    -40.55802254	      3.12216611	      5.68129355	    -15.01148527	      8.33672085	     71.02173263	    110.57649199	    -13.21247051	      6.75179476
1760625429.39599991	      2.03125874	     -0.09550162	      1.97273752	     -0.03039690	      0.99626294	     -0.01750131	     80.00000000	     -7.00000000	      0.00000000	     80.00000000	      1.39626340	      0.00000000	      0.00000000	      0.00000000	     80.00000000	     -7.00000000	      0.00000000	     80.00000000	      1.39626340	      0.00000000	      0.00000000	      0.00000000	     -3.19233221	     -1.44930163	      3.60756581	      9.46103742	    -24.53641633	     10.17157249	     33.86430710	    114.14876846	    -39.12694193	      2.38935801	      5.27096532	    -15.01423919	      8.72611583	     68.16544442	    111.27555065	    -11.70249954	      8.17738241
1760625429.42899990	      1.97757438	     -0.11085236	      1.97806849	     -0.02740264	      0.99162972	     -0.01491108	     80.00000000	     -7.00000000	      0.00000000	     80.00000000	      1.39626340	      0.00000000	      0.00000000	      0.00000000	     80.00000000	     -7.00000000	      0.00000000	     80.00000000	      1.39626340	      0.00000000	      0.00000000	      0.00000000	     -3.05028664	     -1.28061240	      3.24472697	      8.08976489	    -23.24723216	     13.25722884	     30.11716526	    113.24185058	    -35.61103640	      2.74527477	      3.81350520	    -15.10937282	      8.87893046	     63.54325810	    113.60795524	     -9.47832141	     10.06662026
1760625429.46300006	      1.97424194	     -0.10410934	      1.99369573	     -0.02546730	      0.98457234	     -0.01133966	     80.00000000	     -7.00000000	      0.00000000	     80.00000000	      1.39626340	      0.00000000	      0.00000000	      0.00000000	     80.00000000	     -7.00000000	      0.00000000	     80.00000000	      1.39626340	      0.00000000	      0.00000000	      0.00000000	     -3.04876926	     -1.35560574	      3.53684620	      6.82028622	    -22.11560359	     14.10339482	     28.20819849	    114.09923629	    -31.17265199	      4.53196941	      2.95798141	    -15.09398285	      9.74029197	     59.28668047	    113.52706791	     -7.34711943	     11.57362948
1760625429.49600005	      1.98662064	     -0.11672712	      1.99031970	     -0.02707559	      0.97828564	     -0.00869141	     80.00000000	     -7.00000000	      0.00000000	     80.00000000	      1.39626340	      0.00000000	      0.00000000	      0.00000000	     80.00000000	     -7.00000000	      0.00000000	     80.00000000	      1.39626340	      0.00000000	      0.00000000	      0.00000000	     -2.95432752	     -1.09199462	      4.01689964	      5.10143116	    -21.16886343	     13.91594269	     27.36308121	    115.26923426	    -26.07924345	      6.50970608	      2.11518739	    -14.47769835	     10.44740416	     55.13923480	    114.06794590	     -4.90972618	     13.18586342
1760625429.52999997	      1.96768626	     -0.13359879	      1.98119307	     -0.02676196	      0.97204033	     -0.00480445	     80.00000000	     -7.00000000	      0.00000000	     80.00000000	      1.39626340	      0.00000000	      0.00000000	      0.00000000	     80.00000000	     -7.00000000	      0.00000000	     80.00000000	      1.39626340	      0.00000000	      0.00000000	      0.00000000	     -3.04282258	     -0.60999716	      3.26568377	      3.91135663	    -20.17618820	     15.10716016	     27.11756954	    117.67357464	    -18.90905051	      9.62193020	      1.53621952	    -13.96661401	     10.66079373	     50.83725880	    115.72614101	     -3.48080862	     13.93859772
1760625429.56299996	      1.92023918	     -0.16007710	      1.84219007	     -0.02532502	      0.96458018	     -0.00266120	     80.00000000	     -7.00000000	      0.00000000	     80.00000000	      1.39626340	      0.00000000	      0.00000000	      0.00000000	     80.00000000	     -7.00000000	      0.00000000	     80.00000000	      1.39626340	      0.00000000	      0.00000000	      0.00000000	     -3.57827202	     -0.92354011	      3.54157555	      4.06923029	    -19.62739847	     16.36344423	     25.33286416	    116.48950706	    -22.42658357	      7.22837126	      0.98398408	    -14.28902221	     11.87943608	     50.62921988	    115.51393818	     -8.62442926	      9.53326918
1760625429.59599996	      1.82810247	     -0.16340671	      1.88076324	     -0.02628976	      0.95922276	     -0.00317961	     80.00000000	     -7.00000000	      0.00000000	     80.00000000	      1.39626340	      0.00000000	      0.00000000	      0.00000000	     80.00000000	     -7.00000000	      0.00000000	     80.00000000	      1.39626340	      0.00000000	      0.00000000	      0.00000000	     -3.66914518	     -1.38999139	      3.75380738	      4.05098235	    -19.34959832	     16.57548293	     25.09708246	    115.39089503	    -25.72301439	      5.89076496	      0.73383384	    -14.76397098	     12.01480264	     52.81296429	    115.01749136	     -6.34390627	     12.07353242
1760625429.63000011	      2.46237675	     -0.12197909	      2.01461337	     -0.02904841	      0.95719137	     -0.00346790	     80.00000000	     -7.00000000	      0.00000000	     80.00000000	      1.39626340	      0.00000000	      0.00000000	      0.00000000	     80.00000000	     -7.00000000	      0.00000000	     80.00000000	      1.39626340	      0.00000000	      0.00000000	      0.00000000	     -4.36620012	     -1.66665407	      4.36586334	      3.69476464	    -19.86874190	     13.87284505	     26.84797773	    114.19056973	    -27.97206039	      4.51287659	      1.86832661	    -15.04548856	     11.51953940	     55.19724045	    113.96078793	     -5.76475982	     12.35886012
1760625429.69700003	      2.04244248	     -0.15548153	      1.98533451	     -0.02804498	      0.95831571	     -0.00436286	     80.00000000	     -7.00000000	      0.00000000	     80.00000000	      1.39626340	      0.00000000	      0.00000000	      0.00000000	     80.00000000	     -7.00000000	      0.00000000	     80.00000000	      1.39626340	      0.00000000	      0.00000000	      0.00000000	     -3.49921153	     -2.04029622	      4.52774234	      3.72746514	    -21.26503053	     10.10481577	     31.28851817	    115.06647946	    -32.30644915	      4.22947962	      1.91035417	    -15.39962721	      8.70290411	     62.67292447	    113.53474338	     -7.02284124	     10.90993572
1760625429.73000002	      2.30747162	     -0.11933633	      2.03117986	     -0.02995793	      0.96072045	     -0.00637961	     80.00000000	     -7.00000000	      0.00000000	     80.00000000	      1.39626340	      0.00000000	      0.00000000	      0.00000000	     80.00000000	     -7.00000000	      0.00000000	     80.00000000	      1.39626340	      0.00000000	      0.00000000	      0.00000000	     -2.78468923	     -2.31899611	      4.23002191	      3.65739222	    -22.77787457	      8.47385567	     34.84028078	    115.70933596	    -35.22659433	      4.34086429	      2.26441052	    -15.74131039	      8.69921567	     67.47721169	    111.23913580	     -9.97293111	      9.28891933
1760625429.76399994	      2.25109315	     -0.11642156	      1.96423832	     -0.03338380	      0.96307980	     -0.00761293	     80.00000000	     -7.00000000	      0.00000000	     80.00000000	      1.39626340	      0.00000000	      0.00000000	      0.00000000	     80.00000000	     -7.00000000	      0.00000000	     80.00000000	      1.39626340	      0.00000000	      0.00000000	      0.00000000	     -1.67817630	     -2.60396822	      4.23020426	      3.62464306	    -23.75974999	      7.45071542	     37.34987196	    115.59684644	    -37.38330423	      4.26800668	      2.26728407	    -15.79182047	      7.99482149	     71.49397221	    110.23443297	    -12.11229980	      7.81557123
1760625429.79699993	      2.21142609	     -0.12636528	      1.94341394	     -0.03802198	      0.96098658	     -0.00794075	     80.00000000	     -7.00000000	      0.00000000	     80.00000000	      1.39626340	      0.00000000	      0.00000000	      0.00000000	     80.00000000	     -7.00000000	      0.00000000	     80.00000000	      1.39626340	      0.00000000	      0.00000000	      0.00000000	     -0.73373544	     -3.06831750	      4.69942345	      3.39606745	    -24.23854520	      5.12199484	     40.40731520	    116.53146187	    -39.09944980	      4.78681469	      2.57607083	    -15.66652268	      7.19360312	     75.34738609	    110.28247619	    -13.81861301	      6.26472586
1760625429.83100009	      2.28649916	     -0.12352990	      1.96051616	     -0.04667214	      0.96516262	     -0.01082205	     80.00000000	     -7.00000000	      0.00000000	     80.00000000	      1.39626340	      0.00000000	      0.00000000	      0.00000000	     80.00000000	     -7.00000000	      0.00000000	     80.00000000	      1.39626340	      0.00000000	      0.00000000	      0.00000000	     -0.69286192	     -3.26408685	      4.51931581	      4.04769623	    -24.79828913	      1.77420137	     45.31943343	    119.58481156	    -40.43245142	      6.51127119	      4.52088547	    -15.15151938	      5.60792636	     79.96095140	    110.66647530	    -15.95937383	      4.49317976
1760625429.86400008	      2.27449485	     -0.11818714	      1.93035698	     -0.04325103	      0.97110700	     -0.01397262	     80.00000000	     -7.00000000	      0.00000000	     80.00000000	      1.39626340	      0.00000000	      0.00000000	      0.00000000	     80.00000000	     -7.00000000	      0.00000000	     80.00000000	      1.39626340	      0.00000000	      0.00000000	      0.00000000	     -0.59846622	     -3.03582203	      3.86824772	      4.44114434	    -25.12520949	     -0.27636932	     49.06061131	    122.24761265	    -40.96220253	      7.96255600	      5.72133039	    -14.46790517	      3.92456529	     82.78428677	    110.57414247	    -17.35512614	      3.19142821
1760625429.89800000	      2.18876411	     -0.12474213	      1.87212461	     -0.03829728	      0.97875107	     -0.01754619	     80.00000000	     -7.00000000	      0.00000000	     80.00000000	      1.39626340	      0.00000000	      0.00000000	      0.00000000	     80.00000000	     -7.00000000	      0.00000000	     80.00000000	      1.39626340	      0.00000000	      0.00000000	      0.00000000	     -1.26897206	     -2.61910201	      3.61424746	      5.71111926	    -25.47066052	     -2.02798367	     51.70457651	    124.19509553	    -41.52244318	      8.93161019	      7.59426523	    -13.50890598	      3.15785567	     84.88746886	    110.25037764	    -18.46980815	      2.52866619
1760625429.93099999	      2.13623499	     -0.13509078	      1.85017948	     -0.03282912	      0.98258160	     -0.01971595	     80.00000000	     -7.00000000	      0.00000000	     80.00000000	      1.39626340	      0.00000000	      0.00000000	      0.00000000	     80.00000000	     -7.00000000	      0.00000000	     80.00000000	      1.39626340	      0.00000000	      0.00000000	      0.00000000	     -1.12758516	     -2.87572187	      3.51531503	      6.23872335	    -25.16583385	     -3.16558263	     53.02501220	    125.01140393	    -42.29214388	      9.23984738	      8.15999823	    -13.46582672	      3.36245205	     85.48900237	    109.65452259	    -19.75197673	      1.80712429
1760625429.96399999	      2.17459695	     -0.13783333	      1.85428063	     -0.02671747	      0.98594069	     -0.02074075	     80.00000000	     -7.00000000	      0.00000000	     80.00000000	      1.39626340	      0.00000000	      0.00000000	      0.00000000	     80.00000000	     -7.00000000	      0.00000000	     80.00000000	      1.39626340	      0.00000000	      0.00000000	      0.00000000	     -1.73063073	     -2.88727376	      3.18314167	      7.38366485	    -25.22557028	     -2.57043610	     52.21725274	    124.24069525	    -42.73360032	      8.69746698	      8.83543844	    -13.67287657	      3.47113675	     84.54971183	    109.22646113	    -20.06170693	      1.68201666
1760625429.99799991	      2.14425785	     -0.13892589	      1.84755572	     -0.02300538	      0.98895685	     -0.02149940	     80.00000000	     -7.00000000	      0.00000000	     80.00000000	      1.39626340	      0.00000000	      0.00000000	      0.00000000	     80.00000000	     -7.00000000	      0.00000000	     80.00000000	      1.39626340	      0.00000000	      0.00000000	      0.00000000	     -2.09520372	     -2.75640689	      3.15414709	      8.15571706	    -25.50861764	     -1.28777625	     49.96440711	    122.45726254	    -42.96883552	      7.64792351	      9.07260152	    -14.04480946	      3.76162919	     82.42428707	    108.95282209	    -19.66506938	      1.89612571
1760625430.03200006	      2.06915391	     -0.13816663	      1.86394439	     -0.02257861	      0.99781298	     -0.02106330	     80.00000000	     -7.00000000	      0.00000000	     80.00000000	      1.39626340	      0.00000000	      0.00000000	      0.00000000	     80.00000000	     -7.00000000	      0.00000000	     80.00000000	      1.39626340	      0.00000000	      0.00000000	      0.00000000	     -2.60191085	     -1.99024201	      3.26425014	      8.63077590	    -26.17304655	      0.89310392	     46.20047412	    119.87625381	    -42.39249326	      6.23051912	      9.01516772	    -13.87161691	      4.12984867	     78.74421230	    109.55916293	    -17.63945096	      4.02190324
1760625430.06500006	      2.09109705	     -0.14418862	      1.88983579	     -0.02786342	      1.00077939	     -0.01984803	     80.00000000	     -7.00000000	      0.00000000	     80.00000000	      1.39626340	      0.00000000	      0.00000000	      0.00000000	     80.00000000	     -7.00000000	      0.00000000	     80.00000000	      1.39626340	      0.00000000	      0.00000000	      0.00000000	     -3.02317309	     -1.71910807	      3.82510523	      8.24617339	    -26.09802239	      2.05974040	     43.15811119	    117.89502387	    -41.64718145	      4.96278966	      8.29110042	    -13.97891837	      4.82591111	     74.99860470	    109.81654378	    -15.75065272	      5.03329374
1760625430.09800005	      2.11809387	     -0.15034711	      1.91833935	     -0.03185327	      1.00207544	     -0.01886469	     80.00000000	     -7.00000000	      0.00000000	     80.00000000	      1.39626340	      0.00000000	      0.00000000	      0.00000000	     80.00000000	     -7.00000000	      0.00000000	     80.00000000	      1.39626340	      0.00000000	      0.00000000	      0.00000000	     -3.24244437	     -1.44008741	      4.18551044	      7.58653010	    -25.68629445	      3.52249064	     39.89652403	    116.59409618	    -40.44037950	      4.09679507	      7.15312762	    -13.96721232	      5.47698311	     71.04351065	    110.46833186	    -13.46446495	      6.75947553
1760625430.13199997	      2.10589474	     -0.15886450	      1.93261969	     -0.02863828	      1.00410807	     -0.01719146	     80.00000000	     -7.00000000	      0.00000000	     80.00000000	      1.39626340	      0.00000000	      0.00000000	      0.00000000	     80.00000000	     -7.00000000	      0.00000000	     80.00000000	      1.39626340	      0.00000000	      0.00000000	      0.00000000	     -3.81452398	     -0.96028121	      4.15072798	      7.18451336	    -24.75989607	      6.66033451	     35.17622506	    114.21805417	    -38.24242622	      2.84011368	      5.94811638	    -13.95415080	      6.25560855	     65.04985329	    111.09964272	    -10.62055662	      8.42024598
1760625430.19899988	      2.13182852	     -0.17051181	      1.95581085	     -0.01957201	      0.99322095	     -0.01243223	     80.00000000	     -7.00000000	      0.00000000	     80.00000000	      1.39626340	      0.00000000	      0.00000000	      0.00000000	     80.00000000	     -7.00000000	      0.00000000	     80.00000000	      1.39626340	      0.00000000	      0.00000000	      0.00000000	     -4.38539505	     -0.72520269	      3.69332061	      5.58883727	    -21.61945665	     11.74840015	     28.79472837	    112.71338656	    -29.49859543	      4.07243227	      4.59511336	    -13.52947178	      8.75168946	     51.60890252	    111.74666356	     -7.17610976	      9.00618770
1760625430.23200011	      2.10786843	     -0.19315226	      1.97693878	     -0.02099585	      0.98103820	     -0.00829129	     80.00000000	     -7.00000000	      0.00000000	     80.00000000	      1.39626340	      0.00000000	      0.00000000	      0.00000000	     80.00000000	     -7.00000000	      0.00000000	     80.00000000	      1.39626340	      0.00000000	      0.00000000	      0.00000000	     -4.09291264	     -1.12424418	      4.00593879	      4.24054102	    -19.64668474	     12.89759800	     27.33000438	    113.22560277	    -23.65754054	      5.90629283	      4.07281609	    -13.83001612	     11.34764792	     45.43138759	    111.69153055	     -8.79397429	      6.72357047
1760625430.26500010	      2.00862959	     -0.24412254	      1.91564017	     -0.01946570	      0.96964372	     -0.00627348	     80.00000000	     -7.00000000	      0.00000000	     80.00000000	      1.39626340	      0.00000000	      0.00000000	      0.00000000	     80.00000000	     -7.00000000	      0.00000000	     80.00000000	      1.39626340	      0.00000000	      0.00000000	      0.00000000	     -4.27169868	     -1.35795832	      3.73803201	      4.22169810	    -18.44984647	     15.61410407	     24.58776111	    112.74021152	    -23.75122648	      4.67893448	      2.82040936	    -13.91538264	     13.45262667	     44.11159937	    107.17774993	    -16.06956570	     -0.79212433
1760625430.29900002	      2.07116525	     -0.15848889	      1.97134753	     -0.02098578	      0.96116147	     -0.00596279	     80.00000000	     -7.00000000	      0.00000000	     80.00000000	      1.39626340	      0.00000000	      0.00000000	      0.00000000	     80.00000000	     -7.00000000	      0.00000000	     80.00000000	      1.39626340	      0.00000000	      0.00000000	      0.00000000	     -3.97330252	     -1.87731704	      4.13397246	      4.61155204	    -18.42803178	     19.08904801	     22.57313537	    111.27509896	    -30.33371355	      2.52252685	      2.24312832	    -14.46203402	     13.25759417	     46.79056522	    108.30992879	    -11.94951313	      4.57075332
1760625430.33200002	      2.65626310	     -0.11174546	      1.93860747	     -0.02163435	      0.95794227	     -0.00572646	     80.00000000	     -7.00000000	      0.00000000	     80.00000000	      1.39626340	      0.00000000	      0.00000000	      0.00000000	     80.00000000	     -7.00000000	      0.00000000	     80.00000000	      1.39626340	      0.00000000	      0.00000000	      0.00000000	     -4.20211845	     -1.84794301	      4.51510663	      3.99491332	    -18.81149812	     18.59268160	     24.08630842	    108.54475019	    -28.62953531	      1.67116394	      2.55591061	    -14.22875518	     11.41250523	     49.14628548	    109.08016552	     -8.86727243	      6.48996324
1760625430.36599994	      2.14771378	     -0.24120912	      2.01411874	     -0.02485301	      0.95586125	     -0.00566200	     80.00000000	     -7.00000000	      0.00000000	     80.00000000	      1.39626340	      0.00000000	      0.00000000	      0.00000000	     80.00000000	     -7.00000000	      0.00000000	     80.00000000	      1.39626340	      0.00000000	      0.00000000	      0.00000000	     -3.61964934	     -1.78813865	      4.55133869	      4.16570275	    -19.24804649	     17.02639907	     25.83708176	    108.29211788	    -29.87105638	      1.42934735	      2.22589480	    -14.29929870	      9.13408559	     52.80050037	    109.79006570	     -8.04286951	      6.38877301
1760625430.39899993	      2.18126358	     -0.21326430	      2.11302237	     -0.02995048	      0.95601725	     -0.00591341	     80.00000000	     -7.00000000	      0.00000000	     80.00000000	      1.39626340	      0.00000000	      0.00000000	      0.00000000	     80.00000000	     -7.00000000	      0.00000000	     80.00000000	      1.39626340	      0.00000000	      0.00000000	      0.00000000	     -3.17144248	     -2.19034252	      4.20061786	      4.52074354	    -20.45365404	     14.76295309	     28.96968780	    110.44182781	    -32.23783991	      1.92784328	      2.13731000	    -14.99262959	      7.71807505	     57.97800587	    109.45491762	     -8.66466779	      5.94434244
1760625430.43300009	      2.49804828	     -0.18037684	      2.07496336	     -0.03395731	      0.95959160	     -0.00791526	     80.00000000	     -7.00000000	      0.00000000	     80.00000000	      1.39626340	      0.00000000	      0.00000000	      0.00000000	     80.00000000	     -7.00000000	      0.00000000	     80.00000000	      1.39626340	      0.00000000	      0.00000000	      0.00000000	     -3.32664494	     -2.61908967	      4.26693189	      5.00579381	    -21.47893908	     12.09704071	     32.08262533	    112.97195718	    -33.51561724	      2.93309112	      3.25069565	    -15.38740094	      9.24815735	     60.78369994	    107.71748026	    -11.35173217	      5.02290019
1760625430.46600008	      2.44612516	     -0.16974947	      2.06143779	     -0.03797395	      0.96195963	     -0.00956742	     80.00000000	     -7.00000000	      0.00000000	     80.00000000	      1.39626340	      0.00000000	      0.00000000	      0.00000000	     80.00000000	     -7.00000000	      0.00000000	     80.00000000	      1.39626340	      0.00000000	      0.00000000	      0.00000000	     -2.70445161	     -2.80094597	      4.30631190	      5.77334531	    -22.66544562	     11.12288546	     33.55410170	    113.11359952	    -35.54326778	      2.78287281	      3.80976068	    -15.27637277	      9.82088145	     63.75231446	    106.68430834	    -13.89204343	      3.87890133
1760625430.50000000	      2.30441228	     -0.20897972	      2.06003702	     -0.04376375	      0.96191353	     -0.01089643	     80.00000000	     -7.00000000	      0.00000000	     80.00000000	      1.39626340	      0.00000000	      0.00000000	      0.00000000	     80.00000000	     -7.00000000	      0.00000000	     80.00000000	      1.39626340	      0.00000000	      0.00000000	      0.00000000	     -1.54570792	     -3.08899360	      4.39885332	      6.77482528	    -23.59397304	     10.58145347	     34.37874697	    112.26585799	    -39.07301636	      2.14545229	      4.06880147	    -14.98950163	      8.91206626	     68.04755323	    107.82508928	    -15.85740196	      3.05778757
1760625430.53299999	      2.38667046	     -0.22785479	      2.12568921	     -0.04676528	      0.96839304	     -0.01321588	     80.00000000	     -7.00000000	      0.00000000	     80.00000000	      1.39626340	      0.00000000	      0.00000000	      0.00000000	     80.00000000	     -7.00000000	      0.00000000	     80.00000000	      1.39626340	      0.00000000	      0.00000000	      0.00000000	     -1.16099465	     -2.91631438	      4.46404118	      7.03907522	    -24.49060694	      8.91644877	     36.08474503	    112.99581128	    -40.91486756	      2.45987126	      4.68879940	    -14.46876375	      7.92726831	     71.23215011	    109.13634304	    -16.87267155	      2.73178228
1760625430.56699991	      2.41508963	     -0.22430905	      2.08809669	     -0.04769764	      0.97485665	     -0.01576648	     80.00000000	     -7.00000000	      0.00000000	     80.00000000	      1.39626340	      0.00000000	      0.00000000	      0.00000000	     80.00000000	     -7.00000000	      0.00000000	     80.00000000	      1.39626340	      0.00000000	      0.00000000	      0.00000000	     -1.42237201	     -2.75636395	      4.06742342	      8.05435216	    -25.27758710	      7.78905068	     37.76642530	    113.74070992	    -42.32912248	      2.75761368	      5.93375826	    -13.96947597	      6.19078588	     73.73423316	    110.10982408	    -17.73725126	      2.20799178
1760625430.59999990	      2.31188437	     -0.23375789	      2.06482584	     -0.04789268	      0.97964554	     -0.01754687	     80.00000000	     -7.00000000	      0.00000000	     80.00000000	      1.39626340	      0.00000000	      0.00000000	      0.00000000	     80.00000000	     -7.00000000	      0.00000000	     80.00000000	      1.39626340	      0.00000000	      0.00000000	      0.00000000	     -1.41098034	     -2.58185240	      3.84240713	      8.03243146	    -25.57449711	      5.19893765	     41.00048843	    114.97191744	    -42.67343764	      3.70313922	      6.67881665	    -13.26422659	      5.03905683	     75.67590475	    110.59995898	    -19.57540066	      1.11717662
1760625430.63400006	      2.24607259	     -0.24463321	      2.06208033	     -0.04561714	      0.98566284	     -0.02005442	     80.00000000	     -7.00000000	      0.00000000	     80.00000000	      1.39626340	      0.00000000	      0.00000000	      0.00000000	     80.00000000	     -7.00000000	      0.00000000	     80.00000000	      1.39626340	      0.00000000	      0.00000000	      0.00000000	     -1.83427484	     -2.32800084	      3.51898085	      7.85847752	    -25.36581128	      3.17888449	     43.67245803	    116.18182115	    -42.40838823	      4.54817078	      7.22972876	    -12.89947606	      4.66635235	     76.55363347	    110.54244424	    -20.97444819	      0.68475885
1760625430.66700006	      2.24381985	     -0.24875049	      2.07186297	     -0.03909935	      0.98850714	     -0.02117141	     80.00000000	     -7.00000000	      0.00000000	     80.00000000	      1.39626340	      0.00000000	      0.00000000	      0.00000000	     80.00000000	     -7.00000000	      0.00000000	     80.00000000	      1.39626340	      0.00000000	      0.00000000	      0.00000000	     -2.22203185	     -2.29525532	      3.67362460	      7.37097740	    -25.12708929	      1.45656587	     45.28014314	    117.23564664	    -42.44264932	      5.09595328	      7.33215226	    -12.74721307	      5.17629135	     76.39053791	    110.79062765	    -22.30974004	      0.12107204
1760625430.70000005	      2.19415270	     -0.25682962	      2.03030224	     -0.03786639	      0.99128909	     -0.02159451	     80.00000000	     -7.00000000	      0.00000000	     80.00000000	      1.39626340	      0.00000000	      0.00000000	      0.00000000	     80.00000000	     -7.00000000	      0.00000000	     80.00000000	      1.39626340	      0.00000000	      0.00000000	      0.00000000	     -2.52206755	     -2.21252085	      3.71019571	      6.81724185	    -24.77981935	      1.15933041	     45.48545829	    117.11696443	    -42.70186636	      4.91393776	      6.83266547	    -13.01905683	      5.86591587	     75.08575928	    111.09697317	    -23.02422433	      0.04456497
1760625430.73399997	      2.13888421	     -0.26048875	      2.02106307	     -0.03851852	      0.99359007	     -0.02060987	     80.00000000	     -7.00000000	      0.00000000	     80.00000000	      1.39626340	      0.00000000	      0.00000000	      0.00000000	     80.00000000	     -7.00000000	      0.00000000	     80.00000000	      1.39626340	      0.00000000	      0.00000000	      0.00000000	     -2.70986306	     -2.08476443	      3.80072118	      6.36365936	    -24.53665417	      1.64048549	     44.49707865	    116.15671607	    -42.64331709	      4.28315705	      6.25030323	    -13.56317249	      6.36154862	     73.51256257	    110.71815938	    -22.25476987	      0.57551680
1760625430.76699996	      2.11658156	     -0.25527709	      2.02298520	     -0.03562453	      0.99601288	     -0.01951332	     80.00000000	     -7.00000000	      0.00000000	     80.00000000	      1.39626340	      0.00000000	      0.00000000	      0.00000000	     80.00000000	     -7.00000000	      0.00000000	     80.00000000	      1.39626340	      0.00000000	      0.00000000	      0.00000000	     -3.03267790	     -1.71387623	      3.72784390	      6.10988593	    -24.51284028	      2.65435147	     42.64319855	    115.27921888	    -42.28319245	      3.64905913	      5.52440404	    -13.85793194	      6.38295652	     71.65159277	    110.11160655	    -20.58216535	      1.28119824
1760625430.80100012	      2.14393149	     -0.25617062	      2.03088718	     -0.03122948	      0.99754612	     -0.01923765	     80.00000000	     -7.00000000	      0.00000000	     80.00000000	      1.39626340	      0.00000000	      0.00000000	      0.00000000	     80.00000000	     -7.00000000	      0.00000000	     80.00000000	      1.39626340	      0.00000000	      0.00000000	      0.00000000	     -3.69913348	     -1.29204469	      3.71817533	      6.00804620	    -24.29606782	      4.52188701	     38.90090611	    114.15114562	    -41.43005088	      2.78192095	      4.93969712	    -14.29884112	      6.37191847	     67.88567414	    109.80932802	    -18.05682617	      1.82656973
1760625430.83400011	      2.12842520	     -0.26032179	      2.05248120	     -0.02742856	      0.99735272	     -0.01899508	     80.00000000	     -7.00000000	      0.00000000	     80.00000000	      1.39626340	      0.00000000	      0.00000000	      0.00000000	     80.00000000	     -7.00000000	      0.00000000	     80.00000000	      1.39626340	      0.00000000	      0.00000000	      0.00000000	     -3.96955665	     -0.97297868	      3.84924396	      5.80018859	    -23.86498168	      6.28011367	     35.31613428	    113.18757666	    -40.50343914	      2.18078527	      4.46892495	    -14.37921363	      7.13982195	     64.18922221	    110.06201269	    -16.30785267	      2.53481135
1760625430.86800003	      2.09846858	     -0.26802532	      2.06775741	     -0.02424109	      0.99136223	     -0.01700040	     80.00000000	     -7.00000000	      0.00000000	     80.00000000	      1.39626340	      0.00000000	      0.00000000	      0.00000000	     80.00000000	     -7.00000000	      0.00000000	     80.00000000	      1.39626340	      0.00000000	      0.00000000	      0.00000000	     -3.88902791	     -1.18542550	      4.21230613	      5.19669083	    -22.75692549	      8.19378674	     31.28964853	    112.00399468	    -39.12068664	      1.60289817	      3.79771250	    -14.72250483	      8.84668155	     59.26083460	    109.95121284	    -14.58069951	      3.29670140
1760625430.90100002	      2.13041106	     -0.27716084	      2.10249717	     -0.02209386	      0.98686652	     -0.01433383	     80.00000000	     -7.00000000	      0.00000000	     80.00000000	      1.39626340	      0.00000000	      0.00000000	      0.00000000	     80.00000000	     -7.00000000	      0.00000000	     80.00000000	      1.39626340	      0.00000000	      0.00000000	      0.00000000	     -4.31418332	     -1.09192873	      4.05008163	      5.11825765	    -21.16881158	     11.23390401	     26.80714643	    111.81815911	    -33.46484952	      2.90543233	      3.79562953	    -14.45962497	     10.57950562	     53.01983933	    111.55321388	    -10.57742633	      7.56906740
1760625430.96799994	      2.13939950	     -0.29318135	      2.07815084	     -0.02834588	      0.96990305	     -0.00764732	     80.00000000	     -7.00000000	      0.00000000	     80.00000000	      1.39626340	      0.00000000	      0.00000000	      0.00000000	     80.00000000	     -7.00000000	      0.00000000	     80.00000000	      1.39626340	      0.00000000	      0.00000000	      0.00000000	     -4.36240081	     -1.36272853	      3.52411206	      4.39931161	    -18.39285945	     15.37739569	     22.16687041	    112.68081911	    -25.47511659	      4.34294937	      2.84345408	    -13.92002219	     13.81232171	     43.58823370	    108.18751857	    -18.55040269	      0.08355887
1760625431.00099993	      1.82040302	     -0.25962635	      2.09227744	     -0.02804725	      0.96355410	     -0.00660594	     80.00000000	     -7.00000000	      0.00000000	     80.00000000	      1.39626340	      0.00000000	      0.00000000	      0.00000000	     80.00000000	     -7.00000000	      0.00000000	     80.00000000	      1.39626340	      0.00000000	      0.00000000	      0.00000000	     -4.56634970	     -1.43573195	      2.89944066	      5.51458832	    -18.02531513	     19.08031292	     20.02314440	    108.32832763	    -32.39954429	      1.17955007	      1.53845585	    -13.85481251	     12.14991865	     46.01989885	    110.29215727	    -19.35245117	      2.79683448
1760625431.03500009	      2.74700668	     -0.14899411	      2.19928536	     -0.02807950	      0.96119804	     -0.00557492	     80.00000000	     -7.00000000	      0.00000000	     80.00000000	      1.39626340	      0.00000000	      0.00000000	      0.00000000	     80.00000000	     -7.00000000	      0.00000000	     80.00000000	      1.39626340	      0.00000000	      0.00000000	      0.00000000	     -5.13919064	     -1.51167559	      3.25307981	      5.03462866	    -18.77794108	     17.52419586	     21.46587177	    109.08466304	    -28.26237386	      2.86550814	      1.74220992	    -13.61091696	     10.18637900	     47.12831377	    111.21083402	    -16.70125056	      5.09376127
1760625431.06900001	      2.01893249	     -0.26362754	      2.14909900	     -0.02921624	      0.95844306	     -0.00550130	     80.00000000	     -7.00000000	      0.00000000	     80.00000000	      1.39626340	      0.00000000	      0.00000000	      0.00000000	     80.00000000	     -7.00000000	      0.00000000	     80.00000000	      1.39626340	      0.00000000	      0.00000000	      0.00000000	     -4.54869069	     -1.50695588	      3.42086123	      5.67329578	    -19.04202066	     15.23617965	     22.45358011	    109.29545416	    -28.26486006	      2.96416233	      1.59606312	    -13.21835483	      8.03307707	     49.96607643	    111.74373531	    -16.23974977	      5.64759376
1760625431.10200000	      2.11628175	     -0.24294415	      2.16766881	     -0.03154853	      0.95883534	     -0.00517420	     80.00000000	     -7.00000000	      0.00000000	     80.00000000	      1.39626340	      0.00000000	      0.00000000	      0.00000000	     80.00000000	     -7.00000000	      0.00000000	     80.00000000	      1.39626340	      0.00000000	      0.00000000	      0.00000000	     -4.52542135	     -1.88339125	      3.47397703	      6.05910170	    -19.23120048	     14.37918500	     23.27871881	    109.01264451	    -29.69006005	      2.90391571	      1.23984393	    -13.67223148	      7.65992527	     52.92045772	    111.72372027	    -17.01936179	      6.07196686
1760625431.13499999	      2.33362608	     -0.19816421	      2.15990429	     -0.03380561	      0.96053745	     -0.00563528	     80.00000000	     -7.00000000	      0.00000000	     80.00000000	      1.39626340	      0.00000000	      0.00000000	      0.00000000	     80.00000000	     -7.00000000	      0.00000000	     80.00000000	      1.39626340	      0.00000000	      0.00000000	      0.00000000	     -4.28225621	     -2.30998485	      3.67755299	      6.00705991	    -19.92115817	     12.83335820	     24.81719684	    109.57720813	    -30.82645079	      3.18704073	      1.03459495	    -13.97052490	      8.39919768	     55.41076022	    110.35816824	    -18.41924674	      6.09120127
1760625431.16899991	      2.39215704	     -0.17102152	      2.14710029	     -0.03869953	      0.96060236	     -0.00635614	     80.00000000	     -7.00000000	      0.00000000	     80.00000000	      1.39626340	      0.00000000	      0.00000000	      0.00000000	     80.00000000	     -7.00000000	      0.00000000	     80.00000000	      1.39626340	      0.00000000	      0.00000000	      0.00000000	     -3.68991102	     -2.71558661	      3.71386685	      6.94248629	    -20.84140610	     12.40660495	     25.55358000	    108.01470800	    -32.99407585	      2.33537893	      0.97927648	    -14.05263775	      7.59194261	     59.03394617	    109.27414887	    -19.33977423	      5.79607458
1760625431.20199990	      2.25567531	     -0.20437526	      2.12205612	     -0.04198556	      0.96002715	     -0.00699172	     80.00000000	     -7.00000000	      0.00000000	     80.00000000	      1.39626340	      0.00000000	      0.00000000	      0.00000000	     80.00000000	     -7.00000000	      0.00000000	     80.00000000	      1.39626340	      0.00000000	      0.00000000	      0.00000000	     -2.76107198	     -2.84265585	      3.38754778	      7.40202528	    -21.49748457	     12.49815755	     26.35219030	    106.82348176	    -34.76369642	      1.69315440	      0.68585427	    -13.90720981	      5.73845880	     62.16823576	    109.92434429	    -19.17529051	      5.99136971
1760625431.23600006	      2.34748570	     -0.22054370	      2.18209119	     -0.04221530	      0.96325238	     -0.00938257	     80.00000000	     -7.00000000	      0.00000000	     80.00000000	      1.39626340	      0.00000000	      0.00000000	      0.00000000	     80.00000000	     -7.00000000	      0.00000000	     80.00000000	      1.39626340	      0.00000000	      0.00000000	      0.00000000	     -2.44307670	     -2.73529195	      3.01615487	      7.88713596	    -22.53892718	     11.55341255	     28.21832011	    107.37124926	    -36.19206890	      1.91389771	      0.82144356	    -13.64348763	      4.95676986	     65.51229415	    110.29640519	    -19.69099699	      6.34926011
1760625431.26900005	      2.39472091	     -0.20765985	      2.14218010	     -0.04322331	      0.96821040	     -0.01270566	     80.00000000	     -7.00000000	      0.00000000	     80.00000000	      1.39626340	      0.00000000	      0.00000000	      0.00000000	     80.00000000	     -7.00000000	      0.00000000	     80.00000000	      1.39626340	      0.00000000	      0.00000000	      0.00000000	     -1.94185031	     -2.78531096	      3.22186946	      8.38179324	    -23.82651766	      9.67891309	     31.07373312	    108.54046667	    -38.01983098	      2.54779580	      0.91811187	    -13.30613134	      5.14797330	     70.02697660	    110.27391178	    -20.49736236	      7.08808071
1760625431.30299997	      2.29103246	     -0.21099714	      2.11109868	     -0.04117330	      0.97230004	     -0.01532803	     80.00000000	     -7.00000000	      0.00000000	     80.00000000	      1.39626340	      0.00000000	      0.00000000	      0.00000000	     80.00000000	     -7.00000000	      0.00000000	     80.00000000	      1.39626340	      0.00000000	      0.00000000	      0.00000000	     -2.15514597	     -2.75138797	      3.11687056	      9.40328092	    -24.46970234	      8.12252286	     33.78302315	    110.19337931	    -39.19634505	      3.66611873	      1.59734622	    -12.87390496	      4.73825019	     73.77468571	    110.35014531	    -20.10326326	      8.42450726
1760625431.33599997	      2.25127722	     -0.21850632	      2.11011612	     -0.03984928	      0.97502586	     -0.01756053	     80.00000000	     -7.00000000	      0.00000000	     80.00000000	      1.39626340	      0.00000000	      0.00000000	      0.00000000	     80.00000000	     -7.00000000	      0.00000000	     80.00000000	      1.39626340	      0.00000000	      0.00000000	      0.00000000	     -2.05866783	     -2.74717672	      3.17297320	      9.48521534	    -24.82514940	      6.00848311	     37.26634776	    111.91493269	    -39.81685867	      5.05564952	      1.81266420	    -12.62186249	      4.29343701	     77.36541966	    110.50529974	    -19.00199863	      9.95870777
1760625431.36899996	      2.34852908	     -0.22651207	      2.13343973	     -0.03638369	      0.97664706	     -0.01888098	     80.00000000	     -7.00000000	      0.00000000	     80.00000000	      1.39626340	      0.00000000	      0.00000000	      0.00000000	     80.00000000	     -7.00000000	      0.00000000	     80.00000000	      1.39626340	      0.00000000	      0.00000000	      0.00000000	     -2.33349736	     -2.76446810	      2.65466489	      9.23303983	    -24.28459935	      2.77481659	     43.37345413	    115.28067563	    -39.75213510	      7.78849014	      2.07636700	    -12.20923416	      2.72464091	     82.04396624	    111.84137970	    -16.70486502	     12.62403727
1760625431.40300012	      2.31937483	     -0.22609328	      2.09847807	     -0.03126689	      0.98168564	     -0.02091985	     80.00000000	     -7.00000000	      0.00000000	     80.00000000	      1.39626340	      0.00000000	      0.00000000	      0.00000000	     80.00000000	     -7.00000000	      0.00000000	     80.00000000	      1.39626340	      0.00000000	      0.00000000	      0.00000000	     -2.59170430	     -2.68156209	      2.41950058	      8.62591148	    -23.21077762	     -0.34541219	     49.11673464	    119.12975534	    -38.97598367	     10.77530615	      2.35217143	    -11.97927206	      1.87487114	     85.34100397	    112.57873705	    -15.30424982	     14.34088409
1760625431.43600011	      2.30002980	     -0.22026074	      2.08491611	     -0.02886954	      0.98040203	     -0.02000537	     80.00000000	     -7.00000000	      0.00000000	     80.00000000	      1.39626340	      0.00000000	      0.00000000	      0.00000000	     80.00000000	     -7.00000000	      0.00000000	     80.00000000	      1.39626340	      0.00000000	      0.00000000	      0.00000000	     -2.43827274	     -2.68510845	      2.21291407	      7.41865602	    -21.46096727	     -3.21207357	     54.94590126	    123.64590625	    -37.87882753	     14.04965025	      1.86752801	    -11.70856054	      1.43978991	     87.57969484	    112.94273040	    -14.92338286	     14.68711415
1760625431.47000003	      2.29865263	     -0.21489822	      2.09507050	     -0.02807350	      0.98529804	     -0.01937103	     80.00000000	     -7.00000000	      0.00000000	     80.00000000	      1.39626340	      0.00000000	      0.00000000	      0.00000000	     80.00000000	     -7.00000000	      0.00000000	     80.00000000	      1.39626340	      0.00000000	      0.00000000	      0.00000000	     -2.30551516	     -2.81485200	      2.34829827	      5.41976050	    -18.08279585	     -7.33123922	     63.48843736	    131.52390190	    -35.14599942	     19.61681913	      1.05085941	    -11.51579416	      1.19750444	     90.45019165	    113.41065176	    -14.69752971	     14.62666188
1760625431.50300002	      2.30053379	     -0.21831554	      2.10418341	     -0.02650251	      0.98346533	     -0.01758104	     80.00000000	     -7.00000000	      0.00000000	     80.00000000	      1.39626340	      0.00000000	      0.00000000	      0.00000000	     80.00000000	     -7.00000000	      0.00000000	     80.00000000	      1.39626340	      0.00000000	      0.00000000	      0.00000000	     -2.31624691	     -2.71575505	      2.29378369	      4.07709632	    -15.34472132	     -9.49622440	     69.51831225	    136.88046572	    -32.33033542	     23.40935565	      0.56602405	    -11.21637726	      0.68014866	     91.73306773	    113.64327398	    -14.38288248	     14.15553453
1760625431.53699994	      2.28820786	     -0.22489233	      2.12473485	     -0.02374880	      0.98383013	     -0.01558668	     80.00000000	     -7.00000000	      0.00000000	     80.00000000	      1.39626340	      0.00000000	      0.00000000	      0.00000000	     80.00000000	     -7.00000000	      0.00000000	     80.00000000	      1.39626340	      0.00000000	      0.00000000	      0.00000000	     -2.32171677	     -2.64670064	      2.35649459	      2.89186598	    -12.64691935	    -11.01313768	     74.89564902	    141.40068160	    -28.76502831	     26.76030813	      0.16103153	    -10.96292827	      0.37862264	     92.58711723	    113.59795096	    -14.04476282	     13.72140009
1760625431.56999993	      2.31054779	     -0.22965383	      2.15920819	     -0.02161670	      0.98293122	     -0.01321092	     80.00000000	     -7.00000000	      0.00000000	     80.00000000	      1.39626340	      0.00000000	      0.00000000	      0.00000000	     80.00000000	     -7.00000000	      0.00000000	     80.00000000	      1.39626340	      0.00000000	      0.00000000	      0.00000000	     -2.59993589	     -2.13636897	      2.35232500	      1.83549655	    -10.47926911	    -11.92518086	     79.77363606	    145.59675132	    -24.95430460	     29.59422409	     -0.13336516	     -9.98993963	      0.35543435	     93.21505766	    113.82302744	    -13.82683992	     13.55387421
1760625431.60299993	      2.31886429	     -0.24790145	      2.18580009	     -0.02073564	      0.98276862	     -0.01281051	     80.00000000	     -7.00000000	      0.00000000	     80.00000000	      1.39626340	      0.00000000	      0.00000000	      0.00000000	     80.00000000	     -7.00000000	      0.00000000	     80.00000000	      1.39626340	      0.00000000	      0.00000000	      0.00000000	     -2.84113626	     -1.88155407	      2.36799831	      1.37098953	     -9.38184768	    -12.23294067	     81.95122913	    147.78341614	    -23.09822285	     30.78868374	     -0.20086125	     -9.53304630	      0.60948315	     93.12961992	    113.89258508	    -13.95460325	     13.41266476
1760625431.63700008	      2.31089154	     -0.26577031	      2.19156954	     -0.02079289	      0.98329507	     -0.01215847	     80.00000000	     -7.00000000	      0.00000000	     80.00000000	      1.39626340	      0.00000000	      0.00000000	      0.00000000	     80.00000000	     -7.00000000	      0.00000000	     80.00000000	      1.39626340	      0.00000000	      0.00000000	      0.00000000	     -2.94351616	     -1.65878891	      2.59276504	      0.96405160	     -9.02683518	    -12.50235566	     82.75471366	    148.56814111	    -22.47654742	     30.93063168	     -0.30456342	     -9.10241235	      1.07114545	     93.10337432	    114.57084625	    -13.50860966	     14.25890908
1760625431.67000008	      2.34798646	     -0.27604995	      2.19517822	     -0.02085960	      0.98397793	     -0.01233480	     80.00000000	     -7.00000000	      0.00000000	     80.00000000	      1.39626340	      0.00000000	      0.00000000	      0.00000000	     80.00000000	     -7.00000000	      0.00000000	     80.00000000	      1.39626340	      0.00000000	      0.00000000	      0.00000000	     -3.05925566	     -1.66885640	      2.83553057	      0.80846409	     -9.29280028	    -12.48781509	     81.69803752	    147.36190974	    -23.47080994	     29.53712046	     -0.42555957	     -8.96280847	      1.51767263	     93.10299708	    115.78073229	    -12.19244172	     16.21800023
1760625431.70400000	      2.38438554	     -0.27833593	      2.20548984	     -0.02101804	      0.98409626	     -0.01366474	     80.00000000	     -7.00000000	      0.00000000	     80.00000000	      1.39626340	      0.00000000	      0.00000000	      0.00000000	     80.00000000	     -7.00000000	      0.00000000	     80.00000000	      1.39626340	      0.00000000	      0.00000000	      0.00000000	     -3.22868209	     -1.55210548	      2.93340454	      0.89041835	     -9.60961318	    -12.34801076	     80.87656662	    146.67456768	    -23.79787588	     28.88288261	     -0.48506524	     -8.82867245	      1.83580401	     92.83805068	    115.80755569	    -11.59502275	     16.87301690
1760625431.73699999	      2.37708941	     -0.27915581	      2.20098569	     -0.01986200	      0.98434676	     -0.01449143	     80.00000000	     -7.00000000	      0.00000000	     80.00000000	      1.39626340	      0.00000000	      0.00000000	      0.00000000	     80.00000000	     -7.00000000	      0.00000000	     80.00000000	      1.39626340	      0.00000000	      0.00000000	      0.00000000	     -3.24944969	     -1.44879384	      2.99894016	      0.71960647	     -9.69451758	    -12.32274107	     80.69073624	    146.87583396	    -23.52626846	     28.85860227	     -0.71421297	     -8.86822879	      2.01474131	     92.57126807	    115.34736741	    -11.26141512	     16.92327063
1760625431.77099991	      2.38112418	     -0.27264322	      2.18499952	     -0.01870769	      0.98446007	     -0.01465370	     80.00000000	     -7.00000000	      0.00000000	     80.00000000	      1.39626340	      0.00000000	      0.00000000	      0.00000000	     80.00000000	     -7.00000000	      0.00000000	     80.00000000	      1.39626340	      0.00000000	      0.00000000	      0.00000000	     -3.21779523	     -1.38345970	      3.15154804	      0.30039090	     -9.56134086	    -12.52067762	     80.77767920	    147.41415113	    -23.28456560	     28.87259205	     -1.00462887	     -8.99268638	      2.11400282	     92.36083836	    115.32725073	    -11.02485666	     16.75540840
1760625431.80399990	      2.40318328	     -0.26866532	      2.17837908	     -0.01748946	      0.98448047	     -0.01477753	     80.00000000	     -7.00000000	      0.00000000	     80.00000000	      1.39626340	      0.00000000	      0.00000000	      0.00000000	     80.00000000	     -7.00000000	      0.00000000	     80.00000000	      1.39626340	      0.00000000	      0.00000000	      0.00000000	     -3.36029636	     -1.37008488	      3.15806522	      0.15303094	     -9.42387033	    -12.68345686	     80.70713356	    147.45079263	    -23.28646189	     28.67640166	     -0.95135766	     -9.05615225	      2.02494349	     92.14535756	    115.33113588	    -10.94477064	     16.50774211
1760625431.83800006	      2.39506958	     -0.26672561	      2.17845729	     -0.01786989	      0.98462034	     -0.01413693	     80.00000000	     -7.00000000	      0.00000000	     80.00000000	      1.39626340	      0.00000000	      0.00000000	      0.00000000	     80.00000000	     -7.00000000	      0.00000000	     80.00000000	      1.39626340	      0.00000000	      0.00000000	      0.00000000	     -3.35850231	     -1.35095500	      3.26134879	     -0.02028838	     -9.40813809	    -12.97583548	     80.33897816	    147.00707634	    -23.43889780	     28.27750483	     -0.99199043	     -9.02742032	      2.02148971	     91.95967291	    115.35417341	    -10.90799274	     16.33627599
1760625431.90499997	      2.41660800	     -0.25361664	      2.16880636	     -0.02286699	      0.98491117	     -0.01418929	     80.00000000	     -7.00000000	      0.00000000	     80.00000000	      1.39626340	      0.00000000	      0.00000000	      0.00000000	     80.00000000	     -7.00000000	      0.00000000	     80.00000000	      1.39626340	      0.00000000	      0.00000000	      0.00000000	     -3.38300068	     -1.24340848	      3.49094395	     -0.19510378	     -9.29824299	    -13.75081196	     79.78127441	    147.11373617	    -23.33540579	     28.31900025	     -1.13729140	     -8.74360203	      1.93566869	     91.88786028	    115.66315501	    -10.92571801	     16.21265137
1760625431.93799996	      2.43163825	     -0.25232914	      2.16736677	     -0.02438484	      0.98481100	     -0.01450561	     80.00000000	     -7.00000000	      0.00000000	     80.00000000	      1.39626340	      0.00000000	      0.00000000	      0.00000000	     80.00000000	     -7.00000000	      0.00000000	     80.00000000	      1.39626340	      0.00000000	      0.00000000	      0.00000000	     -3.35113007	     -1.33515128	      3.56710478	     -0.22704501	     -9.20277241	    -13.96096012	     79.37564079	    147.08378743	    -23.39587900	     28.39683120	     -1.21940210	     -8.78773107	      1.82195465	     92.00659181	    116.09596990	    -10.80489395	     16.39946403
1760625431.97099996	      2.43302721	     -0.25915850	      2.16713505	     -0.02616202	      0.98483741	     -0.01436053	     80.00000000	     -7.00000000	      0.00000000	     80.00000000	      1.39626340	      0.00000000	      0.00000000	      0.00000000	     80.00000000	     -7.00000000	      0.00000000	     80.00000000	      1.39626340	      0.00000000	      0.00000000	      0.00000000	     -3.33326837	     -1.32667501	      3.42659962	     -0.10336588	     -9.45990609	    -13.94318114	     78.57328361	    147.01842073	    -23.40844783	     28.64906225	     -1.24568271	     -8.81102551	      1.48687634	     92.08651801	    116.69037908	    -10.66019842	     16.55839666
1760625432.00500011	      2.43885584	     -0.27280217	      2.17339479	     -0.02724687	      0.98536846	     -0.01465398	     80.00000000	     -7.00000000	      0.00000000	     80.00000000	      1.39626340	      0.00000000	      0.00000000	      0.00000000	     80.00000000	     -7.00000000	      0.00000000	     80.00000000	      1.39626340	      0.00000000	      0.00000000	      0.00000000	     -3.32384152	     -1.28235978	      3.32187792	     -0.00164501	     -9.82875828	    -13.89013410	     77.82023982	    146.86211897	    -23.52771903	     28.79616036	     -1.26936560	     -8.83049626	      1.37215456	     92.05235717	    116.73669400	    -10.54799917	     16.63280729
1760625432.03800011	      2.42504865	     -0.27732638	      2.17049684	     -0.02771383	      0.98611412	     -0.01497197	     80.00000000	     -7.00000000	      0.00000000	     80.00000000	      1.39626340	      0.00000000	      0.00000000	      0.00000000	     80.00000000	     -7.00000000	      0.00000000	     80.00000000	      1.39626340	      0.00000000	      0.00000000	      0.00000000	     -3.29427771	     -1.31980165	      3.29195101	      0.09903488	    -10.25131579	    -13.83702876	     76.86889917	    146.28119628	    -23.83220085	     28.69990436	     -1.29530959	     -8.96254592	      1.36351615	     92.00301699	    116.72781163	    -10.45462917	     16.69181675
1760625432.07200003	      2.41835830	     -0.29005074	      2.16139046	     -0.02718745	      0.98700246	     -0.01633121	     80.00000000	     -7.00000000	      0.00000000	     80.00000000	      1.39626340	      0.00000000	      0.00000000	      0.00000000	     80.00000000	     -7.00000000	      0.00000000	     80.00000000	      1.39626340	      0.00000000	      0.00000000	      0.00000000	     -3.25042604	     -1.34225813	      3.23446467	      0.18915354	    -10.77302361	    -13.80146824	     75.82910541	    145.57306458	    -23.98078146	     28.65870977	     -1.33058887	     -9.14742816	      1.25069558	     91.97094775	    116.90997359	    -10.27011899	     16.81131968
1760625432.10500002	      2.40761499	     -0.30436364	      2.15137240	     -0.02605103	      0.98710322	     -0.01710711	     80.00000000	     -7.00000000	      0.00000000	     80.00000000	      1.39626340	      0.00000000	      0.00000000	      0.00000000	     80.00000000	     -7.00000000	      0.00000000	     80.00000000	      1.39626340	      0.00000000	      0.00000000	      0.00000000	     -3.22411361	     -1.27375390	      3.17407138	      0.24036832	    -11.18312667	    -13.79547072	     75.24564840	    145.28498305	    -24.00544091	     28.71009867	     -1.34475336	     -9.23948237	      1.12776469	     91.85449430	    116.90512011	    -10.18844931	     16.76378650
1760625432.13899994	      2.41031476	     -0.31436402	      2.15772931	     -0.02574899	      0.98740349	     -0.01789062	     80.00000000	     -7.00000000	      0.00000000	     80.00000000	      1.39626340	      0.00000000	      0.00000000	      0.00000000	     80.00000000	     -7.00000000	      0.00000000	     80.00000000	      1.39626340	      0.00000000	      0.00000000	      0.00000000	     -3.12581362	     -1.24182260	      3.19748276	      0.23796430	    -11.58561112	    -13.84853462	     74.54721862	    144.80309967	    -23.93659883	     28.70850035	     -1.48229159	     -9.35560186	      1.11938270	     91.71767367	    116.90252640	    -10.07630512	     16.82474690
1760625432.17199993	      2.40991765	     -0.31149539	      2.15687927	     -0.02704067	      0.98741870	     -0.01853987	     80.00000000	     -7.00000000	      0.00000000	     80.00000000	      1.39626340	      0.00000000	      0.00000000	      0.00000000	     80.00000000	     -7.00000000	      0.00000000	     80.00000000	      1.39626340	      0.00000000	      0.00000000	      0.00000000	     -3.13221337	     -1.16398792	      3.14194860	      0.36033288	    -11.99401517	    -13.73998388	     73.94764340	    144.44730734	    -23.86982144	     28.70211537	     -1.50931216	     -9.37548055	      1.00540163	     91.56551093	    116.96670712	    -10.01415969	     16.81877347
1760625432.20600009	      2.37831723	     -0.30899109	      2.15825647	     -0.02536035	      0.98703172	     -0.01913575	     80.00000000	     -7.00000000	      0.00000000	     80.00000000	      1.39626340	      0.00000000	      0.00000000	      0.00000000	     80.00000000	     -7.00000000	      0.00000000	     80.00000000	      1.39626340	      0.00000000	      0.00000000	      0.00000000	     -2.97730885	     -1.13247741	      3.16543976	      0.31377007	    -12.24911081	    -13.66897519	     73.39721677	    144.10970621	    -23.87820024	     28.59413719	     -1.67651880	     -9.42880964	      0.99354575	     91.42548180	    117.00416062	     -9.92259121	     16.87879653
1760625432.23900008	      2.36687823	     -0.29813560	      2.15314260	     -0.02631465	      0.98784652	     -0.01830677	     80.00000000	     -7.00000000	      0.00000000	     80.00000000	      1.39626340	      0.00000000	      0.00000000	      0.00000000	     80.00000000	     -7.00000000	      0.00000000	     80.00000000	      1.39626340	      0.00000000	      0.00000000	      0.00000000	     -2.93794700	     -1.15187301	      3.15869100	      0.31121164	    -12.49623896	    -13.57903881	     72.68158349	    143.43673318	    -24.21410265	     28.10942690	     -1.76628422	     -9.53239560	      0.97030698	     91.23287483	    116.94688535	     -9.77021653	     16.98621274
1760625432.27200007	      2.37108670	     -0.27491046	      2.15608112	     -0.02612898	      0.98851019	     -0.01651823	     80.00000000	     -7.00000000	      0.00000000	     80.00000000	      1.39626340	      0.00000000	      0.00000000	      0.00000000	     80.00000000	     -7.00000000	      0.00000000	     80.00000000	      1.39626340	      0.00000000	      0.00000000	      0.00000000	     -3.01507287	     -1.23000777	      3.09338033	      0.37162924	    -12.50415833	    -13.51340969	     72.41237170	    143.24995856	    -24.26267199	     27.95066033	     -1.74568368	     -9.68683983	      0.82149967	     91.09168843	    116.88936148	     -9.69907184	     16.92443193
1760625432.30599999	      2.36468656	     -0.25720750	      2.14641088	     -0.02603278	      0.98867277	     -0.01576232	     80.00000000	     -7.00000000	      0.00000000	     80.00000000	      1.39626340	      0.00000000	      0.00000000	      0.00000000	     80.00000000	     -7.00000000	      0.00000000	     80.00000000	      1.39626340	      0.00000000	      0.00000000	      0.00000000	     -3.04391455	     -1.22987992	      3.05572673	      0.36827287	    -12.52847624	    -13.45339532	     72.21866476	    143.11174453	    -24.23701794	     27.83346250	     -1.77565443	     -9.73615943	      0.70804523	     90.98866559	    116.85318848	     -9.65514365	     16.86806156
1760625432.33999991	      2.31390471	     -0.24059845	      2.11728632	     -0.02449652	      0.98835838	     -0.01483589	     80.00000000	     -7.00000000	      0.00000000	     80.00000000	      1.39626340	      0.00000000	      0.00000000	      0.00000000	     80.00000000	     -7.00000000	      0.00000000	     80.00000000	      1.39626340	      0.00000000	      0.00000000	      0.00000000	     -2.98487567	     -1.20400207	      3.11857576	      0.25995705	    -12.58711804	    -13.45238254	     71.95494341	    142.84664646	    -24.32614227	     27.57260535	     -1.88883287	     -9.76585353	      0.63015538	     90.97655895	    116.78449482	     -9.53630988	     16.84977571
1760625432.37299991	      2.31111284	     -0.23028238	      2.10333428	     -0.02396705	      0.98829981	     -0.01456900	     80.00000000	     -7.00000000	      0.00000000	     80.00000000	      1.39626340	      0.00000000	      0.00000000	      0.00000000	     80.00000000	     -7.00000000	      0.00000000	     80.00000000	      1.39626340	      0.00000000	      0.00000000	      0.00000000	     -3.00354310	     -1.16767594	      3.17469312	      0.21292833	    -12.57695099	    -13.46618010	     71.90769871	    142.79878400	    -24.24145110	     27.52627043	     -1.94473817	     -9.74620688	      0.60219126	     91.00303931	    116.75015657	     -9.47230339	     16.80420616
1760625432.40599990	      2.31808872	     -0.21930122	      2.10083426	     -0.02435159	      0.98827148	     -0.01449142	     80.00000000	     -7.00000000	      0.00000000	     80.00000000	      1.39626340	      0.00000000	      0.00000000	      0.00000000	     80.00000000	     -7.00000000	      0.00000000	     80.00000000	      1.39626340	      0.00000000	      0.00000000	      0.00000000	     -2.98140055	     -1.19224366	      3.24356183	      0.12275222	    -12.51017135	    -13.50527823	     71.87049722	    142.76751404	    -24.19046537	     27.45900040	     -2.00273217	     -9.77681338	      0.63635989	     90.97956780	    116.72425700	     -9.47889763	     16.73362959
1760625432.44000006	      2.29098672	     -0.20850115	      2.08830689	     -0.02467799	      0.98854132	     -0.01454233	     80.00000000	     -7.00000000	      0.00000000	     80.00000000	      1.39626340	      0.00000000	      0.00000000	      0.00000000	     80.00000000	     -7.00000000	      0.00000000	     80.00000000	      1.39626340	      0.00000000	      0.00000000	      0.00000000	     -2.98619422	     -1.22783179	      3.34819156	      0.12984287	    -12.47245498	    -13.54031009	     71.77753107	    142.73989826	    -24.14288759	     27.42039486	     -1.98912578	     -9.79216367	      0.72459580	     91.03711510	    116.68339253	     -9.42111470	     16.76063279
1760625432.47300005	      2.27463226	     -0.20197608	      2.08246807	     -0.02402055	      0.98851406	     -0.01461174	     80.00000000	     -7.00000000	      0.00000000	     80.00000000	      1.39626340	      0.00000000	      0.00000000	      0.00000000	     80.00000000	     -7.00000000	      0.00000000	     80.00000000	      1.39626340	      0.00000000	      0.00000000	      0.00000000	     -2.98255533	     -1.23802781	      3.37224096	      0.15602659	    -12.46159735	    -13.50681259	     71.72270515	    142.72946090	    -24.07268988	     27.43926249	     -1.97576797	     -9.78837423	      0.77269288	     91.02939190	    116.66990420	     -9.43565002	     16.74450652
1760625432.50699997	      2.27305493	     -0.19469743	      2.07776803	     -0.02369880	      0.98838957	     -0.01447433	     80.00000000	     -7.00000000	      0.00000000	     80.00000000	      1.39626340	      0.00000000	      0.00000000	      0.00000000	     80.00000000	     -7.00000000	      0.00000000	     80.00000000	      1.39626340	      0.00000000	      0.00000000	      0.00000000	     -3.02094948	     -1.28106154	      3.43770804	      0.20552620	    -12.45665376	    -13.52874206	     71.65423273	    142.70169142	    -24.05772697	     27.43268634	     -1.90215328	     -9.80416751	      0.91781058	     90.97388555	    116.61246818	     -9.51727625	     16.72192253
1760625432.53999996	      2.27027607	     -0.19186361	      2.06695139	     -0.02300465	      0.98835804	     -0.01446421	     80.00000000	     -7.00000000	      0.00000000	     80.00000000	      1.39626340	      0.00000000	      0.00000000	      0.00000000	     80.00000000	     -7.00000000	      0.00000000	     80.00000000	      1.39626340	      0.00000000	      0.00000000	      0.00000000	     -3.02357644	     -1.31965615	      3.44962337	      0.27631016	    -12.52259516	    -13.44886849	     71.43579906	    142.49095970	    -24.20822322	     27.32217677	     -1.85069651	     -9.79320873	      1.03379558	     90.96035535	    116.60233717	     -9.57483152	     16.79073357
1760625432.57399988	      2.27212423	     -0.18674446	      2.05099282	     -0.02484560	      0.98861346	     -0.01421050	     80.00000000	     -7.00000000	      0.00000000	     80.00000000	      1.39626340	      0.00000000	      0.00000000	      0.00000000	     80.00000000	     -7.00000000	      0.00000000	     80.00000000	      1.39626340	      0.00000000	      0.00000000	      0.00000000	     -3.08649775	     -1.38896974	      3.40230785	      0.40785345	    -12.53882761	    -13.33186575	     71.28358310	    142.34212882	    -24.31852240	     27.26219855	     -1.75233895	     -9.81215442	      1.08916385	     90.92083790	    116.59348428	     -9.66144164	     16.79114400
1760625432.60700011	      2.28445723	     -0.18554046	      2.04775910	     -0.02695516	      0.98867337	     -0.01401861	     80.00000000	     -7.00000000	      0.00000000	     80.00000000	      1.39626340	      0.00000000	      0.00000000	      0.00000000	     80.00000000	     -7.00000000	      0.00000000	     80.00000000	      1.39626340	      0.00000000	      0.00000000	      0.00000000	     -3.19796744	     -1.43724697	      3.23555696	      0.58349239	    -12.55806058	    -13.12590731	     71.17554090	    142.23631325	    -24.40474462	     27.21253588	     -1.62342493	     -9.82543878	      1.01433409	     90.88616371	    116.60533203	     -9.75301355	     16.75511769
1760625432.64000010	      2.30336725	     -0.18730978	      2.05258191	     -0.02811608	      0.98848581	     -0.01399718	     80.00000000	     -7.00000000	      0.00000000	     80.00000000	      1.39626340	      0.00000000	      0.00000000	      0.00000000	     80.00000000	     -7.00000000	      0.00000000	     80.00000000	      1.39626340	      0.00000000	      0.00000000	      0.00000000	     -3.28459674	     -1.48579950	      3.02050361	      0.72686495	    -12.58195439	    -12.86453915	     71.03227369	    142.07888905	    -24.53898277	     27.13414038	     -1.55645159	     -9.84116797	      0.90513408	     90.90489707	    116.58672479	     -9.80358657	     16.76323674
1760625432.70700002	      2.29780839	     -0.18917678	      2.05522391	     -0.02799793	      0.98802963	     -0.01389361	     80.00000000	     -7.00000000	      0.00000000	     80.00000000	      1.39626340	      0.00000000	      0.00000000	      0.00000000	     80.00000000	     -7.00000000	      0.00000000	     80.00000000	      1.39626340	      0.00000000	      0.00000000	      0.00000000	     -3.30376833	     -1.54421896	      2.79197892	      0.78764774	    -12.56348935	    -12.58472313	     70.91541975	    141.88484662	    -24.66830260	     27.03921804	     -1.51437807	     -9.87791399	      0.79546419	     90.81095537	    116.56804464	     -9.89943071	     16.68381431
1760625432.74099994	      2.26492262	     -0.18855712	      2.05365863	     -0.02295055	      0.98747876	     -0.01407605	     80.00000000	     -7.00000000	      0.00000000	     80.00000000	      1.39626340	      0.00000000	      0.00000000	      0.00000000	     80.00000000	     -7.00000000	      0.00000000	     80.00000000	      1.39626340	      0.00000000	      0.00000000	      0.00000000	     -3.23278313	     -1.53023750	      2.72691599	      0.68965186	    -12.54382083	    -12.55573904	     70.95485170	    141.86116892	    -24.68836596	     27.01404183	     -1.62693255	     -9.81101494	      0.81290160	     90.87432857	    116.61168385	     -9.92824533	     16.78307015
1760625432.77399993	      2.26552387	     -0.18781529	      2.05875845	     -0.02159217	      0.98774873	     -0.01402553	     80.00000000	     -7.00000000	      0.00000000	     80.00000000	      1.39626340	      0.00000000	      0.00000000	      0.00000000	     80.00000000	     -7.00000000	      0.00000000	     80.00000000	      1.39626340	      0.00000000	      0.00000000	      0.00000000	     -3.18573232	     -1.54875516	      2.70515692	      0.58425923	    -12.42541095	    -12.62113009	     71.07614122	    141.92741458	    -24.57593875	     27.05060204	     -1.68655297	     -9.79235239	      0.81949541	     90.83034995	    116.62688911	     -9.95020076	     16.76497473
1760625432.80800009	      2.27775577	     -0.18829471	      2.05996954	     -0.02076420	      0.98750441	     -0.01386368	     80.00000000	     -7.00000000	      0.00000000	     80.00000000	      1.39626340	      0.00000000	      0.00000000	      0.00000000	     80.00000000	     -7.00000000	      0.00000000	     80.00000000	      1.39626340	      0.00000000	      0.00000000	      0.00000000	     -3.25127080	     -1.55406852	      2.72487822	      0.55815119	    -12.32544283	    -12.70197215	     71.19449553	    141.96067375	    -24.49688977	     27.07190098	     -1.63636315	     -9.75643227	      0.83165349	     90.78948155	    116.65059488	     -9.95422081	     16.75542342
1760625432.84100008	      2.28598497	     -0.19299154	      2.05997681	     -0.02093798	      0.98760446	     -0.01373591	     80.00000000	     -7.00000000	      0.00000000	     80.00000000	      1.39626340	      0.00000000	      0.00000000	      0.00000000	     80.00000000	     -7.00000000	      0.00000000	     80.00000000	      1.39626340	      0.00000000	      0.00000000	      0.00000000	     -3.25241538	     -1.57645401	      2.73860334	      0.51840863	    -12.26453992	    -12.70443795	     71.19223774	    141.98082165	    -24.50971981	     27.06666411	     -1.62363924	     -9.71861360	      0.82749450	     90.74199388	    116.67266789	     -9.93553001	     16.78173699
1760625432.87500000	      2.27653777	     -0.18595418	      2.05762020	     -0.02151925	      0.98787190	     -0.01348194	     80.00000000	     -7.00000000	      0.00000000	     80.00000000	      1.39626340	      0.00000000	      0.00000000	      0.00000000	     80.00000000	     -7.00000000	      0.00000000	     80.00000000	      1.39626340	      0.00000000	      0.00000000	      0.00000000	     -3.26378721	     -1.62779704	      2.76369003	      0.53497668	    -12.20627587	    -12.69858411	     71.19292204	    141.96473074	    -24.45433869	     27.07480765	     -1.59994710	     -9.69963016	      0.85872494	     90.70617840	    116.69307009	     -9.96424013	     16.78511696
1760625432.90799999	      2.30174178	     -0.18665288	      2.07295358	     -0.02425331	      0.98800496	     -0.01363084	     80.00000000	     -7.00000000	      0.00000000	     80.00000000	      1.39626340	      0.00000000	      0.00000000	      0.00000000	     80.00000000	     -7.00000000	      0.00000000	     80.00000000	      1.39626340	      0.00000000	      0.00000000	      0.00000000	     -3.35025188	     -1.62874443	      2.89871223	      0.60458003	    -12.24554645	    -12.79346351	     71.09391440	    141.91797079	    -24.46467605	     27.03762011	     -1.51506627	     -9.64509051	      1.02112381	     90.66398015	    116.72237098	    -10.00222676	     16.78296390
1760625432.94199991	      2.29060671	     -0.18867190	      2.08077676	     -0.02523537	      0.98790943	     -0.01356376	     80.00000000	     -7.00000000	      0.00000000	     80.00000000	      1.39626340	      0.00000000	      0.00000000	      0.00000000	     80.00000000	     -7.00000000	      0.00000000	     80.00000000	      1.39626340	      0.00000000	      0.00000000	      0.00000000	     -3.32620255	     -1.66945513	      3.07132919	      0.58860239	    -12.24224482	    -12.91365371	     71.03131817	    141.89699392	    -24.45684259	     27.02251210	     -1.48877750	     -9.63083910	      1.21416697	     90.61615422	    116.74553679	     -9.99522579	     16.79939747
1760625432.97499990	      2.31375880	     -0.18323476	      2.09685438	     -0.02896152	      0.98777847	     -0.01309003	     80.00000000	     -7.00000000	      0.00000000	     80.00000000	      1.39626340	      0.00000000	      0.00000000	      0.00000000	     80.00000000	     -7.00000000	      0.00000000	     80.00000000	      1.39626340	      0.00000000	      0.00000000	      0.00000000	     -3.41713912	     -1.68382163	      3.08212970	      0.67611875	    -12.26535819	    -12.89701363	     70.98018617	    141.86674095	    -24.47478471	     26.99071184	     -1.39299650	     -9.59506851	      1.26185619	     90.57462005	    116.76598368	     -9.98050501	     16.78729642
1760625433.00799990	      2.31492969	     -0.17434459	      2.09401560	     -0.02954906	      0.98748092	     -0.01277586	     80.00000000	     -7.00000000	      0.00000000	     80.00000000	      1.39626340	      0.00000000	      0.00000000	      0.00000000	     80.00000000	     -7.00000000	      0.00000000	     80.00000000	      1.39626340	      0.00000000	      0.00000000	      0.00000000	     -3.40328936	     -1.70496463	      3.09225016	      0.67742589	    -12.28264244	    -12.85858827	     70.93254233	    141.87225304	    -24.48240511	     27.00837849	     -1.39949263	     -9.57555874	      1.28780546	     90.56379156	    116.75077699	     -9.95823363	     16.78354106
1760625433.04200006	      2.30723588	     -0.17120710	      2.08025665	     -0.02903420	      0.98734887	     -0.01273523	     80.00000000	     -7.00000000	      0.00000000	     80.00000000	      1.39626340	      0.00000000	      0.00000000	      0.00000000	     80.00000000	     -7.00000000	      0.00000000	     80.00000000	      1.39626340	      0.00000000	      0.00000000	      0.00000000	     -3.34884040	     -1.72384923	      3.07678885	      0.70889275	    -12.38085803	    -12.70453839	     70.66587907	    141.66965664	    -24.60494282	     26.89645286	     -1.43081961	     -9.55424545	      1.29122932	     90.52362953	    116.78658981	     -9.88702548	     16.77605726
1760625433.07500005	      2.29287483	     -0.16960378	      2.08167060	     -0.02746867	      0.98726254	     -0.01307535	     80.00000000	     -7.00000000	      0.00000000	     80.00000000	      1.39626340	      0.00000000	      0.00000000	      0.00000000	     80.00000000	     -7.00000000	      0.00000000	     80.00000000	      1.39626340	      0.00000000	      0.00000000	      0.00000000	     -3.24635518	     -1.73325371	      3.02022463	      0.65926927	    -12.43573695	    -12.57951878	     70.50737333	    141.50816129	    -24.65880557	     26.81930668	     -1.46656805	     -9.57023563	      1.31090815	     90.45884188	    116.70139135	     -9.72438189	     16.79218122
1760625433.10899997	      2.31002178	     -0.16339908	      2.08536315	     -0.02653318	      0.98715924	     -0.01365945	     80.00000000	     -7.00000000	      0.00000000	     80.00000000	      1.39626340	      0.00000000	      0.00000000	      0.00000000	     80.00000000	     -7.00000000	      0.00000000	     80.00000000	      1.39626340	      0.00000000	      0.00000000	      0.00000000	     -3.20494019	     -1.76807155	      2.99764897	      0.62669133	    -12.44924358	    -12.48253879	     70.36218624	    141.42527434	    -24.71365790	     26.80558582	     -1.50255048	     -9.60767435	      1.49694904	     90.45663284	    116.62014974	     -9.52884106	     16.88528511
1760625433.14199996	      2.31204025	     -0.16315310	      2.08728741	     -0.02579973	      0.98737900	     -0.01408876	     80.00000000	     -7.00000000	      0.00000000	     80.00000000	      1.39626340	      0.00000000	      0.00000000	      0.00000000	     80.00000000	     -7.00000000	      0.00000000	     80.00000000	      1.39626340	      0.00000000	      0.00000000	      0.00000000	     -3.10969061	     -1.78246403	      3.00212615	      0.55093421	    -12.46035622	    -12.42367015	     70.28003875	    141.37842689	    -24.73777936	     26.80368736	     -1.66145961	     -9.60083103	      1.61947645	     90.51615809	    116.66809966	     -9.50927573	     16.90490303
1760625433.17600012	      2.29354880	     -0.16519105	      2.08865890	     -0.02489487	      0.98686540	     -0.01481093	     80.00000000	     -7.00000000	      0.00000000	     80.00000000	      1.39626340	      0.00000000	      0.00000000	      0.00000000	     80.00000000	     -7.00000000	      0.00000000	     80.00000000	      1.39626340	      0.00000000	      0.00000000	      0.00000000	     -2.88758171	     -1.78766687	      3.10613173	      0.30583870	    -12.35663369	    -12.53398083	     70.40091427	    141.51693648	    -24.62758128	     26.91832127	     -1.96769808	     -9.54602688	      1.73152059	     90.65300265	    116.69308249	     -9.43310604	     16.93372622
1760625433.20900011	      2.29569649	     -0.16814713	      2.08766588	     -0.02375845	      0.98700059	     -0.01433287	     80.00000000	     -7.00000000	      0.00000000	     80.00000000	      1.39626340	      0.00000000	      0.00000000	      0.00000000	     80.00000000	     -7.00000000	      0.00000000	     80.00000000	      1.39626340	      0.00000000	      0.00000000	      0.00000000	     -2.84480337	     -1.72223760	      3.18289393	      0.22376415	    -12.37569928	    -12.68481914	     70.50801827	    141.59395649	    -24.54632028	     26.96557781	     -2.08671789	     -9.38008149	      1.73171474	     90.74263926	    116.68778037	     -9.38855055	     16.91426831
1760625433.24300003	      2.30296709	     -0.17296352	      2.08600154	     -0.02330677	      0.98711217	     -0.01438204	     80.00000000	     -7.00000000	      0.00000000	     80.00000000	      1.39626340	      0.00000000	      0.00000000	      0.00000000	     80.00000000	     -7.00000000	      0.00000000	     80.00000000	      1.39626340	      0.00000000	      0.00000000	      0.00000000	     -2.83962745	     -1.72246197	      3.25364857	      0.17076680	    -12.29671156	    -12.83875647	     70.63034283	    141.68184651	    -24.46751266	     27.02930070	     -2.12625382	     -9.31761688	      1.74923285	     90.78403905	    116.68529485	     -9.40397930	     16.90658297
1760625433.27600002	      2.29918290	     -0.18330806	      2.08580751	     -0.02218629	      0.98687762	     -0.01450551	     80.00000000	     -7.00000000	      0.00000000	     80.00000000	      1.39626340	      0.00000000	      0.00000000	      0.00000000	     80.00000000	     -7.00000000	      0.00000000	     80.00000000	      1.39626340	      0.00000000	      0.00000000	      0.00000000	     -2.81591031	     -1.67165715	      3.33062989	      0.12564446	    -12.33935622	    -12.97983791	     70.62661527	    141.66692209	    -24.49358642	     26.99572060	     -2.16473948	     -9.23253822	      1.82519523	     90.80580786	    116.66275445	     -9.44759799	     16.91461066
1760625433.30900002	      2.30657308	     -0.18803589	      2.09280836	     -0.02187975	      0.98679350	     -0.01460564	     80.00000000	     -7.00000000	      0.00000000	     80.00000000	      1.39626340	      0.00000000	      0.00000000	      0.00000000	     80.00000000	     -7.00000000	      0.00000000	     80.00000000	      1.39626340	      0.00000000	      0.00000000	      0.00000000	     -2.80861528	     -1.68999816	      3.49985620	      0.09131751	    -12.26382240	    -13.20381863	     70.68410955	    141.75963352	    -24.41627933	     27.09475992	     -2.15205436	     -9.24978222	      1.98644709	     90.79928237	    116.69991361	     -9.50548612	     16.90581199
1760625433.34299994	      2.31894281	     -0.19444785	      2.10730491	     -0.02455352	      0.98669325	     -0.01505914	     80.00000000	     -7.00000000	      0.00000000	     80.00000000	      1.39626340	      0.00000000	      0.00000000	      0.00000000	     80.00000000	     -7.00000000	      0.00000000	     80.00000000	      1.39626340	      0.00000000	      0.00000000	      0.00000000	     -2.90137241	     -1.71306203	      3.59946212	      0.17765044	    -12.15934733	    -13.31872226	     70.74247798	    141.86578193	    -24.32387359	     27.21055990	     -2.03538841	     -9.29197173	      2.08827718	     90.79784996	    116.71495782	     -9.51579913	     16.91052005
1760625433.37599993	      2.33192349	     -0.19892981	      2.11210865	     -0.02548554	      0.98643470	     -0.01476383	     80.00000000	     -7.00000000	      0.00000000	     80.00000000	      1.39626340	      0.00000000	      0.00000000	      0.00000000	     80.00000000	     -7.00000000	      0.00000000	     80.00000000	      1.39626340	      0.00000000	      0.00000000	      0.00000000	     -2.85655108	     -1.69570651	      3.75617139	      0.10640571	    -12.17871961	    -13.47956640	     70.69169700	    141.84034604	    -24.32757539	     27.20367064	     -2.04117549	     -9.34256250	      2.20403629	     90.78287246	    116.73969727	     -9.47826959	     16.91099151
1760625433.41000009	      2.33533693	     -0.20362710	      2.11548590	     -0.02498151	      0.98664144	     -0.01447907	     80.00000000	     -7.00000000	      0.00000000	     80.00000000	      1.39626340	      0.00000000	      0.00000000	      0.00000000	     80.00000000	     -7.00000000	      0.00000000	     80.00000000	      1.39626340	      0.00000000	      0.00000000	      0.00000000	     -2.78345085	     -1.68173679	      3.85016524	      0.02624994	    -12.16936961	    -13.58554071	     70.68255094	    141.84290487	    -24.30644714	     27.23006256	     -2.06573138	     -9.43470892	      2.26797668	     90.72767520	    116.72934625	     -9.51291740	     16.86005341
1760625433.44300008	      2.34101972	     -0.21101125	      2.12249698	     -0.02378816	      0.98658153	     -0.01451601	     80.00000000	     -7.00000000	      0.00000000	     80.00000000	      1.39626340	      0.00000000	      0.00000000	      0.00000000	     80.00000000	     -7.00000000	      0.00000000	     80.00000000	      1.39626340	      0.00000000	      0.00000000	      0.00000000	     -2.77368795	     -1.65676044	      3.88196984	      0.01148496	    -12.18340391	    -13.61876733	     70.65598129	    141.83161472	    -24.30860598	     27.24453217	     -2.09788264	     -9.46145548	      2.25864914	     90.75370667	    116.73506924	     -9.53543178	     16.85054826
1760625433.47700000	      2.32457027	     -0.20852350	      2.11868043	     -0.02210202	      0.98673404	     -0.01464693	     80.00000000	     -7.00000000	      0.00000000	     80.00000000	      1.39626340	      0.00000000	      0.00000000	      0.00000000	     80.00000000	     -7.00000000	      0.00000000	     80.00000000	      1.39626340	      0.00000000	      0.00000000	      0.00000000	     -2.65085125	     -1.66527361	      3.96727017	     -0.13082061	    -12.13491678	    -13.72124679	     70.65854755	    141.82132792	    -24.29853669	     27.23708637	     -2.18792107	     -9.49965980	      2.25033420	     90.78032454	    116.73144940	     -9.48100000	     16.89706993
1760625433.50999999	      2.32123449	     -0.21387607	      2.10746262	     -0.02192974	      0.98693375	     -0.01410738	     80.00000000	     -7.00000000	      0.00000000	     80.00000000	      1.39626340	      0.00000000	      0.00000000	      0.00000000	     80.00000000	     -7.00000000	      0.00000000	     80.00000000	      1.39626340	      0.00000000	      0.00000000	      0.00000000	     -2.65703915	     -1.63644334	      3.98570762	     -0.16360645	    -12.14909335	    -13.76631238	     70.66505639	    141.76801934	    -24.27394374	     27.18745533	     -2.17000184	     -9.50101535	      2.16976784	     90.74709162	    116.73832438	     -9.49017329	     16.91978328
1760625433.54399991	      2.32577287	     -0.21334142	      2.11960296	     -0.02184744	      0.98723860	     -0.01407138	     80.00000000	     -7.00000000	      0.00000000	     80.00000000	      1.39626340	      0.00000000	      0.00000000	      0.00000000	     80.00000000	     -7.00000000	      0.00000000	     80.00000000	      1.39626340	      0.00000000	      0.00000000	      0.00000000	     -2.66388804	     -1.63666864	      4.00057694	     -0.16720161	    -12.15093012	    -13.77663006	     70.65977986	    141.76431184	    -24.26628868	     27.17844104	     -2.17148123	     -9.49417870	      2.13676872	     90.74247982	    116.72592833	     -9.50242384	     16.92558855
1760625433.57699990	      2.33578705	     -0.21602779	      2.12442719	     -0.02256100	      0.98717146	     -0.01405887	     80.00000000	     -7.00000000	      0.00000000	     80.00000000	      1.39626340	      0.00000000	      0.00000000	      0.00000000	     80.00000000	     -7.00000000	      0.00000000	     80.00000000	      1.39626340	      0.00000000	      0.00000000	      0.00000000	     -2.76096731	     -1.56483559	      3.89068471	     -0.06317584	    -12.26521373	    -13.59802914	     70.57904561	    141.69849232	    -24.28554216	     27.10394810	     -2.10662510	     -9.41309295	      1.98154955	     90.74561979	    116.72171529	     -9.46063527	     16.95358475
1760625433.61100006	      2.34955736	     -0.21308327	      2.13538920	     -0.02297487	      0.98734097	     -0.01414944	     80.00000000	     -7.00000000	      0.00000000	     80.00000000	      1.39626340	      0.00000000	      0.00000000	      0.00000000	     80.00000000	     -7.00000000	      0.00000000	     80.00000000	      1.39626340	      0.00000000	      0.00000000	      0.00000000	     -2.83693636	     -1.56614951	      3.80363378	      0.01504281	    -12.30546462	    -13.42202613	     70.53461427	    141.67284471	    -24.27775548	     27.08724698	     -2.05834097	     -9.40390002	      1.85406828	     90.76687655	    116.71931855	     -9.40008869	     16.99666855
1760625433.64400005	      2.33520570	     -0.21096672	      2.13900225	     -0.02235292	      0.98780649	     -0.01448932	     80.00000000	     -7.00000000	      0.00000000	     80.00000000	      1.39626340	      0.00000000	      0.00000000	      0.00000000	     80.00000000	     -7.00000000	      0.00000000	     80.00000000	      1.39626340	      0.00000000	      0.00000000	      0.00000000	     -2.83327265	     -1.57082702	      3.80919462	      0.01565794	    -12.30857203	    -13.36861467	     70.52723064	    141.66937684	    -24.25685453	     27.10014509	     -2.03610084	     -9.40461188	      1.86995049	     90.75502358	    116.74417169	     -9.38567252	     17.03086658
1760625433.67700005	      2.31150196	     -0.21028444	      2.13563607	     -0.02174054	      0.98803736	     -0.01471162	     80.00000000	     -7.00000000	      0.00000000	     80.00000000	      1.39626340	      0.00000000	      0.00000000	      0.00000000	     80.00000000	     -7.00000000	      0.00000000	     80.00000000	      1.39626340	      0.00000000	      0.00000000	      0.00000000	     -2.89754279	     -1.57743647	      3.79300839	      0.11644664	    -12.31746044	    -13.29108096	     70.52805709	    141.66987075	    -24.23460506	     27.12437421	     -1.97149261	     -9.40762763	      1.87484042	     90.81059353	    116.73343295	     -9.35696466	     17.10379058
1760625433.71099997	      2.31713582	     -0.19681389	      2.13822796	     -0.02132656	      0.98805990	     -0.01480506	     80.00000000	     -7.00000000	      0.00000000	     80.00000000	      1.39626340	      0.00000000	      0.00000000	      0.00000000	     80.00000000	     -7.00000000	      0.00000000	     80.00000000	      1.39626340	      0.00000000	      0.00000000	      0.00000000	     -2.91298346	     -1.59621911	      3.80187040	      0.12658831	    -12.34913675	    -13.23848092	     70.53095806	    141.67060708	    -24.24471944	     27.15086972	     -1.96589225	     -9.42386545	      1.85669854	     90.80443441	    116.74237848	     -9.32020710	     17.08738571
1760625433.74399996	      2.32293825	     -0.19066684	      2.13895784	     -0.02130306	      0.98812469	     -0.01481661	     80.00000000	     -7.00000000	      0.00000000	     80.00000000	      1.39626340	      0.00000000	      0.00000000	      0.00000000	     80.00000000	     -7.00000000	      0.00000000	     80.00000000	      1.39626340	      0.00000000	      0.00000000	      0.00000000	     -2.99648205	     -1.58673834	      3.72162174	      0.24268994	    -12.40196668	    -13.09884397	     70.49727843	    141.64630045	    -24.25187769	     27.15600639	     -1.90443437	     -9.40713606	      1.78644897	     90.80757915	    116.76575164	     -9.28664400	     17.13927639
1760625433.77800012	      2.30420549	     -0.18649923	      2.13093205	     -0.02103241	      0.98825104	     -0.01449961	     80.00000000	     -7.00000000	      0.00000000	     80.00000000	      1.39626340	      0.00000000	      0.00000000	      0.00000000	     80.00000000	     -7.00000000	      0.00000000	     80.00000000	      1.39626340	      0.00000000	      0.00000000	      0.00000000	     -2.97349218	     -1.60490353	      3.73651690	      0.26386676	    -12.41930111	    -13.04409256	     70.48202145	    141.62734065	    -24.22585420	     27.18414250	     -1.89112490	     -9.43317092	      1.81420734	     90.74895707	    116.75176411	     -9.25280683	     17.15583180
1760625433.81100011	      2.30421699	     -0.17787330	      2.13191695	     -0.02250811	      0.98826287	     -0.01420009	     80.00000000	     -7.00000000	      0.00000000	     80.00000000	      1.39626340	      0.00000000	      0.00000000	      0.00000000	     80.00000000	     -7.00000000	      0.00000000	     80.00000000	      1.39626340	      0.00000000	      0.00000000	      0.00000000	     -3.05696445	     -1.63528154	      3.68951397	      0.53734033	    -12.58612004	    -12.82627048	     70.36976018	    141.58128716	    -24.21671621	     27.18304013	     -1.67167810	     -9.48148850	      1.85989137	     90.54403672	    116.75699539	     -9.21375363	     17.08569306
1760625433.84500003	      2.29527695	     -0.17050118	      2.12499038	     -0.02347002	      0.98816328	     -0.01468129	     80.00000000	     -7.00000000	      0.00000000	     80.00000000	      1.39626340	      0.00000000	      0.00000000	      0.00000000	     80.00000000	     -7.00000000	      0.00000000	     80.00000000	      1.39626340	      0.00000000	      0.00000000	      0.00000000	     -3.03680221	     -1.71940116	      3.71141031	      0.93876867	    -12.96923676	    -12.43211184	     69.99639407	    141.28855158	    -24.41073808	     27.04977642	     -1.26543560	     -9.63225430	      2.14654632	     90.23521232	    116.85025888	     -9.26281876	     16.95541696
1760625433.87800002	      2.29157454	     -0.17580738	      2.10975527	     -0.02646649	      0.98817725	     -0.01636308	     80.00000000	     -7.00000000	      0.00000000	     80.00000000	      1.39626340	      0.00000000	      0.00000000	      0.00000000	     80.00000000	     -7.00000000	      0.00000000	     80.00000000	      1.39626340	      0.00000000	      0.00000000	      0.00000000	     -2.93040343	     -1.88037228	      3.80385780	      1.73804253	    -13.83691503	    -11.50408901	     68.73809284	    140.22019183	    -25.38724066	     26.45060481	     -0.43461169	     -9.94966843	      3.02585327	     89.52638929	    116.70814923	     -9.92775541	     16.28682891
1760625433.91199994	      2.36088393	     -0.18221276	      2.13455524	     -0.03436702	      0.98806306	     -0.01953036	     80.00000000	     -7.00000000	      0.00000000	     80.00000000	      1.39626340	      0.00000000	      0.00000000	      0.00000000	     80.00000000	     -7.00000000	      0.00000000	     80.00000000	      1.39626340	      0.00000000	      0.00000000	      0.00000000	     -2.73841129	     -2.13774887	      3.94912333	      3.61846768	    -15.95180079	     -9.28294192	     65.24032823	    137.38742592	    -28.41718331	     24.70699251	      1.19444280	    -10.33236447	      4.80324394	     88.26347366	    116.52408949	    -11.74979576	     15.06778514
1760625433.94499993	      2.45945921	     -0.17947472	      2.17898721	     -0.03958746	      0.98696669	     -0.02182158	     80.00000000	     -7.00000000	      0.00000000	     80.00000000	      1.39626340	      0.00000000	      0.00000000	      0.00000000	     80.00000000	     -7.00000000	      0.00000000	     80.00000000	      1.39626340	      0.00000000	      0.00000000	      0.00000000	     -2.57850703	     -2.38067202	      3.93580544	      5.77518558	    -18.27401640	     -6.62330868	     60.71393733	    133.46512805	    -32.24815414	     21.80081878	      2.50172290	    -10.59573669	      5.72999302	     87.28555518	    116.20569031	    -13.26002073	     13.76378459
1760625433.97799993	      2.54861946	     -0.16705663	      2.23301149	     -0.04411171	      0.98541458	     -0.02449532	     80.00000000	     -7.00000000	      0.00000000	     80.00000000	      1.39626340	      0.00000000	      0.00000000	      0.00000000	     80.00000000	     -7.00000000	      0.00000000	     80.00000000	      1.39626340	      0.00000000	      0.00000000	      0.00000000	     -2.45367786	     -2.74956299	      4.13820574	      8.35066413	    -20.96335515	     -3.37306614	     54.61999905	    127.52280168	    -37.12526398	     16.92503327	      4.03138252	    -10.87472782	      6.03982102	     86.02886363	    115.60632415	    -14.44591416	     11.70457934
1760625434.01200008	      2.53057539	     -0.16093284	      2.24482833	     -0.04202449	      0.98402757	     -0.02560817	     80.00000000	     -7.00000000	      0.00000000	     80.00000000	      1.39626340	      0.00000000	      0.00000000	      0.00000000	     80.00000000	     -7.00000000	      0.00000000	     80.00000000	      1.39626340	      0.00000000	      0.00000000	      0.00000000	     -1.86647866	     -3.06234151	      4.08330642	     10.44294883	    -22.97142459	     -0.16234788	     49.24009307	    122.00838199	    -41.72255004	     11.82575412	      5.54354554	    -11.37894430	      5.62935096	     83.62642987	    114.03242324	    -16.28543945	      7.80151396
1760625434.04500008	      2.53627713	     -0.15022365	      2.24550129	     -0.03550373	      0.98407498	     -0.02492111	     80.00000000	     -7.00000000	      0.00000000	     80.00000000	      1.39626340	      0.00000000	      0.00000000	      0.00000000	     80.00000000	     -7.00000000	      0.00000000	     80.00000000	      1.39626340	      0.00000000	      0.00000000	      0.00000000	     -2.00818811	     -3.01814106	      4.07386479	     11.11526929	    -23.83927515	      0.74676208	     47.01196278	    119.30656421	    -44.61316244	      8.50780672	      6.57993161	    -11.44069447	      5.96198049	     81.40015927	    112.45969835	    -18.13842824	      4.77841500
1760625434.07900000	      2.58242461	     -0.13270426	      2.25001853	     -0.03625304	      0.98756511	     -0.02497431	     80.00000000	     -7.00000000	      0.00000000	     80.00000000	      1.39626340	      0.00000000	      0.00000000	      0.00000000	     80.00000000	     -7.00000000	      0.00000000	     80.00000000	      1.39626340	      0.00000000	      0.00000000	      0.00000000	     -2.22622545	     -2.76365119	      4.30405409	     11.28780855	    -24.78057168	      2.35434608	     43.26331818	    114.88946037	    -48.50510385	      3.64048537	      7.46323873	    -11.72203535	      7.87347132	     77.42682804	    109.89231809	    -20.75824428	      1.57148377
1760625434.11199999	      2.60302859	     -0.11640509	      2.20118671	     -0.04454173	      0.99373961	     -0.02445897	     80.00000000	     -7.00000000	      0.00000000	     80.00000000	      1.39626340	      0.00000000	      0.00000000	      0.00000000	     80.00000000	     -7.00000000	      0.00000000	     80.00000000	      1.39626340	      0.00000000	      0.00000000	      0.00000000	     -2.87396985	     -2.54501210	      4.41772361	     12.14242824	    -25.20522697	      5.38222170	     38.92381385	    110.57505091	    -50.62796425	      0.20630600	      8.17213303	    -12.14242310	      9.49430917	     73.82394667	    108.47137955	    -22.15647265	      0.00538725
1760625434.14599991	      2.61561014	     -0.11421711	      2.16023859	     -0.05148981	      0.99944039	     -0.02394266	     80.00000000	     -7.00000000	      0.00000000	     80.00000000	      1.39626340	      0.00000000	      0.00000000	      0.00000000	     80.00000000	     -7.00000000	      0.00000000	     80.00000000	      1.39626340	      0.00000000	      0.00000000	      0.00000000	     -3.18675346	     -2.15361218	      4.51086869	     12.43811743	    -25.17759304	      9.52000688	     33.91398907	    105.94018927	    -51.17632462	     -2.61071160	      8.10918987	    -12.54061003	     10.85330292	     69.69260195	    108.02558271	    -22.55119160	     -0.56876857
1760625434.17899990	      2.62589816	     -0.11358934	      2.14367896	     -0.04792397	      1.00606336	     -0.02284088	     80.00000000	     -7.00000000	      0.00000000	     80.00000000	      1.39626340	      0.00000000	      0.00000000	      0.00000000	     80.00000000	     -7.00000000	      0.00000000	     80.00000000	      1.39626340	      0.00000000	      0.00000000	      0.00000000	     -3.93684730	     -1.45358904	      4.76104682	     12.11770553	    -24.37030377	     14.62883681	     27.49988899	    101.62242780	    -48.59973143	     -4.38232564	      8.24040140	    -12.84790328	     12.59190802	     62.96900096	    108.19090064	    -20.73885874	      0.53456096
1760625434.21300006	      2.52949145	     -0.11824135	      2.14880947	     -0.04228550	      1.00626243	     -0.02003646	     80.00000000	     -7.00000000	      0.00000000	     80.00000000	      1.39626340	      0.00000000	      0.00000000	      0.00000000	     80.00000000	     -7.00000000	      0.00000000	     80.00000000	      1.39626340	      0.00000000	      0.00000000	      0.00000000	     -4.35392154	     -0.78314771	      4.92398676	     10.87576161	    -23.52710219	     16.61313407	     24.60026693	    102.25385366	    -41.91548273	     -2.33215317	      8.52667144	    -12.54189417	     13.93851107	     56.66443758	    108.32871846	    -17.10003034	      2.91550164
1760625434.24600005	      2.32804902	     -0.15095990	      2.13823869	     -0.03540282	      0.99456050	     -0.01599626	     80.00000000	     -7.00000000	      0.00000000	     80.00000000	      1.39626340	      0.00000000	      0.00000000	      0.00000000	     80.00000000	     -7.00000000	      0.00000000	     80.00000000	      1.39626340	      0.00000000	      0.00000000	      0.00000000	     -4.55197669	     -0.38869821	      4.89726410	      8.77513195	    -22.38952170	     16.05336592	     25.54748291	    107.79102573	    -28.56937012	      4.64427298	      9.04573989	    -11.95996396	     14.45509614	     50.33116304	    110.82305011	    -10.11710553	      8.48542049
1760625434.27999997	      2.21757389	     -0.17093333	      2.10041867	     -0.03596332	      0.98078832	     -0.01191373	     80.00000000	     -7.00000000	      0.00000000	     80.00000000	      1.39626340	      0.00000000	      0.00000000	      0.00000000	     80.00000000	     -7.00000000	      0.00000000	     80.00000000	      1.39626340	      0.00000000	      0.00000000	      0.00000000	     -3.26199670	     -0.34146135	      5.77086778	      5.24315605	    -20.97940905	     15.63136595	     27.10764618	    114.41478512	    -12.14567977	     10.87234210	      8.25899546	    -12.09521234	     16.63310078	     43.60317942	    116.51241063	     -4.24570215	     11.60114535
1760625434.31299996	      2.23116288	     -0.17638304	      2.07352222	     -0.03500027	      0.96487874	     -0.00951756	     80.00000000	     -7.00000000	      0.00000000	     80.00000000	      1.39626340	      0.00000000	      0.00000000	      0.00000000	     80.00000000	     -7.00000000	      0.00000000	     80.00000000	      1.39626340	      0.00000000	      0.00000000	      0.00000000	     -3.43571844	     -0.78447506	      5.60563294	      6.09402661	    -21.23231796	     22.47017470	     23.24874386	    112.49363356	    -24.14389257	      6.12502804	      6.66700088	    -13.03479842	     19.35699779	     44.20636219	    114.12560784	     -9.72594791	      7.11461999
1760625434.34699988	      2.36778491	     -0.17027730	      2.09455788	     -0.03286929	      0.95710563	     -0.00918190	     80.00000000	     -7.00000000	      0.00000000	     80.00000000	      1.39626340	      0.00000000	      0.00000000	      0.00000000	     80.00000000	     -7.00000000	      0.00000000	     80.00000000	      1.39626340	      0.00000000	      0.00000000	      0.00000000	     -3.73288152	     -1.28442737	      5.68708893	      6.81063572	    -20.88100936	     25.27184387	     22.37315290	    106.75352154	    -26.66061397	      3.58686892	      7.09221014	    -13.82856892	     20.93793627	     46.66184510	    110.12796352	     -8.82586795	      8.78340812
1760625434.38000011	      2.81970959	     -0.15339513	      2.24376147	     -0.03587626	      0.95409477	     -0.00789316	     80.00000000	     -7.00000000	      0.00000000	     80.00000000	      1.39626340	      0.00000000	      0.00000000	      0.00000000	     80.00000000	     -7.00000000	      0.00000000	     80.00000000	      1.39626340	      0.00000000	      0.00000000	      0.00000000	     -3.80329663	     -1.66078280	      6.35634139	      7.20307194	    -22.13605105	     22.38108580	     24.68271787	    103.39467668	    -33.45870481	      1.03295331	      7.59581013	    -14.25439697	     19.21032545	     51.83233124	    108.22670612	    -10.38838775	      6.61415506
1760625434.41300011	      2.18258272	     -0.18522575	      2.30518818	     -0.04091977	      0.95328127	     -0.00659393	     80.00000000	     -7.00000000	      0.00000000	     80.00000000	      1.39626340	      0.00000000	      0.00000000	      0.00000000	     80.00000000	     -7.00000000	      0.00000000	     80.00000000	      1.39626340	      0.00000000	      0.00000000	      0.00000000	     -2.84466107	     -2.00230955	      6.25809700	      7.07852061	    -23.65967860	     17.09471745	     29.54120859	    106.68432726	    -37.14434203	      1.97124287	      7.48662177	    -14.52658960	     15.01573633	     57.88685242	    109.64231634	    -11.07849495	      4.78522859
1760625434.44700003	      2.34350678	     -0.15482517	      2.45675278	     -0.04626309	      0.95703495	     -0.00620885	     80.00000000	     -7.00000000	      0.00000000	     80.00000000	      1.39626340	      0.00000000	      0.00000000	      0.00000000	     80.00000000	     -7.00000000	      0.00000000	     80.00000000	      1.39626340	      0.00000000	      0.00000000	      0.00000000	     -2.66002656	     -2.22777551	      6.15110898	      6.17226516	    -25.09719989	      8.58544933	     37.18845079	    114.53744265	    -38.47183576	      5.37675007	      8.47813332	    -14.29146411	     11.57251582	     63.20665390	    110.66741512	    -12.04094234	      2.63812187
1760625434.48000002	      2.69887552	     -0.06675183	      2.65821088	     -0.05952434	      0.95856800	     -0.00858265	     80.00000000	     -7.00000000	      0.00000000	     80.00000000	      1.39626340	      0.00000000	      0.00000000	      0.00000000	     80.00000000	     -7.00000000	      0.00000000	     80.00000000	      1.39626340	      0.00000000	      0.00000000	      0.00000000	     -2.29332327	     -2.78772700	      6.78658418	      5.38098064	    -26.12189068	      0.73045505	     44.04021067	    119.49908148	    -40.99477819	      7.15199017	     10.52535498	    -14.22380469	     12.03291459	     67.05050207	    109.23777390	    -17.39609704	     -1.89170406
1760625434.51399994	      2.55837379	     -0.05556078	      2.62161732	     -0.06470259	      0.97203589	     -0.01478060	     80.00000000	     -7.00000000	      0.00000000	     80.00000000	      1.39626340	      0.00000000	      0.00000000	      0.00000000	     80.00000000	     -7.00000000	      0.00000000	     80.00000000	      1.39626340	      0.00000000	      0.00000000	      0.00000000	     -2.17395158	     -2.49768667	      6.71151603	      7.36008687	    -27.16595025	      0.66773857	     44.55655072	    118.04280960	    -45.08017430	      5.70718303	     11.76162432	    -13.36981258	     12.95362901	     69.63991872	    107.10910431	    -21.76857217	     -4.06324928
1760625434.54699993	      2.37080248	     -0.06161782	      2.58140129	     -0.06035782	      0.98864733	     -0.02119805	     80.00000000	     -7.00000000	      0.00000000	     80.00000000	      1.39626340	      0.00000000	      0.00000000	      0.00000000	     80.00000000	     -7.00000000	      0.00000000	     80.00000000	      1.39626340	      0.00000000	      0.00000000	      0.00000000	     -3.46572714	     -1.72305919	      5.45115480	     10.98339824	    -28.38529991	      3.68273332	     43.37261132	    115.18661011	    -49.22503200	      3.45238342	     13.88210428	    -12.92206137	     13.48524204	     70.87823335	    103.86275409	    -25.01229413	     -5.32094370
1760625434.57999992	      2.42486975	     -0.04787007	      2.57892540	     -0.05651707	      0.99729571	     -0.02326544	     80.00000000	     -7.00000000	      0.00000000	     80.00000000	      1.39626340	      0.00000000	      0.00000000	      0.00000000	     80.00000000	     -7.00000000	      0.00000000	     80.00000000	      1.39626340	      0.00000000	      0.00000000	      0.00000000	     -3.66940305	     -1.59698700	      5.60228215	     11.93830390	    -28.81556503	      7.24234554	     39.74317309	    110.15911482	    -53.08191203	     -0.07506205	     13.78025950	    -13.48340629	     15.46731835	     68.82373158	    101.52391772	    -26.61974139	     -6.36121914
1760625434.61400008	      2.36817184	     -0.04948186	      2.54541254	     -0.05375961	      1.00394786	     -0.02372066	     80.00000000	     -7.00000000	      0.00000000	     80.00000000	      1.39626340	      0.00000000	      0.00000000	      0.00000000	     80.00000000	     -7.00000000	      0.00000000	     80.00000000	      1.39626340	      0.00000000	      0.00000000	      0.00000000	     -3.65290005	     -1.34132418	      5.90438230	     10.71459060	    -28.36524926	      8.75378403	     37.47249794	    108.38522726	    -53.12443569	     -1.23166270	     12.57391182	    -13.82759436	     15.11327014	     66.29109737	    102.76099134	    -24.14570838	     -4.61577921
1760625434.64700007	      2.22326076	     -0.06465036	      2.46969963	     -0.04848661	      1.00732037	     -0.02255867	     80.00000000	     -7.00000000	      0.00000000	     80.00000000	      1.39626340	      0.00000000	      0.00000000	      0.00000000	     80.00000000	     -7.00000000	      0.00000000	     80.00000000	      1.39626340	      0.00000000	      0.00000000	      0.00000000	     -4.02140628	     -0.90444727	      5.95531956	      9.10427027	    -27.70680684	     10.22447718	     34.92488086	    108.03546482	    -50.95996587	     -1.16969400	     11.63082843	    -14.46927535	     14.78488117	     62.11995984	    104.33593606	    -20.54543605	     -2.36898662
1760625434.68099999	      2.31894280	     -0.05253658	      2.52128947	     -0.03847631	      1.01052385	     -0.01935887	     80.00000000	     -7.00000000	      0.00000000	     80.00000000	      1.39626340	      0.00000000	      0.00000000	      0.00000000	     80.00000000	     -7.00000000	      0.00000000	     80.00000000	      1.39626340	      0.00000000	      0.00000000	      0.00000000	     -5.04438804	     -0.21071232	      5.68454004	      7.45657223	    -26.19239075	     13.56926985	     30.15059778	    108.47935667	    -44.07028985	      0.68233056	     11.03215865	    -14.53610424	     15.71917575	     53.85867954	    107.39864825	    -15.59546020	      1.23870799
1760625434.71499991	      2.29715893	     -0.05268532	      2.60465343	     -0.03243120	      1.00562850	     -0.01564438	     80.00000000	     -7.00000000	      0.00000000	     80.00000000	      1.39626340	      0.00000000	      0.00000000	      0.00000000	     80.00000000	     -7.00000000	      0.00000000	     80.00000000	      1.39626340	      0.00000000	      0.00000000	      0.00000000	     -5.42246073	     -0.09375743	      5.17519942	      5.66136422	    -24.16605485	     14.65076030	     29.00404294	    112.56845528	    -32.16575514	      5.98251642	     11.18905492	    -14.04541488	     16.72991377	     45.81717121	    108.63391291	     -8.54314059	      6.16584705
1760625434.74799991	      2.01934935	     -0.10608527	      2.57841435	     -0.02726622	      1.00123485	     -0.01406462	     80.00000000	     -7.00000000	      0.00000000	     80.00000000	      1.39626340	      0.00000000	      0.00000000	      0.00000000	     80.00000000	     -7.00000000	      0.00000000	     80.00000000	      1.39626340	      0.00000000	      0.00000000	      0.00000000	     -5.75654783	      0.43844920	      5.11414303	      5.07992966	    -22.55628379	     16.50142589	     27.48132131	    114.91327207	    -21.59871073	      8.84344606	     11.65309178	    -13.13114925	     18.77632527	     39.81273767	    108.80679652	    -12.59244818	      1.19106110
1760625434.78099990	      1.89964879	     -0.14820296	      2.66805013	     -0.03382067	      0.97887509	     -0.01254072	     80.00000000	     -7.00000000	      0.00000000	     80.00000000	      1.39626340	      0.00000000	      0.00000000	      0.00000000	     80.00000000	     -7.00000000	      0.00000000	     80.00000000	      1.39626340	      0.00000000	      0.00000000	      0.00000000	     -4.18170925	     -0.51578338	      6.47384462	      2.89174914	    -21.34414644	     19.76831433	     24.60042390	    108.72446564	    -32.70810342	      3.46275865	      8.97593532	    -14.12014662	     24.20101688	     42.24575653	    107.27599041	    -14.26911285	      2.10907389
1760625434.81500006	      2.95619192	     -0.01552817	      3.00255131	     -0.03117159	      0.95975529	     -0.00940163	     80.00000000	     -7.00000000	      0.00000000	     80.00000000	      1.39626340	      0.00000000	      0.00000000	      0.00000000	     80.00000000	     -7.00000000	      0.00000000	     80.00000000	      1.39626340	      0.00000000	      0.00000000	      0.00000000	     -3.58937416	     -1.44091974	      7.10069962	      1.65928035	    -21.63378205	     17.13932629	     26.33110939	    107.93587594	    -33.72430698	      3.26037878	      9.28521552	    -14.37754342	     24.38918249	     44.77494821	    106.21565292	    -14.70596917	      0.74377873
1760625434.84800005	      3.16455583	     -0.10959096	      3.28930158	     -0.03626975	      0.95251066	     -0.00903723	     80.00000000	     -7.00000000	      0.00000000	     80.00000000	      1.39626340	      0.00000000	      0.00000000	      0.00000000	     80.00000000	     -7.00000000	      0.00000000	     80.00000000	      1.39626340	      0.00000000	      0.00000000	      0.00000000	     -3.25153507	     -1.52765075	      7.00475331	      2.55608728	    -22.59877900	     14.92761469	     28.88318390	    106.28376441	    -37.58719632	      1.73624794	     10.04715661	    -13.77105828	     22.21391497	     49.39745195	    106.80260827	    -17.52643461	     -1.64584041
1760625434.88199997	      2.25010967	     -0.09503800	      3.56245791	     -0.04637192	      0.94742094	     -0.00941533	     80.00000000	     -7.00000000	      0.00000000	     80.00000000	      1.39626340	      0.00000000	      0.00000000	      0.00000000	     80.00000000	     -7.00000000	      0.00000000	     80.00000000	      1.39626340	      0.00000000	      0.00000000	      0.00000000	     -0.73984017	     -2.23204316	      6.74765182	      3.85459429	    -24.72604279	     10.44872411	     33.57098843	    110.49349660	    -41.52631119	      3.17320530	     10.53991349	    -12.88543343	     17.66509220	     56.90750199	    108.99718065	    -20.05878746	     -4.10802063
1760625434.91499996	      2.52675067	      0.00855341	      3.72161475	     -0.05744913	      0.94996627	     -0.01052529	     80.00000000	     -7.00000000	      0.00000000	     80.00000000	      1.39626340	      0.00000000	      0.00000000	      0.00000000	     80.00000000	     -7.00000000	      0.00000000	     80.00000000	      1.39626340	      0.00000000	      0.00000000	      0.00000000	     -0.20843592	     -2.48101666	      6.50936241	      4.84998229	    -26.71116089	      6.18390818	     37.95689090	    114.78918934	    -43.63624710	      4.77362232	     12.14451903	    -11.91558965	     15.96252610	     61.19910224	    108.72233245	    -22.37586361	     -5.88487288
1760625434.94899988	      3.29261397	      0.14997891	      3.88009409	     -0.06910224	      0.95348357	     -0.01367275	     80.00000000	     -7.00000000	      0.00000000	     80.00000000	      1.39626340	      0.00000000	      0.00000000	      0.00000000	     80.00000000	     -7.00000000	      0.00000000	     80.00000000	      1.39626340	      0.00000000	      0.00000000	      0.00000000	     -0.04322949	     -3.30403529	      6.64243560	      6.90224599	    -27.93783179	      4.31882430	     39.94061941	    114.56640490	    -48.16163483	      3.87669517	     13.52393803	    -11.23830234	     17.59189736	     64.71177629	    105.82105728	    -27.52133332	     -8.74798474
1760625434.98200011	      2.39232344	      0.10032699	      3.67877421	     -0.06061320	      0.96925680	     -0.01896571	     80.00000000	     -7.00000000	      0.00000000	     80.00000000	      1.39626340	      0.00000000	      0.00000000	      0.00000000	     80.00000000	     -7.00000000	      0.00000000	     80.00000000	      1.39626340	      0.00000000	      0.00000000	      0.00000000	     -1.13702888	     -2.46527316	      5.23912493	     11.02722144	    -29.30344775	      5.52057766	     40.93382109	    114.23868646	    -51.21681252	      3.21040712	     16.37963146	    -10.41944241	     17.22666291	     67.06395110	    103.08817301	    -30.28127200	     -9.55631786
1760625435.01500010	      2.29578517	      0.08635463	      3.61637886	     -0.05473514	      0.98402299	     -0.02330949	     80.00000000	     -7.00000000	      0.00000000	     80.00000000	      1.39626340	      0.00000000	      0.00000000	      0.00000000	     80.00000000	     -7.00000000	      0.00000000	     80.00000000	      1.39626340	      0.00000000	      0.00000000	      0.00000000	     -2.10940428	     -1.98242103	      4.87870109	     12.19277075	    -30.23877976	      5.51774430	     41.57152189	    113.62687594	    -53.47757709	      2.23039969	     17.60472284	    -10.78986468	     18.31820369	     67.36790952	    100.43745589	    -32.25745743	    -10.38453156
1760625435.04900002	      2.43288996	      0.08897015	      3.71749338	     -0.04756116	      0.99664862	     -0.02404819	     80.00000000	     -7.00000000	      0.00000000	     80.00000000	      1.39626340	      0.00000000	      0.00000000	      0.00000000	     80.00000000	     -7.00000000	      0.00000000	     80.00000000	      1.39626340	      0.00000000	      0.00000000	      0.00000000	     -2.70583292	     -1.39816964	      5.07928547	     11.69721221	    -30.74739067	      6.68814221	     39.62754270	    111.10769848	    -55.35125561	      0.14157565	     16.68951658	    -11.00728538	     18.73048728	     65.03630262	    100.86201743	    -31.83702214	     -9.40675866
1760625435.08200002	      2.42041555	      0.08048993	      3.72684886	     -0.04415972	      1.00336271	     -0.02348296	     80.00000000	     -7.00000000	      0.00000000	     80.00000000	      1.39626340	      0.00000000	      0.00000000	      0.00000000	     80.00000000	     -7.00000000	      0.00000000	     80.00000000	      1.39626340	      0.00000000	      0.00000000	      0.00000000	     -2.88346574	     -1.00310770	      5.60666022	     10.20226029	    -30.43129894	      7.79946967	     37.00626615	    109.32790604	    -54.68674581	     -0.84382005	     15.15292267	    -11.53950789	     18.17079158	     61.73662244	    102.93291512	    -29.51555035	     -7.80591588
1760625435.11599994	      2.08620678	      0.07336073	      3.61560787	     -0.03541238	      1.00850772	     -0.02059492	     80.00000000	     -7.00000000	      0.00000000	     80.00000000	      1.39626340	      0.00000000	      0.00000000	      0.00000000	     80.00000000	     -7.00000000	      0.00000000	     80.00000000	      1.39626340	      0.00000000	      0.00000000	      0.00000000	     -3.05125983	     -0.42796512	      5.82554150	      9.00759301	    -29.72314492	     10.00652358	     33.02345035	    107.54502133	    -52.37630740	     -1.54125012	     13.94646620	    -11.79945350	     17.86995949	     56.56695285	    105.19483561	    -26.81685628	     -5.73614602
1760625435.14899993	      1.98102857	      0.10573543	      3.63291744	     -0.02397632	      1.01376735	     -0.01805564	     80.00000000	     -7.00000000	      0.00000000	     80.00000000	      1.39626340	      0.00000000	      0.00000000	      0.00000000	     80.00000000	     -7.00000000	      0.00000000	     80.00000000	      1.39626340	      0.00000000	      0.00000000	      0.00000000	     -3.97879100	      0.22494295	      5.31623484	      7.92288053	    -27.38805597	     13.39387350	     27.01223623	    106.48500933	    -44.80476500	     -0.46551595	     12.92302936	    -11.47273379	     17.63017703	     47.44755155	    109.13009359	    -21.06723188	     -0.04220117
1760625435.18300009	      2.02168536	      0.11132765	      3.63347007	     -0.02046182	      1.01228379	     -0.01584310	     80.00000000	     -7.00000000	      0.00000000	     80.00000000	      1.39626340	      0.00000000	      0.00000000	      0.00000000	     80.00000000	     -7.00000000	      0.00000000	     80.00000000	      1.39626340	      0.00000000	      0.00000000	      0.00000000	     -4.68270552	      0.88768881	      5.21475955	      6.14610815	    -25.10814166	     13.45764969	     25.01534259	    109.42625036	    -32.67896611	      4.43053238	     12.56505087	    -10.36105253	     17.02665635	     41.15283077	    114.25027622	    -11.73958560	      9.34298380
1760625435.21600008	      1.70520289	      0.07185461	      3.55730031	     -0.02203032	      0.99206528	     -0.00951760	     80.00000000	     -7.00000000	      0.00000000	     80.00000000	      1.39626340	      0.00000000	      0.00000000	      0.00000000	     80.00000000	     -7.00000000	      0.00000000	     80.00000000	      1.39626340	      0.00000000	      0.00000000	      0.00000000	     -4.21833611	     -0.02063061	      5.55962994	      4.38826844	    -21.44686195	     13.36490811	     23.27823717	    112.28836773	    -20.82269958	      7.52675913	     11.00133567	    -10.88706263	     19.16837082	     36.33766210	    110.67940190	    -21.40207920	     -1.86046077
1760625435.25000000	      1.18805671	     -0.01378171	      3.46859602	     -0.02955510	      0.97240125	     -0.00583322	     80.00000000	     -7.00000000	      0.00000000	     80.00000000	      1.39626340	      0.00000000	      0.00000000	      0.00000000	     80.00000000	     -7.00000000	      0.00000000	     80.00000000	      1.39626340	      0.00000000	      0.00000000	      0.00000000	     -2.26357830	     -1.06156682	      7.04116001	      2.03766416	    -19.62421893	     16.75771713	     20.07261458	    103.04960016	    -34.01971182	     -0.15945932	      8.22865631	    -12.00186602	     21.78264047	     39.19376713	    110.02296288	    -19.47913462	      1.59608056
1760625435.28299999	      2.54180466	      0.24529313	      3.55025427	     -0.03104384	      0.95905836	     -0.00684430	     80.00000000	     -7.00000000	      0.00000000	     80.00000000	      1.39626340	      0.00000000	      0.00000000	      0.00000000	     80.00000000	     -7.00000000	      0.00000000	     80.00000000	      1.39626340	      0.00000000	      0.00000000	      0.00000000	     -2.47767668	     -1.71186953	      7.68608003	      1.15314495	    -21.06346231	     15.32863088	     21.66696449	    106.81543702	    -29.67729487	      3.21602756	      8.26075762	    -12.42564700	     20.09866808	     42.98881679	    110.16868748	    -16.33412525	      3.04821411
1760625435.31699991	      2.81126385	     -0.04797728	      3.40010624	     -0.03566674	      0.95371924	     -0.00713198	     80.00000000	     -7.00000000	      0.00000000	     80.00000000	      1.39626340	      0.00000000	      0.00000000	      0.00000000	     80.00000000	     -7.00000000	      0.00000000	     80.00000000	      1.39626340	      0.00000000	      0.00000000	      0.00000000	     -2.01203729	     -1.46705715	      7.43333456	      1.61277968	    -21.91516476	     14.05851293	     23.25841628	    106.42011518	    -30.66091265	      2.60764053	      8.64296407	    -12.63754931	     18.95860017	     47.63826498	    110.09823263	    -17.39259058	      2.30797009
1760625435.34999990	      1.49072988	     -0.15796431	      3.60966804	     -0.04456381	      0.95066735	     -0.00806779	     80.00000000	     -7.00000000	      0.00000000	     80.00000000	      1.39626340	      0.00000000	      0.00000000	      0.00000000	     80.00000000	     -7.00000000	      0.00000000	     80.00000000	      1.39626340	      0.00000000	      0.00000000	      0.00000000	      0.55811751	     -1.79741829	      6.62476200	      2.60714527	    -24.16180956	     12.43841728	     26.48731806	    107.36265670	    -33.64075793	      2.93888973	      9.13720726	    -12.34221024	     16.63015741	     54.81395779	    111.92298829	    -19.15206134	      2.27583337
1760625435.41700006	      2.72143792	     -0.01736833	      3.43813848	     -0.05637937	      0.95853147	     -0.01121240	     80.00000000	     -7.00000000	      0.00000000	     80.00000000	      1.39626340	      0.00000000	      0.00000000	      0.00000000	     80.00000000	     -7.00000000	      0.00000000	     80.00000000	      1.39626340	      0.00000000	      0.00000000	      0.00000000	      1.96773156	     -2.36500932	      6.82286531	      3.70150368	    -28.13291481	      7.12765056	     31.97176183	    111.02810563	    -37.15703918	      4.47937899	     11.20651453	    -12.06028695	     16.65261226	     62.42763407	    109.03963561	    -22.55387170	      1.17141973
1760625435.45000005	      2.27865864	     -0.11060700	      3.22403887	     -0.05786738	      0.96458837	     -0.01588240	     80.00000000	     -7.00000000	      0.00000000	     80.00000000	      1.39626340	      0.00000000	      0.00000000	      0.00000000	     80.00000000	     -7.00000000	      0.00000000	     80.00000000	      1.39626340	      0.00000000	      0.00000000	      0.00000000	      2.71489874	     -2.54562121	      6.09429804	      7.08978932	    -29.68556007	      6.91716909	     33.70265655	    110.26836726	    -40.28650084	      4.04768742	     12.78909429	    -12.14538822	     14.59445133	     67.61342231	    108.80808161	    -23.12786202	      1.23289555
1760625435.48399997	      2.29576372	     -0.17417875	      3.08966803	     -0.05561552	      0.97593014	     -0.02130722	     80.00000000	     -7.00000000	      0.00000000	     80.00000000	      1.39626340	      0.00000000	      0.00000000	      0.00000000	     80.00000000	     -7.00000000	      0.00000000	     80.00000000	      1.39626340	      0.00000000	      0.00000000	      0.00000000	      1.98799390	     -1.77712155	      5.84625434	      9.08340944	    -31.40636320	      4.83129558	     36.80092499	    112.45115135	    -41.00498081	      5.35133046	     14.96624400	    -11.84690716	     13.55773722	     71.01478230	    108.98183279	    -22.83432177	      2.19004364
1760625435.51699996	      2.62356735	     -0.19054119	      3.05029346	     -0.05548267	      0.98089926	     -0.02574661	     80.00000000	     -7.00000000	      0.00000000	     80.00000000	      1.39626340	      0.00000000	      0.00000000	      0.00000000	     80.00000000	     -7.00000000	      0.00000000	     80.00000000	      1.39626340	      0.00000000	      0.00000000	      0.00000000	      1.66535686	     -1.92697279	      5.66022168	      9.64577480	    -31.82146969	      2.50027998	     40.09972908	    115.02831420	    -41.15334068	      6.96075068	     16.00824382	    -12.39298515	     12.55144301	     73.01113597	    109.52986741	    -21.87779310	      2.97214545
1760625435.55100012	      2.67703107	     -0.22751713	      2.94207128	     -0.05204228	      0.98346044	     -0.02509199	     80.00000000	     -7.00000000	      0.00000000	     80.00000000	      1.39626340	      0.00000000	      0.00000000	      0.00000000	     80.00000000	     -7.00000000	      0.00000000	     80.00000000	      1.39626340	      0.00000000	      0.00000000	      0.00000000	      1.27682187	     -1.94365722	      5.50821290	      9.78729282	    -31.57362613	     -0.44302828	     44.74657037	    118.58238540	    -40.31832120	      9.38203931	     16.75746878	    -13.14992197	     11.54683007	     74.89416470	    109.74551057	    -20.09166441	      3.89553951
1760625435.58400011	      2.47219533	     -0.27328819	      2.82848028	     -0.04752673	      0.98480374	     -0.02498267	     80.00000000	     -7.00000000	      0.00000000	     80.00000000	      1.39626340	      0.00000000	      0.00000000	      0.00000000	     80.00000000	     -7.00000000	      0.00000000	     80.00000000	      1.39626340	      0.00000000	      0.00000000	      0.00000000	      1.18368265	     -2.26783696	      5.43118451	      9.45333817	    -30.66512153	     -2.29209245	     47.98501679	    121.26148343	    -39.14569626	     11.29454877	     16.92698252	    -14.24129763	     11.66105245	     75.61650773	    109.43498535	    -19.60263246	      4.14892862
1760625435.61800003	      2.52816946	     -0.27738838	      2.79569380	     -0.04466655	      0.98468683	     -0.02407871	     80.00000000	     -7.00000000	      0.00000000	     80.00000000	      1.39626340	      0.00000000	      0.00000000	      0.00000000	     80.00000000	     -7.00000000	      0.00000000	     80.00000000	      1.39626340	      0.00000000	      0.00000000	      0.00000000	      0.73042430	     -2.55741150	      5.09745128	      9.44447271	    -29.82567043	     -2.80088574	     49.90724181	    123.11349845	    -38.39782710	     12.62288624	     16.76066938	    -15.24671963	     11.69078484	     75.94363863	    109.33964525	    -19.44339268	      4.25222208
1760625435.65100002	      2.64281387	     -0.25486729	      2.82041292	     -0.04279798	      0.98605154	     -0.02270172	     80.00000000	     -7.00000000	      0.00000000	     80.00000000	      1.39626340	      0.00000000	      0.00000000	      0.00000000	     80.00000000	     -7.00000000	      0.00000000	     80.00000000	      1.39626340	      0.00000000	      0.00000000	      0.00000000	      0.24446773	     -2.58690731	      4.82378316	      8.97438174	    -28.82548476	     -2.69997736	     51.27952445	    124.23091269	    -37.85568703	     13.56051757	     15.93366528	    -15.91904026	     11.55763112	     76.29059485	    109.27042927	    -18.89408752	      4.63991325
1760625435.68400002	      2.54073742	     -0.27045932	      2.79351505	     -0.04568625	      0.98678304	     -0.02290111	     80.00000000	     -7.00000000	      0.00000000	     80.00000000	      1.39626340	      0.00000000	      0.00000000	      0.00000000	     80.00000000	     -7.00000000	      0.00000000	     80.00000000	      1.39626340	      0.00000000	      0.00000000	      0.00000000	     -0.04569301	     -2.49072976	      5.00443175	      8.29496463	    -27.97142740	     -3.09573787	     52.16001635	    124.88726935	    -37.39808923	     14.06822164	     15.39170696	    -16.05951686	     11.68655054	     76.37695098	    109.02078979	    -18.38856037	      4.96549234
1760625435.71799994	      2.53581426	     -0.27094950	      2.83508736	     -0.04345348	      0.98749967	     -0.02250921	     80.00000000	     -7.00000000	      0.00000000	     80.00000000	      1.39626340	      0.00000000	      0.00000000	      0.00000000	     80.00000000	     -7.00000000	      0.00000000	     80.00000000	      1.39626340	      0.00000000	      0.00000000	      0.00000000	     -0.04298743	     -2.48895034	      5.18796031	      7.01172369	    -26.88668847	     -3.90388697	     53.18918667	    125.99872944	    -36.80499348	     14.75660295	     14.38986835	    -16.26028836	     11.60282283	     76.42224359	    108.86077107	    -17.76481882	      5.13571508
1760625435.75099993	      2.60701839	     -0.25198615	      2.89986477	     -0.04244251	      0.98871502	     -0.02146756	     80.00000000	     -7.00000000	      0.00000000	     80.00000000	      1.39626340	      0.00000000	      0.00000000	      0.00000000	     80.00000000	     -7.00000000	      0.00000000	     80.00000000	      1.39626340	      0.00000000	      0.00000000	      0.00000000	     -0.38524466	     -2.28002550	      5.23774871	      5.47376823	    -25.47130412	     -5.22875715	     54.89239944	    127.67588353	    -35.70199127	     15.77510664	     13.34349239	    -16.23122698	     10.98349016	     76.58817414	    109.41854082	    -16.74892007	      5.70856551
1760625435.78500009	      2.65769279	     -0.23032718	      2.93101872	     -0.04523184	      0.98943144	     -0.02069554	     80.00000000	     -7.00000000	      0.00000000	     80.00000000	      1.39626340	      0.00000000	      0.00000000	      0.00000000	     80.00000000	     -7.00000000	      0.00000000	     80.00000000	      1.39626340	      0.00000000	      0.00000000	      0.00000000	     -0.54656377	     -2.17608816	      5.50261715	      4.33967142	    -24.36562617	     -6.49559704	     56.04894001	    128.89682588	    -34.79052266	     16.56553912	     12.53759729	    -16.13267863	     10.99492096	     76.73674517	    109.79726492	    -16.24112621	      6.25618302
1760625435.81800008	      2.64085259	     -0.21061201	      2.93334929	     -0.04365914	      0.98901219	     -0.02052760	     80.00000000	     -7.00000000	      0.00000000	     80.00000000	      1.39626340	      0.00000000	      0.00000000	      0.00000000	     80.00000000	     -7.00000000	      0.00000000	     80.00000000	      1.39626340	      0.00000000	      0.00000000	      0.00000000	     -0.55852011	     -2.04820054	      5.78137133	      3.34544487	    -23.36710604	     -7.71048190	     57.16453303	    130.23534007	    -33.68715671	     17.45183991	     11.70376394	    -16.03929520	     11.18410995	     76.91597639	    109.76572900	    -16.07537413	      6.54375027
1760625435.85200000	      2.58735533	     -0.20713582	      2.96451325	     -0.04549265	      0.98833593	     -0.02120779	     80.00000000	     -7.00000000	      0.00000000	     80.00000000	      1.39626340	      0.00000000	      0.00000000	      0.00000000	     80.00000000	     -7.00000000	      0.00000000	     80.00000000	      1.39626340	      0.00000000	      0.00000000	      0.00000000	     -0.22991849	     -1.94457796	      6.34634474	      1.97987684	    -22.19365905	     -9.26279102	     58.39606941	    131.78104311	    -32.32722973	     18.50267220	     10.53673012	    -15.97774038	     11.80478015	     77.21763054	    109.62307102	    -16.18224956	      6.52809085
1760625435.88499999	      2.54342141	     -0.21397727	      2.98652128	     -0.04605201	      0.98810160	     -0.02155429	     80.00000000	     -7.00000000	      0.00000000	     80.00000000	      1.39626340	      0.00000000	      0.00000000	      0.00000000	     80.00000000	     -7.00000000	      0.00000000	     80.00000000	      1.39626340	      0.00000000	      0.00000000	      0.00000000	     -0.11247242	     -1.82222169	      6.48417296	      1.63064608	    -21.83752550	     -9.47559277	     58.38772641	    131.93993591	    -32.22412015	     18.60028085	     10.02239023	    -15.95761139	     12.13646970	     77.31290397	    109.47234669	    -16.29510268	      6.51925846
1760625435.91899991	      2.59985821	     -0.22410556	      2.94558075	     -0.04356424	      0.98805757	     -0.02189011	     80.00000000	     -7.00000000	      0.00000000	     80.00000000	      1.39626340	      0.00000000	      0.00000000	      0.00000000	     80.00000000	     -7.00000000	      0.00000000	     80.00000000	      1.39626340	      0.00000000	      0.00000000	      0.00000000	      0.06839690	     -1.74683857	      6.58148025	      1.36764828	    -21.60745768	     -9.31102560	     57.97580113	    131.80092542	    -32.52641016	     18.60699384	      9.37897215	    -15.97096219	     12.53359164	     77.35383578	    109.32771769	    -16.38755043	      6.64216256
1760625435.95199990	      2.57469007	     -0.23264722	      2.89909640	     -0.04070690	      0.98861703	     -0.02207463	     80.00000000	     -7.00000000	      0.00000000	     80.00000000	      1.39626340	      0.00000000	      0.00000000	      0.00000000	     80.00000000	     -7.00000000	      0.00000000	     80.00000000	      1.39626340	      0.00000000	      0.00000000	      0.00000000	      0.33021042	     -1.70859720	      6.61678550	      1.25085497	    -21.52284569	     -9.15369590	     57.67450072	    131.61128820	    -32.64291766	     18.60065178	      8.99072190	    -15.94480369	     12.64186733	     77.31323647	    109.55908557	    -16.37526467	      6.78385628
1760625435.98600006	      2.56406317	     -0.24380681	      2.85812366	     -0.03944745	      0.98866325	     -0.02289418	     80.00000000	     -7.00000000	      0.00000000	     80.00000000	      1.39626340	      0.00000000	      0.00000000	      0.00000000	     80.00000000	     -7.00000000	      0.00000000	     80.00000000	      1.39626340	      0.00000000	      0.00000000	      0.00000000	      0.38165326	     -1.82754683	      6.63342542	      1.39013831	    -21.30089264	     -9.05158465	     57.51218191	    131.51955183	    -32.63491246	     18.67609347	      8.91043925	    -16.00867516	     12.71604315	     77.28477590	    109.84421724	    -16.33836504	      6.93734216
1760625436.01900005	      2.55986522	     -0.26293319	      2.79777978	     -0.04104249	      0.98865543	     -0.02346317	     80.00000000	     -7.00000000	      0.00000000	     80.00000000	      1.39626340	      0.00000000	      0.00000000	      0.00000000	     80.00000000	     -7.00000000	      0.00000000	     80.00000000	      1.39626340	      0.00000000	      0.00000000	      0.00000000	      0.28551406	     -1.82185995	      6.51120584	      1.81368751	    -21.45298353	     -8.61210408	     57.04666259	    131.19277227	    -32.91667325	     18.50294511	      8.91707999	    -15.93829710	     12.67139727	     77.29336824	    109.97632720	    -16.35875268	      7.00229916
1760625436.05200005	      2.57995113	     -0.27483490	      2.76696130	     -0.04191382	      0.98853873	     -0.02377586	     80.00000000	     -7.00000000	      0.00000000	     80.00000000	      1.39626340	      0.00000000	      0.00000000	      0.00000000	     80.00000000	     -7.00000000	      0.00000000	     80.00000000	      1.39626340	      0.00000000	      0.00000000	      0.00000000	      0.12462516	     -1.80456596	      6.44757842	      2.06608214	    -21.55556168	     -8.39498333	     56.95394965	    131.15771559	    -33.00318516	     18.53036949	      8.98979433	    -15.82065262	     12.71370617	     77.36512365	    110.03428102	    -16.49178062	      6.96335483
1760625436.08599997	      2.58265118	     -0.28489786	      2.73808772	     -0.04226206	      0.98946713	     -0.02395159	     80.00000000	     -7.00000000	      0.00000000	     80.00000000	      1.39626340	      0.00000000	      0.00000000	      0.00000000	     80.00000000	     -7.00000000	      0.00000000	     80.00000000	      1.39626340	      0.00000000	      0.00000000	      0.00000000	      0.00583426	     -1.82322409	      6.39955832	      2.19873896	    -21.55662491	     -8.35360882	     57.01566994	    131.25669233	    -33.00222979	     18.58243313	      9.04744422	    -15.70001299	     12.78906346	     77.43257307	    110.08812366	    -16.63965254	      6.89215630
1760625436.11899996	      2.59424814	     -0.28866485	      2.71439772	     -0.04204530	      0.99001537	     -0.02395596	     80.00000000	     -7.00000000	      0.00000000	     80.00000000	      1.39626340	      0.00000000	      0.00000000	      0.00000000	     80.00000000	     -7.00000000	      0.00000000	     80.00000000	      1.39626340	      0.00000000	      0.00000000	      0.00000000	     -0.13797998	     -1.84921691	      6.34431533	      2.27871356	    -21.46234836	     -8.44497117	     57.17404018	    131.44021950	    -32.86078583	     18.71858378	      9.07008174	    -15.48903450	     12.86117252	     77.57573442	    109.99660411	    -16.70932840	      6.93570584
1760625436.15300012	      2.59144032	     -0.29240929	      2.70040950	     -0.04561916	      0.98959687	     -0.02355274	     80.00000000	     -7.00000000	      0.00000000	     80.00000000	      1.39626340	      0.00000000	      0.00000000	      0.00000000	     80.00000000	     -7.00000000	      0.00000000	     80.00000000	      1.39626340	      0.00000000	      0.00000000	      0.00000000	     -0.41371580	     -1.90896208	      6.24437135	      2.55356396	    -21.35920946	     -8.41360467	     57.21551788	    131.45709454	    -32.78853275	     18.76731403	      9.24446702	    -15.34190280	     12.69485949	     77.68728270	    110.12431266	    -16.73157400	      7.00069261
1760625436.18600011	      2.55356669	     -0.29470333	      2.69348929	     -0.04197702	      0.98922659	     -0.02340868	     80.00000000	     -7.00000000	      0.00000000	     80.00000000	      1.39626340	      0.00000000	      0.00000000	      0.00000000	     80.00000000	     -7.00000000	      0.00000000	     80.00000000	      1.39626340	      0.00000000	      0.00000000	      0.00000000	     -0.43492308	     -1.93164203	      6.06530110	      2.63911716	    -21.27699983	     -8.28736690	     57.22378611	    131.50321351	    -32.78869520	     18.82242127	      9.11263188	    -15.21023523	     12.31293290	     77.81217701	    110.24615797	    -16.68259085	      7.01732653
1760625436.22000003	      2.52362255	     -0.29035684	      2.69118078	     -0.03930148	      0.98894229	     -0.02311473	     80.00000000	     -7.00000000	      0.00000000	     80.00000000	      1.39626340	      0.00000000	      0.00000000	      0.00000000	     80.00000000	     -7.00000000	      0.00000000	     80.00000000	      1.39626340	      0.00000000	      0.00000000	      0.00000000	     -0.47928132	     -1.97628828	      5.96752950	      2.69008150	    -21.12163569	     -8.31279866	     57.34156189	    131.65114274	    -32.69668280	     18.93162940	      8.98701862	    -15.10913076	     12.01050325	     77.96088330	    110.22819152	    -16.57252626	      7.06870143
1760625436.25300002	      2.48043148	     -0.29050212	      2.69200171	     -0.03789085	      0.98885966	     -0.02303923	     80.00000000	     -7.00000000	      0.00000000	     80.00000000	      1.39626340	      0.00000000	      0.00000000	      0.00000000	     80.00000000	     -7.00000000	      0.00000000	     80.00000000	      1.39626340	      0.00000000	      0.00000000	      0.00000000	     -0.50694474	     -2.00322205	      5.83259696	      2.75500320	    -21.00402272	     -8.23040407	     57.48045044	    131.73921949	    -32.60681763	     19.00308063	      8.90836185	    -15.08432485	     11.81886729	     78.03895668	    110.27231664	    -16.51065823	      7.10865983
1760625436.28699994	      2.45539334	     -0.28208014	      2.71767366	     -0.03709233	      0.98896068	     -0.02294014	     80.00000000	     -7.00000000	      0.00000000	     80.00000000	      1.39626340	      0.00000000	      0.00000000	      0.00000000	     80.00000000	     -7.00000000	      0.00000000	     80.00000000	      1.39626340	      0.00000000	      0.00000000	      0.00000000	     -0.53936966	     -2.04689322	      5.56363610	      2.90909792	    -20.93663413	     -7.89809693	     57.51480484	    131.76423857	    -32.60031555	     19.04716596	      8.82613206	    -15.16080531	     11.61595918	     78.04792209	    110.20606688	    -16.48924164	      7.07675773
1760625436.31999993	      2.41722235	     -0.27793276	      2.79714482	     -0.03914857	      0.98935049	     -0.02274078	     80.00000000	     -7.00000000	      0.00000000	     80.00000000	      1.39626340	      0.00000000	      0.00000000	      0.00000000	     80.00000000	     -7.00000000	      0.00000000	     80.00000000	      1.39626340	      0.00000000	      0.00000000	      0.00000000	     -0.66222866	     -1.99544229	      5.29337674	      3.22271153	    -21.03887546	     -7.51427104	     57.44466127	    131.79220368	    -32.64113069	     19.08551770	      8.80649366	    -15.21852436	     11.57973409	     78.13012838	    110.18943477	    -16.49132506	      7.07829532
1760625436.35299993	      2.41424366	     -0.27636712	      2.82290545	     -0.04189679	      0.98981399	     -0.02275170	     80.00000000	     -7.00000000	      0.00000000	     80.00000000	      1.39626340	      0.00000000	      0.00000000	      0.00000000	     80.00000000	     -7.00000000	      0.00000000	     80.00000000	      1.39626340	      0.00000000	      0.00000000	      0.00000000	     -0.70857081	     -2.01840035	      5.17540671	      3.35255537	    -21.04826101	     -7.38649257	     57.46206412	    131.84206690	    -32.52472355	     19.12572309	      8.77925041	    -15.34184319	     11.63443158	     78.14139381	    110.08520581	    -16.43040660	      7.07728054
1760625436.38700008	      2.41809430	     -0.26939270	      2.83269051	     -0.04096628	      0.99053495	     -0.02338401	     80.00000000	     -7.00000000	      0.00000000	     80.00000000	      1.39626340	      0.00000000	      0.00000000	      0.00000000	     80.00000000	     -7.00000000	      0.00000000	     80.00000000	      1.39626340	      0.00000000	      0.00000000	      0.00000000	     -0.63602549	     -2.03528258	      5.07551670	      3.29754680	    -21.03788533	     -7.34483359	     57.50999624	    131.92505819	    -32.41207777	     19.17499534	      8.66215568	    -15.44318879	     11.71256243	     78.10482282	    110.03551896	    -16.42978246	      7.02209161
1760625436.42000008	      2.43432616	     -0.26123223	      2.85006659	     -0.04050346	      0.99105856	     -0.02387805	     80.00000000	     -7.00000000	      0.00000000	     80.00000000	      1.39626340	      0.00000000	      0.00000000	      0.00000000	     80.00000000	     -7.00000000	      0.00000000	     80.00000000	      1.39626340	      0.00000000	      0.00000000	      0.00000000	     -0.58127511	     -2.06529587	      5.02586545	      3.23179687	    -21.09010340	     -7.38316664	     57.34768429	    131.89745416	    -32.58035693	     19.07777653	      8.58271349	    -15.48494886	     11.88358834	     78.00597773	    110.09614881	    -16.62637317	      6.91957303
1760625436.45400000	      2.45107005	     -0.26404077	      2.83727593	     -0.04025909	      0.99124475	     -0.02417440	     80.00000000	     -7.00000000	      0.00000000	     80.00000000	      1.39626340	      0.00000000	      0.00000000	      0.00000000	     80.00000000	     -7.00000000	      0.00000000	     80.00000000	      1.39626340	      0.00000000	      0.00000000	      0.00000000	     -0.56986251	     -2.08941512	      5.09006944	      3.21968047	    -21.22789909	     -7.40158951	     56.90520801	    131.49096184	    -32.88751455	     18.73483682	      8.53102095	    -15.41738354	     11.96547229	     77.90075292	    110.14331225	    -16.81271154	      6.83631127
1760625436.48699999	      2.45803724	     -0.26360826	      2.82292435	     -0.04052104	      0.99130674	     -0.02458556	     80.00000000	     -7.00000000	      0.00000000	     80.00000000	      1.39626340	      0.00000000	      0.00000000	      0.00000000	     80.00000000	     -7.00000000	      0.00000000	     80.00000000	      1.39626340	      0.00000000	      0.00000000	      0.00000000	     -0.52544817	     -2.12593837	      5.23572920	      3.20014050	    -21.47682740	     -7.36980760	     56.03547081	    130.53479673	    -33.51686015	     17.97834043	      8.39218590	    -15.29341721	     11.97251988	     77.69875131	    110.04896479	    -17.10972061	      6.64261333
1760625436.52099991	      2.49418731	     -0.26700433	      2.82541412	     -0.04679028	      0.99153460	     -0.02494579	     80.00000000	     -7.00000000	      0.00000000	     80.00000000	      1.39626340	      0.00000000	      0.00000000	      0.00000000	     80.00000000	     -7.00000000	      0.00000000	     80.00000000	      1.39626340	      0.00000000	      0.00000000	      0.00000000	     -0.84730157	     -2.16208218	      5.26577709	      3.71567483	    -22.03095821	     -6.98356367	     54.07296076	    128.59820826	    -34.75260938	     16.50592442	      8.39994344	    -15.02219617	     11.55184285	     77.32256817	    109.82045917	    -17.57544227	      6.63595535
1760625436.55399990	      2.49959486	     -0.26858688	      2.82072699	     -0.05208177	      0.99238930	     -0.02488843	     80.00000000	     -7.00000000	      0.00000000	     80.00000000	      1.39626340	      0.00000000	      0.00000000	      0.00000000	     80.00000000	     -7.00000000	      0.00000000	     80.00000000	      1.39626340	      0.00000000	      0.00000000	      0.00000000	     -1.03910692	     -2.17116982	      5.21635185	      4.07916839	    -22.53538128	     -6.57539678	     52.12513366	    126.67987682	    -35.80797823	     15.10228190	      8.18318902	    -14.78729449	     10.92331122	     77.06409910	    109.21290496	    -17.79982953	      6.83915071
1760625436.58800006	      2.49433972	     -0.27375693	      2.81062494	     -0.04994221	      0.99287497	     -0.02511620	     80.00000000	     -7.00000000	      0.00000000	     80.00000000	      1.39626340	      0.00000000	      0.00000000	      0.00000000	     80.00000000	     -7.00000000	      0.00000000	     80.00000000	      1.39626340	      0.00000000	      0.00000000	      0.00000000	     -1.10467711	     -2.16344678	      5.17198806	      4.09981113	    -23.04121816	     -6.23371457	     49.86933092	    123.99818294	    -37.16245751	     13.07225814	      7.62810730	    -14.44415094	     10.03810793	     76.88770147	    107.76889782	    -17.83027511	      7.00956442
1760625436.62100005	      2.49104804	     -0.27584166	      2.79471187	     -0.04481254	      0.99368840	     -0.02515434	     80.00000000	     -7.00000000	      0.00000000	     80.00000000	      1.39626340	      0.00000000	      0.00000000	      0.00000000	     80.00000000	     -7.00000000	      0.00000000	     80.00000000	      1.39626340	      0.00000000	      0.00000000	      0.00000000	     -1.29745418	     -2.10763465	      5.37949083	      3.34538656	    -23.41805217	     -7.05617369	     47.80229785	    120.98722404	    -37.93285502	     11.19867909	      6.94327236	    -13.91351357	      8.76145856	     76.66558332	    104.47123482	    -17.55696978	      6.83172850
1760625436.65499997	      2.44661542	     -0.28761990	      2.79490778	     -0.03875666	      0.99512814	     -0.02443331	     80.00000000	     -7.00000000	      0.00000000	     80.00000000	      1.39626340	      0.00000000	      0.00000000	      0.00000000	     80.00000000	     -7.00000000	      0.00000000	     80.00000000	      1.39626340	      0.00000000	      0.00000000	      0.00000000	     -1.32373235	     -2.01692683	      5.62821851	      2.09531068	    -23.40096009	     -8.56749459	     47.00380577	    119.46727236	    -38.08643769	     10.36322769	      6.35809163	    -13.53469487	      7.96360335	     76.45723604	    102.24470620	    -17.69366422	      6.51301709
1760625436.68799996	      2.45854682	     -0.28502731	      2.82366223	     -0.03998081	      0.99723891	     -0.02367146	     80.00000000	     -7.00000000	      0.00000000	     80.00000000	      1.39626340	      0.00000000	      0.00000000	      0.00000000	     80.00000000	     -7.00000000	      0.00000000	     80.00000000	      1.39626340	      0.00000000	      0.00000000	      0.00000000	     -1.72516663	     -1.99259052	      5.74713980	      1.16994092	    -23.48537610	     -9.98542038	     45.91580624	    117.76101286	    -38.40833974	      9.26143398	      6.07626585	    -13.27914297	      7.21233726	     76.06228339	    100.11324009	    -18.10700709	      6.01018145
1760625436.72099996	      2.49081502	     -0.27350902	      2.88171352	     -0.04341513	      0.99911672	     -0.02301634	     80.00000000	     -7.00000000	      0.00000000	     80.00000000	      1.39626340	      0.00000000	      0.00000000	      0.00000000	     80.00000000	     -7.00000000	      0.00000000	     80.00000000	      1.39626340	      0.00000000	      0.00000000	      0.00000000	     -2.46777189	     -1.77136570	      5.75517434	      0.30562774	    -23.94856153	    -11.43895261	     43.75759533	    114.84276942	    -38.90685554	      7.35202896	      5.86489037	    -12.85563102	      6.01854344	     75.07830158	     96.38304386	    -18.47192965	      5.00048841
1760625436.75500011	      2.48650106	     -0.25728270	      2.91356768	     -0.04454437	      0.99929228	     -0.02280736	     80.00000000	     -7.00000000	      0.00000000	     80.00000000	      1.39626340	      0.00000000	      0.00000000	      0.00000000	     80.00000000	     -7.00000000	      0.00000000	     80.00000000	      1.39626340	      0.00000000	      0.00000000	      0.00000000	     -2.97584610	     -1.47215234	      5.60274569	     -0.09054525	    -24.52318212	    -11.69664325	     41.27024236	    110.87077856	    -39.65434756	      4.76375181	      5.72952693	    -12.50749027	      4.95607433	     73.72879874	     92.45976418	    -18.56928886	      3.92843027
1760625436.78800011	      2.46099385	     -0.24111818	      2.91529376	     -0.03933130	      0.99902403	     -0.02298509	     80.00000000	     -7.00000000	      0.00000000	     80.00000000	      1.39626340	      0.00000000	      0.00000000	      0.00000000	     80.00000000	     -7.00000000	      0.00000000	     80.00000000	      1.39626340	      0.00000000	      0.00000000	      0.00000000	     -3.30252980	     -1.35587910	      5.43929359	     -0.26950473	    -24.83428832	    -11.23342572	     38.11725078	    105.42618516	    -40.29833838	      1.51587364	      5.51314211	    -12.32540183	      4.04071408	     71.81883254	     87.53783930	    -18.53287044	      2.96371736
1760625436.82200003	      2.39902388	     -0.23005262	      2.90418187	     -0.02979907	      0.99941173	     -0.02279384	     80.00000000	     -7.00000000	      0.00000000	     80.00000000	      1.39626340	      0.00000000	      0.00000000	      0.00000000	     80.00000000	     -7.00000000	      0.00000000	     80.00000000	      1.39626340	      0.00000000	      0.00000000	      0.00000000	     -3.40800763	     -1.04264793	      5.52231234	     -0.49782707	    -25.11220891	    -10.28227279	     33.48047960	     97.09383406	    -40.10662063	     -2.64757730	      5.09843695	    -11.67973959	      3.50850944	     68.56541881	     79.76393754	    -18.61880766	      2.08711374
1760625436.85500002	      2.40070374	     -0.22462122	      2.87383326	     -0.02525482	      0.99749734	     -0.02201170	     80.00000000	     -7.00000000	      0.00000000	     80.00000000	      1.39626340	      0.00000000	      0.00000000	      0.00000000	     80.00000000	     -7.00000000	      0.00000000	     80.00000000	      1.39626340	      0.00000000	      0.00000000	      0.00000000	     -3.43420779	     -0.93786327	      5.32875827	     -0.58392395	    -24.94732493	     -9.20658345	     30.22537721	     90.48379587	    -39.15330476	     -5.50909487	      4.81100791	    -11.31528165	      2.89519258	     65.42958096	     74.40211506	    -19.10916875	      1.20182074
1760625436.88899994	      2.41867943	     -0.21695987	      2.82708231	     -0.02242031	      0.99783966	     -0.02128093	     80.00000000	     -7.00000000	      0.00000000	     80.00000000	      1.39626340	      0.00000000	      0.00000000	      0.00000000	     80.00000000	     -7.00000000	      0.00000000	     80.00000000	      1.39626340	      0.00000000	      0.00000000	      0.00000000	     -3.67202402	     -0.31928371	      4.84907185	     -0.37340300	    -24.92811716	     -7.64272889	     26.43339837	     80.96934598	    -36.76594217	     -9.02221805	      4.95599496	    -10.45662495	      1.91037062	     60.81842510	     67.56584795	    -20.05210562	     -0.40729142
1760625436.92199993	      2.41149282	     -0.22271876	      2.77714373	     -0.01873624	      0.99470986	     -0.02107451	     80.00000000	     -7.00000000	      0.00000000	     80.00000000	      1.39626340	      0.00000000	      0.00000000	      0.00000000	     80.00000000	     -7.00000000	      0.00000000	     80.00000000	      1.39626340	      0.00000000	      0.00000000	      0.00000000	     -3.79773839	     -0.20767907	      4.11474873	     -0.01817658	    -24.43809691	     -6.03970666	     24.00914924	     73.72807208	    -33.90377211	    -10.81634241	      5.11194570	    -10.22438014	      1.01284579	     57.08877790	     61.72969421	    -20.54122966	     -1.38490438
1760625436.95499992	      2.39850444	     -0.23989022	      2.72991861	     -0.01371695	      0.98900397	     -0.01949278	     80.00000000	     -7.00000000	      0.00000000	     80.00000000	      1.39626340	      0.00000000	      0.00000000	      0.00000000	     80.00000000	     -7.00000000	      0.00000000	     80.00000000	      1.39626340	      0.00000000	      0.00000000	      0.00000000	     -4.01401038	     -0.30192744	      3.14816116	      0.34609967	    -23.60240639	     -4.65055464	     22.36785531	     66.62014276	    -30.59490249	    -11.79977166	      5.39251457	    -10.18955442	     -0.07903706	     53.45025901	     55.04005203	    -20.46355403	     -2.27889374
1760625436.98900008	      2.42623605	     -0.25478130	      2.68918853	     -0.00819667	      0.98224747	     -0.02008666	     80.00000000	     -7.00000000	      0.00000000	     80.00000000	      1.39626340	      0.00000000	      0.00000000	      0.00000000	     80.00000000	     -7.00000000	      0.00000000	     80.00000000	      1.39626340	      0.00000000	      0.00000000	      0.00000000	     -4.45826168	     -1.08339779	      2.74431932	      0.89800339	    -21.69304237	     -3.54811424	     20.19333891	     57.11824475	    -26.53914327	    -12.15419099	      6.19254097	    -10.77065821	     -0.63939085	     48.33592660	     46.34975228	    -20.09946876	     -3.25965446
1760625437.02200007	      2.42556000	     -0.26290989	      2.66731113	     -0.00635529	      0.97628064	     -0.02242466	     80.00000000	     -7.00000000	      0.00000000	     80.00000000	      1.39626340	      0.00000000	      0.00000000	      0.00000000	     80.00000000	     -7.00000000	      0.00000000	     80.00000000	      1.39626340	      0.00000000	      0.00000000	      0.00000000	     -4.87750143	     -1.67912285	      2.79011568	      1.42978674	    -20.26940191	     -2.86764929	     18.55831240	     49.91484765	    -23.34551957	    -11.89058449	      7.03473389	    -11.37485794	     -0.34928832	     44.10634572	     40.86626550	    -19.59041378	     -3.73545613
1760625437.05599999	      2.40685836	     -0.27657809	      2.65765876	     -0.01018554	      0.97063730	     -0.02516493	     80.00000000	     -7.00000000	      0.00000000	     80.00000000	      1.39626340	      0.00000000	      0.00000000	      0.00000000	     80.00000000	     -7.00000000	      0.00000000	     80.00000000	      1.39626340	      0.00000000	      0.00000000	      0.00000000	     -4.21162516	     -2.20182627	      3.84305222	      0.51756507	    -18.80883500	     -3.35544132	     17.38525264	     42.47446661	    -20.07914445	    -11.35702387	      6.65041469	    -11.89042552	      0.90541674	     39.90161363	     35.59840829	    -18.34736616	     -4.15408839
1760625437.08899999	      2.41509532	     -0.28849969	      2.66388333	     -0.01022471	      0.96678537	     -0.02573158	     80.00000000	     -7.00000000	      0.00000000	     80.00000000	      1.39626340	      0.00000000	      0.00000000	      0.00000000	     80.00000000	     -7.00000000	      0.00000000	     80.00000000	      1.39626340	      0.00000000	      0.00000000	      0.00000000	     -4.08106961	     -2.14456464	      4.16943164	      0.36922056	    -17.62894460	     -2.87922057	     16.00450926	     32.92700982	    -16.26205528	    -10.01122680	      6.74054295	    -11.81394986	      1.60493179	     35.24591312	     29.03954600	    -17.24136934	     -3.80857722
1760625437.12299991	      2.44900849	     -0.27464829	      2.67816059	     -0.01127860	      0.96472910	     -0.02624583	     80.00000000	     -7.00000000	      0.00000000	     80.00000000	      1.39626340	      0.00000000	      0.00000000	      0.00000000	     80.00000000	     -7.00000000	      0.00000000	     80.00000000	      1.39626340	      0.00000000	      0.00000000	      0.00000000	     -4.32860199	     -2.19354679	      4.54231728	      0.59167042	    -16.69869626	     -2.79819034	     15.21951150	     26.03644685	    -13.57962374	     -8.95323389	      6.97185757	    -11.64437110	      2.13841556	     32.41461769	     24.38457072	    -16.28171146	     -3.26001907
1760625437.15599990	      2.44304847	     -0.26857528	      2.68183870	     -0.01499834	      0.96355794	     -0.02646841	     80.00000000	     -7.00000000	      0.00000000	     80.00000000	      1.39626340	      0.00000000	      0.00000000	      0.00000000	     80.00000000	     -7.00000000	      0.00000000	     80.00000000	      1.39626340	      0.00000000	      0.00000000	      0.00000000	     -4.35855703	     -1.99800647	      4.66086434	      0.67781618	    -16.04363392	     -2.33597085	     14.46141289	     19.56259264	    -11.00595422	     -7.78331295	      6.98059666	    -11.27052141	      2.42206951	     29.87911996	     20.02225374	    -15.31319482	     -2.48195548
1760625437.19000006	      2.46682107	     -0.25705338	      2.69532415	     -0.01633786	      0.96238732	     -0.02575278	     80.00000000	     -7.00000000	      0.00000000	     80.00000000	      1.39626340	      0.00000000	      0.00000000	      0.00000000	     80.00000000	     -7.00000000	      0.00000000	     80.00000000	      1.39626340	      0.00000000	      0.00000000	      0.00000000	     -4.60276636	     -1.78520795	      4.42979385	      1.14135665	    -15.12777484	     -1.30479658	     13.33524855	     11.82627227	     -8.09351111	     -5.93914194	      7.21608331	    -10.58913128	      2.53639673	     26.66874555	     14.30742984	    -13.96937492	     -1.17382144
1760625437.22300005	      2.45352429	     -0.25094973	      2.69024786	     -0.01536652	      0.96251262	     -0.02474162	     80.00000000	     -7.00000000	      0.00000000	     80.00000000	      1.39626340	      0.00000000	      0.00000000	      0.00000000	     80.00000000	     -7.00000000	      0.00000000	     80.00000000	      1.39626340	      0.00000000	      0.00000000	      0.00000000	     -5.00996218	     -1.44334508	      4.16798368	      1.88422698	    -14.59294214	     -0.31714730	     12.12778928	      6.81628678	     -6.08199201	     -4.42969385	      7.79945151	     -9.81437291	      2.71171527	     24.31628762	      9.92512834	    -12.83078413	     -0.08561778
1760625437.25699997	      2.44281719	     -0.24178942	      2.67943244	     -0.01583423	      0.96084616	     -0.02402422	     80.00000000	     -7.00000000	      0.00000000	     80.00000000	      1.39626340	      0.00000000	      0.00000000	      0.00000000	     80.00000000	     -7.00000000	      0.00000000	     80.00000000	      1.39626340	      0.00000000	      0.00000000	      0.00000000	     -4.75348124	     -1.49924168	      4.39695672	      1.96991112	    -13.56540021	      0.45111064	     10.66572275	      2.30231173	     -4.28321500	     -2.80028834	      7.69800764	     -9.39192873	      3.59653202	     21.40270661	      5.78066863	    -10.95589100	      0.95571952
1760625437.28999996	      2.44048828	     -0.23483316	      2.66556460	     -0.01558101	      0.95972371	     -0.02364197	     80.00000000	     -7.00000000	      0.00000000	     80.00000000	      1.39626340	      0.00000000	      0.00000000	      0.00000000	     80.00000000	     -7.00000000	      0.00000000	     80.00000000	      1.39626340	      0.00000000	      0.00000000	      0.00000000	     -4.85650686	     -1.33347301	      4.37869853	      2.59565261	    -12.14913460	     -0.21017136	      8.84989026	      0.00000000	     -2.67813556	     -0.15754311	      7.94272205	     -8.60652228	      4.66471913	     17.74246966	      1.21930775	     -9.11489247	      2.30207254
1760625437.32399988	      2.46939992	     -0.22009455	      2.65897391	     -0.01505836	      0.95901300	     -0.02290631	     80.00000000	     -7.00000000	      0.00000000	     80.00000000	      1.39626340	      0.00000000	      0.00000000	      0.00000000	     80.00000000	     -7.00000000	      0.00000000	     80.00000000	      1.39626340	      0.00000000	      0.00000000	      0.00000000	     -4.97269134	     -1.26604098	      4.27925698	      3.09386981	    -11.00045605	     -1.46811821	      7.57756464	      0.00000000	     -2.09974893	      1.71561008	      7.97057302	     -7.88433530	      4.47369442	     15.34832142	      0.00000000	     -8.23583977	      3.11474846
1760625437.35700011	      2.49922932	     -0.20818472	      2.65725379	     -0.01347317	      0.95813033	     -0.02207557	     80.00000000	     -7.00000000	      0.00000000	     80.00000000	      1.39626340	      0.00000000	      0.00000000	      0.00000000	     80.00000000	     -7.00000000	      0.00000000	     80.00000000	      1.39626340	      0.00000000	      0.00000000	      0.00000000	     -5.37211304	     -1.37825095	      3.98962057	      3.85356904	     -9.76620949	     -2.48223494	      6.46381367	      0.00000000	     -1.63473816	      3.21637611	      8.20308419	     -7.27499445	      3.50058794	     13.48926628	      0.00000000	     -7.64540019	      3.73666907
1760625437.39100003	      2.47741330	     -0.19069248	      2.64144870	     -0.01137332	      0.95705351	     -0.02092623	     80.00000000	     -7.00000000	      0.00000000	     80.00000000	      1.39626340	      0.00000000	      0.00000000	      0.00000000	     80.00000000	     -7.00000000	      0.00000000	     80.00000000	      1.39626340	      0.00000000	      0.00000000	      0.00000000	     -5.73030323	     -1.42336540	      3.77355965	      4.45669497	     -8.26486742	     -3.50214115	      5.39920325	      0.00000000	     -0.90932017	      4.43515642	      8.28027030	     -6.66374302	      2.53270543	     11.79141099	      0.00000000	     -7.55895061	      4.57979846
1760625437.42400002	      2.49232776	     -0.17535943	      2.64376482	     -0.01302936	      0.95567241	     -0.01943589	     80.00000000	     -7.00000000	      0.00000000	     80.00000000	      1.39626340	      0.00000000	      0.00000000	      0.00000000	     80.00000000	     -7.00000000	      0.00000000	     80.00000000	      1.39626340	      0.00000000	      0.00000000	      0.00000000	     -6.10383267	     -1.44204862	      3.69173206	      4.86075618	     -7.16390487	     -4.05937630	      4.86057924	      0.00000000	     -0.41659093	      4.98878272	      8.24141441	     -6.28240976	      2.18924012	     11.06881719	      0.00000000	     -7.97192285	      5.31188050
1760625437.45700002	      2.51424245	     -0.16430405	      2.66226567	     -0.01675954	      0.95412189	     -0.01860820	     80.00000000	     -7.00000000	      0.00000000	     80.00000000	      1.39626340	      0.00000000	      0.00000000	      0.00000000	     80.00000000	     -7.00000000	      0.00000000	     80.00000000	      1.39626340	      0.00000000	      0.00000000	      0.00000000	     -6.52339573	     -1.41287190	      3.64486075	      5.17787288	     -6.30341583	     -4.60145654	      4.52457477	      0.00000000	      0.10132217	      5.48811982	      8.30618395	     -6.01379274	      1.98163014	     10.42881738	      0.00000000	     -8.19910552	      6.43229458
1760625437.49099994	      2.51269322	     -0.15126854	      2.66046424	     -0.01848710	      0.95372213	     -0.01799006	     80.00000000	     -7.00000000	      0.00000000	     80.00000000	      1.39626340	      0.00000000	      0.00000000	      0.00000000	     80.00000000	     -7.00000000	      0.00000000	     80.00000000	      1.39626340	      0.00000000	      0.00000000	      0.00000000	     -6.85449068	     -1.50323356	      3.61600396	      5.53559632	     -5.19415215	     -5.21824979	      4.11780347	      0.00000000	      0.59985431	      5.87328330	      8.55869130	     -5.79475085	      1.92396528	      9.29939281	      0.00000000	     -8.23155316	      7.61682914
1760625437.52399993	      2.52419720	     -0.13934245	      2.65588918	     -0.01926057	      0.95372197	     -0.01750374	     80.00000000	     -7.00000000	      0.00000000	     80.00000000	      1.39626340	      0.00000000	      0.00000000	      0.00000000	     80.00000000	     -7.00000000	      0.00000000	     80.00000000	      1.39626340	      0.00000000	      0.00000000	      0.00000000	     -7.11885613	     -1.45805120	      3.54362928	      5.76568039	     -4.58108227	     -5.20497988	      3.86748388	      0.00000000	      0.52835838	      6.11662583	      8.79257781	     -5.48453099	      2.03625673	      8.43171514	      0.00000000	     -8.37107304	      7.95925941
1760625437.55800009	      2.57241332	     -0.13219821	      2.66425768	     -0.02344611	      0.95256015	     -0.01622318	     80.00000000	     -7.00000000	      0.00000000	     80.00000000	      1.39626340	      0.00000000	      0.00000000	      0.00000000	     80.00000000	     -7.00000000	      0.00000000	     80.00000000	      1.39626340	      0.00000000	      0.00000000	      0.00000000	     -7.16952044	     -1.50595018	      3.68027291	      5.72612512	     -4.00998571	     -5.16618546	      3.55922380	      0.00000000	      0.69763433	      6.33302633	      8.76048878	     -5.34406164	      2.60271713	      7.39999589	      0.00000000	     -8.18092038	      8.28944887
1760625437.59100008	      2.55679626	     -0.13526406	      2.64228149	     -0.02500027	      0.95192553	     -0.01546037	     80.00000000	     -7.00000000	      0.00000000	     80.00000000	      1.39626340	      0.00000000	      0.00000000	      0.00000000	     80.00000000	     -7.00000000	      0.00000000	     80.00000000	      1.39626340	      0.00000000	      0.00000000	      0.00000000	     -7.39897612	     -1.58593877	      3.52478820	      6.01885693	     -3.38822725	     -5.01921530	      3.36202079	      0.00000000	      0.89412449	      6.40818004	      9.02349701	     -5.21836167	      2.79709217	      6.42634590	      0.00000000	     -7.97068355	      8.67895985
1760625437.62500000	      2.54826875	     -0.14679238	      2.61156826	     -0.02504973	      0.95150639	     -0.01507824	     80.00000000	     -7.00000000	      0.00000000	     80.00000000	      1.39626340	      0.00000000	      0.00000000	      0.00000000	     80.00000000	     -7.00000000	      0.00000000	     80.00000000	      1.39626340	      0.00000000	      0.00000000	      0.00000000	     -7.50263811	     -1.64962048	      3.43390203	      6.14035034	     -3.03009047	     -4.75963246	      3.25395273	      0.00000000	      0.94803046	      6.53042399	      9.08381219	     -5.10524281	      2.77793605	      5.98277728	      0.00000000	     -7.86701894	      8.86357488
1760625437.65799999	      2.55948730	     -0.16114106	      2.58866026	     -0.02454209	      0.95128833	     -0.01493108	     80.00000000	     -7.00000000	      0.00000000	     80.00000000	      1.39626340	      0.00000000	      0.00000000	      0.00000000	     80.00000000	     -7.00000000	      0.00000000	     80.00000000	      1.39626340	      0.00000000	      0.00000000	      0.00000000	     -7.63675947	     -1.66377419	      3.32653916	      6.27285115	     -2.77554725	     -4.38794744	      3.17245082	      0.00000000	      1.07851879	      6.56613001	      9.11987014	     -5.01990784	      2.79934673	      5.65332521	      0.00000000	     -7.78674683	      9.00550108
1760625437.75799990	      2.51809983	     -0.20635025	      2.56844672	     -0.02149116	      0.95095758	     -0.01378771	     80.00000000	     -7.00000000	      0.00000000	     80.00000000	      1.39626340	      0.00000000	      0.00000000	      0.00000000	     80.00000000	     -7.00000000	      0.00000000	     80.00000000	      1.39626340	      0.00000000	      0.00000000	      0.00000000	     -7.61168639	     -1.76342624	      2.95619444	      6.34216481	     -2.26897433	     -3.46990699	      3.12881420	      0.00000000	      1.35978562	      6.59722748	      8.82449346	     -4.93313166	      2.98940640	      5.09265279	      0.00000000	     -7.69068952	      8.94907455
1760625437.79200006	      2.51875917	     -0.22215881	      2.59738854	     -0.02370408	      0.95123620	     -0.01341015	     80.00000000	     -7.00000000	      0.00000000	     80.00000000	      1.39626340	      0.00000000	      0.00000000	      0.00000000	     80.00000000	     -7.00000000	      0.00000000	     80.00000000	      1.39626340	      0.00000000	      0.00000000	      0.00000000	     -7.71644406	     -1.74185833	      2.83390277	      6.47948363	     -2.28089883	     -3.12347043	      3.09637410	      0.00000000	      1.45550124	      6.61830363	      8.87573224	     -4.90678410	      2.87978771	      5.12175681	      0.00000000	     -7.66441766	      8.85865303
1760625437.82500005	      2.50310485	     -0.23264552	      2.62305248	     -0.02481865	      0.95126810	     -0.01317703	     80.00000000	     -7.00000000	      0.00000000	     80.00000000	      1.39626340	      0.00000000	      0.00000000	      0.00000000	     80.00000000	     -7.00000000	      0.00000000	     80.00000000	      1.39626340	      0.00000000	      0.00000000	      0.00000000	     -7.74342843	     -1.73447528	      2.80870974	      6.57254255	     -2.28683317	     -2.88147430	      3.05698719	      0.00000000	      1.48647539	      6.60709319	      8.95565791	     -4.88924307	      2.86492698	      5.10993656	      0.00000000	     -7.64943455	      8.83282667
1760625437.85899997	      2.50377488	     -0.24102893	      2.64815966	     -0.02506304	      0.95104558	     -0.01321248	     80.00000000	     -7.00000000	      0.00000000	     80.00000000	      1.39626340	      0.00000000	      0.00000000	      0.00000000	     80.00000000	     -7.00000000	      0.00000000	     80.00000000	      1.39626340	      0.00000000	      0.00000000	      0.00000000	     -7.71666826	     -1.76015882	      2.88249100	      6.61918258	     -2.31465704	     -2.84059384	      3.05914691	      0.00000000	      1.53535052	      6.57543005	      8.97027737	     -4.90918038	      2.81587087	      5.16797175	      0.00000000	     -7.63348917	      8.76291319
1760625437.89199996	      2.49504069	     -0.24649791	      2.67380685	     -0.02418545	      0.95087822	     -0.01335607	     80.00000000	     -7.00000000	      0.00000000	     80.00000000	      1.39626340	      0.00000000	      0.00000000	      0.00000000	     80.00000000	     -7.00000000	      0.00000000	     80.00000000	      1.39626340	      0.00000000	      0.00000000	      0.00000000	     -7.68669362	     -1.77995418	      2.92248708	      6.66989734	     -2.35570302	     -2.77806620	      3.04309753	      0.00000000	      1.48583201	      6.60643810	      8.98382272	     -4.93480676	      2.86705448	      5.18067613	      0.00000000	     -7.64474673	      8.69734761
1760625437.92600012	      2.47278345	     -0.24859960	      2.67851987	     -0.02307801	      0.95076819	     -0.01341890	     80.00000000	     -7.00000000	      0.00000000	     80.00000000	      1.39626340	      0.00000000	      0.00000000	      0.00000000	     80.00000000	     -7.00000000	      0.00000000	     80.00000000	      1.39626340	      0.00000000	      0.00000000	      0.00000000	     -7.60913371	     -1.79057262	      2.96131827	      6.65168560	     -2.39946717	     -2.71680705	      3.09599302	      0.00000000	      1.46482855	      6.56478290	      8.93821950	     -4.93083303	      2.94148688	      5.25193460	      0.00000000	     -7.63705615	      8.63917230
1760625437.95900011	      2.46298262	     -0.25745843	      2.67874050	     -0.02214301	      0.95059144	     -0.01345365	     80.00000000	     -7.00000000	      0.00000000	     80.00000000	      1.39626340	      0.00000000	      0.00000000	      0.00000000	     80.00000000	     -7.00000000	      0.00000000	     80.00000000	      1.39626340	      0.00000000	      0.00000000	      0.00000000	     -7.51653596	     -1.80284056	      3.01812642	      6.64240518	     -2.43779113	     -2.74460369	      3.14455409	      0.00000000	      1.53415571	      6.47588896	      8.89388714	     -4.96908244	      2.92542683	      5.41648395	      0.00000000	     -7.66251447	      8.63464945
1760625437.99300003	      2.47840962	     -0.25528324	      2.66356558	     -0.02224603	      0.95056143	     -0.01321277	     80.00000000	     -7.00000000	      0.00000000	     80.00000000	      1.39626340	      0.00000000	      0.00000000	      0.00000000	     80.00000000	     -7.00000000	      0.00000000	     80.00000000	      1.39626340	      0.00000000	      0.00000000	      0.00000000	     -7.45197946	     -1.83727684	      3.11952445	      6.61853861	     -2.45276981	     -2.79689103	      3.17761546	      0.00000000	      1.52521492	      6.42436757	      8.86527798	     -5.01517821	      3.01191193	      5.48212578	      0.00000000	     -7.74143229	      8.59133267
1760625438.02600002	      2.47780077	     -0.25942427	      2.65006220	     -0.02293875	      0.95070858	     -0.01347479	     80.00000000	     -7.00000000	      0.00000000	     80.00000000	      1.39626340	      0.00000000	      0.00000000	      0.00000000	     80.00000000	     -7.00000000	      0.00000000	     80.00000000	      1.39626340	      0.00000000	      0.00000000	      0.00000000	     -7.40311475	     -1.83670756	      3.17919177	      6.60171965	     -2.46963906	     -2.74371878	      3.19601837	      0.00000000	      1.55926349	      6.37845968	      8.89671392	     -5.01298843	      3.11580567	      5.46958689	      0.00000000	     -7.90358681	      8.51918914
1760625438.05900002	      2.51059774	     -0.26716041	      2.63218675	     -0.02283137	      0.95080633	     -0.01399937	     80.00000000	     -7.00000000	      0.00000000	     80.00000000	      1.39626340	      0.00000000	      0.00000000	      0.00000000	     80.00000000	     -7.00000000	      0.00000000	     80.00000000	      1.39626340	      0.00000000	      0.00000000	      0.00000000	     -7.37148440	     -1.80295475	      3.28674877	      6.59161088	     -2.51030205	     -2.74366330	      3.21413469	      0.00000000	      1.54660267	      6.36085799	      8.95228175	     -4.97328321	      3.24363156	      5.41261776	      0.00000000	     -8.26284925	      8.40267365
1760625438.09299994	      2.54111872	     -0.26914486	      2.62092030	     -0.02261459	      0.95083947	     -0.01410930	     80.00000000	     -7.00000000	      0.00000000	     80.00000000	      1.39626340	      0.00000000	      0.00000000	      0.00000000	     80.00000000	     -7.00000000	      0.00000000	     80.00000000	      1.39626340	      0.00000000	      0.00000000	      0.00000000	     -7.34590100	     -1.78975168	      3.31151972	      6.59045259	     -2.51227689	     -2.71564367	      3.21607656	      0.00000000	      1.53137976	      6.37038637	      8.96730253	     -4.97267731	      3.27243620	      5.31485933	      0.00000000	     -8.38875364	      8.36198078
1760625438.12599993	      2.55665855	     -0.27564198	      2.61085064	     -0.02294441	      0.95103518	     -0.01462542	     80.00000000	     -7.00000000	      0.00000000	     80.00000000	      1.39626340	      0.00000000	      0.00000000	      0.00000000	     80.00000000	     -7.00000000	      0.00000000	     80.00000000	      1.39626340	      0.00000000	      0.00000000	      0.00000000	     -7.30111293	     -1.70709852	      3.39397644	      6.56455074	     -2.57572463	     -2.74715518	      3.26431460	      0.00000000	      1.53277654	      6.34217407	      8.93080019	     -4.90671155	      3.30676494	      5.33553615	      0.00000000	     -8.36337249	      8.40438218
1760625438.16000009	      2.56231104	     -0.27205147	      2.61299304	     -0.02316258	      0.95148581	     -0.01472282	     80.00000000	     -7.00000000	      0.00000000	     80.00000000	      1.39626340	      0.00000000	      0.00000000	      0.00000000	     80.00000000	     -7.00000000	      0.00000000	     80.00000000	      1.39626340	      0.00000000	      0.00000000	      0.00000000	     -7.21604645	     -1.64959112	      3.43934891	      6.52878737	     -2.58961520	     -2.75534935	      3.31566359	      0.00000000	      1.57137456	      6.28183930	      8.83939939	     -4.90416790	      3.20219697	      5.33304638	      0.00000000	     -8.08659059	      8.57372248
1760625438.19300008	      2.59358588	     -0.27195606	      2.61878448	     -0.02330689	      0.95184827	     -0.01458317	     80.00000000	     -7.00000000	      0.00000000	     80.00000000	      1.39626340	      0.00000000	      0.00000000	      0.00000000	     80.00000000	     -7.00000000	      0.00000000	     80.00000000	      1.39626340	      0.00000000	      0.00000000	      0.00000000	     -7.22458988	     -1.61643205	      3.44227613	      6.52668000	     -2.58040869	     -2.70706211	      3.35964587	      0.00000000	      1.59535347	      6.24054441	      8.81390822	     -4.89913395	      3.18713828	      5.35028161	      0.00000000	     -8.06600399	      8.56562620
1760625438.22700000	      2.61613328	     -0.27559165	      2.63150208	     -0.02442919	      0.95201857	     -0.01437643	     80.00000000	     -7.00000000	      0.00000000	     80.00000000	      1.39626340	      0.00000000	      0.00000000	      0.00000000	     80.00000000	     -7.00000000	      0.00000000	     80.00000000	      1.39626340	      0.00000000	      0.00000000	      0.00000000	     -7.23424086	     -1.58413431	      3.42272143	      6.53492953	     -2.56343541	     -2.64497744	      3.40423043	      0.00000000	      1.62047759	      6.20842287	      8.78722120	     -4.90641402	      3.21110568	      5.33710161	      0.00000000	     -8.06687410	      8.50932529
1760625438.25999999	      2.62164702	     -0.27705045	      2.64592298	     -0.02539358	      0.95203519	     -0.01445402	     80.00000000	     -7.00000000	      0.00000000	     80.00000000	      1.39626340	      0.00000000	      0.00000000	      0.00000000	     80.00000000	     -7.00000000	      0.00000000	     80.00000000	      1.39626340	      0.00000000	      0.00000000	      0.00000000	     -7.22334381	     -1.54010234	      3.32145891	      6.54192158	     -2.54113954	     -2.47594820	      3.45874022	      0.00000000	      1.60964316	      6.17964694	      8.73294792	     -4.91740866	      3.10252749	      5.35753204	      0.00000000	     -8.03758672	      8.52295999
1760625438.29399991	      2.62643767	     -0.27224362	      2.64199907	     -0.02581132	      0.95213293	     -0.01466440	     80.00000000	     -7.00000000	      0.00000000	     80.00000000	      1.39626340	      0.00000000	      0.00000000	      0.00000000	     80.00000000	     -7.00000000	      0.00000000	     80.00000000	      1.39626340	      0.00000000	      0.00000000	      0.00000000	     -7.23713162	     -1.51871191	      3.33103468	      6.57707330	     -2.53099105	     -2.44261827	      3.47404683	      0.00000000	      1.61298438	      6.15988467	      8.68943117	     -4.89921031	      3.12705737	      5.39749758	      0.00000000	     -8.02261676	      8.54998520
1760625438.32699990	      2.63494827	     -0.27359108	      2.63672861	     -0.02591989	      0.95229865	     -0.01478860	     80.00000000	     -7.00000000	      0.00000000	     80.00000000	      1.39626340	      0.00000000	      0.00000000	      0.00000000	     80.00000000	     -7.00000000	      0.00000000	     80.00000000	      1.39626340	      0.00000000	      0.00000000	      0.00000000	     -7.27575670	     -1.49406812	      3.36288377	      6.58361834	     -2.53536008	     -2.36724563	      3.50412147	      0.00000000	      1.61762055	      6.17792271	      8.66159754	     -4.88274807	      3.14484051	      5.46919190	      0.00000000	     -8.00279623	      8.59831547
1760625438.36100006	      2.64613349	     -0.27094764	      2.64605641	     -0.02639052	      0.95239291	     -0.01522084	     80.00000000	     -7.00000000	      0.00000000	     80.00000000	      1.39626340	      0.00000000	      0.00000000	      0.00000000	     80.00000000	     -7.00000000	      0.00000000	     80.00000000	      1.39626340	      0.00000000	      0.00000000	      0.00000000	     -7.25891509	     -1.44376515	      3.44243134	      6.54264885	     -2.59773482	     -2.38693286	      3.51523307	      0.00000000	      1.62930533	      6.20424943	      8.54651831	     -4.84303957	      3.20744454	      5.47476483	      0.00000000	     -7.87612720	      8.65633128
1760625438.39400005	      2.64262809	     -0.26607684	      2.65224927	     -0.02662929	      0.95244278	     -0.01499457	     80.00000000	     -7.00000000	      0.00000000	     80.00000000	      1.39626340	      0.00000000	      0.00000000	      0.00000000	     80.00000000	     -7.00000000	      0.00000000	     80.00000000	      1.39626340	      0.00000000	      0.00000000	      0.00000000	     -7.27911405	     -1.44612947	      3.42909161	      6.55681387	     -2.59138806	     -2.43366704	      3.52418408	      0.00000000	      1.63791746	      6.17655547	      8.53042914	     -4.84418385	      3.20513289	      5.51122137	      0.00000000	     -7.82723947	      8.64956495
1760625438.42700005	      2.63618893	     -0.26280642	      2.64736332	     -0.02671069	      0.95247509	     -0.01479094	     80.00000000	     -7.00000000	      0.00000000	     80.00000000	      1.39626340	      0.00000000	      0.00000000	      0.00000000	     80.00000000	     -7.00000000	      0.00000000	     80.00000000	      1.39626340	      0.00000000	      0.00000000	      0.00000000	     -7.30764643	     -1.45341521	      3.44474155	      6.57169112	     -2.58430619	     -2.44077839	      3.51286847	      0.00000000	      1.62531838	      6.16246475	      8.53043094	     -4.84163042	      3.23262535	      5.54274712	      0.00000000	     -7.80134175	      8.60980040
1760625438.46099997	      2.62314866	     -0.25349425	      2.64949541	     -0.02720799	      0.95215527	     -0.01462619	     80.00000000	     -7.00000000	      0.00000000	     80.00000000	      1.39626340	      0.00000000	      0.00000000	      0.00000000	     80.00000000	     -7.00000000	      0.00000000	     80.00000000	      1.39626340	      0.00000000	      0.00000000	      0.00000000	     -7.25274414	     -1.47560523	      3.59692182	      6.48165555	     -2.59242570	     -2.65026970	      3.51395771	      0.00000000	      1.66763745	      6.14559307	      8.43964829	     -4.85224588	      3.39434528	      5.52792601	      0.00000000	     -7.68231296	      8.63529788
1760625438.49399996	      2.62783221	     -0.25233069	      2.64293970	     -0.02705832	      0.95185151	     -0.01443133	     80.00000000	     -7.00000000	      0.00000000	     80.00000000	      1.39626340	      0.00000000	      0.00000000	      0.00000000	     80.00000000	     -7.00000000	      0.00000000	     80.00000000	      1.39626340	      0.00000000	      0.00000000	      0.00000000	     -7.27324969	     -1.47848336	      3.60666590	      6.45617975	     -2.59350285	     -2.63624682	      3.49811918	      0.00000000	      1.64936744	      6.15548215	      8.44258940	     -4.85678655	      3.39987579	      5.55777126	      0.00000000	     -7.65954516	      8.64611159
1760625438.52800012	      2.60957326	     -0.24534020	      2.63564033	     -0.02729645	      0.95160500	     -0.01390572	     80.00000000	     -7.00000000	      0.00000000	     80.00000000	      1.39626340	      0.00000000	      0.00000000	      0.00000000	     80.00000000	     -7.00000000	      0.00000000	     80.00000000	      1.39626340	      0.00000000	      0.00000000	      0.00000000	     -7.27349781	     -1.48745525	      3.60964281	      6.43525265	     -2.60077653	     -2.63163600	      3.49240696	      0.00000000	      1.60864026	      6.17084427	      8.43150009	     -4.89049646	      3.40171675	      5.57590212	      0.00000000	     -7.62277677	      8.66685627
1760625438.56100011	      2.61484573	     -0.22764338	      2.62340384	     -0.02714699	      0.95157876	     -0.01334498	     80.00000000	     -7.00000000	      0.00000000	     80.00000000	      1.39626340	      0.00000000	      0.00000000	      0.00000000	     80.00000000	     -7.00000000	      0.00000000	     80.00000000	      1.39626340	      0.00000000	      0.00000000	      0.00000000	     -7.23649903	     -1.55875605	      3.61534855	      6.35267247	     -2.56387968	     -2.71921941	      3.51398044	      0.00000000	      1.57195068	      6.17545032	      8.35234599	     -4.94637324	      3.50374232	      5.53470201	      0.00000000	     -7.61461437	      8.61110065
1760625438.59500003	      2.60174233	     -0.22485652	      2.61951905	     -0.02726223	      0.95161142	     -0.01322875	     80.00000000	     -7.00000000	      0.00000000	     80.00000000	      1.39626340	      0.00000000	      0.00000000	      0.00000000	     80.00000000	     -7.00000000	      0.00000000	     80.00000000	      1.39626340	      0.00000000	      0.00000000	      0.00000000	     -7.19594451	     -1.56603644	      3.67849287	      6.29195270	     -2.57219457	     -2.88032345	      3.54359289	      0.00000000	      1.60039150	      6.14904866	      8.30234506	     -4.94954382	      3.58610769	      5.49437876	      0.00000000	     -7.59391668	      8.57058191
1760625438.62800002	      2.59420950	     -0.22048071	      2.62770070	     -0.02686669	      0.95146615	     -0.01350998	     80.00000000	     -7.00000000	      0.00000000	     80.00000000	      1.39626340	      0.00000000	      0.00000000	      0.00000000	     80.00000000	     -7.00000000	      0.00000000	     80.00000000	      1.39626340	      0.00000000	      0.00000000	      0.00000000	     -7.15321252	     -1.56776471	      3.68040849	      6.20919906	     -2.58043255	     -2.99607127	      3.58716637	      0.00000000	      1.64883031	      6.13259947	      8.26001937	     -4.94267972	      3.59455444	      5.44360537	      0.00000000	     -7.55121002	      8.54999227
1760625438.66199994	      2.57438008	     -0.22088483	      2.62341148	     -0.02644516	      0.95119473	     -0.01324542	     80.00000000	     -7.00000000	      0.00000000	     80.00000000	      1.39626340	      0.00000000	      0.00000000	      0.00000000	     80.00000000	     -7.00000000	      0.00000000	     80.00000000	      1.39626340	      0.00000000	      0.00000000	      0.00000000	     -7.15997228	     -1.57313979	      3.65090085	      6.17791366	     -2.57277942	     -3.02424388	      3.63086561	      0.00000000	      1.68137992	      6.13697353	      8.28295445	     -4.94328522	      3.61476154	      5.43767750	      0.00000000	     -7.55543785	      8.54226621
1760625438.72799993	      2.55866263	     -0.21039464	      2.62715259	     -0.02539236	      0.95085289	     -0.01392008	     80.00000000	     -7.00000000	      0.00000000	     80.00000000	      1.39626340	      0.00000000	      0.00000000	      0.00000000	     80.00000000	     -7.00000000	      0.00000000	     80.00000000	      1.39626340	      0.00000000	      0.00000000	      0.00000000	     -7.12520107	     -1.56266652	      3.68517835	      6.06359276	     -2.58313059	     -3.02604962	      3.64626958	      0.00000000	      1.66430938	      6.20397475	      8.21146279	     -4.95644455	      3.84284269	      5.38721156	      0.00000000	     -7.48852850	      8.59983865
1760625438.76200008	      2.56417954	     -0.21762874	      2.63434860	     -0.02536840	      0.95088815	     -0.01337064	     80.00000000	     -7.00000000	      0.00000000	     80.00000000	      1.39626340	      0.00000000	      0.00000000	      0.00000000	     80.00000000	     -7.00000000	      0.00000000	     80.00000000	      1.39626340	      0.00000000	      0.00000000	      0.00000000	     -7.14666399	     -1.55180046	      3.67555702	      6.03719309	     -2.55956868	     -3.00705045	      3.66828448	      0.00000000	      1.66160127	      6.22297323	      8.18302190	     -4.98564991	      3.93350312	      5.39299690	      0.00000000	     -7.47836165	      8.60408934
1760625438.79500008	      2.56897642	     -0.21274026	      2.62094763	     -0.02513978	      0.95083047	     -0.01307875	     80.00000000	     -7.00000000	      0.00000000	     80.00000000	      1.39626340	      0.00000000	      0.00000000	      0.00000000	     80.00000000	     -7.00000000	      0.00000000	     80.00000000	      1.39626340	      0.00000000	      0.00000000	      0.00000000	     -7.16886356	     -1.55369837	      3.70823102	      6.02243470	     -2.55410415	     -2.97673432	      3.67868496	      0.00000000	      1.64424093	      6.24932546	      8.16097626	     -5.00636809	      3.99010352	      5.40971888	      0.00000000	     -7.44366116	      8.61497593
1760625438.82900000	      2.56053965	     -0.21519877	      2.62310849	     -0.02521896	      0.95087498	     -0.01280299	     80.00000000	     -7.00000000	      0.00000000	     80.00000000	      1.39626340	      0.00000000	      0.00000000	      0.00000000	     80.00000000	     -7.00000000	      0.00000000	     80.00000000	      1.39626340	      0.00000000	      0.00000000	      0.00000000	     -7.19171618	     -1.53739952	      3.71975086	      6.03302380	     -2.54529354	     -2.97494677	      3.69423879	      0.00000000	      1.67329647	      6.23062976	      8.14054203	     -5.03264967	      4.02294177	      5.41649099	      0.00000000	     -7.43108045	      8.60435645
1760625438.86199999	      2.56773124	     -0.21189141	      2.62444672	     -0.02610643	      0.95126161	     -0.01250471	     80.00000000	     -7.00000000	      0.00000000	     80.00000000	      1.39626340	      0.00000000	      0.00000000	      0.00000000	     80.00000000	     -7.00000000	      0.00000000	     80.00000000	      1.39626340	      0.00000000	      0.00000000	      0.00000000	     -7.21713134	     -1.56817341	      3.76552955	      6.05523443	     -2.50661414	     -3.04619147	      3.68522060	      0.00000000	      1.67988403	      6.21645612	      8.13311331	     -5.07991029	      4.14877733	      5.35124171	      0.00000000	     -7.42108965	      8.60661087
1760625438.89599991	      2.55724395	     -0.21057111	      2.61730062	     -0.02607611	      0.95141538	     -0.01249743	     80.00000000	     -7.00000000	      0.00000000	     80.00000000	      1.39626340	      0.00000000	      0.00000000	      0.00000000	     80.00000000	     -7.00000000	      0.00000000	     80.00000000	      1.39626340	      0.00000000	      0.00000000	      0.00000000	     -7.22968366	     -1.55702217	      3.75431511	      6.06369575	     -2.50813737	     -3.03276650	      3.69662045	      0.00000000	      1.68432508	      6.21204314	      8.10845294	     -5.09009084	      4.18117111	      5.32603349	      0.00000000	     -7.44151755	      8.59792546
1760625438.96300006	      2.55981092	     -0.23344270	      2.63165087	     -0.02585380	      0.95164928	     -0.01253978	     80.00000000	     -7.00000000	      0.00000000	     80.00000000	      1.39626340	      0.00000000	      0.00000000	      0.00000000	     80.00000000	     -7.00000000	      0.00000000	     80.00000000	      1.39626340	      0.00000000	      0.00000000	      0.00000000	     -7.27124564	     -1.50444060	      3.77509243	      6.06407648	     -2.49265345	     -3.04308617	      3.70833013	      0.00000000	      1.67828236	      6.20529830	      8.09325064	     -5.08378641	      4.17624865	      5.22741225	      0.00000000	     -7.41028708	      8.59268095
1760625438.99600005	      2.57526783	     -0.23214120	      2.62936661	     -0.02604493	      0.95164774	     -0.01346161	     80.00000000	     -7.00000000	      0.00000000	     80.00000000	      1.39626340	      0.00000000	      0.00000000	      0.00000000	     80.00000000	     -7.00000000	      0.00000000	     80.00000000	      1.39626340	      0.00000000	      0.00000000	      0.00000000	     -7.33051811	     -1.46172634	      3.78857434	      6.08130491	     -2.52065601	     -3.06057753	      3.75616190	      0.00000000	      1.67966344	      6.21201264	      8.11929883	     -5.02876713	      4.17698719	      5.18495025	      0.00000000	     -7.39399959	      8.56425408
1760625439.02999997	      2.57451747	     -0.23708936	      2.63005253	     -0.02573572	      0.95146723	     -0.01427430	     80.00000000	     -7.00000000	      0.00000000	     80.00000000	      1.39626340	      0.00000000	      0.00000000	      0.00000000	     80.00000000	     -7.00000000	      0.00000000	     80.00000000	      1.39626340	      0.00000000	      0.00000000	      0.00000000	     -7.32915604	     -1.39730241	      3.78496646	      6.07846912	     -2.56820364	     -3.12994946	      3.81012759	      0.00000000	      1.65606434	      6.27721116	      8.08885714	     -4.96707222	      4.18584858	      5.11250203	      0.00000000	     -7.35678349	      8.52972583
1760625439.06299996	      2.59201947	     -0.24442039	      2.64881043	     -0.02584021	      0.95166548	     -0.01442369	     80.00000000	     -7.00000000	      0.00000000	     80.00000000	      1.39626340	      0.00000000	      0.00000000	      0.00000000	     80.00000000	     -7.00000000	      0.00000000	     80.00000000	      1.39626340	      0.00000000	      0.00000000	      0.00000000	     -7.34485163	     -1.37684887	      3.76150897	      6.08913977	     -2.57382262	     -3.15253901	      3.82318575	      0.00000000	      1.63531407	      6.33568700	      8.07799010	     -4.96903427	      4.21800831	      5.08939102	      0.00000000	     -7.36405124	      8.51649916
1760625439.09599996	      2.57555722	     -0.24239825	      2.65197010	     -0.02551696	      0.95179597	     -0.01392359	     80.00000000	     -7.00000000	      0.00000000	     80.00000000	      1.39626340	      0.00000000	      0.00000000	      0.00000000	     80.00000000	     -7.00000000	      0.00000000	     80.00000000	      1.39626340	      0.00000000	      0.00000000	      0.00000000	     -7.35044352	     -1.37157353	      3.76271590	      6.08831630	     -2.56907506	     -3.11452547	      3.84881721	      0.00000000	      1.64666891	      6.35076160	      8.07884816	     -4.95884834	      4.25374020	      5.10335223	      0.00000000	     -7.35218839	      8.51063973
1760625439.13000011	      2.55076801	     -0.24732886	      2.65253279	     -0.02447588	      0.95164441	     -0.01384741	     80.00000000	     -7.00000000	      0.00000000	     80.00000000	      1.39626340	      0.00000000	      0.00000000	      0.00000000	     80.00000000	     -7.00000000	      0.00000000	     80.00000000	      1.39626340	      0.00000000	      0.00000000	      0.00000000	     -7.26212479	     -1.35087488	      3.77699726	      5.98878598	     -2.58953548	     -3.11260798	      3.92657107	      0.00000000	      1.64572586	      6.33766240	      7.99316297	     -4.96482605	      4.24453256	      5.12157776	      0.00000000	     -7.30418059	      8.48979416
1760625439.16300011	      2.56565904	     -0.24828017	      2.65297645	     -0.02384494	      0.95138629	     -0.01381463	     80.00000000	     -7.00000000	      0.00000000	     80.00000000	      1.39626340	      0.00000000	      0.00000000	      0.00000000	     80.00000000	     -7.00000000	      0.00000000	     80.00000000	      1.39626340	      0.00000000	      0.00000000	      0.00000000	     -7.26576086	     -1.34621713	      3.78765673	      5.95404438	     -2.60671181	     -3.10045262	      3.95293493	      0.00000000	      1.67134984	      6.33455629	      7.96946863	     -4.98327178	      4.22334368	      5.15568776	      0.00000000	     -7.27049691	      8.46762969
1760625439.19700003	      2.55809363	     -0.25001220	      2.65971890	     -0.02274712	      0.95097783	     -0.01370103	     80.00000000	     -7.00000000	      0.00000000	     80.00000000	      1.39626340	      0.00000000	      0.00000000	      0.00000000	     80.00000000	     -7.00000000	      0.00000000	     80.00000000	      1.39626340	      0.00000000	      0.00000000	      0.00000000	     -7.19629709	     -1.31500509	      3.70591851	      5.88411126	     -2.65003582	     -2.93964951	      3.94905663	      0.00000000	      1.69322516	      6.33048629	      7.90186489	     -4.99426457	      4.12348601	      5.21677981	      0.00000000	     -7.25824073	      8.46836579
1760625439.23000002	      2.54430747	     -0.24862311	      2.65265740	     -0.02259620	      0.95084757	     -0.01353825	     80.00000000	     -7.00000000	      0.00000000	     80.00000000	      1.39626340	      0.00000000	      0.00000000	      0.00000000	     80.00000000	     -7.00000000	      0.00000000	     80.00000000	      1.39626340	      0.00000000	      0.00000000	      0.00000000	     -7.18422982	     -1.32248389	      3.72489732	      5.89007653	     -2.70174901	     -2.86069817	      3.94163798	      0.00000000	      1.69077560	      6.30317685	      7.90266311	     -5.02019886	      4.15303173	      5.24852413	      0.00000000	     -7.22822223	      8.45780939
1760625439.26399994	      2.52288978	     -0.24587539	      2.64708324	     -0.02290543	      0.95083921	     -0.01362184	     80.00000000	     -7.00000000	      0.00000000	     80.00000000	      1.39626340	      0.00000000	      0.00000000	      0.00000000	     80.00000000	     -7.00000000	      0.00000000	     80.00000000	      1.39626340	      0.00000000	      0.00000000	      0.00000000	     -7.15790962	     -1.31634665	      3.71837917	      5.90377434	     -2.73848866	     -2.83907968	      3.94268433	      0.00000000	      1.72819311	      6.25963741	      7.90331459	     -5.02233664	      4.14630545	      5.24820243	      0.00000000	     -7.21812873	      8.44291479
1760625439.29699993	      2.51649006	     -0.25304034	      2.64597730	     -0.02278537	      0.95081486	     -0.01381636	     80.00000000	     -7.00000000	      0.00000000	     80.00000000	      1.39626340	      0.00000000	      0.00000000	      0.00000000	     80.00000000	     -7.00000000	      0.00000000	     80.00000000	      1.39626340	      0.00000000	      0.00000000	      0.00000000	     -7.14870433	     -1.32141105	      3.70944342	      5.92109260	     -2.77545032	     -2.84302236	      3.95709895	      0.00000000	      1.75421853	      6.23891035	      7.89932015	     -5.03155618	      4.13778593	      5.24980515	      0.00000000	     -7.21154499	      8.43472135
1760625439.32999992	      2.50027237	     -0.24965101	      2.64489863	     -0.02255585	      0.95085206	     -0.01404884	     80.00000000	     -7.00000000	      0.00000000	     80.00000000	      1.39626340	      0.00000000	      0.00000000	      0.00000000	     80.00000000	     -7.00000000	      0.00000000	     80.00000000	      1.39626340	      0.00000000	      0.00000000	      0.00000000	     -7.20147339	     -1.23053776	      3.62620644	      6.02313402	     -2.87577164	     -2.70699592	      3.95464039	      0.00000000	      1.78740117	      6.19709208	      7.96348685	     -4.94785104	      4.07039702	      5.27047829	      0.00000000	     -7.20955954	      8.42068065
1760625439.36400008	      2.47619707	     -0.24561454	      2.64755350	     -0.02370469	      0.95111643	     -0.01377518	     80.00000000	     -7.00000000	      0.00000000	     80.00000000	      1.39626340	      0.00000000	      0.00000000	      0.00000000	     80.00000000	     -7.00000000	      0.00000000	     80.00000000	      1.39626340	      0.00000000	      0.00000000	      0.00000000	     -7.19031278	     -1.24365948	      3.60618922	      6.05582982	     -2.87934312	     -2.65240985	      3.98178537	      0.00000000	      1.79508466	      6.18109616	      7.97462497	     -4.95652826	      4.12331750	      5.26925339	      0.00000000	     -7.22012976	      8.40958287
1760625439.39700007	      2.47417305	     -0.24162917	      2.65623396	     -0.02422648	      0.95124241	     -0.01355484	     80.00000000	     -7.00000000	      0.00000000	     80.00000000	      1.39626340	      0.00000000	      0.00000000	      0.00000000	     80.00000000	     -7.00000000	      0.00000000	     80.00000000	      1.39626340	      0.00000000	      0.00000000	      0.00000000	     -7.26602146	     -1.28900529	      3.56128955	      6.16799236	     -2.84773972	     -2.60856995	      4.00473369	      0.00000000	      1.80337232	      6.18099556	      8.05170716	     -5.00333214	      4.15098042	      5.29879913	      0.00000000	     -7.28204203	      8.37179721
1760625439.43099999	      2.48013663	     -0.23954882	      2.65333921	     -0.02515911	      0.95127686	     -0.01367478	     80.00000000	     -7.00000000	      0.00000000	     80.00000000	      1.39626340	      0.00000000	      0.00000000	      0.00000000	     80.00000000	     -7.00000000	      0.00000000	     80.00000000	      1.39626340	      0.00000000	      0.00000000	      0.00000000	     -7.26037719	     -1.28712592	      3.55115401	      6.19702765	     -2.84471123	     -2.55561360	      4.01493383	      0.00000000	      1.79729907	      6.20174985	      8.04160795	     -5.00186982	      4.21672321	      5.30517884	      0.00000000	     -7.27257640	      8.37266823
1760625439.46399999	      2.46207698	     -0.23464835	      2.65153745	     -0.02537741	      0.95103318	     -0.01379658	     80.00000000	     -7.00000000	      0.00000000	     80.00000000	      1.39626340	      0.00000000	      0.00000000	      0.00000000	     80.00000000	     -7.00000000	      0.00000000	     80.00000000	      1.39626340	      0.00000000	      0.00000000	      0.00000000	     -7.36545280	     -1.29888214	      3.53808382	      6.35317158	     -2.84573102	     -2.53196844	      4.01166484	      0.00000000	      1.75010280	      6.26922961	      8.14048870	     -5.00958789	      4.27697125	      5.34479622	      0.00000000	     -7.26926913	      8.35334775
1760625439.49799991	      2.42222669	     -0.23763018	      2.64086735	     -0.02485472	      0.95075252	     -0.01344485	     80.00000000	     -7.00000000	      0.00000000	     80.00000000	      1.39626340	      0.00000000	      0.00000000	      0.00000000	     80.00000000	     -7.00000000	      0.00000000	     80.00000000	      1.39626340	      0.00000000	      0.00000000	      0.00000000	     -7.35603133	     -1.29152090	      3.53662513	      6.37823131	     -2.83119406	     -2.51131211	      4.03613529	      0.00000000	      1.78668507	      6.26476730	      8.15805639	     -5.01985457	      4.29588977	      5.37271126	      0.00000000	     -7.25212434	      8.34460069
1760625439.53099990	      2.41044498	     -0.24082692	      2.62994748	     -0.02441740	      0.95084710	     -0.01337163	     80.00000000	     -7.00000000	      0.00000000	     80.00000000	      1.39626340	      0.00000000	      0.00000000	      0.00000000	     80.00000000	     -7.00000000	      0.00000000	     80.00000000	      1.39626340	      0.00000000	      0.00000000	      0.00000000	     -7.37025885	     -1.28543217	      3.55547174	      6.37457157	     -2.80808508	     -2.43898969	      4.05646045	      0.00000000	      1.86922421	      6.25851832	      8.17547889	     -5.03411358	      4.36251037	      5.37114162	      0.00000000	     -7.23827801	      8.33198966
1760625439.56500006	      2.40207571	     -0.24460204	      2.62671820	     -0.02375598	      0.95082261	     -0.01313593	     80.00000000	     -7.00000000	      0.00000000	     80.00000000	      1.39626340	      0.00000000	      0.00000000	      0.00000000	     80.00000000	     -7.00000000	      0.00000000	     80.00000000	      1.39626340	      0.00000000	      0.00000000	      0.00000000	     -7.38421841	     -1.28773161	      3.58020964	      6.37802118	     -2.77765241	     -2.41370370	      4.06193683	      0.00000000	      1.88400713	      6.25184152	      8.17804774	     -5.04753863	      4.39576612	      5.37338674	      0.00000000	     -7.19313585	      8.30881509
1760625439.59800005	      2.37802699	     -0.25030250	      2.63034755	     -0.02320379	      0.95070357	     -0.01291106	     80.00000000	     -7.00000000	      0.00000000	     80.00000000	      1.39626340	      0.00000000	      0.00000000	      0.00000000	     80.00000000	     -7.00000000	      0.00000000	     80.00000000	      1.39626340	      0.00000000	      0.00000000	      0.00000000	     -7.37545122	     -1.29741169	      3.59447695	      6.38713188	     -2.73830626	     -2.41556585	      4.06865490	      0.00000000	      1.88005538	      6.22346197	      8.19704903	     -5.08459278	      4.44205786	      5.35227476	      0.00000000	     -7.16509902	      8.30974798
1760625439.63199997	      2.35848531	     -0.24404250	      2.61437815	     -0.02320128	      0.95041598	     -0.01279769	     80.00000000	     -7.00000000	      0.00000000	     80.00000000	      1.39626340	      0.00000000	      0.00000000	      0.00000000	     80.00000000	     -7.00000000	      0.00000000	     80.00000000	      1.39626340	      0.00000000	      0.00000000	      0.00000000	     -7.34223841	     -1.32304505	      3.68221132	      6.35169209	     -2.71020873	     -2.47343293	      4.07130734	      0.00000000	      1.86652896	      6.23210473	      8.17802438	     -5.13531267	      4.50393610	      5.30977626	      0.00000000	     -7.08820384	      8.33387232
1760625439.66499996	      2.34401417	     -0.24885905	      2.61410998	     -0.02331574	      0.95039045	     -0.01320350	     80.00000000	     -7.00000000	      0.00000000	     80.00000000	      1.39626340	      0.00000000	      0.00000000	      0.00000000	     80.00000000	     -7.00000000	      0.00000000	     80.00000000	      1.39626340	      0.00000000	      0.00000000	      0.00000000	     -7.35929077	     -1.31402167	      3.70101287	      6.36750083	     -2.70830194	     -2.47141566	      4.08463909	      0.00000000	      1.85910537	      6.23120858	      8.17823007	     -5.15125020	      4.51413833	      5.34021132	      0.00000000	     -7.06270392	      8.31555332
1760625439.69899988	      2.32546300	     -0.25099806	      2.60541169	     -0.02342881	      0.95033126	     -0.01361097	     80.00000000	     -7.00000000	      0.00000000	     80.00000000	      1.39626340	      0.00000000	      0.00000000	      0.00000000	     80.00000000	     -7.00000000	      0.00000000	     80.00000000	      1.39626340	      0.00000000	      0.00000000	      0.00000000	     -7.36881806	     -1.30290141	      3.74024431	      6.36739784	     -2.71014168	     -2.47570412	      4.09933916	      0.00000000	      1.86052350	      6.23481799	      8.18610011	     -5.16143857	      4.49962168	      5.33776044	      0.00000000	     -7.05786752	      8.30212768
1760625439.73200011	      2.32229060	     -0.24842887	      2.60327732	     -0.02330154	      0.95032847	     -0.01371166	     80.00000000	     -7.00000000	      0.00000000	     80.00000000	      1.39626340	      0.00000000	      0.00000000	      0.00000000	     80.00000000	     -7.00000000	      0.00000000	     80.00000000	      1.39626340	      0.00000000	      0.00000000	      0.00000000	     -7.39103250	     -1.29742156	      3.75777190	      6.36600217	     -2.70915916	     -2.49821767	      4.11956292	      0.00000000	      1.84562333	      6.21068256	      8.19406586	     -5.18702250	      4.51765341	      5.31126729	      0.00000000	     -7.04632103	      8.33647195
1760625439.76500010	      2.31165318	     -0.24182727	      2.60129231	     -0.02236286	      0.95041353	     -0.01367487	     80.00000000	     -7.00000000	      0.00000000	     80.00000000	      1.39626340	      0.00000000	      0.00000000	      0.00000000	     80.00000000	     -7.00000000	      0.00000000	     80.00000000	      1.39626340	      0.00000000	      0.00000000	      0.00000000	     -7.40260072	     -1.29798488	      3.75638701	      6.35480011	     -2.70549814	     -2.50490880	      4.12792426	      0.00000000	      1.84645451	      6.20928968	      8.18975909	     -5.19263444	      4.51537668	      5.29300135	      0.00000000	     -7.05684974	      8.34244191
1760625439.79900002	      2.29764879	     -0.23365158	      2.60711487	     -0.02245663	      0.95070700	     -0.01348204	     80.00000000	     -7.00000000	      0.00000000	     80.00000000	      1.39626340	      0.00000000	      0.00000000	      0.00000000	     80.00000000	     -7.00000000	      0.00000000	     80.00000000	      1.39626340	      0.00000000	      0.00000000	      0.00000000	     -7.41329946	     -1.29566284	      3.77307024	      6.34543205	     -2.69816834	     -2.54464626	      4.12808388	      0.00000000	      1.83917936	      6.22064713	      8.17225563	     -5.19600717	      4.46372511	      5.27858481	      0.00000000	     -7.05890925	      8.34014636
1760625439.83200002	      2.29439524	     -0.22693057	      2.58336423	     -0.02264658	      0.95107180	     -0.01341774	     80.00000000	     -7.00000000	      0.00000000	     80.00000000	      1.39626340	      0.00000000	      0.00000000	      0.00000000	     80.00000000	     -7.00000000	      0.00000000	     80.00000000	      1.39626340	      0.00000000	      0.00000000	      0.00000000	     -7.40160294	     -1.30771848	      3.81516644	      6.30547738	     -2.69144535	     -2.55370547	      4.14853444	      0.00000000	      1.81255905	      6.24098903	      8.13821816	     -5.19762631	      4.43146915	      5.27026062	      0.00000000	     -7.02685993	      8.32059531
1760625439.86599994	      2.29399657	     -0.21936083	      2.59167799	     -0.02271689	      0.95133184	     -0.01344178	     80.00000000	     -7.00000000	      0.00000000	     80.00000000	      1.39626340	      0.00000000	      0.00000000	      0.00000000	     80.00000000	     -7.00000000	      0.00000000	     80.00000000	      1.39626340	      0.00000000	      0.00000000	      0.00000000	     -7.27037905	     -1.30328922	      3.86397687	      6.14338887	     -2.68320539	     -2.60768156	      4.14139462	      0.00000000	      1.80154706	      6.24350242	      7.97408161	     -5.20148094	      4.47377843	      5.22347794	      0.00000000	     -6.97298111	      8.33625479
1760625439.89899993	      2.32596590	     -0.21303305	      2.59929941	     -0.02395644	      0.95201750	     -0.01320819	     80.00000000	     -7.00000000	      0.00000000	     80.00000000	      1.39626340	      0.00000000	      0.00000000	      0.00000000	     80.00000000	     -7.00000000	      0.00000000	     80.00000000	      1.39626340	      0.00000000	      0.00000000	      0.00000000	     -7.27637609	     -1.30338624	      3.87488292	      6.13416272	     -2.67782404	     -2.64078704	      4.10381051	      0.00000000	      1.78057292	      6.24167192	      7.92875810	     -5.19518034	      4.45892912	      5.22187565	      0.00000000	     -6.97461252	      8.32677330
1760625439.93300009	      2.31742853	     -0.20593692	      2.59225971	     -0.02460907	      0.95223212	     -0.01265340	     80.00000000	     -7.00000000	      0.00000000	     80.00000000	      1.39626340	      0.00000000	      0.00000000	      0.00000000	     80.00000000	     -7.00000000	      0.00000000	     80.00000000	      1.39626340	      0.00000000	      0.00000000	      0.00000000	     -7.13948190	     -1.32162414	      3.92608156	      5.99517739	     -2.65402094	     -2.68873677	      4.10809116	      0.00000000	      1.82254192	      6.22603694	      7.80436901	     -5.20742809	      4.45959634	      5.21593891	      0.00000000	     -6.96135140	      8.31950529
1760625439.96600008	      2.31713469	     -0.20200685	      2.59136994	     -0.02426932	      0.95178464	     -0.01264600	     80.00000000	     -7.00000000	      0.00000000	     80.00000000	      1.39626340	      0.00000000	      0.00000000	      0.00000000	     80.00000000	     -7.00000000	      0.00000000	     80.00000000	      1.39626340	      0.00000000	      0.00000000	      0.00000000	     -7.01614055	     -1.32558646	      3.95041552	      5.84796317	     -2.65490785	     -2.66784944	      4.11478055	      0.00000000	      1.84481035	      6.22220300	      7.67516185	     -5.20832116	      4.44910766	      5.18737430	      0.00000000	     -6.91272406	      8.32397113
1760625440.00000000	      2.32447066	     -0.19668839	      2.59065982	     -0.02394576	      0.95152361	     -0.01295230	     80.00000000	     -7.00000000	      0.00000000	     80.00000000	      1.39626340	      0.00000000	      0.00000000	      0.00000000	     80.00000000	     -7.00000000	      0.00000000	     80.00000000	      1.39626340	      0.00000000	      0.00000000	      0.00000000	     -6.91710996	     -1.32347415	      3.95878808	      5.73740097	     -2.67921619	     -2.65068549	      4.11559049	      0.00000000	      1.81461979	      6.24547086	      7.56902566	     -5.19691734	      4.44022418	      5.18932771	      0.00000000	     -6.85833568	      8.34314251
1760625440.03299999	      2.33138226	     -0.19329372	      2.59262465	     -0.02397793	      0.95142290	     -0.01308660	     80.00000000	     -7.00000000	      0.00000000	     80.00000000	      1.39626340	      0.00000000	      0.00000000	      0.00000000	     80.00000000	     -7.00000000	      0.00000000	     80.00000000	      1.39626340	      0.00000000	      0.00000000	      0.00000000	     -6.89938645	     -1.32792226	      3.95759222	      5.73871178	     -2.68052756	     -2.65695727	      4.08994386	      0.00000000	      1.81687198	      6.20935345	      7.54911297	     -5.18413568	      4.42813261	      5.20387340	      0.00000000	     -6.84008801	      8.34371413
1760625440.06599998	      2.33300508	     -0.19620979	      2.59216305	     -0.02353866	      0.95103801	     -0.01316582	     80.00000000	     -7.00000000	      0.00000000	     80.00000000	      1.39626340	      0.00000000	      0.00000000	      0.00000000	     80.00000000	     -7.00000000	      0.00000000	     80.00000000	      1.39626340	      0.00000000	      0.00000000	      0.00000000	     -6.89038455	     -1.33288053	      3.95464379	      5.73233318	     -2.68791952	     -2.61442218	      4.08794960	      0.00000000	      1.82979472	      6.20141599	      7.54550494	     -5.18270899	      4.46354022	      5.20228609	      0.00000000	     -6.83408358	      8.33189871
1760625440.09999990	      2.32874495	     -0.18712112	      2.59536886	     -0.02311667	      0.95085767	     -0.01290913	     80.00000000	     -7.00000000	      0.00000000	     80.00000000	      1.39626340	      0.00000000	      0.00000000	      0.00000000	     80.00000000	     -7.00000000	      0.00000000	     80.00000000	      1.39626340	      0.00000000	      0.00000000	      0.00000000	     -6.70881181	     -1.34544585	      3.89130443	      5.56607207	     -2.68295881	     -2.57599887	      4.09147244	      0.00000000	      1.86486418	      6.18721414	      7.35998168	     -5.19362841	      4.36509407	      5.17095177	      0.00000000	     -6.76206893	      8.32705809
1760625440.13299990	      2.34538154	     -0.18657558	      2.59983283	     -0.02307759	      0.95090023	     -0.01261816	     80.00000000	     -7.00000000	      0.00000000	     80.00000000	      1.39626340	      0.00000000	      0.00000000	      0.00000000	     80.00000000	     -7.00000000	      0.00000000	     80.00000000	      1.39626340	      0.00000000	      0.00000000	      0.00000000	     -6.70318241	     -1.36193989	      3.85296776	      5.57506551	     -2.66669021	     -2.57700270	      4.08844980	      0.00000000	      1.87370054	      6.16530962	      7.32280153	     -5.20264608	      4.40078043	      5.16901274	      0.00000000	     -6.76326715	      8.30461311
1760625440.16700006	      2.34840583	     -0.18208834	      2.58723019	     -0.02247285	      0.95090610	     -0.01231034	     80.00000000	     -7.00000000	      0.00000000	     80.00000000	      1.39626340	      0.00000000	      0.00000000	      0.00000000	     80.00000000	     -7.00000000	      0.00000000	     80.00000000	      1.39626340	      0.00000000	      0.00000000	      0.00000000	     -6.69440295	     -1.39462935	      3.78700040	      5.58177128	     -2.62121935	     -2.48784044	      4.08912958	      0.00000000	      1.89048567	      6.14850833	      7.25842563	     -5.25714180	      4.41644097	      5.22943507	      0.00000000	     -6.78589722	      8.34181403
1760625440.20000005	      2.36358600	     -0.17316152	      2.58043201	     -0.02237591	      0.95070137	     -0.01237217	     80.00000000	     -7.00000000	      0.00000000	     80.00000000	      1.39626340	      0.00000000	      0.00000000	      0.00000000	     80.00000000	     -7.00000000	      0.00000000	     80.00000000	      1.39626340	      0.00000000	      0.00000000	      0.00000000	     -6.71788495	     -1.41354747	      3.77562820	      5.60281060	     -2.60594432	     -2.50938453	      4.12974545	      0.00000000	      1.90451020	      6.12966979	      7.16069230	     -5.24843109	      4.37023555	      5.29994799	      0.00000000	     -6.74102749	      8.34214360
1760625440.23399997	      2.37628189	     -0.17091486	      2.58544412	     -0.02340656	      0.95093921	     -0.01213242	     80.00000000	     -7.00000000	      0.00000000	     80.00000000	      1.39626340	      0.00000000	      0.00000000	      0.00000000	     80.00000000	     -7.00000000	      0.00000000	     80.00000000	      1.39626340	      0.00000000	      0.00000000	      0.00000000	     -6.68330043	     -1.45563067	      3.68866608	      5.57654428	     -2.53415143	     -2.48080817	      4.15064134	      0.00000000	      1.91048992	      6.12036843	      7.05370609	     -5.28352232	      4.23198967	      5.37791206	      0.00000000	     -6.84499552	      8.31186894
1760625440.26699996	      2.40512254	     -0.17225194	      2.59317849	     -0.02392422	      0.95112581	     -0.01262130	     80.00000000	     -7.00000000	      0.00000000	     80.00000000	      1.39626340	      0.00000000	      0.00000000	      0.00000000	     80.00000000	     -7.00000000	      0.00000000	     80.00000000	      1.39626340	      0.00000000	      0.00000000	      0.00000000	     -6.69504728	     -1.45827644	      3.70778721	      5.57016630	     -2.50772362	     -2.48525449	      4.13322020	      0.00000000	      1.90940610	      6.12729115	      6.99894877	     -5.23918913	      4.19972374	      5.34876492	      0.00000000	     -6.85831442	      8.28808079
1760625440.30100012	      2.40579672	     -0.17863549	      2.61094642	     -0.02360685	      0.95111716	     -0.01298854	     80.00000000	     -7.00000000	      0.00000000	     80.00000000	      1.39626340	      0.00000000	      0.00000000	      0.00000000	     80.00000000	     -7.00000000	      0.00000000	     80.00000000	      1.39626340	      0.00000000	      0.00000000	      0.00000000	     -6.60276534	     -1.41792732	      3.71433846	      5.47520164	     -2.49585836	     -2.45319462	      4.10925705	      0.00000000	      1.88052852	      6.14804947	      6.85522401	     -5.13956918	      4.10038497	      5.35695397	      0.00000000	     -6.83898947	      8.22905830
1760625440.33400011	      2.42574625	     -0.17831928	      2.62746420	     -0.02389635	      0.95121243	     -0.01286725	     80.00000000	     -7.00000000	      0.00000000	     80.00000000	      1.39626340	      0.00000000	      0.00000000	      0.00000000	     80.00000000	     -7.00000000	      0.00000000	     80.00000000	      1.39626340	      0.00000000	      0.00000000	      0.00000000	     -6.62167033	     -1.41090285	      3.72954225	      5.47826139	     -2.47961905	     -2.48600541	      4.10208949	      0.00000000	      1.88015719	      6.15586106	      6.82600518	     -5.12297306	      4.06235513	      5.38437534	      0.00000000	     -6.81204478	      8.23128029
1760625440.36800003	      2.42428157	     -0.17660461	      2.64741580	     -0.02413940	      0.95136457	     -0.01267943	     80.00000000	     -7.00000000	      0.00000000	     80.00000000	      1.39626340	      0.00000000	      0.00000000	      0.00000000	     80.00000000	     -7.00000000	      0.00000000	     80.00000000	      1.39626340	      0.00000000	      0.00000000	      0.00000000	     -6.62156056	     -1.40657379	      3.75644437	      5.46500615	     -2.45544196	     -2.46878093	      4.09198227	      0.00000000	      1.87340606	      6.16826096	      6.83105383	     -5.09734169	      4.05442876	      5.40258138	      0.00000000	     -6.79840135	      8.23560438
1760625440.40100002	      2.44175875	     -0.17886786	      2.64570028	     -0.02398128	      0.95171356	     -0.01257156	     80.00000000	     -7.00000000	      0.00000000	     80.00000000	      1.39626340	      0.00000000	      0.00000000	      0.00000000	     80.00000000	     -7.00000000	      0.00000000	     80.00000000	      1.39626340	      0.00000000	      0.00000000	      0.00000000	     -6.62376629	     -1.34741589	      3.79693571	      5.45853503	     -2.49844404	     -2.40601418	      4.04327959	      0.00000000	      1.85505950	      6.21298018	      6.82268487	     -5.01547864	      4.01702163	      5.42513219	      0.00000000	     -6.80696629	      8.20786162
1760625440.43400002	      2.44767358	     -0.17697391	      2.65683430	     -0.02454936	      0.95163919	     -0.01276971	     80.00000000	     -7.00000000	      0.00000000	     80.00000000	      1.39626340	      0.00000000	      0.00000000	      0.00000000	     80.00000000	     -7.00000000	      0.00000000	     80.00000000	      1.39626340	      0.00000000	      0.00000000	      0.00000000	     -6.56592081	     -1.31356915	      3.80480475	      5.39255089	     -2.52237053	     -2.41781630	      4.04086134	      0.00000000	      1.84992216	      6.21554946	      6.74157724	     -4.96549266	      4.00966948	      5.38721034	      0.00000000	     -6.75105490	      8.19362708
1760625440.46799994	      2.43151756	     -0.17530026	      2.66250694	     -0.02482523	      0.95166233	     -0.01281622	     80.00000000	     -7.00000000	      0.00000000	     80.00000000	      1.39626340	      0.00000000	      0.00000000	      0.00000000	     80.00000000	     -7.00000000	      0.00000000	     80.00000000	      1.39626340	      0.00000000	      0.00000000	      0.00000000	     -6.40063976	     -1.32782375	      3.73051116	      5.22830959	     -2.49400299	     -2.36677032	      4.07381733	      0.00000000	      1.85439960	      6.21434169	      6.58651354	     -4.98344030	      3.89989542	      5.40696726	      0.00000000	     -6.75861622	      8.18326768
1760625440.50099993	      2.45368235	     -0.17675727	      2.66246696	     -0.02476620	      0.95152501	     -0.01292984	     80.00000000	     -7.00000000	      0.00000000	     80.00000000	      1.39626340	      0.00000000	      0.00000000	      0.00000000	     80.00000000	     -7.00000000	      0.00000000	     80.00000000	      1.39626340	      0.00000000	      0.00000000	      0.00000000	     -6.40759882	     -1.33218551	      3.72367255	      5.24148702	     -2.50280632	     -2.39443373	      4.06824407	      0.00000000	      1.85014855	      6.20573974	      6.57919260	     -4.98954077	      3.87090577	      5.38821649	      0.00000000	     -6.77825805	      8.15353289
1760625440.53500009	      2.46570520	     -0.17644473	      2.66020730	     -0.02529291	      0.95131023	     -0.01265364	     80.00000000	     -7.00000000	      0.00000000	     80.00000000	      1.39626340	      0.00000000	      0.00000000	      0.00000000	     80.00000000	     -7.00000000	      0.00000000	     80.00000000	      1.39626340	      0.00000000	      0.00000000	      0.00000000	     -6.40336166	     -1.33595947	      3.72133181	      5.24542105	     -2.51188632	     -2.39783471	      4.06757524	      0.00000000	      1.85309157	      6.20123717	      6.57218224	     -5.00056372	      3.87119804	      5.38363242	      0.00000000	     -6.77506643	      8.14167775
1760625440.56800008	      2.46090434	     -0.17521286	      2.65111301	     -0.02495146	      0.95105091	     -0.01237979	     80.00000000	     -7.00000000	      0.00000000	     80.00000000	      1.39626340	      0.00000000	      0.00000000	      0.00000000	     80.00000000	     -7.00000000	      0.00000000	     80.00000000	      1.39626340	      0.00000000	      0.00000000	      0.00000000	     -6.39690381	     -1.36021079	      3.72739220	      5.26022445	     -2.51149901	     -2.44874970	      4.07473976	      0.00000000	      1.85866674	      6.21295287	      6.56810319	     -5.02767964	      3.83510679	      5.40052283	      0.00000000	     -6.73845935	      8.13048896
1760625440.60200000	      2.45933911	     -0.16852083	      2.64185878	     -0.02441646	      0.95088049	     -0.01204331	     80.00000000	     -7.00000000	      0.00000000	     80.00000000	      1.39626340	      0.00000000	      0.00000000	      0.00000000	     80.00000000	     -7.00000000	      0.00000000	     80.00000000	      1.39626340	      0.00000000	      0.00000000	      0.00000000	     -6.42140591	     -1.43185260	      3.77052301	      5.34625092	     -2.46058516	     -2.60505828	      4.05345397	      0.00000000	      1.87121276	      6.18590042	      6.64477799	     -5.08212518	      3.80800528	      5.39761328	      0.00000000	     -6.74220226	      8.10857488
1760625440.63499999	      2.43709428	     -0.17664679	      2.64352032	     -0.02435452	      0.95104459	     -0.01190766	     80.00000000	     -7.00000000	      0.00000000	     80.00000000	      1.39626340	      0.00000000	      0.00000000	      0.00000000	     80.00000000	     -7.00000000	      0.00000000	     80.00000000	      1.39626340	      0.00000000	      0.00000000	      0.00000000	     -6.39024723	     -1.44232115	      3.76407985	      5.38090079	     -2.46015307	     -2.70669023	      4.04638198	      0.00000000	      1.86259577	      6.20399409	      6.67436602	     -5.09345909	      3.76142082	      5.38259101	      0.00000000	     -6.74015397	      8.08984576
1760625440.66899991	      2.39445883	     -0.18049610	      2.66831400	     -0.02483549	      0.95116582	     -0.01179064	     80.00000000	     -7.00000000	      0.00000000	     80.00000000	      1.39626340	      0.00000000	      0.00000000	      0.00000000	     80.00000000	     -7.00000000	      0.00000000	     80.00000000	      1.39626340	      0.00000000	      0.00000000	      0.00000000	     -6.33439310	     -1.46150645	      3.73444444	      5.42146524	     -2.45020289	     -2.81706414	      4.02995592	      0.00000000	      1.85414128	      6.18866297	      6.69616687	     -5.10829383	      3.71952184	      5.36020478	      0.00000000	     -6.73368470	      8.06919894
1760625440.70199990	      2.39591548	     -0.18195822	      2.65554387	     -0.02487857	      0.95115846	     -0.01153628	     80.00000000	     -7.00000000	      0.00000000	     80.00000000	      1.39626340	      0.00000000	      0.00000000	      0.00000000	     80.00000000	     -7.00000000	      0.00000000	     80.00000000	      1.39626340	      0.00000000	      0.00000000	      0.00000000	     -6.32348369	     -1.46725753	      3.72176094	      5.42290652	     -2.45569278	     -2.86057280	      4.03085948	      0.00000000	      1.86017179	      6.18418674	      6.70745203	     -5.12401703	      3.69855792	      5.34430781	      0.00000000	     -6.73723365	      8.06112614
1760625440.73600006	      2.38109909	     -0.17356241	      2.66152431	     -0.02503479	      0.95118458	     -0.01115987	     80.00000000	     -7.00000000	      0.00000000	     80.00000000	      1.39626340	      0.00000000	      0.00000000	      0.00000000	     80.00000000	     -7.00000000	      0.00000000	     80.00000000	      1.39626340	      0.00000000	      0.00000000	      0.00000000	     -6.20223149	     -1.58472010	      3.74673156	      5.31744665	     -2.32431435	     -2.91983602	      4.04017778	      0.00000000	      1.87477226	      6.17839645	      6.65796447	     -5.22966715	      3.76285854	      5.23519796	      0.00000000	     -6.63612891	      8.06550569
1760625440.76900005	      2.39238506	     -0.18978383	      2.65865581	     -0.02473509	      0.95123356	     -0.01162850	     80.00000000	     -7.00000000	      0.00000000	     80.00000000	      1.39626340	      0.00000000	      0.00000000	      0.00000000	     80.00000000	     -7.00000000	      0.00000000	     80.00000000	      1.39626340	      0.00000000	      0.00000000	      0.00000000	     -6.17757694	     -1.58220397	      3.73116438	      5.28296800	     -2.29587935	     -2.94776422	      4.04027308	      0.00000000	      1.88694263	      6.16682389	      6.67669803	     -5.22653656	      3.75975164	      5.22896797	      0.00000000	     -6.64316295	      8.04559629
1760625440.80299997	      2.40294530	     -0.19000628	      2.65551745	     -0.02495943	      0.95151416	     -0.01217793	     80.00000000	     -7.00000000	      0.00000000	     80.00000000	      1.39626340	      0.00000000	      0.00000000	      0.00000000	     80.00000000	     -7.00000000	      0.00000000	     80.00000000	      1.39626340	      0.00000000	      0.00000000	      0.00000000	     -6.15991517	     -1.57017076	      3.72121857	      5.27433277	     -2.26750575	     -2.97065523	      4.02848041	      0.00000000	      1.87537171	      6.17061414	      6.68559476	     -5.21345146	      3.76365006	      5.23361849	      0.00000000	     -6.63662368	      8.04434335
1760625440.83599997	      2.39232912	     -0.19444371	      2.65065637	     -0.02493140	      0.95154204	     -0.01238530	     80.00000000	     -7.00000000	      0.00000000	     80.00000000	      1.39626340	      0.00000000	      0.00000000	      0.00000000	     80.00000000	     -7.00000000	      0.00000000	     80.00000000	      1.39626340	      0.00000000	      0.00000000	      0.00000000	     -6.12703504	     -1.56460830	      3.73475029	      5.26800898	     -2.24304951	     -2.98493117	      4.02078667	      0.00000000	      1.85266906	      6.18998027	      6.69110325	     -5.19926459	      3.77702643	      5.25504236	      0.00000000	     -6.59280536	      8.04296859
1760625440.86899996	      2.40230692	     -0.18719002	      2.65021853	     -0.02515044	      0.95171308	     -0.01204480	     80.00000000	     -7.00000000	      0.00000000	     80.00000000	      1.39626340	      0.00000000	      0.00000000	      0.00000000	     80.00000000	     -7.00000000	      0.00000000	     80.00000000	      1.39626340	      0.00000000	      0.00000000	      0.00000000	     -6.10972837	     -1.60283356	      3.77197660	      5.25124844	     -2.16830716	     -3.08900623	      4.04538404	      0.00000000	      1.85353404	      6.18225172	      6.71481279	     -5.20517397	      3.83798570	      5.25324192	      0.00000000	     -6.57372592	      8.02582700
1760625440.90300012	      2.41358580	     -0.19501570	      2.66647700	     -0.02583349	      0.95168238	     -0.01193645	     80.00000000	     -7.00000000	      0.00000000	     80.00000000	      1.39626340	      0.00000000	      0.00000000	      0.00000000	     80.00000000	     -7.00000000	      0.00000000	     80.00000000	      1.39626340	      0.00000000	      0.00000000	      0.00000000	     -6.11396561	     -1.59330345	      3.74411681	      5.27054216	     -2.13479377	     -3.12954542	      4.05289997	      0.00000000	      1.85037444	      6.18021747	      6.71911471	     -5.18975883	      3.85245158	      5.28139897	      0.00000000	     -6.57252723	      8.00131470
1760625440.93600011	      2.43878384	     -0.20039643	      2.67318654	     -0.02650994	      0.95161943	     -0.01172009	     80.00000000	     -7.00000000	      0.00000000	     80.00000000	      1.39626340	      0.00000000	      0.00000000	      0.00000000	     80.00000000	     -7.00000000	      0.00000000	     80.00000000	      1.39626340	      0.00000000	      0.00000000	      0.00000000	     -6.15460911	     -1.60223310	      3.72116880	      5.28433134	     -2.09092970	     -3.12248359	      4.06371194	      0.00000000	      1.83336521	      6.19298362	      6.74430377	     -5.19987175	      3.88376238	      5.31274984	      0.00000000	     -6.56536657	      8.01561045
1760625440.97000003	      2.44655907	     -0.18820043	      2.68125065	     -0.02708213	      0.95162899	     -0.01108810	     80.00000000	     -7.00000000	      0.00000000	     80.00000000	      1.39626340	      0.00000000	      0.00000000	      0.00000000	     80.00000000	     -7.00000000	      0.00000000	     80.00000000	      1.39626340	      0.00000000	      0.00000000	      0.00000000	     -6.26539556	     -1.64738235	      3.63032969	      5.37715863	     -2.00419186	     -2.99113003	      4.05538376	      0.00000000	      1.83855970	      6.18255234	      6.85958157	     -5.20542728	      3.89774042	      5.31329340	      0.00000000	     -6.60096892	      8.00644882
1760625441.00300002	      2.45384633	     -0.18339443	      2.67523274	     -0.02743665	      0.95163562	     -0.01084384	     80.00000000	     -7.00000000	      0.00000000	     80.00000000	      1.39626340	      0.00000000	      0.00000000	      0.00000000	     80.00000000	     -7.00000000	      0.00000000	     80.00000000	      1.39626340	      0.00000000	      0.00000000	      0.00000000	     -6.27492455	     -1.64810163	      3.60571778	      5.35893098	     -1.99229684	     -2.97519352	      4.06895456	      0.00000000	      1.86731067	      6.16579044	      6.86123964	     -5.17328847	      3.91217263	      5.31669276	      0.00000000	     -6.58157751	      8.00343157
1760625441.03699994	      2.45900531	     -0.19126309	      2.67568178	     -0.02686701	      0.95125278	     -0.01172519	     80.00000000	     -7.00000000	      0.00000000	     80.00000000	      1.39626340	      0.00000000	      0.00000000	      0.00000000	     80.00000000	     -7.00000000	      0.00000000	     80.00000000	      1.39626340	      0.00000000	      0.00000000	      0.00000000	     -6.31928049	     -1.58017782	      3.52111066	      5.37620149	     -2.04326024	     -2.87896410	      4.07593132	      0.00000000	      1.85559447	      6.18009655	      6.89174624	     -5.07689089	      3.87940559	      5.31999737	      0.00000000	     -6.56712405	      8.02108774
1760625441.06999993	      2.46862680	     -0.18380289	      2.67024021	     -0.02612958	      0.95090238	     -0.01193217	     80.00000000	     -7.00000000	      0.00000000	     80.00000000	      1.39626340	      0.00000000	      0.00000000	      0.00000000	     80.00000000	     -7.00000000	      0.00000000	     80.00000000	      1.39626340	      0.00000000	      0.00000000	      0.00000000	     -6.34526623	     -1.59219377	      3.48428564	      5.35465890	     -2.03067191	     -2.80819966	      4.07822731	      0.00000000	      1.86723322	      6.17291209	      6.90091480	     -5.03487263	      3.94213800	      5.32060585	      0.00000000	     -6.58857504	      8.00382564
1760625441.10299993	      2.47893485	     -0.17930205	      2.67532944	     -0.02480594	      0.95047806	     -0.01233206	     80.00000000	     -7.00000000	      0.00000000	     80.00000000	      1.39626340	      0.00000000	      0.00000000	      0.00000000	     80.00000000	     -7.00000000	      0.00000000	     80.00000000	      1.39626340	      0.00000000	      0.00000000	      0.00000000	     -6.37055428	     -1.59074537	      3.41787326	      5.33720097	     -2.04385765	     -2.76840862	      4.09058310	      0.00000000	      1.88870037	      6.17551847	      6.87568940	     -5.01391488	      4.01017637	      5.33546909	      0.00000000	     -6.57449610	      8.01368612
1760625441.13700008	      2.46284936	     -0.17513199	      2.68264264	     -0.02423746	      0.95037744	     -0.01187608	     80.00000000	     -7.00000000	      0.00000000	     80.00000000	      1.39626340	      0.00000000	      0.00000000	      0.00000000	     80.00000000	     -7.00000000	      0.00000000	     80.00000000	      1.39626340	      0.00000000	      0.00000000	      0.00000000	     -6.39047209	     -1.59495858	      3.37633216	      5.33830649	     -2.05451827	     -2.75534509	      4.09875805	      0.00000000	      1.88728679	      6.18114888	      6.87305059	     -4.99794298	      4.03280414	      5.37359988	      0.00000000	     -6.54582956	      8.03670938
1760625441.17000008	      2.46358719	     -0.17136367	      2.69158144	     -0.02431758	      0.95039331	     -0.01096826	     80.00000000	     -7.00000000	      0.00000000	     80.00000000	      1.39626340	      0.00000000	      0.00000000	      0.00000000	     80.00000000	     -7.00000000	      0.00000000	     80.00000000	      1.39626340	      0.00000000	      0.00000000	      0.00000000	     -6.41732914	     -1.61307482	      3.32305304	      5.32411731	     -2.04032476	     -2.73769963	      4.10698101	      0.00000000	      1.88397474	      6.19549340	      6.87574037	     -5.01353638	      4.06166719	      5.37354617	      0.00000000	     -6.56540776	      8.04048062
1760625441.20400000	      2.47953533	     -0.15853035	      2.68826897	     -0.02408038	      0.95054295	     -0.01042421	     80.00000000	     -7.00000000	      0.00000000	     80.00000000	      1.39626340	      0.00000000	      0.00000000	      0.00000000	     80.00000000	     -7.00000000	      0.00000000	     80.00000000	      1.39626340	      0.00000000	      0.00000000	      0.00000000	     -6.50030354	     -1.65892409	      3.26202445	      5.34918909	     -2.01165236	     -2.69180663	      4.11408326	      0.00000000	      1.85960975	      6.20020315	      6.93822561	     -5.02208923	      4.06722735	      5.38788950	      0.00000000	     -6.60690023	      7.99367327
1760625441.23699999	      2.48007810	     -0.15141986	      2.68044073	     -0.02408691	      0.95070060	     -0.01016182	     80.00000000	     -7.00000000	      0.00000000	     80.00000000	      1.39626340	      0.00000000	      0.00000000	      0.00000000	     80.00000000	     -7.00000000	      0.00000000	     80.00000000	      1.39626340	      0.00000000	      0.00000000	      0.00000000	     -6.66382994	     -1.65275712	      3.15311383	      5.48800533	     -2.02069391	     -2.60473432	      4.09530141	      0.00000000	      1.87748302	      6.19304820	      7.08395963	     -5.01183732	      3.98189920	      5.45637000	      0.00000000	     -6.64742866	      7.98343418
1760625441.27099991	      2.48752820	     -0.14293612	      2.67706545	     -0.02418271	      0.95086186	     -0.01009534	     80.00000000	     -7.00000000	      0.00000000	     80.00000000	      1.39626340	      0.00000000	      0.00000000	      0.00000000	     80.00000000	     -7.00000000	      0.00000000	     80.00000000	      1.39626340	      0.00000000	      0.00000000	      0.00000000	     -6.75588232	     -1.68430490	      3.09179768	      5.52896057	     -2.00968963	     -2.62101790	      4.11728976	      0.00000000	      1.88623831	      6.18643406	      7.14809760	     -5.03233453	      3.95997935	      5.50348038	      0.00000000	     -6.67997725	      7.97062781
1760625441.30399990	      2.47942258	     -0.13728746	      2.67724924	     -0.02435289	      0.95098943	     -0.00982145	     80.00000000	     -7.00000000	      0.00000000	     80.00000000	      1.39626340	      0.00000000	      0.00000000	      0.00000000	     80.00000000	     -7.00000000	      0.00000000	     80.00000000	      1.39626340	      0.00000000	      0.00000000	      0.00000000	     -6.76522422	     -1.70140621	      3.04713590	      5.52707265	     -2.00190261	     -2.71271056	      4.15594538	      0.00000000	      1.92499887	      6.15839923	      7.14752231	     -5.01901897	      3.94712797	      5.49499686	      0.00000000	     -6.67292455	      7.94221133
1760625441.33800006	      2.46612339	     -0.13771674	      2.67878314	     -0.02432247	      0.95116418	     -0.00951182	     80.00000000	     -7.00000000	      0.00000000	     80.00000000	      1.39626340	      0.00000000	      0.00000000	      0.00000000	     80.00000000	     -7.00000000	      0.00000000	     80.00000000	      1.39626340	      0.00000000	      0.00000000	      0.00000000	     -6.78014977	     -1.72029377	      3.02716718	      5.53735703	     -1.99528409	     -2.83128960	      4.18428374	      0.00000000	      1.94250859	      6.13810769	      7.15077576	     -5.02941694	      3.89655440	      5.52531140	      0.00000000	     -6.65284349	      7.93705551
1760625441.37100005	      2.46522561	     -0.12666119	      2.67999025	     -0.02410115	      0.95136804	     -0.00901313	     80.00000000	     -7.00000000	      0.00000000	     80.00000000	      1.39626340	      0.00000000	      0.00000000	      0.00000000	     80.00000000	     -7.00000000	      0.00000000	     80.00000000	      1.39626340	      0.00000000	      0.00000000	      0.00000000	     -6.83126716	     -1.78636375	      3.02885835	      5.56727715	     -1.93916377	     -2.84719392	      4.17089075	      0.00000000	      1.94452446	      6.11078369	      7.20179412	     -5.06491685	      3.90112551	      5.55610490	      0.00000000	     -6.68189531	      7.91651103
1760625441.40499997	      2.46447576	     -0.12348723	      2.67609540	     -0.02365515	      0.95162781	     -0.00880229	     80.00000000	     -7.00000000	      0.00000000	     80.00000000	      1.39626340	      0.00000000	      0.00000000	      0.00000000	     80.00000000	     -7.00000000	      0.00000000	     80.00000000	      1.39626340	      0.00000000	      0.00000000	      0.00000000	     -6.94490622	     -1.80323096	      2.95841104	      5.66165437	     -1.91982924	     -2.78963533	      4.16991409	      0.00000000	      1.94822463	      6.10637018	      7.30579665	     -5.06830895	      3.85340826	      5.61704810	      0.00000000	     -6.72484146	      7.89888104
1760625441.43799996	      2.45677215	     -0.12464534	      2.67601479	     -0.02358112	      0.95191424	     -0.00887409	     80.00000000	     -7.00000000	      0.00000000	     80.00000000	      1.39626340	      0.00000000	      0.00000000	      0.00000000	     80.00000000	     -7.00000000	      0.00000000	     80.00000000	      1.39626340	      0.00000000	      0.00000000	      0.00000000	     -6.95022329	     -1.80247443	      2.94938041	      5.66577716	     -1.91648567	     -2.79704644	      4.17300366	      0.00000000	      1.94728581	      6.11250522	      7.30389489	     -5.06767966	      3.85403541	      5.61572139	      0.00000000	     -6.72187790	      7.89891505
1760625441.47099996	      2.46180880	     -0.12608521	      2.68426212	     -0.02386673	      0.95219089	     -0.00897764	     80.00000000	     -7.00000000	      0.00000000	     80.00000000	      1.39626340	      0.00000000	      0.00000000	      0.00000000	     80.00000000	     -7.00000000	      0.00000000	     80.00000000	      1.39626340	      0.00000000	      0.00000000	      0.00000000	     -7.03537994	     -1.80016460	      2.91175442	      5.73532557	     -1.90400832	     -2.77514981	      4.19035090	      0.00000000	      1.92849537	      6.09965934	      7.36813881	     -5.05891031	      3.84871955	      5.59767468	      0.00000000	     -6.70331005	      7.89648648
1760625441.50500011	      2.45739950	     -0.12862147	      2.68411647	     -0.02425892	      0.95240448	     -0.00893364	     80.00000000	     -7.00000000	      0.00000000	     80.00000000	      1.39626340	      0.00000000	      0.00000000	      0.00000000	     80.00000000	     -7.00000000	      0.00000000	     80.00000000	      1.39626340	      0.00000000	      0.00000000	      0.00000000	     -7.04392671	     -1.79510492	      2.91630588	      5.73825680	     -1.88891918	     -2.77831409	      4.19641561	      0.00000000	      1.95110488	      6.09886389	      7.34847944	     -5.05467348	      3.84674213	      5.60863738	      0.00000000	     -6.67339499	      7.90195202
1760625441.53800011	      2.45884636	     -0.12595224	      2.68003561	     -0.02429504	      0.95247376	     -0.00899991	     80.00000000	     -7.00000000	      0.00000000	     80.00000000	      1.39626340	      0.00000000	      0.00000000	      0.00000000	     80.00000000	     -7.00000000	      0.00000000	     80.00000000	      1.39626340	      0.00000000	      0.00000000	      0.00000000	     -7.04670384	     -1.78638069	      2.91199142	      5.74189243	     -1.87978189	     -2.77473434	      4.19787691	      0.00000000	      1.95946275	      6.10582710	      7.34142754	     -5.05846742	      3.85537239	      5.60756807	      0.00000000	     -6.66423884	      7.90111980
1760625441.57200003	      2.45079113	     -0.13673737	      2.68077627	     -0.02394659	      0.95242586	     -0.00892552	     80.00000000	     -7.00000000	      0.00000000	     80.00000000	      1.39626340	      0.00000000	      0.00000000	      0.00000000	     80.00000000	     -7.00000000	      0.00000000	     80.00000000	      1.39626340	      0.00000000	      0.00000000	      0.00000000	     -7.04243960	     -1.76280625	      2.91609638	      5.75263086	     -1.86063877	     -2.73354126	      4.16923668	      0.00000000	      1.96798480	      6.14686418	      7.33505291	     -5.06570747	      3.88527456	      5.60081954	      0.00000000	     -6.62968427	      7.89077233
1760625441.60500002	      2.45914390	     -0.13248727	      2.68525946	     -0.02319916	      0.95241878	     -0.00933671	     80.00000000	     -7.00000000	      0.00000000	     80.00000000	      1.39626340	      0.00000000	      0.00000000	      0.00000000	     80.00000000	     -7.00000000	      0.00000000	     80.00000000	      1.39626340	      0.00000000	      0.00000000	      0.00000000	     -7.05788822	     -1.74272796	      2.91422377	      5.73508640	     -1.85759630	     -2.70281153	      4.17023063	      0.00000000	      2.00245682	      6.17925411	      7.31683514	     -5.05487335	      3.89499940	      5.60819312	      0.00000000	     -6.57971168	      7.88322314
1760625441.63899994	      2.45117911	     -0.14512319	      2.69202101	     -0.02237785	      0.95230665	     -0.01043212	     80.00000000	     -7.00000000	      0.00000000	     80.00000000	      1.39626340	      0.00000000	      0.00000000	      0.00000000	     80.00000000	     -7.00000000	      0.00000000	     80.00000000	      1.39626340	      0.00000000	      0.00000000	      0.00000000	     -7.08682189	     -1.61609098	      2.84870946	      5.78257292	     -1.94396809	     -2.65091975	      4.18572440	      0.00000000	      1.98433153	      6.16811904	      7.36847655	     -4.95499677	      3.83162450	      5.62340347	      0.00000000	     -6.59825001	      7.85664451
1760625441.67199993	      2.43118807	     -0.15072488	      2.69377530	     -0.02219490	      0.95214669	     -0.01115366	     80.00000000	     -7.00000000	      0.00000000	     80.00000000	      1.39626340	      0.00000000	      0.00000000	      0.00000000	     80.00000000	     -7.00000000	      0.00000000	     80.00000000	      1.39626340	      0.00000000	      0.00000000	      0.00000000	     -7.04213096	     -1.53473492	      2.85739147	      5.76001841	     -2.00398335	     -2.63834755	      4.16686496	      0.00000000	      1.99423446	      6.17020525	      7.33583487	     -4.89877366	      3.83254717	      5.59245378	      0.00000000	     -6.56104096	      7.83932900
1760625441.70499992	      2.42074763	     -0.15373499	      2.69347550	     -0.02220700	      0.95184932	     -0.01161566	     80.00000000	     -7.00000000	      0.00000000	     80.00000000	      1.39626340	      0.00000000	      0.00000000	      0.00000000	     80.00000000	     -7.00000000	      0.00000000	     80.00000000	      1.39626340	      0.00000000	      0.00000000	      0.00000000	     -6.98730636	     -1.45259908	      2.89390831	      5.72052031	     -2.07211029	     -2.64920018	      4.15581113	      0.00000000	      1.98746526	      6.17293269	      7.29115702	     -4.84223242	      3.84067207	      5.56586447	      0.00000000	     -6.52342526	      7.84863738
1760625441.73900008	      2.41347965	     -0.15557025	      2.69607314	     -0.02261140	      0.95152017	     -0.01191058	     80.00000000	     -7.00000000	      0.00000000	     80.00000000	      1.39626340	      0.00000000	      0.00000000	      0.00000000	     80.00000000	     -7.00000000	      0.00000000	     80.00000000	      1.39626340	      0.00000000	      0.00000000	      0.00000000	     -6.88218007	     -1.37926922	      3.04363421	      5.63621416	     -2.13778030	     -2.76043807	      4.14831013	      0.00000000	      1.95834432	      6.16490189	      7.18378363	     -4.79426469	      3.94469025	      5.49514571	      0.00000000	     -6.46955045	      7.85769180
1760625441.77200007	      2.40677534	     -0.15482323	      2.68511780	     -0.02266912	      0.95127463	     -0.01178200	     80.00000000	     -7.00000000	      0.00000000	     80.00000000	      1.39626340	      0.00000000	      0.00000000	      0.00000000	     80.00000000	     -7.00000000	      0.00000000	     80.00000000	      1.39626340	      0.00000000	      0.00000000	      0.00000000	     -6.87458223	     -1.36076494	      3.06341020	      5.64435025	     -2.14925522	     -2.73919297	      4.15472202	      0.00000000	      1.97462257	      6.15973322	      7.19514923	     -4.78840939	      3.94482910	      5.47212678	      0.00000000	     -6.49273930	      7.84616452
1760625441.80599999	      2.40441164	     -0.15576681	      2.70290608	     -0.02356963	      0.95124718	     -0.01146493	     80.00000000	     -7.00000000	      0.00000000	     80.00000000	      1.39626340	      0.00000000	      0.00000000	      0.00000000	     80.00000000	     -7.00000000	      0.00000000	     80.00000000	      1.39626340	      0.00000000	      0.00000000	      0.00000000	     -6.85828707	     -1.33284253	      3.07218976	      5.65825365	     -2.16333540	     -2.76236809	      4.14058452	      0.00000000	      1.98955112	      6.14519308	      7.16717281	     -4.76957118	      3.98344753	      5.42067561	      0.00000000	     -6.48347552	      7.85054054
1760625441.83899999	      2.38265156	     -0.15525581	      2.69438953	     -0.02299394	      0.95102928	     -0.01164761	     80.00000000	     -7.00000000	      0.00000000	     80.00000000	      1.39626340	      0.00000000	      0.00000000	      0.00000000	     80.00000000	     -7.00000000	      0.00000000	     80.00000000	      1.39626340	      0.00000000	      0.00000000	      0.00000000	     -6.77996100	     -1.28696950	      3.15599833	      5.60337499	     -2.19891347	     -2.81964267	      4.16037852	      0.00000000	      1.98053661	      6.15601670	      7.09708350	     -4.74014320	      4.01710310	      5.34264324	      0.00000000	     -6.41447580	      7.89182502
1760625441.87299991	      2.37599842	     -0.15182344	      2.68534041	     -0.02297415	      0.95116550	     -0.01179332	     80.00000000	     -7.00000000	      0.00000000	     80.00000000	      1.39626340	      0.00000000	      0.00000000	      0.00000000	     80.00000000	     -7.00000000	      0.00000000	     80.00000000	      1.39626340	      0.00000000	      0.00000000	      0.00000000	     -6.71099492	     -1.27487009	      3.24366338	      5.54002410	     -2.20127392	     -2.87863511	      4.17178200	      0.00000000	      1.99811823	      6.16551953	      7.01823137	     -4.72114538	      4.05839868	      5.28286517	      0.00000000	     -6.37385934	      7.88357965
1760625441.90599990	      2.38658753	     -0.14995985	      2.68415354	     -0.02302421	      0.95145363	     -0.01197442	     80.00000000	     -7.00000000	      0.00000000	     80.00000000	      1.39626340	      0.00000000	      0.00000000	      0.00000000	     80.00000000	     -7.00000000	      0.00000000	     80.00000000	      1.39626340	      0.00000000	      0.00000000	      0.00000000	     -6.70677167	     -1.26505614	      3.25768464	      5.54252864	     -2.20053721	     -2.89326414	      4.17921235	      0.00000000	      1.99282129	      6.16486923	      7.01276045	     -4.71531341	      4.05400553	      5.26309163	      0.00000000	     -6.39337306	      7.89263023
1760625441.94000006	      2.38500681	     -0.14733166	      2.68343374	     -0.02314087	      0.95161023	     -0.01137079	     80.00000000	     -7.00000000	      0.00000000	     80.00000000	      1.39626340	      0.00000000	      0.00000000	      0.00000000	     80.00000000	     -7.00000000	      0.00000000	     80.00000000	      1.39626340	      0.00000000	      0.00000000	      0.00000000	     -6.70516379	     -1.26330851	      3.30160706	      5.57083073	     -2.19340013	     -2.89609979	      4.17488017	      0.00000000	      1.96875067	      6.15602935	      7.01055003	     -4.73209817	      4.04651809	      5.25525512	      0.00000000	     -6.36877740	      7.89849671
1760625441.97300005	      2.39351963	     -0.13817822	      2.68178437	     -0.02346788	      0.95184337	     -0.01030866	     80.00000000	     -7.00000000	      0.00000000	     80.00000000	      1.39626340	      0.00000000	      0.00000000	      0.00000000	     80.00000000	     -7.00000000	      0.00000000	     80.00000000	      1.39626340	      0.00000000	      0.00000000	      0.00000000	     -6.74580486	     -1.34279346	      3.37064153	      5.62102188	     -2.12408476	     -2.99327393	      4.18935287	      0.00000000	      1.98901485	      6.14214705	      7.06699059	     -4.80318330	      4.08785495	      5.20472725	      0.00000000	     -6.31979152	      7.90325580
1760625442.00699997	      2.38697687	     -0.12897780	      2.68497754	     -0.02424763	      0.95202208	     -0.00938630	     80.00000000	     -7.00000000	      0.00000000	     80.00000000	      1.39626340	      0.00000000	      0.00000000	      0.00000000	     80.00000000	     -7.00000000	      0.00000000	     80.00000000	      1.39626340	      0.00000000	      0.00000000	      0.00000000	     -6.73610669	     -1.40654036	      3.42321993	      5.65756807	     -2.07240467	     -3.10840042	      4.18528980	      0.00000000	      1.98930932	      6.13731913	      7.07095989	     -4.85911727	      4.09827466	      5.20671583	      0.00000000	     -6.31871854	      7.88402354
1760625442.03999996	      2.36634672	     -0.12311667	      2.67784447	     -0.02459376	      0.95204186	     -0.00905743	     80.00000000	     -7.00000000	      0.00000000	     80.00000000	      1.39626340	      0.00000000	      0.00000000	      0.00000000	     80.00000000	     -7.00000000	      0.00000000	     80.00000000	      1.39626340	      0.00000000	      0.00000000	      0.00000000	     -6.66905587	     -1.44860911	      3.47474665	      5.63562303	     -2.04249959	     -3.16833812	      4.17708267	      0.00000000	      1.98096510	      6.14389121	      7.02296802	     -4.90455777	      4.10068691	      5.16619679	      0.00000000	     -6.24872720	      7.90676168
1760625442.07399988	      2.35269545	     -0.11626502	      2.65724184	     -0.02448283	      0.95191899	     -0.00870284	     80.00000000	     -7.00000000	      0.00000000	     80.00000000	      1.39626340	      0.00000000	      0.00000000	      0.00000000	     80.00000000	     -7.00000000	      0.00000000	     80.00000000	      1.39626340	      0.00000000	      0.00000000	      0.00000000	     -6.57142733	     -1.52431244	      3.48853513	      5.54914469	     -1.97671734	     -3.15118683	      4.16617433	      0.00000000	      1.99516584	      6.14622186	      6.93722010	     -4.97413122	      4.07228803	      5.16565201	      0.00000000	     -6.22951188	      7.90739334
1760625442.10700011	      2.37433041	     -0.10856040	      2.64331180	     -0.02455877	      0.95199715	     -0.00892318	     80.00000000	     -7.00000000	      0.00000000	     80.00000000	      1.39626340	      0.00000000	      0.00000000	      0.00000000	     80.00000000	     -7.00000000	      0.00000000	     80.00000000	      1.39626340	      0.00000000	      0.00000000	      0.00000000	     -6.57636326	     -1.55298176	      3.48974387	      5.52483716	     -1.97649431	     -3.13567022	      4.15593882	      0.00000000	      1.97965743	      6.16060541	      6.90787807	     -4.98415857	      4.09384714	      5.14519309	      0.00000000	     -6.23354532	      7.90116259
1760625442.14000010	      2.35701379	     -0.10020907	      2.64714414	     -0.02435706	      0.95210252	     -0.00923149	     80.00000000	     -7.00000000	      0.00000000	     80.00000000	      1.39626340	      0.00000000	      0.00000000	      0.00000000	     80.00000000	     -7.00000000	      0.00000000	     80.00000000	      1.39626340	      0.00000000	      0.00000000	      0.00000000	     -6.57403905	     -1.58002963	      3.46127603	      5.51748689	     -1.98607167	     -3.09026997	      4.14253433	      0.00000000	      1.97838722	      6.16193526	      6.90343696	     -4.99326193	      4.15640514	      5.16379502	      0.00000000	     -6.23263957	      7.90977146
1760625442.17400002	      2.38672467	     -0.09598946	      2.66284093	     -0.02481116	      0.95219831	     -0.00958842	     80.00000000	     -7.00000000	      0.00000000	     80.00000000	      1.39626340	      0.00000000	      0.00000000	      0.00000000	     80.00000000	     -7.00000000	      0.00000000	     80.00000000	      1.39626340	      0.00000000	      0.00000000	      0.00000000	     -6.57870393	     -1.59874135	      3.44233293	      5.46928465	     -1.99139423	     -3.06879120	      4.11980197	      0.00000000	      1.98548462	      6.17488238	      6.87567076	     -4.99760645	      4.18516502	      5.14790501	      0.00000000	     -6.24445442	      7.92408699
1760625442.20700002	      2.38913349	     -0.10028431	      2.65437851	     -0.02492236	      0.95195062	     -0.00961694	     80.00000000	     -7.00000000	      0.00000000	     80.00000000	      1.39626340	      0.00000000	      0.00000000	      0.00000000	     80.00000000	     -7.00000000	      0.00000000	     80.00000000	      1.39626340	      0.00000000	      0.00000000	      0.00000000	     -6.58331432	     -1.60935194	      3.42852722	      5.45516543	     -1.99335275	     -3.04966627	      4.11108772	      0.00000000	      1.97692845	      6.17884271	      6.87450532	     -4.99071383	      4.21552304	      5.15337173	      0.00000000	     -6.23859303	      7.92000562
1760625442.24099994	      2.40817737	     -0.08222494	      2.65477629	     -0.02491297	      0.95168932	     -0.00957251	     80.00000000	     -7.00000000	      0.00000000	     80.00000000	      1.39626340	      0.00000000	      0.00000000	      0.00000000	     80.00000000	     -7.00000000	      0.00000000	     80.00000000	      1.39626340	      0.00000000	      0.00000000	      0.00000000	     -6.56993417	     -1.64602027	      3.40857325	      5.40664525	     -1.98509647	     -3.07183773	      4.10342599	      0.00000000	      1.96897707	      6.18770627	      6.83409676	     -4.99609567	      4.19802048	      5.17900449	      0.00000000	     -6.20317154	      7.89676857
1760625442.27399993	      2.41574219	     -0.07828123	      2.64243106	     -0.02467274	      0.95134480	     -0.00902836	     80.00000000	     -7.00000000	      0.00000000	     80.00000000	      1.39626340	      0.00000000	      0.00000000	      0.00000000	     80.00000000	     -7.00000000	      0.00000000	     80.00000000	      1.39626340	      0.00000000	      0.00000000	      0.00000000	     -6.50055839	     -1.68744066	      3.33808207	      5.32410676	     -1.92300134	     -3.07304821	      4.10847469	      0.00000000	      1.99657063	      6.16328091	      6.77701774	     -5.02294647	      4.10845512	      5.17983731	      0.00000000	     -6.21346123	      7.88400603
1760625442.30800009	      2.41860522	     -0.07927314	      2.63711974	     -0.02461056	      0.95112495	     -0.00886929	     80.00000000	     -7.00000000	      0.00000000	     80.00000000	      1.39626340	      0.00000000	      0.00000000	      0.00000000	     80.00000000	     -7.00000000	      0.00000000	     80.00000000	      1.39626340	      0.00000000	      0.00000000	      0.00000000	     -6.48511693	     -1.68978343	      3.30983698	      5.30150503	     -1.91383275	     -3.14157755	      4.13973713	      0.00000000	      2.01408038	      6.16002809	      6.76645267	     -5.03135019	      4.06541775	      5.18818293	      0.00000000	     -6.18921726	      7.88668627
1760625442.34100008	      2.42703514	     -0.07807038	      2.63156353	     -0.02454466	      0.95124031	     -0.00859915	     80.00000000	     -7.00000000	      0.00000000	     80.00000000	      1.39626340	      0.00000000	      0.00000000	      0.00000000	     80.00000000	     -7.00000000	      0.00000000	     80.00000000	      1.39626340	      0.00000000	      0.00000000	      0.00000000	     -6.43797082	     -1.70251185	      3.27973128	      5.25738270	     -1.88380512	     -3.28646371	      4.20375321	      0.00000000	      2.03873961	      6.13249305	      6.72629767	     -5.06109275	      4.05167498	      5.17469553	      0.00000000	     -6.10128145	      7.93819882
1760625442.37400007	      2.42889644	     -0.07573301	      2.63790238	     -0.02466952	      0.95148087	     -0.00857605	     80.00000000	     -7.00000000	      0.00000000	     80.00000000	      1.39626340	      0.00000000	      0.00000000	      0.00000000	     80.00000000	     -7.00000000	      0.00000000	     80.00000000	      1.39626340	      0.00000000	      0.00000000	      0.00000000	     -6.38138420	     -1.72987113	      3.28575132	      5.21766938	     -1.84995470	     -3.39015412	      4.22104370	      0.00000000	      2.04748864	      6.12742303	      6.65498634	     -5.11866930	      4.07235580	      5.22700751	      0.00000000	     -6.04590662	      7.97856047
1760625442.40799999	      2.44614659	     -0.07585945	      2.65255627	     -0.02631807	      0.95156926	     -0.00883278	     80.00000000	     -7.00000000	      0.00000000	     80.00000000	      1.39626340	      0.00000000	      0.00000000	      0.00000000	     80.00000000	     -7.00000000	      0.00000000	     80.00000000	      1.39626340	      0.00000000	      0.00000000	      0.00000000	     -6.38592803	     -1.71351786	      3.24948497	      5.22526241	     -1.86456770	     -3.47131447	      4.24627014	      0.00000000	      2.06022376	      6.10725404	      6.60905112	     -5.15431787	      4.03248857	      5.29633700	      0.00000000	     -6.00257000	      8.00161783
1760625442.44099998	      2.45652103	     -0.07578664	      2.66513526	     -0.02626203	      0.95140585	     -0.00868464	     80.00000000	     -7.00000000	      0.00000000	     80.00000000	      1.39626340	      0.00000000	      0.00000000	      0.00000000	     80.00000000	     -7.00000000	      0.00000000	     80.00000000	      1.39626340	      0.00000000	      0.00000000	      0.00000000	     -6.42944948	     -1.70533543	      3.15230282	      5.26662612	     -1.87179918	     -3.48915231	      4.30660705	      0.00000000	      2.08238780	      6.08010119	      6.63769904	     -5.21870915	      3.92342343	      5.38967758	      0.00000000	     -6.08420555	      7.99288441
1760625442.47499990	      2.44517317	     -0.07852318	      2.67192274	     -0.02620775	      0.95142500	     -0.00853245	     80.00000000	     -7.00000000	      0.00000000	     80.00000000	      1.39626340	      0.00000000	      0.00000000	      0.00000000	     80.00000000	     -7.00000000	      0.00000000	     80.00000000	      1.39626340	      0.00000000	      0.00000000	      0.00000000	     -6.42136337	     -1.69432030	      3.14152805	      5.28388512	     -1.89500310	     -3.48661965	      4.30298306	      0.00000000	      2.09454635	      6.07321979	      6.65237376	     -5.24517200	      3.86634354	      5.36652979	      0.00000000	     -6.11532343	      7.96118903
1760625442.50799990	      2.47257889	     -0.08154279	      2.68809497	     -0.02609657	      0.95149174	     -0.00894175	     80.00000000	     -7.00000000	      0.00000000	     80.00000000	      1.39626340	      0.00000000	      0.00000000	      0.00000000	     80.00000000	     -7.00000000	      0.00000000	     80.00000000	      1.39626340	      0.00000000	      0.00000000	      0.00000000	     -6.49085680	     -1.66435504	      3.07289830	      5.34538905	     -1.93097746	     -3.41112386	      4.28366274	      0.00000000	      2.11163962	      6.05747340	      6.67134619	     -5.25942435	      3.82801831	      5.33582775	      0.00000000	     -6.15281637	      7.93515551
1760625442.54200006	      2.46812911	     -0.08514830	      2.69194934	     -0.02610669	      0.95154886	     -0.00902030	     80.00000000	     -7.00000000	      0.00000000	     80.00000000	      1.39626340	      0.00000000	      0.00000000	      0.00000000	     80.00000000	     -7.00000000	      0.00000000	     80.00000000	      1.39626340	      0.00000000	      0.00000000	      0.00000000	     -6.37870009	     -1.67008354	      3.07710951	      5.24210905	     -1.92639129	     -3.41925697	      4.29472597	      0.00000000	      2.10853503	      6.06016848	      6.53099074	     -5.30479246	      3.80343778	      5.27097758	      0.00000000	     -6.11525254	      7.92874996
1760625442.57500005	      2.47892322	     -0.08679838	      2.69237710	     -0.02613333	      0.95163356	     -0.00942570	     80.00000000	     -7.00000000	      0.00000000	     80.00000000	      1.39626340	      0.00000000	      0.00000000	      0.00000000	     80.00000000	     -7.00000000	      0.00000000	     80.00000000	      1.39626340	      0.00000000	      0.00000000	      0.00000000	     -6.38054845	     -1.66105577	      3.08464937	      5.25694577	     -1.93578961	     -3.44997466	      4.29649206	      0.00000000	      2.10808295	      6.05799581	      6.51574592	     -5.31396143	      3.77407758	      5.25474036	      0.00000000	     -6.12754656	      7.91731782
1760625442.60899997	      2.50185112	     -0.10448775	      2.69881299	     -0.02615324	      0.95162083	     -0.00985014	     80.00000000	     -7.00000000	      0.00000000	     80.00000000	      1.39626340	      0.00000000	      0.00000000	      0.00000000	     80.00000000	     -7.00000000	      0.00000000	     80.00000000	      1.39626340	      0.00000000	      0.00000000	      0.00000000	     -6.42608480	     -1.58885496	      3.15241990	      5.30747751	     -1.98562535	     -3.48611244	      4.27272264	      0.00000000	      2.07818890	      6.07137130	      6.54394091	     -5.24461430	      3.81537824	      5.23510871	      0.00000000	     -6.13578684	      7.89390213
1760625442.64199996	      2.51245069	     -0.11078544	      2.70722636	     -0.02646471	      0.95165177	     -0.01020085	     80.00000000	     -7.00000000	      0.00000000	     80.00000000	      1.39626340	      0.00000000	      0.00000000	      0.00000000	     80.00000000	     -7.00000000	      0.00000000	     80.00000000	      1.39626340	      0.00000000	      0.00000000	      0.00000000	     -6.42080693	     -1.58251137	      3.15283713	      5.31621023	     -1.96477419	     -3.49920642	      4.27747964	      0.00000000	      2.08274263	      6.06874943	      6.52532709	     -5.23460209	      3.82508881	      5.22417664	      0.00000000	     -6.13292334	      7.89719109
1760625442.67600012	      2.53015993	     -0.12012012	      2.71853215	     -0.02629257	      0.95142722	     -0.01120204	     80.00000000	     -7.00000000	      0.00000000	     80.00000000	      1.39626340	      0.00000000	      0.00000000	      0.00000000	     80.00000000	     -7.00000000	      0.00000000	     80.00000000	      1.39626340	      0.00000000	      0.00000000	      0.00000000	     -6.40984050	     -1.52882893	      3.23634207	      5.30386524	     -2.00220532	     -3.60804450	      4.26934983	      0.00000000	      2.10325003	      6.07612480	      6.51048663	     -5.15439574	      3.93739311	      5.19994143	      0.00000000	     -6.08826976	      7.87614414
1760625442.70900011	      2.52755284	     -0.12684443	      2.72556378	     -0.02592790	      0.95120615	     -0.01139906	     80.00000000	     -7.00000000	      0.00000000	     80.00000000	      1.39626340	      0.00000000	      0.00000000	      0.00000000	     80.00000000	     -7.00000000	      0.00000000	     80.00000000	      1.39626340	      0.00000000	      0.00000000	      0.00000000	     -6.38796974	     -1.52088579	      3.23966254	      5.33587189	     -1.98774029	     -3.65104905	      4.25481733	      0.00000000	      2.07848041	      6.07478979	      6.52616221	     -5.12370436	      3.92934897	      5.20960731	      0.00000000	     -6.09544075	      7.87780109
1760625442.74300003	      2.53037598	     -0.13093211	      2.72761613	     -0.02579710	      0.95100625	     -0.01176867	     80.00000000	     -7.00000000	      0.00000000	     80.00000000	      1.39626340	      0.00000000	      0.00000000	      0.00000000	     80.00000000	     -7.00000000	      0.00000000	     80.00000000	      1.39626340	      0.00000000	      0.00000000	      0.00000000	     -6.37811631	     -1.46181635	      3.31350595	      5.35153729	     -2.05013500	     -3.75183429	      4.22987407	      0.00000000	      2.09375679	      6.08611593	      6.54037218	     -5.02755589	      4.00534714	      5.21641611	      0.00000000	     -6.08184512	      7.85344186
1760625442.77600002	      2.54807150	     -0.12662670	      2.72768504	     -0.02586859	      0.95097781	     -0.01187697	     80.00000000	     -7.00000000	      0.00000000	     80.00000000	      1.39626340	      0.00000000	      0.00000000	      0.00000000	     80.00000000	     -7.00000000	      0.00000000	     80.00000000	      1.39626340	      0.00000000	      0.00000000	      0.00000000	     -6.36925925	     -1.46348579	      3.31020376	      5.35034033	     -2.05165315	     -3.78547859	      4.20905477	      0.00000000	      2.07724366	      6.07977207	      6.53508029	     -5.02207707	      3.99695650	      5.21527395	      0.00000000	     -6.06733508	      7.85456271
1760625442.80900002	      2.54709503	     -0.11217367	      2.72121988	     -0.02546353	      0.95105464	     -0.01220113	     80.00000000	     -7.00000000	      0.00000000	     80.00000000	      1.39626340	      0.00000000	      0.00000000	      0.00000000	     80.00000000	     -7.00000000	      0.00000000	     80.00000000	      1.39626340	      0.00000000	      0.00000000	      0.00000000	     -6.29004964	     -1.44463624	      3.36821145	      5.31280041	     -2.10481323	     -3.82662802	      4.14169660	      0.00000000	      2.07552929	      6.11321328	      6.50333225	     -4.97297768	      4.06378907	      5.16922513	      0.00000000	     -6.00917454	      7.81418571
1760625442.84299994	      2.55710853	     -0.11270930	      2.70651408	     -0.02561638	      0.95133404	     -0.01200250	     80.00000000	     -7.00000000	      0.00000000	     80.00000000	      1.39626340	      0.00000000	      0.00000000	      0.00000000	     80.00000000	     -7.00000000	      0.00000000	     80.00000000	      1.39626340	      0.00000000	      0.00000000	      0.00000000	     -6.25595470	     -1.43966339	      3.37959077	      5.29653305	     -2.12034688	     -3.84828468	      4.11854063	      0.00000000	      2.04748774	      6.10901216	      6.49750098	     -4.97411541	      4.06763283	      5.15916591	      0.00000000	     -6.01828755	      7.79435423
1760625442.87599993	      2.56717397	     -0.10700057	      2.70203886	     -0.02576535	      0.95147462	     -0.01198283	     80.00000000	     -7.00000000	      0.00000000	     80.00000000	      1.39626340	      0.00000000	      0.00000000	      0.00000000	     80.00000000	     -7.00000000	      0.00000000	     80.00000000	      1.39626340	      0.00000000	      0.00000000	      0.00000000	     -6.24203700	     -1.43598115	      3.38564401	      5.28679474	     -2.14403064	     -3.87262681	      4.10749822	      0.00000000	      2.04829114	      6.10906077	      6.51797026	     -4.99947733	      4.04232293	      5.16080200	      0.00000000	     -6.01211759	      7.78333162
1760625442.91000009	      2.59294531	     -0.09847617	      2.69964477	     -0.02587895	      0.95152218	     -0.01198658	     80.00000000	     -7.00000000	      0.00000000	     80.00000000	      1.39626340	      0.00000000	      0.00000000	      0.00000000	     80.00000000	     -7.00000000	      0.00000000	     80.00000000	      1.39626340	      0.00000000	      0.00000000	      0.00000000	     -6.23367023	     -1.44051548	      3.37960627	      5.30377284	     -2.17580793	     -3.90246597	      4.05279586	      0.00000000	      2.04690329	      6.12847434	      6.53407159	     -5.01881607	      4.05776622	      5.14367324	      0.00000000	     -6.00053276	      7.75199141
1760625442.97700000	      2.60509877	     -0.09311867	      2.71043518	     -0.02647783	      0.95185336	     -0.01236209	     80.00000000	     -7.00000000	      0.00000000	     80.00000000	      1.39626340	      0.00000000	      0.00000000	      0.00000000	     80.00000000	     -7.00000000	      0.00000000	     80.00000000	      1.39626340	      0.00000000	      0.00000000	      0.00000000	     -6.22275327	     -1.37577565	      3.35668383	      5.33426792	     -2.28432064	     -3.95840243	      3.99224707	      0.00000000	      2.06113404	      6.14205471	      6.58190883	     -4.98318538	      4.04851875	      5.14135615	      0.00000000	     -5.99007385	      7.75563444
1760625443.00999999	      2.61328125	     -0.09536090	      2.71755744	     -0.02682287	      0.95186193	     -0.01338292	     80.00000000	     -7.00000000	      0.00000000	     80.00000000	      1.39626340	      0.00000000	      0.00000000	      0.00000000	     80.00000000	     -7.00000000	      0.00000000	     80.00000000	      1.39626340	      0.00000000	      0.00000000	      0.00000000	     -6.18247289	     -1.30899491	      3.38293908	      5.31146066	     -2.37738420	     -3.96792962	      3.96739153	      0.00000000	      2.03895087	      6.15617149	      6.56400782	     -4.90859694	      4.08809221	      5.11249515	      0.00000000	     -5.96828106	      7.73349150
1760625443.04399991	      2.60983234	     -0.09387971	      2.71096594	     -0.02627425	      0.95139924	     -0.01318642	     80.00000000	     -7.00000000	      0.00000000	     80.00000000	      1.39626340	      0.00000000	      0.00000000	      0.00000000	     80.00000000	     -7.00000000	      0.00000000	     80.00000000	      1.39626340	      0.00000000	      0.00000000	      0.00000000	     -6.17407586	     -1.30921078	      3.36865499	      5.31571536	     -2.39027674	     -3.95914369	      3.96653820	      0.00000000	      2.04203878	      6.15106398	      6.57665767	     -4.90872988	      4.10534816	      5.11868293	      0.00000000	     -5.96405353	      7.73576091
1760625443.07699990	      2.59540513	     -0.08909866	      2.71139539	     -0.02614616	      0.95149606	     -0.01306010	     80.00000000	     -7.00000000	      0.00000000	     80.00000000	      1.39626340	      0.00000000	      0.00000000	      0.00000000	     80.00000000	     -7.00000000	      0.00000000	     80.00000000	      1.39626340	      0.00000000	      0.00000000	      0.00000000	     -6.15020554	     -1.28395357	      3.35278109	      5.33453727	     -2.42918443	     -3.96588493	      3.95685859	      0.00000000	      2.04315994	      6.14038600	      6.59259003	     -4.89865859	      4.09523270	      5.12651016	      0.00000000	     -5.96926000	      7.75848651
1760625443.11100006	      2.60615146	     -0.09747886	      2.70848552	     -0.02598321	      0.95148234	     -0.01317288	     80.00000000	     -7.00000000	      0.00000000	     80.00000000	      1.39626340	      0.00000000	      0.00000000	      0.00000000	     80.00000000	     -7.00000000	      0.00000000	     80.00000000	      1.39626340	      0.00000000	      0.00000000	      0.00000000	     -6.18574851	     -1.20870870	      3.31074180	      5.36962746	     -2.51544336	     -3.90698071	      3.96107070	      0.00000000	      2.05795295	      6.14111800	      6.63355315	     -4.83432319	      4.10350304	      5.11501903	      0.00000000	     -5.97229199	      7.73631536
1760625443.14400005	      2.59101963	     -0.09813166	      2.70286876	     -0.02613366	      0.95134990	     -0.01274502	     80.00000000	     -7.00000000	      0.00000000	     80.00000000	      1.39626340	      0.00000000	      0.00000000	      0.00000000	     80.00000000	     -7.00000000	      0.00000000	     80.00000000	      1.39626340	      0.00000000	      0.00000000	      0.00000000	     -6.16669906	     -1.20141907	      3.31390654	      5.37253762	     -2.52109667	     -3.88241227	      3.98107927	      0.00000000	      2.07651926	      6.13567057	      6.64532984	     -4.84541723	      4.12176481	      5.11529833	      0.00000000	     -5.96361510	      7.73729946
1760625443.17700005	      2.59109776	     -0.09926543	      2.70687173	     -0.02638976	      0.95146801	     -0.01237716	     80.00000000	     -7.00000000	      0.00000000	     80.00000000	      1.39626340	      0.00000000	      0.00000000	      0.00000000	     80.00000000	     -7.00000000	      0.00000000	     80.00000000	      1.39626340	      0.00000000	      0.00000000	      0.00000000	     -6.15516601	     -1.19508651	      3.30526569	      5.38750476	     -2.53281676	     -3.87723587	      3.98313754	      0.00000000	      2.07959029	      6.13150456	      6.64272126	     -4.85981395	      4.13126195	      5.12286571	      0.00000000	     -5.95160770	      7.74702093
1760625443.21099997	      2.59067186	     -0.09860185	      2.72312603	     -0.02669076	      0.95146092	     -0.01217511	     80.00000000	     -7.00000000	      0.00000000	     80.00000000	      1.39626340	      0.00000000	      0.00000000	      0.00000000	     80.00000000	     -7.00000000	      0.00000000	     80.00000000	      1.39626340	      0.00000000	      0.00000000	      0.00000000	     -6.14656461	     -1.17834692	      3.28393554	      5.39977875	     -2.53651367	     -3.86020438	      3.99168039	      0.00000000	      2.07478613	      6.13128475	      6.63469175	     -4.86064557	      4.17581564	      5.11757355	      0.00000000	     -5.93690670	      7.74022623
1760625443.24399996	      2.56702485	     -0.10189284	      2.71748251	     -0.02682203	      0.95137944	     -0.01192775	     80.00000000	     -7.00000000	      0.00000000	     80.00000000	      1.39626340	      0.00000000	      0.00000000	      0.00000000	     80.00000000	     -7.00000000	      0.00000000	     80.00000000	      1.39626340	      0.00000000	      0.00000000	      0.00000000	     -6.11572001	     -1.16905865	      3.29455726	      5.38449822	     -2.52895093	     -3.83280812	      4.01432988	      0.00000000	      2.08529094	      6.12508177	      6.64028627	     -4.86673784	      4.17475901	      5.10198257	      0.00000000	     -5.93252517	      7.73997768
1760625443.27800012	      2.57398653	     -0.10098809	      2.71742219	     -0.02639517	      0.95145600	     -0.01196204	     80.00000000	     -7.00000000	      0.00000000	     80.00000000	      1.39626340	      0.00000000	      0.00000000	      0.00000000	     80.00000000	     -7.00000000	      0.00000000	     80.00000000	      1.39626340	      0.00000000	      0.00000000	      0.00000000	     -6.11592017	     -1.15890042	      3.29100843	      5.36152132	     -2.52951801	     -3.81658889	      4.04036871	      0.00000000	      2.09790245	      6.12391168	      6.63085440	     -4.87423990	      4.19892684	      5.08664671	      0.00000000	     -5.92711169	      7.72945629
1760625443.31100011	      2.59449217	     -0.09997768	      2.71591195	     -0.02649378	      0.95166996	     -0.01155968	     80.00000000	     -7.00000000	      0.00000000	     80.00000000	      1.39626340	      0.00000000	      0.00000000	      0.00000000	     80.00000000	     -7.00000000	      0.00000000	     80.00000000	      1.39626340	      0.00000000	      0.00000000	      0.00000000	     -6.13004990	     -1.14494222	      3.29830026	      5.33893934	     -2.51769015	     -3.77987721	      4.05605118	      0.00000000	      2.07898326	      6.11716965	      6.60028622	     -4.90504727	      4.24030130	      5.09822077	      0.00000000	     -5.90648039	      7.75136469
1760625443.34500003	      2.57271000	     -0.09960958	      2.70647368	     -0.02592537	      0.95188449	     -0.01138790	     80.00000000	     -7.00000000	      0.00000000	     80.00000000	      1.39626340	      0.00000000	      0.00000000	      0.00000000	     80.00000000	     -7.00000000	      0.00000000	     80.00000000	      1.39626340	      0.00000000	      0.00000000	      0.00000000	     -6.15126901	     -1.15973418	      3.32476413	      5.36599431	     -2.50055642	     -3.76266706	      4.06516068	      0.00000000	      2.06036200	      6.12214269	      6.63084779	     -4.93483368	      4.24598826	      5.13425245	      0.00000000	     -5.92301672	      7.76202356
1760625443.37800002	      2.59161288	     -0.09413458	      2.71062690	     -0.02572751	      0.95208611	     -0.01129206	     80.00000000	     -7.00000000	      0.00000000	     80.00000000	      1.39626340	      0.00000000	      0.00000000	      0.00000000	     80.00000000	     -7.00000000	      0.00000000	     80.00000000	      1.39626340	      0.00000000	      0.00000000	      0.00000000	     -6.22347415	     -1.19483491	      3.32648857	      5.40086307	     -2.46333766	     -3.78376603	      4.07439077	      0.00000000	      2.07668430	      6.11436071	      6.67877428	     -4.95041502	      4.23541211	      5.16223928	      0.00000000	     -5.96959671	      7.73942044
1760625443.41199994	      2.56941180	     -0.09609326	      2.70059656	     -0.02543948	      0.95194970	     -0.01133759	     80.00000000	     -7.00000000	      0.00000000	     80.00000000	      1.39626340	      0.00000000	      0.00000000	      0.00000000	     80.00000000	     -7.00000000	      0.00000000	     80.00000000	      1.39626340	      0.00000000	      0.00000000	      0.00000000	     -6.23003280	     -1.20301124	      3.34846319	      5.41975524	     -2.44406139	     -3.82813961	      4.06308408	      0.00000000	      2.02833343	      6.13605326	      6.69324991	     -4.94318930	      4.19994682	      5.14797281	      0.00000000	     -5.99321437	      7.74681808
1760625443.44499993	      2.55704715	     -0.09686813	      2.70686251	     -0.02536647	      0.95192652	     -0.01140569	     80.00000000	     -7.00000000	      0.00000000	     80.00000000	      1.39626340	      0.00000000	      0.00000000	      0.00000000	     80.00000000	     -7.00000000	      0.00000000	     80.00000000	      1.39626340	      0.00000000	      0.00000000	      0.00000000	     -6.24098317	     -1.20692943	      3.35516985	      5.42102796	     -2.42636341	     -3.85229649	      4.06245517	      0.00000000	      2.02921431	      6.13522412	      6.68642972	     -4.92987212	      4.17759308	      5.15188395	      0.00000000	     -5.99442059	      7.75693910
1760625443.47799993	      2.55699759	     -0.09333602	      2.70171275	     -0.02548525	      0.95194229	     -0.01191506	     80.00000000	     -7.00000000	      0.00000000	     80.00000000	      1.39626340	      0.00000000	      0.00000000	      0.00000000	     80.00000000	     -7.00000000	      0.00000000	     80.00000000	      1.39626340	      0.00000000	      0.00000000	      0.00000000	     -6.32271188	     -1.22524271	      3.41040330	      5.47244091	     -2.40796789	     -3.92209515	      4.05915488	      0.00000000	      2.04802865	      6.13690734	      6.73092193	     -4.91029475	      4.21281593	      5.18852881	      0.00000000	     -6.03675879	      7.75265540
1760625443.51200008	      2.54132186	     -0.09590601	      2.70020143	     -0.02504336	      0.95181741	     -0.01231185	     80.00000000	     -7.00000000	      0.00000000	     80.00000000	      1.39626340	      0.00000000	      0.00000000	      0.00000000	     80.00000000	     -7.00000000	      0.00000000	     80.00000000	      1.39626340	      0.00000000	      0.00000000	      0.00000000	     -6.34140436	     -1.23138727	      3.41127272	      5.47194729	     -2.37660021	     -3.94721636	      4.06117692	      0.00000000	      2.04498207	      6.14190087	      6.72812401	     -4.87153651	      4.18332213	      5.19475006	      0.00000000	     -6.03902107	      7.76088878
1760625443.54500008	      2.55003498	     -0.09064490	      2.69609637	     -0.02493356	      0.95181330	     -0.01263591	     80.00000000	     -7.00000000	      0.00000000	     80.00000000	      1.39626340	      0.00000000	      0.00000000	      0.00000000	     80.00000000	     -7.00000000	      0.00000000	     80.00000000	      1.39626340	      0.00000000	      0.00000000	      0.00000000	     -6.42602054	     -1.22442154	      3.39146496	      5.51952439	     -2.37177642	     -3.92806723	      4.06913386	      0.00000000	      2.03925169	      6.14034468	      6.76429405	     -4.82084211	      4.12851131	      5.24587815	      0.00000000	     -6.08502005	      7.73603490
1760625443.57900000	      2.57334719	     -0.08240873	      2.68658267	     -0.02500120	      0.95170156	     -0.01278717	     80.00000000	     -7.00000000	      0.00000000	     80.00000000	      1.39626340	      0.00000000	      0.00000000	      0.00000000	     80.00000000	     -7.00000000	      0.00000000	     80.00000000	      1.39626340	      0.00000000	      0.00000000	      0.00000000	     -6.47388645	     -1.22882920	      3.39159497	      5.52033928	     -2.35013443	     -3.89568994	      4.06179707	      0.00000000	      2.04132807	      6.14302737	      6.75176462	     -4.79315102	      4.13312538	      5.27045377	      0.00000000	     -6.08727425	      7.76050624
1760625443.61199999	      2.56293811	     -0.08117934	      2.68532665	     -0.02537664	      0.95142334	     -0.01243047	     80.00000000	     -7.00000000	      0.00000000	     80.00000000	      1.39626340	      0.00000000	      0.00000000	      0.00000000	     80.00000000	     -7.00000000	      0.00000000	     80.00000000	      1.39626340	      0.00000000	      0.00000000	      0.00000000	     -6.58933905	     -1.24925583	      3.29002303	      5.62876666	     -2.31729162	     -3.77969316	      4.06040658	      0.00000000	      2.06629677	      6.14094084	      6.86868432	     -4.79886276	      4.02095060	      5.35998893	      0.00000000	     -6.17607788	      7.73668303
1760625443.64599991	      2.55846257	     -0.07824188	      2.67605447	     -0.02531972	      0.95141161	     -0.01204938	     80.00000000	     -7.00000000	      0.00000000	     80.00000000	      1.39626340	      0.00000000	      0.00000000	      0.00000000	     80.00000000	     -7.00000000	      0.00000000	     80.00000000	      1.39626340	      0.00000000	      0.00000000	      0.00000000	     -6.59709867	     -1.25845780	      3.28113968	      5.61536675	     -2.30516653	     -3.75316030	      4.07764006	      0.00000000	      2.08226992	      6.13637166	      6.89275448	     -4.78501019	      3.99895409	      5.35937935	      0.00000000	     -6.19169930	      7.73388208
1760625443.67899990	      2.57671273	     -0.07371248	      2.68756019	     -0.02494141	      0.95153662	     -0.01180091	     80.00000000	     -7.00000000	      0.00000000	     80.00000000	      1.39626340	      0.00000000	      0.00000000	      0.00000000	     80.00000000	     -7.00000000	      0.00000000	     80.00000000	      1.39626340	      0.00000000	      0.00000000	      0.00000000	     -6.65461151	     -1.30810360	      3.22282478	      5.66257719	     -2.25735180	     -3.68893438	      4.05288357	      0.00000000	      2.07122668	      6.14399177	      6.90919748	     -4.82725049	      3.98199984	      5.38314525	      0.00000000	     -6.19538671	      7.72775848
1760625443.71300006	      2.57232320	     -0.07546040	      2.68612863	     -0.02460747	      0.95145655	     -0.01103795	     80.00000000	     -7.00000000	      0.00000000	     80.00000000	      1.39626340	      0.00000000	      0.00000000	      0.00000000	     80.00000000	     -7.00000000	      0.00000000	     80.00000000	      1.39626340	      0.00000000	      0.00000000	      0.00000000	     -6.69288657	     -1.35907168	      3.19616369	      5.71028266	     -2.21696207	     -3.64986988	      4.03891936	      0.00000000	      2.06023135	      6.15308829	      6.95819519	     -4.87080718	      3.95670043	      5.39546900	      0.00000000	     -6.21809024	      7.71027366
1760625443.74600005	      2.58231959	     -0.07786430	      2.69364260	     -0.02458313	      0.95156620	     -0.01077129	     80.00000000	     -7.00000000	      0.00000000	     80.00000000	      1.39626340	      0.00000000	      0.00000000	      0.00000000	     80.00000000	     -7.00000000	      0.00000000	     80.00000000	      1.39626340	      0.00000000	      0.00000000	      0.00000000	     -6.69605441	     -1.36678033	      3.19642733	      5.70670978	     -2.21743913	     -3.62642713	      4.02512554	      0.00000000	      2.05961613	      6.15009076	      6.95007256	     -4.88031529	      3.98327486	      5.37445138	      0.00000000	     -6.22878093	      7.71345082
1760625443.77999997	      2.59405027	     -0.08012592	      2.70202691	     -0.02445423	      0.95154247	     -0.01083240	     80.00000000	     -7.00000000	      0.00000000	     80.00000000	      1.39626340	      0.00000000	      0.00000000	      0.00000000	     80.00000000	     -7.00000000	      0.00000000	     80.00000000	      1.39626340	      0.00000000	      0.00000000	      0.00000000	     -6.69124796	     -1.39990880	      3.20297663	      5.69415090	     -2.19843500	     -3.59581476	      4.00593043	      0.00000000	      2.05807177	      6.16263508	      6.92837724	     -4.89839895	      4.02328485	      5.35717944	      0.00000000	     -6.21645007	      7.68842189
1760625443.81299996	      2.59382285	     -0.08657517	      2.70788439	     -0.02464024	      0.95127385	     -0.01146617	     80.00000000	     -7.00000000	      0.00000000	     80.00000000	      1.39626340	      0.00000000	      0.00000000	      0.00000000	     80.00000000	     -7.00000000	      0.00000000	     80.00000000	      1.39626340	      0.00000000	      0.00000000	      0.00000000	     -6.69092966	     -1.40540855	      3.21260589	      5.69415472	     -2.19492630	     -3.59168178	      4.00672812	      0.00000000	      2.05795018	      6.16199636	      6.92504612	     -4.89797993	      4.02007989	      5.35883492	      0.00000000	     -6.21343221	      7.69076345
1760625443.84599996	      2.58464274	     -0.09457313	      2.70062704	     -0.02464841	      0.95099547	     -0.01138125	     80.00000000	     -7.00000000	      0.00000000	     80.00000000	      1.39626340	      0.00000000	      0.00000000	      0.00000000	     80.00000000	     -7.00000000	      0.00000000	     80.00000000	      1.39626340	      0.00000000	      0.00000000	      0.00000000	     -6.67253735	     -1.41597700	      3.25061859	      5.69678274	     -2.17355724	     -3.59560587	      4.00491476	      0.00000000	      2.05546556	      6.16202922	      6.91311049	     -4.90285688	      4.01725607	      5.36592671	      0.00000000	     -6.18335704	      7.68877501
1760625443.88000011	      2.61032297	     -0.09638410	      2.71701624	     -0.02464955	      0.95092738	     -0.01086088	     80.00000000	     -7.00000000	      0.00000000	     80.00000000	      1.39626340	      0.00000000	      0.00000000	      0.00000000	     80.00000000	     -7.00000000	      0.00000000	     80.00000000	      1.39626340	      0.00000000	      0.00000000	      0.00000000	     -6.67831902	     -1.43874621	      3.24013962	      5.69008021	     -2.13736621	     -3.57820737	      4.01231071	      0.00000000	      2.05068932	      6.15793615	      6.88519713	     -4.92294124	      4.06700191	      5.35742977	      0.00000000	     -6.18189451	      7.70673352
1760625443.91300011	      2.60919796	     -0.10117709	      2.71861154	     -0.02467867	      0.95087375	     -0.01074669	     80.00000000	     -7.00000000	      0.00000000	     80.00000000	      1.39626340	      0.00000000	      0.00000000	      0.00000000	     80.00000000	     -7.00000000	      0.00000000	     80.00000000	      1.39626340	      0.00000000	      0.00000000	      0.00000000	     -6.68406789	     -1.44730457	      3.23321388	      5.70692212	     -2.10892055	     -3.56892470	      4.03279278	      0.00000000	      2.04262626	      6.15593450	      6.87809750	     -4.96414604	      4.09171063	      5.37018589	      0.00000000	     -6.16721735	      7.75200226
1760625443.94700003	      2.57622735	     -0.10700331	      2.70662763	     -0.02464921	      0.95069064	     -0.01080200	     80.00000000	     -7.00000000	      0.00000000	     80.00000000	      1.39626340	      0.00000000	      0.00000000	      0.00000000	     80.00000000	     -7.00000000	      0.00000000	     80.00000000	      1.39626340	      0.00000000	      0.00000000	      0.00000000	     -6.66107817	     -1.46920291	      3.24173104	      5.73812364	     -2.06960757	     -3.56032632	      4.04178854	      0.00000000	      2.03211199	      6.16265311	      6.89683935	     -4.97718131	      4.09088193	      5.34980463	      0.00000000	     -6.18624361	      7.73512717
1760625443.98000002	      2.60453539	     -0.10506573	      2.71254489	     -0.02463818	      0.95084537	     -0.01082343	     80.00000000	     -7.00000000	      0.00000000	     80.00000000	      1.39626340	      0.00000000	      0.00000000	      0.00000000	     80.00000000	     -7.00000000	      0.00000000	     80.00000000	      1.39626340	      0.00000000	      0.00000000	      0.00000000	     -6.71879119	     -1.53063200	      3.21691472	      5.77647865	     -1.99131632	     -3.53168498	      4.05930117	      0.00000000	      2.03543259	      6.15614652	      6.92490721	     -5.03955398	      4.09554017	      5.35305599	      0.00000000	     -6.20083419	      7.71715556
1760625444.01399994	      2.60902858	     -0.11593281	      2.70863726	     -0.02500117	      0.95077979	     -0.01033908	     80.00000000	     -7.00000000	      0.00000000	     80.00000000	      1.39626340	      0.00000000	      0.00000000	      0.00000000	     80.00000000	     -7.00000000	      0.00000000	     80.00000000	      1.39626340	      0.00000000	      0.00000000	      0.00000000	     -6.72775706	     -1.53822380	      3.22958801	      5.77766206	     -1.96328015	     -3.53405323	      4.06986270	      0.00000000	      2.05572375	      6.14460783	      6.92353630	     -5.07320889	      4.08377268	      5.35851777	      0.00000000	     -6.17527161	      7.74257194
1760625444.04699993	      2.61470312	     -0.11633827	      2.71958313	     -0.02475781	      0.95069804	     -0.01067154	     80.00000000	     -7.00000000	      0.00000000	     80.00000000	      1.39626340	      0.00000000	      0.00000000	      0.00000000	     80.00000000	     -7.00000000	      0.00000000	     80.00000000	      1.39626340	      0.00000000	      0.00000000	      0.00000000	     -6.72737387	     -1.55371018	      3.22889478	      5.77756696	     -1.94708399	     -3.54054738	      4.05725561	      0.00000000	      2.04472163	      6.15319108	      6.92648287	     -5.08708381	      4.07242675	      5.33465766	      0.00000000	     -6.18423133	      7.72966764
1760625444.07999992	      2.61494008	     -0.12591173	      2.73159309	     -0.02438987	      0.95079388	     -0.01090598	     80.00000000	     -7.00000000	      0.00000000	     80.00000000	      1.39626340	      0.00000000	      0.00000000	      0.00000000	     80.00000000	     -7.00000000	      0.00000000	     80.00000000	      1.39626340	      0.00000000	      0.00000000	      0.00000000	     -6.72664922	     -1.57352866	      3.22926737	      5.77794267	     -1.92597904	     -3.54378312	      4.04672356	      0.00000000	      2.03983405	      6.15646335	      6.94002355	     -5.10375739	      4.08094473	      5.29697420	      0.00000000	     -6.20097410	      7.68856946
1760625444.11400008	      2.60944028	     -0.12645904	      2.73585973	     -0.02406215	      0.95081957	     -0.01152079	     80.00000000	     -7.00000000	      0.00000000	     80.00000000	      1.39626340	      0.00000000	      0.00000000	      0.00000000	     80.00000000	     -7.00000000	      0.00000000	     80.00000000	      1.39626340	      0.00000000	      0.00000000	      0.00000000	     -6.73144346	     -1.58245997	      3.24608078	      5.77320161	     -1.92039668	     -3.53285724	      4.04417517	      0.00000000	      2.04281179	      6.16646806	      6.94881197	     -5.11037998	      4.08084430	      5.32212899	      0.00000000	     -6.17498849	      7.69500478
1760625444.14700007	      2.60992575	     -0.12941218	      2.74005814	     -0.02362721	      0.95108889	     -0.01165500	     80.00000000	     -7.00000000	      0.00000000	     80.00000000	      1.39626340	      0.00000000	      0.00000000	      0.00000000	     80.00000000	     -7.00000000	      0.00000000	     80.00000000	      1.39626340	      0.00000000	      0.00000000	      0.00000000	     -6.73355995	     -1.60141957	      3.26014089	      5.75684911	     -1.90643989	     -3.53893684	      4.04093530	      0.00000000	      2.06549617	      6.15815890	      6.93981703	     -5.13504569	      4.07285163	      5.32918000	      0.00000000	     -6.15546417	      7.70202116
1760625444.18099999	      2.61116338	     -0.12909185	      2.74231897	     -0.02385050	      0.95115430	     -0.01196890	     80.00000000	     -7.00000000	      0.00000000	     80.00000000	      1.39626340	      0.00000000	      0.00000000	      0.00000000	     80.00000000	     -7.00000000	      0.00000000	     80.00000000	      1.39626340	      0.00000000	      0.00000000	      0.00000000	     -6.73781228	     -1.60940884	      3.26031349	      5.74385659	     -1.89526807	     -3.54145405	      4.03643875	      0.00000000	      2.06953899	      6.15395969	      6.94940004	     -5.13600062	      4.07361069	      5.31489231	      0.00000000	     -6.16954412	      7.68129008
1760625444.21499991	      2.61665902	     -0.12436153	      2.73916281	     -0.02319976	      0.95105981	     -0.01199897	     80.00000000	     -7.00000000	      0.00000000	     80.00000000	      1.39626340	      0.00000000	      0.00000000	      0.00000000	     80.00000000	     -7.00000000	      0.00000000	     80.00000000	      1.39626340	      0.00000000	      0.00000000	      0.00000000	     -6.74303921	     -1.60994945	      3.26125447	      5.73750583	     -1.88727989	     -3.53545521	      4.01993806	      0.00000000	      2.06246766	      6.16608801	      6.92485597	     -5.13347161	      4.09015726	      5.30743930	      0.00000000	     -6.16425765	      7.66976860
1760625444.24799991	      2.62229143	     -0.12017414	      2.73888552	     -0.02319088	      0.95114379	     -0.01189292	     80.00000000	     -7.00000000	      0.00000000	     80.00000000	      1.39626340	      0.00000000	      0.00000000	      0.00000000	     80.00000000	     -7.00000000	      0.00000000	     80.00000000	      1.39626340	      0.00000000	      0.00000000	      0.00000000	     -6.73197886	     -1.60362195	      3.25913614	      5.70664648	     -1.88354506	     -3.52611649	      4.01696277	      0.00000000	      2.05988979	      6.17805524	      6.88201290	     -5.12065182	      4.11722500	      5.31137758	      0.00000000	     -6.13894466	      7.65591787
1760625444.28099990	      2.63062580	     -0.11584399	      2.73678909	     -0.02306720	      0.95124782	     -0.01121384	     80.00000000	     -7.00000000	      0.00000000	     80.00000000	      1.39626340	      0.00000000	      0.00000000	      0.00000000	     80.00000000	     -7.00000000	      0.00000000	     80.00000000	      1.39626340	      0.00000000	      0.00000000	      0.00000000	     -6.68409615	     -1.60801705	      3.27219147	      5.62176771	     -1.84926939	     -3.51678684	      4.03131251	      0.00000000	      2.07809198	      6.17474947	      6.81007285	     -5.13547526	      4.13951298	      5.31938613	      0.00000000	     -6.12936536	      7.68390147
1760625444.31500006	      2.62791884	     -0.11579217	      2.73233047	     -0.02300358	      0.95131660	     -0.01097309	     80.00000000	     -7.00000000	      0.00000000	     80.00000000	      1.39626340	      0.00000000	      0.00000000	      0.00000000	     80.00000000	     -7.00000000	      0.00000000	     80.00000000	      1.39626340	      0.00000000	      0.00000000	      0.00000000	     -6.69250657	     -1.60405122	      3.26486729	      5.61379144	     -1.83680737	     -3.46592695	      4.03272054	      0.00000000	      2.04763993	      6.21480721	      6.82738394	     -5.11988570	      4.16963505	      5.31548368	      0.00000000	     -6.15183932	      7.66561059
1760625444.34800005	      2.62933134	     -0.11550967	      2.74167123	     -0.02340791	      0.95137264	     -0.01196486	     80.00000000	     -7.00000000	      0.00000000	     80.00000000	      1.39626340	      0.00000000	      0.00000000	      0.00000000	     80.00000000	     -7.00000000	      0.00000000	     80.00000000	      1.39626340	      0.00000000	      0.00000000	      0.00000000	     -6.75225014	     -1.53391262	      3.22598323	      5.66483082	     -1.89504922	     -3.38512266	      4.01154426	      0.00000000	      1.98213528	      6.26908942	      6.86483784	     -5.03519926	      4.15884970	      5.36190944	      0.00000000	     -6.18241616	      7.63782654
1760625444.38199997	      2.62562898	     -0.11316761	      2.74608648	     -0.02348355	      0.95148109	     -0.01221673	     80.00000000	     -7.00000000	      0.00000000	     80.00000000	      1.39626340	      0.00000000	      0.00000000	      0.00000000	     80.00000000	     -7.00000000	      0.00000000	     80.00000000	      1.39626340	      0.00000000	      0.00000000	      0.00000000	     -6.75454343	     -1.52435883	      3.22667050	      5.64653349	     -1.90923659	     -3.35882583	      3.97603582	      0.00000000	      1.97369532	      6.36009103	      6.86899256	     -5.03246053	      4.18138877	      5.35734685	      0.00000000	     -6.16875972	      7.64164299
1760625444.41499996	      2.62074346	     -0.10850851	      2.74724521	     -0.02359297	      0.95155749	     -0.01215726	     80.00000000	     -7.00000000	      0.00000000	     80.00000000	      1.39626340	      0.00000000	      0.00000000	      0.00000000	     80.00000000	     -7.00000000	      0.00000000	     80.00000000	      1.39626340	      0.00000000	      0.00000000	      0.00000000	     -6.75931750	     -1.51744739	      3.22792771	      5.63294209	     -1.91642317	     -3.33313271	      3.95399874	      0.00000000	      1.95973364	      6.36669542	      6.87835331	     -5.03662957	      4.20426021	      5.36281976	      0.00000000	     -6.16359385	      7.63505194
1760625444.44899988	      2.61411208	     -0.10768539	      2.75486868	     -0.02421453	      0.95169416	     -0.01216835	     80.00000000	     -7.00000000	      0.00000000	     80.00000000	      1.39626340	      0.00000000	      0.00000000	      0.00000000	     80.00000000	     -7.00000000	      0.00000000	     80.00000000	      1.39626340	      0.00000000	      0.00000000	      0.00000000	     -6.81657525	     -1.45925662	      3.25300700	      5.68137661	     -2.00133873	     -3.31429451	      3.89459967	      0.00000000	      1.95383759	      6.40687498	      6.94477975	     -5.00067238	      4.26516618	      5.35213710	      0.00000000	     -6.14419045	      7.64826155
1760625444.48200011	      2.61878647	     -0.10261687	      2.75203504	     -0.02446446	      0.95179705	     -0.01247043	     80.00000000	     -7.00000000	      0.00000000	     80.00000000	      1.39626340	      0.00000000	      0.00000000	      0.00000000	     80.00000000	     -7.00000000	      0.00000000	     80.00000000	      1.39626340	      0.00000000	      0.00000000	      0.00000000	     -6.81808276	     -1.45266665	      3.25268037	      5.67521189	     -2.02402926	     -3.34349453	      3.89118953	      0.00000000	      1.95636947	      6.39640819	      6.95594758	     -5.01444619	      4.24252484	      5.34825169	      0.00000000	     -6.14693392	      7.64135005
1760625444.51600003	      2.60154754	     -0.10472089	      2.74887892	     -0.02442346	      0.95165793	     -0.01315572	     80.00000000	     -7.00000000	      0.00000000	     80.00000000	      1.39626340	      0.00000000	      0.00000000	      0.00000000	     80.00000000	     -7.00000000	      0.00000000	     80.00000000	      1.39626340	      0.00000000	      0.00000000	      0.00000000	     -6.82990038	     -1.33726955	      3.29560973	      5.68428921	     -2.16278964	     -3.38867566	      3.90456978	      0.00000000	      1.93724270	      6.39016780	      6.97648434	     -4.91287039	      4.29035818	      5.33471589	      0.00000000	     -6.14758937	      7.62195342
1760625444.54900002	      2.58290259	     -0.09853513	      2.73893763	     -0.02411724	      0.95137113	     -0.01341805	     80.00000000	     -7.00000000	      0.00000000	     80.00000000	      1.39626340	      0.00000000	      0.00000000	      0.00000000	     80.00000000	     -7.00000000	      0.00000000	     80.00000000	      1.39626340	      0.00000000	      0.00000000	      0.00000000	     -6.79339001	     -1.28937486	      3.37133601	      5.65819472	     -2.21972939	     -3.43264612	      3.91084898	      0.00000000	      1.95450062	      6.37315822	      6.95528832	     -4.88669063	      4.29510000	      5.31374111	      0.00000000	     -6.11194460	      7.62648839
1760625444.58200002	      2.57585272	     -0.08868032	      2.74621676	     -0.02377850	      0.95116130	     -0.01345991	     80.00000000	     -7.00000000	      0.00000000	     80.00000000	      1.39626340	      0.00000000	      0.00000000	      0.00000000	     80.00000000	     -7.00000000	      0.00000000	     80.00000000	      1.39626340	      0.00000000	      0.00000000	      0.00000000	     -6.79723465	     -1.26728328	      3.38504596	      5.67990304	     -2.24741853	     -3.47944701	      3.92556908	      0.00000000	      1.95869292	      6.37283164	      6.92350005	     -4.89487052	      4.25585634	      5.35568578	      0.00000000	     -6.08438348	      7.63629527
1760625444.61599994	      2.58902414	     -0.08627415	      2.74964938	     -0.02343490	      0.95100434	     -0.01323448	     80.00000000	     -7.00000000	      0.00000000	     80.00000000	      1.39626340	      0.00000000	      0.00000000	      0.00000000	     80.00000000	     -7.00000000	      0.00000000	     80.00000000	      1.39626340	      0.00000000	      0.00000000	      0.00000000	     -6.78904788	     -1.22550962	      3.40481788	      5.67519052	     -2.26941667	     -3.50615081	      3.92420386	      0.00000000	      1.94889832	      6.36806644	      6.86830278	     -4.90774561	      4.22763273	      5.37044911	      0.00000000	     -6.07680577	      7.66994455
1760625444.64899993	      2.53671337	     -0.08683885	      2.73599021	     -0.02315295	      0.95111981	     -0.01267749	     80.00000000	     -7.00000000	      0.00000000	     80.00000000	      1.39626340	      0.00000000	      0.00000000	      0.00000000	     80.00000000	     -7.00000000	      0.00000000	     80.00000000	      1.39626340	      0.00000000	      0.00000000	      0.00000000	     -6.74471033	     -1.20186707	      3.44413089	      5.67007986	     -2.25930868	     -3.50624044	      3.96425730	      0.00000000	      1.97644281	      6.37787371	      6.86201152	     -4.91799727	      4.16417315	      5.35473480	      0.00000000	     -6.09836089	      7.63539758
1760625444.68300009	      2.52668661	     -0.08593223	      2.73354953	     -0.02332815	      0.95097782	     -0.01269004	     80.00000000	     -7.00000000	      0.00000000	     80.00000000	      1.39626340	      0.00000000	      0.00000000	      0.00000000	     80.00000000	     -7.00000000	      0.00000000	     80.00000000	      1.39626340	      0.00000000	      0.00000000	      0.00000000	     -6.64428641	     -1.18061545	      3.39559257	      5.57711761	     -2.24179347	     -3.43248069	      3.98715236	      0.00000000	      1.96963528	      6.36666502	      6.74739330	     -4.94795487	      4.05775765	      5.36328187	      0.00000000	     -6.12274226	      7.62656702
1760625444.71600008	      2.52463589	     -0.08034086	      2.74375224	     -0.02303430	      0.95101050	     -0.01259849	     80.00000000	     -7.00000000	      0.00000000	     80.00000000	      1.39626340	      0.00000000	      0.00000000	      0.00000000	     80.00000000	     -7.00000000	      0.00000000	     80.00000000	      1.39626340	      0.00000000	      0.00000000	      0.00000000	     -6.64649700	     -1.16761471	      3.41573714	      5.58082300	     -2.24978235	     -3.39347760	      3.98694147	      0.00000000	      1.96677889	      6.36498835	      6.75222968	     -4.96912428	      4.06568484	      5.36258989	      0.00000000	     -6.12853825	      7.62084284
1760625444.75000000	      2.52042888	     -0.08909659	      2.74524854	     -0.02330067	      0.95109548	     -0.01237773	     80.00000000	     -7.00000000	      0.00000000	     80.00000000	      1.39626340	      0.00000000	      0.00000000	      0.00000000	     80.00000000	     -7.00000000	      0.00000000	     80.00000000	      1.39626340	      0.00000000	      0.00000000	      0.00000000	     -6.72258695	     -1.13647406	      3.35750854	      5.66377827	     -2.24675371	     -3.28157637	      3.99683328	      0.00000000	      1.97988966	      6.34096094	      6.81710814	     -5.01593829	      3.98107117	      5.37243859	      0.00000000	     -6.16554621	      7.63051508
1760625444.78299999	      2.51279334	     -0.09004276	      2.75333671	     -0.02315649	      0.95147895	     -0.01234797	     80.00000000	     -7.00000000	      0.00000000	     80.00000000	      1.39626340	      0.00000000	      0.00000000	      0.00000000	     80.00000000	     -7.00000000	      0.00000000	     80.00000000	      1.39626340	      0.00000000	      0.00000000	      0.00000000	     -6.71095572	     -1.12825957	      3.37465899	      5.66632840	     -2.26072851	     -3.25501470	      3.99718162	      0.00000000	      1.97974917	      6.34322937	      6.82775483	     -5.03401147	      3.98732116	      5.35569571	      0.00000000	     -6.17616938	      7.61682464
1760625444.81699991	      2.48337964	     -0.09763944	      2.75498177	     -0.02285785	      0.95195087	     -0.01247203	     80.00000000	     -7.00000000	      0.00000000	     80.00000000	      1.39626340	      0.00000000	      0.00000000	      0.00000000	     80.00000000	     -7.00000000	      0.00000000	     80.00000000	      1.39626340	      0.00000000	      0.00000000	      0.00000000	     -6.68864575	     -1.11691346	      3.39014589	      5.69269137	     -2.28050696	     -3.25431056	      4.00941220	      0.00000000	      1.98086568	      6.34542036	      6.84375002	     -5.04913351	      3.98252278	      5.35931100	      0.00000000	     -6.16427173	      7.61327658
1760625444.84999990	      2.48834339	     -0.10129299	      2.76768001	     -0.02382450	      0.95191205	     -0.01293137	     80.00000000	     -7.00000000	      0.00000000	     80.00000000	      1.39626340	      0.00000000	      0.00000000	      0.00000000	     80.00000000	     -7.00000000	      0.00000000	     80.00000000	      1.39626340	      0.00000000	      0.00000000	      0.00000000	     -6.60163951	     -1.08473822	      3.42990146	      5.60871163	     -2.32359091	     -3.29148830	      4.03045423	      0.00000000	      1.99625477	      6.31995916	      6.75690420	     -5.05307452	      4.01353243	      5.32790504	      0.00000000	     -6.10327575	      7.65511462
1760625444.88299990	      2.48736225	     -0.09952502	      2.77306760	     -0.02377258	      0.95180239	     -0.01320100	     80.00000000	     -7.00000000	      0.00000000	     80.00000000	      1.39626340	      0.00000000	      0.00000000	      0.00000000	     80.00000000	     -7.00000000	      0.00000000	     80.00000000	      1.39626340	      0.00000000	      0.00000000	      0.00000000	     -6.59182037	     -1.07923787	      3.44110683	      5.60765890	     -2.33992776	     -3.26304201	      4.04000022	      0.00000000	      2.00585887	      6.31075472	      6.75966441	     -5.06192472	      4.04691140	      5.31336203	      0.00287180	     -6.11842285	      7.65708125
1760625444.91700006	      2.49402998	     -0.10147345	      2.77226300	     -0.02321620	      0.95183065	     -0.01347293	     80.00000000	     -7.00000000	      0.00000000	     80.00000000	      1.39626340	      0.00000000	      0.00000000	      0.00000000	     80.00000000	     -7.00000000	      0.00000000	     80.00000000	      1.39626340	      0.00000000	      0.00000000	      0.00000000	     -6.53384198	     -1.02348224	      3.45493477	      5.52260985	     -2.39255125	     -3.24878840	      4.08460499	      0.00000000	      2.02048877	      6.29131422	      6.67228312	     -5.03094150	      4.14124297	      5.27852749	      0.00000000	     -6.08957844	      7.66937854
1760625444.95000005	      2.48491473	     -0.09458228	      2.76369409	     -0.02326674	      0.95179120	     -0.01303741	     80.00000000	     -7.00000000	      0.00000000	     80.00000000	      1.39626340	      0.00000000	      0.00000000	      0.00000000	     80.00000000	     -7.00000000	      0.00000000	     80.00000000	      1.39626340	      0.00000000	      0.00000000	      0.00000000	     -6.53442348	     -1.01890789	      3.44550414	      5.53390185	     -2.39390981	     -3.21846644	      4.10918992	      0.00000000	      2.03356011	      6.28185966	      6.64856569	     -5.03903648	      4.19328636	      5.27275707	      0.00000000	     -6.09073421	      7.67260781
1760625444.98399997	      2.50187498	     -0.08775684	      2.75674888	     -0.02436501	      0.95196185	     -0.01278523	     80.00000000	     -7.00000000	      0.00000000	     80.00000000	      1.39626340	      0.00000000	      0.00000000	      0.00000000	     80.00000000	     -7.00000000	      0.00000000	     80.00000000	      1.39626340	      0.00000000	      0.00000000	      0.00000000	     -6.31802580	     -1.05061587	      3.43218768	      5.24664423	     -2.31921431	     -3.19813799	      4.16702372	      0.00000000	      2.04971732	      6.25610195	      6.38010848	     -5.08012707	      4.19387947	      5.21135946	      0.00000000	     -6.00775416	      7.70133405
1760625445.01699996	      2.50866414	     -0.08573240	      2.74946932	     -0.02495481	      0.95221177	     -0.01266035	     80.00000000	     -7.00000000	      0.00000000	     80.00000000	      1.39626340	      0.00000000	      0.00000000	      0.00000000	     80.00000000	     -7.00000000	      0.00000000	     80.00000000	      1.39626340	      0.00000000	      0.00000000	      0.00000000	     -6.32335702	     -1.05088933	      3.42575159	      5.22656852	     -2.29278279	     -3.20822469	      4.18600780	      0.00000000	      2.06561520	      6.26556191	      6.33439648	     -5.06439375	      4.19527110	      5.23627335	      0.00000000	     -6.00233291	      7.68805239
1760625445.05100012	      2.50568485	     -0.08288237	      2.73989966	     -0.02529362	      0.95221196	     -0.01240192	     80.00000000	     -7.00000000	      0.00000000	     80.00000000	      1.39626340	      0.00000000	      0.00000000	      0.00000000	     80.00000000	     -7.00000000	      0.00000000	     80.00000000	      1.39626340	      0.00000000	      0.00000000	      0.00000000	     -6.31252924	     -1.05900679	      3.42686239	      5.21523950	     -2.23940257	     -3.25932647	      4.17070788	      0.00000000	      2.04793668	      6.27569551	      6.29269294	     -5.04437460	      4.15976002	      5.26316273	      0.03549272	     -5.99148990	      7.71122314
1760625445.08400011	      2.48904742	     -0.07725667	      2.74007209	     -0.02462760	      0.95177101	     -0.01205756	     80.00000000	     -7.00000000	      0.00000000	     80.00000000	      1.39626340	      0.00000000	      0.00000000	      0.00000000	     80.00000000	     -7.00000000	      0.00000000	     80.00000000	      1.39626340	      0.00000000	      0.00000000	      0.00000000	     -6.28612766	     -1.11557443	      3.43138604	      5.17904072	     -2.16120255	     -3.25916918	      4.14916034	      0.00000000	      2.03599080	      6.30501558	      6.24694019	     -5.06307438	      4.18157131	      5.28430671	      0.00377190	     -5.98786560	      7.71085734
1760625445.11800003	      2.48502907	     -0.08087613	      2.73562867	     -0.02455550	      0.95135025	     -0.01221222	     80.00000000	     -7.00000000	      0.00000000	     80.00000000	      1.39626340	      0.00000000	      0.00000000	      0.00000000	     80.00000000	     -7.00000000	      0.00000000	     80.00000000	      1.39626340	      0.00000000	      0.00000000	      0.00000000	     -6.30350103	     -1.12208841	      3.42454549	      5.16466261	     -2.12797385	     -3.26161790	      4.13705540	      0.00000000	      2.02673415	      6.31288451	      6.23685772	     -5.02919063	      4.18539542	      5.28956011	      0.00530380	     -5.99046994	      7.72200953
1760625445.15100002	      2.51080217	     -0.07552017	      2.74360330	     -0.02410919	      0.95128426	     -0.01218656	     80.00000000	     -7.00000000	      0.00000000	     80.00000000	      1.39626340	      0.00000000	      0.00000000	      0.00000000	     80.00000000	     -7.00000000	      0.00000000	     80.00000000	      1.39626340	      0.00000000	      0.00000000	      0.00000000	     -6.34513514	     -1.14428616	      3.40865946	      5.13528099	     -2.10538339	     -3.28291301	      4.10789441	      0.00000000	      2.02629241	      6.33050402	      6.19883173	     -5.00000898	      4.18908068	      5.31541359	      0.00000000	     -5.98475500	      7.74592375
1760625445.18400002	      2.51177046	     -0.07495900	      2.74551463	     -0.02471368	      0.95129438	     -0.01257203	     80.00000000	     -7.00000000	      0.00000000	     80.00000000	      1.39626340	      0.00000000	      0.00000000	      0.00000000	     80.00000000	     -7.00000000	      0.00000000	     80.00000000	      1.39626340	      0.00000000	      0.00000000	      0.00000000	     -6.36052928	     -1.16600397	      3.40806090	      5.11829431	     -2.09724807	     -3.30438264	      4.08579305	      0.00000000	      2.01903948	      6.34670111	      6.17374589	     -4.97753977	      4.18201327	      5.34016707	      0.00000000	     -5.98154432	      7.73320841
1760625445.21799994	      2.50229666	     -0.07523439	      2.74051234	     -0.02428590	      0.95136082	     -0.01268162	     80.00000000	     -7.00000000	      0.00000000	     80.00000000	      1.39626340	      0.00000000	      0.00000000	      0.00000000	     80.00000000	     -7.00000000	      0.00000000	     80.00000000	      1.39626340	      0.00000000	      0.00000000	      0.00000000	     -6.37188279	     -1.18127478	      3.41877643	      5.12996304	     -2.10825747	     -3.32026530	      4.04674192	      0.00000000	      1.99788639	      6.35257756	      6.16293490	     -4.96561884	      4.18524725	      5.35741360	      0.00000000	     -5.97757037	      7.73373913
1760625445.25099993	      2.51464096	     -0.07325107	      2.74019615	     -0.02420638	      0.95163379	     -0.01243857	     80.00000000	     -7.00000000	      0.00000000	     80.00000000	      1.39626340	      0.00000000	      0.00000000	      0.00000000	     80.00000000	     -7.00000000	      0.00000000	     80.00000000	      1.39626340	      0.00000000	      0.00000000	      0.00000000	     -6.41606387	     -1.21826646	      3.51059049	      5.12288311	     -2.12853826	     -3.44311829	      4.03316782	      0.00000000	      2.02417403	      6.35615365	      6.15623139	     -4.95995800	      4.25322839	      5.38094628	      0.00000000	     -5.96875450	      7.72622222
1760625445.28500009	      2.52291515	     -0.06925503	      2.75066622	     -0.02356008	      0.95170744	     -0.01227288	     80.00000000	     -7.00000000	      0.00000000	     80.00000000	      1.39626340	      0.00000000	      0.00000000	      0.00000000	     80.00000000	     -7.00000000	      0.00000000	     80.00000000	      1.39626340	      0.00000000	      0.00000000	      0.00000000	     -6.44396257	     -1.24238510	      3.52738797	      5.14107952	     -2.14623501	     -3.46747714	      4.02524421	      0.00000000	      2.01375524	      6.35195300	      6.14927230	     -4.95465740	      4.22755130	      5.37465878	      0.06039826	     -5.96997014	      7.70934656
1760625445.31800008	      2.52336396	     -0.06957525	      2.75226055	     -0.02302101	      0.95187613	     -0.01211164	     80.00000000	     -7.00000000	      0.00000000	     80.00000000	      1.39626340	      0.00000000	      0.00000000	      0.00000000	     80.00000000	     -7.00000000	      0.00000000	     80.00000000	      1.39626340	      0.00000000	      0.00000000	      0.00000000	     -6.59577324	     -1.26987056	      3.55188911	      5.30898896	     -2.17599914	     -3.51583594	      3.99768421	      0.00000000	      2.02685086	      6.35477561	      6.28489131	     -4.96760801	      4.27685893	      5.40207739	      0.03140183	     -6.00049320	      7.71078403
1760625445.35200000	      2.51722020	     -0.07295699	      2.76334067	     -0.02303046	      0.95203419	     -0.01186128	     80.00000000	     -7.00000000	      0.00000000	     80.00000000	      1.39626340	      0.00000000	      0.00000000	      0.00000000	     80.00000000	     -7.00000000	      0.00000000	     80.00000000	      1.39626340	      0.00000000	      0.00000000	      0.00000000	     -6.60088503	     -1.28162923	      3.56054334	      5.31830913	     -2.19236686	     -3.51126880	      4.00109539	      0.00000000	      2.02727400	      6.35351826	      6.26689241	     -4.97185308	      4.27459834	      5.39520976	      0.03580107	     -6.00189548	      7.71261671
1760625445.38499999	      2.52579667	     -0.06577920	      2.75950520	     -0.02288580	      0.95206842	     -0.01190751	     80.00000000	     -7.00000000	      0.00000000	     80.00000000	      1.39626340	      0.00000000	      0.00000000	      0.00000000	     80.00000000	     -7.00000000	      0.00000000	     80.00000000	      1.39626340	      0.00000000	      0.00000000	      0.00000000	     -6.60964341	     -1.29687973	      3.58444427	      5.31641571	     -2.20175255	     -3.51218684	      4.00761609	      0.00000000	      2.03333185	      6.35737820	      6.24424508	     -4.96223867	      4.24455988	      5.38302953	      0.05443431	     -5.99744659	      7.70190953
1760625445.41899991	      2.53524196	     -0.06623975	      2.75732932	     -0.02261450	      0.95188033	     -0.01196575	     80.00000000	     -7.00000000	      0.00000000	     80.00000000	      1.39626340	      0.00000000	      0.00000000	      0.00000000	     80.00000000	     -7.00000000	      0.00000000	     80.00000000	      1.39626340	      0.00000000	      0.00000000	      0.00000000	     -6.61594144	     -1.30048089	      3.60545784	      5.32769396	     -2.20800651	     -3.49867573	      4.01464493	      0.00000000	      2.04535919	      6.35608702	      6.22061299	     -4.94911769	      4.21767832	      5.40100935	      0.05958366	     -5.98447690	      7.71243925
1760625445.45199990	      2.53894894	     -0.06789678	      2.76110203	     -0.02304393	      0.95178711	     -0.01126253	     80.00000000	     -7.00000000	      0.00000000	     80.00000000	      1.39626340	      0.00000000	      0.00000000	      0.00000000	     80.00000000	     -7.00000000	      0.00000000	     80.00000000	      1.39626340	      0.00000000	      0.00000000	      0.00000000	     -6.62797921	     -1.33717850	      3.54312304	      5.35444875	     -2.16295852	     -3.41201436	      4.01166981	      0.00000000	      2.05406149	      6.35796867	      6.20857706	     -4.98874538	      4.13235201	      5.42443505	      0.11802946	     -5.99715334	      7.72142726
1760625445.48600006	      2.56075751	     -0.07691980	      2.76245693	     -0.02315901	      0.95163401	     -0.01095778	     80.00000000	     -7.00000000	      0.00000000	     80.00000000	      1.39626340	      0.00000000	      0.00000000	      0.00000000	     80.00000000	     -7.00000000	      0.00000000	     80.00000000	      1.39626340	      0.00000000	      0.00000000	      0.00000000	     -6.64574072	     -1.34710850	      3.53217505	      5.36432452	     -2.13970468	     -3.37354917	      4.01363241	      0.00000000	      2.06053575	      6.35339162	      6.21202285	     -4.98883496	      4.12172196	      5.43819173	      0.05515600	     -6.00878957	      7.72296000
1760625445.51900005	      2.54267710	     -0.07584806	      2.77574049	     -0.02338560	      0.95141260	     -0.01097523	     80.00000000	     -7.00000000	      0.00000000	     80.00000000	      1.39626340	      0.00000000	      0.00000000	      0.00000000	     80.00000000	     -7.00000000	      0.00000000	     80.00000000	      1.39626340	      0.00000000	      0.00000000	      0.00000000	     -6.63496293	     -1.39327005	      3.50112719	      5.39388647	     -2.07825175	     -3.33746885	      4.00477720	      0.00000000	      2.07119953	      6.36622244	      6.22011680	     -5.00364920	      4.03639773	      5.45422751	      0.06469590	     -6.06183479	      7.70021269
1760625445.55200005	      2.55676066	     -0.08183144	      2.78656039	     -0.02332835	      0.95121655	     -0.01046713	     80.00000000	     -7.00000000	      0.00000000	     80.00000000	      1.39626340	      0.00000000	      0.00000000	      0.00000000	     80.00000000	     -7.00000000	      0.00000000	     80.00000000	      1.39626340	      0.00000000	      0.00000000	      0.00000000	     -6.62715346	     -1.43057968	      3.47156305	      5.38384935	     -2.02346215	     -3.32977865	      4.00720535	      0.00000000	      2.06441629	      6.36777442	      6.19183377	     -5.04487048	      4.03311777	      5.46698213	      0.01670478	     -6.04613819	      7.72788111
1760625445.58599997	      2.55017329	     -0.08907952	      2.79389220	     -0.02347160	      0.95111401	     -0.01034753	     80.00000000	     -7.00000000	      0.00000000	     80.00000000	      1.39626340	      0.00000000	      0.00000000	      0.00000000	     80.00000000	     -7.00000000	      0.00000000	     80.00000000	      1.39626340	      0.00000000	      0.00000000	      0.00000000	     -6.61307822	     -1.43825559	      3.48185908	      5.38775842	     -2.00026019	     -3.31976059	      3.99269964	      0.00000000	      2.06308726	      6.36479961	      6.16886181	     -5.05127325	      4.00297381	      5.48866545	      0.04919309	     -6.02814659	      7.73706601
1760625445.61899996	      2.55687472	     -0.09541975	      2.79526617	     -0.02301838	      0.95084057	     -0.01089836	     80.00000000	     -7.00000000	      0.00000000	     80.00000000	      1.39626340	      0.00000000	      0.00000000	      0.00000000	     80.00000000	     -7.00000000	      0.00000000	     80.00000000	      1.39626340	      0.00000000	      0.00000000	      0.00000000	     -6.61639553	     -1.44273494	      3.48786353	      5.39755115	     -1.98962882	     -3.32830861	      3.99998327	      0.00000000	      2.06649115	      6.37058384	      6.18311983	     -5.04099263	      3.98576177	      5.46968053	      0.05272352	     -6.04582144	      7.70935946
1760625445.65300012	      2.56014642	     -0.10003171	      2.79746352	     -0.02283084	      0.95066937	     -0.01120066	     80.00000000	     -7.00000000	      0.00000000	     80.00000000	      1.39626340	      0.00000000	      0.00000000	      0.00000000	     80.00000000	     -7.00000000	      0.00000000	     80.00000000	      1.39626340	      0.00000000	      0.00000000	      0.00000000	     -6.69473136	     -1.43168179	      3.49819822	      5.50633779	     -2.00251940	     -3.35302301	      3.96813425	      0.00000000	      2.07333114	      6.37347405	      6.25780920	     -5.03208475	      4.00975395	      5.48819026	      0.05045226	     -6.04651931	      7.69962724
1760625445.68600011	      2.56899347	     -0.10686335	      2.79321665	     -0.02160732	      0.95065368	     -0.01201709	     80.00000000	     -7.00000000	      0.00000000	     80.00000000	      1.39626340	      0.00000000	      0.00000000	      0.00000000	     80.00000000	     -7.00000000	      0.00000000	     80.00000000	      1.39626340	      0.00000000	      0.00000000	      0.00000000	     -6.76750776	     -1.38730142	      3.47459850	      5.57438498	     -2.04213562	     -3.31169309	      3.98148050	      0.00000000	      2.06032797	      6.36328745	      6.33641951	     -4.99470339	      3.96737406	      5.53257978	      0.06723223	     -6.07302308	      7.70977344
1760625445.72000003	      2.57061248	     -0.10753888	      2.78761051	     -0.02111629	      0.95071282	     -0.01239368	     80.00000000	     -7.00000000	      0.00000000	     80.00000000	      1.39626340	      0.00000000	      0.00000000	      0.00000000	     80.00000000	     -7.00000000	      0.00000000	     80.00000000	      1.39626340	      0.00000000	      0.00000000	      0.00000000	     -6.77051355	     -1.37731089	      3.44987049	      5.57832416	     -2.05069902	     -3.32314361	      3.99653443	      0.00000000	      2.09082426	      6.36424122	      6.37287179	     -4.99356037	      3.95832348	      5.52008594	      0.00760888	     -6.08459967	      7.69934400
1760625445.75300002	      2.56653654	     -0.10719463	      2.79167509	     -0.02097057	      0.95070875	     -0.01279752	     80.00000000	     -7.00000000	      0.00000000	     80.00000000	      1.39626340	      0.00000000	      0.00000000	      0.00000000	     80.00000000	     -7.00000000	      0.00000000	     80.00000000	      1.39626340	      0.00000000	      0.00000000	      0.00000000	     -6.76097622	     -1.36128610	      3.43440188	      5.59833549	     -2.06394954	     -3.33370703	      3.97301295	      0.00000000	      2.07310460	      6.36947240	      6.37664288	     -4.97716781	      3.97435443	      5.50769560	      0.00000000	     -6.07508143	      7.68774035
1760625445.78699994	      2.57229990	     -0.11525103	      2.78477399	     -0.02072355	      0.95076680	     -0.01316011	     80.00000000	     -7.00000000	      0.00000000	     80.00000000	      1.39626340	      0.00000000	      0.00000000	      0.00000000	     80.00000000	     -7.00000000	      0.00000000	     80.00000000	      1.39626340	      0.00000000	      0.00000000	      0.00000000	     -6.83350399	     -1.29027719	      3.41605801	      5.65942409	     -2.12332436	     -3.31040660	      3.96134822	      0.00000000	      2.08523361	      6.37945533	      6.46066407	     -4.91577934	      3.96831883	      5.54082312	      0.00363902	     -6.10970440	      7.68188451
1760625445.81999993	      2.57882297	     -0.11229156	      2.78493548	     -0.02125306	      0.95082978	     -0.01276131	     80.00000000	     -7.00000000	      0.00000000	     80.00000000	      1.39626340	      0.00000000	      0.00000000	      0.00000000	     80.00000000	     -7.00000000	      0.00000000	     80.00000000	      1.39626340	      0.00000000	      0.00000000	      0.00000000	     -6.83261713	     -1.28653361	      3.41038271	      5.63846383	     -2.11522482	     -3.33016090	      3.95090181	      0.00000000	      2.08545605	      6.38064177	      6.47450543	     -4.90857464	      3.94902354	      5.54576157	      0.00100486	     -6.10204417	      7.68322268
1760625445.88700008	      2.58605124	     -0.11786942	      2.79278082	     -0.02186879	      0.95041539	     -0.01269529	     80.00000000	     -7.00000000	      0.00000000	     80.00000000	      1.39626340	      0.00000000	      0.00000000	      0.00000000	     80.00000000	     -7.00000000	      0.00000000	     80.00000000	      1.39626340	      0.00000000	      0.00000000	      0.00000000	     -6.82276637	     -1.28586840	      3.38351851	      5.60432428	     -2.10199042	     -3.33462076	      3.91933931	      0.00000000	      2.08280629	      6.39670168	      6.46146032	     -4.89419505	      3.97226114	      5.52799863	      0.01629999	     -6.08451200	      7.64513971
1760625445.92000008	      2.59063093	     -0.11241139	      2.79010273	     -0.02110816	      0.95028404	     -0.01278645	     80.00000000	     -7.00000000	      0.00000000	     80.00000000	      1.39626340	      0.00000000	      0.00000000	      0.00000000	     80.00000000	     -7.00000000	      0.00000000	     80.00000000	      1.39626340	      0.00000000	      0.00000000	      0.00000000	     -6.79945303	     -1.29408834	      3.38410854	      5.56359193	     -2.10572879	     -3.34710499	      3.88950520	      0.00000000	      2.11834633	      6.40117825	      6.43513419	     -4.88339638	      3.95391655	      5.51991267	      0.00000000	     -6.02923010	      7.65061322
1760625445.98699999	      2.57381937	     -0.11991189	      2.78305058	     -0.02142426	      0.95019423	     -0.01234914	     80.00000000	     -7.00000000	      0.00000000	     80.00000000	      1.39626340	      0.00000000	      0.00000000	      0.00000000	     80.00000000	     -7.00000000	      0.00000000	     80.00000000	      1.39626340	      0.00000000	      0.00000000	      0.00000000	     -6.77479446	     -1.31832607	      3.39384601	      5.54901198	     -2.09891811	     -3.29708127	      3.85779378	      0.00000000	      2.10477163	      6.40329340	      6.46092846	     -4.87582737	      3.99246411	      5.51683661	      0.00000000	     -6.04065280	      7.63778263
1760625446.02099991	      2.56088299	     -0.11618784	      2.77873548	     -0.02131880	      0.95054064	     -0.01209403	     80.00000000	     -7.00000000	      0.00000000	     80.00000000	      1.39626340	      0.00000000	      0.00000000	      0.00000000	     80.00000000	     -7.00000000	      0.00000000	     80.00000000	      1.39626340	      0.00000000	      0.00000000	      0.00000000	     -6.77915740	     -1.34675973	      3.39730777	      5.57124699	     -2.10246977	     -3.27902095	      3.87298146	      0.00000000	      2.12897819	      6.38944724	      6.49049748	     -4.88010526	      3.99141279	      5.56307057	      0.00000000	     -6.02828397	      7.65579232
1760625446.05399990	      2.57779534	     -0.11428160	      2.78633494	     -0.02149085	      0.95094861	     -0.01190749	     80.00000000	     -7.00000000	      0.00000000	     80.00000000	      1.39626340	      0.00000000	      0.00000000	      0.00000000	     80.00000000	     -7.00000000	      0.00000000	     80.00000000	      1.39626340	      0.00000000	      0.00000000	      0.00000000	     -6.87897382	     -1.40456214	      3.34668593	      5.67279339	     -2.06733411	     -3.24744090	      3.87948837	      0.00000000	      2.14275740	      6.36972038	      6.57955657	     -4.91408476	      4.01336338	      5.58208891	      0.00000000	     -6.06035716	      7.65444388
1760625446.08800006	      2.55209140	     -0.11320718	      2.78307058	     -0.02141960	      0.95109721	     -0.01191991	     80.00000000	     -7.00000000	      0.00000000	     80.00000000	      1.39626340	      0.00000000	      0.00000000	      0.00000000	     80.00000000	     -7.00000000	      0.00000000	     80.00000000	      1.39626340	      0.00000000	      0.00000000	      0.00000000	     -6.86476502	     -1.41209807	      3.33369396	      5.69934037	     -2.08431846	     -3.23331658	      3.88414911	      0.00000000	      2.13819428	      6.37421189	      6.58590391	     -4.91645351	      4.02879345	      5.58893567	      0.00000000	     -6.05414310	      7.67917520
1760625446.12100005	      2.55177939	     -0.11766649	      2.77755958	     -0.02190135	      0.95131194	     -0.01182902	     80.00000000	     -7.00000000	      0.00000000	     80.00000000	      1.39626340	      0.00000000	      0.00000000	      0.00000000	     80.00000000	     -7.00000000	      0.00000000	     80.00000000	      1.39626340	      0.00000000	      0.00000000	      0.00000000	     -6.86477618	     -1.42163733	      3.33242151	      5.72185353	     -2.08144270	     -3.20592295	      3.89530930	      0.00000000	      2.14221119	      6.37478289	      6.57322752	     -4.90701459	      4.05618710	      5.58202986	      0.00000000	     -6.06088294	      7.67635780
1760625446.15499997	      2.55378763	     -0.11438074	      2.77190251	     -0.02224158	      0.95151174	     -0.01169051	     80.00000000	     -7.00000000	      0.00000000	     80.00000000	      1.39626340	      0.00000000	      0.00000000	      0.00000000	     80.00000000	     -7.00000000	      0.00000000	     80.00000000	      1.39626340	      0.00000000	      0.00000000	      0.00000000	     -6.87906480	     -1.43226403	      3.33426789	      5.73872513	     -2.07883186	     -3.20396961	      3.91633720	      0.00000000	      2.15459916	      6.36061643	      6.57397154	     -4.90959605	      4.05870792	      5.58937306	      0.00000000	     -6.05424816	      7.67358388
1760625446.18799996	      2.55075035	     -0.10985543	      2.77128758	     -0.02284189	      0.95156757	     -0.01140656	     80.00000000	     -7.00000000	      0.00000000	     80.00000000	      1.39626340	      0.00000000	      0.00000000	      0.00000000	     80.00000000	     -7.00000000	      0.00000000	     80.00000000	      1.39626340	      0.00000000	      0.00000000	      0.00000000	     -6.93636074	     -1.47150114	      3.32652959	      5.79491654	     -2.04808608	     -3.19951543	      3.92928781	      0.00000000	      2.15232388	      6.34610366	      6.64369878	     -4.93539407	      4.02118500	      5.60005103	      0.00000000	     -6.05612120	      7.67524719
1760625446.22099996	      2.55465697	     -0.10922496	      2.78850945	     -0.02234374	      0.95133086	     -0.01140302	     80.00000000	     -7.00000000	      0.00000000	     80.00000000	      1.39626340	      0.00000000	      0.00000000	      0.00000000	     80.00000000	     -7.00000000	      0.00000000	     80.00000000	      1.39626340	      0.00000000	      0.00000000	      0.00000000	     -6.94754474	     -1.47711420	      3.31992875	      5.78864920	     -2.03785761	     -3.18844807	      3.92232718	      0.00000000	      2.15529136	      6.34646150	      6.63439597	     -4.94667103	      4.03904586	      5.58764317	      0.00000000	     -6.03384323	      7.66823873
1760625446.25500011	      2.52224394	     -0.10541311	      2.79427405	     -0.02175715	      0.95116021	     -0.01166774	     80.00000000	     -7.00000000	      0.00000000	     80.00000000	      1.39626340	      0.00000000	      0.00000000	      0.00000000	     80.00000000	     -7.00000000	      0.00000000	     80.00000000	      1.39626340	      0.00000000	      0.00000000	      0.00000000	     -6.90785346	     -1.50095050	      3.34052152	      5.75879232	     -2.02227853	     -3.21115810	      3.92370440	      0.00000000	      2.15260475	      6.35681201	      6.63187274	     -4.94002122	      3.99089950	      5.57384552	      0.00000000	     -5.98799622	      7.65760984
1760625446.28800011	      2.50406715	     -0.10310878	      2.80610596	     -0.02137520	      0.95099471	     -0.01160041	     80.00000000	     -7.00000000	      0.00000000	     80.00000000	      1.39626340	      0.00000000	      0.00000000	      0.00000000	     80.00000000	     -7.00000000	      0.00000000	     80.00000000	      1.39626340	      0.00000000	      0.00000000	      0.00000000	     -6.81896373	     -1.52340975	      3.32810599	      5.65810512	     -1.99197862	     -3.18731402	      3.91950687	      0.00000000	      2.15020468	      6.36409229	      6.56383915	     -4.95144002	      3.89339844	      5.56953141	      0.00000000	     -5.96211204	      7.66036911
1760625446.32200003	      2.48958310	     -0.10327530	      2.80805661	     -0.02122460	      0.95100021	     -0.01134924	     80.00000000	     -7.00000000	      0.00000000	     80.00000000	      1.39626340	      0.00000000	      0.00000000	      0.00000000	     80.00000000	     -7.00000000	      0.00000000	     80.00000000	      1.39626340	      0.00000000	      0.00000000	      0.00000000	     -6.82546520	     -1.53608302	      3.34684451	      5.64833909	     -1.97724938	     -3.18626520	      3.91507203	      0.00000000	      2.14157807	      6.36091729	      6.56218529	     -4.94960262	      3.84809243	      5.61292023	      0.00000000	     -5.94029275	      7.66512518
1760625446.35500002	      2.49966680	     -0.10447828	      2.80617704	     -0.02158795	      0.95103700	     -0.01127262	     80.00000000	     -7.00000000	      0.00000000	     80.00000000	      1.39626340	      0.00000000	      0.00000000	      0.00000000	     80.00000000	     -7.00000000	      0.00000000	     80.00000000	      1.39626340	      0.00000000	      0.00000000	      0.00000000	     -6.83052825	     -1.54577927	      3.36704803	      5.61451198	     -1.95437831	     -3.19564662	      3.92425871	      0.00000000	      2.13987255	      6.36223959	      6.52423944	     -4.94761578	      3.81110803	      5.62181050	      0.00000000	     -5.91647596	      7.66170569
1760625446.38899994	      2.50217514	     -0.10723059	      2.80249504	     -0.02161889	      0.95079262	     -0.01167323	     80.00000000	     -7.00000000	      0.00000000	     80.00000000	      1.39626340	      0.00000000	      0.00000000	      0.00000000	     80.00000000	     -7.00000000	      0.00000000	     80.00000000	      1.39626340	      0.00000000	      0.00000000	      0.00000000	     -6.84560841	     -1.54829496	      3.37216455	      5.61008437	     -1.93877096	     -3.18615055	      3.92302642	      0.00000000	      2.12793468	      6.36329986	      6.49831358	     -4.92939708	      3.81251306	      5.59581071	      0.00000000	     -5.93775675	      7.66143434
1760625446.42199993	      2.49211372	     -0.11007813	      2.79859743	     -0.02162551	      0.95066242	     -0.01189865	     80.00000000	     -7.00000000	      0.00000000	     80.00000000	      1.39626340	      0.00000000	      0.00000000	      0.00000000	     80.00000000	     -7.00000000	      0.00000000	     80.00000000	      1.39626340	      0.00000000	      0.00000000	      0.00000000	     -6.85468925	     -1.54688020	      3.36478235	      5.62171637	     -1.93607796	     -3.18810643	      3.93733399	      0.00000000	      2.13675346	      6.36144819	      6.47412813	     -4.92527225	      3.81665989	      5.58724677	      0.00000000	     -5.94975288	      7.66034524
1760625446.48900008	      2.46757989	     -0.12098388	      2.81713516	     -0.02072071	      0.95024581	     -0.01200228	     80.00000000	     -7.00000000	      0.00000000	     80.00000000	      1.39626340	      0.00000000	      0.00000000	      0.00000000	     80.00000000	     -7.00000000	      0.00000000	     80.00000000	      1.39626340	      0.00000000	      0.00000000	      0.00000000	     -6.86555149	     -1.53873406	      3.31112617	      5.62836867	     -1.91781526	     -3.19882316	      3.98598100	      0.00000000	      2.15787576	      6.34626865	      6.42188563	     -4.92155664	      3.84524211	      5.54509663	      0.00000000	     -6.01894572	      7.61923013
1760625446.52200007	      2.46304459	     -0.11657014	      2.82338101	     -0.02111110	      0.95029562	     -0.01108044	     80.00000000	     -7.00000000	      0.00000000	     80.00000000	      1.39626340	      0.00000000	      0.00000000	      0.00000000	     80.00000000	     -7.00000000	      0.00000000	     80.00000000	      1.39626340	      0.00000000	      0.00000000	      0.00000000	     -6.84967768	     -1.61139878	      3.25500059	      5.60035006	     -1.81666305	     -3.15332271	      4.00529278	      0.00000000	      2.16630825	      6.32887852	      6.38665601	     -5.02056582	      3.81416226	      5.56866853	      0.00000000	     -6.03547878	      7.65751621
1760625446.55599999	      2.47188718	     -0.13042609	      2.83837769	     -0.02050793	      0.95025948	     -0.01077952	     80.00000000	     -7.00000000	      0.00000000	     80.00000000	      1.39626340	      0.00000000	      0.00000000	      0.00000000	     80.00000000	     -7.00000000	      0.00000000	     80.00000000	      1.39626340	      0.00000000	      0.00000000	      0.00000000	     -6.87103936	     -1.61596032	      3.24171921	      5.59607192	     -1.77856304	     -3.13846969	      4.01158617	      0.00000000	      2.16603433	      6.32721771	      6.38015855	     -5.05251629	      3.83811899	      5.56939117	      0.00000000	     -6.02352667	      7.66885648
1760625446.58899999	      2.46814320	     -0.14149203	      2.83844734	     -0.01914596	      0.95020729	     -0.01097118	     80.00000000	     -7.00000000	      0.00000000	     80.00000000	      1.39626340	      0.00000000	      0.00000000	      0.00000000	     80.00000000	     -7.00000000	      0.00000000	     80.00000000	      1.39626340	      0.00000000	      0.00000000	      0.00000000	     -6.87630303	     -1.62824876	      3.25963159	      5.59826056	     -1.74666144	     -3.14670021	      3.99299840	      0.00000000	      2.14168567	      6.34167417	      6.40635757	     -5.06148811	      3.80792864	      5.55554037	      0.00000000	     -6.05016790	      7.64987228
1760625446.62299991	      2.49297146	     -0.13730924	      2.84678313	     -0.01873837	      0.95037900	     -0.01122750	     80.00000000	     -7.00000000	      0.00000000	     80.00000000	      1.39626340	      0.00000000	      0.00000000	      0.00000000	     80.00000000	     -7.00000000	      0.00000000	     80.00000000	      1.39626340	      0.00000000	      0.00000000	      0.00000000	     -6.93304211	     -1.68647679	      3.24996785	      5.63283523	     -1.68394157	     -3.14360249	      3.99170144	      0.00000000	      2.13408700	      6.34915459	      6.44680185	     -5.10694213	      3.77467632	      5.58526815	      0.00000000	     -6.08664652	      7.63470550
1760625446.65599990	      2.49329916	     -0.14523566	      2.85485649	     -0.01922933	      0.95028883	     -0.01110058	     80.00000000	     -7.00000000	      0.00000000	     80.00000000	      1.39626340	      0.00000000	      0.00000000	      0.00000000	     80.00000000	     -7.00000000	      0.00000000	     80.00000000	      1.39626340	      0.00000000	      0.00000000	      0.00000000	     -7.00108975	     -1.71002825	      3.25745434	      5.72107399	     -1.66035256	     -3.15119812	      3.98065916	      0.00000000	      2.12246573	      6.36015406	      6.53053337	     -5.13945373	      3.78340950	      5.59121142	      0.00000000	     -6.10114157	      7.65242909
1760625446.69000006	      2.50338676	     -0.15157366	      2.85975657	     -0.01913378	      0.95007125	     -0.01156221	     80.00000000	     -7.00000000	      0.00000000	     80.00000000	      1.39626340	      0.00000000	      0.00000000	      0.00000000	     80.00000000	     -7.00000000	      0.00000000	     80.00000000	      1.39626340	      0.00000000	      0.00000000	      0.00000000	     -7.00473411	     -1.70961069	      3.23866874	      5.72645578	     -1.65438020	     -3.15188425	      3.97938745	      0.00000000	      2.13983681	      6.35122272	      6.52841845	     -5.12897495	      3.77966555	      5.58640745	      0.00000000	     -6.11510022	      7.62966719
1760625446.72300005	      2.50540988	     -0.15581272	      2.85526379	     -0.01912682	      0.94986593	     -0.01202494	     80.00000000	     -7.00000000	      0.00000000	     80.00000000	      1.39626340	      0.00000000	      0.00000000	      0.00000000	     80.00000000	     -7.00000000	      0.00000000	     80.00000000	      1.39626340	      0.00000000	      0.00000000	      0.00000000	     -7.00565042	     -1.71217472	      3.23529221	      5.73506764	     -1.66024981	     -3.15698050	      3.98245132	      0.00000000	      2.14282727	      6.34913198	      6.52103406	     -5.13360137	      3.77668522	      5.58356831	      0.00000000	     -6.11793629	      7.62841101
1760625446.75699997	      2.51545186	     -0.15542777	      2.84975351	     -0.01886697	      0.94945825	     -0.01240564	     80.00000000	     -7.00000000	      0.00000000	     80.00000000	      1.39626340	      0.00000000	      0.00000000	      0.00000000	     80.00000000	     -7.00000000	      0.00000000	     80.00000000	      1.39626340	      0.00000000	      0.00000000	      0.00000000	     -7.01946123	     -1.67855149	      3.20933445	      5.75347917	     -1.70702327	     -3.10233060	      3.97462004	      0.00000000	      2.15212054	      6.35606251	      6.50111542	     -5.09692041	      3.75247172	      5.59600280	      0.00000000	     -6.14567742	      7.58545663
1760625446.78999996	      2.53566202	     -0.15517025	      2.85163500	     -0.01885973	      0.94947008	     -0.01243886	     80.00000000	     -7.00000000	      0.00000000	     80.00000000	      1.39626340	      0.00000000	      0.00000000	      0.00000000	     80.00000000	     -7.00000000	      0.00000000	     80.00000000	      1.39626340	      0.00000000	      0.00000000	      0.00000000	     -7.02518511	     -1.67318739	      3.18922728	      5.75707225	     -1.72465452	     -3.08403946	      3.97814446	      0.00000000	      2.16460107	      6.35568738	      6.47291663	     -5.10552449	      3.77092914	      5.59415559	      0.00000000	     -6.12646503	      7.60731030
1760625446.82399988	      2.53979719	     -0.14793091	      2.84855363	     -0.01890419	      0.94976813	     -0.01231154	     80.00000000	     -7.00000000	      0.00000000	     80.00000000	      1.39626340	      0.00000000	      0.00000000	      0.00000000	     80.00000000	     -7.00000000	      0.00000000	     80.00000000	      1.39626340	      0.00000000	      0.00000000	      0.00000000	     -7.03208365	     -1.68148087	      3.17292578	      5.76968588	     -1.73486830	     -3.03787031	      3.96931865	      0.00000000	      2.17505278	      6.35499805	      6.46609329	     -5.09638945	      3.75621587	      5.60822941	      0.00000000	     -6.10760807	      7.62440683
1760625446.85700011	      2.51438253	     -0.15150700	      2.84994677	     -0.01999084	      0.94981949	     -0.01165802	     80.00000000	     -7.00000000	      0.00000000	     80.00000000	      1.39626340	      0.00000000	      0.00000000	      0.00000000	     80.00000000	     -7.00000000	      0.00000000	     80.00000000	      1.39626340	      0.00000000	      0.00000000	      0.00000000	     -7.00919315	     -1.69619764	      3.16744229	      5.77996290	     -1.72815269	     -3.03588243	      3.97778505	      0.00000000	      2.18633067	      6.36202776	      6.49661220	     -5.09414306	      3.72272731	      5.60776424	      0.00000000	     -6.11115685	      7.62864139
1760625446.89100003	      2.53293470	     -0.14638874	      2.84958939	     -0.02066142	      0.94991588	     -0.01101693	     80.00000000	     -7.00000000	      0.00000000	     80.00000000	      1.39626340	      0.00000000	      0.00000000	      0.00000000	     80.00000000	     -7.00000000	      0.00000000	     80.00000000	      1.39626340	      0.00000000	      0.00000000	      0.00000000	     -7.07754473	     -1.76282408	      3.13245719	      5.86615432	     -1.68249010	     -2.98248287	      3.93895901	      0.00000000	      2.18226287	      6.37256507	      6.57716745	     -5.10893231	      3.68971513	      5.61554223	      0.00000000	     -6.11106664	      7.60618874
1760625446.92400002	      2.53070948	     -0.14650256	      2.84385035	     -0.02034015	      0.94999742	     -0.01122632	     80.00000000	     -7.00000000	      0.00000000	     80.00000000	      1.39626340	      0.00000000	      0.00000000	      0.00000000	     80.00000000	     -7.00000000	      0.00000000	     80.00000000	      1.39626340	      0.00000000	      0.00000000	      0.00000000	     -7.12088088	     -1.76901095	      3.14902996	      5.94542124	     -1.70958525	     -2.98448473	      3.90875735	      0.00000000	      2.17245228	      6.39113531	      6.63838816	     -5.08650968	      3.70623810	      5.65107563	      0.00000000	     -6.11787598	      7.62269192
1760625446.95700002	      2.53833715	     -0.14602473	      2.84819003	     -0.01994760	      0.95019004	     -0.01160110	     80.00000000	     -7.00000000	      0.00000000	     80.00000000	      1.39626340	      0.00000000	      0.00000000	      0.00000000	     80.00000000	     -7.00000000	      0.00000000	     80.00000000	      1.39626340	      0.00000000	      0.00000000	      0.00000000	     -7.11277197	     -1.80045980	      3.16477683	      5.94519405	     -1.70505425	     -2.97034762	      3.89896710	      0.00000000	      2.17138434	      6.38849236	      6.65026697	     -5.05680551	      3.71493345	      5.64560861	      0.00000000	     -6.10674306	      7.60158574
1760625446.99099994	      2.54732587	     -0.14558451	      2.83858181	     -0.01923750	      0.95014764	     -0.01194636	     80.00000000	     -7.00000000	      0.00000000	     80.00000000	      1.39626340	      0.00000000	      0.00000000	      0.00000000	     80.00000000	     -7.00000000	      0.00000000	     80.00000000	      1.39626340	      0.00000000	      0.00000000	      0.00000000	     -7.08571238	     -1.84276544	      3.19109389	      5.94144721	     -1.70309171	     -2.92727127	      3.88129926	      0.00000000	      2.17196991	      6.39327831	      6.66199346	     -5.01927462	      3.73120457	      5.60352286	      0.00000000	     -6.12432232	      7.56948650
1760625447.02399993	      2.53389797	     -0.14389417	      2.83619719	     -0.01874730	      0.94994245	     -0.01246647	     80.00000000	     -7.00000000	      0.00000000	     80.00000000	      1.39626340	      0.00000000	      0.00000000	      0.00000000	     80.00000000	     -7.00000000	      0.00000000	     80.00000000	      1.39626340	      0.00000000	      0.00000000	      0.00000000	     -7.06632747	     -1.86596754	      3.17773098	      5.97706781	     -1.70956020	     -2.90752457	      3.87763026	      0.00000000	      2.17362948	      6.38638292	      6.67489969	     -4.97993619	      3.76216224	      5.62228090	      0.00000000	     -6.11350699	      7.56747846
1760625447.05800009	      2.53248092	     -0.13827066	      2.83904694	     -0.01861573	      0.94994264	     -0.01266017	     80.00000000	     -7.00000000	      0.00000000	     80.00000000	      1.39626340	      0.00000000	      0.00000000	      0.00000000	     80.00000000	     -7.00000000	      0.00000000	     80.00000000	      1.39626340	      0.00000000	      0.00000000	      0.00000000	     -7.06819915	     -1.88215424	      3.16666919	      6.02577362	     -1.73304672	     -2.87094542	      3.85897036	      0.00000000	      2.17378955	      6.37992550	      6.67763326	     -4.93639905	      3.80522313	      5.65483641	      0.00000000	     -6.10290544	      7.56517158
1760625447.09100008	      2.54747785	     -0.13642126	      2.82196525	     -0.01937853	      0.94991381	     -0.01260425	     80.00000000	     -7.00000000	      0.00000000	     80.00000000	      1.39626340	      0.00000000	      0.00000000	      0.00000000	     80.00000000	     -7.00000000	      0.00000000	     80.00000000	      1.39626340	      0.00000000	      0.00000000	      0.00000000	     -7.08892501	     -1.90024444	      3.17864760	      6.05158590	     -1.74318429	     -2.82943887	      3.88320717	      0.00000000	      2.22003532	      6.35494275	      6.70189513	     -4.89257001	      3.80784332	      5.68553658	      0.00000000	     -6.12059642	      7.57206241
1760625447.12400007	      2.55130382	     -0.14002084	      2.82233534	     -0.01879425	      0.94945091	     -0.01256382	     80.00000000	     -7.00000000	      0.00000000	     80.00000000	      1.39626340	      0.00000000	      0.00000000	      0.00000000	     80.00000000	     -7.00000000	      0.00000000	     80.00000000	      1.39626340	      0.00000000	      0.00000000	      0.00000000	     -7.15095830	     -1.89357024	      3.17454528	      6.14853444	     -1.77001292	     -2.82099469	      3.86976931	      0.00000000	      2.21360629	      6.36868877	      6.75545938	     -4.85033296	      3.83861507	      5.70932569	      0.00000000	     -6.13397848	      7.54330119
1760625447.15799999	      2.55528579	     -0.14098789	      2.82504331	     -0.01856854	      0.94919563	     -0.01240250	     80.00000000	     -7.00000000	      0.00000000	     80.00000000	      1.39626340	      0.00000000	      0.00000000	      0.00000000	     80.00000000	     -7.00000000	      0.00000000	     80.00000000	      1.39626340	      0.00000000	      0.00000000	      0.00000000	     -7.15268075	     -1.89778674	      3.17585515	      6.15738839	     -1.77192325	     -2.79308012	      3.86736322	      0.00000000	      2.21113600	      6.36436759	      6.74521425	     -4.84043545	      3.87509849	      5.71710194	      0.00000000	     -6.11856222	      7.54570760
1760625447.19099998	      2.56373472	     -0.13941148	      2.83122886	     -0.01847705	      0.94915671	     -0.01223127	     80.00000000	     -7.00000000	      0.00000000	     80.00000000	      1.39626340	      0.00000000	      0.00000000	      0.00000000	     80.00000000	     -7.00000000	      0.00000000	     80.00000000	      1.39626340	      0.00000000	      0.00000000	      0.00000000	     -7.16008473	     -1.89623788	      3.18799650	      6.14799015	     -1.78695784	     -2.79982561	      3.87234041	      0.00000000	      2.23138227	      6.36014555	      6.74536429	     -4.83463499	      3.87705643	      5.71619978	      0.00000000	     -6.09373042	      7.53493943
1760625447.22499990	      2.55156287	     -0.14306615	      2.83270521	     -0.01828561	      0.94922936	     -0.01224159	     80.00000000	     -7.00000000	      0.00000000	     80.00000000	      1.39626340	      0.00000000	      0.00000000	      0.00000000	     80.00000000	     -7.00000000	      0.00000000	     80.00000000	      1.39626340	      0.00000000	      0.00000000	      0.00000000	     -7.15381010	     -1.88869025	      3.18202486	      6.14829026	     -1.79291183	     -2.80873289	      3.86617426	      0.00000000	      2.23319866	      6.35649559	      6.76347252	     -4.84794680	      3.88074311	      5.70179717	      0.00000000	     -6.10507334	      7.51906355
1760625447.25900006	      2.55702328	     -0.14229285	      2.83922593	     -0.02013214	      0.94990451	     -0.01198013	     80.00000000	     -7.00000000	      0.00000000	     80.00000000	      1.39626340	      0.00000000	      0.00000000	      0.00000000	     80.00000000	     -7.00000000	      0.00000000	     80.00000000	      1.39626340	      0.00000000	      0.00000000	      0.00000000	     -7.14961578	     -1.88383749	      3.18728997	      6.14281968	     -1.78978080	     -2.82615949	      3.83241748	      0.00000000	      2.21128366	      6.37075259	      6.78468641	     -4.85286381	      3.85817985	      5.68925982	      0.00000000	     -6.11866223	      7.50902314
1760625447.29200006	      2.56687732	     -0.14518011	      2.83912199	     -0.02043275	      0.94997467	     -0.01212098	     80.00000000	     -7.00000000	      0.00000000	     80.00000000	      1.39626340	      0.00000000	      0.00000000	      0.00000000	     80.00000000	     -7.00000000	      0.00000000	     80.00000000	      1.39626340	      0.00000000	      0.00000000	      0.00000000	     -7.17047406	     -1.88424362	      3.19985741	      6.15067051	     -1.78711890	     -2.84627024	      3.80409650	      0.00000000	      2.19312391	      6.38851184	      6.81661089	     -4.84934725	      3.81832423	      5.67883836	      0.00000000	     -6.13952855	      7.46674415
1760625447.32500005	      2.56299311	     -0.14283926	      2.83590209	     -0.02032615	      0.94996230	     -0.01215133	     80.00000000	     -7.00000000	      0.00000000	     80.00000000	      1.39626340	      0.00000000	      0.00000000	      0.00000000	     80.00000000	     -7.00000000	      0.00000000	     80.00000000	      1.39626340	      0.00000000	      0.00000000	      0.00000000	     -7.17458732	     -1.87893692	      3.20088254	      6.15275546	     -1.79089876	     -2.88943633	      3.80228382	      0.00000000	      2.19417602	      6.38484635	      6.82585250	     -4.85802251	      3.77548184	      5.68067528	      0.00000000	     -6.14133444	      7.46612468
1760625447.35899997	      2.56238934	     -0.15135051	      2.83776993	     -0.01996512	      0.94995157	     -0.01228807	     80.00000000	     -7.00000000	      0.00000000	     80.00000000	      1.39626340	      0.00000000	      0.00000000	      0.00000000	     80.00000000	     -7.00000000	      0.00000000	     80.00000000	      1.39626340	      0.00000000	      0.00000000	      0.00000000	     -7.20539803	     -1.85865669	      3.20053790	      6.16926010	     -1.78785524	     -2.91355015	      3.79225700	      0.00000000	      2.17365934	      6.39703251	      6.83575105	     -4.85883179	      3.76679030	      5.69344495	      0.00000000	     -6.14151579	      7.48738049
1760625447.39199996	      2.55590643	     -0.15007111	      2.83517634	     -0.01936896	      0.94971492	     -0.01237860	     80.00000000	     -7.00000000	      0.00000000	     80.00000000	      1.39626340	      0.00000000	      0.00000000	      0.00000000	     80.00000000	     -7.00000000	      0.00000000	     80.00000000	      1.39626340	      0.00000000	      0.00000000	      0.00000000	     -7.21363045	     -1.85534417	      3.19692161	      6.17076993	     -1.78413568	     -2.91370463	      3.79300238	      0.00000000	      2.17502362	      6.39715446	      6.83530366	     -4.85608766	      3.77157353	      5.68985637	      0.00000000	     -6.14497952	      7.48608949
1760625447.42600012	      2.56584741	     -0.15476618	      2.84261953	     -0.01894719	      0.94955529	     -0.01274461	     80.00000000	     -7.00000000	      0.00000000	     80.00000000	      1.39626340	      0.00000000	      0.00000000	      0.00000000	     80.00000000	     -7.00000000	      0.00000000	     80.00000000	      1.39626340	      0.00000000	      0.00000000	      0.00000000	     -7.24612364	     -1.78690324	      3.21815538	      6.18449018	     -1.83617488	     -2.95400188	      3.78427793	      0.00000000	      2.20492678	      6.39244478	      6.84850600	     -4.77710756	      3.79409373	      5.65791384	      0.00000000	     -6.13793355	      7.47285769
1760625447.45900011	      2.55489294	     -0.15245496	      2.85561736	     -0.01858268	      0.94966263	     -0.01278541	     80.00000000	     -7.00000000	      0.00000000	     80.00000000	      1.39626340	      0.00000000	      0.00000000	      0.00000000	     80.00000000	     -7.00000000	      0.00000000	     80.00000000	      1.39626340	      0.00000000	      0.00000000	      0.00000000	     -7.24825181	     -1.78029340	      3.20299767	      6.21013005	     -1.83301811	     -2.95745528	      3.78206896	      0.00000000	      2.18326651	      6.38884741	      6.83840396	     -4.77905765	      3.84451767	      5.66536437	      0.00000000	     -6.12525856	      7.50535311
1760625447.49300003	      2.55272827	     -0.15075049	      2.85834857	     -0.01883496	      0.94976712	     -0.01254456	     80.00000000	     -7.00000000	      0.00000000	     80.00000000	      1.39626340	      0.00000000	      0.00000000	      0.00000000	     80.00000000	     -7.00000000	      0.00000000	     80.00000000	      1.39626340	      0.00000000	      0.00000000	      0.00000000	     -7.24612953	     -1.77686785	      3.21586037	      6.21012469	     -1.82408273	     -2.92868010	      3.79262648	      0.00000000	      2.19459247	      6.38876742	      6.83811152	     -4.77058855	      3.87384123	      5.66551943	      0.00000000	     -6.11806359	      7.50304119
1760625447.52600002	      2.56235057	     -0.14855801	      2.85790397	     -0.01894011	      0.95010045	     -0.01219993	     80.00000000	     -7.00000000	      0.00000000	     80.00000000	      1.39626340	      0.00000000	      0.00000000	      0.00000000	     80.00000000	     -7.00000000	      0.00000000	     80.00000000	      1.39626340	      0.00000000	      0.00000000	      0.00000000	     -7.25091034	     -1.77316601	      3.21006718	      6.21420077	     -1.82058833	     -2.87650232	      3.79886397	      0.00000000	      2.19406195	      6.38794965	      6.83227839	     -4.77055074	      3.94109170	      5.66181213	      0.00000000	     -6.12076366	      7.50233168
1760625447.55900002	      2.57516549	     -0.15154992	      2.87499033	     -0.01904542	      0.95020899	     -0.01197094	     80.00000000	     -7.00000000	      0.00000000	     80.00000000	      1.39626340	      0.00000000	      0.00000000	      0.00000000	     80.00000000	     -7.00000000	      0.00000000	     80.00000000	      1.39626340	      0.00000000	      0.00000000	      0.00000000	     -7.28465488	     -1.77543826	      3.18761563	      6.21358042	     -1.81348203	     -2.71445265	      3.85168675	      0.00000000	      2.12793489	      6.36550481	      6.83542106	     -4.80461672	      4.18356391	      5.66463480	      0.00000000	     -6.13889972	      7.48289644
1760625447.59299994	      2.54733064	     -0.15351869	      2.86499535	     -0.01900619	      0.94995342	     -0.01206328	     80.00000000	     -7.00000000	      0.00000000	     80.00000000	      1.39626340	      0.00000000	      0.00000000	      0.00000000	     80.00000000	     -7.00000000	      0.00000000	     80.00000000	      1.39626340	      0.00000000	      0.00000000	      0.00000000	     -7.28568763	     -1.76986348	      3.28057352	      6.02053063	     -1.97440441	     -2.15982109	      4.23680273	      0.00000000	      1.43445709	      6.13898484	      6.84093433	     -4.98459430	      4.46837013	      5.98099510	      0.48055349	     -6.66318927	      7.16609151
1760625447.62599993	      2.48098376	     -0.16282622	      2.84341070	     -0.01875875	      0.94972429	     -0.01258891	     80.00000000	     -7.00000000	      0.00000000	     80.00000000	      1.39626340	      0.00000000	      0.00000000	      0.00000000	     80.00000000	     -7.00000000	      0.00000000	     80.00000000	      1.39626340	      0.00000000	      0.00000000	      0.00000000	     -7.38875168	     -1.68843222	      3.38142901	      5.55662687	     -2.40217577	      1.36006306	      5.10726593	      0.00000000	     -1.04462647	      4.72206766	      6.33837476	     -5.31577484	      4.21668648	      7.46979854	      5.28031072	     -8.29508403	      5.29027528
1760625447.66000009	      2.41236452	     -0.17802887	      2.81956277	     -0.01919257	      0.94937242	     -0.01197496	     80.00000000	     -7.00000000	      0.00000000	     80.00000000	      1.39626340	      0.00000000	      0.00000000	      0.00000000	     80.00000000	     -7.00000000	      0.00000000	     80.00000000	      1.39626340	      0.00000000	      0.00000000	      0.00000000	     -7.60742835	     -1.73695041	      3.78773228	      3.95879193	     -3.26285990	      5.65029831	      7.18054478	      9.46824768	     -7.17118092	     -1.67766601	      3.47140857	     -6.50765515	      2.47517354	     15.20531829	     18.37526276	    -11.41998043	     -0.81348925
1760625447.69300008	      2.53441869	     -0.16941724	      2.86290540	     -0.02658680	      0.94848947	     -0.01231044	     80.00000000	     -7.00000000	      0.00000000	     80.00000000	      1.39626340	      0.00000000	      0.00000000	      0.00000000	     80.00000000	     -7.00000000	      0.00000000	     80.00000000	      1.39626340	      0.00000000	      0.00000000	      0.00000000	     -8.11351268	     -1.87553297	      4.46452680	      1.61916134	     -5.17293819	     -0.82689174	     12.46292935	     30.29802692	    -14.06656971	     -7.49285286	      1.07124809	     -8.09842348	      0.70292844	     24.96832594	     28.35307690	    -12.61644313	     -4.70685575
1760625447.72700000	      2.80891824	     -0.16382207	      2.91603590	     -0.03318993	      0.94697757	     -0.01261422	     80.00000000	     -7.00000000	      0.00000000	     80.00000000	      1.39626340	      0.00000000	      0.00000000	      0.00000000	     80.00000000	     -7.00000000	      0.00000000	     80.00000000	      1.39626340	      0.00000000	      0.00000000	      0.00000000	     -7.68301034	     -2.20644543	      5.38976688	     -2.08632735	     -7.88195905	     -7.90188569	     19.30656714	     52.44546259	    -21.81752743	     -9.97488018	     -1.07924560	    -10.16714368	      0.49497311	     33.76015160	     40.17524229	    -12.91072398	     -7.39597862
1760625447.75999999	      2.99271566	     -0.15703071	      3.01479762	     -0.04172673	      0.94338148	     -0.01401286	     80.00000000	     -7.00000000	      0.00000000	     80.00000000	      1.39626340	      0.00000000	      0.00000000	      0.00000000	     80.00000000	     -7.00000000	      0.00000000	     80.00000000	      1.39626340	      0.00000000	      0.00000000	      0.00000000	     -7.02445325	     -2.45392148	      7.04492749	     -6.96345386	    -12.77651290	    -15.35622706	     29.46015445	     79.41308018	    -33.02376434	     -8.71934045	     -1.36195119	    -13.59963307	      1.37220783	     43.02841595	     58.95216653	    -14.10834355	    -10.71740599
1760625447.79399991	      2.83353329	     -0.16521149	      2.98685775	     -0.04548927	      0.94847568	     -0.01531535	     80.00000000	     -7.00000000	      0.00000000	     80.00000000	      1.39626340	      0.00000000	      0.00000000	      0.00000000	     80.00000000	     -7.00000000	      0.00000000	     80.00000000	      1.39626340	      0.00000000	      0.00000000	      0.00000000	     -7.14784717	     -2.61553576	      7.62642940	     -8.43208606	    -16.86568478	    -17.19557650	     36.08214949	     93.45589327	    -40.76480265	     -7.35747355	      0.63236182	    -16.04086460	      1.35821211	     49.07247931	     71.90123613	    -15.32788728	    -12.75478598
1760625447.82699990	      2.83558949	     -0.14798097	      2.93332859	     -0.04513835	      0.95430791	     -0.01522416	     80.00000000	     -7.00000000	      0.00000000	     80.00000000	      1.39626340	      0.00000000	      0.00000000	      0.00000000	     80.00000000	     -7.00000000	      0.00000000	     80.00000000	      1.39626340	      0.00000000	      0.00000000	      0.00000000	     -7.38432494	     -2.50890783	      8.58639084	     -8.12914315	    -20.48978673	    -16.58969955	     40.22716317	    102.38422642	    -47.45368925	     -5.59009133	      3.03078685	    -17.25015576	      3.01722065	     53.83905961	     82.58901888	    -18.24026187	    -15.41568374
1760625447.86100006	      3.09843622	     -0.07761496	      2.95334429	     -0.04408557	      0.96090847	     -0.01419699	     80.00000000	     -7.00000000	      0.00000000	     80.00000000	      1.39626340	      0.00000000	      0.00000000	      0.00000000	     80.00000000	     -7.00000000	      0.00000000	     80.00000000	      1.39626340	      0.00000000	      0.00000000	      0.00000000	     -8.13837008	     -2.70796231	      7.97484535	     -3.96170125	    -22.55775384	     -8.61141323	     40.25455672	    104.04467871	    -55.25171863	     -5.61570690	      5.26508841	    -17.94760497	      4.61156228	     56.29450156	     91.00376484	    -23.12191118	    -20.22479828
1760625447.89400005	      2.96924824	     -0.05948734	      2.96850024	     -0.03902467	      0.97620276	     -0.01463058	     80.00000000	     -7.00000000	      0.00000000	     80.00000000	      1.39626340	      0.00000000	      0.00000000	      0.00000000	     80.00000000	     -7.00000000	      0.00000000	     80.00000000	      1.39626340	      0.00000000	      0.00000000	      0.00000000	     -8.91131870	     -1.29115276	      6.16215486	      1.20180178	    -23.91140289	      3.86537207	     34.31787362	     99.58197733	    -55.04343376	     -6.73520879	      6.72763053	    -16.13683595	      6.09506325	     55.08339163	     94.15586113	    -24.43054290	    -19.18438035
1760625447.92700005	      2.53847339	     -0.09552944	      2.92011903	     -0.02773758	      0.98727133	     -0.01313395	     80.00000000	     -7.00000000	      0.00000000	     80.00000000	      1.39626340	      0.00000000	      0.00000000	      0.00000000	     80.00000000	     -7.00000000	      0.00000000	     80.00000000	      1.39626340	      0.00000000	      0.00000000	      0.00000000	     -7.73311621	     -0.73668503	      6.53743709	      3.75302799	    -22.92596748	     14.00469416	     26.13247815	     98.31392042	    -46.60545463	     -4.63491906	      7.65753316	    -14.75150581	     11.77012788	     48.45430280	     97.38216742	    -22.79290822	    -14.45101161
1760625447.96099997	      2.32894643	     -0.11279134	      2.80032004	     -0.02343717	      0.99065116	     -0.01203300	     80.00000000	     -7.00000000	      0.00000000	     80.00000000	      1.39626340	      0.00000000	      0.00000000	      0.00000000	     80.00000000	     -7.00000000	      0.00000000	     80.00000000	      1.39626340	      0.00000000	      0.00000000	      0.00000000	     -6.66914694	     -0.16720324	      6.40893155	      6.55332282	    -21.22358301	     25.65093870	     19.52532910	    103.00611087	    -24.49522823	      4.00666538	     11.13778739	    -13.59027276	     22.57598087	     38.68932808	    101.44616415	    -13.02093339	      3.68302807
1760625447.99399996	      2.78757334	     -0.05096452	      3.02440638	     -0.02223242	      0.98687533	     -0.01241166	     80.00000000	     -7.00000000	      0.00000000	     80.00000000	      1.39626340	      0.00000000	      0.00000000	      0.00000000	     80.00000000	     -7.00000000	      0.00000000	     80.00000000	      1.39626340	      0.00000000	      0.00000000	      0.00000000	     -6.85859668	     -0.63128606	      5.86274728	      6.11689735	    -19.78733680	     29.50743923	     17.51833843	     98.03940299	    -31.33683613	      1.13536403	      8.93115354	    -14.03632334	     27.04973623	     40.03719065	    100.19693834	    -19.77023522	      1.37854369
1760625448.02800012	      3.47976047	      0.07833441	      2.70620222	     -0.02643651	      0.97882570	     -0.01076607	     80.00000000	     -7.00000000	      0.00000000	     80.00000000	      1.39626340	      0.00000000	      0.00000000	      0.00000000	     80.00000000	     -7.00000000	      0.00000000	     80.00000000	      1.39626340	      0.00000000	      0.00000000	      0.00000000	     -6.87426669	     -1.18724702	      6.39376976	      3.60918317	    -21.11614652	     19.24858678	     23.36949772	    104.63550443	    -35.16150968	      2.23647078	      6.49318188	    -15.65250879	     21.76798828	     46.53875361	    103.89715475	    -22.27770171	     -2.60518159
1760625448.06100011	      4.78121119	      0.19398342	      3.11649002	     -0.03197462	      0.97141994	     -0.00716434	     80.00000000	     -7.00000000	      0.00000000	     80.00000000	      1.39626340	      0.00000000	      0.00000000	      0.00000000	     80.00000000	     -7.00000000	      0.00000000	     80.00000000	      1.39626340	      0.00000000	      0.00000000	      0.00000000	     -8.30065484	     -1.38005691	      6.11342350	      1.24827428	    -20.30518148	     11.29586485	     29.33399900	    104.90268039	    -48.36766329	     -2.14152320	      3.39777581	    -14.87831509	     12.75747590	     53.29596082	    100.82171938	    -29.35938616	    -16.74676703
1760625448.09500003	      2.28377479	     -0.01369323	      2.69933981	     -0.03276345	      0.97070898	     -0.00742458	     80.00000000	     -7.00000000	      0.00000000	     80.00000000	      1.39626340	      0.00000000	      0.00000000	      0.00000000	     80.00000000	     -7.00000000	      0.00000000	     80.00000000	      1.39626340	      0.00000000	      0.00000000	      0.00000000	     -4.94451044	     -1.50788677	      5.72718377	      2.38408347	    -19.85878000	     17.04719081	     26.09274213	    103.48327249	    -46.31636949	     -2.50126849	      2.40071255	    -14.89670725	     14.15754521	     50.68749084	     99.03477603	    -29.21413676	    -16.99211992
1760625448.12800002	      2.93114772	     -0.03947308	      2.96279673	     -0.02803050	      0.98035877	     -0.01044077	     80.00000000	     -7.00000000	      0.00000000	     80.00000000	      1.39626340	      0.00000000	      0.00000000	      0.00000000	     80.00000000	     -7.00000000	      0.00000000	     80.00000000	      1.39626340	      0.00000000	      0.00000000	      0.00000000	     -5.68215571	     -0.60165221	      4.86464117	      5.38065553	    -20.22528179	     25.44667122	     20.02550949	    105.11054719	    -34.94550306	      1.68709079	      5.70751102	    -13.62129894	     19.90491618	     41.21735747	    102.28905609	    -24.38994418	     -7.79863113
1760625448.16199994	      3.25497462	     -0.04668567	      3.23732520	     -0.02387107	      0.98577754	     -0.01287497	     80.00000000	     -7.00000000	      0.00000000	     80.00000000	      1.39626340	      0.00000000	      0.00000000	      0.00000000	     80.00000000	     -7.00000000	      0.00000000	     80.00000000	      1.39626340	      0.00000000	      0.00000000	      0.00000000	     -6.24864068	     -0.09535634	      4.72539496	      7.32599206	    -19.22908142	     35.99737069	     14.47182817	     95.84522936	    -32.48569297	     -0.64841532	      8.02617643	    -13.24226797	     29.32682228	     37.84016900	     96.65137882	    -23.40213296	     -2.10023500
1760625448.19499993	      3.53055397	      0.03276269	      2.91379668	     -0.02226098	      0.97696362	     -0.01148407	     80.00000000	     -7.00000000	      0.00000000	     80.00000000	      1.39626340	      0.00000000	      0.00000000	      0.00000000	     80.00000000	     -7.00000000	      0.00000000	     80.00000000	      1.39626340	      0.00000000	      0.00000000	      0.00000000	     -5.76511965	     -1.36458779	      5.47189386	      5.31336260	    -19.19146097	     29.52294494	     18.66631547	     98.60426670	    -35.83554436	     -0.23220060	      5.11295904	    -15.52383031	     26.00592450	     44.22537777	     99.18083614	    -22.88814778	     -0.90944862
1760625448.22799993	      5.38095781	      0.21335916	      3.19514116	     -0.02590897	      0.97244484	     -0.00774699	     80.00000000	     -7.00000000	      0.00000000	     80.00000000	      1.39626340	      0.00000000	      0.00000000	      0.00000000	     80.00000000	     -7.00000000	      0.00000000	     80.00000000	      1.39626340	      0.00000000	      0.00000000	      0.00000000	     -7.90322585	     -1.68822251	      6.05935941	      2.34429334	    -19.73689684	     18.61258427	     25.90285682	    102.42901493	    -45.93944740	     -1.98993975	      2.66996648	    -15.87506557	     18.71787624	     51.62468200	    100.32193090	    -28.19465876	    -10.35388707
1760625448.26200008	      4.79939858	      0.17431109	      3.40644121	     -0.02996622	      0.97094152	     -0.00662492	     80.00000000	     -7.00000000	      0.00000000	     80.00000000	      1.39626340	      0.00000000	      0.00000000	      0.00000000	     80.00000000	     -7.00000000	      0.00000000	     80.00000000	      1.39626340	      0.00000000	      0.00000000	      0.00000000	     -7.33379413	     -1.68931727	      5.50218801	      2.19121495	    -19.00621308	     15.45054185	     27.63243922	    107.03409064	    -45.53230479	     -0.77263919	      0.66254941	    -15.41360211	     14.85187670	     54.41369100	     98.60939623	    -30.12944412	    -16.99516936
1760625448.29500008	      2.63906217	     -0.04980765	      3.06020402	     -0.03104960	      0.97634748	     -0.00811405	     80.00000000	     -7.00000000	      0.00000000	     80.00000000	      1.39626340	      0.00000000	      0.00000000	      0.00000000	     80.00000000	     -7.00000000	      0.00000000	     80.00000000	      1.39626340	      0.00000000	      0.00000000	      0.00000000	     -4.79151090	     -0.71132896	      5.32648148	      4.23508149	    -19.49241754	     21.10478644	     22.92774934	    110.07509049	    -30.96805618	      5.72200407	      2.77313220	    -14.11033959	     17.12942677	     46.08249352	    106.16174512	    -22.37167317	     -5.72756802
1760625448.32900000	      2.71002567	     -0.08238901	      3.26418403	     -0.02515690	      0.98394599	     -0.01147267	     80.00000000	     -7.00000000	      0.00000000	     80.00000000	      1.39626340	      0.00000000	      0.00000000	      0.00000000	     80.00000000	     -7.00000000	      0.00000000	     80.00000000	      1.39626340	      0.00000000	      0.00000000	      0.00000000	     -5.20596962	      0.10902567	      4.53726491	      7.11268168	    -18.95678133	     33.26212417	     15.19641663	    101.45777798	    -30.28986262	      2.17813525	      5.18688760	    -13.93634878	     26.63556081	     40.65769458	    102.53981421	    -22.55406968	     -1.40242329
1760625448.36199999	      3.11008364	     -0.10484840	      3.00253632	     -0.01994262	      0.98113006	     -0.01181028	     80.00000000	     -7.00000000	      0.00000000	     80.00000000	      1.39626340	      0.00000000	      0.00000000	      0.00000000	     80.00000000	     -7.00000000	      0.00000000	     80.00000000	      1.39626340	      0.00000000	      0.00000000	      0.00000000	     -4.83350954	     -0.53979185	      5.07708652	      5.46995972	    -19.11292323	     30.88495772	     17.14135989	     98.81304324	    -32.19670589	     -0.30744235	      3.45884142	    -15.52927854	     27.50737781	     44.55384691	     97.21650327	    -21.66351228	     -0.37770726
1760625448.39599991	      4.29313476	      0.04366939	      3.30658903	     -0.02260735	      0.97649281	     -0.01022931	     80.00000000	     -7.00000000	      0.00000000	     80.00000000	      1.39626340	      0.00000000	      0.00000000	      0.00000000	     80.00000000	     -7.00000000	      0.00000000	     80.00000000	      1.39626340	      0.00000000	      0.00000000	      0.00000000	     -5.75755967	     -1.17988768	      6.13131238	      1.99951486	    -20.67377054	     20.57070200	     24.38635210	    102.29042539	    -36.16505801	     -1.14416284	      1.97824757	    -16.07483890	     21.60409349	     51.52174079	     98.50415347	    -22.67441229	     -3.22521202
1760625448.42899990	      5.11159399	      0.07540742	      3.58991468	     -0.03076422	      0.97290703	     -0.00765294	     80.00000000	     -7.00000000	      0.00000000	     80.00000000	      1.39626340	      0.00000000	      0.00000000	      0.00000000	     80.00000000	     -7.00000000	      0.00000000	     80.00000000	      1.39626340	      0.00000000	      0.00000000	      0.00000000	     -6.06265768	     -1.58047621	      7.04453434	     -1.88399479	    -22.51627682	      7.55807311	     32.27386307	    109.97741666	    -38.55839714	     -0.02887965	      1.65633871	    -15.78662140	     13.96244833	     58.03071306	    101.36207882	    -26.51737245	     -7.97767120
1760625448.46300006	      1.74063059	     -0.14856797	      3.01563804	     -0.04172546	      0.96780994	     -0.00659649	     80.00000000	     -7.00000000	      0.00000000	     80.00000000	      1.39626340	      0.00000000	      0.00000000	      0.00000000	     80.00000000	     -7.00000000	      0.00000000	     80.00000000	      1.39626340	      0.00000000	      0.00000000	      0.00000000	     -1.98019591	     -2.01352935	      8.43820428	     -4.13751588	    -23.09863064	      1.27779340	     35.46569795	    109.58981391	    -39.34082543	     -0.81609707	      2.75347102	    -15.61566588	     13.66552419	     60.07184350	     97.61295682	    -31.35167994	    -11.32486608
1760625448.49600005	      3.08551255	     -0.00600573	      3.54423582	     -0.04312330	      0.97726758	     -0.00954217	     80.00000000	     -7.00000000	      0.00000000	     80.00000000	      1.39626340	      0.00000000	      0.00000000	      0.00000000	     80.00000000	     -7.00000000	      0.00000000	     80.00000000	      1.39626340	      0.00000000	      0.00000000	      0.00000000	     -3.55448278	     -1.80484678	      7.49168828	     -3.78367270	    -23.91775710	      0.49678512	     35.66230698	    101.82970915	    -40.45940004	     -4.38420936	      4.52121900	    -14.97038331	     14.04140902	     61.04269843	     91.23722365	    -35.54497959	    -14.33587203
1760625448.52999997	      3.50925228	      0.07579018	      3.76101600	     -0.04334101	      0.98784458	     -0.01305676	     80.00000000	     -7.00000000	      0.00000000	     80.00000000	      1.39626340	      0.00000000	      0.00000000	      0.00000000	     80.00000000	     -7.00000000	      0.00000000	     80.00000000	      1.39626340	      0.00000000	      0.00000000	      0.00000000	     -4.43963445	     -1.14774804	      6.84871977	     -2.10484126	    -24.76568374	      1.94271188	     34.21170340	     88.66602763	    -40.29216624	     -8.79579512	      6.77864569	    -14.80263359	     13.34025066	     61.60732888	     83.83451916	    -37.07011480	    -15.55922953
1760625448.56299996	      3.52305539	      0.05941287	      3.42469869	     -0.04052303	      0.99195427	     -0.01302311	     80.00000000	     -7.00000000	      0.00000000	     80.00000000	      1.39626340	      0.00000000	      0.00000000	      0.00000000	     80.00000000	     -7.00000000	      0.00000000	     80.00000000	      1.39626340	      0.00000000	      0.00000000	      0.00000000	     -5.12257144	     -0.48773101	      7.11012755	     -0.85523471	    -25.52704037	      2.22800697	     33.39094411	     79.68211808	    -37.69357354	    -10.60439979	      7.97417081	    -15.43906082	     10.13592340	     61.46498956	     82.52872087	    -35.00901895	    -14.19188217
1760625448.59599996	      2.27034708	     -0.05754106	      2.99605305	     -0.03691403	      0.99528723	     -0.01279314	     80.00000000	     -7.00000000	      0.00000000	     80.00000000	      1.39626340	      0.00000000	      0.00000000	      0.00000000	     80.00000000	     -7.00000000	      0.00000000	     80.00000000	      1.39626340	      0.00000000	      0.00000000	      0.00000000	     -4.43739316	      0.51829958	      6.78126621	     -0.16381554	    -26.10887829	      2.25535493	     33.25163415	     71.31710477	    -33.62527916	    -11.64569663	      8.14073351	    -15.50420157	      5.40547676	     60.80895189	     82.82397043	    -31.81487470	    -11.73966099
1760625448.63000011	      3.46868962	     -0.04289118	      3.15600818	     -0.02922187	      0.99678277	     -0.01289922	     80.00000000	     -7.00000000	      0.00000000	     80.00000000	      1.39626340	      0.00000000	      0.00000000	      0.00000000	     80.00000000	     -7.00000000	      0.00000000	     80.00000000	      1.39626340	      0.00000000	      0.00000000	      0.00000000	     -6.12101014	      1.15674490	      6.07105031	     -0.32950366	    -25.68757501	      0.98794761	     33.87742496	     60.02306020	    -27.57364685	    -11.89763583	      7.73574349	    -16.10439090	      1.77065771	     58.65027162	     78.90345646	    -26.71600977	     -8.05282316
1760625448.66300011	      3.20298280	     -0.14608380	      3.08183395	     -0.02449507	      0.99753040	     -0.01449370	     80.00000000	     -7.00000000	      0.00000000	     80.00000000	      1.39626340	      0.00000000	      0.00000000	      0.00000000	     80.00000000	     -7.00000000	      0.00000000	     80.00000000	      1.39626340	      0.00000000	      0.00000000	      0.00000000	     -6.15378099	      1.46267801	      5.70091052	     -0.38552536	    -25.00991551	      0.06810669	     33.93713596	     51.30024922	    -23.34097923	    -11.75955643	      6.91392987	    -16.43626766	      1.30923876	     56.99064908	     70.92670329	    -23.78198352	     -6.42008471
1760625448.69700003	      2.94791795	     -0.22088300	      2.95641445	     -0.02225273	      0.99538419	     -0.01681526	     80.00000000	     -7.00000000	      0.00000000	     80.00000000	      1.39626340	      0.00000000	      0.00000000	      0.00000000	     80.00000000	     -7.00000000	      0.00000000	     80.00000000	      1.39626340	      0.00000000	      0.00000000	      0.00000000	     -6.11182306	      1.30514336	      4.84227272	      0.00115857	    -23.91517065	      0.66730490	     33.19098219	     41.88654507	    -19.08375310	    -11.51979898	      5.60981564	    -16.95555608	      1.90872966	     55.15940720	     59.95493459	    -21.87142140	     -5.95468877
1760625448.73000002	      2.64294130	     -0.30371397	      2.92103865	     -0.01805621	      0.99311121	     -0.02020786	     80.00000000	     -7.00000000	      0.00000000	     80.00000000	      1.39626340	      0.00000000	      0.00000000	      0.00000000	     80.00000000	     -7.00000000	      0.00000000	     80.00000000	      1.39626340	      0.00000000	      0.00000000	      0.00000000	     -6.19253252	      1.46949066	      3.65453961	      0.82271248	    -22.79909879	      2.69066031	     31.06303378	     29.40785176	    -13.79337821	    -10.97048316	      3.69592574	    -16.46545208	      2.46410689	     52.65681646	     46.73520472	    -19.92335258	     -4.76531379
1760625448.76399994	      2.51200283	     -0.36041350	      2.95647832	     -0.01510470	      0.98767201	     -0.02222584	     80.00000000	     -7.00000000	      0.00000000	     80.00000000	      1.39626340	      0.00000000	      0.00000000	      0.00000000	     80.00000000	     -7.00000000	      0.00000000	     80.00000000	      1.39626340	      0.00000000	      0.00000000	      0.00000000	     -6.44865502	      1.13681382	      3.30217284	      1.33086548	    -21.29023190	      3.83831015	     28.95471546	     21.38227184	    -11.01049659	    -10.48886639	      2.45508153	    -16.14668156	      1.82989186	     49.70231332	     40.59960541	    -18.27854317	     -3.05052628
1760625448.79699993	      2.46295264	     -0.41338404	      2.96760082	     -0.01753536	      0.97529686	     -0.02209114	     80.00000000	     -7.00000000	      0.00000000	     80.00000000	      1.39626340	      0.00000000	      0.00000000	      0.00000000	     80.00000000	     -7.00000000	      0.00000000	     80.00000000	      1.39626340	      0.00000000	      0.00000000	      0.00000000	     -5.95543247	      0.00476777	      4.14497951	      0.51748603	    -18.99310753	      3.48579424	     26.93567893	     14.17110754	     -8.22245778	     -9.26101339	      0.81136995	    -16.78891758	      1.93323832	     45.26269237	     35.18753147	    -15.81445632	     -1.46538993
1760625448.83100009	      2.29193857	     -0.45939787	      3.04907314	     -0.01298899	      0.96917067	     -0.02225735	     80.00000000	     -7.00000000	      0.00000000	     80.00000000	      1.39626340	      0.00000000	      0.00000000	      0.00000000	     80.00000000	     -7.00000000	      0.00000000	     80.00000000	      1.39626340	      0.00000000	      0.00000000	      0.00000000	     -7.14109897	     -0.22709373	      4.05841040	      1.68486033	    -17.02444067	      4.61193929	     24.08272720	      5.35903656	     -4.86689636	     -6.52539893	      0.69049999	    -15.90141416	      3.19680589	     40.35502613	     26.20496057	    -14.90336279	      0.73421342
1760625448.86400008	      2.33468559	     -0.48719601	      3.11873671	     -0.01034428	      0.96422054	     -0.02242899	     80.00000000	     -7.00000000	      0.00000000	     80.00000000	      1.39626340	      0.00000000	      0.00000000	      0.00000000	     80.00000000	     -7.00000000	      0.00000000	     80.00000000	      1.39626340	      0.00000000	      0.00000000	      0.00000000	     -8.30682474	     -0.05841155	      4.43688640	      2.27085799	    -15.53702562	      4.82724811	     22.21252960	      0.00000000	     -2.83868966	     -4.41245085	      0.63596975	    -15.08666231	      5.67519464	     37.05882123	     17.99251245	    -14.22077213	      2.55789987
1760625448.89700007	      2.37757213	     -0.50041915	      3.18771259	     -0.00957918	      0.96524237	     -0.02155087	     80.00000000	     -7.00000000	      0.00000000	     80.00000000	      1.39626340	      0.00000000	      0.00000000	      0.00000000	     80.00000000	     -7.00000000	      0.00000000	     80.00000000	      1.39626340	      0.00000000	      0.00000000	      0.00000000	     -9.40215575	      0.30693909	      4.04577951	      2.25770974	    -13.32957336	      3.19776824	     21.38955219	      0.00000000	     -1.62530298	     -2.75544354	      0.62911170	    -13.98632693	      7.01276272	     34.24656128	     10.14788221	    -14.12757902	      4.66734289
1760625448.93099999	      2.06471312	     -0.54516585	      3.27502711	     -0.00568455	      0.96406351	     -0.02030783	     80.00000000	     -7.00000000	      0.00000000	     80.00000000	      1.39626340	      0.00000000	      0.00000000	      0.00000000	     80.00000000	     -7.00000000	      0.00000000	     80.00000000	      1.39626340	      0.00000000	      0.00000000	      0.00000000	    -10.81195708	      0.57971075	      3.80996160	      2.56882685	    -10.44634314	      1.79059354	     19.91307990	      0.00000000	     -0.80125746	     -0.66565793	      0.92908593	    -12.54573894	      8.54321369	     30.11156102	      2.87963882	    -13.84791223	      6.99523220
1760625448.96399999	      1.79081759	     -0.58133912	      3.36679330	     -0.00144181	      0.96202686	     -0.01843135	     80.00000000	     -7.00000000	      0.00000000	     80.00000000	      1.39626340	      0.00000000	      0.00000000	      0.00000000	     80.00000000	     -7.00000000	      0.00000000	     80.00000000	      1.39626340	      0.00000000	      0.00000000	      0.00000000	    -11.90667662	      0.64519841	      3.70468692	      2.71932782	     -8.43050220	      1.03220564	     18.86841627	      0.00000000	     -0.40916346	      0.54281583	      0.87909657	    -11.56678849	      9.53584380	     27.45557267	      0.08966309	    -13.76935037	      7.74667967
1760625448.99799991	      1.53627143	     -0.61187271	      3.45809457	      0.00175927	      0.96010422	     -0.01584394	     80.00000000	     -7.00000000	      0.00000000	     80.00000000	      1.39626340	      0.00000000	      0.00000000	      0.00000000	     80.00000000	     -7.00000000	      0.00000000	     80.00000000	      1.39626340	      0.00000000	      0.00000000	      0.00000000	    -12.97918850	      0.81698351	      3.57209437	      2.77202222	     -6.62951010	      0.69997746	     17.87880617	      0.00000000	      0.01464671	      1.28540055	      0.35236605	    -10.66253136	      9.93565884	     25.42043047	      0.00000000	    -13.61088563	      8.04753644
1760625449.03099990	      1.06261760	     -0.62279957	      3.50400786	      0.00372975	      0.95689998	     -0.01291750	     80.00000000	     -7.00000000	      0.00000000	     80.00000000	      1.39626340	      0.00000000	      0.00000000	      0.00000000	     80.00000000	     -7.00000000	      0.00000000	     80.00000000	      1.39626340	      0.00000000	      0.00000000	      0.00000000	    -14.42706784	      0.89888425	      3.41776193	      2.87508022	     -4.42986047	      0.74949955	     16.78352870	      0.00000000	      0.50231709	      2.02344401	     -0.38712463	     -9.97072936	     10.28160500	     24.10325564	      0.00000000	    -13.14758839	      8.83351328
1760625449.06500006	      0.46653291	     -0.63823433	      3.48737265	      0.00446193	      0.95416630	     -0.01071090	     80.00000000	     -7.00000000	      0.00000000	     80.00000000	      1.39626340	      0.00000000	      0.00000000	      0.00000000	     80.00000000	     -7.00000000	      0.00000000	     80.00000000	      1.39626340	      0.00000000	      0.00000000	      0.00000000	    -15.34987466	      1.28538954	      3.48395632	      2.84247681	     -3.34364688	      0.86576464	     16.35834764	      0.00000000	      0.80811825	      2.47536512	     -0.87443070	     -9.22872305	     10.50537580	     23.89063873	      0.00000000	    -12.56437783	      9.87649054
1760625449.09800005	     -0.18019983	     -0.66880932	      3.51228046	      0.00647908	      0.95215365	     -0.00851982	     80.00000000	     -7.00000000	      0.00000000	     80.00000000	      1.39626340	      0.00000000	      0.00000000	      0.00000000	     80.00000000	     -7.00000000	      0.00000000	     80.00000000	      1.39626340	      0.00000000	      0.00000000	      0.00000000	    -16.42304681	      1.37984702	      3.33175530	      2.84974104	     -2.03358191	      1.16628470	     16.38952059	      0.00000000	      1.20975777	      2.69956297	     -1.05604753	     -9.06453080	     10.60881360	     24.16293677	      0.00000000	    -11.99373782	     10.82559315
1760625449.16499996	     -1.47663262	     -0.87978069	      3.85092361	      0.00840786	      0.95059820	     -0.00445773	     80.00000000	     -7.00000000	      0.00000000	     80.00000000	      1.39626340	      0.00000000	      0.00000000	      0.00000000	     80.00000000	     -7.00000000	      0.00000000	     80.00000000	      1.39626340	      0.00000000	      0.00000000	      0.00000000	    -19.20074424	      2.49205118	      3.05273223	      2.36255369	     -0.80857917	      2.23653498	     17.56156054	      0.00000000	      1.87522386	      2.76125764	     -0.69726514	     -8.98454503	     11.28914366	     25.08413768	      0.00000000	    -10.77581473	     12.19996985
1760625449.19899988	     -3.89979547	     -1.04224911	      3.61100525	      0.01642278	      0.94658727	     -0.00250702	     80.00000000	     -7.00000000	      0.00000000	     80.00000000	      1.39626340	      0.00000000	      0.00000000	      0.00000000	     80.00000000	     -7.00000000	      0.00000000	     80.00000000	      1.39626340	      0.00000000	      0.00000000	      0.00000000	    -18.70293741	      2.96001863	      3.41338459	      1.55549345	     -0.82001262	      2.42434346	     18.49495387	      0.00000000	      2.78575466	      2.87541643	     -0.72962555	     -9.36102669	     10.95728718	     25.63469829	      0.42767081	    -10.17470294	     12.74098286
1760625449.23200011	     -6.29649864	     -1.16114111	      3.38125744	      0.02557692	      0.94354258	     -0.00116332	     80.00000000	     -7.00000000	      0.00000000	     80.00000000	      1.39626340	      0.00000000	      0.00000000	      0.00000000	     80.00000000	     -7.00000000	      0.00000000	     80.00000000	      1.39626340	      0.00000000	      0.00000000	      0.00000000	    -17.82542235	      3.20909621	      3.57035950	      1.12614903	     -0.91444019	      2.36412128	     19.12937756	      0.00000000	      3.40013003	      2.99572564	     -0.79907507	     -9.65660732	      9.88481561	     25.62969993	      2.04404022	     -9.59081194	     13.13590208
1760625449.26500010	     -8.82475354	     -1.37141787	      3.14436338	      0.03335908	      0.94069851	      0.00021573	     80.00000000	     -7.00000000	      0.00000000	     80.00000000	      1.39626340	      0.00000000	      0.00000000	      0.00000000	     80.00000000	     -7.00000000	      0.00000000	     80.00000000	      1.39626340	      0.00000000	      0.00000000	      0.00000000	    -16.88375407	      3.47641908	      3.85743884	      0.90229721	     -0.99915299	      2.19370883	     19.51852038	      0.00000000	      3.69843209	      3.16293014	     -0.69100595	    -10.01568711	      9.62042207	     25.40494214	      2.75423761	     -9.35282901	     13.07638831
1760625449.29900002	    -11.53635372	     -1.69622009	      2.84588575	      0.03872992	      0.93999707	      0.00140685	     80.00000000	     -7.00000000	      0.00000000	     80.00000000	      1.39626340	      0.00000000	      0.00000000	      0.00000000	     80.00000000	     -7.00000000	      0.00000000	     80.00000000	      1.39626340	      0.00000000	      0.00000000	      0.00000000	    -16.48603493	      3.94760656	      4.19360149	      0.81664825	     -1.09782473	      3.00771675	     19.88709629	      0.00000000	      3.65267581	      3.16421645	     -0.18743168	    -10.50286325	     10.43447412	     25.09101660	      2.68463492	     -9.73012371	     12.62986742
1760625449.33200002	    -13.30949494	     -1.91463683	      2.43697920	      0.04188061	      0.93995528	      0.00206311	     80.00000000	     -7.00000000	      0.00000000	     80.00000000	      1.39626340	      0.00000000	      0.00000000	      0.00000000	     80.00000000	     -7.00000000	      0.00000000	     80.00000000	      1.39626340	      0.00000000	      0.00000000	      0.00000000	    -16.33712425	      4.25068176	      4.60996595	      0.76191765	     -1.27757881	      3.74701703	     20.16798820	      0.00000000	      3.72653342	      3.12435166	      0.17999181	    -10.93727686	     11.47225298	     24.88439608	      2.45059624	     -9.69095083	     12.76138798
1760625449.36599994	    -14.96656814	     -2.07276498	      1.92699558	      0.05341078	      0.94330430	      0.00279420	     80.00000000	     -7.00000000	      0.00000000	     80.00000000	      1.39626340	      0.00000000	      0.00000000	      0.00000000	     80.00000000	     -7.00000000	      0.00000000	     80.00000000	      1.39626340	      0.00000000	      0.00000000	      0.00000000	    -16.38257588	      4.55842051	      4.84316741	      1.10512986	     -1.55995599	      4.59051044	     20.36786272	      0.00000000	      3.81958084	      2.95132307	      0.68000497	    -11.12809698	     12.15417672	     24.76839901	      2.35463646	     -9.50934398	     13.10884127
1760625449.39899993	    -17.28211004	     -2.17996119	      1.24753285	      0.06586962	      0.94738852	      0.00260976	     80.00000000	     -7.00000000	      0.00000000	     80.00000000	      1.39626340	      0.00000000	      0.00000000	      0.00000000	     80.00000000	     -7.00000000	      0.00000000	     80.00000000	      1.39626340	      0.00000000	      0.00000000	      0.00000000	    -16.00962259	      4.87243357	      5.01137972	      1.56957940	     -2.14458022	      5.80373850	     20.69579953	      0.00000000	      3.97681209	      2.93218524	      1.24778207	    -11.29511635	     12.28916389	     24.74528515	      3.32568258	     -9.26382929	     13.85688113
1760625449.43300009	    -19.06252008	     -2.15414521	      0.60324807	      0.07266834	      0.95381102	      0.00211127	     80.00000000	     -7.00000000	      0.00000000	     80.00000000	      1.39626340	      0.00000000	      0.00000000	      0.00000000	     80.00000000	     -7.00000000	      0.00000000	     80.00000000	      1.39626340	      0.00000000	      0.00000000	      0.00000000	    -15.47730240	      4.94100001	      5.19196124	      1.88181158	     -2.56081969	      6.65940481	     21.03906829	      0.00000000	      4.42292943	      2.91438117	      1.58357034	    -11.38192183	     12.08406657	     24.62988735	      4.55169390	     -8.77321034	     14.48191703
1760625449.46600008	    -20.86278587	     -2.07198251	      0.03677746	      0.07617991	      0.96242008	      0.00178444	     80.00000000	     -7.00000000	      0.00000000	     80.00000000	      1.39626340	      0.00000000	      0.00000000	      0.00000000	     80.00000000	     -7.00000000	      0.00000000	     80.00000000	      1.39626340	      0.00000000	      0.00000000	      0.00000000	    -14.83810988	      4.81659773	      5.34861677	      2.39609008	     -2.86497748	      7.56313075	     21.24535327	      0.00000000	      5.08961465	      2.87806139	      2.06841709	    -11.51036729	     12.19492961	     24.44015252	      5.83879722	     -8.26172519	     14.65450412
1760625449.50000000	    -22.95971277	     -1.97854870	     -0.61735229	      0.08204204	      0.97210601	      0.00065145	     80.00000000	     -7.00000000	      0.00000000	     80.00000000	      1.39626340	      0.00000000	      0.00000000	      0.00000000	     80.00000000	     -7.00000000	      0.00000000	     80.00000000	      1.39626340	      0.00000000	      0.00000000	      0.00000000	    -13.81501704	      4.63198884	      5.36865322	      3.07952501	     -3.41455242	      9.10516614	     21.16445192	      0.00000000	      5.89399325	      3.02214110	      2.75272329	    -11.66102661	     12.49598856	     23.92351382	      7.88171452	     -7.73714674	     14.25510795
1760625449.53299999	    -24.40048467	     -1.97689729	     -0.99400447	      0.08828293	      0.98074801	     -0.00129485	     80.00000000	     -7.00000000	      0.00000000	     80.00000000	      1.39626340	      0.00000000	      0.00000000	      0.00000000	     80.00000000	     -7.00000000	      0.00000000	     80.00000000	      1.39626340	      0.00000000	      0.00000000	      0.00000000	    -12.65929041	      4.41857886	      5.40275536	      3.37619038	     -3.65822325	      9.98859814	     21.01535604	      0.00000000	      6.18897809	      3.08416048	      3.08791963	    -11.80486363	     12.88753873	     23.09862122	     10.07648893	     -7.18605685	     13.62304420
1760625449.56699991	    -25.64683988	     -2.01412329	     -1.29770742	      0.09715385	      0.98972830	     -0.00359046	     80.00000000	     -7.00000000	      0.00000000	     80.00000000	      1.39626340	      0.00000000	      0.00000000	      0.00000000	     80.00000000	     -7.00000000	      0.00000000	     80.00000000	      1.39626340	      0.00000000	      0.00000000	      0.00000000	    -11.46086451	      4.35205703	      5.33225203	      3.65254334	     -4.07156232	     10.96099793	     20.65257343	      0.00000000	      6.33535255	      3.06699063	      3.37974728	    -11.79990183	     13.06442595	     22.44476389	     12.24028682	     -6.78207161	     12.85997927
1760625449.59999990	    -27.12081853	     -2.13448525	     -1.49545140	      0.10646113	      0.99921222	     -0.00636155	     80.00000000	     -7.00000000	      0.00000000	     80.00000000	      1.39626340	      0.00000000	      0.00000000	      0.00000000	     80.00000000	     -7.00000000	      0.00000000	     80.00000000	      1.39626340	      0.00000000	      0.00000000	      0.00000000	    -10.18649606	      4.31414831	      5.10783768	      4.67523583	     -4.82576562	     13.16275464	     19.41654942	      0.00000000	      6.31390229	      3.03059560	      4.40575805	    -11.72857362	     13.61905087	     22.07520224	     13.91309637	     -6.45047778	     11.88593413
1760625449.63299990	    -27.75471284	     -2.26797459	     -1.61093799	      0.10887094	      1.01025864	     -0.00805754	     80.00000000	     -7.00000000	      0.00000000	     80.00000000	      1.39626340	      0.00000000	      0.00000000	      0.00000000	     80.00000000	     -7.00000000	      0.00000000	     80.00000000	      1.39626340	      0.00000000	      0.00000000	      0.00000000	     -9.49589999	      4.10290426	      5.05495546	      5.40077162	     -5.15543707	     14.70049661	     18.54847804	      0.00000000	      6.21585765	      2.92920690	      5.27391739	    -11.79923179	     14.14423646	     21.55243001	     15.89049961	     -5.95889611	     11.01167061
1760625449.66700006	    -28.08497079	     -2.46118360	     -1.70923112	      0.11858276	      1.01950789	     -0.01067099	     80.00000000	     -7.00000000	      0.00000000	     80.00000000	      1.39626340	      0.00000000	      0.00000000	      0.00000000	     80.00000000	     -7.00000000	      0.00000000	     80.00000000	      1.39626340	      0.00000000	      0.00000000	      0.00000000	     -8.57287685	      4.10806382	      4.99133535	      5.67854690	     -5.55711353	     15.99605493	     17.77457651	      0.00000000	      6.33244256	      2.81672622	      5.76264237	    -11.70892798	     14.12017809	     20.91049404	     19.29325116	     -5.53085131	      9.90898239
1760625449.70000005	    -28.10329973	     -2.69550345	     -1.51949946	      0.12864851	      1.02798714	     -0.01478064	     80.00000000	     -7.00000000	      0.00000000	     80.00000000	      1.39626340	      0.00000000	      0.00000000	      0.00000000	     80.00000000	     -7.00000000	      0.00000000	     80.00000000	      1.39626340	      0.00000000	      0.00000000	      0.00000000	     -7.06095732	      4.22092430	      4.85845154	      5.47247321	     -6.08421015	     16.69994878	     16.17210605	      3.48712821	      5.99820863	      2.73122931	      6.11771927	    -11.50960452	     13.66468872	     19.95103725	     25.05308387	     -4.81427569	      8.20646605
1760625449.73399997	    -27.98498076	     -2.71286738	     -1.09267145	      0.13800622	      1.03705928	     -0.02042273	     80.00000000	     -7.00000000	      0.00000000	     80.00000000	      1.39626340	      0.00000000	      0.00000000	      0.00000000	     80.00000000	     -7.00000000	      0.00000000	     80.00000000	      1.39626340	      0.00000000	      0.00000000	      0.00000000	     -5.39722902	      4.12772653	      4.57194520	      4.74365823	     -6.32254421	     15.35448906	     15.27758559	      7.95915606	      6.03572548	      2.74684777	      5.98656348	    -11.24555688	     13.10636153	     19.39584727	     28.68580575	     -4.35328396	      7.14674385
1760625449.76699996	    -27.88493372	     -2.56299592	     -0.51114850	      0.14618631	      1.04635196	     -0.02541033	     80.00000000	     -7.00000000	      0.00000000	     80.00000000	      1.39626340	      0.00000000	      0.00000000	      0.00000000	     80.00000000	     -7.00000000	      0.00000000	     80.00000000	      1.39626340	      0.00000000	      0.00000000	      0.00000000	     -3.31525571	      3.78421089	      4.19988764	      3.87288677	     -6.46778709	     14.61555486	     14.45741681	     10.60664848	      6.48941380	      2.55884102	      5.53379495	    -10.90723595	     13.08226257	     18.96328714	     30.40498986	     -4.16816767	      6.26621730
1760625449.80100012	    -27.52392137	     -2.22310875	      0.14355244	      0.15254828	      1.05616043	     -0.03049850	     80.00000000	     -7.00000000	      0.00000000	     80.00000000	      1.39626340	      0.00000000	      0.00000000	      0.00000000	     80.00000000	     -7.00000000	      0.00000000	     80.00000000	      1.39626340	      0.00000000	      0.00000000	      0.00000000	     -0.36380138	      3.16096091	      3.78852376	      2.38378588	     -6.75153309	     14.14515433	     13.30883231	     14.49976212	      6.28055617	      2.08950450	      4.49579610	    -10.58717953	     13.41818889	     18.30726046	     31.79808491	     -4.01243960	      5.19564008
1760625449.83400011	    -26.49961137	     -2.02319098	      0.37082375	      0.16033810	      1.06465094	     -0.03433496	     80.00000000	     -7.00000000	      0.00000000	     80.00000000	      1.39626340	      0.00000000	      0.00000000	      0.00000000	     80.00000000	     -7.00000000	      0.00000000	     80.00000000	      1.39626340	      0.00000000	      0.00000000	      0.00000000	      0.65478311	      2.74791096	      3.60838208	      1.90360511	     -7.14505656	     14.20243601	     12.52593334	     17.38036451	      5.53341053	      1.69545209	      4.00381550	    -10.22958750	     13.62358625	     17.96326876	     32.15831697	     -4.08605001	      4.47165417
1760625449.90100002	    -23.54527451	     -1.73240611	      0.14873662	      0.17267100	      1.07555770	     -0.04178351	     80.00000000	     -7.00000000	      0.00000000	     80.00000000	      1.39626340	      0.00000000	      0.00000000	      0.00000000	     80.00000000	     -7.00000000	      0.00000000	     80.00000000	      1.39626340	      0.00000000	      0.00000000	      0.00000000	      1.96441397	      1.92895294	      3.91675053	      1.10502428	     -8.21382924	     15.33284244	     12.20444964	     22.66487293	      1.29386273	     -1.09630675	      2.81288515	    -10.01266541	     14.71766834	     17.29813466	     33.35347627	     -4.16689830	      3.22282626
1760625449.93499994	    -22.41691049	     -1.57146686	      0.14533979	      0.17304480	      1.07798507	     -0.04397035	     80.00000000	     -7.00000000	      0.00000000	     80.00000000	      1.39626340	      0.00000000	      0.00000000	      0.00000000	     80.00000000	     -7.00000000	      0.00000000	     80.00000000	      1.39626340	      0.00000000	      0.00000000	      0.00000000	      2.63120678	      1.56147394	      4.12167279	      0.80351655	     -8.82378230	     14.91280204	     12.63965283	     26.53804916	     -1.47579280	     -2.62109265	      2.39328672	     -9.94084547	     14.32828115	     16.83548046	     35.58654595	     -4.11334815	      2.89874666
1760625449.96799994	    -21.46027610	     -1.30747211	      0.42797921	      0.17403007	      1.08174937	     -0.04962179	     80.00000000	     -7.00000000	      0.00000000	     80.00000000	      1.39626340	      0.00000000	      0.00000000	      0.00000000	     80.00000000	     -7.00000000	      0.00000000	     80.00000000	      1.39626340	      0.00000000	      0.00000000	      0.00000000	      3.78074432	      1.24654853	      4.11653692	      0.33566077	     -9.59104924	     14.52764515	     13.03272900	     30.64271415	     -3.98251681	     -4.27827447	      1.38490636	     -9.61325118	     13.79845375	     16.59250058	     36.87606605	     -4.21362972	      2.56034182
1760625450.00099993	    -20.44691223	     -1.24232567	      1.35190424	      0.17874413	      1.08500145	     -0.05655731	     80.00000000	     -7.00000000	      0.00000000	     80.00000000	      1.39626340	      0.00000000	      0.00000000	      0.00000000	     80.00000000	     -7.00000000	      0.00000000	     80.00000000	      1.39626340	      0.00000000	      0.00000000	      0.00000000	      4.55745005	      1.16778726	      3.22099898	      1.04884724	    -10.80123064	     14.65759088	     13.44374935	     36.26241591	     -7.22018133	     -6.28839229	      0.76904421	     -9.00275795	     12.65084107	     16.61932398	     37.20353380	     -4.71673214	      2.18630196
1760625450.03500009	    -19.76158820	     -1.37346022	      2.14310413	      0.18018365	      1.08695248	     -0.06007747	     80.00000000	     -7.00000000	      0.00000000	     80.00000000	      1.39626340	      0.00000000	      0.00000000	      0.00000000	     80.00000000	     -7.00000000	      0.00000000	     80.00000000	      1.39626340	      0.00000000	      0.00000000	      0.00000000	      5.27837087	      1.16059136	      2.81344123	      1.65894172	    -11.67459915	     14.86877523	     13.65843247	     40.08894267	     -9.70979279	     -7.67916097	      0.14435480	     -8.66729851	     11.88147807	     16.53124521	     37.41910198	     -4.96797706	      1.97283022
1760625450.06800008	    -18.97541813	     -1.53043995	      2.94709798	      0.18635891	      1.08666596	     -0.06374094	     80.00000000	     -7.00000000	      0.00000000	     80.00000000	      1.39626340	      0.00000000	      0.00000000	      0.00000000	     80.00000000	     -7.00000000	      0.00000000	     80.00000000	      1.39626340	      0.00000000	      0.00000000	      0.00000000	      6.00925541	      1.11095244	      2.55392852	      2.29390287	    -12.52544394	     15.42141573	     13.82885259	     43.09968277	    -11.92065886	     -9.09916875	     -0.62635037	     -8.46946096	     11.19794946	     16.23250393	     37.75838940	     -5.00964459	      1.84653170
1760625450.10200000	    -17.94806089	     -1.72834755	      4.41011958	      0.19580842	      1.08520378	     -0.06628083	     80.00000000	     -7.00000000	      0.00000000	     80.00000000	      1.39626340	      0.00000000	      0.00000000	      0.00000000	     80.00000000	     -7.00000000	      0.00000000	     80.00000000	      1.39626340	      0.00000000	      0.00000000	      0.00000000	      7.06071281	      0.83223237	      2.22235469	      3.07364845	    -13.58501806	     15.66450725	     14.27141039	     46.66842128	    -14.57437838	    -10.67394246	     -1.80474606	     -8.57938146	     10.69462826	     15.94137060	     38.12478011	     -5.08545065	      1.61566363
1760625450.13499999	    -17.23786710	     -1.86704352	      6.03780692	      0.20871296	      1.08336794	     -0.06779984	     80.00000000	     -7.00000000	      0.00000000	     80.00000000	      1.39626340	      0.00000000	      0.00000000	      0.00000000	     80.00000000	     -7.00000000	      0.00000000	     80.00000000	      1.39626340	      0.00000000	      0.00000000	      0.00000000	      7.74822406	      0.50508574	      1.56222674	      3.83151023	    -14.49385668	     15.38264436	     14.70515362	     49.87362573	    -16.44975396	    -11.60527368	     -2.55819324	     -8.77078605	     10.31125715	     15.92843000	     38.41273230	     -5.24421804	      1.39583787
1760625450.16899991	    -16.14522211	     -2.16541626	      8.75832688	      0.21315333	      1.08346654	     -0.07127257	     80.00000000	     -7.00000000	      0.00000000	     80.00000000	      1.39626340	      0.00000000	      0.00000000	      0.00000000	     80.00000000	     -7.00000000	      0.00000000	     80.00000000	      1.39626340	      0.00000000	      0.00000000	      0.00000000	      8.35949114	      0.11949437	      0.30251140	      5.11413053	    -16.06606361	     14.67822090	     15.38771132	     54.31191336	    -18.48516391	    -12.45067410	     -3.26235116	     -8.91050893	      9.43342734	     15.99670493	     38.46836449	     -5.43790124	      1.20200936
1760625450.20199990	    -15.18935393	     -2.54505856	     10.96742149	      0.22400747	      1.08079633	     -0.07402733	     80.00000000	     -7.00000000	      0.00000000	     80.00000000	      1.39626340	      0.00000000	      0.00000000	      0.00000000	     80.00000000	     -7.00000000	      0.00000000	     80.00000000	      1.39626340	      0.00000000	      0.00000000	      0.00000000	      8.95248880	     -0.02693606	     -0.52294994	      5.86432440	    -17.50223890	     13.90265850	     15.89753188	     57.48548266	    -19.84125009	    -12.83138042	     -4.04976062	     -9.02346058	      8.44230796	     16.01029466	     38.38151145	     -5.47276406	      1.08032742
1760625450.23499990	    -14.29636089	     -2.87309175	     13.28236413	      0.23660785	      1.07667949	     -0.07605383	     80.00000000	     -7.00000000	      0.00000000	     80.00000000	      1.39626340	      0.00000000	      0.00000000	      0.00000000	     80.00000000	     -7.00000000	      0.00000000	     80.00000000	      1.39626340	      0.00000000	      0.00000000	      0.00000000	      9.90062693	     -0.36961577	     -1.24099798	      6.49640410	    -19.01465323	     13.38852041	     16.10657360	     59.97898835	    -20.86795820	    -13.22887402	     -5.24195386	     -9.34664595	      7.43878973	     16.02885636	     38.37215946	     -5.54341525	      0.91825906
1760625450.30299997	    -12.92487599	     -3.63857151	     19.29922540	      0.26989985	      1.06755061	     -0.07831768	     80.00000000	     -7.00000000	      0.00000000	     80.00000000	      1.39626340	      0.00000000	      0.00000000	      0.00000000	     80.00000000	     -7.00000000	      0.00000000	     80.00000000	      1.39626340	      0.00000000	      0.00000000	      0.00000000	     13.04766000	     -1.93617107	     -3.28221610	      8.40293075	    -22.18232041	     14.70256679	     15.31826607	     61.82348244	    -22.74119701	    -14.40957767	     -8.71589691	    -10.78555506	      3.91714544	     16.39142126	     39.51994408	     -5.69923467	      0.70406425
1760625450.33599997	    -12.21397944	     -4.10643828	     21.66313723	      0.27577807	      1.06622182	     -0.07838536	     80.00000000	     -7.00000000	      0.00000000	     80.00000000	      1.39626340	      0.00000000	      0.00000000	      0.00000000	     80.00000000	     -7.00000000	      0.00000000	     80.00000000	      1.39626340	      0.00000000	      0.00000000	      0.00000000	     13.52713513	     -2.22456388	     -3.95220506	     10.05640972	    -23.79787843	     16.12820742	     14.46209317	     61.60262671	    -23.50395950	    -15.03016002	     -9.48478388	    -11.26526789	      2.26602970	     16.56640319	     40.14942724	     -5.88636888	      0.70370184
1760625450.36899996	    -11.22535208	     -4.61703198	     24.41462013	      0.29566578	      1.06264528	     -0.07373785	     80.00000000	     -7.00000000	      0.00000000	     80.00000000	      1.39626340	      0.00000000	      0.00000000	      0.00000000	     80.00000000	     -7.00000000	      0.00000000	     80.00000000	      1.39626340	      0.00000000	      0.00000000	      0.00000000	     14.02922193	     -2.83410230	     -4.79558224	     12.25850644	    -25.50591649	     18.57351902	     12.88229516	     61.16051526	    -24.02858640	    -15.72899786	    -10.88454523	    -12.10021095	      0.27089406	     16.96622215	     40.11526404	     -6.14883583	      0.65636105
1760625450.40300012	    -10.25353601	     -4.75041570	     26.50499542	      0.30323008	      1.06437242	     -0.07204509	     80.00000000	     -7.00000000	      0.00000000	     80.00000000	      1.39626340	      0.00000000	      0.00000000	      0.00000000	     80.00000000	     -7.00000000	      0.00000000	     80.00000000	      1.39626340	      0.00000000	      0.00000000	      0.00000000	     13.47165009	     -3.40269748	     -5.20293968	     14.22681594	    -26.70733259	     19.39918997	     11.80479060	     61.16067976	    -23.98655319	    -15.69934307	    -11.41211176	    -12.80563086	     -0.32053177	     17.32179499	     39.49373276	     -6.42287448	      0.57253737
1760625450.43600011	     -9.52486866	     -4.70684537	     28.51323946	      0.32668945	      1.06392319	     -0.06819995	     80.00000000	     -7.00000000	      0.00000000	     80.00000000	      1.39626340	      0.00000000	      0.00000000	      0.00000000	     80.00000000	     -7.00000000	      0.00000000	     80.00000000	      1.39626340	      0.00000000	      0.00000000	      0.00000000	     13.88323438	     -4.41843588	     -4.60670290	     14.47755814	    -27.79467858	     18.66902375	     11.15925142	     60.71417571	    -23.46275650	    -15.51786959	    -12.97581314	    -14.13995860	      0.51651546	     17.17914864	     38.52389116	     -6.00968973	      0.35098543
1760625450.47000003	     -8.93768415	     -4.91554226	     30.63289975	      0.33638607	      1.06315010	     -0.06753361	     80.00000000	     -7.00000000	      0.00000000	     80.00000000	      1.39626340	      0.00000000	      0.00000000	      0.00000000	     80.00000000	     -7.00000000	      0.00000000	     80.00000000	      1.39626340	      0.00000000	      0.00000000	      0.00000000	     13.62624059	     -4.74423945	     -4.86066416	     16.90817495	    -29.16932676	     19.80031328	      9.65018624	     59.86118052	    -22.56880797	    -15.10182111	    -13.57004554	    -14.67644749	      0.72747034	     17.16336538	     37.53020255	     -5.87468667	      0.35202815
1760625450.50300002	     -8.56881892	     -5.24973043	     31.55066751	      0.36511310	      1.05948807	     -0.05703719	     80.00000000	     -7.00000000	      0.00000000	     80.00000000	      1.39626340	      0.00000000	      0.00000000	      0.00000000	     80.00000000	     -7.00000000	      0.00000000	     80.00000000	      1.39626340	      0.00000000	      0.00000000	      0.00000000	     13.36517962	     -5.18297872	     -5.01645991	     19.04818924	    -29.32548248	     20.88736903	      7.93721221	     60.11731776	    -22.43305375	    -14.64792526	    -13.97014374	    -15.45318331	     -0.31194651	     17.23207599	     37.60084027	     -5.63008738	      0.64452968
