time,pelvis_tilt,pelvis_list,pelvis_rotation,pelvis_tx,pelvis_ty,pelvis_tz,hip_flexion_r,hip_adduction_r,hip_rotation_r,knee_angle_r,knee_angle_r_beta,ankle_angle_r,subtalar_angle_r,mtp_angle_r,hip_flexion_l,hip_adduction_l,hip_rotation_l,knee_angle_l,knee_angle_l_beta,ankle_angle_l,subtalar_angle_l,mtp_angle_l,lumbar_extension,lumbar_bending,lumbar_rotation,arm_flex_r,arm_add_r,arm_rot_r,elbow_flex_r,pro_sup_r,wrist_flex_r,wrist_dev_r,arm_flex_l,arm_add_l,arm_rot_l,elbow_flex_l,pro_sup_l,wrist_flex_l,wrist_dev_l
1760624559.589,0.19220255,-0.05114626,0.09419383,-0.02200178,0.93592001,0.00722084,80.0,-7.0,0.0,80.0,1.3962634,0.0,0.0,0.0,80.0,-7.0,0.0,80.0,1.3962634,0.0,0.0,0.0,-8.39413475,-0.93872377,-8.54358376,8.77682199,1.3847741,8.24515428,0.40013458,0.02677539,0.1602152,0.11007419,8.53813191,-4.63684202,-25.76050522,0.0,17.61900975,-0.94253309,1.24089083
1760624559.622,0.18224316,-0.05937761,0.10449383,-0.02026523,0.93794767,0.00724398,80.0,-7.0,0.0,80.0,1.3962634,0.0,0.0,0.0,80.0,-7.0,0.0,80.0,1.3962634,0.0,0.0,0.0,-7.65365421,-0.90509736,-7.94925992,8.12865398,1.13792842,7.7083752,0.39701582,0.0,0.17389321,0.10041706,7.86680221,-4.42992658,-25.46086,0.0,17.88745094,-0.95911191,1.24753033
1760624559.655,0.17706274,-0.07074882,0.11390469,-0.01951715,0.93825664,0.00724379,80.0,-7.0,0.0,80.0,1.3962634,0.0,0.0,0.0,80.0,-7.0,0.0,80.0,1.3962634,0.0,0.0,0.0,-6.77369848,-0.95546264,-7.21078589,7.30589492,0.96909631,7.03612831,0.38806648,0.0,0.14415997,0.08324461,6.97612211,-4.29649065,-25.11165401,0.0,18.26435948,-0.91385908,1.23752582
1760624559.689,0.18871344,-0.07589327,0.11532431,-0.01976634,0.93894234,0.00682119,80.0,-7.0,0.0,80.0,1.3962634,0.0,0.0,0.0,80.0,-7.0,0.0,80.0,1.3962634,0.0,0.0,0.0,-7.00106665,-0.93667425,-7.29705408,7.54412753,0.97800115,7.12436641,0.39185141,0.0,0.15818598,0.10826316,7.18942527,-4.33638472,-25.11788019,0.0,18.23626293,-0.91463848,1.24372669
1760624559.722,0.18989131,-0.08123429,0.1230788,-0.01897645,0.93918041,0.00686191,80.0,-7.0,0.0,80.0,1.3962634,0.0,0.0,0.0,80.0,-7.0,0.0,80.0,1.3962634,0.0,0.0,0.0,-7.29150372,-1.01586131,-7.3742252,7.84930987,1.09972404,7.21514243,0.40165919,0.0,0.17702996,0.08985935,7.52313471,-4.47676744,-25.07431097,0.0,18.16530385,-0.92173332,1.24660857
1760624559.756,0.210968,-0.09582227,0.13247057,-0.01879893,0.93942253,0.00653609,80.0,-7.0,0.0,80.0,1.3962634,0.0,0.0,0.0,80.0,-7.0,0.0,80.0,1.3962634,0.0,0.0,0.0,-7.2703,-1.00532172,-7.35557002,7.82835109,1.09312209,7.22335852,0.38668987,0.0,0.15729369,0.09857865,7.49987167,-4.48677958,-25.05963405,0.0,18.16537146,-0.92556528,1.20507274
1760624559.789,0.19734387,-0.10335716,0.12815378,-0.01807048,0.93949693,0.00646978,80.0,-7.0,0.0,80.0,1.3962634,0.0,0.0,0.0,80.0,-7.0,0.0,80.0,1.3962634,0.0,0.0,0.0,-7.13073982,-1.00021976,-7.37216383,7.70923432,1.08606519,7.27105454,0.39128513,0.0,0.15424006,0.04991888,7.38053172,-4.48309429,-25.03071972,0.0,18.10449319,-0.89387662,1.23528192
1760624559.823,0.18631404,-0.09953851,0.14945812,-0.01764087,0.93980888,0.0065948,80.0,-7.0,0.0,80.0,1.3962634,0.0,0.0,0.0,80.0,-7.0,0.0,80.0,1.3962634,0.0,0.0,0.0,-7.1315683,-0.99961218,-7.37010064,7.69288499,1.10041557,7.34177539,0.4177456,0.0,0.17565469,0.05001737,7.4013223,-4.49702127,-24.9891705,0.0,18.1294184,-0.88834643,1.2481891
1760624559.856,0.18621898,-0.09418737,0.16978803,-0.01743074,0.93996987,0.00675149,80.0,-7.0,0.0,80.0,1.3962634,0.0,0.0,0.0,80.0,-7.0,0.0,80.0,1.3962634,0.0,0.0,0.0,-7.13375718,-0.99548827,-7.34901152,7.6822522,1.11621766,7.38789679,0.42148991,0.0,0.17305484,0.04885156,7.39987513,-4.49919267,-24.9660769,0.0,18.14849201,-0.88843916,1.24247103
1760624559.89,0.19548807,-0.09311253,0.17773728,-0.01662565,0.9403123,0.00737738,80.0,-7.0,0.0,80.0,1.3962634,0.0,0.0,0.0,80.0,-7.0,0.0,80.0,1.3962634,0.0,0.0,0.0,-7.2284785,-1.12005172,-7.55048431,7.74038859,1.30945756,7.60314199,0.44479112,0.0,0.18288225,0.04772481,7.47315234,-4.66432167,-24.90013943,0.0,17.96324548,-0.93416734,1.23447538
1760624559.923,0.19852871,-0.09293051,0.19172865,-0.01610004,0.94060611,0.0075309,80.0,-7.0,0.0,80.0,1.3962634,0.0,0.0,0.0,80.0,-7.0,0.0,80.0,1.3962634,0.0,0.0,0.0,-7.35524913,-1.08848956,-7.42970223,7.86262195,1.32080041,7.51044366,0.48459889,0.0,0.18178946,0.0434285,7.73031706,-4.44535196,-20.6825376,0.0,13.90002774,-0.96449414,1.25310651
1760624559.957,0.20951342,-0.09976449,0.19990291,-0.01634033,0.94080477,0.0075933,80.0,-7.0,0.0,80.0,1.3962634,0.0,0.0,0.0,80.0,-7.0,0.0,80.0,1.3962634,0.0,0.0,0.0,-7.36234277,-1.09001371,-7.44851269,7.82822499,1.35077818,7.5189911,0.51865658,0.0,0.1900573,0.04009581,7.71786785,-4.45228258,-20.67270748,0.0,13.90850477,-0.97611405,1.24123119
1760624560.023,0.21567562,-0.09160085,0.20667807,-0.01627551,0.94129619,0.00778923,80.0,-7.0,0.0,80.0,1.3962634,0.0,0.0,0.0,80.0,-7.0,0.0,80.0,1.3962634,0.0,0.0,0.0,-6.99573435,-1.18040727,-7.28028743,7.41136604,1.39274986,7.44620423,0.53874732,0.0,0.16902476,0.00413571,7.33858091,-4.45349165,-20.60567038,0.0,13.98052508,-0.96970963,1.25766124
1760624560.057,0.22102157,-0.10019459,0.21214883,-0.01594716,0.94148556,0.00752196,80.0,-7.0,0.0,80.0,1.3962634,0.0,0.0,0.0,80.0,-7.0,0.0,80.0,1.3962634,0.0,0.0,0.0,-6.66247119,-1.15557147,-7.03521636,7.07976837,1.31410453,7.22364919,0.52057762,0.0,0.17837252,-0.00105939,6.99017511,-4.36403961,-20.51457839,0.0,14.10493599,-0.97388892,1.24830124
1760624560.124,0.21972712,-0.11015555,0.21845375,-0.01434955,0.9421289,0.00739618,80.0,-7.0,0.0,80.0,1.3962634,0.0,0.0,0.0,80.0,-7.0,0.0,80.0,1.3962634,0.0,0.0,0.0,-6.40131078,-1.22902807,-6.84021728,6.80570307,1.35812751,6.96558192,0.53430216,0.0,0.14686941,-0.01841604,6.71463668,-4.38488189,-20.44365299,0.0,14.21760277,-0.9671585,1.20403034
1760624560.157,0.22111581,-0.10644031,0.22462701,-0.01435881,0.94207993,0.00768259,80.0,-7.0,0.0,80.0,1.3962634,0.0,0.0,0.0,80.0,-7.0,0.0,80.0,1.3962634,0.0,0.0,0.0,-6.40430525,-1.22731653,-6.83575786,6.8080162,1.36292226,6.94954893,0.53667421,0.0,0.14488067,-0.0153246,6.70600235,-4.37653279,-20.46182034,0.0,14.2006651,-0.96941616,1.19991042
1760624560.191,0.22585164,-0.10653877,0.22629016,-0.01379665,0.94197312,0.00769734,80.0,-7.0,0.0,80.0,1.3962634,0.0,0.0,0.0,80.0,-7.0,0.0,80.0,1.3962634,0.0,0.0,0.0,-6.01827678,-1.17478252,-6.67842557,6.41318563,1.26398612,6.85213054,0.54476936,0.0,0.12926508,-0.03840737,6.30022312,-4.2486246,-20.45210504,0.0,14.28259488,-0.95117043,1.17487272
1760624560.224,0.23333356,-0.10611123,0.22588355,-0.01423412,0.94202199,0.00778757,80.0,-7.0,0.0,80.0,1.3962634,0.0,0.0,0.0,80.0,-7.0,0.0,80.0,1.3962634,0.0,0.0,0.0,-6.02682043,-1.1716018,-6.67048475,6.39245122,1.29150502,6.86419031,0.54658654,0.0,0.12373063,-0.03228456,6.27798024,-4.22200261,-20.46432031,0.0,14.27878078,-0.92690873,1.16484641
1760624560.258,0.23237609,-0.10469368,0.24496258,-0.01383456,0.94188214,0.0075081,80.0,-7.0,0.0,80.0,1.3962634,0.0,0.0,0.0,80.0,-7.0,0.0,80.0,1.3962634,0.0,0.0,0.0,-5.91602186,-1.13579589,-6.75063468,6.25998761,1.26518414,6.94648004,0.56688529,0.0,0.1454395,-0.04155949,6.15630796,-4.16435993,-20.55135264,0.0,14.28313167,-0.90234513,1.15929447
1760624560.291,0.22612279,-0.10274705,0.25465272,-0.01392628,0.94182724,0.00762885,80.0,-7.0,0.0,80.0,1.3962634,0.0,0.0,0.0,80.0,-7.0,0.0,80.0,1.3962634,0.0,0.0,0.0,-5.92221053,-1.13665389,-6.72945735,6.24524376,1.2871651,6.95037006,0.57001483,0.0,0.14151346,-0.03566152,6.15753873,-4.1475999,-20.57304896,0.0,14.26480124,-0.90034403,1.168343
1760624560.324,0.21906551,-0.10094622,0.25117693,-0.01360954,0.94175544,0.0077817,80.0,-7.0,0.0,80.0,1.3962634,0.0,0.0,0.0,80.0,-7.0,0.0,80.0,1.3962634,0.0,0.0,0.0,-5.81026752,-1.16099841,-6.75488308,6.10435922,1.33567505,7.06813567,0.55387872,0.0,0.08097954,-0.0300244,6.06157612,-4.1519867,-20.70224682,0.0,14.25190884,-0.89548863,1.19093798
1760624560.358,0.22141507,-0.10283296,0.25379928,-0.01393757,0.94207944,0.00770672,80.0,-7.0,0.0,80.0,1.3962634,0.0,0.0,0.0,80.0,-7.0,0.0,80.0,1.3962634,0.0,0.0,0.0,-5.81630491,-1.15701097,-6.74694987,6.06985749,1.33607062,7.08633457,0.56861816,0.0,0.10316814,-0.02946817,6.09245337,-4.15449245,-20.72762416,0.0,14.23785269,-0.85999934,1.20283556
1760624560.391,0.22902315,-0.10527116,0.27236842,-0.01424787,0.94215802,0.00765523,80.0,-7.0,0.0,80.0,1.3962634,0.0,0.0,0.0,80.0,-7.0,0.0,80.0,1.3962634,0.0,0.0,0.0,-5.79638511,-1.07196744,-6.89433746,6.0395592,1.26116132,7.31147915,0.54961952,0.0,0.0945252,-0.02787786,6.05892926,-4.09210655,-20.85904987,0.0,14.21624542,-0.83851184,1.208178
1760624560.425,0.21861032,-0.0940976,0.28961889,-0.01451867,0.9422015,0.00802408,80.0,-7.0,0.0,80.0,1.3962634,0.0,0.0,0.0,80.0,-7.0,0.0,80.0,1.3962634,0.0,0.0,0.0,-5.91153908,-1.05638978,-7.06336258,6.17823441,1.25746436,7.45598689,0.5325289,0.0,0.08342114,-0.02862021,6.18879987,-4.09246148,-21.00700961,0.0,14.16891191,-0.81770589,1.20870917
1760624560.458,0.2059212,-0.09293816,0.29890003,-0.0145024,0.94219129,0.00824632,80.0,-7.0,0.0,80.0,1.3962634,0.0,0.0,0.0,80.0,-7.0,0.0,80.0,1.3962634,0.0,0.0,0.0,-5.66518375,-1.029165,-7.16557517,5.92383056,1.19442798,7.55693299,0.5465118,0.0,0.11300959,-0.05111161,5.93498063,-4.04220719,-21.14991919,0.0,14.17408609,-0.80499336,1.19147078
1760624560.492,0.20254958,-0.09318579,0.31090609,-0.01382907,0.94242579,0.00819111,80.0,-7.0,0.0,80.0,1.3962634,0.0,0.0,0.0,80.0,-7.0,0.0,80.0,1.3962634,0.0,0.0,0.0,-5.66540563,-1.03636296,-7.15489657,5.93085449,1.19742011,7.56753739,0.54807208,0.0,0.11280283,-0.05571978,5.94025418,-4.0360544,-21.15574945,0.0,14.17130344,-0.80048989,1.19470341
1760624560.525,0.19125246,-0.07944687,0.31431328,-0.01335825,0.94241538,0.00803907,80.0,-7.0,0.0,80.0,1.3962634,0.0,0.0,0.0,80.0,-7.0,0.0,80.0,1.3962634,0.0,0.0,0.0,-5.67981157,-1.05515497,-7.14926871,5.95212925,1.20836241,7.60135896,0.57887383,0.0,0.13135899,-0.10173902,5.96002296,-4.01887459,-21.17408501,0.0,14.17080707,-0.78396393,1.18735292
1760624560.559,0.197028,-0.07883275,0.32159362,-0.01347268,0.94274031,0.00796413,80.0,-7.0,0.0,80.0,1.3962634,0.0,0.0,0.0,80.0,-7.0,0.0,80.0,1.3962634,0.0,0.0,0.0,-5.84390415,-1.048278,-7.28087969,6.1105386,1.24592941,7.74196677,0.59624957,0.0,0.12740925,-0.1193386,6.12375838,-4.03027386,-21.28558233,0.0,14.18858077,-0.78489134,1.18352947
1760624560.592,0.20840796,-0.07698927,0.32271246,-0.01379521,0.94315483,0.00794259,80.0,-7.0,0.0,80.0,1.3962634,0.0,0.0,0.0,80.0,-7.0,0.0,80.0,1.3962634,0.0,0.0,0.0,-6.28891546,-1.05957196,-7.62762091,6.54249055,1.35799669,8.09030709,0.62443376,0.0,0.10321298,-0.15573539,6.56700078,-4.11108782,-21.47270013,0.0,14.07633679,-0.78698916,1.19720763
1760624560.626,0.21047424,-0.07332373,0.31627645,-0.01379736,0.94305115,0.00797948,80.0,-7.0,0.0,80.0,1.3962634,0.0,0.0,0.0,80.0,-7.0,0.0,80.0,1.3962634,0.0,0.0,0.0,-6.28403092,-1.06546757,-7.61195862,6.53049193,1.35845873,8.12362712,0.64987047,0.0,0.1337519,-0.16075097,6.58909244,-4.09608121,-21.47405765,0.0,14.08638085,-0.77948901,1.21605812
1760624560.659,0.20344843,-0.0772716,0.3167454,-0.01383784,0.94319369,0.00771185,80.0,-7.0,0.0,80.0,1.3962634,0.0,0.0,0.0,80.0,-7.0,0.0,80.0,1.3962634,0.0,0.0,0.0,-6.33413581,-1.04700065,-7.65563343,6.60241741,1.36630281,8.24169539,0.63667682,0.0,0.13835306,-0.20465666,6.66495244,-4.06976606,-21.54033819,0.0,14.07984443,-0.7891255,1.20577218
1760624560.692,0.21408861,-0.08397229,0.31405961,-0.01395212,0.94335561,0.0075252,80.0,-7.0,0.0,80.0,1.3962634,0.0,0.0,0.0,80.0,-7.0,0.0,80.0,1.3962634,0.0,0.0,0.0,-6.33557981,-1.05463138,-7.67226745,6.6086241,1.37494688,8.22674856,0.63671126,0.0,0.12510377,-0.16201689,6.6620182,-4.06982163,-21.54525324,0.0,14.08431689,-0.79068192,1.19770306
1760624560.726,0.21274026,-0.08113016,0.32647357,-0.01406418,0.94331414,0.00760926,80.0,-7.0,0.0,80.0,1.3962634,0.0,0.0,0.0,80.0,-7.0,0.0,80.0,1.3962634,0.0,0.0,0.0,-6.34105278,-1.06526183,-7.68748867,6.62056401,1.37014117,8.25163177,0.64033238,0.0,0.13838981,-0.16041475,6.67823474,-4.07417346,-21.52078207,0.0,14.11747149,-0.76483636,1.20934605
1760624560.759,0.21889024,-0.08400491,0.33462558,-0.01448363,0.94337437,0.00767137,80.0,-7.0,0.0,80.0,1.3962634,0.0,0.0,0.0,80.0,-7.0,0.0,80.0,1.3962634,0.0,0.0,0.0,-6.53697933,-1.06623821,-7.82197075,6.81044647,1.40823721,8.40220796,0.63280844,0.0,0.15465554,-0.15031381,6.87044349,-4.10486932,-21.61313268,0.0,14.07021701,-0.7819308,1.20588115
1760624560.826,0.22179402,-0.0937532,0.35583492,-0.01478519,0.94344988,0.00783423,80.0,-7.0,0.0,80.0,1.3962634,0.0,0.0,0.0,80.0,-7.0,0.0,80.0,1.3962634,0.0,0.0,0.0,-6.65173081,-1.08003244,-7.86846338,6.92107842,1.41496489,8.57241847,0.65031739,0.0,0.14552535,-0.19555566,6.97848027,-4.14553311,-21.61798776,0.0,14.12346179,-0.76605422,1.20705048
1760624560.86,0.22194551,-0.09882877,0.35543118,-0.01474452,0.94354021,0.00823474,80.0,-7.0,0.0,80.0,1.3962634,0.0,0.0,0.0,80.0,-7.0,0.0,80.0,1.3962634,0.0,0.0,0.0,-6.64851832,-1.09350587,-7.86314129,6.91677474,1.40518924,8.63170252,0.67533606,0.0,0.15828032,-0.2220368,6.98488127,-4.16501068,-21.60842667,0.0,14.13766633,-0.77026123,1.21668453
1760624560.893,0.22809221,-0.09695908,0.37972706,-0.01492058,0.94364877,0.00882565,80.0,-7.0,0.0,80.0,1.3962634,0.0,0.0,0.0,80.0,-7.0,0.0,80.0,1.3962634,0.0,0.0,0.0,-6.72710989,-1.17345041,-8.10674138,6.98040126,1.50750432,8.87168796,0.69166406,0.0,0.19151784,-0.23387259,7.02390285,-4.2936374,-21.68419496,0.0,14.12438959,-0.75255321,1.2137258
1760624560.927,0.23840137,-0.10243117,0.38951349,-0.01508563,0.94363837,0.00912334,80.0,-7.0,0.0,80.0,1.3962634,0.0,0.0,0.0,80.0,-7.0,0.0,80.0,1.3962634,0.0,0.0,0.0,-6.73054998,-1.17964374,-8.12180493,6.98871253,1.51020332,8.91647956,0.71149659,0.0,0.19648295,-0.2632145,7.027868,-4.30813854,-21.67163641,0.0,14.14488058,-0.7236141,1.22912399
1760624560.96,0.24163414,-0.09933123,0.4010786,-0.01625047,0.94398474,0.00922059,80.0,-7.0,0.0,80.0,1.3962634,0.0,0.0,0.0,80.0,-7.0,0.0,80.0,1.3962634,0.0,0.0,0.0,-6.78296232,-1.24186458,-8.35615428,7.03160477,1.61995022,9.14628268,0.73584791,0.0,0.18125896,-0.27024612,7.06070339,-4.40090482,-21.80209162,0.0,14.08228771,-0.71957199,1.23236862
1760624560.994,0.23879211,-0.11424387,0.40317652,-0.01681837,0.94402778,0.00907707,80.0,-7.0,0.0,80.0,1.3962634,0.0,0.0,0.0,80.0,-7.0,0.0,80.0,1.3962634,0.0,0.0,0.0,-6.774344,-1.21580843,-8.37416516,7.02316004,1.64767479,9.13192616,0.74640993,0.0,0.17774414,-0.244318,7.04694149,-4.38948782,-21.81253275,0.0,14.07987823,-0.70605189,1.21540598
1760624561.027,0.24861537,-0.12280233,0.40769959,-0.0169692,0.94396593,0.00897084,80.0,-7.0,0.0,80.0,1.3962634,0.0,0.0,0.0,80.0,-7.0,0.0,80.0,1.3962634,0.0,0.0,0.0,-6.7868136,-1.19477216,-8.3752722,7.00126986,1.65730144,9.14334944,0.76184598,0.0,0.17342667,-0.24354654,7.01419782,-4.39331609,-21.82353278,0.0,14.07832595,-0.68781273,1.23713875
1760624561.061,0.23225298,-0.12771312,0.41391867,-0.01604312,0.94360067,0.00918911,80.0,-7.0,0.0,80.0,1.3962634,0.0,0.0,0.0,80.0,-7.0,0.0,80.0,1.3962634,0.0,0.0,0.0,-6.61281877,-1.21188027,-8.40522288,6.80906112,1.68169016,9.16426321,0.76698697,0.0,0.19730314,-0.26111865,6.8113951,-4.41843345,-21.8992865,0.0,14.11578822,-0.6678053,1.22977557
1760624561.094,0.22986771,-0.12967543,0.43067924,-0.0154493,0.94350316,0.00896781,80.0,-7.0,0.0,80.0,1.3962634,0.0,0.0,0.0,80.0,-7.0,0.0,80.0,1.3962634,0.0,0.0,0.0,-6.40675695,-1.19971592,-8.31677981,6.59484843,1.65458483,8.98310534,0.75570502,0.0,0.14006517,-0.22905881,6.5711119,-4.40883836,-21.91445655,0.0,14.20724931,-0.64891615,1.22024026
1760624561.127,0.20894583,-0.13398746,0.44143054,-0.01483401,0.94334819,0.00878293,80.0,-7.0,0.0,80.0,1.3962634,0.0,0.0,0.0,80.0,-7.0,0.0,80.0,1.3962634,0.0,0.0,0.0,-6.18231026,-1.15655667,-8.07347525,6.38666608,1.57750888,8.72602864,0.7297289,0.0,0.16274665,-0.24443417,6.34966115,-4.34719961,-21.91090353,0.0,14.36669475,-0.60764478,1.20712576
1760624561.161,0.20276076,-0.13303501,0.46740595,-0.01452908,0.94358849,0.00863478,80.0,-7.0,0.0,80.0,1.3962634,0.0,0.0,0.0,80.0,-7.0,0.0,80.0,1.3962634,0.0,0.0,0.0,-6.21170465,-1.12690152,-8.05682854,6.41306267,1.55816592,8.68429707,0.71694624,0.0,0.15121037,-0.2621433,6.35168934,-4.362421,-21.92778501,0.0,14.36717222,-0.57628452,1.21157956
1760624561.194,0.20510933,-0.13766526,0.47481377,-0.01503343,0.94357825,0.0082249,80.0,-7.0,0.0,80.0,1.3962634,0.0,0.0,0.0,80.0,-7.0,0.0,80.0,1.3962634,0.0,0.0,0.0,-6.25992123,-1.00674142,-7.94685541,6.45260169,1.44201881,8.48145266,0.71223672,0.0,0.13370675,-0.26556375,6.39832857,-4.2874342,-21.96826863,0.0,14.41701523,-0.57265086,1.20537944
1760624561.228,0.2036218,-0.129242,0.48505868,-0.01536284,0.94357188,0.00820497,80.0,-7.0,0.0,80.0,1.3962634,0.0,0.0,0.0,80.0,-7.0,0.0,80.0,1.3962634,0.0,0.0,0.0,-6.25861775,-0.99195936,-7.93558457,6.45617664,1.4297055,8.43447815,0.66079323,0.0,0.1091888,-0.26935466,6.38189963,-4.29644904,-22.00165643,0.0,14.39167668,-0.55627845,1.19023709
1760624561.261,0.19960201,-0.1234323,0.49062193,-0.01534649,0.9435659,0.0081667,80.0,-7.0,0.0,80.0,1.3962634,0.0,0.0,0.0,80.0,-7.0,0.0,80.0,1.3962634,0.0,0.0,0.0,-6.26231418,-0.98137647,-7.925981,6.44574115,1.42145937,8.40830691,0.64816116,0.0,0.10678021,-0.27020943,6.38495397,-4.30881342,-22.03155072,0.0,14.36309088,-0.54934516,1.1878159
1760624561.295,0.20948846,-0.11796506,0.4979112,-0.01469722,0.94374374,0.00815595,80.0,-7.0,0.0,80.0,1.3962634,0.0,0.0,0.0,80.0,-7.0,0.0,80.0,1.3962634,0.0,0.0,0.0,-6.26235642,-0.95292479,-7.91840351,6.45929807,1.39353049,8.3321795,0.6061145,0.0,0.10511403,-0.27706745,6.35579801,-4.31279467,-22.05946454,0.0,14.3420074,-0.51885862,1.20714249
1760624561.328,0.21050269,-0.12191285,0.4805283,-0.01416725,0.94387732,0.00796937,80.0,-7.0,0.0,80.0,1.3962634,0.0,0.0,0.0,80.0,-7.0,0.0,80.0,1.3962634,0.0,0.0,0.0,-6.2780448,-0.83667627,-7.74308466,6.50478086,1.25173848,8.13782137,0.60112224,0.0,0.11432465,-0.27713426,6.40930919,-4.20685297,-22.04186722,0.0,14.40352852,-0.53616206,1.19799456
1760624561.362,0.20850528,-0.12199031,0.47953584,-0.0140412,0.94394237,0.0076667,80.0,-7.0,0.0,80.0,1.3962634,0.0,0.0,0.0,80.0,-7.0,0.0,80.0,1.3962634,0.0,0.0,0.0,-6.09054363,-0.80820471,-7.63981162,6.33989537,1.1711805,8.00824226,0.58201865,0.0,0.13962168,-0.28662429,6.2430442,-4.15783234,-22.03117534,0.0,14.42776022,-0.53662839,1.19973313
1760624561.395,0.2103961,-0.11084661,0.47882986,-0.01427877,0.94389212,0.00779049,80.0,-7.0,0.0,80.0,1.3962634,0.0,0.0,0.0,80.0,-7.0,0.0,80.0,1.3962634,0.0,0.0,0.0,-6.07056938,-0.81741092,-7.63181449,6.34518584,1.15198568,7.94817124,0.55515822,0.0,0.13814409,-0.29896935,6.25805373,-4.16677503,-22.11689143,0.0,14.3419137,-0.53174043,1.22801482
1760624561.428,0.21474066,-0.09887826,0.47150611,-0.01499727,0.94392128,0.00809996,80.0,-7.0,0.0,80.0,1.3962634,0.0,0.0,0.0,80.0,-7.0,0.0,80.0,1.3962634,0.0,0.0,0.0,-6.06720544,-0.82408179,-7.64544752,6.3754034,1.12955066,7.92860901,0.53371117,0.0,0.1439148,-0.32194052,6.28638744,-4.18014685,-22.19167003,0.0,14.26562145,-0.54565186,1.24986902
1760624561.462,0.22332286,-0.10980198,0.49217436,-0.01595926,0.94389287,0.00772514,80.0,-7.0,0.0,80.0,1.3962634,0.0,0.0,0.0,80.0,-7.0,0.0,80.0,1.3962634,0.0,0.0,0.0,-6.2056598,-0.74444647,-7.80159875,6.54108653,1.07280326,8.05589555,0.51591889,0.0,0.16489071,-0.33341958,6.43802183,-4.14295914,-22.29090853,0.0,14.15564091,-0.54420356,1.24928342
1760624561.495,0.21336657,-0.10376674,0.51021339,-0.01582841,0.94373986,0.00796473,80.0,-7.0,0.0,80.0,1.3962634,0.0,0.0,0.0,80.0,-7.0,0.0,80.0,1.3962634,0.0,0.0,0.0,-6.18174329,-0.7539204,-7.80026998,6.55959534,1.05443158,8.04772956,0.50174203,0.0,0.16644205,-0.34064111,6.47164217,-4.1598326,-22.30157539,0.0,14.14481489,-0.52307968,1.28927919
1760624561.562,0.2004322,-0.09538288,0.5285642,-0.01534221,0.94368081,0.00867845,80.0,-7.0,0.0,80.0,1.3962634,0.0,0.0,0.0,80.0,-7.0,0.0,80.0,1.3962634,0.0,0.0,0.0,-6.13199361,-0.76627903,-7.7641197,6.59291951,1.02922575,8.05503301,0.44630837,0.00897374,0.13662055,-0.3398876,6.52049762,-4.1793745,-22.30171587,0.0,14.14796611,-0.54423762,1.32350794
1760624561.595,0.19919964,-0.09355761,0.53978969,-0.01496556,0.94385474,0.0088124,80.0,-7.0,0.0,80.0,1.3962634,0.0,0.0,0.0,80.0,-7.0,0.0,80.0,1.3962634,0.0,0.0,0.0,-5.98461004,-0.79291796,-7.52075794,6.48355789,0.98584514,7.82429141,0.43982432,0.03543583,0.15387782,-0.37772417,6.4393445,-4.15949936,-22.18923257,0.0,14.31329135,-0.55491695,1.33574354
1760624561.629,0.1928231,-0.09588853,0.54381169,-0.01448349,0.94394888,0.00868707,80.0,-7.0,0.0,80.0,1.3962634,0.0,0.0,0.0,80.0,-7.0,0.0,80.0,1.3962634,0.0,0.0,0.0,-5.96752712,-0.797332,-7.52719616,6.50949923,0.98130804,7.79148924,0.45784355,0.05253502,0.16209417,-0.374568,6.46598372,-4.16503531,-22.21125167,0.0,14.29462204,-0.56728497,1.34505934
1760624561.662,0.18019703,-0.10463188,0.56029902,-0.01542828,0.94367652,0.00779374,80.0,-7.0,0.0,80.0,1.3962634,0.0,0.0,0.0,80.0,-7.0,0.0,80.0,1.3962634,0.0,0.0,0.0,-6.0953941,-0.71878356,-7.51320575,6.69324253,0.92187713,7.76826556,0.45373852,0.06207541,0.1290218,-0.35238475,6.64816178,-4.10762131,-22.23436413,0.0,14.31496125,-0.59520458,1.33460408
1760624561.696,0.16666589,-0.10732867,0.56060826,-0.01599474,0.94326019,0.00764267,80.0,-7.0,0.0,80.0,1.3962634,0.0,0.0,0.0,80.0,-7.0,0.0,80.0,1.3962634,0.0,0.0,0.0,-6.08330984,-0.70829609,-7.51962874,6.73690308,0.9323868,7.80467944,0.43382773,0.03853884,0.13102083,-0.3659876,6.67556936,-4.09886802,-22.22031916,0.0,14.3361538,-0.57483025,1.36044362
1760624561.729,0.16847977,-0.11065151,0.56593641,-0.01652036,0.94312841,0.007388,80.0,-7.0,0.0,80.0,1.3962634,0.0,0.0,0.0,80.0,-7.0,0.0,80.0,1.3962634,0.0,0.0,0.0,-6.07340094,-0.70186886,-7.52677978,6.73568434,0.92434674,7.78055624,0.44284692,0.11197647,0.13481169,-0.37273332,6.68504536,-4.07880315,-22.23677902,0.0,14.32648831,-0.56887369,1.39325762
1760624561.763,0.15793266,-0.12395207,0.57812048,-0.01623347,0.94310975,0.00685468,80.0,-7.0,0.0,80.0,1.3962634,0.0,0.0,0.0,80.0,-7.0,0.0,80.0,1.3962634,0.0,0.0,0.0,-6.20520697,-0.60990453,-7.56583455,6.91657155,0.88205537,7.83201507,0.42210548,0.11295308,0.10859814,-0.37290555,6.85891458,-4.00833353,-22.3038183,0.0,14.32204766,-0.59501051,1.39190627
1760624561.796,0.13501602,-0.12610234,0.58452291,-0.01598876,0.94318886,0.00669238,80.0,-7.0,0.0,80.0,1.3962634,0.0,0.0,0.0,80.0,-7.0,0.0,80.0,1.3962634,0.0,0.0,0.0,-6.19775847,-0.60810107,-7.58201925,6.95519927,0.89469613,7.83951894,0.41227208,0.10489021,0.11596754,-0.381188,6.86400317,-4.00266065,-22.28539672,0.0,14.34765229,-0.58758625,1.39546399
1760624561.83,0.11969792,-0.12618042,0.58351984,-0.01592584,0.94317151,0.00663672,80.0,-7.0,0.0,80.0,1.3962634,0.0,0.0,0.0,80.0,-7.0,0.0,80.0,1.3962634,0.0,0.0,0.0,-6.19541459,-0.6029671,-7.60665572,6.99240878,0.90077093,7.78513071,0.40687442,0.17549431,0.10839417,-0.38332042,6.88144037,-3.99590469,-22.30227368,0.0,14.33804155,-0.57252998,1.42846653
1760624561.863,0.13364158,-0.12825932,0.60435728,-0.01628047,0.94345216,0.00657384,80.0,-7.0,0.0,80.0,1.3962634,0.0,0.0,0.0,80.0,-7.0,0.0,80.0,1.3962634,0.0,0.0,0.0,-6.53345507,-0.57449018,-7.59987572,7.34248058,0.93503819,7.77655249,0.38675685,0.14734453,0.06295542,-0.38004377,7.21459255,-4.0133975,-22.35390119,0.0,14.35898709,-0.58402465,1.43676493
1760624561.897,0.12726842,-0.13589343,0.61311243,-0.01571823,0.94357915,0.00647721,80.0,-7.0,0.0,80.0,1.3962634,0.0,0.0,0.0,80.0,-7.0,0.0,80.0,1.3962634,0.0,0.0,0.0,-6.54548954,-0.5679384,-7.57724464,7.37307668,0.95705689,7.77150071,0.36927082,0.14162522,0.06424092,-0.37564244,7.21231525,-4.00313975,-22.35550691,0.0,14.36543318,-0.58633122,1.42014223
1760624561.93,0.12837044,-0.13269888,0.61522105,-0.0161882,0.94374756,0.00652892,80.0,-7.0,0.0,80.0,1.3962634,0.0,0.0,0.0,80.0,-7.0,0.0,80.0,1.3962634,0.0,0.0,0.0,-6.67999766,-0.59046213,-7.47281489,7.49578536,0.99276562,7.58222573,0.38086957,0.22355449,0.0413868,-0.36572806,7.35083156,-4.0204231,-22.359512,0.0,14.43650585,-0.57915397,1.44815712
1760624561.964,0.14105992,-0.13936116,0.62493434,-0.01649062,0.94393416,0.00668902,80.0,-7.0,0.0,80.0,1.3962634,0.0,0.0,0.0,80.0,-7.0,0.0,80.0,1.3962634,0.0,0.0,0.0,-6.69509636,-0.59031928,-7.49441881,7.49526752,1.0245548,7.5475094,0.38018955,0.27358589,0.03831153,-0.33687592,7.33776333,-4.00285047,-22.36248683,0.0,14.43949796,-0.58163711,1.46065057
1760624561.997,0.1549529,-0.14260029,0.6381211,-0.01647399,0.94399503,0.00687086,80.0,-7.0,0.0,80.0,1.3962634,0.0,0.0,0.0,80.0,-7.0,0.0,80.0,1.3962634,0.0,0.0,0.0,-6.71359138,-0.61036009,-7.47689085,7.49148029,1.05834704,7.56799536,0.39350257,0.23613949,0.04724738,-0.33007425,7.32185073,-4.0128191,-22.34563648,0.0,14.46270401,-0.58322947,1.4539894
1760624562.031,0.15554484,-0.13334149,0.63174021,-0.01663082,0.94409072,0.00714135,80.0,-7.0,0.0,80.0,1.3962634,0.0,0.0,0.0,80.0,-7.0,0.0,80.0,1.3962634,0.0,0.0,0.0,-6.94045355,-0.72998805,-7.57873924,7.71776781,1.21227441,7.68517711,0.40170832,0.23676664,0.03819298,-0.35830149,7.50850127,-4.14783559,-22.41217271,0.0,14.41640763,-0.5836206,1.46640827
1760624562.064,0.16483996,-0.14033031,0.64650884,-0.01666714,0.94428406,0.00696778,80.0,-7.0,0.0,80.0,1.3962634,0.0,0.0,0.0,80.0,-7.0,0.0,80.0,1.3962634,0.0,0.0,0.0,-6.95065051,-0.72976579,-7.62239303,7.74253375,1.21703646,7.68037576,0.42185657,0.20602776,0.06095346,-0.35186735,7.47430337,-4.14612637,-22.3920292,0.0,14.439092,-0.5762162,1.47876203
1760624562.097,0.1852638,-0.14252322,0.65373092,-0.01669153,0.94441686,0.0068053,80.0,-7.0,0.0,80.0,1.3962634,0.0,0.0,0.0,80.0,-7.0,0.0,80.0,1.3962634,0.0,0.0,0.0,-6.95331759,-0.73822828,-7.62625244,7.74907046,1.22509421,7.70797491,0.41128138,0.20803954,0.07189105,-0.36469699,7.44125188,-4.15034517,-22.38307797,0.0,14.44932561,-0.57998765,1.46668153
1760624562.131,0.1800736,-0.14578921,0.64745237,-0.01643446,0.94417543,0.00673189,80.0,-7.0,0.0,80.0,1.3962634,0.0,0.0,0.0,80.0,-7.0,0.0,80.0,1.3962634,0.0,0.0,0.0,-6.95884772,-0.74229001,-7.67380148,7.75129805,1.22763945,7.65648797,0.43578123,0.31717101,0.1042846,-0.36382845,7.44919759,-4.15725837,-22.42474072,0.0,14.40721609,-0.58877059,1.45086625
1760624562.164,0.18771595,-0.14509528,0.6729472,-0.01671641,0.94403429,0.00671919,80.0,-7.0,0.0,80.0,1.3962634,0.0,0.0,0.0,80.0,-7.0,0.0,80.0,1.3962634,0.0,0.0,0.0,-7.08692182,-0.7662132,-7.93449819,7.88269045,1.27989229,7.8397526,0.43066627,0.34748713,0.12965453,-0.3636003,7.54921093,-4.21275342,-22.54757508,0.0,14.27156355,-0.58802243,1.44606157
1760624562.198,0.19332122,-0.14511075,0.69465328,-0.01682758,0.94372619,0.00673776,80.0,-7.0,0.0,80.0,1.3962634,0.0,0.0,0.0,80.0,-7.0,0.0,80.0,1.3962634,0.0,0.0,0.0,-7.08855351,-0.77189389,-7.90796856,7.87905062,1.279463,7.89985209,0.41267788,0.25522573,0.11187482,-0.36441275,7.54440862,-4.19821935,-22.530783,0.0,14.28894457,-0.59417191,1.46815369
1760624562.231,0.18930586,-0.14839987,0.68636263,-0.01723326,0.94343813,0.00694684,80.0,-7.0,0.0,80.0,1.3962634,0.0,0.0,0.0,80.0,-7.0,0.0,80.0,1.3962634,0.0,0.0,0.0,-7.08967124,-0.77171379,-7.93092024,7.84800399,1.27107545,7.90467914,0.43460813,0.31827208,0.12070179,-0.35713158,7.54987435,-4.1897349,-22.55937182,0.0,14.26073217,-0.59810945,1.47191572
1760624562.265,0.19202584,-0.15242098,0.70898432,-0.01649142,0.94297805,0.00666831,80.0,-7.0,0.0,80.0,1.3962634,0.0,0.0,0.0,80.0,-7.0,0.0,80.0,1.3962634,0.0,0.0,0.0,-6.98638907,-0.70813767,-8.15510834,7.72256078,1.21195564,8.10496716,0.43410753,0.33017757,0.15439027,-0.33100464,7.42616553,-4.10253111,-22.66319473,0.0,14.16613446,-0.60935619,1.47357975
1760624562.298,0.19159096,-0.15440392,0.71568548,-0.01566873,0.94288774,0.00674491,80.0,-7.0,0.0,80.0,1.3962634,0.0,0.0,0.0,80.0,-7.0,0.0,80.0,1.3962634,0.0,0.0,0.0,-6.98463144,-0.71640932,-8.1594055,7.70181471,1.23448137,8.11201202,0.43243881,0.30581758,0.14365391,-0.32574964,7.44237682,-4.07168768,-22.65539277,0.0,14.17700306,-0.59946824,1.50088508
1760624562.332,0.17059783,-0.1538165,0.72542511,-0.01456591,0.94271867,0.0067867,80.0,-7.0,0.0,80.0,1.3962634,0.0,0.0,0.0,80.0,-7.0,0.0,80.0,1.3962634,0.0,0.0,0.0,-6.81811667,-0.74366157,-8.1797341,7.51795437,1.24206456,8.15783653,0.47243084,0.29229394,0.11461946,-0.29722159,7.2757693,-4.04824835,-22.68443994,0.0,14.19004911,-0.59706355,1.50982263
1760624562.365,0.17380877,-0.15468213,0.72866571,-0.0147057,0.94283042,0.00682518,80.0,-7.0,0.0,80.0,1.3962634,0.0,0.0,0.0,80.0,-7.0,0.0,80.0,1.3962634,0.0,0.0,0.0,-6.84846251,-0.75495945,-8.15148408,7.51195461,1.27060416,8.20868062,0.49001266,0.2121678,0.10303079,-0.27853725,7.26744153,-4.02473812,-22.70014809,0.0,14.17854104,-0.61606075,1.47256865
1760624562.399,0.17499447,-0.1516666,0.74042144,-0.01472177,0.94296995,0.00665371,80.0,-7.0,0.0,80.0,1.3962634,0.0,0.0,0.0,80.0,-7.0,0.0,80.0,1.3962634,0.0,0.0,0.0,-6.87120929,-0.76425582,-8.14183845,7.51291765,1.29062678,8.26490611,0.49714888,0.15262634,0.09206692,-0.26950561,7.25146216,-4.01583907,-22.68886964,0.0,14.19286637,-0.61076898,1.47172159
1760624562.432,0.17286434,-0.14829178,0.75240487,-0.01479387,0.9429903,0.00654862,80.0,-7.0,0.0,80.0,1.3962634,0.0,0.0,0.0,80.0,-7.0,0.0,80.0,1.3962634,0.0,0.0,0.0,-6.90049004,-0.78097236,-8.116872,7.51615518,1.30970642,8.34930146,0.50406402,0.09134091,0.08271911,-0.28069975,7.219098,-4.00606354,-22.65501922,0.0,14.23042422,-0.59067387,1.47135951
1760624562.465,0.16673676,-0.14353548,0.75779422,-0.01475672,0.94316823,0.00646122,80.0,-7.0,0.0,80.0,1.3962634,0.0,0.0,0.0,80.0,-7.0,0.0,80.0,1.3962634,0.0,0.0,0.0,-6.91328594,-0.80044396,-8.13673281,7.52792917,1.33105335,8.31185084,0.50447537,0.15749331,0.08399614,-0.28710459,7.18699202,-3.99468221,-22.67969104,0.0,14.20834436,-0.60717055,1.44461232
1760624562.499,0.16235617,-0.14046646,0.79337807,-0.0147222,0.94316865,0.00629961,80.0,-7.0,0.0,80.0,1.3962634,0.0,0.0,0.0,80.0,-7.0,0.0,80.0,1.3962634,0.0,0.0,0.0,-6.90654744,-0.82163818,-8.16152789,7.52953386,1.34911668,8.28376468,0.49386516,0.11993155,0.06488094,-0.27997419,7.14816858,-3.99471344,-22.66530128,0.0,14.22505889,-0.60090411,1.42988156
1760624562.532,0.15579921,-0.13484855,0.81122315,-0.01491659,0.94311558,0.0065259,80.0,-7.0,0.0,80.0,1.3962634,0.0,0.0,0.0,80.0,-7.0,0.0,80.0,1.3962634,0.0,0.0,0.0,-6.7204871,-0.9261433,-8.13618057,7.31966521,1.42485447,8.20687201,0.49213819,0.15461031,0.08870372,-0.28390134,6.91801516,-4.05623638,-22.63020335,0.0,14.27715106,-0.59739009,1.44003389
1760624562.566,0.16429579,-0.1339034,0.83722089,-0.01514381,0.94299947,0.00643077,80.0,-7.0,0.0,80.0,1.3962634,0.0,0.0,0.0,80.0,-7.0,0.0,80.0,1.3962634,0.0,0.0,0.0,-6.73624064,-0.92903387,-8.14823546,7.29368965,1.41526858,8.17870308,0.52456956,0.1167296,0.09860839,-0.27640187,6.92755207,-4.04579416,-22.65333579,0.0,14.25619689,-0.59497844,1.44189978
1760624562.599,0.17175047,-0.12953211,0.84423427,-0.01531428,0.94287932,0.0062935,80.0,-7.0,0.0,80.0,1.3962634,0.0,0.0,0.0,80.0,-7.0,0.0,80.0,1.3962634,0.0,0.0,0.0,-6.74258783,-0.92431892,-8.14262896,7.28140049,1.40897664,8.19929761,0.51689247,0.07729725,0.08637231,-0.26069851,6.92671819,-4.03233784,-22.67062285,0.0,14.24020483,-0.60288637,1.42886493
1760624562.633,0.16956518,-0.12869167,0.84381061,-0.01543939,0.94279096,0.00648891,80.0,-7.0,0.0,80.0,1.3962634,0.0,0.0,0.0,80.0,-7.0,0.0,80.0,1.3962634,0.0,0.0,0.0,-6.75084482,-0.91787325,-8.14376308,7.25950598,1.4015265,8.23516314,0.54762309,0.0671135,0.10542579,-0.25389348,6.94253238,-4.02487376,-22.66684399,0.0,14.245332,-0.5818992,1.45019566
1760624562.666,0.17401712,-0.1324835,0.8380566,-0.01565932,0.94281885,0.00663621,80.0,-7.0,0.0,80.0,1.3962634,0.0,0.0,0.0,80.0,-7.0,0.0,80.0,1.3962634,0.0,0.0,0.0,-6.76130245,-0.90876533,-8.13923116,7.24179036,1.39153923,8.29883167,0.58165759,0.034615,0.12227316,-0.25346134,6.94480977,-4.01804601,-22.66001594,0.0,14.25313764,-0.56772642,1.46058279
1760624562.699,0.1736143,-0.13673024,0.8397743,-0.01575074,0.94278676,0.00658422,80.0,-7.0,0.0,80.0,1.3962634,0.0,0.0,0.0,80.0,-7.0,0.0,80.0,1.3962634,0.0,0.0,0.0,-6.67515697,-0.83932655,-8.25427483,7.14588032,1.34079747,8.42573359,0.59323705,0.0753183,0.13118002,-0.24555195,6.84503141,-3.94415151,-22.7105301,0.0,14.21492812,-0.55613258,1.4524579
1760624562.733,0.1836481,-0.1390349,0.8181324,-0.01564469,0.94271582,0.00638462,80.0,-7.0,0.0,80.0,1.3962634,0.0,0.0,0.0,80.0,-7.0,0.0,80.0,1.3962634,0.0,0.0,0.0,-6.65933576,-0.84374631,-8.18421554,7.11863772,1.33337255,8.52196523,0.60853852,0.0,0.14492191,-0.26016492,6.80574636,-3.92433324,-22.66796497,0.0,14.25929849,-0.54873604,1.47997906
1760624562.833,0.21014938,-0.15910145,0.84134229,-0.01568729,0.94267099,0.00666747,80.0,-7.0,0.0,80.0,1.3962634,0.0,0.0,0.0,80.0,-7.0,0.0,80.0,1.3962634,0.0,0.0,0.0,-6.66626459,-0.84988199,-8.19597026,7.11258171,1.321336,8.57084176,0.64507432,0.0,0.1592653,-0.26009133,6.78770348,-3.91230454,-22.62093756,0.0,14.3052941,-0.55152953,1.46082215
1760624562.867,0.21280292,-0.16718306,0.84651274,-0.01518008,0.94258164,0.0061955,80.0,-7.0,0.0,80.0,1.3962634,0.0,0.0,0.0,80.0,-7.0,0.0,80.0,1.3962634,0.0,0.0,0.0,-6.55380933,-0.79977681,-8.17680142,6.99325588,1.2525246,8.62276125,0.64893008,0.0,0.15777565,-0.25307235,6.69882942,-3.84599641,-22.5882026,0.0,14.32889073,-0.5533552,1.46440567
1760624562.9,0.21444198,-0.17386885,0.85255783,-0.01525242,0.9426555,0.00616999,80.0,-7.0,0.0,80.0,1.3962634,0.0,0.0,0.0,80.0,-7.0,0.0,80.0,1.3962634,0.0,0.0,0.0,-6.52689568,-0.80712028,-8.18809051,6.95889331,1.26743456,8.61695867,0.64859566,0.0,0.14437696,-0.23416129,6.71127163,-3.85775569,-22.5899547,0.0,14.32455179,-0.55895504,1.460541
1760624562.934,0.21848145,-0.17615743,0.8662835,-0.01521787,0.94272861,0.00627962,80.0,-7.0,0.0,80.0,1.3962634,0.0,0.0,0.0,80.0,-7.0,0.0,80.0,1.3962634,0.0,0.0,0.0,-6.51805638,-0.81031138,-8.17118379,6.93332054,1.28107371,8.64363828,0.65022749,0.0,0.14696775,-0.23131846,6.72540907,-3.85733558,-22.58148466,0.0,14.33300081,-0.54610673,1.47039772
1760624562.967,0.21438668,-0.17842572,0.86187438,-0.0139766,0.9425656,0.00644748,80.0,-7.0,0.0,80.0,1.3962634,0.0,0.0,0.0,80.0,-7.0,0.0,80.0,1.3962634,0.0,0.0,0.0,-6.33165779,-0.94386065,-8.13148607,6.7186055,1.40319727,8.64868974,0.67364587,0.0,0.14854946,-0.24723175,6.54353529,-3.97948911,-22.55856794,0.0,14.33228063,-0.5276753,1.48163135
1760624563.001,0.21252569,-0.18764113,0.87497869,-0.01361077,0.94272414,0.00609647,80.0,-7.0,0.0,80.0,1.3962634,0.0,0.0,0.0,80.0,-7.0,0.0,80.0,1.3962634,0.0,0.0,0.0,-6.32232451,-0.93240077,-8.13954647,6.71009534,1.42554994,8.61790412,0.67687162,0.0,0.14939646,-0.24328278,6.54825659,-3.97257906,-22.5606888,0.0,14.32894307,-0.52928471,1.47636586
1760624563.034,0.19044012,-0.19810803,0.8774509,-0.01360757,0.94279901,0.00596172,80.0,-7.0,0.0,80.0,1.3962634,0.0,0.0,0.0,80.0,-7.0,0.0,80.0,1.3962634,0.0,0.0,0.0,-6.29855172,-0.92377668,-8.11982299,6.70019623,1.45398882,8.61987291,0.68583343,0.0,0.14970326,-0.23602395,6.53925444,-3.97985284,-22.53034939,0.0,14.35604725,-0.50405323,1.48546835
1760624563.067,0.19352228,-0.19703768,0.88239709,-0.01409118,0.94248661,0.00602174,80.0,-7.0,0.0,80.0,1.3962634,0.0,0.0,0.0,80.0,-7.0,0.0,80.0,1.3962634,0.0,0.0,0.0,-6.3021373,-0.92326717,-8.11427674,6.69417865,1.46363097,8.62326288,0.68435731,0.0,0.15012535,-0.23630926,6.53647333,-3.9725934,-22.53087364,0.0,14.35561174,-0.50416289,1.49067914
1760624563.101,0.20153169,-0.20482091,0.89140323,-0.01498135,0.94248762,0.00609929,80.0,-7.0,0.0,80.0,1.3962634,0.0,0.0,0.0,80.0,-7.0,0.0,80.0,1.3962634,0.0,0.0,0.0,-6.37493423,-0.97822506,-8.16758332,6.74382375,1.55218777,8.67412355,0.67676055,0.0,0.16158729,-0.26201519,6.57092938,-4.04861239,-22.56037317,0.0,14.2955575,-0.50264204,1.49447588
1760624563.134,0.20769423,-0.21037996,0.90244322,-0.01494285,0.9423475,0.00601601,80.0,-7.0,0.0,80.0,1.3962634,0.0,0.0,0.0,80.0,-7.0,0.0,80.0,1.3962634,0.0,0.0,0.0,-6.39103841,-0.97513739,-8.19239785,6.7573115,1.54131749,8.64624733,0.68095874,0.0,0.16796681,-0.27063476,6.55031872,-4.05816327,-22.57492668,0.0,14.27668918,-0.50699545,1.46663102
1760624563.168,0.20554785,-0.21144184,0.88790116,-0.01447114,0.94228286,0.00598175,80.0,-7.0,0.0,80.0,1.3962634,0.0,0.0,0.0,80.0,-7.0,0.0,80.0,1.3962634,0.0,0.0,0.0,-6.3948925,-0.97721731,-8.21299949,6.77468601,1.53072683,8.61600846,0.68223599,0.0,0.17083821,-0.27590791,6.53385059,-4.06388781,-22.58575058,0.0,14.26451191,-0.51374049,1.46534149
1760624563.201,0.19756872,-0.20733013,0.90182857,-0.01399529,0.94226655,0.00572782,80.0,-7.0,0.0,80.0,1.3962634,0.0,0.0,0.0,80.0,-7.0,0.0,80.0,1.3962634,0.0,0.0,0.0,-6.39972626,-0.97527559,-8.23534345,6.79972889,1.51861128,8.59910919,0.66413594,0.0,0.18033171,-0.29770762,6.5146908,-4.0640695,-22.58768588,0.0,14.25925106,-0.54382765,1.44084831
1760624563.235,0.19796289,-0.20122996,0.92303761,-0.01390629,0.94240089,0.00570503,80.0,-7.0,0.0,80.0,1.3962634,0.0,0.0,0.0,80.0,-7.0,0.0,80.0,1.3962634,0.0,0.0,0.0,-6.42041923,-0.96773815,-8.24225182,6.76969361,1.49752393,8.61501046,0.68298812,0.0,0.1727686,-0.27788451,6.50333153,-4.06135728,-22.57498808,0.0,14.26903569,-0.58503632,1.38221675
1760624563.268,0.21129812,-0.18877694,0.93040538,-0.01399512,0.94252623,0.0058414,80.0,-7.0,0.0,80.0,1.3962634,0.0,0.0,0.0,80.0,-7.0,0.0,80.0,1.3962634,0.0,0.0,0.0,-6.42878291,-0.96584145,-8.21127418,6.72747898,1.4847132,8.67461748,0.6748517,0.0,0.14882193,-0.25810242,6.48843161,-4.04942231,-22.56386494,0.0,14.27808999,-0.60596289,1.35517011
1760624563.302,0.19136444,-0.18009889,0.95170507,-0.01428687,0.94244037,0.00588759,80.0,-7.0,0.0,80.0,1.3962634,0.0,0.0,0.0,80.0,-7.0,0.0,80.0,1.3962634,0.0,0.0,0.0,-6.41956315,-0.96312928,-8.20547146,6.70756664,1.47233627,8.68967268,0.67531503,0.0,0.13974685,-0.25086882,6.50633215,-4.04704855,-22.5660928,0.0,14.27478999,-0.58534728,1.36520616
1760624563.335,0.18034203,-0.17073786,0.97105739,-0.0142111,0.94238814,0.00613963,80.0,-7.0,0.0,80.0,1.3962634,0.0,0.0,0.0,80.0,-7.0,0.0,80.0,1.3962634,0.0,0.0,0.0,-6.42180816,-0.97031506,-8.16619255,6.67663827,1.46843798,8.75718901,0.67540721,0.0,0.14259919,-0.25148956,6.53344156,-4.04329204,-22.55227903,0.0,14.28821187,-0.54547658,1.40217287
1760624563.368,0.18065169,-0.16710868,0.97732638,-0.01422025,0.94245177,0.00643796,80.0,-7.0,0.0,80.0,1.3962634,0.0,0.0,0.0,80.0,-7.0,0.0,80.0,1.3962634,0.0,0.0,0.0,-6.42386629,-0.97172288,-8.16283102,6.65787208,1.46796814,8.7690915,0.66289235,0.0,0.14268275,-0.24750147,6.55006945,-4.04421906,-22.5476341,0.0,14.29288544,-0.53915793,1.40391298
1760624563.402,0.18238159,-0.15736112,0.97624335,-0.01481615,0.94281276,0.00653967,80.0,-7.0,0.0,80.0,1.3962634,0.0,0.0,0.0,80.0,-7.0,0.0,80.0,1.3962634,0.0,0.0,0.0,-6.41563797,-1.0047158,-8.15726747,6.64069783,1.47499554,8.84207532,0.62892987,0.0,0.12555789,-0.2051562,6.53377194,-4.07007378,-22.51211999,0.0,14.32478787,-0.54325126,1.39326919
1760624563.435,0.17760505,-0.15304209,0.98843684,-0.015112,0.94300537,0.00672413,80.0,-7.0,0.0,80.0,1.3962634,0.0,0.0,0.0,80.0,-7.0,0.0,80.0,1.3962634,0.0,0.0,0.0,-6.42462554,-1.0253427,-8.19526579,6.64456937,1.48392961,8.93598345,0.60732962,0.0,0.13666186,-0.19372188,6.48869893,-4.12041958,-22.39789376,0.0,14.43405608,-0.45913635,1.42768834
1760624563.469,0.17593234,-0.15131718,0.98652106,-0.01482934,0.94288875,0.00697442,80.0,-7.0,0.0,80.0,1.3962634,0.0,0.0,0.0,80.0,-7.0,0.0,80.0,1.3962634,0.0,0.0,0.0,-6.37719124,-1.14465552,-8.30586431,6.62987151,1.59145082,8.97858059,0.57601455,0.02555157,0.12143303,-0.17663944,6.3540773,-4.25301141,-22.31350372,0.0,14.50384499,-0.41597835,1.45122419
1760624563.502,0.17069213,-0.15526713,0.98602098,-0.01454694,0.9427041,0.00691934,80.0,-7.0,0.0,80.0,1.3962634,0.0,0.0,0.0,80.0,-7.0,0.0,80.0,1.3962634,0.0,0.0,0.0,-6.37967807,-1.14539537,-8.36628149,6.67544951,1.59218841,8.96018356,0.54872986,0.08731397,0.10739056,-0.18484624,6.27826169,-4.25306751,-22.27316927,0.0,14.54180194,-0.40819134,1.43176078
1760624563.536,0.16988711,-0.15884702,0.99266004,-0.01427281,0.94275984,0.00689884,80.0,-7.0,0.0,80.0,1.3962634,0.0,0.0,0.0,80.0,-7.0,0.0,80.0,1.3962634,0.0,0.0,0.0,-6.39752906,-1.1556514,-8.38663244,6.72451803,1.60791018,9.04421877,0.5371636,0.02112342,0.11263385,-0.20631229,6.19400968,-4.23229635,-22.17018615,0.0,14.6436735,-0.42059582,1.41280066
1760624563.569,0.16965395,-0.1623615,0.9965315,-0.01454492,0.94291977,0.00673663,80.0,-7.0,0.0,80.0,1.3962634,0.0,0.0,0.0,80.0,-7.0,0.0,80.0,1.3962634,0.0,0.0,0.0,-6.4035006,-1.16870948,-8.44521033,6.75053244,1.62926806,9.01655223,0.53901047,0.09701215,0.13564775,-0.22561175,6.1716193,-4.20824007,-22.13411651,0.0,14.68033074,-0.41048232,1.44684629
1760624563.603,0.15907728,-0.1694617,0.9941579,-0.01470723,0.94286534,0.00673487,80.0,-7.0,0.0,80.0,1.3962634,0.0,0.0,0.0,80.0,-7.0,0.0,80.0,1.3962634,0.0,0.0,0.0,-6.3941898,-1.18158413,-8.46857463,6.77810388,1.65324641,8.99248637,0.53115605,0.14593442,0.12349304,-0.22357147,6.18812477,-4.18746049,-22.12854641,0.0,14.68776066,-0.4143015,1.46359471
1760624563.636,0.15867776,-0.17316754,1.00765866,-0.01462858,0.94257771,0.00657279,80.0,-7.0,0.0,80.0,1.3962634,0.0,0.0,0.0,80.0,-7.0,0.0,80.0,1.3962634,0.0,0.0,0.0,-6.40088325,-1.17911022,-8.45936554,6.78121324,1.66571079,9.01927045,0.52242182,0.1398185,0.13976286,-0.22469986,6.21972735,-4.18969929,-22.08960993,0.0,14.72852046,-0.40748409,1.49599783
1760624563.67,0.1548756,-0.17020687,1.01417663,-0.01479476,0.94238397,0.00640048,80.0,-7.0,0.0,80.0,1.3962634,0.0,0.0,0.0,80.0,-7.0,0.0,80.0,1.3962634,0.0,0.0,0.0,-6.37247238,-1.1820444,-8.46230313,6.77590356,1.65211083,8.95048697,0.51455497,0.17775594,0.17441784,-0.22524882,6.28193132,-4.19438561,-22.13175787,0.0,14.68843363,-0.39937372,1.53234652
1760624563.703,0.14452736,-0.17301681,1.02754045,-0.01492668,0.94229967,0.00647832,80.0,-7.0,0.0,80.0,1.3962634,0.0,0.0,0.0,80.0,-7.0,0.0,80.0,1.3962634,0.0,0.0,0.0,-6.28556339,-1.18200205,-8.41576575,6.76893164,1.62388346,8.9047938,0.4657588,0.15849528,0.185747,-0.19510026,6.41660136,-4.22527432,-22.20640836,0.0,14.61698261,-0.4021581,1.56247671
1760624563.736,0.14266125,-0.17258209,1.04032988,-0.01555337,0.94245836,0.00673773,80.0,-7.0,0.0,80.0,1.3962634,0.0,0.0,0.0,80.0,-7.0,0.0,80.0,1.3962634,0.0,0.0,0.0,-6.3306035,-1.20374431,-8.35412986,6.93878498,1.58739545,8.77237456,0.42161985,0.08153799,0.21555915,-0.16764001,6.65384012,-4.30435707,-22.14614384,0.0,14.70033661,-0.34840829,1.63142734
1760624563.77,0.14696976,-0.1784761,1.04593042,-0.01577484,0.94241472,0.00696853,80.0,-7.0,0.0,80.0,1.3962634,0.0,0.0,0.0,80.0,-7.0,0.0,80.0,1.3962634,0.0,0.0,0.0,-6.28023058,-1.18940976,-8.47589013,6.9924912,1.49056196,8.64092822,0.39396938,0.29067699,0.2340768,-0.17121593,6.64407627,-4.39721196,-22.09943584,0.0,14.74809251,-0.2376959,1.75234516
1760624563.803,0.15254203,-0.18151355,1.03629522,-0.01692515,0.94251197,0.00716398,80.0,-7.0,0.0,80.0,1.3962634,0.0,0.0,0.0,80.0,-7.0,0.0,80.0,1.3962634,0.0,0.0,0.0,-6.26538258,-1.17014101,-8.46528165,7.05632298,1.38295765,8.64013631,0.37471631,0.36123127,0.26030034,-0.20579998,6.56598462,-4.52648792,-22.09959458,0.0,14.74067169,-0.21795311,1.71287794
1760624563.837,0.16069557,-0.19241797,1.03069802,-0.01752662,0.94240325,0.00733667,80.0,-7.0,0.0,80.0,1.3962634,0.0,0.0,0.0,80.0,-7.0,0.0,80.0,1.3962634,0.0,0.0,0.0,-6.26398158,-1.14134102,-8.443176,7.103425,1.31537448,8.59163769,0.33837251,0.43275477,0.25919474,-0.21340089,6.48486228,-4.61225909,-22.15608977,0.0,14.67846768,-0.21232429,1.62780015
1760624563.87,0.15505566,-0.19570982,1.0285135,-0.01756138,0.9422205,0.00713241,80.0,-7.0,0.0,80.0,1.3962634,0.0,0.0,0.0,80.0,-7.0,0.0,80.0,1.3962634,0.0,0.0,0.0,-6.24847651,-1.09905792,-8.41408935,7.14511108,1.25215109,8.55919295,0.32462061,0.43175744,0.25453828,-0.21412372,6.43060581,-4.64793171,-22.19428368,0.0,14.63768504,-0.16451691,1.63022147
1760624563.904,0.14214854,-0.21228338,1.03901736,-0.01720742,0.94199147,0.00647293,80.0,-7.0,0.0,80.0,1.3962634,0.0,0.0,0.0,80.0,-7.0,0.0,80.0,1.3962634,0.0,0.0,0.0,-6.24107309,-0.93039116,-8.3325275,7.19348258,1.10045883,8.4324587,0.33165205,0.47301004,0.2891546,-0.2385707,6.44224731,-4.52438993,-22.24562193,0.0,14.59535534,-0.15931458,1.62490111
1760624563.937,0.13748894,-0.21878531,1.04834743,-0.01696852,0.94192479,0.00642751,80.0,-7.0,0.0,80.0,1.3962634,0.0,0.0,0.0,80.0,-7.0,0.0,80.0,1.3962634,0.0,0.0,0.0,-6.2721528,-0.88992525,-8.25015401,7.23669615,1.11746687,8.39867509,0.34781584,0.40499312,0.26111881,-0.28026705,6.45518748,-4.48380371,-22.26640008,0.0,14.58612695,-0.16647443,1.62810585
1760624564.004,0.13550588,-0.22793081,1.11378599,-0.01628705,0.94206256,0.00609582,80.0,-7.0,0.0,80.0,1.3962634,0.0,0.0,0.0,80.0,-7.0,0.0,80.0,1.3962634,0.0,0.0,0.0,-6.28731009,-0.75713878,-8.11943992,7.27218162,1.1154871,8.26341145,0.40392446,0.41404131,0.27088723,-0.37585491,6.48051167,-4.30328694,-22.2602406,0.0,14.651019,-0.17177815,1.67370979
1760624564.037,0.14771219,-0.22871455,1.1369949,-0.01616556,0.94230178,0.00586832,80.0,-7.0,0.0,80.0,1.3962634,0.0,0.0,0.0,80.0,-7.0,0.0,80.0,1.3962634,0.0,0.0,0.0,-6.30457088,-0.75761771,-8.11415884,7.27539917,1.15896975,8.2826909,0.43762541,0.35934412,0.26431046,-0.38493956,6.488471,-4.29315137,-22.24513199,0.0,14.67177134,-0.17970869,1.6818901
1760624564.071,0.16408203,-0.22058721,1.14598025,-0.0166974,0.94233277,0.0059124,80.0,-7.0,0.0,80.0,1.3962634,0.0,0.0,0.0,80.0,-7.0,0.0,80.0,1.3962634,0.0,0.0,0.0,-6.40898207,-0.8049754,-8.1447249,7.34451748,1.25264435,8.3219478,0.47051322,0.36937925,0.20968797,-0.39688006,6.56509727,-4.35061793,-22.24324892,0.0,14.70179273,-0.17955664,1.69005189
1760624564.104,0.17043865,-0.22155545,1.15164393,-0.01563973,0.94193833,0.00567982,80.0,-7.0,0.0,80.0,1.3962634,0.0,0.0,0.0,80.0,-7.0,0.0,80.0,1.3962634,0.0,0.0,0.0,-6.40531556,-0.7963311,-8.16015338,7.32234661,1.24909983,8.27601606,0.49713835,0.44936171,0.23763586,-0.39614906,6.59372463,-4.34650147,-22.25631662,0.0,14.69727133,-0.15280685,1.70501777
1760624564.138,0.17452549,-0.22015371,1.1553291,-0.01494415,0.94184145,0.00558388,80.0,-7.0,0.0,80.0,1.3962634,0.0,0.0,0.0,80.0,-7.0,0.0,80.0,1.3962634,0.0,0.0,0.0,-6.40124311,-0.7913269,-8.15198409,7.30515191,1.24940822,8.28578277,0.48709764,0.45648869,0.22978507,-0.3915213,6.61611883,-4.34642901,-22.24756184,0.0,14.70932426,-0.14145291,1.71111191
1760624564.171,0.1773501,-0.22415543,1.14830515,-0.01487913,0.94195909,0.00577646,80.0,-7.0,0.0,80.0,1.3962634,0.0,0.0,0.0,80.0,-7.0,0.0,80.0,1.3962634,0.0,0.0,0.0,-6.17233377,-0.78733567,-8.03088588,7.05668673,1.20039964,8.25613036,0.48914662,0.4104835,0.18966564,-0.3730316,6.41130371,-4.32225128,-22.23131083,0.0,14.83065306,-0.12406609,1.73582346
1760624564.205,0.18511714,-0.22290424,1.12729375,-0.01450112,0.94201519,0.00577593,80.0,-7.0,0.0,80.0,1.3962634,0.0,0.0,0.0,80.0,-7.0,0.0,80.0,1.3962634,0.0,0.0,0.0,-6.15819672,-0.79550803,-8.05323081,7.03057422,1.19616932,8.22922518,0.48049449,0.49720177,0.19890732,-0.35812486,6.43189121,-4.33687711,-22.24293913,0.0,14.82930265,-0.10396702,1.76044688
1760624564.238,0.18778932,-0.21969558,1.13529064,-0.01437503,0.94208384,0.00565739,80.0,-7.0,0.0,80.0,1.3962634,0.0,0.0,0.0,80.0,-7.0,0.0,80.0,1.3962634,0.0,0.0,0.0,-6.15052707,-0.81053627,-8.05956695,7.00195296,1.19213291,8.23144649,0.50410597,0.46531637,0.25086347,-0.37697761,6.43882987,-4.33814688,-22.24659219,0.0,14.83636937,-0.09928772,1.78021674
1760624564.272,0.18013141,-0.22071605,1.11822239,-0.01425619,0.94203509,0.00575041,80.0,-7.0,0.0,80.0,1.3962634,0.0,0.0,0.0,80.0,-7.0,0.0,80.0,1.3962634,0.0,0.0,0.0,-5.94582861,-0.83903762,-8.10183806,6.80711775,1.1919325,8.2274389,0.50762313,0.45254503,0.29114977,-0.38486017,6.24051494,-4.33697578,-22.32644202,0.0,14.87037201,-0.09358116,1.7759582
1760624564.305,0.17816273,-0.21330726,1.11881323,-0.01458832,0.94215661,0.00561732,80.0,-7.0,0.0,80.0,1.3962634,0.0,0.0,0.0,80.0,-7.0,0.0,80.0,1.3962634,0.0,0.0,0.0,-5.9369177,-0.8502267,-8.09604031,6.81388251,1.19683179,8.27700158,0.50866393,0.38214992,0.27714905,-0.37800693,6.25013514,-4.3071716,-22.30616782,0.0,14.90237913,-0.09238323,1.80439826
1760624564.339,0.18726606,-0.20692597,1.11191874,-0.01456498,0.94220552,0.00570223,80.0,-7.0,0.0,80.0,1.3962634,0.0,0.0,0.0,80.0,-7.0,0.0,80.0,1.3962634,0.0,0.0,0.0,-5.94398819,-0.85491486,-8.08149167,6.79719134,1.18140498,8.343987,0.53428926,0.37507228,0.29735847,-0.37618571,6.23825231,-4.2732361,-22.28112412,0.0,14.94204372,-0.09064469,1.82714936
1760624564.372,0.17853892,-0.21486791,1.12445835,-0.01438148,0.94235338,0.00552622,80.0,-7.0,0.0,80.0,1.3962634,0.0,0.0,0.0,80.0,-7.0,0.0,80.0,1.3962634,0.0,0.0,0.0,-5.88678385,-0.7908115,-8.18172358,6.75935211,1.12492543,8.48175283,0.55592096,0.3650977,0.32083486,-0.38582674,6.16877294,-4.17404201,-22.36653657,0.0,14.97771129,-0.09640948,1.82190444
1760624564.406,0.17178027,-0.21124582,1.13568028,-0.01442473,0.94238766,0.00559459,80.0,-7.0,0.0,80.0,1.3962634,0.0,0.0,0.0,80.0,-7.0,0.0,80.0,1.3962634,0.0,0.0,0.0,-5.8853026,-0.82678084,-8.17867277,6.77134691,1.15237461,8.51367601,0.58170078,0.28052053,0.29947857,-0.35463138,6.16659777,-4.11976621,-22.37957703,0.0,14.97863217,-0.13724871,1.79191097
1760624564.439,0.17283836,-0.20634239,1.15020023,-0.01497801,0.94234526,0.00539394,80.0,-7.0,0.0,80.0,1.3962634,0.0,0.0,0.0,80.0,-7.0,0.0,80.0,1.3962634,0.0,0.0,0.0,-5.70241058,-0.84621791,-8.45007867,6.5838144,1.17806819,8.8812367,0.59989016,0.1516637,0.2947091,-0.35690741,5.97896814,-4.04947602,-22.62353402,0.0,14.86340173,-0.16081678,1.79494612
1760624564.472,0.18256433,-0.20484134,1.16129813,-0.01533781,0.94224932,0.00539388,80.0,-7.0,0.0,80.0,1.3962634,0.0,0.0,0.0,80.0,-7.0,0.0,80.0,1.3962634,0.0,0.0,0.0,-5.49260903,-0.88924978,-8.49010776,6.34792165,1.18968714,8.94507967,0.62069493,0.06091721,0.28761206,-0.33445481,5.79846503,-3.96608121,-22.80489461,0.0,14.82191448,-0.16663919,1.81318508
1760624564.506,0.1753564,-0.20263927,1.17806229,-0.01554744,0.94210925,0.00557683,80.0,-7.0,0.0,80.0,1.3962634,0.0,0.0,0.0,80.0,-7.0,0.0,80.0,1.3962634,0.0,0.0,0.0,-5.48954247,-0.92245635,-8.49761633,6.35648813,1.22777152,8.91296124,0.61193781,0.0,0.25902151,-0.31137036,5.80890663,-3.90862302,-22.85393994,0.0,14.78980248,-0.19934917,1.80737008
1760624564.539,0.16795383,-0.19583996,1.19648451,-0.01547922,0.94195857,0.00538161,80.0,-7.0,0.0,80.0,1.3962634,0.0,0.0,0.0,80.0,-7.0,0.0,80.0,1.3962634,0.0,0.0,0.0,-5.48871753,-0.94601686,-8.52114085,6.36640613,1.25376759,8.90825437,0.60570191,0.0,0.22752045,-0.28867212,5.83058009,-3.88747529,-22.86879788,0.0,14.7907476,-0.20168298,1.80902909
1760624564.573,0.15553134,-0.19040324,1.20071735,-0.01535624,0.94185394,0.00551408,80.0,-7.0,0.0,80.0,1.3962634,0.0,0.0,0.0,80.0,-7.0,0.0,80.0,1.3962634,0.0,0.0,0.0,-5.50545221,-0.95569819,-8.54027952,6.36019092,1.26683334,8.91729952,0.63287733,0.0,0.25677225,-0.30088223,5.85356857,-3.88761369,-22.85423275,0.0,14.81722362,-0.17771154,1.83828577
1760624564.606,0.14799473,-0.18327417,1.20467313,-0.01555745,0.94179793,0.00521207,80.0,-7.0,0.0,80.0,1.3962634,0.0,0.0,0.0,80.0,-7.0,0.0,80.0,1.3962634,0.0,0.0,0.0,-5.6419234,-0.97051826,-8.52752385,6.48120853,1.31048877,8.91354137,0.6227051,0.0,0.28776154,-0.30463162,5.99766262,-3.92613614,-22.9194685,0.0,14.87593441,-0.17671593,1.83275223
1760624564.639,0.15146725,-0.17534072,1.20309556,-0.01583837,0.94209284,0.00514526,80.0,-7.0,0.0,80.0,1.3962634,0.0,0.0,0.0,80.0,-7.0,0.0,80.0,1.3962634,0.0,0.0,0.0,-5.65134234,-0.96915228,-8.51589372,6.47618436,1.31520412,8.93088088,0.61232388,0.0,0.26123384,-0.28903682,6.00000223,-3.93419243,-22.92472603,0.0,14.87938248,-0.19325646,1.79856669
1760624564.673,0.15733141,-0.16765861,1.20890192,-0.01600787,0.94221296,0.00529099,80.0,-7.0,0.0,80.0,1.3962634,0.0,0.0,0.0,80.0,-7.0,0.0,80.0,1.3962634,0.0,0.0,0.0,-5.67302502,-0.96348238,-8.53117291,6.45758228,1.31945746,8.91010535,0.63443264,0.0,0.26022022,-0.27489207,6.01231195,-3.94875901,-22.92267445,0.0,14.89058503,-0.17326123,1.80212559
1760624564.706,0.1553915,-0.16131673,1.19638578,-0.0162677,0.9422768,0.00561006,80.0,-7.0,0.0,80.0,1.3962634,0.0,0.0,0.0,80.0,-7.0,0.0,80.0,1.3962634,0.0,0.0,0.0,-5.68309014,-0.9684071,-8.51352431,6.45898055,1.33672081,8.90202465,0.62184772,0.0,0.24283329,-0.26124896,6.03938162,-3.95642816,-22.93829845,0.0,14.88586532,-0.16832847,1.81675878
1760624564.74,0.16043313,-0.15777981,1.19691424,-0.01647405,0.94225283,0.00570683,80.0,-7.0,0.0,80.0,1.3962634,0.0,0.0,0.0,80.0,-7.0,0.0,80.0,1.3962634,0.0,0.0,0.0,-5.68093158,-0.96554888,-8.50677392,6.45176849,1.34177195,8.88775802,0.61260815,0.0,0.23633239,-0.26085418,6.05331397,-3.95603858,-22.95641297,0.0,14.8700364,-0.1650748,1.81646505
1760624564.774,0.17749689,-0.16525563,1.18841985,-0.01691088,0.94214926,0.00580218,80.0,-7.0,0.0,80.0,1.3962634,0.0,0.0,0.0,80.0,-7.0,0.0,80.0,1.3962634,0.0,0.0,0.0,-5.80911696,-0.91860184,-8.42879364,6.60013996,1.32113763,8.78814236,0.60550934,0.0,0.21725364,-0.26369278,6.18561221,-3.94010751,-22.95804056,0.0,14.98543507,-0.16210106,1.82305312
1760624564.807,0.15494494,-0.18663828,1.1854879,-0.0171012,0.9419374,0.00579328,80.0,-7.0,0.0,80.0,1.3962634,0.0,0.0,0.0,80.0,-7.0,0.0,80.0,1.3962634,0.0,0.0,0.0,-5.775653,-0.88784952,-8.47312963,6.65743474,1.32062881,8.73515057,0.59104417,0.0,0.18548523,-0.26178122,6.17930775,-3.94545124,-22.96233806,0.0,14.99136484,-0.14077739,1.82747499
1760624564.84,0.16509002,-0.1932295,1.17764496,-0.01727984,0.94189521,0.00588108,80.0,-7.0,0.0,80.0,1.3962634,0.0,0.0,0.0,80.0,-7.0,0.0,80.0,1.3962634,0.0,0.0,0.0,-5.76239176,-0.86149537,-8.50128925,6.69543863,1.3085195,8.7099552,0.56959856,0.0,0.10479282,-0.23688297,6.13559544,-3.93681238,-22.94613882,0.0,15.02091732,-0.13543314,1.81837848
1760624564.874,0.1534255,-0.19519306,1.18271702,-0.01738191,0.94186344,0.00588785,80.0,-7.0,0.0,80.0,1.3962634,0.0,0.0,0.0,80.0,-7.0,0.0,80.0,1.3962634,0.0,0.0,0.0,-5.7656806,-0.84995274,-8.52507341,6.72997095,1.28966356,8.71465687,0.61800342,0.0,0.14305897,-0.26160689,6.09342971,-3.93246113,-22.91535065,0.0,15.05963271,-0.11786197,1.80724195
1760624564.907,0.16984435,-0.20058321,1.19928942,-0.0178963,0.94195811,0.00549522,80.0,-7.0,0.0,80.0,1.3962634,0.0,0.0,0.0,80.0,-7.0,0.0,80.0,1.3962634,0.0,0.0,0.0,-5.77217919,-0.82928426,-8.56132646,6.76999562,1.27334786,8.66239861,0.630828,0.0,0.15954246,-0.28261839,6.06839126,-3.92516782,-22.94210657,0.0,15.03989246,-0.11241534,1.77516671
1760624564.941,0.17281953,-0.21182766,1.22246043,-0.01752125,0.94198461,0.00536944,80.0,-7.0,0.0,80.0,1.3962634,0.0,0.0,0.0,80.0,-7.0,0.0,80.0,1.3962634,0.0,0.0,0.0,-5.77998446,-0.79516183,-8.58036357,6.8001261,1.28805585,8.67632224,0.60694988,0.0,0.13532589,-0.27180431,6.06810887,-3.91507269,-22.93218624,0.0,15.05849255,-0.10617692,1.76498926
1760624564.974,0.16167521,-0.21396844,1.23880147,-0.01706903,0.94205223,0.00542564,80.0,-7.0,0.0,80.0,1.3962634,0.0,0.0,0.0,80.0,-7.0,0.0,80.0,1.3962634,0.0,0.0,0.0,-5.78883939,-0.76603433,-8.54835337,6.78237072,1.29012904,8.75356514,0.65445046,0.0,0.15465855,-0.27900126,6.07126182,-3.9185161,-22.89437659,0.0,15.10346615,-0.05317094,1.78964446
1760624565.008,0.16690133,-0.22269437,1.23284977,-0.01710969,0.94235906,0.00497128,80.0,-7.0,0.0,80.0,1.3962634,0.0,0.0,0.0,80.0,-7.0,0.0,80.0,1.3962634,0.0,0.0,0.0,-5.80193503,-0.73608563,-8.51052419,6.76621823,1.28126738,8.83361434,0.69794278,0.0,0.13964419,-0.2741702,6.07562999,-3.93014623,-22.91072886,0.0,15.09316833,-0.05304531,1.77641564
1760624565.041,0.18558478,-0.23588596,1.22129577,-0.01615993,0.94239357,0.00459029,80.0,-7.0,0.0,80.0,1.3962634,0.0,0.0,0.0,80.0,-7.0,0.0,80.0,1.3962634,0.0,0.0,0.0,-5.76335295,-0.6967137,-8.47872146,6.72364306,1.28102579,8.88626118,0.67683341,0.0,0.10145577,-0.28342078,5.9842606,-3.93226346,-22.91175338,0.0,15.10074732,-0.0300126,1.73657765
1760624565.074,0.15524583,-0.23792306,1.22795187,-0.01469831,0.94246783,0.00476816,80.0,-7.0,0.0,80.0,1.3962634,0.0,0.0,0.0,80.0,-7.0,0.0,80.0,1.3962634,0.0,0.0,0.0,-5.47625812,-0.70427056,-8.42259751,6.40971331,1.22077006,8.97961876,0.73058251,0.0,0.13267176,-0.3028751,5.67794009,-3.95091142,-22.93089332,0.0,15.11699205,-0.01951147,1.73358842
1760624565.108,0.14605082,-0.23950315,1.23745046,-0.01454419,0.94275731,0.00504404,80.0,-7.0,0.0,80.0,1.3962634,0.0,0.0,0.0,80.0,-7.0,0.0,80.0,1.3962634,0.0,0.0,0.0,-5.4808426,-0.70748632,-8.39927925,6.41693654,1.19944732,8.97903766,0.73834184,0.0,0.14019754,-0.30956449,5.66283395,-3.9699205,-22.9538762,0.0,15.0936133,-0.02009508,1.72458228
1760624565.141,0.15530425,-0.24142222,1.22250907,-0.01538693,0.9428631,0.0056072,80.0,-7.0,0.0,80.0,1.3962634,0.0,0.0,0.0,80.0,-7.0,0.0,80.0,1.3962634,0.0,0.0,0.0,-5.47785613,-0.71839183,-8.3663877,6.41555797,1.19934659,9.01721045,0.71076063,0.0,0.1380042,-0.30938501,5.6178657,-3.99758262,-22.96681636,0.0,15.08081192,-0.01972414,1.7072402
1760624565.175,0.15089732,-0.24599676,1.2561447,-0.0156426,0.94278648,0.00575974,80.0,-7.0,0.0,80.0,1.3962634,0.0,0.0,0.0,80.0,-7.0,0.0,80.0,1.3962634,0.0,0.0,0.0,-5.48235188,-0.72975888,-8.33814282,6.40799885,1.1882269,9.07653747,0.70327229,0.0,0.13785896,-0.31000683,5.61459749,-4.00630673,-22.94508328,0.0,15.10235703,-0.01422279,1.70868022
1760624565.208,0.13900458,-0.24158818,1.27614389,-0.01483261,0.94245209,0.00565782,80.0,-7.0,0.0,80.0,1.3962634,0.0,0.0,0.0,80.0,-7.0,0.0,80.0,1.3962634,0.0,0.0,0.0,-5.29145627,-0.77861843,-8.39469814,6.20752138,1.19019169,9.17074264,0.71290979,0.0,0.1974021,-0.3144565,5.4125931,-4.02544698,-22.99737421,0.0,15.07292659,0.02071267,1.747432
1760624565.242,0.13794173,-0.24342182,1.29381407,-0.0145209,0.94215907,0.00575231,80.0,-7.0,0.0,80.0,1.3962634,0.0,0.0,0.0,80.0,-7.0,0.0,80.0,1.3962634,0.0,0.0,0.0,-5.29275938,-0.78523273,-8.37962588,6.20850311,1.18698997,9.17250981,0.71247919,0.0,0.196475,-0.31271226,5.41058665,-4.0215851,-23.00929665,0.0,15.06169374,0.02077629,1.74643476
1760624565.275,0.13559508,-0.23200964,1.30988992,-0.01433296,0.94201193,0.00574816,80.0,-7.0,0.0,80.0,1.3962634,0.0,0.0,0.0,80.0,-7.0,0.0,80.0,1.3962634,0.0,0.0,0.0,-5.29511714,-0.80464445,-8.37891663,6.20942163,1.18324725,9.18691424,0.72979761,0.0,0.20901425,-0.31641896,5.40284418,-4.00409869,-22.98118406,0.0,15.09321106,0.0331197,1.74960347
1760624565.309,0.14145059,-0.2255161,1.31902933,-0.01470981,0.94220103,0.0058144,80.0,-7.0,0.0,80.0,1.3962634,0.0,0.0,0.0,80.0,-7.0,0.0,80.0,1.3962634,0.0,0.0,0.0,-5.29752765,-0.82510749,-8.37700537,6.18090711,1.18076055,9.18879412,0.7548597,0.0,0.24113322,-0.33158469,5.40634402,-3.98306338,-22.96852134,0.0,15.11056265,0.01798381,1.75945519
1760624565.342,0.13983618,-0.23263081,1.3221214,-0.01496909,0.94246853,0.00570292,80.0,-7.0,0.0,80.0,1.3962634,0.0,0.0,0.0,80.0,-7.0,0.0,80.0,1.3962634,0.0,0.0,0.0,-5.30323386,-0.83831834,-8.37091216,6.17118626,1.1879423,9.19355842,0.74880301,0.0,0.23877176,-0.32797843,5.4101858,-3.96095641,-22.96934065,0.0,15.11156379,0.01361223,1.76985076
1760624565.376,0.15124842,-0.21734825,1.32002996,-0.01471543,0.94237578,0.00559814,80.0,-7.0,0.0,80.0,1.3962634,0.0,0.0,0.0,80.0,-7.0,0.0,80.0,1.3962634,0.0,0.0,0.0,-5.33333203,-0.85975724,-8.34398259,6.1299531,1.1796434,9.20989057,0.7326027,0.0,0.2434484,-0.3355269,5.4395587,-3.91689143,-22.96695212,0.0,15.11991521,-0.01483983,1.78027555
1760624565.409,0.15171542,-0.21865309,1.30972648,-0.01481017,0.94240532,0.00537604,80.0,-7.0,0.0,80.0,1.3962634,0.0,0.0,0.0,80.0,-7.0,0.0,80.0,1.3962634,0.0,0.0,0.0,-5.49974037,-0.80827519,-8.28651373,6.27454085,1.12732372,9.19040234,0.70553886,0.0,0.27107794,-0.30537506,5.62295121,-3.87239995,-22.94149932,0.0,15.16694667,-0.01621202,1.78217458
1760624565.442,0.16074089,-0.21569178,1.31588864,-0.01474254,0.94230483,0.00554553,80.0,-7.0,0.0,80.0,1.3962634,0.0,0.0,0.0,80.0,-7.0,0.0,80.0,1.3962634,0.0,0.0,0.0,-5.5119769,-0.82034752,-8.28504292,6.25930576,1.11178981,9.19571366,0.67205459,0.0,0.23919471,-0.3023932,5.63661091,-3.89846711,-22.92856402,0.0,15.18116884,-0.01200105,1.79188158
1760624565.476,0.15112747,-0.21170881,1.32139323,-0.01473568,0.94234643,0.00576065,80.0,-7.0,0.0,80.0,1.3962634,0.0,0.0,0.0,80.0,-7.0,0.0,80.0,1.3962634,0.0,0.0,0.0,-5.51860842,-0.83111504,-8.30005466,6.25391417,1.08068517,9.19014427,0.65917954,0.0,0.24727188,-0.29841368,5.65528898,-3.96624958,-22.8944522,0.0,15.21493927,0.01833375,1.78680382
1760624565.509,0.15339657,-0.20729972,1.32172517,-0.01500893,0.94241948,0.00627348,80.0,-7.0,0.0,80.0,1.3962634,0.0,0.0,0.0,80.0,-7.0,0.0,80.0,1.3962634,0.0,0.0,0.0,-5.50255501,-0.90841948,-8.26784368,6.22234196,1.11505537,9.11323377,0.6276454,0.0,0.24670833,-0.29747772,5.63704208,-4.08137722,-22.85512695,0.0,15.26020967,0.04209595,1.79620188
1760624565.543,0.15550244,-0.19897071,1.32438694,-0.01559322,0.94244026,0.00635532,80.0,-7.0,0.0,80.0,1.3962634,0.0,0.0,0.0,80.0,-7.0,0.0,80.0,1.3962634,0.0,0.0,0.0,-5.49644706,-0.91067478,-8.2762177,6.21343981,1.07436677,9.09095765,0.60168386,0.0,0.23581427,-0.30530019,5.6587301,-4.12776502,-22.87277495,0.0,15.24154185,0.05754739,1.7962822
1760624565.576,0.14488066,-0.19928683,1.32275518,-0.01613669,0.94262644,0.00651137,80.0,-7.0,0.0,80.0,1.3962634,0.0,0.0,0.0,80.0,-7.0,0.0,80.0,1.3962634,0.0,0.0,0.0,-5.49226715,-0.92635764,-8.28215201,6.21018316,1.04991372,9.07361953,0.61797946,0.0,0.22757906,-0.32507958,5.68333991,-4.17454352,-22.89574351,0.0,15.2189895,0.06879398,1.79642743
1760624565.61,0.1376913,-0.20486222,1.31817001,-0.01558559,0.94255803,0.00650124,80.0,-7.0,0.0,80.0,1.3962634,0.0,0.0,0.0,80.0,-7.0,0.0,80.0,1.3962634,0.0,0.0,0.0,-5.49877212,-0.93814492,-8.30135556,6.21088264,1.03382938,9.05076653,0.64159641,0.0,0.24023468,-0.34305226,5.70508711,-4.20861125,-22.90770462,0.0,15.20886184,0.08942765,1.81279969
1760624565.643,0.13448631,-0.21118049,1.31455447,-0.0147678,0.94270299,0.00669034,80.0,-7.0,0.0,80.0,1.3962634,0.0,0.0,0.0,80.0,-7.0,0.0,80.0,1.3962634,0.0,0.0,0.0,-5.33028361,-0.97998181,-8.26103692,6.07083728,1.02605633,8.97034276,0.59643014,0.0,0.2319637,-0.34274546,5.54867233,-4.23643358,-22.91201185,0.0,15.23576561,0.0920951,1.84081483
1760624565.677,0.13988254,-0.21729057,1.31087282,-0.01408524,0.94261079,0.00669875,80.0,-7.0,0.0,80.0,1.3962634,0.0,0.0,0.0,80.0,-7.0,0.0,80.0,1.3962634,0.0,0.0,0.0,-5.32592908,-0.97714801,-8.26541594,6.08408519,1.00913157,8.95969346,0.56140758,0.0,0.22341305,-0.34137292,5.53226324,-4.2479654,-22.91698671,0.0,15.23326917,0.08957995,1.83776126
1760624565.71,0.12698595,-0.22282815,1.3120747,-0.01312992,0.94242498,0.00660279,80.0,-7.0,0.0,80.0,1.3962634,0.0,0.0,0.0,80.0,-7.0,0.0,80.0,1.3962634,0.0,0.0,0.0,-5.33038258,-0.97799241,-8.25224292,6.0985295,0.99562227,8.98884828,0.55374485,0.0,0.22960339,-0.33981437,5.53967936,-4.26079612,-22.90623292,0.0,15.24512727,0.09754901,1.83125324
1760624565.743,0.12185896,-0.23920239,1.33022759,-0.01301366,0.94236182,0.00649433,80.0,-7.0,0.0,80.0,1.3962634,0.0,0.0,0.0,80.0,-7.0,0.0,80.0,1.3962634,0.0,0.0,0.0,-5.33264502,-0.96502081,-8.27504706,6.12887611,0.98797509,8.98895916,0.51128412,0.0,0.2480631,-0.33471277,5.55246349,-4.27074572,-22.90023043,0.0,15.25693061,0.1186252,1.85350139
1760624565.777,0.12240511,-0.25235462,1.34346233,-0.01396393,0.94255648,0.00616901,80.0,-7.0,0.0,80.0,1.3962634,0.0,0.0,0.0,80.0,-7.0,0.0,80.0,1.3962634,0.0,0.0,0.0,-5.44423133,-0.91374393,-8.38801042,6.25665654,0.97159759,9.08759708,0.49853675,0.0,0.28391376,-0.33588443,5.67326264,-4.26094073,-22.99036788,0.0,15.20913457,0.11696458,1.85206304
1760624565.81,0.1238096,-0.25467675,1.36018821,-0.01454049,0.9427765,0.00590406,80.0,-7.0,0.0,80.0,1.3962634,0.0,0.0,0.0,80.0,-7.0,0.0,80.0,1.3962634,0.0,0.0,0.0,-5.44048965,-0.91257349,-8.37251899,6.24721821,0.97434856,9.09688338,0.49046277,0.0,0.28011591,-0.33368235,5.68326618,-4.26823987,-23.00206774,0.0,15.19809921,0.11945843,1.85228001
1760624565.844,0.11598359,-0.26427304,1.37059919,-0.01456431,0.94284789,0.0060123,80.0,-7.0,0.0,80.0,1.3962634,0.0,0.0,0.0,80.0,-7.0,0.0,80.0,1.3962634,0.0,0.0,0.0,-5.46914368,-0.94336653,-8.44009175,6.27090076,1.04395829,9.17400642,0.46285505,0.0,0.28722924,-0.31259671,5.73599291,-4.36534454,-23.05465185,0.0,15.17642831,0.1254414,1.88015449
1760624565.877,0.11102304,-0.27760673,1.381993,-0.01452442,0.94291364,0.00592734,80.0,-7.0,0.0,80.0,1.3962634,0.0,0.0,0.0,80.0,-7.0,0.0,80.0,1.3962634,0.0,0.0,0.0,-5.46833455,-0.9233875,-8.43860592,6.26608909,1.03603555,9.16725916,0.46879421,0.0309105,0.28174631,-0.32106089,5.75330955,-4.38575196,-23.07034358,0.0,15.1660083,0.13700991,1.88099725
1760624565.911,0.11328903,-0.28685899,1.39262346,-0.01488671,0.94295106,0.00584983,80.0,-7.0,0.0,80.0,1.3962634,0.0,0.0,0.0,80.0,-7.0,0.0,80.0,1.3962634,0.0,0.0,0.0,-5.46091021,-0.90128131,-8.44050154,6.25683924,1.04100759,9.14683922,0.45170857,0.0819716,0.27316559,-0.32525981,5.753681,-4.40236384,-23.08815687,0.0,15.1529782,0.13784605,1.87308354
1760624565.944,0.09859394,-0.28781898,1.39827822,-0.01510584,0.94304118,0.00533548,80.0,-7.0,0.0,80.0,1.3962634,0.0,0.0,0.0,80.0,-7.0,0.0,80.0,1.3962634,0.0,0.0,0.0,-5.4508347,-0.88021382,-8.47776825,6.26110981,1.03960971,9.11460746,0.44696993,0.1610325,0.27280523,-0.33351688,5.75684031,-4.42709915,-23.08673241,0.0,15.15832114,0.17020621,1.89906427
1760624565.978,0.09479756,-0.29101467,1.41277609,-0.01524176,0.94297909,0.00493131,80.0,-7.0,0.0,80.0,1.3962634,0.0,0.0,0.0,80.0,-7.0,0.0,80.0,1.3962634,0.0,0.0,0.0,-5.44004466,-0.8613676,-8.50337723,6.25749556,1.04502739,9.06965142,0.43844025,0.21728026,0.27717521,-0.33151247,5.7686835,-4.43870682,-23.10979176,0.0,15.14107268,0.19426811,1.92392518
1760624566.011,0.108194,-0.29017445,1.41931625,-0.01554638,0.9432378,0.00483899,80.0,-7.0,0.0,80.0,1.3962634,0.0,0.0,0.0,80.0,-7.0,0.0,80.0,1.3962634,0.0,0.0,0.0,-5.42206645,-0.84488209,-8.51726444,6.24198616,1.05681459,9.00721617,0.41321836,0.26708571,0.26806573,-0.30946386,5.74834319,-4.44087934,-23.1569285,0.0,15.10032887,0.21574593,1.92902475
1760624566.045,0.11014736,-0.28564971,1.42806589,-0.01517679,0.94345465,0.00488706,80.0,-7.0,0.0,80.0,1.3962634,0.0,0.0,0.0,80.0,-7.0,0.0,80.0,1.3962634,0.0,0.0,0.0,-5.2529266,-0.82770847,-8.51405809,6.08040994,1.06433523,8.99008162,0.40801773,0.22419144,0.23098283,-0.28232197,5.59360639,-4.42127941,-23.19391896,0.0,15.12310125,0.21697125,1.92894159
1760624566.078,0.11646691,-0.28321469,1.42079999,-0.01497132,0.9433167,0.00493205,80.0,-7.0,0.0,80.0,1.3962634,0.0,0.0,0.0,80.0,-7.0,0.0,80.0,1.3962634,0.0,0.0,0.0,-5.24502967,-0.81784985,-8.52298205,6.08326244,1.07925392,8.96604344,0.41490593,0.21641603,0.23349445,-0.28161208,5.59699038,-4.41501264,-23.20887105,0.0,15.11018657,0.22029242,1.94028855
1760624566.111,0.12487336,-0.2913642,1.41935802,-0.01444468,0.94323398,0.0046785,80.0,-7.0,0.0,80.0,1.3962634,0.0,0.0,0.0,80.0,-7.0,0.0,80.0,1.3962634,0.0,0.0,0.0,-5.23831299,-0.78911216,-8.53461666,6.091901,1.0729306,8.90748651,0.4305848,0.24864522,0.23891192,-0.28833411,5.5749963,-4.39837566,-23.23697409,0.0,15.09184325,0.231406,1.96486315
1760624566.145,0.13095781,-0.299239,1.41862948,-0.01409198,0.94307911,0.00429691,80.0,-7.0,0.0,80.0,1.3962634,0.0,0.0,0.0,80.0,-7.0,0.0,80.0,1.3962634,0.0,0.0,0.0,-5.19648387,-0.66945704,-8.47001936,6.07004333,0.9625436,8.88945648,0.45106636,0.21837513,0.2315205,-0.29624,5.52191935,-4.26893915,-23.21712096,0.0,15.19720995,0.22666559,1.94382518
1760624566.178,0.12963619,-0.29479034,1.41769199,-0.01400982,0.94300381,0.00447154,80.0,-7.0,0.0,80.0,1.3962634,0.0,0.0,0.0,80.0,-7.0,0.0,80.0,1.3962634,0.0,0.0,0.0,-5.20334488,-0.67042007,-8.46848432,6.08924624,0.94961717,8.91806575,0.46927653,0.17514702,0.23534604,-0.30165318,5.51187947,-4.25058701,-23.18669009,0.0,15.23626537,0.22596059,1.96186694
1760624566.212,0.14769178,-0.29132156,1.41795178,-0.01448293,0.94300441,0.00443064,80.0,-7.0,0.0,80.0,1.3962634,0.0,0.0,0.0,80.0,-7.0,0.0,80.0,1.3962634,0.0,0.0,0.0,-5.22203206,-0.66970072,-8.48709538,6.09666906,0.93410899,8.9068632,0.49052714,0.20347493,0.24956444,-0.31385707,5.50345575,-4.21448085,-23.18766137,0.0,15.24631356,0.20421382,1.95241227
1760624566.245,0.16881823,-0.29047242,1.42119874,-0.01473269,0.94341695,0.00461592,80.0,-7.0,0.0,80.0,1.3962634,0.0,0.0,0.0,80.0,-7.0,0.0,80.0,1.3962634,0.0,0.0,0.0,-5.22606231,-0.6756513,-8.47150506,6.08514468,0.93330649,8.96048517,0.49379883,0.18338453,0.26981983,-0.32599934,5.49823762,-4.17480891,-23.16117631,0.0,15.28213383,0.19032973,1.95859171
1760624566.279,0.15796555,-0.28972309,1.41711886,-0.01407052,0.94356592,0.00453361,80.0,-7.0,0.0,80.0,1.3962634,0.0,0.0,0.0,80.0,-7.0,0.0,80.0,1.3962634,0.0,0.0,0.0,-5.13816108,-0.64566423,-8.42290157,6.04007098,0.87640847,8.92502139,0.47865612,0.16207088,0.3239565,-0.33921419,5.45223587,-4.10778947,-23.1585774,0.0,15.32728042,0.19904526,1.98524927
1760624566.312,0.15285784,-0.29541366,1.42443192,-0.01350422,0.94340431,0.0045731,80.0,-7.0,0.0,80.0,1.3962634,0.0,0.0,0.0,80.0,-7.0,0.0,80.0,1.3962634,0.0,0.0,0.0,-4.97422975,-0.64074758,-8.34824946,5.88225886,0.83580941,8.87153233,0.48123727,0.08600185,0.28121709,-0.31921838,5.31416204,-4.03759752,-23.18348095,0.0,15.41203958,0.20347033,1.99159285
1760624566.345,0.15611079,-0.29158894,1.43874956,-0.01351256,0.94317256,0.004625,80.0,-7.0,0.0,80.0,1.3962634,0.0,0.0,0.0,80.0,-7.0,0.0,80.0,1.3962634,0.0,0.0,0.0,-4.96473236,-0.66109875,-8.31466678,5.87411556,0.83237715,8.90636193,0.48447283,0.0,0.28930704,-0.31594199,5.35042322,-4.01007838,-23.19367898,0.0,15.41262677,0.20357632,2.00806862
1760624566.379,0.1583582,-0.28806948,1.44153872,-0.01391329,0.94298741,0.00465288,80.0,-7.0,0.0,80.0,1.3962634,0.0,0.0,0.0,80.0,-7.0,0.0,80.0,1.3962634,0.0,0.0,0.0,-4.9464044,-0.67949792,-8.28741293,5.85564117,0.81977628,8.91630476,0.50516143,0.0,0.31222623,-0.31838231,5.37506695,-3.9778136,-23.22427606,0.0,15.39242201,0.21539044,2.04083833
1760624566.412,0.16367338,-0.29502907,1.45911196,-0.01367505,0.94275418,0.00470264,80.0,-7.0,0.0,80.0,1.3962634,0.0,0.0,0.0,80.0,-7.0,0.0,80.0,1.3962634,0.0,0.0,0.0,-4.93419913,-0.69760214,-8.2667838,5.86016929,0.82536069,8.88228692,0.50763618,0.0,0.31470664,-0.3201903,5.39097666,-3.94877415,-23.28635985,0.0,15.33429436,0.2244821,2.06524003
1760624566.446,0.14937078,-0.28392845,1.4624439,-0.01345278,0.94244378,0.00451385,80.0,-7.0,0.0,80.0,1.3962634,0.0,0.0,0.0,80.0,-7.0,0.0,80.0,1.3962634,0.0,0.0,0.0,-4.95919485,-0.64390183,-8.35972655,5.92940801,0.76314525,9.02128774,0.51974126,0.0,0.34176626,-0.32226544,5.43276863,-3.85563134,-23.50294459,0.0,15.22055611,0.27327743,2.1071121
1760624566.479,0.15327233,-0.28012881,1.45341343,-0.01338659,0.94237076,0.00463383,80.0,-7.0,0.0,80.0,1.3962634,0.0,0.0,0.0,80.0,-7.0,0.0,80.0,1.3962634,0.0,0.0,0.0,-4.95170022,-0.66974207,-8.29588369,5.92655632,0.775238,9.02671543,0.51926291,0.0,0.34051451,-0.32515255,5.41996529,-3.8473088,-23.59517693,0.0,15.13784438,0.29006394,2.102296
1760624566.513,0.16999247,-0.27467935,1.45666652,-0.0127692,0.94224865,0.004775,80.0,-7.0,0.0,80.0,1.3962634,0.0,0.0,0.0,80.0,-7.0,0.0,80.0,1.3962634,0.0,0.0,0.0,-4.98287764,-0.77714436,-8.50398973,5.93583518,0.89784372,9.26069955,0.52355507,0.0,0.29084376,-0.31943489,5.36665064,-3.96098381,-23.81131462,0.0,14.98997573,0.27832864,2.04618507
1760624566.546,0.17365573,-0.28288879,1.45306161,-0.01207489,0.94219222,0.00385401,80.0,-7.0,0.0,80.0,1.3962634,0.0,0.0,0.0,80.0,-7.0,0.0,80.0,1.3962634,0.0,0.0,0.0,-4.84462924,-0.71645452,-8.46931614,5.79284753,0.82350579,9.25873937,0.52761195,0.0,0.32576819,-0.32644306,5.19228268,-3.88962798,-23.82132307,0.0,15.03074889,0.29903476,2.04321215
1760624566.58,0.19414313,-0.27509491,1.44817152,-0.01193991,0.94220698,0.00374279,80.0,-7.0,0.0,80.0,1.3962634,0.0,0.0,0.0,80.0,-7.0,0.0,80.0,1.3962634,0.0,0.0,0.0,-4.85730294,-0.71762219,-8.45862532,5.77884506,0.8231886,9.29624991,0.52807889,0.0,0.31177922,-0.33215182,5.14853255,-3.8857588,-23.80700707,0.0,15.05165294,0.3000926,2.02494365
1760624566.613,0.18676652,-0.26821693,1.45880767,-0.0122266,0.94244515,0.00397351,80.0,-7.0,0.0,80.0,1.3962634,0.0,0.0,0.0,80.0,-7.0,0.0,80.0,1.3962634,0.0,0.0,0.0,-4.85870337,-0.71063878,-8.44784666,5.78789638,0.8267656,9.31406803,0.53501484,0.0,0.3102258,-0.33237892,5.12585609,-3.8912908,-23.8029754,0.0,15.05583364,0.28938167,2.01627227
1760624566.647,0.18375006,-0.26323609,1.46705777,-0.01300464,0.94275948,0.00456442,80.0,-7.0,0.0,80.0,1.3962634,0.0,0.0,0.0,80.0,-7.0,0.0,80.0,1.3962634,0.0,0.0,0.0,-4.71594613,-0.8205706,-8.65465852,5.63553322,0.95760367,9.59860062,0.54318689,0.0,0.30008717,-0.34949286,4.9383848,-3.99495801,-23.90532118,0.0,14.97568296,0.28762955,2.01148701
1760624566.68,0.19001312,-0.26077352,1.48729596,-0.01425798,0.94300585,0.00466038,80.0,-7.0,0.0,80.0,1.3962634,0.0,0.0,0.0,80.0,-7.0,0.0,80.0,1.3962634,0.0,0.0,0.0,-4.70500775,-0.8122995,-8.67046612,5.61214504,0.96994419,9.60911393,0.58546374,0.0,0.31255989,-0.36648629,4.91799996,-3.98682577,-23.90432888,0.0,14.97893885,0.29338789,2.02646095
1760624566.714,0.19394105,-0.25403803,1.50268697,-0.01402089,0.94299865,0.00475847,80.0,-7.0,0.0,80.0,1.3962634,0.0,0.0,0.0,80.0,-7.0,0.0,80.0,1.3962634,0.0,0.0,0.0,-4.40016415,-0.83105266,-8.72412574,5.3227786,1.00246568,9.63754258,0.61702168,0.0,0.36044464,-0.40331401,4.6088714,-3.95923744,-23.96902533,0.0,14.94400958,0.2973738,2.02937954
1760624566.747,0.19869934,-0.25266583,1.52019002,-0.01438952,0.94272085,0.00455629,80.0,-7.0,0.0,80.0,1.3962634,0.0,0.0,0.0,80.0,-7.0,0.0,80.0,1.3962634,0.0,0.0,0.0,-4.39197786,-0.81125634,-8.73478128,5.31292647,1.03414548,9.62255398,0.65752426,0.0,0.34883235,-0.40050498,4.61244274,-3.93110101,-23.97778307,0.0,14.94029019,0.28901814,2.03437905
1760624566.78,0.19497796,-0.25518138,1.54380272,-0.01509316,0.94271667,0.00448167,80.0,-7.0,0.0,80.0,1.3962634,0.0,0.0,0.0,80.0,-7.0,0.0,80.0,1.3962634,0.0,0.0,0.0,-4.37304333,-0.77947108,-8.74145668,5.29018757,1.05799817,9.6552554,0.6929223,0.0,0.35286337,-0.40704254,4.61477578,-3.89972288,-23.9570382,0.0,14.96635656,0.28956942,2.04065162
1760624566.814,0.19880278,-0.261755,1.56542568,-0.01603795,0.94274527,0.00426569,80.0,-7.0,0.0,80.0,1.3962634,0.0,0.0,0.0,80.0,-7.0,0.0,80.0,1.3962634,0.0,0.0,0.0,-4.12268569,-0.69811587,-8.79508225,5.04650415,1.01029948,9.73507554,0.71287484,0.0,0.36834878,-0.41697192,4.39546787,-3.78787291,-24.00117709,0.0,14.96109286,0.30254844,2.04998158
1760624566.847,0.20513595,-0.2595944,1.56775236,-0.01591675,0.94257652,0.00432277,80.0,-7.0,0.0,80.0,1.3962634,0.0,0.0,0.0,80.0,-7.0,0.0,80.0,1.3962634,0.0,0.0,0.0,-4.11938664,-0.68945503,-8.80421027,5.04761794,1.02980875,9.72703837,0.7244068,0.0,0.36829898,-0.41619524,4.40169944,-3.78128844,-23.99851589,0.0,14.96527067,0.30072979,2.05844447
1760624566.881,0.2107564,-0.27532244,1.59882794,-0.0152941,0.9423652,0.0042974,80.0,-7.0,0.0,80.0,1.3962634,0.0,0.0,0.0,80.0,-7.0,0.0,80.0,1.3962634,0.0,0.0,0.0,-4.1103604,-0.67032134,-8.78951385,5.03109894,1.0519405,9.72581181,0.73232886,0.0,0.36177645,-0.42202917,4.41797554,-3.7907753,-23.96561154,0.0,15.00365147,0.2939249,2.05846825
1760624566.914,0.21513566,-0.26584391,1.59014895,-0.0148322,0.94234308,0.00463264,80.0,-7.0,0.0,80.0,1.3962634,0.0,0.0,0.0,80.0,-7.0,0.0,80.0,1.3962634,0.0,0.0,0.0,-4.24293771,-0.71911056,-8.60266437,5.16002968,1.12893138,9.56723886,0.74158687,0.0,0.3497357,-0.43350001,4.57836966,-3.86056305,-23.89185824,0.0,15.12061685,0.29810959,2.07301282
1760624566.948,0.21693908,-0.26476987,1.5851011,-0.01392501,0.94218971,0.00400714,80.0,-7.0,0.0,80.0,1.3962634,0.0,0.0,0.0,80.0,-7.0,0.0,80.0,1.3962634,0.0,0.0,0.0,-4.23560292,-0.71375454,-8.60482596,5.17400381,1.13878408,9.56702721,0.74875854,0.0,0.35238572,-0.43236441,4.58342944,-3.86004375,-23.88504613,0.0,15.12792254,0.30326158,2.07339866
1760624566.981,0.20268653,-0.26934447,1.58113197,-0.013532,0.94209367,0.00387833,80.0,-7.0,0.0,80.0,1.3962634,0.0,0.0,0.0,80.0,-7.0,0.0,80.0,1.3962634,0.0,0.0,0.0,-4.28328425,-0.65582666,-8.44460866,5.26076952,1.09195836,9.37333215,0.75496028,0.0,0.40964615,-0.45939246,4.65225508,-3.81281775,-23.77752542,0.0,15.27545415,0.33136804,2.06639939
1760624567.014,0.18567497,-0.26257586,1.56496943,-0.01185646,0.94173202,0.00359583,80.0,-7.0,0.0,80.0,1.3962634,0.0,0.0,0.0,80.0,-7.0,0.0,80.0,1.3962634,0.0,0.0,0.0,-4.28477541,-0.65526825,-8.40078108,5.26463444,1.10068086,9.41553559,0.7704296,0.0,0.41622636,-0.47703395,4.64893568,-3.80770483,-23.73316423,0.0,15.32369667,0.3556821,2.07915926
1760624567.048,0.19723595,-0.26034556,1.55517643,-0.01113004,0.94187886,0.0032433,80.0,-7.0,0.0,80.0,1.3962634,0.0,0.0,0.0,80.0,-7.0,0.0,80.0,1.3962634,0.0,0.0,0.0,-4.28801204,-0.65735036,-8.35834025,5.25560997,1.11877691,9.41609858,0.76002537,0.0,0.40343805,-0.47968873,4.62887958,-3.7974788,-23.72201955,0.0,15.33892689,0.32539258,2.01515924
1760624567.081,0.20179229,-0.25128654,1.55217716,-0.01065863,0.94203227,0.0027433,80.0,-7.0,0.0,80.0,1.3962634,0.0,0.0,0.0,80.0,-7.0,0.0,80.0,1.3962634,0.0,0.0,0.0,-4.17261321,-0.65318511,-8.16341368,5.13718503,1.06531457,9.2139232,0.78540085,0.0,0.39975703,-0.48437056,4.5119053,-3.74324299,-23.63063244,0.0,15.45886311,0.32389652,2.004699
1760624567.115,0.18050948,-0.24252674,1.55560309,-0.01149759,0.94262107,0.003087,80.0,-7.0,0.0,80.0,1.3962634,0.0,0.0,0.0,80.0,-7.0,0.0,80.0,1.3962634,0.0,0.0,0.0,-4.16613388,-0.6604932,-8.14945596,5.12661127,1.08755231,9.23795418,0.80227482,0.0,0.40901261,-0.47029841,4.52339791,-3.72645533,-23.61960757,0.0,15.47173831,0.337163,2.0218347
1760624567.148,0.18382197,-0.23282047,1.54882455,-0.01235187,0.94298501,0.00407705,80.0,-7.0,0.0,80.0,1.3962634,0.0,0.0,0.0,80.0,-7.0,0.0,80.0,1.3962634,0.0,0.0,0.0,-4.17570389,-0.68394903,-8.14100112,5.1408704,1.11737525,9.23327487,0.79168017,0.0,0.403017,-0.47039635,4.51927789,-3.7255217,-23.63897182,0.0,15.45289294,0.31070456,1.99248611
1760624567.182,0.18587144,-0.22102338,1.56698167,-0.01244194,0.94308258,0.00426679,80.0,-7.0,0.0,80.0,1.3962634,0.0,0.0,0.0,80.0,-7.0,0.0,80.0,1.3962634,0.0,0.0,0.0,-4.20621059,-0.71316374,-8.1628671,5.13813021,1.11777719,9.21522801,0.81086296,0.0,0.39802828,-0.46093789,4.5319686,-3.7379176,-23.6431473,0.0,15.44784331,0.30912407,1.98892734
1760624567.215,0.18536402,-0.22446997,1.57111365,-0.01287598,0.9430009,0.00473002,80.0,-7.0,0.0,80.0,1.3962634,0.0,0.0,0.0,80.0,-7.0,0.0,80.0,1.3962634,0.0,0.0,0.0,-4.21001857,-0.72091867,-8.16316347,5.13569017,1.1146823,9.21009166,0.80587869,0.0,0.39779643,-0.46235381,4.53054788,-3.73147296,-23.6498704,0.0,15.44136046,0.3123961,1.99512955
1760624567.249,0.17937655,-0.21266025,1.58067276,-0.01316008,0.94281331,0.0048157,80.0,-7.0,0.0,80.0,1.3962634,0.0,0.0,0.0,80.0,-7.0,0.0,80.0,1.3962634,0.0,0.0,0.0,-4.4614534,-0.78177366,-8.26079018,5.4113678,1.20022784,9.26297685,0.7637105,0.0,0.38064432,-0.44604885,4.74821085,-3.81490029,-23.71585308,0.0,15.36020072,0.34859864,1.98822962
1760624567.282,0.17331882,-0.20187307,1.59278272,-0.01300363,0.94290231,0.0047981,80.0,-7.0,0.0,80.0,1.3962634,0.0,0.0,0.0,80.0,-7.0,0.0,80.0,1.3962634,0.0,0.0,0.0,-4.46591559,-0.78842456,-8.28130958,5.42849442,1.17760185,9.22232984,0.76648007,0.0,0.39352313,-0.46443518,4.75044463,-3.811632,-23.73564205,0.0,15.33973297,0.37147812,1.9997761
1760624567.316,0.16264085,-0.1943807,1.61214854,-0.01307405,0.94295973,0.00487364,80.0,-7.0,0.0,80.0,1.3962634,0.0,0.0,0.0,80.0,-7.0,0.0,80.0,1.3962634,0.0,0.0,0.0,-4.4608476,-0.79548798,-8.30063728,5.44726349,1.1466897,9.15176506,0.77768682,0.0,0.41546482,-0.47291891,4.77308071,-3.80672124,-23.76743651,0.0,15.30776143,0.40266863,2.03297856
1760624567.349,0.1716336,-0.19507474,1.6170652,-0.01376392,0.94325499,0.00489796,80.0,-7.0,0.0,80.0,1.3962634,0.0,0.0,0.0,80.0,-7.0,0.0,80.0,1.3962634,0.0,0.0,0.0,-4.67923395,-0.74053239,-8.24629992,5.6847973,1.11237026,9.08548902,0.75753751,0.0,0.42523214,-0.49776434,5.02017533,-3.78453794,-23.74659541,0.0,15.29966639,0.40123176,2.01675285
1760624567.383,0.16839723,-0.1811262,1.62873388,-0.01380643,0.94331393,0.00507342,80.0,-7.0,0.0,80.0,1.3962634,0.0,0.0,0.0,80.0,-7.0,0.0,80.0,1.3962634,0.0,0.0,0.0,-4.68320857,-0.75367614,-8.23898759,5.69633376,1.08673401,9.04624529,0.76705141,0.0,0.42340784,-0.49132115,5.04158245,-3.79915981,-23.77001862,0.0,15.27194727,0.42374139,2.04123807
1760624567.416,0.17445273,-0.18293788,1.63350199,-0.01394733,0.94333667,0.00522698,80.0,-7.0,0.0,80.0,1.3962634,0.0,0.0,0.0,80.0,-7.0,0.0,80.0,1.3962634,0.0,0.0,0.0,-4.68290299,-0.75815979,-8.2261243,5.69119774,1.06998827,9.03850179,0.76132451,0.0,0.42436278,-0.49489115,5.05117361,-3.80672351,-23.78691719,0.0,15.25391841,0.41915588,2.03392791
1760624567.449,0.17908897,-0.17858884,1.62739736,-0.01460644,0.94336068,0.00535873,80.0,-7.0,0.0,80.0,1.3962634,0.0,0.0,0.0,80.0,-7.0,0.0,80.0,1.3962634,0.0,0.0,0.0,-4.9576036,-0.73300537,-8.19573928,5.97089347,1.05558592,9.0443858,0.7675448,0.0,0.41762339,-0.51946893,5.33831268,-3.82600591,-23.70952535,0.0,15.27447905,0.37645408,2.00923423
1760624567.483,0.17809802,-0.17407036,1.61771047,-0.0143019,0.94312692,0.00515663,80.0,-7.0,0.0,80.0,1.3962634,0.0,0.0,0.0,80.0,-7.0,0.0,80.0,1.3962634,0.0,0.0,0.0,-4.95475852,-0.74467535,-8.18698994,5.95921391,1.02416246,9.05540991,0.76565939,0.0,0.42246679,-0.5303597,5.3515054,-3.8379034,-23.6937586,0.0,15.28527607,0.38215145,2.03167523
1760624567.516,0.18397492,-0.17572374,1.61700686,-0.01470389,0.94330079,0.00490396,80.0,-7.0,0.0,80.0,1.3962634,0.0,0.0,0.0,80.0,-7.0,0.0,80.0,1.3962634,0.0,0.0,0.0,-4.80720124,-0.73881431,-8.08747601,5.80135345,0.967596,8.9733173,0.7577815,0.05336657,0.44356316,-0.56120452,5.23252567,-3.79101433,-23.63866521,0.0,15.28127482,0.35785762,2.02453312
1760624567.55,0.18587752,-0.17423734,1.62049996,-0.01492715,0.94331154,0.00485996,80.0,-7.0,0.0,80.0,1.3962634,0.0,0.0,0.0,80.0,-7.0,0.0,80.0,1.3962634,0.0,0.0,0.0,-4.81458594,-0.73958512,-8.09257492,5.78907147,0.97378529,9.00520826,0.73247541,0.1375468,0.44365307,-0.57183162,5.25346778,-3.79131064,-23.59678461,0.0,15.31879087,0.35004347,2.01648347
1760624567.583,0.18676381,-0.17769064,1.64054852,-0.01550524,0.94350461,0.00491532,80.0,-7.0,0.0,80.0,1.3962634,0.0,0.0,0.0,80.0,-7.0,0.0,80.0,1.3962634,0.0,0.0,0.0,-4.81331435,-0.74865495,-8.14336607,5.77412543,1.00546156,9.00071818,0.71516745,0.17093058,0.42013301,-0.56137958,5.30853063,-3.79842509,-23.53694794,0.0,15.37227578,0.37855609,2.09260301
1760624567.617,0.1940492,-0.18187193,1.65345691,-0.01615224,0.9434558,0.00496894,80.0,-7.0,0.0,80.0,1.3962634,0.0,0.0,0.0,80.0,-7.0,0.0,80.0,1.3962634,0.0,0.0,0.0,-4.78761786,-0.75571899,-8.16082082,5.74120777,1.01972234,8.95784835,0.68573424,0.22049688,0.40931145,-0.55182875,5.32645114,-3.79729033,-23.53217316,0.0,15.37580238,0.37616085,2.10587818
1760624567.65,0.17950708,-0.18271774,1.65018797,-0.01577768,0.94349602,0.00510058,80.0,-7.0,0.0,80.0,1.3962634,0.0,0.0,0.0,80.0,-7.0,0.0,80.0,1.3962634,0.0,0.0,0.0,-4.51465971,-0.77943745,-8.00222892,5.4751984,0.98711861,8.73204445,0.66306446,0.27348298,0.42004663,-0.55043961,5.11735627,-3.76763985,-23.47399512,0.0,15.44157233,0.37309357,2.10102782
1760624567.684,0.16423496,-0.19555908,1.64550965,-0.01450439,0.94322546,0.00460495,80.0,-7.0,0.0,80.0,1.3962634,0.0,0.0,0.0,80.0,-7.0,0.0,80.0,1.3962634,0.0,0.0,0.0,-4.23554367,-0.73751275,-7.84304054,5.21527094,0.88410847,8.53827439,0.62499015,0.39183235,0.41134941,-0.52979673,4.90985949,-3.6820567,-23.37930585,0.0,15.56230071,0.38925592,2.13707285
1760624567.717,0.1588742,-0.20743102,1.63889117,-0.01336376,0.94274639,0.00403854,80.0,-7.0,0.0,80.0,1.3962634,0.0,0.0,0.0,80.0,-7.0,0.0,80.0,1.3962634,0.0,0.0,0.0,-4.21647855,-0.73963241,-7.86649228,5.20537575,0.85985517,8.49359726,0.60092908,0.54728508,0.41708929,-0.54612129,4.90798484,-3.68676729,-23.36732226,0.0,15.57691168,0.38815072,2.14721738
1760624567.751,0.14022032,-0.22081865,1.63315236,-0.01168601,0.9424655,0.00407416,80.0,-7.0,0.0,80.0,1.3962634,0.0,0.0,0.0,80.0,-7.0,0.0,80.0,1.3962634,0.0,0.0,0.0,-4.07930937,-0.7198485,-7.7899367,5.09893959,0.78996636,8.38169155,0.58045894,0.64971476,0.45988237,-0.55924277,4.79665547,-3.64974046,-23.34040981,0.0,15.64075597,0.384065,2.13334225
1760624567.784,0.12979166,-0.23354021,1.63423236,-0.01153671,0.94249123,0.00439783,80.0,-7.0,0.0,80.0,1.3962634,0.0,0.0,0.0,80.0,-7.0,0.0,80.0,1.3962634,0.0,0.0,0.0,-4.05134278,-0.73510344,-7.8283157,5.13224946,0.75442504,8.35721359,0.54630673,0.70488997,0.44888086,-0.55048008,4.775821,-3.67077775,-23.32392099,0.0,15.66115198,0.38588172,2.14635903
1760624567.818,0.1316425,-0.23722182,1.63430449,-0.01253293,0.94271996,0.00508404,80.0,-7.0,0.0,80.0,1.3962634,0.0,0.0,0.0,80.0,-7.0,0.0,80.0,1.3962634,0.0,0.0,0.0,-4.17457462,-0.7999012,-8.03447285,5.28361955,0.80323725,8.47878542,0.51978426,0.74369882,0.48699259,-0.56195884,4.88475545,-3.77212503,-23.39690978,0.0,15.62409381,0.39981596,2.16681418
1760624567.851,0.13616383,-0.24740799,1.65246395,-0.01418187,0.94271784,0.00504195,80.0,-7.0,0.0,80.0,1.3962634,0.0,0.0,0.0,80.0,-7.0,0.0,80.0,1.3962634,0.0,0.0,0.0,-4.32805537,-0.79288784,-8.2595237,5.45754072,0.79709593,8.68574185,0.49976152,0.72221095,0.50456162,-0.55877121,5.03643289,-3.81159191,-23.50062804,0.0,15.56181302,0.40488053,2.17052904
1760624567.884,0.13567569,-0.2611405,1.66438178,-0.01388369,0.9423392,0.00444315,80.0,-7.0,0.0,80.0,1.3962634,0.0,0.0,0.0,80.0,-7.0,0.0,80.0,1.3962634,0.0,0.0,0.0,-4.42853321,-0.76747623,-8.42192712,5.60824768,0.75853615,8.85082348,0.46008002,0.66674111,0.52232045,-0.56215581,5.16642513,-3.8481946,-23.5961325,0.0,15.51897454,0.42332257,2.19652305
1760624567.918,0.13597501,-0.2627696,1.65823808,-0.01364566,0.94220413,0.00434886,80.0,-7.0,0.0,80.0,1.3962634,0.0,0.0,0.0,80.0,-7.0,0.0,80.0,1.3962634,0.0,0.0,0.0,-4.41283115,-0.77439603,-8.43881663,5.62097511,0.72946442,8.84953917,0.43790748,0.70731503,0.51908631,-0.55686593,5.17656329,-3.88147737,-23.61993279,0.0,15.50009355,0.42240955,2.21178636
1760624567.951,0.13761016,-0.26873175,1.67049606,-0.01381119,0.94214839,0.00435526,80.0,-7.0,0.0,80.0,1.3962634,0.0,0.0,0.0,80.0,-7.0,0.0,80.0,1.3962634,0.0,0.0,0.0,-4.63871338,-0.77838644,-8.71426889,5.85494317,0.77284092,9.15062316,0.42237503,0.70355689,0.55234659,-0.55383373,5.39195835,-3.95543828,-23.79205448,0.0,15.3812293,0.42709975,2.21094255
1760624567.985,0.13799211,-0.26885983,1.68043304,-0.01383327,0.94215967,0.00454643,80.0,-7.0,0.0,80.0,1.3962634,0.0,0.0,0.0,80.0,-7.0,0.0,80.0,1.3962634,0.0,0.0,0.0,-4.621853,-0.78217832,-8.72403481,5.86505784,0.75790229,9.13535922,0.41425474,0.69863293,0.54070772,-0.55404995,5.38649061,-3.96942893,-23.82028308,0.0,15.35804559,0.43637305,2.23173815
1760624568.018,0.15033764,-0.27041339,1.69494616,-0.01527271,0.94246212,0.00484993,80.0,-7.0,0.0,80.0,1.3962634,0.0,0.0,0.0,80.0,-7.0,0.0,80.0,1.3962634,0.0,0.0,0.0,-4.67626499,-0.82696157,-9.00446754,5.9289436,0.83419715,9.4065364,0.42071164,0.63922963,0.52565247,-0.5516804,5.40449298,-4.04077254,-23.9850016,0.0,15.25360672,0.43346821,2.23408798
1760624568.052,0.15839439,-0.27530618,1.6942339,-0.01607736,0.94265503,0.00482217,80.0,-7.0,0.0,80.0,1.3962634,0.0,0.0,0.0,80.0,-7.0,0.0,80.0,1.3962634,0.0,0.0,0.0,-4.68068338,-0.82752761,-8.99205235,5.93037346,0.8391852,9.43162975,0.42743618,0.6491185,0.54316707,-0.56166165,5.3936057,-4.03745471,-23.99154704,0.0,15.25131333,0.42951853,2.23342686
1760624568.119,0.17354313,-0.28382119,1.69645973,-0.01538524,0.94257179,0.00465385,80.0,-7.0,0.0,80.0,1.3962634,0.0,0.0,0.0,80.0,-7.0,0.0,80.0,1.3962634,0.0,0.0,0.0,-4.70024234,-0.84300393,-8.97806792,5.95486966,0.87324091,9.46041993,0.41716315,0.58502938,0.55107868,-0.56060079,5.37172509,-4.01466756,-24.01967927,0.0,15.22826124,0.41284639,2.23515335
1760624568.152,0.1755413,-0.28232306,1.6959804,-0.01511985,0.94253434,0.00468041,80.0,-7.0,0.0,80.0,1.3962634,0.0,0.0,0.0,80.0,-7.0,0.0,80.0,1.3962634,0.0,0.0,0.0,-4.78420342,-0.92143423,-9.11565626,6.02627669,0.96919268,9.58639293,0.42723107,0.58183402,0.58617005,-0.56857033,5.41176283,-4.0993208,-24.1023718,0.0,15.17644938,0.41354984,2.228675
1760624568.185,0.19367514,-0.28695234,1.70270246,-0.01477131,0.94258897,0.00451912,80.0,-7.0,0.0,80.0,1.3962634,0.0,0.0,0.0,80.0,-7.0,0.0,80.0,1.3962634,0.0,0.0,0.0,-4.8038006,-0.93738303,-9.1070676,6.04344684,0.98828842,9.61477466,0.42311519,0.56398784,0.61157662,-0.59342187,5.36866784,-4.08302598,-24.09147862,0.0,15.19166957,0.41248174,2.22438011
1760624568.219,0.19031248,-0.29096804,1.71148669,-0.01434339,0.94255481,0.0041388,80.0,-7.0,0.0,80.0,1.3962634,0.0,0.0,0.0,80.0,-7.0,0.0,80.0,1.3962634,0.0,0.0,0.0,-4.81162173,-0.95484934,-9.12067716,6.05352203,1.00403427,9.60189231,0.42482073,0.62748405,0.65861903,-0.62852789,5.35321062,-4.07960519,-24.09274135,0.0,15.19395559,0.41245016,2.21398448
1760624568.252,0.20247527,-0.29354427,1.71867109,-0.01458474,0.94276851,0.00366336,80.0,-7.0,0.0,80.0,1.3962634,0.0,0.0,0.0,80.0,-7.0,0.0,80.0,1.3962634,0.0,0.0,0.0,-4.81624714,-0.9703502,-9.1165556,6.05457983,1.02418882,9.57560193,0.40025921,0.7191618,0.6425419,-0.62145903,5.33210216,-4.07186759,-24.11058583,0.0,15.17792951,0.40333751,2.20586001
1760624568.286,0.2047797,-0.29111098,1.73666552,-0.01421342,0.94266356,0.00273989,80.0,-7.0,0.0,80.0,1.3962634,0.0,0.0,0.0,80.0,-7.0,0.0,80.0,1.3962634,0.0,0.0,0.0,-4.81322853,-0.98586448,-9.08469194,6.05886728,1.03363963,9.56816333,0.36295768,0.77194365,0.60751305,-0.60995524,5.31684186,-4.06010225,-24.12862553,0.0,15.1610457,0.40228736,2.19185651
1760624568.319,0.19100211,-0.28912508,1.74355098,-0.01335497,0.94256822,0.00235471,80.0,-7.0,0.0,80.0,1.3962634,0.0,0.0,0.0,80.0,-7.0,0.0,80.0,1.3962634,0.0,0.0,0.0,-4.63436068,-0.9915585,-8.87864464,5.89039439,0.9712478,9.42822131,0.37566753,0.73236019,0.48236003,-0.56393097,5.15770357,-4.00887976,-24.06580691,0.0,15.22656933,0.40496278,2.17418277
1760624568.353,0.19430395,-0.28839536,1.75293392,-0.01263528,0.94234424,0.00187416,80.0,-7.0,0.0,80.0,1.3962634,0.0,0.0,0.0,80.0,-7.0,0.0,80.0,1.3962634,0.0,0.0,0.0,-4.63900391,-0.995387,-8.81668058,5.88573844,0.97311636,9.46700986,0.37358295,0.56262126,0.47270918,-0.54966445,5.14463989,-3.99401863,-24.06377969,0.0,15.22849913,0.41274511,2.16713955
1760624568.386,0.1909444,-0.28758594,1.75590669,-0.01229945,0.9421909,0.00186042,80.0,-7.0,0.0,80.0,1.3962634,0.0,0.0,0.0,80.0,-7.0,0.0,80.0,1.3962634,0.0,0.0,0.0,-4.63423534,-0.99413905,-8.76252584,5.86142108,0.97017386,9.48353647,0.4029823,0.41116823,0.48238414,-0.55352092,5.13999842,-3.97390416,-24.06453467,0.0,15.22845694,0.41721507,2.16186109
1760624568.42,0.16228175,-0.29158073,1.75588456,-0.01084403,0.94202165,0.00158231,80.0,-7.0,0.0,80.0,1.3962634,0.0,0.0,0.0,80.0,-7.0,0.0,80.0,1.3962634,0.0,0.0,0.0,-4.46072614,-0.96656409,-8.59926408,5.69698512,0.91722188,9.3654529,0.43653081,0.35907482,0.45474322,-0.52567357,5.01357161,-3.90429228,-23.98087517,0.0,15.31078993,0.41256087,2.15778202
1760624568.453,0.1686943,-0.29006015,1.76095791,-0.01069742,0.94207755,0.00223194,80.0,-7.0,0.0,80.0,1.3962634,0.0,0.0,0.0,80.0,-7.0,0.0,80.0,1.3962634,0.0,0.0,0.0,-4.29139875,-1.05590207,-8.50010325,5.4720879,1.00559411,9.29488074,0.47795722,0.26041042,0.4592069,-0.55116045,4.86289008,-3.94797442,-23.93159035,0.0,15.3609672,0.407316,2.14937786
1760624568.487,0.17211677,-0.29484872,1.77033435,-0.01089201,0.94216694,0.00257432,80.0,-7.0,0.0,80.0,1.3962634,0.0,0.0,0.0,80.0,-7.0,0.0,80.0,1.3962634,0.0,0.0,0.0,-4.27753948,-1.05990932,-8.47882093,5.41022629,1.03224561,9.29452398,0.51663753,0.27057593,0.48304974,-0.55026466,4.93398468,-3.93399387,-23.96418225,0.0,15.33047184,0.40518805,2.17554911
1760624568.52,0.17297536,-0.29835233,1.79093508,-0.01135139,0.94227997,0.00241417,80.0,-7.0,0.0,80.0,1.3962634,0.0,0.0,0.0,80.0,-7.0,0.0,80.0,1.3962634,0.0,0.0,0.0,-4.2489457,-1.07354704,-8.44950073,5.34841848,1.07945869,9.3389835,0.53648164,0.2123251,0.49924757,-0.56355419,5.02518857,-3.92193703,-23.97241681,0.0,15.32417696,0.3810768,2.18499282
1760624568.553,0.17975547,-0.29355099,1.8080806,-0.01216562,0.94247778,0.00245958,80.0,-7.0,0.0,80.0,1.3962634,0.0,0.0,0.0,80.0,-7.0,0.0,80.0,1.3962634,0.0,0.0,0.0,-4.20841878,-1.09126762,-8.44520074,5.29186998,1.14302055,9.39314771,0.54015482,0.19483426,0.49184593,-0.56151918,5.09023836,-3.88755443,-23.91611443,0.0,15.38555488,0.39458643,2.25954936
1760624568.587,0.18219937,-0.29535147,1.82005919,-0.01265288,0.94264086,0.00246383,80.0,-7.0,0.0,80.0,1.3962634,0.0,0.0,0.0,80.0,-7.0,0.0,80.0,1.3962634,0.0,0.0,0.0,-4.17655339,-1.10148788,-8.45140896,5.28384265,1.18429636,9.43233699,0.54196718,0.15511492,0.48846946,-0.56414018,5.11761994,-3.86932173,-23.85748969,0.0,15.44736724,0.40382287,2.28932014
1760624568.62,0.16713611,-0.29850793,1.82761116,-0.01339126,0.94245516,0.00216285,80.0,-7.0,0.0,80.0,1.3962634,0.0,0.0,0.0,80.0,-7.0,0.0,80.0,1.3962634,0.0,0.0,0.0,-4.12782026,-1.10107315,-8.47485786,5.29188755,1.19678655,9.40431245,0.56624628,0.16638007,0.49141921,-0.58019476,5.11869457,-3.86764722,-23.83212295,0.0,15.47468883,0.40409781,2.30528004
1760624568.654,0.17058004,-0.30291546,1.82145792,-0.01335675,0.94229283,0.00219318,80.0,-7.0,0.0,80.0,1.3962634,0.0,0.0,0.0,80.0,-7.0,0.0,80.0,1.3962634,0.0,0.0,0.0,-3.62258409,-1.09639458,-8.20524796,4.80833763,1.12336373,9.18092208,0.61667427,0.13713983,0.50880595,-0.60862773,4.60621579,-3.7913872,-23.67685183,0.0,15.6732317,0.42254647,2.29971609
1760624568.687,0.17753233,-0.30141059,1.81938236,-0.01480294,0.94242218,0.00252395,80.0,-7.0,0.0,80.0,1.3962634,0.0,0.0,0.0,80.0,-7.0,0.0,80.0,1.3962634,0.0,0.0,0.0,-3.62510501,-1.08587136,-8.19719775,4.82808864,1.12701245,9.23828336,0.649124,0.05135425,0.50166776,-0.60549686,4.61516316,-3.80224037,-23.66342215,0.0,15.68772131,0.43217031,2.30454505
1760624568.721,0.19192846,-0.30144529,1.82301908,-0.01698971,0.94276533,0.00268315,80.0,-7.0,0.0,80.0,1.3962634,0.0,0.0,0.0,80.0,-7.0,0.0,80.0,1.3962634,0.0,0.0,0.0,-3.72481346,-1.031821,-8.3662359,4.93984558,1.132411,9.40283639,0.67930284,0.02295388,0.47455165,-0.60602246,4.74795464,-3.79420426,-23.77442877,0.0,15.57596102,0.40595578,2.30560357
1760624568.754,0.19002783,-0.30581351,1.80090198,-0.0167219,0.94268332,0.00249034,80.0,-7.0,0.0,80.0,1.3962634,0.0,0.0,0.0,80.0,-7.0,0.0,80.0,1.3962634,0.0,0.0,0.0,-3.68619586,-1.02086387,-8.29534344,4.87652402,1.16116127,9.40865713,0.72475312,0.0,0.4783642,-0.62016048,4.85501009,-3.78596641,-23.837165,0.0,15.51725189,0.39467663,2.31984119
1760624568.788,0.19189827,-0.31101376,1.79369617,-0.01626989,0.94243346,0.00246605,80.0,-7.0,0.0,80.0,1.3962634,0.0,0.0,0.0,80.0,-7.0,0.0,80.0,1.3962634,0.0,0.0,0.0,-3.69643004,-0.9898723,-8.24697101,4.85837537,1.17816348,9.39751734,0.78315504,0.0,0.39601679,-0.6559201,4.99663837,-3.77381011,-23.82869085,0.0,15.53878921,0.41677283,2.41167173
1760624568.821,0.17675939,-0.31311401,1.78318845,-0.01512323,0.94200685,0.00227364,80.0,-7.0,0.0,80.0,1.3962634,0.0,0.0,0.0,80.0,-7.0,0.0,80.0,1.3962634,0.0,0.0,0.0,-3.69333287,-0.97117206,-8.19726265,4.82768611,1.20184146,9.40492471,0.82808356,0.0,0.37947833,-0.65450539,5.0892612,-3.76413766,-23.81057054,0.0,15.56584105,0.43829828,2.46412733
1760624568.855,0.19556566,-0.31769016,1.79715912,-0.01525053,0.94175061,0.00178761,80.0,-7.0,0.0,80.0,1.3962634,0.0,0.0,0.0,80.0,-7.0,0.0,80.0,1.3962634,0.0,0.0,0.0,-3.7252144,-0.94137528,-8.15890774,4.80311082,1.23968482,9.41712603,0.83795379,0.0,0.33986476,-0.65408569,5.11908962,-3.73837683,-23.81756074,0.0,15.56414662,0.41524751,2.42127951
1760624568.888,0.20707079,-0.31208457,1.82804742,-0.01600535,0.94175918,0.00173581,80.0,-7.0,0.0,80.0,1.3962634,0.0,0.0,0.0,80.0,-7.0,0.0,80.0,1.3962634,0.0,0.0,0.0,-3.76044557,-0.91962514,-8.18045045,4.81562639,1.24793983,9.39292381,0.86575352,0.0,0.30800367,-0.64558922,5.13107516,-3.71843526,-23.82998658,0.0,15.55510492,0.41796943,2.42558446
1760624568.921,0.21571074,-0.30893719,1.83940637,-0.01627728,0.94175374,0.00146619,80.0,-7.0,0.0,80.0,1.3962634,0.0,0.0,0.0,80.0,-7.0,0.0,80.0,1.3962634,0.0,0.0,0.0,-3.90139262,-0.86260909,-8.25316977,4.95642529,1.23972253,9.44838924,0.87299482,0.0,0.30197486,-0.64339905,5.23596674,-3.67573651,-23.87132502,0.0,15.52479149,0.42612458,2.43158943
1760624568.955,0.22357517,-0.29722376,1.86598121,-0.01692022,0.94189622,0.00149387,80.0,-7.0,0.0,80.0,1.3962634,0.0,0.0,0.0,80.0,-7.0,0.0,80.0,1.3962634,0.0,0.0,0.0,-3.93112736,-0.85585031,-8.28368327,4.97865936,1.23848047,9.41112353,0.88433892,0.00972614,0.32159327,-0.63560059,5.19048554,-3.67002105,-23.88358456,0.0,15.51126688,0.40844004,2.38628939
1760624568.988,0.22558774,-0.28886809,1.86742928,-0.01670119,0.94175839,0.00176313,80.0,-7.0,0.0,80.0,1.3962634,0.0,0.0,0.0,80.0,-7.0,0.0,80.0,1.3962634,0.0,0.0,0.0,-3.97387706,-0.84745533,-8.28914294,5.01373647,1.22847492,9.39265139,0.89840843,0.04189083,0.33484123,-0.633221,5.16370114,-3.66288062,-23.90524114,0.0,15.48743465,0.4105294,2.37170823
1760624569.022,0.23806462,-0.27914015,1.86306587,-0.0160704,0.94198173,0.0020534,80.0,-7.0,0.0,80.0,1.3962634,0.0,0.0,0.0,80.0,-7.0,0.0,80.0,1.3962634,0.0,0.0,0.0,-3.99590698,-0.84420083,-8.26817597,5.01788439,1.21548579,9.41946434,0.89082057,0.00302165,0.3510936,-0.63886852,5.1576947,-3.65418802,-23.92881448,0.0,15.4605894,0.38460136,2.33988965
1760624569.055,0.23501117,-0.27139586,1.85356587,-0.01520657,0.94201996,0.00238175,80.0,-7.0,0.0,80.0,1.3962634,0.0,0.0,0.0,80.0,-7.0,0.0,80.0,1.3962634,0.0,0.0,0.0,-3.98076969,-0.84568351,-8.28511677,4.98201023,1.19233917,9.38522773,0.89111127,0.08089312,0.36322186,-0.63928318,5.21109549,-3.65722195,-23.95568722,0.0,15.4340809,0.41289824,2.38241019
1760624569.088,0.22026786,-0.27053754,1.85439781,-0.01423118,0.94211317,0.00233264,80.0,-7.0,0.0,80.0,1.3962634,0.0,0.0,0.0,80.0,-7.0,0.0,80.0,1.3962634,0.0,0.0,0.0,-4.13317454,-0.75729323,-8.35983034,5.13257371,1.14044359,9.48855262,0.89713608,0.09045488,0.41101771,-0.63355035,5.50570939,-3.60829381,-23.96702592,0.0,15.41033415,0.45288803,2.46188135
1760624569.122,0.21809837,-0.26035177,1.84648724,-0.01362351,0.94204305,0.00279119,80.0,-7.0,0.0,80.0,1.3962634,0.0,0.0,0.0,80.0,-7.0,0.0,80.0,1.3962634,0.0,0.0,0.0,-4.10406683,-0.75580278,-8.32846666,5.09286355,1.13472914,9.5376062,0.90061591,0.0038115,0.40241566,-0.63510043,5.58955125,-3.6071907,-23.9553066,0.0,15.42452044,0.47053772,2.51909097
1760624569.155,0.23141423,-0.2546385,1.84141243,-0.01364912,0.94220074,0.00310732,80.0,-7.0,0.0,80.0,1.3962634,0.0,0.0,0.0,80.0,-7.0,0.0,80.0,1.3962634,0.0,0.0,0.0,-4.07883193,-0.73618572,-8.32494864,5.07068644,1.12402505,9.56408645,0.91736999,0.0,0.40623316,-0.63343331,5.66039866,-3.6123735,-23.95892883,0.0,15.42179374,0.46386837,2.51503535
1760624569.222,0.22284337,-0.23215796,1.85827127,-0.01424072,0.94243879,0.00357239,80.0,-7.0,0.0,80.0,1.3962634,0.0,0.0,0.0,80.0,-7.0,0.0,80.0,1.3962634,0.0,0.0,0.0,-4.0253311,-0.70066963,-8.3914611,5.10613436,1.09665447,9.51781675,0.97545301,0.0,0.43702238,-0.64920264,5.65859636,-3.60760379,-23.95081394,0.0,15.43145146,0.48099563,2.53288945
1760624569.256,0.22247191,-0.2317937,1.85934662,-0.0143846,0.94233038,0.00330597,80.0,-7.0,0.0,80.0,1.3962634,0.0,0.0,0.0,80.0,-7.0,0.0,80.0,1.3962634,0.0,0.0,0.0,-4.19635234,-0.5304451,-8.53308362,5.37390446,0.99780534,9.62842868,0.99109427,0.0,0.42972323,-0.67546082,5.80267697,-3.49978754,-23.97414178,0.0,15.42662882,0.47602431,2.50325984
1760624569.289,0.20717584,-0.22511509,1.86783735,-0.01435654,0.9421688,0.00347371,80.0,-7.0,0.0,80.0,1.3962634,0.0,0.0,0.0,80.0,-7.0,0.0,80.0,1.3962634,0.0,0.0,0.0,-4.19895304,-0.52092897,-8.55428644,5.42401826,0.99829872,9.63934811,1.01404853,0.0,0.4343067,-0.67881446,5.77938513,-3.50334184,-23.94413991,0.0,15.45808957,0.49924195,2.52012553
1760624569.323,0.21724547,-0.21501394,1.85675928,-0.01317089,0.94248373,0.00340321,80.0,-7.0,0.0,80.0,1.3962634,0.0,0.0,0.0,80.0,-7.0,0.0,80.0,1.3962634,0.0,0.0,0.0,-4.22523397,-0.50656172,-8.54252637,5.45142416,0.99732101,9.65097117,1.03834353,0.0,0.43653564,-0.70377436,5.71663923,-3.49321353,-23.90069961,0.0,15.50398874,0.50152499,2.50639814
1760624569.356,0.21216245,-0.21221123,1.850061,-0.01228712,0.94256489,0.00328407,80.0,-7.0,0.0,80.0,1.3962634,0.0,0.0,0.0,80.0,-7.0,0.0,80.0,1.3962634,0.0,0.0,0.0,-4.13929094,-0.45743948,-8.41455619,5.36310533,0.93508845,9.62551044,1.0465461,0.0,0.43831522,-0.73807605,5.57999921,-3.45200157,-23.82171939,0.0,15.60087992,0.5139136,2.48754682
1760624569.389,0.21574338,-0.20327631,1.84206098,-0.01227707,0.94251046,0.00341742,80.0,-7.0,0.0,80.0,1.3962634,0.0,0.0,0.0,80.0,-7.0,0.0,80.0,1.3962634,0.0,0.0,0.0,-4.15250613,-0.44958681,-8.399778,5.37430354,0.92346167,9.67795311,1.04380976,0.0,0.44470672,-0.74100431,5.51895982,-3.47054508,-23.78006781,0.0,15.64216467,0.55045279,2.48397123
1760624569.423,0.21268505,-0.19170034,1.83524608,-0.01230706,0.9424318,0.0034664,80.0,-7.0,0.0,80.0,1.3962634,0.0,0.0,0.0,80.0,-7.0,0.0,80.0,1.3962634,0.0,0.0,0.0,-4.16359973,-0.443037,-8.41532718,5.41793046,0.87392564,9.6986304,1.04422725,0.0,0.4481296,-0.74678041,5.42998398,-3.51885457,-23.74861701,0.0,15.66978198,0.57754179,2.46760318
1760624569.456,0.21170844,-0.18981114,1.82778563,-0.01315752,0.94191209,0.00352929,80.0,-7.0,0.0,80.0,1.3962634,0.0,0.0,0.0,80.0,-7.0,0.0,80.0,1.3962634,0.0,0.0,0.0,-4.17627769,-0.43917166,-8.4283094,5.46291272,0.82157934,9.70934672,1.05018874,0.0,0.45793373,-0.75381195,5.36753115,-3.57351818,-23.73391688,0.0,15.67988891,0.56747735,2.42843457
1760624569.49,0.22090273,-0.18312885,1.84316441,-0.0144017,0.94175244,0.00395944,80.0,-7.0,0.0,80.0,1.3962634,0.0,0.0,0.0,80.0,-7.0,0.0,80.0,1.3962634,0.0,0.0,0.0,-4.27875508,-0.45927546,-8.75677663,5.59379581,0.84049724,9.97564627,1.01991002,0.0,0.49985466,-0.74724185,5.31572447,-3.6694267,-23.83504849,0.0,15.54009317,0.61897028,2.4153595
1760624569.523,0.21383604,-0.17652151,1.84446126,-0.01472084,0.94171053,0.0043609,80.0,-7.0,0.0,80.0,1.3962634,0.0,0.0,0.0,80.0,-7.0,0.0,80.0,1.3962634,0.0,0.0,0.0,-4.31146735,-0.47094336,-8.76382265,5.66210729,0.78939496,9.97639903,0.96242455,0.0,0.47726324,-0.7391317,5.23210552,-3.71460632,-23.83802759,0.0,15.53096379,0.64954097,2.38535838
1760624569.557,0.20969841,-0.17393863,1.85041223,-0.01469344,0.94192076,0.00458424,80.0,-7.0,0.0,80.0,1.3962634,0.0,0.0,0.0,80.0,-7.0,0.0,80.0,1.3962634,0.0,0.0,0.0,-4.35543206,-0.48626663,-8.7732746,5.71231759,0.76033417,9.95838552,0.92016955,0.0,0.48794078,-0.74246103,5.17696455,-3.74217414,-23.85268834,0.0,15.51124405,0.65882254,2.35774385
1760624569.59,0.21700998,-0.17088892,1.87761801,-0.01552051,0.9423945,0.00516226,80.0,-7.0,0.0,80.0,1.3962634,0.0,0.0,0.0,80.0,-7.0,0.0,80.0,1.3962634,0.0,0.0,0.0,-4.40409287,-0.51420872,-8.77238002,5.73658875,0.75111311,9.90229531,0.8813182,0.0,0.49457163,-0.73420667,5.13881649,-3.77268619,-23.88657792,0.0,15.47432743,0.68286649,2.34725494
1760624569.624,0.20453308,-0.16445687,1.88424016,-0.01623705,0.94276967,0.00573109,80.0,-7.0,0.0,80.0,1.3962634,0.0,0.0,0.0,80.0,-7.0,0.0,80.0,1.3962634,0.0,0.0,0.0,-4.63985854,-0.61135846,-8.67071637,5.94017248,0.82470467,9.76393468,0.81050302,0.0,0.48022003,-0.69970437,5.31397293,-3.88867998,-23.81023434,0.0,15.54501755,0.67351761,2.34526005
1760624569.657,0.19558808,-0.16095101,1.89984614,-0.01625344,0.94270609,0.00532142,80.0,-7.0,0.0,80.0,1.3962634,0.0,0.0,0.0,80.0,-7.0,0.0,80.0,1.3962634,0.0,0.0,0.0,-4.65940911,-0.60230901,-8.69089832,5.93405965,0.78834013,9.69761245,0.77898433,0.0891905,0.46849812,-0.70086656,5.29714179,-3.86818258,-23.8123802,0.0,15.54514345,0.68928077,2.34988692
1760624569.691,0.18944977,-0.17263498,1.90950941,-0.01579705,0.94256931,0.00474375,80.0,-7.0,0.0,80.0,1.3962634,0.0,0.0,0.0,80.0,-7.0,0.0,80.0,1.3962634,0.0,0.0,0.0,-4.51333339,-0.48409787,-8.4046596,5.77003637,0.59009054,9.3378112,0.76244262,0.19454439,0.50143174,-0.70819381,5.15885311,-3.70567769,-23.69170126,0.0,15.70073014,0.6848868,2.32543191
1760624569.724,0.1762275,-0.17783961,1.92841146,-0.01523372,0.94248305,0.00406362,80.0,-7.0,0.0,80.0,1.3962634,0.0,0.0,0.0,80.0,-7.0,0.0,80.0,1.3962634,0.0,0.0,0.0,-4.18656738,-0.47877718,-8.20515149,5.40189193,0.48473491,9.03410372,0.748144,0.29905277,0.49847009,-0.7105019,4.81113152,-3.62431614,-23.58613712,0.0,15.83165059,0.69914559,2.32003994
1760624569.758,0.17326075,-0.1786737,1.9386652,-0.01567675,0.94282571,0.00406938,80.0,-7.0,0.0,80.0,1.3962634,0.0,0.0,0.0,80.0,-7.0,0.0,80.0,1.3962634,0.0,0.0,0.0,-4.17759963,-0.4949707,-8.21978157,5.37354078,0.47733354,8.99417681,0.73170591,0.33663227,0.47916834,-0.69001153,4.78463662,-3.62299195,-23.58554912,0.0,15.83350069,0.68602335,2.32271195
1760624569.791,0.15772564,-0.18281341,1.92389568,-0.01466781,0.94274574,0.00449951,80.0,-7.0,0.0,80.0,1.3962634,0.0,0.0,0.0,80.0,-7.0,0.0,80.0,1.3962634,0.0,0.0,0.0,-3.38130119,-0.57405248,-7.95960349,4.54910993,0.40077146,8.64775426,0.71349006,0.43721756,0.49769958,-0.66712481,3.97929093,-3.56814422,-23.47145821,0.0,15.9834365,0.6897223,2.30693293
1760624569.825,0.15666553,-0.19436583,1.91447159,-0.01454001,0.94269573,0.00466614,80.0,-7.0,0.0,80.0,1.3962634,0.0,0.0,0.0,80.0,-7.0,0.0,80.0,1.3962634,0.0,0.0,0.0,-3.38277313,-0.58512871,-7.9741346,4.53410895,0.3875024,8.64045916,0.69969484,0.44712162,0.4944066,-0.67044614,3.99596561,-3.57297465,-23.46790449,0.0,15.98784568,0.70257324,2.3114776
1760624569.858,0.15211784,-0.20482033,1.91460483,-0.0145789,0.94288114,0.00488027,80.0,-7.0,0.0,80.0,1.3962634,0.0,0.0,0.0,80.0,-7.0,0.0,80.0,1.3962634,0.0,0.0,0.0,-3.39162527,-0.59989265,-7.99287217,4.52303437,0.38462374,8.63042883,0.69760872,0.50002319,0.49914445,-0.66881816,3.99241602,-3.60511925,-23.46268102,0.0,15.99686872,0.71814886,2.34503901
1760624569.891,0.13929822,-0.21454068,1.90910711,-0.01365528,0.94306924,0.00492684,80.0,-7.0,0.0,80.0,1.3962634,0.0,0.0,0.0,80.0,-7.0,0.0,80.0,1.3962634,0.0,0.0,0.0,-3.39493519,-0.61923885,-8.00042471,4.53611806,0.39093389,8.60640481,0.68805145,0.53895814,0.49481287,-0.66012129,4.01576469,-3.63640867,-23.47334892,0.0,15.99055771,0.70654449,2.33249965
1760624569.925,0.1233796,-0.21580437,1.91203012,-0.01329706,0.94324683,0.00482162,80.0,-7.0,0.0,80.0,1.3962634,0.0,0.0,0.0,80.0,-7.0,0.0,80.0,1.3962634,0.0,0.0,0.0,-3.39139793,-0.64169582,-8.04943721,4.56132826,0.3934891,8.54218911,0.67771245,0.58010674,0.50043748,-0.65285501,4.04466422,-3.67475735,-23.47648959,0.0,15.99340268,0.73404687,2.35895893
1760624569.958,0.13512551,-0.22104317,1.91804152,-0.01473506,0.94305754,0.00467886,80.0,-7.0,0.0,80.0,1.3962634,0.0,0.0,0.0,80.0,-7.0,0.0,80.0,1.3962634,0.0,0.0,0.0,-3.89581943,-0.68712247,-8.26434388,5.0557844,0.52048905,8.70230793,0.68351736,0.58032784,0.52750599,-0.66493991,4.56723774,-3.82180493,-23.57884182,0.0,15.92258806,0.73069379,2.3791509
1760624569.992,0.1433649,-0.23797913,1.93148707,-0.01547631,0.94273162,0.00441539,80.0,-7.0,0.0,80.0,1.3962634,0.0,0.0,0.0,80.0,-7.0,0.0,80.0,1.3962634,0.0,0.0,0.0,-4.04288736,-0.62808884,-8.33373096,5.20461455,0.50447943,8.74386524,0.69182148,0.56445148,0.51930653,-0.67857074,4.74794931,-3.81607129,-23.6510981,0.0,15.88308134,0.7213337,2.39550961
1760624570.025,0.15747411,-0.24711328,1.94687185,-0.01713611,0.94206347,0.00376498,80.0,-7.0,0.0,80.0,1.3962634,0.0,0.0,0.0,80.0,-7.0,0.0,80.0,1.3962634,0.0,0.0,0.0,-4.29803021,-0.5721874,-8.43810424,5.45803972,0.51120069,8.81490544,0.70990341,0.50195995,0.52229238,-0.64801843,5.01960814,-3.81495878,-23.72557598,0.0,15.83823328,0.72525216,2.38929312
1760624570.059,0.16274137,-0.25441263,1.94910696,-0.0177845,0.94182677,0.00352195,80.0,-7.0,0.0,80.0,1.3962634,0.0,0.0,0.0,80.0,-7.0,0.0,80.0,1.3962634,0.0,0.0,0.0,-4.47444898,-0.58020713,-8.50155523,5.61937772,0.58084826,8.92187878,0.72070565,0.4365743,0.52448937,-0.65373237,5.19206828,-3.86666782,-23.76329057,0.0,15.82892222,0.72904982,2.41088766
1760624570.092,0.16793844,-0.26162713,1.94964603,-0.01761848,0.94191003,0.00348362,80.0,-7.0,0.0,80.0,1.3962634,0.0,0.0,0.0,80.0,-7.0,0.0,80.0,1.3962634,0.0,0.0,0.0,-4.49581241,-0.57807354,-8.48326816,5.62233204,0.60061109,8.96216307,0.74670518,0.3889876,0.55918329,-0.66882719,5.19963542,-3.86310723,-23.75281626,0.0,15.84274415,0.72151825,2.38970014
1760624570.126,0.17728295,-0.26701298,1.9506478,-0.017518,0.94195165,0.00346177,80.0,-7.0,0.0,80.0,1.3962634,0.0,0.0,0.0,80.0,-7.0,0.0,80.0,1.3962634,0.0,0.0,0.0,-4.52581785,-0.58457904,-8.47187884,5.63649909,0.61671325,8.97212843,0.77664105,0.37585456,0.56300479,-0.66315365,5.20941719,-3.85471529,-23.76774698,0.0,15.83158763,0.72770016,2.41222757
1760624570.159,0.18145268,-0.26892861,1.95614777,-0.01675959,0.94212273,0.00340613,80.0,-7.0,0.0,80.0,1.3962634,0.0,0.0,0.0,80.0,-7.0,0.0,80.0,1.3962634,0.0,0.0,0.0,-4.53451051,-0.58850413,-8.4399525,5.65903796,0.63067482,8.98842468,0.7618747,0.29818664,0.54776848,-0.66842772,5.18341311,-3.84235646,-23.7651212,0.0,15.83838186,0.72583271,2.40538139
1760624570.193,0.17941471,-0.2761431,1.94571201,-0.01553035,0.94197503,0.00295177,80.0,-7.0,0.0,80.0,1.3962634,0.0,0.0,0.0,80.0,-7.0,0.0,80.0,1.3962634,0.0,0.0,0.0,-4.47447533,-0.55170396,-8.24768546,5.60837876,0.56789947,8.85340857,0.76592355,0.32859647,0.57024888,-0.67483291,5.12908902,-3.79332207,-23.70066438,0.0,15.95739809,0.73225474,2.4042911
1760624570.226,0.1914905,-0.27533821,1.9497454,-0.01465626,0.94172362,0.00223852,80.0,-7.0,0.0,80.0,1.3962634,0.0,0.0,0.0,80.0,-7.0,0.0,80.0,1.3962634,0.0,0.0,0.0,-4.46677143,-0.55164402,-8.22565182,5.59050587,0.55201314,8.85562322,0.76247612,0.35774717,0.56688225,-0.67878454,5.14257214,-3.80138554,-23.70104446,0.0,15.96106801,0.74672784,2.42880648
1760624570.259,0.19487595,-0.2792971,1.96663955,-0.01440194,0.94154963,0.00188852,80.0,-7.0,0.0,80.0,1.3962634,0.0,0.0,0.0,80.0,-7.0,0.0,80.0,1.3962634,0.0,0.0,0.0,-4.45672294,-0.55576634,-8.20556802,5.58667953,0.53364169,8.86716399,0.75036425,0.36418269,0.56274286,-0.67997308,5.14990348,-3.81808923,-23.7030674,0.0,15.9591721,0.75096388,2.42046386
1760624570.293,0.1813871,-0.27635459,1.97843831,-0.01406793,0.94134804,0.00180196,80.0,-7.0,0.0,80.0,1.3962634,0.0,0.0,0.0,80.0,-7.0,0.0,80.0,1.3962634,0.0,0.0,0.0,-4.2689226,-0.53956824,-8.06817137,5.44091732,0.44805965,8.77284323,0.72355168,0.37827906,0.58224564,-0.67605922,5.02432535,-3.7987492,-23.6430818,0.0,16.04359724,0.74380733,2.40540402
1760624570.326,0.17610479,-0.27153628,1.98229629,-0.01392212,0.94128775,0.00172765,80.0,-7.0,0.0,80.0,1.3962634,0.0,0.0,0.0,80.0,-7.0,0.0,80.0,1.3962634,0.0,0.0,0.0,-4.1660746,-0.58150254,-7.98036634,5.35235251,0.43454774,8.68226805,0.71932383,0.4150017,0.59923478,-0.68952191,4.96176351,-3.82471535,-23.59335783,0.0,16.10905278,0.7586554,2.42819682
1760624570.36,0.17798116,-0.26900662,1.99364011,-0.01425312,0.94131121,0.00176202,80.0,-7.0,0.0,80.0,1.3962634,0.0,0.0,0.0,80.0,-7.0,0.0,80.0,1.3962634,0.0,0.0,0.0,-4.14772092,-0.59544594,-7.93849502,5.35588344,0.42286805,8.72609724,0.7032186,0.28128713,0.5984302,-0.68939777,4.95294036,-3.82229739,-23.58593442,0.0,16.11770926,0.76290418,2.44265794
1760624570.393,0.1739962,-0.26911801,1.97978525,-0.01429503,0.94135508,0.00196232,80.0,-7.0,0.0,80.0,1.3962634,0.0,0.0,0.0,80.0,-7.0,0.0,80.0,1.3962634,0.0,0.0,0.0,-4.14779258,-0.62253352,-7.88979907,5.37706741,0.43248369,8.77669515,0.68459723,0.17644322,0.59386986,-0.68590378,4.94737857,-3.79009095,-23.61514103,0.0,16.08962065,0.72027935,2.39415653
1760624570.427,0.16019365,-0.27157333,1.98202609,-0.0152223,0.94142011,0.00168827,80.0,-7.0,0.0,80.0,1.3962634,0.0,0.0,0.0,80.0,-7.0,0.0,80.0,1.3962634,0.0,0.0,0.0,-4.17564061,-0.57643625,-8.02138985,5.42737558,0.41629909,8.89841856,0.68612023,0.18240179,0.63387152,-0.67275714,4.96121141,-3.68520659,-23.68804797,0.0,16.01798158,0.71981909,2.41483242
1760624570.46,0.15439583,-0.27307222,1.98529889,-0.01475781,0.94147496,0.00164406,80.0,-7.0,0.0,80.0,1.3962634,0.0,0.0,0.0,80.0,-7.0,0.0,80.0,1.3962634,0.0,0.0,0.0,-4.04016311,-0.59871379,-8.04460886,5.3051318,0.44544058,8.97165731,0.69741688,0.09731387,0.60005604,-0.67251646,4.78087024,-3.61279299,-23.70881087,0.0,16.01321812,0.69728419,2.40901199
1760624570.493,0.16364456,-0.27570226,1.98886198,-0.01465765,0.94146568,0.00171483,80.0,-7.0,0.0,80.0,1.3962634,0.0,0.0,0.0,80.0,-7.0,0.0,80.0,1.3962634,0.0,0.0,0.0,-4.05173558,-0.6165985,-8.01222424,5.31905344,0.49835862,9.03563394,0.68865165,0.03544864,0.59076403,-0.66410438,4.73759706,-3.52813074,-23.69572057,0.0,16.0308687,0.65043676,2.3791901
1760624570.527,0.15285025,-0.28464288,1.98988958,-0.01403411,0.94106196,0.0009066,80.0,-7.0,0.0,80.0,1.3962634,0.0,0.0,0.0,80.0,-7.0,0.0,80.0,1.3962634,0.0,0.0,0.0,-3.94576223,-0.5535088,-8.07951814,5.2370594,0.44137985,9.16011335,0.72019246,0.01701719,0.61091359,-0.67572678,4.62534776,-3.3929944,-23.73664106,0.0,16.01019907,0.64443368,2.38852342
1760624570.56,0.15762882,-0.28996972,1.99805285,-0.01379226,0.94087744,0.00087642,80.0,-7.0,0.0,80.0,1.3962634,0.0,0.0,0.0,80.0,-7.0,0.0,80.0,1.3962634,0.0,0.0,0.0,-3.94041817,-0.56609729,-8.07697073,5.25234186,0.45833235,9.18276726,0.7266364,0.0,0.61806604,-0.67920672,4.61952821,-3.36387638,-23.7190602,0.0,16.02990302,0.63859544,2.40574111
1760624570.594,0.15524509,-0.28734272,2.01796973,-0.0140064,0.94068058,0.00063576,80.0,-7.0,0.0,80.0,1.3962634,0.0,0.0,0.0,80.0,-7.0,0.0,80.0,1.3962634,0.0,0.0,0.0,-3.91202505,-0.57152743,-8.0776076,5.2768294,0.46706777,9.18717126,0.71307213,0.0,0.64959304,-0.70663002,4.61632252,-3.32533871,-23.72380658,0.0,16.02987183,0.64057164,2.39744654
1760624570.627,0.1673603,-0.29286883,2.02480237,-0.01434963,0.94073559,0.00061281,80.0,-7.0,0.0,80.0,1.3962634,0.0,0.0,0.0,80.0,-7.0,0.0,80.0,1.3962634,0.0,0.0,0.0,-3.89646035,-0.57645051,-8.07391762,5.28137859,0.46432245,9.17524934,0.71521086,0.0,0.65582886,-0.71031776,4.61592667,-3.31800644,-23.73810053,0.0,16.0162169,0.63939033,2.401639
1760624570.661,0.15833072,-0.29337273,2.04181574,-0.0142618,0.94081025,1.199e-05,80.0,-7.0,0.0,80.0,1.3962634,0.0,0.0,0.0,80.0,-7.0,0.0,80.0,1.3962634,0.0,0.0,0.0,-3.81146786,-0.46918397,-8.07223443,5.26263926,0.35293545,9.14958592,0.69303298,0.0,0.69606382,-0.71898043,4.61175113,-3.19837963,-23.74201513,0.0,16.01703418,0.62799682,2.40740961
1760624570.694,0.17139748,-0.29241815,2.05106112,-0.01426921,0.94068347,-0.00022994,80.0,-7.0,0.0,80.0,1.3962634,0.0,0.0,0.0,80.0,-7.0,0.0,80.0,1.3962634,0.0,0.0,0.0,-3.79821773,-0.46836539,-8.06426414,5.2542003,0.35283949,9.17487951,0.68631195,0.0,0.69322958,-0.72006495,4.63408715,-3.19233831,-23.72583436,0.0,16.03380835,0.63889612,2.41660538
1760624570.728,0.17258384,-0.2991814,2.0583506,-0.01446307,0.94060732,-0.0007158,80.0,-7.0,0.0,80.0,1.3962634,0.0,0.0,0.0,80.0,-7.0,0.0,80.0,1.3962634,0.0,0.0,0.0,-3.80145274,-0.30396751,-8.07115111,5.28204908,0.21307555,9.21602476,0.68860869,0.0,0.70614863,-0.75179154,4.70289587,-3.0327835,-23.74043242,0.0,16.01076585,0.6212569,2.41703056
1760624570.761,0.18286372,-0.29256035,2.06240671,-0.0144494,0.94058203,-0.00048219,80.0,-7.0,0.0,80.0,1.3962634,0.0,0.0,0.0,80.0,-7.0,0.0,80.0,1.3962634,0.0,0.0,0.0,-3.79744492,-0.29849615,-8.06292983,5.28817022,0.21611567,9.22954874,0.69041213,0.0,0.70265181,-0.74678392,4.70015865,-3.0258262,-23.73217649,0.0,16.01891775,0.61919161,2.42030113
1760624570.795,0.2061947,-0.28774672,2.04471326,-0.01425813,0.94073495,-0.0002162,80.0,-7.0,0.0,80.0,1.3962634,0.0,0.0,0.0,80.0,-7.0,0.0,80.0,1.3962634,0.0,0.0,0.0,-3.80413722,-0.2786202,-8.01293838,5.28879695,0.2148338,9.31194912,0.68964244,0.0,0.67498762,-0.72290037,4.68283663,-2.99855881,-23.68615028,0.0,16.06377234,0.62475748,2.42782966
1760624570.828,0.20745179,-0.2871179,2.04504006,-0.0141902,0.94092791,8.227e-05,80.0,-7.0,0.0,80.0,1.3962634,0.0,0.0,0.0,80.0,-7.0,0.0,80.0,1.3962634,0.0,0.0,0.0,-3.80806331,-0.27107505,-7.99640206,5.29244665,0.20784628,9.33222508,0.73573004,0.0,0.68767527,-0.72268985,4.67466855,-2.97941355,-23.68646195,0.0,16.06246767,0.62719431,2.42632053
1760624570.861,0.20822557,-0.28643562,2.0471218,-0.01385377,0.94089423,0.000213,80.0,-7.0,0.0,80.0,1.3962634,0.0,0.0,0.0,80.0,-7.0,0.0,80.0,1.3962634,0.0,0.0,0.0,-3.67052094,-0.20543491,-7.94721648,5.18542274,0.12765635,9.29882274,0.75478377,0.0,0.66991616,-0.72429886,4.53661855,-2.87320553,-23.66573905,0.0,16.07579438,0.5963739,2.38272722
1760624570.895,0.22673683,-0.28679142,2.03613733,-0.01368438,0.94105524,0.0003306,80.0,-7.0,0.0,80.0,1.3962634,0.0,0.0,0.0,80.0,-7.0,0.0,80.0,1.3962634,0.0,0.0,0.0,-3.66669964,-0.21163752,-7.9338003,5.18752964,0.13901394,9.30807284,0.75601003,0.0,0.66234497,-0.71145335,4.53875054,-2.86912871,-23.67514688,0.0,16.06546227,0.62101969,2.4316027
1760624570.928,0.23791561,-0.29145189,2.03400437,-0.0141785,0.94098056,0.00044872,80.0,-7.0,0.0,80.0,1.3962634,0.0,0.0,0.0,80.0,-7.0,0.0,80.0,1.3962634,0.0,0.0,0.0,-3.67095399,-0.2268815,-7.94688142,5.18002834,0.16011371,9.32471856,0.77343915,0.0,0.68849411,-0.71548996,4.54384164,-2.87504529,-23.67749552,0.0,16.06050322,0.62730956,2.46807183
1760624570.962,0.23720704,-0.28716586,2.04159018,-0.01368745,0.94102486,0.00062018,80.0,-7.0,0.0,80.0,1.3962634,0.0,0.0,0.0,80.0,-7.0,0.0,80.0,1.3962634,0.0,0.0,0.0,-3.63648855,-0.30196494,-8.03573908,5.15480984,0.24207644,9.42222112,0.75460951,0.0,0.73504874,-0.73686227,4.56368649,-2.93072294,-23.73325757,0.0,15.96926931,0.61490089,2.45755752
1760624570.995,0.24575208,-0.28492524,2.04787141,-0.01347738,0.94119273,0.00041302,80.0,-7.0,0.0,80.0,1.3962634,0.0,0.0,0.0,80.0,-7.0,0.0,80.0,1.3962634,0.0,0.0,0.0,-3.62359935,-0.31755534,-8.01801821,5.12679363,0.24349352,9.47766379,0.76103639,0.0,0.71761315,-0.73451571,4.59993541,-2.9308483,-23.72313837,0.0,15.97597793,0.64864079,2.52092962
1760624571.029,0.25155885,-0.28121474,2.06135924,-0.01346464,0.94128727,0.00037492,80.0,-7.0,0.0,80.0,1.3962634,0.0,0.0,0.0,80.0,-7.0,0.0,80.0,1.3962634,0.0,0.0,0.0,-3.72519459,-0.35843448,-8.20705188,5.23318388,0.3100694,9.66547055,0.76869221,0.0,0.70467996,-0.74666722,4.72194035,-2.99112237,-23.76958585,0.0,15.86855842,0.67148635,2.55580005
1760624571.062,0.26010462,-0.28357966,2.07402395,-0.01350801,0.94117049,-4.178e-05,80.0,-7.0,0.0,80.0,1.3962634,0.0,0.0,0.0,80.0,-7.0,0.0,80.0,1.3962634,0.0,0.0,0.0,-3.61833249,-0.3221586,-8.19545767,5.1303227,0.25327531,9.66988671,0.77526978,0.0,0.74265998,-0.76576834,4.64444967,-2.94453899,-23.71420683,0.0,15.88718934,0.65956946,2.53795654
1760624571.096,0.24707556,-0.28536831,2.082226,-0.01299535,0.94106559,-8.501e-05,80.0,-7.0,0.0,80.0,1.3962634,0.0,0.0,0.0,80.0,-7.0,0.0,80.0,1.3962634,0.0,0.0,0.0,-3.6172341,-0.31504981,-8.2241049,5.1488355,0.25692325,9.71779342,0.79944379,0.0,0.73323489,-0.75199154,4.6436455,-2.9529914,-23.63450597,0.0,15.96145744,0.65815389,2.5408341
1760624571.129,0.23591926,-0.2813536,2.07671757,-0.01276289,0.94111176,5.291e-05,80.0,-7.0,0.0,80.0,1.3962634,0.0,0.0,0.0,80.0,-7.0,0.0,80.0,1.3962634,0.0,0.0,0.0,-3.61749362,-0.31784271,-8.20477417,5.16537797,0.26556022,9.73196841,0.80928795,0.0,0.72417173,-0.73562976,4.66177439,-2.950838,-23.62309665,0.0,15.96470437,0.66772663,2.56025215
1760624571.162,0.24148842,-0.28896325,2.06776511,-0.01261447,0.94119394,-4.8e-06,80.0,-7.0,0.0,80.0,1.3962634,0.0,0.0,0.0,80.0,-7.0,0.0,80.0,1.3962634,0.0,0.0,0.0,-3.64515504,-0.32135053,-8.18507062,5.18933091,0.2841056,9.74189927,0.81459451,0.0,0.72839198,-0.74795881,4.67548324,-2.94532533,-23.6118927,0.0,15.96612065,0.65552754,2.5311972
1760624571.196,0.23804034,-0.29375281,2.06281642,-0.01243068,0.94115144,-4.769e-05,80.0,-7.0,0.0,80.0,1.3962634,0.0,0.0,0.0,80.0,-7.0,0.0,80.0,1.3962634,0.0,0.0,0.0,-3.65178517,-0.32500773,-8.18978315,5.19062584,0.28582343,9.7325841,0.8218411,0.0,0.73144827,-0.74596112,4.68027355,-2.94003842,-23.61593399,0.0,15.96096954,0.65617154,2.5384021
1760624571.229,0.24559879,-0.2978278,2.04975905,-0.01196721,0.94081603,-0.00012398,80.0,-7.0,0.0,80.0,1.3962634,0.0,0.0,0.0,80.0,-7.0,0.0,80.0,1.3962634,0.0,0.0,0.0,-3.67420207,-0.32035026,-8.18201954,5.19324209,0.28235964,9.75213591,0.82022247,0.0,0.73382255,-0.73451046,4.68288367,-2.93038788,-23.5888825,0.0,15.98067493,0.65844586,2.5660515
1760624571.296,0.23710089,-0.30570595,2.04422354,-0.01107052,0.9398285,-8.251e-05,80.0,-7.0,0.0,80.0,1.3962634,0.0,0.0,0.0,80.0,-7.0,0.0,80.0,1.3962634,0.0,0.0,0.0,-3.68916305,-0.31532648,-8.16429391,5.16500709,0.29693381,9.7458799,0.83520778,0.0,0.74925588,-0.73505681,4.7059467,-2.91247633,-23.60963747,0.0,15.95653251,0.65128366,2.53581835
1760624571.33,0.2369256,-0.30140284,2.06082038,-0.01094993,0.93961005,-2.47e-06,80.0,-7.0,0.0,80.0,1.3962634,0.0,0.0,0.0,80.0,-7.0,0.0,80.0,1.3962634,0.0,0.0,0.0,-3.69634506,-0.31263304,-8.16920597,5.14100007,0.29523756,9.74334989,0.84688899,0.0,0.74318231,-0.72670833,4.69591778,-2.90788906,-23.58600497,0.0,15.97734988,0.68189095,2.57292511
1760624571.363,0.24170665,-0.30238744,2.07258328,-0.01138921,0.93989753,-0.00041529,80.0,-7.0,0.0,80.0,1.3962634,0.0,0.0,0.0,80.0,-7.0,0.0,80.0,1.3962634,0.0,0.0,0.0,-3.71869072,-0.30762574,-8.14395439,5.12376285,0.30744458,9.73936379,0.85541881,0.0,0.72743554,-0.72363084,4.69173409,-2.89669907,-23.60440044,0.0,15.95515515,0.67838213,2.53383057
1760624571.397,0.24260126,-0.298961,2.08265387,-0.01122187,0.93958588,-0.00064792,80.0,-7.0,0.0,80.0,1.3962634,0.0,0.0,0.0,80.0,-7.0,0.0,80.0,1.3962634,0.0,0.0,0.0,-3.75657142,-0.29446884,-8.13683757,5.12165162,0.29852113,9.72822742,0.88078528,0.0,0.74227832,-0.73091268,4.68054808,-2.88946347,-23.58762425,0.0,15.96736633,0.67931655,2.51709598
1760624571.43,0.24659031,-0.30070688,2.08529158,-0.01244637,0.94023427,-0.00099537,80.0,-7.0,0.0,80.0,1.3962634,0.0,0.0,0.0,80.0,-7.0,0.0,80.0,1.3962634,0.0,0.0,0.0,-3.91126566,-0.26373291,-8.07232769,5.26529569,0.28728223,9.63389605,0.88133898,0.0,0.71355267,-0.7173803,4.81942372,-2.86190475,-23.53830589,0.0,15.95626404,0.67987699,2.51971308
1760624571.464,0.25425403,-0.30957156,2.08888231,-0.01206155,0.94052302,-0.00110057,80.0,-7.0,0.0,80.0,1.3962634,0.0,0.0,0.0,80.0,-7.0,0.0,80.0,1.3962634,0.0,0.0,0.0,-3.94416548,-0.27337329,-8.07022863,5.26995444,0.30375016,9.61009975,0.85601758,0.0,0.70277073,-0.71034614,4.785899,-2.87187098,-23.53679442,0.0,15.94995978,0.67433158,2.48663802
1760624571.497,0.24687351,-0.30585716,2.08531501,-0.01127892,0.94048662,-0.00074244,80.0,-7.0,0.0,80.0,1.3962634,0.0,0.0,0.0,80.0,-7.0,0.0,80.0,1.3962634,0.0,0.0,0.0,-3.99394303,-0.40040494,-7.97171411,5.27267723,0.40676644,9.52027805,0.86164311,0.0,0.692953,-0.70428845,4.7885502,-2.98295429,-23.45452562,0.0,15.97786524,0.68695104,2.4935913
1760624571.53,0.23593756,-0.31503295,2.08751073,-0.01030313,0.94047451,-0.00060211,80.0,-7.0,0.0,80.0,1.3962634,0.0,0.0,0.0,80.0,-7.0,0.0,80.0,1.3962634,0.0,0.0,0.0,-4.00738896,-0.41328256,-7.96588128,5.27811401,0.41560212,9.50756475,0.84195125,0.0,0.67735461,-0.69549192,4.77779443,-2.984941,-23.45398811,0.0,15.9728446,0.6827901,2.48201768
1760624571.564,0.2366689,-0.30852644,2.09065796,-0.01054993,0.94078243,-0.00019803,80.0,-7.0,0.0,80.0,1.3962634,0.0,0.0,0.0,80.0,-7.0,0.0,80.0,1.3962634,0.0,0.0,0.0,-4.06441919,-0.55242412,-8.02305472,5.3149801,0.53392083,9.48691703,0.82005269,0.0,0.65745038,-0.66601841,4.78920721,-3.11878959,-23.43512061,0.0,15.93733368,0.68321619,2.47762433
1760624571.597,0.23344568,-0.31177909,2.09477134,-0.01091557,0.94085854,-0.00033399,80.0,-7.0,0.0,80.0,1.3962634,0.0,0.0,0.0,80.0,-7.0,0.0,80.0,1.3962634,0.0,0.0,0.0,-4.31222352,-0.6187348,-8.25218979,5.5417729,0.63432303,9.67807775,0.82435784,0.0,0.6978219,-0.67076939,5.00734071,-3.22105428,-23.46637783,0.0,15.80639056,0.67560869,2.46934197
1760624571.631,0.22705969,-0.31663207,2.10505159,-0.01114723,0.94105033,-0.00073059,80.0,-7.0,0.0,80.0,1.3962634,0.0,0.0,0.0,80.0,-7.0,0.0,80.0,1.3962634,0.0,0.0,0.0,-4.31478444,-0.62820146,-8.29054304,5.55132595,0.63024248,9.63930422,0.82564128,0.0,0.7103206,-0.68132689,5.04152332,-3.22169995,-23.48837242,0.0,15.77455247,0.67412663,2.46781318
1760624571.664,0.221836,-0.32368173,2.12368258,-0.01114562,0.94105356,-0.00113377,80.0,-7.0,0.0,80.0,1.3962634,0.0,0.0,0.0,80.0,-7.0,0.0,80.0,1.3962634,0.0,0.0,0.0,-4.33818498,-0.63034301,-8.3129221,5.57420062,0.63619571,9.61272722,0.81610752,0.0,0.73523421,-0.70632334,5.06358838,-3.21728335,-23.48035382,0.0,15.76988131,0.68648895,2.45960412
1760624571.698,0.23356111,-0.32356484,2.12130052,-0.01207289,0.9412984,-0.00087115,80.0,-7.0,0.0,80.0,1.3962634,0.0,0.0,0.0,80.0,-7.0,0.0,80.0,1.3962634,0.0,0.0,0.0,-4.5706552,-0.66915714,-8.30062182,5.78378266,0.6925797,9.56654791,0.83132968,0.0,0.74730558,-0.70324163,5.30866913,-3.27501858,-23.44695203,0.0,15.72278678,0.67490541,2.4754671
1760624571.731,0.23909421,-0.32824633,2.12746891,-0.01302835,0.94100011,-0.00045481,80.0,-7.0,0.0,80.0,1.3962634,0.0,0.0,0.0,80.0,-7.0,0.0,80.0,1.3962634,0.0,0.0,0.0,-4.70446726,-0.6404746,-8.2471551,5.9143343,0.68543444,9.52984652,0.84069501,0.0,0.73112448,-0.70004874,5.45470128,-3.25245394,-23.35803723,0.0,15.70079811,0.68529736,2.47494608
1760624571.764,0.23798545,-0.3368217,2.12816069,-0.0129688,0.94078478,-0.00034921,80.0,-7.0,0.0,80.0,1.3962634,0.0,0.0,0.0,80.0,-7.0,0.0,80.0,1.3962634,0.0,0.0,0.0,-4.71312943,-0.64632564,-8.25964136,5.90674364,0.70516846,9.51639779,0.86611715,0.0,0.75089078,-0.71176825,5.46405751,-3.24086385,-23.34190041,0.0,15.70904619,0.69149677,2.47888012
1760624571.798,0.22010041,-0.34400907,2.13466828,-0.01299825,0.94040501,-0.00057976,80.0,-7.0,0.0,80.0,1.3962634,0.0,0.0,0.0,80.0,-7.0,0.0,80.0,1.3962634,0.0,0.0,0.0,-4.71735056,-0.65430249,-8.2659753,5.90783805,0.72984809,9.50444986,0.89061984,0.0,0.76089287,-0.71287281,5.47889681,-3.23209116,-23.3282513,0.0,15.71476363,0.68776253,2.48410576
1760624571.832,0.21412544,-0.34619398,2.1358657,-0.01299305,0.94038151,-0.00071915,80.0,-7.0,0.0,80.0,1.3962634,0.0,0.0,0.0,80.0,-7.0,0.0,80.0,1.3962634,0.0,0.0,0.0,-4.7235354,-0.65858129,-8.26235612,5.903955,0.75011979,9.50271576,0.89175128,0.0,0.75922468,-0.71012545,5.47922032,-3.21790985,-23.32921633,0.0,15.7122743,0.68535939,2.48604763
1760624571.865,0.22069574,-0.35567401,2.14392043,-0.01279965,0.94022637,-0.00116417,80.0,-7.0,0.0,80.0,1.3962634,0.0,0.0,0.0,80.0,-7.0,0.0,80.0,1.3962634,0.0,0.0,0.0,-4.76025815,-0.66772664,-8.26736044,5.89786546,0.77703349,9.49867942,0.90193758,0.0,0.75788586,-0.70095711,5.46101955,-3.20713704,-23.30089086,0.0,15.73160563,0.68947687,2.47386215
1760624571.899,0.21378959,-0.35826212,2.14470776,-0.01270444,0.94023057,-0.00160365,80.0,-7.0,0.0,80.0,1.3962634,0.0,0.0,0.0,80.0,-7.0,0.0,80.0,1.3962634,0.0,0.0,0.0,-4.7649144,-0.67009122,-8.27098062,5.89511667,0.78705261,9.48655511,0.89956025,0.0,0.75603379,-0.69990216,5.46599683,-3.20315254,-23.30613193,0.0,15.72438358,0.69019394,2.47863956
1760624571.932,0.20421055,-0.35506819,2.16724792,-0.0130413,0.94025027,-0.00181151,80.0,-7.0,0.0,80.0,1.3962634,0.0,0.0,0.0,80.0,-7.0,0.0,80.0,1.3962634,0.0,0.0,0.0,-4.78598284,-0.67162015,-8.29292338,5.91041635,0.78422681,9.48397601,0.89434282,0.0,0.75551025,-0.69899207,5.46305832,-3.20829013,-23.27816367,0.0,15.73902079,0.69449138,2.47407389
1760624571.965,0.19732924,-0.35139613,2.16813113,-0.01308514,0.94046312,-0.00191647,80.0,-7.0,0.0,80.0,1.3962634,0.0,0.0,0.0,80.0,-7.0,0.0,80.0,1.3962634,0.0,0.0,0.0,-4.79700818,-0.66602432,-8.29767991,5.90210866,0.77033813,9.49384178,0.88391383,0.0,0.75405876,-0.69718129,5.46472284,-3.22840332,-23.26143558,0.0,15.75225374,0.69956678,2.46888391
1760624571.999,0.20014177,-0.35664256,2.18958028,-0.01374918,0.94042135,-0.00102413,80.0,-7.0,0.0,80.0,1.3962634,0.0,0.0,0.0,80.0,-7.0,0.0,80.0,1.3962634,0.0,0.0,0.0,-4.89500224,-0.70841483,-8.34587701,5.98778404,0.81199251,9.47778966,0.84474796,0.0,0.79616215,-0.68386734,5.53681438,-3.32872596,-23.22592017,0.0,15.71348232,0.71865468,2.48495739
1760624572.032,0.18928595,-0.34784763,2.20790621,-0.01412278,0.94049127,-0.00032087,80.0,-7.0,0.0,80.0,1.3962634,0.0,0.0,0.0,80.0,-7.0,0.0,80.0,1.3962634,0.0,0.0,0.0,-4.88696749,-0.71111416,-8.37004184,5.98520946,0.79206942,9.43864191,0.82153832,0.0,0.77873915,-0.68634218,5.52911109,-3.36536193,-23.22485381,0.0,15.70368521,0.73646455,2.48743964
1760624572.066,0.20294518,-0.33912163,2.22210592,-0.01475211,0.94060241,0.00029785,80.0,-7.0,0.0,80.0,1.3962634,0.0,0.0,0.0,80.0,-7.0,0.0,80.0,1.3962634,0.0,0.0,0.0,-4.86163783,-0.74259941,-8.36729414,5.93223618,0.79686796,9.39563616,0.77855437,0.0,0.76314473,-0.66792355,5.48714928,-3.44016609,-23.21050822,0.0,15.68345748,0.74331928,2.49907734
1760624572.099,0.18389662,-0.33721326,2.21499307,-0.01499958,0.94020134,4.892e-05,80.0,-7.0,0.0,80.0,1.3962634,0.0,0.0,0.0,80.0,-7.0,0.0,80.0,1.3962634,0.0,0.0,0.0,-4.71879813,-0.70839148,-8.27551186,5.80347374,0.71332065,9.29112573,0.77200649,0.0,0.78339358,-0.68415812,5.38535378,-3.41005186,-23.12172368,0.0,15.66475668,0.75881287,2.49272644
1760624572.133,0.17034057,-0.3302094,2.22448839,-0.015519,0.93999656,0.00034807,80.0,-7.0,0.0,80.0,1.3962634,0.0,0.0,0.0,80.0,-7.0,0.0,80.0,1.3962634,0.0,0.0,0.0,-4.69460595,-0.69106085,-8.31315126,5.8106549,0.6803023,9.24011885,0.75751955,0.0,0.79350944,-0.69652927,5.37410128,-3.43834259,-23.12032852,0.0,15.65184127,0.76353115,2.50234866
1760624572.166,0.16866422,-0.32676018,2.22022561,-0.01546699,0.94027028,0.00084567,80.0,-7.0,0.0,80.0,1.3962634,0.0,0.0,0.0,80.0,-7.0,0.0,80.0,1.3962634,0.0,0.0,0.0,-4.65945147,-0.68385178,-8.34533727,5.82861061,0.65968607,9.15318259,0.72044227,0.0,0.79264747,-0.69923041,5.33668027,-3.44030592,-23.13089345,0.0,15.6283671,0.77203687,2.50996059
1760624572.2,0.15989623,-0.32358192,2.21648068,-0.01538431,0.94034368,0.00101942,80.0,-7.0,0.0,80.0,1.3962634,0.0,0.0,0.0,80.0,-7.0,0.0,80.0,1.3962634,0.0,0.0,0.0,-4.61821021,-0.66723344,-8.38599399,5.84653174,0.63001872,9.0848111,0.68876089,0.0,0.79765416,-0.70862556,5.29480607,-3.4383546,-23.13103983,0.0,15.61651787,0.77175339,2.51411333
1760624572.233,0.13089636,-0.34232873,2.18619998,-0.01467244,0.93991743,0.00015387,80.0,-7.0,0.0,80.0,1.3962634,0.0,0.0,0.0,80.0,-7.0,0.0,80.0,1.3962634,0.0,0.0,0.0,-4.44227985,-0.55943029,-8.36880031,5.75078727,0.50454044,9.02385494,0.67140164,0.0,0.79351987,-0.73518888,5.17728493,-3.32542441,-23.13611924,0.0,15.55509367,0.78050589,2.50682377
1760624572.266,0.1312263,-0.33297226,2.17480975,-0.01436714,0.93991086,3.703e-05,80.0,-7.0,0.0,80.0,1.3962634,0.0,0.0,0.0,80.0,-7.0,0.0,80.0,1.3962634,0.0,0.0,0.0,-4.42274555,-0.55499828,-8.36162103,5.75198345,0.47573077,9.02932503,0.66086268,0.0,0.77203148,-0.73476205,5.1885023,-3.32507741,-23.15149538,0.0,15.53128426,0.78743761,2.53104053
1760624572.3,0.11878773,-0.34404024,2.17539378,-0.01432623,0.93929894,-0.00013122,80.0,-7.0,0.0,80.0,1.3962634,0.0,0.0,0.0,80.0,-7.0,0.0,80.0,1.3962634,0.0,0.0,0.0,-4.41189736,-0.52936673,-8.36782245,5.77095058,0.45234224,9.05669043,0.66227183,0.0,0.75773513,-0.7307063,5.20775179,-3.33496508,-23.14925134,0.0,15.52409268,0.80574282,2.54875719
1760624572.333,0.10753589,-0.35487183,2.17959329,-0.0134785,0.9386756,-0.00054345,80.0,-7.0,0.0,80.0,1.3962634,0.0,0.0,0.0,80.0,-7.0,0.0,80.0,1.3962634,0.0,0.0,0.0,-4.51208735,-0.42791305,-8.37269321,5.92350346,0.36839302,9.09262234,0.64778378,0.0,0.74721572,-0.73000249,5.35595698,-3.30613408,-23.12709033,0.0,15.51702515,0.81835528,2.54518776
1760624572.367,0.08780375,-0.35299167,2.18745097,-0.01224836,0.93808162,-0.00086802,80.0,-7.0,0.0,80.0,1.3962634,0.0,0.0,0.0,80.0,-7.0,0.0,80.0,1.3962634,0.0,0.0,0.0,-4.50692062,-0.41480361,-8.35330146,5.9405189,0.34411159,9.100082,0.66149763,0.0,0.78366158,-0.74823636,5.37524727,-3.33496391,-23.1071547,0.0,15.53516529,0.86589608,2.58272092
1760624572.4,0.06743481,-0.3526413,2.19064849,-0.01159916,0.9380265,-0.00098012,80.0,-7.0,0.0,80.0,1.3962634,0.0,0.0,0.0,80.0,-7.0,0.0,80.0,1.3962634,0.0,0.0,0.0,-4.50313803,-0.40467424,-8.34929432,5.96445866,0.31874937,9.10291621,0.67967771,0.0,0.80687337,-0.74877678,5.40688298,-3.36518216,-23.10707761,0.0,15.53459275,0.87968035,2.58495275
1760624572.433,0.06258011,-0.3497187,2.21493241,-0.01226112,0.93827032,-0.00031735,80.0,-7.0,0.0,80.0,1.3962634,0.0,0.0,0.0,80.0,-7.0,0.0,80.0,1.3962634,0.0,0.0,0.0,-4.50452697,-0.39730348,-8.38315694,6.00154904,0.30785442,9.08741379,0.66228234,0.0,0.79033479,-0.74155097,5.4268003,-3.4101984,-23.11078909,0.0,15.53166983,0.89629838,2.58195674
1760624572.467,0.0772606,-0.35106749,2.2170987,-0.01386455,0.93850388,0.00021342,80.0,-7.0,0.0,80.0,1.3962634,0.0,0.0,0.0,80.0,-7.0,0.0,80.0,1.3962634,0.0,0.0,0.0,-4.59823494,-0.43867669,-8.53585601,6.08053015,0.38706427,9.28287873,0.6533171,0.0,0.80763219,-0.74484668,5.50517608,-3.50875917,-23.18025376,0.0,15.47785449,0.89761895,2.61829355
1760624572.5,0.06229469,-0.3452437,2.21938634,-0.01475365,0.93865244,0.00037601,80.0,-7.0,0.0,80.0,1.3962634,0.0,0.0,0.0,80.0,-7.0,0.0,80.0,1.3962634,0.0,0.0,0.0,-4.58311996,-0.43825725,-8.54712308,6.06141132,0.37628164,9.31106974,0.68900109,0.0,0.8207651,-0.73918326,5.5137744,-3.5148355,-23.17063458,0.0,15.49047943,0.90777027,2.60466434
1760624572.567,0.07997494,-0.35436623,2.23050826,-0.0154332,0.93880406,0.00029456,80.0,-7.0,0.0,80.0,1.3962634,0.0,0.0,0.0,80.0,-7.0,0.0,80.0,1.3962634,0.0,0.0,0.0,-4.5474424,-0.40481545,-8.77974805,6.03836457,0.38667141,9.55693853,0.68195505,0.0,0.84695048,-0.74780663,5.46681689,-3.52110473,-23.29651697,0.0,15.40452051,0.92261576,2.62847117
1760624572.601,0.09363176,-0.34568145,2.23520625,-0.01566602,0.93868744,0.00030944,80.0,-7.0,0.0,80.0,1.3962634,0.0,0.0,0.0,80.0,-7.0,0.0,80.0,1.3962634,0.0,0.0,0.0,-4.54869283,-0.40799576,-8.78625692,6.02845343,0.37535244,9.55469016,0.70742777,0.0,0.84551123,-0.75004278,5.45932553,-3.52489171,-23.30284704,0.0,15.40351159,0.91720481,2.63731254
1760624572.634,0.1204681,-0.34007611,2.2282669,-0.01641635,0.93879566,0.00020247,80.0,-7.0,0.0,80.0,1.3962634,0.0,0.0,0.0,80.0,-7.0,0.0,80.0,1.3962634,0.0,0.0,0.0,-4.54465588,-0.39783148,-8.8071879,6.02360624,0.36993356,9.58500069,0.71325681,0.0,0.82596864,-0.74516761,5.41063637,-3.52601026,-23.30885384,0.0,15.40677673,0.93744981,2.63639183
1760624572.668,0.10975375,-0.33606131,2.21474913,-0.01592495,0.93871811,0.00051342,80.0,-7.0,0.0,80.0,1.3962634,0.0,0.0,0.0,80.0,-7.0,0.0,80.0,1.3962634,0.0,0.0,0.0,-4.51529229,-0.39849134,-8.79944178,5.99728256,0.37480896,9.63194513,0.72448725,0.0,0.83881225,-0.74838921,5.40978937,-3.52731179,-23.33659079,0.0,15.38892202,0.93629483,2.66149767
1760624572.701,0.11273828,-0.32685481,2.22985563,-0.01503652,0.93859326,0.00110723,80.0,-7.0,0.0,80.0,1.3962634,0.0,0.0,0.0,80.0,-7.0,0.0,80.0,1.3962634,0.0,0.0,0.0,-4.34458332,-0.46473998,-8.96211417,5.80881917,0.43374793,9.83718177,0.73212494,0.0,0.86217871,-0.74602112,5.21100925,-3.56776272,-23.46654136,0.0,15.34336665,0.94154305,2.66337517
1760624572.735,0.11893647,-0.31815436,2.22823683,-0.01498004,0.93855782,0.00138397,80.0,-7.0,0.0,80.0,1.3962634,0.0,0.0,0.0,80.0,-7.0,0.0,80.0,1.3962634,0.0,0.0,0.0,-4.44088799,-0.46680652,-9.10076419,5.89165718,0.46692759,10.00552814,0.77656478,0.0,0.83216133,-0.7527813,5.30115001,-3.58130113,-23.60796673,0.0,15.28731044,0.93338874,2.6567093
1760624572.768,0.13674176,-0.30677655,2.22240745,-0.01491972,0.93863171,0.00153507,80.0,-7.0,0.0,80.0,1.3962634,0.0,0.0,0.0,80.0,-7.0,0.0,80.0,1.3962634,0.0,0.0,0.0,-4.43769608,-0.47510769,-9.06734019,5.85651773,0.47506617,10.04659097,0.80230935,0.0,0.84982555,-0.75489198,5.29197573,-3.57043131,-23.61578091,0.0,15.29005904,0.921644,2.66640356
1760624572.802,0.1432524,-0.30212671,2.22859177,-0.01476537,0.93868073,0.00164643,80.0,-7.0,0.0,80.0,1.3962634,0.0,0.0,0.0,80.0,-7.0,0.0,80.0,1.3962634,0.0,0.0,0.0,-4.42500697,-0.47380294,-9.0359612,5.82014127,0.48990307,10.09623311,0.83945573,0.0,0.85600993,-0.75076003,5.32534742,-3.56577415,-23.62347314,0.0,15.29039284,0.9315296,2.67855486
1760624572.835,0.14930104,-0.29355725,2.22727595,-0.01449201,0.93845761,0.00155212,80.0,-7.0,0.0,80.0,1.3962634,0.0,0.0,0.0,80.0,-7.0,0.0,80.0,1.3962634,0.0,0.0,0.0,-4.41870085,-0.46405228,-9.00754715,5.78997508,0.50138069,10.13931471,0.88232067,0.0,0.862124,-0.75014897,5.35095586,-3.56142976,-23.63860515,0.0,15.28630199,0.93835599,2.70388344
1760624572.868,0.15171657,-0.29134966,2.22708304,-0.01485858,0.93840218,0.00117047,80.0,-7.0,0.0,80.0,1.3962634,0.0,0.0,0.0,80.0,-7.0,0.0,80.0,1.3962634,0.0,0.0,0.0,-4.42264605,-0.4508814,-8.97361569,5.76767657,0.50454594,10.19650237,0.90849161,0.0,0.86618699,-0.75466423,5.35017918,-3.55314937,-23.63619577,0.0,15.29779957,0.93854762,2.69189933
1760624572.902,0.16048928,-0.28977789,2.22713156,-0.01435357,0.93830846,0.00099636,80.0,-7.0,0.0,80.0,1.3962634,0.0,0.0,0.0,80.0,-7.0,0.0,80.0,1.3962634,0.0,0.0,0.0,-4.42661155,-0.42549431,-8.94585506,5.7565631,0.49355471,10.23397244,0.92280067,0.0,0.84540142,-0.76923039,5.33079691,-3.52380474,-23.64091818,0.0,15.31069697,0.95676097,2.68334993
1760624572.935,0.16833365,-0.2937045,2.23673314,-0.01401247,0.93835768,0.00113601,80.0,-7.0,0.0,80.0,1.3962634,0.0,0.0,0.0,80.0,-7.0,0.0,80.0,1.3962634,0.0,0.0,0.0,-4.44330208,-0.41217069,-8.94875028,5.7766877,0.49779759,10.23088171,0.92557482,0.0,0.84566981,-0.76886646,5.28908631,-3.49336165,-23.64093179,0.0,15.31996278,0.93247987,2.66841588
1760624572.969,0.1729657,-0.30138354,2.2251453,-0.01402174,0.93836006,0.00127161,80.0,-7.0,0.0,80.0,1.3962634,0.0,0.0,0.0,80.0,-7.0,0.0,80.0,1.3962634,0.0,0.0,0.0,-4.43677138,-0.39805315,-8.9273981,5.75304468,0.5045189,10.24800462,0.93847681,0.0,0.87224173,-0.77780136,5.24958635,-3.44287111,-23.65484387,0.0,15.32363388,0.93684275,2.64523198
1760624573.002,0.16604028,-0.29924372,2.22037982,-0.01391891,0.93844359,0.00154536,80.0,-7.0,0.0,80.0,1.3962634,0.0,0.0,0.0,80.0,-7.0,0.0,80.0,1.3962634,0.0,0.0,0.0,-4.43816978,-0.39847952,-8.94233785,5.77058248,0.51962423,10.21937075,0.95265779,0.0,0.87424682,-0.77691267,5.23226051,-3.41886034,-23.67606686,0.0,15.30598971,0.92509842,2.66275863
1760624573.036,0.169706,-0.29999419,2.23434053,-0.01395258,0.93851368,0.00173784,80.0,-7.0,0.0,80.0,1.3962634,0.0,0.0,0.0,80.0,-7.0,0.0,80.0,1.3962634,0.0,0.0,0.0,-4.44927665,-0.39567429,-8.96383014,5.78551715,0.55805919,10.21215335,0.96753097,0.0,0.86916076,-0.76233186,5.22369123,-3.36908554,-23.7197622,0.0,15.27664718,0.90591569,2.64727443
1760624573.069,0.17317176,-0.30439879,2.24118041,-0.0137542,0.93842131,0.00140522,80.0,-7.0,0.0,80.0,1.3962634,0.0,0.0,0.0,80.0,-7.0,0.0,80.0,1.3962634,0.0,0.0,0.0,-4.38241759,-0.32892581,-9.13406715,5.69566262,0.52893218,10.44862463,0.99278193,0.0,0.87956325,-0.76781704,5.11400148,-3.28670974,-23.84020807,0.0,15.26929679,0.9149013,2.65189988
1760624573.103,0.19421105,-0.29702171,2.24577063,-0.01344919,0.93856096,0.00135906,80.0,-7.0,0.0,80.0,1.3962634,0.0,0.0,0.0,80.0,-7.0,0.0,80.0,1.3962634,0.0,0.0,0.0,-4.39765029,-0.33209415,-9.14631272,5.6868806,0.54652373,10.44793097,1.01518295,0.0,0.89714645,-0.77298337,5.0907171,-3.24870146,-23.84676302,0.0,15.27738252,0.91331353,2.65793366
1760624573.136,0.17812077,-0.29513982,2.25342189,-0.01327798,0.93879166,0.00113315,80.0,-7.0,0.0,80.0,1.3962634,0.0,0.0,0.0,80.0,-7.0,0.0,80.0,1.3962634,0.0,0.0,0.0,-4.3915363,-0.32035565,-9.17465372,5.69680494,0.55587515,10.46752929,1.02068373,0.0,0.89428173,-0.75498094,5.09297095,-3.22300144,-23.85444758,0.0,15.28614467,0.91075135,2.64254759
1760624573.17,0.18728094,-0.29423286,2.24654218,-0.01296437,0.93879655,0.00083961,80.0,-7.0,0.0,80.0,1.3962634,0.0,0.0,0.0,80.0,-7.0,0.0,80.0,1.3962634,0.0,0.0,0.0,-4.40577807,-0.30902668,-9.1893676,5.6932641,0.54264557,10.47387295,1.03674837,0.0,0.91471803,-0.76842569,5.10253564,-3.20429297,-23.88253354,0.0,15.26974491,0.89138462,2.64265512
1760624573.203,0.19988268,-0.30564414,2.24499708,-0.01296479,0.93856415,0.00060275,80.0,-7.0,0.0,80.0,1.3962634,0.0,0.0,0.0,80.0,-7.0,0.0,80.0,1.3962634,0.0,0.0,0.0,-4.42927612,-0.20873595,-9.26708844,5.72997968,0.44291106,10.54832324,1.01549001,0.0,0.94973533,-0.76563326,5.12832325,-3.12076342,-23.97879643,0.0,15.23680104,0.91147815,2.63908257
1760624573.236,0.21102434,-0.30162827,2.23829883,-0.01304366,0.93854462,0.00066849,80.0,-7.0,0.0,80.0,1.3962634,0.0,0.0,0.0,80.0,-7.0,0.0,80.0,1.3962634,0.0,0.0,0.0,-4.43156703,-0.21737495,-9.26708521,5.725253,0.42401397,10.5593928,0.99494551,0.0,0.934639,-0.76326949,5.11700933,-3.12596343,-23.98854899,0.0,15.2331373,0.91274197,2.63682125
1760624573.27,0.21192257,-0.30279491,2.23927199,-0.01241286,0.93864964,0.00053701,80.0,-7.0,0.0,80.0,1.3962634,0.0,0.0,0.0,80.0,-7.0,0.0,80.0,1.3962634,0.0,0.0,0.0,-4.29420537,-0.21730975,-9.32549183,5.5933038,0.38594232,10.62062434,0.9744129,0.0,0.94498071,-0.74734364,4.98225995,-3.09431288,-24.07965165,0.0,15.21573026,0.92794249,2.64565787
1760624573.303,0.21963848,-0.29689135,2.23561476,-0.01217234,0.93892485,0.00065425,80.0,-7.0,0.0,80.0,1.3962634,0.0,0.0,0.0,80.0,-7.0,0.0,80.0,1.3962634,0.0,0.0,0.0,-4.28149039,-0.24150303,-9.33745973,5.59598966,0.37277749,10.5860973,0.94288236,0.0,0.92486481,-0.74853644,4.95827769,-3.08728664,-24.09917103,0.0,15.20405667,0.91371506,2.64137112
1760624573.337,0.21990388,-0.29502885,2.24570471,-0.01245814,0.93916161,0.00066763,80.0,-7.0,0.0,80.0,1.3962634,0.0,0.0,0.0,80.0,-7.0,0.0,80.0,1.3962634,0.0,0.0,0.0,-4.2679618,-0.25667669,-9.35033751,5.59684804,0.37637949,10.54367618,0.9209013,0.0,0.91900979,-0.74999792,4.93167721,-3.07230715,-24.1139963,0.0,15.19670798,0.89721344,2.6326898
1760624573.37,0.21425125,-0.28760356,2.24571956,-0.01258009,0.93921192,0.00086952,80.0,-7.0,0.0,80.0,1.3962634,0.0,0.0,0.0,80.0,-7.0,0.0,80.0,1.3962634,0.0,0.0,0.0,-4.18437737,-0.33179852,-9.27550911,5.50464367,0.41868699,10.42759811,0.92734013,0.0,0.92648211,-0.761807,4.82128644,-3.08635198,-24.12310782,0.0,15.24174974,0.88615402,2.62056965
1760624573.404,0.22387228,-0.29307597,2.25887899,-0.01290011,0.93914399,0.00056885,80.0,-7.0,0.0,80.0,1.3962634,0.0,0.0,0.0,80.0,-7.0,0.0,80.0,1.3962634,0.0,0.0,0.0,-4.21775256,-0.33567556,-9.28391791,5.52355201,0.45055829,10.40491117,0.92142605,0.0,0.91073325,-0.74753588,4.79302802,-3.0460889,-24.12058605,0.0,15.24979503,0.87570469,2.60594743
1760624573.437,0.22352786,-0.29773515,2.25926146,-0.01316775,0.93900709,0.00013864,80.0,-7.0,0.0,80.0,1.3962634,0.0,0.0,0.0,80.0,-7.0,0.0,80.0,1.3962634,0.0,0.0,0.0,-4.3516006,-0.32619758,-9.10831243,5.63779792,0.46451872,10.18737963,0.94512423,0.0,0.88113225,-0.75543934,4.92337427,-3.00584631,-24.09018336,0.0,15.34215736,0.87235214,2.59967591
1760624573.471,0.22903256,-0.30500901,2.25457883,-0.01290236,0.9389154,0.00020026,80.0,-7.0,0.0,80.0,1.3962634,0.0,0.0,0.0,80.0,-7.0,0.0,80.0,1.3962634,0.0,0.0,0.0,-4.36562126,-0.33939378,-9.10244769,5.62924624,0.50965498,10.17733774,0.93982076,0.0,0.88513395,-0.73573479,4.90078654,-2.97782278,-24.09636421,0.0,15.3412634,0.85226474,2.57152909
1760624573.504,0.22596435,-0.30678274,2.25518349,-0.0122861,0.93883616,-1.513e-05,80.0,-7.0,0.0,80.0,1.3962634,0.0,0.0,0.0,80.0,-7.0,0.0,80.0,1.3962634,0.0,0.0,0.0,-4.38004982,-0.35829786,-9.09605975,5.61594408,0.54902111,10.16425971,0.95879833,0.0,0.8976415,-0.74780639,4.88049091,-2.94927609,-24.09765553,0.0,15.34510252,0.84501521,2.55112884
1760624573.537,0.22009344,-0.30418192,2.24977024,-0.01215634,0.93901592,-2.765e-05,80.0,-7.0,0.0,80.0,1.3962634,0.0,0.0,0.0,80.0,-7.0,0.0,80.0,1.3962634,0.0,0.0,0.0,-4.28166298,-0.45119671,-9.07275793,5.48351363,0.60798671,10.14561191,0.98235697,0.0,0.86437416,-0.7377468,4.75002721,-2.9897807,-24.0697512,0.0,15.39129801,0.84099059,2.55180706
1760624573.571,0.22572225,-0.31396285,2.24802726,-0.01249797,0.93934516,-0.00026531,80.0,-7.0,0.0,80.0,1.3962634,0.0,0.0,0.0,80.0,-7.0,0.0,80.0,1.3962634,0.0,0.0,0.0,-4.29834835,-0.46596458,-9.06338446,5.46764943,0.62245176,10.18145128,0.99487532,0.0,0.90643179,-0.76586372,4.75928551,-2.98002833,-24.06702068,0.0,15.39492069,0.8311925,2.54055415
1760624573.604,0.2278577,-0.32066799,2.25794342,-0.01247693,0.93959811,-0.00051098,80.0,-7.0,0.0,80.0,1.3962634,0.0,0.0,0.0,80.0,-7.0,0.0,80.0,1.3962634,0.0,0.0,0.0,-4.30884966,-0.48766974,-9.07814335,5.46330821,0.63360539,10.19204874,1.01552132,0.0,0.92794285,-0.78589068,4.77188539,-2.96970293,-24.06394081,0.0,15.3962325,0.82276456,2.50829386
1760624573.638,0.23087068,-0.32816405,2.27082885,-0.01226444,0.93964621,-0.00075824,80.0,-7.0,0.0,80.0,1.3962634,0.0,0.0,0.0,80.0,-7.0,0.0,80.0,1.3962634,0.0,0.0,0.0,-4.32199587,-0.49857555,-9.09369676,5.4778565,0.67393446,10.23133616,0.99773627,0.0,0.90536772,-0.79659381,4.77000254,-2.95466578,-24.02253119,0.0,15.43452037,0.80231284,2.50846824
1760624573.671,0.22069301,-0.33335142,2.27632469,-0.01226157,0.93951986,-0.00086356,80.0,-7.0,0.0,80.0,1.3962634,0.0,0.0,0.0,80.0,-7.0,0.0,80.0,1.3962634,0.0,0.0,0.0,-4.3205647,-0.52172057,-9.06872448,5.46055044,0.71256356,10.24940394,1.03533036,0.0,0.92325145,-0.80631876,4.81652254,-2.93200889,-24.0498615,0.0,15.40607571,0.80337183,2.53788097
1760624573.705,0.21648032,-0.34174222,2.28794568,-0.01269209,0.93928458,-0.00098779,80.0,-7.0,0.0,80.0,1.3962634,0.0,0.0,0.0,80.0,-7.0,0.0,80.0,1.3962634,0.0,0.0,0.0,-4.32393599,-0.53512361,-9.05444293,5.44462801,0.7749885,10.27120684,1.09460098,0.0,0.92986237,-0.81659519,4.83069458,-2.88098535,-24.05030435,0.0,15.40631113,0.77621352,2.52232628
1760624573.738,0.21845921,-0.34221311,2.28914531,-0.01275762,0.93924557,-0.00103847,80.0,-7.0,0.0,80.0,1.3962634,0.0,0.0,0.0,80.0,-7.0,0.0,80.0,1.3962634,0.0,0.0,0.0,-4.34061688,-0.54835745,-9.04758354,5.43195708,0.83488652,10.34840582,1.14135029,0.0,0.9251145,-0.83304917,4.85508099,-2.83606849,-23.9950042,0.0,15.46025173,0.76114821,2.51158243
1760624573.772,0.21653447,-0.34651513,2.3006191,-0.01235931,0.93942862,-0.00091658,80.0,-7.0,0.0,80.0,1.3962634,0.0,0.0,0.0,80.0,-7.0,0.0,80.0,1.3962634,0.0,0.0,0.0,-4.36750293,-0.55992785,-9.07373559,5.43322724,0.90099177,10.42857998,1.19510186,0.0,0.93987264,-0.85229612,4.83611642,-2.78509338,-23.88045196,0.0,15.57387404,0.75716788,2.52405792
1760624573.805,0.18942644,-0.35113274,2.29724603,-0.01214884,0.93951635,-0.00058919,80.0,-7.0,0.0,80.0,1.3962634,0.0,0.0,0.0,80.0,-7.0,0.0,80.0,1.3962634,0.0,0.0,0.0,-4.36749558,-0.58664445,-9.04286366,5.40982703,0.98102301,10.48868671,1.26683898,0.0,0.9354271,-0.84445031,4.86381236,-2.70301935,-23.84588219,0.0,15.60820383,0.73110723,2.55397294
1760624573.839,0.18363042,-0.3547766,2.29609958,-0.01188234,0.93953998,-0.00039691,80.0,-7.0,0.0,80.0,1.3962634,0.0,0.0,0.0,80.0,-7.0,0.0,80.0,1.3962634,0.0,0.0,0.0,-4.38580457,-0.59417071,-9.00232341,5.39857173,1.03335764,10.59331125,1.26919743,0.0,0.92694125,-0.83937529,4.85092367,-2.65933667,-23.76953806,0.0,15.6807458,0.69584065,2.51971146
1760624573.872,0.18356892,-0.35149921,2.29239493,-0.01155678,0.93961714,-0.00020254,80.0,-7.0,0.0,80.0,1.3962634,0.0,0.0,0.0,80.0,-7.0,0.0,80.0,1.3962634,0.0,0.0,0.0,-4.56081645,-0.62542708,-9.13052763,5.51383976,1.10123553,10.87275323,1.29911142,0.0,0.95519494,-0.84000028,4.96550284,-2.72612307,-23.61746683,0.0,15.70787713,0.68690585,2.53194791
1760624573.906,0.19212532,-0.36156398,2.30269692,-0.01128493,0.93971191,-0.00018144,80.0,-7.0,0.0,80.0,1.3962634,0.0,0.0,0.0,80.0,-7.0,0.0,80.0,1.3962634,0.0,0.0,0.0,-4.64353247,-0.58120776,-9.17850975,5.48167556,1.04583309,11.28385416,1.30313061,0.0,1.01082593,-0.80724832,4.83038251,-2.8291473,-23.19094741,0.0,16.1036013,0.71295242,2.45392842
1760624573.939,0.17000463,-0.34874973,2.31036009,-0.01045518,0.93955621,8.034e-05,80.0,-7.0,0.0,80.0,1.3962634,0.0,0.0,0.0,80.0,-7.0,0.0,80.0,1.3962634,0.0,0.0,0.0,-4.35428182,-0.64465686,-9.20931265,5.12025482,1.0093927,11.40322088,1.21428567,0.59289759,1.06307206,-0.78253398,4.36224751,-2.96694576,-22.81256425,0.0,16.38781822,0.75564373,2.39687867
1760624573.972,0.16333229,-0.34236403,2.32364342,-0.01048794,0.93964058,0.0009047,80.0,-7.0,0.0,80.0,1.3962634,0.0,0.0,0.0,80.0,-7.0,0.0,80.0,1.3962634,0.0,0.0,0.0,-4.40924757,-0.69761965,-9.31001079,5.07554588,1.05098944,11.45178451,0.94717859,2.08574808,1.02848264,-0.75730198,4.1740866,-3.21459489,-22.30866683,0.0,16.8167825,0.74799011,2.31211665
1760624574.006,0.14455369,-0.33858901,2.33745203,-0.010367,0.93976813,0.0015324,80.0,-7.0,0.0,80.0,1.3962634,0.0,0.0,0.0,80.0,-7.0,0.0,80.0,1.3962634,0.0,0.0,0.0,-4.52741199,-0.71868984,-9.38861752,4.95785194,1.05647632,11.71083243,0.65119065,4.68988857,0.96590625,-0.70001533,3.96735949,-3.56179473,-21.29398623,0.0,17.74050358,0.68903325,2.17221063
1760624574.039,0.13990809,-0.32758153,2.34325064,-0.01120325,0.93971482,0.00232934,80.0,-7.0,0.0,80.0,1.3962634,0.0,0.0,0.0,80.0,-7.0,0.0,80.0,1.3962634,0.0,0.0,0.0,-4.53745789,-0.77214323,-9.36665614,4.7573479,0.97323151,11.83576796,0.66544146,6.18899124,1.22511395,-0.7636624,3.97892436,-3.75225321,-20.59951465,0.0,18.37751538,0.63596123,2.2864484
1760624574.073,0.14011763,-0.3198907,2.34091698,-0.01160109,0.93924325,0.00234591,80.0,-7.0,0.0,80.0,1.3962634,0.0,0.0,0.0,80.0,-7.0,0.0,80.0,1.3962634,0.0,0.0,0.0,-4.52950623,-0.71284556,-9.18645559,4.43168306,0.74900673,11.87643631,0.88543089,8.00440451,1.52407017,-0.90923588,4.18420494,-3.82561319,-19.74405098,0.0,19.29549043,0.69284162,2.55019758
1760624574.106,0.14242422,-0.31848959,2.34666475,-0.01178103,0.93884544,0.00254606,80.0,-7.0,0.0,80.0,1.3962634,0.0,0.0,0.0,80.0,-7.0,0.0,80.0,1.3962634,0.0,0.0,0.0,-4.2357321,-0.71439944,-8.91032724,3.63025919,0.54451377,12.11895675,1.24142843,10.23817098,1.50128644,-0.93113125,3.78969125,-3.92063038,-18.6138417,0.0,20.61901118,0.69915492,2.57573648
1760624574.14,0.14401867,-0.32532581,2.3375939,-0.01253644,0.93882773,0.0016963,80.0,-7.0,0.0,80.0,1.3962634,0.0,0.0,0.0,80.0,-7.0,0.0,80.0,1.3962634,0.0,0.0,0.0,-4.29091532,-0.69005984,-8.86469828,3.06298075,0.17575306,12.50389816,1.79140367,12.65328247,1.9542292,-1.15406509,3.56629584,-4.17149694,-17.02847194,0.0,22.4929863,0.6766977,2.52413966
1760624574.207,0.15337241,-0.3456806,2.31838052,-0.00975992,0.93831565,0.00044717,80.0,-7.0,0.0,80.0,1.3962634,0.0,0.0,0.0,80.0,-7.0,0.0,80.0,1.3962634,0.0,0.0,0.0,-4.22382515,-0.59799093,-8.5737218,2.29033636,-0.63623508,12.83199918,2.14419639,18.41609811,2.72696484,-1.35279212,3.06525866,-5.11950881,-18.68794413,0.0,33.45169319,0.92232023,2.81022374
1760624574.24,0.1608704,-0.36345459,2.33710423,-0.01040784,0.93760784,-0.00033539,80.0,-7.0,0.0,80.0,1.3962634,0.0,0.0,0.0,80.0,-7.0,0.0,80.0,1.3962634,0.0,0.0,0.0,-4.08280478,-0.48174589,-8.21344269,1.69443822,-1.16502042,13.56482699,2.13863141,21.41096338,2.98313683,-1.19453557,3.13444058,-5.12070251,-17.61453726,0.0,34.63589386,1.02160602,3.278901
1760624574.273,0.17432881,-0.37998831,2.33573373,-0.00976577,0.93702523,-0.0004704,80.0,-7.0,0.0,80.0,1.3962634,0.0,0.0,0.0,80.0,-7.0,0.0,80.0,1.3962634,0.0,0.0,0.0,-3.93523713,-0.45629328,-7.74174059,0.73295524,-1.88568961,15.3570696,2.39392755,24.47053469,4.09980218,-1.41034585,2.81780714,-5.44534483,-15.95166551,0.0,36.48268184,0.74131452,3.3116847
1760624574.307,0.17282159,-0.39079377,2.33396563,-0.00874977,0.93658271,-6.891e-05,80.0,-7.0,0.0,80.0,1.3962634,0.0,0.0,0.0,80.0,-7.0,0.0,80.0,1.3962634,0.0,0.0,0.0,-3.87717794,-0.37555227,-7.71762446,0.22595336,-2.46191291,17.53626191,2.50028676,26.43024951,4.87363445,-1.26347035,2.34592819,-6.08250198,-18.07474675,0.0,42.23285253,0.43464489,2.84822818
1760624574.34,0.17519468,-0.40137479,2.3455015,-0.00799103,0.93606623,0.00027125,80.0,-7.0,0.0,80.0,1.3962634,0.0,0.0,0.0,80.0,-7.0,0.0,80.0,1.3962634,0.0,0.0,0.0,-3.71732799,-0.27508414,-7.46774967,-0.30985727,-3.11530991,19.3547975,2.38975847,29.211497,5.71269204,-0.7893694,1.95969119,-6.43944902,-16.12040175,0.0,44.25840309,0.25361316,2.57070521
1760624574.374,0.16944674,-0.39723612,2.34757639,-0.00783583,0.93632236,0.00154179,80.0,-7.0,0.0,80.0,1.3962634,0.0,0.0,0.0,80.0,-7.0,0.0,80.0,1.3962634,0.0,0.0,0.0,-4.03297991,-0.29826259,-7.37189597,-0.46211021,-3.78677854,23.88556369,2.59551892,30.61830454,6.93523284,-0.26517178,1.87105591,-7.28868313,-13.30098172,0.0,47.09086402,-0.21357427,2.4514809
1760624574.407,0.18089282,-0.39282756,2.3533101,-0.00832894,0.93634508,0.00243484,80.0,-7.0,0.0,80.0,1.3962634,0.0,0.0,0.0,80.0,-7.0,0.0,80.0,1.3962634,0.0,0.0,0.0,-4.23137417,-0.30317796,-7.38450784,-0.68716532,-4.27458783,28.21509234,3.03141177,30.17079077,7.78006802,-0.06752849,1.8149398,-7.8012189,-11.61614963,0.0,48.78658723,-0.4339378,2.58743592
1760624574.441,0.18554716,-0.3983695,2.3571908,-0.00873088,0.93704631,0.00266159,80.0,-7.0,0.0,80.0,1.3962634,0.0,0.0,0.0,80.0,-7.0,0.0,80.0,1.3962634,0.0,0.0,0.0,-4.3881225,-0.34355154,-7.29165118,-0.82185709,-4.64315829,32.0815677,3.18179061,30.38947228,8.29570321,0.17810811,1.8421782,-8.21565991,-10.37886752,0.0,50.01405947,-0.53164259,2.91649242
1760624574.474,0.18641109,-0.40474217,2.3610907,-0.00888126,0.93770084,0.00340212,80.0,-7.0,0.0,80.0,1.3962634,0.0,0.0,0.0,80.0,-7.0,0.0,80.0,1.3962634,0.0,0.0,0.0,-4.63145995,-0.33628527,-7.25731571,-0.80982517,-5.13785953,35.4406283,3.1706571,32.5392135,8.89874921,0.38489589,1.78500494,-8.97216099,-8.41445018,0.0,51.87812642,-0.82315772,2.62604821
1760624574.508,0.18893593,-0.4063444,2.34624405,-0.00929532,0.93790482,0.00384181,80.0,-7.0,0.0,80.0,1.3962634,0.0,0.0,0.0,80.0,-7.0,0.0,80.0,1.3962634,0.0,0.0,0.0,-5.7071139,-0.25786339,-7.90557891,0.21544364,-5.4103328,37.55996202,3.38288293,33.92345015,9.63238922,0.42099885,2.54443821,-9.69730842,-7.11533598,0.0,52.97874003,-1.070161,2.21615198
1760624574.541,0.19268358,-0.41050828,2.33047805,-0.00921732,0.93807897,0.00447165,80.0,-7.0,0.0,80.0,1.3962634,0.0,0.0,0.0,80.0,-7.0,0.0,80.0,1.3962634,0.0,0.0,0.0,-6.10897153,-0.21040042,-8.13985091,0.58787137,-5.59608378,39.05524177,3.53070635,34.86755172,10.11067933,0.58694226,2.63239641,-10.54750761,-5.38670402,0.0,54.47915169,-1.22050837,1.68846229
1760624574.574,0.18147656,-0.42199432,2.32879152,-0.0084167,0.937828,0.00462778,80.0,-7.0,0.0,80.0,1.3962634,0.0,0.0,0.0,80.0,-7.0,0.0,80.0,1.3962634,0.0,0.0,0.0,-6.16026295,-0.05867477,-7.99614912,0.60111735,-5.833059,40.02692928,3.69389636,35.77094227,10.34558469,0.69624506,2.51566708,-11.20828957,0.48230758,0.0,52.77470271,-1.2332382,1.16221853
1760624574.608,0.17503378,-0.423529,2.32614616,-0.00704956,0.93757454,0.0047816,80.0,-7.0,0.0,80.0,1.3962634,0.0,0.0,0.0,80.0,-7.0,0.0,80.0,1.3962634,0.0,0.0,0.0,-6.09025497,0.00713623,-8.04073475,0.4795941,-5.91433966,40.82573656,3.82751488,36.1902321,10.34567655,0.72713852,2.28428243,-11.92568897,2.01920388,0.0,54.19749007,-1.26730917,0.77258866
1760624574.641,0.17355402,-0.42296319,2.32809392,-0.00726085,0.93748935,0.00442803,80.0,-7.0,0.0,80.0,1.3962634,0.0,0.0,0.0,80.0,-7.0,0.0,80.0,1.3962634,0.0,0.0,0.0,-5.79609637,0.2115653,-8.27866259,0.16847198,-6.1625802,41.56698063,3.96960432,36.68142316,10.32850536,0.78221092,1.83675954,-12.59876089,3.61768813,0.0,55.60914256,-1.25373835,0.33547538
1760624574.675,0.17537942,-0.42779522,2.34105509,-0.00754354,0.93746991,0.00445492,80.0,-7.0,0.0,80.0,1.3962634,0.0,0.0,0.0,80.0,-7.0,0.0,80.0,1.3962634,0.0,0.0,0.0,-5.76900181,0.28033161,-8.28412895,0.05333128,-6.21182904,42.16980762,4.15954898,37.07072667,10.50161073,0.75961375,1.66534016,-13.36776362,10.16618378,0.0,52.67809023,-1.2632002,-0.10870574
1760624574.708,0.17068754,-0.42766814,2.35469464,-0.00644797,0.93682514,0.00481321,80.0,-7.0,0.0,80.0,1.3962634,0.0,0.0,0.0,80.0,-7.0,0.0,80.0,1.3962634,0.0,0.0,0.0,-5.65734177,0.32289905,-8.35566002,-0.12150369,-6.22067094,42.55865857,4.30452759,37.06077484,10.59955098,0.7791584,1.50734954,-13.82089522,11.00641575,0.0,53.45004461,-1.21164856,-0.26553565
1760624574.742,0.17118244,-0.43658298,2.35816841,-0.00609628,0.93651267,0.00446981,80.0,-7.0,0.0,80.0,1.3962634,0.0,0.0,0.0,80.0,-7.0,0.0,80.0,1.3962634,0.0,0.0,0.0,-5.67431683,0.42831138,-8.45383214,-0.1329458,-6.18971419,42.65588326,4.34725884,36.9123614,10.67751088,0.73937132,1.50908299,-13.95380994,11.24154788,0.0,53.65689027,-1.08246287,-0.14351643
1760624574.775,0.17960173,-0.42615242,2.36983707,-0.00673188,0.93632927,0.00463924,80.0,-7.0,0.0,80.0,1.3962634,0.0,0.0,0.0,80.0,-7.0,0.0,80.0,1.3962634,0.0,0.0,0.0,-5.6509703,0.35941703,-8.49863073,-0.16110238,-5.9068441,42.12008227,4.24093567,37.14493768,10.5522583,0.77887263,1.42075178,-14.22428725,11.44234524,0.0,53.68528121,-0.96231237,-0.08636084
1760624574.808,0.18864029,-0.42760347,2.37728222,-0.00718194,0.93646473,0.00490036,80.0,-7.0,0.0,80.0,1.3962634,0.0,0.0,0.0,80.0,-7.0,0.0,80.0,1.3962634,0.0,0.0,0.0,-5.42869428,0.32169095,-8.41503149,-0.41224352,-5.77111079,41.55569606,4.14659849,37.50189901,10.44111976,0.82103034,1.17112364,-14.30412575,11.48080944,0.0,53.48140977,-0.86255188,0.0251799
1760624574.842,0.18696586,-0.43267381,2.37401505,-0.00756934,0.93640803,0.00480318,80.0,-7.0,0.0,80.0,1.3962634,0.0,0.0,0.0,80.0,-7.0,0.0,80.0,1.3962634,0.0,0.0,0.0,-5.36010448,0.3695434,-8.22692278,-0.51931684,-5.73542355,41.14391569,4.13416188,37.57358016,10.40203994,0.80904807,1.1267546,-14.33423817,11.65463852,0.0,53.25207135,-0.77954743,0.09797161
1760624574.875,0.19895775,-0.44538564,2.37306974,-0.00711681,0.93686435,0.00458028,80.0,-7.0,0.0,80.0,1.3962634,0.0,0.0,0.0,80.0,-7.0,0.0,80.0,1.3962634,0.0,0.0,0.0,-5.3893973,0.45303757,-8.22656538,-0.55740473,-5.75184799,41.09085304,4.16565306,37.64632651,10.45280856,0.77687619,1.09142794,-14.49167137,11.65277166,0.0,53.19269916,-0.72415832,0.04312954
1760624574.942,0.19009742,-0.44054326,2.34935185,-0.00484637,0.93782713,0.0045624,80.0,-7.0,0.0,80.0,1.3962634,0.0,0.0,0.0,80.0,-7.0,0.0,80.0,1.3962634,0.0,0.0,0.0,-5.19580116,0.40708163,-7.82858951,-0.8299322,-5.69193644,40.41676361,4.02539755,38.67433639,10.39430499,0.7556789,0.91015308,-14.48200133,17.07236252,0.0,47.94804319,-0.47443023,0.08675926
1760624574.976,0.19632239,-0.43663721,2.36105873,-0.00564608,0.93830626,0.00463298,80.0,-7.0,0.0,80.0,1.3962634,0.0,0.0,0.0,80.0,-7.0,0.0,80.0,1.3962634,0.0,0.0,0.0,-4.93053512,0.43165991,-7.60334476,-1.15048292,-5.70848653,40.0750397,4.10260569,38.56392668,10.4017616,0.68888562,0.65143352,-14.64803125,17.33814173,0.0,48.18413081,-0.4688668,-0.04537737
1760624575.009,0.19822816,-0.43396932,2.37477748,-0.00639828,0.93887391,0.0044389,80.0,-7.0,0.0,80.0,1.3962634,0.0,0.0,0.0,80.0,-7.0,0.0,80.0,1.3962634,0.0,0.0,0.0,-4.92021306,0.4881314,-7.39899501,-1.17799185,-5.72057151,39.80212536,4.12336902,38.47333638,10.38426367,0.70777474,0.67629599,-14.68808193,17.46837885,0.0,48.25615174,-0.42707631,-0.04418078
1760624575.076,0.2124781,-0.42289845,2.37114883,-0.00632403,0.93908304,0.00439024,80.0,-7.0,0.0,80.0,1.3962634,0.0,0.0,0.0,80.0,-7.0,0.0,80.0,1.3962634,0.0,0.0,0.0,-4.65973357,0.39971019,-7.13274265,-1.5030827,-5.57899171,39.56954239,4.13304361,38.28364733,10.32244595,0.68183745,0.37732937,-14.77923023,17.43452383,0.0,48.19973019,-0.33160637,-0.01085103
1760624575.11,0.21087977,-0.4215694,2.36588581,-0.00635475,0.93930969,0.00462043,80.0,-7.0,0.0,80.0,1.3962634,0.0,0.0,0.0,80.0,-7.0,0.0,80.0,1.3962634,0.0,0.0,0.0,-4.48281675,0.35219501,-6.9339131,-1.69990304,-5.53620355,39.41364009,4.15564828,38.27361051,10.36749547,0.67234426,0.21137216,-14.84347425,17.55222573,0.0,48.28328441,-0.29466068,-0.02989639
1760624575.143,0.21578362,-0.42287303,2.3570321,-0.00841448,0.93959996,0.00466492,80.0,-7.0,0.0,80.0,1.3962634,0.0,0.0,0.0,80.0,-7.0,0.0,80.0,1.3962634,0.0,0.0,0.0,-4.48812101,0.34707607,-6.90307387,-1.69647378,-5.5162084,39.41032345,4.18010582,38.21864989,10.34777148,0.66080317,0.17515488,-14.84602179,17.52879264,0.0,48.26051475,-0.21798704,0.01900576
1760624575.177,0.21523781,-0.41792153,2.3533665,-0.00970721,0.94004952,0.00493666,80.0,-7.0,0.0,80.0,1.3962634,0.0,0.0,0.0,80.0,-7.0,0.0,80.0,1.3962634,0.0,0.0,0.0,-4.49263495,0.23707881,-6.95127589,-1.70374402,-5.40843571,39.40344939,4.19737211,38.22782205,10.27207826,0.66861982,0.16025389,-14.90357336,17.47911904,0.0,48.20293826,-0.19051545,0.06838702
1760624575.21,0.22257313,-0.41773508,2.35967685,-0.01020302,0.94007778,0.00511288,80.0,-7.0,0.0,80.0,1.3962634,0.0,0.0,0.0,80.0,-7.0,0.0,80.0,1.3962634,0.0,0.0,0.0,-4.48625186,0.22095276,-6.95613369,-1.70923298,-5.38339935,39.37751717,4.19639008,38.15550824,10.28250444,0.65673521,0.13450869,-14.88508981,17.48763113,0.0,48.21274279,-0.17244687,0.08973937
1760624575.244,0.21550689,-0.41700498,2.35403836,-0.00985643,0.93981241,0.0054744,80.0,-7.0,0.0,80.0,1.3962634,0.0,0.0,0.0,80.0,-7.0,0.0,80.0,1.3962634,0.0,0.0,0.0,-4.31673428,0.07584274,-6.8257626,-1.91644737,-5.29065183,39.22864829,4.24473026,38.16799658,10.26366529,0.66679352,-0.02299638,-14.95714966,17.55295396,0.0,48.2781873,-0.15574289,0.12241481
1760624575.277,0.20824471,-0.41074414,2.36171117,-0.00840507,0.93960984,0.00548611,80.0,-7.0,0.0,80.0,1.3962634,0.0,0.0,0.0,80.0,-7.0,0.0,80.0,1.3962634,0.0,0.0,0.0,-3.8941284,-0.02084121,-6.59812436,-2.3865489,-5.27930943,39.0220307,4.2578482,38.1932203,10.24571068,0.67812653,-0.41034123,-14.94303261,17.65588932,0.0,48.39578805,-0.15459319,0.15353516
1760624575.31,0.20343654,-0.40682211,2.3664948,-0.00793423,0.93944337,0.00512837,80.0,-7.0,0.0,80.0,1.3962634,0.0,0.0,0.0,80.0,-7.0,0.0,80.0,1.3962634,0.0,0.0,0.0,-3.91749466,-0.06213596,-6.58472948,-2.3991049,-5.27936392,39.05659778,4.27778031,38.15630811,10.25857109,0.66793315,-0.39703253,-14.93612767,17.6713891,0.0,48.41360456,-0.1362253,0.1808333
1760624575.344,0.19005819,-0.40067783,2.37371976,-0.00662552,0.93884393,0.00522083,80.0,-7.0,0.0,80.0,1.3962634,0.0,0.0,0.0,80.0,-7.0,0.0,80.0,1.3962634,0.0,0.0,0.0,-4.12664359,-0.16686772,-6.8514758,-2.19739912,-5.23524813,39.24174838,4.29458026,38.21788489,10.23521668,0.69563426,-0.26880054,-14.95582713,17.49386326,0.0,48.26775774,-0.08422843,0.26816756
1760624575.377,0.17681361,-0.39799211,2.37870971,-0.00481124,0.93823272,0.00515788,80.0,-7.0,0.0,80.0,1.3962634,0.0,0.0,0.0,80.0,-7.0,0.0,80.0,1.3962634,0.0,0.0,0.0,-4.13206286,-0.19995307,-6.86855576,-2.21318327,-5.24878888,39.23702349,4.29112973,38.18794125,10.21952251,0.6972156,-0.26057965,-14.92218471,17.46863978,0.0,48.24753185,-0.06044406,0.3252914
1760624575.411,0.17127491,-0.40475847,2.38469746,-0.00487774,0.93839066,0.00487188,80.0,-7.0,0.0,80.0,1.3962634,0.0,0.0,0.0,80.0,-7.0,0.0,80.0,1.3962634,0.0,0.0,0.0,-4.37507234,-0.19527386,-7.25276256,-1.95285308,-5.28395624,39.57382108,4.30865656,38.1774908,10.199869,0.70939122,-0.12494506,-14.8673684,17.23615522,0.0,48.05221261,-0.08816231,0.33938375
1760624575.444,0.1603392,-0.39812548,2.40108709,-0.00494324,0.93847208,0.00471706,80.0,-7.0,0.0,80.0,1.3962634,0.0,0.0,0.0,80.0,-7.0,0.0,80.0,1.3962634,0.0,0.0,0.0,-4.05041226,-0.24449886,-7.07571264,-2.33003001,-5.34782008,39.33114014,4.32720897,38.20325538,10.21280608,0.75218638,-0.46159992,-14.77856022,17.29304014,0.0,48.17476743,-0.12968352,0.30353228
1760624575.478,0.15840438,-0.40755434,2.410875,-0.00627743,0.9387052,0.00402283,80.0,-7.0,0.0,80.0,1.3962634,0.0,0.0,0.0,80.0,-7.0,0.0,80.0,1.3962634,0.0,0.0,0.0,-3.94522556,-0.2079842,-6.8465359,-2.50836191,-5.43737599,39.02057839,4.37178554,38.27546706,10.19446353,0.73848456,-0.55033364,-14.65469414,17.32144824,0.0,48.27900386,-0.12865405,0.36725351
1760624575.511,0.15859988,-0.41770156,2.41680065,-0.00737631,0.93869474,0.00378083,80.0,-7.0,0.0,80.0,1.3962634,0.0,0.0,0.0,80.0,-7.0,0.0,80.0,1.3962634,0.0,0.0,0.0,-3.35601076,-0.17297592,-6.54820603,-3.18775074,-5.55895313,38.66827122,4.39270975,38.33013659,10.23124238,0.73869486,-1.08582622,-14.46559938,17.3656721,0.0,48.39249434,-0.12355693,0.48560577
1760624575.545,0.15248032,-0.42248855,2.41814456,-0.00804108,0.93858154,0.00381388,80.0,-7.0,0.0,80.0,1.3962634,0.0,0.0,0.0,80.0,-7.0,0.0,80.0,1.3962634,0.0,0.0,0.0,-3.24261539,-0.15154103,-6.41671767,-3.37756238,-5.61984078,38.45560209,4.41827387,38.40440256,10.28872533,0.7192257,-1.17015984,-14.34168157,17.37998298,0.0,48.46994215,-0.12336406,0.61729557
1760624575.578,0.14955652,-0.43531514,2.42492704,-0.00845739,0.93813119,0.0039316,80.0,-7.0,0.0,80.0,1.3962634,0.0,0.0,0.0,80.0,-7.0,0.0,80.0,1.3962634,0.0,0.0,0.0,-2.50709438,-0.13128709,-6.23868843,-4.19947655,-5.70581803,38.20611724,4.41234188,38.44883288,10.31597351,0.73487834,-1.85010033,-14.18514205,17.43260854,0.0,48.59300082,-0.11646376,0.68390481
1760624575.612,0.14590864,-0.44528577,2.43317547,-0.00891574,0.93789443,0.00401817,80.0,-7.0,0.0,80.0,1.3962634,0.0,0.0,0.0,80.0,-7.0,0.0,80.0,1.3962634,0.0,0.0,0.0,-1.64382773,-0.19002003,-5.88596373,-5.15499322,-5.68797614,37.72155075,4.41623538,38.47162948,10.35007955,0.7297683,-2.61686381,-14.11559906,17.60647431,0.0,48.79755345,-0.12878701,0.71791269
1760624575.645,0.14401177,-0.46379415,2.44952539,-0.00962895,0.93805926,0.00329139,80.0,-7.0,0.0,80.0,1.3962634,0.0,0.0,0.0,80.0,-7.0,0.0,80.0,1.3962634,0.0,0.0,0.0,-1.90898401,-0.12112415,-5.88441668,-4.91338607,-5.70586447,37.48366566,4.44234777,38.55021212,10.3653446,0.7246115,-2.32062827,-14.01555459,17.61773116,0.0,48.78979511,-0.13498274,0.72145934
1760624575.678,0.13538573,-0.47641008,2.45725748,-0.00916863,0.93783854,0.00302467,80.0,-7.0,0.0,80.0,1.3962634,0.0,0.0,0.0,80.0,-7.0,0.0,80.0,1.3962634,0.0,0.0,0.0,-2.09273038,-0.16163105,-5.63787995,-4.76191426,-5.60066119,37.0903824,4.46032337,38.67223153,10.34658932,0.71570254,-2.04513259,-14.0469986,17.80098537,0.0,48.87927875,-0.13979694,0.72449357
1760624575.712,0.12656621,-0.48944197,2.46650996,-0.00873556,0.93749853,0.00256613,80.0,-7.0,0.0,80.0,1.3962634,0.0,0.0,0.0,80.0,-7.0,0.0,80.0,1.3962634,0.0,0.0,0.0,-2.19695116,-0.09317543,-5.52903705,-4.67128661,-5.64705832,36.87368046,4.51827433,38.73773811,10.37151954,0.71076551,-1.86725456,-13.97838042,17.93223195,0.0,48.9087703,-0.12850931,0.71947094
1760624575.745,0.11733648,-0.49800951,2.47154625,-0.00827844,0.9370245,0.00257856,80.0,-7.0,0.0,80.0,1.3962634,0.0,0.0,0.0,80.0,-7.0,0.0,80.0,1.3962634,0.0,0.0,0.0,-1.77787065,-0.14720637,-5.3842914,-5.14342937,-5.60039245,36.69668463,4.56554087,38.77118346,10.3732516,0.69627181,-2.23065984,-13.97670273,17.97479763,0.0,48.88237624,-0.10587318,0.72166817
1760624575.779,0.10807847,-0.50904354,2.48891294,-0.00877362,0.93668491,0.00253692,80.0,-7.0,0.0,80.0,1.3962634,0.0,0.0,0.0,80.0,-7.0,0.0,80.0,1.3962634,0.0,0.0,0.0,-1.49077446,-0.15487031,-5.2053742,-5.46485473,-5.58285315,36.56710098,4.5981536,38.73619738,10.34425394,0.69889968,-2.45890363,-13.92695755,17.93476737,0.0,48.74055934,-0.07110752,0.75214231
1760624575.812,0.10411421,-0.51499942,2.50603836,-0.00925355,0.93632168,0.00226568,80.0,-7.0,0.0,80.0,1.3962634,0.0,0.0,0.0,80.0,-7.0,0.0,80.0,1.3962634,0.0,0.0,0.0,-1.7061805,-0.1101484,-5.18964442,-5.24505275,-5.58519338,36.56489606,4.60343683,38.68471039,10.33008795,0.69842477,-2.21277382,-13.86548722,17.81938746,0.0,48.50622988,-0.0469264,0.77559825
1760624575.846,0.09137093,-0.5157854,2.51001869,-0.00928053,0.93632225,0.00231811,80.0,-7.0,0.0,80.0,1.3962634,0.0,0.0,0.0,80.0,-7.0,0.0,80.0,1.3962634,0.0,0.0,0.0,-2.02790241,-0.13634959,-5.2011484,-4.90369234,-5.52992555,36.48881171,4.59434987,38.83916839,10.27622323,0.73291877,-1.81744445,-13.92970003,17.7963364,0.0,48.34577435,-0.01295792,0.79539473
1760624575.879,0.09103811,-0.5178201,2.50462574,-0.00935975,0.93619291,0.00218903,80.0,-7.0,0.0,80.0,1.3962634,0.0,0.0,0.0,80.0,-7.0,0.0,80.0,1.3962634,0.0,0.0,0.0,-1.60898,-0.11934639,-5.01287442,-5.42172929,-5.64832741,36.25189969,4.69168659,39.04403361,10.24882562,0.76780933,-2.17103219,-13.92390086,17.95248076,0.0,48.40937406,0.03953121,0.76349188
1760624575.912,0.0960703,-0.51221143,2.49280583,-0.00944018,0.93624998,0.00224395,80.0,-7.0,0.0,80.0,1.3962634,0.0,0.0,0.0,80.0,-7.0,0.0,80.0,1.3962634,0.0,0.0,0.0,-1.80761765,-0.12293344,-4.85334857,-5.39827619,-5.83813879,36.22379207,4.96225051,39.56972765,10.12340204,0.75487588,-1.88635731,-13.99646478,18.1222836,0.0,48.42645958,0.08735225,0.7841044
1760624575.946,0.0693391,-0.50747495,2.52045932,-0.00973045,0.93627448,0.00197326,80.0,-7.0,0.0,80.0,1.3962634,0.0,0.0,0.0,80.0,-7.0,0.0,80.0,1.3962634,0.0,0.0,0.0,-1.62505842,-0.16586247,-4.67090105,-5.87640756,-6.50295183,36.36291722,5.64958341,40.74119349,10.26241547,0.70448766,-1.90997277,-13.90413414,17.88635254,0.0,48.05510475,0.17567597,0.89288031
1760624575.979,0.0508974,-0.49188586,2.56548802,-0.00908945,0.93670874,0.00135336,80.0,-7.0,0.0,80.0,1.3962634,0.0,0.0,0.0,80.0,-7.0,0.0,80.0,1.3962634,0.0,0.0,0.0,-1.60793667,-0.22035326,-4.62437804,-6.18220906,-7.21606832,37.2333023,6.53510137,40.20546374,10.25296938,0.6222803,-1.90124994,-13.69752367,17.32380776,0.0,47.2387658,0.21645156,0.9431933
1760624576.013,0.02906464,-0.48739066,2.57780137,-0.0083011,0.93671873,0.00059561,80.0,-7.0,0.0,80.0,1.3962634,0.0,0.0,0.0,80.0,-7.0,0.0,80.0,1.3962634,0.0,0.0,0.0,-1.42784556,-0.2969539,-4.31201274,-6.89352322,-8.37372034,37.34375654,7.6968183,40.2450499,10.00553875,0.56906904,-2.17362742,-13.63257711,16.79227955,0.0,46.59158769,0.20198251,0.93975547
1760624576.046,-0.00660754,-0.47377273,2.58673321,-0.00723053,0.93724669,0.0007692,80.0,-7.0,0.0,80.0,1.3962634,0.0,0.0,0.0,80.0,-7.0,0.0,80.0,1.3962634,0.0,0.0,0.0,-1.46419706,-0.545679,-4.44830505,-7.2101679,-9.26393347,36.91765301,8.34865507,41.21060936,10.18641534,0.70094245,-2.23794687,-13.80169563,16.42503919,0.0,46.07622921,0.20468541,0.96870263
1760624576.08,-0.0198432,-0.47551454,2.59088739,-0.00652333,0.93742866,0.00051365,80.0,-7.0,0.0,80.0,1.3962634,0.0,0.0,0.0,80.0,-7.0,0.0,80.0,1.3962634,0.0,0.0,0.0,-1.30167064,-0.74760879,-4.38477009,-7.91498268,-10.29517804,36.13530874,8.80220155,42.16412984,10.62304907,0.93804084,-2.45965229,-13.96860117,16.3545716,0.0,45.86234862,0.21797214,0.9772491
1760624576.113,-0.01508867,-0.48677252,2.54314728,-0.00594565,0.93709951,-0.00010534,80.0,-7.0,0.0,80.0,1.3962634,0.0,0.0,0.0,80.0,-7.0,0.0,80.0,1.3962634,0.0,0.0,0.0,-1.38268804,-0.9221496,-4.03357441,-8.80474594,-11.86284819,34.94355824,8.92316322,43.40129654,11.16307608,1.35156338,-2.33570776,-14.19375836,16.64067815,0.0,45.79132357,0.26170191,1.02692036
1760624576.147,-0.01597054,-0.51570052,2.4925917,-0.00615341,0.93769662,-0.00028248,80.0,-7.0,0.0,80.0,1.3962634,0.0,0.0,0.0,80.0,-7.0,0.0,80.0,1.3962634,0.0,0.0,0.0,-4.0767154,-0.87437723,-4.53962281,-6.68091354,-13.37061506,35.10510563,8.73009593,44.00325218,11.51936821,1.68973199,0.35301291,-14.37267512,16.50173905,0.0,45.27341644,0.27904671,1.13584408
1760624576.18,-0.01612642,-0.54610876,2.42124804,-0.00528472,0.93809741,-8.664e-05,80.0,-7.0,0.0,80.0,1.3962634,0.0,0.0,0.0,80.0,-7.0,0.0,80.0,1.3962634,0.0,0.0,0.0,-5.14041392,-0.88730851,-4.06464157,-6.60245698,-14.94975686,34.19442636,8.2838016,44.71431413,11.82201645,2.15219402,1.58795614,-14.53896786,16.85868267,0.0,45.29331232,0.30880042,1.16178806
1760624576.214,-0.01899257,-0.57734534,2.31781524,-0.00431907,0.93848446,2.216e-05,80.0,-7.0,0.0,80.0,1.3962634,0.0,0.0,0.0,80.0,-7.0,0.0,80.0,1.3962634,0.0,0.0,0.0,-6.49906777,-0.87283256,-3.99938923,-6.55345915,-17.40741658,33.17030775,7.29466858,45.98242537,12.40157015,2.86235076,3.00632579,-14.79453985,17.07249704,0.0,45.22121443,0.352556,1.17316524
1760624576.247,-0.01209581,-0.59945808,2.27426025,-0.00406844,0.93853459,-0.00018711,80.0,-7.0,0.0,80.0,1.3962634,0.0,0.0,0.0,80.0,-7.0,0.0,80.0,1.3962634,0.0,0.0,0.0,-6.46386544,-0.95532559,-3.25163999,-7.84428747,-19.24502924,31.24655323,6.24978915,47.16517325,12.77775374,3.41066478,3.14750317,-14.99705978,17.59530984,0.0,45.50374999,0.38142752,1.1298158
1760624576.28,0.03064687,-0.60974073,2.29439073,-0.00575876,0.93928863,-0.0006698,80.0,-7.0,0.0,80.0,1.3962634,0.0,0.0,0.0,80.0,-7.0,0.0,80.0,1.3962634,0.0,0.0,0.0,-7.14919071,-1.07702381,-3.13385451,-8.23986223,-21.10464858,29.6965959,5.00757215,48.51595463,13.08382509,3.91778551,3.82570756,-15.26166049,17.83459775,0.0,45.36921718,0.3821541,1.12052194
1760624576.314,0.07596221,-0.60194208,2.35753535,-0.00600854,0.94019953,-0.00152269,80.0,-7.0,0.0,80.0,1.3962634,0.0,0.0,0.0,80.0,-7.0,0.0,80.0,1.3962634,0.0,0.0,0.0,-7.64246508,-1.42587781,-2.53941969,-9.4171125,-23.46414061,26.92815205,3.2452821,50.203488,13.75471073,4.37820584,4.34069498,-15.56470814,22.11453524,0.0,41.68364562,0.36232834,1.0747052
1760624576.347,0.09618255,-0.58053022,2.41702472,-0.00698589,0.94031643,-0.00091846,80.0,-7.0,0.0,80.0,1.3962634,0.0,0.0,0.0,80.0,-7.0,0.0,80.0,1.3962634,0.0,0.0,0.0,-8.75669285,-1.3051131,-2.27003135,-9.4486479,-25.74082913,24.58985533,1.8078358,51.67549541,14.27416212,4.56434402,5.50389514,-15.59179762,22.1845565,0.0,41.85613153,0.3891865,1.06219052
1760624576.381,0.11190104,-0.55160516,2.47361582,-0.00733649,0.94292566,0.00012314,80.0,-7.0,0.0,80.0,1.3962634,0.0,0.0,0.0,80.0,-7.0,0.0,80.0,1.3962634,0.0,0.0,0.0,-10.49559179,-1.51061999,-3.33499204,-8.12673683,-27.88206184,23.49196492,0.22466614,53.57250435,14.79343829,4.70084828,7.08293885,-16.0114165,21.72417907,0.0,41.26877773,0.37639114,1.18047255
1760624576.414,0.12154716,-0.52072483,2.5441224,-0.00829395,0.94263221,0.00010166,80.0,-7.0,0.0,80.0,1.3962634,0.0,0.0,0.0,80.0,-7.0,0.0,80.0,1.3962634,0.0,0.0,0.0,-11.45081382,-1.41235968,-2.87068634,-9.583804,-31.35495294,19.58539724,0.0,55.85226443,14.7987093,5.40182169,8.20765778,-15.96696262,22.0898338,0.0,41.53950443,0.36198746,1.18851809
1760624576.448,0.12336106,-0.48775796,2.57890317,-0.00953257,0.94444502,0.00100678,80.0,-7.0,0.0,80.0,1.3962634,0.0,0.0,0.0,80.0,-7.0,0.0,80.0,1.3962634,0.0,0.0,0.0,-12.47503546,-1.81317116,-2.64459188,-10.50344471,-33.48502484,16.75921053,0.0,57.56558247,14.80792741,6.01912777,9.26747,-16.3865899,22.36660876,0.0,41.67185099,0.36147378,1.19401785
1760624576.481,0.12740116,-0.45829273,2.5858751,-0.01047246,0.94617564,0.00308596,80.0,-7.0,0.0,80.0,1.3962634,0.0,0.0,0.0,80.0,-7.0,0.0,80.0,1.3962634,0.0,0.0,0.0,-12.55531554,-2.20760156,-2.10623571,-12.67969838,-35.63734641,13.71807177,0.0,59.01693785,14.78533525,6.62431766,9.41625691,-16.65818264,22.58366679,0.0,41.91301209,0.36460809,1.21658157
1760624576.515,0.12846508,-0.4342312,2.531721,-0.01164656,0.94711721,0.00427418,80.0,-7.0,0.0,80.0,1.3962634,0.0,0.0,0.0,80.0,-7.0,0.0,80.0,1.3962634,0.0,0.0,0.0,-13.30884382,-2.27159982,-2.60274021,-14.08832096,-39.19285364,10.33787518,0.0,61.35694706,14.47753875,7.44247528,9.88821412,-16.75431972,22.22688534,0.0,41.58840234,0.29278609,1.2357806
1760624576.548,0.12450971,-0.429437,2.46574642,-0.01195115,0.94679761,0.0048951,80.0,-7.0,0.0,80.0,1.3962634,0.0,0.0,0.0,80.0,-7.0,0.0,80.0,1.3962634,0.0,0.0,0.0,-13.30255227,-2.23463115,-2.26745994,-16.27634324,-41.82726698,6.42423333,0.0,63.46436278,14.26689528,8.0274462,9.795868,-16.64226921,22.2128188,0.0,41.79646376,0.26736911,1.21420099
1760624576.582,0.13454923,-0.42414007,2.39896722,-0.01156588,0.94881685,0.00740827,80.0,-7.0,0.0,80.0,1.3962634,0.0,0.0,0.0,80.0,-7.0,0.0,80.0,1.3962634,0.0,0.0,0.0,-13.39413305,-2.52906217,-3.12284646,-17.41108209,-44.44277232,4.12774869,0.0,65.10477384,13.88648514,8.63907677,9.48701058,-17.06985198,21.56151863,0.0,41.55259362,0.25530273,1.25982706
1760624576.615,0.12809073,-0.43223219,2.30084236,-0.01052231,0.94990498,0.00696291,80.0,-7.0,0.0,80.0,1.3962634,0.0,0.0,0.0,80.0,-7.0,0.0,80.0,1.3962634,0.0,0.0,0.0,-13.4515333,-2.88902561,-4.14880849,-19.08099967,-47.81189064,1.01263856,0.0,67.91408489,13.31413626,9.56060839,9.06256121,-17.57632313,20.84209496,0.0,41.20483907,0.21958409,1.28829624
1760624576.648,0.11301375,-0.44062344,2.24079853,-0.00895434,0.95053454,0.00622969,80.0,-7.0,0.0,80.0,1.3962634,0.0,0.0,0.0,80.0,-7.0,0.0,80.0,1.3962634,0.0,0.0,0.0,-12.57334125,-3.14410084,-6.0526336,-20.06868666,-50.83995955,0.81998865,0.0,70.0374258,13.10625809,10.22034485,7.4876445,-17.96907978,19.38636566,0.0,40.49126412,0.22344509,1.29467165
1760624576.682,0.10776594,-0.44716703,2.21995805,-0.00767462,0.95010536,0.00625788,80.0,-7.0,0.0,80.0,1.3962634,0.0,0.0,0.0,80.0,-7.0,0.0,80.0,1.3962634,0.0,0.0,0.0,-9.5781989,-3.75046163,-6.57478925,-24.52704857,-53.20265065,-1.16925217,0.0,71.46625517,12.82422423,10.80102711,4.21452983,-18.43915453,15.6690368,0.0,43.40201271,0.23394616,1.25420497
1760624576.715,0.11819479,-0.44740387,2.2602256,-0.00793616,0.95073498,0.00558486,80.0,-7.0,0.0,80.0,1.3962634,0.0,0.0,0.0,80.0,-7.0,0.0,80.0,1.3962634,0.0,0.0,0.0,-9.20818342,-3.74708918,-7.50975779,-26.58276056,-56.78973569,-4.70893962,0.0,73.70193628,12.33557436,11.54610132,3.52829037,-18.48250953,15.02579152,0.0,43.11391322,0.26483467,1.27618739
1760624576.749,0.12415863,-0.43393526,2.3079968,-0.00809684,0.95390312,0.005971,80.0,-7.0,0.0,80.0,1.3962634,0.0,0.0,0.0,80.0,-7.0,0.0,80.0,1.3962634,0.0,0.0,0.0,-10.67096648,-3.86134365,-9.4011518,-24.47584537,-59.64785016,-5.46364069,0.0,75.6879396,11.93283574,12.17535586,4.45746078,-18.96077475,14.17026948,0.0,42.25130162,0.26397693,1.37095961
1760624576.782,0.12713024,-0.41317305,2.3637654,-0.00792426,0.95737068,0.0072398,80.0,-7.0,0.0,80.0,1.3962634,0.0,0.0,0.0,80.0,-7.0,0.0,80.0,1.3962634,0.0,0.0,0.0,-10.77602621,-4.5325415,-9.57731899,-26.06927266,-61.40590802,-8.52137468,0.0,77.29266138,11.64473285,12.79937852,4.41095975,-19.65481156,14.06913498,0.0,42.17024461,0.29752191,1.36765342
1760624576.816,0.14417798,-0.40362538,2.45621711,-0.00811865,0.95875002,0.00720647,80.0,-7.0,0.0,80.0,1.3962634,0.0,0.0,0.0,80.0,-7.0,0.0,80.0,1.3962634,0.0,0.0,0.0,-10.56151338,-4.91262546,-9.97567425,-28.77454358,-64.01711988,-12.35820492,0.0,78.8378307,11.43959087,13.61855909,3.99320376,-20.05145961,13.79753067,0.0,41.79334271,0.29697914,1.28719294
1760624576.849,0.14562955,-0.39347592,2.51942945,-0.00776497,0.95806069,0.00755613,80.0,-7.0,0.0,80.0,1.3962634,0.0,0.0,0.0,80.0,-7.0,0.0,80.0,1.3962634,0.0,0.0,0.0,-10.73607055,-4.46063998,-9.13616865,-33.1748972,-65.81123863,-18.56926876,0.0,80.05447011,11.18210648,14.22765453,4.5046944,-19.69778386,14.08937524,0.0,42.27050421,0.31753804,1.24187005
1760624576.883,0.16564836,-0.3671059,2.57563045,-0.00808234,0.95839185,0.00827292,80.0,-7.0,0.0,80.0,1.3962634,0.0,0.0,0.0,80.0,-7.0,0.0,80.0,1.3962634,0.0,0.0,0.0,-10.99885878,-4.54942437,-9.15848108,-36.762505,-67.93130443,-24.57510415,0.0,81.54951003,10.68234134,14.98900437,4.66225749,-19.9168689,14.11712413,0.0,42.09610926,0.3330155,1.20771214
1760624576.916,0.17914163,-0.34627954,2.62325109,-0.00864135,0.9594941,0.0089813,80.0,-7.0,0.0,80.0,1.3962634,0.0,0.0,0.0,80.0,-7.0,0.0,80.0,1.3962634,0.0,0.0,0.0,-11.67934564,-4.7249543,-10.33867967,-36.4254077,-69.83698877,-26.13018664,0.0,82.05259285,10.27013175,15.47352297,4.83444179,-20.29984553,13.47492947,0.0,41.36083355,0.3228222,1.1727974
1760624576.949,0.18562773,-0.33250542,2.66543395,-0.00856968,0.96128499,0.00973608,80.0,-7.0,0.0,80.0,1.3962634,0.0,0.0,0.0,80.0,-7.0,0.0,80.0,1.3962634,0.0,0.0,0.0,-11.8335119,-4.96477298,-11.60294761,-36.26890087,-71.75527587,-27.38172006,0.0,82.88604309,9.81635674,15.99181658,4.40823652,-20.67888319,12.75887899,0.0,40.58073742,0.30606739,1.15922408
1760624576.983,0.16820278,-0.32521644,2.69163901,-0.00763014,0.96201628,0.01018765,80.0,-7.0,0.0,80.0,1.3962634,0.0,0.0,0.0,80.0,-7.0,0.0,80.0,1.3962634,0.0,0.0,0.0,-11.52357727,-5.05200773,-11.98206751,-39.45089172,-73.57764545,-31.78589805,0.0,83.83975021,9.31108364,16.55028245,3.79355373,-20.7608132,12.42294379,0.0,40.28372249,0.2805265,1.11562881
1760624577.016,0.16177323,-0.31632328,2.69364382,-0.00763321,0.96402425,0.01120174,80.0,-7.0,0.0,80.0,1.3962634,0.0,0.0,0.0,80.0,-7.0,0.0,80.0,1.3962634,0.0,0.0,0.0,-11.44322904,-5.339966,-12.82313949,-39.42663499,-74.93787293,-32.4991404,0.0,84.17037131,9.03613973,16.8198226,3.23589774,-21.05410772,11.93065489,0.0,39.76191604,0.25878076,1.10202268
1760624577.05,0.16435342,-0.31434341,2.6865087,-0.00780603,0.96460596,0.01178957,80.0,-7.0,0.0,80.0,1.3962634,0.0,0.0,0.0,80.0,-7.0,0.0,80.0,1.3962634,0.0,0.0,0.0,-11.44776246,-5.31340741,-13.58077445,-39.27242749,-76.33071543,-33.34047548,0.0,84.74621539,8.88556221,17.11783802,2.86763623,-21.0528556,11.46592563,0.0,39.30404189,0.2344767,1.12079515
1760624577.083,0.16455308,-0.322899,2.66344269,-0.00811385,0.96546907,0.01169949,80.0,-7.0,0.0,80.0,1.3962634,0.0,0.0,0.0,80.0,-7.0,0.0,80.0,1.3962634,0.0,0.0,0.0,-11.33515919,-5.39367371,-14.27469721,-39.04800391,-77.66396702,-34.00880921,0.0,85.07377687,8.65043748,17.3893988,2.378842,-21.08484657,10.99978596,0.0,38.84671304,0.19062605,1.1756947
1760624577.117,0.16043413,-0.33221772,2.65079944,-0.00836377,0.96609551,0.01175801,80.0,-7.0,0.0,80.0,1.3962634,0.0,0.0,0.0,80.0,-7.0,0.0,80.0,1.3962634,0.0,0.0,0.0,-11.11727918,-5.46602051,-14.64717472,-38.89091194,-78.40704531,-34.20458925,0.0,85.1167536,8.55771594,17.44532138,1.95362636,-21.06971443,10.74095945,0.0,38.608687,0.15895892,1.21033987
1760624577.15,0.1704144,-0.34748092,2.64466565,-0.00878225,0.96708205,0.01224837,80.0,-7.0,0.0,80.0,1.3962634,0.0,0.0,0.0,80.0,-7.0,0.0,80.0,1.3962634,0.0,0.0,0.0,-11.29631701,-5.63018831,-14.69035123,-38.50268065,-78.65906292,-34.47911275,0.0,85.23596456,8.54160577,17.53636719,1.99573132,-21.2284283,10.69113869,0.0,38.58858724,0.14363413,1.19031976
1760624577.183,0.17190429,-0.36413525,2.6406434,-0.00892276,0.96735002,0.01214742,80.0,-7.0,0.0,80.0,1.3962634,0.0,0.0,0.0,80.0,-7.0,0.0,80.0,1.3962634,0.0,0.0,0.0,-11.2369176,-5.81399195,-14.68395457,-38.30773366,-78.85348703,-34.6836707,0.0,85.67486226,8.71669725,17.61507266,1.91961348,-21.28936378,10.63904397,0.0,38.54320687,0.15683546,1.22555697
1760624577.217,0.17644187,-0.39803564,2.65222119,-0.00902007,0.96793854,0.01183329,80.0,-7.0,0.0,80.0,1.3962634,0.0,0.0,0.0,80.0,-7.0,0.0,80.0,1.3962634,0.0,0.0,0.0,-11.2182646,-5.88922875,-14.63604068,-38.23636042,-78.89000167,-34.68795265,0.0,85.65850696,8.86898247,17.60210384,1.95301692,-21.32012075,10.65122938,0.0,38.57267744,0.17006503,1.24998732
1760624577.25,0.19419689,-0.423401,2.66330183,-0.00926403,0.96805181,0.01140448,80.0,-7.0,0.0,80.0,1.3962634,0.0,0.0,0.0,80.0,-7.0,0.0,80.0,1.3962634,0.0,0.0,0.0,-11.14189963,-5.91865242,-14.64091468,-38.10504418,-78.9356473,-34.78260694,0.0,85.8568765,8.87855818,17.61570162,1.93566451,-21.32465194,10.67375481,0.0,38.59836062,0.17088261,1.30148192
1760624577.284,0.21335609,-0.44510627,2.69041926,-0.00978204,0.96840453,0.01141329,80.0,-7.0,0.0,80.0,1.3962634,0.0,0.0,0.0,80.0,-7.0,0.0,80.0,1.3962634,0.0,0.0,0.0,-11.23422053,-6.07328742,-15.85431927,-31.78406316,-79.48924036,-28.7385383,0.0,85.92899123,8.85083895,17.70936528,1.58992122,-21.4947133,10.06246777,0.0,37.93027444,0.1768644,1.34881975
1760624577.317,0.21008206,-0.4624395,2.70391809,-0.01007197,0.96880475,0.01124475,80.0,-7.0,0.0,80.0,1.3962634,0.0,0.0,0.0,80.0,-7.0,0.0,80.0,1.3962634,0.0,0.0,0.0,-11.12767192,-6.10713871,-15.82298194,-31.60337778,-79.47520044,-28.90324718,0.0,86.08568226,8.8329576,17.75373212,1.52628381,-21.50846506,10.07142446,0.0,37.94350064,0.17413601,1.33981859
1760624577.351,0.20402011,-0.46218186,2.69448103,-0.01116771,0.96903887,0.01186513,80.0,-7.0,0.0,80.0,1.3962634,0.0,0.0,0.0,80.0,-7.0,0.0,80.0,1.3962634,0.0,0.0,0.0,-11.23251105,-6.15452461,-15.76554019,-31.2543056,-79.41651982,-28.94124428,0.0,86.28534081,8.87395428,17.78053477,1.6906628,-21.62046622,10.10300825,0.0,38.03690457,0.19548309,1.36274347
1760624577.384,0.20889023,-0.48704843,2.67980109,-0.01228609,0.96962505,0.01205341,80.0,-7.0,0.0,80.0,1.3962634,0.0,0.0,0.0,80.0,-7.0,0.0,80.0,1.3962634,0.0,0.0,0.0,-11.49579908,-6.22045196,-16.76427231,-25.42256173,-79.82880037,-23.5700441,0.0,86.28052412,8.87078429,17.82046905,1.64615378,-21.86315871,8.84022439,0.0,38.25321632,0.24977615,1.37982471
1760624577.418,0.18415104,-0.49669866,2.65482106,-0.01211861,0.96952552,0.0118803,80.0,-7.0,0.0,80.0,1.3962634,0.0,0.0,0.0,80.0,-7.0,0.0,80.0,1.3962634,0.0,0.0,0.0,-11.39521599,-6.23999241,-16.73687378,-25.28321134,-79.92508465,-23.69932022,0.0,86.39901169,8.80466672,17.83636872,1.6608486,-21.93014765,8.87252677,0.0,38.28604813,0.27160204,1.37603277
1760624577.451,0.16934065,-0.5053412,2.6197592,-0.01213483,0.96883564,0.01203986,80.0,-7.0,0.0,80.0,1.3962634,0.0,0.0,0.0,80.0,-7.0,0.0,80.0,1.3962634,0.0,0.0,0.0,-11.28648626,-6.20532744,-16.72552979,-25.15689699,-80.02769597,-23.81282476,0.0,86.30706113,8.68473923,17.83756158,1.65250174,-21.98600747,8.94374058,0.0,38.35706838,0.28440391,1.35595461
1760624577.485,0.17955048,-0.53444149,2.60379763,-0.01161705,0.96844077,0.0109033,80.0,-7.0,0.0,80.0,1.3962634,0.0,0.0,0.0,80.0,-7.0,0.0,80.0,1.3962634,0.0,0.0,0.0,-11.27130315,-6.04309352,-16.74741377,-24.93436837,-80.23909264,-23.97973517,0.0,86.0735875,8.37730753,17.95056201,1.84699763,-21.89842368,8.9522226,0.0,38.35847893,0.31280079,1.40613109
1760624577.518,0.16511059,-0.5494545,2.608944,-0.01147435,0.96868664,0.00956475,80.0,-7.0,0.0,80.0,1.3962634,0.0,0.0,0.0,80.0,-7.0,0.0,80.0,1.3962634,0.0,0.0,0.0,-11.53041128,-5.91516976,-17.61587809,-19.84328565,-80.63916676,-19.47628793,0.0,86.0852034,8.19787177,18.00684959,2.11155458,-21.82388578,9.62053642,0.0,36.79138605,0.3346745,1.55425336
1760624577.552,0.1514781,-0.53532386,2.60810071,-0.01056443,0.96891614,0.00925892,80.0,-7.0,0.0,80.0,1.3962634,0.0,0.0,0.0,80.0,-7.0,0.0,80.0,1.3962634,0.0,0.0,0.0,-11.40180664,-5.96932168,-17.57316737,-19.77804868,-80.66599523,-19.52840827,0.0,86.15246383,8.0850463,18.04617932,2.20842938,-21.77529565,9.65518747,0.0,36.83522872,0.38791094,1.59166004
1760624577.585,0.1574794,-0.51879983,2.61485736,-0.00877465,0.96924618,0.00938772,80.0,-7.0,0.0,80.0,1.3962634,0.0,0.0,0.0,80.0,-7.0,0.0,80.0,1.3962634,0.0,0.0,0.0,-11.17462242,-6.1048906,-17.44318384,-19.98129381,-80.48821671,-19.3531159,0.0,85.69985951,7.93837153,18.06277762,2.27978814,-21.71393296,9.75012906,0.0,36.99342676,0.45681127,1.68845257
1760624577.619,0.14485975,-0.51038563,2.64000338,-0.00814528,0.96946738,0.00938745,80.0,-7.0,0.0,80.0,1.3962634,0.0,0.0,0.0,80.0,-7.0,0.0,80.0,1.3962634,0.0,0.0,0.0,-11.0557528,-6.1427612,-17.39558661,-19.89525404,-80.41929733,-19.42073643,0.0,85.94807341,7.99199729,18.08226773,2.33975566,-21.61027242,9.81245874,0.0,37.06989285,0.47614067,1.7362658
1760624577.652,0.14233531,-0.48719815,2.64646876,-0.00805764,0.96956425,0.00990082,80.0,-7.0,0.0,80.0,1.3962634,0.0,0.0,0.0,80.0,-7.0,0.0,80.0,1.3962634,0.0,0.0,0.0,-11.02455256,-6.33520555,-17.18135769,-19.98583819,-80.07689281,-19.46766332,0.0,85.76948158,7.96552954,18.06918123,2.41777402,-21.66438651,9.94759505,0.0,37.30454444,0.49249741,1.73017505
1760624577.685,0.14549703,-0.46487483,2.64073768,-0.00832233,0.96963979,0.01011785,80.0,-7.0,0.0,80.0,1.3962634,0.0,0.0,0.0,80.0,-7.0,0.0,80.0,1.3962634,0.0,0.0,0.0,-11.02578248,-6.42550815,-16.93610309,-19.99588215,-79.66883832,-19.53986478,0.0,85.49765102,7.87898026,18.0285329,2.55091179,-21.63763068,10.15692251,0.0,37.60710637,0.49793625,1.75745444
1760624577.719,0.14080477,-0.45132476,2.63321997,-0.00901865,0.96933868,0.01059464,80.0,-7.0,0.0,80.0,1.3962634,0.0,0.0,0.0,80.0,-7.0,0.0,80.0,1.3962634,0.0,0.0,0.0,-10.96557625,-6.55365708,-15.80928992,-24.38586053,-78.88273197,-23.91252601,0.0,85.24730506,7.77866413,18.02534878,2.81861878,-21.70696166,9.42774542,0.0,39.66355817,0.49497425,1.67233309
1760624577.752,0.13707076,-0.44099582,2.61875561,-0.00963457,0.96924643,0.0110999,80.0,-7.0,0.0,80.0,1.3962634,0.0,0.0,0.0,80.0,-7.0,0.0,80.0,1.3962634,0.0,0.0,0.0,-11.12864748,-6.68346621,-15.46598509,-24.20101488,-78.17548698,-23.85777392,0.0,84.77352507,7.55200599,17.98721064,3.01140599,-21.78205689,9.61220529,0.0,39.82784889,0.47358707,1.6223391
1760624577.786,0.13794104,-0.42837928,2.60392723,-0.01080594,0.96983958,0.01217094,80.0,-7.0,0.0,80.0,1.3962634,0.0,0.0,0.0,80.0,-7.0,0.0,80.0,1.3962634,0.0,0.0,0.0,-11.47958227,-6.82612098,-15.58236148,-21.05521874,-77.19847726,-20.72816967,0.0,84.08298606,7.20396965,17.97032757,3.1678892,-21.90199361,9.78404811,0.0,39.44903409,0.43273095,1.56505222
1760624577.819,0.12952058,-0.41816424,2.61652981,-0.01110776,0.97015903,0.01282378,80.0,-7.0,0.0,80.0,1.3962634,0.0,0.0,0.0,80.0,-7.0,0.0,80.0,1.3962634,0.0,0.0,0.0,-11.4165617,-6.92007715,-15.12021775,-21.09801622,-76.10391865,-20.35841361,0.0,83.2585025,7.06790334,17.91653943,3.19596169,-21.8925292,9.99475793,0.0,39.6561572,0.41039538,1.55920225
1760624577.853,0.11245143,-0.4045465,2.63810996,-0.01236327,0.97122099,0.01295659,80.0,-7.0,0.0,80.0,1.3962634,0.0,0.0,0.0,80.0,-7.0,0.0,80.0,1.3962634,0.0,0.0,0.0,-11.81164204,-6.9990058,-15.63591041,-16.03254607,-74.65370826,-15.54293263,0.0,82.38568522,6.93589313,17.73325447,3.31080277,-21.99324457,9.97761967,0.0,39.08615456,0.39273266,1.5410814
1760624577.886,0.11565057,-0.39895479,2.64716684,-0.01280844,0.97148024,0.01302307,80.0,-7.0,0.0,80.0,1.3962634,0.0,0.0,0.0,80.0,-7.0,0.0,80.0,1.3962634,0.0,0.0,0.0,-12.10480777,-6.92047355,-15.77063773,-13.42674358,-73.30566722,-12.92590296,0.0,81.44114638,6.96284414,17.56690916,3.49227035,-21.99183679,9.87808225,0.0,39.08610509,0.38466791,1.53775115
1760624577.953,0.12390012,-0.39891883,2.62972492,-0.01245397,0.97263131,0.01401706,80.0,-7.0,0.0,80.0,1.3962634,0.0,0.0,0.0,80.0,-7.0,0.0,80.0,1.3962634,0.0,0.0,0.0,-12.27317379,-6.94332067,-16.11941625,-8.48774078,-69.40560478,-6.55397376,0.0,78.72467849,7.2004426,17.13531986,3.36045369,-22.05332133,9.66782523,0.0,38.57448944,0.37135974,1.53249614
1760624577.987,0.12246984,-0.39597865,2.60871871,-0.01263281,0.97280405,0.01536946,80.0,-7.0,0.0,80.0,1.3962634,0.0,0.0,0.0,80.0,-7.0,0.0,80.0,1.3962634,0.0,0.0,0.0,-12.40278028,-6.77311264,-15.81302544,-7.49141399,-67.44807665,-5.14767955,0.0,77.25815386,7.09438447,16.98389208,3.58365643,-21.95250262,9.56608395,0.0,38.88277502,0.37977742,1.49389942
1760624578.02,0.12164985,-0.40250585,2.59923587,-0.01430853,0.97245409,0.01534946,80.0,-7.0,0.0,80.0,1.3962634,0.0,0.0,0.0,80.0,-7.0,0.0,80.0,1.3962634,0.0,0.0,0.0,-12.48912317,-6.62196928,-15.70367204,-6.15106674,-65.38884188,-3.35274922,0.0,75.88972453,7.21732049,16.73063002,3.68957087,-21.89261307,9.47724949,0.0,39.0217412,0.39023485,1.48835909
1760624578.053,0.13347022,-0.40445855,2.59934795,-0.01491308,0.97357666,0.01649792,80.0,-7.0,0.0,80.0,1.3962634,0.0,0.0,0.0,80.0,-7.0,0.0,80.0,1.3962634,0.0,0.0,0.0,-12.44896946,-6.67251571,-15.60812967,-4.57159923,-62.26853994,-0.97851383,0.0,73.91397823,7.35515073,16.2439198,3.64226085,-21.98737521,9.43360974,0.0,39.03325951,0.38987913,1.47999932
1760624578.087,0.12533012,-0.40365238,2.58837566,-0.01441773,0.97295744,0.01610077,80.0,-7.0,0.0,80.0,1.3962634,0.0,0.0,0.0,80.0,-7.0,0.0,80.0,1.3962634,0.0,0.0,0.0,-12.07368437,-6.57564081,-15.17955435,-4.32052302,-59.83942743,0.4936823,0.0,71.97484525,7.3192004,15.93110432,3.42976709,-21.86363054,9.6217794,0.0,39.23795075,0.39018107,1.45605484
1760624578.12,0.12379649,-0.39936646,2.59343816,-0.01361472,0.97138204,0.01579253,80.0,-7.0,0.0,80.0,1.3962634,0.0,0.0,0.0,80.0,-7.0,0.0,80.0,1.3962634,0.0,0.0,0.0,-12.24914777,-6.2192628,-14.36039183,-4.27591917,-57.35995199,1.25410006,0.0,69.9770876,7.4725867,15.49787642,3.9809566,-21.62761108,10.02629703,0.0,39.62413397,0.38945711,1.42302337
1760624578.154,0.12987274,-0.39087201,2.62078826,-0.01334274,0.97151358,0.01712447,80.0,-7.0,0.0,80.0,1.3962634,0.0,0.0,0.0,80.0,-7.0,0.0,80.0,1.3962634,0.0,0.0,0.0,-11.58515433,-6.17172065,-13.24962345,-4.80372411,-53.81794519,2.1659466,0.0,67.50893956,7.57593492,15.00100546,3.73823667,-21.4768982,10.5873556,0.0,40.02504812,0.40416312,1.37848432
1760624578.187,0.11960328,-0.38064153,2.62968818,-0.01301984,0.97155156,0.01729086,80.0,-7.0,0.0,80.0,1.3962634,0.0,0.0,0.0,80.0,-7.0,0.0,80.0,1.3962634,0.0,0.0,0.0,-11.57694862,-5.87269462,-12.56624262,-4.58851689,-51.33227772,3.01331839,0.0,66.05832616,7.91105137,14.60210352,4.06475169,-21.26706458,10.99009263,0.0,40.37003233,0.41802231,1.35500588
1760624578.221,0.12101324,-0.38033184,2.63162512,-0.01237043,0.97080841,0.01677865,80.0,-7.0,0.0,80.0,1.3962634,0.0,0.0,0.0,80.0,-7.0,0.0,80.0,1.3962634,0.0,0.0,0.0,-10.36809921,-5.613317,-11.32537413,-6.10128612,-48.90455447,3.62896234,0.0,63.96308038,8.07132021,14.17817147,3.3327997,-20.85372253,11.82209363,0.0,40.87811832,0.39852306,1.24467125
1760624578.254,0.10573099,-0.38127318,2.62227478,-0.01149132,0.97027969,0.01705836,80.0,-7.0,0.0,80.0,1.3962634,0.0,0.0,0.0,80.0,-7.0,0.0,80.0,1.3962634,0.0,0.0,0.0,-9.4645223,-5.3573098,-10.55401738,-6.33546541,-45.4743341,5.66175748,0.0,60.92800747,8.22033332,13.56353611,2.71527278,-20.74145017,12.701105,0.0,41.58735674,0.30780393,0.91187354
1760624578.287,0.10307731,-0.38068188,2.62400664,-0.01226153,0.96816028,0.01642619,80.0,-7.0,0.0,80.0,1.3962634,0.0,0.0,0.0,80.0,-7.0,0.0,80.0,1.3962634,0.0,0.0,0.0,-9.37307219,-4.69167904,-10.6083651,-5.43978333,-43.26285949,7.67417177,0.0,59.29149818,8.52809946,13.13523655,2.65050653,-20.42756006,13.24979507,0.0,41.92321575,0.20979637,0.54137709
1760624578.321,0.10900546,-0.38934908,2.63937864,-0.0122154,0.9649998,0.01567529,80.0,-7.0,0.0,80.0,1.3962634,0.0,0.0,0.0,80.0,-7.0,0.0,80.0,1.3962634,0.0,0.0,0.0,-9.12640021,-3.8882466,-9.86297403,-5.35472528,-41.10123261,8.68886493,0.0,57.39480629,8.5368458,12.67554734,2.7751039,-19.73585306,13.79590639,0.0,42.48495881,0.19834747,0.40426938
1760624578.354,0.08643575,-0.38999696,2.64251848,-0.00891773,0.96140549,0.01596096,80.0,-7.0,0.0,80.0,1.3962634,0.0,0.0,0.0,80.0,-7.0,0.0,80.0,1.3962634,0.0,0.0,0.0,-5.08239339,-4.03876419,-6.34210124,-10.79159472,-37.20266887,7.11153112,0.0,54.65408869,8.76678983,11.99299159,-0.09570825,-19.26489476,15.43733133,0.0,44.08937648,0.29077337,0.45941034
1760624578.388,0.08896435,-0.39352209,2.65331822,-0.00820628,0.95849047,0.01537911,80.0,-7.0,0.0,80.0,1.3962634,0.0,0.0,0.0,80.0,-7.0,0.0,80.0,1.3962634,0.0,0.0,0.0,-4.1182163,-3.52540794,-5.06502236,-11.64994055,-34.78150812,7.32726846,0.0,53.20376584,9.22625584,11.38603507,-0.66802584,-18.67888525,16.09193132,0.0,44.70879437,0.31001633,0.35480657
1760624578.421,0.0680321,-0.40138788,2.64555911,-0.00548493,0.95671573,0.01383453,80.0,-7.0,0.0,80.0,1.3962634,0.0,0.0,0.0,80.0,-7.0,0.0,80.0,1.3962634,0.0,0.0,0.0,-3.89005402,-3.04143473,-4.88389132,-10.821292,-32.4906719,9.22542106,0.0,50.93986444,9.30380361,10.86220406,-0.72925572,-18.15374372,16.29587836,0.0,44.74450697,0.31680052,0.35984016
1760624578.455,0.06557492,-0.40912012,2.62647423,-0.00261764,0.95497117,0.01220862,80.0,-7.0,0.0,80.0,1.3962634,0.0,0.0,0.0,80.0,-7.0,0.0,80.0,1.3962634,0.0,0.0,0.0,-4.54256431,-2.3189765,-4.65031198,-8.88117417,-29.61244044,10.73914485,0.0,49.24301446,9.76473735,9.92541277,0.11160877,-17.50453628,16.59003683,0.0,44.87014832,0.33323415,0.40685495
1760624578.488,0.06060998,-0.41808817,2.60745155,-0.00096312,0.95232996,0.01065195,80.0,-7.0,0.0,80.0,1.3962634,0.0,0.0,0.0,80.0,-7.0,0.0,80.0,1.3962634,0.0,0.0,0.0,-5.46524754,-1.51993578,-3.35441522,-7.49682948,-27.62362955,10.80741476,0.0,48.16081281,10.15737148,9.34728531,1.50839394,-16.78030167,17.50054509,0.0,45.45393507,0.32048295,0.40717232
1760624578.522,0.03597008,-0.42149808,2.58604902,-0.00097185,0.9515262,0.00923419,80.0,-7.0,0.0,80.0,1.3962634,0.0,0.0,0.0,80.0,-7.0,0.0,80.0,1.3962634,0.0,0.0,0.0,-5.8764514,-1.33241423,-2.65832165,-6.26988497,-25.18674075,11.96465768,0.0,46.32365479,10.23543144,8.73182645,2.18279274,-16.66468124,18.19959018,0.0,45.78808179,0.32957799,0.406007
1760624578.555,0.05597107,-0.41737635,2.56441978,-0.00188324,0.95152512,0.00923616,80.0,-7.0,0.0,80.0,1.3962634,0.0,0.0,0.0,80.0,-7.0,0.0,80.0,1.3962634,0.0,0.0,0.0,-6.63613805,-1.14392203,-2.90977367,-4.24124439,-22.34820156,14.36498916,0.0,45.11523073,10.91111411,7.71900099,2.87927067,-16.61102747,18.56585902,0.0,45.49623302,0.36525655,0.38232593
1760624578.589,0.078334,-0.42720213,2.57113397,-0.00484707,0.9502957,0.00753722,80.0,-7.0,0.0,80.0,1.3962634,0.0,0.0,0.0,80.0,-7.0,0.0,80.0,1.3962634,0.0,0.0,0.0,-7.04623511,-0.73811831,-4.39652429,-2.54273038,-20.59960552,17.91984663,0.0,44.01189551,11.10886842,7.23331866,2.96177642,-16.22579473,17.92072646,0.0,44.53131731,0.38724107,0.40599255
1760624578.622,0.05591201,-0.42468081,2.57979893,-0.00450769,0.94916842,0.00748837,80.0,-7.0,0.0,80.0,1.3962634,0.0,0.0,0.0,80.0,-7.0,0.0,80.0,1.3962634,0.0,0.0,0.0,-6.87489708,-0.49896631,-5.43762743,-1.66358572,-18.84463676,20.72019806,0.0,42.824419,11.01270177,6.74706071,2.68902628,-15.97743698,17.49748029,0.0,43.88300051,0.46847424,0.52433944
1760624578.655,0.06525429,-0.42044226,2.60242508,-0.004361,0.94888015,0.00764477,80.0,-7.0,0.0,80.0,1.3962634,0.0,0.0,0.0,80.0,-7.0,0.0,80.0,1.3962634,0.0,0.0,0.0,-6.63714389,-0.36991102,-6.05019623,-1.13479629,-16.55097379,22.80987541,0.0,42.78323344,10.98976251,6.14678437,2.45931083,-15.79487982,17.20658765,0.0,43.51743763,0.57297098,0.61756413
1760624578.689,0.05653658,-0.42140124,2.64635467,-0.00429873,0.94776978,0.00653912,80.0,-7.0,0.0,80.0,1.3962634,0.0,0.0,0.0,80.0,-7.0,0.0,80.0,1.3962634,0.0,0.0,0.0,-5.72110466,-0.50158523,-5.80724335,-1.75927106,-14.80536991,24.08619269,0.0,42.37374928,11.0473968,5.91222861,1.67378864,-15.75599369,17.33808597,0.0,43.62322662,0.62692884,0.61760118
1760624578.722,0.04397228,-0.42526677,2.69984526,-0.00445575,0.94628475,0.00605144,80.0,-7.0,0.0,80.0,1.3962634,0.0,0.0,0.0,80.0,-7.0,0.0,80.0,1.3962634,0.0,0.0,0.0,-5.69821652,-0.30495334,-6.06362298,-1.41262941,-13.44246213,25.4910075,0.0,41.80610261,11.13121351,5.40800304,1.73671078,-15.52759067,17.20768645,0.0,43.5219159,0.67817355,0.66071335
1760624578.756,0.04877773,-0.44837677,2.72272461,-0.0048432,0.94566964,0.0056441,80.0,-7.0,0.0,80.0,1.3962634,0.0,0.0,0.0,80.0,-7.0,0.0,80.0,1.3962634,0.0,0.0,0.0,-5.54094709,-0.23465671,-6.56795853,-1.11238302,-11.58960712,27.51520262,0.0,40.77860597,11.12446888,4.96072492,1.54103078,-15.39718003,16.96672302,0.0,43.34590474,0.68978005,0.66368779
1760624578.789,0.01413163,-0.46624716,2.7263985,-0.00473219,0.94568516,0.00461249,80.0,-7.0,0.0,80.0,1.3962634,0.0,0.0,0.0,80.0,-7.0,0.0,80.0,1.3962634,0.0,0.0,0.0,-4.1429023,-0.46166023,-6.83409188,-2.15652581,-10.20638414,28.77522772,0.0,39.9785811,11.07243664,4.7468688,0.05299517,-15.42033918,16.83420951,0.0,43.31349692,0.69588059,0.61884599
1760624578.823,0.03964911,-0.49778738,2.72284983,-0.00433162,0.94488603,0.00336635,80.0,-7.0,0.0,80.0,1.3962634,0.0,0.0,0.0,80.0,-7.0,0.0,80.0,1.3962634,0.0,0.0,0.0,-4.04566382,-0.18397538,-7.32738835,-1.7745465,-9.06151447,29.3961396,0.0,40.02438094,11.44595302,4.04076417,-0.15694537,-15.11112219,16.5385018,0.0,43.17733352,0.7014591,0.63591879
1760624578.856,0.04617209,-0.53119788,2.70504806,-0.00475722,0.9447551,0.00300814,80.0,-7.0,0.0,80.0,1.3962634,0.0,0.0,0.0,80.0,-7.0,0.0,80.0,1.3962634,0.0,0.0,0.0,-3.98358189,-0.06865876,-7.67345071,-1.52225741,-8.24379761,30.45527954,0.0,39.51255049,11.76543716,3.67589321,-0.30949983,-14.94553604,16.36625441,0.0,43.10788709,0.68111754,0.64352363
1760624578.89,0.03745559,-0.56631058,2.68152196,-0.00676405,0.94379076,0.0022746,80.0,-7.0,0.0,80.0,1.3962634,0.0,0.0,0.0,80.0,-7.0,0.0,80.0,1.3962634,0.0,0.0,0.0,-3.84713917,0.17922709,-7.81352212,-1.33952878,-7.64259251,31.47989014,0.0,38.56606426,11.84166591,3.51203098,-0.44473801,-14.69429114,16.34411605,0.0,43.18169283,0.69342584,0.65587312
1760624578.923,0.08129125,-0.60507568,2.64991643,-0.00799276,0.94495577,0.00275599,80.0,-7.0,0.0,80.0,1.3962634,0.0,0.0,0.0,80.0,-7.0,0.0,80.0,1.3962634,0.0,0.0,0.0,-4.03696395,0.01321123,-7.85719756,-0.90670919,-6.50492265,31.79789973,0.0,38.04960416,11.93356935,3.28181935,-0.27365109,-14.86352488,16.35903553,0.0,43.22171683,0.69674097,0.65204918
1760624578.957,0.108831,-0.6333484,2.64515379,-0.00900337,0.94569243,0.00251303,80.0,-7.0,0.0,80.0,1.3962634,0.0,0.0,0.0,80.0,-7.0,0.0,80.0,1.3962634,0.0,0.0,0.0,-4.37159886,-0.03586137,-8.14055554,-0.43829753,-5.83882537,32.46588573,0.16536947,37.81988755,12.06009383,3.202634,-0.01875319,-14.90254658,16.22071654,0.0,43.06020146,0.68899833,0.67152736
1760624578.99,0.0917254,-0.65549244,2.63006047,-0.00951339,0.94597127,0.00348046,80.0,-7.0,0.0,80.0,1.3962634,0.0,0.0,0.0,80.0,-7.0,0.0,80.0,1.3962634,0.0,0.0,0.0,-4.36020457,-0.08707109,-8.09285544,-0.40953625,-5.42248222,33.07140283,0.46675668,37.36056864,12.2345717,3.13858221,-0.00847673,-14.94826879,16.25662001,0.0,43.09863991,0.7045874,0.72567406
1760624579.023,0.12320775,-0.69541852,2.62446609,-0.00949229,0.94523297,0.00310708,80.0,-7.0,0.0,80.0,1.3962634,0.0,0.0,0.0,80.0,-7.0,0.0,80.0,1.3962634,0.0,0.0,0.0,-3.68851548,0.15956746,-7.77324861,-1.07108982,-5.37712898,33.21546819,0.84828337,36.80314298,12.37734579,2.93878113,-0.64515607,-14.63565117,16.42650723,0.0,43.32959127,0.73842318,0.71787532
1760624579.057,0.14336432,-0.72360139,2.62963477,-0.00737788,0.9446108,0.00285816,80.0,-7.0,0.0,80.0,1.3962634,0.0,0.0,0.0,80.0,-7.0,0.0,80.0,1.3962634,0.0,0.0,0.0,-3.04698105,0.08987068,-7.49690158,-1.67880868,-5.13695197,33.09860762,0.99435782,36.60347673,12.44025264,2.86901698,-1.28704642,-14.62706496,16.57687841,0.0,43.5151971,0.72500261,0.68360628
1760624579.09,0.12505323,-0.75560154,2.62984692,-0.00612307,0.94398552,0.0022039,80.0,-7.0,0.0,80.0,1.3962634,0.0,0.0,0.0,80.0,-7.0,0.0,80.0,1.3962634,0.0,0.0,0.0,-2.50851036,0.0853177,-7.17344152,-2.17911942,-5.03266829,32.94214626,1.1345312,36.54278815,12.43508355,2.85378429,-1.78398663,-14.57172611,16.74747459,0.0,43.68712752,0.68535664,0.6194124
1760624579.124,0.10496572,-0.79671994,2.63522406,-0.00406726,0.94299999,0.00172547,80.0,-7.0,0.0,80.0,1.3962634,0.0,0.0,0.0,80.0,-7.0,0.0,80.0,1.3962634,0.0,0.0,0.0,-1.68794527,0.12979489,-6.82716459,-2.97296752,-5.04887856,32.84528239,1.2390823,36.53990474,12.44148746,2.77023549,-2.54043586,-14.45463184,16.95405536,0.0,43.86474246,0.63989693,0.53909107
1760624579.157,0.1057064,-0.82196424,2.64462969,-0.00308262,0.94256832,0.00168068,80.0,-7.0,0.0,80.0,1.3962634,0.0,0.0,0.0,80.0,-7.0,0.0,80.0,1.3962634,0.0,0.0,0.0,-1.29496122,0.08071256,-6.78721816,-3.34257805,-4.96523678,33.06847068,1.21038103,36.51155233,12.38792617,2.72772048,-2.93514383,-14.44543519,17.02763165,0.0,43.87336931,0.6315469,0.53548332
1760624579.191,0.10306658,-0.84364565,2.64125677,-0.00321583,0.9427267,0.00125066,80.0,-7.0,0.0,80.0,1.3962634,0.0,0.0,0.0,80.0,-7.0,0.0,80.0,1.3962634,0.0,0.0,0.0,-1.4155238,0.09759198,-7.15153319,-3.1190187,-4.98666221,33.66153856,1.20778685,36.39031077,12.33653986,2.71871418,-2.89404084,-14.41223878,16.92575201,0.0,43.66745644,0.63734972,0.56610155
1760624579.224,0.10899855,-0.87772834,2.62966541,-0.00326072,0.94295395,0.0003524,80.0,-7.0,0.0,80.0,1.3962634,0.0,0.0,0.0,80.0,-7.0,0.0,80.0,1.3962634,0.0,0.0,0.0,-1.45455917,0.00625102,-7.41166152,-2.95308075,-4.92506096,34.04764606,1.23688293,36.22357792,12.26935319,2.68622026,-2.9525443,-14.4909666,16.87264232,0.0,43.47726936,0.62483594,0.56223418
1760624579.258,0.10929666,-0.89824868,2.629264,-0.00319822,0.94287203,-3.01e-06,80.0,-7.0,0.0,80.0,1.3962634,0.0,0.0,0.0,80.0,-7.0,0.0,80.0,1.3962634,0.0,0.0,0.0,-0.33626284,-0.13987542,-7.30796278,-4.0666627,-4.90364308,34.05313576,1.19855171,36.15146528,12.2987605,2.64371954,-4.08379652,-14.45726066,16.96768554,0.0,43.46332397,0.59193936,0.52915019
1760624579.291,0.11316183,-0.91522864,2.62754179,-0.00306288,0.94297414,-1.317e-05,80.0,-7.0,0.0,80.0,1.3962634,0.0,0.0,0.0,80.0,-7.0,0.0,80.0,1.3962634,0.0,0.0,0.0,0.04067274,-0.18436531,-7.42900408,-4.38924925,-4.94663499,34.43461664,1.19015249,36.01265752,12.3237926,2.65435339,-4.48737215,-14.40240814,16.999084,0.0,43.2994667,0.58270156,0.55893757
1760624579.324,0.12793355,-0.9273852,2.62768358,-0.00417859,0.94315154,-1.006e-05,80.0,-7.0,0.0,80.0,1.3962634,0.0,0.0,0.0,80.0,-7.0,0.0,80.0,1.3962634,0.0,0.0,0.0,-0.13753081,-0.26414278,-7.54247146,-4.15307156,-4.89840214,34.85469917,1.18656935,35.83355984,12.36121286,2.60485349,-4.40013991,-14.46201379,17.06414243,0.0,43.17303494,0.58743949,0.57648062
1760624579.358,0.12287293,-0.93986784,2.6477285,-0.0042015,0.94314976,-0.00041106,80.0,-7.0,0.0,80.0,1.3962634,0.0,0.0,0.0,80.0,-7.0,0.0,80.0,1.3962634,0.0,0.0,0.0,0.31154214,-0.29326171,-7.40079932,-4.56388177,-4.93219257,34.82216273,1.15393183,35.78907104,12.40415782,2.59874493,-4.81341807,-14.41720017,17.2312138,0.0,43.16951744,0.57020722,0.58844244
1760624579.391,0.11738634,-0.94885522,2.66401164,-0.00444645,0.94302037,3.736e-05,80.0,-7.0,0.0,80.0,1.3962634,0.0,0.0,0.0,80.0,-7.0,0.0,80.0,1.3962634,0.0,0.0,0.0,0.13609031,-0.37506563,-7.44083599,-4.34355697,-4.85902513,34.91522337,1.15732116,35.79573399,12.43037665,2.58392018,-4.67346884,-14.49449565,17.29818422,0.0,43.0399276,0.57153296,0.57808044
1760624579.425,0.11984654,-0.9473242,2.6761503,-0.0041904,0.94279597,0.00028273,80.0,-7.0,0.0,80.0,1.3962634,0.0,0.0,0.0,80.0,-7.0,0.0,80.0,1.3962634,0.0,0.0,0.0,0.27666192,-0.47538553,-7.40282382,-4.48397374,-4.80259616,34.98642128,1.16721189,35.78283644,12.47093744,2.55923001,-4.82754675,-14.53984673,17.43276329,0.0,42.92959716,0.55967978,0.59828825
1760624579.458,0.11795098,-0.93956063,2.68903242,-0.0040705,0.94259985,0.00084937,80.0,-7.0,0.0,80.0,1.3962634,0.0,0.0,0.0,80.0,-7.0,0.0,80.0,1.3962634,0.0,0.0,0.0,0.01939034,-0.53506643,-7.26785711,-4.23102079,-4.7348644,34.92284043,1.17760307,35.80796342,12.52133339,2.53717386,-4.54847967,-14.6302277,17.59933445,0.0,42.89301046,0.57144999,0.61277627
1760624579.492,0.10589338,-0.94100838,2.67933168,-0.00325853,0.94228923,0.00182318,80.0,-7.0,0.0,80.0,1.3962634,0.0,0.0,0.0,80.0,-7.0,0.0,80.0,1.3962634,0.0,0.0,0.0,0.62501062,-0.65160435,-7.4274,-4.86622058,-4.71386234,35.10130073,1.17158039,35.9153059,12.51948383,2.56433846,-5.18770279,-14.61901488,17.60466018,0.0,42.68455997,0.54181781,0.5966832
1760624579.525,0.10471013,-0.94201717,2.68625705,-0.00391615,0.94208936,0.00203216,80.0,-7.0,0.0,80.0,1.3962634,0.0,0.0,0.0,80.0,-7.0,0.0,80.0,1.3962634,0.0,0.0,0.0,-0.36059527,-0.60440924,-7.31104613,-3.86885976,-4.64192894,35.04199464,1.20768828,35.88861975,12.51825504,2.56785208,-4.18916613,-14.74585989,17.81915567,0.0,42.60405765,0.57313494,0.576658
1760624579.558,0.10101861,-0.92987256,2.67967595,-0.00356021,0.94214904,0.00182555,80.0,-7.0,0.0,80.0,1.3962634,0.0,0.0,0.0,80.0,-7.0,0.0,80.0,1.3962634,0.0,0.0,0.0,-0.00577349,-0.66466523,-7.60569777,-4.25122024,-4.65983349,35.3686007,1.21665642,35.88134348,12.54022633,2.57872234,-4.61919509,-14.68729699,17.92582209,0.0,42.16444487,0.57364046,0.58042005
1760624579.592,0.09589627,-0.92903503,2.67259318,-0.00329462,0.9422467,0.00160926,80.0,-7.0,0.0,80.0,1.3962634,0.0,0.0,0.0,80.0,-7.0,0.0,80.0,1.3962634,0.0,0.0,0.0,-0.01310644,-0.65986542,-7.62943211,-4.26178968,-4.66733411,35.35626,1.21963145,35.94270213,12.54133423,2.57612033,-4.60426487,-14.70393231,17.92157597,0.0,42.1439632,0.56593116,0.58202379
1760624579.625,0.0945897,-0.92180056,2.68954133,-0.00398401,0.94257216,0.0015557,80.0,-7.0,0.0,80.0,1.3962634,0.0,0.0,0.0,80.0,-7.0,0.0,80.0,1.3962634,0.0,0.0,0.0,0.3489849,-0.68332464,-8.0514013,-4.62691533,-4.72177514,35.62204614,1.21297167,36.01816141,12.53881549,2.6016847,-5.0780052,-14.63202248,17.89280191,0.0,41.78292738,0.55537694,0.57519107
1760624579.659,0.10718115,-0.91593903,2.69173812,-0.00553281,0.94263857,0.00137277,80.0,-7.0,0.0,80.0,1.3962634,0.0,0.0,0.0,80.0,-7.0,0.0,80.0,1.3962634,0.0,0.0,0.0,-0.33891329,-0.6817522,-8.34079184,-3.92048933,-4.61924037,35.78319976,1.2063492,36.06602987,12.49215798,2.56776111,-4.46326912,-14.71118335,17.86168401,0.0,41.54291673,0.56684601,0.59678493
1760624579.692,0.11308754,-0.91431212,2.70287789,-0.00633376,0.94263139,0.00137062,80.0,-7.0,0.0,80.0,1.3962634,0.0,0.0,0.0,80.0,-7.0,0.0,80.0,1.3962634,0.0,0.0,0.0,-0.49630989,-0.65180901,-8.24556288,-3.77618453,-4.58875696,35.54097729,1.20358598,36.09758116,12.50178817,2.55594927,-4.28540816,-14.73294743,18.02688399,0.0,41.50123543,0.59110288,0.59998526
1760624579.726,0.12044008,-0.90299957,2.70104792,-0.00733001,0.94270711,0.00253296,80.0,-7.0,0.0,80.0,1.3962634,0.0,0.0,0.0,80.0,-7.0,0.0,80.0,1.3962634,0.0,0.0,0.0,-0.20885977,-0.71889474,-8.31711102,-4.10614178,-4.53763211,35.45152981,1.21813692,36.18649525,12.47801258,2.54709291,-4.55786136,-14.76265435,18.0910984,0.0,41.39902715,0.60592482,0.62195696
1760624579.759,0.12347612,-0.89765658,2.6975342,-0.0076839,0.94271882,0.00247513,80.0,-7.0,0.0,80.0,1.3962634,0.0,0.0,0.0,80.0,-7.0,0.0,80.0,1.3962634,0.0,0.0,0.0,-0.45399094,-0.71246733,-8.25168909,-3.86655153,-4.4679683,35.29503632,1.22975359,36.23102269,12.44691571,2.52577138,-4.27511265,-14.82730083,18.21045963,0.0,41.38234534,0.62465159,0.61567621
1760624579.793,0.12318186,-0.8916054,2.69980066,-0.00780703,0.94282262,0.00237187,80.0,-7.0,0.0,80.0,1.3962634,0.0,0.0,0.0,80.0,-7.0,0.0,80.0,1.3962634,0.0,0.0,0.0,-0.42614845,-0.68504162,-8.26942098,-3.89565637,-4.4460931,35.27636679,1.24181574,36.21668014,12.46543004,2.51916446,-4.2599221,-14.82408209,18.2297385,0.0,41.38711011,0.64941251,0.61180171
1760624579.826,0.12845799,-0.88547384,2.69522988,-0.00778618,0.94305481,0.00235077,80.0,-7.0,0.0,80.0,1.3962634,0.0,0.0,0.0,80.0,-7.0,0.0,80.0,1.3962634,0.0,0.0,0.0,-0.62344396,-0.65259184,-8.36206302,-3.67315408,-4.42769347,35.27199838,1.26513122,36.30662987,12.45900157,2.49828283,-4.05521254,-14.83004877,18.26654276,0.0,41.29129347,0.66437126,0.62602521
1760624579.86,0.11750406,-0.8815863,2.70589836,-0.00809763,0.94307422,0.0025039,80.0,-7.0,0.0,80.0,1.3962634,0.0,0.0,0.0,80.0,-7.0,0.0,80.0,1.3962634,0.0,0.0,0.0,-0.60434107,-0.64383613,-8.42252507,-3.65571174,-4.40860899,35.18175029,1.27981172,36.4240595,12.44841875,2.49581578,-4.05832444,-14.8383924,18.27271614,0.0,41.27779546,0.67664147,0.62061839
1760624579.893,0.11588961,-0.87866074,2.69972571,-0.00875419,0.94304499,0.00263466,80.0,-7.0,0.0,80.0,1.3962634,0.0,0.0,0.0,80.0,-7.0,0.0,80.0,1.3962634,0.0,0.0,0.0,-0.85515625,-0.62655116,-8.36643652,-3.40159713,-4.34775643,34.99954818,1.37010148,36.44910245,12.4058785,2.46902899,-3.78227616,-14.90244569,18.3966071,0.0,41.26001396,0.6916952,0.60615918
1760624579.927,0.12100058,-0.88996753,2.69636825,-0.00878395,0.94298324,0.00228592,80.0,-7.0,0.0,80.0,1.3962634,0.0,0.0,0.0,80.0,-7.0,0.0,80.0,1.3962634,0.0,0.0,0.0,-0.4751924,-0.5231359,-8.17236364,-3.87092204,-4.48517154,34.84211661,1.52536388,36.39225305,12.41330713,2.40363344,-4.08154071,-14.79235197,18.60501965,0.0,41.3135681,0.67519731,0.61169359
1760624579.96,0.12913038,-0.88875419,2.6997308,-0.00941216,0.94305091,0.00227813,80.0,-7.0,0.0,80.0,1.3962634,0.0,0.0,0.0,80.0,-7.0,0.0,80.0,1.3962634,0.0,0.0,0.0,-0.68157501,-0.50585753,-7.87089106,-3.79842457,-4.46068686,34.7642249,1.63286223,36.30111145,12.52005782,2.38648018,-3.78395803,-14.86957815,18.90294736,0.0,41.35850521,0.67824689,0.61630144
1760624579.993,0.12248078,-0.88883267,2.70048764,-0.00969185,0.94313354,0.00280405,80.0,-7.0,0.0,80.0,1.3962634,0.0,0.0,0.0,80.0,-7.0,0.0,80.0,1.3962634,0.0,0.0,0.0,-0.36017665,-0.52448898,-8.24911261,-4.20669766,-4.504346,35.14177423,1.72103019,36.42138487,12.48434133,2.42632549,-4.14537049,-14.79189378,19.08153474,0.0,40.72976443,0.66157841,0.60308861
1760624580.027,0.114364,-0.89511307,2.70407949,-0.01018394,0.94326483,0.00305786,80.0,-7.0,0.0,80.0,1.3962634,0.0,0.0,0.0,80.0,-7.0,0.0,80.0,1.3962634,0.0,0.0,0.0,-0.22902275,-0.41258927,-8.0976611,-4.37106002,-4.58861762,34.76612055,1.73265209,36.62720687,12.4553154,2.43000972,-4.19698787,-14.70645595,19.26137969,0.0,40.66797762,0.68538425,0.60724627
1760624580.06,0.10893192,-0.89747227,2.71891098,-0.01013978,0.94342773,0.00340672,80.0,-7.0,0.0,80.0,1.3962634,0.0,0.0,0.0,80.0,-7.0,0.0,80.0,1.3962634,0.0,0.0,0.0,-0.2187499,-0.39993874,-8.14184626,-4.38271341,-4.56715389,34.66056497,1.71202434,36.74905544,12.45423349,2.45589479,-4.21116136,-14.71069413,19.23523676,0.0,40.62219012,0.6991855,0.64064767
1760624580.094,0.09771704,-0.89127125,2.74843387,-0.00979195,0.94350429,0.00382543,80.0,-7.0,0.0,80.0,1.3962634,0.0,0.0,0.0,80.0,-7.0,0.0,80.0,1.3962634,0.0,0.0,0.0,0.13971054,-0.43758319,-8.04494477,-4.73454041,-4.54219364,34.36306759,1.72143172,36.85470559,12.41419419,2.45499755,-4.55505748,-14.71552339,19.42852206,0.0,40.60036162,0.69003178,0.63241437
1760624580.127,0.08873405,-0.88542169,2.75475477,-0.00934261,0.94357814,0.00394346,80.0,-7.0,0.0,80.0,1.3962634,0.0,0.0,0.0,80.0,-7.0,0.0,80.0,1.3962634,0.0,0.0,0.0,0.25575612,-0.50445749,-7.94619387,-4.85176098,-4.47235078,34.24365154,1.75122025,36.88689183,12.4157143,2.42497098,-4.71879635,-14.79159818,19.61189465,0.0,40.59593352,0.67468005,0.58980103
1760624580.161,0.08812825,-0.8885735,2.75414354,-0.008618,0.9434369,0.00340248,80.0,-7.0,0.0,80.0,1.3962634,0.0,0.0,0.0,80.0,-7.0,0.0,80.0,1.3962634,0.0,0.0,0.0,0.25628583,-0.47895458,-7.89702679,-4.85047973,-4.4542989,34.33127103,1.77871605,36.79250725,12.42824664,2.39842498,-4.75515169,-14.78081252,19.6696219,0.0,40.64055259,0.66893617,0.58759028
1760624580.194,0.07972238,-0.89501071,2.72288351,-0.00657548,0.94289368,0.00309648,80.0,-7.0,0.0,80.0,1.3962634,0.0,0.0,0.0,80.0,-7.0,0.0,80.0,1.3962634,0.0,0.0,0.0,0.57472199,-0.4558592,-7.94871804,-5.1914739,-4.51015716,34.65272814,1.90054449,36.68128867,12.39725554,2.38019754,-5.12410988,-14.6983525,19.79970631,0.0,40.56694123,0.64665694,0.57992563
1760624580.228,0.07720139,-0.90227467,2.70816738,-0.00571549,0.94258509,0.002952,80.0,-7.0,0.0,80.0,1.3962634,0.0,0.0,0.0,80.0,-7.0,0.0,80.0,1.3962634,0.0,0.0,0.0,0.67759199,-0.38034221,-7.89827314,-5.34542716,-4.58835105,34.80477948,2.00676046,36.74562357,12.38555634,2.36658016,-5.20969816,-14.60055317,19.93975631,0.0,40.50930273,0.64409588,0.57189633
1760624580.261,0.07656879,-0.90283919,2.69006619,-0.00611124,0.94236214,0.00328293,80.0,-7.0,0.0,80.0,1.3962634,0.0,0.0,0.0,80.0,-7.0,0.0,80.0,1.3962634,0.0,0.0,0.0,0.67040852,-0.37989057,-7.83915544,-5.39958195,-4.58939311,34.90186068,2.09471738,36.91957307,12.43208065,2.36732168,-5.20682846,-14.59111568,19.97152559,0.0,40.52533996,0.6545433,0.55779608
1760624580.294,0.07473314,-0.90263297,2.68172195,-0.0064172,0.94236157,0.00363566,80.0,-7.0,0.0,80.0,1.3962634,0.0,0.0,0.0,80.0,-7.0,0.0,80.0,1.3962634,0.0,0.0,0.0,0.58673772,-0.32862345,-8.23482419,-5.32559438,-4.66385888,35.31955906,2.18072168,37.22295518,12.45679346,2.3389089,-5.14912001,-14.48941144,19.91065143,0.0,40.18937234,0.64879926,0.61379151
1760624580.328,0.08605461,-0.90367077,2.69987705,-0.00817186,0.94206265,0.00347963,80.0,-7.0,0.0,80.0,1.3962634,0.0,0.0,0.0,80.0,-7.0,0.0,80.0,1.3962634,0.0,0.0,0.0,0.45471924,-0.27844749,-8.38296907,-5.20683929,-4.690367,35.41351917,2.22010686,37.3085109,12.49066389,2.32643539,-5.05925753,-14.4449889,19.99575632,0.0,40.00371492,0.6463727,0.60464931
1760624580.361,0.09329386,-0.90176329,2.73164865,-0.00993999,0.94198337,0.00345379,80.0,-7.0,0.0,80.0,1.3962634,0.0,0.0,0.0,80.0,-7.0,0.0,80.0,1.3962634,0.0,0.0,0.0,0.43916003,-0.24859173,-8.40975586,-5.19775689,-4.68605196,35.40679055,2.22571343,37.29157841,12.49976925,2.31839105,-5.07477885,-14.43955719,20.03066034,0.0,40.02142719,0.65223965,0.58961546
1760624580.395,0.07354962,-0.89774474,2.74019866,-0.01013951,0.94216905,0.00336198,80.0,-7.0,0.0,80.0,1.3962634,0.0,0.0,0.0,80.0,-7.0,0.0,80.0,1.3962634,0.0,0.0,0.0,0.32363635,-0.15075278,-8.57707595,-5.029452,-4.76027106,35.5342027,2.20260283,37.28495685,12.43567663,2.33017216,-4.97794893,-14.3753807,20.0962142,0.0,39.83873476,0.64728966,0.59001762
1760624580.428,0.05896149,-0.89894267,2.74803495,-0.01009495,0.94221124,0.00343602,80.0,-7.0,0.0,80.0,1.3962634,0.0,0.0,0.0,80.0,-7.0,0.0,80.0,1.3962634,0.0,0.0,0.0,0.33865561,-0.15208134,-8.59639751,-5.03476008,-4.76067579,35.51692921,2.18457728,37.281135,12.41102606,2.33368932,-5.00317274,-14.40633137,20.11855184,0.0,39.84040151,0.64433803,0.55823142
1760624580.462,0.04473918,-0.89296208,2.75191585,-0.00855667,0.94230398,0.0034042,80.0,-7.0,0.0,80.0,1.3962634,0.0,0.0,0.0,80.0,-7.0,0.0,80.0,1.3962634,0.0,0.0,0.0,0.56179536,-0.22205211,-8.41439261,-5.28492217,-4.72055829,35.42873956,2.17678023,37.17529564,12.39033723,2.35679955,-5.1970028,-14.48958288,20.32493935,0.0,39.83745035,0.64776717,0.55424239
1760624580.495,0.03372693,-0.89399584,2.75470807,-0.0079804,0.94216051,0.00321668,80.0,-7.0,0.0,80.0,1.3962634,0.0,0.0,0.0,80.0,-7.0,0.0,80.0,1.3962634,0.0,0.0,0.0,0.55743209,-0.21863833,-8.36741665,-5.30008453,-4.72957097,35.51862936,2.17666037,37.05667855,12.37847939,2.34840442,-5.17639394,-14.52703841,20.37246916,0.0,39.86184149,0.64141039,0.53529778
1760624580.529,0.02180237,-0.88950228,2.74098405,-0.00774571,0.9419431,0.00342054,80.0,-7.0,0.0,80.0,1.3962634,0.0,0.0,0.0,80.0,-7.0,0.0,80.0,1.3962634,0.0,0.0,0.0,0.56216006,-0.2303102,-8.34535319,-5.29675754,-4.73248086,35.57786011,2.18624547,37.00881408,12.37178091,2.35742363,-5.16245869,-14.55597389,20.3972744,0.0,39.862865,0.63810242,0.54202865
1760624580.562,0.01041578,-0.88032949,2.7431932,-0.00849529,0.94151283,0.00371448,80.0,-7.0,0.0,80.0,1.3962634,0.0,0.0,0.0,80.0,-7.0,0.0,80.0,1.3962634,0.0,0.0,0.0,0.65752654,-0.3521512,-8.38024411,-5.38600492,-4.64241656,35.64165617,2.19767667,36.9842857,12.38922807,2.36873638,-5.32331787,-14.65576807,20.4595394,0.0,39.73662375,0.64700652,0.51797249
1760624580.596,0.00659231,-0.8806332,2.72383173,-0.00871734,0.94123105,0.00373097,80.0,-7.0,0.0,80.0,1.3962634,0.0,0.0,0.0,80.0,-7.0,0.0,80.0,1.3962634,0.0,0.0,0.0,0.65056841,-0.35121345,-8.357873,-5.37371786,-4.64632704,35.67365059,2.23128945,36.99380951,12.42577714,2.3414454,-5.33230916,-14.67044832,20.46313636,0.0,39.7210912,0.65030868,0.51561308
1760624580.629,0.01805936,-0.87331239,2.72601296,-0.00883776,0.94130028,0.00383584,80.0,-7.0,0.0,80.0,1.3962634,0.0,0.0,0.0,80.0,-7.0,0.0,80.0,1.3962634,0.0,0.0,0.0,0.78606215,-0.42786596,-8.16303009,-5.55585766,-4.58272203,35.62995554,2.23475826,36.93685928,12.45536393,2.34676017,-5.47050515,-14.7469322,20.66022489,0.0,39.72331854,0.65777843,0.50918204
1760624580.662,0.03152475,-0.86512971,2.71810497,-0.00904693,0.94157168,0.00348877,80.0,-7.0,0.0,80.0,1.3962634,0.0,0.0,0.0,80.0,-7.0,0.0,80.0,1.3962634,0.0,0.0,0.0,0.38014587,-0.45446303,-7.8939609,-5.2021395,-4.50231236,35.49874727,2.27591297,36.8297183,12.46050768,2.34496366,-5.03742359,-14.88553575,20.86772439,0.0,39.79188665,0.68572269,0.52287573
1760624580.696,0.0380636,-0.85727738,2.69587566,-0.00840366,0.94183497,0.0030677,80.0,-7.0,0.0,80.0,1.3962634,0.0,0.0,0.0,80.0,-7.0,0.0,80.0,1.3962634,0.0,0.0,0.0,0.50157962,-0.46754706,-7.71898425,-5.45636828,-4.65944594,35.28729378,2.40499493,36.87218437,12.55383503,2.38037466,-5.17099833,-14.86680093,20.95547895,0.0,39.80312825,0.67212322,0.50089905
1760624580.729,0.05318472,-0.84121788,2.69226739,-0.0087627,0.94200923,0.00293944,80.0,-7.0,0.0,80.0,1.3962634,0.0,0.0,0.0,80.0,-7.0,0.0,80.0,1.3962634,0.0,0.0,0.0,0.43073739,-0.57467707,-7.86159114,-5.6427408,-4.86552801,35.02553964,2.57918949,37.38036208,12.59637653,2.35953249,-5.16358385,-14.89297104,20.83662059,0.0,39.66931451,0.66152693,0.51123597
1760624580.763,0.02525259,-0.84360496,2.65674101,-0.0079062,0.94199688,0.00238595,80.0,-7.0,0.0,80.0,1.3962634,0.0,0.0,0.0,80.0,-7.0,0.0,80.0,1.3962634,0.0,0.0,0.0,0.85773983,-0.5788397,-7.72412243,-6.57577653,-5.52826855,33.91889787,2.75694892,38.9624031,12.68192668,2.21003514,-5.51201945,-14.73641677,20.87769446,0.0,39.53964343,0.65344132,0.55059892
1760624580.796,0.00273338,-0.82645152,2.64102803,-0.00732811,0.94208308,0.00196638,80.0,-7.0,0.0,80.0,1.3962634,0.0,0.0,0.0,80.0,-7.0,0.0,80.0,1.3962634,0.0,0.0,0.0,0.88874371,-0.64373056,-7.51198832,-7.16843984,-6.12841944,32.77190424,2.97053914,40.19808067,12.72361115,2.10105719,-5.46755848,-14.71344515,21.02768247,0.0,39.43893372,0.64338557,0.57787917
1760624580.83,-0.00124946,-0.80562559,2.64007473,-0.00780466,0.94256111,0.00117038,80.0,-7.0,0.0,80.0,1.3962634,0.0,0.0,0.0,80.0,-7.0,0.0,80.0,1.3962634,0.0,0.0,0.0,0.63673857,-0.63749544,-7.07146301,-7.59967049,-6.85869684,31.21372418,3.19309297,41.30600574,12.67282274,2.01590931,-5.09431734,-14.69233893,21.29967512,0.0,39.4683087,0.63408402,0.59340905
1760624580.863,-0.00582477,-0.78966977,2.64743289,-0.00801577,0.94272077,8.591e-05,80.0,-7.0,0.0,80.0,1.3962634,0.0,0.0,0.0,80.0,-7.0,0.0,80.0,1.3962634,0.0,0.0,0.0,0.70282186,-0.71503295,-6.5724793,-8.70744235,-8.05471436,29.85471238,3.26811422,42.34408527,12.64433867,2.1296656,-5.05904295,-14.66798043,21.62192119,0.0,39.49238513,0.5959438,0.59457724
1760624580.897,0.006562,-0.78863334,2.65338241,-0.00814305,0.94291139,-0.00041588,80.0,-7.0,0.0,80.0,1.3962634,0.0,0.0,0.0,80.0,-7.0,0.0,80.0,1.3962634,0.0,0.0,0.0,0.44638371,-0.76200052,-6.47232579,-9.3529115,-9.19197693,29.88131907,3.17407045,42.68720444,12.92106973,2.42641254,-4.83617067,-14.65068889,21.73064843,0.0,39.45771778,0.5481279,0.63668702
1760624580.93,0.01835704,-0.78403112,2.6418875,-0.00784106,0.94298833,-0.00020032,80.0,-7.0,0.0,80.0,1.3962634,0.0,0.0,0.0,80.0,-7.0,0.0,80.0,1.3962634,0.0,0.0,0.0,-0.05997003,-0.70694824,-5.76694364,-9.93705027,-10.60074689,29.24343115,2.95452868,43.38196594,13.34342224,2.80395671,-4.23876111,-14.5946565,22.24230973,0.0,39.64555179,0.53067637,0.6746232
1760624580.964,0.01995716,-0.79460732,2.57021621,-0.00688299,0.94227493,-0.00080978,80.0,-7.0,0.0,80.0,1.3962634,0.0,0.0,0.0,80.0,-7.0,0.0,80.0,1.3962634,0.0,0.0,0.0,-1.53684338,-0.6169183,-4.69039533,-9.85932501,-12.61029575,27.42671296,2.00567747,45.15104497,14.09870656,3.34838304,-2.63310515,-14.62541918,22.89111886,0.0,40.09457491,0.52401411,0.69402368
1760624580.997,0.02615536,-0.81228252,2.47565838,-0.00464175,0.94190839,-0.00111628,80.0,-7.0,0.0,80.0,1.3962634,0.0,0.0,0.0,80.0,-7.0,0.0,80.0,1.3962634,0.0,0.0,0.0,-3.63313179,-0.51618489,-3.6231308,-8.79042275,-14.20666589,25.29721557,0.79919885,46.73467696,14.69926135,3.74666943,-0.35704841,-14.74020713,23.46658289,0.0,40.64387326,0.52994212,0.72373699
1760624581.03,0.0410154,-0.83847783,2.39862045,-0.00340241,0.94079304,-0.00122112,80.0,-7.0,0.0,80.0,1.3962634,0.0,0.0,0.0,80.0,-7.0,0.0,80.0,1.3962634,0.0,0.0,0.0,-4.12488579,-0.45219394,-2.87494357,-9.65334181,-16.33636772,22.82724449,0.0,48.59330141,15.00523729,4.34858342,0.20716199,-14.77774424,23.74233836,0.0,41.14516231,0.52669665,0.70330589
1760624581.064,0.03651023,-0.8773311,2.29582396,-0.00204072,0.94024663,-0.00298046,80.0,-7.0,0.0,80.0,1.3962634,0.0,0.0,0.0,80.0,-7.0,0.0,80.0,1.3962634,0.0,0.0,0.0,-5.60340136,-0.64285122,-2.44160404,-10.39516783,-19.50172767,19.60763011,0.0,51.10220028,14.94006266,5.51213462,1.75331325,-15.10256752,23.87351738,0.0,41.44509385,0.49188889,0.75318912
1760624581.097,0.04359074,-0.88802971,2.2506617,-0.00167799,0.94068982,-0.0029281,80.0,-7.0,0.0,80.0,1.3962634,0.0,0.0,0.0,80.0,-7.0,0.0,80.0,1.3962634,0.0,0.0,0.0,-6.60641145,-0.86328053,-2.47360195,-11.11275333,-22.16743609,17.75593775,0.0,52.63797769,14.86156878,6.37696072,2.72067393,-15.42981631,23.82609239,0.0,41.51459312,0.48452827,0.78520543
1760624581.131,0.06436454,-0.88882628,2.26054714,-0.00118335,0.94097656,-0.0023246,80.0,-7.0,0.0,80.0,1.3962634,0.0,0.0,0.0,80.0,-7.0,0.0,80.0,1.3962634,0.0,0.0,0.0,-7.57621275,-0.82993824,-2.1363382,-12.13320778,-25.15640541,15.37116182,0.0,53.79033168,14.61198347,7.34759888,3.79091464,-15.51169051,24.03614618,0.0,41.78729929,0.46573486,0.80205646
1760624581.164,0.09455471,-0.86461573,2.33184346,-0.00205642,0.94263974,-0.00328131,80.0,-7.0,0.0,80.0,1.3962634,0.0,0.0,0.0,80.0,-7.0,0.0,80.0,1.3962634,0.0,0.0,0.0,-9.46375743,-0.78486898,-2.1986776,-12.88553155,-29.34486512,11.81019694,0.0,55.76764025,14.1209341,8.74022088,5.71286682,-15.65566962,24.3004547,0.0,41.74399476,0.41013968,0.84539617
1760624581.198,0.09544551,-0.82793318,2.41343089,-0.00350739,0.94369709,-0.00271004,80.0,-7.0,0.0,80.0,1.3962634,0.0,0.0,0.0,80.0,-7.0,0.0,80.0,1.3962634,0.0,0.0,0.0,-10.50070049,-0.62310355,-1.94838991,-14.2303604,-32.7712218,7.72308249,0.0,57.89115122,13.94937365,9.78894747,6.90886424,-15.59062688,24.76261104,0.0,41.76324234,0.3969105,0.87487163
1760624581.231,0.09618934,-0.78859945,2.50374529,-0.00383802,0.94436724,-0.00205648,80.0,-7.0,0.0,80.0,1.3962634,0.0,0.0,0.0,80.0,-7.0,0.0,80.0,1.3962634,0.0,0.0,0.0,-10.9649329,-0.72373167,-1.27902005,-16.66321718,-35.82063613,2.45862863,0.0,60.34798179,13.53766532,10.97220371,7.60348307,-15.6991452,25.37864459,0.0,42.08570071,0.39367042,0.82637407
1760624581.265,0.0621193,-0.73145775,2.56019849,-0.0029412,0.94431959,-0.001223,80.0,-7.0,0.0,80.0,1.3962634,0.0,0.0,0.0,80.0,-7.0,0.0,80.0,1.3962634,0.0,0.0,0.0,-11.17245876,-0.85484391,-0.62039369,-20.58650702,-39.81913434,-4.47367152,0.0,63.23312737,12.69530319,12.50581068,8.05562156,-15.85471793,25.98841139,0.0,42.39839618,0.42435531,0.77184951
1760624581.298,0.05496723,-0.67834054,2.56853117,-0.00212309,0.94464163,0.00125491,80.0,-7.0,0.0,80.0,1.3962634,0.0,0.0,0.0,80.0,-7.0,0.0,80.0,1.3962634,0.0,0.0,0.0,-11.00978376,-0.84401751,-0.4314084,-24.07657866,-42.96256994,-9.51580675,0.0,65.38594588,12.15210239,13.45432818,7.9913396,-15.87297479,26.17825788,0.0,42.47048751,0.43978358,0.74505384
1760624581.331,0.06702591,-0.63426331,2.60031714,-0.0046154,0.94657978,0.00355702,80.0,-7.0,0.0,80.0,1.3962634,0.0,0.0,0.0,80.0,-7.0,0.0,80.0,1.3962634,0.0,0.0,0.0,-10.26805909,-1.2299043,-2.75255818,-26.18480173,-46.7392184,-11.43138496,0.0,67.68427161,11.82227282,14.33625463,6.57203017,-16.4972147,24.97092203,0.0,41.33987822,0.47317238,0.73369064
1760624581.365,0.06302344,-0.59338333,2.60951472,-0.00561153,0.9481299,0.00462297,80.0,-7.0,0.0,80.0,1.3962634,0.0,0.0,0.0,80.0,-7.0,0.0,80.0,1.3962634,0.0,0.0,0.0,-9.34583231,-1.73274029,-3.97839492,-30.40093494,-50.91866489,-16.22474571,0.0,70.27430847,11.24862171,15.36930292,5.28250673,-17.05304345,24.01002923,0.0,41.05808365,0.50287385,0.75305277
1760624581.398,0.04869726,-0.56697034,2.5849208,-0.00672533,0.95058614,0.005009,80.0,-7.0,0.0,80.0,1.3962634,0.0,0.0,0.0,80.0,-7.0,0.0,80.0,1.3962634,0.0,0.0,0.0,-9.31084377,-2.38937851,-5.30283107,-32.23107526,-53.8367136,-19.42232594,0.0,72.10046367,10.6563863,16.05460217,4.8613948,-17.79032445,22.96484236,0.0,40.78248997,0.50795508,0.81400862
1760624581.432,0.03272964,-0.53340136,2.5685433,-0.00710777,0.95522998,0.00591736,80.0,-7.0,0.0,80.0,1.3962634,0.0,0.0,0.0,80.0,-7.0,0.0,80.0,1.3962634,0.0,0.0,0.0,-10.44820469,-3.20326712,-7.80866286,-31.1641243,-57.10966014,-20.85441427,0.0,74.19393221,10.06918578,16.83039946,5.23521195,-18.83589337,21.45055979,0.0,39.81357571,0.50340008,0.96090991
1760624581.465,0.01667803,-0.50383409,2.56809897,-0.00704342,0.95724818,0.00674792,80.0,-7.0,0.0,80.0,1.3962634,0.0,0.0,0.0,80.0,-7.0,0.0,80.0,1.3962634,0.0,0.0,0.0,-10.33833794,-3.64109274,-8.9867524,-34.19704869,-60.65854267,-26.76763793,0.0,76.43886556,8.98374487,17.62697185,4.69578456,-19.26320721,20.29966466,0.0,39.74487725,0.48090053,1.00745484
1760624581.499,0.00456909,-0.4799083,2.57747067,-0.00633968,0.95990306,0.00806,80.0,-7.0,0.0,80.0,1.3962634,0.0,0.0,0.0,80.0,-7.0,0.0,80.0,1.3962634,0.0,0.0,0.0,-10.89734002,-3.89976324,-9.86741413,-35.9323458,-63.18168909,-31.24068244,0.0,78.46631574,8.69668542,18.12902363,4.9541993,-19.63116427,19.39168723,0.0,39.83517604,0.45573259,1.06467062
1760624581.532,-0.00811989,-0.45869543,2.60483397,-0.00545924,0.96127288,0.00884454,80.0,-7.0,0.0,80.0,1.3962634,0.0,0.0,0.0,80.0,-7.0,0.0,80.0,1.3962634,0.0,0.0,0.0,-10.70544847,-4.17392632,-10.76784477,-38.49452941,-65.60024388,-35.39336007,0.0,80.10170053,8.57752405,18.56866103,4.39914371,-19.91657745,18.53055037,0.0,39.86585306,0.42779916,1.12484964
1760624581.566,-0.00269422,-0.43883594,2.63281944,-0.00538957,0.96170393,0.0092082,80.0,-7.0,0.0,80.0,1.3962634,0.0,0.0,0.0,80.0,-7.0,0.0,80.0,1.3962634,0.0,0.0,0.0,-10.46344191,-4.43718413,-10.95285125,-43.49671452,-67.85518438,-42.74762907,0.0,81.7908383,7.97588136,18.97291311,3.82998393,-20.15190455,18.00918022,0.0,40.36089689,0.38759131,1.04929111
1760624581.599,-0.00666719,-0.41602667,2.63483753,-0.00599749,0.9616903,0.00931002,80.0,-7.0,0.0,80.0,1.3962634,0.0,0.0,0.0,80.0,-7.0,0.0,80.0,1.3962634,0.0,0.0,0.0,-10.44560713,-4.69759096,-11.00494371,-46.99930558,-69.16596824,-47.91063011,0.0,82.98199202,7.61377198,19.23091749,3.60109295,-20.42039296,17.82462235,0.0,40.6183014,0.32746019,0.97809961
1760624581.633,-0.00477776,-0.39264721,2.63251982,-0.00645694,0.96312916,0.0105169,80.0,-7.0,0.0,80.0,1.3962634,0.0,0.0,0.0,80.0,-7.0,0.0,80.0,1.3962634,0.0,0.0,0.0,-10.75459246,-4.78969224,-11.27471878,-51.23691713,-70.88585497,-54.28542297,0.0,84.07278983,7.2207093,19.48616559,3.65910285,-20.65818613,17.53776206,0.0,40.76934603,0.28629994,0.87862735
1760624581.666,0.01386615,-0.38507301,2.62957835,-0.00662645,0.96477432,0.01190364,80.0,-7.0,0.0,80.0,1.3962634,0.0,0.0,0.0,80.0,-7.0,0.0,80.0,1.3962634,0.0,0.0,0.0,-10.83022811,-4.86114272,-11.85109546,-53.58952381,-72.23783401,-57.78837825,0.0,84.40723462,6.92116551,19.59135013,3.4819458,-20.82796402,17.31140514,0.0,40.45636613,0.26137788,0.89139935
1760624581.699,0.02775074,-0.38251921,2.63661055,-0.00754394,0.9657171,0.01302676,80.0,-7.0,0.0,80.0,1.3962634,0.0,0.0,0.0,80.0,-7.0,0.0,80.0,1.3962634,0.0,0.0,0.0,-11.03262886,-4.98759537,-12.30453231,-55.42035448,-73.28360831,-60.84953814,0.0,84.75983926,6.69216321,19.74403682,3.47134623,-21.07942836,17.19527428,0.0,40.18799874,0.26069553,0.9081557
1760624581.733,0.03800443,-0.38604509,2.61139555,-0.00824626,0.96676526,0.01345303,80.0,-7.0,0.0,80.0,1.3962634,0.0,0.0,0.0,80.0,-7.0,0.0,80.0,1.3962634,0.0,0.0,0.0,-11.03560151,-5.18675905,-12.62528337,-57.91079922,-74.24123489,-64.64435257,0.0,85.836231,6.49870682,19.98062373,3.29040373,-21.34683195,17.07350172,0.0,39.96896336,0.25589109,0.85985202
1760624581.766,0.05667118,-0.39616412,2.59331747,-0.00951834,0.96774006,0.01418395,80.0,-7.0,0.0,80.0,1.3962634,0.0,0.0,0.0,80.0,-7.0,0.0,80.0,1.3962634,0.0,0.0,0.0,-11.43697322,-5.35865938,-13.23610424,-57.8242769,-75.09441864,-65.17605609,0.0,86.29210562,6.61938053,20.07001479,3.4354968,-21.67393285,16.76635962,0.0,39.62524224,0.28927096,0.84253314
1760624581.8,0.0670752,-0.41222911,2.57887962,-0.01035049,0.96872621,0.01418296,80.0,-7.0,0.0,80.0,1.3962634,0.0,0.0,0.0,80.0,-7.0,0.0,80.0,1.3962634,0.0,0.0,0.0,-11.90682989,-5.47438719,-13.4826992,-57.53354264,-75.58144052,-65.52545322,0.0,86.20124087,6.60569753,20.06108942,3.7151593,-21.96789897,16.66352165,0.0,39.5312828,0.32449719,0.77569316
1760624581.833,0.06090591,-0.43459075,2.55441166,-0.01104875,0.96860376,0.01339386,80.0,-7.0,0.0,80.0,1.3962634,0.0,0.0,0.0,80.0,-7.0,0.0,80.0,1.3962634,0.0,0.0,0.0,-11.84928742,-5.57950873,-13.68614312,-57.27609298,-76.12896299,-65.94270041,0.0,86.75161366,6.50011548,20.10102306,3.49570414,-22.14670125,16.51749273,0.0,39.45429156,0.3405775,0.70539071
1760624581.867,0.0697416,-0.4509063,2.55032639,-0.01160322,0.96894367,0.01197046,80.0,-7.0,0.0,80.0,1.3962634,0.0,0.0,0.0,80.0,-7.0,0.0,80.0,1.3962634,0.0,0.0,0.0,-11.89961684,-5.4379593,-13.89488574,-57.0012408,-76.56487676,-65.94165913,0.0,86.98485702,6.57413246,20.16431273,3.48957691,-22.09047736,16.35712741,0.0,39.39301219,0.37352256,0.6805839
1760624581.9,0.07891695,-0.47177093,2.56958512,-0.012466,0.96948204,0.01143817,80.0,-7.0,0.0,80.0,1.3962634,0.0,0.0,0.0,80.0,-7.0,0.0,80.0,1.3962634,0.0,0.0,0.0,-12.40063493,-5.51445908,-15.16634964,-51.65637984,-77.51067551,-61.01945426,0.0,86.87469097,6.62108146,20.1872641,3.46108436,-22.41670166,15.16037327,0.0,39.25687523,0.39553094,0.68156507
1760624581.933,0.06148426,-0.50334658,2.57751397,-0.01075222,0.96909236,0.01089385,80.0,-7.0,0.0,80.0,1.3962634,0.0,0.0,0.0,80.0,-7.0,0.0,80.0,1.3962634,0.0,0.0,0.0,-12.23254219,-5.43689395,-14.98615382,-51.44514427,-77.48683794,-61.08868627,0.0,87.53427431,7.0478345,20.28483395,3.48315156,-22.32357912,15.18712849,0.0,39.30572879,0.41875928,0.68327635
1760624581.967,0.05063874,-0.53398646,2.58527959,-0.01022076,0.96866755,0.01134831,80.0,-7.0,0.0,80.0,1.3962634,0.0,0.0,0.0,80.0,-7.0,0.0,80.0,1.3962634,0.0,0.0,0.0,-12.2450068,-5.56517398,-15.2292359,-49.12624069,-77.61238176,-58.70064367,0.0,87.87521982,7.2973086,20.40656657,3.47287976,-22.52168089,14.45187788,0.0,39.77371051,0.4603474,0.70424139
1760624582.0,0.05816654,-0.56446028,2.57607486,-0.00993688,0.96820477,0.01080835,80.0,-7.0,0.0,80.0,1.3962634,0.0,0.0,0.0,80.0,-7.0,0.0,80.0,1.3962634,0.0,0.0,0.0,-12.37870603,-5.36597958,-14.98490807,-48.83440563,-77.51221057,-58.51147359,0.0,87.59619626,7.21224167,20.3432021,3.81008567,-22.41336877,14.55960097,0.0,39.96148208,0.49151987,0.72433227
1760624582.034,0.07309142,-0.57135229,2.54183533,-0.00989101,0.96807507,0.011245,80.0,-7.0,0.0,80.0,1.3962634,0.0,0.0,0.0,80.0,-7.0,0.0,80.0,1.3962634,0.0,0.0,0.0,-12.44006797,-5.50659984,-15.40535403,-45.75288223,-77.80357742,-55.53991444,0.0,88.06533916,7.33768286,20.42216205,3.68727887,-22.64453375,14.03375078,0.0,39.9481645,0.51492455,0.76553514
1760624582.067,0.07583165,-0.58421744,2.52952337,-0.00977544,0.96797593,0.01090312,80.0,-7.0,0.0,80.0,1.3962634,0.0,0.0,0.0,80.0,-7.0,0.0,80.0,1.3962634,0.0,0.0,0.0,-12.42103683,-5.42835273,-15.28109279,-45.74007021,-77.83970819,-55.48003397,0.0,88.30804674,7.4377291,20.40745335,3.73346743,-22.61623034,14.06638331,0.0,39.98919107,0.51578005,0.7420847
1760624582.101,0.08106395,-0.58639614,2.54175466,-0.0099302,0.96825724,0.01084092,80.0,-7.0,0.0,80.0,1.3962634,0.0,0.0,0.0,80.0,-7.0,0.0,80.0,1.3962634,0.0,0.0,0.0,-12.55683946,-5.51707221,-15.64101826,-43.33922977,-77.99632107,-52.92558841,0.0,88.08910095,7.35052397,20.37293113,3.74985727,-22.81391157,13.83020236,0.0,39.87735647,0.52141432,0.76928194
1760624582.134,0.07946275,-0.57319445,2.5740575,-0.0097949,0.96831343,0.01077871,80.0,-7.0,0.0,80.0,1.3962634,0.0,0.0,0.0,80.0,-7.0,0.0,80.0,1.3962634,0.0,0.0,0.0,-12.44393765,-5.59297617,-15.35059707,-43.29488967,-77.74509555,-52.79024114,0.0,87.93718395,7.17482335,20.41040044,3.77311942,-22.86189514,13.97429329,0.0,40.03520603,0.53366268,0.76480336
1760624582.168,0.06504467,-0.55714209,2.60625948,-0.00950559,0.96863055,0.01094375,80.0,-7.0,0.0,80.0,1.3962634,0.0,0.0,0.0,80.0,-7.0,0.0,80.0,1.3962634,0.0,0.0,0.0,-12.38215299,-5.65098744,-15.09507468,-42.88328905,-77.42704328,-52.7787293,0.0,87.8764172,6.87280883,20.37074345,3.8712311,-22.87933082,14.10570996,0.0,40.17273831,0.53232278,0.77537089
1760624582.203,0.0663705,-0.53190909,2.65114406,-0.01040993,0.96956089,0.01149024,80.0,-7.0,0.0,80.0,1.3962634,0.0,0.0,0.0,80.0,-7.0,0.0,80.0,1.3962634,0.0,0.0,0.0,-12.355548,-5.89409296,-15.24010965,-39.59505771,-77.02320108,-49.5603792,0.0,87.41594329,6.48827573,20.4117328,3.77594915,-23.02904256,14.09668495,0.0,39.95398614,0.5559813,0.767919
1760624582.235,0.07732252,-0.51569408,2.65834742,-0.01091396,0.9702998,0.0117303,80.0,-7.0,0.0,80.0,1.3962634,0.0,0.0,0.0,80.0,-7.0,0.0,80.0,1.3962634,0.0,0.0,0.0,-12.38119763,-6.03197859,-15.2644702,-36.88255343,-76.5133471,-46.74497547,0.0,86.72880174,6.14897961,20.38110101,3.79388725,-23.08206576,14.0138298,0.0,39.92786987,0.56785262,0.8067533
1760624582.268,0.08902864,-0.49886068,2.6591382,-0.0111194,0.97105993,0.01212023,80.0,-7.0,0.0,80.0,1.3962634,0.0,0.0,0.0,80.0,-7.0,0.0,80.0,1.3962634,0.0,0.0,0.0,-12.40875491,-6.2036864,-15.18950213,-33.84561163,-75.74074805,-43.76855439,0.0,85.99166139,5.77306754,20.29709629,3.83467336,-23.14418634,14.03466882,0.0,39.92951733,0.57116252,0.84690884
1760624582.302,0.09858179,-0.48274135,2.65116524,-0.01094852,0.97182534,0.01340269,80.0,-7.0,0.0,80.0,1.3962634,0.0,0.0,0.0,80.0,-7.0,0.0,80.0,1.3962634,0.0,0.0,0.0,-12.2128696,-6.35634177,-14.33920585,-33.46647507,-74.45699972,-43.26777299,0.0,85.3213934,5.71933039,20.21275627,3.96093103,-23.08743647,14.44956055,0.0,40.36282268,0.54973516,0.87138844
1760624582.335,0.1021802,-0.46614954,2.62580523,-0.0116732,0.97341644,0.01469362,80.0,-7.0,0.0,80.0,1.3962634,0.0,0.0,0.0,80.0,-7.0,0.0,80.0,1.3962634,0.0,0.0,0.0,-12.33053623,-6.62531863,-15.15179992,-25.96559453,-73.27677771,-35.74310098,0.0,84.02973961,5.5171616,20.00674269,3.66041668,-23.22855556,14.06038615,0.0,39.74759143,0.54974445,0.92903794
1760624582.368,0.10362917,-0.46301926,2.60485971,-0.01236319,0.9745563,0.01501135,80.0,-7.0,0.0,80.0,1.3962634,0.0,0.0,0.0,80.0,-7.0,0.0,80.0,1.3962634,0.0,0.0,0.0,-12.32962423,-6.72222407,-15.43104386,-21.81687376,-71.98111759,-31.44169042,0.0,83.08072558,5.36101872,19.8644713,3.5483413,-23.2384715,13.73189827,0.0,39.69733654,0.55097699,1.00766284
1760624582.402,0.09813213,-0.46769713,2.58187615,-0.01202246,0.9744106,0.01494017,80.0,-7.0,0.0,80.0,1.3962634,0.0,0.0,0.0,80.0,-7.0,0.0,80.0,1.3962634,0.0,0.0,0.0,-12.20291748,-6.65768396,-15.38871534,-19.08440992,-70.47210139,-28.26918657,0.0,82.004094,5.38554136,19.68681486,3.47505396,-23.07822558,13.5201144,0.0,39.84613379,0.55116389,1.04486054
1760624582.435,0.09229236,-0.46783518,2.57126238,-0.01201483,0.97494863,0.01530898,80.0,-7.0,0.0,80.0,1.3962634,0.0,0.0,0.0,80.0,-7.0,0.0,80.0,1.3962634,0.0,0.0,0.0,-12.15258763,-6.66045116,-15.53711299,-15.16364968,-68.09595988,-23.56186047,0.0,80.42357177,5.41713478,19.41740773,3.34448495,-23.02926415,13.33767675,0.0,39.82429842,0.53719999,1.07952577
1760624582.469,0.08508436,-0.46552206,2.56655538,-0.01173315,0.97456793,0.01507408,80.0,-7.0,0.0,80.0,1.3962634,0.0,0.0,0.0,80.0,-7.0,0.0,80.0,1.3962634,0.0,0.0,0.0,-12.24765234,-6.38073799,-16.03396929,-11.68960474,-66.36849739,-19.45698292,0.0,79.24454143,5.51693242,19.16677912,3.36083645,-22.8478855,13.06290951,0.0,39.60409222,0.52001408,1.19201969
1760624582.502,0.09052115,-0.46296635,2.57485692,-0.01114571,0.97388257,0.01489076,80.0,-7.0,0.0,80.0,1.3962634,0.0,0.0,0.0,80.0,-7.0,0.0,80.0,1.3962634,0.0,0.0,0.0,-12.08130143,-6.06030325,-15.87907258,-10.11120068,-64.41797359,-17.10174256,0.0,77.86752851,5.59504824,18.78058904,3.32366072,-22.54518832,13.09003222,0.0,39.75689053,0.50032164,1.1908591
1760624582.536,0.10114476,-0.44952658,2.58230552,-0.01021408,0.97404826,0.01505148,80.0,-7.0,0.0,80.0,1.3962634,0.0,0.0,0.0,80.0,-7.0,0.0,80.0,1.3962634,0.0,0.0,0.0,-11.66907728,-5.88476761,-15.10207663,-9.37453874,-61.29227178,-14.91504857,0.0,75.42160634,5.63949955,18.24591009,3.24102261,-22.33063444,13.52933669,0.0,40.12346972,0.50168328,1.15464299
1760624582.569,0.12065415,-0.44036982,2.59342952,-0.01001454,0.97257346,0.01456681,80.0,-7.0,0.0,80.0,1.3962634,0.0,0.0,0.0,80.0,-7.0,0.0,80.0,1.3962634,0.0,0.0,0.0,-11.25419535,-5.46398677,-14.25285481,-9.4714868,-58.96373742,-13.88786198,0.0,73.60355878,5.64814656,17.88733124,3.28208826,-21.88087326,13.94027724,0.0,40.51155803,0.51623411,1.15883358
1760624582.602,0.12598044,-0.42275601,2.61414524,-0.01192345,0.97305805,0.01529536,80.0,-7.0,0.0,80.0,1.3962634,0.0,0.0,0.0,80.0,-7.0,0.0,80.0,1.3962634,0.0,0.0,0.0,-11.13006464,-5.33322362,-14.12972881,-8.13270223,-56.32931103,-11.5183085,0.0,71.7859838,5.64446463,17.49463089,3.26285832,-21.79936139,14.13228478,0.0,40.36319159,0.54949015,1.11927898
1760624582.636,0.1320414,-0.39949143,2.62942942,-0.01239972,0.97348336,0.01625786,80.0,-7.0,0.0,80.0,1.3962634,0.0,0.0,0.0,80.0,-7.0,0.0,80.0,1.3962634,0.0,0.0,0.0,-11.67262574,-4.83698734,-14.2178435,-5.70564842,-52.9102238,-8.27174631,0.0,69.82113419,6.12388772,16.9217129,4.00707688,-21.63267432,14.29271639,0.0,40.11445652,0.59849862,1.14928801
1760624582.669,0.14081585,-0.38002669,2.64323863,-0.0122213,0.97286318,0.0163004,80.0,-7.0,0.0,80.0,1.3962634,0.0,0.0,0.0,80.0,-7.0,0.0,80.0,1.3962634,0.0,0.0,0.0,-12.56587082,-4.21894573,-14.22759098,-3.58903703,-50.31633874,-5.77154695,0.0,68.00841687,6.54235134,16.32167201,5.05365361,-21.37656215,14.31934776,0.0,40.03348216,0.65414475,1.13755041
1760624582.703,0.13529814,-0.3479544,2.65080002,-0.01208695,0.97201833,0.01756563,80.0,-7.0,0.0,80.0,1.3962634,0.0,0.0,0.0,80.0,-7.0,0.0,80.0,1.3962634,0.0,0.0,0.0,-12.13808898,-4.01504188,-14.7515049,-2.1515263,-46.64860053,-1.37308032,0.0,64.98587532,7.10131672,15.45847491,4.48576794,-21.24049338,13.9352629,0.0,39.67130169,0.71105771,1.1115252
1760624582.736,0.1374557,-0.33141274,2.66438007,-0.01266153,0.96948012,0.01652571,80.0,-7.0,0.0,80.0,1.3962634,0.0,0.0,0.0,80.0,-7.0,0.0,80.0,1.3962634,0.0,0.0,0.0,-11.65910001,-3.93859552,-14.49348843,-2.0802252,-43.77557961,0.55063412,0.0,63.02921813,7.62254673,14.84326428,4.07441955,-21.08609441,13.90576026,0.0,39.81984739,0.72591876,1.00231723
1760624582.77,0.13341976,-0.32334121,2.67264315,-0.01212346,0.96596006,0.01670519,80.0,-7.0,0.0,80.0,1.3962634,0.0,0.0,0.0,80.0,-7.0,0.0,80.0,1.3962634,0.0,0.0,0.0,-10.97140654,-3.39893251,-12.45945298,-3.6118179,-41.47130553,-0.47219344,0.0,61.37086951,8.17968682,14.09235706,4.16077255,-20.39126475,14.76659304,0.0,40.96932738,0.76828461,0.9022746
1760624582.803,0.12521635,-0.32693225,2.67361197,-0.01178885,0.96346098,0.01676747,80.0,-7.0,0.0,80.0,1.3962634,0.0,0.0,0.0,80.0,-7.0,0.0,80.0,1.3962634,0.0,0.0,0.0,-9.66088073,-3.3592269,-9.80326167,-5.61014318,-37.83139055,-2.24387629,0.0,58.90606227,8.28670288,13.28432891,3.53100939,-20.08773315,15.99714109,0.0,42.38500488,0.77939328,0.73416055
1760624582.837,0.1288838,-0.32878462,2.66462636,-0.01294274,0.96022196,0.01634366,80.0,-7.0,0.0,80.0,1.3962634,0.0,0.0,0.0,80.0,-7.0,0.0,80.0,1.3962634,0.0,0.0,0.0,-9.57874137,-2.52564695,-8.44558653,-5.64574262,-36.06875164,-3.74586177,0.0,58.40180372,8.31904253,12.75666525,3.92441058,-19.31373756,16.50294118,0.0,43.10474524,0.82528402,0.68475044
1760624582.87,0.1162429,-0.34077421,2.66062621,-0.01146208,0.95777037,0.01634617,80.0,-7.0,0.0,80.0,1.3962634,0.0,0.0,0.0,80.0,-7.0,0.0,80.0,1.3962634,0.0,0.0,0.0,-9.12855792,-1.93617981,-7.14528154,-6.02348738,-34.13142594,-4.62166016,0.0,57.18038573,8.23699008,12.10119504,3.92255426,-18.71782933,17.00921447,0.0,43.80521877,0.85200406,0.57939222
1760624582.904,0.0831169,-0.35618044,2.64660249,-0.00792992,0.95607421,0.01474192,80.0,-7.0,0.0,80.0,1.3962634,0.0,0.0,0.0,80.0,-7.0,0.0,80.0,1.3962634,0.0,0.0,0.0,-9.18042479,-1.32889478,-6.70286795,-4.90375447,-31.46319926,-3.21341759,0.0,54.53341891,7.85663514,11.36542444,4.1788895,-18.27807376,17.32234125,0.0,44.07978191,0.83402523,0.56277008
1760624582.937,0.06147346,-0.35562476,2.63905321,-0.00452961,0.95392566,0.01261494,80.0,-7.0,0.0,80.0,1.3962634,0.0,0.0,0.0,80.0,-7.0,0.0,80.0,1.3962634,0.0,0.0,0.0,-9.37150092,-0.43096514,-6.32264323,-4.1083318,-30.06783728,-2.201808,0.0,53.66601813,8.18190996,10.85653727,4.51274963,-17.5171305,17.63999657,0.0,44.23571712,0.79866047,0.50492078
1760624582.971,0.05057192,-0.36384614,2.63364673,-0.00294568,0.95209974,0.00989889,80.0,-7.0,0.0,80.0,1.3962634,0.0,0.0,0.0,80.0,-7.0,0.0,80.0,1.3962634,0.0,0.0,0.0,-9.37184595,0.31461365,-5.74752678,-3.56558983,-28.55988499,-0.91311924,0.0,52.42905765,8.35946408,10.32846464,4.70482884,-16.82524112,18.040167,0.0,44.46157806,0.7687511,0.42709023
1760624583.004,0.04639817,-0.36077292,2.62161646,-0.00329822,0.95193535,0.00892935,80.0,-7.0,0.0,80.0,1.3962634,0.0,0.0,0.0,80.0,-7.0,0.0,80.0,1.3962634,0.0,0.0,0.0,-8.79195945,0.58468379,-5.69395902,-3.14989892,-26.04123255,1.69692267,0.0,50.71564823,8.36922871,9.55808186,4.12816424,-16.62133962,18.37733555,0.0,44.40640358,0.79685642,0.38611151
1760624583.037,0.07268428,-0.36088332,2.61405908,-0.00515767,0.95029483,0.00700321,80.0,-7.0,0.0,80.0,1.3962634,0.0,0.0,0.0,80.0,-7.0,0.0,80.0,1.3962634,0.0,0.0,0.0,-9.67432102,1.28624604,-5.64886209,-1.57342556,-24.50031866,3.61606561,0.0,50.10571055,8.74630261,8.99446365,5.11624648,-16.05412998,18.58125174,0.0,44.21339438,0.81864989,0.33424632
1760624583.071,0.07358332,-0.34950965,2.61513005,-0.00658923,0.94932548,0.0065158,80.0,-7.0,0.0,80.0,1.3962634,0.0,0.0,0.0,80.0,-7.0,0.0,80.0,1.3962634,0.0,0.0,0.0,-9.54604574,1.55688483,-6.19596086,-0.80228064,-22.77071949,6.21454992,0.0,49.2778857,9.09317852,8.46553431,4.98252751,-15.79196772,18.45538956,0.0,43.78318372,0.8586178,0.33147856
1760624583.104,0.06057799,-0.32746487,2.60919349,-0.00728963,0.94873135,0.00752211,80.0,-7.0,0.0,80.0,1.3962634,0.0,0.0,0.0,80.0,-7.0,0.0,80.0,1.3962634,0.0,0.0,0.0,-9.40998272,1.67438933,-6.91212406,0.09279084,-20.36466527,9.5102289,0.0,48.16569772,9.38964601,7.73314862,4.83073221,-15.72358376,18.3000888,0.0,43.4156856,0.93940099,0.41232096
1760624583.138,0.08475125,-0.31422592,2.62286629,-0.00656586,0.94817695,0.00821011,80.0,-7.0,0.0,80.0,1.3962634,0.0,0.0,0.0,80.0,-7.0,0.0,80.0,1.3962634,0.0,0.0,0.0,-9.13947902,1.58522241,-7.33950794,0.41300796,-18.48103858,11.48809756,0.0,47.98791334,9.56730755,7.20202983,4.53809168,-15.78463671,18.204945,0.0,43.20586486,0.94776913,0.36738694
1760624583.171,0.07551373,-0.3018163,2.63272088,-0.00522383,0.94706959,0.00843317,80.0,-7.0,0.0,80.0,1.3962634,0.0,0.0,0.0,80.0,-7.0,0.0,80.0,1.3962634,0.0,0.0,0.0,-8.79046384,1.5791561,-7.57711267,0.61827395,-16.83674359,13.4323351,0.0,47.6530797,9.85661571,6.6475062,4.2245995,-15.73144297,18.15968492,0.0,43.13523443,0.95893738,0.33188587
1760624583.205,0.07874158,-0.28618244,2.63913047,-0.00495317,0.94598971,0.00758076,80.0,-7.0,0.0,80.0,1.3962634,0.0,0.0,0.0,80.0,-7.0,0.0,80.0,1.3962634,0.0,0.0,0.0,-8.59613078,1.57860026,-7.95205312,1.11411959,-14.69197581,16.24399404,0.0,46.84954921,10.11994095,5.90690236,3.99879734,-15.6740654,18.01550088,0.0,42.98853435,0.98517662,0.3861688
1760624583.238,0.08383074,-0.28013084,2.64509916,-0.0054861,0.9454698,0.00756383,80.0,-7.0,0.0,80.0,1.3962634,0.0,0.0,0.0,80.0,-7.0,0.0,80.0,1.3962634,0.0,0.0,0.0,-8.15780772,1.52556718,-8.28964036,1.13760797,-13.20166211,18.48214359,0.0,46.43455309,10.24310481,5.46836368,3.49058524,-15.63908227,17.83735076,0.0,42.88105428,1.00071068,0.39714766
1760624583.272,0.07698857,-0.28582975,2.67684968,-0.00648123,0.94553145,0.0070798,80.0,-7.0,0.0,80.0,1.3962634,0.0,0.0,0.0,80.0,-7.0,0.0,80.0,1.3962634,0.0,0.0,0.0,-6.90167241,1.29787408,-8.06289371,0.10465148,-11.87085314,19.95428395,0.0,46.50216472,10.50821217,5.06928196,2.25264683,-15.62176275,17.9249397,0.0,43.11453891,1.00669123,0.32296036
1760624583.305,0.10107141,-0.32189157,2.67020866,-0.00623988,0.945241,0.00588647,80.0,-7.0,0.0,80.0,1.3962634,0.0,0.0,0.0,80.0,-7.0,0.0,80.0,1.3962634,0.0,0.0,0.0,-6.05994198,1.29138556,-8.00270212,-0.38499052,-10.42466551,22.71139375,0.0,46.12794936,10.92130226,4.53528861,1.40198224,-15.42690813,17.86369755,0.0,43.22377203,1.01120194,0.33832671
1760624583.339,0.11325345,-0.35438803,2.64554219,-0.00673945,0.94470274,0.00495006,80.0,-7.0,0.0,80.0,1.3962634,0.0,0.0,0.0,80.0,-7.0,0.0,80.0,1.3962634,0.0,0.0,0.0,-6.01098463,1.28856119,-8.13944422,-0.19249504,-9.33089178,25.65540087,0.0,45.00942486,11.1009411,4.21380145,1.29717566,-15.36463416,17.69786266,0.0,43.24366134,1.02357565,0.34890784
1760624583.372,0.1263573,-0.38858802,2.59726767,-0.00687261,0.94422693,0.0044233,80.0,-7.0,0.0,80.0,1.3962634,0.0,0.0,0.0,80.0,-7.0,0.0,80.0,1.3962634,0.0,0.0,0.0,-5.8708266,1.33222935,-8.1839514,-0.16421076,-8.48236246,27.57897149,0.0,44.51250278,11.22748152,3.8762824,1.14276199,-15.27614153,17.58113285,0.0,43.35481762,1.00721525,0.32959803
1760624583.405,0.13558496,-0.44135624,2.52002158,-0.00792207,0.94431492,0.00486578,80.0,-7.0,0.0,80.0,1.3962634,0.0,0.0,0.0,80.0,-7.0,0.0,80.0,1.3962634,0.0,0.0,0.0,-6.06505727,1.33359142,-8.46609877,0.37184218,-7.41644236,28.71022232,0.0,45.1364345,11.44363063,3.60514427,1.22794419,-15.3100388,17.29255695,0.0,43.27183819,1.01801493,0.36460117
1760624583.439,0.13245875,-0.47007484,2.45589154,-0.00831352,0.94423268,0.00489747,80.0,-7.0,0.0,80.0,1.3962634,0.0,0.0,0.0,80.0,-7.0,0.0,80.0,1.3962634,0.0,0.0,0.0,-6.16143782,1.23571575,-8.67264763,0.72161599,-6.53898034,29.92207508,0.0,44.87646671,11.62090454,3.50963902,1.19377291,-15.40939288,17.03068242,0.0,43.16372316,1.00207369,0.37117612
1760624583.472,0.14312531,-0.48525548,2.40103546,-0.00787801,0.94386755,0.00504874,80.0,-7.0,0.0,80.0,1.3962634,0.0,0.0,0.0,80.0,-7.0,0.0,80.0,1.3962634,0.0,0.0,0.0,-6.1758497,1.18294093,-8.69174492,0.92646288,-5.88790151,30.9961124,0.0,44.27529009,11.76993192,3.27708062,1.08854294,-15.46908283,16.9128542,0.0,43.16796142,0.98078182,0.33412383
1760624583.506,0.19347383,-0.51172367,2.35234769,-0.00802784,0.94413139,0.0060175,80.0,-7.0,0.0,80.0,1.3962634,0.0,0.0,0.0,80.0,-7.0,0.0,80.0,1.3962634,0.0,0.0,0.0,-6.26600663,1.17182747,-8.58953141,1.21108854,-5.36113397,31.97307688,0.0,44.11040647,11.87973911,2.96911399,1.02002504,-15.55826849,16.92023402,0.0,43.24365753,0.96229227,0.33068278
1760624583.539,0.21141006,-0.54527419,2.32911195,-0.00757609,0.94348731,0.00509686,80.0,-7.0,0.0,80.0,1.3962634,0.0,0.0,0.0,80.0,-7.0,0.0,80.0,1.3962634,0.0,0.0,0.0,-6.01762892,1.248509,-8.35829405,1.1155651,-5.18082149,32.71139825,0.0,44.13995003,11.90184506,2.87331124,0.68607875,-15.49784208,17.01832596,0.0,43.40048636,0.91276366,0.26702803
1760624583.573,0.24159176,-0.55691324,2.28650189,-0.00751462,0.94376474,0.0049632,80.0,-7.0,0.0,80.0,1.3962634,0.0,0.0,0.0,80.0,-7.0,0.0,80.0,1.3962634,0.0,0.0,0.0,-6.11241606,1.12914488,-8.62549202,1.46126706,-4.83815161,33.89692633,0.0,44.07238436,11.91779926,2.69246239,0.5305748,-15.68109097,16.85639502,0.0,43.24509869,0.85993767,0.19759983
1760624583.606,0.24276383,-0.56533901,2.2789716,-0.00692521,0.94301471,0.00402488,80.0,-7.0,0.0,80.0,1.3962634,0.0,0.0,0.0,80.0,-7.0,0.0,80.0,1.3962634,0.0,0.0,0.0,-5.6447245,1.18438197,-8.46815749,1.14693019,-4.87908539,34.35135174,0.0,44.05255209,11.82020417,2.59170732,0.00635467,-15.58320069,16.88982859,0.0,43.30679037,0.83969,0.14583426
1760624583.64,0.22808156,-0.58537991,2.30375981,-0.00581124,0.94237645,0.00272581,80.0,-7.0,0.0,80.0,1.3962634,0.0,0.0,0.0,80.0,-7.0,0.0,80.0,1.3962634,0.0,0.0,0.0,-5.32352893,1.2509834,-8.61613853,1.02698914,-4.93341506,35.10172681,0.0,43.99902848,11.80265433,2.58245445,-0.36602519,-15.46429817,16.80136952,0.0,43.19204908,0.80707233,0.13474328
1760624583.673,0.20652452,-0.6061675,2.34712033,-0.00472446,0.9419247,0.00259277,80.0,-7.0,0.0,80.0,1.3962634,0.0,0.0,0.0,80.0,-7.0,0.0,80.0,1.3962634,0.0,0.0,0.0,-4.05746675,1.20391506,-8.30106008,-0.10703916,-5.08779309,35.08236435,0.0,43.8899998,11.85985468,2.45803944,-1.52842162,-15.283586,16.93933956,0.0,43.33734205,0.80956896,0.14492221
1760624583.706,0.20063181,-0.60576792,2.36289767,-0.00361351,0.94212279,0.00260091,80.0,-7.0,0.0,80.0,1.3962634,0.0,0.0,0.0,80.0,-7.0,0.0,80.0,1.3962634,0.0,0.0,0.0,-3.34235921,1.06352762,-8.23565537,-0.80481766,-5.089974,35.30420536,0.0,43.90221359,11.80854438,2.44954503,-2.19858257,-15.21545944,16.9331004,0.0,43.33263942,0.81588652,0.17913118
1760624583.74,0.20342724,-0.6007262,2.38033369,-0.00377597,0.9423482,0.00271829,80.0,-7.0,0.0,80.0,1.3962634,0.0,0.0,0.0,80.0,-7.0,0.0,80.0,1.3962634,0.0,0.0,0.0,-3.52662006,0.96482512,-8.30516277,-0.56970798,-5.02708902,35.75732128,0.0,43.80640009,11.72119774,2.54391915,-2.0026076,-15.22282184,16.88189353,0.0,43.26758182,0.81544605,0.22588395
1760624583.773,0.19151561,-0.59964559,2.39252046,-0.00403436,0.94252984,0.00289295,80.0,-7.0,0.0,80.0,1.3962634,0.0,0.0,0.0,80.0,-7.0,0.0,80.0,1.3962634,0.0,0.0,0.0,-3.49635274,0.88514105,-8.22196567,-0.56674842,-5.05876836,35.88018228,0.0,43.66933774,11.64764217,2.56765718,-1.98395535,-15.15194678,16.87446431,0.0,43.26501599,0.81800728,0.28727935
1760624583.807,0.18430473,-0.60961105,2.39594591,-0.00374606,0.9425574,0.00298206,80.0,-7.0,0.0,80.0,1.3962634,0.0,0.0,0.0,80.0,-7.0,0.0,80.0,1.3962634,0.0,0.0,0.0,-3.57673416,0.79224539,-8.44989075,-0.43766051,-5.01504246,36.19990648,0.0,43.65052992,11.59059489,2.6075182,-1.96086702,-15.13668692,16.71025489,0.0,43.13915603,0.81431183,0.31819711
1760624583.84,0.17144526,-0.61002311,2.40270879,-0.003266,0.94268343,0.00289383,80.0,-7.0,0.0,80.0,1.3962634,0.0,0.0,0.0,80.0,-7.0,0.0,80.0,1.3962634,0.0,0.0,0.0,-3.57692026,0.73866561,-8.40691087,-0.39929954,-5.0189458,36.29380929,0.0,43.60081139,11.53966494,2.6628991,-1.93828325,-15.09303442,16.74782689,0.0,43.18240412,0.78816788,0.33183483
1760624583.874,0.16695052,-0.6170864,2.43721843,-0.00546362,0.94307381,0.00362084,80.0,-7.0,0.0,80.0,1.3962634,0.0,0.0,0.0,80.0,-7.0,0.0,80.0,1.3962634,0.0,0.0,0.0,-3.77376178,0.66510886,-8.4023587,-0.15498887,-4.98149406,36.38076902,0.0,43.42826128,11.47260223,2.70786332,-1.77207782,-15.08066005,16.75976286,0.0,43.24120914,0.76486005,0.3795626
1760624583.907,0.16870467,-0.61875971,2.46852358,-0.00886718,0.94351117,0.0050295,80.0,-7.0,0.0,80.0,1.3962634,0.0,0.0,0.0,80.0,-7.0,0.0,80.0,1.3962634,0.0,0.0,0.0,-3.98269212,0.57865083,-8.52848037,0.09279284,-4.90495128,36.35984816,0.0,43.48719409,11.42925505,2.71370548,-1.60083376,-15.09606316,16.70981554,0.0,43.22805974,0.7522853,0.4232083
1760624583.941,0.1748558,-0.62228388,2.48607964,-0.01048762,0.94386287,0.00556451,80.0,-7.0,0.0,80.0,1.3962634,0.0,0.0,0.0,80.0,-7.0,0.0,80.0,1.3962634,0.0,0.0,0.0,-4.1870592,0.54361038,-8.63354662,0.32572484,-4.85867486,36.39166285,0.0,43.48618255,11.46627872,2.70995428,-1.43189921,-15.09115927,16.68623701,0.0,43.24645554,0.72455912,0.43559654
1760624583.974,0.18444635,-0.62163714,2.49895824,-0.01057817,0.94432097,0.00571554,80.0,-7.0,0.0,80.0,1.3962634,0.0,0.0,0.0,80.0,-7.0,0.0,80.0,1.3962634,0.0,0.0,0.0,-4.19775521,0.52829602,-8.64804192,0.32436408,-4.86789551,36.42295842,0.0,43.38999326,11.48490554,2.70275456,-1.4123206,-15.03672314,16.71614874,0.0,43.28489521,0.71752619,0.4805141
1760624584.008,0.20293932,-0.6301211,2.49897616,-0.01138196,0.94453756,0.00572555,80.0,-7.0,0.0,80.0,1.3962634,0.0,0.0,0.0,80.0,-7.0,0.0,80.0,1.3962634,0.0,0.0,0.0,-4.36158823,0.58138257,-8.71336701,0.47373193,-4.88550949,36.51897443,0.0,43.41920581,11.44338355,2.72463135,-1.25929112,-14.97460216,16.69086628,0.0,43.29810864,0.70360599,0.49522373
1760624584.041,0.21170075,-0.62100782,2.49831562,-0.01201366,0.94471637,0.00585805,80.0,-7.0,0.0,80.0,1.3962634,0.0,0.0,0.0,80.0,-7.0,0.0,80.0,1.3962634,0.0,0.0,0.0,-4.44478237,0.51135909,-8.70381197,0.53503177,-4.79666745,36.5353298,0.0,43.41207511,11.46700443,2.74662452,-1.18352966,-15.04106885,16.70924213,0.0,43.34319859,0.68507804,0.47583778
1760624584.074,0.21002287,-0.62164189,2.50254278,-0.01171992,0.94459756,0.00509558,80.0,-7.0,0.0,80.0,1.3962634,0.0,0.0,0.0,80.0,-7.0,0.0,80.0,1.3962634,0.0,0.0,0.0,-4.43971312,0.51760713,-8.73828594,0.55396926,-4.77675419,36.46073831,0.0,43.50619172,11.4783452,2.73298183,-1.17471214,-15.04167164,16.70573366,0.0,43.34221162,0.6931242,0.46586555
1760624584.108,0.20211591,-0.62513756,2.50480881,-0.01021721,0.94418075,0.00381375,80.0,-7.0,0.0,80.0,1.3962634,0.0,0.0,0.0,80.0,-7.0,0.0,80.0,1.3962634,0.0,0.0,0.0,-3.82650339,0.52955446,-8.39029926,-0.09529062,-4.86174937,36.01565138,0.0,43.60777765,11.46084645,2.71463627,-1.68738283,-14.96429081,16.9007313,0.0,43.55971903,0.68680541,0.44540729
1760624584.141,0.19605377,-0.62581085,2.51146926,-0.00947558,0.94371202,0.00315729,80.0,-7.0,0.0,80.0,1.3962634,0.0,0.0,0.0,80.0,-7.0,0.0,80.0,1.3962634,0.0,0.0,0.0,-3.81365965,0.53454489,-8.4030983,-0.08390273,-4.83463009,35.9835965,0.0,43.59353022,11.48009726,2.71222662,-1.6746424,-14.97984433,16.91925264,0.0,43.57550534,0.67882283,0.41519941
1760624584.175,0.20429213,-0.61670928,2.49086293,-0.0094606,0.9431024,0.00176685,80.0,-7.0,0.0,80.0,1.3962634,0.0,0.0,0.0,80.0,-7.0,0.0,80.0,1.3962634,0.0,0.0,0.0,-4.46754048,0.59310269,-8.29601266,0.61179325,-4.77943987,35.77629695,0.0,43.65750835,11.47502028,2.69769368,-0.95917674,-15.04493955,16.99666829,0.0,43.59336867,0.69153557,0.41875795
1760624584.208,0.20733969,-0.60573892,2.49148018,-0.01095735,0.94299186,0.00223231,80.0,-7.0,0.0,80.0,1.3962634,0.0,0.0,0.0,80.0,-7.0,0.0,80.0,1.3962634,0.0,0.0,0.0,-4.33561798,0.51736765,-8.31356329,0.45967878,-4.71619646,35.71113273,0.0,43.74405566,11.48233395,2.70996358,-1.08832629,-15.10021607,17.00211396,0.0,43.56010675,0.70111063,0.41844805
1760624584.242,0.21365691,-0.59860884,2.49046889,-0.01174997,0.94306611,0.0026678,80.0,-7.0,0.0,80.0,1.3962634,0.0,0.0,0.0,80.0,-7.0,0.0,80.0,1.3962634,0.0,0.0,0.0,-4.16045967,0.45982337,-8.33054109,0.26925606,-4.66613879,35.67937613,0.0,43.79114716,11.504902,2.70654297,-1.24300619,-15.1297069,17.00348576,0.0,43.52943742,0.70959441,0.42301517
1760624584.275,0.21066744,-0.59047706,2.49011869,-0.01196739,0.9431009,0.00309538,80.0,-7.0,0.0,80.0,1.3962634,0.0,0.0,0.0,80.0,-7.0,0.0,80.0,1.3962634,0.0,0.0,0.0,-3.95746087,0.37400301,-8.43705113,0.07507484,-4.59286108,35.71119294,0.0,43.83107786,11.48665368,2.70952545,-1.43080731,-15.18073165,16.98516174,0.0,43.47485869,0.71758925,0.43101118
1760624584.309,0.21337449,-0.57674643,2.49347436,-0.01229683,0.94414218,0.00418317,80.0,-7.0,0.0,80.0,1.3962634,0.0,0.0,0.0,80.0,-7.0,0.0,80.0,1.3962634,0.0,0.0,0.0,-3.95451499,0.25292049,-8.47829916,0.08588142,-4.47248193,35.72027452,0.0,43.825479,11.4695926,2.74642435,-1.43980509,-15.28292553,16.98130295,0.0,43.44769757,0.72507399,0.43578806
1760624584.375,0.2150861,-0.57354444,2.50050474,-0.01088741,0.94467209,0.00501782,80.0,-7.0,0.0,80.0,1.3962634,0.0,0.0,0.0,80.0,-7.0,0.0,80.0,1.3962634,0.0,0.0,0.0,-3.7319735,0.14258192,-8.44645635,-0.12297057,-4.44219285,35.62635929,0.0,43.83582766,11.41868211,2.76153239,-1.6258437,-15.30023497,17.02002983,0.0,43.46600495,0.72326445,0.45007983
1760624584.409,0.21934215,-0.56909793,2.50385929,-0.01033603,0.94477804,0.00476101,80.0,-7.0,0.0,80.0,1.3962634,0.0,0.0,0.0,80.0,-7.0,0.0,80.0,1.3962634,0.0,0.0,0.0,-3.73742594,0.11401584,-8.45209005,-0.14631396,-4.48169923,35.63558487,0.0,43.87538187,11.40580992,2.79098239,-1.59961473,-15.28115374,17.01495414,0.0,43.45924126,0.72728488,0.48024507
1760624584.442,0.22026832,-0.57559984,2.50846815,-0.0103003,0.94460123,0.00417934,80.0,-7.0,0.0,80.0,1.3962634,0.0,0.0,0.0,80.0,-7.0,0.0,80.0,1.3962634,0.0,0.0,0.0,-3.72839698,0.15325116,-8.46402569,-0.20100326,-4.63553977,35.62336394,0.0,43.95843373,11.43623059,2.86795044,-1.59627846,-15.18531093,16.99061828,0.0,43.42626594,0.7366439,0.50605101
1760624584.476,0.22855272,-0.57286701,2.51692659,-0.00956907,0.94433421,0.0040228,80.0,-7.0,0.0,80.0,1.3962634,0.0,0.0,0.0,80.0,-7.0,0.0,80.0,1.3962634,0.0,0.0,0.0,-3.61821941,0.07128341,-8.51336514,-0.52030771,-4.90649375,35.49491935,0.0,44.45763308,11.50905341,2.95952211,-1.74119132,-15.1744038,16.93135437,0.0,43.35764045,0.73506126,0.5043963
1760624584.509,0.22174984,-0.57599747,2.53261198,-0.0089261,0.94410627,0.00371027,80.0,-7.0,0.0,80.0,1.3962634,0.0,0.0,0.0,80.0,-7.0,0.0,80.0,1.3962634,0.0,0.0,0.0,-3.68531168,0.04433958,-8.43029828,-0.68500419,-5.27762752,34.89164134,0.0,45.2269209,11.46318511,3.04984523,-1.64210861,-15.15052229,16.91656626,0.0,43.34556792,0.73735051,0.53252819
1760624584.543,0.22643349,-0.58106357,2.56396964,-0.00844895,0.9438129,0.0031399,80.0,-7.0,0.0,80.0,1.3962634,0.0,0.0,0.0,80.0,-7.0,0.0,80.0,1.3962634,0.0,0.0,0.0,-4.38385357,-0.02566536,-8.28032681,-0.41824023,-5.97948385,33.52116023,0.0,46.43300434,11.54012717,3.07020918,-0.87236916,-15.24195961,16.95887501,0.0,43.3634072,0.73943297,0.59633428
1760624584.576,0.23359468,-0.5885875,2.59255159,-0.00898806,0.94355967,0.00305127,80.0,-7.0,0.0,80.0,1.3962634,0.0,0.0,0.0,80.0,-7.0,0.0,80.0,1.3962634,0.0,0.0,0.0,-4.55726786,-0.10426806,-8.22383172,-0.72213074,-6.81785459,31.76858992,0.0,47.84659649,11.67799775,3.07546004,-0.67724718,-15.28378607,16.97972439,0.0,43.38016319,0.74342187,0.62303537
1760624584.61,0.21868495,-0.59531915,2.60782014,-0.00934646,0.94402768,0.00290106,80.0,-7.0,0.0,80.0,1.3962634,0.0,0.0,0.0,80.0,-7.0,0.0,80.0,1.3962634,0.0,0.0,0.0,-5.49576528,-0.20811566,-8.31657759,-0.37414279,-7.77816053,30.29512025,0.0,49.21591182,11.91248834,3.20224991,0.26728377,-15.48929907,16.96953467,0.0,43.30982512,0.74251471,0.67837265
1760624584.643,0.20643115,-0.6107389,2.6056177,-0.00908662,0.94372122,0.00215327,80.0,-7.0,0.0,80.0,1.3962634,0.0,0.0,0.0,80.0,-7.0,0.0,80.0,1.3962634,0.0,0.0,0.0,-5.89708151,-0.31650724,-7.84398733,-1.15934104,-9.6917711,28.53560466,0.0,50.43531771,12.37543294,3.71136952,0.78807135,-15.59800774,17.1851025,0.0,43.42514343,0.72309926,0.7014306
1760624584.677,0.216718,-0.62761255,2.61159766,-0.00887003,0.94370305,0.001775,80.0,-7.0,0.0,80.0,1.3962634,0.0,0.0,0.0,80.0,-7.0,0.0,80.0,1.3962634,0.0,0.0,0.0,-6.66103323,-0.32935806,-7.71295589,-1.45246056,-11.51834673,27.44836022,0.0,51.36644923,12.76776581,4.23707452,1.60384413,-15.68287064,17.27633353,0.0,43.34908041,0.7006218,0.7304891
1760624584.71,0.21702446,-0.64621277,2.60508529,-0.00858697,0.94423355,0.00160075,80.0,-7.0,0.0,80.0,1.3962634,0.0,0.0,0.0,80.0,-7.0,0.0,80.0,1.3962634,0.0,0.0,0.0,-7.70729667,-0.36502284,-7.11927431,-1.71327071,-13.59597256,25.82404582,0.0,52.44718424,13.28312104,4.93325867,2.78562878,-15.83633275,17.67249105,0.0,43.53449858,0.6880217,0.73304664
1760624584.743,0.21263472,-0.65993236,2.55838104,-0.0078609,0.94340837,0.00090222,80.0,-7.0,0.0,80.0,1.3962634,0.0,0.0,0.0,80.0,-7.0,0.0,80.0,1.3962634,0.0,0.0,0.0,-8.22093625,-0.29152183,-6.01757483,-3.24847944,-16.94912904,22.73322248,0.0,53.81464914,13.78687894,6.14764774,3.50402958,-15.7883623,18.28669789,0.0,43.96214567,0.66584287,0.72015048
1760624584.777,0.21798983,-0.67248785,2.51490429,-0.00726587,0.94290048,3.035e-05,80.0,-7.0,0.0,80.0,1.3962634,0.0,0.0,0.0,80.0,-7.0,0.0,80.0,1.3962634,0.0,0.0,0.0,-8.4334983,-0.40931253,-5.31220462,-4.72522746,-19.50109565,19.64239177,0.0,54.88117493,13.86020459,7.20054292,3.78261418,-15.89846243,18.67068836,0.0,44.15773573,0.62505017,0.674427
1760624584.81,0.22595019,-0.68271639,2.48253169,-0.00655374,0.94364385,0.0005473,80.0,-7.0,0.0,80.0,1.3962634,0.0,0.0,0.0,80.0,-7.0,0.0,80.0,1.3962634,0.0,0.0,0.0,-8.77479891,-0.76478182,-4.69087447,-6.21250836,-22.06726515,15.78332383,0.0,56.41244582,13.79562212,8.25088223,4.13017226,-16.23005384,19.03493422,0.0,44.25957139,0.58119895,0.6326628
1760624584.844,0.23778092,-0.70095801,2.45131199,-0.00579461,0.94363724,-0.00055112,80.0,-7.0,0.0,80.0,1.3962634,0.0,0.0,0.0,80.0,-7.0,0.0,80.0,1.3962634,0.0,0.0,0.0,-9.43739939,-0.76919533,-3.65212347,-8.32397131,-26.02786149,9.8223689,0.0,58.59815445,13.40333784,9.83712466,4.87985721,-16.20954381,19.63667527,0.0,44.57260629,0.51163561,0.62950045
1760624584.877,0.23126657,-0.6995579,2.43690651,-0.00453855,0.9443859,-0.0007778,80.0,-7.0,0.0,80.0,1.3962634,0.0,0.0,0.0,80.0,-7.0,0.0,80.0,1.3962634,0.0,0.0,0.0,-10.3976134,-0.77925187,-3.01465491,-9.64645839,-29.08794597,5.54956867,0.0,59.88274192,13.07596623,11.03682615,5.97486109,-16.21955425,20.22088056,0.0,44.72571669,0.46379213,0.68918118
1760624584.911,0.22859867,-0.69020086,2.43766749,-0.0039313,0.94482919,-0.00055149,80.0,-7.0,0.0,80.0,1.3962634,0.0,0.0,0.0,80.0,-7.0,0.0,80.0,1.3962634,0.0,0.0,0.0,-11.42695226,-0.68893563,-2.33949234,-11.23497381,-32.29078856,0.96627179,0.0,61.39012363,12.65946102,12.24308737,7.18247961,-16.04648829,20.83526385,0.0,44.85986817,0.44253275,0.74073635
1760624584.944,0.22309547,-0.67101568,2.45544368,-0.00426885,0.94556078,-7.878e-05,80.0,-7.0,0.0,80.0,1.3962634,0.0,0.0,0.0,80.0,-7.0,0.0,80.0,1.3962634,0.0,0.0,0.0,-12.85416915,-0.66687181,-2.16461974,-13.28049771,-36.61137062,-4.74287083,0.0,63.94233651,12.14674262,13.85904659,8.58909204,-15.77302398,24.03982209,0.0,41.85856267,0.43528304,0.7805341
1760624584.977,0.20973306,-0.6378823,2.47278787,-0.00520288,0.94761148,0.00296555,80.0,-7.0,0.0,80.0,1.3962634,0.0,0.0,0.0,80.0,-7.0,0.0,80.0,1.3962634,0.0,0.0,0.0,-13.67924157,-0.90215338,-2.60557978,-14.78992163,-39.79982991,-8.69135843,0.0,65.70513724,11.72732839,14.92600075,9.33125683,-16.00694874,23.79056958,0.0,41.72888397,0.42542282,0.87001009
1760624585.011,0.20240687,-0.60347448,2.48695133,-0.00510762,0.94993448,0.00528589,80.0,-7.0,0.0,80.0,1.3962634,0.0,0.0,0.0,80.0,-7.0,0.0,80.0,1.3962634,0.0,0.0,0.0,-14.06498622,-1.21134876,-3.61464304,-16.36582056,-43.0576262,-12.46474175,0.0,67.63167975,11.21663367,15.8507832,9.44106318,-16.37314123,23.17699505,0.0,41.30193566,0.40029627,0.92851801
1760624585.044,0.20735334,-0.56785284,2.52033783,-0.00742062,0.94847801,0.00431502,80.0,-7.0,0.0,80.0,1.3962634,0.0,0.0,0.0,80.0,-7.0,0.0,80.0,1.3962634,0.0,0.0,0.0,-14.43655305,-1.20300966,-3.39772742,-20.28394944,-47.04926017,-20.38958836,0.0,71.10326963,10.69095311,17.04972694,9.83209897,-16.22419252,23.06769695,0.0,41.55098485,0.36684686,0.95172364
1760624585.078,0.19191939,-0.5349665,2.5327395,-0.00797109,0.95052052,0.00641286,80.0,-7.0,0.0,80.0,1.3962634,0.0,0.0,0.0,80.0,-7.0,0.0,80.0,1.3962634,0.0,0.0,0.0,-14.03710001,-1.6967508,-4.14883374,-23.19698033,-49.98681825,-24.95926765,0.0,73.29709391,10.18245591,17.84270874,9.1764225,-16.71492567,22.49359534,0.0,41.39336661,0.36264783,0.97961847
1760624585.111,0.16960715,-0.50596622,2.53287818,-0.00670527,0.95182362,0.00705801,80.0,-7.0,0.0,80.0,1.3962634,0.0,0.0,0.0,80.0,-7.0,0.0,80.0,1.3962634,0.0,0.0,0.0,-12.54460834,-2.18856792,-5.02034099,-27.23339128,-52.99078859,-29.47893735,0.0,75.31451901,9.58874053,18.61328271,7.34417844,-17.14454899,21.69212115,0.0,41.28450022,0.34682835,1.00077949
1760624585.145,0.15370192,-0.46994629,2.5377225,-0.00621249,0.95166237,0.00574864,80.0,-7.0,0.0,80.0,1.3962634,0.0,0.0,0.0,80.0,-7.0,0.0,80.0,1.3962634,0.0,0.0,0.0,-11.79171504,-2.31498203,-5.96061054,-32.07828055,-57.12116524,-36.83686969,0.0,78.68925586,8.75493071,19.58646235,6.20316908,-17.26696383,20.70023593,0.0,41.26469832,0.32318247,1.00171801
1760624585.179,0.14278155,-0.45000473,2.5468754,-0.00552509,0.95528377,0.0056901,80.0,-7.0,0.0,80.0,1.3962634,0.0,0.0,0.0,80.0,-7.0,0.0,80.0,1.3962634,0.0,0.0,0.0,-11.38267036,-3.42141771,-7.20167513,-34.39221526,-59.62189856,-40.81392198,0.0,80.94540708,8.25001315,20.08410674,5.28967665,-18.38255349,19.9356891,0.0,40.81821567,0.2622801,1.01066477
1760624585.212,0.13893452,-0.42226414,2.55880269,-0.0060646,0.9572096,0.00722726,80.0,-7.0,0.0,80.0,1.3962634,0.0,0.0,0.0,80.0,-7.0,0.0,80.0,1.3962634,0.0,0.0,0.0,-11.37607567,-3.54128514,-8.40779505,-36.99753598,-62.81279129,-45.28522546,0.0,82.63282077,7.77941252,20.3417402,4.89664452,-18.64387141,19.09013732,0.0,40.45727857,0.23606797,1.0557933
1760624585.245,0.13498799,-0.3775462,2.60558027,-0.00687175,0.9589,0.0068278,80.0,-7.0,0.0,80.0,1.3962634,0.0,0.0,0.0,80.0,-7.0,0.0,80.0,1.3962634,0.0,0.0,0.0,-12.41868029,-3.3627682,-10.25710878,-39.39117005,-66.90220771,-50.54471161,0.0,84.93488656,7.25025452,20.76518994,5.41513797,-18.85800677,17.93622884,0.0,39.86894521,0.18255374,1.13523563
1760624585.279,0.14060809,-0.33167399,2.65655798,-0.00795104,0.9599495,0.00844074,80.0,-7.0,0.0,80.0,1.3962634,0.0,0.0,0.0,80.0,-7.0,0.0,80.0,1.3962634,0.0,0.0,0.0,-12.53172176,-3.58070086,-11.39018487,-42.19521427,-69.3411459,-54.4223232,0.0,86.68875952,6.97436702,21.01438909,5.03564786,-19.2194572,17.01598789,0.0,39.73041809,0.15482429,1.10417625
1760624585.312,0.17255226,-0.28071196,2.69405324,-0.00759735,0.96099239,0.00926868,80.0,-7.0,0.0,80.0,1.3962634,0.0,0.0,0.0,80.0,-7.0,0.0,80.0,1.3962634,0.0,0.0,0.0,-12.43926822,-3.79013441,-12.84978674,-44.27995325,-71.81472023,-57.23424492,0.0,87.86639707,6.67077485,21.06867794,4.34385499,-19.507663,15.80877744,0.0,39.47494008,0.11343237,1.13069719
1760624585.346,0.2137083,-0.23091964,2.74413235,-0.00729506,0.96111098,0.01007043,80.0,-7.0,0.0,80.0,1.3962634,0.0,0.0,0.0,80.0,-7.0,0.0,80.0,1.3962634,0.0,0.0,0.0,-11.9222616,-4.17255078,-13.59891774,-49.01184421,-73.86547592,-62.59143141,0.0,88.68867463,6.32557777,21.11216739,3.25000053,-19.7558183,14.79021864,0.0,39.78926053,0.04404179,1.0329111
1760624585.379,0.22175694,-0.2103115,2.75208396,-0.0069806,0.96226809,0.0115754,80.0,-7.0,0.0,80.0,1.3962634,0.0,0.0,0.0,80.0,-7.0,0.0,80.0,1.3962634,0.0,0.0,0.0,-11.19634784,-4.63649471,-14.07149911,-52.68165032,-75.13889535,-66.37176411,0.0,89.93719718,6.31114801,21.26334494,2.13951822,-20.00105945,14.06401093,0.0,40.04146738,-0.00017811,1.03754992
1760624585.412,0.26393988,-0.20034291,2.75027494,-0.00706863,0.96413748,0.01247886,80.0,-7.0,0.0,80.0,1.3962634,0.0,0.0,0.0,80.0,-7.0,0.0,80.0,1.3962634,0.0,0.0,0.0,-11.63987224,-4.84107201,-14.79949701,-54.00164618,-76.42570197,-68.66443979,0.0,91.09406224,6.32302841,21.38157521,2.1649821,-20.25716101,13.43441633,0.0,39.99452645,-0.04553029,1.06862613
1760624585.446,0.3498259,-0.20137958,2.69753018,-0.00791094,0.96591702,0.01337663,80.0,-7.0,0.0,80.0,1.3962634,0.0,0.0,0.0,80.0,-7.0,0.0,80.0,1.3962634,0.0,0.0,0.0,-11.55197748,-5.32607105,-15.6923242,-54.42652231,-77.87432023,-69.25658677,0.0,91.56894789,6.20001755,21.41418913,1.37552702,-20.55027912,12.89684418,0.0,39.49961274,-0.09165787,1.03438816
1760624585.479,0.38416025,-0.20963293,2.65504597,-0.00803461,0.96781533,0.01349491,80.0,-7.0,0.0,80.0,1.3962634,0.0,0.0,0.0,80.0,-7.0,0.0,80.0,1.3962634,0.0,0.0,0.0,-11.51645994,-5.576235,-15.45066735,-56.73537908,-78.21387712,-71.87921818,0.0,92.19867602,6.31110264,21.43690037,1.2298547,-20.71524035,12.61797748,0.0,40.00370464,-0.13557077,1.01929487
1760624585.513,0.4047477,-0.2312905,2.62141469,-0.00869491,0.96885904,0.01366719,80.0,-7.0,0.0,80.0,1.3962634,0.0,0.0,0.0,80.0,-7.0,0.0,80.0,1.3962634,0.0,0.0,0.0,-11.66906064,-5.78457708,-15.65775438,-56.50456173,-78.95472706,-72.3281549,0.0,92.81751565,6.29193354,21.44201744,1.08978802,-20.8669519,12.53336629,0.0,39.89771717,-0.17757467,1.00103212
1760624585.546,0.41354248,-0.23428723,2.62778013,-0.00909416,0.96891448,0.01346979,80.0,-7.0,0.0,80.0,1.3962634,0.0,0.0,0.0,80.0,-7.0,0.0,80.0,1.3962634,0.0,0.0,0.0,-11.73749795,-5.87508357,-15.58612779,-56.37598317,-79.17903713,-72.44069983,0.0,92.98719109,6.39061336,21.38846678,1.01628881,-20.91070787,12.62492407,0.0,39.98562429,-0.20122443,0.94638082
1760624585.58,0.43200852,-0.24617106,2.67184272,-0.0103025,0.96924507,0.0129738,80.0,-7.0,0.0,80.0,1.3962634,0.0,0.0,0.0,80.0,-7.0,0.0,80.0,1.3962634,0.0,0.0,0.0,-12.15994396,-5.84099075,-16.30113638,-53.04999676,-79.91096263,-69.56435288,0.0,93.13915483,6.51992081,21.43588758,1.08758737,-20.99014833,12.43416115,0.0,39.62773481,-0.20936818,0.94474764
1760624585.613,0.43383238,-0.24368044,2.74054948,-0.01087656,0.96922191,0.01216762,80.0,-7.0,0.0,80.0,1.3962634,0.0,0.0,0.0,80.0,-7.0,0.0,80.0,1.3962634,0.0,0.0,0.0,-12.54763408,-5.70045122,-16.0580134,-52.30824333,-79.8817698,-69.93766414,0.0,93.25806273,6.47223642,21.46139549,1.63043758,-21.02882394,12.72061385,0.0,39.89744522,-0.21024623,0.92465584
1760624585.647,0.42412079,-0.22616647,2.80929955,-0.0115662,0.96914102,0.01243057,80.0,-7.0,0.0,80.0,1.3962634,0.0,0.0,0.0,80.0,-7.0,0.0,80.0,1.3962634,0.0,0.0,0.0,-12.92792288,-5.83601599,-16.48453081,-48.54434132,-80.0568927,-67.00685876,0.0,93.59486162,6.53473426,21.54194607,1.85247811,-21.30502698,12.7854506,0.0,39.50104971,-0.18892626,0.8705958
1760624585.68,0.43357502,-0.2139308,2.86843078,-0.01176679,0.96884718,0.01205659,80.0,-7.0,0.0,80.0,1.3962634,0.0,0.0,0.0,80.0,-7.0,0.0,80.0,1.3962634,0.0,0.0,0.0,-13.51252821,-5.75133209,-16.25184766,-48.0140708,-79.8082342,-67.27403716,0.0,93.74487676,6.6708457,21.69383847,2.61687801,-21.42823584,12.94897606,0.0,39.63110846,-0.16499906,0.8209987
1760624585.714,0.43319933,-0.19268542,2.90488725,-0.01197374,0.9687856,0.01207269,80.0,-7.0,0.0,80.0,1.3962634,0.0,0.0,0.0,80.0,-7.0,0.0,80.0,1.3962634,0.0,0.0,0.0,-13.67717604,-5.73908865,-16.0101815,-47.59300146,-79.60775418,-67.20125636,0.0,93.50689137,6.61884366,21.73436126,3.00235697,-21.56341375,13.10749357,0.0,39.72396961,-0.1225947,0.78114146
1760624585.747,0.41481524,-0.17380256,2.92228298,-0.01092408,0.96850915,0.01354408,80.0,-7.0,0.0,80.0,1.3962634,0.0,0.0,0.0,80.0,-7.0,0.0,80.0,1.3962634,0.0,0.0,0.0,-13.75631812,-5.98005684,-16.42814861,-44.0405249,-79.74253517,-63.77295948,0.0,93.38233629,6.47613225,21.76339459,2.91822443,-21.89794085,13.3880183,0.0,38.97565738,-0.0734878,0.73722933
1760624585.78,0.39633409,-0.15817686,2.9144115,-0.01007679,0.96808843,0.01457866,80.0,-7.0,0.0,80.0,1.3962634,0.0,0.0,0.0,80.0,-7.0,0.0,80.0,1.3962634,0.0,0.0,0.0,-13.62057064,-6.12293393,-16.14829251,-44.01693365,-79.51560891,-63.76905264,0.0,93.41539811,6.37627861,21.76442268,2.8994011,-22.0722614,13.50006881,0.0,39.09624812,-0.03994814,0.69738299
1760624585.814,0.38084587,-0.14343704,2.87724802,-0.00950924,0.96838273,0.01499375,80.0,-7.0,0.0,80.0,1.3962634,0.0,0.0,0.0,80.0,-7.0,0.0,80.0,1.3962634,0.0,0.0,0.0,-13.41440657,-6.21848576,-15.79931715,-44.04083136,-79.24767458,-63.65848627,0.0,93.41245547,6.26895178,21.73427969,2.91855757,-22.20086831,13.63644336,0.0,39.22602341,0.01961874,0.71163742
1760624585.847,0.3721634,-0.13657901,2.85711097,-0.0087814,0.96842772,0.01511238,80.0,-7.0,0.0,80.0,1.3962634,0.0,0.0,0.0,80.0,-7.0,0.0,80.0,1.3962634,0.0,0.0,0.0,-12.94303411,-6.28124729,-15.54927883,-44.24814002,-79.0318176,-63.26990667,0.0,93.16449962,6.1453253,21.72280702,2.63198539,-22.20544507,13.74015065,0.0,39.31899346,0.08800724,0.77083923
1760624585.881,0.35706464,-0.13454465,2.82572397,-0.0085166,0.9688319,0.01554693,80.0,-7.0,0.0,80.0,1.3962634,0.0,0.0,0.0,80.0,-7.0,0.0,80.0,1.3962634,0.0,0.0,0.0,-12.86046993,-6.38574245,-15.75266036,-41.3790986,-78.9081286,-60.32409005,0.0,92.93515012,5.96933902,21.69643108,2.50915507,-22.34312226,13.8037098,0.0,38.94477861,0.25864913,0.86309363
1760624585.914,0.35636829,-0.13597917,2.79816403,-0.00825051,0.96974472,0.01591828,80.0,-7.0,0.0,80.0,1.3962634,0.0,0.0,0.0,80.0,-7.0,0.0,80.0,1.3962634,0.0,0.0,0.0,-12.83666468,-6.51927352,-15.62855269,-38.31933033,-78.2556557,-57.3322586,0.0,92.44805525,5.74675029,21.70226255,2.62264683,-22.53142371,13.95102125,0.0,38.87734027,0.55896858,0.99164956
1760624585.948,0.35214091,-0.13813693,2.78654558,-0.00754386,0.97066113,0.01590942,80.0,-7.0,0.0,80.0,1.3962634,0.0,0.0,0.0,80.0,-7.0,0.0,80.0,1.3962634,0.0,0.0,0.0,-12.82391976,-6.57358689,-15.71012298,-35.01297183,-77.72754537,-54.11870431,0.0,91.90272019,5.56756228,21.70005255,2.6988858,-22.61593001,14.00971366,0.0,38.78352044,0.67560107,1.03097538
1760624585.981,0.35879426,-0.14263805,2.78795932,-0.00748132,0.97088418,0.01602505,80.0,-7.0,0.0,80.0,1.3962634,0.0,0.0,0.0,80.0,-7.0,0.0,80.0,1.3962634,0.0,0.0,0.0,-12.60167032,-6.62774967,-15.00789018,-34.70502817,-76.67014052,-53.89838766,0.0,91.70274696,5.41616824,21.71060402,2.80060178,-22.58071777,14.36624692,0.0,39.16041652,0.68936691,0.98985514
1760624586.015,0.36872997,-0.1408448,2.78843614,-0.00844037,0.97222145,0.01686673,80.0,-7.0,0.0,80.0,1.3962634,0.0,0.0,0.0,80.0,-7.0,0.0,80.0,1.3962634,0.0,0.0,0.0,-12.579734,-6.82973398,-15.32153435,-28.93068113,-75.48937394,-47.91281999,0.0,90.90714303,5.22789743,21.58629765,2.61477242,-22.7395829,14.35285263,0.0,38.80950764,0.67623816,0.99625462
1760624586.048,0.36749768,-0.14308052,2.79698924,-0.00908336,0.97272161,0.01729868,80.0,-7.0,0.0,80.0,1.3962634,0.0,0.0,0.0,80.0,-7.0,0.0,80.0,1.3962634,0.0,0.0,0.0,-12.55924262,-6.81071109,-15.6249285,-24.69041168,-74.41306442,-43.19736905,0.0,89.81871657,5.06365391,21.52433052,2.53554033,-22.72014458,14.03458267,0.0,38.78754413,0.66507237,1.02411723
1760624586.081,0.36146702,-0.15163894,2.79637364,-0.00937442,0.97257436,0.01776468,80.0,-7.0,0.0,80.0,1.3962634,0.0,0.0,0.0,80.0,-7.0,0.0,80.0,1.3962634,0.0,0.0,0.0,-12.50371585,-6.75861369,-15.69148711,-21.23257609,-73.0837196,-39.37255537,0.0,88.76952818,4.86297435,21.48043238,2.53197146,-22.66110107,13.89803366,0.0,38.87184679,0.64359376,1.02648049
1760624586.115,0.3573199,-0.16665522,2.79832898,-0.00853212,0.97266484,0.01759357,80.0,-7.0,0.0,80.0,1.3962634,0.0,0.0,0.0,80.0,-7.0,0.0,80.0,1.3962634,0.0,0.0,0.0,-12.20752166,-6.68311093,-15.72445902,-17.55819755,-71.03472918,-35.37480357,0.0,87.74215261,4.71438931,21.1813191,2.29310598,-22.53275663,13.88540892,0.0,38.80427635,0.6389062,1.03878849
1760624586.148,0.35631729,-0.18044839,2.80324428,-0.00812698,0.9717477,0.01675798,80.0,-7.0,0.0,80.0,1.3962634,0.0,0.0,0.0,80.0,-7.0,0.0,80.0,1.3962634,0.0,0.0,0.0,-12.13082319,-6.34514071,-15.50966762,-15.62278318,-69.36220313,-33.16227114,0.0,86.80751883,4.71444893,20.9806539,2.43430225,-22.20683855,13.89992208,0.0,38.91698292,0.65131094,1.04570176
1760624586.182,0.35103257,-0.19060082,2.80178736,-0.00803854,0.97161,0.01627872,80.0,-7.0,0.0,80.0,1.3962634,0.0,0.0,0.0,80.0,-7.0,0.0,80.0,1.3962634,0.0,0.0,0.0,-12.10764514,-6.03031838,-15.33450788,-13.61648263,-67.49058395,-30.37926716,0.0,85.18409895,4.64580995,20.79556589,2.62762103,-21.9433549,13.96537347,0.0,38.95665312,0.67060171,1.07294038
1760624586.249,0.3141897,-0.19130371,2.80704906,-0.00875687,0.97224793,0.01696188,80.0,-7.0,0.0,80.0,1.3962634,0.0,0.0,0.0,80.0,-7.0,0.0,80.0,1.3962634,0.0,0.0,0.0,-11.98115764,-5.68034669,-14.75297423,-9.66565132,-61.86501535,-24.83608266,0.0,80.54119201,4.31198656,20.16213643,2.89669479,-21.68273356,14.25645824,0.0,38.99210412,0.71857827,1.06752069
1760624586.282,0.29836161,-0.18744528,2.82553806,-0.00842469,0.97113508,0.01694789,80.0,-7.0,0.0,80.0,1.3962634,0.0,0.0,0.0,80.0,-7.0,0.0,80.0,1.3962634,0.0,0.0,0.0,-12.52161134,-5.0326237,-14.45148458,-7.83699263,-59.48915048,-23.35151837,0.0,78.99299061,4.41351567,19.79562057,3.79716151,-21.25805535,14.38409164,0.0,39.09640255,0.73681354,1.09709299
1760624586.316,0.2764003,-0.17802481,2.84501941,-0.00826577,0.97146518,0.01718656,80.0,-7.0,0.0,80.0,1.3962634,0.0,0.0,0.0,80.0,-7.0,0.0,80.0,1.3962634,0.0,0.0,0.0,-12.67279995,-4.83706859,-14.38186847,-5.7634425,-55.89834515,-20.59098387,0.0,77.27303874,4.63644052,19.39352178,4.0187854,-21.19334651,14.43993939,0.0,39.00353146,0.75056959,1.06399487
1760624586.349,0.26460544,-0.16818073,2.8530304,-0.00821516,0.97040914,0.01691782,80.0,-7.0,0.0,80.0,1.3962634,0.0,0.0,0.0,80.0,-7.0,0.0,80.0,1.3962634,0.0,0.0,0.0,-13.7645392,-4.14309569,-14.17034205,-3.56067768,-53.33174517,-18.36481322,0.0,75.47898772,4.76650582,18.96310587,5.33011608,-20.88865359,14.52512651,0.0,39.12559634,0.77776375,1.07429346
1760624586.383,0.26033976,-0.15613819,2.85431993,-0.00890233,0.97102168,0.0184941,80.0,-7.0,0.0,80.0,1.3962634,0.0,0.0,0.0,80.0,-7.0,0.0,80.0,1.3962634,0.0,0.0,0.0,-13.83322623,-3.90729982,-14.10026559,-2.08841051,-49.56853957,-14.39736095,0.0,72.63087954,5.14914303,18.34037349,5.44701497,-20.8141331,14.4859902,0.0,39.14748599,0.78323427,1.04170282
1760624586.416,0.25203106,-0.14444126,2.84393668,-0.00946122,0.96844078,0.01849097,80.0,-7.0,0.0,80.0,1.3962634,0.0,0.0,0.0,80.0,-7.0,0.0,80.0,1.3962634,0.0,0.0,0.0,-13.64630294,-3.4155583,-13.93603265,-1.29679257,-46.98472796,-11.84517951,0.0,70.46327095,5.40359577,17.77512417,5.39682095,-20.39685787,14.36053447,0.0,39.26309508,0.81041425,1.01889552
1760624586.483,0.23368308,-0.11385496,2.82291758,-0.00983265,0.96351386,0.01826103,80.0,-7.0,0.0,80.0,1.3962634,0.0,0.0,0.0,80.0,-7.0,0.0,80.0,1.3962634,0.0,0.0,0.0,-13.3714736,-2.44650549,-11.3137638,-1.51514148,-40.81062507,-10.03912742,0.0,67.24643875,6.29558042,16.4567064,6.0448232,-19.36988668,15.38739275,0.0,40.64352814,0.88968222,0.86912657
1760624586.516,0.23829353,-0.09999063,2.83143838,-0.01004728,0.96098052,0.01756209,80.0,-7.0,0.0,80.0,1.3962634,0.0,0.0,0.0,80.0,-7.0,0.0,80.0,1.3962634,0.0,0.0,0.0,-13.11492336,-2.06728793,-10.41719247,-1.41147214,-38.03021192,-8.6858095,0.0,65.37442568,6.3542567,15.78860039,6.09883572,-18.89783416,15.72205862,0.0,41.08952185,0.90007202,0.77996719
1760624586.55,0.22062305,-0.0830396,2.84288569,-0.01102759,0.95938534,0.01664087,80.0,-7.0,0.0,80.0,1.3962634,0.0,0.0,0.0,80.0,-7.0,0.0,80.0,1.3962634,0.0,0.0,0.0,-13.31654132,-1.52412768,-9.91971488,-0.43851816,-35.52851334,-6.76389794,0.0,63.74538414,6.69666573,15.19258618,6.55932443,-18.40105758,15.89041819,0.0,41.41756081,0.8887446,0.77051805
1760624586.583,0.21720425,-0.03637008,2.87707108,-0.01135204,0.96023276,0.01789703,80.0,-7.0,0.0,80.0,1.3962634,0.0,0.0,0.0,80.0,-7.0,0.0,80.0,1.3962634,0.0,0.0,0.0,-13.12162015,-1.36936482,-10.32015327,0.63166281,-32.02185165,-3.22383646,0.0,62.2655048,7.46343798,14.22080902,6.28963121,-18.2390145,15.53926321,0.0,41.27286399,0.89840485,0.76949442
1760624586.617,0.22678796,-0.02094862,2.88975793,-0.01036014,0.95876164,0.01618305,80.0,-7.0,0.0,80.0,1.3962634,0.0,0.0,0.0,80.0,-7.0,0.0,80.0,1.3962634,0.0,0.0,0.0,-13.168724,-0.83399951,-9.870891,1.39469164,-29.58654649,-1.09487866,0.0,60.22037088,7.49754301,13.51588725,6.60312696,-17.6630427,15.68251356,0.0,41.56716196,0.90622274,0.77504951
1760624586.65,0.20446564,-0.00542126,2.89078548,-0.00953042,0.95596584,0.01451561,80.0,-7.0,0.0,80.0,1.3962634,0.0,0.0,0.0,80.0,-7.0,0.0,80.0,1.3962634,0.0,0.0,0.0,-13.19687632,-0.26400028,-9.37216315,2.17083911,-27.28523838,0.54540508,0.0,58.47430864,7.48616704,12.76393432,6.90207001,-17.08538288,15.94878222,0.0,41.93155756,0.91520229,0.79713512
1760624586.684,0.20644109,0.02817074,2.90039027,-0.0103026,0.95343453,0.01306552,80.0,-7.0,0.0,80.0,1.3962634,0.0,0.0,0.0,80.0,-7.0,0.0,80.0,1.3962634,0.0,0.0,0.0,-13.04843368,0.12339047,-9.21362424,2.94302667,-23.96148806,3.05933719,0.0,57.1566082,8.18597373,11.75809577,6.84799744,-16.603567,16.08384815,0.0,42.07508683,0.88972911,0.76282962
1760624586.717,0.20995844,0.04868048,2.91335826,-0.01142047,0.95122156,0.01301717,80.0,-7.0,0.0,80.0,1.3962634,0.0,0.0,0.0,80.0,-7.0,0.0,80.0,1.3962634,0.0,0.0,0.0,-12.22898168,0.19828371,-9.07171638,2.73196734,-21.57230512,5.09432096,0.0,56.14529782,8.30586183,11.11190762,6.12887534,-16.31593209,16.17001945,0.0,42.20436296,0.92973525,0.77329874
1760624586.75,0.19297744,0.06187357,2.91387743,-0.01258455,0.9487414,0.01216275,80.0,-7.0,0.0,80.0,1.3962634,0.0,0.0,0.0,80.0,-7.0,0.0,80.0,1.3962634,0.0,0.0,0.0,-11.9026909,0.45285357,-9.34560557,3.07608186,-19.43322971,7.30019313,0.0,55.88668494,8.68314259,10.27877023,5.86198104,-16.00763133,16.06059336,0.0,42.15152073,0.96822142,0.82121273
1760624586.784,0.18916232,0.06820594,2.87480781,-0.01221239,0.94797864,0.01253325,80.0,-7.0,0.0,80.0,1.3962634,0.0,0.0,0.0,80.0,-7.0,0.0,80.0,1.3962634,0.0,0.0,0.0,-11.45369751,0.60092818,-9.3460254,3.15715729,-16.74085657,10.76761633,0.0,55.13538079,9.22735956,9.19723236,5.53644034,-15.74569226,16.01274523,0.0,42.21413547,0.98684468,0.75119626
1760624586.817,0.16846468,0.06241945,2.84244543,-0.0118984,0.94750465,0.01215273,80.0,-7.0,0.0,80.0,1.3962634,0.0,0.0,0.0,80.0,-7.0,0.0,80.0,1.3962634,0.0,0.0,0.0,-11.07776548,0.49441862,-9.37370369,3.20447754,-14.58469524,14.0637176,0.0,53.51889792,9.32800862,8.51092342,5.20390892,-15.77577986,15.99010094,0.0,42.27012551,1.00371094,0.73184136
1760624586.851,0.14916569,0.05190466,2.78837813,-0.01064576,0.94703165,0.0106839,80.0,-7.0,0.0,80.0,1.3962634,0.0,0.0,0.0,80.0,-7.0,0.0,80.0,1.3962634,0.0,0.0,0.0,-10.66771198,0.44600548,-9.15978573,3.12467318,-12.67176843,16.47186739,0.0,52.19292606,9.49945974,7.80806182,4.85709283,-15.78266955,16.14239447,0.0,42.44406851,0.99233721,0.72558268
1760624586.884,0.17452592,0.03146279,2.77594872,-0.01024844,0.94634688,0.00978823,80.0,-7.0,0.0,80.0,1.3962634,0.0,0.0,0.0,80.0,-7.0,0.0,80.0,1.3962634,0.0,0.0,0.0,-10.33851157,0.56567358,-9.06280234,3.22671291,-10.6856796,18.42714409,0.0,51.96320475,9.73658819,7.00605123,4.6229933,-15.57266804,16.1498137,0.0,42.44970467,0.94750606,0.65327332
1760624586.918,0.16104473,0.01419055,2.78020926,-0.01038435,0.94653463,0.00837096,80.0,-7.0,0.0,80.0,1.3962634,0.0,0.0,0.0,80.0,-7.0,0.0,80.0,1.3962634,0.0,0.0,0.0,-9.2249848,0.59267775,-9.03512255,2.47548561,-9.51448304,20.00962528,0.0,51.43209488,10.01403368,6.60450499,3.58098225,-15.33179385,16.24664064,0.0,42.50453972,0.97102362,0.65217241
1760624586.951,0.15714315,0.00056463,2.77673832,-0.01078456,0.94605018,0.00656271,80.0,-7.0,0.0,80.0,1.3962634,0.0,0.0,0.0,80.0,-7.0,0.0,80.0,1.3962634,0.0,0.0,0.0,-8.51307657,0.67458858,-9.17720396,2.15605801,-8.45300532,21.21022844,0.0,50.93009592,10.2334802,6.1480996,2.90610117,-15.1098487,16.29485002,0.0,42.42964106,0.99286074,0.66381061
1760624586.985,0.20756238,-0.02244132,2.81446772,-0.0125711,0.94633979,0.00601732,80.0,-7.0,0.0,80.0,1.3962634,0.0,0.0,0.0,80.0,-7.0,0.0,80.0,1.3962634,0.0,0.0,0.0,-8.17446489,0.72515374,-9.35188932,2.20411426,-7.31715244,22.1620124,0.0,51.11368002,10.48028012,5.53043708,2.58596322,-14.94135955,16.29670433,0.0,42.30714127,1.0086801,0.65090763
1760624587.018,0.21034216,-0.03714133,2.83746118,-0.0149837,0.94585349,0.0066986,80.0,-7.0,0.0,80.0,1.3962634,0.0,0.0,0.0,80.0,-7.0,0.0,80.0,1.3962634,0.0,0.0,0.0,-8.12233547,0.80929606,-9.68846874,2.46078984,-6.61200505,23.36593825,0.0,51.20737511,10.60815938,5.08776686,2.51996713,-14.81927972,16.24179077,0.0,42.14948252,1.0292062,0.69921595
1760624587.052,0.20450446,-0.04754617,2.84774007,-0.01532857,0.94585808,0.00767632,80.0,-7.0,0.0,80.0,1.3962634,0.0,0.0,0.0,80.0,-7.0,0.0,80.0,1.3962634,0.0,0.0,0.0,-7.98710471,0.68441537,-10.26261656,2.70950286,-5.73332415,24.68066875,0.0,50.89818938,10.77487231,4.77987273,2.24822842,-14.91007332,16.06597959,0.0,41.88705412,1.02519786,0.74516109
1760624587.085,0.23823764,-0.06956764,2.87970563,-0.01483075,0.94584721,0.00810468,80.0,-7.0,0.0,80.0,1.3962634,0.0,0.0,0.0,80.0,-7.0,0.0,80.0,1.3962634,0.0,0.0,0.0,-7.78615901,0.52712375,-10.71070106,3.00293,-4.64742661,25.86097888,0.0,50.17729402,10.92615282,4.47812936,1.90590631,-14.9599739,15.88476022,0.0,41.67961112,0.99091813,0.69948909
1760624587.118,0.25274627,-0.09345288,2.91219995,-0.01454797,0.94530306,0.00805023,80.0,-7.0,0.0,80.0,1.3962634,0.0,0.0,0.0,80.0,-7.0,0.0,80.0,1.3962634,0.0,0.0,0.0,-7.67598421,0.55799026,-10.87790259,3.24075273,-4.15902805,26.94576138,0.0,49.65273383,11.03079095,4.24536591,1.73787285,-14.87072848,15.88573336,0.0,41.66768506,0.95944321,0.71445871
1760624587.152,0.26707574,-0.12151393,2.90502544,-0.01518063,0.94495336,0.00765516,80.0,-7.0,0.0,80.0,1.3962634,0.0,0.0,0.0,80.0,-7.0,0.0,80.0,1.3962634,0.0,0.0,0.0,-7.47691562,0.45918175,-11.17517133,3.32001099,-3.68329668,28.31899476,0.0,49.63986159,11.17419698,4.04680338,1.38715834,-14.85346616,15.82550878,0.0,41.55677443,0.93710589,0.76174544
1760624587.185,0.28969276,-0.16147111,2.87712687,-0.01444662,0.94374816,0.00702933,80.0,-7.0,0.0,80.0,1.3962634,0.0,0.0,0.0,80.0,-7.0,0.0,80.0,1.3962634,0.0,0.0,0.0,-7.46027088,0.50259283,-11.24451516,3.56346341,-3.53114691,29.58016495,0.0,50.68045282,11.53272149,3.45010083,1.29956251,-14.70470643,15.87116219,0.0,41.59385631,0.89238813,0.76711871
1760624587.219,0.32319169,-0.19388433,2.82100731,-0.01332993,0.94289319,0.00660852,80.0,-7.0,0.0,80.0,1.3962634,0.0,0.0,0.0,80.0,-7.0,0.0,80.0,1.3962634,0.0,0.0,0.0,-7.19379615,0.52323267,-10.96804241,3.34379947,-3.67034797,30.26564349,0.0,51.54329572,12.25778531,2.92027054,1.01310994,-14.5322649,16.0336181,0.0,41.75783471,0.86436919,0.76548577
1760624587.252,0.31830139,-0.23468058,2.79810437,-0.01249145,0.9428827,0.00615339,80.0,-7.0,0.0,80.0,1.3962634,0.0,0.0,0.0,80.0,-7.0,0.0,80.0,1.3962634,0.0,0.0,0.0,-6.82141491,0.32743099,-11.46048492,3.01961358,-3.62068731,31.63066155,0.0,51.87162038,12.80582001,2.80942427,0.43865907,-14.53806212,15.84454348,0.0,41.45048192,0.81099049,0.7765536
1760624587.286,0.27243851,-0.2857276,2.79438123,-0.01147851,0.94273425,0.00536337,80.0,-7.0,0.0,80.0,1.3962634,0.0,0.0,0.0,80.0,-7.0,0.0,80.0,1.3962634,0.0,0.0,0.0,-6.42407496,0.13887872,-11.41392846,2.73030323,-3.61233255,32.32975675,0.0,51.84731805,12.40231449,3.25961602,0.04410719,-14.53745006,15.9058564,0.0,41.43838628,0.77112398,0.79020774
1760624587.319,0.26402078,-0.31680462,2.80171246,-0.01145652,0.94308576,0.00559808,80.0,-7.0,0.0,80.0,1.3962634,0.0,0.0,0.0,80.0,-7.0,0.0,80.0,1.3962634,0.0,0.0,0.0,-5.88160741,-0.12386516,-11.29985851,2.17203519,-3.6042866,32.57516537,0.0,52.00811374,11.63207639,3.57391016,-0.5665682,-14.61138136,16.00234983,0.0,41.476741,0.74259853,0.74596915
1760624587.352,0.25661406,-0.33790562,2.82177873,-0.01133537,0.94277055,0.00534706,80.0,-7.0,0.0,80.0,1.3962634,0.0,0.0,0.0,80.0,-7.0,0.0,80.0,1.3962634,0.0,0.0,0.0,-5.59495201,-0.20261813,-11.15667486,1.96862383,-3.76229247,32.382122,0.0,52.49933649,10.93276498,3.72562043,-0.86932055,-14.59005337,16.11477996,0.0,41.53544256,0.72497071,0.72379875
1760624587.386,0.23360702,-0.3541868,2.84518816,-0.01078967,0.94222372,0.00556959,80.0,-7.0,0.0,80.0,1.3962634,0.0,0.0,0.0,80.0,-7.0,0.0,80.0,1.3962634,0.0,0.0,0.0,-4.73306984,-0.26700247,-10.88194001,1.21187767,-4.10500123,31.95264614,0.0,53.28333994,10.54801675,3.77406,-1.71770453,-14.45029067,16.29693331,0.0,41.67385507,0.70444258,0.68193295
1760624587.419,0.22555122,-0.36079129,2.87217441,-0.01062592,0.9418349,0.00564226,80.0,-7.0,0.0,80.0,1.3962634,0.0,0.0,0.0,80.0,-7.0,0.0,80.0,1.3962634,0.0,0.0,0.0,-4.63476535,-0.20103138,-10.68198875,1.19964018,-4.26560464,32.07170313,0.0,53.39141203,10.67559664,3.77702762,-1.74219226,-14.35628252,16.4570314,0.0,41.78435698,0.69200563,0.68085595
1760624587.453,0.19856968,-0.35315286,2.90282431,-0.01060674,0.94157694,0.00574565,80.0,-7.0,0.0,80.0,1.3962634,0.0,0.0,0.0,80.0,-7.0,0.0,80.0,1.3962634,0.0,0.0,0.0,-4.46437001,-0.18529712,-10.68496148,1.10126323,-4.36763213,32.2136274,0.0,53.52410223,10.99171202,3.61316215,-1.83010066,-14.27205214,16.49730809,0.0,41.75799345,0.70662565,0.71166738
1760624587.486,0.20339312,-0.35344848,2.92302899,-0.01087826,0.94147052,0.00607053,80.0,-7.0,0.0,80.0,1.3962634,0.0,0.0,0.0,80.0,-7.0,0.0,80.0,1.3962634,0.0,0.0,0.0,-4.42260425,-0.19942609,-10.65085636,1.04114006,-4.3623452,32.23801348,0.0,53.50976079,11.23494594,3.56676171,-1.809108,-14.24204544,16.47353543,0.0,41.7239998,0.69520047,0.72609595
1760624587.52,0.21565394,-0.35808126,2.93205659,-0.01084604,0.94150513,0.00613711,80.0,-7.0,0.0,80.0,1.3962634,0.0,0.0,0.0,80.0,-7.0,0.0,80.0,1.3962634,0.0,0.0,0.0,-4.39498738,-0.19749709,-10.58193723,0.9913438,-4.36618626,32.33306813,0.0,53.3378539,11.44118776,3.62484023,-1.76982122,-14.22371869,16.48237024,0.0,41.71691078,0.71144393,0.73572205
1760624587.553,0.21229306,-0.36720218,2.95987242,-0.01052862,0.94109535,0.00568694,80.0,-7.0,0.0,80.0,1.3962634,0.0,0.0,0.0,80.0,-7.0,0.0,80.0,1.3962634,0.0,0.0,0.0,-3.54574024,-0.16197658,-10.22136377,0.0373923,-4.58820959,31.97093176,0.0,53.30030415,11.47978736,3.67598275,-2.4586631,-14.0323912,16.69339066,0.0,41.86651582,0.71323264,0.73889983
1760624587.587,0.23054516,-0.36331569,2.94871472,-0.01117153,0.94135196,0.00565169,80.0,-7.0,0.0,80.0,1.3962634,0.0,0.0,0.0,80.0,-7.0,0.0,80.0,1.3962634,0.0,0.0,0.0,-3.7126074,-0.23396287,-10.15911322,0.12145689,-4.5690815,31.91267257,0.0,53.43442681,11.41177909,3.66035604,-2.29752969,-14.10425017,16.77802578,0.0,41.84235652,0.71046929,0.75624463
1760624587.62,0.24899374,-0.36892085,2.9471238,-0.01071671,0.94169968,0.00541926,80.0,-7.0,0.0,80.0,1.3962634,0.0,0.0,0.0,80.0,-7.0,0.0,80.0,1.3962634,0.0,0.0,0.0,-3.7229087,-0.25854332,-10.2268224,0.07919468,-4.63040853,31.77929813,0.0,53.72690459,11.34495901,3.69396417,-2.34114886,-14.11698904,16.7745722,0.0,41.82948723,0.69500641,0.77076041
1760624587.654,0.24851976,-0.38106353,2.95846756,-0.00942769,0.94179173,0.00522809,80.0,-7.0,0.0,80.0,1.3962634,0.0,0.0,0.0,80.0,-7.0,0.0,80.0,1.3962634,0.0,0.0,0.0,-3.4804447,-0.25845837,-10.10193205,-0.21576752,-4.73430284,31.3889883,0.0,53.89870247,11.31709372,3.70510396,-2.54067937,-14.06520696,16.93835244,0.0,41.88092353,0.68514033,0.7754307
1760624587.687,0.268881,-0.37923809,2.95326803,-0.00959817,0.94219046,0.00604161,80.0,-7.0,0.0,80.0,1.3962634,0.0,0.0,0.0,80.0,-7.0,0.0,80.0,1.3962634,0.0,0.0,0.0,-4.17769124,-0.3327448,-10.71482017,0.47003721,-4.57638799,31.92059974,0.0,53.86157279,11.33212028,3.70610328,-1.99453001,-14.23083733,16.73183461,0.0,41.53965307,0.66099718,0.86663054
1760624587.721,0.2641849,-0.38647156,2.95905735,-0.0099264,0.94191065,0.00610468,80.0,-7.0,0.0,80.0,1.3962634,0.0,0.0,0.0,80.0,-7.0,0.0,80.0,1.3962634,0.0,0.0,0.0,-4.58937101,-0.28244596,-11.47516042,0.92284419,-4.57371644,32.55023841,0.0,53.90054573,11.32533003,3.70946794,-1.75416687,-14.20399509,16.47064447,0.0,41.06819892,0.64989322,0.8990232
1760624587.754,0.25909614,-0.3908643,2.942201,-0.01009931,0.9422607,0.00646208,80.0,-7.0,0.0,80.0,1.3962634,0.0,0.0,0.0,80.0,-7.0,0.0,80.0,1.3962634,0.0,0.0,0.0,-5.00288663,-0.41089483,-11.68692526,1.29989096,-4.40337536,32.6275696,0.0,54.00128702,11.35963044,3.7430067,-1.39814582,-14.37835441,16.41753597,0.0,40.93991667,0.6371691,0.91732224
1760624587.787,0.25528598,-0.40146907,2.9412328,-0.00957799,0.94184648,0.00626334,80.0,-7.0,0.0,80.0,1.3962634,0.0,0.0,0.0,80.0,-7.0,0.0,80.0,1.3962634,0.0,0.0,0.0,-5.0515427,-0.42713701,-11.78439177,1.31641111,-4.42248636,32.57697181,0.0,54.16409721,11.40495967,3.82095502,-1.36133889,-14.39060693,16.38966935,0.0,40.90009432,0.64358222,0.94152781
1760624587.821,0.25689121,-0.4051201,2.92019611,-0.00867116,0.94214057,0.00611682,80.0,-7.0,0.0,80.0,1.3962634,0.0,0.0,0.0,80.0,-7.0,0.0,80.0,1.3962634,0.0,0.0,0.0,-5.37302881,-0.46188133,-12.02086787,1.60819206,-4.3594311,32.64429708,0.0,54.4397538,11.42621137,4.0868013,-1.09386804,-14.46456384,16.28203718,0.0,40.74412103,0.6439694,0.96961867
1760624587.854,0.24737557,-0.40756453,2.9098153,-0.00700702,0.94243966,0.00605613,80.0,-7.0,0.0,80.0,1.3962634,0.0,0.0,0.0,80.0,-7.0,0.0,80.0,1.3962634,0.0,0.0,0.0,-5.40577508,-0.47511025,-12.10570719,1.58505757,-4.41474503,32.57821357,0.0,54.78376618,11.40965805,4.41163487,-1.05293268,-14.49950909,16.25915824,0.0,40.7141308,0.64433262,0.96734912
1760624587.888,0.24797324,-0.40445102,2.89971778,-0.00696983,0.94246919,0.00593598,80.0,-7.0,0.0,80.0,1.3962634,0.0,0.0,0.0,80.0,-7.0,0.0,80.0,1.3962634,0.0,0.0,0.0,-5.63920726,-0.44017736,-12.04798532,1.77723729,-4.45922481,32.47560282,0.0,54.77689155,11.45017698,4.51638506,-0.80597678,-14.52499285,16.29977942,0.0,40.73460869,0.65274779,0.97179953
1760624587.921,0.25389786,-0.39828286,2.91197177,-0.00685359,0.94217952,0.00573635,80.0,-7.0,0.0,80.0,1.3962634,0.0,0.0,0.0,80.0,-7.0,0.0,80.0,1.3962634,0.0,0.0,0.0,-5.68947088,-0.44068738,-12.07770568,1.76853598,-4.51601412,32.41781708,0.0,54.78789938,11.45710257,4.5274884,-0.75420451,-14.53385857,16.28066879,0.0,40.71298195,0.66105114,0.97712254
1760624587.955,0.27303442,-0.40450969,2.92234666,-0.00921444,0.94188935,0.00537613,80.0,-7.0,0.0,80.0,1.3962634,0.0,0.0,0.0,80.0,-7.0,0.0,80.0,1.3962634,0.0,0.0,0.0,-6.02098302,-0.26686211,-11.98845241,2.05942155,-4.71224529,32.23734208,0.0,54.86368975,11.46198635,4.54609691,-0.35476869,-14.42591429,16.32401042,0.0,40.74568451,0.64532131,0.96132389
1760624587.988,0.27260686,-0.39582923,2.94193936,-0.01030959,0.94182345,0.00542593,80.0,-7.0,0.0,80.0,1.3962634,0.0,0.0,0.0,80.0,-7.0,0.0,80.0,1.3962634,0.0,0.0,0.0,-6.23780726,-0.2256803,-12.02256869,2.25334029,-4.77955224,32.22406472,0.0,54.83477437,11.44334844,4.54047183,-0.11679458,-14.41584899,16.33702287,0.0,40.74485144,0.64514432,0.96744596
1760624588.021,0.27549913,-0.38613096,2.94834753,-0.01054606,0.94195494,0.00550867,80.0,-7.0,0.0,80.0,1.3962634,0.0,0.0,0.0,80.0,-7.0,0.0,80.0,1.3962634,0.0,0.0,0.0,-6.34620181,-0.17356221,-11.91341,2.36153831,-4.89489623,32.09165035,0.0,54.7363892,11.47110501,4.55619735,0.03941215,-14.35779891,16.40666902,0.0,40.81087879,0.63519231,0.96562347
1760624588.055,0.26696469,-0.37112184,2.94663346,-0.00997806,0.94213032,0.00593908,80.0,-7.0,0.0,80.0,1.3962634,0.0,0.0,0.0,80.0,-7.0,0.0,80.0,1.3962634,0.0,0.0,0.0,-6.38376134,-0.14009811,-11.73818424,2.41271772,-5.02275296,31.91655779,0.0,54.6385819,11.45045455,4.54933194,0.1529078,-14.27888426,16.48758234,0.0,40.91658035,0.62036296,0.97358777
1760624588.088,0.25710906,-0.35310473,2.94253825,-0.00914055,0.94228556,0.0065408,80.0,-7.0,0.0,80.0,1.3962634,0.0,0.0,0.0,80.0,-7.0,0.0,80.0,1.3962634,0.0,0.0,0.0,-6.3876741,-0.18036486,-11.71376383,2.43069305,-5.05483956,31.93909224,0.0,54.57916689,11.42982646,4.54366532,0.15648867,-14.26764485,16.50004787,0.0,40.93207971,0.62197859,0.99040746
1760624588.122,0.25234216,-0.34880195,2.93554828,-0.00970857,0.94287938,0.00665797,80.0,-7.0,0.0,80.0,1.3962634,0.0,0.0,0.0,80.0,-7.0,0.0,80.0,1.3962634,0.0,0.0,0.0,-6.56607766,-0.1248755,-11.72033375,2.65891934,-5.1122026,32.09889314,0.0,54.42867003,11.42803793,4.52640326,0.36506944,-14.19744968,16.48510448,0.0,40.94038323,0.6065814,1.02230591
1760624588.155,0.24059801,-0.34355993,2.94574181,-0.0101048,0.94310397,0.00651361,80.0,-7.0,0.0,80.0,1.3962634,0.0,0.0,0.0,80.0,-7.0,0.0,80.0,1.3962634,0.0,0.0,0.0,-6.73521465,-0.04905389,-11.70404206,2.90673819,-5.194819,32.1911958,0.0,54.30706364,11.43832609,4.49711907,0.5224492,-14.08557754,16.47171035,0.0,40.96472626,0.58989424,1.02639323
1760624588.189,0.22752807,-0.34551659,2.9604584,-0.01112189,0.94322217,0.00600409,80.0,-7.0,0.0,80.0,1.3962634,0.0,0.0,0.0,80.0,-7.0,0.0,80.0,1.3962634,0.0,0.0,0.0,-7.0170783,0.0977438,-11.57956777,3.26077699,-5.29180472,32.10265908,0.0,54.30332744,11.43296535,4.46880994,0.72335787,-14.06475326,16.60462866,0.0,41.11831009,0.57235523,1.00393066
1760624588.222,0.22185003,-0.35281533,2.96437948,-0.01131249,0.94330581,0.00585741,80.0,-7.0,0.0,80.0,1.3962634,0.0,0.0,0.0,80.0,-7.0,0.0,80.0,1.3962634,0.0,0.0,0.0,-7.50286074,0.24922841,-11.55978175,3.80520997,-5.33923692,32.16788399,0.0,54.3314811,11.47161128,4.44320079,0.98513891,-14.17881975,16.70019894,0.0,41.18124393,0.55423575,0.98727722
1760624588.256,0.19273752,-0.36291708,2.98769524,-0.00980191,0.94343622,0.00607353,80.0,-7.0,0.0,80.0,1.3962634,0.0,0.0,0.0,80.0,-7.0,0.0,80.0,1.3962634,0.0,0.0,0.0,-7.30563139,0.32460965,-11.64168679,3.66443542,-5.43448952,32.45845765,0.0,54.31529533,11.51458147,4.43764605,0.3686491,-14.42053599,16.73114384,0.0,41.12166376,0.53913387,0.89196358
1760624588.289,0.16205978,-0.36723807,3.01418863,-0.00795177,0.94280395,0.00629969,80.0,-7.0,0.0,80.0,1.3962634,0.0,0.0,0.0,80.0,-7.0,0.0,80.0,1.3962634,0.0,0.0,0.0,-7.08840708,0.3484083,-11.81441693,3.52110652,-5.48329137,32.68697621,0.0,54.33668453,11.53227107,4.41778816,-0.08478249,-14.74162921,16.66299113,0.0,40.9272636,0.63834774,0.87649254
1760624588.323,0.1287826,-0.37514036,3.03584095,-0.0061939,0.94223741,0.0066584,80.0,-7.0,0.0,80.0,1.3962634,0.0,0.0,0.0,80.0,-7.0,0.0,80.0,1.3962634,0.0,0.0,0.0,-6.90081639,0.38427713,-11.92251807,3.45556658,-5.5082512,32.64067382,0.0,54.46705716,11.49466302,4.37799736,-0.39801459,-15.3144438,16.45028568,0.0,40.48305559,0.8507405,0.79296581
1760624588.356,0.08816574,-0.37137783,3.04224341,-0.00568542,0.94159497,0.0070697,80.0,-7.0,0.0,80.0,1.3962634,0.0,0.0,0.0,80.0,-7.0,0.0,80.0,1.3962634,0.0,0.0,0.0,-7.03104925,0.45966259,-11.92027211,3.7159005,-5.53369227,32.46367734,0.0,54.64482431,11.468848,4.35196571,-0.31950615,-16.07321634,16.32697454,0.0,40.08049241,1.12719059,0.63742335
1760624588.39,0.07408268,-0.36875474,3.0579191,-0.00612168,0.94104708,0.00771364,80.0,-7.0,0.0,80.0,1.3962634,0.0,0.0,0.0,80.0,-7.0,0.0,80.0,1.3962634,0.0,0.0,0.0,-6.8451754,0.51119146,-11.54942444,3.56134307,-5.61899386,31.95475634,0.0,54.75597556,11.44582426,4.33136426,-0.74302476,-16.88164209,23.05810271,0.0,33.30694533,1.38182176,0.32817681
1760624588.423,0.05963515,-0.35148479,3.08770464,-0.00691716,0.94066885,0.0087969,80.0,-7.0,0.0,80.0,1.3962634,0.0,0.0,0.0,80.0,-7.0,0.0,80.0,1.3962634,0.0,0.0,0.0,-6.41299333,0.52581439,-11.45178422,3.14195405,-5.70901043,31.921935,0.0,54.71106955,11.40031511,4.3322394,-1.71865054,-18.6612468,27.16655606,0.0,28.28428033,1.82826716,-0.11250328
1760624588.456,0.07247241,-0.32511183,3.12841358,-0.01237114,0.94079584,0.01020893,80.0,-7.0,0.0,80.0,1.3962634,0.0,0.0,0.0,80.0,-7.0,0.0,80.0,1.3962634,0.0,0.0,0.0,-5.20867379,0.39993187,-10.88494393,1.81578545,-5.860055,31.35892284,0.0,54.70201824,11.35329651,4.33598005,-3.31888858,-20.55465473,27.08550218,0.0,27.95759178,2.2690213,-0.55629198
1760624588.49,0.0759067,-0.29633665,3.15251918,-0.01522438,0.94003513,0.01144944,80.0,-7.0,0.0,80.0,1.3962634,0.0,0.0,0.0,80.0,-7.0,0.0,80.0,1.3962634,0.0,0.0,0.0,-4.41113557,0.32285615,-10.88797669,0.99216472,-5.95796658,31.32736036,0.0,54.69557812,11.30701908,4.33144971,-4.92304623,-22.52424399,31.32998733,0.0,22.48413816,2.68057167,-1.12528245
1760624588.523,0.05977449,-0.27114398,3.15728158,-0.01626436,0.93867632,0.01278121,80.0,-7.0,0.0,80.0,1.3962634,0.0,0.0,0.0,80.0,-7.0,0.0,80.0,1.3962634,0.0,0.0,0.0,-4.26158824,0.36352325,-10.77306204,0.89963716,-6.05473195,31.18144064,0.0,54.71241225,11.31936745,4.30917831,-6.28889669,-25.7116441,36.16881412,0.0,16.02205929,3.17715504,-2.05046536
1760624588.557,0.04707181,-0.249831,3.15122303,-0.01627079,0.938335,0.0132426,80.0,-7.0,0.0,80.0,1.3962634,0.0,0.0,0.0,80.0,-7.0,0.0,80.0,1.3962634,0.0,0.0,0.0,-4.53909189,0.43867493,-10.76097069,1.23015194,-6.10416764,31.18772682,0.0,54.7109284,11.31515392,4.30991064,-7.02525781,-28.59017089,35.48110197,0.0,15.04697903,3.67548617,-2.67300135
1760624588.59,0.02239644,-0.22347005,3.13023578,-0.01425143,0.93970674,0.01334803,80.0,-7.0,0.0,80.0,1.3962634,0.0,0.0,0.0,80.0,-7.0,0.0,80.0,1.3962634,0.0,0.0,0.0,-4.50977747,0.47099852,-10.43596011,1.21174094,-6.17630333,30.91336803,0.0,54.63880567,11.29562146,4.29939595,-8.02181237,-31.59167612,34.58110377,0.0,14.00419847,4.35218231,-3.13665232
1760624588.624,0.00779301,-0.19375905,3.11238509,-0.01297891,0.93998641,0.01421565,80.0,-7.0,0.0,80.0,1.3962634,0.0,0.0,0.0,80.0,-7.0,0.0,80.0,1.3962634,0.0,0.0,0.0,-4.49406073,0.45833309,-10.40873366,1.21485162,-6.19634176,30.87239858,0.0,54.57778762,11.26485754,4.29387658,-9.74906987,-35.57391426,33.06070378,0.0,11.84104627,5.27058917,-3.78055515
1760624588.657,-0.00034213,-0.17815034,3.09658949,-0.01208997,0.93990966,0.01456851,80.0,-7.0,0.0,80.0,1.3962634,0.0,0.0,0.0,80.0,-7.0,0.0,80.0,1.3962634,0.0,0.0,0.0,-4.85431074,0.35135752,-9.94861102,1.53204855,-6.0584681,30.27846251,0.0,54.66356671,11.25319459,4.29495632,-10.39464871,-38.94339636,31.88590614,0.0,10.5066147,6.09933448,-4.08002323
1760624588.691,-0.0085323,-0.16352779,3.10250678,-0.01050645,0.94003712,0.01605423,80.0,-7.0,0.0,80.0,1.3962634,0.0,0.0,0.0,80.0,-7.0,0.0,80.0,1.3962634,0.0,0.0,0.0,-4.378632,0.06888305,-9.04487904,0.89875101,-5.88751165,29.21873567,0.0,54.73464919,11.23869291,4.29116968,-11.63586364,-42.56297905,30.85223697,0.0,9.53664478,7.11107479,-4.24103739
1760624588.724,-0.01797424,-0.14506333,3.11673722,-0.00879272,0.94031437,0.0171573,80.0,-7.0,0.0,80.0,1.3962634,0.0,0.0,0.0,80.0,-7.0,0.0,80.0,1.3962634,0.0,0.0,0.0,-2.96130621,0.02082001,-7.43954405,-0.73769875,-6.01281772,27.50528362,0.0,54.71543114,11.21971191,4.28707059,-13.28262462,-47.18818876,30.00973211,0.0,8.64886299,8.47015974,-4.33740024
1760624588.758,-0.01344595,-0.13161743,3.14152218,-0.01109802,0.94087118,0.017324,80.0,-7.0,0.0,80.0,1.3962634,0.0,0.0,0.0,80.0,-7.0,0.0,80.0,1.3962634,0.0,0.0,0.0,-1.42892689,0.06804996,-5.73034184,-2.54455198,-6.17211696,25.76660734,0.0,54.730004,11.22294967,4.29707922,-14.28755044,-50.74466256,29.99347807,0.0,8.02582579,9.58705886,-4.43415245
1760624588.791,-0.02150178,-0.1130583,3.16817761,-0.01114804,0.94214494,0.01648791,80.0,-7.0,0.0,80.0,1.3962634,0.0,0.0,0.0,80.0,-7.0,0.0,80.0,1.3962634,0.0,0.0,0.0,0.24776964,0.37502451,-4.80475765,-4.38420877,-6.5694364,24.77387483,0.0,54.80596154,11.23642818,4.28344119,-15.88391012,-53.99559593,29.35166471,0.0,7.04863859,10.60675474,-4.49927374
1760624588.824,-0.01632188,-0.10217054,3.21571106,-0.01123288,0.94327656,0.01545812,80.0,-7.0,0.0,80.0,1.3962634,0.0,0.0,0.0,80.0,-7.0,0.0,80.0,1.3962634,0.0,0.0,0.0,1.23387073,0.69921232,-4.58177557,-5.44755654,-6.91684172,24.62030694,0.0,54.7474395,11.24606606,4.28010495,-18.54241775,-58.25581449,27.62465697,0.0,4.69886771,11.73564126,-4.68035936
1760624588.858,-0.01691905,-0.09575057,3.23140952,-0.0104348,0.94430052,0.01462926,80.0,-7.0,0.0,80.0,1.3962634,0.0,0.0,0.0,80.0,-7.0,0.0,80.0,1.3962634,0.0,0.0,0.0,0.28163948,1.09335468,-6.64603037,-4.19311583,-7.35171179,26.68196853,0.0,54.71963147,11.24739526,4.2582818,-22.64841839,-60.5349249,24.11751753,0.0,1.11707578,12.28768804,-4.6480068
1760624588.891,-0.02939457,-0.09612469,3.23574206,-0.00998423,0.94527612,0.0131661,80.0,-7.0,0.0,80.0,1.3962634,0.0,0.0,0.0,80.0,-7.0,0.0,80.0,1.3962634,0.0,0.0,0.0,0.5825718,1.33310451,-6.06954077,-4.51487457,-7.5575056,25.96761532,0.0,54.79787264,11.23130656,4.24753874,-24.36822613,-64.04112309,17.98285149,0.0,4.35537291,13.07311707,-4.56024314
1760624588.925,-0.02824278,-0.10339639,3.22023203,-0.00996607,0.94621558,0.0124265,80.0,-7.0,0.0,80.0,1.3962634,0.0,0.0,0.0,80.0,-7.0,0.0,80.0,1.3962634,0.0,0.0,0.0,1.36285849,1.73324854,-5.20719072,-5.40878875,-7.89865218,24.99711913,0.0,54.80343325,11.20762699,4.24680747,-27.18318286,-67.93716402,15.72994462,0.0,2.1317302,14.06411943,-4.45587786
1760624588.958,-0.011465,-0.12145078,3.18905974,-0.01190375,0.94854117,0.01044142,80.0,-7.0,0.0,80.0,1.3962634,0.0,0.0,0.0,80.0,-7.0,0.0,80.0,1.3962634,0.0,0.0,0.0,2.3529406,2.51375637,-2.91387188,-6.74381587,-8.43373859,22.65229806,0.0,54.7297439,11.22544822,4.23113253,-25.84288424,-71.56192426,10.43950734,0.0,8.6153777,14.84089245,-4.54137105
1760624588.992,0.01113898,-0.14400375,3.16493004,-0.01450177,0.95058499,0.0081908,80.0,-7.0,0.0,80.0,1.3962634,0.0,0.0,0.0,80.0,-7.0,0.0,80.0,1.3962634,0.0,0.0,0.0,2.29034943,2.88688139,-1.73457382,-6.88667751,-8.60692462,21.47372756,0.0,54.69890339,11.25171549,4.22357598,-26.59100223,-75.02448326,0.82995733,0.0,16.23463983,15.47188772,-4.53410424
1760624589.025,0.03270382,-0.17521725,3.14617363,-0.01531419,0.95159032,0.00679584,80.0,-7.0,0.0,80.0,1.3962634,0.0,0.0,0.0,80.0,-7.0,0.0,80.0,1.3962634,0.0,0.0,0.0,2.09319334,3.07325692,-2.15546519,-6.6794862,-8.7488774,21.88752195,0.0,54.68806902,11.2689791,4.20707265,-33.66323941,-77.59317096,-3.64430196,0.0,11.02911271,16.07405056,-4.17070867
1760624589.059,0.05668494,-0.19999444,3.13577159,-0.01528557,0.95304563,0.00540303,80.0,-7.0,0.0,80.0,1.3962634,0.0,0.0,0.0,80.0,-7.0,0.0,80.0,1.3962634,0.0,0.0,0.0,2.30054991,3.50545807,-2.69208351,-6.88462469,-9.18866146,22.37896587,0.0,54.70570376,11.28600326,4.19760933,-41.17778598,-79.38130674,-20.38620302,0.0,18.62513433,16.57757891,-3.84197073
1760624589.092,0.07804118,-0.23942475,3.13343503,-0.01409512,0.95370034,0.00208328,80.0,-7.0,0.0,80.0,1.3962634,0.0,0.0,0.0,80.0,-7.0,0.0,80.0,1.3962634,0.0,0.0,0.0,2.35304691,4.11237135,-1.71665833,-7.13989209,-9.59961701,21.39158543,0.0,54.66954222,11.29739732,4.19471963,-41.27101748,-81.29339646,-21.14579189,0.0,17.84568075,16.91391663,-3.52006544
1760624589.125,0.08286725,-0.26905694,3.18020193,-0.01257489,0.95349782,0.00091257,80.0,-7.0,0.0,80.0,1.3962634,0.0,0.0,0.0,80.0,-7.0,0.0,80.0,1.3962634,0.0,0.0,0.0,3.01762851,4.17790468,-2.17174183,-7.78885549,-9.67899616,21.73292811,0.0,54.64103179,11.3062716,4.19760092,-54.84393733,-83.03729627,-42.43872536,0.0,24.19596594,17.42613195,-3.04609477
1760624589.159,0.06982137,-0.29648769,3.1939908,-0.01118576,0.95366168,-0.00185762,80.0,-7.0,0.0,80.0,1.3962634,0.0,0.0,0.0,80.0,-7.0,0.0,80.0,1.3962634,0.0,0.0,0.0,3.18493609,4.72409594,-1.60667314,-8.05323849,-10.10407838,21.00850836,0.0,54.61530934,11.3007101,4.1904871,-54.81672967,-84.26612773,-42.95948832,0.0,23.52198757,17.62265772,-2.68514056
1760624589.192,0.06467746,-0.30556269,3.21654503,-0.01101362,0.95487735,-0.00164552,80.0,-7.0,0.0,80.0,1.3962634,0.0,0.0,0.0,80.0,-7.0,0.0,80.0,1.3962634,0.0,0.0,0.0,3.71467049,4.72359264,-2.11917838,-8.51951472,-10.15462162,21.41920233,0.0,54.56526805,11.27826275,4.19819234,-67.931539,-84.83195796,-60.02859311,0.0,27.04667856,17.88171408,-2.41965506
1760624589.226,0.07002865,-0.31590053,3.22808654,-0.01189144,0.95632316,-0.00141707,80.0,-7.0,0.0,80.0,1.3962634,0.0,0.0,0.0,80.0,-7.0,0.0,80.0,1.3962634,0.0,0.0,0.0,3.95414106,5.04445023,-1.36415709,-8.92489543,-10.34923453,20.55135648,0.0,54.5447634,11.31269623,4.20908632,-67.93383149,-86.34141481,-60.52279381,0.0,26.8098284,18.05774896,-2.07461513
1760624589.259,0.05867248,-0.32223823,3.22508479,-0.01255387,0.95746252,-0.0012689,80.0,-7.0,0.0,80.0,1.3962634,0.0,0.0,0.0,80.0,-7.0,0.0,80.0,1.3962634,0.0,0.0,0.0,4.0254718,5.2335988,-1.21347043,-9.0366138,-10.51964135,20.37370682,0.0,54.4949164,11.35196745,4.21815066,-67.94675774,-86.99964663,-60.83712085,0.0,26.73157723,18.158423,-1.79540945
1760624589.293,0.0246235,-0.3374103,3.2193809,-0.01381157,0.95842549,-0.00162001,80.0,-7.0,0.0,80.0,1.3962634,0.0,0.0,0.0,80.0,-7.0,0.0,80.0,1.3962634,0.0,0.0,0.0,4.12802151,5.47587961,-0.89721394,-9.1740127,-10.75296114,19.95507126,0.0,54.50091237,11.35529935,4.24053154,-66.92126436,-87.94212049,-65.4451967,0.0,31.96286452,18.25029323,-1.52734165
1760624589.326,0.00474084,-0.34869585,3.20581931,-0.01488333,0.95936324,-0.00194334,80.0,-7.0,0.0,80.0,1.3962634,0.0,0.0,0.0,80.0,-7.0,0.0,80.0,1.3962634,0.0,0.0,0.0,5.12142177,5.67649992,-0.93889854,-10.20716436,-11.0187066,19.7331465,0.0,54.56526914,11.35545232,4.27320604,-65.85554615,-88.42952643,-69.14457754,-0.0,37.31553805,18.3682076,-1.28426367
1760624589.36,-0.02208908,-0.3613478,3.19910254,-0.01569459,0.95972871,-0.00207863,80.0,-7.0,0.0,80.0,1.3962634,0.0,0.0,0.0,80.0,-7.0,0.0,80.0,1.3962634,0.0,0.0,0.0,4.8070646,5.57240611,-0.68718393,-9.85026019,-10.95372417,19.4100833,0.0,54.61269143,11.36863844,4.28580957,-64.21835567,-89.12918582,-71.62718298,0.0,40.91259399,18.48795846,-1.12359843
1760624589.393,-0.06626777,-0.37080467,3.17500114,-0.01677473,0.95986105,-0.00152817,80.0,-7.0,0.0,80.0,1.3962634,0.0,0.0,0.0,80.0,-7.0,0.0,80.0,1.3962634,0.0,0.0,0.0,3.81097593,5.33254632,-1.12906638,-8.6359577,-10.91712513,19.72943027,0.0,54.80478126,11.35187795,4.31550445,-63.71192282,-89.04898944,-72.13090129,0.0,40.53281674,18.79886703,-0.74878588
1760624589.427,-0.09603838,-0.38350084,3.16343696,-0.01584825,0.95977582,-0.00218857,80.0,-7.0,0.0,80.0,1.3962634,0.0,0.0,0.0,80.0,-7.0,0.0,80.0,1.3962634,0.0,0.0,0.0,3.59688341,5.2597794,-1.34010916,-8.31148736,-10.95510104,19.92663639,0.0,54.80552502,11.30865271,4.36166021,-61.12477239,-88.9003042,-74.05288962,0.0,44.08878967,19.1086626,-0.23018951
1760624589.493,-0.11157315,-0.38359911,3.07384192,-0.01469191,0.9614868,-0.00225077,80.0,-7.0,0.0,80.0,1.3962634,0.0,0.0,0.0,80.0,-7.0,0.0,80.0,1.3962634,0.0,0.0,0.0,3.04749405,5.15068636,-2.312426,-7.4039633,-11.17234321,21.02489221,0.0,54.50325812,11.22876109,4.40515549,-60.46876808,-87.32679024,-74.54086483,0.0,43.70917494,19.35121986,0.42292548
1760624589.527,-0.09957382,-0.37855739,3.01663609,-0.0145978,0.96168163,-0.00183365,80.0,-7.0,0.0,80.0,1.3962634,0.0,0.0,0.0,80.0,-7.0,0.0,80.0,1.3962634,0.0,0.0,0.0,2.68893748,4.98311589,-2.44038567,-6.93692471,-11.08811896,21.15225528,0.0,54.43507127,11.17875396,4.40045067,-60.38837941,-86.83112941,-74.54448894,0.0,43.63679193,19.25083161,0.32788765
1760624589.56,-0.09672741,-0.37334812,2.957876,-0.01437365,0.96199174,-0.00176833,80.0,-7.0,0.0,80.0,1.3962634,0.0,0.0,0.0,80.0,-7.0,0.0,80.0,1.3962634,0.0,0.0,0.0,2.35187479,4.9599199,-3.11987633,-6.40867397,-11.1671299,21.89526905,0.0,54.30920684,11.17188225,4.40633854,-60.32977022,-85.82744538,-74.42691466,0.0,43.45963637,19.09888411,0.17202793
1760624589.594,-0.08026917,-0.37018042,2.89085639,-0.01300412,0.96145571,-0.00087828,80.0,-7.0,0.0,80.0,1.3962634,0.0,0.0,0.0,80.0,-7.0,0.0,80.0,1.3962634,0.0,0.0,0.0,2.68816843,4.8182151,-3.10967859,-6.78375023,-11.03054753,22.00295234,0.0,54.15621699,11.14986341,4.39703374,-56.17068461,-85.30126129,-73.2457179,0.0,47.10337071,19.08272409,0.04256972
1760624589.627,-0.07234059,-0.36959731,2.86430845,-0.01086596,0.96147579,-0.0022742,80.0,-7.0,0.0,80.0,1.3962634,0.0,0.0,0.0,80.0,-7.0,0.0,80.0,1.3962634,0.0,0.0,0.0,2.82576707,5.03389854,-2.80251951,-7.03554878,-11.18809629,21.83745748,0.0,54.05283549,11.20077853,4.39908029,-44.18628285,-84.68207476,-58.69857734,0.0,45.01970162,19.02772599,0.00351705
1760624589.661,-0.0756375,-0.36260047,2.86994487,-0.00879085,0.96170211,-0.00286666,80.0,-7.0,0.0,80.0,1.3962634,0.0,0.0,0.0,80.0,-7.0,0.0,80.0,1.3962634,0.0,0.0,0.0,3.1469284,5.00220206,-2.91508597,-7.37786135,-11.13656953,22.05116046,0.0,54.00535742,11.25253599,4.39016549,-40.85728027,-83.83671469,-58.34807246,0.0,48.82147321,18.95234963,-0.10546368
1760624589.694,-0.07846225,-0.34154174,2.90315475,-0.00762036,0.96210143,-0.00317358,80.0,-7.0,0.0,80.0,1.3962634,0.0,0.0,0.0,80.0,-7.0,0.0,80.0,1.3962634,0.0,0.0,0.0,3.20090794,5.01654982,-3.25470149,-7.35429918,-11.15463678,22.45868187,0.0,53.88253856,11.31186728,4.36803593,-36.57858208,-82.28737045,-57.40511845,0.0,53.06201076,18.83508203,-0.11203314
1760624589.727,-0.0776044,-0.31848599,2.94693101,-0.00745166,0.96255207,-0.00325327,80.0,-7.0,0.0,80.0,1.3962634,0.0,0.0,0.0,80.0,-7.0,0.0,80.0,1.3962634,0.0,0.0,0.0,3.46588032,5.03959809,-3.52294556,-7.54333578,-11.19900654,22.59578654,0.0,53.84022138,11.32210171,4.35535735,-33.5319915,-80.85580061,-56.23916385,0.0,56.12831005,18.64201588,-0.27480611
1760624589.761,-0.08951538,-0.29826131,2.98478567,-0.00799146,0.96259374,-0.00197335,80.0,-7.0,0.0,80.0,1.3962634,0.0,0.0,0.0,80.0,-7.0,0.0,80.0,1.3962634,0.0,0.0,0.0,3.19612124,4.89420305,-4.42464566,-7.02289915,-11.13120779,23.45925923,0.0,53.83249841,11.35183626,4.35124763,-33.33074821,-78.94405908,-55.77121157,0.0,56.77996209,18.37784908,-0.54843588
1760624589.794,-0.1239327,-0.2739112,3.00232158,-0.00901451,0.96303411,-0.00089847,80.0,-7.0,0.0,80.0,1.3962634,0.0,0.0,0.0,80.0,-7.0,0.0,80.0,1.3962634,0.0,0.0,0.0,3.57272935,4.86123186,-4.08379253,-7.38957338,-11.07681903,23.05134291,0.0,53.80154937,11.38861918,4.34801622,-27.93523526,-77.0481697,-52.9419285,0.0,62.03826545,18.04438331,-0.78300006
1760624589.828,-0.12788566,-0.25448499,3.00903955,-0.00991726,0.96302985,-7.054e-05,80.0,-7.0,0.0,80.0,1.3962634,0.0,0.0,0.0,80.0,-7.0,0.0,80.0,1.3962634,0.0,0.0,0.0,3.73809864,4.65016764,-4.83313389,-7.39346696,-11.00409455,23.68778555,0.0,53.85871221,11.3774613,4.34397428,-27.73883324,-74.80521876,-52.32836892,0.0,62.75469336,17.80638092,-0.96571425
1760624589.861,-0.14819859,-0.25149418,3.02192581,-0.01013988,0.96313344,-0.00062033,80.0,-7.0,0.0,80.0,1.3962634,0.0,0.0,0.0,80.0,-7.0,0.0,80.0,1.3962634,0.0,0.0,0.0,4.25402356,4.68649196,-4.86300422,-7.91399857,-11.1161328,23.53725958,0.0,53.89626571,11.36151696,4.35968525,-25.37813528,-72.30055948,-50.77901768,0.0,64.4191115,17.42140617,-1.00440315
1760624589.895,-0.19969696,-0.26494027,3.00677691,-0.00964293,0.96277241,-0.00062895,80.0,-7.0,0.0,80.0,1.3962634,0.0,0.0,0.0,80.0,-7.0,0.0,80.0,1.3962634,0.0,0.0,0.0,4.40037222,4.59200432,-5.0914967,-7.95637268,-11.13087281,23.70825327,0.0,53.95757379,11.31730539,4.41851658,-25.0620854,-69.59088615,-48.79616689,0.0,66.95878123,16.59552102,-1.89685592
1760624589.928,-0.19439768,-0.27772502,3.00161069,-0.00881981,0.96231791,-0.00081564,80.0,-7.0,0.0,80.0,1.3962634,0.0,0.0,0.0,80.0,-7.0,0.0,80.0,1.3962634,0.0,0.0,0.0,4.45582045,4.45800842,-5.71153439,-7.86915232,-11.13713465,24.17005887,0.0,54.02801046,11.28765557,4.39257777,-25.0133239,-67.11161555,-47.86536178,0.0,68.12528805,16.12434054,-2.21751075
1760624589.962,-0.20985696,-0.28446719,3.02049095,-0.00888522,0.96075913,-0.00043201,80.0,-7.0,0.0,80.0,1.3962634,0.0,0.0,0.0,80.0,-7.0,0.0,80.0,1.3962634,0.0,0.0,0.0,3.89563306,4.14390241,-6.61480015,-7.11815145,-10.98460129,25.1079087,0.0,54.09077574,11.33244902,4.41873498,-24.43577944,-64.56534351,-47.22519418,0.0,68.88892244,15.5435727,-2.35992015
1760624589.995,-0.21873688,-0.3060942,3.05442168,-0.01039307,0.9599782,-0.00022125,80.0,-7.0,0.0,80.0,1.3962634,0.0,0.0,0.0,80.0,-7.0,0.0,80.0,1.3962634,0.0,0.0,0.0,3.61577375,4.00345039,-6.80340597,-6.7985183,-10.89769826,25.37102065,0.0,54.11295285,11.25700144,4.43947602,-22.25637076,-61.41637782,-45.08463365,0.0,71.1850394,14.56024761,-3.08146638
1760624590.029,-0.19169915,-0.32676486,3.09692775,-0.01100357,0.95944263,0.00066399,80.0,-7.0,0.0,80.0,1.3962634,0.0,0.0,0.0,80.0,-7.0,0.0,80.0,1.3962634,0.0,0.0,0.0,3.74625443,4.01396405,-6.72673903,-6.96692324,-10.9513659,25.4579326,0.0,54.06034117,11.24126929,4.49444496,-20.54484038,-58.72535818,-43.21274673,0.0,72.87763908,13.84156248,-3.24451503
1760624590.062,-0.17892249,-0.34961523,3.15456107,-0.0111129,0.95807756,0.00197901,80.0,-7.0,0.0,80.0,1.3962634,0.0,0.0,0.0,80.0,-7.0,0.0,80.0,1.3962634,0.0,0.0,0.0,3.53499142,3.90784017,-6.53103159,-6.74618001,-10.81608504,25.57071483,0.0,53.88939467,11.22140558,4.52893578,-18.29885231,-55.98322663,-34.52270292,0.0,68.56418078,13.02304691,-3.26733634
1760624590.096,-0.1464941,-0.35542963,3.18703557,-0.00773571,0.95667881,0.00397752,80.0,-7.0,0.0,80.0,1.3962634,0.0,0.0,0.0,80.0,-7.0,0.0,80.0,1.3962634,0.0,0.0,0.0,2.45519654,3.42827479,-7.0006284,-5.37819671,-10.3069794,26.36022399,0.0,53.77992672,11.23048774,4.48465188,-15.37506319,-52.02855074,-19.13891805,0.0,56.74268318,11.76742517,-3.13268497
1760624590.129,-0.13656939,-0.35841373,3.2137345,-0.00544905,0.95601613,0.00542548,80.0,-7.0,0.0,80.0,1.3962634,0.0,0.0,0.0,80.0,-7.0,0.0,80.0,1.3962634,0.0,0.0,0.0,1.38712016,3.03882309,-7.79865186,-3.979165,-9.86684181,27.51979749,0.0,53.62322188,11.28043364,4.46652283,-13.74295867,-49.12670366,-10.28403934,0.0,49.62450764,10.87206685,-2.80559945
1760624590.163,-0.08770098,-0.36167156,3.27233289,-0.00682602,0.95476686,0.00508034,80.0,-7.0,0.0,80.0,1.3962634,0.0,0.0,0.0,80.0,-7.0,0.0,80.0,1.3962634,0.0,0.0,0.0,1.1453871,2.57985595,-6.87988176,-3.78441567,-9.32253638,26.8584207,0.0,53.46103949,11.23841148,4.42566815,-11.67566456,-46.37489449,-8.31376723,0.0,52.50192899,10.02392568,-2.73698422
1760624590.196,-0.06262367,-0.35767972,3.3163556,-0.00747889,0.95346633,0.00537204,80.0,-7.0,0.0,80.0,1.3962634,0.0,0.0,0.0,80.0,-7.0,0.0,80.0,1.3962634,0.0,0.0,0.0,0.94976862,2.48018089,-6.82193481,-3.46346889,-9.18351745,27.05480678,0.0,53.28212449,11.28260742,4.37807375,-10.60444991,-43.74877269,-7.44807185,0.0,53.70853972,9.33039107,-2.52005154
1760624590.229,-0.06494259,-0.34828805,3.35630869,-0.00711599,0.95212316,0.00613608,80.0,-7.0,0.0,80.0,1.3962634,0.0,0.0,0.0,80.0,-7.0,0.0,80.0,1.3962634,0.0,0.0,0.0,1.17848525,2.19853153,-7.07805172,-3.58009856,-8.96093915,27.54662221,0.0,53.1307995,11.27670885,4.3489644,-10.34173843,-41.41885126,-6.54442996,0.0,54.77894258,8.69710508,-2.35795156
1760624590.263,-0.04987553,-0.32985667,3.36986715,-0.00702401,0.95146572,0.00657128,80.0,-7.0,0.0,80.0,1.3962634,0.0,0.0,0.0,80.0,-7.0,0.0,80.0,1.3962634,0.0,0.0,0.0,0.83983376,1.87578353,-6.67168143,-3.24137642,-8.57836682,27.30898112,0.0,53.05639654,11.20647516,4.30557552,-8.76932173,-38.62837179,-5.15434501,0.0,56.7818653,8.00835595,-2.03477916
1760624590.296,-0.04782877,-0.31966686,3.36169743,-0.00786449,0.95132188,0.00725483,80.0,-7.0,0.0,80.0,1.3962634,0.0,0.0,0.0,80.0,-7.0,0.0,80.0,1.3962634,0.0,0.0,0.0,0.20247154,1.67103725,-6.50263499,-2.57187876,-8.31207619,27.34445236,0.0,53.00421142,11.27901467,4.30922754,-7.5001785,-36.65553222,-4.61989974,0.0,58.31969199,7.57750328,-1.67214062
1760624590.33,-0.03874155,-0.31297308,3.31906048,-0.00776271,0.95052196,0.00782712,80.0,-7.0,0.0,80.0,1.3962634,0.0,0.0,0.0,80.0,-7.0,0.0,80.0,1.3962634,0.0,0.0,0.0,-0.7201783,1.38279808,-6.22820803,-1.66306264,-7.91573688,27.29731775,0.0,53.03829407,11.28263193,4.30420749,-5.99677452,-34.92121975,-4.00503921,0.0,59.68956269,7.11620995,-1.29287155
1760624590.363,-0.01408192,-0.30653575,3.26726464,-0.00737305,0.94930928,0.0073939,80.0,-7.0,0.0,80.0,1.3962634,0.0,0.0,0.0,80.0,-7.0,0.0,80.0,1.3962634,0.0,0.0,0.0,-1.8231001,1.13942509,-6.79826858,-0.47204879,-7.57779022,28.22912487,0.0,52.99946312,11.31351145,4.3036289,-4.50622581,-32.37931348,-3.55959884,0.0,60.34646904,6.66453664,-0.57186397
1760624590.396,-0.00168224,-0.30072904,3.23714287,-0.00643612,0.94813688,0.00709664,80.0,-7.0,0.0,80.0,1.3962634,0.0,0.0,0.0,80.0,-7.0,0.0,80.0,1.3962634,0.0,0.0,0.0,-1.90519558,1.13605905,-7.40626788,-0.29477859,-7.57589165,29.07068585,0.0,52.8593403,11.32266518,4.2931906,-4.22056491,-30.14044067,0.39304619,0.0,57.02261073,6.24248993,-0.08530023
1760624590.43,-0.00617193,-0.30061112,3.21063732,-0.00593771,0.94722307,0.00775981,80.0,-7.0,0.0,80.0,1.3962634,0.0,0.0,0.0,80.0,-7.0,0.0,80.0,1.3962634,0.0,0.0,0.0,-1.81053391,1.21179492,-7.84113252,-0.28888747,-7.68588247,29.54710898,0.0,52.96856376,11.29141105,4.29665869,-4.04436666,-27.91688169,6.63732502,0.0,51.77544823,5.76032776,0.29415813
1760624590.463,0.01461273,-0.29028617,3.16706867,-0.00586704,0.94653979,0.00809731,80.0,-7.0,0.0,80.0,1.3962634,0.0,0.0,0.0,80.0,-7.0,0.0,80.0,1.3962634,0.0,0.0,0.0,-1.69752106,1.28877348,-7.64437561,-0.39684511,-7.80907796,29.59733895,0.0,52.91860146,11.28731202,4.33250252,-3.43791837,-25.75221878,7.86514764,0.0,52.72633063,5.390607,0.84899946
1760624590.53,0.06959375,-0.26071312,3.1374885,-0.00772731,0.94484418,0.00841684,80.0,-7.0,0.0,80.0,1.3962634,0.0,0.0,0.0,80.0,-7.0,0.0,80.0,1.3962634,0.0,0.0,0.0,-2.67249916,1.31780969,-8.57929839,0.6866993,-7.81239699,30.74826872,0.0,52.88048128,11.33010159,4.29040513,-2.4319134,-23.16072859,12.83290891,0.0,49.00727157,4.977108,1.44101996
1760624590.564,0.10099096,-0.23773124,3.13873408,-0.00998992,0.944361,0.00831065,80.0,-7.0,0.0,80.0,1.3962634,0.0,0.0,0.0,80.0,-7.0,0.0,80.0,1.3962634,0.0,0.0,0.0,-3.11133093,1.41253369,-8.81238133,1.13222921,-7.92138635,31.29368493,0.0,52.79518396,11.36173944,4.27961599,-1.82039689,-21.70913661,13.10432074,0.0,49.20562979,4.72948589,1.79303984
1760624590.597,0.14075466,-0.22182474,3.15712242,-0.01053757,0.94345051,0.00857088,80.0,-7.0,0.0,80.0,1.3962634,0.0,0.0,0.0,80.0,-7.0,0.0,80.0,1.3962634,0.0,0.0,0.0,-3.30696211,1.39224606,-9.01955393,1.31276014,-7.91253496,31.62295305,0.0,52.71470115,11.32387378,4.26736823,-1.57962387,-20.90008317,13.3779536,0.0,49.33754346,4.54762204,1.99741041
1760624590.631,0.16026379,-0.20235098,3.16544663,-0.01175684,0.94357538,0.00854953,80.0,-7.0,0.0,80.0,1.3962634,0.0,0.0,0.0,80.0,-7.0,0.0,80.0,1.3962634,0.0,0.0,0.0,-3.10526478,1.43443928,-9.18868973,1.11381021,-8.03076682,31.83000123,0.0,52.65650334,11.30333251,4.27995342,-1.72743832,-20.19427976,13.70060532,0.0,49.49794301,4.33908654,2.03940084
1760624590.698,0.20318375,-0.14254762,3.18170015,-0.01374804,0.94390225,0.00956532,80.0,-7.0,0.0,80.0,1.3962634,0.0,0.0,0.0,80.0,-7.0,0.0,80.0,1.3962634,0.0,0.0,0.0,-3.09199653,1.1434274,-9.32956109,1.06444373,-7.83913106,32.20229898,0.0,52.50708914,11.30418522,4.30780542,-1.75819047,-19.01509026,21.59761751,0.0,42.55163686,4.02082453,2.17990028
1760624590.765,0.19994561,-0.10022752,3.18935406,-0.01472149,0.94461404,0.0097616,80.0,-7.0,0.0,80.0,1.3962634,0.0,0.0,0.0,80.0,-7.0,0.0,80.0,1.3962634,0.0,0.0,0.0,-3.51840705,1.13241874,-9.49186254,1.56448029,-7.7878952,32.43620784,0.0,52.51658483,11.32464571,4.27690741,-1.20392865,-18.58772955,22.00591644,0.0,42.89207075,3.87113114,2.21746123
1760624590.798,0.19306929,-0.08184746,3.20407969,-0.01531496,0.94472764,0.00987879,80.0,-7.0,0.0,80.0,1.3962634,0.0,0.0,0.0,80.0,-7.0,0.0,80.0,1.3962634,0.0,0.0,0.0,-4.30058923,1.07744026,-9.44917065,2.38530016,-7.6097712,32.38074931,0.0,52.55032707,11.33585368,4.27560202,-0.38970237,-18.68705267,22.19992303,0.0,42.94874157,3.81986899,2.22638205
1760624590.831,0.20913217,-0.05918445,3.21598246,-0.01763126,0.94548521,0.01029535,80.0,-7.0,0.0,80.0,1.3962634,0.0,0.0,0.0,80.0,-7.0,0.0,80.0,1.3962634,0.0,0.0,0.0,-4.71199495,1.11302716,-9.66767703,2.83632141,-7.57630674,32.56663519,0.0,52.62001942,11.33510914,4.2440699,-0.01981326,-18.6363744,22.15915884,0.0,42.79176463,3.79590077,2.26512929
1760624590.865,0.20210488,-0.04007022,3.23212968,-0.01933529,0.94576322,0.01082805,80.0,-7.0,0.0,80.0,1.3962634,0.0,0.0,0.0,80.0,-7.0,0.0,80.0,1.3962634,0.0,0.0,0.0,-4.843272,1.12668827,-9.83278918,2.98596165,-7.54674353,32.82516449,0.0,52.57788521,11.36644351,4.23859485,0.06478869,-18.56764458,22.08612999,0.0,42.57589552,3.72700005,2.23423259
1760624590.898,0.20321236,-0.02889385,3.24023669,-0.02000528,0.94560001,0.0109844,80.0,-7.0,0.0,80.0,1.3962634,0.0,0.0,0.0,80.0,-7.0,0.0,80.0,1.3962634,0.0,0.0,0.0,-5.02716035,1.15781576,-9.92034848,3.17639568,-7.53838179,33.00902648,0.0,52.55037018,11.38546592,4.23733702,0.20735083,-18.49381812,21.97563609,0.0,42.34324411,3.71866037,2.25522634
1760624590.932,0.20102057,-0.02617347,3.23601998,-0.0202651,0.94515883,0.0108171,80.0,-7.0,0.0,80.0,1.3962634,0.0,0.0,0.0,80.0,-7.0,0.0,80.0,1.3962634,0.0,0.0,0.0,-5.16946267,1.22823654,-10.01568852,3.34204291,-7.56675592,33.17557102,0.0,52.52815231,11.36685445,4.24887762,0.32880261,-18.26233457,21.58287331,0.0,41.78866992,3.743479,2.34926592
1760624590.965,0.18413849,-0.01982855,3.22503617,-0.02012955,0.94476824,0.01056793,80.0,-7.0,0.0,80.0,1.3962634,0.0,0.0,0.0,80.0,-7.0,0.0,80.0,1.3962634,0.0,0.0,0.0,-5.13963159,1.22112419,-9.96918798,3.32487816,-7.55028674,33.19431336,0.0,52.47530894,11.3807893,4.23759589,0.30685311,-17.99739579,21.07632274,0.0,41.09576169,3.72278135,2.32602266
1760624590.999,0.18340571,-0.01670252,3.21357394,-0.0193551,0.94441984,0.01051349,80.0,-7.0,0.0,80.0,1.3962634,0.0,0.0,0.0,80.0,-7.0,0.0,80.0,1.3962634,0.0,0.0,0.0,-5.28815426,1.20871549,-10.08006662,3.47858413,-7.49987447,33.37685552,0.0,52.47411385,11.41471698,4.2325453,0.37019526,-17.98261335,20.9088066,0.0,40.77146341,3.73237958,2.35671126
1760624591.032,0.18018604,-0.01562857,3.20410043,-0.01810382,0.94382882,0.01015252,80.0,-7.0,0.0,80.0,1.3962634,0.0,0.0,0.0,80.0,-7.0,0.0,80.0,1.3962634,0.0,0.0,0.0,-5.28791493,1.20406199,-9.98432495,3.45914871,-7.49520037,33.35913968,0.0,52.46774861,11.41453375,4.23305814,0.36560039,-17.93404739,20.8094034,0.0,40.66254452,3.75293315,2.39953186
1760624591.066,0.18037653,-0.01301889,3.20103483,-0.01779534,0.94347514,0.01009339,80.0,-7.0,0.0,80.0,1.3962634,0.0,0.0,0.0,80.0,-7.0,0.0,80.0,1.3962634,0.0,0.0,0.0,-5.29972119,1.21300201,-9.91842231,3.44160464,-7.495959,33.40152152,0.0,52.40130802,11.41955068,4.22567273,0.33174025,-17.87865129,20.78095825,0.0,40.62022626,3.73914039,2.41153511
1760624591.099,0.16787122,-0.0119106,3.21807096,-0.01726457,0.943198,0.01029988,80.0,-7.0,0.0,80.0,1.3962634,0.0,0.0,0.0,80.0,-7.0,0.0,80.0,1.3962634,0.0,0.0,0.0,-5.30685515,1.20932123,-9.8914835,3.4409088,-7.48624106,33.38760901,0.0,52.39264692,11.42356296,4.22223481,0.32238021,-17.85581109,20.74072873,0.0,40.57910753,3.73898082,2.42633184
1760624591.133,0.15533514,-0.00666569,3.19828628,-0.01694747,0.9432132,0.01038588,80.0,-7.0,0.0,80.0,1.3962634,0.0,0.0,0.0,80.0,-7.0,0.0,80.0,1.3962634,0.0,0.0,0.0,-5.30126879,1.19645612,-9.90529451,3.4475138,-7.48842225,33.36204892,0.0,52.47671611,11.43263301,4.21316462,0.28900885,-17.81405527,20.72229299,0.0,40.55340734,3.71210684,2.42588857
1760624591.166,0.13170689,-0.00349592,3.20929353,-0.01511041,0.9437549,0.01008844,80.0,-7.0,0.0,80.0,1.3962634,0.0,0.0,0.0,80.0,-7.0,0.0,80.0,1.3962634,0.0,0.0,0.0,-5.13433249,1.20317386,-9.95949937,3.28960565,-7.5162731,33.40483996,0.0,52.46916878,11.41739086,4.20622212,0.13354447,-17.77995018,20.84290208,0.0,40.584699,3.72562256,2.47127804
1760624591.199,0.12387557,0.00019345,3.20269415,-0.01433007,0.94389442,0.00956681,80.0,-7.0,0.0,80.0,1.3962634,0.0,0.0,0.0,80.0,-7.0,0.0,80.0,1.3962634,0.0,0.0,0.0,-5.13744075,1.20209387,-9.99629137,3.27770166,-7.52729304,33.47201526,0.0,52.47727245,11.41555802,4.20859929,0.15100743,-17.79360593,20.94082579,0.0,40.6738385,3.71356166,2.46957815
1760624591.233,0.10726657,0.01168654,3.21351325,-0.0140063,0.94410481,0.00925984,80.0,-7.0,0.0,80.0,1.3962634,0.0,0.0,0.0,80.0,-7.0,0.0,80.0,1.3962634,0.0,0.0,0.0,-5.14013003,1.20996182,-10.00574437,3.26924288,-7.55217361,33.46811014,0.0,52.51571624,11.4367341,4.20143504,0.16539237,-17.80787626,20.9544865,0.0,40.67471682,3.72939423,2.52857523
1760624591.266,0.08813291,0.01036346,3.22967739,-0.01416702,0.94440201,0.00900772,80.0,-7.0,0.0,80.0,1.3962634,0.0,0.0,0.0,80.0,-7.0,0.0,80.0,1.3962634,0.0,0.0,0.0,-5.47997404,1.28313694,-9.9860424,3.62005096,-7.56943488,33.42914152,0.0,52.52781042,11.44197049,4.20396013,0.5008054,-17.88244499,20.95380499,0.0,40.52279543,3.75891194,2.55576664
1760624591.3,0.05879209,0.01080757,3.25353198,-0.01408111,0.94449045,0.00946707,80.0,-7.0,0.0,80.0,1.3962634,0.0,0.0,0.0,80.0,-7.0,0.0,80.0,1.3962634,0.0,0.0,0.0,-5.57210194,1.27136146,-9.81652436,3.69677688,-7.54429811,33.19892229,0.0,52.52639206,11.42970687,4.20249975,0.51876163,-17.96322377,24.44965959,0.0,36.9734979,3.826554,2.57103179
1760624591.333,0.01316676,0.01287568,3.28474167,-0.01246469,0.94374998,0.01081702,80.0,-7.0,0.0,80.0,1.3962634,0.0,0.0,0.0,80.0,-7.0,0.0,80.0,1.3962634,0.0,0.0,0.0,-5.45023273,1.19956451,-9.75128439,3.57866647,-7.4802499,32.95257449,0.0,52.63537032,11.42993857,4.19028287,0.34892772,-18.60405368,24.35532934,0.0,36.79207258,3.97048935,2.53732971
1760624591.367,-0.01407954,0.01569428,3.29018196,-0.01100014,0.94361436,0.01196401,80.0,-7.0,0.0,80.0,1.3962634,0.0,0.0,0.0,80.0,-7.0,0.0,80.0,1.3962634,0.0,0.0,0.0,-5.29509246,1.17197473,-9.68523065,3.4227993,-7.44845671,32.81191559,0.0,52.67556632,11.42764116,4.18861411,0.25034814,-19.32033604,24.34334299,0.0,36.61594254,4.1845996,2.56353367
1760624591.4,-0.02451947,0.01954195,3.29207088,-0.01052363,0.94317369,0.01328653,80.0,-7.0,0.0,80.0,1.3962634,0.0,0.0,0.0,80.0,-7.0,0.0,80.0,1.3962634,0.0,0.0,0.0,-5.25636668,1.15630843,-9.71596055,3.39027601,-7.39329891,32.87116964,0.0,52.61814588,11.42928425,4.17280706,0.29800165,-20.3435379,24.36334474,0.0,36.36299088,4.44867541,2.52443947
1760624591.434,-0.04711152,0.03367993,3.31397464,-0.01207999,0.94275591,0.01447339,80.0,-7.0,0.0,80.0,1.3962634,0.0,0.0,0.0,80.0,-7.0,0.0,80.0,1.3962634,0.0,0.0,0.0,-5.23869161,1.15761809,-9.86743766,3.43835466,-7.32699384,32.98283445,0.0,52.64077799,11.43389742,4.13905007,0.14296022,-21.8255867,33.76366433,0.0,26.54830752,4.87129648,2.22433727
1760624591.467,-0.07086125,0.04629888,3.32557508,-0.01321851,0.94223875,0.01525501,80.0,-7.0,0.0,80.0,1.3962634,0.0,0.0,0.0,80.0,-7.0,0.0,80.0,1.3962634,0.0,0.0,0.0,-5.23328363,1.15837594,-9.95571146,3.50439566,-7.26481124,33.01086915,0.0,52.6366814,11.44147741,4.11671482,0.1871603,-23.72356691,33.74964857,0.0,26.27515273,5.19199884,1.79757583
1760624591.5,-0.08263382,0.05969881,3.3366244,-0.01396561,0.94174168,0.01571223,80.0,-7.0,0.0,80.0,1.3962634,0.0,0.0,0.0,80.0,-7.0,0.0,80.0,1.3962634,0.0,0.0,0.0,-5.12620571,1.12194368,-9.68857991,3.40448802,-7.23277427,32.70626745,0.0,52.64401723,11.47413865,4.10460403,-0.14851631,-25.77276333,41.39716747,0.0,18.5506307,5.54323714,1.18784176
1760624591.534,-0.09573655,0.08786562,3.35667709,-0.01462135,0.94084487,0.01700289,80.0,-7.0,0.0,80.0,1.3962634,0.0,0.0,0.0,80.0,-7.0,0.0,80.0,1.3962634,0.0,0.0,0.0,-4.88627882,1.05789777,-9.54490994,3.17562618,-7.22119497,32.59687303,0.0,52.55733516,11.50718747,4.10128234,-0.98182367,-29.36860962,48.49823863,0.0,11.38358243,5.89032388,-0.05186343
1760624591.567,-0.10899586,0.10500144,3.36916942,-0.01331852,0.9398927,0.01801727,80.0,-7.0,0.0,80.0,1.3962634,0.0,0.0,0.0,80.0,-7.0,0.0,80.0,1.3962634,0.0,0.0,0.0,-4.85010664,1.05577121,-9.39324582,3.14355164,-7.21915692,32.40505546,0.0,52.52314841,11.47310797,4.0600487,-1.28526753,-32.74737116,48.68562401,0.0,11.35030698,6.12624511,-1.23956254
1760624591.601,-0.13223852,0.11746911,3.35804297,-0.01058861,0.93969272,0.01902381,80.0,-7.0,0.0,80.0,1.3962634,0.0,0.0,0.0,80.0,-7.0,0.0,80.0,1.3962634,0.0,0.0,0.0,-3.50310835,1.09858212,-7.97054357,1.62218894,-7.49289978,30.9893282,0.0,52.49909921,11.42154423,4.07001654,-1.86337882,-36.3850419,50.14356495,0.0,12.04056764,6.39852023,-2.73367524
1760624591.634,-0.13854353,0.11609306,3.33182093,-0.00932675,0.93906077,0.02047585,80.0,-7.0,0.0,80.0,1.3962634,0.0,0.0,0.0,80.0,-7.0,0.0,80.0,1.3962634,0.0,0.0,0.0,-3.61070136,1.01918849,-8.094804,1.70233632,-7.32183216,31.11298612,0.0,52.48168818,11.31496751,4.09537635,-2.11048232,-41.57167712,50.2925725,0.0,11.82897307,6.7743282,-4.61829875
1760624591.668,-0.13192865,0.10348939,3.29756524,-0.00929489,0.93832572,0.02069723,80.0,-7.0,0.0,80.0,1.3962634,0.0,0.0,0.0,80.0,-7.0,0.0,80.0,1.3962634,0.0,0.0,0.0,-2.83146325,0.65357867,-6.49512145,0.64562496,-7.03943108,29.54222131,0.0,52.42450744,11.31063015,4.09081961,-1.75320384,-45.44939116,51.16973812,0.0,11.57599897,7.54501374,-5.50145214
1760624591.701,-0.11455362,0.08323312,3.28652455,-0.0136063,0.9385085,0.01993532,80.0,-7.0,0.0,80.0,1.3962634,0.0,0.0,0.0,80.0,-7.0,0.0,80.0,1.3962634,0.0,0.0,0.0,-2.56137896,0.6724081,-5.67478425,0.26889817,-7.03090769,28.72465428,0.0,52.37325463,11.32041471,4.08416414,-1.26119017,-48.87675426,50.98460244,0.0,10.61980501,8.53835776,-5.93694701
1760624591.735,-0.12242653,0.06565423,3.28218763,-0.01615825,0.94016014,0.01845948,80.0,-7.0,0.0,80.0,1.3962634,0.0,0.0,0.0,80.0,-7.0,0.0,80.0,1.3962634,0.0,0.0,0.0,-0.99598038,1.09366816,-4.1850793,-1.45260142,-7.48601662,27.14208957,0.0,52.39274737,11.29749126,4.05829093,-0.8701098,-53.05627409,51.76271493,0.0,9.32000939,9.76347023,-6.56292787
1760624591.768,-0.13077734,0.05660361,3.29796902,-0.01643681,0.94211986,0.01769156,80.0,-7.0,0.0,80.0,1.3962634,0.0,0.0,0.0,80.0,-7.0,0.0,80.0,1.3962634,0.0,0.0,0.0,0.90629509,1.40585906,-2.96124449,-3.50498628,-7.79748389,25.82819051,0.0,52.35369069,11.3124549,4.06899417,-1.2913904,-56.18612318,58.78522787,0.0,2.21740087,10.56547499,-7.13420936
1760624591.802,-0.15245984,0.05328017,3.3204717,-0.01469739,0.94335048,0.01776519,80.0,-7.0,0.0,80.0,1.3962634,0.0,0.0,0.0,80.0,-7.0,0.0,80.0,1.3962634,0.0,0.0,0.0,2.02798217,1.63239379,-3.02227004,-4.6051309,-8.03004008,25.77873407,0.0,52.335234,11.2958544,4.06681431,-2.24457351,-59.62426387,57.72349524,0.0,1.20828984,11.30013817,-7.5863307
1760624591.835,-0.20062687,0.03661649,3.35318771,-0.01121303,0.94321938,0.01863477,80.0,-7.0,0.0,80.0,1.3962634,0.0,0.0,0.0,80.0,-7.0,0.0,80.0,1.3962634,0.0,0.0,0.0,0.98967637,1.73921023,-5.56896762,-3.1234614,-8.17259643,28.22512714,0.0,52.36789624,11.27126121,4.04766573,-5.8111079,-64.25055025,50.46114897,0.0,0.04943605,12.11956639,-7.68632029
1760624591.868,-0.21159295,0.01955801,3.36474239,-0.01038296,0.94395716,0.01744909,80.0,-7.0,0.0,80.0,1.3962634,0.0,0.0,0.0,80.0,-7.0,0.0,80.0,1.3962634,0.0,0.0,0.0,1.15117416,1.87840607,-4.9277974,-3.37031059,-8.26470248,27.50390093,0.0,52.37900266,11.26805463,4.06462549,-5.47136069,-68.00788806,49.37409985,0.0,0.01239946,12.88966646,-7.83546404
1760624591.902,-0.19069974,0.00483789,3.36420682,-0.01055977,0.94584275,0.01633073,80.0,-7.0,0.0,80.0,1.3962634,0.0,0.0,0.0,80.0,-7.0,0.0,80.0,1.3962634,0.0,0.0,0.0,1.02812159,2.14113969,-4.41312238,-3.35542852,-8.4739273,26.95127482,0.0,52.38405632,11.28895747,4.06821892,-4.87267053,-71.57161133,47.9972959,0.0,0.0,13.57944538,-7.87820834
1760624591.935,-0.17419569,-0.02760668,3.36479307,-0.01296225,0.94763646,0.01318171,80.0,-7.0,0.0,80.0,1.3962634,0.0,0.0,0.0,80.0,-7.0,0.0,80.0,1.3962634,0.0,0.0,0.0,2.28364982,2.54536205,-1.69635996,-5.13792843,-8.7116959,24.24834402,0.0,52.30689943,11.29891373,4.08223693,1.3132474,-75.97316396,52.43650719,0.0,0.0,14.85557381,-7.94185558
1760624591.969,-0.15754421,-0.06591273,3.35129972,-0.01593901,0.9499459,0.00894209,80.0,-7.0,0.0,80.0,1.3962634,0.0,0.0,0.0,80.0,-7.0,0.0,80.0,1.3962634,0.0,0.0,0.0,2.98250095,3.04080772,-0.15870388,-6.21252134,-9.02656866,22.64918934,0.0,52.28371494,11.27737687,4.0765131,7.09517036,-78.98814371,56.42632666,0.0,0.0,15.81944486,-7.81733083
1760624592.002,-0.11447486,-0.11965533,3.34610574,-0.01882978,0.94914304,0.00714515,80.0,-7.0,0.0,80.0,1.3962634,0.0,0.0,0.0,80.0,-7.0,0.0,80.0,1.3962634,0.0,0.0,0.0,2.96433693,2.94725887,-1.34825264,-6.17956943,-9.02210391,23.77920168,0.0,52.33910877,11.28692532,4.10635191,1.71151266,-82.60743447,46.17292203,0.0,2.63975619,16.28738615,-7.67407625
1760624592.036,-0.08939901,-0.16957195,3.3346741,-0.01998772,0.94879648,0.00571335,80.0,-7.0,0.0,80.0,1.3962634,0.0,0.0,0.0,80.0,-7.0,0.0,80.0,1.3962634,0.0,0.0,0.0,3.66857807,3.31443102,-1.42834288,-7.05376077,-9.34698192,23.71065811,0.0,52.33168483,11.26609637,4.12308918,2.26272782,-86.37957808,45.51736005,0.00065857,1.85438524,16.93571129,-7.24874874
1760624592.069,-0.07632338,-0.20700489,3.31453843,-0.01858438,0.94948528,0.00509591,80.0,-7.0,0.0,80.0,1.3962634,0.0,0.0,0.0,80.0,-7.0,0.0,80.0,1.3962634,0.0,0.0,0.0,3.51306273,3.6027054,-0.65026394,-7.01041438,-9.49746571,22.89830831,0.0,52.31150411,11.25480426,4.11457133,2.5758625,-90.16492693,45.23557783,1.67827,0.0,17.37354916,-6.8774941
1760624592.103,-0.06325137,-0.2657787,3.29915546,-0.0152369,0.95042845,0.00474044,80.0,-7.0,0.0,80.0,1.3962634,0.0,0.0,0.0,80.0,-7.0,0.0,80.0,1.3962634,0.0,0.0,0.0,3.7321736,3.86969201,-1.11844663,-7.16796122,-9.7202125,23.26910883,0.0,52.26795854,11.24703979,4.10798625,3.94369294,-92.95718117,43.74438595,1.54652061,0.0,17.75801362,-6.49066653
1760624592.136,-0.05649257,-0.30567307,3.29283459,-0.0131297,0.95172891,0.00364499,80.0,-7.0,0.0,80.0,1.3962634,0.0,0.0,0.0,80.0,-7.0,0.0,80.0,1.3962634,0.0,0.0,0.0,4.22009911,4.09966103,-0.66098949,-7.78204165,-9.79784085,22.76444531,0.0,52.17837493,11.25808971,4.09947265,4.55405289,-96.18775067,42.79638798,3.24577863,0.0,17.9927546,-6.16071596
1760624592.169,-0.03740612,-0.34047306,3.29206964,-0.0126403,0.95295403,0.00255776,80.0,-7.0,0.0,80.0,1.3962634,0.0,0.0,0.0,80.0,-7.0,0.0,80.0,1.3962634,0.0,0.0,0.0,4.44116466,4.31474863,-0.81020854,-8.04942284,-9.92476773,22.93596038,0.0,52.0772206,11.24731641,4.0886614,4.97475377,-98.26541481,41.90404616,3.78386081,0.0,18.15779964,-5.81507623
1760624592.203,-0.00589467,-0.3903807,3.29131879,-0.01208307,0.95437326,0.00105353,80.0,-7.0,0.0,80.0,1.3962634,0.0,0.0,0.0,80.0,-7.0,0.0,80.0,1.3962634,0.0,0.0,0.0,5.06091638,4.57309374,-0.7610854,-8.78796757,-10.01039835,22.81700947,0.0,52.0230398,11.26301613,4.06456766,5.40389108,-100.76778634,40.81182301,4.93092586,0.0,18.37486471,-5.28466491
1760624592.236,0.00640315,-0.41656809,3.30267417,-0.01198583,0.95580321,0.00016927,80.0,-7.0,0.0,80.0,1.3962634,0.0,0.0,0.0,80.0,-7.0,0.0,80.0,1.3962634,0.0,0.0,0.0,4.99694737,4.79752135,-0.51970832,-8.79644883,-10.06269721,22.6543754,0.0,51.8990538,11.3044667,4.04268892,0.7711082,-101.14205546,34.74228451,4.39692791,0.0,18.48353802,-4.83174639
1760624592.27,0.01230018,-0.42821683,3.32462519,-0.01171,0.95635374,-0.00010542,80.0,-7.0,0.0,80.0,1.3962634,0.0,0.0,0.0,80.0,-7.0,0.0,80.0,1.3962634,0.0,0.0,0.0,5.37191813,4.85176845,-0.39108613,-9.20124667,-9.97906508,22.4988543,0.0,51.83778519,11.31089924,4.00599691,0.88808253,-102.41881111,34.24893436,5.12853896,0.0,18.51695936,-4.61547077
1760624592.303,-0.00987705,-0.45734968,3.35868355,-0.01077336,0.95691704,-0.00087096,80.0,-7.0,0.0,80.0,1.3962634,0.0,0.0,0.0,80.0,-7.0,0.0,80.0,1.3962634,0.0,0.0,0.0,6.36519251,5.0450996,-0.61104961,-10.20421682,-10.04454867,22.40006285,0.0,51.91580574,11.35130656,3.98696328,0.72725711,-103.36731247,34.23295183,5.6773608,0.0,18.5712932,-4.38611368
1760624592.337,-0.03421622,-0.43453182,3.39305446,-0.00992482,0.95703723,-0.00169849,80.0,-7.0,0.0,80.0,1.3962634,0.0,0.0,0.0,80.0,-7.0,0.0,80.0,1.3962634,0.0,0.0,0.0,6.80802059,5.15368989,-0.47627605,-10.70116807,-10.04825665,22.13940821,0.0,51.91157154,11.39470019,3.976078,0.88905562,-104.13658405,34.21335617,6.5267479,0.0,18.64545218,-4.12347843
1760624592.37,-0.05618429,-0.42473024,3.4222747,-0.01014352,0.95738124,-0.00217359,80.0,-7.0,0.0,80.0,1.3962634,0.0,0.0,0.0,80.0,-7.0,0.0,80.0,1.3962634,0.0,0.0,0.0,6.65542912,5.28177345,-0.86928103,-10.46630166,-10.18334823,22.49637235,0.0,51.89547383,11.42498768,3.97498049,4.75035203,-105.0737509,37.56948583,7.74270934,0.0,18.71244837,-3.89804251
1760624592.404,-0.09411348,-0.40559647,3.46449726,-0.01017511,0.95737965,-0.00284588,80.0,-7.0,0.0,80.0,1.3962634,0.0,0.0,0.0,80.0,-7.0,0.0,80.0,1.3962634,0.0,0.0,0.0,6.51544698,5.43003698,-0.8183325,-10.32584529,-10.28985985,22.34501558,0.0,51.90248248,11.46923607,3.9492859,4.98732849,-105.35549554,37.3300759,8.35323529,0.0,18.76595,-3.6598667
1760624592.437,-0.13162455,-0.38078454,3.46940694,-0.01020551,0.95714879,-0.00326092,80.0,-7.0,0.0,80.0,1.3962634,0.0,0.0,0.0,80.0,-7.0,0.0,80.0,1.3962634,0.0,0.0,0.0,6.44833327,5.47445814,-0.8139987,-10.22162159,-10.36384284,22.26808727,0.0,51.93003717,11.52370563,3.98623509,5.16303616,-105.40139892,37.15706511,8.75420698,0.0,18.78393136,-3.54213453
1760624592.471,-0.14938795,-0.35923211,3.46267839,-0.01024085,0.95766607,-0.00344161,80.0,-7.0,0.0,80.0,1.3962634,0.0,0.0,0.0,80.0,-7.0,0.0,80.0,1.3962634,0.0,0.0,0.0,5.07441136,5.5690118,-0.29059629,-8.80130426,-10.45217699,21.80004323,0.0,51.93959065,11.52514897,3.95731459,5.84876027,-105.52600025,36.09265221,9.47440228,0.0,18.83276182,-3.33379042
1760624592.504,-0.20091467,-0.34623135,3.42178517,-0.0104196,0.95749206,-0.0036634,80.0,-7.0,0.0,80.0,1.3962634,0.0,0.0,0.0,80.0,-7.0,0.0,80.0,1.3962634,0.0,0.0,0.0,5.02890946,5.55487612,-0.02698949,-8.77119354,-10.5241648,21.46246206,0.0,51.97152588,11.50771679,3.9995718,6.00481568,-105.47912272,35.59422249,10.20224584,0.0,19.0676966,-2.93607911
1760624592.537,-0.21952548,-0.34336568,3.37997104,-0.01077803,0.95755882,-0.00384199,80.0,-7.0,0.0,80.0,1.3962634,0.0,0.0,0.0,80.0,-7.0,0.0,80.0,1.3962634,0.0,0.0,0.0,5.0719815,5.55902316,0.08652592,-8.84298212,-10.61022445,21.34930285,0.0,51.91375285,11.48677258,4.03468988,6.06290652,-105.26875325,35.50870485,10.50973929,0.0,19.22923745,-2.77788703
1760624592.571,-0.20794374,-0.32943419,3.31682608,-0.01171003,0.9575023,-0.00353352,80.0,-7.0,0.0,80.0,1.3962634,0.0,0.0,0.0,80.0,-7.0,0.0,80.0,1.3962634,0.0,0.0,0.0,5.14512433,5.45679378,0.02115425,-8.96038417,-10.63822415,21.41558701,0.0,51.87348447,11.44019012,4.04744533,5.84959497,-105.06241524,35.83660625,10.45988885,0.0,19.26238293,-2.83557926
1760624592.604,-0.19620766,-0.32649201,3.23412703,-0.01207075,0.95721036,-0.00316281,80.0,-7.0,0.0,80.0,1.3962634,0.0,0.0,0.0,80.0,-7.0,0.0,80.0,1.3962634,0.0,0.0,0.0,5.33175021,5.37660937,-0.66462209,-9.08502557,-10.80111919,22.12637427,0.0,51.74197997,11.37566257,4.0812904,9.63604714,-105.28533206,40.50287088,11.09748485,0.0,19.24490281,-3.0254747
1760624592.638,-0.19327041,-0.3277811,3.17568608,-0.01220455,0.95758383,-0.00258452,80.0,-7.0,0.0,80.0,1.3962634,0.0,0.0,0.0,80.0,-7.0,0.0,80.0,1.3962634,0.0,0.0,0.0,5.97130912,5.32182634,-0.82094832,-9.80085946,-10.85828566,22.24612512,0.0,51.65175212,11.31760402,4.1100543,9.38055571,-104.72059006,41.13513539,10.99839951,0.0,19.19972627,-3.06216164
1760624592.671,-0.19851234,-0.32826023,3.13149757,-0.0101855,0.95735406,-0.00220986,80.0,-7.0,0.0,80.0,1.3962634,0.0,0.0,0.0,80.0,-7.0,0.0,80.0,1.3962634,0.0,0.0,0.0,5.97733673,5.25419074,-1.24895461,-9.71077963,-10.94423032,22.73461425,0.0,51.55928717,11.30489209,4.14012504,14.28851479,-105.22279399,46.26288903,12.27509284,0.0,19.18589542,-3.1247231
1760624592.705,-0.16915346,-0.32535359,3.10248079,-0.00830572,0.95764426,-0.0019924,80.0,-7.0,0.0,80.0,1.3962634,0.0,0.0,0.0,80.0,-7.0,0.0,80.0,1.3962634,0.0,0.0,0.0,6.5275955,5.2885306,-1.6903762,-10.27081582,-11.10815676,23.23217942,0.0,51.39539214,11.27857437,4.16776128,18.95461893,-105.31358468,51.98001775,13.66320154,0.0,19.10524705,-3.27348601
1760624592.738,-0.15329389,-0.32092031,3.11845335,-0.00728071,0.95800649,-0.0018585,80.0,-7.0,0.0,80.0,1.3962634,0.0,0.0,0.0,80.0,-7.0,0.0,80.0,1.3962634,0.0,0.0,0.0,6.43020256,5.31043008,-1.92453433,-10.14094455,-11.1630986,23.54405102,0.0,51.24613578,11.28238055,4.15814612,22.88733908,-105.19702724,56.40311497,14.67653457,0.0,19.06141855,-3.39102696
1760624592.771,-0.15284111,-0.318716,3.14626694,-0.0061157,0.958534,-0.00218143,80.0,-7.0,0.0,80.0,1.3962634,0.0,0.0,0.0,80.0,-7.0,0.0,80.0,1.3962634,0.0,0.0,0.0,6.54758327,5.37522507,-2.2740915,-10.17216339,-11.26637941,23.84611321,0.0,51.19584451,11.29310525,4.16140263,27.55259833,-105.26092403,61.94289494,15.95058621,0.0,19.03309415,-3.36505097
1760624592.805,-0.13160225,-0.30052116,3.18964693,-0.00586055,0.95872609,-0.00243363,80.0,-7.0,0.0,80.0,1.3962634,0.0,0.0,0.0,80.0,-7.0,0.0,80.0,1.3962634,0.0,0.0,0.0,5.28294109,5.49799091,-2.23525591,-8.79525114,-11.29885476,23.82255771,0.0,51.20394225,11.30583556,4.12239679,34.16588007,-105.02508621,68.60905151,17.67031665,0.0,18.87171925,-3.41571279
1760624592.838,-0.11436275,-0.28236778,3.21942731,-0.00590059,0.95852697,-0.0020442,80.0,-7.0,0.0,80.0,1.3962634,0.0,0.0,0.0,80.0,-7.0,0.0,80.0,1.3962634,0.0,0.0,0.0,5.15826348,5.4295159,-2.53976479,-8.59113019,-11.23701527,24.13539922,0.0,51.1769057,11.36397652,4.11122446,38.15673489,-104.45528278,74.16240005,18.26459131,0.0,18.72147529,-3.50649126
1760624592.872,-0.13043171,-0.26394289,3.25266331,-0.00602497,0.95821864,-0.00178036,80.0,-7.0,0.0,80.0,1.3962634,0.0,0.0,0.0,80.0,-7.0,0.0,80.0,1.3962634,0.0,0.0,0.0,4.7143424,5.3824387,-2.60287004,-8.05232081,-11.13813065,24.21674132,0.0,51.19075918,11.41206786,4.07470183,42.4091339,-103.95947893,79.60567935,19.21893896,0.0,18.49194541,-3.70872258
1760624592.905,-0.15783138,-0.24724472,3.30025867,-0.00618405,0.95793312,-0.00181253,80.0,-7.0,0.0,80.0,1.3962634,0.0,0.0,0.0,80.0,-7.0,0.0,80.0,1.3962634,0.0,0.0,0.0,4.40988546,5.30504862,-3.19326691,-7.57010621,-11.07513135,24.8093275,0.0,51.27963405,11.48655023,4.04656602,49.63347644,-104.32119451,88.61858044,21.31604155,0.0,18.17389453,-3.82298339
1760624592.939,-0.15202222,-0.23460364,3.3291382,-0.00919791,0.95666401,0.00152442,80.0,-7.0,0.0,80.0,1.3962634,0.0,0.0,0.0,80.0,-7.0,0.0,80.0,1.3962634,0.0,0.0,0.0,3.97483232,4.56552858,-2.39653138,-7.31442006,-10.20154109,24.13591339,0.0,51.3339569,11.52088289,4.03362312,49.50727727,-103.95275792,90.00000018,22.72580188,0.0,17.77792083,-3.99321769
1760624592.972,-0.15337151,-0.21193172,3.35795997,-0.01154528,0.95531318,0.00579988,80.0,-7.0,0.0,80.0,1.3962634,0.0,0.0,0.0,80.0,-7.0,0.0,80.0,1.3962634,0.0,0.0,0.0,3.80154315,3.53859101,-1.56620569,-7.35103007,-9.08681546,23.38853768,0.0,51.40036715,11.51786691,4.02235064,47.58428748,-103.68491553,90.00000018,24.24836393,0.0,17.33776162,-4.0622911
1760624593.006,-0.17540176,-0.20429769,3.36617745,-0.01174783,0.95418219,0.00887366,80.0,-7.0,0.0,80.0,1.3962634,0.0,0.0,0.0,80.0,-7.0,0.0,80.0,1.3962634,0.0,0.0,0.0,3.77950767,2.64724888,0.03818761,-7.55796558,-8.02555988,21.9442586,0.0,51.39369184,11.52704641,4.00730729,44.98938891,-103.16978713,90.00000018,26.97564223,0.0,16.69735507,-4.20595429
1760624593.039,-0.18248851,-0.2100392,3.3642128,-0.01179095,0.95336452,0.01092947,80.0,-7.0,0.0,80.0,1.3962634,0.0,0.0,0.0,80.0,-7.0,0.0,80.0,1.3962634,0.0,0.0,0.0,4.07465809,1.75368477,1.05891757,-7.99593914,-7.05316146,21.02218273,0.0,51.44634287,11.50624432,4.03615181,42.60505975,-102.46046003,90.00000018,28.49543817,0.0,16.20652216,-4.23246378
1760624593.073,-0.17712372,-0.22745507,3.34800546,-0.01114087,0.95217803,0.01267084,80.0,-7.0,0.0,80.0,1.3962634,0.0,0.0,0.0,80.0,-7.0,0.0,80.0,1.3962634,0.0,0.0,0.0,4.45626005,0.97709193,2.16139306,-8.50658469,-6.19759971,20.01464016,0.0,51.4559796,11.45077998,4.05285101,39.44439974,-102.58013672,90.00000018,31.83164358,0.0,15.4839835,-4.23534155
1760624593.106,-0.17745876,-0.24185999,3.34616647,-0.01197281,0.95040161,0.01491662,80.0,-7.0,0.0,80.0,1.3962634,0.0,0.0,0.0,80.0,-7.0,0.0,80.0,1.3962634,0.0,0.0,0.0,5.02200123,0.11551224,2.79903881,-9.18460902,-5.29370558,19.52432299,0.0,51.45260285,11.41072942,4.07285704,36.85449546,-102.37449913,90.00000018,33.78619844,0.0,14.82787518,-4.22016014
1760624593.173,-0.18628137,-0.27950102,3.35746074,-0.01018331,0.94721353,0.01714483,80.0,-7.0,0.0,80.0,1.3962634,0.0,0.0,0.0,80.0,-7.0,0.0,80.0,1.3962634,0.0,0.0,0.0,5.23227641,-0.60874801,5.12783777,-9.41728772,-4.42301165,17.45184587,0.0,51.33114293,11.30957655,4.09747747,30.89716718,-97.09177913,90.00000018,35.08297334,0.0,13.16281598,-4.31068413
1760624593.206,-0.18343898,-0.29240177,3.37051332,-0.00748835,0.94668412,0.01811488,80.0,-7.0,0.0,80.0,1.3962634,0.0,0.0,0.0,80.0,-7.0,0.0,80.0,1.3962634,0.0,0.0,0.0,5.45417025,-0.77539041,6.53146483,-9.6622674,-4.12962631,16.16769223,0.0,51.33974402,11.30987326,4.14505717,28.79825329,-93.68406831,90.00000018,34.86439927,0.0,12.47450117,-4.17294144
1760624593.24,-0.1834736,-0.31061018,3.3783447,-0.00473206,0.95002019,0.00922921,80.0,-7.0,0.0,80.0,1.3962634,0.0,0.0,0.0,80.0,-7.0,0.0,80.0,1.3962634,0.0,0.0,0.0,4.4797607,2.27125616,-4.73871613,-7.02801442,-8.90484539,27.22020307,0.0,51.21062559,11.33146562,4.20886159,-37.13044331,-73.17256593,24.81744617,23.85299796,0.0,11.74856558,-4.63862143
1760624593.273,-0.15272202,-0.31931378,3.40348173,-0.00022534,0.95241866,0.00882209,80.0,-7.0,0.0,80.0,1.3962634,0.0,0.0,0.0,80.0,-7.0,0.0,80.0,1.3962634,0.0,0.0,0.0,3.03515449,2.55766214,-6.70892971,-5.06261712,-9.35219076,29.48838254,0.0,51.09001251,11.3330887,4.22274962,-21.87165021,-64.89555187,39.58369681,17.94562358,0.0,10.73477074,-3.87788548
1760624593.307,-0.14652648,-0.33319626,3.43347337,-0.00062995,0.95029191,0.00884952,80.0,-7.0,0.0,80.0,1.3962634,0.0,0.0,0.0,80.0,-7.0,0.0,80.0,1.3962634,0.0,0.0,0.0,3.0709175,1.99247259,-4.71294953,-5.37728082,-8.70791286,27.71215858,0.0,51.01678145,11.35744971,4.24864836,-18.58747687,-64.86832501,45.48788296,19.63737253,0.0,10.03026253,-3.95374018
1760624593.34,-0.11731344,-0.34113764,3.44178017,0.00059039,0.94986298,0.00903484,80.0,-7.0,0.0,80.0,1.3962634,0.0,0.0,0.0,80.0,-7.0,0.0,80.0,1.3962634,0.0,0.0,0.0,1.42115016,1.8064021,-6.7053881,-3.34324849,-8.55530792,29.91697246,0.0,50.94204853,11.35469516,4.25965449,-13.70261648,-58.66855929,49.94587993,15.32935885,0.0,9.35540097,-3.47445057
1760624593.374,-0.09698946,-0.34806375,3.46624758,-9.895e-05,0.94852387,0.00979926,80.0,-7.0,0.0,80.0,1.3962634,0.0,0.0,0.0,80.0,-7.0,0.0,80.0,1.3962634,0.0,0.0,0.0,1.03663926,1.45617324,-6.87419433,-2.87525157,-8.2138365,30.28470608,0.0,50.78003947,11.36681899,4.24408733,-13.87441595,-57.7079168,51.59711487,17.62906667,0.0,8.4843566,-3.25651996
1760624593.407,-0.08506092,-0.35094023,3.4687551,-0.00136074,0.94759459,0.00997491,80.0,-7.0,0.0,80.0,1.3962634,0.0,0.0,0.0,80.0,-7.0,0.0,80.0,1.3962634,0.0,0.0,0.0,0.52711605,1.24937365,-6.89220746,-2.30148295,-8.0031487,30.34344492,0.0,50.75286199,11.356838,4.23938792,-11.41859155,-54.24211357,54.70691757,16.31021088,0.0,7.81484907,-3.02949861
1760624593.441,-0.05105263,-0.35985314,3.43927786,-0.0023477,0.946394,0.01041431,80.0,-7.0,0.0,80.0,1.3962634,0.0,0.0,0.0,80.0,-7.0,0.0,80.0,1.3962634,0.0,0.0,0.0,-0.52250382,1.03554175,-6.46515664,-1.26353087,-7.68882429,29.94102669,0.0,50.78856091,11.31433429,4.2234778,-9.99266396,-54.06195127,56.97411327,18.18422028,0.0,7.28175649,-2.68649783
1760624593.474,-0.0141496,-0.3757702,3.42933892,-0.00435276,0.94495418,0.01088931,80.0,-7.0,0.0,80.0,1.3962634,0.0,0.0,0.0,80.0,-7.0,0.0,80.0,1.3962634,0.0,0.0,0.0,-0.98996398,0.82419836,-6.07453678,-0.85699454,-7.42711527,29.70826383,0.0,50.65773266,11.33537175,4.21162814,-8.91897477,-53.98395274,60.31583481,20.74878667,0.0,6.55923538,-2.3129293
1760624593.508,0.01053645,-0.38888403,3.42231368,-0.00844399,0.94341428,0.0112985,80.0,-7.0,0.0,80.0,1.3962634,0.0,0.0,0.0,80.0,-7.0,0.0,80.0,1.3962634,0.0,0.0,0.0,-2.02265464,0.5778601,-6.20795327,0.20367692,-7.07152872,29.92530211,0.0,50.58377357,11.352273,4.19976048,-6.62357158,-51.49820399,63.25709617,19.79737342,0.0,6.06720247,-2.05204094
1760624593.541,0.03957499,-0.39657838,3.38714308,-0.01113643,0.94231064,0.01141651,80.0,-7.0,0.0,80.0,1.3962634,0.0,0.0,0.0,80.0,-7.0,0.0,80.0,1.3962634,0.0,0.0,0.0,-2.5099362,0.56972057,-6.83681134,0.7698312,-6.99485208,30.54269822,0.0,50.57217025,11.32590389,4.20109751,-5.16973102,-46.91598237,65.21848595,16.99015628,0.0,5.61911466,-1.70262949
1760624593.574,0.0770641,-0.39407498,3.37732049,-0.01391204,0.94249364,0.01119995,80.0,-7.0,0.0,80.0,1.3962634,0.0,0.0,0.0,80.0,-7.0,0.0,80.0,1.3962634,0.0,0.0,0.0,-4.80883879,0.73437877,-8.2636108,3.31154199,-6.80219887,31.90954754,0.0,50.58818333,11.37973387,4.19293981,-3.75460759,-45.04047509,65.28779052,17.30382792,0.0,5.05479626,-1.32758325
1760624593.608,0.09353152,-0.3915084,3.3814046,-0.01395303,0.94398878,0.01073617,80.0,-7.0,0.0,80.0,1.3962634,0.0,0.0,0.0,80.0,-7.0,0.0,80.0,1.3962634,0.0,0.0,0.0,-5.05818447,1.00017662,-9.09818692,3.68756318,-6.96936149,32.73337966,0.0,50.53056054,11.41007544,4.19052522,-3.26738627,-41.94533179,65.92554576,15.93125046,0.0,4.80202014,-0.83860266
1760624593.641,0.11741827,-0.38585869,3.37231291,-0.01501779,0.94455712,0.00977139,80.0,-7.0,0.0,80.0,1.3962634,0.0,0.0,0.0,80.0,-7.0,0.0,80.0,1.3962634,0.0,0.0,0.0,-4.94314142,1.07279078,-8.792508,3.48971701,-7.09029949,32.32788155,0.0,50.5618604,11.39073607,4.16474504,-2.57313401,-39.60096711,67.61299768,15.00691254,0.0,4.60415841,-0.42385125
1760624593.708,0.12646587,-0.35160653,3.37716871,-0.01625396,0.94550688,0.00825763,80.0,-7.0,0.0,80.0,1.3962634,0.0,0.0,0.0,80.0,-7.0,0.0,80.0,1.3962634,0.0,0.0,0.0,-5.18252017,1.06257148,-8.72888846,3.55112196,-7.11326766,31.77276742,0.0,50.98959892,11.49048727,4.13147455,-1.25225121,-35.4296596,71.10130382,12.80096445,0.0,4.05217782,0.04973005
1760624593.742,0.16294403,-0.34976536,3.38118234,-0.01909173,0.94544309,0.00776666,80.0,-7.0,0.0,80.0,1.3962634,0.0,0.0,0.0,80.0,-7.0,0.0,80.0,1.3962634,0.0,0.0,0.0,-4.69380513,1.05529768,-8.70474176,2.84791908,-7.20139659,31.73785619,0.0,51.05417564,11.49207263,4.15996281,-1.54381441,-32.66739338,71.89392032,10.83012584,0.0,3.82990335,0.07148141
1760624593.775,0.20441723,-0.3223195,3.3903679,-0.02159625,0.94574867,0.00767841,80.0,-7.0,0.0,80.0,1.3962634,0.0,0.0,0.0,80.0,-7.0,0.0,80.0,1.3962634,0.0,0.0,0.0,-4.44209468,1.02982645,-8.96007016,2.41587128,-7.24988476,32.06523401,0.0,51.00562582,11.46961035,4.21296234,-1.76188646,-30.4623002,72.46086998,9.33029775,0.0,3.70361644,0.29077728
1760624593.809,0.21961301,-0.30632932,3.37946751,-0.02252032,0.94598505,0.00768571,80.0,-7.0,0.0,80.0,1.3962634,0.0,0.0,0.0,80.0,-7.0,0.0,80.0,1.3962634,0.0,0.0,0.0,-4.17898585,1.01573622,-9.20153056,2.11125016,-7.29198615,32.22297583,0.0,51.08175194,11.48469305,4.24176124,-2.04636209,-29.64923622,72.71921129,8.88640558,0.0,3.61719545,0.37422153
1760624593.842,0.2337849,-0.29314424,3.37050804,-0.02297915,0.9457941,0.00805335,80.0,-7.0,0.0,80.0,1.3962634,0.0,0.0,0.0,80.0,-7.0,0.0,80.0,1.3962634,0.0,0.0,0.0,-4.04745026,0.97933107,-9.0107889,1.92974778,-7.30036749,31.94374503,0.0,51.14075021,11.49552653,4.24209438,-1.99935755,-29.14213228,73.35998168,8.57854795,0.0,3.49055292,0.34780209
1760624593.875,0.24875184,-0.27488234,3.36468121,-0.02387169,0.94526557,0.0083411,80.0,-7.0,0.0,80.0,1.3962634,0.0,0.0,0.0,80.0,-7.0,0.0,80.0,1.3962634,0.0,0.0,0.0,-4.13085509,1.03264037,-9.36099112,2.12044515,-7.32711911,32.25969874,0.0,51.00681877,11.46936986,4.22836101,-1.97918646,-28.64162273,73.46254429,8.23128081,0.0,3.36801203,0.288762
1760624593.909,0.25418036,-0.25951877,3.34372402,-0.02357983,0.94473649,0.00848354,80.0,-7.0,0.0,80.0,1.3962634,0.0,0.0,0.0,80.0,-7.0,0.0,80.0,1.3962634,0.0,0.0,0.0,-4.45710233,1.0787546,-9.71828794,2.61025563,-7.30105791,32.48198669,0.0,50.98318935,11.41787256,4.21326513,-1.77906178,-28.48868096,73.20006187,8.08381935,0.0,3.32263262,0.33440906
1760624593.942,0.25675227,-0.25446759,3.32054873,-0.02258516,0.94336123,0.00805162,80.0,-7.0,0.0,80.0,1.3962634,0.0,0.0,0.0,80.0,-7.0,0.0,80.0,1.3962634,0.0,0.0,0.0,-4.26000782,1.11808864,-9.52550973,2.48709971,-7.37085197,32.15976414,0.0,50.97606225,11.36659474,4.19029153,-1.87666159,-27.79732195,73.46610792,7.38274317,0.0,3.30508132,0.28630283
1760624593.976,0.26388918,-0.23789839,3.31554893,-0.0234631,0.94227575,0.00883727,80.0,-7.0,0.0,80.0,1.3962634,0.0,0.0,0.0,80.0,-7.0,0.0,80.0,1.3962634,0.0,0.0,0.0,-4.29848666,1.03668277,-9.465472,2.56278488,-7.25444616,32.00880958,0.0,50.95237028,11.33192859,4.1499381,-1.83609864,-27.93983655,73.48655539,7.26062979,0.0,3.2894528,0.19401459
1760624594.009,0.27903734,-0.23379726,3.31739251,-0.02496471,0.94149417,0.00901233,80.0,-7.0,0.0,80.0,1.3962634,0.0,0.0,0.0,80.0,-7.0,0.0,80.0,1.3962634,0.0,0.0,0.0,-4.17065198,1.02467098,-9.03437233,2.34210336,-7.2373412,31.60469823,0.0,50.93412187,11.32250631,4.1499032,-1.68773677,-27.74374025,73.9098174,6.93850072,0.0,3.2671184,0.1092019
1760624594.043,0.281058,-0.21989167,3.33389905,-0.02601802,0.94114825,0.00873626,80.0,-7.0,0.0,80.0,1.3962634,0.0,0.0,0.0,80.0,-7.0,0.0,80.0,1.3962634,0.0,0.0,0.0,-3.81095118,1.03388163,-8.33105454,1.82331167,-7.26593387,30.93627219,0.0,50.94064689,11.33922117,4.13074831,-1.59093931,-27.35425836,74.53578246,6.45163814,0.0,3.26827923,-0.07159166
1760624594.076,0.28183541,-0.21347085,3.35322874,-0.02652038,0.94072045,0.00853096,80.0,-7.0,0.0,80.0,1.3962634,0.0,0.0,0.0,80.0,-7.0,0.0,80.0,1.3962634,0.0,0.0,0.0,-3.25130075,1.02990188,-7.1714074,1.03875726,-7.3140586,29.75249542,0.0,51.02464697,11.36981966,4.12448765,-1.50933598,-26.85882307,75.51831443,5.97255222,0.0,3.32199165,-0.12790252
1760624594.11,0.2776938,-0.21126553,3.39579623,-0.02663513,0.94028792,0.00808225,80.0,-7.0,0.0,80.0,1.3962634,0.0,0.0,0.0,80.0,-7.0,0.0,80.0,1.3962634,0.0,0.0,0.0,-3.30160541,1.21497122,-7.01845604,1.0443474,-7.42993532,29.64559046,0.0,51.01408838,11.38902786,4.10543631,-1.31843708,-26.85162914,75.3466551,6.157245,0.0,3.38979911,-0.064521
1760624594.143,0.27028641,-0.19942624,3.43256302,-0.02811093,0.93991452,0.00821703,80.0,-7.0,0.0,80.0,1.3962634,0.0,0.0,0.0,80.0,-7.0,0.0,80.0,1.3962634,0.0,0.0,0.0,-3.52397785,1.33471533,-6.66551357,1.20784005,-7.47302919,29.22441631,0.0,51.09856756,11.41204545,4.08321966,-0.88565598,-27.00697351,75.63572485,6.35539354,0.0,3.42547362,-0.00804837
1760624594.177,0.2722327,-0.19402254,3.45912532,-0.02919849,0.94012704,0.00842419,80.0,-7.0,0.0,80.0,1.3962634,0.0,0.0,0.0,80.0,-7.0,0.0,80.0,1.3962634,0.0,0.0,0.0,-3.69511601,1.45889045,-6.33885988,1.34554237,-7.548538,28.85090749,0.0,51.14757533,11.41649328,4.06493118,-0.58484132,-27.05310061,76.03242856,6.49200598,0.0,3.37600086,-0.05064303
1760624594.21,0.25794469,-0.1921447,3.49759184,-0.03032136,0.93937522,0.00843105,80.0,-7.0,0.0,80.0,1.3962634,0.0,0.0,0.0,80.0,-7.0,0.0,80.0,1.3962634,0.0,0.0,0.0,-3.36132453,1.62145394,-5.63311629,0.95031719,-7.72347623,28.11182009,0.0,51.15086182,11.40034445,4.05439009,-0.55855234,-26.96762336,77.00024817,6.57735395,0.0,3.3764455,-0.0394666
1760624594.243,0.24681317,-0.2147049,3.52002079,-0.03208942,0.93842751,0.00854858,80.0,-7.0,0.0,80.0,1.3962634,0.0,0.0,0.0,80.0,-7.0,0.0,80.0,1.3962634,0.0,0.0,0.0,-3.81888373,1.90119501,-5.20659112,1.44425327,-7.92262876,27.67101336,0.0,51.17051952,11.38317142,4.01592843,0.18200667,-27.24123101,77.91205988,6.9150536,0.0,3.40364037,0.013801
1760624594.277,0.23866246,-0.22369647,3.52050051,-0.03316212,0.93767012,0.00872611,80.0,-7.0,0.0,80.0,1.3962634,0.0,0.0,0.0,80.0,-7.0,0.0,80.0,1.3962634,0.0,0.0,0.0,-4.44002717,2.16724619,-4.84671932,2.12485247,-8.14412547,27.30910969,0.0,51.19103435,11.40196343,4.00503455,1.05019494,-27.42337399,78.53601639,7.06144492,0.0,3.47551579,0.03265968
1760624594.31,0.22112363,-0.22918373,3.52670729,-0.03271711,0.9368003,0.00903429,80.0,-7.0,0.0,80.0,1.3962634,0.0,0.0,0.0,80.0,-7.0,0.0,80.0,1.3962634,0.0,0.0,0.0,-4.04624368,2.25220681,-4.57865823,1.72891259,-8.25452503,27.08577495,0.0,51.15445487,11.38490331,3.99526004,0.86307502,-27.15936455,78.87036165,6.51158733,0.0,3.56380671,-0.02868042
1760624594.344,0.21462957,-0.24256129,3.55311167,-0.032567,0.93702152,0.00861293,80.0,-7.0,0.0,80.0,1.3962634,0.0,0.0,0.0,80.0,-7.0,0.0,80.0,1.3962634,0.0,0.0,0.0,-4.16259804,2.39753937,-4.4415554,1.89783934,-8.38544153,27.04380133,0.0,51.08241639,11.36458233,3.98624255,1.19529866,-26.65331516,78.71341966,5.33014536,0.0,3.81451522,-0.13443951
1760624594.377,0.18199632,-0.24387874,3.56836897,-0.03028503,0.93686684,0.00804694,80.0,-7.0,0.0,80.0,1.3962634,0.0,0.0,0.0,80.0,-7.0,0.0,80.0,1.3962634,0.0,0.0,0.0,-3.96992874,2.45090143,-4.20412614,1.74018326,-8.45757147,26.82174765,0.0,51.0364952,11.34026847,3.97928311,1.36716193,-26.05881851,78.68635683,3.89597547,0.0,4.09072626,-0.26983479
1760624594.411,0.13924868,-0.22990609,3.59338238,-0.0270524,0.93629518,0.00831096,80.0,-7.0,0.0,80.0,1.3962634,0.0,0.0,0.0,80.0,-7.0,0.0,80.0,1.3962634,0.0,0.0,0.0,-1.84801262,2.37314201,-2.94208668,-0.57914962,-8.53163232,25.43477266,0.0,51.00945097,11.32563015,3.98431991,1.32732854,-23.90203844,54.87511667,0.0,25.34381848,4.34436793,-0.69201509
1760624594.444,0.09968303,-0.2076791,3.60277538,-0.02355391,0.93558245,0.01023789,80.0,-7.0,0.0,80.0,1.3962634,0.0,0.0,0.0,80.0,-7.0,0.0,80.0,1.3962634,0.0,0.0,0.0,-1.20117781,2.3215509,-2.92900114,-1.17081596,-8.52289635,25.45789062,0.0,50.95943694,11.32122377,3.96990928,0.74270564,-25.82630339,60.07538222,0.0,18.98246548,4.58742055,-1.32598086
1760624594.478,0.0788915,-0.18637041,3.60108684,-0.02166677,0.93520798,0.01130795,80.0,-7.0,0.0,80.0,1.3962634,0.0,0.0,0.0,80.0,-7.0,0.0,80.0,1.3962634,0.0,0.0,0.0,-0.09183302,2.30333299,-3.10549745,-2.25805412,-8.55874982,25.69225306,0.0,50.82942361,11.27311673,3.98268639,-0.31109219,-27.76783983,59.58993323,0.0,18.19147172,4.8622179,-1.83941001
1760624594.511,0.04784606,-0.16148066,3.59319053,-0.0201474,0.93493511,0.01259151,80.0,-7.0,0.0,80.0,1.3962634,0.0,0.0,0.0,80.0,-7.0,0.0,80.0,1.3962634,0.0,0.0,0.0,0.0780123,2.25635194,-3.40550576,-2.31142335,-8.53785143,25.94818475,0.0,50.7971889,11.24720583,3.96985498,-1.01466913,-29.79269317,66.35342763,0.0,9.52571688,5.11526706,-2.41043706
1760624594.544,0.0101687,-0.13989636,3.57614627,-0.02030082,0.93432457,0.01426119,80.0,-7.0,0.0,80.0,1.3962634,0.0,0.0,0.0,80.0,-7.0,0.0,80.0,1.3962634,0.0,0.0,0.0,0.09266891,2.12201382,-3.85645385,-2.15525331,-8.44254405,26.16383171,0.0,50.94637924,11.23055735,3.96235456,-1.38416126,-33.41478326,65.36767496,0.0,8.01569213,5.56585939,-3.28194342
1760624594.578,-0.01632689,-0.12375399,3.54891088,-0.01894391,0.93449794,0.01533937,80.0,-7.0,0.0,80.0,1.3962634,0.0,0.0,0.0,80.0,-7.0,0.0,80.0,1.3962634,0.0,0.0,0.0,-0.27605028,1.84132666,-4.28366722,-1.62721107,-8.17126527,26.51544801,0.0,51.01426342,11.22891034,3.95174345,-1.37241605,-36.79098656,64.21491914,0.0,6.95108352,6.05080691,-3.84076711
1760624594.611,-0.06725609,-0.11464233,3.53413839,-0.01574352,0.93411232,0.01650749,80.0,-7.0,0.0,80.0,1.3962634,0.0,0.0,0.0,80.0,-7.0,0.0,80.0,1.3962634,0.0,0.0,0.0,-0.36744868,1.48410457,-4.43642622,-1.43053367,-7.82049254,26.60948789,0.0,51.04260171,11.22067559,3.94216275,-1.56707408,-40.30504675,62.91586019,0.0,5.82190642,6.59908848,-4.40590761
1760624594.645,-0.09486341,-0.10562458,3.4893574,-0.01287384,0.93378477,0.01631607,80.0,-7.0,0.0,80.0,1.3962634,0.0,0.0,0.0,80.0,-7.0,0.0,80.0,1.3962634,0.0,0.0,0.0,-0.83714363,0.86546871,-3.60686523,-1.01286634,-7.1789354,25.68587757,0.0,51.10797183,11.1970486,3.92889575,-0.88341174,-45.34854744,61.68051027,0.0,4.45178866,7.54247127,-5.18353189
1760624594.678,-0.10294999,-0.10842546,3.46988333,-0.01217758,0.93479229,0.01509157,80.0,-7.0,0.0,80.0,1.3962634,0.0,0.0,0.0,80.0,-7.0,0.0,80.0,1.3962634,0.0,0.0,0.0,-0.48216467,0.63998844,-2.15313531,-1.54385021,-6.94587216,24.13612846,0.0,51.11989889,11.17576973,3.93358339,-0.08080974,-49.1533068,61.62863182,0.0,4.05595288,8.40084264,-5.7747097
1760624594.712,-0.10294051,-0.12111795,3.46174928,-0.0123527,0.93658585,0.01370858,80.0,-7.0,0.0,80.0,1.3962634,0.0,0.0,0.0,80.0,-7.0,0.0,80.0,1.3962634,0.0,0.0,0.0,-0.4303552,0.7123252,-1.36514038,-1.65035123,-6.98538597,23.17859423,0.0,51.16108086,11.15023079,3.91713408,0.72066306,-52.72720852,61.22554607,0.0,3.37008121,9.24473397,-6.18562301
1760624594.746,-0.08266824,-0.12970703,3.44618896,-0.01378274,0.93741772,0.01387921,80.0,-7.0,0.0,80.0,1.3962634,0.0,0.0,0.0,80.0,-7.0,0.0,80.0,1.3962634,0.0,0.0,0.0,0.66016499,0.82507801,-0.44926813,-2.85291767,-7.04811219,22.05999197,0.0,51.12938989,11.12758263,3.92744609,0.9370189,-57.31209554,60.65144982,0.0,2.3220464,10.23128788,-6.66959376
1760624594.812,-0.05922436,-0.15413415,3.39962983,-0.01257692,0.94254635,0.01151447,80.0,-7.0,0.0,80.0,1.3962634,0.0,0.0,0.0,80.0,-7.0,0.0,80.0,1.3962634,0.0,0.0,0.0,2.28492565,1.08426067,0.84592624,-4.68258316,-7.13766753,20.41074633,0.0,51.13686504,11.09823865,3.92065192,2.54999899,-64.17515773,60.41826507,0.0,1.18016342,11.94762418,-6.8130014
1760624594.845,-0.03868303,-0.19560443,3.38144887,-0.0122641,0.9431905,0.01021455,80.0,-7.0,0.0,80.0,1.3962634,0.0,0.0,0.0,80.0,-7.0,0.0,80.0,1.3962634,0.0,0.0,0.0,1.93180185,1.03219749,0.96031492,-4.38906623,-6.99513026,20.08335443,0.0,51.20981214,11.11735479,3.90689204,3.92293012,-68.63390665,59.06278307,0.0,0.0,12.994335,-6.83192633
1760624594.879,-0.02060087,-0.22719611,3.37490234,-0.01175992,0.94552248,0.00905822,80.0,-7.0,0.0,80.0,1.3962634,0.0,0.0,0.0,80.0,-7.0,0.0,80.0,1.3962634,0.0,0.0,0.0,1.25427601,1.50577755,-0.45104083,-3.612156,-7.46897732,21.35097657,0.0,51.28722082,11.13686794,3.91831879,2.02825626,-71.66935634,54.06014729,0.0,0.0,13.53805987,-6.61991152
1760624594.912,0.00522523,-0.25933413,3.3769077,-0.01409651,0.94644952,0.00761025,80.0,-7.0,0.0,80.0,1.3962634,0.0,0.0,0.0,80.0,-7.0,0.0,80.0,1.3962634,0.0,0.0,0.0,1.72052407,1.59192578,1.75656116,-4.47654438,-7.29723907,18.96770595,0.0,51.37934781,11.16272407,3.91731418,9.21556403,-74.93799095,58.5214899,0.0,1.84010974,14.3849209,-6.77864043
1760624594.946,0.03432689,-0.30398507,3.39901798,-0.01767854,0.94743247,0.00617403,80.0,-7.0,0.0,80.0,1.3962634,0.0,0.0,0.0,80.0,-7.0,0.0,80.0,1.3962634,0.0,0.0,0.0,4.46422906,1.87212638,1.85496954,-7.66234355,-7.2954974,18.51358929,0.0,51.57148354,11.15696868,3.97301223,9.17003876,-79.05514634,58.6885966,0.14343554,1.63531921,15.47166342,-6.73153974
1760624594.979,0.04459916,-0.32950127,3.43088567,-0.01734986,0.94700901,0.00520136,80.0,-7.0,0.0,80.0,1.3962634,0.0,0.0,0.0,80.0,-7.0,0.0,80.0,1.3962634,0.0,0.0,0.0,4.04760211,1.74132749,2.0868927,-7.31553108,-7.07900655,18.23147939,0.0,51.68135741,11.2268561,3.97601195,10.18494267,-84.10420405,58.79146268,2.48620496,0.0,15.93992135,-6.57379069
1760624595.013,0.06563234,-0.36113331,3.47016022,-0.01768352,0.94719718,0.0036963,80.0,-7.0,0.0,80.0,1.3962634,0.0,0.0,0.0,80.0,-7.0,0.0,80.0,1.3962634,0.0,0.0,0.0,3.79513677,1.87669302,1.74285972,-7.16175232,-7.14229224,18.64169963,0.0,51.72331955,11.29271395,3.98719334,11.64392211,-88.49816379,57.84432074,3.46867297,0.0,16.25375522,-6.58158965
1760624595.046,0.07089842,-0.3811929,3.49881883,-0.01787723,0.94832878,0.0025238,80.0,-7.0,0.0,80.0,1.3962634,0.0,0.0,0.0,80.0,-7.0,0.0,80.0,1.3962634,0.0,0.0,0.0,4.1546561,2.10005539,1.55727895,-7.62807461,-7.29332666,18.84247274,0.0,51.76552949,11.3147371,3.99038317,11.98530958,-92.08253997,57.47473155,4.71026865,0.0,16.46398293,-6.64738899
1760624595.08,0.08513664,-0.39793649,3.5331771,-0.01793963,0.94966827,0.00145004,80.0,-7.0,0.0,80.0,1.3962634,0.0,0.0,0.0,80.0,-7.0,0.0,80.0,1.3962634,0.0,0.0,0.0,4.30958861,2.37757262,2.63690609,-7.98072308,-7.35885872,17.85715517,0.0,51.71055971,11.33562315,3.99454797,-11.40327418,-94.17392868,32.76912625,4.65554661,0.0,16.74025862,-6.47789928
1760624595.113,0.10627544,-0.43365603,3.55534055,-0.01694913,0.95024636,-0.00157518,80.0,-7.0,0.0,80.0,1.3962634,0.0,0.0,0.0,80.0,-7.0,0.0,80.0,1.3962634,0.0,0.0,0.0,5.18096267,2.94268725,2.29690127,-8.894299,-7.85625038,18.21494179,0.0,51.58013229,11.31474039,4.00549002,-10.41896855,-95.82840017,31.69399789,4.34202699,0.0,17.2281761,-5.86905441
1760624595.146,0.10964917,-0.45313914,3.53999771,-0.01608539,0.95073483,-0.00411659,80.0,-7.0,0.0,80.0,1.3962634,0.0,0.0,0.0,80.0,-7.0,0.0,80.0,1.3962634,0.0,0.0,0.0,5.47465881,3.55469003,1.85549827,-9.14773104,-8.49581357,18.56845556,0.0,51.55172872,11.2891081,3.98115927,-9.37252015,-96.67404761,30.61890706,4.27208682,0.0,17.58482995,-5.28687041
1760624595.18,0.11353618,-0.46347255,3.51714859,-0.01614008,0.95059863,-0.00512757,80.0,-7.0,0.0,80.0,1.3962634,0.0,0.0,0.0,80.0,-7.0,0.0,80.0,1.3962634,0.0,0.0,0.0,5.87681582,3.97113541,1.264571,-9.47717359,-8.99423334,19.22944594,0.0,51.41121311,11.28066903,3.97759799,-8.44036496,-97.37402342,29.81476192,4.03578139,0.0,17.82274377,-4.84955553
1760624595.213,0.1315772,-0.47164622,3.49247013,-0.01593448,0.95098908,-0.0054874,80.0,-7.0,0.0,80.0,1.3962634,0.0,0.0,0.0,80.0,-7.0,0.0,80.0,1.3962634,0.0,0.0,0.0,5.68806829,4.09136649,1.5374834,-9.21621749,-9.10829702,19.21717496,0.0,51.19322473,11.27846222,3.91758583,-7.23118993,-99.2621568,28.5386361,4.88264735,0.0,17.97488634,-4.53082564
1760624595.247,0.1526202,-0.46378666,3.49458489,-0.01865768,0.95286195,-0.00526896,80.0,-7.0,0.0,80.0,1.3962634,0.0,0.0,0.0,80.0,-7.0,0.0,80.0,1.3962634,0.0,0.0,0.0,5.6483629,4.33247564,1.70823807,-9.15722264,-9.36916095,19.14815136,0.0,51.07309168,11.29400153,3.91458024,-6.42533987,-100.35743574,27.90960485,5.66183452,0.0,18.06632048,-4.22842664
1760624595.28,0.16492299,-0.46177921,3.50711962,-0.01977032,0.95398447,-0.00477981,80.0,-7.0,0.0,80.0,1.3962634,0.0,0.0,0.0,80.0,-7.0,0.0,80.0,1.3962634,0.0,0.0,0.0,3.39528786,4.43380691,3.93089624,-6.92874217,-9.37650251,17.21379119,0.0,50.9434383,11.36211274,3.87159006,-14.99017539,-101.16132565,15.90428939,5.85083635,0.0,18.17350387,-3.95430155
1760624595.314,0.16846131,-0.44363766,3.52200667,-0.02151237,0.95517663,-0.00485681,80.0,-7.0,0.0,80.0,1.3962634,0.0,0.0,0.0,80.0,-7.0,0.0,80.0,1.3962634,0.0,0.0,0.0,3.14078205,4.49029784,3.83287792,-6.59899544,-9.54541548,17.41852368,0.0,50.84942768,11.34368001,3.88451927,-14.54058186,-101.47116131,15.38333778,5.9391853,0.0,18.29911213,-3.66708427
1760624595.347,0.16051583,-0.43675127,3.53585101,-0.02282989,0.95618992,-0.00514682,80.0,-7.0,0.0,80.0,1.3962634,0.0,0.0,0.0,80.0,-7.0,0.0,80.0,1.3962634,0.0,0.0,0.0,2.93464224,4.61704898,3.84246416,-6.36437376,-9.73682691,17.49561196,0.0,50.75235511,11.34930789,3.90633006,-14.38958827,-101.57216033,15.21525666,6.07679845,0.0,18.34840176,-3.50978895
1760624595.414,0.14259436,-0.40293459,3.52379139,-0.02315587,0.95669151,-0.00513364,80.0,-7.0,0.0,80.0,1.3962634,0.0,0.0,0.0,80.0,-7.0,0.0,80.0,1.3962634,0.0,0.0,0.0,2.92844574,4.66278702,3.82846807,-6.30937597,-9.94162047,17.53540033,0.0,50.61188305,11.342491,3.93461343,-14.47855742,-101.28933874,15.33494593,6.33599126,0.0,18.38214149,-3.40987077
1760624595.448,0.12347657,-0.39187556,3.50242941,-0.02091723,0.95659366,-0.00611121,80.0,-7.0,0.0,80.0,1.3962634,0.0,0.0,0.0,80.0,-7.0,0.0,80.0,1.3962634,0.0,0.0,0.0,3.18345525,4.75931431,3.91104285,-6.57451483,-10.07480084,17.4052929,0.0,50.55740012,11.33774683,3.94791077,-14.62216178,-100.95996485,15.62041811,6.6694734,0.0,18.3912899,-3.35307953
1760624595.481,0.11036311,-0.38515092,3.46833596,-0.01884983,0.95633897,-0.00579816,80.0,-7.0,0.0,80.0,1.3962634,0.0,0.0,0.0,80.0,-7.0,0.0,80.0,1.3962634,0.0,0.0,0.0,3.36210504,4.63636968,3.17458138,-6.60311709,-10.07492111,18.11186988,0.0,50.51849919,11.31881899,3.96541005,-5.55303102,-101.14524913,25.19462174,8.06601195,0.0,18.38739288,-3.35563384
1760624595.515,0.10194523,-0.38100361,3.4270577,-0.01767824,0.95630384,-0.00598229,80.0,-7.0,0.0,80.0,1.3962634,0.0,0.0,0.0,80.0,-7.0,0.0,80.0,1.3962634,0.0,0.0,0.0,3.51835602,4.68070393,3.49375013,-6.85152361,-10.13138629,17.69347925,0.0,50.49522669,11.32817431,3.99892066,-5.90175602,-100.58787883,25.80660973,8.55438129,0.0,18.29219234,-3.42716067
1760624595.548,0.09946174,-0.37236058,3.40245932,-0.01730548,0.95665934,-0.00619639,80.0,-7.0,0.0,80.0,1.3962634,0.0,0.0,0.0,80.0,-7.0,0.0,80.0,1.3962634,0.0,0.0,0.0,3.5388849,4.7357155,3.42297859,-6.89576507,-10.23982355,17.69688423,0.0,50.45833252,11.33973901,4.02129946,-6.0626315,-99.85186215,26.67986479,8.58620715,0.0,18.17171968,-3.5870875
1760624595.582,0.09767996,-0.36626495,3.38690674,-0.01750976,0.95645336,-0.00592048,80.0,-7.0,0.0,80.0,1.3962634,0.0,0.0,0.0,80.0,-7.0,0.0,80.0,1.3962634,0.0,0.0,0.0,4.67374297,4.54555622,1.69597724,-7.81488353,-10.25514539,19.22112766,0.0,50.42613266,11.33072165,4.04449544,8.86235678,-100.95231837,44.19325532,10.64256746,0.0,18.02098548,-3.89635764
1760624595.615,0.0932818,-0.35837384,3.37254789,-0.01766771,0.95661355,-0.0058707,80.0,-7.0,0.0,80.0,1.3962634,0.0,0.0,0.0,80.0,-7.0,0.0,80.0,1.3962634,0.0,0.0,0.0,4.82712287,4.47874093,1.35838376,-7.90769694,-10.31005721,19.09012447,0.0,50.58958378,11.33695864,4.05613404,14.42854188,-101.18818902,51.74389257,12.10927593,0.0,17.7576214,-4.27470864
1760624595.648,0.08886461,-0.35396459,3.36438125,-0.01751562,0.95650282,-0.00550594,80.0,-7.0,0.0,80.0,1.3962634,0.0,0.0,0.0,80.0,-7.0,0.0,80.0,1.3962634,0.0,0.0,0.0,4.79094107,4.42033552,0.85893428,-7.81765306,-10.36940492,19.36843429,0.0,50.69570289,11.3716835,4.07875838,20.20360804,-101.24108747,58.75140387,13.05021701,0.0,17.62808019,-4.37899782
1760624595.682,0.0876466,-0.34856901,3.39163753,-0.01733438,0.95624049,-0.00537833,80.0,-7.0,0.0,80.0,1.3962634,0.0,0.0,0.0,80.0,-7.0,0.0,80.0,1.3962634,0.0,0.0,0.0,4.69434696,4.32341678,0.47551628,-7.73144276,-10.34551473,19.66966303,0.0,50.69003209,11.38862424,4.08660068,25.99061217,-101.19612737,65.4582968,14.02701188,0.0,17.46567377,-4.48967046
1760624595.715,0.09268026,-0.34516416,3.42926022,-0.01757599,0.95601282,-0.00458249,80.0,-7.0,0.0,80.0,1.3962634,0.0,0.0,0.0,80.0,-7.0,0.0,80.0,1.3962634,0.0,0.0,0.0,4.5865904,4.08244113,-0.57646312,-7.59350419,-10.26391092,20.56828529,0.0,50.78330017,11.38361788,4.11637147,35.62125798,-101.03082498,76.65196568,14.77703448,0.0,17.23815988,-4.62624992
1760624595.749,0.10096388,-0.34244994,3.45145109,-0.01754606,0.95585125,-0.00395475,80.0,-7.0,0.0,80.0,1.3962634,0.0,0.0,0.0,80.0,-7.0,0.0,80.0,1.3962634,0.0,0.0,0.0,4.51995629,3.87366564,-0.67209367,-7.5986962,-10.07247465,20.48868252,0.0,50.94024133,11.39565704,4.11013075,42.5417146,-99.8103998,84.24126873,14.73353437,0.0,17.01614386,-4.84189783
1760624595.782,0.1022159,-0.34466795,3.47945268,-0.01761282,0.95500371,-0.00270577,80.0,-7.0,0.0,80.0,1.3962634,0.0,0.0,0.0,80.0,-7.0,0.0,80.0,1.3962634,0.0,0.0,0.0,3.95481109,3.42616155,-0.14901837,-7.1527832,-9.5560838,20.03384449,0.0,50.99866294,11.44166848,4.13768204,48.31935597,-98.56177617,90.00000018,15.05540656,0.0,16.94258731,-4.59232317
1760624595.815,0.1182838,-0.34182689,3.50834635,-0.01786976,0.95376592,0.00026149,80.0,-7.0,0.0,80.0,1.3962634,0.0,0.0,0.0,80.0,-7.0,0.0,80.0,1.3962634,0.0,0.0,0.0,3.61080553,2.64252813,1.21779325,-7.08387456,-8.57970952,18.83037039,0.0,50.93288856,11.4751489,4.12694119,47.02942204,-98.65475852,90.00000018,17.6046989,0.0,16.62189668,-4.40631659
1760624595.849,0.13658613,-0.33967445,3.54680719,-0.01892174,0.95245061,0.00244448,80.0,-7.0,0.0,80.0,1.3962634,0.0,0.0,0.0,80.0,-7.0,0.0,80.0,1.3962634,0.0,0.0,0.0,3.23020955,1.95944677,2.28485879,-6.85255915,-7.79084465,17.83879268,0.0,50.92448436,11.52394706,4.10362847,46.03033387,-98.18530667,90.00000018,19.11932784,0.0,16.26622711,-4.37433386
1760624595.882,0.12531151,-0.33465247,3.59383043,-0.01948977,0.95137592,0.00448089,80.0,-7.0,0.0,80.0,1.3962634,0.0,0.0,0.0,80.0,-7.0,0.0,80.0,1.3962634,0.0,0.0,0.0,3.46932266,1.32622892,3.21400446,-7.18131973,-7.05526145,16.89063631,0.0,50.92582364,11.52635824,4.09455385,44.22912901,-98.11835811,90.00000018,21.05240083,0.0,15.93098074,-4.28379776
1760624595.916,0.1317541,-0.31757255,3.62105306,-0.01861405,0.95113492,0.00603712,80.0,-7.0,0.0,80.0,1.3962634,0.0,0.0,0.0,80.0,-7.0,0.0,80.0,1.3962634,0.0,0.0,0.0,3.16972578,0.72432262,4.56390193,-6.917163,-6.37995765,15.552629,0.0,50.87196449,11.52196162,4.07191213,42.60399213,-98.15797643,90.00000018,24.21796674,0.0,15.41551717,-4.17660772
1760624595.949,0.11828142,-0.31368653,3.62522314,-0.01672555,0.95030588,0.00686469,80.0,-7.0,0.0,80.0,1.3962634,0.0,0.0,0.0,80.0,-7.0,0.0,80.0,1.3962634,0.0,0.0,0.0,2.8195955,0.31780451,5.94861623,-6.57676022,-5.91358227,14.39218297,0.0,50.71629643,11.54244437,4.08073024,41.35880454,-96.26610498,90.00000018,25.03892713,0.0,14.98231305,-4.01994265
1760624595.983,0.11625439,-0.30943558,3.59292061,-0.01432604,0.94906193,0.0073973,80.0,-7.0,0.0,80.0,1.3962634,0.0,0.0,0.0,80.0,-7.0,0.0,80.0,1.3962634,0.0,0.0,0.0,3.00917477,-0.06726678,7.14476617,-6.80150964,-5.48978653,13.45578751,0.0,50.62777836,11.55398272,4.09283794,38.25727936,-94.45472104,90.00000018,26.351533,0.0,14.29321203,-4.07626774
1760624596.016,0.11969769,-0.2993371,3.56333951,-0.01239222,0.9480694,0.01032812,80.0,-7.0,0.0,80.0,1.3962634,0.0,0.0,0.0,80.0,-7.0,0.0,80.0,1.3962634,0.0,0.0,0.0,3.2097463,-0.44533032,8.21796624,-7.02362858,-5.07524792,12.63669873,0.0,50.54298382,11.58711286,4.09364706,36.41411079,-92.39431058,90.00000018,26.78787317,0.0,13.76075746,-4.06449038
1760624596.05,0.10215834,-0.30712923,3.54285788,-0.01209405,0.94970427,0.00259671,80.0,-7.0,0.0,80.0,1.3962634,0.0,0.0,0.0,80.0,-7.0,0.0,80.0,1.3962634,0.0,0.0,0.0,2.9658935,2.2366977,-1.07924075,-5.57990625,-8.87834181,21.94729834,0.0,50.35101978,11.57818253,4.15706227,-39.99116059,-77.17972311,15.00354632,19.88526729,0.0,13.24001825,-4.64854159
1760624596.083,0.09993535,-0.30312281,3.50273077,-0.01129192,0.94902753,0.0046525,80.0,-7.0,0.0,80.0,1.3962634,0.0,0.0,0.0,80.0,-7.0,0.0,80.0,1.3962634,0.0,0.0,0.0,2.88180195,1.95257172,-1.726346,-5.30508158,-8.81099272,22.77165106,0.0,50.29104212,11.46324529,4.16919518,-50.60584211,-76.74504531,6.58144146,24.69610775,0.0,12.46825799,-4.53420731
1760624596.117,0.09142592,-0.3114877,3.4824297,-0.01103305,0.94845381,0.00762201,80.0,-7.0,0.0,80.0,1.3962634,0.0,0.0,0.0,80.0,-7.0,0.0,80.0,1.3962634,0.0,0.0,0.0,2.52648861,1.65943411,-2.48788465,-4.75428186,-8.68101617,23.73779097,0.0,50.2582912,11.4766782,4.22205335,-39.22983015,-74.16235612,18.88688512,23.14945657,0.0,11.80903422,-4.37807677
1760624596.15,0.10442984,-0.32054325,3.46585166,-0.01161385,0.94697283,0.00980802,80.0,-7.0,0.0,80.0,1.3962634,0.0,0.0,0.0,80.0,-7.0,0.0,80.0,1.3962634,0.0,0.0,0.0,1.86359733,1.08487302,-3.0703106,-3.95307435,-8.21588803,24.7286673,0.0,50.03823129,11.4611638,4.2395797,-27.72241097,-70.94915212,31.55946746,20.28870109,0.0,11.16001835,-4.21863897
1760624596.184,0.13916729,-0.33657273,3.45860229,-0.01234384,0.94712467,0.01103205,80.0,-7.0,0.0,80.0,1.3962634,0.0,0.0,0.0,80.0,-7.0,0.0,80.0,1.3962634,0.0,0.0,0.0,0.39898462,0.9073713,-5.17411904,-2.07427229,-8.15904045,27.11329554,0.0,49.90940157,11.47997613,4.21263976,-23.25895649,-66.67723526,36.45085041,18.77563747,0.0,10.16850988,-4.00901075
1760624596.217,0.14774243,-0.35872463,3.4956371,-0.01593799,0.94592224,0.01190498,80.0,-7.0,0.0,80.0,1.3962634,0.0,0.0,0.0,80.0,-7.0,0.0,80.0,1.3962634,0.0,0.0,0.0,0.29468207,0.45136114,-5.21934516,-1.97375941,-7.7845421,27.31576318,0.0,49.90240814,11.48384456,4.21905318,-21.54363791,-64.8958204,39.31939235,19.15254431,0.0,9.4739645,-3.97890684
1760624596.25,0.17146293,-0.39262335,3.5236361,-0.01656649,0.94522808,0.01067599,80.0,-7.0,0.0,80.0,1.3962634,0.0,0.0,0.0,80.0,-7.0,0.0,80.0,1.3962634,0.0,0.0,0.0,0.11909161,0.26040839,-5.39934336,-1.78377162,-7.62544816,27.66602404,0.0,49.76913547,11.47292926,4.22136786,-18.49265634,-62.62896321,43.83135107,19.05811245,0.0,8.7157386,-3.67190218
1760624596.284,0.19333612,-0.41797074,3.54455364,-0.01511844,0.945538,0.01019812,80.0,-7.0,0.0,80.0,1.3962634,0.0,0.0,0.0,80.0,-7.0,0.0,80.0,1.3962634,0.0,0.0,0.0,0.2912299,0.20872301,-5.44985422,-1.9124059,-7.59991671,27.83112876,0.0,49.64391415,11.39288766,4.22936417,-15.95105006,-61.2582128,48.96779542,21.2391806,0.0,7.74350223,-2.81860474
1760624596.318,0.17772312,-0.43803555,3.54121513,-0.01404656,0.9451806,0.00931627,80.0,-7.0,0.0,80.0,1.3962634,0.0,0.0,0.0,80.0,-7.0,0.0,80.0,1.3962634,0.0,0.0,0.0,0.54551051,0.00462384,-4.83377831,-2.22262039,-7.39604141,27.22538653,0.0,49.72136599,11.40851348,4.20267413,-11.1831528,-59.13328249,55.99310324,21.24330231,0.0,6.99804697,-2.34996545
1760624596.351,0.19895506,-0.45820565,3.52467809,-0.01495706,0.94413889,0.00992754,80.0,-7.0,0.0,80.0,1.3962634,0.0,0.0,0.0,80.0,-7.0,0.0,80.0,1.3962634,0.0,0.0,0.0,-0.56737435,-0.28680644,-5.20388981,-1.11606954,-6.98432544,27.71325698,0.0,49.79597678,11.43235989,4.18741629,-7.81298439,-57.90425805,59.77987175,22.32394708,0.0,6.67230917,-1.68227994
1760624596.384,0.24135945,-0.48884145,3.51462724,-0.01502194,0.94438062,0.00985289,80.0,-7.0,0.0,80.0,1.3962634,0.0,0.0,0.0,80.0,-7.0,0.0,80.0,1.3962634,0.0,0.0,0.0,-0.38394573,-0.29429664,-4.54475368,-1.47160759,-6.83371398,27.31047539,0.0,49.722191,11.46213588,4.18170915,-4.68392513,-56.76403407,64.72504709,24.80290631,0.0,6.36542795,-0.58377552
1760624596.417,0.25460914,-0.50861964,3.52563993,-0.0153491,0.94383892,0.00954782,80.0,-7.0,0.0,80.0,1.3962634,0.0,0.0,0.0,80.0,-7.0,0.0,80.0,1.3962634,0.0,0.0,0.0,-0.58848573,-0.57498481,-4.66723073,-1.34413947,-6.43338634,27.67682818,0.0,49.7427526,11.56329857,4.17319267,-2.23818337,-52.98875551,68.02433265,23.12085352,0.0,6.13479729,0.2309847
1760624596.451,0.27654826,-0.51419626,3.54728898,-0.01580997,0.94332735,0.00905304,80.0,-7.0,0.0,80.0,1.3962634,0.0,0.0,0.0,80.0,-7.0,0.0,80.0,1.3962634,0.0,0.0,0.0,-0.53798502,-0.58009903,-4.56303767,-1.49947021,-6.2977528,27.77420609,0.0,49.84736486,11.6392689,4.14938515,-0.86859603,-48.60327771,70.33880564,21.08644824,0.0,5.99007242,1.12274886
1760624596.485,0.28970362,-0.51620955,3.62772871,-0.017379,0.94233544,0.00803616,80.0,-7.0,0.0,80.0,1.3962634,0.0,0.0,0.0,80.0,-7.0,0.0,80.0,1.3962634,0.0,0.0,0.0,-1.68062817,-0.3090969,-5.98632568,-0.26364279,-6.30419068,29.45947745,0.0,49.96965307,11.70306539,4.11409181,-1.10427151,-45.57448709,68.91322599,21.18400242,0.0,5.80827564,2.36702873
1760624596.518,0.29483045,-0.51311544,3.66856559,-0.01896803,0.94292823,0.00690463,80.0,-7.0,0.0,80.0,1.3962634,0.0,0.0,0.0,80.0,-7.0,0.0,80.0,1.3962634,0.0,0.0,0.0,-2.53661958,0.17772497,-7.50449426,0.79599296,-6.56725941,31.14944339,0.0,50.0686532,11.72322106,4.09015526,-0.97201872,-41.13154904,67.62448485,18.9397981,0.0,5.75399345,3.19818915
1760624596.552,0.31157884,-0.49602846,3.68674131,-0.01976633,0.94298737,0.00562048,80.0,-7.0,0.0,80.0,1.3962634,0.0,0.0,0.0,80.0,-7.0,0.0,80.0,1.3962634,0.0,0.0,0.0,-2.87954388,0.39240751,-7.79254543,1.1918986,-6.62207033,31.42475983,0.0,50.30073764,11.68561108,4.03356386,-0.89701719,-39.10354955,67.24491749,18.80310086,0.0,5.68135909,3.79551808
1760624596.585,0.3000106,-0.46978789,3.68893522,-0.02026131,0.94273119,0.00497925,80.0,-7.0,0.0,80.0,1.3962634,0.0,0.0,0.0,80.0,-7.0,0.0,80.0,1.3962634,0.0,0.0,0.0,-2.82968953,0.53361518,-8.06793016,1.16634985,-6.67623994,32.00075872,0.0,50.45795603,11.74493858,3.97917094,-0.94099999,-35.75533951,67.1967596,17.50742056,0.0,5.63903894,4.63329277
1760624596.618,0.31144602,-0.45415262,3.67145019,-0.01970457,0.94249505,0.00574702,80.0,-7.0,0.0,80.0,1.3962634,0.0,0.0,0.0,80.0,-7.0,0.0,80.0,1.3962634,0.0,0.0,0.0,-2.40009075,0.4030134,-8.14879808,0.62658395,-6.58663993,32.43311704,0.0,50.70645137,11.72548237,3.99673309,-1.03577557,-32.66890547,67.67292011,15.41082179,0.0,5.65140163,5.1841186
1760624596.652,0.32289288,-0.43650705,3.66229412,-0.01872855,0.94227835,0.00607896,80.0,-7.0,0.0,80.0,1.3962634,0.0,0.0,0.0,80.0,-7.0,0.0,80.0,1.3962634,0.0,0.0,0.0,-2.00080784,0.32121795,-8.23389848,0.17404639,-6.56859154,32.88203483,0.0,51.02709581,11.59523977,4.05791065,-1.33248739,-30.49341146,68.00470766,14.16422861,0.0,5.45871142,5.41475742
1760624596.685,0.28774218,-0.41749474,3.6328115,-0.01748711,0.94227113,0.00640734,80.0,-7.0,0.0,80.0,1.3962634,0.0,0.0,0.0,80.0,-7.0,0.0,80.0,1.3962634,0.0,0.0,0.0,-1.84396369,0.36602079,-7.99900842,0.09491819,-6.5989047,32.94516234,0.0,51.13229062,11.54329586,4.03512695,-1.05680196,-29.55474346,69.55143018,14.03531909,0.0,5.32903399,5.68785002
1760624596.719,0.27914651,-0.40845464,3.59461831,-0.01455438,0.94168153,0.00656401,80.0,-7.0,0.0,80.0,1.3962634,0.0,0.0,0.0,80.0,-7.0,0.0,80.0,1.3962634,0.0,0.0,0.0,-2.08453044,0.38331791,-8.41769739,0.4893923,-6.54727377,33.57583569,0.0,51.04444734,11.57995028,3.99541165,-0.64073003,-28.73222495,70.07753559,13.5378376,0.0,5.3182043,5.86863963
1760624596.752,0.29787424,-0.38607494,3.57848079,-0.01181987,0.94088337,0.00716007,80.0,-7.0,0.0,80.0,1.3962634,0.0,0.0,0.0,80.0,-7.0,0.0,80.0,1.3962634,0.0,0.0,0.0,-2.26579763,0.20623187,-8.84653542,0.78541782,-6.33759143,34.1985672,0.0,50.98421609,11.57386004,3.97451463,-0.37126942,-27.96167361,70.26788881,12.93244627,0.0,5.27696795,5.90845866
1760624596.786,0.29295828,-0.34412293,3.58371548,-0.01177704,0.94054888,0.0074717,80.0,-7.0,0.0,80.0,1.3962634,0.0,0.0,0.0,80.0,-7.0,0.0,80.0,1.3962634,0.0,0.0,0.0,-2.34891452,0.01420295,-9.02913655,1.03952655,-6.11093728,34.63484455,0.0,50.75329467,11.56474259,3.89522203,0.08216644,-26.68638543,70.99926174,11.64253992,0.0,5.36970948,5.93053061
1760624596.819,0.3014836,-0.29684953,3.59182203,-0.01359167,0.94035116,0.00743734,80.0,-7.0,0.0,80.0,1.3962634,0.0,0.0,0.0,80.0,-7.0,0.0,80.0,1.3962634,0.0,0.0,0.0,-2.56990793,-0.19264559,-9.21975495,1.3616684,-5.87333651,34.92839243,0.0,50.61983841,11.60902371,3.83683588,0.22671128,-25.5891163,70.88434538,10.32779923,0.0,5.23660808,5.66380335
1760624596.853,0.31343031,-0.24149862,3.6029968,-0.01489994,0.94025916,0.00808124,80.0,-7.0,0.0,80.0,1.3962634,0.0,0.0,0.0,80.0,-7.0,0.0,80.0,1.3962634,0.0,0.0,0.0,-2.66431962,-0.29698235,-9.48218945,1.56473361,-5.72084296,35.35345376,0.0,50.45882102,11.62766979,3.77256857,0.21764826,-24.69595941,71.19779422,9.04839724,0.0,4.89687472,5.21885128
1760624596.886,0.31213002,-0.20197479,3.60771428,-0.01580015,0.93896592,0.00931554,80.0,-7.0,0.0,80.0,1.3962634,0.0,0.0,0.0,80.0,-7.0,0.0,80.0,1.3962634,0.0,0.0,0.0,-2.67724867,-0.4849032,-9.46693341,1.5833624,-5.51851921,35.50835491,0.0,50.38031566,11.65766868,3.75357991,0.3906692,-24.49447882,72.20047383,8.31956384,0.0,4.84911973,5.05961484
1760624596.919,0.31364668,-0.16499129,3.61131921,-0.0164889,0.93865935,0.00974514,80.0,-7.0,0.0,80.0,1.3962634,0.0,0.0,0.0,80.0,-7.0,0.0,80.0,1.3962634,0.0,0.0,0.0,-2.61551608,-0.60903871,-9.63575866,1.52833467,-5.40260187,35.82265414,0.0,50.31366531,11.66184879,3.73725631,0.41440984,-24.63385246,72.80304261,8.13293083,0.0,4.80884108,4.90770683
1760624596.953,0.32312373,-0.1303758,3.59314385,-0.01879004,0.93895516,0.00939192,80.0,-7.0,0.0,80.0,1.3962634,0.0,0.0,0.0,80.0,-7.0,0.0,80.0,1.3962634,0.0,0.0,0.0,-2.79822429,-0.58554263,-9.53888719,1.70467076,-5.39671858,35.88460775,0.0,50.23578993,11.66997093,3.7255856,0.92214111,-24.81086589,73.5209005,8.20129523,0.0,4.79676791,4.79434985
1760624596.986,0.31621434,-0.11729163,3.57817206,-0.01982944,0.93960265,0.00929279,80.0,-7.0,0.0,80.0,1.3962634,0.0,0.0,0.0,80.0,-7.0,0.0,80.0,1.3962634,0.0,0.0,0.0,-2.91923928,-0.53500224,-9.56795867,1.84391344,-5.43203377,35.97704935,0.0,50.24921154,11.69814923,3.73093097,1.1737795,-24.95498592,73.6234824,8.33510133,0.0,4.84033792,4.79356987
1760624597.02,0.31828438,-0.10619093,3.55923349,-0.02250868,0.94053513,0.00929716,80.0,-7.0,0.0,80.0,1.3962634,0.0,0.0,0.0,80.0,-7.0,0.0,80.0,1.3962634,0.0,0.0,0.0,-3.0613348,-0.47650201,-9.61131509,1.98180922,-5.46495288,36.09466065,0.0,50.21059841,11.70325253,3.73242825,1.26666356,-25.22745322,73.3736117,8.6607012,0.0,4.82516598,4.77407927
1760624597.053,0.30386705,-0.09420172,3.5249775,-0.02319007,0.94114364,0.00959852,80.0,-7.0,0.0,80.0,1.3962634,0.0,0.0,0.0,80.0,-7.0,0.0,80.0,1.3962634,0.0,0.0,0.0,-3.07851638,-0.44909265,-9.51381022,2.00068984,-5.49181091,36.05100098,0.0,50.17396072,11.689232,3.73607783,1.27084348,-25.2137804,73.23774406,8.6906507,0.0,4.78843518,4.73605311
1760624597.087,0.31404396,-0.10558578,3.52152772,-0.02355949,0.94128557,0.00965023,80.0,-7.0,0.0,80.0,1.3962634,0.0,0.0,0.0,80.0,-7.0,0.0,80.0,1.3962634,0.0,0.0,0.0,-3.34659352,-0.21556431,-9.33358063,2.28655991,-5.66954032,35.89080472,0.0,50.12294423,11.69608957,3.73497767,1.61616128,-25.32188709,73.40149229,9.02448743,0.0,4.74918908,4.723417
1760624597.12,0.31154649,-0.11527472,3.51115955,-0.02224529,0.94045072,0.0105157,80.0,-7.0,0.0,80.0,1.3962634,0.0,0.0,0.0,80.0,-7.0,0.0,80.0,1.3962634,0.0,0.0,0.0,-3.42548167,-0.13336588,-9.09559002,2.34930747,-5.73317209,35.64892843,0.0,50.07248132,11.7036901,3.7253677,1.79915477,-25.72948717,73.71712922,9.55722996,0.0,4.75182012,4.75197863
1760624597.154,0.30023965,-0.12835753,3.52438097,-0.01910559,0.93980891,0.01120298,80.0,-7.0,0.0,80.0,1.3962634,0.0,0.0,0.0,80.0,-7.0,0.0,80.0,1.3962634,0.0,0.0,0.0,-3.39749477,-0.14141126,-8.85668251,2.28891407,-5.70253533,35.39195419,0.0,49.93416292,11.7182116,3.73041798,1.8808137,-25.8606672,74.04637068,9.74544802,0.0,4.7377273,4.73993083
1760624597.187,0.29451497,-0.13253656,3.52384034,-0.01757117,0.93966117,0.01142423,80.0,-7.0,0.0,80.0,1.3962634,0.0,0.0,0.0,80.0,-7.0,0.0,80.0,1.3962634,0.0,0.0,0.0,-3.43001337,-0.12923276,-8.79672612,2.30958695,-5.6891199,35.29112556,0.0,49.90994259,11.70864612,3.72309111,1.85786148,-25.83571406,73.93444704,9.7477529,0.0,4.69549248,4.70067471
1760624597.221,0.28926899,-0.13699104,3.53500495,-0.01719213,0.93963508,0.01163193,80.0,-7.0,0.0,80.0,1.3962634,0.0,0.0,0.0,80.0,-7.0,0.0,80.0,1.3962634,0.0,0.0,0.0,-3.04524496,-0.15343184,-8.71635135,1.87634334,-5.7073613,35.16707537,0.0,49.89682501,11.720954,3.72008219,1.40959723,-25.6213571,73.92642479,9.54440247,0.0,4.63425733,4.60594326
1760624597.254,0.29876522,-0.13496441,3.54734715,-0.01730909,0.93964396,0.01171588,80.0,-7.0,0.0,80.0,1.3962634,0.0,0.0,0.0,80.0,-7.0,0.0,80.0,1.3962634,0.0,0.0,0.0,-3.08968958,-0.09495056,-8.75062668,1.89063752,-5.72411144,35.21900675,0.0,49.81988866,11.74348092,3.69410352,1.41275119,-25.62157541,74.0086467,9.50723712,0.0,4.60348764,4.58911601
1760624597.287,0.31306178,-0.13506231,3.55620614,-0.01838893,0.93984733,0.01108834,80.0,-7.0,0.0,80.0,1.3962634,0.0,0.0,0.0,80.0,-7.0,0.0,80.0,1.3962634,0.0,0.0,0.0,-3.15082546,0.08001606,-8.45479654,1.90382462,-5.86573175,34.943327,0.0,49.80284856,11.75523726,3.68410082,1.68562793,-25.13053805,74.57007534,9.10122199,0.0,4.61301976,4.56889196
1760624597.321,0.31664771,-0.1315261,3.56243586,-0.01883822,0.93999951,0.01109282,80.0,-7.0,0.0,80.0,1.3962634,0.0,0.0,0.0,80.0,-7.0,0.0,80.0,1.3962634,0.0,0.0,0.0,-3.30995708,0.13699766,-8.47848014,2.04114597,-5.88082896,35.04018921,0.0,49.75251977,11.7915211,3.70369272,1.86217815,-25.12447192,74.70763598,9.02861883,0.0,4.60733398,4.51739629
1760624597.354,0.31554406,-0.12956063,3.56608092,-0.01864528,0.94001829,0.01106272,80.0,-7.0,0.0,80.0,1.3962634,0.0,0.0,0.0,80.0,-7.0,0.0,80.0,1.3962634,0.0,0.0,0.0,-3.34431195,0.16840572,-8.43513943,2.04502461,-5.86379352,35.09371058,0.0,49.66173673,11.79712294,3.68334112,1.86293674,-25.14710753,74.73858957,8.98638869,0.0,4.54878892,4.42311314
1760624597.388,0.3278314,-0.11917735,3.56928591,-0.02141463,0.94065354,0.01091077,80.0,-7.0,0.0,80.0,1.3962634,0.0,0.0,0.0,80.0,-7.0,0.0,80.0,1.3962634,0.0,0.0,0.0,-3.92185541,0.17425955,-8.55930276,2.61217836,-5.77163933,35.18794369,0.0,49.67376732,11.79842286,3.67508228,2.3271982,-25.02912687,74.52926731,8.73505536,0.0,4.52472479,4.41955226
1760624597.421,0.33128453,-0.11362441,3.57241457,-0.02261232,0.94132854,0.01070285,80.0,-7.0,0.0,80.0,1.3962634,0.0,0.0,0.0,80.0,-7.0,0.0,80.0,1.3962634,0.0,0.0,0.0,-4.15985141,0.20008423,-8.6299448,2.82849118,-5.749934,35.22765053,0.0,49.69562224,11.82793035,3.67787102,2.5038784,-24.91480078,74.40992398,8.57319175,0.0,4.51803079,4.40252372
1760624597.455,0.34665848,-0.111408,3.5777854,-0.02371299,0.94188097,0.01008679,80.0,-7.0,0.0,80.0,1.3962634,0.0,0.0,0.0,80.0,-7.0,0.0,80.0,1.3962634,0.0,0.0,0.0,-4.25585005,0.33347213,-8.52367013,2.86986417,-5.86638867,35.17324148,0.0,49.66409507,11.88225319,3.66468584,2.63080625,-24.79548227,74.54308696,8.55539667,0.0,4.50826333,4.35454084
1760624597.488,0.35164241,-0.108515,3.57997855,-0.02406185,0.94214965,0.00988567,80.0,-7.0,0.0,80.0,1.3962634,0.0,0.0,0.0,80.0,-7.0,0.0,80.0,1.3962634,0.0,0.0,0.0,-4.42262445,0.42789547,-8.37311169,2.99182875,-5.94282138,35.0787269,0.0,49.6537481,11.88464071,3.65523567,2.87388508,-24.78716284,74.74837773,8.60010498,0.0,4.50485322,4.35547148
1760624597.521,0.35441499,-0.10442476,3.57286568,-0.02383379,0.94211821,0.00991257,80.0,-7.0,0.0,80.0,1.3962634,0.0,0.0,0.0,80.0,-7.0,0.0,80.0,1.3962634,0.0,0.0,0.0,-4.34402974,0.48842156,-8.13989556,2.85222827,-6.03345594,34.88558085,0.0,49.63798433,11.87807809,3.65610621,2.87368847,-24.84654922,75.02429446,8.73025161,0.0,4.49006303,4.33823167
1760624597.555,0.36507026,-0.09508414,3.56933388,-0.02389002,0.94203533,0.01064574,80.0,-7.0,0.0,80.0,1.3962634,0.0,0.0,0.0,80.0,-7.0,0.0,80.0,1.3962634,0.0,0.0,0.0,-4.47605129,0.48801686,-7.79700433,2.90710984,-6.05108501,34.52530411,0.0,49.67365247,11.90565966,3.6688836,3.12098279,-25.09209527,75.38063592,8.98755363,0.0,4.45888857,4.3196552
1760624597.588,0.36510232,-0.09233838,3.57535347,-0.02424515,0.94210492,0.01068025,80.0,-7.0,0.0,80.0,1.3962634,0.0,0.0,0.0,80.0,-7.0,0.0,80.0,1.3962634,0.0,0.0,0.0,-4.48448336,0.48580155,-7.79899395,2.8930485,-6.05409953,34.5355014,0.0,49.68185646,11.90388965,3.66385636,3.1244368,-25.09324255,75.40009882,8.99249057,0.0,4.45451039,4.30522967
1760624597.622,0.35692761,-0.0841893,3.58352118,-0.02373611,0.94179059,0.01085959,80.0,-7.0,0.0,80.0,1.3962634,0.0,0.0,0.0,80.0,-7.0,0.0,80.0,1.3962634,0.0,0.0,0.0,-3.9294628,0.43669025,-7.48567975,2.2633756,-6.11748706,34.22903275,0.0,49.66735329,11.90253592,3.65528562,2.704138,-25.13032793,75.79227585,9.09557481,0.0,4.4704741,4.297162
1760624597.655,0.37824397,-0.08114244,3.57334055,-0.02342977,0.94147359,0.01092914,80.0,-7.0,0.0,80.0,1.3962634,0.0,0.0,0.0,80.0,-7.0,0.0,80.0,1.3962634,0.0,0.0,0.0,-3.65115431,0.39048865,-7.08350822,1.88458964,-6.13004718,33.83948214,0.0,49.67304646,11.89438365,3.65785789,2.58815847,-25.14413196,76.27483155,9.1387514,0.0,4.4770535,4.31356493
1760624597.689,0.39041328,-0.07295229,3.56988855,-0.0234594,0.94164206,0.01096123,80.0,-7.0,0.0,80.0,1.3962634,0.0,0.0,0.0,80.0,-7.0,0.0,80.0,1.3962634,0.0,0.0,0.0,-3.27571259,0.29167528,-6.96879226,1.45223408,-6.08349222,33.76997563,0.0,49.65518824,11.88896873,3.67985529,2.24521991,-25.10683318,76.47197435,9.05365007,0.0,4.45994805,4.29294362
1760624597.722,0.41386107,-0.07133372,3.57324984,-0.02393428,0.94163704,0.01094846,80.0,-7.0,0.0,80.0,1.3962634,0.0,0.0,0.0,80.0,-7.0,0.0,80.0,1.3962634,0.0,0.0,0.0,-3.26921682,0.29377771,-6.95320758,1.40499835,-6.08723246,33.81687547,0.0,49.61050612,11.87441366,3.67223008,2.2131286,-25.09127159,76.52363809,9.04084595,0.0,4.44019828,4.26366876
1760624597.756,0.41369657,-0.06754164,3.56138928,-0.02275137,0.9414102,0.01103081,80.0,-7.0,0.0,80.0,1.3962634,0.0,0.0,0.0,80.0,-7.0,0.0,80.0,1.3962634,0.0,0.0,0.0,-3.05332738,0.25018888,-6.92698453,1.18592354,-6.06721846,33.8175357,0.0,49.62831188,11.88318709,3.64307336,2.01802097,-24.99971661,76.60790413,8.91722052,0.0,4.42678182,4.2373447
1760624597.789,0.42129367,-0.07449089,3.55797621,-0.02258559,0.9412388,0.01083003,80.0,-7.0,0.0,80.0,1.3962634,0.0,0.0,0.0,80.0,-7.0,0.0,80.0,1.3962634,0.0,0.0,0.0,-3.04367695,0.25774808,-6.93276536,1.18085323,-6.05620814,33.86536333,0.0,49.60197162,11.88097263,3.64543952,2.01388169,-25.00144535,76.65236038,8.89140692,0.0,4.41736934,4.20811026
1760624597.823,0.43556098,-0.07473561,3.55055551,-0.02358145,0.94093152,0.0099044,80.0,-7.0,0.0,80.0,1.3962634,0.0,0.0,0.0,80.0,-7.0,0.0,80.0,1.3962634,0.0,0.0,0.0,-3.09254507,0.36283586,-7.0289344,1.26655977,-6.12832383,34.03322962,0.0,49.57946434,11.85630666,3.63477928,2.02085176,-24.63089615,76.48904995,8.59647399,0.0,4.42027582,4.20282626
1760624597.856,0.44657192,-0.07028536,3.55194134,-0.0240673,0.94062489,0.00950401,80.0,-7.0,0.0,80.0,1.3962634,0.0,0.0,0.0,80.0,-7.0,0.0,80.0,1.3962634,0.0,0.0,0.0,-3.07856943,0.37436447,-7.02313398,1.27550362,-6.11954291,34.04493672,0.0,49.58452523,11.85758155,3.63111445,2.02271226,-24.63083616,76.49636954,8.59543546,0.0,4.41967874,4.1952711
1760624597.89,0.44702817,-0.08376038,3.55891331,-0.02579331,0.9405745,0.00935722,80.0,-7.0,0.0,80.0,1.3962634,0.0,0.0,0.0,80.0,-7.0,0.0,80.0,1.3962634,0.0,0.0,0.0,-3.18666668,0.48453117,-7.02814539,1.44054268,-6.17208087,34.05586353,0.0,49.5777439,11.84345079,3.5979342,2.15167779,-24.57511454,76.46036013,8.62214777,0.0,4.41369512,4.18219859
1760624597.923,0.44655881,-0.07615754,3.55894146,-0.02563753,0.94033581,0.00939318,80.0,-7.0,0.0,80.0,1.3962634,0.0,0.0,0.0,80.0,-7.0,0.0,80.0,1.3962634,0.0,0.0,0.0,-2.86685302,0.39772491,-6.91871213,1.14657209,-6.09993407,33.90681356,0.0,49.55707682,11.84789403,3.58793672,1.86252859,-24.52481009,76.51378636,8.55506635,0.0,4.4114449,4.13342427
1760624597.956,0.44288793,-0.08300275,3.56619016,-0.02534233,0.94013932,0.00911037,80.0,-7.0,0.0,80.0,1.3962634,0.0,0.0,0.0,80.0,-7.0,0.0,80.0,1.3962634,0.0,0.0,0.0,-3.00941865,0.49225766,-6.91635838,1.34791696,-6.1459429,33.92196027,0.0,49.51617845,11.85023212,3.55960743,2.02167711,-24.45199017,76.50934949,8.5546675,0.0,4.42009449,4.14649895
1760624597.99,0.41966714,-0.08474884,3.55644268,-0.02302897,0.93997,0.00915118,80.0,-7.0,0.0,80.0,1.3962634,0.0,0.0,0.0,80.0,-7.0,0.0,80.0,1.3962634,0.0,0.0,0.0,-3.01408314,0.49487089,-6.86735586,1.4069048,-6.12606231,33.98986946,0.0,49.43416468,11.85376655,3.54591562,2.05622052,-24.4432038,76.53443744,8.55862173,0.0,4.41474622,4.13838143
1760624598.023,0.41214594,-0.08219222,3.55095167,-0.02262803,0.9400669,0.00899794,80.0,-7.0,0.0,80.0,1.3962634,0.0,0.0,0.0,80.0,-7.0,0.0,80.0,1.3962634,0.0,0.0,0.0,-3.31068944,0.53407295,-6.8518183,1.7573626,-6.11600852,34.1282045,0.0,49.34922799,11.84148999,3.5261848,2.35332256,-24.43702351,76.47705848,8.60902501,0.0,4.42204532,4.17180213
1760624598.057,0.40108778,-0.0779965,3.55139975,-0.0224082,0.94023382,0.00878163,80.0,-7.0,0.0,80.0,1.3962634,0.0,0.0,0.0,80.0,-7.0,0.0,80.0,1.3962634,0.0,0.0,0.0,-3.77128892,0.58726875,-6.97390084,2.28822381,-6.11209028,34.28084219,0.0,49.35172747,11.83824113,3.49382672,2.76287199,-24.49523051,76.30538356,8.71997874,0.0,4.40426397,4.1772891
1760624598.124,0.37474411,-0.07428958,3.550457,-0.02212909,0.93998622,0.00888585,80.0,-7.0,0.0,80.0,1.3962634,0.0,0.0,0.0,80.0,-7.0,0.0,80.0,1.3962634,0.0,0.0,0.0,-4.4172799,0.58815608,-7.51978567,3.08698805,-6.03834335,34.8634417,0.0,49.43828014,11.88469304,3.46632812,3.1041161,-24.89204684,75.47448928,9.17289817,0.0,4.32881862,4.10585812
1760624598.157,0.36686233,-0.07352045,3.55527944,-0.02302888,0.94013361,0.00893849,80.0,-7.0,0.0,80.0,1.3962634,0.0,0.0,0.0,80.0,-7.0,0.0,80.0,1.3962634,0.0,0.0,0.0,-4.95613244,0.61166673,-7.74138575,3.68319311,-5.99505496,35.1282724,0.0,49.42007393,11.89684149,3.47520903,3.53590838,-25.15519791,75.1696174,9.41819612,0.0,4.30088307,4.100993
1760624598.19,0.36258592,-0.06726382,3.55938069,-0.0230281,0.94005968,0.00904931,80.0,-7.0,0.0,80.0,1.3962634,0.0,0.0,0.0,80.0,-7.0,0.0,80.0,1.3962634,0.0,0.0,0.0,-4.96663518,0.58197093,-7.71191962,3.68387319,-5.99541428,35.14633836,0.0,49.39699931,11.88328595,3.45781056,3.52861355,-25.15645021,75.12527621,9.4381601,0.0,4.26300772,4.03479979
1760624598.224,0.35941057,-0.05654258,3.56746754,-0.02327313,0.93991091,0.00930194,80.0,-7.0,0.0,80.0,1.3962634,0.0,0.0,0.0,80.0,-7.0,0.0,80.0,1.3962634,0.0,0.0,0.0,-5.20799168,0.50992273,-7.85610443,3.92205949,-5.97988137,35.29955219,0.0,49.43820596,11.93059385,3.48585448,3.64895417,-25.29555073,74.90700321,9.47501209,0.0,4.24281402,4.00962054
1760624598.257,0.36095731,-0.05345936,3.57049315,-0.02324736,0.9400294,0.00930334,80.0,-7.0,0.0,80.0,1.3962634,0.0,0.0,0.0,80.0,-7.0,0.0,80.0,1.3962634,0.0,0.0,0.0,-5.23824895,0.46580057,-7.89217839,3.89701661,-6.0934926,35.19073854,0.0,49.60976855,12.03426649,3.47240535,3.6292692,-25.36137755,74.83803954,9.40183784,0.0,4.27201394,4.0057213
1760624598.291,0.35280848,-0.04960668,3.57823445,-0.02321279,0.9402942,0.00924098,80.0,-7.0,0.0,80.0,1.3962634,0.0,0.0,0.0,80.0,-7.0,0.0,80.0,1.3962634,0.0,0.0,0.0,-5.30883698,0.40457087,-7.78510866,3.80625878,-6.32683619,34.5310082,0.0,50.22191114,12.11365469,3.44664926,3.73727531,-25.05670222,74.74055993,8.73831446,0.0,4.38655388,3.99861648
1760624598.324,0.35530406,-0.04998204,3.59037599,-0.02512991,0.94077633,0.00886082,80.0,-7.0,0.0,80.0,1.3962634,0.0,0.0,0.0,80.0,-7.0,0.0,80.0,1.3962634,0.0,0.0,0.0,-5.33441101,0.37255314,-7.47513696,3.34642808,-7.02111195,33.37905852,0.0,51.48435092,11.9676388,3.53570409,3.84845487,-24.41738561,74.23466827,7.28882611,0.0,4.6571278,3.95532151
1760624598.358,0.36827254,-0.04947345,3.61166489,-0.02717831,0.94102525,0.00834367,80.0,-7.0,0.0,80.0,1.3962634,0.0,0.0,0.0,80.0,-7.0,0.0,80.0,1.3962634,0.0,0.0,0.0,-6.39703365,0.42335433,-7.28150681,3.83074709,-7.80784011,32.46125787,0.0,52.52788542,11.77828725,3.77492245,5.05319888,-24.07467684,73.86483979,5.88885992,0.0,4.84790268,3.80654786
1760624598.391,0.37952386,-0.04964879,3.62876956,-0.02799069,0.94111123,0.00775641,80.0,-7.0,0.0,80.0,1.3962634,0.0,0.0,0.0,80.0,-7.0,0.0,80.0,1.3962634,0.0,0.0,0.0,-6.90321421,0.54257841,-7.27651161,3.58946584,-9.02777944,31.69578809,0.0,53.36420217,11.70365319,4.14050756,5.6693938,-24.17857027,73.56365441,4.56835392,0.0,5.04701835,3.50089218
1760624598.425,0.38253984,-0.05430956,3.63080427,-0.0269232,0.94078033,0.00560676,80.0,-7.0,0.0,80.0,1.3962634,0.0,0.0,0.0,80.0,-7.0,0.0,80.0,1.3962634,0.0,0.0,0.0,-6.63666763,0.57163882,-6.06803189,1.83031024,-11.24615713,30.12610021,0.0,53.38061208,11.94617128,4.90947967,7.18028801,-22.64633557,51.34052545,0.0,23.50493977,5.23199354,2.61523486
1760624598.458,0.35571201,-0.05630955,3.60556852,-0.0221376,0.93925875,0.0060548,80.0,-7.0,0.0,80.0,1.3962634,0.0,0.0,0.0,80.0,-7.0,0.0,80.0,1.3962634,0.0,0.0,0.0,-6.05850559,0.54625197,-5.11808229,-0.13932779,-13.2256312,28.60691719,0.0,53.5285894,12.16317227,5.59885387,6.54459768,-24.63548734,55.51421147,0.0,19.24633453,5.29519451,1.78420695
1760624598.492,0.32977922,-0.05540963,3.56969233,-0.01761185,0.93843376,0.006633,80.0,-7.0,0.0,80.0,1.3962634,0.0,0.0,0.0,80.0,-7.0,0.0,80.0,1.3962634,0.0,0.0,0.0,-6.50470008,0.58695487,-4.37010831,-1.19075767,-15.40634101,26.72413609,0.0,54.18120243,12.43216964,6.42211443,6.93541618,-27.17521004,55.45861415,0.0,18.7941011,5.37978662,0.91001577
1760624598.525,0.32468744,-0.05249181,3.53076421,-0.0148494,0.93809171,0.00726029,80.0,-7.0,0.0,80.0,1.3962634,0.0,0.0,0.0,80.0,-7.0,0.0,80.0,1.3962634,0.0,0.0,0.0,-7.74577833,0.80662645,-3.44763287,-2.19256143,-18.65178168,23.22096961,0.0,55.65073264,12.71278987,7.68837676,7.6439216,-30.71034206,59.94325723,0.0,13.01191632,5.5026239,-0.25711328
1760624598.559,0.33554614,-0.05010463,3.49878095,-0.01368013,0.93896979,0.00730311,80.0,-7.0,0.0,80.0,1.3962634,0.0,0.0,0.0,80.0,-7.0,0.0,80.0,1.3962634,0.0,0.0,0.0,-8.10712376,0.64771326,-2.81742758,-3.7647388,-20.90043954,20.02640276,0.0,56.78679255,12.8620658,8.69602582,7.72126318,-34.1430302,59.25179395,0.0,12.70551871,5.74683594,-1.11098215
1760624598.592,0.33358905,-0.04863775,3.4727177,-0.01239812,0.940301,0.00881388,80.0,-7.0,0.0,80.0,1.3962634,0.0,0.0,0.0,80.0,-7.0,0.0,80.0,1.3962634,0.0,0.0,0.0,-8.52060199,0.33114037,-4.16941647,-4.60807964,-23.26165138,18.61690159,0.0,57.90179116,12.89095106,9.73495105,6.81341493,-38.20651528,52.17582968,0.0,16.43780475,5.97670961,-1.82786095
1760624598.659,0.33417105,-0.03558647,3.43946908,-0.01155557,0.94084154,0.01098428,80.0,-7.0,0.0,80.0,1.3962634,0.0,0.0,0.0,80.0,-7.0,0.0,80.0,1.3962634,0.0,0.0,0.0,-9.52658122,-0.67362489,-2.57581483,-8.85130579,-28.26091194,9.26855971,0.0,61.1006149,12.80444466,12.15487899,6.68533047,-47.05799127,50.11890569,0.0,14.45267013,7.07730666,-3.66548689
1760624598.692,0.35018165,-0.02415594,3.45342247,-0.01297831,0.94127923,0.01277571,80.0,-7.0,0.0,80.0,1.3962634,0.0,0.0,0.0,80.0,-7.0,0.0,80.0,1.3962634,0.0,0.0,0.0,-9.62280367,-0.18802375,-2.51553055,-10.95548733,-31.36800632,5.70287072,0.0,62.32894343,12.61298768,13.11688817,5.49455083,-50.038316,48.39771083,0.0,13.00067613,7.76259369,-4.06469414
1760624598.726,0.35325595,0.00959889,3.47184829,-0.01340336,0.94110201,0.0146996,80.0,-7.0,0.0,80.0,1.3962634,0.0,0.0,0.0,80.0,-7.0,0.0,80.0,1.3962634,0.0,0.0,0.0,-9.16411493,-0.40054252,-0.77422132,-15.45000131,-34.13230602,-1.10402894,0.0,64.37268136,12.32303102,14.39809948,5.42542311,-54.43394009,47.64608298,0.0,11.93040909,8.66814004,-4.74644976
1760624598.759,0.34829062,0.02903851,3.47945647,-0.01190394,0.94382482,0.01701949,80.0,-7.0,0.0,80.0,1.3962634,0.0,0.0,0.0,80.0,-7.0,0.0,80.0,1.3962634,0.0,0.0,0.0,-8.36416148,-0.52166139,0.11476863,-19.23955557,-36.3049469,-5.9665398,0.0,65.96672982,12.26642977,15.11775491,5.01222379,-57.65738054,47.09816529,0.0,10.79543823,9.3994636,-4.98504819
1760624598.793,0.33650975,0.05221682,3.46678005,-0.00715216,0.9459494,0.01780201,80.0,-7.0,0.0,80.0,1.3962634,0.0,0.0,0.0,80.0,-7.0,0.0,80.0,1.3962634,0.0,0.0,0.0,-7.0555229,-0.69460806,1.72554529,-25.04954519,-38.63860475,-12.92628564,0.0,67.94243886,12.29840081,15.89800898,6.0222688,-61.92180074,47.2964719,0.0,10.32800449,10.41112799,-5.03217733
1760624598.826,0.32830018,0.05854295,3.45108577,-0.00578963,0.94772924,0.01840349,80.0,-7.0,0.0,80.0,1.3962634,0.0,0.0,0.0,80.0,-7.0,0.0,80.0,1.3962634,0.0,0.0,0.0,-7.22899526,-0.69952012,-0.13472408,-26.23887508,-41.71175858,-14.796322,0.0,69.20806558,12.15068119,16.47652484,1.90333758,-64.90087578,43.79584458,0.0,6.70917204,11.15754277,-4.9259681
1760624598.86,0.32499361,0.05245648,3.42124885,-0.00508515,0.95084793,0.01603298,80.0,-7.0,0.0,80.0,1.3962634,0.0,0.0,0.0,80.0,-7.0,0.0,80.0,1.3962634,0.0,0.0,0.0,-6.55040843,-0.39090841,-1.80892442,-28.46817315,-44.93325856,-17.58965486,0.0,70.5212188,11.64090817,17.06754797,-3.89899153,-67.36692413,38.34739958,0.0,4.19782691,12.01267803,-4.67043413
1760624598.893,0.30838017,0.04070287,3.37269782,-0.00523375,0.95282221,0.01416278,80.0,-7.0,0.0,80.0,1.3962634,0.0,0.0,0.0,80.0,-7.0,0.0,80.0,1.3962634,0.0,0.0,0.0,-6.30309234,-0.17432246,-3.42007397,-31.09711869,-48.73358067,-22.69479816,0.0,72.83853082,10.98260905,17.86239556,-10.69977656,-70.49933973,26.47142511,0.0,6.09582723,12.98728054,-4.32245555
1760624598.927,0.30068324,0.01632434,3.33906513,-0.00741695,0.95455875,0.01086289,80.0,-7.0,0.0,80.0,1.3962634,0.0,0.0,0.0,80.0,-7.0,0.0,80.0,1.3962634,0.0,0.0,0.0,-4.93528516,-0.4702692,0.53298715,-38.80358285,-48.13740355,-32.54364494,0.0,74.45672132,10.4168718,18.52979326,-3.17085353,-74.01249741,29.88648709,0.0,10.24071971,13.96636768,-4.24859055
1760624598.96,0.28373545,-0.01796339,3.31726728,-0.00794138,0.95611134,0.00798834,80.0,-7.0,0.0,80.0,1.3962634,0.0,0.0,0.0,80.0,-7.0,0.0,80.0,1.3962634,0.0,0.0,0.0,-3.72698975,-0.37240497,2.49705214,-44.70044776,-48.49497591,-39.86447523,0.0,75.96301535,9.81996603,19.09646411,1.52524655,-76.56434773,32.5153655,0.0,11.94432994,14.54846786,-4.18614937
1760624598.993,0.27677494,-0.04774448,3.30180295,-0.00896658,0.95767652,0.00558017,80.0,-7.0,0.0,80.0,1.3962634,0.0,0.0,0.0,80.0,-7.0,0.0,80.0,1.3962634,0.0,0.0,0.0,-5.77159131,-0.5175718,0.89405617,-45.04185737,-51.50774651,-43.97162741,0.0,77.19813954,9.28378318,19.63337373,-6.08913713,-79.29320617,26.12450244,0.0,6.00913651,14.91416825,-4.06276031
1760624599.027,0.26906044,-0.06023541,3.30595172,-0.00785383,0.96237977,0.00507465,80.0,-7.0,0.0,80.0,1.3962634,0.0,0.0,0.0,80.0,-7.0,0.0,80.0,1.3962634,0.0,0.0,0.0,-7.07326685,-1.34590678,1.55605435,-46.33451467,-51.99178062,-48.2308098,0.0,77.95564824,8.79569366,20.03854883,-2.74194629,-82.29136873,23.48139368,0.0,8.78960708,15.20691742,-3.87633859
1760624599.06,0.279374,-0.08700509,3.32236041,-0.00837336,0.96529841,0.00170431,80.0,-7.0,0.0,80.0,1.3962634,0.0,0.0,0.0,80.0,-7.0,0.0,80.0,1.3962634,0.0,0.0,0.0,-7.53551975,-1.30997695,1.81700525,-48.79087287,-53.12355906,-53.18420186,0.0,79.36027041,8.32298867,20.28238965,-2.33053862,-84.10282056,22.35583969,0.0,8.01205553,15.56373742,-3.56852026
1760624599.094,0.2874893,-0.10605515,3.34466832,-0.00846842,0.96579906,0.00128257,80.0,-7.0,0.0,80.0,1.3962634,0.0,0.0,0.0,80.0,-7.0,0.0,80.0,1.3962634,0.0,0.0,0.0,-7.99716455,-0.79107121,2.26617715,-52.49178165,-54.57932232,-59.50489804,0.0,80.69266315,7.99450473,20.41699771,0.89443683,-86.0338352,18.37366855,0.0,12.42567649,16.12678649,-2.98551431
1760624599.127,0.28981301,-0.11031586,3.35827133,-0.00754904,0.96824511,0.00176678,80.0,-7.0,0.0,80.0,1.3962634,0.0,0.0,0.0,80.0,-7.0,0.0,80.0,1.3962634,0.0,0.0,0.0,-8.42913159,-0.99244733,2.45934214,-54.21490136,-55.28771899,-62.75730968,0.0,81.44568512,7.74225278,20.62594697,1.58326801,-87.57992004,17.61522502,0.0,11.7648693,16.48097415,-2.5881258
1760624599.161,0.30095457,-0.10995403,3.37180745,-0.00802541,0.9700044,0.00337049,80.0,-7.0,0.0,80.0,1.3962634,0.0,0.0,0.0,80.0,-7.0,0.0,80.0,1.3962634,0.0,0.0,0.0,-7.85729169,-1.01711304,2.54137109,-56.89768736,-55.94310097,-65.73662613,0.0,82.15109573,7.45740322,20.68487738,1.91554659,-88.86696835,17.21507149,0.0,11.65703734,16.70748295,-2.27656113
1760624599.194,0.30727917,-0.11462858,3.38305504,-0.00755775,0.97089578,0.00347401,80.0,-7.0,0.0,80.0,1.3962634,0.0,0.0,0.0,80.0,-7.0,0.0,80.0,1.3962634,0.0,0.0,0.0,-6.50147787,-1.12022194,2.50287714,-60.14185958,-56.72346126,-68.72688577,0.0,82.94698845,7.10360541,20.66724982,2.16097574,-90.27780811,17.05305062,0.0,11.68262865,16.92865752,-2.05248843
1760624599.228,0.30025433,-0.11374325,3.39390659,-0.00839611,0.97268373,0.003833,80.0,-7.0,0.0,80.0,1.3962634,0.0,0.0,0.0,80.0,-7.0,0.0,80.0,1.3962634,0.0,0.0,0.0,-5.11422214,-1.4158868,2.34644762,-62.14838359,-57.19288117,-69.86758522,0.0,83.46672419,7.04792127,20.73131723,2.22563677,-91.33263035,17.15006871,0.0,12.02467412,17.10391363,-1.81728283
1760624599.261,0.30671688,-0.11434883,3.39927685,-0.00878193,0.97343608,0.00405072,80.0,-7.0,0.0,80.0,1.3962634,0.0,0.0,0.0,80.0,-7.0,0.0,80.0,1.3962634,0.0,0.0,0.0,-4.19266922,-1.51684668,2.16209539,-63.40296371,-57.79124178,-70.5316824,0.0,83.53813906,6.89055971,20.74162959,4.19092823,-92.16893477,15.66438521,0.0,15.64809398,17.36439106,-1.56134948
1760624599.294,0.31942292,-0.11703894,3.39980907,-0.00885192,0.97460875,0.0041254,80.0,-7.0,0.0,80.0,1.3962634,0.0,0.0,0.0,80.0,-7.0,0.0,80.0,1.3962634,0.0,0.0,0.0,-4.25098624,-1.67885376,1.9466435,-63.41617023,-58.50221044,-71.20004632,0.0,84.1106704,6.85878076,20.7432022,4.39057642,-92.70409202,15.42471268,0.0,15.35676854,17.5642239,-1.21604318
1760624599.328,0.31310136,-0.12045838,3.40054396,-0.00820208,0.97446766,0.00359943,80.0,-7.0,0.0,80.0,1.3962634,0.0,0.0,0.0,80.0,-7.0,0.0,80.0,1.3962634,0.0,0.0,0.0,-4.01544613,-1.63601984,1.76629019,-63.65332144,-59.04940945,-71.44211083,0.0,84.4836102,7.06532455,20.7228765,4.37453065,-92.77705259,15.36573954,0.0,15.22782226,17.70206744,-0.92046978
1760624599.361,0.3235047,-0.12386871,3.40999998,-0.00850991,0.97514842,0.00299662,80.0,-7.0,0.0,80.0,1.3962634,0.0,0.0,0.0,80.0,-7.0,0.0,80.0,1.3962634,0.0,0.0,0.0,-3.60934804,-1.62407835,1.55868432,-63.80501667,-59.5404401,-71.27963859,0.0,84.62777968,7.1441163,20.6922198,4.24099462,-92.86059272,15.43218258,0.0,15.32015839,17.7889199,-0.74677625
1760624599.395,0.3200914,-0.13392902,3.433039,-0.00960151,0.97694377,0.00206876,80.0,-7.0,0.0,80.0,1.3962634,0.0,0.0,0.0,80.0,-7.0,0.0,80.0,1.3962634,0.0,0.0,0.0,-3.68265936,-1.49593759,1.28989587,-63.32901484,-60.15190865,-71.13574484,0.0,84.67267744,7.11762756,20.58904253,4.16666224,-92.7298976,15.36621002,0.0,15.40215929,17.78578442,-0.75417627
1760624599.428,0.31973554,-0.13815899,3.44850002,-0.01036214,0.97744516,0.0016446,80.0,-7.0,0.0,80.0,1.3962634,0.0,0.0,0.0,80.0,-7.0,0.0,80.0,1.3962634,0.0,0.0,0.0,-3.63493197,-1.48467252,1.05297685,-62.7516121,-60.48666732,-70.56735807,0.0,84.61492362,7.16159738,20.51419008,4.05823517,-92.65870376,15.30580993,0.0,15.67271124,17.75491763,-0.79291411
1760624599.462,0.32867665,-0.14059794,3.45339766,-0.01169842,0.97743836,0.00129232,80.0,-7.0,0.0,80.0,1.3962634,0.0,0.0,0.0,80.0,-7.0,0.0,80.0,1.3962634,0.0,0.0,0.0,-3.88525773,-1.40204435,0.83150387,-61.90197551,-60.75562841,-69.97481085,0.0,84.5940034,7.20412105,20.48040489,4.28092519,-92.57047071,12.08973702,0.0,19.12389118,17.74155861,-0.9247676
1760624599.495,0.33009692,-0.15078529,3.469686,-0.01305647,0.97752144,0.00047695,80.0,-7.0,0.0,80.0,1.3962634,0.0,0.0,0.0,80.0,-7.0,0.0,80.0,1.3962634,0.0,0.0,0.0,-4.07452571,-1.34169971,0.6438081,-60.6440104,-60.81582979,-68.63232579,0.0,84.16163201,7.09907513,20.43534756,4.09972878,-92.09662296,11.97586719,0.0,19.13443961,17.76404006,-0.99509202
1760624599.562,0.31848036,-0.15854672,3.47715064,-0.01385383,0.97844444,0.00041653,80.0,-7.0,0.0,80.0,1.3962634,0.0,0.0,0.0,80.0,-7.0,0.0,80.0,1.3962634,0.0,0.0,0.0,-4.03098345,-1.3302472,0.66497991,-58.42726986,-60.22566622,-66.06212358,0.0,83.10203582,6.93146396,20.32984921,3.9292088,-90.95742372,12.08583514,0.0,19.56323525,17.68874855,-1.10519799
1760624599.629,0.29464407,-0.16004262,3.4892614,-0.01306185,0.98157745,0.00125012,80.0,-7.0,0.0,80.0,1.3962634,0.0,0.0,0.0,80.0,-7.0,0.0,80.0,1.3962634,0.0,0.0,0.0,-4.21075952,-1.28614109,0.88614076,-54.30291065,-58.77882368,-62.18653065,0.0,81.57469298,6.42311911,20.07076829,9.69095069,-88.75968488,9.22348528,0.0,28.68835152,17.44192989,-1.23939483
1760624599.662,0.26420866,-0.16237977,3.46849226,-0.00900193,0.98219658,0.00165767,80.0,-7.0,0.0,80.0,1.3962634,0.0,0.0,0.0,80.0,-7.0,0.0,80.0,1.3962634,0.0,0.0,0.0,-4.09569711,-1.16961517,1.47978679,-52.67535617,-57.58967528,-60.34947453,0.0,80.41260844,6.36945456,19.87390633,15.84201405,-87.43498626,10.22211048,0.0,34.81568367,17.33645434,-1.23928437
1760624599.696,0.25110877,-0.14964031,3.44770803,-0.00560397,0.9836822,0.00352326,80.0,-7.0,0.0,80.0,1.3962634,0.0,0.0,0.0,80.0,-7.0,0.0,80.0,1.3962634,0.0,0.0,0.0,-4.16406816,-1.27640285,2.75833954,-50.30658423,-55.28546635,-58.06773228,0.0,79.13296713,6.6419337,19.54243461,24.81936928,-85.34135505,14.98916357,0.0,40.8553867,17.05435372,-1.33426448
1760624599.729,0.23664725,-0.13869093,3.43789335,-0.00464361,0.98465055,0.00487097,80.0,-7.0,0.0,80.0,1.3962634,0.0,0.0,0.0,80.0,-7.0,0.0,80.0,1.3962634,0.0,0.0,0.0,-4.12187261,-1.48902793,3.23677539,-47.8917668,-53.64176444,-55.46509561,0.0,77.99526561,6.76277568,19.21999605,23.27174839,-83.51081103,17.06703285,0.0,38.74562488,16.81360333,-1.37364139
1760624599.763,0.19927974,-0.11919881,3.43134501,-0.00369675,0.98595378,0.00630567,80.0,-7.0,0.0,80.0,1.3962634,0.0,0.0,0.0,80.0,-7.0,0.0,80.0,1.3962634,0.0,0.0,0.0,-6.15952218,-1.41442361,1.15417246,-40.44993143,-53.46549641,-49.11347741,0.0,76.46847968,7.22254658,18.80088983,7.28388486,-81.39293017,1.43237899,0.0,38.45037943,16.36765426,-1.355965
1760624599.796,0.19604195,-0.10920907,3.40411859,-0.00285272,0.98604845,0.00687123,80.0,-7.0,0.0,80.0,1.3962634,0.0,0.0,0.0,80.0,-7.0,0.0,80.0,1.3962634,0.0,0.0,0.0,-8.09608908,-1.3063986,0.31394566,-34.95015057,-52.52095914,-44.73560105,0.0,74.84690617,7.35073272,18.40283404,4.26992176,-79.14749268,-0.38286833,0.0,36.42057471,16.04283175,-1.39411883
1760624599.83,0.18070125,-0.09228685,3.39041927,-0.00349955,0.98350574,0.00751937,80.0,-7.0,0.0,80.0,1.3962634,0.0,0.0,0.0,80.0,-7.0,0.0,80.0,1.3962634,0.0,0.0,0.0,-8.36135243,-1.05694696,0.5070307,-32.33981484,-50.8988749,-41.76815393,0.0,73.28527254,7.61977553,18.00474261,4.96203449,-76.64469031,-2.78686968,0.0,39.90037319,15.65714042,-1.42333798
1760624599.863,0.14817032,-0.08005125,3.36539864,-0.0039429,0.98366156,0.00882018,80.0,-7.0,0.0,80.0,1.3962634,0.0,0.0,0.0,80.0,-7.0,0.0,80.0,1.3962634,0.0,0.0,0.0,-8.51599174,-1.04797664,-0.35058822,-28.09572856,-48.85621801,-36.48192855,0.0,71.31112548,8.21198483,17.31834529,1.08123538,-73.70808133,-3.95827373,0.0,39.17691164,15.20294159,-1.29475995
1760624599.897,0.16215018,-0.07685244,3.36086501,-0.00453467,0.97959058,0.00879268,80.0,-7.0,0.0,80.0,1.3962634,0.0,0.0,0.0,80.0,-7.0,0.0,80.0,1.3962634,0.0,0.0,0.0,-6.97029187,-1.28391081,1.8431846,-29.17613812,-45.55522834,-35.94766133,0.0,69.63641689,8.72403388,16.79501788,5.01943343,-71.59568467,-1.59521386,0.0,43.75596783,14.76286355,-1.58461375
1760624599.93,0.16829305,-0.0724479,3.38987593,-0.00594174,0.97648484,0.00870436,80.0,-7.0,0.0,80.0,1.3962634,0.0,0.0,0.0,80.0,-7.0,0.0,80.0,1.3962634,0.0,0.0,0.0,-7.15774144,-1.07536644,0.97623254,-26.09854629,-44.04570187,-32.13887138,0.0,67.89323338,9.15983068,16.22859601,2.10251433,-68.95815672,-2.67276957,0.0,42.87374479,14.13555286,-1.67733211
1760624599.963,0.14974142,-0.06383289,3.39554384,-0.00765983,0.97362609,0.0095852,80.0,-7.0,0.0,80.0,1.3962634,0.0,0.0,0.0,80.0,-7.0,0.0,80.0,1.3962634,0.0,0.0,0.0,-6.34055737,-0.94001535,0.15641967,-23.378199,-41.55963213,-27.47344177,0.0,65.29584929,9.46624466,15.58162019,-1.60737229,-66.06080183,-9.797174,0.0,49.32775126,13.35393198,-1.94262633
1760624599.997,0.17267749,-0.0486926,3.42227462,-0.00860765,0.96964675,0.00998952,80.0,-7.0,0.0,80.0,1.3962634,0.0,0.0,0.0,80.0,-7.0,0.0,80.0,1.3962634,0.0,0.0,0.0,-1.69351982,-0.6943476,2.06564902,-27.84319519,-38.71617758,-27.48942522,0.0,64.30779143,10.14665728,15.07165992,-2.89901715,-63.53444523,-7.59735574,0.0,52.37154026,12.63558942,-2.34190626
1760624600.03,0.19386742,-0.0531298,3.46744403,-0.0088361,0.96794095,0.0117274,80.0,-7.0,0.0,80.0,1.3962634,0.0,0.0,0.0,80.0,-7.0,0.0,80.0,1.3962634,0.0,0.0,0.0,-2.66816498,-0.46687064,1.01703839,-24.24423845,-37.29029091,-24.12909307,0.0,63.2659936,10.54972536,14.41378666,-3.68269949,-60.74750968,-7.21998483,0.0,52.06776406,11.83986394,-2.42904323
1760624600.064,0.16977722,-0.05240572,3.45941012,-0.00747607,0.96802902,0.01312558,80.0,-7.0,0.0,80.0,1.3962634,0.0,0.0,0.0,80.0,-7.0,0.0,80.0,1.3962634,0.0,0.0,0.0,-5.16608518,0.03792081,-4.68328126,-15.28299158,-36.66716159,-13.98504528,0.0,60.67104409,10.50175312,13.37388971,-8.1488207,-55.89817605,-1.66246071,0.0,40.03045487,10.63742941,-1.99445915
1760624600.097,0.18975832,-0.05542207,3.44126902,-0.00709929,0.96585968,0.01272492,80.0,-7.0,0.0,80.0,1.3962634,0.0,0.0,0.0,80.0,-7.0,0.0,80.0,1.3962634,0.0,0.0,0.0,-5.212556,0.21641229,-4.75804936,-13.55410535,-34.43518989,-11.34880381,0.0,59.11744923,10.6529237,12.63299978,-7.15607812,-53.3881474,-0.19981373,0.0,41.37602407,9.94483687,-1.91576263
1760624600.131,0.22213176,-0.06055794,3.44482229,-0.00797419,0.96243504,0.01220715,80.0,-7.0,0.0,80.0,1.3962634,0.0,0.0,0.0,80.0,-7.0,0.0,80.0,1.3962634,0.0,0.0,0.0,-4.94456169,0.30755422,-4.11675392,-12.63003161,-31.93160981,-9.57038877,0.0,57.4879287,10.54533117,11.92986452,-5.96832069,-51.02357178,1.96748743,0.0,42.88007293,9.30066348,-2.13438601
1760624600.164,0.23355561,-0.06986101,3.42519039,-0.00699912,0.9605605,0.01065795,80.0,-7.0,0.0,80.0,1.3962634,0.0,0.0,0.0,80.0,-7.0,0.0,80.0,1.3962634,0.0,0.0,0.0,-4.50710132,0.41800296,-3.8977061,-11.1993116,-28.88182818,-6.6504498,0.0,55.32824644,10.65496363,10.92242528,-5.18571134,-47.57857232,3.25453975,0.0,44.1357103,8.56799161,-1.91629491
1760624600.198,0.25905066,-0.10328709,3.40409667,-0.00503443,0.95732467,0.00949903,80.0,-7.0,0.0,80.0,1.3962634,0.0,0.0,0.0,80.0,-7.0,0.0,80.0,1.3962634,0.0,0.0,0.0,-3.62744682,0.77764576,-2.90065329,-11.32993374,-26.78637326,-5.89804804,0.0,54.78794939,11.15695374,10.11834911,-4.55240799,-44.88975006,4.94369427,0.0,45.96404445,8.19018848,-1.58340344
1760624600.231,0.27934591,-0.13054739,3.39725855,-0.00388207,0.95321337,0.00988889,80.0,-7.0,0.0,80.0,1.3962634,0.0,0.0,0.0,80.0,-7.0,0.0,80.0,1.3962634,0.0,0.0,0.0,-3.84120688,0.64049638,-2.09561869,-10.16926529,-24.35869374,-4.40268294,0.0,54.02059855,11.73734773,9.37179133,-2.950245,-42.9625562,6.90013746,0.0,47.75696351,7.84609532,-1.04637872
1760624600.265,0.27364642,-0.14885997,3.37501531,-0.00468081,0.95055433,0.009131,80.0,-7.0,0.0,80.0,1.3962634,0.0,0.0,0.0,80.0,-7.0,0.0,80.0,1.3962634,0.0,0.0,0.0,-4.14918265,1.01990873,-2.52581694,-8.07734551,-21.88359414,-0.14867481,0.0,51.40933104,11.85278605,8.33162273,-2.27848942,-39.60508298,7.63107044,0.0,48.73319308,7.17416381,-0.8115296
1760624600.298,0.28801683,-0.15702921,3.37804874,-0.00618082,0.94919707,0.00909192,80.0,-7.0,0.0,80.0,1.3962634,0.0,0.0,0.0,80.0,-7.0,0.0,80.0,1.3962634,0.0,0.0,0.0,-4.59004943,0.80835889,-3.41859706,-6.26194865,-19.69335564,3.17672772,0.0,50.33593461,12.05702945,7.66713321,-1.99874816,-37.66263033,7.73657691,0.0,49.38297094,6.79337023,-0.45223154
1760624600.331,0.32575798,-0.17152287,3.41563523,-0.01028189,0.94792954,0.00787627,80.0,-7.0,0.0,80.0,1.3962634,0.0,0.0,0.0,80.0,-7.0,0.0,80.0,1.3962634,0.0,0.0,0.0,-4.98690483,0.58819408,-4.39687064,-4.71014331,-17.68390658,6.22308856,0.0,50.10166378,12.44649965,6.99732802,-1.69152828,-36.13017961,4.50454446,0.0,53.67393045,6.49580074,0.02076568
1760624600.365,0.34437573,-0.18095784,3.45542487,-0.01277917,0.94766048,0.00671545,80.0,-7.0,0.0,80.0,1.3962634,0.0,0.0,0.0,80.0,-7.0,0.0,80.0,1.3962634,0.0,0.0,0.0,-5.35228959,0.33510242,-4.94934606,-3.05703652,-15.04644205,9.41208435,0.0,49.28559154,12.76165873,6.0539294,-0.94826326,-33.60289531,5.05745336,0.0,54.24277186,6.01376565,0.57735903
1760624600.398,0.33979316,-0.18288668,3.46836493,-0.01429363,0.9470128,0.00627431,80.0,-7.0,0.0,80.0,1.3962634,0.0,0.0,0.0,80.0,-7.0,0.0,80.0,1.3962634,0.0,0.0,0.0,-5.34727928,0.35856016,-5.43129962,-2.14163425,-13.39916006,12.16301962,0.0,48.19084844,12.99155009,5.38606745,-0.71699073,-31.48843823,5.58147592,0.0,54.46581782,5.67930591,1.12220462
1760624600.432,0.3634484,-0.18492966,3.48500032,-0.01476225,0.94601197,0.00517411,80.0,-7.0,0.0,80.0,1.3962634,0.0,0.0,0.0,80.0,-7.0,0.0,80.0,1.3962634,0.0,0.0,0.0,-5.23369331,0.73953251,-6.08575158,-1.47484805,-12.30009429,14.97669984,0.0,47.75830774,13.37764203,4.72940479,-0.64709195,-28.933465,12.87696314,0.0,48.4646992,5.50767649,1.92979627
1760624600.465,0.36140376,-0.18030001,3.48105539,-0.01427855,0.94548671,0.00565393,80.0,-7.0,0.0,80.0,1.3962634,0.0,0.0,0.0,80.0,-7.0,0.0,80.0,1.3962634,0.0,0.0,0.0,-5.03824226,0.89551287,-6.59229651,-0.89078457,-10.91116296,18.03299163,0.0,48.76712433,13.73231134,3.96974763,-0.45166515,-26.6233086,13.69150045,0.0,49.21638256,5.31514278,2.76374498
1760624600.499,0.33323272,-0.16780422,3.46759634,-0.01440025,0.94473855,0.00465039,80.0,-7.0,0.0,80.0,1.3962634,0.0,0.0,0.0,80.0,-7.0,0.0,80.0,1.3962634,0.0,0.0,0.0,-4.67654252,1.09938869,-7.17458443,-0.71203732,-10.09504117,20.51450246,0.0,49.95115837,14.12381299,3.4953059,-0.65951037,-24.8342626,14.05066402,0.0,49.33646011,5.14656866,3.19162323
1760624600.532,0.36600265,-0.1607715,3.4851509,-0.01657923,0.9443335,0.0043753,80.0,-7.0,0.0,80.0,1.3962634,0.0,0.0,0.0,80.0,-7.0,0.0,80.0,1.3962634,0.0,0.0,0.0,-5.10508306,1.38652725,-7.63970793,0.18991096,-9.42176585,22.4605546,0.0,50.97357858,14.76559186,2.95657453,-0.05151416,-23.21895506,14.64100592,0.0,49.21116129,5.14455098,3.78444006
1760624600.565,0.38798099,-0.1451224,3.506684,-0.01896707,0.9450055,0.00511902,80.0,-7.0,0.0,80.0,1.3962634,0.0,0.0,0.0,80.0,-7.0,0.0,80.0,1.3962634,0.0,0.0,0.0,-5.26606503,1.15043503,-8.39484374,0.96387995,-7.96443108,24.67750909,0.0,51.54732281,15.46016419,2.27397692,0.26298316,-21.74326489,14.98079629,0.0,48.84665539,5.11515662,4.49139496
1760624600.599,0.38955773,-0.12515061,3.50648995,-0.02124605,0.94414967,0.00490408,80.0,-7.0,0.0,80.0,1.3962634,0.0,0.0,0.0,80.0,-7.0,0.0,80.0,1.3962634,0.0,0.0,0.0,-5.34369775,1.1454173,-8.71900129,1.4223133,-7.21015666,26.28554982,0.0,51.50150793,15.84045493,1.89926977,0.43787355,-20.32949696,20.99090263,0.0,42.94012069,5.00540576,4.80649879
1760624600.632,0.41181402,-0.1154303,3.51048605,-0.02240926,0.944593,0.00508041,80.0,-7.0,0.0,80.0,1.3962634,0.0,0.0,0.0,80.0,-7.0,0.0,80.0,1.3962634,0.0,0.0,0.0,-5.55622962,0.99169605,-8.97323483,1.78384371,-6.58780221,27.52641002,0.27420778,51.68984136,15.86176565,1.69948232,0.8366955,-19.74674237,21.34295224,0.0,43.29319166,4.91268231,5.0049492
1760624600.666,0.43606363,-0.11334176,3.52993843,-0.0229476,0.94517268,0.00549507,80.0,-7.0,0.0,80.0,1.3962634,0.0,0.0,0.0,80.0,-7.0,0.0,80.0,1.3962634,0.0,0.0,0.0,-5.28591472,0.73984836,-9.51726648,1.61846716,-5.99136429,29.50451433,0.50981475,52.24766853,15.56021938,1.59203784,0.67122748,-19.14393281,21.85145229,0.0,43.65705724,4.71692063,5.07721321
1760624600.699,0.43109214,-0.10408767,3.50131876,-0.02319827,0.94591921,0.00547508,80.0,-7.0,0.0,80.0,1.3962634,0.0,0.0,0.0,80.0,-7.0,0.0,80.0,1.3962634,0.0,0.0,0.0,-5.49225242,0.66670538,-9.86579725,1.98982176,-5.71018351,31.29639401,0.48914847,52.52940434,15.43516682,1.57236302,1.01710126,-18.80837173,22.346394,0.0,43.9003504,4.58369733,5.12764378
1760624600.733,0.45895214,-0.10031511,3.47649473,-0.02208212,0.94556876,0.00573346,80.0,-7.0,0.0,80.0,1.3962634,0.0,0.0,0.0,80.0,-7.0,0.0,80.0,1.3962634,0.0,0.0,0.0,-4.77782455,0.31833841,-10.14215968,1.30921897,-5.37036764,32.90806784,0.25298588,52.37079036,15.51022074,1.26795281,0.32744524,-18.42071386,27.206734,0.0,40.04818506,4.45640035,5.1252233
1760624600.766,0.46286576,-0.11034696,3.49598426,-0.02071052,0.9466782,0.00599482,80.0,-7.0,0.0,80.0,1.3962634,0.0,0.0,0.0,80.0,-7.0,0.0,80.0,1.3962634,0.0,0.0,0.0,-5.04039602,-0.01041005,-10.52641123,1.56770546,-4.91341364,33.69463523,0.19226098,51.6909406,15.20330379,1.55966314,0.63219252,-18.57501697,27.46671984,0.0,40.14140504,4.34097621,5.08234051
1760624600.8,0.44999631,-0.11143565,3.52887606,-0.02152079,0.94715283,0.00610564,80.0,-7.0,0.0,80.0,1.3962634,0.0,0.0,0.0,80.0,-7.0,0.0,80.0,1.3962634,0.0,0.0,0.0,-5.10582076,-0.21622786,-10.63343273,1.65580318,-4.74140019,33.84092512,0.04810826,51.73656672,14.80827409,1.66096098,0.84403247,-18.63313982,27.7511521,0.0,40.27384051,4.26624743,5.03646069
1760624600.833,0.47829088,-0.09144479,3.54093888,-0.02267894,0.94703745,0.00680427,80.0,-7.0,0.0,80.0,1.3962634,0.0,0.0,0.0,80.0,-7.0,0.0,80.0,1.3962634,0.0,0.0,0.0,-5.40714336,-0.27469037,-10.79564751,1.92543933,-4.81645412,34.16407139,0.0,51.7008885,14.52492542,1.65940982,1.20307096,-18.61603303,27.91452767,0.0,40.25146923,4.21396059,4.93926458
1760624600.867,0.49692924,-0.06706819,3.5787313,-0.02141395,0.9472648,0.00755115,80.0,-7.0,0.0,80.0,1.3962634,0.0,0.0,0.0,80.0,-7.0,0.0,80.0,1.3962634,0.0,0.0,0.0,-5.63701457,-0.29894338,-10.97337391,2.17047621,-4.89812237,34.3487263,0.0,51.50323794,14.49998362,1.72305697,1.42132484,-18.67635699,28.06433082,0.0,40.19058546,4.159203,4.91087205
1760624600.9,0.48185394,-0.04891419,3.59076503,-0.02027688,0.94652063,0.00720514,80.0,-7.0,0.0,80.0,1.3962634,0.0,0.0,0.0,80.0,-7.0,0.0,80.0,1.3962634,0.0,0.0,0.0,-5.5450884,-0.14854616,-10.89756515,2.14269281,-5.15326364,34.30433805,0.0,51.23561555,14.44579466,1.80553635,1.37505684,-18.55388864,28.28527016,0.0,40.21117428,4.0818576,4.83795815
1760624600.934,0.46684129,-0.01838752,3.58988873,-0.0199561,0.94636053,0.00734423,80.0,-7.0,0.0,80.0,1.3962634,0.0,0.0,0.0,80.0,-7.0,0.0,80.0,1.3962634,0.0,0.0,0.0,-5.81665118,-0.16152737,-10.77706484,2.4523326,-5.17220981,34.37941553,0.0,50.62547532,14.39891587,1.86326759,1.6564331,-18.68540019,28.47507148,0.0,40.14829483,4.00096423,4.72707924
1760624600.967,0.47631173,0.01145365,3.59164733,-0.02043013,0.94657331,0.00768886,80.0,-7.0,0.0,80.0,1.3962634,0.0,0.0,0.0,80.0,-7.0,0.0,80.0,1.3962634,0.0,0.0,0.0,-5.80476133,-0.16110622,-10.72236154,2.44449198,-5.21597474,34.362488,0.0,50.27186229,14.33780361,1.8939208,1.65030109,-18.68758537,28.46301714,0.0,40.10263088,3.96866713,4.6614812
1760624601.0,0.47750717,0.0404637,3.58249873,-0.02119873,0.94698502,0.00860381,80.0,-7.0,0.0,80.0,1.3962634,0.0,0.0,0.0,80.0,-7.0,0.0,80.0,1.3962634,0.0,0.0,0.0,-5.78196693,-0.15905064,-10.64722554,2.44037558,-5.24764915,34.34919939,0.0,49.99701629,14.32100488,1.92565772,1.67043097,-18.65536248,28.41619533,0.0,40.02264317,3.97412334,4.65343486
1760624601.034,0.48390301,0.06842449,3.55203698,-0.02225436,0.94717602,0.00860395,80.0,-7.0,0.0,80.0,1.3962634,0.0,0.0,0.0,80.0,-7.0,0.0,80.0,1.3962634,0.0,0.0,0.0,-5.89335529,-0.06732212,-10.24368532,2.54880786,-5.35199217,34.05086047,0.0,49.79377015,14.34145592,1.97853628,1.88530059,-18.52284246,28.75686846,0.0,39.72750856,3.99567136,4.66286674
1760624601.067,0.48356157,0.07262171,3.5399165,-0.02185258,0.9467582,0.0085856,80.0,-7.0,0.0,80.0,1.3962634,0.0,0.0,0.0,80.0,-7.0,0.0,80.0,1.3962634,0.0,0.0,0.0,-5.8676778,0.06085163,-10.05164348,2.50250923,-5.46934359,34.02997657,0.0,49.64738395,14.3132695,2.00140044,1.85170584,-18.3917005,28.8090066,0.0,39.63686794,3.9745099,4.60609452
1760624601.101,0.49151029,0.07763035,3.52695608,-0.02226388,0.94663646,0.00856151,80.0,-7.0,0.0,80.0,1.3962634,0.0,0.0,0.0,80.0,-7.0,0.0,80.0,1.3962634,0.0,0.0,0.0,-6.01377241,0.10111439,-9.80222042,2.59311919,-5.46476932,34.08536611,0.0,49.38102321,14.33096915,2.02812599,2.01006472,-18.35758953,28.95754439,0.0,39.56203276,3.9545556,4.5928956
1760624601.134,0.48816554,0.08812714,3.50129558,-0.02210431,0.94630278,0.00851528,80.0,-7.0,0.0,80.0,1.3962634,0.0,0.0,0.0,80.0,-7.0,0.0,80.0,1.3962634,0.0,0.0,0.0,-6.19709011,0.15751128,-9.6886924,2.75477402,-5.50114584,34.30653491,0.0,49.15070032,14.27232654,2.07927439,2.20526257,-18.2980438,29.06277759,0.0,39.49963406,3.96567946,4.60754322
1760624601.168,0.48482843,0.08305918,3.50078868,-0.02187437,0.94599157,0.00816382,80.0,-7.0,0.0,80.0,1.3962634,0.0,0.0,0.0,80.0,-7.0,0.0,80.0,1.3962634,0.0,0.0,0.0,-6.39469529,0.23282762,-9.63757672,2.95552447,-5.57650571,34.41984537,0.0,49.00290609,14.21409291,2.09720945,2.44749248,-18.24851771,29.17557501,0.0,39.44643089,3.97566591,4.62066593
1760624601.201,0.48702974,0.07216902,3.50186834,-0.02130224,0.94543612,0.00788553,80.0,-7.0,0.0,80.0,1.3962634,0.0,0.0,0.0,80.0,-7.0,0.0,80.0,1.3962634,0.0,0.0,0.0,-6.437618,0.28440419,-9.38392969,2.97012627,-5.70498444,34.18796093,0.0,48.87175072,14.20111816,2.10196926,2.5605965,-18.19801001,29.42905933,0.0,39.43691864,3.98628503,4.61782288
1760624601.235,0.4863835,0.06736791,3.49936127,-0.0220085,0.94528935,0.0079994,80.0,-7.0,0.0,80.0,1.3962634,0.0,0.0,0.0,80.0,-7.0,0.0,80.0,1.3962634,0.0,0.0,0.0,-6.49969529,0.23402984,-9.46338748,3.00250691,-5.84072127,34.03260975,0.0,48.87589655,14.12147018,2.14595809,2.53216194,-18.29274171,29.35508125,0.0,39.33948862,4.04097074,4.68771802
1760624601.268,0.48203739,0.05926891,3.51001583,-0.02142332,0.94508382,0.00860227,80.0,-7.0,0.0,80.0,1.3962634,0.0,0.0,0.0,80.0,-7.0,0.0,80.0,1.3962634,0.0,0.0,0.0,-6.60716679,0.11381058,-9.45105112,3.01422818,-5.93876072,33.8192679,0.0,48.90307833,14.03777059,2.1784238,2.59100336,-18.54076706,29.48176843,0.0,39.24587621,4.09496818,4.72867121
1760624601.302,0.4704958,0.03894903,3.52204147,-0.02007443,0.94495753,0.00812697,80.0,-7.0,0.0,80.0,1.3962634,0.0,0.0,0.0,80.0,-7.0,0.0,80.0,1.3962634,0.0,0.0,0.0,-6.51917813,0.14631107,-9.21587949,2.80189056,-6.362278,33.14961702,0.0,49.22923363,14.01842052,2.19396335,2.60304906,-18.7837091,29.83009779,0.0,39.2832343,4.18536494,4.75438814
1760624601.335,0.46907693,0.01666888,3.55899163,-0.02098367,0.94437553,0.00813295,80.0,-7.0,0.0,80.0,1.3962634,0.0,0.0,0.0,80.0,-7.0,0.0,80.0,1.3962634,0.0,0.0,0.0,-6.95542139,0.07583498,-8.95116076,2.8866335,-7.07316807,31.56289411,0.0,50.47107469,13.95761811,2.20453952,3.08185471,-19.4167201,35.70631026,0.0,33.73178382,4.41388474,4.72229496
1760624601.368,0.47111912,0.00746063,3.58851413,-0.02144407,0.94347137,0.00797407,80.0,-7.0,0.0,80.0,1.3962634,0.0,0.0,0.0,80.0,-7.0,0.0,80.0,1.3962634,0.0,0.0,0.0,-7.02745095,0.0857196,-8.65882637,2.53672755,-8.00189353,30.14748066,0.0,51.47566501,14.05077687,2.40872481,3.40182707,-20.23930905,35.93613001,0.0,33.61397323,4.5671508,4.49798843
1760624601.402,0.46463606,-0.00051424,3.61715505,-0.02072751,0.9422058,0.00726582,80.0,-7.0,0.0,80.0,1.3962634,0.0,0.0,0.0,80.0,-7.0,0.0,80.0,1.3962634,0.0,0.0,0.0,-7.04915411,0.14757732,-8.18482774,1.96035595,-9.32197116,28.73376672,0.0,52.16852513,14.32220603,2.81688757,3.63458085,-21.09047695,41.07237766,0.0,28.61448528,4.76688554,4.18888989
1760624601.435,0.44495458,-0.00134047,3.63847149,-0.01900284,0.94159937,0.00651185,80.0,-7.0,0.0,80.0,1.3962634,0.0,0.0,0.0,80.0,-7.0,0.0,80.0,1.3962634,0.0,0.0,0.0,-7.23556572,0.17530102,-7.38908226,1.04537993,-11.58109286,26.76943603,0.0,53.01128725,14.63168554,3.72822435,4.11143594,-23.02879592,46.69036204,0.0,23.53902724,5.06167356,3.60667392
1760624601.469,0.42645887,-0.00860925,3.62242896,-0.01608132,0.94014304,0.00564839,80.0,-7.0,0.0,80.0,1.3962634,0.0,0.0,0.0,80.0,-7.0,0.0,80.0,1.3962634,0.0,0.0,0.0,-6.65788854,0.35249135,-6.17433078,-0.76419489,-13.82786193,24.45716195,0.0,53.87300607,14.72885769,4.55366446,3.91572325,-24.69446004,51.07598309,0.0,19.98384224,5.30322077,2.97596456
1760624601.502,0.41680799,-0.00104607,3.58951468,-0.014577,0.93922604,0.00686471,80.0,-7.0,0.0,80.0,1.3962634,0.0,0.0,0.0,80.0,-7.0,0.0,80.0,1.3962634,0.0,0.0,0.0,-6.93769129,0.43492172,-5.30638687,-1.7856528,-16.12673481,22.12415359,0.0,54.76038581,14.84569999,5.44263952,4.56703397,-26.94839241,51.26041374,0.0,19.75199338,5.52638782,2.19739516
1760624601.536,0.41585567,0.00827369,3.54089025,-0.01385172,0.93899294,0.00696126,80.0,-7.0,0.0,80.0,1.3962634,0.0,0.0,0.0,80.0,-7.0,0.0,80.0,1.3962634,0.0,0.0,0.0,-7.54310601,0.60073269,-3.96979022,-3.19802887,-19.45754471,17.99729451,0.0,56.11998571,14.97054136,6.73582534,5.38789593,-29.98218144,58.88776608,0.0,11.70949247,5.85483061,1.0884907
1760624601.569,0.42425317,0.02052786,3.49609714,-0.01314689,0.93958834,0.00769496,80.0,-7.0,0.0,80.0,1.3962634,0.0,0.0,0.0,80.0,-7.0,0.0,80.0,1.3962634,0.0,0.0,0.0,-7.61895416,0.66154293,-3.52793039,-4.69791521,-22.13600324,15.01425595,0.0,57.37490149,14.90588909,7.71309988,5.62590779,-32.83117488,58.42252915,0.0,11.23875249,6.25517049,0.38258888
1760624601.603,0.43541069,0.04166997,3.43972994,-0.01113466,0.94105615,0.00957612,80.0,-7.0,0.0,80.0,1.3962634,0.0,0.0,0.0,80.0,-7.0,0.0,80.0,1.3962634,0.0,0.0,0.0,-8.21181797,0.23995302,-3.50380836,-6.19644857,-25.29812079,11.42116896,0.0,59.16542878,14.91574083,9.05115394,6.21410763,-37.36191347,57.45554869,0.0,10.32987783,6.88862378,-0.31461705
1760624601.636,0.43628644,0.06347896,3.39787868,-0.00891982,0.94348882,0.0115531,80.0,-7.0,0.0,80.0,1.3962634,0.0,0.0,0.0,80.0,-7.0,0.0,80.0,1.3962634,0.0,0.0,0.0,-9.20595332,-0.26694611,-2.90585362,-7.18682032,-27.44517767,8.15035005,0.0,60.43992464,14.94635309,10.1030363,8.0808356,-41.24956361,53.39809788,0.0,13.83923903,7.51866662,-0.6907282
1760624601.669,0.42239446,0.08766276,3.35319531,-0.00821531,0.94381277,0.01291182,80.0,-7.0,0.0,80.0,1.3962634,0.0,0.0,0.0,80.0,-7.0,0.0,80.0,1.3962634,0.0,0.0,0.0,-9.43996959,-0.59852581,-2.90028659,-8.93627599,-29.84349246,5.43342187,0.0,61.76027602,14.826623,11.22800691,8.1099645,-44.85547315,52.27833309,0.0,12.77308966,8.26714728,-1.22703254
1760624601.703,0.43074061,0.11919675,3.29579227,-0.00725894,0.94311343,0.01334928,80.0,-7.0,0.0,80.0,1.3962634,0.0,0.0,0.0,80.0,-7.0,0.0,80.0,1.3962634,0.0,0.0,0.0,-9.64791876,-0.73504143,-1.73018433,-12.28590244,-32.97471517,0.27815209,0.0,63.54869267,14.67180452,12.78245062,9.35141598,-49.061279,51.65420797,0.0,11.72104893,9.07623483,-2.10052748
1760624601.736,0.4294651,0.14399985,3.2925184,-0.00729842,0.94377897,0.01412511,80.0,-7.0,0.0,80.0,1.3962634,0.0,0.0,0.0,80.0,-7.0,0.0,80.0,1.3962634,0.0,0.0,0.0,-9.39463217,-0.64494827,-0.19540744,-15.91967321,-35.27949697,-4.90893671,0.0,65.0946571,14.54057525,13.86818788,10.70451907,-51.92596581,51.91124013,0.0,11.38210748,9.67002629,-3.03169422
1760624601.77,0.42899291,0.18046885,3.32875001,-0.00862897,0.94613234,0.01619256,80.0,-7.0,0.0,80.0,1.3962634,0.0,0.0,0.0,80.0,-7.0,0.0,80.0,1.3962634,0.0,0.0,0.0,-8.82683294,-0.68343299,1.48892512,-20.15274077,-37.2304187,-10.78655304,0.0,66.90513109,14.38860408,14.85554812,12.56384392,-54.81455036,52.99248315,0.0,11.27534417,10.19889176,-3.74530482
1760624601.803,0.44059935,0.22192366,3.36320378,-0.00845474,0.94792554,0.01750867,80.0,-7.0,0.0,80.0,1.3962634,0.0,0.0,0.0,80.0,-7.0,0.0,80.0,1.3962634,0.0,0.0,0.0,-8.22802168,-0.49864816,2.16361525,-24.80762195,-40.180307,-17.11446702,0.0,69.23827453,14.11676924,15.92186145,12.99514387,-58.44183907,58.59740833,0.0,4.67059923,10.99733244,-4.13802844
1760624601.837,0.45589138,0.24627701,3.38268788,-0.00925936,0.95025591,0.01710194,80.0,-7.0,0.0,80.0,1.3962634,0.0,0.0,0.0,80.0,-7.0,0.0,80.0,1.3962634,0.0,0.0,0.0,-8.08533734,-0.50679749,1.5864922,-27.28650991,-42.63325079,-20.46211005,0.0,71.15534399,14.04321954,16.55514749,12.41166781,-61.5771475,57.189147,0.0,3.55558154,11.80864529,-3.96183113
1760624601.87,0.44103198,0.25861579,3.39642546,-0.0092766,0.95178627,0.01639438,80.0,-7.0,0.0,80.0,1.3962634,0.0,0.0,0.0,80.0,-7.0,0.0,80.0,1.3962634,0.0,0.0,0.0,-7.35588743,-0.61045266,0.59137724,-30.02489476,-45.12619585,-22.97776795,0.0,72.86010553,14.08791367,16.98715541,9.99256713,-64.75018083,54.21785044,0.0,2.63104628,12.63756417,-3.80358133
1760624601.904,0.44399194,0.26965514,3.3892505,-0.00715464,0.95423669,0.01617124,80.0,-7.0,0.0,80.0,1.3962634,0.0,0.0,0.0,80.0,-7.0,0.0,80.0,1.3962634,0.0,0.0,0.0,-4.52947041,-0.73421446,0.66588079,-36.79113857,-47.55979105,-28.0924373,0.0,74.93220549,14.1286779,17.48867847,8.79857393,-68.69964816,48.59540289,0.0,7.09466198,13.4310665,-3.49223967
1760624601.937,0.45638945,0.26261736,3.38680643,-0.00772766,0.9551013,0.01511253,80.0,-7.0,0.0,80.0,1.3962634,0.0,0.0,0.0,80.0,-7.0,0.0,80.0,1.3962634,0.0,0.0,0.0,-5.80510228,-0.72780785,-1.05458374,-36.93906643,-50.48264852,-30.03414522,0.0,76.63188897,14.32652688,17.82781315,5.39030058,-71.50548362,44.0130695,0.0,4.84669449,14.04271371,-3.2463781
1760624601.971,0.47067801,0.2567229,3.40187619,-0.01036533,0.95650969,0.01342034,80.0,-7.0,0.0,80.0,1.3962634,0.0,0.0,0.0,80.0,-7.0,0.0,80.0,1.3962634,0.0,0.0,0.0,-3.36946069,-0.91418195,4.25673965,-46.89944206,-48.35989236,-40.07924388,0.0,78.08531391,14.42966338,18.1551878,19.79449622,-73.65527591,52.72332982,0.0,12.15751536,15.02395333,-3.24799792
1760624602.004,0.48599061,0.23507574,3.41510284,-0.01175725,0.9574998,0.01185146,80.0,-7.0,0.0,80.0,1.3962634,0.0,0.0,0.0,80.0,-7.0,0.0,80.0,1.3962634,0.0,0.0,0.0,-3.88704992,-0.93372571,4.87970523,-50.93506438,-49.75003454,-46.78814395,0.0,79.95822115,14.20484431,18.5449219,26.36690596,-76.5846125,56.82811089,0.0,12.06513802,15.83217016,-2.73114841
1760624602.037,0.49291979,0.21749054,3.45173197,-0.01373564,0.96216363,0.01011295,80.0,-7.0,0.0,80.0,1.3962634,0.0,0.0,0.0,80.0,-7.0,0.0,80.0,1.3962634,0.0,0.0,0.0,-5.02131323,-1.30400616,5.38007613,-53.04449477,-50.43037621,-51.75950427,0.0,81.5010813,13.99797286,18.92000096,35.32299587,-78.75890548,62.27075847,0.0,12.81202297,16.43338895,-2.268012
1760624602.071,0.49658263,0.20826298,3.46884877,-0.01508241,0.96563797,0.00849824,80.0,-7.0,0.0,80.0,1.3962634,0.0,0.0,0.0,80.0,-7.0,0.0,80.0,1.3962634,0.0,0.0,0.0,-6.51388116,-1.73159781,3.81304606,-53.11900671,-52.62134265,-54.52186449,0.0,82.74693404,13.72428016,19.20818694,36.65793163,-81.85061026,61.41181608,0.0,11.65916626,16.97113776,-1.87245513
1760624602.104,0.49640742,0.19818304,3.4704003,-0.0147708,0.96815354,0.00842389,80.0,-7.0,0.0,80.0,1.3962634,0.0,0.0,0.0,80.0,-7.0,0.0,80.0,1.3962634,0.0,0.0,0.0,-10.1481487,-1.24905946,2.02967196,-52.66592323,-55.84020407,-59.50110113,0.0,83.87779904,13.38384395,19.49964385,38.4052861,-84.7474148,59.40914507,0.0,9.61759986,17.36506269,-1.31679995
1760624602.138,0.49996323,0.18825873,3.46551334,-0.01307808,0.9710194,0.00674961,80.0,-7.0,0.0,80.0,1.3962634,0.0,0.0,0.0,80.0,-7.0,0.0,80.0,1.3962634,0.0,0.0,0.0,-10.52924128,-1.08738058,1.05328084,-54.75214488,-57.7602861,-63.25965899,0.0,84.77341782,13.06934893,19.73765785,39.31632122,-87.06264922,58.86964938,0.0,9.08059153,17.79853191,-1.1128439
1760624602.171,0.49249293,0.1771893,3.46980506,-0.0119674,0.9709867,0.00593931,80.0,-7.0,0.0,80.0,1.3962634,0.0,0.0,0.0,80.0,-7.0,0.0,80.0,1.3962634,0.0,0.0,0.0,-10.28226355,-0.71499013,0.26918069,-57.71886789,-59.54262289,-67.49404328,0.0,85.57239613,12.45451755,19.97622818,39.72109309,-88.80587255,58.6152964,0.0,8.31698461,18.14866011,-0.91773177
1760624602.205,0.482256,0.16728349,3.469221,-0.01126119,0.97191341,0.0056431,80.0,-7.0,0.0,80.0,1.3962634,0.0,0.0,0.0,80.0,-7.0,0.0,80.0,1.3962634,0.0,0.0,0.0,-8.76707233,-0.82331203,-0.74537725,-61.9445555,-61.35454549,-72.11942655,0.0,86.46293814,11.30795728,20.2160597,33.24893262,-91.17916106,59.86912939,0.0,0.0,18.60928381,-0.51440701
1760624602.238,0.50033912,0.1601162,3.46899109,-0.01088874,0.97172946,0.00692343,80.0,-7.0,0.0,80.0,1.3962634,0.0,0.0,0.0,80.0,-7.0,0.0,80.0,1.3962634,0.0,0.0,0.0,-7.0487288,-1.53165846,1.3495274,-66.50431842,-59.73225231,-76.07588732,0.0,86.9718862,10.51196558,20.36727948,-25.64546039,-94.00064454,-5.53237113,0.0,6.96456872,18.75482073,-0.2457759
1760624602.272,0.51319281,0.15577005,3.47287076,-0.01082135,0.97326913,0.00736306,80.0,-7.0,0.0,80.0,1.3962634,0.0,0.0,0.0,80.0,-7.0,0.0,80.0,1.3962634,0.0,0.0,0.0,-5.42512047,-1.81181373,1.91784565,-69.93240757,-59.68736185,-78.53713032,0.0,87.16665803,9.93702616,20.44083231,-25.48783432,-95.75104708,-5.23807604,0.0,7.34086903,18.9509989,-0.22082019
1760624602.305,0.52919804,0.15947836,3.47430875,-0.01193946,0.97582996,0.00772424,80.0,-7.0,0.0,80.0,1.3962634,0.0,0.0,0.0,80.0,-7.0,0.0,80.0,1.3962634,0.0,0.0,0.0,-5.28011459,-2.01850523,2.17387613,-71.50160066,-60.15156022,-80.84737908,0.0,87.32824923,9.19232274,20.49789288,-24.85229786,-97.39114291,-5.5282698,0.0,7.20201034,19.065291,-0.09873417
1760624602.338,0.54745777,0.16114405,3.48286269,-0.01419618,0.97811562,0.00733785,80.0,-7.0,0.0,80.0,1.3962634,0.0,0.0,0.0,80.0,-7.0,0.0,80.0,1.3962634,0.0,0.0,0.0,-5.32484838,-2.04152774,2.11630465,-72.14036373,-60.69670094,-82.20019286,0.0,87.63558578,9.07922903,20.48925848,-24.35550325,-98.18842989,-5.85020348,0.0,7.35638189,19.19785254,0.16070667
1760624602.372,0.57498888,0.15815042,3.48960598,-0.01538216,0.97915091,0.00770026,80.0,-7.0,0.0,80.0,1.3962634,0.0,0.0,0.0,80.0,-7.0,0.0,80.0,1.3962634,0.0,0.0,0.0,-5.07418663,-2.1177895,2.86213577,-72.84265449,-60.37151305,-83.22417476,0.0,87.76526299,9.11628839,20.45052155,-28.80782086,-99.45946115,-15.60070713,0.0,12.34932031,19.3383019,0.43592492
1760624602.405,0.5826629,0.14734531,3.49531224,-0.01510368,0.98054126,0.00758697,80.0,-7.0,0.0,80.0,1.3962634,0.0,0.0,0.0,80.0,-7.0,0.0,80.0,1.3962634,0.0,0.0,0.0,-6.03289564,-2.00123624,2.63198577,-71.88071762,-61.09917098,-83.90164694,0.0,88.03015432,9.20408502,20.46555515,-28.49301234,-99.83587016,-16.08746414,0.0,11.89385305,19.37332541,0.68772476
1760624602.439,0.59645571,0.14958993,3.49522365,-0.01508086,0.98109717,0.00746514,80.0,-7.0,0.0,80.0,1.3962634,0.0,0.0,0.0,80.0,-7.0,0.0,80.0,1.3962634,0.0,0.0,0.0,-6.10342746,-1.98938521,2.49852003,-71.41111647,-61.38620525,-83.68214718,0.0,88.20959773,9.27849815,20.49270685,-28.54592258,-100.05215075,-16.31249785,0.0,11.95826802,19.3648583,0.72588709
1760624602.472,0.59197416,0.13697183,3.49015572,-0.01478099,0.98097991,0.00694311,80.0,-7.0,0.0,80.0,1.3962634,0.0,0.0,0.0,80.0,-7.0,0.0,80.0,1.3962634,0.0,0.0,0.0,-6.35770904,-1.92348805,2.2128476,-70.51959427,-61.80260184,-82.9877957,0.0,88.07858014,9.28028356,20.55322163,-28.58262763,-100.01965836,-16.69163285,0.0,12.02545936,19.35125729,0.77015055
1760624602.506,0.57971338,0.12167528,3.48788776,-0.01492469,0.98129143,0.00675603,80.0,-7.0,0.0,80.0,1.3962634,0.0,0.0,0.0,80.0,-7.0,0.0,80.0,1.3962634,0.0,0.0,0.0,-6.62409855,-1.87569014,1.72186227,-69.06391267,-62.29075068,-81.81886897,0.0,88.00167418,9.27151407,20.50109403,-27.44577517,-100.03669605,-18.67364528,0.0,15.37783422,19.3639867,0.7472734
1760624602.539,0.56827528,0.11044392,3.47374022,-0.01492062,0.98132386,0.00682044,80.0,-7.0,0.0,80.0,1.3962634,0.0,0.0,0.0,80.0,-7.0,0.0,80.0,1.3962634,0.0,0.0,0.0,-6.540169,-1.87110622,1.56588061,-68.1467722,-62.37768828,-80.7020519,0.0,87.7947556,9.31762702,20.46887033,-28.03945185,-99.93175685,-18.77111634,0.0,15.44843331,19.30264893,0.59608347
1760624602.573,0.56489813,0.10454922,3.47305426,-0.01476787,0.98239216,0.0069647,80.0,-7.0,0.0,80.0,1.3962634,0.0,0.0,0.0,80.0,-7.0,0.0,80.0,1.3962634,0.0,0.0,0.0,-7.38372661,-1.75053513,2.192179,-66.62081572,-61.70953458,-80.06745537,0.0,87.4441207,9.21180436,20.43087007,-33.43045262,-99.94121669,-25.09401728,0.0,16.02101332,19.18780262,0.38664325
1760624602.606,0.54005106,0.09203566,3.45676201,-0.01256379,0.9823572,0.00652586,80.0,-7.0,0.0,80.0,1.3962634,0.0,0.0,0.0,80.0,-7.0,0.0,80.0,1.3962634,0.0,0.0,0.0,-7.27573061,-1.74343659,1.8941543,-65.15426902,-61.74840906,-78.3771805,0.0,87.15591859,9.12188606,20.41721488,-34.03407256,-99.44350242,-25.29888749,0.0,16.18650363,19.1422987,0.26819215
1760624602.64,0.51017576,0.08360897,3.44487348,-0.0103685,0.98184777,0.00586505,80.0,-7.0,0.0,80.0,1.3962634,0.0,0.0,0.0,80.0,-7.0,0.0,80.0,1.3962634,0.0,0.0,0.0,-7.0290545,-1.63337773,2.05116574,-63.98951349,-61.31460368,-76.79962664,0.0,86.58202583,8.99120996,20.35215403,-37.200124,-99.23680414,-33.44036469,0.0,21.77709632,19.09395681,0.19780054
1760624602.673,0.48734604,0.08945577,3.44924999,-0.00906142,0.98266665,0.00569654,80.0,-7.0,0.0,80.0,1.3962634,0.0,0.0,0.0,80.0,-7.0,0.0,80.0,1.3962634,0.0,0.0,0.0,-6.82252972,-1.535025,2.11366234,-61.74364265,-60.73693245,-74.19218656,0.0,85.63928025,8.76468492,20.22787346,-43.57113368,-98.44989372,-41.71229611,0.0,24.13965329,19.00781618,0.09863577
1760624602.706,0.4700507,0.09883421,3.46312415,-0.00910676,0.98372828,0.00597271,80.0,-7.0,0.0,80.0,1.3962634,0.0,0.0,0.0,80.0,-7.0,0.0,80.0,1.3962634,0.0,0.0,0.0,-6.77816273,-1.54609086,1.74542122,-59.06071335,-60.5148888,-71.3716618,0.0,84.9083451,8.56049257,20.12910525,-47.40767299,-97.5844429,-48.34700893,0.0,27.36757914,18.96703973,0.11770354
1760624602.74,0.45806554,0.10971524,3.47343947,-0.0098782,0.98518385,0.00609569,80.0,-7.0,0.0,80.0,1.3962634,0.0,0.0,0.0,80.0,-7.0,0.0,80.0,1.3962634,0.0,0.0,0.0,-6.67116478,-1.57594331,1.34586752,-56.13580283,-60.11498604,-68.01953613,0.0,83.89987623,8.51299661,19.99864107,-53.14004896,-96.67927932,-56.84612721,0.0,30.85442649,18.90790008,0.1629518
1760624602.773,0.44523031,0.12813024,3.47029367,-0.01055143,0.98662037,0.0071939,80.0,-7.0,0.0,80.0,1.3962634,0.0,0.0,0.0,80.0,-7.0,0.0,80.0,1.3962634,0.0,0.0,0.0,-6.60366809,-1.74646471,-0.22455606,-50.39117712,-60.0320788,-61.60469129,0.0,82.16101654,8.37487807,19.72716841,-57.3307478,-94.70034207,-65.86523792,0.0,36.95367993,18.79898799,0.1861348
1760624602.84,0.42564776,0.15902882,3.4631203,-0.00969182,0.98736321,0.01123814,80.0,-7.0,0.0,80.0,1.3962634,0.0,0.0,0.0,80.0,-7.0,0.0,80.0,1.3962634,0.0,0.0,0.0,-7.799306,-2.66377848,-0.08123246,-42.32744507,-56.91563584,-54.03727117,0.0,79.83267899,8.43344058,19.31962216,-87.61224605,-94.84111665,-90.00000018,0.0,32.78189016,18.43665082,0.15720404
1760624602.874,0.41296222,0.17733884,3.4608474,-0.00943145,0.98747892,0.01841173,80.0,-7.0,0.0,80.0,1.3962634,0.0,0.0,0.0,80.0,-7.0,0.0,80.0,1.3962634,0.0,0.0,0.0,-8.5978688,-4.65998168,-0.29684247,-35.81550307,-53.54037314,-47.5465797,0.0,77.862519,7.96092481,18.98724138,-90.00000018,-95.35466351,-90.00000018,0.0,30.98255262,18.469345,0.61843004
1760624602.907,0.40126362,0.19900059,3.44955917,-0.01090581,0.9872335,0.02512645,80.0,-7.0,0.0,80.0,1.3962634,0.0,0.0,0.0,80.0,-7.0,0.0,80.0,1.3962634,0.0,0.0,0.0,-9.92589994,-6.334551,-0.77898991,-30.44167693,-50.59960098,-42.60675936,0.0,76.36149175,7.91642747,18.63668207,-90.00000018,-95.47751577,-90.00000018,0.0,30.38028382,18.47065311,0.95428335
1760624602.94,0.39107206,0.20864697,3.44438963,-0.0120902,0.98680694,0.03046253,80.0,-7.0,0.0,80.0,1.3962634,0.0,0.0,0.0,80.0,-7.0,0.0,80.0,1.3962634,0.0,0.0,0.0,-11.11949496,-7.67643629,-0.70606378,-26.3287506,-47.38035828,-38.88172507,0.0,74.27689413,7.71371044,18.25492236,-90.00000018,-94.19615833,-90.00000018,1.89779462,29.78912068,18.38402744,1.27909847
1760624602.974,0.38593803,0.16480062,3.42636207,-0.01069364,0.98323961,0.0095449,80.0,-7.0,0.0,80.0,1.3962634,0.0,0.0,0.0,80.0,-7.0,0.0,80.0,1.3962634,0.0,0.0,0.0,-11.19205992,-1.22151363,-2.08456012,-25.03199913,-51.24730987,-38.06357364,0.0,72.76768967,7.96028966,17.84545005,-26.3098462,-83.49850724,3.83592992,10.44713173,0.0,17.0032961,0.17206664
1760624603.007,0.38684063,0.15381589,3.43225617,-0.01051911,0.98158157,0.00999077,80.0,-7.0,0.0,80.0,1.3962634,0.0,0.0,0.0,80.0,-7.0,0.0,80.0,1.3962634,0.0,0.0,0.0,-11.57820353,-1.03990228,-2.22423107,-22.22136086,-49.37035476,-35.42471434,0.0,71.64111287,8.06075964,17.3656785,-26.52718317,-81.78861674,4.58818846,11.62127621,0.0,16.68790003,0.35209544
1760624603.041,0.39206799,0.15034938,3.42176851,-0.01030273,0.97916758,0.01109059,80.0,-7.0,0.0,80.0,1.3962634,0.0,0.0,0.0,80.0,-7.0,0.0,80.0,1.3962634,0.0,0.0,0.0,-11.04004908,-1.47775187,-1.90174986,-20.75647156,-46.68589143,-32.8223081,0.0,70.03464854,8.26128493,16.83658292,-26.93483563,-80.59480735,5.86516486,12.9234275,0.0,16.32024047,0.42618205
1760624603.074,0.36747643,0.13120299,3.39805177,-0.00930922,0.97582044,0.01086082,80.0,-7.0,0.0,80.0,1.3962634,0.0,0.0,0.0,80.0,-7.0,0.0,80.0,1.3962634,0.0,0.0,0.0,-10.31679586,-1.16431559,-2.2108669,-18.60039979,-44.15664294,-28.69564977,0.0,68.06822921,8.83251753,16.14881171,-27.4128161,-77.85130665,7.45149736,14.54076015,0.0,15.80216663,0.72965339
1760624603.108,0.35975423,0.1142631,3.40526392,-0.00950713,0.9708636,0.01233948,80.0,-7.0,0.0,80.0,1.3962634,0.0,0.0,0.0,80.0,-7.0,0.0,80.0,1.3962634,0.0,0.0,0.0,-8.09231518,-1.00592977,-1.22380029,-19.94716543,-41.75310319,-27.00280399,0.0,66.31382411,9.02157318,15.56962978,-28.91355765,-76.75565017,9.81197147,16.62498824,0.0,15.36554263,0.72575616
1760624603.141,0.35631608,0.09454464,3.41198761,-0.00895301,0.96916845,0.01262636,80.0,-7.0,0.0,80.0,1.3962634,0.0,0.0,0.0,80.0,-7.0,0.0,80.0,1.3962634,0.0,0.0,0.0,-7.79078792,-0.8846474,-0.59565398,-18.80699926,-39.35768426,-24.74886851,0.0,64.34080218,9.14518001,14.93838387,-20.24373417,-74.28441026,19.48033307,16.1047762,0.0,14.88509467,0.93900867
1760624603.175,0.33416912,0.07561158,3.44069426,-0.00768592,0.96789962,0.01298481,80.0,-7.0,0.0,80.0,1.3962634,0.0,0.0,0.0,80.0,-7.0,0.0,80.0,1.3962634,0.0,0.0,0.0,-6.46237096,-0.54197732,-0.27984943,-18.00853404,-36.60984986,-21.78724146,0.0,62.59107169,9.73886201,14.11769297,-16.02882441,-71.00728912,26.77643771,16.17671644,0.0,14.22703839,1.36382227
1760624603.208,0.35475171,0.06129427,3.4619027,-0.00651885,0.96655593,0.01175692,80.0,-7.0,0.0,80.0,1.3962634,0.0,0.0,0.0,80.0,-7.0,0.0,80.0,1.3962634,0.0,0.0,0.0,-7.25159918,-0.08190011,-2.62227352,-14.01279496,-35.35857969,-16.81395065,0.0,61.66244109,10.31161181,13.45715548,-5.48514503,-63.08722474,36.57676405,9.21200282,0.0,13.59327038,1.82912907
1760624603.242,0.36996745,0.05272732,3.49782248,-0.0066521,0.96582535,0.01113177,80.0,-7.0,0.0,80.0,1.3962634,0.0,0.0,0.0,80.0,-7.0,0.0,80.0,1.3962634,0.0,0.0,0.0,-7.32067034,0.414316,-4.64545492,-11.15156927,-33.86740711,-12.13033698,0.0,60.50536774,10.66617671,12.81954786,-3.16939912,-57.03026907,38.51061645,5.54658795,0.0,12.94736483,2.15594591
1760624603.275,0.37023126,0.04252213,3.52728956,-0.00928019,0.96157261,0.01190092,80.0,-7.0,0.0,80.0,1.3962634,0.0,0.0,0.0,80.0,-7.0,0.0,80.0,1.3962634,0.0,0.0,0.0,-6.96144003,0.26565974,-4.20297974,-9.91639383,-30.57772276,-9.09003871,0.0,58.95432042,11.17270128,11.99638338,-6.84929469,-57.03763135,38.71555921,9.54054039,0.0,12.05053734,1.93673136
1760624603.309,0.39578333,0.03594997,3.52255008,-0.00933355,0.95889199,0.01083825,80.0,-7.0,0.0,80.0,1.3962634,0.0,0.0,0.0,80.0,-7.0,0.0,80.0,1.3962634,0.0,0.0,0.0,-6.67068265,0.36707619,-4.17992475,-8.95911754,-28.45043194,-6.59561686,0.0,58.28499637,11.64299275,11.2905466,-5.45896603,-54.04025366,42.10712109,8.84289348,0.0,11.32833601,1.91879676
1760624603.342,0.41402976,0.02198512,3.52729544,-0.01006963,0.95579565,0.01073424,80.0,-7.0,0.0,80.0,1.3962634,0.0,0.0,0.0,80.0,-7.0,0.0,80.0,1.3962634,0.0,0.0,0.0,-6.03993731,0.39208076,-3.19119578,-8.87827673,-26.32732275,-5.0439704,0.0,57.99859786,11.8488972,10.73259288,-6.5524339,-54.0677516,44.57249963,11.51500788,0.0,10.57120312,1.73025854
1760624603.375,0.44051744,0.01423184,3.4859397,-0.01031712,0.95212471,0.01226889,80.0,-7.0,0.0,80.0,1.3962634,0.0,0.0,0.0,80.0,-7.0,0.0,80.0,1.3962634,0.0,0.0,0.0,-5.77574241,0.27933017,-3.31853187,-7.54234079,-23.88823231,-0.81658835,0.0,58.54490113,11.97846113,10.00289338,-5.86376053,-52.15145418,49.56363444,12.06305013,0.0,9.29904844,1.28324737
1760624603.409,0.46790862,0.00692608,3.43662382,-0.01102103,0.94834474,0.01317768,80.0,-7.0,0.0,80.0,1.3962634,0.0,0.0,0.0,80.0,-7.0,0.0,80.0,1.3962634,0.0,0.0,0.0,-5.86407299,0.03291465,-3.47998021,-6.22754114,-22.03249494,3.03945878,0.0,58.12180706,12.55573046,8.9809115,-5.68459276,-51.92841074,52.99247919,13.47662887,0.0,8.41477912,1.09325855
1760624603.442,0.48769049,-0.01318955,3.40515256,-0.01167878,0.94693184,0.01349477,80.0,-7.0,0.0,80.0,1.3962634,0.0,0.0,0.0,80.0,-7.0,0.0,80.0,1.3962634,0.0,0.0,0.0,-5.82102662,-0.01426149,-3.86139276,-4.89277994,-20.4180017,7.05427414,0.0,56.25647326,12.68281275,7.79289704,-5.7265294,-51.35733259,55.57969978,14.66497433,0.0,7.82110254,1.22015272
1760624603.476,0.50086568,-0.05119369,3.37015983,-0.01370687,0.94628531,0.01374213,80.0,-7.0,0.0,80.0,1.3962634,0.0,0.0,0.0,80.0,-7.0,0.0,80.0,1.3962634,0.0,0.0,0.0,-6.13273941,-0.24333386,-4.91379067,-2.75537734,-18.2058311,12.15670889,0.0,54.59875638,12.42448983,6.60261006,-6.68431966,-50.39253659,55.67780804,16.31428196,0.0,7.05253246,1.47947173
1760624603.509,0.5337852,-0.07594271,3.36623597,-0.01478373,0.94672038,0.01294915,80.0,-7.0,0.0,80.0,1.3962634,0.0,0.0,0.0,80.0,-7.0,0.0,80.0,1.3962634,0.0,0.0,0.0,-6.15026794,-0.68507232,-5.35425145,-1.84062422,-16.4082019,14.90061606,0.0,54.7632097,12.43148701,5.88976916,-6.38180205,-48.6990854,56.80407313,16.15692173,0.0,6.54340659,1.74117684
1760624603.543,0.55641414,-0.11213399,3.41503292,-0.01567595,0.94583899,0.01251342,80.0,-7.0,0.0,80.0,1.3962634,0.0,0.0,0.0,80.0,-7.0,0.0,80.0,1.3962634,0.0,0.0,0.0,-6.23232042,-0.57664035,-5.33094771,-0.85954702,-14.7396932,17.70318425,0.0,54.68095726,12.33211705,5.12631508,-5.03439318,-46.97838471,59.81145875,16.81017847,0.0,6.04692216,2.17488799
1760624603.576,0.57117103,-0.12429173,3.45296668,-0.01638104,0.94525761,0.01071714,80.0,-7.0,0.0,80.0,1.3962634,0.0,0.0,0.0,80.0,-7.0,0.0,80.0,1.3962634,0.0,0.0,0.0,-5.60632661,-0.26570448,-6.09732155,-0.73978114,-13.78134012,21.14289815,0.0,53.43326928,12.51429179,4.66824262,-5.41341947,-44.88459214,60.46570969,16.87026457,0.0,5.79785466,2.58591767
1760624603.609,0.60047102,-0.13406635,3.53116751,-0.01700306,0.94426472,0.00848089,80.0,-7.0,0.0,80.0,1.3962634,0.0,0.0,0.0,80.0,-7.0,0.0,80.0,1.3962634,0.0,0.0,0.0,-4.98743685,0.21747283,-7.1385601,-0.64383422,-12.95188986,24.08235808,0.0,51.97797332,12.53582457,4.11813351,-5.49467306,-41.57163687,61.00697426,15.79516247,0.0,5.63729155,3.11281241
1760624603.643,0.59477957,-0.12415843,3.65300278,-0.01830571,0.9435946,0.00691204,80.0,-7.0,0.0,80.0,1.3962634,0.0,0.0,0.0,80.0,-7.0,0.0,80.0,1.3962634,0.0,0.0,0.0,-4.41078601,0.59268132,-7.77688772,-0.40639395,-11.81337853,25.93101734,0.0,51.1655187,12.65898988,3.66802074,-4.95976022,-39.0498106,62.57238058,15.6500181,0.0,5.45249196,3.63737174
1760624603.676,0.59336275,-0.10936365,3.71090652,-0.01931301,0.94236313,0.00572399,80.0,-7.0,0.0,80.0,1.3962634,0.0,0.0,0.0,80.0,-7.0,0.0,80.0,1.3962634,0.0,0.0,0.0,-3.83921228,0.92058159,-7.89036291,-0.53135146,-11.21791088,26.92233584,0.0,50.93340414,12.7514466,3.45108706,-4.65632779,-37.26213923,63.80678899,15.65750135,0.0,5.34398483,3.95663972
1760624603.71,0.59472596,-0.09354687,3.74956021,-0.01978982,0.94233278,0.00499449,80.0,-7.0,0.0,80.0,1.3962634,0.0,0.0,0.0,80.0,-7.0,0.0,80.0,1.3962634,0.0,0.0,0.0,-3.71142041,0.96855938,-7.90946676,-0.33969721,-10.4234863,27.82366456,0.0,50.73434978,12.99419009,3.2491507,-3.75564056,-35.12622967,65.25341686,14.73902288,0.0,5.34493917,4.44714556
1760624603.743,0.62105662,-0.07815189,3.74767143,-0.02168471,0.94328954,0.0068417,80.0,-7.0,0.0,80.0,1.3962634,0.0,0.0,0.0,80.0,-7.0,0.0,80.0,1.3962634,0.0,0.0,0.0,-3.58374853,0.59633899,-8.09681719,-0.25127563,-9.16582975,29.27107486,0.0,50.34691317,13.50140262,2.92475391,-3.15088526,-33.63179153,66.75552732,14.15742758,0.0,5.30193621,4.93313419
1760624603.777,0.64062766,-0.08174555,3.7077323,-0.02386763,0.94310733,0.0071761,80.0,-7.0,0.0,80.0,1.3962634,0.0,0.0,0.0,80.0,-7.0,0.0,80.0,1.3962634,0.0,0.0,0.0,-3.71992034,0.47135091,-8.13800396,0.01413294,-8.4927586,29.78491058,0.0,50.41252205,13.72174419,2.69596735,-2.36475171,-32.15834453,67.96382723,13.27281958,0.0,5.2294067,5.15275755
1760624603.81,0.64319735,-0.09580671,3.65391755,-0.02553853,0.943693,0.00669039,80.0,-7.0,0.0,80.0,1.3962634,0.0,0.0,0.0,80.0,-7.0,0.0,80.0,1.3962634,0.0,0.0,0.0,-4.64078927,0.60825698,-8.98690049,1.1531572,-8.05098302,31.08841682,0.0,50.65069616,13.77688762,2.59531414,-1.4561205,-31.32067512,67.81261489,13.16091412,0.0,5.09740417,5.27166543
1760624603.844,0.65079707,-0.10067133,3.58978026,-0.02476807,0.94326644,0.00672428,80.0,-7.0,0.0,80.0,1.3962634,0.0,0.0,0.0,80.0,-7.0,0.0,80.0,1.3962634,0.0,0.0,0.0,-3.49995934,0.57995539,-8.98655144,-0.01705768,-7.78998487,32.17648044,0.0,50.56268623,13.67909181,2.63764994,-1.84325894,-29.24756267,68.75162381,12.13431161,0.0,5.00488547,5.48920026
1760624603.877,0.65058323,-0.10887775,3.54541932,-0.02405777,0.94339517,0.00618874,80.0,-7.0,0.0,80.0,1.3962634,0.0,0.0,0.0,80.0,-7.0,0.0,80.0,1.3962634,0.0,0.0,0.0,-3.27456688,0.59190996,-8.5501321,-0.25904584,-7.61787085,32.37938694,0.0,50.32007612,13.69162546,2.62062838,-1.5564953,-29.13089099,69.81386057,12.58343383,0.0,4.97307276,5.62999221
1760624603.911,0.66979279,-0.10530616,3.51812681,-0.02348095,0.94327857,0.00678392,80.0,-7.0,0.0,80.0,1.3962634,0.0,0.0,0.0,80.0,-7.0,0.0,80.0,1.3962634,0.0,0.0,0.0,-3.35321379,0.44831188,-8.1270821,-0.20957571,-7.28980958,32.14117024,0.0,50.29808966,13.66782944,2.54777697,-0.95325236,-29.04856906,71.03165581,12.69807002,0.0,4.91376995,5.68646264
1760624603.944,0.68211022,-0.09530298,3.51773114,-0.02282959,0.94283243,0.00822082,80.0,-7.0,0.0,80.0,1.3962634,0.0,0.0,0.0,80.0,-7.0,0.0,80.0,1.3962634,0.0,0.0,0.0,-3.67182474,0.24541963,-8.40846698,0.16088494,-6.82935878,32.55201806,0.0,50.29862344,13.66978079,2.52355882,-0.47683379,-28.88716313,71.46369972,12.70869054,0.0,4.81884646,5.69158442
1760624603.978,0.6754843,-0.09730189,3.52919134,-0.022276,0.94263728,0.00923426,80.0,-7.0,0.0,80.0,1.3962634,0.0,0.0,0.0,80.0,-7.0,0.0,80.0,1.3962634,0.0,0.0,0.0,-3.18702151,0.22273067,-8.26979278,-0.33885806,-6.77227442,32.65249112,0.0,50.09982356,13.6430004,2.50446522,-0.58114669,-28.04812145,72.24557858,12.11025368,0.0,4.75138722,5.67932979
1760624604.011,0.67752079,-0.0861532,3.54581579,-0.02219106,0.94248878,0.00942086,80.0,-7.0,0.0,80.0,1.3962634,0.0,0.0,0.0,80.0,-7.0,0.0,80.0,1.3962634,0.0,0.0,0.0,-2.99939845,0.12106299,-8.27902851,-0.54180612,-6.61534264,32.90732083,0.0,49.90199719,13.62348404,2.4787457,-0.53717443,-27.42488383,72.80470504,11.5431368,0.0,4.70526796,5.6535873
1760624604.044,0.66278381,-0.07473089,3.57544379,-0.02017578,0.9424507,0.00860509,80.0,-7.0,0.0,80.0,1.3962634,0.0,0.0,0.0,80.0,-7.0,0.0,80.0,1.3962634,0.0,0.0,0.0,-2.92392392,-0.04908537,-8.28389496,-0.61951714,-6.36021168,33.24232153,0.0,49.80277344,13.62741437,2.45348175,-0.3910239,-26.69033353,73.14954529,10.84439463,0.0,4.66390055,5.66862175
1760624604.078,0.63347346,-0.07755838,3.57707468,-0.01885764,0.94244302,0.00752129,80.0,-7.0,0.0,80.0,1.3962634,0.0,0.0,0.0,80.0,-7.0,0.0,80.0,1.3962634,0.0,0.0,0.0,-3.44668035,-0.1001773,-8.74522709,0.00639648,-6.15997377,33.93025651,0.0,49.71521606,13.66247795,2.43741368,0.10552301,-26.39696706,72.9112485,10.51342773,0.0,4.6484081,5.68448899
1760624604.111,0.62429779,-0.06607499,3.56984991,-0.0181776,0.94274868,0.00698445,80.0,-7.0,0.0,80.0,1.3962634,0.0,0.0,0.0,80.0,-7.0,0.0,80.0,1.3962634,0.0,0.0,0.0,-3.38625818,-0.14072576,-8.79922738,-0.01918746,-6.1037071,34.1586441,0.0,49.57989266,13.63972824,2.41827865,0.15642403,-26.37001311,73.1303163,10.53744985,0.0,4.62113661,5.65152114
1760624604.145,0.62230187,-0.05804021,3.58158554,-0.01909829,0.94302483,0.0066251,80.0,-7.0,0.0,80.0,1.3962634,0.0,0.0,0.0,80.0,-7.0,0.0,80.0,1.3962634,0.0,0.0,0.0,-3.99544359,-0.12066574,-9.41721754,0.69752545,-5.98930865,34.90071482,0.0,49.49435711,13.55962296,2.40944535,0.65147702,-26.24315644,72.66423813,10.43866874,0.0,4.61952863,5.65840143
1760624604.178,0.60404621,-0.0500728,3.58584657,-0.02008106,0.94327188,0.00657564,80.0,-7.0,0.0,80.0,1.3962634,0.0,0.0,0.0,80.0,-7.0,0.0,80.0,1.3962634,0.0,0.0,0.0,-4.0892616,-0.10227707,-9.60566527,0.85855043,-5.99291635,35.23169028,0.0,49.37423949,13.57703936,2.3865517,0.78934881,-25.71040242,72.58924921,9.94781023,0.0,4.6206202,5.6796202
1760624604.212,0.60157411,-0.0414023,3.58154117,-0.02103049,0.94333768,0.00679791,80.0,-7.0,0.0,80.0,1.3962634,0.0,0.0,0.0,80.0,-7.0,0.0,80.0,1.3962634,0.0,0.0,0.0,-3.52822294,-0.18933985,-9.53675206,0.272057,-6.02966024,35.19468144,0.0,49.37458573,13.57265575,2.39207805,0.26035348,-25.47751225,72.72328648,9.73112216,0.0,4.56512278,5.64210396
1760624604.245,0.60069954,-0.02689908,3.58210835,-0.0215921,0.94334935,0.00703487,80.0,-7.0,0.0,80.0,1.3962634,0.0,0.0,0.0,80.0,-7.0,0.0,80.0,1.3962634,0.0,0.0,0.0,-3.57564559,-0.20176243,-9.50110763,0.28879257,-6.10077906,35.25352314,0.0,49.31486782,13.52131895,2.4238351,0.24843603,-25.50715067,72.75110012,9.67795218,0.0,4.57740261,5.65420988
1760624604.279,0.59825466,-0.02624452,3.5897236,-0.02196242,0.94334761,0.00731931,80.0,-7.0,0.0,80.0,1.3962634,0.0,0.0,0.0,80.0,-7.0,0.0,80.0,1.3962634,0.0,0.0,0.0,-3.86515723,-0.17184361,-9.12300401,0.49075779,-6.19638305,35.03838473,0.0,49.08496568,13.50504614,2.48320095,0.66393359,-25.46756403,73.12581077,9.48285561,0.0,4.59982264,5.64811492
1760624604.312,0.59376066,-0.02089254,3.59105834,-0.02132622,0.94342824,0.00789914,80.0,-7.0,0.0,80.0,1.3962634,0.0,0.0,0.0,80.0,-7.0,0.0,80.0,1.3962634,0.0,0.0,0.0,-3.97105287,-0.26532114,-8.78234092,0.44717941,-6.31186388,34.58303594,0.0,49.04043622,13.51945833,2.50357349,0.89545983,-25.51118023,73.5170863,9.10305603,0.0,4.63861017,5.56070095
1760624604.346,0.5865127,-0.0119594,3.60014771,-0.02205183,0.94354004,0.00852989,80.0,-7.0,0.0,80.0,1.3962634,0.0,0.0,0.0,80.0,-7.0,0.0,80.0,1.3962634,0.0,0.0,0.0,-4.26003293,-0.27339599,-8.36633535,0.48020405,-6.82221044,33.5153232,0.0,49.47818977,13.53044436,2.61018994,1.37714548,-25.28680104,73.65941552,8.11209204,0.0,4.74798487,5.35716494
1760624604.379,0.590663,0.00256425,3.63322325,-0.02365711,0.94408429,0.00857078,80.0,-7.0,0.0,80.0,1.3962634,0.0,0.0,0.0,80.0,-7.0,0.0,80.0,1.3962634,0.0,0.0,0.0,-4.25261794,-0.30894286,-8.05768661,0.1194142,-7.44628045,32.28742936,0.0,50.1354485,13.5354776,2.73201145,1.52871213,-24.77939756,73.33062677,6.81848002,0.0,4.90369389,5.17812548
1760624604.412,0.59936175,0.00140269,3.65026577,-0.02456214,0.94334781,0.00881783,80.0,-7.0,0.0,80.0,1.3962634,0.0,0.0,0.0,80.0,-7.0,0.0,80.0,1.3962634,0.0,0.0,0.0,-4.59062974,-0.2894442,-7.59587627,-0.05667096,-8.30885661,30.76093869,0.0,50.83728228,13.7068687,2.98225435,2.15786967,-24.28293588,72.91888949,5.25872715,0.0,5.1631369,4.97581583
1760624604.446,0.59938541,0.00555718,3.66718167,-0.02473864,0.94325263,0.00838984,80.0,-7.0,0.0,80.0,1.3962634,0.0,0.0,0.0,80.0,-7.0,0.0,80.0,1.3962634,0.0,0.0,0.0,-3.93555172,-0.34842554,-6.52409049,-1.77308123,-9.9833982,28.24615597,0.0,51.76817664,14.07862485,3.53356037,2.25306763,-23.19219,72.10512558,2.42686369,0.38118388,5.44715344,4.29293602
1760624604.479,0.59333659,0.01045141,3.65490166,-0.02217488,0.94260259,0.00755631,80.0,-7.0,0.0,80.0,1.3962634,0.0,0.0,0.0,80.0,-7.0,0.0,80.0,1.3962634,0.0,0.0,0.0,-2.53759564,-0.45884694,-4.52414296,-4.43715538,-11.61182656,24.93380684,0.0,52.90249605,14.34070535,4.22636063,2.79629944,-22.83286428,55.19085713,0.0,18.50110983,5.530119,3.13362508
1760624604.513,0.58275534,0.00733248,3.6055484,-0.01870766,0.94148488,0.00709908,80.0,-7.0,0.0,80.0,1.3962634,0.0,0.0,0.0,80.0,-7.0,0.0,80.0,1.3962634,0.0,0.0,0.0,-2.71259581,-0.33729073,-3.57090303,-5.74781535,-14.30435581,22.08072393,0.0,54.41916313,14.65107302,5.36876942,3.20501837,-25.11779791,59.21820956,0.0,12.84820007,5.85810751,2.00931003
1760624604.546,0.56431738,0.00412115,3.55238842,-0.01652634,0.94105529,0.00743904,80.0,-7.0,0.0,80.0,1.3962634,0.0,0.0,0.0,80.0,-7.0,0.0,80.0,1.3962634,0.0,0.0,0.0,-3.46068159,-0.25834658,-3.07246957,-6.2091045,-16.4835904,20.42477829,0.0,54.92341485,14.81994966,6.30393427,4.12251893,-27.19788206,58.41955987,0.0,11.83159193,6.28006832,1.49568082
1760624604.58,0.54247826,-0.00590538,3.50566421,-0.01541975,0.94113403,0.00772557,80.0,-7.0,0.0,80.0,1.3962634,0.0,0.0,0.0,80.0,-7.0,0.0,80.0,1.3962634,0.0,0.0,0.0,-5.25518665,0.13801461,-2.20549552,-5.82188884,-19.07404465,18.25700075,0.0,55.25045369,14.98613829,7.27243141,6.26738677,-29.22616073,57.73432796,0.0,11.06652514,6.74830145,1.03598855
1760624604.613,0.53341471,-0.00559674,3.44459339,-0.01398953,0.94094961,0.00700625,80.0,-7.0,0.0,80.0,1.3962634,0.0,0.0,0.0,80.0,-7.0,0.0,80.0,1.3962634,0.0,0.0,0.0,-5.78006395,0.13639942,-1.33103494,-7.4597103,-22.0996496,14.80038919,0.0,56.02222528,14.97661636,8.57320469,7.0894256,-32.55970825,56.88040085,0.0,10.00877705,7.35019667,0.37247649
1760624604.647,0.51788093,0.00591684,3.41463558,-0.01210031,0.94271858,0.00831065,80.0,-7.0,0.0,80.0,1.3962634,0.0,0.0,0.0,80.0,-7.0,0.0,80.0,1.3962634,0.0,0.0,0.0,-6.54690925,0.02774594,-2.58620958,-7.583803,-24.68465618,13.05459926,0.0,57.60593535,14.89493574,9.51830387,7.12138305,-35.60019371,55.14445153,0.0,8.68866427,7.81868299,0.08285628
1760624604.68,0.50277982,0.02133652,3.4111326,-0.01028252,0.9438595,0.00875077,80.0,-7.0,0.0,80.0,1.3962634,0.0,0.0,0.0,80.0,-7.0,0.0,80.0,1.3962634,0.0,0.0,0.0,-7.64576861,-0.26760753,-2.20807012,-8.03616442,-26.89495103,9.03932091,0.0,59.62264147,14.88322023,10.44832922,8.73877492,-39.00460835,50.4719786,0.0,12.58336311,8.35661463,-0.35153777
1760624604.713,0.49035848,0.06401258,3.44470144,-0.00936276,0.94403013,0.0106109,80.0,-7.0,0.0,80.0,1.3962634,0.0,0.0,0.0,80.0,-7.0,0.0,80.0,1.3962634,0.0,0.0,0.0,-7.89557081,-0.63912771,-2.46954204,-9.76522993,-29.89673606,4.96985041,0.0,61.78000626,14.67645551,11.61185252,8.67741964,-43.20694794,49.33199418,0.0,10.95608225,9.13447272,-0.92320578
1760624604.747,0.47868752,0.10100142,3.46973108,-0.00833427,0.94383217,0.01149337,80.0,-7.0,0.0,80.0,1.3962634,0.0,0.0,0.0,80.0,-7.0,0.0,80.0,1.3962634,0.0,0.0,0.0,-7.85506358,-0.66242231,-2.20317392,-11.66059099,-32.3590692,1.675962,0.0,63.3546718,14.50065838,12.41079024,8.93560234,-46.13261778,48.41660994,0.0,10.14454821,9.96524187,-1.03214991
1760624604.78,0.45736731,0.14386976,3.49715788,-0.00806591,0.94455403,0.01260191,80.0,-7.0,0.0,80.0,1.3962634,0.0,0.0,0.0,80.0,-7.0,0.0,80.0,1.3962634,0.0,0.0,0.0,-8.01705893,-0.53704182,-1.27849784,-13.81584784,-34.74195827,-2.16926404,0.0,64.69834195,14.40454296,13.14941688,10.27910904,-48.7764565,48.09460958,0.0,9.75024083,10.66667871,-1.1721525
1760624604.814,0.47719028,0.19292655,3.51692464,-0.01157781,0.94501504,0.01424242,80.0,-7.0,0.0,80.0,1.3962634,0.0,0.0,0.0,80.0,-7.0,0.0,80.0,1.3962634,0.0,0.0,0.0,-7.71695833,-0.85129179,0.78778756,-18.10965907,-37.06795409,-8.50020758,0.0,66.75079652,14.4341356,13.93819824,12.47636265,-52.30453794,54.43330432,0.0,3.73993067,11.61593824,-1.64590141
1760624604.847,0.47877312,0.23199607,3.50912743,-0.01182281,0.94780552,0.01660005,80.0,-7.0,0.0,80.0,1.3962634,0.0,0.0,0.0,80.0,-7.0,0.0,80.0,1.3962634,0.0,0.0,0.0,-7.66500514,-1.08984977,1.52412117,-20.76946415,-38.99749029,-12.49651529,0.0,68.45214657,14.53855579,14.5286996,14.39615209,-55.30058257,54.6520638,0.0,3.50796561,12.39417232,-1.75998112
1760624604.881,0.46957797,0.25430367,3.48489768,-0.01101601,0.95019638,0.01651191,80.0,-7.0,0.0,80.0,1.3962634,0.0,0.0,0.0,80.0,-7.0,0.0,80.0,1.3962634,0.0,0.0,0.0,-6.8892649,-1.13841531,2.40039313,-24.39404051,-40.82318951,-16.80123065,0.0,69.76342831,14.36896185,15.10197171,16.20499551,-58.17491195,54.60664949,0.0,3.9594021,13.35823794,-1.6205464
1760624604.914,0.47240011,0.26730282,3.4521299,-0.01108027,0.95069467,0.0166037,80.0,-7.0,0.0,80.0,1.3962634,0.0,0.0,0.0,80.0,-7.0,0.0,80.0,1.3962634,0.0,0.0,0.0,-6.31782409,-1.18252706,1.483272,-27.38536431,-43.98861582,-20.57166351,0.0,71.72469683,13.89841521,15.7885435,15.8817994,-62.13320328,53.01124276,0.0,2.30038936,14.49692247,-1.32713263
1760624604.981,0.48625963,0.25316285,3.42170444,-0.01030747,0.95488204,0.01557057,80.0,-7.0,0.0,80.0,1.3962634,0.0,0.0,0.0,80.0,-7.0,0.0,80.0,1.3962634,0.0,0.0,0.0,-6.62939089,-0.95780318,-2.24148786,-28.78977542,-50.03265571,-24.00930635,0.0,74.82962873,13.47945235,16.59964356,11.76384787,-68.63232431,41.44127905,0.0,4.41018454,15.94146636,-0.50004229
1760624605.015,0.51049536,0.22067663,3.41056656,-0.01189919,0.95565746,0.01267809,80.0,-7.0,0.0,80.0,1.3962634,0.0,0.0,0.0,80.0,-7.0,0.0,80.0,1.3962634,0.0,0.0,0.0,-7.04980577,-0.89989045,-1.41967564,-32.84571815,-52.11900564,-30.74047067,0.0,77.07186567,13.48938763,17.0900266,15.91119961,-72.11973633,42.32696351,0.0,4.9600672,16.88539013,-0.12654845
1760624605.048,0.52912924,0.19225923,3.42488041,-0.01504592,0.95813283,0.01081622,80.0,-7.0,0.0,80.0,1.3962634,0.0,0.0,0.0,80.0,-7.0,0.0,80.0,1.3962634,0.0,0.0,0.0,-6.3151455,-0.73948065,1.65617933,-39.76601506,-52.06019414,-38.95761293,0.0,77.96225739,13.3334755,17.42466188,26.603236,-73.63188791,48.30164042,0.0,8.86707831,17.66647847,0.14083265
1760624605.081,0.54594848,0.15338271,3.436068,-0.01739382,0.96085415,0.00724594,80.0,-7.0,0.0,80.0,1.3962634,0.0,0.0,0.0,80.0,-7.0,0.0,80.0,1.3962634,0.0,0.0,0.0,-6.73962321,-0.61960473,2.54348041,-43.21625199,-52.92452187,-44.52180623,0.0,78.64679957,12.81730566,17.78474615,33.7184677,-75.48558225,51.64002805,0.0,10.21895792,18.33298001,0.5886922
1760624605.115,0.57491982,0.1223629,3.44479666,-0.01820931,0.9647434,0.00567476,80.0,-7.0,0.0,80.0,1.3962634,0.0,0.0,0.0,80.0,-7.0,0.0,80.0,1.3962634,0.0,0.0,0.0,-9.8061254,-0.97425373,1.4842591,-42.78818438,-55.2131089,-49.60914332,0.0,80.09254648,12.04978163,18.23795694,40.02705125,-78.94119969,56.30726238,0.0,6.16090086,18.8486352,1.08925769
1760624605.148,0.58464407,0.09489703,3.45224549,-0.01855957,0.96730027,0.00366977,80.0,-7.0,0.0,80.0,1.3962634,0.0,0.0,0.0,80.0,-7.0,0.0,80.0,1.3962634,0.0,0.0,0.0,-10.35254656,-1.45678647,0.69282559,-43.88521455,-56.60044864,-53.60883665,0.0,81.17864505,11.13955325,18.57042801,45.84796551,-81.79894869,61.54141036,0.0,4.61184229,19.13769474,1.29934349
1760624605.182,0.59252677,0.07231574,3.46565153,-0.01732693,0.968422,0.0032626,80.0,-7.0,0.0,80.0,1.3962634,0.0,0.0,0.0,80.0,-7.0,0.0,80.0,1.3962634,0.0,0.0,0.0,-9.99352523,-1.01453597,2.02848338,-48.98370512,-57.01709336,-62.09326185,0.0,82.33517305,9.61802767,18.73330132,61.1890484,-82.35251554,70.43539669,0.0,10.02847413,19.45857766,1.46832904
1760624605.215,0.60370789,0.06619763,3.49170734,-0.01546375,0.97033641,0.00348815,80.0,-7.0,0.0,80.0,1.3962634,0.0,0.0,0.0,80.0,-7.0,0.0,80.0,1.3962634,0.0,0.0,0.0,-9.78059014,-0.9012955,1.79364584,-53.32055499,-58.4572862,-70.65670661,0.0,85.03492565,7.94307986,19.01879563,73.37622455,-84.04870835,90.00000018,0.0,1.31870579,19.62364573,1.44061205
1760624605.249,0.6118319,0.05374988,3.50973191,-0.01580502,0.97119587,0.00074322,80.0,-7.0,0.0,80.0,1.3962634,0.0,0.0,0.0,80.0,-7.0,0.0,80.0,1.3962634,0.0,0.0,0.0,-8.02326331,-0.00232521,2.24243375,-59.59697545,-59.12250836,-76.90408078,0.0,86.17365233,7.003351,19.38371657,84.06727753,-84.29982482,90.00000018,0.0,12.51409196,19.74562585,1.35220642
1760624605.282,0.60665343,0.04658013,3.53765908,-0.01705332,0.97333038,-0.00275208,80.0,-7.0,0.0,80.0,1.3962634,0.0,0.0,0.0,80.0,-7.0,0.0,80.0,1.3962634,0.0,0.0,0.0,-7.36808445,0.99478315,1.17342517,-63.45651587,-60.87007281,-80.52598442,0.0,86.07359074,6.28018449,19.66400671,84.51841098,-85.65512481,90.00000018,0.0,11.90148687,19.86635238,1.58321189
1760624605.315,0.61549293,0.04079853,3.55756784,-0.01839332,0.97323378,-0.00663438,80.0,-7.0,0.0,80.0,1.3962634,0.0,0.0,0.0,80.0,-7.0,0.0,80.0,1.3962634,0.0,0.0,0.0,-6.05806356,2.2114052,1.37887797,-69.4868319,-61.47565456,-85.90862191,0.0,85.41832098,5.53413124,19.70868539,84.48481271,-85.62579188,90.00000018,0.0,11.03187541,19.99883584,1.67138766
1760624605.349,0.62242296,0.04828811,3.5600847,-0.01978018,0.97458468,-0.00810052,80.0,-7.0,0.0,80.0,1.3962634,0.0,0.0,0.0,80.0,-7.0,0.0,80.0,1.3962634,0.0,0.0,0.0,-5.4314993,2.87431845,0.36328839,-72.2314699,-62.84548326,-88.96670328,0.0,85.68965147,5.0100377,19.75215886,84.75047136,-86.48624374,90.00000018,0.0,10.5983074,20.05704153,1.81968665
1760624605.382,0.61997098,0.0502428,3.54438843,-0.01773772,0.97711875,-0.00865635,80.0,-7.0,0.0,80.0,1.3962634,0.0,0.0,0.0,80.0,-7.0,0.0,80.0,1.3962634,0.0,0.0,0.0,-4.89228356,2.98523091,-2.01060232,-72.74256653,-65.38896138,-89.98709128,0.0,86.58340819,4.73826981,19.88517997,74.57892054,-88.91294219,90.00000018,0.0,0.0,20.36309522,2.17704416
1760624605.416,0.62534478,0.07670535,3.50960698,-0.01726364,0.9779556,0.00621862,80.0,-7.0,0.0,80.0,1.3962634,0.0,0.0,0.0,80.0,-7.0,0.0,80.0,1.3962634,0.0,0.0,0.0,-5.06426224,-1.43884909,1.42816835,-67.33705172,-60.90392839,-85.16857211,0.0,87.26460864,4.6070882,19.89153816,-40.39573114,-97.85415046,-36.75942764,0.0,10.26101952,20.48366852,3.37390365
1760624605.449,0.6279355,0.06816198,3.48182209,-0.01701791,0.97796915,0.00463931,80.0,-7.0,0.0,80.0,1.3962634,0.0,0.0,0.0,80.0,-7.0,0.0,80.0,1.3962634,0.0,0.0,0.0,-5.01593088,-1.30967305,1.28862794,-67.43393034,-61.26199025,-85.72447351,0.0,87.22570639,4.54228765,19.82138361,-40.25074507,-98.10052885,-37.10182283,0.0,10.13790377,20.5950875,3.61478426
1760624605.483,0.61421427,0.0515017,3.44946177,-0.01598211,0.97805796,0.00314021,80.0,-7.0,0.0,80.0,1.3962634,0.0,0.0,0.0,80.0,-7.0,0.0,80.0,1.3962634,0.0,0.0,0.0,-4.97871739,-1.0835931,1.95617872,-67.97461034,-60.92311331,-86.67733921,0.0,87.23319333,4.49951513,19.77287933,-45.20279816,-98.96338513,-43.39151554,0.0,11.42588634,20.62582538,3.77377627
1760624605.516,0.61525154,0.03160765,3.43935982,-0.01591585,0.9788342,0.00289195,80.0,-7.0,0.0,80.0,1.3962634,0.0,0.0,0.0,80.0,-7.0,0.0,80.0,1.3962634,0.0,0.0,0.0,-5.15201433,-1.03142638,1.74031133,-67.40618229,-61.24328545,-86.34803864,0.0,87.36547412,4.65180479,19.76203754,-45.35927682,-99.06669025,-43.68222823,0.0,11.38835404,20.71179496,3.9595351
1760624605.55,0.60625388,0.0398015,3.42342788,-0.01558356,0.97971932,0.0024025,80.0,-7.0,0.0,80.0,1.3962634,0.0,0.0,0.0,80.0,-7.0,0.0,80.0,1.3962634,0.0,0.0,0.0,-6.12927898,-0.84534187,1.20861352,-65.93165398,-61.91050817,-85.83373265,0.0,87.18140965,4.79325502,19.6985103,-45.41932303,-98.77855176,-44.31130204,0.0,11.01064267,20.6462382,4.0773469
1760624605.583,0.59044195,0.02929094,3.41372884,-0.01405089,0.9801576,0.00359813,80.0,-7.0,0.0,80.0,1.3962634,0.0,0.0,0.0,80.0,-7.0,0.0,80.0,1.3962634,0.0,0.0,0.0,-6.75358158,-1.00446441,1.00378319,-64.11503451,-62.09089208,-84.51331879,0.0,86.63746214,4.88898361,19.61062787,-45.81169618,-98.89438981,-45.02348475,0.0,10.78787073,20.71401141,4.27574125
1760624605.617,0.57259818,0.01499208,3.41185237,-0.01244858,0.98029272,0.00389294,80.0,-7.0,0.0,80.0,1.3962634,0.0,0.0,0.0,80.0,-7.0,0.0,80.0,1.3962634,0.0,0.0,0.0,-7.42017071,-1.03909885,0.828536,-62.52392235,-62.24879088,-83.60515077,0.0,85.75335318,4.75300702,19.41702084,-46.14353581,-98.83735879,-45.79251561,0.0,10.65951276,20.73276588,4.39929683
1760624605.65,0.57090741,0.00275219,3.42543944,-0.01229635,0.9798538,0.00222759,80.0,-7.0,0.0,80.0,1.3962634,0.0,0.0,0.0,80.0,-7.0,0.0,80.0,1.3962634,0.0,0.0,0.0,-6.85006097,-0.87123578,0.24078019,-62.29421496,-62.6884176,-82.85197676,0.0,85.10654742,4.56706497,19.21631611,-46.49465347,-98.25067004,-45.88071496,0.0,11.08091426,20.73507617,4.45361817
1760624605.684,0.55737803,-0.00469501,3.4424517,-0.01188633,0.97983301,0.00158407,80.0,-7.0,0.0,80.0,1.3962634,0.0,0.0,0.0,80.0,-7.0,0.0,80.0,1.3962634,0.0,0.0,0.0,-6.81592927,-0.89682551,0.60587901,-61.99845602,-62.15790505,-82.44244972,0.0,85.00935049,4.59280969,19.25300436,-49.01014199,-98.51611006,-52.53017385,0.0,15.62651065,20.67625048,4.33963473
1760624605.717,0.54885406,-0.01144487,3.45283474,-0.01170387,0.98022901,0.00121579,80.0,-7.0,0.0,80.0,1.3962634,0.0,0.0,0.0,80.0,-7.0,0.0,80.0,1.3962634,0.0,0.0,0.0,-6.84803433,-0.95143479,0.37076431,-61.08849991,-62.1486416,-81.18114587,0.0,84.72474251,4.57795196,19.30791595,-49.506784,-98.18850515,-52.78203342,0.0,15.66189401,20.65443158,4.29922728
1760624605.75,0.55048397,-0.00895109,3.46286368,-0.01156777,0.98078509,0.00057185,80.0,-7.0,0.0,80.0,1.3962634,0.0,0.0,0.0,80.0,-7.0,0.0,80.0,1.3962634,0.0,0.0,0.0,-6.87558688,-0.89300481,0.93670925,-60.94245033,-61.44007969,-80.83125142,0.0,84.3645962,4.46428596,19.32881801,-55.22172154,-98.40352685,-59.8066042,0.0,16.9940453,20.55720029,4.18172662
1760624605.784,0.53284738,-0.00016419,3.45356288,-0.0118146,0.98162544,0.00092751,80.0,-7.0,0.0,80.0,1.3962634,0.0,0.0,0.0,80.0,-7.0,0.0,80.0,1.3962634,0.0,0.0,0.0,-6.81785434,-1.17050488,0.20741412,-58.43929988,-61.47376454,-77.92649265,0.0,84.08979103,4.09789711,19.42331401,-56.2809378,-97.58745017,-60.37157271,0.0,17.00596683,20.51737396,4.11305617
1760624605.817,0.53156724,0.00337873,3.43349275,-0.01229519,0.98237119,0.00070212,80.0,-7.0,0.0,80.0,1.3962634,0.0,0.0,0.0,80.0,-7.0,0.0,80.0,1.3962634,0.0,0.0,0.0,-6.51311292,-1.12422326,-0.23901159,-56.94046244,-61.44078158,-75.92065823,0.0,83.83319936,3.95712771,19.45791988,-59.77410094,-96.92149184,-68.26557358,0.0,22.0737874,20.39686602,3.98957943
1760624605.851,0.53394087,0.00594445,3.42134512,-0.01252794,0.98308374,0.00079848,80.0,-7.0,0.0,80.0,1.3962634,0.0,0.0,0.0,80.0,-7.0,0.0,80.0,1.3962634,0.0,0.0,0.0,-6.57754799,-1.10642041,0.01333247,-55.23620528,-60.73530817,-74.12954616,0.0,83.28099295,3.9994127,19.41634277,-68.29857534,-96.83996953,-79.69435116,0.0,25.35232364,20.3297811,3.93179622
1760624605.884,0.52888975,0.01662473,3.42903627,-0.01415376,0.9847964,0.00212879,80.0,-7.0,0.0,80.0,1.3962634,0.0,0.0,0.0,80.0,-7.0,0.0,80.0,1.3962634,0.0,0.0,0.0,-6.31194796,-1.57246372,-0.65626075,-51.20159286,-60.08068737,-69.21608239,0.0,82.44112613,4.21180014,19.33677009,-75.7423334,-95.94006903,-90.00000018,0.0,29.47464037,20.3054541,4.03899864
1760624605.918,0.52968988,0.02775212,3.43193599,-0.01483409,0.9857285,0.00569186,80.0,-7.0,0.0,80.0,1.3962634,0.0,0.0,0.0,80.0,-7.0,0.0,80.0,1.3962634,0.0,0.0,0.0,-6.59971994,-2.68305356,-1.41911083,-46.22828012,-59.03504629,-63.65809218,0.0,81.86869199,4.47496874,19.26711805,-77.43557026,-95.23289486,-90.00000018,0.0,28.40314093,20.29658772,4.18788371
1760624605.951,0.52021318,0.03768129,3.44876441,-0.01521267,0.98646769,0.00954715,80.0,-7.0,0.0,80.0,1.3962634,0.0,0.0,0.0,80.0,-7.0,0.0,80.0,1.3962634,0.0,0.0,0.0,-7.52770742,-4.06340133,-1.77695824,-40.7645439,-57.18553949,-58.24316933,0.0,80.86373141,4.60667463,19.13258014,-79.37300924,-95.10757675,-90.00000018,0.0,26.59216064,20.32789593,4.46354409
1760624605.984,0.48774705,0.05181293,3.47185566,-0.01555277,0.98826546,0.01518607,80.0,-7.0,0.0,80.0,1.3962634,0.0,0.0,0.0,80.0,-7.0,0.0,80.0,1.3962634,0.0,0.0,0.0,-7.86165875,-5.89301796,-2.70169827,-34.58502563,-54.54697627,-51.08372318,0.0,79.32511028,4.96605591,18.84344171,-82.64198043,-94.32634359,-90.00000018,0.0,25.34460233,20.23557425,4.69652547
1760624606.018,0.49118711,0.07154415,3.47325053,-0.01500725,0.98946438,0.02156644,80.0,-7.0,0.0,80.0,1.3962634,0.0,0.0,0.0,80.0,-7.0,0.0,80.0,1.3962634,0.0,0.0,0.0,-8.83657201,-7.52033911,-3.20208393,-29.99107248,-51.82651793,-46.39346898,0.0,78.51640839,5.56034121,18.57023629,-84.49019023,-94.13913716,-90.00000018,0.0,23.93569451,20.09014319,4.83998358
1760624606.051,0.47977133,0.03397852,3.45425385,-0.0133792,0.98705672,0.00113933,80.0,-7.0,0.0,80.0,1.3962634,0.0,0.0,0.0,80.0,-7.0,0.0,80.0,1.3962634,0.0,0.0,0.0,-9.64952402,-1.15089637,-1.5464708,-32.83502706,-54.78395336,-51.28712816,0.0,77.27683027,5.72213978,18.36716332,13.72692853,-82.00256142,32.51425278,5.23209851,0.0,19.05341351,3.8951167
1760624606.085,0.4539803,0.03016007,3.4418734,-0.0127059,0.98674974,0.00171885,80.0,-7.0,0.0,80.0,1.3962634,0.0,0.0,0.0,80.0,-7.0,0.0,80.0,1.3962634,0.0,0.0,0.0,-10.41140735,-0.97137507,-0.77704864,-29.7239234,-52.39239385,-48.04796623,0.0,75.74664579,6.38267485,18.01367673,12.72096924,-79.54530042,33.29591603,6.1198487,0.0,18.51853875,3.59940851
1760624606.118,0.45053558,0.02861627,3.43483019,-0.01231235,0.98586982,0.00204976,80.0,-7.0,0.0,80.0,1.3962634,0.0,0.0,0.0,80.0,-7.0,0.0,80.0,1.3962634,0.0,0.0,0.0,-11.27721118,-0.81528628,-2.2606725,-24.7359081,-51.38457249,-42.49888011,0.0,74.11954321,6.54267627,17.63640989,0.04690904,-78.27122637,21.22672199,7.70281167,0.0,18.06052408,3.53400298
1760624606.152,0.42696701,0.02165411,3.43931219,-0.01161846,0.98389387,0.00254128,80.0,-7.0,0.0,80.0,1.3962634,0.0,0.0,0.0,80.0,-7.0,0.0,80.0,1.3962634,0.0,0.0,0.0,-11.12333276,-0.74328882,-2.33068924,-22.58245145,-49.58001952,-39.21332793,0.0,72.63160731,6.82361556,17.25216343,-0.77938255,-76.08861101,22.34113798,8.12113646,0.0,17.52444534,3.26548241
1760624606.185,0.4023262,0.017544,3.43290525,-0.00982424,0.98213402,0.00493548,80.0,-7.0,0.0,80.0,1.3962634,0.0,0.0,0.0,80.0,-7.0,0.0,80.0,1.3962634,0.0,0.0,0.0,-10.92249048,-1.18719943,-3.42776107,-18.89621181,-46.91109077,-33.35659601,0.0,70.97730028,7.50953854,16.78234108,-10.12091707,-74.66987275,16.1653895,10.3606136,0.0,16.81470086,3.12504968
1760624606.219,0.38966646,0.00720226,3.43978844,-0.0078975,0.97764806,0.00701121,80.0,-7.0,0.0,80.0,1.3962634,0.0,0.0,0.0,80.0,-7.0,0.0,80.0,1.3962634,0.0,0.0,0.0,-10.46599165,-1.27064489,-3.19889961,-17.61876548,-44.61124619,-30.59907164,0.0,69.52762005,7.71471626,16.41288875,-11.44263957,-73.37254544,18.16369055,11.62608417,0.0,16.16630339,2.76896612
1760624606.252,0.39483496,0.01075822,3.43146729,-0.00678426,0.97201054,0.00916203,80.0,-7.0,0.0,80.0,1.3962634,0.0,0.0,0.0,80.0,-7.0,0.0,80.0,1.3962634,0.0,0.0,0.0,-9.29879971,-1.18357368,-1.99863769,-18.14830474,-42.25522804,-29.55855757,0.0,68.48806408,8.18028085,15.99914016,-13.33679358,-72.46223504,20.22044882,13.94518683,0.0,15.43126716,2.25801536
1760624606.286,0.3832886,0.00104057,3.45147447,-0.00661875,0.96993775,0.01183878,80.0,-7.0,0.0,80.0,1.3962634,0.0,0.0,0.0,80.0,-7.0,0.0,80.0,1.3962634,0.0,0.0,0.0,-8.67969116,-1.08248977,-1.91116442,-16.62994516,-39.56240709,-26.04431841,0.0,67.18439326,8.79425422,15.42893219,-14.96604087,-70.79267457,22.97092064,15.94672886,0.0,14.25841153,1.83749469
1760624606.319,0.41273596,-0.01006677,3.46424928,-0.0089219,0.96737366,0.0145131,80.0,-7.0,0.0,80.0,1.3962634,0.0,0.0,0.0,80.0,-7.0,0.0,80.0,1.3962634,0.0,0.0,0.0,-8.1788425,-1.10795318,-2.94253589,-14.78821821,-37.72894449,-21.89556901,0.0,65.78225931,9.3271705,14.90816706,-12.42020282,-68.33260134,29.76231639,14.72249117,0.0,13.28220284,1.34878725
1760624606.353,0.44674257,-0.0190697,3.45840318,-0.01090316,0.96478572,0.01563908,80.0,-7.0,0.0,80.0,1.3962634,0.0,0.0,0.0,80.0,-7.0,0.0,80.0,1.3962634,0.0,0.0,0.0,-7.86470358,-0.70456659,-4.37457379,-12.15428631,-35.62573413,-16.52162423,0.0,63.97718163,9.8893694,14.07486288,-10.16219693,-64.60976192,35.68810849,13.89528385,0.0,12.02565037,0.99859098
1760624606.386,0.44949862,-0.03125369,3.46608753,-0.01183398,0.96006374,0.01582929,80.0,-7.0,0.0,80.0,1.3962634,0.0,0.0,0.0,80.0,-7.0,0.0,80.0,1.3962634,0.0,0.0,0.0,-7.23714841,-0.87021715,-3.53534547,-12.02363008,-33.29458904,-14.70664289,0.0,63.01780453,10.46388824,13.40664169,-8.75315791,-64.09601376,40.67508217,15.48908992,0.0,11.3004121,0.81220956
1760624606.419,0.45097904,-0.04632772,3.47935675,-0.01030022,0.95666326,0.01577987,80.0,-7.0,0.0,80.0,1.3962634,0.0,0.0,0.0,80.0,-7.0,0.0,80.0,1.3962634,0.0,0.0,0.0,-6.95298921,-0.90348364,-3.41689675,-11.22779523,-31.23105751,-11.70889068,0.0,61.78322136,11.1537484,12.61339037,-6.01016613,-61.99989446,45.89308035,15.32261063,0.0,10.72903198,0.8333332
1760624606.453,0.47111642,-0.05180793,3.54207916,-0.00845188,0.95609426,0.0152,80.0,-7.0,0.0,80.0,1.3962634,0.0,0.0,0.0,80.0,-7.0,0.0,80.0,1.3962634,0.0,0.0,0.0,-6.49248087,-0.49786451,-3.95648454,-9.88945329,-29.07114388,-7.05348057,0.0,59.08306066,11.58896155,11.54053784,-4.39282309,-58.01788386,49.14690539,14.8748838,0.0,9.94690652,1.07295091
1760624606.486,0.45029755,-0.04993405,3.59415196,-0.00755603,0.95317504,0.01350449,80.0,-7.0,0.0,80.0,1.3962634,0.0,0.0,0.0,80.0,-7.0,0.0,80.0,1.3962634,0.0,0.0,0.0,-6.31878937,-0.22183386,-3.49129427,-9.11396956,-27.30362487,-5.02904037,0.0,57.4253541,11.86610279,10.81653565,-2.21553157,-54.92799018,52.93119976,14.22282037,0.0,9.42731752,1.2443204
1760624606.52,0.4665388,-0.03595757,3.62689106,-0.00796636,0.95072714,0.0133701,80.0,-7.0,0.0,80.0,1.3962634,0.0,0.0,0.0,80.0,-7.0,0.0,80.0,1.3962634,0.0,0.0,0.0,-6.21613418,-0.23708246,-3.16621818,-8.36058355,-25.34758267,-3.42851948,0.0,56.68402091,12.23780064,10.15398559,-1.20916722,-53.21060012,55.86416814,14.54952066,0.0,8.99914318,1.53942183
1760624606.553,0.46891972,-0.01751737,3.65773367,-0.00931397,0.94967989,0.0134056,80.0,-7.0,0.0,80.0,1.3962634,0.0,0.0,0.0,80.0,-7.0,0.0,80.0,1.3962634,0.0,0.0,0.0,-5.84447509,-0.28712982,-3.55614379,-7.03930533,-22.77615759,-0.57147273,0.0,54.61884445,12.23490882,9.26347707,-1.96220975,-51.69034817,56.82195534,15.87268678,0.0,8.37254523,1.9029492
1760624606.587,0.45794929,-0.00417435,3.64111703,-0.01058569,0.94799145,0.01366226,80.0,-7.0,0.0,80.0,1.3962634,0.0,0.0,0.0,80.0,-7.0,0.0,80.0,1.3962634,0.0,0.0,0.0,-5.87506473,-0.08765217,-4.26985156,-5.54915147,-21.21268123,1.95275152,0.0,52.91896413,12.27278331,8.54793148,-2.22334198,-49.63566292,57.02260017,16.04307914,0.0,7.91987904,2.13686707
1760624606.62,0.48194769,0.00261222,3.61716357,-0.01145169,0.9463513,0.01355154,80.0,-7.0,0.0,80.0,1.3962634,0.0,0.0,0.0,80.0,-7.0,0.0,80.0,1.3962634,0.0,0.0,0.0,-6.27297009,-0.37850102,-5.0287921,-4.03274102,-19.25995003,4.33646578,0.0,52.48355143,12.74587205,7.79857941,-2.02909336,-48.14709599,57.50097162,16.09922725,0.0,7.59132028,2.47199833
1760624606.654,0.49385124,-0.00920598,3.59834344,-0.01387966,0.94642495,0.01272296,80.0,-7.0,0.0,80.0,1.3962634,0.0,0.0,0.0,80.0,-7.0,0.0,80.0,1.3962634,0.0,0.0,0.0,-6.40249955,-0.37592258,-5.57500542,-2.66619535,-17.17875749,8.02135484,0.0,51.24956952,13.37067483,6.87130661,-1.75205512,-46.59235361,58.83423274,16.81755251,0.0,7.11959829,2.85806958
1760624606.687,0.4919595,-0.02362627,3.54828152,-0.01581974,0.94556579,0.01211339,80.0,-7.0,0.0,80.0,1.3962634,0.0,0.0,0.0,80.0,-7.0,0.0,80.0,1.3962634,0.0,0.0,0.0,-6.36061056,0.05410094,-5.49214045,-1.91895675,-15.97443578,10.72747581,0.0,49.57425275,13.57881213,6.22532687,-0.3163144,-43.46650772,61.39272722,15.68654638,0.0,6.63701062,2.87368843
1760624606.721,0.50412213,-0.04177151,3.50711131,-0.01669982,0.94438815,0.01154008,80.0,-7.0,0.0,80.0,1.3962634,0.0,0.0,0.0,80.0,-7.0,0.0,80.0,1.3962634,0.0,0.0,0.0,-6.53829214,0.25000185,-5.22417035,-1.11126645,-14.57723189,12.73316991,0.0,48.44166648,13.7021836,5.61649418,1.37131328,-42.17800419,64.91575887,15.94451099,0.0,6.35952113,3.11580033
1760624606.754,0.49557941,-0.06227484,3.4893212,-0.01561886,0.94332343,0.01157696,80.0,-7.0,0.0,80.0,1.3962634,0.0,0.0,0.0,80.0,-7.0,0.0,80.0,1.3962634,0.0,0.0,0.0,-6.01487433,0.57853523,-5.3205922,-0.679173,-13.10757754,15.21885883,0.0,47.45928319,13.92578001,4.89174392,2.76502721,-41.12604454,69.56577811,16.8295643,0.0,6.19969119,3.70876146
1760624606.787,0.50343964,-0.07585566,3.48956205,-0.01772421,0.9425763,0.00965969,80.0,-7.0,0.0,80.0,1.3962634,0.0,0.0,0.0,80.0,-7.0,0.0,80.0,1.3962634,0.0,0.0,0.0,-5.62015219,1.04432762,-5.54157136,-0.32946609,-12.29706608,17.28731753,0.0,46.30205211,14.12000152,4.39723659,3.54282766,-39.04259491,72.19025767,16.39073645,0.0,5.88558658,3.81157371
1760624606.821,0.54323344,-0.0866429,3.51921668,-0.02107193,0.94219227,0.0075245,80.0,-7.0,0.0,80.0,1.3962634,0.0,0.0,0.0,80.0,-7.0,0.0,80.0,1.3962634,0.0,0.0,0.0,-4.57787234,1.28854684,-5.51471304,-0.7919195,-11.34626695,18.47764061,0.0,45.34467738,14.05554973,4.03115223,3.53649894,-36.38398422,74.47533325,15.24276621,0.0,5.68507682,3.98740635
1760624606.854,0.5795542,-0.08697052,3.58973882,-0.02506348,0.94300267,0.00696823,80.0,-7.0,0.0,80.0,1.3962634,0.0,0.0,0.0,80.0,-7.0,0.0,80.0,1.3962634,0.0,0.0,0.0,-4.77463059,1.58612983,-5.7555783,0.29540584,-10.20206753,20.29883338,0.0,44.7006264,14.22970619,3.58729637,4.36450286,-34.72535039,76.18450308,15.29761505,0.0,5.46197184,4.2994467
1760624606.888,0.58995659,-0.08213109,3.60447958,-0.02680819,0.942627,0.00839227,80.0,-7.0,0.0,80.0,1.3962634,0.0,0.0,0.0,80.0,-7.0,0.0,80.0,1.3962634,0.0,0.0,0.0,-4.79348352,1.55161263,-6.11746126,0.77553153,-9.33584675,22.10370237,0.0,44.80460822,14.44338419,3.15279187,4.66489299,-33.70160265,77.21676519,15.06468045,0.0,5.39788448,4.61337526
1760624606.921,0.61022834,-0.07227749,3.61835798,-0.02958833,0.94386972,0.00958477,80.0,-7.0,0.0,80.0,1.3962634,0.0,0.0,0.0,80.0,-7.0,0.0,80.0,1.3962634,0.0,0.0,0.0,-4.74219328,1.1426647,-6.78998931,1.0642983,-8.26105069,23.77690917,0.0,45.65260968,14.79322503,2.72635461,4.53056308,-32.13616887,77.52776248,13.85766427,0.0,5.32130232,4.8548249
1760624606.955,0.61469627,-0.06890378,3.6139388,-0.03081032,0.94430564,0.01004891,80.0,-7.0,0.0,80.0,1.3962634,0.0,0.0,0.0,80.0,-7.0,0.0,80.0,1.3962634,0.0,0.0,0.0,-3.39363067,0.91591138,-7.35752633,0.08953965,-7.48602255,25.46258849,0.0,46.30354973,15.30735289,2.24831512,3.26927188,-31.2109019,78.26390068,13.67086366,0.0,5.15138412,4.98122736
1760624606.988,0.59605068,-0.0667127,3.57733737,-0.02831602,0.94443424,0.01056736,80.0,-7.0,0.0,80.0,1.3962634,0.0,0.0,0.0,80.0,-7.0,0.0,80.0,1.3962634,0.0,0.0,0.0,-3.47538961,0.73334645,-7.19877601,0.46973854,-6.85613743,26.12160767,0.0,46.21071577,15.31793657,2.08160006,3.77737575,-30.9243849,79.78713371,13.5280551,0.0,5.01213531,4.97176825
1760624607.022,0.58649673,-0.07933512,3.55053853,-0.02381622,0.9431992,0.0098411,80.0,-7.0,0.0,80.0,1.3962634,0.0,0.0,0.0,80.0,-7.0,0.0,80.0,1.3962634,0.0,0.0,0.0,-3.43405666,0.75863993,-7.2970905,0.68512107,-6.57496405,27.25968327,0.0,46.02135073,14.93837217,2.02692837,3.90775929,-30.70246726,80.68679991,13.56040885,0.0,4.84575411,4.93584278
1760624607.055,0.58547659,-0.08852339,3.5458567,-0.02211745,0.94195644,0.00904864,80.0,-7.0,0.0,80.0,1.3962634,0.0,0.0,0.0,80.0,-7.0,0.0,80.0,1.3962634,0.0,0.0,0.0,-2.99791629,0.64080679,-7.15616347,0.4621042,-6.35112892,28.64385564,0.0,46.04034109,14.34763051,1.93846991,3.59247814,-29.33770588,81.77973412,12.44708415,0.0,4.65354233,4.84117157
1760624607.088,0.57207773,-0.08802304,3.53051655,-0.02007959,0.94035842,0.00999074,80.0,-7.0,0.0,80.0,1.3962634,0.0,0.0,0.0,80.0,-7.0,0.0,80.0,1.3962634,0.0,0.0,0.0,-3.30209454,0.40843993,-7.50839489,0.96127779,-6.12060562,29.87045105,0.0,46.54862353,14.19299282,1.79329946,3.8273433,-29.14024438,82.05167863,12.17665293,0.0,4.58978262,4.81407414
1760624607.122,0.55525712,-0.07971108,3.53449492,-0.0189822,0.93871233,0.00996862,80.0,-7.0,0.0,80.0,1.3962634,0.0,0.0,0.0,80.0,-7.0,0.0,80.0,1.3962634,0.0,0.0,0.0,-3.22171556,0.18432256,-7.71048148,1.05792825,-5.97043715,30.74100214,0.0,47.0305653,14.29426994,1.62037939,3.64456284,-28.5306502,82.08638363,11.52719477,0.0,4.60774988,4.84437418
1760624607.155,0.56196056,-0.0726886,3.54862792,-0.01923531,0.93870319,0.00994303,80.0,-7.0,0.0,80.0,1.3962634,0.0,0.0,0.0,80.0,-7.0,0.0,80.0,1.3962634,0.0,0.0,0.0,-4.34102325,0.05856524,-8.77659233,2.52972386,-5.69665879,32.4035421,0.0,47.30164558,14.27756673,1.42989586,3.87289192,-28.24520292,80.349748,11.00717032,0.0,4.46959873,4.54701236
1760624607.189,0.56073377,-0.05018117,3.53920701,-0.01806615,0.93907187,0.01074113,80.0,-7.0,0.0,80.0,1.3962634,0.0,0.0,0.0,80.0,-7.0,0.0,80.0,1.3962634,0.0,0.0,0.0,-4.81280448,-0.07885448,-9.19123768,3.17166975,-5.49538464,33.28454625,0.0,47.31789879,14.12527022,1.37055298,3.82231076,-27.81407663,79.53081164,10.3543914,0.0,4.25935543,4.31165459
1760624607.222,0.56353837,-0.02556935,3.55205601,-0.01788138,0.93974538,0.01109882,80.0,-7.0,0.0,80.0,1.3962634,0.0,0.0,0.0,80.0,-7.0,0.0,80.0,1.3962634,0.0,0.0,0.0,-4.9268379,-0.18412459,-9.57045499,3.39980849,-5.3675594,34.24609352,0.0,46.99713086,13.97637034,1.39597644,3.62580993,-27.61477982,79.18636361,9.97605392,0.0,4.15962819,4.26537605
1760624607.256,0.57966019,0.01299741,3.56751489,-0.01786777,0.940362,0.01142436,80.0,-7.0,0.0,80.0,1.3962634,0.0,0.0,0.0,80.0,-7.0,0.0,80.0,1.3962634,0.0,0.0,0.0,-5.01593282,-0.34087348,-9.72321495,3.52751315,-5.22762734,35.03971492,0.0,46.46164558,13.88387048,1.41659381,3.69328967,-27.62731036,79.55668085,9.75997045,0.0,4.15223723,4.29758794
1760624607.289,0.60435929,0.0250617,3.59109448,-0.02085446,0.94119511,0.01148893,80.0,-7.0,0.0,80.0,1.3962634,0.0,0.0,0.0,80.0,-7.0,0.0,80.0,1.3962634,0.0,0.0,0.0,-5.18298326,-0.31748562,-10.02909265,3.70384683,-5.26179035,35.59062094,0.0,46.36923635,13.86193428,1.42486249,3.7181653,-27.55349268,79.36621381,9.66177797,0.0,4.12119867,4.25422296
1760624607.323,0.59955044,0.03108625,3.60565734,-0.02315112,0.94155492,0.0112138,80.0,-7.0,0.0,80.0,1.3962634,0.0,0.0,0.0,80.0,-7.0,0.0,80.0,1.3962634,0.0,0.0,0.0,-5.2942724,-0.22743747,-9.98226434,3.8206403,-5.39406009,35.59938272,0.0,46.53259383,13.85357614,1.42720559,3.80346819,-27.5286926,79.18804411,9.72997866,0.0,4.10974993,4.23587086
1760624607.356,0.5988228,0.03865324,3.60486751,-0.02415956,0.94164189,0.01122481,80.0,-7.0,0.0,80.0,1.3962634,0.0,0.0,0.0,80.0,-7.0,0.0,80.0,1.3962634,0.0,0.0,0.0,-5.68007886,-0.11510576,-9.96848595,4.20843006,-5.47658514,35.58924447,0.0,46.6256916,13.89684856,1.44100714,4.13647804,-27.60328718,79.01258587,9.86202124,0.0,4.09915322,4.24802976
1760624607.39,0.59452187,0.04721176,3.58800583,-0.02367835,0.94148233,0.01150251,80.0,-7.0,0.0,80.0,1.3962634,0.0,0.0,0.0,80.0,-7.0,0.0,80.0,1.3962634,0.0,0.0,0.0,-5.71651968,-0.12051821,-9.90848126,4.2066958,-5.49549397,35.51152623,0.0,46.73054596,13.91554497,1.45849828,4.11119624,-27.59454293,78.93257422,9.87692684,0.0,4.0679773,4.23289917
1760624607.423,0.58089384,0.0456277,3.57408977,-0.02334682,0.94160982,0.01153565,80.0,-7.0,0.0,80.0,1.3962634,0.0,0.0,0.0,80.0,-7.0,0.0,80.0,1.3962634,0.0,0.0,0.0,-5.78459087,-0.03539016,-9.51494751,4.19713962,-5.5872436,35.09192884,0.0,46.80923252,13.95802759,1.46058521,4.3261412,-27.65913246,79.30508794,10.08164483,0.0,4.02830782,4.21311153
1760624607.456,0.56447909,0.05113756,3.56881708,-0.0230968,0.94182157,0.01189333,80.0,-7.0,0.0,80.0,1.3962634,0.0,0.0,0.0,80.0,-7.0,0.0,80.0,1.3962634,0.0,0.0,0.0,-5.82318257,-0.02259973,-9.4968422,4.20484436,-5.58942081,35.00472343,0.0,46.86061762,13.99002672,1.4704061,4.31827298,-27.65793112,79.24990609,10.09477898,0.0,4.02521388,4.2217251
1760624607.49,0.55857148,0.06015394,3.56692771,-0.0221364,0.94192662,0.01242569,80.0,-7.0,0.0,80.0,1.3962634,0.0,0.0,0.0,80.0,-7.0,0.0,80.0,1.3962634,0.0,0.0,0.0,-5.87698967,-0.01318293,-9.49777523,4.21529983,-5.59070943,34.82356804,0.0,46.99137782,14.00295005,1.48374789,4.29531703,-27.66579216,79.15122691,10.09807207,0.0,3.99068224,4.20925347
1760624607.523,0.5688823,0.07419788,3.56756286,-0.02306564,0.94236983,0.01285779,80.0,-7.0,0.0,80.0,1.3962634,0.0,0.0,0.0,80.0,-7.0,0.0,80.0,1.3962634,0.0,0.0,0.0,-5.66255326,-0.02734022,-9.40442472,3.85145349,-5.59614639,34.55388045,0.0,47.08348357,14.04739961,1.46395434,4.08327843,-27.7435976,79.31830393,10.18479358,0.0,3.96308134,4.18704249
1760624607.557,0.57084687,0.07602326,3.57658529,-0.02436315,0.94246503,0.01256954,80.0,-7.0,0.0,80.0,1.3962634,0.0,0.0,0.0,80.0,-7.0,0.0,80.0,1.3962634,0.0,0.0,0.0,-5.56670699,0.05053705,-9.18307248,3.63235706,-5.67681781,34.28400998,0.0,47.11464718,14.08968379,1.48157662,4.11805201,-27.76763449,79.66136035,10.28843814,0.0,3.96694768,4.17336656
1760624607.59,0.57448767,0.08132053,3.57619258,-0.0250409,0.9425421,0.01265347,80.0,-7.0,0.0,80.0,1.3962634,0.0,0.0,0.0,80.0,-7.0,0.0,80.0,1.3962634,0.0,0.0,0.0,-5.63714129,0.07477104,-9.19157645,3.58682455,-5.67066833,34.21217021,0.0,47.19545259,14.13629343,1.49132871,4.15613719,-27.77217393,79.63122953,10.27609694,0.0,3.95947036,4.15565521
1760624607.624,0.56513873,0.07746255,3.55794664,-0.02402028,0.94217413,0.01260432,80.0,-7.0,0.0,80.0,1.3962634,0.0,0.0,0.0,80.0,-7.0,0.0,80.0,1.3962634,0.0,0.0,0.0,-5.66508332,0.15881719,-8.74725925,3.44016993,-5.73017171,33.62638193,0.0,47.26430825,14.16750653,1.52221474,4.32488904,-27.64724807,79.92872862,10.21912275,0.0,3.92885185,4.10129266
1760624607.657,0.54424303,0.08090562,3.52160508,-0.02143817,0.94199428,0.01276973,80.0,-7.0,0.0,80.0,1.3962634,0.0,0.0,0.0,80.0,-7.0,0.0,80.0,1.3962634,0.0,0.0,0.0,-5.42786079,0.1348511,-8.43284207,3.08215002,-5.7378422,33.21494935,0.0,47.30183281,14.17672356,1.56954479,4.18799019,-27.45212003,80.19346265,10.03206242,0.0,3.90078767,4.05916862
1760624607.69,0.52839431,0.08253093,3.49859099,-0.01928078,0.94200973,0.01300327,80.0,-7.0,0.0,80.0,1.3962634,0.0,0.0,0.0,80.0,-7.0,0.0,80.0,1.3962634,0.0,0.0,0.0,-5.30392886,0.06533908,-8.27823626,2.8626852,-5.68003918,32.88376216,0.0,47.38253012,14.21415874,1.59032725,4.10829751,-27.42316973,80.37218532,9.91611904,0.0,3.89750098,4.04278064
1760624607.724,0.5075403,0.07123606,3.47912169,-0.01711017,0.94188111,0.01317116,80.0,-7.0,0.0,80.0,1.3962634,0.0,0.0,0.0,80.0,-7.0,0.0,80.0,1.3962634,0.0,0.0,0.0,-5.5882179,0.08406272,-8.21564537,3.06002713,-5.63720153,32.67277185,0.0,47.46019828,14.24522824,1.58073796,4.40136977,-27.41244865,80.43473193,9.81453668,0.0,3.87307161,3.9943793
1760624607.757,0.5009508,0.06753942,3.48319869,-0.01713064,0.94201416,0.01290603,80.0,-7.0,0.0,80.0,1.3962634,0.0,0.0,0.0,80.0,-7.0,0.0,80.0,1.3962634,0.0,0.0,0.0,-5.6095377,0.10651371,-8.27075241,3.03156821,-5.6600352,32.58788139,0.0,47.50241394,14.26314961,1.58806188,4.4062506,-27.42748286,80.47070672,9.78769755,0.0,3.87080017,3.95367797
1760624607.824,0.49194695,0.06550926,3.46415902,-0.01628904,0.94139568,0.01302881,80.0,-7.0,0.0,80.0,1.3962634,0.0,0.0,0.0,80.0,-7.0,0.0,80.0,1.3962634,0.0,0.0,0.0,-5.85936325,0.18222007,-8.26360495,3.19876927,-5.72817613,32.33915328,0.0,47.54722071,14.25780492,1.57427413,4.77129667,-27.44137097,80.5810391,9.74657972,0.0,3.88906166,3.92397743
1760624607.858,0.47899622,0.06431335,3.46206203,-0.01607963,0.94116599,0.01312866,80.0,-7.0,0.0,80.0,1.3962634,0.0,0.0,0.0,80.0,-7.0,0.0,80.0,1.3962634,0.0,0.0,0.0,-5.8764176,0.17677453,-8.30150782,3.19757226,-5.74328845,32.34503774,0.0,47.53041354,14.28517806,1.575556,4.83842891,-27.47370066,80.55849019,9.72647143,0.0,3.91781909,3.94289916
1760624607.891,0.490435,0.07294856,3.46061587,-0.01674433,0.94090234,0.01336434,80.0,-7.0,0.0,80.0,1.3962634,0.0,0.0,0.0,80.0,-7.0,0.0,80.0,1.3962634,0.0,0.0,0.0,-5.9580611,0.13847359,-8.51511166,3.26054764,-5.71363089,32.54952814,0.0,47.51286644,14.29134861,1.58840168,4.86012384,-27.76809726,80.36539755,9.93237547,0.0,3.92855624,3.92459039
1760624607.925,0.49110649,0.08705713,3.47022743,-0.01767994,0.94062506,0.01462891,80.0,-7.0,0.0,80.0,1.3962634,0.0,0.0,0.0,80.0,-7.0,0.0,80.0,1.3962634,0.0,0.0,0.0,-5.84158366,0.06671342,-8.79539008,3.12677042,-5.68810408,32.84928225,0.0,47.46123319,14.28084036,1.55888123,4.66978872,-28.21544587,80.01228142,10.28753261,0.0,3.95301423,3.90990745
1760624607.958,0.49470767,0.09508328,3.46809876,-0.01844288,0.9406137,0.0152421,80.0,-7.0,0.0,80.0,1.3962634,0.0,0.0,0.0,80.0,-7.0,0.0,80.0,1.3962634,0.0,0.0,0.0,-6.07711568,0.04326492,-9.2249494,3.39960547,-5.62715495,33.36852309,0.0,47.3638336,14.29372274,1.56264621,4.75518881,-28.85564211,79.4718123,10.84123383,0.0,3.96107288,3.92663745
1760624607.992,0.49226479,0.10820045,3.46540031,-0.01943761,0.94089224,0.016162,80.0,-7.0,0.0,80.0,1.3962634,0.0,0.0,0.0,80.0,-7.0,0.0,80.0,1.3962634,0.0,0.0,0.0,-6.15897426,-0.00371275,-9.51095894,3.50721366,-5.59154059,33.68684063,0.0,47.33278494,14.29189519,1.56003029,4.74419883,-29.49492326,79.20057507,11.40250999,0.0,3.96251346,3.91446803
1760624608.025,0.47567573,0.12496114,3.46762654,-0.0195544,0.94124577,0.01616284,80.0,-7.0,0.0,80.0,1.3962634,0.0,0.0,0.0,80.0,-7.0,0.0,80.0,1.3962634,0.0,0.0,0.0,-6.14212269,-0.02543796,-9.54128606,3.5118322,-5.61105035,33.73954352,0.0,47.28258574,14.29340306,1.53904327,4.7790466,-29.52891404,79.23389861,11.41160285,0.0,3.98083615,3.92388219
1760624608.058,0.46710162,0.12590418,3.45644096,-0.01953829,0.9415224,0.01631554,80.0,-7.0,0.0,80.0,1.3962634,0.0,0.0,0.0,80.0,-7.0,0.0,80.0,1.3962634,0.0,0.0,0.0,-6.31055007,-0.06520524,-9.63373382,3.70658564,-5.553746,33.92360871,0.0,47.21523766,14.31385106,1.52323509,4.94323429,-30.19305055,79.10376945,12.015494,0.0,3.99189416,3.92192243
1760624608.092,0.45577919,0.13409382,3.4465523,-0.01913933,0.94188306,0.01616287,80.0,-7.0,0.0,80.0,1.3962634,0.0,0.0,0.0,80.0,-7.0,0.0,80.0,1.3962634,0.0,0.0,0.0,-6.3038718,-0.08551341,-9.6091271,3.71611152,-5.569135,33.94103926,0.0,47.22915933,14.31995657,1.52632323,4.95995848,-30.20298264,79.08004635,12.02477585,0.0,3.99337444,3.92116191
1760624608.125,0.44336669,0.13443757,3.44635496,-0.01804875,0.94185414,0.01553698,80.0,-7.0,0.0,80.0,1.3962634,0.0,0.0,0.0,80.0,-7.0,0.0,80.0,1.3962634,0.0,0.0,0.0,-6.4730723,0.01439324,-9.56876299,3.93761437,-5.66299727,34.04131497,0.0,47.14025436,14.32832855,1.52654748,5.16756308,-30.27595474,79.05097138,12.18169236,0.0,3.98941582,3.93481844
1760624608.159,0.425566,0.14284691,3.43144543,-0.01712979,0.94198819,0.01528987,80.0,-7.0,0.0,80.0,1.3962634,0.0,0.0,0.0,80.0,-7.0,0.0,80.0,1.3962634,0.0,0.0,0.0,-6.4770198,0.01080542,-9.51280538,3.95904849,-5.68392662,34.08406324,0.0,47.09738873,14.33109173,1.51939973,5.18572768,-30.27727389,79.03681566,12.19611207,0.0,4.00005641,3.95437797
1760624608.192,0.4160787,0.13489277,3.43004907,-0.01714088,0.94211007,0.01494502,80.0,-7.0,0.0,80.0,1.3962634,0.0,0.0,0.0,80.0,-7.0,0.0,80.0,1.3962634,0.0,0.0,0.0,-6.69706329,0.15567421,-9.51572272,4.22238564,-5.79424192,34.17617909,0.0,47.06805781,14.34151057,1.52869799,5.39679576,-30.29661917,78.96489283,12.32637609,0.0,3.99780823,3.954575
1760624608.226,0.40090567,0.13718807,3.43134946,-0.01733309,0.94227174,0.01503375,80.0,-7.0,0.0,80.0,1.3962634,0.0,0.0,0.0,80.0,-7.0,0.0,80.0,1.3962634,0.0,0.0,0.0,-7.02125941,0.19783344,-9.64555955,4.59519753,-5.79657034,34.34105696,0.0,47.05408047,14.34577112,1.49795972,5.62995047,-30.37059647,78.7270529,12.39738431,0.0,3.99091244,3.97291669
1760624608.259,0.39315977,0.13761554,3.44317744,-0.01619026,0.94240835,0.01560637,80.0,-7.0,0.0,80.0,1.3962634,0.0,0.0,0.0,80.0,-7.0,0.0,80.0,1.3962634,0.0,0.0,0.0,-7.02521347,0.19298738,-9.62390634,4.60410155,-5.79827603,34.32794695,0.0,47.04218732,14.34410955,1.4979895,5.61871392,-30.36349151,78.70454981,12.40876535,0.0,3.98631214,3.97747835
1760624608.293,0.39152353,0.12759584,3.44075242,-0.01559909,0.9422271,0.01568569,80.0,-7.0,0.0,80.0,1.3962634,0.0,0.0,0.0,80.0,-7.0,0.0,80.0,1.3962634,0.0,0.0,0.0,-6.92287044,0.25481601,-9.52432823,4.48194077,-5.87089801,34.36078165,0.0,46.93751126,14.31668278,1.5237419,5.51189354,-30.34552217,78.75293566,12.4859886,0.0,3.96023209,3.95950071
1760624608.326,0.39014407,0.11795764,3.43188889,-0.01565235,0.94199828,0.01583992,80.0,-7.0,0.0,80.0,1.3962634,0.0,0.0,0.0,80.0,-7.0,0.0,80.0,1.3962634,0.0,0.0,0.0,-6.94571208,0.26952516,-9.51198031,4.4834007,-5.86900878,34.37969036,0.0,46.93206389,14.32167843,1.50460188,5.5064196,-30.34717368,78.72540044,12.48271708,0.0,3.94227228,3.98006268
1760624608.359,0.40082242,0.10639335,3.43877126,-0.01595829,0.94170448,0.01469876,80.0,-7.0,0.0,80.0,1.3962634,0.0,0.0,0.0,80.0,-7.0,0.0,80.0,1.3962634,0.0,0.0,0.0,-7.02401012,0.40158885,-9.76685864,4.57899471,-5.95347674,34.64783672,0.0,46.94545701,14.34383034,1.49612763,5.39185928,-30.16439848,78.41920457,12.36941745,0.0,3.92855464,3.9576644
1760624608.426,0.41321514,0.08616709,3.44038192,-0.01627515,0.94162697,0.01461512,80.0,-7.0,0.0,80.0,1.3962634,0.0,0.0,0.0,80.0,-7.0,0.0,80.0,1.3962634,0.0,0.0,0.0,-7.06330198,0.46443268,-9.72251104,4.54146209,-5.93486935,34.6472211,0.0,46.86716524,14.34963916,1.47538245,5.33720763,-30.16050866,78.40259516,12.35909689,0.0,3.8979825,3.91942493
1760624608.46,0.41211722,0.07349049,3.44327005,-0.01688414,0.94157217,0.01440872,80.0,-7.0,0.0,80.0,1.3962634,0.0,0.0,0.0,80.0,-7.0,0.0,80.0,1.3962634,0.0,0.0,0.0,-6.89272813,0.58266185,-9.64050266,4.34088728,-6.0325813,34.57657995,0.0,46.84513187,14.36840421,1.46613711,5.16118631,-30.00209507,78.46647125,12.31051998,0.0,3.88407598,3.89732567
1760624608.56,0.4187823,0.03889425,3.43394915,-0.01686341,0.9414225,0.01450051,80.0,-7.0,0.0,80.0,1.3962634,0.0,0.0,0.0,80.0,-7.0,0.0,80.0,1.3962634,0.0,0.0,0.0,-6.99391865,0.68787793,-9.59554624,4.26418049,-5.91280838,34.5495776,0.0,46.80068718,14.45206601,1.43591165,5.13257837,-29.99383833,78.44858086,12.28449689,0.0,3.84125498,3.83508596
1760624608.594,0.42149065,0.03471882,3.42352726,-0.01690019,0.94057503,0.01454808,80.0,-7.0,0.0,80.0,1.3962634,0.0,0.0,0.0,80.0,-7.0,0.0,80.0,1.3962634,0.0,0.0,0.0,-6.77501283,0.67868516,-9.35976561,3.92489694,-5.87733304,34.32036909,0.0,46.76421074,14.48791416,1.41057566,4.95288554,-29.83431023,78.65988581,12.15640536,0.0,3.83016855,3.81219961
1760624608.627,0.43242611,0.03088181,3.40314259,-0.01737891,0.94019768,0.01436765,80.0,-7.0,0.0,80.0,1.3962634,0.0,0.0,0.0,80.0,-7.0,0.0,80.0,1.3962634,0.0,0.0,0.0,-6.96296205,0.75358812,-9.1565164,4.03464117,-5.87771575,34.11954543,0.0,46.76945622,14.49980457,1.39664506,5.1825148,-29.62651537,78.8396877,11.9962055,0.0,3.81073877,3.79420898
1760624608.661,0.42536779,0.02910182,3.39246381,-0.01797045,0.94000284,0.01417212,80.0,-7.0,0.0,80.0,1.3962634,0.0,0.0,0.0,80.0,-7.0,0.0,80.0,1.3962634,0.0,0.0,0.0,-6.78303468,0.75035435,-8.98567058,3.79326475,-5.86474251,33.96281867,0.0,46.75489274,14.52810413,1.40196446,5.01927646,-29.47234976,78.95743475,11.87789935,0.0,3.79741818,3.76246782
1760624608.694,0.40821502,0.02781564,3.37595878,-0.01904976,0.93991598,0.01361655,80.0,-7.0,0.0,80.0,1.3962634,0.0,0.0,0.0,80.0,-7.0,0.0,80.0,1.3962634,0.0,0.0,0.0,-6.44678537,0.77830003,-8.45666041,3.36437127,-5.91470292,33.43801436,0.0,46.71703919,14.55860798,1.38102873,4.88704072,-28.90059508,79.48837463,11.43359891,0.0,3.78139498,3.72609616
1760624608.728,0.39306354,0.01658985,3.34867984,-0.01850816,0.93978212,0.0134623,80.0,-7.0,0.0,80.0,1.3962634,0.0,0.0,0.0,80.0,-7.0,0.0,80.0,1.3962634,0.0,0.0,0.0,-6.44762296,0.80451115,-8.44635076,3.35761359,-5.90353843,33.3679004,0.0,46.75998287,14.54749575,1.38276005,4.86342886,-28.88227768,79.45513547,11.44410428,0.0,3.76622461,3.72634196
1760624608.761,0.36388011,0.00822824,3.32691609,-0.01650663,0.93922635,0.01290192,80.0,-7.0,0.0,80.0,1.3962634,0.0,0.0,0.0,80.0,-7.0,0.0,80.0,1.3962634,0.0,0.0,0.0,-5.97943571,0.92171832,-8.20639388,2.86472433,-6.06621408,33.10413656,0.0,46.7594608,14.55753531,1.37363474,4.49972935,-28.64076116,79.67293162,11.4240335,0.0,3.74394939,3.6963087
1760624608.794,0.3568365,0.00627685,3.30893849,-0.01572798,0.93915144,0.01295791,80.0,-7.0,0.0,80.0,1.3962634,0.0,0.0,0.0,80.0,-7.0,0.0,80.0,1.3962634,0.0,0.0,0.0,-6.00659097,0.91868909,-8.15394756,2.84792795,-6.04686065,33.1657333,0.0,46.64792828,14.59791982,1.35701629,4.50678347,-28.62099463,79.70549377,11.41385684,0.0,3.73052167,3.68550071
1760624608.828,0.3579162,0.0114352,3.29129586,-0.0161951,0.93917454,0.01275871,80.0,-7.0,0.0,80.0,1.3962634,0.0,0.0,0.0,80.0,-7.0,0.0,80.0,1.3962634,0.0,0.0,0.0,-6.31219722,0.95130367,-8.09067546,3.11996631,-6.04807968,33.23938302,0.0,46.55368059,14.61647797,1.35989789,4.80360049,-28.42774267,79.74034109,11.22581932,0.0,3.72440936,3.68441186
1760624608.861,0.35651568,0.01808765,3.27836044,-0.01639817,0.93945725,0.01314831,80.0,-7.0,0.0,80.0,1.3962634,0.0,0.0,0.0,80.0,-7.0,0.0,80.0,1.3962634,0.0,0.0,0.0,-6.32694426,0.93275823,-8.03029208,3.08800857,-6.04812075,33.3779062,0.0,46.41530334,14.61752846,1.34876698,4.83797232,-28.41391666,79.76603647,11.21847856,0.0,3.72293833,3.69522595
1760624608.895,0.35826918,0.03016444,3.27242722,-0.01655931,0.9397095,0.01367314,80.0,-7.0,0.0,80.0,1.3962634,0.0,0.0,0.0,80.0,-7.0,0.0,80.0,1.3962634,0.0,0.0,0.0,-6.77973343,0.88654234,-8.21931886,3.55109403,-5.97862126,33.78082504,0.0,46.23666319,14.65132915,1.37884458,5.17426751,-28.4526932,79.51614779,11.14786665,0.0,3.73088585,3.69614688
1760624608.928,0.35175595,0.03668811,3.27038096,-0.016319,0.9398987,0.0138677,80.0,-7.0,0.0,80.0,1.3962634,0.0,0.0,0.0,80.0,-7.0,0.0,80.0,1.3962634,0.0,0.0,0.0,-6.7767982,0.87105447,-8.20389151,3.55745154,-6.0036282,33.79405457,0.0,46.19813344,14.64535018,1.36153399,5.17565157,-28.44955615,79.50101261,11.15498065,0.0,3.73196003,3.69998961
1760624608.962,0.34019747,0.04411166,3.25416611,-0.01550491,0.94001393,0.0141368,80.0,-7.0,0.0,80.0,1.3962634,0.0,0.0,0.0,80.0,-7.0,0.0,80.0,1.3962634,0.0,0.0,0.0,-6.79203023,0.85382821,-8.19313374,3.58726367,-6.02777187,33.81118491,0.0,46.16416849,14.64981958,1.34900716,5.20868979,-28.45463179,79.45208657,11.17739544,0.0,3.74338047,3.71963337
1760624608.995,0.35303543,0.04532025,3.27283723,-0.01624453,0.94001516,0.01450451,80.0,-7.0,0.0,80.0,1.3962634,0.0,0.0,0.0,80.0,-7.0,0.0,80.0,1.3962634,0.0,0.0,0.0,-6.99624409,0.82887193,-8.36910434,3.78463575,-6.00147374,34.04714289,0.0,46.03503199,14.63717802,1.35468422,5.32734229,-28.62457646,79.26691408,11.31706676,0.0,3.74266803,3.72535057
1760624609.029,0.35381279,0.04915516,3.27794559,-0.01666915,0.93995613,0.01452451,80.0,-7.0,0.0,80.0,1.3962634,0.0,0.0,0.0,80.0,-7.0,0.0,80.0,1.3962634,0.0,0.0,0.0,-7.18422898,0.89073114,-8.58695611,4.0042656,-6.05522303,34.32760189,0.0,45.98227757,14.63624044,1.3770107,5.42606518,-28.78068604,79.0294043,11.51221979,0.0,3.74829604,3.74587841
1760624609.062,0.34492675,0.04493903,3.27670192,-0.01614368,0.94019092,0.01462378,80.0,-7.0,0.0,80.0,1.3962634,0.0,0.0,0.0,80.0,-7.0,0.0,80.0,1.3962634,0.0,0.0,0.0,-7.44905745,0.89617723,-9.01422211,4.31750073,-6.00595444,34.80866108,0.0,45.95815688,14.63588482,1.37186561,5.51350197,-29.15339066,78.5563583,11.82269562,0.0,3.7546851,3.79749707
1760624609.095,0.33858153,0.0491069,3.26950131,-0.01541484,0.94052995,0.0147364,80.0,-7.0,0.0,80.0,1.3962634,0.0,0.0,0.0,80.0,-7.0,0.0,80.0,1.3962634,0.0,0.0,0.0,-7.83572138,0.87959525,-9.17095697,4.72143557,-5.93968048,34.96759838,0.0,45.94055771,14.65787657,1.38448901,5.84376628,-29.27196245,78.37455119,11.89025195,0.0,3.75428246,3.83983469
1760624609.129,0.32875307,0.05050748,3.27210544,-0.01502996,0.9408745,0.01463139,80.0,-7.0,0.0,80.0,1.3962634,0.0,0.0,0.0,80.0,-7.0,0.0,80.0,1.3962634,0.0,0.0,0.0,-7.9689897,0.88654917,-9.25048249,4.86525132,-5.92318721,35.00104217,0.0,45.96429584,14.66205274,1.36943195,5.94926408,-29.36822846,78.29656464,11.98479402,0.0,3.74783731,3.84449574
1760624609.162,0.32938112,0.04135441,3.26199483,-0.01508382,0.9407927,0.014512,80.0,-7.0,0.0,80.0,1.3962634,0.0,0.0,0.0,80.0,-7.0,0.0,80.0,1.3962634,0.0,0.0,0.0,-8.19252444,0.94382087,-9.32518935,5.10733147,-5.92508653,35.0778683,0.0,45.97211357,14.68217274,1.401221,6.13082099,-29.45281857,78.18590743,12.09507909,0.0,3.75078606,3.87023765
1760624609.196,0.33573751,0.03251934,3.27181085,-0.01736428,0.94104261,0.01414611,80.0,-7.0,0.0,80.0,1.3962634,0.0,0.0,0.0,80.0,-7.0,0.0,80.0,1.3962634,0.0,0.0,0.0,-8.41915013,1.02964372,-9.46225057,5.35427145,-5.93899647,35.18993376,0.0,45.97135851,14.68384557,1.38360637,6.29706214,-29.52594051,78.05636408,12.21809705,0.0,3.74781778,3.90620702
1760624609.229,0.34297118,0.03250736,3.26550983,-0.01857177,0.94104894,0.01399233,80.0,-7.0,0.0,80.0,1.3962634,0.0,0.0,0.0,80.0,-7.0,0.0,80.0,1.3962634,0.0,0.0,0.0,-8.41813184,1.03316974,-9.47195763,5.35116139,-5.93170483,35.19058125,0.0,45.97529133,14.6861281,1.38393134,6.28998812,-29.52205613,78.06762484,12.2241626,0.0,3.74865794,3.90605116
1760624609.263,0.36199438,0.02464209,3.29105483,-0.02021279,0.94150383,0.01349786,80.0,-7.0,0.0,80.0,1.3962634,0.0,0.0,0.0,80.0,-7.0,0.0,80.0,1.3962634,0.0,0.0,0.0,-8.62507787,1.13813201,-9.51697264,5.55192914,-5.96881536,35.23878684,0.0,45.98104973,14.69185522,1.37143935,6.46552292,-29.52970446,78.02605255,12.31429305,0.0,3.72703426,3.88868772
1760624609.296,0.36026082,0.01581843,3.29520876,-0.01932544,0.94146252,0.01335895,80.0,-7.0,0.0,80.0,1.3962634,0.0,0.0,0.0,80.0,-7.0,0.0,80.0,1.3962634,0.0,0.0,0.0,-8.62153533,1.14536133,-9.50348816,5.54529842,-5.95188008,35.25603853,0.0,45.95010917,14.69792273,1.36937683,6.47431067,-29.5310394,78.05416991,12.31808957,0.0,3.73789698,3.88863953
1760624609.33,0.35907567,0.00681365,3.2950602,-0.01828025,0.94132239,0.01344864,80.0,-7.0,0.0,80.0,1.3962634,0.0,0.0,0.0,80.0,-7.0,0.0,80.0,1.3962634,0.0,0.0,0.0,-8.59721629,1.13915794,-9.49333871,5.51736831,-5.92508301,35.28762217,0.0,45.92157664,14.71584082,1.36563853,6.49198138,-29.53468051,78.1039613,12.32229189,0.0,3.74104766,3.89324099
1760624609.363,0.34846438,0.01064205,3.29418636,-0.01732775,0.94111359,0.01355712,80.0,-7.0,0.0,80.0,1.3962634,0.0,0.0,0.0,80.0,-7.0,0.0,80.0,1.3962634,0.0,0.0,0.0,-8.46832397,1.03638287,-9.3963041,5.37931229,-5.83904313,35.19859814,0.0,45.91568324,14.70692192,1.35778493,6.46221609,-29.5937342,78.26443223,12.31747761,0.0,3.75859298,3.89129584
1760624609.397,0.35066328,0.00323861,3.29452319,-0.01646725,0.94095069,0.0133713,80.0,-7.0,0.0,80.0,1.3962634,0.0,0.0,0.0,80.0,-7.0,0.0,80.0,1.3962634,0.0,0.0,0.0,-8.46553227,1.04870671,-9.37859961,5.3726117,-5.83387236,35.22610183,0.0,45.88838803,14.70727353,1.35875418,6.47623714,-29.59202731,78.3042274,12.32040736,0.0,3.75149921,3.87481274
1760624609.43,0.3530096,-0.00182465,3.29878933,-0.0168211,0.9407489,0.0134175,80.0,-7.0,0.0,80.0,1.3962634,0.0,0.0,0.0,80.0,-7.0,0.0,80.0,1.3962634,0.0,0.0,0.0,-8.45979726,1.05618928,-9.34519478,5.35516395,-5.8221671,35.29787717,0.0,45.80367756,14.71715898,1.34423679,6.49589929,-29.59175528,78.35534222,12.32293734,0.0,3.74466307,3.86208903
1760624609.463,0.35160825,-0.00320608,3.3009887,-0.01730697,0.94078991,0.0136146,80.0,-7.0,0.0,80.0,1.3962634,0.0,0.0,0.0,80.0,-7.0,0.0,80.0,1.3962634,0.0,0.0,0.0,-8.63833168,1.06371207,-9.35215179,5.54692071,-5.79140192,35.27911105,0.0,45.79821213,14.71561892,1.34254861,6.69345482,-29.65405557,78.38894294,12.35453682,0.0,3.75601938,3.8775945
1760624609.497,0.35661674,-0.00081685,3.30010717,-0.01870523,0.94109097,0.01359139,80.0,-7.0,0.0,80.0,1.3962634,0.0,0.0,0.0,80.0,-7.0,0.0,80.0,1.3962634,0.0,0.0,0.0,-8.63609488,1.0679539,-9.35588937,5.54492748,-5.79203219,35.27607347,0.0,45.79461718,14.71547714,1.3428711,6.68475813,-29.65437751,78.39610183,12.35556206,0.0,3.75678097,3.87996461
1760624609.564,0.34440956,-0.01340516,3.31487081,-0.01978289,0.94119319,0.01326078,80.0,-7.0,0.0,80.0,1.3962634,0.0,0.0,0.0,80.0,-7.0,0.0,80.0,1.3962634,0.0,0.0,0.0,-8.77653851,1.19094465,-9.29590329,5.68146176,-5.87013921,35.28232076,0.0,45.75486374,14.74493627,1.34062601,6.84859152,-29.66959847,78.40586498,12.4423652,0.0,3.74474154,3.86453975
1760624609.597,0.34313082,-0.0102326,3.31222505,-0.01955645,0.94091882,0.01342879,80.0,-7.0,0.0,80.0,1.3962634,0.0,0.0,0.0,80.0,-7.0,0.0,80.0,1.3962634,0.0,0.0,0.0,-8.79115306,1.19559233,-9.27398015,5.67638544,-5.87514396,35.30031628,0.0,45.71734467,14.74130915,1.34758216,6.85129412,-29.6764189,78.410078,12.44058559,0.0,3.74108516,3.86289791
1760624609.63,0.32997448,-0.01461756,3.30649126,-0.01748361,0.9400389,0.01341366,80.0,-7.0,0.0,80.0,1.3962634,0.0,0.0,0.0,80.0,-7.0,0.0,80.0,1.3962634,0.0,0.0,0.0,-8.24445667,1.16156227,-8.99643919,5.06165576,-5.95510536,35.04115302,0.0,45.69218976,14.75118858,1.37954517,6.37214686,-29.59434418,78.66345739,12.42651137,0.0,3.71637038,3.7972086
1760624609.664,0.32199237,-0.0238788,3.29745052,-0.01559787,0.93973285,0.01380936,80.0,-7.0,0.0,80.0,1.3962634,0.0,0.0,0.0,80.0,-7.0,0.0,80.0,1.3962634,0.0,0.0,0.0,-8.25333725,1.13907197,-8.97166529,5.0430157,-5.93367559,35.00596333,0.0,45.70354379,14.76322561,1.357436,6.34886138,-29.61378713,78.6599703,12.40344499,0.0,3.70248606,3.78107039
1760624609.698,0.30848538,-0.0241384,3.29909382,-0.01441479,0.93989438,0.0139154,80.0,-7.0,0.0,80.0,1.3962634,0.0,0.0,0.0,80.0,-7.0,0.0,80.0,1.3962634,0.0,0.0,0.0,-8.25910999,1.13459227,-8.97183655,5.04400806,-5.93496518,35.00710743,0.0,45.70065531,14.76333278,1.35642636,6.35448566,-29.61718749,78.65818465,12.40084001,0.0,3.70195125,3.78182371
1760624609.731,0.29526583,-0.00652897,3.29474882,-0.01395608,0.94014148,0.01410902,80.0,-7.0,0.0,80.0,1.3962634,0.0,0.0,0.0,80.0,-7.0,0.0,80.0,1.3962634,0.0,0.0,0.0,-8.26020209,0.96242657,-8.97807572,5.00866152,-5.78841724,35.03220013,0.0,45.66956698,14.75974759,1.35785828,6.33702804,-29.72292801,78.63944077,12.34541155,0.0,3.71389142,3.8038228
1760624609.765,0.29837673,0.0027617,3.30144228,-0.01478929,0.9404886,0.01405241,80.0,-7.0,0.0,80.0,1.3962634,0.0,0.0,0.0,80.0,-7.0,0.0,80.0,1.3962634,0.0,0.0,0.0,-8.27491123,0.94950589,-8.96875368,4.982528,-5.78487509,35.11608284,0.0,45.57850296,14.74872791,1.35412038,6.32710559,-29.73325643,78.67325897,12.34704898,0.0,3.69535671,3.80190092
1760624609.798,0.29474909,0.01524699,3.29042344,-0.01499821,0.94061444,0.01447926,80.0,-7.0,0.0,80.0,1.3962634,0.0,0.0,0.0,80.0,-7.0,0.0,80.0,1.3962634,0.0,0.0,0.0,-8.05409735,0.81560192,-8.95283075,4.73823569,-5.71275785,35.1219512,0.0,45.57166469,14.77596516,1.36100443,6.06404042,-29.82310622,78.68127407,12.35758306,0.0,3.67949314,3.78301896
1760624609.831,0.30535984,0.0166822,3.29917982,-0.01599777,0.9403091,0.01445399,80.0,-7.0,0.0,80.0,1.3962634,0.0,0.0,0.0,80.0,-7.0,0.0,80.0,1.3962634,0.0,0.0,0.0,-8.05316378,0.82317656,-8.96057713,4.71637799,-5.71913526,35.15549709,0.0,45.54031586,14.77187447,1.34346828,6.05861647,-29.82612286,78.68293984,12.38223718,0.0,3.67145833,3.79718634
1760624609.865,0.30510479,0.01478268,3.30388546,-0.01725207,0.94015826,0.0139742,80.0,-7.0,0.0,80.0,1.3962634,0.0,0.0,0.0,80.0,-7.0,0.0,80.0,1.3962634,0.0,0.0,0.0,-7.95432766,0.84778246,-9.20095064,4.63786917,-5.7297778,35.42781369,0.0,45.50930696,14.77837337,1.34284931,5.80935553,-29.95091116,78.41381752,12.53535461,0.0,3.65788507,3.79291478
1760624609.898,0.30119108,0.0173188,3.30834812,-0.01776063,0.94041393,0.01390935,80.0,-7.0,0.0,80.0,1.3962634,0.0,0.0,0.0,80.0,-7.0,0.0,80.0,1.3962634,0.0,0.0,0.0,-7.95969645,0.84974373,-9.19613273,4.63615518,-5.72376763,35.4316106,0.0,45.50573023,14.77959254,1.34174233,5.80197579,-29.94801982,78.41502672,12.53919329,0.0,3.6583317,3.79800743
1760624609.932,0.30877019,0.02643836,3.31616504,-0.01871511,0.94081012,0.01423016,80.0,-7.0,0.0,80.0,1.3962634,0.0,0.0,0.0,80.0,-7.0,0.0,80.0,1.3962634,0.0,0.0,0.0,-8.08884799,0.80458221,-9.27411931,4.7537196,-5.64955269,35.53124197,0.0,45.46509805,14.81646607,1.32333355,5.88427893,-30.0123187,78.34380337,12.55378234,0.0,3.65251485,3.80940679
1760624609.965,0.30467147,0.03016033,3.33752139,-0.02004497,0.941397,0.01418617,80.0,-7.0,0.0,80.0,1.3962634,0.0,0.0,0.0,80.0,-7.0,0.0,80.0,1.3962634,0.0,0.0,0.0,-8.0996574,0.81532617,-9.28119533,4.76163357,-5.64209002,35.56115206,0.0,45.41388384,14.80995385,1.32364302,5.90791167,-30.00183103,78.35917625,12.58231131,0.0,3.65761209,3.81559277
1760624609.999,0.30746654,0.02522437,3.33353456,-0.02054654,0.94131819,0.01406157,80.0,-7.0,0.0,80.0,1.3962634,0.0,0.0,0.0,80.0,-7.0,0.0,80.0,1.3962634,0.0,0.0,0.0,-8.19800904,0.91643219,-9.26286642,4.85999151,-5.71095493,35.56681909,0.0,45.41692914,14.81536284,1.33627123,6.01280124,-30.05163682,78.3736132,12.72637878,0.0,3.65200458,3.81238906
1760624610.032,0.30909196,0.03099752,3.3355433,-0.01973783,0.9412555,0.01417073,80.0,-7.0,0.0,80.0,1.3962634,0.0,0.0,0.0,80.0,-7.0,0.0,80.0,1.3962634,0.0,0.0,0.0,-8.198606,0.91894647,-9.23341725,4.84253293,-5.70534503,35.58153962,0.0,45.36550836,14.82287411,1.32824433,6.00726017,-30.04833577,78.39488312,12.74399181,0.0,3.64962998,3.8046077
1760624610.066,0.29261791,0.02260856,3.32631422,-0.01803569,0.94052319,0.01357223,80.0,-7.0,0.0,80.0,1.3962634,0.0,0.0,0.0,80.0,-7.0,0.0,80.0,1.3962634,0.0,0.0,0.0,-7.59189874,0.90120807,-8.68550695,4.16248944,-5.80832783,35.08923372,0.0,45.32066477,14.86190858,1.3414522,5.69585346,-29.93048211,79.03913586,12.76293531,0.0,3.63954733,3.78837086
1760624610.099,0.28567301,0.0226502,3.31846895,-0.01796355,0.94033541,0.0133441,80.0,-7.0,0.0,80.0,1.3962634,0.0,0.0,0.0,80.0,-7.0,0.0,80.0,1.3962634,0.0,0.0,0.0,-7.59227442,0.9122319,-8.66979936,4.15711554,-5.80860078,35.12002729,0.0,45.2771008,14.85858444,1.33074367,5.70110944,-29.9211798,79.05717747,12.76989128,0.0,3.62940198,3.77686035
1760624610.132,0.28122807,0.02376861,3.31705667,-0.01812502,0.940537,0.01337346,80.0,-7.0,0.0,80.0,1.3962634,0.0,0.0,0.0,80.0,-7.0,0.0,80.0,1.3962634,0.0,0.0,0.0,-7.59540348,0.91608682,-8.67065964,4.158708,-5.81407193,35.11477669,0.0,45.27058378,14.8583628,1.33026209,5.69244419,-29.92292368,79.06263697,12.76818437,0.0,3.62521894,3.77943499
1760624610.166,0.28169599,0.02349196,3.32375911,-0.01845415,0.94098082,0.0135151,80.0,-7.0,0.0,80.0,1.3962634,0.0,0.0,0.0,80.0,-7.0,0.0,80.0,1.3962634,0.0,0.0,0.0,-7.60459694,0.922846,-8.64860693,4.14052091,-5.81914406,35.1526458,0.0,45.22794647,14.8783061,1.32916726,5.68862713,-29.92055126,79.08726041,12.77222377,0.0,3.61526531,3.77312975
1760624610.199,0.27387234,0.02049942,3.33058605,-0.01862952,0.9414103,0.01348289,80.0,-7.0,0.0,80.0,1.3962634,0.0,0.0,0.0,80.0,-7.0,0.0,80.0,1.3962634,0.0,0.0,0.0,-7.60925666,0.91834757,-8.63159027,4.14257601,-5.81681989,35.18584923,0.0,45.15944643,14.89249097,1.33470288,5.68671138,-29.92459248,79.12768529,12.76832433,0.0,3.60268896,3.7648728
1760624610.233,0.266455,0.01386786,3.32619156,-0.0196844,0.94179742,0.01263237,80.0,-7.0,0.0,80.0,1.3962634,0.0,0.0,0.0,80.0,-7.0,0.0,80.0,1.3962634,0.0,0.0,0.0,-7.61976966,0.91438868,-8.6313313,4.12916532,-5.81687879,35.18142445,0.0,45.16059312,14.89020825,1.33908034,5.67751528,-29.92797069,79.13078411,12.76510573,0.0,3.59966861,3.76897704
1760624610.266,0.26236209,0.01614097,3.32749763,-0.02002554,0.94161697,0.01223848,80.0,-7.0,0.0,80.0,1.3962634,0.0,0.0,0.0,80.0,-7.0,0.0,80.0,1.3962634,0.0,0.0,0.0,-7.63485731,0.90950917,-8.59765691,4.12600683,-5.8230717,35.16620798,0.0,45.12419622,14.92655189,1.36579174,5.69099695,-29.91406947,79.16853569,12.75555977,0.0,3.58617956,3.76030247
1760624610.3,0.26077874,0.00686824,3.31924384,-0.01979456,0.94110597,0.01312546,80.0,-7.0,0.0,80.0,1.3962634,0.0,0.0,0.0,80.0,-7.0,0.0,80.0,1.3962634,0.0,0.0,0.0,-7.6451021,0.8987733,-8.59301187,4.11419688,-5.82285938,35.13698083,0.0,45.19335592,14.94856243,1.36693358,5.68921695,-29.9348284,79.15887344,12.74752062,0.0,3.58443851,3.76893074
1760624610.333,0.24858367,0.01508406,3.31527148,-0.01867564,0.94063257,0.01446682,80.0,-7.0,0.0,80.0,1.3962634,0.0,0.0,0.0,80.0,-7.0,0.0,80.0,1.3962634,0.0,0.0,0.0,-7.56170788,0.69529892,-8.55494007,3.97405452,-5.66320395,35.12348475,0.0,45.19670126,14.93968184,1.37399152,5.60220265,-30.16628474,79.20210147,12.81102125,0.0,3.58074877,3.76614604
1760624610.367,0.23572625,0.01275268,3.30227243,-0.01664636,0.94039715,0.01472435,80.0,-7.0,0.0,80.0,1.3962634,0.0,0.0,0.0,80.0,-7.0,0.0,80.0,1.3962634,0.0,0.0,0.0,-7.36596781,0.66139538,-8.47014652,3.76264735,-5.68224351,35.09663638,0.0,45.14786258,14.95581725,1.39916523,5.44345228,-30.33626011,79.27568421,12.98912816,0.0,3.581966,3.75639994
1760624610.4,0.23090711,0.00619142,3.29149453,-0.01578821,0.94032145,0.01487207,80.0,-7.0,0.0,80.0,1.3962634,0.0,0.0,0.0,80.0,-7.0,0.0,80.0,1.3962634,0.0,0.0,0.0,-7.37317673,0.65237203,-8.47937192,3.76519027,-5.6920624,35.08536276,0.0,45.19292736,14.95692119,1.39100948,5.44768318,-30.3522414,79.25004371,12.99669978,0.0,3.57926672,3.76919391
1760624610.434,0.22516554,0.00154679,3.30627391,-0.01653288,0.94036677,0.01479585,80.0,-7.0,0.0,80.0,1.3962634,0.0,0.0,0.0,80.0,-7.0,0.0,80.0,1.3962634,0.0,0.0,0.0,-7.47686774,0.66992185,-8.71660011,3.90460447,-5.69733725,35.32177833,0.0,45.1970831,14.96426657,1.37944659,5.44021539,-30.75002942,79.00393077,13.39104187,0.0,3.57226087,3.77279789
1760624610.467,0.22132775,0.00223269,3.3218983,-0.01725315,0.94032172,0.0146389,80.0,-7.0,0.0,80.0,1.3962634,0.0,0.0,0.0,80.0,-7.0,0.0,80.0,1.3962634,0.0,0.0,0.0,-7.46366387,0.67145015,-8.71553536,3.89161827,-5.71843582,35.35522715,0.0,45.14154252,14.95499286,1.38212237,5.43459648,-30.74234614,79.03648235,13.40601881,0.0,3.56651302,3.76547298
1760624610.5,0.21847118,-0.00638474,3.32705539,-0.01721415,0.9403256,0.01434727,80.0,-7.0,0.0,80.0,1.3962634,0.0,0.0,0.0,80.0,-7.0,0.0,80.0,1.3962634,0.0,0.0,0.0,-7.38532587,0.76840013,-8.67696061,3.83162958,-5.84526365,35.35697434,0.0,45.13728342,14.93816876,1.3992804,5.40140869,-30.74802762,79.08963384,13.52854662,0.0,3.56576278,3.77392887
1760624610.534,0.2122497,-0.00475282,3.32883619,-0.01623654,0.93965443,0.01465154,80.0,-7.0,0.0,80.0,1.3962634,0.0,0.0,0.0,80.0,-7.0,0.0,80.0,1.3962634,0.0,0.0,0.0,-7.09205518,0.72192738,-8.50352698,3.5140506,-5.88763175,35.24841108,0.0,45.1269329,14.95885887,1.41050992,5.20044715,-30.81388953,79.33008516,13.61383093,0.0,3.56177141,3.75100567
1760624610.567,0.20837204,-0.0014867,3.33247037,-0.01567271,0.93966753,0.01482204,80.0,-7.0,0.0,80.0,1.3962634,0.0,0.0,0.0,80.0,-7.0,0.0,80.0,1.3962634,0.0,0.0,0.0,-7.0884897,0.71946666,-8.48946875,3.5075472,-5.90154602,35.29673644,0.0,45.08164819,14.95683023,1.40248178,5.22425578,-30.83056737,79.37444923,13.62838603,0.0,3.56319241,3.74951754
1760624610.601,0.2025668,-0.00432575,3.33337803,-0.01542203,0.93944037,0.01496711,80.0,-7.0,0.0,80.0,1.3962634,0.0,0.0,0.0,80.0,-7.0,0.0,80.0,1.3962634,0.0,0.0,0.0,-6.89466191,0.70427968,-8.32976505,3.29434327,-5.9319386,35.17012819,0.0,45.07094454,14.94807056,1.40530635,5.14537925,-30.96759258,79.59860689,13.79151993,0.0,3.56069281,3.72800016
1760624610.634,0.19401063,0.00119733,3.33398226,-0.01521299,0.93929511,0.01494149,80.0,-7.0,0.0,80.0,1.3962634,0.0,0.0,0.0,80.0,-7.0,0.0,80.0,1.3962634,0.0,0.0,0.0,-6.88022821,0.69571098,-8.34117107,3.2864493,-5.93734717,35.24707455,0.0,45.04857694,14.95601294,1.4038085,5.21005562,-30.97861255,79.64734198,13.80043232,0.0,3.56988277,3.74113903
1760624610.668,0.16778139,-0.0045795,3.33557878,-0.0151776,0.93908234,0.01456876,80.0,-7.0,0.0,80.0,1.3962634,0.0,0.0,0.0,80.0,-7.0,0.0,80.0,1.3962634,0.0,0.0,0.0,-6.85960994,0.70930182,-8.35475329,3.27069514,-5.95277679,35.29138462,0.0,45.0842435,14.98542201,1.40115456,5.29203603,-30.98587833,79.66789933,13.82861156,0.0,3.59053918,3.75055666
1760624610.701,0.14405064,-0.01248802,3.34759927,-0.0150899,0.93907378,0.01443998,80.0,-7.0,0.0,80.0,1.3962634,0.0,0.0,0.0,80.0,-7.0,0.0,80.0,1.3962634,0.0,0.0,0.0,-6.85360366,0.72743101,-8.36892225,3.24884264,-5.94967469,35.3598736,0.0,45.06659266,14.9957589,1.39811552,5.36996839,-30.98294753,79.7190548,13.85277758,0.0,3.5678537,3.68856501
1760624610.734,0.08837728,-0.02108542,3.35321681,-0.0155891,0.93891231,0.01449576,80.0,-7.0,0.0,80.0,1.3962634,0.0,0.0,0.0,80.0,-7.0,0.0,80.0,1.3962634,0.0,0.0,0.0,-7.11746385,0.77919773,-8.24398051,3.47300544,-5.93076844,35.31937261,0.0,45.08283294,15.02540093,1.38731193,5.84464834,-31.20965218,79.8390168,14.14218963,0.0,3.50361229,3.53953881
1760624610.768,0.01826463,-0.04684435,3.34322144,-0.01528604,0.93848864,0.01445866,80.0,-7.0,0.0,80.0,1.3962634,0.0,0.0,0.0,80.0,-7.0,0.0,80.0,1.3962634,0.0,0.0,0.0,-6.88925118,0.86504355,-8.07259283,3.17851887,-6.03746178,35.29001196,0.06507505,45.08946739,15.07688699,1.41576587,5.8048872,-31.16246094,79.82857677,14.24507315,0.0,3.45095656,3.38251317
1760624610.801,-0.1373828,-0.06752077,3.32702605,-0.01526818,0.93838471,0.01430846,80.0,-7.0,0.0,80.0,1.3962634,0.0,0.0,0.0,80.0,-7.0,0.0,80.0,1.3962634,0.0,0.0,0.0,-6.90377303,0.92926949,-7.82787722,3.1929156,-6.0798907,35.23001218,0.12896244,45.04778538,15.09594222,1.42729116,6.13888878,-31.13259957,79.92269501,14.32845132,0.0,3.41007909,3.23359542
1760624610.835,-0.32541724,-0.07107263,3.34301128,-0.01613161,0.93832016,0.01418381,80.0,-7.0,0.0,80.0,1.3962634,0.0,0.0,0.0,80.0,-7.0,0.0,80.0,1.3962634,0.0,0.0,0.0,-6.81127854,0.94428347,-7.56273768,3.06361966,-6.12719957,34.9805949,0.21679786,45.03793677,15.08432059,1.47060248,6.43326095,-31.06050668,80.33840132,14.34018602,0.0,3.33882276,3.05029292
1760624610.868,-0.47545021,-0.07489775,3.37113137,-0.01715714,0.93854402,0.01424273,80.0,-7.0,0.0,80.0,1.3962634,0.0,0.0,0.0,80.0,-7.0,0.0,80.0,1.3962634,0.0,0.0,0.0,-7.02386103,0.923601,-7.58669529,3.25438986,-6.07880765,35.05000956,0.27728411,44.87047874,15.08032412,1.50245318,6.78250868,-30.99084744,80.46568451,14.2045709,0.0,3.30423371,2.9931674
1760624610.902,-0.64148036,-0.09718556,3.36270012,-0.01598772,0.93841025,0.01378219,80.0,-7.0,0.0,80.0,1.3962634,0.0,0.0,0.0,80.0,-7.0,0.0,80.0,1.3962634,0.0,0.0,0.0,-6.935785,1.02739082,-7.12640274,3.07963241,-6.24702112,34.8751217,0.39033282,44.49425513,15.06271652,1.54752137,7.03485008,-30.68076711,80.97860682,14.01779205,0.0,3.25563886,2.88091909
1760624610.935,-0.95999406,-0.13987862,3.3231081,-0.01527192,0.93784296,0.01358297,80.0,-7.0,0.0,80.0,1.3962634,0.0,0.0,0.0,80.0,-7.0,0.0,80.0,1.3962634,0.0,0.0,0.0,-6.81093529,1.1727287,-6.88711268,2.87470783,-6.55105666,35.05866709,0.69061778,44.01787584,15.09010216,1.59215491,7.097633,-30.59774856,81.14093414,13.98802221,0.0,3.09493535,2.61001994
1760624610.969,-1.28130213,-0.16219344,3.21782905,-0.01464229,0.93740423,0.01372041,80.0,-7.0,0.0,80.0,1.3962634,0.0,0.0,0.0,80.0,-7.0,0.0,80.0,1.3962634,0.0,0.0,0.0,-6.67319189,1.238577,-6.55775019,2.6530878,-6.81503816,35.11825626,0.9984534,43.76070971,15.10145506,1.62083846,7.08807735,-30.56238352,81.1971571,13.98503528,0.0,2.95254582,2.39192489
1760624611.002,-1.66765291,-0.18468968,3.04084481,-0.01009631,0.93694875,0.01351784,80.0,-7.0,0.0,80.0,1.3962634,0.0,0.0,0.0,80.0,-7.0,0.0,80.0,1.3962634,0.0,0.0,0.0,-6.1312558,1.24821642,-5.87935104,1.9025427,-7.11944407,34.87748698,1.4009044,43.46407763,15.07963058,1.64565858,6.78924485,-30.45813121,81.58777899,13.95292497,0.0,2.74961663,2.07161092
1760624611.036,-2.24769536,-0.23564512,2.79543405,-0.00367973,0.93613177,0.01329815,80.0,-7.0,0.0,80.0,1.3962634,0.0,0.0,0.0,80.0,-7.0,0.0,80.0,1.3962634,0.0,0.0,0.0,-5.67766902,1.3352061,-4.76462357,0.98086497,-7.53702733,34.12102661,2.05407446,43.18180388,15.03750048,1.70159109,6.77066599,-30.382705,82.42609648,14.05533233,0.0,2.43346321,1.70506704
1760624611.069,-2.78409349,-0.26815888,2.6169193,0.00049099,0.93515017,0.01324287,80.0,-7.0,0.0,80.0,1.3962634,0.0,0.0,0.0,80.0,-7.0,0.0,80.0,1.3962634,0.0,0.0,0.0,-5.36985376,1.4899195,-3.72116507,0.20072723,-7.90673638,32.88381432,2.64017934,43.34057968,15.0007406,1.76210389,6.90276363,-30.21536426,83.26937029,14.16918107,0.0,2.18678933,1.45801455
1760624611.102,-3.28664685,-0.31143053,2.44212847,0.00173905,0.93529552,0.01398604,80.0,-7.0,0.0,80.0,1.3962634,0.0,0.0,0.0,80.0,-7.0,0.0,80.0,1.3962634,0.0,0.0,0.0,-5.52289822,1.56030467,-2.7685908,-0.35664713,-8.21005741,31.51270654,3.41668898,43.73313889,15.02279409,1.85136859,7.27475831,-30.12196382,83.86836742,14.26510121,0.0,1.94605252,1.2297651
1760624611.136,-4.12313939,-0.36605041,2.19333305,0.00500821,0.93526577,0.01663826,80.0,-7.0,0.0,80.0,1.3962634,0.0,0.0,0.0,80.0,-7.0,0.0,80.0,1.3962634,0.0,0.0,0.0,-5.18029489,1.61483169,-1.71155922,-1.91812427,-8.65079323,30.12602505,4.76908772,44.18769448,15.03615582,1.95583806,7.05287688,-30.42378391,84.33250856,14.75022538,0.0,1.54379401,0.8489148
1760624611.169,-4.96924865,-0.36039485,1.96213869,0.0129561,0.93412879,0.01951489,80.0,-7.0,0.0,80.0,1.3962634,0.0,0.0,0.0,80.0,-7.0,0.0,80.0,1.3962634,0.0,0.0,0.0,-4.17445416,1.51501527,0.13853385,-3.93988078,-8.74507648,28.83314288,5.73057757,44.10848028,15.05674446,2.1667753,6.69600348,-30.38903418,85.9982217,14.73412379,0.0,1.17333865,0.45783474
1760624611.203,-7.69545688,-0.45583743,1.60975812,0.02211987,0.92950596,0.02189802,80.0,-7.0,0.0,80.0,1.3962634,0.0,0.0,0.0,80.0,-7.0,0.0,80.0,1.3962634,0.0,0.0,0.0,-1.31947757,1.57118192,2.12532421,-6.30153799,-8.75714348,27.96853967,6.74110027,43.92473091,15.15243325,2.54225071,5.97648977,-30.55765123,87.45220198,14.86091929,0.0,0.71199884,0.07368102
1760624611.236,-9.85963262,-0.58234353,1.57039109,0.03161971,0.92674651,0.02279934,80.0,-7.0,0.0,80.0,1.3962634,0.0,0.0,0.0,80.0,-7.0,0.0,80.0,1.3962634,0.0,0.0,0.0,-0.25908899,1.75358032,3.06635953,-6.75611242,-8.87926782,27.32824457,7.57951661,43.82935519,15.16839926,2.66455194,6.40383569,-30.62090788,87.99426204,15.0129027,0.0,0.3626915,-0.28086455
1760624611.27,-11.85539311,-0.69734996,1.39859919,0.04261991,0.92603438,0.02410377,80.0,-7.0,0.0,80.0,1.3962634,0.0,0.0,0.0,80.0,-7.0,0.0,80.0,1.3962634,0.0,0.0,0.0,0.70728645,1.7052875,3.9058925,-7.04319768,-8.81726779,26.99329427,8.3872006,43.69135636,15.12888731,2.70053172,6.8657506,-30.78338341,88.69307906,14.99524577,0.0,0.01380103,-0.58911105
1760624611.303,-13.94309167,-0.7861727,1.12672618,0.04682385,0.92412242,0.02561383,80.0,-7.0,0.0,80.0,1.3962634,0.0,0.0,0.0,80.0,-7.0,0.0,80.0,1.3962634,0.0,0.0,0.0,2.47828393,1.45100392,4.32103777,-7.82840207,-8.55955999,26.97571661,9.05540212,43.95330929,15.08514464,2.7343094,6.17620915,-30.45061139,89.1698609,14.07494689,0.0,-0.35639435,-0.82972119
1760624611.337,-15.4637311,-0.85709047,0.9926902,0.05783568,0.92673324,0.02707045,80.0,-7.0,0.0,80.0,1.3962634,0.0,0.0,0.0,80.0,-7.0,0.0,80.0,1.3962634,0.0,0.0,0.0,4.58950473,1.1754985,5.18540372,-9.02704618,-8.04832406,26.02890201,9.35222846,44.0628158,15.05840913,2.72449364,5.28755791,-30.06101358,90.00000018,13.24022589,0.0,-0.53873542,-1.0168904
1760624611.37,-17.20698887,-0.95692993,0.8234461,0.06628321,0.93130667,0.02728216,80.0,-7.0,0.0,80.0,1.3962634,0.0,0.0,0.0,80.0,-7.0,0.0,80.0,1.3962634,0.0,0.0,0.0,5.8455153,0.99014676,5.67726955,-8.94757906,-7.75329219,25.34104859,9.6512265,44.09863814,14.96819618,2.60006253,5.38924876,-29.45605386,90.00000018,12.45968166,0.0,-0.65722506,-1.18183729
1760624611.403,-19.62405808,-1.02765217,0.70852243,0.07066766,0.93855813,0.02664167,80.0,-7.0,0.0,80.0,1.3962634,0.0,0.0,0.0,80.0,-7.0,0.0,80.0,1.3962634,0.0,0.0,0.0,3.96103738,0.80779797,5.66410758,-4.93698197,-8.0235231,25.06218144,10.06568019,44.2915274,14.85269466,2.35745419,9.71288593,-29.96494427,89.45657461,13.39145428,0.0,-0.65709491,-1.17721721
1760624611.437,-21.24268197,-1.06756891,0.75400861,0.07562648,0.94541677,0.02592058,80.0,-7.0,0.0,80.0,1.3962634,0.0,0.0,0.0,80.0,-7.0,0.0,80.0,1.3962634,0.0,0.0,0.0,4.83625758,0.56378104,6.23288258,-4.50393386,-7.82668245,24.27014083,10.26234851,44.6271453,14.81972949,2.14435099,10.84350246,-29.837663,90.00000018,13.45337961,0.0,-0.62828688,-1.23450849
1760624611.47,-22.67621543,-1.1678545,0.84240598,0.07911815,0.95271121,0.02686341,80.0,-7.0,0.0,80.0,1.3962634,0.0,0.0,0.0,80.0,-7.0,0.0,80.0,1.3962634,0.0,0.0,0.0,5.73412449,0.1470445,6.07726652,-4.02152684,-7.37779789,24.29308221,10.30697825,44.76695875,14.89427496,2.06381617,11.50738002,-29.93348455,90.00000018,13.38500219,0.0,-0.57732226,-1.24535825
1760624611.504,-24.16561175,-1.25758326,0.8779259,0.08407902,0.96045526,0.02890199,80.0,-7.0,0.0,80.0,1.3962634,0.0,0.0,0.0,80.0,-7.0,0.0,80.0,1.3962634,0.0,0.0,0.0,6.95899151,-0.3170046,6.0237896,-3.66484026,-6.78694146,24.28241283,10.13751179,44.86767622,14.8569186,2.10494473,12.00908645,-30.04798398,90.00000018,13.32488235,0.14683327,-0.4583444,-1.17443196
1760624611.537,-25.27920593,-1.28913087,0.91180795,0.08784456,0.96913237,0.0289478,80.0,-7.0,0.0,80.0,1.3962634,0.0,0.0,0.0,80.0,-7.0,0.0,80.0,1.3962634,0.0,0.0,0.0,6.93206462,-0.66476973,5.54397964,-2.28781811,-6.4666465,24.57563316,9.88618505,44.91943212,14.81949761,2.13638354,13.21543526,-29.97619586,89.86650244,13.17079552,0.0,-0.39171709,-0.99792471
1760624611.571,-26.25996025,-1.3041466,0.90709794,0.09350293,0.97858767,0.02928788,80.0,-7.0,0.0,80.0,1.3962634,0.0,0.0,0.0,80.0,-7.0,0.0,80.0,1.3962634,0.0,0.0,0.0,6.88905063,-1.02673318,4.45077796,-0.88199825,-6.13988181,25.24361626,9.60444707,45.08041972,14.88963515,2.14528624,13.73416361,-29.65302471,88.72318949,12.53443054,0.0,-0.3014139,-0.8885505
1760624611.604,-27.22826709,-1.32978503,1.02077308,0.09887387,0.98744898,0.02866479,80.0,-7.0,0.0,80.0,1.3962634,0.0,0.0,0.0,80.0,-7.0,0.0,80.0,1.3962634,0.0,0.0,0.0,7.59425941,-1.37199325,3.599028,-0.12471447,-5.69654604,24.98187769,9.20793768,45.60932872,15.00076227,2.13192001,13.65514254,-28.68740696,87.87576776,11.298946,0.0,-0.14192709,-0.66166879
1760624611.638,-27.79152458,-1.31725132,1.21699424,0.10208927,0.99908963,0.02980975,80.0,-7.0,0.0,80.0,1.3962634,0.0,0.0,0.0,80.0,-7.0,0.0,80.0,1.3962634,0.0,0.0,0.0,7.97712646,-2.00223028,2.42602097,0.5261441,-5.0494047,25.15342199,8.85791676,46.14911136,15.08571775,2.1072509,13.37912332,-27.8823614,86.7778357,9.8166729,0.0,-0.00912401,-0.47384989
1760624611.671,-28.16438772,-1.26093493,1.46604222,0.10522246,1.00987573,0.02954379,80.0,-7.0,0.0,80.0,1.3962634,0.0,0.0,0.0,80.0,-7.0,0.0,80.0,1.3962634,0.0,0.0,0.0,8.25167103,-2.63652174,2.20327638,1.01471785,-4.396655,24.23299913,8.50151076,46.7785333,15.16625286,2.06670965,13.57194112,-26.68926886,86.75245874,8.17483224,0.0,0.14204384,-0.32348616
1760624611.705,-28.49752609,-1.09684529,1.81804007,0.1087039,1.01954593,0.02800733,80.0,-7.0,0.0,80.0,1.3962634,0.0,0.0,0.0,80.0,-7.0,0.0,80.0,1.3962634,0.0,0.0,0.0,9.2466798,-3.37762523,1.82118419,0.95953226,-3.69459295,23.18409174,7.89919414,47.63749192,15.33483903,2.06897046,13.27128503,-25.44930861,86.60336881,6.45704981,0.0,0.38440838,-0.13681692
1760624611.738,-28.62506884,-0.86827861,2.09236716,0.11042819,1.02974937,0.02825609,80.0,-7.0,0.0,80.0,1.3962634,0.0,0.0,0.0,80.0,-7.0,0.0,80.0,1.3962634,0.0,0.0,0.0,10.39622404,-4.11174934,2.29955661,0.42404974,-3.11790979,21.89002942,7.33868511,48.21549323,15.42247827,2.08686862,12.77160161,-23.70127022,87.3449735,4.37088483,0.0,0.5564773,-0.08001599
1760624611.772,-28.64431751,-0.62567453,2.3504605,0.11587163,1.03790857,0.02736156,80.0,-7.0,0.0,80.0,1.3962634,0.0,0.0,0.0,80.0,-7.0,0.0,80.0,1.3962634,0.0,0.0,0.0,11.61691791,-4.9114802,2.82222935,-0.21896826,-2.48036241,20.64545397,6.74726156,48.80975016,15.46624443,2.07228016,12.28207921,-22.96065306,88.12704164,3.20845264,0.0,0.75005078,-0.04016332
1760624611.805,-28.49113431,-0.38458055,2.76367034,0.12298058,1.04575495,0.0255771,80.0,-7.0,0.0,80.0,1.3962634,0.0,0.0,0.0,80.0,-7.0,0.0,80.0,1.3962634,0.0,0.0,0.0,13.6670809,-5.76129525,3.57336521,-1.57529989,-1.82844312,18.93733109,5.96058859,49.64277988,15.50848712,2.01883447,11.01436814,-21.90162746,89.09619303,1.72590687,0.0,1.03590433,-0.00190667
1760624611.838,-28.01616636,-0.2825662,3.07647051,0.13195956,1.05280146,0.02489862,80.0,-7.0,0.0,80.0,1.3962634,0.0,0.0,0.0,80.0,-7.0,0.0,80.0,1.3962634,0.0,0.0,0.0,15.13781785,-6.29664729,4.62573652,-2.77316404,-1.34280405,17.24536624,5.40483179,50.15305337,15.44709144,1.90615344,10.16892696,-21.74942522,90.00000018,1.36384868,0.33664972,1.28047588,0.08321515
1760624611.872,-27.21779343,-0.28176814,3.37433625,0.13555483,1.06072936,0.0250524,80.0,-7.0,0.0,80.0,1.3962634,0.0,0.0,0.0,80.0,-7.0,0.0,80.0,1.3962634,0.0,0.0,0.0,15.30852949,-6.84214298,4.39918022,-2.87036143,-0.91446564,16.70739754,4.90303078,50.48880791,15.3816405,1.74376548,9.92326678,-21.90715151,90.00000018,1.11638878,0.33472148,1.56010596,0.23697814
1760624611.905,-26.03211648,-0.35152601,3.74209658,0.1404759,1.06990308,0.02334606,80.0,-7.0,0.0,80.0,1.3962634,0.0,0.0,0.0,80.0,-7.0,0.0,80.0,1.3962634,0.0,0.0,0.0,17.58715187,-7.03816659,6.07436434,-5.11720942,-0.50868254,14.3746566,4.19300474,50.73837237,15.22916601,1.50026651,8.18084836,-21.50277246,90.00000018,0.74867524,2.16527185,1.94481417,0.50124671
1760624611.939,-25.11861153,-0.4102403,3.98367107,0.14633177,1.07652546,0.02095822,80.0,-7.0,0.0,80.0,1.3962634,0.0,0.0,0.0,80.0,-7.0,0.0,80.0,1.3962634,0.0,0.0,0.0,19.11166653,-7.23286823,7.36574747,-6.55273952,-0.03729288,12.86943506,3.64475721,50.70448282,15.08189873,1.33560241,7.0511879,-21.58835405,90.00000018,0.72863122,3.61158575,2.23252888,0.65737572
1760624611.972,-24.20221149,-0.52010971,4.20112841,0.1545617,1.0811804,0.01749879,80.0,-7.0,0.0,80.0,1.3962634,0.0,0.0,0.0,80.0,-7.0,0.0,80.0,1.3962634,0.0,0.0,0.0,20.55712329,-7.06330251,8.8595221,-8.02411769,0.14482023,11.1996493,3.17888064,50.65453654,14.95785844,1.14204247,5.98416772,-21.37224023,90.00000018,0.64325933,5.28803322,2.49486031,0.80960597
1760624612.006,-23.15417051,-0.69587035,4.55188148,0.16052249,1.08516057,0.01397774,80.0,-7.0,0.0,80.0,1.3962634,0.0,0.0,0.0,80.0,-7.0,0.0,80.0,1.3962634,0.0,0.0,0.0,20.61398538,-7.12334781,8.17204151,-8.02855447,0.02283963,11.41790667,2.64760476,50.77492253,14.81337624,0.92749517,5.50686721,-21.02359423,90.00000018,0.20368149,4.975734,2.84617983,1.0482924
1760624612.039,-22.43331113,-0.84530322,4.80388098,0.16502379,1.08837084,0.01104118,80.0,-7.0,0.0,80.0,1.3962634,0.0,0.0,0.0,80.0,-7.0,0.0,80.0,1.3962634,0.0,0.0,0.0,21.25449964,-6.98637366,8.47104348,-8.61967386,-0.06784049,11.18290279,2.29384169,50.68494976,14.67155302,0.78759685,4.87707067,-20.90059452,90.00000018,0.13947545,5.53541386,3.06467244,1.12730286
1760624612.073,-21.55210276,-1.04252588,5.11697946,0.17028845,1.09138378,0.00882646,80.0,-7.0,0.0,80.0,1.3962634,0.0,0.0,0.0,80.0,-7.0,0.0,80.0,1.3962634,0.0,0.0,0.0,22.18509984,-6.8979205,9.33890093,-9.52297364,-0.06710482,10.64052506,2.0121741,50.50422587,14.3220031,0.49123652,4.25386736,-20.94534524,90.00000018,0.15494799,6.76797327,3.33715761,1.25874622
1760624612.106,-20.97980465,-1.18022861,5.36736499,0.17293073,1.09400862,0.00598755,80.0,-7.0,0.0,80.0,1.3962634,0.0,0.0,0.0,80.0,-7.0,0.0,80.0,1.3962634,0.0,0.0,0.0,23.1003921,-6.72329533,9.40077491,-10.3829354,-0.34061908,10.71105383,1.89865847,50.47584155,13.98104066,0.22531979,3.33468833,-21.08209482,90.00000018,0.32984686,7.0006323,3.51544353,1.32782148
1760624612.14,-20.45883926,-1.19613002,5.69717931,0.17673932,1.09658026,0.00270873,80.0,-7.0,0.0,80.0,1.3962634,0.0,0.0,0.0,80.0,-7.0,0.0,80.0,1.3962634,0.0,0.0,0.0,23.81310616,-6.64794419,8.82221616,-11.00696918,-0.88742431,11.28753707,1.86821159,50.57142172,13.51906028,-0.11416601,2.39232523,-20.83077539,90.00000018,0.17840274,6.64552327,3.70950408,1.47861099
1760624612.173,-19.90777769,-1.02131591,6.23174715,0.1827502,1.09727211,-0.00160041,80.0,-7.0,0.0,80.0,1.3962634,0.0,0.0,0.0,80.0,-7.0,0.0,80.0,1.3962634,0.0,0.0,0.0,25.07296715,-7.05261486,8.38204803,-12.04021463,-1.41955341,11.68003905,1.96523687,51.07423255,12.43119323,-0.7692842,1.06187758,-20.96139834,90.00000018,0.12161001,6.56336759,3.88599347,1.5156784
1760624612.206,-19.54910065,-0.78042587,6.69690852,0.1842938,1.09701502,-0.00370016,80.0,-7.0,0.0,80.0,1.3962634,0.0,0.0,0.0,80.0,-7.0,0.0,80.0,1.3962634,0.0,0.0,0.0,24.93761417,-7.50989801,7.64268691,-11.61734109,-2.11163092,12.46505779,2.02652486,51.40517636,11.39740329,-1.30821977,0.90609037,-21.05979754,90.00000018,0.11987659,6.05405807,3.95488397,1.46577054
1760624612.24,-19.36953037,-0.5274572,7.154981,0.18850821,1.09564555,-0.01034467,80.0,-7.0,0.0,80.0,1.3962634,0.0,0.0,0.0,80.0,-7.0,0.0,80.0,1.3962634,0.0,0.0,0.0,25.39884422,-7.76963822,7.67321178,-11.64786412,-2.86052123,12.83763644,2.05409533,51.33434077,10.32701553,-1.86174717,0.3919309,-20.96175113,90.00000018,0.0,6.15658313,3.95598534,1.37650235
1760624612.273,-19.07492048,-0.22288942,7.50839064,0.19394442,1.09506105,-0.01884906,80.0,-7.0,0.0,80.0,1.3962634,0.0,0.0,0.0,80.0,-7.0,0.0,80.0,1.3962634,0.0,0.0,0.0,26.33060708,-7.64563743,7.79290172,-11.92580612,-4.11757319,13.69322136,1.91035316,50.71142241,9.18703535,-2.51668344,-0.84233489,-20.70587763,90.00000018,0.0,6.00598214,3.9351485,1.37286857
1760624612.307,-18.91629007,-0.06257483,7.49120688,0.19693445,1.09220697,-0.02746714,80.0,-7.0,0.0,80.0,1.3962634,0.0,0.0,0.0,80.0,-7.0,0.0,80.0,1.3962634,0.0,0.0,0.0,26.7794957,-7.14594837,8.21052553,-11.76271234,-5.34610939,13.77027841,1.82921693,50.35389727,8.61019955,-2.94452828,-1.41266528,-20.18469157,90.00000018,0.0,6.11502824,3.9404427,1.40470964
1760624612.34,-18.80782868,0.04720791,7.44008063,0.19798203,1.08932566,-0.03217595,80.0,-7.0,0.0,80.0,1.3962634,0.0,0.0,0.0,80.0,-7.0,0.0,80.0,1.3962634,0.0,0.0,0.0,26.03471114,-6.78171075,6.92279023,-10.11302758,-6.78627781,14.93752964,1.74122617,50.39397444,8.13405867,-3.35338921,-1.26733933,-19.61405738,90.00000018,0.0,4.70629315,3.95523256,1.44328728
1760624612.374,-18.87533903,0.0811401,7.55035259,0.20112719,1.08689182,-0.03631492,80.0,-7.0,0.0,80.0,1.3962634,0.0,0.0,0.0,80.0,-7.0,0.0,80.0,1.3962634,0.0,0.0,0.0,26.40490627,-6.56044196,6.94644599,-9.16496243,-7.80643755,14.56235143,1.66670508,50.73278476,7.54284626,-3.83196569,-1.40683828,-19.29025038,90.00000018,0.0,4.59496778,3.97731429,1.42021383
1760624612.407,-18.76041948,-0.15438944,7.62334095,0.20548626,1.08468795,-0.03810902,80.0,-7.0,0.0,80.0,1.3962634,0.0,0.0,0.0,80.0,-7.0,0.0,80.0,1.3962634,0.0,0.0,0.0,26.69965914,-6.22018904,6.92607453,-8.68868372,-8.40157023,14.02781122,1.76413946,51.28483151,7.07674503,-4.21616492,-1.83839968,-19.12387402,90.00000018,0.0,4.09043114,3.92953857,1.3516431
1760624612.44,-18.50319173,-0.55217115,7.50867462,0.21057356,1.08284044,-0.03934067,80.0,-7.0,0.0,80.0,1.3962634,0.0,0.0,0.0,80.0,-7.0,0.0,80.0,1.3962634,0.0,0.0,0.0,26.81368245,-5.66396681,6.7431058,-8.17096493,-9.0440555,13.88510787,1.97085886,51.91562921,6.59583343,-4.65925155,-2.53805808,-19.11488315,90.00000018,0.0,3.21861204,3.84685078,1.29001808
1760624612.474,-18.11835693,-0.91229749,7.3803474,0.2168636,1.08100938,-0.04033533,80.0,-7.0,0.0,80.0,1.3962634,0.0,0.0,0.0,80.0,-7.0,0.0,80.0,1.3962634,0.0,0.0,0.0,26.31505935,-5.09302928,6.89313603,-6.98743436,-9.92051753,14.0633486,2.21619304,52.71206195,5.50444786,-5.43030476,-3.01598483,-19.24150463,90.00000018,0.0,2.54794035,3.65548293,1.19618772
1760624612.507,-17.87316275,-0.98700185,7.57435521,0.22255638,1.08017322,-0.04185323,80.0,-7.0,0.0,80.0,1.3962634,0.0,0.0,0.0,80.0,-7.0,0.0,80.0,1.3962634,0.0,0.0,0.0,26.45870468,-4.88682049,6.57448857,-6.60891904,-10.6813554,14.5720933,2.36056267,53.66195129,4.26801317,-6.15939621,-4.06936957,-19.36583465,90.00000018,0.0,1.81441594,3.49814091,1.10708076
1760624612.541,-17.59727244,-1.07779263,8.18083278,0.22534235,1.07952056,-0.04275107,80.0,-7.0,0.0,80.0,1.3962634,0.0,0.0,0.0,80.0,-7.0,0.0,80.0,1.3962634,0.0,0.0,0.0,26.4014702,-4.99010968,6.6056998,-6.11312178,-11.23207587,14.35469486,2.4883141,54.67151278,2.87415505,-6.87980298,-4.5831644,-19.66723786,90.00000018,0.0,1.89274764,3.36254312,0.98774662
1760624612.574,-17.25473389,-1.38538192,9.64703915,0.23690361,1.07817002,-0.04420032,80.0,-7.0,0.0,80.0,1.3962634,0.0,0.0,0.0,80.0,-7.0,0.0,80.0,1.3962634,0.0,0.0,0.0,27.22722303,-5.19694219,6.09436826,-6.3869566,-12.02726977,13.71993962,2.84802262,56.41448226,0.61829711,-7.75675594,-6.01606253,-20.08057387,90.00000018,0.0,1.79729731,3.29473549,0.82285427
1760624612.608,-16.87241119,-1.68242008,11.22004827,0.2525879,1.07576882,-0.04419704,80.0,-7.0,0.0,80.0,1.3962634,0.0,0.0,0.0,80.0,-7.0,0.0,80.0,1.3962634,0.0,0.0,0.0,28.01430976,-5.49989911,5.39457781,-6.8300997,-12.73796802,13.00750078,3.1292996,58.18255482,-1.06448081,-8.27897509,-7.17877675,-20.48027799,90.00000018,0.08493366,1.52945186,3.33713087,0.75502422
1760624612.641,-16.5330817,-1.98736109,12.97996796,0.27074426,1.07221278,-0.04284003,80.0,-7.0,0.0,80.0,1.3962634,0.0,0.0,0.0,80.0,-7.0,0.0,80.0,1.3962634,0.0,0.0,0.0,28.09725312,-5.94477113,4.74605835,-6.33559938,-13.38239694,12.84549235,3.07829382,59.3997681,-2.5684242,-8.83518736,-7.17051796,-21.98362817,90.00000018,1.32294625,1.29062803,3.44875188,0.68326229
1760624612.674,-16.05695782,-2.39959509,15.56672968,0.27598018,1.06881535,-0.0444495,80.0,-7.0,0.0,80.0,1.3962634,0.0,0.0,0.0,80.0,-7.0,0.0,80.0,1.3962634,0.0,0.0,0.0,26.73689704,-6.28985607,1.60431961,-3.3206985,-14.73531785,15.88600688,2.32467401,60.23144093,-4.27939158,-9.61468877,-6.50943504,-22.82504222,88.60193234,2.50960269,0.0,3.61735492,0.70644671
1760624612.708,-15.87117508,-2.71132032,17.53258101,0.29517816,1.06529217,-0.03948963,80.0,-7.0,0.0,80.0,1.3962634,0.0,0.0,0.0,80.0,-7.0,0.0,80.0,1.3962634,0.0,0.0,0.0,27.68798157,-7.2010923,1.07229287,-3.01045207,-14.95260785,16.66061927,1.55899189,60.76402268,-5.36585878,-10.13667445,-6.96186024,-25.42342497,88.17886609,4.52893942,0.0,3.77858039,0.71156054
1760624612.741,-15.83065795,-3.09418832,19.49614486,0.31806526,1.06111902,-0.03489456,80.0,-7.0,0.0,80.0,1.3962634,0.0,0.0,0.0,80.0,-7.0,0.0,80.0,1.3962634,0.0,0.0,0.0,27.87368053,-8.17579708,-2.30468695,-0.92206255,-15.23040138,20.35100451,0.72479692,61.22103011,-6.36162267,-10.59895527,-19.66132886,-23.37871625,-26.65498108,12.9899737,106.35716372,4.02300856,1.17135691
1760624612.775,-16.25965734,-3.95668218,22.16216272,0.33950655,1.0564938,-0.02941121,80.0,-7.0,0.0,80.0,1.3962634,0.0,0.0,0.0,80.0,-7.0,0.0,80.0,1.3962634,0.0,0.0,0.0,29.15360291,-9.24146731,-4.24843219,0.59724455,-15.76778569,22.70678467,0.0,61.9985464,-7.7979005,-10.83442825,-23.80874677,-26.90600194,-11.39747835,15.6631423,87.38289568,4.1562103,1.1654661
1760624612.808,-16.21015978,-4.98285586,23.55761983,0.35984069,1.05558546,-0.02002241,80.0,-7.0,0.0,80.0,1.3962634,0.0,0.0,0.0,80.0,-7.0,0.0,80.0,1.3962634,0.0,0.0,0.0,31.15943298,-10.12505795,-3.7313236,-0.11024774,-15.6485069,23.18575969,0.0,62.56100832,-9.11170265,-10.5679617,-27.83336837,-31.75774641,0.88738645,18.10089389,72.97416711,4.07916582,0.94907949
1760624612.842,-15.44163253,-5.94347156,24.31877863,0.38025897,1.05605518,-0.0087533,80.0,-7.0,0.0,80.0,1.3962634,0.0,0.0,0.0,80.0,-7.0,0.0,80.0,1.3962634,0.0,0.0,0.0,32.16006199,-10.54246969,-3.63878621,-0.24166706,-15.44015795,24.70244083,0.0,63.04256452,-10.691231,-10.25999387,-32.63507042,-35.72571165,6.54662638,20.92382443,64.05234692,3.91680248,0.73184597
1760624612.875,-15.28587762,-6.84909566,26.32275926,0.39920717,1.05805197,-0.00085044,80.0,-7.0,0.0,80.0,1.3962634,0.0,0.0,0.0,80.0,-7.0,0.0,80.0,1.3962634,0.0,0.0,0.0,34.01717878,-11.91653683,-3.73465533,-0.22761675,-15.75260054,25.03697754,0.0,64.83558315,-12.88239653,-9.65379142,-36.74990729,-39.37008106,11.00781878,22.51848726,58.27582734,3.74541435,0.81773802
1760624612.909,-15.89879391,-7.49709052,28.73188039,0.41559522,1.06312152,0.00375338,80.0,-7.0,0.0,80.0,1.3962634,0.0,0.0,0.0,80.0,-7.0,0.0,80.0,1.3962634,0.0,0.0,0.0,37.78051199,-14.38125599,-4.31036027,-2.1050871,-15.61430999,25.03176252,0.0,66.4262588,-14.19071271,-9.0821384,-43.44238482,-42.2953827,10.55887729,24.63369344,56.83202177,3.78662098,1.05258116
1760624612.942,-16.46591863,-8.29247493,31.04617254,0.42887449,1.06365917,0.0069627,80.0,-7.0,0.0,80.0,1.3962634,0.0,0.0,0.0,80.0,-7.0,0.0,80.0,1.3962634,0.0,0.0,0.0,38.06428337,-15.91154697,-5.42838609,-0.63454707,-15.8508022,25.47234737,0.0,67.1177985,-15.11757227,-8.69072133,-44.04533012,-43.60868397,10.37446492,24.92711806,56.79128278,3.84233507,1.02654227
1760624612.976,-16.65215545,-9.34217603,32.84713809,0.44129385,1.06383139,0.01040252,80.0,-7.0,0.0,80.0,1.3962634,0.0,0.0,0.0,80.0,-7.0,0.0,80.0,1.3962634,0.0,0.0,0.0,38.68139744,-16.9781854,-5.76596558,0.59449255,-16.14932933,26.62676279,0.0,67.54732279,-16.03535383,-8.07812529,-46.19062349,-46.58317708,12.3732041,26.94919153,51.64123699,3.80144487,0.6210322
1760624613.009,-16.69559375,-9.7035405,33.10301671,0.45402301,1.06612662,0.01577509,80.0,-7.0,0.0,80.0,1.3962634,0.0,0.0,0.0,80.0,-7.0,0.0,80.0,1.3962634,0.0,0.0,0.0,38.90497034,-17.67499069,-4.37479429,1.55947874,-16.17510316,26.70058374,0.0,68.12600465,-16.58252387,-7.37717833,-47.67154169,-50.63406758,15.86537856,29.2465829,45.34148897,3.84983974,0.45625228
1760624613.043,-17.26227971,-9.59285539,33.07585903,0.45963739,1.06253676,0.01591699,80.0,-7.0,0.0,80.0,1.3962634,0.0,0.0,0.0,80.0,-7.0,0.0,80.0,1.3962634,0.0,0.0,0.0,38.08706045,-17.10270678,-1.41665333,4.24041566,-18.19968052,24.62164452,0.0,69.9532413,-16.93264327,-6.47043777,-47.46921823,-52.55418176,15.49375995,31.34273997,46.07160237,3.79065264,0.3125491
1760624613.076,-17.79820511,-9.18947267,33.10316668,0.47339943,1.05984486,0.02170408,80.0,-7.0,0.0,80.0,1.3962634,0.0,0.0,0.0,80.0,-7.0,0.0,80.0,1.3962634,0.0,0.0,0.0,38.16139656,-17.73181588,2.20571407,4.99433658,-19.08991688,21.06988371,0.0,71.70169065,-17.01577693,-5.87155006,-52.04070751,-54.36549657,9.01034372,34.30312595,50.83918364,3.59178663,0.09091253
1760624613.109,-18.31096036,-8.91163019,33.24818282,0.48387585,1.05749622,0.02734296,80.0,-7.0,0.0,80.0,1.3962634,0.0,0.0,0.0,80.0,-7.0,0.0,80.0,1.3962634,0.0,0.0,0.0,38.84465666,-18.63115427,3.08213037,5.71500535,-19.30336245,20.45582577,0.0,72.94745191,-17.15483102,-5.41308465,-57.09857923,-55.62027609,5.15851424,36.06973541,51.32535126,3.324924,-0.15983273
1760624613.143,-18.58240991,-8.90060304,33.74475601,0.4841831,1.06380493,0.02677574,80.0,-7.0,0.0,80.0,1.3962634,0.0,0.0,0.0,80.0,-7.0,0.0,80.0,1.3962634,0.0,0.0,0.0,42.76800122,-20.30764052,2.61275764,3.92890511,-18.20769128,22.25124223,0.0,73.86701208,-17.35724279,-4.78866009,-60.58663941,-55.12087605,5.99393065,33.16937345,49.74283548,2.80117707,-0.54618489
1760624613.176,-18.77022942,-9.13459834,34.23889601,0.49898047,1.05693919,0.03032043,80.0,-7.0,0.0,80.0,1.3962634,0.0,0.0,0.0,80.0,-7.0,0.0,80.0,1.3962634,0.0,0.0,0.0,40.70056262,-19.90350104,6.38318799,5.4397478,-19.9128945,17.88247279,0.0,74.12316133,-17.39431476,-4.43244115,-63.85320704,-59.14424903,1.45406612,37.11783165,51.87653919,2.50140831,-0.94490401
1760624613.21,-18.86649214,-9.48417512,34.60465912,0.50540101,1.05373403,0.03202811,80.0,-7.0,0.0,80.0,1.3962634,0.0,0.0,0.0,80.0,-7.0,0.0,80.0,1.3962634,0.0,0.0,0.0,39.52630507,-19.55809838,6.89380643,6.90767952,-20.95691678,17.33516663,0.0,74.01344235,-17.45923381,-4.11576333,-65.75262208,-60.6076497,-0.23193125,38.71101681,51.26743135,2.26193511,-1.20241646
1760624613.243,-18.9533754,-9.75420755,34.90245576,0.51685976,1.04653765,0.03493085,80.0,-7.0,0.0,80.0,1.3962634,0.0,0.0,0.0,80.0,-7.0,0.0,80.0,1.3962634,0.0,0.0,0.0,39.228019,-19.3912987,6.32816853,7.99410768,-21.68643696,17.95635285,0.0,74.17734562,-17.69831173,-3.77776022,-66.97687759,-60.80860321,-0.56294393,38.89654117,49.86377166,2.08376053,-1.41741169
1760624613.277,-19.02456874,-9.81140001,35.30193791,0.52591496,1.03985727,0.03837866,80.0,-7.0,0.0,80.0,1.3962634,0.0,0.0,0.0,80.0,-7.0,0.0,80.0,1.3962634,0.0,0.0,0.0,39.02619306,-19.03446171,5.50204211,8.68535622,-22.72954757,17.89233063,0.0,75.13702766,-17.99152273,-3.46649642,-68.80563316,-61.46103225,-0.3075086,40.00166479,47.43454513,1.9963227,-1.52926085
1760624613.31,-19.07555137,-9.84326216,35.96608442,0.5328709,1.03681688,0.04055735,80.0,-7.0,0.0,80.0,1.3962634,0.0,0.0,0.0,80.0,-7.0,0.0,80.0,1.3962634,0.0,0.0,0.0,37.9546471,-19.41493425,5.39311597,9.7860525,-23.37171743,16.36346314,0.0,76.21980618,-18.37329421,-3.18515854,-67.1292938,-62.58783947,1.60299591,39.63344115,45.89635878,1.88867676,-1.67397055
1760624613.344,-19.11616126,-10.00407881,37.00765443,0.53957548,1.03309918,0.0412636,80.0,-7.0,0.0,80.0,1.3962634,0.0,0.0,0.0,80.0,-7.0,0.0,80.0,1.3962634,0.0,0.0,0.0,37.28694538,-19.94688698,4.78016664,10.59682731,-23.97071924,15.58719861,0.0,77.46373087,-18.97797528,-2.58441493,-66.67081217,-63.13390612,2.29497178,39.05239612,44.62323894,1.73480686,-1.92077681
1760624613.411,-19.23875501,-10.29452757,38.06601553,0.56200046,1.02157531,0.04650943,80.0,-7.0,0.0,80.0,1.3962634,0.0,0.0,0.0,80.0,-7.0,0.0,80.0,1.3962634,0.0,0.0,0.0,35.73521497,-18.76089393,0.57682751,14.01317325,-26.22809568,19.8741546,0.0,79.2008681,-18.41323427,-0.99339789,-62.21749942,-62.35567979,9.81023845,37.86450876,37.70470063,1.57582074,-2.25018976
1760624613.444,-19.3128197,-10.413795,38.97157924,0.5689067,1.01772871,0.04919604,80.0,-7.0,0.0,80.0,1.3962634,0.0,0.0,0.0,80.0,-7.0,0.0,80.0,1.3962634,0.0,0.0,0.0,34.63217208,-18.24170225,-3.56330655,17.14813841,-27.04847906,23.52201481,0.0,81.07678939,-17.14243184,-0.06825597,-60.64524481,-60.61324781,13.03345654,37.1965776,33.51078611,1.47769419,-2.43196182
1760624613.478,-19.40674258,-10.53786847,39.72118485,0.57334767,1.01713622,0.04939378,80.0,-7.0,0.0,80.0,1.3962634,0.0,0.0,0.0,80.0,-7.0,0.0,80.0,1.3962634,0.0,0.0,0.0,33.8769027,-19.09842985,-2.90760767,17.72176247,-27.49301002,21.62893737,0.0,83.1983418,-16.33729036,0.85067347,-62.56543952,-61.9712056,10.25419436,37.92404588,34.07325263,1.42472953,-2.57380448
1760624613.511,-19.51396026,-10.64555192,40.48545029,0.5774165,1.01683473,0.04990091,80.0,-7.0,0.0,80.0,1.3962634,0.0,0.0,0.0,80.0,-7.0,0.0,80.0,1.3962634,0.0,0.0,0.0,33.26458808,-19.57662205,-1.91685636,17.98008547,-28.49725535,19.95820159,0.0,85.1058613,-15.38403526,2.02850533,-62.49240136,-63.26632601,9.71319762,38.04016852,34.42832544,1.37835007,-2.69559779
1760624613.544,-19.6946592,-10.81793186,41.49308135,0.5811107,1.01499852,0.0535974,80.0,-7.0,0.0,80.0,1.3962634,0.0,0.0,0.0,80.0,-7.0,0.0,80.0,1.3962634,0.0,0.0,0.0,31.74264024,-19.76393531,-3.4873806,20.23330515,-29.21460361,21.27201447,0.0,86.11821337,-13.81516581,3.28375971,-62.01957188,-63.05104268,9.43920302,37.94099502,33.32803223,1.2797708,-2.94264716
1760624613.578,-19.87406842,-11.0111255,42.1983861,0.58073387,1.01674295,0.05882702,80.0,-7.0,0.0,80.0,1.3962634,0.0,0.0,0.0,80.0,-7.0,0.0,80.0,1.3962634,0.0,0.0,0.0,31.12345006,-20.03226409,-5.2654605,21.8622509,-29.19750724,22.83187458,0.0,86.59877059,-12.52493986,4.09977835,-60.01963558,-62.4163849,11.82881034,36.69948775,31.332138,1.23318274,-3.08259124
1760624613.645,-20.45372701,-11.54143229,43.86370102,0.59334438,1.01475815,0.06306597,80.0,-7.0,0.0,80.0,1.3962634,0.0,0.0,0.0,80.0,-7.0,0.0,80.0,1.3962634,0.0,0.0,0.0,31.37655398,-20.41143849,-5.53585002,22.13971522,-30.49715339,22.30578447,0.0,88.39498947,-9.75182474,6.17730609,-58.28650501,-64.45304942,16.60005188,36.62513085,27.63063823,1.13148902,-3.2753454
1760624613.678,-20.69970919,-11.79050083,44.55549878,0.59600548,1.01186232,0.06644279,80.0,-7.0,0.0,80.0,1.3962634,0.0,0.0,0.0,80.0,-7.0,0.0,80.0,1.3962634,0.0,0.0,0.0,30.34278569,-19.18033661,-8.81022556,25.04268776,-30.96281362,25.56871703,0.0,88.97535856,-8.59162109,6.78832467,-51.39623593,-62.5637593,25.34980576,34.7259004,23.10911898,1.04068758,-3.33008727
1760624613.712,-20.98748136,-12.02622771,45.05476835,0.60307905,1.01109799,0.06782475,80.0,-7.0,0.0,80.0,1.3962634,0.0,0.0,0.0,80.0,-7.0,0.0,80.0,1.3962634,0.0,0.0,0.0,30.88779852,-19.33111312,-7.9420355,24.24441015,-31.54290812,24.97735413,0.0,89.3769423,-7.59628543,7.47525469,-54.90061591,-63.67619085,21.58015705,36.35342157,24.51239449,1.00512792,-3.45850914
1760624613.745,-21.39633505,-12.33519161,45.57584054,0.60927419,1.01082892,0.06833209,80.0,-7.0,0.0,80.0,1.3962634,0.0,0.0,0.0,80.0,-7.0,0.0,80.0,1.3962634,0.0,0.0,0.0,32.31123821,-19.64762074,-6.38058014,22.34675605,-32.25519717,24.46728472,0.0,89.43340104,-6.97902176,8.14781394,-59.25698837,-65.3067415,18.05209183,38.18114132,25.46789023,0.96186598,-3.6057207
1760624613.778,-21.72320608,-12.55737409,45.89832106,0.61423049,1.01768996,0.07173094,80.0,-7.0,0.0,80.0,1.3962634,0.0,0.0,0.0,80.0,-7.0,0.0,80.0,1.3962634,0.0,0.0,0.0,32.5190375,-20.36937844,-4.04467446,21.05806201,-33.01829913,21.92147032,0.0,89.64809994,-6.87043849,8.23834954,-57.72498946,-65.70495659,17.46646575,37.06590651,28.2966729,0.91235505,-3.70337935
1760624613.812,-22.00604007,-12.74896426,46.12379303,0.6195231,1.01884375,0.0765844,80.0,-7.0,0.0,80.0,1.3962634,0.0,0.0,0.0,80.0,-7.0,0.0,80.0,1.3962634,0.0,0.0,0.0,31.51189766,-20.22074603,-3.77851508,21.9159115,-33.64805339,21.205881,0.0,90.14003423,-6.88184175,8.25709463,-54.05758511,-66.65618533,21.10150263,36.76452237,26.94210864,0.85193314,-3.79033669
1760624613.845,-22.32755518,-13.02662049,46.34558489,0.62624311,1.01874035,0.08270082,80.0,-7.0,0.0,80.0,1.3962634,0.0,0.0,0.0,80.0,-7.0,0.0,80.0,1.3962634,0.0,0.0,0.0,30.64821684,-19.95695111,-5.75607319,23.95093421,-33.48703064,23.10149411,0.0,90.92757996,-7.08972479,8.30462347,-44.94135521,-66.28279684,33.54456098,34.38096032,20.71747355,0.70068577,-3.87182335
1760624613.879,-22.49344342,-13.23108047,46.47878881,0.62699779,1.01862182,0.08306197,80.0,-7.0,0.0,80.0,1.3962634,0.0,0.0,0.0,80.0,-7.0,0.0,80.0,1.3962634,0.0,0.0,0.0,31.48145308,-20.41856187,-6.01355543,23.25700703,-32.96378254,23.65922619,0.0,91.19531731,-7.21032077,8.26581379,-49.95720751,-66.71122091,28.73755852,35.42777157,21.67117066,0.62458194,-3.93993268
1760624613.912,-22.64954719,-13.33712876,46.59324066,0.62789954,1.02087174,0.08385056,80.0,-7.0,0.0,80.0,1.3962634,0.0,0.0,0.0,80.0,-7.0,0.0,80.0,1.3962634,0.0,0.0,0.0,31.66304043,-20.74971078,-5.55077286,22.81523361,-32.98119638,23.58746506,0.0,91.08939507,-7.42348814,7.90632475,-50.28874024,-67.58070682,28.84831593,35.69530925,21.58218842,0.57835971,-3.96941233
1760624613.946,-22.88452006,-13.41326703,46.66641113,0.63216677,1.02579733,0.08809958,80.0,-7.0,0.0,80.0,1.3962634,0.0,0.0,0.0,80.0,-7.0,0.0,80.0,1.3962634,0.0,0.0,0.0,32.66769648,-21.46948022,-5.66185514,21.93330357,-32.57989678,24.45806453,0.0,91.52803217,-7.58100998,7.92271149,-51.62348008,-67.87886819,28.9413955,35.49121886,20.82567785,0.53652038,-4.04356172
1760624613.979,-23.12592849,-13.44946043,46.52080371,0.64103918,1.02800411,0.08728934,80.0,-7.0,0.0,80.0,1.3962634,0.0,0.0,0.0,80.0,-7.0,0.0,80.0,1.3962634,0.0,0.0,0.0,33.21264938,-22.10505746,-5.47107869,21.36975047,-32.16388779,24.7195191,0.0,92.47025836,-7.62915387,8.32553805,-54.96708347,-67.93957055,24.97720143,35.8371541,21.96023298,0.5400016,-4.08687982
1760624614.013,-23.35986416,-13.46134856,46.25837051,0.64461308,1.0265433,0.08760056,80.0,-7.0,0.0,80.0,1.3962634,0.0,0.0,0.0,80.0,-7.0,0.0,80.0,1.3962634,0.0,0.0,0.0,33.47099041,-22.0738058,-4.90029437,21.02375464,-32.39178798,24.77024183,0.0,92.78173449,-8.40322457,8.26539634,-54.90539097,-68.2202704,24.84549579,36.04185495,22.24318474,0.56749369,-4.09397922
1760624614.046,-23.48112716,-13.44596373,46.0448654,0.64987051,1.0255432,0.08716435,80.0,-7.0,0.0,80.0,1.3962634,0.0,0.0,0.0,80.0,-7.0,0.0,80.0,1.3962634,0.0,0.0,0.0,32.93818554,-21.7622617,-4.29360634,21.31414548,-32.83017385,23.99359348,0.0,92.19478429,-9.15410096,7.84835837,-53.40824933,-68.17566779,24.93828099,35.99529519,23.43729844,0.57932093,-4.06295041
1760624614.08,-23.56576371,-13.41386943,45.75174936,0.65288349,1.02679906,0.08731786,80.0,-7.0,0.0,80.0,1.3962634,0.0,0.0,0.0,80.0,-7.0,0.0,80.0,1.3962634,0.0,0.0,0.0,31.73393494,-21.53317809,-3.76109824,22.06890243,-33.16681411,22.94950575,0.0,91.21969254,-10.41056708,7.15969654,-37.56752087,-68.87419355,44.54623304,33.16145314,16.87870441,0.52384341,-4.00516754
1760624614.113,-23.70886197,-13.38776664,45.15402144,0.65200508,1.02482432,0.08660209,80.0,-7.0,0.0,80.0,1.3962634,0.0,0.0,0.0,80.0,-7.0,0.0,80.0,1.3962634,0.0,0.0,0.0,32.05471822,-21.55336552,-2.77748323,20.70205717,-33.31342329,22.01982267,0.0,89.23747077,-13.70718832,7.15356418,-43.94378536,-67.79698311,33.43276151,33.38598091,23.10849182,0.57860779,-4.03504003
1760624614.146,-23.81199915,-13.35265673,44.61577429,0.65070913,1.02408213,0.08604542,80.0,-7.0,0.0,80.0,1.3962634,0.0,0.0,0.0,80.0,-7.0,0.0,80.0,1.3962634,0.0,0.0,0.0,32.27840131,-21.7456489,-1.45657894,19.08905304,-33.72643704,19.83468213,0.0,88.47600347,-16.51542069,8.51374763,-55.89556617,-67.5072847,16.05546707,36.23598961,30.49753052,0.66227548,-4.13868834
1760624614.18,-23.84466254,-13.26665233,44.24833273,0.65273459,1.02364833,0.08522901,80.0,-7.0,0.0,80.0,1.3962634,0.0,0.0,0.0,80.0,-7.0,0.0,80.0,1.3962634,0.0,0.0,0.0,31.14232303,-21.2957944,-0.27711023,18.45327847,-34.97384925,16.11504482,0.0,88.4843444,-17.70164384,9.57578884,-54.54023152,-68.1393614,15.48172841,36.90560304,31.73980677,0.68518209,-4.19340123
1760624614.213,-23.81109779,-13.20018913,44.10130088,0.65385362,1.02433398,0.08343056,80.0,-7.0,0.0,80.0,1.3962634,0.0,0.0,0.0,80.0,-7.0,0.0,80.0,1.3962634,0.0,0.0,0.0,30.37521731,-21.52372881,0.59615626,16.70431973,-35.50801917,10.66639309,0.0,89.15945611,-17.37705874,11.03354683,-50.83431931,-69.50079488,19.27944051,36.53939128,31.00291513,0.65005018,-4.24480952
1760624614.247,-23.75395117,-13.21153172,44.13052941,0.65763275,1.02433002,0.08390669,80.0,-7.0,0.0,80.0,1.3962634,0.0,0.0,0.0,80.0,-7.0,0.0,80.0,1.3962634,0.0,0.0,0.0,29.58327256,-20.9277389,-0.65271722,16.66480022,-36.02138474,9.52645507,0.0,89.26468475,-15.99027666,12.4843926,-28.94643766,-68.0291693,48.16765462,31.06640819,20.78693392,0.47992192,-4.13992565
1760624614.28,-23.71424464,-13.26803439,44.1030606,0.65958638,1.02382782,0.08250543,80.0,-7.0,0.0,80.0,1.3962634,0.0,0.0,0.0,80.0,-7.0,0.0,80.0,1.3962634,0.0,0.0,0.0,29.41039072,-21.13285289,-0.30201989,15.03995231,-36.08270945,7.84546318,0.0,88.1000648,-14.34342427,13.75458679,-30.78013226,-68.26881624,44.62543095,31.20473463,23.12200413,0.44237235,-4.16729256
1760624614.314,-23.72003445,-13.26681377,43.99236962,0.66187927,1.02384181,0.08354669,80.0,-7.0,0.0,80.0,1.3962634,0.0,0.0,0.0,80.0,-7.0,0.0,80.0,1.3962634,0.0,0.0,0.0,28.53405178,-20.85892241,-1.029041,14.36697217,-36.34129463,7.92632833,0.0,85.47577349,-13.18297889,14.86452278,-11.59511131,-65.41946266,74.47405286,26.88298021,8.84626788,0.33896522,-4.12573031
1760624614.347,-23.77371065,-13.24017003,43.80215824,0.66219953,1.02236923,0.08336141,80.0,-7.0,0.0,80.0,1.3962634,0.0,0.0,0.0,80.0,-7.0,0.0,80.0,1.3962634,0.0,0.0,0.0,28.44120408,-21.09888835,-0.82062241,13.21475311,-36.28961204,6.61078446,0.0,85.00741588,-12.04113109,15.89023667,-13.68229603,-65.88924074,70.04993833,27.07790881,11.57358557,0.34676328,-4.15598801
1760624614.381,-23.80856567,-13.20052719,43.55764573,0.65942728,1.02164215,0.08198484,80.0,-7.0,0.0,80.0,1.3962634,0.0,0.0,0.0,80.0,-7.0,0.0,80.0,1.3962634,0.0,0.0,0.0,28.5331874,-21.25399935,-0.79066534,12.37892424,-36.20545867,5.12116931,0.0,85.57900791,-10.59838445,16.74283533,-20.47244482,-66.45800687,58.24907036,27.97894763,17.69815534,0.37033452,-4.17664651
1760624614.414,-23.85576646,-13.13561613,43.21231997,0.65904936,1.02213339,0.08033851,80.0,-7.0,0.0,80.0,1.3962634,0.0,0.0,0.0,80.0,-7.0,0.0,80.0,1.3962634,0.0,0.0,0.0,28.72266611,-21.18358199,0.11771697,11.09968221,-36.37529932,3.10158827,0.0,85.88367758,-8.40086892,17.54092999,-19.894879,-66.51222634,58.07169068,28.00320375,18.93359166,0.41190098,-4.11800839
1760624614.447,-23.8741152,-13.07552296,43.01984327,0.65897714,1.02457239,0.08046811,80.0,-7.0,0.0,80.0,1.3962634,0.0,0.0,0.0,80.0,-7.0,0.0,80.0,1.3962634,0.0,0.0,0.0,28.75597398,-21.32369726,0.12621259,10.76169582,-36.24885243,3.22679213,0.0,86.02391317,-7.35698868,17.73897092,-19.63292303,-65.99835703,58.11454245,27.37618707,19.19050698,0.43296389,-4.0669714
1760624614.481,-23.87150971,-13.03220813,42.87688267,0.65759726,1.02610386,0.08025845,80.0,-7.0,0.0,80.0,1.3962634,0.0,0.0,0.0,80.0,-7.0,0.0,80.0,1.3962634,0.0,0.0,0.0,29.41652195,-21.56137805,-0.18002418,10.11669074,-36.00601036,4.58694575,0.0,86.50873864,-7.20236292,17.78856798,-20.57548719,-65.61227376,58.09317739,26.86195561,18.71150488,0.44229111,-4.04476828
1760624614.514,-23.84214722,-13.00570044,42.72563294,0.65794411,1.02680513,0.07951493,80.0,-7.0,0.0,80.0,1.3962634,0.0,0.0,0.0,80.0,-7.0,0.0,80.0,1.3962634,0.0,0.0,0.0,29.49055531,-21.68672447,0.44168637,9.5473354,-36.15875029,4.838929,0.0,87.32933995,-7.01122557,17.82577057,-21.78618473,-65.43733074,54.64685601,26.68706014,21.62102395,0.48864097,-3.97200974
1760624614.549,-23.83052193,-13.00133264,42.64144145,0.6573203,1.0305231,0.07985311,80.0,-7.0,0.0,80.0,1.3962634,0.0,0.0,0.0,80.0,-7.0,0.0,80.0,1.3962634,0.0,0.0,0.0,29.40352487,-22.20684685,1.16014714,9.17031344,-35.97719374,4.22497939,0.0,87.86804331,-6.6384362,17.90279877,-20.9227588,-65.78029652,54.61782925,26.39621321,22.66525883,0.52976187,-3.93469176
1760624614.581,-23.81145967,-12.99130078,42.57076899,0.65627252,1.02969372,0.08047217,80.0,-7.0,0.0,80.0,1.3962634,0.0,0.0,0.0,80.0,-7.0,0.0,80.0,1.3962634,0.0,0.0,0.0,29.13993847,-21.91178275,0.83332798,9.70679215,-36.29455436,4.51226805,0.0,88.61509591,-6.04381247,17.94734414,-20.14999529,-64.90146152,54.94695996,25.87028371,22.71751883,0.58758855,-3.87071885
1760624614.615,-23.79957594,-12.9853595,42.43138038,0.65464555,1.02894614,0.07966663,80.0,-7.0,0.0,80.0,1.3962634,0.0,0.0,0.0,80.0,-7.0,0.0,80.0,1.3962634,0.0,0.0,0.0,29.32726231,-21.65578391,1.55273451,9.35620229,-36.55154752,3.80970989,0.0,88.52675867,-5.12535902,17.95642566,-19.70487442,-65.41992542,55.07571478,26.55772294,23.30017606,0.67774096,-3.82425414
1760624614.648,-23.82579457,-12.98923682,42.322758,0.65405299,1.02403255,0.07865282,80.0,-7.0,0.0,80.0,1.3962634,0.0,0.0,0.0,80.0,-7.0,0.0,80.0,1.3962634,0.0,0.0,0.0,29.48387411,-21.03986488,2.34542718,8.83514058,-37.03624515,3.37543248,0.0,87.47931329,-5.53544599,17.16800107,-19.76672033,-66.32483382,54.73582636,27.98252767,23.91722096,0.73283278,-3.87428018
1760624614.682,-23.83158211,-12.98116939,42.25821669,0.65437969,1.0233622,0.07879284,80.0,-7.0,0.0,80.0,1.3962634,0.0,0.0,0.0,80.0,-7.0,0.0,80.0,1.3962634,0.0,0.0,0.0,29.85932147,-21.05825108,2.59587817,8.43748806,-37.09719681,3.07987124,0.0,87.28636445,-6.52033108,15.53444236,-26.75943941,-66.99929832,44.04755498,29.65775362,28.77574014,0.78053611,-3.92056729
1760624614.715,-23.8194124,-12.99803348,42.22431706,0.65497259,1.02336947,0.07641475,80.0,-7.0,0.0,80.0,1.3962634,0.0,0.0,0.0,80.0,-7.0,0.0,80.0,1.3962634,0.0,0.0,0.0,30.49594909,-21.00773795,2.73043128,7.72516745,-37.39203159,3.31956741,0.0,88.17348114,-9.06879741,12.74241843,-27.22690547,-66.87132943,44.1588975,29.52370185,28.50488386,0.7968424,-3.93706702
1760624614.749,-23.77978668,-13.03918149,42.2562485,0.65438922,1.0228134,0.07393405,80.0,-7.0,0.0,80.0,1.3962634,0.0,0.0,0.0,80.0,-7.0,0.0,80.0,1.3962634,0.0,0.0,0.0,30.92205683,-21.07841366,3.03324672,6.92735156,-37.61039778,3.76169045,0.0,89.55596805,-11.45082641,9.69867026,-27.71351455,-67.12990513,44.05373125,29.64974884,28.52332759,0.78723245,-3.9588644
1760624614.782,-23.68505855,-13.07513295,42.29072397,0.65259225,1.02315321,0.0721725,80.0,-7.0,0.0,80.0,1.3962634,0.0,0.0,0.0,80.0,-7.0,0.0,80.0,1.3962634,0.0,0.0,0.0,30.7176848,-21.06524212,3.58961547,6.38913012,-38.01507465,4.05207258,0.0,91.05212073,-14.2068715,5.66694169,-26.97578036,-67.04451891,43.99463948,29.43065394,29.5587493,0.75429636,-3.93597008
1760624614.815,-23.53778245,-13.08221299,42.26609391,0.65020949,1.01841315,0.07242259,80.0,-7.0,0.0,80.0,1.3962634,0.0,0.0,0.0,80.0,-7.0,0.0,80.0,1.3962634,0.0,0.0,0.0,29.55264227,-19.61809495,2.01508587,7.85707151,-39.35789595,7.71958648,0.0,92.11008431,-19.19773884,-0.53449394,-15.6870714,-64.48636255,62.15514145,26.93265718,19.95141326,0.64781666,-3.86900627
1760624614.849,-23.46811525,-13.05278622,42.19946453,0.64903904,1.02067226,0.07204882,80.0,-7.0,0.0,80.0,1.3962634,0.0,0.0,0.0,80.0,-7.0,0.0,80.0,1.3962634,0.0,0.0,0.0,29.68644967,-19.88230861,2.31323896,7.15045648,-39.40517417,8.34605219,0.0,94.23093556,-22.5539825,-3.45661518,-15.82575181,-64.65911851,62.24022855,26.7427229,20.022613,0.60728921,-3.87092809
1760624614.882,-23.40032528,-13.023422,42.12332084,0.64557039,1.01427076,0.06949901,80.0,-7.0,0.0,80.0,1.3962634,0.0,0.0,0.0,80.0,-7.0,0.0,80.0,1.3962634,0.0,0.0,0.0,29.25639042,-18.9272705,2.44000551,7.01642613,-40.42361961,8.33030811,0.0,97.69986359,-25.26472589,-4.47743187,-15.72307294,-65.19665423,62.09535146,28.18882111,20.14543997,0.58897986,-3.87747956
1760624614.916,-23.32275196,-12.9873838,41.95427457,0.64208554,1.00633945,0.06665139,80.0,-7.0,0.0,80.0,1.3962634,0.0,0.0,0.0,80.0,-7.0,0.0,80.0,1.3962634,0.0,0.0,0.0,29.41906237,-17.73495238,1.94757138,6.95312446,-41.13889064,9.48470226,0.0,100.44717766,-28.09523942,-5.46449753,-16.55220003,-64.80420614,62.03767404,29.09619032,19.44874241,0.57424386,-3.87398768
1760624614.949,-23.25880926,-12.94928983,41.80471581,0.6404329,1.00269989,0.06510408,80.0,-7.0,0.0,80.0,1.3962634,0.0,0.0,0.0,80.0,-7.0,0.0,80.0,1.3962634,0.0,0.0,0.0,29.54761125,-17.2171901,1.19784975,7.23843899,-41.25193874,10.68480767,0.0,102.52436986,-29.54536358,-5.19254139,-20.34920817,-64.56160082,56.86178656,29.88310693,21.22091849,0.59534896,-3.81395403
1760624614.983,-23.19621814,-12.89874542,41.61334471,0.63778258,1.00265386,0.06446348,80.0,-7.0,0.0,80.0,1.3962634,0.0,0.0,0.0,80.0,-7.0,0.0,80.0,1.3962634,0.0,0.0,0.0,30.43003048,-17.07091442,1.13128131,6.44952701,-41.11171496,10.67069774,0.0,104.27449356,-30.54124692,-5.16293334,-35.66549715,-66.13416564,36.20500536,34.23497213,29.52759457,0.69182609,-3.81957961
1760624615.016,-23.14478394,-12.85860165,41.47267233,0.63472274,1.00137259,0.06328246,80.0,-7.0,0.0,80.0,1.3962634,0.0,0.0,0.0,80.0,-7.0,0.0,80.0,1.3962634,0.0,0.0,0.0,31.15092848,-16.29684058,0.37466901,6.36752101,-41.41836218,12.12829542,0.0,104.43450896,-30.91121976,-4.92406712,-36.77196664,-65.51596858,36.45275719,34.62741366,28.57122053,0.71655084,-3.79355069
1760624615.049,-23.09832793,-12.82037165,41.36175801,0.63367585,1.00101454,0.06216943,80.0,-7.0,0.0,80.0,1.3962634,0.0,0.0,0.0,80.0,-7.0,0.0,80.0,1.3962634,0.0,0.0,0.0,31.41693472,-16.19357027,0.22288514,5.99692001,-41.22475471,12.65642653,0.0,103.78458352,-30.98705175,-4.47733499,-36.94043982,-65.21356047,36.50781099,34.49345176,28.39563975,0.76774189,-3.74315588
1760624615.083,-23.06214595,-12.80743893,41.28299827,0.63192484,1.00409024,0.06083991,80.0,-7.0,0.0,80.0,1.3962634,0.0,0.0,0.0,80.0,-7.0,0.0,80.0,1.3962634,0.0,0.0,0.0,31.73114816,-16.29607595,0.16626687,5.14633814,-40.6105435,12.3688856,0.0,100.53055869,-30.16377296,-3.40806337,-36.97157398,-64.90672717,36.495342,34.16036961,28.30710777,0.83992012,-3.70334143
1760624615.117,-23.00376887,-12.78847427,41.26222237,0.63107851,1.00616197,0.06161999,80.0,-7.0,0.0,80.0,1.3962634,0.0,0.0,0.0,80.0,-7.0,0.0,80.0,1.3962634,0.0,0.0,0.0,31.64687964,-16.27594494,0.21074096,4.78614498,-40.08735115,11.16016395,0.0,96.36170353,-28.3534347,-2.62827714,-36.68719071,-64.81091586,36.46499972,34.08378502,28.43050921,0.88185082,-3.69549376
1760624615.15,-22.94029619,-12.799585,41.27147523,0.62942221,1.00741529,0.06168227,80.0,-7.0,0.0,80.0,1.3962634,0.0,0.0,0.0,80.0,-7.0,0.0,80.0,1.3962634,0.0,0.0,0.0,31.5192615,-16.31052008,0.73102989,4.3727335,-39.71025641,8.16384615,0.0,93.10575192,-26.34511897,-1.59742052,-36.73341153,-65.52525324,36.14943832,34.56863351,28.79821041,0.91939,-3.70562692
1760624615.184,-22.90966885,-12.82606985,41.29990304,0.62825937,1.00956706,0.06194629,80.0,-7.0,0.0,80.0,1.3962634,0.0,0.0,0.0,80.0,-7.0,0.0,80.0,1.3962634,0.0,0.0,0.0,32.15953566,-17.12098932,2.02672205,3.01086355,-39.25309944,2.48149059,0.0,92.07983383,-23.12811324,0.43240454,-46.71630437,-67.27527294,23.72116391,37.38868525,33.47546853,0.9538125,-3.8212447
1760624615.217,-22.91987394,-12.80166611,41.26668175,0.62763883,1.00776889,0.06101649,80.0,-7.0,0.0,80.0,1.3962634,0.0,0.0,0.0,80.0,-7.0,0.0,80.0,1.3962634,0.0,0.0,0.0,32.7659764,-16.79449918,1.72483749,3.0351132,-39.91667529,0.97431762,0.0,91.88529794,-20.31155398,1.90967329,-50.9690113,-66.68847557,19.18868122,38.16792957,34.81990857,0.91702297,-3.95682237
1760624615.284,-23.12248117,-12.6376403,41.08289009,0.62863235,1.00719589,0.06151898,80.0,-7.0,0.0,80.0,1.3962634,0.0,0.0,0.0,80.0,-7.0,0.0,80.0,1.3962634,0.0,0.0,0.0,34.55997631,-16.05660209,1.5678898,2.54145342,-41.36903882,3.4418503,0.0,88.70515349,-14.18805812,5.03501701,-52.76179155,-66.12497594,19.89435674,37.84926835,33.63835437,0.82063545,-4.23066396
1760624615.317,-23.26672426,-12.58903534,41.11885043,0.63377397,1.0111908,0.06358445,80.0,-7.0,0.0,80.0,1.3962634,0.0,0.0,0.0,80.0,-7.0,0.0,80.0,1.3962634,0.0,0.0,0.0,34.37240143,-16.96508703,2.08023036,2.53877213,-41.03650118,3.76717054,0.0,87.85463259,-11.92417238,6.26333184,-52.4954432,-66.70186708,19.6561381,37.17476706,33.6958395,0.79493189,-4.30511219
1760624615.351,-23.34801235,-12.59900571,41.27355075,0.63869148,1.01693275,0.06716334,80.0,-7.0,0.0,80.0,1.3962634,0.0,0.0,0.0,80.0,-7.0,0.0,80.0,1.3962634,0.0,0.0,0.0,33.82058697,-17.31995331,3.07860506,2.3311656,-41.4213668,2.23617484,0.0,88.119301,-9.92153252,7.33359703,-42.564282,-68.02419318,31.85887155,34.93871473,29.72271964,0.74568508,-4.33631022
1760624615.384,-23.40684963,-12.63500327,41.56939517,0.64404682,1.02739419,0.07063445,80.0,-7.0,0.0,80.0,1.3962634,0.0,0.0,0.0,80.0,-7.0,0.0,80.0,1.3962634,0.0,0.0,0.0,32.90926719,-18.99956697,5.17521414,1.39968201,-40.78227938,-1.92808065,0.0,89.71759589,-7.24767359,8.73888026,-34.66322213,-69.53716885,39.39348941,32.8453391,28.9994925,0.73490425,-4.35305387
1760624615.418,-23.43728542,-12.68506525,41.83020638,0.64737412,1.03461602,0.07286208,80.0,-7.0,0.0,80.0,1.3962634,0.0,0.0,0.0,80.0,-7.0,0.0,80.0,1.3962634,0.0,0.0,0.0,31.83230727,-20.17698432,5.67495983,1.77819755,-40.15915002,-3.79208191,0.0,90.64858513,-5.73209381,9.63277704,-20.09116128,-68.60189517,57.46887038,28.87164318,23.03150472,0.7219913,-4.30317857
1760624615.451,-23.45006491,-12.74617125,42.07282401,0.64641415,1.03447715,0.07209619,80.0,-7.0,0.0,80.0,1.3962634,0.0,0.0,0.0,80.0,-7.0,0.0,80.0,1.3962634,0.0,0.0,0.0,31.60155657,-20.71949991,5.91422114,1.55813305,-39.68028798,-4.54410249,0.0,91.43604421,-4.34959308,10.60248308,-19.67783217,-68.9739694,57.16163782,28.71882723,23.56762024,0.73578837,-4.34651971
1760624615.484,-23.50510927,-12.8381193,42.40415819,0.65210276,1.03539921,0.07044346,80.0,-7.0,0.0,80.0,1.3962634,0.0,0.0,0.0,80.0,-7.0,0.0,80.0,1.3962634,0.0,0.0,0.0,32.2893314,-21.71353114,6.31623997,0.65256551,-38.88025126,-4.53383918,0.0,91.91968274,-2.40555919,11.64856251,-19.90533304,-69.59282635,57.17966059,28.33313418,23.71620106,0.8014524,-4.33351094
1760624615.518,-23.5358767,-12.91009508,42.67054016,0.65557658,1.03951583,0.0710058,80.0,-7.0,0.0,80.0,1.3962634,0.0,0.0,0.0,80.0,-7.0,0.0,80.0,1.3962634,0.0,0.0,0.0,32.55853458,-22.50859087,6.81272427,-0.09238966,-38.354609,-4.82384921,0.0,92.10836939,-1.24812903,12.43624552,-19.80681635,-70.33749433,56.99593534,28.2920614,24.19831036,0.82422317,-4.34403663
1760624615.551,-23.58691275,-12.99318784,42.85839479,0.66144035,1.04089463,0.07068644,80.0,-7.0,0.0,80.0,1.3962634,0.0,0.0,0.0,80.0,-7.0,0.0,80.0,1.3962634,0.0,0.0,0.0,33.60062533,-22.99717565,5.82388134,-0.33776313,-37.81824761,-3.24565896,0.0,92.44063873,-0.6558769,13.01536285,-21.59090281,-69.97088741,57.26379197,27.63464907,22.41423418,0.83345001,-4.34343903
