time,pelvis_tilt,pelvis_list,pelvis_rotation,pelvis_tx,pelvis_ty,pelvis_tz,hip_flexion_r,hip_adduction_r,hip_rotation_r,knee_angle_r,knee_angle_r_beta,ankle_angle_r,subtalar_angle_r,mtp_angle_r,hip_flexion_l,hip_adduction_l,hip_rotation_l,knee_angle_l,knee_angle_l_beta,ankle_angle_l,subtalar_angle_l,mtp_angle_l,lumbar_extension,lumbar_bending,lumbar_rotation,arm_flex_r,arm_add_r,arm_rot_r,elbow_flex_r,pro_sup_r,wrist_flex_r,wrist_dev_r,arm_flex_l,arm_add_l,arm_rot_l,elbow_flex_l,pro_sup_l,wrist_flex_l,wrist_dev_l
1760625236.521,0.58916167,0.15026272,-0.02015449,0.00065878,0.94173173,-0.00332675,80.0,-7.0,0.0,80.0,1.3962634,0.0,0.0,0.0,80.0,-7.0,0.0,80.0,1.3962634,0.0,0.0,0.0,-7.23275278,-0.34815719,-3.6257841,6.95202923,-0.70767266,3.41712661,7.9175933,0.0,-7.86546871,-0.47363612,7.93177708,-1.90137487,-3.52634311,0.0,0.02933182,0.29888044,-0.38670184
1760625236.555,0.59159889,0.11269508,-0.00094435,-0.00316661,0.94968272,-0.00459324,80.0,-7.0,0.0,80.0,1.3962634,0.0,0.0,0.0,80.0,-7.0,0.0,80.0,1.3962634,0.0,0.0,0.0,-5.44246794,-0.01368575,-3.44759032,5.10339964,-1.07262621,3.30656721,10.02755305,0.0,-9.7950086,-0.96609962,6.1257668,-1.48319216,-3.37808128,0.0,0.08782908,0.24086535,-0.29573892
1760625236.588,0.59788578,0.09848256,0.01956517,-0.00556797,0.95099802,-0.00475457,80.0,-7.0,0.0,80.0,1.3962634,0.0,0.0,0.0,80.0,-7.0,0.0,80.0,1.3962634,0.0,0.0,0.0,-4.88953893,-0.00026029,-3.21184775,4.47404027,-1.03131248,3.11420088,9.97257103,0.0,-9.6594865,-1.02496487,5.45847137,-1.41171312,-3.14679228,0.0,0.14688506,0.04460393,-0.40211222
1760625236.622,0.55190716,0.07355934,0.05111033,-0.00496187,0.95089082,-0.00601046,80.0,-7.0,0.0,80.0,1.3962634,0.0,0.0,0.0,80.0,-7.0,0.0,80.0,1.3962634,0.0,0.0,0.0,-4.55653322,0.07025774,-3.31238917,4.15972583,-0.97313919,3.21010471,9.76810547,0.0,-9.40698185,-1.01422765,5.13193897,-1.32611972,-3.22939029,0.0,0.10812412,-0.22210203,-0.53267628
1760625236.655,0.55807841,0.05397347,0.08131701,-0.00385344,0.95103535,-0.00654163,80.0,-7.0,0.0,80.0,1.3962634,0.0,0.0,0.0,80.0,-7.0,0.0,80.0,1.3962634,0.0,0.0,0.0,-4.73737902,0.06423196,-3.32815464,4.35041164,-0.89952538,3.19975501,8.54528799,0.0,-8.21980843,-0.71622379,5.2716044,-1.33545319,-3.21581415,0.0,0.03284538,-0.37009389,-0.59596413
1760625236.689,0.5447585,0.03996527,0.09510102,-0.00349983,0.95122156,-0.00658545,80.0,-7.0,0.0,80.0,1.3962634,0.0,0.0,0.0,80.0,-7.0,0.0,80.0,1.3962634,0.0,0.0,0.0,-4.73053971,0.05108114,-3.4037502,4.37017684,-0.85739607,3.30338437,7.87203851,0.0,-7.56058575,-0.56786302,5.24814197,-1.35377244,-3.26867997,0.0,0.0,-0.40738327,-0.59949946
1760625236.722,0.50882316,0.02864848,0.1312449,-0.00215583,0.95097764,-0.00681441,80.0,-7.0,0.0,80.0,1.3962634,0.0,0.0,0.0,80.0,-7.0,0.0,80.0,1.3962634,0.0,0.0,0.0,-4.70384339,0.04234526,-3.49573764,4.36080604,-0.82325014,3.34173505,7.1956886,0.0,-6.89183463,-0.40874255,5.22175355,-1.3480209,-3.32838069,0.0,0.0,-0.39602749,-0.59368137
1760625236.756,0.48198654,0.02024957,0.14703474,-0.00037173,0.95078611,-0.00673982,80.0,-7.0,0.0,80.0,1.3962634,0.0,0.0,0.0,80.0,-7.0,0.0,80.0,1.3962634,0.0,0.0,0.0,-4.70077507,0.0343013,-3.54869762,4.35964355,-0.82891242,3.47617079,6.58757176,0.0,-6.27680856,-0.26289747,5.22144126,-1.33463568,-3.37398234,0.0,0.0,-0.33925559,-0.57575902
1760625236.789,0.48307397,0.01681502,0.15587613,-0.00018505,0.95101374,-0.00637566,80.0,-7.0,0.0,80.0,1.3962634,0.0,0.0,0.0,80.0,-7.0,0.0,80.0,1.3962634,0.0,0.0,0.0,-4.72011494,0.00987313,-3.58661672,4.34760073,-0.81588294,3.6190496,5.99720982,0.0,-5.70274111,-0.13907162,5.23993307,-1.31783261,-3.3837671,0.0,0.0,-0.24355037,-0.58724513
1760625236.822,0.52499339,0.01060489,0.18099372,-0.00091793,0.95139354,-0.00628111,80.0,-7.0,0.0,80.0,1.3962634,0.0,0.0,0.0,80.0,-7.0,0.0,80.0,1.3962634,0.0,0.0,0.0,-4.68761024,-0.01031894,-3.59627241,4.23928136,-0.81520229,3.64522406,5.97049813,0.0,-5.66924642,-0.10779288,5.15841902,-1.27127035,-3.35873879,0.0,0.0,-0.07209883,-0.61374183
1760625236.856,0.51659268,-0.00442439,0.18359686,-0.00137942,0.9518594,-0.00627788,80.0,-7.0,0.0,80.0,1.3962634,0.0,0.0,0.0,80.0,-7.0,0.0,80.0,1.3962634,0.0,0.0,0.0,-4.54293762,-0.02529923,-3.58359606,4.09707333,-0.78913378,3.77268832,5.96066879,0.0,-5.64512707,-0.10596484,5.0175795,-1.22930912,-3.30931151,0.0,0.0,0.04725587,-0.6229012
1760625236.889,0.49887128,-0.00300303,0.20184076,-0.00252849,0.95228124,-0.0061101,80.0,-7.0,0.0,80.0,1.3962634,0.0,0.0,0.0,80.0,-7.0,0.0,80.0,1.3962634,0.0,0.0,0.0,-4.29181217,-0.05590004,-3.55181652,3.85238714,-0.75744717,3.86208512,5.97176512,0.0,-5.63930915,-0.13050524,4.76104444,-1.1789765,-3.19468334,0.0,0.0,0.05407663,-0.61918739
1760625236.923,0.52657524,-0.00245868,0.21407232,-0.00328006,0.95280186,-0.00580216,80.0,-7.0,0.0,80.0,1.3962634,0.0,0.0,0.0,80.0,-7.0,0.0,80.0,1.3962634,0.0,0.0,0.0,-4.48464964,-0.1144612,-3.65470532,4.03675528,-0.67974139,4.11343745,6.02071952,0.0,-5.68334367,-0.15299477,4.93986395,-1.19350417,-3.16399157,0.0,0.0,0.05879413,-0.57008897
1760625236.99,0.5266995,-0.01363224,0.23075751,-0.00304419,0.95368069,-0.0059038,80.0,-7.0,0.0,80.0,1.3962634,0.0,0.0,0.0,80.0,-7.0,0.0,80.0,1.3962634,0.0,0.0,0.0,-4.6511086,-0.11966629,-3.78359561,4.27327395,-0.65196262,4.34817275,6.62146937,0.0,-6.27875494,-0.29671387,5.16321275,-1.15557287,-3.20183252,0.0,0.0,0.06850039,-0.54810785
1760625237.023,0.51586383,-0.04319568,0.24171827,-0.00209962,0.95382859,-0.00756769,80.0,-7.0,0.0,80.0,1.3962634,0.0,0.0,0.0,80.0,-7.0,0.0,80.0,1.3962634,0.0,0.0,0.0,-4.72574035,-0.01317835,-3.81891357,4.45884913,-0.80083824,4.34084931,6.61487916,0.0,-6.29979951,-0.2263425,5.29430806,-1.0531669,-3.2227707,0.0,0.0,0.10852943,-0.5021211
1760625237.057,0.48942475,-0.03395738,0.26539436,-0.0019704,0.95379147,-0.00762074,80.0,-7.0,0.0,80.0,1.3962634,0.0,0.0,0.0,80.0,-7.0,0.0,80.0,1.3962634,0.0,0.0,0.0,-4.76328284,-0.00664523,-3.82592793,4.6100537,-0.87727788,4.19137538,6.56093672,0.0,-6.30003201,-0.14817009,5.38175348,-1.03314261,-3.23700748,0.0,0.0,0.12731299,-0.47688343
1760625237.09,0.46244145,-0.03738155,0.24427642,-0.00184942,0.95404999,-0.0069084,80.0,-7.0,0.0,80.0,1.3962634,0.0,0.0,0.0,80.0,-7.0,0.0,80.0,1.3962634,0.0,0.0,0.0,-4.84300528,-0.0155968,-3.83887286,4.78100408,-0.89727057,4.13375414,6.46438419,0.0,-6.24004363,-0.07563619,5.55105053,-1.0506103,-3.43318111,0.0,0.0,0.11695718,-0.45223841
1760625237.124,0.49864636,-0.04174321,0.30767122,-0.00191978,0.95424669,-0.006359,80.0,-7.0,0.0,80.0,1.3962634,0.0,0.0,0.0,80.0,-7.0,0.0,80.0,1.3962634,0.0,0.0,0.0,-4.89814507,-0.01383285,-3.90839642,4.85458207,-0.87245065,4.27648553,6.27740348,0.0,-6.03238586,-0.10550496,5.59535713,-1.03197333,-3.66346786,0.0,0.0,0.12283743,-0.45886569
1760625237.157,0.48715549,-0.06382749,0.31959808,-0.0015796,0.95420735,-0.0060312,80.0,-7.0,0.0,80.0,1.3962634,0.0,0.0,0.0,80.0,-7.0,0.0,80.0,1.3962634,0.0,0.0,0.0,-4.86031978,-0.02407489,-3.88852963,4.84095247,-0.80311611,4.21288412,6.27895409,0.0,-5.99566123,-0.13069177,5.53832449,-1.03747143,-3.62095,0.0,0.0,0.17629276,-0.49431833
1760625237.19,0.4871712,-0.06055318,0.31907751,-0.00149278,0.95433177,-0.00628639,80.0,-7.0,0.0,80.0,1.3962634,0.0,0.0,0.0,80.0,-7.0,0.0,80.0,1.3962634,0.0,0.0,0.0,-4.862693,-0.01208065,-3.8892016,4.8749975,-0.77365997,4.25913808,6.27043114,0.0,-6.00703716,-0.14120991,5.47936896,-1.00637702,-3.54257488,0.0,0.0,0.19140338,-0.48543567
1760625237.224,0.49882305,-0.07767342,0.31107978,-0.00145993,0.95439654,-0.00659893,80.0,-7.0,0.0,80.0,1.3962634,0.0,0.0,0.0,80.0,-7.0,0.0,80.0,1.3962634,0.0,0.0,0.0,-4.83314793,0.02375104,-3.82109508,4.84170799,-0.73965124,4.14239872,5.82482568,0.0,-5.56071826,-0.0344772,5.39335723,-0.9789836,-3.44836307,0.0,0.0,0.29486104,-0.44889244
1760625237.257,0.52299339,-0.09572894,0.29235623,-0.00170731,0.95460049,-0.00671416,80.0,-7.0,0.0,80.0,1.3962634,0.0,0.0,0.0,80.0,-7.0,0.0,80.0,1.3962634,0.0,0.0,0.0,-4.83120838,0.04788884,-3.81666329,4.79844209,-0.71124022,4.17762792,5.79299295,0.0,-5.53569278,-0.0334377,5.35538537,-0.97783887,-3.52239417,0.0,0.0,0.26560307,-0.46996555
1760625237.291,0.52017444,-0.08890277,0.309884,-0.00199765,0.95464678,-0.00627654,80.0,-7.0,0.0,80.0,1.3962634,0.0,0.0,0.0,80.0,-7.0,0.0,80.0,1.3962634,0.0,0.0,0.0,-4.83344902,0.05342986,-3.79949901,4.80191874,-0.71751308,4.21072424,5.7945985,0.0,-5.53375233,-0.04178346,5.34796113,-0.98584132,-3.505976,0.0,0.0,0.26314276,-0.46985128
1760625237.324,0.52810077,-0.1151759,0.29602585,-0.00218634,0.95477364,-0.00623408,80.0,-7.0,0.0,80.0,1.3962634,0.0,0.0,0.0,80.0,-7.0,0.0,80.0,1.3962634,0.0,0.0,0.0,-4.87787019,0.09695489,-3.73278097,4.85014462,-0.73752442,4.10600546,6.18757483,0.0,-5.93471099,-0.1293027,5.3940935,-1.0128618,-3.53748765,0.0,0.0,0.25826987,-0.46088215
1760625237.358,0.51930848,-0.11368416,0.32408281,-0.00188545,0.95475772,-0.00642129,80.0,-7.0,0.0,80.0,1.3962634,0.0,0.0,0.0,80.0,-7.0,0.0,80.0,1.3962634,0.0,0.0,0.0,-4.93218825,0.11706497,-3.74724568,4.92029216,-0.7737177,4.1168906,6.248943,0.0,-6.01039547,-0.13342837,5.45416061,-1.03686842,-3.5409587,0.0,0.0,0.20834178,-0.42807275
1760625237.391,0.54174011,-0.12005824,0.33125935,-0.00194582,0.95481556,-0.00718491,80.0,-7.0,0.0,80.0,1.3962634,0.0,0.0,0.0,80.0,-7.0,0.0,80.0,1.3962634,0.0,0.0,0.0,-4.98119683,0.17590462,-3.78097632,4.92877716,-0.82865412,4.18403618,6.86408883,0.0,-6.61492197,-0.2940349,5.46198695,-1.02115997,-3.54732964,0.0,0.0,0.20619396,-0.43329094
1760625237.424,0.53873239,-0.11727187,0.3412293,-0.00173339,0.95487829,-0.00738412,80.0,-7.0,0.0,80.0,1.3962634,0.0,0.0,0.0,80.0,-7.0,0.0,80.0,1.3962634,0.0,0.0,0.0,-4.98649914,0.18090001,-3.7751732,4.92535881,-0.85165101,4.25294468,6.86344237,0.0,-6.61882229,-0.30862348,5.45607666,-1.04664737,-3.49261296,0.0,0.0,0.20270182,-0.43712185
1760625237.458,0.5447155,-0.11919651,0.39378461,-0.00126221,0.95478795,-0.00778068,80.0,-7.0,0.0,80.0,1.3962634,0.0,0.0,0.0,80.0,-7.0,0.0,80.0,1.3962634,0.0,0.0,0.0,-4.8885175,0.20027803,-3.8462645,4.80857034,-0.88144713,4.36979903,6.90088094,0.0,-6.6679853,-0.31557694,5.33627434,-1.03509031,-3.51116668,0.0,0.0,0.19983675,-0.45162683
1760625237.491,0.55169203,-0.11480361,0.40911302,-0.00177914,0.95495095,-0.00719566,80.0,-7.0,0.0,80.0,1.3962634,0.0,0.0,0.0,80.0,-7.0,0.0,80.0,1.3962634,0.0,0.0,0.0,-4.88487882,0.19485071,-3.83140061,4.79155602,-0.88624846,4.43801921,6.90197446,0.0,-6.67984566,-0.31295292,5.32244781,-1.03727158,-3.46071619,0.0,0.0,0.20341082,-0.44686198
1760625237.525,0.58227703,-0.1141609,0.41342655,-0.00144698,0.95523556,-0.00697643,80.0,-7.0,0.0,80.0,1.3962634,0.0,0.0,0.0,80.0,-7.0,0.0,80.0,1.3962634,0.0,0.0,0.0,-4.8376651,0.16924437,-3.86173579,4.70341246,-0.8654605,4.53090604,6.92567072,0.03880849,-6.68965493,-0.33001229,5.24256513,-1.04539418,-3.42200627,0.0,0.0,0.23572255,-0.42343995
1760625237.558,0.56036167,-0.10924351,0.42367798,-0.00135501,0.95548402,-0.00689031,80.0,-7.0,0.0,80.0,1.3962634,0.0,0.0,0.0,80.0,-7.0,0.0,80.0,1.3962634,0.0,0.0,0.0,-4.71342406,0.13323565,-3.93985168,4.59381,-0.84041982,4.63009381,6.89818915,0.03007037,-6.64353944,-0.33307248,5.1370556,-1.06095433,-3.48370674,0.0,0.0,0.24416003,-0.40503333
1760625237.592,0.55050787,-0.11197378,0.44599055,-0.00152552,0.95573966,-0.0070654,80.0,-7.0,0.0,80.0,1.3962634,0.0,0.0,0.0,80.0,-7.0,0.0,80.0,1.3962634,0.0,0.0,0.0,-4.60658726,0.14552476,-3.95713731,4.48843343,-0.88955938,4.64434874,6.85020272,0.0,-6.53390534,-0.36252909,5.02980203,-1.02075594,-3.46149588,0.0,0.0,0.20545639,-0.43991541
1760625237.625,0.54408521,-0.11948162,0.44897399,-0.00156827,0.95603022,-0.00760195,80.0,-7.0,0.0,80.0,1.3962634,0.0,0.0,0.0,80.0,-7.0,0.0,80.0,1.3962634,0.0,0.0,0.0,-4.60985319,0.14748206,-3.97463361,4.49801041,-0.88342244,4.62056814,6.86250769,0.0,-6.45115243,-0.52283929,5.02665278,-1.00578152,-3.44192709,0.0,0.0,0.20774404,-0.44093953
1760625237.659,0.53986564,-0.12367947,0.46251181,-0.00112351,0.95605809,-0.00798353,80.0,-7.0,0.0,80.0,1.3962634,0.0,0.0,0.0,80.0,-7.0,0.0,80.0,1.3962634,0.0,0.0,0.0,-4.60525721,0.15255438,-3.97371664,4.4838039,-0.88690788,4.61584057,6.86152633,0.0,-6.38156328,-0.62086544,5.02861874,-0.98120247,-3.44076754,0.0,0.0,0.20913585,-0.4363436
1760625237.692,0.53491247,-0.12543635,0.46096095,-0.00122935,0.95634496,-0.00803016,80.0,-7.0,0.0,80.0,1.3962634,0.0,0.0,0.0,80.0,-7.0,0.0,80.0,1.3962634,0.0,0.0,0.0,-4.50318932,0.17242457,-3.95203899,4.38191579,-0.93722265,4.6476967,6.33288104,0.0,-5.86893639,-0.53905004,4.91938544,-0.92521954,-3.41899514,0.0,0.0,0.20577122,-0.43732164
1760625237.726,0.5663405,-0.11524283,0.47295562,-0.0017835,0.95666286,-0.00775264,80.0,-7.0,0.0,80.0,1.3962634,0.0,0.0,0.0,80.0,-7.0,0.0,80.0,1.3962634,0.0,0.0,0.0,-4.47264045,0.18654831,-3.93092192,4.31067557,-0.99430605,4.55651112,6.34471446,0.0,-5.86106965,-0.53206985,4.83915475,-0.86439381,-3.37370327,0.0,0.0,0.1483741,-0.44265003
1760625237.759,0.56791753,-0.12482662,0.48087039,-0.00322276,0.95699751,-0.00690526,80.0,-7.0,0.0,80.0,1.3962634,0.0,0.0,0.0,80.0,-7.0,0.0,80.0,1.3962634,0.0,0.0,0.0,-4.46801624,0.17579915,-3.92095216,4.27813366,-1.00038445,4.50213072,6.33787142,0.0,-5.86792532,-0.52033821,4.85242189,-0.84610775,-3.44731536,0.0,0.0,0.14395467,-0.44172573
1760625237.793,0.54334298,-0.15831453,0.48805569,-0.00349072,0.95699758,-0.00683433,80.0,-7.0,0.0,80.0,1.3962634,0.0,0.0,0.0,80.0,-7.0,0.0,80.0,1.3962634,0.0,0.0,0.0,-4.39579367,0.2242012,-3.91285585,4.18216621,-1.08690549,4.58588801,6.42416973,0.0,-5.9693333,-0.52999547,4.81953254,-0.74455884,-3.52723605,0.0,0.0,0.01421565,-0.41919939
1760625237.826,0.5423749,-0.13078964,0.51879079,-0.00348729,0.95686861,-0.00678747,80.0,-7.0,0.0,80.0,1.3962634,0.0,0.0,0.0,80.0,-7.0,0.0,80.0,1.3962634,0.0,0.0,0.0,-4.40636145,0.1944192,-3.91301178,4.1570962,-1.12040782,4.48630228,6.46823193,0.07367223,-6.03045894,-0.52570855,4.8243219,-0.67092854,-3.46285226,0.0,0.0,0.03679729,-0.39639728
1760625237.859,0.53818377,-0.14575188,0.50695277,-0.00421856,0.95680094,-0.00648158,80.0,-7.0,0.0,80.0,1.3962634,0.0,0.0,0.0,80.0,-7.0,0.0,80.0,1.3962634,0.0,0.0,0.0,-4.30626562,0.16658248,-3.81718582,4.02459799,-1.10613547,4.34764341,6.4920504,0.10044502,-6.0815877,-0.52596153,4.69882956,-0.6381256,-3.33672014,0.0,0.0,0.07325589,-0.35379801
1760625237.893,0.54483406,-0.16051879,0.54595852,-0.0036497,0.95692293,-0.00692043,80.0,-7.0,0.0,80.0,1.3962634,0.0,0.0,0.0,80.0,-7.0,0.0,80.0,1.3962634,0.0,0.0,0.0,-4.31158851,0.14351346,-3.84550952,3.99510501,-1.11007786,4.27445669,6.50122714,0.16988201,-6.10435645,-0.48299877,4.681292,-0.63006595,-3.24096741,0.0,0.0,0.11025147,-0.33869191
1760625237.926,0.53980512,-0.16752378,0.54478611,-0.00349113,0.95719485,-0.00681954,80.0,-7.0,0.0,80.0,1.3962634,0.0,0.0,0.0,80.0,-7.0,0.0,80.0,1.3962634,0.0,0.0,0.0,-4.32330756,0.13136549,-3.85022802,3.98804089,-1.11720373,4.2868733,6.52012997,0.09561222,-6.08747258,-0.48749128,4.67778003,-0.65773526,-3.19111856,0.0,0.0,0.1149757,-0.34866166
1760625237.96,0.54624201,-0.13786058,0.53977399,-0.00316637,0.95723714,-0.00628113,80.0,-7.0,0.0,80.0,1.3962634,0.0,0.0,0.0,80.0,-7.0,0.0,80.0,1.3962634,0.0,0.0,0.0,-4.37314555,0.03561375,-3.81576234,4.00030212,-1.0709546,4.16463413,6.61220466,0.1704734,-6.1505129,-0.52791389,4.69079432,-0.76431148,-3.06637664,0.0,0.0,0.10103803,-0.39077667
1760625237.993,0.56421407,-0.14456583,0.5637646,-0.00376622,0.95751963,-0.00572126,80.0,-7.0,0.0,80.0,1.3962634,0.0,0.0,0.0,80.0,-7.0,0.0,80.0,1.3962634,0.0,0.0,0.0,-4.36206384,0.02454881,-3.82589134,3.95223337,-1.08513911,4.11546221,6.63236903,0.0739453,-6.16181231,-0.59421321,4.62950873,-0.83868957,-3.01614096,0.0,0.0,0.08460097,-0.41126517
1760625238.027,0.53772513,-0.1487979,0.55128344,-0.00305161,0.9576697,-0.00663124,80.0,-7.0,0.0,80.0,1.3962634,0.0,0.0,0.0,80.0,-7.0,0.0,80.0,1.3962634,0.0,0.0,0.0,-4.41633714,0.03857728,-3.83388753,3.99762356,-1.11897978,4.09390972,7.10406831,0.04304385,-6.59240468,-0.73246134,4.68601415,-0.88042732,-3.00385122,0.0,0.0,0.08250411,-0.41641436
1760625238.06,0.54773293,-0.14878093,0.53111139,-0.00376276,0.95787169,-0.00672253,80.0,-7.0,0.0,80.0,1.3962634,0.0,0.0,0.0,80.0,-7.0,0.0,80.0,1.3962634,0.0,0.0,0.0,-4.37618219,0.02374629,-3.73793431,3.91682576,-1.14675849,4.00509119,7.1809427,0.13420874,-6.73057974,-0.69423631,4.5892962,-0.91722624,-2.86618491,0.0,0.0,0.07628929,-0.43383053
1760625238.093,0.56843216,-0.1466351,0.50501617,-0.00476025,0.95794068,-0.00756989,80.0,-7.0,0.0,80.0,1.3962634,0.0,0.0,0.0,80.0,-7.0,0.0,80.0,1.3962634,0.0,0.0,0.0,-4.3381551,0.06785863,-3.66249768,3.81827503,-1.24225268,3.98019869,7.80799951,0.06866698,-7.43833527,-0.80089127,4.47544676,-0.90316469,-2.73852481,0.0,0.0,0.07798286,-0.43662802
1760625238.127,0.56771207,-0.15504282,0.50054552,-0.00470602,0.95790045,-0.00840766,80.0,-7.0,0.0,80.0,1.3962634,0.0,0.0,0.0,80.0,-7.0,0.0,80.0,1.3962634,0.0,0.0,0.0,-4.30477215,0.13140411,-3.5602571,3.79028247,-1.32115877,3.92339664,8.32315544,0.0,-8.03317547,-0.90418407,4.42922006,-0.85834813,-2.61826548,0.0,0.0,0.08246941,-0.44186432
1760625238.16,0.57365316,-0.15891348,0.49823496,-0.00450221,0.95797373,-0.00844775,80.0,-7.0,0.0,80.0,1.3962634,0.0,0.0,0.0,80.0,-7.0,0.0,80.0,1.3962634,0.0,0.0,0.0,-4.53519739,0.1831784,-3.57812535,4.02129897,-1.37385101,3.86739263,9.18119778,0.0,-8.91990044,-1.06716689,4.67020071,-0.85697681,-2.65891031,0.0,0.0,0.07306572,-0.44599853
1760625238.194,0.57247864,-0.15543379,0.50711544,-0.0048548,0.95801788,-0.00810949,80.0,-7.0,0.0,80.0,1.3962634,0.0,0.0,0.0,80.0,-7.0,0.0,80.0,1.3962634,0.0,0.0,0.0,-4.53416373,0.1951977,-3.5709189,4.01665312,-1.3931348,3.8477064,9.21190211,0.0,-8.89822082,-1.05102577,4.67451348,-0.8688004,-2.68085613,0.0,0.0,0.0955771,-0.43392626
1760625238.227,0.55622637,-0.15690716,0.53304344,-0.00483643,0.95798909,-0.00776225,80.0,-7.0,0.0,80.0,1.3962634,0.0,0.0,0.0,80.0,-7.0,0.0,80.0,1.3962634,0.0,0.0,0.0,-4.54369178,0.21525497,-3.55313069,4.06738567,-1.42655871,3.73310508,9.26851767,0.0,-8.95450354,-1.04160181,4.69814899,-0.88328355,-2.64629792,0.0,0.0,0.1643756,-0.39833578
1760625238.261,0.58130662,-0.16835016,0.52083502,-0.00534342,0.9581143,-0.00651253,80.0,-7.0,0.0,80.0,1.3962634,0.0,0.0,0.0,80.0,-7.0,0.0,80.0,1.3962634,0.0,0.0,0.0,-4.69127501,0.20755124,-3.57868796,4.21397029,-1.40213434,3.71448648,9.84857779,0.0,-9.53236801,-1.18141413,4.82407623,-0.95362443,-2.69562762,0.0,0.0,0.15990696,-0.39981251
1760625238.294,0.57299874,-0.17348574,0.53153001,-0.00537095,0.95796219,-0.00615785,80.0,-7.0,0.0,80.0,1.3962634,0.0,0.0,0.0,80.0,-7.0,0.0,80.0,1.3962634,0.0,0.0,0.0,-4.69140056,0.19739163,-3.57401822,4.25133475,-1.41694416,3.66113544,9.85332763,0.00279674,-9.56100803,-1.13336716,4.83179975,-1.02517296,-2.74841923,0.0,0.0,0.18044302,-0.39180227
1760625238.328,0.56903602,-0.18370616,0.5395933,-0.00567013,0.95773813,-0.00604627,80.0,-7.0,0.0,80.0,1.3962634,0.0,0.0,0.0,80.0,-7.0,0.0,80.0,1.3962634,0.0,0.0,0.0,-4.68412478,0.17889687,-3.55491282,4.25108055,-1.3801984,3.5844027,9.86082983,0.06824707,-9.61543873,-1.13940817,4.81900858,-1.10919032,-2.74712098,0.0,0.0,0.2389592,-0.33539833
1760625238.361,0.56456735,-0.1931402,0.54057293,-0.00476472,0.95778385,-0.0058098,80.0,-7.0,0.0,80.0,1.3962634,0.0,0.0,0.0,80.0,-7.0,0.0,80.0,1.3962634,0.0,0.0,0.0,-4.85569423,0.19458847,-3.56584293,4.43082332,-1.38011582,3.62946483,10.38516008,0.09260428,-10.16345648,-1.28570404,5.01877581,-1.17462165,-2.79002714,0.0,0.0,0.24115942,-0.33388113
1760625238.395,0.56200802,-0.19290001,0.54064429,-0.00412922,0.95769154,-0.00581411,80.0,-7.0,0.0,80.0,1.3962634,0.0,0.0,0.0,80.0,-7.0,0.0,80.0,1.3962634,0.0,0.0,0.0,-4.86036364,0.20945602,-3.56219943,4.43839024,-1.40232963,3.53787891,10.3855543,0.21974188,-10.18239509,-1.27550202,5.04052856,-1.23421026,-2.85515496,0.0,0.0,0.24766762,-0.32936105
1760625238.428,0.56108881,-0.2020751,0.54929448,-0.00398598,0.95762569,-0.00591364,80.0,-7.0,0.0,80.0,1.3962634,0.0,0.0,0.0,80.0,-7.0,0.0,80.0,1.3962634,0.0,0.0,0.0,-4.86193742,0.22372672,-3.54457751,4.44672437,-1.41074921,3.47702737,10.38882352,0.27013743,-10.18336346,-1.29344778,5.06205565,-1.27796848,-2.8997952,0.0,0.0,0.25396136,-0.32373885
1760625238.462,0.56911266,-0.20975348,0.55767584,-0.00428495,0.95718621,-0.00606209,80.0,-7.0,0.0,80.0,1.3962634,0.0,0.0,0.0,80.0,-7.0,0.0,80.0,1.3962634,0.0,0.0,0.0,-4.84840812,0.24560352,-3.52211529,4.45151403,-1.42793837,3.40282382,10.37055285,0.32531168,-10.19232198,-1.28005074,5.0508605,-1.31539122,-2.9434573,0.0,0.0,0.25262833,-0.32377556
1760625238.495,0.5646375,-0.2110798,0.56736664,-0.00396217,0.95696,-0.0061371,80.0,-7.0,0.0,80.0,1.3962634,0.0,0.0,0.0,80.0,-7.0,0.0,80.0,1.3962634,0.0,0.0,0.0,-4.84395992,0.26269742,-3.50549395,4.45464853,-1.44018107,3.33594624,10.38111971,0.31873545,-10.16672618,-1.28204328,5.08211539,-1.34161977,-3.00606271,0.0,0.0,0.25373906,-0.3231523
1760625238.528,0.578069,-0.21630441,0.58861978,-0.00485453,0.95687051,-0.00625453,80.0,-7.0,0.0,80.0,1.3962634,0.0,0.0,0.0,80.0,-7.0,0.0,80.0,1.3962634,0.0,0.0,0.0,-4.83619305,0.288229,-3.46721126,4.44579425,-1.43886554,3.30765471,10.36843254,0.24927523,-10.13126531,-1.30056642,5.0779692,-1.34800349,-3.02555937,0.0,0.0,0.24806933,-0.32687098
1760625238.562,0.59180141,-0.24853849,0.58982254,-0.00472175,0.9571632,-0.00628356,80.0,-7.0,0.0,80.0,1.3962634,0.0,0.0,0.0,80.0,-7.0,0.0,80.0,1.3962634,0.0,0.0,0.0,-4.93203136,0.3292342,-3.36730855,4.57472118,-1.41948575,3.24036024,9.8349757,0.29282743,-9.63442408,-1.17845918,5.19231683,-1.38451159,-2.97805032,0.0,0.0,0.24380088,-0.32873469
1760625238.595,0.59757883,-0.24065534,0.6042228,-0.00470784,0.95730377,-0.00626293,80.0,-7.0,0.0,80.0,1.3962634,0.0,0.0,0.0,80.0,-7.0,0.0,80.0,1.3962634,0.0,0.0,0.0,-4.9247014,0.33755441,-3.35303592,4.57698736,-1.41287969,3.21231227,9.83886348,0.27005874,-9.62920028,-1.17738995,5.21048599,-1.38653381,-3.02499899,0.0,0.0,0.24600616,-0.33112542
1760625238.629,0.60522647,-0.23961246,0.62683779,-0.00540624,0.95726866,-0.00627259,80.0,-7.0,0.0,80.0,1.3962634,0.0,0.0,0.0,80.0,-7.0,0.0,80.0,1.3962634,0.0,0.0,0.0,-4.91965916,0.35032089,-3.33178232,4.58105668,-1.3992145,3.18655369,9.84411476,0.1906021,-9.61196045,-1.19249712,5.21421639,-1.3785758,-3.06185367,0.0,0.0,0.24938078,-0.33856314
1760625238.662,0.61106469,-0.23983614,0.63389517,-0.00552157,0.95717417,-0.00633951,80.0,-7.0,0.0,80.0,1.3962634,0.0,0.0,0.0,80.0,-7.0,0.0,80.0,1.3962634,0.0,0.0,0.0,-4.9144994,0.35485712,-3.32714093,4.5881437,-1.37960258,3.15507652,9.84893929,0.17246494,-9.60450951,-1.18323677,5.21142449,-1.36351707,-3.09493837,0.0,0.0,0.25068424,-0.34057979
1760625238.696,0.60985994,-0.26004184,0.66113387,-0.00512789,0.95698548,-0.00761086,80.0,-7.0,0.0,80.0,1.3962634,0.0,0.0,0.0,80.0,-7.0,0.0,80.0,1.3962634,0.0,0.0,0.0,-4.95711954,0.42979757,-3.35933636,4.64487372,-1.40096974,3.1523325,9.21617561,0.11775377,-8.96118241,-1.05688744,5.27809044,-1.28036578,-3.16856668,0.0,0.0,0.26817442,-0.3451527
1760625238.729,0.61325508,-0.2604281,0.66468103,-0.00482457,0.95664494,-0.00784968,80.0,-7.0,0.0,80.0,1.3962634,0.0,0.0,0.0,80.0,-7.0,0.0,80.0,1.3962634,0.0,0.0,0.0,-4.94646278,0.43210041,-3.35804904,4.62512342,-1.38660084,3.1435887,9.21411984,0.13748109,-8.91893605,-1.072294,5.27367038,-1.24015765,-3.1989497,0.0,0.0,0.2723736,-0.34955305
1760625238.763,0.59378038,-0.24126935,0.69155083,-0.00459955,0.95627722,-0.00779637,80.0,-7.0,0.0,80.0,1.3962634,0.0,0.0,0.0,80.0,-7.0,0.0,80.0,1.3962634,0.0,0.0,0.0,-4.77509772,0.40005315,-3.40636059,4.48790241,-1.35334492,3.20678493,7.56358492,0.20431623,-7.33953435,-0.66886525,5.11959537,-1.20589959,-3.16502036,0.0,0.0,0.28383641,-0.34587846
1760625238.796,0.59057834,-0.2457224,0.68490744,-0.00438939,0.95609038,-0.00761291,80.0,-7.0,0.0,80.0,1.3962634,0.0,0.0,0.0,80.0,-7.0,0.0,80.0,1.3962634,0.0,0.0,0.0,-4.76796606,0.40682074,-3.42231048,4.48708626,-1.35444706,3.22672622,7.56975,0.25615163,-7.32309433,-0.65457451,5.14344612,-1.19253137,-3.14460498,0.0,0.0,0.28864559,-0.3395036
1760625238.83,0.58304486,-0.24209073,0.69717504,-0.00427325,0.95611677,-0.00744108,80.0,-7.0,0.0,80.0,1.3962634,0.0,0.0,0.0,80.0,-7.0,0.0,80.0,1.3962634,0.0,0.0,0.0,-4.75694823,0.40704184,-3.47191247,4.49466991,-1.35815072,3.19138773,7.55961492,0.30265368,-7.29295284,-0.63797611,5.14307612,-1.19521374,-3.12213007,0.0,0.0,0.29253787,-0.33445733
1760625238.863,0.58164185,-0.22948434,0.72471977,-0.00404909,0.95619299,-0.00714635,80.0,-7.0,0.0,80.0,1.3962634,0.0,0.0,0.0,80.0,-7.0,0.0,80.0,1.3962634,0.0,0.0,0.0,-4.74725037,0.38470008,-3.51558494,4.49353209,-1.34913872,3.19050003,7.55117518,0.30594123,-7.27207469,-0.63177862,5.11553375,-1.22825499,-2.9827141,0.0,0.0,0.26798426,-0.35585689
1760625238.896,0.5670672,-0.2205535,0.71739957,-0.00381948,0.95631988,-0.0064657,80.0,-7.0,0.0,80.0,1.3962634,0.0,0.0,0.0,80.0,-7.0,0.0,80.0,1.3962634,0.0,0.0,0.0,-4.76239447,0.3440612,-3.5260414,4.53204555,-1.32525124,3.18394316,7.54411424,0.30441858,-7.26972607,-0.61768989,5.13606433,-1.27804962,-2.92795375,0.0,0.0,0.27324768,-0.35338275
1760625238.93,0.60353364,-0.1991003,0.73474645,-0.00363803,0.95646892,-0.00630747,80.0,-7.0,0.0,80.0,1.3962634,0.0,0.0,0.0,80.0,-7.0,0.0,80.0,1.3962634,0.0,0.0,0.0,-4.7159251,0.2908021,-3.52972466,4.43498726,-1.28886975,3.12171648,7.54288384,0.41943874,-7.23777446,-0.63837854,5.03358268,-1.30111894,-2.83683609,0.0,0.0,0.24691021,-0.35289289
1760625238.963,0.57857498,-0.19337362,0.74547501,-0.00291232,0.95650233,-0.00653768,80.0,-7.0,0.0,80.0,1.3962634,0.0,0.0,0.0,80.0,-7.0,0.0,80.0,1.3962634,0.0,0.0,0.0,-4.65159409,0.24319993,-3.54362352,4.36645993,-1.23269314,3.13969769,7.55198603,0.46665321,-7.23201496,-0.63017261,4.93028257,-1.31411718,-2.64087719,0.0,0.0,0.21675705,-0.37089073
1760625238.997,0.57142535,-0.17789254,0.74856438,-0.00225873,0.95638606,-0.00682285,80.0,-7.0,0.0,80.0,1.3962634,0.0,0.0,0.0,80.0,-7.0,0.0,80.0,1.3962634,0.0,0.0,0.0,-4.63529484,0.22838086,-3.59000456,4.353102,-1.2094781,3.19651715,7.52602282,0.5122822,-7.2192397,-0.62401306,4.84437327,-1.28824578,-2.41885183,0.0,0.0,0.18774346,-0.38525354
1760625239.03,0.57328237,-0.16906016,0.72188863,-0.00280227,0.95646929,-0.00618222,80.0,-7.0,0.0,80.0,1.3962634,0.0,0.0,0.0,80.0,-7.0,0.0,80.0,1.3962634,0.0,0.0,0.0,-4.40302489,0.17981702,-3.54098191,4.10643115,-1.1561696,3.20740136,6.71951237,0.4011221,-6.42706995,-0.4476538,4.5399573,-1.25863289,-2.20716858,0.0,0.0,0.19106869,-0.38045232
1760625239.064,0.57798198,-0.17428589,0.72953565,-0.00279015,0.95652206,-0.00654192,80.0,-7.0,0.0,80.0,1.3962634,0.0,0.0,0.0,80.0,-7.0,0.0,80.0,1.3962634,0.0,0.0,0.0,-4.40765339,0.16473712,-3.53638493,4.09864273,-1.08967926,3.32516218,6.71010006,0.31826857,-6.40990097,-0.45600932,4.51485854,-1.16554576,-2.10521484,0.0,0.0,0.20036608,-0.36121564
1760625239.097,0.59212733,-0.16401218,0.73141329,-0.00323212,0.95667249,-0.00733245,80.0,-7.0,0.0,80.0,1.3962634,0.0,0.0,0.0,80.0,-7.0,0.0,80.0,1.3962634,0.0,0.0,0.0,-4.32953587,0.13876048,-3.56621521,4.00796036,-1.05141964,3.37300155,6.26972115,0.26745607,-5.97611707,-0.33356326,4.40341766,-1.08087267,-2.08363398,0.0,0.0,0.20956022,-0.34462053
1760625239.131,0.60083779,-0.17322984,0.74429068,-0.00377982,0.95670443,-0.00757481,80.0,-7.0,0.0,80.0,1.3962634,0.0,0.0,0.0,80.0,-7.0,0.0,80.0,1.3962634,0.0,0.0,0.0,-4.32279988,0.1253136,-3.55789188,4.02843558,-1.01631092,3.37603239,6.27434557,0.22074579,-5.97556758,-0.33816231,4.37349348,-1.00978537,-2.07688704,0.0,0.0,0.21915996,-0.32689834
1760625239.164,0.60548462,-0.17734613,0.77051467,-0.00490729,0.95664334,-0.00789865,80.0,-7.0,0.0,80.0,1.3962634,0.0,0.0,0.0,80.0,-7.0,0.0,80.0,1.3962634,0.0,0.0,0.0,-4.0699354,0.13370341,-3.59852767,3.78253758,-1.01057973,3.4120599,6.2215773,0.17777745,-5.86535618,-0.37201387,4.07871236,-0.91436681,-2.11842467,0.0,0.0,0.24758874,-0.27318918
1760625239.197,0.61856735,-0.1717932,0.78999621,-0.00634501,0.95665881,-0.00782101,80.0,-7.0,0.0,80.0,1.3962634,0.0,0.0,0.0,80.0,-7.0,0.0,80.0,1.3962634,0.0,0.0,0.0,-3.9144051,0.14535337,-3.64973261,3.62314273,-1.01714136,3.46444838,6.13410178,0.15769931,-5.72912026,-0.3818577,3.89323425,-0.86174646,-2.1559413,0.0,0.0,0.21767101,-0.30667042
1760625239.231,0.62699342,-0.1631076,0.80674819,-0.00615316,0.95656422,-0.00814055,80.0,-7.0,0.0,80.0,1.3962634,0.0,0.0,0.0,80.0,-7.0,0.0,80.0,1.3962634,0.0,0.0,0.0,-3.91808679,0.15224469,-3.63270915,3.63928169,-1.0292895,3.4656792,6.13231113,0.03283495,-5.72336173,-0.37558499,3.89826352,-0.85514251,-2.18124572,0.0,0.0,0.22316216,-0.30728733
1760625239.264,0.64993267,-0.1529463,0.80547914,-0.00657279,0.95677087,-0.00756357,80.0,-7.0,0.0,80.0,1.3962634,0.0,0.0,0.0,80.0,-7.0,0.0,80.0,1.3962634,0.0,0.0,0.0,-3.97204144,0.18545087,-3.59685826,3.68140804,-1.06605193,3.50988564,6.16810758,0.09402493,-5.74409124,-0.39698126,3.96724732,-0.84092278,-2.32944608,0.0,0.0,0.22323061,-0.30442099
1760625239.298,0.66134442,-0.14567027,0.83249843,-0.00679492,0.95682584,-0.00715514,80.0,-7.0,0.0,80.0,1.3962634,0.0,0.0,0.0,80.0,-7.0,0.0,80.0,1.3962634,0.0,0.0,0.0,-3.96147482,0.19095212,-3.57366001,3.68039769,-1.08757857,3.47960035,6.17089461,0.07543326,-5.74277112,-0.40742011,3.96725284,-0.86307273,-2.37495751,0.0,0.0,0.2191313,-0.30688007
1760625239.331,0.69533792,-0.15372741,0.86952794,-0.00704915,0.95683251,-0.0070634,80.0,-7.0,0.0,80.0,1.3962634,0.0,0.0,0.0,80.0,-7.0,0.0,80.0,1.3962634,0.0,0.0,0.0,-3.90500966,0.22262769,-3.50888312,3.59762125,-1.12924575,3.342566,6.24388921,0.09465298,-5.82073119,-0.41662996,3.91238526,-0.87045883,-2.35276365,0.0,0.0,0.12104698,-0.34598015
1760625239.365,0.70432918,-0.14613251,0.87914128,-0.00689618,0.95684733,-0.00692496,80.0,-7.0,0.0,80.0,1.3962634,0.0,0.0,0.0,80.0,-7.0,0.0,80.0,1.3962634,0.0,0.0,0.0,-3.89078832,0.23042413,-3.49427582,3.59695327,-1.14528547,3.3461514,6.23183326,0.09602236,-5.83803007,-0.42850207,3.92579115,-0.89780479,-2.36173341,0.0,0.0,0.12334258,-0.34777563
1760625239.398,0.69290567,-0.16718648,0.84429007,-0.00692938,0.95669846,-0.0067239,80.0,-7.0,0.0,80.0,1.3962634,0.0,0.0,0.0,80.0,-7.0,0.0,80.0,1.3962634,0.0,0.0,0.0,-3.70062747,0.23202007,-3.39046858,3.42555235,-1.14924823,3.17833864,7.08608635,0.15759061,-6.6620615,-0.59962496,3.76536439,-0.92507014,-2.32800524,0.0,0.0,0.12930685,-0.35205132
1760625239.432,0.70608008,-0.16719963,0.85675717,-0.0066447,0.95668584,-0.00693216,80.0,-7.0,0.0,80.0,1.3962634,0.0,0.0,0.0,80.0,-7.0,0.0,80.0,1.3962634,0.0,0.0,0.0,-3.6864407,0.232519,-3.37555349,3.4278779,-1.14131122,3.16373175,7.08326909,0.13917081,-6.66969641,-0.59075242,3.77910718,-0.92522759,-2.35794623,0.0,0.0,0.13212744,-0.3517506
1760625239.465,0.7193661,-0.18453886,0.84947925,-0.00622441,0.95650418,-0.00674053,80.0,-7.0,0.0,80.0,1.3962634,0.0,0.0,0.0,80.0,-7.0,0.0,80.0,1.3962634,0.0,0.0,0.0,-3.66881492,0.22936787,-3.36117957,3.4225619,-1.10351892,3.18187333,7.08432587,0.15604718,-6.69996378,-0.58033347,3.75927364,-0.93734734,-2.35490498,0.0,0.0,0.14322435,-0.35302498
1760625239.499,0.74299887,-0.18976135,0.8505426,-0.00641207,0.95620915,-0.0068167,80.0,-7.0,0.0,80.0,1.3962634,0.0,0.0,0.0,80.0,-7.0,0.0,80.0,1.3962634,0.0,0.0,0.0,-3.58153052,0.22690776,-3.31283859,3.31691698,-1.06545598,3.18034894,7.1006859,0.12429389,-6.66641859,-0.60914326,3.63780429,-0.91603882,-2.28229816,0.0,0.0,0.14527497,-0.35283755
1760625239.532,0.74902333,-0.18537336,0.84539829,-0.00681803,0.95617985,-0.00646594,80.0,-7.0,0.0,80.0,1.3962634,0.0,0.0,0.0,80.0,-7.0,0.0,80.0,1.3962634,0.0,0.0,0.0,-3.5514251,0.23367292,-3.31077828,3.32847602,-1.0287293,3.17605554,7.08718687,0.13815453,-6.65548495,-0.63573705,3.61581325,-0.88798661,-2.27758342,0.0,0.0,0.15272279,-0.34190903
1760625239.565,0.74761704,-0.18693592,0.85566469,-0.00665349,0.95619131,-0.00625322,80.0,-7.0,0.0,80.0,1.3962634,0.0,0.0,0.0,80.0,-7.0,0.0,80.0,1.3962634,0.0,0.0,0.0,-3.53974245,0.23733922,-3.30109652,3.3589793,-1.00426079,3.19885887,7.09010091,0.01054792,-6.64189651,-0.65435514,3.61241789,-0.86955957,-2.2242077,0.0,0.0,0.15582664,-0.33954494
1760625239.599,0.75516168,-0.18891081,0.86101115,-0.00684772,0.95619643,-0.00659625,80.0,-7.0,0.0,80.0,1.3962634,0.0,0.0,0.0,80.0,-7.0,0.0,80.0,1.3962634,0.0,0.0,0.0,-3.53165844,0.2396658,-3.29155113,3.37704811,-0.98858669,3.22293657,7.10587798,0.02623226,-6.6255116,-0.65768588,3.60703156,-0.85665507,-2.20013886,0.0,0.0,0.15737939,-0.33795635
1760625239.666,0.75793454,-0.20742717,0.88445531,-0.00709838,0.9563264,-0.00704093,80.0,-7.0,0.0,80.0,1.3962634,0.0,0.0,0.0,80.0,-7.0,0.0,80.0,1.3962634,0.0,0.0,0.0,-3.49944415,0.33036511,-3.16522163,3.42572206,-1.01967686,3.11219648,7.12285863,0.0,-6.62612679,-0.70201066,3.58382185,-0.78950999,-2.02140469,0.0,0.0,0.17167897,-0.3288682
1760625239.699,0.75338247,-0.20733654,0.88101595,-0.00683068,0.95621576,-0.00701732,80.0,-7.0,0.0,80.0,1.3962634,0.0,0.0,0.0,80.0,-7.0,0.0,80.0,1.3962634,0.0,0.0,0.0,-3.54046857,0.3449135,-3.13023434,3.48249773,-1.02607805,3.12182767,7.78134465,0.0,-7.26318742,-0.85524662,3.62846856,-0.78517969,-1.97410061,0.0,0.0,0.1693838,-0.32917502
1760625239.733,0.78503433,-0.19757998,0.88711806,-0.00799681,0.95606752,-0.00691334,80.0,-7.0,0.0,80.0,1.3962634,0.0,0.0,0.0,80.0,-7.0,0.0,80.0,1.3962634,0.0,0.0,0.0,-3.52503909,0.34451935,-3.11111222,3.4453488,-1.0545387,3.18573252,7.79275751,0.0,-7.23997046,-0.89118277,3.581796,-0.77682256,-1.96081128,0.0,0.0,0.16660376,-0.33213994
1760625239.766,0.78782037,-0.20038855,0.90187555,-0.00802001,0.95590313,-0.00675696,80.0,-7.0,0.0,80.0,1.3962634,0.0,0.0,0.0,80.0,-7.0,0.0,80.0,1.3962634,0.0,0.0,0.0,-3.52065875,0.34002318,-3.09685664,3.4595743,-1.06893014,3.20332741,7.79719006,0.0,-7.23994342,-0.89414235,3.57059913,-0.78623402,-1.95541153,0.0,0.0,0.16652597,-0.33246988
1760625239.8,0.8084127,-0.19265347,0.90054616,-0.00899668,0.95611454,-0.00679489,80.0,-7.0,0.0,80.0,1.3962634,0.0,0.0,0.0,80.0,-7.0,0.0,80.0,1.3962634,0.0,0.0,0.0,-3.55452495,0.34282859,-3.11188476,3.48865852,-1.10731912,3.22579487,8.47229652,0.0,-7.9139682,-1.0308203,3.58735207,-0.77169517,-1.97803423,0.0,0.0,0.1629144,-0.33329453
1760625239.833,0.80649088,-0.19943687,0.89767076,-0.008654,0.95611653,-0.00670666,80.0,-7.0,0.0,80.0,1.3962634,0.0,0.0,0.0,80.0,-7.0,0.0,80.0,1.3962634,0.0,0.0,0.0,-3.55345912,0.33413668,-3.119108,3.48858069,-1.11157159,3.19443727,8.47254297,0.0,-7.91906117,-1.023295,3.57764627,-0.76567823,-1.99562286,0.0,0.0,0.16024022,-0.33383315
1760625239.866,0.81035466,-0.18057473,0.92984409,-0.00817878,0.95600219,-0.00668763,80.0,-7.0,0.0,80.0,1.3962634,0.0,0.0,0.0,80.0,-7.0,0.0,80.0,1.3962634,0.0,0.0,0.0,-3.51793908,0.31891172,-3.11321004,3.44966579,-1.14322379,3.13850266,8.49772987,0.02245583,-7.94526278,-1.01345194,3.53429178,-0.74517692,-1.97892071,0.0,0.0,0.16710081,-0.30783803
1760625239.9,0.80394441,-0.17905224,0.9304257,-0.00773505,0.9560268,-0.00681825,80.0,-7.0,0.0,80.0,1.3962634,0.0,0.0,0.0,80.0,-7.0,0.0,80.0,1.3962634,0.0,0.0,0.0,-3.45573057,0.33972087,-3.10225673,3.36261197,-1.15268876,3.11527512,8.51073054,0.06442863,-7.94349229,-1.05161155,3.46270511,-0.69699459,-1.97172084,0.0,0.0,0.16542468,-0.30790657
1760625239.933,0.76219353,-0.16121818,0.92117746,-0.00665806,0.95588397,-0.00688363,80.0,-7.0,0.0,80.0,1.3962634,0.0,0.0,0.0,80.0,-7.0,0.0,80.0,1.3962634,0.0,0.0,0.0,-3.50545821,0.35763512,-3.12311506,3.32884436,-1.11830737,3.1766891,8.5757106,0.29408291,-7.87317703,-1.1262806,3.54272129,-0.66002994,-1.94579628,0.0,0.0,0.17235852,-0.30484351
1760625239.967,0.77752379,-0.16013012,0.94648872,-0.00641097,0.95568443,-0.00691142,80.0,-7.0,0.0,80.0,1.3962634,0.0,0.0,0.0,80.0,-7.0,0.0,80.0,1.3962634,0.0,0.0,0.0,-3.6298002,0.39276687,-3.17651621,3.29945037,-1.1251339,3.25058112,8.62503894,0.49019152,-7.70890212,-1.22889802,3.63724426,-0.63265072,-1.93955466,0.0,0.0,0.17653113,-0.28132826
1760625240.0,0.7709366,-0.14050175,0.93852053,-0.00704301,0.95561929,-0.00688015,80.0,-7.0,0.0,80.0,1.3962634,0.0,0.0,0.0,80.0,-7.0,0.0,80.0,1.3962634,0.0,0.0,0.0,-3.65216583,0.40265304,-3.17027236,3.275158,-1.17287964,3.19943154,7.93179862,0.51897505,-7.01247637,-1.13670254,3.66696628,-0.62104005,-1.90283227,0.0,0.0,0.17820955,-0.28296315
1760625240.034,0.77656132,-0.14598299,0.9344468,-0.00755441,0.95560953,-0.00668578,80.0,-7.0,0.0,80.0,1.3962634,0.0,0.0,0.0,80.0,-7.0,0.0,80.0,1.3962634,0.0,0.0,0.0,-3.65214863,0.40378932,-3.19423555,3.237891,-1.24486264,3.24416871,7.86203192,0.46604183,-7.05701812,-1.10194341,3.66415434,-0.6710542,-1.8428727,0.0,0.0,0.18893418,-0.28156114
1760625240.067,0.75936485,-0.13334999,0.94113149,-0.00735527,0.95556251,-0.00658675,80.0,-7.0,0.0,80.0,1.3962634,0.0,0.0,0.0,80.0,-7.0,0.0,80.0,1.3962634,0.0,0.0,0.0,-3.65222557,0.42772696,-3.18886408,3.19843153,-1.33112763,3.13675548,6.95285599,0.55995788,-6.11666525,-0.923374,3.69098009,-0.67984689,-1.82577997,0.0,0.0,0.20861575,-0.28245512
1760625240.101,0.73993506,-0.13240195,0.95109512,-0.00694941,0.95546004,-0.0059257,80.0,-7.0,0.0,80.0,1.3962634,0.0,0.0,0.0,80.0,-7.0,0.0,80.0,1.3962634,0.0,0.0,0.0,-3.67951276,0.40694174,-3.21285913,3.22730508,-1.34346182,2.98983318,6.93417008,0.67353968,-6.13098466,-0.91915576,3.7558783,-0.75328945,-1.87116937,0.0,0.0,0.21749578,-0.29469818
1760625240.134,0.74127884,-0.12464908,0.93691807,-0.00676079,0.95547579,-0.00495105,80.0,-7.0,0.0,80.0,1.3962634,0.0,0.0,0.0,80.0,-7.0,0.0,80.0,1.3962634,0.0,0.0,0.0,-3.6877312,0.40017703,-3.24855738,3.22546334,-1.36556772,2.88012548,6.90286374,0.71968817,-6.15842685,-0.89502001,3.761904,-0.8043678,-1.93555453,0.0,0.0,0.21523479,-0.30223669
1760625240.168,0.73526716,-0.12911685,0.96422789,-0.00634841,0.95538983,-0.00475842,80.0,-7.0,0.0,80.0,1.3962634,0.0,0.0,0.0,80.0,-7.0,0.0,80.0,1.3962634,0.0,0.0,0.0,-3.69171932,0.37431599,-3.28167949,3.21276829,-1.3323197,2.77373901,6.90292581,0.72756027,-6.13705722,-0.884611,3.7526055,-0.86535063,-1.91745557,0.0,0.0,0.21900226,-0.31119169
1760625240.201,0.71835481,-0.10030053,0.96440302,-0.00577297,0.95519541,-0.00465248,80.0,-7.0,0.0,80.0,1.3962634,0.0,0.0,0.0,80.0,-7.0,0.0,80.0,1.3962634,0.0,0.0,0.0,-3.6509289,0.29997862,-3.24747564,3.20476904,-1.25725605,2.62994096,6.81517776,0.7455544,-6.09099502,-0.87246329,3.70893488,-0.91673458,-1.89855389,0.0,0.0,0.22195503,-0.30734586
1760625240.234,0.71961427,-0.10566295,0.96123785,-0.005247,0.95517838,-0.00471573,80.0,-7.0,0.0,80.0,1.3962634,0.0,0.0,0.0,80.0,-7.0,0.0,80.0,1.3962634,0.0,0.0,0.0,-3.64157861,0.31045326,-3.2630177,3.2403701,-1.22291657,2.59220717,6.78376991,0.83548252,-6.12288712,-0.84728799,3.66720561,-0.90924326,-1.89281055,0.0,0.0,0.21521199,-0.31207072
1760625240.268,0.70513767,-0.11632193,0.95834701,-0.00478344,0.95516978,-0.00506856,80.0,-7.0,0.0,80.0,1.3962634,0.0,0.0,0.0,80.0,-7.0,0.0,80.0,1.3962634,0.0,0.0,0.0,-3.64994544,0.31882031,-3.29895903,3.27109346,-1.1915771,2.53012758,6.78936573,0.89407859,-6.11793805,-0.83619833,3.67770918,-0.9245254,-1.88462377,0.0,0.0,0.22208553,-0.31769952
1760625240.301,0.69343549,-0.1305234,1.00051772,-0.00501815,0.95512116,-0.0052528,80.0,-7.0,0.0,80.0,1.3962634,0.0,0.0,0.0,80.0,-7.0,0.0,80.0,1.3962634,0.0,0.0,0.0,-3.68109208,0.31619147,-3.29560746,3.33554175,-1.14426343,2.39272553,6.77017108,0.96321422,-6.10381941,-0.82016759,3.72203764,-0.95862917,-1.85456736,0.0,0.0,0.24216728,-0.31802749
1760625240.335,0.69148611,-0.12316688,0.99091969,-0.00477736,0.95511921,-0.0054838,80.0,-7.0,0.0,80.0,1.3962634,0.0,0.0,0.0,80.0,-7.0,0.0,80.0,1.3962634,0.0,0.0,0.0,-3.69394092,0.33278443,-3.30076107,3.37627952,-1.15611242,2.38426769,6.7425892,1.02554155,-6.10771974,-0.8231856,3.73675711,-0.97533457,-1.83138352,0.0,0.0,0.23798713,-0.32224686
1760625240.368,0.69911467,-0.13427667,1.00356509,-0.00495193,0.95510517,-0.00563576,80.0,-7.0,0.0,80.0,1.3962634,0.0,0.0,0.0,80.0,-7.0,0.0,80.0,1.3962634,0.0,0.0,0.0,-3.77865147,0.37175492,-3.2513105,3.48242422,-1.17803981,2.30235934,6.2390833,1.10613841,-5.61196378,-0.72724589,3.83383178,-0.99328305,-1.76111382,0.0,0.0,0.25189434,-0.32020121
1760625240.402,0.70110239,-0.13455282,1.01570955,-0.00493739,0.9549548,-0.00565355,80.0,-7.0,0.0,80.0,1.3962634,0.0,0.0,0.0,80.0,-7.0,0.0,80.0,1.3962634,0.0,0.0,0.0,-3.75817666,0.38489332,-3.25261372,3.48530547,-1.20645276,2.27985893,6.24575216,1.16316115,-5.6022953,-0.7177875,3.82813566,-1.04983037,-1.79479093,0.0,0.0,0.26235942,-0.32151833
1760625240.435,0.69440319,-0.13653088,1.0193222,-0.00484931,0.9549094,-0.00563562,80.0,-7.0,0.0,80.0,1.3962634,0.0,0.0,0.0,80.0,-7.0,0.0,80.0,1.3962634,0.0,0.0,0.0,-3.75003365,0.39868421,-3.26801334,3.50000992,-1.21429773,2.26271655,6.22999651,1.33486811,-5.61248242,-0.72479841,3.83670223,-1.10486908,-1.79918714,0.0,0.0,0.27999435,-0.33406496
1760625240.468,0.69516126,-0.13532786,1.04493775,-0.00471752,0.95498418,-0.00569644,80.0,-7.0,0.0,80.0,1.3962634,0.0,0.0,0.0,80.0,-7.0,0.0,80.0,1.3962634,0.0,0.0,0.0,-3.92743872,0.36103122,-3.29886911,3.6789336,-1.15531859,2.29776724,6.15773416,1.48648424,-5.51716048,-0.7324109,3.99769885,-1.20865271,-1.81685756,0.0,0.0,0.31288561,-0.36465125
1760625240.502,0.70219837,-0.15513248,1.07192989,-0.0053809,0.95510242,-0.0057216,80.0,-7.0,0.0,80.0,1.3962634,0.0,0.0,0.0,80.0,-7.0,0.0,80.0,1.3962634,0.0,0.0,0.0,-3.94337602,0.37697096,-3.34113019,3.67444904,-1.17127895,2.14836987,6.17328868,1.89623151,-5.43628367,-0.72653967,3.95313637,-1.24886992,-1.81228631,0.0,0.0,0.28789723,-0.38951348
1760625240.535,0.70182361,-0.16418342,1.06357162,-0.00575104,0.95517995,-0.00594747,80.0,-7.0,0.0,80.0,1.3962634,0.0,0.0,0.0,80.0,-7.0,0.0,80.0,1.3962634,0.0,0.0,0.0,-3.94423448,0.37344718,-3.33998371,3.71455401,-1.16611803,2.139425,6.16476059,2.11786252,-5.43886856,-0.68802079,3.90219652,-1.267527,-1.79542733,0.0,0.0,0.28743904,-0.39116377
1760625240.569,0.68960738,-0.1702975,1.05439666,-0.0057376,0.95507843,-0.00615614,80.0,-7.0,0.0,80.0,1.3962634,0.0,0.0,0.0,80.0,-7.0,0.0,80.0,1.3962634,0.0,0.0,0.0,-3.90074379,0.36715342,-3.21180634,3.72084531,-1.14972648,1.99148693,5.55675186,2.10437013,-4.85184654,-0.58021799,3.82324515,-1.25484338,-1.68254396,0.0,0.0,0.28619016,-0.39215607
1760625240.603,0.67894529,-0.17143994,1.05932938,-0.00518143,0.95499479,-0.00641161,80.0,-7.0,0.0,80.0,1.3962634,0.0,0.0,0.0,80.0,-7.0,0.0,80.0,1.3962634,0.0,0.0,0.0,-3.89923212,0.36120546,-3.20470845,3.77861487,-1.13164332,1.97557417,5.53164204,2.14803229,-4.89181595,-0.55781385,3.80351317,-1.24558305,-1.69312474,0.0,0.0,0.28417059,-0.3843773
1760625240.636,0.6782267,-0.1721755,1.08804168,-0.00547554,0.95496665,-0.00677201,80.0,-7.0,0.0,80.0,1.3962634,0.0,0.0,0.0,80.0,-7.0,0.0,80.0,1.3962634,0.0,0.0,0.0,-3.93823189,0.37003777,-3.16597448,3.82717368,-1.12762474,1.92354557,5.57414858,2.16846588,-4.96388967,-0.54232959,3.84180804,-1.23169731,-1.66554684,0.0,0.0,0.28418897,-0.33077716
1760625240.669,0.68708213,-0.17072062,1.09169027,-0.00515398,0.95490373,-0.00728293,80.0,-7.0,0.0,80.0,1.3962634,0.0,0.0,0.0,80.0,-7.0,0.0,80.0,1.3962634,0.0,0.0,0.0,-3.93637278,0.37646061,-3.15977115,3.81557441,-1.12228207,1.92156632,5.54886409,2.26071675,-5.00384614,-0.50710467,3.82449521,-1.22383347,-1.65163521,0.0,0.0,0.2816862,-0.33812301
1760625240.703,0.69881422,-0.16424629,1.11211333,-0.00488642,0.9549104,-0.00726443,80.0,-7.0,0.0,80.0,1.3962634,0.0,0.0,0.0,80.0,-7.0,0.0,80.0,1.3962634,0.0,0.0,0.0,-3.77942309,0.3698064,-3.06421649,3.61831401,-1.10815595,1.8813775,5.51626364,2.41921744,-5.01236713,-0.50305552,3.6689834,-1.21371869,-1.61706417,0.0,0.0,0.31688078,-0.33660533
1760625240.736,0.69882651,-0.15603728,1.13503282,-0.00479596,0.95479981,-0.00685746,80.0,-7.0,0.0,80.0,1.3962634,0.0,0.0,0.0,80.0,-7.0,0.0,80.0,1.3962634,0.0,0.0,0.0,-3.72486323,0.33018526,-3.03292559,3.5421462,-1.07018978,1.83284626,5.50504297,2.52769992,-4.95960682,-0.50344437,3.62168462,-1.23970949,-1.65236011,0.0,0.0,0.35064982,-0.32348751
1760625240.77,0.69162028,-0.14938088,1.1394962,-0.00448198,0.95465335,-0.0065257,80.0,-7.0,0.0,80.0,1.3962634,0.0,0.0,0.0,80.0,-7.0,0.0,80.0,1.3962634,0.0,0.0,0.0,-3.72068746,0.31649107,-3.01515928,3.5405602,-1.04839572,1.80521271,5.50762012,2.607038,-4.94035358,-0.49209013,3.64881831,-1.24133887,-1.70028474,0.0,0.0,0.38469997,-0.31265248
1760625240.803,0.67744804,-0.13836813,1.12221492,-0.004281,0.9547837,-0.00643379,80.0,-7.0,0.0,80.0,1.3962634,0.0,0.0,0.0,80.0,-7.0,0.0,80.0,1.3962634,0.0,0.0,0.0,-3.73309951,0.26881435,-2.98156519,3.56856432,-0.97479001,1.80396724,5.48229379,2.58503356,-4.9195503,-0.46900763,3.69093633,-1.246912,-1.79361427,0.0,0.0,0.61321214,-0.23076314
1760625240.837,0.70379507,-0.13689195,1.11191276,-0.00453426,0.95490805,-0.0067268,80.0,-7.0,0.0,80.0,1.3962634,0.0,0.0,0.0,80.0,-7.0,0.0,80.0,1.3962634,0.0,0.0,0.0,-3.73388709,0.2495198,-2.96670257,3.5380896,-0.92971416,1.81307486,5.42988637,2.54497292,-4.86027692,-0.46893692,3.68172461,-1.20777416,-1.91538834,0.0,0.0,0.74874636,-0.1805595
1760625240.87,0.70695497,-0.14133838,1.1047796,-0.00508313,0.95502794,-0.00672878,80.0,-7.0,0.0,80.0,1.3962634,0.0,0.0,0.0,80.0,-7.0,0.0,80.0,1.3962634,0.0,0.0,0.0,-3.76205579,0.22439636,-3.00843747,3.55204093,-0.89079053,1.87147879,5.33828925,2.57763689,-4.78284907,-0.43664261,3.73606289,-1.16735592,-2.08332451,0.0,0.0,0.77344315,-0.14736336
1760625240.903,0.69169257,-0.14167607,1.11262599,-0.00546167,0.95494261,-0.00646935,80.0,-7.0,0.0,80.0,1.3962634,0.0,0.0,0.0,80.0,-7.0,0.0,80.0,1.3962634,0.0,0.0,0.0,-3.64290546,0.17949341,-2.99712115,3.41938686,-0.82252174,1.80756793,5.15415342,2.55516813,-4.62224881,-0.40121919,3.62035812,-1.10809787,-2.13355241,0.0,0.0,0.75813293,-0.06842843
1760625240.937,0.71174394,-0.1462309,1.10496972,-0.00643101,0.95507216,-0.00672269,80.0,-7.0,0.0,80.0,1.3962634,0.0,0.0,0.0,80.0,-7.0,0.0,80.0,1.3962634,0.0,0.0,0.0,-3.65292054,0.1699966,-3.00667994,3.41268983,-0.80156883,1.80145134,5.11690151,2.54988475,-4.64232464,-0.38155608,3.56938436,-1.0446482,-2.11638594,0.0,0.0,0.74913841,-0.06216726
1760625240.97,0.74503997,-0.13534893,1.10393755,-0.00681571,0.95526405,-0.00712414,80.0,-7.0,0.0,80.0,1.3962634,0.0,0.0,0.0,80.0,-7.0,0.0,80.0,1.3962634,0.0,0.0,0.0,-3.65477493,0.19162078,-2.99896037,3.36444943,-0.84403654,1.78596279,5.09474471,2.57800488,-4.63718903,-0.34222354,3.50795869,-0.93693283,-2.14009153,0.0,0.0,0.75679557,-0.02497396
1760625241.004,0.73744244,-0.1423933,1.12029076,-0.00736919,0.95543154,-0.00721925,80.0,-7.0,0.0,80.0,1.3962634,0.0,0.0,0.0,80.0,-7.0,0.0,80.0,1.3962634,0.0,0.0,0.0,-3.65895126,0.1950159,-2.97488913,3.37204081,-0.81014183,1.78174363,5.07156482,2.46544054,-4.65349656,-0.31722611,3.45687046,-0.86145699,-2.184541,0.0,0.0,0.74435956,-0.02185552
1760625241.037,0.72716619,-0.14411381,1.13192417,-0.00684027,0.95525248,-0.00766017,80.0,-7.0,0.0,80.0,1.3962634,0.0,0.0,0.0,80.0,-7.0,0.0,80.0,1.3962634,0.0,0.0,0.0,-3.61258839,0.27960127,-2.99277385,3.33715083,-0.88878848,1.78527369,5.07876869,2.4960993,-4.68162625,-0.2858621,3.359029,-0.73098625,-2.17373765,0.0,0.0,0.67606025,-0.00955536
1760625241.071,0.70821092,-0.15648069,1.17476617,-0.00610768,0.95512013,-0.00789316,80.0,-7.0,0.0,80.0,1.3962634,0.0,0.0,0.0,80.0,-7.0,0.0,80.0,1.3962634,0.0,0.0,0.0,-3.57712803,0.31246154,-2.98099105,3.32240317,-0.8977035,1.74146648,5.12239854,2.51913174,-4.72188189,-0.27882568,3.26086034,-0.67467662,-2.09343349,0.0,0.0,0.65489485,-0.00593351
1760625241.104,0.69144811,-0.15737506,1.18237754,-0.00601411,0.9550569,-0.00760978,80.0,-7.0,0.0,80.0,1.3962634,0.0,0.0,0.0,80.0,-7.0,0.0,80.0,1.3962634,0.0,0.0,0.0,-3.43137091,0.32092593,-2.88084478,3.21077359,-0.90028161,1.72327429,5.17334909,2.41930364,-4.78413379,-0.2727889,3.02074138,-0.63618149,-1.94677972,0.0,0.0,0.61005013,-0.02531227
1760625241.138,0.66038366,-0.15359351,1.17211813,-0.00514541,0.95506474,-0.00681712,80.0,-7.0,0.0,80.0,1.3962634,0.0,0.0,0.0,80.0,-7.0,0.0,80.0,1.3962634,0.0,0.0,0.0,-3.38757168,0.27461994,-2.87367996,3.19960426,-0.84638791,1.78676907,5.22147753,2.41602946,-4.84008888,-0.27387061,2.97844166,-0.67191981,-1.99229425,0.0,0.0,0.59317088,-0.03500618
1760625241.171,0.68587845,-0.15140552,1.19158183,-0.00518127,0.95524094,-0.00656244,80.0,-7.0,0.0,80.0,1.3962634,0.0,0.0,0.0,80.0,-7.0,0.0,80.0,1.3962634,0.0,0.0,0.0,-3.3424821,0.26299248,-2.89880622,3.12081239,-0.84250238,1.88339382,5.21641322,2.43612077,-4.82759191,-0.25299753,2.88795741,-0.68907955,-2.02059221,0.0,0.0,0.56324485,-0.05409592
1760625241.205,0.67418947,-0.14438936,1.21253746,-0.00536258,0.95539725,-0.00585509,80.0,-7.0,0.0,80.0,1.3962634,0.0,0.0,0.0,80.0,-7.0,0.0,80.0,1.3962634,0.0,0.0,0.0,-3.16449025,0.22699381,-2.92529005,2.94649594,-0.82141694,1.93146959,5.17289279,2.44719632,-4.74854235,-0.27361013,2.7111725,-0.75266498,-2.02672333,0.0,0.0,0.55527378,-0.05675435
1760625241.238,0.68761286,-0.14847617,1.22512521,-0.00497278,0.95536994,-0.00571835,80.0,-7.0,0.0,80.0,1.3962634,0.0,0.0,0.0,80.0,-7.0,0.0,80.0,1.3962634,0.0,0.0,0.0,-3.14969176,0.23231393,-2.92014598,2.93313164,-0.84374068,1.91244102,5.17290509,2.4841145,-4.75155034,-0.2741599,2.70407736,-0.77166654,-2.03866028,0.0,0.0,0.54852448,-0.05631686
1760625241.271,0.70899373,-0.16279784,1.2534507,-0.0053615,0.9553991,-0.00616886,80.0,-7.0,0.0,80.0,1.3962634,0.0,0.0,0.0,80.0,-7.0,0.0,80.0,1.3962634,0.0,0.0,0.0,-3.09558897,0.26715264,-2.91181114,2.86917047,-0.87614094,1.87762639,5.16507546,2.50045849,-4.73763685,-0.29822803,2.65505863,-0.77100795,-2.00060848,0.0,0.0,0.52051599,-0.05535681
1760625241.305,0.72001769,-0.16561563,1.25073988,-0.0059679,0.95566732,-0.00575686,80.0,-7.0,0.0,80.0,1.3962634,0.0,0.0,0.0,80.0,-7.0,0.0,80.0,1.3962634,0.0,0.0,0.0,-3.08124017,0.26996307,-2.91397757,2.85417747,-0.90226743,1.82771656,5.19206341,2.56027808,-4.72772068,-0.32127415,2.69093173,-0.80060343,-2.01478221,0.0,0.0,0.52536474,-0.05171933
1760625241.338,0.73179637,-0.16331235,1.26110545,-0.00631264,0.95566007,-0.00615363,80.0,-7.0,0.0,80.0,1.3962634,0.0,0.0,0.0,80.0,-7.0,0.0,80.0,1.3962634,0.0,0.0,0.0,-3.07126362,0.28951485,-2.90182244,2.85691628,-0.9213789,1.814462,5.18903191,2.47622921,-4.75059255,-0.32281619,2.71485437,-0.79724582,-2.00681651,0.0,0.0,0.53112247,-0.046332
1760625241.372,0.7547505,-0.17633466,1.26629263,-0.00569429,0.95581243,-0.00696428,80.0,-7.0,0.0,80.0,1.3962634,0.0,0.0,0.0,80.0,-7.0,0.0,80.0,1.3962634,0.0,0.0,0.0,-3.31613816,0.38199875,-3.03470167,3.10016114,-0.968499,1.92155832,5.85467976,2.45697495,-5.4046492,-0.43103779,3.03847122,-0.75364322,-2.10592244,0.0,0.0,0.53003438,-0.04984108
1760625241.405,0.74622976,-0.19548623,1.27392599,-0.00582657,0.95577858,-0.0073332,80.0,-7.0,0.0,80.0,1.3962634,0.0,0.0,0.0,80.0,-7.0,0.0,80.0,1.3962634,0.0,0.0,0.0,-3.31165303,0.46009091,-3.02669625,3.11811491,-1.00311511,1.87431811,5.88564108,2.45591029,-5.41279243,-0.44687086,3.0643934,-0.70157967,-2.08433378,0.0,0.0,0.56252183,-0.02722522
1760625241.439,0.75588809,-0.19072867,1.26999303,-0.00581528,0.9558765,-0.00733802,80.0,-7.0,0.0,80.0,1.3962634,0.0,0.0,0.0,80.0,-7.0,0.0,80.0,1.3962634,0.0,0.0,0.0,-3.30365835,0.46874649,-3.02927361,3.1247141,-0.98665303,1.87279386,5.87673704,2.43701765,-5.42722875,-0.4391595,3.07104493,-0.68905095,-2.07686823,0.0,0.0,0.56179689,-0.02773859
1760625241.472,0.76105311,-0.20668929,1.26297319,-0.00639355,0.95597348,-0.00701453,80.0,-7.0,0.0,80.0,1.3962634,0.0,0.0,0.0,80.0,-7.0,0.0,80.0,1.3962634,0.0,0.0,0.0,-3.34003988,0.51062697,-3.02974568,3.19250941,-0.98385136,1.85339547,5.91141849,2.36415239,-5.44902234,-0.44307863,3.12577714,-0.67664754,-2.04614381,0.0,0.0,0.54261407,-0.04237705
1760625241.506,0.76397888,-0.20157308,1.25060364,-0.00636746,0.95600618,-0.00676756,80.0,-7.0,0.0,80.0,1.3962634,0.0,0.0,0.0,80.0,-7.0,0.0,80.0,1.3962634,0.0,0.0,0.0,-3.33858525,0.5149913,-3.04434142,3.20665609,-0.9848158,1.85445067,5.92461797,2.37839076,-5.43826874,-0.45055998,3.12544009,-0.67370777,-2.0295613,0.0,0.0,0.54326896,-0.04173594
1760625241.539,0.7638861,-0.19123139,1.2762589,-0.00667112,0.95607058,-0.00682759,80.0,-7.0,0.0,80.0,1.3962634,0.0,0.0,0.0,80.0,-7.0,0.0,80.0,1.3962634,0.0,0.0,0.0,-3.39218404,0.54646464,-3.05450591,3.28439305,-1.02744152,1.79637737,5.95823841,2.41911983,-5.4766454,-0.46042464,3.20329904,-0.64878612,-1.99998251,0.0,0.0,0.56012663,-0.04312736
1760625241.572,0.77063071,-0.20045397,1.2546746,-0.00660333,0.95581554,-0.00697533,80.0,-7.0,0.0,80.0,1.3962634,0.0,0.0,0.0,80.0,-7.0,0.0,80.0,1.3962634,0.0,0.0,0.0,-3.32418228,0.58238942,-2.98959629,3.21868195,-1.06924675,1.70727106,6.05246411,2.44639145,-5.56070199,-0.49205101,3.1331572,-0.6210155,-1.88841179,0.0,0.0,0.52337646,-0.06810066
1760625241.606,0.76147449,-0.18439958,1.27267151,-0.0062395,0.95578983,-0.00706083,80.0,-7.0,0.0,80.0,1.3962634,0.0,0.0,0.0,80.0,-7.0,0.0,80.0,1.3962634,0.0,0.0,0.0,-3.37839327,0.57433062,-3.06280426,3.29642246,-1.09333014,1.74947889,6.11304497,2.46231321,-5.63161699,-0.5089168,3.22458045,-0.62694812,-1.88215612,0.0,0.0,0.54067303,-0.0811544
1760625241.639,0.76871789,-0.18830966,1.25000036,-0.00668791,0.95591885,-0.00701036,80.0,-7.0,0.0,80.0,1.3962634,0.0,0.0,0.0,80.0,-7.0,0.0,80.0,1.3962634,0.0,0.0,0.0,-3.37490434,0.57111887,-3.09004064,3.29672183,-1.11321077,1.72436287,6.1164908,2.4432771,-5.63005066,-0.52236229,3.22010269,-0.64088099,-1.87383559,0.0,0.0,0.53898717,-0.08257191
1760625241.673,0.79079252,-0.18725283,1.27013416,-0.00671331,0.95622235,-0.0068001,80.0,-7.0,0.0,80.0,1.3962634,0.0,0.0,0.0,80.0,-7.0,0.0,80.0,1.3962634,0.0,0.0,0.0,-3.43102305,0.55711751,-3.08154832,3.31245244,-1.13633756,1.61913352,6.88011008,2.47038781,-6.32601061,-0.6851857,3.28497669,-0.63583871,-1.81293782,0.0,0.0,0.53653579,-0.08293067
1760625241.706,0.79330237,-0.18669302,1.27647644,-0.00656953,0.95635356,-0.00681756,80.0,-7.0,0.0,80.0,1.3962634,0.0,0.0,0.0,80.0,-7.0,0.0,80.0,1.3962634,0.0,0.0,0.0,-3.42691972,0.54186357,-3.07533141,3.2907232,-1.13177159,1.56925586,6.89185606,2.4793338,-6.32207837,-0.69725462,3.30143127,-0.62539214,-1.8574012,0.0,0.0,0.54435309,-0.08031069
1760625241.74,0.80070727,-0.1799105,1.2666671,-0.00691207,0.95627961,-0.00680164,80.0,-7.0,0.0,80.0,1.3962634,0.0,0.0,0.0,80.0,-7.0,0.0,80.0,1.3962634,0.0,0.0,0.0,-3.42644982,0.52770481,-3.10352936,3.27866401,-1.15000125,1.52438528,6.87496405,2.49715542,-6.33446866,-0.69257373,3.28528616,-0.61453369,-1.86309759,0.0,0.0,0.55061059,-0.07767829
1760625241.773,0.79139459,-0.17444003,1.26702749,-0.00729259,0.95613625,-0.00642476,80.0,-7.0,0.0,80.0,1.3962634,0.0,0.0,0.0,80.0,-7.0,0.0,80.0,1.3962634,0.0,0.0,0.0,-3.44338405,0.51614959,-3.13292766,3.25690872,-1.16971951,1.50002851,6.88920644,2.52584133,-6.30685073,-0.68579779,3.28082187,-0.60652328,-1.8603623,0.0,0.0,0.55908535,-0.07261725
1760625241.807,0.79058917,-0.14994757,1.29391784,-0.00796009,0.95612357,-0.0062555,80.0,-7.0,0.0,80.0,1.3962634,0.0,0.0,0.0,80.0,-7.0,0.0,80.0,1.3962634,0.0,0.0,0.0,-3.48413092,0.49241294,-3.19935386,3.29013896,-1.19288894,1.51349898,6.05845063,2.62241952,-5.4955905,-0.52382001,3.27704285,-0.61094128,-1.89985556,0.0,0.0626072,0.55729926,-0.07085362
1760625241.84,0.78896047,-0.15124385,1.29062363,-0.00857857,0.95617028,-0.00618578,80.0,-7.0,0.0,80.0,1.3962634,0.0,0.0,0.0,80.0,-7.0,0.0,80.0,1.3962634,0.0,0.0,0.0,-3.50398531,0.4919922,-3.22084853,3.28718342,-1.22378391,1.47894033,6.04992357,2.65272377,-5.48841103,-0.50657309,3.24732558,-0.61863362,-1.92352575,0.0,0.10827556,0.55521812,-0.07463057
1760625241.874,0.78590186,-0.14384619,1.30803009,-0.00858708,0.95620133,-0.0062917,80.0,-7.0,0.0,80.0,1.3962634,0.0,0.0,0.0,80.0,-7.0,0.0,80.0,1.3962634,0.0,0.0,0.0,-3.5432177,0.50485026,-3.28092199,3.28352824,-1.27032251,1.45002091,5.57049705,2.79938116,-5.00114747,-0.43975968,3.24651367,-0.6254441,-2.00238183,0.0,0.17024698,0.55483004,-0.07866736
1760625241.907,0.76573413,-0.14452827,1.30589935,-0.00798979,0.95619043,-0.00641426,80.0,-7.0,0.0,80.0,1.3962634,0.0,0.0,0.0,80.0,-7.0,0.0,80.0,1.3962634,0.0,0.0,0.0,-3.56019782,0.50941749,-3.29637116,3.27594762,-1.30663596,1.39702232,5.5750813,2.88126156,-4.98682371,-0.44931393,3.25783588,-0.6503304,-2.05575771,0.0,0.22554131,0.55659988,-0.08314682
1760625241.94,0.76577895,-0.14302643,1.30165757,-0.00826327,0.95641181,-0.00647907,80.0,-7.0,0.0,80.0,1.3962634,0.0,0.0,0.0,80.0,-7.0,0.0,80.0,1.3962634,0.0,0.0,0.0,-3.56299181,0.51206562,-3.33105009,3.24604211,-1.35052802,1.28115266,5.56025615,2.97069299,-4.9861381,-0.43619225,3.24164883,-0.67093273,-2.12725409,0.0,0.23889996,0.55373309,-0.08957055
1760625241.974,0.75669219,-0.1389271,1.32285171,-0.00804326,0.9566053,-0.00662553,80.0,-7.0,0.0,80.0,1.3962634,0.0,0.0,0.0,80.0,-7.0,0.0,80.0,1.3962634,0.0,0.0,0.0,-3.56897444,0.51585012,-3.34892147,3.22924902,-1.40703287,1.15733946,5.54812703,3.02885338,-4.99486413,-0.43987373,3.24299466,-0.70865994,-2.1777549,0.0,0.34013285,0.55830852,-0.09244683
1760625242.007,0.7362556,-0.13729565,1.33890677,-0.00754846,0.95681131,-0.00670192,80.0,-7.0,0.0,80.0,1.3962634,0.0,0.0,0.0,80.0,-7.0,0.0,80.0,1.3962634,0.0,0.0,0.0,-3.66435939,0.51030122,-3.35760949,3.3015933,-1.42558353,1.04115242,5.58846312,3.16960482,-5.06050693,-0.45000962,3.38408949,-0.74248906,-2.17209966,0.0,0.30167219,0.57602075,-0.09302589
1760625242.041,0.73991924,-0.14214579,1.33521604,-0.0075847,0.95689734,-0.00649733,80.0,-7.0,0.0,80.0,1.3962634,0.0,0.0,0.0,80.0,-7.0,0.0,80.0,1.3962634,0.0,0.0,0.0,-3.67746969,0.49435412,-3.31826542,3.27128565,-1.43042821,0.86119553,6.27334898,3.27986611,-5.77969138,-0.5448567,3.40553262,-0.79051812,-2.16367667,0.0,0.31222112,0.57023314,-0.09929256
1760625242.074,0.73949075,-0.10265487,1.33921853,-0.00735813,0.95694534,-0.00582054,80.0,-7.0,0.0,80.0,1.3962634,0.0,0.0,0.0,80.0,-7.0,0.0,80.0,1.3962634,0.0,0.0,0.0,-3.63928983,0.37940415,-3.25820059,3.18896607,-1.35240886,0.71991001,6.36323708,3.31763996,-5.91763488,-0.56441626,3.36608975,-0.89735848,-2.07281333,0.0,0.3016275,0.58484883,-0.096253
1760625242.108,0.74303072,-0.10705777,1.35083301,-0.00720027,0.95684785,-0.00538086,80.0,-7.0,0.0,80.0,1.3962634,0.0,0.0,0.0,80.0,-7.0,0.0,80.0,1.3962634,0.0,0.0,0.0,-3.70619349,0.35407269,-3.23802912,3.23013446,-1.33255927,0.64072122,7.12624957,3.31986856,-6.70472943,-0.65716511,3.44283545,-0.95703179,-2.02698995,0.0,0.26269431,0.60980409,-0.08393618
1760625242.141,0.73925157,-0.11274127,1.34553148,-0.00749078,0.95680425,-0.00507712,80.0,-7.0,0.0,80.0,1.3962634,0.0,0.0,0.0,80.0,-7.0,0.0,80.0,1.3962634,0.0,0.0,0.0,-3.70737976,0.34376946,-3.24399028,3.23253848,-1.32292093,0.60860673,7.12746848,3.38331352,-6.72230324,-0.63840295,3.46889232,-1.00061117,-2.04281233,0.0,0.2328084,0.60811186,-0.09291955
1760625242.175,0.73647676,-0.09994981,1.3446067,-0.00811568,0.95676409,-0.0048755,80.0,-7.0,0.0,80.0,1.3962634,0.0,0.0,0.0,80.0,-7.0,0.0,80.0,1.3962634,0.0,0.0,0.0,-3.82783724,0.25672303,-3.24380081,3.34368478,-1.23088552,0.55152605,7.17369589,3.38854634,-6.76370402,-0.66469011,3.61648652,-1.12767986,-2.0245898,0.0,0.23930511,0.59043805,-0.12218248
1760625242.208,0.75867743,-0.1027634,1.33326407,-0.00954682,0.95675957,-0.00517637,80.0,-7.0,0.0,80.0,1.3962634,0.0,0.0,0.0,80.0,-7.0,0.0,80.0,1.3962634,0.0,0.0,0.0,-3.83443449,0.26065879,-3.24582574,3.33218363,-1.23109982,0.54315778,7.17643252,3.45357624,-6.7707847,-0.6693052,3.61901611,-1.15383642,-2.02722812,0.0,0.24097018,0.59513688,-0.12294115
1760625242.241,0.76830087,-0.11995551,1.33478961,-0.00970442,0.95678933,-0.00489174,80.0,-7.0,0.0,80.0,1.3962634,0.0,0.0,0.0,80.0,-7.0,0.0,80.0,1.3962634,0.0,0.0,0.0,-3.85312866,0.2428611,-3.23431976,3.35818888,-1.20005435,0.5052499,7.19622142,3.41615583,-6.79378814,-0.6917325,3.64477578,-1.22209297,-2.04504726,0.0,0.27352246,0.60424016,-0.12395759
1760625242.275,0.77527475,-0.12970263,1.35799773,-0.0099005,0.95669693,-0.00493255,80.0,-7.0,0.0,80.0,1.3962634,0.0,0.0,0.0,80.0,-7.0,0.0,80.0,1.3962634,0.0,0.0,0.0,-3.86060768,0.21050068,-3.21285959,3.3783229,-1.16703535,0.40005185,7.2531569,3.41089808,-6.83935032,-0.72033053,3.6522514,-1.29887894,-1.98450629,0.0,0.24013737,0.61275331,-0.13082846
1760625242.308,0.77248629,-0.12649589,1.35431494,-0.00977457,0.95653585,-0.00520904,80.0,-7.0,0.0,80.0,1.3962634,0.0,0.0,0.0,80.0,-7.0,0.0,80.0,1.3962634,0.0,0.0,0.0,-3.86355963,0.21532127,-3.19986183,3.38336244,-1.16495149,0.42583299,7.27678745,3.41426144,-6.82504629,-0.75510676,3.66111661,-1.30890301,-1.97145703,0.0,0.24246152,0.6165965,-0.12738831
1760625242.342,0.77405896,-0.15796138,1.37031051,-0.00950183,0.95605215,-0.00584649,80.0,-7.0,0.0,80.0,1.3962634,0.0,0.0,0.0,80.0,-7.0,0.0,80.0,1.3962634,0.0,0.0,0.0,-3.76959596,0.25807644,-3.15221956,3.30013097,-1.17831589,0.37550094,7.27883838,3.39287115,-6.81002997,-0.79392785,3.5388875,-1.31185928,-1.88667644,0.0,0.24142126,0.61060392,-0.11198135
1760625242.375,0.76207954,-0.15710935,1.37455668,-0.00910137,0.9556224,-0.00605061,80.0,-7.0,0.0,80.0,1.3962634,0.0,0.0,0.0,80.0,-7.0,0.0,80.0,1.3962634,0.0,0.0,0.0,-3.76037886,0.26434318,-3.14378632,3.31384777,-1.17767823,0.38046818,7.26556221,3.34658747,-6.80293258,-0.81053833,3.51872496,-1.31886826,-1.87125914,0.0,0.26827821,0.61344045,-0.11191568
1760625242.409,0.70109809,-0.17322307,1.39041111,-0.00817989,0.95518835,-0.00622331,80.0,-7.0,0.0,80.0,1.3962634,0.0,0.0,0.0,80.0,-7.0,0.0,80.0,1.3962634,0.0,0.0,0.0,-3.79279107,0.28037832,-3.09510528,3.40810907,-1.15582507,0.38180935,7.22738685,3.32174401,-6.73990608,-0.81912635,3.5853444,-1.3329519,-1.77233841,0.0,0.25303333,0.63076081,-0.11356754
1760625242.442,0.7075345,-0.17580508,1.39822081,-0.00713152,0.95495613,-0.00647684,80.0,-7.0,0.0,80.0,1.3962634,0.0,0.0,0.0,80.0,-7.0,0.0,80.0,1.3962634,0.0,0.0,0.0,-3.77475421,0.30111126,-3.0158231,3.37699815,-1.15018998,0.37033597,6.62903141,3.27530955,-6.06744652,-0.73105256,3.52845685,-1.31498934,-1.63232992,0.0,0.24917858,0.6245062,-0.10605164
1760625242.476,0.69219258,-0.17774744,1.41208897,-0.00665912,0.9548735,-0.00636012,80.0,-7.0,0.0,80.0,1.3962634,0.0,0.0,0.0,80.0,-7.0,0.0,80.0,1.3962634,0.0,0.0,0.0,-3.76520596,0.30917531,-3.0161577,3.37497486,-1.12486343,0.38104048,6.63535078,3.28702564,-6.05572568,-0.71147842,3.50796302,-1.31046854,-1.5991035,0.0,0.23809639,0.61887618,-0.09419754
1760625242.509,0.67663806,-0.17885013,1.42747719,-0.00655649,0.9548046,-0.00634167,80.0,-7.0,0.0,80.0,1.3962634,0.0,0.0,0.0,80.0,-7.0,0.0,80.0,1.3962634,0.0,0.0,0.0,-3.7680015,0.31465314,-2.99857003,3.38534459,-1.10614337,0.42910632,6.62585935,3.25080076,-6.05477689,-0.68057477,3.50741891,-1.30870166,-1.55940579,0.0,0.23342479,0.61439567,-0.09233008
1760625242.543,0.66245816,-0.19119794,1.42908445,-0.0067867,0.95490495,-0.00666121,80.0,-7.0,0.0,80.0,1.3962634,0.0,0.0,0.0,80.0,-7.0,0.0,80.0,1.3962634,0.0,0.0,0.0,-3.71953538,0.31846457,-2.97718426,3.32725311,-1.05081503,0.41263998,6.11035941,3.34565459,-5.50696172,-0.59980618,3.44884468,-1.31333428,-1.5484292,0.0,0.25550782,0.61392627,-0.09113151
1760625242.576,0.65659189,-0.18239647,1.44497,-0.00716652,0.95498496,-0.00670631,80.0,-7.0,0.0,80.0,1.3962634,0.0,0.0,0.0,80.0,-7.0,0.0,80.0,1.3962634,0.0,0.0,0.0,-3.64571901,0.30731398,-2.98022536,3.25099574,-1.04843568,0.45803054,5.47308985,3.30659703,-4.87607607,-0.47481964,3.34550704,-1.31549014,-1.55910344,0.0,0.28641559,0.6150104,-0.09008538
1760625242.609,0.64849737,-0.18434322,1.43365712,-0.00706332,0.95484296,-0.0071059,80.0,-7.0,0.0,80.0,1.3962634,0.0,0.0,0.0,80.0,-7.0,0.0,80.0,1.3962634,0.0,0.0,0.0,-3.63884125,0.32743977,-2.97059555,3.24040398,-1.06410702,0.46685022,5.45542444,3.33824968,-4.85203087,-0.47385636,3.33137815,-1.28947992,-1.58974317,0.0,0.27519417,0.60769302,-0.0899124
1760625242.643,0.62623965,-0.19256627,1.43776836,-0.00620382,0.95470098,-0.00692255,80.0,-7.0,0.0,80.0,1.3962634,0.0,0.0,0.0,80.0,-7.0,0.0,80.0,1.3962634,0.0,0.0,0.0,-3.54643561,0.3271399,-2.92452764,3.15721731,-1.06279681,0.37826239,4.90742779,3.42193302,-4.28420069,-0.38946752,3.23185595,-1.2774278,-1.59098264,0.0,0.30954696,0.59913736,-0.0988152
1760625242.676,0.62299854,-0.19302871,1.43107616,-0.00660005,0.9547958,-0.00692874,80.0,-7.0,0.0,80.0,1.3962634,0.0,0.0,0.0,80.0,-7.0,0.0,80.0,1.3962634,0.0,0.0,0.0,-3.54220538,0.32304849,-2.93944962,3.13005366,-1.06908835,0.34422854,4.930589,3.47227203,-4.23605644,-0.41635122,3.20679285,-1.26273161,-1.61082139,0.0,0.3219453,0.59577149,-0.10061345
1760625242.71,0.60286372,-0.1881638,1.44269434,-0.00612968,0.9548314,-0.00686736,80.0,-7.0,0.0,80.0,1.3962634,0.0,0.0,0.0,80.0,-7.0,0.0,80.0,1.3962634,0.0,0.0,0.0,-3.43090638,0.303832,-2.98735241,3.01783531,-1.06802179,0.35719332,4.82364004,3.52491604,-4.11446342,-0.39961204,3.10775948,-1.23827198,-1.68395816,0.0,0.33154744,0.57842821,-0.09226177
1760625242.743,0.60149903,-0.18563916,1.44504493,-0.00593659,0.95494692,-0.00687306,80.0,-7.0,0.0,80.0,1.3962634,0.0,0.0,0.0,80.0,-7.0,0.0,80.0,1.3962634,0.0,0.0,0.0,-3.35713371,0.27194041,-2.95567483,2.94975498,-1.057733,0.33239295,4.311876,3.52580586,-3.64715099,-0.3019254,3.01554622,-1.21726804,-1.64599325,0.0,0.28702844,0.57788406,-0.09181514
1760625242.777,0.60183138,-0.18792347,1.45538121,-0.00564071,0.95489112,-0.00691687,80.0,-7.0,0.0,80.0,1.3962634,0.0,0.0,0.0,80.0,-7.0,0.0,80.0,1.3962634,0.0,0.0,0.0,-3.34874791,0.26238993,-2.95271006,2.94653503,-1.0393089,0.2952973,4.31302616,3.51084799,-3.64780085,-0.30339687,3.00060195,-1.19273876,-1.67049112,0.0,0.32810484,0.57509086,-0.09089833
1760625242.81,0.60792843,-0.18679169,1.45297761,-0.00575584,0.95494036,-0.006683,80.0,-7.0,0.0,80.0,1.3962634,0.0,0.0,0.0,80.0,-7.0,0.0,80.0,1.3962634,0.0,0.0,0.0,-3.33014762,0.24729171,-2.94729403,2.92489757,-1.02188338,0.29420121,4.31538533,3.593334,-3.64200102,-0.30156821,2.98694124,-1.16522497,-1.69452085,0.0,0.33885537,0.56969123,-0.088068
1760625242.843,0.61065935,-0.18226741,1.46098322,-0.00559793,0.95503748,-0.0067722,80.0,-7.0,0.0,80.0,1.3962634,0.0,0.0,0.0,80.0,-7.0,0.0,80.0,1.3962634,0.0,0.0,0.0,-3.29049294,0.23057525,-2.93091182,2.91285275,-1.01153399,0.41338211,4.30169514,3.44758185,-3.65659538,-0.27969579,2.94800317,-1.13041296,-1.63289365,0.0,0.27885412,0.56390945,-0.08851707
1760625242.877,0.59343449,-0.1735741,1.46332754,-0.00514907,0.95493598,-0.00704913,80.0,-7.0,0.0,80.0,1.3962634,0.0,0.0,0.0,80.0,-7.0,0.0,80.0,1.3962634,0.0,0.0,0.0,-3.0778592,0.23832568,-2.95271957,2.75597162,-1.03107304,0.38975065,4.33758314,3.43958945,-3.68160391,-0.27781937,2.76089984,-1.07663766,-1.67345375,0.0,0.30186565,0.56968389,-0.07770146
1760625242.91,0.59200781,-0.17131348,1.46922151,-0.00506041,0.95491903,-0.00738997,80.0,-7.0,0.0,80.0,1.3962634,0.0,0.0,0.0,80.0,-7.0,0.0,80.0,1.3962634,0.0,0.0,0.0,-3.05663068,0.24486344,-2.94665603,2.77166735,-1.02975069,0.37181515,4.36247795,3.41155111,-3.66933772,-0.29390528,2.75145565,-1.04439194,-1.67600996,0.0,0.32739405,0.56592669,-0.07883652
1760625242.944,0.59672629,-0.1647437,1.4802801,-0.00559667,0.95487739,-0.00773028,80.0,-7.0,0.0,80.0,1.3962634,0.0,0.0,0.0,80.0,-7.0,0.0,80.0,1.3962634,0.0,0.0,0.0,-3.01066953,0.27486215,-2.93489648,2.77627359,-1.07761249,0.38385985,4.36162268,3.37509949,-3.67852131,-0.2775058,2.71907344,-0.97731747,-1.63770069,0.0,0.31055626,0.55790718,-0.07928198
1760625242.977,0.60047495,-0.16494551,1.47716869,-0.00538986,0.95501352,-0.00767124,80.0,-7.0,0.0,80.0,1.3962634,0.0,0.0,0.0,80.0,-7.0,0.0,80.0,1.3962634,0.0,0.0,0.0,-2.99953786,0.28876583,-2.93705594,2.78561399,-1.07842166,0.41486201,4.36633991,3.39962783,-3.66690647,-0.30647929,2.73487148,-0.94795559,-1.61500252,0.0,0.32213098,0.55573024,-0.08308977
1760625243.011,0.60489506,-0.16255237,1.47747673,-0.00517653,0.95512163,-0.0074781,80.0,-7.0,0.0,80.0,1.3962634,0.0,0.0,0.0,80.0,-7.0,0.0,80.0,1.3962634,0.0,0.0,0.0,-2.98957146,0.3048004,-2.94035499,2.78284413,-1.1018432,0.43951783,4.39173248,3.46899681,-3.63626075,-0.32349809,2.74172181,-0.91811944,-1.5809393,0.0,0.33888772,0.55590159,-0.08351263
1760625243.044,0.62063958,-0.1652256,1.48620624,-0.00590951,0.95554835,-0.00673389,80.0,-7.0,0.0,80.0,1.3962634,0.0,0.0,0.0,80.0,-7.0,0.0,80.0,1.3962634,0.0,0.0,0.0,-2.98266241,0.30370606,-2.92603774,2.80365612,-1.12285583,0.50845191,4.38273825,3.42762598,-3.65299476,-0.31769106,2.77171029,-0.9147181,-1.53237459,0.0,0.4014064,0.55326676,-0.0886346
1760625243.078,0.66824147,-0.17100242,1.46165948,-0.00741116,0.95607906,-0.00622046,80.0,-7.0,0.0,80.0,1.3962634,0.0,0.0,0.0,80.0,-7.0,0.0,80.0,1.3962634,0.0,0.0,0.0,-3.09563246,0.30076536,-2.93057417,2.9015993,-1.11241156,0.59156838,4.4325247,3.38339511,-3.69512093,-0.33293655,2.90978183,-0.9142626,-1.56791636,0.0,0.39226084,0.55345421,-0.10691013
1760625243.111,0.68796125,-0.17460759,1.46174011,-0.00796912,0.95618155,-0.00620651,80.0,-7.0,0.0,80.0,1.3962634,0.0,0.0,0.0,80.0,-7.0,0.0,80.0,1.3962634,0.0,0.0,0.0,-3.09000664,0.29771292,-2.93413282,2.89400279,-1.11300242,0.5859047,4.4593029,3.45575346,-3.69563306,-0.34954648,2.93847939,-0.90721712,-1.56479408,0.0,0.35463263,0.55263464,-0.1068795
1760625243.145,0.69135252,-0.17619553,1.4743116,-0.00748409,0.95584734,-0.00653445,80.0,-7.0,0.0,80.0,1.3962634,0.0,0.0,0.0,80.0,-7.0,0.0,80.0,1.3962634,0.0,0.0,0.0,-3.05523377,0.29526316,-2.94215764,2.87331363,-1.12513999,0.56390224,5.07350015,3.45357179,-4.3015671,-0.44735434,2.93723655,-0.89270077,-1.5397105,0.0,0.31740901,0.55525691,-0.10297302
1760625243.178,0.69129049,-0.18130274,1.48289396,-0.00623575,0.95576399,-0.0067187,80.0,-7.0,0.0,80.0,1.3962634,0.0,0.0,0.0,80.0,-7.0,0.0,80.0,1.3962634,0.0,0.0,0.0,-3.04071552,0.29268272,-2.94132463,2.87713133,-1.12150559,0.58872841,5.06473909,3.37543294,-4.3128531,-0.44109109,2.94831691,-0.88371571,-1.53628311,0.0,0.29903698,0.56143213,-0.09842329
1760625243.245,0.68446559,-0.19267432,1.49081696,-0.00698617,0.95569644,-0.00695735,80.0,-7.0,0.0,80.0,1.3962634,0.0,0.0,0.0,80.0,-7.0,0.0,80.0,1.3962634,0.0,0.0,0.0,-2.77761448,0.27630389,-2.86003092,2.59877669,-1.11811109,0.48418927,5.0895476,3.38809726,-4.28892597,-0.44635283,2.68450324,-0.83793427,-1.44987335,0.0,0.0,0.64890878,-0.02454241
1760625243.278,0.68718565,-0.19687487,1.48777559,-0.00676911,0.95568918,-0.00613384,80.0,-7.0,0.0,80.0,1.3962634,0.0,0.0,0.0,80.0,-7.0,0.0,80.0,1.3962634,0.0,0.0,0.0,-2.75827288,0.23104284,-2.83924012,2.56712505,-1.06628482,0.48131093,5.08551943,3.39037653,-4.30939526,-0.44719374,2.66205227,-0.86989223,-1.53088457,0.0,0.0,0.67960587,-0.00612331
1760625243.312,0.70418042,-0.17689396,1.49522827,-0.00656761,0.95558656,-0.00606289,80.0,-7.0,0.0,80.0,1.3962634,0.0,0.0,0.0,80.0,-7.0,0.0,80.0,1.3962634,0.0,0.0,0.0,-2.67142272,0.16591752,-2.89935503,2.42035532,-1.03438166,0.49851544,5.09920744,3.4676848,-4.29769603,-0.44704156,2.53771801,-0.89364119,-1.64743471,0.0,0.0,0.68654208,-0.00655476
1760625243.345,0.68194668,-0.18221006,1.49728081,-0.00668102,0.95546761,-0.00645271,80.0,-7.0,0.0,80.0,1.3962634,0.0,0.0,0.0,80.0,-7.0,0.0,80.0,1.3962634,0.0,0.0,0.0,-2.67088175,0.16191458,-2.92272823,2.40917163,-1.03402559,0.46688727,5.09990598,3.48863195,-4.29498681,-0.43794333,2.53301729,-0.89104126,-1.66597752,0.0,0.0,0.68690178,-0.00242218
1760625243.379,0.67124204,-0.18450784,1.49811283,-0.00685891,0.95556826,-0.00635166,80.0,-7.0,0.0,80.0,1.3962634,0.0,0.0,0.0,80.0,-7.0,0.0,80.0,1.3962634,0.0,0.0,0.0,-2.68123354,0.16013502,-2.92671361,2.39217335,-1.03055239,0.47469169,5.08510655,3.48686983,-4.30767266,-0.43640223,2.53061621,-0.88688464,-1.66153185,0.0,0.0,0.68701563,-0.0012764
1760625243.412,0.69225186,-0.19405135,1.51714894,-0.00714916,0.95577792,-0.00573168,80.0,-7.0,0.0,80.0,1.3962634,0.0,0.0,0.0,80.0,-7.0,0.0,80.0,1.3962634,0.0,0.0,0.0,-2.71106181,0.12335029,-2.98688013,2.32578546,-0.98226165,0.55903163,5.0665881,3.46067146,-4.25373339,-0.44303965,2.49007408,-0.93296941,-1.69347091,0.0,0.0,0.69252945,0.02621078
1760625243.446,0.67207267,-0.19058994,1.51963449,-0.00724811,0.95583137,-0.00548778,80.0,-7.0,0.0,80.0,1.3962634,0.0,0.0,0.0,80.0,-7.0,0.0,80.0,1.3962634,0.0,0.0,0.0,-2.72812015,0.12239583,-2.99318024,2.31564972,-0.97765373,0.58922977,5.06040038,3.38789433,-4.23923053,-0.45578475,2.49991368,-0.93030525,-1.6869204,0.0,0.0,0.69815295,0.0282258
1760625243.479,0.66486578,-0.19809911,1.52338706,-0.00751542,0.95574006,-0.00599422,80.0,-7.0,0.0,80.0,1.3962634,0.0,0.0,0.0,80.0,-7.0,0.0,80.0,1.3962634,0.0,0.0,0.0,-2.8360391,0.16194646,-3.08130223,2.40427157,-1.00024696,0.66048899,5.01342599,3.35836479,-4.21984692,-0.41737626,2.58747598,-0.90585862,-1.75895334,0.0,0.0,0.71548013,0.02058192
1760625243.513,0.66458945,-0.21612135,1.51858751,-0.00691908,0.95573531,-0.00681532,80.0,-7.0,0.0,80.0,1.3962634,0.0,0.0,0.0,80.0,-7.0,0.0,80.0,1.3962634,0.0,0.0,0.0,-2.92424636,0.2176953,-3.15584724,2.42811751,-1.0128539,0.71559793,4.99903239,3.34642118,-4.16049947,-0.42906401,2.63901464,-0.87271051,-1.84375237,0.0,0.0,0.71101891,0.03351653
1760625243.546,0.6568327,-0.21490714,1.52654032,-0.00742669,0.95582543,-0.00647178,80.0,-7.0,0.0,80.0,1.3962634,0.0,0.0,0.0,80.0,-7.0,0.0,80.0,1.3962634,0.0,0.0,0.0,-3.05857865,0.2163468,-3.23172767,2.52022042,-0.99222236,0.71741224,4.97133268,3.43400354,-4.12086645,-0.41903785,2.76053211,-0.88836041,-1.93320053,0.0,0.0,0.72803467,0.02648843
1760625243.579,0.67400815,-0.21133001,1.52259886,-0.00831093,0.95588168,-0.00641859,80.0,-7.0,0.0,80.0,1.3962634,0.0,0.0,0.0,80.0,-7.0,0.0,80.0,1.3962634,0.0,0.0,0.0,-2.85303236,0.20067203,-3.15303101,2.25616746,-0.9734585,0.65225744,4.20911084,3.47898371,-3.38001633,-0.30710864,2.47885042,-0.88859606,-1.87465695,0.0,0.0,0.72954418,0.02675125
1760625243.613,0.67102554,-0.22295022,1.50600495,-0.00761762,0.95596511,-0.00633772,80.0,-7.0,0.0,80.0,1.3962634,0.0,0.0,0.0,80.0,-7.0,0.0,80.0,1.3962634,0.0,0.0,0.0,-3.04806884,0.24146845,-3.14682958,2.40915034,-0.96816464,0.61709574,4.77092158,3.52496991,-3.9126375,-0.40986622,2.64896036,-0.90071114,-1.87355414,0.0,0.0,0.72425238,0.02418385
1760625243.647,0.66922962,-0.21673049,1.50381977,-0.00795062,0.95617693,-0.00646037,80.0,-7.0,0.0,80.0,1.3962634,0.0,0.0,0.0,80.0,-7.0,0.0,80.0,1.3962634,0.0,0.0,0.0,-3.07005747,0.25398146,-3.1447227,2.3905698,-0.97564619,0.60523943,4.79038861,3.56468129,-3.90349821,-0.40678381,2.64703519,-0.91894497,-1.890836,0.0,0.03084803,0.72193481,0.02578129
1760625243.68,0.67706837,-0.21082617,1.50713632,-0.00818956,0.95624193,-0.00650518,80.0,-7.0,0.0,80.0,1.3962634,0.0,0.0,0.0,80.0,-7.0,0.0,80.0,1.3962634,0.0,0.0,0.0,-3.08814024,0.27423194,-3.12649834,2.39931797,-0.98395827,0.62044342,4.78415512,3.59339274,-3.93418309,-0.41237695,2.62335305,-0.93714226,-1.87303343,0.0,0.04737994,0.71974216,0.02625043
1760625243.713,0.67599834,-0.22874218,1.50962215,-0.0085028,0.9563967,-0.00684499,80.0,-7.0,0.0,80.0,1.3962634,0.0,0.0,0.0,80.0,-7.0,0.0,80.0,1.3962634,0.0,0.0,0.0,-3.19798757,0.33775552,-3.10412952,2.49849053,-1.0251145,0.51468604,5.31510266,3.67940913,-4.42432241,-0.50241805,2.7025692,-0.97132523,-1.83610341,0.0,0.06886812,0.71133035,0.0156173
1760625243.747,0.67610685,-0.21605347,1.53280817,-0.0085923,0.95637484,-0.00673888,80.0,-7.0,0.0,80.0,1.3962634,0.0,0.0,0.0,80.0,-7.0,0.0,80.0,1.3962634,0.0,0.0,0.0,-3.18840274,0.35316706,-3.10702848,2.49396196,-1.04921075,0.46362379,5.30886662,3.70228582,-4.41636131,-0.50820836,2.66411623,-1.0009439,-1.86492825,0.0,0.1222702,0.70317189,0.00544689
1760625243.78,0.66981139,-0.20426467,1.54611686,-0.00829424,0.95635371,-0.00641334,80.0,-7.0,0.0,80.0,1.3962634,0.0,0.0,0.0,80.0,-7.0,0.0,80.0,1.3962634,0.0,0.0,0.0,-3.18278583,0.36860949,-3.09515995,2.50487655,-1.06807768,0.46758432,5.30613388,3.63459354,-4.41133308,-0.50687548,2.65738579,-1.03470388,-1.8765711,0.0,0.16181797,0.69802685,-0.00159756
1760625243.814,0.66657942,-0.1907561,1.53822594,-0.01025159,0.95616618,-0.00601983,80.0,-7.0,0.0,80.0,1.3962634,0.0,0.0,0.0,80.0,-7.0,0.0,80.0,1.3962634,0.0,0.0,0.0,-2.90237268,0.36601966,-2.85303389,2.21552026,-1.080069,0.2598152,4.66360451,3.63196085,-3.75378751,-0.42140183,2.30424057,-1.06965103,-1.62295734,0.0,0.14709428,0.68882543,-0.0135197
1760625243.847,0.65156225,-0.17762015,1.53978257,-0.01047559,0.95623155,-0.00567429,80.0,-7.0,0.0,80.0,1.3962634,0.0,0.0,0.0,80.0,-7.0,0.0,80.0,1.3962634,0.0,0.0,0.0,-2.90329578,0.37649761,-2.85801701,2.2219176,-1.08767386,0.26582308,4.66345967,3.61224144,-3.75274869,-0.40786464,2.32475384,-1.10178352,-1.63882988,0.0,0.17008451,0.68341769,-0.01497969
1760625243.881,0.64636073,-0.14830812,1.52274711,-0.01018356,0.95638366,-0.00530083,80.0,-7.0,0.0,80.0,1.3962634,0.0,0.0,0.0,80.0,-7.0,0.0,80.0,1.3962634,0.0,0.0,0.0,-3.0695345,0.33300602,-2.92268441,2.41753343,-1.03119659,0.39733269,4.67167333,3.55736923,-3.81928252,-0.40679368,2.50713702,-1.17651621,-1.75031837,0.0,0.18680667,0.67777574,-0.01289288
1760625243.914,0.64822281,-0.12996095,1.51158598,-0.01113712,0.95621552,-0.00508179,80.0,-7.0,0.0,80.0,1.3962634,0.0,0.0,0.0,80.0,-7.0,0.0,80.0,1.3962634,0.0,0.0,0.0,-2.90057214,0.32825097,-2.89704975,2.23059061,-1.04396504,0.34498794,4.65779285,3.61000327,-3.74774064,-0.39880997,2.33245124,-1.20589857,-1.71092761,0.0,0.17607695,0.66962532,-0.02801379
1760625243.947,0.64924255,-0.12410199,1.50516741,-0.01114316,0.95604632,-0.00522001,80.0,-7.0,0.0,80.0,1.3962634,0.0,0.0,0.0,80.0,-7.0,0.0,80.0,1.3962634,0.0,0.0,0.0,-2.89419316,0.33509326,-2.90616949,2.24515647,-1.05828017,0.3193119,4.6740381,3.61190737,-3.73292221,-0.39801627,2.31906167,-1.22509524,-1.71444734,0.0,0.17792654,0.66723304,-0.03037307
1760625243.981,0.61910677,-0.11017926,1.55894217,-0.0106235,0.95586391,-0.00496873,80.0,-7.0,0.0,80.0,1.3962634,0.0,0.0,0.0,80.0,-7.0,0.0,80.0,1.3962634,0.0,0.0,0.0,-2.81928807,0.33272126,-2.8858564,2.24406722,-1.07570773,0.16080871,4.71130597,3.63209076,-3.78448236,-0.37477313,2.30168609,-1.2317901,-1.65887566,0.0,0.20709068,0.62646326,-0.07105909
1760625244.014,0.62500655,-0.09911326,1.54998827,-0.01040118,0.95588877,-0.00492386,80.0,-7.0,0.0,80.0,1.3962634,0.0,0.0,0.0,80.0,-7.0,0.0,80.0,1.3962634,0.0,0.0,0.0,-2.79854334,0.33593847,-2.88879335,2.26148351,-1.08077307,0.06279422,4.69867761,3.70589442,-3.81995151,-0.37276511,2.31594454,-1.23548014,-1.69835496,0.0,0.21500853,0.63071119,-0.06994957
1760625244.048,0.62876822,-0.08308164,1.55255307,-0.01106043,0.95594981,-0.00512343,80.0,-7.0,0.0,80.0,1.3962634,0.0,0.0,0.0,80.0,-7.0,0.0,80.0,1.3962634,0.0,0.0,0.0,-2.78627276,0.33854836,-2.86705695,2.26314645,-1.09634017,-0.01408222,4.7158161,3.72056638,-3.82944844,-0.39013057,2.34589642,-1.22026828,-1.72528241,0.0,0.24783825,0.63699861,-0.0641759
1760625244.081,0.63901255,-0.0684056,1.54659534,-0.01136021,0.95590948,-0.00493573,80.0,-7.0,0.0,80.0,1.3962634,0.0,0.0,0.0,80.0,-7.0,0.0,80.0,1.3962634,0.0,0.0,0.0,-2.77253379,0.34279426,-2.86524576,2.26713001,-1.10674624,-0.02282366,4.71688693,3.6402191,-3.83313973,-0.39239289,2.36655794,-1.20427225,-1.71355032,0.0,0.22097222,0.6401455,-0.06266662
1760625244.115,0.63298502,-0.0352429,1.52757343,-0.0115326,0.95590593,-0.00517165,80.0,-7.0,0.0,80.0,1.3962634,0.0,0.0,0.0,80.0,-7.0,0.0,80.0,1.3962634,0.0,0.0,0.0,-2.6888741,0.35594548,-2.80778155,2.22446304,-1.14154498,-0.04818458,4.68984896,3.52477354,-3.79974465,-0.39477733,2.31558797,-1.15457725,-1.64255994,0.0,0.19235205,0.66326676,-0.03511627
1760625244.148,0.66115941,-0.01707518,1.51055662,-0.01229537,0.95606882,-0.00525813,80.0,-7.0,0.0,80.0,1.3962634,0.0,0.0,0.0,80.0,-7.0,0.0,80.0,1.3962634,0.0,0.0,0.0,-2.62018088,0.3628983,-2.74682401,2.15556949,-1.15407441,-0.06982212,4.66682248,3.41933183,-3.72057097,-0.41308516,2.22116665,-1.11551279,-1.59996402,0.0,0.19331204,0.64813122,-0.03676536
1760625244.182,0.66521322,-0.00801778,1.50752927,-0.01214586,0.95616486,-0.00444665,80.0,-7.0,0.0,80.0,1.3962634,0.0,0.0,0.0,80.0,-7.0,0.0,80.0,1.3962634,0.0,0.0,0.0,-2.59385608,0.35243019,-2.75963018,2.18589401,-1.14209331,-0.04332049,4.65420732,3.35569762,-3.71509314,-0.40542003,2.23114933,-1.10649963,-1.56497192,0.0,0.15172463,0.65351324,-0.03657972
1760625244.215,0.65724502,0.0352706,1.51920074,-0.01213473,0.9560422,-0.00374764,80.0,-7.0,0.0,80.0,1.3962634,0.0,0.0,0.0,80.0,-7.0,0.0,80.0,1.3962634,0.0,0.0,0.0,-2.55533249,0.29140012,-2.81293595,2.18643068,-1.10738748,0.0071581,4.11528527,3.39273408,-3.1417604,-0.32709618,2.21300722,-1.11788657,-1.5943174,0.0,0.16644112,0.6610489,-0.02846748
1760625244.249,0.66551687,0.04320086,1.51743855,-0.01212459,0.95604488,-0.00286029,80.0,-7.0,0.0,80.0,1.3962634,0.0,0.0,0.0,80.0,-7.0,0.0,80.0,1.3962634,0.0,0.0,0.0,-2.54809004,0.27311765,-2.7967524,2.20544963,-1.09090168,0.00789576,4.14132595,3.3164799,-3.12904838,-0.34119577,2.22198235,-1.11095602,-1.57000437,0.0,0.12564361,0.67011258,-0.02628653
1760625244.282,0.67850281,0.06058758,1.49732026,-0.01260312,0.95621146,-0.00175161,80.0,-7.0,0.0,80.0,1.3962634,0.0,0.0,0.0,80.0,-7.0,0.0,80.0,1.3962634,0.0,0.0,0.0,-2.51891067,0.21804579,-2.77274958,2.21487231,-1.05277831,0.04095308,4.13318283,3.21675267,-3.15577892,-0.33099138,2.20993364,-1.12302637,-1.54318708,0.0,0.08870252,0.68324484,-0.02250708
1760625244.315,0.69624261,0.06931381,1.49790655,-0.01288083,0.95630082,-0.00151309,80.0,-7.0,0.0,80.0,1.3962634,0.0,0.0,0.0,80.0,-7.0,0.0,80.0,1.3962634,0.0,0.0,0.0,-2.49529619,0.1986203,-2.76331706,2.21785447,-1.02956053,-0.00155444,4.12468637,3.20394321,-3.17902982,-0.34796287,2.19363888,-1.1041687,-1.59478254,0.0,0.12378345,0.69221155,-0.01462736
1760625244.349,0.71587005,0.07663926,1.48687823,-0.01362868,0.95669204,-0.00211216,80.0,-7.0,0.0,80.0,1.3962634,0.0,0.0,0.0,80.0,-7.0,0.0,80.0,1.3962634,0.0,0.0,0.0,-2.48406849,0.19408864,-2.75498914,2.21191057,-1.02993289,-0.01520233,4.83450333,3.1918443,-3.85990601,-0.46338174,2.193034,-1.07597974,-1.6124431,0.0,0.0946108,0.68960011,-0.01333988
1760625244.382,0.73547882,0.07085252,1.49772338,-0.01342197,0.95677883,-0.00205707,80.0,-7.0,0.0,80.0,1.3962634,0.0,0.0,0.0,80.0,-7.0,0.0,80.0,1.3962634,0.0,0.0,0.0,-2.74205266,0.20789802,-2.77188059,2.52002943,-1.01475506,0.00923165,4.94223358,3.17994391,-4.01814357,-0.49204418,2.46558902,-1.06268307,-1.64401342,0.0,0.08880759,0.70786795,-0.01587947
1760625244.416,0.73063511,0.07136872,1.52052432,-0.01283382,0.95687894,-0.00258582,80.0,-7.0,0.0,80.0,1.3962634,0.0,0.0,0.0,80.0,-7.0,0.0,80.0,1.3962634,0.0,0.0,0.0,-2.94355447,0.24453568,-3.02528441,2.74602377,-1.02110353,0.19100247,5.85123381,3.13703842,-4.88725018,-0.66019521,2.73437157,-1.03720569,-1.88606219,0.0,0.07146397,0.7089037,-0.01570184
1760625244.449,0.72754293,0.0558867,1.51863896,-0.01166383,0.9567216,-0.0038709,80.0,-7.0,0.0,80.0,1.3962634,0.0,0.0,0.0,80.0,-7.0,0.0,80.0,1.3962634,0.0,0.0,0.0,-2.89861104,0.32283834,-2.95586732,2.72749136,-1.0784592,0.12402705,5.86832506,3.09134438,-4.88737945,-0.66312658,2.69405186,-0.94674318,-1.9204871,0.0,0.12617135,0.72637008,-0.01995085
1760625244.483,0.74329438,0.05820606,1.52449107,-0.01221342,0.95687219,-0.00438355,80.0,-7.0,0.0,80.0,1.3962634,0.0,0.0,0.0,80.0,-7.0,0.0,80.0,1.3962634,0.0,0.0,0.0,-2.88897113,0.33219966,-2.95862886,2.73812084,-1.05816708,0.11004809,5.84672242,3.08411286,-4.91254845,-0.66062945,2.67400914,-0.9145462,-1.937361,0.0,0.1203756,0.7228682,-0.02122824
1760625244.516,0.74308948,0.06429107,1.52621233,-0.01212926,0.9568241,-0.00357388,80.0,-7.0,0.0,80.0,1.3962634,0.0,0.0,0.0,80.0,-7.0,0.0,80.0,1.3962634,0.0,0.0,0.0,-2.88632369,0.33718831,-2.97056268,2.74397031,-1.04982548,0.10735409,5.86983105,3.08445863,-4.89260227,-0.66931322,2.67608844,-0.89301332,-1.94204289,0.0,0.10751597,0.72480282,-0.01689845
1760625244.55,0.75788992,0.0649978,1.5677633,-0.01263996,0.9567383,-0.00304285,80.0,-7.0,0.0,80.0,1.3962634,0.0,0.0,0.0,80.0,-7.0,0.0,80.0,1.3962634,0.0,0.0,0.0,-2.75688788,0.32107265,-2.95269135,2.60685742,-1.02324254,0.01030102,5.90160184,3.09920077,-4.91396305,-0.67159052,2.5131334,-0.88794145,-1.92036609,0.0,0.14006195,0.71663049,-0.00150286
1760625244.583,0.76011264,0.06591663,1.567956,-0.01264425,0.95683125,-0.00267548,80.0,-7.0,0.0,80.0,1.3962634,0.0,0.0,0.0,80.0,-7.0,0.0,80.0,1.3962634,0.0,0.0,0.0,-2.73689881,0.31737017,-2.95136712,2.61583334,-1.00218022,0.01669637,5.8833251,3.05075913,-4.94175549,-0.66799901,2.5026897,-0.85907944,-1.90623153,0.0,0.11507198,0.71390487,0.00237671
1760625244.616,0.76426454,0.06679787,1.56524778,-0.01327467,0.95744809,-0.00178643,80.0,-7.0,0.0,80.0,1.3962634,0.0,0.0,0.0,80.0,-7.0,0.0,80.0,1.3962634,0.0,0.0,0.0,-2.73238958,0.31319067,-2.95688349,2.6036652,-1.00058858,0.0257609,5.90326141,3.06670557,-4.94145915,-0.66899752,2.51357659,-0.85249922,-1.88631488,0.0,0.11070995,0.71400064,0.00619996
1760625244.65,0.76552746,0.05822285,1.5706853,-0.01240179,0.95750538,-0.00156096,80.0,-7.0,0.0,80.0,1.3962634,0.0,0.0,0.0,80.0,-7.0,0.0,80.0,1.3962634,0.0,0.0,0.0,-2.78890098,0.32122221,-3.02111496,2.65531527,-0.99342245,0.10934826,6.5757204,3.07704333,-5.59120123,-0.79978571,2.60583748,-0.8514477,-1.89539801,0.0,0.07891373,0.71704224,0.00945336
1760625244.683,0.76602644,0.05616706,1.56849416,-0.0117813,0.95730394,-0.00189702,80.0,-7.0,0.0,80.0,1.3962634,0.0,0.0,0.0,80.0,-7.0,0.0,80.0,1.3962634,0.0,0.0,0.0,-2.781782,0.32316164,-3.03071247,2.65283393,-1.00398779,0.09818175,6.57853626,3.10734598,-5.58743213,-0.81722867,2.63114203,-0.83687783,-1.89088393,0.0,0.05586203,0.72158352,0.01435464
1760625244.75,0.76238116,0.04560023,1.58587517,-0.01222599,0.95695406,-0.00218872,80.0,-7.0,0.0,80.0,1.3962634,0.0,0.0,0.0,80.0,-7.0,0.0,80.0,1.3962634,0.0,0.0,0.0,-2.67516031,0.3858568,-3.03636665,2.54302186,-1.08874704,0.07156758,6.17832167,3.18591643,-5.16569099,-0.75940936,2.54738869,-0.75462263,-1.83536126,0.0,0.05180694,0.72571055,0.02157728
1760625244.784,0.78054049,0.03629801,1.60161638,-0.01288453,0.95699589,-0.00221015,80.0,-7.0,0.0,80.0,1.3962634,0.0,0.0,0.0,80.0,-7.0,0.0,80.0,1.3962634,0.0,0.0,0.0,-2.5927729,0.40633474,-3.0058205,2.43492001,-1.1350154,0.03735713,6.09179821,3.16101158,-5.09647766,-0.71534142,2.43045762,-0.72543069,-1.78709668,0.0,0.03297878,0.73184158,0.03279929
1760625244.817,0.77433625,0.03498077,1.59476285,-0.01282978,0.95670253,-0.00181262,80.0,-7.0,0.0,80.0,1.3962634,0.0,0.0,0.0,80.0,-7.0,0.0,80.0,1.3962634,0.0,0.0,0.0,-2.59719581,0.40384548,-3.01497137,2.43223554,-1.13067376,0.02875145,6.08759597,3.1524019,-5.09482951,-0.71131857,2.43056439,-0.71901239,-1.78622383,0.0,0.03671126,0.73017931,0.03200753
1760625244.851,0.75038216,0.02730624,1.59507614,-0.01207596,0.95662872,-0.00130806,80.0,-7.0,0.0,80.0,1.3962634,0.0,0.0,0.0,80.0,-7.0,0.0,80.0,1.3962634,0.0,0.0,0.0,-2.63336027,0.34703914,-2.91695,2.48226125,-1.05604863,-0.02733949,5.71283896,3.14614951,-4.71748298,-0.65242074,2.47026818,-0.76759867,-1.69274508,0.0,0.05773926,0.72859756,0.03205759
1760625244.884,0.74537986,0.02257451,1.6054362,-0.01177203,0.95673094,-0.00141138,80.0,-7.0,0.0,80.0,1.3962634,0.0,0.0,0.0,80.0,-7.0,0.0,80.0,1.3962634,0.0,0.0,0.0,-2.64326203,0.33073331,-2.91067808,2.4890748,-1.03884673,-0.05210462,5.72062855,3.09633777,-4.71986038,-0.6436448,2.46188136,-0.76209301,-1.71439418,0.0,0.0983912,0.72651907,0.03250826
1760625244.918,0.74349313,0.01604039,1.60584827,-0.01155762,0.95683037,-0.00160192,80.0,-7.0,0.0,80.0,1.3962634,0.0,0.0,0.0,80.0,-7.0,0.0,80.0,1.3962634,0.0,0.0,0.0,-2.65337698,0.31880451,-2.90958086,2.50492509,-1.01941861,-0.03932744,5.70943765,3.06402421,-4.74896155,-0.62950156,2.45162367,-0.75336565,-1.69108297,0.0,0.10213741,0.71945158,0.02571551
1760625244.951,0.74250724,0.00826871,1.60632787,-0.01180255,0.95688442,-0.00213177,80.0,-7.0,0.0,80.0,1.3962634,0.0,0.0,0.0,80.0,-7.0,0.0,80.0,1.3962634,0.0,0.0,0.0,-2.67024146,0.30964648,-2.90139929,2.49590668,-1.00655984,-0.01523325,5.73284274,3.08271482,-4.74324928,-0.62964012,2.45054175,-0.74229306,-1.68085521,0.0,0.09584756,0.71897487,0.02505065
1760625244.984,0.76139958,-0.00320788,1.60425221,-0.01305203,0.95693263,-0.00269115,80.0,-7.0,0.0,80.0,1.3962634,0.0,0.0,0.0,80.0,-7.0,0.0,80.0,1.3962634,0.0,0.0,0.0,-2.69128105,0.29904134,-2.88916317,2.49856994,-1.0164175,-0.03129802,5.73164564,3.13159729,-4.77570475,-0.61637271,2.41152302,-0.72697591,-1.68432215,0.0,0.10018135,0.71222145,0.02203711
1760625245.018,0.78540791,-0.00526538,1.58364138,-0.01360766,0.95687617,-0.00306212,80.0,-7.0,0.0,80.0,1.3962634,0.0,0.0,0.0,80.0,-7.0,0.0,80.0,1.3962634,0.0,0.0,0.0,-2.74428652,0.31065846,-2.82874486,2.49671512,-1.05918998,-0.06605895,6.19769415,3.11261225,-5.19786615,-0.70613637,2.41432226,-0.69551183,-1.62790762,0.0,0.09381391,0.70822808,0.02227434
1760625245.051,0.73655807,-0.00808642,1.60188133,-0.01164309,0.95646757,-0.00437356,80.0,-7.0,0.0,80.0,1.3962634,0.0,0.0,0.0,80.0,-7.0,0.0,80.0,1.3962634,0.0,0.0,0.0,-2.79785429,0.36674698,-2.8696964,2.59053745,-1.13992869,-0.01884598,6.19588331,3.08442358,-5.18790396,-0.70829326,2.50049773,-0.62287577,-1.66693679,0.0,0.11914661,0.71249971,0.02376446
1760625245.085,0.7403687,-0.01822789,1.60847018,-0.01094219,0.9562624,-0.00470185,80.0,-7.0,0.0,80.0,1.3962634,0.0,0.0,0.0,80.0,-7.0,0.0,80.0,1.3962634,0.0,0.0,0.0,-2.81139395,0.37268825,-2.87851148,2.57969285,-1.17835618,-0.0124047,6.18043059,3.14007513,-5.17539862,-0.71663843,2.48577592,-0.61418759,-1.67805589,0.0,0.1601913,0.70567311,0.01438846
1760625245.118,0.7279377,-0.02262805,1.62877835,-0.0104466,0.95611896,-0.00509316,80.0,-7.0,0.0,80.0,1.3962634,0.0,0.0,0.0,80.0,-7.0,0.0,80.0,1.3962634,0.0,0.0,0.0,-2.78772126,0.39770249,-2.88887662,2.55227181,-1.23320076,0.06404887,5.59586757,3.13293673,-4.58464689,-0.61285672,2.45583957,-0.58094096,-1.64227419,0.0,0.12742723,0.70606366,0.00885398
1760625245.152,0.72432264,-0.02920267,1.64445152,-0.01052638,0.95602574,-0.00467771,80.0,-7.0,0.0,80.0,1.3962634,0.0,0.0,0.0,80.0,-7.0,0.0,80.0,1.3962634,0.0,0.0,0.0,-2.80087796,0.38611349,-2.86581745,2.54037385,-1.23977956,0.10166292,5.59802049,3.11851319,-4.57080655,-0.62640497,2.44888323,-0.59071815,-1.6194475,0.0,0.18413211,0.70421752,0.00445693
1760625245.185,0.71745755,-0.03183365,1.63885356,-0.01026748,0.95611132,-0.00360321,80.0,-7.0,0.0,80.0,1.3962634,0.0,0.0,0.0,80.0,-7.0,0.0,80.0,1.3962634,0.0,0.0,0.0,-2.92013354,0.32370771,-2.8845279,2.6569461,-1.1749168,0.15579097,5.59376872,3.10884137,-4.56052655,-0.6427062,2.56842158,-0.66203425,-1.57320734,0.0,0.14761915,0.72582374,0.01525828
1760625245.219,0.71337854,-0.04073844,1.64329806,-0.01056346,0.95627303,-0.00310745,80.0,-7.0,0.0,80.0,1.3962634,0.0,0.0,0.0,80.0,-7.0,0.0,80.0,1.3962634,0.0,0.0,0.0,-2.94456062,0.30655315,-2.8845835,2.65438728,-1.1679573,0.18751969,5.61470979,3.06903391,-4.53470157,-0.63654813,2.58506462,-0.68502971,-1.54839704,0.0,0.17573472,0.72346058,0.0135409
1760625245.252,0.74994228,-0.0568159,1.65938855,-0.01099124,0.95639012,-0.00338357,80.0,-7.0,0.0,80.0,1.3962634,0.0,0.0,0.0,80.0,-7.0,0.0,80.0,1.3962634,0.0,0.0,0.0,-2.9361068,0.2522573,-2.85769483,2.59595405,-1.08317222,0.15754996,5.60140714,3.00085416,-4.53832737,-0.63575881,2.5029168,-0.73165399,-1.47647496,0.0,0.16496624,0.70423093,-0.00081402
1760625245.285,0.74745498,-0.06516832,1.66696451,-0.01096776,0.95632987,-0.0037201,80.0,-7.0,0.0,80.0,1.3962634,0.0,0.0,0.0,80.0,-7.0,0.0,80.0,1.3962634,0.0,0.0,0.0,-2.93248475,0.24613128,-2.84274122,2.58020693,-1.05939654,0.14276665,5.60213981,2.98614803,-4.54787173,-0.63439546,2.49025382,-0.73316206,-1.46706018,0.0,0.18939043,0.70317388,3.14e-05
1760625245.319,0.74514457,-0.07665284,1.67632333,-0.01033313,0.95627046,-0.00374298,80.0,-7.0,0.0,80.0,1.3962634,0.0,0.0,0.0,80.0,-7.0,0.0,80.0,1.3962634,0.0,0.0,0.0,-2.93430003,0.2379906,-2.83080444,2.56038541,-1.04151648,0.12233657,5.60682008,3.00401939,-4.56688777,-0.61911505,2.48305177,-0.75746296,-1.48587932,0.0,0.25584869,0.70595762,0.00157522
1760625245.352,0.74947577,-0.0979045,1.67534509,-0.01004023,0.95623326,-0.00357849,80.0,-7.0,0.0,80.0,1.3962634,0.0,0.0,0.0,80.0,-7.0,0.0,80.0,1.3962634,0.0,0.0,0.0,-2.95331942,0.20281969,-2.84967661,2.53533483,-0.98567909,0.10996526,5.6071785,3.08022567,-4.58125138,-0.62402675,2.47851394,-0.83361717,-1.52411685,0.0,0.29320759,0.70423195,-0.01475713
1760625245.386,0.74518037,-0.10191267,1.67267352,-0.00997215,0.95620135,-0.00417044,80.0,-7.0,0.0,80.0,1.3962634,0.0,0.0,0.0,80.0,-7.0,0.0,80.0,1.3962634,0.0,0.0,0.0,-2.96133228,0.20064629,-2.86394627,2.51994518,-1.00176934,0.0755587,5.59712275,3.11863149,-4.58781776,-0.60355527,2.4713609,-0.86584507,-1.55646567,0.0,0.33221623,0.70107282,-0.01836289
1760625245.419,0.73914458,-0.10633458,1.67419047,-0.00956092,0.95596314,-0.00491831,80.0,-7.0,0.0,80.0,1.3962634,0.0,0.0,0.0,80.0,-7.0,0.0,80.0,1.3962634,0.0,0.0,0.0,-2.96925925,0.20992402,-2.89357799,2.50462359,-1.03061138,0.04496106,5.60226918,3.13905771,-4.56862033,-0.61653932,2.46317643,-0.89065588,-1.55897668,0.0,0.32469762,0.69947257,-0.02209857
1760625245.453,0.7150893,-0.1171465,1.73175813,-0.008667,0.95571627,-0.00518769,80.0,-7.0,0.0,80.0,1.3962634,0.0,0.0,0.0,80.0,-7.0,0.0,80.0,1.3962634,0.0,0.0,0.0,-3.04801005,0.23416006,-2.93352348,2.58615632,-1.07151318,-0.03403043,5.62591378,3.19187956,-4.61762496,-0.61941854,2.55879382,-0.92849364,-1.52531198,0.0,0.34195051,0.68405681,-0.03693027
1760625245.486,0.71699583,-0.11897154,1.73923911,-0.00820457,0.95566203,-0.0055255,80.0,-7.0,0.0,80.0,1.3962634,0.0,0.0,0.0,80.0,-7.0,0.0,80.0,1.3962634,0.0,0.0,0.0,-3.12578889,0.23596444,-2.92226449,2.64138886,-1.08148263,-0.03923697,5.66590544,3.22042436,-4.67971673,-0.6266676,2.62690646,-0.97371525,-1.4014785,0.0,0.30116119,0.65359963,-0.06772456
1760625245.52,0.7322165,-0.12117842,1.7157454,-0.00777048,0.95582934,-0.00501788,80.0,-7.0,0.0,80.0,1.3962634,0.0,0.0,0.0,80.0,-7.0,0.0,80.0,1.3962634,0.0,0.0,0.0,-3.33526378,0.25852084,-2.9116749,2.81703422,-1.10585115,-0.05496247,6.31650352,3.26333925,-5.3276129,-0.74277018,2.8578358,-1.012517,-1.33831083,0.0,0.31374178,0.64875644,-0.06947177
1760625245.553,0.75213202,-0.10357717,1.73462666,-0.00728139,0.95610798,-0.00510097,80.0,-7.0,0.0,80.0,1.3962634,0.0,0.0,0.0,80.0,-7.0,0.0,80.0,1.3962634,0.0,0.0,0.0,-3.58683421,0.24058992,-2.97994395,3.02296535,-1.049864,0.05732781,6.43859779,3.22391744,-5.4142243,-0.84621573,3.18938593,-1.07311342,-1.28587956,0.0,0.26472032,0.65241801,-0.05513847
1760625245.587,0.74714627,-0.09752189,1.7304874,-0.0075678,0.95590457,-0.00518379,80.0,-7.0,0.0,80.0,1.3962634,0.0,0.0,0.0,80.0,-7.0,0.0,80.0,1.3962634,0.0,0.0,0.0,-3.57354204,0.25359331,-2.99212407,2.99753417,-1.03858775,0.11784131,6.46735776,3.25338725,-5.39701267,-0.89146876,3.2481026,-1.07504309,-1.19295775,0.0,0.20476194,0.66182451,-0.0559684
1760625245.62,0.74919414,-0.09635263,1.74517338,-0.0075509,0.95574119,-0.00524545,80.0,-7.0,0.0,80.0,1.3962634,0.0,0.0,0.0,80.0,-7.0,0.0,80.0,1.3962634,0.0,0.0,0.0,-3.54862508,0.25382656,-2.98870187,3.01592544,-1.0367448,0.16329977,6.4774205,3.12909246,-5.38126627,-0.9376234,3.26854875,-1.09717585,-1.09924657,0.0,0.23907108,0.66721568,-0.05815932
1760625245.653,0.72546087,-0.09975382,1.74145635,-0.0079014,0.95577205,-0.00551086,80.0,-7.0,0.0,80.0,1.3962634,0.0,0.0,0.0,80.0,-7.0,0.0,80.0,1.3962634,0.0,0.0,0.0,-3.52755925,0.23302243,-3.00675566,3.08629364,-1.04050362,0.17596506,6.48018449,3.08886491,-5.37412551,-0.9513632,3.3260241,-1.12252503,-0.98047244,0.0,0.17727622,0.68542571,-0.05991236
1760625245.687,0.743145,-0.101775,1.72789253,-0.00880354,0.95576694,-0.00547147,80.0,-7.0,0.0,80.0,1.3962634,0.0,0.0,0.0,80.0,-7.0,0.0,80.0,1.3962634,0.0,0.0,0.0,-3.51459968,0.22146429,-3.01384301,3.09385463,-1.05199694,0.20231299,6.4868875,3.13979987,-5.34059998,-0.98370657,3.30559966,-1.13529727,-0.92751948,0.0,0.17676906,0.68326404,-0.06102181
1760625245.72,0.74318267,-0.10832446,1.71765785,-0.00875288,0.95588041,-0.00545791,80.0,-7.0,0.0,80.0,1.3962634,0.0,0.0,0.0,80.0,-7.0,0.0,80.0,1.3962634,0.0,0.0,0.0,-3.50300414,0.19821866,-3.02779022,3.11417475,-1.07133169,0.18986109,6.48723912,3.21247054,-5.3279789,-0.97538319,3.30558777,-1.15615257,-0.87726433,0.0,0.17413596,0.68511527,-0.06222696
1760625245.754,0.72290055,-0.09696885,1.71751507,-0.0086334,0.95591943,-0.00546633,80.0,-7.0,0.0,80.0,1.3962634,0.0,0.0,0.0,80.0,-7.0,0.0,80.0,1.3962634,0.0,0.0,0.0,-3.59647627,0.1500816,-2.96439753,3.2737188,-1.08900942,0.11645351,6.4499578,3.25887265,-5.34049042,-0.97375791,3.43903127,-1.19299362,-0.77113024,0.0,0.2047251,0.7038183,-0.03447893
1760625245.787,0.72290384,-0.10531344,1.71695661,-0.00848784,0.9556443,-0.00567145,80.0,-7.0,0.0,80.0,1.3962634,0.0,0.0,0.0,80.0,-7.0,0.0,80.0,1.3962634,0.0,0.0,0.0,-3.58865598,0.13960256,-2.96564092,3.27956241,-1.10992097,0.10714996,6.43811257,3.30222422,-5.34602615,-0.98912447,3.45162098,-1.21264281,-0.75329113,0.0,0.18022694,0.6962791,-0.04123847
1760625245.821,0.70257344,-0.11185779,1.72496123,-0.00823099,0.95559835,-0.00587379,80.0,-7.0,0.0,80.0,1.3962634,0.0,0.0,0.0,80.0,-7.0,0.0,80.0,1.3962634,0.0,0.0,0.0,-3.59976321,0.12448118,-2.96484167,3.30108137,-1.13843703,0.05955042,6.44064621,3.39722001,-5.34525816,-0.9679287,3.50605197,-1.25078877,-0.79001018,0.0,0.23331064,0.69808683,-0.04746112
1760625245.854,0.67665961,-0.10962137,1.74236519,-0.00839873,0.95558782,-0.00590947,80.0,-7.0,0.0,80.0,1.3962634,0.0,0.0,0.0,80.0,-7.0,0.0,80.0,1.3962634,0.0,0.0,0.0,-3.62854226,0.10821455,-2.94094911,3.35877098,-1.15140392,0.01172602,6.42502227,3.41941332,-5.36435512,-0.97191371,3.56848922,-1.30294512,-0.8456828,0.0,0.31527048,0.7027059,-0.05129827
1760625245.887,0.67714338,-0.10927347,1.75698814,-0.00845224,0.95582218,-0.00580553,80.0,-7.0,0.0,80.0,1.3962634,0.0,0.0,0.0,80.0,-7.0,0.0,80.0,1.3962634,0.0,0.0,0.0,-3.72235045,0.0882554,-2.9493262,3.45835053,-1.14138864,-0.02530652,6.44943128,3.45447309,-5.40854634,-0.96469397,3.66398595,-1.35834157,-0.83804276,0.0,0.3092289,0.68922973,-0.07815808
1760625245.921,0.68440542,-0.10809146,1.76373329,-0.00880005,0.95600913,-0.00543142,80.0,-7.0,0.0,80.0,1.3962634,0.0,0.0,0.0,80.0,-7.0,0.0,80.0,1.3962634,0.0,0.0,0.0,-3.73177016,0.08834516,-2.93939516,3.46025807,-1.1411845,-0.08519871,6.46121207,3.4884198,-5.41280452,-0.96056865,3.65568197,-1.38756194,-0.906704,0.0,0.36645644,0.68846832,-0.07563216
1760625245.954,0.68237862,-0.10951271,1.76311225,-0.00895019,0.95600495,-0.00540739,80.0,-7.0,0.0,80.0,1.3962634,0.0,0.0,0.0,80.0,-7.0,0.0,80.0,1.3962634,0.0,0.0,0.0,-3.74492694,0.08615213,-2.92353059,3.48656117,-1.13221765,-0.14368425,6.46636601,3.45837746,-5.44049545,-0.92889854,3.65435677,-1.41263072,-1.00028779,0.0,0.42854598,0.68450463,-0.07932319
1760625245.988,0.68506586,-0.11202505,1.75914042,-0.0091179,0.95602868,-0.00527248,80.0,-7.0,0.0,80.0,1.3962634,0.0,0.0,0.0,80.0,-7.0,0.0,80.0,1.3962634,0.0,0.0,0.0,-3.76161058,0.0876265,-2.91373397,3.507883,-1.11603951,-0.13888569,6.47265926,3.38960228,-5.45274067,-0.92869896,3.64385364,-1.42004378,-1.00362081,0.0,0.4089411,0.6817863,-0.08185911
1760625246.021,0.70607239,-0.11151923,1.7621296,-0.0094126,0.95597337,-0.00536749,80.0,-7.0,0.0,80.0,1.3962634,0.0,0.0,0.0,80.0,-7.0,0.0,80.0,1.3962634,0.0,0.0,0.0,-3.75829468,0.09246242,-2.89838223,3.46092294,-1.09697099,-0.1872087,6.48572153,3.41093055,-5.44648783,-0.93156603,3.58775903,-1.41763825,-1.04970901,0.0,0.46804364,0.67957337,-0.0797729
1760625246.055,0.71360965,-0.11642307,1.74998995,-0.00883082,0.95585875,-0.0052051,80.0,-7.0,0.0,80.0,1.3962634,0.0,0.0,0.0,80.0,-7.0,0.0,80.0,1.3962634,0.0,0.0,0.0,-3.68995288,0.07961076,-2.88062109,3.38374154,-1.0563227,-0.22725179,6.49632567,3.41026094,-5.4720483,-0.92575125,3.50207125,-1.41619424,-1.06346794,0.0,0.4359828,0.68657229,-0.07345644
1760625246.088,0.66626249,-0.12169561,1.75415402,-0.00929275,0.95553653,-0.00547067,80.0,-7.0,0.0,80.0,1.3962634,0.0,0.0,0.0,80.0,-7.0,0.0,80.0,1.3962634,0.0,0.0,0.0,-3.49329134,0.08662126,-2.90887883,3.21101781,-1.05716648,-0.22707907,6.321418,3.44388135,-5.2814589,-0.89331731,3.33502316,-1.40316798,-1.11336961,0.0,0.4616099,0.69538291,-0.05803267
1760625246.122,0.68287336,-0.12220905,1.75510226,-0.00855772,0.95568332,-0.00548354,80.0,-7.0,0.0,80.0,1.3962634,0.0,0.0,0.0,80.0,-7.0,0.0,80.0,1.3962634,0.0,0.0,0.0,-3.49253178,0.07939241,-2.85297653,3.17956862,-1.03982164,-0.27309002,5.73880388,3.48771858,-4.70136989,-0.79656142,3.31607108,-1.40977072,-1.06875505,0.0,0.4864207,0.69692585,-0.05431106
1760625246.155,0.68271016,-0.11912941,1.76278709,-0.00800656,0.95573369,-0.0053577,80.0,-7.0,0.0,80.0,1.3962634,0.0,0.0,0.0,80.0,-7.0,0.0,80.0,1.3962634,0.0,0.0,0.0,-3.49031121,0.08091354,-2.8463432,3.1777406,-1.03742564,-0.27998811,5.7369734,3.48754108,-4.70232521,-0.79611818,3.33142016,-1.41114254,-1.08555152,0.0,0.48040352,0.6992601,-0.05229948
1760625246.189,0.68054766,-0.12002988,1.76428594,-0.00803837,0.955743,-0.0049425,80.0,-7.0,0.0,80.0,1.3962634,0.0,0.0,0.0,80.0,-7.0,0.0,80.0,1.3962634,0.0,0.0,0.0,-3.49430206,0.07627689,-2.84759891,3.17831329,-1.03088269,-0.26314436,5.74293557,3.49041113,-4.6909178,-0.79157525,3.33669984,-1.43642581,-1.07038113,0.0,0.51001006,0.70341761,-0.05107453
1760625246.222,0.66363031,-0.12530788,1.76907289,-0.00773862,0.95567632,-0.00496583,80.0,-7.0,0.0,80.0,1.3962634,0.0,0.0,0.0,80.0,-7.0,0.0,80.0,1.3962634,0.0,0.0,0.0,-3.52390413,0.0560769,-2.83883556,3.2357054,-0.98750385,-0.25303243,5.76790729,3.472794,-4.69201243,-0.81698001,3.39306831,-1.47769414,-1.03996164,0.0,0.4593678,0.72187106,-0.04546231
1760625246.256,0.67471981,-0.12569722,1.75959597,-0.00659132,0.95578827,-0.00505402,80.0,-7.0,0.0,80.0,1.3962634,0.0,0.0,0.0,80.0,-7.0,0.0,80.0,1.3962634,0.0,0.0,0.0,-3.82578825,0.06956369,-2.82693882,3.54458865,-0.96667014,-0.23580083,6.75717045,3.43002547,-5.62483245,-0.98829071,3.71926662,-1.47213992,-1.02731607,0.0,0.4122825,0.71098806,-0.04816815
1760625246.289,0.67610436,-0.10942638,1.75755081,-0.00611332,0.95586772,-0.0050505,80.0,-7.0,0.0,80.0,1.3962634,0.0,0.0,0.0,80.0,-7.0,0.0,80.0,1.3962634,0.0,0.0,0.0,-3.93818139,0.03029646,-2.8542945,3.68040469,-0.91350808,-0.20170681,6.82762575,3.43143802,-5.71514955,-0.97531294,3.82931484,-1.49719135,-1.03442024,0.0,0.3683883,0.70285546,-0.05564464
1760625246.322,0.68641727,-0.10972417,1.76110174,-0.0065829,0.95599135,-0.00509668,80.0,-7.0,0.0,80.0,1.3962634,0.0,0.0,0.0,80.0,-7.0,0.0,80.0,1.3962634,0.0,0.0,0.0,-3.93050724,0.03672642,-2.84098526,3.68579335,-0.87156092,-0.20225942,6.81749755,3.42788431,-5.74562852,-0.92409619,3.78034053,-1.46508381,-1.05494422,0.0,0.40276388,0.70407786,-0.0479606
1760625246.356,0.70776459,-0.11738463,1.72923095,-0.00739046,0.95617018,-0.00553646,80.0,-7.0,0.0,80.0,1.3962634,0.0,0.0,0.0,80.0,-7.0,0.0,80.0,1.3962634,0.0,0.0,0.0,-3.90218638,0.05782504,-2.84018435,3.64095491,-0.84798463,-0.12931498,6.83493744,3.42481737,-5.76761856,-0.89782697,3.71989764,-1.42645639,-1.08687287,0.0,0.40520454,0.70996554,-0.03487295
1760625246.389,0.71589543,-0.11589154,1.74250785,-0.00771628,0.95616006,-0.0054072,80.0,-7.0,0.0,80.0,1.3962634,0.0,0.0,0.0,80.0,-7.0,0.0,80.0,1.3962634,0.0,0.0,0.0,-3.80891936,0.05619852,-2.85762517,3.54644497,-0.82255682,-0.11725354,6.82659002,3.44818513,-5.79037274,-0.86347618,3.59299491,-1.40505979,-1.10555569,0.0,0.40545094,0.70788832,-0.02534186
1760625246.423,0.71661624,-0.11237515,1.75421638,-0.00791362,0.95614906,-0.00526546,80.0,-7.0,0.0,80.0,1.3962634,0.0,0.0,0.0,80.0,-7.0,0.0,80.0,1.3962634,0.0,0.0,0.0,-3.79702561,0.06106897,-2.84145676,3.55735853,-0.7991189,-0.12086635,6.79453535,3.4806889,-5.82952917,-0.82887055,3.54980608,-1.38064887,-1.11002619,0.0,0.42388535,0.7045066,-0.02390686
1760625246.456,0.70900646,-0.11017217,1.75848033,-0.00762884,0.95602902,-0.00514262,80.0,-7.0,0.0,80.0,1.3962634,0.0,0.0,0.0,80.0,-7.0,0.0,80.0,1.3962634,0.0,0.0,0.0,-3.78493821,0.06719854,-2.83688764,3.5568568,-0.79552352,-0.12317406,6.79060139,3.52869294,-5.84886322,-0.81664471,3.52793046,-1.37144641,-1.09239056,0.0,0.42571726,0.70352372,-0.02521232
1760625246.49,0.69885266,-0.10262542,1.76113578,-0.00755029,0.95582644,-0.00548215,80.0,-7.0,0.0,80.0,1.3962634,0.0,0.0,0.0,80.0,-7.0,0.0,80.0,1.3962634,0.0,0.0,0.0,-3.77651523,0.08512568,-2.83048681,3.55793968,-0.81289361,-0.10158965,6.80050497,3.54126496,-5.84846702,-0.82786093,3.5287129,-1.34656084,-1.06338932,0.0,0.39602705,0.70161995,-0.02881619
1760625246.523,0.68812126,-0.09657383,1.78834653,-0.00724136,0.95566003,-0.00570026,80.0,-7.0,0.0,80.0,1.3962634,0.0,0.0,0.0,80.0,-7.0,0.0,80.0,1.3962634,0.0,0.0,0.0,-3.80603774,0.1315727,-2.80912063,3.60356595,-0.87176442,-0.14058847,6.82532047,3.59936468,-5.87622587,-0.81285643,3.57271141,-1.3056923,-1.01575424,0.0,0.41762101,0.69583677,-0.05377815
1760625246.557,0.69494084,-0.0882959,1.7807451,-0.00672126,0.95553669,-0.00497191,80.0,-7.0,0.0,80.0,1.3962634,0.0,0.0,0.0,80.0,-7.0,0.0,80.0,1.3962634,0.0,0.0,0.0,-3.80682871,0.1367737,-2.81950662,3.58974177,-0.88626783,-0.10923782,6.84444533,3.60267227,-5.85473348,-0.84112536,3.5627707,-1.30830676,-0.97140163,0.0,0.40257299,0.69746201,-0.05263031
1760625246.59,0.70209487,-0.08267655,1.78102316,-0.00655911,0.95536135,-0.00510332,80.0,-7.0,0.0,80.0,1.3962634,0.0,0.0,0.0,80.0,-7.0,0.0,80.0,1.3962634,0.0,0.0,0.0,-3.79900329,0.14173204,-2.83205701,3.57451241,-0.90155656,-0.05182031,6.85503478,3.54031199,-5.82773024,-0.84688249,3.56302106,-1.28851514,-0.89767704,0.0,0.31186297,0.70329156,-0.053064
1760625246.624,0.70364943,-0.07974702,1.78375581,-0.00625452,0.95523867,-0.00522608,80.0,-7.0,0.0,80.0,1.3962634,0.0,0.0,0.0,80.0,-7.0,0.0,80.0,1.3962634,0.0,0.0,0.0,-3.78818693,0.13374565,-2.84143219,3.57263942,-0.91890397,-0.0488716,6.87168062,3.43601641,-5.80189122,-0.82110202,3.59780646,-1.2654387,-0.87451463,0.0,0.29686127,0.71489236,-0.05466888
1760625246.657,0.70866293,-0.06050015,1.77227283,-0.00655324,0.95525405,-0.00533015,80.0,-7.0,0.0,80.0,1.3962634,0.0,0.0,0.0,80.0,-7.0,0.0,80.0,1.3962634,0.0,0.0,0.0,-3.80563902,0.14091347,-2.82544707,3.60745895,-0.96683948,-0.00403762,6.84238169,3.20950509,-5.76298173,-0.79286804,3.63375589,-1.20894239,-0.90127822,0.0,0.37568969,0.77704124,-0.02987173
1760625246.69,0.71915701,-0.06405409,1.77250329,-0.00711922,0.9553559,-0.00513465,80.0,-7.0,0.0,80.0,1.3962634,0.0,0.0,0.0,80.0,-7.0,0.0,80.0,1.3962634,0.0,0.0,0.0,-3.96133343,0.14191694,-2.85112773,3.76608976,-0.96962762,0.07563744,6.85131972,2.95271438,-5.74779156,-0.79475516,3.81879079,-1.18732894,-0.90876473,0.0,0.37077354,0.76528481,-0.02684685
1760625246.724,0.73236068,-0.05508513,1.79328743,-0.00687668,0.95537374,-0.00464279,80.0,-7.0,0.0,80.0,1.3962634,0.0,0.0,0.0,80.0,-7.0,0.0,80.0,1.3962634,0.0,0.0,0.0,-3.99583131,0.09598794,-2.83342735,3.79532825,-0.95485738,-0.00878633,6.87978594,2.76565537,-5.77240803,-0.79933322,3.81888517,-1.18848696,-0.80350855,0.0,0.39074431,0.69588853,-0.04074613
1760625246.757,0.73429903,-0.05742956,1.78373849,-0.00699409,0.95535484,-0.00409079,80.0,-7.0,0.0,80.0,1.3962634,0.0,0.0,0.0,80.0,-7.0,0.0,80.0,1.3962634,0.0,0.0,0.0,-4.00440728,0.07790329,-2.84885702,3.77970496,-0.9467643,-0.04407297,6.87737967,2.8343078,-5.78814916,-0.78809156,3.79958599,-1.18169545,-0.79100371,0.0,0.41899027,0.69142184,-0.03869896
1760625246.791,0.73364773,-0.06034158,1.78275273,-0.00744247,0.95535546,-0.003829,80.0,-7.0,0.0,80.0,1.3962634,0.0,0.0,0.0,80.0,-7.0,0.0,80.0,1.3962634,0.0,0.0,0.0,-4.00972366,0.05564548,-2.854517,3.75403161,-0.93468306,-0.09501031,6.88318418,2.90423325,-5.78455515,-0.79766403,3.8091596,-1.1635339,-0.82738018,0.0,0.44136772,0.69573802,-0.03226663
1760625246.824,0.75214368,-0.04191027,1.7750776,-0.00670677,0.95531485,-0.00356858,80.0,-7.0,0.0,80.0,1.3962634,0.0,0.0,0.0,80.0,-7.0,0.0,80.0,1.3962634,0.0,0.0,0.0,-4.14413804,-0.03299649,-2.91773795,3.84614573,-0.88084725,-0.19284178,7.06638158,3.01289731,-5.98127642,-0.82506281,3.93980822,-1.20200096,-0.925853,0.0,0.44565329,0.69766551,-0.01734002
1760625246.858,0.74276904,-0.04656607,1.77831991,-0.00615446,0.95509983,-0.00354258,80.0,-7.0,0.0,80.0,1.3962634,0.0,0.0,0.0,80.0,-7.0,0.0,80.0,1.3962634,0.0,0.0,0.0,-4.13861178,-0.04138112,-2.92455044,3.84753746,-0.88091744,-0.19830196,7.05176399,3.00380202,-6.00925331,-0.82298128,3.92954318,-1.19791972,-0.91571932,0.0,0.43101776,0.69793571,-0.02011795
1760625246.891,0.71122291,-0.05580358,1.78469948,-0.00521054,0.9548583,-0.00440163,80.0,-7.0,0.0,80.0,1.3962634,0.0,0.0,0.0,80.0,-7.0,0.0,80.0,1.3962634,0.0,0.0,0.0,-4.03294999,-0.02908492,-2.90376114,3.75521669,-0.91055569,-0.24879701,7.16570001,2.9676901,-6.10346421,-0.84333783,3.84776745,-1.17130024,-0.86075152,0.0,0.40823078,0.70745525,-0.0452937
1760625246.925,0.71147443,-0.05484604,1.77575706,-0.004829,0.95471625,-0.00477481,80.0,-7.0,0.0,80.0,1.3962634,0.0,0.0,0.0,80.0,-7.0,0.0,80.0,1.3962634,0.0,0.0,0.0,-4.03914047,-0.03793799,-2.92219788,3.75677519,-0.91888583,-0.26204154,7.16438815,2.9998039,-6.11285722,-0.83055726,3.84881766,-1.17271541,-0.87192096,0.0,0.38116015,0.70762215,-0.04431065
1760625246.958,0.71917088,-0.04832818,1.7774186,-0.00501283,0.95475931,-0.00474827,80.0,-7.0,0.0,80.0,1.3962634,0.0,0.0,0.0,80.0,-7.0,0.0,80.0,1.3962634,0.0,0.0,0.0,-4.04882055,-0.04591315,-2.93357911,3.75113927,-0.9272706,-0.164816,7.17051504,2.93752501,-6.09478659,-0.85888119,3.85199893,-1.16818922,-0.82360773,0.0,0.35408136,0.70855463,-0.04189361
1760625246.991,0.74902349,-0.03933511,1.78831633,-0.00593919,0.95483203,-0.00451915,80.0,-7.0,0.0,80.0,1.3962634,0.0,0.0,0.0,80.0,-7.0,0.0,80.0,1.3962634,0.0,0.0,0.0,-3.99320229,-0.0807028,-3.00892606,3.65015408,-0.90264353,-0.0902958,6.65094809,2.96833708,-5.54276692,-0.77395618,3.75427099,-1.18990038,-0.8329848,0.0,0.30644432,0.71006299,-0.04215583
1760625247.025,0.76456992,-0.04051176,1.79354911,-0.00655208,0.95503889,-0.00411199,80.0,-7.0,0.0,80.0,1.3962634,0.0,0.0,0.0,80.0,-7.0,0.0,80.0,1.3962634,0.0,0.0,0.0,-3.99237493,-0.09587278,-2.98812616,3.64495032,-0.89930795,-0.03642301,6.64576621,2.90179873,-5.54900729,-0.77071659,3.7658278,-1.19885969,-0.82249907,0.0,0.32735703,0.72198629,-0.04374856
1760625247.125,0.80393602,-0.04711017,1.77674546,-0.00741628,0.9549027,-0.00394725,80.0,-7.0,0.0,80.0,1.3962634,0.0,0.0,0.0,80.0,-7.0,0.0,80.0,1.3962634,0.0,0.0,0.0,-3.93981171,-0.14195504,-3.0218736,3.53543879,-0.87604148,0.08527937,6.72195597,2.9699622,-5.56333634,-0.7977859,3.67813934,-1.21081496,-0.85090419,0.0,0.3239757,0.7573839,-0.04750068
1760625247.159,0.7925874,-0.05157084,1.78552261,-0.00597543,0.95461325,-0.00466102,80.0,-7.0,0.0,80.0,1.3962634,0.0,0.0,0.0,80.0,-7.0,0.0,80.0,1.3962634,0.0,0.0,0.0,-3.93491231,-0.14009217,-3.0165462,3.54541873,-0.87829896,0.08906015,6.70968947,2.95665325,-5.5895233,-0.79494134,3.66471438,-1.19580377,-0.83746503,0.0,0.34802719,0.75568538,-0.04354398
1760625247.192,0.73288296,-0.0646341,1.82705196,-0.00453813,0.95437877,-0.00505763,80.0,-7.0,0.0,80.0,1.3962634,0.0,0.0,0.0,80.0,-7.0,0.0,80.0,1.3962634,0.0,0.0,0.0,-3.93419263,-0.09082071,-3.02088736,3.5994538,-0.92664469,0.05122553,6.78714779,2.98110877,-5.66389699,-0.81221217,3.71649486,-1.14831611,-0.76003371,0.0,0.30930923,0.76316662,-0.0290609
1760625247.226,0.73269724,-0.07033824,1.83059622,-0.00408634,0.95440592,-0.00494119,80.0,-7.0,0.0,80.0,1.3962634,0.0,0.0,0.0,80.0,-7.0,0.0,80.0,1.3962634,0.0,0.0,0.0,-3.94747707,-0.08821659,-3.00443563,3.59532114,-0.92475935,0.02726966,6.80077614,3.06405906,-5.68595821,-0.8077782,3.71781977,-1.15583557,-0.79495635,0.0,0.34878104,0.76249134,-0.02825898
1760625247.259,0.73858475,-0.07414728,1.82910763,-0.00455919,0.95442276,-0.00521866,80.0,-7.0,0.0,80.0,1.3962634,0.0,0.0,0.0,80.0,-7.0,0.0,80.0,1.3962634,0.0,0.0,0.0,-3.95653582,-0.08150737,-3.00289973,3.58653124,-0.93151933,0.03980357,6.80521519,3.08049605,-5.69707691,-0.82480112,3.70593552,-1.16964978,-0.78715411,0.0,0.3199516,0.75929009,-0.02889655
1760625247.293,0.75195353,-0.08692722,1.84601527,-0.00474779,0.95444851,-0.00525347,80.0,-7.0,0.0,80.0,1.3962634,0.0,0.0,0.0,80.0,-7.0,0.0,80.0,1.3962634,0.0,0.0,0.0,-4.0192055,-0.05395256,-3.09316049,3.59864891,-0.95289097,0.05061383,7.33639497,3.12908487,-6.18438444,-0.90754704,3.73556832,-1.19912777,-0.83057324,0.0,0.29129045,0.75670505,-0.03263412
1760625247.326,0.7351578,-0.08979409,1.85773051,-0.00523379,0.95441274,-0.00559153,80.0,-7.0,0.0,80.0,1.3962634,0.0,0.0,0.0,80.0,-7.0,0.0,80.0,1.3962634,0.0,0.0,0.0,-3.84482583,-0.04182184,-3.09301519,3.40612933,-0.99061383,0.0266595,7.19376056,3.14347946,-6.04288366,-0.85448461,3.5315362,-1.21348545,-0.81431727,0.0,0.29720413,0.75013074,-0.04396556
1760625247.359,0.75416352,-0.08373666,1.85044461,-0.00531474,0.9546787,-0.00576942,80.0,-7.0,0.0,80.0,1.3962634,0.0,0.0,0.0,80.0,-7.0,0.0,80.0,1.3962634,0.0,0.0,0.0,-4.04941728,-0.02927242,-3.18493764,3.59169029,-1.00304125,0.08153572,7.17711576,3.20941699,-6.0729513,-0.83552432,3.74263005,-1.24348048,-0.94340416,0.0,0.30534386,0.7601911,-0.07010649
1760625247.393,0.75515348,-0.0776488,1.85508086,-0.00600437,0.95482154,-0.00582811,80.0,-7.0,0.0,80.0,1.3962634,0.0,0.0,0.0,80.0,-7.0,0.0,80.0,1.3962634,0.0,0.0,0.0,-4.06756863,-0.01604141,-3.183574,3.55876034,-1.02464146,0.00554921,7.19709244,3.27605591,-6.04496004,-0.86414902,3.74198825,-1.27519758,-0.99585477,0.0,0.42547837,0.76070536,-0.06962799
1760625247.426,0.7733117,-0.07572008,1.84053746,-0.0060853,0.95499702,-0.00572687,80.0,-7.0,0.0,80.0,1.3962634,0.0,0.0,0.0,80.0,-7.0,0.0,80.0,1.3962634,0.0,0.0,0.0,-4.15441159,-0.01415732,-3.09924818,3.61812517,-1.04240145,-0.13536798,7.2466084,3.32001024,-6.14090077,-0.86914534,3.82189842,-1.29121842,-0.8836713,0.0,0.37323361,0.75944924,-0.07125877
1760625247.46,0.77470815,-0.07309897,1.83666185,-0.0065818,0.95515221,-0.00568748,80.0,-7.0,0.0,80.0,1.3962634,0.0,0.0,0.0,80.0,-7.0,0.0,80.0,1.3962634,0.0,0.0,0.0,-4.15576666,-0.00815024,-3.10832162,3.59411483,-1.05483059,-0.14907771,7.22786115,3.35455049,-6.173034,-0.86450991,3.84397597,-1.28830358,-0.87354912,0.0,0.30996021,0.75306944,-0.07371173
1760625247.493,0.74859157,-0.08396853,1.83439609,-0.00622035,0.95512885,-0.00601504,80.0,-7.0,0.0,80.0,1.3962634,0.0,0.0,0.0,80.0,-7.0,0.0,80.0,1.3962634,0.0,0.0,0.0,-4.29471872,0.02209123,-3.05862025,3.72014909,-1.0962704,-0.29026501,7.83768236,3.45617648,-6.76986559,-0.96125329,4.07006711,-1.26668985,-0.72751199,0.0,0.23224744,0.75385116,-0.07472139
1760625247.527,0.75089526,-0.08459232,1.83790377,-0.00603681,0.95521238,-0.00603633,80.0,-7.0,0.0,80.0,1.3962634,0.0,0.0,0.0,80.0,-7.0,0.0,80.0,1.3962634,0.0,0.0,0.0,-4.29580313,0.02122807,-3.06842392,3.71744807,-1.10402122,-0.36006643,7.82771041,3.4977901,-6.79579864,-0.97278147,4.10989046,-1.2674054,-0.7724932,0.0,0.29286813,0.77085129,-0.06091687
1760625247.56,0.75281387,-0.08663411,1.83270671,-0.00597915,0.95553649,-0.00584042,80.0,-7.0,0.0,80.0,1.3962634,0.0,0.0,0.0,80.0,-7.0,0.0,80.0,1.3962634,0.0,0.0,0.0,-4.29894311,0.01423586,-3.07646316,3.70412163,-1.1121937,-0.39153747,7.83169495,3.5769306,-6.82680732,-0.9501392,4.15233261,-1.28451422,-0.77709,0.0,0.30989594,0.77906315,-0.05354751
1760625247.593,0.75471357,-0.09408091,1.82109575,-0.00600964,0.95552499,-0.00572545,80.0,-7.0,0.0,80.0,1.3962634,0.0,0.0,0.0,80.0,-7.0,0.0,80.0,1.3962634,0.0,0.0,0.0,-4.36463446,0.01368911,-3.03877538,3.75796737,-1.10345926,-0.43027557,8.31542155,3.56577063,-7.30427413,-1.04161164,4.25303206,-1.31722711,-0.70643649,0.0,0.29365932,0.77959326,-0.05546687
1760625247.627,0.75728744,-0.09070967,1.82982015,-0.00548429,0.95577953,-0.00587179,80.0,-7.0,0.0,80.0,1.3962634,0.0,0.0,0.0,80.0,-7.0,0.0,80.0,1.3962634,0.0,0.0,0.0,-4.34889353,0.01369413,-3.04963645,3.7480988,-1.12321365,-0.47189386,8.32559575,3.60431309,-7.30084592,-1.03848881,4.24077151,-1.34018259,-0.7414204,0.0,0.38296383,0.7857554,-0.05095806
1760625247.66,0.75776775,-0.08694641,1.82976733,-0.00515974,0.95611849,-0.00600391,80.0,-7.0,0.0,80.0,1.3962634,0.0,0.0,0.0,80.0,-7.0,0.0,80.0,1.3962634,0.0,0.0,0.0,-4.33936285,0.01902351,-3.05152263,3.7611693,-1.14671208,-0.45657415,8.33097421,3.61124873,-7.29842037,-1.05468843,4.22984167,-1.36730171,-0.72520993,0.0,0.39797781,0.7858942,-0.05189834
1760625247.694,0.74912492,-0.10085856,1.82352386,-0.00617461,0.95619389,-0.00627372,80.0,-7.0,0.0,80.0,1.3962634,0.0,0.0,0.0,80.0,-7.0,0.0,80.0,1.3962634,0.0,0.0,0.0,-4.18240653,0.05721795,-3.07974461,3.62501154,-1.19879959,-0.42002731,8.2915257,3.62703503,-7.22342888,-1.05943383,4.08264437,-1.36826369,-0.78842301,0.0,0.38431431,0.77841811,-0.06473772
1760625247.727,0.75662433,-0.10035062,1.83835812,-0.00693441,0.95620907,-0.00654662,80.0,-7.0,0.0,80.0,1.3962634,0.0,0.0,0.0,80.0,-7.0,0.0,80.0,1.3962634,0.0,0.0,0.0,-4.17025621,0.06245508,-3.05513878,3.63446971,-1.21485389,-0.44980632,8.28347057,3.61014484,-7.2042646,-1.08092566,4.05090348,-1.3906779,-0.8201973,0.0,0.44554752,0.78274058,-0.06091218
1760625247.761,0.74261352,-0.10678131,1.83113365,-0.00641877,0.95627576,-0.00675872,80.0,-7.0,0.0,80.0,1.3962634,0.0,0.0,0.0,80.0,-7.0,0.0,80.0,1.3962634,0.0,0.0,0.0,-4.16610541,0.07314379,-3.03175433,3.65659171,-1.22678997,-0.44619912,8.27425344,3.68203002,-7.17920384,-1.0895311,4.07692047,-1.41554803,-0.87460648,0.0,0.47128922,0.79107174,-0.05677779
1760625247.794,0.73404547,-0.11548039,1.82572053,-0.00622353,0.95641297,-0.00680254,80.0,-7.0,0.0,80.0,1.3962634,0.0,0.0,0.0,80.0,-7.0,0.0,80.0,1.3962634,0.0,0.0,0.0,-4.16722389,0.08359116,-3.01705092,3.69349113,-1.24798806,-0.46132448,8.24987617,3.74564564,-7.16215637,-1.07367434,4.09034834,-1.45419407,-0.94446584,0.0,0.55018708,0.78025845,-0.07001396
1760625247.828,0.74963289,-0.12075466,1.83214497,-0.00583226,0.95672306,-0.0068023,80.0,-7.0,0.0,80.0,1.3962634,0.0,0.0,0.0,80.0,-7.0,0.0,80.0,1.3962634,0.0,0.0,0.0,-4.3333496,0.07834475,-3.06458487,3.86594358,-1.24358723,-0.38630158,8.13433166,3.74205166,-7.05185534,-1.05122138,4.25276241,-1.51119501,-1.01494742,0.0,0.56765298,0.78681193,-0.06582517
1760625247.861,0.73765195,-0.12938779,1.85017179,-0.0049151,0.95692856,-0.00694925,80.0,-7.0,0.0,80.0,1.3962634,0.0,0.0,0.0,80.0,-7.0,0.0,80.0,1.3962634,0.0,0.0,0.0,-4.32830218,0.0789746,-3.03862258,3.88566552,-1.24631794,-0.37976203,8.12478762,3.71143255,-7.04983441,-1.05360786,4.26990614,-1.55359417,-1.04306939,0.0,0.64052626,0.78704972,-0.06721785
1760625247.895,0.73454322,-0.14131838,1.84687788,-0.00463545,0.95715348,-0.00720327,80.0,-7.0,0.0,80.0,1.3962634,0.0,0.0,0.0,80.0,-7.0,0.0,80.0,1.3962634,0.0,0.0,0.0,-4.32548366,0.07829642,-3.02906614,3.89607996,-1.24271489,-0.3701333,8.12769954,3.79045408,-7.04457598,-1.06287284,4.26716915,-1.59873721,-1.04031476,0.0,0.63211313,0.78264922,-0.07543891
1760625247.928,0.73335748,-0.1557549,1.85103809,-0.00430387,0.95739927,-0.0072413,80.0,-7.0,0.0,80.0,1.3962634,0.0,0.0,0.0,80.0,-7.0,0.0,80.0,1.3962634,0.0,0.0,0.0,-4.33483019,0.06034991,-3.00144918,3.89940808,-1.21291192,-0.31767776,8.14379397,3.7082426,-7.02816928,-1.08889165,4.26971416,-1.63818756,-1.0306529,0.0,0.64537778,0.77772253,-0.08341055
1760625247.962,0.74290573,-0.15766655,1.85413365,-0.00481089,0.95740121,-0.00680015,80.0,-7.0,0.0,80.0,1.3962634,0.0,0.0,0.0,80.0,-7.0,0.0,80.0,1.3962634,0.0,0.0,0.0,-4.34703857,0.04170977,-3.00647946,3.88026757,-1.20519396,-0.27749177,8.15492524,3.69948115,-7.02116628,-1.0706211,4.2562179,-1.65848493,-0.99557662,0.0,0.5827695,0.77587663,-0.08077793
1760625247.995,0.75396279,-0.15791145,1.85529042,-0.00533097,0.95742005,-0.00672694,80.0,-7.0,0.0,80.0,1.3962634,0.0,0.0,0.0,80.0,-7.0,0.0,80.0,1.3962634,0.0,0.0,0.0,-4.35870286,0.02679589,-3.01533809,3.8713747,-1.17914222,-0.24681594,8.15884161,3.64528711,-7.01609665,-1.07913079,4.23301379,-1.65572557,-0.94905491,0.0,0.53812354,0.77161401,-0.07512138
1760625248.028,0.76031315,-0.16045169,1.8629218,-0.00553717,0.95729838,-0.00665818,80.0,-7.0,0.0,80.0,1.3962634,0.0,0.0,0.0,80.0,-7.0,0.0,80.0,1.3962634,0.0,0.0,0.0,-4.36577324,0.00844433,-3.0145134,3.85738418,-1.15610598,-0.24312502,8.15938052,3.58653203,-7.01458838,-1.05838323,4.2151586,-1.64905853,-0.94269905,0.0,0.54632042,0.77197072,-0.06615083
1760625248.062,0.76714009,-0.16006289,1.85661001,-0.00548905,0.95737982,-0.00674201,80.0,-7.0,0.0,80.0,1.3962634,0.0,0.0,0.0,80.0,-7.0,0.0,80.0,1.3962634,0.0,0.0,0.0,-4.37412274,-0.0088933,-3.01502132,3.83860901,-1.11370149,-0.21927346,8.15005609,3.61505826,-7.02951977,-1.04821461,4.20031606,-1.62170558,-0.9240386,0.0,0.53795785,0.77502407,-0.05216474
1760625248.095,0.75744824,-0.15348914,1.85017584,-0.00625793,0.95723782,-0.00711533,80.0,-7.0,0.0,80.0,1.3962634,0.0,0.0,0.0,80.0,-7.0,0.0,80.0,1.3962634,0.0,0.0,0.0,-4.14944378,-0.05624728,-2.96205878,3.58162101,-1.09233068,-0.30497748,8.04660717,3.65509814,-6.88197313,-1.01939524,3.94951354,-1.61575256,-0.86631204,0.0,0.545405,0.78675643,-0.03352494
1760625248.129,0.7581684,-0.15866095,1.84146058,-0.0061355,0.95720428,-0.00728339,80.0,-7.0,0.0,80.0,1.3962634,0.0,0.0,0.0,80.0,-7.0,0.0,80.0,1.3962634,0.0,0.0,0.0,-4.15332856,-0.06157959,-2.97456375,3.58253888,-1.08229089,-0.32268189,8.03834103,3.62666189,-6.88566234,-1.00523196,3.94904954,-1.60058967,-0.86722981,0.0,0.53388384,0.78646887,-0.03182542
1760625248.162,0.76559271,-0.15356826,1.85677186,-0.00609747,0.95733781,-0.00718943,80.0,-7.0,0.0,80.0,1.3962634,0.0,0.0,0.0,80.0,-7.0,0.0,80.0,1.3962634,0.0,0.0,0.0,-4.15825389,-0.08261932,-2.97243081,3.57772416,-1.0909488,-0.32930077,8.02361885,3.58789146,-6.87739728,-0.99283583,3.92804099,-1.57850096,-0.84047432,0.0,0.53728123,0.78850957,-0.02964566
1760625248.196,0.7637148,-0.1469749,1.86046598,-0.00571548,0.95754542,-0.00676538,80.0,-7.0,0.0,80.0,1.3962634,0.0,0.0,0.0,80.0,-7.0,0.0,80.0,1.3962634,0.0,0.0,0.0,-4.14922483,-0.10538434,-2.98190623,3.56649265,-1.09037619,-0.4498278,8.04164597,3.70591193,-6.86293776,-0.98235976,3.92003643,-1.57451432,-0.86624007,0.0,0.58488524,0.79535107,-0.02636928
1760625248.229,0.7602168,-0.14415771,1.86640285,-0.00555078,0.95758842,-0.00654819,80.0,-7.0,0.0,80.0,1.3962634,0.0,0.0,0.0,80.0,-7.0,0.0,80.0,1.3962634,0.0,0.0,0.0,-4.13531411,-0.124075,-2.97531124,3.56680759,-1.07982106,-0.47935712,8.02966814,3.65662485,-6.87889125,-0.98150651,3.91536157,-1.55775368,-0.85906798,0.0,0.57279886,0.79434687,-0.02882899
1760625248.262,0.75735288,-0.14112546,1.8827719,-0.00507525,0.9574042,-0.00642099,80.0,-7.0,0.0,80.0,1.3962634,0.0,0.0,0.0,80.0,-7.0,0.0,80.0,1.3962634,0.0,0.0,0.0,-4.12435622,-0.15032747,-2.94005711,3.53130176,-1.05241854,-0.43732059,8.01670945,3.58002238,-6.88641977,-0.98768349,3.9053654,-1.54581337,-0.83253831,0.0,0.58200236,0.79303927,-0.03201917
1760625248.296,0.7497676,-0.1200862,1.8659064,-0.00461856,0.95727742,-0.00618552,80.0,-7.0,0.0,80.0,1.3962634,0.0,0.0,0.0,80.0,-7.0,0.0,80.0,1.3962634,0.0,0.0,0.0,-3.98937987,-0.22943679,-2.89670722,3.37826571,-0.98632173,-0.45902874,8.0551029,3.57184187,-6.88571754,-1.00693349,3.78684515,-1.55736646,-0.78140905,0.0,0.50515175,0.79771433,-0.04089073
1760625248.329,0.74574703,-0.1223443,1.87571224,-0.00443654,0.95731625,-0.00631435,80.0,-7.0,0.0,80.0,1.3962634,0.0,0.0,0.0,80.0,-7.0,0.0,80.0,1.3962634,0.0,0.0,0.0,-3.97676746,-0.23429461,-2.87892385,3.3914335,-0.95345817,-0.43123671,8.04137505,3.44602903,-6.90433491,-1.01470485,3.77331613,-1.53729476,-0.76443984,0.0,0.50010178,0.80084292,-0.03555416
1760625248.363,0.74881401,-0.12564217,1.86779025,-0.00416937,0.95740233,-0.00681373,80.0,-7.0,0.0,80.0,1.3962634,0.0,0.0,0.0,80.0,-7.0,0.0,80.0,1.3962634,0.0,0.0,0.0,-3.94999335,-0.23786163,-2.8794604,3.37718183,-0.92368463,-0.32196826,8.05341826,3.31291054,-6.89590535,-1.00948507,3.74843076,-1.49534538,-0.70592972,0.0,0.4010707,0.80793168,-0.01995847
1760625248.396,0.74039317,-0.12281013,1.85924071,-0.00411453,0.95725052,-0.00710431,80.0,-7.0,0.0,80.0,1.3962634,0.0,0.0,0.0,80.0,-7.0,0.0,80.0,1.3962634,0.0,0.0,0.0,-3.87117231,-0.22832966,-2.9277667,3.32970383,-0.89976789,-0.19281088,8.00168458,3.28749088,-6.83210697,-0.99748089,3.6696661,-1.44801799,-0.77233407,0.0,0.38158785,0.81797113,-0.006432
1760625248.43,0.73238202,-0.11365259,1.88125697,-0.00400335,0.95718118,-0.00729001,80.0,-7.0,0.0,80.0,1.3962634,0.0,0.0,0.0,80.0,-7.0,0.0,80.0,1.3962634,0.0,0.0,0.0,-3.75515367,-0.23131737,-2.96717109,3.26283709,-0.89064414,-0.14841528,7.53957792,3.35284522,-6.40093518,-0.91697102,3.55884998,-1.40695757,-0.81661043,0.0,0.40014949,0.81912413,-0.00473751
1760625248.463,0.75522815,-0.11365562,1.88138707,-0.00436466,0.95720131,-0.00707375,80.0,-7.0,0.0,80.0,1.3962634,0.0,0.0,0.0,80.0,-7.0,0.0,80.0,1.3962634,0.0,0.0,0.0,-3.73551689,-0.22512425,-2.96095872,3.26499534,-0.88834388,-0.11343546,7.52746982,3.29705005,-6.38240373,-0.95593197,3.52442139,-1.37597502,-0.79939488,0.0,0.40158519,0.81124363,-0.00303813
1760625248.497,0.75828593,-0.12623032,1.87536219,-0.00390248,0.95729535,-0.00747438,80.0,-7.0,0.0,80.0,1.3962634,0.0,0.0,0.0,80.0,-7.0,0.0,80.0,1.3962634,0.0,0.0,0.0,-3.71382262,-0.13648702,-2.97833637,3.27173737,-0.98160541,-0.04318773,7.4577376,3.2965038,-6.33623485,-0.93312883,3.51865411,-1.29503319,-0.80905578,0.0,0.4022273,0.81808066,0.01226254
1760625248.53,0.76862385,-0.12383651,1.88543331,-0.00358446,0.95730633,-0.00731887,80.0,-7.0,0.0,80.0,1.3962634,0.0,0.0,0.0,80.0,-7.0,0.0,80.0,1.3962634,0.0,0.0,0.0,-3.69945628,-0.13234221,-2.96989849,3.2800457,-1.00280918,-0.01011212,7.42366668,3.29561885,-6.35407126,-0.91764303,3.5137156,-1.28719781,-0.77396552,0.0,0.38588393,0.81701808,0.01339606
1760625248.564,0.76623259,-0.140018,1.92391085,-0.00247289,0.95733852,-0.00732401,80.0,-7.0,0.0,80.0,1.3962634,0.0,0.0,0.0,80.0,-7.0,0.0,80.0,1.3962634,0.0,0.0,0.0,-3.85271349,-0.04490229,-2.92601386,3.48493281,-1.09889288,0.00477127,7.45530442,3.253056,-6.38447403,-0.94050638,3.73184546,-1.22650726,-0.64155531,0.0,0.32890273,0.82898899,0.00704016
1760625248.597,0.79036057,-0.13385358,1.92176914,-0.0024376,0.95736403,-0.00697842,80.0,-7.0,0.0,80.0,1.3962634,0.0,0.0,0.0,80.0,-7.0,0.0,80.0,1.3962634,0.0,0.0,0.0,-3.83927452,-0.03859609,-2.91698635,3.46127748,-1.12772652,0.04976497,7.46504969,3.23487432,-6.35933649,-0.95319793,3.73437403,-1.21343208,-0.6235026,0.0,0.29221552,0.82978931,0.00924697
1760625248.631,0.79716702,-0.1328065,1.90576407,-0.00234277,0.95722719,-0.00716855,80.0,-7.0,0.0,80.0,1.3962634,0.0,0.0,0.0,80.0,-7.0,0.0,80.0,1.3962634,0.0,0.0,0.0,-3.81007046,0.00922982,-2.88916369,3.45629057,-1.18058087,0.10706822,7.42166672,3.21583271,-6.31797839,-0.95006719,3.7430318,-1.15553796,-0.63750411,0.0,0.26511078,0.83975037,0.01795822
1760625248.664,0.80790767,-0.13242979,1.91110748,-0.00308791,0.95719209,-0.00660553,80.0,-7.0,0.0,80.0,1.3962634,0.0,0.0,0.0,80.0,-7.0,0.0,80.0,1.3962634,0.0,0.0,0.0,-3.79420024,0.02146841,-2.87255723,3.4708845,-1.17157744,0.17707702,7.41277301,3.14296007,-6.29041087,-0.94721867,3.74398848,-1.14619697,-0.61386717,0.0,0.26533904,0.8445294,0.02034038
1760625248.697,0.80649587,-0.12777222,1.89918268,-0.0037392,0.95699811,-0.00626033,80.0,-7.0,0.0,80.0,1.3962634,0.0,0.0,0.0,80.0,-7.0,0.0,80.0,1.3962634,0.0,0.0,0.0,-3.7757715,0.03363537,-2.88721431,3.49064114,-1.15886105,0.23547476,6.57872538,3.13185204,-5.44218912,-0.80465898,3.72412251,-1.11493191,-0.66562131,0.0,0.25560477,0.84689711,0.02589309
1760625248.731,0.8217175,-0.13292821,1.90328068,-0.00560814,0.9568485,-0.00588093,80.0,-7.0,0.0,80.0,1.3962634,0.0,0.0,0.0,80.0,-7.0,0.0,80.0,1.3962634,0.0,0.0,0.0,-3.77224762,0.03995437,-2.86197132,3.50525432,-1.13570791,0.20936253,6.58246171,3.13237145,-5.42343604,-0.78893999,3.69057804,-1.09961957,-0.71126184,0.0,0.31812277,0.83340551,0.02590614
1760625248.764,0.83799425,-0.14208976,1.88739585,-0.00675641,0.95694958,-0.00605516,80.0,-7.0,0.0,80.0,1.3962634,0.0,0.0,0.0,80.0,-7.0,0.0,80.0,1.3962634,0.0,0.0,0.0,-3.75708291,0.05015921,-2.83997229,3.52499979,-1.09380328,0.20010041,6.55039099,3.0845507,-5.40855303,-0.8131812,3.62829491,-1.07499248,-0.75635974,0.0,0.37896069,0.81115752,0.02121253
1760625248.798,0.83001162,-0.16152831,1.86554552,-0.00674677,0.95692401,-0.00665886,80.0,-7.0,0.0,80.0,1.3962634,0.0,0.0,0.0,80.0,-7.0,0.0,80.0,1.3962634,0.0,0.0,0.0,-3.87423991,0.0910838,-2.8634483,3.67289304,-1.1050031,0.21818557,6.53385129,3.15216376,-5.38048595,-0.78909651,3.75575924,-1.04791596,-0.84675746,0.0,0.38712078,0.78554486,0.01277372
1760625248.831,0.84529947,-0.16439118,1.86983685,-0.00781863,0.95665997,-0.00679684,80.0,-7.0,0.0,80.0,1.3962634,0.0,0.0,0.0,80.0,-7.0,0.0,80.0,1.3962634,0.0,0.0,0.0,-3.92823373,0.09670791,-2.88107231,3.7126218,-1.11973272,0.23029883,6.51807718,3.17358165,-5.3533404,-0.77758672,3.80080658,-1.04456927,-0.92610071,0.0,0.40277533,0.78826393,0.01316479
1760625248.865,0.84649965,-0.16785351,1.86731761,-0.00782054,0.95647306,-0.00687047,80.0,-7.0,0.0,80.0,1.3962634,0.0,0.0,0.0,80.0,-7.0,0.0,80.0,1.3962634,0.0,0.0,0.0,-3.94417242,0.09071341,-2.88683397,3.73071437,-1.13045496,0.22632159,6.50346398,3.2231344,-5.37245531,-0.77121774,3.82974065,-1.05193441,-0.94917301,0.0,0.3944158,0.78710946,0.01284229
1760625248.898,0.87337181,-0.16728994,1.86548999,-0.00888618,0.95629897,-0.00736212,80.0,-7.0,0.0,80.0,1.3962634,0.0,0.0,0.0,80.0,-7.0,0.0,80.0,1.3962634,0.0,0.0,0.0,-4.07444741,0.11385746,-2.92749362,3.82616831,-1.17471231,0.25128556,6.49054099,3.26504242,-5.34769507,-0.76899268,3.95754083,-1.03552515,-1.06776092,0.0,0.43589879,0.79033154,0.02439981
1760625248.932,0.87997622,-0.17565028,1.86968204,-0.00910578,0.9562248,-0.0075899,80.0,-7.0,0.0,80.0,1.3962634,0.0,0.0,0.0,80.0,-7.0,0.0,80.0,1.3962634,0.0,0.0,0.0,-4.07856092,0.10651313,-2.92335054,3.81628932,-1.19561049,0.24591909,6.47584723,3.30830014,-5.36001001,-0.77197532,3.96760147,-1.04577933,-1.08119714,0.0,0.42045153,0.7819757,0.01509683
1760625248.965,0.87436624,-0.17977819,1.87349133,-0.00818907,0.95620738,-0.007717,80.0,-7.0,0.0,80.0,1.3962634,0.0,0.0,0.0,80.0,-7.0,0.0,80.0,1.3962634,0.0,0.0,0.0,-4.08124285,0.10236548,-2.91997404,3.81749298,-1.2001268,0.24957041,6.47501087,3.30626717,-5.36327404,-0.77538626,3.97802905,-1.04501566,-1.08234875,0.0,0.42228795,0.78250571,0.01511783
1760625248.999,0.88643433,-0.17110251,1.87422656,-0.00825789,0.95616099,-0.00757061,80.0,-7.0,0.0,80.0,1.3962634,0.0,0.0,0.0,80.0,-7.0,0.0,80.0,1.3962634,0.0,0.0,0.0,-4.17261644,0.11267899,-2.89607364,3.89420999,-1.23392069,0.23209254,7.04135884,3.28046529,-5.93594556,-0.86089464,4.0490059,-1.02210176,-1.08621823,0.0,0.43978227,0.77836673,0.01592272
1760625249.032,0.87734465,-0.17286535,1.88196099,-0.00800878,0.95635594,-0.00739862,80.0,-7.0,0.0,80.0,1.3962634,0.0,0.0,0.0,80.0,-7.0,0.0,80.0,1.3962634,0.0,0.0,0.0,-4.18959683,0.10373024,-2.88894708,3.90944533,-1.22858012,0.25659117,7.05668675,3.24352676,-5.94684181,-0.84756811,4.04992372,-1.00690927,-1.0734875,0.0,0.45706821,0.77407576,0.01080621
1760625249.065,0.89883503,-0.17169278,1.87469277,-0.00755742,0.95635932,-0.00651368,80.0,-7.0,0.0,80.0,1.3962634,0.0,0.0,0.0,80.0,-7.0,0.0,80.0,1.3962634,0.0,0.0,0.0,-4.33418429,0.07542301,-2.91296454,4.03292165,-1.17936369,0.32415747,8.08809926,3.13569757,-6.96007454,-1.02008329,4.1664905,-1.02527162,-1.08976627,0.0,0.43882425,0.77057279,0.01630348
1760625249.099,0.91584766,-0.15039584,1.86947348,-0.00723349,0.95637437,-0.00592011,80.0,-7.0,0.0,80.0,1.3962634,0.0,0.0,0.0,80.0,-7.0,0.0,80.0,1.3962634,0.0,0.0,0.0,-4.31529241,-0.01450053,-2.90741724,3.99380024,-1.09055727,0.34371052,8.11434032,3.14356817,-6.9994571,-1.0259035,4.10685191,-1.06369443,-1.05934024,0.0,0.40098592,0.76505749,0.00339285
1760625249.132,0.91450861,-0.15457643,1.87604321,-0.00720793,0.95609705,-0.00580347,80.0,-7.0,0.0,80.0,1.3962634,0.0,0.0,0.0,80.0,-7.0,0.0,80.0,1.3962634,0.0,0.0,0.0,-4.32077216,-0.02572028,-2.8972255,3.98941199,-1.05744214,0.37764749,8.13359477,3.08500979,-6.97674901,-1.05133635,4.0819456,-1.04761846,-1.04737564,0.0,0.44753235,0.76310757,0.00921322
1760625249.166,0.92150071,-0.15052996,1.86397822,-0.0067564,0.95558336,-0.00580753,80.0,-7.0,0.0,80.0,1.3962634,0.0,0.0,0.0,80.0,-7.0,0.0,80.0,1.3962634,0.0,0.0,0.0,-4.26668357,-0.08309497,-2.92169498,3.91878744,-1.00601786,0.4487622,8.11787419,3.08148507,-6.95916532,-1.04828663,3.9958795,-1.07480147,-1.03701797,0.0,0.44713552,0.75599111,0.01790089
1760625249.199,0.91155811,-0.15449678,1.86930632,-0.00655423,0.95535579,-0.00603554,80.0,-7.0,0.0,80.0,1.3962634,0.0,0.0,0.0,80.0,-7.0,0.0,80.0,1.3962634,0.0,0.0,0.0,-4.27417379,-0.09125948,-2.92070787,3.92922567,-0.99800132,0.48195754,8.10619358,3.06073743,-6.96376881,-1.05302692,4.00355876,-1.06581534,-1.00867116,0.0,0.46638348,0.76763902,0.02282482
1760625249.233,0.90611056,-0.16254369,1.86697336,-0.00644623,0.95505052,-0.00628716,80.0,-7.0,0.0,80.0,1.3962634,0.0,0.0,0.0,80.0,-7.0,0.0,80.0,1.3962634,0.0,0.0,0.0,-4.28634897,-0.10260237,-2.9295387,3.91948692,-0.99806649,0.51574177,8.11890931,3.10101835,-6.94209088,-1.04630867,4.02255553,-1.05308127,-0.98213606,0.0,0.4491697,0.77006165,0.02602319
1760625249.266,0.92347681,-0.16264762,1.86775494,-0.00760598,0.95511287,-0.00643401,80.0,-7.0,0.0,80.0,1.3962634,0.0,0.0,0.0,80.0,-7.0,0.0,80.0,1.3962634,0.0,0.0,0.0,-4.30501342,-0.10964756,-2.95202785,3.92269359,-0.99950923,0.55142427,8.10481474,3.10778934,-6.93910797,-1.05261005,4.03249478,-1.04480682,-0.93260123,0.0,0.37478288,0.76985369,0.02365121
1760625249.3,0.96452016,-0.15521826,1.88709431,-0.00837029,0.95516973,-0.00612937,80.0,-7.0,0.0,80.0,1.3962634,0.0,0.0,0.0,80.0,-7.0,0.0,80.0,1.3962634,0.0,0.0,0.0,-4.39925758,-0.11853083,-3.00378022,3.96745295,-0.99087138,0.63162974,7.74082726,3.12704179,-6.5803023,-0.99640797,4.0895243,-1.04582315,-0.91072179,0.0,0.37633396,0.77334905,0.03180364
1760625249.333,0.95622587,-0.15707056,1.89778272,-0.00802868,0.95510604,-0.0062012,80.0,-7.0,0.0,80.0,1.3962634,0.0,0.0,0.0,80.0,-7.0,0.0,80.0,1.3962634,0.0,0.0,0.0,-4.40320681,-0.12149802,-2.99290323,3.94155513,-0.98091144,0.67450702,7.75854417,3.11853026,-6.55483774,-1.00775513,4.10587814,-1.04039397,-0.87103705,0.0,0.39684092,0.77676572,0.03366169
1760625249.366,0.95585743,-0.15579996,1.89918515,-0.00780968,0.95529785,-0.00617655,80.0,-7.0,0.0,80.0,1.3962634,0.0,0.0,0.0,80.0,-7.0,0.0,80.0,1.3962634,0.0,0.0,0.0,-4.39919002,-0.11923638,-2.99632034,3.934659,-0.97127323,0.70565336,7.75541223,3.11178031,-6.56099161,-1.02620971,4.08679112,-1.03109595,-0.78018835,0.0,0.33836321,0.77294081,0.03175778
1760625249.4,0.93163123,-0.15726686,1.92059787,-0.00676149,0.95497765,-0.00675364,80.0,-7.0,0.0,80.0,1.3962634,0.0,0.0,0.0,80.0,-7.0,0.0,80.0,1.3962634,0.0,0.0,0.0,-4.45705285,-0.08717927,-2.99054057,3.99931597,-1.0084027,0.68038245,7.79447966,3.14179719,-6.56935371,-1.01596762,4.17482936,-0.99231825,-0.64042839,0.0,0.28460655,0.79281223,0.04489813
1760625249.433,0.96918835,-0.15217847,1.90401975,-0.00704189,0.9549819,-0.00672335,80.0,-7.0,0.0,80.0,1.3962634,0.0,0.0,0.0,80.0,-7.0,0.0,80.0,1.3962634,0.0,0.0,0.0,-4.40163918,-0.09049235,-2.99452553,3.87645696,-1.02297536,0.73871316,7.73764318,3.10844212,-6.52099687,-0.97511898,4.05499621,-0.98107404,-0.62074331,0.0,0.34899014,0.80300212,0.06180584
1760625249.467,0.93438546,-0.15308862,1.90977339,-0.00660633,0.95492115,-0.00679824,80.0,-7.0,0.0,80.0,1.3962634,0.0,0.0,0.0,80.0,-7.0,0.0,80.0,1.3962634,0.0,0.0,0.0,-4.36864965,-0.08454187,-2.9918681,3.87115738,-1.0194026,0.774045,7.69354068,3.00828751,-6.50934139,-0.98144014,4.03985297,-0.96498539,-0.57623005,0.0,0.33434945,0.79289891,0.05909175
1760625249.5,0.8983205,-0.16077977,1.90080404,-0.00642085,0.95484491,-0.00682292,80.0,-7.0,0.0,80.0,1.3962634,0.0,0.0,0.0,80.0,-7.0,0.0,80.0,1.3962634,0.0,0.0,0.0,-4.24844642,-0.06455491,-2.97311987,3.77141959,-1.03635902,0.72431925,7.58626628,3.06637571,-6.40313964,-0.96091276,3.94663304,-0.93832402,-0.55038127,0.0,0.31995816,0.78049773,0.05879072
1760625249.534,0.89809735,-0.15635402,1.91099725,-0.00689521,0.95474924,-0.00672771,80.0,-7.0,0.0,80.0,1.3962634,0.0,0.0,0.0,80.0,-7.0,0.0,80.0,1.3962634,0.0,0.0,0.0,-4.26620025,-0.06454121,-2.98867142,3.7642088,-1.03699755,0.7272206,7.56711373,3.05750204,-6.38841783,-0.96736331,3.93853418,-0.94187171,-0.55469258,0.0,0.39071517,0.78268885,0.0647357
1760625249.567,0.88806184,-0.15266004,1.90057397,-0.00664387,0.95442355,-0.00657295,80.0,-7.0,0.0,80.0,1.3962634,0.0,0.0,0.0,80.0,-7.0,0.0,80.0,1.3962634,0.0,0.0,0.0,-4.27870733,-0.06132107,-3.00559969,3.7747529,-1.04558868,0.74087608,7.56063144,3.07812503,-6.38647418,-0.97104603,3.91553719,-0.95241028,-0.52829295,0.0,0.41383275,0.77971726,0.06223293
1760625249.601,0.88814412,-0.1515683,1.93647881,-0.00646359,0.9541245,-0.00648549,80.0,-7.0,0.0,80.0,1.3962634,0.0,0.0,0.0,80.0,-7.0,0.0,80.0,1.3962634,0.0,0.0,0.0,-4.34645818,-0.09172423,-3.08138381,3.83860292,-1.03036057,0.72059984,6.86262455,3.13875888,-5.68026122,-0.86181191,3.94354986,-1.00146069,-0.53919918,0.0,0.42648605,0.77410298,0.05169851
1760625249.634,0.88350826,-0.13900848,1.91866933,-0.00746232,0.95426961,-0.00606036,80.0,-7.0,0.0,80.0,1.3962634,0.0,0.0,0.0,80.0,-7.0,0.0,80.0,1.3962634,0.0,0.0,0.0,-4.2611704,-0.12401295,-3.0571801,3.74636598,-1.04335996,0.65797323,6.78959106,3.17487122,-5.64120477,-0.84837197,3.81747823,-1.03412524,-0.59914858,0.0,0.55699106,0.7735191,0.0481499
1760625249.668,0.90023829,-0.13619901,1.93925446,-0.00864888,0.95420958,-0.00602099,80.0,-7.0,0.0,80.0,1.3962634,0.0,0.0,0.0,80.0,-7.0,0.0,80.0,1.3962634,0.0,0.0,0.0,-4.28105102,-0.13833755,-3.0070905,3.74448784,-1.04691351,0.52831971,6.7780691,3.23275818,-5.63911866,-0.84566095,3.77651378,-1.04549931,-0.52884057,0.0,0.59127729,0.74665956,0.02552604
1760625249.701,0.90244289,-0.13801446,1.93249731,-0.0093601,0.95468759,-0.00576994,80.0,-7.0,0.0,80.0,1.3962634,0.0,0.0,0.0,80.0,-7.0,0.0,80.0,1.3962634,0.0,0.0,0.0,-4.29297398,-0.1383069,-2.99584528,3.74624268,-1.04602818,0.51723302,6.76780498,3.24335886,-5.64989985,-0.86765159,3.758199,-1.05946079,-0.52116161,0.0,0.67873985,0.74315907,0.02612475
1760625249.734,0.89853628,-0.14660056,1.94649588,-0.00840765,0.95474575,-0.00577217,80.0,-7.0,0.0,80.0,1.3962634,0.0,0.0,0.0,80.0,-7.0,0.0,80.0,1.3962634,0.0,0.0,0.0,-4.2984994,-0.1562697,-2.95644027,3.73749103,-1.04752832,0.45667103,6.78069316,3.25491816,-5.65578775,-0.86313228,3.73610102,-1.08550279,-0.56452163,0.0,0.82542044,0.725493,0.03058086
1760625249.768,0.87744689,-0.13139286,1.90787603,-0.00780503,0.95489844,-0.00572727,80.0,-7.0,0.0,80.0,1.3962634,0.0,0.0,0.0,80.0,-7.0,0.0,80.0,1.3962634,0.0,0.0,0.0,-4.23862125,-0.22359677,-2.81030761,3.68850327,-1.00899399,0.33404132,6.93444993,3.25671482,-5.81657181,-0.8829677,3.67369895,-1.1181338,-0.45056033,0.0,0.85514975,0.6666762,0.03987775
1760625249.801,0.88954702,-0.15418958,1.92428183,-0.00782553,0.95500398,-0.00641832,80.0,-7.0,0.0,80.0,1.3962634,0.0,0.0,0.0,80.0,-7.0,0.0,80.0,1.3962634,0.0,0.0,0.0,-4.31012053,-0.20190577,-2.84563847,3.73515366,-1.00342745,0.35766604,6.97922759,3.29433433,-5.87263273,-0.8792867,3.72330407,-1.11090409,-0.45893709,0.0,0.88274966,0.58775758,0.0644172
1760625249.868,0.89283683,-0.15353576,1.91959166,-0.00790507,0.9548442,-0.00708711,80.0,-7.0,0.0,80.0,1.3962634,0.0,0.0,0.0,80.0,-7.0,0.0,80.0,1.3962634,0.0,0.0,0.0,-4.36371443,-0.2192751,-2.86409392,3.77615465,-0.99660493,0.37111547,7.01418713,3.33695056,-5.91079285,-0.90326381,3.76723205,-1.09449857,-0.54404851,0.0,1.03559638,0.28392052,0.23604225
1760625249.902,0.9154191,-0.15037742,1.92323942,-0.00763211,0.95456198,-0.0074612,80.0,-7.0,0.0,80.0,1.3962634,0.0,0.0,0.0,80.0,-7.0,0.0,80.0,1.3962634,0.0,0.0,0.0,-4.5719304,-0.23451852,-2.87338172,3.99729847,-0.99455579,0.32999385,7.11428971,3.3499139,-6.03700898,-0.94546444,3.95234241,-1.10346477,-0.56693878,0.0,1.11057083,0.3102086,0.29146991
1760625249.935,0.90570109,-0.15058079,1.92887854,-0.00854968,0.95426628,-0.00779856,80.0,-7.0,0.0,80.0,1.3962634,0.0,0.0,0.0,80.0,-7.0,0.0,80.0,1.3962634,0.0,0.0,0.0,-4.4994702,-0.21667498,-2.83901435,3.95389833,-1.03880591,0.26461747,7.11617914,3.34061896,-6.04098833,-0.97131814,3.87321338,-1.06951751,-0.46184704,0.0,1.1152458,0.31047304,0.29406501
1760625249.969,0.90964818,-0.15149734,1.91950058,-0.00944688,0.95431334,-0.00807286,80.0,-7.0,0.0,80.0,1.3962634,0.0,0.0,0.0,80.0,-7.0,0.0,80.0,1.3962634,0.0,0.0,0.0,-4.50372346,-0.21972103,-2.85204096,3.97972917,-1.03477942,0.28436184,7.10460262,3.33370597,-6.03056653,-0.99881161,3.90445558,-1.06945734,-0.44059698,0.0,1.10216483,0.31321528,0.29725985
1760625250.002,0.9373625,-0.15245932,1.92321324,-0.01028729,0.95438101,-0.00843624,80.0,-7.0,0.0,80.0,1.3962634,0.0,0.0,0.0,80.0,-7.0,0.0,80.0,1.3962634,0.0,0.0,0.0,-4.60922809,-0.19609304,-2.84974977,4.10994847,-1.06815103,0.29534049,6.50907548,3.32056736,-5.43958619,-0.89365545,4.05099508,-1.08062775,-0.43476483,0.0,1.15196866,0.31809113,0.29490742
1760625250.035,0.92275269,-0.16796174,1.91731118,-0.00992971,0.95410553,-0.00909734,80.0,-7.0,0.0,80.0,1.3962634,0.0,0.0,0.0,80.0,-7.0,0.0,80.0,1.3962634,0.0,0.0,0.0,-4.52092302,-0.1776236,-2.77817738,4.0597066,-1.07045455,0.29987695,5.93254104,3.33266852,-4.83623712,-0.8116155,4.02830887,-1.10168084,-0.43743265,0.0,1.22887576,0.32847349,0.29385362
1760625250.069,0.91599768,-0.17857077,1.92783376,-0.00934634,0.95393937,-0.01047502,80.0,-7.0,0.0,80.0,1.3962634,0.0,0.0,0.0,80.0,-7.0,0.0,80.0,1.3962634,0.0,0.0,0.0,-4.52694592,-0.08746423,-2.77973371,4.10426089,-1.14755756,0.36979733,5.54294904,3.3239573,-4.36818009,-0.76475239,4.0757237,-1.06638734,-0.44616816,0.0,1.35110011,0.32655807,0.28694428
1760625250.102,0.91070391,-0.20042214,1.92553837,-0.00951192,0.95393086,-0.01103419,80.0,-7.0,0.0,80.0,1.3962634,0.0,0.0,0.0,80.0,-7.0,0.0,80.0,1.3962634,0.0,0.0,0.0,-4.51651389,-0.01253099,-2.76325847,4.14650618,-1.19384613,0.41576729,5.54331026,3.27514603,-4.3146645,-0.80935045,4.11353204,-1.07026793,-0.36698062,0.0,1.38618742,0.25677527,0.29425347
1760625250.136,0.89540748,-0.20268187,1.92822305,-0.00932091,0.95374447,-0.01062108,80.0,-7.0,0.0,80.0,1.3962634,0.0,0.0,0.0,80.0,-7.0,0.0,80.0,1.3962634,0.0,0.0,0.0,-4.56950332,-0.00718295,-2.73520853,4.25314609,-1.18880609,0.50001071,5.53141076,3.24248805,-4.27307613,-0.82132003,4.20061817,-1.09564846,-0.29913765,0.0,1.43563262,0.17235597,0.31002355
1760625250.169,0.88865897,-0.20191982,1.9169431,-0.00919327,0.95369783,-0.00980093,80.0,-7.0,0.0,80.0,1.3962634,0.0,0.0,0.0,80.0,-7.0,0.0,80.0,1.3962634,0.0,0.0,0.0,-4.71012681,-0.02612639,-2.75040067,4.43972698,-1.17556129,0.58939667,5.5526177,3.18337501,-4.21764992,-0.86615911,4.33362707,-1.15296158,-0.22715807,0.0,1.59674319,0.15967845,0.32190957
1760625250.203,0.94268293,-0.21478903,1.91569512,-0.00954649,0.95400476,-0.00954586,80.0,-7.0,0.0,80.0,1.3962634,0.0,0.0,0.0,80.0,-7.0,0.0,80.0,1.3962634,0.0,0.0,0.0,-4.83041495,-0.0307803,-2.83030484,4.54909985,-1.1871931,0.69204483,5.64171289,3.18430579,-4.17916984,-0.95566201,4.40458763,-1.1914189,-0.25702567,0.0,1.92331741,0.1800534,0.27636739
1760625250.236,0.9622704,-0.220506,1.93886405,-0.00983606,0.95396249,-0.00919227,80.0,-7.0,0.0,80.0,1.3962634,0.0,0.0,0.0,80.0,-7.0,0.0,80.0,1.3962634,0.0,0.0,0.0,-4.82065607,-0.05578722,-2.84437218,4.53630705,-1.20857884,0.66385928,5.70732504,3.16735606,-4.10944407,-1.04641396,4.35620939,-1.19675981,-0.19925557,0.0,2.09345579,0.17864761,0.29824108
1760625250.27,0.96536342,-0.22948802,1.93728847,-0.01010712,0.95382617,-0.00915284,80.0,-7.0,0.0,80.0,1.3962634,0.0,0.0,0.0,80.0,-7.0,0.0,80.0,1.3962634,0.0,0.0,0.0,-4.61148282,-0.09920096,-2.77013262,4.33845714,-1.2678134,0.53791767,5.70689854,3.13576894,-4.0100657,-1.10806425,4.13374476,-1.17655267,-0.05401614,0.0,2.13235819,0.1787774,0.32649084
1760625250.303,0.95918722,-0.25166076,1.92294253,-0.00923435,0.95352919,-0.00988663,80.0,-7.0,0.0,80.0,1.3962634,0.0,0.0,0.0,80.0,-7.0,0.0,80.0,1.3962634,0.0,0.0,0.0,-4.58894082,-0.09495397,-2.66324508,4.33143881,-1.50893524,0.26554157,5.831103,3.02996456,-4.06463903,-1.19910735,4.15246736,-1.1030283,0.0428995,0.0,2.23939905,0.22410186,0.37196024
1760625250.336,0.94422121,-0.26562285,1.9131656,-0.00898013,0.95317964,-0.01063186,80.0,-7.0,0.0,80.0,1.3962634,0.0,0.0,0.0,80.0,-7.0,0.0,80.0,1.3962634,0.0,0.0,0.0,-4.49199821,-0.10166126,-2.6061304,4.15231644,-1.84180183,0.10904345,6.03639883,2.98605807,-4.14387018,-1.26541854,4.0669834,-1.06106918,0.04940697,0.0,2.40518853,0.25363614,0.40556434
1760625250.37,0.94482361,-0.25582785,1.92923646,-0.00858554,0.95303386,-0.01105526,80.0,-7.0,0.0,80.0,1.3962634,0.0,0.0,0.0,80.0,-7.0,0.0,80.0,1.3962634,0.0,0.0,0.0,-4.46194366,-0.14702816,-2.62230398,3.99134581,-2.26499238,-0.04354653,6.91311644,2.91046093,-4.90268191,-1.48988129,4.01570831,-1.04524469,0.14810867,0.0,2.4925816,0.21315565,0.39810952
1760625250.404,0.94337621,-0.26454991,1.9268834,-0.00784801,0.9530525,-0.01202124,80.0,-7.0,0.0,80.0,1.3962634,0.0,0.0,0.0,80.0,-7.0,0.0,80.0,1.3962634,0.0,0.0,0.0,-4.43872566,-0.19095772,-2.65070746,3.79943247,-3.06235529,-0.50044008,7.93227182,2.85394288,-5.96735008,-1.67096756,3.98019166,-1.03215998,0.27161281,0.0,2.47241733,0.22557293,0.40623715
1760625250.437,0.93482846,-0.270636,1.92694079,-0.00591599,0.95306883,-0.01291339,80.0,-7.0,0.0,80.0,1.3962634,0.0,0.0,0.0,80.0,-7.0,0.0,80.0,1.3962634,0.0,0.0,0.0,-4.56370547,-0.21081255,-2.66059164,3.76138986,-3.86055444,-0.99034021,9.62795668,2.99883217,-7.74802653,-1.8847885,4.09041826,-1.02039685,0.29800153,0.0,2.6182547,0.23988721,0.40919502
1760625250.471,0.92839666,-0.2794795,1.91675914,-0.00471228,0.95302412,-0.01341684,80.0,-7.0,0.0,80.0,1.3962634,0.0,0.0,0.0,80.0,-7.0,0.0,80.0,1.3962634,0.0,0.0,0.0,-4.50051265,-0.23791503,-2.66991188,3.41567361,-4.73633523,-1.52800509,10.7553323,3.4132528,-8.9022934,-2.00318827,3.98502112,-0.99435534,0.33165653,0.0,2.70359634,0.23404411,0.39655421
1760625250.504,0.92263245,-0.27609013,1.8886607,-0.00318517,0.95294063,-0.01400907,80.0,-7.0,0.0,80.0,1.3962634,0.0,0.0,0.0,80.0,-7.0,0.0,80.0,1.3962634,0.0,0.0,0.0,-4.61743937,-0.32267339,-2.74659028,3.00279318,-5.96182668,-2.16358918,12.62972339,3.89712575,-10.64787196,-2.32130436,4.05025788,-0.98643331,0.24582078,0.0,2.78045978,0.19725286,0.36887487
1760625250.537,0.89506451,-0.27837611,1.86641684,-0.00114899,0.95266712,-0.01486609,80.0,-7.0,0.0,80.0,1.3962634,0.0,0.0,0.0,80.0,-7.0,0.0,80.0,1.3962634,0.0,0.0,0.0,-4.69103796,-0.35733913,-2.85823745,2.64126097,-7.14571612,-2.06576692,13.98719195,3.82581072,-11.92201898,-2.42994211,4.13736855,-0.9385176,0.16863762,0.0,2.78658787,0.2042494,0.35614798
1760625250.571,0.88136052,-0.2956192,1.86310966,0.0007269,0.95224411,-0.01536086,80.0,-7.0,0.0,80.0,1.3962634,0.0,0.0,0.0,80.0,-7.0,0.0,80.0,1.3962634,0.0,0.0,0.0,-4.69764956,-0.37530781,-2.74208869,2.13065414,-8.43163458,-1.18168341,14.13746315,2.83031445,-11.95836936,-2.50272829,4.10593361,-0.86105157,0.28153764,0.0,2.80732065,0.21748613,0.37549339
1760625250.604,0.8779276,-0.27657223,1.85432409,0.00186624,0.95198924,-0.0158352,80.0,-7.0,0.0,80.0,1.3962634,0.0,0.0,0.0,80.0,-7.0,0.0,80.0,1.3962634,0.0,0.0,0.0,-4.79838062,-0.51877141,-2.69364985,1.50559075,-10.26891422,0.40095617,15.49854025,0.96533983,-13.16228785,-2.81014959,4.14977754,-0.82488323,0.35564999,0.0,2.80964173,0.15575541,0.3598255
1760625250.637,0.87749917,-0.2687896,1.84744019,0.00288613,0.95184873,-0.01549791,80.0,-7.0,0.0,80.0,1.3962634,0.0,0.0,0.0,80.0,-7.0,0.0,80.0,1.3962634,0.0,0.0,0.0,-4.92593595,-0.63969327,-2.66851993,1.08418423,-11.69176658,1.23954845,16.1712383,0.07558802,-13.83994156,-2.87851733,4.24890194,-0.84124702,0.33524819,0.0,2.8722883,0.12781419,0.36086101
1760625250.671,0.90923232,-0.27183745,1.83541896,0.00161069,0.95223885,-0.01508556,80.0,-7.0,0.0,80.0,1.3962634,0.0,0.0,0.0,80.0,-7.0,0.0,80.0,1.3962634,0.0,0.0,0.0,-5.26571454,-0.7343478,-2.68796006,0.72923535,-13.11025848,0.7757783,17.27255011,0.50652956,-14.84386741,-2.92155933,4.55262618,-0.883659,0.19820026,0.0,3.03482088,0.0730544,0.40812703
1760625250.738,0.91489578,-0.29588798,1.78481928,0.00283155,0.95239588,-0.01495081,80.0,-7.0,0.0,80.0,1.3962634,0.0,0.0,0.0,80.0,-7.0,0.0,80.0,1.3962634,0.0,0.0,0.0,-5.73614233,-0.99728539,-2.93240337,-0.32444304,-16.89885355,-1.35982133,20.18469523,2.41649837,-18.12074893,-2.6616026,5.05843636,-1.12610736,-0.18588687,0.0,3.2125236,-0.06121764,0.41509857
1760625250.771,0.93615746,-0.314019,1.77808374,0.00330077,0.95397162,-0.01416983,80.0,-7.0,0.0,80.0,1.3962634,0.0,0.0,0.0,80.0,-7.0,0.0,80.0,1.3962634,0.0,0.0,0.0,-5.80797865,-1.18335559,-3.03660492,-0.95834421,-18.61832712,-1.74943878,21.34847374,2.43380251,-19.45320461,-2.73472841,5.10691575,-1.35487241,-0.30523361,0.0,3.38897984,-0.09729978,0.36192496
1760625250.805,0.95174938,-0.34580649,1.78359039,0.00449483,0.95434448,-0.01424751,80.0,-7.0,0.0,80.0,1.3962634,0.0,0.0,0.0,80.0,-7.0,0.0,80.0,1.3962634,0.0,0.0,0.0,-5.97563937,-1.3096535,-2.99713891,-1.84777354,-21.1009414,-2.53735248,22.89988841,2.54392296,-21.24596073,-2.84234189,5.26216313,-1.52987472,-0.24624538,0.0,3.52058417,-0.10640979,0.31206001
1760625250.838,0.93674856,-0.36490635,1.79633623,0.00563096,0.95416809,-0.01387799,80.0,-7.0,0.0,80.0,1.3962634,0.0,0.0,0.0,80.0,-7.0,0.0,80.0,1.3962634,0.0,0.0,0.0,-6.04689737,-1.34630379,-2.86139042,-2.63910164,-23.10378083,-3.53461072,24.20606218,2.8156751,-22.75563535,-2.878273,5.30538485,-1.58179481,-0.10494625,0.0,3.67713373,-0.11156364,0.31966615
1760625250.872,0.93260093,-0.38333212,1.79449401,0.00701808,0.95424647,-0.01444243,80.0,-7.0,0.0,80.0,1.3962634,0.0,0.0,0.0,80.0,-7.0,0.0,80.0,1.3962634,0.0,0.0,0.0,-6.3311862,-1.51011132,-2.88696509,-3.52220083,-25.68723639,-5.13064007,26.98718091,3.42319703,-25.83188987,-3.01603481,5.55584365,-1.74283089,-0.078342,0.0,3.69555828,-0.11009166,0.31271358
1760625250.905,0.92778965,-0.3954124,1.79664864,0.00820064,0.95449241,-0.0144301,80.0,-7.0,0.0,80.0,1.3962634,0.0,0.0,0.0,80.0,-7.0,0.0,80.0,1.3962634,0.0,0.0,0.0,-6.60747891,-1.62822801,-2.85186743,-4.16632791,-27.73143982,-6.63199105,28.46784188,4.08655276,-27.61347568,-2.86225712,5.78170586,-1.85232382,0.00140483,0.0,3.72204087,-0.13520087,0.32375868
1760625250.939,0.93860643,-0.40161407,1.78755147,0.00894218,0.95466029,-0.01425878,80.0,-7.0,0.0,80.0,1.3962634,0.0,0.0,0.0,80.0,-7.0,0.0,80.0,1.3962634,0.0,0.0,0.0,-7.07387229,-1.68440138,-2.84225859,-4.57546882,-29.87068938,-7.93287337,29.39832124,4.39297109,-28.85414317,-2.79958167,6.22274756,-1.91448858,0.03204633,0.0,3.75880519,-0.13300006,0.33781392
1760625250.972,0.93219813,-0.38582337,1.76632403,0.0104954,0.95464112,-0.01448285,80.0,-7.0,0.0,80.0,1.3962634,0.0,0.0,0.0,80.0,-7.0,0.0,80.0,1.3962634,0.0,0.0,0.0,-7.53551958,-1.79928294,-2.95792082,-5.26075088,-32.64213022,-9.39639625,31.15850904,4.80307389,-31.01458031,-2.84769399,6.69371619,-2.01739509,-0.07002299,0.0,3.83908821,-0.13910319,0.3463513
1760625251.006,0.92743661,-0.37375047,1.75870277,0.01086134,0.95545617,-0.01333853,80.0,-7.0,0.0,80.0,1.3962634,0.0,0.0,0.0,80.0,-7.0,0.0,80.0,1.3962634,0.0,0.0,0.0,-7.80316,-1.93058949,-3.05527236,-5.92441182,-34.73629402,-10.51763863,31.82450633,5.06586891,-31.93846191,-2.83561888,6.93062325,-2.15886343,-0.14518607,0.0,4.0205741,-0.15886382,0.34214423
1760625251.039,0.89806099,-0.34045296,1.757286,0.01480207,0.95609236,-0.01086352,80.0,-7.0,0.0,80.0,1.3962634,0.0,0.0,0.0,80.0,-7.0,0.0,80.0,1.3962634,0.0,0.0,0.0,-8.44727322,-2.02988339,-3.42757914,-6.00779169,-36.94172212,-11.54164511,32.34495645,5.40796328,-32.78594836,-2.69151761,7.6773764,-2.29467831,-0.47283235,0.0,4.0847425,-0.15934953,0.33035912
1760625251.072,0.87007968,-0.31012131,1.74571592,0.01629163,0.95692078,-0.00934411,80.0,-7.0,0.0,80.0,1.3962634,0.0,0.0,0.0,80.0,-7.0,0.0,80.0,1.3962634,0.0,0.0,0.0,-8.45188021,-2.17220841,-3.40793614,-7.28486546,-39.76692481,-13.71881936,33.79378366,5.76929865,-34.75714332,-2.66612388,7.71958007,-2.43022217,-0.53608282,0.0,4.19773401,-0.10341897,0.35626888
1760625251.106,0.86236353,-0.2821791,1.73382067,0.01639225,0.95879185,-0.00807136,80.0,-7.0,0.0,80.0,1.3962634,0.0,0.0,0.0,80.0,-7.0,0.0,80.0,1.3962634,0.0,0.0,0.0,-8.33239443,-2.39073458,-3.43600606,-8.42616783,-41.78783824,-15.44662805,34.83332589,6.11215338,-36.13599553,-2.62207352,7.57119251,-2.663064,-0.52554963,0.0,4.27927964,-0.09543615,0.37027792
1760625251.139,0.8659633,-0.25662413,1.71303317,0.01622621,0.96007951,-0.00700037,80.0,-7.0,0.0,80.0,1.3962634,0.0,0.0,0.0,80.0,-7.0,0.0,80.0,1.3962634,0.0,0.0,0.0,-8.36253336,-2.57591137,-3.58567546,-9.3575232,-43.79063418,-17.06735375,34.67759992,6.54581381,-36.32882461,-2.51088141,7.60436979,-2.91292862,-0.66666524,0.0,4.39923025,-0.09853847,0.35387468
1760625251.173,0.87289224,-0.23156256,1.70408393,0.01570054,0.96097023,-0.00634772,80.0,-7.0,0.0,80.0,1.3962634,0.0,0.0,0.0,80.0,-7.0,0.0,80.0,1.3962634,0.0,0.0,0.0,-8.45323419,-2.7593125,-3.71698769,-10.71303733,-46.41409358,-19.27747185,34.58333247,6.8829903,-36.70077277,-2.49205147,7.70202945,-3.20399321,-0.81345123,0.0,4.50119182,-0.09316174,0.36063171
1760625251.206,0.91859742,-0.22462855,1.69242731,0.01219685,0.96374025,-0.00588385,80.0,-7.0,0.0,80.0,1.3962634,0.0,0.0,0.0,80.0,-7.0,0.0,80.0,1.3962634,0.0,0.0,0.0,-8.36896282,-3.060629,-4.00289718,-11.75470964,-48.2219027,-20.55730739,34.22168328,7.05833133,-36.65679418,-2.44122899,7.53854835,-3.62120432,-1.08197299,0.0,4.54271892,-0.09637721,0.33489558
1760625251.24,0.95214388,-0.20867968,1.68555311,0.01006645,0.9655156,-0.00523428,80.0,-7.0,0.0,80.0,1.3962634,0.0,0.0,0.0,80.0,-7.0,0.0,80.0,1.3962634,0.0,0.0,0.0,-8.5502029,-3.25679552,-4.20327239,-12.6321858,-49.98970418,-21.95269406,34.05874967,7.14912522,-36.83121711,-2.47578398,7.67485394,-3.93125205,-1.30066638,0.0,4.63017928,-0.07536948,0.33682727
1760625251.273,0.96593337,-0.1754671,1.69962354,0.00876345,0.96674907,-0.00431602,80.0,-7.0,0.0,80.0,1.3962634,0.0,0.0,0.0,80.0,-7.0,0.0,80.0,1.3962634,0.0,0.0,0.0,-8.46295185,-3.50119061,-4.45595105,-14.23728978,-52.21361951,-23.92220782,33.74344596,7.50032929,-36.97454885,-2.31536784,7.55623094,-4.28250124,-1.59726977,0.0,4.66224844,-0.06279022,0.33509976
1760625251.307,0.95315903,-0.15105404,1.70880276,0.00887465,0.96860325,-0.00347808,80.0,-7.0,0.0,80.0,1.3962634,0.0,0.0,0.0,80.0,-7.0,0.0,80.0,1.3962634,0.0,0.0,0.0,-8.41170508,-3.76683251,-4.55400874,-15.57324428,-53.73498448,-25.58098099,33.60011435,7.87622438,-37.08785012,-2.04951823,7.47805904,-4.60867872,-1.71017869,0.0,4.66605984,-0.08508034,0.32023781
1760625251.34,0.93246975,-0.131015,1.74005111,0.01127596,0.96977576,-0.0033843,80.0,-7.0,0.0,80.0,1.3962634,0.0,0.0,0.0,80.0,-7.0,0.0,80.0,1.3962634,0.0,0.0,0.0,-8.52649312,-3.90651863,-4.85067017,-16.56675903,-55.21577011,-26.88175072,33.1045664,7.98789501,-36.75641919,-2.03634153,7.63097118,-4.83106899,-1.98226049,0.0,4.66440129,-0.08306728,0.31559978
1760625251.374,0.92157079,-0.10171806,1.74944765,0.01045247,0.97167601,-0.00297099,80.0,-7.0,0.0,80.0,1.3962634,0.0,0.0,0.0,80.0,-7.0,0.0,80.0,1.3962634,0.0,0.0,0.0,-8.40287461,-4.29422016,-5.1145597,-18.43631354,-56.81257185,-28.8932056,32.60213495,8.56943292,-36.38581586,-1.73488056,7.4333743,-5.27419621,-2.32146239,0.0,4.8120317,-0.07080589,0.34408222
1760625251.407,0.92913289,-0.06579541,1.74706395,0.00959825,0.97289591,-0.00215475,80.0,-7.0,0.0,80.0,1.3962634,0.0,0.0,0.0,80.0,-7.0,0.0,80.0,1.3962634,0.0,0.0,0.0,-8.44528558,-4.45014369,-5.05264902,-20.06855381,-57.95045134,-30.76860881,33.0768541,8.67963223,-36.95291799,-1.75008284,7.44680025,-5.44225102,-2.35470194,0.0,4.92541561,-0.07947652,0.35106377
1760625251.44,0.92388069,-0.04655017,1.7628923,0.01031328,0.97333536,-0.00175147,80.0,-7.0,0.0,80.0,1.3962634,0.0,0.0,0.0,80.0,-7.0,0.0,80.0,1.3962634,0.0,0.0,0.0,-8.44249825,-4.49390096,-4.97606018,-21.93197631,-59.07727858,-32.89751173,33.48548156,8.98446886,-37.51846673,-1.60000746,7.42326396,-5.51962069,-2.35641878,0.0,5.02054489,-0.09083156,0.34185932
1760625251.474,0.9187779,-0.02538719,1.75979783,0.01150564,0.97366484,-0.00232487,80.0,-7.0,0.0,80.0,1.3962634,0.0,0.0,0.0,80.0,-7.0,0.0,80.0,1.3962634,0.0,0.0,0.0,-8.59415281,-4.47300264,-5.12644441,-23.90618164,-60.55783697,-35.37745274,33.85919692,9.62772382,-38.0635889,-1.37752381,7.5650942,-5.60805745,-2.54747365,0.0,5.17864494,-0.0821542,0.32713014
1760625251.507,0.90754816,-0.00656462,1.7778936,0.01184914,0.97504269,-0.0024503,80.0,-7.0,0.0,80.0,1.3962634,0.0,0.0,0.0,80.0,-7.0,0.0,80.0,1.3962634,0.0,0.0,0.0,-8.47807941,-4.63706038,-5.2295111,-25.677554,-61.47918676,-37.02775569,33.93998698,9.69765639,-38.1534745,-1.39299953,7.42034691,-5.83197183,-2.6494608,0.0,5.27060437,-0.07486743,0.29672652
1760625251.541,0.9000333,-0.00443625,1.78122871,0.01145671,0.97584347,-0.00246968,80.0,-7.0,0.0,80.0,1.3962634,0.0,0.0,0.0,80.0,-7.0,0.0,80.0,1.3962634,0.0,0.0,0.0,-8.41561024,-4.71219259,-5.35480576,-27.37285202,-62.37255559,-38.80304054,33.70345722,9.73777566,-37.85938299,-1.48361295,7.33214728,-5.99493841,-2.82693617,0.0,5.42456664,-0.06610441,0.28423649
1760625251.574,0.8990822,0.01355057,1.77054149,0.01229081,0.97590486,-0.00228269,80.0,-7.0,0.0,80.0,1.3962634,0.0,0.0,0.0,80.0,-7.0,0.0,80.0,1.3962634,0.0,0.0,0.0,-8.53012089,-4.62649943,-5.57279172,-29.25340683,-63.6973281,-41.31479109,33.43295699,9.90996228,-37.69650405,-1.57327678,7.51443936,-6.01514647,-3.08966957,0.0,5.5031127,-0.0635271,0.28340995
1760625251.608,0.90342276,0.02885959,1.75072218,0.01057108,0.97637801,-0.00193138,80.0,-7.0,0.0,80.0,1.3962634,0.0,0.0,0.0,80.0,-7.0,0.0,80.0,1.3962634,0.0,0.0,0.0,-8.30846126,-4.72069577,-5.7623406,-30.87473273,-64.59287266,-43.16197651,32.65916301,10.30752612,-37.09817932,-1.36853243,7.29193139,-6.13964244,-3.26048586,0.0,5.50231822,-0.07660948,0.25901016
1760625251.641,0.90548296,0.03956011,1.73970864,0.01020507,0.97692256,-0.00146914,80.0,-7.0,0.0,80.0,1.3962634,0.0,0.0,0.0,80.0,-7.0,0.0,80.0,1.3962634,0.0,0.0,0.0,-8.36046748,-4.83973411,-5.78395821,-32.3797612,-65.29487339,-45.21119356,32.60956122,10.72153958,-37.19973519,-1.186876,7.34640835,-6.29603429,-3.2189156,0.0,5.58969317,-0.07775143,0.25564652
1760625251.675,0.91534814,0.0609176,1.73032777,0.01010329,0.97688247,-0.00113762,80.0,-7.0,0.0,80.0,1.3962634,0.0,0.0,0.0,80.0,-7.0,0.0,80.0,1.3962634,0.0,0.0,0.0,-8.41186645,-4.95663551,-5.74172986,-34.50019846,-66.12062544,-47.95820354,33.14911058,10.88259389,-37.90893889,-1.19709165,7.44877899,-6.41778139,-3.18843777,0.0,5.66811832,-0.05317254,0.27500964
1760625251.708,0.90790218,0.0830758,1.71522722,0.01027407,0.9768229,7.975e-05,80.0,-7.0,0.0,80.0,1.3962634,0.0,0.0,0.0,80.0,-7.0,0.0,80.0,1.3962634,0.0,0.0,0.0,-8.52019275,-5.11789714,-5.86593918,-35.55324546,-66.70017117,-49.41017362,32.89951019,11.47147764,-37.78772583,-0.88325643,7.61625,-6.60768796,-3.25331121,0.0,5.74903967,-0.08394977,0.2883518
1760625251.741,0.90573581,0.10918795,1.72272445,0.01038146,0.97683464,0.00128134,80.0,-7.0,0.0,80.0,1.3962634,0.0,0.0,0.0,80.0,-7.0,0.0,80.0,1.3962634,0.0,0.0,0.0,-8.53806743,-5.23985441,-5.84857309,-36.86932642,-67.13468427,-50.93801177,32.92224806,12.05361444,-37.8157023,-0.57520749,7.68099212,-6.734356,-3.00845217,0.0,5.73076499,-0.15801971,0.29295168
1760625251.775,0.91038675,0.14615442,1.70231907,0.01030873,0.97709142,0.00184858,80.0,-7.0,0.0,80.0,1.3962634,0.0,0.0,0.0,80.0,-7.0,0.0,80.0,1.3962634,0.0,0.0,0.0,-8.63260935,-5.3149073,-5.89869841,-38.24829955,-67.62923659,-52.68779525,32.93387941,12.49752697,-37.69440443,-0.43745557,7.93597695,-6.83504002,-3.00770531,0.0,5.79794701,-0.19041603,0.29643227
1760625251.808,0.91643532,0.1346696,1.69112354,0.01014828,0.97693432,0.00199541,80.0,-7.0,0.0,80.0,1.3962634,0.0,0.0,0.0,80.0,-7.0,0.0,80.0,1.3962634,0.0,0.0,0.0,-8.66643785,-5.29770689,-5.85662131,-39.1804223,-67.92695622,-53.78037287,32.66567794,12.49501359,-37.26108815,-0.58105857,8.11231414,-6.91111976,-3.13754185,0.0,6.11423289,-0.17252532,0.29749876
1760625251.842,0.92894757,0.14411059,1.65884369,0.00949999,0.97716404,0.0019305,80.0,-7.0,0.0,80.0,1.3962634,0.0,0.0,0.0,80.0,-7.0,0.0,80.0,1.3962634,0.0,0.0,0.0,-8.70737917,-5.32433524,-5.8309083,-40.01522413,-68.23158824,-54.96950059,32.4752338,12.53922684,-36.91096809,-0.66409079,8.31484458,-7.03126658,-2.99713151,0.0,6.18615164,-0.15536486,0.2678391
1760625251.875,0.96570469,0.13835929,1.64662256,0.00892615,0.97750779,0.00175571,80.0,-7.0,0.0,80.0,1.3962634,0.0,0.0,0.0,80.0,-7.0,0.0,80.0,1.3962634,0.0,0.0,0.0,-8.8094202,-5.35757278,-5.93890279,-39.94798845,-68.44718209,-55.30354966,32.47516984,12.57405032,-36.9281975,-0.70553635,8.47069127,-7.16445522,-2.9434888,0.0,6.19445182,-0.16318442,0.21011181
1760625251.909,0.96582974,0.11876797,1.61683239,0.00797749,0.97802956,0.00175132,80.0,-7.0,0.0,80.0,1.3962634,0.0,0.0,0.0,80.0,-7.0,0.0,80.0,1.3962634,0.0,0.0,0.0,-8.76420377,-5.44280958,-5.95552581,-39.87767859,-68.57870545,-55.51356591,32.44590103,12.58054416,-36.94773712,-0.69002268,8.47120072,-7.33189608,-2.87136059,0.0,6.29399841,-0.16121337,0.20281991
1760625251.942,1.02898424,0.10357648,1.5283092,0.00640208,0.97816307,0.00189634,80.0,-7.0,0.0,80.0,1.3962634,0.0,0.0,0.0,80.0,-7.0,0.0,80.0,1.3962634,0.0,0.0,0.0,-8.85490665,-5.45108065,-5.85871385,-39.70719737,-68.68124898,-55.84155123,32.43980234,12.45290656,-36.95086981,-0.74486634,8.60172856,-7.40194364,-2.80459388,0.0,6.44328144,-0.16221486,0.2124616
1760625251.976,1.04872576,0.09102975,1.4948675,0.00540169,0.97795564,0.00161923,80.0,-7.0,0.0,80.0,1.3962634,0.0,0.0,0.0,80.0,-7.0,0.0,80.0,1.3962634,0.0,0.0,0.0,-8.81858565,-5.44201583,-5.83611658,-39.50441929,-68.69990881,-56.00192176,32.43147361,12.51975659,-36.94662776,-0.69689712,8.59466366,-7.40761209,-2.716437,0.0,6.45629483,-0.16342264,0.20340714
1760625252.009,1.10550671,0.0578116,1.46136653,0.00441807,0.97769049,0.00150633,80.0,-7.0,0.0,80.0,1.3962634,0.0,0.0,0.0,80.0,-7.0,0.0,80.0,1.3962634,0.0,0.0,0.0,-8.83299621,-5.43671086,-5.72151624,-39.31530048,-68.64376416,-56.1030001,32.41498838,12.61945277,-37.01153246,-0.57038767,8.57785657,-7.40579901,-2.58856052,0.0,6.49148415,-0.13310648,0.23474079
1760625252.043,1.14386911,0.05585938,1.45964133,0.00382813,0.97759396,0.00115753,80.0,-7.0,0.0,80.0,1.3962634,0.0,0.0,0.0,80.0,-7.0,0.0,80.0,1.3962634,0.0,0.0,0.0,-8.82435718,-5.49776824,-5.56804068,-39.11538711,-68.43277955,-56.14610298,32.81407501,12.63901733,-37.39230512,-0.52213747,8.50277781,-7.43632556,-2.50369102,0.0,6.69466541,-0.1634684,0.24263324
1760625252.076,1.15333884,0.0244108,1.45781731,0.00377002,0.97738052,0.00035228,80.0,-7.0,0.0,80.0,1.3962634,0.0,0.0,0.0,80.0,-7.0,0.0,80.0,1.3962634,0.0,0.0,0.0,-8.89399293,-5.4438615,-5.52471203,-38.83734849,-68.34767085,-56.11566999,33.16389037,12.98492557,-37.77997714,-0.24276276,8.55247078,-7.39739107,-2.46814431,0.0,6.77033096,-0.21132032,0.18539348
1760625252.109,1.15754163,0.02337547,1.46218773,0.00399763,0.97713365,0.00038347,80.0,-7.0,0.0,80.0,1.3962634,0.0,0.0,0.0,80.0,-7.0,0.0,80.0,1.3962634,0.0,0.0,0.0,-8.89001775,-5.46752879,-5.44318349,-38.66099914,-68.18556728,-55.86472858,33.49647043,13.17942374,-38.06718906,-0.06819994,8.50837033,-7.38572047,-2.4770771,0.0,6.93125458,-0.21697075,0.16559912
1760625252.143,1.1492746,-0.01389404,1.49166977,0.00432312,0.97713817,6.637e-05,80.0,-7.0,0.0,80.0,1.3962634,0.0,0.0,0.0,80.0,-7.0,0.0,80.0,1.3962634,0.0,0.0,0.0,-8.93499787,-5.41901681,-5.46063177,-38.28813047,-68.04170453,-55.16228267,33.31649108,13.53184016,-37.85218485,0.30217028,8.47674441,-7.35614413,-2.70516624,0.0,7.24487635,-0.20199744,0.12431212
1760625252.176,1.15110958,-0.0021418,1.49025158,0.00471985,0.97733286,-7.619e-05,80.0,-7.0,0.0,80.0,1.3962634,0.0,0.0,0.0,80.0,-7.0,0.0,80.0,1.3962634,0.0,0.0,0.0,-8.97771842,-5.43693736,-5.48055105,-37.96990762,-67.98198379,-54.29207111,33.23277443,13.40379469,-37.69374571,0.32373352,8.42985004,-7.35605961,-2.76842808,0.0,7.37914765,-0.20400272,0.11050975
1760625252.21,1.15420705,-0.02237563,1.48596368,0.00456622,0.97711231,-0.00022193,80.0,-7.0,0.0,80.0,1.3962634,0.0,0.0,0.0,80.0,-7.0,0.0,80.0,1.3962634,0.0,0.0,0.0,-9.10784907,-5.36879138,-5.51247372,-37.6733771,-67.90975446,-53.70888487,33.10592844,13.39453545,-37.43125634,0.34259356,8.45885766,-7.31696029,-2.80831578,0.0,7.50155757,-0.19460794,0.09476165
1760625252.243,1.15347894,-0.03348602,1.49200034,0.00431055,0.97713743,2.757e-05,80.0,-7.0,0.0,80.0,1.3962634,0.0,0.0,0.0,80.0,-7.0,0.0,80.0,1.3962634,0.0,0.0,0.0,-9.16983143,-5.31482918,-5.56584822,-37.43473564,-67.89944751,-53.21432106,32.94821024,13.7522852,-37.1518519,0.61091571,8.42964107,-7.27250517,-2.92967702,0.0,7.68298501,-0.19831688,0.07279328
1760625252.277,1.15578557,-0.02078309,1.47825542,0.00562177,0.97719528,0.00034713,80.0,-7.0,0.0,80.0,1.3962634,0.0,0.0,0.0,80.0,-7.0,0.0,80.0,1.3962634,0.0,0.0,0.0,-9.3935079,-5.30686617,-5.51707052,-37.27097091,-67.82103279,-53.06685196,32.92429327,13.70378043,-36.92574704,0.53942162,8.63601797,-7.26810723,-2.9306246,0.0,7.77474465,-0.20200286,0.08069517
1760625252.31,1.11415772,-0.00494525,1.4945412,0.00687192,0.9771852,0.0007729,80.0,-7.0,0.0,80.0,1.3962634,0.0,0.0,0.0,80.0,-7.0,0.0,80.0,1.3962634,0.0,0.0,0.0,-9.37575498,-5.32410706,-5.6278238,-37.03822564,-67.85437493,-52.66646166,32.46317529,13.64867917,-36.32815379,0.45590985,8.63990462,-7.28800667,-3.03650862,0.0,7.82661392,-0.18486502,0.08191943
1760625252.344,1.15276052,-9.898e-05,1.51774828,0.00609869,0.97737024,0.0008212,80.0,-7.0,0.0,80.0,1.3962634,0.0,0.0,0.0,80.0,-7.0,0.0,80.0,1.3962634,0.0,0.0,0.0,-9.48975942,-5.33004406,-5.64308399,-36.87609616,-67.86416019,-52.40220992,32.21663376,13.53600705,-36.0084847,0.39143981,8.71202991,-7.32857951,-3.10441626,0.0,8.00370398,-0.17292488,0.0720677
1760625252.377,1.15248622,0.01845124,1.51484209,0.00566435,0.97721323,0.00089622,80.0,-7.0,0.0,80.0,1.3962634,0.0,0.0,0.0,80.0,-7.0,0.0,80.0,1.3962634,0.0,0.0,0.0,-9.52238649,-5.34428011,-5.64616763,-36.80220964,-67.90105865,-52.52282338,32.21079595,13.59033111,-36.00782047,0.4184048,8.76202624,-7.34307395,-3.18688242,0.0,8.09135371,-0.1747582,0.04808962
1760625252.41,1.16724772,0.0210799,1.53222703,0.00605921,0.97725509,0.00080407,80.0,-7.0,0.0,80.0,1.3962634,0.0,0.0,0.0,80.0,-7.0,0.0,80.0,1.3962634,0.0,0.0,0.0,-9.66559466,-5.30017219,-5.68659825,-36.62118712,-67.96655946,-52.64311197,32.17943442,13.57702299,-36.0236945,0.38831117,8.94132123,-7.31943545,-3.3218899,0.0,8.13070464,-0.16859132,0.03164475
1760625252.444,1.17168101,0.04439268,1.55887991,0.00633498,0.97714668,0.00071278,80.0,-7.0,0.0,80.0,1.3962634,0.0,0.0,0.0,80.0,-7.0,0.0,80.0,1.3962634,0.0,0.0,0.0,-9.79362076,-5.30828646,-5.68589439,-36.41377328,-67.96258821,-52.87908849,32.21797025,13.65485372,-36.17878706,0.40548806,9.09337297,-7.32441797,-3.46369658,0.0,8.22933211,-0.17141862,0.03519258
1760625252.477,1.18371213,0.06285266,1.5704163,0.00579442,0.97720869,0.00089534,80.0,-7.0,0.0,80.0,1.3962634,0.0,0.0,0.0,80.0,-7.0,0.0,80.0,1.3962634,0.0,0.0,0.0,-9.86522396,-5.32365381,-5.6770169,-36.25592805,-67.92864949,-52.98546964,32.3726609,13.69171204,-36.36857644,0.40135282,9.16854422,-7.32194227,-3.54215786,0.0,8.2912531,-0.15980516,0.00305441
1760625252.511,1.17229506,0.0887678,1.57523255,0.00570537,0.97737369,0.0010572,80.0,-7.0,0.0,80.0,1.3962634,0.0,0.0,0.0,80.0,-7.0,0.0,80.0,1.3962634,0.0,0.0,0.0,-9.88668632,-5.37898062,-5.68711882,-36.06433901,-67.87012126,-52.94136048,32.75082145,13.70433901,-36.76041109,0.45973017,9.19214682,-7.36222938,-3.67611216,0.0,8.43467858,-0.16969847,0.01419822
1760625252.578,1.16554118,0.10687124,1.58700846,0.00585049,0.97730904,0.0009008,80.0,-7.0,0.0,80.0,1.3962634,0.0,0.0,0.0,80.0,-7.0,0.0,80.0,1.3962634,0.0,0.0,0.0,-9.92308148,-5.34874429,-5.7615239,-35.63972701,-67.87998242,-52.79900324,32.76145315,13.61021528,-36.88247378,0.46573155,9.21827228,-7.30622,-3.90680208,0.0,8.5274215,-0.18682008,-0.02228229
1760625252.611,1.1612086,0.10957879,1.56746232,0.00577993,0.97699149,0.00078454,80.0,-7.0,0.0,80.0,1.3962634,0.0,0.0,0.0,80.0,-7.0,0.0,80.0,1.3962634,0.0,0.0,0.0,-9.90365163,-5.33702469,-5.72373438,-35.57792419,-67.83791321,-52.86277466,32.75882795,13.65020171,-36.90774241,0.50258781,9.19445472,-7.29070305,-3.95781378,0.0,8.6167758,-0.18052817,-0.01143257
1760625252.645,1.15865379,0.10447677,1.52660783,0.00580345,0.97686232,0.00025931,80.0,-7.0,0.0,80.0,1.3962634,0.0,0.0,0.0,80.0,-7.0,0.0,80.0,1.3962634,0.0,0.0,0.0,-9.88964318,-5.29281778,-5.68122319,-35.55071457,-67.85741437,-52.95094252,32.75254977,13.60977065,-36.98418804,0.49519455,9.21455002,-7.24627546,-4.01577481,0.0,8.61384034,-0.15720449,0.01510163
1760625252.678,1.1646891,0.098394,1.53761624,0.00594823,0.9767651,-6.715e-05,80.0,-7.0,0.0,80.0,1.3962634,0.0,0.0,0.0,80.0,-7.0,0.0,80.0,1.3962634,0.0,0.0,0.0,-9.88981887,-5.25551111,-5.67128735,-35.58539104,-67.83423978,-52.93978939,32.75793026,13.5295588,-37.01094475,0.45913653,9.21744155,-7.22896639,-3.96503164,0.0,8.59903865,-0.1597612,0.01376971
1760625252.712,1.16563052,0.08959413,1.53456603,0.0060405,0.97668789,-0.00010522,80.0,-7.0,0.0,80.0,1.3962634,0.0,0.0,0.0,80.0,-7.0,0.0,80.0,1.3962634,0.0,0.0,0.0,-9.88089686,-5.21577472,-5.60620087,-35.80769321,-67.79479285,-53.16715789,32.88496143,13.42691689,-37.17607686,0.41318409,9.24718459,-7.22018826,-3.81180216,0.0,8.54652992,-0.13075966,0.03310019
1760625252.745,1.17496011,0.09168179,1.53569843,0.00631032,0.97647135,0.00036079,80.0,-7.0,0.0,80.0,1.3962634,0.0,0.0,0.0,80.0,-7.0,0.0,80.0,1.3962634,0.0,0.0,0.0,-9.85068282,-5.21984677,-5.65670936,-35.80479026,-67.80832827,-53.21516515,32.87840282,13.47274974,-37.17601495,0.43536558,9.20854023,-7.26572438,-3.80214817,0.0,8.53341628,-0.13434808,0.02842625
1760625252.778,1.18357947,0.09846825,1.53010201,0.00648123,0.97636235,0.0005348,80.0,-7.0,0.0,80.0,1.3962634,0.0,0.0,0.0,80.0,-7.0,0.0,80.0,1.3962634,0.0,0.0,0.0,-9.83684272,-5.21127643,-5.68183328,-35.78799305,-67.81920476,-53.2396636,32.8531011,13.52855961,-37.20181313,0.47204805,9.18329529,-7.29170916,-3.73931967,0.0,8.49463415,-0.13656526,0.02475594
1760625252.879,1.15046534,0.09332352,1.51960476,0.01004226,0.9775642,-0.00088084,80.0,-7.0,0.0,80.0,1.3962634,0.0,0.0,0.0,80.0,-7.0,0.0,80.0,1.3962634,0.0,0.0,0.0,-9.53778956,-5.18196608,-5.52212168,-36.5810441,-67.71283126,-53.63363115,32.09747013,13.59300395,-36.39002092,0.52093874,8.88195633,-7.28040489,-3.36806511,0.0,8.32912644,-0.11462029,0.01838261
1760625252.912,1.12054223,0.11411131,1.50975298,0.0109915,0.97655886,-0.00052977,80.0,-7.0,0.0,80.0,1.3962634,0.0,0.0,0.0,80.0,-7.0,0.0,80.0,1.3962634,0.0,0.0,0.0,-9.36326701,-5.23411438,-5.42797881,-36.84428218,-67.65028452,-53.61033352,31.66248312,13.51096667,-35.94055254,0.48010538,8.69778495,-7.26700355,-3.23366782,0.0,8.26815477,-0.11827915,0.00830406
1760625252.946,1.17432325,0.11618512,1.49571765,0.00842726,0.97664045,-0.00026477,80.0,-7.0,0.0,80.0,1.3962634,0.0,0.0,0.0,80.0,-7.0,0.0,80.0,1.3962634,0.0,0.0,0.0,-9.36389061,-5.23632471,-5.42125193,-36.85346469,-67.67525326,-53.57382764,31.66039704,13.49609131,-35.93255777,0.47025853,8.65293619,-7.23538855,-3.20890329,0.0,8.22911189,-0.12126883,0.00886194
1760625253.013,1.23317698,0.11254657,1.47755584,0.00592183,0.9765277,-0.00040869,80.0,-7.0,0.0,80.0,1.3962634,0.0,0.0,0.0,80.0,-7.0,0.0,80.0,1.3962634,0.0,0.0,0.0,-9.18275145,-5.34155463,-5.30126131,-36.91871369,-67.64899463,-53.61037951,31.66602232,13.64287822,-35.9359692,0.49036871,8.3629101,-7.19456636,-3.15554125,0.0,8.2190062,-0.1161241,0.01140635
1760625253.046,1.25250951,0.10762208,1.4912299,0.00530524,0.97651542,-0.00071241,80.0,-7.0,0.0,80.0,1.3962634,0.0,0.0,0.0,80.0,-7.0,0.0,80.0,1.3962634,0.0,0.0,0.0,-9.17709727,-5.33027194,-5.26343336,-36.95335036,-67.68522392,-53.53364317,31.65807473,13.54357422,-35.93253489,0.45816483,8.32700528,-7.12693543,-3.12125871,0.0,8.22411603,-0.11376161,0.02260049
1760625253.079,1.23206579,0.10186744,1.50332024,0.0046295,0.97607635,-0.00078672,80.0,-7.0,0.0,80.0,1.3962634,0.0,0.0,0.0,80.0,-7.0,0.0,80.0,1.3962634,0.0,0.0,0.0,-8.96754539,-5.38869035,-5.11897961,-37.17165156,-67.63749736,-53.49454764,31.69330801,13.51740714,-35.9806052,0.44446846,8.0742846,-7.10696723,-3.01886689,0.0,8.2525189,-0.10041311,0.05011198
1760625253.113,1.24367856,0.09868795,1.52156447,0.00494038,0.97604447,-0.00094094,80.0,-7.0,0.0,80.0,1.3962634,0.0,0.0,0.0,80.0,-7.0,0.0,80.0,1.3962634,0.0,0.0,0.0,-8.97702823,-5.36925712,-5.11301846,-37.20890548,-67.67838792,-53.45211836,31.73023667,13.61126947,-35.92202825,0.48460857,8.04825907,-7.05299084,-3.00354282,0.0,8.23964511,-0.10883752,0.05801307
1760625253.146,1.24090654,0.10524188,1.54042272,0.00550372,0.97590893,-0.0007095,80.0,-7.0,0.0,80.0,1.3962634,0.0,0.0,0.0,80.0,-7.0,0.0,80.0,1.3962634,0.0,0.0,0.0,-8.97356999,-5.34678969,-5.097594,-37.23388738,-67.70369739,-53.38254521,31.73177612,13.68624192,-35.90216609,0.53039401,8.02593016,-6.99754093,-2.92039864,0.0,8.16196069,-0.11613819,0.06101836
1760625253.18,1.22919483,0.10630001,1.55986789,0.00570984,0.97595851,-0.00077689,80.0,-7.0,0.0,80.0,1.3962634,0.0,0.0,0.0,80.0,-7.0,0.0,80.0,1.3962634,0.0,0.0,0.0,-8.98199633,-5.33583717,-5.07191917,-37.25084162,-67.72943494,-53.34076576,31.75128206,13.67501664,-35.87525563,0.53739016,8.01624914,-6.98544768,-2.88336041,0.0,8.19840732,-0.11616933,0.06392964
1760625253.213,1.22573036,0.09280304,1.56884657,0.00633402,0.97587093,-0.00027525,80.0,-7.0,0.0,80.0,1.3962634,0.0,0.0,0.0,80.0,-7.0,0.0,80.0,1.3962634,0.0,0.0,0.0,-8.95521492,-5.31620707,-5.05836143,-37.23612823,-67.73979189,-53.31050238,31.76526189,13.88336589,-35.82647115,0.63374772,7.95506317,-6.99184308,-2.82338504,0.0,8.15632952,-0.11598818,0.0732024
1760625253.247,1.21873482,0.08898868,1.57728473,0.00675937,0.97578789,0.00010799,80.0,-7.0,0.0,80.0,1.3962634,0.0,0.0,0.0,80.0,-7.0,0.0,80.0,1.3962634,0.0,0.0,0.0,-8.94858479,-5.30556357,-5.04695889,-37.25724542,-67.70450198,-53.25546904,31.86721407,14.01061764,-35.69773597,0.62108709,7.93246968,-7.00582869,-2.7587297,0.0,8.10874944,-0.12153408,0.07412414
1760625253.28,1.20757531,0.09887963,1.56479738,0.00655579,0.9759375,0.00081366,80.0,-7.0,0.0,80.0,1.3962634,0.0,0.0,0.0,80.0,-7.0,0.0,80.0,1.3962634,0.0,0.0,0.0,-9.00267285,-5.30777781,-5.06557206,-37.27036476,-67.6436071,-53.24891888,32.09084443,14.0626494,-35.48044553,0.45929325,7.99878249,-7.03124605,-2.7912256,0.0,8.11948774,-0.1050978,0.0876701
1760625253.314,1.23678009,0.10683976,1.55423683,0.00621571,0.97625323,0.00141781,80.0,-7.0,0.0,80.0,1.3962634,0.0,0.0,0.0,80.0,-7.0,0.0,80.0,1.3962634,0.0,0.0,0.0,-9.11665932,-5.35116536,-5.01737319,-37.65428762,-67.35316091,-53.7888841,32.69944718,14.60966923,-34.90217546,0.24787131,8.06017419,-7.10342833,-2.74094751,0.0,8.10395937,-0.10803095,0.09739897
1760625253.347,1.25827548,0.10267851,1.54572081,0.00560084,0.97652829,0.00139343,80.0,-7.0,0.0,80.0,1.3962634,0.0,0.0,0.0,80.0,-7.0,0.0,80.0,1.3962634,0.0,0.0,0.0,-9.23528475,-5.34737325,-4.93173042,-38.173713,-67.0072859,-54.5521814,33.51876306,15.15087441,-34.21633047,-0.15461342,8.14108404,-7.12063338,-2.64199085,0.0,8.10320816,-0.11981324,0.08799582
1760625253.381,1.27586773,0.09084398,1.52518423,0.00560972,0.97679887,0.00117205,80.0,-7.0,0.0,80.0,1.3962634,0.0,0.0,0.0,80.0,-7.0,0.0,80.0,1.3962634,0.0,0.0,0.0,-9.32360718,-5.3209805,-4.91445032,-38.68808083,-66.61464149,-55.29173503,34.34161121,15.80065154,-32.88107378,-0.86634555,8.17822796,-7.12844709,-2.62765834,0.0,8.14919324,-0.11364525,0.09846326
1760625253.414,1.25910909,0.08851058,1.50643091,0.00612121,0.97712713,0.0011722,80.0,-7.0,0.0,80.0,1.3962634,0.0,0.0,0.0,80.0,-7.0,0.0,80.0,1.3962634,0.0,0.0,0.0,-9.30663457,-5.29901144,-4.84869572,-39.76468986,-65.90448652,-56.08571191,35.50435749,17.03911134,-30.42839382,-2.13934525,8.11747964,-7.13993547,-2.60819546,0.0,8.27424071,-0.12248524,0.1018769
1760625253.447,1.24800081,0.0847184,1.48406447,0.0068358,0.977558,0.00134392,80.0,-7.0,0.0,80.0,1.3962634,0.0,0.0,0.0,80.0,-7.0,0.0,80.0,1.3962634,0.0,0.0,0.0,-9.30055128,-5.32097217,-4.75094253,-40.725257,-65.1928821,-56.09492802,36.22191866,17.83825169,-27.89680144,-3.67914583,8.06127831,-7.19683088,-2.45798273,0.0,8.30136813,-0.14642068,0.08563103
1760625253.481,1.22516432,0.08919584,1.46459313,0.00820942,0.97820143,0.00154787,80.0,-7.0,0.0,80.0,1.3962634,0.0,0.0,0.0,80.0,-7.0,0.0,80.0,1.3962634,0.0,0.0,0.0,-9.40821557,-5.34157415,-4.65917633,-41.5917277,-64.42810837,-55.6695534,36.86989057,18.36252291,-24.61928648,-5.84456527,8.14398055,-7.26626978,-2.31428724,0.0,8.40478973,-0.14959236,0.07742945
1760625253.514,1.20059127,0.08712189,1.42061183,0.00981382,0.97925383,0.00189672,80.0,-7.0,0.0,80.0,1.3962634,0.0,0.0,0.0,80.0,-7.0,0.0,80.0,1.3962634,0.0,0.0,0.0,-9.48402984,-5.35194845,-4.75805041,-42.6104952,-63.66307273,-54.77432476,37.24363943,19.55450508,-19.12712087,-8.82623426,8.1919954,-7.41115273,-2.37312419,0.0,8.61397552,-0.15962457,0.0654749
1760625253.548,1.18561728,0.09051387,1.37870935,0.01041131,0.98017677,0.00217311,80.0,-7.0,0.0,80.0,1.3962634,0.0,0.0,0.0,80.0,-7.0,0.0,80.0,1.3962634,0.0,0.0,0.0,-9.47045413,-5.36786733,-4.79518944,-43.51684032,-63.11353626,-54.59980072,37.47614425,21.42012325,-14.63058144,-10.96341556,8.15760875,-7.52371869,-2.32105699,0.0,8.75967608,-0.18911521,0.01972567
1760625253.581,1.16745266,0.09260811,1.35223581,0.01098129,0.98089228,0.00221134,80.0,-7.0,0.0,80.0,1.3962634,0.0,0.0,0.0,80.0,-7.0,0.0,80.0,1.3962634,0.0,0.0,0.0,-9.50290214,-5.39902816,-4.9625826,-43.99288906,-62.71127198,-54.13703391,37.47018039,23.45449363,-9.65495218,-13.46399559,8.18783979,-7.6841803,-2.32607311,0.0,8.91193212,-0.22156683,-0.03012009
1760625253.615,1.1695297,0.09568217,1.30914645,0.01107328,0.98166378,0.00193645,80.0,-7.0,0.0,80.0,1.3962634,0.0,0.0,0.0,80.0,-7.0,0.0,80.0,1.3962634,0.0,0.0,0.0,-9.42790848,-5.44892099,-4.97458263,-44.78923014,-62.37713723,-52.74731657,36.54087741,26.02350941,-2.3409002,-17.857124,8.17372328,-7.85858978,-2.14331485,0.0,9.02712591,-0.24894569,-0.05439617
1760625253.648,1.1793483,0.08952522,1.29983372,0.01073443,0.98221488,0.00185,80.0,-7.0,0.0,80.0,1.3962634,0.0,0.0,0.0,80.0,-7.0,0.0,80.0,1.3962634,0.0,0.0,0.0,-9.4102078,-5.46670397,-5.02001666,-45.18185662,-62.27296974,-51.61089428,35.60383425,28.71829476,2.92988695,-21.6163559,8.26710845,-7.97661061,-1.98174887,0.0,8.96992678,-0.24270688,-0.07233834
1760625253.682,1.18674255,0.12068559,1.28146793,0.00942375,0.98250103,0.00221761,80.0,-7.0,0.0,80.0,1.3962634,0.0,0.0,0.0,80.0,-7.0,0.0,80.0,1.3962634,0.0,0.0,0.0,-9.26322712,-5.55866234,-5.34980515,-46.17162,-62.60372457,-51.08442405,38.73775322,32.86705808,5.743011,-24.99999983,8.2855946,-8.20638149,-2.10398808,0.0,9.03629442,-0.19747418,-0.07376585
1760625253.715,1.22702187,0.13304666,1.25699888,0.00698552,0.98309973,0.00243469,80.0,-7.0,0.0,80.0,1.3962634,0.0,0.0,0.0,80.0,-7.0,0.0,80.0,1.3962634,0.0,0.0,0.0,-9.05293884,-5.65224527,-5.78320839,-46.81272845,-63.13738615,-50.5471323,47.4823574,35.62157072,2.20371319,-24.99999983,8.16884399,-8.41042183,-2.39238612,0.0,9.01586807,-0.20072377,-0.09720322
1760625253.748,1.22198021,0.13870926,1.26896872,0.00527341,0.98373688,0.00234968,80.0,-7.0,0.0,80.0,1.3962634,0.0,0.0,0.0,80.0,-7.0,0.0,80.0,1.3962634,0.0,0.0,0.0,-8.8776992,-5.77413675,-6.18042003,-47.01171362,-63.64564349,-49.25969173,56.43847445,38.51001001,-1.5430727,-24.99999983,8.11476201,-8.61682669,-2.62556327,0.0,8.96920381,-0.18960113,-0.12824542
1760625253.782,1.2559779,0.1880334,1.30046178,0.00205909,0.98357053,0.00273355,80.0,-7.0,0.0,80.0,1.3962634,0.0,0.0,0.0,80.0,-7.0,0.0,80.0,1.3962634,0.0,0.0,0.0,-8.72854533,-5.97547646,-6.38483501,-47.37213208,-64.41943185,-47.27063645,66.83468838,42.72713087,-5.62410837,-24.99999983,8.05200941,-8.84379223,-2.70186195,0.0,9.05213198,-0.15079949,-0.10276434
1760625253.815,1.24963893,0.20740557,1.31079994,0.00022758,0.98331842,0.00150792,80.0,-7.0,0.0,80.0,1.3962634,0.0,0.0,0.0,80.0,-7.0,0.0,80.0,1.3962634,0.0,0.0,0.0,-8.5761352,-6.21280309,-6.32728587,-47.73391343,-64.94057824,-45.9499401,73.57472985,45.99439611,-7.49924572,-24.99999983,7.97533394,-9.03153391,-2.51942194,0.0,9.0119329,-0.1298409,-0.10926097
1760625253.849,1.27890816,0.23971171,1.32075902,-0.00515831,0.9827465,0.00059725,80.0,-7.0,0.0,80.0,1.3962634,0.0,0.0,0.0,80.0,-7.0,0.0,80.0,1.3962634,0.0,0.0,0.0,-8.04802585,-6.44781807,-5.94722592,-49.08222832,-65.44585641,-45.83385148,78.54792624,49.65229808,-7.46127609,-24.99999983,7.4303822,-9.11292599,-2.19493738,0.0,9.01779441,-0.12121811,-0.10812838
1760625253.882,1.26981631,0.25670746,1.36480803,-0.00566328,0.98222533,-0.00109314,80.0,-7.0,0.0,80.0,1.3962634,0.0,0.0,0.0,80.0,-7.0,0.0,80.0,1.3962634,0.0,0.0,0.0,-7.79774292,-6.73953417,-4.55289534,-51.40923772,-65.89280713,-47.05866085,83.84734779,54.58229119,-6.45322845,-24.99999983,7.28151443,-9.14022251,-0.87646126,0.0,9.06666522,-0.11023328,-0.08368521
1760625253.916,1.25686943,0.2863586,1.40672249,-0.00593522,0.98037278,-0.0027568,80.0,-7.0,0.0,80.0,1.3962634,0.0,0.0,0.0,80.0,-7.0,0.0,80.0,1.3962634,0.0,0.0,0.0,-7.36208865,-6.72979524,-3.13171027,-54.01676805,-66.37312716,-48.45829077,89.1227291,57.56390113,-6.88429113,-24.12623168,6.91633887,-8.8636148,0.38516031,0.0,9.13165009,-0.1046973,-0.06026072
1760625253.949,1.2498885,0.30605235,1.42449176,-0.00750361,0.98008314,-0.00265817,80.0,-7.0,0.0,80.0,1.3962634,0.0,0.0,0.0,80.0,-7.0,0.0,80.0,1.3962634,0.0,0.0,0.0,-6.83980551,-6.65152891,-2.08719057,-56.5464411,-67.29271894,-49.72105084,95.86786004,60.48768241,-8.04603943,-21.80169283,6.4048501,-8.60813838,1.19321278,0.0,9.22132253,-0.10864498,-0.05724852
1760625253.983,1.23052906,0.32395737,1.46537685,-0.00668857,0.97944972,-0.00372701,80.0,-7.0,0.0,80.0,1.3962634,0.0,0.0,0.0,80.0,-7.0,0.0,80.0,1.3962634,0.0,0.0,0.0,-6.78889814,-6.54420819,-1.79048616,-58.22661609,-69.52236735,-50.49152241,98.35355484,64.09697866,-5.3251415,-23.09751166,6.32089225,-8.44656867,1.24944911,0.0,9.33011145,-0.1147801,-0.05673274
1760625254.016,1.2274699,0.33706007,1.47415156,-0.00634904,0.9799804,-0.00381954,80.0,-7.0,0.0,80.0,1.3962634,0.0,0.0,0.0,80.0,-7.0,0.0,80.0,1.3962634,0.0,0.0,0.0,-6.62715651,-6.50066166,-1.45518801,-60.03741932,-71.34517941,-51.98046566,101.92816206,66.3696995,-4.06266259,-22.4578294,6.10026335,-8.38813764,1.31187424,0.0,9.55303351,-0.14027001,-0.04159761
1760625254.05,1.20560973,0.36048815,1.47832116,-0.00431989,0.98099074,-0.00349332,80.0,-7.0,0.0,80.0,1.3962634,0.0,0.0,0.0,80.0,-7.0,0.0,80.0,1.3962634,0.0,0.0,0.0,-6.70652949,-6.31757993,-1.34391024,-61.69186648,-73.42404364,-53.89554404,108.17207906,68.21401811,-4.19053293,-19.25996656,6.14648017,-8.19222778,1.35508463,0.0,9.67218999,-0.17474579,-0.06592196
1760625254.083,1.21013611,0.38650389,1.49529771,-0.00341371,0.98138745,-0.00375121,80.0,-7.0,0.0,80.0,1.3962634,0.0,0.0,0.0,80.0,-7.0,0.0,80.0,1.3962634,0.0,0.0,0.0,-6.71383332,-6.14823792,-1.21372266,-65.14318092,-76.18155376,-57.88165897,112.66137596,69.42268277,-2.33793847,-17.84851654,6.11056411,-8.02881303,1.323167,0.0,9.80765273,-0.20948889,-0.06279895
1760625254.116,1.22212252,0.37654366,1.52062953,-0.00247874,0.98182723,-0.00459621,80.0,-7.0,0.0,80.0,1.3962634,0.0,0.0,0.0,80.0,-7.0,0.0,80.0,1.3962634,0.0,0.0,0.0,-6.7540899,-5.83077161,-1.01239813,-69.20185484,-77.93243946,-62.47162747,118.14954687,69.76789492,-2.65224265,-14.69653938,6.16429739,-7.71070227,1.42938181,0.0,9.84994706,-0.21699842,-0.05042464
1760625254.15,1.22336096,0.37492741,1.53957728,-0.00224711,0.98246686,-0.0047144,80.0,-7.0,0.0,80.0,1.3962634,0.0,0.0,0.0,80.0,-7.0,0.0,80.0,1.3962634,0.0,0.0,0.0,-6.83414885,-5.50219639,-0.83934371,-75.20287642,-79.53390718,-68.8730958,123.37453912,69.7179016,-3.47148235,-11.72785291,6.31243452,-7.35400504,1.52117273,0.0,9.80521222,-0.21637056,-0.01747953
1760625254.183,1.23629336,0.37261379,1.54992611,-0.00283777,0.98236038,-0.00464211,80.0,-7.0,0.0,80.0,1.3962634,0.0,0.0,0.0,80.0,-7.0,0.0,80.0,1.3962634,0.0,0.0,0.0,-6.76266858,-5.34023703,-0.58554761,-84.19087045,-80.96643157,-78.31140454,127.59481234,69.31876376,-3.87704911,-9.75653435,6.29737667,-7.21156186,1.61458731,0.0,9.90186641,-0.22513943,0.00200146
1760625254.217,1.25507177,0.3378344,1.57051885,-0.00330503,0.98198051,-0.00460092,80.0,-7.0,0.0,80.0,1.3962634,0.0,0.0,0.0,80.0,-7.0,0.0,80.0,1.3962634,0.0,0.0,0.0,-6.77959882,-5.45777806,-0.20157212,-90.00000018,-81.50670392,-84.66030854,130.34652927,68.81291628,-4.49019249,-8.34257408,6.35094623,-7.33957328,2.01770281,0.0,9.88562594,-0.21824735,-0.0102456
1760625254.25,1.26701861,0.31591527,1.58259977,-0.00338645,0.98194815,-0.00255826,80.0,-7.0,0.0,80.0,1.3962634,0.0,0.0,0.0,80.0,-7.0,0.0,80.0,1.3962634,0.0,0.0,0.0,-7.03586443,-6.17690707,-2.45e-05,-90.00000018,-81.90670455,-85.47763687,131.94897643,68.2369272,-4.67502396,-7.87035002,6.64231727,-8.10785862,2.22693565,0.0,10.06617224,-0.19225152,0.0138183
1760625254.284,1.29073699,0.31168163,1.55518666,-0.00382747,0.98209836,-0.00030805,80.0,-7.0,0.0,80.0,1.3962634,0.0,0.0,0.0,80.0,-7.0,0.0,80.0,1.3962634,0.0,0.0,0.0,-7.25217903,-6.9473446,0.0941179,-90.00000018,-82.46757634,-86.18709085,132.58361179,68.05297094,-4.4919035,-8.38167339,6.85818679,-8.93166112,2.40418138,0.0,10.12132311,-0.22422477,0.00111074
1760625254.317,1.30548499,0.29423184,1.54577801,-0.00381599,0.98225553,0.00093324,80.0,-7.0,0.0,80.0,1.3962634,0.0,0.0,0.0,80.0,-7.0,0.0,80.0,1.3962634,0.0,0.0,0.0,-7.40995509,-7.38011366,0.12954736,-90.00000018,-82.73554721,-86.77923345,133.92320401,68.12852843,-4.98708857,-8.1042449,7.00757973,-9.41668393,2.49898607,0.0,10.09964191,-0.24079884,-0.01436564
1760625254.351,1.31605234,0.28310687,1.55165327,-0.00459527,0.98181062,0.00164289,80.0,-7.0,0.0,80.0,1.3962634,0.0,0.0,0.0,80.0,-7.0,0.0,80.0,1.3962634,0.0,0.0,0.0,-7.28267327,-7.69750786,0.23955753,-90.00000018,-82.88600195,-87.13378575,134.36281868,68.22734208,-4.75808625,-8.55363233,6.78862296,-9.78260725,2.58495587,0.0,10.2008216,-0.26503955,-0.00439984
1760625254.384,1.32613353,0.28262145,1.54461197,-0.00464162,0.98170361,0.00238028,80.0,-7.0,0.0,80.0,1.3962634,0.0,0.0,0.0,80.0,-7.0,0.0,80.0,1.3962634,0.0,0.0,0.0,-7.2873362,-7.98285023,0.03935846,-90.00000018,-83.26650339,-87.88365307,133.12729471,68.52781902,-3.36121559,-10.52109705,6.6724768,-10.13694053,2.41082807,0.0,10.26374109,-0.29728498,-0.03779823
1760625254.418,1.33508492,0.28251081,1.54718324,-0.00602851,0.98208366,0.00298423,80.0,-7.0,0.0,80.0,1.3962634,0.0,0.0,0.0,80.0,-7.0,0.0,80.0,1.3962634,0.0,0.0,0.0,-7.10416442,-8.13888002,0.24166636,-90.00000018,-83.13933662,-88.18735224,133.34970055,68.69296941,-3.13361613,-10.93399228,6.4081985,-10.27680431,2.60245711,0.0,10.28010231,-0.36546477,-0.06613104
1760625254.451,1.32754876,0.27496755,1.56781792,-0.00591772,0.98228431,0.00336241,80.0,-7.0,0.0,80.0,1.3962634,0.0,0.0,0.0,80.0,-7.0,0.0,80.0,1.3962634,0.0,0.0,0.0,-7.12114404,-8.23382465,0.08160111,-90.00000018,-83.25064751,-88.6771949,133.01493108,68.76675984,-2.51854638,-11.79388754,6.38452442,-10.3772002,2.40090448,0.0,10.3465418,-0.35410083,-0.07205245
1760625254.484,1.31029514,0.30210844,1.57616874,-0.00513416,0.98158621,0.00453316,80.0,-7.0,0.0,80.0,1.3962634,0.0,0.0,0.0,80.0,-7.0,0.0,80.0,1.3962634,0.0,0.0,0.0,-7.19988393,-8.34354103,-0.11147665,-90.00000018,-83.30581403,-89.24143898,131.57193452,69.05691119,-1.17120486,-13.75237944,6.43164824,-10.45522512,2.07275336,0.0,10.4818116,-0.3254965,-0.03546931
1760625254.518,1.28453746,0.31804708,1.58383933,-0.00481499,0.98098881,0.00562319,80.0,-7.0,0.0,80.0,1.3962634,0.0,0.0,0.0,80.0,-7.0,0.0,80.0,1.3962634,0.0,0.0,0.0,-7.16740546,-8.44758356,-0.29596613,-90.00000018,-83.40350355,-89.55311337,129.85201324,69.32296696,0.20417277,-15.62375698,6.38131982,-10.54817483,1.87422305,0.0,10.50935477,-0.33540939,-0.04387735
1760625254.551,1.27406508,0.35714533,1.57085173,-0.0054514,0.98045167,0.00668053,80.0,-7.0,0.0,80.0,1.3962634,0.0,0.0,0.0,80.0,-7.0,0.0,80.0,1.3962634,0.0,0.0,0.0,-7.1767598,-8.55513865,-0.46859407,-90.00000018,-83.4900043,-89.79488864,128.70212212,69.82813967,1.15272101,-16.91850199,6.3567787,-10.62179603,1.71604152,0.0,10.49851093,-0.35086379,-0.07630851
1760625254.585,1.26652499,0.38671291,1.57544929,-0.00450538,0.98005207,0.00738255,80.0,-7.0,0.0,80.0,1.3962634,0.0,0.0,0.0,80.0,-7.0,0.0,80.0,1.3962634,0.0,0.0,0.0,-7.00825044,-8.73372969,-0.58051654,-90.00000018,-83.47216795,-90.00000018,127.75466301,69.84638869,2.19729847,-17.97484479,6.17092793,-10.77172281,1.53812238,0.0,10.58162008,-0.35049695,-0.08101359
1760625254.618,1.24199201,0.39840529,1.5579159,-0.00525656,0.97982691,0.00791248,80.0,-7.0,0.0,80.0,1.3962634,0.0,0.0,0.0,80.0,-7.0,0.0,80.0,1.3962634,0.0,0.0,0.0,-6.86243305,-8.81587854,-0.52782152,-90.00000018,-83.30711439,-90.00000018,127.80049318,69.75933846,2.48619012,-17.99545439,6.02558153,-10.82409396,1.52572775,0.0,10.64655431,-0.37032386,-0.09018208
1760625254.652,1.25174344,0.39966729,1.54249281,-0.00649449,0.97985925,0.00767094,80.0,-7.0,0.0,80.0,1.3962634,0.0,0.0,0.0,80.0,-7.0,0.0,80.0,1.3962634,0.0,0.0,0.0,-7.11094716,-8.67908651,-0.57531139,-90.00000018,-83.10336787,-89.877427,127.78280637,69.87717525,2.34054384,-17.99028443,6.24541622,-10.65298192,1.53232863,0.0,10.65887374,-0.3850309,-0.11831805
1760625254.685,1.24346119,0.40823394,1.53164571,-0.00594787,0.98009546,0.00700611,80.0,-7.0,0.0,80.0,1.3962634,0.0,0.0,0.0,80.0,-7.0,0.0,80.0,1.3962634,0.0,0.0,0.0,-7.12979248,-8.46459615,-0.61885983,-90.00000018,-82.93372458,-89.51909418,128.43027996,70.07958321,1.44984335,-17.1694519,6.27702834,-10.39640212,1.47408515,0.0,10.67148577,-0.37169984,-0.10845582
1760625254.719,1.25465443,0.40568322,1.52072177,-0.00551466,0.97995833,0.00556764,80.0,-7.0,0.0,80.0,1.3962634,0.0,0.0,0.0,80.0,-7.0,0.0,80.0,1.3962634,0.0,0.0,0.0,-7.21573889,-8.05948141,-0.74495097,-90.00000018,-82.82385894,-89.21342138,129.30405116,70.21656979,0.01970105,-15.69027847,6.39679813,-9.95186483,1.31291431,0.0,10.67119747,-0.36502761,-0.10727109
1760625254.786,1.24273806,0.37028127,1.50050583,-0.00368756,0.98065673,0.00052538,80.0,-7.0,0.0,80.0,1.3962634,0.0,0.0,0.0,80.0,-7.0,0.0,80.0,1.3962634,0.0,0.0,0.0,-6.9105951,-6.49932443,-0.39663136,-90.00000018,-81.77727628,-87.23018574,133.34349111,70.11131385,-7.55076911,-8.82625303,6.24607764,-8.21384078,1.4678844,0.0,10.58091959,-0.35990251,-0.11118247
1760625254.819,1.19489102,0.33772021,1.51165127,-0.00095815,0.98030813,-0.00271049,80.0,-7.0,0.0,80.0,1.3962634,0.0,0.0,0.0,80.0,-7.0,0.0,80.0,1.3962634,0.0,0.0,0.0,-6.59460702,-5.76410982,-0.14102373,-90.00000018,-81.03898707,-85.53565194,135.98858004,70.77357545,-12.89092594,-4.58005503,6.00836488,-7.3986045,1.60976778,0.0,10.60416983,-0.33966884,-0.12898472
1760625254.852,1.19001619,0.31677579,1.51577282,0.00051703,0.98178067,-0.00235117,80.0,-7.0,0.0,80.0,1.3962634,0.0,0.0,0.0,80.0,-7.0,0.0,80.0,1.3962634,0.0,0.0,0.0,-6.54147187,-5.72562087,-0.02979354,-81.95544864,-80.19660857,-75.15958846,138.884894,72.83844167,-20.60470757,1.61742823,6.00985139,-7.23403709,1.7442813,0.0,10.56953456,-0.30570911,-0.11105791
1760625254.886,1.20757196,0.28996152,1.52376828,0.00023285,0.98275582,-0.00231263,80.0,-7.0,0.0,80.0,1.3962634,0.0,0.0,0.0,80.0,-7.0,0.0,80.0,1.3962634,0.0,0.0,0.0,-6.49445297,-5.79998874,-0.04564054,-76.89711957,-79.41662371,-68.99158327,139.2823554,73.47586857,-25.31744428,5.13880106,5.94185496,-7.2313973,1.79759615,0.0,10.55989434,-0.30560021,-0.108626
1760625254.919,1.22485089,0.26137163,1.53112991,-1.445e-05,0.98384205,-0.00218401,80.0,-7.0,0.0,80.0,1.3962634,0.0,0.0,0.0,80.0,-7.0,0.0,80.0,1.3962634,0.0,0.0,0.0,-6.45688169,-5.85658628,-0.08349626,-74.72089601,-78.644306,-67.01259024,136.4769761,71.74562051,-28.00191308,5.88355,5.85522522,-7.21853255,1.90844343,0.0,10.5215251,-0.29988075,-0.09831601
1760625254.953,1.27496621,0.21611923,1.45605668,-0.00152957,0.98477408,-0.00093945,80.0,-7.0,0.0,80.0,1.3962634,0.0,0.0,0.0,80.0,-7.0,0.0,80.0,1.3962634,0.0,0.0,0.0,-6.5234724,-5.96658702,-0.16249299,-73.61789428,-77.96106164,-67.27774152,131.5225883,67.18006668,-32.7676669,6.24205499,5.89228366,-7.2934559,1.86587262,0.0,10.54146581,-0.28727705,-0.1013328
1760625254.986,1.28985343,0.17898974,1.41434258,-0.00232518,0.98598066,-0.00045132,80.0,-7.0,0.0,80.0,1.3962634,0.0,0.0,0.0,80.0,-7.0,0.0,80.0,1.3962634,0.0,0.0,0.0,-6.4836889,-6.02515602,-0.4261986,-73.51776168,-78.05211223,-67.78719289,123.80591459,61.32878574,-34.64519921,2.97139054,5.88283792,-7.35479362,1.51610942,0.0,10.63333264,-0.26391643,-0.10281425
1760625255.02,1.32210957,0.12593725,1.37411515,-0.00501488,0.9866339,-0.00109898,80.0,-7.0,0.0,80.0,1.3962634,0.0,0.0,0.0,80.0,-7.0,0.0,80.0,1.3962634,0.0,0.0,0.0,-6.09312712,-6.26963009,-1.12646405,-71.67587571,-78.76667712,-65.42402476,107.02152499,52.44185811,-29.13114431,-7.15790449,5.42846908,-7.67769337,0.74217166,0.0,10.68224634,-0.26240719,-0.11509598
1760625255.053,1.35260891,0.06209068,1.36193388,-0.00603621,0.9869798,-0.00366945,80.0,-7.0,0.0,80.0,1.3962634,0.0,0.0,0.0,80.0,-7.0,0.0,80.0,1.3962634,0.0,0.0,0.0,-5.99182054,-6.55586997,-1.47433625,-67.52356128,-79.41508522,-60.46202987,90.2057607,44.56229308,-24.45193892,-13.53907545,5.29994393,-8.02255988,0.46082699,0.0,10.63499473,-0.27820508,-0.13365061
1760625255.12,1.36613884,-0.01427395,1.38551986,-0.00555409,0.98463855,-0.00694134,80.0,-7.0,0.0,80.0,1.3962634,0.0,0.0,0.0,80.0,-7.0,0.0,80.0,1.3962634,0.0,0.0,0.0,-5.96882387,-7.20303668,-1.52451538,-60.61999647,-79.96285077,-53.4799675,63.15443482,35.90268171,-11.45404891,-18.77530517,5.30143793,-8.67617178,0.49669136,0.0,10.53342297,-0.2661329,-0.1553616
1760625255.153,1.3782177,-0.03329493,1.40353921,-0.00530235,0.98420523,-0.007434,80.0,-7.0,0.0,80.0,1.3962634,0.0,0.0,0.0,80.0,-7.0,0.0,80.0,1.3962634,0.0,0.0,0.0,-6.16399469,-7.55078567,-1.60022494,-55.57334808,-80.17938743,-48.778775,54.12852614,32.61655533,-10.05482659,-16.34275488,5.54620656,-8.96612526,0.39011826,0.0,10.47491873,-0.24133376,-0.13273329
1760625255.187,1.37086021,-0.03938969,1.41551172,-0.00272542,0.98381204,-0.0075095,80.0,-7.0,0.0,80.0,1.3962634,0.0,0.0,0.0,80.0,-7.0,0.0,80.0,1.3962634,0.0,0.0,0.0,-6.78830421,-7.72377491,-2.29144832,-50.00688845,-80.78478366,-44.06196593,41.71061324,30.47092541,-3.22124222,-15.84177153,6.2300836,-9.13106624,-0.24532275,0.0,10.37591138,-0.21968987,-0.12205749
1760625255.22,1.36342325,-0.03672545,1.42264444,-0.0006656,0.9831619,-0.00758498,80.0,-7.0,0.0,80.0,1.3962634,0.0,0.0,0.0,80.0,-7.0,0.0,80.0,1.3962634,0.0,0.0,0.0,-7.36131167,-7.68355377,-3.70435984,-40.89273928,-81.71702891,-35.81194544,24.44969913,29.61890874,8.77979383,-16.70926051,6.83607634,-9.17316491,-1.65592886,0.0,10.32368287,-0.19402424,-0.10948924
1760625255.254,1.31500681,-0.00875994,1.43841766,0.00090255,0.98332941,-0.00670858,80.0,-7.0,0.0,80.0,1.3962634,0.0,0.0,0.0,80.0,-7.0,0.0,80.0,1.3962634,0.0,0.0,0.0,-7.6448221,-7.67255021,-4.44009561,-33.24906443,-81.84349202,-29.49711866,17.59193038,28.7841798,9.28904233,-12.88874415,7.12288767,-9.11518503,-2.51938387,0.0,10.36645754,-0.18872261,-0.0932515
1760625255.287,1.27066478,0.00816972,1.46439649,0.0024811,0.98365239,-0.00586251,80.0,-7.0,0.0,80.0,1.3962634,0.0,0.0,0.0,80.0,-7.0,0.0,80.0,1.3962634,0.0,0.0,0.0,-7.99628496,-7.67605443,-4.92682526,-28.31238599,-81.75718176,-26.40928479,14.64806954,28.47795084,8.06780365,-9.58190507,7.4334458,-9.12363556,-3.09284606,0.0,10.41839126,-0.19317049,-0.08975076
1760625255.321,1.23617482,0.01406118,1.47978143,0.00427719,0.98384514,-0.00504729,80.0,-7.0,0.0,80.0,1.3962634,0.0,0.0,0.0,80.0,-7.0,0.0,80.0,1.3962634,0.0,0.0,0.0,-8.35819339,-7.62844052,-4.96240299,-27.08469743,-81.33983943,-27.17293138,15.07397098,28.0429466,4.07581071,-6.1485968,7.74610925,-9.04593255,-3.2478935,0.0,10.5160191,-0.21797926,-0.08992024
1760625255.354,1.17432019,0.05025293,1.48037173,0.00739071,0.98317226,-0.00355848,80.0,-7.0,0.0,80.0,1.3962634,0.0,0.0,0.0,80.0,-7.0,0.0,80.0,1.3962634,0.0,0.0,0.0,-8.58951136,-7.71983235,-4.99085535,-25.80444876,-80.53500693,-27.78681825,16.33338829,27.74799565,-1.65602329,-2.27780938,7.88540216,-9.08067423,-3.39935319,0.0,10.59482449,-0.25021829,-0.12293347
1760625255.387,1.12814909,0.08636857,1.4624496,0.00927517,0.98275518,-0.00180965,80.0,-7.0,0.0,80.0,1.3962634,0.0,0.0,0.0,80.0,-7.0,0.0,80.0,1.3962634,0.0,0.0,0.0,-8.70198759,-7.80846722,-4.98623083,-25.47483217,-79.87021489,-28.629598,17.71882207,27.13976824,-6.01641584,0.19784059,7.89206187,-9.13012011,-3.51444825,0.0,10.64833731,-0.26273857,-0.13996578
1760625255.421,1.07953641,0.12102531,1.45444754,0.01254952,0.982101,-0.00092407,80.0,-7.0,0.0,80.0,1.3962634,0.0,0.0,0.0,80.0,-7.0,0.0,80.0,1.3962634,0.0,0.0,0.0,-9.15821342,-7.77351943,-5.23426053,-24.6937097,-79.33938097,-29.57234518,19.77688466,26.78298372,-10.75261428,2.51939077,8.32618707,-9.11498125,-3.8488403,0.0,10.7523189,-0.28378322,-0.14454535
1760625255.454,1.04845064,0.12050415,1.38039102,0.01300426,0.98237738,-0.00040203,80.0,-7.0,0.0,80.0,1.3962634,0.0,0.0,0.0,80.0,-7.0,0.0,80.0,1.3962634,0.0,0.0,0.0,-9.16212472,-7.86521215,-5.1619975,-26.13129282,-78.50784079,-33.03959865,22.94071504,28.34671538,-17.39696962,6.34911756,8.24942543,-9.18811298,-3.95765654,0.0,10.83190158,-0.30750273,-0.14858296
1760625255.488,1.02627086,0.12729791,1.35718796,0.0138692,0.98192106,0.00034276,80.0,-7.0,0.0,80.0,1.3962634,0.0,0.0,0.0,80.0,-7.0,0.0,80.0,1.3962634,0.0,0.0,0.0,-9.36512238,-7.72724711,-5.20801719,-28.47347928,-77.8993804,-38.37145437,26.654884,30.56281132,-23.33319061,9.74400597,8.46342127,-9.0334786,-4.00297383,0.0,10.77024918,-0.33747208,-0.16881533
1760625255.521,1.02788006,0.14257155,1.31932319,0.01228373,0.98138739,0.00153275,80.0,-7.0,0.0,80.0,1.3962634,0.0,0.0,0.0,80.0,-7.0,0.0,80.0,1.3962634,0.0,0.0,0.0,-9.33003321,-7.6025211,-5.30314238,-29.97728707,-77.11851225,-43.65321755,27.89134477,33.55372077,-26.24353191,11.99021148,8.39441676,-8.88912104,-4.17566959,0.0,10.77353683,-0.3328183,-0.15352336
1760625255.555,0.99574912,0.15455768,1.30465804,0.01157471,0.98084583,0.00218479,80.0,-7.0,0.0,80.0,1.3962634,0.0,0.0,0.0,80.0,-7.0,0.0,80.0,1.3962634,0.0,0.0,0.0,-9.22922216,-7.49739124,-5.46824167,-31.66523882,-75.94070501,-49.49361729,29.2568333,38.31733637,-29.46915944,14.67840374,8.29896505,-8.77900203,-4.30541656,0.0,10.75940054,-0.32510531,-0.15574499
1760625255.588,0.98511329,0.14293839,1.34002444,0.01053795,0.98048987,0.00263728,80.0,-7.0,0.0,80.0,1.3962634,0.0,0.0,0.0,80.0,-7.0,0.0,80.0,1.3962634,0.0,0.0,0.0,-8.95737559,-7.41131229,-5.62330918,-32.5369132,-75.15451731,-52.30884063,28.31966902,41.53643393,-30.48244403,16.28502097,8.0292183,-8.68899516,-4.3714561,0.0,10.6778964,-0.33722972,-0.14803059
1760625255.622,0.99401109,0.12746122,1.34339499,0.01049426,0.97978285,0.00221352,80.0,-7.0,0.0,80.0,1.3962634,0.0,0.0,0.0,80.0,-7.0,0.0,80.0,1.3962634,0.0,0.0,0.0,-8.91076346,-7.25229013,-5.77099011,-33.18820596,-74.49452249,-55.13411837,27.92873895,43.77592611,-32.48242157,18.87391463,8.07177716,-8.56633482,-4.35210883,0.0,10.57737898,-0.29548857,-0.11929659
1760625255.655,1.00510902,0.11450487,1.36563978,0.00968442,0.97850127,0.0016725,80.0,-7.0,0.0,80.0,1.3962634,0.0,0.0,0.0,80.0,-7.0,0.0,80.0,1.3962634,0.0,0.0,0.0,-8.92360863,-7.02522982,-5.75082143,-34.06144743,-74.07687642,-57.39743483,27.89036098,42.64294646,-33.93500434,19.84691013,8.15183904,-8.36481141,-4.16939522,0.0,10.4950251,-0.27046694,-0.11930595
1760625255.689,1.00997753,0.10334057,1.36376703,0.0086802,0.9776776,0.00149242,80.0,-7.0,0.0,80.0,1.3962634,0.0,0.0,0.0,80.0,-7.0,0.0,80.0,1.3962634,0.0,0.0,0.0,-8.91235231,-6.83388528,-5.74375939,-34.46847271,-73.79798048,-59.02536149,28.25080892,41.03212856,-35.42069029,20.89369431,8.22058476,-8.20405849,-4.14381074,0.0,10.44445072,-0.25726749,-0.10800891
1760625255.722,1.05250522,0.07907696,1.35010442,0.00719182,0.97745083,0.00138519,80.0,-7.0,0.0,80.0,1.3962634,0.0,0.0,0.0,80.0,-7.0,0.0,80.0,1.3962634,0.0,0.0,0.0,-8.99787737,-6.63439354,-5.58442381,-35.70821211,-72.94591377,-61.22222418,29.2836532,36.23404745,-37.34398707,19.38722054,8.34329881,-8.08882897,-4.00416156,0.0,10.5011599,-0.23997709,-0.10427445
1760625255.756,1.07861372,0.06460148,1.32389777,0.00610132,0.97637634,0.00141151,80.0,-7.0,0.0,80.0,1.3962634,0.0,0.0,0.0,80.0,-7.0,0.0,80.0,1.3962634,0.0,0.0,0.0,-9.11863334,-6.35973677,-5.49693587,-36.84343237,-72.07558932,-63.34609558,29.96882056,33.14833796,-37.49529936,16.83506827,8.44940245,-7.91737339,-3.87735457,0.0,10.5041688,-0.23768817,-0.09747187
1760625255.789,1.06702098,0.04755061,1.30289192,0.00566075,0.97542994,0.00112443,80.0,-7.0,0.0,80.0,1.3962634,0.0,0.0,0.0,80.0,-7.0,0.0,80.0,1.3962634,0.0,0.0,0.0,-9.11810453,-6.0895261,-5.40029581,-38.08495836,-71.44111839,-63.72105225,30.3663031,31.37589536,-37.17642088,15.42000303,8.41686875,-7.78295859,-3.79143841,0.0,10.6635613,-0.25815878,-0.09322007
1760625255.823,1.0698191,0.01832583,1.22448512,0.00540717,0.97493721,0.00086662,80.0,-7.0,0.0,80.0,1.3962634,0.0,0.0,0.0,80.0,-7.0,0.0,80.0,1.3962634,0.0,0.0,0.0,-9.02103628,-5.835627,-5.24906226,-39.25217936,-71.17170335,-62.41577731,30.56767957,29.89901627,-37.14368589,14.69257062,8.25063575,-7.72130125,-3.54369159,0.0,10.71637827,-0.32901298,-0.16466615
1760625255.856,1.07675005,0.01148434,1.18214985,0.00640101,0.97390479,0.00054201,80.0,-7.0,0.0,80.0,1.3962634,0.0,0.0,0.0,80.0,-7.0,0.0,80.0,1.3962634,0.0,0.0,0.0,-9.06063445,-5.62233727,-5.21682838,-39.64264676,-71.30897693,-62.11252678,30.08663538,28.59690466,-36.68674194,13.85188147,8.28511376,-7.66444238,-3.43978743,0.0,10.74003331,-0.36110939,-0.20831318
1760625255.889,1.07279485,-0.00257985,1.15171882,0.0066518,0.97329533,0.00028655,80.0,-7.0,0.0,80.0,1.3962634,0.0,0.0,0.0,80.0,-7.0,0.0,80.0,1.3962634,0.0,0.0,0.0,-9.0485875,-5.50448382,-5.15065248,-40.15155412,-71.43899473,-63.01912603,30.46415925,28.73404776,-37.01820103,14.10216578,8.3417851,-7.68902509,-3.42439606,0.0,10.81567916,-0.37488844,-0.24245119
1760625255.923,1.08863242,-0.03112941,1.16825908,0.00539473,0.97261867,-5.01e-06,80.0,-7.0,0.0,80.0,1.3962634,0.0,0.0,0.0,80.0,-7.0,0.0,80.0,1.3962634,0.0,0.0,0.0,-8.95885776,-5.44096226,-4.83738522,-41.0225384,-71.42181695,-64.47968747,30.88229618,30.03566181,-37.62513554,15.10312637,8.36908275,-7.71938403,-3.25755923,0.0,10.92157221,-0.37079329,-0.26931311
1760625255.99,1.09913133,-0.03661561,1.31525089,0.00446958,0.97260482,-0.00167685,80.0,-7.0,0.0,80.0,1.3962634,0.0,0.0,0.0,80.0,-7.0,0.0,80.0,1.3962634,0.0,0.0,0.0,-8.94153363,-5.4538269,-4.80956207,-41.47533442,-71.74968817,-63.84507879,30.04507645,28.89450344,-37.28205286,14.9121865,8.50479438,-7.78091003,-3.30028731,0.0,10.93006024,-0.34146787,-0.27998631
1760625256.023,1.11698069,-0.02941072,1.42870997,0.00426938,0.97304089,-0.00230026,80.0,-7.0,0.0,80.0,1.3962634,0.0,0.0,0.0,80.0,-7.0,0.0,80.0,1.3962634,0.0,0.0,0.0,-9.04829173,-5.53423333,-4.89830884,-41.1031288,-71.90286062,-63.52479893,30.25447529,29.01580549,-37.3431768,15.1526032,8.55489832,-7.80926546,-3.11456878,0.0,10.77363823,-0.34275427,-0.28599228
1760625256.056,1.11976788,-0.02720924,1.48701355,0.00390056,0.97335441,-0.00268786,80.0,-7.0,0.0,80.0,1.3962634,0.0,0.0,0.0,80.0,-7.0,0.0,80.0,1.3962634,0.0,0.0,0.0,-9.10016002,-5.58031216,-4.981349,-40.55873877,-72.07496027,-63.21498644,30.27052785,29.30409088,-37.28198384,15.38769149,8.53064003,-7.79894804,-3.06958571,0.0,10.72063165,-0.34914778,-0.28055439
1760625256.09,1.13729025,-0.01548386,1.54709146,0.00389993,0.97358135,-0.00245995,80.0,-7.0,0.0,80.0,1.3962634,0.0,0.0,0.0,80.0,-7.0,0.0,80.0,1.3962634,0.0,0.0,0.0,-9.21657167,-5.64206262,-5.06901713,-39.8755267,-72.24225188,-62.57151042,29.80368422,29.0373126,-36.9061335,15.25746216,8.56465837,-7.7791931,-3.08381522,0.0,10.69650422,-0.34477264,-0.26300263
1760625256.123,1.14592151,-0.01292033,1.57937117,0.00388872,0.97354268,-0.00250455,80.0,-7.0,0.0,80.0,1.3962634,0.0,0.0,0.0,80.0,-7.0,0.0,80.0,1.3962634,0.0,0.0,0.0,-9.21515722,-5.68962866,-5.07850277,-39.17753117,-72.41355729,-61.8645491,29.47534159,28.93759369,-36.6302883,15.20205548,8.49283598,-7.69587982,-3.16309261,0.0,10.74572196,-0.32721569,-0.23204629
1760625256.157,1.13565,-0.02643053,1.61712371,0.00383485,0.97365567,-0.00273952,80.0,-7.0,0.0,80.0,1.3962634,0.0,0.0,0.0,80.0,-7.0,0.0,80.0,1.3962634,0.0,0.0,0.0,-9.26220955,-5.69278768,-5.11518538,-38.52778096,-72.46973507,-61.46106076,29.41348285,28.93783245,-36.4414485,15.04095051,8.52171414,-7.65121675,-3.31642218,0.0,10.88147083,-0.31634756,-0.20140945
1760625256.19,1.13831376,-0.03650271,1.65424461,0.00321867,0.97376942,-0.00325197,80.0,-7.0,0.0,80.0,1.3962634,0.0,0.0,0.0,80.0,-7.0,0.0,80.0,1.3962634,0.0,0.0,0.0,-9.32701827,-5.61588527,-5.08455326,-38.26396728,-72.46549762,-61.61868325,29.64581249,28.93453434,-36.280694,14.72998024,8.56421292,-7.55062764,-3.44895871,0.0,11.06946634,-0.31856731,-0.18937676
1760625256.224,1.139539,-0.02530679,1.72351196,0.00360037,0.97390175,-0.00309775,80.0,-7.0,0.0,80.0,1.3962634,0.0,0.0,0.0,80.0,-7.0,0.0,80.0,1.3962634,0.0,0.0,0.0,-9.3994179,-5.58564294,-5.19688109,-37.76467028,-72.42742605,-61.56291389,29.72273822,29.3760342,-35.294806,14.20634603,8.57271513,-7.55582953,-3.62409461,0.0,11.20238855,-0.33521341,-0.19089895
1760625256.257,1.11931423,-0.001114,1.75209421,0.00455761,0.97388985,-0.00244345,80.0,-7.0,0.0,80.0,1.3962634,0.0,0.0,0.0,80.0,-7.0,0.0,80.0,1.3962634,0.0,0.0,0.0,-9.33626034,-5.58328415,-5.15049995,-37.74502442,-72.35064961,-61.49721302,29.92217872,29.85617495,-34.54395656,13.83946327,8.48970404,-7.60709399,-3.6449372,0.0,11.29639458,-0.35248488,-0.19533283
1760625256.291,1.09116687,0.01671428,1.78344874,0.00606313,0.97398277,-0.0018135,80.0,-7.0,0.0,80.0,1.3962634,0.0,0.0,0.0,80.0,-7.0,0.0,80.0,1.3962634,0.0,0.0,0.0,-9.29538535,-5.56089722,-5.16581041,-37.63091859,-72.3196188,-61.22708294,29.92444475,30.41119878,-33.48409316,13.38349683,8.47257403,-7.69778982,-3.72349512,0.0,11.38427082,-0.37015337,-0.21437058
1760625256.324,1.09463201,0.03349641,1.77722292,0.00638308,0.97470003,-0.00127114,80.0,-7.0,0.0,80.0,1.3962634,0.0,0.0,0.0,80.0,-7.0,0.0,80.0,1.3962634,0.0,0.0,0.0,-9.32970822,-5.57229242,-5.01441514,-37.17068295,-71.89965488,-59.29752271,29.81565946,29.87784101,-31.68911837,11.26867259,8.55262067,-7.88863998,-3.68421541,0.0,11.46367218,-0.39167194,-0.24628991
1760625256.358,1.10976492,0.05366508,1.74179464,0.00645223,0.97533348,-0.0009399,80.0,-7.0,0.0,80.0,1.3962634,0.0,0.0,0.0,80.0,-7.0,0.0,80.0,1.3962634,0.0,0.0,0.0,-9.28933364,-5.58833032,-4.81366436,-37.98112684,-71.3435603,-58.7386067,30.44686158,30.01891593,-29.85589178,8.82420446,8.55138861,-8.04469638,-3.63372526,0.0,11.58170067,-0.38309393,-0.24025972
1760625256.391,1.11102734,0.04628375,1.70651149,0.00631447,0.97613909,-0.0007415,80.0,-7.0,0.0,80.0,1.3962634,0.0,0.0,0.0,80.0,-7.0,0.0,80.0,1.3962634,0.0,0.0,0.0,-9.30078724,-5.51428384,-4.6841975,-39.01058797,-70.93609005,-58.59811479,30.85875838,30.36632623,-27.08477714,5.64588303,8.60925623,-8.16873631,-3.57030946,0.0,11.71312264,-0.36716754,-0.254
1760625256.425,1.10554886,0.04614414,1.65229183,0.00642221,0.97716496,-0.00065155,80.0,-7.0,0.0,80.0,1.3962634,0.0,0.0,0.0,80.0,-7.0,0.0,80.0,1.3962634,0.0,0.0,0.0,-9.28643173,-5.51620498,-4.5735654,-40.57599506,-70.54470447,-57.13230015,30.6149674,28.84969106,-21.50152081,-0.15684903,8.58894583,-8.42167628,-3.43134441,0.0,11.89579035,-0.3562917,-0.30152547
1760625256.458,1.10944719,0.04713753,1.58143319,0.00663748,0.97807307,-0.00042777,80.0,-7.0,0.0,80.0,1.3962634,0.0,0.0,0.0,80.0,-7.0,0.0,80.0,1.3962634,0.0,0.0,0.0,-9.24346024,-5.54993343,-4.53519887,-41.68898791,-70.47055322,-55.85363259,30.17069161,27.67872715,-15.98601391,-4.89878687,8.54218577,-8.6057855,-3.30492596,0.0,11.91431921,-0.39062882,-0.34773106
1760625256.491,1.12391743,0.07121384,1.54292662,0.00685474,0.97970369,0.00030542,80.0,-7.0,0.0,80.0,1.3962634,0.0,0.0,0.0,80.0,-7.0,0.0,80.0,1.3962634,0.0,0.0,0.0,-9.1884624,-5.74559174,-4.50029019,-42.86901034,-70.45933751,-54.85196076,30.04677587,27.30944879,-10.36804506,-9.23328566,8.50676066,-8.87458367,-3.11942996,0.0,11.83604342,-0.43028882,-0.39870884
1760625256.558,1.14145228,0.09792332,1.55391698,0.00777075,0.98262712,0.00016698,80.0,-7.0,0.0,80.0,1.3962634,0.0,0.0,0.0,80.0,-7.0,0.0,80.0,1.3962634,0.0,0.0,0.0,-9.14849138,-6.17460485,-4.53584458,-44.27897567,-70.60723894,-53.0868987,32.27068281,30.99379093,0.5217245,-18.66698885,8.67878042,-9.29218015,-2.93468678,0.0,11.78012208,-0.38401886,-0.39417624
1760625256.592,1.13360286,0.10618545,1.65303181,0.00722001,0.98329797,-0.00156527,80.0,-7.0,0.0,80.0,1.3962634,0.0,0.0,0.0,80.0,-7.0,0.0,80.0,1.3962634,0.0,0.0,0.0,-9.02693289,-6.3443757,-4.63354054,-44.86887953,-70.90159074,-51.99814284,32.70633325,35.21884842,6.97090149,-24.80503169,8.66990281,-9.34170573,-2.73771046,0.0,11.5962299,-0.35647214,-0.38895876
1760625256.625,1.12404304,0.11593711,1.72367844,0.00472865,0.98422409,-0.00278035,80.0,-7.0,0.0,80.0,1.3962634,0.0,0.0,0.0,80.0,-7.0,0.0,80.0,1.3962634,0.0,0.0,0.0,-8.76452197,-6.45012567,-5.11471393,-44.77612308,-71.6053893,-50.26157171,43.69272741,36.90092422,2.01831298,-24.99999983,8.42048936,-9.39833701,-3.10686381,0.0,11.56387726,-0.33907081,-0.34115508
1760625256.659,1.15957253,0.12853861,1.80302469,-0.00021292,0.98556501,-0.00291664,80.0,-7.0,0.0,80.0,1.3962634,0.0,0.0,0.0,80.0,-7.0,0.0,80.0,1.3962634,0.0,0.0,0.0,-8.49384492,-6.65068227,-5.55053494,-43.97594829,-72.10565321,-47.91412498,54.4054146,39.75969276,-2.75462472,-24.99999983,8.10268551,-9.52738135,-3.44720664,0.0,11.50941611,-0.32709235,-0.31132753
1760625256.692,1.17600291,0.13580713,1.88530669,-0.00338027,0.98631249,-0.00373219,80.0,-7.0,0.0,80.0,1.3962634,0.0,0.0,0.0,80.0,-7.0,0.0,80.0,1.3962634,0.0,0.0,0.0,-8.25837338,-6.82054904,-5.80597328,-43.12105723,-72.64726675,-45.36700084,65.56414832,45.08589747,-6.71030005,-24.99999983,7.84268777,-9.6024183,-3.55256842,0.0,11.36352346,-0.3215192,-0.27224765
1760625256.726,1.17493578,0.13460871,1.93611712,-0.00393335,0.98613381,-0.00529013,80.0,-7.0,0.0,80.0,1.3962634,0.0,0.0,0.0,80.0,-7.0,0.0,80.0,1.3962634,0.0,0.0,0.0,-7.9499441,-6.94210659,-5.17961438,-43.48459569,-72.74368289,-44.51605649,72.52537744,49.01301989,-8.40119895,-24.99999983,7.56534251,-9.55991343,-2.89025341,0.0,11.30518686,-0.30514319,-0.24314824
1760625256.759,1.15429985,0.13542076,1.95330788,-0.00208159,0.9846973,-0.00657672,80.0,-7.0,0.0,80.0,1.3962634,0.0,0.0,0.0,80.0,-7.0,0.0,80.0,1.3962634,0.0,0.0,0.0,-7.41751496,-7.07764134,-3.46835675,-45.79579923,-72.55508146,-45.5794721,78.21857748,52.53681625,-9.00605506,-24.99999983,7.11166475,-9.41184308,-1.36243878,0.0,11.37534095,-0.27938686,-0.2112248
1760625256.793,1.1265225,0.17960283,2.03984547,-0.00273534,0.98334489,-0.00658522,80.0,-7.0,0.0,80.0,1.3962634,0.0,0.0,0.0,80.0,-7.0,0.0,80.0,1.3962634,0.0,0.0,0.0,-6.64275236,-7.09148329,-2.60269257,-46.64704055,-73.50119312,-44.72856731,88.12579633,56.91871552,-11.44945365,-22.12665191,6.29304716,-9.30124122,-0.68533367,0.0,11.49300182,-0.30639816,-0.20155086
1760625256.826,1.10355795,0.15533843,2.06457076,-0.0025243,0.98284048,-0.00663937,80.0,-7.0,0.0,80.0,1.3962634,0.0,0.0,0.0,80.0,-7.0,0.0,80.0,1.3962634,0.0,0.0,0.0,-6.42765206,-6.93342101,-2.21620464,-46.73578931,-74.65973806,-43.79344314,93.01717072,59.98069003,-11.35349212,-21.2957158,6.10057717,-9.18082663,-0.42118832,0.0,11.50102676,-0.34307474,-0.21710495
1760625256.859,1.09199054,0.16233586,2.07567421,-0.00378872,0.98320632,-0.0061627,80.0,-7.0,0.0,80.0,1.3962634,0.0,0.0,0.0,80.0,-7.0,0.0,80.0,1.3962634,0.0,0.0,0.0,-6.07105414,-6.80565459,-1.72925299,-47.01636214,-75.79981469,-43.21856224,99.58307732,62.99908292,-12.09616951,-18.73706777,5.75041575,-9.06913164,-0.17974941,0.0,11.59915696,-0.3592665,-0.2133467
1760625256.893,1.07892207,0.15480454,2.12462113,-0.00338482,0.98338348,-0.0060416,80.0,-7.0,0.0,80.0,1.3962634,0.0,0.0,0.0,80.0,-7.0,0.0,80.0,1.3962634,0.0,0.0,0.0,-6.07664076,-6.51361245,-1.45094172,-47.19003033,-77.77688705,-43.48044598,105.52681082,65.25235643,-10.81346437,-16.89268924,5.7999875,-8.88817132,-0.10297281,0.0,11.66912504,-0.35547622,-0.19518766
1760625256.926,1.07089229,0.14456969,2.1456574,-0.00336268,0.98368297,-0.00607091,80.0,-7.0,0.0,80.0,1.3962634,0.0,0.0,0.0,80.0,-7.0,0.0,80.0,1.3962634,0.0,0.0,0.0,-6.10605962,-6.07942739,-1.06041157,-49.20818975,-79.36483741,-46.19163395,110.47862614,66.41435267,-9.66375945,-14.88547472,5.84321449,-8.5373194,0.08812234,0.0,11.7552985,-0.3950017,-0.19957048
1760625256.96,1.08730023,0.14894924,2.15293822,-0.00354528,0.98390235,-0.00573641,80.0,-7.0,0.0,80.0,1.3962634,0.0,0.0,0.0,80.0,-7.0,0.0,80.0,1.3962634,0.0,0.0,0.0,-6.17894984,-5.68479402,-0.52910084,-51.61136198,-80.59030817,-49.17758469,117.98622672,67.7845,-10.55136662,-10.6059785,5.90288502,-8.17986508,0.55654954,0.0,11.7143444,-0.42071627,-0.19938023
1760625256.993,1.08376099,0.12075677,2.15204926,-0.00283246,0.98321608,-0.0066086,80.0,-7.0,0.0,80.0,1.3962634,0.0,0.0,0.0,80.0,-7.0,0.0,80.0,1.3962634,0.0,0.0,0.0,-6.32227206,-5.23227483,-0.22688797,-55.58564832,-82.73486621,-53.95053793,120.34846506,67.89847141,-8.24307623,-11.04604097,6.05531636,-7.89705635,0.7476724,0.0,11.77527999,-0.43647192,-0.17023534
1760625257.027,1.10510064,0.13232991,2.16054453,-0.00287185,0.98284963,-0.00645896,80.0,-7.0,0.0,80.0,1.3962634,0.0,0.0,0.0,80.0,-7.0,0.0,80.0,1.3962634,0.0,0.0,0.0,-6.47338399,-5.25152614,-0.53127291,-55.43807462,-84.4212452,-54.47596629,121.76147439,67.74131832,-6.75472943,-11.5181257,6.11521303,-8.04532833,0.49401262,0.0,11.74966,-0.46151999,-0.20721963
1760625257.06,1.08700782,0.08492006,2.1180531,-0.00254967,0.98095112,-0.00929332,80.0,-7.0,0.0,80.0,1.3962634,0.0,0.0,0.0,80.0,-7.0,0.0,80.0,1.3962634,0.0,0.0,0.0,-6.44172755,-4.79661091,0.23708843,-67.91378986,-85.26352751,-67.04051734,124.54278877,67.92368336,-6.97471237,-10.70955494,6.14094558,-7.65392688,1.1968638,0.0,11.67063433,-0.52843838,-0.23655714
1760625257.094,1.11276952,0.0789492,2.12415898,-0.00274411,0.97964868,-0.01077846,80.0,-7.0,0.0,80.0,1.3962634,0.0,0.0,0.0,80.0,-7.0,0.0,80.0,1.3962634,0.0,0.0,0.0,-6.46449902,-4.65527275,0.37611561,-87.57736576,-86.33405506,-87.27991125,125.50250908,67.10225435,-6.09733372,-11.5230443,6.14900056,-7.5759884,1.26193362,0.0,11.71540001,-0.53776245,-0.27479793
1760625257.127,1.09640606,0.08986689,2.13591121,-0.00196564,0.97890951,-0.00916229,80.0,-7.0,0.0,80.0,1.3962634,0.0,0.0,0.0,80.0,-7.0,0.0,80.0,1.3962634,0.0,0.0,0.0,-6.49776609,-5.24392796,0.40373246,-89.73991529,-86.7473721,-90.00000018,125.36680594,66.75592253,-5.19943699,-12.39807462,6.20194364,-8.14819427,1.41668523,0.0,11.6984697,-0.51705808,-0.27082833
1760625257.16,1.08987605,0.13612036,2.11843621,-0.00238287,0.97832976,-0.00703183,80.0,-7.0,0.0,80.0,1.3962634,0.0,0.0,0.0,80.0,-7.0,0.0,80.0,1.3962634,0.0,0.0,0.0,-6.43428664,-5.82589999,0.3799838,-89.53008813,-87.02021034,-90.00000018,125.96768491,66.57955376,-4.93122614,-12.78327184,6.12237777,-8.6522578,1.48150355,0.0,11.67004944,-0.5148205,-0.26319992
1760625257.194,1.10268145,0.16428483,2.13815898,-0.00285715,0.97861075,-0.00491333,80.0,-7.0,0.0,80.0,1.3962634,0.0,0.0,0.0,80.0,-7.0,0.0,80.0,1.3962634,0.0,0.0,0.0,-6.41590948,-6.38562959,0.11726444,-89.19213236,-87.33167729,-90.00000018,125.91697276,66.349082,-4.15999135,-13.99387612,6.04063174,-9.07073115,1.32753438,0.0,11.61827528,-0.5262657,-0.25983629
1760625257.261,1.09465032,0.22550218,2.13642441,-0.00117205,0.97783001,-0.00232078,80.0,-7.0,0.0,80.0,1.3962634,0.0,0.0,0.0,80.0,-7.0,0.0,80.0,1.3962634,0.0,0.0,0.0,-6.570473,-6.81396729,-0.17205434,-88.2940962,-87.39938689,-90.00000018,125.86641938,67.06549988,-3.16588234,-15.13569199,6.07514133,-9.19077283,1.12877398,0.0,11.57613541,-0.50551659,-0.23008125
1760625257.294,1.06154671,0.25218353,2.12159612,0.00018191,0.97699251,-0.0016768,80.0,-7.0,0.0,80.0,1.3962634,0.0,0.0,0.0,80.0,-7.0,0.0,80.0,1.3962634,0.0,0.0,0.0,-6.48917177,-6.98938766,-0.36268804,-87.58886145,-87.35312427,-90.00000018,124.61315283,66.92558018,-1.49990317,-16.20266274,5.85133494,-9.16977946,0.97513872,0.0,11.63109592,-0.51710534,-0.20740176
1760625257.328,1.02977673,0.25421715,2.11599968,0.00086513,0.97647287,-0.00172285,80.0,-7.0,0.0,80.0,1.3962634,0.0,0.0,0.0,80.0,-7.0,0.0,80.0,1.3962634,0.0,0.0,0.0,-6.44119387,-7.08340809,-0.63635846,-87.28321601,-87.32991184,-90.00000018,122.91298394,66.73907986,0.09853317,-17.64315368,5.67400833,-9.16654753,0.7812231,0.0,11.68748117,-0.53230225,-0.20689806
1760625257.361,1.01394942,0.26054542,2.07648396,0.00091229,0.97656139,-0.00219916,80.0,-7.0,0.0,80.0,1.3962634,0.0,0.0,0.0,80.0,-7.0,0.0,80.0,1.3962634,0.0,0.0,0.0,-6.51016928,-7.04429023,-0.71493348,-87.5152077,-87.17024035,-90.00000018,122.97652593,66.65261242,0.01726691,-17.78915202,5.64652268,-9.05958067,0.71308687,0.0,11.83290207,-0.54878044,-0.21116367
1760625257.395,0.99545412,0.24727642,2.02072419,0.00155716,0.97691593,-0.00311593,80.0,-7.0,0.0,80.0,1.3962634,0.0,0.0,0.0,80.0,-7.0,0.0,80.0,1.3962634,0.0,0.0,0.0,-6.38389765,-6.71981229,-0.6236529,-88.39103225,-86.79496809,-90.00000018,124.27601723,66.9262907,-1.61975999,-16.93771706,5.48674556,-8.6985481,0.7908464,0.0,11.91065289,-0.56746805,-0.23751947
1760625257.428,1.00605276,0.28517139,1.98131869,0.00164885,0.97641476,-0.00257332,80.0,-7.0,0.0,80.0,1.3962634,0.0,0.0,0.0,80.0,-7.0,0.0,80.0,1.3962634,0.0,0.0,0.0,-6.40106084,-6.3776159,-0.57223583,-88.69518995,-86.48241182,-90.00000018,124.88935155,67.47462815,-2.8891355,-16.00941962,5.520866,-8.31263241,0.87125955,0.0,11.90375639,-0.57285625,-0.25599662
1760625257.462,0.98703581,0.28739114,1.94254172,0.0027151,0.97583028,-0.00392509,80.0,-7.0,0.0,80.0,1.3962634,0.0,0.0,0.0,80.0,-7.0,0.0,80.0,1.3962634,0.0,0.0,0.0,-6.33272347,-5.69109759,-0.4484324,-89.13957859,-85.99775326,-90.00000018,126.06778652,67.97487871,-5.43282906,-13.60366872,5.58776535,-7.66447205,0.90278562,0.0,12.01620595,-0.58116515,-0.29156727
1760625257.495,0.976857,0.27259886,1.90582587,0.0038013,0.97608614,-0.00596348,80.0,-7.0,0.0,80.0,1.3962634,0.0,0.0,0.0,80.0,-7.0,0.0,80.0,1.3962634,0.0,0.0,0.0,-6.30452014,-5.1011479,-0.27241893,-89.70337824,-85.47292309,-90.00000018,127.61742146,67.99307181,-8.57373044,-10.90807082,5.6949433,-7.10132291,1.07682423,0.0,12.01539898,-0.57498088,-0.31483503
1760625257.528,0.95472884,0.26010621,1.90391999,0.00533081,0.9773521,-0.00649816,80.0,-7.0,0.0,80.0,1.3962634,0.0,0.0,0.0,80.0,-7.0,0.0,80.0,1.3962634,0.0,0.0,0.0,-6.29526155,-5.01764793,-0.12480392,-83.89443698,-84.79895131,-83.17846797,130.08192018,68.38615616,-12.92255117,-7.11052213,5.85756689,-7.0453299,1.3098874,0.0,12.02169244,-0.55580649,-0.31399539
1760625257.562,0.94319136,0.25245777,1.88494237,0.00698795,0.97855565,-0.00601542,80.0,-7.0,0.0,80.0,1.3962634,0.0,0.0,0.0,80.0,-7.0,0.0,80.0,1.3962634,0.0,0.0,0.0,-6.28357652,-5.1253379,0.10889516,-76.18023038,-83.61996478,-73.71110716,132.94687001,69.29781863,-19.46696764,-1.5493022,6.04700477,-7.14900635,1.67906105,0.0,12.00909208,-0.57255833,-0.36398682
1760625257.595,0.99731045,0.26334221,1.84512771,0.00469312,0.97968044,-0.00436946,80.0,-7.0,0.0,80.0,1.3962634,0.0,0.0,0.0,80.0,-7.0,0.0,80.0,1.3962634,0.0,0.0,0.0,-6.40916634,-5.31428401,0.1122844,-72.14947194,-82.79211944,-68.61263759,134.88308274,69.34879937,-24.6324751,2.56521073,6.23424855,-7.3454427,1.82146162,0.0,12.00182838,-0.5770195,-0.38515361
1760625257.629,1.03674891,0.2606911,1.80155284,0.00352569,0.9804071,-0.00355239,80.0,-7.0,0.0,80.0,1.3962634,0.0,0.0,0.0,80.0,-7.0,0.0,80.0,1.3962634,0.0,0.0,0.0,-6.41288357,-5.41018862,0.15130256,-70.06779743,-81.94236702,-65.40757051,135.0044395,69.01440666,-28.90343435,5.19052631,6.2957704,-7.41026313,2.00225217,0.0,11.94409314,-0.5717126,-0.39704051
1760625257.663,1.05912772,0.24932599,1.74951133,0.0038466,0.98143032,-0.00326814,80.0,-7.0,0.0,80.0,1.3962634,0.0,0.0,0.0,80.0,-7.0,0.0,80.0,1.3962634,0.0,0.0,0.0,-6.43420237,-5.5665089,0.18196703,-68.16066394,-80.8696531,-62.4843472,133.92575288,67.94472965,-34.76346273,8.00739074,6.40269908,-7.49460271,2.17841046,0.0,11.86851651,-0.5632071,-0.4005919
1760625257.696,1.13935535,0.23809077,1.67983967,0.0002303,0.98283916,-0.00212767,80.0,-7.0,0.0,80.0,1.3962634,0.0,0.0,0.0,80.0,-7.0,0.0,80.0,1.3962634,0.0,0.0,0.0,-6.57359861,-5.71143392,-0.04526484,-66.5364294,-80.38862819,-60.13702248,130.80072103,65.36167358,-38.58932439,7.67960119,6.54394241,-7.59608709,2.03257508,0.0,11.83301488,-0.55363037,-0.39928985
1760625257.729,1.18850333,0.22395341,1.6535603,-0.00090008,0.98475757,-0.00183357,80.0,-7.0,0.0,80.0,1.3962634,0.0,0.0,0.0,80.0,-7.0,0.0,80.0,1.3962634,0.0,0.0,0.0,-6.66611983,-5.83916345,-0.447464,-64.86924081,-80.13130298,-57.92443273,126.93437154,61.75338813,-41.71582687,6.53861722,6.66056873,-7.68032372,1.74138604,0.0,11.84079166,-0.50262033,-0.39169732
1760625257.763,1.22037812,0.19108248,1.61775637,-0.00141373,0.98584601,-0.00249947,80.0,-7.0,0.0,80.0,1.3962634,0.0,0.0,0.0,80.0,-7.0,0.0,80.0,1.3962634,0.0,0.0,0.0,-6.48729303,-6.0224163,-0.62720304,-63.29498018,-79.64126883,-55.98386211,119.04307436,55.19122401,-43.36550139,2.97925587,6.4557132,-7.79655283,1.61037121,0.0,11.90144751,-0.49011013,-0.38054649
1760625257.796,1.24736975,0.17442367,1.60351391,-0.00285199,0.98654788,-0.00354548,80.0,-7.0,0.0,80.0,1.3962634,0.0,0.0,0.0,80.0,-7.0,0.0,80.0,1.3962634,0.0,0.0,0.0,-6.02715691,-6.26304626,-0.86110646,-61.70153672,-79.56743993,-53.87525866,104.64015427,46.86402866,-37.26298638,-5.4481271,5.96052958,-7.98503877,1.32985706,0.0,11.92326557,-0.48507283,-0.38729501
1760625257.829,1.26642064,0.17181117,1.6165714,-0.00262876,0.986102,-0.00448669,80.0,-7.0,0.0,80.0,1.3962634,0.0,0.0,0.0,80.0,-7.0,0.0,80.0,1.3962634,0.0,0.0,0.0,-5.78774366,-6.49960851,-1.01042957,-59.00917653,-79.55066209,-50.78231885,91.67423554,40.5739339,-31.49757697,-10.79115012,5.68534409,-8.16053894,1.21437511,0.0,11.90854393,-0.49055124,-0.39442602
1760625257.863,1.27711487,0.17807379,1.63320234,-0.00217745,0.98580074,-0.00437987,80.0,-7.0,0.0,80.0,1.3962634,0.0,0.0,0.0,80.0,-7.0,0.0,80.0,1.3962634,0.0,0.0,0.0,-5.7850153,-6.7898406,-1.07973047,-54.42044221,-79.36909808,-46.17060695,83.86211352,35.79437956,-31.74983345,-11.10826131,5.65412963,-8.34068745,1.19538933,0.0,11.87461987,-0.48644828,-0.40399995
1760625257.896,1.28896138,0.17719137,1.62117331,-0.00213818,0.98548165,-0.00530345,80.0,-7.0,0.0,80.0,1.3962634,0.0,0.0,0.0,80.0,-7.0,0.0,80.0,1.3962634,0.0,0.0,0.0,-5.65265767,-7.09602213,-1.18834336,-50.66134017,-79.39624728,-42.76814737,71.16597803,32.31271441,-24.70781631,-12.8147031,5.50222676,-8.5610395,0.96205638,0.0,11.89363955,-0.47943449,-0.40141065
1760625257.93,1.32071882,0.16895349,1.6326512,-0.00230791,0.98502767,-0.00583942,80.0,-7.0,0.0,80.0,1.3962634,0.0,0.0,0.0,80.0,-7.0,0.0,80.0,1.3962634,0.0,0.0,0.0,-5.750172,-7.27663198,-1.42388847,-46.45606366,-79.51396172,-39.55088055,60.25685792,29.95046698,-19.54017776,-12.72663538,5.58002468,-8.66859418,0.67012447,0.0,11.87812737,-0.47939507,-0.43202971
1760625257.963,1.32590913,0.17990978,1.65340543,-0.00152148,0.98431167,-0.00556971,80.0,-7.0,0.0,80.0,1.3962634,0.0,0.0,0.0,80.0,-7.0,0.0,80.0,1.3962634,0.0,0.0,0.0,-6.03606496,-7.41075992,-1.70039031,-42.06026709,-79.60558643,-37.24064397,52.41983541,28.41249492,-19.27897663,-9.45977579,5.85171859,-8.72527749,0.26152522,0.0,11.88710761,-0.44315264,-0.39886329
1760625257.997,1.31529389,0.19983496,1.65416804,-0.00023345,0.98289672,-0.00581216,80.0,-7.0,0.0,80.0,1.3962634,0.0,0.0,0.0,80.0,-7.0,0.0,80.0,1.3962634,0.0,0.0,0.0,-6.34400534,-7.47529321,-2.70096741,-34.94091854,-80.01857089,-31.85352084,37.32599468,27.80279894,-9.3294331,-9.27958627,6.11093489,-8.81220623,-0.84550198,0.0,11.91362985,-0.44372561,-0.39428406
1760625258.03,1.29333922,0.23315713,1.66304547,0.00258948,0.98210277,-0.0052934,80.0,-7.0,0.0,80.0,1.3962634,0.0,0.0,0.0,80.0,-7.0,0.0,80.0,1.3962634,0.0,0.0,0.0,-6.99007112,-7.4128573,-3.99352184,-26.58272247,-80.27870835,-25.20097458,23.04913547,27.82603155,-0.21335675,-8.96389042,6.71939482,-8.83452339,-2.09149436,0.0,11.81200176,-0.43420506,-0.40332386
1760625258.064,1.2693191,0.29180362,1.69558749,0.00464222,0.98214684,-0.0036141,80.0,-7.0,0.0,80.0,1.3962634,0.0,0.0,0.0,80.0,-7.0,0.0,80.0,1.3962634,0.0,0.0,0.0,-7.51266125,-7.37715454,-4.51105935,-22.97268927,-80.20205874,-23.90581773,18.64148342,28.25053751,-2.36553303,-4.71819161,7.142674,-8.79091601,-2.74951274,0.0,11.90569471,-0.42716775,-0.37272894
1760625258.097,1.2296396,0.33770298,1.75044593,0.00782314,0.98185478,-0.00211035,80.0,-7.0,0.0,80.0,1.3962634,0.0,0.0,0.0,80.0,-7.0,0.0,80.0,1.3962634,0.0,0.0,0.0,-8.00928222,-7.41400339,-4.77494025,-20.67062018,-79.82620586,-23.40269018,17.80088446,28.68255835,-5.87735334,-1.52582047,7.54650725,-8.81948259,-3.00782147,0.0,11.96798871,-0.42967684,-0.36145094
1760625258.131,1.19448521,0.40119178,1.7781991,0.01048754,0.98105614,-0.00074858,80.0,-7.0,0.0,80.0,1.3962634,0.0,0.0,0.0,80.0,-7.0,0.0,80.0,1.3962634,0.0,0.0,0.0,-8.4868323,-7.48792515,-4.74983366,-20.47376662,-79.27570825,-24.90292167,18.73334325,28.43582193,-10.38012644,1.58585196,7.88834889,-8.81608402,-2.80999136,0.0,11.83904024,-0.44531047,-0.37954623
1760625258.164,1.17488155,0.47928217,1.82733517,0.01299371,0.98031268,0.00011836,80.0,-7.0,0.0,80.0,1.3962634,0.0,0.0,0.0,80.0,-7.0,0.0,80.0,1.3962634,0.0,0.0,0.0,-9.05678329,-7.44753815,-5.13172405,-19.92044188,-78.94479243,-26.8481155,20.51851905,29.01427703,-16.46181138,5.60475597,8.2564726,-8.75428214,-3.00137562,0.0,11.82555426,-0.46252776,-0.37342656
1760625258.197,1.16875913,0.54330758,1.84697641,0.01308777,0.97940958,0.00096758,80.0,-7.0,0.0,80.0,1.3962634,0.0,0.0,0.0,80.0,-7.0,0.0,80.0,1.3962634,0.0,0.0,0.0,-9.17967778,-7.38185782,-4.89004032,-22.24219759,-78.61987192,-30.80767105,22.32989068,30.19102668,-21.50969143,8.74854417,8.25299174,-8.54137433,-2.66762806,0.0,11.78936134,-0.45999594,-0.35444825
1760625258.231,1.15970666,0.54701341,1.84158917,0.01280865,0.97899799,0.0010312,80.0,-7.0,0.0,80.0,1.3962634,0.0,0.0,0.0,80.0,-7.0,0.0,80.0,1.3962634,0.0,0.0,0.0,-9.35122727,-7.359065,-5.12691745,-22.33540656,-78.42137079,-32.28674255,24.38528113,30.86358327,-26.46753137,11.7348073,8.28255073,-8.50007553,-2.85361869,0.0,11.72741369,-0.47400003,-0.35721817
1760625258.264,1.13214188,0.60695057,1.78943646,0.01232733,0.97876282,0.00115575,80.0,-7.0,0.0,80.0,1.3962634,0.0,0.0,0.0,80.0,-7.0,0.0,80.0,1.3962634,0.0,0.0,0.0,-9.38476455,-7.43112317,-4.90593179,-25.18710001,-77.94133726,-36.42642794,26.99370243,30.82255517,-32.08994699,14.72783515,8.25051525,-8.39840662,-2.6749583,0.0,11.70643426,-0.43580659,-0.34455172
1760625258.298,1.12276235,0.62416859,1.76838884,0.01067067,0.97827853,0.00170567,80.0,-7.0,0.0,80.0,1.3962634,0.0,0.0,0.0,80.0,-7.0,0.0,80.0,1.3962634,0.0,0.0,0.0,-9.25538347,-7.35495928,-5.00354939,-27.40686513,-77.65679263,-39.1851463,25.05335627,30.19762265,-31.89096535,15.1632505,8.02931802,-8.24632261,-2.83129353,0.0,11.78282944,-0.41865256,-0.32660603
1760625258.331,1.10826302,0.63897212,1.73191285,0.00878166,0.97834928,0.00243995,80.0,-7.0,0.0,80.0,1.3962634,0.0,0.0,0.0,80.0,-7.0,0.0,80.0,1.3962634,0.0,0.0,0.0,-9.15146597,-7.31816829,-5.14035214,-29.35343761,-77.28734387,-41.60119328,23.35396654,29.15484011,-31.21857527,14.79878311,7.83311137,-8.16716071,-3.02205445,0.0,11.8871287,-0.39604781,-0.30341396
1760625258.365,1.08473568,0.6386309,1.69669048,0.00751514,0.97835332,0.00248271,80.0,-7.0,0.0,80.0,1.3962634,0.0,0.0,0.0,80.0,-7.0,0.0,80.0,1.3962634,0.0,0.0,0.0,-9.07214329,-7.26102807,-5.40786104,-31.25882969,-76.80563425,-43.48499808,21.84535341,28.06380685,-30.14565781,14.11577613,7.5662792,-8.14024633,-3.16191657,0.0,12.01067686,-0.37393943,-0.28918307
1760625258.398,1.07975057,0.63866856,1.67166437,0.00666476,0.97850205,0.00256486,80.0,-7.0,0.0,80.0,1.3962634,0.0,0.0,0.0,80.0,-7.0,0.0,80.0,1.3962634,0.0,0.0,0.0,-9.03763321,-7.25255958,-5.64896908,-31.96806673,-76.47260235,-43.72327974,20.51999179,27.44633459,-28.90030429,13.63155492,7.37530755,-8.19258815,-3.08503886,0.0,11.95153607,-0.41232345,-0.33051711
1760625258.431,1.07771934,0.62615168,1.62110827,0.00620022,0.97866119,0.00254041,80.0,-7.0,0.0,80.0,1.3962634,0.0,0.0,0.0,80.0,-7.0,0.0,80.0,1.3962634,0.0,0.0,0.0,-8.96426986,-7.19043467,-5.64313724,-33.33663364,-76.14438344,-44.86046362,20.26701168,27.16178933,-28.55815371,13.50543345,7.25933567,-8.21227834,-2.92840065,0.0,11.98125667,-0.43167065,-0.36158179
1760625258.465,1.07670607,0.62177293,1.56655137,0.00591214,0.97840941,0.00318786,80.0,-7.0,0.0,80.0,1.3962634,0.0,0.0,0.0,80.0,-7.0,0.0,80.0,1.3962634,0.0,0.0,0.0,-8.8024254,-7.14878505,-5.5982081,-34.64188858,-75.76249201,-46.09300925,20.2787812,26.48037065,-28.46602562,13.18245737,7.18302163,-8.26950156,-2.85148252,0.0,12.04059222,-0.40719076,-0.37085201
1760625258.498,1.0709915,0.60929859,1.54103862,0.00622861,0.97795321,0.00351306,80.0,-7.0,0.0,80.0,1.3962634,0.0,0.0,0.0,80.0,-7.0,0.0,80.0,1.3962634,0.0,0.0,0.0,-8.73650444,-7.10322717,-5.55798554,-35.19930637,-75.57964533,-47.04462233,20.68124241,26.38203333,-29.12327326,13.33394372,7.24892263,-8.29013049,-2.75790233,0.0,11.97920667,-0.40679623,-0.39006394
1760625258.532,1.09007654,0.59207863,1.56604031,0.0057066,0.97723319,0.00343389,80.0,-7.0,0.0,80.0,1.3962634,0.0,0.0,0.0,80.0,-7.0,0.0,80.0,1.3962634,0.0,0.0,0.0,-8.56113314,-7.01473089,-5.25034093,-36.53876506,-75.28463701,-48.75699555,21.0646526,25.81821032,-29.99392529,13.24754844,7.21870582,-8.20585845,-2.34465699,0.0,11.94129757,-0.4083026,-0.43399245
1760625258.565,1.09407962,0.57729196,1.60524043,0.00528429,0.97685874,0.00340916,80.0,-7.0,0.0,80.0,1.3962634,0.0,0.0,0.0,80.0,-7.0,0.0,80.0,1.3962634,0.0,0.0,0.0,-8.4111132,-6.99623002,-5.16403971,-36.94904698,-75.13631894,-49.57320834,21.62291744,25.52331664,-30.83093672,13.21492951,7.13502147,-8.19188555,-2.14634829,0.0,11.94302573,-0.38491085,-0.41515707
1760625258.599,1.09622148,0.56512006,1.64476739,0.00516747,0.97674404,0.00327021,80.0,-7.0,0.0,80.0,1.3962634,0.0,0.0,0.0,80.0,-7.0,0.0,80.0,1.3962634,0.0,0.0,0.0,-8.34051147,-6.95904912,-5.08607773,-37.21042127,-75.02531422,-50.34936567,22.29404109,25.51289177,-31.65687378,13.33202305,7.10769815,-8.13788815,-1.92704211,0.0,11.95523826,-0.38107248,-0.41326088
1760625258.632,1.1081893,0.5275118,1.67552382,0.00502951,0.9761378,0.00297983,80.0,-7.0,0.0,80.0,1.3962634,0.0,0.0,0.0,80.0,-7.0,0.0,80.0,1.3962634,0.0,0.0,0.0,-8.33541546,-6.88187463,-5.03751998,-37.07722888,-74.9388945,-50.46031243,22.3575927,24.97105696,-31.80481582,13.067636,7.11293294,-8.02161433,-1.74023998,0.0,11.89424817,-0.38110264,-0.428585
1760625258.666,1.12348395,0.53666286,1.68964754,0.00561033,0.97543609,0.00242753,80.0,-7.0,0.0,80.0,1.3962634,0.0,0.0,0.0,80.0,-7.0,0.0,80.0,1.3962634,0.0,0.0,0.0,-8.34016774,-6.83530457,-5.00527875,-37.03382791,-74.9139485,-50.48994664,22.38265644,24.58239381,-31.9194095,12.86741632,7.08303908,-7.90751256,-1.6362829,0.0,11.86367169,-0.38307201,-0.41611632
1760625258.699,1.14915597,0.50400019,1.65415702,0.00556027,0.97519913,0.00215338,80.0,-7.0,0.0,80.0,1.3962634,0.0,0.0,0.0,80.0,-7.0,0.0,80.0,1.3962634,0.0,0.0,0.0,-8.31456115,-6.81740578,-4.85697258,-37.09198573,-74.81196181,-50.70082426,22.8290863,24.56588314,-32.33863965,12.82217885,7.02583972,-7.84132316,-1.52740372,0.0,11.88277779,-0.38444302,-0.40572462
1760625258.733,1.15530382,0.46169218,1.64617241,0.00545876,0.97524913,0.00185281,80.0,-7.0,0.0,80.0,1.3962634,0.0,0.0,0.0,80.0,-7.0,0.0,80.0,1.3962634,0.0,0.0,0.0,-8.29783202,-6.7393881,-4.82141902,-37.34070218,-74.74119686,-51.40605091,23.27421964,24.56299519,-32.26811308,12.39986509,6.9770951,-7.73674099,-1.58996629,0.0,11.99293035,-0.38622539,-0.40177466
1760625258.766,1.15840956,0.43448035,1.62970047,0.00564267,0.97520939,0.00149984,80.0,-7.0,0.0,80.0,1.3962634,0.0,0.0,0.0,80.0,-7.0,0.0,80.0,1.3962634,0.0,0.0,0.0,-8.27587183,-6.67011802,-4.74259754,-38.34136854,-74.59606304,-53.12144424,24.10940983,25.69821101,-31.87170309,12.36746913,6.95362349,-7.65872228,-1.62564705,0.0,12.09581191,-0.38389497,-0.391666
1760625258.8,1.17202597,0.3972738,1.62525677,0.00474354,0.97530197,0.00093191,80.0,-7.0,0.0,80.0,1.3962634,0.0,0.0,0.0,80.0,-7.0,0.0,80.0,1.3962634,0.0,0.0,0.0,-8.30315281,-6.56981089,-4.67421011,-39.51525593,-74.37899437,-55.13023433,24.90965687,27.27402419,-30.65704522,12.02087152,6.99270021,-7.5922638,-1.67325857,0.0,12.18608474,-0.3896782,-0.39544437
1760625258.833,1.17072189,0.36216857,1.62605246,0.00439911,0.97537605,0.00078924,80.0,-7.0,0.0,80.0,1.3962634,0.0,0.0,0.0,80.0,-7.0,0.0,80.0,1.3962634,0.0,0.0,0.0,-8.26796518,-6.48792444,-4.59892811,-40.78560531,-73.96355138,-57.01756855,25.97113494,29.38903209,-28.8357607,10.77470382,6.98239253,-7.61141075,-1.78341238,0.0,12.39035652,-0.39868834,-0.40114503
1760625258.866,1.17706834,0.35602675,1.62031185,0.00442437,0.97549141,0.00100783,80.0,-7.0,0.0,80.0,1.3962634,0.0,0.0,0.0,80.0,-7.0,0.0,80.0,1.3962634,0.0,0.0,0.0,-8.27889642,-6.46742747,-4.58778208,-41.54763978,-73.65309378,-57.42303058,26.51319865,30.74847995,-26.86742036,9.06849147,7.00463427,-7.70748574,-1.8280167,0.0,12.4893942,-0.4117235,-0.42471792
1760625258.9,1.17338605,0.34487293,1.5983915,0.005139,0.97585284,0.00157547,80.0,-7.0,0.0,80.0,1.3962634,0.0,0.0,0.0,80.0,-7.0,0.0,80.0,1.3962634,0.0,0.0,0.0,-8.3284783,-6.4631191,-4.5136893,-42.51062587,-73.32842993,-57.24840035,26.91722443,31.39323487,-24.273088,6.72071111,7.1036471,-7.85850744,-1.76813473,0.0,12.57310561,-0.43167927,-0.46891423
1760625258.933,1.17283247,0.3288873,1.57637155,0.00581834,0.97654485,0.00210015,80.0,-7.0,0.0,80.0,1.3962634,0.0,0.0,0.0,80.0,-7.0,0.0,80.0,1.3962634,0.0,0.0,0.0,-8.35465299,-6.45924335,-4.50334124,-43.90333799,-72.98863465,-56.44272253,26.77807021,30.32624431,-18.57661763,1.83392088,7.21162177,-8.09827337,-1.84404033,0.0,12.77229351,-0.44842692,-0.51861751
1760625258.967,1.18321955,0.32091697,1.55325585,0.00616172,0.97763444,0.00244665,80.0,-7.0,0.0,80.0,1.3962634,0.0,0.0,0.0,80.0,-7.0,0.0,80.0,1.3962634,0.0,0.0,0.0,-8.39227169,-6.49222957,-4.48855098,-45.10942025,-72.7568618,-55.82362865,26.73599288,29.7847145,-13.70538417,-2.04869542,7.33404849,-8.29316816,-1.87639848,0.0,12.81035946,-0.45042016,-0.56047024
1760625259.0,1.18050193,0.31869751,1.53252621,0.00658797,0.97792215,0.00275504,80.0,-7.0,0.0,80.0,1.3962634,0.0,0.0,0.0,80.0,-7.0,0.0,80.0,1.3962634,0.0,0.0,0.0,-8.35125068,-6.51115267,-4.46818927,-46.30860575,-72.58313811,-55.14484427,26.63871296,29.93505369,-8.81661824,-6.15948255,7.37496904,-8.4379605,-1.89228221,0.0,12.95721233,-0.46382637,-0.60554603
1760625259.034,1.17935944,0.31517213,1.52008579,0.00759687,0.97893993,0.00273171,80.0,-7.0,0.0,80.0,1.3962634,0.0,0.0,0.0,80.0,-7.0,0.0,80.0,1.3962634,0.0,0.0,0.0,-8.40457752,-6.5876876,-4.55993825,-46.69834919,-72.55946834,-53.37485515,26.06070134,30.97078556,-2.0734621,-12.27790269,7.51902532,-8.65125138,-2.00423117,0.0,13.15424022,-0.44857074,-0.61505827
1760625259.067,1.17989711,0.30693634,1.54652836,0.00810079,0.98005835,0.00208007,80.0,-7.0,0.0,80.0,1.3962634,0.0,0.0,0.0,80.0,-7.0,0.0,80.0,1.3962634,0.0,0.0,0.0,-8.4454745,-6.71499164,-4.59396372,-46.72765753,-72.53943974,-52.34569272,26.52311002,32.49885413,2.10715333,-16.84981561,7.61100214,-8.82098452,-1.97734421,0.0,13.20442258,-0.43504432,-0.63332699
1760625259.101,1.1875119,0.27492387,1.56216429,0.00864523,0.9820257,-3.53e-05,80.0,-7.0,0.0,80.0,1.3962634,0.0,0.0,0.0,80.0,-7.0,0.0,80.0,1.3962634,0.0,0.0,0.0,-8.45057,-6.95422696,-4.69326983,-46.13983901,-72.59962083,-51.02908762,27.56239921,34.63270078,5.79424732,-21.40146539,7.64403031,-9.11852758,-1.94339631,0.0,13.1527181,-0.43817098,-0.62181379
1760625259.134,1.17373158,0.26646222,1.62713388,0.00745342,0.98235836,-0.00120879,80.0,-7.0,0.0,80.0,1.3962634,0.0,0.0,0.0,80.0,-7.0,0.0,80.0,1.3962634,0.0,0.0,0.0,-8.29256368,-7.02200281,-4.9976477,-45.44475082,-73.05486029,-49.54908366,35.04537708,37.56137799,5.19860157,-24.99999983,7.51624345,-9.13122546,-2.07270383,0.0,13.03285738,-0.43968968,-0.59184418
1760625259.168,1.17910738,0.25680972,1.63569991,0.00556925,0.9835462,-0.00255192,80.0,-7.0,0.0,80.0,1.3962634,0.0,0.0,0.0,80.0,-7.0,0.0,80.0,1.3962634,0.0,0.0,0.0,-8.09218918,-7.14610548,-5.44299921,-43.9532724,-73.56427102,-47.33136103,46.04605836,39.63120429,0.02547335,-24.99999983,7.30013818,-9.25030499,-2.45117936,0.0,12.98551064,-0.42379184,-0.56082951
1760625259.201,1.19128057,0.24461932,1.64001793,0.00333838,0.98447634,-0.00384991,80.0,-7.0,0.0,80.0,1.3962634,0.0,0.0,0.0,80.0,-7.0,0.0,80.0,1.3962634,0.0,0.0,0.0,-7.75822844,-7.3034832,-5.71291807,-42.23122215,-73.97247406,-44.50242831,56.15984342,42.05777017,-4.47043086,-24.99999983,6.94852679,-9.37656619,-2.69202861,0.0,12.95593697,-0.41118311,-0.53245107
1760625259.234,1.20850078,0.22482172,1.66606359,0.000633,0.98524937,-0.0046124,80.0,-7.0,0.0,80.0,1.3962634,0.0,0.0,0.0,80.0,-7.0,0.0,80.0,1.3962634,0.0,0.0,0.0,-7.30229435,-7.40050156,-5.69912234,-40.15939525,-74.45682909,-40.61833276,67.73441394,45.66973358,-9.16632901,-24.99999983,6.54516356,-9.4386025,-2.76913094,0.0,12.94198217,-0.41164597,-0.54155606
1760625259.268,1.2343637,0.23962451,1.70686607,-0.00122757,0.98586884,-0.00438925,80.0,-7.0,0.0,80.0,1.3962634,0.0,0.0,0.0,80.0,-7.0,0.0,80.0,1.3962634,0.0,0.0,0.0,-6.8949895,-7.52628284,-4.75011139,-40.48888612,-74.47011159,-39.57956759,75.09737816,48.80042051,-11.55562047,-24.99999983,6.23286772,-9.40719375,-1.84893072,0.0,12.84252072,-0.40606831,-0.53522573
1760625259.301,1.27847602,0.24805589,1.75936878,-0.00373376,0.98528825,-0.00354235,80.0,-7.0,0.0,80.0,1.3962634,0.0,0.0,0.0,80.0,-7.0,0.0,80.0,1.3962634,0.0,0.0,0.0,-6.45331623,-7.58121171,-3.55944576,-40.77609916,-74.66516732,-38.72703424,80.90801695,52.12351034,-12.57726824,-24.99999983,5.81718841,-9.32346026,-0.71052047,0.0,12.76430509,-0.35859651,-0.49174113
1760625259.335,1.30770651,0.24877596,1.78860734,-0.00720428,0.98522978,-0.00289962,80.0,-7.0,0.0,80.0,1.3962634,0.0,0.0,0.0,80.0,-7.0,0.0,80.0,1.3962634,0.0,0.0,0.0,-5.84091566,-7.57712422,-2.51060926,-40.17946725,-75.61921166,-36.79301627,87.1190435,56.1709448,-12.65574081,-24.99999983,5.2371227,-9.26442836,0.14472237,0.0,12.67540747,-0.3492276,-0.46104781
1760625259.368,1.30892974,0.23681893,1.85061868,-0.00763074,0.98481528,-0.00355048,80.0,-7.0,0.0,80.0,1.3962634,0.0,0.0,0.0,80.0,-7.0,0.0,80.0,1.3962634,0.0,0.0,0.0,-5.67049345,-7.47992521,-2.03920646,-38.9457058,-76.86977215,-35.28621531,90.87917827,58.84520332,-11.46761583,-24.99999983,5.06518474,-9.22904372,0.5250292,0.0,12.67200522,-0.37358929,-0.44714597
1760625259.402,1.31453713,0.216301,1.88742359,-0.00744147,0.98434067,-0.00380088,80.0,-7.0,0.0,80.0,1.3962634,0.0,0.0,0.0,80.0,-7.0,0.0,80.0,1.3962634,0.0,0.0,0.0,-5.72337678,-7.2579646,-1.91817741,-34.9962412,-79.0650615,-31.61692574,94.83042878,61.72051926,-9.22660679,-24.99999983,5.11190151,-9.15716656,0.67814495,0.0,12.52626603,-0.40696374,-0.46278991
1760625259.435,1.30256438,0.19832586,1.90282757,-0.00587055,0.9842296,-0.00427598,80.0,-7.0,0.0,80.0,1.3962634,0.0,0.0,0.0,80.0,-7.0,0.0,80.0,1.3962634,0.0,0.0,0.0,-5.79201795,-7.02698661,-1.73308902,-31.5237414,-80.80507268,-28.33122558,104.37378435,63.61890568,-11.80668189,-19.66734626,5.20752873,-9.05640704,0.7605017,0.0,12.55100953,-0.43970305,-0.47965276
1760625259.468,1.31364274,0.17969905,1.92360022,-0.00595338,0.9847663,-0.00451228,80.0,-7.0,0.0,80.0,1.3962634,0.0,0.0,0.0,80.0,-7.0,0.0,80.0,1.3962634,0.0,0.0,0.0,-5.66143617,-6.59242468,-1.30313887,-30.42120375,-82.73250465,-27.44624326,111.43975014,64.7328889,-12.41709116,-15.86749081,5.07633454,-8.70301279,1.01282222,0.0,12.64572468,-0.44960467,-0.45260818
1760625259.502,1.30923429,0.15282106,1.94079423,-0.00605473,0.98420097,-0.00544604,80.0,-7.0,0.0,80.0,1.3962634,0.0,0.0,0.0,80.0,-7.0,0.0,80.0,1.3962634,0.0,0.0,0.0,-5.67985294,-6.03351743,-0.51458462,-29.12830404,-84.88517255,-26.07562971,118.46994984,65.65553443,-12.7950621,-12.71004259,5.14203521,-8.19301864,1.77127989,0.0,12.51540433,-0.46935662,-0.45471343
1760625259.535,1.2691691,0.10608626,1.98300348,-0.00342992,0.98393393,-0.00783311,80.0,-7.0,0.0,80.0,1.3962634,0.0,0.0,0.0,80.0,-7.0,0.0,80.0,1.3962634,0.0,0.0,0.0,-5.70579102,-5.781083,-0.59365066,-15.15034875,-86.41833942,-11.92098915,124.39130841,66.05208956,-14.01099281,-9.83008592,5.13638897,-8.02218119,1.66446358,0.0,12.4805932,-0.42816039,-0.43214444
1760625259.569,1.25082661,0.06666638,1.99857308,-0.00216765,0.98297699,-0.00984879,80.0,-7.0,0.0,80.0,1.3962634,0.0,0.0,0.0,80.0,-7.0,0.0,80.0,1.3962634,0.0,0.0,0.0,-5.74739988,-5.40756553,0.15049145,-14.38461667,-87.52792428,-11.47915633,126.69760583,66.02494547,-13.20796008,-9.54214231,5.2523014,-7.62802468,2.31310232,0.0,12.45072206,-0.45725635,-0.39953321
1760625259.602,1.2494703,0.02107499,2.01609557,-0.00156195,0.98176513,-0.01126493,80.0,-7.0,0.0,80.0,1.3962634,0.0,0.0,0.0,80.0,-7.0,0.0,80.0,1.3962634,0.0,0.0,0.0,-5.89515945,-5.1188798,0.98131481,-13.8248178,-88.72938484,-11.81701424,128.03427951,65.43877802,-11.68045895,-10.1701458,5.44868971,-7.28737456,3.1016425,0.0,12.37801602,-0.46971432,-0.37613685
1760625259.636,1.24414238,0.00718416,2.03213726,-0.00296296,0.98087085,-0.01207259,80.0,-7.0,0.0,80.0,1.3962634,0.0,0.0,0.0,80.0,-7.0,0.0,80.0,1.3962634,0.0,0.0,0.0,-5.72956623,-4.95353714,1.41615414,-13.18342015,-89.51670401,-12.02900115,127.99891688,64.86216671,-10.06256687,-10.94220413,5.23640405,-7.08239977,3.49088689,0.0,12.38677854,-0.47010653,-0.36622438
1760625259.669,1.24502122,-0.01142571,2.02974469,-0.00372455,0.97931518,-0.01233803,80.0,-7.0,0.0,80.0,1.3962634,0.0,0.0,0.0,80.0,-7.0,0.0,80.0,1.3962634,0.0,0.0,0.0,-5.73913122,-4.70335422,1.66536615,-12.97786246,-90.16538689,-12.36892038,126.01743302,64.37156292,-7.65646156,-13.41135809,5.20057718,-6.79962276,3.6948544,0.0,12.37778926,-0.47297182,-0.34773397
1760625259.703,1.25317317,-0.01453772,2.01635424,-0.00433121,0.97723721,-0.0115094,80.0,-7.0,0.0,80.0,1.3962634,0.0,0.0,0.0,80.0,-7.0,0.0,80.0,1.3962634,0.0,0.0,0.0,-5.88222405,-4.58624359,1.81434921,-13.09857776,-90.73326024,-12.99918962,124.84309908,64.12749644,-5.84314111,-15.70180497,5.28850214,-6.62227467,3.77557166,0.0,12.35012172,-0.47624821,-0.32850559
1760625259.736,1.23642055,-0.02210325,2.02664921,-0.00514293,0.97644127,-0.00994317,80.0,-7.0,0.0,80.0,1.3962634,0.0,0.0,0.0,80.0,-7.0,0.0,80.0,1.3962634,0.0,0.0,0.0,-5.8729587,-4.79929631,0.01031308,-74.18464284,-92.3796316,-74.5421094,122.29049393,64.53410925,-3.81445981,-18.14627625,5.01312402,-6.9808296,1.89892366,0.0,12.39664375,-0.46563396,-0.32585964
1760625259.77,1.22977185,-0.01762436,2.03869701,-0.00609903,0.97558361,-0.00885331,80.0,-7.0,0.0,80.0,1.3962634,0.0,0.0,0.0,80.0,-7.0,0.0,80.0,1.3962634,0.0,0.0,0.0,-5.86280318,-4.88273832,-0.14451902,-73.67346516,-92.51443083,-74.60612422,121.87247345,64.76150157,-2.87440461,-18.83022178,4.90647128,-7.06066189,1.66742203,0.0,12.50014285,-0.47540849,-0.31418549
1760625259.803,1.19947389,-0.03945429,2.05858105,-0.00627761,0.97365678,-0.00922868,80.0,-7.0,0.0,80.0,1.3962634,0.0,0.0,0.0,80.0,-7.0,0.0,80.0,1.3962634,0.0,0.0,0.0,-5.89528966,-4.521503,-0.26391932,-60.86809493,-92.62064662,-62.90264823,119.72822621,64.18671374,-0.15825113,-20.51607175,4.82776307,-6.7537913,1.53381958,0.0,12.56540241,-0.48119253,-0.33195686
1760625259.837,1.16055164,-0.05558781,2.05271178,-0.00579534,0.97301942,-0.00849561,80.0,-7.0,0.0,80.0,1.3962634,0.0,0.0,0.0,80.0,-7.0,0.0,80.0,1.3962634,0.0,0.0,0.0,-5.94188793,-4.54575165,-0.4288964,-60.5632459,-92.57528411,-62.82760753,118.73451988,64.10434457,1.06503132,-21.32139723,4.80621374,-6.82745917,1.3852776,0.0,12.61011595,-0.51712334,-0.3410102
1760625259.87,1.17145634,-0.05733731,2.03348057,-0.00651265,0.97307696,-0.00860994,80.0,-7.0,0.0,80.0,1.3962634,0.0,0.0,0.0,80.0,-7.0,0.0,80.0,1.3962634,0.0,0.0,0.0,-6.06014148,-4.55590065,-0.50415061,-60.83664655,-92.35347375,-62.51982442,118.81065378,64.19080418,0.91830683,-21.59348285,4.85823674,-6.88643757,1.30232499,0.0,12.6685993,-0.5356417,-0.35326361
1760625259.903,1.13731501,-0.07531203,2.00999464,-0.00576423,0.97296794,-0.00891001,80.0,-7.0,0.0,80.0,1.3962634,0.0,0.0,0.0,80.0,-7.0,0.0,80.0,1.3962634,0.0,0.0,0.0,-6.10942326,-4.4812274,-0.31394612,-61.32792442,-91.69806233,-62.0221162,118.6072142,64.92729783,-0.04340063,-22.01323106,4.94987913,-6.86331095,1.45937704,0.0,12.72981565,-0.53534065,-0.37259057
1760625259.937,1.12841144,-0.07010382,1.99893712,-0.00479475,0.97337214,-0.008983,80.0,-7.0,0.0,80.0,1.3962634,0.0,0.0,0.0,80.0,-7.0,0.0,80.0,1.3962634,0.0,0.0,0.0,-6.14676577,-4.36926691,-0.14298157,-61.43254184,-91.03735015,-62.04131945,119.59051001,65.34135334,-1.58353033,-20.84471824,5.0433058,-6.76646898,1.64474295,0.0,12.76886589,-0.5429702,-0.38120448
1760625259.97,1.11581517,-0.07904971,1.98423135,-0.00349264,0.97347531,-0.00924445,80.0,-7.0,0.0,80.0,1.3962634,0.0,0.0,0.0,80.0,-7.0,0.0,80.0,1.3962634,0.0,0.0,0.0,-6.15945148,-4.26023837,0.05207444,-61.27281799,-90.24365211,-62.26762513,120.74437832,65.07808594,-3.11202195,-19.07869835,5.12713388,-6.67108243,1.91470436,0.0,12.73688498,-0.5449549,-0.38899696
1760625260.004,1.08581898,-0.05919486,1.96066652,-0.00275869,0.97388964,-0.00909057,80.0,-7.0,0.0,80.0,1.3962634,0.0,0.0,0.0,80.0,-7.0,0.0,80.0,1.3962634,0.0,0.0,0.0,-6.18285448,-4.2250274,0.29014583,-61.03684076,-89.07452735,-62.25756316,122.47835707,64.33796211,-5.97600833,-16.34887258,5.26865926,-6.59746832,2.33084612,0.0,12.68889566,-0.54204537,-0.37852745
1760625260.037,1.09004978,-0.08082627,1.94839205,0.00026371,0.97438836,-0.00862259,80.0,-7.0,0.0,80.0,1.3962634,0.0,0.0,0.0,80.0,-7.0,0.0,80.0,1.3962634,0.0,0.0,0.0,-6.28591628,-4.22310257,0.48165063,-60.91751369,-88.15679397,-61.7554932,124.81605429,64.11091144,-9.47349939,-13.48013519,5.44381258,-6.59410327,2.60264493,0.0,12.7113118,-0.53717953,-0.39259747
1760625260.071,1.11601922,-0.08747974,1.93459562,0.00112634,0.97614899,-0.00789415,80.0,-7.0,0.0,80.0,1.3962634,0.0,0.0,0.0,80.0,-7.0,0.0,80.0,1.3962634,0.0,0.0,0.0,-6.29151558,-4.31669861,0.83450988,-60.78327623,-87.04633719,-60.65759287,129.18337293,64.67045983,-14.65774093,-8.77130166,5.5048692,-6.6519227,3.06699034,0.0,12.7111718,-0.53467449,-0.40678035
1760625260.104,1.1259599,-0.09167381,1.92691584,0.00176504,0.97833272,-0.00625039,80.0,-7.0,0.0,80.0,1.3962634,0.0,0.0,0.0,80.0,-7.0,0.0,80.0,1.3962634,0.0,0.0,0.0,-6.20483771,-4.89413364,0.72367355,-49.57625598,-85.71762294,-47.83699615,132.90693875,66.04802568,-20.40208792,-3.26275252,5.44452622,-7.19198628,3.24629614,0.0,12.60721271,-0.51113391,-0.43377048
1760625260.138,1.17752318,-0.09511195,1.91125876,-0.00061257,0.97958161,-0.00593003,80.0,-7.0,0.0,80.0,1.3962634,0.0,0.0,0.0,80.0,-7.0,0.0,80.0,1.3962634,0.0,0.0,0.0,-6.16293091,-5.07734897,0.96423653,-49.87965185,-84.70405516,-46.79745724,135.99356048,67.63083533,-25.45100385,1.82668849,5.3988188,-7.33353981,3.52912287,0.0,12.64945089,-0.50469881,-0.43337518
1760625260.171,1.19254806,-0.10225705,1.91301741,-0.00126045,0.98082429,-0.00566487,80.0,-7.0,0.0,80.0,1.3962634,0.0,0.0,0.0,80.0,-7.0,0.0,80.0,1.3962634,0.0,0.0,0.0,-6.15161211,-5.25100207,1.0676991,-50.04004695,-83.76203942,-45.38474244,138.24445775,69.53008994,-30.43867895,6.63001566,5.42758599,-7.4352502,3.68675947,0.0,12.64028306,-0.50322355,-0.44171186
1760625260.204,1.23161096,-0.10033404,1.92413481,-0.00331513,0.98189232,-0.00490549,80.0,-7.0,0.0,80.0,1.3962634,0.0,0.0,0.0,80.0,-7.0,0.0,80.0,1.3962634,0.0,0.0,0.0,-6.23391488,-5.52569625,1.02547444,-50.55187839,-82.49600428,-43.60167805,139.904632,71.70355072,-36.88090515,11.98537858,5.51556171,-7.6061332,3.68133512,0.0,12.6579005,-0.49923993,-0.45612739
1760625260.238,1.22370316,-0.09616457,1.94189578,-0.00430274,0.98210016,-0.0046432,80.0,-7.0,0.0,80.0,1.3962634,0.0,0.0,0.0,80.0,-7.0,0.0,80.0,1.3962634,0.0,0.0,0.0,-6.18638694,-5.74125038,0.79127505,-51.22779823,-81.69824132,-43.12783548,137.95895365,70.83880116,-40.40432337,12.740329,5.45543097,-7.74232994,3.40839894,0.0,12.75403645,-0.48254145,-0.45009051
1760625260.271,1.27661411,-0.11470345,1.95517758,-0.00508331,0.98334832,-0.00473125,80.0,-7.0,0.0,80.0,1.3962634,0.0,0.0,0.0,80.0,-7.0,0.0,80.0,1.3962634,0.0,0.0,0.0,-6.22677282,-5.87399514,0.50819634,-52.57979325,-81.09648639,-44.33310256,133.73379999,67.51326099,-42.46139854,11.19282356,5.41928304,-7.8284421,3.09234722,0.0,12.84109358,-0.47606117,-0.46030778
1760625260.305,1.25902648,-0.12891059,1.96710542,-0.00416029,0.98449477,-0.00574982,80.0,-7.0,0.0,80.0,1.3962634,0.0,0.0,0.0,80.0,-7.0,0.0,80.0,1.3962634,0.0,0.0,0.0,-6.14141948,-6.04802023,0.12891197,-53.88865733,-80.5568179,-46.12043721,124.86616756,60.85365322,-42.79993073,6.82675151,5.3003277,-7.90381722,2.70161458,0.0,12.89641302,-0.47259822,-0.4834363
1760625260.338,1.2321932,-0.16033665,1.97716968,-0.00230625,0.98498908,-0.00781366,80.0,-7.0,0.0,80.0,1.3962634,0.0,0.0,0.0,80.0,-7.0,0.0,80.0,1.3962634,0.0,0.0,0.0,-6.05064288,-6.25834079,-0.2254565,-52.9405042,-80.34549235,-45.22509404,111.30524563,52.71814602,-38.42807743,-1.61446415,5.19855182,-8.07099239,2.28852335,0.0,12.94852306,-0.45335724,-0.47735348
1760625260.372,1.21949527,-0.17809427,1.95883825,-0.00117434,0.98549282,-0.00918379,80.0,-7.0,0.0,80.0,1.3962634,0.0,0.0,0.0,80.0,-7.0,0.0,80.0,1.3962634,0.0,0.0,0.0,-5.90000538,-6.59059356,-0.43485624,-49.82165677,-80.05380591,-41.56578211,97.4198631,44.93797844,-34.55429329,-7.52462126,5.01519522,-8.33916081,1.97066354,0.0,13.05570631,-0.44537154,-0.47580539
1760625260.405,1.21584151,-0.2018149,1.93976199,0.00153501,0.98493603,-0.00989034,80.0,-7.0,0.0,80.0,1.3962634,0.0,0.0,0.0,80.0,-7.0,0.0,80.0,1.3962634,0.0,0.0,0.0,-6.19661213,-6.92159243,-0.84906762,-44.48084685,-80.07211693,-36.38969589,86.11379285,39.71216258,-30.12448578,-10.87656634,5.3245439,-8.66186121,1.56480061,0.0,13.09182954,-0.44444485,-0.48502759
1760625260.439,1.21059812,-0.21282636,1.92741309,0.00234265,0.9837007,-0.01077837,80.0,-7.0,0.0,80.0,1.3962634,0.0,0.0,0.0,80.0,-7.0,0.0,80.0,1.3962634,0.0,0.0,0.0,-6.31290612,-7.2424076,-0.89558525,-40.86385329,-79.90545333,-33.34317172,73.00460811,34.97047973,-23.97668122,-13.26749291,5.47194991,-8.96562359,1.46321842,0.0,13.14009623,-0.4582339,-0.5020302
1760625260.472,1.22704348,-0.20281456,1.90765765,0.00231264,0.98212612,-0.01084462,80.0,-7.0,0.0,80.0,1.3962634,0.0,0.0,0.0,80.0,-7.0,0.0,80.0,1.3962634,0.0,0.0,0.0,-6.33578131,-7.46809382,-0.96608451,-36.67455563,-79.95562869,-30.72664979,62.33126107,31.53444588,-21.62927837,-11.23084528,5.51938082,-9.16046121,1.28156677,0.0,13.20574669,-0.43167757,-0.50216599
1760625260.539,1.2289459,-0.19311372,1.90442285,0.00333784,0.98133885,-0.01035624,80.0,-7.0,0.0,80.0,1.3962634,0.0,0.0,0.0,80.0,-7.0,0.0,80.0,1.3962634,0.0,0.0,0.0,-6.59535454,-7.5000907,-1.92376271,-24.90320383,-80.3796656,-22.02684217,40.48547009,29.46831577,-11.66226921,-8.65574396,5.86704567,-9.25781403,0.40300732,0.0,13.08630182,-0.43651421,-0.53290582
1760625260.572,1.25101214,-0.15532724,1.89577019,0.00340589,0.98091208,-0.00870391,80.0,-7.0,0.0,80.0,1.3962634,0.0,0.0,0.0,80.0,-7.0,0.0,80.0,1.3962634,0.0,0.0,0.0,-7.04203278,-7.44682549,-3.10809407,-15.57823431,-80.73709567,-15.32224434,26.52206756,29.85439894,-4.96685085,-6.43749357,6.38372118,-9.32392504,-0.8161211,0.0,13.11747268,-0.37645763,-0.51268802
1760625260.606,1.21949226,-0.1173664,1.92198243,0.00514104,0.98044502,-0.00634738,80.0,-7.0,0.0,80.0,1.3962634,0.0,0.0,0.0,80.0,-7.0,0.0,80.0,1.3962634,0.0,0.0,0.0,-7.42020124,-7.33880645,-3.68614654,-10.19107265,-80.69645429,-12.20245644,19.23123909,30.3960385,-2.46295574,-4.40814904,6.82793028,-9.27521525,-1.35890417,0.0,13.0717033,-0.38067209,-0.50235201
1760625260.639,1.18291907,-0.08393344,1.94676318,0.00636362,0.9805052,-0.00451152,80.0,-7.0,0.0,80.0,1.3962634,0.0,0.0,0.0,80.0,-7.0,0.0,80.0,1.3962634,0.0,0.0,0.0,-7.68446598,-7.27576638,-3.89060598,-7.69412064,-80.37374798,-11.7908809,16.6916697,30.51095233,-4.15830334,-1.72785891,7.13463713,-9.21611303,-1.55520424,0.0,13.02142569,-0.40065947,-0.50849308
1760625260.673,1.12000651,-0.03887345,1.96487552,0.00873536,0.98068929,-0.00301305,80.0,-7.0,0.0,80.0,1.3962634,0.0,0.0,0.0,80.0,-7.0,0.0,80.0,1.3962634,0.0,0.0,0.0,-8.08115515,-7.19228819,-4.20323574,-5.67128537,-79.92973384,-13.1421305,16.89052647,31.57216799,-9.30735753,2.12161071,7.60589015,-9.12456116,-1.8659197,0.0,13.03602176,-0.40672948,-0.50293184
1760625260.706,1.07589589,0.00541788,1.9774613,0.01031358,0.98058313,-0.00201379,80.0,-7.0,0.0,80.0,1.3962634,0.0,0.0,0.0,80.0,-7.0,0.0,80.0,1.3962634,0.0,0.0,0.0,-8.4577056,-7.09467229,-4.46719253,-4.47725418,-79.67329248,-14.42560054,17.72387397,32.78938457,-13.34919384,4.94353152,7.93843945,-9.01699367,-2.04562339,0.0,12.98557466,-0.42067165,-0.48935926
1760625260.74,1.02567282,0.04558348,2.00173882,0.01212974,0.97997528,-0.00084365,80.0,-7.0,0.0,80.0,1.3962634,0.0,0.0,0.0,80.0,-7.0,0.0,80.0,1.3962634,0.0,0.0,0.0,-8.86934024,-6.900725,-4.80110469,-3.60298122,-79.47820514,-15.48702686,18.85750547,33.55679065,-17.2258608,7.57296078,8.33748599,-8.79787505,-2.26232068,0.0,12.94282359,-0.43739859,-0.48915486
1760625260.773,1.00070373,0.07526724,1.95421282,0.01292494,0.97929986,-0.0002724,80.0,-7.0,0.0,80.0,1.3962634,0.0,0.0,0.0,80.0,-7.0,0.0,80.0,1.3962634,0.0,0.0,0.0,-9.17881148,-6.74469725,-5.08788379,-3.5360306,-79.22643177,-17.04495444,20.85737617,33.77703198,-22.06603472,10.76285533,8.56646145,-8.64100354,-2.51164008,0.0,12.91502934,-0.42446143,-0.4675885
1760625260.806,1.02096547,0.09222954,1.90808843,0.01148953,0.97867015,-0.0002908,80.0,-7.0,0.0,80.0,1.3962634,0.0,0.0,0.0,80.0,-7.0,0.0,80.0,1.3962634,0.0,0.0,0.0,-9.22213007,-6.60978197,-4.76344123,-6.83838357,-79.00965435,-21.17163364,22.48767702,33.17535465,-25.51262738,12.45250224,8.56388675,-8.43816878,-2.19700701,0.0,12.93801767,-0.40929439,-0.45210908
1760625260.84,1.0261518,0.09943168,1.86075072,0.01064402,0.97817607,-0.000655,80.0,-7.0,0.0,80.0,1.3962634,0.0,0.0,0.0,80.0,-7.0,0.0,80.0,1.3962634,0.0,0.0,0.0,-9.23119115,-6.54345246,-4.59699165,-9.41801465,-78.72115184,-24.71972597,25.03427167,33.34492512,-29.54407893,14.34137643,8.52674294,-8.34540288,-1.9986876,0.0,12.93369293,-0.41309593,-0.4613268
1760625260.873,1.02729939,0.1099284,1.79677451,0.01109182,0.97778402,-0.00084038,80.0,-7.0,0.0,80.0,1.3962634,0.0,0.0,0.0,80.0,-7.0,0.0,80.0,1.3962634,0.0,0.0,0.0,-9.46322775,-6.44462166,-4.72512415,-11.53793094,-78.34148026,-28.35739633,26.6954934,33.95285655,-32.43686671,15.84865551,8.73684331,-8.30969558,-2.13601887,0.0,13.04093629,-0.40350999,-0.44934073
1760625260.907,1.02063363,0.10402038,1.7636596,0.01024565,0.97764968,5.658e-05,80.0,-7.0,0.0,80.0,1.3962634,0.0,0.0,0.0,80.0,-7.0,0.0,80.0,1.3962634,0.0,0.0,0.0,-9.38231938,-6.36567991,-4.89794556,-13.30842539,-78.04385629,-30.43040385,24.68741073,33.19091114,-30.88991664,15.01550149,8.63223914,-8.30629127,-2.3829781,0.0,13.16152157,-0.40939566,-0.46357238
1760625260.94,1.01571955,0.10212473,1.72468836,0.0100774,0.97695167,0.00055635,80.0,-7.0,0.0,80.0,1.3962634,0.0,0.0,0.0,80.0,-7.0,0.0,80.0,1.3962634,0.0,0.0,0.0,-9.44168861,-6.25515367,-5.26372922,-13.90949874,-77.78975068,-30.70308998,22.60973627,31.67092935,-28.96746466,13.68828207,8.65752572,-8.32281266,-2.78886585,0.0,13.27307838,-0.42712085,-0.47884076
1760625260.974,1.02741806,0.11067227,1.67937051,0.00890551,0.97667164,0.00070289,80.0,-7.0,0.0,80.0,1.3962634,0.0,0.0,0.0,80.0,-7.0,0.0,80.0,1.3962634,0.0,0.0,0.0,-9.28184374,-6.14439064,-5.21774363,-16.79426022,-77.43128497,-32.8864185,20.30415969,30.1163617,-26.61062691,12.31842619,8.48327707,-8.26785916,-2.73787021,0.0,13.3268393,-0.43273155,-0.50148847
1760625261.007,1.01246577,0.08862501,1.61948593,0.00883145,0.9762617,0.00084174,80.0,-7.0,0.0,80.0,1.3962634,0.0,0.0,0.0,80.0,-7.0,0.0,80.0,1.3962634,0.0,0.0,0.0,-9.14190765,-6.05943556,-5.37952467,-17.21319079,-77.25006574,-33.12432754,18.66840904,29.38713063,-24.98292894,11.44676941,8.36236012,-8.29401719,-2.91083914,0.0,13.35203584,-0.43275127,-0.52281337
1760625261.041,1.02456021,0.10006538,1.6262055,0.00881185,0.97568302,0.00078386,80.0,-7.0,0.0,80.0,1.3962634,0.0,0.0,0.0,80.0,-7.0,0.0,80.0,1.3962634,0.0,0.0,0.0,-9.14755022,-5.91341708,-5.37813065,-18.5443173,-77.11306626,-34.91959877,17.92717992,29.20646306,-24.21366438,11.01094578,8.43399679,-8.20866621,-2.90871787,0.0,13.38775947,-0.42703467,-0.53243571
1760625261.074,1.04650249,0.08725079,1.62309285,0.00843122,0.97510975,0.00067844,80.0,-7.0,0.0,80.0,1.3962634,0.0,0.0,0.0,80.0,-7.0,0.0,80.0,1.3962634,0.0,0.0,0.0,-9.12235755,-5.75035028,-5.30817564,-19.65004453,-77.00266448,-36.92759933,18.03191307,29.44677695,-24.49581494,11.01193532,8.48764322,-8.14732099,-2.94077842,0.0,13.49624389,-0.4209279,-0.53169649
1760625261.108,1.0683967,0.08616647,1.63185933,0.00854412,0.97488652,0.00051463,80.0,-7.0,0.0,80.0,1.3962634,0.0,0.0,0.0,80.0,-7.0,0.0,80.0,1.3962634,0.0,0.0,0.0,-9.24691518,-5.68201463,-5.42239203,-19.43979012,-76.95868404,-37.2521073,18.02689147,29.36064805,-24.65843251,10.9157867,8.63409979,-8.16870053,-3.01052053,0.0,13.51459364,-0.42711282,-0.54567249
1760625261.141,1.08763768,0.08714198,1.64155667,0.00893496,0.97511851,0.00044133,80.0,-7.0,0.0,80.0,1.3962634,0.0,0.0,0.0,80.0,-7.0,0.0,80.0,1.3962634,0.0,0.0,0.0,-9.39269871,-5.61345164,-5.50483167,-19.4475961,-76.93159461,-37.42731846,18.18636516,29.05068597,-24.85085721,10.82254209,8.8039225,-8.17655521,-3.00756028,0.0,13.48865472,-0.42338294,-0.55579964
1760625261.175,1.06034493,0.10093964,1.65352225,0.00905455,0.97457498,0.00019287,80.0,-7.0,0.0,80.0,1.3962634,0.0,0.0,0.0,80.0,-7.0,0.0,80.0,1.3962634,0.0,0.0,0.0,-9.4581036,-5.52944181,-5.51988226,-19.610803,-76.88760083,-37.27860972,18.23346767,28.3353967,-24.93990564,10.56521085,8.93466901,-8.14186368,-2.98755065,0.0,13.5377289,-0.41635606,-0.55914992
1760625261.208,1.08837406,0.07355019,1.70724707,0.00962855,0.97419393,0.00044896,80.0,-7.0,0.0,80.0,1.3962634,0.0,0.0,0.0,80.0,-7.0,0.0,80.0,1.3962634,0.0,0.0,0.0,-9.45626529,-5.47664996,-5.58170497,-19.7114653,-76.8410462,-37.27604825,18.24881781,28.13345778,-24.91809929,10.44647807,8.89439156,-8.14639813,-3.00147178,0.0,13.55964777,-0.41210137,-0.57188479
1760625261.241,1.08177347,0.08232247,1.71082986,0.00989981,0.97429202,0.00053478,80.0,-7.0,0.0,80.0,1.3962634,0.0,0.0,0.0,80.0,-7.0,0.0,80.0,1.3962634,0.0,0.0,0.0,-9.4563592,-5.46707982,-5.58867214,-19.7082495,-76.81222529,-37.29725155,18.30006484,28.1364551,-24.87046514,10.40713295,8.89117614,-8.13502113,-3.00694349,0.0,13.57839323,-0.41548973,-0.56888108
1760625261.275,1.08869424,0.08998609,1.74469291,0.00980707,0.97432299,0.00044841,80.0,-7.0,0.0,80.0,1.3962634,0.0,0.0,0.0,80.0,-7.0,0.0,80.0,1.3962634,0.0,0.0,0.0,-9.43933399,-5.44837395,-5.57355744,-19.65529696,-76.76051713,-37.3624533,18.33649697,28.12279599,-24.86785317,10.33833647,8.85878408,-8.08764167,-2.96739272,0.0,13.57320231,-0.41806605,-0.5697916
1760625261.308,1.10426454,0.07033045,1.76573093,0.00967095,0.97445105,0.0002783,80.0,-7.0,0.0,80.0,1.3962634,0.0,0.0,0.0,80.0,-7.0,0.0,80.0,1.3962634,0.0,0.0,0.0,-9.51813012,-5.42972562,-5.55610899,-19.63481133,-76.68792614,-37.48343076,18.48807185,28.02131345,-24.88577189,10.26557179,8.93113635,-8.09652954,-2.98580038,0.0,13.64141891,-0.41357036,-0.59123795
1760625261.342,1.10930961,0.0902415,1.78693963,0.00968274,0.97447198,-7.345e-05,80.0,-7.0,0.0,80.0,1.3962634,0.0,0.0,0.0,80.0,-7.0,0.0,80.0,1.3962634,0.0,0.0,0.0,-9.53956674,-5.38887256,-5.47374026,-19.71446131,-76.63426103,-37.35930445,18.57723089,27.61431498,-24.90995294,10.08286892,8.99397709,-7.99255468,-2.97873541,0.0,13.64683935,-0.41200276,-0.58020772
1760625261.375,1.12502434,0.04489385,1.77679212,0.01012193,0.97445049,-0.00030544,80.0,-7.0,0.0,80.0,1.3962634,0.0,0.0,0.0,80.0,-7.0,0.0,80.0,1.3962634,0.0,0.0,0.0,-9.49928308,-5.30328939,-5.3585458,-19.72225482,-76.58115302,-37.12651979,18.62616749,27.23101888,-24.96076591,9.91572949,8.97330996,-7.91182642,-2.89886189,0.0,13.6225262,-0.41171253,-0.57361832
1760625261.409,1.11562872,0.06147711,1.82230697,0.00984281,0.97447146,-0.0002659,80.0,-7.0,0.0,80.0,1.3962634,0.0,0.0,0.0,80.0,-7.0,0.0,80.0,1.3962634,0.0,0.0,0.0,-9.50981945,-5.32689198,-5.51708257,-18.48302101,-76.43118916,-35.70952613,18.56205538,26.70950529,-24.92170818,9.59015778,8.98763908,-7.92858385,-2.98782864,0.0,13.57687762,-0.3947065,-0.56244831
1760625261.442,1.09199735,0.03969604,1.87479363,0.01077814,0.97479317,-0.00034408,80.0,-7.0,0.0,80.0,1.3962634,0.0,0.0,0.0,80.0,-7.0,0.0,80.0,1.3962634,0.0,0.0,0.0,-9.39710284,-5.32295557,-5.47269789,-17.58329087,-75.92866649,-34.79960877,18.91103093,25.96136188,-25.19538342,9.12450904,8.94293744,-7.90546611,-2.97229915,0.0,13.55227157,-0.38650543,-0.56328536
1760625261.476,1.07946047,0.01839562,1.89689547,0.01173915,0.97506159,-0.00053057,80.0,-7.0,0.0,80.0,1.3962634,0.0,0.0,0.0,80.0,-7.0,0.0,80.0,1.3962634,0.0,0.0,0.0,-9.32657669,-5.30010329,-5.43508025,-16.49346845,-75.35572884,-34.11439413,18.93146654,25.64615039,-25.09798708,8.74526719,8.90770526,-7.88980725,-3.03509903,0.0,13.60881539,-0.38102557,-0.56354881
1760625261.509,1.07074905,0.00857772,1.91492685,0.01241152,0.97541575,-0.0002776,80.0,-7.0,0.0,80.0,1.3962634,0.0,0.0,0.0,80.0,-7.0,0.0,80.0,1.3962634,0.0,0.0,0.0,-9.23815356,-5.30139439,-5.4362476,-15.11252781,-74.65015537,-33.01305379,19.20448229,25.0539721,-25.1875058,8.45827768,8.83417575,-7.90147388,-3.07480605,0.0,13.60594733,-0.37871151,-0.5625951
1760625261.542,1.05393159,0.00916404,1.92591625,0.01393605,0.97598747,0.00044106,80.0,-7.0,0.0,80.0,1.3962634,0.0,0.0,0.0,80.0,-7.0,0.0,80.0,1.3962634,0.0,0.0,0.0,-9.10059301,-5.34130171,-5.37599287,-12.95094384,-73.36281609,-31.3212073,19.67027546,23.65125899,-25.56595487,7.86398207,8.72263767,-7.94758912,-3.08072617,0.0,13.61846825,-0.39167007,-0.57717652
1760625261.576,1.05401775,-0.00341929,1.91859759,0.01453438,0.97619053,0.00075535,80.0,-7.0,0.0,80.0,1.3962634,0.0,0.0,0.0,80.0,-7.0,0.0,80.0,1.3962634,0.0,0.0,0.0,-9.03936102,-5.28211103,-5.2691104,-11.59407498,-72.27323317,-30.82162498,20.73914659,23.08046665,-26.53098477,7.84999388,8.69358192,-7.91178645,-3.08574618,0.0,13.64270147,-0.38883799,-0.57220137
1760625261.609,1.07572479,-0.02718634,1.91613449,0.0125967,0.97651605,7.466e-05,80.0,-7.0,0.0,80.0,1.3962634,0.0,0.0,0.0,80.0,-7.0,0.0,80.0,1.3962634,0.0,0.0,0.0,-9.02865038,-5.20009802,-5.23163789,-9.6907383,-70.97818752,-29.7675715,21.59973694,22.17990583,-27.43897431,7.55859489,8.69830708,-7.86741324,-3.20951935,0.0,13.70322556,-0.37888621,-0.58002015
1760625261.643,1.09350629,-0.05658876,1.91836747,0.01096858,0.97707336,-0.00061566,80.0,-7.0,0.0,80.0,1.3962634,0.0,0.0,0.0,80.0,-7.0,0.0,80.0,1.3962634,0.0,0.0,0.0,-9.00212617,-5.07785628,-5.25242253,-7.59275605,-69.0380351,-28.91130504,22.61038118,21.29190122,-28.21167952,7.52859679,8.70768235,-7.80528077,-3.40160255,0.0,13.74662551,-0.37180788,-0.57287043
1760625261.676,1.11291414,-0.06779484,1.94110171,0.00963479,0.97645199,-0.00154327,80.0,-7.0,0.0,80.0,1.3962634,0.0,0.0,0.0,80.0,-7.0,0.0,80.0,1.3962634,0.0,0.0,0.0,-8.9331887,-4.87919663,-5.11316735,-6.5807041,-67.4445237,-28.29094054,23.60484583,20.1724218,-29.21195461,7.36400289,8.67707492,-7.62517982,-3.46827038,0.0,13.77706378,-0.35800865,-0.5675565
1760625261.71,1.13394089,-0.08110468,1.94048713,0.00830018,0.97549204,-0.00202212,80.0,-7.0,0.0,80.0,1.3962634,0.0,0.0,0.0,80.0,-7.0,0.0,80.0,1.3962634,0.0,0.0,0.0,-8.98158137,-4.61835085,-5.02485645,-5.4069173,-65.82398869,-27.379937,24.11575541,19.03132796,-29.82496995,7.16069042,8.7500208,-7.42467795,-3.58920649,0.0,13.83399328,-0.35890726,-0.56214703
1760625261.743,1.13210111,-0.08340534,1.96163274,0.00764133,0.97523777,-0.00208248,80.0,-7.0,0.0,80.0,1.3962634,0.0,0.0,0.0,80.0,-7.0,0.0,80.0,1.3962634,0.0,0.0,0.0,-8.83156081,-4.50306317,-4.89611097,-4.5957388,-63.34675114,-26.99808723,24.49542834,18.3597748,-29.96057269,7.23698603,8.60006784,-7.3605786,-3.59249695,0.0,13.79943344,-0.3678148,-0.57762535
1760625261.777,1.13201839,-0.07257835,1.96353478,0.00778845,0.97392642,-0.00212049,80.0,-7.0,0.0,80.0,1.3962634,0.0,0.0,0.0,80.0,-7.0,0.0,80.0,1.3962634,0.0,0.0,0.0,-8.67124182,-4.33450085,-4.64762344,-4.20161862,-61.41274153,-26.6362223,25.15829985,17.41490135,-30.50981841,6.89584759,8.41956234,-7.21587252,-3.53014053,0.0,13.87077395,-0.35607187,-0.5652925
1760625261.81,1.12144931,-0.04931855,1.98425868,0.00961237,0.97193206,-0.00187934,80.0,-7.0,0.0,80.0,1.3962634,0.0,0.0,0.0,80.0,-7.0,0.0,80.0,1.3962634,0.0,0.0,0.0,-8.72935405,-4.05051618,-4.36555587,-3.79941436,-59.55200723,-26.48022658,25.96537347,16.68213607,-31.11480142,6.78239047,8.48836041,-6.95090673,-3.32151747,0.0,13.84124171,-0.37333465,-0.58553829
1760625261.844,1.10583865,-0.02936696,1.9965834,0.00946271,0.97143671,-0.00163282,80.0,-7.0,0.0,80.0,1.3962634,0.0,0.0,0.0,80.0,-7.0,0.0,80.0,1.3962634,0.0,0.0,0.0,-8.61697059,-3.90393354,-4.26882339,-3.10541567,-56.86427623,-25.07120559,25.68749542,15.34867111,-30.60241984,6.45487942,8.31638812,-6.85055559,-3.41980854,0.0,13.8782197,-0.41740025,-0.60891197
1760625261.877,1.10304065,-0.02246804,2.01559075,0.01010433,0.97029239,-0.00236897,80.0,-7.0,0.0,80.0,1.3962634,0.0,0.0,0.0,80.0,-7.0,0.0,80.0,1.3962634,0.0,0.0,0.0,-8.63496791,-3.66634825,-4.14595852,-2.51443532,-54.89233145,-23.87289632,24.24383285,14.0900087,-29.11649911,5.9273771,8.30608274,-6.64350567,-3.51934678,0.0,13.98639623,-0.3944744,-0.57781019
1760625261.91,1.0885018,-0.01966127,2.02606205,0.00829776,0.96852619,-0.00350259,80.0,-7.0,0.0,80.0,1.3962634,0.0,0.0,0.0,80.0,-7.0,0.0,80.0,1.3962634,0.0,0.0,0.0,-8.14487157,-3.44332516,-3.66720222,-3.04015269,-52.94148043,-23.60424363,23.211233,13.62164449,-27.78550805,6.00797099,7.694692,-6.3588626,-3.2127532,0.0,14.06706359,-0.43340944,-0.60739752
1760625261.944,1.10036615,-0.00534196,2.0715021,0.0053057,0.96765347,-0.00370578,80.0,-7.0,0.0,80.0,1.3962634,0.0,0.0,0.0,80.0,-7.0,0.0,80.0,1.3962634,0.0,0.0,0.0,-7.49350957,-3.25897191,-3.2889971,-3.45864781,-50.02852778,-21.98853126,22.43726708,12.08935207,-26.51959643,5.28001067,6.85058364,-6.07735858,-2.9662147,0.0,14.06179877,-0.42129893,-0.60465537
1760625261.977,1.08805847,-0.00632958,2.08615614,0.00375506,0.9653189,-0.00550023,80.0,-7.0,0.0,80.0,1.3962634,0.0,0.0,0.0,80.0,-7.0,0.0,80.0,1.3962634,0.0,0.0,0.0,-7.08422159,-2.87548144,-2.75832025,-3.85821099,-48.13697884,-21.38673662,22.03052889,11.83908666,-25.82978973,5.31042272,6.30801191,-5.60128516,-2.56964974,0.0,14.15475595,-0.42748675,-0.57271678
1760625262.011,1.04205822,0.00434106,2.10900338,0.00653019,0.96382226,-0.00729463,80.0,-7.0,0.0,80.0,1.3962634,0.0,0.0,0.0,80.0,-7.0,0.0,80.0,1.3962634,0.0,0.0,0.0,-6.88545756,-2.6565484,-2.77973912,-3.70449926,-46.18591744,-19.8468123,22.0121084,11.44060508,-25.06446978,5.39950417,6.04810799,-5.3608127,-2.54019138,0.0,14.10710249,-0.40813939,-0.57467407
1760625262.044,1.03130603,0.01298013,2.18520501,0.00800768,0.96278898,-0.00800984,80.0,-7.0,0.0,80.0,1.3962634,0.0,0.0,0.0,80.0,-7.0,0.0,80.0,1.3962634,0.0,0.0,0.0,-6.84782389,-2.37293664,-2.62947215,-3.24525075,-43.4771662,-17.5901024,21.37107109,9.78599597,-23.85624973,4.59503543,5.91498465,-5.03383708,-2.42048239,0.0,14.14127509,-0.37966358,-0.53954174
1760625262.078,1.01426196,0.02129204,2.19770314,0.00672632,0.96178317,-0.00897697,80.0,-7.0,0.0,80.0,1.3962634,0.0,0.0,0.0,80.0,-7.0,0.0,80.0,1.3962634,0.0,0.0,0.0,-6.02156648,-2.13258385,-2.30918744,-3.91908952,-41.66789027,-16.79113873,20.89167822,9.72086933,-22.75853981,4.6978115,5.06242164,-4.72570754,-2.08184853,0.0,14.06780385,-0.34028759,-0.52024524
1760625262.111,1.00812672,0.03129018,2.26820853,0.00781509,0.96185899,-0.00945743,80.0,-7.0,0.0,80.0,1.3962634,0.0,0.0,0.0,80.0,-7.0,0.0,80.0,1.3962634,0.0,0.0,0.0,-6.29541331,-1.84831632,-2.2609719,-3.28643916,-39.86257412,-15.515375,21.40440963,9.44881188,-22.62541306,4.65099721,5.34017359,-4.44363673,-1.93539326,0.0,14.03312644,-0.32031582,-0.53020362
1760625262.145,0.9910321,0.04490534,2.30931797,0.00851617,0.96236902,-0.00926401,80.0,-7.0,0.0,80.0,1.3962634,0.0,0.0,0.0,80.0,-7.0,0.0,80.0,1.3962634,0.0,0.0,0.0,-6.34371575,-1.5456619,-2.23840311,-2.81378236,-37.50829991,-13.55376105,21.54683479,8.57631047,-22.07329733,4.33384768,5.42003522,-4.14903787,-1.95156429,0.0,14.05906681,-0.28855456,-0.48612301
1760625262.178,0.96100475,0.07068335,2.35270083,0.01365775,0.96214322,-0.00877298,80.0,-7.0,0.0,80.0,1.3962634,0.0,0.0,0.0,80.0,-7.0,0.0,80.0,1.3962634,0.0,0.0,0.0,-7.54041507,-1.19368046,-2.31589693,-1.2404586,-35.78118679,-12.12251284,22.53176753,8.14098155,-22.3846028,4.01223411,6.79761959,-3.81828597,-1.90954702,0.0,13.90549708,-0.24916732,-0.50066934
1760625262.212,0.98064486,0.12223433,2.37649908,0.01489705,0.96165352,-0.0082287,80.0,-7.0,0.0,80.0,1.3962634,0.0,0.0,0.0,80.0,-7.0,0.0,80.0,1.3962634,0.0,0.0,0.0,-8.01089609,-0.94295685,-2.12201115,-0.50246022,-33.39223786,-10.24362092,23.00938516,6.84274774,-21.74271753,3.40092528,7.35439201,-3.54688792,-1.80577903,0.0,13.88323583,-0.21778498,-0.48648258
1760625262.245,0.9859534,0.09928761,2.44548334,0.01574792,0.96002539,-0.00925106,80.0,-7.0,0.0,80.0,1.3962634,0.0,0.0,0.0,80.0,-7.0,0.0,80.0,1.3962634,0.0,0.0,0.0,-8.13338206,-0.58638646,-1.97164058,0.02246945,-31.61702637,-9.10460687,22.48772949,5.55114132,-20.56457912,2.60544741,7.50016831,-3.22035112,-1.70331572,0.0,13.84477829,-0.19261118,-0.46837485
1760625262.278,0.98337459,0.13331191,2.46418986,0.01754593,0.95833164,-0.0098796,80.0,-7.0,0.0,80.0,1.3962634,0.0,0.0,0.0,80.0,-7.0,0.0,80.0,1.3962634,0.0,0.0,0.0,-8.19789112,-0.4191217,-1.93661874,0.57796915,-29.81036925,-8.51265166,22.72517329,5.436787,-20.4053627,2.53314256,7.58544998,-3.04178133,-1.66129865,0.0,13.79552305,-0.21435625,-0.50215932
1760625262.312,0.98533018,0.13541259,2.52710793,0.01755768,0.95792307,-0.00950444,80.0,-7.0,0.0,80.0,1.3962634,0.0,0.0,0.0,80.0,-7.0,0.0,80.0,1.3962634,0.0,0.0,0.0,-7.86628458,-0.30120729,-2.02080934,0.67260572,-27.4109893,-7.70455896,21.50846066,5.68796099,-18.37425538,2.89982381,7.22093765,-2.96489233,-1.73585744,0.0,13.77556713,-0.21408003,-0.50548746
1760625262.345,0.99583053,0.14226914,2.55850003,0.01728303,0.95747087,-0.00930788,80.0,-7.0,0.0,80.0,1.3962634,0.0,0.0,0.0,80.0,-7.0,0.0,80.0,1.3962634,0.0,0.0,0.0,-7.76224354,-0.21438721,-1.95787817,0.86936118,-25.47274068,-6.49901381,20.4717094,4.86775658,-16.76397945,2.52357911,7.09502616,-2.87015003,-1.74589411,0.0,13.79329064,-0.16637918,-0.47577403
1760625262.379,0.9969267,0.15890601,2.56633306,0.01399258,0.95583264,-0.00883625,80.0,-7.0,0.0,80.0,1.3962634,0.0,0.0,0.0,80.0,-7.0,0.0,80.0,1.3962634,0.0,0.0,0.0,-7.03213395,-0.192744,-1.21616208,0.36549115,-23.63650506,-5.61662321,18.92785592,3.54481264,-14.87346346,2.19606868,6.22418476,-2.7497061,-1.12682619,0.0,13.85750709,-0.1769757,-0.45299983
1760625262.412,0.99869602,0.16317715,2.59199516,0.01361535,0.95625687,-0.00887983,80.0,-7.0,0.0,80.0,1.3962634,0.0,0.0,0.0,80.0,-7.0,0.0,80.0,1.3962634,0.0,0.0,0.0,-6.92916076,-0.22540914,-1.20787257,0.79912034,-21.16340763,-3.91856668,17.09184638,2.91510437,-12.42994375,2.35789533,6.08645926,-2.78186507,-1.15877286,0.0,13.88092392,-0.17656071,-0.48883125
1760625262.446,1.00601432,0.1563598,2.60948761,0.01291906,0.95617721,-0.00977311,80.0,-7.0,0.0,80.0,1.3962634,0.0,0.0,0.0,80.0,-7.0,0.0,80.0,1.3962634,0.0,0.0,0.0,-6.82307878,-0.2335188,-1.15822562,1.12328509,-19.19121977,-2.84051165,15.73911495,2.36898585,-10.54141282,2.1164214,5.91817191,-2.76420836,-1.11799581,0.0,13.90386325,-0.16366873,-0.50959646
1760625262.479,1.00443088,0.15035498,2.62761339,0.01080476,0.95613908,-0.01029685,80.0,-7.0,0.0,80.0,1.3962634,0.0,0.0,0.0,80.0,-7.0,0.0,80.0,1.3962634,0.0,0.0,0.0,-6.52975283,-0.26127521,-1.0790961,1.27067409,-17.43514878,-1.92187162,14.6763555,1.83391508,-9.09429195,2.1206724,5.54243468,-2.75759426,-1.05387036,0.0,13.91858897,-0.15656064,-0.48512188
1760625262.513,1.0057333,0.15004388,2.63035315,0.01112898,0.9565736,-0.00976121,80.0,-7.0,0.0,80.0,1.3962634,0.0,0.0,0.0,80.0,-7.0,0.0,80.0,1.3962634,0.0,0.0,0.0,-6.39951254,-0.2350232,-1.17850053,1.62102571,-15.25243142,-0.40247587,12.72998587,1.87831353,-6.52435923,2.45113409,5.40490342,-2.67496069,-1.18343704,0.0,13.9120275,-0.17076024,-0.52032082
1760625262.546,1.00636207,0.14295127,2.62733051,0.01009852,0.95610935,-0.01029325,80.0,-7.0,0.0,80.0,1.3962634,0.0,0.0,0.0,80.0,-7.0,0.0,80.0,1.3962634,0.0,0.0,0.0,-6.33382828,-0.22894839,-1.10411145,1.84093699,-13.7116797,1.01847324,11.55745633,1.09613144,-4.76534528,2.38499382,5.30838316,-2.58005665,-1.11634448,0.0,13.91213078,-0.16711791,-0.48917092
1760625262.579,1.01669496,0.12193595,2.59819326,0.0063785,0.95493866,-0.01163242,80.0,-7.0,0.0,80.0,1.3962634,0.0,0.0,0.0,80.0,-7.0,0.0,80.0,1.3962634,0.0,0.0,0.0,-5.68251256,-0.12701528,-0.8081817,1.43559057,-12.50673436,1.71379011,9.61102358,0.69083275,-2.44447375,2.77621711,4.56508763,-2.3718219,-0.84821046,0.0,13.87682762,-0.15522887,-0.46398833
1760625262.613,1.04069462,0.10312745,2.56594263,0.00563586,0.95499404,-0.01210766,80.0,-7.0,0.0,80.0,1.3962634,0.0,0.0,0.0,80.0,-7.0,0.0,80.0,1.3962634,0.0,0.0,0.0,-5.69715338,-0.0359356,-0.97011834,1.95030098,-11.26079409,2.39672894,8.69190926,0.98828873,-1.36735113,3.33234282,4.5479224,-2.20223853,-0.99491024,0.0,13.97888804,-0.15608824,-0.46707918
1760625262.646,1.07214124,0.08861919,2.51843855,0.00468476,0.95523582,-0.01193735,80.0,-7.0,0.0,80.0,1.3962634,0.0,0.0,0.0,80.0,-7.0,0.0,80.0,1.3962634,0.0,0.0,0.0,-5.75052494,-0.00085513,-1.0292614,2.28837722,-10.33279255,3.21449001,7.77919798,0.93867684,-0.35549938,3.48135479,4.56078027,-2.12519516,-0.86984971,0.0,13.85326696,-0.12976798,-0.44910555
1760625262.68,1.09802656,0.0734356,2.45872248,0.00472429,0.95448836,-0.01259765,80.0,-7.0,0.0,80.0,1.3962634,0.0,0.0,0.0,80.0,-7.0,0.0,80.0,1.3962634,0.0,0.0,0.0,-6.07502002,0.18174084,-0.94368782,2.79771183,-9.69484091,3.75152738,7.91354127,1.21528711,-0.35145592,3.4308984,4.88881881,-1.89168701,-0.68353241,0.0,13.77095168,-0.10263085,-0.45342983
1760625262.713,1.10568358,0.04240721,2.4089249,0.0044281,0.95477146,-0.01234083,80.0,-7.0,0.0,80.0,1.3962634,0.0,0.0,0.0,80.0,-7.0,0.0,80.0,1.3962634,0.0,0.0,0.0,-6.25740646,0.21614978,-0.95221528,3.25223001,-8.92811909,3.93189549,8.09489833,1.75035083,-0.26036133,3.24974004,5.134988,-1.85820356,-0.5992157,0.0,13.80327664,-0.08701933,-0.47828141
1760625262.747,1.11614316,0.01519417,2.37437781,0.00454643,0.95477392,-0.01216435,80.0,-7.0,0.0,80.0,1.3962634,0.0,0.0,0.0,80.0,-7.0,0.0,80.0,1.3962634,0.0,0.0,0.0,-6.31123138,0.19673576,-0.9596686,3.50045661,-8.43616652,4.07680645,8.20862747,2.27120029,-0.2660658,3.13590416,5.22802191,-1.88146193,-0.47294085,0.0,13.74684345,-0.0781583,-0.49563376
1760625262.78,1.12344147,-0.03192441,2.33332908,0.00410466,0.95419486,-0.01263239,80.0,-7.0,0.0,80.0,1.3962634,0.0,0.0,0.0,80.0,-7.0,0.0,80.0,1.3962634,0.0,0.0,0.0,-6.22419863,0.2679467,-0.91528007,3.57611612,-8.1343576,4.44614654,8.22413315,2.51233586,-0.23692071,3.00661304,5.16904658,-1.82496309,-0.29268082,0.0,13.66960589,-0.10257633,-0.51762209
1760625262.813,1.13730734,-0.0340529,2.3330647,0.00385644,0.95415585,-0.01241226,80.0,-7.0,0.0,80.0,1.3962634,0.0,0.0,0.0,80.0,-7.0,0.0,80.0,1.3962634,0.0,0.0,0.0,-6.30080278,0.23054144,-0.96757353,3.87293685,-7.83775883,4.82347424,8.06439581,2.66695051,-0.08515835,2.82940568,5.29708356,-1.82813685,-0.05569521,0.0,13.50265434,-0.10301082,-0.50233522
1760625262.847,1.13557042,-0.07395471,2.33324996,0.00303781,0.95401444,-0.01202937,80.0,-7.0,0.0,80.0,1.3962634,0.0,0.0,0.0,80.0,-7.0,0.0,80.0,1.3962634,0.0,0.0,0.0,-6.09576605,0.20002752,-0.96081894,3.8035131,-7.70674642,4.99525475,7.00806109,2.76342116,1.04314547,2.90577084,5.13789897,-1.8499968,0.14487545,0.0,13.42553874,-0.09628387,-0.50283605
1760625262.88,1.1619589,-0.10802738,2.34024005,0.00130959,0.95406689,-0.01209085,80.0,-7.0,0.0,80.0,1.3962634,0.0,0.0,0.0,80.0,-7.0,0.0,80.0,1.3962634,0.0,0.0,0.0,-5.86288407,0.13187365,-0.95369363,3.63367434,-7.56486115,5.0628751,6.44463875,2.70598379,1.78462711,2.78378461,4.92584226,-1.89414882,0.36337587,0.0,13.31331331,-0.09277488,-0.50248271
1760625262.914,1.17554066,-0.13374034,2.35723041,0.00105861,0.95396835,-0.01235582,80.0,-7.0,0.0,80.0,1.3962634,0.0,0.0,0.0,80.0,-7.0,0.0,80.0,1.3962634,0.0,0.0,0.0,-5.81662851,0.08895213,-1.0010348,3.70475109,-7.5180885,5.23201868,6.461181,2.65350475,1.85138993,2.60202506,4.96791279,-1.89067296,0.54713082,0.0,13.1586591,-0.0849591,-0.49350938
1760625262.947,1.21361757,-0.13357474,2.3676685,-0.0022725,0.95361327,-0.01250982,80.0,-7.0,0.0,80.0,1.3962634,0.0,0.0,0.0,80.0,-7.0,0.0,80.0,1.3962634,0.0,0.0,0.0,-5.12163316,-0.01137964,-0.87917709,3.0106618,-7.45318715,5.232139,4.93346009,2.61827658,3.37133146,2.7909208,4.22889367,-1.92180751,0.71319357,0.0,13.18484902,-0.07406319,-0.49072485
1760625262.981,1.22708576,-0.14447916,2.40752362,-0.00279503,0.9534482,-0.01225353,80.0,-7.0,0.0,80.0,1.3962634,0.0,0.0,0.0,80.0,-7.0,0.0,80.0,1.3962634,0.0,0.0,0.0,-5.04112463,-0.03428624,-1.0511691,3.01408692,-7.43230089,5.38790325,4.72439921,2.5229561,3.54779088,2.73063494,4.20082492,-1.91990887,0.62404334,0.0,13.17992134,-0.06877533,-0.48142173
1760625263.014,1.24024848,-0.15400629,2.4150735,-0.00415905,0.95367991,-0.01208583,80.0,-7.0,0.0,80.0,1.3962634,0.0,0.0,0.0,80.0,-7.0,0.0,80.0,1.3962634,0.0,0.0,0.0,-4.86780697,-0.05784615,-0.81872526,2.91103829,-7.4511776,5.20802955,4.63132601,2.47983417,3.5573182,2.67308102,4.01701116,-1.90236355,0.93383119,0.0,13.21416149,-0.1102855,-0.51207303
1760625263.048,1.25014201,-0.14787515,2.40623819,-0.00661297,0.95359378,-0.01173065,80.0,-7.0,0.0,80.0,1.3962634,0.0,0.0,0.0,80.0,-7.0,0.0,80.0,1.3962634,0.0,0.0,0.0,-4.09388738,-0.1069557,-0.82336223,2.1340913,-7.39526407,5.24037065,3.81151211,2.63897555,4.36178734,2.77955406,3.20560678,-1.91273273,0.92597772,0.0,13.45628983,-0.10349271,-0.51201494
1760625263.081,1.26282561,-0.15120803,2.39287805,-0.00777177,0.95354071,-0.01168189,80.0,-7.0,0.0,80.0,1.3962634,0.0,0.0,0.0,80.0,-7.0,0.0,80.0,1.3962634,0.0,0.0,0.0,-3.7875445,-0.0657839,-0.86799902,1.80125832,-7.40874243,5.27292466,3.14521722,2.81975056,5.11895991,2.84963051,2.81878867,-1.9143622,0.80868809,0.0,14.07963761,-0.22182401,-0.56766128
1760625263.115,1.2621021,-0.13861959,2.37732152,-0.00728094,0.953631,-0.01132178,80.0,-7.0,0.0,80.0,1.3962634,0.0,0.0,0.0,80.0,-7.0,0.0,80.0,1.3962634,0.0,0.0,0.0,-3.92060328,-0.01322165,-0.79021451,1.95739529,-7.44633326,5.23646472,3.18960733,2.99832013,5.09547695,2.83682205,2.91831891,-1.90845266,0.82771283,0.0,14.46424808,-0.35990208,-0.70979343
1760625263.148,1.28468874,-0.1325595,2.36866475,-0.00724959,0.95388648,-0.0111804,80.0,-7.0,0.0,80.0,1.3962634,0.0,0.0,0.0,80.0,-7.0,0.0,80.0,1.3962634,0.0,0.0,0.0,-4.04214156,0.00255365,-0.69488597,2.07709162,-7.43818934,5.12144002,3.27545786,3.19033647,4.97997131,2.8269138,3.04571824,-1.86334143,0.90967207,0.0,14.23346446,-0.31902889,-0.66697775
1760625263.181,1.27471889,-0.12574484,2.3585864,-0.00720721,0.95381017,-0.01088521,80.0,-7.0,0.0,80.0,1.3962634,0.0,0.0,0.0,80.0,-7.0,0.0,80.0,1.3962634,0.0,0.0,0.0,-4.03724074,0.00998803,-0.68813422,2.0942896,-7.40786539,5.11977251,3.27796947,3.29024627,4.97610819,2.81414467,3.08596562,-1.85774814,0.82082654,0.0,14.23788707,-0.31578169,-0.66701592
1760625263.215,1.2702517,-0.11760902,2.36052765,-0.00725624,0.95388314,-0.01070114,80.0,-7.0,0.0,80.0,1.3962634,0.0,0.0,0.0,80.0,-7.0,0.0,80.0,1.3962634,0.0,0.0,0.0,-4.12551877,0.00108357,-0.72892073,2.2154339,-7.36276972,5.221945,3.30555375,3.29454202,4.92557587,2.83625887,3.23522132,-1.87192689,0.77993792,0.0,14.08960153,-0.25776137,-0.66568486
1760625263.249,1.27470472,-0.11646214,2.3775475,-0.00718526,0.9538734,-0.01077846,80.0,-7.0,0.0,80.0,1.3962634,0.0,0.0,0.0,80.0,-7.0,0.0,80.0,1.3962634,0.0,0.0,0.0,-4.25892987,0.0069207,-0.73198701,2.35134712,-7.33086792,5.2687709,3.31256984,3.37947679,4.90994892,2.82186449,3.41022632,-1.88578024,0.83240221,0.0,13.92543514,-0.25536887,-0.64762365
1760625263.282,1.29856465,-0.11269419,2.37157037,-0.00759712,0.95396626,-0.01073241,80.0,-7.0,0.0,80.0,1.3962634,0.0,0.0,0.0,80.0,-7.0,0.0,80.0,1.3962634,0.0,0.0,0.0,-4.47540838,0.01242862,-0.70439251,2.54388427,-7.32078099,5.2210511,3.38289476,3.50268083,4.88505813,2.76983108,3.70044301,-1.91530738,0.84320438,0.0,13.67356577,-0.2374253,-0.60790173
1760625263.315,1.31388943,-0.11814654,2.36544434,-0.00727377,0.95408288,-0.01063214,80.0,-7.0,0.0,80.0,1.3962634,0.0,0.0,0.0,80.0,-7.0,0.0,80.0,1.3962634,0.0,0.0,0.0,-4.753756,0.00685816,-0.6804948,2.84150082,-7.3024079,5.10569896,3.50856841,3.48671657,4.75733378,2.68690367,4.12851057,-1.9882744,0.76908703,0.0,13.33315915,-0.19620188,-0.50309463
1760625263.349,1.31582988,-0.1224009,2.37724797,-0.0074216,0.95455605,-0.01012588,80.0,-7.0,0.0,80.0,1.3962634,0.0,0.0,0.0,80.0,-7.0,0.0,80.0,1.3962634,0.0,0.0,0.0,-4.93412409,0.00881484,-0.70029438,3.0561618,-7.29743991,4.96663351,4.28575658,3.50058947,3.96254323,2.51640787,4.56762609,-2.12944847,0.46446991,0.0,12.90808533,-0.1369445,-0.31073031
1760625263.382,1.32503358,-0.11446757,2.37929815,-0.00794831,0.95474612,-0.00871248,80.0,-7.0,0.0,80.0,1.3962634,0.0,0.0,0.0,80.0,-7.0,0.0,80.0,1.3962634,0.0,0.0,0.0,-4.98550563,0.0067423,-0.51989945,3.07325222,-7.27436948,4.66695004,4.79650158,3.57750036,3.40489351,2.35985288,5.11353019,-2.46811084,0.08655951,0.0,11.93315594,-0.13301282,-0.06743268
1760625263.416,1.32000122,-0.09838648,2.39977083,-0.0073885,0.95473126,-0.00725945,80.0,-7.0,0.0,80.0,1.3962634,0.0,0.0,0.0,80.0,-7.0,0.0,80.0,1.3962634,0.0,0.0,0.0,-5.31823868,0.03561011,-0.47774503,3.36089783,-7.30318044,4.48070854,5.41486313,3.76934599,2.79990852,2.242879,5.98757091,-2.92851837,-0.12223679,0.0,10.81164867,-0.22874666,0.03853535
1760625263.449,1.31807099,-0.09158805,2.4252269,-0.00775133,0.95425323,-0.0068663,80.0,-7.0,0.0,80.0,1.3962634,0.0,0.0,0.0,80.0,-7.0,0.0,80.0,1.3962634,0.0,0.0,0.0,-5.30995003,0.05758629,-0.21156639,3.27357967,-7.31661014,4.25577835,5.79481009,3.78278778,2.4066522,2.1791895,6.58132939,-3.672114,-0.22450233,0.0,9.84185018,-0.4191277,0.0982535
1760625263.483,1.29937901,-0.05610593,2.48265526,-0.00780771,0.95317596,-0.00627667,80.0,-7.0,0.0,80.0,1.3962634,0.0,0.0,0.0,80.0,-7.0,0.0,80.0,1.3962634,0.0,0.0,0.0,-5.33661308,0.11329057,0.00574579,3.2561137,-7.39589771,4.07213466,5.73187315,3.72944519,2.41533834,2.19592942,7.50021325,-5.17468894,-1.36725826,0.0,9.71274324,-0.59160522,0.18320956
1760625263.516,1.27049759,-0.03589847,2.51705794,-0.00759718,0.95315694,-0.0064783,80.0,-7.0,0.0,80.0,1.3962634,0.0,0.0,0.0,80.0,-7.0,0.0,80.0,1.3962634,0.0,0.0,0.0,-5.4174867,0.31928198,0.1958676,3.32565552,-7.64083028,3.75955192,5.7817871,3.87639955,2.39310922,2.19250486,8.31656857,-6.53119924,-2.93844976,0.0,10.48696989,-0.73022269,0.21198329
1760625263.55,1.24885028,0.00314613,2.54175842,-0.00858262,0.95316938,-0.00596946,80.0,-7.0,0.0,80.0,1.3962634,0.0,0.0,0.0,80.0,-7.0,0.0,80.0,1.3962634,0.0,0.0,0.0,-5.42137171,0.43397277,0.41059484,3.28950655,-7.80881794,3.41528875,5.88709122,4.05191044,2.36747349,2.16123385,8.99148379,-8.27922027,-5.87731736,0.0,12.57476002,-0.87890038,0.02636535
1760625263.583,1.20110896,0.01144041,2.56609329,-0.009887,0.95409907,-0.00453312,80.0,-7.0,0.0,80.0,1.3962634,0.0,0.0,0.0,80.0,-7.0,0.0,80.0,1.3962634,0.0,0.0,0.0,-5.35810575,0.79037426,0.6567178,3.2110295,-8.18741172,3.05534793,6.54206945,4.3409781,1.7403868,2.05036944,10.00740782,-11.08639768,-11.85322755,0.0,17.19547887,-1.26319463,-0.17224915
1760625263.616,1.18247538,0.04069884,2.5594382,-0.01213657,0.95460827,-0.00375474,80.0,-7.0,0.0,80.0,1.3962634,0.0,0.0,0.0,80.0,-7.0,0.0,80.0,1.3962634,0.0,0.0,0.0,-4.90318486,0.95888869,1.19932903,2.71357994,-8.42444438,2.50003917,6.82461394,4.3382632,1.44049247,1.99902084,10.61969457,-13.74059728,-15.37493182,0.0,20.07247989,-1.69187489,-0.14817739
1760625263.65,1.1709194,0.06841904,2.55277207,-0.01488282,0.95467844,-0.00283847,80.0,-7.0,0.0,80.0,1.3962634,0.0,0.0,0.0,80.0,-7.0,0.0,80.0,1.3962634,0.0,0.0,0.0,-4.16898571,1.0448885,1.41187753,1.92384721,-8.55583827,2.20978834,6.70494294,4.42059537,1.56966279,2.02625751,11.07846136,-16.69251059,-17.75230351,0.0,21.52451279,-2.13475376,-0.11769855
1760625263.683,1.14687024,0.11044305,2.54200287,-0.01678917,0.95364879,-0.00135739,80.0,-7.0,0.0,80.0,1.3962634,0.0,0.0,0.0,80.0,-7.0,0.0,80.0,1.3962634,0.0,0.0,0.0,-3.93720404,1.06013346,1.9106968,1.68942659,-8.69668776,1.61775114,6.78900824,4.482132,1.46019238,2.00452179,12.68757108,-20.91389205,-19.2974,0.0,22.09603878,-2.61393262,-0.14683406
1760625263.717,1.12865295,0.11342994,2.58717895,-0.01792781,0.95370982,-0.00058735,80.0,-7.0,0.0,80.0,1.3962634,0.0,0.0,0.0,80.0,-7.0,0.0,80.0,1.3962634,0.0,0.0,0.0,-3.59969216,1.14516474,1.89884834,1.34645084,-8.82642955,1.39356663,7.01055829,4.66626358,1.30385213,1.93117702,14.00011708,-24.28952901,-20.94637281,0.0,22.78781767,-2.99679344,-0.16719573
1760625263.75,1.13338621,0.13345949,2.55740357,-0.02184887,0.95410167,-0.00121708,80.0,-7.0,0.0,80.0,1.3962634,0.0,0.0,0.0,80.0,-7.0,0.0,80.0,1.3962634,0.0,0.0,0.0,-3.24962763,1.1241258,2.47014876,0.91601216,-8.87354342,0.68430696,7.76336642,4.87748361,0.56163531,1.80562059,15.74402978,-27.87337267,-22.55508669,0.0,24.073792,-3.35192752,-0.29830625
1760625263.784,1.11947352,0.15059507,2.58080908,-0.02324349,0.95325774,-0.00120886,80.0,-7.0,0.0,80.0,1.3962634,0.0,0.0,0.0,80.0,-7.0,0.0,80.0,1.3962634,0.0,0.0,0.0,-3.19678773,1.14425071,2.6841199,0.8689436,-8.94854366,0.32159591,9.2994061,5.0435268,-1.01600604,1.54272413,18.70207837,-32.66663315,-25.09589378,0.0,26.05272965,-3.64543488,-0.68785161
1760625263.817,1.12691861,0.16610482,2.55900634,-0.03009345,0.95624809,-0.00091583,80.0,-7.0,0.0,80.0,1.3962634,0.0,0.0,0.0,80.0,-7.0,0.0,80.0,1.3962634,0.0,0.0,0.0,-2.01831576,1.62588996,3.07315334,-0.4430411,-9.36142549,-0.19721585,9.13535885,5.13122484,-0.86300965,1.47784685,20.03868276,-35.80386265,-26.14531763,0.0,26.88829198,-3.84872612,-0.73938088
1760625263.85,1.12969782,0.14211061,2.52040011,-0.03198255,0.95831133,-0.00054803,80.0,-7.0,0.0,80.0,1.3962634,0.0,0.0,0.0,80.0,-7.0,0.0,80.0,1.3962634,0.0,0.0,0.0,-1.55469402,2.02876621,3.3281364,-0.94463143,-9.68193897,-0.5825506,9.44098295,5.30250386,-1.17635159,1.39748659,22.36639262,-38.96826072,-26.64508547,0.0,27.12918249,-3.98148332,-0.91252932
1760625263.884,1.12438739,0.13909951,2.45726456,-0.03590424,0.96150063,0.00069603,80.0,-7.0,0.0,80.0,1.3962634,0.0,0.0,0.0,80.0,-7.0,0.0,80.0,1.3962634,0.0,0.0,0.0,-0.66766617,2.65741689,3.5796714,-1.89490179,-10.20251575,-0.90404947,9.91890954,5.46136076,-1.60162339,1.28570212,25.50198636,-43.06880394,-27.68028306,0.0,28.1700449,-4.28011519,-1.16044822
1760625263.917,1.14571231,0.11885187,2.411879,-0.0378937,0.96371466,-0.00173125,80.0,-7.0,0.0,80.0,1.3962634,0.0,0.0,0.0,80.0,-7.0,0.0,80.0,1.3962634,0.0,0.0,0.0,-0.34555344,2.86020168,3.48387637,-2.18926419,-10.37674288,-0.92192882,9.90888232,5.50515833,-1.54447226,1.2687043,28.36769241,-46.53005006,-29.01877332,0.0,29.77954607,-4.40194652,-1.51285488
1760625263.951,1.16483043,0.09182967,2.36655524,-0.03999603,0.96627031,-0.00168684,80.0,-7.0,0.0,80.0,1.3962634,0.0,0.0,0.0,80.0,-7.0,0.0,80.0,1.3962634,0.0,0.0,0.0,0.45169696,3.44549339,2.71209311,-2.95330016,-10.8579735,-0.36866645,5.73478548,5.70285267,2.71591331,1.71217937,30.35905681,-49.68192277,-31.09641066,0.0,31.4347627,-4.52254905,-1.82009661
1760625263.984,1.21327021,0.06085671,2.32026914,-0.04733473,0.96869777,-0.00178934,80.0,-7.0,0.0,80.0,1.3962634,0.0,0.0,0.0,80.0,-7.0,0.0,80.0,1.3962634,0.0,0.0,0.0,1.48282013,3.95578091,3.68181949,-4.21940405,-11.16606188,-1.56087922,3.50168279,5.84216017,4.95139623,1.93662182,34.62799521,-52.92855476,-29.83348693,0.0,33.28065988,-4.83507279,-2.30792789
1760625264.018,1.25676969,0.00047096,2.26654447,-0.052962,0.97221989,-0.00669294,80.0,-7.0,0.0,80.0,1.3962634,0.0,0.0,0.0,80.0,-7.0,0.0,80.0,1.3962634,0.0,0.0,0.0,1.84762199,4.44691958,4.6399497,-4.79047974,-11.50197715,-2.57111555,3.22031115,5.81704371,5.15981499,1.99091152,38.68639354,-54.87171086,-26.59197062,0.0,33.14617659,-4.81120358,-2.65715949
1760625264.051,1.27533526,-0.04833299,2.21047092,-0.05203668,0.97494934,-0.01069251,80.0,-7.0,0.0,80.0,1.3962634,0.0,0.0,0.0,80.0,-7.0,0.0,80.0,1.3962634,0.0,0.0,0.0,1.6080696,4.75787479,4.19927373,-4.48588771,-11.79585916,-2.13137347,1.4921061,5.79334592,6.89186181,2.2001494,42.35304427,-57.23076257,-24.06948479,0.0,32.40010954,-4.59448112,-2.84771192
1760625264.085,1.31460189,-0.09945805,2.19761479,-0.05257709,0.97523637,-0.01226858,80.0,-7.0,0.0,80.0,1.3962634,0.0,0.0,0.0,80.0,-7.0,0.0,80.0,1.3962634,0.0,0.0,0.0,1.47866709,5.01989475,4.17843489,-4.37326503,-12.00550129,-2.34048823,1.50371008,5.84784813,6.91687562,2.24571711,47.29524604,-59.44287129,-20.65039497,0.0,32.08148385,-4.40145006,-3.15531665
1760625264.118,1.31999897,-0.15408389,2.19864881,-0.05285709,0.9778845,-0.0143709,80.0,-7.0,0.0,80.0,1.3962634,0.0,0.0,0.0,80.0,-7.0,0.0,80.0,1.3962634,0.0,0.0,0.0,1.39995155,5.40347145,4.38990595,-4.30631743,-12.30637994,-2.64848298,2.443085,5.82118972,5.95068046,2.16607502,50.631203,-60.63667939,-19.42061659,0.0,33.28187877,-4.48230949,-3.39964872
1760625264.152,1.33989779,-0.17833282,2.21895226,-0.05374316,0.97822786,-0.01462366,80.0,-7.0,0.0,80.0,1.3962634,0.0,0.0,0.0,80.0,-7.0,0.0,80.0,1.3962634,0.0,0.0,0.0,1.57369722,5.61720764,4.24336058,-4.47393679,-12.47566179,-2.63966837,0.7062468,5.8488393,7.69275134,2.41864423,53.97370301,-62.15912861,-19.2956845,0.0,35.2097268,-4.638576,-3.67434341
1760625264.185,1.33086725,-0.20161762,2.27755121,-0.05402867,0.97937471,-0.01487128,80.0,-7.0,0.0,80.0,1.3962634,0.0,0.0,0.0,80.0,-7.0,0.0,80.0,1.3962634,0.0,0.0,0.0,1.61252179,5.81955219,4.13434822,-4.49197972,-12.67073736,-2.62576644,0.57863372,5.87300724,7.8605275,2.43698699,56.22525692,-62.95965683,-19.43725304,0.0,36.45524151,-4.76549111,-3.87919495
1760625264.219,1.30286293,-0.22237919,2.34446239,-0.05278796,0.98007232,-0.01385735,80.0,-7.0,0.0,80.0,1.3962634,0.0,0.0,0.0,80.0,-7.0,0.0,80.0,1.3962634,0.0,0.0,0.0,1.64244535,5.9354793,4.12847535,-4.5004896,-12.79321535,-2.769005,1.37413271,5.97742105,7.09258717,2.30225299,58.39085547,-63.52102812,-18.92571543,0.0,37.27900208,-4.82678142,-3.97452994
1760625264.252,1.29160063,-0.24226546,2.39502215,-0.05208029,0.9804891,-0.01351093,80.0,-7.0,0.0,80.0,1.3962634,0.0,0.0,0.0,80.0,-7.0,0.0,80.0,1.3962634,0.0,0.0,0.0,1.64752389,5.94794141,4.08440348,-4.45426455,-12.88032765,-2.87743776,1.92716102,6.10951635,6.50514953,2.20465308,60.76630389,-64.1010285,-17.37754225,0.0,37.43067726,-4.78948422,-3.99354653
1760625264.285,1.29215108,-0.25128636,2.42871269,-0.05225284,0.98053385,-0.01295843,80.0,-7.0,0.0,80.0,1.3962634,0.0,0.0,0.0,80.0,-7.0,0.0,80.0,1.3962634,0.0,0.0,0.0,1.93090554,6.00861052,4.38243928,-4.78310356,-12.97226282,-3.2872016,2.38785902,6.16052902,5.99382427,2.13552827,62.16326076,-64.05554243,-15.75959822,0.0,37.17601031,-4.76878994,-3.97778366
1760625264.319,1.26897851,-0.26469357,2.46928917,-0.05215564,0.98098139,-0.012965,80.0,-7.0,0.0,80.0,1.3962634,0.0,0.0,0.0,80.0,-7.0,0.0,80.0,1.3962634,0.0,0.0,0.0,2.10269842,6.07656648,4.3329047,-4.91352711,-13.09709734,-3.22467513,2.07404063,6.18038024,6.25708327,2.13391313,63.2653126,-64.17197942,-14.77188163,0.0,37.1707693,-4.71041674,-3.93530535
1760625264.352,1.23669417,-0.28728289,2.53581798,-0.04567972,0.97996779,-0.01377708,80.0,-7.0,0.0,80.0,1.3962634,0.0,0.0,0.0,80.0,-7.0,0.0,80.0,1.3962634,0.0,0.0,0.0,0.9404793,6.15032346,5.2338557,-3.74388271,-13.38123657,-4.0348101,8.15382949,6.14766072,0.07635191,1.4327493,66.38172709,-63.42665896,-13.50076267,0.0,37.65476598,-4.57750144,-3.9155529
1760625264.386,1.23094156,-0.29643964,2.57389604,-0.04654831,0.98020598,-0.01480613,80.0,-7.0,0.0,80.0,1.3962634,0.0,0.0,0.0,80.0,-7.0,0.0,80.0,1.3962634,0.0,0.0,0.0,1.62402403,6.28355198,5.07899886,-4.39791488,-13.52548116,-3.87823485,6.6260421,6.15504763,1.60340232,1.5645723,66.72919131,-63.39336513,-13.08302807,0.0,38.13062224,-4.33679307,-3.81783439
1760625264.419,1.24284864,-0.29034469,2.59183445,-0.04738292,0.98010486,-0.01497719,80.0,-7.0,0.0,80.0,1.3962634,0.0,0.0,0.0,80.0,-7.0,0.0,80.0,1.3962634,0.0,0.0,0.0,1.95153599,6.33974186,5.3792351,-4.76535302,-13.61205388,-4.20430112,6.37481087,6.19951859,1.86368298,1.55637828,67.8211075,-62.91180312,-12.03054599,0.0,38.42888919,-3.90398243,-3.66575067
1760625264.486,1.2190173,-0.26026915,2.66068617,-0.04837872,0.97994152,-0.01485301,80.0,-7.0,0.0,80.0,1.3962634,0.0,0.0,0.0,80.0,-7.0,0.0,80.0,1.3962634,0.0,0.0,0.0,2.04036621,6.2747016,5.80709577,-4.72062452,-13.67647536,-4.52662358,7.37610921,6.2067729,0.86747821,1.4017455,69.34433036,-61.29032973,-10.39025677,2.39654651,38.52691311,-2.68059088,-2.52483765
1760625264.52,1.24694741,-0.2424833,2.6954209,-0.0497137,0.97952687,-0.01464067,80.0,-7.0,0.0,80.0,1.3962634,0.0,0.0,0.0,80.0,-7.0,0.0,80.0,1.3962634,0.0,0.0,0.0,2.12324402,6.15786189,6.05553715,-4.81663868,-13.5358213,-4.63498579,7.37058949,6.19821767,0.9135821,1.34461288,68.71862894,-60.17037676,-10.34623419,5.25707016,38.14227126,-2.22930198,-1.66769323
1760625264.553,1.26269344,-0.22688353,2.75917506,-0.05061049,0.97944405,-0.0147622,80.0,-7.0,0.0,80.0,1.3962634,0.0,0.0,0.0,80.0,-7.0,0.0,80.0,1.3962634,0.0,0.0,0.0,1.98005317,6.08099054,6.62116639,-4.66454053,-13.49552567,-5.00149144,10.33065782,6.06156525,-2.04582199,0.99122279,67.70950454,-58.2803251,-9.98859642,10.01857416,38.1224155,-1.48353262,-0.17420441
1760625264.587,1.30541003,-0.21971557,2.81077783,-0.05432262,0.98019352,-0.01523707,80.0,-7.0,0.0,80.0,1.3962634,0.0,0.0,0.0,80.0,-7.0,0.0,80.0,1.3962634,0.0,0.0,0.0,2.48885135,6.01077517,6.53915028,-5.17511113,-13.40757386,-4.84950428,7.11044947,6.13131913,1.18166964,1.37838228,65.97367621,-57.03306872,-8.73725197,14.48072963,36.85454039,-0.80307821,1.51070064
1760625264.62,1.35838794,-0.20264233,2.84219472,-0.05661989,0.98055224,-0.01593134,80.0,-7.0,0.0,80.0,1.3962634,0.0,0.0,0.0,80.0,-7.0,0.0,80.0,1.3962634,0.0,0.0,0.0,2.62818548,5.84019785,6.94509019,-5.37848213,-13.26291787,-5.16530992,7.26089215,6.14331854,1.04431978,1.36908942,64.84498002,-55.15667164,-6.28789169,19.73647657,34.27349048,-0.10064054,3.13271218
1760625264.653,1.40887404,-0.18360553,2.87121066,-0.05909758,0.98023168,-0.01681302,80.0,-7.0,0.0,80.0,1.3962634,0.0,0.0,0.0,80.0,-7.0,0.0,80.0,1.3962634,0.0,0.0,0.0,2.93691358,5.4673917,7.45865256,-5.73459007,-12.92797196,-5.63977552,8.32110072,6.26751522,0.01316544,1.24260194,63.48893346,-53.08783099,-2.45401229,27.40559614,31.40207984,0.69766182,5.44885595
1760625264.687,1.45475261,-0.18102706,2.86786932,-0.06101262,0.98072684,-0.01732308,80.0,-7.0,0.0,80.0,1.3962634,0.0,0.0,0.0,80.0,-7.0,0.0,80.0,1.3962634,0.0,0.0,0.0,3.14813147,5.24406205,7.76823232,-5.98511466,-12.73423243,-5.8642372,8.41026727,6.40017214,-0.08456909,1.2570836,62.34232702,-51.62701318,-0.01002721,33.6008989,30.14753437,1.11670958,6.89959385
1760625264.72,1.51281032,-0.15972483,2.8504536,-0.06355164,0.98094206,-0.01818571,80.0,-7.0,0.0,80.0,1.3962634,0.0,0.0,0.0,80.0,-7.0,0.0,80.0,1.3962634,0.0,0.0,0.0,3.14289199,4.96287594,8.08829165,-6.01234431,-12.52216567,-6.03565075,8.92377006,6.40986004,-0.63488682,1.18251276,61.43847443,-50.29238188,2.56304027,40.15958332,28.73618591,1.51117039,8.36473123
1760625264.754,1.57189647,-0.16384606,2.80477673,-0.06800314,0.98184946,-0.02084575,80.0,-7.0,0.0,80.0,1.3962634,0.0,0.0,0.0,80.0,-7.0,0.0,80.0,1.3962634,0.0,0.0,0.0,3.47824051,4.73343768,8.34668519,-6.35018153,-12.35798157,-6.18877698,8.94873683,6.44452216,-0.6868382,1.19550685,60.19149842,-48.93807908,6.32040626,49.09089184,26.27827059,1.88781134,10.53445317
1760625264.787,1.63564136,-0.17687857,2.73205666,-0.07242615,0.98291297,-0.02330878,80.0,-7.0,0.0,80.0,1.3962634,0.0,0.0,0.0,80.0,-7.0,0.0,80.0,1.3962634,0.0,0.0,0.0,3.78304793,4.66930421,8.48779013,-6.66809727,-12.32777751,-6.28428078,9.18068485,6.50113685,-0.92798168,1.1951842,59.64391158,-48.36812918,9.78117585,55.78346458,24.08928339,2.04468716,11.9963705
1760625264.821,1.69914902,-0.19065659,2.65232393,-0.07622941,0.98436391,-0.02572418,80.0,-7.0,0.0,80.0,1.3962634,0.0,0.0,0.0,80.0,-7.0,0.0,80.0,1.3962634,0.0,0.0,0.0,4.25592953,4.70687421,8.23726413,-7.15147391,-12.35923774,-5.95819613,6.67794892,6.55265566,1.61522895,1.42691567,59.10582781,-48.49326937,13.61809858,62.56209661,21.49673968,2.08484305,13.23343609
1760625264.854,1.73105254,-0.1916269,2.52831708,-0.0745473,0.98418611,-0.027798,80.0,-7.0,0.0,80.0,1.3962634,0.0,0.0,0.0,80.0,-7.0,0.0,80.0,1.3962634,0.0,0.0,0.0,4.1360459,4.56765949,8.07090222,-6.9555936,-12.38318353,-5.63094683,7.72787967,6.53212536,0.63147445,1.32373638,60.37634536,-48.9574367,19.96032336,71.46798818,17.67980416,1.80955531,14.52175704
1760625264.888,1.72409597,-0.18606604,2.42686079,-0.06707309,0.98455875,-0.02831274,80.0,-7.0,0.0,80.0,1.3962634,0.0,0.0,0.0,80.0,-7.0,0.0,80.0,1.3962634,0.0,0.0,0.0,3.54490541,4.4972373,6.93267558,-6.15275153,-12.58422359,-4.32669332,8.57403335,6.56461386,-0.08061986,1.24208144,62.40908513,-49.85082777,24.66246146,77.46513683,15.02040538,1.49358754,14.89196627
1760625264.921,1.73139637,-0.17198766,2.35227542,-0.06034058,0.98342333,-0.02729735,80.0,-7.0,0.0,80.0,1.3962634,0.0,0.0,0.0,80.0,-7.0,0.0,80.0,1.3962634,0.0,0.0,0.0,3.10858766,4.28402767,5.80073481,-5.50698883,-12.55934008,-2.90083636,7.79360945,6.43327248,0.76734317,1.30578399,64.95059555,-50.76041262,29.78253932,83.29506775,12.54705157,1.24893979,15.45211362
1760625264.955,1.75837343,-0.16948916,2.26714588,-0.05529438,0.98273423,-0.02745044,80.0,-7.0,0.0,80.0,1.3962634,0.0,0.0,0.0,80.0,-7.0,0.0,80.0,1.3962634,0.0,0.0,0.0,2.50560946,3.97400126,4.79121793,-4.76699272,-12.44518866,-1.6821329,8.1434543,6.27580911,0.45771443,1.30789759,69.73929836,-51.71375918,37.62099382,91.02991478,8.80879892,1.07119706,16.29038014
1760625264.988,1.75279016,-0.14268688,2.20995073,-0.05131842,0.98253453,-0.02534363,80.0,-7.0,0.0,80.0,1.3962634,0.0,0.0,0.0,80.0,-7.0,0.0,80.0,1.3962634,0.0,0.0,0.0,2.48949064,3.72979264,4.32961336,-4.72914559,-12.25185844,-1.20054632,8.25318373,6.31367095,0.40792458,1.32527448,73.90624635,-51.79073287,43.97473858,96.61974789,5.57409009,0.85985667,16.65756864
1760625265.021,1.71740691,-0.12201256,2.15263181,-0.04166596,0.98152209,-0.02216088,80.0,-7.0,0.0,80.0,1.3962634,0.0,0.0,0.0,80.0,-7.0,0.0,80.0,1.3962634,0.0,0.0,0.0,1.52273134,3.56189339,3.06140529,-3.56811012,-12.20343538,0.23263448,9.0479045,6.30592012,-0.33952821,1.24986673,78.80392164,-51.65639351,49.36965254,101.16066392,2.54660444,0.60467411,16.615189
1760625265.055,1.70206844,-0.10942119,2.11329575,-0.03529661,0.98101522,-0.02072479,80.0,-7.0,0.0,80.0,1.3962634,0.0,0.0,0.0,80.0,-7.0,0.0,80.0,1.3962634,0.0,0.0,0.0,0.8192477,3.31224086,1.92697099,-2.77928632,-12.03338495,1.47145877,9.01465071,6.24746921,-0.26536722,1.2897533,83.24026737,-50.2952617,54.22940192,106.46743081,0.0,0.43347304,16.71593155
1760625265.088,1.6948991,-0.09431729,2.09998556,-0.03184409,0.98058605,-0.01975767,80.0,-7.0,0.0,80.0,1.3962634,0.0,0.0,0.0,80.0,-7.0,0.0,80.0,1.3962634,0.0,0.0,0.0,0.46818063,3.16496414,1.22673805,-2.4094543,-11.92661556,2.17007388,8.90217878,6.18617746,-0.1192625,1.29729529,84.77320498,-48.82132582,55.83087555,109.6601217,0.0,0.48926477,17.05027304
1760625265.122,1.68793513,-0.07049423,2.07571366,-0.03010956,0.97563671,-0.0181384,80.0,-7.0,0.0,80.0,1.3962634,0.0,0.0,0.0,80.0,-7.0,0.0,80.0,1.3962634,0.0,0.0,0.0,0.03696127,2.58140824,0.72482057,-2.00963724,-11.43020672,2.50202985,8.922077,6.241089,-0.10892137,1.30486972,86.8208203,-46.86958781,57.76001671,113.44335549,0.0,0.78387125,17.57280823
1760625265.155,1.62746241,-0.04773686,2.08506439,-0.02471459,0.97125851,-0.01702322,80.0,-7.0,0.0,80.0,1.3962634,0.0,0.0,0.0,80.0,-7.0,0.0,80.0,1.3962634,0.0,0.0,0.0,-0.47465318,1.99545952,0.16709261,-1.4466883,-10.95578306,2.86332428,8.7605514,6.3461067,0.0913299,1.33397418,88.64192686,-45.96923536,59.32096376,115.86577678,0.0,1.02590788,17.43500689
1760625265.189,1.58828998,-0.02784474,2.0848223,-0.02362906,0.9688056,-0.01532221,80.0,-7.0,0.0,80.0,1.3962634,0.0,0.0,0.0,80.0,-7.0,0.0,80.0,1.3962634,0.0,0.0,0.0,-0.40077999,1.70000481,0.13092378,-1.61235476,-10.72073969,2.56163004,8.62228363,6.58935838,0.26363619,1.338125,89.55957492,-44.71383929,60.39264354,117.93525109,0.0,1.27716863,16.99536379
1760625265.222,1.54585764,-0.00123594,2.04976633,-0.02324053,0.96768604,-0.01355623,80.0,-7.0,0.0,80.0,1.3962634,0.0,0.0,0.0,80.0,-7.0,0.0,80.0,1.3962634,0.0,0.0,0.0,-0.24573948,1.78884176,0.02405224,-1.86487903,-10.87546094,2.34738444,8.49589897,6.91287524,0.30997409,1.39025004,90.00000018,-43.55880505,60.72852073,120.17524402,0.0,1.59800386,16.23038317
1760625265.255,1.53454005,-0.00117713,2.06051898,-0.02408982,0.96696543,-0.01237993,80.0,-7.0,0.0,80.0,1.3962634,0.0,0.0,0.0,80.0,-7.0,0.0,80.0,1.3962634,0.0,0.0,0.0,-0.00566462,2.01628468,0.09000713,-2.20371268,-11.08839612,2.10504568,8.43902861,6.9345278,0.27282835,1.3806057,90.00000018,-42.88413067,60.52057098,121.65377912,0.0,1.60371507,15.84406179
1760625265.289,1.50471171,0.00058649,2.09857997,-0.02399471,0.96585116,-0.01283519,80.0,-7.0,0.0,80.0,1.3962634,0.0,0.0,0.0,80.0,-7.0,0.0,80.0,1.3962634,0.0,0.0,0.0,0.37541693,2.18506833,0.10340475,-2.64835961,-11.27660101,1.83964918,8.42080071,7.00182833,0.23521843,1.38725822,90.00000018,-42.67070146,60.15260833,123.04784396,0.0,1.57942995,15.52370858
1760625265.322,1.49979736,-0.01583934,2.10392371,-0.02260144,0.96524477,-0.0141772,80.0,-7.0,0.0,80.0,1.3962634,0.0,0.0,0.0,80.0,-7.0,0.0,80.0,1.3962634,0.0,0.0,0.0,0.72905825,2.56056097,0.16373165,-3.11093947,-11.64562886,1.4413914,8.42084314,7.22369823,0.22016369,1.40365861,90.00000018,-42.70549822,59.28891321,124.5522256,0.0,1.72401947,15.05673712
1760625265.356,1.47468606,-0.03559749,2.12687966,-0.02159644,0.96482139,-0.01553904,80.0,-7.0,0.0,80.0,1.3962634,0.0,0.0,0.0,80.0,-7.0,0.0,80.0,1.3962634,0.0,0.0,0.0,0.92546737,2.78227693,0.12231266,-3.34529605,-11.84456198,1.24533089,8.40936792,7.34857696,0.26038346,1.38909469,90.00000018,-42.85021721,58.62175717,125.41083135,0.0,1.85808316,14.68393497
1760625265.389,1.44982384,-0.0533381,2.16442815,-0.02059394,0.96421045,-0.016293,80.0,-7.0,0.0,80.0,1.3962634,0.0,0.0,0.0,80.0,-7.0,0.0,80.0,1.3962634,0.0,0.0,0.0,1.14412512,2.99751184,0.03612511,-3.56665034,-12.03887786,1.16470306,8.39575709,7.4122052,0.26197437,1.40397043,90.00000018,-43.1209502,57.82182993,126.17142961,0.0,1.82591115,14.39717488
1760625265.423,1.42366597,-0.06993595,2.22588246,-0.01837547,0.9639823,-0.0176107,80.0,-7.0,0.0,80.0,1.3962634,0.0,0.0,0.0,80.0,-7.0,0.0,80.0,1.3962634,0.0,0.0,0.0,1.51411261,3.37369839,-0.17050793,-3.90494205,-12.38677034,1.29606245,8.31603592,7.42843658,0.29632734,1.44021367,90.00000018,-43.83347552,56.57577549,126.89569534,0.0,1.32579554,14.67256875
1760625265.456,1.40777384,-0.08470347,2.28906941,-0.01693498,0.9640125,-0.0179059,80.0,-7.0,0.0,80.0,1.3962634,0.0,0.0,0.0,80.0,-7.0,0.0,80.0,1.3962634,0.0,0.0,0.0,1.638363,3.58656865,-0.24931389,-3.99128128,-12.58156193,1.42942616,8.15267462,7.34016789,0.41844198,1.46751401,90.00000018,-44.40256749,56.01688941,127.18973255,0.0,1.16956539,14.92497438
1760625265.49,1.38557687,-0.09256035,2.33031897,-0.01640848,0.9643112,-0.01841554,80.0,-7.0,0.0,80.0,1.3962634,0.0,0.0,0.0,80.0,-7.0,0.0,80.0,1.3962634,0.0,0.0,0.0,1.72008145,3.69365578,-0.16947602,-4.03703825,-12.68350046,1.41670054,7.65363896,7.31081926,0.89801933,1.53121546,90.00000018,-44.85049447,56.02065844,127.07384182,0.0,1.29531137,14.97086394
1760625265.523,1.39288095,-0.11123237,2.38668208,-0.01681051,0.96459689,-0.01822499,80.0,-7.0,0.0,80.0,1.3962634,0.0,0.0,0.0,80.0,-7.0,0.0,80.0,1.3962634,0.0,0.0,0.0,1.66503783,3.76837009,-0.02594911,-3.92868309,-12.73603675,1.47398807,7.61523828,7.14988178,0.92674415,1.49077111,90.00000018,-45.45761473,56.57403546,125.89220385,0.0,2.02287966,14.85034533
1760625265.556,1.40931318,-0.13506299,2.42796826,-0.01753183,0.96464987,-0.0172949,80.0,-7.0,0.0,80.0,1.3962634,0.0,0.0,0.0,80.0,-7.0,0.0,80.0,1.3962634,0.0,0.0,0.0,1.33595878,3.65585675,0.06863601,-3.50029877,-12.61598606,1.52168037,7.40370833,7.01184124,1.14715809,1.44819841,90.00000018,-46.12988473,57.16639605,124.19292482,0.0,2.33277911,14.71743223
1760625265.59,1.4244725,-0.12529213,2.41433861,-0.01902958,0.96417987,-0.01534673,80.0,-7.0,0.0,80.0,1.3962634,0.0,0.0,0.0,80.0,-7.0,0.0,80.0,1.3962634,0.0,0.0,0.0,1.16394171,3.52847331,0.32103845,-3.22835742,-12.50947742,1.39764234,7.35412123,6.89676002,1.22350012,1.39624747,90.00000018,-47.35291662,57.40104529,121.89143679,0.0,2.28739298,15.01908067
1760625265.623,1.44405634,-0.13005304,2.3998035,-0.02004362,0.96371783,-0.01178492,80.0,-7.0,0.0,80.0,1.3962634,0.0,0.0,0.0,80.0,-7.0,0.0,80.0,1.3962634,0.0,0.0,0.0,1.01319991,3.48066082,0.54608875,-2.91276007,-12.43619288,1.24404213,7.42856022,6.78776404,1.24510896,1.26094824,90.00000018,-49.80740524,57.20938173,117.84924256,0.0,1.61864981,15.51095032
1760625265.657,1.51383748,-0.13287386,2.3684433,-0.02432576,0.96410997,-0.00908252,80.0,-7.0,0.0,80.0,1.3962634,0.0,0.0,0.0,80.0,-7.0,0.0,80.0,1.3962634,0.0,0.0,0.0,0.82324317,3.32553253,0.74890623,-2.70483863,-12.23588019,0.94365934,8.1909077,6.88191398,0.59824097,1.07017346,90.00000018,-51.58403941,57.13421652,113.8626943,0.0,0.96512276,15.68466619
1760625265.724,1.56824428,-0.09541274,2.35463186,-0.03276575,0.96621498,-0.00276155,80.0,-7.0,0.0,80.0,1.3962634,0.0,0.0,0.0,80.0,-7.0,0.0,80.0,1.3962634,0.0,0.0,0.0,0.67193007,3.15177404,1.6039304,-2.65200009,-11.8360864,-0.01731314,9.29980414,7.020018,-0.46134028,0.85385904,84.20139167,-52.98618137,53.31664309,99.71603753,6.11501084,0.76712711,14.70080619
1760625265.757,1.59750603,-0.07680325,2.37450315,-0.03491741,0.96884682,-0.00255563,80.0,-7.0,0.0,80.0,1.3962634,0.0,0.0,0.0,80.0,-7.0,0.0,80.0,1.3962634,0.0,0.0,0.0,0.78144639,3.61240029,1.87051936,-2.83898223,-12.17136556,-0.33084086,9.65792409,7.02440313,-0.93873282,0.8288994,79.47702387,-52.57327613,48.97934343,92.24633881,10.04972514,0.70796111,14.15594966
1760625265.791,1.59555748,-0.040051,2.39467786,-0.0373798,0.9727151,-0.00212153,80.0,-7.0,0.0,80.0,1.3962634,0.0,0.0,0.0,80.0,-7.0,0.0,80.0,1.3962634,0.0,0.0,0.0,1.29186708,4.08168303,2.0505081,-3.4146543,-12.54251337,-0.62707513,10.59818777,7.03331134,-1.9601592,0.77121762,75.05500045,-51.8023309,44.18065293,84.35084385,13.80128475,0.4735088,13.72938735
1760625265.824,1.5715415,-0.00815807,2.43867512,-0.03869657,0.9784476,-0.00239474,80.0,-7.0,0.0,80.0,1.3962634,0.0,0.0,0.0,80.0,-7.0,0.0,80.0,1.3962634,0.0,0.0,0.0,1.63840719,4.89323787,2.45475705,-3.88985876,-13.21216625,-1.25377804,11.06136018,7.13289724,-2.53453312,0.75354615,70.34043885,-49.85138818,36.94461029,73.19225495,19.32273213,0.54139151,13.05767393
1760625265.858,1.56106102,-0.00140751,2.46690379,-0.03958189,0.98297348,-0.00463022,80.0,-7.0,0.0,80.0,1.3962634,0.0,0.0,0.0,80.0,-7.0,0.0,80.0,1.3962634,0.0,0.0,0.0,1.77730226,5.30523916,2.73799373,-4.13414591,-13.57065322,-1.69651022,11.29376629,7.21441534,-2.81569761,0.75590548,68.0032754,-48.10500803,31.81520538,64.35136976,24.27302735,0.78577586,12.03948108
1760625265.891,1.5562743,0.00298243,2.47639354,-0.04204404,0.98719323,-0.00777823,80.0,-7.0,0.0,80.0,1.3962634,0.0,0.0,0.0,80.0,-7.0,0.0,80.0,1.3962634,0.0,0.0,0.0,1.98305285,5.63591962,3.32993669,-4.51388691,-13.85179727,-2.4200223,12.12965268,7.24194414,-3.69262994,0.71484869,67.1214101,-46.59102373,28.05827912,55.8275852,28.48229617,0.7370013,10.45320437
1760625265.925,1.53315537,0.00545296,2.45349239,-0.04442712,0.98973808,-0.01055729,80.0,-7.0,0.0,80.0,1.3962634,0.0,0.0,0.0,80.0,-7.0,0.0,80.0,1.3962634,0.0,0.0,0.0,2.15812816,5.8086507,3.84293596,-4.82428347,-14.0488397,-3.07905099,12.68529084,7.23775424,-4.27840276,0.70172964,67.20860269,-46.32775433,25.16398194,45.92294026,31.911669,-0.13704481,7.5311398
1760625265.958,1.55504063,0.00513939,2.41229573,-0.04943079,0.99164198,-0.01163748,80.0,-7.0,0.0,80.0,1.3962634,0.0,0.0,0.0,80.0,-7.0,0.0,80.0,1.3962634,0.0,0.0,0.0,2.64358747,6.10469586,4.8410955,-5.63431444,-14.25605621,-4.24989202,12.89434001,7.29640185,-4.50718176,0.6878996,67.54035083,-46.11069473,23.33754961,39.12690522,34.02206993,-0.74426067,5.89716588
1760625265.991,1.61712566,-0.01429945,2.37818206,-0.06682772,0.99467786,-0.01438874,80.0,-7.0,0.0,80.0,1.3962634,0.0,0.0,0.0,80.0,-7.0,0.0,80.0,1.3962634,0.0,0.0,0.0,4.3209324,6.48073142,7.11744004,-8.08517402,-14.20078558,-6.78569346,10.59621503,7.38705515,-2.23988917,0.95047072,67.13278108,-45.34550791,21.12768106,32.61464979,37.65144478,-0.84213308,4.94103535
1760625266.025,1.5775229,-0.0522538,2.37694125,-0.06861322,0.99598738,-0.01657232,80.0,-7.0,0.0,80.0,1.3962634,0.0,0.0,0.0,80.0,-7.0,0.0,80.0,1.3962634,0.0,0.0,0.0,4.53844265,6.8422018,7.77685017,-8.52582199,-14.44750967,-7.32049934,12.31193574,7.17676807,-4.02169561,0.81204601,68.68163357,-46.09258086,16.71134112,23.781182,43.58743224,-0.90567097,3.1789189
1760625266.058,1.55469275,-0.06703646,2.38362348,-0.06568902,0.99621101,-0.01728735,80.0,-7.0,0.0,80.0,1.3962634,0.0,0.0,0.0,80.0,-7.0,0.0,80.0,1.3962634,0.0,0.0,0.0,4.22259111,6.97938981,7.57091812,-8.18884192,-14.68588035,-6.98237916,12.30763978,7.05007472,-4.03889107,0.81492033,70.26035935,-47.81482756,14.21672841,18.07568561,46.64816313,-1.25221217,1.90295113
1760625266.092,1.48711966,-0.08519807,2.44094245,-0.06203541,0.99454194,-0.01698619,80.0,-7.0,0.0,80.0,1.3962634,0.0,0.0,0.0,80.0,-7.0,0.0,80.0,1.3962634,0.0,0.0,0.0,4.15149659,7.04096366,7.25312156,-8.01618897,-14.85530191,-6.77226687,12.24675316,7.09322843,-3.9499304,0.82170209,71.76940242,-50.65315376,12.3961678,11.77093913,49.0776746,-1.96821006,0.75666792
1760625266.125,1.41582573,-0.10046541,2.49127346,-0.05701971,0.99094248,-0.01649031,80.0,-7.0,0.0,80.0,1.3962634,0.0,0.0,0.0,80.0,-7.0,0.0,80.0,1.3962634,0.0,0.0,0.0,3.78500276,6.80466284,7.04332255,-7.45419444,-14.75133369,-6.52966292,12.2564736,7.09202236,-3.95462135,0.81760966,73.36858883,-52.76598907,12.10411346,7.84712081,49.59664618,-2.82328112,0.44078385
1760625266.159,1.37457354,-0.13447723,2.50975759,-0.05656214,0.98968268,-0.01672223,80.0,-7.0,0.0,80.0,1.3962634,0.0,0.0,0.0,80.0,-7.0,0.0,80.0,1.3962634,0.0,0.0,0.0,3.78157366,6.77545161,6.64699096,-7.36645195,-14.74407801,-6.16038853,7.67781041,7.27718852,0.69416738,1.24114943,73.86290061,-54.77613683,12.26849886,5.0165475,47.98089594,-3.52762729,0.48173878
1760625266.192,1.29415659,-0.16356644,2.55323321,-0.05055691,0.9879121,-0.01651889,80.0,-7.0,0.0,80.0,1.3962634,0.0,0.0,0.0,80.0,-7.0,0.0,80.0,1.3962634,0.0,0.0,0.0,2.77498517,6.67397163,6.44358682,-6.15958035,-14.81025138,-5.83415462,11.21903268,7.21019385,-2.86760447,0.92713723,74.9762856,-56.83669314,13.15766729,2.27597724,44.863329,-4.31785271,0.15143625
1760625266.225,1.25520606,-0.16848347,2.58180681,-0.04764558,0.98593874,-0.01494452,80.0,-7.0,0.0,80.0,1.3962634,0.0,0.0,0.0,80.0,-7.0,0.0,80.0,1.3962634,0.0,0.0,0.0,2.13270363,6.52963303,6.44964452,-5.46487266,-14.71811327,-5.70827127,12.46979868,7.24847314,-4.12861593,0.85585801,75.63605307,-58.11586022,13.13206589,0.83422888,43.8423419,-4.46129578,0.10148164
1760625266.259,1.22725431,-0.1881876,2.63231691,-0.04521092,0.98376215,-0.01293535,80.0,-7.0,0.0,80.0,1.3962634,0.0,0.0,0.0,80.0,-7.0,0.0,80.0,1.3962634,0.0,0.0,0.0,1.49909635,6.45034987,6.46279598,-4.81466802,-14.63066083,-5.47131149,12.97907474,7.26752112,-4.69543003,0.85323443,75.78884937,-59.26504023,11.61371303,0.0,44.09751457,-4.47481915,0.051534
1760625266.292,1.20064886,-0.19183685,2.73877443,-0.04304518,0.98295018,-0.01210448,80.0,-7.0,0.0,80.0,1.3962634,0.0,0.0,0.0,80.0,-7.0,0.0,80.0,1.3962634,0.0,0.0,0.0,1.12084927,6.37595377,6.28017678,-4.38971932,-14.53745174,-4.79260241,12.82172271,7.13838359,-4.63169685,0.89377993,74.47335131,-61.01616948,8.88454989,0.0,44.50114644,-4.92887455,0.22450205
1760625266.326,1.1993954,-0.1896851,2.81753177,-0.0426428,0.98257186,-0.01195685,80.0,-7.0,0.0,80.0,1.3962634,0.0,0.0,0.0,80.0,-7.0,0.0,80.0,1.3962634,0.0,0.0,0.0,0.90098112,6.3553564,6.12909633,-4.09002593,-14.56853779,-4.30008498,12.58560627,6.99807841,-4.46676424,0.93335974,73.44359379,-62.03146217,7.78171941,0.0,43.48604919,-5.33726778,0.26227065
1760625266.359,1.22961379,-0.16937104,2.88937351,-0.04389991,0.98225611,-0.01126285,80.0,-7.0,0.0,80.0,1.3962634,0.0,0.0,0.0,80.0,-7.0,0.0,80.0,1.3962634,0.0,0.0,0.0,1.05345938,6.35992462,6.10817489,-4.22644845,-14.62640109,-4.13900375,12.27470528,6.94019593,-4.14154631,0.91708566,72.32101729,-62.72359977,6.54864964,0.0,42.89845455,-5.73160089,0.13904176
1760625266.393,1.23521134,-0.14284415,2.95287608,-0.0437254,0.9821861,-0.01088266,80.0,-7.0,0.0,80.0,1.3962634,0.0,0.0,0.0,80.0,-7.0,0.0,80.0,1.3962634,0.0,0.0,0.0,1.04453307,6.32551591,5.83674349,-4.08729464,-14.75982404,-3.78849351,11.872896,7.05358669,-3.5997002,0.84480762,71.21546018,-63.70297161,4.62438707,0.0,42.97887855,-6.11882673,0.03917635
1760625266.426,1.23406754,-0.1354744,2.97600628,-0.04372889,0.98213534,-0.01094503,80.0,-7.0,0.0,80.0,1.3962634,0.0,0.0,0.0,80.0,-7.0,0.0,80.0,1.3962634,0.0,0.0,0.0,1.01084714,6.27411033,5.73258834,-3.98058134,-14.82728145,-3.58980571,11.6084795,7.10163458,-3.21398685,0.78198771,70.80275345,-64.12271127,3.72748954,0.0,42.94036412,-6.22838015,0.0898455
1760625266.46,1.248128,-0.12286058,2.96731525,-0.04591312,0.98178779,-0.01082612,80.0,-7.0,0.0,80.0,1.3962634,0.0,0.0,0.0,80.0,-7.0,0.0,80.0,1.3962634,0.0,0.0,0.0,1.32181331,6.25683655,5.87063508,-4.30934385,-14.86881742,-3.61194338,11.43565551,7.12357469,-2.97393918,0.7214201,70.41312219,-64.22979929,3.44567562,0.0,42.8358892,-6.2635807,0.1624077
1760625266.493,1.25201431,-0.12348472,2.90381288,-0.04546,0.98134512,-0.01076462,80.0,-7.0,0.0,80.0,1.3962634,0.0,0.0,0.0,80.0,-7.0,0.0,80.0,1.3962634,0.0,0.0,0.0,1.30051381,6.2745647,5.93447542,-4.2458568,-15.01538758,-3.39212826,11.37541801,7.08751728,-2.93567153,0.68825353,70.34459567,-64.33062352,3.67857531,0.0,42.47486818,-6.26081858,0.23921702
1760625266.527,1.23655097,-0.11474082,2.90489546,-0.04450019,0.98083989,-0.01105385,80.0,-7.0,0.0,80.0,1.3962634,0.0,0.0,0.0,80.0,-7.0,0.0,80.0,1.3962634,0.0,0.0,0.0,1.22401175,6.21248119,5.9366847,-4.10405122,-15.05429589,-3.19142374,11.0102903,7.00175738,-2.62592536,0.69737303,70.83618949,-64.20606563,4.30763101,0.0,42.09407339,-6.20680171,0.22795596
1760625266.56,1.26498817,-0.11061339,2.89203753,-0.04611941,0.98035896,-0.01076538,80.0,-7.0,0.0,80.0,1.3962634,0.0,0.0,0.0,80.0,-7.0,0.0,80.0,1.3962634,0.0,0.0,0.0,1.49851759,6.18626682,6.07397911,-4.43409369,-15.04884174,-3.30874201,10.81433794,7.05335539,-2.42058355,0.6977474,71.50131644,-63.78091343,4.5907466,0.0,42.755648,-5.98054432,0.30071993
1760625266.594,1.26157762,-0.11427515,2.88630098,-0.04650317,0.97953975,-0.01088104,80.0,-7.0,0.0,80.0,1.3962634,0.0,0.0,0.0,80.0,-7.0,0.0,80.0,1.3962634,0.0,0.0,0.0,1.40653305,6.05933692,6.36529708,-4.37886592,-14.95880265,-3.68049466,11.11692948,7.21218488,-2.69431405,0.66614479,73.89021372,-62.60211368,4.90200711,0.0,44.78981822,-5.00876953,0.59975397
1760625266.627,1.26956464,-0.10242144,2.9091368,-0.04796829,0.97892837,-0.0104707,80.0,-7.0,0.0,80.0,1.3962634,0.0,0.0,0.0,80.0,-7.0,0.0,80.0,1.3962634,0.0,0.0,0.0,1.55658147,5.92437609,6.65697399,-4.60182047,-14.80120317,-4.0876461,11.35350348,7.29828266,-2.94350179,0.67451022,75.41425516,-61.22538877,4.77892241,0.4681671,46.80305332,-3.75248585,1.08007761
1760625266.66,1.28114544,-0.11183224,2.95375267,-0.04922892,0.97881335,-0.01074506,80.0,-7.0,0.0,80.0,1.3962634,0.0,0.0,0.0,80.0,-7.0,0.0,80.0,1.3962634,0.0,0.0,0.0,1.66556082,5.85666731,6.95994666,-4.7958089,-14.68002891,-4.462617,11.86523186,7.34577524,-3.5272029,0.69062926,74.26642986,-59.79107601,3.16405162,3.49116151,48.04630104,-2.95390956,2.29243821
1760625266.694,1.30266872,-0.10892613,3.0116349,-0.05167381,0.9788546,-0.01195636,80.0,-7.0,0.0,80.0,1.3962634,0.0,0.0,0.0,80.0,-7.0,0.0,80.0,1.3962634,0.0,0.0,0.0,1.9108829,5.72924516,7.49083338,-5.16890944,-14.48337108,-4.99269918,12.21944149,7.31119354,-3.99232556,0.74517231,72.66268034,-57.2561672,3.22342709,8.1834512,47.67413816,-1.61767258,4.11081405
1760625266.728,1.33402444,-0.11908657,3.05843192,-0.05348027,0.97878959,-0.01310035,80.0,-7.0,0.0,80.0,1.3962634,0.0,0.0,0.0,80.0,-7.0,0.0,80.0,1.3962634,0.0,0.0,0.0,2.08544054,5.54503099,7.92898741,-5.42546243,-14.26316351,-5.487735,13.21087051,7.2844619,-5.06382818,0.7150268,71.66049013,-55.21330086,4.49798967,12.2419154,46.30355134,0.09365332,5.85629126
1760625266.761,1.33766515,-0.12490269,3.09946219,-0.05511199,0.97870012,-0.01470358,80.0,-7.0,0.0,80.0,1.3962634,0.0,0.0,0.0,80.0,-7.0,0.0,80.0,1.3962634,0.0,0.0,0.0,2.24855021,5.3988003,8.25082371,-5.60626263,-14.12667293,-5.93081375,13.35411679,7.30353315,-5.2422259,0.70378874,70.43494355,-53.22513525,5.89043572,17.01484539,44.59669971,2.01523867,7.94423913
1760625266.795,1.37844027,-0.13148105,3.10421996,-0.05766334,0.97865266,-0.01698918,80.0,-7.0,0.0,80.0,1.3962634,0.0,0.0,0.0,80.0,-7.0,0.0,80.0,1.3962634,0.0,0.0,0.0,2.4369302,5.11152521,8.68784852,-5.83077093,-13.89891118,-6.54671981,13.7473338,7.42173085,-5.63088269,0.69650028,68.96226827,-50.63423212,7.91359672,23.99855048,43.01624887,4.41676673,10.71239883
1760625266.828,1.41285208,-0.15007056,3.05796106,-0.06124561,0.97924846,-0.01847025,80.0,-7.0,0.0,80.0,1.3962634,0.0,0.0,0.0,80.0,-7.0,0.0,80.0,1.3962634,0.0,0.0,0.0,2.66293776,4.91291571,8.98494355,-6.0431913,-13.72573969,-6.81221151,13.92849803,7.40348807,-5.85726624,0.67958273,67.92137145,-48.71687287,10.10568884,29.66849264,41.12945527,5.87991169,12.7701853
1760625266.861,1.47283338,-0.15589283,2.99891129,-0.06614075,0.98088679,-0.02082496,80.0,-7.0,0.0,80.0,1.3962634,0.0,0.0,0.0,80.0,-7.0,0.0,80.0,1.3962634,0.0,0.0,0.0,2.93547283,4.80701933,9.25840415,-6.34501947,-13.64656742,-7.01010267,14.1641071,7.32334511,-6.09945132,0.63691494,66.9168212,-47.07064904,13.19245586,35.87502561,38.21270842,6.93779293,14.78838439
1760625266.895,1.58208774,-0.20139067,2.9301357,-0.07452143,0.98312474,-0.0256601,80.0,-7.0,0.0,80.0,1.3962634,0.0,0.0,0.0,80.0,-7.0,0.0,80.0,1.3962634,0.0,0.0,0.0,4.1601998,4.7239183,9.32365439,-7.6437469,-13.40941831,-7.00194326,10.97109372,7.27419895,-2.83142924,0.87452092,65.12728606,-45.99199884,18.12106193,45.02422772,33.99347399,8.42204139,17.59120186
1760625266.928,1.65122511,-0.24931412,2.87240217,-0.07911368,0.9850677,-0.02755196,80.0,-7.0,0.0,80.0,1.3962634,0.0,0.0,0.0,80.0,-7.0,0.0,80.0,1.3962634,0.0,0.0,0.0,4.80570319,4.77541621,9.49646609,-8.35475373,-13.34114944,-7.18203576,11.07568993,7.25721203,-2.86031604,0.82805801,64.52007352,-45.64620353,22.21023313,52.48967344,30.73003497,9.36633805,19.51796598
1760625266.961,1.74069966,-0.28923547,2.83355696,-0.07914354,0.98644616,-0.02829981,80.0,-7.0,0.0,80.0,1.3962634,0.0,0.0,0.0,80.0,-7.0,0.0,80.0,1.3962634,0.0,0.0,0.0,4.72238417,4.86008353,9.44339624,-8.31258901,-13.44930145,-7.14294174,12.0325863,7.18650157,-3.73321623,0.70899229,65.12095922,-45.94641517,26.57813419,60.42752898,26.930198,10.10316521,21.06901332
1760625266.995,1.82672304,-0.34555271,2.78392039,-0.08032347,0.98741821,-0.03042887,80.0,-7.0,0.0,80.0,1.3962634,0.0,0.0,0.0,80.0,-7.0,0.0,80.0,1.3962634,0.0,0.0,0.0,4.89008591,4.69617597,8.91166225,-8.39891347,-13.29791114,-6.55180325,10.82931577,7.1093357,-2.46520523,0.82014947,67.27677996,-47.35766548,33.04455791,71.26358924,21.92752297,10.97843355,22.65663331
1760625267.028,1.83115133,-0.3523071,2.73676403,-0.06947812,0.98536537,-0.02920637,80.0,-7.0,0.0,80.0,1.3962634,0.0,0.0,0.0,80.0,-7.0,0.0,80.0,1.3962634,0.0,0.0,0.0,4.03421876,4.33589817,6.50819083,-7.00452239,-13.31300542,-3.92919774,6.89243153,7.04076039,1.55706782,1.15297436,70.10730187,-49.24884427,37.10568793,78.31295676,19.09619432,11.44152781,22.9069244
1760625267.062,1.83493487,-0.35175709,2.71981919,-0.05774701,0.98203199,-0.02754157,80.0,-7.0,0.0,80.0,1.3962634,0.0,0.0,0.0,80.0,-7.0,0.0,80.0,1.3962634,0.0,0.0,0.0,2.88330997,3.88209555,4.61341466,-5.40665343,-13.14874368,-1.93687764,6.09576054,6.92933533,2.43305393,1.22277814,75.47758134,-50.44949397,43.42550002,87.5742582,15.14480168,11.78885592,22.68833162
1760625267.095,1.8230524,-0.34777803,2.70189382,-0.05092432,0.9798744,-0.02576262,80.0,-7.0,0.0,80.0,1.3962634,0.0,0.0,0.0,80.0,-7.0,0.0,80.0,1.3962634,0.0,0.0,0.0,2.28064742,3.69537907,3.56072774,-4.6031386,-13.04853729,-0.78748813,8.21298801,6.75741874,0.42613772,0.96506309,79.53682773,-50.42889453,47.73030246,93.89452157,12.27583225,12.03366925,22.20868877
1760625267.129,1.82957831,-0.30986259,2.64785922,-0.04382304,0.97891546,-0.02194701,80.0,-7.0,0.0,80.0,1.3962634,0.0,0.0,0.0,80.0,-7.0,0.0,80.0,1.3962634,0.0,0.0,0.0,1.34021434,3.66627736,2.34626378,-3.44274011,-13.09460295,0.59426063,9.68974713,6.54614454,-0.96818837,0.73350116,83.93408789,-50.30848503,51.10343866,99.56473722,9.52430712,12.09230132,21.77104324
1760625267.162,1.82958669,-0.25416518,2.60090933,-0.03855418,0.97526452,-0.02010853,80.0,-7.0,0.0,80.0,1.3962634,0.0,0.0,0.0,80.0,-7.0,0.0,80.0,1.3962634,0.0,0.0,0.0,0.87066698,3.24572048,1.29055211,-2.85016227,-12.71069249,1.66618036,9.8006571,6.45639729,-0.97786442,0.69444071,90.00000018,-50.19559623,55.09596326,106.81115198,5.23647979,11.89954621,22.13523729
1760625267.196,1.80025963,-0.24531532,2.58513209,-0.02963982,0.97225358,-0.02207811,80.0,-7.0,0.0,80.0,1.3962634,0.0,0.0,0.0,80.0,-7.0,0.0,80.0,1.3962634,0.0,0.0,0.0,1.97536073,4.41448288,0.60947516,-3.85483426,-13.79573942,2.17456014,11.03861399,6.38124571,-2.24114195,0.52401854,90.00000018,-49.72468437,54.43244395,111.11650652,3.35013513,12.06590006,22.664384
1760625267.229,1.73483505,-0.23256331,2.54150188,-0.01932868,0.96798987,-0.02540182,80.0,-7.0,0.0,80.0,1.3962634,0.0,0.0,0.0,80.0,-7.0,0.0,80.0,1.3962634,0.0,0.0,0.0,3.25144102,5.15425072,0.03831606,-5.02992171,-14.54030551,2.48839286,11.01409246,6.4083442,-2.22769071,0.54622195,90.00000018,-49.11250144,54.19062696,114.26312844,1.80815195,11.94095078,22.7918223
1760625267.263,1.65539493,-0.20434492,2.49143559,-0.01067945,0.96508459,-0.02895496,80.0,-7.0,0.0,80.0,1.3962634,0.0,0.0,0.0,80.0,-7.0,0.0,80.0,1.3962634,0.0,0.0,0.0,4.66290917,6.16417992,-0.26368445,-6.39426398,-15.54964279,2.33804495,11.01364079,6.47731232,-2.23728726,0.52716433,90.00000018,-48.67556688,53.54884539,117.62061712,0.0,11.52434917,22.46615244
1760625267.296,1.58508074,-0.16601636,2.48129772,-0.00638166,0.96327146,-0.0284783,80.0,-7.0,0.0,80.0,1.3962634,0.0,0.0,0.0,80.0,-7.0,0.0,80.0,1.3962634,0.0,0.0,0.0,5.28519834,6.51133139,-0.31498883,-7.00438374,-15.89794296,1.98660504,11.04897609,6.6510123,-2.28687454,0.50753304,90.00000018,-48.08627261,53.3128214,118.89746409,0.0,11.33860622,22.10141395
1760625267.329,1.53474394,-0.12476478,2.47328849,-0.00402558,0.96235007,-0.02863906,80.0,-7.0,0.0,80.0,1.3962634,0.0,0.0,0.0,80.0,-7.0,0.0,80.0,1.3962634,0.0,0.0,0.0,5.72106229,6.80817949,-0.4774157,-7.43872351,-16.22215781,1.75666154,11.06143877,6.83381091,-2.30436231,0.49509354,90.00000018,-48.06045544,53.00715486,119.97873324,0.0,11.07802289,21.74482304
1760625267.363,1.53289839,-0.0860651,2.43558419,-0.00486994,0.96234003,-0.02870729,80.0,-7.0,0.0,80.0,1.3962634,0.0,0.0,0.0,80.0,-7.0,0.0,80.0,1.3962634,0.0,0.0,0.0,6.07555101,7.07154044,-0.56284079,-7.89299719,-16.50889401,1.46566763,11.09360538,6.97532598,-2.36725947,0.50735769,90.00000018,-48.20319876,52.6830141,121.11548606,0.0,10.85359722,21.53884797
1760625267.396,1.57526439,-0.05258758,2.41803436,-0.00689254,0.96258005,-0.02835634,80.0,-7.0,0.0,80.0,1.3962634,0.0,0.0,0.0,80.0,-7.0,0.0,80.0,1.3962634,0.0,0.0,0.0,6.23198631,7.24300782,-0.57752481,-8.19621685,-16.70208482,1.24405058,11.50355432,7.07034111,-2.82144339,0.50079455,90.00000018,-48.38387373,52.51132103,121.85324271,0.0,10.81439032,21.17789844
1760625267.43,1.58436395,-0.02670763,2.41834907,-0.00821677,0.96302559,-0.02865954,80.0,-7.0,0.0,80.0,1.3962634,0.0,0.0,0.0,80.0,-7.0,0.0,80.0,1.3962634,0.0,0.0,0.0,6.41526764,7.35919286,-0.69235238,-8.46589905,-16.85327263,1.19990689,10.9341806,7.12352122,-2.28197214,0.57537175,90.00000018,-48.74670223,52.30892838,122.53624803,0.0,10.82899853,20.7923727
1760625267.463,1.54060178,0.03384103,2.43419797,-0.00708037,0.96268632,-0.02875263,80.0,-7.0,0.0,80.0,1.3962634,0.0,0.0,0.0,80.0,-7.0,0.0,80.0,1.3962634,0.0,0.0,0.0,6.56868665,7.37479152,-0.7131022,-8.70685054,-16.92330002,1.01032191,10.88349884,7.24918988,-2.24231648,0.58356419,90.00000018,-49.07859278,51.82786396,123.3505075,0.0,10.60970267,20.50825959
1760625267.496,1.50547237,0.05521237,2.46842351,-0.00447395,0.96199973,-0.02823225,80.0,-7.0,0.0,80.0,1.3962634,0.0,0.0,0.0,80.0,-7.0,0.0,80.0,1.3962634,0.0,0.0,0.0,6.56510451,7.46860008,-0.73819496,-8.73001646,-17.03674018,0.90853099,10.0608326,7.36546435,-1.43314217,0.67824159,90.00000018,-49.37490837,51.34755019,123.83956221,0.0,10.29168549,20.42920563
1760625267.53,1.47337734,0.08403222,2.48270039,-0.00274192,0.96198105,-0.02832919,80.0,-7.0,0.0,80.0,1.3962634,0.0,0.0,0.0,80.0,-7.0,0.0,80.0,1.3962634,0.0,0.0,0.0,6.53763468,7.60874075,-0.73268696,-8.71264027,-17.20682558,0.86729255,9.56983071,7.37085112,-0.95070777,0.72227686,90.00000018,-49.72090958,50.95178824,124.20086137,0.0,10.06972342,20.49829236
1760625267.564,1.45917356,0.13257777,2.51745829,-0.00122037,0.96246589,-0.02832174,80.0,-7.0,0.0,80.0,1.3962634,0.0,0.0,0.0,80.0,-7.0,0.0,80.0,1.3962634,0.0,0.0,0.0,6.23965178,7.69981155,-0.90535863,-8.37229534,-17.38381517,1.04556494,8.69390618,7.36632255,-0.0789624,0.76864627,90.00000018,-50.02101225,51.14492482,124.16476276,0.0,10.24792384,20.75905317
1760625267.664,1.49744359,0.22785577,2.54917346,-0.00463301,0.96371989,-0.02492844,80.0,-7.0,0.0,80.0,1.3962634,0.0,0.0,0.0,80.0,-7.0,0.0,80.0,1.3962634,0.0,0.0,0.0,5.2479129,7.25197045,-0.46751147,-7.27349304,-17.00363385,1.2619202,7.71068562,6.94093337,0.89732698,0.72000995,90.00000018,-50.65307407,53.34950099,118.99718228,1.45718556,11.70864781,21.47520093
1760625267.697,1.51764014,0.28443024,2.53581255,-0.01029569,0.96374649,-0.01953178,80.0,-7.0,0.0,80.0,1.3962634,0.0,0.0,0.0,80.0,-7.0,0.0,80.0,1.3962634,0.0,0.0,0.0,4.08998981,6.27055598,0.02628281,-6.08216156,-16.02606483,1.06249592,7.81791107,6.89658052,0.87470757,0.65601924,90.00000018,-50.87465114,54.09903671,114.98386321,4.06632437,11.88796171,21.12698446
1760625267.731,1.62440819,0.32509829,2.50919998,-0.01921205,0.96452692,-0.01345544,80.0,-7.0,0.0,80.0,1.3962634,0.0,0.0,0.0,80.0,-7.0,0.0,80.0,1.3962634,0.0,0.0,0.0,2.74626078,5.27692202,0.54835601,-4.83608479,-14.97697765,0.77990378,8.0309035,6.95471725,0.76808767,0.58155174,90.00000018,-51.17488812,54.47500175,110.03636483,6.5572826,11.47536207,20.46489358
1760625267.764,1.70367479,0.40175509,2.50972433,-0.03026283,0.96643227,-0.00341139,80.0,-7.0,0.0,80.0,1.3962634,0.0,0.0,0.0,80.0,-7.0,0.0,80.0,1.3962634,0.0,0.0,0.0,0.93461126,3.61259381,1.34393287,-3.17121055,-13.22358598,0.34438384,8.15366157,7.00896202,0.7099947,0.5066794,90.00000018,-51.12119343,55.04594054,102.12543514,9.97948503,10.14348459,18.65296142
1760625267.798,1.73741096,0.43695678,2.55955048,-0.03666247,0.9690954,0.00044452,80.0,-7.0,0.0,80.0,1.3962634,0.0,0.0,0.0,80.0,-7.0,0.0,80.0,1.3962634,0.0,0.0,0.0,0.74580401,3.38855382,1.97285134,-3.11905346,-12.86472569,-0.16641918,9.0023809,6.98467905,-0.20579397,0.41400876,86.90053718,-50.56804294,53.16338616,95.41456006,12.72411971,9.08253333,16.89029642
1760625267.831,1.74438895,0.45105066,2.61298388,-0.03933442,0.97195679,0.00010312,80.0,-7.0,0.0,80.0,1.3962634,0.0,0.0,0.0,80.0,-7.0,0.0,80.0,1.3962634,0.0,0.0,0.0,1.19165281,3.85376302,2.57971254,-3.70048345,-13.18177328,-0.76409085,9.90667974,6.99853022,-1.18395966,0.36649499,82.23252283,-49.69534237,49.66244484,88.23096312,15.85320592,7.74060412,15.03122824
1760625267.865,1.76526599,0.4674336,2.69714262,-0.04167418,0.97633012,0.00050704,80.0,-7.0,0.0,80.0,1.3962634,0.0,0.0,0.0,80.0,-7.0,0.0,80.0,1.3962634,0.0,0.0,0.0,1.34510774,4.64934392,3.06412044,-4.03478633,-13.80837254,-1.27937726,10.794959,7.07275999,-2.14300078,0.29730793,76.98811109,-48.22822092,44.41036589,77.92027116,20.13895134,7.24993337,13.21800614
1760625267.898,1.74956941,0.47161195,2.75357985,-0.04327819,0.98084442,-0.00058875,80.0,-7.0,0.0,80.0,1.3962634,0.0,0.0,0.0,80.0,-7.0,0.0,80.0,1.3962634,0.0,0.0,0.0,1.48919591,5.32758952,3.37958606,-4.28335234,-14.37073396,-1.58474956,11.57148457,7.05504482,-2.94110441,0.20563667,73.74727761,-46.72350264,40.22379849,69.28528968,24.88651033,8.17138099,12.44858341
1760625267.932,1.72573728,0.45887435,2.76258646,-0.04596978,0.98545089,-0.00201055,80.0,-7.0,0.0,80.0,1.3962634,0.0,0.0,0.0,80.0,-7.0,0.0,80.0,1.3962634,0.0,0.0,0.0,1.82234743,6.05934404,3.93058671,-4.80084707,-14.98168118,-2.23123839,12.29588031,7.20364013,-3.65251712,0.14414718,70.79197635,-44.70731362,35.21322274,57.59559567,32.00937992,9.09696148,10.89334397
1760625267.965,1.67399886,0.44499804,2.74582186,-0.04436505,0.98800631,-0.00466937,80.0,-7.0,0.0,80.0,1.3962634,0.0,0.0,0.0,80.0,-7.0,0.0,80.0,1.3962634,0.0,0.0,0.0,1.88309519,6.38119,4.14780335,-4.90873569,-15.27930555,-2.2914053,11.50285997,7.23315184,-2.88169833,0.23387768,69.86208931,-44.03353306,32.13873365,49.61647139,35.94697456,9.19096852,9.56822169
1760625267.998,1.64384212,0.41425705,2.71669664,-0.04517905,0.98923754,-0.00913457,80.0,-7.0,0.0,80.0,1.3962634,0.0,0.0,0.0,80.0,-7.0,0.0,80.0,1.3962634,0.0,0.0,0.0,2.1278831,6.35798044,5.0678444,-5.31487878,-15.20924133,-2.92460294,11.5815306,7.08238847,-3.00232378,0.29597057,69.71938181,-43.40412913,29.64281956,42.26921934,39.69744118,8.83036173,8.03772267
1760625268.032,1.66826464,0.39764144,2.67536819,-0.04882781,0.98875434,-0.00943571,80.0,-7.0,0.0,80.0,1.3962634,0.0,0.0,0.0,80.0,-7.0,0.0,80.0,1.3962634,0.0,0.0,0.0,2.65832623,6.34479604,5.763724,-6.01756173,-15.11321033,-3.31452557,11.4556674,6.90709805,-2.87693277,0.31299568,69.97654712,-43.11297148,25.56205028,32.87678822,45.27662959,8.11238873,6.01053329
1760625268.065,1.67848117,0.362853,2.62072569,-0.05428876,0.99065845,-0.01144627,80.0,-7.0,0.0,80.0,1.3962634,0.0,0.0,0.0,80.0,-7.0,0.0,80.0,1.3962634,0.0,0.0,0.0,3.03733299,6.48007439,6.71823116,-6.57000581,-15.16071945,-4.09552725,11.51225336,6.78670385,-2.94205257,0.3225124,70.91614834,-43.15263679,22.4810653,26.31333031,49.25171159,7.3615322,4.75762482
1760625268.099,1.6781481,0.31933604,2.59203293,-0.0633502,0.99513303,-0.01489411,80.0,-7.0,0.0,80.0,1.3962634,0.0,0.0,0.0,80.0,-7.0,0.0,80.0,1.3962634,0.0,0.0,0.0,3.68731202,7.00268542,8.05343754,-7.52850147,-15.48579127,-5.43356899,12.4822979,6.64497428,-3.90260462,0.20870998,71.70359492,-43.43549554,19.70024216,20.46656346,52.73602844,6.50668302,3.78294283
1760625268.132,1.68069218,0.29893604,2.55406466,-0.0684145,0.99497405,-0.01506339,80.0,-7.0,0.0,80.0,1.3962634,0.0,0.0,0.0,80.0,-7.0,0.0,80.0,1.3962634,0.0,0.0,0.0,4.33731475,7.05845463,8.11414707,-8.19156805,-15.42433768,-5.47227673,6.94286845,6.68790612,1.80103266,0.64120171,72.93643954,-45.80299254,16.88957107,13.70598811,56.38160829,5.48960947,2.91230704
1760625268.166,1.62123253,0.28703173,2.55508812,-0.06386641,0.99327141,-0.01471803,80.0,-7.0,0.0,80.0,1.3962634,0.0,0.0,0.0,80.0,-7.0,0.0,80.0,1.3962634,0.0,0.0,0.0,3.89223131,6.97588129,7.72314191,-7.54608175,-15.47828078,-5.12144524,8.61031951,6.81731802,0.27641621,0.41146869,74.68232053,-48.08617579,14.98725137,9.3488026,58.59783634,4.64168772,2.38061711
1760625268.199,1.54433935,0.26410368,2.58337451,-0.06131344,0.9899291,-0.01438456,80.0,-7.0,0.0,80.0,1.3962634,0.0,0.0,0.0,80.0,-7.0,0.0,80.0,1.3962634,0.0,0.0,0.0,3.95087496,6.77732513,7.57839793,-7.50781604,-15.22590683,-4.9247517,6.42867109,6.99219625,2.51635735,0.62481736,76.01777438,-50.32571303,13.57326445,5.7338942,60.53015138,3.8136251,2.07014373
1760625268.233,1.45106252,0.22364402,2.64482133,-0.0530913,0.98719587,-0.01410475,80.0,-7.0,0.0,80.0,1.3962634,0.0,0.0,0.0,80.0,-7.0,0.0,80.0,1.3962634,0.0,0.0,0.0,2.87858252,6.60019427,7.26757867,-6.22322997,-15.13552172,-4.20546306,6.79189888,6.88467716,2.05122206,0.67753733,78.27153775,-53.19385296,12.03605742,1.83375146,61.81395194,2.92129583,1.45475216
1760625268.266,1.43608623,0.20121921,2.72775399,-0.05166346,0.98555219,-0.01346593,80.0,-7.0,0.0,80.0,1.3962634,0.0,0.0,0.0,80.0,-7.0,0.0,80.0,1.3962634,0.0,0.0,0.0,2.67681893,6.57097936,6.8163399,-5.8876829,-15.07493549,-3.49720305,4.51173898,6.70635524,4.23981773,0.96334051,78.37684893,-55.37720369,10.88118739,0.0,61.61628908,2.14777179,1.2998377
1760625268.3,1.41591004,0.21829149,2.8026563,-0.0491561,0.9843934,-0.01229809,80.0,-7.0,0.0,80.0,1.3962634,0.0,0.0,0.0,80.0,-7.0,0.0,80.0,1.3962634,0.0,0.0,0.0,2.31007479,6.50924172,6.26409375,-5.33666155,-15.08430441,-2.84884326,4.16041699,6.67973693,4.56273015,1.0473003,76.94276821,-57.78624083,8.37964214,0.0,61.40350439,1.06022167,1.85313157
1760625268.333,1.41707447,0.23266956,2.85083194,-0.04662607,0.98337731,-0.01121141,80.0,-7.0,0.0,80.0,1.3962634,0.0,0.0,0.0,80.0,-7.0,0.0,80.0,1.3962634,0.0,0.0,0.0,1.57080916,6.48003462,5.95681152,-4.45479124,-15.13926337,-2.40775105,4.74840252,6.72728835,4.02192858,0.96725872,75.3944738,-60.00888784,6.03532475,0.0,59.32103656,0.12844547,2.62351371
1760625268.366,1.39989198,0.25417768,2.90702375,-0.04686269,0.98309642,-0.01076635,80.0,-7.0,0.0,80.0,1.3962634,0.0,0.0,0.0,80.0,-7.0,0.0,80.0,1.3962634,0.0,0.0,0.0,1.53896445,6.46623524,5.72088024,-4.32245975,-15.13528343,-2.14032362,4.61771363,6.77227128,4.19688051,0.92878889,73.71825005,-61.26091322,4.31272345,0.0,57.742128,-0.6101481,2.77225766
1760625268.4,1.37748466,0.25618618,2.94575109,-0.04288275,0.98227114,-0.01014469,80.0,-7.0,0.0,80.0,1.3962634,0.0,0.0,0.0,80.0,-7.0,0.0,80.0,1.3962634,0.0,0.0,0.0,0.62866492,6.48174443,5.84005836,-3.33652477,-15.27698808,-2.22146077,7.62648655,6.87327689,1.18386479,0.64095596,73.19755442,-62.15664046,2.79948883,0.0,57.20300833,-1.27039806,3.1005232
1760625268.433,1.36923718,0.27824199,2.96021778,-0.0420609,0.98239518,-0.00996344,80.0,-7.0,0.0,80.0,1.3962634,0.0,0.0,0.0,80.0,-7.0,0.0,80.0,1.3962634,0.0,0.0,0.0,0.50791495,6.50618464,5.746235,-3.18211402,-15.33807533,-1.96386454,7.47683158,6.94894634,1.29715668,0.63282518,71.98106373,-63.14754136,1.26886364,0.0,56.438263,-1.48575423,3.4488122
1760625268.467,1.37022489,0.28300065,2.96219804,-0.04242331,0.98184614,-0.01009048,80.0,-7.0,0.0,80.0,1.3962634,0.0,0.0,0.0,80.0,-7.0,0.0,80.0,1.3962634,0.0,0.0,0.0,0.62099476,6.45139387,5.70276796,-3.31765349,-15.30434447,-1.74471397,7.43662917,6.95961967,1.31557667,0.63746091,71.24222318,-63.72283529,0.65525461,0.0,56.106509,-1.50274408,3.54508571
1760625268.5,1.37384949,0.29519367,2.96428398,-0.04132396,0.98046259,-0.00951681,80.0,-7.0,0.0,80.0,1.3962634,0.0,0.0,0.0,80.0,-7.0,0.0,80.0,1.3962634,0.0,0.0,0.0,0.34771361,6.31761256,6.10364576,-3.1065907,-15.26242442,-1.92350744,9.79747118,6.93229207,-1.12151565,0.41281113,71.29753393,-63.87901125,1.02705591,0.0,55.38803255,-1.43107834,3.69332241
1760625268.534,1.37703505,0.30639152,2.97809086,-0.04122315,0.98040801,-0.00984758,80.0,-7.0,0.0,80.0,1.3962634,0.0,0.0,0.0,80.0,-7.0,0.0,80.0,1.3962634,0.0,0.0,0.0,0.37446193,6.31677661,5.91554497,-3.10704294,-15.36787886,-1.48845851,8.92697138,6.94172482,-0.26960348,0.449853,70.61245045,-64.41211146,0.63647288,0.0,54.73734967,-1.30373273,3.84956234
1760625268.567,1.37086174,0.30637181,2.99851754,-0.04062219,0.97939385,-0.01018719,80.0,-7.0,0.0,80.0,1.3962634,0.0,0.0,0.0,80.0,-7.0,0.0,80.0,1.3962634,0.0,0.0,0.0,0.44708523,6.26117464,6.08139845,-3.18907385,-15.395657,-1.56257441,9.32055724,6.95335769,-0.6481763,0.35507115,70.42791726,-64.54823002,0.32448296,0.0,54.84367554,-1.35089709,3.90436645
1760625268.6,1.35029337,0.303738,2.99566007,-0.03950378,0.97909678,-0.01065671,80.0,-7.0,0.0,80.0,1.3962634,0.0,0.0,0.0,80.0,-7.0,0.0,80.0,1.3962634,0.0,0.0,0.0,0.39956592,6.27790297,6.1913799,-3.10677607,-15.52453295,-1.60710221,10.23968263,6.9685957,-1.56058064,0.22626243,70.18862056,-64.61830961,-0.29510103,0.0,54.87240313,-1.37981159,3.96059729
1760625268.634,1.36987314,0.31256907,2.99017138,-0.03984731,0.97874799,-0.01046385,80.0,-7.0,0.0,80.0,1.3962634,0.0,0.0,0.0,80.0,-7.0,0.0,80.0,1.3962634,0.0,0.0,0.0,0.45543615,6.16626465,6.35672395,-3.15775319,-15.50540487,-1.66525249,10.26580001,6.98393451,-1.59189915,0.18874496,70.11797942,-64.66859168,-0.34478982,0.0,54.61021054,-1.39840229,4.05885031
1760625268.667,1.36656254,0.29550541,2.96895584,-0.03929022,0.97889565,-0.01067327,80.0,-7.0,0.0,80.0,1.3962634,0.0,0.0,0.0,80.0,-7.0,0.0,80.0,1.3962634,0.0,0.0,0.0,0.33109099,6.22258471,6.54036609,-3.0278366,-15.62373659,-1.73527595,11.33991001,6.89919464,-2.66909411,0.05944751,70.07961396,-64.57936034,-0.55493578,0.0,54.51528999,-1.38367372,4.11063546
1760625268.701,1.37483081,0.27913751,2.95915006,-0.03825998,0.97890378,-0.01077935,80.0,-7.0,0.0,80.0,1.3962634,0.0,0.0,0.0,80.0,-7.0,0.0,80.0,1.3962634,0.0,0.0,0.0,-0.00414823,6.22067947,6.57473968,-2.65283379,-15.68886844,-1.67408806,11.35251063,6.88007327,-2.70106314,0.04641967,70.27584732,-64.62788084,-0.61411153,0.0,54.42709503,-1.43090179,4.17969989
1760625268.735,1.38249234,0.28083137,2.96013422,-0.03870131,0.97917666,-0.01037145,80.0,-7.0,0.0,80.0,1.3962634,0.0,0.0,0.0,80.0,-7.0,0.0,80.0,1.3962634,0.0,0.0,0.0,0.04040164,6.16014981,6.55915755,-2.67886363,-15.63319882,-1.63610931,10.8686069,6.88712013,-2.18043634,0.08446818,70.66439592,-64.58229989,-0.62074685,0.0,54.77872282,-1.37295828,4.24056659
1760625268.768,1.39706442,0.27572576,2.9569113,-0.03890073,0.97916681,-0.00995024,80.0,-7.0,0.0,80.0,1.3962634,0.0,0.0,0.0,80.0,-7.0,0.0,80.0,1.3962634,0.0,0.0,0.0,-0.00419147,6.12249907,6.5863261,-2.64522283,-15.57320217,-1.68789504,11.06881309,6.92052159,-2.36031446,0.06219119,71.32169289,-64.43233592,-0.75468832,0.0,55.65280736,-1.26453695,4.26644231
1760625268.801,1.40161442,0.26287162,2.97383779,-0.03945069,0.97877557,-0.00961008,80.0,-7.0,0.0,80.0,1.3962634,0.0,0.0,0.0,80.0,-7.0,0.0,80.0,1.3962634,0.0,0.0,0.0,0.06627715,6.07760268,6.66908163,-2.74864606,-15.456978,-1.84398869,11.14046174,6.99631058,-2.427793,0.08116086,72.37323563,-63.98646389,-0.46464602,0.0,56.57957197,-0.97631979,4.32172618
1760625268.835,1.43152616,0.25047179,3.02976741,-0.04269702,0.97837957,-0.00939508,80.0,-7.0,0.0,80.0,1.3962634,0.0,0.0,0.0,80.0,-7.0,0.0,80.0,1.3962634,0.0,0.0,0.0,0.71169158,5.95102485,6.69049296,-3.452204,-15.16826297,-1.94465076,10.85889939,7.0177035,-2.19458943,0.16206028,74.00430273,-63.03345552,0.41708351,0.0,58.29770309,-0.11901338,4.51467137
1760625268.868,1.43552941,0.25234293,3.08764941,-0.0427109,0.97771079,-0.00917673,80.0,-7.0,0.0,80.0,1.3962634,0.0,0.0,0.0,80.0,-7.0,0.0,80.0,1.3962634,0.0,0.0,0.0,0.47691772,5.76627291,6.99353457,-3.25055964,-14.99482532,-2.31319562,11.40338287,7.03442055,-2.76810699,0.16639673,76.42652408,-61.58330463,1.54833928,0.0,59.34231057,0.8954002,4.62538787
1760625268.902,1.44458795,0.25103255,3.16560509,-0.04230029,0.97666031,-0.00942518,80.0,-7.0,0.0,80.0,1.3962634,0.0,0.0,0.0,80.0,-7.0,0.0,80.0,1.3962634,0.0,0.0,0.0,0.13502957,5.47976687,7.25771127,-2.91361354,-14.76484881,-2.6598904,11.88653039,7.08249588,-3.27233974,0.17941291,79.82707059,-59.09838993,3.77419267,0.0,59.91278611,2.77738815,4.57825136
1760625268.935,1.47690921,0.25476031,3.22020162,-0.04405323,0.97631198,-0.00996549,80.0,-7.0,0.0,80.0,1.3962634,0.0,0.0,0.0,80.0,-7.0,0.0,80.0,1.3962634,0.0,0.0,0.0,0.25013583,5.27468935,7.5730029,-3.07947215,-14.58341757,-3.06877016,12.95313282,7.08892156,-4.38003317,0.10271718,80.15784848,-56.96925861,4.75912135,1.83215783,59.43467975,3.83520991,4.97257784
1760625268.969,1.48946736,0.23622565,3.26805203,-0.04563544,0.97679663,-0.01140418,80.0,-7.0,0.0,80.0,1.3962634,0.0,0.0,0.0,80.0,-7.0,0.0,80.0,1.3962634,0.0,0.0,0.0,0.46223244,5.22074816,7.83336963,-3.33122463,-14.54039531,-3.37703886,13.07733963,7.11485688,-4.55550524,0.09641172,79.11902092,-54.76362822,5.48779266,4.85605007,58.02070294,4.49836873,5.48105844
1760625269.002,1.52005256,0.21950224,3.30117544,-0.04663787,0.97734044,-0.01360803,80.0,-7.0,0.0,80.0,1.3962634,0.0,0.0,0.0,80.0,-7.0,0.0,80.0,1.3962634,0.0,0.0,0.0,0.34257053,5.09059231,8.17284463,-3.2129022,-14.54102043,-3.69488514,13.61123481,7.096263,-5.15114812,0.04129292,77.81347792,-51.54018686,6.86383335,9.52873907,55.14529373,5.07769927,5.94019631
1760625269.035,1.52656311,0.2038711,3.29047312,-0.04704879,0.97808036,-0.0155918,80.0,-7.0,0.0,80.0,1.3962634,0.0,0.0,0.0,80.0,-7.0,0.0,80.0,1.3962634,0.0,0.0,0.0,0.23004912,5.00213311,8.4141071,-3.06351173,-14.59192369,-3.96723767,13.73580265,7.12835151,-5.2855143,0.02421395,76.70922732,-49.03749442,7.73357634,13.54920442,52.91033166,5.39150034,6.4247398
1760625269.069,1.60489661,0.17163818,3.23330101,-0.04958762,0.97943152,-0.01783829,80.0,-7.0,0.0,80.0,1.3962634,0.0,0.0,0.0,80.0,-7.0,0.0,80.0,1.3962634,0.0,0.0,0.0,0.43963413,4.92234903,8.87983163,-3.34145833,-14.56774842,-4.39691084,13.98871526,7.05851188,-5.55375039,-0.02378466,75.34703323,-46.39543109,8.79245471,17.9087146,50.87094342,5.74070759,7.0755747
1760625269.102,1.68761006,0.15407168,3.12147803,-0.05353641,0.98055875,-0.02071965,80.0,-7.0,0.0,80.0,1.3962634,0.0,0.0,0.0,80.0,-7.0,0.0,80.0,1.3962634,0.0,0.0,0.0,0.71045649,4.75154696,9.47558886,-3.67276226,-14.50628911,-4.85817779,14.70885716,6.78063215,-6.23592878,-0.17189507,73.51217211,-43.1178676,10.88170673,24.44446199,47.584368,6.04879429,8.39573444
1760625269.136,1.75960992,0.14160635,3.00943136,-0.05731302,0.98179835,-0.02272036,80.0,-7.0,0.0,80.0,1.3962634,0.0,0.0,0.0,80.0,-7.0,0.0,80.0,1.3962634,0.0,0.0,0.0,1.32123186,4.7377916,9.71213622,-4.33487992,-14.48953202,-5.06634479,14.9564782,6.65406443,-6.43665652,-0.24072926,71.70379709,-41.02334337,12.76550077,29.79018435,45.08301123,6.27463033,9.48459943
1760625269.169,1.81443267,0.13081806,2.90755984,-0.06013971,0.98243505,-0.02495587,80.0,-7.0,0.0,80.0,1.3962634,0.0,0.0,0.0,80.0,-7.0,0.0,80.0,1.3962634,0.0,0.0,0.0,1.71234639,4.59434508,9.79615044,-4.75015075,-14.37882798,-5.1193177,15.0202117,6.54272502,-6.44542767,-0.26879875,70.36682775,-39.45007416,15.10366573,35.45138141,42.70275312,6.52354181,10.79898428
1760625269.203,1.87464931,0.10582459,2.80637349,-0.06464554,0.98481061,-0.02884084,80.0,-7.0,0.0,80.0,1.3962634,0.0,0.0,0.0,80.0,-7.0,0.0,80.0,1.3962634,0.0,0.0,0.0,2.14317548,4.49658783,9.75763869,-5.20568689,-14.31268486,-5.1722776,15.08440848,6.4318431,-6.46116421,-0.28098948,68.95988833,-38.38287113,19.17269693,43.83901687,38.94898995,6.87489585,12.48443207
1760625269.236,1.92152548,0.08155137,2.73224583,-0.06963817,0.98825067,-0.02995621,80.0,-7.0,0.0,80.0,1.3962634,0.0,0.0,0.0,80.0,-7.0,0.0,80.0,1.3962634,0.0,0.0,0.0,2.95017194,4.61691044,9.38425227,-6.0599403,-14.32820257,-4.91953515,14.94816806,6.39510794,-6.28540492,-0.2736475,67.7150229,-38.63964084,22.91822021,50.87150156,35.43934532,7.10110184,13.10683761
1760625269.27,1.9503008,0.05652522,2.64376869,-0.07047366,0.99012367,-0.03061301,80.0,-7.0,0.0,80.0,1.3962634,0.0,0.0,0.0,80.0,-7.0,0.0,80.0,1.3962634,0.0,0.0,0.0,3.17721197,4.63280278,9.10325337,-6.30582038,-14.31665721,-4.62437138,14.42629593,6.30484379,-5.77107367,-0.20366201,67.54981711,-39.52323499,27.08627776,58.31119679,31.69021373,7.26685141,12.89500694
1760625269.303,1.99288205,0.02119237,2.50830307,-0.06930066,0.9912171,-0.03064627,80.0,-7.0,0.0,80.0,1.3962634,0.0,0.0,0.0,80.0,-7.0,0.0,80.0,1.3962634,0.0,0.0,0.0,2.61263195,4.39716941,8.20652288,-5.6267631,-14.23965406,-3.65838987,14.27896452,6.19328878,-5.60074402,-0.12679359,69.19659006,-41.32911038,32.7568615,67.64849158,27.52545027,8.35274867,11.53022889
1760625269.336,1.98704652,0.02417698,2.44085166,-0.06070702,0.98902532,-0.02802837,80.0,-7.0,0.0,80.0,1.3962634,0.0,0.0,0.0,80.0,-7.0,0.0,80.0,1.3962634,0.0,0.0,0.0,1.79308172,4.03276114,6.29569122,-4.45326725,-14.08739186,-1.68351101,12.46834435,6.17443202,-3.67546984,0.04938811,71.08823619,-42.80141424,36.39696797,73.55650592,25.61358106,9.01080912,10.2870011
1760625269.37,1.96296792,0.01356871,2.38794311,-0.05372247,0.98728782,-0.02560575,80.0,-7.0,0.0,80.0,1.3962634,0.0,0.0,0.0,80.0,-7.0,0.0,80.0,1.3962634,0.0,0.0,0.0,1.14783772,3.75934388,4.90694401,-3.57262856,-13.89931986,-0.35119399,11.27056499,6.19418031,-2.40611291,0.15940987,73.21450939,-43.53715737,39.85882717,79.16048352,23.7420822,9.77204491,9.88500413
1760625269.403,1.94340197,0.0013938,2.33784905,-0.04903461,0.98530251,-0.02382471,80.0,-7.0,0.0,80.0,1.3962634,0.0,0.0,0.0,80.0,-7.0,0.0,80.0,1.3962634,0.0,0.0,0.0,0.84920769,3.46129695,4.10184287,-3.20722872,-13.60434274,0.16051116,10.91493114,6.23870983,-2.03719395,0.23194776,76.61980178,-43.91457021,44.44256517,86.93666031,19.9999848,10.35161963,10.88328639
1760625269.437,1.92493155,0.00676107,2.35107864,-0.04510838,0.98397649,-0.01959952,80.0,-7.0,0.0,80.0,1.3962634,0.0,0.0,0.0,80.0,-7.0,0.0,80.0,1.3962634,0.0,0.0,0.0,0.6340656,3.36113053,3.31193773,-2.94203611,-13.48096905,0.72744884,10.93389299,6.20095503,-2.05094679,0.19892961,79.77842625,-44.41771407,47.52628004,92.69488983,16.89040002,10.65559126,12.0499951
1760625269.47,1.91580531,0.00727141,2.35023869,-0.04168161,0.9819381,-0.01804358,80.0,-7.0,0.0,80.0,1.3962634,0.0,0.0,0.0,80.0,-7.0,0.0,80.0,1.3962634,0.0,0.0,0.0,0.29377594,2.88152909,2.51867348,-2.56924935,-13.03828308,1.26967139,10.29935956,6.25855989,-1.3730816,0.28840507,83.38832722,-44.88176444,50.93799898,97.91292396,14.23562004,10.84298103,12.87676222
1760625269.504,1.91194146,0.0152917,2.36415761,-0.03747342,0.97697999,-0.01551315,80.0,-7.0,0.0,80.0,1.3962634,0.0,0.0,0.0,80.0,-7.0,0.0,80.0,1.3962634,0.0,0.0,0.0,-0.1236725,2.21426611,1.54698027,-2.16815314,-12.40166523,1.81500847,10.3148607,6.3905732,-1.34789908,0.29906451,88.04938513,-44.79609437,55.20572627,104.06970096,10.52382785,10.52349953,13.3863779
1760625269.537,1.8821972,0.01352431,2.36788815,-0.03221297,0.97177302,-0.01680798,80.0,-7.0,0.0,80.0,1.3962634,0.0,0.0,0.0,80.0,-7.0,0.0,80.0,1.3962634,0.0,0.0,0.0,0.28233314,2.01425266,0.94961068,-2.60224979,-12.22385095,2.11799747,9.42666678,6.50802055,-0.49847676,0.45286559,90.00000018,-44.6133477,57.24511938,108.20163418,7.89411465,10.0308556,13.84346518
1760625269.571,1.84631983,-0.00269632,2.36013995,-0.02520951,0.96883054,-0.01984263,80.0,-7.0,0.0,80.0,1.3962634,0.0,0.0,0.0,80.0,-7.0,0.0,80.0,1.3962634,0.0,0.0,0.0,1.38671291,2.62774368,0.40028552,-3.73743935,-12.82603597,2.41281135,8.6639765,6.58074373,0.19706826,0.57322708,90.00000018,-44.24461805,57.69631487,111.57650236,5.57233721,9.42600549,13.93411366
1760625269.604,1.76204344,0.00229078,2.35951667,-0.0162048,0.96625389,-0.02166113,80.0,-7.0,0.0,80.0,1.3962634,0.0,0.0,0.0,80.0,-7.0,0.0,80.0,1.3962634,0.0,0.0,0.0,2.98902272,3.73938848,0.1178876,-5.39152184,-13.92197223,2.30979186,8.63623905,6.5830302,0.14620033,0.58087894,90.00000018,-43.85460323,57.2609961,115.45731533,2.06598689,8.53326618,14.05447358
1760625269.638,1.76769947,0.01568943,2.35745462,-0.01217853,0.96481457,-0.02264071,80.0,-7.0,0.0,80.0,1.3962634,0.0,0.0,0.0,80.0,-7.0,0.0,80.0,1.3962634,0.0,0.0,0.0,3.89875412,4.38649419,-0.26940619,-6.29784275,-14.5983042,2.4028355,8.66935806,6.57576948,0.08114028,0.55131003,90.00000018,-44.0364,56.55953154,117.67286528,0.0,7.80494273,14.2232668
1760625269.671,1.77948251,0.03013838,2.35198197,-0.01241918,0.9642372,-0.02189237,80.0,-7.0,0.0,80.0,1.3962634,0.0,0.0,0.0,80.0,-7.0,0.0,80.0,1.3962634,0.0,0.0,0.0,4.08658315,4.5560581,-0.36389318,-6.52682684,-14.78269549,2.23048715,8.75905688,6.6542989,0.03550749,0.50877134,90.00000018,-43.68449906,56.10456834,118.79357862,0.0,7.49938826,14.092443
1760625269.704,1.78228609,0.0519285,2.3555519,-0.01156754,0.96353449,-0.0217488,80.0,-7.0,0.0,80.0,1.3962634,0.0,0.0,0.0,80.0,-7.0,0.0,80.0,1.3962634,0.0,0.0,0.0,4.21514426,4.71607735,-0.5511923,-6.65521224,-14.94980884,2.17650669,8.80740591,6.69937144,0.08492498,0.45004751,90.00000018,-43.75400214,55.51092256,120.07069356,0.0,7.22606377,13.73727134
1760625269.738,1.75849343,0.10020003,2.36966976,-0.01090888,0.96133972,-0.020399,80.0,-7.0,0.0,80.0,1.3962634,0.0,0.0,0.0,80.0,-7.0,0.0,80.0,1.3962634,0.0,0.0,0.0,4.2629611,4.72735573,-0.64839996,-6.675314,-14.9720071,2.16561385,8.80492611,6.6631468,0.12133368,0.42663405,90.00000018,-43.86577916,55.1852219,120.82111969,0.0,7.25082911,13.6154947
1760625269.771,1.75521106,0.10271646,2.39434177,-0.0094336,0.96036338,-0.02101714,80.0,-7.0,0.0,80.0,1.3962634,0.0,0.0,0.0,80.0,-7.0,0.0,80.0,1.3962634,0.0,0.0,0.0,4.32126392,4.78560502,-0.68076738,-6.7172172,-14.99291717,2.12137922,8.84264822,6.6277337,0.07970496,0.44544925,90.00000018,-44.0233851,54.79837832,121.52849203,0.0,7.24562637,13.47103157
1760625269.805,1.77699242,0.09522743,2.42779904,-0.00762889,0.95988053,-0.02137463,80.0,-7.0,0.0,80.0,1.3962634,0.0,0.0,0.0,80.0,-7.0,0.0,80.0,1.3962634,0.0,0.0,0.0,4.11685001,4.92531315,-0.85688236,-6.5149865,-15.0504797,2.33970405,8.83419563,6.54438748,0.11634141,0.45170335,90.00000018,-44.32949025,54.10360008,122.4205325,0.0,7.19967904,13.12824286
1760625269.872,1.76151336,0.11568565,2.49915861,-0.00726095,0.96022516,-0.0217369,80.0,-7.0,0.0,80.0,1.3962634,0.0,0.0,0.0,80.0,-7.0,0.0,80.0,1.3962634,0.0,0.0,0.0,4.00309011,5.04184492,-0.94422214,-6.40873731,-15.07483446,2.47896221,8.79449582,6.45726129,0.18147346,0.46118289,90.00000018,-44.68555073,52.790576,123.81625646,0.0,6.51558188,13.22062294
1760625269.905,1.7011774,0.12891954,2.53447484,-0.00338232,0.95980212,-0.02162318,80.0,-7.0,0.0,80.0,1.3962634,0.0,0.0,0.0,80.0,-7.0,0.0,80.0,1.3962634,0.0,0.0,0.0,3.84008571,5.04422015,-1.06927848,-6.17150797,-15.06345915,2.64902089,8.00434925,6.47202331,0.98802452,0.5417257,90.00000018,-44.75741278,52.67778026,124.14137277,0.0,6.19520471,13.26313507
1760625269.939,1.68050192,0.14603846,2.57120098,-0.00379834,0.95982423,-0.02091489,80.0,-7.0,0.0,80.0,1.3962634,0.0,0.0,0.0,80.0,-7.0,0.0,80.0,1.3962634,0.0,0.0,0.0,3.66676003,4.90544348,-1.02994787,-6.00775041,-14.92487472,2.67455185,7.98213505,6.45050654,1.0323882,0.52973039,90.00000018,-44.47857706,53.08619747,124.31350454,0.0,6.04850023,13.2603741
1760625269.972,1.67515826,0.13787528,2.6016987,-0.00453486,0.96005055,-0.02069243,80.0,-7.0,0.0,80.0,1.3962634,0.0,0.0,0.0,80.0,-7.0,0.0,80.0,1.3962634,0.0,0.0,0.0,3.42967058,4.73553996,-0.89793452,-5.7996445,-14.73012732,2.66712683,7.47232918,6.41729435,1.5443801,0.55171964,90.00000018,-43.93282303,53.8051349,124.39399216,0.0,6.19905653,13.2959
1760625270.006,1.67546954,0.12660074,2.62109551,-0.0052541,0.95991664,-0.0204012,80.0,-7.0,0.0,80.0,1.3962634,0.0,0.0,0.0,80.0,-7.0,0.0,80.0,1.3962634,0.0,0.0,0.0,3.33763121,4.62419659,-0.88730886,-5.69740285,-14.6156155,2.738603,7.43841493,6.38526672,1.5523625,0.55204145,90.00000018,-43.76984766,54.15403524,124.43919208,0.0,6.34884846,13.31211608
1760625270.039,1.63191252,0.14373768,2.61218441,-0.00515231,0.96000124,-0.02041656,80.0,-7.0,0.0,80.0,1.3962634,0.0,0.0,0.0,80.0,-7.0,0.0,80.0,1.3962634,0.0,0.0,0.0,3.35054182,4.60273263,-0.82538519,-5.64570005,-14.61912968,2.84100792,7.36960258,6.26899904,1.59897163,0.54301955,90.00000018,-43.89106906,54.1096228,124.32950326,0.0,6.59840355,13.48788803
1760625270.072,1.62832855,0.13604386,2.65017382,-0.00481016,0.95974544,-0.02030006,80.0,-7.0,0.0,80.0,1.3962634,0.0,0.0,0.0,80.0,-7.0,0.0,80.0,1.3962634,0.0,0.0,0.0,3.41393513,4.72358409,-0.85312817,-5.61442545,-14.75011518,2.92051072,6.65201699,6.21323392,2.33087647,0.56481911,90.00000018,-44.5618495,53.75527815,123.66518131,0.0,7.19035564,13.77555686
1760625270.106,1.62657857,0.13685483,2.65055781,-0.00477572,0.95939441,-0.02020825,80.0,-7.0,0.0,80.0,1.3962634,0.0,0.0,0.0,80.0,-7.0,0.0,80.0,1.3962634,0.0,0.0,0.0,3.43524985,4.8292099,-0.8154422,-5.56206081,-14.88256744,2.89852275,6.53578671,6.19077788,2.4826671,0.53867142,90.00000018,-45.28713992,53.48850865,122.65558606,0.0,7.42998858,13.96477903
1760625270.139,1.63136709,0.14684331,2.63037024,-0.00645435,0.95945666,-0.01897201,80.0,-7.0,0.0,80.0,1.3962634,0.0,0.0,0.0,80.0,-7.0,0.0,80.0,1.3962634,0.0,0.0,0.0,3.21077671,4.70058351,-0.6318494,-5.29456634,-14.75188127,2.80051021,6.48502115,6.16501633,2.57545704,0.4949645,90.00000018,-45.77480207,53.73226738,120.96385504,0.0,7.46651844,13.91911399
1760625270.173,1.60896102,0.16935505,2.62897724,-0.00626942,0.95938505,-0.01725689,80.0,-7.0,0.0,80.0,1.3962634,0.0,0.0,0.0,80.0,-7.0,0.0,80.0,1.3962634,0.0,0.0,0.0,2.96513868,4.74332034,-0.48098613,-4.9504608,-14.78195716,2.74495594,5.765526,6.16923999,3.30191424,0.54221614,90.00000018,-46.84965487,53.76623873,117.67363832,0.0,7.27757,13.86534477
1760625270.206,1.61030341,0.19518344,2.62218729,-0.01079664,0.96069778,-0.01341087,80.0,-7.0,0.0,80.0,1.3962634,0.0,0.0,0.0,80.0,-7.0,0.0,80.0,1.3962634,0.0,0.0,0.0,2.17263837,4.19351986,-0.07780456,-4.17500393,-14.19645702,2.48906666,5.78422895,6.16564593,3.26915696,0.51326331,90.00000018,-46.85216907,54.20971753,113.68029927,2.23158137,7.51719212,13.71474072
1760625270.24,1.62329896,0.22540207,2.62046475,-0.01613976,0.96288183,-0.00868766,80.0,-7.0,0.0,80.0,1.3962634,0.0,0.0,0.0,80.0,-7.0,0.0,80.0,1.3962634,0.0,0.0,0.0,0.84136423,3.35083706,0.23960576,-2.87171238,-13.33313425,2.33415431,5.77613408,6.18702372,3.27381165,0.49055703,90.00000018,-46.49263583,54.63571645,108.69489818,5.42955527,7.7603986,13.36084052
1760625270.273,1.72597415,0.26680846,2.61906975,-0.02772659,0.9661804,-0.00323966,80.0,-7.0,0.0,80.0,1.3962634,0.0,0.0,0.0,80.0,-7.0,0.0,80.0,1.3962634,0.0,0.0,0.0,-0.76081512,2.30956795,0.9342011,-1.46122326,-12.290753,1.75751118,5.83907008,6.19478158,3.21324203,0.47436088,89.61175288,-45.86047419,54.57325768,101.59321643,9.52283248,8.06185641,12.75376566
1760625270.307,1.77092656,0.2864732,2.61553748,-0.03160522,0.96781592,-0.00213526,80.0,-7.0,0.0,80.0,1.3962634,0.0,0.0,0.0,80.0,-7.0,0.0,80.0,1.3962634,0.0,0.0,0.0,-0.66022158,2.63044129,1.30991409,-1.68047528,-12.57757703,1.33441441,6.80497927,6.1836865,2.24937684,0.3378093,86.33362309,-45.3880607,52.09011735,95.9012645,13.04912148,8.34588306,12.5637643
1760625270.34,1.78827762,0.28670696,2.60425847,-0.03548554,0.97028344,-0.00319503,80.0,-7.0,0.0,80.0,1.3962634,0.0,0.0,0.0,80.0,-7.0,0.0,80.0,1.3962634,0.0,0.0,0.0,-0.36751418,2.98020639,1.7089619,-2.10352732,-12.88360529,0.84675521,6.80086399,6.22125056,2.22515804,0.33171186,83.11804029,-44.9349104,49.21738759,90.13197174,16.42995099,7.81930374,12.37688572
1760625270.373,1.81801443,0.29047725,2.5757732,-0.0392477,0.97214521,-0.00473288,80.0,-7.0,0.0,80.0,1.3962634,0.0,0.0,0.0,80.0,-7.0,0.0,80.0,1.3962634,0.0,0.0,0.0,0.10127181,3.14403306,2.23661056,-2.77960639,-13.00837465,0.14995433,8.15904442,6.30017177,0.84064613,0.20060991,79.09840432,-43.99867601,45.27363117,81.78420303,20.94013942,7.45764432,11.83057583
1760625270.407,1.81365303,0.29972135,2.56102517,-0.04143969,0.97550125,-0.00450397,80.0,-7.0,0.0,80.0,1.3962634,0.0,0.0,0.0,80.0,-7.0,0.0,80.0,1.3962634,0.0,0.0,0.0,0.3975162,3.67078368,2.49823204,-3.23207643,-13.45925803,-0.22855335,9.56350221,6.35413211,-0.60507227,0.03162542,76.26158804,-43.02323722,41.67360421,75.10346541,24.50348175,7.74729438,11.13718992
1760625270.44,1.77849848,0.31562184,2.57416267,-0.04165393,0.97896013,-0.00296341,80.0,-7.0,0.0,80.0,1.3962634,0.0,0.0,0.0,80.0,-7.0,0.0,80.0,1.3962634,0.0,0.0,0.0,0.74773188,4.20460278,2.73963163,-3.71996928,-13.90484215,-0.62866709,10.41277347,6.41386325,-1.52489241,-0.09073764,73.92336098,-41.91545873,38.00863829,68.01347216,28.92494841,8.34885144,10.25223152
1760625270.474,1.74499195,0.32088696,2.57083534,-0.04286797,0.98305616,-0.00226692,80.0,-7.0,0.0,80.0,1.3962634,0.0,0.0,0.0,80.0,-7.0,0.0,80.0,1.3962634,0.0,0.0,0.0,1.35692204,4.74753634,3.14685239,-4.51503241,-14.33118729,-1.21025813,11.62337197,6.44392564,-2.84012711,-0.22303869,71.68530719,-40.72698437,33.64418683,58.84329951,33.99715227,8.56698318,8.864773
1760625270.507,1.72677896,0.31218918,2.57466863,-0.04350504,0.98634263,-0.00341933,80.0,-7.0,0.0,80.0,1.3962634,0.0,0.0,0.0,80.0,-7.0,0.0,80.0,1.3962634,0.0,0.0,0.0,1.69289585,5.093899,3.41420128,-4.98661293,-14.60243055,-1.65990097,12.3290375,6.4989142,-3.56247806,-0.28493575,70.74687923,-40.19182878,30.43622375,52.20774434,37.32981068,8.40507351,7.75762822
1760625270.541,1.72727014,0.29056473,2.56151347,-0.04564805,0.99070449,-0.00553184,80.0,-7.0,0.0,80.0,1.3962634,0.0,0.0,0.0,80.0,-7.0,0.0,80.0,1.3962634,0.0,0.0,0.0,1.8050136,5.51230164,3.74703944,-5.25816008,-14.93373419,-2.1640514,13.12634804,6.56247618,-4.35596234,-0.35698609,70.57483244,-39.82961289,27.01286895,45.5545975,41.17990258,8.28691638,6.37752169
1760625270.574,1.72699855,0.25960417,2.54990747,-0.04938771,0.99240015,-0.0085868,80.0,-7.0,0.0,80.0,1.3962634,0.0,0.0,0.0,80.0,-7.0,0.0,80.0,1.3962634,0.0,0.0,0.0,2.16563146,5.70840374,4.41296356,-5.8451518,-14.95783037,-2.94960418,13.65064148,6.59500293,-4.87636184,-0.36537883,70.92000253,-39.65124814,22.62404937,36.96832161,46.8619506,8.04005294,4.7115574
1760625270.607,1.73142285,0.2422454,2.5474864,-0.04979715,0.99030418,-0.01011474,80.0,-7.0,0.0,80.0,1.3962634,0.0,0.0,0.0,80.0,-7.0,0.0,80.0,1.3962634,0.0,0.0,0.0,2.13069828,5.44472277,4.4400248,-5.80351411,-14.64244061,-2.89364777,13.54092974,6.52669791,-4.76404068,-0.3061491,71.77794893,-40.28877212,19.36052554,30.8506862,51.05748253,7.75055358,3.67532311
1760625270.641,1.73705124,0.23107675,2.5539479,-0.05521068,0.98997329,-0.01240555,80.0,-7.0,0.0,80.0,1.3962634,0.0,0.0,0.0,80.0,-7.0,0.0,80.0,1.3962634,0.0,0.0,0.0,2.68625968,5.51690003,4.78178618,-6.49164579,-14.5269669,-3.23829643,9.30206109,6.58671192,-0.52307351,0.16429637,72.27790628,-41.12720592,16.33414707,25.20148518,54.99023933,7.31393799,2.53234542
1760625270.675,1.73466452,0.20314867,2.5767319,-0.06231819,0.99391768,-0.01468699,80.0,-7.0,0.0,80.0,1.3962634,0.0,0.0,0.0,80.0,-7.0,0.0,80.0,1.3962634,0.0,0.0,0.0,3.03441798,6.12042603,6.09538415,-7.14531575,-14.84287657,-4.63881607,10.94412342,6.49229488,-2.16693771,0.03543974,73.38316182,-41.99701096,12.70968746,18.36361594,59.52248957,6.41704691,1.22817128
1760625270.708,1.69919035,0.18297412,2.60078073,-0.06161138,0.99501984,-0.01668324,80.0,-7.0,0.0,80.0,1.3962634,0.0,0.0,0.0,80.0,-7.0,0.0,80.0,1.3962634,0.0,0.0,0.0,2.65219815,6.2161004,6.56799144,-6.74820127,-14.88728641,-5.01316559,13.25747933,6.34066035,-4.4598537,-0.17807796,74.81484557,-43.41514737,11.07323784,13.79755303,61.65756958,5.54144923,0.55405695
1760625270.741,1.64998064,0.17595355,2.63118084,-0.06116391,0.99413501,-0.01657058,80.0,-7.0,0.0,80.0,1.3962634,0.0,0.0,0.0,80.0,-7.0,0.0,80.0,1.3962634,0.0,0.0,0.0,2.65874806,6.25072276,6.79649426,-6.67490877,-14.82936465,-5.13673139,14.2627153,6.16733472,-5.43626177,-0.29692486,75.55887867,-45.12487619,9.88666109,9.76952983,62.95198862,4.62283566,0.10429751
1760625270.775,1.54934887,0.16190655,2.65414397,-0.05458106,0.99204086,-0.01589008,80.0,-7.0,0.0,80.0,1.3962634,0.0,0.0,0.0,80.0,-7.0,0.0,80.0,1.3962634,0.0,0.0,0.0,2.22480933,6.25117434,6.64809701,-6.00211138,-14.8121032,-4.7916233,13.98683282,6.04473388,-5.09261298,-0.282112,76.52264841,-47.70064584,7.93081357,5.08862972,64.07044202,3.32868671,-0.75133585
1760625270.808,1.47641812,0.17492266,2.68705238,-0.04951639,0.98846381,-0.01546095,80.0,-7.0,0.0,80.0,1.3962634,0.0,0.0,0.0,80.0,-7.0,0.0,80.0,1.3962634,0.0,0.0,0.0,1.86027649,6.01756693,6.55340558,-5.43325661,-14.61880732,-4.5316004,14.72478532,5.92811318,-5.7948653,-0.36112965,77.05847881,-49.59941047,6.62161497,2.15860531,64.45332843,2.43769878,-1.33186684
1760625270.842,1.44106892,0.15401588,2.71544181,-0.04773915,0.98704272,-0.01553072,80.0,-7.0,0.0,80.0,1.3962634,0.0,0.0,0.0,80.0,-7.0,0.0,80.0,1.3962634,0.0,0.0,0.0,1.64088819,6.15052735,6.37354107,-5.1360567,-14.69724507,-4.15741053,13.57503942,5.86258022,-4.58169885,-0.25837506,75.78981307,-52.05601056,4.0765648,0.0,63.78783567,1.39246182,-1.26405413
1760625270.875,1.39291827,0.14343839,2.76470697,-0.04339084,0.98562631,-0.01524629,80.0,-7.0,0.0,80.0,1.3962634,0.0,0.0,0.0,80.0,-7.0,0.0,80.0,1.3962634,0.0,0.0,0.0,0.70710108,6.24862714,6.31401003,-4.10409322,-14.86808007,-3.96262319,15.62617883,5.80507524,-6.62150845,-0.52257649,74.03715782,-53.68218233,1.57959969,0.0,62.53017821,0.40191905,-0.6920921
1760625270.909,1.35088804,0.1489117,2.81083174,-0.04053803,0.98453341,-0.01497768,80.0,-7.0,0.0,80.0,1.3962634,0.0,0.0,0.0,80.0,-7.0,0.0,80.0,1.3962634,0.0,0.0,0.0,0.08653508,6.1427136,6.09989789,-3.39207088,-14.85874248,-3.6227667,15.81603015,5.80742975,-6.80831658,-0.53277998,72.27010536,-55.12250365,-0.00013478,0.0,60.53040265,-0.47187429,-0.28158433
1760625270.942,1.35289914,0.14171978,2.85068965,-0.04050989,0.98453746,-0.01539346,80.0,-7.0,0.0,80.0,1.3962634,0.0,0.0,0.0,80.0,-7.0,0.0,80.0,1.3962634,0.0,0.0,0.0,0.00516825,6.10473663,5.66513948,-3.32598704,-14.85504306,-3.00355107,15.5023722,5.77158778,-6.47065268,-0.51446444,69.51416859,-56.54678018,-1.42142097,0.0,56.51318243,-1.07020752,-0.0678122
1760625270.975,1.35108852,0.14358525,2.86133188,-0.03997745,0.98334806,-0.01467667,80.0,-7.0,0.0,80.0,1.3962634,0.0,0.0,0.0,80.0,-7.0,0.0,80.0,1.3962634,0.0,0.0,0.0,-0.2161086,6.0486763,5.66425609,-3.1602295,-14.84089665,-2.85849217,15.95235381,5.74725839,-6.93577487,-0.58028393,67.96412698,-57.11642031,-2.81349473,0.0,54.28814026,-1.23066833,0.09920259
1760625271.009,1.37011182,0.14777776,2.88465764,-0.0391584,0.98166808,-0.01391953,80.0,-7.0,0.0,80.0,1.3962634,0.0,0.0,0.0,80.0,-7.0,0.0,80.0,1.3962634,0.0,0.0,0.0,-0.42881323,5.91618597,5.58250268,-2.99911261,-14.7731509,-2.63887042,15.85952082,5.73790322,-6.87277334,-0.5578887,66.6133261,-57.64777314,-4.45783553,0.0,53.01424036,-1.18579297,0.46322764
1760625271.042,1.35378196,0.13695943,2.88961221,-0.03899194,0.98181736,-0.01429787,80.0,-7.0,0.0,80.0,1.3962634,0.0,0.0,0.0,80.0,-7.0,0.0,80.0,1.3962634,0.0,0.0,0.0,-0.48846823,5.94322787,5.49552644,-2.97548786,-14.85872082,-2.30875983,15.51854609,5.66074512,-6.57164702,-0.54833688,64.58588429,-58.08812925,-6.8503988,0.0,51.04866399,-0.92880446,1.01567303
1760625271.076,1.32647174,0.13698101,2.91849679,-0.03809661,0.98105459,-0.01430214,80.0,-7.0,0.0,80.0,1.3962634,0.0,0.0,0.0,80.0,-7.0,0.0,80.0,1.3962634,0.0,0.0,0.0,-0.53930365,5.89661079,5.61559759,-2.94528396,-14.89154862,-2.35192472,15.5249064,5.64300188,-6.58351103,-0.54183198,63.29746563,-58.26462365,-8.69026896,0.0,50.57596664,-1.08124842,1.35636024
1760625271.109,1.31053096,0.14353254,2.93701316,-0.03632501,0.9810021,-0.01461155,80.0,-7.0,0.0,80.0,1.3962634,0.0,0.0,0.0,80.0,-7.0,0.0,80.0,1.3962634,0.0,0.0,0.0,-0.59602826,5.83331595,5.50389698,-2.84839083,-14.9350924,-2.17553619,15.80698708,5.61726614,-6.84077088,-0.59454704,62.24939769,-58.54280891,-10.12353657,0.0,49.81717373,-1.05214393,1.54227113
1760625271.143,1.29550671,0.1312863,2.97011632,-0.03542153,0.98053391,-0.01451086,80.0,-7.0,0.0,80.0,1.3962634,0.0,0.0,0.0,80.0,-7.0,0.0,80.0,1.3962634,0.0,0.0,0.0,-0.81938557,5.70574248,5.50774558,-2.60107412,-14.91262286,-2.12364669,15.77024066,5.61350505,-6.78040454,-0.62394477,61.55436962,-58.62637771,-11.53884254,0.0,49.01300358,-0.90178537,1.54544598
1760625271.176,1.2881396,0.13001495,2.97224803,-0.03550981,0.98046328,-0.01420163,80.0,-7.0,0.0,80.0,1.3962634,0.0,0.0,0.0,80.0,-7.0,0.0,80.0,1.3962634,0.0,0.0,0.0,-0.704017,5.60077322,5.57748802,-2.73771941,-14.85984223,-2.14532633,15.71203289,5.62987124,-6.70195724,-0.60682225,61.22651405,-58.58056799,-11.95441044,0.0,48.33317585,-0.57564997,1.61154354
1760625271.21,1.31385612,0.14253766,2.97719707,-0.03632957,0.98059121,-0.01362358,80.0,-7.0,0.0,80.0,1.3962634,0.0,0.0,0.0,80.0,-7.0,0.0,80.0,1.3962634,0.0,0.0,0.0,-0.56785419,5.48881398,5.56980955,-2.89979043,-14.779172,-2.02825059,15.68067073,5.56997234,-6.67877621,-0.62446861,60.90200986,-58.50120105,-11.86203144,0.0,47.30471828,-0.2355109,1.70907143
1760625271.243,1.33737465,0.13310939,2.98546094,-0.03865305,0.98093243,-0.01368081,80.0,-7.0,0.0,80.0,1.3962634,0.0,0.0,0.0,80.0,-7.0,0.0,80.0,1.3962634,0.0,0.0,0.0,-0.22586648,5.39948174,5.44533537,-3.25826631,-14.69485113,-1.78148539,13.84183327,5.54167026,-4.838214,-0.41113739,60.26080764,-58.52671183,-11.87378339,0.0,46.62690347,-0.02829628,1.71612266
1760625271.277,1.35589741,0.14358509,2.95227685,-0.03911289,0.98128866,-0.01361381,80.0,-7.0,0.0,80.0,1.3962634,0.0,0.0,0.0,80.0,-7.0,0.0,80.0,1.3962634,0.0,0.0,0.0,-0.26611478,5.27953135,5.44935016,-3.21480529,-14.62624826,-1.72715817,13.82428709,5.55863218,-4.78671837,-0.41693016,60.20216615,-58.50828964,-12.00385519,0.0,46.54657051,0.13830407,1.69915123
1760625271.31,1.39624061,0.14823115,2.9246906,-0.04060711,0.98155267,-0.01332258,80.0,-7.0,0.0,80.0,1.3962634,0.0,0.0,0.0,80.0,-7.0,0.0,80.0,1.3962634,0.0,0.0,0.0,-0.25438347,5.18256493,5.45148285,-3.24558827,-14.55754396,-1.64014105,13.80415305,5.49470658,-4.74344025,-0.4386414,60.11043753,-58.40605485,-12.17646577,0.0,46.32685004,0.45189109,1.709508
1760625271.344,1.42236317,0.12564793,2.88055532,-0.04075299,0.98184571,-0.01336572,80.0,-7.0,0.0,80.0,1.3962634,0.0,0.0,0.0,80.0,-7.0,0.0,80.0,1.3962634,0.0,0.0,0.0,-0.20706066,5.21220857,5.41135107,-3.29547799,-14.54508333,-1.50956955,13.71630006,5.44214672,-4.62060658,-0.47694473,59.62898091,-58.20800264,-12.86352006,0.0,46.56052474,0.83538231,1.60712832
1760625271.377,1.43617079,0.15491152,2.85003851,-0.04046331,0.98220621,-0.01305497,80.0,-7.0,0.0,80.0,1.3962634,0.0,0.0,0.0,80.0,-7.0,0.0,80.0,1.3962634,0.0,0.0,0.0,-0.2075435,5.07371076,5.41513946,-3.29549756,-14.39033639,-1.51634679,13.71149412,5.44612856,-4.58083895,-0.51690874,59.30708609,-57.98587115,-12.90668422,0.0,46.52534776,1.14592476,1.49310597
1760625271.41,1.43598468,0.12923186,2.82369754,-0.04323187,0.98307761,-0.01350934,80.0,-7.0,0.0,80.0,1.3962634,0.0,0.0,0.0,80.0,-7.0,0.0,80.0,1.3962634,0.0,0.0,0.0,0.40833596,5.1707877,5.38671378,-3.96118606,-14.32210842,-1.59271126,12.34736019,5.51623162,-3.16108898,-0.38631626,57.86792437,-57.57123701,-13.08534566,0.0,46.10276688,1.46765688,1.49773215
1760625271.444,1.44241857,0.1067178,2.75346683,-0.04220002,0.9840426,-0.01377808,80.0,-7.0,0.0,80.0,1.3962634,0.0,0.0,0.0,80.0,-7.0,0.0,80.0,1.3962634,0.0,0.0,0.0,0.36460242,5.2662401,5.49772268,-3.98454942,-14.24465498,-1.63668505,12.59797629,5.49887524,-3.3991475,-0.41056605,56.24456503,-56.84491744,-13.30962455,0.0,45.73552664,1.68756934,1.57601439
1760625271.477,1.45374012,0.08455283,2.73415386,-0.04164641,0.98500458,-0.01466098,80.0,-7.0,0.0,80.0,1.3962634,0.0,0.0,0.0,80.0,-7.0,0.0,80.0,1.3962634,0.0,0.0,0.0,0.24914434,5.31696805,5.52950678,-3.9050346,-14.15833693,-1.64172364,13.31018832,5.46352007,-4.12437396,-0.47934121,54.63689551,-56.20352469,-13.91858593,0.0,45.80237668,1.72880955,1.53634636
1760625271.511,1.45117534,0.06404513,2.73210732,-0.04131678,0.98636157,-0.01570976,80.0,-7.0,0.0,80.0,1.3962634,0.0,0.0,0.0,80.0,-7.0,0.0,80.0,1.3962634,0.0,0.0,0.0,0.20394215,5.41707328,5.50184307,-3.86752482,-14.12732722,-1.61487606,13.21280533,5.46820597,-4.06069446,-0.42379407,52.5665234,-55.47740827,-14.84518954,0.0,45.93925809,1.79799048,1.64847048
1760625271.544,1.46608718,0.05253435,2.70689019,-0.04185243,0.98860518,-0.01702355,80.0,-7.0,0.0,80.0,1.3962634,0.0,0.0,0.0,80.0,-7.0,0.0,80.0,1.3962634,0.0,0.0,0.0,0.05046645,5.52867364,5.38113514,-3.71846182,-14.09694331,-1.56168199,12.79372425,5.51632581,-3.6079566,-0.35355083,49.48369385,-54.36848674,-16.17779328,0.0,45.70497503,1.90245849,1.73977893
1760625271.578,1.50435358,0.05115847,2.71342792,-0.04901528,0.99021483,-0.01891704,80.0,-7.0,0.0,80.0,1.3962634,0.0,0.0,0.0,80.0,-7.0,0.0,80.0,1.3962634,0.0,0.0,0.0,1.38025577,5.52387685,4.58257242,-5.11993319,-13.83908354,-0.98944078,3.3111054,5.84415927,5.99116658,0.76279436,45.18346475,-53.93837663,-17.8120935,0.0,45.57925162,1.93938112,1.81703725
1760625271.611,1.48467192,0.04098693,2.70611572,-0.0470917,0.99002679,-0.01980497,80.0,-7.0,0.0,80.0,1.3962634,0.0,0.0,0.0,80.0,-7.0,0.0,80.0,1.3962634,0.0,0.0,0.0,1.02282006,5.4562414,4.77080443,-4.73552788,-13.73784203,-1.22173237,6.51537147,5.86725199,2.78177459,0.4290369,43.23076096,-52.75684038,-18.77488856,0.0,45.8176099,1.96534069,2.02270611
1760625271.644,1.47649282,0.0485685,2.68815182,-0.04808483,0.99087914,-0.02131192,80.0,-7.0,0.0,80.0,1.3962634,0.0,0.0,0.0,80.0,-7.0,0.0,80.0,1.3962634,0.0,0.0,0.0,1.26658546,5.43037649,4.07848191,-4.93922673,-13.59852738,-0.63428118,0.2213239,6.03510412,9.09607717,1.14090245,39.14531936,-51.49137481,-21.1639662,0.0,45.91933514,2.11336927,2.18447227
1760625271.678,1.46776653,0.06889419,2.71064791,-0.04652111,0.98843459,-0.02067399,80.0,-7.0,0.0,80.0,1.3962634,0.0,0.0,0.0,80.0,-7.0,0.0,80.0,1.3962634,0.0,0.0,0.0,1.03607291,5.15302676,4.22505335,-4.67504719,-13.36698275,-0.81353378,3.78720293,6.07791614,5.48482173,0.76525578,37.1918388,-50.04719566,-21.93070073,0.0,45.96499361,2.12848964,2.35602472
1760625271.711,1.45223948,0.0907971,2.70955014,-0.04585319,0.98649657,-0.02007787,80.0,-7.0,0.0,80.0,1.3962634,0.0,0.0,0.0,80.0,-7.0,0.0,80.0,1.3962634,0.0,0.0,0.0,0.91713262,4.8778588,4.30667558,-4.54283107,-13.11415596,-0.87215953,5.06138106,6.05341036,4.1687529,0.61818907,34.99417203,-48.68167828,-22.45001468,0.0,46.13174147,2.15202582,2.52449542
1760625271.745,1.4736762,0.11704839,2.67929912,-0.05127098,0.98661577,-0.02065954,80.0,-7.0,0.0,80.0,1.3962634,0.0,0.0,0.0,80.0,-7.0,0.0,80.0,1.3962634,0.0,0.0,0.0,1.62607189,4.74416127,3.75587085,-5.32452894,-12.9552576,-0.33451723,0.0,6.07950654,9.27485639,1.13858873,30.6810327,-46.83896756,-23.15279301,0.0,45.26050146,2.38890799,2.80917225
1760625271.778,1.43616551,0.13638152,2.66091723,-0.04937906,0.98443566,-0.02012242,80.0,-7.0,0.0,80.0,1.3962634,0.0,0.0,0.0,80.0,-7.0,0.0,80.0,1.3962634,0.0,0.0,0.0,1.73030798,4.35308585,3.66908411,-5.33854983,-12.64696294,-0.25901578,0.0,6.05871817,9.27231916,1.1206652,28.30452839,-45.39594441,-23.11797474,0.0,44.96521469,2.56130901,3.19781868
1760625271.812,1.405569,0.14129775,2.6169674,-0.04523368,0.98394316,-0.02068622,80.0,-7.0,0.0,80.0,1.3962634,0.0,0.0,0.0,80.0,-7.0,0.0,80.0,1.3962634,0.0,0.0,0.0,1.53549988,4.09361296,3.85765341,-5.07319938,-12.47314242,-0.53508066,0.12601911,6.22024238,9.12037921,1.08090391,25.92684164,-43.02637576,-22.23377939,0.0,43.58177627,2.80293247,3.37528252
1760625271.845,1.33409642,0.12367133,2.62967935,-0.03922131,0.9821506,-0.02016309,80.0,-7.0,0.0,80.0,1.3962634,0.0,0.0,0.0,80.0,-7.0,0.0,80.0,1.3962634,0.0,0.0,0.0,1.26152788,3.83000754,3.29927618,-4.58541211,-12.29006133,0.2332899,0.0,6.04991752,9.1877549,1.07807475,24.10241241,-41.19756277,-22.3041634,0.0,41.97098901,2.95590511,3.33119811
1760625271.879,1.24425101,0.13959892,2.63399029,-0.02945948,0.97950038,-0.01759332,80.0,-7.0,0.0,80.0,1.3962634,0.0,0.0,0.0,80.0,-7.0,0.0,80.0,1.3962634,0.0,0.0,0.0,0.35980606,3.37619886,3.08929785,-3.40863158,-12.03307034,0.53065037,7.31090551,5.93438987,1.78990234,0.2684747,23.10931057,-39.49695188,-22.43115426,0.0,41.66396502,3.03966091,3.5628758
1760625271.912,1.24940646,0.13818539,2.59088114,-0.02727661,0.98022491,-0.01878399,80.0,-7.0,0.0,80.0,1.3962634,0.0,0.0,0.0,80.0,-7.0,0.0,80.0,1.3962634,0.0,0.0,0.0,-0.04876769,3.15038808,2.97749389,-2.94265809,-11.85262627,0.70702289,6.08473507,5.92922397,3.02541271,0.42933112,20.98028176,-37.0427371,-22.50502548,0.0,40.49542276,3.14498242,3.67732076
1760625271.946,1.24861717,0.14598228,2.57815594,-0.0269042,0.97652188,-0.01711266,80.0,-7.0,0.0,80.0,1.3962634,0.0,0.0,0.0,80.0,-7.0,0.0,80.0,1.3962634,0.0,0.0,0.0,-0.26013077,2.68042137,2.90712664,-2.63923431,-11.41282319,0.86455888,6.77169363,5.83660374,2.32367356,0.33320315,19.33013691,-35.3297816,-22.70051893,0.0,40.15141595,3.18069828,3.80319874
1760625271.979,1.2612901,0.12559762,2.55277417,-0.02447832,0.97483562,-0.01631602,80.0,-7.0,0.0,80.0,1.3962634,0.0,0.0,0.0,80.0,-7.0,0.0,80.0,1.3962634,0.0,0.0,0.0,-1.46854652,2.27249912,2.89229564,-1.33722629,-11.08575192,0.89967155,9.02099364,5.84244049,0.09161982,0.12161837,18.75817483,-33.80738556,-22.75846115,0.0,40.33003168,3.27630576,4.10409334
1760625272.013,1.29635448,0.13205951,2.54478315,-0.02263037,0.97351125,-0.01505978,80.0,-7.0,0.0,80.0,1.3962634,0.0,0.0,0.0,80.0,-7.0,0.0,80.0,1.3962634,0.0,0.0,0.0,-2.29982012,1.96009136,2.37348416,-0.38622866,-10.76372765,1.56240566,9.60841224,5.7769258,-0.46348595,0.03989406,17.39418048,-31.49885371,-22.4633154,0.0,38.72768156,3.43339376,4.18168032
1760625272.046,1.31942253,0.11843864,2.54260098,-0.0248628,0.97131478,-0.01425472,80.0,-7.0,0.0,80.0,1.3962634,0.0,0.0,0.0,80.0,-7.0,0.0,80.0,1.3962634,0.0,0.0,0.0,-2.23456769,1.66370259,2.3226461,-0.47324466,-10.38669849,1.69385378,9.42711017,5.7630396,-0.31240002,0.05191474,15.8554337,-29.89979703,-21.9829187,0.0,37.9979207,3.43473661,4.2777613
1760625272.079,1.31469721,0.13020837,2.54508226,-0.02343045,0.96924807,-0.01399996,80.0,-7.0,0.0,80.0,1.3962634,0.0,0.0,0.0,80.0,-7.0,0.0,80.0,1.3962634,0.0,0.0,0.0,-2.13704588,1.28317291,2.24629838,-0.5815802,-9.92512865,1.81629418,7.64686475,5.8945451,1.48525021,0.26846587,14.47447694,-28.47088818,-21.57320134,0.0,37.31123027,3.46358345,4.30915774
1760625272.113,1.26614894,0.12696627,2.58064048,-0.01860964,0.96701719,-0.01455498,80.0,-7.0,0.0,80.0,1.3962634,0.0,0.0,0.0,80.0,-7.0,0.0,80.0,1.3962634,0.0,0.0,0.0,-2.64186054,0.81700453,2.10200837,-0.01635511,-9.39635134,2.12954333,7.67504726,5.9055501,1.43772306,0.26870472,13.48133449,-26.67657146,-21.00063899,0.0,36.36251885,3.49320593,4.19473782
1760625272.146,1.24225902,0.11464212,2.58729778,-0.01593653,0.96611487,-0.01425459,80.0,-7.0,0.0,80.0,1.3962634,0.0,0.0,0.0,80.0,-7.0,0.0,80.0,1.3962634,0.0,0.0,0.0,-2.90321653,0.64038716,1.9611198,0.27688079,-9.16453536,2.36653786,7.60649892,5.93527107,1.48101502,0.28613583,12.59144953,-25.35162728,-20.50961408,0.0,36.25998889,3.53754111,4.31020337
1760625272.18,1.21846469,0.12289616,2.59366055,-0.01304347,0.9626333,-0.01358062,80.0,-7.0,0.0,80.0,1.3962634,0.0,0.0,0.0,80.0,-7.0,0.0,80.0,1.3962634,0.0,0.0,0.0,-3.14811186,0.18643497,1.7949206,0.57140372,-8.6696869,2.64012328,6.89281578,5.96199417,2.25691367,0.36873824,11.8058549,-24.40862672,-19.63674521,0.0,35.98541067,3.72175383,4.35718055
1760625272.213,1.20826566,0.13473241,2.60538004,-0.01141314,0.96207859,-0.01293484,80.0,-7.0,0.0,80.0,1.3962634,0.0,0.0,0.0,80.0,-7.0,0.0,80.0,1.3962634,0.0,0.0,0.0,-3.4448684,0.07567133,1.51523321,0.94877613,-8.52720764,3.12497182,6.27180406,5.87877238,2.9229374,0.37645668,10.96052792,-22.70119218,-18.06335803,0.0,34.40541247,3.9095979,4.19178543
1760625272.247,1.19705125,0.13224342,2.60219434,-0.01058904,0.96268943,-0.01470897,80.0,-7.0,0.0,80.0,1.3962634,0.0,0.0,0.0,80.0,-7.0,0.0,80.0,1.3962634,0.0,0.0,0.0,-3.40267059,0.07404739,1.38647699,0.96602881,-8.50047732,3.30531992,5.74497368,5.88845191,3.47457266,0.36398689,10.17795225,-21.53744092,-17.18096682,0.0,33.38262127,4.03230428,4.11850502
1760625272.28,1.23036785,0.13650406,2.59655503,-0.01131466,0.9611337,-0.01255781,80.0,-7.0,0.0,80.0,1.3962634,0.0,0.0,0.0,80.0,-7.0,0.0,80.0,1.3962634,0.0,0.0,0.0,-3.46491117,0.10069303,1.24942839,1.02037833,-8.48542976,3.49587632,5.66220346,6.06413973,3.58421321,0.3411844,9.52204197,-20.262951,-16.65420346,0.0,32.89700047,4.01723683,3.96610864
1760625272.314,1.26731844,0.15538398,2.61215233,-0.01152419,0.95931092,-0.01147961,80.0,-7.0,0.0,80.0,1.3962634,0.0,0.0,0.0,80.0,-7.0,0.0,80.0,1.3962634,0.0,0.0,0.0,-3.61765402,0.04327797,0.93319175,1.19980077,-8.35515472,4.028901,4.95862756,6.00396489,4.24899223,0.35691377,8.7624646,-18.83422355,-16.0262333,0.0,32.47728436,4.14848586,3.75185414
1760625272.347,1.3027255,0.16131314,2.5810979,-0.01333232,0.95971236,-0.01019969,80.0,-7.0,0.0,80.0,1.3962634,0.0,0.0,0.0,80.0,-7.0,0.0,80.0,1.3962634,0.0,0.0,0.0,-3.91527023,0.3163609,0.71669958,1.52818552,-8.5568594,4.4362016,4.97089987,5.87298398,4.21239278,0.29421111,8.44706669,-17.34308798,-15.11145077,0.0,31.20608251,4.45202216,3.67968841
1760625272.381,1.33187624,0.1627705,2.54612919,-0.01426912,0.95900846,-0.00970129,80.0,-7.0,0.0,80.0,1.3962634,0.0,0.0,0.0,80.0,-7.0,0.0,80.0,1.3962634,0.0,0.0,0.0,-4.23721311,0.49677003,0.32180332,1.89585219,-8.65843865,4.80414566,4.97484969,5.90973195,4.2427997,0.24665581,8.22484952,-15.9309077,-14.19770069,0.0,29.80852394,4.60338005,3.60989176
1760625272.414,1.34899104,0.15808955,2.51325216,-0.01421273,0.9595439,-0.00958624,80.0,-7.0,0.0,80.0,1.3962634,0.0,0.0,0.0,80.0,-7.0,0.0,80.0,1.3962634,0.0,0.0,0.0,-4.27207502,0.66521743,0.13317124,1.96316008,-8.70691865,4.92966132,4.88079677,5.95788633,4.34475423,0.20988243,7.53867409,-14.32990217,-13.30069003,0.0,28.86531566,4.74339035,3.59807526
1760625272.447,1.3558382,0.15553045,2.50020288,-0.01245177,0.95950805,-0.01139629,80.0,-7.0,0.0,80.0,1.3962634,0.0,0.0,0.0,80.0,-7.0,0.0,80.0,1.3962634,0.0,0.0,0.0,-4.91228618,0.62719565,0.15503235,2.64846335,-8.59736976,4.9288973,5.40312307,5.89007254,3.80201572,0.15913978,7.64925607,-13.40790951,-12.74604513,0.0,28.61953473,4.84438796,3.63544345
1760625272.481,1.33927623,0.13302687,2.49980259,-0.01113132,0.9596449,-0.01216542,80.0,-7.0,0.0,80.0,1.3962634,0.0,0.0,0.0,80.0,-7.0,0.0,80.0,1.3962634,0.0,0.0,0.0,-4.82151577,0.74953032,0.08134963,2.61122176,-8.60053081,4.92016048,5.48989874,5.90397574,3.70799439,0.14404878,7.01385357,-12.29759781,-12.08089294,0.0,28.12697512,4.93289934,3.73841966
1760625272.515,1.31545124,0.14403116,2.50792963,-0.00887183,0.96060192,-0.0125275,80.0,-7.0,0.0,80.0,1.3962634,0.0,0.0,0.0,80.0,-7.0,0.0,80.0,1.3962634,0.0,0.0,0.0,-4.86235198,0.78720634,-0.12635308,2.71029692,-8.49692505,4.90780801,6.35920665,6.09322625,2.85260247,0.04630299,6.45853916,-10.95372548,-11.30025682,0.0,27.28991124,4.89327428,3.71736263
1760625272.548,1.29561577,0.17347895,2.53043148,-0.00936635,0.95891529,-0.01057313,80.0,-7.0,0.0,80.0,1.3962634,0.0,0.0,0.0,80.0,-7.0,0.0,80.0,1.3962634,0.0,0.0,0.0,-4.02482623,0.57412814,-0.10698986,1.86125558,-8.16241534,4.79404102,5.24751274,6.19444572,3.95461418,0.14514138,5.19027806,-10.16168206,-10.59463706,0.0,26.80285027,4.8575117,3.66684915
1760625272.581,1.26040933,0.21029548,2.54135974,-0.0069603,0.95812038,-0.00954947,80.0,-7.0,0.0,80.0,1.3962634,0.0,0.0,0.0,80.0,-7.0,0.0,80.0,1.3962634,0.0,0.0,0.0,-4.16245397,0.43785964,-0.23324328,2.06409522,-7.94654342,4.82276857,5.22392139,6.23677646,3.95478016,0.13342697,5.0177792,-9.44868335,-10.27611566,0.0,26.83004852,4.87061923,3.64592658
1760625272.615,1.2531599,0.18069278,2.54825483,-0.00479465,0.95815856,-0.00900931,80.0,-7.0,0.0,80.0,1.3962634,0.0,0.0,0.0,80.0,-7.0,0.0,80.0,1.3962634,0.0,0.0,0.0,-4.69873053,0.51376145,-0.21944183,2.65096612,-7.83017628,4.71990987,5.26020578,6.40324865,3.86321978,0.10854398,5.2605943,-8.400517,-9.61715838,0.0,26.88196983,5.05057761,3.64071532
1760625272.681,1.28282312,0.20488248,2.5193006,-0.00618177,0.95827566,-0.00782184,80.0,-7.0,0.0,80.0,1.3962634,0.0,0.0,0.0,80.0,-7.0,0.0,80.0,1.3962634,0.0,0.0,0.0,-4.47667402,0.44483362,-0.1239353,2.41601889,-7.54513894,4.93071772,3.82528064,6.33051209,5.24483302,0.22601694,4.77859808,-7.14700239,-8.57590859,0.0,26.55030393,5.24103071,3.64164579
1760625272.715,1.29251624,0.19300276,2.51252938,-0.00579452,0.95759086,-0.00821588,80.0,-7.0,0.0,80.0,1.3962634,0.0,0.0,0.0,80.0,-7.0,0.0,80.0,1.3962634,0.0,0.0,0.0,-4.56254413,0.29890496,-0.12421348,2.56827176,-7.2901993,5.14296319,3.1277565,6.23757219,5.94523767,0.29954914,4.83612463,-6.72652564,-7.89553999,0.0,26.31879818,5.29408968,3.56081805
1760625272.748,1.28557578,0.20234495,2.51446746,-0.00617939,0.95704335,-0.00783975,80.0,-7.0,0.0,80.0,1.3962634,0.0,0.0,0.0,80.0,-7.0,0.0,80.0,1.3962634,0.0,0.0,0.0,-4.3045919,0.18109955,-0.01491503,2.35893836,-7.11236333,5.22469007,2.38029995,6.13288004,6.71753149,0.34243685,4.59368347,-6.52040589,-7.34839941,0.0,26.32802385,5.33225739,3.48664675
1760625272.782,1.30077696,0.21901659,2.51518908,-0.00702558,0.95659993,-0.00742486,80.0,-7.0,0.0,80.0,1.3962634,0.0,0.0,0.0,80.0,-7.0,0.0,80.0,1.3962634,0.0,0.0,0.0,-3.98449986,0.08692155,0.0996127,2.10887175,-6.97939771,5.29977757,2.30827274,5.96676334,6.84700555,0.28584234,4.38685276,-6.38186415,-6.83203389,0.0,26.43700967,5.43367046,3.42207456
1760625272.815,1.32983381,0.23411018,2.54165149,-0.00754907,0.95647032,-0.00716089,80.0,-7.0,0.0,80.0,1.3962634,0.0,0.0,0.0,80.0,-7.0,0.0,80.0,1.3962634,0.0,0.0,0.0,-3.92129304,0.08930579,0.09457489,2.11961608,-6.96474085,5.49944054,2.30052892,5.76622269,6.85893966,0.24806777,4.42059219,-6.2738039,-6.5205519,0.0,26.42006916,5.46840923,3.36273729
1760625272.849,1.3344712,0.23963088,2.5371844,-0.0075741,0.95602292,-0.00712934,80.0,-7.0,0.0,80.0,1.3962634,0.0,0.0,0.0,80.0,-7.0,0.0,80.0,1.3962634,0.0,0.0,0.0,-4.02172334,0.13788492,0.18558688,2.30873076,-7.00665613,5.62247859,2.26294638,5.59422941,6.89732126,0.20564112,4.67730214,-6.19789405,-6.06592084,0.0,26.27142625,5.48976567,3.24839419
1760625272.882,1.32249457,0.25428102,2.54104177,-0.00622009,0.95552831,-0.00741222,80.0,-7.0,0.0,80.0,1.3962634,0.0,0.0,0.0,80.0,-7.0,0.0,80.0,1.3962634,0.0,0.0,0.0,-4.05812664,0.14478307,0.21862065,2.47156198,-7.0073068,5.81258886,2.24571904,5.40632482,6.95649889,0.15675902,4.93627737,-6.18432834,-5.52062804,0.0,25.95887659,5.48951065,3.10285264
1760625272.916,1.31148484,0.25468846,2.54603075,-0.00553172,0.95517892,-0.00728245,80.0,-7.0,0.0,80.0,1.3962634,0.0,0.0,0.0,80.0,-7.0,0.0,80.0,1.3962634,0.0,0.0,0.0,-4.02280248,0.19119032,0.24972878,2.53256094,-7.03139975,5.98638354,2.23734879,5.27686293,6.97514949,0.14603744,5.06668623,-6.15696463,-5.18434806,0.0,25.789459,5.51583715,3.01533668
1760625272.949,1.31657988,0.25852061,2.54651082,-0.00517507,0.95501089,-0.00712816,80.0,-7.0,0.0,80.0,1.3962634,0.0,0.0,0.0,80.0,-7.0,0.0,80.0,1.3962634,0.0,0.0,0.0,-3.99598081,0.22202446,0.29529126,2.58043025,-7.02940453,6.1235166,2.22356729,5.12222969,7.01162262,0.11082507,5.19180112,-6.14147722,-4.85464675,0.0,25.56132222,5.49145111,2.95596579
1760625272.982,1.35157661,0.261527,2.52218073,-0.00569855,0.95494393,-0.00707257,80.0,-7.0,0.0,80.0,1.3962634,0.0,0.0,0.0,80.0,-7.0,0.0,80.0,1.3962634,0.0,0.0,0.0,-4.06574428,0.27344675,0.36054738,2.71026081,-7.01003095,6.23281617,2.19267763,4.998025,7.0899632,0.06712054,5.40227434,-6.08046277,-4.41801214,0.0,25.22480669,5.45324642,2.9092589
1760625273.016,1.35946963,0.25556828,2.51188873,-0.00623842,0.95493305,-0.00692716,80.0,-7.0,0.0,80.0,1.3962634,0.0,0.0,0.0,80.0,-7.0,0.0,80.0,1.3962634,0.0,0.0,0.0,-4.06321968,0.29991631,0.37972857,2.7716365,-6.95297385,6.33936995,1.71070408,4.90286047,7.58906147,0.12186938,5.48382574,-6.04320874,-4.03127105,0.0,24.98078287,5.47029396,2.90213127
1760625273.05,1.38072231,0.26367763,2.50509996,-0.00695436,0.95485177,-0.00672894,80.0,-7.0,0.0,80.0,1.3962634,0.0,0.0,0.0,80.0,-7.0,0.0,80.0,1.3962634,0.0,0.0,0.0,-4.28711712,0.31573542,0.26136501,3.06306454,-6.87625101,6.53735176,1.65946724,4.79739865,7.64210474,0.11431001,5.77226642,-6.02326643,-3.90736871,0.0,24.93295759,5.5256583,2.92980078
1760625273.083,1.3896359,0.26331415,2.50473884,-0.00786536,0.95491407,-0.00636675,80.0,-7.0,0.0,80.0,1.3962634,0.0,0.0,0.0,80.0,-7.0,0.0,80.0,1.3962634,0.0,0.0,0.0,-4.52518355,0.33554803,0.16522957,3.3949158,-6.76751972,6.70079777,1.63736149,4.72873529,7.69501024,0.1233207,6.08502575,-5.98521231,-3.75310268,0.0,24.92196844,5.60497343,2.97716375
1760625273.116,1.411424,0.27197178,2.49360625,-0.01000744,0.95487246,-0.00575094,80.0,-7.0,0.0,80.0,1.3962634,0.0,0.0,0.0,80.0,-7.0,0.0,80.0,1.3962634,0.0,0.0,0.0,-4.62439742,0.33002729,0.12395103,3.50785719,-6.65075916,6.80578178,1.60144789,4.70780372,7.7730068,0.09553432,6.18242837,-5.98808408,-3.59767085,0.0,24.87307204,5.66114943,3.0048499
1760625273.183,1.44170515,0.28809539,2.47367396,-0.01156944,0.95522862,-0.00550275,80.0,-7.0,0.0,80.0,1.3962634,0.0,0.0,0.0,80.0,-7.0,0.0,80.0,1.3962634,0.0,0.0,0.0,-4.79993886,0.32149738,0.12321098,3.60752243,-6.44465603,6.80400723,1.65081659,4.83970132,7.84392845,0.0532795,6.32226435,-6.06881714,-3.22469218,0.0,24.84370065,5.64506661,2.98932667
1760625273.217,1.46588977,0.29351499,2.4686533,-0.01389074,0.95503727,-0.00546556,80.0,-7.0,0.0,80.0,1.3962634,0.0,0.0,0.0,80.0,-7.0,0.0,80.0,1.3962634,0.0,0.0,0.0,-4.47826664,0.29484399,0.16411774,3.175806,-6.34766239,6.78549418,1.57089049,4.8450164,7.93483454,0.05237222,5.94725451,-6.14832124,-3.16892792,0.0,24.91874982,5.66172464,2.99854709
1760625273.25,1.46715361,0.30361942,2.48251115,-0.01374547,0.95499154,-0.00549972,80.0,-7.0,0.0,80.0,1.3962634,0.0,0.0,0.0,80.0,-7.0,0.0,80.0,1.3962634,0.0,0.0,0.0,-4.49678007,0.31422889,0.17301291,3.13228399,-6.32452372,6.77742383,1.56486185,4.81316921,7.90327531,0.05529993,5.9565402,-6.17544959,-3.15483836,0.0,25.01026477,5.66406762,2.99042712
1760625273.284,1.47239516,0.32382359,2.47526059,-0.01472183,0.95505437,-0.0051419,80.0,-7.0,0.0,80.0,1.3962634,0.0,0.0,0.0,80.0,-7.0,0.0,80.0,1.3962634,0.0,0.0,0.0,-4.30675991,0.26084028,0.22456614,2.81653875,-6.26551939,6.65403995,1.69560665,4.85955667,7.72348421,0.04367314,5.73706351,-6.26271325,-3.13114933,0.0,25.06719479,5.67240546,2.92817589
1760625273.317,1.50158862,0.32793259,2.47501671,-0.01469993,0.95517582,-0.00481683,80.0,-7.0,0.0,80.0,1.3962634,0.0,0.0,0.0,80.0,-7.0,0.0,80.0,1.3962634,0.0,0.0,0.0,-4.37649934,0.27049373,0.18566718,2.80081517,-6.28491222,6.59556138,2.55829023,4.85202957,6.81541968,-0.07412431,5.74375526,-6.29825991,-3.24281681,0.0,25.11023702,5.67148579,2.91952682
1760625273.35,1.51469292,0.32835987,2.47910986,-0.01650941,0.95540946,-0.00500721,80.0,-7.0,0.0,80.0,1.3962634,0.0,0.0,0.0,80.0,-7.0,0.0,80.0,1.3962634,0.0,0.0,0.0,-3.78275021,0.26186597,0.36114797,2.1177014,-6.29786945,6.32622553,2.48970448,4.84450837,6.8573854,-0.07115347,5.04164554,-6.30958993,-3.07437401,0.0,25.11296385,5.66468817,2.90047007
1760625273.384,1.52195119,0.33672807,2.46664468,-0.01678354,0.95547157,-0.0051078,80.0,-7.0,0.0,80.0,1.3962634,0.0,0.0,0.0,80.0,-7.0,0.0,80.0,1.3962634,0.0,0.0,0.0,-3.62202307,0.26830674,0.38217469,1.91164373,-6.34667813,6.22210608,2.48759761,4.84496373,6.82900734,-0.08941263,4.80050197,-6.30695359,-3.02921931,0.0,25.08081832,5.66778973,2.8811628
1760625273.417,1.51188472,0.34035986,2.45874844,-0.01723315,0.95523525,-0.00513502,80.0,-7.0,0.0,80.0,1.3962634,0.0,0.0,0.0,80.0,-7.0,0.0,80.0,1.3962634,0.0,0.0,0.0,-3.35206835,0.27228953,0.50095918,1.61160745,-6.36749404,6.08918742,2.41506244,4.796205,6.90742272,-0.10678268,4.47881077,-6.28292928,-2.90579604,0.0,25.0880373,5.66474209,2.88025606
1760625273.451,1.50608022,0.34595549,2.45361648,-0.01505978,0.95508968,-0.00522764,80.0,-7.0,0.0,80.0,1.3962634,0.0,0.0,0.0,80.0,-7.0,0.0,80.0,1.3962634,0.0,0.0,0.0,-3.5713917,0.30091566,0.42381043,1.84837538,-6.43084431,6.19425203,2.44869991,4.73422872,6.8922214,-0.10834517,4.70899198,-6.23655082,-3.00766585,0.0,25.12328575,5.69476879,2.86168729
1760625273.484,1.49715386,0.35593495,2.45466157,-0.01362395,0.95474414,-0.00524029,80.0,-7.0,0.0,80.0,1.3962634,0.0,0.0,0.0,80.0,-7.0,0.0,80.0,1.3962634,0.0,0.0,0.0,-3.58008719,0.28938981,0.41787255,1.87433053,-6.43861336,6.27720663,2.45273932,4.63289854,6.89187723,-0.12589271,4.7268785,-6.20048214,-2.93546182,0.0,25.03770134,5.70861657,2.86555173
1760625273.518,1.49439145,0.36766297,2.4619014,-0.01189798,0.95473499,-0.00545888,80.0,-7.0,0.0,80.0,1.3962634,0.0,0.0,0.0,80.0,-7.0,0.0,80.0,1.3962634,0.0,0.0,0.0,-4.12428269,0.30993592,0.32207518,2.44016024,-6.49037252,6.47363687,2.54653703,4.57826797,6.822353,-0.11704756,5.29723826,-6.13389613,-2.9685227,0.0,24.99092167,5.76343731,2.88579167
1760625273.551,1.48089842,0.36734721,2.44825666,-0.01274491,0.95471354,-0.00545847,80.0,-7.0,0.0,80.0,1.3962634,0.0,0.0,0.0,80.0,-7.0,0.0,80.0,1.3962634,0.0,0.0,0.0,-4.14439561,0.30070345,0.31529494,2.48467128,-6.49841172,6.57902289,2.56229138,4.49587715,6.83302269,-0.09899975,5.35569159,-6.09610402,-2.98861243,0.0,24.98548701,5.77435082,2.88870936
1760625273.585,1.47297071,0.35974578,2.46097671,-0.01112963,0.95469626,-0.00571523,80.0,-7.0,0.0,80.0,1.3962634,0.0,0.0,0.0,80.0,-7.0,0.0,80.0,1.3962634,0.0,0.0,0.0,-4.56483432,0.32627616,0.18242764,2.99132348,-6.51238562,6.75034413,2.58804579,4.47592407,6.77373486,-0.11051147,5.83227106,-6.01100348,-3.07057546,0.0,24.8883289,5.8127779,2.88368952
1760625273.618,1.48387238,0.34701265,2.47223274,-0.01079378,0.95480757,-0.00622861,80.0,-7.0,0.0,80.0,1.3962634,0.0,0.0,0.0,80.0,-7.0,0.0,80.0,1.3962634,0.0,0.0,0.0,-4.69559467,0.35253117,0.14110743,3.15815407,-6.53633856,6.81180535,2.67878148,4.43668257,6.69428524,-0.1331345,5.97759824,-5.95802399,-3.08364779,0.0,24.88243319,5.83567666,2.88054256
1760625273.652,1.49892341,0.33727311,2.46133239,-0.01164079,0.95454568,-0.00662981,80.0,-7.0,0.0,80.0,1.3962634,0.0,0.0,0.0,80.0,-7.0,0.0,80.0,1.3962634,0.0,0.0,0.0,-4.68241177,0.35399233,0.13118843,3.17733032,-6.52465686,6.87913804,2.6896512,4.41177963,6.70264346,-0.15345981,5.96032875,-5.9197729,-3.02953716,0.0,24.80590872,5.83596028,2.8829995
1760625273.685,1.50550455,0.33290845,2.45271045,-0.01176633,0.95440604,-0.0066741,80.0,-7.0,0.0,80.0,1.3962634,0.0,0.0,0.0,80.0,-7.0,0.0,80.0,1.3962634,0.0,0.0,0.0,-4.67509775,0.35570622,0.12113135,3.19071394,-6.51683873,6.88450916,2.6958434,4.41392851,6.70955038,-0.15551065,5.95837231,-5.90893964,-3.02195976,0.0,24.81213735,5.83351784,2.88357088
1760625273.719,1.4891331,0.30182258,2.46614098,-0.01079761,0.95462682,-0.00651701,80.0,-7.0,0.0,80.0,1.3962634,0.0,0.0,0.0,80.0,-7.0,0.0,80.0,1.3962634,0.0,0.0,0.0,-4.87934976,0.40334712,-0.01263517,3.46682996,-6.50376357,6.9924286,2.73538327,4.4119918,6.65924793,-0.17329229,6.21926282,-5.8968392,-3.13167987,0.0,24.79556999,5.81125927,2.86413061
1760625273.752,1.49295759,0.29584474,2.47363272,-0.01123267,0.95449858,-0.00693033,80.0,-7.0,0.0,80.0,1.3962634,0.0,0.0,0.0,80.0,-7.0,0.0,80.0,1.3962634,0.0,0.0,0.0,-4.86596937,0.42519011,-0.00912849,3.45409759,-6.47638161,6.98346551,2.73737797,4.43857132,6.66109935,-0.19118001,6.23421906,-5.87860277,-3.14788906,0.0,24.7665593,5.83142236,2.86767945
1760625273.785,1.51140539,0.25480028,2.48521336,-0.01205575,0.95448775,-0.00697411,80.0,-7.0,0.0,80.0,1.3962634,0.0,0.0,0.0,80.0,-7.0,0.0,80.0,1.3962634,0.0,0.0,0.0,-4.80182108,0.47097881,0.00109365,3.36850657,-6.43569709,6.98276889,2.72250807,4.42224907,6.67414654,-0.19042169,6.17208107,-5.89415567,-3.14541173,0.0,24.78421569,5.84732734,2.88095605
1760625273.852,1.47221484,0.23965318,2.519206,-0.01037881,0.95470023,-0.00768,80.0,-7.0,0.0,80.0,1.3962634,0.0,0.0,0.0,80.0,-7.0,0.0,80.0,1.3962634,0.0,0.0,0.0,-4.32824599,0.48550518,0.06008168,2.9437561,-6.33053433,6.86070712,2.09198611,4.44787132,7.2938386,-0.11989226,5.76506987,-5.89241446,-3.02183339,0.0,24.60491209,5.817487,2.85057302
1760625273.886,1.44936894,0.2229698,2.52788154,-0.00880128,0.95484159,-0.00774813,80.0,-7.0,0.0,80.0,1.3962634,0.0,0.0,0.0,80.0,-7.0,0.0,80.0,1.3962634,0.0,0.0,0.0,-4.39571209,0.49006065,0.01110826,3.07950302,-6.28062063,6.85235095,2.09057147,4.43108011,7.30714266,-0.18524287,5.88029323,-5.89292271,-3.00443468,0.0,24.45931985,5.77951388,2.82364155
1760625273.919,1.47591968,0.24126436,2.5184819,-0.00872677,0.95485046,-0.00768642,80.0,-7.0,0.0,80.0,1.3962634,0.0,0.0,0.0,80.0,-7.0,0.0,80.0,1.3962634,0.0,0.0,0.0,-4.23752997,0.45885493,-0.04331879,2.92578243,-6.21793037,6.85404995,1.42876922,4.4351241,7.97051444,-0.1112046,5.68310641,-5.87625957,-2.96442314,0.0,24.30013084,5.76541183,2.82296087
1760625273.953,1.48190012,0.24510906,2.49267952,-0.00870756,0.95478925,-0.00757998,80.0,-7.0,0.0,80.0,1.3962634,0.0,0.0,0.0,80.0,-7.0,0.0,80.0,1.3962634,0.0,0.0,0.0,-4.22202244,0.44556579,-0.07731147,2.96049317,-6.14100378,6.90774961,1.42695654,4.35211926,7.98750972,-0.15098006,5.67620377,-5.79491839,-2.90423924,0.0,24.07968395,5.74598026,2.81600811
1760625273.986,1.49136078,0.24672404,2.47195453,-0.00937813,0.95507733,-0.00753384,80.0,-7.0,0.0,80.0,1.3962634,0.0,0.0,0.0,80.0,-7.0,0.0,80.0,1.3962634,0.0,0.0,0.0,-4.22298544,0.41878987,-0.10848932,2.99822263,-6.0721931,6.91092595,1.41682823,4.35803975,7.98724334,-0.16156215,5.69799998,-5.71485562,-2.89765023,0.0,23.8710784,5.73830994,2.81673019
1760625274.019,1.51549618,0.26716775,2.48075028,-0.00911131,0.95545406,-0.00786199,80.0,-7.0,0.0,80.0,1.3962634,0.0,0.0,0.0,80.0,-7.0,0.0,80.0,1.3962634,0.0,0.0,0.0,-4.52484003,0.37157649,-0.11806955,3.33845847,-5.9847632,6.90024195,1.43267017,4.36963891,7.94287434,-0.17791819,6.02547527,-5.59256222,-2.77067634,0.0,23.57934859,5.71084009,2.81529186
1760625274.053,1.51028556,0.27672604,2.48895589,-0.00958836,0.95548795,-0.0079378,80.0,-7.0,0.0,80.0,1.3962634,0.0,0.0,0.0,80.0,-7.0,0.0,80.0,1.3962634,0.0,0.0,0.0,-4.5139085,0.34120785,-0.15873422,3.3834849,-5.87603737,6.8469224,1.42837684,4.44617195,7.94452104,-0.20698675,6.05204894,-5.42731235,-2.68384748,0.0,23.40106642,5.73060934,2.82301202
1760625274.086,1.5150707,0.28637208,2.48448317,-0.00977411,0.95519541,-0.00799219,80.0,-7.0,0.0,80.0,1.3962634,0.0,0.0,0.0,80.0,-7.0,0.0,80.0,1.3962634,0.0,0.0,0.0,-4.6938605,0.3147324,-0.10812388,3.63372386,-5.8039176,6.79209625,1.41381214,4.32226763,7.885158,-0.19757897,6.23214977,-5.30900961,-2.59301407,0.0,23.4066129,5.7779825,2.80895509
1760625274.12,1.51105828,0.29616293,2.48219078,-0.01022863,0.95479088,-0.00840081,80.0,-7.0,0.0,80.0,1.3962634,0.0,0.0,0.0,80.0,-7.0,0.0,80.0,1.3962634,0.0,0.0,0.0,-4.72232721,0.33154297,-0.17100002,3.74135258,-5.7719357,6.92253791,1.33453755,4.22127864,7.89581508,-0.15901968,6.24210066,-5.19092428,-2.60209922,0.0,23.49916349,5.82591901,2.84359856
1760625274.153,1.51378338,0.29861266,2.4736619,-0.01118012,0.95445516,-0.0089571,80.0,-7.0,0.0,80.0,1.3962634,0.0,0.0,0.0,80.0,-7.0,0.0,80.0,1.3962634,0.0,0.0,0.0,-4.72860562,0.33661578,-0.21894475,3.77724615,-5.70703832,7.05028954,1.33031953,4.16771253,7.93779704,-0.1936938,6.19710775,-5.07127615,-2.46221048,0.0,23.4554936,5.84077413,2.84486689
1760625274.187,1.49991445,0.29790262,2.49450552,-0.01117282,0.95436381,-0.00934203,80.0,-7.0,0.0,80.0,1.3962634,0.0,0.0,0.0,80.0,-7.0,0.0,80.0,1.3962634,0.0,0.0,0.0,-4.75111487,0.40080326,-0.30052738,3.83877696,-5.71717292,7.17567237,1.23948879,4.16822179,8.05862112,-0.20033492,6.19478678,-4.94032721,-2.41334213,0.0,23.45844785,5.79684318,2.77247359
1760625274.254,1.51193429,0.33712507,2.45394863,-0.01100154,0.95325638,-0.00716693,80.0,-7.0,0.0,80.0,1.3962634,0.0,0.0,0.0,80.0,-7.0,0.0,80.0,1.3962634,0.0,0.0,0.0,-5.23437624,0.26427693,-0.18173824,4.3310207,-5.57343093,7.2137472,1.17003081,4.17563729,8.11085279,-0.23055596,6.58553226,-4.96296121,-2.256072,0.0,23.75903153,5.86818838,2.79150121
1760625274.287,1.52230748,0.35012973,2.43280018,-0.01209882,0.95350011,-0.0056863,80.0,-7.0,0.0,80.0,1.3962634,0.0,0.0,0.0,80.0,-7.0,0.0,80.0,1.3962634,0.0,0.0,0.0,-5.34212625,0.20231787,-0.13719318,4.41104636,-5.54544688,7.27365124,1.20650222,4.15436832,8.07391574,-0.23335062,6.65927501,-4.994403,-2.20575624,0.0,23.83327694,5.8719694,2.76048356
1760625274.321,1.52182375,0.34927786,2.43324425,-0.01265343,0.95339152,-0.00564794,80.0,-7.0,0.0,80.0,1.3962634,0.0,0.0,0.0,80.0,-7.0,0.0,80.0,1.3962634,0.0,0.0,0.0,-5.37321068,0.17816104,-0.10816858,4.3735737,-5.61726165,7.31662418,1.247025,4.0621755,8.09388465,-0.1945959,6.67101495,-5.00338478,-2.21257137,0.0,23.8967192,5.86592885,2.75702389
1760625274.354,1.52792556,0.36154275,2.42334885,-0.01291299,0.95315513,-0.00623101,80.0,-7.0,0.0,80.0,1.3962634,0.0,0.0,0.0,80.0,-7.0,0.0,80.0,1.3962634,0.0,0.0,0.0,-5.47895606,0.16479988,-0.13926802,4.32053674,-5.9448719,7.34385906,2.03891748,3.42537041,7.52436709,-0.22261617,6.72870468,-5.00611803,-2.38469856,0.0,23.99457874,5.85973046,2.72265024
1760625274.388,1.49435715,0.35813027,2.42558787,-0.01137109,0.9527047,-0.00771072,80.0,-7.0,0.0,80.0,1.3962634,0.0,0.0,0.0,80.0,-7.0,0.0,80.0,1.3962634,0.0,0.0,0.0,-5.3878956,0.19780074,-0.13840947,4.13405288,-6.45180679,7.21166966,2.52805695,2.82150846,6.9787766,-0.131096,6.63971357,-4.97523946,-2.56992251,0.0,24.09170182,5.85854985,2.69403897
1760625274.421,1.47728963,0.35917589,2.44835125,-0.00957508,0.95250302,-0.0093038,80.0,-7.0,0.0,80.0,1.3962634,0.0,0.0,0.0,80.0,-7.0,0.0,80.0,1.3962634,0.0,0.0,0.0,-5.3754934,0.22750256,-0.19977499,3.96669783,-7.17927419,7.22312064,3.05273152,2.11630544,6.29680725,0.05838834,6.59522903,-4.94225206,-2.72992752,0.0,24.08210032,5.84654121,2.67455326
1760625274.455,1.45076363,0.35409017,2.44313223,-0.00669936,0.95252495,-0.01055214,80.0,-7.0,0.0,80.0,1.3962634,0.0,0.0,0.0,80.0,-7.0,0.0,80.0,1.3962634,0.0,0.0,0.0,-5.33898318,0.20322273,-0.17870525,3.45879894,-8.50510926,6.66892571,4.73914214,1.93528949,4.34180962,0.18510943,6.519943,-4.95687019,-2.91666132,0.0,24.16113917,5.84830432,2.65121461
1760625274.488,1.42288313,0.35119504,2.43587267,-0.00644085,0.95220419,-0.01136107,80.0,-7.0,0.0,80.0,1.3962634,0.0,0.0,0.0,80.0,-7.0,0.0,80.0,1.3962634,0.0,0.0,0.0,-4.86487915,0.18616264,0.09647973,2.23943577,-9.86156713,5.33320177,6.59444256,2.84061171,2.39418768,0.14893665,5.97306257,-4.94201515,-2.84807769,0.0,24.31854691,5.85068732,2.67392131
1760625274.521,1.41169839,0.34559741,2.42106931,-0.00600556,0.95201503,-0.01163943,80.0,-7.0,0.0,80.0,1.3962634,0.0,0.0,0.0,80.0,-7.0,0.0,80.0,1.3962634,0.0,0.0,0.0,-4.82456106,0.20110023,0.28097578,1.13340561,-11.51684091,3.58698839,9.40177499,4.19457138,-0.41910529,-0.08929763,5.87815916,-4.90893462,-2.75113936,0.0,24.32957336,5.85190619,2.68616842
1760625274.555,1.41258526,0.328408,2.38305474,-0.0056755,0.95234302,-0.0121185,80.0,-7.0,0.0,80.0,1.3962634,0.0,0.0,0.0,80.0,-7.0,0.0,80.0,1.3962634,0.0,0.0,0.0,-4.95100277,0.13679793,0.3218114,-0.40689707,-14.18965492,0.83334317,13.36946529,6.23054656,-4.52740959,-0.06693007,5.93138917,-4.9835861,-2.79014339,0.0,24.34601421,5.85010371,2.66030657
1760625274.588,1.3995063,0.30115688,2.35427991,-0.00403852,0.95292577,-0.01185108,80.0,-7.0,0.0,80.0,1.3962634,0.0,0.0,0.0,80.0,-7.0,0.0,80.0,1.3962634,0.0,0.0,0.0,-5.68021939,0.12347481,0.18044641,-0.90938306,-16.76292049,-0.96760823,16.19242773,7.43583886,-7.63300682,0.31125054,6.65794842,-5.03212683,-2.95353699,0.0,24.33900828,5.85967577,2.63478771
1760625274.621,1.40322951,0.26857841,2.33796766,-0.00524765,0.95341412,-0.01154645,80.0,-7.0,0.0,80.0,1.3962634,0.0,0.0,0.0,80.0,-7.0,0.0,80.0,1.3962634,0.0,0.0,0.0,-5.48765625,0.08986576,0.40181715,-2.51371718,-19.50925735,-2.84022083,17.36387605,8.05833198,-9.24028536,0.65544089,6.3521237,-5.07138421,-2.75073373,0.0,24.33725167,5.83544373,2.61598593
1760625274.655,1.38994069,0.22017144,2.33688223,-0.00378893,0.95273647,-0.01254265,80.0,-7.0,0.0,80.0,1.3962634,0.0,0.0,0.0,80.0,-7.0,0.0,80.0,1.3962634,0.0,0.0,0.0,-5.66424392,0.12634934,0.64946398,-4.39784115,-23.54432115,-5.42109056,20.63881851,8.98742235,-13.15608781,0.99387375,6.46225729,-5.02949808,-2.42439109,0.0,24.2573876,5.84732166,2.59686908
1760625274.688,1.35418706,0.17410993,2.35394177,-0.00219138,0.95391327,-0.01249345,80.0,-7.0,0.0,80.0,1.3962634,0.0,0.0,0.0,80.0,-7.0,0.0,80.0,1.3962634,0.0,0.0,0.0,-5.8902516,0.062672,0.67082605,-5.78433557,-26.80448841,-7.26832938,22.50998984,9.52108597,-15.49102007,1.30241263,6.7113734,-5.11491113,-2.4082031,0.0,24.2990404,5.8735801,2.57405609
1760625274.722,1.33887423,0.13894211,2.35839975,-0.0022652,0.95394947,-0.0138713,80.0,-7.0,0.0,80.0,1.3962634,0.0,0.0,0.0,80.0,-7.0,0.0,80.0,1.3962634,0.0,0.0,0.0,-6.11436386,0.02929216,0.84821389,-7.90916732,-31.2511829,-10.12993258,25.29010007,10.05110792,-19.12859519,1.47399829,6.902298,-5.1316678,-2.33752727,0.0,24.39259192,5.92336024,2.57981994
1760625274.755,1.31145129,0.12600191,2.37390244,-0.00079426,0.95515886,-0.01330017,80.0,-7.0,0.0,80.0,1.3962634,0.0,0.0,0.0,80.0,-7.0,0.0,80.0,1.3962634,0.0,0.0,0.0,-6.45304409,-0.11470431,0.74708216,-9.25240201,-34.664454,-12.40073083,27.25197963,10.3885294,-21.83171543,1.67099701,7.25761613,-5.295179,-2.46974998,0.0,24.45548243,5.93381197,2.5548321
1760625274.789,1.30464812,0.13965259,2.38550197,0.00374724,0.9563012,-0.01178057,80.0,-7.0,0.0,80.0,1.3962634,0.0,0.0,0.0,80.0,-7.0,0.0,80.0,1.3962634,0.0,0.0,0.0,-7.745959,-0.18293907,0.15507769,-9.30669381,-38.23531881,-14.28860746,29.87955236,10.57725345,-25.32180282,1.70906976,8.66552663,-5.40581341,-2.9789166,0.0,24.43878346,5.929927,2.52033848
1760625274.822,1.28764025,0.15754539,2.3831716,0.00869092,0.95715747,-0.01132521,80.0,-7.0,0.0,80.0,1.3962634,0.0,0.0,0.0,80.0,-7.0,0.0,80.0,1.3962634,0.0,0.0,0.0,-8.93475889,-0.31693994,-0.45726067,-10.0519757,-42.77941113,-17.36874297,32.73268681,11.08917176,-29.42296037,1.80365762,9.95877288,-5.55355993,-3.47956282,0.0,24.31451604,5.93324005,2.49756733
1760625274.856,1.26719949,0.19567521,2.40891692,0.01081707,0.95996095,-0.00874313,80.0,-7.0,0.0,80.0,1.3962634,0.0,0.0,0.0,80.0,-7.0,0.0,80.0,1.3962634,0.0,0.0,0.0,-9.25798431,-0.68323238,-0.77566713,-11.4616072,-46.03546692,-20.20412346,33.00623849,12.19139619,-30.64427531,2.58881235,10.33468937,-5.91293717,-3.77197882,0.0,24.34924859,5.9573493,2.50678033
1760625274.889,1.26423066,0.2154635,2.39221303,0.01037028,0.96192,-0.00656146,80.0,-7.0,0.0,80.0,1.3962634,0.0,0.0,0.0,80.0,-7.0,0.0,80.0,1.3962634,0.0,0.0,0.0,-9.37695347,-0.90413423,-1.14990932,-13.14120559,-49.1869999,-22.65271987,32.6091554,12.9523071,-31.01375476,2.96946846,10.45638142,-6.18617938,-4.19165298,0.0,24.44858876,5.98132935,2.51441349
1760625274.923,1.28018462,0.24768507,2.36513732,0.00917372,0.96327478,-0.00557238,80.0,-7.0,0.0,80.0,1.3962634,0.0,0.0,0.0,80.0,-7.0,0.0,80.0,1.3962634,0.0,0.0,0.0,-9.52214863,-1.2179652,-1.2626122,-15.78644038,-52.90662203,-25.73871788,31.90620581,13.12720633,-31.43555533,2.85712246,10.52491958,-6.51043777,-4.32026236,0.0,24.48348801,6.01458424,2.53643738
1760625274.956,1.28206174,0.30119735,2.33802766,0.00975782,0.96562724,-0.00267254,80.0,-7.0,0.0,80.0,1.3962634,0.0,0.0,0.0,80.0,-7.0,0.0,80.0,1.3962634,0.0,0.0,0.0,-9.9376782,-1.55590699,-1.70200693,-17.09342737,-55.58871864,-27.41633041,30.85114023,12.96989336,-31.14616395,2.70525215,10.93558459,-6.92122954,-4.67174916,0.0,24.41007632,6.00322251,2.52279002
1760625274.99,1.28738345,0.34375029,2.32260408,0.00996768,0.96844582,-0.0004506,80.0,-7.0,0.0,80.0,1.3962634,0.0,0.0,0.0,80.0,-7.0,0.0,80.0,1.3962634,0.0,0.0,0.0,-10.20156047,-1.97983777,-2.07970247,-18.43261047,-57.97400577,-29.1360257,29.84867481,13.16615184,-31.01315212,2.86686462,11.16506159,-7.41900849,-5.00763237,0.0,24.42658442,5.99817877,2.49215209
1760625275.023,1.30849342,0.38629604,2.31063703,0.00812857,0.97083162,0.00055067,80.0,-7.0,0.0,80.0,1.3962634,0.0,0.0,0.0,80.0,-7.0,0.0,80.0,1.3962634,0.0,0.0,0.0,-10.18954495,-2.50080352,-2.18884791,-20.8557407,-60.58494418,-31.6542054,27.86815216,13.43391716,-30.28144328,3.29271635,11.07537834,-7.94146972,-5.15556659,0.0,24.4427832,6.01627117,2.43809253
1760625275.056,1.30721304,0.42597227,2.32541719,0.00697197,0.97370287,0.00112814,80.0,-7.0,0.0,80.0,1.3962634,0.0,0.0,0.0,80.0,-7.0,0.0,80.0,1.3962634,0.0,0.0,0.0,-10.23579227,-2.99414257,-2.40338058,-22.33552022,-62.30783415,-33.41660065,27.08324848,13.39797119,-30.23715095,3.73704249,11.09286313,-8.4300001,-5.33955914,0.0,24.43790526,6.01216327,2.41784347
1760625275.09,1.31201336,0.47055247,2.3397097,0.00742382,0.97573101,0.00182406,80.0,-7.0,0.0,80.0,1.3962634,0.0,0.0,0.0,80.0,-7.0,0.0,80.0,1.3962634,0.0,0.0,0.0,-10.45451155,-3.33375117,-2.67965843,-23.4518667,-63.88164607,-35.63002773,27.15334685,14.00130689,-30.99554338,4.35285811,11.28712518,-8.76823464,-5.58182156,0.0,24.4376206,6.04253519,2.41424937
1760625275.123,1.32913871,0.52508593,2.35378936,0.00620824,0.97604778,0.00144956,80.0,-7.0,0.0,80.0,1.3962634,0.0,0.0,0.0,80.0,-7.0,0.0,80.0,1.3962634,0.0,0.0,0.0,-10.48104506,-3.67348691,-2.70601784,-25.48594736,-65.30609437,-39.51699936,28.06361187,15.15603503,-32.47950807,4.85381068,11.28192612,-9.01680276,-5.8020513,0.0,24.5191293,6.07208226,2.40837819
1760625275.157,1.32861581,0.56437584,2.36648549,0.00414786,0.97649049,0.00219473,80.0,-7.0,0.0,80.0,1.3962634,0.0,0.0,0.0,80.0,-7.0,0.0,80.0,1.3962634,0.0,0.0,0.0,-10.38432273,-3.88976863,-2.91612835,-26.62908176,-66.25510706,-41.68739218,27.80081564,15.64238418,-32.41145773,4.99248077,11.13371484,-9.20874502,-6.12247825,0.0,24.5945568,6.06790066,2.41318419
1760625275.19,1.3268317,0.59630711,2.35772779,0.00204647,0.97643049,0.00270179,80.0,-7.0,0.0,80.0,1.3962634,0.0,0.0,0.0,80.0,-7.0,0.0,80.0,1.3962634,0.0,0.0,0.0,-10.13234997,-4.08837011,-2.99500429,-27.89814545,-66.91661363,-43.46984171,27.58082149,15.81168155,-32.26795673,4.85918848,10.81735769,-9.37025337,-6.37812256,0.0,24.71991179,6.08808867,2.41733914
1760625275.224,1.33938332,0.63685561,2.34489584,0.00084372,0.97630892,0.00344302,80.0,-7.0,0.0,80.0,1.3962634,0.0,0.0,0.0,80.0,-7.0,0.0,80.0,1.3962634,0.0,0.0,0.0,-10.19108471,-4.17441878,-3.02147591,-29.17382031,-67.59331253,-45.52851296,27.63212049,16.64754435,-32.32717076,5.13986369,10.79659151,-9.42841797,-6.62256917,0.0,24.86549518,6.09303577,2.41485474
1760625275.257,1.33651132,0.65377188,2.32505627,-0.00014959,0.97693503,0.00391246,80.0,-7.0,0.0,80.0,1.3962634,0.0,0.0,0.0,80.0,-7.0,0.0,80.0,1.3962634,0.0,0.0,0.0,-10.05487644,-4.31161424,-3.02947403,-29.98099091,-67.91485605,-46.18742043,27.1152983,16.93465008,-31.64259326,5.21278034,10.59979629,-9.56769275,-6.80555678,0.0,24.99920352,6.08176864,2.41047146
1760625275.29,1.33034453,0.64032143,2.28838454,-0.00153204,0.97722926,0.0040568,80.0,-7.0,0.0,80.0,1.3962634,0.0,0.0,0.0,80.0,-7.0,0.0,80.0,1.3962634,0.0,0.0,0.0,-9.66775033,-4.44436639,-2.88643761,-31.00284656,-68.12502818,-46.59794562,26.88005787,16.52829146,-31.26017103,4.94298167,10.13985026,-9.70272542,-6.78847621,0.0,25.05988531,6.089113,2.40459839
1760625275.324,1.3287604,0.65725548,2.27261283,-0.00136299,0.97700039,0.00369075,80.0,-7.0,0.0,80.0,1.3962634,0.0,0.0,0.0,80.0,-7.0,0.0,80.0,1.3962634,0.0,0.0,0.0,-9.63486342,-4.45653754,-2.9800346,-31.2628449,-68.66641432,-47.0684905,26.26025816,16.41324597,-30.76819217,4.8910789,10.0317042,-9.77753069,-6.93938014,0.0,25.14695978,6.08833976,2.40257146
1760625275.357,1.3220248,0.65001259,2.25285669,-0.00189785,0.97702179,0.00335546,80.0,-7.0,0.0,80.0,1.3962634,0.0,0.0,0.0,80.0,-7.0,0.0,80.0,1.3962634,0.0,0.0,0.0,-9.47859161,-4.47724268,-2.98190974,-31.61038083,-68.95966032,-47.98887877,25.91508859,17.03298459,-30.45536486,5.21349417,9.83454485,-9.8536429,-6.99943616,0.0,25.22691594,6.08571513,2.38781138
1760625275.391,1.31785604,0.65001059,2.22368331,-0.00223498,0.97727694,0.00336345,80.0,-7.0,0.0,80.0,1.3962634,0.0,0.0,0.0,80.0,-7.0,0.0,80.0,1.3962634,0.0,0.0,0.0,-9.48270118,-4.45552348,-2.99565239,-32.04317039,-69.18462278,-49.20003041,25.76473117,18.28701604,-29.99385733,5.82537385,9.85582851,-9.90210079,-7.07965719,0.0,25.29814742,6.0812904,2.38061013
1760625275.425,1.31043959,0.65588238,2.20196597,-0.00286341,0.97744305,0.00351146,80.0,-7.0,0.0,80.0,1.3962634,0.0,0.0,0.0,80.0,-7.0,0.0,80.0,1.3962634,0.0,0.0,0.0,-9.45986647,-4.46802253,-2.80230375,-33.61340438,-68.96716752,-50.48405224,25.79110532,20.69938553,-28.2484556,6.75285453,9.89502559,-9.95391071,-6.84780135,0.0,25.30844132,6.07538977,2.36340534
1760625275.458,1.31585118,0.67107064,2.19957274,-0.00320009,0.9774166,0.00373925,80.0,-7.0,0.0,80.0,1.3962634,0.0,0.0,0.0,80.0,-7.0,0.0,80.0,1.3962634,0.0,0.0,0.0,-9.5020742,-4.47618779,-2.5779527,-35.39524103,-68.51550726,-51.19945087,26.21440284,21.3358695,-26.06834515,6.04393189,9.97772509,-9.99555796,-6.63676862,0.0,25.47427977,6.0799222,2.34373923
1760625275.491,1.3222882,0.68536783,2.18155765,-0.00351073,0.97762483,0.00395993,80.0,-7.0,0.0,80.0,1.3962634,0.0,0.0,0.0,80.0,-7.0,0.0,80.0,1.3962634,0.0,0.0,0.0,-9.44047822,-4.48893586,-2.44299175,-37.45217165,-67.96454891,-52.28581187,27.0695914,23.10394828,-23.41963685,5.23148441,9.9511908,-10.05581618,-6.42880051,0.0,25.63778196,6.09005055,2.31673334
1760625275.525,1.33214881,0.70657832,2.13734121,-0.00420717,0.97790249,0.0041511,80.0,-7.0,0.0,80.0,1.3962634,0.0,0.0,0.0,80.0,-7.0,0.0,80.0,1.3962634,0.0,0.0,0.0,-9.50264676,-4.4464117,-2.2776254,-40.57282049,-67.1723016,-53.59790015,28.38683673,25.39345174,-18.65902221,3.07351921,10.06028105,-10.08254901,-6.01374539,0.0,25.77449472,6.10379924,2.29377333
1760625275.558,1.31691897,0.73442255,2.09739198,-0.00323108,0.97850106,0.00516634,80.0,-7.0,0.0,80.0,1.3962634,0.0,0.0,0.0,80.0,-7.0,0.0,80.0,1.3962634,0.0,0.0,0.0,-9.54311179,-4.41806208,-2.09985785,-43.09098881,-66.54365549,-53.81061222,29.3849494,25.36645859,-14.02223958,-0.05169625,10.19489919,-10.07623823,-5.65902461,0.0,25.8149042,6.09434394,2.25761556
1760625275.592,1.29997924,0.76830463,2.01861858,-0.00122718,0.97900399,0.00677436,80.0,-7.0,0.0,80.0,1.3962634,0.0,0.0,0.0,80.0,-7.0,0.0,80.0,1.3962634,0.0,0.0,0.0,-9.72697549,-4.40505437,-1.73287798,-46.46943507,-65.7835375,-53.3640208,29.55771325,25.26358988,-6.59942097,-5.23676852,10.57581,-10.04803075,-5.07842105,0.0,25.78775978,6.09648317,2.19293707
1760625275.659,1.28904332,0.82120435,1.93268849,0.00055119,0.98004253,0.00836122,80.0,-7.0,0.0,80.0,1.3962634,0.0,0.0,0.0,80.0,-7.0,0.0,80.0,1.3962634,0.0,0.0,0.0,-9.77675892,-4.62604965,-1.48423198,-50.96031123,-65.27030105,-52.70955473,29.24621204,28.36227731,4.9890296,-13.87416253,10.94150539,-10.24060329,-4.64215705,0.0,25.91851259,6.19396744,2.12469415
1760625275.692,1.29546755,0.83222081,1.93359016,0.00113341,0.98080316,0.00785865,80.0,-7.0,0.0,80.0,1.3962634,0.0,0.0,0.0,80.0,-7.0,0.0,80.0,1.3962634,0.0,0.0,0.0,-9.6529297,-4.83962346,-1.46800488,-53.70910689,-65.24840765,-53.26239367,30.45942719,33.11437224,10.85666276,-20.12759698,11.02389193,-10.40823818,-4.37919623,0.0,25.86115359,6.23301057,2.07392633
1760625275.725,1.28818717,0.83903738,1.95472137,-0.00017941,0.98150794,0.00641202,80.0,-7.0,0.0,80.0,1.3962634,0.0,0.0,0.0,80.0,-7.0,0.0,80.0,1.3962634,0.0,0.0,0.0,-9.62044288,-5.08076797,-1.7236481,-55.2139942,-65.4692263,-53.8427102,33.38866601,37.37545646,13.34789227,-24.58352066,11.08296986,-10.64186306,-4.46336816,0.0,25.94496199,6.24717586,2.05702069
1760625275.759,1.2967553,0.83676504,2.00338967,-0.00471948,0.98323826,0.00606919,80.0,-7.0,0.0,80.0,1.3962634,0.0,0.0,0.0,80.0,-7.0,0.0,80.0,1.3962634,0.0,0.0,0.0,-9.50450652,-5.37750309,-2.42739197,-56.19153845,-66.21036341,-53.90000204,44.2711169,40.36644689,8.76691592,-24.99999983,10.93203862,-11.01133392,-4.89115965,0.0,26.01355274,6.24994983,2.03529273
1760625275.792,1.34637303,0.87414494,2.08959773,-0.01051203,0.98516226,0.0062727,80.0,-7.0,0.0,80.0,1.3962634,0.0,0.0,0.0,80.0,-7.0,0.0,80.0,1.3962634,0.0,0.0,0.0,-9.2267258,-5.73731983,-3.48062735,-56.95381499,-67.50944767,-52.8352269,58.48690822,44.54991857,2.59300069,-24.99999983,10.46703814,-11.48476529,-5.59347203,0.0,26.2264408,6.2545942,2.02826319
1760625275.826,1.35029076,0.89071279,2.13845593,-0.01317714,0.98649294,0.00654191,80.0,-7.0,0.0,80.0,1.3962634,0.0,0.0,0.0,80.0,-7.0,0.0,80.0,1.3962634,0.0,0.0,0.0,-8.37551838,-6.14343195,-3.46129219,-58.05353643,-68.21202963,-51.85571618,68.27196614,47.79695568,-1.38031634,-24.99999983,9.55027965,-11.80093187,-5.39327725,0.0,26.34930541,6.29058417,2.01909916
1760625275.859,1.3304725,0.93138011,2.19581345,-0.01260685,0.98701425,0.00660503,80.0,-7.0,0.0,80.0,1.3962634,0.0,0.0,0.0,80.0,-7.0,0.0,80.0,1.3962634,0.0,0.0,0.0,-7.81498934,-6.60193798,-2.44412422,-58.81727982,-68.41157404,-51.07076905,76.81697523,51.40234795,-4.51630947,-24.99999983,9.0310767,-11.99156399,-4.12212202,0.0,26.30502193,6.31668094,2.03830137
1760625275.893,1.35213154,0.92707839,2.24791908,-0.01427787,0.98572626,0.00561602,80.0,-7.0,0.0,80.0,1.3962634,0.0,0.0,0.0,80.0,-7.0,0.0,80.0,1.3962634,0.0,0.0,0.0,-6.99532042,-6.57677267,-0.56577534,-61.36661367,-69.32490201,-52.4702155,85.14431261,56.35287698,-5.66417394,-24.99999983,8.24004366,-11.6571373,-2.09494082,0.0,26.24654331,6.29680388,2.08656302
1760625275.926,1.36218626,0.91249775,2.27927703,-0.01495254,0.98469434,0.00484005,80.0,-7.0,0.0,80.0,1.3962634,0.0,0.0,0.0,80.0,-7.0,0.0,80.0,1.3962634,0.0,0.0,0.0,-6.62380518,-6.35296869,0.14395543,-62.69271412,-71.17322686,-54.03388518,89.79476776,59.6434329,-4.82477737,-24.99999983,7.81104717,-11.33805844,-1.3846892,0.0,26.3797217,6.29365555,2.13446501
1760625275.96,1.35587693,0.90837672,2.3135494,-0.01589436,0.98441418,0.00438099,80.0,-7.0,0.0,80.0,1.3962634,0.0,0.0,0.0,80.0,-7.0,0.0,80.0,1.3962634,0.0,0.0,0.0,-6.1606928,-6.07030151,0.80967443,-64.5087285,-73.34159104,-56.60145712,96.17295674,62.49239497,-4.64138476,-22.88011055,7.28583582,-10.9792448,-0.7354846,0.0,26.56119892,6.2841519,2.20688163
1760625275.993,1.3473857,0.88882408,2.29065141,-0.01630958,0.98470843,0.00336884,80.0,-7.0,0.0,80.0,1.3962634,0.0,0.0,0.0,80.0,-7.0,0.0,80.0,1.3962634,0.0,0.0,0.0,-6.03873204,-5.62923411,1.09124814,-66.80426969,-77.06357063,-60.38040965,102.95024942,65.18813679,-3.06785551,-20.89062399,7.09200273,-10.64908197,-0.52282066,0.0,26.82535316,6.23007963,2.23246714
1760625276.027,1.34642712,0.87198715,2.28216722,-0.01602139,0.98426258,0.00299344,80.0,-7.0,0.0,80.0,1.3962634,0.0,0.0,0.0,80.0,-7.0,0.0,80.0,1.3962634,0.0,0.0,0.0,-6.10443975,-5.23549341,1.12382589,-69.05900255,-80.14432275,-63.55942731,108.73100336,66.55859067,-2.98659355,-18.50648223,7.13158006,-10.40043726,-0.4855936,0.0,26.83164903,6.22219162,2.26134322
1760625276.06,1.3679089,0.84915834,2.27875668,-0.01698364,0.98470772,0.00289321,80.0,-7.0,0.0,80.0,1.3962634,0.0,0.0,0.0,80.0,-7.0,0.0,80.0,1.3962634,0.0,0.0,0.0,-6.11732985,-4.74660967,1.32545692,-75.49319166,-82.9713787,-70.49158348,117.27730829,67.15602798,-4.81307278,-13.94507448,7.11962148,-10.04742861,-0.35036438,0.0,26.80611015,6.1968139,2.26649348
1760625276.093,1.35750575,0.81762302,2.29896609,-0.01787778,0.98339601,0.00245506,80.0,-7.0,0.0,80.0,1.3962634,0.0,0.0,0.0,80.0,-7.0,0.0,80.0,1.3962634,0.0,0.0,0.0,-6.04374959,-4.70470423,1.36178496,-90.00000018,-85.84971851,-85.59676242,116.04281512,67.75005998,-0.701601,-17.90679751,7.17491879,-10.22269285,-0.3538761,0.0,26.63689629,6.15894886,2.23767782
1760625276.127,1.33466396,0.78286967,2.37435376,-0.01684781,0.983874,0.0048167,80.0,-7.0,0.0,80.0,1.3962634,0.0,0.0,0.0,80.0,-7.0,0.0,80.0,1.3962634,0.0,0.0,0.0,-5.90686379,-5.67527303,2.10367713,-90.00000018,-86.65529942,-86.18262022,122.28943721,67.68417061,-2.23413278,-14.76880237,7.32482509,-11.2140472,0.33142596,0.0,26.52986877,6.1596847,2.26196924
1760625276.16,1.29960134,0.76703244,2.47941822,-0.01538489,0.98317223,0.00669025,80.0,-7.0,0.0,80.0,1.3962634,0.0,0.0,0.0,80.0,-7.0,0.0,80.0,1.3962634,0.0,0.0,0.0,-5.8696415,-6.34920399,2.30076624,-90.00000018,-87.58334111,-87.43628505,124.79594968,67.55931637,-2.11392303,-14.06608851,7.49909151,-11.99395969,0.40598593,0.0,26.60577411,6.16880228,2.26794388
1760625276.194,1.30049252,0.77594495,2.55314386,-0.0152982,0.98279449,0.01036279,80.0,-7.0,0.0,80.0,1.3962634,0.0,0.0,0.0,80.0,-7.0,0.0,80.0,1.3962634,0.0,0.0,0.0,-5.83426502,-7.07648317,2.47382064,-90.00000018,-88.27340636,-88.90032293,126.34993596,67.68000909,-1.67420873,-14.39879281,7.56654073,-12.82883289,0.47324375,0.0,26.6245297,6.15830088,2.26856771
1760625276.261,1.27999654,0.74621597,2.62923823,-0.01279935,0.98090752,0.01222596,80.0,-7.0,0.0,80.0,1.3962634,0.0,0.0,0.0,80.0,-7.0,0.0,80.0,1.3962634,0.0,0.0,0.0,-5.83618982,-7.36066135,2.51497539,-88.82919213,-88.54252386,-90.00000018,127.85798104,68.05481371,-1.71129931,-13.79921422,7.47708117,-13.22472361,0.22789951,0.0,26.67254916,6.097486,2.20413051
1760625276.294,1.29303782,0.71388679,2.61830429,-0.01244208,0.98009717,0.01281178,80.0,-7.0,0.0,80.0,1.3962634,0.0,0.0,0.0,80.0,-7.0,0.0,80.0,1.3962634,0.0,0.0,0.0,-5.97031831,-7.28393253,2.27387909,-87.8743154,-88.35692555,-90.00000018,127.02310637,67.96704068,-1.0752895,-14.09649173,7.35471455,-13.25138946,-0.24180023,0.0,26.77179909,6.06312575,2.17564366
1760625276.328,1.31246341,0.69971586,2.5774327,-0.0125697,0.98002838,0.01214548,80.0,-7.0,0.0,80.0,1.3962634,0.0,0.0,0.0,80.0,-7.0,0.0,80.0,1.3962634,0.0,0.0,0.0,-5.98524344,-6.93383905,2.24738592,-88.47796218,-87.92550381,-90.00000018,128.11575448,68.32658678,-2.26433662,-13.16678211,7.15233018,-12.94627902,-0.48708287,0.0,26.9130901,6.04322384,2.1702765
1760625276.361,1.32988319,0.6794892,2.55919023,-0.01273212,0.97980393,0.01018881,80.0,-7.0,0.0,80.0,1.3962634,0.0,0.0,0.0,80.0,-7.0,0.0,80.0,1.3962634,0.0,0.0,0.0,-6.08771323,-6.25007624,2.23680676,-89.68460945,-87.43610165,-90.00000018,128.70783982,68.99682609,-4.0376201,-12.56860608,7.04688624,-12.30457013,-0.61789054,0.0,26.98595584,5.98067987,2.15073885
1760625276.394,1.33788954,0.62314193,2.51920622,-0.01258782,0.98019346,0.00615096,80.0,-7.0,0.0,80.0,1.3962634,0.0,0.0,0.0,80.0,-7.0,0.0,80.0,1.3962634,0.0,0.0,0.0,-6.27557808,-4.95374911,2.30177485,-90.00000018,-86.61994242,-89.19258032,130.70873602,69.90165876,-7.5781201,-9.47353905,7.03529609,-11.02450362,-0.55352555,0.0,26.86171265,5.90151676,2.12290302
1760625276.428,1.33889417,0.5837576,2.49505885,-0.01174481,0.98039099,0.00247305,80.0,-7.0,0.0,80.0,1.3962634,0.0,0.0,0.0,80.0,-7.0,0.0,80.0,1.3962634,0.0,0.0,0.0,-6.2249878,-3.82441846,2.459252,-89.8751601,-85.82552371,-88.27308835,132.23925993,70.4390895,-11.00245567,-6.11444099,6.93790839,-9.87810678,-0.48747324,0.0,26.84317044,5.87790279,2.11772259
1760625276.461,1.34555392,0.55759391,2.50314104,-0.01120088,0.98143405,0.00224729,80.0,-7.0,0.0,80.0,1.3962634,0.0,0.0,0.0,80.0,-7.0,0.0,80.0,1.3962634,0.0,0.0,0.0,-6.17533312,-3.65842908,2.38053259,-78.17797417,-84.80700147,-75.4560378,131.90837733,70.70973868,-14.26589434,-4.12726166,6.93165689,-9.69958209,-0.53324827,0.0,26.89581296,5.91107424,2.13417471
1760625276.495,1.33002769,0.51402238,2.51700588,-0.00835035,0.98231081,0.00163456,80.0,-7.0,0.0,80.0,1.3962634,0.0,0.0,0.0,80.0,-7.0,0.0,80.0,1.3962634,0.0,0.0,0.0,-6.16965518,-3.77027842,2.66620231,-70.12609934,-82.47362999,-65.44376818,134.08797215,71.12304612,-21.67372105,0.74394416,7.15584751,-9.75485532,-0.18557864,0.0,27.00133538,5.98753599,2.14707865
1760625276.528,1.31104397,0.48402343,2.54868566,-0.00640502,0.98302174,0.00122338,80.0,-7.0,0.0,80.0,1.3962634,0.0,0.0,0.0,80.0,-7.0,0.0,80.0,1.3962634,0.0,0.0,0.0,-6.17069992,-3.90593584,2.78943969,-67.32920828,-80.71254074,-61.21622369,136.18296355,71.35550386,-28.53854731,5.11394529,7.34245035,-9.8628975,0.0848058,0.0,27.0237992,6.01247933,2.12228066
1760625276.562,1.31076953,0.47334827,2.56909418,-0.0045625,0.98353591,0.00106506,80.0,-7.0,0.0,80.0,1.3962634,0.0,0.0,0.0,80.0,-7.0,0.0,80.0,1.3962634,0.0,0.0,0.0,-6.37870902,-4.01744685,2.64960753,-66.61705834,-78.95322242,-59.71390389,136.15962871,70.08967659,-36.58598683,8.7961489,7.70533507,-9.93846951,0.12474646,0.0,27.07117814,5.99713681,2.06606151
1760625276.595,1.34898181,0.48707999,2.55176492,-0.00527263,0.98436411,0.00190911,80.0,-7.0,0.0,80.0,1.3962634,0.0,0.0,0.0,80.0,-7.0,0.0,80.0,1.3962634,0.0,0.0,0.0,-6.42336207,-4.24290036,2.48683325,-66.60729658,-78.02426853,-59.68904651,134.22643301,67.15670336,-41.20259835,9.69287633,7.80550733,-10.15296208,0.04232957,0.0,27.14237895,5.99351535,2.05918452
1760625276.629,1.36840435,0.47031389,2.4934254,-0.00543186,0.98601961,0.00231732,80.0,-7.0,0.0,80.0,1.3962634,0.0,0.0,0.0,80.0,-7.0,0.0,80.0,1.3962634,0.0,0.0,0.0,-6.45908377,-4.44730687,1.98329598,-65.56596284,-77.75034171,-58.9046354,127.47553505,60.94593644,-42.56383133,6.00471184,7.90502161,-10.4103324,-0.39220143,0.0,27.17374933,5.98623181,2.02443617
1760625276.662,1.40646921,0.45034241,2.3973523,-0.00724559,0.98757865,0.00267201,80.0,-7.0,0.0,80.0,1.3962634,0.0,0.0,0.0,80.0,-7.0,0.0,80.0,1.3962634,0.0,0.0,0.0,-6.3473447,-4.70669032,1.40925641,-63.57040045,-77.89746345,-56.78532312,115.87241472,51.59383912,-43.15757666,0.1389583,7.84057283,-10.70284969,-0.93300005,0.0,27.12597879,5.96981858,1.9846158
1760625276.729,1.42601458,0.41379786,2.29510794,-0.00739023,0.98836714,9.048e-05,80.0,-7.0,0.0,80.0,1.3962634,0.0,0.0,0.0,80.0,-7.0,0.0,80.0,1.3962634,0.0,0.0,0.0,-6.23327169,-5.35801731,0.85245822,-55.53875433,-78.50163644,-46.83553859,83.54040824,35.35252311,-29.92557008,-14.01206415,7.89717018,-11.35098574,-1.66404706,0.0,27.21109816,5.94812315,1.93799929
1760625276.762,1.48002547,0.40121392,2.281197,-0.00924211,0.98725535,-0.00146381,80.0,-7.0,0.0,80.0,1.3962634,0.0,0.0,0.0,80.0,-7.0,0.0,80.0,1.3962634,0.0,0.0,0.0,-6.41199064,-5.59901415,0.75160495,-51.01127414,-78.94618143,-42.57665904,70.01067769,29.74163277,-26.44811627,-13.82129757,8.173056,-11.48648202,-1.74637145,0.0,27.15644081,5.96091005,1.94367258
1760625276.796,1.51436146,0.40257764,2.27239145,-0.00988178,0.98562506,-0.00201831,80.0,-7.0,0.0,80.0,1.3962634,0.0,0.0,0.0,80.0,-7.0,0.0,80.0,1.3962634,0.0,0.0,0.0,-6.42563841,-5.57761151,0.89986897,-49.19518399,-79.37705591,-42.10834532,59.11184357,27.42089032,-22.62020359,-11.48102138,8.28505554,-11.34391808,-1.63160247,0.0,27.12818203,5.96972319,1.94386892
1760625276.829,1.5346487,0.4084402,2.3001599,-0.00996259,0.98367655,-0.00232193,80.0,-7.0,0.0,80.0,1.3962634,0.0,0.0,0.0,80.0,-7.0,0.0,80.0,1.3962634,0.0,0.0,0.0,-6.45469328,-5.64877774,0.93100064,-46.80210145,-79.79129208,-41.92229659,51.80388223,27.22090469,-21.84655802,-7.01336799,8.41372141,-11.31509632,-1.66139818,0.0,27.11724782,5.99931008,1.92938193
1760625276.863,1.52960282,0.43733103,2.35078282,-0.00896012,0.98350061,-0.00236024,80.0,-7.0,0.0,80.0,1.3962634,0.0,0.0,0.0,80.0,-7.0,0.0,80.0,1.3962634,0.0,0.0,0.0,-6.73145955,-5.93795916,-0.76739107,-35.8295668,-80.93766115,-33.28895205,31.73699107,27.07118296,-10.62745591,-4.74391684,8.6678823,-11.6984186,-3.425785,0.0,27.03203014,6.01345536,1.88872955
1760625276.896,1.52091515,0.4709842,2.38775415,-0.00776747,0.98377851,-0.00166437,80.0,-7.0,0.0,80.0,1.3962634,0.0,0.0,0.0,80.0,-7.0,0.0,80.0,1.3962634,0.0,0.0,0.0,-7.06075082,-6.00981636,-1.73117807,-28.23165427,-81.04681775,-26.74129757,17.62520682,26.82395479,-2.76470882,-4.07703807,8.94275655,-11.81951103,-4.40190095,0.0,26.91380536,5.98490605,1.88531258
1760625276.93,1.47819946,0.51788326,2.43848633,-0.00474275,0.98397382,-0.00016357,80.0,-7.0,0.0,80.0,1.3962634,0.0,0.0,0.0,80.0,-7.0,0.0,80.0,1.3962634,0.0,0.0,0.0,-7.49974542,-6.026489,-2.09883638,-25.56044855,-80.49530474,-24.71267363,12.0343749,26.16286422,-2.08527865,-2.47972082,9.39678675,-11.78215603,-4.70878436,0.0,26.70055947,5.97625795,1.89996467
1760625276.963,1.4316925,0.59155741,2.49463441,-0.0010518,0.9840792,0.0013168,80.0,-7.0,0.0,80.0,1.3962634,0.0,0.0,0.0,80.0,-7.0,0.0,80.0,1.3962634,0.0,0.0,0.0,-8.00662712,-6.08049738,-2.25961187,-25.46660004,-79.63275423,-25.63593407,11.54382872,25.25430142,-6.12055049,0.42725001,9.82154069,-11.74908201,-4.99379031,0.0,26.78357053,5.98140103,1.94525412
1760625276.997,1.40978618,0.6554084,2.51970136,0.00128146,0.98444251,0.00284747,80.0,-7.0,0.0,80.0,1.3962634,0.0,0.0,0.0,80.0,-7.0,0.0,80.0,1.3962634,0.0,0.0,0.0,-8.43988846,-6.03146208,-2.38022503,-25.39014489,-79.10383013,-26.43879009,11.75706461,24.36747461,-9.12269186,2.27273308,10.1359398,-11.64428345,-5.17781914,0.0,26.87426147,5.98704781,1.96547555
1760625277.03,1.39460679,0.70419232,2.49610919,0.00149369,0.98457906,0.004261,80.0,-7.0,0.0,80.0,1.3962634,0.0,0.0,0.0,80.0,-7.0,0.0,80.0,1.3962634,0.0,0.0,0.0,-8.65002177,-6.01156461,-2.34471344,-25.72959461,-78.49864768,-27.64756534,13.48574897,23.88101197,-13.22284894,4.20295661,10.17565559,-11.57553409,-5.2479913,0.0,26.94628467,5.96232708,1.9551638
1760625277.063,1.37916637,0.77136497,2.44355074,0.00294946,0.98512758,0.00523091,80.0,-7.0,0.0,80.0,1.3962634,0.0,0.0,0.0,80.0,-7.0,0.0,80.0,1.3962634,0.0,0.0,0.0,-8.85724169,-5.91887912,-2.5733397,-25.44072016,-77.96414985,-29.05574408,16.40548594,24.06931417,-19.30129852,7.04593682,10.24335068,-11.47107574,-5.65159335,0.0,27.01140868,5.91136714,1.9384531
1760625277.097,1.37406143,0.80131615,2.38331498,0.00456469,0.98508325,0.00601891,80.0,-7.0,0.0,80.0,1.3962634,0.0,0.0,0.0,80.0,-7.0,0.0,80.0,1.3962634,0.0,0.0,0.0,-9.07604462,-5.78443487,-2.9141982,-24.90165502,-77.81221286,-30.66094459,19.44339058,24.75378523,-24.85782424,9.45540862,10.4243849,-11.37928526,-6.21449702,0.0,27.09507103,5.87861442,1.90254087
1760625277.131,1.38299254,0.83263324,2.3682965,0.00379191,0.98433075,0.00660313,80.0,-7.0,0.0,80.0,1.3962634,0.0,0.0,0.0,80.0,-7.0,0.0,80.0,1.3962634,0.0,0.0,0.0,-9.1793463,-5.63664534,-3.2954673,-24.49085856,-77.65459788,-32.7818791,19.0583361,25.55820901,-26.67602043,10.4641838,10.43404142,-11.32000363,-6.911653,0.0,27.31739881,5.8873217,1.89975124
1760625277.164,1.39771821,0.85541906,2.34791542,0.0034793,0.98347246,0.00701365,80.0,-7.0,0.0,80.0,1.3962634,0.0,0.0,0.0,80.0,-7.0,0.0,80.0,1.3962634,0.0,0.0,0.0,-9.17041493,-5.40291476,-3.7038986,-25.73180127,-77.39685245,-36.05707353,17.3328391,25.59958076,-27.17943453,10.9344429,10.35260246,-11.19206239,-7.5879077,0.0,27.55819263,5.9054567,1.89518031
1760625277.197,1.43408043,0.89666303,2.3439809,0.00102273,0.98272262,0.00775925,80.0,-7.0,0.0,80.0,1.3962634,0.0,0.0,0.0,80.0,-7.0,0.0,80.0,1.3962634,0.0,0.0,0.0,-8.95201865,-5.3971883,-3.8730734,-26.89417475,-76.99183462,-36.91406429,14.90446695,24.42245257,-25.77281351,10.40866888,9.96181017,-11.20273085,-7.76410607,0.0,27.5895629,5.86767584,1.88919621
1760625277.231,1.45689547,0.92248373,2.29470889,0.00039876,0.9815524,0.00809458,80.0,-7.0,0.0,80.0,1.3962634,0.0,0.0,0.0,80.0,-7.0,0.0,80.0,1.3962634,0.0,0.0,0.0,-8.78349147,-5.23863712,-3.74031741,-29.24850317,-76.60724651,-38.43087782,13.59097792,22.77929891,-24.84936077,9.87697788,9.73736919,-11.02729927,-7.6304022,0.0,27.58050788,5.85213238,1.87366143
1760625277.264,1.48127977,0.93804829,2.23270085,-6.151e-05,0.98107603,0.00841308,80.0,-7.0,0.0,80.0,1.3962634,0.0,0.0,0.0,80.0,-7.0,0.0,80.0,1.3962634,0.0,0.0,0.0,-8.73867815,-5.22513006,-3.85559937,-30.11846966,-76.19592263,-38.74945973,12.94036628,21.27971779,-24.3137471,9.44731504,9.61916488,-11.0599478,-7.6813724,0.0,27.63461509,5.86023386,1.87937295
1760625277.298,1.50834324,0.94546264,2.16309514,-0.00061852,0.98048056,0.00838911,80.0,-7.0,0.0,80.0,1.3962634,0.0,0.0,0.0,80.0,-7.0,0.0,80.0,1.3962634,0.0,0.0,0.0,-8.70499056,-5.13949711,-3.85496668,-30.60464728,-76.01414736,-39.71292828,13.68825019,21.15416446,-25.07575101,9.40166476,9.58974616,-10.99033225,-7.59550348,0.0,27.6216481,5.8667348,1.87986128
1760625277.331,1.54418935,0.95108372,2.09129646,-0.00102865,0.98016904,0.00827913,80.0,-7.0,0.0,80.0,1.3962634,0.0,0.0,0.0,80.0,-7.0,0.0,80.0,1.3962634,0.0,0.0,0.0,-8.65203781,-5.05032936,-3.85276716,-30.88994338,-75.90596932,-40.68809365,14.11429535,21.37513627,-25.45686728,9.40430553,9.57560025,-10.91160853,-7.52920829,0.0,27.63622484,5.86710108,1.8755628
1760625277.365,1.57476406,0.94027455,2.00944333,-0.00132552,0.97983186,0.0077265,80.0,-7.0,0.0,80.0,1.3962634,0.0,0.0,0.0,80.0,-7.0,0.0,80.0,1.3962634,0.0,0.0,0.0,-8.64481853,-4.90293644,-3.92511306,-31.10987679,-75.84017518,-42.19227079,14.91642456,22.39340654,-25.75937926,9.45540316,9.68007791,-10.80283362,-7.4697632,0.0,27.61014806,5.89619196,1.86605298
1760625277.432,1.61597657,0.94311898,1.96566433,-0.00194939,0.97930556,0.00700327,80.0,-7.0,0.0,80.0,1.3962634,0.0,0.0,0.0,80.0,-7.0,0.0,80.0,1.3962634,0.0,0.0,0.0,-8.42894732,-4.74233671,-4.08080855,-32.84920579,-75.77440365,-46.54431468,16.99044785,26.44190812,-24.05805772,9.32382796,9.62178275,-10.74268739,-7.39235887,0.0,27.79396812,5.94843485,1.85627185
1760625277.465,1.6223103,0.94552219,1.94441337,-0.00208875,0.97953136,0.00701334,80.0,-7.0,0.0,80.0,1.3962634,0.0,0.0,0.0,80.0,-7.0,0.0,80.0,1.3962634,0.0,0.0,0.0,-8.28379614,-4.72526564,-4.0116251,-33.92978756,-75.6405531,-47.81694704,18.13949037,27.31918023,-22.5499662,8.47904076,9.54222734,-10.76048897,-7.16322464,0.0,27.79542273,5.92815914,1.82241947
1760625277.498,1.61730639,0.95097605,1.94102219,-0.00097265,0.97927844,0.00624116,80.0,-7.0,0.0,80.0,1.3962634,0.0,0.0,0.0,80.0,-7.0,0.0,80.0,1.3962634,0.0,0.0,0.0,-8.18705967,-4.67392291,-3.90283542,-35.38692555,-75.42689961,-48.83676845,19.1731017,27.42953,-20.34080992,6.87722215,9.53041405,-10.75148636,-6.92768973,0.0,27.86990044,5.91376466,1.79279614
1760625277.532,1.62883047,0.9510583,1.94487362,-0.00033871,0.97967845,0.0058606,80.0,-7.0,0.0,80.0,1.3962634,0.0,0.0,0.0,80.0,-7.0,0.0,80.0,1.3962634,0.0,0.0,0.0,-8.15816887,-4.63436969,-3.76063603,-37.81290212,-75.01724693,-49.91486383,19.88867148,27.32644212,-15.75508281,3.86127947,9.62533563,-10.78717062,-6.61718466,0.0,27.95852343,5.91470669,1.76804935
1760625277.565,1.64381685,0.95061609,1.93277363,-0.00012225,0.98000875,0.00571348,80.0,-7.0,0.0,80.0,1.3962634,0.0,0.0,0.0,80.0,-7.0,0.0,80.0,1.3962634,0.0,0.0,0.0,-8.13950045,-4.57555323,-3.61476338,-40.08868956,-74.63118027,-50.58406319,20.3084755,26.91981215,-11.23548841,0.74024035,9.71831705,-10.77700826,-6.45409876,0.0,28.03861266,5.94232881,1.74784336
1760625277.599,1.66217373,0.96172503,1.93444079,0.0003399,0.98016291,0.00571701,80.0,-7.0,0.0,80.0,1.3962634,0.0,0.0,0.0,80.0,-7.0,0.0,80.0,1.3962634,0.0,0.0,0.0,-8.21303072,-4.60318203,-3.56693379,-41.88809463,-74.28514032,-50.56090922,20.38279124,27.02234424,-5.90193083,-2.85546522,9.87337818,-10.85891748,-6.36155412,0.0,28.11068943,5.96381705,1.73581886
1760625277.632,1.66355652,0.9621897,1.92553275,0.00082917,0.98066434,0.00611745,80.0,-7.0,0.0,80.0,1.3962634,0.0,0.0,0.0,80.0,-7.0,0.0,80.0,1.3962634,0.0,0.0,0.0,-8.23769426,-4.65023866,-3.49727836,-43.7490207,-74.13103742,-49.07246155,18.98089054,27.53863219,2.54821538,-8.58750065,9.98962773,-10.96223462,-6.20332352,0.0,28.15134816,5.94565001,1.6935737
1760625277.665,1.67243741,0.95293898,1.91469897,0.0010679,0.981227,0.00600606,80.0,-7.0,0.0,80.0,1.3962634,0.0,0.0,0.0,80.0,-7.0,0.0,80.0,1.3962634,0.0,0.0,0.0,-8.28157582,-4.6806622,-3.45315314,-44.3836917,-74.32497516,-47.22835032,17.16421959,28.40970146,9.44415983,-13.53793237,10.07318307,-11.0103633,-6.07326913,0.0,28.12819062,5.92788485,1.67231033
1760625277.699,1.6939995,0.93702928,1.95727962,0.00066904,0.98195958,0.00549633,80.0,-7.0,0.0,80.0,1.3962634,0.0,0.0,0.0,80.0,-7.0,0.0,80.0,1.3962634,0.0,0.0,0.0,-8.31785098,-4.76774181,-3.66889269,-44.44434049,-74.81643592,-45.58040265,14.39490767,30.91162853,17.08717089,-19.04498944,10.09255184,-11.13711118,-6.12177618,0.0,28.04785647,5.93717485,1.6638781
1760625277.732,1.75879245,0.91493854,2.0229039,-0.00393074,0.98330191,0.00542973,80.0,-7.0,0.0,80.0,1.3962634,0.0,0.0,0.0,80.0,-7.0,0.0,80.0,1.3962634,0.0,0.0,0.0,-8.08440971,-4.93624777,-3.97657557,-44.9990017,-75.71108425,-44.84035114,16.00206777,35.21737255,22.13281528,-24.99999983,9.71256101,-11.32967621,-6.30547967,0.0,28.06783475,5.96080348,1.68130038
1760625277.766,1.80829135,0.89111041,2.09019473,-0.00977478,0.98481011,0.00384689,80.0,-7.0,0.0,80.0,1.3962634,0.0,0.0,0.0,80.0,-7.0,0.0,80.0,1.3962634,0.0,0.0,0.0,-7.94479208,-5.30104656,-4.31709911,-44.06129362,-76.36818637,-43.45072472,27.64745132,37.0097216,16.41525712,-24.99999983,9.42357238,-11.71747848,-6.47630488,0.0,28.08597824,5.99717112,1.70077318
1760625277.8,1.83719419,0.87171653,2.14238976,-0.01311748,0.98619758,0.00233357,80.0,-7.0,0.0,80.0,1.3962634,0.0,0.0,0.0,80.0,-7.0,0.0,80.0,1.3962634,0.0,0.0,0.0,-7.74138645,-5.70213361,-4.68714166,-41.95712201,-77.04270525,-40.73779855,38.78718827,39.34437431,11.03421997,-24.99999983,9.08829628,-12.11254508,-6.7352146,0.0,28.07914648,6.02928788,1.70264917
1760625277.833,1.83596247,0.85770931,2.23032779,-0.01823851,0.98717076,0.00130362,80.0,-7.0,0.0,80.0,1.3962634,0.0,0.0,0.0,80.0,-7.0,0.0,80.0,1.3962634,0.0,0.0,0.0,-6.82767303,-5.96673161,-4.120552,-42.76100612,-77.6597069,-39.56462033,52.29442204,42.47048689,5.04544285,-24.99999983,8.09046607,-12.18664028,-6.18312067,0.0,28.09289025,6.06231413,1.73863134
1760625277.866,1.82087472,0.84061447,2.32928587,-0.01653406,0.98773502,0.0007044,80.0,-7.0,0.0,80.0,1.3962634,0.0,0.0,0.0,80.0,-7.0,0.0,80.0,1.3962634,0.0,0.0,0.0,-6.7798121,-6.26116787,-2.78041404,-43.24128946,-77.46754459,-38.85251828,62.09990947,45.06149068,0.48512295,-24.99999983,8.12528401,-12.25740717,-4.75594326,0.0,28.08726591,6.07868224,1.75969353
1760625277.9,1.8017178,0.83058479,2.39310295,-0.01729189,0.98685387,0.00071435,80.0,-7.0,0.0,80.0,1.3962634,0.0,0.0,0.0,80.0,-7.0,0.0,80.0,1.3962634,0.0,0.0,0.0,-6.18716693,-6.18713946,-0.65172515,-47.30528209,-77.33615963,-41.57340874,73.32106387,47.81881601,-5.27208838,-23.02792898,7.62575445,-11.90384696,-2.75404996,0.0,28.106194,6.06946422,1.81221519
1760625277.933,1.76733462,0.81031464,2.48203927,-0.01738169,0.98573373,0.00045655,80.0,-7.0,0.0,80.0,1.3962634,0.0,0.0,0.0,80.0,-7.0,0.0,80.0,1.3962634,0.0,0.0,0.0,-5.85088008,-6.0582743,0.10098304,-46.26015686,-78.77356377,-39.57110714,79.98786589,51.64854509,-5.9467156,-23.82834214,7.24444091,-11.74908857,-2.1095603,0.0,28.08644576,6.04555512,1.84573964
1760625277.967,1.7354055,0.79185344,2.53349563,-0.01658551,0.98556385,0.0008389,80.0,-7.0,0.0,80.0,1.3962634,0.0,0.0,0.0,80.0,-7.0,0.0,80.0,1.3962634,0.0,0.0,0.0,-5.74394085,-5.96388464,0.31896028,-43.76515215,-80.27195184,-37.23404639,89.31381658,54.62972542,-9.35564553,-20.78729728,7.10008923,-11.69335253,-2.09744385,0.0,28.10202436,6.03460251,1.853086
1760625278.0,1.7108458,0.76301922,2.55188277,-0.0164495,0.98588089,0.00084884,80.0,-7.0,0.0,80.0,1.3962634,0.0,0.0,0.0,80.0,-7.0,0.0,80.0,1.3962634,0.0,0.0,0.0,-5.75527546,-5.61832601,0.51580434,-41.66763067,-81.9950012,-36.0315731,98.01765614,57.9645853,-11.56621002,-17.21786652,7.06089066,-11.41773876,-2.08756613,0.0,28.09179542,6.0203836,1.88225638
1760625278.034,1.67547668,0.72557139,2.57442322,-0.01611662,0.98610014,0.0015332,80.0,-7.0,0.0,80.0,1.3962634,0.0,0.0,0.0,80.0,-7.0,0.0,80.0,1.3962634,0.0,0.0,0.0,-5.8682289,-5.43942771,0.40450472,-29.98710139,-84.34654661,-25.07427148,106.20992405,61.33744617,-12.09763349,-14.56502625,7.06900687,-11.35661596,-2.46875866,0.0,28.0527936,6.0156978,1.93005746
1760625278.067,1.64664287,0.6571656,2.61923527,-0.01546425,0.98541057,-0.00128097,80.0,-7.0,0.0,80.0,1.3962634,0.0,0.0,0.0,80.0,-7.0,0.0,80.0,1.3962634,0.0,0.0,0.0,-5.848018,-5.23789026,0.46603125,-16.77789258,-85.92922497,-12.361498,108.07243165,62.77610017,-9.72725813,-15.6988114,6.98859382,-11.29181462,-2.67174104,0.0,28.13660059,5.99209318,1.96119441
1760625278.1,1.5849329,0.5920061,2.66531776,-0.01364135,0.98626081,-0.00295355,80.0,-7.0,0.0,80.0,1.3962634,0.0,0.0,0.0,80.0,-7.0,0.0,80.0,1.3962634,0.0,0.0,0.0,-5.75902255,-4.73595141,1.64022809,-16.02724031,-86.95789392,-11.7534504,117.46569623,64.98671674,-12.68036986,-10.99145189,7.00456403,-10.74236337,-1.60414112,0.0,28.03041766,5.93151897,1.98044528
1760625278.134,1.53608806,0.53570126,2.69592034,-0.01230748,0.9870578,-0.00450362,80.0,-7.0,0.0,80.0,1.3962634,0.0,0.0,0.0,80.0,-7.0,0.0,80.0,1.3962634,0.0,0.0,0.0,-5.78968048,-4.22452344,2.85066473,-15.15617261,-88.44380113,-11.11699801,124.57369315,66.87284926,-12.85698376,-8.80474286,7.1621056,-10.18818107,-0.57016975,0.0,27.92078576,5.89531981,1.99794824
1760625278.167,1.4727074,0.50218004,2.7721597,-0.00895327,0.98579969,-0.00570608,80.0,-7.0,0.0,80.0,1.3962634,0.0,0.0,0.0,80.0,-7.0,0.0,80.0,1.3962634,0.0,0.0,0.0,-5.9532883,-4.05711183,3.43286091,-14.44984169,-89.34326335,-11.28872582,127.47099262,67.41177601,-11.92956033,-8.41429753,7.33557225,-10.00327879,-0.12893378,0.0,27.9731502,5.9057761,2.02730886
1760625278.201,1.39725162,0.47646185,2.83233151,-0.00547869,0.98394414,-0.00613605,80.0,-7.0,0.0,80.0,1.3962634,0.0,0.0,0.0,80.0,-7.0,0.0,80.0,1.3962634,0.0,0.0,0.0,-5.93731956,-3.98443318,3.74426022,-13.95799155,-90.11950826,-11.83313977,130.23501563,67.503515,-11.30756514,-7.67329424,7.26647022,-9.9482163,0.09499802,0.0,27.98573585,5.90724382,2.04779867
1760625278.234,1.36529754,0.43523046,2.84807274,-0.00485896,0.98216484,-0.00628952,80.0,-7.0,0.0,80.0,1.3962634,0.0,0.0,0.0,80.0,-7.0,0.0,80.0,1.3962634,0.0,0.0,0.0,-5.96441751,-3.91408183,3.77871762,-13.38592551,-91.03415793,-12.83230096,129.5486759,67.21875452,-8.61515808,-9.69346947,7.0987415,-9.92545177,0.00812653,0.0,27.96767043,5.89530025,2.03529658
1760625278.268,1.33577303,0.41226619,2.84033685,-0.00370325,0.98071167,-0.00641497,80.0,-7.0,0.0,80.0,1.3962634,0.0,0.0,0.0,80.0,-7.0,0.0,80.0,1.3962634,0.0,0.0,0.0,-6.02790538,-3.84673089,3.54173202,-13.38225487,-91.77030735,-13.78732433,129.24018878,67.0456708,-7.53342524,-10.70659881,6.99547077,-9.89694673,-0.29061418,0.0,28.00512035,5.9006123,2.03503239
1760625278.301,1.31683526,0.35904634,2.84006808,-0.0042082,0.97925782,-0.00700956,80.0,-7.0,0.0,80.0,1.3962634,0.0,0.0,0.0,80.0,-7.0,0.0,80.0,1.3962634,0.0,0.0,0.0,-6.04426117,-3.74031421,3.16998545,-13.42608427,-92.4197387,-14.61067982,127.91475852,66.71281919,-6.23743495,-12.5111714,6.78050252,-9.85789181,-0.67083707,0.0,27.99566788,5.91585143,2.04617816
1760625278.335,1.27980393,0.29256004,2.81181798,-0.00411622,0.97888488,-0.00719665,80.0,-7.0,0.0,80.0,1.3962634,0.0,0.0,0.0,80.0,-7.0,0.0,80.0,1.3962634,0.0,0.0,0.0,-6.16359159,-3.737124,2.85920485,-13.39840354,-92.63760504,-15.19521241,127.77201856,66.66307589,-5.83736963,-13.65217002,6.66153052,-9.87623944,-0.91964579,0.0,27.96546121,5.90704285,2.02795117
1760625278.368,1.23266312,0.24332376,2.79285697,-0.00404749,0.97784237,-0.00765534,80.0,-7.0,0.0,80.0,1.3962634,0.0,0.0,0.0,80.0,-7.0,0.0,80.0,1.3962634,0.0,0.0,0.0,-6.19064667,-3.67691532,2.60005708,-13.27636456,-92.71333173,-15.6077546,127.51468693,66.97883508,-5.2526149,-14.40919682,6.5538946,-9.83291251,-1.1365177,0.0,27.97847932,5.90828151,2.04509972
1760625278.402,1.19827524,0.18851807,2.74325519,-0.00480759,0.97691203,-0.00763255,80.0,-7.0,0.0,80.0,1.3962634,0.0,0.0,0.0,80.0,-7.0,0.0,80.0,1.3962634,0.0,0.0,0.0,-6.21387966,-3.59916598,2.26036621,-12.91254027,-92.71051267,-16.06058533,126.1115913,66.55826217,-3.95588658,-15.77791377,6.43693102,-9.77878225,-1.37314602,0.0,27.958506,5.93574058,2.07177366
1760625278.435,1.17651298,0.16879977,2.70464042,-0.00576444,0.97605011,-0.00704735,80.0,-7.0,0.0,80.0,1.3962634,0.0,0.0,0.0,80.0,-7.0,0.0,80.0,1.3962634,0.0,0.0,0.0,-6.18666713,-3.62330592,1.93947265,-12.61033814,-92.62032657,-16.26002951,124.91371989,66.15805694,-2.87042753,-16.6967053,6.31716348,-9.82836998,-1.56050934,0.0,27.95253614,5.94240215,2.07681968
1760625278.468,1.13613473,0.13962279,2.68191424,-0.0051204,0.97614875,-0.00654677,80.0,-7.0,0.0,80.0,1.3962634,0.0,0.0,0.0,80.0,-7.0,0.0,80.0,1.3962634,0.0,0.0,0.0,-6.28063324,-3.69677088,1.64456622,-12.57763389,-92.2730674,-16.23737728,124.90411483,66.44703418,-2.66163844,-16.57958621,6.40789049,-9.92295105,-1.65956833,0.0,27.91981221,5.93536585,2.07187673
1760625278.502,1.10476522,0.10374456,2.61393785,-0.00492996,0.97673447,-0.00587417,80.0,-7.0,0.0,80.0,1.3962634,0.0,0.0,0.0,80.0,-7.0,0.0,80.0,1.3962634,0.0,0.0,0.0,-6.22038105,-3.80429595,1.57706197,-13.12518837,-91.52346532,-15.31193134,125.98417844,66.93700418,-3.85091696,-15.7142693,6.4431083,-10.04448408,-1.5801064,0.0,27.8667529,5.9483297,2.06746735
1760625278.535,1.10623435,0.10333238,2.59462756,-0.00522887,0.97767458,-0.00457932,80.0,-7.0,0.0,80.0,1.3962634,0.0,0.0,0.0,80.0,-7.0,0.0,80.0,1.3962634,0.0,0.0,0.0,-6.25211408,-3.94220703,1.63730693,-13.7967539,-90.63746614,-14.49851082,128.10771461,67.90073643,-6.27601086,-13.13047137,6.61041538,-10.16123653,-1.32188447,0.0,27.82302157,5.94717305,2.03661035
1760625278.569,1.09952159,0.09446682,2.58970217,-0.00415986,0.97921257,-0.00377627,80.0,-7.0,0.0,80.0,1.3962634,0.0,0.0,0.0,80.0,-7.0,0.0,80.0,1.3962634,0.0,0.0,0.0,-6.35505429,-4.09278475,1.75551554,-14.59318357,-89.43588227,-13.7899475,129.81083359,69.21332292,-9.19801816,-9.97425228,6.92507895,-10.2853653,-0.9705209,0.0,27.73657722,5.96831864,2.02652594
1760625278.602,1.1089724,0.08857507,2.59885941,-0.00313306,0.98054602,-0.00291317,80.0,-7.0,0.0,80.0,1.3962634,0.0,0.0,0.0,80.0,-7.0,0.0,80.0,1.3962634,0.0,0.0,0.0,-6.36003953,-4.31193071,1.56982298,-15.94053024,-88.04042678,-13.27091855,132.02926422,69.3001663,-14.19659643,-5.5578959,7.11607007,-10.49602266,-0.91560782,0.0,27.66577394,5.97278934,2.00893018
1760625278.636,1.10542138,0.0750514,2.59887066,-0.00191867,0.98134976,-0.00322383,80.0,-7.0,0.0,80.0,1.3962634,0.0,0.0,0.0,80.0,-7.0,0.0,80.0,1.3962634,0.0,0.0,0.0,-6.32953599,-4.21478248,2.50789141,-44.51164759,-86.66303363,-40.57702381,134.36355359,69.37578603,-19.15119422,-1.4475656,7.43795429,-10.24711046,0.19699728,0.0,27.53026523,5.98238062,1.99002265
1760625278.669,1.14098914,0.05524787,2.58956518,-0.00304517,0.9820152,-0.00303139,80.0,-7.0,0.0,80.0,1.3962634,0.0,0.0,0.0,80.0,-7.0,0.0,80.0,1.3962634,0.0,0.0,0.0,-6.37636955,-4.31831446,2.5127691,-45.13701679,-85.55043044,-39.99944911,135.2885727,69.59610801,-24.01692886,1.95620663,7.63322322,-10.31625471,0.28964728,0.0,27.49835819,6.00524333,1.97737557
1760625278.703,1.17853402,0.04060984,2.60085111,-0.00450602,0.9829857,-0.00356094,80.0,-7.0,0.0,80.0,1.3962634,0.0,0.0,0.0,80.0,-7.0,0.0,80.0,1.3962634,0.0,0.0,0.0,-6.39929976,-4.32834478,2.65608217,-49.85260203,-84.08438336,-43.55812402,136.17281714,69.08725951,-31.90098744,6.45039154,7.8267303,-10.2570774,0.48182909,0.0,27.59180758,6.04820684,1.97667306
1760625278.736,1.22780454,0.02784328,2.61148348,-0.00653104,0.98440545,-0.00327618,80.0,-7.0,0.0,80.0,1.3962634,0.0,0.0,0.0,80.0,-7.0,0.0,80.0,1.3962634,0.0,0.0,0.0,-6.4135036,-4.52612082,2.54813265,-50.72117549,-83.169809,-44.1401263,135.13733579,67.32962739,-37.24070741,8.43706926,7.87023333,-10.44544137,0.44897985,0.0,27.62607357,6.08780024,1.98383728
1760625278.769,1.26036651,0.01408224,2.59013982,-0.00698861,0.9854129,-0.00347247,80.0,-7.0,0.0,80.0,1.3962634,0.0,0.0,0.0,80.0,-7.0,0.0,80.0,1.3962634,0.0,0.0,0.0,-6.44764434,-4.54482751,2.61460779,-53.62008658,-82.3594462,-47.1513463,131.7190515,63.91997555,-41.05635004,8.15448894,7.93609422,-10.41458765,0.51971443,0.0,27.6373402,6.07995732,1.9666166
1760625278.803,1.28066591,-0.01104404,2.54396673,-0.0074431,0.98696661,-0.00385854,80.0,-7.0,0.0,80.0,1.3962634,0.0,0.0,0.0,80.0,-7.0,0.0,80.0,1.3962634,0.0,0.0,0.0,-6.48836099,-4.60946572,2.1990426,-52.98401926,-81.8422162,-46.68707687,125.3558256,58.67495608,-45.48870935,7.05210503,7.9795276,-10.50577155,0.01767211,0.0,27.63015189,6.06843359,1.93645627
1760625278.836,1.31581273,-0.00783602,2.54549806,-0.00984702,0.98920057,-0.00331447,80.0,-7.0,0.0,80.0,1.3962634,0.0,0.0,0.0,80.0,-7.0,0.0,80.0,1.3962634,0.0,0.0,0.0,-6.14639146,-4.99975962,1.38914302,-48.29537597,-81.76500956,-41.4838401,116.04842536,51.54520812,-45.20873707,1.82168335,7.50591779,-10.98168218,-0.91148306,0.0,27.70920558,6.06129576,1.93356415
1760625278.87,1.34111036,-0.02897655,2.52934003,-0.0115879,0.98949308,-0.00492852,80.0,-7.0,0.0,80.0,1.3962634,0.0,0.0,0.0,80.0,-7.0,0.0,80.0,1.3962634,0.0,0.0,0.0,-5.87124921,-5.14350463,0.90583282,-44.99986554,-81.76673058,-37.59427067,97.23198784,41.27608965,-36.13473144,-8.89486834,7.12107078,-11.18541243,-1.55106855,0.0,27.75868312,6.05535525,1.92834288
1760625278.903,1.36007678,-0.02479103,2.51020324,-0.01037522,0.98880143,-0.00633728,80.0,-7.0,0.0,80.0,1.3962634,0.0,0.0,0.0,80.0,-7.0,0.0,80.0,1.3962634,0.0,0.0,0.0,-5.84567639,-5.35469853,0.61690554,-39.62076091,-81.5537825,-32.18280576,79.69273013,34.03279648,-29.49890245,-13.11449791,7.06330218,-11.42892785,-2.02362177,0.0,27.8090275,6.03903621,1.9102124
1760625278.937,1.40108507,-0.01332086,2.51862852,-0.01069062,0.98773217,-0.00683819,80.0,-7.0,0.0,80.0,1.3962634,0.0,0.0,0.0,80.0,-7.0,0.0,80.0,1.3962634,0.0,0.0,0.0,-5.87341403,-5.54204676,0.69543614,-36.44219349,-81.17349542,-29.88071355,67.02005591,30.07421588,-23.58867871,-13.82096799,7.04597111,-11.64092548,-2.10058884,0.0,27.90591932,6.01800355,1.89094657
1760625278.97,1.40770393,0.00460518,2.52167017,-0.00952116,0.98636306,-0.00660559,80.0,-7.0,0.0,80.0,1.3962634,0.0,0.0,0.0,80.0,-7.0,0.0,80.0,1.3962634,0.0,0.0,0.0,-5.90044874,-5.67956066,0.63356579,-32.08834999,-80.89647876,-27.18799609,55.67365748,27.55536472,-18.50505777,-12.93151655,7.06354323,-11.83585256,-2.35991073,0.0,28.03288221,6.00407839,1.88562351
1760625279.004,1.41852409,0.03154723,2.53982912,-0.00749184,0.98524303,-0.00585325,80.0,-7.0,0.0,80.0,1.3962634,0.0,0.0,0.0,80.0,-7.0,0.0,80.0,1.3962634,0.0,0.0,0.0,-6.14623113,-5.65499296,0.218353,-26.38399061,-80.83445079,-24.54376334,50.33099838,27.22937795,-22.06962691,-7.95712738,7.2799924,-11.89000485,-2.93548347,0.0,28.02340795,5.96965176,1.83945258
1760625279.037,1.45866856,0.06571323,2.54485592,-0.00791058,0.98381336,-0.00593154,80.0,-7.0,0.0,80.0,1.3962634,0.0,0.0,0.0,80.0,-7.0,0.0,80.0,1.3962634,0.0,0.0,0.0,-6.51197694,-5.58671239,-0.5310133,-19.8741286,-80.87925275,-20.4929877,39.01153403,27.24499054,-17.30394253,-6.1730172,7.54588299,-11.93256731,-3.80278783,0.0,28.04722513,5.97879581,1.80645645
1760625279.071,1.47163014,0.10887632,2.56869832,-0.00743123,0.98414236,-0.00612467,80.0,-7.0,0.0,80.0,1.3962634,0.0,0.0,0.0,80.0,-7.0,0.0,80.0,1.3962634,0.0,0.0,0.0,-6.95145287,-5.66451884,-2.20803366,-8.77847098,-80.75636735,-11.47094594,20.06723964,26.7974943,-4.35998135,-6.83879237,7.78812576,-12.24666228,-5.381252,0.0,28.01304767,5.98230255,1.7908277
1760625279.104,1.45683971,0.1625906,2.62592864,-0.00553887,0.98512216,-0.00442433,80.0,-7.0,0.0,80.0,1.3962634,0.0,0.0,0.0,80.0,-7.0,0.0,80.0,1.3962634,0.0,0.0,0.0,-7.32774806,-5.75211274,-3.11731438,-1.92856701,-80.04147625,-7.71962654,14.80003706,26.89871191,-6.40428864,-3.22691505,7.9644352,-12.44253722,-5.90686801,0.0,27.79106555,5.9594202,1.77078539
1760625279.138,1.41835139,0.22064993,2.6370693,-0.00020905,0.98503662,-0.00224515,80.0,-7.0,0.0,80.0,1.3962634,0.0,0.0,0.0,80.0,-7.0,0.0,80.0,1.3962634,0.0,0.0,0.0,-7.95762853,-5.68012937,-3.77734496,2.9864448,-79.54936192,-5.59297441,13.00024059,27.3458534,-9.7656554,-0.57719816,8.49100155,-12.44707199,-6.2943656,0.0,27.74912826,5.94123657,1.76817681
1760625279.171,1.40203921,0.26565695,2.61979192,0.00250229,0.98482953,-0.00085255,80.0,-7.0,0.0,80.0,1.3962634,0.0,0.0,0.0,80.0,-7.0,0.0,80.0,1.3962634,0.0,0.0,0.0,-8.40045683,-5.63134404,-3.87608182,4.49235888,-79.0784284,-6.61731302,13.08299031,28.12855111,-14.48938623,2.29259265,8.91333393,-12.34962439,-6.2040368,0.0,27.63976123,5.94310695,1.78061966
1760625279.204,1.3887044,0.30281423,2.60782745,0.00418098,0.98454908,-7.689e-05,80.0,-7.0,0.0,80.0,1.3962634,0.0,0.0,0.0,80.0,-7.0,0.0,80.0,1.3962634,0.0,0.0,0.0,-8.73527715,-5.58968549,-4.04537632,5.55000724,-78.63160111,-8.50327209,15.10810762,29.49179299,-21.8516255,6.57433457,9.21973241,-12.22169796,-6.23437881,0.0,27.5783073,5.96219685,1.818345
1760625279.238,1.38568047,0.31578356,2.58690556,0.00440272,0.98377963,5.089e-05,80.0,-7.0,0.0,80.0,1.3962634,0.0,0.0,0.0,80.0,-7.0,0.0,80.0,1.3962634,0.0,0.0,0.0,-8.7972859,-5.55074797,-3.85431109,4.08550918,-78.30568784,-11.24209931,17.21912614,29.24177732,-27.2896506,9.18747019,9.31268566,-12.05372179,-5.96584982,0.0,27.55933215,5.98819293,1.84940341
1760625279.271,1.37437067,0.31670516,2.5544288,0.00633216,0.98330833,0.0003171,80.0,-7.0,0.0,80.0,1.3962634,0.0,0.0,0.0,80.0,-7.0,0.0,80.0,1.3962634,0.0,0.0,0.0,-9.14520459,-5.38860404,-4.14897769,4.42071929,-78.043571,-11.8807503,18.63873843,28.24274897,-31.48728931,10.88982783,9.71777955,-11.88189106,-6.09973938,0.0,27.55745813,6.01778372,1.87075949
1760625279.305,1.35494927,0.34601493,2.47273913,0.00483956,0.98242304,0.00033039,80.0,-7.0,0.0,80.0,1.3962634,0.0,0.0,0.0,80.0,-7.0,0.0,80.0,1.3962634,0.0,0.0,0.0,-9.14410886,-5.39382734,-3.64862114,-0.43703784,-77.58205294,-17.31152286,21.58149658,26.92976516,-36.95728354,12.65794338,9.71957555,-11.71876908,-5.4166951,0.0,27.52674107,6.07032766,1.89382975
1760625279.338,1.37813028,0.34066342,2.42400525,0.00392781,0.98100216,0.00046313,80.0,-7.0,0.0,80.0,1.3962634,0.0,0.0,0.0,80.0,-7.0,0.0,80.0,1.3962634,0.0,0.0,0.0,-9.37627716,-5.13381194,-3.57081897,-3.38132875,-77.32850849,-21.00748687,21.90312855,25.86422112,-38.3630378,12.74871364,9.91847739,-11.45122293,-5.24720665,0.0,27.50100893,6.04539352,1.87811617
1760625279.372,1.39028491,0.33107974,2.36739148,0.00211486,0.97987169,0.00077017,80.0,-7.0,0.0,80.0,1.3962634,0.0,0.0,0.0,80.0,-7.0,0.0,80.0,1.3962634,0.0,0.0,0.0,-9.38903805,-4.93018105,-3.55176772,-7.43895866,-76.8461911,-25.41117497,20.80874323,24.27534977,-37.49229671,11.85727852,9.90710286,-11.29084341,-5.13751932,0.0,27.54411872,6.06964785,1.85555977
1760625279.405,1.40745913,0.31993965,2.33400125,0.00100572,0.97877778,0.00114002,80.0,-7.0,0.0,80.0,1.3962634,0.0,0.0,0.0,80.0,-7.0,0.0,80.0,1.3962634,0.0,0.0,0.0,-9.34338586,-4.75897374,-3.61309012,-9.91475838,-76.56824517,-27.31542641,18.7117328,22.86751781,-35.19720078,10.90177121,9.82627039,-11.19884148,-5.08484294,0.0,27.58334901,6.06303564,1.83313675
1760625279.438,1.42861005,0.30386738,2.29430188,7.7e-05,0.97851221,0.00130975,80.0,-7.0,0.0,80.0,1.3962634,0.0,0.0,0.0,80.0,-7.0,0.0,80.0,1.3962634,0.0,0.0,0.0,-9.33725373,-4.67989541,-3.82184154,-10.87656459,-76.31006082,-27.29228762,16.45648592,21.16550389,-32.76637498,9.87476501,9.77566239,-11.22997503,-5.09046958,0.0,27.54233563,6.06162729,1.79332559
1760625279.472,1.44345244,0.26791685,2.20549404,-0.0005312,0.97801917,0.00127761,80.0,-7.0,0.0,80.0,1.3962634,0.0,0.0,0.0,80.0,-7.0,0.0,80.0,1.3962634,0.0,0.0,0.0,-9.2940546,-4.55092732,-3.67619305,-12.93005401,-76.15624976,-28.86761318,15.56422808,20.11057888,-31.65645377,9.33312033,9.81424571,-11.19566833,-4.92767698,0.0,27.6336271,6.06297773,1.77739199
1760625279.505,1.45086002,0.24347449,2.1864628,-0.00012742,0.97742149,0.00066973,80.0,-7.0,0.0,80.0,1.3962634,0.0,0.0,0.0,80.0,-7.0,0.0,80.0,1.3962634,0.0,0.0,0.0,-9.20135743,-4.47481766,-3.73287676,-13.38962603,-76.12152409,-29.56783235,14.62628214,20.20791899,-30.6393907,9.10768678,9.78515822,-11.17701531,-5.00003291,0.0,27.65615381,6.07526892,1.75435478
1760625279.539,1.46164657,0.19231232,2.15479764,0.00042035,0.97740887,0.00026765,80.0,-7.0,0.0,80.0,1.3962634,0.0,0.0,0.0,80.0,-7.0,0.0,80.0,1.3962634,0.0,0.0,0.0,-9.1584847,-4.33315741,-3.87288931,-13.16206907,-76.19769043,-29.94950762,14.5229501,21.06502374,-30.47555659,9.26396757,9.83749289,-11.13232998,-5.17751084,0.0,27.69195934,6.08920783,1.72684987
1760625279.572,1.45846691,0.16147635,2.11560615,0.00028598,0.97743612,0.00021854,80.0,-7.0,0.0,80.0,1.3962634,0.0,0.0,0.0,80.0,-7.0,0.0,80.0,1.3962634,0.0,0.0,0.0,-9.15119203,-4.2266044,-3.94857844,-12.95227207,-76.36288403,-30.38118357,13.92321873,22.17702713,-29.55226669,9.37199214,9.94188057,-11.08045349,-5.30677288,0.0,27.74180656,6.12032658,1.71744837
1760625279.606,1.46805952,0.14936362,2.13164619,0.00051605,0.97744476,0.00012705,80.0,-7.0,0.0,80.0,1.3962634,0.0,0.0,0.0,80.0,-7.0,0.0,80.0,1.3962634,0.0,0.0,0.0,-9.181554,-4.1593167,-4.07848284,-12.79780489,-76.56809252,-30.62548219,14.18492744,23.39319249,-29.1753569,9.66427958,10.01193682,-11.0372703,-5.44527115,0.0,27.79856506,6.1604877,1.69704728
1760625279.639,1.49914582,0.13743536,2.14777006,-0.00073656,0.97754458,0.00039486,80.0,-7.0,0.0,80.0,1.3962634,0.0,0.0,0.0,80.0,-7.0,0.0,80.0,1.3962634,0.0,0.0,0.0,-9.29125525,-4.10816705,-4.02979483,-13.74794498,-76.67064883,-31.95279388,14.90270835,24.91393452,-28.59724341,9.91371939,10.10262823,-10.99083027,-5.42582471,0.0,27.89462418,6.14726582,1.71138759
1760625279.673,1.52763909,0.11002018,2.16579747,-0.00145709,0.97786311,0.00058713,80.0,-7.0,0.0,80.0,1.3962634,0.0,0.0,0.0,80.0,-7.0,0.0,80.0,1.3962634,0.0,0.0,0.0,-9.42930114,-4.05813405,-3.90652258,-15.91733588,-76.60273678,-33.73218611,15.67139153,26.42840018,-26.68014795,9.55902312,10.20434029,-10.9180675,-5.25175962,0.0,27.87214179,6.12919451,1.70808572
1760625279.706,1.53039464,0.09436298,2.16619712,-0.00049657,0.97733102,0.00019635,80.0,-7.0,0.0,80.0,1.3962634,0.0,0.0,0.0,80.0,-7.0,0.0,80.0,1.3962634,0.0,0.0,0.0,-9.43360589,-3.97972668,-3.750099,-18.5168979,-76.4539527,-35.04854718,16.26809019,26.9980603,-24.33073974,8.61820351,10.19473481,-10.82653522,-5.21473209,0.0,27.99947963,6.12809623,1.70595658
1760625279.74,1.53427766,0.08395839,2.18977274,0.00023943,0.97794958,0.00063035,80.0,-7.0,0.0,80.0,1.3962634,0.0,0.0,0.0,80.0,-7.0,0.0,80.0,1.3962634,0.0,0.0,0.0,-9.46329351,-4.02827601,-3.78388713,-20.45833503,-76.21761783,-35.07239212,16.54065183,26.87715492,-20.88610485,6.9199162,10.1619133,-10.90023435,-5.34916058,0.0,28.16265781,6.13322686,1.7265115
1760625279.773,1.51278656,0.06190681,2.17551378,0.00207609,0.97831895,-0.00020552,80.0,-7.0,0.0,80.0,1.3962634,0.0,0.0,0.0,80.0,-7.0,0.0,80.0,1.3962634,0.0,0.0,0.0,-9.38823282,-3.98421914,-3.42663339,-24.96704191,-75.86459198,-36.1721246,16.69843819,25.89362166,-15.06358288,3.9511069,10.09668344,-10.83595989,-5.17597222,0.0,28.32564969,6.11575966,1.70315912
1760625279.806,1.50495348,0.04290087,2.18925825,0.00306881,0.979002,-0.00038876,80.0,-7.0,0.0,80.0,1.3962634,0.0,0.0,0.0,80.0,-7.0,0.0,80.0,1.3962634,0.0,0.0,0.0,-9.38180606,-4.04115018,-3.42432721,-27.00563503,-75.67647544,-35.4942186,16.6842903,25.12764564,-9.95297311,1.30267436,10.05306536,-10.95542772,-5.24360347,0.0,28.45915238,6.09059143,1.68199077
1760625279.84,1.50406417,0.02329486,2.20224444,0.00395324,0.97963012,-0.00078102,80.0,-7.0,0.0,80.0,1.3962634,0.0,0.0,0.0,80.0,-7.0,0.0,80.0,1.3962634,0.0,0.0,0.0,-9.35833329,-4.02556479,-3.2302736,-29.99831431,-75.55301535,-36.17706074,16.62487278,24.97098108,-4.27668541,-1.61762542,10.06432439,-10.97805249,-5.12149741,0.0,28.55597265,6.07611636,1.66128001
1760625279.873,1.51830217,0.02533227,2.24048379,0.00406771,0.98039162,-0.00106445,80.0,-7.0,0.0,80.0,1.3962634,0.0,0.0,0.0,80.0,-7.0,0.0,80.0,1.3962634,0.0,0.0,0.0,-9.36270105,-4.08737935,-3.27551698,-32.19517668,-75.4343982,-35.97158131,15.0450079,25.77560144,5.39052321,-6.77070376,10.08977654,-11.13598576,-5.28524302,0.0,28.69833056,6.07456614,1.63545086
1760625279.907,1.52640447,0.03614424,2.26969347,0.00298913,0.98111658,-0.00133228,80.0,-7.0,0.0,80.0,1.3962634,0.0,0.0,0.0,80.0,-7.0,0.0,80.0,1.3962634,0.0,0.0,0.0,-9.25282976,-4.16962147,-3.38793192,-32.8555729,-75.40954815,-35.36336566,12.73584475,28.13646842,13.49590146,-11.75669802,9.98650472,-11.29507079,-5.44495853,0.0,28.76074949,6.07270054,1.63199023
1760625279.94,1.53664968,0.04448479,2.30971538,0.00190328,0.9810595,-0.00184032,80.0,-7.0,0.0,80.0,1.3962634,0.0,0.0,0.0,80.0,-7.0,0.0,80.0,1.3962634,0.0,0.0,0.0,-9.14962041,-4.13600061,-3.62608002,-33.32345584,-75.60091023,-35.00689344,9.82671604,32.25343801,21.72061274,-17.97539026,9.91135942,-11.36225898,-5.68607114,0.0,28.73705663,6.07259484,1.63260847
1760625279.974,1.58175601,0.04050656,2.35075802,-0.00102626,0.98302362,-0.00342847,80.0,-7.0,0.0,80.0,1.3962634,0.0,0.0,0.0,80.0,-7.0,0.0,80.0,1.3962634,0.0,0.0,0.0,-9.14032456,-4.38799737,-3.49555604,-34.00438276,-75.66468731,-35.07443777,12.60311307,37.69952129,26.26317223,-24.99999983,9.93628354,-11.7057354,-5.53353087,0.0,28.77142394,6.0854829,1.6391343
1760625280.007,1.59375027,0.03044676,2.33881725,-0.00443135,0.98522385,-0.00634374,80.0,-7.0,0.0,80.0,1.3962634,0.0,0.0,0.0,80.0,-7.0,0.0,80.0,1.3962634,0.0,0.0,0.0,-8.71100605,-4.87697304,-3.24288766,-34.54731317,-75.63332654,-34.6670167,25.79813175,39.22439038,19.5652878,-24.99999983,9.53310325,-12.19498836,-5.22506883,0.0,28.74245541,6.09487653,1.61661593
1760625280.041,1.60898961,0.06353529,2.33217785,-0.00616562,0.98564666,-0.00572295,80.0,-7.0,0.0,80.0,1.3962634,0.0,0.0,0.0,80.0,-7.0,0.0,80.0,1.3962634,0.0,0.0,0.0,-8.60533605,-5.01394396,-3.53902588,-33.07314671,-76.20999795,-32.37528144,38.0525867,41.40884348,13.44160243,-24.99999983,9.42463959,-12.41448498,-5.53273261,0.0,28.69201022,6.08870211,1.61575875
1760625280.074,1.62085757,0.10262897,2.37759494,-0.00965242,0.98698977,-0.00526776,80.0,-7.0,0.0,80.0,1.3962634,0.0,0.0,0.0,80.0,-7.0,0.0,80.0,1.3962634,0.0,0.0,0.0,-8.05066049,-5.29189283,-3.54480222,-31.95529166,-76.8726315,-29.57754244,52.40276344,44.97430411,6.91708445,-24.99999983,8.86658581,-12.72509625,-5.54737624,0.0,28.5905025,6.08279937,1.59976975
1760625280.108,1.61701411,0.11203668,2.41524234,-0.01164645,0.98736076,-0.00541157,80.0,-7.0,0.0,80.0,1.3962634,0.0,0.0,0.0,80.0,-7.0,0.0,80.0,1.3962634,0.0,0.0,0.0,-7.44497765,-5.5358602,-2.28960722,-33.69608476,-76.77723009,-29.83920214,62.20220221,48.1743868,2.53938091,-24.99999983,8.41779954,-12.77353043,-4.25883626,0.0,28.41272219,6.08996323,1.61180089
1760625280.141,1.61381292,0.1254873,2.46071165,-0.00968443,0.98482712,-0.00642682,80.0,-7.0,0.0,80.0,1.3962634,0.0,0.0,0.0,80.0,-7.0,0.0,80.0,1.3962634,0.0,0.0,0.0,-7.20580624,-5.48343806,-0.33713723,-36.55680657,-76.65829489,-32.12742341,70.09302646,52.2187134,-0.45847042,-24.99999983,8.49977503,-12.44255802,-2.41546218,0.0,28.36204173,6.13686493,1.63613213
1760625280.174,1.61334452,0.14565102,2.53806191,-0.01142481,0.98332893,-0.00692027,80.0,-7.0,0.0,80.0,1.3962634,0.0,0.0,0.0,80.0,-7.0,0.0,80.0,1.3962634,0.0,0.0,0.0,-6.824448,-5.36648441,0.34114167,-34.82222714,-77.91152377,-30.07282775,78.1438796,57.57563844,-1.95838248,-24.99999983,8.17933416,-12.2542955,-2.11785719,0.0,28.56178403,6.17370581,1.68696381
1760625280.208,1.58937831,0.17884974,2.61999479,-0.00969943,0.98164991,-0.007713,80.0,-7.0,0.0,80.0,1.3962634,0.0,0.0,0.0,80.0,-7.0,0.0,80.0,1.3962634,0.0,0.0,0.0,-6.64867676,-5.22540919,0.641323,-32.14698197,-79.15059441,-27.66085993,83.13044271,61.26416435,-1.92833159,-24.99999983,7.98777202,-12.0582726,-1.91610308,0.0,28.52986194,6.16988389,1.70419678
1760625280.241,1.56514537,0.18908536,2.68874189,-0.00967487,0.98078344,-0.00777798,80.0,-7.0,0.0,80.0,1.3962634,0.0,0.0,0.0,80.0,-7.0,0.0,80.0,1.3962634,0.0,0.0,0.0,-6.12578494,-5.06403133,1.66508952,-31.6814827,-80.12382112,-27.32877434,93.79511699,64.38914883,-5.1166187,-20.14670878,7.47593075,-11.7758075,-0.95004552,0.0,28.38981798,6.11911421,1.73492887
1760625280.275,1.55281986,0.19576515,2.77856791,-0.01010015,0.98073126,-0.00793281,80.0,-7.0,0.0,80.0,1.3962634,0.0,0.0,0.0,80.0,-7.0,0.0,80.0,1.3962634,0.0,0.0,0.0,-6.03331032,-4.83247227,1.52689594,-22.26261093,-82.3069077,-18.62760993,100.33405039,67.2589543,-4.59052311,-18.94006754,7.21534881,-11.56435274,-1.15331859,0.0,28.27819827,6.08245091,1.75424518
1760625280.308,1.53257858,0.18905616,2.83617905,-0.00945214,0.98191839,-0.00761486,80.0,-7.0,0.0,80.0,1.3962634,0.0,0.0,0.0,80.0,-7.0,0.0,80.0,1.3962634,0.0,0.0,0.0,-5.92710523,-4.43588363,1.52081792,-13.83614103,-83.88001563,-10.74752816,110.36205872,68.52199723,-7.54904989,-13.28779634,7.018607,-11.14847916,-1.35949252,0.0,28.24547517,6.09994723,1.80244678
1760625280.342,1.50534021,0.18285933,2.88540664,-0.00727803,0.98248528,-0.00731562,80.0,-7.0,0.0,80.0,1.3962634,0.0,0.0,0.0,80.0,-7.0,0.0,80.0,1.3962634,0.0,0.0,0.0,-5.85788908,-4.15222448,1.60198821,2.35405729,-85.57634923,4.22941912,118.74289979,69.25622071,-8.62616534,-9.12616133,6.88243801,-10.84336208,-1.60374535,0.0,28.27785788,6.11337948,1.83968133
1760625280.375,1.50702546,0.16811087,2.92132734,-0.00666689,0.98276626,-0.00734913,80.0,-7.0,0.0,80.0,1.3962634,0.0,0.0,0.0,80.0,-7.0,0.0,80.0,1.3962634,0.0,0.0,0.0,-5.92825124,-3.9869368,1.94474174,14.50611909,-86.4502093,15.6288199,123.56690843,69.87568259,-9.14688538,-6.93393665,6.905826,-10.63892229,-1.39087823,0.0,28.22172781,6.09871583,1.86836361
1760625280.409,1.50219004,0.14479911,2.95385352,-0.00512866,0.98254173,-0.00769847,80.0,-7.0,0.0,80.0,1.3962634,0.0,0.0,0.0,80.0,-7.0,0.0,80.0,1.3962634,0.0,0.0,0.0,-5.92385331,-3.93404582,2.87400388,15.44859232,-87.48987323,15.83327934,126.96827111,69.89435968,-9.26434603,-5.87446881,7.00074114,-10.49965867,-0.60770382,0.0,28.20026208,6.08882982,1.89027624
1760625280.442,1.49893014,0.1154435,2.96985559,-0.00554767,0.9819025,-0.0072938,80.0,-7.0,0.0,80.0,1.3962634,0.0,0.0,0.0,80.0,-7.0,0.0,80.0,1.3962634,0.0,0.0,0.0,-5.77346863,-3.85090444,3.75745205,16.04965357,-88.61015526,15.43766571,128.08120593,69.34710584,-8.23566133,-6.70767019,6.8753837,-10.3673739,0.10149691,0.0,28.18635025,6.05305832,1.88663205
1760625280.509,1.47442809,0.06866987,3.04534915,-0.00681722,0.98014731,-0.00732371,80.0,-7.0,0.0,80.0,1.3962634,0.0,0.0,0.0,80.0,-7.0,0.0,80.0,1.3962634,0.0,0.0,0.0,-5.65074102,-3.66716917,4.2572888,16.63303383,-89.91864234,14.97169745,128.25949494,68.55883169,-7.21078026,-8.67719371,6.69988007,-10.2510384,0.32281266,0.0,28.30579411,6.04330858,1.90311898
1760625280.542,1.44150948,0.03020995,3.07634464,-0.0058735,0.97808175,-0.00842283,80.0,-7.0,0.0,80.0,1.3962634,0.0,0.0,0.0,80.0,-7.0,0.0,80.0,1.3962634,0.0,0.0,0.0,-5.72946041,-3.42734034,4.26650234,16.78646978,-90.51460357,14.38914262,127.45493053,68.19996432,-6.29088469,-10.48860332,6.69070445,-10.08712865,0.20581342,0.0,28.33370152,6.01269035,1.87876655
1760625280.576,1.44106875,-0.00101791,3.08274122,-0.0070794,0.97666376,-0.00920468,80.0,-7.0,0.0,80.0,1.3962634,0.0,0.0,0.0,80.0,-7.0,0.0,80.0,1.3962634,0.0,0.0,0.0,-5.75641709,-3.23476876,4.14247973,16.66015795,-90.8697854,13.76220365,124.39615237,68.24327495,-4.17111983,-13.7721054,6.59588408,-9.9991034,-0.00753755,0.0,28.37557432,5.99474195,1.89176165
1760625280.609,1.42793996,-0.02537261,3.06489454,-0.00811276,0.97623505,-0.01030097,80.0,-7.0,0.0,80.0,1.3962634,0.0,0.0,0.0,80.0,-7.0,0.0,80.0,1.3962634,0.0,0.0,0.0,-5.69388813,-2.91948984,2.6874079,-43.65123374,-91.80373467,-47.07348707,122.69642559,68.26109496,-3.00852239,-15.33529125,6.14096478,-9.93541298,-1.58378106,0.0,28.4485795,5.98649089,1.87068509
1760625280.643,1.40847317,-0.03647337,3.03955245,-0.00792843,0.97573781,-0.0100786,80.0,-7.0,0.0,80.0,1.3962634,0.0,0.0,0.0,80.0,-7.0,0.0,80.0,1.3962634,0.0,0.0,0.0,-5.8127377,-2.94950913,2.3852475,-43.08508649,-91.89029328,-47.3444198,121.37207787,67.85731228,-1.54676326,-16.40427914,6.13822198,-10.04167957,-1.86102554,0.0,28.46811846,5.9372622,1.84902381
1760625280.676,1.38654925,-0.04680734,3.01149512,-0.00841855,0.97536688,-0.01023541,80.0,-7.0,0.0,80.0,1.3962634,0.0,0.0,0.0,80.0,-7.0,0.0,80.0,1.3962634,0.0,0.0,0.0,-5.81152778,-2.92920909,2.14371209,-42.72309258,-91.91576441,-47.29628298,120.59236778,67.40321632,-0.27627414,-17.09267641,6.06157351,-10.06668678,-2.00945053,0.0,28.39505096,5.91351822,1.85858271
1760625280.71,1.36579275,-0.06175345,2.99818475,-0.00856432,0.97519323,-0.01057821,80.0,-7.0,0.0,80.0,1.3962634,0.0,0.0,0.0,80.0,-7.0,0.0,80.0,1.3962634,0.0,0.0,0.0,-5.80090743,-2.88667838,1.94837387,-42.65097519,-91.87393727,-46.96808261,119.82733489,67.17773455,0.56105971,-17.98103296,6.0174275,-10.05810357,-2.13790485,0.0,28.40073174,5.91756852,1.86722574
1760625280.743,1.33298809,-0.0887119,2.97339517,-0.00733088,0.97539552,-0.01092633,80.0,-7.0,0.0,80.0,1.3962634,0.0,0.0,0.0,80.0,-7.0,0.0,80.0,1.3962634,0.0,0.0,0.0,-5.96381,-2.77263417,1.85894075,-43.01745388,-91.58894143,-46.6000778,119.95305773,67.38456118,0.29662283,-18.32256348,6.24961539,-9.92540823,-2.02128835,0.0,28.31742685,5.92341789,1.86061679
1760625280.776,1.31015148,-0.09592349,2.93427308,-0.00766194,0.9755714,-0.01053461,80.0,-7.0,0.0,80.0,1.3962634,0.0,0.0,0.0,80.0,-7.0,0.0,80.0,1.3962634,0.0,0.0,0.0,-5.9680666,-2.64772028,2.10570129,-43.45167675,-91.18979013,-46.21053669,119.75319395,68.05249431,-0.50763643,-18.49579032,6.39101106,-9.72926995,-1.69665404,0.0,28.2824971,5.92270866,1.84661954
1760625280.81,1.28174303,-0.09200657,2.92084686,-0.00679011,0.97647288,-0.0107547,80.0,-7.0,0.0,80.0,1.3962634,0.0,0.0,0.0,80.0,-7.0,0.0,80.0,1.3962634,0.0,0.0,0.0,-6.05466932,-2.37661524,2.68108188,-44.28838894,-90.50305987,-45.79287957,121.36649151,68.76173785,-3.52320344,-16.40806854,6.72882323,-9.29704581,-0.95594731,0.0,28.17572977,5.93486042,1.83644548
1760625280.843,1.2606878,-0.08507695,2.90735546,-0.00556635,0.97880231,-0.00752826,80.0,-7.0,0.0,80.0,1.3962634,0.0,0.0,0.0,80.0,-7.0,0.0,80.0,1.3962634,0.0,0.0,0.0,-6.0121215,-3.12570574,1.93849041,29.83067826,-87.40307806,30.97458179,123.25604721,69.8970212,-9.12397905,-12.21020801,6.81202089,-9.97059611,-1.42910872,0.0,28.09516857,5.98586483,1.84249237
1760625280.877,1.20617608,-0.08225665,2.90436256,-0.00259537,0.97988792,-0.00612398,80.0,-7.0,0.0,80.0,1.3962634,0.0,0.0,0.0,80.0,-7.0,0.0,80.0,1.3962634,0.0,0.0,0.0,-5.90518236,-3.26845462,2.23488792,9.42533843,-86.27069489,12.37073322,126.14175988,69.9661889,-14.81572462,-7.3246601,6.94777417,-9.96242106,-1.00156206,0.0,28.14006918,6.00664987,1.8314775
1760625280.91,1.18479308,-0.07446583,2.91807426,0.00017455,0.98092833,-0.00564603,80.0,-7.0,0.0,80.0,1.3962634,0.0,0.0,0.0,80.0,-7.0,0.0,80.0,1.3962634,0.0,0.0,0.0,-5.90688752,-3.41064186,2.5041259,-3.62033408,-85.0640198,0.66249106,129.07184793,69.78916126,-20.95394794,-1.92121905,7.13862305,-9.96106531,-0.49045585,0.0,28.10830423,6.04506078,1.85971247
1760625280.944,1.23836844,-0.09078389,2.9163315,7.952e-05,0.98223881,-0.00555166,80.0,-7.0,0.0,80.0,1.3962634,0.0,0.0,0.0,80.0,-7.0,0.0,80.0,1.3962634,0.0,0.0,0.0,-5.91890647,-3.51107821,2.78224393,-13.13558742,-83.42416517,-7.73906544,131.82891325,69.47875063,-28.71724241,5.19809855,7.27709119,-9.94185584,0.06980636,0.0,28.03618758,6.07185315,1.85117029
1760625280.977,1.28081214,-0.11399064,2.88793704,-0.00166982,0.9831131,-0.00615238,80.0,-7.0,0.0,80.0,1.3962634,0.0,0.0,0.0,80.0,-7.0,0.0,80.0,1.3962634,0.0,0.0,0.0,-5.79181733,-3.57293228,2.97833753,-17.65308436,-82.18645359,-11.5050516,132.50408678,69.05024299,-34.41145431,9.63237876,7.20627626,-9.98054943,0.34934343,0.0,28.04380655,6.08239551,1.85251016
1760625281.011,1.32284599,-0.15155323,2.85421743,-0.00336649,0.98393009,-0.00709926,80.0,-7.0,0.0,80.0,1.3962634,0.0,0.0,0.0,80.0,-7.0,0.0,80.0,1.3962634,0.0,0.0,0.0,-5.84202658,-3.58078375,2.84479298,-18.53836383,-81.21463255,-11.93504082,131.29753011,67.48481359,-39.65763305,12.25745113,7.25904363,-10.0443548,0.20637647,0.0,28.0644758,6.09159584,1.86106043
1760625281.044,1.39087837,-0.16501752,2.86419419,-0.00579365,0.98472509,-0.00771527,80.0,-7.0,0.0,80.0,1.3962634,0.0,0.0,0.0,80.0,-7.0,0.0,80.0,1.3962634,0.0,0.0,0.0,-5.90374451,-3.58387936,2.84944746,-20.14175363,-80.06034612,-13.04998962,125.37653367,62.46869018,-44.91862091,11.56535868,7.30998922,-10.12109175,0.11937021,0.0,28.13559336,6.09228804,1.8587253
1760625281.078,1.44382213,-0.19456333,2.84165022,-0.00838411,0.98570031,-0.00802052,80.0,-7.0,0.0,80.0,1.3962634,0.0,0.0,0.0,80.0,-7.0,0.0,80.0,1.3962634,0.0,0.0,0.0,-5.83975827,-3.63544691,2.46260405,-18.75889632,-79.52324825,-11.70744585,113.39802945,54.13945663,-43.46408585,4.56593763,7.1818143,-10.35022674,-0.39441797,0.0,28.15578146,6.10232803,1.86060422
1760625281.111,1.49927628,-0.19368075,2.86174981,-0.01063612,0.98490853,-0.00886994,80.0,-7.0,0.0,80.0,1.3962634,0.0,0.0,0.0,80.0,-7.0,0.0,80.0,1.3962634,0.0,0.0,0.0,-5.73797149,-3.59016824,2.41928634,-18.93980717,-79.19125991,-12.24943823,95.72817392,44.87514356,-35.77093952,-4.28393665,7.00983018,-10.46249101,-0.60552808,0.0,28.23635703,6.08538949,1.85210297
1760625281.144,1.54334764,-0.20285011,2.87919356,-0.01174296,0.98401811,-0.00913726,80.0,-7.0,0.0,80.0,1.3962634,0.0,0.0,0.0,80.0,-7.0,0.0,80.0,1.3962634,0.0,0.0,0.0,-5.82553505,-3.62969618,2.51551424,-18.43284455,-78.84358799,-13.08865779,82.85997434,38.80830887,-32.83250084,-5.65816693,7.03271466,-10.71132514,-0.74971002,0.0,28.27986255,6.06716918,1.82892687
1760625281.178,1.57598495,-0.19148459,2.88549608,-0.01346088,0.98326207,-0.00911571,80.0,-7.0,0.0,80.0,1.3962634,0.0,0.0,0.0,80.0,-7.0,0.0,80.0,1.3962634,0.0,0.0,0.0,-5.77791625,-3.71481863,2.66030015,-17.9984469,-78.68281068,-13.68233718,71.51543522,35.57391331,-29.10325796,-6.06198217,6.94001855,-10.92686955,-0.88007713,0.0,28.32415453,6.04376642,1.8108089
1760625281.211,1.5992947,-0.18118159,2.88180774,-0.01329688,0.98203583,-0.00995686,80.0,-7.0,0.0,80.0,1.3962634,0.0,0.0,0.0,80.0,-7.0,0.0,80.0,1.3962634,0.0,0.0,0.0,-5.99537162,-3.83214916,2.6172809,-16.45108441,-78.68568478,-13.13110644,61.18537099,32.9828513,-25.66990473,-5.68736451,7.16276275,-11.14540255,-1.27336023,0.0,28.42463339,6.03159047,1.77932169
1760625281.245,1.60936109,-0.14762931,2.93762183,-0.01349625,0.98113315,-0.01009884,80.0,-7.0,0.0,80.0,1.3962634,0.0,0.0,0.0,80.0,-7.0,0.0,80.0,1.3962634,0.0,0.0,0.0,-6.16168943,-4.05068549,2.05046924,-10.68035412,-78.57684838,-8.64575271,52.77297899,31.02641774,-25.94390121,-2.89433855,7.19428267,-11.46460581,-2.13145096,0.0,28.44075834,5.98894418,1.74612577
1760625281.278,1.59036326,-0.13768841,2.97503118,-0.01211823,0.98229742,-0.01082028,80.0,-7.0,0.0,80.0,1.3962634,0.0,0.0,0.0,80.0,-7.0,0.0,80.0,1.3962634,0.0,0.0,0.0,-6.45765517,-4.38680183,0.75008512,-3.38895235,-78.67650126,-2.22546926,36.93713076,29.68979642,-16.70013031,-3.29825533,7.36455442,-11.92651175,-3.53458637,0.0,28.37730089,5.95440874,1.71239197
1760625281.312,1.55760468,-0.05076886,3.007998,-0.01055664,0.9845193,-0.01029804,80.0,-7.0,0.0,80.0,1.3962634,0.0,0.0,0.0,80.0,-7.0,0.0,80.0,1.3962634,0.0,0.0,0.0,-6.74331993,-4.71092725,-0.95192101,5.83429761,-78.29053166,4.88462972,20.04023868,29.93659088,-7.81440701,-2.13727531,7.4778031,-12.27176804,-5.43582285,0.0,28.34197863,5.95826733,1.70154569
1760625281.345,1.4715318,0.01642067,3.03932471,-0.00449597,0.98386627,-0.00821418,80.0,-7.0,0.0,80.0,1.3962634,0.0,0.0,0.0,80.0,-7.0,0.0,80.0,1.3962634,0.0,0.0,0.0,-7.46617228,-4.62978984,-1.9803759,10.78986934,-78.22737872,7.50579314,10.41191813,30.09062263,-2.92052433,-1.00600497,8.1968905,-12.17057305,-6.61272554,0.0,28.28347335,5.95937753,1.72295811
1760625281.379,1.38459469,0.08413701,3.08321336,0.00063148,0.98340558,-0.00615891,80.0,-7.0,0.0,80.0,1.3962634,0.0,0.0,0.0,80.0,-7.0,0.0,80.0,1.3962634,0.0,0.0,0.0,-7.71361097,-4.64860098,-2.35979451,11.68735598,-77.82344032,6.33946514,7.86866789,30.01608346,-4.62582747,1.31559723,8.49323345,-12.06000186,-7.16705627,0.0,28.2793367,5.96173322,1.75062813
1760625281.412,1.28730377,0.14205727,3.15541726,0.00515295,0.98339272,-0.00466724,80.0,-7.0,0.0,80.0,1.3962634,0.0,0.0,0.0,80.0,-7.0,0.0,80.0,1.3962634,0.0,0.0,0.0,-8.1855558,-4.60805119,-2.69781831,11.46325987,-77.47057121,3.07539754,7.90152448,31.22913031,-10.00269553,5.02441241,9.02474644,-11.81502937,-7.5895658,0.0,28.18266782,5.96174777,1.75136058
1760625281.446,1.21948004,0.16777012,3.20326122,0.00698564,0.98241089,-0.00391483,80.0,-7.0,0.0,80.0,1.3962634,0.0,0.0,0.0,80.0,-7.0,0.0,80.0,1.3962634,0.0,0.0,0.0,-8.20289021,-4.49125232,-2.37214531,8.10813928,-77.54658343,-2.28830783,9.71405878,31.77036698,-14.82867979,7.70263675,9.00455357,-11.45303157,-7.01632559,0.0,27.86350896,5.95954075,1.7860384
1760625281.479,1.2022541,0.18739295,3.24313354,0.00956018,0.98174904,-0.00355608,80.0,-7.0,0.0,80.0,1.3962634,0.0,0.0,0.0,80.0,-7.0,0.0,80.0,1.3962634,0.0,0.0,0.0,-8.59996625,-4.32125317,-2.66400975,6.97549966,-77.56772045,-5.9011787,11.85512706,32.13026365,-19.17255784,9.73995619,9.27917673,-11.11764922,-6.75096072,0.0,27.43427627,5.95667315,1.81379895
1760625281.512,1.19176283,0.18559477,3.28022309,0.01009839,0.9811422,-0.00314077,80.0,-7.0,0.0,80.0,1.3962634,0.0,0.0,0.0,80.0,-7.0,0.0,80.0,1.3962634,0.0,0.0,0.0,-8.92295647,-4.20572803,-2.83921406,3.83865547,-77.50054955,-11.58792875,14.47441026,33.198472,-23.97275624,12.27495168,9.43044917,-10.82757856,-6.44290723,0.0,27.32373122,5.96623739,1.84703083
1760625281.546,1.18961386,0.20126541,3.26197938,0.00813831,0.98068843,-0.00254275,80.0,-7.0,0.0,80.0,1.3962634,0.0,0.0,0.0,80.0,-7.0,0.0,80.0,1.3962634,0.0,0.0,0.0,-8.85718696,-4.17966831,-2.85277368,0.23500457,-77.35410687,-16.02809085,15.09663034,32.9242238,-25.70194277,12.89836505,9.26495493,-10.65989563,-6.25896195,0.0,27.42783981,5.99852461,1.8792816
1760625281.579,1.19345389,0.2112429,3.20561438,0.00684006,0.98016029,-0.00150987,80.0,-7.0,0.0,80.0,1.3962634,0.0,0.0,0.0,80.0,-7.0,0.0,80.0,1.3962634,0.0,0.0,0.0,-8.90522295,-4.15009277,-2.87465619,-3.40459054,-77.09231902,-19.78272605,15.26685081,31.64138346,-26.49535468,12.61694449,9.26086798,-10.54779627,-6.17388642,0.0,27.63704523,6.02125345,1.86705618
1760625281.613,1.19568757,0.21264629,3.12770343,0.00603201,0.97932012,-0.00112691,80.0,-7.0,0.0,80.0,1.3962634,0.0,0.0,0.0,80.0,-7.0,0.0,80.0,1.3962634,0.0,0.0,0.0,-8.98567874,-4.10946689,-2.85856948,-7.97162065,-76.56497226,-23.98861316,15.92711715,30.04458483,-27.28151425,12.14073257,9.30337516,-10.49178081,-5.93093844,0.0,27.86128872,6.03431993,1.84030228
1760625281.646,1.20308364,0.19165501,3.09337772,0.00585662,0.97880535,-0.00090601,80.0,-7.0,0.0,80.0,1.3962634,0.0,0.0,0.0,80.0,-7.0,0.0,80.0,1.3962634,0.0,0.0,0.0,-9.07642274,-4.00127471,-3.01719457,-10.1312945,-76.21785197,-25.57099316,15.37391282,28.45092443,-26.28639465,11.16173175,9.3733213,-10.48008285,-5.80561633,0.0,27.90507864,6.02197968,1.81513136
1760625281.68,1.19874268,0.18915964,3.0337123,0.00625973,0.97833954,-0.00024108,80.0,-7.0,0.0,80.0,1.3962634,0.0,0.0,0.0,80.0,-7.0,0.0,80.0,1.3962634,0.0,0.0,0.0,-8.91533568,-3.96513088,-2.99076608,-12.31794495,-75.83889799,-27.03400246,14.29163075,26.83803217,-24.62565238,10.01719167,9.25665436,-10.52700642,-5.4948015,0.0,27.86724718,6.01236992,1.77301495
1760625281.713,1.21012093,0.16470057,2.92544805,0.00647147,0.97784259,0.00027723,80.0,-7.0,0.0,80.0,1.3962634,0.0,0.0,0.0,80.0,-7.0,0.0,80.0,1.3962634,0.0,0.0,0.0,-8.87014583,-3.87822649,-2.94032505,-13.74976099,-75.48285776,-28.30369843,14.29256229,25.49037391,-24.19781424,9.13571064,9.33933819,-10.61565387,-5.16128801,0.0,27.76539832,6.00590169,1.72506175
1760625281.747,1.21116805,0.1463767,2.85169268,0.00732765,0.97747789,0.00109361,80.0,-7.0,0.0,80.0,1.3962634,0.0,0.0,0.0,80.0,-7.0,0.0,80.0,1.3962634,0.0,0.0,0.0,-8.70597989,-3.80177234,-2.94669795,-14.04712195,-75.23348673,-28.80102341,13.73991462,25.04769761,-23.62062865,8.51879729,9.32759973,-10.68345233,-5.1469987,0.0,27.75213098,6.01148519,1.70993555
1760625281.78,1.22399162,0.13567273,2.81376653,0.00764267,0.97752312,0.00155261,80.0,-7.0,0.0,80.0,1.3962634,0.0,0.0,0.0,80.0,-7.0,0.0,80.0,1.3962634,0.0,0.0,0.0,-8.62710932,-3.74397402,-2.90584401,-14.24521841,-74.94283699,-29.44256115,13.41822448,24.63250149,-23.18156424,7.95896774,9.42731626,-10.75392891,-5.13044742,0.0,27.76282185,6.02893174,1.69334249
1760625281.813,1.23905355,0.10706599,2.81610843,0.00859802,0.97733423,0.00139793,80.0,-7.0,0.0,80.0,1.3962634,0.0,0.0,0.0,80.0,-7.0,0.0,80.0,1.3962634,0.0,0.0,0.0,-8.61012354,-3.62543242,-2.89426627,-14.00705097,-74.46169229,-29.61192857,13.59636555,23.11367838,-23.12385478,7.036064,9.63961961,-10.77110228,-5.16626618,0.0,27.74144891,6.08637525,1.63066396
1760625281.847,1.26163389,0.06350882,2.86824496,0.00764047,0.97723394,0.00027823,80.0,-7.0,0.0,80.0,1.3962634,0.0,0.0,0.0,80.0,-7.0,0.0,80.0,1.3962634,0.0,0.0,0.0,-8.5517006,-3.43920827,-2.84570911,-13.76599137,-74.05905127,-29.68585173,13.67120583,22.28774781,-23.15268213,6.66626495,9.68483203,-10.66321457,-5.16756579,0.0,27.74916735,6.080812,1.61571761
1760625281.88,1.30669819,0.05549476,2.94820998,0.00734235,0.97735793,-0.00021588,80.0,-7.0,0.0,80.0,1.3962634,0.0,0.0,0.0,80.0,-7.0,0.0,80.0,1.3962634,0.0,0.0,0.0,-8.66363206,-3.35129304,-3.20122817,-11.65074991,-73.60131561,-27.63654575,13.98638692,21.33519159,-23.47950051,6.4322826,9.73700864,-10.66036137,-5.39596493,0.0,27.69426043,6.08235368,1.62056872
1760625281.914,1.34001948,0.04531487,3.02108741,0.00659313,0.97817814,-0.00023436,80.0,-7.0,0.0,80.0,1.3962634,0.0,0.0,0.0,80.0,-7.0,0.0,80.0,1.3962634,0.0,0.0,0.0,-8.7286575,-3.34410062,-3.33054152,-10.4449293,-72.49990927,-26.92080602,14.67125261,20.10355138,-23.7578697,5.86073722,9.69592797,-10.64574441,-5.31459859,0.0,27.51059836,6.0923289,1.63515099
1760625281.947,1.35934002,0.02810177,3.05216505,0.0050934,0.97869811,-0.00117192,80.0,-7.0,0.0,80.0,1.3962634,0.0,0.0,0.0,80.0,-7.0,0.0,80.0,1.3962634,0.0,0.0,0.0,-8.78933727,-3.26386581,-3.47997667,-8.98382011,-71.58719152,-26.03852831,14.49548551,19.34017275,-23.19505446,5.43111871,9.6557319,-10.55755949,-5.51191705,0.0,27.53762308,6.08666757,1.62970347
1760625281.981,1.37966854,0.01379263,3.07796448,0.00413855,0.97853109,-0.00225783,80.0,-7.0,0.0,80.0,1.3962634,0.0,0.0,0.0,80.0,-7.0,0.0,80.0,1.3962634,0.0,0.0,0.0,-8.79290437,-3.15279438,-3.47432995,-8.16505628,-70.53381913,-25.62131555,15.15319289,18.41999005,-23.46174076,5.13278545,9.56231983,-10.39185869,-5.58370816,0.0,27.50855745,6.09308964,1.63488473
1760625282.014,1.3997975,0.00267109,3.09734231,0.00352901,0.97831342,-0.00273741,80.0,-7.0,0.0,80.0,1.3962634,0.0,0.0,0.0,80.0,-7.0,0.0,80.0,1.3962634,0.0,0.0,0.0,-8.84262361,-3.0764183,-3.44352245,-6.75490176,-68.86047145,-25.11821893,16.06545476,17.41225316,-24.24759096,4.91556598,9.47727343,-10.23631017,-5.77650369,0.0,27.57109707,6.11648729,1.65862755
1760625282.048,1.39377293,0.00437382,3.10915595,0.00437212,0.97699832,-0.00299327,80.0,-7.0,0.0,80.0,1.3962634,0.0,0.0,0.0,80.0,-7.0,0.0,80.0,1.3962634,0.0,0.0,0.0,-8.89844191,-2.89667132,-3.28183597,-6.28191297,-67.50022093,-25.36794921,17.52346169,16.48584967,-25.56465172,4.74701657,9.46646806,-10.00314689,-5.81402449,0.0,27.6658731,6.11782434,1.66826099
1760625282.115,1.36229708,0.03500325,3.11936267,0.00584432,0.97653758,-0.00243664,80.0,-7.0,0.0,80.0,1.3962634,0.0,0.0,0.0,80.0,-7.0,0.0,80.0,1.3962634,0.0,0.0,0.0,-9.0711356,-2.81401543,-2.98358026,-4.9751223,-63.68288858,-25.65225182,20.75943919,15.04400247,-28.43224822,4.71965884,9.54082786,-9.83491272,-6.04801481,0.0,27.9213538,6.10083872,1.68304581
1760625282.148,1.3211306,0.03259423,3.12289625,0.00807544,0.97522825,-0.00298276,80.0,-7.0,0.0,80.0,1.3962634,0.0,0.0,0.0,80.0,-7.0,0.0,80.0,1.3962634,0.0,0.0,0.0,-9.38406701,-2.56927214,-2.90867197,-4.17004292,-62.03611441,-25.2729674,21.13340037,14.52354887,-28.70783927,4.96456965,9.8999432,-9.62053794,-6.22440936,0.0,27.96414734,6.06521326,1.66590629
1760625282.181,1.31308358,0.04084719,3.1260621,0.00926886,0.97425666,-0.00300858,80.0,-7.0,0.0,80.0,1.3962634,0.0,0.0,0.0,80.0,-7.0,0.0,80.0,1.3962634,0.0,0.0,0.0,-9.58307041,-2.43599733,-2.52771851,-4.2136279,-60.13354377,-24.803779,23.29550153,12.69245713,-30.42671734,4.44861049,10.17251903,-9.46612356,-6.00712281,0.0,27.84896191,6.05969143,1.65044875
1760625282.215,1.29306261,0.07214223,3.16453284,0.01020962,0.97486827,-0.00215029,80.0,-7.0,0.0,80.0,1.3962634,0.0,0.0,0.0,80.0,-7.0,0.0,80.0,1.3962634,0.0,0.0,0.0,-9.76709581,-2.44740674,-2.59836892,-3.64615677,-57.44582031,-23.35501386,23.46649099,11.3842608,-30.26131955,4.40359217,10.43080922,-9.56177153,-6.33429384,0.0,27.82132043,6.0699749,1.6115113
1760625282.248,1.30844199,0.09890145,3.136174,0.00767115,0.97478605,-0.00103652,80.0,-7.0,0.0,80.0,1.3962634,0.0,0.0,0.0,80.0,-7.0,0.0,80.0,1.3962634,0.0,0.0,0.0,-9.7592479,-2.36828035,-2.37224681,-3.90098142,-55.3730848,-22.59431894,22.86645581,11.11094313,-29.24849975,4.66707779,10.44683974,-9.47424773,-6.37122254,0.0,27.82036355,6.04969409,1.59702358
1760625282.282,1.31480416,0.11781528,3.1750748,0.0081663,0.97454696,-0.00057869,80.0,-7.0,0.0,80.0,1.3962634,0.0,0.0,0.0,80.0,-7.0,0.0,80.0,1.3962634,0.0,0.0,0.0,-9.70321469,-2.1870615,-2.20632085,-4.08909389,-52.72202702,-20.90435385,21.87051745,10.5379934,-27.75663832,5.06119204,10.40174712,-9.24632672,-6.29932567,0.0,27.73250384,6.03661901,1.59656373
1760625282.349,1.30854751,0.09835177,3.1931209,0.00567122,0.97222952,-0.00224731,80.0,-7.0,0.0,80.0,1.3962634,0.0,0.0,0.0,80.0,-7.0,0.0,80.0,1.3962634,0.0,0.0,0.0,-9.15092108,-1.38698617,-1.45250955,-4.95845385,-49.07126567,-18.71071394,20.18303415,8.31166008,-24.91843022,4.46728744,9.82176371,-8.25367676,-5.77724463,0.0,27.6647776,6.09899804,1.67967523
1760625282.382,1.28570208,0.07917876,3.17230338,0.00791254,0.97099196,-0.00420303,80.0,-7.0,0.0,80.0,1.3962634,0.0,0.0,0.0,80.0,-7.0,0.0,80.0,1.3962634,0.0,0.0,0.0,-8.93590237,-1.17524811,-1.08381127,-5.04306294,-46.31463798,-17.80792811,20.65862168,7.50921878,-24.45138135,4.17430383,9.61372305,-7.89830096,-5.5433017,0.0,27.697988,6.12669551,1.69523092
1760625282.415,1.2757596,0.06464127,3.20992487,0.01001178,0.96981562,-0.00573753,80.0,-7.0,0.0,80.0,1.3962634,0.0,0.0,0.0,80.0,-7.0,0.0,80.0,1.3962634,0.0,0.0,0.0,-8.84457022,-0.95466995,-0.96272965,-4.78952936,-44.16073443,-16.78668749,21.04063702,6.94401147,-24.13005194,3.84236154,9.51534549,-7.59653737,-5.40585836,0.0,27.60803756,6.12925163,1.68764862
1760625282.482,1.34342639,0.03081285,3.247894,0.00937792,0.96807251,-0.00682202,80.0,-7.0,0.0,80.0,1.3962634,0.0,0.0,0.0,80.0,-7.0,0.0,80.0,1.3962634,0.0,0.0,0.0,-8.70232047,-0.50824082,-0.5693426,-4.11940639,-39.33121813,-14.18237548,20.43319444,5.21088679,-21.95223296,3.57700385,9.26086626,-7.10500052,-5.1259733,0.0,27.74404031,6.17772912,1.72547116
1760625282.516,1.35544099,0.02237421,3.30077955,0.00925638,0.96787395,-0.0072001,80.0,-7.0,0.0,80.0,1.3962634,0.0,0.0,0.0,80.0,-7.0,0.0,80.0,1.3962634,0.0,0.0,0.0,-8.71261571,-0.33573615,-0.53340076,-3.51559665,-37.28319392,-12.95556007,20.53052268,4.43333279,-21.6329617,3.42788366,9.26357241,-6.96599938,-5.11775644,0.0,27.82228131,6.19856021,1.7410189
1760625282.583,1.35119502,0.00434546,3.37424561,0.00894748,0.9659564,-0.00786798,80.0,-7.0,0.0,80.0,1.3962634,0.0,0.0,0.0,80.0,-7.0,0.0,80.0,1.3962634,0.0,0.0,0.0,-8.65349007,0.10045676,-0.17849496,-2.40339292,-32.5604804,-10.9202198,19.62046301,2.93625067,-19.31641892,2.99429044,9.23066829,-6.59212612,-5.03939781,0.0,27.87664442,6.14781836,1.68742435
1760625282.616,1.35479341,0.02031966,3.38449481,0.0083956,0.96411114,-0.00841494,80.0,-7.0,0.0,80.0,1.3962634,0.0,0.0,0.0,80.0,-7.0,0.0,80.0,1.3962634,0.0,0.0,0.0,-8.6335467,0.29739807,0.22305155,-1.98039065,-30.59634644,-9.93091811,19.87813538,1.98086088,-18.9396927,2.43574834,9.19381167,-6.38381635,-4.83889044,0.0,27.94776606,6.1595108,1.69201962
1760625282.65,1.34483689,0.01506457,3.41849239,0.00877112,0.96166264,-0.01029483,80.0,-7.0,0.0,80.0,1.3962634,0.0,0.0,0.0,80.0,-7.0,0.0,80.0,1.3962634,0.0,0.0,0.0,-8.71086483,0.63925648,0.26709394,-1.26925368,-28.83192571,-8.42563248,18.5943394,0.93946839,-17.11163332,2.11662879,9.24775173,-6.11177303,-4.934343,0.0,28.02392215,6.15452427,1.68492954
1760625282.683,1.3358024,0.02896915,3.4332267,0.00922057,0.96082229,-0.01072575,80.0,-7.0,0.0,80.0,1.3962634,0.0,0.0,0.0,80.0,-7.0,0.0,80.0,1.3962634,0.0,0.0,0.0,-8.54850931,0.69490133,0.28780228,-0.73594324,-26.24353829,-6.79363317,17.36469478,0.44470729,-14.89769729,2.15952399,9.03038543,-6.09626563,-5.00365602,0.0,27.98823694,6.11196875,1.6185045
1760625282.717,1.32926379,0.04049457,3.4250091,0.00682236,0.96005521,-0.01114077,80.0,-7.0,0.0,80.0,1.3962634,0.0,0.0,0.0,80.0,-7.0,0.0,80.0,1.3962634,0.0,0.0,0.0,-7.80309769,0.70606769,0.5491987,-0.96573423,-24.41673692,-5.64374445,14.77748722,0.0,-11.86142276,2.39776556,8.17519058,-6.05017558,-4.79323489,0.0,27.95547257,6.12124123,1.63265149
1760625282.75,1.30318355,0.06428103,3.4186586,0.00726422,0.95978435,-0.01068268,80.0,-7.0,0.0,80.0,1.3962634,0.0,0.0,0.0,80.0,-7.0,0.0,80.0,1.3962634,0.0,0.0,0.0,-7.28981782,0.6427384,0.57965598,-0.99842046,-22.62487403,-4.55682121,12.78000463,0.0,-9.52591578,2.75222313,7.59378435,-6.07285662,-4.80243749,0.0,28.03203545,6.12159874,1.63158351
1760625282.784,1.29665139,0.0572895,3.37499029,0.00645434,0.95993167,-0.01091935,80.0,-7.0,0.0,80.0,1.3962634,0.0,0.0,0.0,80.0,-7.0,0.0,80.0,1.3962634,0.0,0.0,0.0,-6.92901963,0.71935815,0.54551997,-1.00883464,-20.54823759,-2.50562401,11.65680128,0.0,-7.55930697,2.79121705,7.15075794,-5.89200447,-4.86487887,0.0,27.99594077,6.12514003,1.58291759
1760625282.817,1.28709698,0.03563009,3.34839333,0.00439478,0.95986745,-0.01162548,80.0,-7.0,0.0,80.0,1.3962634,0.0,0.0,0.0,80.0,-7.0,0.0,80.0,1.3962634,0.0,0.0,0.0,-6.374623,0.73185568,1.0102498,-1.48428374,-18.98330174,-1.0502664,10.01780236,0.0,-5.23442441,2.66541264,6.55978541,-5.70587791,-4.54458459,0.0,27.95376551,6.14900184,1.63386778
1760625282.85,1.29901782,0.00713931,3.33663333,0.00397989,0.95966511,-0.01254578,80.0,-7.0,0.0,80.0,1.3962634,0.0,0.0,0.0,80.0,-7.0,0.0,80.0,1.3962634,0.0,0.0,0.0,-6.14857786,0.78453638,1.22541903,-1.58421467,-17.66181073,0.37462653,8.77314887,0.0,-3.31897082,2.53929746,6.35484659,-5.56620105,-4.40366349,0.0,27.92486742,6.17355864,1.64018333
1760625282.884,1.32999436,-0.03236607,3.33257769,0.00309147,0.95967038,-0.01258574,80.0,-7.0,0.0,80.0,1.3962634,0.0,0.0,0.0,80.0,-7.0,0.0,80.0,1.3962634,0.0,0.0,0.0,-5.92475047,0.80656011,1.39536589,-1.62110756,-15.92736853,1.70219685,8.45959764,0.0,-2.12030258,2.13658953,6.12934016,-5.45626662,-4.46938034,0.0,28.071374,6.18548874,1.5759026
1760625282.917,1.30853601,-0.0259338,3.30384718,0.00253234,0.95924179,-0.01277506,80.0,-7.0,0.0,80.0,1.3962634,0.0,0.0,0.0,80.0,-7.0,0.0,80.0,1.3962634,0.0,0.0,0.0,-6.00765403,0.78702407,1.43322116,-1.27324977,-14.69827606,2.72739924,8.66628038,0.0,-1.64000447,1.7248133,6.24072651,-5.34465297,-4.47495249,0.0,28.05594757,6.20318695,1.59653627
1760625282.951,1.32196206,-0.03083613,3.3153082,0.00071511,0.95838601,-0.01287219,80.0,-7.0,0.0,80.0,1.3962634,0.0,0.0,0.0,80.0,-7.0,0.0,80.0,1.3962634,0.0,0.0,0.0,-5.78971333,0.89833244,1.44549882,-1.15955381,-13.73918084,3.5017084,8.25555586,0.12150718,-0.87944511,1.80167992,5.97558634,-5.1524255,-4.44321941,0.0,28.02477526,6.17547852,1.56899934
1760625282.984,1.34411616,-0.04698766,3.36500347,0.00061527,0.95754665,-0.01322283,80.0,-7.0,0.0,80.0,1.3962634,0.0,0.0,0.0,80.0,-7.0,0.0,80.0,1.3962634,0.0,0.0,0.0,-5.85863167,1.1059721,1.38386008,-0.47833867,-12.4508679,4.18565435,6.59240063,0.0,1.19833142,1.93394957,6.00100431,-4.84625069,-4.44519276,0.0,28.03340268,6.19780853,1.54720834
1760625283.018,1.33949921,-0.06270553,3.39925255,-0.00109474,0.95743805,-0.01389329,80.0,-7.0,0.0,80.0,1.3962634,0.0,0.0,0.0,80.0,-7.0,0.0,80.0,1.3962634,0.0,0.0,0.0,-5.47727883,1.15411187,1.52326574,-0.35753508,-11.42001444,4.22783145,5.60594786,0.0,2.44978462,2.03158818,5.58092497,-4.72269454,-4.26513063,0.0,28.03334651,6.20451851,1.5724562
1760625283.051,1.34000503,-0.03387489,3.37915917,-0.00146162,0.95694946,-0.01408209,80.0,-7.0,0.0,80.0,1.3962634,0.0,0.0,0.0,80.0,-7.0,0.0,80.0,1.3962634,0.0,0.0,0.0,-5.48298291,1.19385024,1.5881493,0.28010326,-10.50441311,4.51061954,4.94810697,0.0,3.17797627,2.15352083,5.57074244,-4.55229575,-4.22448265,0.0,28.04658195,6.19174753,1.54960686
1760625283.084,1.38279446,-0.00744538,3.36102986,-0.0023688,0.95761383,-0.01249896,80.0,-7.0,0.0,80.0,1.3962634,0.0,0.0,0.0,80.0,-7.0,0.0,80.0,1.3962634,0.0,0.0,0.0,-5.80313203,1.14113156,1.64969712,1.24266273,-9.17096949,5.01871961,4.38724407,0.0,4.06534797,2.12582817,5.81723553,-4.46876977,-4.12275306,0.0,28.18003457,6.22385456,1.56056496
1760625283.118,1.40156106,0.01941629,3.32183071,-0.00330836,0.95796973,-0.01139349,80.0,-7.0,0.0,80.0,1.3962634,0.0,0.0,0.0,80.0,-7.0,0.0,80.0,1.3962634,0.0,0.0,0.0,-6.02597325,1.04125951,1.62666654,1.9823183,-8.11068135,5.56500354,4.41328644,0.0,4.29860613,1.86483378,5.99144567,-4.46228835,-4.04425633,0.0,28.15669961,6.22616678,1.55558021
1760625283.151,1.41054155,0.00810182,3.27587394,-0.00477752,0.95738681,-0.01103478,80.0,-7.0,0.0,80.0,1.3962634,0.0,0.0,0.0,80.0,-7.0,0.0,80.0,1.3962634,0.0,0.0,0.0,-5.96155271,1.10693312,1.52447405,2.42237682,-7.27809666,6.02157788,3.40612774,0.0,5.40351677,1.77891777,5.86809984,-4.34982027,-4.06210233,0.0,28.17612907,6.21327656,1.52546052
1760625283.185,1.44221692,0.02013981,3.22433519,-0.0079315,0.9567472,-0.01061267,80.0,-7.0,0.0,80.0,1.3962634,0.0,0.0,0.0,80.0,-7.0,0.0,80.0,1.3962634,0.0,0.0,0.0,-5.25918811,1.0278741,1.53702383,2.24702211,-6.24310618,6.27176043,1.85819328,0.0,7.02182895,1.69773986,5.03477499,-4.37147076,-3.87350739,0.0,28.2541308,6.22204386,1.53185097
1760625283.218,1.45879128,0.00501449,3.18867141,-0.00876421,0.95707798,-0.01103043,80.0,-7.0,0.0,80.0,1.3962634,0.0,0.0,0.0,80.0,-7.0,0.0,80.0,1.3962634,0.0,0.0,0.0,-5.21519602,1.02384172,1.35269693,2.56262659,-5.66693619,6.84347739,1.73589542,0.0,7.08611838,1.45369788,4.97271887,-4.36783608,-3.85352414,0.0,28.20826454,6.24068806,1.53917005
1760625283.285,1.51076652,-0.05937931,3.12201688,-0.01150534,0.95697594,-0.01195344,80.0,-7.0,0.0,80.0,1.3962634,0.0,0.0,0.0,80.0,-7.0,0.0,80.0,1.3962634,0.0,0.0,0.0,-4.68503055,1.07462767,1.1664187,2.4463557,-5.03875746,7.63140868,1.06314982,0.0,7.58212535,1.2580618,4.4729574,-4.38026936,-3.67581612,0.0,28.08598148,6.26772908,1.53795329
1760625283.319,1.51720768,-0.07625986,3.0986653,-0.01191412,0.95728393,-0.01229323,80.0,-7.0,0.0,80.0,1.3962634,0.0,0.0,0.0,80.0,-7.0,0.0,80.0,1.3962634,0.0,0.0,0.0,-4.74571694,1.10073242,1.15639246,2.59427735,-4.9138756,7.79058861,1.00368913,0.0,7.61928514,1.07588487,4.59748072,-4.40182976,-3.52389877,0.0,27.98933222,6.29192829,1.53317842
1760625283.352,1.52910907,-0.07038175,3.08214296,-0.01102377,0.95710688,-0.01261155,80.0,-7.0,0.0,80.0,1.3962634,0.0,0.0,0.0,80.0,-7.0,0.0,80.0,1.3962634,0.0,0.0,0.0,-4.68503447,1.13557462,1.14423674,2.64397513,-4.84899156,7.9071848,0.90243164,0.0,7.57260704,0.9745757,4.60733532,-4.3964844,-3.41930945,0.0,27.8782567,6.29016654,1.51332696
1760625283.386,1.53613508,-0.0694995,3.11350496,-0.01086961,0.95724358,-0.01250906,80.0,-7.0,0.0,80.0,1.3962634,0.0,0.0,0.0,80.0,-7.0,0.0,80.0,1.3962634,0.0,0.0,0.0,-4.62709286,1.12907201,1.06167633,2.69009679,-4.74516967,7.87547536,0.54068987,0.0,7.80580293,0.95157486,4.57506726,-4.44359098,-3.44244865,0.0,27.88903553,6.3036713,1.49935414
1760625283.419,1.52884263,-0.07348074,3.13042748,-0.01110892,0.95701661,-0.01261666,80.0,-7.0,0.0,80.0,1.3962634,0.0,0.0,0.0,80.0,-7.0,0.0,80.0,1.3962634,0.0,0.0,0.0,-4.21128372,1.14034464,1.07976526,2.36629388,-4.68891375,7.88019712,0.25653207,0.0,7.92991199,0.98639038,4.14776958,-4.45591328,-3.24597951,0.0,27.75090728,6.29161103,1.49410643
1760625283.453,1.54530237,-0.06705641,3.14832403,-0.01030269,0.95627723,-0.01269268,80.0,-7.0,0.0,80.0,1.3962634,0.0,0.0,0.0,80.0,-7.0,0.0,80.0,1.3962634,0.0,0.0,0.0,-4.1818923,1.12958517,1.10763129,2.39557087,-4.62087357,7.9705616,0.0,0.0,8.0250503,0.99900176,4.06947434,-4.44356474,-3.08167611,0.0,27.59490411,6.29889478,1.49388783
1760625283.486,1.57752031,-0.05958174,3.12194373,-0.01035948,0.95607123,-0.0129536,80.0,-7.0,0.0,80.0,1.3962634,0.0,0.0,0.0,80.0,-7.0,0.0,80.0,1.3962634,0.0,0.0,0.0,-4.20731913,1.14582762,1.07019358,2.39141513,-4.65773104,8.26973111,0.0,0.0,8.03592505,1.05557553,4.04509733,-4.38287423,-3.09360057,0.0,27.51870382,6.31116897,1.50262342
1760625283.519,1.5654916,-0.05478331,3.12898309,-0.00964368,0.95587851,-0.01307067,80.0,-7.0,0.0,80.0,1.3962634,0.0,0.0,0.0,80.0,-7.0,0.0,80.0,1.3962634,0.0,0.0,0.0,-4.18196537,1.12966839,1.03909576,2.37554926,-4.64051779,8.38358788,0.0,0.0,8.17650712,1.00945785,4.01063455,-4.32975236,-3.11766356,0.0,27.45055055,6.33053437,1.50944657
1760625283.553,1.56019546,-0.05884798,3.11361999,-0.01057047,0.95591206,-0.01301017,80.0,-7.0,0.0,80.0,1.3962634,0.0,0.0,0.0,80.0,-7.0,0.0,80.0,1.3962634,0.0,0.0,0.0,-3.95925698,1.08167147,0.95323099,2.18103629,-4.60987159,8.52415175,0.0,0.0,8.21239814,1.00136362,3.75199415,-4.28787532,-3.18839701,0.0,27.38859321,6.3661523,1.53692714
1760625283.586,1.56243241,-0.05867158,3.11219879,-0.01084421,0.95557744,-0.01275998,80.0,-7.0,0.0,80.0,1.3962634,0.0,0.0,0.0,80.0,-7.0,0.0,80.0,1.3962634,0.0,0.0,0.0,-3.96580896,1.05603075,0.9583207,2.22187196,-4.59246372,8.58215247,0.0,0.0,8.21668068,0.94172829,3.72202703,-4.23659632,-3.14999851,0.0,27.34167444,6.37206022,1.54043
1760625283.62,1.567903,-0.03332817,3.09661734,-0.01091866,0.95564467,-0.01223501,80.0,-7.0,0.0,80.0,1.3962634,0.0,0.0,0.0,80.0,-7.0,0.0,80.0,1.3962634,0.0,0.0,0.0,-4.26822798,0.99512882,0.95941552,2.54974425,-4.57604515,8.69505112,0.0,0.0,8.15991773,0.89120575,3.97826587,-4.20172084,-3.11547423,0.0,27.30158819,6.39345505,1.5539598
1760625283.653,1.54280768,-0.02140221,3.07845077,-0.01112055,0.95560548,-0.01199673,80.0,-7.0,0.0,80.0,1.3962634,0.0,0.0,0.0,80.0,-7.0,0.0,80.0,1.3962634,0.0,0.0,0.0,-4.33940211,0.94642177,0.97183595,2.64170038,-4.61800949,8.7928013,0.0,0.0,8.10538032,0.91444946,4.03455397,-4.12392683,-3.06486191,0.0,27.18168068,6.41200733,1.54072955
1760625283.687,1.54389693,-0.0333119,3.07439375,-0.0113836,0.95577666,-0.0119091,80.0,-7.0,0.0,80.0,1.3962634,0.0,0.0,0.0,80.0,-7.0,0.0,80.0,1.3962634,0.0,0.0,0.0,-4.44897075,0.95440898,0.96634071,2.73240147,-4.62516067,8.93567354,0.0,0.0,8.01095709,0.86188728,4.10778689,-4.07010275,-3.07204937,0.0,27.17981472,6.44769177,1.56140736
1760625283.72,1.53432862,-0.01804041,3.08476018,-0.01128903,0.95581681,-0.01217929,80.0,-7.0,0.0,80.0,1.3962634,0.0,0.0,0.0,80.0,-7.0,0.0,80.0,1.3962634,0.0,0.0,0.0,-4.5249216,0.92634442,0.94454715,2.75124171,-4.71051472,8.93758461,0.0,0.0,8.04054789,0.91464297,4.15849029,-4.03646086,-3.08951928,0.0,27.20731048,6.45990936,1.56283907
1760625283.754,1.52666865,-0.04330238,3.10999408,-0.00941153,0.95621259,-0.01245375,80.0,-7.0,0.0,80.0,1.3962634,0.0,0.0,0.0,80.0,-7.0,0.0,80.0,1.3962634,0.0,0.0,0.0,-4.88677462,0.95176794,0.72519766,3.09431643,-4.75534214,8.76862344,0.0,0.0,8.19882544,0.81471646,4.53744738,-3.98455211,-3.26560526,0.0,27.15951662,6.5001082,1.54510564
1760625283.787,1.4808975,-0.05020738,3.13540852,-0.00729845,0.956677,-0.012649,80.0,-7.0,0.0,80.0,1.3962634,0.0,0.0,0.0,80.0,-7.0,0.0,80.0,1.3962634,0.0,0.0,0.0,-5.03117294,0.95904034,0.62891589,3.28497936,-4.81358847,8.69541643,0.0,0.0,8.08215828,0.86137759,4.73217063,-3.95906668,-3.37291684,0.0,27.18874706,6.51969661,1.53480755
1760625283.821,1.47472446,-0.06693224,3.14546008,-0.00636428,0.95695271,-0.01243091,80.0,-7.0,0.0,80.0,1.3962634,0.0,0.0,0.0,80.0,-7.0,0.0,80.0,1.3962634,0.0,0.0,0.0,-5.08591946,0.94651287,0.57966233,3.27130833,-4.79831192,8.64329429,0.0,0.0,8.08994546,0.88096029,4.80143415,-3.97194981,-3.48599494,0.0,27.23953703,6.51711751,1.52275874
1760625283.854,1.48389969,-0.08423177,3.16674961,-0.0062468,0.95709537,-0.01229585,80.0,-7.0,0.0,80.0,1.3962634,0.0,0.0,0.0,80.0,-7.0,0.0,80.0,1.3962634,0.0,0.0,0.0,-5.1358684,0.93694572,0.51987113,3.15128273,-4.73556037,8.58651998,0.06328731,0.0,8.14369091,0.88866835,4.84723125,-3.96802502,-3.5487913,0.0,27.20410045,6.51550995,1.49350924
1760625283.888,1.46167998,-0.08797035,3.18122205,-0.00567415,0.95684399,-0.01231302,80.0,-7.0,0.0,80.0,1.3962634,0.0,0.0,0.0,80.0,-7.0,0.0,80.0,1.3962634,0.0,0.0,0.0,-5.15572879,0.92651425,0.38773243,3.12021131,-4.66132508,8.57432242,0.05321078,0.0,8.15041681,0.90762712,4.90509844,-3.95801252,-3.60942627,0.0,27.12111176,6.54267653,1.47029181
1760625283.921,1.43773919,-0.09253275,3.16775706,-0.00423708,0.95653782,-0.01248333,80.0,-7.0,0.0,80.0,1.3962634,0.0,0.0,0.0,80.0,-7.0,0.0,80.0,1.3962634,0.0,0.0,0.0,-5.17738163,0.93947074,0.32411936,3.14422495,-4.59162918,8.49266242,0.02022662,0.0,8.01949209,0.91667122,4.96708957,-3.92260302,-3.60553728,0.0,26.98167326,6.55029823,1.47710986
1760625283.955,1.45797275,-0.10213141,3.18578699,-0.00447088,0.95661045,-0.01244736,80.0,-7.0,0.0,80.0,1.3962634,0.0,0.0,0.0,80.0,-7.0,0.0,80.0,1.3962634,0.0,0.0,0.0,-5.22812829,0.94807241,0.24423613,3.16257668,-4.48023948,8.41857711,0.03174891,0.0,7.80592387,0.92685051,5.02289687,-3.86294003,-3.55293926,0.0,26.70963238,6.61038761,1.49361926
1760625283.988,1.468895,-0.10093078,3.15768348,-0.00426071,0.95650154,-0.01261738,80.0,-7.0,0.0,80.0,1.3962634,0.0,0.0,0.0,80.0,-7.0,0.0,80.0,1.3962634,0.0,0.0,0.0,-5.22902522,0.95238783,0.21316506,3.14305821,-4.42968146,8.45110168,0.0,0.0,7.74199976,0.93554748,5.02286823,-3.82892015,-3.48477904,0.0,26.59670581,6.62745224,1.49700716
1760625284.021,1.48856793,-0.09425903,3.14054804,-0.00379393,0.95629409,-0.01277828,80.0,-7.0,0.0,80.0,1.3962634,0.0,0.0,0.0,80.0,-7.0,0.0,80.0,1.3962634,0.0,0.0,0.0,-5.33741428,0.94280721,0.30318694,3.21603839,-4.41388775,8.28415962,0.16816203,0.0,7.61521958,0.91143465,5.11638182,-3.80826726,-3.2785923,0.0,26.5673967,6.65753628,1.49389999
1760625284.055,1.49409422,-0.08926159,3.1656645,-0.00414594,0.95611223,-0.01293846,80.0,-7.0,0.0,80.0,1.3962634,0.0,0.0,0.0,80.0,-7.0,0.0,80.0,1.3962634,0.0,0.0,0.0,-5.34237659,0.95213034,0.21899881,3.22916441,-4.39547551,8.2470023,0.20876768,0.0,7.58640666,0.90320322,5.12809922,-3.77626255,-3.17202556,0.0,26.48272631,6.67877382,1.49934257
1760625284.088,1.5027079,-0.08199815,3.14775381,-0.00475878,0.95571281,-0.01295764,80.0,-7.0,0.0,80.0,1.3962634,0.0,0.0,0.0,80.0,-7.0,0.0,80.0,1.3962634,0.0,0.0,0.0,-5.4914603,0.95757422,0.24996972,3.3757636,-4.4150751,8.2640486,0.66649901,0.0,7.14132019,0.80632634,5.27098537,-3.75129659,-3.09421382,0.0,26.50683767,6.675666,1.50197022
1760625284.122,1.48376546,-0.06066853,3.15355388,-0.00522169,0.95562379,-0.01264277,80.0,-7.0,0.0,80.0,1.3962634,0.0,0.0,0.0,80.0,-7.0,0.0,80.0,1.3962634,0.0,0.0,0.0,-5.59238439,0.9488544,0.19138109,3.54213883,-4.41146138,8.32346376,0.71499615,0.0,7.08574281,0.75638952,5.38679934,-3.73475534,-3.0037341,0.0,26.48365737,6.74128243,1.49197674
1760625284.155,1.49604439,-0.04368089,3.1507293,-0.00431356,0.95577845,-0.01209358,80.0,-7.0,0.0,80.0,1.3962634,0.0,0.0,0.0,80.0,-7.0,0.0,80.0,1.3962634,0.0,0.0,0.0,-5.7895312,0.93687994,0.10407267,3.74001462,-4.459185,8.47336907,0.79790938,0.0,7.01923683,0.76565729,5.57208574,-3.74210739,-3.00301679,0.0,26.47473506,6.73998532,1.48363779
1760625284.188,1.46512553,-0.03304716,3.15434589,-0.00313103,0.95584559,-0.01155258,80.0,-7.0,0.0,80.0,1.3962634,0.0,0.0,0.0,80.0,-7.0,0.0,80.0,1.3962634,0.0,0.0,0.0,-5.80144072,0.92795082,0.10430288,3.76903456,-4.49089976,8.5995213,0.83860606,0.0,7.07433598,0.72234037,5.57964563,-3.74335825,-2.90015686,0.0,26.50244977,6.73355588,1.4759332
1760625284.222,1.41550597,0.0138135,3.17351654,-0.00193551,0.95592341,-0.01148304,80.0,-7.0,0.0,80.0,1.3962634,0.0,0.0,0.0,80.0,-7.0,0.0,80.0,1.3962634,0.0,0.0,0.0,-5.79787586,0.89127592,0.0446478,3.78064916,-4.600854,8.64600402,0.8598972,0.0,7.17932683,0.73290663,5.57570016,-3.7111016,-2.84180553,0.0,26.5137253,6.72941814,1.46560533
1760625284.255,1.37599416,0.01335418,3.18936739,-0.00116235,0.95621316,-0.01153919,80.0,-7.0,0.0,80.0,1.3962634,0.0,0.0,0.0,80.0,-7.0,0.0,80.0,1.3962634,0.0,0.0,0.0,-5.75531879,0.88148841,0.01026186,3.78480668,-4.64061813,8.71193434,0.18728172,0.0,7.85597929,0.89007878,5.54151427,-3.69557973,-2.81525359,0.0,26.55848003,6.73656156,1.46557797
1760625284.289,1.36490617,0.00918791,3.19877609,-0.001837,0.95637481,-0.01159947,80.0,-7.0,0.0,80.0,1.3962634,0.0,0.0,0.0,80.0,-7.0,0.0,80.0,1.3962634,0.0,0.0,0.0,-5.83466211,0.89669077,-0.06825143,3.86324997,-4.68303141,8.85218728,0.04815608,0.0,8.03615725,0.8926086,5.59999136,-3.66615997,-2.84770681,0.0,26.63140071,6.74565465,1.45484075
1760625284.322,1.35800692,0.02525527,3.17146762,-0.00347602,0.95689789,-0.01147417,80.0,-7.0,0.0,80.0,1.3962634,0.0,0.0,0.0,80.0,-7.0,0.0,80.0,1.3962634,0.0,0.0,0.0,-5.79136788,0.85150469,-0.06840911,3.78264411,-4.69038369,8.98228957,0.0,0.0,8.11603039,0.87364664,5.52087845,-3.66155307,-2.80707606,0.0,26.63514904,6.71953251,1.46242885
1760625284.356,1.35091918,0.02106764,3.18233736,-0.0032619,0.9570098,-0.01163869,80.0,-7.0,0.0,80.0,1.3962634,0.0,0.0,0.0,80.0,-7.0,0.0,80.0,1.3962634,0.0,0.0,0.0,-5.78965336,0.84132145,-0.05427379,3.79702203,-4.69145378,9.01670241,0.0,0.0,8.10125967,0.8691543,5.50591347,-3.65762248,-2.78724371,0.0,26.64796265,6.71875034,1.46204747
1760625284.389,1.28224602,0.0379106,3.157233,-0.00262507,0.95716478,-0.01149421,80.0,-7.0,0.0,80.0,1.3962634,0.0,0.0,0.0,80.0,-7.0,0.0,80.0,1.3962634,0.0,0.0,0.0,-5.80776497,0.79310859,-0.01376716,3.91571902,-4.69004913,9.01818139,0.0,0.0,8.07792233,0.85292662,5.58287804,-3.68747452,-2.80505879,0.0,26.74159831,6.70532093,1.44662302
1760625284.423,1.31010215,0.04199338,3.14684292,-0.00328229,0.95730919,-0.01127192,80.0,-7.0,0.0,80.0,1.3962634,0.0,0.0,0.0,80.0,-7.0,0.0,80.0,1.3962634,0.0,0.0,0.0,-5.72944283,0.74756161,0.02961666,3.82852336,-4.65975986,9.03549736,0.0,0.0,8.06959057,0.83608367,5.48042158,-3.72321863,-2.74684789,0.0,26.68846231,6.70835755,1.44092846
1760625284.456,1.2989285,0.04685187,3.13738372,-0.00500533,0.95747743,-0.01053039,80.0,-7.0,0.0,80.0,1.3962634,0.0,0.0,0.0,80.0,-7.0,0.0,80.0,1.3962634,0.0,0.0,0.0,-5.46861665,0.68551101,0.12160944,3.60688849,-4.59628875,8.919322,0.0,0.0,8.07736045,0.79140645,5.22851685,-3.7820847,-2.72540695,0.0,26.69880761,6.68027649,1.43168369
1760625284.49,1.30420535,0.02172584,3.13995075,-0.00579991,0.9575377,-0.01030286,80.0,-7.0,0.0,80.0,1.3962634,0.0,0.0,0.0,80.0,-7.0,0.0,80.0,1.3962634,0.0,0.0,0.0,-5.39151933,0.66493503,0.12577178,3.58748684,-4.53797826,8.86390433,0.0,0.0,8.04413465,0.77073852,5.17137992,-3.83952652,-2.73660918,0.0,26.6692835,6.65545349,1.41707827
1760625284.523,1.31454437,0.02019928,3.14651281,-0.00569609,0.95763933,-0.010492,80.0,-7.0,0.0,80.0,1.3962634,0.0,0.0,0.0,80.0,-7.0,0.0,80.0,1.3962634,0.0,0.0,0.0,-5.35558887,0.6605759,0.13654779,3.62116894,-4.51326291,8.84248312,0.0,0.0,8.01767649,0.73641024,5.18165236,-3.84488075,-2.77891745,0.0,26.65478041,6.66292402,1.41899492
1760625284.556,1.31857043,0.00612686,3.14429652,-0.00613651,0.95768636,-0.01047574,80.0,-7.0,0.0,80.0,1.3962634,0.0,0.0,0.0,80.0,-7.0,0.0,80.0,1.3962634,0.0,0.0,0.0,-5.32369438,0.66094229,0.14049067,3.64052812,-4.46633918,8.83694657,0.0,0.0,8.02942271,0.68330601,5.20623201,-3.86192626,-2.81195822,0.0,26.5727983,6.66906722,1.42387086
1760625284.59,1.3015735,-0.02949526,3.16640673,-0.00604276,0.95737751,-0.01082358,80.0,-7.0,0.0,80.0,1.3962634,0.0,0.0,0.0,80.0,-7.0,0.0,80.0,1.3962634,0.0,0.0,0.0,-5.20284686,0.64549041,0.16904168,3.58532611,-4.39720713,8.78091489,0.0,0.0,8.01252105,0.65895294,5.17826249,-3.90923918,-2.82946448,0.0,26.34733145,6.70528452,1.48735682
1760625284.623,1.33381671,-0.03568655,3.16145211,-0.00693523,0.95781949,-0.01125595,80.0,-7.0,0.0,80.0,1.3962634,0.0,0.0,0.0,80.0,-7.0,0.0,80.0,1.3962634,0.0,0.0,0.0,-5.12448136,0.65218913,0.22291089,3.54486845,-4.37533427,8.77952234,0.0,0.0,7.9782828,0.63921766,5.32512518,-3.9069027,-2.97488357,0.0,25.55566766,6.72414149,1.51514702
1760625284.657,1.32332586,-0.06805815,3.1649013,-0.0078762,0.95788959,-0.01141297,80.0,-7.0,0.0,80.0,1.3962634,0.0,0.0,0.0,80.0,-7.0,0.0,80.0,1.3962634,0.0,0.0,0.0,-5.02623021,0.68430434,0.2683713,3.49675999,-4.33020333,8.74236276,0.0,0.0,7.92755035,0.59598263,5.55560834,-4.02746375,-3.24382627,0.0,24.73488985,6.77891362,1.68449568
1760625284.69,1.34946878,-0.07166846,3.16597463,-0.00867217,0.95753078,-0.01176994,80.0,-7.0,0.0,80.0,1.3962634,0.0,0.0,0.0,80.0,-7.0,0.0,80.0,1.3962634,0.0,0.0,0.0,-4.60344128,0.71997811,0.49444718,3.04666418,-4.34614656,8.5018317,0.0,0.0,7.90214915,0.59198279,5.49060058,-4.3386138,-3.70244048,0.0,24.14090459,6.82797794,1.88092864
1760625284.724,1.37037482,-0.07628683,3.16402623,-0.00974662,0.95698938,-0.01120645,80.0,-7.0,0.0,80.0,1.3962634,0.0,0.0,0.0,80.0,-7.0,0.0,80.0,1.3962634,0.0,0.0,0.0,-4.30777105,0.84837795,0.880626,2.73686093,-4.43472515,8.29605894,0.0,0.0,7.83824453,0.56756824,5.7186737,-5.13402914,-4.52923743,0.0,23.58073681,6.83044399,2.06283406
1760625284.757,1.3651995,-0.06185247,3.17592159,-0.01039363,0.95667179,-0.01013093,80.0,-7.0,0.0,80.0,1.3962634,0.0,0.0,0.0,80.0,-7.0,0.0,80.0,1.3962634,0.0,0.0,0.0,-4.30652203,0.9768659,1.01213917,2.75148157,-4.55624023,8.25087395,0.0,0.0,7.82575695,0.53266341,6.17054722,-6.02263002,-5.18846071,0.0,22.96577514,6.73229149,2.18208263
1760625284.791,1.39743029,-0.03396753,3.17904085,-0.01311827,0.95621403,-0.00855978,80.0,-7.0,0.0,80.0,1.3962634,0.0,0.0,0.0,80.0,-7.0,0.0,80.0,1.3962634,0.0,0.0,0.0,-4.05245262,1.07020494,1.20349901,2.45995355,-4.67068907,8.0723936,0.0,0.0,7.84300332,0.53780332,6.37234468,-7.25558225,-6.18776716,0.0,22.74411057,6.43564549,2.16214017
1760625284.824,1.44543599,-0.01964084,3.20268703,-0.01666792,0.9563294,-0.00707102,80.0,-7.0,0.0,80.0,1.3962634,0.0,0.0,0.0,80.0,-7.0,0.0,80.0,1.3962634,0.0,0.0,0.0,-3.99160373,1.30316587,1.44892625,2.37352758,-4.88926591,7.87451985,0.0,0.0,7.91390578,0.48204994,6.94114353,-9.38400025,-8.74495618,0.0,23.9937229,6.02816748,2.01968428
1760625284.857,1.46543017,0.00103118,3.23297005,-0.01756602,0.95589806,-0.00741029,80.0,-7.0,0.0,80.0,1.3962634,0.0,0.0,0.0,80.0,-7.0,0.0,80.0,1.3962634,0.0,0.0,0.0,-4.10822019,1.4774031,1.62214208,2.50009943,-5.1034333,7.76646467,0.0,0.0,7.95923806,0.44416758,7.56100734,-11.40772576,-11.17229947,0.0,25.56134932,5.83513201,1.95592199
1760625284.924,1.48495935,0.05582752,3.28327313,-0.02179292,0.95467012,-0.00612413,80.0,-7.0,0.0,80.0,1.3962634,0.0,0.0,0.0,80.0,-7.0,0.0,80.0,1.3962634,0.0,0.0,0.0,-3.49563995,1.61748887,2.34507539,1.83419026,-5.35038527,7.19272775,0.0,0.0,8.00701297,0.38541877,8.36962444,-17.53183105,-18.35755861,0.0,31.38484939,5.32022231,2.01130188
1760625284.958,1.44224056,0.12506287,3.32034488,-0.01990315,0.95467571,-0.00214623,80.0,-7.0,0.0,80.0,1.3962634,0.0,0.0,0.0,80.0,-7.0,0.0,80.0,1.3962634,0.0,0.0,0.0,-3.18064897,1.72163901,2.05814084,1.57822353,-5.4812235,7.51342629,0.07229538,0.0,7.96569417,0.27382393,8.93425728,-20.52155134,-21.92436179,0.0,33.65524799,5.2125674,2.19306682
1760625284.991,1.46024171,0.15949679,3.31999346,-0.0230091,0.95477032,-0.00181102,80.0,-7.0,0.0,80.0,1.3962634,0.0,0.0,0.0,80.0,-7.0,0.0,80.0,1.3962634,0.0,0.0,0.0,-2.97303838,1.561683,2.39821344,1.35042357,-5.45159346,7.12845187,0.32195264,0.0,7.77256177,0.25345487,9.73440561,-23.96333573,-24.33503737,0.0,35.3311305,4.93757632,2.18640335
1760625285.025,1.46778168,0.19012084,3.32903492,-0.02405423,0.95477887,-0.00096371,80.0,-7.0,0.0,80.0,1.3962634,0.0,0.0,0.0,80.0,-7.0,0.0,80.0,1.3962634,0.0,0.0,0.0,-2.91900569,1.62467971,2.55073502,1.29242139,-5.60939417,7.02708201,0.49970929,0.0,7.63937087,0.20536585,11.17214861,-28.31741415,-26.57720169,0.0,36.31927682,4.42577037,2.03445293
1760625285.058,1.47888336,0.19069066,3.33965723,-0.02440683,0.95448485,-0.00179451,80.0,-7.0,0.0,80.0,1.3962634,0.0,0.0,0.0,80.0,-7.0,0.0,80.0,1.3962634,0.0,0.0,0.0,-3.19869183,1.62083108,2.86674656,1.58408177,-5.68928826,6.75166263,0.9538259,0.0,7.18878072,0.11431749,12.80309738,-31.68169636,-27.9070253,0.0,36.74620171,3.9882612,1.78419337
1760625285.092,1.47995718,0.19240085,3.34134334,-0.02655602,0.95710393,-0.00192488,80.0,-7.0,0.0,80.0,1.3962634,0.0,0.0,0.0,80.0,-7.0,0.0,80.0,1.3962634,0.0,0.0,0.0,-2.95436082,2.11452783,3.21894511,1.35454158,-6.22925582,6.41220141,1.52059197,0.0,6.59184773,-0.02172539,14.41044424,-35.42375032,-29.73572789,0.0,36.88261582,3.42001414,1.68433733
1760625285.125,1.48198657,0.18442508,3.32353069,-0.02882989,0.9593943,-0.00138122,80.0,-7.0,0.0,80.0,1.3962634,0.0,0.0,0.0,80.0,-7.0,0.0,80.0,1.3962634,0.0,0.0,0.0,-2.32624279,2.61918346,3.31688007,0.7311766,-6.69036218,6.36421679,1.79309703,0.0,6.31098306,-0.10477283,15.23847253,-38.19080098,-30.72821668,0.0,36.62168491,2.73178138,1.51155264
1760625285.159,1.48971073,0.15942322,3.30131558,-0.03136033,0.96246351,-0.00216362,80.0,-7.0,0.0,80.0,1.3962634,0.0,0.0,0.0,80.0,-7.0,0.0,80.0,1.3962634,0.0,0.0,0.0,-1.75122807,3.20159759,3.37049206,0.18370362,-7.19312188,6.29939303,1.75851625,0.0,6.34730547,-0.14326885,16.20729463,-40.93063681,-31.76187301,0.0,36.30410631,2.09952765,1.20901424
1760625285.192,1.5190788,0.13059004,3.23748671,-0.03525346,0.96440433,-0.00243037,80.0,-7.0,0.0,80.0,1.3962634,0.0,0.0,0.0,80.0,-7.0,0.0,80.0,1.3962634,0.0,0.0,0.0,-1.21534064,3.68374992,3.64231058,-0.27797359,-7.59858345,5.82325055,1.75062785,0.0,6.3500825,-0.1936868,17.98561631,-44.78318327,-33.66534247,0.0,37.59393866,1.4293121,1.02765973
1760625285.225,1.53610586,0.07928189,3.19685432,-0.03743306,0.96562947,-0.00474777,80.0,-7.0,0.0,80.0,1.3962634,0.0,0.0,0.0,80.0,-7.0,0.0,80.0,1.3962634,0.0,0.0,0.0,-1.18190266,3.8444422,3.94955596,-0.23433717,-7.71168785,5.36588762,2.00513582,0.0,6.14566225,-0.23602554,20.03715864,-47.90243458,-34.8855778,0.0,38.86949886,1.20576936,0.82332098
1760625285.259,1.54484874,0.02889401,3.17225028,-0.03875649,0.96901409,-0.00548868,80.0,-7.0,0.0,80.0,1.3962634,0.0,0.0,0.0,80.0,-7.0,0.0,80.0,1.3962634,0.0,0.0,0.0,-1.23144978,4.59619185,3.83258273,-0.1256296,-8.29528521,5.40356226,2.44781482,0.0,5.79049014,-0.44246972,22.04676307,-50.2514716,-35.85111484,0.0,39.03286951,1.16639098,0.67105319
1760625285.292,1.58681734,-0.01901109,3.13916106,-0.04389529,0.97034482,-0.00586303,80.0,-7.0,0.0,80.0,1.3962634,0.0,0.0,0.0,80.0,-7.0,0.0,80.0,1.3962634,0.0,0.0,0.0,-0.7633278,5.03579372,4.4560386,-0.65556446,-8.5115816,4.67852433,2.48766327,0.0,5.7540028,-0.44779197,25.33590702,-53.47733979,-35.53421551,0.0,39.15684417,1.04958768,0.57888007
1760625285.326,1.63717613,-0.05860682,3.11101345,-0.05064404,0.97378137,-0.00806379,80.0,-7.0,0.0,80.0,1.3962634,0.0,0.0,0.0,80.0,-7.0,0.0,80.0,1.3962634,0.0,0.0,0.0,-0.04129143,5.60189451,4.34026918,-1.50824302,-8.80280889,4.70479275,0.0,0.0,8.24606234,0.05192224,26.80764001,-55.97586143,-36.7226541,0.0,40.61838189,1.00339551,0.40019101
1760625285.359,1.65232315,-0.07756105,3.10331387,-0.05512239,0.97723828,-0.00951259,80.0,-7.0,0.0,80.0,1.3962634,0.0,0.0,0.0,80.0,-7.0,0.0,80.0,1.3962634,0.0,0.0,0.0,0.43149659,6.01527169,4.55759365,-2.08386885,-9.03091831,4.37797529,0.0,0.0,8.30463719,0.00567241,29.17542474,-58.29454906,-36.94137742,0.0,42.26554625,1.10491372,0.22272411
1760625285.393,1.65211964,-0.10279776,3.10788631,-0.05313814,0.97792751,-0.01055061,80.0,-7.0,0.0,80.0,1.3962634,0.0,0.0,0.0,80.0,-7.0,0.0,80.0,1.3962634,0.0,0.0,0.0,0.08086018,6.12023901,4.69299782,-1.68063141,-9.06586055,4.20372474,0.0,0.0,8.25184649,0.04604902,33.47229433,-61.22332816,-35.1710176,0.0,43.40079214,1.14051004,-0.03770938
1760625285.426,1.65610528,-0.13063082,3.1443718,-0.0536235,0.97864118,-0.01141145,80.0,-7.0,0.0,80.0,1.3962634,0.0,0.0,0.0,80.0,-7.0,0.0,80.0,1.3962634,0.0,0.0,0.0,0.30164566,6.50340103,4.98008581,-1.98671435,-9.28249594,3.89123446,0.0,0.0,8.2219256,0.01341562,36.28305837,-62.63270187,-32.31404081,0.0,42.99312616,1.14066348,-0.20116166
1760625285.459,1.65179276,-0.15930765,3.17737207,-0.05145813,0.9795966,-0.01321196,80.0,-7.0,0.0,80.0,1.3962634,0.0,0.0,0.0,80.0,-7.0,0.0,80.0,1.3962634,0.0,0.0,0.0,0.04141219,6.67930445,5.0647994,-1.74051102,-9.38496506,3.83556268,0.0,0.0,8.18813691,0.00285577,39.28364689,-63.93010364,-29.77247196,0.0,42.61880551,1.1384475,-0.43046101
1760625285.493,1.68638619,-0.17696319,3.19018176,-0.05496643,0.98078415,-0.01284891,80.0,-7.0,0.0,80.0,1.3962634,0.0,0.0,0.0,80.0,-7.0,0.0,80.0,1.3962634,0.0,0.0,0.0,0.71795189,7.10669719,4.56500271,-2.53829568,-9.62608481,4.27757372,0.0,0.0,8.24901971,-0.04985293,40.47071091,-65.46796535,-29.06390127,0.0,43.02473119,1.23482359,-0.34540961
1760625285.526,1.70112689,-0.18419783,3.20215796,-0.05430936,0.98118277,-0.0131507,80.0,-7.0,0.0,80.0,1.3962634,0.0,0.0,0.0,80.0,-7.0,0.0,80.0,1.3962634,0.0,0.0,0.0,0.6737184,7.30771245,4.82282133,-2.49079915,-9.77109317,4.04660848,0.0,0.0,8.21755484,-0.02919219,42.38560033,-65.95904278,-28.26381382,0.0,43.52655474,1.25436494,-0.33257049
1760625285.56,1.70068659,-0.18590449,3.22080419,-0.05257199,0.98149507,-0.01340003,80.0,-7.0,0.0,80.0,1.3962634,0.0,0.0,0.0,80.0,-7.0,0.0,80.0,1.3962634,0.0,0.0,0.0,0.58954829,7.50303778,4.79490025,-2.36409142,-9.94387032,4.05035513,0.0,0.0,8.28001315,-0.04341607,43.63770349,-66.39271665,-28.22502265,0.0,43.88850047,1.27235879,-0.3092631
1760625285.593,1.6946598,-0.17171103,3.25818664,-0.05126373,0.98052275,-0.01298251,80.0,-7.0,0.0,80.0,1.3962634,0.0,0.0,0.0,80.0,-7.0,0.0,80.0,1.3962634,0.0,0.0,0.0,0.65655091,7.48550922,4.63786649,-2.33241366,-9.94632371,4.11095796,0.0,0.0,8.38171247,-0.06452858,44.39223651,-67.01204553,-28.5642697,0.0,44.67735458,1.09440036,-0.22010969
1760625285.627,1.6905958,-0.14785534,3.25153,-0.05231356,0.98193041,-0.0128485,80.0,-7.0,0.0,80.0,1.3962634,0.0,0.0,0.0,80.0,-7.0,0.0,80.0,1.3962634,0.0,0.0,0.0,1.10020187,7.63507516,4.16316908,-2.75498467,-10.13438702,4.43960733,0.0,0.0,8.55012749,-0.10055984,43.7402818,-67.48499858,-29.2843632,0.0,45.02322427,0.97612879,-0.12878158
1760625285.66,1.69392258,-0.12649686,3.27158584,-0.05102347,0.98174478,-0.01241034,80.0,-7.0,0.0,80.0,1.3962634,0.0,0.0,0.0,80.0,-7.0,0.0,80.0,1.3962634,0.0,0.0,0.0,1.08631325,7.67779446,4.14129693,-2.72285767,-10.26388324,4.40472311,0.0,0.0,8.59025592,-0.11337088,44.13237869,-67.59526717,-29.25916125,0.0,45.24433939,0.93655883,0.04382081
1760625285.694,1.6678594,-0.08001288,3.24667707,-0.05084276,0.981937,-0.01182086,80.0,-7.0,0.0,80.0,1.3962634,0.0,0.0,0.0,80.0,-7.0,0.0,80.0,1.3962634,0.0,0.0,0.0,1.18660454,7.58546018,4.21862279,-2.79886592,-10.34056278,4.39566377,0.0,0.0,8.5368293,-0.10681245,45.00145805,-67.7706681,-28.83452601,0.0,45.67605245,1.01902724,0.24936996
1760625285.727,1.68742764,-0.04141773,3.24413822,-0.05193125,0.98254837,-0.01119591,80.0,-7.0,0.0,80.0,1.3962634,0.0,0.0,0.0,80.0,-7.0,0.0,80.0,1.3962634,0.0,0.0,0.0,1.56304865,7.48820671,3.81246971,-3.24970998,-10.39143837,4.76960569,0.0,0.0,8.58928947,-0.11807313,44.84865941,-68.17006523,-29.21060015,0.0,46.14474557,1.04515807,0.25755707
1760625285.761,1.65025014,-0.02037526,3.2534214,-0.04965942,0.98213279,-0.01074798,80.0,-7.0,0.0,80.0,1.3962634,0.0,0.0,0.0,80.0,-7.0,0.0,80.0,1.3962634,0.0,0.0,0.0,1.18653148,7.3758764,4.20104463,-2.87795488,-10.4515226,4.48734003,0.0,0.0,8.4902613,-0.12187195,46.64138516,-68.00299618,-28.11459875,0.0,46.54142947,1.09817802,0.20970712
1760625285.794,1.6416055,0.00486098,3.24104857,-0.05068224,0.9822853,-0.01061928,80.0,-7.0,0.0,80.0,1.3962634,0.0,0.0,0.0,80.0,-7.0,0.0,80.0,1.3962634,0.0,0.0,0.0,1.32322333,7.28982368,3.99448804,-3.0936707,-10.59758095,4.74629223,0.0,0.0,8.44580696,-0.11128307,47.21511277,-68.22165886,-27.41555576,0.0,46.74931082,1.29502274,0.2579417
1760625285.828,1.62903937,0.02746896,3.22690761,-0.05181829,0.981921,-0.01004965,80.0,-7.0,0.0,80.0,1.3962634,0.0,0.0,0.0,80.0,-7.0,0.0,80.0,1.3962634,0.0,0.0,0.0,1.30314975,7.21421921,4.1205067,-3.09007595,-10.70098615,4.66077869,0.0,0.0,8.36067014,-0.11107243,48.08964588,-68.14749556,-26.2342333,0.0,46.61608575,1.42294729,0.28426268
1760625285.861,1.64820578,0.02660902,3.21627265,-0.05040536,0.98229897,-0.00891103,80.0,-7.0,0.0,80.0,1.3962634,0.0,0.0,0.0,80.0,-7.0,0.0,80.0,1.3962634,0.0,0.0,0.0,0.73596483,7.12980205,4.92524551,-2.51518427,-10.79332447,3.96495595,0.0,0.0,8.15582511,-0.09238194,50.29046598,-67.58468061,-24.34302822,0.0,46.55788382,1.46569651,0.28161641
1760625285.895,1.65711732,0.03210471,3.17640365,-0.051118,0.98264604,-0.00861374,80.0,-7.0,0.0,80.0,1.3962634,0.0,0.0,0.0,80.0,-7.0,0.0,80.0,1.3962634,0.0,0.0,0.0,0.6197586,7.0811186,5.1503628,-2.4039567,-10.90558624,3.80380241,0.0,0.0,8.11548181,-0.12556355,51.0534879,-67.39248117,-23.97952938,0.0,46.83779337,1.45900106,0.28529348
1760625285.928,1.6751212,0.02017557,3.20494516,-0.05295971,0.98312553,-0.00888615,80.0,-7.0,0.0,80.0,1.3962634,0.0,0.0,0.0,80.0,-7.0,0.0,80.0,1.3962634,0.0,0.0,0.0,0.77428226,7.11596493,5.18994104,-2.58596357,-10.9943217,3.71477266,0.0,0.0,8.15960732,-0.15548321,51.10792095,-67.27175699,-24.05249492,0.0,47.04762172,1.38743042,0.27139512
1760625285.961,1.65599606,-0.00187409,3.17623247,-0.05142927,0.9836856,-0.00899674,80.0,-7.0,0.0,80.0,1.3962634,0.0,0.0,0.0,80.0,-7.0,0.0,80.0,1.3962634,0.0,0.0,0.0,0.30840257,7.17767279,5.80354239,-2.03973353,-11.11278479,3.18856649,0.06034807,0.0,8.00597766,-0.18761674,52.14793516,-66.76556225,-23.64386122,0.0,47.33192127,1.35236984,0.27044919
1760625285.995,1.67541994,-0.0326508,3.18789253,-0.05080058,0.98433019,-0.00968081,80.0,-7.0,0.0,80.0,1.3962634,0.0,0.0,0.0,80.0,-7.0,0.0,80.0,1.3962634,0.0,0.0,0.0,0.08531209,7.24225946,5.73272987,-1.74947007,-11.16549653,3.21693452,0.04280573,0.0,8.0759841,-0.20522899,52.2488197,-66.63631058,-23.49997954,0.0,46.9349557,1.34876889,0.28478702
1760625286.062,1.64508952,-0.04987746,3.21026251,-0.04847395,0.98476066,-0.00961063,80.0,-7.0,0.0,80.0,1.3962634,0.0,0.0,0.0,80.0,-7.0,0.0,80.0,1.3962634,0.0,0.0,0.0,-0.5229931,7.20904617,5.99968724,-1.00381459,-11.0171639,3.0129186,1.59573881,0.0,6.59282744,-0.52961084,53.00395458,-66.21138048,-23.28981546,0.0,46.79223022,1.27888163,0.29209798
1760625286.095,1.61623993,-0.04232191,3.21382847,-0.04848369,0.98477004,-0.01007862,80.0,-7.0,0.0,80.0,1.3962634,0.0,0.0,0.0,80.0,-7.0,0.0,80.0,1.3962634,0.0,0.0,0.0,-0.44465917,7.25704002,5.8166838,-1.02673616,-10.95281338,3.21825651,1.11826074,0.0,7.07633087,-0.41029447,52.40327093,-66.21361389,-23.97035623,0.0,46.94056233,1.17646743,0.27406344
1760625286.129,1.59112962,-0.03584767,3.20280639,-0.04749709,0.98468667,-0.01042205,80.0,-7.0,0.0,80.0,1.3962634,0.0,0.0,0.0,80.0,-7.0,0.0,80.0,1.3962634,0.0,0.0,0.0,-0.44665348,7.27851918,5.68218629,-1.00080371,-10.85943824,3.42711798,0.52682069,0.0,7.68094475,-0.25872608,52.1397876,-66.20182702,-24.46486401,0.0,47.28309904,1.08555917,0.33327292
1760625286.162,1.57940482,-0.02387143,3.20861118,-0.04725841,0.98431222,-0.00984327,80.0,-7.0,0.0,80.0,1.3962634,0.0,0.0,0.0,80.0,-7.0,0.0,80.0,1.3962634,0.0,0.0,0.0,-0.48803001,7.23549398,5.83282274,-0.99217837,-10.69543587,3.30344376,0.56209025,0.0,7.64303265,-0.24881346,52.77192611,-65.91049534,-24.09963375,0.0,47.74916458,1.01203878,0.25714938
1760625286.196,1.5560559,-0.01767423,3.23180689,-0.04817261,0.98425372,-0.00967348,80.0,-7.0,0.0,80.0,1.3962634,0.0,0.0,0.0,80.0,-7.0,0.0,80.0,1.3962634,0.0,0.0,0.0,-0.39836122,7.17653384,5.81942809,-1.15011377,-10.56621347,3.31923999,0.0,0.0,8.20653231,-0.07098728,53.63648548,-65.64503191,-23.35138683,0.0,48.43048209,1.26744656,0.32212609
1760625286.229,1.49359499,-0.01900311,3.27796099,-0.04814112,0.98387083,-0.00985421,80.0,-7.0,0.0,80.0,1.3962634,0.0,0.0,0.0,80.0,-7.0,0.0,80.0,1.3962634,0.0,0.0,0.0,-0.38539186,7.07521777,5.96345691,-1.17772346,-10.40665713,3.27238464,0.0,0.0,8.14752182,-0.0322237,55.39090835,-65.13607873,-21.37735379,0.0,49.10593714,1.85179526,0.50371067
1760625286.262,1.49237165,-0.06187872,3.38328777,-0.04907183,0.98298269,-0.01037533,80.0,-7.0,0.0,80.0,1.3962634,0.0,0.0,0.0,80.0,-7.0,0.0,80.0,1.3962634,0.0,0.0,0.0,-0.31735515,6.972167,6.33374179,-1.37547826,-10.24694711,3.1312939,0.0,0.0,8.01628649,0.04623992,58.66851003,-63.74647432,-17.40499717,0.0,49.39177163,3.15773834,0.5915483
1760625286.296,1.49324417,-0.09016004,3.49171603,-0.04940093,0.98220232,-0.01103596,80.0,-7.0,0.0,80.0,1.3962634,0.0,0.0,0.0,80.0,-7.0,0.0,80.0,1.3962634,0.0,0.0,0.0,-0.28707368,6.8602407,6.70447749,-1.44862349,-10.16791812,2.92279437,0.0,0.0,7.92820581,0.0623443,61.53133911,-62.25830392,-14.01596856,0.0,49.59735667,4.51059362,0.85070182
1760625286.329,1.51260523,-0.09543864,3.56133492,-0.05058037,0.98159174,-0.01162128,80.0,-7.0,0.0,80.0,1.3962634,0.0,0.0,0.0,80.0,-7.0,0.0,80.0,1.3962634,0.0,0.0,0.0,-0.2421346,6.71647142,7.11849419,-1.52084458,-10.14524141,2.65112438,0.31361991,0.0,7.56591113,0.00277961,63.16690375,-60.44579386,-11.63508735,1.05146433,49.74080579,5.73899521,1.46519311
1760625286.363,1.56571051,-0.09133209,3.63197352,-0.05465281,0.98182162,-0.01303915,80.0,-7.0,0.0,80.0,1.3962634,0.0,0.0,0.0,80.0,-7.0,0.0,80.0,1.3962634,0.0,0.0,0.0,0.04189241,6.60903897,7.42796437,-1.8043917,-10.24781967,2.42439503,0.1715119,0.0,7.73564994,-0.00069112,61.9590395,-57.7186018,-11.35068173,5.35498554,49.81550672,6.60400021,2.83608734
1760625286.396,1.59382992,-0.09352919,3.68777267,-0.05645246,0.98124551,-0.01372882,80.0,-7.0,0.0,80.0,1.3962634,0.0,0.0,0.0,80.0,-7.0,0.0,80.0,1.3962634,0.0,0.0,0.0,-0.07383515,6.44029085,7.68930182,-1.61553221,-10.31569371,2.1767477,1.41189995,0.0,6.54343279,-0.32254189,61.4433955,-55.41781093,-10.63143931,8.99456185,49.53160494,7.34849865,3.96366354
1760625286.43,1.6128412,-0.08750678,3.72135294,-0.05741883,0.98099934,-0.01496694,80.0,-7.0,0.0,80.0,1.3962634,0.0,0.0,0.0,80.0,-7.0,0.0,80.0,1.3962634,0.0,0.0,0.0,-0.14613936,6.22842939,7.902037,-1.47477276,-10.3640505,1.92487118,2.53604345,0.11838576,5.53431789,-0.62689877,60.94353007,-53.01886503,-9.09645598,12.98923716,48.41029789,8.04679433,5.09593288
1760625286.463,1.64271791,-0.09640498,3.72086679,-0.0573543,0.98217924,-0.01717618,80.0,-7.0,0.0,80.0,1.3962634,0.0,0.0,0.0,80.0,-7.0,0.0,80.0,1.3962634,0.0,0.0,0.0,-0.31173557,5.92751132,8.2549286,-1.24909761,-10.34376979,1.66495789,3.45360756,0.1643124,4.74968163,-0.89641977,60.33733326,-49.7281825,-5.99589197,18.94084067,46.09604122,8.86033111,6.63954655
1760625286.497,1.6677707,-0.09921397,3.69054715,-0.05938298,0.98366446,-0.01933687,80.0,-7.0,0.0,80.0,1.3962634,0.0,0.0,0.0,80.0,-7.0,0.0,80.0,1.3962634,0.0,0.0,0.0,-0.02077663,5.72133437,8.73031646,-1.53035013,-10.24963352,1.35120505,3.57907511,0.02943009,4.6231616,-0.93675917,59.40297454,-47.30419268,-3.07741026,24.12718225,43.98593571,9.39055849,7.97974094
1760625286.53,1.70809726,-0.10806405,3.62523241,-0.06217164,0.98517135,-0.02183032,80.0,-7.0,0.0,80.0,1.3962634,0.0,0.0,0.0,80.0,-7.0,0.0,80.0,1.3962634,0.0,0.0,0.0,0.1761505,5.53441789,9.07683824,-1.70600817,-10.16762381,1.16274753,3.72021818,0.0,4.44297114,-0.95163228,58.40716984,-45.12281217,-0.23213952,29.79586669,41.75599045,9.99245308,9.48059746
1760625286.563,1.78713501,-0.13116643,3.52808461,-0.06877476,0.98620662,-0.02570303,80.0,-7.0,0.0,80.0,1.3962634,0.0,0.0,0.0,80.0,-7.0,0.0,80.0,1.3962634,0.0,0.0,0.0,1.24107938,5.31528638,9.3227788,-2.81589842,-9.89743809,0.99842712,2.56883629,0.0,5.58410479,-0.66344913,56.3918923,-42.90592643,3.9757095,38.059014,38.65033376,10.7287797,11.81504101
1760625286.597,1.82649601,-0.15764456,3.44794022,-0.07158315,0.98655347,-0.02821139,80.0,-7.0,0.0,80.0,1.3962634,0.0,0.0,0.0,80.0,-7.0,0.0,80.0,1.3962634,0.0,0.0,0.0,1.54880514,5.17921097,9.70936115,-3.1620489,-9.75369128,0.72782995,2.76216074,0.0,5.38828138,-0.67681436,55.51530934,-41.6276996,7.6680476,44.89768412,35.85887417,11.18015769,13.52889457
1760625286.63,1.87079758,-0.17662273,3.3566627,-0.07572548,0.98680597,-0.02957016,80.0,-7.0,0.0,80.0,1.3962634,0.0,0.0,0.0,80.0,-7.0,0.0,80.0,1.3962634,0.0,0.0,0.0,2.18318182,5.01589766,9.95255993,-3.84005876,-9.5296654,0.55220915,2.86522796,0.0,5.29973234,-0.65601002,54.76312936,-40.92594429,11.80563962,52.14248993,32.40851022,11.3613125,15.31105992
1760625286.664,1.94921395,-0.18483688,3.25427185,-0.07914893,0.98656594,-0.03061364,80.0,-7.0,0.0,80.0,1.3962634,0.0,0.0,0.0,80.0,-7.0,0.0,80.0,1.3962634,0.0,0.0,0.0,2.63865761,4.60595306,9.96775279,-4.30251551,-9.12733208,0.68164721,3.11739937,0.0,5.04722756,-0.64493446,55.10499992,-41.3606149,18.20874427,62.50648398,26.59362039,11.07819428,17.4835083
1760625286.697,1.9733537,-0.17791969,3.19465099,-0.07469961,0.98556219,-0.02941476,80.0,-7.0,0.0,80.0,1.3962634,0.0,0.0,0.0,80.0,-7.0,0.0,80.0,1.3962634,0.0,0.0,0.0,2.27793425,4.40981419,8.98416714,-3.83623458,-9.09057236,1.78191631,3.28087828,0.0,4.92889214,-0.71729947,56.50262778,-42.40487759,22.495291,70.05686462,22.65562665,10.64922794,18.29968202
1760625286.731,1.93051766,-0.16571616,3.14931617,-0.06026963,0.98324513,-0.02696449,80.0,-7.0,0.0,80.0,1.3962634,0.0,0.0,0.0,80.0,-7.0,0.0,80.0,1.3962634,0.0,0.0,0.0,1.06952577,4.23913783,6.30514335,-2.26961678,-9.2172771,4.55750251,1.9974648,0.0,6.31124928,-0.5341849,58.91345648,-44.24180789,25.71846698,76.59488194,19.40361791,10.35533459,18.50792436
1760625286.764,1.93790441,-0.16115913,3.04908463,-0.0554076,0.98022896,-0.02553237,80.0,-7.0,0.0,80.0,1.3962634,0.0,0.0,0.0,80.0,-7.0,0.0,80.0,1.3962634,0.0,0.0,0.0,0.86195092,3.80379371,4.82758235,-1.92407373,-8.93532319,5.93730252,1.28793296,0.0,7.13297462,-0.39370344,62.3739943,-45.86622009,31.59628819,85.85161888,14.66425076,9.76795677,19.14439056
1760625286.798,1.94344911,-0.16283249,2.97877687,-0.05097739,0.97719235,-0.0238824,80.0,-7.0,0.0,80.0,1.3962634,0.0,0.0,0.0,80.0,-7.0,0.0,80.0,1.3962634,0.0,0.0,0.0,0.31463964,3.51999218,4.1821505,-1.330728,-8.76423044,6.53572389,2.64734589,0.0,5.87770063,-0.7232029,66.09930075,-46.3247698,36.15366107,92.22822673,11.20551263,9.35554033,19.56488533
1760625286.831,1.93368753,-0.15368919,2.90434282,-0.04494155,0.9752639,-0.02175732,80.0,-7.0,0.0,80.0,1.3962634,0.0,0.0,0.0,80.0,-7.0,0.0,80.0,1.3962634,0.0,0.0,0.0,-0.41647651,3.32241507,3.28590812,-0.53264438,-8.66832037,7.45025834,4.15495223,0.0,4.45302155,-1.0831713,70.59247519,-46.94045151,40.49415675,98.15590056,7.48855386,8.86137667,20.00664238
1760625286.865,1.9418693,-0.13202591,2.81060577,-0.04056157,0.97245733,-0.01780958,80.0,-7.0,0.0,80.0,1.3962634,0.0,0.0,0.0,80.0,-7.0,0.0,80.0,1.3962634,0.0,0.0,0.0,-1.08011022,3.16682126,2.52482321,0.03111978,-8.57639706,8.13922753,5.04327079,0.01322805,3.71662871,-1.31853179,77.35903665,-47.32679409,46.09691418,105.58751405,2.06245699,7.88496468,20.31908161
1760625286.898,1.94005756,-0.11897479,2.76656942,-0.03766004,0.97046078,-0.01679093,80.0,-7.0,0.0,80.0,1.3962634,0.0,0.0,0.0,80.0,-7.0,0.0,80.0,1.3962634,0.0,0.0,0.0,-1.47091729,2.87066235,1.92726138,0.31416293,-8.30470005,8.59369524,4.91334678,0.13632731,3.91764259,-1.31303681,81.28583211,-46.82041609,49.24396669,109.88307201,0.0,7.45770376,20.46891367
1760625286.931,1.93314033,-0.1215911,2.73015884,-0.03652813,0.96818622,-0.01809022,80.0,-7.0,0.0,80.0,1.3962634,0.0,0.0,0.0,80.0,-7.0,0.0,80.0,1.3962634,0.0,0.0,0.0,-1.70049553,2.3110964,1.65370518,0.43548023,-7.7524753,8.80422455,4.17155126,0.20795996,4.60185633,-1.10543065,83.83287081,-45.59402726,51.73663079,113.19340842,0.0,7.40219511,20.6327393
1760625286.965,1.84402817,-0.09673335,2.7385888,-0.03191779,0.96545472,-0.01543189,80.0,-7.0,0.0,80.0,1.3962634,0.0,0.0,0.0,80.0,-7.0,0.0,80.0,1.3962634,0.0,0.0,0.0,-1.93018494,2.12915772,1.28721988,0.59574202,-7.54068073,9.06298404,3.44119397,0.27769581,5.20882127,-0.89760259,86.55032729,-44.14357769,53.82061907,116.93314033,0.0,7.53129511,20.20551093
1760625286.998,1.8129765,-0.08423764,2.75293708,-0.02988136,0.96421289,-0.01287897,80.0,-7.0,0.0,80.0,1.3962634,0.0,0.0,0.0,80.0,-7.0,0.0,80.0,1.3962634,0.0,0.0,0.0,-2.09643771,2.08100856,1.15269175,0.68940115,-7.44867617,9.12726028,2.76187231,0.30901713,5.82749861,-0.73159715,88.18959294,-43.05819483,54.86590889,119.0235805,0.0,7.5439747,19.67155617
1760625287.032,1.77205459,-0.07068756,2.75222427,-0.02884786,0.96264537,-0.01272453,80.0,-7.0,0.0,80.0,1.3962634,0.0,0.0,0.0,80.0,-7.0,0.0,80.0,1.3962634,0.0,0.0,0.0,-2.01719599,1.87520045,1.24436321,0.51475031,-7.20969211,8.95587799,2.6964952,0.35915905,5.87241228,-0.68440717,89.75723007,-41.9990165,55.93713085,121.27128843,0.0,7.42473522,18.9107922
1760625287.065,1.75340228,-0.0728096,2.74593253,-0.02731802,0.96207228,-0.01264214,80.0,-7.0,0.0,80.0,1.3962634,0.0,0.0,0.0,80.0,-7.0,0.0,80.0,1.3962634,0.0,0.0,0.0,-1.63064118,2.09019689,1.29714596,0.08143045,-7.35913112,8.84226023,2.40413364,0.40345234,6.18481157,-0.63371033,90.00000018,-41.61214397,55.80436696,122.55934547,0.0,7.32996601,18.49490437
1760625287.132,1.70313167,-0.10140018,2.80471065,-0.02491689,0.96301464,-0.01420982,80.0,-7.0,0.0,80.0,1.3962634,0.0,0.0,0.0,80.0,-7.0,0.0,80.0,1.3962634,0.0,0.0,0.0,-0.91900215,2.8736656,1.16917387,-0.60796183,-7.96666372,8.82322231,1.6860658,0.3755445,6.98147308,-0.52427557,90.00000018,-42.03123234,54.33421233,124.71893459,0.0,6.91074569,17.94433882
1760625287.166,1.67083252,-0.0974877,2.82706342,-0.02404227,0.96240226,-0.01478073,80.0,-7.0,0.0,80.0,1.3962634,0.0,0.0,0.0,80.0,-7.0,0.0,80.0,1.3962634,0.0,0.0,0.0,-0.92929006,2.99738798,1.15528076,-0.57783337,-8.03401136,8.86393867,1.24103256,0.39479203,7.46314839,-0.44945368,90.00000018,-42.2578033,53.88797502,125.084168,0.0,6.3959327,17.68917141
1760625287.199,1.66006743,-0.0991545,2.85040845,-0.02392401,0.96217181,-0.01517975,80.0,-7.0,0.0,80.0,1.3962634,0.0,0.0,0.0,80.0,-7.0,0.0,80.0,1.3962634,0.0,0.0,0.0,-0.98405052,3.11224881,1.22647283,-0.53142835,-8.06359467,8.90961089,1.1319944,0.37378078,7.59425134,-0.44485719,90.00000018,-42.5454933,53.52272796,125.16794725,0.0,6.07588033,17.52206847
1760625287.232,1.65966463,-0.06903918,2.88173926,-0.02556515,0.96224321,-0.01488912,80.0,-7.0,0.0,80.0,1.3962634,0.0,0.0,0.0,80.0,-7.0,0.0,80.0,1.3962634,0.0,0.0,0.0,-1.2159951,3.12192454,1.44427214,-0.33406436,-7.99740626,8.95728136,0.40716242,0.28331973,8.30442467,-0.25705217,90.00000018,-42.88267056,53.413212,124.9442777,0.0,6.26832027,17.52298048
1760625287.266,1.67966249,-0.05004288,2.92158245,-0.02809877,0.96252281,-0.01423171,80.0,-7.0,0.0,80.0,1.3962634,0.0,0.0,0.0,80.0,-7.0,0.0,80.0,1.3962634,0.0,0.0,0.0,-1.41798407,3.15904003,1.53332002,-0.12865797,-7.98289708,9.21892623,0.31549324,0.05592067,8.35977491,-0.22903811,90.00000018,-43.36463584,53.48687653,124.28130707,0.0,6.66319429,17.52986238
1760625287.333,1.69958833,0.05278929,2.95716746,-0.03181319,0.96283086,-0.00925702,80.0,-7.0,0.0,80.0,1.3962634,0.0,0.0,0.0,80.0,-7.0,0.0,80.0,1.3962634,0.0,0.0,0.0,-1.8316356,2.94266163,1.7132339,0.50869081,-7.79281168,9.3802859,0.13996549,0.0,8.58038118,-0.30740468,90.00000018,-46.56457038,53.76856837,120.0064902,0.0,6.725578,17.06650046
1760625287.366,1.66006423,0.07089058,2.93429169,-0.03196378,0.96319355,-0.00711835,80.0,-7.0,0.0,80.0,1.3962634,0.0,0.0,0.0,80.0,-7.0,0.0,80.0,1.3962634,0.0,0.0,0.0,-1.83926447,2.92843435,1.91651347,0.6721741,-7.78875554,9.16460252,0.2731049,0.0,8.56247547,-0.40024613,89.29329722,-48.2974114,53.24636574,116.75443122,0.0,5.80456182,16.53181644
1760625287.4,1.67172899,0.10002666,2.9067367,-0.03329694,0.96350359,-0.00545406,80.0,-7.0,0.0,80.0,1.3962634,0.0,0.0,0.0,80.0,-7.0,0.0,80.0,1.3962634,0.0,0.0,0.0,-1.62349156,3.13658801,2.18815931,0.51143712,-7.98729986,8.92168105,1.09685407,0.0,7.85588633,-0.64905312,87.71404022,-50.04837936,51.95031015,112.5301176,0.32463303,4.81253378,15.90935246
1760625287.433,1.67169373,0.13245945,2.87737172,-0.03563532,0.96648054,-0.00358308,80.0,-7.0,0.0,80.0,1.3962634,0.0,0.0,0.0,80.0,-7.0,0.0,80.0,1.3962634,0.0,0.0,0.0,-1.26085127,3.75558231,2.74843195,0.19030039,-8.50564586,8.48343187,2.16333633,0.0,6.81512007,-1.00912,81.4823435,-50.42683412,47.41017623,104.37630546,4.88999917,4.38842146,14.79310179
1760625287.467,1.65897402,0.1515298,2.86747905,-0.03680938,0.96871818,-0.00430834,80.0,-7.0,0.0,80.0,1.3962634,0.0,0.0,0.0,80.0,-7.0,0.0,80.0,1.3962634,0.0,0.0,0.0,-0.99414092,4.02703607,2.84823208,-0.0223378,-8.73448579,8.44867214,2.33042207,0.0,6.57562547,-1.04788295,76.75003263,-50.59707294,43.62791614,97.57963763,7.88133248,3.90738482,13.90543503
1760625287.5,1.65536167,0.17152845,2.865257,-0.03826066,0.97212958,-0.00467104,80.0,-7.0,0.0,80.0,1.3962634,0.0,0.0,0.0,80.0,-7.0,0.0,80.0,1.3962634,0.0,0.0,0.0,-0.78289504,4.47444527,3.18948833,-0.23589908,-9.1065913,8.17848762,2.54289534,0.0,6.27705493,-1.11736402,71.98371353,-49.96916952,39.53853572,90.28257602,10.85899317,3.49191399,13.13977581
1760625287.534,1.62708522,0.20032926,2.90092371,-0.04031956,0.97603393,-0.00203328,80.0,-7.0,0.0,80.0,1.3962634,0.0,0.0,0.0,80.0,-7.0,0.0,80.0,1.3962634,0.0,0.0,0.0,-0.45697928,5.33688105,3.67798713,-0.62262934,-9.84632279,7.55982115,3.85392662,0.19949517,4.91646428,-1.44339493,66.04127925,-47.94189219,34.10753415,79.5757956,15.44359459,3.34912637,12.52904264
1760625287.567,1.60750412,0.21592455,2.93338609,-0.04193604,0.98114039,-0.00198818,80.0,-7.0,0.0,80.0,1.3962634,0.0,0.0,0.0,80.0,-7.0,0.0,80.0,1.3962634,0.0,0.0,0.0,-0.30004337,6.09987184,3.99022476,-0.86553709,-10.51694039,7.10397749,4.36213191,0.42594801,4.38552049,-1.57971611,62.78281207,-46.09953332,30.30710196,71.00645094,19.08901472,3.19926787,12.10099809
1760625287.6,1.57205464,0.20923538,2.99027545,-0.04286037,0.98670231,-0.00390759,80.0,-7.0,0.0,80.0,1.3962634,0.0,0.0,0.0,80.0,-7.0,0.0,80.0,1.3962634,0.0,0.0,0.0,-0.1519412,6.78484216,4.13385793,-1.0546063,-11.1100593,6.91537391,4.41762543,0.52163971,4.27118935,-1.6000014,60.37757523,-44.27287866,26.47055252,62.19572658,23.23574725,3.29242651,11.48975206
1760625287.634,1.58381145,0.17370554,3.04184362,-0.04631165,0.99228671,-0.00618028,80.0,-7.0,0.0,80.0,1.3962634,0.0,0.0,0.0,80.0,-7.0,0.0,80.0,1.3962634,0.0,0.0,0.0,0.2194591,7.45097388,4.68645731,-1.60523599,-11.66457434,6.30859741,4.8088675,0.62053366,3.80328239,-1.63211935,58.02983424,-41.67493127,21.22012487,50.63033387,29.98669402,4.370204,10.36328318
1760625287.667,1.58406273,0.14899277,3.04827518,-0.04777747,0.99318779,-0.00984936,80.0,-7.0,0.0,80.0,1.3962634,0.0,0.0,0.0,80.0,-7.0,0.0,80.0,1.3962634,0.0,0.0,0.0,0.40399948,7.29217233,5.05145922,-1.84627254,-11.51787653,6.03687739,4.56069203,0.65334034,3.99333409,-1.44337005,57.61559224,-40.99623607,17.89915038,42.41433341,35.22970595,5.36124244,9.34822968
1760625287.701,1.51321741,0.14256781,3.10144592,-0.04567542,0.99356075,-0.01079876,80.0,-7.0,0.0,80.0,1.3962634,0.0,0.0,0.0,80.0,-7.0,0.0,80.0,1.3962634,0.0,0.0,0.0,0.58735945,7.2416463,4.98624619,-1.91664926,-11.46478619,6.37626308,3.1224117,0.46351179,5.3338207,-1.03835782,57.74032008,-41.40920404,15.23727554,35.1636138,38.96235914,5.79039986,8.04832896
1760625287.735,1.45222488,0.0977131,3.05544111,-0.05032161,0.9943931,-0.01151126,80.0,-7.0,0.0,80.0,1.3962634,0.0,0.0,0.0,80.0,-7.0,0.0,80.0,1.3962634,0.0,0.0,0.0,1.95003213,7.40926514,5.64790795,-3.30787329,-11.42729532,5.80017164,0.25980965,0.28882788,8.09458749,-0.3712505,57.72995705,-42.40337592,13.21388625,26.33783567,42.71606276,5.61721451,6.22829385
1760625287.768,1.48754956,0.06374893,2.98913651,-0.06234732,0.99521425,-0.01467596,80.0,-7.0,0.0,80.0,1.3962634,0.0,0.0,0.0,80.0,-7.0,0.0,80.0,1.3962634,0.0,0.0,0.0,3.29229073,7.40448093,8.2791362,-4.99570034,-11.17657019,3.02051572,2.1778405,0.3239565,6.16935983,-0.67275513,58.49624247,-42.50171293,13.2624771,20.15738365,45.8746476,5.02940263,5.24028891
1760625287.801,1.49468217,0.05203272,3.01501951,-0.06164975,0.9944863,-0.01593861,80.0,-7.0,0.0,80.0,1.3962634,0.0,0.0,0.0,80.0,-7.0,0.0,80.0,1.3962634,0.0,0.0,0.0,3.05486316,7.35349031,8.69133056,-4.7049342,-11.19061529,2.69968404,2.63947396,0.25629902,5.79446608,-0.79349022,60.47033959,-44.05428244,11.80696003,14.00187191,49.07341605,4.42025973,4.1057309
1760625287.834,1.50460193,0.05139478,3.0173426,-0.05652777,0.99339001,-0.01569402,80.0,-7.0,0.0,80.0,1.3962634,0.0,0.0,0.0,80.0,-7.0,0.0,80.0,1.3962634,0.0,0.0,0.0,2.29055778,7.39612482,8.41802462,-3.83390516,-11.3916691,3.11834735,2.63513597,0.22085957,5.98383,-0.95022004,62.98028107,-47.08337878,9.4027677,7.16599739,52.91261789,3.36568223,2.59531997
1760625287.868,1.49979962,0.0515534,3.0323266,-0.05504991,0.99143368,-0.01570976,80.0,-7.0,0.0,80.0,1.3962634,0.0,0.0,0.0,80.0,-7.0,0.0,80.0,1.3962634,0.0,0.0,0.0,2.10680714,7.36640246,7.9568743,-3.53559914,-11.38771642,3.62176297,0.16086195,0.20003424,8.50600485,-0.5066532,64.08394699,-49.72282605,8.16935995,3.4591562,54.46223215,2.38553581,1.61239866
1760625287.901,1.48035438,0.09055958,3.08213676,-0.05232765,0.98869186,-0.01418355,80.0,-7.0,0.0,80.0,1.3962634,0.0,0.0,0.0,80.0,-7.0,0.0,80.0,1.3962634,0.0,0.0,0.0,1.71529909,7.23510026,7.37247251,-2.99698127,-11.32734675,4.21108803,0.0,0.17594597,8.73840401,-0.52437265,65.06552237,-52.16932472,7.47087726,0.66849285,54.5029591,1.57755966,0.81538744
1760625287.935,1.42831743,0.13315131,3.17699234,-0.04621664,0.9869302,-0.01316057,80.0,-7.0,0.0,80.0,1.3962634,0.0,0.0,0.0,80.0,-7.0,0.0,80.0,1.3962634,0.0,0.0,0.0,0.720616,7.13298518,6.72018222,-1.78719419,-11.26819957,4.95238931,0.0,0.17292323,8.71776722,-0.54162829,64.49594689,-55.27096725,5.68973635,0.0,53.45793415,0.18422142,0.91469419
1760625287.968,1.39672557,0.17450793,3.28053514,-0.04146826,0.98505281,-0.01197034,80.0,-7.0,0.0,80.0,1.3962634,0.0,0.0,0.0,80.0,-7.0,0.0,80.0,1.3962634,0.0,0.0,0.0,-0.58657239,7.03354992,6.86062223,-0.37495632,-11.21526716,5.05851864,0.62535203,0.14773448,8.00031845,-0.6411347,64.54824628,-56.72107876,4.9635047,0.0,52.16848705,-0.47991485,1.43595903
1760625288.002,1.36711438,0.2389425,3.39738294,-0.03914498,0.98398239,-0.01121078,80.0,-7.0,0.0,80.0,1.3962634,0.0,0.0,0.0,80.0,-7.0,0.0,80.0,1.3962634,0.0,0.0,0.0,-1.07676973,6.90070744,6.6270704,0.1702118,-10.96827125,5.44996391,0.49475021,0.17870668,8.1001408,-0.57713883,63.70814333,-58.52784647,4.10773091,0.0,50.40958728,-0.95658644,2.03743457
1760625288.035,1.37689909,0.30013659,3.49815361,-0.03678106,0.98278697,-0.01024498,80.0,-7.0,0.0,80.0,1.3962634,0.0,0.0,0.0,80.0,-7.0,0.0,80.0,1.3962634,0.0,0.0,0.0,-1.56255797,6.83022376,6.3997627,0.70111729,-10.83536825,5.88491857,0.3714893,0.12156831,8.16446856,-0.50890419,63.15761314,-59.7014167,3.09952547,0.0,49.8347537,-1.35327373,2.2548437
1760625288.069,1.39310828,0.33534059,3.57711581,-0.03758407,0.98206321,-0.00990133,80.0,-7.0,0.0,80.0,1.3962634,0.0,0.0,0.0,80.0,-7.0,0.0,80.0,1.3962634,0.0,0.0,0.0,-1.25238102,6.81135223,6.30158653,0.38920867,-10.65848489,6.18388179,0.0,0.0,8.51235285,-0.40848425,62.03757351,-60.68387022,2.29380521,0.0,49.43508612,-1.62571773,2.38554243
1760625288.102,1.44028069,0.40969773,3.64992622,-0.04489752,0.98193879,-0.00922951,80.0,-7.0,0.0,80.0,1.3962634,0.0,0.0,0.0,80.0,-7.0,0.0,80.0,1.3962634,0.0,0.0,0.0,0.62267197,6.80155727,4.72297993,-1.60872799,-10.36031856,7.6219142,0.0,0.05143521,8.88440915,-0.52885178,58.15664031,-62.77586433,-0.14867527,0.0,48.973949,-2.03851498,2.50029378
1760625288.136,1.44037094,0.42991445,3.69060133,-0.04511833,0.98182397,-0.00994533,80.0,-7.0,0.0,80.0,1.3962634,0.0,0.0,0.0,80.0,-7.0,0.0,80.0,1.3962634,0.0,0.0,0.0,0.98548225,6.91465403,4.50774156,-1.92431756,-10.42438816,7.75135142,0.0,0.18203739,8.97305105,-0.5950334,56.88807523,-63.34517409,-1.39000822,0.0,48.68738095,-2.3037099,2.45787982
1760625288.169,1.46969664,0.44336608,3.69110131,-0.04598557,0.9815552,-0.01003064,80.0,-7.0,0.0,80.0,1.3962634,0.0,0.0,0.0,80.0,-7.0,0.0,80.0,1.3962634,0.0,0.0,0.0,0.99683674,7.03060656,4.48173792,-1.91938538,-10.54347647,7.73374292,0.0,0.34987192,9.02590989,-0.65804755,56.20153769,-63.61600183,-2.39752037,0.0,48.30151128,-2.4475387,2.41672656
1760625288.203,1.50937266,0.4824212,3.67481192,-0.04941153,0.98106464,-0.00951938,80.0,-7.0,0.0,80.0,1.3962634,0.0,0.0,0.0,80.0,-7.0,0.0,80.0,1.3962634,0.0,0.0,0.0,1.35657646,7.08485379,4.30729134,-2.27832031,-10.62037761,7.99123457,0.0,0.39103701,9.05002533,-0.73598391,55.15669114,-63.98604638,-3.41360839,0.0,48.2840223,-2.60173553,2.44521394
1760625288.236,1.51801729,0.50222483,3.66077488,-0.05045147,0.98099187,-0.00923017,80.0,-7.0,0.0,80.0,1.3962634,0.0,0.0,0.0,80.0,-7.0,0.0,80.0,1.3962634,0.0,0.0,0.0,1.3386243,7.09225222,4.40745308,-2.23979456,-10.68985156,7.99973491,0.0,0.41469642,8.99276003,-0.76208848,55.2270192,-63.96880622,-3.48307124,0.0,48.42620067,-2.56718492,2.52716422
1760625288.269,1.56682119,0.50312074,3.6546202,-0.05230462,0.98097166,-0.00892401,80.0,-7.0,0.0,80.0,1.3962634,0.0,0.0,0.0,80.0,-7.0,0.0,80.0,1.3962634,0.0,0.0,0.0,1.3954854,7.12633853,4.61679758,-2.34792928,-10.7583908,7.90226328,0.0,0.38900641,8.91318524,-0.78120073,55.46897782,-63.74372857,-2.90167081,0.0,48.41039425,-2.47383733,2.60933418
1760625288.303,1.58085608,0.51180684,3.67227205,-0.05315643,0.98087912,-0.0089904,80.0,-7.0,0.0,80.0,1.3962634,0.0,0.0,0.0,80.0,-7.0,0.0,80.0,1.3962634,0.0,0.0,0.0,1.31416805,7.12445964,4.93635108,-2.28830565,-10.85478041,7.62190241,0.0,0.43681933,8.85580542,-0.82041132,56.64035072,-63.07416616,-1.59272314,0.0,48.40697164,-2.16289871,2.7416438
1760625288.336,1.61426194,0.50128321,3.70214986,-0.05435509,0.9808154,-0.00902941,80.0,-7.0,0.0,80.0,1.3962634,0.0,0.0,0.0,80.0,-7.0,0.0,80.0,1.3962634,0.0,0.0,0.0,1.46725209,7.06584285,5.07957309,-2.49068839,-10.85115629,7.40220842,0.0,0.52403094,8.8693448,-0.83598258,57.85750115,-62.42009792,-1.10270325,0.0,49.41802621,-1.64620145,2.89197625
1760625288.37,1.62995611,0.49558114,3.73636394,-0.05444293,0.98037783,-0.0092916,80.0,-7.0,0.0,80.0,1.3962634,0.0,0.0,0.0,80.0,-7.0,0.0,80.0,1.3962634,0.0,0.0,0.0,1.51459605,6.98211993,5.36383869,-2.53622312,-10.8226124,7.09326023,0.0,0.55438761,8.81786373,-0.83297589,59.71600326,-61.42483408,-1.19457027,0.0,51.62992076,-0.87204106,3.14276783
1760625288.403,1.64933273,0.48543277,3.77140522,-0.0559138,0.98001971,-0.00995835,80.0,-7.0,0.0,80.0,1.3962634,0.0,0.0,0.0,80.0,-7.0,0.0,80.0,1.3962634,0.0,0.0,0.0,1.61799691,6.83579092,5.95097139,-2.66119394,-10.73098533,6.45245741,0.0,0.63153571,8.71843744,-0.79263487,62.65689289,-59.35179856,-1.17440988,0.0,54.80980541,0.61165272,3.49690691
1760625288.437,1.66746569,0.48026895,3.81099233,-0.05680262,0.97982238,-0.01060403,80.0,-7.0,0.0,80.0,1.3962634,0.0,0.0,0.0,80.0,-7.0,0.0,80.0,1.3962634,0.0,0.0,0.0,1.56671226,6.71435278,6.5666083,-2.62743557,-10.66728183,5.78723568,0.0,0.7254432,8.63356623,-0.75046431,65.10857915,-57.1325592,-0.1018981,0.0,56.39259457,1.96989539,3.73408071
1760625288.47,1.70547437,0.47548776,3.83948739,-0.05897712,0.98006889,-0.01141599,80.0,-7.0,0.0,80.0,1.3962634,0.0,0.0,0.0,80.0,-7.0,0.0,80.0,1.3962634,0.0,0.0,0.0,1.74186409,6.58721363,6.96453128,-2.86751639,-10.58603015,5.32936524,0.0,0.81578337,8.60004103,-0.71863536,66.01024661,-54.79409989,1.21641392,1.25774986,56.52667057,3.11036733,4.32722022
1760625288.504,1.74975066,0.46155149,3.88819801,-0.06212036,0.98107766,-0.01325061,80.0,-7.0,0.0,80.0,1.3962634,0.0,0.0,0.0,80.0,-7.0,0.0,80.0,1.3962634,0.0,0.0,0.0,2.17232783,6.46969504,7.60791742,-3.46453267,-10.45542247,4.5710715,0.0,1.18477932,8.5403777,-0.7373495,65.0388465,-50.95073595,2.23430838,5.31431153,54.95814976,3.94425305,5.51643876
1760625288.537,1.7932045,0.44418159,3.93639271,-0.06458659,0.98203638,-0.01508202,80.0,-7.0,0.0,80.0,1.3962634,0.0,0.0,0.0,80.0,-7.0,0.0,80.0,1.3962634,0.0,0.0,0.0,2.45106788,6.33680471,8.26922548,-3.86354582,-10.26981242,4.11210735,0.0,1.26591531,8.3851537,-0.69758503,64.10921082,-47.59177062,3.31942931,9.06599215,53.63929551,4.70852308,6.68589007
1760625288.57,1.8658505,0.43228129,3.98454294,-0.06811422,0.98343088,-0.01714464,80.0,-7.0,0.0,80.0,1.3962634,0.0,0.0,0.0,80.0,-7.0,0.0,80.0,1.3962634,0.0,0.0,0.0,2.39136741,6.17180263,8.9717031,-3.83849425,-10.16658127,3.72857732,0.0,1.09874239,8.16288978,-0.58914726,63.27710012,-44.14457774,5.09496539,13.58622914,51.77506795,5.69050008,8.07701695
1760625288.604,1.97372378,0.44931146,3.97263459,-0.07322445,0.98532868,-0.02099653,80.0,-7.0,0.0,80.0,1.3962634,0.0,0.0,0.0,80.0,-7.0,0.0,80.0,1.3962634,0.0,0.0,0.0,2.61985367,5.87238121,9.66017751,-4.02015918,-10.10014976,3.13536702,0.0,1.00438492,7.99814528,-0.43637753,61.39157678,-40.22771258,8.71512484,21.04589374,48.02552601,6.74107416,10.12419451
1760625288.637,2.03506641,0.45477986,3.92077192,-0.076203,0.98696216,-0.02401287,80.0,-7.0,0.0,80.0,1.3962634,0.0,0.0,0.0,80.0,-7.0,0.0,80.0,1.3962634,0.0,0.0,0.0,2.77326857,5.71127321,9.96007991,-4.13144845,-10.13670499,2.81767211,0.0,1.01969195,8.0709433,-0.44540358,59.99490211,-37.9915615,11.64202974,27.36482814,45.19087984,7.46420098,11.7218517
1760625288.671,2.10073456,0.43757143,3.79966901,-0.08051657,0.98862532,-0.02710478,80.0,-7.0,0.0,80.0,1.3962634,0.0,0.0,0.0,80.0,-7.0,0.0,80.0,1.3962634,0.0,0.0,0.0,2.83157767,5.61335542,10.46209667,-4.20273649,-10.22699731,2.29341808,0.07396497,1.09167547,8.13531814,-0.49583071,59.03924551,-35.89567227,14.67204243,33.88620933,42.60410375,8.18335671,13.35245258
1760625288.704,2.17505184,0.41586209,3.61718954,-0.08410001,0.98938957,-0.03120895,80.0,-7.0,0.0,80.0,1.3962634,0.0,0.0,0.0,80.0,-7.0,0.0,80.0,1.3962634,0.0,0.0,0.0,2.94364168,5.33802074,10.74612984,-4.30671113,-10.21046705,2.08465701,0.33816673,1.05038525,8.06749764,-0.59546159,58.25537292,-34.24816818,19.09582817,43.02752002,38.58849275,8.9518569,15.73262702
1760625288.738,2.27241688,0.40678261,3.47710922,-0.08765247,0.98988264,-0.03115701,80.0,-7.0,0.0,80.0,1.3962634,0.0,0.0,0.0,80.0,-7.0,0.0,80.0,1.3962634,0.0,0.0,0.0,3.24637612,5.16383678,10.31159891,-4.64253768,-10.17211454,2.67186701,0.0,0.85641991,8.49637849,-0.5541045,57.67018697,-34.19350696,22.48414826,50.12293844,35.55936001,9.56540348,17.43057726
1760625288.804,2.23459908,0.44692137,3.20107548,-0.06672737,0.98595544,-0.02391407,80.0,-7.0,0.0,80.0,1.3962634,0.0,0.0,0.0,80.0,-7.0,0.0,80.0,1.3962634,0.0,0.0,0.0,2.28313964,4.75078141,6.14796882,-3.03277667,-10.4855432,7.28743663,0.0,0.21337129,8.62368904,-0.60441593,59.97785624,-37.08579416,30.01268449,64.08091603,31.69582175,11.91304117,19.22258755
1760625288.838,2.21044414,0.43459651,3.08671399,-0.05932714,0.98476521,-0.02162665,80.0,-7.0,0.0,80.0,1.3962634,0.0,0.0,0.0,80.0,-7.0,0.0,80.0,1.3962634,0.0,0.0,0.0,1.95691344,4.65462436,5.30538091,-2.51480603,-10.52998233,8.05849539,0.0,0.08896848,8.59426474,-0.59416837,62.29996132,-37.77971776,34.46517599,69.55103212,30.48956395,13.08171249,19.97864594
1760625288.872,2.16748387,0.43335875,2.97032629,-0.05294746,0.98204837,-0.02067881,80.0,-7.0,0.0,80.0,1.3962634,0.0,0.0,0.0,80.0,-7.0,0.0,80.0,1.3962634,0.0,0.0,0.0,1.48643503,4.17682064,4.55359661,-1.8957787,-10.20537254,8.47469222,0.0,0.123583,8.5992943,-0.56207592,66.4292933,-38.98285144,40.41734542,77.72569245,25.9498632,13.4130853,21.68621868
1760625288.905,2.1314944,0.43182194,2.90182084,-0.04620915,0.97960572,-0.01775512,80.0,-7.0,0.0,80.0,1.3962634,0.0,0.0,0.0,80.0,-7.0,0.0,80.0,1.3962634,0.0,0.0,0.0,0.86288975,4.09427135,3.75967863,-1.19207731,-10.16314169,8.99042301,0.94107823,0.24127163,7.6425458,-0.76564909,70.03481381,-40.00736616,43.70989697,84.15087166,22.16934273,13.14693576,22.73872036
1760625288.938,2.06235187,0.43567373,2.86612871,-0.03859485,0.9764914,-0.01423838,80.0,-7.0,0.0,80.0,1.3962634,0.0,0.0,0.0,80.0,-7.0,0.0,80.0,1.3962634,0.0,0.0,0.0,0.3117336,3.93310879,2.76028015,-0.57773994,-9.9564953,9.78229974,1.74402483,0.29827478,6.78427919,-0.94718283,73.95889159,-41.1273801,46.58383512,90.51447958,18.39006406,12.58648209,22.86474866
1760625288.972,2.0264288,0.43463863,2.80393235,-0.03453715,0.97261133,-0.01408161,80.0,-7.0,0.0,80.0,1.3962634,0.0,0.0,0.0,80.0,-7.0,0.0,80.0,1.3962634,0.0,0.0,0.0,-0.00334297,3.19647715,1.9951396,-0.28140335,-9.18848512,10.38101267,0.69369085,0.22720604,7.58491238,-0.54632869,79.10919356,-42.38516859,50.7662995,98.91619447,13.1355033,11.43693187,22.11367839
1760625289.005,2.01942905,0.43237115,2.77410884,-0.03225383,0.97004791,-0.01379464,80.0,-7.0,0.0,80.0,1.3962634,0.0,0.0,0.0,80.0,-7.0,0.0,80.0,1.3962634,0.0,0.0,0.0,-0.33796032,2.6514101,1.46283235,0.00627281,-8.63093477,10.69475604,0.65457093,0.24867393,7.51017457,-0.4373488,82.22270639,-42.40391548,53.19226793,104.00876481,9.97538305,10.8619931,21.12918145
1760625289.039,2.01190577,0.46411902,2.76048087,-0.03062376,0.96790428,-0.0108069,80.0,-7.0,0.0,80.0,1.3962634,0.0,0.0,0.0,80.0,-7.0,0.0,80.0,1.3962634,0.0,0.0,0.0,-0.54738952,2.38892116,1.2537932,0.11942853,-8.34284764,10.6185889,0.64821079,0.3234564,7.44244857,-0.39860517,84.82029022,-42.05843621,54.5596289,108.58555966,6.93132724,10.26898144,20.27131284
1760625289.072,2.02015268,0.50381372,2.75765398,-0.03095278,0.96522101,-0.00737163,80.0,-7.0,0.0,80.0,1.3962634,0.0,0.0,0.0,80.0,-7.0,0.0,80.0,1.3962634,0.0,0.0,0.0,-0.75418745,2.15230451,1.37897658,0.1667099,-8.06506995,10.11340386,1.57880209,0.39306383,6.48211387,-0.60186513,88.30828852,-41.50051111,55.30863716,113.94919334,2.34514879,9.14408344,19.78600906
1760625289.106,1.98397098,0.51338584,2.75591363,-0.02671635,0.96279359,-0.00703526,80.0,-7.0,0.0,80.0,1.3962634,0.0,0.0,0.0,80.0,-7.0,0.0,80.0,1.3962634,0.0,0.0,0.0,-0.86859985,2.12027979,0.77603904,0.2842426,-7.97203362,10.38564203,1.21397358,0.5066496,6.86661104,-0.55067374,90.00000018,-41.99842045,54.54246623,117.15255966,0.0,8.22625088,20.05216855
1760625289.139,1.94520271,0.52094255,2.75148379,-0.02357911,0.96122039,-0.00721732,80.0,-7.0,0.0,80.0,1.3962634,0.0,0.0,0.0,80.0,-7.0,0.0,80.0,1.3962634,0.0,0.0,0.0,-0.7108286,2.33958836,0.4001419,0.10657696,-8.09394902,10.42592419,1.09858062,0.64116655,7.00666484,-0.57004181,90.00000018,-42.0900655,52.97512278,119.20036021,0.0,7.73775222,20.3596888
1760625289.173,1.8939264,0.53219644,2.75906868,-0.02161999,0.96027324,-0.00848297,80.0,-7.0,0.0,80.0,1.3962634,0.0,0.0,0.0,80.0,-7.0,0.0,80.0,1.3962634,0.0,0.0,0.0,-0.36820462,2.54789844,0.28773243,-0.25293174,-8.19354559,10.10974006,1.02736804,0.79588684,7.07620128,-0.54732677,90.00000018,-42.17152807,51.6102802,121.2191638,0.0,7.30442921,20.19976734
1760625289.206,1.85117452,0.53671951,2.77080914,-0.01995253,0.9601957,-0.00942406,80.0,-7.0,0.0,80.0,1.3962634,0.0,0.0,0.0,80.0,-7.0,0.0,80.0,1.3962634,0.0,0.0,0.0,-0.22316577,2.85245512,0.05978771,-0.39368922,-8.37544961,10.17793481,0.63775277,0.84299417,7.45435983,-0.47560055,90.00000018,-42.30410499,51.01747202,122.04249827,0.0,7.08750492,19.65589384
1760625289.24,1.82238026,0.5541929,2.76604239,-0.01885184,0.95940379,-0.01009403,80.0,-7.0,0.0,80.0,1.3962634,0.0,0.0,0.0,80.0,-7.0,0.0,80.0,1.3962634,0.0,0.0,0.0,-0.03933878,2.98471283,0.08562991,-0.62191743,-8.40422515,10.09813013,0.66140599,0.819238,7.46592711,-0.48339632,90.00000018,-42.36633629,50.68372726,122.82596068,0.0,6.82623703,19.15898974
1760625289.273,1.81586772,0.56604655,2.7737419,-0.01916283,0.95990534,-0.01002099,80.0,-7.0,0.0,80.0,1.3962634,0.0,0.0,0.0,80.0,-7.0,0.0,80.0,1.3962634,0.0,0.0,0.0,-0.08416195,3.08494798,0.24539665,-0.66470289,-8.36486419,9.8731503,0.83239008,0.9099274,7.30623021,-0.52177634,90.00000018,-42.38187429,50.24187989,123.66111245,0.0,6.15405152,19.03109526
1760625289.306,1.80269391,0.59614397,2.77000842,-0.01950012,0.96018521,-0.00935423,80.0,-7.0,0.0,80.0,1.3962634,0.0,0.0,0.0,80.0,-7.0,0.0,80.0,1.3962634,0.0,0.0,0.0,-0.15898307,3.03478029,0.3248333,-0.60990842,-8.24760471,9.90598905,0.86464974,0.81862937,7.27350273,-0.52355625,90.00000018,-42.62045657,49.9310274,124.10530675,0.0,5.84125553,19.2836505
1760625289.34,1.81019976,0.60862391,2.81443841,-0.01956574,0.96056482,-0.00839139,80.0,-7.0,0.0,80.0,1.3962634,0.0,0.0,0.0,80.0,-7.0,0.0,80.0,1.3962634,0.0,0.0,0.0,-0.4290977,3.0742759,0.08522873,-0.35492348,-8.21330938,10.20001815,0.86780103,0.81143783,7.30199251,-0.55880954,90.00000018,-43.10161488,49.71447247,124.20274346,0.0,5.82861576,19.63061271
1760625289.373,1.81196341,0.62978521,2.84584318,-0.02053431,0.96091968,-0.0075508,80.0,-7.0,0.0,80.0,1.3962634,0.0,0.0,0.0,80.0,-7.0,0.0,80.0,1.3962634,0.0,0.0,0.0,-0.63945883,2.96818229,0.20704956,-0.13936431,-8.07210105,10.23627575,0.84417996,0.74273642,7.33471018,-0.57776577,90.00000018,-43.34515451,50.23810829,123.76676085,0.0,6.23562164,19.6999771
1760625289.407,1.79970071,0.67546692,2.88804756,-0.02073241,0.96038757,-0.00700884,80.0,-7.0,0.0,80.0,1.3962634,0.0,0.0,0.0,80.0,-7.0,0.0,80.0,1.3962634,0.0,0.0,0.0,-0.73504396,3.07067785,0.15852028,0.02531774,-8.17696741,10.51031776,0.79341608,0.5485649,7.40006941,-0.61244301,90.00000018,-43.92483095,50.50349575,122.78552209,0.0,6.71641833,19.54625578
1760625289.44,1.78419144,0.71350443,2.90711502,-0.02000709,0.95964425,-0.00522405,80.0,-7.0,0.0,80.0,1.3962634,0.0,0.0,0.0,80.0,-7.0,0.0,80.0,1.3962634,0.0,0.0,0.0,-0.70010652,3.02911062,0.25046277,0.06982085,-8.16212792,10.59423784,0.39834382,0.41763083,7.83521602,-0.58213267,90.00000018,-44.89138082,50.86287202,121.2359151,0.0,6.73408037,19.1944411
1760625289.474,1.77034717,0.78027566,2.94256173,-0.02112956,0.95904375,-0.00193024,80.0,-7.0,0.0,80.0,1.3962634,0.0,0.0,0.0,80.0,-7.0,0.0,80.0,1.3962634,0.0,0.0,0.0,-0.92029836,2.78135439,0.47241187,0.40667699,-7.97919767,10.59378136,0.28105218,0.25674556,8.04360065,-0.62866676,90.00000018,-46.63079213,51.24762303,118.06576862,0.0,6.12335067,18.40237281
1760625289.507,1.75072335,0.79747884,2.93786902,-0.02287949,0.96000202,-3.544e-05,80.0,-7.0,0.0,80.0,1.3962634,0.0,0.0,0.0,80.0,-7.0,0.0,80.0,1.3962634,0.0,0.0,0.0,-0.9625964,2.76326095,0.85679697,0.51842882,-7.96467037,10.32512218,0.0,0.19458426,8.38608338,-0.64118316,87.73113162,-47.10010268,50.27993991,113.9039926,2.61754788,5.88824182,17.8620463
1760625289.541,1.78200595,0.80961461,2.92696565,-0.02603334,0.96144614,0.00043703,80.0,-7.0,0.0,80.0,1.3962634,0.0,0.0,0.0,80.0,-7.0,0.0,80.0,1.3962634,0.0,0.0,0.0,-0.72724668,3.14193417,1.37425108,0.25790946,-8.32540507,9.86664212,0.17851172,0.28558497,8.28555183,-0.75366605,84.20330398,-47.23554274,48.19487996,108.81564199,5.77616631,5.63189881,17.27732355
1760625289.574,1.81477416,0.82148697,2.92393647,-0.03004267,0.96532336,0.00158461,80.0,-7.0,0.0,80.0,1.3962634,0.0,0.0,0.0,80.0,-7.0,0.0,80.0,1.3962634,0.0,0.0,0.0,-0.43915889,3.85227672,2.13057407,-0.10400027,-8.96221617,9.36409326,1.13994205,0.26149414,7.33819922,-1.00523809,78.89911623,-46.74712994,44.68034925,100.84253636,10.14403779,5.71372716,16.37557199
1760625289.607,1.81944578,0.84186147,2.92820571,-0.03239089,0.96857154,0.00209415,80.0,-7.0,0.0,80.0,1.3962634,0.0,0.0,0.0,80.0,-7.0,0.0,80.0,1.3962634,0.0,0.0,0.0,-0.04392008,4.32467993,2.50933603,-0.56360205,-9.36268194,9.18582253,1.10594109,0.21721751,7.33734829,-1.02444373,74.69081187,-46.15583254,41.65945281,94.05196133,13.68995606,6.21464616,16.05735894
1760625289.641,1.81960319,0.85148976,2.97313869,-0.03441367,0.97149209,0.00169548,80.0,-7.0,0.0,80.0,1.3962634,0.0,0.0,0.0,80.0,-7.0,0.0,80.0,1.3962634,0.0,0.0,0.0,0.24006045,4.65284276,2.85751594,-0.88191997,-9.64716809,9.04511827,1.15382058,0.13617693,7.23138612,-1.0098897,70.65872531,-45.21177618,38.28415307,86.43175242,17.97768827,7.176023,16.00144274
1760625289.674,1.84124415,0.86454744,3.01479839,-0.0385793,0.9767282,0.00078178,80.0,-7.0,0.0,80.0,1.3962634,0.0,0.0,0.0,80.0,-7.0,0.0,80.0,1.3962634,0.0,0.0,0.0,0.55632989,5.36372624,3.34268824,-1.30798913,-10.30292227,8.62548353,1.65692788,0.18967876,6.73577065,-1.12899352,65.82076021,-43.1851527,33.63539952,75.35832301,23.32747314,8.81627654,16.33713961
1760625289.708,1.84117761,0.87928493,3.07003432,-0.04085786,0.98120786,0.0006806,80.0,-7.0,0.0,80.0,1.3962634,0.0,0.0,0.0,80.0,-7.0,0.0,80.0,1.3962634,0.0,0.0,0.0,0.69963213,6.00327086,3.6247516,-1.52541484,-10.91663645,8.22884769,2.23418489,0.36851496,6.17517585,-1.29387209,63.0309864,-41.04514929,30.02934255,65.86070145,28.64383087,10.50611389,17.03019095
1760625289.741,1.81213564,0.88432142,3.10293523,-0.0441761,0.9866327,-0.00018813,80.0,-7.0,0.0,80.0,1.3962634,0.0,0.0,0.0,80.0,-7.0,0.0,80.0,1.3962634,0.0,0.0,0.0,0.96623399,6.69782106,4.03678079,-1.88653654,-11.55392799,7.80636774,2.36941682,0.45595811,6.02739908,-1.35273837,61.08063028,-38.83850525,26.61189261,55.95997252,34.61461216,12.02690511,17.13742893
1760625289.775,1.8106893,0.844434,3.09068439,-0.0521132,0.99268534,-0.00172637,80.0,-7.0,0.0,80.0,1.3962634,0.0,0.0,0.0,80.0,-7.0,0.0,80.0,1.3962634,0.0,0.0,0.0,1.72658703,7.41146144,5.1560477,-2.9283879,-12.10029392,6.80455262,1.06940652,0.36032733,7.25218145,-1.07756323,59.39208271,-36.51712771,23.01084357,43.63817623,41.98055391,12.99941886,15.74592678
1760625289.808,1.82798331,0.83554801,3.05940867,-0.0573573,0.99360982,-0.0036365,80.0,-7.0,0.0,80.0,1.3962634,0.0,0.0,0.0,80.0,-7.0,0.0,80.0,1.3962634,0.0,0.0,0.0,2.03308981,7.20359302,5.41423609,-3.30757409,-11.92236877,6.63362498,0.0,0.3893921,8.30938879,-0.75312063,59.24962747,-36.40326705,20.57487792,34.99686668,47.15397419,12.84504121,13.97374426
1760625289.842,1.82657813,0.81383003,3.04488015,-0.05850942,0.99392167,-0.00352328,80.0,-7.0,0.0,80.0,1.3962634,0.0,0.0,0.0,80.0,-7.0,0.0,80.0,1.3962634,0.0,0.0,0.0,2.22228982,7.13348469,4.6568803,-3.33308987,-11.9395224,7.54770557,0.0,0.25388709,8.36779104,-0.70161395,60.00623728,-37.73140438,16.46297073,24.26283241,53.80641111,12.12461123,11.39740912
1760625289.875,1.83002471,0.78710933,3.0364476,-0.05959808,0.99349059,-0.00497578,80.0,-7.0,0.0,80.0,1.3962634,0.0,0.0,0.0,80.0,-7.0,0.0,80.0,1.3962634,0.0,0.0,0.0,2.63383532,6.99774379,4.310436,-3.61757664,-11.87486556,7.87401712,0.0,0.12387662,8.41563634,-0.66766123,60.68052501,-39.47364049,13.92762098,17.50094433,57.71440746,11.02222037,9.7530156
1760625289.909,1.83922191,0.72624529,2.99493402,-0.06896751,0.99308435,-0.00938296,80.0,-7.0,0.0,80.0,1.3962634,0.0,0.0,0.0,80.0,-7.0,0.0,80.0,1.3962634,0.0,0.0,0.0,3.75379136,6.90035512,6.16282428,-4.9774259,-11.65124527,5.77802599,0.0,0.11025802,8.45251929,-0.60712698,60.98743549,-40.32247142,13.18263984,12.27340519,60.24022856,9.43495876,8.76135292
1760625289.942,1.8408256,0.6750104,2.9641921,-0.07720397,0.99169811,-0.01143307,80.0,-7.0,0.0,80.0,1.3962634,0.0,0.0,0.0,80.0,-7.0,0.0,80.0,1.3962634,0.0,0.0,0.0,4.64909358,6.82501627,7.85201034,-6.05775485,-11.41977549,3.73504357,0.0,0.24386831,8.52973221,-0.63286516,61.70702588,-42.26684007,13.04001038,6.63032989,61.77972364,7.23521943,7.57776823
1760625289.975,1.78074046,0.64751419,2.98227652,-0.0740269,0.98962095,-0.01284661,80.0,-7.0,0.0,80.0,1.3962634,0.0,0.0,0.0,80.0,-7.0,0.0,80.0,1.3962634,0.0,0.0,0.0,4.75784657,6.70686372,7.58239045,-6.09749595,-11.32946171,3.8046315,0.0,0.3696114,8.63934598,-0.70630523,62.63604674,-44.88557958,13.04638566,3.0405689,61.78436286,5.85143175,6.63668669
1760625290.009,1.67968269,0.61663702,3.00467618,-0.06307262,0.98614371,-0.01339296,80.0,-7.0,0.0,80.0,1.3962634,0.0,0.0,0.0,80.0,-7.0,0.0,80.0,1.3962634,0.0,0.0,0.0,4.00922096,6.39122881,6.79308525,-5.09578558,-11.17907834,4.67626771,0.0,0.33025007,8.66076984,-0.70124376,64.1325531,-47.51525844,12.35474946,0.0505533,61.24427682,4.79557051,5.56299832
1760625290.042,1.60915266,0.58455957,3.02819573,-0.05604468,0.98425961,-0.01192656,80.0,-7.0,0.0,80.0,1.3962634,0.0,0.0,0.0,80.0,-7.0,0.0,80.0,1.3962634,0.0,0.0,0.0,3.34910185,6.23875795,6.21749974,-4.34091366,-11.05512985,5.27125653,0.0,0.37229448,8.61064238,-0.66638136,62.74101971,-51.14965465,8.664213,0.0,61.12891886,2.92000814,5.58545482
1760625290.076,1.58038837,0.56357007,3.06211418,-0.05225535,0.98323161,-0.0112334,80.0,-7.0,0.0,80.0,1.3962634,0.0,0.0,0.0,80.0,-7.0,0.0,80.0,1.3962634,0.0,0.0,0.0,2.87771472,6.17715412,5.79527216,-3.85026696,-10.94717093,5.76996776,0.0,0.39574269,8.54766508,-0.64351238,61.55576684,-53.45443514,6.08894183,0.0,60.50342231,1.98789266,5.68399485
1760625290.109,1.56156161,0.54046291,3.11023438,-0.04956273,0.98259731,-0.0101163,80.0,-7.0,0.0,80.0,1.3962634,0.0,0.0,0.0,80.0,-7.0,0.0,80.0,1.3962634,0.0,0.0,0.0,2.31686601,6.25634856,5.95569086,-3.31193636,-10.93447911,5.71011279,0.0,0.39497192,8.39389229,-0.57978275,60.62919682,-54.93249093,4.04981029,0.0,59.47214044,1.13568615,5.73894891
1760625290.143,1.53767382,0.51889576,3.1911617,-0.04807948,0.98223273,-0.00985424,80.0,-7.0,0.0,80.0,1.3962634,0.0,0.0,0.0,80.0,-7.0,0.0,80.0,1.3962634,0.0,0.0,0.0,2.15794186,6.27242343,5.5604352,-3.25043257,-10.82339471,6.06779891,0.0,0.5431502,8.45000771,-0.54808435,58.91588257,-57.15638439,1.44587304,0.0,57.85695315,-0.0968966,5.36251203
1760625290.176,1.53952072,0.49819036,3.24649032,-0.04693232,0.9820944,-0.00933788,80.0,-7.0,0.0,80.0,1.3962634,0.0,0.0,0.0,80.0,-7.0,0.0,80.0,1.3962634,0.0,0.0,0.0,1.87961377,6.37720357,5.6487989,-3.29108549,-10.79557142,5.88578658,0.0,1.03687495,8.74806004,-0.69183577,58.03743148,-58.15698351,-0.52540499,0.0,56.81280728,-1.21114135,4.76170358
1760625290.209,1.54587374,0.47497227,3.27953712,-0.04658509,0.98174662,-0.00968016,80.0,-7.0,0.0,80.0,1.3962634,0.0,0.0,0.0,80.0,-7.0,0.0,80.0,1.3962634,0.0,0.0,0.0,1.72490124,6.45239444,5.57268447,-3.50443189,-10.67432804,5.80713339,0.0,1.67995614,9.10207566,-0.94413234,56.61716996,-59.23880277,-2.65028875,0.0,55.91825515,-2.074767,4.2116449
1760625290.243,1.56470414,0.45182132,3.28300483,-0.04702955,0.98206161,-0.00916857,80.0,-7.0,0.0,80.0,1.3962634,0.0,0.0,0.0,80.0,-7.0,0.0,80.0,1.3962634,0.0,0.0,0.0,1.44358618,6.60367334,5.56070656,-3.60464321,-10.71280206,5.75380679,0.0,2.1947983,9.23195262,-1.00929492,54.48237497,-60.5305667,-7.36316362,0.0,56.44599355,-2.7568832,4.11215944
1760625290.277,1.57165806,0.43760441,3.29792829,-0.0464116,0.98165506,-0.00889445,80.0,-7.0,0.0,80.0,1.3962634,0.0,0.0,0.0,80.0,-7.0,0.0,80.0,1.3962634,0.0,0.0,0.0,1.02857697,6.63572856,5.71230464,-3.35254756,-10.74286254,5.59886077,0.0,2.26976847,9.04869236,-0.92461984,53.71548185,-61.19657411,-10.39100986,0.0,57.2119825,-3.15602805,4.20455502
1760625290.31,1.58098639,0.42633582,3.31536961,-0.04681366,0.98126437,-0.00857917,80.0,-7.0,0.0,80.0,1.3962634,0.0,0.0,0.0,80.0,-7.0,0.0,80.0,1.3962634,0.0,0.0,0.0,1.02409236,6.68812515,5.68745752,-3.55859092,-10.8038244,5.543402,0.0,2.39837791,8.92470312,-0.87447759,52.63010759,-61.75937833,-11.9153192,0.0,56.56116821,-3.24697488,4.15557001
1760625290.343,1.56382269,0.41889588,3.39034891,-0.04599834,0.98086389,-0.00836174,80.0,-7.0,0.0,80.0,1.3962634,0.0,0.0,0.0,80.0,-7.0,0.0,80.0,1.3962634,0.0,0.0,0.0,0.88596857,6.70250047,5.64304807,-3.66913907,-10.86344809,5.3085197,0.0,2.73283561,8.86012798,-0.88274156,51.77260944,-62.31829237,-12.03704322,0.0,55.02236865,-3.12553914,4.23765768
1760625290.377,1.57503899,0.42205764,3.44581903,-0.04588184,0.98059425,-0.00854242,80.0,-7.0,0.0,80.0,1.3962634,0.0,0.0,0.0,80.0,-7.0,0.0,80.0,1.3962634,0.0,0.0,0.0,0.81804406,6.73153938,5.75922471,-3.80750159,-10.95324738,4.89980906,0.0,3.03313848,8.78607906,-0.86572005,51.53747591,-62.5308666,-11.97761343,0.0,54.30819052,-2.93445557,4.39794704
1760625290.41,1.56397281,0.40456095,3.47614354,-0.04547618,0.98017685,-0.00852508,80.0,-7.0,0.0,80.0,1.3962634,0.0,0.0,0.0,80.0,-7.0,0.0,80.0,1.3962634,0.0,0.0,0.0,0.71833101,6.76587008,5.85599377,-3.7953479,-11.0440069,4.69769034,0.0,3.13749548,8.64457388,-0.83049552,51.59214002,-62.65510723,-12.45122728,0.0,54.28761217,-2.87011848,4.47879805
1760625290.444,1.54649829,0.42324025,3.55734491,-0.04647467,0.97998066,-0.00835727,80.0,-7.0,0.0,80.0,1.3962634,0.0,0.0,0.0,80.0,-7.0,0.0,80.0,1.3962634,0.0,0.0,0.0,0.85315165,6.70201294,5.70770586,-3.94542435,-11.09442747,4.82874598,0.0,3.0756149,8.49811603,-0.77430477,51.50179584,-63.02043141,-13.71516892,0.0,55.36628923,-3.00352039,4.32159894
1760625290.477,1.56267362,0.4649591,3.562383,-0.04940987,0.97967905,-0.00720556,80.0,-7.0,0.0,80.0,1.3962634,0.0,0.0,0.0,80.0,-7.0,0.0,80.0,1.3962634,0.0,0.0,0.0,1.28888476,6.64034827,5.77738426,-4.44639634,-11.09357241,4.75153012,0.0,3.02808563,8.50676401,-0.77722895,51.58948077,-63.11881648,-13.94317257,0.0,56.31828514,-2.9628686,4.30864117
1760625290.511,1.5624969,0.45869192,3.59518362,-0.05061895,0.97942958,-0.00698138,80.0,-7.0,0.0,80.0,1.3962634,0.0,0.0,0.0,80.0,-7.0,0.0,80.0,1.3962634,0.0,0.0,0.0,1.40686195,6.7137246,5.65440859,-4.54848945,-11.23749887,4.84525754,0.0,3.0597878,8.5862785,-0.82203822,51.94866694,-63.06986911,-14.02390392,0.0,56.95656323,-2.75558376,4.30787281
1760625290.544,1.55599452,0.46419162,3.57877122,-0.05136316,0.97878765,-0.00751434,80.0,-7.0,0.0,80.0,1.3962634,0.0,0.0,0.0,80.0,-7.0,0.0,80.0,1.3962634,0.0,0.0,0.0,1.45293466,6.68663045,5.89615922,-4.57576294,-11.24501412,4.67977757,0.0,3.03723519,8.72225974,-0.89815303,53.86474145,-62.43116845,-12.8801271,0.0,58.22330373,-2.44450462,4.36862908
1760625290.578,1.5697079,0.45865216,3.56774178,-0.05431606,0.97831455,-0.00766254,80.0,-7.0,0.0,80.0,1.3962634,0.0,0.0,0.0,80.0,-7.0,0.0,80.0,1.3962634,0.0,0.0,0.0,1.84530871,6.65035563,6.15530082,-4.96813235,-11.15356628,4.55850306,0.0,2.98249494,8.790254,-0.91578012,55.9496792,-61.38912216,-11.12425519,0.0,58.93905359,-2.0472741,4.57576772
1760625290.611,1.59075401,0.45271474,3.56146222,-0.05585497,0.97777415,-0.00818246,80.0,-7.0,0.0,80.0,1.3962634,0.0,0.0,0.0,80.0,-7.0,0.0,80.0,1.3962634,0.0,0.0,0.0,2.00370271,6.57297735,6.55031667,-5.07310139,-11.03794395,4.40387967,0.0,2.77896542,8.77257149,-0.87672163,59.09397178,-59.61898697,-9.41372142,0.0,59.81370266,-0.83775211,4.94760442
1760625290.644,1.63102569,0.44695761,3.57606108,-0.05920638,0.97745809,-0.00883698,80.0,-7.0,0.0,80.0,1.3962634,0.0,0.0,0.0,80.0,-7.0,0.0,80.0,1.3962634,0.0,0.0,0.0,2.32538816,6.37340523,7.28034593,-5.37531749,-10.74836171,3.87556784,0.0,2.64296008,8.77044296,-0.8236908,62.63586507,-56.37139177,-7.50215161,1.16240924,61.05131082,1.97598505,5.91254588
1760625290.678,1.63995232,0.44392346,3.59602407,-0.06203466,0.97836592,-0.01003978,80.0,-7.0,0.0,80.0,1.3962634,0.0,0.0,0.0,80.0,-7.0,0.0,80.0,1.3962634,0.0,0.0,0.0,2.56290195,6.29007878,7.8580213,-5.61214641,-10.5929443,3.48866222,0.0,2.60174989,8.76271385,-0.78446386,61.83478998,-53.43174066,-5.99403269,5.53709006,58.91190842,3.64272847,7.67070521
1760625290.711,1.65208568,0.44311295,3.63349876,-0.06382898,0.97953825,-0.0109933,80.0,-7.0,0.0,80.0,1.3962634,0.0,0.0,0.0,80.0,-7.0,0.0,80.0,1.3962634,0.0,0.0,0.0,2.51931513,6.15200843,8.57793462,-5.5391523,-10.42894873,3.10589169,0.0,2.44439019,8.70579796,-0.74083693,61.31345357,-50.27377241,-1.98924111,10.38848646,54.41272028,4.90298584,9.2300208
1760625290.745,1.68721573,0.44113122,3.69040047,-0.06655679,0.98068028,-0.01375239,80.0,-7.0,0.0,80.0,1.3962634,0.0,0.0,0.0,80.0,-7.0,0.0,80.0,1.3962634,0.0,0.0,0.0,2.59410368,5.87180327,9.23249192,-5.53535067,-10.18634896,2.8351017,0.0,2.292626,8.67281411,-0.71270978,60.48083298,-46.78108146,3.89967379,17.40292885,48.50340805,6.00197478,11.22959177
1760625290.778,1.75260999,0.44541904,3.68553364,-0.07052113,0.98179825,-0.01559383,80.0,-7.0,0.0,80.0,1.3962634,0.0,0.0,0.0,80.0,-7.0,0.0,80.0,1.3962634,0.0,0.0,0.0,2.73402009,5.62531276,9.65646309,-5.62506793,-10.01616262,2.68389188,0.0,2.22209985,8.66038213,-0.69148756,59.98235743,-44.52040668,7.6205504,22.78730181,45.23509649,6.61543942,12.69767733
1760625290.812,1.81896261,0.43907756,3.60367986,-0.07418405,0.98279896,-0.01918297,80.0,-7.0,0.0,80.0,1.3962634,0.0,0.0,0.0,80.0,-7.0,0.0,80.0,1.3962634,0.0,0.0,0.0,2.87230644,5.34727797,10.18267082,-5.63854287,-9.89869352,2.64763706,0.0,1.97433799,8.66771659,-0.69437553,59.54888874,-41.56184121,10.93037155,29.7996666,42.86185505,7.65297096,14.64684983
1760625290.845,1.87421827,0.41565466,3.49753978,-0.07628857,0.98437013,-0.02208581,80.0,-7.0,0.0,80.0,1.3962634,0.0,0.0,0.0,80.0,-7.0,0.0,80.0,1.3962634,0.0,0.0,0.0,2.92966617,5.24631424,10.67450797,-5.60006659,-9.94516146,2.48402521,0.0,1.80665473,8.65729433,-0.69600356,59.42334185,-39.2867517,12.8218535,34.93022215,41.93434055,8.63659781,16.22330132
1760625290.878,1.95505485,0.38969497,3.39012692,-0.07908393,0.98627757,-0.02529114,80.0,-7.0,0.0,80.0,1.3962634,0.0,0.0,0.0,80.0,-7.0,0.0,80.0,1.3962634,0.0,0.0,0.0,2.78188903,5.18341586,11.29206465,-5.38617017,-10.0893739,2.14067679,1.786774,1.64400406,6.87802204,-1.02635278,59.57159258,-37.26388143,15.43331493,40.43668472,40.03573165,9.36970227,17.91610296
1760625290.912,2.03080728,0.331247,3.23028667,-0.08376908,0.98691541,-0.02865678,80.0,-7.0,0.0,80.0,1.3962634,0.0,0.0,0.0,80.0,-7.0,0.0,80.0,1.3962634,0.0,0.0,0.0,3.2905322,5.03077948,11.38760682,-5.85050749,-10.01570599,2.2499577,0.38104052,1.50066753,8.41726019,-0.81642938,59.37110612,-36.34068911,20.66127532,48.84059105,35.32755327,9.52391127,19.96313812
1760625290.945,2.06869901,0.3087048,3.12138493,-0.08499746,0.9868297,-0.02914761,80.0,-7.0,0.0,80.0,1.3962634,0.0,0.0,0.0,80.0,-7.0,0.0,80.0,1.3962634,0.0,0.0,0.0,3.72697979,4.85955976,10.81763519,-6.2326155,-9.91587261,2.92331652,0.0,1.31505187,9.01191385,-0.8314419,59.64449134,-36.94195678,25.21615543,55.72373471,31.0620271,9.14664433,21.0236908
1760625290.979,2.03889892,0.32099445,3.04430205,-0.07203305,0.98570868,-0.02656163,80.0,-7.0,0.0,80.0,1.3962634,0.0,0.0,0.0,80.0,-7.0,0.0,80.0,1.3962634,0.0,0.0,0.0,3.07654195,4.68398537,7.96508996,-5.21644932,-10.19835964,5.86682314,0.0,1.14976626,9.29339941,-0.95306825,60.87203471,-38.8847679,28.328418,62.00187555,27.14531362,8.52129128,21.07116896
1760625291.012,1.98394532,0.31585719,2.97782391,-0.0601353,0.98258685,-0.02340038,80.0,-7.0,0.0,80.0,1.3962634,0.0,0.0,0.0,80.0,-7.0,0.0,80.0,1.3962634,0.0,0.0,0.0,2.39947748,4.32099804,5.85998315,-4.15550265,-10.19086381,7.98390935,0.0,0.90697733,9.39597737,-0.9517126,63.52845113,-40.84650714,33.24612364,70.74184599,22.34926488,7.8949059,21.39224057
1760625291.046,1.9653658,0.31691716,2.92553281,-0.05728506,0.97972018,-0.02192152,80.0,-7.0,0.0,80.0,1.3962634,0.0,0.0,0.0,80.0,-7.0,0.0,80.0,1.3962634,0.0,0.0,0.0,2.26826206,4.02405512,5.62799337,-3.93250856,-9.97985436,8.10741972,0.0,0.74368229,9.35989412,-0.91048839,66.12260245,-41.69062992,37.38980897,77.70004683,18.77515817,7.47433102,21.78313098
1760625291.079,1.9272564,0.31824885,2.87956627,-0.04994258,0.97709577,-0.02014783,80.0,-7.0,0.0,80.0,1.3962634,0.0,0.0,0.0,80.0,-7.0,0.0,80.0,1.3962634,0.0,0.0,0.0,1.64945505,3.70172182,4.73961691,-3.11609067,-9.78859535,8.81420418,0.0,0.73704719,9.32016262,-0.88434523,69.49846917,-42.54629373,40.86494262,83.87560563,15.52649142,7.0401289,21.73052355
1760625291.113,1.88375532,0.33576766,2.83264179,-0.04160154,0.97367308,-0.0173485,80.0,-7.0,0.0,80.0,1.3962634,0.0,0.0,0.0,80.0,-7.0,0.0,80.0,1.3962634,0.0,0.0,0.0,0.6570687,3.3830719,4.01309663,-1.99749322,-9.56758473,9.28965679,0.1484288,0.8352342,9.06001608,-0.88127876,75.01412063,-43.33839503,45.14820703,91.94955155,10.54066295,5.94434149,21.45379084
1760625291.146,1.85631832,0.35190662,2.80190483,-0.03657917,0.97189323,-0.01389764,80.0,-7.0,0.0,80.0,1.3962634,0.0,0.0,0.0,80.0,-7.0,0.0,80.0,1.3962634,0.0,0.0,0.0,0.08241561,3.30285748,3.08066062,-1.38389171,-9.49746569,10.08235969,0.63999427,0.83220274,8.52630236,-0.99335449,78.8724064,-43.98805483,47.58941777,97.50926015,6.86347435,5.05560106,20.9760115
1760625291.18,1.82624356,0.34220187,2.78149439,-0.03239531,0.97017914,-0.01304262,80.0,-7.0,0.0,80.0,1.3962634,0.0,0.0,0.0,80.0,-7.0,0.0,80.0,1.3962634,0.0,0.0,0.0,-0.23572275,3.01127503,2.26838967,-1.04606966,-9.22232648,10.64369854,0.53937067,0.90077071,8.55548405,-0.90800116,82.77456738,-44.6568829,49.94387602,102.72090501,3.40551601,4.17707184,20.55268624
1760625291.213,1.8022868,0.34470091,2.77157467,-0.03017013,0.96758706,-0.01289077,80.0,-7.0,0.0,80.0,1.3962634,0.0,0.0,0.0,80.0,-7.0,0.0,80.0,1.3962634,0.0,0.0,0.0,-0.38362147,2.39105245,1.87246043,-0.9134855,-8.62981288,10.68044993,0.45508689,0.91786637,8.49820918,-0.78457875,87.36353931,-44.82813238,52.48871958,108.98573424,0.0,3.1933831,20.34255756
1760625291.247,1.83338109,0.36734197,2.76169839,-0.02825799,0.96669398,-0.01044355,80.0,-7.0,0.0,80.0,1.3962634,0.0,0.0,0.0,80.0,-7.0,0.0,80.0,1.3962634,0.0,0.0,0.0,-0.90825322,2.18823403,1.09523619,-0.41100095,-8.44963989,11.16364824,0.41535877,0.95740735,8.52779053,-0.7790859,88.95147728,-44.36757378,53.09888505,112.0461103,0.0,3.05967705,19.96640097
1760625291.28,1.77509082,0.39233725,2.75693347,-0.02602207,0.96497655,-0.00778606,80.0,-7.0,0.0,80.0,1.3962634,0.0,0.0,0.0,80.0,-7.0,0.0,80.0,1.3962634,0.0,0.0,0.0,-0.72619886,1.97705179,1.18362997,-0.63932006,-8.25227398,10.66539882,0.44432697,1.1342359,8.51834257,-0.81454,89.83409695,-43.32575954,53.67260838,114.96718415,0.0,3.00632735,19.53752201
1760625291.313,1.72419563,0.37697293,2.79453259,-0.02140549,0.96431004,-0.01011808,80.0,-7.0,0.0,80.0,1.3962634,0.0,0.0,0.0,80.0,-7.0,0.0,80.0,1.3962634,0.0,0.0,0.0,-0.13485249,2.28435781,0.84216769,-1.23867151,-8.53486408,10.51667128,0.44087502,1.2694358,8.52275139,-0.81686736,90.00000018,-42.80490927,53.33497511,118.05727024,0.0,3.03008697,19.11507164
1760625291.347,1.73530979,0.37552252,2.79985576,-0.02105881,0.96383348,-0.00946719,80.0,-7.0,0.0,80.0,1.3962634,0.0,0.0,0.0,80.0,-7.0,0.0,80.0,1.3962634,0.0,0.0,0.0,0.28874106,2.60707321,0.93846044,-1.70331868,-8.77223298,10.19491844,0.88262567,1.26534629,8.01524003,-0.93574705,90.00000018,-42.23372523,52.89812157,119.70951263,0.0,3.08835383,18.74322627
1760625291.38,1.74961374,0.36942214,2.81392284,-0.02060198,0.96353679,-0.01103779,80.0,-7.0,0.0,80.0,1.3962634,0.0,0.0,0.0,80.0,-7.0,0.0,80.0,1.3962634,0.0,0.0,0.0,0.54614987,2.88680298,0.84661464,-1.9572137,-9.00831461,10.06014019,1.45212624,1.28016387,7.42418388,-1.05861386,90.00000018,-42.1387494,52.30029017,120.9501414,0.0,2.96170495,18.56198772
1760625291.414,1.76016611,0.36490723,2.83501779,-0.0198776,0.96319593,-0.01185427,80.0,-7.0,0.0,80.0,1.3962634,0.0,0.0,0.0,80.0,-7.0,0.0,80.0,1.3962634,0.0,0.0,0.0,0.63888275,3.17705261,0.56944598,-2.04285589,-9.24838936,9.97242857,1.43243915,1.41921696,7.48843303,-1.09403495,90.00000018,-42.35043363,51.47217655,122.19661817,0.0,2.49015854,18.32526411
1760625291.447,1.73809022,0.39293514,2.86086653,-0.01968337,0.96287203,-0.01254956,80.0,-7.0,0.0,80.0,1.3962634,0.0,0.0,0.0,80.0,-7.0,0.0,80.0,1.3962634,0.0,0.0,0.0,0.76515099,3.23923544,0.51354492,-2.13479315,-9.30679835,9.83557392,1.44167849,1.4772613,7.50258223,-1.10249404,90.00000018,-42.48195212,51.03012222,122.93417465,0.0,2.24783349,18.14110705
1760625291.481,1.73692257,0.39544518,2.89979052,-0.01964779,0.96251418,-0.01285906,80.0,-7.0,0.0,80.0,1.3962634,0.0,0.0,0.0,80.0,-7.0,0.0,80.0,1.3962634,0.0,0.0,0.0,0.79576551,3.30336201,0.57264809,-2.17000834,-9.31598718,9.71500048,1.42685379,1.42029155,7.53270923,-1.11042774,90.00000018,-42.49150839,50.75669734,123.64382857,0.0,2.11815943,17.86445881
1760625291.514,1.72117387,0.39099859,2.9356127,-0.01763214,0.96163274,-0.01246584,80.0,-7.0,0.0,80.0,1.3962634,0.0,0.0,0.0,80.0,-7.0,0.0,80.0,1.3962634,0.0,0.0,0.0,0.73888947,3.43202807,0.61081516,-2.10908719,-9.3584535,9.66608902,1.35176339,1.38607601,7.61276071,-1.10318133,90.00000018,-42.51012546,50.24677729,124.54529889,0.0,2.04694248,17.57839815
1760625291.548,1.68314296,0.40867854,2.95763849,-0.0163514,0.96067854,-0.01220208,80.0,-7.0,0.0,80.0,1.3962634,0.0,0.0,0.0,80.0,-7.0,0.0,80.0,1.3962634,0.0,0.0,0.0,0.71315098,3.46324084,0.78427847,-2.06501745,-9.35190321,9.55892114,0.81503025,1.33108606,8.1223783,-0.98336677,90.00000018,-42.42000111,49.79302191,125.24925292,0.0,1.7487681,17.50253519
1760625291.581,1.67026093,0.4170523,3.00228194,-0.014055,0.96008834,-0.01145529,80.0,-7.0,0.0,80.0,1.3962634,0.0,0.0,0.0,80.0,-7.0,0.0,80.0,1.3962634,0.0,0.0,0.0,0.55871045,3.54186996,0.41680577,-1.85791895,-9.39909585,10.00513313,0.62003593,1.2381548,8.34304919,-0.97216315,90.00000018,-42.75326779,49.25129725,125.71405646,0.0,1.2968141,17.58513909
1760625291.615,1.64469313,0.44307827,3.03858694,-0.01445909,0.95981634,-0.01082116,80.0,-7.0,0.0,80.0,1.3962634,0.0,0.0,0.0,80.0,-7.0,0.0,80.0,1.3962634,0.0,0.0,0.0,0.43928259,3.4486786,0.46045201,-1.6986746,-9.32802844,10.05361221,0.0,1.18156505,8.98516734,-0.85541273,90.00000018,-42.81208954,48.83365934,126.2343766,0.0,0.87117105,17.68276782
1760625291.648,1.63394474,0.43516993,3.06790582,-0.01485299,0.9599314,-0.01017942,80.0,-7.0,0.0,80.0,1.3962634,0.0,0.0,0.0,80.0,-7.0,0.0,80.0,1.3962634,0.0,0.0,0.0,0.38806135,3.37159994,0.49262636,-1.64088371,-9.24656709,10.07856566,0.0,1.19416178,9.027542,-0.90115284,90.00000018,-42.75118921,48.86739711,126.33866508,0.0,0.76461599,17.68421178
1760625291.681,1.63082075,0.45702941,3.06923605,-0.01379602,0.95982867,-0.01051408,80.0,-7.0,0.0,80.0,1.3962634,0.0,0.0,0.0,80.0,-7.0,0.0,80.0,1.3962634,0.0,0.0,0.0,0.24633738,3.3840283,0.33155023,-1.47454885,-9.30687491,10.360769,0.0,1.18862162,9.04245874,-0.91635622,90.00000018,-42.83447793,48.94960166,126.17924367,0.0,0.86486315,17.79608269
1760625291.715,1.61432087,0.45062982,3.11054247,-0.01361366,0.95992997,-0.01036126,80.0,-7.0,0.0,80.0,1.3962634,0.0,0.0,0.0,80.0,-7.0,0.0,80.0,1.3962634,0.0,0.0,0.0,0.10030164,3.41833474,0.19159082,-1.25513193,-9.36408654,10.73109327,0.0,1.00980989,9.02636897,-0.95242323,90.00000018,-43.08949394,49.09928732,125.91022834,0.0,1.384666,17.84470077
1760625291.748,1.61572317,0.44992534,3.1061836,-0.01412737,0.95987638,-0.00998531,80.0,-7.0,0.0,80.0,1.3962634,0.0,0.0,0.0,80.0,-7.0,0.0,80.0,1.3962634,0.0,0.0,0.0,0.05163189,3.43309813,0.21479101,-1.1680503,-9.40963944,10.83244886,0.0,0.94984916,9.03064138,-0.98915475,90.00000018,-43.5481751,49.03935044,125.60339767,0.0,1.95321585,17.84922266
1760625291.782,1.62977296,0.44940754,3.0893377,-0.01548883,0.95954303,-0.00917895,80.0,-7.0,0.0,80.0,1.3962634,0.0,0.0,0.0,80.0,-7.0,0.0,80.0,1.3962634,0.0,0.0,0.0,0.01812381,3.42992862,0.34274634,-1.09245704,-9.44599497,10.79695668,0.0,0.94594948,9.0631805,-1.02071485,90.00000018,-44.43951582,48.81909409,124.6497789,0.0,2.55492022,17.84822769
1760625291.815,1.64469165,0.44809817,3.06391166,-0.0180637,0.95965327,-0.00771057,80.0,-7.0,0.0,80.0,1.3962634,0.0,0.0,0.0,80.0,-7.0,0.0,80.0,1.3962634,0.0,0.0,0.0,-0.18787071,3.25102766,0.62603949,-0.8931206,-9.27301225,10.68277367,0.0,0.86995555,9.08401144,-1.03373858,90.00000018,-45.10374258,48.89326303,123.35524158,0.0,2.48175884,17.61438495
1760625291.849,1.65035431,0.44210639,3.0588144,-0.02026748,0.95987831,-0.00637266,80.0,-7.0,0.0,80.0,1.3962634,0.0,0.0,0.0,80.0,-7.0,0.0,80.0,1.3962634,0.0,0.0,0.0,-0.41237098,3.08185167,0.89738169,-0.65558325,-9.08541396,10.54469786,0.0,0.80485855,9.07852944,-1.05054125,90.00000018,-46.02369477,48.85579512,121.43057851,0.0,2.22443096,17.09268795
1760625291.882,1.65928904,0.43800947,3.11424995,-0.02329516,0.96044542,-0.00358473,80.0,-7.0,0.0,80.0,1.3962634,0.0,0.0,0.0,80.0,-7.0,0.0,80.0,1.3962634,0.0,0.0,0.0,-0.75417394,2.81180181,1.13068781,-0.28796847,-8.77724013,10.30063545,0.0,0.81501849,9.07259893,-1.06888965,90.00000018,-47.46823178,48.67561664,117.85931843,0.0,1.77244186,16.39217942
1760625291.916,1.66483405,0.44242939,3.12205422,-0.02623836,0.96057386,-0.00111037,80.0,-7.0,0.0,80.0,1.3962634,0.0,0.0,0.0,80.0,-7.0,0.0,80.0,1.3962634,0.0,0.0,0.0,-0.90532508,2.55197959,1.82589257,-0.17771916,-8.47572295,9.60770053,0.20992726,0.8740134,8.84674338,-1.11875121,89.92143314,-48.12701341,48.76420621,114.62416938,0.0,1.33273458,15.98107397
1760625291.949,1.68306924,0.4298871,3.12911949,-0.02998273,0.96081999,-0.00123372,80.0,-7.0,0.0,80.0,1.3962634,0.0,0.0,0.0,80.0,-7.0,0.0,80.0,1.3962634,0.0,0.0,0.0,-0.72668843,2.64903417,2.09017092,-0.38790049,-8.50551908,9.37139213,0.36043502,0.91706156,8.66528288,-1.15092993,88.19424209,-48.75719362,48.05163462,110.41616662,1.24824145,1.08287698,15.58889011
1760625291.982,1.74046636,0.41735278,3.1585508,-0.03436538,0.96405331,-0.00163584,80.0,-7.0,0.0,80.0,1.3962634,0.0,0.0,0.0,80.0,-7.0,0.0,80.0,1.3962634,0.0,0.0,0.0,-0.39957462,3.15856083,2.72145436,-0.857947,-8.91484519,8.74331021,1.90914237,0.96816307,7.090801,-1.47360927,83.27509197,-47.80865214,45.55978213,103.13230946,5.79797378,1.31752731,14.88679431
1760625292.016,1.76965708,0.40542434,3.18004546,-0.03683312,0.96736934,-0.00247946,80.0,-7.0,0.0,80.0,1.3962634,0.0,0.0,0.0,80.0,-7.0,0.0,80.0,1.3962634,0.0,0.0,0.0,-0.26107244,3.59547171,3.34372469,-1.11478347,-9.27936522,8.10793561,3.07059093,1.07354335,5.90130031,-1.70960511,79.73000265,-46.6557372,43.39136713,97.20782707,9.26873711,1.61477012,14.42906063
1760625292.049,1.77054908,0.39655743,3.20352927,-0.03752209,0.96974198,-0.00444243,80.0,-7.0,0.0,80.0,1.3962634,0.0,0.0,0.0,80.0,-7.0,0.0,80.0,1.3962634,0.0,0.0,0.0,0.01150573,3.87924815,3.79248897,-1.45291747,-9.51650939,7.68883073,3.58027445,1.08897683,5.35610663,-1.79276004,76.20938789,-45.4833569,41.09387611,90.99375842,12.93542122,1.95936655,14.07034135
1760625292.083,1.78185946,0.39861907,3.2282328,-0.04053639,0.97420341,-0.00460458,80.0,-7.0,0.0,80.0,1.3962634,0.0,0.0,0.0,80.0,-7.0,0.0,80.0,1.3962634,0.0,0.0,0.0,0.41874809,4.50133177,4.23360145,-1.97781229,-10.0492452,7.2404659,4.46537586,1.13775601,4.46616271,-2.00161968,71.48974992,-43.4028774,37.41815902,82.43118273,17.23400543,2.41357513,13.64681985
1760625292.15,1.80171548,0.38578574,3.26022974,-0.04461562,0.98180721,-0.00661242,80.0,-7.0,0.0,80.0,1.3962634,0.0,0.0,0.0,80.0,-7.0,0.0,80.0,1.3962634,0.0,0.0,0.0,0.75455932,5.35128606,4.95945194,-2.47699669,-10.86198862,6.48035344,5.79114976,1.17476377,3.13967791,-2.26778974,66.06820275,-39.46656633,31.21791733,68.52572086,24.58044234,3.48699077,12.73084672
1760625292.183,1.80408345,0.40639649,3.24739614,-0.04682568,0.98736888,-0.00658092,80.0,-7.0,0.0,80.0,1.3962634,0.0,0.0,0.0,80.0,-7.0,0.0,80.0,1.3962634,0.0,0.0,0.0,0.79771043,5.92465222,5.16717287,-2.58817009,-11.46097567,6.38221597,5.76625797,1.06467625,3.17752766,-2.27999476,63.7913888,-37.08814585,26.63616253,58.88974404,29.83708174,4.33071755,11.72827494
1760625292.217,1.8446896,0.41463476,3.22628938,-0.04999492,0.99076168,-0.00769981,80.0,-7.0,0.0,80.0,1.3962634,0.0,0.0,0.0,80.0,-7.0,0.0,80.0,1.3962634,0.0,0.0,0.0,0.82792179,6.20425715,5.27103891,-2.68278572,-11.79903801,6.29760479,5.5793159,0.97595396,3.39006826,-2.23938571,62.9400355,-35.78109396,23.45983534,51.57010305,33.92474519,4.87116674,10.75524682
1760625292.25,1.89055948,0.4022656,3.1849841,-0.05437244,0.99178591,-0.01097691,80.0,-7.0,0.0,80.0,1.3962634,0.0,0.0,0.0,80.0,-7.0,0.0,80.0,1.3962634,0.0,0.0,0.0,1.14441421,6.05613408,5.48879002,-3.08699662,-11.69091876,6.02971787,2.68617288,0.96565038,6.27335504,-1.58907974,62.65286935,-35.24517892,20.8739467,44.37810175,38.07290029,5.35542863,9.79806796
1760625292.284,1.86991813,0.40602966,3.16341102,-0.05439284,0.99254335,-0.01096258,80.0,-7.0,0.0,80.0,1.3962634,0.0,0.0,0.0,80.0,-7.0,0.0,80.0,1.3962634,0.0,0.0,0.0,1.26153123,6.13090838,5.52045892,-3.17325139,-11.79613196,6.00718931,2.90653867,0.85137548,6.06378752,-1.64263158,63.23845014,-34.9605659,16.97319321,34.8400208,43.93506466,5.97000145,8.4747751
1760625292.317,1.86729373,0.41459821,3.12034869,-0.05582493,0.99268073,-0.01169093,80.0,-7.0,0.0,80.0,1.3962634,0.0,0.0,0.0,80.0,-7.0,0.0,80.0,1.3962634,0.0,0.0,0.0,1.69131249,6.02182806,5.15435635,-3.59948562,-11.68092189,6.32656022,0.4099361,0.78313912,8.56652703,-1.12443711,63.83477105,-35.98719616,14.45203477,28.14247257,47.95191005,6.02155107,7.30608078
1760625292.35,1.89668146,0.4147545,3.0785567,-0.06069909,0.99356548,-0.01360153,80.0,-7.0,0.0,80.0,1.3962634,0.0,0.0,0.0,80.0,-7.0,0.0,80.0,1.3962634,0.0,0.0,0.0,2.39952655,5.92684876,5.46121599,-4.49704259,-11.52688354,5.86206443,0.0,0.74496853,9.02530194,-1.00095744,64.4701877,-37.20457995,12.6191603,22.15971612,51.38286114,5.70433057,6.1058954
1760625292.384,1.87374161,0.37932731,3.02048907,-0.0721787,0.99373645,-0.01503845,80.0,-7.0,0.0,80.0,1.3962634,0.0,0.0,0.0,80.0,-7.0,0.0,80.0,1.3962634,0.0,0.0,0.0,3.62798204,6.13812129,7.93870549,-6.10755854,-11.3616546,3.09420826,0.0,0.71552262,8.87777237,-0.92694433,65.12779534,-37.72516,10.99162163,15.50857806,55.20679273,5.08707016,5.10574559
1760625292.417,1.8593769,0.3562438,2.99824153,-0.07334591,0.99319474,-0.01557239,80.0,-7.0,0.0,80.0,1.3962634,0.0,0.0,0.0,80.0,-7.0,0.0,80.0,1.3962634,0.0,0.0,0.0,3.87087091,6.17485774,8.09467887,-6.4150569,-11.29316759,2.7194703,0.0,0.7676273,8.89793254,-0.92263987,65.94781826,-39.57024162,9.49771471,11.05806659,57.17323459,4.47997571,4.20527464
1760625292.451,1.83240848,0.32536292,2.9402665,-0.07348209,0.9923581,-0.01605667,80.0,-7.0,0.0,80.0,1.3962634,0.0,0.0,0.0,80.0,-7.0,0.0,80.0,1.3962634,0.0,0.0,0.0,3.91694009,6.23614654,8.30537345,-6.46882726,-11.25498463,2.35937138,0.0,0.7887371,8.86744698,-0.90339301,66.68608458,-41.55436046,8.37079634,7.32460472,58.21031619,3.71647721,3.41012745
1760625292.484,1.76388002,0.28625263,2.88332396,-0.06657036,0.99111344,-0.01649058,80.0,-7.0,0.0,80.0,1.3962634,0.0,0.0,0.0,80.0,-7.0,0.0,80.0,1.3962634,0.0,0.0,0.0,3.06914549,6.19022124,7.66203514,-5.48489598,-11.29647608,2.83932172,0.0,0.85875925,8.89797346,-0.88025961,68.25964776,-44.92196936,6.88215625,2.94404316,59.24579271,2.60760515,2.21663926
1760625292.518,1.72829172,0.26908518,2.84803242,-0.06389722,0.98837776,-0.01568984,80.0,-7.0,0.0,80.0,1.3962634,0.0,0.0,0.0,80.0,-7.0,0.0,80.0,1.3962634,0.0,0.0,0.0,3.00680182,6.00676395,7.44373679,-5.36284968,-11.04501137,2.91785392,0.0,0.91505514,8.90401842,-0.87173645,68.80357617,-47.22524156,6.035278,0.35204946,59.55508056,1.7675171,1.62719992
1760625292.551,1.68171912,0.23831859,2.81961691,-0.05998912,0.98659941,-0.01544393,80.0,-7.0,0.0,80.0,1.3962634,0.0,0.0,0.0,80.0,-7.0,0.0,80.0,1.3962634,0.0,0.0,0.0,2.64331546,5.92357326,6.93313268,-4.92237086,-10.93679196,3.30930612,0.0,1.01742736,8.92810512,-0.90866657,67.92219123,-50.14569639,2.7356662,0.0,60.51709649,0.4468835,1.58396251
1760625292.584,1.62337886,0.19734045,2.84704564,-0.05583952,0.98476895,-0.01407324,80.0,-7.0,0.0,80.0,1.3962634,0.0,0.0,0.0,80.0,-7.0,0.0,80.0,1.3962634,0.0,0.0,0.0,2.27530306,5.96082452,6.24444805,-4.49402864,-10.91169396,3.74031824,0.0,1.22538265,8.92135852,-0.9821339,65.83080743,-54.10454191,-6.539447,0.0,66.95714711,-1.8177458,0.08458553
1760625292.618,1.58191592,0.15705085,2.86918326,-0.05326274,0.98400061,-0.01353155,80.0,-7.0,0.0,80.0,1.3962634,0.0,0.0,0.0,80.0,-7.0,0.0,80.0,1.3962634,0.0,0.0,0.0,1.98109197,6.04174707,5.88052642,-4.13470352,-10.92731107,3.96771263,0.0,1.33189916,8.87947837,-1.00763964,63.52872158,-56.60734097,-16.17159816,0.0,74.27469488,-3.67458494,-1.44362198
1760625292.651,1.54734448,0.11301293,2.9146234,-0.05224589,0.98394406,-0.01345695,80.0,-7.0,0.0,80.0,1.3962634,0.0,0.0,0.0,80.0,-7.0,0.0,80.0,1.3962634,0.0,0.0,0.0,1.86106271,6.16911179,5.57068636,-3.98596272,-10.9766896,4.08022964,0.0,1.45809245,8.85806977,-0.99877657,60.60994848,-58.49960152,-23.91512634,0.0,79.51819336,-4.87396501,-1.52217166
1760625292.685,1.50142771,0.06630426,2.98985994,-0.05100452,0.98430717,-0.01380773,80.0,-7.0,0.0,80.0,1.3962634,0.0,0.0,0.0,80.0,-7.0,0.0,80.0,1.3962634,0.0,0.0,0.0,1.89468598,6.32359845,5.12296501,-4.06336727,-11.00969085,4.39325724,0.0,1.64707995,8.88495737,-1.04720156,56.58520999,-60.02868186,-26.77523784,0.0,77.91826477,-5.32824474,-0.33167265
1760625292.718,1.47695835,0.01986569,3.06527325,-0.04997861,0.98353178,-0.01477963,80.0,-7.0,0.0,80.0,1.3962634,0.0,0.0,0.0,80.0,-7.0,0.0,80.0,1.3962634,0.0,0.0,0.0,1.67945349,6.26515968,4.99148049,-3.86077631,-10.88462175,4.7437288,0.0,1.54334694,8.87267472,-1.04043863,54.52537941,-60.43151593,-25.6323538,0.0,72.69238489,-5.38224513,0.2624832
1760625292.752,1.47786184,-0.03143763,3.13434439,-0.05014595,0.98356224,-0.01496825,80.0,-7.0,0.0,80.0,1.3962634,0.0,0.0,0.0,80.0,-7.0,0.0,80.0,1.3962634,0.0,0.0,0.0,1.51299809,6.29029725,4.97508113,-3.72663521,-10.87282709,5.07243137,0.0,1.37063239,8.84713175,-0.98988287,52.50249068,-60.47735165,-24.38235332,0.0,66.17226055,-5.17989871,0.67257695
1760625292.785,1.49289817,-0.0559033,3.20402137,-0.04888427,0.98330343,-0.01499662,80.0,-7.0,0.0,80.0,1.3962634,0.0,0.0,0.0,80.0,-7.0,0.0,80.0,1.3962634,0.0,0.0,0.0,0.94892584,6.28554023,5.29525268,-3.12436398,-10.92095929,4.94903058,0.0,1.29195143,8.77636006,-0.96960552,51.94772269,-60.20273135,-25.62722985,0.0,64.57052188,-4.84902554,0.87165815
1760625292.819,1.49506205,-0.0789339,3.26987223,-0.04592698,0.98300561,-0.01488124,80.0,-7.0,0.0,80.0,1.3962634,0.0,0.0,0.0,80.0,-7.0,0.0,80.0,1.3962634,0.0,0.0,0.0,0.07599838,6.2615556,5.57410047,-2.18376807,-11.01907195,4.92633835,0.76286976,1.25626031,8.00736107,-1.12275877,51.73880535,-60.1838411,-28.6779924,0.0,65.95084408,-4.57632753,1.05755544
1760625292.852,1.50663415,-0.11081456,3.32356402,-0.04686416,0.98388348,-0.01542234,80.0,-7.0,0.0,80.0,1.3962634,0.0,0.0,0.0,80.0,-7.0,0.0,80.0,1.3962634,0.0,0.0,0.0,0.08282487,6.33715616,5.57257636,-2.17771721,-11.14221382,5.26819866,0.28993025,1.10481381,8.53062529,-1.07248615,50.40100086,-60.34942062,-32.07559649,0.0,67.55939549,-4.4132973,1.07023538
1760625292.886,1.50914046,-0.11695032,3.34274449,-0.04877142,0.98422426,-0.01538438,80.0,-7.0,0.0,80.0,1.3962634,0.0,0.0,0.0,80.0,-7.0,0.0,80.0,1.3962634,0.0,0.0,0.0,0.16254826,6.27224394,5.60776263,-2.21877051,-11.14677617,5.48412638,0.17973948,0.99075407,8.65627806,-1.07537314,49.99343161,-60.28942724,-31.95508689,0.0,66.41490178,-4.29161148,1.14481386
1760625292.919,1.54262366,-0.12554081,3.3435682,-0.05050837,0.98423208,-0.01537622,80.0,-7.0,0.0,80.0,1.3962634,0.0,0.0,0.0,80.0,-7.0,0.0,80.0,1.3962634,0.0,0.0,0.0,0.22540526,6.21899021,5.66139529,-2.26953556,-11.17080803,5.63316718,0.0,0.92678368,8.85077411,-1.07345481,49.85191142,-60.09274345,-30.5643355,0.0,63.97973917,-4.13370236,1.21357163
1760625292.953,1.57484648,-0.11921952,3.31337752,-0.05194958,0.98407022,-0.01535521,80.0,-7.0,0.0,80.0,1.3962634,0.0,0.0,0.0,80.0,-7.0,0.0,80.0,1.3962634,0.0,0.0,0.0,0.20449453,6.09848988,5.5896127,-2.18066227,-11.18277869,5.96730741,0.0,0.86920279,8.90590953,-1.14267442,49.88721962,-60.03109135,-29.06443626,0.0,61.92564416,-3.92638554,1.30040903
1760625292.986,1.58557522,-0.12738959,3.28630894,-0.05337039,0.9841578,-0.01525752,80.0,-7.0,0.0,80.0,1.3962634,0.0,0.0,0.0,80.0,-7.0,0.0,80.0,1.3962634,0.0,0.0,0.0,0.26844312,6.08569821,5.7440523,-2.23179882,-11.23300369,5.93930253,0.0,0.85711819,8.94891191,-1.19377783,50.07750788,-59.87100285,-28.65220839,0.0,61.58355735,-3.74110941,1.26191462
1760625293.019,1.60037761,-0.12122398,3.2574892,-0.05504007,0.98435543,-0.01543443,80.0,-7.0,0.0,80.0,1.3962634,0.0,0.0,0.0,80.0,-7.0,0.0,80.0,1.3962634,0.0,0.0,0.0,0.63620272,5.99384079,5.84338956,-2.59114306,-11.17405222,5.87217984,0.0,0.88488137,8.97988608,-1.23525171,50.10934204,-59.73833635,-28.77604673,0.0,61.66997767,-3.45514183,1.17568075
1760625293.053,1.6029292,-0.11945508,3.20705863,-0.05447706,0.98405253,-0.01572389,80.0,-7.0,0.0,80.0,1.3962634,0.0,0.0,0.0,80.0,-7.0,0.0,80.0,1.3962634,0.0,0.0,0.0,0.65565449,5.91651046,5.98277651,-2.53283501,-11.17107883,5.82128068,0.20825188,0.85281225,8.74962504,-1.28454116,50.51491909,-59.44091156,-28.93344558,0.0,61.3449266,-3.08172357,1.06011668
1760625293.086,1.5758245,-0.09745156,3.17225966,-0.05216143,0.9836102,-0.01526145,80.0,-7.0,0.0,80.0,1.3962634,0.0,0.0,0.0,80.0,-7.0,0.0,80.0,1.3962634,0.0,0.0,0.0,0.33234816,5.77707837,6.29664529,-2.12176106,-11.14201406,5.53197095,3.33630185,0.87792787,5.63696495,-1.92035985,51.33800213,-59.04160724,-28.18797912,0.0,60.52078513,-2.80981807,0.97042979
1760625293.12,1.55666712,-0.09035836,3.14445976,-0.04994122,0.98276106,-0.01536879,80.0,-7.0,0.0,80.0,1.3962634,0.0,0.0,0.0,80.0,-7.0,0.0,80.0,1.3962634,0.0,0.0,0.0,0.01549348,5.67109257,6.59678143,-1.76207897,-11.09869238,5.15682548,5.15966974,0.94893431,3.82353658,-2.28307879,51.98430419,-58.56750236,-27.24608632,0.0,59.44996189,-2.53678619,0.91901802
1760625293.153,1.56150361,-0.11034944,3.09018357,-0.05033665,0.98325449,-0.01624291,80.0,-7.0,0.0,80.0,1.3962634,0.0,0.0,0.0,80.0,-7.0,0.0,80.0,1.3962634,0.0,0.0,0.0,0.17896138,5.73546435,6.43839678,-1.92917268,-11.06707183,5.13405324,4.14910428,1.07217363,4.80796499,-2.08220928,51.26044967,-58.20940328,-27.00203761,0.0,58.31289656,-2.11983055,0.84255812
1760625293.187,1.55498178,-0.10621577,3.04797875,-0.04866242,0.98339152,-0.01617234,80.0,-7.0,0.0,80.0,1.3962634,0.0,0.0,0.0,80.0,-7.0,0.0,80.0,1.3962634,0.0,0.0,0.0,-0.27878387,5.67819428,6.6281074,-1.4772368,-11.01604046,4.84349825,5.38200746,1.16895131,3.52747012,-2.30602411,51.31397278,-57.63360177,-26.73274509,0.0,57.53268394,-1.83721914,0.7485755
1760625293.22,1.53582198,-0.11674475,3.02813393,-0.04603759,0.98384908,-0.01628539,80.0,-7.0,0.0,80.0,1.3962634,0.0,0.0,0.0,80.0,-7.0,0.0,80.0,1.3962634,0.0,0.0,0.0,-0.7112907,5.65250763,6.22797079,-0.989587,-10.96556509,5.13004652,5.41181062,1.27824394,3.47080758,-2.28657855,50.62850638,-57.31607565,-27.51948371,0.0,57.14313457,-1.66678744,0.66913759
1760625293.253,1.54984722,-0.12027967,2.96520382,-0.04704644,0.98563998,-0.01699905,80.0,-7.0,0.0,80.0,1.3962634,0.0,0.0,0.0,80.0,-7.0,0.0,80.0,1.3962634,0.0,0.0,0.0,-0.70661325,5.70983887,6.19037759,-1.07837276,-10.90854389,4.97960044,5.56639153,1.40976766,3.26021509,-2.25071463,49.0278342,-56.51981824,-28.70022809,0.0,57.14931374,-1.62273987,0.50651102
1760625293.32,1.53606931,-0.12782398,2.93706456,-0.04610379,0.98697741,-0.01818549,80.0,-7.0,0.0,80.0,1.3962634,0.0,0.0,0.0,80.0,-7.0,0.0,80.0,1.3962634,0.0,0.0,0.0,-1.02372075,5.57234628,5.85665265,-0.76687044,-10.66230528,5.10922998,6.44254282,1.52993883,2.26687872,-2.29982082,46.06389868,-55.26629281,-30.70121676,0.0,56.80682594,-1.74292834,-0.07688378
1760625293.354,1.50772562,-0.09910161,2.93696452,-0.04519266,0.9869815,-0.01752631,80.0,-7.0,0.0,80.0,1.3962634,0.0,0.0,0.0,80.0,-7.0,0.0,80.0,1.3962634,0.0,0.0,0.0,-0.97991073,5.32293917,5.75327422,-0.84047611,-10.35161917,5.0197517,6.15344267,1.67358736,2.50104842,-2.20811197,43.71008656,-54.27848447,-31.97095322,0.0,56.4623662,-1.90550261,-0.49022149
1760625293.387,1.44574517,-0.08941711,2.9540922,-0.04253108,0.98829173,-0.01725742,80.0,-7.0,0.0,80.0,1.3962634,0.0,0.0,0.0,80.0,-7.0,0.0,80.0,1.3962634,0.0,0.0,0.0,-0.90093711,5.29962238,5.71774752,-0.90844672,-10.31237856,4.97304505,5.92006519,1.71759267,2.69190352,-2.12950158,41.67494017,-53.36199183,-33.15289218,0.0,56.32369433,-1.85710972,-0.46145399
1760625293.421,1.41188794,-0.08017889,2.97906956,-0.03891422,0.98779632,-0.01723817,80.0,-7.0,0.0,80.0,1.3962634,0.0,0.0,0.0,80.0,-7.0,0.0,80.0,1.3962634,0.0,0.0,0.0,-1.2166743,5.06643143,5.34087096,-0.51238048,-10.12479276,5.33979977,5.29558155,1.72275668,3.258769,-2.00598769,39.8009022,-52.57510389,-34.36390778,0.0,55.77127582,-1.76913851,-0.33130672
1760625293.454,1.39368922,-0.07330625,2.99736888,-0.03683412,0.98774768,-0.01795124,80.0,-7.0,0.0,80.0,1.3962634,0.0,0.0,0.0,80.0,-7.0,0.0,80.0,1.3962634,0.0,0.0,0.0,-1.36195589,4.86294376,5.2314638,-0.34333536,-9.97524622,5.46396558,5.2120906,1.74269163,3.32537042,-2.00519668,37.15694206,-51.10818299,-35.500315,0.0,54.93638931,-1.81644444,-0.15571181
1760625293.488,1.3955291,-0.07478182,3.00171242,-0.03743654,0.9877183,-0.0187619,80.0,-7.0,0.0,80.0,1.3962634,0.0,0.0,0.0,80.0,-7.0,0.0,80.0,1.3962634,0.0,0.0,0.0,-1.00524046,4.72859924,5.06594223,-0.70479885,-9.83406321,5.64293197,3.78398569,1.7011357,4.75492412,-1.76342822,34.60159379,-49.99054631,-36.3959287,0.0,54.519932,-1.84089212,0.03379596
1760625293.521,1.4045974,-0.06524003,2.99877335,-0.03872118,0.98696269,-0.01839958,80.0,-7.0,0.0,80.0,1.3962634,0.0,0.0,0.0,80.0,-7.0,0.0,80.0,1.3962634,0.0,0.0,0.0,-0.7988693,4.61070272,5.25050219,-0.90979215,-9.7550678,5.45856498,4.35693295,1.62716812,4.18166898,-1.90615464,32.49092888,-48.47199207,-36.70959912,0.0,53.48600253,-1.83550385,0.139534
1760625293.555,1.44328296,-0.05943723,2.96778882,-0.04897091,0.98872758,-0.0194351,80.0,-7.0,0.0,80.0,1.3962634,0.0,0.0,0.0,80.0,-7.0,0.0,80.0,1.3962634,0.0,0.0,0.0,1.16827298,4.69990575,4.4230291,-3.09865361,-9.68527148,6.16904147,0.0,1.53304281,8.76487498,-1.19373512,26.96364725,-46.85517995,-38.73292066,0.0,52.92053328,-1.88625332,0.44653859
1760625293.588,1.47678367,-0.03734072,2.9457406,-0.05208906,0.98701824,-0.01757713,80.0,-7.0,0.0,80.0,1.3962634,0.0,0.0,0.0,80.0,-7.0,0.0,80.0,1.3962634,0.0,0.0,0.0,1.94276019,4.5383458,4.571085,-3.90844997,-9.50373591,6.08143193,0.0,1.41550017,8.80037412,-1.21969535,24.20598094,-45.32473361,-38.90327386,0.0,52.56140733,-1.84928967,0.79008315
1760625293.622,1.48426965,-0.0171208,2.9455106,-0.05133838,0.98696598,-0.01694617,80.0,-7.0,0.0,80.0,1.3962634,0.0,0.0,0.0,80.0,-7.0,0.0,80.0,1.3962634,0.0,0.0,0.0,1.9287034,4.52322756,4.27562329,-3.84115341,-9.56834692,6.4767847,0.0,1.27531824,8.84890015,-1.22655883,21.47893397,-43.15752765,-39.32057745,0.0,51.86963462,-1.92384214,0.99027948
1760625293.655,1.46664622,-0.01265094,2.93094162,-0.04831796,0.98539902,-0.01745395,80.0,-7.0,0.0,80.0,1.3962634,0.0,0.0,0.0,80.0,-7.0,0.0,80.0,1.3962634,0.0,0.0,0.0,1.65504564,4.35515907,4.36938347,-3.47507426,-9.46499023,6.48283051,0.0,1.2421237,8.80496115,-1.1875049,20.20490588,-41.54926836,-39.01722031,0.0,51.16686672,-1.90379108,1.18919755
1760625293.688,1.39763942,0.02300326,2.99009398,-0.0322782,0.9818863,-0.01385483,80.0,-7.0,0.0,80.0,1.3962634,0.0,0.0,0.0,80.0,-7.0,0.0,80.0,1.3962634,0.0,0.0,0.0,0.29020282,4.10190097,1.39016065,-1.654401,-9.40084842,9.63580169,0.0,1.14622174,8.93474632,-1.25128071,18.74585701,-40.46867537,-41.62451782,0.0,50.24718478,-1.62524559,1.34085165
1760625293.722,1.41026865,0.03795876,3.00043367,-0.03350405,0.98088444,-0.0146416,80.0,-7.0,0.0,80.0,1.3962634,0.0,0.0,0.0,80.0,-7.0,0.0,80.0,1.3962634,0.0,0.0,0.0,0.2873995,3.77932272,1.93579141,-1.64630722,-9.09163986,9.19253639,0.0,1.04956284,8.8691201,-1.20131548,17.35109803,-38.27139986,-40.38615404,0.0,49.05689285,-1.57102845,1.32574692
1760625293.755,1.40279269,0.04189445,2.99669574,-0.0334028,0.97848338,-0.01509109,80.0,-7.0,0.0,80.0,1.3962634,0.0,0.0,0.0,80.0,-7.0,0.0,80.0,1.3962634,0.0,0.0,0.0,0.18842183,3.3542147,2.23853138,-1.5369377,-8.67507217,8.92573256,0.0,1.07318674,8.85390726,-1.15922665,16.3772452,-36.87180227,-39.69734354,0.0,48.56510141,-1.40283307,1.43673579
1760625293.789,1.40730458,0.03115704,3.00249616,-0.03201948,0.9772413,-0.01535363,80.0,-7.0,0.0,80.0,1.3962634,0.0,0.0,0.0,80.0,-7.0,0.0,80.0,1.3962634,0.0,0.0,0.0,-0.0243201,3.17590038,2.47943356,-1.29961283,-8.47004386,8.72534804,0.0,1.05052228,8.80993714,-1.12398815,15.55878161,-35.27622914,-38.91161622,0.0,48.08394086,-1.22912771,1.5647653
1760625293.856,1.40860425,0.06419397,2.97510522,-0.02845951,0.97514203,-0.01457389,80.0,-7.0,0.0,80.0,1.3962634,0.0,0.0,0.0,80.0,-7.0,0.0,80.0,1.3962634,0.0,0.0,0.0,-0.64722825,2.75598635,2.90819531,-0.59291381,-8.07213302,8.40749852,0.34422804,0.95328129,8.39804022,-1.11450621,13.98656284,-31.77369491,-36.69880887,0.0,46.49704246,-1.11792847,1.7381434
1760625293.889,1.45095752,0.07087407,2.9885811,-0.03106265,0.97230732,-0.01323108,80.0,-7.0,0.0,80.0,1.3962634,0.0,0.0,0.0,80.0,-7.0,0.0,80.0,1.3962634,0.0,0.0,0.0,-0.69368558,2.51293742,2.91129713,-0.57583022,-7.79735278,8.40039678,0.32551721,0.90444017,8.45167881,-1.14686908,13.06991188,-30.36861773,-35.80323061,0.0,45.39246661,-0.9488175,1.65879989
1760625293.956,1.52550859,0.09872167,2.92390743,-0.03296251,0.96932934,-0.01339859,80.0,-7.0,0.0,80.0,1.3962634,0.0,0.0,0.0,80.0,-7.0,0.0,80.0,1.3962634,0.0,0.0,0.0,-1.43367118,2.01203308,3.20614213,0.10830844,-7.32739999,8.10049878,0.51213098,0.93977523,8.23865643,-1.16786853,12.18562958,-27.19102698,-33.84986546,0.0,42.91770597,-0.85156013,1.33433768
1760625294.023,1.55844962,0.08895197,2.92039559,-0.03056359,0.9666432,-0.01459335,80.0,-7.0,0.0,80.0,1.3962634,0.0,0.0,0.0,80.0,-7.0,0.0,80.0,1.3962634,0.0,0.0,0.0,-2.36981905,1.50143829,3.26134695,1.00844341,-6.77174694,8.0702312,0.58902291,0.90321941,8.01581777,-1.11598924,11.76463606,-23.80841956,-32.47343127,0.0,40.1831889,-0.71555167,1.14414154
1760625294.056,1.55313089,0.09241559,2.93038467,-0.02756275,0.96485217,-0.0139388,80.0,-7.0,0.0,80.0,1.3962634,0.0,0.0,0.0,80.0,-7.0,0.0,80.0,1.3962634,0.0,0.0,0.0,-2.92780405,1.25237136,3.14610525,1.62028586,-6.51109599,8.20047,1.22499152,0.79968408,7.34755919,-1.20303809,11.82158981,-22.34264902,-31.69515374,0.0,38.76912096,-0.6918462,1.00465389
1760625294.09,1.56411414,0.09798465,2.95652438,-0.02812181,0.96470726,-0.01325051,80.0,-7.0,0.0,80.0,1.3962634,0.0,0.0,0.0,80.0,-7.0,0.0,80.0,1.3962634,0.0,0.0,0.0,-2.69640869,1.19186244,3.0295617,1.39761738,-6.3801548,8.2700797,1.19567475,0.74925825,7.33112444,-1.16690842,11.00449341,-20.71836891,-30.75169525,0.0,37.41721252,-0.62492498,0.91189177
1760625294.123,1.56778926,0.1087381,2.96920867,-0.02849173,0.96370376,-0.01182113,80.0,-7.0,0.0,80.0,1.3962634,0.0,0.0,0.0,80.0,-7.0,0.0,80.0,1.3962634,0.0,0.0,0.0,-2.56232222,1.08860548,2.93039891,1.28732366,-6.18701269,8.33083027,1.11078089,0.66791332,7.40954717,-1.15190708,10.12192392,-18.7683219,-28.70347162,0.0,35.56654055,-0.37120672,0.98630202
1760625294.157,1.57234331,0.13727546,2.97810354,-0.0265787,0.96126622,-0.01049054,80.0,-7.0,0.0,80.0,1.3962634,0.0,0.0,0.0,80.0,-7.0,0.0,80.0,1.3962634,0.0,0.0,0.0,-2.63039528,0.97191175,2.56190198,1.3864548,-6.01498703,8.68727958,1.15552387,0.64130476,7.42933343,-1.18935003,9.64141286,-17.32845086,-26.86176909,0.0,33.79392247,0.0063658,0.9738075
1760625294.19,1.56250079,0.12913268,3.00284867,-0.02578673,0.96185533,-0.01169079,80.0,-7.0,0.0,80.0,1.3962634,0.0,0.0,0.0,80.0,-7.0,0.0,80.0,1.3962634,0.0,0.0,0.0,-2.69775455,1.0887366,2.38624033,1.49267658,-6.05076004,8.84198523,1.29993984,0.64244047,7.31236435,-1.21076548,9.2705783,-15.84763527,-24.98100001,0.0,32.33227656,0.25385423,0.9131746
1760625294.224,1.55762118,0.16619144,2.995021,-0.02525674,0.96197569,-0.01258431,80.0,-7.0,0.0,80.0,1.3962634,0.0,0.0,0.0,80.0,-7.0,0.0,80.0,1.3962634,0.0,0.0,0.0,-2.70894453,1.13460087,2.25887507,1.52635356,-6.00632325,9.00332148,1.36477198,0.98052349,7.19625571,-1.17629967,8.78281519,-14.03980697,-22.86191298,0.0,31.01282763,0.64101456,0.99325928
1760625294.257,1.5696148,0.18495189,3.01336197,-0.02507236,0.96079603,-0.01105596,80.0,-7.0,0.0,80.0,1.3962634,0.0,0.0,0.0,80.0,-7.0,0.0,80.0,1.3962634,0.0,0.0,0.0,-2.79146674,1.20665367,2.08985447,1.5799923,-5.95101537,9.17703967,1.39812843,1.40873487,7.17532188,-1.24549348,8.4215349,-12.58536331,-21.73985414,0.0,30.6258277,0.93282739,0.99870946
1760625294.291,1.56123856,0.22348826,3.01458329,-0.0228439,0.96013182,-0.01049161,80.0,-7.0,0.0,80.0,1.3962634,0.0,0.0,0.0,80.0,-7.0,0.0,80.0,1.3962634,0.0,0.0,0.0,-3.20132528,1.16690038,1.80885599,2.0208812,-5.82031887,9.49542434,1.82878833,1.48814531,6.75505715,-1.36779948,8.40956519,-11.43314232,-20.71191133,0.0,30.59637906,1.10024532,0.96074782
1760625294.324,1.55720346,0.23237596,3.03006289,-0.02139828,0.96010619,-0.01127075,80.0,-7.0,0.0,80.0,1.3962634,0.0,0.0,0.0,80.0,-7.0,0.0,80.0,1.3962634,0.0,0.0,0.0,-3.45430974,1.1802577,1.60226518,2.35026315,-5.69993175,9.73773221,1.67971467,1.57985991,6.78803891,-1.30580078,8.03647499,-9.98657343,-19.02217083,0.0,30.52492083,1.34104431,0.8882073
1760625294.357,1.56797482,0.29613534,3.043979,-0.02156563,0.9591144,-0.01059931,80.0,-7.0,0.0,80.0,1.3962634,0.0,0.0,0.0,80.0,-7.0,0.0,80.0,1.3962634,0.0,0.0,0.0,-3.43128475,1.08780441,1.71807161,2.38822695,-5.5449651,9.75947759,0.98781754,1.46117691,7.37390123,-1.14553614,7.54916614,-8.97041307,-17.6637607,0.0,30.56799731,1.45479163,0.87963343
1760625294.391,1.56179248,0.31991948,3.06436969,-0.02161653,0.95842132,-0.01024454,80.0,-7.0,0.0,80.0,1.3962634,0.0,0.0,0.0,80.0,-7.0,0.0,80.0,1.3962634,0.0,0.0,0.0,-3.41306279,1.08092491,1.71938591,2.42419396,-5.44343184,9.88119691,0.86389464,1.37431014,7.48494855,-1.12789966,7.12811106,-8.00795898,-16.49496615,0.0,30.6743551,1.51328805,0.81663772
1760625294.424,1.54870983,0.39836351,3.08340765,-0.01897852,0.95786381,-0.00906422,80.0,-7.0,0.0,80.0,1.3962634,0.0,0.0,0.0,80.0,-7.0,0.0,80.0,1.3962634,0.0,0.0,0.0,-3.7318429,1.086883,1.87612848,2.83707418,-5.3975299,10.00648801,0.03821406,1.2736531,8.27994622,-0.96297849,7.0407685,-6.8375555,-15.02630573,0.0,30.9540082,1.60776059,0.74842898
1760625294.458,1.54103015,0.44281115,3.11548255,-0.01706608,0.95733603,-0.0072413,80.0,-7.0,0.0,80.0,1.3962634,0.0,0.0,0.0,80.0,-7.0,0.0,80.0,1.3962634,0.0,0.0,0.0,-3.94640811,1.16273251,1.89070536,3.08777764,-5.417311,10.21914214,0.02938085,1.24573222,8.36005854,-0.98650302,7.06834845,-6.0233159,-14.22715881,0.0,31.08638691,1.74154751,0.69235635
1760625294.491,1.55498846,0.49407213,3.1395319,-0.01693841,0.95708795,-0.00600123,80.0,-7.0,0.0,80.0,1.3962634,0.0,0.0,0.0,80.0,-7.0,0.0,80.0,1.3962634,0.0,0.0,0.0,-3.87558997,1.1470916,1.90227142,3.01379353,-5.36500263,10.44918587,0.0,1.2326072,8.46915377,-0.9976366,6.87919404,-5.38045884,-13.47938676,0.0,31.05471997,1.8440615,0.6252014
1760625294.525,1.55783977,0.55114205,3.1763819,-0.01682656,0.95682297,-0.00502264,80.0,-7.0,0.0,80.0,1.3962634,0.0,0.0,0.0,80.0,-7.0,0.0,80.0,1.3962634,0.0,0.0,0.0,-3.84471702,1.07222806,1.88424216,3.00383961,-5.25767661,10.85536706,0.0,1.17873854,8.53962178,-1.01775754,6.80763791,-4.78045044,-12.49911757,0.0,30.96474698,2.04555854,0.58528227
1760625294.558,1.5674287,0.62155641,3.21774391,-0.01688297,0.95598299,-0.00346831,80.0,-7.0,0.0,80.0,1.3962634,0.0,0.0,0.0,80.0,-7.0,0.0,80.0,1.3962634,0.0,0.0,0.0,-3.8114241,0.97981498,1.82326276,2.95640862,-5.19811454,11.20869911,0.0,1.12885059,8.59444755,-1.02030422,6.7667562,-4.39974572,-11.79477087,0.0,30.92444212,2.15730589,0.46615411
1760625294.592,1.58043072,0.65632002,3.23252537,-0.01783172,0.95475234,-0.00270558,80.0,-7.0,0.0,80.0,1.3962634,0.0,0.0,0.0,80.0,-7.0,0.0,80.0,1.3962634,0.0,0.0,0.0,-3.74674833,0.92620419,1.95073559,2.8492608,-5.17533276,11.40232451,0.0,1.11792028,8.6599021,-1.02835588,6.73811939,-3.93056397,-10.68857173,0.0,30.50446172,2.42963472,0.34371027
1760625294.625,1.60222512,0.69986995,3.24561086,-0.01863695,0.95444002,-0.00217455,80.0,-7.0,0.0,80.0,1.3962634,0.0,0.0,0.0,80.0,-7.0,0.0,80.0,1.3962634,0.0,0.0,0.0,-3.8183554,0.78802231,1.93893718,2.89953996,-5.10191708,11.59648673,0.0,1.05390014,8.68099332,-1.01597217,6.85064592,-3.68619626,-9.87496032,0.0,29.91038837,2.59873489,0.28611821
1760625294.659,1.61020802,0.73414342,3.25583667,-0.01885753,0.95413774,-0.0020739,80.0,-7.0,0.0,80.0,1.3962634,0.0,0.0,0.0,80.0,-7.0,0.0,80.0,1.3962634,0.0,0.0,0.0,-3.82738113,0.63923431,1.88757538,2.91864014,-5.01500613,11.74000328,0.0,0.96841803,8.68629094,-1.01262185,6.87581401,-3.48950995,-9.10726817,0.0,29.4163459,2.69921575,0.29989731
1760625294.692,1.60568275,0.78226838,3.2537799,-0.01793716,0.95439392,-0.0020136,80.0,-7.0,0.0,80.0,1.3962634,0.0,0.0,0.0,80.0,-7.0,0.0,80.0,1.3962634,0.0,0.0,0.0,-4.1028961,0.55238821,1.74102991,3.23209475,-5.02282,11.86892245,0.0,0.80354683,8.70628325,-1.00425457,7.16119633,-3.21869066,-8.45479516,0.0,29.14645882,2.88577972,0.3155047
1760625294.725,1.59302413,0.80859906,3.24279819,-0.0154926,0.95492694,-0.00198823,80.0,-7.0,0.0,80.0,1.3962634,0.0,0.0,0.0,80.0,-7.0,0.0,80.0,1.3962634,0.0,0.0,0.0,-4.70253474,0.44841843,1.37323684,3.91016206,-4.97075605,12.16424237,0.0,0.68185126,8.60630113,-0.95730266,7.85024224,-3.10153726,-8.380017,0.0,28.7003274,3.0864783,0.29045952
1760625294.759,1.58280582,0.82322672,3.23182483,-0.01408243,0.95546686,-0.00234597,80.0,-7.0,0.0,80.0,1.3962634,0.0,0.0,0.0,80.0,-7.0,0.0,80.0,1.3962634,0.0,0.0,0.0,-4.92021737,0.42768058,1.29212447,4.18173999,-4.99017238,12.05421279,0.0,0.64453598,8.48888678,-0.90568309,8.12075586,-2.87996812,-8.09328409,0.0,28.03446047,3.27939239,0.260971
1760625294.792,1.56520095,0.84558336,3.19635618,-0.0126194,0.95598243,-0.0030225,80.0,-7.0,0.0,80.0,1.3962634,0.0,0.0,0.0,80.0,-7.0,0.0,80.0,1.3962634,0.0,0.0,0.0,-5.13664535,0.34247609,1.12255188,4.47610818,-4.97994604,11.96631287,0.0,0.16849307,8.37099721,-0.77422143,8.42100595,-2.70167742,-7.94368006,0.0,26.81485787,3.69620895,0.30650377
1760625294.826,1.5613812,0.86320901,3.16473396,-0.01289755,0.95626996,-0.00319283,80.0,-7.0,0.0,80.0,1.3962634,0.0,0.0,0.0,80.0,-7.0,0.0,80.0,1.3962634,0.0,0.0,0.0,-5.20645958,0.32701118,1.22086194,4.63816431,-5.00635538,11.41427279,0.01128421,0.0,7.98340012,-0.6720879,8.56795813,-2.44354742,-7.72601164,0.0,25.28907484,4.1904543,0.33830677
1760625294.859,1.55265765,0.8856882,3.13701416,-0.01315926,0.95626609,-0.00337953,80.0,-7.0,0.0,80.0,1.3962634,0.0,0.0,0.0,80.0,-7.0,0.0,80.0,1.3962634,0.0,0.0,0.0,-5.18944658,0.25129763,1.28433748,4.72558111,-4.95182556,10.6565893,0.20204921,0.0,7.33337494,-0.63583142,8.65859908,-2.26290779,-7.67486526,0.0,23.55523532,4.6949993,0.3859818
1760625294.893,1.52215717,0.91160235,3.13314829,-0.01368186,0.95654768,-0.00295736,80.0,-7.0,0.0,80.0,1.3962634,0.0,0.0,0.0,80.0,-7.0,0.0,80.0,1.3962634,0.0,0.0,0.0,-5.03182151,0.17855126,1.23623019,4.68862894,-4.94316037,9.85876721,0.73843487,0.0,6.15713201,-0.63399668,8.59771419,-2.13633555,-7.83898046,0.0,21.69797128,5.16803893,0.47481456
1760625294.926,1.50658156,0.93221293,3.12235226,-0.01385935,0.95648528,-0.00287979,80.0,-7.0,0.0,80.0,1.3962634,0.0,0.0,0.0,80.0,-7.0,0.0,80.0,1.3962634,0.0,0.0,0.0,-4.9953573,0.10405736,1.26197408,4.69638659,-4.94999245,9.33869976,0.51634911,0.0,5.71547257,-0.46670151,8.55793665,-2.13596,-7.97780016,0.0,20.72803084,5.4044697,0.48328335
1760625294.96,1.49149769,0.9488695,3.15810749,-0.01388725,0.95692049,-0.00286965,80.0,-7.0,0.0,80.0,1.3962634,0.0,0.0,0.0,80.0,-7.0,0.0,80.0,1.3962634,0.0,0.0,0.0,-4.94479448,0.08544912,1.19551546,4.66128027,-4.98842035,8.8107987,0.29254427,0.0,5.41295857,-0.46788797,8.45115191,-2.15083278,-8.26716223,0.0,20.16510188,5.56938706,0.46900791
1760625294.993,1.45651062,0.95329669,3.14293609,-0.01333743,0.95712164,-0.00242314,80.0,-7.0,0.0,80.0,1.3962634,0.0,0.0,0.0,80.0,-7.0,0.0,80.0,1.3962634,0.0,0.0,0.0,-4.82184372,0.06974831,1.13850301,4.56872939,-5.04632132,8.01736224,0.06650933,0.0,5.07701679,-0.49131983,8.24798911,-2.19482627,-8.84360949,0.0,19.64520229,5.85032128,0.46881513
1760625295.027,1.4383011,0.96154165,3.15333505,-0.01368725,0.957274,-0.00210772,80.0,-7.0,0.0,80.0,1.3962634,0.0,0.0,0.0,80.0,-7.0,0.0,80.0,1.3962634,0.0,0.0,0.0,-4.56851026,0.055422,1.02733205,4.32982036,-5.10486989,7.46790349,0.0,0.0,4.80389941,-0.50522205,7.8857981,-2.2402056,-9.32865095,0.0,19.36832135,6.03448068,0.51348134
1760625295.06,1.4231386,0.9707808,3.14036474,-0.0145642,0.9575663,-0.00134629,80.0,-7.0,0.0,80.0,1.3962634,0.0,0.0,0.0,80.0,-7.0,0.0,80.0,1.3962634,0.0,0.0,0.0,-4.31707124,-0.01179689,0.90401943,4.11173487,-5.09577003,7.02197631,0.0,0.0,4.37316368,-0.57667662,7.54043056,-2.31923295,-9.69878429,0.0,18.96273368,6.21054002,0.54174879
1760625295.093,1.41377889,0.97293549,3.14927076,-0.01458069,0.95811591,-0.00104943,80.0,-7.0,0.0,80.0,1.3962634,0.0,0.0,0.0,80.0,-7.0,0.0,80.0,1.3962634,0.0,0.0,0.0,-4.30698224,-0.07533744,0.83490691,4.16551226,-5.13137027,6.30019976,0.0,0.0,3.62096154,-0.62642489,7.41129838,-2.4173797,-10.05108839,0.0,18.58614724,6.29407571,0.52311169
1760625295.127,1.41971145,0.98428579,3.12105797,-0.01505049,0.95862821,-0.00054703,80.0,-7.0,0.0,80.0,1.3962634,0.0,0.0,0.0,80.0,-7.0,0.0,80.0,1.3962634,0.0,0.0,0.0,-4.273898,-0.16905619,0.94199511,4.13035625,-5.10286322,5.65843933,0.0,0.0,3.30828428,-0.78711584,7.27906257,-2.52201279,-10.18652944,0.0,18.33580596,6.42249204,0.5732098
1760625295.16,1.4248083,0.97901462,3.12035099,-0.01478419,0.95894504,-0.00051328,80.0,-7.0,0.0,80.0,1.3962634,0.0,0.0,0.0,80.0,-7.0,0.0,80.0,1.3962634,0.0,0.0,0.0,-4.36528236,-0.23989586,0.95924549,4.18503587,-5.06585653,5.12030501,0.0,0.0,3.19818008,-0.96348987,7.34018521,-2.58032298,-10.30966974,0.0,17.82865108,6.59700913,0.62898585
1760625295.194,1.40892652,0.98179457,3.12756988,-0.01287852,0.95883506,-0.00041476,80.0,-7.0,0.0,80.0,1.3962634,0.0,0.0,0.0,80.0,-7.0,0.0,80.0,1.3962634,0.0,0.0,0.0,-4.55146736,-0.27304389,1.02592068,4.34037284,-5.07335532,4.45939204,0.0,0.0,3.25303551,-1.25947915,7.5019699,-2.62103151,-10.46486177,0.0,17.46599401,6.65096814,0.59039785
1760625295.227,1.39498235,0.98379907,3.13932825,-0.01116729,0.95855572,-0.00039144,80.0,-7.0,0.0,80.0,1.3962634,0.0,0.0,0.0,80.0,-7.0,0.0,80.0,1.3962634,0.0,0.0,0.0,-4.72635199,-0.260386,1.01975583,4.50558712,-5.10330831,4.1013239,0.0,0.0,3.48654284,-1.48781035,7.68443781,-2.62739901,-10.57585836,0.0,17.26976135,6.68841495,0.61640147
1760625295.261,1.38352585,0.98402643,3.12888953,-0.01104243,0.9586564,-0.00027244,80.0,-7.0,0.0,80.0,1.3962634,0.0,0.0,0.0,80.0,-7.0,0.0,80.0,1.3962634,0.0,0.0,0.0,-4.80046941,-0.25758583,0.9617795,4.55984242,-5.13132446,3.96652602,0.0,0.0,3.64487911,-1.54509652,7.82192526,-2.62598341,-10.77430631,0.0,16.94738532,6.69916854,0.66111003
1760625295.294,1.39512828,0.98070545,3.123868,-0.00971725,0.95891987,-0.00025992,80.0,-7.0,0.0,80.0,1.3962634,0.0,0.0,0.0,80.0,-7.0,0.0,80.0,1.3962634,0.0,0.0,0.0,-5.04527068,-0.22093338,0.79517101,4.78320604,-5.19455427,3.97360664,0.03213455,0.0,3.77340726,-1.56019628,8.11338641,-2.62610827,-11.09334904,0.0,16.89340609,6.68077512,0.69664542
1760625295.328,1.37123429,0.98384009,3.10347533,-0.00804432,0.95879934,0.00010128,80.0,-7.0,0.0,80.0,1.3962634,0.0,0.0,0.0,80.0,-7.0,0.0,80.0,1.3962634,0.0,0.0,0.0,-5.08311594,-0.20466378,0.73670455,4.86752261,-5.22803351,3.90406384,0.14729222,0.0,3.901274,-1.73283332,8.19255823,-2.65842539,-11.34800876,0.0,17.07935749,6.73145883,0.7440381
1760625295.361,1.37372604,0.98839514,3.11618517,-0.00789906,0.95855746,0.00049118,80.0,-7.0,0.0,80.0,1.3962634,0.0,0.0,0.0,80.0,-7.0,0.0,80.0,1.3962634,0.0,0.0,0.0,-5.07617931,-0.20930498,0.7404867,4.89098028,-5.25293747,3.81604795,0.21324197,0.0,3.99002616,-1.84322598,8.19185458,-2.68384353,-11.47194876,0.0,17.15622452,6.73946718,0.75263399
1760625295.395,1.3699883,0.98788944,3.11464138,-0.00711159,0.95851719,0.0004606,80.0,-7.0,0.0,80.0,1.3962634,0.0,0.0,0.0,80.0,-7.0,0.0,80.0,1.3962634,0.0,0.0,0.0,-5.11483069,-0.2255356,0.59699553,4.9860562,-5.25425481,3.94487259,0.33472401,0.0,4.08017054,-1.93799142,8.26110895,-2.75062139,-11.84197972,0.0,17.20609203,6.71724022,0.73791876
1760625295.428,1.36362868,0.98684873,3.12732715,-0.00693181,0.95857747,0.0002155,80.0,-7.0,0.0,80.0,1.3962634,0.0,0.0,0.0,80.0,-7.0,0.0,80.0,1.3962634,0.0,0.0,0.0,-5.10151724,-0.21902813,0.62294598,5.01817296,-5.27598049,3.87867155,0.38226788,0.0,4.15257345,-1.99295617,8.24586259,-2.78705992,-11.9583684,0.0,17.3152504,6.69566135,0.73033281
1760625295.461,1.34862038,0.96988079,3.13238507,-0.00708817,0.95871645,-6.744e-05,80.0,-7.0,0.0,80.0,1.3962634,0.0,0.0,0.0,80.0,-7.0,0.0,80.0,1.3962634,0.0,0.0,0.0,-5.0627126,-0.21332542,0.5246324,5.04819789,-5.26768637,4.05504578,0.23546028,0.0,4.26316955,-1.90803072,8.21498581,-2.85228452,-12.23792933,0.0,17.43918041,6.65077422,0.68872292
1760625295.495,1.36330427,0.94909902,3.13647622,-0.00819677,0.9593281,-0.00051547,80.0,-7.0,0.0,80.0,1.3962634,0.0,0.0,0.0,80.0,-7.0,0.0,80.0,1.3962634,0.0,0.0,0.0,-5.12193978,-0.18226617,0.48072578,5.12445754,-5.27832919,4.2263165,0.16026577,0.0,4.44802409,-1.87748861,8.23044762,-2.91098775,-12.52652062,0.0,17.65927263,6.62641926,0.65006429
1760625295.528,1.34990313,0.9320692,3.13774879,-0.00920025,0.95948228,-0.00078375,80.0,-7.0,0.0,80.0,1.3962634,0.0,0.0,0.0,80.0,-7.0,0.0,80.0,1.3962634,0.0,0.0,0.0,-5.01479258,-0.15424368,0.52774928,5.03604794,-5.28367606,4.22484674,0.06522164,0.0,4.64953135,-1.88278465,8.09477543,-2.9380357,-12.62120886,0.0,17.76855413,6.637275,0.67684703
1760625295.562,1.372009,0.91531727,3.10494761,-0.00937867,0.95958545,-0.00084772,80.0,-7.0,0.0,80.0,1.3962634,0.0,0.0,0.0,80.0,-7.0,0.0,80.0,1.3962634,0.0,0.0,0.0,-5.02378998,-0.12818975,0.60673634,5.05346252,-5.29248684,4.26423799,0.03989566,0.0,4.6774862,-1.83072964,8.05578917,-2.98451695,-12.89376628,0.0,17.97954064,6.60715229,0.66976186
1760625295.595,1.38688415,0.89998114,3.10854058,-0.01013319,0.95973132,-0.00084198,80.0,-7.0,0.0,80.0,1.3962634,0.0,0.0,0.0,80.0,-7.0,0.0,80.0,1.3962634,0.0,0.0,0.0,-5.01758654,-0.09283444,0.61319789,5.05302505,-5.30217483,4.260949,0.0,0.0,4.72420312,-1.8251887,8.00794304,-3.00633211,-13.05417497,0.0,18.03231522,6.57949683,0.67002203
1760625295.628,1.40337799,0.87674459,3.11457515,-0.01112247,0.96000052,-0.00092897,80.0,-7.0,0.0,80.0,1.3962634,0.0,0.0,0.0,80.0,-7.0,0.0,80.0,1.3962634,0.0,0.0,0.0,-4.91065929,-0.05985255,0.68364057,4.93283493,-5.29008748,4.22295723,0.0,0.0,4.74674101,-1.86778313,7.86838742,-3.02926442,-13.16618687,0.0,18.0244758,6.58959674,0.6838488
1760625295.662,1.38574814,0.85125334,3.10395049,-0.01001914,0.96032253,-0.00111698,80.0,-7.0,0.0,80.0,1.3962634,0.0,0.0,0.0,80.0,-7.0,0.0,80.0,1.3962634,0.0,0.0,0.0,-4.85607688,-0.03595341,0.75055046,4.91503175,-5.28200911,4.18574367,0.0,0.0,4.72512801,-1.87255375,7.83656002,-3.10439205,-13.45790255,0.0,18.23106473,6.57632397,0.67887134
1760625295.729,1.40206615,0.81461992,3.13712134,-0.01007478,0.96018974,-0.00162145,80.0,-7.0,0.0,80.0,1.3962634,0.0,0.0,0.0,80.0,-7.0,0.0,80.0,1.3962634,0.0,0.0,0.0,-4.72975618,-0.01947227,0.83555888,4.83935916,-5.28831655,3.99096603,0.0,0.0,4.6505281,-1.76653612,7.72919741,-3.21673102,-13.75627586,0.0,18.2237079,6.53438668,0.58472095
1760625295.762,1.38100784,0.80722002,3.14405773,-0.01043207,0.95926473,-0.0021307,80.0,-7.0,0.0,80.0,1.3962634,0.0,0.0,0.0,80.0,-7.0,0.0,80.0,1.3962634,0.0,0.0,0.0,-4.74642609,0.0055604,0.88406487,4.91183567,-5.33242325,3.92151843,0.0,0.0,4.5898522,-1.74805961,7.79408727,-3.27179505,-13.98093977,0.0,18.40601648,6.53759552,0.5938219
1760625295.796,1.41264014,0.80319918,3.12908482,-0.01105197,0.95861762,-0.0027941,80.0,-7.0,0.0,80.0,1.3962634,0.0,0.0,0.0,80.0,-7.0,0.0,80.0,1.3962634,0.0,0.0,0.0,-4.77769257,0.03662817,0.90309368,4.91354575,-5.38276791,3.91768745,0.0,0.0,4.5803918,-1.74644595,7.80819232,-3.30934154,-14.23427101,0.0,18.65583403,6.54361782,0.59800668
1760625295.829,1.41875064,0.80810896,3.15315151,-0.01163447,0.95793305,-0.00330692,80.0,-7.0,0.0,80.0,1.3962634,0.0,0.0,0.0,80.0,-7.0,0.0,80.0,1.3962634,0.0,0.0,0.0,-4.79296802,0.04714765,0.9145436,4.9140944,-5.4233382,3.83755276,0.0,0.0,4.60385572,-1.75479701,7.83576749,-3.32862929,-14.37169759,0.0,18.78288092,6.54284077,0.58606629
1760625295.863,1.44595842,0.79975027,3.15165098,-0.0120268,0.95742967,-0.00373666,80.0,-7.0,0.0,80.0,1.3962634,0.0,0.0,0.0,80.0,-7.0,0.0,80.0,1.3962634,0.0,0.0,0.0,-4.85859629,0.11497581,0.86276728,4.98095065,-5.52645027,3.84185759,0.0,0.0,4.55061897,-1.71392622,7.88978073,-3.31445116,-14.65658257,0.0,18.95421461,6.52610803,0.55877676
1760625295.896,1.44892383,0.80411994,3.16524184,-0.01209275,0.95709726,-0.00357683,80.0,-7.0,0.0,80.0,1.3962634,0.0,0.0,0.0,80.0,-7.0,0.0,80.0,1.3962634,0.0,0.0,0.0,-4.866038,0.10729278,0.87840699,4.98402896,-5.56053244,3.74602791,0.0,0.0,4.52096001,-1.70298266,7.91086047,-3.32270643,-14.76750259,0.0,19.03483543,6.52040164,0.55344147
1760625295.93,1.46629353,0.81257721,3.14062548,-0.0122,0.95696456,-0.00382682,80.0,-7.0,0.0,80.0,1.3962634,0.0,0.0,0.0,80.0,-7.0,0.0,80.0,1.3962634,0.0,0.0,0.0,-5.02370149,0.10844738,0.88805548,5.14237578,-5.60989372,3.71268076,0.0,0.0,4.46111013,-1.68372758,8.05457153,-3.33345597,-14.91887317,0.0,19.20239458,6.46988493,0.50961082
1760625295.963,1.46311012,0.81187982,3.15856645,-0.01231635,0.95677742,-0.00402484,80.0,-7.0,0.0,80.0,1.3962634,0.0,0.0,0.0,80.0,-7.0,0.0,80.0,1.3962634,0.0,0.0,0.0,-5.04638839,0.09618538,0.88869708,5.16711782,-5.64745498,3.58961163,0.0,0.0,4.44725313,-1.6892465,8.0897794,-3.36101566,-15.04153434,0.0,19.36898193,6.47148778,0.50752931
1760625295.997,1.4615941,0.82686419,3.14415403,-0.01267115,0.95672158,-0.00412329,80.0,-7.0,0.0,80.0,1.3962634,0.0,0.0,0.0,80.0,-7.0,0.0,80.0,1.3962634,0.0,0.0,0.0,-5.18241301,0.07491682,0.88080576,5.32008244,-5.67852739,3.52248586,0.0,0.0,4.44786604,-1.69773293,8.23963495,-3.3735735,-15.15436742,0.0,19.44810696,6.48663919,0.49359378
1760625296.03,1.47501111,0.81448267,3.16545588,-0.01281276,0.95629128,-0.00426223,80.0,-7.0,0.0,80.0,1.3962634,0.0,0.0,0.0,80.0,-7.0,0.0,80.0,1.3962634,0.0,0.0,0.0,-5.30155621,0.02672207,0.87285064,5.4482063,-5.64715766,3.42808425,0.0,0.0,4.43756526,-1.70407561,8.363161,-3.4432692,-15.17082639,0.0,19.48728593,6.47368754,0.47679029
1760625296.063,1.4942237,0.82601905,3.16103905,-0.01271016,0.95597963,-0.00416269,80.0,-7.0,0.0,80.0,1.3962634,0.0,0.0,0.0,80.0,-7.0,0.0,80.0,1.3962634,0.0,0.0,0.0,-5.37304272,-0.03890946,0.85037238,5.51306756,-5.61176451,3.42535641,0.0,0.0,4.41739284,-1.71672211,8.43892179,-3.49966376,-15.16923757,0.0,19.48142583,6.45459734,0.42883686
1760625296.097,1.48445177,0.82307262,3.15790302,-0.01234448,0.95578505,-0.00409555,80.0,-7.0,0.0,80.0,1.3962634,0.0,0.0,0.0,80.0,-7.0,0.0,80.0,1.3962634,0.0,0.0,0.0,-5.39687816,-0.0619621,0.85117519,5.54524067,-5.59028137,3.46758898,0.0,0.0,4.42478913,-1.73697422,8.51476444,-3.51816632,-15.14701116,0.0,19.4748525,6.46977694,0.42011415
1760625296.13,1.5015544,0.83365497,3.16260039,-0.01214253,0.95563793,-0.00397036,80.0,-7.0,0.0,80.0,1.3962634,0.0,0.0,0.0,80.0,-7.0,0.0,80.0,1.3962634,0.0,0.0,0.0,-5.59539151,-0.12055916,0.82147955,5.72867277,-5.53166091,3.52192479,0.0,0.0,4.4713419,-1.75635185,8.74546343,-3.58491181,-15.15846126,0.0,19.5424061,6.50767939,0.42693854
1760625296.164,1.50778212,0.81993043,3.17296449,-0.01257208,0.95593523,-0.00375742,80.0,-7.0,0.0,80.0,1.3962634,0.0,0.0,0.0,80.0,-7.0,0.0,80.0,1.3962634,0.0,0.0,0.0,-5.70122001,-0.12233813,0.85618478,5.85946224,-5.50154394,3.53570882,0.02501265,0.0,4.46976324,-1.74386207,8.91307218,-3.59763376,-15.04677751,0.0,19.54709019,6.51235043,0.41090792
1760625296.197,1.52141416,0.81914668,3.16394127,-0.01308741,0.95615029,-0.00350663,80.0,-7.0,0.0,80.0,1.3962634,0.0,0.0,0.0,80.0,-7.0,0.0,80.0,1.3962634,0.0,0.0,0.0,-5.68924657,-0.11338684,0.85029155,5.87724672,-5.47896023,3.56893361,0.0245752,0.0,4.45885214,-1.76171391,8.92470331,-3.59550427,-14.99614545,0.0,19.48028647,6.51546743,0.40658089
1760625296.231,1.53315538,0.79548936,3.1642186,-0.01343204,0.95628175,-0.00314899,80.0,-7.0,0.0,80.0,1.3962634,0.0,0.0,0.0,80.0,-7.0,0.0,80.0,1.3962634,0.0,0.0,0.0,-5.7234885,-0.1041253,0.89193989,5.93524977,-5.43401146,3.52623833,0.34598234,0.0,4.1594063,-1.85450522,8.96546169,-3.60975149,-14.81866951,0.0,19.44638269,6.51616089,0.3957307
1760625296.264,1.53708243,0.78367062,3.18672426,-0.013164,0.95644711,-0.00346463,80.0,-7.0,0.0,80.0,1.3962634,0.0,0.0,0.0,80.0,-7.0,0.0,80.0,1.3962634,0.0,0.0,0.0,-5.69983107,-0.07763466,0.88791347,5.94028362,-5.3879315,3.56346465,0.39343003,0.0,4.16368114,-1.87597778,8.93775912,-3.6047834,-14.70579532,0.0,19.45045448,6.5208919,0.39683135
1760625296.298,1.53832488,0.78519952,3.2029062,-0.01295957,0.95633407,-0.00378836,80.0,-7.0,0.0,80.0,1.3962634,0.0,0.0,0.0,80.0,-7.0,0.0,80.0,1.3962634,0.0,0.0,0.0,-5.69387925,-0.07085087,0.9092115,5.94853235,-5.35992927,3.59231082,0.41973895,0.0,4.17553712,-1.86870089,8.93293636,-3.586306,-14.6860835,0.0,19.44561247,6.52141327,0.39889788
1760625296.331,1.52364699,0.7505462,3.1746586,-0.01251863,0.9562324,-0.0037751,80.0,-7.0,0.0,80.0,1.3962634,0.0,0.0,0.0,80.0,-7.0,0.0,80.0,1.3962634,0.0,0.0,0.0,-5.6429229,-0.02793002,0.97744193,5.91133335,-5.32319727,3.54083013,0.9860044,0.0,3.70039526,-2.02491869,8.92639372,-3.57118858,-14.58903822,0.0,19.31492907,6.52705399,0.39370012
1760625296.364,1.52992436,0.74993926,3.16148341,-0.01276425,0.95617704,-0.00396662,80.0,-7.0,0.0,80.0,1.3962634,0.0,0.0,0.0,80.0,-7.0,0.0,80.0,1.3962634,0.0,0.0,0.0,-5.63420666,-0.00128518,0.96426295,5.90054851,-5.28229536,3.57190292,1.01207188,0.0,3.72767347,-2.01427596,8.91047056,-3.55429088,-14.52662618,0.0,19.16762347,6.53702301,0.38827977
1760625296.431,1.53031829,0.71615364,3.18075988,-0.01239869,0.95604513,-0.00414256,80.0,-7.0,0.0,80.0,1.3962634,0.0,0.0,0.0,80.0,-7.0,0.0,80.0,1.3962634,0.0,0.0,0.0,-5.567454,0.0684973,1.03765823,5.79011214,-5.19329897,3.58373441,1.07541716,0.0,3.7602279,-2.03780385,8.84409932,-3.49432094,-14.36023454,0.0,19.01368719,6.61471534,0.39914892
1760625296.465,1.50676963,0.71037906,3.17900214,-0.01112855,0.95653707,-0.00426353,80.0,-7.0,0.0,80.0,1.3962634,0.0,0.0,0.0,80.0,-7.0,0.0,80.0,1.3962634,0.0,0.0,0.0,-5.45378532,0.05536668,1.08084343,5.67144339,-5.10702074,3.52176286,1.05303235,0.0,3.83069708,-2.03876054,8.74755511,-3.49119092,-14.32535627,0.0,18.98816041,6.66349824,0.41907124
1760625296.498,1.45607651,0.7233855,3.1923299,-0.00931317,0.95696257,-0.00426598,80.0,-7.0,0.0,80.0,1.3962634,0.0,0.0,0.0,80.0,-7.0,0.0,80.0,1.3962634,0.0,0.0,0.0,-5.23730843,0.00440458,1.13372517,5.47177444,-5.02021822,3.47459095,0.95719008,0.0,3.95265263,-2.04887082,8.56065906,-3.50009191,-14.26136401,0.0,18.94785942,6.68062595,0.43639745
1760625296.532,1.44036343,0.73897728,3.19232824,-0.00861909,0.95769808,-0.00414308,80.0,-7.0,0.0,80.0,1.3962634,0.0,0.0,0.0,80.0,-7.0,0.0,80.0,1.3962634,0.0,0.0,0.0,-5.11685581,-0.07555305,1.12597521,5.33668321,-4.9069869,3.50253207,0.81736547,0.0,4.14521811,-2.04108067,8.4324978,-3.54318756,-14.21959186,0.0,18.88081022,6.6793338,0.41636715
1760625296.565,1.45259535,0.73129025,3.18853055,-0.00851338,0.95799666,-0.00427875,80.0,-7.0,0.0,80.0,1.3962634,0.0,0.0,0.0,80.0,-7.0,0.0,80.0,1.3962634,0.0,0.0,0.0,-5.1296037,-0.07974187,1.13988194,5.31243039,-4.86867883,3.54064634,0.82993127,0.0,4.16648935,-2.06440131,8.4262845,-3.53340259,-14.19076259,0.0,18.83590167,6.68520012,0.41159676
1760625296.599,1.43977055,0.7497486,3.18142183,-0.00743795,0.95773421,-0.00410807,80.0,-7.0,0.0,80.0,1.3962634,0.0,0.0,0.0,80.0,-7.0,0.0,80.0,1.3962634,0.0,0.0,0.0,-5.00726155,-0.16289695,1.19836577,5.1543458,-4.78693291,3.53083745,0.79639945,0.0,4.26427779,-2.08955722,8.29687072,-3.57340067,-14.13158254,0.0,18.8397327,6.72738049,0.42304845
1760625296.632,1.41564054,0.76288805,3.17033991,-0.00668327,0.95718123,-0.00398185,80.0,-7.0,0.0,80.0,1.3962634,0.0,0.0,0.0,80.0,-7.0,0.0,80.0,1.3962634,0.0,0.0,0.0,-4.83450187,-0.2235074,1.22384377,4.96703682,-4.74148273,3.55092435,0.67390664,0.0,4.44519799,-2.09967892,8.12356081,-3.57963898,-14.07580412,0.0,18.82325606,6.73325506,0.43131916
1760625296.666,1.42944824,0.76183947,3.15716263,-0.00684601,0.95712297,-0.00406631,80.0,-7.0,0.0,80.0,1.3962634,0.0,0.0,0.0,80.0,-7.0,0.0,80.0,1.3962634,0.0,0.0,0.0,-4.83878522,-0.24313224,1.21412567,4.9463528,-4.73649225,3.61342218,0.66482051,0.0,4.47053637,-2.12078128,8.10824257,-3.54908886,-14.01325198,0.0,18.70487017,6.73381124,0.430269
1760625296.699,1.43222447,0.78378133,3.16280024,-0.00771725,0.95718806,-0.00365911,80.0,-7.0,0.0,80.0,1.3962634,0.0,0.0,0.0,80.0,-7.0,0.0,80.0,1.3962634,0.0,0.0,0.0,-4.72480898,-0.31784399,1.19237423,4.8082517,-4.69207554,3.69847071,0.48598558,0.0,4.67168716,-2.10123364,7.97243579,-3.56014825,-13.93918025,0.0,18.68650188,6.74777649,0.43457167
1760625296.732,1.4419479,0.79750933,3.17585572,-0.00767428,0.95695713,-0.00368636,80.0,-7.0,0.0,80.0,1.3962634,0.0,0.0,0.0,80.0,-7.0,0.0,80.0,1.3962634,0.0,0.0,0.0,-4.74576731,-0.33307087,1.18727216,4.82461176,-4.71842675,3.70594776,0.49031912,0.0,4.70024599,-2.11123164,7.97070996,-3.4807693,-13.85080122,0.0,18.63950379,6.78117515,0.47303545
1760625296.766,1.44059964,0.79564548,3.17159311,-0.00751159,0.95696741,-0.00368024,80.0,-7.0,0.0,80.0,1.3962634,0.0,0.0,0.0,80.0,-7.0,0.0,80.0,1.3962634,0.0,0.0,0.0,-4.73716257,-0.34764749,1.18037786,4.82721213,-4.72032722,3.68871267,0.50122549,0.0,4.71630641,-2.14222186,7.96349474,-3.42392066,-13.81876398,0.0,18.53962655,6.78216919,0.47388096
1760625296.799,1.43426314,0.79458452,3.16377285,-0.00792761,0.95719619,-0.00355929,80.0,-7.0,0.0,80.0,1.3962634,0.0,0.0,0.0,80.0,-7.0,0.0,80.0,1.3962634,0.0,0.0,0.0,-4.73958556,-0.35634162,1.16932252,4.83030471,-4.72095072,3.73217296,0.511208,0.0,4.73103787,-2.14928335,7.98092008,-3.36272169,-13.75402349,0.0,18.41992416,6.7902929,0.47146685
1760625296.833,1.42384826,0.79634797,3.18087624,-0.00795296,0.95762799,-0.00373111,80.0,-7.0,0.0,80.0,1.3962634,0.0,0.0,0.0,80.0,-7.0,0.0,80.0,1.3962634,0.0,0.0,0.0,-4.78998862,-0.32946002,1.18682538,4.87019891,-4.75708902,3.69784581,0.55824443,0.0,4.72820417,-2.1850886,8.04987014,-3.26713143,-13.6666768,0.0,18.36877124,6.84800285,0.48779868
1760625296.866,1.42104844,0.79393969,3.1772484,-0.00852103,0.95803448,-0.00363555,80.0,-7.0,0.0,80.0,1.3962634,0.0,0.0,0.0,80.0,-7.0,0.0,80.0,1.3962634,0.0,0.0,0.0,-4.79366945,-0.32864537,1.19984503,4.86788629,-4.74338459,3.70333318,0.57628454,0.0,4.73973089,-2.21806453,8.06196364,-3.22979844,-13.63749564,0.0,18.30244275,6.85526618,0.49291818
1760625296.9,1.42117447,0.78938306,3.17096038,-0.00914232,0.95814644,-0.00351513,80.0,-7.0,0.0,80.0,1.3962634,0.0,0.0,0.0,80.0,-7.0,0.0,80.0,1.3962634,0.0,0.0,0.0,-4.79623662,-0.32420722,1.21427374,4.86008085,-4.72725495,3.66622989,0.60850394,0.0,4.75832801,-2.26512434,8.08458611,-3.20049892,-13.62563535,0.0,18.21138795,6.86059965,0.48871272
1760625296.933,1.41830526,0.77136998,3.18686217,-0.00948444,0.95833244,-0.00330113,80.0,-7.0,0.0,80.0,1.3962634,0.0,0.0,0.0,80.0,-7.0,0.0,80.0,1.3962634,0.0,0.0,0.0,-4.8555721,-0.28787458,1.28757669,4.90959812,-4.72110084,3.58771699,0.69456307,0.0,4.67718957,-2.28516074,8.1516178,-3.17026792,-13.4606304,0.0,18.1556813,6.88661123,0.46735578
1760625296.967,1.4246897,0.76602191,3.15348554,-0.00986041,0.95851644,-0.00309925,80.0,-7.0,0.0,80.0,1.3962634,0.0,0.0,0.0,80.0,-7.0,0.0,80.0,1.3962634,0.0,0.0,0.0,-4.91633804,-0.30835645,1.31512069,4.93919005,-4.67203612,3.58980036,0.8189126,0.0,4.60621857,-2.32339801,8.20037582,-3.21150296,-13.44689319,0.0,18.19247512,6.90331468,0.48911705
1760625297.034,1.4106733,0.74459703,3.18297027,-0.00861252,0.95851643,-0.00344127,80.0,-7.0,0.0,80.0,1.3962634,0.0,0.0,0.0,80.0,-7.0,0.0,80.0,1.3962634,0.0,0.0,0.0,-4.85955542,-0.28689581,1.27720304,4.84254185,-4.60484176,3.59486764,0.85287105,0.0,4.69513641,-2.40661775,8.14263869,-3.25859568,-13.37942299,0.0,18.25529334,6.90892897,0.47304986
1760625297.1,1.42593833,0.72481196,3.19023927,-0.00907566,0.9587837,-0.00362738,80.0,-7.0,0.0,80.0,1.3962634,0.0,0.0,0.0,80.0,-7.0,0.0,80.0,1.3962634,0.0,0.0,0.0,-4.86961378,-0.25506865,1.27147766,4.79936519,-4.59050905,3.65067411,0.87210725,0.0,4.72984941,-2.44820362,8.13539677,-3.27723004,-13.32084903,0.0,18.3685048,6.89979882,0.47580387
1760625297.134,1.45150796,0.70361419,3.18425475,-0.00955462,0.95850684,-0.00369122,80.0,-7.0,0.0,80.0,1.3962634,0.0,0.0,0.0,80.0,-7.0,0.0,80.0,1.3962634,0.0,0.0,0.0,-4.88100531,-0.23597237,1.25746458,4.7566233,-4.5733197,3.69900816,0.90546309,0.0,4.75748615,-2.45031446,8.12557942,-3.29104322,-13.26929178,0.0,18.32443075,6.89567333,0.47867894
1760625297.167,1.46325516,0.69001082,3.18830963,-0.00969253,0.9584965,-0.00378235,80.0,-7.0,0.0,80.0,1.3962634,0.0,0.0,0.0,80.0,-7.0,0.0,80.0,1.3962634,0.0,0.0,0.0,-4.87891719,-0.22052889,1.25835695,4.7299497,-4.55389063,3.71229399,0.94948363,0.0,4.76034768,-2.49008774,8.1165337,-3.29097083,-13.23907275,0.0,18.31735062,6.90081093,0.48137889
1760625297.201,1.46077908,0.67126175,3.23345371,-0.00902147,0.95830179,-0.00439409,80.0,-7.0,0.0,80.0,1.3962634,0.0,0.0,0.0,80.0,-7.0,0.0,80.0,1.3962634,0.0,0.0,0.0,-4.82536629,-0.17204709,1.24546385,4.66773361,-4.58026769,3.66331843,1.04953916,0.0,4.68750075,-2.53041736,8.05300349,-3.26532773,-13.16478271,0.0,18.28082444,6.91434711,0.48748877
1760625297.234,1.45051832,0.67739131,3.23412151,-0.00806593,0.9580693,-0.00453623,80.0,-7.0,0.0,80.0,1.3962634,0.0,0.0,0.0,80.0,-7.0,0.0,80.0,1.3962634,0.0,0.0,0.0,-4.83138557,-0.16523836,1.24877686,4.67229947,-4.58021838,3.66663642,1.05549736,0.0,4.68972485,-2.53150304,8.05303395,-3.27137747,-13.16228283,0.0,18.28333493,6.91475168,0.48765686
1760625297.268,1.4197601,0.6862303,3.21423247,-0.00756247,0.95779526,-0.00442536,80.0,-7.0,0.0,80.0,1.3962634,0.0,0.0,0.0,80.0,-7.0,0.0,80.0,1.3962634,0.0,0.0,0.0,-4.78550443,-0.14123574,1.31314455,4.61787113,-4.59185632,3.63932818,1.4448226,0.0,4.35268502,-2.64003822,8.02103893,-3.25270814,-13.10153388,0.0,18.29458682,6.91629547,0.48945374
1760625297.301,1.4577249,0.68767563,3.20266656,-0.00992002,0.95721957,-0.00375919,80.0,-7.0,0.0,80.0,1.3962634,0.0,0.0,0.0,80.0,-7.0,0.0,80.0,1.3962634,0.0,0.0,0.0,-4.94369923,-0.14376845,1.26147697,4.71547445,-4.55728916,3.72573693,1.46025054,0.0,4.35131981,-2.62925664,8.13873521,-3.28512998,-13.1413993,0.0,18.28589016,6.91464827,0.49672734
1760625297.335,1.46683383,0.68857002,3.17015138,-0.01131314,0.95714266,-0.00360992,80.0,-7.0,0.0,80.0,1.3962634,0.0,0.0,0.0,80.0,-7.0,0.0,80.0,1.3962634,0.0,0.0,0.0,-5.05587325,-0.12976861,1.24913993,4.78795866,-4.53635828,3.81229739,1.48392732,0.0,4.34279788,-2.60470634,8.23822349,-3.31072181,-13.2489804,0.0,18.33072812,6.94380279,0.50462706
1760625297.368,1.45702205,0.69150947,3.17564174,-0.01156028,0.95710186,-0.00402989,80.0,-7.0,0.0,80.0,1.3962634,0.0,0.0,0.0,80.0,-7.0,0.0,80.0,1.3962634,0.0,0.0,0.0,-5.07627037,-0.11767242,1.24602323,4.78652105,-4.52601901,3.82367536,1.49995288,0.0,4.35621054,-2.60008157,8.25583533,-3.30584349,-13.23931947,0.0,18.33456232,6.94443926,0.50456443
1760625297.401,1.47634395,0.67119798,3.17318001,-0.0126452,0.95751804,-0.00391009,80.0,-7.0,0.0,80.0,1.3962634,0.0,0.0,0.0,80.0,-7.0,0.0,80.0,1.3962634,0.0,0.0,0.0,-5.17121923,-0.10433909,1.25625917,4.84481227,-4.49451751,3.84993924,1.48987047,0.0,4.36878739,-2.60501141,8.30683169,-3.33205413,-13.26223113,0.0,18.38375947,6.93052938,0.48119685
1760625297.435,1.46358857,0.68110895,3.18023008,-0.01244943,0.95766894,-0.00388008,80.0,-7.0,0.0,80.0,1.3962634,0.0,0.0,0.0,80.0,-7.0,0.0,80.0,1.3962634,0.0,0.0,0.0,-5.19050836,-0.10012224,1.26419293,4.84789989,-4.48397685,3.85774135,1.50461483,0.0,4.39183492,-2.63446342,8.29332544,-3.32661033,-13.25199496,0.0,18.43205939,6.93202914,0.48251785
1760625297.468,1.45897747,0.68378763,3.1808362,-0.01235579,0.95777652,-0.00378877,80.0,-7.0,0.0,80.0,1.3962634,0.0,0.0,0.0,80.0,-7.0,0.0,80.0,1.3962634,0.0,0.0,0.0,-5.20175096,-0.10083919,1.26463738,4.83411604,-4.48384054,3.87059462,1.51620687,0.0,4.41622798,-2.64489392,8.27111688,-3.32084751,-13.22070134,0.0,18.40830168,6.93389717,0.48359031
1760625297.502,1.46349905,0.68212258,3.1953812,-0.01119282,0.95832998,-0.00348468,80.0,-7.0,0.0,80.0,1.3962634,0.0,0.0,0.0,80.0,-7.0,0.0,80.0,1.3962634,0.0,0.0,0.0,-5.17519374,-0.11492029,1.2980136,4.76360439,-4.4631847,3.88198937,1.49714227,0.0,4.44817471,-2.65730176,8.19712263,-3.32659894,-13.17416192,0.0,18.42308894,6.9475333,0.48037567
1760625297.536,1.44098071,0.68266274,3.19369174,-0.01046218,0.95860504,-0.00318104,80.0,-7.0,0.0,80.0,1.3962634,0.0,0.0,0.0,80.0,-7.0,0.0,80.0,1.3962634,0.0,0.0,0.0,-5.18064086,-0.12384085,1.29687678,4.77073084,-4.46608347,3.88727238,1.50196609,0.0,4.45729804,-2.66710631,8.19334807,-3.32311211,-13.15347321,0.0,18.39347206,6.9508278,0.47918249
1760625297.569,1.41898593,0.68577832,3.19942294,-0.00989164,0.95809884,-0.00292489,80.0,-7.0,0.0,80.0,1.3962634,0.0,0.0,0.0,80.0,-7.0,0.0,80.0,1.3962634,0.0,0.0,0.0,-5.19264808,-0.13057077,1.31044444,4.76152384,-4.46230402,3.90173308,1.51375444,0.0,4.4800059,-2.68365676,8.20293874,-3.32296654,-13.13962683,0.0,18.38777873,6.95763108,0.4790209
1760625297.636,1.40091777,0.69901621,3.19906635,-0.00976048,0.9576071,-0.00296123,80.0,-7.0,0.0,80.0,1.3962634,0.0,0.0,0.0,80.0,-7.0,0.0,80.0,1.3962634,0.0,0.0,0.0,-5.34586701,-0.14811068,1.32925322,4.84358026,-4.45442767,3.97667561,1.50620254,0.0,4.51841082,-2.69589333,8.31443141,-3.31519153,-13.0452259,0.0,18.29576271,7.05470362,0.49128691
1760625297.669,1.39089624,0.69851337,3.19190825,-0.00987626,0.95749156,-0.00315772,80.0,-7.0,0.0,80.0,1.3962634,0.0,0.0,0.0,80.0,-7.0,0.0,80.0,1.3962634,0.0,0.0,0.0,-5.36762936,-0.14629624,1.3212518,4.82783551,-4.44952546,4.00237206,1.52714997,0.0,4.54507746,-2.71645687,8.32030406,-3.31159538,-13.01518488,0.0,18.27540414,7.05053409,0.4943392
1760625297.703,1.37944647,0.69869011,3.19114967,-0.01000786,0.95726742,-0.00393173,80.0,-7.0,0.0,80.0,1.3962634,0.0,0.0,0.0,80.0,-7.0,0.0,80.0,1.3962634,0.0,0.0,0.0,-5.39136302,-0.13515647,1.32218812,4.82428239,-4.43814948,3.99787663,1.54461972,0.0,4.5601963,-2.73424184,8.32622879,-3.29904417,-13.0053008,0.0,18.23537431,7.05280855,0.4878844
1760625297.736,1.39547438,0.69029638,3.18594473,-0.00965568,0.95719775,-0.00421806,80.0,-7.0,0.0,80.0,1.3962634,0.0,0.0,0.0,80.0,-7.0,0.0,80.0,1.3962634,0.0,0.0,0.0,-5.53715839,-0.09633849,1.34346628,4.93171683,-4.46056331,3.96942629,1.657296,0.0,4.4567797,-2.75813497,8.4618462,-3.2553892,-12.9665483,0.0,18.13680205,7.08100039,0.48310317
1760625297.803,1.38042885,0.70159773,3.18287507,-0.00861805,0.95751044,-0.00414279,80.0,-7.0,0.0,80.0,1.3962634,0.0,0.0,0.0,80.0,-7.0,0.0,80.0,1.3962634,0.0,0.0,0.0,-5.68018689,-0.09454147,1.31230021,5.03565225,-4.42886074,3.96851424,1.83442832,0.0,4.32170962,-2.81285035,8.59319671,-3.24556861,-12.99044802,0.0,18.07787347,7.14439771,0.48493562
1760625297.836,1.3552881,0.69210047,3.21071097,-0.00776959,0.95749474,-0.00449236,80.0,-7.0,0.0,80.0,1.3962634,0.0,0.0,0.0,80.0,-7.0,0.0,80.0,1.3962634,0.0,0.0,0.0,-5.56807348,-0.06715325,1.32688205,4.92116263,-4.42529589,3.87676012,1.87243816,0.0,4.30567241,-2.82280023,8.4799348,-3.2234485,-12.93556402,0.0,18.03795133,7.13811384,0.47672017
1760625297.87,1.33573364,0.70112346,3.20384039,-0.00705443,0.95710082,-0.00445221,80.0,-7.0,0.0,80.0,1.3962634,0.0,0.0,0.0,80.0,-7.0,0.0,80.0,1.3962634,0.0,0.0,0.0,-5.56038483,-0.05710772,1.32546432,4.92784659,-4.42371455,3.83538596,1.86267259,0.0,4.29399328,-2.81735408,8.47097339,-3.22583551,-12.97658976,0.0,18.10433159,7.14059167,0.47631103
1760625297.903,1.32473827,0.70793779,3.19360145,-0.00725285,0.95719189,-0.00370801,80.0,-7.0,0.0,80.0,1.3962634,0.0,0.0,0.0,80.0,-7.0,0.0,80.0,1.3962634,0.0,0.0,0.0,-5.55064471,-0.0473356,1.31349875,4.89747695,-4.41163306,3.79414674,1.86008655,0.0,4.32649486,-2.82614295,8.44276797,-3.25071491,-13.02070235,0.0,18.19455936,7.14204136,0.47913151
1760625297.937,1.29113434,0.73510749,3.19615643,-0.00676358,0.95729188,-0.00307513,80.0,-7.0,0.0,80.0,1.3962634,0.0,0.0,0.0,80.0,-7.0,0.0,80.0,1.3962634,0.0,0.0,0.0,-5.46065511,-0.1150932,1.23142449,4.82022845,-4.33976509,3.84675114,1.71761708,0.0,4.49157654,-2.81278179,8.37295373,-3.34285951,-13.13791004,0.0,18.24674915,7.14781773,0.46345499
1760625297.97,1.28753549,0.74142275,3.18853125,-0.00678263,0.95728214,-0.00292652,80.0,-7.0,0.0,80.0,1.3962634,0.0,0.0,0.0,80.0,-7.0,0.0,80.0,1.3962634,0.0,0.0,0.0,-5.46563609,-0.10531761,1.22350896,4.81337476,-4.34241357,3.83461407,1.70843698,0.0,4.48975132,-2.81871513,8.37812434,-3.35826978,-13.14574586,0.0,18.24547049,7.14853547,0.46143737
1760625298.003,1.28478754,0.72222618,3.16358339,-0.00666849,0.95710533,-0.00301517,80.0,-7.0,0.0,80.0,1.3962634,0.0,0.0,0.0,80.0,-7.0,0.0,80.0,1.3962634,0.0,0.0,0.0,-5.53874532,-0.11216436,1.18171052,4.87374477,-4.29895762,3.90029119,1.58403919,0.0,4.6216867,-2.80426081,8.44202978,-3.4386798,-13.22731602,0.0,18.27895969,7.16199913,0.44552698
1760625298.037,1.27446563,0.73884765,3.17247302,-0.00619642,0.95694304,-0.00333536,80.0,-7.0,0.0,80.0,1.3962634,0.0,0.0,0.0,80.0,-7.0,0.0,80.0,1.3962634,0.0,0.0,0.0,-5.54176879,-0.11188673,1.18231755,4.85057675,-4.3146338,3.89633716,1.58068627,0.0,4.65271246,-2.8017543,8.46102045,-3.45489051,-13.23882844,0.0,18.3185719,7.16357712,0.44749922
1760625298.07,1.25364591,0.75362854,3.18115066,-0.00619705,0.95666428,-0.00331007,80.0,-7.0,0.0,80.0,1.3962634,0.0,0.0,0.0,80.0,-7.0,0.0,80.0,1.3962634,0.0,0.0,0.0,-5.49159885,-0.14651996,1.17895064,4.8174769,-4.29800114,3.87005079,1.25830415,0.0,4.96764731,-2.74704189,8.43281158,-3.49867856,-13.25171158,0.0,18.34124471,7.16802221,0.44747651
1760625298.104,1.2658379,0.77913554,3.13453011,-0.00697855,0.95654509,-0.00340886,80.0,-7.0,0.0,80.0,1.3962634,0.0,0.0,0.0,80.0,-7.0,0.0,80.0,1.3962634,0.0,0.0,0.0,-5.56050732,-0.17090245,1.1638009,4.86859819,-4.32501696,3.90952418,1.22284423,0.0,5.02224927,-2.75894926,8.49535265,-3.52148508,-13.38360649,0.0,18.40738586,7.18632637,0.41813722
1760625298.137,1.26554653,0.77903443,3.13964563,-0.00727615,0.95669871,-0.00350032,80.0,-7.0,0.0,80.0,1.3962634,0.0,0.0,0.0,80.0,-7.0,0.0,80.0,1.3962634,0.0,0.0,0.0,-5.56972265,-0.17795536,1.15049557,4.86450541,-4.33360834,3.87473364,1.22186153,0.0,5.04703843,-2.78911253,8.52144573,-3.5277588,-13.42533282,0.0,18.41792293,7.19563325,0.41791661
1760625298.171,1.26779161,0.78048798,3.13901414,-0.00763602,0.9567486,-0.00322543,80.0,-7.0,0.0,80.0,1.3962634,0.0,0.0,0.0,80.0,-7.0,0.0,80.0,1.3962634,0.0,0.0,0.0,-5.57651422,-0.18979821,1.14138501,4.87806298,-4.3461343,3.83801446,1.21397598,0.0,5.05339972,-2.80635758,8.51392663,-3.52732716,-13.45901452,0.0,18.42314194,7.20831342,0.41852165
1760625298.204,1.25984519,0.79650307,3.12728831,-0.00807281,0.95689544,-0.0025857,80.0,-7.0,0.0,80.0,1.3962634,0.0,0.0,0.0,80.0,-7.0,0.0,80.0,1.3962634,0.0,0.0,0.0,-5.60109294,-0.22968739,1.121878,4.91642081,-4.36046137,3.822809,1.18621017,0.0,5.04147001,-2.80186542,8.54947603,-3.5138633,-13.48475095,0.0,18.37247805,7.25854605,0.41395903
1760625298.238,1.25752689,0.79740284,3.13010234,-0.00808207,0.95715901,-0.00221572,80.0,-7.0,0.0,80.0,1.3962634,0.0,0.0,0.0,80.0,-7.0,0.0,80.0,1.3962634,0.0,0.0,0.0,-5.61533271,-0.24881856,1.12202267,4.92876003,-4.36931567,3.78349265,1.18625569,0.0,5.03785486,-2.8150815,8.57619396,-3.50821066,-13.54254595,0.0,18.45060812,7.27854837,0.41550822
1760625298.305,1.25145998,0.8208677,3.1174354,-0.0085526,0.95648123,-0.00231019,80.0,-7.0,0.0,80.0,1.3962634,0.0,0.0,0.0,80.0,-7.0,0.0,80.0,1.3962634,0.0,0.0,0.0,-5.63083063,-0.28175448,1.11393934,4.95271746,-4.44331534,3.7835462,1.19615033,0.0,4.99816494,-2.84348446,8.60566925,-3.46904528,-13.65020173,0.0,18.48964644,7.32787369,0.39131378
1760625298.338,1.24289587,0.80293252,3.13699305,-0.00772592,0.95583103,-0.00344169,80.0,-7.0,0.0,80.0,1.3962634,0.0,0.0,0.0,80.0,-7.0,0.0,80.0,1.3962634,0.0,0.0,0.0,-5.61463528,-0.19674202,1.1304707,4.95596498,-4.55718982,3.76949643,1.25685372,0.0,4.93895969,-2.88318186,8.61092412,-3.38728369,-13.62242091,0.0,18.49546303,7.34764574,0.39386351
1760625298.372,1.24105619,0.7929706,3.12895105,-0.00750443,0.95527671,-0.00419446,80.0,-7.0,0.0,80.0,1.3962634,0.0,0.0,0.0,80.0,-7.0,0.0,80.0,1.3962634,0.0,0.0,0.0,-5.45575444,-0.16389304,1.20933002,4.79381622,-4.63283359,3.73273949,1.26253123,0.0,4.96249911,-2.89127495,8.45925735,-3.36479648,-13.66638751,0.0,18.58147392,7.34458153,0.39084082
1760625298.405,1.22333604,0.78782622,3.14152927,-0.00724458,0.9554199,-0.0042332,80.0,-7.0,0.0,80.0,1.3962634,0.0,0.0,0.0,80.0,-7.0,0.0,80.0,1.3962634,0.0,0.0,0.0,-5.4365061,-0.16204529,1.2140392,4.82198022,-4.6713219,3.71168336,1.24718591,0.0,4.94373639,-2.86860527,8.47468778,-3.37829752,-13.6686515,0.0,18.63074626,7.33817048,0.38196038
1760625298.438,1.19307802,0.78405948,3.14787137,-0.00708628,0.95560244,-0.00406311,80.0,-7.0,0.0,80.0,1.3962634,0.0,0.0,0.0,80.0,-7.0,0.0,80.0,1.3962634,0.0,0.0,0.0,-5.41495574,-0.14884676,1.22483973,4.86062534,-4.70675523,3.70799606,1.22079665,0.0,4.94027536,-2.89051831,8.52117409,-3.37782028,-13.66297236,0.0,18.61561796,7.34391628,0.36640653
1760625298.472,1.18852153,0.76233484,3.15848746,-0.00640123,0.95572439,-0.00438304,80.0,-7.0,0.0,80.0,1.3962634,0.0,0.0,0.0,80.0,-7.0,0.0,80.0,1.3962634,0.0,0.0,0.0,-5.51221955,-0.08569016,1.19594439,4.99345956,-4.79585743,3.76798663,1.17505068,0.0,5.00363484,-2.88701244,8.68756042,-3.35693311,-13.75614008,0.0,18.66776229,7.36599506,0.36521183
1760625298.505,1.17527929,0.75737992,3.17037161,-0.00604976,0.95592779,-0.00461087,80.0,-7.0,0.0,80.0,1.3962634,0.0,0.0,0.0,80.0,-7.0,0.0,80.0,1.3962634,0.0,0.0,0.0,-5.60002867,-0.06269709,1.13527674,5.13589973,-4.8362711,3.83006717,1.14953935,0.0,5.02156111,-2.89692357,8.84540875,-3.35813775,-13.80956262,0.0,18.64628172,7.37324277,0.33251729
1760625298.539,1.18656225,0.75550234,3.17377744,-0.0059547,0.95607927,-0.00463957,80.0,-7.0,0.0,80.0,1.3962634,0.0,0.0,0.0,80.0,-7.0,0.0,80.0,1.3962634,0.0,0.0,0.0,-5.58603109,-0.0638586,1.13866218,5.15228665,-4.85552952,3.81252266,1.14254683,0.0,5.01765559,-2.90666539,8.85369273,-3.37437465,-13.82665689,0.0,18.65490163,7.37469321,0.33226594
1760625298.572,1.21599597,0.7376214,3.15724591,-0.00852086,0.95597664,-0.00486244,80.0,-7.0,0.0,80.0,1.3962634,0.0,0.0,0.0,80.0,-7.0,0.0,80.0,1.3962634,0.0,0.0,0.0,-5.71802352,-0.01108738,1.1156519,5.32489222,-4.89879335,3.84873861,1.13524723,0.0,5.01147828,-2.92079817,9.00329078,-3.36485631,-13.92856586,0.0,18.7371505,7.38531761,0.31805781
1760625298.606,1.22196165,0.73538421,3.16230102,-0.00930841,0.9560265,-0.0049241,80.0,-7.0,0.0,80.0,1.3962634,0.0,0.0,0.0,80.0,-7.0,0.0,80.0,1.3962634,0.0,0.0,0.0,-5.72010286,-0.00665445,1.1231718,5.35213731,-4.91250107,3.8073143,1.14491349,0.0,5.00306302,-2.91727622,9.03247041,-3.37609203,-13.98720355,0.0,18.82549112,7.38986594,0.32096559
1760625298.639,1.24115331,0.72176952,3.13475579,-0.01050012,0.95604714,-0.00513964,80.0,-7.0,0.0,80.0,1.3962634,0.0,0.0,0.0,80.0,-7.0,0.0,80.0,1.3962634,0.0,0.0,0.0,-5.82135598,0.03056372,1.11289316,5.47340078,-4.93179576,3.80677436,1.16354348,0.0,4.95527661,-2.92509694,9.13159321,-3.35892678,-14.10601839,0.0,18.8706381,7.41647375,0.31807936
1760625298.672,1.26795521,0.71421071,3.14781784,-0.011714,0.95636179,-0.00523131,80.0,-7.0,0.0,80.0,1.3962634,0.0,0.0,0.0,80.0,-7.0,0.0,80.0,1.3962634,0.0,0.0,0.0,-5.80648737,0.03453009,1.12371749,5.46508834,-4.91938377,3.71289712,1.14812306,0.0,4.93358511,-2.91310026,9.08651414,-3.36732177,-14.17036711,0.0,18.91441434,7.41303227,0.3152535
1760625298.706,1.26254887,0.69479535,3.15291805,-0.0104949,0.95655372,-0.00552076,80.0,-7.0,0.0,80.0,1.3962634,0.0,0.0,0.0,80.0,-7.0,0.0,80.0,1.3962634,0.0,0.0,0.0,-5.65445746,0.04825208,1.16976452,5.31681026,-4.89577696,3.63096218,1.09322261,0.0,4.96782288,-2.90197006,8.92555387,-3.37596807,-14.22074325,0.0,18.98070821,7.41893982,0.31444102
1760625298.739,1.26941618,0.68869216,3.16320335,-0.00982541,0.95671558,-0.00559898,80.0,-7.0,0.0,80.0,1.3962634,0.0,0.0,0.0,80.0,-7.0,0.0,80.0,1.3962634,0.0,0.0,0.0,-5.54912846,0.03707146,1.16918997,5.20382115,-4.86965973,3.52915145,1.05551136,0.0,5.01724228,-2.89993956,8.80244609,-3.39718216,-14.31944272,0.0,19.0385282,7.431338,0.31588458
1760625298.773,1.2641829,0.6929275,3.15544758,-0.0101335,0.95638346,-0.00568477,80.0,-7.0,0.0,80.0,1.3962634,0.0,0.0,0.0,80.0,-7.0,0.0,80.0,1.3962634,0.0,0.0,0.0,-5.36644611,0.01948693,1.1680235,5.04387687,-4.85339558,3.42705747,0.94494146,0.0,5.0702612,-2.86818427,8.62134421,-3.41039263,-14.50771986,0.0,19.07711088,7.46040436,0.33010525
1760625298.806,1.26383345,0.68968143,3.16743123,-0.0095043,0.95614264,-0.00599287,80.0,-7.0,0.0,80.0,1.3962634,0.0,0.0,0.0,80.0,-7.0,0.0,80.0,1.3962634,0.0,0.0,0.0,-5.35673831,0.01005851,1.17781638,5.04555247,-4.84667847,3.33560401,0.91655206,0.0,5.05006067,-2.85222738,8.61869413,-3.4022344,-14.61481346,0.0,19.05320473,7.46196923,0.32595528
1760625298.84,1.26440226,0.69112426,3.1751143,-0.00891391,0.95615563,-0.00575723,80.0,-7.0,0.0,80.0,1.3962634,0.0,0.0,0.0,80.0,-7.0,0.0,80.0,1.3962634,0.0,0.0,0.0,-5.34192755,-0.00551525,1.18140028,5.03072778,-4.84822035,3.24562671,0.91100929,0.0,5.06043764,-2.84791065,8.59564668,-3.4127044,-14.70472742,0.0,19.10566924,7.46034792,0.31969562
1760625298.873,1.26586419,0.68943091,3.18309498,-0.00835517,0.95625231,-0.00583926,80.0,-7.0,0.0,80.0,1.3962634,0.0,0.0,0.0,80.0,-7.0,0.0,80.0,1.3962634,0.0,0.0,0.0,-5.32167213,-0.03201592,1.18408017,5.02169094,-4.86583198,3.13548186,0.88296086,0.0,5.04559814,-2.83020735,8.56353383,-3.42239149,-14.82697187,0.0,19.19848759,7.44942226,0.31080004
1760625298.907,1.26704202,0.68953717,3.18742051,-0.00815279,0.9565619,-0.0056642,80.0,-7.0,0.0,80.0,1.3962634,0.0,0.0,0.0,80.0,-7.0,0.0,80.0,1.3962634,0.0,0.0,0.0,-5.30141938,-0.05719283,1.18797521,5.02336687,-4.87971033,3.07772443,0.85437972,0.0,5.02179679,-2.82517374,8.53909188,-3.42670715,-14.89937604,0.0,19.2399125,7.43865889,0.30129088
1760625298.94,1.26934823,0.67952085,3.18611088,-0.00823047,0.9567275,-0.00583995,80.0,-7.0,0.0,80.0,1.3962634,0.0,0.0,0.0,80.0,-7.0,0.0,80.0,1.3962634,0.0,0.0,0.0,-5.29559884,-0.07421293,1.18633092,5.02295145,-4.8879732,3.06503761,0.84445752,0.0,5.01489832,-2.82299315,8.53206783,-3.41970982,-14.91763589,0.0,19.23324514,7.43697116,0.29949663
1760625298.974,1.25176924,0.71651732,3.15692442,-0.00823793,0.95669176,-0.00549897,80.0,-7.0,0.0,80.0,1.3962634,0.0,0.0,0.0,80.0,-7.0,0.0,80.0,1.3962634,0.0,0.0,0.0,-5.23625454,-0.12378314,1.16695055,5.00421195,-4.91084957,3.12069216,0.7819663,0.0,5.06227845,-2.82206059,8.48111453,-3.39250883,-15.03799949,0.0,19.28172327,7.43078237,0.27243689
1760625299.007,1.26471833,0.71895238,3.17138126,-0.00831672,0.95680878,-0.00507372,80.0,-7.0,0.0,80.0,1.3962634,0.0,0.0,0.0,80.0,-7.0,0.0,80.0,1.3962634,0.0,0.0,0.0,-5.33246433,-0.14520553,1.13483906,5.12546509,-4.91363279,3.13909816,0.82746576,0.0,5.01480607,-2.84309007,8.56805104,-3.37508763,-15.0206097,0.0,19.26328722,7.41917188,0.26634928
1760625299.041,1.2742745,0.71752418,3.15959748,-0.00893024,0.95685317,-0.00476927,80.0,-7.0,0.0,80.0,1.3962634,0.0,0.0,0.0,80.0,-7.0,0.0,80.0,1.3962634,0.0,0.0,0.0,-5.33364748,-0.15398732,1.12362806,5.1390396,-4.89465917,3.20022116,0.83333302,0.0,5.02048931,-2.86539154,8.56028748,-3.33750293,-14.96588827,0.0,19.1734717,7.41902238,0.26740915
1760625299.074,1.28294823,0.71447025,3.16590023,-0.00945632,0.95688425,-0.00457045,80.0,-7.0,0.0,80.0,1.3962634,0.0,0.0,0.0,80.0,-7.0,0.0,80.0,1.3962634,0.0,0.0,0.0,-5.32972677,-0.16833354,1.12258797,5.17569657,-4.87004211,3.20998135,0.8243541,0.0,5.01695374,-2.84854778,8.53289912,-3.29809842,-14.97961651,0.0,19.24885536,7.41523895,0.26902896
1760625299.107,1.29414806,0.70983211,3.16443915,-0.00983918,0.95687409,-0.0045566,80.0,-7.0,0.0,80.0,1.3962634,0.0,0.0,0.0,80.0,-7.0,0.0,80.0,1.3962634,0.0,0.0,0.0,-5.31699635,-0.17839618,1.11982538,5.19772201,-4.82868517,3.2077334,0.82265278,0.0,5.03385274,-2.85254408,8.49355304,-3.25818997,-14.98774931,0.0,19.27829448,7.41494696,0.26557422
1760625299.141,1.30066112,0.70047777,3.15989423,-0.00983805,0.95684846,-0.00511611,80.0,-7.0,0.0,80.0,1.3962634,0.0,0.0,0.0,80.0,-7.0,0.0,80.0,1.3962634,0.0,0.0,0.0,-5.2984109,-0.18522492,1.11608203,5.21329094,-4.77802099,3.22139705,0.80779375,0.0,5.05249685,-2.85736973,8.45705815,-3.21479222,-14.99375039,0.0,19.2612702,7.42116027,0.26269362
1760625299.174,1.2687969,0.68822691,3.16760862,-0.00933622,0.95682568,-0.0058171,80.0,-7.0,0.0,80.0,1.3962634,0.0,0.0,0.0,80.0,-7.0,0.0,80.0,1.3962634,0.0,0.0,0.0,-5.16429344,-0.19648844,1.08949484,5.15515451,-4.69269396,3.25953706,0.62344758,0.0,5.25901144,-2.83809629,8.31624762,-3.13858717,-14.99651757,0.0,19.21866856,7.4413483,0.243007
1760625299.208,1.27523562,0.67271494,3.16459569,-0.00881093,0.95681146,-0.00625391,80.0,-7.0,0.0,80.0,1.3962634,0.0,0.0,0.0,80.0,-7.0,0.0,80.0,1.3962634,0.0,0.0,0.0,-5.1827662,-0.20424298,1.08349571,5.20065514,-4.62820192,3.29091462,0.62619953,0.0,5.25551589,-2.82306302,8.29693967,-3.0628961,-14.94824877,0.0,19.13422487,7.44048891,0.23194964
1760625299.242,1.28704489,0.65875811,3.19211731,-0.0088411,0.95694379,-0.00641476,80.0,-7.0,0.0,80.0,1.3962634,0.0,0.0,0.0,80.0,-7.0,0.0,80.0,1.3962634,0.0,0.0,0.0,-5.17837648,-0.22583316,1.11546769,5.18826698,-4.51716713,3.28999626,0.66766519,0.0,5.24397916,-2.81038973,8.20284383,-2.93579053,-14.80991586,0.0,19.0968549,7.45097835,0.22614746
1760625299.275,1.28048456,0.65403448,3.19414184,-0.00938587,0.95715864,-0.00601311,80.0,-7.0,0.0,80.0,1.3962634,0.0,0.0,0.0,80.0,-7.0,0.0,80.0,1.3962634,0.0,0.0,0.0,-5.18336966,-0.24645991,1.13093774,5.22550843,-4.4043986,3.29425538,0.67684707,0.0,5.23160358,-2.84848293,8.14244917,-2.82276608,-14.76020085,0.0,19.0224041,7.46072506,0.23129154
1760625299.308,1.28528403,0.66113134,3.18474463,-0.00961916,0.95732669,-0.00564564,80.0,-7.0,0.0,80.0,1.3962634,0.0,0.0,0.0,80.0,-7.0,0.0,80.0,1.3962634,0.0,0.0,0.0,-5.30968893,-0.3380453,1.18773926,5.37502976,-4.24594687,3.20973136,0.73598305,0.0,5.1566008,-2.84346599,8.2151315,-2.74134858,-14.66735617,0.0,18.99569831,7.46733848,0.20632964
1760625299.342,1.28386684,0.64860731,3.19202766,-0.01029731,0.95764838,-0.00536954,80.0,-7.0,0.0,80.0,1.3962634,0.0,0.0,0.0,80.0,-7.0,0.0,80.0,1.3962634,0.0,0.0,0.0,-5.32446818,-0.38811217,1.14054937,5.43944482,-4.03346883,3.2473459,0.73371322,0.0,5.14683084,-2.80205242,8.11603876,-2.59466283,-14.45725814,0.0,18.84284156,7.49564339,0.21443685
1760625299.375,1.295872,0.64221593,3.18160387,-0.0109492,0.95756187,-0.00465755,80.0,-7.0,0.0,80.0,1.3962634,0.0,0.0,0.0,80.0,-7.0,0.0,80.0,1.3962634,0.0,0.0,0.0,-5.30776473,-0.44857653,1.13250391,5.42699496,-3.81802232,3.28866486,0.69494088,0.0,5.22341357,-2.81391684,7.98659442,-2.51203761,-14.37504028,0.0,18.84243121,7.5207036,0.23282296
1760625299.409,1.28471213,0.63886435,3.1733772,-0.01112406,0.95770538,-0.00419624,80.0,-7.0,0.0,80.0,1.3962634,0.0,0.0,0.0,80.0,-7.0,0.0,80.0,1.3962634,0.0,0.0,0.0,-5.30801583,-0.47389355,1.11312995,5.46731397,-3.65955638,3.32172498,0.70320723,0.0,5.26083376,-2.82193381,7.9100368,-2.40258854,-14.30700261,0.0,18.79814752,7.51333536,0.22876045
1760625299.442,1.2734492,0.65242457,3.17684654,-0.01245224,0.95780858,-0.00389408,80.0,-7.0,0.0,80.0,1.3962634,0.0,0.0,0.0,80.0,-7.0,0.0,80.0,1.3962634,0.0,0.0,0.0,-4.95734062,-0.57212219,1.25383315,5.16803619,-3.42973837,3.16339022,0.62312803,0.0,5.34961385,-2.81178816,7.42407717,-2.31417598,-13.99751748,0.0,18.69521496,7.52074908,0.24990407
1760625299.476,1.2565462,0.64695292,3.16486545,-0.01265158,0.95789437,-0.00394683,80.0,-7.0,0.0,80.0,1.3962634,0.0,0.0,0.0,80.0,-7.0,0.0,80.0,1.3962634,0.0,0.0,0.0,-4.84273359,-0.58973981,1.21199097,5.08894911,-3.30222926,3.26475744,0.39890396,0.0,5.59051582,-2.76855438,7.25297136,-2.2604414,-13.94532091,0.0,18.6686395,7.52341463,0.25172325
1760625299.509,1.27296262,0.64010861,3.15210724,-0.0127775,0.95839654,-0.00410874,80.0,-7.0,0.0,80.0,1.3962634,0.0,0.0,0.0,80.0,-7.0,0.0,80.0,1.3962634,0.0,0.0,0.0,-4.84351374,-0.5808909,1.21604779,5.07488674,-3.22387464,3.34321436,0.40534239,0.0,5.61222963,-2.77217689,7.19496184,-2.19665678,-13.90260638,0.0,18.66065615,7.52478028,0.26072646
1760625299.542,1.28069622,0.61950319,3.13668827,-0.01160518,0.95854379,-0.00410243,80.0,-7.0,0.0,80.0,1.3962634,0.0,0.0,0.0,80.0,-7.0,0.0,80.0,1.3962634,0.0,0.0,0.0,-4.79976312,-0.56448086,1.23546079,4.99881821,-3.17165747,3.42429777,0.40744476,0.0,5.64251678,-2.74525774,7.10650962,-2.15273882,-13.90180833,0.0,18.70963853,7.53580501,0.27978704
1760625299.576,1.27425478,0.61937837,3.15056256,-0.01137078,0.95848914,-0.00436559,80.0,-7.0,0.0,80.0,1.3962634,0.0,0.0,0.0,80.0,-7.0,0.0,80.0,1.3962634,0.0,0.0,0.0,-4.79786635,-0.56397107,1.24867011,4.97833327,-3.15181699,3.46343084,0.39750443,0.0,5.63614335,-2.73058662,7.09928027,-2.13552909,-13.88003652,0.0,18.71709723,7.53804765,0.28160022
1760625299.609,1.21172433,0.61287735,3.1650234,-0.00994134,0.95841861,-0.00445358,80.0,-7.0,0.0,80.0,1.3962634,0.0,0.0,0.0,80.0,-7.0,0.0,80.0,1.3962634,0.0,0.0,0.0,-4.55572782,-0.55845863,1.20879993,4.76380479,-3.1317687,3.52482334,0.23063835,0.0,5.81038087,-2.70585621,6.89169077,-2.13341632,-13.86032165,0.0,18.62005511,7.58426099,0.29926932
1760625299.643,1.22775899,0.62210901,3.17601296,-0.00946028,0.95850798,-0.00431101,80.0,-7.0,0.0,80.0,1.3962634,0.0,0.0,0.0,80.0,-7.0,0.0,80.0,1.3962634,0.0,0.0,0.0,-4.67185649,-0.58650215,1.19715024,4.81753785,-3.09908685,3.58562003,0.0223398,0.0,6.04121322,-2.65711077,6.96605457,-2.15783448,-13.82663855,0.0,18.5637832,7.56606046,0.27548679
1760625299.676,1.23191289,0.60287578,3.178072,-0.00992825,0.95839005,-0.00461624,80.0,-7.0,0.0,80.0,1.3962634,0.0,0.0,0.0,80.0,-7.0,0.0,80.0,1.3962634,0.0,0.0,0.0,-4.49260409,-0.54669156,1.20076964,4.59455324,-3.09263722,3.63092364,0.0,0.0,6.07753818,-2.64586106,6.74036761,-2.13002606,-13.81625778,0.0,18.53847068,7.57797449,0.29000409
1760625299.71,1.22808045,0.60703426,3.16162146,-0.01037349,0.9584358,-0.00489066,80.0,-7.0,0.0,80.0,1.3962634,0.0,0.0,0.0,80.0,-7.0,0.0,80.0,1.3962634,0.0,0.0,0.0,-4.52226781,-0.53790294,1.18102057,4.60531951,-3.08794125,3.64699813,0.0,0.0,6.07423631,-2.63537471,6.74255799,-2.10790577,-13.79943255,0.0,18.46241764,7.59140678,0.29539144
1760625299.743,1.24073481,0.60431445,3.16668031,-0.01051348,0.95860469,-0.0049557,80.0,-7.0,0.0,80.0,1.3962634,0.0,0.0,0.0,80.0,-7.0,0.0,80.0,1.3962634,0.0,0.0,0.0,-4.67280406,-0.5061005,1.12092279,4.73135708,-3.06955157,3.73080145,0.0,0.0,6.05625096,-2.61667443,6.84306788,-2.0715735,-13.84320966,0.0,18.4079117,7.63299337,0.30736845
1760625299.776,1.23510824,0.61344343,3.15822101,-0.01035863,0.95864186,-0.00514194,80.0,-7.0,0.0,80.0,1.3962634,0.0,0.0,0.0,80.0,-7.0,0.0,80.0,1.3962634,0.0,0.0,0.0,-4.70077392,-0.49290083,1.10958216,4.75128278,-3.05390117,3.77204982,0.00365337,0.0,6.08361907,-2.6156225,6.83793862,-2.03747913,-13.80643796,0.0,18.326263,7.62349062,0.30408583
1760625299.81,1.2305414,0.62059523,3.16390365,-0.01016322,0.95862444,-0.00510444,80.0,-7.0,0.0,80.0,1.3962634,0.0,0.0,0.0,80.0,-7.0,0.0,80.0,1.3962634,0.0,0.0,0.0,-4.71765032,-0.48233034,1.11000716,4.77315585,-3.04109746,3.77092027,0.0,0.0,6.08932842,-2.6187261,6.80775106,-2.01517079,-13.80745453,0.0,18.33150219,7.62384286,0.30601924
1760625299.843,1.24100892,0.63204519,3.17528559,-0.0100213,0.95873835,-0.00466004,80.0,-7.0,0.0,80.0,1.3962634,0.0,0.0,0.0,80.0,-7.0,0.0,80.0,1.3962634,0.0,0.0,0.0,-4.74905918,-0.46149894,1.12852087,4.7846353,-3.02482633,3.81503405,0.00387555,0.0,6.11272584,-2.65138156,6.7732083,-1.98158446,-13.79448909,0.0,18.30688065,7.62638459,0.30814435
1760625299.877,1.26223764,0.62533439,3.1648701,-0.00968269,0.95898444,-0.00413499,80.0,-7.0,0.0,80.0,1.3962634,0.0,0.0,0.0,80.0,-7.0,0.0,80.0,1.3962634,0.0,0.0,0.0,-4.86492851,-0.4427702,1.10620184,4.87635967,-3.01453979,3.88043658,0.05953047,0.0,6.09812573,-2.66946656,6.85875452,-1.97626235,-13.8290425,0.0,18.27525405,7.63184303,0.29229317
1760625299.91,1.25018356,0.6396231,3.17882152,-0.00963891,0.95885465,-0.00410299,80.0,-7.0,0.0,80.0,1.3962634,0.0,0.0,0.0,80.0,-7.0,0.0,80.0,1.3962634,0.0,0.0,0.0,-4.91230846,-0.44124975,1.12354142,4.93154853,-3.01453218,3.86791359,0.07896429,0.0,6.08067576,-2.6869575,6.90619461,-1.9631756,-13.83994423,0.0,18.29745126,7.63643369,0.30059877
1760625299.944,1.23804178,0.64298515,3.16577146,-0.0087173,0.95876432,-0.00426645,80.0,-7.0,0.0,80.0,1.3962634,0.0,0.0,0.0,80.0,-7.0,0.0,80.0,1.3962634,0.0,0.0,0.0,-5.00669243,-0.40348724,1.09671819,5.03089136,-3.04222561,3.97365404,0.13423088,0.0,6.00543612,-2.6884059,7.02330886,-1.92121527,-13.89988522,0.0,18.265755,7.64553602,0.31178142
1760625299.977,1.23524201,0.64509598,3.18153096,-0.00840515,0.95871274,-0.00427622,80.0,-7.0,0.0,80.0,1.3962634,0.0,0.0,0.0,80.0,-7.0,0.0,80.0,1.3962634,0.0,0.0,0.0,-5.01213585,-0.40264892,1.11148349,5.01875773,-3.0407748,3.99634543,0.13976158,0.0,6.00873237,-2.68768502,7.02850276,-1.91973825,-13.89610179,0.0,18.27193512,7.64568276,0.3119941
1760625300.011,1.23267846,0.65160189,3.1905955,-0.00822284,0.95871227,-0.00420282,80.0,-7.0,0.0,80.0,1.3962634,0.0,0.0,0.0,80.0,-7.0,0.0,80.0,1.3962634,0.0,0.0,0.0,-5.01822347,-0.39864543,1.12293269,5.00763652,-3.04418706,4.00662541,0.14151865,0.0,6.00983895,-2.69486619,7.03289598,-1.92633899,-13.90072359,0.0,18.27899625,7.6475403,0.31286759
1760625300.044,1.25068084,0.66237011,3.17581435,-0.00893148,0.95891423,-0.003613,80.0,-7.0,0.0,80.0,1.3962634,0.0,0.0,0.0,80.0,-7.0,0.0,80.0,1.3962634,0.0,0.0,0.0,-5.03557449,-0.40489009,1.13300598,4.9838512,-3.03828842,4.02078776,0.15407132,0.0,6.01492392,-2.70894489,7.01967264,-1.94027792,-13.93929673,0.0,18.28370442,7.65003123,0.32147662
1760625300.078,1.25424991,0.66451863,3.17353917,-0.00959837,0.95902824,-0.003327,80.0,-7.0,0.0,80.0,1.3962634,0.0,0.0,0.0,80.0,-7.0,0.0,80.0,1.3962634,0.0,0.0,0.0,-5.04394438,-0.41079235,1.1334396,4.97769887,-3.04554033,4.02100388,0.16683183,0.0,6.01934808,-2.70272219,7.00363184,-1.95523876,-13.94884528,0.0,18.26814066,7.64339374,0.31774893
1760625300.111,1.27426488,0.67393452,3.16851974,-0.01056454,0.95924097,-0.00300155,80.0,-7.0,0.0,80.0,1.3962634,0.0,0.0,0.0,80.0,-7.0,0.0,80.0,1.3962634,0.0,0.0,0.0,-5.04709212,-0.41701385,1.13480547,4.96190971,-3.03933769,4.02509966,0.17702526,0.0,6.01052156,-2.73198942,6.9533921,-1.94704458,-13.89905812,0.0,18.21809929,7.63569354,0.31930659
1760625300.144,1.26421843,0.67702229,3.16247457,-0.01002359,0.95915571,-0.00301131,80.0,-7.0,0.0,80.0,1.3962634,0.0,0.0,0.0,80.0,-7.0,0.0,80.0,1.3962634,0.0,0.0,0.0,-5.05683507,-0.42584525,1.13264512,4.96263279,-3.05660298,4.01248753,0.19352641,0.0,6.00142927,-2.72979963,6.94985824,-1.95989263,-13.90388351,0.0,18.27993414,7.63880344,0.32009787
1760625300.178,1.25472711,0.67754024,3.15861784,-0.00986441,0.9590462,-0.00294142,80.0,-7.0,0.0,80.0,1.3962634,0.0,0.0,0.0,80.0,-7.0,0.0,80.0,1.3962634,0.0,0.0,0.0,-5.06829807,-0.42638861,1.13062675,4.96100593,-3.05544183,4.04233953,0.19711426,0.0,5.99765263,-2.72286657,6.94679768,-1.95928821,-13.87126434,0.0,18.29296291,7.63881449,0.32021604
1760625300.211,1.25057137,0.67760057,3.15149578,-0.00990405,0.95890784,-0.003072,80.0,-7.0,0.0,80.0,1.3962634,0.0,0.0,0.0,80.0,-7.0,0.0,80.0,1.3962634,0.0,0.0,0.0,-5.08797818,-0.43433496,1.1267388,4.93925152,-3.06440783,4.09634546,0.21930191,0.0,5.99704603,-2.69808843,6.93919665,-1.95604507,-13.7910628,0.0,18.23855252,7.64325615,0.32159276
1760625300.245,1.2420954,0.67371492,3.1409523,-0.00947419,0.95891781,-0.00336528,80.0,-7.0,0.0,80.0,1.3962634,0.0,0.0,0.0,80.0,-7.0,0.0,80.0,1.3962634,0.0,0.0,0.0,-5.09661175,-0.43769505,1.11246954,4.92716472,-3.0708481,4.10125418,0.21368142,0.0,5.98741284,-2.69865085,6.9429658,-1.95654663,-13.76550593,0.0,18.25602647,7.64544597,0.323902
1760625300.278,1.24301047,0.68256948,3.17425082,-0.00900766,0.95906791,-0.00345053,80.0,-7.0,0.0,80.0,1.3962634,0.0,0.0,0.0,80.0,-7.0,0.0,80.0,1.3962634,0.0,0.0,0.0,-5.05404983,-0.42523075,1.15265095,4.84533166,-3.12299357,4.0240585,0.27220059,0.0,5.91885815,-2.6897338,6.88996909,-1.93260902,-13.65673748,0.0,18.2532881,7.68277458,0.35289373
1760625300.312,1.23666078,0.68346128,3.16970977,-0.00883761,0.95943458,-0.00346815,80.0,-7.0,0.0,80.0,1.3962634,0.0,0.0,0.0,80.0,-7.0,0.0,80.0,1.3962634,0.0,0.0,0.0,-5.07302667,-0.4275955,1.14145264,4.82818966,-3.13926932,4.02898811,0.29394711,0.0,5.92165383,-2.70865223,6.9106085,-1.9513937,-13.64732764,0.0,18.31832563,7.6864895,0.34811982
1760625300.345,1.23238766,0.6858365,3.16774139,-0.00823857,0.9594103,-0.00343046,80.0,-7.0,0.0,80.0,1.3962634,0.0,0.0,0.0,80.0,-7.0,0.0,80.0,1.3962634,0.0,0.0,0.0,-5.08168225,-0.42915381,1.13502773,4.82164917,-3.15747683,4.02077344,0.30161439,0.0,5.89960263,-2.69419305,6.91964528,-1.98089177,-13.65937979,0.0,18.32218362,7.6964839,0.34426716
1760625300.378,1.23472135,0.70602316,3.1761275,-0.0079594,0.95944657,-0.00341733,80.0,-7.0,0.0,80.0,1.3962634,0.0,0.0,0.0,80.0,-7.0,0.0,80.0,1.3962634,0.0,0.0,0.0,-5.12988318,-0.46585089,1.08040616,4.83946307,-3.13661558,4.05675505,0.49419249,0.0,5.72711336,-2.76572999,6.94269301,-2.03001957,-13.68820969,0.0,18.35737349,7.71024567,0.36058596
1760625300.412,1.26846616,0.69040251,3.15915442,-0.00941021,0.95985856,-0.00258941,80.0,-7.0,0.0,80.0,1.3962634,0.0,0.0,0.0,80.0,-7.0,0.0,80.0,1.3962634,0.0,0.0,0.0,-5.1417299,-0.46410464,1.07724991,4.77235716,-3.11360955,4.0943663,0.52135892,0.0,5.73884246,-2.78862212,6.91012804,-2.06965155,-13.67049029,0.0,18.33626918,7.70796483,0.35109656
1760625300.445,1.27219184,0.68858226,3.16288081,-0.00995649,0.9599345,-0.00243196,80.0,-7.0,0.0,80.0,1.3962634,0.0,0.0,0.0,80.0,-7.0,0.0,80.0,1.3962634,0.0,0.0,0.0,-5.13686055,-0.47120056,1.07901843,4.74406488,-3.1161177,4.05158077,0.53320268,0.0,5.73399598,-2.77685729,6.88761619,-2.09937446,-13.70978257,0.0,18.3915682,7.70818278,0.35030046
1760625300.479,1.2633585,0.68625564,3.16075222,-0.00929885,0.95984691,-0.0024847,80.0,-7.0,0.0,80.0,1.3962634,0.0,0.0,0.0,80.0,-7.0,0.0,80.0,1.3962634,0.0,0.0,0.0,-5.04433318,-0.51636142,1.09182321,4.64716051,-3.06371541,4.0242628,0.57919843,0.0,5.66885995,-2.78730907,6.78648864,-2.16282074,-13.73238422,0.0,18.40401071,7.71235401,0.34050532
1760625300.512,1.24588628,0.68179003,3.16819581,-0.00876783,0.95968217,-0.00273352,80.0,-7.0,0.0,80.0,1.3962634,0.0,0.0,0.0,80.0,-7.0,0.0,80.0,1.3962634,0.0,0.0,0.0,-5.05384029,-0.50888235,1.09855782,4.63186982,-3.05227701,4.0370954,0.60260321,0.0,5.6835372,-2.81269792,6.78306464,-2.17588246,-13.73771884,0.0,18.42332491,7.71348377,0.33865741
1760625300.546,1.23218987,0.67448914,3.17759143,-0.00790732,0.9594247,-0.00301596,80.0,-7.0,0.0,80.0,1.3962634,0.0,0.0,0.0,80.0,-7.0,0.0,80.0,1.3962634,0.0,0.0,0.0,-5.05771771,-0.50395906,1.09428586,4.64216844,-3.04925183,4.000756,0.61325634,0.0,5.68547461,-2.84157117,6.75894092,-2.19042244,-13.75832904,0.0,18.4758375,7.71326067,0.33744795
1760625300.579,1.22525284,0.65817638,3.18345501,-0.0075726,0.95922125,-0.00318763,80.0,-7.0,0.0,80.0,1.3962634,0.0,0.0,0.0,80.0,-7.0,0.0,80.0,1.3962634,0.0,0.0,0.0,-4.9172879,-0.49745027,1.08087333,4.50210483,-3.02546952,3.98148501,0.58535612,0.0,5.70072585,-2.83924255,6.61025827,-2.20366817,-13.81669067,0.0,18.49182772,7.72886395,0.33673856
1760625300.613,1.21172541,0.64689293,3.19537095,-0.00756374,0.95902237,-0.00336209,80.0,-7.0,0.0,80.0,1.3962634,0.0,0.0,0.0,80.0,-7.0,0.0,80.0,1.3962634,0.0,0.0,0.0,-4.8289084,-0.49425139,1.10837805,4.40992194,-2.99736704,3.94766346,0.5717208,0.0,5.75552434,-2.86847993,6.50182971,-2.21564797,-13.80895039,0.0,18.56515763,7.70117174,0.31224885
1760625300.646,1.20146408,0.65190188,3.20046817,-0.00810494,0.95907665,-0.00346077,80.0,-7.0,0.0,80.0,1.3962634,0.0,0.0,0.0,80.0,-7.0,0.0,80.0,1.3962634,0.0,0.0,0.0,-4.83169098,-0.49144283,1.11706714,4.39796835,-2.99454674,3.94801531,0.57510194,0.0,5.78603016,-2.87699414,6.49737538,-2.21219991,-13.81064431,0.0,18.63017671,7.70870061,0.31753282
1760625300.68,1.19394184,0.65699649,3.19077065,-0.0073405,0.95900644,-0.00328549,80.0,-7.0,0.0,80.0,1.3962634,0.0,0.0,0.0,80.0,-7.0,0.0,80.0,1.3962634,0.0,0.0,0.0,-5.02167242,-0.47825017,1.11906395,4.59867599,-2.99703613,3.98391322,0.53986328,0.0,5.85274518,-2.89495164,6.69578615,-2.21138394,-13.86320013,0.0,18.70444737,7.72835895,0.33200261
1760625300.713,1.21178704,0.65802325,3.18799398,-0.00858772,0.9590929,-0.00318463,80.0,-7.0,0.0,80.0,1.3962634,0.0,0.0,0.0,80.0,-7.0,0.0,80.0,1.3962634,0.0,0.0,0.0,-5.02345896,-0.46370869,1.11342739,4.57350027,-2.98876316,4.01478379,0.53877208,0.0,5.89481742,-2.92809443,6.66598128,-2.21975219,-13.81320453,0.0,18.70744542,7.71610361,0.31981936
1760625300.747,1.22600012,0.6633082,3.18819395,-0.0096331,0.95872772,-0.00328141,80.0,-7.0,0.0,80.0,1.3962634,0.0,0.0,0.0,80.0,-7.0,0.0,80.0,1.3962634,0.0,0.0,0.0,-5.02565019,-0.44810788,1.11364482,4.55387733,-2.99300459,4.00640686,0.53491018,0.0,5.93344016,-2.96661218,6.64815902,-2.2269081,-13.79940144,0.0,18.7830734,7.71834167,0.32212875
1760625300.78,1.22909618,0.64839755,3.17194638,-0.01048279,0.95841049,-0.00342884,80.0,-7.0,0.0,80.0,1.3962634,0.0,0.0,0.0,80.0,-7.0,0.0,80.0,1.3962634,0.0,0.0,0.0,-5.00023982,-0.38693177,1.19827521,4.50969143,-3.03771952,3.95402786,0.22721569,0.0,6.26268398,-2.90818587,6.62050866,-2.19776872,-13.72105749,0.0,18.83677167,7.73034778,0.32742545
1760625300.813,1.22767099,0.65690603,3.17450731,-0.01056623,0.95843856,-0.00332388,80.0,-7.0,0.0,80.0,1.3962634,0.0,0.0,0.0,80.0,-7.0,0.0,80.0,1.3962634,0.0,0.0,0.0,-5.01301293,-0.38569616,1.20242664,4.48277105,-3.05191711,3.99092356,0.2391663,0.0,6.27876136,-2.91260425,6.6662555,-2.21777138,-13.69734218,0.0,18.86824609,7.73810308,0.32445108
1760625300.847,1.22353403,0.66384378,3.17503936,-0.01052482,0.95866092,-0.00321774,80.0,-7.0,0.0,80.0,1.3962634,0.0,0.0,0.0,80.0,-7.0,0.0,80.0,1.3962634,0.0,0.0,0.0,-5.02750021,-0.3878738,1.20190467,4.4758527,-3.06936142,3.98891906,0.23850498,0.0,6.27539985,-2.91268936,6.70768007,-2.24587198,-13.72612074,0.0,19.0391067,7.74851008,0.32128032
1760625300.88,1.21486653,0.66716663,3.16824445,-0.01062427,0.9587275,-0.00289765,80.0,-7.0,0.0,80.0,1.3962634,0.0,0.0,0.0,80.0,-7.0,0.0,80.0,1.3962634,0.0,0.0,0.0,-5.06845535,-0.40112577,1.18927416,4.49308713,-3.09980786,4.01540263,0.24503481,0.0,6.25624689,-2.88862481,6.77045501,-2.28146041,-13.73204822,0.0,19.07646379,7.76533415,0.31257048
1760625300.914,1.23249166,0.67708196,3.19842588,-0.01099363,0.95881773,-0.00267108,80.0,-7.0,0.0,80.0,1.3962634,0.0,0.0,0.0,80.0,-7.0,0.0,80.0,1.3962634,0.0,0.0,0.0,-5.17097687,-0.41460726,1.17315076,4.54762897,-3.10689907,4.00510291,0.30003343,0.0,6.17662591,-2.93956224,6.86934029,-2.29462958,-13.63129111,0.0,19.02284141,7.78138645,0.30514115
1760625300.947,1.27607079,0.68878307,3.17786218,-0.01236446,0.95924812,-0.0019136,80.0,-7.0,0.0,80.0,1.3962634,0.0,0.0,0.0,80.0,-7.0,0.0,80.0,1.3962634,0.0,0.0,0.0,-5.25555283,-0.46506583,1.14438882,4.58809079,-3.10604438,3.9974397,0.50949418,0.0,5.95674222,-2.99090591,6.95192801,-2.354346,-13.70675701,0.0,19.10290815,7.77920573,0.31088725
1760625300.981,1.28384843,0.67055558,3.16701353,-0.01284799,0.95941612,-0.00198442,80.0,-7.0,0.0,80.0,1.3962634,0.0,0.0,0.0,80.0,-7.0,0.0,80.0,1.3962634,0.0,0.0,0.0,-5.13944561,-0.45409726,1.17669728,4.45922395,-3.1288413,3.88725176,0.55910656,0.0,5.8941931,-3.01863921,6.82545719,-2.35794699,-13.69836312,0.0,19.14686461,7.78267633,0.31200214
1760625301.014,1.27596918,0.66059456,3.17129756,-0.01260643,0.95954338,-0.00213791,80.0,-7.0,0.0,80.0,1.3962634,0.0,0.0,0.0,80.0,-7.0,0.0,80.0,1.3962634,0.0,0.0,0.0,-5.13410264,-0.46611274,1.1811464,4.48053308,-3.15577091,3.79834239,0.57079133,0.0,5.85333829,-3.00687028,6.83267003,-2.38007173,-13.76800871,0.0,19.23676131,7.78217513,0.30420653
1760625301.047,1.26823187,0.65444629,3.15451531,-0.01283575,0.95959958,-0.00219477,80.0,-7.0,0.0,80.0,1.3962634,0.0,0.0,0.0,80.0,-7.0,0.0,80.0,1.3962634,0.0,0.0,0.0,-5.06323515,-0.47470424,1.20825073,4.42597093,-3.16615446,3.71705369,1.08029612,0.0,5.36421343,-3.13591785,6.7588302,-2.39348723,-13.79835479,0.0,19.28705402,7.77605961,0.2896692
1760625301.081,1.30965498,0.64538296,3.1401391,-0.0142424,0.95962532,-0.00222132,80.0,-7.0,0.0,80.0,1.3962634,0.0,0.0,0.0,80.0,-7.0,0.0,80.0,1.3962634,0.0,0.0,0.0,-5.1710411,-0.47304846,1.15608846,4.52063785,-3.17103926,3.69472095,1.15349497,0.0,5.27381179,-3.17041032,6.82217985,-2.41419406,-13.90769633,0.0,19.36614477,7.77742614,0.27030389
1760625301.114,1.31752565,0.63858362,3.14308364,-0.01558015,0.9595667,-0.00230656,80.0,-7.0,0.0,80.0,1.3962634,0.0,0.0,0.0,80.0,-7.0,0.0,80.0,1.3962634,0.0,0.0,0.0,-5.15525902,-0.47184916,1.14660457,4.4994293,-3.18054473,3.62632502,1.14448935,0.0,5.27461829,-3.16467082,6.80261458,-2.43348915,-14.01893945,0.0,19.46190068,7.77062736,0.26760474
1760625301.148,1.31908686,0.62590451,3.11350183,-0.01619707,0.95960331,-0.00244118,80.0,-7.0,0.0,80.0,1.3962634,0.0,0.0,0.0,80.0,-7.0,0.0,80.0,1.3962634,0.0,0.0,0.0,-5.14488798,-0.44871013,1.09607209,4.49958319,-3.20926421,3.67604996,1.10738613,0.0,5.28143479,-3.13593163,6.80846701,-2.43855962,-14.18585765,0.0,19.52641873,7.74879334,0.2313398
1760625301.181,1.32875002,0.62029007,3.13108491,-0.01656022,0.95971018,-0.00252745,80.0,-7.0,0.0,80.0,1.3962634,0.0,0.0,0.0,80.0,-7.0,0.0,80.0,1.3962634,0.0,0.0,0.0,-5.14230811,-0.44598153,1.09406216,4.49848177,-3.23408813,3.6474131,1.08714493,0.0,5.26631112,-3.12293961,6.82228117,-2.46382095,-14.23999855,0.0,19.59325707,7.75527558,0.2292585
1760625301.215,1.33008269,0.60025517,3.16006753,-0.01589311,0.95965101,-0.00307394,80.0,-7.0,0.0,80.0,1.3962634,0.0,0.0,0.0,80.0,-7.0,0.0,80.0,1.3962634,0.0,0.0,0.0,-5.19830827,-0.39805362,0.96393262,4.55950896,-3.30637873,3.74990335,0.97781082,0.0,5.37238069,-3.09654512,6.90536486,-2.49008549,-14.48537444,0.0,19.74953787,7.77237245,0.20881714
1760625301.248,1.31485346,0.59844189,3.15568087,-0.01546407,0.95930612,-0.00351389,80.0,-7.0,0.0,80.0,1.3962634,0.0,0.0,0.0,80.0,-7.0,0.0,80.0,1.3962634,0.0,0.0,0.0,-5.02315486,-0.41406361,1.00461074,4.40582565,-3.32822543,3.71235285,0.61720438,0.0,5.70906081,-3.03790091,6.75585369,-2.52520153,-14.4899613,0.0,19.74317016,7.76867562,0.19840299
1760625301.282,1.29512682,0.58521527,3.15540647,-0.01453784,0.95905691,-0.00412487,80.0,-7.0,0.0,80.0,1.3962634,0.0,0.0,0.0,80.0,-7.0,0.0,80.0,1.3962634,0.0,0.0,0.0,-5.1194418,-0.38505864,1.02473621,4.54182929,-3.43177209,3.6865586,0.63041596,0.0,5.69814081,-3.04019076,6.90563753,-2.53997902,-14.60228109,0.0,19.90915837,7.76698421,0.1777516
1760625301.315,1.26482423,0.59359406,3.15455191,-0.01389946,0.95899163,-0.00431847,80.0,-7.0,0.0,80.0,1.3962634,0.0,0.0,0.0,80.0,-7.0,0.0,80.0,1.3962634,0.0,0.0,0.0,-5.16534879,-0.38440997,1.04067753,4.6450992,-3.51033817,3.65906172,0.66448743,0.0,5.6434077,-3.0610513,7.01994626,-2.5450031,-14.64842368,0.0,19.96544943,7.79034871,0.18366545
1760625301.349,1.2954526,0.58636039,3.16503464,-0.01367841,0.95890254,-0.00430894,80.0,-7.0,0.0,80.0,1.3962634,0.0,0.0,0.0,80.0,-7.0,0.0,80.0,1.3962634,0.0,0.0,0.0,-5.1476394,-0.39519026,1.04840574,4.62433167,-3.56281387,3.60572274,0.65101699,0.0,5.61380228,-3.0282928,6.99244597,-2.58449456,-14.69934369,0.0,20.05643068,7.78115107,0.17566508
1760625301.382,1.29968913,0.58706189,3.17007902,-0.01248247,0.95878835,-0.00442257,80.0,-7.0,0.0,80.0,1.3962634,0.0,0.0,0.0,80.0,-7.0,0.0,80.0,1.3962634,0.0,0.0,0.0,-5.11787464,-0.40624346,1.04237274,4.61364484,-3.6111162,3.57581439,0.64124469,0.0,5.5949062,-3.03612957,7.00956519,-2.60765376,-14.76022154,0.0,20.12510115,7.78326705,0.16306143
1760625301.416,1.30115872,0.59366246,3.18014061,-0.01206485,0.95881933,-0.00440512,80.0,-7.0,0.0,80.0,1.3962634,0.0,0.0,0.0,80.0,-7.0,0.0,80.0,1.3962634,0.0,0.0,0.0,-5.21992264,-0.41796681,0.97076181,4.74308037,-3.62976799,3.60999914,0.79659569,0.0,5.4482873,-3.09743503,7.14643163,-2.63207168,-14.91882871,0.0,20.19116875,7.80851211,0.14983178
1760625301.449,1.30650759,0.60140783,3.16884043,-0.01160937,0.95887022,-0.00439355,80.0,-7.0,0.0,80.0,1.3962634,0.0,0.0,0.0,80.0,-7.0,0.0,80.0,1.3962634,0.0,0.0,0.0,-5.36053673,-0.45202134,0.98244573,4.91104747,-3.62360902,3.57415841,0.97564058,0.0,5.2559852,-3.15144709,7.32932529,-2.66900059,-15.00203342,0.0,20.26674275,7.79551046,0.13433809
1760625301.482,1.2977505,0.59434147,3.18136184,-0.01079206,0.95856838,-0.00483449,80.0,-7.0,0.0,80.0,1.3962634,0.0,0.0,0.0,80.0,-7.0,0.0,80.0,1.3962634,0.0,0.0,0.0,-5.34271083,-0.45389587,0.99271058,4.94666431,-3.63513941,3.54260703,0.97064065,0.0,5.21659009,-3.13325252,7.36371283,-2.69638612,-15.0538046,0.0,20.34222172,7.79445226,0.12582491
1760625301.516,1.29809916,0.60120177,3.1871355,-0.01065888,0.95841253,-0.00495367,80.0,-7.0,0.0,80.0,1.3962634,0.0,0.0,0.0,80.0,-7.0,0.0,80.0,1.3962634,0.0,0.0,0.0,-5.48274199,-0.46796311,0.92025329,5.11723155,-3.62646596,3.61012103,1.09332698,0.0,5.10472235,-3.18233039,7.54063869,-2.73402404,-15.19933158,0.0,20.42060536,7.78811826,0.0986812
1760625301.549,1.29709729,0.59932456,3.18741798,-0.0107536,0.95832166,-0.00482907,80.0,-7.0,0.0,80.0,1.3962634,0.0,0.0,0.0,80.0,-7.0,0.0,80.0,1.3962634,0.0,0.0,0.0,-5.46950149,-0.47381472,0.92223583,5.12698787,-3.62771193,3.57654953,1.10578678,0.0,5.11050115,-3.20037658,7.56363354,-2.76007271,-15.25395815,0.0,20.47815212,7.78947947,0.09688151
1760625301.583,1.27721127,0.59844436,3.16692548,-0.01123741,0.95827945,-0.00493417,80.0,-7.0,0.0,80.0,1.3962634,0.0,0.0,0.0,80.0,-7.0,0.0,80.0,1.3962634,0.0,0.0,0.0,-5.50105624,-0.48648122,0.90879786,5.23758208,-3.62960892,3.58383136,1.11832901,0.0,5.09433412,-3.22461044,7.66790293,-2.7976545,-15.34683237,0.0,20.52173654,7.78065344,0.06998326
1760625301.65,1.29763079,0.60400487,3.18084561,-0.01170689,0.95827142,-0.00520474,80.0,-7.0,0.0,80.0,1.3962634,0.0,0.0,0.0,80.0,-7.0,0.0,80.0,1.3962634,0.0,0.0,0.0,-5.4823476,-0.492229,0.93246775,5.26020749,-3.64903467,3.52101993,1.12825499,0.0,5.08518578,-3.27422264,7.7166117,-2.82314162,-15.42945027,0.0,20.54591499,7.79625622,0.06831972
1760625301.683,1.32441778,0.60956477,3.18458249,-0.01283591,0.95833791,-0.0051961,80.0,-7.0,0.0,80.0,1.3962634,0.0,0.0,0.0,80.0,-7.0,0.0,80.0,1.3962634,0.0,0.0,0.0,-5.45628818,-0.49068899,0.95828248,5.25471172,-3.67190255,3.50920029,1.10964758,0.0,5.05981209,-3.26920697,7.70479143,-2.8508412,-15.44874482,0.0,20.54826937,7.79795607,0.06410004
1760625301.717,1.32906347,0.61436041,3.16447299,-0.01344376,0.95830626,-0.00522586,80.0,-7.0,0.0,80.0,1.3962634,0.0,0.0,0.0,80.0,-7.0,0.0,80.0,1.3962634,0.0,0.0,0.0,-5.41705558,-0.4793324,0.96708986,5.21244665,-3.69182553,3.52960171,1.09486543,0.0,5.11354933,-3.30844852,7.69113879,-2.84486561,-15.48323342,0.0,20.54377327,7.79441402,0.05157559
1760625301.75,1.3264857,0.61702429,3.17183991,-0.01324559,0.95813835,-0.00543804,80.0,-7.0,0.0,80.0,1.3962634,0.0,0.0,0.0,80.0,-7.0,0.0,80.0,1.3962634,0.0,0.0,0.0,-5.39874217,-0.46393042,0.95642337,5.21110913,-3.72591392,3.51276374,1.08256148,0.0,5.13997067,-3.30717675,7.68737566,-2.861239,-15.49904901,0.0,20.60506351,7.80255127,0.05445098
1760625301.784,1.30365253,0.60971491,3.17910134,-0.01305289,0.95792224,-0.00545034,80.0,-7.0,0.0,80.0,1.3962634,0.0,0.0,0.0,80.0,-7.0,0.0,80.0,1.3962634,0.0,0.0,0.0,-5.29448604,-0.43773666,0.9321917,5.16996172,-3.73864478,3.54846542,0.56274982,0.0,5.62351565,-3.18632043,7.61734332,-2.84900211,-15.47843056,0.0,20.55609024,7.80714704,0.04967193
1760625301.817,1.31198239,0.61285818,3.17650101,-0.01337133,0.95784934,-0.0049612,80.0,-7.0,0.0,80.0,1.3962634,0.0,0.0,0.0,80.0,-7.0,0.0,80.0,1.3962634,0.0,0.0,0.0,-5.28600906,-0.43672154,0.92631625,5.17811844,-3.74104944,3.53796438,0.56949289,0.0,5.63228403,-3.1890063,7.6137907,-2.84956407,-15.47902989,0.0,20.5493744,7.8061399,0.04855837
1760625301.85,1.30901542,0.61322855,3.1776451,-0.01293854,0.9577763,-0.00468181,80.0,-7.0,0.0,80.0,1.3962634,0.0,0.0,0.0,80.0,-7.0,0.0,80.0,1.3962634,0.0,0.0,0.0,-5.28035092,-0.43988422,0.91792657,5.18468259,-3.7208989,3.52796234,0.58034665,0.0,5.65769414,-3.21480119,7.63339645,-2.8513578,-15.46215211,0.0,20.52710622,7.80576795,0.04208145
1760625301.884,1.30523441,0.62299295,3.1834865,-0.01314777,0.95740306,-0.00438433,80.0,-7.0,0.0,80.0,1.3962634,0.0,0.0,0.0,80.0,-7.0,0.0,80.0,1.3962634,0.0,0.0,0.0,-5.12693212,-0.499046,0.99417363,5.05909792,-3.655998,3.46831044,0.49249739,0.0,5.72918308,-3.19353448,7.49290342,-2.89148486,-15.36367953,0.0,20.51518423,7.80224899,0.04477943
1760625301.917,1.31217899,0.62130553,3.17767758,-0.01308231,0.95721398,-0.00426296,80.0,-7.0,0.0,80.0,1.3962634,0.0,0.0,0.0,80.0,-7.0,0.0,80.0,1.3962634,0.0,0.0,0.0,-5.11576755,-0.49076946,0.98409147,5.0680614,-3.63996273,3.47684121,0.49707879,0.0,5.73734863,-3.22073525,7.48290272,-2.88096902,-15.29941088,0.0,20.43884284,7.80193728,0.04020755
1760625301.951,1.33067583,0.60095727,3.21076286,-0.01343758,0.95696708,-0.0042642,80.0,-7.0,0.0,80.0,1.3962634,0.0,0.0,0.0,80.0,-7.0,0.0,80.0,1.3962634,0.0,0.0,0.0,-5.00496965,-0.50707906,1.08018852,4.93711238,-3.60589168,3.31103677,0.51233262,0.0,5.75383544,-3.22077445,7.35650072,-2.91033317,-15.18054866,0.0,20.487487,7.79746367,0.02665266
1760625301.984,1.31676285,0.60608665,3.19588798,-0.01346714,0.95689074,-0.00451388,80.0,-7.0,0.0,80.0,1.3962634,0.0,0.0,0.0,80.0,-7.0,0.0,80.0,1.3962634,0.0,0.0,0.0,-4.98615358,-0.50346252,1.09238614,4.93768892,-3.60464528,3.30469468,0.51483577,0.0,5.75386284,-3.22485107,7.38235947,-2.9143308,-15.18547985,0.0,20.55828068,7.80639861,0.03759912
1760625302.018,1.31854389,0.60927203,3.19124488,-0.01358407,0.95681608,-0.00465665,80.0,-7.0,0.0,80.0,1.3962634,0.0,0.0,0.0,80.0,-7.0,0.0,80.0,1.3962634,0.0,0.0,0.0,-4.98126516,-0.49885977,1.09116231,4.9310257,-3.60521748,3.30536643,0.51188444,0.0,5.74879769,-3.22399121,7.38862439,-2.92250166,-15.17786819,0.0,20.56878126,7.80756749,0.03818304
1760625302.051,1.3247387,0.59867041,3.19612804,-0.01374006,0.95676342,-0.00459691,80.0,-7.0,0.0,80.0,1.3962634,0.0,0.0,0.0,80.0,-7.0,0.0,80.0,1.3962634,0.0,0.0,0.0,-4.88255024,-0.51675364,1.18023745,4.81415338,-3.57737306,3.19987306,0.58765028,0.0,5.67555414,-3.22612642,7.29838624,-2.95428984,-15.05552925,0.0,20.56218086,7.81072958,0.03753726
1760625302.085,1.32135676,0.602074,3.17851541,-0.01421568,0.9566817,-0.00488424,80.0,-7.0,0.0,80.0,1.3962634,0.0,0.0,0.0,80.0,-7.0,0.0,80.0,1.3962634,0.0,0.0,0.0,-4.87624968,-0.51463047,1.18138412,4.81638293,-3.58619756,3.22246666,0.58245626,0.0,5.64496563,-3.2092206,7.29745441,-2.95457337,-15.00032721,0.0,20.51330864,7.81441825,0.03604952
1760625302.152,1.32441299,0.60551617,3.16244492,-0.01459453,0.95678211,-0.00519609,80.0,-7.0,0.0,80.0,1.3962634,0.0,0.0,0.0,80.0,-7.0,0.0,80.0,1.3962634,0.0,0.0,0.0,-4.82001471,-0.52887697,1.24482216,4.73520975,-3.58658117,3.09604444,0.64320926,0.0,5.61914291,-3.22030214,7.27732436,-2.94027764,-14.98408022,0.0,20.5467482,7.88723356,0.04238927
1760625302.185,1.30844175,0.59773054,3.15988028,-0.01358739,0.95690647,-0.0052154,80.0,-7.0,0.0,80.0,1.3962634,0.0,0.0,0.0,80.0,-7.0,0.0,80.0,1.3962634,0.0,0.0,0.0,-4.81689036,-0.54257353,1.24659886,4.74447648,-3.58005864,3.07178947,0.66141144,0.0,5.60654338,-3.19792638,7.32199817,-2.94202712,-15.03840491,0.0,20.56067684,7.89253855,0.04484486
1760625302.218,1.31461417,0.59478696,3.15093334,-0.01363431,0.95697824,-0.00489468,80.0,-7.0,0.0,80.0,1.3962634,0.0,0.0,0.0,80.0,-7.0,0.0,80.0,1.3962634,0.0,0.0,0.0,-4.80196812,-0.57070555,1.24377981,4.72405862,-3.55048958,3.05288459,0.66875085,0.0,5.596444,-3.19763085,7.32743601,-2.93599832,-15.07073882,0.0,20.41504176,7.91783,0.05848681
1760625302.252,1.31979259,0.58843584,3.1522089,-0.01304655,0.95714095,-0.00500403,80.0,-7.0,0.0,80.0,1.3962634,0.0,0.0,0.0,80.0,-7.0,0.0,80.0,1.3962634,0.0,0.0,0.0,-4.76593543,-0.61442633,1.24961188,4.68630119,-3.52898626,3.02150198,0.65609116,0.0,5.5572892,-3.13934995,7.33240702,-2.9045083,-15.13587491,0.0,20.09567483,7.96511566,0.06304036
1760625302.285,1.28216882,0.61395167,3.1740266,-0.01161577,0.95716654,-0.00496581,80.0,-7.0,0.0,80.0,1.3962634,0.0,0.0,0.0,80.0,-7.0,0.0,80.0,1.3962634,0.0,0.0,0.0,-4.56811069,-0.70311078,1.22745524,4.5242774,-3.47919126,3.01270576,0.69385909,0.0,5.47439053,-3.12128983,7.13742641,-2.92875625,-15.14339833,0.0,20.04834418,8.0756459,0.06437065
1760625302.319,1.31751482,0.62665884,3.1880043,-0.01093374,0.95749948,-0.00501264,80.0,-7.0,0.0,80.0,1.3962634,0.0,0.0,0.0,80.0,-7.0,0.0,80.0,1.3962634,0.0,0.0,0.0,-4.5510232,-0.71827219,1.21897682,4.44565766,-3.47969759,2.98078289,0.73602593,0.0,5.43471478,-3.11842591,7.01775404,-2.9044329,-15.10996933,0.0,20.07523657,8.05549309,0.07322632
1760625302.352,1.28546999,0.624446,3.18340903,-0.01032083,0.95756779,-0.00490018,80.0,-7.0,0.0,80.0,1.3962634,0.0,0.0,0.0,80.0,-7.0,0.0,80.0,1.3962634,0.0,0.0,0.0,-4.50893175,-0.74336834,1.26101996,4.39446617,-3.45389716,2.94790271,1.18683471,0.0,5.02996488,-3.22441326,6.91729555,-2.87597478,-15.09884968,0.0,20.12596769,8.05481988,0.07709756
1760625302.386,1.30255765,0.63057379,3.17923737,-0.01072869,0.95773319,-0.00474,80.0,-7.0,0.0,80.0,1.3962634,0.0,0.0,0.0,80.0,-7.0,0.0,80.0,1.3962634,0.0,0.0,0.0,-4.53095987,-0.75589962,1.26723986,4.36837889,-3.42855187,2.93708959,1.17819046,0.0,5.02517464,-3.22872775,6.84469978,-2.85580576,-15.15385255,0.0,20.22889677,8.02977333,0.07674673
1760625302.419,1.3073183,0.64827682,3.18215023,-0.01097714,0.95792754,-0.00427797,80.0,-7.0,0.0,80.0,1.3962634,0.0,0.0,0.0,80.0,-7.0,0.0,80.0,1.3962634,0.0,0.0,0.0,-4.40533693,-0.79295959,1.31633728,4.21264727,-3.39014584,2.87112915,1.23942768,0.0,4.95563074,-3.23875604,6.62659569,-2.86170312,-15.08012923,0.0,20.27138501,7.99722116,0.08430551
1760625302.453,1.31927734,0.65931721,3.18494825,-0.01204527,0.95806022,-0.00355011,80.0,-7.0,0.0,80.0,1.3962634,0.0,0.0,0.0,80.0,-7.0,0.0,80.0,1.3962634,0.0,0.0,0.0,-4.27837828,-0.84239664,1.35783021,4.02039414,-3.32198952,2.81624727,1.29223882,0.0,4.92986218,-3.23638539,6.38622187,-2.89997234,-15.0513847,0.0,20.35584996,7.99238602,0.12247075
1760625302.486,1.3172397,0.66241413,3.17728658,-0.01232124,0.95802034,-0.00326341,80.0,-7.0,0.0,80.0,1.3962634,0.0,0.0,0.0,80.0,-7.0,0.0,80.0,1.3962634,0.0,0.0,0.0,-4.29874276,-0.84066771,1.34991089,4.00439445,-3.30949433,2.83564012,1.30416179,0.0,4.94080351,-3.24332002,6.37326207,-2.89299159,-15.04575227,0.0,20.30254962,7.98666027,0.11944545
1760625302.519,1.33687306,0.66261832,3.18177062,-0.01169654,0.9580454,-0.00324001,80.0,-7.0,0.0,80.0,1.3962634,0.0,0.0,0.0,80.0,-7.0,0.0,80.0,1.3962634,0.0,0.0,0.0,-4.48658468,-0.82419589,1.24575611,4.15770896,-3.31081921,2.93345093,1.65450312,0.0,4.59777401,-3.33257993,6.55126038,-2.88024916,-15.11324816,0.0,20.23503987,7.98687552,0.11477674
1760625302.553,1.33504877,0.66190672,3.1799439,-0.01195711,0.95787818,-0.00316338,80.0,-7.0,0.0,80.0,1.3962634,0.0,0.0,0.0,80.0,-7.0,0.0,80.0,1.3962634,0.0,0.0,0.0,-4.49490349,-0.82144321,1.25191062,4.13084415,-3.3175164,2.95101448,1.66852228,0.0,4.60845108,-3.32263445,6.56252951,-2.88754511,-15.11726821,0.0,20.23491594,7.99727434,0.11856999
1760625302.586,1.3381043,0.66102978,3.15806447,-0.01185998,0.95790818,-0.00313973,80.0,-7.0,0.0,80.0,1.3962634,0.0,0.0,0.0,80.0,-7.0,0.0,80.0,1.3962634,0.0,0.0,0.0,-4.50356947,-0.81090332,1.23284785,4.1165334,-3.33033278,3.00431171,1.67613298,0.0,4.61655652,-3.33243992,6.56986664,-2.88039926,-15.06086614,0.0,20.14698765,8.01346631,0.12209525
1760625302.62,1.33826422,0.65356638,3.1536122,-0.01178665,0.9578986,-0.00338743,80.0,-7.0,0.0,80.0,1.3962634,0.0,0.0,0.0,80.0,-7.0,0.0,80.0,1.3962634,0.0,0.0,0.0,-4.51296712,-0.79556888,1.21274517,4.1179829,-3.35594014,3.04053682,1.68558756,0.0,4.61872227,-3.32859276,6.58867277,-2.86223965,-15.0048984,0.0,20.09258782,8.02653429,0.12501315
1760625302.653,1.33910494,0.62941437,3.18337091,-0.01205569,0.95807351,-0.00373749,80.0,-7.0,0.0,80.0,1.3962634,0.0,0.0,0.0,80.0,-7.0,0.0,80.0,1.3962634,0.0,0.0,0.0,-4.54807705,-0.71834153,1.17885236,4.13472169,-3.42425451,3.04214378,1.69694821,0.0,4.63858996,-3.33145181,6.64245893,-2.78333984,-14.91339193,0.0,20.03538072,8.0824647,0.14722795
1760625302.687,1.33931769,0.62234759,3.17854922,-0.01205506,0.9581422,-0.00385762,80.0,-7.0,0.0,80.0,1.3962634,0.0,0.0,0.0,80.0,-7.0,0.0,80.0,1.3962634,0.0,0.0,0.0,-4.55217716,-0.713651,1.18105928,4.12075226,-3.42043838,3.03957817,1.71219371,0.0,4.65729492,-3.35561242,6.66210356,-2.76358279,-14.90211613,0.0,20.03512346,8.09493726,0.1567342
1760625302.72,1.37242071,0.60858762,3.1828791,-0.01227166,0.95803154,-0.00431582,80.0,-7.0,0.0,80.0,1.3962634,0.0,0.0,0.0,80.0,-7.0,0.0,80.0,1.3962634,0.0,0.0,0.0,-4.49483082,-0.65588824,1.19221191,4.01089874,-3.44935712,3.05927888,1.66439434,0.0,4.71078708,-3.33664769,6.57704303,-2.69422669,-14.84849151,0.0,20.00283945,8.13168283,0.17931626
1760625302.754,1.32347249,0.5981888,3.17263842,-0.0127241,0.95775826,-0.00447264,80.0,-7.0,0.0,80.0,1.3962634,0.0,0.0,0.0,80.0,-7.0,0.0,80.0,1.3962634,0.0,0.0,0.0,-4.41887935,-0.61031007,1.22479705,3.94055181,-3.44916965,3.10838849,1.27432203,0.0,5.11130925,-3.2454681,6.52805803,-2.63993107,-14.73600879,0.0,20.04979986,8.13770479,0.17900867
1760625302.787,1.35969153,0.58770463,3.15226765,-0.01295609,0.95801458,-0.0042352,80.0,-7.0,0.0,80.0,1.3962634,0.0,0.0,0.0,80.0,-7.0,0.0,80.0,1.3962634,0.0,0.0,0.0,-4.46691323,-0.58584333,1.23509244,3.92592737,-3.41087494,3.18034852,1.25185138,0.0,5.15981247,-3.25704005,6.51221048,-2.61820587,-14.79322776,0.0,20.09582924,8.17319514,0.20774409
1760625302.82,1.35333695,0.59131169,3.15396589,-0.01279132,0.9582632,-0.00391567,80.0,-7.0,0.0,80.0,1.3962634,0.0,0.0,0.0,80.0,-7.0,0.0,80.0,1.3962634,0.0,0.0,0.0,-4.47761415,-0.57134458,1.23034164,3.92099583,-3.37528406,3.22063892,1.24975817,0.0,5.18022132,-3.26198174,6.50463995,-2.59258492,-14.77208494,0.0,20.03796258,8.16404163,0.20746305
1760625302.854,1.36160563,0.58822389,3.16155103,-0.01337666,0.95846438,-0.00367623,80.0,-7.0,0.0,80.0,1.3962634,0.0,0.0,0.0,80.0,-7.0,0.0,80.0,1.3962634,0.0,0.0,0.0,-4.48904951,-0.54927489,1.23910033,3.92667115,-3.32403146,3.24144951,1.23287328,0.0,5.19538774,-3.25804575,6.4651667,-2.578706,-14.77633456,0.0,19.98516248,8.15042822,0.20052473
1760625302.887,1.35858566,0.58833297,3.17640984,-0.01361318,0.95821764,-0.0035981,80.0,-7.0,0.0,80.0,1.3962634,0.0,0.0,0.0,80.0,-7.0,0.0,80.0,1.3962634,0.0,0.0,0.0,-4.50767998,-0.5265622,1.26148196,3.94630769,-3.29432471,3.23504329,1.22688268,0.0,5.21476754,-3.25753053,6.45570346,-2.56168325,-14.80957066,0.0,20.00576049,8.14620903,0.20510354
1760625302.921,1.34816402,0.59574999,3.18955899,-0.01303638,0.95802814,-0.0034349,80.0,-7.0,0.0,80.0,1.3962634,0.0,0.0,0.0,80.0,-7.0,0.0,80.0,1.3962634,0.0,0.0,0.0,-4.5175282,-0.51453743,1.27677137,3.96852675,-3.27561454,3.23627098,1.23696672,0.0,5.22684105,-3.2514554,6.43716816,-2.55271544,-14.82297841,0.0,20.00540138,8.14237431,0.20449244
1760625302.954,1.35691425,0.56306412,3.17988286,-0.01368072,0.9582789,-0.0030209,80.0,-7.0,0.0,80.0,1.3962634,0.0,0.0,0.0,80.0,-7.0,0.0,80.0,1.3962634,0.0,0.0,0.0,-4.57730589,-0.4731313,1.32042712,4.03904024,-3.22909846,3.25151587,1.22976023,0.0,5.2502917,-3.28772101,6.45050337,-2.55768744,-14.84372012,0.0,20.00119076,8.10056903,0.1907111
1760625302.988,1.35900032,0.57075482,3.18867814,-0.01389103,0.95832815,-0.00336589,80.0,-7.0,0.0,80.0,1.3962634,0.0,0.0,0.0,80.0,-7.0,0.0,80.0,1.3962634,0.0,0.0,0.0,-4.58213183,-0.46438283,1.34125893,4.04436242,-3.21446596,3.30618139,1.23651602,0.0,5.26910023,-3.30965409,6.42625968,-2.54492216,-14.80764426,0.0,19.99402098,8.10401627,0.19111958
1760625303.021,1.35164931,0.57176044,3.1945993,-0.01350525,0.95851098,-0.00339044,80.0,-7.0,0.0,80.0,1.3962634,0.0,0.0,0.0,80.0,-7.0,0.0,80.0,1.3962634,0.0,0.0,0.0,-4.58648631,-0.45719118,1.36224513,4.0638344,-3.20730691,3.28710188,1.24853078,0.0,5.30249034,-3.35137514,6.42649946,-2.54921426,-14.85604248,0.0,20.0705765,8.11006034,0.1954236
1760625303.055,1.35110331,0.57375237,3.18980847,-0.01347464,0.95860424,-0.00319787,80.0,-7.0,0.0,80.0,1.3962634,0.0,0.0,0.0,80.0,-7.0,0.0,80.0,1.3962634,0.0,0.0,0.0,-4.58339609,-0.45605541,1.36137337,4.08657928,-3.22474516,3.27883368,1.26991937,0.0,5.33819846,-3.36801643,6.39420731,-2.54979379,-14.84800754,0.0,20.01704201,8.11069225,0.19454633
1760625303.088,1.34749148,0.57906657,3.19412279,-0.01320333,0.95868625,-0.00304448,80.0,-7.0,0.0,80.0,1.3962634,0.0,0.0,0.0,80.0,-7.0,0.0,80.0,1.3962634,0.0,0.0,0.0,-4.58356263,-0.44938595,1.37044639,4.10907267,-3.2347313,3.31991124,1.26454853,0.0,5.34774458,-3.39782025,6.37201402,-2.5467413,-14.80777519,0.0,20.05366663,8.11433859,0.1974092
1760625303.122,1.3433008,0.58147131,3.17593532,-0.0131901,0.95877373,-0.0031485,80.0,-7.0,0.0,80.0,1.3962634,0.0,0.0,0.0,80.0,-7.0,0.0,80.0,1.3962634,0.0,0.0,0.0,-4.58613601,-0.4412291,1.35253955,4.13251342,-3.25582406,3.40867447,1.28250046,0.0,5.38781173,-3.42572644,6.35523511,-2.52138672,-14.69895819,0.0,19.9514264,8.12384239,0.1979858
1760625303.155,1.33184315,0.58442693,3.16416225,-0.01292425,0.95903111,-0.003262,80.0,-7.0,0.0,80.0,1.3962634,0.0,0.0,0.0,80.0,-7.0,0.0,80.0,1.3962634,0.0,0.0,0.0,-4.59265973,-0.42523809,1.31882572,4.14865761,-3.266153,3.4681466,1.29931881,0.0,5.43062645,-3.45844306,6.38133966,-2.47845303,-14.633581,0.0,19.86249752,8.13737907,0.20301962
1760625303.188,1.31483483,0.57837251,3.20031168,-0.01263131,0.95925034,-0.00328421,80.0,-7.0,0.0,80.0,1.3962634,0.0,0.0,0.0,80.0,-7.0,0.0,80.0,1.3962634,0.0,0.0,0.0,-4.66670313,-0.39184164,1.33044849,4.24555593,-3.29738729,3.45576293,1.32538919,0.0,5.40579548,-3.45146163,6.47396952,-2.42165436,-14.51566211,0.0,19.87210118,8.16387867,0.20764697
1760625303.222,1.3133198,0.58015424,3.17771186,-0.01208549,0.95931795,-0.00320446,80.0,-7.0,0.0,80.0,1.3962634,0.0,0.0,0.0,80.0,-7.0,0.0,80.0,1.3962634,0.0,0.0,0.0,-4.66971775,-0.39796959,1.31340663,4.24701997,-3.28598359,3.51305752,1.33547046,0.0,5.40581549,-3.44622671,6.49677833,-2.37411964,-14.41836452,0.0,19.76706185,8.16933409,0.21130677
1760625303.255,1.29668317,0.60010999,3.19395923,-0.012032,0.95905605,-0.00352498,80.0,-7.0,0.0,80.0,1.3962634,0.0,0.0,0.0,80.0,-7.0,0.0,80.0,1.3962634,0.0,0.0,0.0,-4.7008405,-0.36798222,1.32137765,4.28249532,-3.34597886,3.49641654,1.33539728,0.0,5.39028159,-3.4318214,6.57357456,-2.27933435,-14.33653288,0.0,19.7233932,8.20942213,0.23590752
1760625303.289,1.29606082,0.59307314,3.18402014,-0.01159678,0.95901633,-0.00334636,80.0,-7.0,0.0,80.0,1.3962634,0.0,0.0,0.0,80.0,-7.0,0.0,80.0,1.3962634,0.0,0.0,0.0,-4.79879854,-0.37598216,1.36779348,4.36768806,-3.35657826,3.44956024,1.34957996,0.0,5.38246129,-3.41550551,6.69860743,-2.26429127,-14.24811138,0.0,19.69218093,8.22439924,0.2346644
1760625303.322,1.28283051,0.59525764,3.17329584,-0.01100076,0.95923858,-0.00294811,80.0,-7.0,0.0,80.0,1.3962634,0.0,0.0,0.0,80.0,-7.0,0.0,80.0,1.3962634,0.0,0.0,0.0,-4.81034693,-0.38741365,1.33820917,4.3868628,-3.36778601,3.42579183,1.35947372,0.0,5.38104765,-3.42159341,6.73729526,-2.27942771,-14.25154866,0.0,19.73286397,8.22556641,0.23896367
1760625303.356,1.2674729,0.62035673,3.1791031,-0.0110573,0.95953151,-0.00268166,80.0,-7.0,0.0,80.0,1.3962634,0.0,0.0,0.0,80.0,-7.0,0.0,80.0,1.3962634,0.0,0.0,0.0,-4.86732094,-0.44523076,1.2936775,4.46808171,-3.35814879,3.43443738,1.41275932,0.0,5.31753994,-3.43066166,6.81314136,-2.31966805,-14.26161258,0.0,19.69996404,8.2183161,0.23737118
1760625303.389,1.29708221,0.61476897,3.16171968,-0.01141738,0.95958688,-0.0027029,80.0,-7.0,0.0,80.0,1.3962634,0.0,0.0,0.0,80.0,-7.0,0.0,80.0,1.3962634,0.0,0.0,0.0,-5.09712353,-0.41950717,1.16931312,4.66635213,-3.39774903,3.54519691,1.50575156,0.0,5.25109102,-3.45909148,7.01059358,-2.33874113,-14.38822573,0.0,19.76859183,8.2262423,0.24085698
1760625303.423,1.30599102,0.61340922,3.14864099,-0.01176593,0.95927115,-0.00330008,80.0,-7.0,0.0,80.0,1.3962634,0.0,0.0,0.0,80.0,-7.0,0.0,80.0,1.3962634,0.0,0.0,0.0,-5.18068244,-0.37217967,1.06374082,4.71929761,-3.47657183,3.64471214,1.54623321,0.0,5.2651034,-3.48222901,7.05867905,-2.34589234,-14.46865527,0.0,19.79793583,8.23451139,0.24548488
1760625303.456,1.29953123,0.61935038,3.13580938,-0.01161421,0.95922946,-0.00359375,80.0,-7.0,0.0,80.0,1.3962634,0.0,0.0,0.0,80.0,-7.0,0.0,80.0,1.3962634,0.0,0.0,0.0,-5.18923361,-0.36535811,1.05234326,4.71626019,-3.50296286,3.65840893,1.54654883,0.0,5.27104878,-3.49771122,7.0655228,-2.36945969,-14.46101534,0.0,19.80587824,8.23254058,0.24303166
1760625303.489,1.34129897,0.63154465,3.11077603,-0.01282917,0.95947289,-0.00335163,80.0,-7.0,0.0,80.0,1.3962634,0.0,0.0,0.0,80.0,-7.0,0.0,80.0,1.3962634,0.0,0.0,0.0,-5.29620982,-0.3271544,0.95049895,4.75832873,-3.54792662,3.80518461,1.50442057,0.0,5.31855747,-3.48448107,7.10251142,-2.35118917,-14.55058186,0.0,19.77808202,8.20410701,0.22839191
1760625303.523,1.32828234,0.63315068,3.11821031,-0.01290806,0.95937131,-0.00333562,80.0,-7.0,0.0,80.0,1.3962634,0.0,0.0,0.0,80.0,-7.0,0.0,80.0,1.3962634,0.0,0.0,0.0,-5.32022955,-0.32016436,0.94615428,4.73816831,-3.54365111,3.79084919,1.53159213,0.0,5.36521044,-3.49961635,7.11664415,-2.37339674,-14.57991787,0.0,19.82925925,8.21296742,0.23444873
1760625303.556,1.33960469,0.63331625,3.11030436,-0.01336328,0.95950091,-0.00328902,80.0,-7.0,0.0,80.0,1.3962634,0.0,0.0,0.0,80.0,-7.0,0.0,80.0,1.3962634,0.0,0.0,0.0,-5.3443733,-0.31768122,0.93084248,4.7305638,-3.5211058,3.82129334,1.51737749,0.0,5.38155548,-3.49840892,7.11363223,-2.38172631,-14.58179923,0.0,19.77141036,8.2204644,0.24063781
1760625303.59,1.33184629,0.64048143,3.10852196,-0.01319365,0.95948353,-0.00314765,80.0,-7.0,0.0,80.0,1.3962634,0.0,0.0,0.0,80.0,-7.0,0.0,80.0,1.3962634,0.0,0.0,0.0,-5.35718221,-0.30978103,0.92654613,4.74071423,-3.5030838,3.82166756,1.52303525,0.0,5.3930119,-3.49608372,7.10271157,-2.37683309,-14.57972616,0.0,19.76914882,8.22079567,0.24202416
1760625303.623,1.32013876,0.64758288,3.10283827,-0.01321158,0.95952525,-0.0029729,80.0,-7.0,0.0,80.0,1.3962634,0.0,0.0,0.0,80.0,-7.0,0.0,80.0,1.3962634,0.0,0.0,0.0,-5.37685484,-0.29882444,0.91686224,4.74568098,-3.479227,3.82018744,1.52703652,0.0,5.39822486,-3.47805619,7.08818916,-2.36761016,-14.56975734,0.0,19.76435456,8.22230722,0.24480745
1760625303.657,1.32568773,0.64261559,3.10258168,-0.01276239,0.95953191,-0.00295737,80.0,-7.0,0.0,80.0,1.3962634,0.0,0.0,0.0,80.0,-7.0,0.0,80.0,1.3962634,0.0,0.0,0.0,-5.41161205,-0.28462175,0.89643808,4.75949082,-3.44695757,3.84034048,1.51361073,0.0,5.40861495,-3.4750577,7.07889075,-2.36654139,-14.52960108,0.0,19.69425247,8.22448918,0.25051132
1760625303.69,1.36050446,0.63515222,3.13007247,-0.01248642,0.95932391,-0.00268763,80.0,-7.0,0.0,80.0,1.3962634,0.0,0.0,0.0,80.0,-7.0,0.0,80.0,1.3962634,0.0,0.0,0.0,-5.52851932,-0.27076709,0.83694464,4.80658527,-3.40857387,3.85798596,1.46830631,0.0,5.48259506,-3.46399649,7.12920959,-2.38100565,-14.49539438,0.0,19.65505632,8.23093552,0.26100656
1760625303.724,1.33846714,0.65257455,3.13302447,-0.01271209,0.95891246,-0.00239305,80.0,-7.0,0.0,80.0,1.3962634,0.0,0.0,0.0,80.0,-7.0,0.0,80.0,1.3962634,0.0,0.0,0.0,-5.55482108,-0.25225787,0.84432639,4.80077295,-3.38865214,3.88354917,1.47580306,0.0,5.49176148,-3.45606996,7.10590384,-2.38224526,-14.47124097,0.0,19.68378316,8.22989333,0.26246533
1760625303.757,1.3429387,0.63265742,3.12312893,-0.012656,0.95885262,-0.00193887,80.0,-7.0,0.0,80.0,1.3962634,0.0,0.0,0.0,80.0,-7.0,0.0,80.0,1.3962634,0.0,0.0,0.0,-5.59650817,-0.25562331,0.88108858,4.78783835,-3.32743904,3.86453748,1.48803299,0.0,5.5006095,-3.45957088,7.10815233,-2.42657763,-14.42983302,0.0,19.6627416,8.23392031,0.27601006
1760625303.791,1.32567523,0.64585296,3.12776058,-0.01283505,0.95859123,-0.00206029,80.0,-7.0,0.0,80.0,1.3962634,0.0,0.0,0.0,80.0,-7.0,0.0,80.0,1.3962634,0.0,0.0,0.0,-5.61707661,-0.24165277,0.88947053,4.77107582,-3.31666083,3.88143433,1.48582821,0.0,5.49783155,-3.45321923,7.09902314,-2.43607082,-14.41545651,0.0,19.66453239,8.23385619,0.27555494
1760625303.824,1.32002146,0.64241865,3.13453601,-0.0129811,0.95842696,-0.00208533,80.0,-7.0,0.0,80.0,1.3962634,0.0,0.0,0.0,80.0,-7.0,0.0,80.0,1.3962634,0.0,0.0,0.0,-5.68325327,-0.22667361,0.90139716,4.72382418,-3.26340288,3.95800255,1.52607852,0.0,5.53885126,-3.48561492,7.10060034,-2.46828555,-14.29569415,0.0,19.59436457,8.24293736,0.2764391
1760625303.857,1.33340951,0.63846255,3.14366532,-0.0129285,0.95845295,-0.00212623,80.0,-7.0,0.0,80.0,1.3962634,0.0,0.0,0.0,80.0,-7.0,0.0,80.0,1.3962634,0.0,0.0,0.0,-5.71242021,-0.22229889,0.89495044,4.64517315,-3.21244941,4.01524748,1.54894614,0.0,5.5721984,-3.5095402,7.05221704,-2.52486607,-14.24019559,0.0,19.68730187,8.26096728,0.27733799
1760625303.891,1.29992921,0.64876588,3.15441603,-0.01308266,0.95854398,-0.0023059,80.0,-7.0,0.0,80.0,1.3962634,0.0,0.0,0.0,80.0,-7.0,0.0,80.0,1.3962634,0.0,0.0,0.0,-5.76774303,-0.20173893,0.9054148,4.62423129,-3.21050131,4.08764363,1.59534258,0.0,5.61599881,-3.52447401,7.05542194,-2.56516674,-14.18560621,0.0,19.88173016,8.27381878,0.2869694
1760625303.924,1.30642417,0.64572963,3.15647062,-0.01312209,0.95858662,-0.00216858,80.0,-7.0,0.0,80.0,1.3962634,0.0,0.0,0.0,80.0,-7.0,0.0,80.0,1.3962634,0.0,0.0,0.0,-5.95957939,-0.20580677,0.89692835,4.66881751,-3.14598626,4.26089146,1.71296614,0.0,5.63551658,-3.57409512,7.11454509,-2.63698263,-13.99485225,0.0,19.87756189,8.30482864,0.28702532
1760625303.958,1.27092943,0.65190123,3.15299024,-0.01243695,0.95820051,-0.00252679,80.0,-7.0,0.0,80.0,1.3962634,0.0,0.0,0.0,80.0,-7.0,0.0,80.0,1.3962634,0.0,0.0,0.0,-6.0109166,-0.18601104,0.88451568,4.65807771,-3.13478893,4.34908193,1.76495531,0.0,5.6762174,-3.59165652,7.08152669,-2.64792415,-13.8582497,0.0,19.80093423,8.3239324,0.29750979
1760625303.991,1.25374104,0.6453257,3.20512756,-0.01139442,0.95791089,-0.00321328,80.0,-7.0,0.0,80.0,1.3962634,0.0,0.0,0.0,80.0,-7.0,0.0,80.0,1.3962634,0.0,0.0,0.0,-6.12316408,-0.14295594,0.87225679,4.68238408,-3.13489559,4.38578,1.8223874,0.0,5.65695117,-3.59724187,7.08984006,-2.64441081,-13.62290531,0.0,19.69286672,8.38287283,0.3337112
1760625304.025,1.22899926,0.64437771,3.20246755,-0.01033404,0.95778607,-0.00385116,80.0,-7.0,0.0,80.0,1.3962634,0.0,0.0,0.0,80.0,-7.0,0.0,80.0,1.3962634,0.0,0.0,0.0,-6.28377741,-0.08876701,0.908505,4.67179541,-3.11974835,4.4714071,1.91216516,0.0,5.69359944,-3.63538359,7.09545733,-2.63078139,-13.43087902,0.0,19.50536794,8.48856404,0.39103815
1760625304.058,1.20810935,0.64742002,3.21801802,-0.01024189,0.95791305,-0.00382405,80.0,-7.0,0.0,80.0,1.3962634,0.0,0.0,0.0,80.0,-7.0,0.0,80.0,1.3962634,0.0,0.0,0.0,-6.39574969,-0.05633345,0.89966762,4.62517968,-3.084525,4.53567491,1.9914747,0.0,5.71888995,-3.66739982,7.0935451,-2.60947606,-13.27583372,0.0,19.15409679,8.54095091,0.41777471
1760625304.092,1.19570871,0.65033041,3.23826749,-0.01066952,0.95818492,-0.00330197,80.0,-7.0,0.0,80.0,1.3962634,0.0,0.0,0.0,80.0,-7.0,0.0,80.0,1.3962634,0.0,0.0,0.0,-6.68525516,-0.00935743,0.91217708,4.63874762,-3.01401367,4.63538144,2.10458663,0.0,5.72461297,-3.70064727,7.14068511,-2.61414439,-12.99381714,0.0,18.77910121,8.60420412,0.44249306
1760625304.125,1.17611561,0.66259319,3.21335545,-0.01045417,0.95832513,-0.00320438,80.0,-7.0,0.0,80.0,1.3962634,0.0,0.0,0.0,80.0,-7.0,0.0,80.0,1.3962634,0.0,0.0,0.0,-6.88723295,0.04842715,0.92459263,4.57876361,-2.96423818,4.76388983,2.19319169,0.0,5.77966358,-3.75788167,7.09786048,-2.62448866,-12.85363158,0.0,18.72507536,8.64034239,0.47184927
1760625304.159,1.14963644,0.65815375,3.22798357,-0.00942401,0.95817319,-0.00330632,80.0,-7.0,0.0,80.0,1.3962634,0.0,0.0,0.0,80.0,-7.0,0.0,80.0,1.3962634,0.0,0.0,0.0,-7.1534224,0.13416392,0.91621465,4.54216809,-2.91245039,4.88272577,2.31258101,0.0,5.87987449,-3.8367447,7.11979681,-2.62929213,-12.7237641,0.0,18.7021008,8.6942419,0.51322246
1760625304.192,1.12260407,0.65305941,3.23331861,-0.0087152,0.95837341,-0.00337955,80.0,-7.0,0.0,80.0,1.3962634,0.0,0.0,0.0,80.0,-7.0,0.0,80.0,1.3962634,0.0,0.0,0.0,-7.53493882,0.24093417,0.92183719,4.44687124,-2.78933053,5.12299328,2.46444963,0.0,6.04268011,-3.97562381,7.09782398,-2.67744682,-12.48968521,0.0,18.86743092,8.72183769,0.51756484
1760625304.225,1.09371264,0.65534929,3.24369882,-0.00794308,0.95833133,-0.00347787,80.0,-7.0,0.0,80.0,1.3962634,0.0,0.0,0.0,80.0,-7.0,0.0,80.0,1.3962634,0.0,0.0,0.0,-7.84843135,0.33608386,0.90862728,4.36769039,-2.70320765,5.44388439,2.52375154,0.0,6.19710987,-4.04798979,7.06081349,-2.73637209,-12.2513198,0.0,19.21292474,8.73226066,0.51431584
1760625304.259,1.05249964,0.66481316,3.26731344,-0.00860754,0.95832946,-0.00325802,80.0,-7.0,0.0,80.0,1.3962634,0.0,0.0,0.0,80.0,-7.0,0.0,80.0,1.3962634,0.0,0.0,0.0,-8.19000137,0.40856756,0.88690883,4.29118493,-2.64390227,5.92642105,2.53018568,0.0,6.46959654,-4.07622843,7.11021444,-2.79959464,-11.97670521,0.0,19.45991374,8.83531234,0.51296673
1760625304.292,0.95444531,0.64675322,3.30754895,-0.00871522,0.95828759,-0.0032778,80.0,-7.0,0.0,80.0,1.3962634,0.0,0.0,0.0,80.0,-7.0,0.0,80.0,1.3962634,0.0,0.0,0.0,-8.67054291,0.53807627,0.91500317,4.24249773,-2.60110299,6.72939749,2.25179065,0.0,7.0636167,-4.01396865,7.33423433,-2.84631874,-11.56788146,0.0,19.56974346,9.08152591,0.55110559
1760625304.326,0.89485341,0.64488417,3.33360254,-0.00901997,0.9584926,-0.00289981,80.0,-7.0,0.0,80.0,1.3962634,0.0,0.0,0.0,80.0,-7.0,0.0,80.0,1.3962634,0.0,0.0,0.0,-9.08764452,0.65776294,0.94836514,4.23948123,-2.6305571,7.50003534,2.21493299,0.0,7.18368591,-3.90545812,7.46364348,-2.96861061,-11.42397717,0.0,20.4417844,9.27324716,0.57354832
1760625304.359,0.81956821,0.63436291,3.34815346,-0.00912286,0.95867671,-0.00250892,80.0,-7.0,0.0,80.0,1.3962634,0.0,0.0,0.0,80.0,-7.0,0.0,80.0,1.3962634,0.0,0.0,0.0,-9.72081267,0.80021181,1.00271657,4.43175433,-2.66431867,8.04250651,2.39452005,0.0,7.34930997,-4.02487557,7.74644369,-3.15363282,-11.11153615,0.0,21.61763005,9.3566399,0.60271783
1760625304.393,0.63463971,0.61136094,3.37618729,-0.0094175,0.95860559,-0.00178921,80.0,-7.0,0.0,80.0,1.3962634,0.0,0.0,0.0,80.0,-7.0,0.0,80.0,1.3962634,0.0,0.0,0.0,-10.41423177,0.9585451,1.06964018,4.55620743,-2.59623075,8.87208224,2.74420244,0.0,7.60481491,-4.38234118,8.19538066,-3.22952495,-9.92906574,0.0,21.30772577,9.55428744,0.63086931
1760625304.426,0.42765295,0.58030767,3.35856878,-0.00974802,0.95784167,-0.00183686,80.0,-7.0,0.0,80.0,1.3962634,0.0,0.0,0.0,80.0,-7.0,0.0,80.0,1.3962634,0.0,0.0,0.0,-10.88010382,1.11604176,1.22578532,4.60766214,-2.65635552,9.82831156,2.85639001,0.0,7.8007867,-4.46872018,8.58063443,-3.18708717,-9.13414472,0.0,20.76824298,9.82203161,0.66375536
1760625304.46,0.18179879,0.55760309,3.35038849,-0.01054847,0.95765185,-0.00170612,80.0,-7.0,0.0,80.0,1.3962634,0.0,0.0,0.0,80.0,-7.0,0.0,80.0,1.3962634,0.0,0.0,0.0,-11.43133544,1.25689392,1.34967576,4.71171765,-2.69272124,10.78845024,2.51206012,0.0,8.63189176,-4.59550041,9.03603693,-3.21475101,-8.62256728,0.0,20.77309841,10.17051352,0.70926789
1760625304.493,-0.16616865,0.54615657,3.34515829,-0.01165115,0.95756802,-0.00132986,80.0,-7.0,0.0,80.0,1.3962634,0.0,0.0,0.0,80.0,-7.0,0.0,80.0,1.3962634,0.0,0.0,0.0,-12.15965444,1.44491767,1.49871955,4.69284508,-2.73847803,11.60994084,3.04097407,0.0,9.3432584,-5.17740566,9.54854564,-3.31758498,-8.13434427,0.0,20.98824381,10.75957737,0.91576728
1760625304.526,-0.54085353,0.53760982,3.31656526,-0.01009265,0.9569423,-0.00158831,80.0,-7.0,0.0,80.0,1.3962634,0.0,0.0,0.0,80.0,-7.0,0.0,80.0,1.3962634,0.0,0.0,0.0,-12.69216525,1.61830844,1.68987081,4.76627957,-2.8092299,12.39588013,3.21064605,0.0,9.7617833,-5.45452656,9.9191817,-3.33981971,-7.33776285,0.0,20.79459798,11.09343297,0.9955689
1760625304.56,-0.99335021,0.54561454,3.3302969,-0.00696967,0.95678114,-0.00159855,80.0,-7.0,0.0,80.0,1.3962634,0.0,0.0,0.0,80.0,-7.0,0.0,80.0,1.3962634,0.0,0.0,0.0,-13.2118743,1.73527406,1.79456827,4.80832334,-2.78495956,13.3140509,2.74538393,0.0,10.65471381,-5.65955425,9.74232762,-3.50536515,-6.6205573,0.8312894,20.78649481,11.17399922,1.06912336
1760625304.593,-1.87974868,0.47646138,3.4069246,-0.00452258,0.9558816,-0.00162144,80.0,-7.0,0.0,80.0,1.3962634,0.0,0.0,0.0,80.0,-7.0,0.0,80.0,1.3962634,0.0,0.0,0.0,-13.77795903,2.0759135,1.91351427,4.88460178,-2.89999499,14.24093388,3.04258499,0.0,11.30562833,-6.21033635,9.55437391,-3.7882614,-6.51661846,1.79666368,21.76357141,11.38293916,1.394909
1760625304.627,-2.94596949,0.29676305,3.76389027,-0.00016615,0.95406534,-0.00112683,80.0,-7.0,0.0,80.0,1.3962634,0.0,0.0,0.0,80.0,-7.0,0.0,80.0,1.3962634,0.0,0.0,0.0,-14.08068978,2.45912212,1.7919849,5.1565198,-2.98176013,14.77408335,3.01212204,0.0,12.03058676,-6.56361005,9.69612824,-4.02412687,-6.12237667,2.28474768,22.14290984,11.48376148,1.55859621
1760625304.66,-4.26689667,0.02325342,4.21991303,0.0053469,0.95329642,-0.0002403,80.0,-7.0,0.0,80.0,1.3962634,0.0,0.0,0.0,80.0,-7.0,0.0,80.0,1.3962634,0.0,0.0,0.0,-14.00939314,2.78982249,1.64754355,5.21662432,-3.00465512,15.26632491,3.14884405,0.0,12.52638452,-6.80939404,9.63295632,-4.41291464,-5.54030724,2.72858686,22.20241536,11.56251243,1.76170333
1760625304.694,-6.10357545,-0.46954434,4.81365002,0.01422593,0.95095503,0.00010347,80.0,-7.0,0.0,80.0,1.3962634,0.0,0.0,0.0,80.0,-7.0,0.0,80.0,1.3962634,0.0,0.0,0.0,-14.79536853,3.57202558,1.19198055,6.31448338,-3.35754848,16.71823997,2.70168243,0.0,13.60300368,-6.79791922,10.85582987,-4.70542924,-4.79442188,2.79376355,21.82665232,11.67447353,1.85972807
1760625304.727,-7.70183731,-0.88053641,5.16679377,0.0162583,0.95025662,0.00039076,80.0,-7.0,0.0,80.0,1.3962634,0.0,0.0,0.0,80.0,-7.0,0.0,80.0,1.3962634,0.0,0.0,0.0,-14.40249905,4.00592515,1.22724486,6.20856968,-3.48561765,17.41881831,2.97271093,0.0,13.9676797,-6.98225432,11.06880994,-4.96278588,-3.89510596,2.77100366,21.28730066,11.64326853,1.87975125
1760625304.794,-11.45283017,-1.44824779,5.17786064,0.02817261,0.9512429,0.00138281,80.0,-7.0,0.0,80.0,1.3962634,0.0,0.0,0.0,80.0,-7.0,0.0,80.0,1.3962634,0.0,0.0,0.0,-13.62495505,4.32196867,2.49858058,6.51139657,-3.68784934,18.43688119,1.18532814,0.0,15.88618215,-6.32225678,11.89408175,-5.55489093,-2.61289762,2.9659716,20.79726617,11.70153853,1.99887003
1760625304.828,-13.13512483,-1.4970427,4.91501466,0.03243439,0.95138905,0.00146148,80.0,-7.0,0.0,80.0,1.3962634,0.0,0.0,0.0,80.0,-7.0,0.0,80.0,1.3962634,0.0,0.0,0.0,-13.28394192,4.22746784,2.93635914,6.88814379,-3.82326405,19.23671098,0.0,0.0,17.13264894,-6.01102221,12.21389551,-5.86198502,-2.19060827,3.19706936,20.78198313,11.75351612,1.88201134
1760625304.861,-14.86127346,-1.62171871,4.91711213,0.03983442,0.9529599,-0.00052282,80.0,-7.0,0.0,80.0,1.3962634,0.0,0.0,0.0,80.0,-7.0,0.0,80.0,1.3962634,0.0,0.0,0.0,-11.83164497,4.27020775,2.92075071,6.35796321,-3.99935349,19.84498483,0.0,0.0,17.45318098,-6.08826048,11.49350881,-6.18913344,-1.94797747,3.38536692,21.04998285,11.73629689,1.70525082
1760625304.895,-17.01254504,-1.90802902,5.29223212,0.0495976,0.95580928,-0.00306804,80.0,-7.0,0.0,80.0,1.3962634,0.0,0.0,0.0,80.0,-7.0,0.0,80.0,1.3962634,0.0,0.0,0.0,-10.36326893,4.60640944,2.4830621,6.49467477,-4.47372496,20.36977481,0.0,0.0,17.7205099,-6.18804415,11.18533466,-6.39945057,-1.7311469,3.40198246,21.68742845,11.63657458,1.27393623
1760625304.928,-18.78090126,-2.32364793,5.65373247,0.05900962,0.96004214,-0.00533309,80.0,-7.0,0.0,80.0,1.3962634,0.0,0.0,0.0,80.0,-7.0,0.0,80.0,1.3962634,0.0,0.0,0.0,-9.46156044,4.81895068,2.44894435,7.06460516,-4.72085591,19.79059657,0.0,1.00069256,18.10935675,-6.61232977,11.44170813,-6.63217763,-1.14233853,3.34181911,22.22816719,11.50310165,0.95469656
1760625304.961,-20.4493361,-2.83874903,5.96322369,0.06140493,0.96217766,-0.00623034,80.0,-7.0,0.0,80.0,1.3962634,0.0,0.0,0.0,80.0,-7.0,0.0,80.0,1.3962634,0.0,0.0,0.0,-8.12818715,5.26482206,2.37057616,7.10962276,-5.06581138,19.22184588,0.0,2.41838501,18.6237509,-7.2636907,11.35180284,-6.57256869,-0.829664,3.34582178,22.53809407,11.39477641,0.8400067
1760625304.995,-22.16445093,-3.4802738,6.34327635,0.06817922,0.97068696,-0.00856565,80.0,-7.0,0.0,80.0,1.3962634,0.0,0.0,0.0,80.0,-7.0,0.0,80.0,1.3962634,0.0,0.0,0.0,-7.10085812,5.70357669,2.39180633,7.65083734,-5.33100292,18.97712562,0.0,3.48513402,18.83252798,-7.87802348,11.79336107,-6.34158941,-0.80707629,3.42027326,22.90806388,11.38500918,0.87373499
1760625305.028,-23.26331561,-3.91540619,6.57073007,0.0755092,0.97868274,-0.01139082,80.0,-7.0,0.0,80.0,1.3962634,0.0,0.0,0.0,80.0,-7.0,0.0,80.0,1.3962634,0.0,0.0,0.0,-6.04296288,5.8772064,2.38695989,7.6725171,-5.38813625,18.74991465,0.0,4.02795046,18.75825428,-8.15030024,11.84456612,-6.24265393,-0.87022458,3.37661162,23.32409171,11.46971736,0.97383422
1760625305.062,-24.33210409,-4.33662106,6.80527485,0.08519642,0.9866207,-0.01561937,80.0,-7.0,0.0,80.0,1.3962634,0.0,0.0,0.0,80.0,-7.0,0.0,80.0,1.3962634,0.0,0.0,0.0,-5.04014824,5.93741784,2.31258643,8.03436229,-5.46128135,18.49425668,0.0,4.33572167,18.67569541,-8.28014344,12.22055642,-6.14222709,-0.91838642,3.24087801,23.77826479,11.54510414,1.00096185
1760625305.095,-24.95257356,-4.5885874,7.08840479,0.09425543,0.99300198,-0.0194081,80.0,-7.0,0.0,80.0,1.3962634,0.0,0.0,0.0,80.0,-7.0,0.0,80.0,1.3962634,0.0,0.0,0.0,-3.77713135,5.80959123,2.25485622,7.74586852,-5.3693229,18.06020581,0.0,4.73142594,18.65659308,-8.45979671,11.96173828,-6.15447665,-0.91531213,3.19791277,24.2493298,11.50095215,0.94497088
1760625305.129,-25.23934426,-4.78680969,7.56409011,0.09894455,0.99852833,-0.02263146,80.0,-7.0,0.0,80.0,1.3962634,0.0,0.0,0.0,80.0,-7.0,0.0,80.0,1.3962634,0.0,0.0,0.0,-2.29594587,5.49182319,2.34435015,6.99115323,-5.17290901,17.17308899,0.0,5.2853068,18.74162797,-8.70610425,11.31956735,-6.30138396,-0.74206806,3.12260726,24.98492333,11.38346553,0.85701775
1760625305.162,-25.33788381,-5.04783915,8.44392675,0.10750176,1.00620748,-0.02725868,80.0,-7.0,0.0,80.0,1.3962634,0.0,0.0,0.0,80.0,-7.0,0.0,80.0,1.3962634,0.0,0.0,0.0,-1.6662049,5.45871953,1.76123116,7.31138422,-5.27465205,16.52652333,0.0,6.38946176,18.8873336,-9.24747406,12.07920137,-6.0982507,-1.05169341,2.91618477,25.6823126,11.31897888,0.74502331
1760625305.195,-25.11732485,-5.28702181,9.09660693,0.11441883,1.01317638,-0.03179685,80.0,-7.0,0.0,80.0,1.3962634,0.0,0.0,0.0,80.0,-7.0,0.0,80.0,1.3962634,0.0,0.0,0.0,-1.36988261,5.68064185,1.08883649,7.47823801,-5.50908554,16.20231294,0.0,7.49592042,19.00699485,-9.85982289,12.58333966,-5.79792684,-1.84059015,3.035776,26.14408694,11.29300246,0.76582523
1760625305.229,-24.54713267,-5.42959883,9.59116153,0.12124249,1.01869222,-0.03549128,80.0,-7.0,0.0,80.0,1.3962634,0.0,0.0,0.0,80.0,-7.0,0.0,80.0,1.3962634,0.0,0.0,0.0,-0.88041568,5.55219481,0.94727313,7.08604732,-5.47094117,15.48933026,0.0,8.7276308,18.99586448,-10.69117211,12.53193982,-5.83831566,-2.74399445,3.25532353,27.37296628,11.31278418,0.75391727
1760625305.262,-23.57083718,-5.49339298,9.85147439,0.12863263,1.02254282,-0.03855912,80.0,-7.0,0.0,80.0,1.3962634,0.0,0.0,0.0,80.0,-7.0,0.0,80.0,1.3962634,0.0,0.0,0.0,-0.28615517,5.28879976,1.29125561,6.37416926,-5.57086989,14.48779572,0.0,10.6189761,18.76102112,-11.94403676,12.17098815,-6.00022867,-3.50444865,3.56815742,28.97521788,11.26666892,0.62093389
1760625305.296,-22.87444277,-5.40241469,10.28622776,0.13504911,1.02556204,-0.04206326,80.0,-7.0,0.0,80.0,1.3962634,0.0,0.0,0.0,80.0,-7.0,0.0,80.0,1.3962634,0.0,0.0,0.0,0.61702043,4.86525976,1.51208007,5.38046743,-5.60350053,13.40700108,0.0,12.16425002,18.50126393,-12.95565732,11.3317144,-6.21378758,-3.43530742,3.78750745,29.81206071,11.13298793,0.41939108
1760625305.329,-22.21898092,-5.2100813,10.98350668,0.13676878,1.02710592,-0.04421655,80.0,-7.0,0.0,80.0,1.3962634,0.0,0.0,0.0,80.0,-7.0,0.0,80.0,1.3962634,0.0,0.0,0.0,1.3415823,4.28476003,1.71995231,4.60095908,-5.64619679,12.03588737,0.0,13.71608467,18.19987821,-14.03716403,10.78863416,-6.45128107,-3.32159817,3.82804534,30.7292113,10.990818,0.2094639
1760625305.363,-21.36039157,-5.15833687,12.04059048,0.13917202,1.02744461,-0.04914398,80.0,-7.0,0.0,80.0,1.3962634,0.0,0.0,0.0,80.0,-7.0,0.0,80.0,1.3962634,0.0,0.0,0.0,2.98913043,3.70187483,2.29695534,2.98077792,-5.89191634,9.96636558,0.0,16.3444983,17.77871323,-15.84605954,9.18880657,-6.66221519,-2.71104507,4.07164175,31.40678515,10.70203089,-0.00993575
1760625305.396,-20.72645416,-5.30449713,12.79968671,0.14829466,1.02861558,-0.05354206,80.0,-7.0,0.0,80.0,1.3962634,0.0,0.0,0.0,80.0,-7.0,0.0,80.0,1.3962634,0.0,0.0,0.0,3.36940753,3.8160812,2.18959195,2.8186824,-6.61783241,9.60453699,0.0,18.10214346,17.06834597,-17.01372511,8.84302237,-6.46791444,-2.55118637,4.27959398,31.53993043,10.59686229,-0.14448882
1760625305.43,-20.15953425,-5.49475642,13.50069157,0.15410283,1.02932486,-0.05665169,80.0,-7.0,0.0,80.0,1.3962634,0.0,0.0,0.0,80.0,-7.0,0.0,80.0,1.3962634,0.0,0.0,0.0,4.26867109,3.66692934,2.33274688,2.19137919,-7.17689037,9.32284615,0.0,19.52894712,16.04069617,-17.99614031,7.9320287,-6.57570668,-2.15196756,4.54266836,31.94487733,10.46541545,-0.32911592
1760625305.463,-19.51224667,-5.7600359,14.71763538,0.15687003,1.02968155,-0.0595017,80.0,-7.0,0.0,80.0,1.3962634,0.0,0.0,0.0,80.0,-7.0,0.0,80.0,1.3962634,0.0,0.0,0.0,4.94422913,3.65715876,1.77556793,2.15146435,-8.38641697,9.54502971,0.0,21.29085394,14.9701704,-19.4253698,7.55968059,-6.49270158,-2.90516008,4.67110762,33.13481981,10.39983006,-0.46014227
1760625305.497,-18.95475804,-5.98149259,16.07267317,0.16089875,1.0304528,-0.06294557,80.0,-7.0,0.0,80.0,1.3962634,0.0,0.0,0.0,80.0,-7.0,0.0,80.0,1.3962634,0.0,0.0,0.0,5.88621809,3.4197826,1.57578292,1.62645686,-9.2597717,8.92641692,0.0,22.32441213,14.43152944,-20.39277701,6.85092676,-6.52138248,-2.63403155,4.69155471,33.45048552,10.33108733,-0.4279728
1760625305.53,-18.17931578,-6.13844536,17.68697944,0.16701194,1.03126674,-0.06663213,80.0,-7.0,0.0,80.0,1.3962634,0.0,0.0,0.0,80.0,-7.0,0.0,80.0,1.3962634,0.0,0.0,0.0,6.61968598,3.16069486,1.16811019,1.07690912,-10.19539484,7.8748009,0.0,23.97353374,13.50004841,-21.42885823,6.26368013,-6.48553188,-2.19717764,4.60375051,33.49443433,10.18882374,-0.57696349
1760625305.563,-16.93634918,-6.38825025,19.8944004,0.17594116,1.03168312,-0.07053872,80.0,-7.0,0.0,80.0,1.3962634,0.0,0.0,0.0,80.0,-7.0,0.0,80.0,1.3962634,0.0,0.0,0.0,7.81037118,2.84440464,0.65615706,-0.04585777,-11.4200959,6.22937949,0.21544006,27.21606707,11.13222758,-23.16202577,5.10655586,-6.52404379,-2.14384919,4.62811619,33.93915945,9.94007102,-0.74551616
1760625305.597,-16.1174908,-6.64951939,21.5982058,0.18862037,1.03241841,-0.07316315,80.0,-7.0,0.0,80.0,1.3962634,0.0,0.0,0.0,80.0,-7.0,0.0,80.0,1.3962634,0.0,0.0,0.0,9.00402047,2.64723888,0.35476699,-0.9943332,-12.51825368,5.0950595,1.11650006,29.3658116,8.64140048,-24.27420733,4.02206475,-6.56750663,-2.40391952,4.85497481,34.749007,9.76982595,-0.8210415
1760625305.63,-15.34083484,-6.91674702,23.38781686,0.19886869,1.03186993,-0.07458372,80.0,-7.0,0.0,80.0,1.3962634,0.0,0.0,0.0,80.0,-7.0,0.0,80.0,1.3962634,0.0,0.0,0.0,10.27924895,2.41295644,-0.04504126,-2.00374227,-13.84773876,4.11532418,2.2732411,31.269098,6.00010639,-24.99999983,2.82950913,-6.76333435,-3.18270369,5.18705844,36.37116861,9.54024743,-0.98133159
1760625305.664,-14.12451919,-7.15899437,25.70970436,0.20447117,1.03299421,-0.07598535,80.0,-7.0,0.0,80.0,1.3962634,0.0,0.0,0.0,80.0,-7.0,0.0,80.0,1.3962634,0.0,0.0,0.0,10.53426145,2.38131874,-1.10010222,-1.90903477,-15.99869083,3.93394654,5.79829312,33.87157967,-0.13243377,-24.99999983,2.53758717,-6.73155384,-5.05784314,5.61580068,38.32758101,9.30038086,-1.1534942
1760625305.697,-13.31107138,-7.25420452,27.30592044,0.20668966,1.03392,-0.07713276,80.0,-7.0,0.0,80.0,1.3962634,0.0,0.0,0.0,80.0,-7.0,0.0,80.0,1.3962634,0.0,0.0,0.0,10.67651116,2.25203221,-1.64410992,-1.6507048,-17.60452952,3.82141491,8.02090548,36.06052749,-4.50067183,-24.99999983,2.35027691,-6.67411611,-5.96740381,5.98424161,38.79536851,9.23089374,-1.15836339
1760625305.731,-12.9151921,-7.24718964,28.92904101,0.22045107,1.03330871,-0.07333039,80.0,-7.0,0.0,80.0,1.3962634,0.0,0.0,0.0,80.0,-7.0,0.0,80.0,1.3962634,0.0,0.0,0.0,12.08972048,0.98135481,-1.63302684,-2.60338868,-18.41799477,2.87517384,9.54226516,38.66115882,-8.25193119,-24.99999983,1.04111778,-7.53784217,-6.26372162,6.40202838,39.09257282,9.13360885,-1.11034474
1760625305.764,-12.75615459,-7.25328427,31.1920678,0.23856481,1.03012806,-0.07060968,80.0,-7.0,0.0,80.0,1.3962634,0.0,0.0,0.0,80.0,-7.0,0.0,80.0,1.3962634,0.0,0.0,0.0,13.83743205,-0.74551195,-1.74798923,-3.52894655,-19.58941097,1.55631487,10.73048762,42.5661128,-12.87997598,-24.99999983,-0.04805851,-8.64902078,-6.6970259,6.71429444,39.21720736,8.9156661,-1.1263217
1760625305.797,-12.66401454,-7.24680927,32.86920126,0.26098807,1.02728,-0.06702889,80.0,-7.0,0.0,80.0,1.3962634,0.0,0.0,0.0,80.0,-7.0,0.0,80.0,1.3962634,0.0,0.0,0.0,15.10202161,-2.1210076,-1.75070871,-4.21872037,-20.45911277,0.89540529,11.2236808,45.15383865,-15.73386786,-24.99999983,-0.78487605,-9.43604046,-6.79318434,6.92178899,38.79921676,8.67779838,-1.26701695
1760625305.831,-12.15081829,-7.36148531,33.95780754,0.27735741,1.02798828,-0.06306153,80.0,-7.0,0.0,80.0,1.3962634,0.0,0.0,0.0,80.0,-7.0,0.0,80.0,1.3962634,0.0,0.0,0.0,15.76706785,-3.1634813,-1.45938666,-4.48909539,-21.22100531,1.0888476,11.27516027,47.21809324,-18.09486151,-24.99999983,-1.33119832,-10.35202251,-6.55678419,6.99808359,37.85821733,8.43733986,-1.38445806
1760625305.864,-10.82192337,-7.57450512,34.9029392,0.28820537,1.03099024,-0.05820206,80.0,-7.0,0.0,80.0,1.3962634,0.0,0.0,0.0,80.0,-7.0,0.0,80.0,1.3962634,0.0,0.0,0.0,15.04783749,-3.36010204,-1.54742807,-3.54844513,-22.62443414,2.77847724,10.58104921,49.86354011,-21.35232127,-24.99999983,-1.99189627,-10.92065009,-5.18122037,7.55369915,35.9538491,8.33491712,-1.43011697
1760625305.898,-10.3733033,-7.63937083,36.1058632,0.30116127,1.03414679,-0.05334707,80.0,-7.0,0.0,80.0,1.3962634,0.0,0.0,0.0,80.0,-7.0,0.0,80.0,1.3962634,0.0,0.0,0.0,15.31260797,-4.36126253,-2.00061836,-3.2251403,-23.35035736,3.58696189,9.78769271,52.12822378,-23.26138327,-24.99999983,-3.37669915,-11.80193499,-2.92550349,8.34489626,34.31611196,8.45034733,-1.33045752
1760625305.931,-10.52436029,-7.81751342,37.82090975,0.31490239,1.03646644,-0.04871468,80.0,-7.0,0.0,80.0,1.3962634,0.0,0.0,0.0,80.0,-7.0,0.0,80.0,1.3962634,0.0,0.0,0.0,15.53117014,-5.64465454,-2.55429201,-2.52614627,-24.2014002,3.58621022,8.72013683,54.32486275,-24.39601181,-24.99999983,-3.75330193,-12.60246802,-1.14505872,8.82627871,33.89680456,8.60907502,-1.13628423
1760625305.965,-10.51311506,-8.14959593,40.09235797,0.32488832,1.03918565,-0.04450321,80.0,-7.0,0.0,80.0,1.3962634,0.0,0.0,0.0,80.0,-7.0,0.0,80.0,1.3962634,0.0,0.0,0.0,16.20686389,-7.32307344,-3.01870095,-2.47216565,-24.82510663,3.53474897,6.9941471,56.90592059,-25.69905745,-24.99999983,-4.15232146,-13.65993781,-0.83093767,8.98707804,35.11545061,8.62761518,-0.98483882
1760625305.998,-10.23055403,-8.35934044,41.26194557,0.33525097,1.04079012,-0.03941825,80.0,-7.0,0.0,80.0,1.3962634,0.0,0.0,0.0,80.0,-7.0,0.0,80.0,1.3962634,0.0,0.0,0.0,16.15415043,-8.17624027,-2.83453917,-2.0417299,-25.20886602,3.64196692,5.20984703,58.76062592,-26.24664384,-24.99999983,-4.48374291,-14.44129558,-0.08912677,9.57464011,34.86945699,8.54347811,-0.96143479
1760625306.032,-9.98856889,-8.2653902,42.00980486,0.34581107,1.0426954,-0.03593661,80.0,-7.0,0.0,80.0,1.3962634,0.0,0.0,0.0,80.0,-7.0,0.0,80.0,1.3962634,0.0,0.0,0.0,15.56835126,-8.84176293,-2.15889112,-0.72829593,-26.52058544,4.01272314,2.49076232,61.20640828,-26.58124335,-24.99999983,-4.8077446,-15.1768206,1.84872,10.62379099,34.02555126,8.60035874,-0.89625801
1760625306.065,-10.1910501,-8.03195488,42.80100405,0.35814574,1.04436006,-0.03483105,80.0,-7.0,0.0,80.0,1.3962634,0.0,0.0,0.0,80.0,-7.0,0.0,80.0,1.3962634,0.0,0.0,0.0,15.37245544,-10.03240095,-2.7132298,0.52944891,-27.37052564,5.28392398,0.17704606,62.92232091,-26.46578913,-24.99999983,-4.99424643,-16.17050642,1.89644909,11.0010586,34.9498473,8.79078589,-0.76771491
1760625306.099,-10.41616292,-7.82418437,43.79333903,0.36264817,1.04416613,-0.0332164,80.0,-7.0,0.0,80.0,1.3962634,0.0,0.0,0.0,80.0,-7.0,0.0,80.0,1.3962634,0.0,0.0,0.0,14.78911318,-10.25717608,-3.4370117,1.85168653,-29.13926643,6.60217849,0.0,63.97458667,-27.0661406,-23.86906876,-4.6937503,-16.24429552,1.64217347,11.30214207,36.5036496,8.77711203,-0.8070848
1760625306.132,-10.76921387,-7.62726926,44.63044329,0.36949077,1.04346782,-0.02858516,80.0,-7.0,0.0,80.0,1.3962634,0.0,0.0,0.0,80.0,-7.0,0.0,80.0,1.3962634,0.0,0.0,0.0,15.78386129,-11.77469125,-2.99855207,2.12000121,-30.13229477,8.08694085,0.0,65.45675561,-27.98183753,-21.01100127,-6.19286624,-17.90133516,1.46648305,12.03067852,37.75737158,8.72184014,-0.72991927
1760625306.166,-11.06930381,-7.52057247,44.94634648,0.38587124,1.03992793,-0.02122233,80.0,-7.0,0.0,80.0,1.3962634,0.0,0.0,0.0,80.0,-7.0,0.0,80.0,1.3962634,0.0,0.0,0.0,15.87061766,-12.0322786,-2.89976156,3.33401342,-31.60375874,9.43082563,0.0,67.54044065,-28.77428731,-18.20347697,-6.78932056,-18.44865286,0.86756802,12.78610094,38.15659976,8.68099711,-0.58427893
1760625306.199,-11.22112619,-7.42737076,45.27509338,0.39321711,1.03728301,-0.017543,80.0,-7.0,0.0,80.0,1.3962634,0.0,0.0,0.0,80.0,-7.0,0.0,80.0,1.3962634,0.0,0.0,0.0,15.12267684,-11.50220396,-3.47794286,5.66988461,-33.66526027,10.68124606,0.0,70.45652055,-29.42454917,-15.3330222,-6.6350233,-18.21820336,-0.22809912,13.37006118,38.73445615,8.65658817,-0.56752275
1760625306.232,-11.63769365,-7.26009167,45.78648373,0.41039115,1.03247874,-0.01142146,80.0,-7.0,0.0,80.0,1.3962634,0.0,0.0,0.0,80.0,-7.0,0.0,80.0,1.3962634,0.0,0.0,0.0,14.32748464,-11.65744131,-3.88541298,8.79496387,-35.49724155,12.35748001,0.0,74.79164313,-30.59389652,-11.26553611,-6.38110112,-18.80144816,-1.13640063,13.72938197,39.6583339,8.61250072,-0.58992124
1760625306.266,-12.00818313,-7.17806436,46.15302164,0.41822061,1.03157621,-0.00829154,80.0,-7.0,0.0,80.0,1.3962634,0.0,0.0,0.0,80.0,-7.0,0.0,80.0,1.3962634,0.0,0.0,0.0,14.3099932,-12.31561426,-2.78539925,9.82731565,-36.53844014,12.70025865,0.0,78.30103112,-30.87379213,-7.60704149,-6.6017011,-20.14845773,-0.34743914,14.07050836,39.88987251,8.39272343,-0.61845718
1760625306.299,-12.37879912,-7.14592497,46.4259924,0.43030644,1.02943612,-0.00511368,80.0,-7.0,0.0,80.0,1.3962634,0.0,0.0,0.0,80.0,-7.0,0.0,80.0,1.3962634,0.0,0.0,0.0,13.80903424,-12.24667806,-2.8317364,12.24583427,-37.89337463,14.60786929,0.0,80.71036109,-30.01625442,-4.4701623,-6.2045503,-20.34427738,-0.34194574,14.23816801,39.66992984,8.37663424,-0.64742795
1760625306.333,-12.77284603,-7.12827273,46.47160526,0.4368182,1.03053657,-0.00543207,80.0,-7.0,0.0,80.0,1.3962634,0.0,0.0,0.0,80.0,-7.0,0.0,80.0,1.3962634,0.0,0.0,0.0,13.54444377,-12.85474629,-2.04725383,14.75857115,-38.9304226,16.58918163,0.0,82.90332505,-27.27546819,-0.66211572,-6.08971982,-21.54674302,-0.04111477,14.59324461,39.42669022,8.44109107,-0.63453555
1760625306.366,-13.01123008,-7.03933034,46.40675419,0.43253833,1.03480435,-0.00667987,80.0,-7.0,0.0,80.0,1.3962634,0.0,0.0,0.0,80.0,-7.0,0.0,80.0,1.3962634,0.0,0.0,0.0,13.64069056,-13.25799284,-1.05704048,15.81502189,-39.77160594,17.13978359,0.0,85.27831302,-25.26259184,2.10216424,-6.48921156,-22.66645164,0.26936727,14.89499991,39.62635225,8.40271027,-0.60194145
1760625306.4,-13.39524309,-6.90801239,46.42795455,0.43717036,1.03424393,-0.0035846,80.0,-7.0,0.0,80.0,1.3962634,0.0,0.0,0.0,80.0,-7.0,0.0,80.0,1.3962634,0.0,0.0,0.0,13.32542998,-13.61309479,-1.05604318,17.79533246,-40.34728321,18.69947601,0.0,87.98304443,-23.4669642,4.5903745,-6.51768221,-23.40728491,-0.03031014,14.96148135,39.94018291,8.43137336,-0.59022278
1760625306.433,-13.88306358,-6.73870805,46.43200854,0.44290427,1.02925209,0.00074637,80.0,-7.0,0.0,80.0,1.3962634,0.0,0.0,0.0,80.0,-7.0,0.0,80.0,1.3962634,0.0,0.0,0.0,12.71704633,-13.69261045,-1.52892038,20.6356175,-41.04928108,21.46814212,0.0,90.8703355,-21.0132958,7.25329282,-6.276195,-23.8757857,-0.43779595,14.81848004,39.77203211,8.47615004,-0.62421866
1760625306.466,-14.25473403,-6.66963802,46.58954444,0.44834901,1.0269468,0.00372268,80.0,-7.0,0.0,80.0,1.3962634,0.0,0.0,0.0,80.0,-7.0,0.0,80.0,1.3962634,0.0,0.0,0.0,12.22932658,-13.32135294,-1.46498072,22.39467617,-42.0308836,23.20764015,0.0,91.69639869,-19.12510944,8.65891424,-5.92771366,-23.75770122,-0.32777675,14.87081358,39.3757113,8.50713928,-0.57564523
1760625306.5,-14.58857478,-6.73046838,46.96676871,0.45432526,1.02451306,0.00568026,80.0,-7.0,0.0,80.0,1.3962634,0.0,0.0,0.0,80.0,-7.0,0.0,80.0,1.3962634,0.0,0.0,0.0,11.22371035,-12.74949052,-1.85383176,24.6701349,-43.07587768,25.19199948,0.0,91.93363959,-17.29150844,9.83629188,-5.079949,-23.45462736,-0.46590104,14.93902198,39.24453956,8.52461887,-0.56381189
1760625306.533,-15.0082703,-6.96167661,47.37156338,0.46391786,1.02374041,0.00814678,80.0,-7.0,0.0,80.0,1.3962634,0.0,0.0,0.0,80.0,-7.0,0.0,80.0,1.3962634,0.0,0.0,0.0,10.24633266,-11.66227723,-2.8884387,27.92643507,-44.17719451,28.27813626,0.0,92.40494194,-15.87337455,11.21077218,-4.29501451,-22.6685073,-1.30932734,15.09689173,39.38449763,8.65542355,-0.49615536
1760625306.567,-15.28519323,-7.04499817,47.55273434,0.46213909,1.02314701,0.01093686,80.0,-7.0,0.0,80.0,1.3962634,0.0,0.0,0.0,80.0,-7.0,0.0,80.0,1.3962634,0.0,0.0,0.0,10.415079,-11.52126976,-1.90321212,28.0246101,-45.03984969,27.78832307,0.0,93.59069169,-15.03444886,12.33185187,-4.50140387,-23.12058772,-0.57076619,15.37320569,39.52299244,8.56964845,-0.42375374
1760625306.6,-15.5481487,-7.00492828,47.73014247,0.46316608,1.02349825,0.0130739,80.0,-7.0,0.0,80.0,1.3962634,0.0,0.0,0.0,80.0,-7.0,0.0,80.0,1.3962634,0.0,0.0,0.0,10.04588957,-11.31226502,-0.98515005,28.71205914,-46.04705198,27.27124678,0.0,94.68205524,-13.99182016,13.33535823,-4.10626008,-23.26168928,0.16941117,15.54055677,39.79470473,8.55112592,-0.37000444
1760625306.634,-15.8581242,-6.93630144,47.82331961,0.4647009,1.02286037,0.01306642,80.0,-7.0,0.0,80.0,1.3962634,0.0,0.0,0.0,80.0,-7.0,0.0,80.0,1.3962634,0.0,0.0,0.0,10.06012782,-11.79899464,-0.54990426,29.12910917,-46.15175564,27.71366553,0.0,95.01098471,-12.95126457,14.12638673,-4.26294097,-24.03054038,0.13409273,15.65885948,39.87661618,8.59761866,-0.3462558
1760625306.667,-16.06455457,-6.96746497,47.82452003,0.46677699,1.02209038,0.01299295,80.0,-7.0,0.0,80.0,1.3962634,0.0,0.0,0.0,80.0,-7.0,0.0,80.0,1.3962634,0.0,0.0,0.0,9.82048883,-11.86265124,-0.31113191,29.73423891,-46.45349217,28.32695421,0.0,95.43897262,-12.25649408,14.54290144,-4.05122335,-24.31540785,0.18996776,15.69287708,39.80612831,8.60168507,-0.35751385
1760625306.701,-16.2525244,-7.0225323,47.90106342,0.46386249,1.02146708,0.01314793,80.0,-7.0,0.0,80.0,1.3962634,0.0,0.0,0.0,80.0,-7.0,0.0,80.0,1.3962634,0.0,0.0,0.0,10.73607617,-12.65194007,-0.27514076,28.77134513,-45.9365869,28.65377656,0.0,95.86883531,-11.51835763,14.66141776,-5.10173855,-25.26685506,-0.13804507,15.71050759,39.79844866,8.65355898,-0.33206536
1760625306.768,-16.55546405,-7.08465921,48.17326595,0.45554648,1.01258464,0.01861334,80.0,-7.0,0.0,80.0,1.3962634,0.0,0.0,0.0,80.0,-7.0,0.0,80.0,1.3962634,0.0,0.0,0.0,11.83382571,-11.99715859,-1.1749759,28.43580685,-46.88053548,31.16875831,0.0,96.18392202,-10.55467814,13.98207076,-6.95066444,-25.02732381,-1.36370079,15.74059644,39.7282169,8.62384335,-0.30137501
1760625306.801,-16.65275449,-7.10507478,48.16376035,0.45376922,1.01353133,0.02074266,80.0,-7.0,0.0,80.0,1.3962634,0.0,0.0,0.0,80.0,-7.0,0.0,80.0,1.3962634,0.0,0.0,0.0,12.06956971,-11.73915957,-2.40218047,29.35624968,-46.83507689,32.93135682,0.0,96.54999252,-10.36954185,13.63936834,-7.63194323,-24.65681456,-2.6985937,15.65385507,39.77593541,8.64118985,-0.32458185
1760625306.835,-16.8012322,-7.10773344,48.07294841,0.45606753,1.01297174,0.02223112,80.0,-7.0,0.0,80.0,1.3962634,0.0,0.0,0.0,80.0,-7.0,0.0,80.0,1.3962634,0.0,0.0,0.0,12.10208702,-11.68871786,-2.63094818,29.81151326,-47.08344706,33.31810326,0.0,97.34334084,-9.9764265,13.22527165,-7.82001217,-24.7132817,-2.96745249,15.72316071,39.83833723,8.65571748,-0.38154551
1760625306.868,-16.92339871,-7.05588765,48.00698169,0.45736586,1.01220293,0.02467864,80.0,-7.0,0.0,80.0,1.3962634,0.0,0.0,0.0,80.0,-7.0,0.0,80.0,1.3962634,0.0,0.0,0.0,12.05219945,-11.66711064,-2.71140211,30.11008847,-47.2484624,34.05334682,0.0,97.56599641,-9.60132758,13.00518689,-7.82146523,-24.72150231,-2.99210283,15.75068994,39.80025235,8.66806982,-0.37952821
1760625306.901,-17.02110423,-7.04701853,47.9172442,0.456034,1.01279125,0.0258195,80.0,-7.0,0.0,80.0,1.3962634,0.0,0.0,0.0,80.0,-7.0,0.0,80.0,1.3962634,0.0,0.0,0.0,11.95883313,-11.59448039,-2.1203024,29.91903484,-47.66159264,34.46068306,0.0,97.42563279,-8.95435458,12.95367075,-7.59291721,-24.91140881,-2.34734817,15.79582514,39.73944865,8.59770525,-0.37256652
1760625306.935,-17.14378142,-7.06655151,47.77378136,0.45695168,1.01400791,0.0264734,80.0,-7.0,0.0,80.0,1.3962634,0.0,0.0,0.0,80.0,-7.0,0.0,80.0,1.3962634,0.0,0.0,0.0,11.89658958,-11.60188071,-2.09874848,30.27350159,-47.77728005,35.53780891,0.0,97.38456169,-7.2933697,12.91300462,-7.38320556,-24.9603918,-2.14936076,15.69396118,39.54461695,8.5839336,-0.40403322
1760625306.968,-17.30270584,-7.0940595,47.72067325,0.46566088,1.01396843,0.02640308,80.0,-7.0,0.0,80.0,1.3962634,0.0,0.0,0.0,80.0,-7.0,0.0,80.0,1.3962634,0.0,0.0,0.0,10.99211869,-10.80417301,-2.99084519,32.47066124,-48.07558199,37.27190646,0.0,96.00130207,-7.64372474,12.4911014,-6.24828866,-23.87630276,-2.50725586,15.46199284,39.40857495,8.620922,-0.45530846
1760625307.002,-17.44605567,-7.09807935,47.52344719,0.46592461,1.0140344,0.02591147,80.0,-7.0,0.0,80.0,1.3962634,0.0,0.0,0.0,80.0,-7.0,0.0,80.0,1.3962634,0.0,0.0,0.0,11.17227871,-10.95337657,-2.5399921,31.68141632,-48.16545171,35.07924745,0.0,94.46858622,-9.24126172,11.43819753,-6.18435552,-23.92602269,-2.1210599,15.48082114,39.36718971,8.62810758,-0.44035524
1760625307.035,-17.54331853,-7.1406863,47.41243127,0.46619695,1.01422244,0.02549188,80.0,-7.0,0.0,80.0,1.3962634,0.0,0.0,0.0,80.0,-7.0,0.0,80.0,1.3962634,0.0,0.0,0.0,11.1613504,-11.10151818,-2.28297602,30.97764382,-48.21730244,33.08818693,0.0,93.3052338,-11.13741633,11.11245999,-6.00963387,-24.02651552,-1.92235488,15.53370126,39.51665837,8.6637282,-0.4047746
1760625307.069,-17.57584261,-7.15731571,47.31283013,0.46615207,1.01476923,0.02499859,80.0,-7.0,0.0,80.0,1.3962634,0.0,0.0,0.0,80.0,-7.0,0.0,80.0,1.3962634,0.0,0.0,0.0,11.2351206,-11.30179427,-2.02522351,29.82222284,-48.19896854,31.55020949,0.0,90.96050805,-13.24894916,11.22540218,-6.04137656,-24.27452672,-1.85028906,15.61448903,39.83165672,8.65558303,-0.39529628
1760625307.102,-17.58838222,-7.15705549,47.13974745,0.46536227,1.0170227,0.02583503,80.0,-7.0,0.0,80.0,1.3962634,0.0,0.0,0.0,80.0,-7.0,0.0,80.0,1.3962634,0.0,0.0,0.0,11.19098882,-11.39752495,-2.50071816,29.02869131,-48.17931067,30.46561114,0.0,88.1287631,-14.90699088,11.7901105,-6.15942628,-24.34128402,-2.7522242,15.64157071,40.22664414,8.68829507,-0.40404503
1760625307.136,-17.56787577,-7.17566978,46.96921639,0.46363268,1.01906258,0.02590237,80.0,-7.0,0.0,80.0,1.3962634,0.0,0.0,0.0,80.0,-7.0,0.0,80.0,1.3962634,0.0,0.0,0.0,11.20004279,-11.72913774,-2.41468503,27.65347605,-48.20174117,28.39073787,0.0,86.36450508,-15.77090469,12.3471633,-6.22636644,-24.80575265,-3.02834743,15.70998964,40.26360928,8.66805615,-0.42012238
1760625307.169,-17.58159748,-7.16731146,46.84782545,0.46528662,1.0186283,0.02561764,80.0,-7.0,0.0,80.0,1.3962634,0.0,0.0,0.0,80.0,-7.0,0.0,80.0,1.3962634,0.0,0.0,0.0,11.21140436,-11.54871601,-2.58134964,26.65653083,-48.57874515,26.48694436,0.0,85.04348237,-16.28445011,12.85605559,-6.30981089,-24.60823175,-3.43838575,15.75359284,40.30116023,8.64035055,-0.46709184
1760625307.203,-17.5514327,-7.17558818,46.78058595,0.46695784,1.01792714,0.0264569,80.0,-7.0,0.0,80.0,1.3962634,0.0,0.0,0.0,80.0,-7.0,0.0,80.0,1.3962634,0.0,0.0,0.0,11.41743869,-11.18114133,-3.30577268,25.40155714,-48.983301,24.53706514,0.0,83.10081529,-16.42282174,12.91281122,-6.78199726,-24.11484013,-4.2706906,15.74935828,40.34180854,8.68148431,-0.50050892
1760625307.236,-17.549463,-7.16473113,46.7985439,0.47113194,1.0180145,0.02724514,80.0,-7.0,0.0,80.0,1.3962634,0.0,0.0,0.0,80.0,-7.0,0.0,80.0,1.3962634,0.0,0.0,0.0,11.14896856,-10.98727896,-3.78044306,24.7053616,-49.31171953,22.99669969,0.0,81.06983378,-16.65626246,12.67371259,-6.56991769,-23.75411548,-4.64502863,15.64738899,40.4315931,8.72094971,-0.55695905
1760625307.269,-17.53774063,-7.15855928,46.77865124,0.47146622,1.01864232,0.02641343,80.0,-7.0,0.0,80.0,1.3962634,0.0,0.0,0.0,80.0,-7.0,0.0,80.0,1.3962634,0.0,0.0,0.0,11.15149708,-11.25054426,-3.51645641,22.93758046,-49.59682465,20.58702122,0.0,78.72934657,-16.69787905,12.23878745,-6.567652,-24.14200759,-4.48158072,15.6028512,40.46063508,8.67037456,-0.56698009
1760625307.303,-17.5608095,-7.17578859,46.70617369,0.47354271,1.01815141,0.02403526,80.0,-7.0,0.0,80.0,1.3962634,0.0,0.0,0.0,80.0,-7.0,0.0,80.0,1.3962634,0.0,0.0,0.0,11.49782784,-11.68758394,-3.3409689,20.54156882,-49.72624017,17.64491337,0.0,75.92832485,-16.71132018,11.3038381,-6.91432974,-24.58725039,-4.53457668,15.58089195,40.43410793,8.65783653,-0.56575938
1760625307.336,-17.5900947,-7.19513189,46.61076734,0.47475782,1.01593579,0.02210785,80.0,-7.0,0.0,80.0,1.3962634,0.0,0.0,0.0,80.0,-7.0,0.0,80.0,1.3962634,0.0,0.0,0.0,11.68171011,-11.56464851,-2.98963461,18.96686721,-50.12049245,15.45183851,0.0,75.85138265,-16.80745067,11.28528145,-7.06267662,-24.51631301,-4.38022925,15.62068882,40.61884225,8.66211161,-0.54981706
1760625307.37,-17.61206896,-7.22301747,46.50888489,0.47495877,1.01457578,0.02083524,80.0,-7.0,0.0,80.0,1.3962634,0.0,0.0,0.0,80.0,-7.0,0.0,80.0,1.3962634,0.0,0.0,0.0,11.77403349,-11.45338649,-2.94356482,17.92097223,-50.35602884,14.14689027,0.0,75.93849776,-16.77942371,11.16072508,-7.19395751,-24.42154637,-4.4107973,15.59743261,40.83481826,8.67485617,-0.55290267
1760625307.403,-17.62024832,-7.2078013,46.26644013,0.47518883,1.0144651,0.01909723,80.0,-7.0,0.0,80.0,1.3962634,0.0,0.0,0.0,80.0,-7.0,0.0,80.0,1.3962634,0.0,0.0,0.0,11.79392534,-11.42931836,-2.79610109,17.00452432,-50.58101365,13.29750922,0.0,75.70939415,-15.87434627,10.815967,-7.32505735,-24.45142156,-4.3617179,15.53937318,41.00805897,8.69789013,-0.52324032
1760625307.47,-17.6851309,-7.16216011,45.8004835,0.47656345,1.0147636,0.0188023,80.0,-7.0,0.0,80.0,1.3962634,0.0,0.0,0.0,80.0,-7.0,0.0,80.0,1.3962634,0.0,0.0,0.0,11.75004692,-10.96367546,-3.52872293,17.39936158,-50.91065361,15.30287729,0.0,76.13083002,-14.51228306,10.43554796,-7.39501105,-23.85275148,-4.73856366,15.10397157,40.9344105,8.70199087,-0.56231069
1760625307.504,-17.76157712,-7.09184394,45.45817361,0.47765088,1.01283014,0.01952572,80.0,-7.0,0.0,80.0,1.3962634,0.0,0.0,0.0,80.0,-7.0,0.0,80.0,1.3962634,0.0,0.0,0.0,11.63643298,-10.53296685,-3.96705928,18.14415701,-51.10234886,16.99911376,0.0,76.3800496,-13.66225869,9.91378093,-7.21480971,-23.24925395,-4.82092578,14.86394904,40.69886714,8.7575007,-0.58809245
1760625307.537,-17.83968057,-7.0751021,45.25444234,0.4790629,1.0127878,0.02035724,80.0,-7.0,0.0,80.0,1.3962634,0.0,0.0,0.0,80.0,-7.0,0.0,80.0,1.3962634,0.0,0.0,0.0,11.69433846,-10.41219455,-4.28466764,18.67208948,-51.12447503,17.89430364,0.0,77.32455365,-12.99548815,9.92280865,-7.20724902,-23.03692534,-4.89848936,14.7957082,40.57151077,8.79729508,-0.59680648
1760625307.57,-17.92177574,-7.06111165,45.12207012,0.4799485,1.01396747,0.02244922,80.0,-7.0,0.0,80.0,1.3962634,0.0,0.0,0.0,80.0,-7.0,0.0,80.0,1.3962634,0.0,0.0,0.0,11.7065975,-10.47746393,-4.07995483,18.85855153,-51.23656677,18.08534891,0.0,78.36965011,-11.87534414,10.40787732,-7.08176317,-23.14492588,-4.51044528,14.87632964,40.52830201,8.77579203,-0.59203197
1760625307.604,-17.93879617,-7.11019888,45.06556566,0.47896608,1.01300988,0.02252253,80.0,-7.0,0.0,80.0,1.3962634,0.0,0.0,0.0,80.0,-7.0,0.0,80.0,1.3962634,0.0,0.0,0.0,11.76182036,-10.25097945,-3.76477724,18.8587377,-51.51630117,17.93213606,0.0,79.75875964,-8.54665075,11.2007568,-6.89886318,-23.1245339,-3.80727563,15.10166304,40.35542433,8.76210534,-0.58856974
1760625307.637,-17.98955175,-7.14835992,44.9872955,0.47951365,1.0128343,0.02306897,80.0,-7.0,0.0,80.0,1.3962634,0.0,0.0,0.0,80.0,-7.0,0.0,80.0,1.3962634,0.0,0.0,0.0,11.74996401,-10.06553872,-3.69067382,19.17352544,-51.74796412,18.1803101,0.0,79.44737499,-6.37483672,11.16409093,-6.62921787,-22.99741667,-3.32766267,15.22282902,40.10205289,8.76838253,-0.61231536
