time,pelvis_tilt,pelvis_list,pelvis_rotation,pelvis_tx,pelvis_ty,pelvis_tz,hip_flexion_r,hip_adduction_r,hip_rotation_r,knee_angle_r,knee_angle_r_beta,ankle_angle_r,subtalar_angle_r,mtp_angle_r,hip_flexion_l,hip_adduction_l,hip_rotation_l,knee_angle_l,knee_angle_l_beta,ankle_angle_l,subtalar_angle_l,mtp_angle_l,lumbar_extension,lumbar_bending,lumbar_rotation,arm_flex_r,arm_add_r,arm_rot_r,elbow_flex_r,pro_sup_r,wrist_flex_r,wrist_dev_r,arm_flex_l,arm_add_l,arm_rot_l,elbow_flex_l,pro_sup_l,wrist_flex_l,wrist_dev_l
1760625076.93,-0.006436,0.04053051,-0.0122023,0.00466397,0.92452283,0.01257711,80.0,-7.0,0.0,80.0,1.3962634,0.0,0.0,0.0,80.0,-7.0,0.0,80.0,1.3962634,0.0,0.0,0.0,-5.85125201,1.65603393,-0.92062472,8.84084407,-11.76412518,-0.39827407,23.98411715,0.13606799,-24.22774449,4.26114789,7.06080483,0.69017804,-1.07805365,0.0,0.00623208,-1.149174,0.86933968
1760625076.964,0.00276555,0.03650812,-0.0009541,0.00299212,0.92542243,0.01204565,80.0,-7.0,0.0,80.0,1.3962634,0.0,0.0,0.0,80.0,-7.0,0.0,80.0,1.3962634,0.0,0.0,0.0,-5.84326766,1.609496,-0.84329841,8.89464055,-11.94505863,-0.46895993,23.97847461,0.14534947,-24.31057225,4.44184603,7.01995903,0.61595946,-1.0086797,0.0,0.0,-1.12130653,0.89251474
1760625076.997,-0.03385841,0.03312514,0.00745066,0.00318999,0.92671205,0.01166845,80.0,-7.0,0.0,80.0,1.3962634,0.0,0.0,0.0,80.0,-7.0,0.0,80.0,1.3962634,0.0,0.0,0.0,-5.63268166,1.57376568,-0.94429973,8.73477839,-11.96807426,-0.48958531,24.09224281,0.32034382,-24.41908254,4.53116476,6.8454885,0.53981983,-1.1193113,0.0,0.02568747,-1.13201093,0.8709756
1760625077.03,-0.03232558,0.02987329,0.01816113,0.00356698,0.92737353,0.01229466,80.0,-7.0,0.0,80.0,1.3962634,0.0,0.0,0.0,80.0,-7.0,0.0,80.0,1.3962634,0.0,0.0,0.0,-5.549273,1.57004029,-0.92060717,8.5666135,-12.01752344,-0.68956376,24.77528473,0.44389465,-25.06184485,4.52494484,6.72993166,0.50547208,-1.11412916,0.0,0.11667985,-1.12063489,0.88685583
1760625077.064,-0.04655242,0.02733095,0.01641497,0.00357254,0.92844384,0.01269819,80.0,-7.0,0.0,80.0,1.3962634,0.0,0.0,0.0,80.0,-7.0,0.0,80.0,1.3962634,0.0,0.0,0.0,-5.52381632,1.55569975,-0.95867172,8.5143641,-12.08090495,-0.64136421,25.18946144,0.43269734,-25.44298179,4.49318357,6.67400973,0.467778,-1.1777377,0.0,0.19597569,-1.14483012,0.87415644
1760625077.097,-0.06995247,0.02507399,0.01475322,0.00399146,0.92859564,0.01200341,80.0,-7.0,0.0,80.0,1.3962634,0.0,0.0,0.0,80.0,-7.0,0.0,80.0,1.3962634,0.0,0.0,0.0,-5.43912997,1.57264331,-1.04723271,8.3127712,-12.13851772,-0.56012455,25.13196619,0.57225928,-25.34584693,4.5655731,6.53185241,0.45458626,-1.25203909,0.0,0.4374513,-1.17889394,0.81231089
1760625077.131,-0.09900753,0.02075043,0.01342518,0.00486408,0.92904166,0.01156672,80.0,-7.0,0.0,80.0,1.3962634,0.0,0.0,0.0,80.0,-7.0,0.0,80.0,1.3962634,0.0,0.0,0.0,-5.39444317,1.55341147,-1.05155835,8.28767295,-12.15848967,-0.54012219,25.12025905,0.534302,-25.34255267,4.61339016,6.45458865,0.40402552,-1.26835808,0.0,0.69561011,-1.19367136,0.77889619
1760625077.164,-0.10890769,0.02009839,0.0121233,0.00486369,0.92997852,0.0115561,80.0,-7.0,0.0,80.0,1.3962634,0.0,0.0,0.0,80.0,-7.0,0.0,80.0,1.3962634,0.0,0.0,0.0,-5.22913395,1.51362134,-1.08759142,8.16354804,-12.18764678,-0.54958689,25.17318957,0.56876439,-25.42275802,4.79517717,6.28537582,0.36754509,-1.3115195,0.0,0.67571056,-1.2159777,0.73324533
1760625077.198,-0.11439229,0.0171888,0.00739593,0.00416264,0.9304899,0.01200445,80.0,-7.0,0.0,80.0,1.3962634,0.0,0.0,0.0,80.0,-7.0,0.0,80.0,1.3962634,0.0,0.0,0.0,-5.19511394,1.52819584,-1.08325309,8.06621618,-12.23846295,-0.71903619,25.59064822,0.62020695,-25.81327622,4.83944674,6.2486855,0.39819262,-1.32702487,0.0,0.63852427,-1.24462735,0.694963
1760625077.231,-0.11309244,0.01271225,0.01389445,0.00385733,0.9307387,0.01220073,80.0,-7.0,0.0,80.0,1.3962634,0.0,0.0,0.0,80.0,-7.0,0.0,80.0,1.3962634,0.0,0.0,0.0,-5.22111726,1.52176036,-1.09784908,8.0755588,-12.22975539,-0.72050788,25.61379505,0.62846697,-25.80414727,4.8501761,6.26029143,0.38758805,-1.33812587,0.0,0.59333532,-1.22683873,0.69627355
1760625077.265,-0.11184273,0.01140494,0.01751261,0.00300152,0.93051958,0.01198173,80.0,-7.0,0.0,80.0,1.3962634,0.0,0.0,0.0,80.0,-7.0,0.0,80.0,1.3962634,0.0,0.0,0.0,-5.1963826,1.4960157,-1.10534135,7.98913118,-12.20986546,-0.69990843,25.58417582,0.69044984,-25.77300074,4.89935827,6.23541124,0.34578687,-1.31537287,0.0,0.49299866,-1.20705395,0.69290658
1760625077.298,-0.09645861,0.01437259,0.02858002,0.00324069,0.93039752,0.01145994,80.0,-7.0,0.0,80.0,1.3962634,0.0,0.0,0.0,80.0,-7.0,0.0,80.0,1.3962634,0.0,0.0,0.0,-5.20011565,1.48642063,-1.11142444,7.97240821,-12.24008346,-0.70284096,25.56676652,0.69155357,-25.7558913,4.90674515,6.22443083,0.32220385,-1.31377839,0.0,0.43060966,-1.1766963,0.70511227
1760625077.332,-0.08941567,0.00933719,0.03840415,0.00412578,0.93041703,0.01113416,80.0,-7.0,0.0,80.0,1.3962634,0.0,0.0,0.0,80.0,-7.0,0.0,80.0,1.3962634,0.0,0.0,0.0,-5.12445219,1.49240446,-1.08951416,7.89967965,-12.30451161,-0.65440417,25.44639207,0.69812199,-25.59428162,4.98223786,6.15723321,0.31678303,-1.30643371,0.0,0.39333528,-1.13712464,0.71483359
1760625077.365,-0.07599638,0.01507068,0.05410988,0.00414052,0.93046308,0.01171603,80.0,-7.0,0.0,80.0,1.3962634,0.0,0.0,0.0,80.0,-7.0,0.0,80.0,1.3962634,0.0,0.0,0.0,-4.97841844,1.40370163,-1.10150128,7.68686897,-12.2118488,-0.59883842,25.35506048,0.86295219,-25.3917222,4.94450794,5.99147263,0.23517231,-1.22629639,0.0,0.17736884,-1.11784701,0.75733751
1760625077.399,-0.064568,0.01791247,0.06750689,0.00404448,0.93086178,0.01190081,80.0,-7.0,0.0,80.0,1.3962634,0.0,0.0,0.0,80.0,-7.0,0.0,80.0,1.3962634,0.0,0.0,0.0,-4.93030821,1.34507218,-1.11973957,7.61343318,-12.11576041,-0.49102824,24.84513746,0.7875833,-24.84790973,4.9552341,5.96555894,0.19138774,-1.1681838,0.0,0.01326583,-1.12997705,0.75997569
1760625077.432,-0.04832558,0.01840873,0.08783379,-0.0001689,0.93204566,0.01167653,80.0,-7.0,0.0,80.0,1.3962634,0.0,0.0,0.0,80.0,-7.0,0.0,80.0,1.3962634,0.0,0.0,0.0,-4.04333476,1.2182268,-1.122755,6.48503761,-11.89437871,-0.23544685,22.35136437,0.76270112,-22.31463792,5.31061342,5.01635685,0.1198721,-1.23182935,0.0,0.0,-1.06493347,0.74585748
1760625077.466,-0.04689279,0.0188544,0.09138668,-0.00030662,0.93246282,0.01158724,80.0,-7.0,0.0,80.0,1.3962634,0.0,0.0,0.0,80.0,-7.0,0.0,80.0,1.3962634,0.0,0.0,0.0,-3.96264407,1.20638283,-1.01690689,6.50434544,-11.90082725,-0.27218186,22.34042373,0.6796443,-22.36594362,5.30407235,4.94324686,0.15021499,-1.21822831,0.0,0.0,-1.02645377,0.76461355
1760625077.499,-0.03283096,0.02008335,0.09807072,-0.00017996,0.93268107,0.01173442,80.0,-7.0,0.0,80.0,1.3962634,0.0,0.0,0.0,80.0,-7.0,0.0,80.0,1.3962634,0.0,0.0,0.0,-3.96971693,1.19832563,-0.9803493,6.51210844,-11.8847531,-0.27947227,22.36036036,0.5551347,-22.34831298,5.27411569,4.95188227,0.17170613,-1.19907438,0.0,0.0,-1.01331075,0.79661947
1760625077.532,-0.04746142,0.02260912,0.1043585,0.00047144,0.93288829,0.01195116,80.0,-7.0,0.0,80.0,1.3962634,0.0,0.0,0.0,80.0,-7.0,0.0,80.0,1.3962634,0.0,0.0,0.0,-3.92972471,1.16290777,-0.96826681,6.551197,-11.9074049,-0.22612414,22.36229463,0.42409757,-22.34532255,5.30164146,4.94319886,0.1681839,-1.21734297,0.0,0.0,-1.0137106,0.80980053
1760625077.566,-0.02096166,0.02571049,0.10402135,0.00197297,0.93340346,0.01199218,80.0,-7.0,0.0,80.0,1.3962634,0.0,0.0,0.0,80.0,-7.0,0.0,80.0,1.3962634,0.0,0.0,0.0,-4.10753085,1.14411568,-1.10178473,6.87360389,-11.88008064,0.00441965,22.47886981,0.14901801,-22.40264495,5.17189449,5.14666431,0.18701872,-1.33983556,0.0,0.0,-1.07065147,0.79647002
1760625077.599,-0.03548419,0.03125679,0.11058994,0.00358138,0.933715,0.01252195,80.0,-7.0,0.0,80.0,1.3962634,0.0,0.0,0.0,80.0,-7.0,0.0,80.0,1.3962634,0.0,0.0,0.0,-4.24713164,1.11991354,-1.18000833,7.16831749,-11.90674204,-0.01430212,23.86819764,0.0,-23.6894961,4.91851401,5.34258143,0.1989436,-1.39284291,0.0,0.0,-1.08492815,0.82755652
1760625077.633,-0.03121499,0.03597795,0.11164497,0.00434319,0.93362233,0.01224028,80.0,-7.0,0.0,80.0,1.3962634,0.0,0.0,0.0,80.0,-7.0,0.0,80.0,1.3962634,0.0,0.0,0.0,-4.28715254,1.11399844,-1.18699137,7.28708903,-11.92163749,0.05344019,23.98467228,0.06666245,-23.69367693,4.93271558,5.38541362,0.25288126,-1.41551462,0.0,0.0,-1.09206019,0.83513895
1760625077.666,-0.01497958,0.04415883,0.12400168,0.00480808,0.93353208,0.01209129,80.0,-7.0,0.0,80.0,1.3962634,0.0,0.0,0.0,80.0,-7.0,0.0,80.0,1.3962634,0.0,0.0,0.0,-4.2901665,1.08909451,-1.1459083,7.32790211,-11.92782805,0.15936099,24.01770263,0.10075955,-23.68001044,4.93729421,5.36179521,0.3016465,-1.35286164,0.0,0.0,-1.09946443,0.83998916
1760625077.7,0.00142745,0.04576251,0.12555767,0.00589115,0.93352581,0.01311628,80.0,-7.0,0.0,80.0,1.3962634,0.0,0.0,0.0,80.0,-7.0,0.0,80.0,1.3962634,0.0,0.0,0.0,-4.42333702,1.08153743,-1.11683315,7.56736982,-11.89733406,0.36662011,24.06515072,0.01876462,-23.79375749,4.91858758,5.48558326,0.32509209,-1.30212405,0.0,0.0,-1.11364952,0.85881141
1760625077.733,0.00966446,0.05033611,0.13503356,0.00560337,0.93322204,0.01412226,80.0,-7.0,0.0,80.0,1.3962634,0.0,0.0,0.0,80.0,-7.0,0.0,80.0,1.3962634,0.0,0.0,0.0,-4.42799551,1.00891768,-1.14925512,7.60979024,-11.77735568,0.53680446,24.16456202,0.04385138,-23.8583437,4.84781911,5.52472185,0.27744035,-1.37169542,0.0,0.0,-1.12546222,0.87809886
1760625077.766,0.02827601,0.0486013,0.15028881,0.00437775,0.93285571,0.01473331,80.0,-7.0,0.0,80.0,1.3962634,0.0,0.0,0.0,80.0,-7.0,0.0,80.0,1.3962634,0.0,0.0,0.0,-4.47159767,1.00055866,-1.16476208,7.67939486,-11.7426366,0.65135197,24.47695073,0.0,-24.19392374,4.76267718,5.60954944,0.2854814,-1.40962024,0.0,0.0,-1.12364454,0.87092672
1760625077.8,0.03656498,0.0513899,0.15632252,0.00380742,0.93233628,0.01522254,80.0,-7.0,0.0,80.0,1.3962634,0.0,0.0,0.0,80.0,-7.0,0.0,80.0,1.3962634,0.0,0.0,0.0,-4.45192993,0.95378046,-1.14175503,7.65436284,-11.69281865,0.63493534,24.75418675,0.12191532,-24.52375235,4.73648291,5.6145446,0.23822628,-1.39541963,0.0,0.0,-1.12640986,0.8708802
1760625077.833,0.04287989,0.05046567,0.16212872,0.00302097,0.93225304,0.01605388,80.0,-7.0,0.0,80.0,1.3962634,0.0,0.0,0.0,80.0,-7.0,0.0,80.0,1.3962634,0.0,0.0,0.0,-4.44291792,0.90617817,-1.11494492,7.70804451,-11.62348235,0.7671874,24.78814002,0.10775833,-24.61405671,4.66773007,5.63023936,0.18180759,-1.38782903,0.0,0.0,-1.12442697,0.87077083
1760625077.867,0.05653607,0.04462267,0.16696609,0.00238948,0.9324229,0.01596853,80.0,-7.0,0.0,80.0,1.3962634,0.0,0.0,0.0,80.0,-7.0,0.0,80.0,1.3962634,0.0,0.0,0.0,-4.4417415,0.92579881,-1.11747722,7.68522795,-11.63736659,0.78238859,25.1765239,0.21943349,-25.00203674,4.58804396,5.64606599,0.1848015,-1.44425015,0.0,0.0,-1.1258231,0.85652171
1760625077.9,0.06591653,0.03760505,0.16496112,0.00225574,0.93263541,0.01585746,80.0,-7.0,0.0,80.0,1.3962634,0.0,0.0,0.0,80.0,-7.0,0.0,80.0,1.3962634,0.0,0.0,0.0,-4.42330033,0.92459514,-1.08964377,7.68746162,-11.62652891,0.8007437,25.17935187,0.25296655,-25.01698303,4.56963794,5.64310652,0.18946532,-1.48330237,0.0,0.0,-1.10510815,0.86568169
1760625077.934,0.08750918,0.03673401,0.19008428,0.00199129,0.93263984,0.01554678,80.0,-7.0,0.0,80.0,1.3962634,0.0,0.0,0.0,80.0,-7.0,0.0,80.0,1.3962634,0.0,0.0,0.0,-4.41588844,0.92345189,-1.09827486,7.68295197,-11.63165119,0.81436665,25.1732039,0.25951294,-25.03188995,4.55632472,5.64639614,0.20472781,-1.47386469,0.0,0.0,-1.10901641,0.87792954
1760625077.967,0.09641688,0.02405398,0.19329814,0.00246463,0.93258341,0.01569733,80.0,-7.0,0.0,80.0,1.3962634,0.0,0.0,0.0,80.0,-7.0,0.0,80.0,1.3962634,0.0,0.0,0.0,-4.42322328,0.93068253,-1.10864478,7.65442303,-11.62915294,0.84945492,25.18095473,0.31778501,-25.02384339,4.5519488,5.67867281,0.23997877,-1.49917194,0.0,0.0,-1.13222569,0.86986708
1760625078.001,0.10024619,0.02563343,0.19908438,0.0025673,0.93254304,0.01584224,80.0,-7.0,0.0,80.0,1.3962634,0.0,0.0,0.0,80.0,-7.0,0.0,80.0,1.3962634,0.0,0.0,0.0,-4.42096503,0.92984893,-1.11804049,7.64246808,-11.61591128,0.8562478,25.18079492,0.32430502,-25.01798135,4.55748842,5.69281127,0.26207039,-1.50112962,0.0,0.0,-1.11919203,0.89890357
1760625078.034,0.10189156,0.0197019,0.21033891,0.00277818,0.9325529,0.01635506,80.0,-7.0,0.0,80.0,1.3962634,0.0,0.0,0.0,80.0,-7.0,0.0,80.0,1.3962634,0.0,0.0,0.0,-4.3938108,0.92009867,-1.18885831,7.5822619,-11.57857244,0.86329128,25.18663686,0.50080258,-24.90756064,4.58259741,5.68421105,0.26727622,-1.57948608,0.0,0.0,-1.12546144,0.90219153
1760625078.068,0.11533993,0.01768045,0.22123485,0.00236091,0.93279044,0.01602576,80.0,-7.0,0.0,80.0,1.3962634,0.0,0.0,0.0,80.0,-7.0,0.0,80.0,1.3962634,0.0,0.0,0.0,-4.41855914,0.92054364,-1.18609747,7.57673928,-11.58539451,0.75095176,25.22574498,0.72363977,-24.76666136,4.66578572,5.70002018,0.28830362,-1.51831573,0.0,0.0,-1.13705252,0.9074953
1760625078.101,0.1333537,0.01322286,0.22895927,0.00264175,0.9325304,0.01541138,80.0,-7.0,0.0,80.0,1.3962634,0.0,0.0,0.0,80.0,-7.0,0.0,80.0,1.3962634,0.0,0.0,0.0,-4.41421108,0.93722239,-1.19371924,7.59655797,-11.56757164,0.64285491,25.2535199,0.90361199,-24.70145838,4.67670539,5.66771988,0.31374882,-1.45272478,0.0,0.0,-1.13802118,0.88746081
1760625078.134,0.13139619,0.01424269,0.23947042,0.00252892,0.93258223,0.0142703,80.0,-7.0,0.0,80.0,1.3962634,0.0,0.0,0.0,80.0,-7.0,0.0,80.0,1.3962634,0.0,0.0,0.0,-4.43381025,0.99334227,-1.21002207,7.63556344,-11.66348304,0.59118587,25.26066601,1.0658545,-24.63761718,4.75827624,5.66403237,0.37701923,-1.37335003,0.0,0.0,-1.14819629,0.8730317
1760625078.168,0.12125165,0.01991039,0.23949746,0.00326853,0.93289618,0.01378145,80.0,-7.0,0.0,80.0,1.3962634,0.0,0.0,0.0,80.0,-7.0,0.0,80.0,1.3962634,0.0,0.0,0.0,-4.35931568,0.96973774,-1.21080449,7.61900766,-11.7023907,0.67169232,25.21834518,1.08951854,-24.63200041,4.82462921,5.5954301,0.35536505,-1.28468439,0.0,0.0,-1.13528188,0.86880276
1760625078.201,0.13498392,0.02043053,0.23806422,0.00299923,0.93310263,0.01390459,80.0,-7.0,0.0,80.0,1.3962634,0.0,0.0,0.0,80.0,-7.0,0.0,80.0,1.3962634,0.0,0.0,0.0,-4.19387329,0.95361872,-1.15460851,7.39603634,-11.701916,0.66357214,25.02009492,1.13369451,-24.3898348,4.8525646,5.4346503,0.33181789,-1.22334259,0.0,0.0,-1.11848591,0.87221447
1760625078.235,0.13356506,0.01944812,0.25313924,0.00343036,0.93331749,0.01479443,80.0,-7.0,0.0,80.0,1.3962634,0.0,0.0,0.0,80.0,-7.0,0.0,80.0,1.3962634,0.0,0.0,0.0,-4.14764398,0.90026121,-1.17328503,7.37401278,-11.57321406,0.69409669,24.97387487,1.30206522,-24.41459879,4.78768381,5.45257946,0.24322872,-1.21879143,0.0,0.0,-1.12276998,0.87811365
1760625078.268,0.13215715,0.02019133,0.25250776,0.00387271,0.93310996,0.01507518,80.0,-7.0,0.0,80.0,1.3962634,0.0,0.0,0.0,80.0,-7.0,0.0,80.0,1.3962634,0.0,0.0,0.0,-4.11538369,0.87759942,-1.17183005,7.36369144,-11.54352478,0.66512228,24.95211047,1.43274121,-24.46902663,4.78946654,5.46638251,0.19697549,-1.24290044,0.0,0.0,-1.11059072,0.88324148
1760625078.302,0.11672504,0.0158273,0.25413729,0.00379202,0.93276689,0.01516634,80.0,-7.0,0.0,80.0,1.3962634,0.0,0.0,0.0,80.0,-7.0,0.0,80.0,1.3962634,0.0,0.0,0.0,-4.05025835,0.89269063,-1.15243639,7.34282426,-11.54711423,0.5757369,24.98026579,1.54633018,-24.5180409,4.75212524,5.44428152,0.19857439,-1.24974726,0.0,0.0,-1.10991808,0.88634608
1760625078.335,0.10430423,0.01583795,0.25822171,0.00363384,0.9325237,0.01477174,80.0,-7.0,0.0,80.0,1.3962634,0.0,0.0,0.0,80.0,-7.0,0.0,80.0,1.3962634,0.0,0.0,0.0,-4.05437874,0.91681012,-1.15091612,7.32274619,-11.59771578,0.41864337,25.0709501,1.76046057,-24.54644649,4.81718144,5.50172543,0.20934512,-1.26899244,0.0,0.0,-1.10416368,0.88230554
1760625078.369,0.10513314,0.01243083,0.27322514,0.00381373,0.93249532,0.01432823,80.0,-7.0,0.0,80.0,1.3962634,0.0,0.0,0.0,80.0,-7.0,0.0,80.0,1.3962634,0.0,0.0,0.0,-4.03588961,0.94891159,-1.15550191,7.25412918,-11.62886239,0.37650182,25.05754775,1.77621985,-24.49115201,4.79332776,5.50852734,0.24021328,-1.33354743,0.0,0.0,-1.0767612,0.88997996
1760625078.402,0.10518362,0.01049273,0.27237001,0.00330193,0.93204395,0.01394563,80.0,-7.0,0.0,80.0,1.3962634,0.0,0.0,0.0,80.0,-7.0,0.0,80.0,1.3962634,0.0,0.0,0.0,-4.00051645,0.99785705,-1.15384165,7.18111167,-11.71019603,0.37207959,25.01258894,1.80301528,-24.40838819,4.85294359,5.47117494,0.29461001,-1.33255847,0.0,0.0,-1.06450475,0.89735758
1760625078.436,0.11053449,0.00935124,0.28304936,0.00384908,0.9316883,0.01367971,80.0,-7.0,0.0,80.0,1.3962634,0.0,0.0,0.0,80.0,-7.0,0.0,80.0,1.3962634,0.0,0.0,0.0,-4.02282692,1.03126884,-1.1129725,7.22279248,-11.76982579,0.34467966,24.65716745,1.92436251,-24.1463299,5.03005215,5.50598209,0.34034165,-1.33952874,0.0,0.0,-1.06760602,0.90079722
1760625078.469,0.11410716,0.00724037,0.28673431,0.00389681,0.93190213,0.0138653,80.0,-7.0,0.0,80.0,1.3962634,0.0,0.0,0.0,80.0,-7.0,0.0,80.0,1.3962634,0.0,0.0,0.0,-4.07630122,1.06200768,-1.14788213,7.20223568,-11.77496766,0.37278788,24.63129905,1.98338426,-24.04754713,5.01583225,5.55143247,0.35407687,-1.34644986,0.0,0.0,-1.06190866,0.90960442
1760625078.502,0.11165491,0.0074602,0.29741612,0.00308124,0.93247464,0.01415946,80.0,-7.0,0.0,80.0,1.3962634,0.0,0.0,0.0,80.0,-7.0,0.0,80.0,1.3962634,0.0,0.0,0.0,-3.93205804,1.05948274,-1.0876845,7.100221,-11.73247362,0.38843975,24.02676692,2.04893659,-23.52579418,5.09686367,5.36631902,0.34582325,-1.22961854,0.0,0.0,-1.05827211,0.88614228
1760625078.536,0.11120206,0.00873724,0.33061975,0.00306316,0.93295749,0.01422402,80.0,-7.0,0.0,80.0,1.3962634,0.0,0.0,0.0,80.0,-7.0,0.0,80.0,1.3962634,0.0,0.0,0.0,-3.91165769,1.0712542,-1.16346415,7.0987979,-11.73084665,0.41807737,24.01422822,2.13829073,-23.54328139,5.10371243,5.33405289,0.31630834,-1.31957382,0.0,0.0,-1.05836429,0.86782555
1760625078.569,0.10779773,0.01202876,0.33685961,0.00212791,0.93322957,0.014795,80.0,-7.0,0.0,80.0,1.3962634,0.0,0.0,0.0,80.0,-7.0,0.0,80.0,1.3962634,0.0,0.0,0.0,-3.9472612,1.03782419,-1.17847972,7.1910043,-11.67145452,0.40164912,24.04528523,2.17352125,-23.62770219,5.05063191,5.37151444,0.24919753,-1.39604704,0.0,0.0,-1.05603195,0.85990718
1760625078.603,0.09955877,0.01073564,0.35077402,0.00092262,0.93318011,0.01501152,80.0,-7.0,0.0,80.0,1.3962634,0.0,0.0,0.0,80.0,-7.0,0.0,80.0,1.3962634,0.0,0.0,0.0,-3.86825209,1.03141078,-1.14295552,7.18111195,-11.63665655,0.30075414,24.05073837,2.21800516,-23.75684599,5.01578283,5.28024997,0.22157176,-1.42665457,0.0,0.0,-1.0453742,0.8425104
1760625078.636,0.09147133,0.01354518,0.35930366,0.00102402,0.93288899,0.01458104,80.0,-7.0,0.0,80.0,1.3962634,0.0,0.0,0.0,80.0,-7.0,0.0,80.0,1.3962634,0.0,0.0,0.0,-3.82399906,1.06277546,-1.11302438,7.03231287,-11.68864008,0.07295298,24.51157575,2.34805807,-24.17452303,4.94610153,5.24989631,0.23512268,-1.51679492,0.0,0.0,-1.05185536,0.8313909
1760625078.67,0.07519465,0.01075517,0.36799307,0.00123876,0.93212312,0.01343267,80.0,-7.0,0.0,80.0,1.3962634,0.0,0.0,0.0,80.0,-7.0,0.0,80.0,1.3962634,0.0,0.0,0.0,-3.7597343,1.14418157,-1.13687591,6.9824219,-11.7976273,-0.04826444,24.4940785,2.54845195,-24.2105953,5.00013197,5.20953174,0.30523671,-1.63590795,0.0,0.0,-1.0492583,0.82230592
1760625078.703,0.06230904,0.0079427,0.37955691,0.00047706,0.9317135,0.01238299,80.0,-7.0,0.0,80.0,1.3962634,0.0,0.0,0.0,80.0,-7.0,0.0,80.0,1.3962634,0.0,0.0,0.0,-3.67137352,1.20457225,-1.08280917,6.87918598,-11.92652059,-0.20393122,24.45946937,2.6820493,-24.20340519,5.09942519,5.14125176,0.35913603,-1.65971073,0.0,0.0,-1.06027382,0.77328289
1760625078.737,0.05434304,0.00746095,0.39615778,-0.00108149,0.93156768,0.01148919,80.0,-7.0,0.0,80.0,1.3962634,0.0,0.0,0.0,80.0,-7.0,0.0,80.0,1.3962634,0.0,0.0,0.0,-3.56588521,1.27453144,-1.08755842,6.68547711,-12.07022957,-0.19496701,24.30213279,2.78959412,-24.03205968,5.18212403,5.04075477,0.41967751,-1.78889128,0.0,0.0,-1.07193136,0.73228619
1760625078.77,0.04819876,0.01260948,0.4048725,-0.0024356,0.93142829,0.01223114,80.0,-7.0,0.0,80.0,1.3962634,0.0,0.0,0.0,80.0,-7.0,0.0,80.0,1.3962634,0.0,0.0,0.0,-3.31843989,1.21416133,-1.04149093,6.48828426,-12.00845255,-0.22383181,23.40381009,2.98094583,-23.23771301,5.37264986,4.77445345,0.35872716,-1.78669289,0.0,0.0,-1.05049467,0.7477657
1760625078.803,0.03795603,0.01693944,0.41423934,-0.00237719,0.93130794,0.01264253,80.0,-7.0,0.0,80.0,1.3962634,0.0,0.0,0.0,80.0,-7.0,0.0,80.0,1.3962634,0.0,0.0,0.0,-3.32175873,1.20764119,-1.0496695,6.51428316,-12.01662753,-0.2412447,23.41468174,2.98079292,-23.23481226,5.36503804,4.78715695,0.34175092,-1.78403011,0.0,0.0,-1.01876568,0.78539465
1760625078.837,0.02132733,0.01632488,0.42553804,-0.00287575,0.93110838,0.01383461,80.0,-7.0,0.0,80.0,1.3962634,0.0,0.0,0.0,80.0,-7.0,0.0,80.0,1.3962634,0.0,0.0,0.0,-3.24564972,1.15609378,-1.12594924,6.33714163,-11.88408418,-0.27553222,23.38999464,3.15830415,-23.10541378,5.30879487,4.73396223,0.28121797,-1.84297893,0.0,0.0,-0.98997612,0.81397374
1760625078.87,0.01092189,0.01756543,0.43056215,-0.00439801,0.93120094,0.01443222,80.0,-7.0,0.0,80.0,1.3962634,0.0,0.0,0.0,80.0,-7.0,0.0,80.0,1.3962634,0.0,0.0,0.0,-2.81471002,1.10482768,-1.11284493,5.84522817,-11.80430556,-0.2667578,22.42539659,3.31232241,-22.13021307,5.43247489,4.32437207,0.25110401,-1.87083019,0.0,0.0,-0.97246841,0.81172781
1760625078.904,-0.00358366,0.01551401,0.42801851,-0.00524162,0.93126634,0.01550544,80.0,-7.0,0.0,80.0,1.3962634,0.0,0.0,0.0,80.0,-7.0,0.0,80.0,1.3962634,0.0,0.0,0.0,-2.76074322,1.04683253,-1.17003968,5.78274848,-11.72312571,-0.21076298,22.4018768,3.39629636,-22.11177651,5.45433467,4.32327061,0.17763726,-1.94799505,0.0,0.0,-0.97092929,0.82041655
1760625078.938,-0.01910428,0.01103096,0.44366747,-0.00599605,0.93133909,0.01489776,80.0,-7.0,0.0,80.0,1.3962634,0.0,0.0,0.0,80.0,-7.0,0.0,80.0,1.3962634,0.0,0.0,0.0,-2.75024316,1.0818866,-1.18896874,5.79700679,-11.73224612,-0.26680901,22.41956896,3.5027079,-22.11729821,5.42146132,4.36280836,0.19274677,-1.9592617,0.0,0.0,-0.9481383,0.83938776
1760625078.971,-0.03471194,0.00898149,0.44980772,-0.00768745,0.93152871,0.01454818,80.0,-7.0,0.0,80.0,1.3962634,0.0,0.0,0.0,80.0,-7.0,0.0,80.0,1.3962634,0.0,0.0,0.0,-2.53729387,1.09092771,-1.22918948,5.5515346,-11.75408586,-0.28001587,22.37446034,3.63989055,-22.04030608,5.44925199,4.17130688,0.19352486,-2.0163251,0.0,0.0,-0.932595,0.83302993
1760625079.004,-0.04444484,0.01138688,0.45599265,-0.00871084,0.93187953,0.01419554,80.0,-7.0,0.0,80.0,1.3962634,0.0,0.0,0.0,80.0,-7.0,0.0,80.0,1.3962634,0.0,0.0,0.0,-2.42308857,1.06501504,-1.19045466,5.35727075,-11.73069804,-0.41139923,22.09349736,3.79019237,-21.69259984,5.52718424,4.08065399,0.16313659,-1.97180538,0.0,0.0,-0.91663466,0.82800007
1760625079.038,-0.08664552,0.01147323,0.46455647,-0.0089097,0.93201676,0.01341659,80.0,-7.0,0.0,80.0,1.3962634,0.0,0.0,0.0,80.0,-7.0,0.0,80.0,1.3962634,0.0,0.0,0.0,-2.29515934,1.10953433,-1.25009193,5.22961943,-11.74694051,-0.43917657,22.0218963,3.9053913,-21.6078642,5.4874302,4.01696871,0.19231184,-2.02519052,0.0,0.0,-0.90329165,0.82000895
1760625079.071,-0.11228812,0.01342811,0.4778198,-0.00885195,0.93171274,0.01325375,80.0,-7.0,0.0,80.0,1.3962634,0.0,0.0,0.0,80.0,-7.0,0.0,80.0,1.3962634,0.0,0.0,0.0,-2.19689687,1.11692605,-1.23773258,5.13319184,-11.71973406,-0.51529573,21.93239941,3.96364024,-21.51890573,5.47843156,3.95804904,0.19301924,-1.99668249,0.0,0.0,-0.89494439,0.82022674
1760625079.105,-0.11104188,0.01445607,0.48762859,-0.00884694,0.9317559,0.01390287,80.0,-7.0,0.0,80.0,1.3962634,0.0,0.0,0.0,80.0,-7.0,0.0,80.0,1.3962634,0.0,0.0,0.0,-2.3226479,1.09689158,-1.15700455,5.33331625,-11.6695114,-0.63372802,21.97546931,4.02249723,-21.65953425,5.45985118,4.12014209,0.16140026,-1.95743383,0.0,0.0,-0.91026307,0.8175368
1760625079.138,-0.13498149,0.0168775,0.48692365,-0.00765574,0.93177168,0.01359216,80.0,-7.0,0.0,80.0,1.3962634,0.0,0.0,0.0,80.0,-7.0,0.0,80.0,1.3962634,0.0,0.0,0.0,-2.54858221,1.15593008,-1.03020953,5.56982739,-11.75209309,-0.89443147,22.74717064,4.1498209,-22.44772267,5.4047911,4.37599824,0.21137503,-1.87003032,0.0,0.0,-0.89216577,0.82879288
1760625079.171,-0.14566049,0.01213737,0.4894725,-0.00700528,0.93163518,0.01267338,80.0,-7.0,0.0,80.0,1.3962634,0.0,0.0,0.0,80.0,-7.0,0.0,80.0,1.3962634,0.0,0.0,0.0,-2.51561511,1.22810704,-1.02606586,5.57751855,-11.8495284,-0.9993397,22.71985128,4.25588204,-22.52651504,5.4686937,4.37096508,0.27297946,-1.88017083,0.0,0.0,-0.87752154,0.84164843
1760625079.205,-0.14487522,0.01098459,0.4985573,-0.00694784,0.93149786,0.01222043,80.0,-7.0,0.0,80.0,1.3962634,0.0,0.0,0.0,80.0,-7.0,0.0,80.0,1.3962634,0.0,0.0,0.0,-2.52511203,1.27691793,-1.01099607,5.59370614,-11.97120046,-1.07943533,22.73864573,4.30554087,-22.56330611,5.53529182,4.39292064,0.30675188,-1.9221103,0.0,0.0,-0.88952576,0.82593975
1760625079.238,-0.15560064,0.01147693,0.49485174,-0.00710748,0.93130901,0.01217559,80.0,-7.0,0.0,80.0,1.3962634,0.0,0.0,0.0,80.0,-7.0,0.0,80.0,1.3962634,0.0,0.0,0.0,-2.52853163,1.29850214,-0.94897257,5.64555293,-12.05383717,-1.17865624,22.73932007,4.33814179,-22.63707604,5.59369316,4.38936681,0.31864493,-1.90047815,0.0,0.0,-0.86253424,0.83987479
1760625079.272,-0.15485968,0.00764276,0.49871245,-0.00647239,0.93107877,0.01243241,80.0,-7.0,0.0,80.0,1.3962634,0.0,0.0,0.0,80.0,-7.0,0.0,80.0,1.3962634,0.0,0.0,0.0,-2.70493321,1.32700313,-0.9600674,5.88994366,-12.08960253,-1.25617913,23.14053633,4.33964437,-23.0473645,5.52960585,4.5859943,0.32918433,-1.97025436,0.0,0.0,-0.83312681,0.89095237
1760625079.305,-0.13359932,0.00456521,0.50420575,-0.00686619,0.93122756,0.01259716,80.0,-7.0,0.0,80.0,1.3962634,0.0,0.0,0.0,80.0,-7.0,0.0,80.0,1.3962634,0.0,0.0,0.0,-2.73092158,1.33923964,-0.9494006,5.84831925,-12.09808816,-1.39190127,23.17932468,4.29145282,-22.94382621,5.46553083,4.62409752,0.3281296,-2.16642803,0.0,0.0,-0.78017873,0.98353587
1760625079.339,-0.12457997,0.00164736,0.50583062,-0.00644371,0.93142021,0.012613,80.0,-7.0,0.0,80.0,1.3962634,0.0,0.0,0.0,80.0,-7.0,0.0,80.0,1.3962634,0.0,0.0,0.0,-2.66446367,1.35070759,-0.94155863,5.75996903,-12.11917497,-1.40879568,22.8078959,4.23125791,-22.42426972,5.44167561,4.59022927,0.32792422,-2.47374914,0.0,0.0,-0.70807153,1.0568152
1760625079.372,-0.11262027,-0.00231489,0.5129005,-0.00609472,0.93162299,0.01258924,80.0,-7.0,0.0,80.0,1.3962634,0.0,0.0,0.0,80.0,-7.0,0.0,80.0,1.3962634,0.0,0.0,0.0,-2.62933513,1.36637502,-0.97286282,5.6678486,-12.10692744,-1.49297577,22.80184509,4.25356379,-22.28214102,5.41102248,4.55758982,0.31907252,-2.7059876,0.0,0.0,-0.66765127,1.08013853
1760625079.406,-0.09993022,-0.0044559,0.52317778,-0.00726429,0.93195697,0.01358751,80.0,-7.0,0.0,80.0,1.3962634,0.0,0.0,0.0,80.0,-7.0,0.0,80.0,1.3962634,0.0,0.0,0.0,-2.62828066,1.32467541,-0.99524878,5.72412804,-11.99118359,-1.51059446,22.74148167,4.12588464,-22.2309079,5.36871,4.54840038,0.26815002,-2.96448507,0.0,0.0,-0.67280106,1.06926877
1760625079.439,-0.09524668,-0.00934561,0.5348258,-0.00744636,0.93203183,0.01407054,80.0,-7.0,0.0,80.0,1.3962634,0.0,0.0,0.0,80.0,-7.0,0.0,80.0,1.3962634,0.0,0.0,0.0,-2.70205552,1.34373362,-0.96198751,5.84908415,-12.03802111,-1.51344982,22.71668334,4.08950364,-22.24875793,5.42685882,4.63275206,0.29556646,-3.04713572,0.0,0.0,-0.67740703,1.07772463
1760625079.472,-0.10406166,-0.01719429,0.54451321,-0.00682031,0.93185243,0.0152129,80.0,-7.0,0.0,80.0,1.3962634,0.0,0.0,0.0,80.0,-7.0,0.0,80.0,1.3962634,0.0,0.0,0.0,-2.84751976,1.3166469,-1.00606215,6.04051228,-11.90141331,-1.55053498,23.28689039,4.17071138,-22.78761193,5.30348859,4.80416834,0.28733268,-3.20221287,0.0,0.0,-0.70071283,1.08092611
1760625079.506,-0.09533055,-0.01808698,0.56255366,-0.0062066,0.93161697,0.01594649,80.0,-7.0,0.0,80.0,1.3962634,0.0,0.0,0.0,80.0,-7.0,0.0,80.0,1.3962634,0.0,0.0,0.0,-2.78748208,1.26724031,-1.02167041,5.9141162,-11.74099727,-1.75744364,23.28658694,4.25941297,-22.76252725,5.31813194,4.74097471,0.29679284,-3.27052832,0.0,0.0,-0.70396288,1.08520058
1760625079.539,-0.10223534,-0.0182464,0.5720652,-0.00457585,0.93121945,0.01600245,80.0,-7.0,0.0,80.0,1.3962634,0.0,0.0,0.0,80.0,-7.0,0.0,80.0,1.3962634,0.0,0.0,0.0,-2.93681097,1.24449257,-0.99385022,6.05397924,-11.6825602,-1.79028624,23.35126845,4.28508763,-22.79231079,5.35641832,4.90000219,0.3215034,-3.27757977,0.0,0.0,-0.71889858,1.09426106
1760625079.573,-0.10223738,-0.02272513,0.58092755,-0.00359635,0.93110853,0.01594489,80.0,-7.0,0.0,80.0,1.3962634,0.0,0.0,0.0,80.0,-7.0,0.0,80.0,1.3962634,0.0,0.0,0.0,-3.0340363,1.25601102,-1.05577422,6.17603225,-11.62558007,-1.91754604,23.88165153,4.41594605,-23.3398668,5.35418251,4.9990403,0.35852127,-3.35014187,0.0,0.0,-0.75552234,1.09504804
1760625079.606,-0.10328185,-0.01922518,0.59868052,-0.00421146,0.93172803,0.01582064,80.0,-7.0,0.0,80.0,1.3962634,0.0,0.0,0.0,80.0,-7.0,0.0,80.0,1.3962634,0.0,0.0,0.0,-2.84997873,1.21008245,-1.10431675,5.88254659,-11.53073055,-1.97849704,23.684585,4.51421585,-23.09032248,5.44842081,4.75610107,0.33894522,-3.27118458,0.0,0.0,-0.7647402,1.07060123
1760625079.64,-0.10686796,-0.01407371,0.60698404,-0.00437301,0.93285249,0.01468462,80.0,-7.0,0.0,80.0,1.3962634,0.0,0.0,0.0,80.0,-7.0,0.0,80.0,1.3962634,0.0,0.0,0.0,-2.68479109,1.22210201,-1.18563213,5.72266793,-11.58463777,-1.84021294,23.63432982,4.54445095,-23.03155749,5.52923321,4.55660033,0.37173799,-3.30523066,0.0,0.0,-0.76806313,1.06515337
1760625079.673,-0.09001797,-0.00810101,0.61385401,-0.00467097,0.93398046,0.0131127,80.0,-7.0,0.0,80.0,1.3962634,0.0,0.0,0.0,80.0,-7.0,0.0,80.0,1.3962634,0.0,0.0,0.0,-2.47503246,1.25721628,-1.13044317,5.45980404,-11.66137679,-1.94801258,23.10571048,4.65373786,-22.50589632,5.67309931,4.29521594,0.44158911,-3.2839524,0.0,0.0,-0.7705504,1.03699688
1760625079.707,-0.10275646,-0.00434515,0.62087316,-0.00645006,0.93530661,0.01327016,80.0,-7.0,0.0,80.0,1.3962634,0.0,0.0,0.0,80.0,-7.0,0.0,80.0,1.3962634,0.0,0.0,0.0,-2.13098227,1.20924832,-1.17670819,5.03875978,-11.59864892,-1.89557207,22.56486203,4.72170608,-21.91693293,5.76530267,4.04170775,0.42305501,-3.49697934,0.0,0.0,-0.77870369,1.04378388
1760625079.74,-0.10197819,0.00142167,0.62914441,-0.00659197,0.93586961,0.0134068,80.0,-7.0,0.0,80.0,1.3962634,0.0,0.0,0.0,80.0,-7.0,0.0,80.0,1.3962634,0.0,0.0,0.0,-2.13858253,1.21502202,-1.17953803,5.08264526,-11.57184029,-1.8972938,22.55576171,4.87579336,-21.98081772,5.8234928,4.13073787,0.44841634,-3.80678551,0.0,0.0,-0.79734224,1.06796261
1760625079.774,-0.08988211,0.007353,0.62900942,-0.00651371,0.93596013,0.01434028,80.0,-7.0,0.0,80.0,1.3962634,0.0,0.0,0.0,80.0,-7.0,0.0,80.0,1.3962634,0.0,0.0,0.0,-2.10133095,1.161414,-1.10147141,5.06550522,-11.47008673,-1.95577224,22.56436959,4.96995818,-22.11558072,5.84708699,4.13181115,0.40680624,-3.99835419,0.0,0.0,-0.89692579,1.03413703
1760625079.807,-0.08205735,0.01951844,0.63184558,-0.00689342,0.93616028,0.01492961,80.0,-7.0,0.0,80.0,1.3962634,0.0,0.0,0.0,80.0,-7.0,0.0,80.0,1.3962634,0.0,0.0,0.0,-2.00662592,1.11266001,-1.11098897,4.88648492,-11.41169338,-2.02108334,22.90395165,5.06329065,-22.45463977,5.86056745,4.06285324,0.38681737,-4.32771566,0.0,0.0,-1.00988598,0.9406879
1760625079.84,-0.07288551,0.02546473,0.63174457,-0.00590062,0.93613139,0.01559537,80.0,-7.0,0.0,80.0,1.3962634,0.0,0.0,0.0,80.0,-7.0,0.0,80.0,1.3962634,0.0,0.0,0.0,-1.96231258,1.07092491,-1.11049941,4.78395363,-11.32541126,-2.06302164,23.05605092,5.08638922,-22.5522096,5.78853799,3.93735532,0.34822956,-4.30742689,0.0,0.0,-1.0289197,0.9201559
1760625079.874,-0.05862599,0.02753248,0.63134437,-0.00458923,0.93659562,0.0163357,80.0,-7.0,0.0,80.0,1.3962634,0.0,0.0,0.0,80.0,-7.0,0.0,80.0,1.3962634,0.0,0.0,0.0,-1.90605746,1.03153266,-1.1318042,4.71974244,-11.20772641,-2.08038374,23.04459711,5.11648327,-22.59850517,5.72955717,3.77668143,0.29641115,-4.27885349,0.0,0.0,-1.00788131,0.892726
1760625079.907,-0.04248237,0.03694311,0.62970326,-0.00317164,0.9371569,0.01641456,80.0,-7.0,0.0,80.0,1.3962634,0.0,0.0,0.0,80.0,-7.0,0.0,80.0,1.3962634,0.0,0.0,0.0,-1.82590211,0.99067202,-1.12371397,4.58030044,-11.17126496,-2.01044938,23.04199305,5.20035111,-22.59306123,5.75077596,3.54227625,0.25604354,-4.2018481,0.0,0.0,-1.03941122,0.84405312
1760625079.941,-0.0364046,0.0438662,0.63698486,-0.00281239,0.93744567,0.01639332,80.0,-7.0,0.0,80.0,1.3962634,0.0,0.0,0.0,80.0,-7.0,0.0,80.0,1.3962634,0.0,0.0,0.0,-1.75751801,0.99476814,-1.16467487,4.43780409,-11.15687564,-2.04222925,23.05909501,5.34169061,-22.54393158,5.74814207,3.37569798,0.27831276,-4.19344305,0.0,0.0,-1.06351156,0.81275517
1760625079.974,-0.03540273,0.0449731,0.64021468,-0.00276372,0.93785349,0.01631513,80.0,-7.0,0.0,80.0,1.3962634,0.0,0.0,0.0,80.0,-7.0,0.0,80.0,1.3962634,0.0,0.0,0.0,-1.7113242,0.98015389,-1.15142022,4.37260422,-11.13318261,-2.13950843,23.10227497,5.44180221,-22.6106774,5.76423177,3.26491159,0.27840687,-4.15365827,0.0,0.0,-1.0925207,0.7959842
1760625080.008,-0.0194062,0.04797503,0.65047669,-0.0024235,0.93806452,0.01570061,80.0,-7.0,0.0,80.0,1.3962634,0.0,0.0,0.0,80.0,-7.0,0.0,80.0,1.3962634,0.0,0.0,0.0,-1.77898455,0.97286843,-1.11684424,4.36926506,-11.2098892,-2.2713386,23.55207388,5.52258462,-23.07857937,5.80706001,3.27805962,0.30434323,-4.12512503,0.0,0.0,-1.10314596,0.79761154
1760625080.041,-0.00868747,0.04756414,0.65998975,-0.00150788,0.9380674,0.01537529,80.0,-7.0,0.0,80.0,1.3962634,0.0,0.0,0.0,80.0,-7.0,0.0,80.0,1.3962634,0.0,0.0,0.0,-1.91165787,0.97894653,-1.07730866,4.55218708,-11.29186155,-2.23785943,23.67017599,5.53869924,-23.22379478,5.86519065,3.40330199,0.34060817,-4.0848221,0.0,0.0,-1.10185333,0.82253299
1760625080.074,0.01089285,0.05099388,0.67460435,-0.00233635,0.93815757,0.01502862,80.0,-7.0,0.0,80.0,1.3962634,0.0,0.0,0.0,80.0,-7.0,0.0,80.0,1.3962634,0.0,0.0,0.0,-1.68672585,0.96037484,-1.14771906,4.11202849,-11.32491957,-2.20557763,23.60064503,5.65667993,-23.01308876,5.90402467,3.14800683,0.3588424,-4.13325906,0.0,0.0,-1.09001557,0.83786694
1760625080.108,0.02876072,0.05127729,0.69140296,-0.0021144,0.93818097,0.01511164,80.0,-7.0,0.0,80.0,1.3962634,0.0,0.0,0.0,80.0,-7.0,0.0,80.0,1.3962634,0.0,0.0,0.0,-1.68708938,0.93479585,-1.11719445,4.12552117,-11.33258298,-2.18506307,23.58030316,5.67573745,-23.02337876,5.91747044,3.14994571,0.37678339,-4.11259338,0.0,0.0,-1.06248614,0.86711749
1760625080.141,0.03279667,0.04950968,0.71192749,-0.00167978,0.9382319,0.01534233,80.0,-7.0,0.0,80.0,1.3962634,0.0,0.0,0.0,80.0,-7.0,0.0,80.0,1.3962634,0.0,0.0,0.0,-1.80365176,0.92879153,-1.05990352,4.34995854,-11.33981019,-2.19055981,23.67055103,5.61689994,-23.1517714,5.91870226,3.26879597,0.39150009,-4.0119793,0.0,0.0,-1.07267917,0.87350954
1760625080.175,0.06313511,0.05065871,0.71655744,-0.00155047,0.93827765,0.01581365,80.0,-7.0,0.0,80.0,1.3962634,0.0,0.0,0.0,80.0,-7.0,0.0,80.0,1.3962634,0.0,0.0,0.0,-1.88276172,0.93037053,-1.07855912,4.46144569,-11.35414989,-2.20599814,23.74248865,5.59548672,-23.24077347,5.88490335,3.31056976,0.41154468,-3.97090085,0.0,0.0,-1.08735927,0.85467834
1760625080.208,0.077996,0.04964228,0.72260608,-0.00133323,0.93826851,0.01625265,80.0,-7.0,0.0,80.0,1.3962634,0.0,0.0,0.0,80.0,-7.0,0.0,80.0,1.3962634,0.0,0.0,0.0,-1.91772192,0.93106068,-1.06019695,4.56365632,-11.39597152,-2.09885365,23.7965392,5.49232421,-23.35165627,5.89515091,3.33277022,0.41985725,-3.95023432,0.0,0.0,-1.09085247,0.87303206
1760625080.242,0.0703523,0.04157288,0.72991735,-0.00217524,0.93836556,0.01638241,80.0,-7.0,0.0,80.0,1.3962634,0.0,0.0,0.0,80.0,-7.0,0.0,80.0,1.3962634,0.0,0.0,0.0,-2.01114372,0.92497541,-1.07845545,4.66796302,-11.39410553,-2.05301889,23.89804237,5.49869343,-23.39836335,5.87013808,3.42492266,0.41324163,-3.89581281,0.0,0.0,-1.08515146,0.87083035
1760625080.309,0.09457531,0.02303742,0.72553268,-0.00292537,0.93757061,0.01670184,80.0,-7.0,0.0,80.0,1.3962634,0.0,0.0,0.0,80.0,-7.0,0.0,80.0,1.3962634,0.0,0.0,0.0,-2.0293197,0.95080011,-1.06342436,4.70869268,-11.37937126,-2.14525437,23.88409431,5.56485474,-23.48906764,5.82594058,3.46024735,0.4624353,-3.84982764,0.0,0.0,-1.06412654,0.89088976
1760625080.342,0.09733485,0.00783928,0.72072982,-0.00161781,0.93713022,0.0165113,80.0,-7.0,0.0,80.0,1.3962634,0.0,0.0,0.0,80.0,-7.0,0.0,80.0,1.3962634,0.0,0.0,0.0,-2.25975621,0.98228075,-1.00023553,4.96340004,-11.44124732,-2.27959854,24.06301721,5.66588302,-23.61389562,5.85961945,3.71794327,0.5009706,-3.8144278,0.0,0.0,-1.08682997,0.88196352
1760625080.409,0.09107257,-0.01073784,0.73958046,-0.00012968,0.93684458,0.01696799,80.0,-7.0,0.0,80.0,1.3962634,0.0,0.0,0.0,80.0,-7.0,0.0,80.0,1.3962634,0.0,0.0,0.0,-1.97915452,0.93161044,-1.02337365,4.59017001,-11.40645006,-2.44376022,23.9958203,5.76612946,-23.58888507,5.90153769,3.45849643,0.50234212,-3.7573904,0.0,0.0,-1.05145514,0.89286813
1760625080.443,0.07776748,-0.02060291,0.75065835,0.00086981,0.93663913,0.01614228,80.0,-7.0,0.0,80.0,1.3962634,0.0,0.0,0.0,80.0,-7.0,0.0,80.0,1.3962634,0.0,0.0,0.0,-1.92666872,0.99729278,-1.0342536,4.50689087,-11.4987764,-2.56547414,23.98024982,5.86806041,-23.52761684,5.94356611,3.41982577,0.59407199,-3.71827357,0.0,0.0,-1.05756455,0.87816666
1760625080.476,0.0844699,-0.01843386,0.76672761,0.00045975,0.93671381,0.01610481,80.0,-7.0,0.0,80.0,1.3962634,0.0,0.0,0.0,80.0,-7.0,0.0,80.0,1.3962634,0.0,0.0,0.0,-1.77149142,0.95360024,-1.03223414,4.26430648,-11.44043148,-2.65056834,23.74165822,5.86461794,-23.33069137,6.0057686,3.2228576,0.59373951,-3.59266552,0.0,0.0,-1.05151438,0.87999617
1760625080.509,0.0964601,-0.01920553,0.78476546,0.00074245,0.93682328,0.01651598,80.0,-7.0,0.0,80.0,1.3962634,0.0,0.0,0.0,80.0,-7.0,0.0,80.0,1.3962634,0.0,0.0,0.0,-1.95578628,0.90674402,-1.08845059,4.63875352,-11.35090727,-2.39294215,23.69279715,5.6032202,-23.55698621,6.02555309,3.36076784,0.55194669,-3.44172866,0.0,0.0,-1.06324429,0.89046971
1760625080.543,0.08837097,-0.02013151,0.78809392,0.00061362,0.93691896,0.0164811,80.0,-7.0,0.0,80.0,1.3962634,0.0,0.0,0.0,80.0,-7.0,0.0,80.0,1.3962634,0.0,0.0,0.0,-2.0244437,0.87844537,-1.18094701,4.84416301,-11.26718691,-1.98048067,23.61040252,5.12349867,-23.49989955,5.99236932,3.38615955,0.53194249,-3.37594027,0.0,0.0,-1.06337719,0.88312706
1760625080.576,0.0803643,-0.00465504,0.79560397,0.00028999,0.9369243,0.01552138,80.0,-7.0,0.0,80.0,1.3962634,0.0,0.0,0.0,80.0,-7.0,0.0,80.0,1.3962634,0.0,0.0,0.0,-2.0465611,0.88461217,-1.29460598,4.99287668,-11.24702102,-1.79929269,23.23182415,5.08657295,-22.8517011,6.18843568,3.33252799,0.57431813,-3.26912076,0.0,0.0,-1.08233911,0.85660707
1760625080.61,0.06427502,-0.00082248,0.80819612,-0.00049827,0.93725543,0.01441211,80.0,-7.0,0.0,80.0,1.3962634,0.0,0.0,0.0,80.0,-7.0,0.0,80.0,1.3962634,0.0,0.0,0.0,-1.81239389,0.89645775,-1.38888387,4.72667744,-11.18275719,-1.65211546,22.78369578,5.24327533,-22.1741822,6.23370406,3.05539418,0.60791126,-3.13880594,0.0,0.0,-1.10483166,0.83333964
1760625080.643,0.03894936,-0.00687492,0.808995,-0.0008751,0.93722905,0.01433356,80.0,-7.0,0.0,80.0,1.3962634,0.0,0.0,0.0,80.0,-7.0,0.0,80.0,1.3962634,0.0,0.0,0.0,-1.8358203,0.91093333,-1.42904635,4.8000445,-11.17453813,-1.49983482,22.47232394,5.35996994,-21.91797123,6.24840471,3.08256429,0.61552671,-3.07533002,0.0,0.0,-1.10725898,0.85246077
1760625080.677,-0.00445597,-0.02179334,0.80660907,-0.00135857,0.93723448,0.01435342,80.0,-7.0,0.0,80.0,1.3962634,0.0,0.0,0.0,80.0,-7.0,0.0,80.0,1.3962634,0.0,0.0,0.0,-1.85611259,0.88937514,-1.38867265,4.72320261,-11.06305561,-1.53508095,22.44570417,5.59317656,-21.8813857,6.10683553,3.18819241,0.55452004,-3.00755263,0.0,0.0,-1.07884391,0.85967056
1760625080.71,-0.05508732,-0.03185569,0.7984487,-0.00182249,0.93717052,0.01468113,80.0,-7.0,0.0,80.0,1.3962634,0.0,0.0,0.0,80.0,-7.0,0.0,80.0,1.3962634,0.0,0.0,0.0,-1.81813593,0.84256309,-1.34808887,4.5697591,-10.88927075,-1.7201142,22.39480981,5.90301466,-21.79069077,6.00591408,3.24127007,0.46845027,-2.97741596,0.0,0.0,-1.06219304,0.87805169
1760625080.744,-0.08725389,-0.04160521,0.80597045,-0.00305491,0.93712222,0.01513041,80.0,-7.0,0.0,80.0,1.3962634,0.0,0.0,0.0,80.0,-7.0,0.0,80.0,1.3962634,0.0,0.0,0.0,-1.76458174,0.832694,-1.25400661,4.46122195,-10.85533634,-1.90074563,21.79632705,6.08387299,-21.24840939,6.07838148,3.25927389,0.42708284,-2.90060527,0.0,0.0,-1.05340895,0.8862775
1760625080.777,-0.12065569,-0.05454589,0.84777995,-0.00414828,0.93674172,0.01598541,80.0,-7.0,0.0,80.0,1.3962634,0.0,0.0,0.0,80.0,-7.0,0.0,80.0,1.3962634,0.0,0.0,0.0,-1.76311266,0.82133679,-1.23115412,4.47689981,-10.76230179,-2.07488172,21.75286007,6.18593176,-21.32599218,5.98018084,3.31351873,0.36388454,-2.89720133,0.0,0.0,-1.02921562,0.89135561
1760625080.811,-0.15662547,-0.06311159,0.86780665,-0.00456122,0.93588033,0.01758375,80.0,-7.0,0.0,80.0,1.3962634,0.0,0.0,0.0,80.0,-7.0,0.0,80.0,1.3962634,0.0,0.0,0.0,-1.77202315,0.78588571,-1.22584027,4.47862131,-10.62710047,-2.13239297,21.76579849,6.30824945,-21.33323494,5.92340421,3.36507134,0.28900832,-2.90727496,0.0,0.0,-1.03486727,0.89154085
1760625080.844,-0.18487878,-0.06638658,0.87766747,-0.00479554,0.93498863,0.01871623,80.0,-7.0,0.0,80.0,1.3962634,0.0,0.0,0.0,80.0,-7.0,0.0,80.0,1.3962634,0.0,0.0,0.0,-1.71553463,0.78991403,-1.24050997,4.41122956,-10.54151354,-2.18867033,21.7335624,6.52235,-21.29500289,5.90897332,3.30769708,0.27015545,-2.88474193,0.0,0.0,-1.03587258,0.88609947
1760625080.877,-0.19040275,-0.07274987,0.90059019,-0.00444857,0.93432895,0.01803679,80.0,-7.0,0.0,80.0,1.3962634,0.0,0.0,0.0,80.0,-7.0,0.0,80.0,1.3962634,0.0,0.0,0.0,-1.7569308,0.85250995,-1.3141871,4.43239881,-10.63033529,-2.2070459,21.75620401,7.11902776,-21.32898959,6.13642827,3.2822965,0.31907238,-2.85499714,0.0,0.0,-1.02513464,0.87623986
1760625080.911,-0.19442344,-0.07869951,0.89252522,-0.00561117,0.93448999,0.01662215,80.0,-7.0,0.0,80.0,1.3962634,0.0,0.0,0.0,80.0,-7.0,0.0,80.0,1.3962634,0.0,0.0,0.0,-1.85516367,0.93639744,-1.31061676,4.50355189,-10.80018255,-2.39711983,22.22510179,7.64345997,-21.80652589,6.33115488,3.33519597,0.39788614,-2.80306943,0.0,0.0,-1.03742903,0.8558564
1760625080.944,-0.21611171,-0.0884427,0.89354646,-0.00659887,0.9347554,0.01551164,80.0,-7.0,0.0,80.0,1.3962634,0.0,0.0,0.0,80.0,-7.0,0.0,80.0,1.3962634,0.0,0.0,0.0,-1.84285703,0.99593896,-1.40981195,4.49484369,-10.90459867,-2.35264259,22.2936812,7.7819543,-21.80903487,6.41641837,3.31648816,0.45112535,-2.89912495,0.0,0.0,-1.04766605,0.83235376
1760625080.978,-0.20990773,-0.09375075,0.86872528,-0.00691099,0.93472718,0.01508766,80.0,-7.0,0.0,80.0,1.3962634,0.0,0.0,0.0,80.0,-7.0,0.0,80.0,1.3962634,0.0,0.0,0.0,-1.92453346,0.99889301,-1.40715222,4.50226028,-10.94460815,-2.3902428,22.58094828,7.96247371,-22.18756745,6.5125988,3.35648947,0.4256272,-2.84121284,0.0,0.0,-1.01073327,0.84155286
1760625081.011,-0.20710088,-0.10068315,0.85453579,-0.0062866,0.93471543,0.01504967,80.0,-7.0,0.0,80.0,1.3962634,0.0,0.0,0.0,80.0,-7.0,0.0,80.0,1.3962634,0.0,0.0,0.0,-2.11388679,0.98709988,-1.51401671,4.65029913,-10.95048705,-2.24299009,22.61801989,7.95760725,-22.26960126,6.54710095,3.55782995,0.37198465,-2.96381952,0.0,0.0,-1.01477299,0.85287775
1760625081.045,-0.19237683,-0.1067573,0.85670468,-0.00555061,0.93454333,0.01458115,80.0,-7.0,0.0,80.0,1.3962634,0.0,0.0,0.0,80.0,-7.0,0.0,80.0,1.3962634,0.0,0.0,0.0,-2.22226013,0.95909607,-1.58285552,4.65421698,-10.96614706,-2.34984084,22.6489981,8.05088143,-22.34762779,6.59597175,3.64440479,0.28881072,-3.08631173,0.0,0.0,-1.03294881,0.84414533
1760625081.078,-0.1844778,-0.10963742,0.86319654,-0.0054999,0.93442543,0.01528558,80.0,-7.0,0.0,80.0,1.3962634,0.0,0.0,0.0,80.0,-7.0,0.0,80.0,1.3962634,0.0,0.0,0.0,-2.28992076,0.89961167,-1.62311745,4.64066805,-10.90679814,-2.36780759,22.7002287,8.07074637,-22.3976826,6.57818177,3.67517535,0.18001459,-3.08646648,0.0,0.0,-1.03010652,0.84634257
1760625081.112,-0.19523496,-0.10868449,0.86054796,-0.00540565,0.93427192,0.01590403,80.0,-7.0,0.0,80.0,1.3962634,0.0,0.0,0.0,80.0,-7.0,0.0,80.0,1.3962634,0.0,0.0,0.0,-2.32695993,0.84797186,-1.68844858,4.55677243,-10.85122228,-2.36323979,22.71154647,8.04131521,-22.35957813,6.54813791,3.68330414,0.07666096,-3.15078529,0.0,0.0,-1.01590432,0.85392643
1760625081.145,-0.17714488,-0.10094006,0.87282897,-0.0047618,0.9341317,0.01627361,80.0,-7.0,0.0,80.0,1.3962634,0.0,0.0,0.0,80.0,-7.0,0.0,80.0,1.3962634,0.0,0.0,0.0,-2.50898243,0.77236952,-1.84181754,4.66271662,-10.78986857,-2.1846273,22.63923763,8.07525306,-22.34612793,6.5665836,3.77599675,-0.05604155,-3.29737242,0.0,0.0,-1.02859736,0.83587116
1760625081.178,-0.15847189,-0.09563433,0.8732567,-0.00694916,0.93442239,0.01663084,80.0,-7.0,0.0,80.0,1.3962634,0.0,0.0,0.0,80.0,-7.0,0.0,80.0,1.3962634,0.0,0.0,0.0,-2.64864586,0.7137092,-1.93222026,4.7795454,-10.72718403,-2.08266633,22.63381689,8.64896252,-22.42622434,6.75434939,3.853857,-0.14312796,-3.37363704,0.0,0.0,-1.02501587,0.85214896
1760625081.212,-0.15303275,-0.09020238,0.87025047,-0.0092827,0.93510206,0.01640245,80.0,-7.0,0.0,80.0,1.3962634,0.0,0.0,0.0,80.0,-7.0,0.0,80.0,1.3962634,0.0,0.0,0.0,-2.47399097,0.6544763,-2.01387383,4.47493962,-10.6755223,-1.97036636,21.78838583,9.06129944,-21.56110199,6.92202676,3.62939119,-0.18247915,-3.53184776,0.0,0.0,-1.01637171,0.85051884
1760625081.245,-0.16857189,-0.08136253,0.86728126,-0.00820726,0.935268,0.01628875,80.0,-7.0,0.0,80.0,1.3962634,0.0,0.0,0.0,80.0,-7.0,0.0,80.0,1.3962634,0.0,0.0,0.0,-2.39636947,0.63428645,-2.02874253,4.38212843,-10.65953002,-1.933472,21.63083987,8.71661,-21.33878006,6.80958868,3.53389192,-0.13936127,-3.72962532,0.0,0.0,-1.00340854,0.88388511
1760625081.279,-0.16884406,-0.08053394,0.8656854,-0.00804759,0.93558427,0.01613377,80.0,-7.0,0.0,80.0,1.3962634,0.0,0.0,0.0,80.0,-7.0,0.0,80.0,1.3962634,0.0,0.0,0.0,-2.2900785,0.556698,-2.04617654,4.199322,-10.58740181,-1.81367935,20.46962588,8.61080947,-20.1168353,6.8676762,3.40452186,-0.15524972,-3.98945646,0.0,0.0,-0.98213253,0.93482512
1760625081.312,-0.17378802,-0.07480867,0.86185859,-0.00822836,0.93571915,0.01560115,80.0,-7.0,0.0,80.0,1.3962634,0.0,0.0,0.0,80.0,-7.0,0.0,80.0,1.3962634,0.0,0.0,0.0,-2.17969218,0.55443524,-2.04077842,4.05842875,-10.65364613,-1.67668042,20.32473411,8.42947809,-19.98066695,6.93792547,3.20402761,-0.09791327,-4.07277866,0.0,0.0,-1.0010675,0.92413791
1760625081.346,-0.1670723,-0.06360129,0.86570959,-0.00877017,0.93603744,0.0151017,80.0,-7.0,0.0,80.0,1.3962634,0.0,0.0,0.0,80.0,-7.0,0.0,80.0,1.3962634,0.0,0.0,0.0,-2.24878984,0.55397409,-2.06396145,4.28070323,-10.67585658,-1.5072469,20.02040013,8.09516508,-19.81535941,6.91456911,3.16466741,-0.03825762,-4.11123665,0.0,0.0,-1.05214902,0.87194511
1760625081.379,-0.16197731,-0.05855061,0.86411484,-0.00913742,0.93610631,0.0149493,80.0,-7.0,0.0,80.0,1.3962634,0.0,0.0,0.0,80.0,-7.0,0.0,80.0,1.3962634,0.0,0.0,0.0,-2.25632308,0.53185232,-2.05107056,4.30799383,-10.68047736,-1.5544088,20.02017098,8.06878303,-19.80417687,6.91805436,3.13738019,-0.02920157,-4.17153204,0.0,0.0,-1.04217815,0.89460948
1760625081.413,-0.17266103,-0.05641812,0.88037878,-0.0107355,0.93638244,0.01547892,80.0,-7.0,0.0,80.0,1.3962634,0.0,0.0,0.0,80.0,-7.0,0.0,80.0,1.3962634,0.0,0.0,0.0,-2.07158604,0.42625819,-2.06998583,4.13447841,-10.54668957,-1.54112902,18.99956252,8.14977831,-18.72605619,6.9490276,2.90265703,-0.13111264,-4.20420886,0.0,0.0,-1.00609754,0.89766912
1760625081.446,-0.15733099,-0.06299198,0.8858697,-0.01067973,0.93631,0.01574824,80.0,-7.0,0.0,80.0,1.3962634,0.0,0.0,0.0,80.0,-7.0,0.0,80.0,1.3962634,0.0,0.0,0.0,-2.08111676,0.41911151,-2.07083758,4.15924199,-10.56791289,-1.54758364,19.00915978,8.14213002,-18.71257453,6.92956814,2.86574649,-0.16298938,-4.21364665,0.0,0.0,-1.03873037,0.86647572
1760625081.48,-0.14580576,-0.05628075,0.8971531,-0.01070919,0.93617867,0.01587678,80.0,-7.0,0.0,80.0,1.3962634,0.0,0.0,0.0,80.0,-7.0,0.0,80.0,1.3962634,0.0,0.0,0.0,-2.05276297,0.31868706,-2.09642034,4.13262712,-10.45580659,-1.51083721,18.74233969,7.97970723,-18.41852224,6.7752146,2.84851875,-0.2754612,-4.28028711,0.0,0.0,-1.0161592,0.86812106
1760625081.513,-0.13898548,-0.05213834,0.89416205,-0.00947715,0.93515188,0.01623062,80.0,-7.0,0.0,80.0,1.3962634,0.0,0.0,0.0,80.0,-7.0,0.0,80.0,1.3962634,0.0,0.0,0.0,-1.95846936,0.23718377,-2.0631957,3.9861269,-10.4207742,-1.51730431,18.67297604,7.86687494,-18.26426054,6.71707693,2.78593162,-0.36032326,-4.28702519,0.0,0.0,-0.98835519,0.8842017
1760625081.547,-0.11282382,-0.05319443,0.90655725,-0.00957048,0.93541128,0.01700179,80.0,-7.0,0.0,80.0,1.3962634,0.0,0.0,0.0,80.0,-7.0,0.0,80.0,1.3962634,0.0,0.0,0.0,-1.96019869,0.19183239,-2.00913896,4.0259811,-10.38502331,-1.54648589,18.59516217,7.6924611,-18.24889634,6.62566084,2.84247178,-0.40822893,-4.24243638,0.0,0.0,-0.96948754,0.9042916
1760625081.58,-0.08935215,-0.05288946,0.92607603,-0.00812943,0.93534467,0.01636013,80.0,-7.0,0.0,80.0,1.3962634,0.0,0.0,0.0,80.0,-7.0,0.0,80.0,1.3962634,0.0,0.0,0.0,-1.9275751,0.19410403,-1.98254067,4.00874521,-10.41020412,-1.56395178,17.97286431,7.56208075,-17.62424396,6.62529393,2.8400492,-0.3873427,-4.23169736,0.0,0.0,-0.94610382,0.91476433
1760625081.613,-0.09097782,-0.05479887,0.94113672,-0.00737692,0.93501091,0.01589355,80.0,-7.0,0.0,80.0,1.3962634,0.0,0.0,0.0,80.0,-7.0,0.0,80.0,1.3962634,0.0,0.0,0.0,-1.89312282,0.17935129,-1.99604138,4.02470649,-10.43697385,-1.6122476,17.96997775,7.52672118,-17.62215834,6.63093168,2.86143684,-0.38470914,-4.23337665,0.0,0.0,-0.94224961,0.92471769
1760625081.647,-0.06963078,-0.05758527,0.94820179,-0.00806977,0.93475109,0.01477976,80.0,-7.0,0.0,80.0,1.3962634,0.0,0.0,0.0,80.0,-7.0,0.0,80.0,1.3962634,0.0,0.0,0.0,-1.91813522,0.19523007,-1.95453947,4.13300722,-10.540418,-1.62710252,17.97654633,7.39886619,-17.65384479,6.70546217,2.94060667,-0.33263977,-4.12562769,0.0,0.0,-0.93177765,0.94600951
1760625081.68,-0.05121423,-0.06089056,0.95166539,-0.00717724,0.93446065,0.0135867,80.0,-7.0,0.0,80.0,1.3962634,0.0,0.0,0.0,80.0,-7.0,0.0,80.0,1.3962634,0.0,0.0,0.0,-1.83642099,0.21883618,-1.96058241,4.08128733,-10.64566224,-1.56251923,17.68430387,7.3865001,-17.30993452,6.79207586,2.8834144,-0.28536044,-4.09225294,0.0,0.0,-0.92612414,0.95071718
1760625081.714,-0.03967761,-0.06217202,0.95619717,-0.00597512,0.93404568,0.01250001,80.0,-7.0,0.0,80.0,1.3962634,0.0,0.0,0.0,80.0,-7.0,0.0,80.0,1.3962634,0.0,0.0,0.0,-1.79467254,0.25185023,-1.967856,4.10405111,-10.75441598,-1.48075709,17.70643381,7.39658746,-17.30914203,6.87707313,2.86498922,-0.23732772,-4.03406178,0.0,0.0,-0.914976,0.93962922
1760625081.747,-0.03021576,-0.06574146,0.95480558,-0.00592404,0.9339062,0.01306182,80.0,-7.0,0.0,80.0,1.3962634,0.0,0.0,0.0,80.0,-7.0,0.0,80.0,1.3962634,0.0,0.0,0.0,-1.8150535,0.22590281,-1.9400251,4.2076306,-10.73655482,-1.48391572,17.75905169,7.35402144,-17.3418738,6.90783872,2.9557857,-0.25922826,-4.01168901,0.0,0.0,-0.83145163,1.0322914
1760625081.78,-0.01935249,-0.07308287,0.95844582,-0.00533743,0.93396662,0.01347791,80.0,-7.0,0.0,80.0,1.3962634,0.0,0.0,0.0,80.0,-7.0,0.0,80.0,1.3962634,0.0,0.0,0.0,-1.82956871,0.22709114,-1.88022508,4.27089004,-10.7306354,-1.61174679,18.14702594,7.42747309,-17.70069614,6.92754867,3.00898802,-0.27465219,-3.95799771,0.0,0.0,-0.73104985,1.15061772
1760625081.814,-0.0291946,-0.08153631,0.94935396,-0.00387199,0.93420217,0.01321346,80.0,-7.0,0.0,80.0,1.3962634,0.0,0.0,0.0,80.0,-7.0,0.0,80.0,1.3962634,0.0,0.0,0.0,-1.85447806,0.2625651,-1.96713999,4.3177648,-10.7703296,-1.39150101,18.04152246,7.35964497,-17.57017843,6.97688696,3.08525968,-0.27871828,-3.97208777,0.0,0.0,-0.70369835,1.16074905
1760625081.847,-0.00775125,-0.09244247,0.9348927,-0.00270215,0.93409381,0.01290349,80.0,-7.0,0.0,80.0,1.3962634,0.0,0.0,0.0,80.0,-7.0,0.0,80.0,1.3962634,0.0,0.0,0.0,-1.73596505,0.30169707,-1.92574428,4.24367616,-10.82226884,-1.3367939,17.96568852,7.29605667,-17.50454054,7.02738914,2.99581053,-0.29707045,-3.8655418,0.0,0.0,-0.70120716,1.15003392
1760625081.881,0.01856982,-0.10547114,0.92753817,-0.00179291,0.93406322,0.0122648,80.0,-7.0,0.0,80.0,1.3962634,0.0,0.0,0.0,80.0,-7.0,0.0,80.0,1.3962634,0.0,0.0,0.0,-1.73982989,0.35650192,-1.86428123,4.30616479,-10.87210521,-1.37685576,17.99015065,7.26438027,-17.50090083,7.05057411,3.0089563,-0.31074846,-3.73173489,0.0,0.0,-0.6927697,1.16786359
1760625081.914,0.01968354,-0.12146875,0.92547501,-0.00142336,0.93400109,0.01237648,80.0,-7.0,0.0,80.0,1.3962634,0.0,0.0,0.0,80.0,-7.0,0.0,80.0,1.3962634,0.0,0.0,0.0,-1.72843338,0.40539468,-1.84956219,4.3285036,-10.87237908,-1.34434217,18.0168826,7.28097504,-17.48838971,7.05537327,3.01883935,-0.35412041,-3.65314072,0.0,0.0,-0.69126754,1.1590488
1760625081.948,0.04596654,-0.13823876,0.93019844,-0.00152215,0.93393135,0.01237765,80.0,-7.0,0.0,80.0,1.3962634,0.0,0.0,0.0,80.0,-7.0,0.0,80.0,1.3962634,0.0,0.0,0.0,-1.72248381,0.47235432,-1.76701154,4.23840079,-10.91012461,-1.36143108,17.97962055,7.23539454,-17.35258834,7.06817762,3.00602628,-0.39253407,-3.55862155,0.0,0.0,-0.72343192,1.12741742
1760625081.981,0.05690835,-0.14191457,0.93885259,-0.00243675,0.93404659,0.01301282,80.0,-7.0,0.0,80.0,1.3962634,0.0,0.0,0.0,80.0,-7.0,0.0,80.0,1.3962634,0.0,0.0,0.0,-1.75698697,0.53861993,-1.77212564,4.22578105,-10.90056339,-1.33779619,17.99404588,7.30292637,-17.27760958,7.05497395,3.05003296,-0.3936765,-3.57376325,0.0,0.0,-0.76538763,1.10322927
1760625082.015,0.05970011,-0.15522457,0.96455164,-0.0037764,0.9343466,0.01393473,80.0,-7.0,0.0,80.0,1.3962634,0.0,0.0,0.0,80.0,-7.0,0.0,80.0,1.3962634,0.0,0.0,0.0,-1.7503601,0.60605036,-1.76732533,4.20829022,-10.83953572,-1.3326671,17.99236523,7.30599671,-17.27218626,7.05557503,3.04568829,-0.40907073,-3.57796663,0.0,0.0,-0.77450506,1.10522326
1760625082.048,0.05743993,-0.15434449,0.98583962,-0.00435333,0.93448523,0.01468722,80.0,-7.0,0.0,80.0,1.3962634,0.0,0.0,0.0,80.0,-7.0,0.0,80.0,1.3962634,0.0,0.0,0.0,-1.67074559,0.62474965,-1.74875169,4.13280297,-10.74691523,-1.30474168,17.92211507,7.23125425,-17.27398769,6.95994669,2.9520314,-0.4231503,-3.60374285,0.0,0.0,-0.78091996,1.11412064
1760625082.082,0.06171198,-0.15597986,1.01414554,-0.0070487,0.93467192,0.01636692,80.0,-7.0,0.0,80.0,1.3962634,0.0,0.0,0.0,80.0,-7.0,0.0,80.0,1.3962634,0.0,0.0,0.0,-1.34618318,0.60353343,-1.8295443,3.66722275,-10.58423458,-1.21940642,17.74150307,7.18136872,-17.02840255,6.87260507,2.60099321,-0.46671866,-3.68225438,0.0,0.0,-0.76642483,1.13580109
1760625082.115,0.04853801,-0.15618463,1.02375594,-0.00694207,0.93454157,0.01713385,80.0,-7.0,0.0,80.0,1.3962634,0.0,0.0,0.0,80.0,-7.0,0.0,80.0,1.3962634,0.0,0.0,0.0,-1.31196374,0.6108957,-1.74479515,3.69427703,-10.49025403,-1.16221476,17.17734055,7.09612471,-16.48033404,6.85944164,2.52927725,-0.48048969,-3.5872093,0.0,0.0,-0.76203016,1.13973347
1760625082.149,0.05581357,-0.14551047,1.04115029,-0.00775486,0.93505343,0.01735856,80.0,-7.0,0.0,80.0,1.3962634,0.0,0.0,0.0,80.0,-7.0,0.0,80.0,1.3962634,0.0,0.0,0.0,-1.32847787,0.60487149,-1.76492804,3.7020872,-10.41947471,-1.1722394,17.21494772,7.26446901,-16.45813697,6.84214407,2.51608521,-0.49090619,-3.64605374,0.0,0.0,-0.79774949,1.11360746
1760625082.182,0.07033586,-0.13988613,1.05489837,-0.00746479,0.93571029,0.01674963,80.0,-7.0,0.0,80.0,1.3962634,0.0,0.0,0.0,80.0,-7.0,0.0,80.0,1.3962634,0.0,0.0,0.0,-1.38224493,0.67064203,-1.79941769,3.77743241,-10.46594237,-1.17238234,17.27134628,7.3825596,-16.50211859,6.85206387,2.53540872,-0.43227869,-3.64990641,0.0,0.0,-0.82759165,1.10443995
1760625082.215,0.07611725,-0.12446236,1.0626961,-0.00813725,0.93606816,0.01596029,80.0,-7.0,0.0,80.0,1.3962634,0.0,0.0,0.0,80.0,-7.0,0.0,80.0,1.3962634,0.0,0.0,0.0,-1.08698266,0.6997864,-1.79332847,3.40810479,-10.53470899,-1.22052877,16.81574283,7.44401059,-16.01794813,6.89364364,2.20560196,-0.39408221,-3.63691085,0.0,0.0,-0.82987413,1.07416574
1760625082.249,0.07924016,-0.11351356,1.06712286,-0.00757878,0.93617429,0.01522047,80.0,-7.0,0.0,80.0,1.3962634,0.0,0.0,0.0,80.0,-7.0,0.0,80.0,1.3962634,0.0,0.0,0.0,-0.98202968,0.73280983,-1.75077259,3.28658107,-10.60928078,-1.28390274,16.76370011,7.52477958,-16.00865655,6.91824632,2.06989512,-0.36746653,-3.56171523,0.0,0.0,-0.81227454,1.07795101
1760625082.282,0.09111328,-0.09648208,1.07367708,-0.00745249,0.93621548,0.01525295,80.0,-7.0,0.0,80.0,1.3962634,0.0,0.0,0.0,80.0,-7.0,0.0,80.0,1.3962634,0.0,0.0,0.0,-1.01958778,0.74427736,-1.71194881,3.24957924,-10.63733411,-1.39669944,16.81418432,7.5933127,-15.99655642,6.89288147,2.08056359,-0.3704884,-3.51265205,0.0,0.0,-0.81266857,1.06312677
1760625082.316,0.09774227,-0.07387962,1.08511227,-0.00645361,0.93627048,0.01540988,80.0,-7.0,0.0,80.0,1.3962634,0.0,0.0,0.0,80.0,-7.0,0.0,80.0,1.3962634,0.0,0.0,0.0,-1.11357244,0.73366246,-1.70607109,3.28769968,-10.67324024,-1.48797859,17.22313645,7.68962942,-16.41986153,6.87512114,2.13549902,-0.42139347,-3.48279192,0.0,0.0,-0.78254987,1.05118399
1760625082.349,0.05534886,-0.05889019,1.08863141,-0.00603455,0.93571972,0.01593666,80.0,-7.0,0.0,80.0,1.3962634,0.0,0.0,0.0,80.0,-7.0,0.0,80.0,1.3962634,0.0,0.0,0.0,-0.87827711,0.66035636,-1.72318675,2.98692915,-10.60978355,-1.48779607,17.13502198,7.69382816,-16.33461197,6.86768726,1.89739039,-0.52196127,-3.52837977,0.0,0.0,-0.72214678,1.05407583
1760625082.383,0.0390674,-0.04416693,1.07812175,-0.00567311,0.93517237,0.01650124,80.0,-7.0,0.0,80.0,1.3962634,0.0,0.0,0.0,80.0,-7.0,0.0,80.0,1.3962634,0.0,0.0,0.0,-0.79811229,0.61030055,-1.69540742,2.82172968,-10.58059813,-1.58911488,16.69341952,7.76955385,-15.8485085,6.91003749,1.80517014,-0.6061028,-3.50230805,0.0,0.0,-0.70935601,1.03626756
1760625082.416,0.02506658,-0.02733984,1.07616897,-0.0048655,0.93466518,0.0169187,80.0,-7.0,0.0,80.0,1.3962634,0.0,0.0,0.0,80.0,-7.0,0.0,80.0,1.3962634,0.0,0.0,0.0,-0.85803731,0.55823728,-1.74877742,2.84575108,-10.53708326,-1.74106389,16.73817169,7.91985472,-15.88104657,6.94363761,1.85687775,-0.72147603,-3.52953094,0.0,0.0,-0.69612068,1.02597976
1760625082.449,-0.00696006,-0.0183357,1.07133507,-0.00495231,0.93462267,0.01687848,80.0,-7.0,0.0,80.0,1.3962634,0.0,0.0,0.0,80.0,-7.0,0.0,80.0,1.3962634,0.0,0.0,0.0,-0.9112754,0.57887261,-1.76083475,2.89972204,-10.57079634,-1.83031007,16.78433516,8.0401795,-15.95885901,6.96100552,1.92761827,-0.74098265,-3.50863047,0.0,0.0,-0.7102356,1.00904459
1760625082.483,-0.02379283,-0.00624075,1.05965618,-0.00482476,0.93471759,0.01684089,80.0,-7.0,0.0,80.0,1.3962634,0.0,0.0,0.0,80.0,-7.0,0.0,80.0,1.3962634,0.0,0.0,0.0,-0.92456067,0.58691556,-1.73321226,2.85657432,-10.61201393,-2.08318442,17.22913008,8.18609126,-16.42316775,6.98083942,1.94865963,-0.75802892,-3.46996808,0.0,0.0,-0.7231582,1.00291333
1760625082.516,-0.06453677,0.00488851,1.04024506,-0.00631358,0.93483768,0.01633441,80.0,-7.0,0.0,80.0,1.3962634,0.0,0.0,0.0,80.0,-7.0,0.0,80.0,1.3962634,0.0,0.0,0.0,-1.1518582,0.6482899,-1.71534807,3.08702632,-10.72154725,-2.34462687,18.05117084,8.42152592,-17.21870868,7.02497106,2.22108543,-0.73371944,-3.41068017,0.0,0.0,-0.73505924,1.01950067
1760625082.55,-0.0907268,0.01023981,1.03262805,-0.00724405,0.93484636,0.01633299,80.0,-7.0,0.0,80.0,1.3962634,0.0,0.0,0.0,80.0,-7.0,0.0,80.0,1.3962634,0.0,0.0,0.0,-1.2485878,0.66724863,-1.71202813,3.19851466,-10.74516039,-2.48433566,18.17833848,8.56378104,-17.35772741,7.0449653,2.35243283,-0.74793362,-3.37135426,0.0,0.0,-0.7167184,1.03867997
1760625082.584,-0.09558519,0.01461,1.03622824,-0.00810895,0.9346439,0.01629781,80.0,-7.0,0.0,80.0,1.3962634,0.0,0.0,0.0,80.0,-7.0,0.0,80.0,1.3962634,0.0,0.0,0.0,-1.4796584,0.7086247,-1.66932645,3.36889633,-10.78440985,-2.68369957,18.49531585,8.710223,-17.64906832,7.06540811,2.60410653,-0.74191396,-3.34643703,0.0,0.0,-0.7335425,1.02940281
1760625082.617,-0.10736688,0.02212164,1.02759593,-0.00912613,0.9347718,0.01659635,80.0,-7.0,0.0,80.0,1.3962634,0.0,0.0,0.0,80.0,-7.0,0.0,80.0,1.3962634,0.0,0.0,0.0,-1.60290528,0.73481786,-1.61581112,3.4709099,-10.79203331,-2.75239304,18.54173816,8.71402517,-17.70690978,7.0208373,2.76167232,-0.76167003,-3.30766163,0.0,0.0,-0.7714464,0.98228577
1760625082.65,-0.13251104,0.02302743,1.02904102,-0.010284,0.93447818,0.0167653,80.0,-7.0,0.0,80.0,1.3962634,0.0,0.0,0.0,80.0,-7.0,0.0,80.0,1.3962634,0.0,0.0,0.0,-1.64359001,0.76050416,-1.6152139,3.44242121,-10.85875236,-2.74579365,18.53115652,8.74407911,-17.62444964,7.03523609,2.85175865,-0.77057665,-3.35386141,0.0,0.0,-0.75474122,1.00148841
1760625082.684,-0.13994984,0.02472395,1.02606181,-0.00957625,0.93433571,0.01656255,80.0,-7.0,0.0,80.0,1.3962634,0.0,0.0,0.0,80.0,-7.0,0.0,80.0,1.3962634,0.0,0.0,0.0,-1.83814239,0.80167857,-1.51951126,3.74350074,-10.90620033,-2.85752821,18.81485986,8.76766325,-17.99576593,7.05939032,3.0665182,-0.76338021,-3.31468025,0.0,0.0,-0.74287315,0.99853807
1760625082.717,-0.15076803,0.02613001,1.03430496,-0.01116679,0.93443432,0.01667385,80.0,-7.0,0.0,80.0,1.3962634,0.0,0.0,0.0,80.0,-7.0,0.0,80.0,1.3962634,0.0,0.0,0.0,-1.62721352,0.77962548,-1.5023704,3.48817549,-10.86284362,-2.78339799,18.01238834,8.50472293,-17.11832112,7.00725157,2.8684765,-0.81992457,-3.3551353,0.0,0.0,-0.76077639,0.96357691
1760625082.751,-0.16535527,0.02223075,1.03808499,-0.01105082,0.9343262,0.01670676,80.0,-7.0,0.0,80.0,1.3962634,0.0,0.0,0.0,80.0,-7.0,0.0,80.0,1.3962634,0.0,0.0,0.0,-1.75652835,0.80206883,-1.42948018,3.64748306,-10.91745363,-2.85236519,18.11989147,8.14003017,-17.08581738,6.94552667,3.02882774,-0.82049589,-3.36525819,0.0,0.0,-0.77037721,0.95504611
1760625082.784,-0.16783001,0.01589357,1.05684903,-0.01220841,0.93430194,0.01673252,80.0,-7.0,0.0,80.0,1.3962634,0.0,0.0,0.0,80.0,-7.0,0.0,80.0,1.3962634,0.0,0.0,0.0,-1.83824763,0.80128033,-1.46421787,3.76812907,-10.90497217,-2.70761496,18.16015862,7.85438193,-17.0706824,6.8719453,3.15271223,-0.82898429,-3.43636742,0.0,0.0,-0.77059067,0.95697812
1760625082.818,-0.14906251,0.01364357,1.07055131,-0.01175637,0.9342107,0.01674942,80.0,-7.0,0.0,80.0,1.3962634,0.0,0.0,0.0,80.0,-7.0,0.0,80.0,1.3962634,0.0,0.0,0.0,-1.82554178,0.77322354,-1.50280272,3.76151855,-10.88123401,-2.53125828,18.03608455,7.7350313,-16.90930032,6.81991396,3.16775712,-0.81978842,-3.40573602,0.0,0.0,-0.76205756,0.97091475
1760625082.851,-0.14016298,0.00760583,1.07346975,-0.00992795,0.93352742,0.01654933,80.0,-7.0,0.0,80.0,1.3962634,0.0,0.0,0.0,80.0,-7.0,0.0,80.0,1.3962634,0.0,0.0,0.0,-1.89950986,0.75921264,-1.45891664,3.89500483,-10.90875142,-2.56833217,18.46135743,7.70984441,-17.3214648,6.83302489,3.27790049,-0.78307472,-3.32202658,0.0,0.0,-0.73718815,1.00242324
1760625082.885,-0.12401302,0.00439818,1.08000437,-0.00836209,0.93332022,0.01627654,80.0,-7.0,0.0,80.0,1.3962634,0.0,0.0,0.0,80.0,-7.0,0.0,80.0,1.3962634,0.0,0.0,0.0,-2.16019108,0.75096217,-1.45472241,4.21463076,-10.95071849,-2.56744795,18.86594217,7.66952247,-17.76543911,6.86711828,3.55362796,-0.73406686,-3.19509116,0.0,0.0,-0.73349251,1.03785245
1760625082.918,-0.12122888,0.00079028,1.07427354,-0.00725827,0.93302006,0.0159982,80.0,-7.0,0.0,80.0,1.3962634,0.0,0.0,0.0,80.0,-7.0,0.0,80.0,1.3962634,0.0,0.0,0.0,-2.34668077,0.74690675,-1.3950372,4.40672931,-10.98534156,-2.68316301,19.65891642,7.6562055,-18.54166242,6.80704723,3.74255862,-0.69426231,-3.04626662,0.0,0.0,-0.74052745,1.04414047
1760625082.951,-0.11802354,-0.00103569,1.07524007,-0.0067066,0.93323149,0.01579976,80.0,-7.0,0.0,80.0,1.3962634,0.0,0.0,0.0,80.0,-7.0,0.0,80.0,1.3962634,0.0,0.0,0.0,-2.50510186,0.7120814,-1.39957504,4.53934727,-10.98635281,-2.73415093,19.76458515,7.68565835,-18.58907646,6.81972632,3.88781761,-0.69961414,-2.96030207,0.0,0.0,-0.74173882,1.05519566
1760625082.985,-0.12988938,-0.00468118,1.06347288,-0.0063446,0.93330981,0.01574743,80.0,-7.0,0.0,80.0,1.3962634,0.0,0.0,0.0,80.0,-7.0,0.0,80.0,1.3962634,0.0,0.0,0.0,-2.5924426,0.67635141,-1.43221162,4.62570255,-10.97715267,-2.70651838,20.04320482,7.80691852,-18.8593825,6.834216,3.95224909,-0.69509937,-2.86074228,0.0,0.0,-0.75224645,1.04091752
1760625083.018,-0.12131674,-0.00478922,1.06457599,-0.00595451,0.93328929,0.01589712,80.0,-7.0,0.0,80.0,1.3962634,0.0,0.0,0.0,80.0,-7.0,0.0,80.0,1.3962634,0.0,0.0,0.0,-2.64939161,0.6305067,-1.4228292,4.67069556,-11.00420885,-2.66773862,20.46698249,7.69495751,-19.30294927,6.79722874,3.97791883,-0.71031329,-2.78921114,0.0,0.0,-0.75402556,1.04181641
1760625083.052,-0.12161962,-0.00354661,1.06552744,-0.00518246,0.93337546,0.01579054,80.0,-7.0,0.0,80.0,1.3962634,0.0,0.0,0.0,80.0,-7.0,0.0,80.0,1.3962634,0.0,0.0,0.0,-2.86055743,0.587838,-1.47443742,4.88616268,-11.03612405,-2.55935141,20.94999229,7.61310575,-19.7419327,6.78262544,4.17503811,-0.72508987,-2.77816824,0.0,0.0,-0.77683938,1.0485985
1760625083.085,-0.14566758,-0.00820096,1.07325048,-0.00567411,0.93341227,0.01576256,80.0,-7.0,0.0,80.0,1.3962634,0.0,0.0,0.0,80.0,-7.0,0.0,80.0,1.3962634,0.0,0.0,0.0,-2.66919466,0.52231435,-1.49480409,4.63538536,-11.00359061,-2.55014216,20.86726841,7.64329207,-19.66126733,6.80030932,3.97066164,-0.73073079,-2.67037664,0.0,0.0,-0.78781813,1.03026329
1760625083.119,-0.13355098,-0.01058877,1.07591268,-0.00628877,0.9339499,0.01531408,80.0,-7.0,0.0,80.0,1.3962634,0.0,0.0,0.0,80.0,-7.0,0.0,80.0,1.3962634,0.0,0.0,0.0,-2.8290365,0.50775095,-1.4239259,4.82340686,-11.0396242,-2.55606446,20.93107554,7.60025795,-19.74683643,6.7992469,4.13817059,-0.69418553,-2.64133804,0.0,0.0,-0.79085359,1.04539745
1760625083.152,-0.13033198,-0.01768213,1.08881105,-0.00592394,0.93430768,0.01495487,80.0,-7.0,0.0,80.0,1.3962634,0.0,0.0,0.0,80.0,-7.0,0.0,80.0,1.3962634,0.0,0.0,0.0,-2.77336028,0.45965432,-1.43944821,4.74165532,-11.06367904,-2.40373538,20.90931322,7.50760428,-19.75324069,6.82852388,4.08934187,-0.69721126,-2.67580265,0.0,0.0,-0.80399164,1.03264602
1760625083.186,-0.12765169,-0.02394016,1.10277007,-0.00662892,0.93473603,0.0146958,80.0,-7.0,0.0,80.0,1.3962634,0.0,0.0,0.0,80.0,-7.0,0.0,80.0,1.3962634,0.0,0.0,0.0,-2.7643707,0.43085443,-1.42545796,4.6828614,-11.05699668,-2.3305714,20.8789459,7.54431889,-19.75733204,6.83582453,4.09436684,-0.66816557,-2.66723018,0.0,0.0,-0.84555178,1.00629809
1760625083.219,-0.11493027,-0.02589972,1.12156499,-0.00699111,0.93544536,0.01451041,80.0,-7.0,0.0,80.0,1.3962634,0.0,0.0,0.0,80.0,-7.0,0.0,80.0,1.3962634,0.0,0.0,0.0,-2.41317032,0.37048876,-1.45923507,4.34779137,-11.00850665,-2.11579706,19.54366279,7.47846157,-18.55686978,6.93311266,3.69717619,-0.67492976,-2.67694688,0.0,0.0,-0.85283673,0.98314313
1760625083.252,-0.11767397,-0.03207432,1.14041748,-0.00759218,0.93528525,0.01375855,80.0,-7.0,0.0,80.0,1.3962634,0.0,0.0,0.0,80.0,-7.0,0.0,80.0,1.3962634,0.0,0.0,0.0,-2.31597309,0.38616256,-1.50130299,4.29405886,-11.09806567,-1.93724807,19.41342075,7.45489958,-18.54991034,7.05273532,3.57396665,-0.61203786,-2.5809778,0.0,0.0,-0.89095431,0.9458766
1760625083.286,-0.10780199,-0.036996,1.15311828,-0.00782734,0.93540149,0.01313583,80.0,-7.0,0.0,80.0,1.3962634,0.0,0.0,0.0,80.0,-7.0,0.0,80.0,1.3962634,0.0,0.0,0.0,-2.2265858,0.41136903,-1.5129915,4.31961647,-11.14194669,-1.69083666,18.99490628,7.34581641,-18.2382668,7.08143108,3.46044836,-0.51019511,-2.58919968,0.0,0.0,-0.91149929,0.94206749
1760625083.319,-0.08496863,-0.04134155,1.16899059,-0.00712542,0.93594612,0.0141944,80.0,-7.0,0.0,80.0,1.3962634,0.0,0.0,0.0,80.0,-7.0,0.0,80.0,1.3962634,0.0,0.0,0.0,-2.24010399,0.40094012,-1.48348708,4.32686655,-11.10831896,-1.67941506,19.00595636,7.33317933,-18.22692928,7.09291465,3.45515251,-0.46706152,-2.60211317,0.0,0.0,-0.92253162,0.95322895
1760625083.353,-0.07680133,-0.04919057,1.17149419,-0.00669587,0.93587814,0.01399346,80.0,-7.0,0.0,80.0,1.3962634,0.0,0.0,0.0,80.0,-7.0,0.0,80.0,1.3962634,0.0,0.0,0.0,-2.19058749,0.40102777,-1.43669371,4.32619918,-11.11317953,-1.60021668,18.98274238,7.14564306,-18.24080525,7.09445825,3.4266453,-0.42041791,-2.60473068,0.0,0.0,-0.90872372,0.96123824
1760625083.386,-0.06721436,-0.05743685,1.17065227,-0.00488461,0.9363663,0.01454399,80.0,-7.0,0.0,80.0,1.3962634,0.0,0.0,0.0,80.0,-7.0,0.0,80.0,1.3962634,0.0,0.0,0.0,-2.17390789,0.40379241,-1.37417266,4.37098391,-11.06245731,-1.39787718,18.9863714,6.76938093,-18.24652741,6.97957441,3.41110931,-0.40450129,-2.53648248,0.0,0.0,-0.87406054,0.99488872
1760625083.42,-0.05578194,-0.06264933,1.1674787,-0.005559,0.93673795,0.01555095,80.0,-7.0,0.0,80.0,1.3962634,0.0,0.0,0.0,80.0,-7.0,0.0,80.0,1.3962634,0.0,0.0,0.0,-1.61528627,0.33018045,-1.45134772,3.66939417,-10.80499965,-1.0885186,16.41399877,6.57589073,-15.60631725,7.02274865,2.8578525,-0.45386107,-2.66169366,0.0,0.0,-0.88731931,0.93739231
1760625083.453,-0.05124017,-0.06903481,1.16260825,-0.00478826,0.9365797,0.01626039,80.0,-7.0,0.0,80.0,1.3962634,0.0,0.0,0.0,80.0,-7.0,0.0,80.0,1.3962634,0.0,0.0,0.0,-1.62307407,0.3364699,-1.41338704,3.7019434,-10.77762798,-0.97246063,16.447378,6.59682124,-15.61598959,7.01475113,2.84132491,-0.47060648,-2.59448918,0.0,0.0,-0.88628738,0.93716805
1760625083.487,-0.05897457,-0.07461622,1.16931391,-0.00480732,0.9366044,0.01663875,80.0,-7.0,0.0,80.0,1.3962634,0.0,0.0,0.0,80.0,-7.0,0.0,80.0,1.3962634,0.0,0.0,0.0,-1.67447407,0.3351444,-1.38117771,3.78044238,-10.76492633,-0.86031816,16.52651213,6.50235207,-15.61084701,6.98780507,2.89179587,-0.50956858,-2.53919426,0.0,0.0,-0.8668634,0.94059936
1760625083.52,-0.06196817,-0.07871658,1.17801525,-0.00483379,0.93654162,0.01636365,80.0,-7.0,0.0,80.0,1.3962634,0.0,0.0,0.0,80.0,-7.0,0.0,80.0,1.3962634,0.0,0.0,0.0,-1.92050916,0.41901542,-1.3545542,4.09862286,-10.86308252,-0.9259241,17.7742569,6.38886832,-16.8165853,6.85991381,3.12687372,-0.45381291,-2.50873503,0.0,0.0,-0.87834315,0.93588356
1760625083.553,-0.05048085,-0.07974456,1.18923871,-0.00686105,0.93684907,0.0162621,80.0,-7.0,0.0,80.0,1.3962634,0.0,0.0,0.0,80.0,-7.0,0.0,80.0,1.3962634,0.0,0.0,0.0,-2.06890436,0.4537709,-1.31076992,4.31516919,-10.87504927,-0.95675187,17.84502423,6.37242175,-16.92372892,6.83878043,3.27132122,-0.43383961,-2.48595552,0.0,0.0,-0.88423072,0.92948916
1760625083.587,-0.03140176,-0.0764456,1.20206437,-0.00783755,0.93693085,0.01630088,80.0,-7.0,0.0,80.0,1.3962634,0.0,0.0,0.0,80.0,-7.0,0.0,80.0,1.3962634,0.0,0.0,0.0,-2.17151718,0.4838109,-1.34893167,4.47074244,-10.90366604,-0.72892777,18.04313659,6.06343744,-17.13787159,6.72630366,3.3706383,-0.40110675,-2.60240241,0.0,0.0,-0.89846387,0.91699827
1760625083.62,-0.02196334,-0.07166988,1.21050174,-0.00788219,0.93678161,0.01640179,80.0,-7.0,0.0,80.0,1.3962634,0.0,0.0,0.0,80.0,-7.0,0.0,80.0,1.3962634,0.0,0.0,0.0,-2.28191991,0.4957128,-1.29101483,4.55564583,-10.93245231,-0.83054953,18.44728386,6.08039472,-17.5550524,6.72951964,3.47238688,-0.3763514,-2.52260105,0.0,0.0,-0.89218614,0.91603526
1760625083.654,-0.01569389,-0.0693521,1.22176021,-0.00631391,0.93632392,0.01695719,80.0,-7.0,0.0,80.0,1.3962634,0.0,0.0,0.0,80.0,-7.0,0.0,80.0,1.3962634,0.0,0.0,0.0,-2.35721027,0.49204072,-1.24660311,4.69047831,-10.91512531,-0.74198386,18.53098022,6.02737194,-17.6677513,6.683988,3.5602733,-0.37275705,-2.44928982,0.0,0.0,-0.85905098,0.93624755
1760625083.687,0.00833634,-0.06237843,1.2266029,-0.00614235,0.93653187,0.017043,80.0,-7.0,0.0,80.0,1.3962634,0.0,0.0,0.0,80.0,-7.0,0.0,80.0,1.3962634,0.0,0.0,0.0,-2.55939858,0.53051708,-1.26067428,4.86845704,-10.97979565,-0.72876715,19.40319182,6.05154208,-18.44399542,6.60099761,3.76902023,-0.31559724,-2.45700601,0.0,0.0,-0.870194,0.94393866
1760625083.721,0.01894525,-0.05670456,1.22921194,-0.00562608,0.9368481,0.01738328,80.0,-7.0,0.0,80.0,1.3962634,0.0,0.0,0.0,80.0,-7.0,0.0,80.0,1.3962634,0.0,0.0,0.0,-2.56436975,0.5222178,-1.24835511,4.87862457,-10.97351145,-0.6918132,19.40475179,6.07968644,-18.4592476,6.60099327,3.77781094,-0.30677159,-2.41014501,0.0,0.0,-0.85537809,0.94016873
1760625083.754,0.02307945,-0.05049138,1.2211754,-0.00430607,0.93681839,0.01774114,80.0,-7.0,0.0,80.0,1.3962634,0.0,0.0,0.0,80.0,-7.0,0.0,80.0,1.3962634,0.0,0.0,0.0,-2.66999608,0.52907539,-1.17919002,5.12518924,-10.97091705,-0.67128646,19.458222,6.04990573,-18.68447406,6.57046701,3.88450237,-0.27930651,-2.32078388,0.0,0.0,-0.85886668,0.95238093
1760625083.788,0.03284307,-0.04928514,1.22919749,-0.00444213,0.93679047,0.01781809,80.0,-7.0,0.0,80.0,1.3962634,0.0,0.0,0.0,80.0,-7.0,0.0,80.0,1.3962634,0.0,0.0,0.0,-2.67066173,0.51692928,-1.22516099,5.10351471,-10.97379074,-0.64647041,19.46905821,6.07445951,-18.68883098,6.56625555,3.87171778,-0.26082309,-2.25362402,0.0,0.0,-0.87047665,0.94301332
1760625083.821,0.0220747,-0.04514934,1.22266479,-0.00461412,0.93662047,0.01780591,80.0,-7.0,0.0,80.0,1.3962634,0.0,0.0,0.0,80.0,-7.0,0.0,80.0,1.3962634,0.0,0.0,0.0,-2.57425897,0.51587852,-1.21962663,4.88677071,-11.00596887,-0.70940159,20.01443408,6.17416012,-19.17231866,6.53533827,3.77936355,-0.21233121,-2.20022918,0.0,0.0,-0.8705867,0.95212718
1760625083.855,0.02219717,-0.04876857,1.22702941,-0.00672535,0.9367252,0.01762327,80.0,-7.0,0.0,80.0,1.3962634,0.0,0.0,0.0,80.0,-7.0,0.0,80.0,1.3962634,0.0,0.0,0.0,-2.65592364,0.52992645,-1.31809075,5.02864763,-11.02635537,-0.53395324,20.30240219,6.10546671,-19.57619791,6.50281012,3.88501818,-0.12901517,-2.25321138,0.0,0.0,-0.91396003,0.95724406
1760625083.888,0.03377879,-0.04973097,1.23104894,-0.00799132,0.93620403,0.01736977,80.0,-7.0,0.0,80.0,1.3962634,0.0,0.0,0.0,80.0,-7.0,0.0,80.0,1.3962634,0.0,0.0,0.0,-2.67744583,0.51408758,-1.32643735,5.06726621,-11.05314436,-0.58225983,20.89303985,6.09152,-20.20932836,6.47245881,3.90931996,-0.09929392,-2.23940833,0.0,0.0,-0.90701174,0.97883772
1760625083.921,0.03870568,-0.04436095,1.22861464,-0.00865421,0.93576486,0.01681987,80.0,-7.0,0.0,80.0,1.3962634,0.0,0.0,0.0,80.0,-7.0,0.0,80.0,1.3962634,0.0,0.0,0.0,-2.74907805,0.50330063,-1.38862977,5.19641147,-11.10415506,-0.6079348,21.61794477,6.09834241,-20.95441814,6.47767786,4.00240082,-0.08152189,-2.29864332,0.0,0.0,-0.92141375,0.99074297
1760625083.955,0.05257162,-0.03259045,1.24313177,-0.00863663,0.9357138,0.01654818,80.0,-7.0,0.0,80.0,1.3962634,0.0,0.0,0.0,80.0,-7.0,0.0,80.0,1.3962634,0.0,0.0,0.0,-2.73494124,0.47114724,-1.42531055,5.18561475,-11.10285668,-0.61693364,21.61523533,6.06610881,-20.96276259,6.47868121,3.94413661,-0.10698772,-2.26839787,0.0,0.0,-0.94684914,0.93172238
1760625083.988,0.03112026,-0.03506226,1.23277474,-0.00750247,0.93585524,0.01691397,80.0,-7.0,0.0,80.0,1.3962634,0.0,0.0,0.0,80.0,-7.0,0.0,80.0,1.3962634,0.0,0.0,0.0,-2.64801518,0.45298215,-1.44344066,5.08271197,-11.06062358,-0.59658819,21.58813559,6.06159656,-20.91466643,6.43046052,3.85213871,-0.15349285,-2.26041999,0.0,0.0,-0.93212809,0.94027757
1760625084.022,0.02455925,-0.02803301,1.23876373,-0.00592846,0.93581834,0.01667237,80.0,-7.0,0.0,80.0,1.3962634,0.0,0.0,0.0,80.0,-7.0,0.0,80.0,1.3962634,0.0,0.0,0.0,-2.67952936,0.4556991,-1.4527461,5.08577645,-11.09043026,-0.60841501,21.57571054,6.05701746,-20.91262799,6.42892037,3.87366093,-0.171208,-2.24301487,0.0,0.0,-0.90782643,0.94938545
1760625084.055,0.03113594,-0.01998947,1.22955461,-0.00535717,0.93561123,0.01708404,80.0,-7.0,0.0,80.0,1.3962634,0.0,0.0,0.0,80.0,-7.0,0.0,80.0,1.3962634,0.0,0.0,0.0,-2.63235348,0.4225382,-1.3401487,5.00681209,-11.05399644,-0.64808272,21.1481422,6.00369072,-20.5508125,6.44413259,3.80872064,-0.22426597,-2.17760873,0.0,0.0,-0.8867097,0.94659758
1760625084.089,0.02440224,-0.01485454,1.22933837,-0.00418213,0.93533751,0.0178645,80.0,-7.0,0.0,80.0,1.3962634,0.0,0.0,0.0,80.0,-7.0,0.0,80.0,1.3962634,0.0,0.0,0.0,-2.75487562,0.38454817,-1.24789489,5.16231908,-10.98012192,-0.66298757,21.21231098,5.97361521,-20.66767116,6.40839537,3.92005708,-0.29530996,-2.0657495,0.0,0.0,-0.86702664,0.94575417
1760625084.122,0.01674644,-0.01270404,1.22534223,-0.00395134,0.93496257,0.01791673,80.0,-7.0,0.0,80.0,1.3962634,0.0,0.0,0.0,80.0,-7.0,0.0,80.0,1.3962634,0.0,0.0,0.0,-2.8661166,0.40176119,-1.23825175,5.21190819,-10.9807883,-0.67401862,21.27785786,5.98895274,-20.66157772,6.38913932,4.02669455,-0.31606915,-2.04122641,0.0,0.0,-0.84631293,0.94969598
1760625084.192,0.00409384,-0.01312877,1.25111145,-0.00321699,0.93478552,0.01799793,80.0,-7.0,0.0,80.0,1.3962634,0.0,0.0,0.0,80.0,-7.0,0.0,80.0,1.3962634,0.0,0.0,0.0,-3.11593344,0.47271163,-1.2661904,5.48153292,-11.0143413,-0.74886825,21.65560036,6.08255341,-21.0189085,6.34676615,4.27599664,-0.31179426,-2.01233449,0.0,0.0,-0.86024065,0.93744884
1760625084.222,-0.00603968,-0.01520715,1.25676339,-0.00454798,0.93481734,0.01895375,80.0,-7.0,0.0,80.0,1.3962634,0.0,0.0,0.0,80.0,-7.0,0.0,80.0,1.3962634,0.0,0.0,0.0,-3.14932624,0.48594054,-1.22852362,5.5383006,-10.97911671,-0.80035782,21.84943511,6.13370008,-21.21877596,6.27584087,4.29732027,-0.33417949,-1.88459355,0.0,0.0,-0.84722585,0.96399317
1760625084.257,-0.02013823,-0.01647577,1.26758782,-0.00582883,0.93522711,0.0190046,80.0,-7.0,0.0,80.0,1.3962634,0.0,0.0,0.0,80.0,-7.0,0.0,80.0,1.3962634,0.0,0.0,0.0,-3.12596092,0.53579434,-1.26525222,5.54586672,-11.01402639,-0.81753514,21.86686566,6.16058074,-21.24212717,6.25463888,4.28543751,-0.32711131,-1.8984682,0.0,0.0,-0.87442324,0.93394099
1760625084.289,-0.02470111,-0.02403914,1.27771793,-0.00622569,0.93533513,0.01839843,80.0,-7.0,0.0,80.0,1.3962634,0.0,0.0,0.0,80.0,-7.0,0.0,80.0,1.3962634,0.0,0.0,0.0,-3.12411774,0.61620723,-1.29012394,5.52975134,-11.12734761,-0.82703542,21.88328074,6.22165546,-21.26780048,6.27543161,4.27608319,-0.29080905,-1.85131365,0.0,0.0,-0.86173102,0.921181
1760625084.323,-0.04497889,-0.02481916,1.28573954,-0.00574053,0.93503783,0.01762182,80.0,-7.0,0.0,80.0,1.3962634,0.0,0.0,0.0,80.0,-7.0,0.0,80.0,1.3962634,0.0,0.0,0.0,-3.10282642,0.66488747,-1.31059814,5.48064732,-11.20459107,-0.85963062,21.90270039,6.27587777,-21.22459837,6.27862928,4.29531238,-0.2751555,-1.86694291,0.0,0.0,-0.8555208,0.92212573
1760625084.356,-0.06791623,-0.02461866,1.28598748,-0.00648621,0.93521384,0.01761961,80.0,-7.0,0.0,80.0,1.3962634,0.0,0.0,0.0,80.0,-7.0,0.0,80.0,1.3962634,0.0,0.0,0.0,-3.15047628,0.68988163,-1.28397613,5.55624303,-11.25243967,-1.00705917,21.94997145,6.3060659,-21.27033771,6.27304552,4.39379219,-0.28979907,-1.82832557,0.0,0.0,-0.86257881,0.89798247
1760625084.39,-0.08436515,-0.02301874,1.29824262,-0.00764239,0.93535084,0.01821659,80.0,-7.0,0.0,80.0,1.3962634,0.0,0.0,0.0,80.0,-7.0,0.0,80.0,1.3962634,0.0,0.0,0.0,-2.96198892,0.65954687,-1.28199437,5.37854355,-11.21968603,-1.03539736,22.00299939,6.34468816,-21.35011055,6.26659354,4.25407757,-0.3445066,-1.79667344,0.0,0.0,-0.85480787,0.90375384
1760625084.423,-0.09975918,-0.02827127,1.29060094,-0.00863344,0.93533542,0.01897962,80.0,-7.0,0.0,80.0,1.3962634,0.0,0.0,0.0,80.0,-7.0,0.0,80.0,1.3962634,0.0,0.0,0.0,-2.84349601,0.65408127,-1.25686502,5.25281824,-11.24084796,-1.03935998,21.98732715,6.39144203,-21.37812726,6.2939741,4.17209103,-0.37660502,-1.78148518,0.0,0.0,-0.83451846,0.8945433
1760625084.457,-0.12330414,-0.02825556,1.30264697,-0.0104963,0.93549515,0.01894085,80.0,-7.0,0.0,80.0,1.3962634,0.0,0.0,0.0,80.0,-7.0,0.0,80.0,1.3962634,0.0,0.0,0.0,-2.20411653,0.57499852,-1.14991074,4.42319879,-11.16496874,-1.02782342,19.93385197,6.3330768,-19.29652276,6.4382013,3.49127097,-0.44692223,-1.66196082,0.0,0.0,-0.75203369,0.86030794
1760625084.49,-0.13205757,-0.02690184,1.31146746,-0.01193776,0.93590633,0.01882168,80.0,-7.0,0.0,80.0,1.3962634,0.0,0.0,0.0,80.0,-7.0,0.0,80.0,1.3962634,0.0,0.0,0.0,-1.77925779,0.50287446,-1.16012966,3.87954025,-11.06766263,-0.93048505,18.28412103,6.28835222,-17.64037048,6.54056759,3.04191787,-0.50293512,-1.70141112,0.0,0.0,-0.69048972,0.8658233
1760625084.524,-0.15308576,-0.03066189,1.31381975,-0.01256473,0.93607343,0.01892242,80.0,-7.0,0.0,80.0,1.3962634,0.0,0.0,0.0,80.0,-7.0,0.0,80.0,1.3962634,0.0,0.0,0.0,-1.98863761,0.5018133,-1.13698292,4.19094311,-11.12660171,-0.97186153,18.46062889,6.31577765,-17.79627022,6.59483999,3.27154981,-0.51586609,-1.68837258,0.0,0.0,-0.69689588,0.87862651
1760625084.557,-0.18108873,-0.03464116,1.3176552,-0.01498255,0.9361828,0.01883362,80.0,-7.0,0.0,80.0,1.3962634,0.0,0.0,0.0,80.0,-7.0,0.0,80.0,1.3962634,0.0,0.0,0.0,-1.83188343,0.49991137,-1.13396372,3.8991026,-11.1238575,-1.02815547,17.93251746,6.24429169,-17.19617212,6.60138318,3.10439491,-0.51278138,-1.75575566,0.0,0.0,-0.67411672,0.87201684
1760625084.59,-0.19282138,-0.03331967,1.3096804,-0.01447449,0.93622711,0.01817443,80.0,-7.0,0.0,80.0,1.3962634,0.0,0.0,0.0,80.0,-7.0,0.0,80.0,1.3962634,0.0,0.0,0.0,-1.87170444,0.54651397,-1.1676339,3.95150653,-11.21970075,-1.00854555,17.88074934,6.26360892,-17.17358466,6.65304567,3.1462359,-0.4786657,-1.86637707,0.0,0.0,-0.67652849,0.87990176
1760625084.624,-0.19755281,-0.03061925,1.31681988,-0.01395552,0.9363011,0.0180182,80.0,-7.0,0.0,80.0,1.3962634,0.0,0.0,0.0,80.0,-7.0,0.0,80.0,1.3962634,0.0,0.0,0.0,-1.71101718,0.54492248,-1.18667143,3.75533556,-11.24595454,-0.99384465,17.4283177,6.27864547,-16.64266506,6.66775906,2.97051246,-0.49687228,-1.88649128,0.0,0.0,-0.68113657,0.8630738
1760625084.657,-0.1964139,-0.02588013,1.32333767,-0.01321596,0.93634634,0.01799415,80.0,-7.0,0.0,80.0,1.3962634,0.0,0.0,0.0,80.0,-7.0,0.0,80.0,1.3962634,0.0,0.0,0.0,-1.72328907,0.54820973,-1.20718757,3.77318217,-11.27343843,-1.06638792,17.42951816,6.26773551,-16.63940847,6.66081475,2.97667455,-0.52888469,-1.95089588,0.0,0.0,-0.64573647,0.88252424
1760625084.691,-0.20469857,-0.02864496,1.3368979,-0.01306439,0.93640463,0.01777096,80.0,-7.0,0.0,80.0,1.3962634,0.0,0.0,0.0,80.0,-7.0,0.0,80.0,1.3962634,0.0,0.0,0.0,-1.65277023,0.54548565,-1.25706853,3.73922464,-11.29280411,-1.09433062,17.43320381,6.37170866,-16.69386024,6.7068818,2.92659045,-0.55498858,-2.02712954,0.0,0.0,-0.65494703,0.87015979
1760625084.724,-0.23014683,-0.03516139,1.33197378,-0.01279548,0.93643203,0.01760042,80.0,-7.0,0.0,80.0,1.3962634,0.0,0.0,0.0,80.0,-7.0,0.0,80.0,1.3962634,0.0,0.0,0.0,-1.63094253,0.54539479,-1.23764443,3.74336602,-11.3221089,-1.11069042,17.44260276,6.37140195,-16.68618887,6.70086738,2.94168988,-0.58285101,-2.05891701,0.0,0.0,-0.65198473,0.8505666
1760625084.758,-0.22096997,-0.03121094,1.33765868,-0.01344707,0.93648329,0.01805378,80.0,-7.0,0.0,80.0,1.3962634,0.0,0.0,0.0,80.0,-7.0,0.0,80.0,1.3962634,0.0,0.0,0.0,-1.37835267,0.51202504,-1.24946731,3.35490437,-11.25284682,-1.12464349,16.97730574,6.40563636,-16.11606858,6.72156567,2.72340561,-0.60797822,-2.15889093,0.0,0.0,-0.66120771,0.85454995
1760625084.791,-0.19938572,-0.0318209,1.33905258,-0.01324429,0.93664455,0.01811886,80.0,-7.0,0.0,80.0,1.3962634,0.0,0.0,0.0,80.0,-7.0,0.0,80.0,1.3962634,0.0,0.0,0.0,-1.37958032,0.51132662,-1.22394606,3.42461006,-11.25558877,-1.10426495,16.97353998,6.3622279,-16.20815706,6.75182541,2.72891827,-0.61904353,-2.16344659,0.0,0.0,-0.65344342,0.83832864
1760625084.824,-0.19850674,-0.03462312,1.34101964,-0.01301077,0.9368644,0.01798476,80.0,-7.0,0.0,80.0,1.3962634,0.0,0.0,0.0,80.0,-7.0,0.0,80.0,1.3962634,0.0,0.0,0.0,-1.29267132,0.52139272,-1.230155,3.32411405,-11.26853959,-1.05912816,17.00278846,6.27737707,-16.16922013,6.72410834,2.66415115,-0.61271261,-2.19361815,0.0,0.0,-0.64715252,0.83261211
1760625084.858,-0.16918696,-0.04289893,1.34358714,-0.01206843,0.93692451,0.01786981,80.0,-7.0,0.0,80.0,1.3962634,0.0,0.0,0.0,80.0,-7.0,0.0,80.0,1.3962634,0.0,0.0,0.0,-1.26224521,0.53901267,-1.21148716,3.24411769,-11.30004822,-1.02855092,16.96322222,6.18468699,-16.06250613,6.73630688,2.64108033,-0.58776439,-2.2521715,0.0,0.0,-0.63866691,0.83024239
1760625084.891,-0.16063577,-0.04805463,1.35590069,-0.01048053,0.93689969,0.01742238,80.0,-7.0,0.0,80.0,1.3962634,0.0,0.0,0.0,80.0,-7.0,0.0,80.0,1.3962634,0.0,0.0,0.0,-1.27482045,0.55587364,-1.20783177,3.36794801,-11.35739619,-1.01061817,17.40882619,6.17575312,-16.57164825,6.74479413,2.66852986,-0.56904298,-2.23155713,0.0,0.0,-0.63903029,0.82291034
1760625084.925,-0.15946551,-0.05245967,1.35276745,-0.0093886,0.93675523,0.01733551,80.0,-7.0,0.0,80.0,1.3962634,0.0,0.0,0.0,80.0,-7.0,0.0,80.0,1.3962634,0.0,0.0,0.0,-1.20480055,0.53588553,-1.15408311,3.29081714,-11.35890694,-0.98083623,17.04262284,6.17937055,-16.09661183,6.80458583,2.62698047,-0.56175872,-2.16003857,0.0,0.0,-0.62398662,0.8457195
1760625084.958,-0.14178395,-0.05659016,1.35832685,-0.00860577,0.93662729,0.0174301,80.0,-7.0,0.0,80.0,1.3962634,0.0,0.0,0.0,80.0,-7.0,0.0,80.0,1.3962634,0.0,0.0,0.0,-1.29992934,0.54770192,-1.12854501,3.42526158,-11.38000487,-0.98845999,17.1099919,6.20641469,-16.12285443,6.81716952,2.71763896,-0.53306528,-2.07723715,0.0,0.0,-0.63725209,0.85388209
1760625084.992,-0.14113768,-0.06240943,1.37053495,-0.0084324,0.93677892,0.01744547,80.0,-7.0,0.0,80.0,1.3962634,0.0,0.0,0.0,80.0,-7.0,0.0,80.0,1.3962634,0.0,0.0,0.0,-1.27903423,0.53053787,-1.18694148,3.3441261,-11.36846346,-0.95189949,17.09094348,6.24848981,-15.99259908,6.81600145,2.726978,-0.52213981,-2.07441484,0.0,0.0,-0.65509655,0.84959804
1760625085.025,-0.13304913,-0.07031593,1.36816065,-0.00630385,0.93637285,0.01764099,80.0,-7.0,0.0,80.0,1.3962634,0.0,0.0,0.0,80.0,-7.0,0.0,80.0,1.3962634,0.0,0.0,0.0,-1.75967353,0.59626159,-1.1014685,4.00878238,-11.50047849,-1.17195127,18.95824748,6.22230978,-17.87417185,6.67162405,3.26032229,-0.42217878,-1.93668014,0.0,0.0,-0.69535112,0.87264692
1760625085.059,-0.13663181,-0.06998503,1.37592411,-0.00631139,0.93632724,0.01762839,80.0,-7.0,0.0,80.0,1.3962634,0.0,0.0,0.0,80.0,-7.0,0.0,80.0,1.3962634,0.0,0.0,0.0,-1.81042473,0.57056958,-1.05270961,4.08980532,-11.47158373,-1.21107583,18.97909621,6.17030714,-17.88933739,6.62583028,3.343456,-0.40661038,-1.85170015,0.0,0.0,-0.70511,0.88710817
1760625085.092,-0.14474849,-0.07131332,1.37699551,-0.00474374,0.93599068,0.01771911,80.0,-7.0,0.0,80.0,1.3962634,0.0,0.0,0.0,80.0,-7.0,0.0,80.0,1.3962634,0.0,0.0,0.0,-1.9748955,0.5785502,-1.06195802,4.39448133,-11.48344854,-1.1768089,19.58247883,6.01109645,-18.59213865,6.49622725,3.56672344,-0.37616717,-1.85043091,0.0,0.0,-0.72323172,0.89554036
1760625085.126,-0.13135816,-0.07079699,1.37348944,-0.00542323,0.93606161,0.01717949,80.0,-7.0,0.0,80.0,1.3962634,0.0,0.0,0.0,80.0,-7.0,0.0,80.0,1.3962634,0.0,0.0,0.0,-1.8987155,0.59816732,-0.96384866,4.36052104,-11.54769644,-1.27195949,19.60765423,5.65382453,-18.60747788,6.37360177,3.51875735,-0.31435126,-1.78500089,0.0,0.0,-0.71917901,0.90005643
1760625085.159,-0.11564683,-0.06738,1.3795597,-0.00398449,0.93582269,0.01640112,80.0,-7.0,0.0,80.0,1.3962634,0.0,0.0,0.0,80.0,-7.0,0.0,80.0,1.3962634,0.0,0.0,0.0,-2.13416294,0.63036687,-0.97156064,4.61482561,-11.6353068,-1.47235881,20.75573671,5.69425657,-19.62673242,6.28030541,3.78051173,-0.27152516,-1.81965678,0.0,0.0,-0.72302088,0.90961779
1760625085.193,-0.10371445,-0.06940554,1.38809819,-0.00393505,0.93594803,0.01636726,80.0,-7.0,0.0,80.0,1.3962634,0.0,0.0,0.0,80.0,-7.0,0.0,80.0,1.3962634,0.0,0.0,0.0,-2.15942786,0.643966,-0.98321327,4.70415128,-11.70226546,-1.54168464,21.17380693,5.65596417,-20.00935137,6.18952551,3.7875268,-0.2579056,-1.79374783,0.0,0.0,-0.73525189,0.9056865
1760625085.226,-0.10592488,-0.06284403,1.39342652,-0.00407686,0.93627602,0.01562783,80.0,-7.0,0.0,80.0,1.3962634,0.0,0.0,0.0,80.0,-7.0,0.0,80.0,1.3962634,0.0,0.0,0.0,-2.04977225,0.67333623,-0.9994666,4.57918422,-11.80993061,-1.43585831,21.08084186,5.63597754,-19.9403931,6.2044618,3.62394014,-0.2096079,-1.76517633,0.0,0.0,-0.7461986,0.87991971
1760625085.259,-0.10284291,-0.05329218,1.38766618,-0.00283308,0.93605369,0.0153256,80.0,-7.0,0.0,80.0,1.3962634,0.0,0.0,0.0,80.0,-7.0,0.0,80.0,1.3962634,0.0,0.0,0.0,-2.20041236,0.71499486,-0.96889928,4.85576052,-11.92813763,-1.39997957,21.93299836,5.56600241,-20.89320265,6.10160679,3.75657216,-0.15064702,-1.77791943,0.0,0.0,-0.79770263,0.8517256
1760625085.293,-0.08071817,-0.05471574,1.39822191,-0.00160273,0.93514577,0.01540193,80.0,-7.0,0.0,80.0,1.3962634,0.0,0.0,0.0,80.0,-7.0,0.0,80.0,1.3962634,0.0,0.0,0.0,-2.14337779,0.71822595,-0.96951731,4.75679268,-11.97214705,-1.41779682,21.88444181,5.59948656,-20.86640808,6.14521654,3.65263547,-0.13517376,-1.78492604,0.0,0.0,-0.79617661,0.8336289
1760625085.326,-0.08380665,-0.05312099,1.41031012,-0.00128403,0.93475692,0.01546771,80.0,-7.0,0.0,80.0,1.3962634,0.0,0.0,0.0,80.0,-7.0,0.0,80.0,1.3962634,0.0,0.0,0.0,-1.96241356,0.69920019,-0.84214359,4.51156776,-11.97647205,-1.43721963,21.73445804,5.54489314,-20.71808821,6.16332431,3.46312307,-0.1137389,-1.64557668,0.0,0.0,-0.7839346,0.83772727
1760625085.36,-0.08618075,-0.04858005,1.41426909,-0.00136019,0.93483194,0.01641018,80.0,-7.0,0.0,80.0,1.3962634,0.0,0.0,0.0,80.0,-7.0,0.0,80.0,1.3962634,0.0,0.0,0.0,-2.00655216,0.6508007,-0.78741049,4.65082702,-11.86917231,-1.40671987,21.82620044,5.5712999,-20.85760357,6.11940579,3.51832133,-0.13115917,-1.59756778,0.0,0.0,-0.80749498,0.82766345
1760625085.393,-0.07157864,-0.04186548,1.42674221,-0.00170209,0.93476384,0.01699707,80.0,-7.0,0.0,80.0,1.3962634,0.0,0.0,0.0,80.0,-7.0,0.0,80.0,1.3962634,0.0,0.0,0.0,-2.03967132,0.63733928,-0.73365743,4.65743556,-11.82472067,-1.5239625,22.25589003,5.77090609,-21.22293499,6.14504719,3.55553497,-0.10723215,-1.58718519,0.0,0.0,-0.80929675,0.83989747
1760625085.427,-0.08779133,-0.0465334,1.42764494,-0.00410579,0.93477109,0.01847832,80.0,-7.0,0.0,80.0,1.3962634,0.0,0.0,0.0,80.0,-7.0,0.0,80.0,1.3962634,0.0,0.0,0.0,-2.18947531,0.60244315,-0.66776829,4.92882428,-11.70248086,-1.50316629,22.64530071,5.70159891,-21.61958378,6.03608118,3.72210296,-0.1255287,-1.50248747,0.0,0.0,-0.81125881,0.85804475
1760625085.46,-0.0796047,-0.04537609,1.42969532,-0.00515837,0.93474122,0.01934009,80.0,-7.0,0.0,80.0,1.3962634,0.0,0.0,0.0,80.0,-7.0,0.0,80.0,1.3962634,0.0,0.0,0.0,-2.21560729,0.53425659,-0.63673395,4.95114207,-11.6005453,-1.46069791,22.66043606,5.64455486,-21.60663356,5.97013967,3.7608364,-0.18066671,-1.51591934,0.0,0.0,-0.82802002,0.84880223
1760625085.494,-0.05934084,-0.04372979,1.42156005,-0.00610344,0.93456899,0.01978701,80.0,-7.0,0.0,80.0,1.3962634,0.0,0.0,0.0,80.0,-7.0,0.0,80.0,1.3962634,0.0,0.0,0.0,-2.16311019,0.51516333,-0.63832647,4.87843799,-11.53522658,-1.36340047,22.6496552,5.63487035,-21.54891711,5.91089287,3.71178345,-0.17854165,-1.53629866,0.0,0.0,-0.84484387,0.82161917
1760625085.527,-0.04149887,-0.04274971,1.43423424,-0.00506588,0.9345794,0.01942088,80.0,-7.0,0.0,80.0,1.3962634,0.0,0.0,0.0,80.0,-7.0,0.0,80.0,1.3962634,0.0,0.0,0.0,-2.10346626,0.5011309,-0.64662,4.84612313,-11.51751193,-1.2093676,22.43593231,5.46959804,-21.31734763,5.83855404,3.64068591,-0.19527052,-1.5121529,0.0,0.0,-0.83350731,0.83245247
1760625085.561,-0.01965733,-0.04490886,1.45386755,-0.0032635,0.9343771,0.01906391,80.0,-7.0,0.0,80.0,1.3962634,0.0,0.0,0.0,80.0,-7.0,0.0,80.0,1.3962634,0.0,0.0,0.0,-2.30052288,0.53292478,-0.6597558,5.13266747,-11.5493492,-1.15320274,22.88123698,5.3763061,-21.80376838,5.75933652,3.85339222,-0.16676831,-1.50498938,0.0,0.0,-0.85508241,0.8327326
1760625085.594,0.00280233,-0.04295919,1.45579555,-0.00212069,0.9344021,0.01832346,80.0,-7.0,0.0,80.0,1.3962634,0.0,0.0,0.0,80.0,-7.0,0.0,80.0,1.3962634,0.0,0.0,0.0,-2.31951843,0.57296196,-0.6785402,5.09708096,-11.61063868,-1.12435542,22.86947191,5.42928602,-21.72802733,5.76525928,3.85115492,-0.12504552,-1.48097104,0.0,0.0,-0.8452775,0.83555068
1760625085.627,0.00562878,-0.04869435,1.4479605,-0.00152505,0.93454126,0.01775877,80.0,-7.0,0.0,80.0,1.3962634,0.0,0.0,0.0,80.0,-7.0,0.0,80.0,1.3962634,0.0,0.0,0.0,-2.26511746,0.61132547,-0.6891093,5.02463545,-11.70461129,-1.04240589,22.76440286,5.39869614,-21.58803349,5.84890609,3.79475835,-0.08681115,-1.46911906,0.0,0.0,-0.83839985,0.82068876
1760625085.661,0.01967375,-0.0499544,1.44837107,-0.00285058,0.93444146,0.01775371,80.0,-7.0,0.0,80.0,1.3962634,0.0,0.0,0.0,80.0,-7.0,0.0,80.0,1.3962634,0.0,0.0,0.0,-2.33293202,0.61489972,-0.7440579,5.14451719,-11.70421417,-0.93377804,22.41529477,5.42860686,-21.28123356,5.90388723,3.87163321,-0.06584645,-1.51323663,0.0,0.0,-0.8727094,0.81019276
1760625085.694,0.0293398,-0.05653661,1.44003157,-0.00302511,0.93379988,0.01764887,80.0,-7.0,0.0,80.0,1.3962634,0.0,0.0,0.0,80.0,-7.0,0.0,80.0,1.3962634,0.0,0.0,0.0,-2.34055726,0.63104568,-0.75344327,5.09504872,-11.72583841,-0.93020481,22.41374011,5.485332,-21.22014846,5.92660641,3.87118326,-0.04202191,-1.52184702,0.0,0.0,-0.87455189,0.81789569
1760625085.728,0.02532737,-0.06384517,1.44098335,-0.00360499,0.93414751,0.01777622,80.0,-7.0,0.0,80.0,1.3962634,0.0,0.0,0.0,80.0,-7.0,0.0,80.0,1.3962634,0.0,0.0,0.0,-2.3213439,0.64179243,-0.75710882,5.15954678,-11.7309251,-0.95526754,22.42521747,5.54349656,-21.31033687,5.96409489,3.86393629,-0.01319125,-1.47498565,0.0,0.0,-0.88140835,0.81591073
1760625085.761,0.03104431,-0.07056525,1.4441188,-0.0009614,0.93399337,0.01816634,80.0,-7.0,0.0,80.0,1.3962634,0.0,0.0,0.0,80.0,-7.0,0.0,80.0,1.3962634,0.0,0.0,0.0,-2.55469407,0.66837701,-0.71098483,5.44975395,-11.77080084,-1.11530028,23.48247092,5.56793421,-22.42297365,5.88622583,4.0962306,0.0234081,-1.42434387,0.0,0.0,-0.89024209,0.82066319
1760625085.795,0.02652675,-0.07245796,1.44841984,-0.00101516,0.9338283,0.01837056,80.0,-7.0,0.0,80.0,1.3962634,0.0,0.0,0.0,80.0,-7.0,0.0,80.0,1.3962634,0.0,0.0,0.0,-2.48942968,0.64126518,-0.7052572,5.32205785,-11.74492688,-1.16896307,23.4740022,5.56410613,-22.35097987,5.87210058,4.03145634,0.00928982,-1.33817277,0.0,0.0,-0.88143309,0.81946907
1760625085.862,0.03249694,-0.07951659,1.46084625,-0.0030019,0.93399976,0.01802767,80.0,-7.0,0.0,80.0,1.3962634,0.0,0.0,0.0,80.0,-7.0,0.0,80.0,1.3962634,0.0,0.0,0.0,-2.52650979,0.64925272,-0.77198648,5.24235235,-11.7725494,-1.18832519,23.47292917,5.60109682,-22.23928811,5.90778421,4.1031767,0.03061488,-1.32021009,0.0,0.0,-0.88895243,0.81809319
1760625085.895,0.04983752,-0.08082368,1.47256198,-0.00416656,0.93425621,0.01782533,80.0,-7.0,0.0,80.0,1.3962634,0.0,0.0,0.0,80.0,-7.0,0.0,80.0,1.3962634,0.0,0.0,0.0,-2.47037345,0.66815546,-0.81509834,5.21086731,-11.82061759,-1.17363414,23.38771134,5.5656232,-22.26737962,5.94359663,4.03613578,0.04858282,-1.26971155,0.0,0.0,-0.89204341,0.81610584
1760625085.928,0.04214492,-0.08283065,1.47950567,-0.00497908,0.93454932,0.0176633,80.0,-7.0,0.0,80.0,1.3962634,0.0,0.0,0.0,80.0,-7.0,0.0,80.0,1.3962634,0.0,0.0,0.0,-2.36583604,0.65463319,-0.83130951,5.06353181,-11.79255987,-1.14981573,22.96153091,5.61880791,-21.83484702,6.01387531,3.94349731,0.04201109,-1.24281634,0.0,0.0,-0.90465839,0.81897221
1760625085.962,0.03442026,-0.08190474,1.47844382,-0.00492652,0.93466069,0.01740832,80.0,-7.0,0.0,80.0,1.3962634,0.0,0.0,0.0,80.0,-7.0,0.0,80.0,1.3962634,0.0,0.0,0.0,-2.54563136,0.67827085,-0.8128082,5.31269548,-11.84024442,-1.20199849,23.1328098,5.68831061,-22.11588967,6.06678729,4.11154374,0.06103749,-1.21448661,0.0,0.0,-0.90316939,0.80760785
1760625085.995,0.02158718,-0.0855395,1.48187228,-0.00447744,0.93478752,0.01674144,80.0,-7.0,0.0,80.0,1.3962634,0.0,0.0,0.0,80.0,-7.0,0.0,80.0,1.3962634,0.0,0.0,0.0,-2.58006426,0.748545,-0.78690481,5.32235621,-11.94391325,-1.34989579,23.81954553,5.81742357,-22.8823848,6.05519001,4.13534227,0.11368715,-1.1671533,0.0,0.0,-0.90389161,0.79012022
1760625086.029,0.01641323,-0.08737596,1.48760943,-0.00322777,0.93457772,0.01628014,80.0,-7.0,0.0,80.0,1.3962634,0.0,0.0,0.0,80.0,-7.0,0.0,80.0,1.3962634,0.0,0.0,0.0,-2.62456255,0.7882839,-0.73916769,5.34687577,-12.01501541,-1.51496474,24.00844722,5.94322986,-23.08285636,6.09064811,4.17201472,0.1348785,-1.11758274,0.0,0.0,-0.87746624,0.80355469
1760625086.062,0.00398494,-0.08821721,1.4933996,-0.00267581,0.93440114,0.01649885,80.0,-7.0,0.0,80.0,1.3962634,0.0,0.0,0.0,80.0,-7.0,0.0,80.0,1.3962634,0.0,0.0,0.0,-2.4983487,0.78390235,-0.76851795,5.17873912,-11.98311402,-1.55930732,23.9724838,5.97234781,-23.07184641,6.02152561,4.03607575,0.10963121,-1.16814128,0.0,0.0,-0.87175246,0.78590926
1760625086.096,-0.02380493,-0.08098782,1.50580297,-0.002468,0.93427469,0.01644153,80.0,-7.0,0.0,80.0,1.3962634,0.0,0.0,0.0,80.0,-7.0,0.0,80.0,1.3962634,0.0,0.0,0.0,-2.47478514,0.77927147,-0.7996875,5.15492842,-11.98353651,-1.64781935,23.96183395,5.97060638,-23.07924275,6.01189176,4.01673336,0.08445423,-1.21907871,0.0,0.0,-0.87925783,0.75621487
1760625086.129,-0.05189948,-0.08228301,1.51214605,-0.003081,0.93450618,0.01652294,80.0,-7.0,0.0,80.0,1.3962634,0.0,0.0,0.0,80.0,-7.0,0.0,80.0,1.3962634,0.0,0.0,0.0,-2.30712443,0.73494589,-0.84673422,4.86114987,-11.91780215,-1.7505449,23.86205642,6.13880694,-22.88136247,6.00672614,3.85323146,0.02406667,-1.2659977,0.0,0.0,-0.87352823,0.76787158
1760625086.163,-0.06474927,-0.08006378,1.52125725,-0.0036982,0.93467922,0.01647513,80.0,-7.0,0.0,80.0,1.3962634,0.0,0.0,0.0,80.0,-7.0,0.0,80.0,1.3962634,0.0,0.0,0.0,-2.27008443,0.70592836,-0.8814592,4.76825425,-11.87625149,-1.78235886,23.82360638,6.23016142,-22.78394618,5.98365953,3.82378079,-0.00260981,-1.33864371,0.0,0.0,-0.86673512,0.76719779
1760625086.196,-0.06835676,-0.07079106,1.52403558,-0.00427937,0.93473315,0.01614024,80.0,-7.0,0.0,80.0,1.3962634,0.0,0.0,0.0,80.0,-7.0,0.0,80.0,1.3962634,0.0,0.0,0.0,-2.32332741,0.70388306,-0.83405668,4.83057618,-11.91182517,-1.86208895,23.75416365,6.23840742,-22.78802342,5.98355319,3.89371003,0.01000475,-1.35508318,0.0,0.0,-0.84746211,0.75029274
1760625086.23,-0.07576289,-0.07011044,1.52285549,-0.00415906,0.93473669,0.01610561,80.0,-7.0,0.0,80.0,1.3962634,0.0,0.0,0.0,80.0,-7.0,0.0,80.0,1.3962634,0.0,0.0,0.0,-2.35223461,0.67814369,-0.83223877,4.85471505,-11.94350723,-1.87820174,23.76748709,6.33404322,-22.7790014,6.05354459,4.00746044,-0.00267575,-1.39672262,0.0,0.0,-0.76285107,0.7614021
1760625086.263,-0.07001839,-0.07360802,1.53254816,-0.00700646,0.93506381,0.01579575,80.0,-7.0,0.0,80.0,1.3962634,0.0,0.0,0.0,80.0,-7.0,0.0,80.0,1.3962634,0.0,0.0,0.0,-2.00466854,0.62966452,-0.77294917,4.38359225,-11.87900708,-1.84596814,22.02036606,6.44420612,-21.06194374,6.24884826,3.69058555,-0.03380338,-1.23423731,0.0,0.0,-0.53210698,0.81460661
1760625086.33,-0.08156192,-0.07878281,1.52267714,-0.00760014,0.93479407,0.01548436,80.0,-7.0,0.0,80.0,1.3962634,0.0,0.0,0.0,80.0,-7.0,0.0,80.0,1.3962634,0.0,0.0,0.0,-2.2110184,0.67997588,-0.6513563,4.62391004,-11.99477133,-1.73540573,22.02694067,6.52074295,-21.17064963,6.35958762,4.01224953,0.03314007,-0.97532504,0.0,0.0,-0.50436317,0.67809166
1760625086.363,-0.08087957,-0.08686,1.53274664,-0.0085503,0.93488918,0.01530263,80.0,-7.0,0.0,80.0,1.3962634,0.0,0.0,0.0,80.0,-7.0,0.0,80.0,1.3962634,0.0,0.0,0.0,-2.10878535,0.67894369,-0.66789395,4.48553028,-11.99918387,-1.72888746,21.4352417,6.67155109,-20.54616842,6.47086611,3.94014107,0.03179058,-0.96974003,0.0,0.0,-0.50425796,0.66613527
1760625086.397,-0.09267388,-0.09476924,1.54619849,-0.00852144,0.93477535,0.01448599,80.0,-7.0,0.0,80.0,1.3962634,0.0,0.0,0.0,80.0,-7.0,0.0,80.0,1.3962634,0.0,0.0,0.0,-2.3494866,0.75590815,-0.68644493,4.83945629,-12.15274068,-1.81725167,21.9661289,6.73044891,-21.01785366,6.49498647,4.20084474,0.09158822,-0.90614478,0.0,0.0,-0.51179422,0.6801339
1760625086.43,-0.10294462,-0.09882389,1.55033002,-0.00879394,0.93451691,0.0140187,80.0,-7.0,0.0,80.0,1.3962634,0.0,0.0,0.0,80.0,-7.0,0.0,80.0,1.3962634,0.0,0.0,0.0,-2.21325137,0.7673591,-0.67618349,4.68120369,-12.19758616,-1.87416157,21.67525068,6.80800024,-20.6485299,6.5439329,4.06023368,0.09304025,-0.88840976,0.0,0.0,-0.51373701,0.66661692
1760625086.464,-0.11905251,-0.09528995,1.55730189,-0.00847538,0.93401128,0.01310016,80.0,-7.0,0.0,80.0,1.3962634,0.0,0.0,0.0,80.0,-7.0,0.0,80.0,1.3962634,0.0,0.0,0.0,-2.22055065,0.80176249,-0.70163496,4.69912058,-12.31733435,-1.86240029,21.67682655,6.79809935,-20.59440855,6.57593828,4.05362131,0.109273,-0.87275539,0.0,0.0,-0.48929338,0.67505902
1760625086.497,-0.12653654,-0.10308001,1.56191878,-0.00997695,0.93401893,0.01315093,80.0,-7.0,0.0,80.0,1.3962634,0.0,0.0,0.0,80.0,-7.0,0.0,80.0,1.3962634,0.0,0.0,0.0,-1.85885564,0.75692347,-0.6918073,4.29533155,-12.29891342,-1.82618818,20.45995217,6.70862533,-19.38431558,6.66655097,3.66380777,0.03601117,-0.8212294,0.0,0.0,-0.40691656,0.72125424
1760625086.531,-0.12790368,-0.10564289,1.56252225,-0.01081482,0.93390557,0.0141422,80.0,-7.0,0.0,80.0,1.3962634,0.0,0.0,0.0,80.0,-7.0,0.0,80.0,1.3962634,0.0,0.0,0.0,-1.92368481,0.71137453,-0.6758538,4.35837074,-12.2556536,-1.82650857,20.47505085,6.54858827,-19.36314971,6.61539029,3.73328796,-0.04637656,-0.84150842,0.0,0.0,-0.34885415,0.75267665
1760625086.564,-0.13535398,-0.11152998,1.56249645,-0.01136791,0.93381622,0.0148199,80.0,-7.0,0.0,80.0,1.3962634,0.0,0.0,0.0,80.0,-7.0,0.0,80.0,1.3962634,0.0,0.0,0.0,-1.95981679,0.67866593,-0.61971432,4.48016653,-12.2062361,-1.86770398,20.51668742,6.30128347,-19.44921737,6.50197006,3.74371193,-0.12443177,-0.71963428,0.0,0.0,-0.3374859,0.75049273
1760625086.597,-0.13537149,-0.11689411,1.56734641,-0.01116272,0.9339811,0.01433978,80.0,-7.0,0.0,80.0,1.3962634,0.0,0.0,0.0,80.0,-7.0,0.0,80.0,1.3962634,0.0,0.0,0.0,-1.88855752,0.70926592,-0.63533355,4.38508427,-12.25615175,-1.85922641,20.50635773,6.16731934,-19.42789152,6.43603362,3.65779472,-0.11937859,-0.72666961,0.0,0.0,-0.3662975,0.73958506
1760625086.631,-0.13784216,-0.11849433,1.57101644,-0.01033302,0.93397542,0.01439998,80.0,-7.0,0.0,80.0,1.3962634,0.0,0.0,0.0,80.0,-7.0,0.0,80.0,1.3962634,0.0,0.0,0.0,-2.11208422,0.7331874,-0.63400861,4.66825794,-12.34710709,-1.8639162,21.40665892,6.18626375,-20.36613243,6.42784162,3.86771887,-0.11627045,-0.72278102,0.0,0.0,-0.40153032,0.73901102
1760625086.664,-0.12896375,-0.12362192,1.57588417,-0.0113703,0.9345308,0.01485441,80.0,-7.0,0.0,80.0,1.3962634,0.0,0.0,0.0,80.0,-7.0,0.0,80.0,1.3962634,0.0,0.0,0.0,-2.04395462,0.67109164,-0.67318004,4.51292051,-12.2188212,-1.74800133,20.54271381,6.19852953,-19.48873743,6.48094798,3.77332425,-0.18609838,-0.74233285,0.0,0.0,-0.43507807,0.71828963
1760625086.698,-0.12933909,-0.13085401,1.58055258,-0.01148426,0.93446538,0.01517724,80.0,-7.0,0.0,80.0,1.3962634,0.0,0.0,0.0,80.0,-7.0,0.0,80.0,1.3962634,0.0,0.0,0.0,-2.12468745,0.66684548,-0.6693957,4.64643179,-12.21522686,-1.82760571,21.0498816,6.35955796,-20.05028755,6.49835446,3.84295118,-0.20054553,-0.75357052,0.0,0.0,-0.41476236,0.7248559
1760625086.731,-0.12492186,-0.13535074,1.59414196,-0.01237882,0.93418131,0.01481421,80.0,-7.0,0.0,80.0,1.3962634,0.0,0.0,0.0,80.0,-7.0,0.0,80.0,1.3962634,0.0,0.0,0.0,-2.13673669,0.66492851,-0.6742221,4.63185565,-12.22752835,-1.81179026,21.04390427,6.35778126,-20.03918075,6.49400161,3.82342933,-0.20327391,-0.72394037,0.0,0.0,-0.39688678,0.75168221
1760625086.765,-0.11383666,-0.1401453,1.59494221,-0.01116856,0.93385598,0.0138839,80.0,-7.0,0.0,80.0,1.3962634,0.0,0.0,0.0,80.0,-7.0,0.0,80.0,1.3962634,0.0,0.0,0.0,-2.12255507,0.69411107,-0.63649775,4.61737946,-12.33240717,-1.82960183,21.00803469,6.21302714,-19.97618308,6.5390958,3.73934492,-0.17211014,-0.62081167,0.0,0.0,-0.435487,0.72021076
1760625086.798,-0.11938115,-0.13836017,1.59704393,-0.01085283,0.93390344,0.01366223,80.0,-7.0,0.0,80.0,1.3962634,0.0,0.0,0.0,80.0,-7.0,0.0,80.0,1.3962634,0.0,0.0,0.0,-1.95363559,0.69502507,-0.66123637,4.3953118,-12.34799417,-1.82227398,20.86935784,5.99465961,-19.73836271,6.47156601,3.52709144,-0.16209734,-0.61039082,0.0,0.0,-0.40218108,0.73475846
1760625086.832,-0.11422799,-0.13703769,1.59863346,-0.01079423,0.93375645,0.01372255,80.0,-7.0,0.0,80.0,1.3962634,0.0,0.0,0.0,80.0,-7.0,0.0,80.0,1.3962634,0.0,0.0,0.0,-1.98239765,0.65952312,-0.65826778,4.45323958,-12.32694071,-1.86534163,20.78689854,5.85580102,-19.64466089,6.47341094,3.50193777,-0.19414881,-0.56188921,0.0,0.0,-0.39642327,0.74147849
1760625086.865,-0.09434849,-0.12963547,1.59362553,-0.00986538,0.93367726,0.01405082,80.0,-7.0,0.0,80.0,1.3962634,0.0,0.0,0.0,80.0,-7.0,0.0,80.0,1.3962634,0.0,0.0,0.0,-1.93747694,0.62171162,-0.69646655,4.38020313,-12.27106115,-1.79076419,20.61288263,5.65255786,-19.38509987,6.36519007,3.29573959,-0.21317724,-0.560582,0.0,0.0,-0.40844186,0.73297738
1760625086.899,-0.09410286,-0.12661475,1.5838628,-0.00984925,0.93371363,0.01433156,80.0,-7.0,0.0,80.0,1.3962634,0.0,0.0,0.0,80.0,-7.0,0.0,80.0,1.3962634,0.0,0.0,0.0,-1.97752395,0.60882575,-0.69969912,4.40965678,-12.26137399,-1.81396331,20.63071762,5.63959812,-19.35139516,6.36734737,3.21199307,-0.20586748,-0.58751189,0.0,0.0,-0.44688767,0.69490262
1760625086.932,-0.08376556,-0.12559662,1.58777312,-0.01019086,0.93386646,0.0148253,80.0,-7.0,0.0,80.0,1.3962634,0.0,0.0,0.0,80.0,-7.0,0.0,80.0,1.3962634,0.0,0.0,0.0,-1.99841901,0.56604422,-0.72877982,4.42545224,-12.17451716,-1.69498694,20.41163273,5.53730117,-19.14520286,6.31545046,3.12694169,-0.22721308,-0.62026365,0.0,0.0,-0.47789312,0.66929579
1760625086.965,-0.08185432,-0.11976109,1.57919358,-0.01063028,0.93409753,0.01425325,80.0,-7.0,0.0,80.0,1.3962634,0.0,0.0,0.0,80.0,-7.0,0.0,80.0,1.3962634,0.0,0.0,0.0,-2.00375797,0.59874405,-0.81536002,4.36239022,-12.18382308,-1.61685415,20.38620112,5.56896935,-19.05292839,6.31187209,3.09708293,-0.14622495,-0.79778538,0.0,0.0,-0.5164795,0.65484304
1760625086.999,-0.07661385,-0.1157136,1.57011963,-0.01050783,0.9340708,0.01399166,80.0,-7.0,0.0,80.0,1.3962634,0.0,0.0,0.0,80.0,-7.0,0.0,80.0,1.3962634,0.0,0.0,0.0,-2.01099868,0.58023534,-0.79183436,4.38044725,-12.14657318,-1.50118365,19.84190009,5.43640441,-18.56700688,6.33369981,3.07170136,-0.13305543,-0.87840626,0.0,0.0,-0.51962798,0.6380207
1760625087.032,-0.08363593,-0.11000443,1.57150328,-0.0094891,0.93386518,0.01362702,80.0,-7.0,0.0,80.0,1.3962634,0.0,0.0,0.0,80.0,-7.0,0.0,80.0,1.3962634,0.0,0.0,0.0,-1.93830624,0.57942237,-0.76492311,4.31081382,-12.15193455,-1.50383852,19.78315544,5.46901169,-18.60206005,6.38668379,2.99444315,-0.10794326,-0.93539792,0.0,0.0,-0.52674138,0.61646596
1760625087.066,-0.07930692,-0.10871698,1.57143787,-0.00915181,0.93371127,0.01372645,80.0,-7.0,0.0,80.0,1.3962634,0.0,0.0,0.0,80.0,-7.0,0.0,80.0,1.3962634,0.0,0.0,0.0,-1.9332004,0.56780062,-0.72041623,4.30974056,-12.13463706,-1.49364137,19.78786795,5.4702131,-18.60735099,6.39725912,2.98629493,-0.08899797,-0.96202399,0.0,0.0,-0.53278989,0.62310744
1760625087.099,-0.0924258,-0.10513832,1.58489624,-0.00901704,0.93352992,0.01404813,80.0,-7.0,0.0,80.0,1.3962634,0.0,0.0,0.0,80.0,-7.0,0.0,80.0,1.3962634,0.0,0.0,0.0,-1.97479597,0.52910268,-0.68901048,4.40356966,-12.11535262,-1.5178066,19.8710776,5.46846954,-18.72025607,6.45086442,3.06668229,-0.0919896,-0.97312925,0.0,0.0,-0.52377873,0.63945391
1760625087.133,-0.09935237,-0.1066782,1.59708408,-0.00936382,0.93294557,0.01456733,80.0,-7.0,0.0,80.0,1.3962634,0.0,0.0,0.0,80.0,-7.0,0.0,80.0,1.3962634,0.0,0.0,0.0,-2.06279879,0.51511113,-0.65654033,4.49777666,-12.0854244,-1.56033946,20.54800901,5.49454332,-19.36754779,6.35387821,3.19297403,-0.06388227,-0.98206026,0.0,0.0,-0.51317824,0.64982968
1760625087.166,-0.1033337,-0.1036303,1.60812438,-0.00923243,0.93244257,0.01477237,80.0,-7.0,0.0,80.0,1.3962634,0.0,0.0,0.0,80.0,-7.0,0.0,80.0,1.3962634,0.0,0.0,0.0,-2.15099251,0.46661175,-0.57213627,4.65684856,-12.05447261,-1.58624239,20.65370281,5.4722321,-19.45105131,6.34075109,3.31626366,-0.04288342,-0.88594095,0.0,0.0,-0.50863173,0.68603173
1760625087.199,-0.11187305,-0.10271368,1.613835,-0.00861395,0.93187519,0.01441124,80.0,-7.0,0.0,80.0,1.3962634,0.0,0.0,0.0,80.0,-7.0,0.0,80.0,1.3962634,0.0,0.0,0.0,-2.39765936,0.49988862,-0.50049034,4.96954047,-12.15659879,-1.74561207,22.00833775,5.50286015,-20.80372656,6.23945311,3.59596827,0.03178917,-0.81765212,0.0,0.0,-0.51630553,0.70581524
1760625087.233,-0.09873404,-0.10171315,1.61855424,-0.00871268,0.9321267,0.01432475,80.0,-7.0,0.0,80.0,1.3962634,0.0,0.0,0.0,80.0,-7.0,0.0,80.0,1.3962634,0.0,0.0,0.0,-2.44961614,0.48262731,-0.44187438,5.09579905,-12.1650467,-1.72035476,22.05823635,5.48202539,-20.91560801,6.25599726,3.65437849,0.04822517,-0.73239623,0.0,0.0,-0.53283014,0.69921458
1760625087.266,-0.08228999,-0.10372242,1.63113601,-0.00828797,0.93197899,0.01407358,80.0,-7.0,0.0,80.0,1.3962634,0.0,0.0,0.0,80.0,-7.0,0.0,80.0,1.3962634,0.0,0.0,0.0,-2.57138432,0.46267436,-0.45515895,5.25196707,-12.16332813,-1.65070795,22.61266107,5.39721456,-21.47256183,6.16383246,3.81089391,0.05015278,-0.72549662,0.0,0.0,-0.52334639,0.72345051
1760625087.3,-0.08037775,-0.10598195,1.62368657,-0.00875184,0.9318773,0.01422321,80.0,-7.0,0.0,80.0,1.3962634,0.0,0.0,0.0,80.0,-7.0,0.0,80.0,1.3962634,0.0,0.0,0.0,-2.48635266,0.44313836,-0.46046854,5.18336902,-12.11922385,-1.61058137,22.6279686,5.34500297,-21.47779095,6.10099785,3.74729234,0.04271287,-0.70974575,0.0,0.0,-0.52220046,0.7435095
1760625087.333,-0.08331058,-0.1029827,1.61636711,-0.00892611,0.93162024,0.01360961,80.0,-7.0,0.0,80.0,1.3962634,0.0,0.0,0.0,80.0,-7.0,0.0,80.0,1.3962634,0.0,0.0,0.0,-2.40826238,0.44657272,-0.44655151,5.07611711,-12.16416101,-1.56270015,22.59687045,5.26627587,-21.42056576,6.13876658,3.69569225,0.06150132,-0.68090452,0.0,0.0,-0.51066837,0.74774593
1760625087.367,-0.06796226,-0.10902398,1.61365109,-0.00860099,0.93105564,0.01376858,80.0,-7.0,0.0,80.0,1.3962634,0.0,0.0,0.0,80.0,-7.0,0.0,80.0,1.3962634,0.0,0.0,0.0,-2.38116052,0.41603859,-0.47480974,5.03270742,-12.11688833,-1.45496436,22.51470776,5.18126115,-21.36561748,6.1220622,3.64939331,0.0245757,-0.67058336,0.0,0.0,-0.5272408,0.74108054
1760625087.4,-0.06651974,-0.11746175,1.61629383,-0.00944091,0.93074617,0.01380812,80.0,-7.0,0.0,80.0,1.3962634,0.0,0.0,0.0,80.0,-7.0,0.0,80.0,1.3962634,0.0,0.0,0.0,-2.29816861,0.41665507,-0.49749119,4.90216816,-12.07159643,-1.37552756,22.43701859,5.15178687,-21.23041216,6.09117299,3.55673208,0.02084589,-0.67444332,0.0,0.0,-0.5236035,0.73326992
1760625087.434,-0.07685809,-0.12066253,1.60879263,-0.00839388,0.9301759,0.01348526,80.0,-7.0,0.0,80.0,1.3962634,0.0,0.0,0.0,80.0,-7.0,0.0,80.0,1.3962634,0.0,0.0,0.0,-2.26460507,0.41719583,-0.48521869,4.84733997,-12.08679069,-1.35231103,22.34989522,5.12419205,-21.09900963,6.13021726,3.52231223,0.03226842,-0.63915388,0.0,0.0,-0.51228398,0.72435123
1760625087.467,-0.07711439,-0.12221188,1.60538996,-0.00856841,0.93043042,0.01343384,80.0,-7.0,0.0,80.0,1.3962634,0.0,0.0,0.0,80.0,-7.0,0.0,80.0,1.3962634,0.0,0.0,0.0,-2.50271847,0.42737763,-0.44328508,5.20165987,-12.11720701,-1.45460949,22.46195529,5.16960718,-21.26012564,6.16778418,3.7593094,0.07006305,-0.60188174,0.0,0.0,-0.53354216,0.7302665
1760625087.501,-0.08868292,-0.12555951,1.60666005,-0.00914724,0.93047371,0.01333493,80.0,-7.0,0.0,80.0,1.3962634,0.0,0.0,0.0,80.0,-7.0,0.0,80.0,1.3962634,0.0,0.0,0.0,-2.54485594,0.4360161,-0.51839227,5.23113056,-12.11884719,-1.43573596,22.82393121,5.22302261,-21.62040488,6.17095538,3.80462273,0.09509154,-0.65543457,0.0,0.0,-0.54082285,0.7295682
1760625087.534,-0.09070726,-0.13000314,1.61008796,-0.00959598,0.93017356,0.01345313,80.0,-7.0,0.0,80.0,1.3962634,0.0,0.0,0.0,80.0,-7.0,0.0,80.0,1.3962634,0.0,0.0,0.0,-2.54877361,0.4320073,-0.51966438,5.22828302,-12.1178547,-1.4390053,22.82355033,5.22173648,-21.61971945,6.16974143,3.80044668,0.09912634,-0.66048448,0.0,0.0,-0.54570305,0.73099261
1760625087.568,-0.07803679,-0.12227716,1.60912448,-0.0097907,0.93001467,0.01383949,80.0,-7.0,0.0,80.0,1.3962634,0.0,0.0,0.0,80.0,-7.0,0.0,80.0,1.3962634,0.0,0.0,0.0,-2.59275288,0.35860499,-0.53904053,5.24438074,-12.02476769,-1.43864165,22.85749353,5.20438778,-21.63133269,6.1196547,3.82807826,0.06069218,-0.7129947,0.0,0.0,-0.57551239,0.71935231
1760625087.601,-0.07144572,-0.11943254,1.61020806,-0.00877433,0.92963195,0.01390961,80.0,-7.0,0.0,80.0,1.3962634,0.0,0.0,0.0,80.0,-7.0,0.0,80.0,1.3962634,0.0,0.0,0.0,-2.73973134,0.36910609,-0.51652604,5.44867335,-12.05290102,-1.47806363,23.53835963,5.18453036,-22.35429082,6.03285163,3.97023041,0.09309756,-0.6884148,0.0,0.0,-0.57616201,0.7354805
1760625087.634,-0.07109985,-0.12425561,1.61484842,-0.00849784,0.92951198,0.01337453,80.0,-7.0,0.0,80.0,1.3962634,0.0,0.0,0.0,80.0,-7.0,0.0,80.0,1.3962634,0.0,0.0,0.0,-2.74180331,0.36361702,-0.50920882,5.45005332,-12.05021278,-1.47679222,23.53958803,5.18471097,-22.35397819,6.03267039,3.97153945,0.09741403,-0.69119881,0.0,0.0,-0.57547304,0.73677127
1760625087.668,-0.0523929,-0.11943378,1.60571205,-0.00868579,0.92968016,0.01373092,80.0,-7.0,0.0,80.0,1.3962634,0.0,0.0,0.0,80.0,-7.0,0.0,80.0,1.3962634,0.0,0.0,0.0,-2.76338137,0.33971584,-0.46296317,5.44440637,-12.04595397,-1.40479319,23.55008869,5.18947932,-22.34026307,6.03543059,3.9952506,0.1052994,-0.64988508,0.0,0.0,-0.58099516,0.74052985
1760625087.701,-0.0442255,-0.11765908,1.60843642,-0.00848549,0.92984897,0.01367633,80.0,-7.0,0.0,80.0,1.3962634,0.0,0.0,0.0,80.0,-7.0,0.0,80.0,1.3962634,0.0,0.0,0.0,-2.94790917,0.32077881,-0.39278584,5.68765554,-12.06218315,-1.37305185,23.61601858,5.11960686,-22.40905806,6.04921652,4.19187737,0.10468362,-0.54684056,0.0,0.0,-0.56870385,0.75687427
1760625087.735,-0.02569545,-0.1193961,1.60087828,-0.00737507,0.92979358,0.01295627,80.0,-7.0,0.0,80.0,1.3962634,0.0,0.0,0.0,80.0,-7.0,0.0,80.0,1.3962634,0.0,0.0,0.0,-3.08764642,0.34465326,-0.3025038,5.90661462,-12.15310618,-1.3809752,23.67945495,5.0837416,-22.51809543,6.06637024,4.32295737,0.15347399,-0.49707765,0.0,0.0,-0.56786633,0.75483539
1760625087.768,-0.01278807,-0.12071788,1.60947263,-0.00783562,0.93004704,0.0133613,80.0,-7.0,0.0,80.0,1.3962634,0.0,0.0,0.0,80.0,-7.0,0.0,80.0,1.3962634,0.0,0.0,0.0,-2.97813507,0.3176252,-0.35126659,5.76197124,-12.10800368,-1.29576232,23.6552303,5.13828514,-22.46670452,6.0636157,4.22326464,0.13803644,-0.57688399,0.0,0.0,-0.57203524,0.75467908
1760625087.802,-0.00908627,-0.12371877,1.60864608,-0.00595635,0.92980836,0.01383212,80.0,-7.0,0.0,80.0,1.3962634,0.0,0.0,0.0,80.0,-7.0,0.0,80.0,1.3962634,0.0,0.0,0.0,-2.99896284,0.27428078,-0.30470789,5.86720501,-12.07657323,-1.27907546,23.68449942,5.15922291,-22.5491845,6.08031168,4.26121729,0.10333571,-0.52566771,0.0,0.0,-0.55665881,0.79229408
1760625087.835,-0.00163624,-0.12778381,1.60904937,-0.00379662,0.92932328,0.01378576,80.0,-7.0,0.0,80.0,1.3962634,0.0,0.0,0.0,80.0,-7.0,0.0,80.0,1.3962634,0.0,0.0,0.0,-2.88592904,0.24426671,-0.30743439,5.68698887,-12.08886923,-1.26166064,23.64118559,5.09487902,-22.44214454,6.0791236,4.17699387,0.08010401,-0.61019765,0.0,0.0,-0.53650162,0.79443132
1760625087.868,0.00350555,-0.13418985,1.60326296,-0.00431238,0.92933882,0.01437828,80.0,-7.0,0.0,80.0,1.3962634,0.0,0.0,0.0,80.0,-7.0,0.0,80.0,1.3962634,0.0,0.0,0.0,-2.87523491,0.2325683,-0.26406214,5.67697141,-12.08938946,-1.26561049,23.62332153,5.08416606,-22.44344991,6.07284253,4.19359006,0.06535287,-0.67371963,0.0,0.0,-0.54437016,0.7728178
1760625087.902,0.01158457,-0.1340344,1.60656639,-0.00352382,0.92904755,0.01454745,80.0,-7.0,0.0,80.0,1.3962634,0.0,0.0,0.0,80.0,-7.0,0.0,80.0,1.3962634,0.0,0.0,0.0,-3.00569668,0.1808396,-0.20038314,5.867999,-12.05086513,-1.27243935,23.64795351,5.03082431,-22.51663263,6.04922203,4.32434949,0.01251134,-0.60233748,0.0,0.0,-0.54180665,0.77927042
1760625087.935,0.01255304,-0.14306411,1.612398,-0.00369451,0.92887996,0.0146094,80.0,-7.0,0.0,80.0,1.3962634,0.0,0.0,0.0,80.0,-7.0,0.0,80.0,1.3962634,0.0,0.0,0.0,-3.01319126,0.17715157,-0.19993866,5.86650731,-12.06209462,-1.25412663,23.64634614,5.03318895,-22.52097283,6.04243865,4.32885806,0.00365787,-0.59610127,0.0,0.0,-0.55212816,0.76168873
1760625087.969,0.02803502,-0.14810908,1.6308192,-0.00529299,0.92918933,0.01516924,80.0,-7.0,0.0,80.0,1.3962634,0.0,0.0,0.0,80.0,-7.0,0.0,80.0,1.3962634,0.0,0.0,0.0,-3.02269607,0.1747311,-0.22857054,5.87001326,-12.04778565,-1.23365419,23.65221493,5.04145096,-22.52303003,6.04298117,4.31349039,0.00231965,-0.5490122,0.0,0.0,-0.56459142,0.75330445
1760625088.002,0.01798243,-0.14925409,1.62911718,-0.00535023,0.92927443,0.01511125,80.0,-7.0,0.0,80.0,1.3962634,0.0,0.0,0.0,80.0,-7.0,0.0,80.0,1.3962634,0.0,0.0,0.0,-3.09442404,0.13358262,-0.22831115,5.9844848,-12.02192077,-1.23309918,23.71781755,5.03427426,-22.61265881,6.06772094,4.39036597,-0.02499188,-0.57152258,0.0,0.0,-0.56282002,0.76458456
1760625088.036,0.02679347,-0.15445799,1.63055348,-0.00594575,0.92902764,0.01400898,80.0,-7.0,0.0,80.0,1.3962634,0.0,0.0,0.0,80.0,-7.0,0.0,80.0,1.3962634,0.0,0.0,0.0,-3.11433223,0.18526108,-0.24604904,5.99827544,-12.12371915,-1.19080336,23.74998337,5.04371588,-22.65862313,6.11415534,4.37526822,0.04717798,-0.57059922,0.0,0.0,-0.57924279,0.73586821
1760625088.069,0.03595913,-0.1601649,1.63848111,-0.00701847,0.92846677,0.01375721,80.0,-7.0,0.0,80.0,1.3962634,0.0,0.0,0.0,80.0,-7.0,0.0,80.0,1.3962634,0.0,0.0,0.0,-3.01336837,0.180582,-0.30505932,5.780066,-12.16108227,-1.15549335,23.68446125,5.14038606,-22.5171754,6.18679166,4.23908673,0.05170624,-0.5773214,0.0,0.0,-0.56381749,0.75564942
1760625088.103,0.02833602,-0.1589665,1.64257811,-0.00707483,0.92797479,0.0132682,80.0,-7.0,0.0,80.0,1.3962634,0.0,0.0,0.0,80.0,-7.0,0.0,80.0,1.3962634,0.0,0.0,0.0,-3.02409948,0.18338225,-0.31514041,5.77499933,-12.22141676,-1.14703347,23.70428058,5.20553125,-22.47783166,6.22280065,4.25742324,0.06345864,-0.62022511,0.0,0.0,-0.57152133,0.75388056
1760625088.136,0.03978413,-0.16645476,1.64278601,-0.00738321,0.92793712,0.01321882,80.0,-7.0,0.0,80.0,1.3962634,0.0,0.0,0.0,80.0,-7.0,0.0,80.0,1.3962634,0.0,0.0,0.0,-2.95657934,0.18777557,-0.3418365,5.71442042,-12.26480969,-1.10084447,23.64969973,5.26316919,-22.49979557,6.25664304,4.16252411,0.06245574,-0.61495819,0.0,0.0,-0.62497558,0.69237795
1760625088.17,0.02985713,-0.17080808,1.65394456,-0.0075143,0.92797325,0.01328988,80.0,-7.0,0.0,80.0,1.3962634,0.0,0.0,0.0,80.0,-7.0,0.0,80.0,1.3962634,0.0,0.0,0.0,-2.91776181,0.18241507,-0.32855162,5.68907859,-12.29722872,-1.14700086,23.63244563,5.45013676,-22.54356437,6.32339859,4.10108615,0.04684425,-0.48681711,0.0,0.0,-0.65061316,0.66170856
1760625088.203,0.02108239,-0.17193759,1.6551065,-0.00924224,0.92817576,0.01360462,80.0,-7.0,0.0,80.0,1.3962634,0.0,0.0,0.0,80.0,-7.0,0.0,80.0,1.3962634,0.0,0.0,0.0,-2.74664161,0.15581799,-0.34734504,5.41133988,-12.27686401,-1.11015101,23.12516131,5.61080331,-21.9606667,6.3744067,3.90309655,0.00855688,-0.32778206,0.0,0.0,-0.68580357,0.62060982
1760625088.237,0.02379562,-0.17014835,1.66436939,-0.00949468,0.92825356,0.01390956,80.0,-7.0,0.0,80.0,1.3962634,0.0,0.0,0.0,80.0,-7.0,0.0,80.0,1.3962634,0.0,0.0,0.0,-2.77053708,0.14541068,-0.36749526,5.4993251,-12.2986317,-1.00242066,23.11200374,5.63894954,-22.02528281,6.34729888,3.8817534,-0.0320937,-0.0671718,0.0,0.0,-0.7368667,0.54716539
1760625088.27,0.02422597,-0.16486925,1.67470124,-0.00963618,0.92824599,0.01393424,80.0,-7.0,0.0,80.0,1.3962634,0.0,0.0,0.0,80.0,-7.0,0.0,80.0,1.3962634,0.0,0.0,0.0,-2.88817815,0.15163606,-0.36442092,5.61049577,-12.33951191,-0.95165448,23.16395607,5.79631667,-22.01329008,6.34629991,4.00893298,-0.04082255,0.06292626,0.0,0.0,-0.73403473,0.50428709
1760625088.303,0.02298782,-0.16773861,1.67425127,-0.01084858,0.9282104,0.01397163,80.0,-7.0,0.0,80.0,1.3962634,0.0,0.0,0.0,80.0,-7.0,0.0,80.0,1.3962634,0.0,0.0,0.0,-2.70712842,0.14251876,-0.24448113,5.41159464,-12.34122918,-0.99332274,22.5699078,6.01929602,-21.43825567,6.39501176,3.82558231,-0.04917042,0.24852189,0.0,0.0,-0.69147896,0.48687053
1760625088.337,0.02389097,-0.16883424,1.68479136,-0.01226202,0.92833698,0.01410883,80.0,-7.0,0.0,80.0,1.3962634,0.0,0.0,0.0,80.0,-7.0,0.0,80.0,1.3962634,0.0,0.0,0.0,-2.4375061,0.11441281,-0.30505053,5.1451731,-12.35823227,-0.83467067,22.0701985,6.42485274,-20.7855764,6.45581785,3.74877734,-0.06551136,0.11019694,0.0,0.0,-0.62944636,0.49173238
1760625088.37,0.01712043,-0.169216,1.68518584,-0.01200222,0.92794137,0.01346085,80.0,-7.0,0.0,80.0,1.3962634,0.0,0.0,0.0,80.0,-7.0,0.0,80.0,1.3962634,0.0,0.0,0.0,-2.40196062,0.16114142,-0.28074569,5.16322651,-12.459522,-0.8018352,22.03373846,7.07035818,-20.64783616,6.50022324,4.03977847,0.02351543,-0.16790804,0.0,0.0,-0.49554561,0.53735393
1760625088.404,-0.01835423,-0.1738162,1.67743876,-0.01218875,0.92772927,0.01405171,80.0,-7.0,0.0,80.0,1.3962634,0.0,0.0,0.0,80.0,-7.0,0.0,80.0,1.3962634,0.0,0.0,0.0,-2.24454518,0.12422936,-0.1628204,5.11913607,-12.44651946,-0.74826126,21.44544929,8.62447947,-20.10602903,6.73804819,4.4343113,0.1037022,-0.53301371,0.0,0.0,-0.2962916,0.57192675
1760625088.437,-0.05684639,-0.18477415,1.68767435,-0.01253625,0.92786763,0.01472036,80.0,-7.0,0.0,80.0,1.3962634,0.0,0.0,0.0,80.0,-7.0,0.0,80.0,1.3962634,0.0,0.0,0.0,-2.16885345,0.07067062,-0.07842738,5.26980146,-12.3812105,-0.40272876,20.64581695,12.64389467,-19.66648171,7.23567413,4.65182077,0.10261186,-0.80471534,0.97848265,0.0,-0.18592337,0.62188044
1760625088.471,-0.06229135,-0.19674233,1.69260045,-0.01320028,0.92813137,0.01504332,80.0,-7.0,0.0,80.0,1.3962634,0.0,0.0,0.0,80.0,-7.0,0.0,80.0,1.3962634,0.0,0.0,0.0,-2.08981212,0.07586416,0.03280027,5.34348484,-12.37168463,-0.08962451,19.95475042,15.74070556,-19.02572485,7.28396735,4.59224367,0.06114712,-0.76245505,2.22927823,0.0,-0.19690186,0.69084942
1760625088.504,-0.02222319,-0.21359285,1.70156044,-0.01460745,0.9280404,0.01506235,80.0,-7.0,0.0,80.0,1.3962634,0.0,0.0,0.0,80.0,-7.0,0.0,80.0,1.3962634,0.0,0.0,0.0,-2.10773743,0.12624224,0.15687108,5.42991838,-12.42728918,-0.00151247,19.04987218,17.94023648,-17.66303009,6.91218382,4.61273603,0.0243053,-0.71852857,3.69432394,0.0,-0.23121842,0.80248568
1760625088.538,0.00146045,-0.23651727,1.71832296,-0.01624242,0.92819692,0.01379451,80.0,-7.0,0.0,80.0,1.3962634,0.0,0.0,0.0,80.0,-7.0,0.0,80.0,1.3962634,0.0,0.0,0.0,-2.11706806,0.21976964,0.25571021,5.6550011,-12.64485343,-0.18261657,18.86057974,20.38528056,-16.45322201,6.33083147,4.70341305,-0.07198227,-0.5464038,5.88724778,0.0,-0.32516095,0.96476498
1760625088.571,-0.04303254,-0.25177517,1.71445197,-0.01814636,0.92759956,0.01281498,80.0,-7.0,0.0,80.0,1.3962634,0.0,0.0,0.0,80.0,-7.0,0.0,80.0,1.3962634,0.0,0.0,0.0,-1.92006355,0.35565585,0.46617117,5.7819781,-13.00857082,-0.12390317,17.70238165,22.16687791,-14.61451075,5.60244833,4.55610218,-0.17297981,0.0617747,7.64438102,0.0,-0.35160638,1.06514542
1760625088.605,-0.01112552,-0.25494673,1.69848439,-0.01813915,0.92709023,0.01202695,80.0,-7.0,0.0,80.0,1.3962634,0.0,0.0,0.0,80.0,-7.0,0.0,80.0,1.3962634,0.0,0.0,0.0,-1.86316047,0.47891817,0.58525687,6.03239194,-13.4246104,0.25497786,16.81478965,24.94890747,-12.84844574,4.42365085,4.7026174,-0.52949583,1.40952577,9.77921372,0.0,-0.45501387,1.08654557
1760625088.638,0.004191,-0.25745627,1.70677429,-0.0165405,0.9263471,0.01157424,80.0,-7.0,0.0,80.0,1.3962634,0.0,0.0,0.0,80.0,-7.0,0.0,80.0,1.3962634,0.0,0.0,0.0,-1.87511936,0.63087066,0.68229369,6.29096586,-13.91189589,0.4357306,16.56854026,27.44298371,-12.0218256,3.59358731,5.00540032,-1.00802682,3.39160451,11.11085418,0.0,-0.54127252,0.93472739
1760625088.671,-0.02018642,-0.26579469,1.70015714,-0.01557048,0.92613311,0.01197169,80.0,-7.0,0.0,80.0,1.3962634,0.0,0.0,0.0,80.0,-7.0,0.0,80.0,1.3962634,0.0,0.0,0.0,-1.73753733,0.67534377,0.79176786,6.34894668,-14.20945428,0.69559266,16.12748711,29.73147182,-11.10868325,2.31014712,5.22522384,-1.71434114,5.43249667,12.56935259,0.0,-0.57678248,0.72054957
1760625088.705,-0.02726771,-0.27730363,1.68597234,-0.01558119,0.92588139,0.01268698,80.0,-7.0,0.0,80.0,1.3962634,0.0,0.0,0.0,80.0,-7.0,0.0,80.0,1.3962634,0.0,0.0,0.0,-1.691119,0.72412939,0.97318451,6.39160915,-14.51983977,0.79293659,16.09823618,32.45935175,-10.4880667,0.26965483,5.52065904,-2.38408454,6.08001516,14.77448553,2.36761931,-0.74284681,0.32972925
1760625088.772,-0.05950317,-0.28246675,1.6653691,-0.01773464,0.92637647,0.01348462,80.0,-7.0,0.0,80.0,1.3962634,0.0,0.0,0.0,80.0,-7.0,0.0,80.0,1.3962634,0.0,0.0,0.0,-1.37099709,0.70130299,1.15919902,6.02276807,-14.97654297,0.69221658,14.74203415,37.33362973,-8.61107194,-3.71267606,5.52933881,-3.52198419,5.49289087,18.10306151,9.80406467,-1.08821817,-0.78274269
1760625088.805,-0.06824899,-0.28582115,1.6578186,-0.02193104,0.92692006,0.01329982,80.0,-7.0,0.0,80.0,1.3962634,0.0,0.0,0.0,80.0,-7.0,0.0,80.0,1.3962634,0.0,0.0,0.0,-1.05769487,0.68570766,1.35488138,5.60161351,-15.18685416,0.68088735,13.99976105,41.952291,-8.14572513,-6.9822104,5.25140903,-4.39642515,5.17233841,20.76638457,14.81609926,-1.16188447,-1.57276279
1760625088.839,-0.07391087,-0.28655673,1.65889485,-0.02358493,0.92710572,0.01345772,80.0,-7.0,0.0,80.0,1.3962634,0.0,0.0,0.0,80.0,-7.0,0.0,80.0,1.3962634,0.0,0.0,0.0,-0.99240996,0.69522265,1.49571387,5.51670702,-15.48497328,0.49324362,14.59465733,46.39232496,-9.41481838,-8.78962784,5.25106371,-4.97010308,4.81192629,22.86893846,18.54633433,-1.27150308,-2.05864666
1760625088.872,-0.07152655,-0.28935038,1.66340441,-0.02815809,0.92710907,0.01350913,80.0,-7.0,0.0,80.0,1.3962634,0.0,0.0,0.0,80.0,-7.0,0.0,80.0,1.3962634,0.0,0.0,0.0,-1.15638127,0.79083924,1.6594978,5.76136063,-16.19025551,0.20267554,15.09148533,51.16666749,-10.6002615,-10.50604501,5.50908392,-5.44109362,4.3794413,25.04324681,22.31274874,-1.31729936,-2.46052107
1760625088.906,-0.06056676,-0.28777979,1.6749282,-0.03061,0.92749942,0.01372923,80.0,-7.0,0.0,80.0,1.3962634,0.0,0.0,0.0,80.0,-7.0,0.0,80.0,1.3962634,0.0,0.0,0.0,-1.27402537,0.81058993,1.80880684,5.89638371,-16.79154513,-0.10077377,16.16264374,57.74928584,-12.7885049,-12.74323279,5.82127848,-6.22536697,3.77502665,27.95141795,27.33888719,-1.2600053,-2.85879329
1760625088.939,-0.05159691,-0.28236678,1.68782107,-0.03001137,0.92960135,0.01390734,80.0,-7.0,0.0,80.0,1.3962634,0.0,0.0,0.0,80.0,-7.0,0.0,80.0,1.3962634,0.0,0.0,0.0,-1.56135352,0.81150447,1.57437539,6.30546787,-17.4753174,-0.00171662,17.29554243,63.38970897,-15.12865102,-13.53127248,6.53565405,-6.77167549,3.07078766,29.96438015,31.07977828,-1.48051715,-3.11665374
1760625088.972,-0.02675826,-0.27534824,1.69115269,-0.03025309,0.93115148,0.01463456,80.0,-7.0,0.0,80.0,1.3962634,0.0,0.0,0.0,80.0,-7.0,0.0,80.0,1.3962634,0.0,0.0,0.0,-1.59321493,0.80329071,1.80470032,6.46311961,-18.23287298,-0.44742204,19.4344007,69.73852215,-18.38058309,-13.20697334,6.62065212,-7.45524184,2.64172421,32.20463566,35.43551749,-1.51094293,-3.5258296
1760625089.006,-0.01013156,-0.26235546,1.69452559,-0.03130358,0.93425802,0.01581376,80.0,-7.0,0.0,80.0,1.3962634,0.0,0.0,0.0,80.0,-7.0,0.0,80.0,1.3962634,0.0,0.0,0.0,-1.40291213,0.57493262,1.88126971,6.18382474,-18.71555798,-0.81784408,21.56633627,78.60697855,-22.47471849,-13.1938488,6.44171915,-8.51392048,1.68383752,35.45522508,41.45550458,-1.34493039,-3.8734798
1760625089.039,-0.0026422,-0.25636418,1.69172798,-0.02791929,0.93621155,0.017991,80.0,-7.0,0.0,80.0,1.3962634,0.0,0.0,0.0,80.0,-7.0,0.0,80.0,1.3962634,0.0,0.0,0.0,-1.95496851,0.52197604,1.58393447,7.04004181,-19.41032915,-1.34555545,28.20286445,88.63265207,-26.44263671,-6.68727423,7.14276734,-9.10953894,0.46622645,37.91236595,45.90134107,-1.26381837,-3.83900239
1760625089.073,0.00080539,-0.24849104,1.67364886,-0.02514405,0.93630984,0.02012118,80.0,-7.0,0.0,80.0,1.3962634,0.0,0.0,0.0,80.0,-7.0,0.0,80.0,1.3962634,0.0,0.0,0.0,-2.46025843,0.41621643,1.58693879,7.89637538,-20.00133793,-1.97341278,33.91944852,98.53087138,-28.70873579,-0.48580982,7.64316474,-9.65937719,-0.56518556,40.53767994,50.39373684,-1.17597141,-3.9737393
1760625089.106,-0.00757092,-0.24012512,1.65764698,-0.02594551,0.93630406,0.02124618,80.0,-7.0,0.0,80.0,1.3962634,0.0,0.0,0.0,80.0,-7.0,0.0,80.0,1.3962634,0.0,0.0,0.0,-2.73942932,0.17379081,1.73394691,8.54281135,-20.43301856,-2.20229216,38.43666373,109.73358558,-30.52699469,4.94609743,7.82389988,-10.40684094,-1.78850308,44.09406555,56.75997359,-1.07224736,-4.27744283
1760625089.14,-0.02516531,-0.23768375,1.63992535,-0.024797,0.93576065,0.02189038,80.0,-7.0,0.0,80.0,1.3962634,0.0,0.0,0.0,80.0,-7.0,0.0,80.0,1.3962634,0.0,0.0,0.0,-3.18589797,0.19568221,1.80709628,9.7374217,-20.70009365,-2.54913401,44.9971713,120.40367164,-29.66897702,13.35549175,8.39496246,-10.69873809,-2.79594011,46.63137417,61.88533014,-0.90743219,-4.32714895
1760625089.173,-0.02977735,-0.23250553,1.63195329,-0.02588285,0.9382542,0.02140308,80.0,-7.0,0.0,80.0,1.3962634,0.0,0.0,0.0,80.0,-7.0,0.0,80.0,1.3962634,0.0,0.0,0.0,-3.21027386,0.12531195,1.51959454,9.94181168,-20.80242403,-1.94721342,48.16114028,128.19633771,-29.43826666,17.37296431,8.54256587,-11.10313616,-4.11001783,49.16325957,67.12827826,-0.7443616,-4.30898629
1760625089.207,-0.02542173,-0.23051746,1.62315326,-0.02790377,0.93989053,0.02136286,80.0,-7.0,0.0,80.0,1.3962634,0.0,0.0,0.0,80.0,-7.0,0.0,80.0,1.3962634,0.0,0.0,0.0,-3.00309981,0.00464755,1.47699354,10.00584691,-20.52903232,-1.18582732,52.85293201,137.6846846,-28.25084691,23.05859084,8.23309334,-11.44346258,-5.6399334,52.8557191,74.14169849,-0.30938944,-4.05948831
1760625089.24,-0.03377885,-0.23125698,1.60455172,-0.02646229,0.94149498,0.02126262,80.0,-7.0,0.0,80.0,1.3962634,0.0,0.0,0.0,80.0,-7.0,0.0,80.0,1.3962634,0.0,0.0,0.0,-2.66380827,-0.01707047,1.1192552,9.74612338,-19.7804924,-0.12732611,57.49858335,144.25410254,-26.46890138,27.97452888,7.91436878,-11.44628822,-7.17428054,55.58723127,79.37544648,0.17497436,-3.51034059
1760625089.274,-0.02292398,-0.23915068,1.59231587,-0.02539132,0.94120009,0.02056813,80.0,-7.0,0.0,80.0,1.3962634,0.0,0.0,0.0,80.0,-7.0,0.0,80.0,1.3962634,0.0,0.0,0.0,-2.18588851,0.0188955,1.10200994,9.4890489,-18.29018842,0.80269067,65.2202969,151.03722866,-21.71863493,34.87913463,7.3880533,-11.31165673,-8.36874644,58.37513043,84.52117222,0.62562318,-3.0759225
1760625089.307,-0.02409935,-0.24471974,1.58292067,-0.02681202,0.94419142,0.02070604,80.0,-7.0,0.0,80.0,1.3962634,0.0,0.0,0.0,80.0,-7.0,0.0,80.0,1.3962634,0.0,0.0,0.0,-2.07479174,-0.07735939,1.00092808,10.25829627,-18.36419981,2.31528683,65.288199,154.20068376,-21.79387869,35.0000001,7.4048329,-11.16911239,-9.77078276,61.94336928,91.02575741,1.30541669,-2.21431371
1760625089.34,-0.02256196,-0.25636516,1.57879291,-0.02862541,0.94653633,0.01930594,80.0,-7.0,0.0,80.0,1.3962634,0.0,0.0,0.0,80.0,-7.0,0.0,80.0,1.3962634,0.0,0.0,0.0,-1.51749055,-0.2552608,1.22614625,10.87289351,-17.78406863,2.48890374,66.93630688,156.62817874,-19.47728666,35.0000001,6.92048255,-11.02859776,-10.63752157,64.74333608,96.28614372,1.94819325,-1.41435294
1760625089.374,-0.00466689,-0.26147277,1.60027478,-0.02923927,0.94964218,0.01839363,80.0,-7.0,0.0,80.0,1.3962634,0.0,0.0,0.0,80.0,-7.0,0.0,80.0,1.3962634,0.0,0.0,0.0,-1.06694974,-0.34891216,1.22844989,10.9799492,-17.32612348,2.86486532,68.78631509,158.25529088,-17.65442163,35.0000001,6.4263475,-10.70424504,-11.81832345,67.67758291,101.9497283,2.57996433,-0.73534836
1760625089.407,0.01312888,-0.27279505,1.63193242,-0.03260352,0.9534128,0.01829231,80.0,-7.0,0.0,80.0,1.3962634,0.0,0.0,0.0,80.0,-7.0,0.0,80.0,1.3962634,0.0,0.0,0.0,-0.68208167,-0.32495075,1.08058367,11.25431888,-16.93307147,3.61593977,70.59559127,159.8507192,-16.177426,35.0000001,5.98321134,-9.81505557,-13.64586621,71.64357225,109.87863946,3.36649614,0.18970891
1760625089.441,0.01295848,-0.27725491,1.64490828,-0.03345292,0.95454375,0.01809249,80.0,-7.0,0.0,80.0,1.3962634,0.0,0.0,0.0,80.0,-7.0,0.0,80.0,1.3962634,0.0,0.0,0.0,-0.57128516,-0.28761673,1.05776957,11.61771943,-16.62601939,4.17077164,71.57617058,160.94277404,-15.3482965,35.0000001,5.90881295,-9.04276486,-14.71215825,74.46872742,115.52130647,4.00686818,0.8346467
1760625089.474,0.02405672,-0.29158888,1.65178254,-0.03834248,0.95520334,0.01666793,80.0,-7.0,0.0,80.0,1.3962634,0.0,0.0,0.0,80.0,-7.0,0.0,80.0,1.3962634,0.0,0.0,0.0,-0.4892961,-0.41731521,1.01613822,11.90304968,-15.64321118,4.87515169,72.59487798,162.28750436,-14.25662077,35.0000001,5.98069996,-8.48270696,-15.20377431,76.67446463,119.60756353,4.74971854,1.46276188
1760625089.508,0.02774732,-0.3069183,1.65305034,-0.03960435,0.95538833,0.01534705,80.0,-7.0,0.0,80.0,1.3962634,0.0,0.0,0.0,80.0,-7.0,0.0,80.0,1.3962634,0.0,0.0,0.0,-0.21551838,-0.55029764,1.03179445,12.10929885,-14.72448846,5.63043251,74.04199354,163.63039447,-12.44705635,35.0000001,6.00323039,-7.91390221,-14.98305392,78.93683373,123.06453085,6.32240004,3.18476181
1760625089.541,0.04422109,-0.30884118,1.65562076,-0.03992253,0.95573207,0.01547765,80.0,-7.0,0.0,80.0,1.3962634,0.0,0.0,0.0,80.0,-7.0,0.0,80.0,1.3962634,0.0,0.0,0.0,0.01561722,-0.61016654,0.93230156,12.11312627,-14.45644841,6.21383785,74.82447464,164.24489928,-11.33646317,35.0000001,6.03871365,-7.65110909,-14.73181684,80.25331198,125.29579193,7.52353412,4.62713462
1760625089.574,0.04007963,-0.30379683,1.65618679,-0.03973582,0.9573957,0.01640056,80.0,-7.0,0.0,80.0,1.3962634,0.0,0.0,0.0,80.0,-7.0,0.0,80.0,1.3962634,0.0,0.0,0.0,0.30282954,-0.6043658,0.86614521,11.93618579,-14.53499187,6.26407102,76.78594718,164.9240824,-8.9363077,35.0000001,6.08871487,-7.567669,-14.22303442,81.11009675,126.82504479,8.19258861,5.53238302
1760625089.608,0.05012191,-0.29654549,1.6563625,-0.04032739,0.95698757,0.01673083,80.0,-7.0,0.0,80.0,1.3962634,0.0,0.0,0.0,80.0,-7.0,0.0,80.0,1.3962634,0.0,0.0,0.0,0.55733861,-0.70504544,0.83640389,11.89911156,-14.89809964,7.46139558,75.02845719,164.5936867,-9.65621524,35.0000001,6.29548473,-7.86134867,-13.26623112,81.68639964,128.06991962,8.80504664,6.10542102
1760625089.641,0.06745013,-0.29008496,1.66823948,-0.04259782,0.95901856,0.01697618,80.0,-7.0,0.0,80.0,1.3962634,0.0,0.0,0.0,80.0,-7.0,0.0,80.0,1.3962634,0.0,0.0,0.0,0.91467616,-0.77211529,0.87115138,11.48026912,-14.58620044,6.99220238,77.57390165,165.49094834,-6.47849579,35.0000001,6.36491134,-8.13769456,-12.43607345,81.79243186,128.55594388,9.21002641,6.40084225
1760625089.675,0.07874851,-0.2740753,1.67304381,-0.04358074,0.96005026,0.01719635,80.0,-7.0,0.0,80.0,1.3962634,0.0,0.0,0.0,80.0,-7.0,0.0,80.0,1.3962634,0.0,0.0,0.0,0.94093351,-0.74276627,0.86913484,11.53823891,-14.82361275,7.49992335,76.97386464,165.28004267,-6.35007305,35.0000001,6.69098999,-8.40150122,-11.59082236,81.75817074,128.92965162,9.30351947,6.36971676
1760625089.709,0.07841291,-0.26046513,1.66418084,-0.04252299,0.95921636,0.01837636,80.0,-7.0,0.0,80.0,1.3962634,0.0,0.0,0.0,80.0,-7.0,0.0,80.0,1.3962634,0.0,0.0,0.0,1.18708163,-0.80039827,0.83308101,11.19217486,-14.75745988,7.8855518,76.79817678,165.04463669,-6.27158051,35.0000001,6.5959586,-8.64307564,-11.17102654,81.57411561,129.01431753,9.17107328,6.24001679
1760625089.742,0.09309379,-0.24563224,1.66023201,-0.04226635,0.95993274,0.01897362,80.0,-7.0,0.0,80.0,1.3962634,0.0,0.0,0.0,80.0,-7.0,0.0,80.0,1.3962634,0.0,0.0,0.0,1.3581947,-0.82518041,0.70330747,11.05416186,-14.71195167,8.16649641,76.97540939,164.85988168,-5.69773201,35.0000001,6.52062325,-8.76056982,-11.02181307,81.26053805,129.13312971,9.0363077,6.16419264
1760625089.775,0.10720093,-0.23484316,1.6372949,-0.04246256,0.95976953,0.01949368,80.0,-7.0,0.0,80.0,1.3962634,0.0,0.0,0.0,80.0,-7.0,0.0,80.0,1.3962634,0.0,0.0,0.0,1.53335681,-0.9477596,0.56924601,10.82239659,-14.32746959,8.78325041,76.63789751,164.68820853,-5.41521153,35.0000001,6.4038714,-8.90397975,-10.98709959,80.84341077,129.41580342,8.94664742,6.25569735
1760625089.809,0.12031996,-0.22835442,1.61391233,-0.04405485,0.96024112,0.01957997,80.0,-7.0,0.0,80.0,1.3962634,0.0,0.0,0.0,80.0,-7.0,0.0,80.0,1.3962634,0.0,0.0,0.0,1.5617977,-1.04290798,0.47587299,11.02633942,-14.22283752,9.45351391,75.58336434,164.03217639,-5.91184159,35.0000001,6.37427367,-8.97158956,-11.00193176,80.4862641,129.57831045,8.83906777,6.34387296
1760625089.842,0.14549692,-0.22572289,1.60478078,-0.04408276,0.960437,0.01881552,80.0,-7.0,0.0,80.0,1.3962634,0.0,0.0,0.0,80.0,-7.0,0.0,80.0,1.3962634,0.0,0.0,0.0,1.63877692,-1.12993887,0.45232958,11.05336548,-14.00798264,9.92966427,74.71244536,163.5679357,-6.39640074,35.0000001,6.24169479,-8.9972792,-10.99390137,80.16365386,129.77862064,8.72056837,6.4630819
1760625089.876,0.16991499,-0.21896761,1.60173433,-0.0429515,0.96100802,0.01804705,80.0,-7.0,0.0,80.0,1.3962634,0.0,0.0,0.0,80.0,-7.0,0.0,80.0,1.3962634,0.0,0.0,0.0,1.71395432,-1.2250093,0.41742773,11.13125588,-13.71031202,10.36715578,73.75834146,163.12511704,-6.88709332,35.0000001,6.07910774,-9.01586259,-11.0441591,79.73357939,129.87940605,8.5337479,6.48577826
1760625089.909,0.16949721,-0.21446654,1.59697998,-0.04045114,0.96157814,0.01717853,80.0,-7.0,0.0,80.0,1.3962634,0.0,0.0,0.0,80.0,-7.0,0.0,80.0,1.3962634,0.0,0.0,0.0,1.82995513,-1.26009667,0.42737389,11.26238801,-13.65119176,10.91101307,72.34731283,162.42314355,-7.91279428,35.0000001,5.87535556,-8.92125358,-11.10378637,79.48541894,129.96353859,8.39271435,6.47577906
1760625089.943,0.17392642,-0.20712893,1.60768314,-0.0389825,0.96223356,0.01629999,80.0,-7.0,0.0,80.0,1.3962634,0.0,0.0,0.0,80.0,-7.0,0.0,80.0,1.3962634,0.0,0.0,0.0,1.99183029,-1.30658194,0.43737491,11.30217523,-13.4959583,11.47551067,71.03144728,161.83174143,-8.96292792,35.0000001,5.63044565,-8.82736849,-11.12290098,79.26282736,129.98603556,8.23736351,6.46794941
1760625089.976,0.19004262,-0.19764928,1.6186921,-0.03881944,0.96310797,0.01627352,80.0,-7.0,0.0,80.0,1.3962634,0.0,0.0,0.0,80.0,-7.0,0.0,80.0,1.3962634,0.0,0.0,0.0,2.01906717,-1.35949864,0.49242427,11.4546306,-13.51654394,11.9230132,70.07001827,161.20390922,-9.81186468,35.0000001,5.41124701,-8.72058632,-11.10252383,79.1964251,130.03849534,8.18586286,6.59853451
1760625090.009,0.18781206,-0.19127695,1.62238483,-0.0385494,0.96317251,0.01620994,80.0,-7.0,0.0,80.0,1.3962634,0.0,0.0,0.0,80.0,-7.0,0.0,80.0,1.3962634,0.0,0.0,0.0,2.13616342,-1.39442612,0.50475418,11.35512539,-13.50570292,12.351044,69.27166524,160.88647421,-10.7024775,35.0000001,5.20838216,-8.6502576,-11.1087798,79.194765,130.10200221,8.13789631,6.64782187
1760625090.043,0.17988818,-0.1826177,1.62094609,-0.04120186,0.96252157,0.01588184,80.0,-7.0,0.0,80.0,1.3962634,0.0,0.0,0.0,80.0,-7.0,0.0,80.0,1.3962634,0.0,0.0,0.0,2.10453606,-1.3929363,0.51286366,11.56320193,-13.51907837,12.90595157,67.9305519,160.54787962,-11.92287625,35.0000001,5.24965867,-8.59745727,-11.06604028,79.13906926,130.03749938,8.11072149,6.60670824
1760625090.076,0.17822963,-0.17128042,1.62861329,-0.04189133,0.96206809,0.01620853,80.0,-7.0,0.0,80.0,1.3962634,0.0,0.0,0.0,80.0,-7.0,0.0,80.0,1.3962634,0.0,0.0,0.0,2.1078384,-1.44038374,0.45646939,11.61161149,-13.52399703,13.07572545,68.03214105,160.53873726,-11.96761502,35.0000001,5.2545189,-8.54586491,-11.07991389,79.1761723,130.06902158,8.144289,6.60289194
1760625090.11,0.17841608,-0.1622983,1.63011803,-0.04278428,0.96146018,0.01633436,80.0,-7.0,0.0,80.0,1.3962634,0.0,0.0,0.0,80.0,-7.0,0.0,80.0,1.3962634,0.0,0.0,0.0,2.15879459,-1.46948727,0.46912174,11.58615499,-13.61864033,13.41831714,67.38139291,160.29986906,-12.73824175,35.0000001,5.17821407,-8.52462381,-10.9796462,79.27637534,130.08140353,8.14805406,6.57629626
1760625090.143,0.17400316,-0.15722735,1.62896545,-0.03908525,0.96112462,0.0166136,80.0,-7.0,0.0,80.0,1.3962634,0.0,0.0,0.0,80.0,-7.0,0.0,80.0,1.3962634,0.0,0.0,0.0,2.38437605,-1.50582024,0.43536076,11.32232352,-13.619882,13.52679376,67.48727397,160.20622485,-12.87849183,35.0000001,4.99057584,-8.51841619,-10.88302404,79.33692003,130.05206718,8.14740751,6.53748892
1760625090.177,0.16026838,-0.148093,1.62300258,-0.03714491,0.96058877,0.01672528,80.0,-7.0,0.0,80.0,1.3962634,0.0,0.0,0.0,80.0,-7.0,0.0,80.0,1.3962634,0.0,0.0,0.0,2.56391534,-1.55295601,0.48322895,11.15103088,-13.59632137,13.68580934,67.06722714,159.96637678,-13.46151558,35.0000001,4.88903642,-8.45978668,-10.65028955,79.40426072,129.99969562,8.12678324,6.50829391
1760625090.21,0.15099363,-0.15354357,1.61198649,-0.0377756,0.96067804,0.01690603,80.0,-7.0,0.0,80.0,1.3962634,0.0,0.0,0.0,80.0,-7.0,0.0,80.0,1.3962634,0.0,0.0,0.0,2.57460538,-1.59910797,0.49110555,11.23592262,-13.54503897,13.87188886,66.65056235,159.73235702,-13.90017332,35.0000001,4.98402018,-8.44733053,-10.49939564,79.40116534,129.94805609,8.04844278,6.47904877
1760625090.243,0.16180749,-0.16284751,1.6098838,-0.03958726,0.96115681,0.01704594,80.0,-7.0,0.0,80.0,1.3962634,0.0,0.0,0.0,80.0,-7.0,0.0,80.0,1.3962634,0.0,0.0,0.0,2.48555871,-1.61313688,0.445584,11.37713842,-13.49595422,13.95684954,66.69053138,159.58984998,-13.94783524,35.0000001,5.18798859,-8.40831446,-10.40856014,79.39294995,129.87032327,8.02271693,6.50422637
1760625090.277,0.15059944,-0.17698307,1.61021102,-0.0398943,0.96119265,0.01723292,80.0,-7.0,0.0,80.0,1.3962634,0.0,0.0,0.0,80.0,-7.0,0.0,80.0,1.3962634,0.0,0.0,0.0,2.53558487,-1.62391249,0.40909071,11.37117836,-13.45880596,14.04681691,66.58165429,159.4104581,-14.15643311,35.0000001,5.22753323,-8.31234302,-10.30837347,79.50573177,129.83482221,8.03408594,6.59470847
1760625090.31,0.15759286,-0.18846604,1.60834824,-0.03968873,0.96106708,0.01694984,80.0,-7.0,0.0,80.0,1.3962634,0.0,0.0,0.0,80.0,-7.0,0.0,80.0,1.3962634,0.0,0.0,0.0,2.53465928,-1.65128788,0.37442455,11.387541,-13.33246661,14.0321328,66.59291352,159.34353568,-14.20231321,35.0000001,5.31048569,-8.27683492,-10.26179191,79.55168069,129.84385448,7.99263377,6.60160981
1760625090.344,0.14833596,-0.2056342,1.61228566,-0.04036401,0.96132637,0.01746987,80.0,-7.0,0.0,80.0,1.3962634,0.0,0.0,0.0,80.0,-7.0,0.0,80.0,1.3962634,0.0,0.0,0.0,2.47284093,-1.68971158,0.31436947,11.48202982,-13.1711003,14.09154639,66.38522271,159.24360158,-14.43020036,35.0000001,5.47258796,-8.31427385,-10.20976634,79.53876879,129.78480108,7.91670633,6.56735296
1760625090.378,0.14012231,-0.22448843,1.63135877,-0.04016281,0.96158858,0.01756175,80.0,-7.0,0.0,80.0,1.3962634,0.0,0.0,0.0,80.0,-7.0,0.0,80.0,1.3962634,0.0,0.0,0.0,2.39400448,-1.6662684,0.24172067,11.63754311,-13.02789399,14.01918095,66.35253299,159.22076396,-14.38904716,35.0000001,5.65727074,-8.30501895,-10.17086337,79.49633724,129.72512145,7.85202548,6.55902722
1760625090.411,0.12918739,-0.23063505,1.63910981,-0.04108876,0.96181279,0.0180191,80.0,-7.0,0.0,80.0,1.3962634,0.0,0.0,0.0,80.0,-7.0,0.0,80.0,1.3962634,0.0,0.0,0.0,2.34712644,-1.6882613,0.22528559,11.71293253,-12.85826042,13.94599419,66.27456875,159.18576183,-14.36352278,35.0000001,5.7365553,-8.34479639,-10.14015601,79.48476129,129.7378339,7.83555862,6.56557824
1760625090.444,0.11217246,-0.24126664,1.64109052,-0.0404367,0.96183704,0.01726952,80.0,-7.0,0.0,80.0,1.3962634,0.0,0.0,0.0,80.0,-7.0,0.0,80.0,1.3962634,0.0,0.0,0.0,2.3580169,-1.6342718,0.21559508,11.78035916,-12.7714383,13.87623938,66.17771011,159.15532517,-14.25056467,35.0000001,5.74160718,-8.33979043,-10.12129528,79.43194715,129.72733902,7.82684071,6.58955479
1760625090.478,0.08781753,-0.25148635,1.65091366,-0.03996442,0.96127597,0.01624101,80.0,-7.0,0.0,80.0,1.3962634,0.0,0.0,0.0,80.0,-7.0,0.0,80.0,1.3962634,0.0,0.0,0.0,2.39281637,-1.53393135,0.23924514,11.78654993,-12.73638733,13.71649271,66.00828628,159.18194956,-14.22486363,35.0000001,5.68922547,-8.28305843,-10.08939169,79.35008775,129.73821081,7.81189881,6.69423205
1760625090.511,0.07839572,-0.2546876,1.64913561,-0.04025903,0.96109317,0.01542501,80.0,-7.0,0.0,80.0,1.3962634,0.0,0.0,0.0,80.0,-7.0,0.0,80.0,1.3962634,0.0,0.0,0.0,2.43324188,-1.43693283,0.31077604,11.73997556,-12.73044895,13.53055929,65.92556266,159.2421683,-14.3056114,35.0000001,5.56567958,-8.16734739,-10.07015246,79.36029773,129.83557908,7.77690406,6.76270019
1760625090.578,0.02120836,-0.25019931,1.65560549,-0.03699771,0.96055403,0.01427736,80.0,-7.0,0.0,80.0,1.3962634,0.0,0.0,0.0,80.0,-7.0,0.0,80.0,1.3962634,0.0,0.0,0.0,2.49552804,-1.31699336,0.51759652,11.75087462,-12.65543825,12.71158677,66.22715171,159.6336243,-13.99105693,35.0000001,5.2519367,-7.97827708,-9.98993949,79.54356204,129.94852105,7.82594185,6.80333839
1760625090.612,0.01301141,-0.24227255,1.66341419,-0.03577794,0.96040422,0.01416213,80.0,-7.0,0.0,80.0,1.3962634,0.0,0.0,0.0,80.0,-7.0,0.0,80.0,1.3962634,0.0,0.0,0.0,2.50910953,-1.26197936,0.61336891,11.84296358,-12.66774393,12.38400399,66.34068771,159.74757155,-13.79077514,35.0000001,5.08861365,-7.89896962,-9.93142621,79.67805733,130.01752866,7.87554383,6.81070737
1760625090.645,0.00531444,-0.2322192,1.66320404,-0.03397263,0.96063624,0.01520217,80.0,-7.0,0.0,80.0,1.3962634,0.0,0.0,0.0,80.0,-7.0,0.0,80.0,1.3962634,0.0,0.0,0.0,2.52995202,-1.30304386,0.6451402,11.82297045,-12.57430648,12.16185197,66.4283831,159.91138928,-13.7339906,35.0000001,4.880484,-7.90928637,-9.92440364,79.82742103,130.06010532,7.95164745,6.81840209
1760625090.678,-0.00778802,-0.22306661,1.65431049,-0.03576067,0.96110403,0.0163205,80.0,-7.0,0.0,80.0,1.3962634,0.0,0.0,0.0,80.0,-7.0,0.0,80.0,1.3962634,0.0,0.0,0.0,2.42331593,-1.32787273,0.63969665,11.950138,-12.59335246,12.00642553,66.78528533,160.03117435,-13.46861464,35.0000001,4.91168738,-7.90465281,-9.9526028,79.90828178,130.07134013,8.02089755,6.84309405
1760625090.712,0.00106931,-0.21384985,1.65870246,-0.03737279,0.96150241,0.01673494,80.0,-7.0,0.0,80.0,1.3962634,0.0,0.0,0.0,80.0,-7.0,0.0,80.0,1.3962634,0.0,0.0,0.0,2.40814853,-1.34800508,0.61535704,11.9058791,-12.66208993,11.9798007,67.06079419,160.07236721,-13.65924759,35.0000001,4.80177745,-7.85251109,-10.0281707,80.03150989,130.13606897,8.055221,6.89150752
1760625090.745,0.00055599,-0.20809794,1.6641192,-0.03834423,0.96140612,0.01605894,80.0,-7.0,0.0,80.0,1.3962634,0.0,0.0,0.0,80.0,-7.0,0.0,80.0,1.3962634,0.0,0.0,0.0,2.51755772,-1.28327862,0.60646424,11.72130036,-12.83684303,11.93802545,67.25066978,160.26766563,-14.04157758,35.0000001,4.54556246,-7.71976794,-10.14379073,80.18230621,130.22977569,8.03848513,6.89228232
1760625090.779,-0.01495559,-0.20397781,1.65528412,-0.03743051,0.96142518,0.01583001,80.0,-7.0,0.0,80.0,1.3962634,0.0,0.0,0.0,80.0,-7.0,0.0,80.0,1.3962634,0.0,0.0,0.0,2.67562846,-1.24667125,0.59464313,11.47891434,-12.97647791,11.92022044,67.42062783,160.27527952,-14.24038056,35.0000001,4.33131177,-7.67814715,-10.22439127,80.24028491,130.20613213,8.02837567,6.93059553
1760625090.812,-0.02001084,-0.19919832,1.65911256,-0.03565648,0.96187744,0.01541172,80.0,-7.0,0.0,80.0,1.3962634,0.0,0.0,0.0,80.0,-7.0,0.0,80.0,1.3962634,0.0,0.0,0.0,2.94853803,-1.22174533,0.59718675,10.96824086,-13.04975293,11.90245356,67.57244312,160.3186842,-14.50648436,35.0000001,3.96216082,-7.64632563,-10.32185756,80.37063132,130.32954744,8.01175894,6.97335061
1760625090.846,-0.03332549,-0.19299829,1.66270526,-0.03200657,0.96221448,0.01505938,80.0,-7.0,0.0,80.0,1.3962634,0.0,0.0,0.0,80.0,-7.0,0.0,80.0,1.3962634,0.0,0.0,0.0,3.15073974,-1.14654344,0.65338112,10.80002688,-13.08588481,11.63028386,68.26794976,160.5846979,-13.93143904,35.0000001,3.77661056,-7.60495081,-10.31750059,80.37533305,130.29063382,7.96599337,6.95992039
1760625090.879,-0.04799645,-0.18551302,1.6646562,-0.02812428,0.962333,0.01435818,80.0,-7.0,0.0,80.0,1.3962634,0.0,0.0,0.0,80.0,-7.0,0.0,80.0,1.3962634,0.0,0.0,0.0,3.11730355,-1.0881783,0.6458599,11.09765396,-13.1471796,11.35195616,69.09318064,160.71812767,-12.91435314,35.0000001,3.91936053,-7.58872285,-10.32127468,80.30845513,130.23638734,7.95093619,6.95431161
1760625090.913,-0.05959625,-0.18054464,1.67217096,-0.02478587,0.96308023,0.01389292,80.0,-7.0,0.0,80.0,1.3962634,0.0,0.0,0.0,80.0,-7.0,0.0,80.0,1.3962634,0.0,0.0,0.0,3.19909993,-1.06586092,0.61505517,11.15067431,-13.14474434,11.19076492,69.58980455,160.79685469,-12.2848193,35.0000001,3.95930464,-7.60197968,-10.34052519,80.24618356,130.25544802,7.91140312,6.93763342
1760625090.946,-0.07044961,-0.16740451,1.67201158,-0.02403082,0.96405074,0.01427672,80.0,-7.0,0.0,80.0,1.3962634,0.0,0.0,0.0,80.0,-7.0,0.0,80.0,1.3962634,0.0,0.0,0.0,3.19557692,-1.08240842,0.59204853,11.18377621,-13.19275713,11.22141751,69.77710066,160.69189724,-12.16380529,35.0000001,4.03950044,-7.62267652,-10.3682397,80.25611124,130.26187348,7.87054179,6.93921726
1760625090.98,-0.07366364,-0.16394038,1.68026686,-0.02168197,0.96412173,0.01473836,80.0,-7.0,0.0,80.0,1.3962634,0.0,0.0,0.0,80.0,-7.0,0.0,80.0,1.3962634,0.0,0.0,0.0,3.22142181,-1.0625356,0.53360327,11.16634582,-13.22046956,11.28406305,69.87688652,160.72122266,-12.01713094,35.0000001,4.06657463,-7.6068758,-10.42512254,80.25591772,130.22945767,7.84935934,6.93203751
1760625091.013,-0.07815207,-0.15671128,1.68203453,-0.02190715,0.96428112,0.01512891,80.0,-7.0,0.0,80.0,1.3962634,0.0,0.0,0.0,80.0,-7.0,0.0,80.0,1.3962634,0.0,0.0,0.0,2.9903486,-1.03338712,0.49842449,11.5482116,-13.21481132,11.34207763,69.84389816,160.71844129,-11.83356695,35.0000001,4.44785836,-7.55313829,-10.44566653,80.15208473,130.22262813,7.81618636,6.96823349
1760625091.046,-0.08463989,-0.14860756,1.69680765,-0.02358231,0.96419531,0.01514675,80.0,-7.0,0.0,80.0,1.3962634,0.0,0.0,0.0,80.0,-7.0,0.0,80.0,1.3962634,0.0,0.0,0.0,2.84345363,-1.02310469,0.44080436,11.77438562,-13.20250531,11.41750152,69.89144409,160.70953201,-11.74110163,35.0000001,4.67478038,-7.4743314,-10.48041264,80.13069432,130.28576403,7.7641559,7.02939071
1760625091.08,-0.10005107,-0.14534002,1.7015023,-0.02378125,0.96375458,0.01531812,80.0,-7.0,0.0,80.0,1.3962634,0.0,0.0,0.0,80.0,-7.0,0.0,80.0,1.3962634,0.0,0.0,0.0,2.66122628,-0.98052833,0.42242102,12.16546045,-13.21436914,11.40900384,69.9505351,160.72339442,-11.49913558,35.0000001,4.96074131,-7.41301523,-10.48775232,80.0586716,130.28328666,7.7532726,7.05913587
1760625091.113,-0.10698995,-0.14358384,1.70766367,-0.02396304,0.96341786,0.01522548,80.0,-7.0,0.0,80.0,1.3962634,0.0,0.0,0.0,80.0,-7.0,0.0,80.0,1.3962634,0.0,0.0,0.0,2.59308628,-0.96286456,0.40909848,12.35506566,-13.2214499,11.40124912,70.04157446,160.71171054,-11.29016411,35.0000001,5.0631534,-7.36330593,-10.49619469,80.03387196,130.30514092,7.74721656,7.08491206
1760625091.18,-0.11619466,-0.13294436,1.70690911,-0.02305073,0.96314551,0.01522027,80.0,-7.0,0.0,80.0,1.3962634,0.0,0.0,0.0,80.0,-7.0,0.0,80.0,1.3962634,0.0,0.0,0.0,2.45459977,-0.95093089,0.41920492,12.6529912,-13.26637321,11.45757499,70.06986383,160.62969261,-11.07944569,35.0000001,5.20152374,-7.28997308,-10.47767688,80.0317141,130.3192937,7.75205627,7.13372763
1760625091.214,-0.11874054,-0.13169163,1.70240772,-0.02220004,0.96283716,0.01511096,80.0,-7.0,0.0,80.0,1.3962634,0.0,0.0,0.0,80.0,-7.0,0.0,80.0,1.3962634,0.0,0.0,0.0,2.39541854,-0.95926577,0.35874662,12.79248453,-13.25558346,11.47402177,70.25694491,160.64937496,-10.80180288,35.0000001,5.27040833,-7.28136542,-10.54036458,80.01267081,130.30171633,7.75454324,7.16485512
1760625091.247,-0.12156198,-0.13269087,1.69675431,-0.02195501,0.96302074,0.01595153,80.0,-7.0,0.0,80.0,1.3962634,0.0,0.0,0.0,80.0,-7.0,0.0,80.0,1.3962634,0.0,0.0,0.0,2.33416062,-1.0011627,0.36068692,12.82782052,-13.24358592,11.48068927,70.29746366,160.61642793,-10.81587167,35.0000001,5.30454293,-7.28359961,-10.55750366,80.03409241,130.34323851,7.73976679,7.1805669
1760625091.281,-0.11791754,-0.13893686,1.69616891,-0.02243235,0.96314791,0.01631063,80.0,-7.0,0.0,80.0,1.3962634,0.0,0.0,0.0,80.0,-7.0,0.0,80.0,1.3962634,0.0,0.0,0.0,2.26587454,-1.01702651,0.31642464,12.80326876,-13.26632867,11.51391257,70.30972118,160.6212942,-10.89761288,35.0000001,5.32924141,-7.28826429,-10.60940548,80.05930452,130.32789549,7.74619113,7.2092365
1760625091.314,-0.11991152,-0.14151461,1.70431177,-0.02223934,0.96342381,0.0164169,80.0,-7.0,0.0,80.0,1.3962634,0.0,0.0,0.0,80.0,-7.0,0.0,80.0,1.3962634,0.0,0.0,0.0,2.29783701,-1.02369189,0.28393362,12.76178943,-13.33455503,11.61566157,70.08543412,160.48778782,-11.15144338,35.0000001,5.26514579,-7.27316333,-10.64532679,80.08080009,130.33662126,7.74169372,7.22101713
1760625091.347,-0.11722253,-0.15208992,1.70518143,-0.0218719,0.96361728,0.01661691,80.0,-7.0,0.0,80.0,1.3962634,0.0,0.0,0.0,80.0,-7.0,0.0,80.0,1.3962634,0.0,0.0,0.0,2.27626819,-1.02978455,0.26158595,12.71870657,-13.32939626,11.6033215,70.06784868,160.47928778,-11.1703298,35.0000001,5.27056541,-7.27019242,-10.66014545,80.08537729,130.32391823,7.76357344,7.26847651
1760625091.381,-0.10796585,-0.16234847,1.71451086,-0.02111015,0.96405082,0.01698653,80.0,-7.0,0.0,80.0,1.3962634,0.0,0.0,0.0,80.0,-7.0,0.0,80.0,1.3962634,0.0,0.0,0.0,2.32331161,-1.08631966,0.25579703,12.62980763,-13.27297519,11.67171663,69.76892684,160.45059749,-11.53647583,35.0000001,5.14941193,-7.31562037,-10.67332102,80.1575691,130.34169034,7.77606567,7.29809689
1760625091.414,-0.10261582,-0.170077,1.72743902,-0.02086524,0.96447379,0.01730205,80.0,-7.0,0.0,80.0,1.3962634,0.0,0.0,0.0,80.0,-7.0,0.0,80.0,1.3962634,0.0,0.0,0.0,2.33392266,-1.10528537,0.22731247,12.54365054,-13.21964283,11.70733056,69.75596848,160.4216928,-11.62232659,35.0000001,5.10445489,-7.33393147,-10.69924838,80.15429943,130.27945634,7.75130792,7.31771728
1760625091.448,-0.10756136,-0.17977752,1.72474353,-0.02072394,0.96461717,0.01704043,80.0,-7.0,0.0,80.0,1.3962634,0.0,0.0,0.0,80.0,-7.0,0.0,80.0,1.3962634,0.0,0.0,0.0,2.33828548,-1.08672434,0.25307047,12.55184803,-13.23343534,11.77389939,69.49613125,160.30547669,-11.83540064,35.0000001,5.07500108,-7.29473863,-10.69991888,80.1704346,130.27638993,7.74734754,7.35447036
1760625091.481,-0.09851582,-0.18947632,1.72576708,-0.0214178,0.96459528,0.01636435,80.0,-7.0,0.0,80.0,1.3962634,0.0,0.0,0.0,80.0,-7.0,0.0,80.0,1.3962634,0.0,0.0,0.0,2.36164406,-1.04297147,0.28315411,12.56449135,-13.23501516,11.76682215,69.39152103,160.26844593,-11.75419079,35.0000001,5.02625073,-7.26179639,-10.65724967,80.17183734,130.2380246,7.74250832,7.37867757
1760625091.515,-0.09638438,-0.19548381,1.71872287,-0.02215416,0.96460789,0.01605863,80.0,-7.0,0.0,80.0,1.3962634,0.0,0.0,0.0,80.0,-7.0,0.0,80.0,1.3962634,0.0,0.0,0.0,2.34999834,-1.01693466,0.32414748,12.56958925,-13.22279811,11.7717521,69.24522104,160.10392632,-11.52987828,35.0000001,5.01016518,-7.21299873,-10.63045248,80.18271972,130.2433224,7.7558814,7.44462691
1760625091.548,-0.09080562,-0.19703009,1.71808409,-0.02418233,0.96410279,0.01586575,80.0,-7.0,0.0,80.0,1.3962634,0.0,0.0,0.0,80.0,-7.0,0.0,80.0,1.3962634,0.0,0.0,0.0,2.35611341,-0.97488883,0.41087399,12.48654868,-13.30159944,11.76769404,69.06385616,159.8400362,-11.17305424,35.0000001,4.87259688,-7.14112823,-10.58190821,80.31348638,130.2650208,7.75970829,7.48977083
1760625091.582,-0.08802357,-0.20167066,1.7238656,-0.02530219,0.96356522,0.01598428,80.0,-7.0,0.0,80.0,1.3962634,0.0,0.0,0.0,80.0,-7.0,0.0,80.0,1.3962634,0.0,0.0,0.0,2.38117404,-0.93446967,0.45652791,12.3386273,-13.42631635,11.80207839,68.91783252,159.3884897,-10.70228734,35.0000001,4.74664313,-7.09470653,-10.54601009,80.41416847,130.24254838,7.76118365,7.53488553
1760625091.615,-0.09893899,-0.2049162,1.72464259,-0.02563164,0.96310059,0.01635788,80.0,-7.0,0.0,80.0,1.3962634,0.0,0.0,0.0,80.0,-7.0,0.0,80.0,1.3962634,0.0,0.0,0.0,2.3745626,-0.87911267,0.4373675,12.24616084,-13.5409599,11.74462278,69.35939087,158.65995467,-8.58096072,35.0000001,4.7396263,-7.02876126,-10.57307285,80.41971965,130.19737371,7.77836568,7.59263124
1760625091.649,-0.1034578,-0.20473599,1.72119738,-0.02525766,0.96300407,0.01655421,80.0,-7.0,0.0,80.0,1.3962634,0.0,0.0,0.0,80.0,-7.0,0.0,80.0,1.3962634,0.0,0.0,0.0,2.34660412,-0.84074903,0.45122235,12.26227699,-13.72305904,11.77882456,69.64748109,157.72517838,-6.24788901,35.0000001,4.76000039,-6.98258437,-10.57288027,80.43648093,130.1891081,7.79259048,7.64711106
1760625091.682,-0.09387502,-0.20478981,1.72516017,-0.02932048,0.96377569,0.01683607,80.0,-7.0,0.0,80.0,1.3962634,0.0,0.0,0.0,80.0,-7.0,0.0,80.0,1.3962634,0.0,0.0,0.0,2.11527178,-0.84481599,0.44667927,12.63584776,-13.79955695,12.01173594,69.70950279,156.51915745,-3.72491767,35.0000001,5.02841742,-6.98759485,-10.56307575,80.41160456,130.17267714,7.80642324,7.69908903
1760625091.715,-0.09100381,-0.20145544,1.72443386,-0.03253858,0.96445093,0.01741821,80.0,-7.0,0.0,80.0,1.3962634,0.0,0.0,0.0,80.0,-7.0,0.0,80.0,1.3962634,0.0,0.0,0.0,2.05497284,-0.85393101,0.46014383,12.6145387,-13.93369068,12.32760546,69.8711302,154.79538602,0.32694447,35.0000001,5.03817869,-6.96353823,-10.57164267,80.49982071,130.17707612,7.81222811,7.76748336
1760625091.749,-0.08538861,-0.19878324,1.72674187,-0.03418814,0.96497497,0.0185364,80.0,-7.0,0.0,80.0,1.3962634,0.0,0.0,0.0,80.0,-7.0,0.0,80.0,1.3962634,0.0,0.0,0.0,1.9484822,-0.91410389,0.47726935,12.89016758,-13.98224648,12.50756763,69.84427635,153.28885471,4.19948456,35.0000001,5.18982953,-7.02781405,-10.56428117,80.48725506,130.13202682,7.82984977,7.8269114
1760625091.782,-0.08947773,-0.19929077,1.73229487,-0.03232225,0.96564686,0.01931991,80.0,-7.0,0.0,80.0,1.3962634,0.0,0.0,0.0,80.0,-7.0,0.0,80.0,1.3962634,0.0,0.0,0.0,2.02337794,-0.99837051,0.55850628,13.10479262,-14.01204353,12.63081888,69.83446457,151.28048647,8.66273042,35.0000001,5.09629172,-7.07634741,-10.50638061,80.57177868,130.14380341,7.86226562,7.89393214
1760625091.816,-0.10282299,-0.2018778,1.73055759,-0.03102608,0.96668348,0.01990025,80.0,-7.0,0.0,80.0,1.3962634,0.0,0.0,0.0,80.0,-7.0,0.0,80.0,1.3962634,0.0,0.0,0.0,2.00139129,-1.08700311,0.57363778,13.51380909,-13.98964783,13.15154247,69.14326806,149.13885004,13.50854654,35.0000001,5.18747388,-7.12996529,-10.49722574,80.60295342,130.13360389,7.9194962,7.99287646
1760625091.849,-0.10242469,-0.20094112,1.73418638,-0.02847126,0.96561744,0.01983637,80.0,-7.0,0.0,80.0,1.3962634,0.0,0.0,0.0,80.0,-7.0,0.0,80.0,1.3962634,0.0,0.0,0.0,1.9312447,-1.1271893,0.5806059,13.62428165,-13.79909129,14.04638522,67.13512904,147.93226075,15.48479376,35.0000001,5.35595116,-7.17098163,-10.48370501,80.55703949,130.05798569,7.94343407,8.0408004
1760625091.883,-0.0834964,-0.20529492,1.7361067,-0.02785644,0.96472561,0.01885072,80.0,-7.0,0.0,80.0,1.3962634,0.0,0.0,0.0,80.0,-7.0,0.0,80.0,1.3962634,0.0,0.0,0.0,2.0804718,-1.17411299,0.67749903,13.52236602,-13.51763625,14.66027697,65.36374811,146.51158028,17.97337676,35.0000001,5.22104482,-7.1919006,-10.41541933,80.58195895,130.05100773,7.95611825,8.09028241
1760625091.916,-0.09232544,-0.20070058,1.73503657,-0.02708179,0.96394787,0.01790298,80.0,-7.0,0.0,80.0,1.3962634,0.0,0.0,0.0,80.0,-7.0,0.0,80.0,1.3962634,0.0,0.0,0.0,2.18407631,-1.20954826,0.75305603,13.72360178,-13.3607462,15.25922896,63.38186029,143.88920044,21.8433228,35.0000001,5.16053039,-7.18043804,-10.40861329,80.61864933,130.09144951,7.99739626,8.20132623
1760625091.95,-0.08985452,-0.19795515,1.733624,-0.02644617,0.96347067,0.01700844,80.0,-7.0,0.0,80.0,1.3962634,0.0,0.0,0.0,80.0,-7.0,0.0,80.0,1.3962634,0.0,0.0,0.0,2.17650053,-1.31660735,0.77845795,13.88897339,-13.16713444,15.58336671,62.49732996,141.91393368,24.46216955,35.0000001,5.19854652,-7.25196947,-10.4152519,80.6196085,130.09901145,8.03713307,8.30218627
1760625091.983,-0.08700771,-0.19566313,1.72819939,-0.02451643,0.96296987,0.0164491,80.0,-7.0,0.0,80.0,1.3962634,0.0,0.0,0.0,80.0,-7.0,0.0,80.0,1.3962634,0.0,0.0,0.0,1.94954796,-1.34268345,0.72841233,14.19719172,-13.05590636,15.90438837,62.01964572,140.15938355,26.72012638,35.0000001,5.57080401,-7.28573623,-10.46990337,80.48978128,130.0825517,8.07463396,8.39558079
1760625092.05,-0.08570475,-0.19695557,1.72541534,-0.02256505,0.96119119,0.01630333,80.0,-7.0,0.0,80.0,1.3962634,0.0,0.0,0.0,80.0,-7.0,0.0,80.0,1.3962634,0.0,0.0,0.0,1.86336086,-1.28807649,0.8541298,14.31864777,-12.84854814,16.39124745,60.71114023,136.43129109,31.22130525,35.0000001,5.66285357,-7.18115898,-10.43079979,80.54882614,130.14016884,8.10783886,8.56157637
1760625092.083,-0.07785042,-0.20182327,1.71661269,-0.01681245,0.96080803,0.01607697,80.0,-7.0,0.0,80.0,1.3962634,0.0,0.0,0.0,80.0,-7.0,0.0,80.0,1.3962634,0.0,0.0,0.0,2.02318617,-1.26100231,1.05951555,14.35412025,-12.6859577,16.50140645,59.60420981,135.05538734,33.09867334,35.0000001,5.44986934,-7.11185249,-10.26408367,80.64047032,130.17309109,8.14922239,8.62573794
1760625092.117,-0.07081332,-0.20253025,1.72031521,-0.01372774,0.96136499,0.01596641,80.0,-7.0,0.0,80.0,1.3962634,0.0,0.0,0.0,80.0,-7.0,0.0,80.0,1.3962634,0.0,0.0,0.0,2.07728662,-1.2646677,1.17652916,14.44135641,-12.48055992,16.56113724,58.47494819,134.05267004,35.15651506,35.0000001,5.39867372,-7.08718092,-10.1592909,80.65475,130.19022467,8.16716943,8.6830506
1760625092.15,-0.07325741,-0.20858884,1.71901157,-0.01334698,0.96196795,0.01588059,80.0,-7.0,0.0,80.0,1.3962634,0.0,0.0,0.0,80.0,-7.0,0.0,80.0,1.3962634,0.0,0.0,0.0,2.17070813,-1.30934013,1.17814251,14.31485061,-12.29744223,16.5669865,57.9268003,133.54756195,36.27129002,35.0000001,5.29197143,-7.10165591,-10.18346254,80.69204192,130.20310576,8.18955007,8.76144409
1760625092.184,-0.06093111,-0.21213527,1.72509611,-0.01438125,0.96214107,0.01569841,80.0,-7.0,0.0,80.0,1.3962634,0.0,0.0,0.0,80.0,-7.0,0.0,80.0,1.3962634,0.0,0.0,0.0,2.23959141,-1.26197034,1.14134416,13.8483561,-12.14228519,16.71452964,57.24047213,133.39779652,36.6386576,35.0000001,5.16686086,-7.02468719,-10.26758204,80.75618422,130.23852274,8.22001824,8.80982203
1760625092.217,-0.05069877,-0.21001673,1.73323502,-0.02101261,0.9630113,0.01583799,80.0,-7.0,0.0,80.0,1.3962634,0.0,0.0,0.0,80.0,-7.0,0.0,80.0,1.3962634,0.0,0.0,0.0,2.00966377,-1.28268534,1.05910035,14.05412457,-12.03800032,16.64360797,56.91484788,133.1640233,37.5121667,35.0000001,5.47647966,-7.03557793,-10.36093465,80.67366809,130.225334,8.22924096,8.85412257
1760625092.251,-0.02801455,-0.20706373,1.73520979,-0.02532196,0.96260024,0.01594127,80.0,-7.0,0.0,80.0,1.3962634,0.0,0.0,0.0,80.0,-7.0,0.0,80.0,1.3962634,0.0,0.0,0.0,1.95107466,-1.2630785,0.9245638,13.69786125,-11.92295741,16.84060752,56.59714606,133.08065011,37.50711793,35.0000001,5.55461799,-7.01953215,-10.51555102,80.64122042,130.23510312,8.24724778,8.92294758
1760625092.284,-0.02227905,-0.20767307,1.73638377,-0.02785904,0.96164551,0.01600926,80.0,-7.0,0.0,80.0,1.3962634,0.0,0.0,0.0,80.0,-7.0,0.0,80.0,1.3962634,0.0,0.0,0.0,1.99578899,-1.23969995,0.79275626,13.1272687,-11.86261963,17.06574409,56.36555561,133.15302543,37.11898537,35.0000001,5.50844846,-7.00087648,-10.66550974,80.6375246,130.23074407,8.26983014,8.98524717
1760625092.318,-0.01356501,-0.20513323,1.74566803,-0.02888727,0.96093846,0.01559407,80.0,-7.0,0.0,80.0,1.3962634,0.0,0.0,0.0,80.0,-7.0,0.0,80.0,1.3962634,0.0,0.0,0.0,1.98846881,-1.20997092,0.75303919,13.0605975,-11.91150959,17.05276312,56.30712196,133.44449769,36.54398823,35.0000001,5.5339242,-6.96222724,-10.70741421,80.60017147,130.21039603,8.24595675,9.02125327
1760625092.351,-0.01942178,-0.20493953,1.74185712,-0.02873601,0.9609241,0.01544789,80.0,-7.0,0.0,80.0,1.3962634,0.0,0.0,0.0,80.0,-7.0,0.0,80.0,1.3962634,0.0,0.0,0.0,2.0374849,-1.23287248,0.81408326,13.17200639,-11.92578207,16.83049227,56.37404673,133.79850435,35.87211551,35.0000001,5.47223473,-6.96688886,-10.67253143,80.61765559,130.20389192,8.23107825,9.04183284
1760625092.384,-0.0235349,-0.20830315,1.73236312,-0.02607379,0.96003212,0.01583467,80.0,-7.0,0.0,80.0,1.3962634,0.0,0.0,0.0,80.0,-7.0,0.0,80.0,1.3962634,0.0,0.0,0.0,2.2180629,-1.24490455,0.86634699,12.86478756,-11.81399962,16.69218775,56.54684226,134.87418426,34.06780158,35.0000001,5.23221721,-6.9711495,-10.66703133,80.68019339,130.19003656,8.24264094,9.06451451
1760625092.418,-0.01486031,-0.21000372,1.7383578,-0.02418704,0.95949532,0.01519257,80.0,-7.0,0.0,80.0,1.3962634,0.0,0.0,0.0,80.0,-7.0,0.0,80.0,1.3962634,0.0,0.0,0.0,2.39370152,-1.20233821,0.87480693,12.20235225,-11.77086684,16.46844672,57.523162,137.95613347,29.27151036,35.0000001,4.97944576,-6.88806097,-10.69796041,80.72346488,130.16394896,8.21932746,9.06760271
1760625092.451,-0.01768657,-0.20967579,1.73616401,-0.02325152,0.95902637,0.01498624,80.0,-7.0,0.0,80.0,1.3962634,0.0,0.0,0.0,80.0,-7.0,0.0,80.0,1.3962634,0.0,0.0,0.0,2.45440437,-1.16687802,0.86474109,11.80565222,-11.71305429,16.20688553,58.51807818,141.10923682,24.14252431,35.0000001,4.90874341,-6.83414928,-10.73341481,80.71654848,130.1539764,8.19151267,9.05751045
1760625092.485,-0.01997072,-0.2112877,1.74686501,-0.02364605,0.95851133,0.01473607,80.0,-7.0,0.0,80.0,1.3962634,0.0,0.0,0.0,80.0,-7.0,0.0,80.0,1.3962634,0.0,0.0,0.0,2.55425102,-1.0849432,0.78704981,11.14960646,-11.65600435,16.00627992,59.51695066,145.44650868,15.8192361,35.0000001,4.77891298,-6.74707946,-10.83293215,80.7107996,130.16713253,8.1643021,9.03826258
1760625092.518,-0.01836788,-0.20873139,1.75695825,-0.0240209,0.9584966,0.01412965,80.0,-7.0,0.0,80.0,1.3962634,0.0,0.0,0.0,80.0,-7.0,0.0,80.0,1.3962634,0.0,0.0,0.0,2.51908108,-0.97399744,0.84333155,11.16559211,-11.67616455,15.73658368,60.2119756,148.0677239,9.64327363,35.0000001,4.80066401,-6.62263117,-10.7731189,80.7065917,130.1471127,8.15593973,9.01244089
1760625092.552,-0.01584565,-0.21089059,1.76165714,-0.0241648,0.95822948,0.01391819,80.0,-7.0,0.0,80.0,1.3962634,0.0,0.0,0.0,80.0,-7.0,0.0,80.0,1.3962634,0.0,0.0,0.0,2.52066615,-0.87109522,0.88451441,11.22651924,-11.74417742,15.65238003,60.96493775,149.93252656,3.60852247,35.0000001,4.78027653,-6.53046365,-10.71518005,80.70210585,130.12130908,8.14652138,9.01076427
1760625092.585,-0.02485895,-0.20663116,1.76213294,-0.02354458,0.95850371,0.01436379,80.0,-7.0,0.0,80.0,1.3962634,0.0,0.0,0.0,80.0,-7.0,0.0,80.0,1.3962634,0.0,0.0,0.0,2.46345446,-0.88506275,1.04653504,11.92242855,-11.94312013,15.1068671,62.50253165,152.35475016,-2.46684795,35.0000001,4.84335172,-6.55329027,-10.52069756,80.69678744,130.10942491,8.15517174,9.02536885
1760625092.618,-0.00409278,-0.19944516,1.76376202,-0.0244958,0.9589969,0.01537572,80.0,-7.0,0.0,80.0,1.3962634,0.0,0.0,0.0,80.0,-7.0,0.0,80.0,1.3962634,0.0,0.0,0.0,2.5235871,-0.96888244,1.1559138,12.08124288,-12.04743519,14.62650959,63.95996536,154.17440556,-6.29941777,35.0000001,4.71198546,-6.64070692,-10.38852238,80.7288292,130.09586968,8.15591338,9.04174439
1760625092.652,0.00318566,-0.1979819,1.77355956,-0.02710251,0.95911581,0.01638442,80.0,-7.0,0.0,80.0,1.3962634,0.0,0.0,0.0,80.0,-7.0,0.0,80.0,1.3962634,0.0,0.0,0.0,2.56907675,-1.03645178,1.29875406,12.27254739,-12.06736134,14.05519186,65.50356842,155.78263338,-9.38241563,35.0000001,4.59226918,-6.69540597,-10.23764118,80.79704537,130.09779255,8.15304836,9.07557364
1760625092.685,-0.00338471,-0.19476203,1.77828104,-0.02921371,0.95893118,0.01733771,80.0,-7.0,0.0,80.0,1.3962634,0.0,0.0,0.0,80.0,-7.0,0.0,80.0,1.3962634,0.0,0.0,0.0,2.68113,-1.03164289,1.39895274,12.36527032,-12.18163945,13.91163195,65.90451062,157.59745979,-14.43225129,35.0000001,4.39383227,-6.70028196,-10.13235934,80.87447668,130.00368062,8.11738781,9.05745143
1760625092.719,0.00235761,-0.18783541,1.78598948,-0.02935254,0.95876843,0.01808906,80.0,-7.0,0.0,80.0,1.3962634,0.0,0.0,0.0,80.0,-7.0,0.0,80.0,1.3962634,0.0,0.0,0.0,2.63924825,-0.99331918,1.40017074,12.66966315,-12.43286705,13.96874822,65.46349551,158.88655104,-18.66771044,35.0000001,4.42085012,-6.66512736,-10.11989444,80.89376872,129.96414769,8.09035907,9.0380749
1760625092.752,-0.00361506,-0.18038636,1.78630271,-0.03043084,0.95941879,0.01824014,80.0,-7.0,0.0,80.0,1.3962634,0.0,0.0,0.0,80.0,-7.0,0.0,80.0,1.3962634,0.0,0.0,0.0,2.3986027,-0.97967189,1.26159402,13.14576272,-12.76505889,13.83056064,65.66944853,160.28287184,-21.96202116,35.0000001,4.67928452,-6.63895086,-10.24200784,80.88523938,129.94441483,8.05508931,9.03816965
1760625092.786,-0.01095055,-0.17120517,1.79255688,-0.03131029,0.95983782,0.01828457,80.0,-7.0,0.0,80.0,1.3962634,0.0,0.0,0.0,80.0,-7.0,0.0,80.0,1.3962634,0.0,0.0,0.0,2.34743735,-1.01084321,1.16230021,13.29441082,-12.98647468,13.77567797,65.14546365,161.98834202,-27.21656309,35.0000001,4.7711588,-6.65193918,-10.34045373,80.86230514,129.90586988,8.01310859,9.01992309
1760625092.853,-0.01423852,-0.15473415,1.79342325,-0.02964402,0.96143295,0.01914468,80.0,-7.0,0.0,80.0,1.3962634,0.0,0.0,0.0,80.0,-7.0,0.0,80.0,1.3962634,0.0,0.0,0.0,2.47425047,-0.95951965,1.05230478,13.24020232,-13.50377641,12.22732484,68.01406824,165.18486912,-30.97982871,35.0000001,4.63874109,-6.5503704,-10.51275599,80.8831008,129.90332536,7.98000353,9.04283949
1760625092.886,-0.01018105,-0.1478534,1.7905457,-0.02664106,0.96187506,0.01966805,80.0,-7.0,0.0,80.0,1.3962634,0.0,0.0,0.0,80.0,-7.0,0.0,80.0,1.3962634,0.0,0.0,0.0,2.79777968,-1.01678349,0.96973974,12.7782837,-13.46767501,11.19607538,69.75310238,167.85058623,-33.28831566,35.0000001,4.27658281,-6.63152607,-10.60342328,80.89207961,129.88349227,7.9521592,9.03407434
1760625092.92,-0.01016528,-0.14322215,1.79017468,-0.02261825,0.96149409,0.01991102,80.0,-7.0,0.0,80.0,1.3962634,0.0,0.0,0.0,80.0,-7.0,0.0,80.0,1.3962634,0.0,0.0,0.0,3.06111077,-0.95537341,0.96305803,12.38571018,-13.35743463,10.15742908,71.88751103,170.10122354,-33.55718167,35.0000001,3.94270671,-6.57058736,-10.63567877,80.94833405,129.89966274,7.93867438,9.04760503
1760625092.953,0.0020773,-0.14037909,1.78980558,-0.02078058,0.96106816,0.0195462,80.0,-7.0,0.0,80.0,1.3962634,0.0,0.0,0.0,80.0,-7.0,0.0,80.0,1.3962634,0.0,0.0,0.0,3.39231095,-0.83208684,1.05777226,12.10886017,-13.2740803,9.18459049,73.40672079,172.4329248,-33.88968277,35.0000001,3.54531371,-6.44229916,-10.58434427,80.99518607,129.91069888,7.92836345,9.08353025
1760625092.987,0.01345704,-0.13575821,1.78506519,-0.01929942,0.96034327,0.01924115,80.0,-7.0,0.0,80.0,1.3962634,0.0,0.0,0.0,80.0,-7.0,0.0,80.0,1.3962634,0.0,0.0,0.0,3.53478303,-0.65718193,1.10254233,11.76871054,-13.1849147,8.13141109,75.25278002,175.35674727,-34.67216586,35.0000001,3.32472946,-6.27039311,-10.6133579,81.0389667,129.93081524,7.91626179,9.1159745
1760625093.02,0.02104332,-0.14172703,1.78270227,-0.01546498,0.95846532,0.01931826,80.0,-7.0,0.0,80.0,1.3962634,0.0,0.0,0.0,80.0,-7.0,0.0,80.0,1.3962634,0.0,0.0,0.0,3.7126268,-0.42512119,1.20768375,11.14461088,-12.8282537,7.03974799,77.98164105,177.74413024,-33.47145564,35.0000001,3.07749808,-6.06541273,-10.53672068,81.08545201,129.89887508,7.90546154,9.12823168
1760625093.053,0.03272082,-0.14343537,1.78943847,-0.01053999,0.9561213,0.01969516,80.0,-7.0,0.0,80.0,1.3962634,0.0,0.0,0.0,80.0,-7.0,0.0,80.0,1.3962634,0.0,0.0,0.0,3.87247639,-0.18597723,1.36590804,10.5196014,-12.37019456,5.76105251,81.47092602,179.85732639,-31.08616016,35.0000001,2.80205733,-5.85799734,-10.4044695,81.18192249,129.88782639,7.88874881,9.1372212
1760625093.087,0.01195766,-0.14324104,1.78441291,-0.0065343,0.95558532,0.01953962,80.0,-7.0,0.0,80.0,1.3962634,0.0,0.0,0.0,80.0,-7.0,0.0,80.0,1.3962634,0.0,0.0,0.0,3.90630763,-0.12851867,1.51485025,10.83411191,-12.40206417,5.26580722,81.7700313,179.99984796,-31.54935535,35.0000001,2.71174577,-5.78856261,-10.28589261,81.23396859,129.91889295,7.875772,9.14410292
1760625093.12,0.0082232,-0.14367823,1.78016685,-0.00479368,0.95569228,0.01981002,80.0,-7.0,0.0,80.0,1.3962634,0.0,0.0,0.0,80.0,-7.0,0.0,80.0,1.3962634,0.0,0.0,0.0,3.86297712,-0.10669537,1.71215724,11.27306075,-12.3604513,4.63874691,82.50188073,179.99984796,-30.8238781,35.0000001,2.73932539,-5.78220687,-10.09695809,81.24776395,129.91201814,7.87500411,9.16288309
1760625093.154,0.01720385,-0.14734489,1.79009719,-0.00704526,0.95616144,0.01949625,80.0,-7.0,0.0,80.0,1.3962634,0.0,0.0,0.0,80.0,-7.0,0.0,80.0,1.3962634,0.0,0.0,0.0,3.6235776,-0.08516585,1.81985585,11.86516259,-12.44151858,4.50500672,80.95388047,179.64904524,-32.32515064,35.0000001,2.98338415,-5.76237389,-9.98061145,81.22406597,129.92578006,7.86419869,9.18440084
1760625093.187,0.02394066,-0.15312972,1.79095839,-0.00778714,0.95666169,0.0190885,80.0,-7.0,0.0,80.0,1.3962634,0.0,0.0,0.0,80.0,-7.0,0.0,80.0,1.3962634,0.0,0.0,0.0,3.35597039,-0.08889552,1.90787492,12.55428208,-12.66543054,4.37061217,79.75886462,178.89981873,-32.85213387,35.0000001,3.24185368,-5.76500282,-9.8918068,81.21022874,129.9306478,7.84239395,9.18839414
1760625093.221,0.02005308,-0.15559709,1.78320063,-0.00907949,0.95715576,0.01874054,80.0,-7.0,0.0,80.0,1.3962634,0.0,0.0,0.0,80.0,-7.0,0.0,80.0,1.3962634,0.0,0.0,0.0,3.22140172,-0.12778813,1.97021489,13.01587058,-13.00946734,4.48887616,78.11815056,177.75776305,-33.53184976,35.0000001,3.38552483,-5.79778321,-9.83287201,81.18999735,129.93822158,7.83379574,9.19048567
1760625093.254,0.01265532,-0.15529683,1.78609722,-0.01155812,0.95796258,0.01840748,80.0,-7.0,0.0,80.0,1.3962634,0.0,0.0,0.0,80.0,-7.0,0.0,80.0,1.3962634,0.0,0.0,0.0,3.08068906,-0.24286035,1.97951272,13.48692818,-13.1708671,4.74530201,76.56741221,176.52595106,-33.94750439,35.0000001,3.54392533,-5.89602254,-9.79455753,81.16803396,129.9310297,7.83450946,9.22519708
1760625093.288,0.01662813,-0.15619675,1.78688525,-0.01242328,0.95885187,0.0180824,80.0,-7.0,0.0,80.0,1.3962634,0.0,0.0,0.0,80.0,-7.0,0.0,80.0,1.3962634,0.0,0.0,0.0,2.88702061,-0.35177403,1.96849835,13.8158691,-13.28278103,4.89945648,75.39538824,175.54208224,-33.60613474,35.0000001,3.76732069,-6.00312482,-9.74363841,81.13203099,129.95250825,7.81054558,9.23735701
1760625093.321,0.02670804,-0.15176019,1.78703736,-0.01229123,0.959373,0.01775752,80.0,-7.0,0.0,80.0,1.3962634,0.0,0.0,0.0,80.0,-7.0,0.0,80.0,1.3962634,0.0,0.0,0.0,2.79788966,-0.42291044,2.04139367,14.0838818,-13.47543588,5.14023243,73.98807921,174.58431531,-34.03467005,35.0000001,3.85598218,-6.05979826,-9.63039599,81.12309757,129.91473232,7.80044936,9.23934161
1760625093.355,0.02865935,-0.14434741,1.78944625,-0.01339815,0.95963001,0.01828179,80.0,-7.0,0.0,80.0,1.3962634,0.0,0.0,0.0,80.0,-7.0,0.0,80.0,1.3962634,0.0,0.0,0.0,2.65665735,-0.58080924,2.07399458,14.32239204,-13.50736298,5.35866593,72.98808843,173.31760165,-32.56673742,35.0000001,3.97433801,-6.16490784,-9.56298994,81.13247782,129.91036855,7.77533894,9.25601818
1760625093.388,0.02982992,-0.13145756,1.78684749,-0.01676719,0.96029849,0.01882015,80.0,-7.0,0.0,80.0,1.3962634,0.0,0.0,0.0,80.0,-7.0,0.0,80.0,1.3962634,0.0,0.0,0.0,2.45169343,-0.7632116,2.09611258,14.63960592,-13.58220983,5.5130721,72.21132669,172.2649798,-31.35753161,35.0000001,4.1974624,-6.28669603,-9.49784751,81.10122078,129.90359694,7.74750224,9.2623206
1760625093.421,0.03434042,-0.12475401,1.78545482,-0.0179157,0.96106706,0.01949576,80.0,-7.0,0.0,80.0,1.3962634,0.0,0.0,0.0,80.0,-7.0,0.0,80.0,1.3962634,0.0,0.0,0.0,2.35432084,-0.95258469,2.05381393,14.99341082,-13.60117094,6.1674496,70.77346918,170.82655975,-30.66102472,35.0000001,4.28395735,-6.42173159,-9.48206768,81.10634059,129.91457922,7.73172814,9.27914584
1760625093.455,0.01929032,-0.11752125,1.78033929,-0.01960523,0.9617173,0.02012828,80.0,-7.0,0.0,80.0,1.3962634,0.0,0.0,0.0,80.0,-7.0,0.0,80.0,1.3962634,0.0,0.0,0.0,2.42405416,-1.11101683,2.00591817,14.94833587,-13.66277281,6.57275865,70.10592547,169.18685467,-27.76336084,35.0000001,4.2617832,-6.53835756,-9.4645222,81.08043423,129.89398034,7.73750496,9.31652651
1760625093.488,0.02511667,-0.1137941,1.77552743,-0.02033823,0.96261152,0.02024703,80.0,-7.0,0.0,80.0,1.3962634,0.0,0.0,0.0,80.0,-7.0,0.0,80.0,1.3962634,0.0,0.0,0.0,2.43882977,-1.23653581,1.94830928,14.99467301,-13.77015361,6.86140774,69.68949111,167.72791534,-25.28038013,35.0000001,4.25055515,-6.62111965,-9.48013671,81.06083656,129.88312116,7.72093521,9.32183633
1760625093.522,0.02281082,-0.10778508,1.77338395,-0.02050279,0.96308761,0.02004183,80.0,-7.0,0.0,80.0,1.3962634,0.0,0.0,0.0,80.0,-7.0,0.0,80.0,1.3962634,0.0,0.0,0.0,2.48467918,-1.32827665,1.95426583,14.98128749,-13.89033234,7.41768541,68.784035,166.02110881,-23.35819877,35.0000001,4.20848079,-6.65940077,-9.44829466,81.0565395,129.88793613,7.71129666,9.32595411
1760625093.555,0.01996031,-0.1077022,1.76993414,-0.02738853,0.96401774,0.02029888,80.0,-7.0,0.0,80.0,1.3962634,0.0,0.0,0.0,80.0,-7.0,0.0,80.0,1.3962634,0.0,0.0,0.0,2.32622419,-1.42017236,1.6742367,14.73441455,-13.88903152,7.78186405,69.14778552,164.7735824,-18.23652706,35.0000001,4.44012136,-6.7488427,-9.68128687,80.93861289,129.84460088,7.70527089,9.35215334
1760625093.589,0.03311389,-0.10892202,1.77729887,-0.03166844,0.96478334,0.02009734,80.0,-7.0,0.0,80.0,1.3962634,0.0,0.0,0.0,80.0,-7.0,0.0,80.0,1.3962634,0.0,0.0,0.0,2.44371106,-1.53398444,1.37310929,14.01888656,-13.96346221,8.47337745,68.8688785,163.43176843,-16.29692195,35.0000001,4.34044324,-6.87378286,-9.94450282,80.86382812,129.83433616,7.69872561,9.36921772
1760625093.622,0.03915767,-0.10641002,1.78360963,-0.03163332,0.96539097,0.02005162,80.0,-7.0,0.0,80.0,1.3962634,0.0,0.0,0.0,80.0,-7.0,0.0,80.0,1.3962634,0.0,0.0,0.0,2.73179453,-1.60945032,1.11636225,12.96851159,-13.92641114,9.12832328,69.12845667,162.30892171,-14.18022866,35.0000001,4.00110881,-6.9525183,-10.18290923,80.87095664,129.85116982,7.71604054,9.39455248
1760625093.656,0.03644267,-0.11116162,1.78193387,-0.03053379,0.96580494,0.01990298,80.0,-7.0,0.0,80.0,1.3962634,0.0,0.0,0.0,80.0,-7.0,0.0,80.0,1.3962634,0.0,0.0,0.0,2.85586983,-1.64600713,1.03950326,12.53942664,-13.93550726,9.43739225,69.12657852,161.49113245,-9.86710571,35.0000001,3.84760797,-6.99834718,-10.25208225,80.87031312,129.84870688,7.70360266,9.40208636
1760625093.689,0.04474929,-0.11497931,1.78902,-0.02926258,0.96584274,0.01931995,80.0,-7.0,0.0,80.0,1.3962634,0.0,0.0,0.0,80.0,-7.0,0.0,80.0,1.3962634,0.0,0.0,0.0,2.86711722,-1.67600837,1.04166718,12.63909975,-14.00645104,10.63396606,66.63556079,159.73482028,-9.94907278,35.0000001,3.80139429,-7.01186552,-10.25358239,80.88371694,129.84045256,7.68197889,9.42153535
1760625093.722,0.05008208,-0.11840584,1.79317856,-0.03024316,0.96508273,0.01947336,80.0,-7.0,0.0,80.0,1.3962634,0.0,0.0,0.0,80.0,-7.0,0.0,80.0,1.3962634,0.0,0.0,0.0,2.88517832,-1.61068296,1.01884865,12.27567762,-13.9466158,11.97063171,64.25373157,157.97214964,-10.51124571,35.0000001,3.74533797,-6.9462648,-10.31659775,80.90594773,129.83394986,7.67330018,9.43106723
1760625093.756,0.04503973,-0.12528886,1.80373822,-0.03045484,0.96405677,0.0193285,80.0,-7.0,0.0,80.0,1.3962634,0.0,0.0,0.0,80.0,-7.0,0.0,80.0,1.3962634,0.0,0.0,0.0,2.94074022,-1.5638317,1.01569823,12.1180048,-13.73288944,12.87943039,62.23061429,156.55204265,-8.82091127,35.0000001,3.70278366,-6.91484596,-10.36370811,80.89183015,129.81181459,7.66639601,9.44720358
1760625093.789,0.05949031,-0.13167874,1.81949849,-0.02870117,0.96302914,0.01885082,80.0,-7.0,0.0,80.0,1.3962634,0.0,0.0,0.0,80.0,-7.0,0.0,80.0,1.3962634,0.0,0.0,0.0,2.89481015,-1.51460977,1.06154539,12.22973481,-13.50158981,13.71924266,60.50758997,154.88427554,-8.23268817,35.0000001,3.72730989,-6.89688377,-10.31222691,80.89619748,129.78014033,7.64747418,9.46270002
1760625093.823,0.04414755,-0.1309353,1.81744859,-0.02739075,0.96203194,0.01772822,80.0,-7.0,0.0,80.0,1.3962634,0.0,0.0,0.0,80.0,-7.0,0.0,80.0,1.3962634,0.0,0.0,0.0,2.8882884,-1.44602239,1.19237061,12.15135095,-13.26697259,14.05875067,59.76017767,153.93068595,-7.47684438,35.0000001,3.75523712,-6.82676128,-10.18527648,80.8846043,129.76711477,7.63871163,9.4728579
1760625093.856,0.02781596,-0.14126089,1.81306216,-0.02779404,0.96123371,0.01641292,80.0,-7.0,0.0,80.0,1.3962634,0.0,0.0,0.0,80.0,-7.0,0.0,80.0,1.3962634,0.0,0.0,0.0,3.10201284,-1.395018,1.28646525,11.55905172,-13.05308935,14.30912299,58.44243241,153.77680753,-7.46925578,35.0000001,3.51548063,-6.81634833,-10.14812614,80.88189947,129.7375238,7.61772759,9.45270693
1760625093.89,0.04611284,-0.14809672,1.82275885,-0.02638612,0.96071961,0.01503457,80.0,-7.0,0.0,80.0,1.3962634,0.0,0.0,0.0,80.0,-7.0,0.0,80.0,1.3962634,0.0,0.0,0.0,3.04624741,-1.36499213,1.41205892,11.60994193,-12.83534549,14.03747215,58.72891399,153.750244,-6.92179116,35.0000001,3.52414588,-6.7710786,-10.07645879,80.85957549,129.73559629,7.59811597,9.46139988
1760625093.923,0.04018918,-0.14809925,1.82817869,-0.02414457,0.9601598,0.01469565,80.0,-7.0,0.0,80.0,1.3962634,0.0,0.0,0.0,80.0,-7.0,0.0,80.0,1.3962634,0.0,0.0,0.0,3.08023986,-1.32714017,1.49691603,11.48841982,-12.64622443,14.06169955,58.13210562,153.52555757,-7.47446976,35.0000001,3.43705386,-6.73496331,-10.06177446,80.84699573,129.72479266,7.59030289,9.47058302
1760625093.957,0.01418348,-0.1500263,1.82823561,-0.02242836,0.95999328,0.01459461,80.0,-7.0,0.0,80.0,1.3962634,0.0,0.0,0.0,80.0,-7.0,0.0,80.0,1.3962634,0.0,0.0,0.0,3.02148101,-1.32822973,1.66908449,12.00930523,-12.45224764,14.01450454,57.32788607,153.46259775,-7.78257457,35.0000001,3.49594491,-6.75686593,-9.96375443,80.76184122,129.75422277,7.57435079,9.48651006
1760625093.99,-0.00547691,-0.14708168,1.82936868,-0.02201777,0.96050849,0.01460029,80.0,-7.0,0.0,80.0,1.3962634,0.0,0.0,0.0,80.0,-7.0,0.0,80.0,1.3962634,0.0,0.0,0.0,2.96227381,-1.37140752,1.76792197,12.50932247,-12.34836156,13.68114044,57.73677112,153.40817463,-7.12261266,35.0000001,3.56057703,-6.80170555,-9.88333013,80.67727709,129.76695529,7.57486975,9.52750575
1760625094.024,-0.02291077,-0.15480363,1.81991669,-0.02516019,0.96089451,0.01350719,80.0,-7.0,0.0,80.0,1.3962634,0.0,0.0,0.0,80.0,-7.0,0.0,80.0,1.3962634,0.0,0.0,0.0,2.73365274,-1.29093971,2.07721756,13.65312389,-12.42066447,13.34454448,57.60962269,153.08284884,-6.35406984,35.0000001,3.78773788,-6.72072453,-9.59315618,80.62870011,129.79009545,7.56846146,9.53292004
1760625094.057,-0.0365846,-0.15231844,1.81955639,-0.02698562,0.9614395,0.01262453,80.0,-7.0,0.0,80.0,1.3962634,0.0,0.0,0.0,80.0,-7.0,0.0,80.0,1.3962634,0.0,0.0,0.0,2.5670935,-1.29959843,2.30661221,14.6120377,-12.45922658,13.09987525,57.49803488,152.94251002,-5.69266212,35.0000001,3.9183007,-6.70912718,-9.36770554,80.61699151,129.80507594,7.59696432,9.51848458
1760625094.09,-0.03613443,-0.15275756,1.81691886,-0.02867817,0.96174187,0.01264364,80.0,-7.0,0.0,80.0,1.3962634,0.0,0.0,0.0,80.0,-7.0,0.0,80.0,1.3962634,0.0,0.0,0.0,2.64728213,-1.32788481,2.441352,15.087667,-12.50206009,12.90264329,57.61335019,152.80592934,-5.02234538,35.0000001,3.78956121,-6.74879169,-9.2313587,80.63492187,129.82323519,7.61302765,9.52739313
1760625094.124,-0.0574238,-0.15612476,1.81713147,-0.0292656,0.96178435,0.0132924,80.0,-7.0,0.0,80.0,1.3962634,0.0,0.0,0.0,80.0,-7.0,0.0,80.0,1.3962634,0.0,0.0,0.0,2.7077867,-1.4061916,2.51136851,15.40860591,-12.49543925,12.73671828,57.79160214,152.5941725,-4.47151302,35.0000001,3.72444139,-6.80461962,-9.15795859,80.63745614,129.86194915,7.64438034,9.54838704
1760625094.157,-0.07861687,-0.16580549,1.82714658,-0.02886624,0.96146769,0.01322073,80.0,-7.0,0.0,80.0,1.3962634,0.0,0.0,0.0,80.0,-7.0,0.0,80.0,1.3962634,0.0,0.0,0.0,2.88917653,-1.46246146,2.56631104,15.40533397,-12.5122912,12.54631199,58.04193266,152.55730422,-4.15446663,35.0000001,3.47640451,-6.83501187,-9.10300361,80.69767431,129.87261035,7.66909161,9.55747731
1760625094.191,-0.09012786,-0.17048735,1.83510778,-0.02882828,0.96165819,0.01317809,80.0,-7.0,0.0,80.0,1.3962634,0.0,0.0,0.0,80.0,-7.0,0.0,80.0,1.3962634,0.0,0.0,0.0,3.0532048,-1.51629807,2.57693406,15.38936734,-12.47510497,12.38238436,58.35178762,152.62149692,-3.68022201,35.0000001,3.30121584,-6.85620483,-9.08223326,80.72036685,129.88001084,7.67737575,9.575545
1760625094.224,-0.11088594,-0.17938732,1.84037025,-0.02868344,0.96170579,0.01299857,80.0,-7.0,0.0,80.0,1.3962634,0.0,0.0,0.0,80.0,-7.0,0.0,80.0,1.3962634,0.0,0.0,0.0,3.06648602,-1.56625923,2.57007285,15.42812293,-12.44391848,12.30165128,58.56423215,152.54381133,-3.40265912,35.0000001,3.3071388,-6.89172657,-9.06951984,80.74020364,129.87831313,7.68914517,9.59599555
1760625094.258,-0.12376228,-0.18341894,1.85310451,-0.03073195,0.96160378,0.01327626,80.0,-7.0,0.0,80.0,1.3962634,0.0,0.0,0.0,80.0,-7.0,0.0,80.0,1.3962634,0.0,0.0,0.0,3.05044084,-1.61921691,2.46800483,15.24963461,-12.3446536,12.34251758,58.66820515,152.52990859,-3.53236338,35.0000001,3.37067174,-6.90532389,-9.12748506,80.72202659,129.9282525,7.6838243,9.60340114
1760625094.291,-0.1295449,-0.19081094,1.85860729,-0.03193858,0.96133751,0.01292342,80.0,-7.0,0.0,80.0,1.3962634,0.0,0.0,0.0,80.0,-7.0,0.0,80.0,1.3962634,0.0,0.0,0.0,3.01006173,-1.60130205,2.32882686,15.08555294,-12.33172431,12.40364094,58.79820233,152.62898727,-3.7313158,35.0000001,3.45101193,-6.89728067,-9.22721283,80.71768327,129.9217702,7.67649524,9.61593084
1760625094.325,-0.14502736,-0.19544429,1.85939342,-0.03252329,0.96124846,0.01273368,80.0,-7.0,0.0,80.0,1.3962634,0.0,0.0,0.0,80.0,-7.0,0.0,80.0,1.3962634,0.0,0.0,0.0,3.04592507,-1.59327513,2.21274327,14.91601535,-12.29550449,12.35986619,59.01717196,152.7310801,-3.61199373,35.0000001,3.46257554,-6.90903867,-9.31013976,80.73582295,129.9017637,7.66883719,9.60040437
1760625094.358,-0.14912885,-0.19534485,1.85719977,-0.03349648,0.96138185,0.01229377,80.0,-7.0,0.0,80.0,1.3962634,0.0,0.0,0.0,80.0,-7.0,0.0,80.0,1.3962634,0.0,0.0,0.0,3.00621505,-1.56443845,2.15871439,14.85352118,-12.33836131,12.32202586,59.1712782,152.74224669,-3.62273057,35.0000001,3.55832995,-6.88061331,-9.34380137,80.73708957,129.92840317,7.67234275,9.60797261
1760625094.391,-0.15541074,-0.19692529,1.86103528,-0.03366962,0.96154515,0.0121413,80.0,-7.0,0.0,80.0,1.3962634,0.0,0.0,0.0,80.0,-7.0,0.0,80.0,1.3962634,0.0,0.0,0.0,2.9546059,-1.53652407,2.11948658,14.82626672,-12.36622064,12.19692308,59.49419346,152.84127948,-3.33745362,35.0000001,3.67521966,-6.8888128,-9.34151175,80.72335404,129.9156459,7.6454133,9.62308352
1760625094.425,-0.163762,-0.19961829,1.85675417,-0.03416831,0.96177691,0.01226778,80.0,-7.0,0.0,80.0,1.3962634,0.0,0.0,0.0,80.0,-7.0,0.0,80.0,1.3962634,0.0,0.0,0.0,2.90753878,-1.5043424,2.09723054,14.77863285,-12.40962654,12.19979036,59.56806737,152.91288743,-3.47463613,35.0000001,3.7980178,-6.89655756,-9.32659857,80.71498285,129.88286003,7.60770832,9.61818049
1760625094.458,-0.1703085,-0.19516224,1.85522097,-0.03294646,0.96186169,0.01211673,80.0,-7.0,0.0,80.0,1.3962634,0.0,0.0,0.0,80.0,-7.0,0.0,80.0,1.3962634,0.0,0.0,0.0,2.94431941,-1.47946659,2.07412865,14.58151028,-12.45469024,12.22297512,59.60044544,153.00941071,-3.76603227,35.0000001,3.80774513,-6.87628671,-9.33681235,80.71769902,129.88332083,7.6008045,9.61931215
1760625094.492,-0.1720063,-0.19027144,1.85381104,-0.0321513,0.96164465,0.01201434,80.0,-7.0,0.0,80.0,1.3962634,0.0,0.0,0.0,80.0,-7.0,0.0,80.0,1.3962634,0.0,0.0,0.0,3.03780785,-1.46484258,2.05675288,14.27058242,-12.481747,12.28462947,59.60719224,153.01531404,-4.1307331,35.0000001,3.74035733,-6.87094014,-9.35599168,80.73636081,129.87371771,7.57730907,9.62922172
1760625094.525,-0.18375983,-0.18561063,1.85234137,-0.02818818,0.96131712,0.0120383,80.0,-7.0,0.0,80.0,1.3962634,0.0,0.0,0.0,80.0,-7.0,0.0,80.0,1.3962634,0.0,0.0,0.0,3.16554385,-1.46776313,1.96502865,14.02387969,-12.50300707,12.41740261,59.66162362,152.99975362,-4.32885745,35.0000001,3.64239576,-6.88039088,-9.44440935,80.74663578,129.83600484,7.54385652,9.65215839
1760625094.559,-0.19084391,-0.18271049,1.84836909,-0.02551278,0.96121321,0.01193836,80.0,-7.0,0.0,80.0,1.3962634,0.0,0.0,0.0,80.0,-7.0,0.0,80.0,1.3962634,0.0,0.0,0.0,3.23165613,-1.45798097,1.94117699,13.89623425,-12.54712768,12.49193442,59.63604821,152.93371828,-4.20091469,35.0000001,3.56814599,-6.86746617,-9.47427846,80.77627709,129.81823936,7.54374294,9.67510103
1760625094.592,-0.19029111,-0.17766406,1.85115466,-0.02452714,0.96117774,0.01204222,80.0,-7.0,0.0,80.0,1.3962634,0.0,0.0,0.0,80.0,-7.0,0.0,80.0,1.3962634,0.0,0.0,0.0,3.32381421,-1.46236416,1.91666858,13.77230993,-12.57385921,12.55409314,59.72347382,152.74901724,-3.55162028,35.0000001,3.45672174,-6.84163594,-9.5064451,80.80299016,129.8193522,7.56007188,9.70586532
1760625094.626,-0.18636708,-0.17780095,1.84266421,-0.02427342,0.96125267,0.01240361,80.0,-7.0,0.0,80.0,1.3962634,0.0,0.0,0.0,80.0,-7.0,0.0,80.0,1.3962634,0.0,0.0,0.0,3.17464445,-1.42728566,1.95875509,13.9967979,-12.64034441,12.61893075,60.05516766,151.92092822,-1.11033564,35.0000001,3.57150627,-6.78706578,-9.47083654,80.84743146,129.82275716,7.58120402,9.75988395
1760625094.659,-0.19038656,-0.1767311,1.84173698,-0.02414449,0.96123689,0.01278918,80.0,-7.0,0.0,80.0,1.3962634,0.0,0.0,0.0,80.0,-7.0,0.0,80.0,1.3962634,0.0,0.0,0.0,3.07073459,-1.42633932,1.97942388,14.27552985,-12.71465399,12.79153891,60.18232835,150.6583717,1.94608611,35.0000001,3.6677848,-6.7656151,-9.45805333,80.86442109,129.82252339,7.59568764,9.78341128
1760625094.693,-0.18118028,-0.1752326,1.84495471,-0.0258734,0.96151165,0.01333999,80.0,-7.0,0.0,80.0,1.3962634,0.0,0.0,0.0,80.0,-7.0,0.0,80.0,1.3962634,0.0,0.0,0.0,2.93295404,-1.4318763,1.98319295,14.67269471,-12.78535382,13.17803229,59.84011251,149.20605635,5.6582384,35.0000001,3.80168356,-6.75111921,-9.46057529,80.85065027,129.82132856,7.60723013,9.81722307
1760625094.726,-0.1886067,-0.17882958,1.85105489,-0.02894282,0.96191398,0.01394736,80.0,-7.0,0.0,80.0,1.3962634,0.0,0.0,0.0,80.0,-7.0,0.0,80.0,1.3962634,0.0,0.0,0.0,2.75970872,-1.45829137,2.04119706,15.28556404,-12.87419346,13.84504693,58.85529025,146.85703139,10.99435059,35.0000001,4.01595067,-6.74834811,-9.41103507,80.81117093,129.83355981,7.62724604,9.87212346
1760625094.759,-0.20328602,-0.18346772,1.85516541,-0.03018177,0.96213307,0.01458478,80.0,-7.0,0.0,80.0,1.3962634,0.0,0.0,0.0,80.0,-7.0,0.0,80.0,1.3962634,0.0,0.0,0.0,2.62373649,-1.55284299,2.12740737,15.83569991,-12.81477795,14.39903393,57.73889336,144.70754279,14.94817781,35.0000001,4.20135827,-6.81998059,-9.32107234,80.78566968,129.8423154,7.64224341,9.90802712
1760625094.793,-0.2066199,-0.1915196,1.85894711,-0.02800359,0.96157252,0.01541288,80.0,-7.0,0.0,80.0,1.3962634,0.0,0.0,0.0,80.0,-7.0,0.0,80.0,1.3962634,0.0,0.0,0.0,2.53351548,-1.61480358,2.25709497,16.17337563,-12.71985663,15.00747028,56.27014492,142.69728658,18.57029188,35.0000001,4.33530082,-6.85841624,-9.19978491,80.77789254,129.84093438,7.65926745,9.94572718
1760625094.826,-0.20632823,-0.19674219,1.87100865,-0.03038567,0.96248612,0.01647906,80.0,-7.0,0.0,80.0,1.3962634,0.0,0.0,0.0,80.0,-7.0,0.0,80.0,1.3962634,0.0,0.0,0.0,2.36274498,-1.71028238,2.31243674,16.88474753,-12.70541648,15.5756067,54.67979319,140.34111663,24.04095786,35.0000001,4.52624721,-6.95020639,-9.15909606,80.75398647,129.79326182,7.66378696,9.93424415
1760625094.86,-0.20377674,-0.1963194,1.87434717,-0.03397039,0.96250196,0.01632726,80.0,-7.0,0.0,80.0,1.3962634,0.0,0.0,0.0,80.0,-7.0,0.0,80.0,1.3962634,0.0,0.0,0.0,1.93514685,-1.65734098,2.37592965,17.35308137,-12.78998369,16.08229519,53.32918008,138.55758901,27.46139599,35.0000001,5.01894272,-6.8381462,-9.13157037,80.69069789,129.83164774,7.68219983,9.97209987
1760625094.893,-0.20056261,-0.19442737,1.87524765,-0.03539505,0.96216435,0.01625687,80.0,-7.0,0.0,80.0,1.3962634,0.0,0.0,0.0,80.0,-7.0,0.0,80.0,1.3962634,0.0,0.0,0.0,1.65446857,-1.59177243,2.22682377,17.39429668,-12.74832518,16.79695932,51.95883601,136.89271805,30.11478516,35.0000001,5.33195191,-6.69747335,-9.33797609,80.62550251,129.89459936,7.68982138,10.03551966
1760625094.927,-0.19309161,-0.19607192,1.87759922,-0.03615422,0.96195225,0.01627137,80.0,-7.0,0.0,80.0,1.3962634,0.0,0.0,0.0,80.0,-7.0,0.0,80.0,1.3962634,0.0,0.0,0.0,1.65284478,-1.56575629,2.07314583,17.06063708,-12.54957356,17.58012347,50.40701975,134.87057604,33.00940743,35.0000001,5.32189799,-6.61970063,-9.58293016,80.60803095,129.96971497,7.68921844,10.11254693
1760625094.96,-0.1927545,-0.19458716,1.87097892,-0.03565394,0.96164582,0.0160753,80.0,-7.0,0.0,80.0,1.3962634,0.0,0.0,0.0,80.0,-7.0,0.0,80.0,1.3962634,0.0,0.0,0.0,1.66566139,-1.58299934,2.06813646,16.93777902,-12.39575026,17.80450108,49.57017622,133.87910705,34.98144873,35.0000001,5.3012392,-6.60228698,-9.66957775,80.63173652,130.01113968,7.698389,10.14007278
1760625094.993,-0.1869993,-0.19160005,1.86804078,-0.02670629,0.96116019,0.01421047,80.0,-7.0,0.0,80.0,1.3962634,0.0,0.0,0.0,80.0,-7.0,0.0,80.0,1.3962634,0.0,0.0,0.0,2.18166656,-1.49793067,2.05970446,15.94893998,-12.40624162,17.88589679,49.18779081,133.25203748,36.55100465,35.0000001,4.66775077,-6.48009942,-9.79735348,80.75550087,130.06934564,7.69159973,10.16052563
1760625095.027,-0.19513621,-0.18769687,1.86916696,-0.02031552,0.96122249,0.01292795,80.0,-7.0,0.0,80.0,1.3962634,0.0,0.0,0.0,80.0,-7.0,0.0,80.0,1.3962634,0.0,0.0,0.0,2.62130031,-1.42434103,1.95497338,14.81142436,-12.29409549,17.94764945,48.62762163,132.78298834,37.906958,35.0000001,4.15309765,-6.36163316,-10.0424545,80.84859381,130.10947868,7.69820356,10.19089364
1760625095.06,-0.19565896,-0.18403856,1.8628172,-0.01814867,0.96108708,0.01276637,80.0,-7.0,0.0,80.0,1.3962634,0.0,0.0,0.0,80.0,-7.0,0.0,80.0,1.3962634,0.0,0.0,0.0,2.81868999,-1.40935475,1.8698163,14.18225547,-12.15197141,17.95250076,48.20137086,132.63192456,38.64583532,35.0000001,3.94025738,-6.33241808,-10.22039223,80.87478555,130.11471006,7.71220669,10.22038092
1760625095.094,-0.18487049,-0.18058321,1.86544473,-0.0182768,0.96122497,0.01277775,80.0,-7.0,0.0,80.0,1.3962634,0.0,0.0,0.0,80.0,-7.0,0.0,80.0,1.3962634,0.0,0.0,0.0,2.90934472,-1.35826429,1.66839679,13.63755042,-12.16936839,18.07706807,47.86215645,132.487437,39.06835653,35.0000001,3.89557935,-6.30563386,-10.46791007,80.80625173,130.1116754,7.69182109,10.23310463
1760625095.127,-0.16534769,-0.17463068,1.86762165,-0.02109879,0.96219891,0.01308826,80.0,-7.0,0.0,80.0,1.3962634,0.0,0.0,0.0,80.0,-7.0,0.0,80.0,1.3962634,0.0,0.0,0.0,2.90239915,-1.31042879,1.46575422,13.16127505,-12.33145465,18.08686971,47.69377096,132.65895175,38.9851843,35.0000001,3.91933539,-6.26136627,-10.68768266,80.74515709,130.09691838,7.67650995,10.25267038
1760625095.161,-0.160761,-0.17683472,1.86922659,-0.02226383,0.9628231,0.01375701,80.0,-7.0,0.0,80.0,1.3962634,0.0,0.0,0.0,80.0,-7.0,0.0,80.0,1.3962634,0.0,0.0,0.0,2.99661075,-1.23670995,1.34954627,12.60534217,-12.32113372,18.11300845,47.39891237,133.18222913,37.92363232,35.0000001,3.80258654,-6.19422348,-10.81272211,80.75586413,130.11979821,7.67648637,10.26464783
1760625095.194,-0.14361454,-0.17609355,1.87477036,-0.02298067,0.96291885,0.01470844,80.0,-7.0,0.0,80.0,1.3962634,0.0,0.0,0.0,80.0,-7.0,0.0,80.0,1.3962634,0.0,0.0,0.0,3.0563272,-1.19282166,1.23275294,12.14165444,-12.25305471,18.15980193,47.33446791,133.84223584,36.26151475,35.0000001,3.72330877,-6.16334696,-10.90892386,80.73357691,130.09115775,7.67257099,10.27553958
1760625095.228,-0.12562379,-0.17755378,1.87979311,-0.02329002,0.9625619,0.01554283,80.0,-7.0,0.0,80.0,1.3962634,0.0,0.0,0.0,80.0,-7.0,0.0,80.0,1.3962634,0.0,0.0,0.0,3.09951371,-1.15356108,1.16376343,11.71652379,-12.24250723,17.91312622,48.1452516,135.60909598,32.65803141,35.0000001,3.64176811,-6.10466418,-10.96347929,80.73869104,130.10889203,7.68309917,10.29075157
1760625095.261,-0.11631475,-0.1800454,1.87761335,-0.02469244,0.96230839,0.01645078,80.0,-7.0,0.0,80.0,1.3962634,0.0,0.0,0.0,80.0,-7.0,0.0,80.0,1.3962634,0.0,0.0,0.0,3.03801337,-1.11849891,1.1443741,11.57005682,-12.23795105,17.5200085,49.34645752,138.1125954,28.19043639,35.0000001,3.70782214,-6.05601591,-10.95364663,80.71314197,130.10563069,7.68503041,10.29794761
1760625095.295,-0.09812256,-0.1875647,1.8914143,-0.02537686,0.96195483,0.01697073,80.0,-7.0,0.0,80.0,1.3962634,0.0,0.0,0.0,80.0,-7.0,0.0,80.0,1.3962634,0.0,0.0,0.0,3.08568822,-1.04456431,1.09360861,11.01742375,-12.18914818,17.05332189,50.98116562,142.36839859,19.71912026,35.0000001,3.62909621,-5.99915797,-10.93305405,80.70665994,130.0688837,7.6721771,10.28515811
1760625095.328,-0.09379339,-0.19279559,1.89660497,-0.02578373,0.96177865,0.01734112,80.0,-7.0,0.0,80.0,1.3962634,0.0,0.0,0.0,80.0,-7.0,0.0,80.0,1.3962634,0.0,0.0,0.0,3.18998244,-1.03384202,1.06416625,10.55440512,-12.07588761,16.79406094,51.93740563,145.22315887,12.69551657,35.0000001,3.50142202,-6.01064408,-10.91486215,80.70903992,130.03505412,7.65228066,10.2684887
1760625095.362,-0.08919719,-0.20371391,1.8947137,-0.02541344,0.96075544,0.01706647,80.0,-7.0,0.0,80.0,1.3962634,0.0,0.0,0.0,80.0,-7.0,0.0,80.0,1.3962634,0.0,0.0,0.0,3.17656141,-0.97090323,1.40376514,10.98956126,-12.06706824,16.07936283,53.09603669,147.53340402,6.82761832,35.0000001,3.50218844,-5.94588005,-10.53282694,80.7533427,130.05015039,7.66446019,10.26991862
1760625095.395,-0.07908434,-0.21570816,1.89709941,-0.02453561,0.96057089,0.01668143,80.0,-7.0,0.0,80.0,1.3962634,0.0,0.0,0.0,80.0,-7.0,0.0,80.0,1.3962634,0.0,0.0,0.0,3.22109229,-0.96732345,1.57674735,11.01612686,-11.95692856,15.64146606,54.27429672,150.12384803,-1.31174343,35.0000001,3.43581887,-5.98419223,-10.29598539,80.7760398,130.01925627,7.6405868,10.26154102
1760625095.428,-0.083535,-0.22489803,1.89973483,-0.02404727,0.96037674,0.01585244,80.0,-7.0,0.0,80.0,1.3962634,0.0,0.0,0.0,80.0,-7.0,0.0,80.0,1.3962634,0.0,0.0,0.0,3.29790808,-0.99306603,1.89308414,11.46088591,-12.01184432,14.99699989,55.28305548,151.82960797,-6.03014771,35.0000001,3.32684766,-5.99256041,-9.98323341,80.85721095,130.0573993,7.62370966,10.26220699
1760625095.462,-0.08553805,-0.22230979,1.89892042,-0.02177978,0.96076221,0.01460983,80.0,-7.0,0.0,80.0,1.3962634,0.0,0.0,0.0,80.0,-7.0,0.0,80.0,1.3962634,0.0,0.0,0.0,3.33376427,-0.98302301,2.10399164,12.11832371,-12.28403713,14.40261716,56.64457778,153.32903479,-9.69208343,35.0000001,3.29965365,-5.97362297,-9.78927146,80.88117759,130.06380812,7.62667381,10.28623998
1760625095.495,-0.08948796,-0.22706579,1.90850384,-0.02227113,0.96088666,0.01406865,80.0,-7.0,0.0,80.0,1.3962634,0.0,0.0,0.0,80.0,-7.0,0.0,80.0,1.3962634,0.0,0.0,0.0,3.39590995,-1.04256343,2.23707353,12.5578366,-12.47164734,13.93083358,57.66559231,155.47848504,-15.96434652,35.0000001,3.2894062,-6.06185722,-9.6422531,80.85611903,130.0488232,7.58093365,10.28248936
1760625095.529,-0.09385364,-0.22644159,1.91425649,-0.02301064,0.96130268,0.01371165,80.0,-7.0,0.0,80.0,1.3962634,0.0,0.0,0.0,80.0,-7.0,0.0,80.0,1.3962634,0.0,0.0,0.0,3.44318722,-1.15727377,2.25330017,12.93348123,-12.44898514,13.56957832,58.28206266,157.1566043,-20.27027789,35.0000001,3.28702979,-6.21128905,-9.59906851,80.82842887,130.0139743,7.5481306,10.28667452
1760625095.562,-0.08222048,-0.21777242,1.92542235,-0.02982941,0.96172549,0.01340266,80.0,-7.0,0.0,80.0,1.3962634,0.0,0.0,0.0,80.0,-7.0,0.0,80.0,1.3962634,0.0,0.0,0.0,3.18713176,-1.2776962,2.10529889,13.51218106,-12.53390556,13.53394121,58.2264289,158.60324825,-25.2026149,35.0000001,3.64277151,-6.39387953,-9.71416535,80.70046157,129.92068169,7.52538396,10.25827414
1760625095.596,-0.07441942,-0.20077316,1.91954628,-0.03280504,0.96257842,0.01359485,80.0,-7.0,0.0,80.0,1.3962634,0.0,0.0,0.0,80.0,-7.0,0.0,80.0,1.3962634,0.0,0.0,0.0,3.32434149,-1.49431866,1.89324472,13.42632468,-12.58938144,13.37176495,58.40724827,160.45292933,-31.47265754,35.0000001,3.52713182,-6.65340646,-9.9535502,80.64130199,129.90226275,7.50603994,10.2762145
1760625095.629,-0.0674825,-0.18875918,1.92270718,-0.03494634,0.9640112,0.01374787,80.0,-7.0,0.0,80.0,1.3962634,0.0,0.0,0.0,80.0,-7.0,0.0,80.0,1.3962634,0.0,0.0,0.0,3.51066217,-1.71419242,1.54778799,12.80291878,-12.60702558,13.13578274,58.94422769,162.21834505,-36.75161459,35.0000001,3.31456054,-6.91533456,-10.3201113,80.60253077,129.88355679,7.48995283,10.28172056
1760625095.663,-0.05247887,-0.1750076,1.92259071,-0.03286746,0.96524402,0.01409955,80.0,-7.0,0.0,80.0,1.3962634,0.0,0.0,0.0,80.0,-7.0,0.0,80.0,1.3962634,0.0,0.0,0.0,3.85738755,-1.87022192,1.2811251,11.9613732,-12.80667871,12.78943459,59.53481422,163.92409856,-42.1255893,35.0000001,2.87474229,-7.10326947,-10.62762579,80.62675339,129.88428665,7.47256438,10.26332054
1760625095.696,-0.04721788,-0.16220764,1.91314363,-0.02700023,0.96565817,0.01389922,80.0,-7.0,0.0,80.0,1.3962634,0.0,0.0,0.0,80.0,-7.0,0.0,80.0,1.3962634,0.0,0.0,0.0,4.07019683,-1.8846318,1.2895706,11.85802624,-13.22894504,12.35772658,58.81664544,165.4018878,-48.86638552,35.0000001,2.51380851,-7.15269658,-10.68194129,80.7122396,129.86282322,7.45471574,10.24865034
1760625095.729,-0.04850047,-0.1539814,1.90808855,-0.02324549,0.96592868,0.01425546,80.0,-7.0,0.0,80.0,1.3962634,0.0,0.0,0.0,80.0,-7.0,0.0,80.0,1.3962634,0.0,0.0,0.0,4.27960988,-1.88905499,1.30851444,11.60842512,-13.31809749,10.96466419,61.92846366,167.35731904,-49.71133628,35.0000001,2.21616677,-7.18405706,-10.71840528,80.75925047,129.85755971,7.44821636,10.25380501
1760625095.763,-0.05328133,-0.149106,1.90556686,-0.01962358,0.96553485,0.01422199,80.0,-7.0,0.0,80.0,1.3962634,0.0,0.0,0.0,80.0,-7.0,0.0,80.0,1.3962634,0.0,0.0,0.0,4.38772843,-1.8258996,1.35566574,11.54737293,-13.3131212,10.20562968,63.51417331,168.68990776,-50.67588973,35.0000001,2.03725412,-7.13374243,-10.71116704,80.79621625,129.87402383,7.45706773,10.27037927
1760625095.796,-0.05866597,-0.14865688,1.89753375,-0.01444,0.9650297,0.01441757,80.0,-7.0,0.0,80.0,1.3962634,0.0,0.0,0.0,80.0,-7.0,0.0,80.0,1.3962634,0.0,0.0,0.0,4.08959937,-1.68536713,1.50179773,12.32135474,-13.63777372,9.54749136,64.32615161,169.41226808,-51.77680068,35.0000001,2.23603933,-6.98960422,-10.59815367,80.87594051,129.89821225,7.47536981,10.29283071
1760625095.83,-0.05732172,-0.14330712,1.89353526,-0.01198323,0.96479898,0.01472553,80.0,-7.0,0.0,80.0,1.3962634,0.0,0.0,0.0,80.0,-7.0,0.0,80.0,1.3962634,0.0,0.0,0.0,4.03701707,-1.61313477,1.63332944,12.60682522,-13.69239054,8.87532823,65.55189954,169.96966533,-51.56836895,35.0000001,2.26003155,-6.89807237,-10.47464347,80.90009034,129.90924323,7.47319234,10.29478048
1760625095.863,-0.0613886,-0.14423573,1.89215161,-0.01242208,0.9646087,0.01438978,80.0,-7.0,0.0,80.0,1.3962634,0.0,0.0,0.0,80.0,-7.0,0.0,80.0,1.3962634,0.0,0.0,0.0,3.94252443,-1.56047237,1.77172851,12.9080616,-13.59515073,8.52688931,65.60841859,170.16657616,-51.8360272,35.0000001,2.37289689,-6.80988483,-10.33387223,80.9133661,129.94099335,7.4763962,10.30012365
1760625095.897,-0.04897395,-0.14953128,1.90333452,-0.01337843,0.96400112,0.01422991,80.0,-7.0,0.0,80.0,1.3962634,0.0,0.0,0.0,80.0,-7.0,0.0,80.0,1.3962634,0.0,0.0,0.0,3.78063963,-1.53416721,1.89722796,13.12309884,-13.4502479,8.1701931,65.37738809,170.00100699,-51.76224608,35.0000001,2.53510663,-6.78329991,-10.18667123,80.92348446,129.90275949,7.46346445,10.29595638
1760625095.963,-0.04615415,-0.14600765,1.90347196,-0.01362625,0.96380869,0.01433852,80.0,-7.0,0.0,80.0,1.3962634,0.0,0.0,0.0,80.0,-7.0,0.0,80.0,1.3962634,0.0,0.0,0.0,3.61278356,-1.53432585,2.02633285,13.34946863,-13.17913952,7.17198018,65.97543719,169.78994114,-46.55585232,35.0000001,2.72729369,-6.79114001,-10.03594865,80.94816749,129.90274009,7.45625723,10.31029856
1760625095.997,-0.0368441,-0.13847439,1.89540081,-0.01355823,0.96375181,0.01449785,80.0,-7.0,0.0,80.0,1.3962634,0.0,0.0,0.0,80.0,-7.0,0.0,80.0,1.3962634,0.0,0.0,0.0,3.53786259,-1.5429298,2.0239957,13.39534097,-13.1001517,6.93469278,66.64066659,168.74329181,-41.83152409,35.0000001,2.8033964,-6.80413319,-10.01924436,80.95998064,129.91205144,7.46200557,10.36825068
1760625096.031,-0.02581433,-0.13529084,1.89392841,-0.01241226,0.96462341,0.01468847,80.0,-7.0,0.0,80.0,1.3962634,0.0,0.0,0.0,80.0,-7.0,0.0,80.0,1.3962634,0.0,0.0,0.0,3.33976519,-1.49967887,2.08306101,13.61965327,-13.21235118,6.43589974,67.39168166,167.95557484,-36.1873681,35.0000001,3.01661766,-6.79811171,-9.91300788,80.94391621,129.88260291,7.43870869,10.37921958
1760625096.064,-0.01324541,-0.13359684,1.8972291,-0.01184254,0.96545314,0.01497094,80.0,-7.0,0.0,80.0,1.3962634,0.0,0.0,0.0,80.0,-7.0,0.0,80.0,1.3962634,0.0,0.0,0.0,3.15904429,-1.5586152,2.0358411,13.99082549,-13.36372474,6.56729624,67.00954538,166.44746689,-31.40102521,35.0000001,3.19969701,-6.86335028,-9.88700611,80.92976514,129.84181533,7.42146127,10.3851293
1760625096.097,-0.02059197,-0.12385812,1.87929178,-0.01170279,0.96717691,0.0156005,80.0,-7.0,0.0,80.0,1.3962634,0.0,0.0,0.0,80.0,-7.0,0.0,80.0,1.3962634,0.0,0.0,0.0,3.14031831,-1.70102329,2.0407105,14.60189006,-13.59457415,7.98646414,64.95854064,163.05901339,-29.02708519,35.0000001,3.26097479,-6.98288283,-9.78430255,80.92040108,129.84141268,7.41575924,10.42013137
1760625096.131,-0.01697815,-0.13057188,1.86457213,-0.01455599,0.96814677,0.01590533,80.0,-7.0,0.0,80.0,1.3962634,0.0,0.0,0.0,80.0,-7.0,0.0,80.0,1.3962634,0.0,0.0,0.0,3.0690609,-1.78620042,2.0575965,14.84222903,-13.75928008,8.57616182,63.77429378,161.55957259,-25.99872595,35.0000001,3.3857033,-7.0900112,-9.67791899,80.87633104,129.76086596,7.38772371,10.38262388
1760625096.164,0.01079312,-0.1328361,1.87309068,-0.01854832,0.9686647,0.01572178,80.0,-7.0,0.0,80.0,1.3962634,0.0,0.0,0.0,80.0,-7.0,0.0,80.0,1.3962634,0.0,0.0,0.0,3.16777865,-1.87106758,2.1373864,14.79957811,-13.95867945,8.70706321,63.04568199,160.69007812,-22.57970398,35.0000001,3.23611522,-7.1352568,-9.550525,80.92780624,129.72906546,7.35501149,10.3288847
1760625096.231,-0.00523625,-0.12640579,1.87907311,-0.02289884,0.96777872,0.0165269,80.0,-7.0,0.0,80.0,1.3962634,0.0,0.0,0.0,80.0,-7.0,0.0,80.0,1.3962634,0.0,0.0,0.0,3.20363959,-1.83907033,1.76771222,13.8125204,-14.09188299,11.13025044,59.04226018,158.46516927,-20.80258514,35.0000001,3.1715345,-7.03696361,-9.93225261,80.89794975,129.72414297,7.36529745,10.35192351
1760625096.265,0.00330399,-0.12304149,1.90264561,-0.02562793,0.96809041,0.01660082,80.0,-7.0,0.0,80.0,1.3962634,0.0,0.0,0.0,80.0,-7.0,0.0,80.0,1.3962634,0.0,0.0,0.0,3.38667079,-1.95614139,1.4147915,12.5699357,-13.90181027,12.13596981,57.84510936,157.55543191,-19.37875207,35.0000001,2.93368437,-7.13793282,-10.26476546,80.86322524,129.76757975,7.3692308,10.37402549
1760625096.298,0.00753451,-0.1223054,1.91443425,-0.02714139,0.96820328,0.01563263,80.0,-7.0,0.0,80.0,1.3962634,0.0,0.0,0.0,80.0,-7.0,0.0,80.0,1.3962634,0.0,0.0,0.0,3.53380263,-1.9945673,1.2612339,11.9503838,-13.51540138,12.83949642,57.41324788,156.93097354,-18.07671011,35.0000001,2.75702512,-7.16168657,-10.39829206,80.84727326,129.80608586,7.36682007,10.38297948
1760625096.332,-0.00657909,-0.12296771,1.90842389,-0.0253948,0.96768737,0.01491209,80.0,-7.0,0.0,80.0,1.3962634,0.0,0.0,0.0,80.0,-7.0,0.0,80.0,1.3962634,0.0,0.0,0.0,3.64137538,-1.96697898,1.30649195,11.62515334,-13.19646234,13.18884344,57.08510593,156.39151979,-15.98532475,35.0000001,2.64061169,-7.11430075,-10.37929243,80.86501253,129.80186254,7.35775307,10.39851871
1760625096.365,0.00854771,-0.12072128,1.90941693,-0.02347304,0.96794318,0.01463347,80.0,-7.0,0.0,80.0,1.3962634,0.0,0.0,0.0,80.0,-7.0,0.0,80.0,1.3962634,0.0,0.0,0.0,3.72125732,-2.01237131,1.43072593,11.764522,-12.81392381,14.10424432,55.3908743,155.20343392,-15.10983425,35.0000001,2.53007023,-7.10720392,-10.30045305,80.88499193,129.80588826,7.33764543,10.42142755
1760625096.399,0.01401923,-0.12700348,1.90704151,-0.02271947,0.96753467,0.01468064,80.0,-7.0,0.0,80.0,1.3962634,0.0,0.0,0.0,80.0,-7.0,0.0,80.0,1.3962634,0.0,0.0,0.0,3.64599108,-1.98367119,1.51002363,11.8854349,-12.43753463,14.7685317,54.10246888,154.49198805,-14.76336485,35.0000001,2.64350681,-7.06487196,-10.23182476,80.86789333,129.80607149,7.32970108,10.44195935
1760625096.432,0.01234328,-0.13430964,1.90421885,-0.02416597,0.96665645,0.01431708,80.0,-7.0,0.0,80.0,1.3962634,0.0,0.0,0.0,80.0,-7.0,0.0,80.0,1.3962634,0.0,0.0,0.0,3.69435942,-1.92307994,1.58394418,11.55897916,-12.1206026,15.21870532,52.55393148,154.02529986,-15.05660764,35.0000001,2.62923763,-7.03425129,-10.16976972,80.84761623,129.76847608,7.30428346,10.42819991
1760625096.465,0.02974794,-0.13920029,1.91572603,-0.02348765,0.96640232,0.0140986,80.0,-7.0,0.0,80.0,1.3962634,0.0,0.0,0.0,80.0,-7.0,0.0,80.0,1.3962634,0.0,0.0,0.0,3.69575446,-1.939542,1.65224722,11.6089639,-11.89415033,15.11863063,52.57064726,153.64876832,-14.45096636,35.0000001,2.59772817,-7.05368598,-10.11774145,80.87221899,129.78919923,7.30219639,10.44270168
1760625096.499,0.02860536,-0.14147306,1.91665059,-0.02247957,0.96546942,0.01406522,80.0,-7.0,0.0,80.0,1.3962634,0.0,0.0,0.0,80.0,-7.0,0.0,80.0,1.3962634,0.0,0.0,0.0,3.70066046,-1.88578666,1.7363683,11.64839483,-11.78629259,14.85760209,52.5923117,153.72718491,-13.98834548,35.0000001,2.57233611,-7.01059733,-10.05696176,80.88283423,129.80259246,7.29668969,10.46487233
1760625096.532,0.02730067,-0.14864271,1.92056888,-0.02061632,0.96527417,0.01359298,80.0,-7.0,0.0,80.0,1.3962634,0.0,0.0,0.0,80.0,-7.0,0.0,80.0,1.3962634,0.0,0.0,0.0,3.75853562,-1.84835258,1.82499577,11.71462308,-11.79362328,14.46480681,52.93582031,153.84394122,-13.46509412,35.0000001,2.4719572,-6.99237631,-10.00575957,80.90122237,129.80825772,7.28232429,10.4569367
1760625096.566,0.04368413,-0.15322914,1.93123689,-0.02009959,0.96455991,0.01314866,80.0,-7.0,0.0,80.0,1.3962634,0.0,0.0,0.0,80.0,-7.0,0.0,80.0,1.3962634,0.0,0.0,0.0,3.77088696,-1.78954187,1.9037846,11.73755801,-11.70911118,14.34480817,52.69117264,153.79863303,-14.04348297,35.0000001,2.40532267,-6.94832459,-9.93467906,80.90808319,129.81814072,7.26692259,10.46548908
1760625096.633,0.02877603,-0.16060185,1.93135346,-0.02029315,0.9638366,0.01275011,80.0,-7.0,0.0,80.0,1.3962634,0.0,0.0,0.0,80.0,-7.0,0.0,80.0,1.3962634,0.0,0.0,0.0,3.84603266,-1.79716926,1.97303104,11.95033385,-11.61271296,14.21601086,52.43596389,153.81480748,-15.0235697,35.0000001,2.36295416,-6.96584632,-9.84065578,80.87579038,129.83375632,7.26694233,10.46774118
1760625096.666,0.02134769,-0.17381799,1.943857,-0.01813779,0.96371499,0.01247535,80.0,-7.0,0.0,80.0,1.3962634,0.0,0.0,0.0,80.0,-7.0,0.0,80.0,1.3962634,0.0,0.0,0.0,3.78215208,-1.78064884,1.90075656,12.27329023,-11.6444829,14.26318782,52.42031705,153.62547214,-15.44345442,35.0000001,2.50235015,-6.95928971,-9.86852344,80.82071416,129.82202254,7.27062862,10.46889376
1760625096.7,0.01274029,-0.17076829,1.95111637,-0.0164954,0.96380375,0.01248143,80.0,-7.0,0.0,80.0,1.3962634,0.0,0.0,0.0,80.0,-7.0,0.0,80.0,1.3962634,0.0,0.0,0.0,3.83773753,-1.79948396,1.93449618,12.43148063,-11.64176102,14.17254339,52.51011649,153.50059541,-15.58193211,35.0000001,2.43413829,-6.96645717,-9.81597412,80.86547694,129.82447798,7.27929697,10.46045719
1760625096.733,-0.00441174,-0.16660203,1.95361988,-0.01718786,0.96398228,0.0124757,80.0,-7.0,0.0,80.0,1.3962634,0.0,0.0,0.0,80.0,-7.0,0.0,80.0,1.3962634,0.0,0.0,0.0,3.77963807,-1.81349677,1.99442137,12.76641939,-11.70248983,14.25795392,52.21388934,153.28700518,-16.14070314,35.0000001,2.55677968,-6.98174813,-9.72452249,80.85001557,129.83287151,7.2813138,10.47249074
1760625096.8,-0.02602668,-0.15070405,1.96345836,-0.02081088,0.96408804,0.01262094,80.0,-7.0,0.0,80.0,1.3962634,0.0,0.0,0.0,80.0,-7.0,0.0,80.0,1.3962634,0.0,0.0,0.0,3.49679473,-1.83669265,2.08662167,13.65211179,-11.83924138,14.13844646,52.32606862,153.16696371,-16.26823698,35.0000001,2.9865416,-7.01429266,-9.52521972,80.77921017,129.83576454,7.23431559,10.4923404
1760625096.833,-0.03791242,-0.14129999,1.96062314,-0.02264958,0.96443275,0.01299196,80.0,-7.0,0.0,80.0,1.3962634,0.0,0.0,0.0,80.0,-7.0,0.0,80.0,1.3962634,0.0,0.0,0.0,3.36197704,-1.89264684,2.10308939,14.06835688,-11.89353131,14.15780594,52.28036183,153.0179394,-16.09257182,35.0000001,3.18247005,-7.07201216,-9.48247391,80.74760762,129.79704574,7.20334041,10.48060428
1760625096.867,-0.05410268,-0.13227562,1.94596606,-0.02314759,0.96472283,0.01289742,80.0,-7.0,0.0,80.0,1.3962634,0.0,0.0,0.0,80.0,-7.0,0.0,80.0,1.3962634,0.0,0.0,0.0,3.28516673,-1.92789058,2.15237651,14.40442124,-11.97274134,14.17364451,52.26592462,152.94101143,-15.80526053,35.0000001,3.29623042,-7.05644444,-9.45829284,80.77267658,129.82476211,7.22145827,10.51486523
1760625096.9,-0.06471876,-0.12936641,1.94064778,-0.0217179,0.96511921,0.0125509,80.0,-7.0,0.0,80.0,1.3962634,0.0,0.0,0.0,80.0,-7.0,0.0,80.0,1.3962634,0.0,0.0,0.0,3.17898004,-1.94682485,2.20716726,14.88818568,-12.07500645,13.97136587,52.63437262,153.07046957,-15.0884114,35.0000001,3.45917866,-7.04222734,-9.39593739,80.75699086,129.80796636,7.21316903,10.52361337
1760625096.934,-0.07333955,-0.12510486,1.94324322,-0.02057611,0.96567735,0.0126697,80.0,-7.0,0.0,80.0,1.3962634,0.0,0.0,0.0,80.0,-7.0,0.0,80.0,1.3962634,0.0,0.0,0.0,3.19856199,-1.98209282,2.24155602,14.90924724,-12.11770327,13.81725854,52.91854416,153.16860899,-14.78433453,35.0000001,3.44970071,-7.04975168,-9.36531053,80.77367055,129.82435377,7.18849689,10.50063945
1760625096.967,-0.08061009,-0.11650925,1.94764709,-0.01878739,0.96592811,0.0127889,80.0,-7.0,0.0,80.0,1.3962634,0.0,0.0,0.0,80.0,-7.0,0.0,80.0,1.3962634,0.0,0.0,0.0,3.27050487,-2.03642084,2.26009911,14.84952245,-12.0817449,13.7547048,52.97560723,153.14261253,-14.74239249,35.0000001,3.36065646,-7.05525504,-9.36831491,80.82561333,129.86701323,7.21094292,10.51773365
1760625097.001,-0.10834794,-0.11913946,1.9533246,-0.01784528,0.96598427,0.01253634,80.0,-7.0,0.0,80.0,1.3962634,0.0,0.0,0.0,80.0,-7.0,0.0,80.0,1.3962634,0.0,0.0,0.0,3.30766794,-2.04183522,2.25457334,14.86086632,-12.10365773,13.725836,52.99297916,153.1747696,-14.76001325,35.0000001,3.35305631,-7.05867902,-9.37198192,80.82845564,129.87799236,7.2283547,10.52468881
1760625097.034,-0.1226361,-0.12386845,1.94720191,-0.01737708,0.9657268,0.01242383,80.0,-7.0,0.0,80.0,1.3962634,0.0,0.0,0.0,80.0,-7.0,0.0,80.0,1.3962634,0.0,0.0,0.0,3.35261006,-2.03224267,2.28651332,14.8396609,-12.10182604,13.63732626,53.05361157,153.25588712,-14.65799914,35.0000001,3.28409862,-7.02065523,-9.34930748,80.88317295,129.93826908,7.22786262,10.54143405
1760625097.068,-0.11534531,-0.13019217,1.95786763,-0.02059024,0.96577488,0.01255233,80.0,-7.0,0.0,80.0,1.3962634,0.0,0.0,0.0,80.0,-7.0,0.0,80.0,1.3962634,0.0,0.0,0.0,3.21644198,-2.01540846,2.23027237,14.94306651,-12.13273925,13.65682183,53.21599344,153.10381616,-14.376034,35.0000001,3.45508227,-7.04120001,-9.3814284,80.84259328,129.88336173,7.22028974,10.51111233
1760625097.101,-0.10246982,-0.13038193,1.94594004,-0.02257651,0.96580501,0.01287239,80.0,-7.0,0.0,80.0,1.3962634,0.0,0.0,0.0,80.0,-7.0,0.0,80.0,1.3962634,0.0,0.0,0.0,3.13017654,-2.03104209,2.21724506,14.93960374,-12.06992085,13.73499411,53.24824439,152.79299966,-14.06695905,35.0000001,3.5378843,-7.05012428,-9.42116774,80.85117888,129.90239252,7.23404458,10.52622986
1760625097.134,-0.10505698,-0.13248514,1.93844486,-0.02365353,0.96579139,0.01318808,80.0,-7.0,0.0,80.0,1.3962634,0.0,0.0,0.0,80.0,-7.0,0.0,80.0,1.3962634,0.0,0.0,0.0,3.12870937,-2.00795997,2.18211333,14.90020203,-12.12125525,13.77692939,53.47177648,152.50563374,-13.23921995,35.0000001,3.56111388,-7.02187578,-9.49004611,80.84364034,129.92703427,7.23921909,10.54857903
1760625097.168,-0.08385453,-0.13891646,1.93396265,-0.02365489,0.96569484,0.01371069,80.0,-7.0,0.0,80.0,1.3962634,0.0,0.0,0.0,80.0,-7.0,0.0,80.0,1.3962634,0.0,0.0,0.0,3.0673005,-1.96847652,2.17919527,14.94966852,-12.20115672,13.65735555,54.21591598,151.58847422,-9.94221697,35.0000001,3.63791426,-6.99696915,-9.51458094,80.82778735,129.92398909,7.23207469,10.55878529
1760625097.201,-0.05871958,-0.14147704,1.93646095,-0.02586876,0.96578207,0.01445687,80.0,-7.0,0.0,80.0,1.3962634,0.0,0.0,0.0,80.0,-7.0,0.0,80.0,1.3962634,0.0,0.0,0.0,2.93405309,-1.94123593,2.15796957,15.23484334,-12.29638583,13.85030007,54.36401882,149.95243441,-5.49187006,35.0000001,3.78492214,-6.99488444,-9.53457466,80.79488999,129.90178094,7.21387364,10.55044062
1760625097.235,-0.05640159,-0.14911993,1.92795549,-0.02852861,0.9661725,0.01599131,80.0,-7.0,0.0,80.0,1.3962634,0.0,0.0,0.0,80.0,-7.0,0.0,80.0,1.3962634,0.0,0.0,0.0,2.77794191,-1.94869068,2.13839431,15.87841452,-12.36202712,14.73187168,53.59783653,146.6894565,2.82895994,35.0000001,4.00016481,-7.01836882,-9.55845956,80.75285723,129.90543979,7.21135288,10.57433445
1760625097.268,-0.0541219,-0.1554173,1.92212716,-0.0280946,0.96634107,0.01684193,80.0,-7.0,0.0,80.0,1.3962634,0.0,0.0,0.0,80.0,-7.0,0.0,80.0,1.3962634,0.0,0.0,0.0,2.50531722,-1.96802901,2.14226992,16.78003472,-12.52437324,15.64748965,52.63106828,143.31932966,9.94182821,35.0000001,4.39553215,-7.03872131,-9.53945201,80.64300826,129.89134075,7.20964477,10.59811512
1760625097.302,-0.04230299,-0.16562648,1.92316537,-0.02784202,0.96576657,0.01773761,80.0,-7.0,0.0,80.0,1.3962634,0.0,0.0,0.0,80.0,-7.0,0.0,80.0,1.3962634,0.0,0.0,0.0,2.33170261,-1.89940259,2.17945061,17.16690756,-12.9257254,16.82017637,50.86344932,139.79818946,15.74186303,35.0000001,4.58411552,-6.96455155,-9.50781647,80.62716212,129.85065255,7.20500156,10.59644721
1760625097.335,-0.04063205,-0.18058572,1.92711937,-0.0267337,0.96584259,0.0177399,80.0,-7.0,0.0,80.0,1.3962634,0.0,0.0,0.0,80.0,-7.0,0.0,80.0,1.3962634,0.0,0.0,0.0,2.31506945,-1.94952557,2.35290028,17.63868543,-12.9399062,17.73452616,48.57155134,136.49983964,21.49123035,35.0000001,4.58961381,-6.9145586,-9.37976958,80.68423653,129.85245582,7.21193182,10.60605652
1760625097.368,-0.04385497,-0.18653407,1.93685199,-0.02535927,0.96578821,0.01732461,80.0,-7.0,0.0,80.0,1.3962634,0.0,0.0,0.0,80.0,-7.0,0.0,80.0,1.3962634,0.0,0.0,0.0,2.15734908,-1.99850277,2.46979439,17.75809702,-12.78260545,18.03847487,46.96768282,135.42075218,24.07481665,35.0000001,4.75950218,-6.86947465,-9.30896962,80.70729688,129.88932257,7.22854757,10.626794
1760625097.402,-0.05019866,-0.18805904,1.94836368,-0.02211868,0.96538177,0.01521215,80.0,-7.0,0.0,80.0,1.3962634,0.0,0.0,0.0,80.0,-7.0,0.0,80.0,1.3962634,0.0,0.0,0.0,2.2680933,-1.83363392,2.57711861,17.35905162,-12.74198651,18.216806,45.51050187,134.42020205,26.58952863,35.0000001,4.5481784,-6.58170559,-9.30528768,80.82214662,130.0152416,7.24420454,10.65706887
1760625097.435,-0.04460041,-0.18433877,1.96845503,-0.01907966,0.96469612,0.01368272,80.0,-7.0,0.0,80.0,1.3962634,0.0,0.0,0.0,80.0,-7.0,0.0,80.0,1.3962634,0.0,0.0,0.0,2.35031092,-1.63422599,2.5930695,17.08128896,-12.74623646,18.25901252,44.50041357,132.33685674,31.34483739,35.0000001,4.33959326,-6.3421746,-9.41075353,80.89069795,130.0386946,7.26064658,10.68174314
1760625097.469,-0.02988739,-0.18100427,1.97424771,-0.01684348,0.96410933,0.0133567,80.0,-7.0,0.0,80.0,1.3962634,0.0,0.0,0.0,80.0,-7.0,0.0,80.0,1.3962634,0.0,0.0,0.0,2.51322258,-1.50593952,2.55788126,16.65122795,-12.80684842,18.48319747,43.93140418,130.75698733,34.55210451,35.0000001,4.10130066,-6.22894549,-9.52480555,80.91098698,130.10056228,7.29147929,10.71893939
1760625097.502,-0.02770065,-0.17657391,1.96447249,-0.01481805,0.96263138,0.01448983,80.0,-7.0,0.0,80.0,1.3962634,0.0,0.0,0.0,80.0,-7.0,0.0,80.0,1.3962634,0.0,0.0,0.0,2.75526812,-1.49165069,2.53882494,15.8755829,-12.58226705,18.79201246,43.46233738,129.93644776,36.55902621,35.0000001,3.81815582,-6.26420819,-9.57612357,80.90737247,130.10475659,7.28939921,10.74359667
1760625097.536,-0.02251705,-0.17584156,1.9453729,-0.01343573,0.96188025,0.01601923,80.0,-7.0,0.0,80.0,1.3962634,0.0,0.0,0.0,80.0,-7.0,0.0,80.0,1.3962634,0.0,0.0,0.0,2.89412832,-1.49352291,2.43911688,15.17512339,-12.55784303,19.00969416,43.35487059,128.84566872,38.75512348,35.0000001,3.64648493,-6.31829085,-9.7270061,80.89615207,130.07566675,7.26214654,10.76677409
1760625097.569,-0.00988979,-0.17213551,1.93758701,-0.01246694,0.96154659,0.01678342,80.0,-7.0,0.0,80.0,1.3962634,0.0,0.0,0.0,80.0,-7.0,0.0,80.0,1.3962634,0.0,0.0,0.0,3.07394464,-1.52547238,2.42492156,14.6876227,-12.48867954,18.89299472,43.44338867,128.44220749,39.73511438,35.0000001,3.4375838,-6.34149728,-9.803693,80.90525739,130.04363102,7.25640065,10.76850377
1760625097.603,-0.00595054,-0.17357097,1.92562045,-0.01417645,0.96113643,0.01756172,80.0,-7.0,0.0,80.0,1.3962634,0.0,0.0,0.0,80.0,-7.0,0.0,80.0,1.3962634,0.0,0.0,0.0,2.99241062,-1.51588923,2.34863223,14.5134076,-12.41475879,18.77037799,43.42148857,128.5919746,39.98092633,35.0000001,3.54072379,-6.32641696,-9.92155163,80.87758294,129.99455059,7.24599227,10.7559341
1760625097.636,-0.00841901,-0.17785935,1.91865958,-0.01620933,0.96128276,0.01791674,80.0,-7.0,0.0,80.0,1.3962634,0.0,0.0,0.0,80.0,-7.0,0.0,80.0,1.3962634,0.0,0.0,0.0,2.93966781,-1.52414297,2.34860308,14.40013967,-12.380514,18.41472351,43.6725056,129.10819444,39.41432742,35.0000001,3.62473151,-6.33226143,-9.92225401,80.87607108,129.95749516,7.22734343,10.75038111
1760625097.67,8.385e-05,-0.1772497,1.91840654,-0.01862544,0.96105916,0.01753272,80.0,-7.0,0.0,80.0,1.3962634,0.0,0.0,0.0,80.0,-7.0,0.0,80.0,1.3962634,0.0,0.0,0.0,2.84641486,-1.46903679,2.2350557,14.21644742,-12.45394158,18.18906117,44.14217849,129.89010588,37.96951243,35.0000001,3.73072694,-6.28471427,-10.01171407,80.83940516,129.94548243,7.22022823,10.74252365
1760625097.703,0.00035981,-0.17662932,1.91671677,-0.02071288,0.96082501,0.01747518,80.0,-7.0,0.0,80.0,1.3962634,0.0,0.0,0.0,80.0,-7.0,0.0,80.0,1.3962634,0.0,0.0,0.0,2.91955977,-1.42623055,2.09384255,13.46227878,-12.35913793,18.01322649,44.68948223,131.58159879,34.97406679,35.0000001,3.64053873,-6.24980436,-10.13639946,80.84773513,129.96574827,7.2435343,10.76858069
1760625097.737,-0.00452447,-0.17748907,1.91985573,-0.02026435,0.96067452,0.01790049,80.0,-7.0,0.0,80.0,1.3962634,0.0,0.0,0.0,80.0,-7.0,0.0,80.0,1.3962634,0.0,0.0,0.0,3.02410996,-1.43738678,2.0302343,12.82696288,-12.23033901,17.56876719,45.80417678,135.18374038,29.30106733,35.0000001,3.52145444,-6.26099679,-10.16259121,80.84484144,129.96844873,7.24204335,10.76945441
1760625097.77,0.01025926,-0.17629645,1.92132297,-0.02013172,0.96039794,0.01775429,80.0,-7.0,0.0,80.0,1.3962634,0.0,0.0,0.0,80.0,-7.0,0.0,80.0,1.3962634,0.0,0.0,0.0,3.14152217,-1.42838898,1.92048376,12.04522303,-12.0779701,17.41223054,46.8457737,138.23969367,23.1458582,35.0000001,3.37287482,-6.24213557,-10.24801432,80.84255555,129.94920046,7.22754617,10.75639476
1760625097.803,0.03167618,-0.17754373,1.92613763,-0.02115659,0.96080789,0.01828858,80.0,-7.0,0.0,80.0,1.3962634,0.0,0.0,0.0,80.0,-7.0,0.0,80.0,1.3962634,0.0,0.0,0.0,3.12267792,-1.40359761,1.79687971,11.6578359,-12.04853194,17.28618175,47.71236056,140.792603,16.39662992,35.0000001,3.41050653,-6.24978452,-10.32544482,80.78533989,129.90788555,7.20526924,10.73482018
1760625097.837,0.03892102,-0.17832288,1.93202451,-0.0206173,0.96072673,0.01856784,80.0,-7.0,0.0,80.0,1.3962634,0.0,0.0,0.0,80.0,-7.0,0.0,80.0,1.3962634,0.0,0.0,0.0,3.21860705,-1.36069447,1.72085231,11.17585804,-11.97801088,17.14579938,48.94130358,143.86140096,8.035088,35.0000001,3.31663499,-6.24782918,-10.3579366,80.76638917,129.87670259,7.20663709,10.72482951
1760625097.87,0.05339805,-0.18115343,1.93310107,-0.02217634,0.96037666,0.017908,80.0,-7.0,0.0,80.0,1.3962634,0.0,0.0,0.0,80.0,-7.0,0.0,80.0,1.3962634,0.0,0.0,0.0,3.17118984,-1.25646006,1.9469995,11.59009472,-12.15126745,16.67790323,50.31434721,145.54878367,2.88117485,35.0000001,3.37742314,-6.14636632,-10.10682352,80.76191311,129.88102957,7.1936966,10.71192426
1760625097.904,0.06525274,-0.18327087,1.93246754,-0.02230679,0.95959363,0.01744678,80.0,-7.0,0.0,80.0,1.3962634,0.0,0.0,0.0,80.0,-7.0,0.0,80.0,1.3962634,0.0,0.0,0.0,3.08373649,-1.19427512,2.19916655,12.33026833,-12.35200706,16.09171615,51.71412709,147.23022004,-1.7775517,35.0000001,3.47727785,-6.08892688,-9.83339462,80.75281669,129.86728673,7.17318502,10.7056086
1760625097.937,0.05124459,-0.17997776,1.92525562,-0.02185068,0.95971754,0.01755589,80.0,-7.0,0.0,80.0,1.3962634,0.0,0.0,0.0,80.0,-7.0,0.0,80.0,1.3962634,0.0,0.0,0.0,3.09649807,-1.20503966,2.30660164,12.53901312,-12.35287211,16.05746083,52.2271907,149.43312828,-8.95698256,35.0000001,3.48281982,-6.11849267,-9.73157217,80.75714002,129.86661563,7.15826311,10.70525444
1760625097.971,0.06118767,-0.17872241,1.92667547,-0.01997199,0.9599521,0.01724076,80.0,-7.0,0.0,80.0,1.3962634,0.0,0.0,0.0,80.0,-7.0,0.0,80.0,1.3962634,0.0,0.0,0.0,3.12058498,-1.24850959,2.41536527,13.00878456,-12.43699987,15.81050744,52.91961771,151.01697941,-13.35586376,35.0000001,3.45474414,-6.15650568,-9.62771525,80.7683475,129.86615424,7.12718391,10.69185708
1760625098.004,0.06039541,-0.17213083,1.9316276,-0.01839195,0.96057497,0.01670342,80.0,-7.0,0.0,80.0,1.3962634,0.0,0.0,0.0,80.0,-7.0,0.0,80.0,1.3962634,0.0,0.0,0.0,3.2642911,-1.31756053,2.43618121,13.136339,-12.52307083,15.71704845,53.25358876,152.32741937,-18.1966701,35.0000001,3.28469189,-6.19778355,-9.62340003,80.81540302,129.87996816,7.11420824,10.68435011
1760625098.037,0.05667019,-0.16478662,1.93872255,-0.01912987,0.96150098,0.01625543,80.0,-7.0,0.0,80.0,1.3962634,0.0,0.0,0.0,80.0,-7.0,0.0,80.0,1.3962634,0.0,0.0,0.0,3.24786868,-1.44413514,2.40852179,13.54966056,-12.57999724,15.84560448,52.4073983,154.1918774,-25.97865341,35.0000001,3.33713799,-6.3090234,-9.64533837,80.80841913,129.88398089,7.09078141,10.66031905
1760625098.071,0.05352239,-0.15665194,1.93974869,-0.02034366,0.96278554,0.0152239,80.0,-7.0,0.0,80.0,1.3962634,0.0,0.0,0.0,80.0,-7.0,0.0,80.0,1.3962634,0.0,0.0,0.0,3.24591099,-1.56732006,2.32423534,13.97857578,-12.74138227,15.75057436,51.8234339,155.94965909,-31.60545483,35.0000001,3.36440117,-6.42820109,-9.72638523,80.78225311,129.87671368,7.05600687,10.64210598
1760625098.104,0.05180038,-0.15376478,1.95592249,-0.0263716,0.96400193,0.01478263,80.0,-7.0,0.0,80.0,1.3962634,0.0,0.0,0.0,80.0,-7.0,0.0,80.0,1.3962634,0.0,0.0,0.0,3.20710434,-1.61200883,2.1112839,13.8777123,-13.00109949,15.86013392,51.16479713,157.19525686,-38.15473075,35.0000001,3.39914312,-6.50376304,-9.95357916,80.76772615,129.86616735,7.04775391,10.61732543
1760625098.138,0.05177156,-0.13138694,1.96205635,-0.02874529,0.96596622,0.01417945,80.0,-7.0,0.0,80.0,1.3962634,0.0,0.0,0.0,80.0,-7.0,0.0,80.0,1.3962634,0.0,0.0,0.0,3.29182653,-1.80982453,1.86579022,13.8440209,-13.25442098,16.06196426,49.90279681,158.66869844,-48.21320811,35.0000001,3.25957534,-6.73900624,-10.25991109,80.76444632,129.82999468,7.03509039,10.57116557
1760625098.171,0.04504246,-0.12967258,1.96653913,-0.02720936,0.96653145,0.01342488,80.0,-7.0,0.0,80.0,1.3962634,0.0,0.0,0.0,80.0,-7.0,0.0,80.0,1.3962634,0.0,0.0,0.0,3.34765629,-1.92225552,1.90284349,14.09028048,-12.96559536,16.73528494,46.72768382,159.4307751,-57.22409927,35.0000001,3.18523773,-6.86543954,-10.25782784,80.75911214,129.85806305,7.00894862,10.56163616
1760625098.205,0.04572157,-0.12755077,1.98417108,-0.02433727,0.96726608,0.0134141,80.0,-7.0,0.0,80.0,1.3962634,0.0,0.0,0.0,80.0,-7.0,0.0,80.0,1.3962634,0.0,0.0,0.0,3.28376511,-1.92748355,1.93427101,14.49263525,-13.36719671,16.02820001,47.22050623,161.09215442,-63.22776397,35.0000001,3.17934535,-6.95929372,-10.24790164,80.77018706,129.80136102,6.98486948,10.55180793
1760625098.238,0.04419866,-0.12403006,1.99330898,-0.02194284,0.96748707,0.01415653,80.0,-7.0,0.0,80.0,1.3962634,0.0,0.0,0.0,80.0,-7.0,0.0,80.0,1.3962634,0.0,0.0,0.0,3.05572164,-1.88520204,1.95568497,15.02572209,-13.96690082,14.55363374,50.4756673,162.66241639,-62.90404565,35.0000001,3.31282242,-6.96780529,-10.2427897,80.81009538,129.75784302,6.98024836,10.53986855
1760625098.272,0.02998463,-0.1155719,1.9816592,-0.01721693,0.96750328,0.01394998,80.0,-7.0,0.0,80.0,1.3962634,0.0,0.0,0.0,80.0,-7.0,0.0,80.0,1.3962634,0.0,0.0,0.0,3.42033619,-1.80930611,1.97526344,14.54340696,-14.36648535,13.24009666,53.83836349,163.88578977,-61.59989769,35.0000001,2.81606921,-6.91518349,-10.28922311,80.89595088,129.76653402,6.99356639,10.55275261
1760625098.305,0.02051769,-0.11766562,1.96858731,-0.01355177,0.96713272,0.01437246,80.0,-7.0,0.0,80.0,1.3962634,0.0,0.0,0.0,80.0,-7.0,0.0,80.0,1.3962634,0.0,0.0,0.0,3.41012026,-1.66612799,2.02391564,14.88731395,-14.73010156,12.44459937,55.87611905,164.30046297,-60.65683342,35.0000001,2.78016355,-6.81386459,-10.25661147,80.89985509,129.77747853,7.00657156,10.59644495
1760625098.339,0.02605618,-0.12403719,1.96522979,-0.01106025,0.9661916,0.01513331,80.0,-7.0,0.0,80.0,1.3962634,0.0,0.0,0.0,80.0,-7.0,0.0,80.0,1.3962634,0.0,0.0,0.0,3.21566604,-1.54692084,2.11249122,15.30102663,-14.96218054,11.81707386,57.07695829,164.32245551,-59.06395103,35.0000001,2.97362114,-6.73004901,-10.14089125,80.85858551,129.7170091,6.98335518,10.58252382
1760625098.372,0.0345188,-0.12483537,1.96852219,-0.01096235,0.96534322,0.01596419,80.0,-7.0,0.0,80.0,1.3962634,0.0,0.0,0.0,80.0,-7.0,0.0,80.0,1.3962634,0.0,0.0,0.0,2.99081098,-1.49016084,2.17382984,15.43276839,-14.97160421,10.36424006,59.61838449,165.08137009,-54.20951666,35.0000001,3.20505541,-6.68329482,-10.06637969,80.8381339,129.70824717,6.98631688,10.60078987
1760625098.406,0.03693451,-0.11908923,1.97785042,-0.01346219,0.96528775,0.01690455,80.0,-7.0,0.0,80.0,1.3962634,0.0,0.0,0.0,80.0,-7.0,0.0,80.0,1.3962634,0.0,0.0,0.0,2.79275526,-1.55644103,2.16721706,15.54567819,-14.74315458,9.40109961,60.98642141,164.85018306,-48.46705201,35.0000001,3.3896441,-6.72460098,-10.03641445,80.8248531,129.72198758,6.96829149,10.59811769
1760625098.439,0.02388196,-0.11572362,1.97645402,-0.01691131,0.96613578,0.0184425,80.0,-7.0,0.0,80.0,1.3962634,0.0,0.0,0.0,80.0,-7.0,0.0,80.0,1.3962634,0.0,0.0,0.0,2.62435472,-1.64557268,2.16980171,15.84179315,-14.62094306,9.34540381,60.94430822,163.71697897,-44.7129469,35.0000001,3.6037628,-6.83286706,-9.97641727,80.78588057,129.73138283,6.9695204,10.60719079
1760625098.472,0.02750893,-0.11313545,1.98199526,-0.02102778,0.96696663,0.01881972,80.0,-7.0,0.0,80.0,1.3962634,0.0,0.0,0.0,80.0,-7.0,0.0,80.0,1.3962634,0.0,0.0,0.0,2.52185582,-1.70437754,2.19949671,15.91245864,-14.43412999,9.25403932,60.80871998,162.44429667,-39.42929175,35.0000001,3.74295246,-6.90045182,-9.87857637,80.74859477,129.73339386,6.96366644,10.60951097
1760625098.506,0.05343332,-0.10662251,1.97837723,-0.02265401,0.96777643,0.01839669,80.0,-7.0,0.0,80.0,1.3962634,0.0,0.0,0.0,80.0,-7.0,0.0,80.0,1.3962634,0.0,0.0,0.0,2.44383746,-1.78530238,2.24120443,16.22695412,-14.50629768,9.62117968,59.55429922,159.98960005,-33.51259707,35.0000001,3.78347945,-6.9512054,-9.79518932,80.76927208,129.73102584,6.9242619,10.58641132
1760625098.539,0.05498388,-0.10096189,1.96983524,-0.02433765,0.96869829,0.01841726,80.0,-7.0,0.0,80.0,1.3962634,0.0,0.0,0.0,80.0,-7.0,0.0,80.0,1.3962634,0.0,0.0,0.0,2.66314184,-1.89045343,2.34751977,16.31698721,-14.38841363,10.79569661,57.81964089,157.40003283,-32.13047045,35.0000001,3.53040462,-6.99205942,-9.66700449,80.82414736,129.7786463,6.91404666,10.61631841
1760625098.573,0.04865943,-0.09486989,1.96619279,-0.02980823,0.96965227,0.01832238,80.0,-7.0,0.0,80.0,1.3962634,0.0,0.0,0.0,80.0,-7.0,0.0,80.0,1.3962634,0.0,0.0,0.0,2.69432861,-1.93468165,2.2418327,15.80944052,-14.36087236,11.42474732,57.30330755,155.29387946,-28.42813251,35.0000001,3.55528685,-7.03105436,-9.72661682,80.78646527,129.76527746,6.92586131,10.64034289
1760625098.606,0.07939192,-0.08981487,1.98769902,-0.0312068,0.97018002,0.01773115,80.0,-7.0,0.0,80.0,1.3962634,0.0,0.0,0.0,80.0,-7.0,0.0,80.0,1.3962634,0.0,0.0,0.0,2.52005771,-1.9617542,2.08748926,15.7401817,-14.66665242,12.33839715,55.26523514,152.18567071,-23.94201712,35.0000001,3.69750657,-7.0172183,-9.8196956,80.77517024,129.71672345,6.89209327,10.60264465
1760625098.64,0.06697103,-0.08327297,1.98938159,-0.03255066,0.97067908,0.01804885,80.0,-7.0,0.0,80.0,1.3962634,0.0,0.0,0.0,80.0,-7.0,0.0,80.0,1.3962634,0.0,0.0,0.0,2.58599727,-1.96380225,1.92091855,15.35873788,-14.74778743,13.76757493,52.97833679,150.66965592,-24.56975589,35.0000001,3.60366209,-6.95815778,-9.98231592,80.79237745,129.75924319,6.89795226,10.62599886
1760625098.673,0.03012447,-0.07463574,1.97905637,-0.03218264,0.96968467,0.01806433,80.0,-7.0,0.0,80.0,1.3962634,0.0,0.0,0.0,80.0,-7.0,0.0,80.0,1.3962634,0.0,0.0,0.0,2.66958145,-1.88523363,1.95601273,14.67013516,-14.34145625,14.25387922,52.14273121,149.98417619,-23.24364043,35.0000001,3.55986467,-6.84787266,-9.97656667,80.78269401,129.76671361,6.93177487,10.64887705
1760625098.707,0.05687326,-0.08081998,2.00432601,-0.02910763,0.96794488,0.01672664,80.0,-7.0,0.0,80.0,1.3962634,0.0,0.0,0.0,80.0,-7.0,0.0,80.0,1.3962634,0.0,0.0,0.0,2.93788902,-1.7842597,1.9675899,13.73538517,-14.0281988,14.46485033,50.54161823,149.26226149,-19.81070723,35.0000001,3.16777485,-6.72454502,-10.0191569,80.84598865,129.79886683,6.94723011,10.6477308
1760625098.74,0.06303031,-0.07496843,2.00864215,-0.02941043,0.96717309,0.01764062,80.0,-7.0,0.0,80.0,1.3962634,0.0,0.0,0.0,80.0,-7.0,0.0,80.0,1.3962634,0.0,0.0,0.0,2.89622646,-1.724183,1.89884011,13.42196162,-13.76103812,14.98877474,49.97105127,148.8565217,-17.91421105,35.0000001,3.14204878,-6.61825149,-10.10408445,80.862841,129.84103985,6.94938617,10.68125214
1760625098.774,0.02073424,-0.0770801,1.98406071,-0.02769753,0.96628355,0.01821408,80.0,-7.0,0.0,80.0,1.3962634,0.0,0.0,0.0,80.0,-7.0,0.0,80.0,1.3962634,0.0,0.0,0.0,3.07399235,-1.66677412,1.88325735,12.81050973,-13.38981634,15.09950794,50.34136553,148.69360952,-14.490458,35.0000001,3.00387778,-6.58548762,-10.13207325,80.81367532,129.86892213,6.94934614,10.7075613
1760625098.807,0.03133673,-0.07835045,1.98033749,-0.02729289,0.96595252,0.01809671,80.0,-7.0,0.0,80.0,1.3962634,0.0,0.0,0.0,80.0,-7.0,0.0,80.0,1.3962634,0.0,0.0,0.0,3.32171784,-1.69739073,1.87809374,12.5443405,-13.12039068,15.65516141,49.66947303,147.96998643,-11.84383387,35.0000001,2.78581797,-6.62509629,-10.09312419,80.7211924,129.87109479,6.95003335,10.74439402
1760625098.84,0.06689343,-0.08052953,1.98371385,-0.02770219,0.96540353,0.01857502,80.0,-7.0,0.0,80.0,1.3962634,0.0,0.0,0.0,80.0,-7.0,0.0,80.0,1.3962634,0.0,0.0,0.0,3.23575363,-1.71630054,1.85223908,12.08956799,-12.59073383,16.06097643,49.64913433,147.8066202,-11.85932401,35.0000001,2.88703648,-6.64975317,-10.07132942,80.64730405,129.83556697,6.90358301,10.7591521
1760625098.874,0.0471804,-0.08514584,1.98087563,-0.02745966,0.9653753,0.01821102,80.0,-7.0,0.0,80.0,1.3962634,0.0,0.0,0.0,80.0,-7.0,0.0,80.0,1.3962634,0.0,0.0,0.0,3.21671476,-1.77336815,1.92489321,12.16452865,-12.24904533,15.51055195,50.5752616,148.42989915,-10.38751403,35.0000001,2.9867761,-6.71915975,-10.00604268,80.57043353,129.77361861,6.87184878,10.73967608
1760625098.907,0.06577045,-0.08880606,2.00624485,-0.02668729,0.96528684,0.01686834,80.0,-7.0,0.0,80.0,1.3962634,0.0,0.0,0.0,80.0,-7.0,0.0,80.0,1.3962634,0.0,0.0,0.0,3.10891846,-1.76611498,1.97162024,12.40217062,-12.11021485,14.92388919,51.4629467,148.80307247,-9.79052721,35.0000001,3.11370926,-6.75016252,-9.93359496,80.4891226,129.6872858,6.83853449,10.7118555
1760625098.941,0.09207241,-0.092119,2.02114812,-0.02562925,0.96511784,0.01584978,80.0,-7.0,0.0,80.0,1.3962634,0.0,0.0,0.0,80.0,-7.0,0.0,80.0,1.3962634,0.0,0.0,0.0,2.92894966,-1.76604771,2.06931772,12.85636724,-11.88919272,14.45913555,52.21524763,149.09908001,-9.36162713,35.0000001,3.27400238,-6.80483401,-9.78114678,80.45086497,129.6574328,6.82795251,10.71640106
1760625098.974,0.06305629,-0.09419763,2.01368737,-0.02452787,0.96507811,0.01529915,80.0,-7.0,0.0,80.0,1.3962634,0.0,0.0,0.0,80.0,-7.0,0.0,80.0,1.3962634,0.0,0.0,0.0,2.9527186,-1.80039906,2.16356531,13.07417904,-11.69982804,14.03754405,52.91766823,149.4014021,-8.67524863,35.0000001,3.30395424,-6.88048671,-9.65890143,80.37287047,129.65905298,6.81806754,10.70454479
1760625099.075,0.07709485,-0.12465962,1.98733162,-0.02184502,0.96461117,0.01485302,80.0,-7.0,0.0,80.0,1.3962634,0.0,0.0,0.0,80.0,-7.0,0.0,80.0,1.3962634,0.0,0.0,0.0,2.74112913,-1.73134938,2.36252214,14.12326276,-11.71481637,14.15375333,52.6147323,149.11715307,-8.96227525,35.0000001,3.54344731,-6.87264964,-9.51197695,80.1718432,129.63628864,6.79777318,10.74471337
1760625099.108,0.07404371,-0.12340021,1.99794938,-0.02612957,0.96518845,0.01457843,80.0,-7.0,0.0,80.0,1.3962634,0.0,0.0,0.0,80.0,-7.0,0.0,80.0,1.3962634,0.0,0.0,0.0,2.49665183,-1.68955827,2.42808192,14.6780402,-11.73328405,14.32176225,52.02201234,148.93914018,-9.42572797,35.0000001,3.83510783,-6.79882776,-9.42915988,80.10386469,129.62509524,6.80095256,10.74324667
1760625099.141,0.06389444,-0.12489526,2.00346227,-0.02628729,0.96543936,0.0141069,80.0,-7.0,0.0,80.0,1.3962634,0.0,0.0,0.0,80.0,-7.0,0.0,80.0,1.3962634,0.0,0.0,0.0,2.3931408,-1.64096292,2.46726214,15.08805107,-11.84733656,14.29310166,51.95982225,148.79678518,-9.35681939,35.0000001,3.992864,-6.71515649,-9.36704835,80.05523107,129.66017498,6.81078691,10.74189347
1760625099.175,0.05816227,-0.12053243,2.01253253,-0.02725999,0.96563776,0.01417201,80.0,-7.0,0.0,80.0,1.3962634,0.0,0.0,0.0,80.0,-7.0,0.0,80.0,1.3962634,0.0,0.0,0.0,2.46631034,-1.65072145,2.35985138,14.80201877,-11.7734647,14.70242746,51.50353164,148.567809,-10.44751463,35.0000001,3.90276412,-6.71645251,-9.44774939,80.06570707,129.66461624,6.81073645,10.73284058
1760625099.208,0.06372031,-0.10787487,2.00952304,-0.02684788,0.96528582,0.01430209,80.0,-7.0,0.0,80.0,1.3962634,0.0,0.0,0.0,80.0,-7.0,0.0,80.0,1.3962634,0.0,0.0,0.0,2.48300241,-1.6519724,2.37444452,14.70350848,-11.73878753,14.94583355,50.98775257,148.51278525,-11.21594057,35.0000001,3.85704254,-6.69904437,-9.43555597,80.10591061,129.66495269,6.81268627,10.73204959
1760625099.242,0.07296617,-0.10065434,2.00476557,-0.02584911,0.96532786,0.01466226,80.0,-7.0,0.0,80.0,1.3962634,0.0,0.0,0.0,80.0,-7.0,0.0,80.0,1.3962634,0.0,0.0,0.0,2.48314758,-1.69454517,2.36844752,14.75167548,-11.71000565,14.94970755,51.03175194,148.49274429,-11.3110716,35.0000001,3.87926234,-6.71967419,-9.46327235,80.08265033,129.68454392,6.81392059,10.72930261
1760625099.275,0.07352706,-0.0878005,1.99875126,-0.02490977,0.96585559,0.01510581,80.0,-7.0,0.0,80.0,1.3962634,0.0,0.0,0.0,80.0,-7.0,0.0,80.0,1.3962634,0.0,0.0,0.0,2.59678291,-1.74829817,2.34353009,14.66157332,-11.70067819,14.99128588,51.13215459,148.47840858,-11.47211744,35.0000001,3.79133097,-6.77568676,-9.51080522,80.07907905,129.64461043,6.80320316,10.74007998
1760625099.309,0.07202381,-0.07972492,1.99311877,-0.02308896,0.96596534,0.01492713,80.0,-7.0,0.0,80.0,1.3962634,0.0,0.0,0.0,80.0,-7.0,0.0,80.0,1.3962634,0.0,0.0,0.0,2.65689294,-1.73903679,2.37475314,14.79391883,-11.81023148,14.91619015,51.42565533,148.41853534,-11.11935976,35.0000001,3.74301567,-6.73530069,-9.49782972,80.10295192,129.65734603,6.7873968,10.74352165
1760625099.342,0.07477731,-0.07043056,1.99445729,-0.02262792,0.96597151,0.01430329,80.0,-7.0,0.0,80.0,1.3962634,0.0,0.0,0.0,80.0,-7.0,0.0,80.0,1.3962634,0.0,0.0,0.0,2.6645375,-1.68048056,2.50586761,15.18720573,-11.99760538,14.67146923,51.80145855,148.38652057,-10.44663213,35.0000001,3.76100757,-6.65663989,-9.36603189,80.12677225,129.6462854,6.78508178,10.75301272
1760625099.376,0.06999935,-0.06389938,1.99531961,-0.02306378,0.96596098,0.01434662,80.0,-7.0,0.0,80.0,1.3962634,0.0,0.0,0.0,80.0,-7.0,0.0,80.0,1.3962634,0.0,0.0,0.0,2.71384671,-1.69640359,2.50915455,15.23158436,-12.00895061,14.65654479,51.84797262,148.40463839,-10.49371375,35.0000001,3.74769816,-6.63948249,-9.36307466,80.12675736,129.62909144,6.75961998,10.74586231
1760625099.409,0.08166945,-0.06490933,1.99467151,-0.02369682,0.96584182,0.01467907,80.0,-7.0,0.0,80.0,1.3962634,0.0,0.0,0.0,80.0,-7.0,0.0,80.0,1.3962634,0.0,0.0,0.0,2.75928859,-1.70598486,2.50154471,15.10474484,-11.98470748,14.61847862,51.91624668,148.46699947,-10.64866324,35.0000001,3.70791269,-6.64142829,-9.38758358,80.13133348,129.62115138,6.74459715,10.74019759
1760625099.443,0.08331873,-0.06143131,1.99474527,-0.02348444,0.96559802,0.01488396,80.0,-7.0,0.0,80.0,1.3962634,0.0,0.0,0.0,80.0,-7.0,0.0,80.0,1.3962634,0.0,0.0,0.0,2.85101145,-1.72759033,2.50873266,14.97370383,-11.95428646,14.54245805,51.9549615,148.55952195,-10.77364459,35.0000001,3.59698185,-6.64669742,-9.39694304,80.18491188,129.62466045,6.7600731,10.74777009
1760625099.476,0.08001494,-0.05861168,1.99479749,-0.02344609,0.96558801,0.01497165,80.0,-7.0,0.0,80.0,1.3962634,0.0,0.0,0.0,80.0,-7.0,0.0,80.0,1.3962634,0.0,0.0,0.0,2.87211586,-1.7519688,2.49810934,14.938096,-11.9307358,14.48036492,51.99226143,148.52612625,-10.69167795,35.0000001,3.53945035,-6.65541329,-9.41783724,80.27293175,129.65844597,6.79843072,10.76985843
1760625099.509,0.08225441,-0.07282833,1.98916686,-0.02356192,0.96544961,0.01545031,80.0,-7.0,0.0,80.0,1.3962634,0.0,0.0,0.0,80.0,-7.0,0.0,80.0,1.3962634,0.0,0.0,0.0,2.88002053,-1.76105459,2.49406677,14.91022009,-11.86556933,14.48244156,52.02741758,148.49141908,-10.65290422,35.0000001,3.53251407,-6.6894765,-9.41478566,80.31093185,129.6913516,6.82594298,10.74983034
1760625099.543,0.0816045,-0.06501651,1.99873459,-0.02362444,0.96545654,0.01592114,80.0,-7.0,0.0,80.0,1.3962634,0.0,0.0,0.0,80.0,-7.0,0.0,80.0,1.3962634,0.0,0.0,0.0,2.85507053,-1.81121926,2.46904911,14.91858871,-11.83202155,14.48354273,52.08863506,148.48578728,-10.65035085,35.0000001,3.52577255,-6.74968522,-9.41345001,80.39402601,129.70819477,6.82726336,10.72556496
1760625099.576,0.08013729,-0.06935361,2.00733561,-0.02512153,0.96552213,0.01598998,80.0,-7.0,0.0,80.0,1.3962634,0.0,0.0,0.0,80.0,-7.0,0.0,80.0,1.3962634,0.0,0.0,0.0,2.82251603,-1.83120049,2.45541304,14.92525035,-11.78891291,14.45189389,52.13208243,148.42549376,-10.58118977,35.0000001,3.58777536,-6.783418,-9.40976189,80.47466847,129.75243164,6.83252327,10.70473313
1760625099.61,0.08118424,-0.07756177,2.01691133,-0.02436121,0.96513115,0.01527711,80.0,-7.0,0.0,80.0,1.3962634,0.0,0.0,0.0,80.0,-7.0,0.0,80.0,1.3962634,0.0,0.0,0.0,2.7523889,-1.77720394,2.50105261,15.19869362,-11.93957856,14.24653799,52.44229123,148.45824017,-9.9971274,35.0000001,3.71495302,-6.7822796,-9.30318715,80.48949262,129.70262324,6.76092346,10.62359517
1760625099.643,0.07304449,-0.07882159,2.02900739,-0.02377322,0.96496587,0.01455551,80.0,-7.0,0.0,80.0,1.3962634,0.0,0.0,0.0,80.0,-7.0,0.0,80.0,1.3962634,0.0,0.0,0.0,2.85178623,-1.76666464,2.51794715,15.14523989,-11.97140565,14.22284004,52.41626533,148.41149596,-9.91489218,35.0000001,3.66365743,-6.79954577,-9.22240353,80.5384762,129.69644896,6.67700995,10.52954359
1760625099.677,0.04402644,-0.08094535,2.03740369,-0.02342219,0.96502161,0.01426327,80.0,-7.0,0.0,80.0,1.3962634,0.0,0.0,0.0,80.0,-7.0,0.0,80.0,1.3962634,0.0,0.0,0.0,3.00428152,-1.76105473,2.60792582,14.99807855,-12.01135414,14.0833792,52.49282929,148.46581144,-9.79555208,35.0000001,3.61653493,-6.82233657,-9.0559624,80.63291278,129.7911131,6.61235532,10.48702856
1760625099.71,0.04465405,-0.08607724,2.02950312,-0.02349228,0.96493509,0.01438205,80.0,-7.0,0.0,80.0,1.3962634,0.0,0.0,0.0,80.0,-7.0,0.0,80.0,1.3962634,0.0,0.0,0.0,3.03050099,-1.74833471,2.61288151,14.99671098,-11.97333303,14.08433547,52.48385467,148.45907961,-9.69159734,35.0000001,3.71366458,-6.81351417,-9.00831424,80.6120959,129.88426254,6.57076662,10.51275229
1760625099.744,0.04544899,-0.09166568,2.03131578,-0.02453058,0.96512787,0.01429937,80.0,-7.0,0.0,80.0,1.3962634,0.0,0.0,0.0,80.0,-7.0,0.0,80.0,1.3962634,0.0,0.0,0.0,3.02089964,-1.71149234,2.61601448,15.02474018,-11.98849386,14.09719544,52.41483707,148.50009541,-9.62947233,35.0000001,3.85489013,-6.80516769,-8.96778141,80.5901604,129.9611144,6.50376534,10.51876794
1760625099.777,0.03949357,-0.09611062,2.03256879,-0.02889783,0.96515109,0.01401443,80.0,-7.0,0.0,80.0,1.3962634,0.0,0.0,0.0,80.0,-7.0,0.0,80.0,1.3962634,0.0,0.0,0.0,2.79306227,-1.64323066,2.61360739,15.37079945,-12.03520105,14.09272463,52.32109405,148.56809462,-9.51899761,35.0000001,4.27820556,-6.74193335,-8.94156671,80.58257906,130.10130716,6.50571413,10.61097695
1760625099.81,0.0347339,-0.10135494,2.03450843,-0.02963929,0.96427003,0.01383563,80.0,-7.0,0.0,80.0,1.3962634,0.0,0.0,0.0,80.0,-7.0,0.0,80.0,1.3962634,0.0,0.0,0.0,2.75951805,-1.59827884,2.6499181,15.42518877,-12.06392844,14.0955764,52.18980788,148.48703351,-9.58614528,35.0000001,4.43433553,-6.69188149,-8.92173542,80.62272265,130.25574241,6.58008669,10.78929946
1760625099.844,0.01398581,-0.10314877,2.0410789,-0.02963698,0.96370448,0.0138545,80.0,-7.0,0.0,80.0,1.3962634,0.0,0.0,0.0,80.0,-7.0,0.0,80.0,1.3962634,0.0,0.0,0.0,2.75274379,-1.59900352,2.65415114,15.45503424,-12.0546679,14.0491152,52.20439648,148.42874602,-9.62572777,35.0000001,4.56178224,-6.66523609,-8.94469111,80.70160218,130.35368986,6.79134623,11.1413699
1760625099.877,0.0092313,-0.10830701,2.04582561,-0.02812701,0.96306983,0.01445754,80.0,-7.0,0.0,80.0,1.3962634,0.0,0.0,0.0,80.0,-7.0,0.0,80.0,1.3962634,0.0,0.0,0.0,2.8660893,-1.6279024,2.69811451,15.35327234,-12.05003392,14.00562557,52.18014925,148.3888939,-9.68922112,35.0000001,4.5494422,-6.60090981,-9.00989505,80.98181734,130.57620602,7.49802519,12.14362823
1760625099.911,0.01505433,-0.10216462,2.04217043,-0.02689024,0.96295474,0.01535637,80.0,-7.0,0.0,80.0,1.3962634,0.0,0.0,0.0,80.0,-7.0,0.0,80.0,1.3962634,0.0,0.0,0.0,2.90706185,-1.73826814,2.74342427,15.32503592,-11.99173774,13.98294612,52.19721545,148.28651971,-9.69184577,35.0000001,4.59552959,-6.53820959,-8.9981723,81.37046423,130.57623763,9.0703838,14.27938844
1760625099.944,0.00928839,-0.10514766,2.03321126,-0.02650841,0.96297633,0.01569093,80.0,-7.0,0.0,80.0,1.3962634,0.0,0.0,0.0,80.0,-7.0,0.0,80.0,1.3962634,0.0,0.0,0.0,3.05267016,-1.81250566,2.79557905,15.28054015,-11.99540595,13.95365189,52.27764693,148.16784784,-9.61487487,35.0000001,4.62138712,-6.50900654,-8.99151499,81.76774254,130.45542602,11.25426105,17.6027658
1760625100.011,0.00736127,-0.1078035,2.02992468,-0.02648241,0.96252878,0.01549782,80.0,-7.0,0.0,80.0,1.3962634,0.0,0.0,0.0,80.0,-7.0,0.0,80.0,1.3962634,0.0,0.0,0.0,3.0358325,-1.8923703,2.87659118,15.36559373,-11.98658985,14.04808151,52.16780712,147.87530877,-9.67068748,35.0000001,5.10728214,-6.12042815,-8.91198377,82.84017109,130.27053428,18.30357239,28.68112654
1760625100.045,0.00686832,-0.10247201,2.02718292,-0.02881447,0.96305782,0.01633125,80.0,-7.0,0.0,80.0,1.3962634,0.0,0.0,0.0,80.0,-7.0,0.0,80.0,1.3962634,0.0,0.0,0.0,2.94425036,-1.9037578,2.87970965,15.4507406,-11.96183505,14.09090133,52.1364001,147.75014653,-9.72935115,35.0000001,5.77047079,-6.6667307,-9.06199761,81.70730282,128.67619849,22.8685026,35.0000001
1760625100.078,0.01046459,-0.09973351,2.0290943,-0.02853138,0.96497462,0.01728677,80.0,-7.0,0.0,80.0,1.3962634,0.0,0.0,0.0,80.0,-7.0,0.0,80.0,1.3962634,0.0,0.0,0.0,2.91374392,-1.73480631,2.82527192,15.41144597,-11.91018666,14.19442274,52.09624368,147.8170574,-9.81824799,35.0000001,6.82378147,-8.7021314,-9.56657113,77.10120288,127.19297266,25.85722815,35.0000001
1760625100.112,0.00758444,-0.09479168,2.02728001,-0.02881405,0.9655815,0.01847463,80.0,-7.0,0.0,80.0,1.3962634,0.0,0.0,0.0,80.0,-7.0,0.0,80.0,1.3962634,0.0,0.0,0.0,3.03514157,-1.67687778,2.81731036,15.17334417,-11.78950237,14.1797109,52.17158132,147.87388538,-9.77905197,35.0000001,7.7051173,-10.9654609,-9.69536275,72.49622645,126.27374481,29.22729864,35.0000001
1760625100.145,0.00350315,-0.09325763,2.02356094,-0.02849661,0.96631982,0.0195012,80.0,-7.0,0.0,80.0,1.3962634,0.0,0.0,0.0,80.0,-7.0,0.0,80.0,1.3962634,0.0,0.0,0.0,3.03724491,-1.49960241,2.79100839,15.05390731,-11.766717,14.25613303,52.11837268,147.90755258,-9.78381546,35.0000001,9.02161079,-13.79072352,-9.1963905,66.82144413,125.24842596,33.48928931,35.0000001
1760625100.178,0.01284853,-0.09136054,2.02871414,-0.03133748,0.9659468,0.0195534,80.0,-7.0,0.0,80.0,1.3962634,0.0,0.0,0.0,80.0,-7.0,0.0,80.0,1.3962634,0.0,0.0,0.0,3.04510347,-1.43177045,3.04853496,15.17422862,-11.84138963,13.94045273,52.11117282,147.92383122,-9.49699326,35.0000001,9.56962,-15.3852605,-8.26228063,63.49385047,124.32653227,35.6967116,35.0000001
1760625100.212,0.01229213,-0.09542318,2.02949796,-0.03426512,0.96416777,0.02003117,80.0,-7.0,0.0,80.0,1.3962634,0.0,0.0,0.0,80.0,-7.0,0.0,80.0,1.3962634,0.0,0.0,0.0,3.16847421,-1.51368994,3.38887512,15.21587505,-11.84381409,13.43803635,52.24399476,147.9326988,-9.07439378,35.0000001,9.55742323,-16.45011011,-7.38511847,61.35915591,123.53409076,36.85361122,35.0000001
1760625100.245,0.01697584,-0.09400538,2.02002231,-0.03468383,0.96354173,0.02046428,80.0,-7.0,0.0,80.0,1.3962634,0.0,0.0,0.0,80.0,-7.0,0.0,80.0,1.3962634,0.0,0.0,0.0,3.1087409,-1.54789509,3.55658201,15.28881005,-11.85582442,13.14075009,52.30846325,147.89570041,-8.91502188,35.0000001,9.4678498,-17.09075964,-6.74759929,59.56004142,122.52793492,37.85109317,35.0000001
1760625100.279,0.02407372,-0.09746395,2.0294081,-0.03452209,0.96364623,0.0206199,80.0,-7.0,0.0,80.0,1.3962634,0.0,0.0,0.0,80.0,-7.0,0.0,80.0,1.3962634,0.0,0.0,0.0,3.24132031,-1.48883171,3.62858615,14.85496021,-11.91808424,13.11984005,52.08052772,147.81098423,-9.25048462,35.0000001,9.0922508,-17.31018228,-6.4213014,58.61197088,121.83680839,38.36924902,35.0000001
1760625100.346,0.02217177,-0.10191029,2.05298832,-0.03398376,0.96293306,0.02177068,80.0,-7.0,0.0,80.0,1.3962634,0.0,0.0,0.0,80.0,-7.0,0.0,80.0,1.3962634,0.0,0.0,0.0,3.40261249,-1.51748734,3.80196041,14.45168375,-11.95220748,13.18704696,51.48014536,147.47586739,-9.59279854,35.0000001,8.58951128,-17.72119625,-6.07514093,57.32418107,121.47707689,38.94472316,35.0000001
1760625100.379,0.02709923,-0.10130167,2.05900533,-0.03250606,0.96321124,0.02197667,80.0,-7.0,0.0,80.0,1.3962634,0.0,0.0,0.0,80.0,-7.0,0.0,80.0,1.3962634,0.0,0.0,0.0,3.64041888,-1.51084259,3.8456701,13.89121538,-12.00031854,13.30990629,51.30326432,147.25061602,-9.90289336,35.0000001,8.11994972,-17.69852954,-6.06737949,57.27838806,121.34058726,38.88622606,35.0000001
1760625100.412,0.03400052,-0.0998383,2.07164133,-0.03107596,0.96386792,0.02204846,80.0,-7.0,0.0,80.0,1.3962634,0.0,0.0,0.0,80.0,-7.0,0.0,80.0,1.3962634,0.0,0.0,0.0,3.74283261,-1.49393226,3.8914032,13.73913979,-12.01024621,13.38195984,51.1911566,147.16668882,-9.99449489,35.0000001,7.81736071,-17.51948524,-6.19512748,57.55006127,121.40765531,38.47246061,35.0000001
1760625100.446,0.04750633,-0.09743931,2.07796893,-0.03045613,0.96386502,0.02192474,80.0,-7.0,0.0,80.0,1.3962634,0.0,0.0,0.0,80.0,-7.0,0.0,80.0,1.3962634,0.0,0.0,0.0,3.8223868,-1.53475651,3.87828942,13.6552665,-11.96466263,13.55019657,51.09084939,147.04811527,-10.11253356,35.0000001,7.35408436,-17.11464455,-6.74514367,58.63542317,121.9859226,37.53567382,35.0000001
1760625100.479,0.04903554,-0.09824909,2.08240997,-0.0306841,0.96406154,0.02123298,80.0,-7.0,0.0,80.0,1.3962634,0.0,0.0,0.0,80.0,-7.0,0.0,80.0,1.3962634,0.0,0.0,0.0,3.80861873,-1.5480276,3.87339842,13.6595267,-11.95687219,13.59758115,51.06302035,147.0269954,-10.19380418,35.0000001,6.9810834,-16.34399567,-7.18564633,60.18543195,122.25545058,36.15837251,35.0000001
1760625100.513,0.03522321,-0.09725375,2.08343719,-0.03040328,0.96338415,0.02069485,80.0,-7.0,0.0,80.0,1.3962634,0.0,0.0,0.0,80.0,-7.0,0.0,80.0,1.3962634,0.0,0.0,0.0,3.88040109,-1.66131332,3.93151098,13.56888439,-11.93284252,13.50290815,51.15568871,146.99626111,-10.15603001,35.0000001,6.10641934,-14.99324443,-7.84708158,63.13540849,122.80811907,33.5345473,35.0000001
1760625100.546,0.04586869,-0.10100914,2.08922534,-0.03078238,0.961835,0.01994227,80.0,-7.0,0.0,80.0,1.3962634,0.0,0.0,0.0,80.0,-7.0,0.0,80.0,1.3962634,0.0,0.0,0.0,3.98189711,-1.8540514,3.99537273,13.52176355,-11.92579557,13.40260954,51.30201369,146.89874773,-10.01669854,35.0000001,4.64915404,-12.48023973,-9.04004307,68.87822026,124.86549803,29.63606252,35.0000001
1760625100.58,0.05694974,-0.10188402,2.08706884,-0.03127881,0.96098518,0.01930014,80.0,-7.0,0.0,80.0,1.3962634,0.0,0.0,0.0,80.0,-7.0,0.0,80.0,1.3962634,0.0,0.0,0.0,4.05170197,-2.02176042,4.02878982,13.43494863,-11.88572214,13.39528834,51.32444008,146.80454943,-10.08935883,35.0000001,3.64300538,-10.29837728,-9.46311025,73.5992599,126.96812182,26.74110396,35.0000001
1760625100.613,0.05883988,-0.10168924,2.07535992,-0.03093955,0.9596002,0.01879332,80.0,-7.0,0.0,80.0,1.3962634,0.0,0.0,0.0,80.0,-7.0,0.0,80.0,1.3962634,0.0,0.0,0.0,4.07657393,-2.20771208,3.98541576,13.47909424,-11.82831736,13.39876824,51.40971591,146.71281744,-10.00885906,35.0000001,2.90824257,-8.32738313,-9.38671337,77.96783256,128.6665746,23.39666914,35.0000001
1760625100.647,0.05678635,-0.10367492,2.08007935,-0.03068951,0.95828546,0.01859136,80.0,-7.0,0.0,80.0,1.3962634,0.0,0.0,0.0,80.0,-7.0,0.0,80.0,1.3962634,0.0,0.0,0.0,4.10001703,-2.32166924,3.9682464,13.50419238,-11.79071182,13.45344593,51.40990672,146.58388848,-10.08813792,35.0000001,2.42367397,-7.07402448,-9.08438123,80.78441693,129.41250226,18.33127542,30.57737295
1760625100.68,0.06424,-0.10565623,2.08696782,-0.03030343,0.95858224,0.01885316,80.0,-7.0,0.0,80.0,1.3962634,0.0,0.0,0.0,80.0,-7.0,0.0,80.0,1.3962634,0.0,0.0,0.0,4.09059387,-2.2693447,3.88263153,13.49413633,-11.78388011,13.6535727,51.30929726,146.46814846,-10.28312022,35.0000001,2.64062969,-7.6069912,-8.88187836,79.40933775,128.4899387,13.14360419,22.46413972
1760625100.714,0.06685132,-0.10970737,2.08723659,-0.03074292,0.95965977,0.01895736,80.0,-7.0,0.0,80.0,1.3962634,0.0,0.0,0.0,80.0,-7.0,0.0,80.0,1.3962634,0.0,0.0,0.0,4.22471903,-2.16556452,3.80911078,13.24529352,-11.80733905,13.88365602,51.16485556,146.33706153,-10.62266585,35.0000001,2.70962249,-8.17172782,-8.68563405,78.07127909,127.50323451,7.80127908,14.09519202
1760625100.747,0.06029252,-0.11369625,2.08697561,-0.02990755,0.96119723,0.01877262,80.0,-7.0,0.0,80.0,1.3962634,0.0,0.0,0.0,80.0,-7.0,0.0,80.0,1.3962634,0.0,0.0,0.0,4.22751634,-2.0141679,3.52288134,13.11746077,-11.81497233,14.30277911,51.00511987,146.23190501,-10.99458927,35.0000001,2.98974112,-8.44807664,-8.71769966,77.01699662,126.23781028,2.57045315,4.88262094
1760625100.781,0.06894432,-0.11916209,2.09160946,-0.03015686,0.96160502,0.0188483,80.0,-7.0,0.0,80.0,1.3962634,0.0,0.0,0.0,80.0,-7.0,0.0,80.0,1.3962634,0.0,0.0,0.0,4.3710255,-1.99702923,3.41376479,12.90071223,-11.79225186,14.37019818,51.08640892,146.19788673,-11.02349832,35.0000001,3.05743862,-8.74733079,-8.42955763,76.23140332,124.49132809,-1.27236014,-1.18877773
1760625100.814,0.06103706,-0.12752005,2.08373722,-0.02762493,0.96467231,0.01773371,80.0,-7.0,0.0,80.0,1.3962634,0.0,0.0,0.0,80.0,-7.0,0.0,80.0,1.3962634,0.0,0.0,0.0,3.90251015,-1.74751666,3.05287155,13.22279307,-11.93378144,14.72337127,51.14148809,146.29227191,-11.19728897,35.0000001,4.0619208,-8.83445697,-8.17569149,75.32420961,122.31099029,-5.43459382,-7.4395045
1760625100.847,0.05555102,-0.13498839,2.08814072,-0.0271402,0.96550892,0.01673283,80.0,-7.0,0.0,80.0,1.3962634,0.0,0.0,0.0,80.0,-7.0,0.0,80.0,1.3962634,0.0,0.0,0.0,3.87382678,-1.71545882,2.95294266,13.36446075,-11.99019408,14.73157886,51.30737616,146.23693982,-10.95249962,35.0000001,4.18830366,-8.7648138,-7.45570688,75.20920477,120.04327386,-11.29466398,-15.72607525
1760625100.881,0.05836888,-0.1363071,2.08425238,-0.02476596,0.96593137,0.01596361,80.0,-7.0,0.0,80.0,1.3962634,0.0,0.0,0.0,80.0,-7.0,0.0,80.0,1.3962634,0.0,0.0,0.0,3.90881928,-1.71988548,2.92700225,13.33981297,-12.14037412,14.5264645,51.7482023,146.26424805,-10.58740662,35.0000001,4.18956456,-8.51050547,-6.80556145,75.56763495,117.90068239,-15.37370171,-21.80876175
1760625100.914,0.05148674,-0.13510313,2.08525091,-0.0247478,0.96500148,0.01547234,80.0,-7.0,0.0,80.0,1.3962634,0.0,0.0,0.0,80.0,-7.0,0.0,80.0,1.3962634,0.0,0.0,0.0,3.46600268,-1.76750654,2.84390796,13.87043261,-12.27198452,14.40404766,52.02808301,146.25926055,-10.35862774,35.0000001,4.37462882,-7.36041456,-6.27646852,78.0355369,116.5269882,-18.68578797,-24.99999983
1760625100.948,0.03855438,-0.13879529,2.08352464,-0.0244471,0.96264487,0.01521053,80.0,-7.0,0.0,80.0,1.3962634,0.0,0.0,0.0,80.0,-7.0,0.0,80.0,1.3962634,0.0,0.0,0.0,3.0381244,-2.02207429,2.83034775,14.07816045,-12.17934516,14.17927126,52.29959917,146.24818381,-10.29002894,35.0000001,3.94578334,-5.33000754,-5.66219783,83.56572331,116.83983015,-22.17178149,-24.99999983
1760625100.981,0.04794558,-0.13797291,2.07901219,-0.02460834,0.96221646,0.01521489,80.0,-7.0,0.0,80.0,1.3962634,0.0,0.0,0.0,80.0,-7.0,0.0,80.0,1.3962634,0.0,0.0,0.0,2.9485082,-2.07756202,2.82242367,14.16141465,-12.15472481,14.07648343,52.38973158,146.27334071,-10.1467848,35.0000001,3.68799226,-4.33932176,-5.37106238,86.28014373,117.03426653,-23.73068014,-24.99999983
1760625101.015,0.04160044,-0.12480792,2.07716165,-0.02421961,0.96250676,0.01578581,80.0,-7.0,0.0,80.0,1.3962634,0.0,0.0,0.0,80.0,-7.0,0.0,80.0,1.3962634,0.0,0.0,0.0,2.89271293,-2.11112194,2.75854035,14.10413271,-12.08799282,14.11961759,52.39367714,146.29016207,-10.17203262,35.0000001,3.62607877,-3.55942772,-5.19041239,88.30765748,117.37554169,-24.96283746,-24.99999983
1760625101.048,0.02078224,-0.11877643,2.06733697,-0.02111331,0.96459813,0.01493793,80.0,-7.0,0.0,80.0,1.3962634,0.0,0.0,0.0,80.0,-7.0,0.0,80.0,1.3962634,0.0,0.0,0.0,2.66665046,-1.95391152,2.58768191,14.5460785,-12.09241041,14.40583533,52.22573174,146.23211796,-10.14103284,35.0000001,4.11599031,-3.19960926,-5.32393047,88.80553399,117.5253678,-25.42867501,-24.99999983
1760625101.082,0.02234029,-0.10913987,2.06402968,-0.01923421,0.96515043,0.01420898,80.0,-7.0,0.0,80.0,1.3962634,0.0,0.0,0.0,80.0,-7.0,0.0,80.0,1.3962634,0.0,0.0,0.0,2.54438289,-1.95194855,2.54135381,14.84771189,-11.80180272,14.5143962,52.21339424,146.33445071,-10.00182772,35.0000001,4.40487285,-3.19814044,-5.49780859,88.7671693,117.56526608,-25.44208412,-24.99999983
1760625101.115,0.02806797,-0.09795949,2.06714783,-0.01750863,0.96619305,0.01432238,80.0,-7.0,0.0,80.0,1.3962634,0.0,0.0,0.0,80.0,-7.0,0.0,80.0,1.3962634,0.0,0.0,0.0,2.4020878,-1.83880159,2.32964887,15.09908136,-11.77450626,14.92368182,52.00128884,146.28484557,-10.14921554,35.0000001,4.93934393,-3.77359694,-6.40969078,87.04337061,117.34750035,-24.48261867,-24.99999983
1760625101.149,0.01960649,-0.09058128,2.06343376,-0.01517653,0.96675482,0.01427321,80.0,-7.0,0.0,80.0,1.3962634,0.0,0.0,0.0,80.0,-7.0,0.0,80.0,1.3962634,0.0,0.0,0.0,2.12518819,-1.66730855,2.2559224,15.59326071,-11.81248947,15.14651761,51.73525317,146.28507854,-10.2453253,35.0000001,5.67535417,-4.49785,-7.04905319,84.93248502,116.80063163,-23.52922789,-24.99999983
1760625101.182,0.01826028,-0.08369763,2.06456117,-0.01439359,0.96798083,0.01443534,80.0,-7.0,0.0,80.0,1.3962634,0.0,0.0,0.0,80.0,-7.0,0.0,80.0,1.3962634,0.0,0.0,0.0,2.01317309,-1.4802592,2.19624572,15.74460576,-11.83021359,15.36707247,51.52219471,146.28850072,-10.44042761,35.0000001,6.17426328,-5.38762632,-7.75951013,82.15818994,116.11725598,-21.98207259,-24.99999983
1760625101.216,0.00559583,-0.07300416,2.06513961,-0.01580777,0.96871089,0.0150423,80.0,-7.0,0.0,80.0,1.3962634,0.0,0.0,0.0,80.0,-7.0,0.0,80.0,1.3962634,0.0,0.0,0.0,2.02277611,-1.33074164,2.41484256,15.8925029,-11.9383216,15.266403,51.45243945,146.31460242,-10.33953049,35.0000001,6.5523565,-6.91186673,-8.80392024,78.68512352,116.99930897,-18.96646064,-22.29629653
1760625101.249,0.01471557,-0.06730594,2.07313607,-0.01691524,0.9689381,0.01485158,80.0,-7.0,0.0,80.0,1.3962634,0.0,0.0,0.0,80.0,-7.0,0.0,80.0,1.3962634,0.0,0.0,0.0,2.04157407,-1.35281144,2.56175329,16.0429453,-11.88640512,15.15476533,51.5499328,146.33228454,-10.13741502,35.0000001,6.5144293,-7.02252154,-9.26749749,78.69310542,119.19057922,-16.50103363,-17.09612611
1760625101.282,0.02445161,-0.06662837,2.08647585,-0.02077956,0.96965419,0.01421646,80.0,-7.0,0.0,80.0,1.3962634,0.0,0.0,0.0,80.0,-7.0,0.0,80.0,1.3962634,0.0,0.0,0.0,1.99865856,-1.32598917,2.61860049,16.16949226,-11.90498118,15.17518259,51.57341005,146.28916353,-10.05345756,35.0000001,6.48160923,-6.79870343,-9.82308333,79.20681891,122.11977599,-13.60566717,-11.35220099
1760625101.316,0.05178464,-0.060621,2.09753129,-0.03320595,0.96859963,0.01509328,80.0,-7.0,0.0,80.0,1.3962634,0.0,0.0,0.0,80.0,-7.0,0.0,80.0,1.3962634,0.0,0.0,0.0,2.33896404,-1.47101816,3.04419933,15.56119022,-12.01728326,14.79234813,51.77753593,146.15996935,-10.12741421,35.0000001,5.66800375,-6.8712385,-10.14276791,80.20669567,125.84893648,-9.21672756,-4.36847767
1760625101.349,0.07869238,-0.06242883,2.11353968,-0.0384578,0.96690462,0.01578173,80.0,-7.0,0.0,80.0,1.3962634,0.0,0.0,0.0,80.0,-7.0,0.0,80.0,1.3962634,0.0,0.0,0.0,2.49683557,-1.55387047,3.24215821,15.26812495,-12.05941228,14.50630607,51.96692546,146.15003759,-10.06497586,35.0000001,5.32070288,-6.77460745,-10.00469329,80.64183056,127.3022655,-5.85047732,0.16711989
1760625101.383,0.06313336,-0.06618982,2.11938786,-0.03923871,0.96568888,0.01644683,80.0,-7.0,0.0,80.0,1.3962634,0.0,0.0,0.0,80.0,-7.0,0.0,80.0,1.3962634,0.0,0.0,0.0,2.56184092,-1.53490023,3.322732,15.15569991,-12.11113045,14.43786259,51.94616587,146.1293787,-10.1300376,35.0000001,5.36759715,-6.71238724,-9.81572976,80.79622396,128.18509489,-1.82003939,5.3647358
1760625101.416,0.05089849,-0.06916243,2.09396204,-0.03417251,0.96498975,0.01612109,80.0,-7.0,0.0,80.0,1.3962634,0.0,0.0,0.0,80.0,-7.0,0.0,80.0,1.3962634,0.0,0.0,0.0,2.95827994,-1.5469354,3.37676059,14.78741689,-12.14390155,14.39848747,51.96131271,146.04842597,-10.07959807,35.0000001,5.27210716,-6.56192111,-9.49403064,81.11319,129.6878576,4.69178144,14.19658054
1760625101.45,0.06629708,-0.07233445,2.10263329,-0.03268445,0.96538352,0.01603554,80.0,-7.0,0.0,80.0,1.3962634,0.0,0.0,0.0,80.0,-7.0,0.0,80.0,1.3962634,0.0,0.0,0.0,3.0144685,-1.57546663,3.34207429,14.72563389,-12.22576308,14.45103258,52.02696705,145.94769127,-10.0635109,35.0000001,5.45631772,-6.46055624,-9.25448304,81.3253687,131.05951357,9.64009222,21.31682897
1760625101.483,0.05165431,-0.0703608,2.10143318,-0.03271782,0.96614779,0.01636893,80.0,-7.0,0.0,80.0,1.3962634,0.0,0.0,0.0,80.0,-7.0,0.0,80.0,1.3962634,0.0,0.0,0.0,2.97522546,-1.61247158,3.29071361,14.79667785,-12.17876955,14.53704321,52.04531772,145.87997836,-10.10823664,35.0000001,5.60340752,-6.7067359,-8.97146942,80.80273517,131.64836264,12.65904676,25.78683201
1760625101.516,0.07227866,-0.0649941,2.08600651,-0.03285697,0.96681795,0.01645753,80.0,-7.0,0.0,80.0,1.3962634,0.0,0.0,0.0,80.0,-7.0,0.0,80.0,1.3962634,0.0,0.0,0.0,2.86376376,-1.61599844,3.14173208,14.93313967,-12.15537994,14.58353484,52.12408256,145.90110055,-10.01899121,35.0000001,5.29456547,-7.21281283,-8.89427437,79.76320001,131.68675092,12.65797338,25.45746196
1760625101.55,0.07688943,-0.0600202,2.07418309,-0.03010633,0.96658313,0.01661787,80.0,-7.0,0.0,80.0,1.3962634,0.0,0.0,0.0,80.0,-7.0,0.0,80.0,1.3962634,0.0,0.0,0.0,3.00222986,-1.70651835,3.07287602,14.59145817,-11.94458465,14.39298079,52.30085031,146.12444666,-9.968409,35.0000001,4.6297312,-7.41219506,-9.10732057,79.41566043,131.8839429,12.25578573,24.26177535
1760625101.583,0.07119062,-0.06310885,2.05470062,-0.02665964,0.96501289,0.01684844,80.0,-7.0,0.0,80.0,1.3962634,0.0,0.0,0.0,80.0,-7.0,0.0,80.0,1.3962634,0.0,0.0,0.0,3.19870771,-1.81979352,3.05945494,14.15255515,-11.81840324,14.04409209,52.5790377,146.41270053,-9.7597606,35.0000001,4.02140111,-7.59673678,-9.23044717,79.0953325,131.7112491,11.95320602,23.47567924
1760625101.617,0.05566686,-0.07084674,2.04336552,-0.02535515,0.96329821,0.01702143,80.0,-7.0,0.0,80.0,1.3962634,0.0,0.0,0.0,80.0,-7.0,0.0,80.0,1.3962634,0.0,0.0,0.0,3.38831233,-1.91042297,3.19939152,13.66298973,-11.73235655,13.66508046,52.59705782,146.61224018,-9.74008787,35.0000001,3.29969059,-7.6523807,-9.10020679,78.93371494,131.31738726,11.30352884,22.37130373
1760625101.65,0.04242438,-0.07254786,2.06340868,-0.0242568,0.9626496,0.01662521,80.0,-7.0,0.0,80.0,1.3962634,0.0,0.0,0.0,80.0,-7.0,0.0,80.0,1.3962634,0.0,0.0,0.0,3.50882089,-1.93424533,3.27584074,13.49059178,-11.78125195,13.42803406,52.76267912,146.71882054,-9.44664143,35.0000001,2.97479578,-7.58678238,-8.99153991,78.92805614,131.39716727,10.7425619,21.41065843
1760625101.684,0.04252934,-0.06910803,2.09503569,-0.02438066,0.96278791,0.01626185,80.0,-7.0,0.0,80.0,1.3962634,0.0,0.0,0.0,80.0,-7.0,0.0,80.0,1.3962634,0.0,0.0,0.0,3.63390585,-1.91788905,3.20485317,13.34799042,-11.82634499,13.59827327,52.60411172,146.64738251,-9.56890117,35.0000001,2.81288381,-7.57410783,-8.98667645,78.9114358,131.3990009,10.22388409,20.51404964
1760625101.717,0.02857647,-0.04408913,2.12668281,-0.02404671,0.96311823,0.01583639,80.0,-7.0,0.0,80.0,1.3962634,0.0,0.0,0.0,80.0,-7.0,0.0,80.0,1.3962634,0.0,0.0,0.0,3.67782853,-1.92706482,3.16458142,13.41116045,-11.83178909,13.86650849,52.31658775,146.40049398,-9.80503732,35.0000001,2.87690786,-7.50682113,-8.94903624,78.92206821,131.33732795,9.65402274,19.68257501
1760625101.751,0.00215171,-0.04318182,2.14370997,-0.02550284,0.96277049,0.01560953,80.0,-7.0,0.0,80.0,1.3962634,0.0,0.0,0.0,80.0,-7.0,0.0,80.0,1.3962634,0.0,0.0,0.0,3.63916983,-1.91450679,3.06989647,13.39325529,-11.82892873,13.97064316,52.25859821,146.46235393,-9.95523512,35.0000001,3.06384568,-7.45816981,-9.02169943,78.99311949,131.35327134,9.24980643,19.18133066
1760625101.784,-0.01201866,-0.04161405,2.15589942,-0.02844728,0.96206613,0.01657851,80.0,-7.0,0.0,80.0,1.3962634,0.0,0.0,0.0,80.0,-7.0,0.0,80.0,1.3962634,0.0,0.0,0.0,3.49452689,-1.9546762,2.97560288,13.50029246,-11.82737273,14.09088556,52.04135137,146.46500875,-10.14604022,35.0000001,3.41242976,-7.46659928,-9.09495655,79.06517139,131.26554093,8.94942031,18.75573432
1760625101.818,-0.04439768,-0.04391451,2.1473793,-0.03053633,0.96108846,0.01808377,80.0,-7.0,0.0,80.0,1.3962634,0.0,0.0,0.0,80.0,-7.0,0.0,80.0,1.3962634,0.0,0.0,0.0,3.49469097,-2.00328383,2.92072586,13.44808745,-11.90005742,14.158306,52.00374325,146.46863854,-10.28370776,35.0000001,3.70042352,-7.48709167,-9.16415273,79.24666346,131.17273748,8.46649485,18.14704793
1760625101.851,-0.0467286,-0.04229269,2.13830176,-0.03155506,0.96099887,0.01855056,80.0,-7.0,0.0,80.0,1.3962634,0.0,0.0,0.0,80.0,-7.0,0.0,80.0,1.3962634,0.0,0.0,0.0,3.50117449,-2.07370618,2.86835369,13.44991579,-11.80423034,14.23706413,51.98118772,146.44746142,-10.32772481,35.0000001,3.86578607,-7.52487068,-9.21710837,79.45280608,131.02193647,8.12130031,17.63967774
1760625101.884,-0.05270595,-0.04180972,2.12658042,-0.03348349,0.96146684,0.01885743,80.0,-7.0,0.0,80.0,1.3962634,0.0,0.0,0.0,80.0,-7.0,0.0,80.0,1.3962634,0.0,0.0,0.0,3.38127659,-2.08168903,2.78865005,13.5269999,-11.74740653,14.3564141,51.96018008,146.41890005,-10.43178636,35.0000001,4.20753898,-7.45054046,-9.28219059,79.64422815,130.89758945,7.92952554,17.39171422
1760625101.918,-0.07251619,-0.05355998,2.11806099,-0.03437223,0.96152955,0.01881315,80.0,-7.0,0.0,80.0,1.3962634,0.0,0.0,0.0,80.0,-7.0,0.0,80.0,1.3962634,0.0,0.0,0.0,3.34058341,-2.08209723,2.75741986,13.81058213,-11.82320792,14.26317183,52.20341985,146.39354812,-10.07708848,35.0000001,4.45418097,-7.3191987,-9.29686619,80.10362368,130.90758056,8.0679688,17.69473646
1760625101.951,-0.07495428,-0.05639498,2.12287013,-0.03319692,0.96204334,0.01883252,80.0,-7.0,0.0,80.0,1.3962634,0.0,0.0,0.0,80.0,-7.0,0.0,80.0,1.3962634,0.0,0.0,0.0,3.25355239,-2.07133017,2.74582061,14.06377502,-11.90588889,14.06017074,52.60640361,146.46014316,-9.62027885,35.0000001,4.68195513,-7.06866423,-9.32502166,80.67038197,131.04824566,8.770256,18.76253466
1760625102.018,-0.08293619,-0.06888776,2.09988809,-0.0284106,0.96366617,0.01801541,80.0,-7.0,0.0,80.0,1.3962634,0.0,0.0,0.0,80.0,-7.0,0.0,80.0,1.3962634,0.0,0.0,0.0,2.6954246,-1.99033131,2.48973872,14.94914368,-11.8932767,14.18760641,52.7930137,146.46430518,-9.27791865,35.0000001,5.48653216,-5.68360275,-9.69288275,83.55181705,131.74988112,14.75908126,27.51378649
1760625102.052,-0.07022314,-0.07440877,2.10185658,-0.0271649,0.96398592,0.01831736,80.0,-7.0,0.0,80.0,1.3962634,0.0,0.0,0.0,80.0,-7.0,0.0,80.0,1.3962634,0.0,0.0,0.0,2.57929808,-2.02737115,2.54051181,15.21459567,-11.8972719,14.08182741,52.84119923,146.44584266,-9.09783202,35.0000001,5.56453958,-4.99021608,-9.70855956,85.38104533,131.66011721,19.6266266,34.37518618
1760625102.085,-0.05262469,-0.06949526,2.10204892,-0.02613562,0.96550639,0.01961044,80.0,-7.0,0.0,80.0,1.3962634,0.0,0.0,0.0,80.0,-7.0,0.0,80.0,1.3962634,0.0,0.0,0.0,2.65509712,-1.87354455,2.60204857,15.00093804,-11.86514411,14.10270595,52.85476677,146.46052328,-9.21588674,35.0000001,6.40989726,-6.83679012,-10.5834941,81.37797839,130.94250507,24.57709633,35.0000001
1760625102.119,-0.06054113,-0.06983349,2.09735982,-0.02430252,0.96557292,0.02061115,80.0,-7.0,0.0,80.0,1.3962634,0.0,0.0,0.0,80.0,-7.0,0.0,80.0,1.3962634,0.0,0.0,0.0,2.76528579,-1.74739687,2.66093374,14.91749728,-11.79597413,14.12977072,52.72800829,146.49351441,-9.28546651,35.0000001,7.00268771,-8.48682021,-10.91767101,77.98591938,130.41122101,27.30773706,35.0000001
1760625102.152,-0.04844546,-0.07134298,2.10470944,-0.03092028,0.96520752,0.02131321,80.0,-7.0,0.0,80.0,1.3962634,0.0,0.0,0.0,80.0,-7.0,0.0,80.0,1.3962634,0.0,0.0,0.0,2.8193235,-1.67921939,2.97558831,14.95667676,-11.82792002,13.85371637,52.62428825,146.47363354,-9.26708087,35.0000001,7.35336233,-10.06151689,-10.76496794,75.06199166,129.68640356,29.42686587,35.0000001
1760625102.185,-0.02371732,-0.0656126,2.10575838,-0.03484244,0.96485896,0.02245789,80.0,-7.0,0.0,80.0,1.3962634,0.0,0.0,0.0,80.0,-7.0,0.0,80.0,1.3962634,0.0,0.0,0.0,2.87890772,-1.54260143,3.18392897,14.92979701,-11.82664104,13.57358687,52.68856353,146.58230307,-9.1225188,35.0000001,8.44776098,-12.94231089,-9.77466138,69.08138005,126.92250053,33.29020765,35.0000001
1760625102.219,-0.02799366,-0.06500407,2.10619151,-0.03561902,0.96457228,0.02282251,80.0,-7.0,0.0,80.0,1.3962634,0.0,0.0,0.0,80.0,-7.0,0.0,80.0,1.3962634,0.0,0.0,0.0,3.272076,-1.48496822,3.50555761,14.35697204,-11.87114355,13.17468402,52.85123151,146.65924216,-9.03721743,35.0000001,8.84449646,-14.73024401,-8.36951193,65.16818019,125.41109537,35.68213803,35.0000001
1760625102.252,-0.02863324,-0.05640161,2.1102137,-0.03380594,0.96335281,0.02273258,80.0,-7.0,0.0,80.0,1.3962634,0.0,0.0,0.0,80.0,-7.0,0.0,80.0,1.3962634,0.0,0.0,0.0,3.43365067,-1.56549963,3.56767878,14.11224264,-11.81546917,13.06294055,53.03928653,146.62461271,-8.88945311,35.0000001,8.77729769,-15.57599072,-7.7660741,63.67049379,125.40788104,36.55493869,35.0000001
1760625102.286,-0.03648749,-0.0541254,2.1115602,-0.03156798,0.96281081,0.02202449,80.0,-7.0,0.0,80.0,1.3962634,0.0,0.0,0.0,80.0,-7.0,0.0,80.0,1.3962634,0.0,0.0,0.0,3.4505439,-1.43050606,3.49768094,13.91266158,-11.90906051,13.19755268,52.95436669,146.62314759,-9.06269896,35.0000001,8.25925387,-15.71940555,-7.73122117,63.02941962,125.47718912,37.01566258,35.0000001
1760625102.319,-0.03168266,-0.04431165,2.10344595,-0.03102904,0.96284477,0.02173266,80.0,-7.0,0.0,80.0,1.3962634,0.0,0.0,0.0,80.0,-7.0,0.0,80.0,1.3962634,0.0,0.0,0.0,3.56973584,-1.39567413,3.55813339,13.47528498,-11.95776467,13.21380458,52.7546225,146.57492257,-9.51661577,35.0000001,7.7579712,-15.71312522,-7.669312,62.49959052,125.10678543,37.51389335,35.0000001
1760625102.386,-0.02468751,-0.02785014,2.11368096,-0.02951025,0.96302026,0.02142952,80.0,-7.0,0.0,80.0,1.3962634,0.0,0.0,0.0,80.0,-7.0,0.0,80.0,1.3962634,0.0,0.0,0.0,3.32658379,-1.35122658,3.50526975,13.59687582,-11.9748944,13.44223655,52.37567175,146.44130259,-9.83858033,35.0000001,7.51109114,-15.51420861,-7.83306158,62.04561585,125.01626202,38.00867534,35.0000001
1760625102.42,-0.04235251,-0.01563536,2.1159559,-0.0308592,0.9628941,0.02216154,80.0,-7.0,0.0,80.0,1.3962634,0.0,0.0,0.0,80.0,-7.0,0.0,80.0,1.3962634,0.0,0.0,0.0,3.2077812,-1.43269096,3.56711072,13.81432112,-11.94934398,13.43496042,52.32465257,146.37254027,-9.73923637,35.0000001,7.50910988,-15.40389665,-7.6927703,62.21052483,124.78325158,37.6184241,35.0000001
1760625102.453,-0.0267234,-0.00074526,2.11796977,-0.03094346,0.96280063,0.02235186,80.0,-7.0,0.0,80.0,1.3962634,0.0,0.0,0.0,80.0,-7.0,0.0,80.0,1.3962634,0.0,0.0,0.0,3.06886008,-1.50295886,3.64809084,13.99419302,-11.94160023,13.39853498,52.35639641,146.3172957,-9.66727645,35.0000001,7.4524814,-15.05421391,-7.70705341,62.85231275,124.79542379,36.77267129,35.0000001
1760625102.487,-0.01415484,0.00809407,2.13184401,-0.02969009,0.96289909,0.02189692,80.0,-7.0,0.0,80.0,1.3962634,0.0,0.0,0.0,80.0,-7.0,0.0,80.0,1.3962634,0.0,0.0,0.0,3.14972839,-1.58887565,3.73213835,13.95530749,-11.93673233,13.400714,52.41269274,146.23496787,-9.6526849,35.0000001,6.69835552,-13.86715259,-7.82635648,65.26517911,124.73420589,33.880572,35.0000001
1760625102.52,-0.01660814,0.01363239,2.12455805,-0.02899694,0.96305242,0.02163855,80.0,-7.0,0.0,80.0,1.3962634,0.0,0.0,0.0,80.0,-7.0,0.0,80.0,1.3962634,0.0,0.0,0.0,3.24783698,-1.78452698,3.80680178,14.0057557,-11.82102395,13.26403555,52.73128777,146.2066372,-9.32496694,35.0000001,5.77944062,-12.34437842,-8.21790147,68.83682966,125.38971083,30.5559189,35.0000001
1760625102.553,-0.00666034,0.0228719,2.12036082,-0.02690377,0.96211325,0.02092481,80.0,-7.0,0.0,80.0,1.3962634,0.0,0.0,0.0,80.0,-7.0,0.0,80.0,1.3962634,0.0,0.0,0.0,3.39116121,-1.97593741,3.93364057,14.00281018,-11.76817987,13.06885878,52.90226727,146.12369569,-9.06015329,35.0000001,4.72348882,-10.29113437,-8.6801718,73.56627169,127.16078209,27.28625892,35.0000001
1760625102.587,-0.00859666,0.0235331,2.10779589,-0.02574617,0.96037733,0.02011966,80.0,-7.0,0.0,80.0,1.3962634,0.0,0.0,0.0,80.0,-7.0,0.0,80.0,1.3962634,0.0,0.0,0.0,3.49084712,-2.26621415,4.03794058,14.10146722,-11.70580016,12.88739437,53.15369288,146.03933985,-8.6518382,35.0000001,3.60052553,-7.5283939,-8.59842554,79.91032093,129.39042695,22.6519221,35.0000001
1760625102.62,-0.00319404,0.02066261,2.10802625,-0.02564608,0.9585253,0.01957761,80.0,-7.0,0.0,80.0,1.3962634,0.0,0.0,0.0,80.0,-7.0,0.0,80.0,1.3962634,0.0,0.0,0.0,3.60730988,-2.46171222,4.0596851,14.16829646,-11.60581965,12.81622982,53.24232172,146.00728975,-8.37431397,35.0000001,2.84397167,-5.76529682,-7.99247847,84.27454569,129.82681691,18.62381846,34.86104968
1760625102.654,9.326e-05,0.02843467,2.11602967,-0.02517842,0.95871559,0.02085752,80.0,-7.0,0.0,80.0,1.3962634,0.0,0.0,0.0,80.0,-7.0,0.0,80.0,1.3962634,0.0,0.0,0.0,3.8000049,-2.44800403,4.18865966,14.29413625,-11.67796748,12.55965698,53.47118541,146.06765002,-7.84841823,35.0000001,2.9861623,-6.56442571,-7.79640588,82.39289589,128.84693873,12.05086656,25.48425378
1760625102.687,0.00021241,0.03145533,2.11334389,-0.0245542,0.95974016,0.02127267,80.0,-7.0,0.0,80.0,1.3962634,0.0,0.0,0.0,80.0,-7.0,0.0,80.0,1.3962634,0.0,0.0,0.0,3.88649785,-2.31870018,4.0990184,14.20212014,-11.70778349,12.69189267,53.39109126,146.06027591,-7.93388457,35.0000001,3.38554897,-7.37858267,-7.73076182,80.28119203,127.33111699,4.77876539,14.49667117
1760625102.721,-0.0024465,0.0272377,2.11058955,-0.02501625,0.96055475,0.02125844,80.0,-7.0,0.0,80.0,1.3962634,0.0,0.0,0.0,80.0,-7.0,0.0,80.0,1.3962634,0.0,0.0,0.0,3.9950766,-2.21790256,4.02494486,14.0736281,-11.73649107,12.81182157,53.2548348,146.04922497,-8.08445125,35.0000001,3.56034682,-7.66107922,-7.74078655,79.3470268,126.10569947,1.10352611,8.09365231
1760625102.754,0.01175596,0.02144734,2.10126831,-0.02732015,0.96213493,0.02022191,80.0,-7.0,0.0,80.0,1.3962634,0.0,0.0,0.0,80.0,-7.0,0.0,80.0,1.3962634,0.0,0.0,0.0,3.76582182,-2.04911915,3.83881118,14.25220974,-11.82639639,13.14587214,52.99214589,146.00686191,-8.42730228,35.0000001,4.26470755,-7.97843506,-7.60406747,78.20241297,124.09026525,-2.3426217,2.21675209
1760625102.787,0.00504365,0.01035874,2.09896145,-0.02566357,0.96394665,0.01932076,80.0,-7.0,0.0,80.0,1.3962634,0.0,0.0,0.0,80.0,-7.0,0.0,80.0,1.3962634,0.0,0.0,0.0,3.63725923,-1.87167283,3.5841457,14.2535963,-11.91459887,13.52261036,52.90550555,145.96091408,-8.70433166,35.0000001,4.92745159,-8.28211614,-7.41248998,77.19413688,121.88904219,-7.10088172,-4.98022947
1760625102.821,0.00363218,-0.00362151,2.09299744,-0.02612319,0.96428835,0.01902248,80.0,-7.0,0.0,80.0,1.3962634,0.0,0.0,0.0,80.0,-7.0,0.0,80.0,1.3962634,0.0,0.0,0.0,3.64753908,-1.78002829,3.55957348,14.21127279,-12.02127649,13.61608312,52.85568765,145.88335452,-8.83271418,35.0000001,4.94167652,-8.24043116,-7.08364858,77.04966155,120.56258504,-10.57220773,-9.93887593
1760625102.854,0.01293999,-0.01568333,2.09560767,-0.02232165,0.96471276,0.01818727,80.0,-7.0,0.0,80.0,1.3962634,0.0,0.0,0.0,80.0,-7.0,0.0,80.0,1.3962634,0.0,0.0,0.0,3.804136,-1.71268183,3.51161874,13.99741784,-12.16451486,13.64533523,52.91081775,145.78488876,-8.86646816,35.0000001,4.73612203,-8.1076323,-6.70627112,77.06664739,119.0524944,-13.81069622,-14.53561218
1760625102.888,0.01771884,-0.02988796,2.09956454,-0.02295727,0.9644435,0.0174248,80.0,-7.0,0.0,80.0,1.3962634,0.0,0.0,0.0,80.0,-7.0,0.0,80.0,1.3962634,0.0,0.0,0.0,3.65242534,-1.66014279,3.39915407,13.80766481,-12.32330643,13.66656282,52.97881994,145.76351948,-9.10576062,35.0000001,4.69519982,-7.73107197,-6.26715524,77.54567363,116.81089522,-17.59877021,-20.17469197
1760625102.921,0.01174424,-0.04437637,2.10371871,-0.02227019,0.96401906,0.01728262,80.0,-7.0,0.0,80.0,1.3962634,0.0,0.0,0.0,80.0,-7.0,0.0,80.0,1.3962634,0.0,0.0,0.0,3.36020266,-1.6517117,3.35618121,13.95409251,-12.38822465,13.62456614,53.04030253,145.78745847,-9.15047173,35.0000001,4.78345888,-7.40360553,-6.00820854,78.16917896,115.49802615,-19.67061634,-23.42148119
1760625102.955,0.02621573,-0.05028906,2.11168271,-0.02262724,0.96429768,0.01711661,80.0,-7.0,0.0,80.0,1.3962634,0.0,0.0,0.0,80.0,-7.0,0.0,80.0,1.3962634,0.0,0.0,0.0,3.30790831,-1.69873992,3.3721891,13.91594628,-12.39332813,13.53543755,53.00925277,145.7685886,-9.13686302,35.0000001,4.48818671,-6.81031801,-5.83944932,79.69442023,114.82015026,-21.0531842,-24.99999983
1760625102.988,0.03041474,-0.0542244,2.1161998,-0.02342398,0.96514012,0.01763629,80.0,-7.0,0.0,80.0,1.3962634,0.0,0.0,0.0,80.0,-7.0,0.0,80.0,1.3962634,0.0,0.0,0.0,3.37986515,-1.71769536,3.30247157,13.66291802,-12.29159958,13.62613145,52.96409862,145.7889176,-9.2907523,35.0000001,4.29039871,-6.43752171,-5.87708204,80.67263584,114.8513349,-21.61510961,-24.99999983
1760625103.022,0.02620452,-0.05497984,2.12283684,-0.02100853,0.96753876,0.01698737,80.0,-7.0,0.0,80.0,1.3962634,0.0,0.0,0.0,80.0,-7.0,0.0,80.0,1.3962634,0.0,0.0,0.0,3.0828341,-1.48616609,2.97043723,13.89410299,-12.19656074,14.34204912,52.13707708,145.70835118,-10.0822334,35.0000001,4.89347107,-6.14701971,-6.2108972,80.73884591,114.74968524,-21.84430397,-24.99999983
1760625103.055,0.0253582,-0.05222766,2.13184846,-0.01799651,0.96932844,0.01665731,80.0,-7.0,0.0,80.0,1.3962634,0.0,0.0,0.0,80.0,-7.0,0.0,80.0,1.3962634,0.0,0.0,0.0,2.75279476,-1.27984153,2.57715949,14.15318541,-12.06239913,15.10855437,51.4250656,145.58671185,-10.83537203,35.0000001,5.60444601,-6.358417,-6.896991,79.73141591,114.69549247,-21.28553237,-24.99999983
1760625103.089,0.03314656,-0.04125826,2.14397219,-0.01664264,0.97003129,0.016467,80.0,-7.0,0.0,80.0,1.3962634,0.0,0.0,0.0,80.0,-7.0,0.0,80.0,1.3962634,0.0,0.0,0.0,2.54708824,-1.23598344,2.52406287,14.46674948,-12.01549014,15.21593563,51.36075251,145.59157315,-10.76036747,35.0000001,5.98238849,-6.70025538,-7.2865784,78.99165195,115.16529338,-20.46864908,-23.96811011
1760625103.122,0.01288387,-0.04012174,2.14134538,-0.01487047,0.96969928,0.01587582,80.0,-7.0,0.0,80.0,1.3962634,0.0,0.0,0.0,80.0,-7.0,0.0,80.0,1.3962634,0.0,0.0,0.0,2.52194531,-1.21670118,2.50202642,14.59202971,-12.00763277,15.34797033,51.16695174,145.5331123,-10.76500318,35.0000001,5.92309095,-6.6233709,-7.8481182,79.21363813,116.90408053,-18.93850562,-20.4865878
1760625103.156,0.01210353,-0.03919804,2.13140862,-0.01492103,0.969815,0.01547546,80.0,-7.0,0.0,80.0,1.3962634,0.0,0.0,0.0,80.0,-7.0,0.0,80.0,1.3962634,0.0,0.0,0.0,2.54081198,-1.21169884,2.56408497,14.54948103,-12.03879295,15.35348904,51.2429623,145.49966413,-10.70441804,35.0000001,5.82460036,-6.59413181,-8.92649182,79.86595703,120.53249941,-15.11408352,-13.41875627
1760625103.189,0.02707169,-0.03823003,2.13922629,-0.01566241,0.9698393,0.01420939,80.0,-7.0,0.0,80.0,1.3962634,0.0,0.0,0.0,80.0,-7.0,0.0,80.0,1.3962634,0.0,0.0,0.0,2.39820338,-1.10666875,2.49686955,14.70365344,-12.10768746,15.62293656,50.9391744,145.42084707,-10.89357838,35.0000001,6.10273097,-6.45252474,-9.21769276,80.0222184,121.81747408,-12.72027921,-9.20965578
1760625103.222,0.02151996,-0.04374259,2.15081781,-0.0193759,0.96908715,0.0134347,80.0,-7.0,0.0,80.0,1.3962634,0.0,0.0,0.0,80.0,-7.0,0.0,80.0,1.3962634,0.0,0.0,0.0,2.2925738,-1.10167288,2.56783908,14.9510045,-12.16551536,15.71486045,50.72731611,145.28222108,-10.9299504,35.0000001,6.01074129,-6.02603902,-9.49864441,80.90787044,123.90172394,-9.88055785,-4.79284564
1760625103.256,0.04283475,-0.04281232,2.15564273,-0.03039579,0.96848141,0.01392355,80.0,-7.0,0.0,80.0,1.3962634,0.0,0.0,0.0,80.0,-7.0,0.0,80.0,1.3962634,0.0,0.0,0.0,2.07209205,-1.23953723,2.56309811,14.94811324,-12.2152298,15.7913248,50.75084127,145.12892881,-11.20362441,35.0000001,6.06380813,-5.82134797,-10.01357241,82.09636886,126.63752651,-5.66700998,1.30151674
1760625103.289,0.06159361,-0.04686547,2.16906697,-0.03568454,0.9668685,0.01494605,80.0,-7.0,0.0,80.0,1.3962634,0.0,0.0,0.0,80.0,-7.0,0.0,80.0,1.3962634,0.0,0.0,0.0,2.06657436,-1.32787615,2.50811783,14.53531509,-12.35585649,15.84914981,50.77568039,145.02222743,-11.62425154,35.0000001,5.87934545,-5.64681636,-9.9922758,82.61932036,126.93900221,-3.0161829,4.89783956
1760625103.323,0.04350551,-0.05671287,2.17601905,-0.03596963,0.96480999,0.01563989,80.0,-7.0,0.0,80.0,1.3962634,0.0,0.0,0.0,80.0,-7.0,0.0,80.0,1.3962634,0.0,0.0,0.0,2.28549538,-1.44567486,2.65108134,14.36652746,-12.31344524,15.67201879,50.8165054,144.98604918,-11.5618203,35.0000001,5.37701771,-5.31094277,-9.90258068,83.76204248,127.91999322,0.5073864,9.57408979
1760625103.356,0.04552684,-0.0653131,2.15683494,-0.03456875,0.96285675,0.0169589,80.0,-7.0,0.0,80.0,1.3962634,0.0,0.0,0.0,80.0,-7.0,0.0,80.0,1.3962634,0.0,0.0,0.0,2.71302228,-1.61685728,3.00167059,13.98906442,-12.24319885,15.24329952,50.93353814,144.99606471,-11.31288558,35.0000001,4.98166421,-5.10086473,-9.50173526,84.76876272,129.43435414,5.86784829,17.06126984
1760625103.39,0.07170486,-0.06479148,2.16895268,-0.03207178,0.96279244,0.01849781,80.0,-7.0,0.0,80.0,1.3962634,0.0,0.0,0.0,80.0,-7.0,0.0,80.0,1.3962634,0.0,0.0,0.0,2.96528239,-1.65851488,3.05458288,13.7237639,-12.15674548,15.28000352,50.79213387,144.96149197,-11.39435976,35.0000001,4.87441868,-5.20028327,-9.02427052,84.50745881,129.33642674,8.62395608,21.17785703
1760625103.423,0.0459957,-0.07325769,2.17661684,-0.03020146,0.96275991,0.01905708,80.0,-7.0,0.0,80.0,1.3962634,0.0,0.0,0.0,80.0,-7.0,0.0,80.0,1.3962634,0.0,0.0,0.0,3.05995068,-1.63837148,3.04996607,13.69406723,-12.19236553,15.37283485,50.6972326,144.89185372,-11.48785461,35.0000001,4.99399504,-5.28069242,-8.73196541,84.08628524,129.68111254,11.24868262,24.85907043
1760625103.457,0.05485925,-0.07548311,2.16039884,-0.02743794,0.96308917,0.01902141,80.0,-7.0,0.0,80.0,1.3962634,0.0,0.0,0.0,80.0,-7.0,0.0,80.0,1.3962634,0.0,0.0,0.0,3.10224967,-1.6530476,3.07707071,13.90877481,-12.19517194,15.31848385,50.80988756,144.82759545,-11.27814635,35.0000001,4.95692502,-5.60397761,-8.53521241,83.39986081,130.41994917,13.1992032,27.86990843
1760625103.49,0.08803989,-0.06629743,2.16900402,-0.02564056,0.96433026,0.01871541,80.0,-7.0,0.0,80.0,1.3962634,0.0,0.0,0.0,80.0,-7.0,0.0,80.0,1.3962634,0.0,0.0,0.0,3.02319564,-1.64523622,3.04537245,14.15921638,-12.24662203,15.21020015,51.12124364,144.8660365,-10.91314205,35.0000001,4.74438232,-5.77547357,-8.57194382,82.82758222,130.41668646,13.35975198,27.93561011
1760625103.523,0.07268031,-0.06178892,2.1507839,-0.02699021,0.96465758,0.01792479,80.0,-7.0,0.0,80.0,1.3962634,0.0,0.0,0.0,80.0,-7.0,0.0,80.0,1.3962634,0.0,0.0,0.0,2.93136789,-1.64362237,3.04990052,14.40124733,-12.1895338,15.09196939,51.26045879,144.94585968,-10.69032604,35.0000001,4.49192144,-5.93674719,-8.64733965,82.37782121,130.15137898,12.79595076,27.02799007
1760625103.557,0.04722394,-0.06059243,2.12564886,-0.02897329,0.96476866,0.01695845,80.0,-7.0,0.0,80.0,1.3962634,0.0,0.0,0.0,80.0,-7.0,0.0,80.0,1.3962634,0.0,0.0,0.0,2.7905948,-1.60130736,3.09345091,14.51008694,-12.23884251,14.68143472,51.57031419,145.25922657,-10.33127714,35.0000001,4.2505844,-5.85419009,-8.78745352,82.27456235,130.28654806,12.43622241,26.09509663
1760625103.59,0.06435732,-0.06178169,2.1305549,-0.02904805,0.96523702,0.01678203,80.0,-7.0,0.0,80.0,1.3962634,0.0,0.0,0.0,80.0,-7.0,0.0,80.0,1.3962634,0.0,0.0,0.0,2.72008758,-1.63260784,3.17121446,14.67536033,-12.2683074,14.22977754,52.1235028,145.47632106,-9.58225853,35.0000001,4.09720618,-5.82489982,-8.70236248,82.22956349,130.08356988,12.1266463,25.43014784
1760625103.624,0.07003037,-0.05409397,2.14768578,-0.02821291,0.96485918,0.01684024,80.0,-7.0,0.0,80.0,1.3962634,0.0,0.0,0.0,80.0,-7.0,0.0,80.0,1.3962634,0.0,0.0,0.0,2.884601,-1.84048734,3.34509347,14.56658446,-12.21297634,13.72887588,52.75671546,145.59868918,-8.82873978,35.0000001,3.71737408,-5.94342612,-8.48504173,82.35789939,130.05127994,11.83243087,24.82121788
1760625103.657,0.06159887,-0.04424504,2.16377227,-0.0267312,0.96468514,0.01717823,80.0,-7.0,0.0,80.0,1.3962634,0.0,0.0,0.0,80.0,-7.0,0.0,80.0,1.3962634,0.0,0.0,0.0,3.05560951,-1.99643605,3.48064102,14.51407925,-12.12330149,13.49775252,53.02599362,145.60617225,-8.3712483,35.0000001,3.48755764,-5.94253679,-8.34422981,82.67377729,130.24288063,11.93956947,24.74876163
1760625103.691,0.06997295,-0.03358688,2.18794051,-0.02577355,0.96479224,0.01762664,80.0,-7.0,0.0,80.0,1.3962634,0.0,0.0,0.0,80.0,-7.0,0.0,80.0,1.3962634,0.0,0.0,0.0,3.06274553,-2.11948112,3.49388323,14.72455072,-12.03759151,13.34616228,53.36448414,145.60691758,-7.84820364,35.0000001,3.58523751,-5.95633261,-8.28557071,82.84947423,130.26844179,12.34095763,25.2138475
1760625103.724,0.07222811,-0.01950647,2.2015734,-0.02676122,0.96508945,0.01841864,80.0,-7.0,0.0,80.0,1.3962634,0.0,0.0,0.0,80.0,-7.0,0.0,80.0,1.3962634,0.0,0.0,0.0,2.95719067,-2.16816105,3.41063597,14.7619922,-11.96607008,13.40927321,53.42645693,145.64563481,-7.88793287,35.0000001,3.86899002,-5.91924471,-8.31866488,82.94273943,130.31778294,12.67856614,25.72220485
1760625103.758,0.0394628,-0.01047551,2.20381213,-0.02717127,0.96393803,0.01878669,80.0,-7.0,0.0,80.0,1.3962634,0.0,0.0,0.0,80.0,-7.0,0.0,80.0,1.3962634,0.0,0.0,0.0,2.90865268,-2.10676654,3.26717212,14.71234459,-11.89290657,13.81711988,52.85085339,145.60084706,-8.5352537,35.0000001,4.15081163,-5.86206587,-8.42132784,82.95349804,130.42174844,12.5381892,25.71712196
1760625103.791,0.02678205,-0.00872699,2.20284332,-0.02585516,0.96394542,0.01912397,80.0,-7.0,0.0,80.0,1.3962634,0.0,0.0,0.0,80.0,-7.0,0.0,80.0,1.3962634,0.0,0.0,0.0,2.80567988,-2.05349026,3.02748273,14.58694306,-11.87250585,14.19996449,52.67555608,145.57199779,-8.99448887,35.0000001,4.36218328,-5.81736586,-8.65090198,83.04970784,130.47022302,12.43751912,25.68918701
1760625103.825,0.02489275,-0.00033618,2.18198591,-0.02422137,0.96416274,0.01923349,80.0,-7.0,0.0,80.0,1.3962634,0.0,0.0,0.0,80.0,-7.0,0.0,80.0,1.3962634,0.0,0.0,0.0,2.79309322,-2.04158205,2.98006613,14.48666526,-11.87154221,14.25014033,52.65810865,145.58214204,-9.12355475,35.0000001,4.48272312,-5.73401813,-8.74960841,83.25919363,130.51297823,12.40496144,25.78967926
1760625103.858,0.00521584,-0.00471216,2.15678297,-0.02393564,0.96543207,0.01853326,80.0,-7.0,0.0,80.0,1.3962634,0.0,0.0,0.0,80.0,-7.0,0.0,80.0,1.3962634,0.0,0.0,0.0,2.72867812,-1.95943127,2.84383337,14.71744036,-11.86196206,14.3450906,52.72789959,145.62738974,-8.95775943,35.0000001,4.77796867,-5.61260113,-8.92350889,83.26326619,130.58945459,12.20707367,25.65434863
1760625103.925,-0.00080799,-0.01718776,2.1328281,-0.02344851,0.96500601,0.01816342,80.0,-7.0,0.0,80.0,1.3962634,0.0,0.0,0.0,80.0,-7.0,0.0,80.0,1.3962634,0.0,0.0,0.0,2.65424815,-1.90756186,2.88937615,15.22194065,-11.97155845,14.11904098,53.13897389,145.65054514,-8.20840155,35.0000001,4.96927196,-5.33268682,-8.9430317,83.79614114,130.64673623,12.48510143,26.18399001
1760625103.992,-0.00764041,-0.02633043,2.12597656,-0.02084614,0.96482526,0.01838906,80.0,-7.0,0.0,80.0,1.3962634,0.0,0.0,0.0,80.0,-7.0,0.0,80.0,1.3962634,0.0,0.0,0.0,2.73200215,-1.95199481,2.94535733,15.31279542,-11.88406492,13.99192559,53.21261627,145.65224587,-8.06393132,35.0000001,4.88552027,-5.03672764,-8.95470158,84.72053034,130.8711012,13.39884599,27.59604798
1760625104.059,0.00230778,-0.0347864,2.13926356,-0.0213418,0.96543737,0.01993833,80.0,-7.0,0.0,80.0,1.3962634,0.0,0.0,0.0,80.0,-7.0,0.0,80.0,1.3962634,0.0,0.0,0.0,2.73021924,-2.08621775,2.908973,15.13066077,-11.7859525,14.13932769,53.12379378,145.55163952,-8.37879734,35.0000001,4.88395528,-4.49988895,-9.14199978,86.41743194,130.80767794,17.12947022,32.78866556
1760625104.092,0.01660181,-0.03283637,2.13788884,-0.02144943,0.96572063,0.0205924,80.0,-7.0,0.0,80.0,1.3962634,0.0,0.0,0.0,80.0,-7.0,0.0,80.0,1.3962634,0.0,0.0,0.0,2.7434821,-2.14706919,2.90118648,15.07805899,-11.70940146,14.31463764,52.9670493,145.4462587,-8.56264207,35.0000001,5.03057741,-4.64187958,-9.4211918,86.29394439,130.62532797,19.57239606,35.0000001
1760625104.126,0.01897368,-0.02245663,2.13527845,-0.02306505,0.96642034,0.0215025,80.0,-7.0,0.0,80.0,1.3962634,0.0,0.0,0.0,80.0,-7.0,0.0,80.0,1.3962634,0.0,0.0,0.0,2.6684707,-2.11028691,2.97410681,15.17419057,-11.66624347,14.34872193,52.94927569,145.45123866,-8.571484,35.0000001,5.8555642,-6.15307818,-10.08084738,82.90579374,130.30336082,23.26304785,35.0000001
1760625104.159,0.03574494,-0.01514276,2.13375167,-0.0244851,0.96657881,0.02241958,80.0,-7.0,0.0,80.0,1.3962634,0.0,0.0,0.0,80.0,-7.0,0.0,80.0,1.3962634,0.0,0.0,0.0,2.72368515,-2.05311688,3.16248812,15.17528581,-11.68970908,14.19521178,52.98467657,145.44166673,-8.46636361,35.0000001,6.44866458,-7.78722948,-10.35409608,79.45970324,129.83892616,26.39049016,35.0000001
1760625104.193,0.05741729,-0.00254787,2.13265521,-0.02637108,0.96676021,0.0229845,80.0,-7.0,0.0,80.0,1.3962634,0.0,0.0,0.0,80.0,-7.0,0.0,80.0,1.3962634,0.0,0.0,0.0,2.94276219,-1.95215078,3.40070119,14.98484721,-11.77164288,14.03078716,52.94059957,145.4200062,-8.4112639,35.0000001,6.93059546,-9.71549721,-10.38167429,75.67988933,129.12149446,29.20492121,35.0000001
1760625104.226,0.06049517,0.00461766,2.12602656,-0.02702488,0.96714301,0.0232675,80.0,-7.0,0.0,80.0,1.3962634,0.0,0.0,0.0,80.0,-7.0,0.0,80.0,1.3962634,0.0,0.0,0.0,3.13661537,-1.72621248,3.59803714,14.90208758,-11.85767513,13.92541129,52.79972539,145.48735116,-8.35348856,35.0000001,8.04269206,-12.54120898,-9.9147622,70.02676263,127.57903388,32.7871054,35.0000001
1760625104.259,0.05900107,0.00588986,2.12294041,-0.02834878,0.96630976,0.02360337,80.0,-7.0,0.0,80.0,1.3962634,0.0,0.0,0.0,80.0,-7.0,0.0,80.0,1.3962634,0.0,0.0,0.0,3.36773839,-1.64296383,3.78868022,14.66363759,-11.85049751,13.77018042,52.66770524,145.5086265,-8.37103457,35.0000001,8.3657557,-13.93062917,-9.15199343,67.15286915,126.65185212,34.67125108,35.0000001
1760625104.293,0.05972896,0.00629162,2.12037302,-0.02827121,0.96519757,0.02247471,80.0,-7.0,0.0,80.0,1.3962634,0.0,0.0,0.0,80.0,-7.0,0.0,80.0,1.3962634,0.0,0.0,0.0,3.35156984,-1.58367982,3.80451104,14.71528549,-11.88229837,13.74180692,52.5424616,145.49537764,-8.37952865,35.0000001,8.59221545,-14.65806576,-8.54180035,65.39793209,125.79793646,35.61027361,35.0000001
1760625104.326,0.0595872,0.00428181,2.11217494,-0.02758378,0.96451355,0.0217777,80.0,-7.0,0.0,80.0,1.3962634,0.0,0.0,0.0,80.0,-7.0,0.0,80.0,1.3962634,0.0,0.0,0.0,3.32184381,-1.53608576,3.85523301,14.77395738,-11.91860792,13.65952378,52.4327579,145.5016794,-8.4176243,35.0000001,8.47698376,-15.04180938,-8.03843025,64.17755701,124.94502332,36.52548196,35.0000001
1760625104.36,0.06606129,0.00394404,2.10763853,-0.02747653,0.96381149,0.02171465,80.0,-7.0,0.0,80.0,1.3962634,0.0,0.0,0.0,80.0,-7.0,0.0,80.0,1.3962634,0.0,0.0,0.0,3.36430192,-1.56095678,4.06936549,14.77707273,-11.93903975,13.36929596,52.39719226,145.51965802,-8.34493381,35.0000001,8.23987201,-15.25293508,-7.53941753,63.4407852,124.28865431,36.96048991,35.0000001
1760625104.393,0.07261594,-0.0042715,2.11747167,-0.02870095,0.96382424,0.02184382,80.0,-7.0,0.0,80.0,1.3962634,0.0,0.0,0.0,80.0,-7.0,0.0,80.0,1.3962634,0.0,0.0,0.0,3.31867452,-1.56043203,4.07562849,14.81519759,-11.87771236,13.31592893,52.38107462,145.56336156,-8.3455582,35.0000001,8.22411293,-15.38702913,-7.35665367,62.85162354,124.19490613,37.37896269,35.0000001
1760625104.427,0.06418954,-0.00460275,2.12221523,-0.02952403,0.963833,0.02219958,80.0,-7.0,0.0,80.0,1.3962634,0.0,0.0,0.0,80.0,-7.0,0.0,80.0,1.3962634,0.0,0.0,0.0,3.35722227,-1.54391587,4.15580414,14.76699262,-11.9080071,13.22209267,52.31374334,145.54224145,-8.38429176,35.0000001,8.20838917,-15.50996249,-6.97082829,62.4325239,124.32805509,37.5831412,35.0000001
1760625104.46,0.07413249,-0.00177117,2.12998209,-0.02986578,0.96317147,0.02245675,80.0,-7.0,0.0,80.0,1.3962634,0.0,0.0,0.0,80.0,-7.0,0.0,80.0,1.3962634,0.0,0.0,0.0,3.34383649,-1.61959395,4.20895604,14.69803274,-11.86655398,13.24075802,52.2530458,145.42536309,-8.55933289,35.0000001,8.49415152,-15.71132625,-6.36710325,61.90124335,123.89551243,37.36741714,35.0000001
1760625104.494,0.11088746,0.00537753,2.14463303,-0.03392831,0.96372658,0.02297938,80.0,-7.0,0.0,80.0,1.3962634,0.0,0.0,0.0,80.0,-7.0,0.0,80.0,1.3962634,0.0,0.0,0.0,3.14269067,-1.59224389,4.04750927,14.65432176,-11.81906019,13.66343414,51.84838882,145.33196191,-9.28291388,35.0000001,8.78118592,-15.66528794,-6.12922317,61.5971367,123.22213396,36.99520504,35.0000001
1760625104.527,0.12495738,0.01534408,2.14687416,-0.03842992,0.963692,0.02329203,80.0,-7.0,0.0,80.0,1.3962634,0.0,0.0,0.0,80.0,-7.0,0.0,80.0,1.3962634,0.0,0.0,0.0,2.93879251,-1.53483182,3.75400006,14.46044846,-11.94508432,14.14022311,51.77166475,145.20192474,-9.93657853,35.0000001,8.64949382,-15.10419561,-6.26763741,62.17557819,122.6928655,35.81374345,35.0000001
1760625104.56,0.11457701,0.01800205,2.13215705,-0.04108266,0.96355974,0.02352688,80.0,-7.0,0.0,80.0,1.3962634,0.0,0.0,0.0,80.0,-7.0,0.0,80.0,1.3962634,0.0,0.0,0.0,2.94731065,-1.58069366,3.60284016,13.97681788,-11.92888617,14.2474874,51.90789589,145.27884831,-10.37024633,35.0000001,8.33633701,-14.52756393,-6.41880887,63.22095841,122.49229648,34.61605511,35.0000001
1760625104.594,0.1118849,0.02032438,2.11565413,-0.04177924,0.96284531,0.02364943,80.0,-7.0,0.0,80.0,1.3962634,0.0,0.0,0.0,80.0,-7.0,0.0,80.0,1.3962634,0.0,0.0,0.0,2.98575021,-1.56571837,3.52321445,13.61734801,-12.08468723,14.38058043,51.80702852,145.22224293,-10.73356267,35.0000001,7.8511282,-13.61749245,-6.50599306,64.86503989,122.32120698,33.09778517,35.0000001
1760625104.627,0.12501905,0.02306038,2.11797729,-0.04191091,0.96227815,0.02340351,80.0,-7.0,0.0,80.0,1.3962634,0.0,0.0,0.0,80.0,-7.0,0.0,80.0,1.3962634,0.0,0.0,0.0,3.02883126,-1.66862556,3.49153534,13.45695302,-12.16454224,14.50643799,51.75791136,145.06545728,-10.81473955,35.0000001,6.93737086,-12.09242479,-6.74129382,68.21082462,122.68702357,30.15917836,35.0000001
1760625104.661,0.13013592,0.02464814,2.11983972,-0.04151681,0.96147628,0.0230847,80.0,-7.0,0.0,80.0,1.3962634,0.0,0.0,0.0,80.0,-7.0,0.0,80.0,1.3962634,0.0,0.0,0.0,3.05791423,-1.75831923,3.47830915,13.39409569,-12.12357267,14.58315711,51.65752956,144.99851481,-10.90720411,35.0000001,6.09483328,-10.63516394,-7.18958087,71.52538856,123.95311483,27.73928222,35.0000001
1760625104.694,0.12900844,0.02495656,2.11670877,-0.03872332,0.96047078,0.02371575,80.0,-7.0,0.0,80.0,1.3962634,0.0,0.0,0.0,80.0,-7.0,0.0,80.0,1.3962634,0.0,0.0,0.0,3.25529932,-1.95781405,3.5401574,13.29524356,-11.96594724,14.39451638,51.80693517,144.98837876,-10.69696732,35.0000001,5.02437404,-9.099006,-7.57779192,75.31554571,125.73761624,25.24432128,35.0000001
1760625104.728,0.11980738,0.02409505,2.11020972,-0.03734002,0.95893563,0.02350028,80.0,-7.0,0.0,80.0,1.3962634,0.0,0.0,0.0,80.0,-7.0,0.0,80.0,1.3962634,0.0,0.0,0.0,3.46017433,-2.19220406,3.68597607,13.2718111,-11.85623087,13.97320975,52.21138897,145.02002372,-10.07227899,35.0000001,3.75926203,-7.05077772,-7.54252651,80.24130491,127.22535958,21.18094732,35.0000001
1760625104.761,0.11446849,0.01988483,2.1145313,-0.03633354,0.95781259,0.02320069,80.0,-7.0,0.0,80.0,1.3962634,0.0,0.0,0.0,80.0,-7.0,0.0,80.0,1.3962634,0.0,0.0,0.0,3.46168346,-2.33377249,3.7444832,13.45637129,-11.84493572,13.77725451,52.40924458,144.97877007,-9.66632954,35.0000001,3.16324497,-5.83023227,-7.18996668,83.3788369,127.54444052,17.32235919,34.18021191
1760625104.795,0.11706238,0.02030982,2.11437368,-0.03400295,0.95831661,0.02383861,80.0,-7.0,0.0,80.0,1.3962634,0.0,0.0,0.0,80.0,-7.0,0.0,80.0,1.3962634,0.0,0.0,0.0,3.62864997,-2.31938587,3.87557832,13.42304894,-11.75968523,13.73291973,52.37703227,144.9963678,-9.49984057,35.0000001,3.31401713,-6.80867937,-7.15835424,81.0507033,127.27100376,10.15015529,23.73508246
1760625104.828,0.11192131,0.02147034,2.11252021,-0.03102586,0.96013625,0.02389781,80.0,-7.0,0.0,80.0,1.3962634,0.0,0.0,0.0,80.0,-7.0,0.0,80.0,1.3962634,0.0,0.0,0.0,3.39914999,-2.12453719,3.48596395,13.63325555,-11.8894696,14.3039428,52.06917566,144.91376323,-9.83731605,35.0000001,4.11150512,-7.36779292,-7.56009009,79.28834875,127.08290766,5.77458749,16.88634449
1760625104.862,0.11736568,0.01624775,2.11971655,-0.02979126,0.96027844,0.02375109,80.0,-7.0,0.0,80.0,1.3962634,0.0,0.0,0.0,80.0,-7.0,0.0,80.0,1.3962634,0.0,0.0,0.0,3.35182492,-1.98684194,3.41476961,13.67852012,-12.07441045,14.63848611,51.49895745,144.68015825,-10.36310554,35.0000001,4.45156337,-7.84935723,-7.68975871,77.94714406,126.34457526,2.14768914,10.95159071
1760625104.895,0.1184984,0.01580863,2.126828,-0.02945602,0.96015836,0.02389849,80.0,-7.0,0.0,80.0,1.3962634,0.0,0.0,0.0,80.0,-7.0,0.0,80.0,1.3962634,0.0,0.0,0.0,3.35505521,-1.94703155,3.45865325,13.83413167,-12.08971613,14.6197262,51.48338238,144.61591799,-10.29964694,35.0000001,4.78927394,-8.57054026,-7.49045154,76.163342,124.2936225,-2.89762867,3.16640754
1760625104.928,0.1068195,0.01167999,2.12818199,-0.02724224,0.96231044,0.02278055,80.0,-7.0,0.0,80.0,1.3962634,0.0,0.0,0.0,80.0,-7.0,0.0,80.0,1.3962634,0.0,0.0,0.0,2.95443984,-1.68125641,3.18849379,14.13854779,-12.26772793,15.09716039,51.06697429,144.53793433,-10.83964871,35.0000001,5.6452977,-8.90172767,-7.44424572,74.86281623,122.44590924,-6.85581484,-2.71803078
1760625104.962,0.09529692,0.00715861,2.12753695,-0.02663822,0.96298809,0.02216667,80.0,-7.0,0.0,80.0,1.3962634,0.0,0.0,0.0,80.0,-7.0,0.0,80.0,1.3962634,0.0,0.0,0.0,2.87426776,-1.59226015,3.16692196,14.22353407,-12.39797554,15.22495842,50.82350659,144.43218263,-11.05310438,35.0000001,5.93841922,-9.21698568,-7.04258088,74.0213525,120.64171365,-11.12986129,-8.91747313
1760625104.995,0.09690844,-0.00392782,2.12630961,-0.0254235,0.9633948,0.0217226,80.0,-7.0,0.0,80.0,1.3962634,0.0,0.0,0.0,80.0,-7.0,0.0,80.0,1.3962634,0.0,0.0,0.0,2.90941868,-1.54712229,3.12685965,14.09449999,-12.44598138,15.33364662,50.6732613,144.39275708,-11.26989608,35.0000001,5.80142821,-9.07576034,-6.57564856,73.92007583,118.98465013,-15.03494616,-14.64119148
1760625105.029,0.09926748,-0.01191362,2.12948168,-0.02310588,0.96327422,0.02180666,80.0,-7.0,0.0,80.0,1.3962634,0.0,0.0,0.0,80.0,-7.0,0.0,80.0,1.3962634,0.0,0.0,0.0,3.01884041,-1.4861069,3.13553286,13.78845222,-12.6422011,15.30649493,50.59968566,144.32390649,-11.45529641,35.0000001,5.60417134,-8.88325197,-6.55570549,74.26746499,118.57019921,-15.35409227,-15.56576476
1760625105.062,0.10250539,-0.01992797,2.14068152,-0.02201948,0.96387209,0.02100073,80.0,-7.0,0.0,80.0,1.3962634,0.0,0.0,0.0,80.0,-7.0,0.0,80.0,1.3962634,0.0,0.0,0.0,3.04561327,-1.43557458,3.16948628,13.65214922,-12.7423616,15.25206914,50.53640903,144.2918374,-11.53328521,35.0000001,5.71134603,-8.88595797,-6.33172262,74.2332096,118.03544426,-15.39865707,-15.80319241
1760625105.096,0.0856857,-0.03031444,2.16899321,-0.02190491,0.96384279,0.02050649,80.0,-7.0,0.0,80.0,1.3962634,0.0,0.0,0.0,80.0,-7.0,0.0,80.0,1.3962634,0.0,0.0,0.0,3.03241818,-1.44709675,3.16820962,13.62252052,-12.711623,15.24042587,50.48672756,144.27383052,-11.53096153,35.0000001,5.80071885,-8.84779122,-6.23218253,74.32665953,118.39232514,-15.22035527,-15.23928911
1760625105.129,0.09092568,-0.034617,2.17167442,-0.02189281,0.96384243,0.02033716,80.0,-7.0,0.0,80.0,1.3962634,0.0,0.0,0.0,80.0,-7.0,0.0,80.0,1.3962634,0.0,0.0,0.0,3.03109055,-1.44434433,3.09943083,13.42137234,-12.64988956,15.37957662,50.37600547,144.27487574,-11.83790602,35.0000001,5.74217232,-8.87796776,-6.49896399,74.52925585,119.14660499,-14.5323722,-14.04310903
1760625105.162,0.12366708,-0.03139286,2.18148292,-0.02482117,0.96437703,0.01938663,80.0,-7.0,0.0,80.0,1.3962634,0.0,0.0,0.0,80.0,-7.0,0.0,80.0,1.3962634,0.0,0.0,0.0,2.75343522,-1.36369879,2.89210452,13.5286083,-12.64798783,15.71035217,50.1461506,144.22044795,-12.26386387,35.0000001,6.02041568,-8.78475864,-6.8462833,74.50041387,119.6084197,-13.81986804,-12.85390743
1760625105.196,0.13718167,-0.02779051,2.19149805,-0.02785922,0.9645147,0.01926831,80.0,-7.0,0.0,80.0,1.3962634,0.0,0.0,0.0,80.0,-7.0,0.0,80.0,1.3962634,0.0,0.0,0.0,2.50316378,-1.30170649,2.77046286,13.66921626,-12.66910428,15.84235002,50.08417547,144.2015025,-12.4328466,35.0000001,6.03264326,-8.509277,-7.37458242,75.01500181,120.64931465,-12.46554885,-10.70691079
1760625105.229,0.11925901,-0.02775893,2.17646792,-0.0298315,0.96424133,0.01991623,80.0,-7.0,0.0,80.0,1.3962634,0.0,0.0,0.0,80.0,-7.0,0.0,80.0,1.3962634,0.0,0.0,0.0,2.22832669,-1.31727826,2.78459573,14.02290885,-12.68884591,15.79299672,50.10234519,144.18702439,-12.30880686,35.0000001,6.12913823,-8.28836812,-7.87015488,75.76708652,122.05830733,-10.55307114,-7.8063302
1760625105.263,0.12294715,-0.02988702,2.1770424,-0.03018072,0.96388567,0.02005335,80.0,-7.0,0.0,80.0,1.3962634,0.0,0.0,0.0,80.0,-7.0,0.0,80.0,1.3962634,0.0,0.0,0.0,2.28742528,-1.33407675,2.83271245,13.99273301,-12.66974163,15.69133676,50.08675953,144.18677601,-12.19300733,35.0000001,6.0073509,-8.16357336,-8.06118658,76.2501275,122.96146364,-8.77599266,-5.08346163
1760625105.296,0.11446455,-0.03381398,2.18283056,-0.02891234,0.96331393,0.02015491,80.0,-7.0,0.0,80.0,1.3962634,0.0,0.0,0.0,80.0,-7.0,0.0,80.0,1.3962634,0.0,0.0,0.0,2.26095615,-1.36951094,2.9190618,14.1244324,-12.70067067,15.55915792,50.1098421,144.2031432,-11.97710332,35.0000001,5.84796436,-7.66227041,-8.29792244,77.50781029,124.62222322,-5.51100874,-0.29650853
1760625105.33,0.1109607,-0.037972,2.18910354,-0.02821367,0.96239802,0.02018799,80.0,-7.0,0.0,80.0,1.3962634,0.0,0.0,0.0,80.0,-7.0,0.0,80.0,1.3962634,0.0,0.0,0.0,2.22120441,-1.37693128,3.03886991,14.44442321,-12.79836348,15.38907041,50.19305057,144.19111376,-11.67494426,35.0000001,5.83642952,-7.28889172,-8.40958931,78.60273044,125.97608855,-2.29100528,4.50020187
1760625105.363,0.12492833,-0.03404712,2.20351139,-0.02856099,0.96230428,0.02014878,80.0,-7.0,0.0,80.0,1.3962634,0.0,0.0,0.0,80.0,-7.0,0.0,80.0,1.3962634,0.0,0.0,0.0,2.24595872,-1.40545501,3.08787046,14.43109127,-12.79168168,15.32401878,50.19846795,144.22684128,-11.69956356,35.0000001,5.76984721,-6.96570987,-8.44030842,79.39745018,126.86119828,0.43794601,8.74222758
1760625105.397,0.11015527,-0.03252345,2.20989173,-0.02574852,0.96218814,0.01925426,80.0,-7.0,0.0,80.0,1.3962634,0.0,0.0,0.0,80.0,-7.0,0.0,80.0,1.3962634,0.0,0.0,0.0,2.40333903,-1.44200274,3.15370703,14.45328458,-12.84658699,15.17881709,50.35373426,144.26329489,-11.59482231,35.0000001,5.51995353,-6.39645937,-8.48536171,80.70536196,128.43630117,4.66905386,14.99171239
1760625105.43,0.09348457,-0.02739768,2.19585209,-0.02570884,0.96231581,0.01913373,80.0,-7.0,0.0,80.0,1.3962634,0.0,0.0,0.0,80.0,-7.0,0.0,80.0,1.3962634,0.0,0.0,0.0,2.42706549,-1.47832459,3.21348122,14.51007153,-12.87277416,15.03372486,50.55837834,144.39670027,-11.48701203,35.0000001,5.58478337,-6.15078421,-8.40955188,81.3199663,129.50854045,7.34340829,19.37141093
1760625105.464,0.10477121,-0.03085537,2.20624704,-0.02940568,0.96274223,0.01906412,80.0,-7.0,0.0,80.0,1.3962634,0.0,0.0,0.0,80.0,-7.0,0.0,80.0,1.3962634,0.0,0.0,0.0,2.21005594,-1.49227055,3.19300983,14.84943916,-12.92566179,14.93700484,50.778639,144.47915005,-11.27327109,35.0000001,5.87132797,-5.95471461,-8.330406,81.7224297,130.19982246,10.17342163,23.71827393
1760625105.497,0.11152624,-0.02728158,2.21054869,-0.03345566,0.96329211,0.01850846,80.0,-7.0,0.0,80.0,1.3962634,0.0,0.0,0.0,80.0,-7.0,0.0,80.0,1.3962634,0.0,0.0,0.0,1.97718615,-1.4758438,3.18055904,15.23241036,-12.93550033,14.92682944,50.96013817,144.56807799,-11.07055659,35.0000001,6.19923845,-6.03487824,-8.10199207,81.22187656,130.08368097,12.148612,26.81862478
1760625105.531,0.11303683,-0.02047823,2.20271751,-0.03480398,0.96369338,0.0179447,80.0,-7.0,0.0,80.0,1.3962634,0.0,0.0,0.0,80.0,-7.0,0.0,80.0,1.3962634,0.0,0.0,0.0,1.9437836,-1.56121956,3.27463893,15.34517292,-12.77584671,14.59615707,51.56498367,144.84843859,-10.60241803,35.0000001,5.93404956,-6.2296301,-7.95494819,80.98972594,130.25559196,11.78800653,26.24315522
1760625105.564,0.11365446,-0.0151951,2.20313165,-0.03446204,0.9647478,0.01737341,80.0,-7.0,0.0,80.0,1.3962634,0.0,0.0,0.0,80.0,-7.0,0.0,80.0,1.3962634,0.0,0.0,0.0,2.01612683,-1.73950233,3.28782499,15.34446301,-12.39924994,14.23562137,52.47200445,145.24842793,-9.91006658,35.0000001,5.53271571,-6.37184459,-8.05677998,80.93815535,130.53151426,11.26447171,25.13731166
1760625105.597,0.1221263,-0.01053629,2.18917943,-0.03213853,0.96455247,0.01751819,80.0,-7.0,0.0,80.0,1.3962634,0.0,0.0,0.0,80.0,-7.0,0.0,80.0,1.3962634,0.0,0.0,0.0,2.32855957,-1.86558188,3.47412018,14.82589969,-12.20619605,13.63009112,53.20250222,145.76398144,-9.5166431,35.0000001,4.83394273,-6.50243876,-7.95106806,80.8793599,130.11276428,10.67671577,24.08381991
1760625105.631,0.11231206,-0.006607,2.18760177,-0.03045694,0.96453501,0.01780351,80.0,-7.0,0.0,80.0,1.3962634,0.0,0.0,0.0,80.0,-7.0,0.0,80.0,1.3962634,0.0,0.0,0.0,2.53890338,-1.8871829,3.44539018,14.28147879,-12.14944304,13.53460372,53.35145586,146.01011046,-9.83385074,35.0000001,4.51606852,-6.5270116,-7.99513527,80.77191896,129.86087163,10.32589909,23.47614317
1760625105.664,0.09152262,-0.0101385,2.19072,-0.02928685,0.96400226,0.01803115,80.0,-7.0,0.0,80.0,1.3962634,0.0,0.0,0.0,80.0,-7.0,0.0,80.0,1.3962634,0.0,0.0,0.0,2.68789574,-1.86992717,3.42115375,13.90555216,-12.1447874,13.48906665,53.45643014,146.20468956,-10.07491199,35.0000001,4.36847105,-6.50874162,-7.98546413,80.70838241,129.84098075,9.92785005,22.85693613
1760625105.698,0.11407355,-0.00217586,2.20869601,-0.02658706,0.96349633,0.0183052,80.0,-7.0,0.0,80.0,1.3962634,0.0,0.0,0.0,80.0,-7.0,0.0,80.0,1.3962634,0.0,0.0,0.0,2.81581316,-1.91765491,3.41847284,13.76827651,-12.12583377,13.47463367,53.65125281,146.23814244,-10.10774273,35.0000001,4.25884275,-6.56674863,-7.93374174,80.69458393,129.75759732,9.56325208,22.33371002
1760625105.731,0.12653416,0.00663141,2.21805846,-0.02482532,0.96310661,0.01843773,80.0,-7.0,0.0,80.0,1.3962634,0.0,0.0,0.0,80.0,-7.0,0.0,80.0,1.3962634,0.0,0.0,0.0,3.08452946,-1.94436467,3.42866025,13.47200511,-12.08911343,13.51863593,53.63731522,146.19889647,-10.26245008,35.0000001,4.03424467,-6.5957189,-7.92359998,80.72786508,129.68781088,9.53344217,22.35310128
1760625105.765,0.11489392,0.00655543,2.21739193,-0.02312874,0.96233603,0.01861533,80.0,-7.0,0.0,80.0,1.3962634,0.0,0.0,0.0,80.0,-7.0,0.0,80.0,1.3962634,0.0,0.0,0.0,3.23733907,-1.94421835,3.51561663,13.38007074,-12.0681759,13.52070157,53.41371739,146.1642624,-10.44476797,35.0000001,4.04337663,-6.61860415,-7.82084592,80.69227846,129.69477339,9.5312575,22.51291936
1760625105.798,0.1239004,0.00753398,2.20792021,-0.02437205,0.96225098,0.01870521,80.0,-7.0,0.0,80.0,1.3962634,0.0,0.0,0.0,80.0,-7.0,0.0,80.0,1.3962634,0.0,0.0,0.0,3.22500134,-1.95197487,3.4874671,13.37740649,-12.02819466,13.61575852,53.26887831,146.08350545,-10.57563493,35.0000001,4.17232835,-6.68728263,-7.84968189,80.62177708,129.65875619,9.44624034,22.48699962
1760625105.831,0.11502754,0.00987582,2.19866227,-0.02493336,0.96213793,0.01861736,80.0,-7.0,0.0,80.0,1.3962634,0.0,0.0,0.0,80.0,-7.0,0.0,80.0,1.3962634,0.0,0.0,0.0,3.20417312,-1.96697164,3.51778979,13.60212245,-12.03025265,13.61550886,53.16710452,146.03874249,-10.42277488,35.0000001,4.27705775,-6.67871874,-7.85914732,80.61836195,129.61266231,9.40056117,22.46233278
1760625105.865,0.12042874,0.01536527,2.1863239,-0.02520514,0.96176387,0.01869426,80.0,-7.0,0.0,80.0,1.3962634,0.0,0.0,0.0,80.0,-7.0,0.0,80.0,1.3962634,0.0,0.0,0.0,3.24486615,-1.98477023,3.62746038,13.81904112,-12.06446824,13.51998521,53.05813102,145.93890291,-10.22326399,35.0000001,4.24427757,-6.68536426,-7.8482935,80.72342715,129.56158075,9.44482483,22.43221321
1760625105.898,0.12547856,0.01629914,2.19604771,-0.02673691,0.9621391,0.01870907,80.0,-7.0,0.0,80.0,1.3962634,0.0,0.0,0.0,80.0,-7.0,0.0,80.0,1.3962634,0.0,0.0,0.0,3.11972192,-1.974775,3.66531501,14.18468682,-12.04861898,13.44942523,52.93042641,145.95324302,-10.10103942,35.0000001,4.43359671,-6.65832619,-7.80519602,80.69530081,129.55320758,9.44319399,22.39314947
1760625105.932,0.10575457,0.01656282,2.19269475,-0.0256738,0.96256046,0.01917417,80.0,-7.0,0.0,80.0,1.3962634,0.0,0.0,0.0,80.0,-7.0,0.0,80.0,1.3962634,0.0,0.0,0.0,3.21793315,-2.00838873,3.66214384,14.14509384,-11.97826526,13.4310482,52.83543197,145.93750673,-10.09546915,35.0000001,4.34892288,-6.7039401,-7.81596836,80.69659312,129.5208266,9.407579,22.33430593
1760625105.965,0.1015594,0.01196703,2.19254769,-0.0264748,0.9629251,0.019181,80.0,-7.0,0.0,80.0,1.3962634,0.0,0.0,0.0,80.0,-7.0,0.0,80.0,1.3962634,0.0,0.0,0.0,3.21567401,-2.0072514,3.65645265,14.17610391,-11.94740995,13.39625836,52.82144345,145.93376492,-10.08983899,35.0000001,4.33839749,-6.70007913,-7.84447567,80.67401112,129.4820751,9.39421305,22.24730573
1760625105.999,0.1032307,0.007483,2.19585444,-0.02721057,0.96334947,0.0189664,80.0,-7.0,0.0,80.0,1.3962634,0.0,0.0,0.0,80.0,-7.0,0.0,80.0,1.3962634,0.0,0.0,0.0,3.21085444,-1.97386929,3.63720518,14.20667668,-11.94880287,13.41667944,52.74648305,146.00316765,-10.08070625,35.0000001,4.36039629,-6.70524891,-7.83082934,80.60826719,129.40612355,9.37986985,22.23722045
1760625106.032,0.10566963,0.00956483,2.19591426,-0.02698532,0.96326426,0.01868185,80.0,-7.0,0.0,80.0,1.3962634,0.0,0.0,0.0,80.0,-7.0,0.0,80.0,1.3962634,0.0,0.0,0.0,3.20010939,-1.9704767,3.63213058,14.18331206,-11.97113926,13.43719828,52.72688113,146.01540045,-10.0811136,35.0000001,4.33751179,-6.70783895,-7.81176898,80.58115517,129.42293522,9.28041053,22.20846934
1760625106.066,0.11245093,0.00345315,2.20458974,-0.02588706,0.96295877,0.01852663,80.0,-7.0,0.0,80.0,1.3962634,0.0,0.0,0.0,80.0,-7.0,0.0,80.0,1.3962634,0.0,0.0,0.0,3.26639091,-1.93127075,3.60073591,14.07085813,-12.02729395,13.50728352,52.71828692,145.97796693,-10.16435526,35.0000001,4.21915497,-6.71433236,-7.82095834,80.52533028,129.40570977,9.09264136,22.07584993
1760625106.099,0.09917281,0.00204281,2.2175164,-0.02464549,0.96252481,0.01874036,80.0,-7.0,0.0,80.0,1.3962634,0.0,0.0,0.0,80.0,-7.0,0.0,80.0,1.3962634,0.0,0.0,0.0,3.38500635,-1.94677264,3.56759528,13.93751856,-12.02889012,13.53337932,52.70611278,146.00085426,-10.21209408,35.0000001,4.08034296,-6.74251572,-7.86162773,80.52779079,129.37204315,9.11639836,22.0411372
1760625106.133,0.08955271,0.00770276,2.22715145,-0.02390546,0.96232343,0.01880201,80.0,-7.0,0.0,80.0,1.3962634,0.0,0.0,0.0,80.0,-7.0,0.0,80.0,1.3962634,0.0,0.0,0.0,3.37678288,-1.95621695,3.55830771,13.94049712,-12.05596344,13.51951497,52.70233804,146.00101409,-10.21992543,35.0000001,4.07280195,-6.73936198,-7.85962356,80.52409669,129.34231483,9.16367387,22.02282172
1760625106.166,0.0854667,0.0085851,2.23671142,-0.02498899,0.96229492,0.01859328,80.0,-7.0,0.0,80.0,1.3962634,0.0,0.0,0.0,80.0,-7.0,0.0,80.0,1.3962634,0.0,0.0,0.0,3.35824633,-1.9400635,3.56465388,13.98491062,-12.13093583,13.54568097,52.6639306,146.00022417,-10.22183566,35.0000001,4.08720438,-6.77030313,-7.79553159,80.50402819,129.25186234,9.1404978,21.95153346
1760625106.2,0.09243509,0.01935273,2.24026172,-0.02912443,0.96248846,0.01910284,80.0,-7.0,0.0,80.0,1.3962634,0.0,0.0,0.0,80.0,-7.0,0.0,80.0,1.3962634,0.0,0.0,0.0,3.14108786,-1.97708288,3.494418,14.11201498,-12.08054283,13.74848131,52.44151399,145.95231228,-10.54187465,35.0000001,4.34103796,-6.82360761,-7.82061111,80.43423487,129.19005814,9.07401884,21.85426081
1760625106.233,0.07514442,0.02439314,2.23407984,-0.03028418,0.96282377,0.01926377,80.0,-7.0,0.0,80.0,1.3962634,0.0,0.0,0.0,80.0,-7.0,0.0,80.0,1.3962634,0.0,0.0,0.0,2.92053827,-1.99202928,3.38947111,14.22037915,-12.05765002,13.8741953,52.44689307,145.99715511,-10.67984302,35.0000001,4.65589253,-6.84498329,-7.91175071,80.33787407,129.04773379,9.10379732,21.76424663
1760625106.266,0.05705037,0.03292269,2.2354456,-0.03210438,0.96281013,0.01924149,80.0,-7.0,0.0,80.0,1.3962634,0.0,0.0,0.0,80.0,-7.0,0.0,80.0,1.3962634,0.0,0.0,0.0,2.88267224,-2.01922468,3.32774828,14.16005701,-12.05101741,13.95281234,52.47277888,146.03234509,-10.8133599,35.0000001,4.76425993,-6.89512441,-7.93309069,80.23228375,128.72647761,9.10890784,21.57937839
1760625106.3,0.04354423,0.0326414,2.24050238,-0.03121537,0.96298048,0.01887537,80.0,-7.0,0.0,80.0,1.3962634,0.0,0.0,0.0,80.0,-7.0,0.0,80.0,1.3962634,0.0,0.0,0.0,2.92608924,-2.00130893,3.26880783,14.02098752,-12.06610377,14.01489613,52.48317003,146.08909884,-10.93256715,35.0000001,4.76214152,-6.909242,-7.95177431,80.17203631,128.38308861,9.193717,21.28428982
1760625106.333,0.01282101,0.03586749,2.23983551,-0.02903598,0.96327044,0.0185275,80.0,-7.0,0.0,80.0,1.3962634,0.0,0.0,0.0,80.0,-7.0,0.0,80.0,1.3962634,0.0,0.0,0.0,3.10102842,-2.000611,3.24779816,13.75826857,-12.05566433,14.05299416,52.49456066,146.10627132,-11.09999497,35.0000001,4.64505611,-6.92645522,-7.91351812,80.06797159,127.89838447,9.27238645,20.75525222
1760625106.367,-0.00401077,0.03212409,2.24554842,-0.02847608,0.96312081,0.01883686,80.0,-7.0,0.0,80.0,1.3962634,0.0,0.0,0.0,80.0,-7.0,0.0,80.0,1.3962634,0.0,0.0,0.0,3.06322928,-2.0167624,3.18539958,13.75459734,-12.05707328,14.10362601,52.49930207,146.18248574,-11.24256246,35.0000001,4.76760464,-7.04075349,-7.84341579,79.80663597,127.30751555,8.95523421,19.518982
1760625106.4,-0.0194654,0.02594567,2.24842888,-0.02859053,0.96305773,0.01857258,80.0,-7.0,0.0,80.0,1.3962634,0.0,0.0,0.0,80.0,-7.0,0.0,80.0,1.3962634,0.0,0.0,0.0,3.06952007,-1.99142095,3.1859948,13.80157269,-12.09906672,14.08166596,52.50716877,146.30574633,-11.39390634,35.0000001,4.79390141,-7.09613349,-7.74160896,79.62964303,126.95838885,8.36652872,18.21024471
1760625106.434,-0.03131789,0.01959941,2.25551702,-0.0299242,0.96333167,0.01794347,80.0,-7.0,0.0,80.0,1.3962634,0.0,0.0,0.0,80.0,-7.0,0.0,80.0,1.3962634,0.0,0.0,0.0,2.99845775,-1.93742758,3.13650992,13.84000268,-12.14674253,14.09120609,52.59058612,146.51883928,-11.84194541,35.0000001,4.9158786,-7.11487644,-7.68804775,79.42730974,126.64011147,7.59863121,16.83628277
1760625106.467,-0.04982497,0.00932754,2.25498405,-0.03085961,0.9632083,0.01765758,80.0,-7.0,0.0,80.0,1.3962634,0.0,0.0,0.0,80.0,-7.0,0.0,80.0,1.3962634,0.0,0.0,0.0,3.07507487,-1.90241777,3.11053533,13.69990982,-12.12885318,14.07573757,52.61638216,147.05441796,-13.08937536,35.0000001,4.91853639,-7.17418084,-7.66749912,79.28607997,126.44407023,6.50767319,15.04767643
1760625106.501,-0.05950033,0.00453259,2.26419053,-0.03170475,0.96277427,0.01782337,80.0,-7.0,0.0,80.0,1.3962634,0.0,0.0,0.0,80.0,-7.0,0.0,80.0,1.3962634,0.0,0.0,0.0,3.14400896,-1.88240727,3.05896773,13.52943777,-12.1467162,14.09349504,52.61999184,147.56348466,-14.58869147,35.0000001,4.87757209,-7.15881004,-7.70330679,79.28453142,126.3602733,5.80821292,13.93708775
1760625106.534,-0.0741233,-0.00157812,2.26965981,-0.03135766,0.96310384,0.01807014,80.0,-7.0,0.0,80.0,1.3962634,0.0,0.0,0.0,80.0,-7.0,0.0,80.0,1.3962634,0.0,0.0,0.0,2.96963833,-1.85784354,2.82195353,13.50465264,-12.09673229,14.44985399,52.37634269,147.96631983,-16.51301041,35.0000001,5.23630755,-7.1483064,-7.9204102,79.18850099,126.30241037,5.17529586,13.01124106
1760625106.568,-0.08197886,-0.00767748,2.27733481,-0.02953391,0.96277492,0.01823848,80.0,-7.0,0.0,80.0,1.3962634,0.0,0.0,0.0,80.0,-7.0,0.0,80.0,1.3962634,0.0,0.0,0.0,3.04842915,-1.80202665,2.74530363,13.31691884,-12.27509782,14.59810232,52.18869543,148.2274449,-18.23048198,35.0000001,5.24852676,-7.04391443,-8.01135916,79.44322278,126.27581966,4.86288396,12.52783735
1760625106.601,-0.0837962,-0.01347386,2.28429947,-0.03028518,0.96318778,0.0184841,80.0,-7.0,0.0,80.0,1.3962634,0.0,0.0,0.0,80.0,-7.0,0.0,80.0,1.3962634,0.0,0.0,0.0,3.04754673,-1.77154255,2.6545764,13.22631116,-12.29374749,14.68687446,52.3345447,148.33279373,-18.67900804,35.0000001,5.34324647,-6.8684749,-8.15327307,79.91555646,126.50839855,5.21711202,13.12652343
1760625106.634,-0.08803955,-0.01320209,2.2822201,-0.02942762,0.96308665,0.01894611,80.0,-7.0,0.0,80.0,1.3962634,0.0,0.0,0.0,80.0,-7.0,0.0,80.0,1.3962634,0.0,0.0,0.0,3.14770465,-1.80293715,2.64636278,13.13320216,-12.31568396,14.67224711,52.60507157,148.11988295,-18.23824496,35.0000001,5.26559519,-6.61332148,-8.2783189,80.73633835,127.03580094,6.05192702,14.60069332
1760625106.668,-0.08462613,-0.01768895,2.25861422,-0.02695235,0.96323092,0.01885758,80.0,-7.0,0.0,80.0,1.3962634,0.0,0.0,0.0,80.0,-7.0,0.0,80.0,1.3962634,0.0,0.0,0.0,3.37767246,-1.91516773,2.8261982,13.11666381,-12.36932131,14.17321874,53.5945584,147.96701943,-16.08918611,35.0000001,5.0202761,-6.08427778,-8.31477873,82.3685313,128.12923599,8.50890865,18.74554275
1760625106.701,-0.07836464,-0.02756929,2.26323721,-0.024078,0.9634678,0.01873359,80.0,-7.0,0.0,80.0,1.3962634,0.0,0.0,0.0,80.0,-7.0,0.0,80.0,1.3962634,0.0,0.0,0.0,3.34338133,-2.01769361,2.9260241,13.65204908,-12.47481096,13.71688747,54.49542795,147.83134809,-13.44427676,35.0000001,5.12633005,-5.59235867,-8.29035044,83.75646892,128.83727021,11.32981487,23.6479528
1760625106.735,-0.06892493,-0.03512584,2.27403159,-0.02586683,0.9637641,0.01940269,80.0,-7.0,0.0,80.0,1.3962634,0.0,0.0,0.0,80.0,-7.0,0.0,80.0,1.3962634,0.0,0.0,0.0,3.3057562,-2.13252833,2.95329392,13.89635408,-12.54341048,13.61953955,54.96017254,146.90948477,-9.99027376,35.0000001,5.16985954,-4.80629927,-8.41355604,85.83191169,129.7809677,16.41247549,31.55752536
1760625106.768,-0.0736041,-0.0360742,2.2778503,-0.02702706,0.96416437,0.01976355,80.0,-7.0,0.0,80.0,1.3962634,0.0,0.0,0.0,80.0,-7.0,0.0,80.0,1.3962634,0.0,0.0,0.0,3.31054117,-2.1029887,3.00597754,14.15346507,-12.61709832,13.68547911,55.02535411,145.9405963,-6.63780456,35.0000001,5.48785766,-5.02817571,-8.74786151,85.26666466,129.70201846,20.13872206,35.0000001
1760625106.802,-0.07393671,-0.03691892,2.28254046,-0.02749826,0.96516818,0.02048107,80.0,-7.0,0.0,80.0,1.3962634,0.0,0.0,0.0,80.0,-7.0,0.0,80.0,1.3962634,0.0,0.0,0.0,3.25445202,-1.95691889,3.09591804,14.54366793,-12.73557626,13.8477461,54.91389882,144.63089577,-2.5668603,35.0000001,6.32912272,-6.47577596,-9.20800311,81.99152313,128.59111459,22.89569153,35.0000001
1760625106.835,-0.07300288,-0.03157371,2.28334446,-0.02874308,0.96683284,0.02207279,80.0,-7.0,0.0,80.0,1.3962634,0.0,0.0,0.0,80.0,-7.0,0.0,80.0,1.3962634,0.0,0.0,0.0,2.93296837,-1.80524005,3.20270493,15.54309636,-12.87845951,14.15108868,54.78748668,142.1197815,4.19793633,35.0000001,7.65496138,-8.44761725,-9.40323176,77.81270492,127.16450856,25.81623355,35.0000001
1760625106.869,-0.06751905,-0.02269922,2.27314707,-0.02984225,0.96840226,0.02459139,80.0,-7.0,0.0,80.0,1.3962634,0.0,0.0,0.0,80.0,-7.0,0.0,80.0,1.3962634,0.0,0.0,0.0,2.78351519,-1.87752266,3.33292875,16.20210859,-12.80749692,14.48228279,54.29164231,140.23856132,10.37361905,35.0000001,8.36393673,-9.8023683,-9.33845944,75.32957192,126.78035258,28.07756247,35.0000001
1760625106.902,-0.06115219,-0.02270764,2.26184873,-0.0305639,0.96753534,0.02618097,80.0,-7.0,0.0,80.0,1.3962634,0.0,0.0,0.0,80.0,-7.0,0.0,80.0,1.3962634,0.0,0.0,0.0,2.71724131,-1.99092084,3.62025834,16.80799426,-12.70570047,14.88927954,52.82394395,138.0716405,17.03858385,35.0000001,8.84990979,-11.08408459,-8.97626496,73.07649964,126.2147636,30.09807043,35.0000001
1760625106.935,-0.06218094,-0.0252254,2.26273332,-0.02876379,0.96663614,0.02656831,80.0,-7.0,0.0,80.0,1.3962634,0.0,0.0,0.0,80.0,-7.0,0.0,80.0,1.3962634,0.0,0.0,0.0,2.59140692,-1.94613733,3.92193258,17.61586928,-12.7620459,15.95045319,49.70027311,134.75006402,25.12813297,35.0000001,9.78509892,-12.59996603,-8.18901701,69.83297843,125.13424043,32.60080994,35.0000001
1760625106.969,-0.05956236,-0.02822771,2.27300242,-0.02890751,0.96493254,0.02660336,80.0,-7.0,0.0,80.0,1.3962634,0.0,0.0,0.0,80.0,-7.0,0.0,80.0,1.3962634,0.0,0.0,0.0,2.71032394,-1.93407572,4.27881579,17.7689056,-12.70190073,16.66948946,47.29055495,132.58130246,29.99842586,35.0000001,10.18161076,-13.86198398,-7.15408001,67.15371496,123.71562822,33.88105604,35.0000001
1760625107.002,-0.06720861,-0.02399964,2.28313345,-0.02773789,0.96471856,0.02615477,80.0,-7.0,0.0,80.0,1.3962634,0.0,0.0,0.0,80.0,-7.0,0.0,80.0,1.3962634,0.0,0.0,0.0,2.63281051,-1.93013662,4.45810264,18.07014341,-12.61134883,17.20902766,45.69122638,130.65651946,33.46397824,35.0000001,10.68914357,-14.66205192,-6.31497625,65.26501234,122.7978714,34.74867965,35.0000001
1760625107.036,-0.07271134,-0.01947849,2.29068274,-0.02781416,0.96385418,0.02618075,80.0,-7.0,0.0,80.0,1.3962634,0.0,0.0,0.0,80.0,-7.0,0.0,80.0,1.3962634,0.0,0.0,0.0,2.63700488,-1.83248831,4.47399286,17.40531133,-12.32553495,17.60774768,44.42550983,128.95881419,35.61112315,35.0000001,10.7632599,-15.00314079,-5.62111821,63.84901545,121.67017111,34.69878499,35.0000001
1760625107.069,-0.06217136,-0.01805475,2.29615971,-0.02797983,0.963366,0.02424016,80.0,-7.0,0.0,80.0,1.3962634,0.0,0.0,0.0,80.0,-7.0,0.0,80.0,1.3962634,0.0,0.0,0.0,2.70760849,-1.60561177,4.35088122,16.1556115,-12.28256342,17.41408296,44.18153828,129.0833464,35.76182033,35.0000001,10.5395393,-14.91670011,-5.51473588,63.2421694,121.05716921,34.84930805,35.0000001
1760625107.103,-0.05700995,-0.01938362,2.30086857,-0.02655577,0.96270765,0.02280017,80.0,-7.0,0.0,80.0,1.3962634,0.0,0.0,0.0,80.0,-7.0,0.0,80.0,1.3962634,0.0,0.0,0.0,2.79466603,-1.4833326,4.495415,15.73954653,-12.30023579,16.58423623,44.23817717,129.44630306,36.7559393,35.0000001,10.28310523,-14.85650315,-5.2139384,62.83507327,120.62469531,35.04442263,35.0000001
1760625107.136,-0.0586713,-0.01261659,2.29533601,-0.02505262,0.96270412,0.02337433,80.0,-7.0,0.0,80.0,1.3962634,0.0,0.0,0.0,80.0,-7.0,0.0,80.0,1.3962634,0.0,0.0,0.0,2.84536533,-1.40076099,4.37173147,15.34087505,-12.2036159,16.47331003,44.16699206,129.21612581,37.42403672,35.0000001,10.12060839,-14.94338816,-5.25475106,62.42134617,120.38306015,35.33329247,35.0000001
1760625107.17,-0.05099579,-0.01130116,2.28395076,-0.02444573,0.96210874,0.02380576,80.0,-7.0,0.0,80.0,1.3962634,0.0,0.0,0.0,80.0,-7.0,0.0,80.0,1.3962634,0.0,0.0,0.0,2.80328919,-1.32071773,4.20943565,15.10713311,-12.22420232,16.49965986,44.14015064,129.41328567,37.20651938,35.0000001,10.11903337,-14.95219142,-5.34293074,62.2657827,120.34255915,35.36272273,35.0000001
1760625107.203,-0.03627899,-0.01318853,2.27750189,-0.02616643,0.96204642,0.02534577,80.0,-7.0,0.0,80.0,1.3962634,0.0,0.0,0.0,80.0,-7.0,0.0,80.0,1.3962634,0.0,0.0,0.0,2.78700928,-1.38036535,4.04198959,14.67295152,-12.07073341,16.60213974,44.06303869,129.7300126,36.43579663,35.0000001,10.11104641,-15.01320043,-5.41839338,62.23024803,120.25947498,35.19146173,35.0000001
1760625107.237,-0.01189448,-0.01958655,2.27453001,-0.02699648,0.962381,0.02639052,80.0,-7.0,0.0,80.0,1.3962634,0.0,0.0,0.0,80.0,-7.0,0.0,80.0,1.3962634,0.0,0.0,0.0,2.87037794,-1.45871741,3.83558207,14.21856304,-11.87882585,16.77244053,44.16493643,129.95542213,34.92958251,35.0000001,9.91541552,-14.90872096,-5.62703134,62.6519197,120.14583701,34.63796393,35.0000001
1760625107.27,-0.00615356,-0.0251358,2.27484428,-0.02835538,0.96262146,0.0266493,80.0,-7.0,0.0,80.0,1.3962634,0.0,0.0,0.0,80.0,-7.0,0.0,80.0,1.3962634,0.0,0.0,0.0,2.93654028,-1.49308242,3.69959346,13.80010615,-11.80047966,16.79800837,44.54269143,130.62269873,33.01874602,35.0000001,9.72435125,-14.60052064,-5.70667379,63.1998833,119.88241509,34.04603784,35.0000001
1760625107.303,-0.00910181,-0.02736367,2.27274253,-0.02860016,0.96261026,0.02690383,80.0,-7.0,0.0,80.0,1.3962634,0.0,0.0,0.0,80.0,-7.0,0.0,80.0,1.3962634,0.0,0.0,0.0,2.96643075,-1.56445955,3.68183822,13.64795267,-11.74993814,16.58614542,45.0829506,132.10888513,30.00378062,35.0000001,9.40115289,-13.98232662,-5.69529228,64.40232332,119.60660605,32.67753702,35.0000001
1760625107.337,0.00763055,-0.03331615,2.27513794,-0.03033424,0.96173124,0.02592089,80.0,-7.0,0.0,80.0,1.3962634,0.0,0.0,0.0,80.0,-7.0,0.0,80.0,1.3962634,0.0,0.0,0.0,2.97165359,-1.63399608,3.65466743,13.42571375,-11.7282675,16.20996385,46.26701197,135.00629595,24.26674464,35.0000001,8.44389509,-12.32679955,-6.25893067,67.93274033,120.44967771,29.64169359,35.0000001
1760625107.37,0.00846974,-0.04225509,2.27789844,-0.03034554,0.960691,0.02538174,80.0,-7.0,0.0,80.0,1.3962634,0.0,0.0,0.0,80.0,-7.0,0.0,80.0,1.3962634,0.0,0.0,0.0,3.09748266,-1.67497575,3.57832649,12.97602367,-11.75251467,15.98555521,47.47264444,137.40727366,18.81226323,35.0000001,7.42658263,-10.64578499,-6.92698433,71.61933116,121.94473036,27.01343116,35.0000001
1760625107.404,0.02458784,-0.04016906,2.27678113,-0.03034216,0.95956043,0.02648729,80.0,-7.0,0.0,80.0,1.3962634,0.0,0.0,0.0,80.0,-7.0,0.0,80.0,1.3962634,0.0,0.0,0.0,3.25210319,-1.73655746,3.52484758,12.47779426,-12.00536515,15.64156548,49.04136145,139.58380653,12.96273152,35.0000001,6.3911249,-8.86811198,-7.39797992,75.45016575,123.43753993,24.17251969,35.0000001
1760625107.437,0.04854931,-0.0389817,2.27818496,-0.0300272,0.95712558,0.02740547,80.0,-7.0,0.0,80.0,1.3962634,0.0,0.0,0.0,80.0,-7.0,0.0,80.0,1.3962634,0.0,0.0,0.0,3.38061767,-1.84115707,3.46164255,11.87720099,-11.94468836,15.29789555,51.55710926,142.40253052,4.56625794,35.0000001,5.27372657,-6.60862464,-7.50591679,80.42053413,124.64037222,20.3495328,35.0000001
1760625107.471,0.03544468,-0.03878124,2.27690497,-0.03635415,0.95510528,0.02909534,80.0,-7.0,0.0,80.0,1.3962634,0.0,0.0,0.0,80.0,-7.0,0.0,80.0,1.3962634,0.0,0.0,0.0,3.28991198,-1.94427858,3.28787412,11.41056714,-11.87708023,15.11429904,53.80217484,144.59092976,-2.04009544,35.0000001,4.88712788,-5.17348801,-7.17411119,83.69709304,124.21473727,17.389013,35.0000001
1760625107.504,0.0366802,-0.03482543,2.28368146,-0.04064686,0.95567355,0.02827213,80.0,-7.0,0.0,80.0,1.3962634,0.0,0.0,0.0,80.0,-7.0,0.0,80.0,1.3962634,0.0,0.0,0.0,3.30694464,-1.75085998,3.21203216,11.18917141,-12.14611025,14.63808539,56.51987612,146.96897149,-7.50266583,35.0000001,5.18372648,-5.58582647,-6.80998546,82.31176383,122.53729924,13.03507294,28.10908304
1760625107.537,0.04204342,-0.0137641,2.28767826,-0.03925658,0.95687666,0.02602476,80.0,-7.0,0.0,80.0,1.3962634,0.0,0.0,0.0,80.0,-7.0,0.0,80.0,1.3962634,0.0,0.0,0.0,3.4382826,-1.62222233,3.04111837,11.02129697,-12.42409887,14.35551859,59.15267794,149.883047,-15.12672595,35.0000001,5.48790246,-6.30214037,-6.39668832,80.32645086,120.50567613,7.88866364,18.63091361
1760625107.571,0.04144383,0.00479318,2.28116583,-0.03603443,0.95781626,0.02409341,80.0,-7.0,0.0,80.0,1.3962634,0.0,0.0,0.0,80.0,-7.0,0.0,80.0,1.3962634,0.0,0.0,0.0,3.54185457,-1.47412203,2.80151664,10.71257747,-12.55356156,14.74939089,59.6810352,151.96703737,-22.00402635,35.0000001,5.62179905,-6.59601734,-6.47421839,79.33115746,119.92784736,4.51125946,11.97607726
1760625107.604,0.04133816,0.01975935,2.27438452,-0.03235454,0.96093252,0.02178349,80.0,-7.0,0.0,80.0,1.3962634,0.0,0.0,0.0,80.0,-7.0,0.0,80.0,1.3962634,0.0,0.0,0.0,3.60983623,-1.34066823,2.5820587,10.71028615,-12.62960077,14.7517448,60.58033705,154.45450134,-27.92808879,35.0000001,5.82217702,-6.79461273,-6.63890313,78.51785709,119.29029102,1.4135578,5.80020703
1760625107.638,0.0620405,0.03028446,2.26740189,-0.0334361,0.96267735,0.01968564,80.0,-7.0,0.0,80.0,1.3962634,0.0,0.0,0.0,80.0,-7.0,0.0,80.0,1.3962634,0.0,0.0,0.0,3.68710768,-1.42689243,2.52291196,10.69820583,-12.71043099,14.77782131,59.2691411,157.29400237,-37.64600486,35.0000001,5.73236355,-7.11287661,-6.50972012,77.89671685,117.93071158,-2.97570437,-2.38423615
1760625107.671,0.05229874,0.0420393,2.26250704,-0.02700897,0.96425014,0.01983772,80.0,-7.0,0.0,80.0,1.3962634,0.0,0.0,0.0,80.0,-7.0,0.0,80.0,1.3962634,0.0,0.0,0.0,4.01959544,-1.53429423,2.48862868,10.41005547,-12.90014635,14.10964874,59.8401184,159.22982326,-42.48568137,35.0000001,5.25600216,-7.31117684,-6.37049825,77.78682347,117.13193033,-7.07116227,-8.70311931
1760625107.705,0.03854764,0.04700199,2.26904204,-0.023007,0.9654425,0.0205545,80.0,-7.0,0.0,80.0,1.3962634,0.0,0.0,0.0,80.0,-7.0,0.0,80.0,1.3962634,0.0,0.0,0.0,4.05293151,-1.65454594,2.43490228,11.04265031,-13.41457814,13.55316739,59.30468725,160.90562478,-49.37106425,35.0000001,4.93294987,-7.13377244,-5.92905916,78.16656987,115.64622771,-12.97719811,-16.81275632
1760625107.738,0.033038,0.04254126,2.27789968,-0.02021447,0.96605121,0.02080581,80.0,-7.0,0.0,80.0,1.3962634,0.0,0.0,0.0,80.0,-7.0,0.0,80.0,1.3962634,0.0,0.0,0.0,4.33900171,-1.71735439,2.60701024,11.13398617,-13.55795819,12.664858,59.79266346,162.35058399,-52.69215525,35.0000001,4.36663042,-6.85291526,-5.37745886,78.90415106,114.18359932,-16.72446554,-21.89065169
1760625107.772,0.02991373,0.03707301,2.28056825,-0.01727574,0.96547415,0.02103667,80.0,-7.0,0.0,80.0,1.3962634,0.0,0.0,0.0,80.0,-7.0,0.0,80.0,1.3962634,0.0,0.0,0.0,4.28925765,-1.68527688,2.82464841,11.86572517,-13.8161974,11.21187024,61.46149522,163.80470589,-53.40193267,35.0000001,4.19757907,-6.27949407,-4.88860794,80.10124391,113.03338497,-19.24405218,-24.99999983
1760625107.805,0.02922588,0.02729722,2.28054862,-0.01369167,0.96537391,0.02055941,80.0,-7.0,0.0,80.0,1.3962634,0.0,0.0,0.0,80.0,-7.0,0.0,80.0,1.3962634,0.0,0.0,0.0,3.8996005,-1.65378165,2.95943488,13.06280707,-14.06685669,10.17262047,62.38402391,164.61551882,-54.53874893,35.0000001,4.27974699,-4.84719938,-4.48905473,83.53015335,113.32019997,-21.79514588,-24.99999983
1760625107.839,0.01217917,0.02333988,2.27372778,-0.00909823,0.96835105,0.01892221,80.0,-7.0,0.0,80.0,1.3962634,0.0,0.0,0.0,80.0,-7.0,0.0,80.0,1.3962634,0.0,0.0,0.0,3.77796879,-1.45783991,2.82566118,13.66842062,-14.26659578,9.93000509,62.83848128,164.90601635,-54.87361879,35.0000001,4.48233954,-4.02678584,-4.45641439,85.10281903,113.59923938,-23.18950789,-24.99999983
1760625107.872,0.00557968,0.02294895,2.27480032,-0.00706002,0.96977396,0.01834598,80.0,-7.0,0.0,80.0,1.3962634,0.0,0.0,0.0,80.0,-7.0,0.0,80.0,1.3962634,0.0,0.0,0.0,3.72154874,-1.35192939,2.82744915,13.7526006,-14.4328854,9.17065219,64.26037955,165.33656071,-53.88380111,35.0000001,4.52103485,-3.60660776,-4.36974626,86.09579096,113.81249639,-23.93764053,-24.99999983
1760625107.906,0.02811982,0.02264853,2.28591388,-0.00392107,0.97061995,0.01718888,80.0,-7.0,0.0,80.0,1.3962634,0.0,0.0,0.0,80.0,-7.0,0.0,80.0,1.3962634,0.0,0.0,0.0,3.61271189,-1.27933958,2.74376409,13.90949663,-14.45684713,8.51069868,65.44574354,165.7082105,-52.8984321,35.0000001,4.64210069,-3.28703203,-4.34470086,86.83153012,113.998089,-24.64603582,-24.99999983
1760625107.939,0.01936108,0.01630558,2.28219163,-0.00070363,0.97141877,0.01637394,80.0,-7.0,0.0,80.0,1.3962634,0.0,0.0,0.0,80.0,-7.0,0.0,80.0,1.3962634,0.0,0.0,0.0,3.31142707,-1.18396651,2.71574233,14.4178046,-14.57315415,8.38706507,65.34447284,165.51292237,-52.3251634,35.0000001,4.98731409,-3.24686974,-4.46082803,86.74215912,114.02408458,-24.60790953,-24.99999983
1760625107.972,0.00751809,0.01904667,2.27153024,-0.0009603,0.9721204,0.01563455,80.0,-7.0,0.0,80.0,1.3962634,0.0,0.0,0.0,80.0,-7.0,0.0,80.0,1.3962634,0.0,0.0,0.0,2.95054577,-1.02601044,2.7314247,14.83484422,-14.68583279,7.98820462,65.79495183,165.54891158,-50.4613679,35.0000001,5.47454225,-3.45141012,-4.71425942,85.9436751,113.84040453,-24.05810462,-24.99999983
1760625108.006,0.03582705,0.01635234,2.26684249,-0.00495399,0.97218417,0.0156497,80.0,-7.0,0.0,80.0,1.3962634,0.0,0.0,0.0,80.0,-7.0,0.0,80.0,1.3962634,0.0,0.0,0.0,2.67100232,-1.00496141,2.80328796,15.05097932,-14.66551533,7.82279335,65.81334469,165.04330941,-48.97201877,35.0000001,5.81312396,-3.8862942,-4.89643443,84.81690009,113.5090407,-23.35241158,-24.99999983
1760625108.039,0.02374572,0.00757144,2.26390484,-0.0066553,0.97276388,0.01649421,80.0,-7.0,0.0,80.0,1.3962634,0.0,0.0,0.0,80.0,-7.0,0.0,80.0,1.3962634,0.0,0.0,0.0,2.47981915,-0.93808297,2.90081531,15.15931297,-14.63841546,7.57389868,66.18071297,164.53936237,-46.54813484,35.0000001,6.08862779,-4.35660034,-5.17725709,83.54503667,113.50943607,-22.63238377,-24.99999983
1760625108.073,0.03011458,0.00274713,2.26105971,-0.008185,0.97365369,0.01778722,80.0,-7.0,0.0,80.0,1.3962634,0.0,0.0,0.0,80.0,-7.0,0.0,80.0,1.3962634,0.0,0.0,0.0,2.37518191,-0.91016826,2.95669636,15.16866522,-14.61308804,7.33873277,66.31345991,163.66015043,-42.89888245,35.0000001,6.40787073,-5.20686897,-5.63328647,81.72555189,113.34913491,-21.52838324,-24.99999983
1760625108.106,0.0449911,0.00980427,2.27555853,-0.00864788,0.97506331,0.01842474,80.0,-7.0,0.0,80.0,1.3962634,0.0,0.0,0.0,80.0,-7.0,0.0,80.0,1.3962634,0.0,0.0,0.0,2.35810892,-0.94405498,2.95572329,15.47942643,-14.77234337,8.45502158,64.6289628,160.15189046,-40.28961259,35.0000001,6.64095833,-5.90304355,-6.14551873,80.35908199,113.98335255,-19.309164,-22.34929411
1760625108.14,0.00611714,0.01039258,2.26973138,-0.00832889,0.97600068,0.01871793,80.0,-7.0,0.0,80.0,1.3962634,0.0,0.0,0.0,80.0,-7.0,0.0,80.0,1.3962634,0.0,0.0,0.0,2.40768995,-1.02694722,3.01090428,15.85556098,-14.96609987,9.71767447,62.44436259,156.7521941,-38.60526917,35.0000001,6.69115337,-6.11531819,-6.29280422,80.0952072,114.63909194,-17.66719874,-19.5217985
1760625108.173,0.00610636,0.01073517,2.26968967,-0.00839217,0.97730617,0.01831033,80.0,-7.0,0.0,80.0,1.3962634,0.0,0.0,0.0,80.0,-7.0,0.0,80.0,1.3962634,0.0,0.0,0.0,2.20865671,-1.00456959,2.96965009,16.59016693,-15.15539863,10.95186271,60.7040518,153.30409487,-35.71222489,35.0000001,7.06504455,-6.24130431,-6.5698466,79.80285874,115.57013206,-14.84452712,-15.50784703
1760625108.206,0.0475942,0.01885306,2.29498158,-0.01035558,0.97838442,0.01822596,80.0,-7.0,0.0,80.0,1.3962634,0.0,0.0,0.0,80.0,-7.0,0.0,80.0,1.3962634,0.0,0.0,0.0,2.0592236,-0.99991093,3.0029849,17.10869765,-15.27845375,12.42693044,58.93063553,149.23073801,-32.25363822,35.0000001,7.49305099,-6.7312689,-6.56724695,78.95895013,117.04308497,-11.37548175,-9.16290556
1760625108.24,0.03866396,0.02066669,2.2954326,-0.01490881,0.97964436,0.01826873,80.0,-7.0,0.0,80.0,1.3962634,0.0,0.0,0.0,80.0,-7.0,0.0,80.0,1.3962634,0.0,0.0,0.0,2.02976987,-1.03645455,3.02677138,16.86206964,-15.20454333,13.30446958,57.1857377,147.75472853,-29.69357063,35.0000001,7.61880421,-6.96548227,-6.42439927,78.39086259,118.03486411,-9.23998762,-5.18111307
1760625108.273,0.02424987,0.01556409,2.29531031,-0.01626354,0.97566233,0.01984834,80.0,-7.0,0.0,80.0,1.3962634,0.0,0.0,0.0,80.0,-7.0,0.0,80.0,1.3962634,0.0,0.0,0.0,1.99714737,-1.25264838,3.22104741,16.90498155,-15.35979985,13.662397,55.59155034,146.5825613,-27.14522516,35.0000001,7.34542599,-7.17581061,-6.32226108,78.36316729,119.67956824,-7.39136739,-1.68691952
1760625108.307,0.06979937,0.01546939,2.30330029,-0.02364986,0.97421158,0.02074033,80.0,-7.0,0.0,80.0,1.3962634,0.0,0.0,0.0,80.0,-7.0,0.0,80.0,1.3962634,0.0,0.0,0.0,1.81270663,-1.31272705,3.37044345,16.63434285,-15.13039268,13.81375743,54.56873696,145.87315879,-22.60645096,35.0000001,6.98445947,-7.05957295,-6.69249471,78.96664746,122.7379343,-3.87546238,4.59092265
1760625108.34,0.07473395,0.01408962,2.31066925,-0.02826259,0.97248174,0.0208428,80.0,-7.0,0.0,80.0,1.3962634,0.0,0.0,0.0,80.0,-7.0,0.0,80.0,1.3962634,0.0,0.0,0.0,1.92880771,-1.31281678,3.43912246,16.02798694,-14.84909124,14.02632865,53.58677983,145.42512166,-19.50477943,35.0000001,6.59138775,-6.94269909,-6.7016269,79.14767456,123.64790497,-0.60935161,9.56441365
1760625108.374,0.04457815,0.01141528,2.30357609,-0.02707642,0.97124818,0.021158,80.0,-7.0,0.0,80.0,1.3962634,0.0,0.0,0.0,80.0,-7.0,0.0,80.0,1.3962634,0.0,0.0,0.0,2.00477388,-1.28946191,3.44138471,15.87996795,-14.65921966,14.36940486,53.06064602,144.57045047,-16.68760391,35.0000001,6.42913311,-6.94215797,-6.56418731,78.84976549,123.67622631,1.12587426,12.4824172
1760625108.407,0.04555096,0.00482904,2.31096527,-0.02530839,0.96987659,0.02089283,80.0,-7.0,0.0,80.0,1.3962634,0.0,0.0,0.0,80.0,-7.0,0.0,80.0,1.3962634,0.0,0.0,0.0,2.1446507,-1.21343875,3.58904238,15.61755768,-14.55861653,14.30638744,52.98049607,143.97644679,-12.58571811,35.0000001,5.97670905,-6.89614868,-6.59461599,78.87340469,124.79089169,2.26056225,14.41231686
1760625108.441,0.05396187,0.00645906,2.32150859,-0.02354375,0.96909437,0.01994919,80.0,-7.0,0.0,80.0,1.3962634,0.0,0.0,0.0,80.0,-7.0,0.0,80.0,1.3962634,0.0,0.0,0.0,2.11363805,-1.19125452,3.69503481,15.61731331,-14.51213516,14.22509847,52.62951166,144.23194521,-11.32608557,35.0000001,5.90326113,-6.98656168,-6.49595471,78.66985591,125.08065036,2.72520986,14.834649
1760625108.474,0.03537063,0.00113399,2.32501058,-0.02288836,0.96778427,0.01852974,80.0,-7.0,0.0,80.0,1.3962634,0.0,0.0,0.0,80.0,-7.0,0.0,80.0,1.3962634,0.0,0.0,0.0,2.15127074,-1.15887432,3.88431289,15.51814047,-14.14588278,14.0672203,52.17564079,144.71985141,-11.0801658,35.0000001,5.86933822,-7.04851546,-6.26936974,78.38320985,125.00014919,2.94397044,14.97066331
1760625108.508,0.00834813,-0.00012108,2.34233297,-0.02401925,0.96711288,0.01738536,80.0,-7.0,0.0,80.0,1.3962634,0.0,0.0,0.0,80.0,-7.0,0.0,80.0,1.3962634,0.0,0.0,0.0,2.32625295,-1.11897026,4.01551708,15.13752385,-13.74577292,13.59216368,52.28854542,145.34312503,-10.90738631,35.0000001,5.7892439,-7.17556071,-6.05475906,78.0431276,124.84406156,2.99803787,14.98762468
1760625108.541,-4.122e-05,-0.00205768,2.36292409,-0.0258156,0.96718933,0.01625975,80.0,-7.0,0.0,80.0,1.3962634,0.0,0.0,0.0,80.0,-7.0,0.0,80.0,1.3962634,0.0,0.0,0.0,2.33313135,-1.17327326,3.95862306,15.08211949,-13.31701865,13.43450669,52.31713125,145.8141622,-10.95792522,35.0000001,5.81142111,-7.29574867,-6.04895162,77.93748987,124.87788967,2.94949678,14.92382155
1760625108.574,-0.01550743,-0.00227346,2.37463283,-0.02568828,0.96699904,0.01590647,80.0,-7.0,0.0,80.0,1.3962634,0.0,0.0,0.0,80.0,-7.0,0.0,80.0,1.3962634,0.0,0.0,0.0,2.49414103,-1.26314495,4.01321167,14.94610773,-13.00557272,13.16718289,52.61942214,146.21596572,-10.89795983,35.0000001,5.69990002,-7.43390236,-5.95849099,77.86287024,124.88602902,2.80042183,14.76658495
1760625108.608,-0.03297172,-0.00101087,2.37437487,-0.02377456,0.96622504,0.01627841,80.0,-7.0,0.0,80.0,1.3962634,0.0,0.0,0.0,80.0,-7.0,0.0,80.0,1.3962634,0.0,0.0,0.0,2.59227058,-1.4095623,3.97422577,14.92294708,-12.79911361,13.20668352,52.76118178,146.41010574,-11.22370889,35.0000001,5.70950555,-7.65622982,-5.90537476,77.81229574,124.78361389,2.5989061,14.54252902
1760625108.641,-0.04660284,-0.00874433,2.37924814,-0.02597451,0.96581945,0.01639239,80.0,-7.0,0.0,80.0,1.3962634,0.0,0.0,0.0,80.0,-7.0,0.0,80.0,1.3962634,0.0,0.0,0.0,2.74430057,-1.48856195,4.02104486,14.99233927,-12.74096628,13.15931509,52.70848024,146.57112766,-11.349041,35.0000001,5.62336426,-7.75160093,-5.77586708,77.8771354,124.74226417,2.46326665,14.36388656
1760625108.675,-0.05553157,-0.00940025,2.36261927,-0.02593289,0.96484102,0.01641192,80.0,-7.0,0.0,80.0,1.3962634,0.0,0.0,0.0,80.0,-7.0,0.0,80.0,1.3962634,0.0,0.0,0.0,2.8151064,-1.49809082,4.04122527,14.86382057,-12.69520413,13.38528986,52.24987621,146.57297922,-12.28989753,35.0000001,5.70332818,-7.7341641,-5.69217197,77.97608307,124.76387458,2.37498868,14.30084776
1760625108.708,-0.0654618,-0.01881921,2.3528757,-0.02472584,0.96457235,0.01534831,80.0,-7.0,0.0,80.0,1.3962634,0.0,0.0,0.0,80.0,-7.0,0.0,80.0,1.3962634,0.0,0.0,0.0,2.99647395,-1.41293811,4.04702579,14.78254446,-12.84939337,13.58229383,51.97422066,146.56369747,-12.88496477,35.0000001,5.58458622,-7.61951156,-5.6732373,78.13320794,124.84107431,2.33530292,14.27983543
1760625108.742,-0.07124914,-0.02370628,2.36274489,-0.02727508,0.96512242,0.0149771,80.0,-7.0,0.0,80.0,1.3962634,0.0,0.0,0.0,80.0,-7.0,0.0,80.0,1.3962634,0.0,0.0,0.0,2.9768646,-1.39361783,3.84351408,14.72368516,-12.93356637,13.83517135,52.03404721,146.75396198,-13.4402666,35.0000001,5.68893269,-7.52353792,-5.80319682,78.25770997,124.82128707,2.45120638,14.38477492
1760625108.775,-0.07159287,-0.02473907,2.37457496,-0.02976249,0.96573834,0.01534497,80.0,-7.0,0.0,80.0,1.3962634,0.0,0.0,0.0,80.0,-7.0,0.0,80.0,1.3962634,0.0,0.0,0.0,2.9961676,-1.4773667,3.67055874,14.54844406,-12.87826494,13.91786503,52.26081379,147.04783004,-13.87344495,35.0000001,5.70093804,-7.42718858,-5.89877216,78.66063197,125.03572709,3.07754873,15.05723888
1760625108.809,-0.08814823,-0.02808516,2.36729888,-0.03140102,0.96645067,0.01545464,80.0,-7.0,0.0,80.0,1.3962634,0.0,0.0,0.0,80.0,-7.0,0.0,80.0,1.3962634,0.0,0.0,0.0,3.09385227,-1.53114876,3.55860623,14.24932294,-12.78363212,13.98629688,52.49077863,147.15721271,-13.98362557,35.0000001,5.60460417,-7.28508432,-6.01015925,79.15087442,125.41595148,3.94489481,16.087088
1760625108.842,-0.09168775,-0.03186337,2.36376209,-0.03270507,0.96585316,0.01569532,80.0,-7.0,0.0,80.0,1.3962634,0.0,0.0,0.0,80.0,-7.0,0.0,80.0,1.3962634,0.0,0.0,0.0,3.18467007,-1.50586275,3.47594127,13.8458698,-12.82797751,14.15546573,52.38035878,146.9900047,-14.04915971,35.0000001,5.44205439,-6.93265704,-6.14195962,79.91161749,125.84195475,5.48234712,18.05197861
1760625108.876,-0.07466928,-0.03509941,2.36412518,-0.03392927,0.96598662,0.01584582,80.0,-7.0,0.0,80.0,1.3962634,0.0,0.0,0.0,80.0,-7.0,0.0,80.0,1.3962634,0.0,0.0,0.0,3.23019086,-1.56212702,3.523747,13.8928414,-12.90822108,14.1231162,52.55674619,146.57096841,-12.51117989,35.0000001,5.26115003,-6.39097041,-6.19857132,81.26785933,126.42307667,8.4012069,22.26837317
1760625108.909,-0.06370876,-0.03071173,2.35208781,-0.03520944,0.9662155,0.01622986,80.0,-7.0,0.0,80.0,1.3962634,0.0,0.0,0.0,80.0,-7.0,0.0,80.0,1.3962634,0.0,0.0,0.0,3.31432273,-1.64774746,3.63888147,13.98728724,-12.77934489,14.01576132,53.0446157,146.07552764,-9.81392691,35.0000001,5.05259543,-6.01696012,-6.25516368,82.37441444,127.08787549,10.69033066,25.6849892
1760625108.943,-0.06553754,-0.03027735,2.34619906,-0.03459651,0.96608742,0.01676809,80.0,-7.0,0.0,80.0,1.3962634,0.0,0.0,0.0,80.0,-7.0,0.0,80.0,1.3962634,0.0,0.0,0.0,3.21186293,-1.64891338,3.67166149,14.39846464,-12.89904001,14.02184369,53.75706305,144.89844244,-4.91371117,35.0000001,5.00639109,-5.50487149,-6.50935807,83.62053189,127.60570367,13.4926859,29.47025512
1760625108.976,-0.03045163,-0.02934534,2.34846391,-0.03896564,0.96698633,0.01989888,80.0,-7.0,0.0,80.0,1.3962634,0.0,0.0,0.0,80.0,-7.0,0.0,80.0,1.3962634,0.0,0.0,0.0,2.8800435,-1.6553661,3.73735188,15.08572752,-12.9252938,14.36675038,53.96092877,142.2641484,4.11909769,35.0000001,5.54322881,-5.60338725,-6.63646366,83.52742212,125.74100641,17.94984996,35.0000001
1760625109.009,-0.01250369,-0.03197409,2.34255534,-0.0391722,0.96762863,0.02247293,80.0,-7.0,0.0,80.0,1.3962634,0.0,0.0,0.0,80.0,-7.0,0.0,80.0,1.3962634,0.0,0.0,0.0,2.72308404,-1.43266242,3.89104814,15.5353987,-13.08266212,15.02779902,53.14551044,139.75786673,11.3087362,35.0000001,6.58893103,-7.22898861,-6.72054701,79.49088402,123.33127177,20.74980017,35.0000001
1760625109.043,-0.00990518,-0.03644994,2.34095419,-0.03778006,0.96864912,0.02321211,80.0,-7.0,0.0,80.0,1.3962634,0.0,0.0,0.0,80.0,-7.0,0.0,80.0,1.3962634,0.0,0.0,0.0,2.46068576,-1.20021588,3.938953,16.11679332,-13.24399545,15.90220179,51.91914728,137.1567121,16.92902623,35.0000001,8.01942432,-8.97883526,-6.72916326,75.17270611,122.16735353,24.68439731,35.0000001
1760625109.076,-0.01079652,-0.0430265,2.33507376,-0.03739545,0.96860909,0.02318835,80.0,-7.0,0.0,80.0,1.3962634,0.0,0.0,0.0,80.0,-7.0,0.0,80.0,1.3962634,0.0,0.0,0.0,2.42733662,-1.06758608,4.16680089,16.38491343,-13.4597034,16.35296336,50.65269471,135.07385679,21.51566795,35.0000001,9.23182865,-11.05220892,-6.290201,70.61711172,121.80054666,29.67201737,35.0000001
1760625109.11,0.0150765,-0.0424707,2.33972459,-0.03736602,0.96878149,0.02279326,80.0,-7.0,0.0,80.0,1.3962634,0.0,0.0,0.0,80.0,-7.0,0.0,80.0,1.3962634,0.0,0.0,0.0,2.40344439,-1.07036609,4.30922788,16.51242097,-13.34120763,16.30145554,50.01854295,133.80135444,24.45989474,35.0000001,9.66583866,-12.11428006,-5.88187877,68.46310527,121.73330077,32.31481198,35.0000001
1760625109.143,0.01477339,-0.03793081,2.35146858,-0.03668317,0.96838177,0.0227786,80.0,-7.0,0.0,80.0,1.3962634,0.0,0.0,0.0,80.0,-7.0,0.0,80.0,1.3962634,0.0,0.0,0.0,2.27695922,-0.9815805,4.51759554,16.90494272,-13.21998319,16.19635472,49.15494428,132.03048013,27.74692464,35.0000001,9.97113589,-12.67621735,-5.34281118,66.76707095,121.39380423,34.02148245,35.0000001
1760625109.177,0.00356414,-0.03492167,2.34190083,-0.03513816,0.96809917,0.02282771,80.0,-7.0,0.0,80.0,1.3962634,0.0,0.0,0.0,80.0,-7.0,0.0,80.0,1.3962634,0.0,0.0,0.0,2.5161742,-0.9277518,4.74337935,16.72804537,-13.14698234,16.29212226,47.93327894,129.76903274,31.85110416,35.0000001,9.69743513,-13.27366532,-4.71217581,65.05827577,120.98564581,35.23725442,35.0000001
1760625109.21,0.01968056,-0.03544841,2.34420415,-0.03603352,0.96837751,0.0231107,80.0,-7.0,0.0,80.0,1.3962634,0.0,0.0,0.0,80.0,-7.0,0.0,80.0,1.3962634,0.0,0.0,0.0,2.72917733,-0.95854976,4.94405467,16.14902411,-12.97849492,16.3641972,47.17128614,129.0508053,33.67537559,35.0000001,9.09467172,-13.44825327,-4.60404084,64.74263776,121.48614011,35.49432292,35.0000001
1760625109.244,0.0299165,-0.04532569,2.34401893,-0.03639095,0.96793638,0.02379975,80.0,-7.0,0.0,80.0,1.3962634,0.0,0.0,0.0,80.0,-7.0,0.0,80.0,1.3962634,0.0,0.0,0.0,2.72137302,-0.96049056,5.13594923,15.83634524,-12.87876587,16.12751831,46.68451786,129.12728367,34.63618186,35.0000001,8.75107657,-13.39856963,-4.72046557,64.78987257,122.32322323,35.49416629,35.0000001
1760625109.277,0.0348293,-0.04871634,2.34772945,-0.03875604,0.96837017,0.02462643,80.0,-7.0,0.0,80.0,1.3962634,0.0,0.0,0.0,80.0,-7.0,0.0,80.0,1.3962634,0.0,0.0,0.0,2.82970659,-0.94322866,4.94079625,14.63830018,-12.56888616,16.01480683,46.59024214,129.24532789,35.09567195,35.0000001,8.22632461,-13.27958141,-5.32067864,64.9459806,122.9569322,35.42950764,35.0000001
1760625109.31,0.05436593,-0.05259785,2.36617238,-0.03764865,0.96864324,0.02427462,80.0,-7.0,0.0,80.0,1.3962634,0.0,0.0,0.0,80.0,-7.0,0.0,80.0,1.3962634,0.0,0.0,0.0,2.88714199,-0.86597312,4.86251548,14.27985208,-12.50751622,15.86423391,46.39616496,129.24779966,35.36358733,35.0000001,7.96945345,-13.14518739,-5.55233759,65.00473292,123.00838689,35.34053712,35.0000001
1760625109.344,0.06440606,-0.05398784,2.38070329,-0.03631804,0.96815751,0.02367526,80.0,-7.0,0.0,80.0,1.3962634,0.0,0.0,0.0,80.0,-7.0,0.0,80.0,1.3962634,0.0,0.0,0.0,2.94270207,-0.80041572,4.81502009,14.10362249,-12.60543634,15.6515356,46.33496455,129.68575916,35.04302047,35.0000001,7.75385584,-12.95100446,-5.6887567,65.24190938,123.02141803,34.90347434,35.0000001
1760625109.377,0.06915294,-0.05838233,2.37222024,-0.03573834,0.96776353,0.02317526,80.0,-7.0,0.0,80.0,1.3962634,0.0,0.0,0.0,80.0,-7.0,0.0,80.0,1.3962634,0.0,0.0,0.0,2.94631905,-0.82271138,4.77939182,14.10568043,-12.63858317,15.35260052,46.73460588,130.6785005,33.79551115,35.0000001,7.55407629,-12.57855087,-5.79465912,66.13844917,123.04376776,33.56746013,35.0000001
1760625109.411,0.07897728,-0.06710458,2.36692547,-0.03595501,0.96679598,0.02272091,80.0,-7.0,0.0,80.0,1.3962634,0.0,0.0,0.0,80.0,-7.0,0.0,80.0,1.3962634,0.0,0.0,0.0,2.99260613,-0.8677475,4.77625581,14.02716219,-12.63241866,15.0985375,47.54952322,132.06809866,31.60444035,35.0000001,7.1529626,-11.80170845,-5.75717207,67.69900622,122.7737578,31.25473658,35.0000001
1760625109.444,0.0996147,-0.07255593,2.36063708,-0.03464198,0.96534321,0.02266377,80.0,-7.0,0.0,80.0,1.3962634,0.0,0.0,0.0,80.0,-7.0,0.0,80.0,1.3962634,0.0,0.0,0.0,3.15773477,-0.98838542,4.77180764,13.53987652,-12.54000286,14.65594416,48.87982091,134.26512437,27.56924593,35.0000001,6.31765043,-10.5112821,-5.81517605,70.57013259,122.67872052,27.81140644,35.0000001
1760625109.478,0.10636364,-0.07934974,2.35513655,-0.03519412,0.96271903,0.02209259,80.0,-7.0,0.0,80.0,1.3962634,0.0,0.0,0.0,80.0,-7.0,0.0,80.0,1.3962634,0.0,0.0,0.0,3.28754462,-1.18279558,4.74355557,12.96931366,-12.38884214,14.05982976,50.88729173,138.11821809,20.48300822,35.0000001,5.0824364,-8.09532892,-6.19249345,76.11683573,123.90345163,23.17517574,35.0000001
1760625109.511,0.10759051,-0.08631278,2.36696282,-0.0336591,0.96005147,0.0226936,80.0,-7.0,0.0,80.0,1.3962634,0.0,0.0,0.0,80.0,-7.0,0.0,80.0,1.3962634,0.0,0.0,0.0,3.46383288,-1.38989118,4.60630897,12.36023865,-12.17359016,13.85681465,52.46372663,140.82886097,14.10697011,35.0000001,4.15219409,-6.31559019,-6.12866679,80.4512311,124.792014,19.41411764,35.0000001
1760625109.545,0.11937624,-0.09717211,2.38803231,-0.03031608,0.95699155,0.02346213,80.0,-7.0,0.0,80.0,1.3962634,0.0,0.0,0.0,80.0,-7.0,0.0,80.0,1.3962634,0.0,0.0,0.0,3.75706475,-1.46856379,4.44676271,11.44203745,-12.04968652,13.60272518,54.6382294,144.28947054,4.53965004,35.0000001,3.39672024,-5.10224564,-5.6811604,83.40041445,124.42017375,12.28283891,30.43259876
1760625109.578,0.10904917,-0.09461923,2.3888439,-0.02834943,0.9580415,0.02416082,80.0,-7.0,0.0,80.0,1.3962634,0.0,0.0,0.0,80.0,-7.0,0.0,80.0,1.3962634,0.0,0.0,0.0,3.86452094,-1.25952425,4.28888388,11.07559768,-12.28525984,13.6894509,56.13231635,146.40155673,-2.81561817,35.0000001,3.85866126,-5.8916959,-5.56547578,80.95228637,122.98557753,5.42964296,20.38886328
1760625109.612,0.10075679,-0.09448897,2.39222245,-0.02790609,0.9604306,0.02304564,80.0,-7.0,0.0,80.0,1.3962634,0.0,0.0,0.0,80.0,-7.0,0.0,80.0,1.3962634,0.0,0.0,0.0,4.15697971,-1.05657793,4.265987,10.87348873,-12.56410123,13.56508058,57.59558222,148.56384389,-9.48702251,35.0000001,3.94727671,-6.26128089,-5.57923712,79.78926565,121.97667191,1.24387561,12.67570219
1760625109.645,0.1067279,-0.09328229,2.38866087,-0.02620204,0.96085098,0.01990007,80.0,-7.0,0.0,80.0,1.3962634,0.0,0.0,0.0,80.0,-7.0,0.0,80.0,1.3962634,0.0,0.0,0.0,3.91676275,-0.88130849,4.27179683,11.77230668,-13.20070563,13.32610302,58.91387435,150.89546494,-17.05520147,35.0000001,4.75924786,-6.58289787,-5.31858653,78.58297874,120.07569682,-2.80682301,5.02877523
1760625109.678,0.10902932,-0.09262325,2.38517507,-0.02747646,0.96275798,0.01758474,80.0,-7.0,0.0,80.0,1.3962634,0.0,0.0,0.0,80.0,-7.0,0.0,80.0,1.3962634,0.0,0.0,0.0,3.94784358,-0.80257064,4.30227144,12.22899071,-13.43728825,13.34186669,59.04849272,152.63738718,-22.80571701,35.0000001,5.15343757,-6.83704356,-4.88405943,77.81249971,118.20447564,-6.46482723,-0.93017192
1760625109.712,0.09302075,-0.09027654,2.39431363,-0.03610929,0.96211047,0.01628666,80.0,-7.0,0.0,80.0,1.3962634,0.0,0.0,0.0,80.0,-7.0,0.0,80.0,1.3962634,0.0,0.0,0.0,3.61150859,-0.83805487,4.07873411,12.58122602,-13.5546292,13.87984476,57.96080805,154.41327493,-29.74126831,35.0000001,5.69179211,-6.81836649,-4.73277384,77.69882402,117.16913704,-9.76536194,-5.96856163
1760625109.745,0.09353132,-0.08009806,2.39343051,-0.03927833,0.96401653,0.01539444,80.0,-7.0,0.0,80.0,1.3962634,0.0,0.0,0.0,80.0,-7.0,0.0,80.0,1.3962634,0.0,0.0,0.0,3.64256262,-0.95429325,3.80487439,12.52692046,-13.93996578,13.92599698,57.18801624,156.56331375,-37.77192234,35.0000001,5.78704597,-6.85227633,-4.4890604,77.86216797,115.76538172,-13.52921014,-11.45619701
1760625109.779,0.10678218,-0.07060638,2.4046792,-0.03742399,0.96428305,0.01655507,80.0,-7.0,0.0,80.0,1.3962634,0.0,0.0,0.0,80.0,-7.0,0.0,80.0,1.3962634,0.0,0.0,0.0,3.9059241,-1.17620673,3.47461996,11.64853024,-14.02048527,14.04682213,56.59496357,157.87490848,-44.15068494,35.0000001,5.43067175,-6.94187345,-4.33572335,78.15531735,114.34157042,-16.17136219,-15.16539918
1760625109.812,0.07734929,-0.06507756,2.40232057,-0.03107606,0.9649499,0.0178962,80.0,-7.0,0.0,80.0,1.3962634,0.0,0.0,0.0,80.0,-7.0,0.0,80.0,1.3962634,0.0,0.0,0.0,3.85548396,-1.33581978,3.24672051,11.40035663,-14.11907103,13.51233497,57.65108035,159.10234296,-47.32871928,35.0000001,5.1999878,-6.70558555,-4.37464444,78.86416394,113.63497891,-17.43572082,-16.99376457
1760625109.846,0.06742326,-0.05773766,2.39159266,-0.02705092,0.9665706,0.01801642,80.0,-7.0,0.0,80.0,1.3962634,0.0,0.0,0.0,80.0,-7.0,0.0,80.0,1.3962634,0.0,0.0,0.0,3.86801174,-1.41398337,3.28788095,11.66612182,-14.39068826,12.35907219,59.4445022,160.43161743,-49.15046142,35.0000001,5.1157723,-6.66306728,-4.01893554,79.25195097,112.20300317,-18.59572825,-18.86241302
1760625109.879,0.08216858,-0.0471556,2.40098594,-0.02522944,0.96835997,0.01816887,80.0,-7.0,0.0,80.0,1.3962634,0.0,0.0,0.0,80.0,-7.0,0.0,80.0,1.3962634,0.0,0.0,0.0,3.81230857,-1.43388092,3.21417284,11.87868717,-14.48356092,11.54206114,61.48828517,161.41454115,-48.9797603,35.0000001,5.13477754,-6.50970507,-3.9455462,79.50185213,111.59613062,-19.33050908,-20.07351763
1760625109.913,0.06361803,-0.03945995,2.39518378,-0.01880991,0.97012146,0.01876674,80.0,-7.0,0.0,80.0,1.3962634,0.0,0.0,0.0,80.0,-7.0,0.0,80.0,1.3962634,0.0,0.0,0.0,3.87918208,-1.40042377,3.16700765,12.11835796,-14.59826356,10.78340563,63.12004004,162.27780791,-48.15590018,35.0000001,5.10695586,-6.43006238,-4.04733535,79.73587997,111.53833653,-19.62101041,-20.54969015
1760625109.946,0.06744251,-0.03642184,2.38009285,-0.01282866,0.97314867,0.01807372,80.0,-7.0,0.0,80.0,1.3962634,0.0,0.0,0.0,80.0,-7.0,0.0,80.0,1.3962634,0.0,0.0,0.0,3.5470954,-1.16365392,3.11612851,13.10229978,-14.82333777,10.26612616,64.17781723,162.73923118,-47.67510851,35.0000001,5.68624469,-6.26502195,-4.03330725,79.64963503,110.93029963,-19.91383231,-21.32945714
1760625109.979,0.07786473,-0.02387363,2.3899714,-0.01026052,0.9752321,0.01793708,80.0,-7.0,0.0,80.0,1.3962634,0.0,0.0,0.0,80.0,-7.0,0.0,80.0,1.3962634,0.0,0.0,0.0,3.468946,-1.09526821,3.02265604,13.20889381,-14.90982108,9.54069105,65.85101637,163.31020432,-46.54683039,35.0000001,5.74506039,-6.18124674,-4.18642138,79.71861408,110.88011154,-19.79069853,-21.29418727
1760625110.013,0.05860121,-0.0201139,2.38405528,-0.00902168,0.97527367,0.01749532,80.0,-7.0,0.0,80.0,1.3962634,0.0,0.0,0.0,80.0,-7.0,0.0,80.0,1.3962634,0.0,0.0,0.0,3.35547678,-1.02897409,3.03795926,13.32801099,-15.05378839,9.02803323,66.42674792,163.53051782,-45.94128261,35.0000001,5.77617269,-6.13183024,-4.48961629,79.8839181,111.41585486,-19.23741273,-20.33427923
1760625110.046,0.05348402,-0.01219907,2.36895549,-0.00551449,0.97449988,0.01718039,80.0,-7.0,0.0,80.0,1.3962634,0.0,0.0,0.0,80.0,-7.0,0.0,80.0,1.3962634,0.0,0.0,0.0,2.99493022,-0.85861403,3.16659503,13.69370849,-15.07916358,8.07265426,68.10393818,163.52416645,-42.51565638,35.0000001,6.04789869,-5.94221203,-4.92274758,80.06157766,112.57294036,-18.24047042,-18.23004031
1760625110.08,0.06229187,-0.01295226,2.37141833,-0.00635068,0.9740647,0.01660074,80.0,-7.0,0.0,80.0,1.3962634,0.0,0.0,0.0,80.0,-7.0,0.0,80.0,1.3962634,0.0,0.0,0.0,2.68825039,-0.82128319,3.20599332,14.24460786,-15.10160241,8.04010818,67.85434662,162.60348818,-40.28065668,35.0000001,6.2700887,-5.793939,-5.45190444,80.36926608,113.98032389,-16.72578819,-15.45851473
1760625110.147,0.06527613,-0.00800062,2.36187431,-0.00912405,0.97463492,0.01770224,80.0,-7.0,0.0,80.0,1.3962634,0.0,0.0,0.0,80.0,-7.0,0.0,80.0,1.3962634,0.0,0.0,0.0,2.70505321,-0.93492826,3.41208632,14.26818135,-14.90625767,7.93858576,67.81620818,159.29761877,-29.95465316,35.0000001,6.24888068,-5.5628298,-6.83609868,81.77956943,119.6795757,-10.62378648,-4.594438
1760625110.18,0.06572321,-0.0122395,2.3846134,-0.01627204,0.97439501,0.01765851,80.0,-7.0,0.0,80.0,1.3962634,0.0,0.0,0.0,80.0,-7.0,0.0,80.0,1.3962634,0.0,0.0,0.0,2.00110981,-0.98017421,3.48231791,15.83424365,-15.15248148,8.69986932,66.1691966,156.63728797,-26.58487088,35.0000001,7.16419396,-5.25242245,-7.05929263,82.43035965,121.96536232,-6.72085203,1.57808593
1760625110.214,0.05048305,-0.01615304,2.37721301,-0.02172961,0.97423605,0.01820007,80.0,-7.0,0.0,80.0,1.3962634,0.0,0.0,0.0,80.0,-7.0,0.0,80.0,1.3962634,0.0,0.0,0.0,1.65969198,-0.96430004,3.62020849,16.54632007,-15.04474865,9.60571665,65.15588171,154.39520137,-23.36798245,35.0000001,7.49241156,-4.59600349,-7.12621409,83.49088987,123.89998813,-2.1160625,8.31559123
1760625110.247,0.08298049,-0.02158404,2.40085808,-0.03299626,0.9710346,0.01831943,80.0,-7.0,0.0,80.0,1.3962634,0.0,0.0,0.0,80.0,-7.0,0.0,80.0,1.3962634,0.0,0.0,0.0,2.53292682,-1.44769512,3.67255595,14.67156302,-14.94551972,9.81694716,64.33260119,151.92708313,-16.6303351,35.0000001,6.18400482,-4.48526044,-7.0309517,85.16780044,125.90807106,5.17513091,18.38355598
1760625110.281,0.10952557,-0.02495859,2.4119681,-0.03303606,0.96869633,0.0185473,80.0,-7.0,0.0,80.0,1.3962634,0.0,0.0,0.0,80.0,-7.0,0.0,80.0,1.3962634,0.0,0.0,0.0,2.3980366,-1.59119627,3.71706668,15.27083026,-15.5124213,10.99264544,60.48133665,150.11594244,-14.85054818,35.0000001,6.28963963,-4.48839953,-6.78686349,85.38705141,126.85903863,8.6931056,23.44531056
1760625110.314,0.0947393,-0.02728144,2.4010309,-0.03384267,0.96753113,0.01813662,80.0,-7.0,0.0,80.0,1.3962634,0.0,0.0,0.0,80.0,-7.0,0.0,80.0,1.3962634,0.0,0.0,0.0,2.72889961,-1.63169692,3.88379039,15.02609222,-15.20125837,12.04866447,58.37292364,148.53426358,-12.45429836,35.0000001,5.73803041,-4.56740641,-6.55938864,85.45853601,127.83039448,10.54991422,25.72634821
1760625110.347,0.06086208,-0.03179931,2.38897968,-0.03195885,0.96656681,0.0190764,80.0,-7.0,0.0,80.0,1.3962634,0.0,0.0,0.0,80.0,-7.0,0.0,80.0,1.3962634,0.0,0.0,0.0,2.69907629,-1.67948326,3.86792473,15.02175166,-14.77651606,12.89946299,56.50763658,145.89512933,-8.74406494,35.0000001,5.39713467,-4.79946353,-6.48911979,85.05385116,128.2474321,11.20796706,26.00531867
1760625110.381,0.0936367,-0.03405815,2.39848557,-0.02952051,0.96634696,0.01949152,80.0,-7.0,0.0,80.0,1.3962634,0.0,0.0,0.0,80.0,-7.0,0.0,80.0,1.3962634,0.0,0.0,0.0,2.62389184,-1.79989955,3.88313364,14.8851826,-14.22755621,13.4037237,55.30204692,145.40752246,-8.54804689,35.0000001,5.10101152,-5.12155049,-6.43644944,84.67017364,127.92789279,10.93929562,25.27316559
1760625110.414,0.08147571,-0.04362148,2.38543166,-0.028335,0.96519048,0.01954366,80.0,-7.0,0.0,80.0,1.3962634,0.0,0.0,0.0,80.0,-7.0,0.0,80.0,1.3962634,0.0,0.0,0.0,2.71702845,-1.75902995,4.0305202,14.23471603,-13.72543468,13.35508725,54.32560618,146.06190284,-9.27199801,35.0000001,4.69736289,-5.16287714,-6.29410284,84.36739652,127.48569529,10.60397702,24.56612524
1760625110.448,0.02020765,-0.05513596,2.39004951,-0.02695097,0.96429084,0.01877825,80.0,-7.0,0.0,80.0,1.3962634,0.0,0.0,0.0,80.0,-7.0,0.0,80.0,1.3962634,0.0,0.0,0.0,2.69708068,-1.66987546,4.12146727,13.6003278,-13.49591576,12.5659485,54.72106258,146.93660017,-9.76536012,35.0000001,4.50681241,-5.1678218,-6.13424333,84.09373754,127.08380395,10.23183579,23.79323283
1760625110.481,0.05139313,-0.05739328,2.42548037,-0.02702491,0.96372007,0.01771026,80.0,-7.0,0.0,80.0,1.3962634,0.0,0.0,0.0,80.0,-7.0,0.0,80.0,1.3962634,0.0,0.0,0.0,2.68566044,-1.60156315,4.07626109,13.04849356,-13.0826571,12.32298877,54.92563097,147.37717164,-10.5745029,35.0000001,4.3125429,-5.13059325,-6.11516135,84.00477433,127.03637952,9.86696946,23.20157518
1760625110.515,0.05707231,-0.05084131,2.43907974,-0.02708552,0.96269144,0.01744203,80.0,-7.0,0.0,80.0,1.3962634,0.0,0.0,0.0,80.0,-7.0,0.0,80.0,1.3962634,0.0,0.0,0.0,2.72298292,-1.58635071,4.00761142,12.44370978,-12.54742219,12.37728611,54.7980969,147.79450273,-11.38088157,35.0000001,4.18014593,-5.1858346,-6.12508734,83.91887976,126.93563774,9.53032073,22.79736645
1760625110.548,0.05217669,-0.05244571,2.44413046,-0.03053091,0.96326816,0.01703424,80.0,-7.0,0.0,80.0,1.3962634,0.0,0.0,0.0,80.0,-7.0,0.0,80.0,1.3962634,0.0,0.0,0.0,2.67765662,-1.59101177,3.93752858,12.57524124,-12.48427089,12.4578762,54.97977912,147.97748192,-11.45576786,35.0000001,4.36001553,-5.25771107,-6.1383306,83.79097146,126.89158875,9.43406364,22.78936998
1760625110.581,0.082619,-0.04671056,2.44233149,-0.03413877,0.96300335,0.01664918,80.0,-7.0,0.0,80.0,1.3962634,0.0,0.0,0.0,80.0,-7.0,0.0,80.0,1.3962634,0.0,0.0,0.0,2.50214314,-1.57068741,3.89357918,12.75525246,-12.43862145,12.53554979,55.15474691,148.16296992,-11.59664463,35.0000001,4.69374817,-5.30028703,-6.13364281,83.65109915,126.92145093,9.28215149,22.73692029
1760625110.615,0.07961481,-0.04189186,2.43298094,-0.03617124,0.96224804,0.01636264,80.0,-7.0,0.0,80.0,1.3962634,0.0,0.0,0.0,80.0,-7.0,0.0,80.0,1.3962634,0.0,0.0,0.0,2.44556164,-1.5288887,3.80910254,12.76750404,-12.49408837,12.79786843,55.07194325,148.16500325,-12.24805354,35.0000001,4.95059983,-5.34130504,-6.18471182,83.52818723,126.86029866,8.81427567,22.31423799
1760625110.648,0.05590254,-0.04379232,2.41924902,-0.03567364,0.96172757,0.01627131,80.0,-7.0,0.0,80.0,1.3962634,0.0,0.0,0.0,80.0,-7.0,0.0,80.0,1.3962634,0.0,0.0,0.0,2.5670951,-1.49973852,3.73528154,12.69756589,-12.55791543,13.03363195,54.98234881,148.25736002,-12.94547153,35.0000001,4.98217522,-5.35580579,-6.29729932,83.48018633,126.77773601,8.46366602,21.82448411
1760625110.682,0.06145963,-0.03502812,2.41560644,-0.03396905,0.96149218,0.01588843,80.0,-7.0,0.0,80.0,1.3962634,0.0,0.0,0.0,80.0,-7.0,0.0,80.0,1.3962634,0.0,0.0,0.0,2.71280095,-1.48337016,3.68005317,12.51744137,-12.59126905,13.12076611,55.22095445,148.40046212,-13.45931141,35.0000001,4.90987072,-5.33232989,-6.36766606,83.45835047,126.68845173,8.07682815,21.28956162
1760625110.715,0.04746122,-0.03296362,2.42221517,-0.03287276,0.96136302,0.01595229,80.0,-7.0,0.0,80.0,1.3962634,0.0,0.0,0.0,80.0,-7.0,0.0,80.0,1.3962634,0.0,0.0,0.0,2.93468804,-1.48690409,3.61589683,12.24291723,-12.5862202,13.27722326,55.17528011,148.59060517,-14.31761157,35.0000001,4.78837056,-5.35090049,-6.40281764,83.52184904,126.54992695,7.78055001,20.88622597
1760625110.749,0.01902983,-0.03072463,2.41645646,-0.03058212,0.96088985,0.01648551,80.0,-7.0,0.0,80.0,1.3962634,0.0,0.0,0.0,80.0,-7.0,0.0,80.0,1.3962634,0.0,0.0,0.0,3.0354011,-1.53333458,3.64913017,12.39847488,-12.62785939,13.22244032,55.28608772,148.60824724,-14.33062678,35.0000001,4.77530244,-5.33056766,-6.38765049,83.70010816,126.52038451,7.88267177,21.04113421
1760625110.782,0.01233435,-0.02787164,2.40794626,-0.03065497,0.96084214,0.01667324,80.0,-7.0,0.0,80.0,1.3962634,0.0,0.0,0.0,80.0,-7.0,0.0,80.0,1.3962634,0.0,0.0,0.0,3.18610256,-1.57630719,3.73819086,12.29804884,-12.69112635,13.0774681,55.56971424,148.59770092,-13.81976803,35.0000001,4.61743034,-5.22105138,-6.29591076,84.09092863,126.34215992,8.55879164,21.98853353
1760625110.816,0.00161467,-0.02868887,2.41444624,-0.0314389,0.96138324,0.01670589,80.0,-7.0,0.0,80.0,1.3962634,0.0,0.0,0.0,80.0,-7.0,0.0,80.0,1.3962634,0.0,0.0,0.0,3.21568074,-1.65620966,3.77940721,12.53256271,-12.70957977,13.07558017,55.8479956,148.11345141,-12.16009197,35.0000001,4.7258764,-5.01596309,-6.11737922,84.62717594,125.64747288,10.42888923,24.79118947
1760625110.849,-0.00187458,-0.03279496,2.42019126,-0.03201869,0.96183688,0.01662398,80.0,-7.0,0.0,80.0,1.3962634,0.0,0.0,0.0,80.0,-7.0,0.0,80.0,1.3962634,0.0,0.0,0.0,3.17744031,-1.72093062,3.79884363,12.84993902,-12.66355266,13.14580258,56.23657765,147.12991824,-8.50377479,35.0000001,4.8071594,-4.70693309,-6.04351265,85.38053392,125.54141995,12.65347358,28.0586562
1760625110.883,0.01315357,-0.03436975,2.42784287,-0.03905405,0.96320646,0.01688795,80.0,-7.0,0.0,80.0,1.3962634,0.0,0.0,0.0,80.0,-7.0,0.0,80.0,1.3962634,0.0,0.0,0.0,2.90235774,-1.72579508,3.69655626,13.28629458,-12.61681417,13.54537976,56.34311263,145.34620411,-2.73525874,35.0000001,5.16678238,-4.22767689,-6.14768792,86.33826629,125.52251406,16.11583315,33.11186421
1760625110.916,0.01615945,-0.03044197,2.42393283,-0.04253477,0.9651712,0.01788535,80.0,-7.0,0.0,80.0,1.3962634,0.0,0.0,0.0,80.0,-7.0,0.0,80.0,1.3962634,0.0,0.0,0.0,2.73988973,-1.58285555,3.67930209,14.12314473,-12.85276707,14.60114791,55.19968376,141.50864818,7.33379709,35.0000001,6.38200741,-5.77262927,-6.67535044,82.56534706,124.70632855,20.87127844,35.0000001
1760625110.95,0.02007413,-0.03112287,2.41880457,-0.04274141,0.96681727,0.0190209,80.0,-7.0,0.0,80.0,1.3962634,0.0,0.0,0.0,80.0,-7.0,0.0,80.0,1.3962634,0.0,0.0,0.0,2.60039521,-1.41172867,3.70797291,15.04258149,-13.18768952,15.86821,53.06891356,137.81544436,14.95553928,35.0000001,7.78755597,-7.81513004,-6.95777999,77.88870624,124.31792318,25.22075828,35.0000001
1760625110.983,0.02988753,-0.0327645,2.41359182,-0.03801268,0.96531815,0.02312977,80.0,-7.0,0.0,80.0,1.3962634,0.0,0.0,0.0,80.0,-7.0,0.0,80.0,1.3962634,0.0,0.0,0.0,2.23133426,-1.53887981,3.94267779,16.04212663,-13.2766461,16.77311071,50.61458685,135.23178787,21.21258473,35.0000001,9.28972446,-10.13486365,-6.70742051,73.48962069,124.18147647,29.29379433,35.0000001
1760625111.016,0.03881676,-0.03060343,2.41801793,-0.03613067,0.96477271,0.02528879,80.0,-7.0,0.0,80.0,1.3962634,0.0,0.0,0.0,80.0,-7.0,0.0,80.0,1.3962634,0.0,0.0,0.0,2.12413557,-1.55561806,4.08729163,16.38950382,-13.0111512,17.17016746,48.41507494,134.05476936,26.75856571,35.0000001,10.41989552,-12.48193462,-6.18454013,68.92132114,123.69782872,33.23343762,35.0000001
1760625111.05,0.03482972,-0.03166905,2.42165207,-0.03692929,0.96427568,0.02643056,80.0,-7.0,0.0,80.0,1.3962634,0.0,0.0,0.0,80.0,-7.0,0.0,80.0,1.3962634,0.0,0.0,0.0,2.06573733,-1.40623945,4.13139641,15.99168648,-12.77670576,17.00154151,47.58168595,133.43002063,29.30769863,35.0000001,10.7045673,-13.31641243,-5.6297208,66.57191483,122.62145376,34.61909497,35.0000001
1760625111.083,0.04037705,-0.02918972,2.42645003,-0.03763523,0.96280543,0.02615045,80.0,-7.0,0.0,80.0,1.3962634,0.0,0.0,0.0,80.0,-7.0,0.0,80.0,1.3962634,0.0,0.0,0.0,2.04839396,-1.35131288,4.20876829,15.41551287,-12.5184677,16.49746019,47.31207529,132.53294523,31.44824667,35.0000001,10.44673297,-13.73199147,-5.06579786,65.06967466,121.48581405,35.25446914,35.0000001
1760625111.117,0.06336009,-0.02078433,2.41547085,-0.03779317,0.96248014,0.02579227,80.0,-7.0,0.0,80.0,1.3962634,0.0,0.0,0.0,80.0,-7.0,0.0,80.0,1.3962634,0.0,0.0,0.0,1.9842159,-1.23453272,4.13074425,14.71425562,-12.22545653,16.06749561,46.94863143,131.97867917,33.76291392,35.0000001,10.04898536,-13.98043249,-4.80026712,63.75537516,120.89518749,35.91719135,35.0000001
1760625111.15,0.06822686,-0.0132649,2.39539767,-0.0361078,0.96296898,0.02556678,80.0,-7.0,0.0,80.0,1.3962634,0.0,0.0,0.0,80.0,-7.0,0.0,80.0,1.3962634,0.0,0.0,0.0,2.19158197,-1.11261751,4.34924876,14.1296544,-12.27527586,15.6464216,46.57992388,131.98554543,35.22327818,35.0000001,9.4598465,-14.11760467,-4.47513585,62.99176551,120.81295966,36.35714311,35.0000001
1760625111.184,0.06673382,-0.01101142,2.37571874,-0.0310386,0.96344486,0.02493294,80.0,-7.0,0.0,80.0,1.3962634,0.0,0.0,0.0,80.0,-7.0,0.0,80.0,1.3962634,0.0,0.0,0.0,2.34189521,-1.00005064,4.40807988,13.90105274,-12.29338288,15.40926369,46.16234094,132.03087326,36.36687325,35.0000001,9.23420148,-14.28196829,-4.18785542,62.02694209,120.51528681,36.67170604,35.0000001
1760625111.217,0.08529819,-0.01131749,2.37462672,-0.0290328,0.96443789,0.02543486,80.0,-7.0,0.0,80.0,1.3962634,0.0,0.0,0.0,80.0,-7.0,0.0,80.0,1.3962634,0.0,0.0,0.0,2.52703147,-1.00256174,4.39796525,13.35789843,-12.11391542,15.13314335,45.71437592,132.01598112,37.02134065,35.0000001,9.00895647,-14.62067902,-3.74488561,60.79086764,119.71729481,36.99134526,35.0000001
1760625111.251,0.10517802,-0.00703873,2.37776833,-0.02771243,0.96410358,0.02530136,80.0,-7.0,0.0,80.0,1.3962634,0.0,0.0,0.0,80.0,-7.0,0.0,80.0,1.3962634,0.0,0.0,0.0,2.49594528,-1.02703526,4.36212633,13.53899323,-12.08865007,14.99269612,45.36835448,131.99334835,37.35545301,35.0000001,9.00603785,-14.76818079,-3.49853435,60.26018104,119.27550004,37.05004414,35.0000001
1760625111.284,0.12419429,0.00149251,2.37923572,-0.02642031,0.96484477,0.02523482,80.0,-7.0,0.0,80.0,1.3962634,0.0,0.0,0.0,80.0,-7.0,0.0,80.0,1.3962634,0.0,0.0,0.0,2.498849,-1.07612956,4.35136506,13.66711864,-12.07775378,14.97939571,45.06892367,131.96523059,37.1666903,35.0000001,8.96939725,-14.86172148,-3.39878083,60.11640018,119.13365447,36.87093354,35.0000001
1760625111.317,0.14741406,0.00701528,2.37453355,-0.02641087,0.96559057,0.02531087,80.0,-7.0,0.0,80.0,1.3962634,0.0,0.0,0.0,80.0,-7.0,0.0,80.0,1.3962634,0.0,0.0,0.0,2.67260179,-1.13281044,4.24642042,13.07056221,-11.97698475,15.14657086,45.01178592,132.15979196,35.70440057,35.0000001,8.58823536,-14.78873259,-3.58697325,60.52026139,119.01715058,36.28050699,35.0000001
1760625111.351,0.16723957,0.01319538,2.37560151,-0.0271499,0.96549821,0.0254192,80.0,-7.0,0.0,80.0,1.3962634,0.0,0.0,0.0,80.0,-7.0,0.0,80.0,1.3962634,0.0,0.0,0.0,2.74053348,-1.16508932,4.21397679,12.75085675,-12.02876091,15.12527533,45.27618641,132.70740167,33.91903621,35.0000001,8.29150989,-14.38624676,-3.6924972,61.3002958,118.78507143,35.50094651,35.0000001
1760625111.384,0.17138556,0.01715745,2.37061603,-0.02843536,0.96532248,0.02544954,80.0,-7.0,0.0,80.0,1.3962634,0.0,0.0,0.0,80.0,-7.0,0.0,80.0,1.3962634,0.0,0.0,0.0,2.84098702,-1.14717076,4.02311428,12.11496937,-12.19613286,15.18553339,45.99331123,134.1876691,30.67357813,35.0000001,7.71834582,-13.44828715,-4.1163046,63.1686946,118.75825297,34.02054669,35.0000001
1760625111.418,0.18301927,0.0260314,2.37124886,-0.02932984,0.96406434,0.0251272,80.0,-7.0,0.0,80.0,1.3962634,0.0,0.0,0.0,80.0,-7.0,0.0,80.0,1.3962634,0.0,0.0,0.0,2.92353935,-1.25856522,4.01555545,11.83969243,-12.31264114,14.70396279,47.75873055,137.1814309,24.84651202,35.0000001,6.54171379,-11.5488115,-5.0759114,67.90037444,119.84813257,31.02142394,35.0000001
1760625111.451,0.18236004,0.02835995,2.37628722,-0.03245279,0.96358904,0.02594257,80.0,-7.0,0.0,80.0,1.3962634,0.0,0.0,0.0,80.0,-7.0,0.0,80.0,1.3962634,0.0,0.0,0.0,2.92969875,-1.43408507,3.92593509,11.57571334,-12.11490779,14.51497423,49.13611831,139.43356037,19.22912397,35.0000001,5.73395358,-9.87596081,-5.90885063,72.2089176,121.44305979,28.33181851,35.0000001
1760625111.485,0.19574083,0.02898278,2.374364,-0.03365214,0.96141754,0.0265502,80.0,-7.0,0.0,80.0,1.3962634,0.0,0.0,0.0,80.0,-7.0,0.0,80.0,1.3962634,0.0,0.0,0.0,3.09298459,-1.62223974,3.8438756,11.03510046,-11.94346757,14.23285375,51.34934532,142.38557844,11.43908991,35.0000001,4.54309199,-7.43038723,-6.54606638,78.20581565,123.62029422,24.38060326,35.0000001
1760625111.518,0.20447177,0.02428085,2.37178172,-0.03263436,0.95915424,0.02775737,80.0,-7.0,0.0,80.0,1.3962634,0.0,0.0,0.0,80.0,-7.0,0.0,80.0,1.3962634,0.0,0.0,0.0,3.16243045,-1.750395,3.73440302,10.87370951,-11.91788162,14.14406579,53.18015604,144.2269709,5.54596459,35.0000001,3.87457794,-5.70010894,-6.47343281,82.31978546,124.24685151,21.19434028,35.0000001
1760625111.552,0.19011616,0.02014219,2.36652667,-0.03110224,0.95658819,0.02793469,80.0,-7.0,0.0,80.0,1.3962634,0.0,0.0,0.0,80.0,-7.0,0.0,80.0,1.3962634,0.0,0.0,0.0,3.20525858,-1.63542633,3.75710767,10.93129947,-12.19645096,13.99660846,54.99839876,145.70477162,-0.36426021,35.0000001,3.79784769,-5.21929392,-6.1521595,83.1208274,123.83132441,16.55359712,29.84505556
1760625111.585,0.18635719,0.0172074,2.37013292,-0.02912134,0.9551426,0.0277868,80.0,-7.0,0.0,80.0,1.3962634,0.0,0.0,0.0,80.0,-7.0,0.0,80.0,1.3962634,0.0,0.0,0.0,3.23394592,-1.4035214,3.87247127,11.43067306,-12.54780058,13.85662784,56.78394772,147.43943532,-7.73004944,35.0000001,4.2339912,-5.70983226,-5.84440706,81.50783601,122.88397957,9.92375741,19.00737153
1760625111.619,0.17153706,0.01003721,2.3705494,-0.02218475,0.95375899,0.02645258,80.0,-7.0,0.0,80.0,1.3962634,0.0,0.0,0.0,80.0,-7.0,0.0,80.0,1.3962634,0.0,0.0,0.0,3.5639671,-1.20333202,4.10241144,11.63445052,-12.86617117,13.70823987,57.56266071,148.9051469,-13.10516082,35.0000001,4.22920585,-5.96143301,-5.48406429,80.60143889,122.05614341,5.50356293,11.2872668
1760625111.652,0.15421387,0.00544796,2.37233667,-0.01915518,0.95597446,0.02427958,80.0,-7.0,0.0,80.0,1.3962634,0.0,0.0,0.0,80.0,-7.0,0.0,80.0,1.3962634,0.0,0.0,0.0,3.81000997,-1.07221596,4.08440078,11.75062959,-13.16340631,13.56035497,58.43132591,150.75822541,-18.63700244,35.0000001,4.3054931,-6.1305605,-5.32373982,79.92816302,121.05420593,0.78620282,3.89212443
1760625111.685,0.15432847,-0.00270321,2.37558015,-0.0157793,0.95954342,0.02038998,80.0,-7.0,0.0,80.0,1.3962634,0.0,0.0,0.0,80.0,-7.0,0.0,80.0,1.3962634,0.0,0.0,0.0,4.0316894,-0.99210429,4.04353733,11.95584903,-13.1847061,13.66321407,58.00846315,153.77918431,-27.57129858,35.0000001,4.47038949,-6.261366,-5.03255496,79.44019763,119.03066416,-4.32506219,-4.25424867
1760625111.719,0.16705941,-0.00315428,2.37963453,-0.01800786,0.96153527,0.01835298,80.0,-7.0,0.0,80.0,1.3962634,0.0,0.0,0.0,80.0,-7.0,0.0,80.0,1.3962634,0.0,0.0,0.0,4.00248958,-1.06190645,3.9500401,12.23160171,-13.44980251,13.73030476,56.54838846,156.20400299,-35.90052328,35.0000001,4.72079567,-6.45091649,-4.59418503,79.17655885,116.93538139,-8.46960173,-10.19059563
1760625111.752,0.15468255,-0.00677348,2.3877078,-0.01468282,0.96279199,0.01846955,80.0,-7.0,0.0,80.0,1.3962634,0.0,0.0,0.0,80.0,-7.0,0.0,80.0,1.3962634,0.0,0.0,0.0,4.09986113,-1.18963126,3.87136919,12.43908258,-13.67933239,13.46834283,55.94567402,157.90291256,-42.84535619,35.0000001,4.59051223,-6.36390227,-4.24446512,79.51723706,115.70802036,-11.64944807,-14.63244916
1760625111.786,0.14965962,-0.0096095,2.3925884,-0.01351618,0.9640396,0.01888075,80.0,-7.0,0.0,80.0,1.3962634,0.0,0.0,0.0,80.0,-7.0,0.0,80.0,1.3962634,0.0,0.0,0.0,4.16917098,-1.41708132,3.71595474,12.41501553,-13.76287728,12.99472779,55.82269158,159.70879936,-50.65937029,35.0000001,4.49974234,-6.35527825,-3.89275091,80.13839309,113.93137218,-15.58396876,-20.22734272
1760625111.82,0.1498968,-0.01011372,2.39780176,-0.01152532,0.96518515,0.01964598,80.0,-7.0,0.0,80.0,1.3962634,0.0,0.0,0.0,80.0,-7.0,0.0,80.0,1.3962634,0.0,0.0,0.0,3.84292569,-1.48243554,3.56859447,12.72780996,-13.9709981,11.93011273,58.16516496,161.1641305,-52.42574273,35.0000001,4.69585922,-6.11823076,-3.7322757,80.77941777,112.85971147,-17.28968016,-23.004213
1760625111.852,0.13784091,-0.01091384,2.39492737,-0.01127118,0.96668928,0.01965144,80.0,-7.0,0.0,80.0,1.3962634,0.0,0.0,0.0,80.0,-7.0,0.0,80.0,1.3962634,0.0,0.0,0.0,3.88066141,-1.46840682,3.52106193,12.79383717,-14.13354785,10.84725741,60.60399374,162.43282613,-52.14971647,35.0000001,4.69350748,-6.02257734,-3.67844569,81.23003738,112.09483879,-18.22122032,-24.64690634
1760625111.886,0.13685229,-0.01376726,2.38551028,-0.00843467,0.97015633,0.01886868,80.0,-7.0,0.0,80.0,1.3962634,0.0,0.0,0.0,80.0,-7.0,0.0,80.0,1.3962634,0.0,0.0,0.0,3.49892027,-1.21867616,3.33498055,13.63320193,-14.52320328,10.090148,63.15875038,163.36836268,-50.99799974,35.0000001,5.24865394,-5.41440454,-3.73225271,82.14132267,111.69275355,-19.07231826,-24.99999983
1760625111.92,0.13349813,-0.01922244,2.38597913,-0.00596624,0.97083496,0.01903412,80.0,-7.0,0.0,80.0,1.3962634,0.0,0.0,0.0,80.0,-7.0,0.0,80.0,1.3962634,0.0,0.0,0.0,3.10544937,-1.14696372,3.31896338,14.35266799,-14.76578667,9.65414176,64.12537199,163.5879291,-50.31358445,35.0000001,5.65327038,-5.18683542,-3.80623168,82.39590739,111.75436716,-19.21258189,-24.99999983
1760625111.953,0.12333595,-0.01828883,2.38348246,-0.00401404,0.97128143,0.01923898,80.0,-7.0,0.0,80.0,1.3962634,0.0,0.0,0.0,80.0,-7.0,0.0,80.0,1.3962634,0.0,0.0,0.0,2.79616842,-1.12515596,3.37844259,14.62418465,-14.78283006,8.88273803,65.56419296,163.87887925,-48.6310735,35.0000001,6.06178074,-5.38564943,-3.96485823,81.99759483,111.7476251,-18.89440361,-24.99999983
1760625111.987,0.13877179,-0.01698274,2.40324759,-0.00267901,0.97080228,0.01774253,80.0,-7.0,0.0,80.0,1.3962634,0.0,0.0,0.0,80.0,-7.0,0.0,80.0,1.3962634,0.0,0.0,0.0,2.45997367,-1.02595629,3.37103806,14.81094817,-14.8652981,8.07951052,66.71729778,163.67797489,-45.88339818,35.0000001,6.42940722,-5.51067975,-4.24411841,81.44962037,112.01794509,-18.15235792,-24.32345544
1760625112.02,0.11374249,-0.01462032,2.4032324,-0.00252059,0.97240844,0.01724015,80.0,-7.0,0.0,80.0,1.3962634,0.0,0.0,0.0,80.0,-7.0,0.0,80.0,1.3962634,0.0,0.0,0.0,2.1097228,-0.87867649,3.38944143,15.28212275,-15.08151692,7.81698884,67.03640681,162.78847485,-43.19338981,35.0000001,6.73511688,-5.35414653,-4.55340186,81.56392443,112.75598127,-17.29312289,-22.66784259
1760625112.054,0.11222195,-0.00857487,2.40333353,-0.0033323,0.97222498,0.01766584,80.0,-7.0,0.0,80.0,1.3962634,0.0,0.0,0.0,80.0,-7.0,0.0,80.0,1.3962634,0.0,0.0,0.0,2.02312812,-0.97262348,3.41023982,15.24804907,-15.01375646,7.80028579,66.86515508,161.60082776,-40.49744084,35.0000001,6.5436485,-5.36032697,-5.2865002,82.08025704,114.49297945,-15.33676365,-19.40600038
1760625112.087,0.13733148,0.00029042,2.39185717,-0.00537725,0.97209201,0.01885037,80.0,-7.0,0.0,80.0,1.3962634,0.0,0.0,0.0,80.0,-7.0,0.0,80.0,1.3962634,0.0,0.0,0.0,1.88811387,-1.06304759,3.41880889,15.2089934,-15.09533511,7.82250977,66.50622258,159.99060767,-36.01626163,35.0000001,6.67408207,-5.5221809,-6.17047159,82.28366248,116.87596519,-12.64828644,-14.4481587
1760625112.12,0.1470084,-0.00189784,2.39218255,-0.00710574,0.9716253,0.01946562,80.0,-7.0,0.0,80.0,1.3962634,0.0,0.0,0.0,80.0,-7.0,0.0,80.0,1.3962634,0.0,0.0,0.0,1.99201572,-1.08199126,3.39931354,15.03089338,-15.12783154,8.29854507,65.95975366,158.46724934,-33.61956178,35.0000001,6.58263204,-5.50393775,-6.39732979,82.31971122,117.83393149,-11.09119764,-11.41072531
1760625112.154,0.13596335,0.00747321,2.39415878,-0.00980744,0.97119685,0.01936261,80.0,-7.0,0.0,80.0,1.3962634,0.0,0.0,0.0,80.0,-7.0,0.0,80.0,1.3962634,0.0,0.0,0.0,2.04773182,-1.05487728,3.36917809,14.97944258,-15.32915384,8.90014988,65.28068814,156.70822985,-31.13650199,35.0000001,6.44674638,-5.21269499,-6.82371056,82.90483117,119.46100548,-8.02295086,-6.55270638
1760625112.187,0.16116453,0.00922735,2.40131421,-0.01583454,0.97201119,0.01869652,80.0,-7.0,0.0,80.0,1.3962634,0.0,0.0,0.0,80.0,-7.0,0.0,80.0,1.3962634,0.0,0.0,0.0,2.11816928,-1.1182773,3.38936833,15.15203816,-15.52215142,9.43632803,63.60607308,155.37518894,-27.74456489,35.0000001,6.67451335,-5.17090317,-7.20339323,83.05722609,121.62727357,-3.64046811,0.02584143
1760625112.221,0.18644092,0.00704526,2.42540896,-0.02748134,0.97278441,0.01854785,80.0,-7.0,0.0,80.0,1.3962634,0.0,0.0,0.0,80.0,-7.0,0.0,80.0,1.3962634,0.0,0.0,0.0,2.31877119,-1.16161431,3.40901914,14.84282219,-15.46330297,10.02971347,62.16537216,154.25222692,-25.32189521,35.0000001,6.56131496,-5.01214082,-7.22027738,83.20416163,122.64261351,0.26564818,4.76757901
1760625112.254,0.1617991,-0.00016365,2.42475483,-0.03474496,0.96944963,0.02012952,80.0,-7.0,0.0,80.0,1.3962634,0.0,0.0,0.0,80.0,-7.0,0.0,80.0,1.3962634,0.0,0.0,0.0,2.17199167,-1.33238699,3.51574362,14.86312251,-15.58200776,10.70269869,60.80875403,152.19066751,-22.51661552,35.0000001,6.76741634,-4.89177552,-7.06725575,83.65276808,124.39541388,5.40622259,11.75712951
1760625112.288,0.18710845,0.00120276,2.42274543,-0.03667448,0.96821897,0.02074975,80.0,-7.0,0.0,80.0,1.3962634,0.0,0.0,0.0,80.0,-7.0,0.0,80.0,1.3962634,0.0,0.0,0.0,2.0283636,-1.40757487,3.60452914,15.35971179,-15.81307964,11.67392034,58.90736061,150.46566775,-18.51105936,35.0000001,7.10028939,-5.02002684,-6.80212222,83.51306721,126.83080025,9.85879148,19.4702974
1760625112.321,0.19412793,0.00486308,2.43632811,-0.0372425,0.96807742,0.02164584,80.0,-7.0,0.0,80.0,1.3962634,0.0,0.0,0.0,80.0,-7.0,0.0,80.0,1.3962634,0.0,0.0,0.0,1.8036553,-1.40306893,3.54994867,15.71050167,-15.68327486,12.51047081,58.32209592,149.39725414,-14.08218945,35.0000001,7.21286366,-5.12707984,-6.68716877,83.06515294,127.75537632,11.94904928,23.06052467
1760625112.354,0.15194853,-0.0014447,2.42123978,-0.03704243,0.96725458,0.02186196,80.0,-7.0,0.0,80.0,1.3962634,0.0,0.0,0.0,80.0,-7.0,0.0,80.0,1.3962634,0.0,0.0,0.0,1.64915444,-1.3279942,3.62147764,15.76187379,-15.51130863,12.96444887,57.90917841,147.56447421,-9.14131426,35.0000001,7.09131164,-5.21806589,-6.62390707,82.48064925,128.1265822,13.15895981,24.9795521
1760625112.388,0.16061573,-0.00544282,2.40141659,-0.03577144,0.96711773,0.02140071,80.0,-7.0,0.0,80.0,1.3962634,0.0,0.0,0.0,80.0,-7.0,0.0,80.0,1.3962634,0.0,0.0,0.0,1.50573533,-1.38296946,3.72920054,15.65999236,-15.18622288,13.24928958,56.77185063,146.62128716,-6.35840513,35.0000001,6.73652669,-5.63532413,-6.64538481,81.48448885,128.08596529,13.12268918,24.96644746
1760625112.421,0.15870447,-0.00912798,2.39357367,-0.03371674,0.96493806,0.02106946,80.0,-7.0,0.0,80.0,1.3962634,0.0,0.0,0.0,80.0,-7.0,0.0,80.0,1.3962634,0.0,0.0,0.0,1.34945419,-1.36453711,3.95253905,15.3191346,-14.78515859,13.20608066,55.82755554,146.86790767,-5.67167693,35.0000001,6.39306844,-5.73553831,-6.5290214,80.97439955,127.78487411,12.70873246,24.21785358
1760625112.488,0.14316295,-0.02093899,2.43865569,-0.03186007,0.96289377,0.01776884,80.0,-7.0,0.0,80.0,1.3962634,0.0,0.0,0.0,80.0,-7.0,0.0,80.0,1.3962634,0.0,0.0,0.0,1.37840187,-1.23717305,4.17789501,14.07469916,-13.63321122,12.24398164,55.74797642,147.41745859,-4.4526443,35.0000001,5.67259921,-5.9625478,-6.35789414,80.287655,127.11139288,12.00410593,22.81715227
1760625112.522,0.14950804,-0.00557872,2.46373323,-0.02950415,0.96165413,0.01794563,80.0,-7.0,0.0,80.0,1.3962634,0.0,0.0,0.0,80.0,-7.0,0.0,80.0,1.3962634,0.0,0.0,0.0,1.50369291,-1.33398787,4.20437005,13.75114343,-13.30931812,11.97965151,55.92441745,147.69529481,-4.35193099,35.0000001,5.38058976,-6.18552709,-6.29731125,80.08405115,126.8832435,11.73603087,22.42920814
1760625112.555,0.14235834,-0.00447172,2.47173891,-0.02666001,0.96114643,0.01798995,80.0,-7.0,0.0,80.0,1.3962634,0.0,0.0,0.0,80.0,-7.0,0.0,80.0,1.3962634,0.0,0.0,0.0,1.8846145,-1.45792494,4.29818156,13.37601073,-12.81930247,11.67336402,56.53667041,147.96108586,-4.08827817,35.0000001,4.9968303,-6.40300459,-6.22044574,79.94443997,126.85383184,11.5468349,22.3143203
1760625112.589,0.15510514,-0.00460216,2.46845002,-0.02461181,0.95975187,0.0178086,80.0,-7.0,0.0,80.0,1.3962634,0.0,0.0,0.0,80.0,-7.0,0.0,80.0,1.3962634,0.0,0.0,0.0,2.01338157,-1.39546615,4.26330956,12.97198493,-12.67918059,11.9527291,55.87753856,147.89295594,-5.20275823,35.0000001,4.94157665,-6.44147587,-6.28740076,79.83536411,126.77555525,11.46199952,22.28029676
1760625112.622,0.16622991,-0.00778937,2.47413912,-0.02374514,0.95923402,0.01684791,80.0,-7.0,0.0,80.0,1.3962634,0.0,0.0,0.0,80.0,-7.0,0.0,80.0,1.3962634,0.0,0.0,0.0,2.09468064,-1.34848227,4.23913643,12.88396419,-12.61292828,11.95835462,56.02816844,147.93644221,-5.51804834,35.0000001,4.9224483,-6.45236864,-6.33067196,79.76947059,126.64718711,11.32898142,22.17923218
1760625112.656,0.15952186,-0.01484386,2.46484589,-0.02818279,0.95872616,0.01672475,80.0,-7.0,0.0,80.0,1.3962634,0.0,0.0,0.0,80.0,-7.0,0.0,80.0,1.3962634,0.0,0.0,0.0,2.08992618,-1.30892789,4.12517303,12.71861876,-12.5875945,12.38553848,55.66282255,147.74824249,-6.68315263,35.0000001,5.06343059,-6.49849884,-6.41941833,79.64154673,126.45413191,11.00628337,21.90196562
1760625112.689,0.15782622,-0.01333859,2.46001651,-0.03185685,0.95895813,0.01663359,80.0,-7.0,0.0,80.0,1.3962634,0.0,0.0,0.0,80.0,-7.0,0.0,80.0,1.3962634,0.0,0.0,0.0,2.02917515,-1.22554746,3.99827046,12.65497034,-12.73064544,12.73251443,55.54105077,147.64926308,-7.43882995,35.0000001,5.2631834,-6.46319072,-6.48602632,79.53168307,126.30955781,10.75470844,21.71353925
1760625112.722,0.15345562,-0.01927883,2.4667619,-0.03335388,0.9587947,0.0172759,80.0,-7.0,0.0,80.0,1.3962634,0.0,0.0,0.0,80.0,-7.0,0.0,80.0,1.3962634,0.0,0.0,0.0,1.89818031,-1.20270907,3.88639454,12.64628798,-12.83404768,12.96714405,55.43442928,147.64177983,-8.18706438,35.0000001,5.51699451,-6.48623568,-6.50936362,79.44301523,126.17619931,10.601152,21.48960415
1760625112.756,0.13459432,-0.02607376,2.46901522,-0.03148189,0.95865017,0.01859245,80.0,-7.0,0.0,80.0,1.3962634,0.0,0.0,0.0,80.0,-7.0,0.0,80.0,1.3962634,0.0,0.0,0.0,1.97702221,-1.20393811,3.85679483,12.54512259,-12.90594552,13.06042804,55.52931845,147.55273604,-8.77435737,35.0000001,5.54598615,-6.52541418,-6.41766713,79.41401412,126.04222548,10.4665799,21.29203964
1760625112.789,0.11496464,-0.02851596,2.46699959,-0.03007713,0.95886789,0.0192123,80.0,-7.0,0.0,80.0,1.3962634,0.0,0.0,0.0,80.0,-7.0,0.0,80.0,1.3962634,0.0,0.0,0.0,2.08549433,-1.23425066,3.80382489,12.42693279,-12.922007,13.17050271,55.51910086,147.53002106,-9.21122665,35.0000001,5.5100365,-6.57907235,-6.39623936,79.38464878,126.02196718,10.32950939,21.12814664
1760625112.823,0.10714988,-0.03232413,2.47824291,-0.02849908,0.95905433,0.01976302,80.0,-7.0,0.0,80.0,1.3962634,0.0,0.0,0.0,80.0,-7.0,0.0,80.0,1.3962634,0.0,0.0,0.0,2.2664672,-1.27048223,3.71012969,12.21923508,-12.85207639,13.35920487,55.39008578,147.5311393,-9.64864581,35.0000001,5.33901128,-6.63742636,-6.41499909,79.38961999,126.03037626,10.23344465,20.98085414
1760625112.856,0.08229321,-0.03561185,2.49256137,-0.02769979,0.95947014,0.01941874,80.0,-7.0,0.0,80.0,1.3962634,0.0,0.0,0.0,80.0,-7.0,0.0,80.0,1.3962634,0.0,0.0,0.0,2.41507449,-1.24222716,3.61802341,12.16595395,-12.8500993,13.58547,55.16879684,147.39697855,-9.99299775,35.0000001,5.25204261,-6.64673257,-6.37211714,79.33732193,125.90960344,10.11118946,20.7747054
1760625112.89,0.07246429,-0.03404692,2.49475575,-0.02705595,0.9595617,0.01929892,80.0,-7.0,0.0,80.0,1.3962634,0.0,0.0,0.0,80.0,-7.0,0.0,80.0,1.3962634,0.0,0.0,0.0,2.46721933,-1.25159913,3.59635932,12.11846583,-12.8830944,13.60934776,55.13425656,147.37036641,-10.01439233,35.0000001,5.23154781,-6.66456548,-6.30175036,79.29357343,125.88358726,9.98773217,20.66350784
1760625112.923,0.08182177,-0.03415935,2.50056482,-0.02836083,0.9600348,0.01976476,80.0,-7.0,0.0,80.0,1.3962634,0.0,0.0,0.0,80.0,-7.0,0.0,80.0,1.3962634,0.0,0.0,0.0,2.2610965,-1.22733636,3.6127044,12.34950881,-13.06907102,13.60723223,55.0125148,147.24753175,-9.94571313,35.0000001,5.41775621,-6.55560724,-6.23653688,79.32490475,125.9861075,9.87261571,20.65175142
1760625112.956,0.07445705,-0.02615982,2.50280046,-0.0296479,0.96040026,0.02032915,80.0,-7.0,0.0,80.0,1.3962634,0.0,0.0,0.0,80.0,-7.0,0.0,80.0,1.3962634,0.0,0.0,0.0,2.08030804,-1.24224884,3.57446066,12.63110846,-13.137845,13.77369579,54.78298955,147.22445909,-9.92410328,35.0000001,5.58708197,-6.48658619,-6.26972938,79.40006713,126.04998289,9.78364527,20.62372254
1760625112.99,0.07275546,-0.01743788,2.49967202,-0.02849609,0.96043387,0.02012962,80.0,-7.0,0.0,80.0,1.3962634,0.0,0.0,0.0,80.0,-7.0,0.0,80.0,1.3962634,0.0,0.0,0.0,2.1035888,-1.26843483,3.58351746,12.61827841,-13.13622003,13.7895826,54.76123747,147.23632966,-9.93568649,35.0000001,5.5136026,-6.43896059,-6.29712281,79.53896899,126.10754662,9.77518141,20.63119577
1760625113.023,0.06611712,-0.00716138,2.50590337,-0.02751318,0.96042166,0.01979089,80.0,-7.0,0.0,80.0,1.3962634,0.0,0.0,0.0,80.0,-7.0,0.0,80.0,1.3962634,0.0,0.0,0.0,2.18504515,-1.27512485,3.60740784,12.55044012,-13.14946996,13.67145485,54.91144812,147.2764326,-9.82074254,35.0000001,5.42579893,-6.41553297,-6.29156681,79.63589022,126.19673604,9.74703894,20.66036183
1760625113.057,0.02477504,-0.00049417,2.49932188,-0.0260595,0.96006785,0.01951939,80.0,-7.0,0.0,80.0,1.3962634,0.0,0.0,0.0,80.0,-7.0,0.0,80.0,1.3962634,0.0,0.0,0.0,1.98881231,-1.24802614,3.64307655,12.85590161,-13.21303943,13.49814505,55.10624516,147.35095254,-9.61706041,35.0000001,5.73797891,-6.37945024,-6.3032738,79.61978787,126.32152291,9.65289236,20.5520684
1760625113.09,-0.00424981,0.01014294,2.49812145,-0.02586943,0.96056193,0.01908751,80.0,-7.0,0.0,80.0,1.3962634,0.0,0.0,0.0,80.0,-7.0,0.0,80.0,1.3962634,0.0,0.0,0.0,2.01339429,-1.23807844,3.63888976,12.86122917,-13.22130094,13.47455806,55.12987877,147.350583,-9.61102713,35.0000001,5.76114927,-6.36639021,-6.33517499,79.62388487,126.28476094,9.70200392,20.52131461
1760625113.124,-0.02196722,0.01834394,2.5017218,-0.02573315,0.96059151,0.01884818,80.0,-7.0,0.0,80.0,1.3962634,0.0,0.0,0.0,80.0,-7.0,0.0,80.0,1.3962634,0.0,0.0,0.0,2.07358048,-1.22240696,3.64809909,12.81717875,-13.25967732,13.38114902,55.29459977,147.46067147,-9.4264873,35.0000001,5.7561552,-6.39114457,-6.34541644,79.58425845,126.26369487,9.72332116,20.46592377
1760625113.157,-0.03568796,0.02821599,2.49079543,-0.02532655,0.96068168,0.01846465,80.0,-7.0,0.0,80.0,1.3962634,0.0,0.0,0.0,80.0,-7.0,0.0,80.0,1.3962634,0.0,0.0,0.0,1.99420017,-1.20071632,3.63127616,12.99920851,-13.3022938,13.37538264,55.31620185,147.50190794,-9.28525362,35.0000001,5.91048088,-6.42813824,-6.38455726,79.50319007,126.25767956,9.68440355,20.35693244
1760625113.191,-0.05607147,0.02994869,2.48467343,-0.02633437,0.96104292,0.01834786,80.0,-7.0,0.0,80.0,1.3962634,0.0,0.0,0.0,80.0,-7.0,0.0,80.0,1.3962634,0.0,0.0,0.0,1.97527364,-1.17508957,3.63223286,13.18174681,-13.35953553,13.32343808,55.48652979,147.48254543,-9.01540527,35.0000001,5.96682058,-6.39499113,-6.41379226,79.50401595,126.26994196,9.75761398,20.41038119
1760625113.224,-0.0645764,0.03246806,2.48873564,-0.02702789,0.96107609,0.01839276,80.0,-7.0,0.0,80.0,1.3962634,0.0,0.0,0.0,80.0,-7.0,0.0,80.0,1.3962634,0.0,0.0,0.0,1.99178515,-1.16474022,3.63702332,13.20789754,-13.36053432,13.31646424,55.48855446,147.47048387,-9.00418662,35.0000001,5.96862391,-6.40467883,-6.41225261,79.51645613,126.30043859,9.83551354,20.44474586
1760625113.258,-0.0652963,0.03441652,2.48990915,-0.02688846,0.96094561,0.01835939,80.0,-7.0,0.0,80.0,1.3962634,0.0,0.0,0.0,80.0,-7.0,0.0,80.0,1.3962634,0.0,0.0,0.0,1.96721739,-1.15706287,3.66235072,13.50483028,-13.41832922,13.27694955,55.49150686,147.47813613,-8.65973554,35.0000001,5.96370743,-6.37693059,-6.35567271,79.55362076,126.32956144,9.79918477,20.39176265
1760625113.291,-0.0753596,0.02739208,2.48877171,-0.02676651,0.96075627,0.01835248,80.0,-7.0,0.0,80.0,1.3962634,0.0,0.0,0.0,80.0,-7.0,0.0,80.0,1.3962634,0.0,0.0,0.0,1.98434654,-1.14965485,3.67721185,13.60738835,-13.44826204,13.25262392,55.51956738,147.47847694,-8.50199362,35.0000001,5.94033107,-6.38821194,-6.32063101,79.61123808,126.31179493,9.83748441,20.41028665
1760625113.325,-0.07505872,0.02049829,2.49372878,-0.02564767,0.96048916,0.01892336,80.0,-7.0,0.0,80.0,1.3962634,0.0,0.0,0.0,80.0,-7.0,0.0,80.0,1.3962634,0.0,0.0,0.0,2.06281085,-1.1632415,3.67661975,13.5939652,-13.42284639,13.22352286,55.57525538,147.50343322,-8.39467263,35.0000001,5.8679724,-6.4304152,-6.2863169,79.64172668,126.33433568,9.84264966,20.40610204
1760625113.358,-0.0743068,0.01508703,2.49910001,-0.02487574,0.96090873,0.01915515,80.0,-7.0,0.0,80.0,1.3962634,0.0,0.0,0.0,80.0,-7.0,0.0,80.0,1.3962634,0.0,0.0,0.0,2.00883994,-1.1837542,3.70387336,13.87665273,-13.39755739,13.09207805,55.80039648,147.57813951,-8.02980258,35.0000001,5.99013317,-6.48200945,-6.20622705,79.58762084,126.3036909,9.7882483,20.36666628
1760625113.391,-0.09218859,0.00635227,2.50335025,-0.02342324,0.96082235,0.01928681,80.0,-7.0,0.0,80.0,1.3962634,0.0,0.0,0.0,80.0,-7.0,0.0,80.0,1.3962634,0.0,0.0,0.0,2.07216848,-1.20799111,3.77022729,14.09544514,-13.40609984,12.87881569,56.1715006,147.61540294,-7.45868844,35.0000001,5.95590903,-6.52399332,-6.11265006,79.61830619,126.33006507,9.81114727,20.41536501
1760625113.425,-0.09827411,-0.00027823,2.50516962,-0.02362297,0.96085213,0.01921158,80.0,-7.0,0.0,80.0,1.3962634,0.0,0.0,0.0,80.0,-7.0,0.0,80.0,1.3962634,0.0,0.0,0.0,2.11425915,-1.25499888,3.83077751,14.25911059,-13.34050924,12.70141353,56.63024726,147.64805837,-6.90584091,35.0000001,5.97494899,-6.63035887,-6.00443876,79.59147482,126.29504526,9.82363833,20.42693235
1760625113.458,-0.10197774,-0.00884197,2.50127731,-0.02371794,0.96077135,0.01886511,80.0,-7.0,0.0,80.0,1.3962634,0.0,0.0,0.0,80.0,-7.0,0.0,80.0,1.3962634,0.0,0.0,0.0,2.120374,-1.27774159,3.86926263,14.43438714,-13.30270283,12.61430437,56.76625743,147.75138773,-6.56497746,35.0000001,5.98371892,-6.66360428,-5.95477867,79.59684174,126.31166351,9.85128246,20.43539406
1760625113.492,-0.11970333,-0.01628297,2.50160493,-0.02399796,0.96088593,0.01859214,80.0,-7.0,0.0,80.0,1.3962634,0.0,0.0,0.0,80.0,-7.0,0.0,80.0,1.3962634,0.0,0.0,0.0,2.19100721,-1.28280813,3.91878201,14.46293778,-13.31201805,12.6020396,56.7864443,147.70848964,-6.45556031,35.0000001,5.88313811,-6.70488153,-5.90226785,79.63721594,126.32003269,9.82347159,20.41136004
1760625113.525,-0.12629494,-0.01951887,2.50226386,-0.02432589,0.96097713,0.01821104,80.0,-7.0,0.0,80.0,1.3962634,0.0,0.0,0.0,80.0,-7.0,0.0,80.0,1.3962634,0.0,0.0,0.0,2.19783058,-1.26717971,3.91746635,14.50153379,-13.33991847,12.5639834,57.00537434,147.74271858,-6.20431645,35.0000001,5.86914412,-6.7336364,-5.87564552,79.61710479,126.29625306,9.82813095,20.40418711
1760625113.559,-0.13872927,-0.02578148,2.50805267,-0.02447093,0.96109493,0.01804126,80.0,-7.0,0.0,80.0,1.3962634,0.0,0.0,0.0,80.0,-7.0,0.0,80.0,1.3962634,0.0,0.0,0.0,2.20599158,-1.27521261,3.93454201,14.56057484,-13.34018064,12.45489641,57.23390874,147.78170876,-5.85277208,35.0000001,5.86933455,-6.76463999,-5.83373353,79.60984399,126.29566322,9.8634061,20.43886986
1760625113.592,-0.15347398,-0.03022212,2.50874256,-0.02514518,0.96127554,0.01779073,80.0,-7.0,0.0,80.0,1.3962634,0.0,0.0,0.0,80.0,-7.0,0.0,80.0,1.3962634,0.0,0.0,0.0,2.46556205,-1.29813906,4.01514517,14.38657279,-13.30092138,12.24657025,57.55337934,147.83893479,-5.37295351,35.0000001,5.58628786,-6.80344606,-5.75407927,79.65060135,126.37092752,9.88716723,20.46720085
1760625113.626,-0.16738379,-0.03783911,2.50938023,-0.02515991,0.9611777,0.01793131,80.0,-7.0,0.0,80.0,1.3962634,0.0,0.0,0.0,80.0,-7.0,0.0,80.0,1.3962634,0.0,0.0,0.0,2.44063591,-1.30351872,4.05650545,14.47719121,-13.30837484,12.24693144,57.61372471,147.8031004,-5.22588751,35.0000001,5.60191561,-6.84858618,-5.6892619,79.65062624,126.31604468,9.8507761,20.42928756
1760625113.659,-0.16914176,-0.03592334,2.50689106,-0.02543135,0.96148358,0.01876572,80.0,-7.0,0.0,80.0,1.3962634,0.0,0.0,0.0,80.0,-7.0,0.0,80.0,1.3962634,0.0,0.0,0.0,2.39312963,-1.34782957,4.05232086,14.47997359,-13.27059368,12.29423234,57.6609603,147.82610547,-5.24632439,35.0000001,5.64628622,-6.90521239,-5.68494883,79.66437052,126.26670345,9.8591262,20.44067918
1760625113.692,-0.17396518,-0.04268251,2.51544002,-0.02608367,0.96146311,0.01903454,80.0,-7.0,0.0,80.0,1.3962634,0.0,0.0,0.0,80.0,-7.0,0.0,80.0,1.3962634,0.0,0.0,0.0,2.39579666,-1.35059731,4.06179686,14.46928999,-13.26720404,12.29818258,57.65756513,147.82444801,-5.25643427,35.0000001,5.65920224,-6.92052734,-5.68415373,79.66369503,126.27989876,9.89261177,20.47139731
1760625113.726,-0.19349653,-0.04730451,2.52571161,-0.0274746,0.96144286,0.01933992,80.0,-7.0,0.0,80.0,1.3962634,0.0,0.0,0.0,80.0,-7.0,0.0,80.0,1.3962634,0.0,0.0,0.0,2.39850179,-1.3684798,4.07653196,14.51154258,-13.2384899,12.28550894,57.67390749,147.80421643,-5.2860449,35.0000001,5.67442235,-6.93475574,-5.64939211,79.6611561,126.28364198,9.86218611,20.46579547
1760625113.759,-0.19011316,-0.04391923,2.52400246,-0.02896135,0.96132581,0.01949603,80.0,-7.0,0.0,80.0,1.3962634,0.0,0.0,0.0,80.0,-7.0,0.0,80.0,1.3962634,0.0,0.0,0.0,2.41636735,-1.403803,4.13081622,14.30007034,-13.17150775,12.41796207,57.31284101,147.6990238,-5.81233564,35.0000001,5.62681791,-7.007791,-5.57685847,79.70354233,126.26892934,9.8509827,20.47227567
1760625113.793,-0.19290889,-0.03921011,2.52491384,-0.02867495,0.9611862,0.01937053,80.0,-7.0,0.0,80.0,1.3962634,0.0,0.0,0.0,80.0,-7.0,0.0,80.0,1.3962634,0.0,0.0,0.0,2.43389217,-1.40772691,4.09707785,14.22091974,-13.18712141,12.49733001,57.30419322,147.67586486,-5.93948296,35.0000001,5.61513629,-7.0246454,-5.59192091,79.68011061,126.2201513,9.84443215,20.46488747
1760625113.826,-0.18664104,-0.03159364,2.52126299,-0.02820797,0.96093314,0.01894369,80.0,-7.0,0.0,80.0,1.3962634,0.0,0.0,0.0,80.0,-7.0,0.0,80.0,1.3962634,0.0,0.0,0.0,2.68628246,-1.40766298,4.08783671,13.79422215,-13.17775293,12.64268254,57.07823436,147.54002363,-6.29790627,35.0000001,5.27706475,-7.03051604,-5.62059305,79.74491179,126.22100116,9.84376063,20.47831424
1760625113.86,-0.17505822,-0.02774776,2.51227948,-0.02626643,0.96071216,0.01880024,80.0,-7.0,0.0,80.0,1.3962634,0.0,0.0,0.0,80.0,-7.0,0.0,80.0,1.3962634,0.0,0.0,0.0,2.76740535,-1.40615897,4.07549867,13.65586332,-13.18505712,12.73780093,56.9538656,147.45820292,-6.46238399,35.0000001,5.15628662,-7.04438489,-5.64942259,79.743357,126.22980923,9.81583071,20.48222283
1760625113.893,-0.14792438,-0.02839688,2.51139448,-0.02571176,0.96072856,0.01873611,80.0,-7.0,0.0,80.0,1.3962634,0.0,0.0,0.0,80.0,-7.0,0.0,80.0,1.3962634,0.0,0.0,0.0,2.746565,-1.40234919,4.05711422,13.60223635,-13.17174837,12.73157399,56.9231367,147.44129339,-6.46761201,35.0000001,5.13947361,-7.03500162,-5.67011394,79.72584529,126.19816037,9.83590493,20.51356586
1760625113.927,-0.12715447,-0.02794675,2.5178537,-0.02457889,0.9606812,0.0185513,80.0,-7.0,0.0,80.0,1.3962634,0.0,0.0,0.0,80.0,-7.0,0.0,80.0,1.3962634,0.0,0.0,0.0,2.91653047,-1.39920301,3.98793257,13.14738128,-13.06834656,12.90463478,56.5699542,147.33957362,-7.00789654,35.0000001,4.91559606,-7.04491821,-5.73507682,79.72904276,126.19996881,9.85193256,20.52435209
1760625113.96,-0.12205324,-0.03112763,2.52453852,-0.02510781,0.96062063,0.01865259,80.0,-7.0,0.0,80.0,1.3962634,0.0,0.0,0.0,80.0,-7.0,0.0,80.0,1.3962634,0.0,0.0,0.0,3.04927812,-1.37085824,3.85621894,12.66472994,-13.01696987,13.24193293,56.02887328,147.17570147,-7.79176345,35.0000001,4.73774064,-7.04155616,-5.85547136,79.72871432,126.16649159,9.85409176,20.56384152
1760625113.994,-0.11088812,-0.03120786,2.52392168,-0.0251916,0.96010095,0.01887158,80.0,-7.0,0.0,80.0,1.3962634,0.0,0.0,0.0,80.0,-7.0,0.0,80.0,1.3962634,0.0,0.0,0.0,3.06740048,-1.39425912,3.85829551,12.56528288,-12.98810802,13.23152303,55.92597219,147.08678872,-7.910177,35.0000001,4.66669764,-7.03847813,-5.87683194,79.74605099,126.18132953,9.86943803,20.61007347
1760625114.027,-0.08789984,-0.04170054,2.53733337,-0.02534066,0.96001556,0.01899296,80.0,-7.0,0.0,80.0,1.3962634,0.0,0.0,0.0,80.0,-7.0,0.0,80.0,1.3962634,0.0,0.0,0.0,3.0493807,-1.38113145,3.84623746,12.5523641,-12.94981216,13.18798139,55.88615286,147.02495996,-7.91498692,35.0000001,4.66564621,-7.00700502,-5.90574027,79.70575577,126.12140482,9.89963333,20.66696805
1760625114.06,-0.08473225,-0.03858658,2.5402564,-0.02944784,0.96082141,0.01959325,80.0,-7.0,0.0,80.0,1.3962634,0.0,0.0,0.0,80.0,-7.0,0.0,80.0,1.3962634,0.0,0.0,0.0,2.86840991,-1.43528883,3.77018529,12.695705,-12.85675096,13.36107682,55.62025783,146.9205236,-8.28606911,35.0000001,4.92098153,-7.03439048,-5.97153805,79.59671033,126.08595413,9.86181819,20.65011249
1760625114.094,-0.08328723,-0.03724761,2.54310763,-0.02922234,0.96083207,0.01946357,80.0,-7.0,0.0,80.0,1.3962634,0.0,0.0,0.0,80.0,-7.0,0.0,80.0,1.3962634,0.0,0.0,0.0,2.89443187,-1.44845747,3.75786503,12.58371806,-12.80613903,13.34840174,55.64496076,146.90891251,-8.40258601,35.0000001,4.87933302,-7.00902272,-6.00243856,79.58102778,126.0365579,9.81607756,20.62881428
1760625114.161,-0.05556111,-0.03491029,2.54424995,-0.02843451,0.96072496,0.01901148,80.0,-7.0,0.0,80.0,1.3962634,0.0,0.0,0.0,80.0,-7.0,0.0,80.0,1.3962634,0.0,0.0,0.0,3.02998138,-1.55122,3.87925367,12.51552785,-12.46972742,13.26273153,55.60877802,146.91087341,-8.29301131,35.0000001,4.66674411,-7.00726267,-5.98019016,79.61494323,126.03687418,9.81511178,20.65897078
1760625114.194,-0.05160296,-0.02898776,2.54289926,-0.02761993,0.96074509,0.01920076,80.0,-7.0,0.0,80.0,1.3962634,0.0,0.0,0.0,80.0,-7.0,0.0,80.0,1.3962634,0.0,0.0,0.0,3.06229875,-1.5550192,3.91856361,12.55901667,-12.45500072,13.26291468,55.58487445,146.85171733,-8.19974619,35.0000001,4.62981313,-6.97449661,-5.95752115,79.58853865,126.03158553,9.7984732,20.68750005
1760625114.228,-0.04505578,-0.01840099,2.54113467,-0.02745862,0.96077849,0.01949356,80.0,-7.0,0.0,80.0,1.3962634,0.0,0.0,0.0,80.0,-7.0,0.0,80.0,1.3962634,0.0,0.0,0.0,3.05716835,-1.58364309,3.95560778,12.58406329,-12.39308377,13.24089955,55.59151406,146.7965588,-8.16491578,35.0000001,4.60700778,-6.92936767,-5.95713379,79.61998921,126.06738681,9.84241545,20.76118688
1760625114.261,-0.02262559,-0.00495839,2.53047905,-0.02904911,0.9611818,0.01996835,80.0,-7.0,0.0,80.0,1.3962634,0.0,0.0,0.0,80.0,-7.0,0.0,80.0,1.3962634,0.0,0.0,0.0,3.05899256,-1.59679372,3.98377045,12.38107938,-12.30878349,13.28721739,55.59612658,146.790205,-8.34989216,35.0000001,4.48755347,-6.79893147,-5.98374626,79.72091159,126.18444042,9.85230575,20.83084358
1760625114.295,-0.01519022,0.00033216,2.53109049,-0.03024431,0.96172656,0.02133786,80.0,-7.0,0.0,80.0,1.3962634,0.0,0.0,0.0,80.0,-7.0,0.0,80.0,1.3962634,0.0,0.0,0.0,3.08064893,-1.58433843,3.92875302,12.16833107,-12.21372857,13.65341925,55.32993122,146.6256119,-8.78929599,35.0000001,4.30270071,-6.51272562,-6.09979412,79.87681384,126.44227655,9.78479932,20.90142273
1760625114.328,-0.00943455,0.00213372,2.5300518,-0.03166206,0.96194836,0.02132037,80.0,-7.0,0.0,80.0,1.3962634,0.0,0.0,0.0,80.0,-7.0,0.0,80.0,1.3962634,0.0,0.0,0.0,2.99930827,-1.62248066,3.96864071,12.33358896,-12.21032857,13.70796361,55.25854262,146.53934797,-8.74707345,35.0000001,4.42830877,-6.56774644,-6.07399692,79.84535619,126.36098754,9.76085987,20.90172002
1760625114.362,-0.00057537,0.00165714,2.52873413,-0.03181149,0.96203307,0.02103301,80.0,-7.0,0.0,80.0,1.3962634,0.0,0.0,0.0,80.0,-7.0,0.0,80.0,1.3962634,0.0,0.0,0.0,2.84016467,-1.62034763,3.96250189,12.47871564,-12.2419297,13.85436526,55.09962065,146.43677922,-8.95260481,35.0000001,4.63789636,-6.55115745,-6.10503354,79.80597642,126.35052824,9.77205103,20.89694932
1760625114.395,-0.00283304,0.00161501,2.53606742,-0.031984,0.96208941,0.02102484,80.0,-7.0,0.0,80.0,1.3962634,0.0,0.0,0.0,80.0,-7.0,0.0,80.0,1.3962634,0.0,0.0,0.0,2.92872596,-1.6468943,3.95774345,12.32305287,-12.19673421,13.94983515,54.94797774,146.40176564,-9.2299754,35.0000001,4.56694429,-6.56999659,-6.12850052,79.81957459,126.32635431,9.75840961,20.91776854
1760625114.428,0.00676794,-0.00094923,2.54042563,-0.03111836,0.96199889,0.0208727,80.0,-7.0,0.0,80.0,1.3962634,0.0,0.0,0.0,80.0,-7.0,0.0,80.0,1.3962634,0.0,0.0,0.0,2.93202144,-1.63593612,3.96253746,12.29451991,-12.19378157,13.96965565,54.94050247,146.38855975,-9.25016156,35.0000001,4.56519102,-6.57606603,-6.13442216,79.82552411,126.3054514,9.75725729,20.89159813
1760625114.462,0.01336347,-0.0024048,2.55150361,-0.03681022,0.96253596,0.02121043,80.0,-7.0,0.0,80.0,1.3962634,0.0,0.0,0.0,80.0,-7.0,0.0,80.0,1.3962634,0.0,0.0,0.0,2.84312772,-1.65771873,3.87065444,12.37190224,-12.16633655,14.21504905,54.75471848,146.29104596,-9.6146747,35.0000001,4.72117395,-6.60670622,-6.1987532,79.75190499,126.27576941,9.7370986,20.85755696
1760625114.495,0.02570476,-0.00261206,2.54654525,-0.03936945,0.96266386,0.02119686,80.0,-7.0,0.0,80.0,1.3962634,0.0,0.0,0.0,80.0,-7.0,0.0,80.0,1.3962634,0.0,0.0,0.0,2.7347831,-1.65392669,3.82268669,12.3925909,-12.15728132,14.31089718,54.77052185,146.31590669,-9.78290424,35.0000001,4.8795765,-6.63022388,-6.24007152,79.71310614,126.23907541,9.74856544,20.86142526
1760625114.529,0.03764854,-0.00198275,2.5449265,-0.04329698,0.96308584,0.02102869,80.0,-7.0,0.0,80.0,1.3962634,0.0,0.0,0.0,80.0,-7.0,0.0,80.0,1.3962634,0.0,0.0,0.0,2.44228883,-1.67657952,3.63392344,12.51935266,-12.14165344,14.66084429,54.54029379,146.19903369,-10.29325963,35.0000001,5.2497995,-6.74568808,-6.41181881,79.61023452,126.13921087,9.7695532,20.8443405
1760625114.562,0.05259232,-0.00416163,2.54687686,-0.04527285,0.96308159,0.02113911,80.0,-7.0,0.0,80.0,1.3962634,0.0,0.0,0.0,80.0,-7.0,0.0,80.0,1.3962634,0.0,0.0,0.0,2.3954181,-1.68893851,3.42221008,12.12298826,-12.05063484,14.89341343,54.66580508,146.31825957,-10.7330601,35.0000001,5.36563534,-6.81414894,-6.59871867,79.51783871,126.07467584,9.79204216,20.8688656
1760625114.596,0.05322198,-0.00306054,2.54683456,-0.0450222,0.96282935,0.02092019,80.0,-7.0,0.0,80.0,1.3962634,0.0,0.0,0.0,80.0,-7.0,0.0,80.0,1.3962634,0.0,0.0,0.0,2.68835415,-1.65541036,3.17728863,11.02742775,-12.1058181,15.20762305,54.79456855,146.41561085,-11.5370731,35.0000001,5.06742222,-6.82836588,-6.8398835,79.52095841,126.07821324,9.77123138,20.85845368
1760625114.629,0.058774,-0.00472918,2.54717694,-0.04329614,0.96284632,0.02047759,80.0,-7.0,0.0,80.0,1.3962634,0.0,0.0,0.0,80.0,-7.0,0.0,80.0,1.3962634,0.0,0.0,0.0,2.91970408,-1.62297624,2.88800426,9.97835782,-12.23684844,15.56063054,54.93720717,146.47019615,-12.34705085,35.0000001,4.82860356,-6.85219221,-7.13439263,79.50234969,126.04472683,9.76037545,20.81957054
1760625114.663,0.06418366,-0.00414528,2.54866086,-0.03898192,0.96270247,0.020487,80.0,-7.0,0.0,80.0,1.3962634,0.0,0.0,0.0,80.0,-7.0,0.0,80.0,1.3962634,0.0,0.0,0.0,3.21257797,-1.60732546,2.84642567,9.42245361,-12.31725544,15.62336697,54.92950278,146.42129681,-12.59938835,35.0000001,4.4943207,-6.85566147,-7.2017303,79.56421114,126.05642963,9.78707451,20.8289659
1760625114.696,0.06210405,-0.01296345,2.55021745,-0.03522669,0.96315148,0.02027116,80.0,-7.0,0.0,80.0,1.3962634,0.0,0.0,0.0,80.0,-7.0,0.0,80.0,1.3962634,0.0,0.0,0.0,3.36825033,-1.58829002,2.88502195,9.41665257,-12.33424642,15.54255415,54.86941074,146.38900729,-12.40964192,35.0000001,4.37521835,-6.87426111,-7.16480025,79.53862715,126.03788272,9.7663859,20.81642493
1760625114.729,0.06395394,-0.01813036,2.55447307,-0.03345256,0.96328454,0.02032587,80.0,-7.0,0.0,80.0,1.3962634,0.0,0.0,0.0,80.0,-7.0,0.0,80.0,1.3962634,0.0,0.0,0.0,3.3876236,-1.56407714,2.95087685,9.52253025,-12.37987979,15.42233988,54.7953428,146.34699107,-12.2498468,35.0000001,4.3399584,-6.84555143,-7.12228901,79.57143549,126.05463095,9.77400446,20.81691695
1760625114.763,0.06909152,-0.01715887,2.55783623,-0.03256378,0.96324414,0.02013898,80.0,-7.0,0.0,80.0,1.3962634,0.0,0.0,0.0,80.0,-7.0,0.0,80.0,1.3962634,0.0,0.0,0.0,3.47170825,-1.50388549,3.06987717,9.6340534,-12.44906746,15.28966739,54.66637976,146.28944448,-12.10902474,35.0000001,4.25536845,-6.79915282,-7.02333401,79.56205063,126.00223766,9.76464986,20.80811931
1760625114.796,0.07301937,-0.02032666,2.55463098,-0.03226171,0.96326379,0.02023538,80.0,-7.0,0.0,80.0,1.3962634,0.0,0.0,0.0,80.0,-7.0,0.0,80.0,1.3962634,0.0,0.0,0.0,3.44490637,-1.47863666,3.20373179,9.86023756,-12.46567684,15.14656775,54.55659822,146.15545706,-12.04487643,35.0000001,4.33259569,-6.80348282,-6.92553857,79.44133742,125.91135655,9.72547794,20.75595156
1760625114.83,0.08031638,-0.02310543,2.55657375,-0.03224105,0.96342836,0.0207531,80.0,-7.0,0.0,80.0,1.3962634,0.0,0.0,0.0,80.0,-7.0,0.0,80.0,1.3962634,0.0,0.0,0.0,3.26767749,-1.46401395,3.26864235,10.19611223,-12.49244874,15.14904561,54.4057992,145.94898547,-12.10463456,35.0000001,4.59592723,-6.87987014,-6.82659752,79.18125999,125.68925377,9.63626051,20.66008943
1760625114.863,0.08467641,-0.02523156,2.56531062,-0.03217917,0.96351671,0.02075993,80.0,-7.0,0.0,80.0,1.3962634,0.0,0.0,0.0,80.0,-7.0,0.0,80.0,1.3962634,0.0,0.0,0.0,3.22877276,-1.44262416,3.32472549,10.46023725,-12.49478434,15.21296473,54.1752039,145.64590893,-12.12140783,35.0000001,4.72334382,-7.0238665,-6.70551411,78.81199592,125.37192733,9.53015221,20.54392963
1760625114.897,0.07634311,-0.02240341,2.56303756,-0.03088915,0.96387384,0.02074877,80.0,-7.0,0.0,80.0,1.3962634,0.0,0.0,0.0,80.0,-7.0,0.0,80.0,1.3962634,0.0,0.0,0.0,3.31117265,-1.39334267,3.39950933,10.48853014,-12.47695573,15.2026907,54.07831218,144.99448276,-12.23044006,35.0000001,4.7473639,-7.30348292,-6.54004557,78.02995422,124.59518355,9.25398587,20.2257161
1760625114.93,0.08726519,-0.02301266,2.55926052,-0.03014424,0.96440121,0.02048101,80.0,-7.0,0.0,80.0,1.3962634,0.0,0.0,0.0,80.0,-7.0,0.0,80.0,1.3962634,0.0,0.0,0.0,3.2971998,-1.28995287,3.46683886,10.51937888,-12.5008723,15.06256589,54.1774041,144.20813232,-12.30587547,35.0000001,4.83794918,-7.53010754,-6.40246539,77.16914992,123.57300588,9.03741634,19.94465895
1760625114.964,0.10255737,-0.02516522,2.56342459,-0.02982249,0.96441538,0.02060681,80.0,-7.0,0.0,80.0,1.3962634,0.0,0.0,0.0,80.0,-7.0,0.0,80.0,1.3962634,0.0,0.0,0.0,3.33019639,-1.15458514,3.55507021,10.4476384,-12.59103339,14.78041951,54.49377894,143.22332634,-12.43439451,35.0000001,4.89474018,-7.83424363,-6.34571065,76.19847459,122.85732924,8.83756765,19.75012978
1760625114.997,0.09670686,-0.0366877,2.5636411,-0.03008457,0.96481121,0.01993616,80.0,-7.0,0.0,80.0,1.3962634,0.0,0.0,0.0,80.0,-7.0,0.0,80.0,1.3962634,0.0,0.0,0.0,3.37754122,-1.01464192,3.77894983,10.20206893,-12.65570399,14.04938128,55.39051392,141.73301664,-12.52990663,35.0000001,4.98659651,-8.33137988,-6.36204197,74.74422748,122.94653675,8.52337384,19.51558678
1760625115.031,0.09995687,-0.03576222,2.57556883,-0.02894349,0.96486303,0.02035344,80.0,-7.0,0.0,80.0,1.3962634,0.0,0.0,0.0,80.0,-7.0,0.0,80.0,1.3962634,0.0,0.0,0.0,3.18233886,-0.7779097,3.62495155,9.732827,-12.9120592,13.86995493,55.79804023,140.0326918,-13.43296561,35.0000001,5.42707133,-8.82894558,-6.62419982,73.07796873,122.73318502,8.09932327,19.05901996
1760625115.064,0.10395392,-0.03549766,2.58503762,-0.02814131,0.96301738,0.0220589,80.0,-7.0,0.0,80.0,1.3962634,0.0,0.0,0.0,80.0,-7.0,0.0,80.0,1.3962634,0.0,0.0,0.0,3.27786294,-0.62852127,3.66414998,9.1853312,-13.1392008,13.25994742,56.5314012,137.65708396,-14.04117799,35.0000001,5.53787335,-9.65413052,-6.5708934,70.94919451,121.93027195,7.27802098,17.98553407
1760625115.131,0.10971643,-0.03444368,2.6004728,-0.02800371,0.96042178,0.02465454,80.0,-7.0,0.0,80.0,1.3962634,0.0,0.0,0.0,80.0,-7.0,0.0,80.0,1.3962634,0.0,0.0,0.0,3.31327724,0.02315757,3.54130925,7.48467929,-13.88599981,11.96091344,58.34942546,131.07891554,-16.77321851,35.0000001,6.57757444,-12.03470618,-5.3670233,63.3050116,116.4580068,4.4818587,14.15615524
1760625115.164,0.11615252,-0.02803162,2.59805382,-0.02788649,0.95918005,0.02641716,80.0,-7.0,0.0,80.0,1.3962634,0.0,0.0,0.0,80.0,-7.0,0.0,80.0,1.3962634,0.0,0.0,0.0,3.16222587,0.47483983,3.32350126,6.61868834,-14.48710522,11.43007722,59.20920219,127.7793398,-18.31532415,35.0000001,7.46418471,-12.91154627,-4.20753667,58.90096135,111.86386052,3.25982426,12.60817123
1760625115.198,0.11006186,-0.0230638,2.59417736,-0.02562023,0.95808148,0.028901,80.0,-7.0,0.0,80.0,1.3962634,0.0,0.0,0.0,80.0,-7.0,0.0,80.0,1.3962634,0.0,0.0,0.0,2.83075734,0.83300353,3.14388314,5.73721096,-15.37859399,10.40750242,58.2060358,122.41258954,-20.74798576,32.91474986,8.49336528,-13.90869258,-2.35012204,53.11907829,105.09822676,1.8384147,10.5030946
1760625115.231,0.10622282,-0.01763442,2.58602251,-0.02229329,0.96085499,0.02985671,80.0,-7.0,0.0,80.0,1.3962634,0.0,0.0,0.0,80.0,-7.0,0.0,80.0,1.3962634,0.0,0.0,0.0,2.43209916,0.70809414,3.05503635,6.23072435,-16.37045781,10.3906238,48.47505481,113.80246526,-23.94258309,22.08860081,9.35746241,-14.63297427,-0.63228862,48.65048178,99.38543558,0.72452018,8.53062694
1760625115.265,0.09755414,-0.01934669,2.57142086,-0.01749129,0.96248833,0.02957899,80.0,-7.0,0.0,80.0,1.3962634,0.0,0.0,0.0,80.0,-7.0,0.0,80.0,1.3962634,0.0,0.0,0.0,1.97392015,0.63874098,2.96503568,6.70723632,-16.79196101,9.93654232,40.71627238,103.98627573,-24.62732063,13.1127227,10.49870596,-15.07873893,1.87627022,42.77503835,91.41990874,-0.38588262,6.43449506
1760625115.298,0.07945035,-0.02408686,2.5544302,-0.01112688,0.96133746,0.02794062,80.0,-7.0,0.0,80.0,1.3962634,0.0,0.0,0.0,80.0,-7.0,0.0,80.0,1.3962634,0.0,0.0,0.0,1.57452429,0.60476562,2.97852747,7.0410556,-16.72356145,9.44667766,37.50179654,97.57502184,-24.02258199,9.56777389,11.1580832,-14.99940268,3.67011059,38.78158112,85.54651755,-0.93481656,5.14568408
1760625115.331,0.08932376,-0.0316142,2.54305934,-0.00591158,0.95961719,0.02446742,80.0,-7.0,0.0,80.0,1.3962634,0.0,0.0,0.0,80.0,-7.0,0.0,80.0,1.3962634,0.0,0.0,0.0,0.83582749,0.56064883,3.17966479,7.96960535,-16.91125836,9.08258456,32.7459084,90.74815163,-22.39052902,5.23951499,11.76315412,-14.3497728,5.52282788,35.15123265,78.52601761,-1.29837499,3.74187211
1760625115.365,0.09540608,-0.03874482,2.53656522,-0.0017639,0.95790318,0.01986288,80.0,-7.0,0.0,80.0,1.3962634,0.0,0.0,0.0,80.0,-7.0,0.0,80.0,1.3962634,0.0,0.0,0.0,-0.16530523,0.69293984,3.47289619,8.94742182,-17.45559942,7.92405687,30.49063452,83.59482399,-20.14540906,4.01871713,12.48121265,-12.844144,7.8131269,30.81364182,68.15292808,-1.50285346,2.59960924
1760625115.399,0.07813205,-0.04909178,2.52857462,2.94e-06,0.9549458,0.0169127,80.0,-7.0,0.0,80.0,1.3962634,0.0,0.0,0.0,80.0,-7.0,0.0,80.0,1.3962634,0.0,0.0,0.0,-0.55562785,0.7634491,3.97713413,9.68208001,-17.85766644,7.75482703,21.94262225,76.20511655,-15.79073444,-2.4004443,12.34742377,-11.69124474,9.23945785,28.29788442,60.95565334,-1.56051271,1.92417062
1760625115.432,0.09530468,-0.05280853,2.52459661,0.00038242,0.95036177,0.01572514,80.0,-7.0,0.0,80.0,1.3962634,0.0,0.0,0.0,80.0,-7.0,0.0,80.0,1.3962634,0.0,0.0,0.0,-0.52739807,0.65374658,4.6285133,9.52150343,-18.17261702,6.48332625,19.79151725,70.78673219,-13.19386965,-2.41633951,11.36685361,-10.74556169,10.36285777,26.49322031,53.73039469,-1.39906376,1.22710078
1760625115.465,0.11257218,-0.05185269,2.53062978,0.00094055,0.94592776,0.01478506,80.0,-7.0,0.0,80.0,1.3962634,0.0,0.0,0.0,80.0,-7.0,0.0,80.0,1.3962634,0.0,0.0,0.0,-0.68256627,0.58858416,5.18194762,9.42094854,-18.53210169,4.91040415,18.03083163,64.27755699,-10.59324574,-1.2105472,10.65080624,-9.47875507,11.50304104,24.20068705,43.97390582,-0.97284069,1.00808903
1760625115.499,0.09782034,-0.05236464,2.52797383,0.00492968,0.94097594,0.01509735,80.0,-7.0,0.0,80.0,1.3962634,0.0,0.0,0.0,80.0,-7.0,0.0,80.0,1.3962634,0.0,0.0,0.0,-0.72199338,0.50106956,5.44220358,9.38644703,-18.45888393,4.42857074,14.97915033,59.38715481,-8.06894899,-1.30352006,10.12363064,-8.74265131,11.8594629,22.70213564,37.61375438,-0.50434011,1.02182167
1760625115.532,0.10410148,-0.04742548,2.52952293,0.00885225,0.93720977,0.01559285,80.0,-7.0,0.0,80.0,1.3962634,0.0,0.0,0.0,80.0,-7.0,0.0,80.0,1.3962634,0.0,0.0,0.0,-0.84275119,0.60653092,5.19251548,9.35776923,-18.57027923,4.05014249,13.21323664,55.23497907,-6.23321903,-0.40977463,10.11216273,-7.87613032,11.73907453,20.89411621,31.8746738,-0.05759378,1.22848198
1760625115.566,0.12574318,-0.04207521,2.53332585,0.00802424,0.93176095,0.0152303,80.0,-7.0,0.0,80.0,1.3962634,0.0,0.0,0.0,80.0,-7.0,0.0,80.0,1.3962634,0.0,0.0,0.0,-0.63785837,0.77861155,5.55277354,8.65281487,-18.80100582,2.80191973,10.18461077,49.96035613,-3.24953889,0.45484048,9.57696367,-6.88311553,12.39712542,18.23086987,25.393639,0.78867495,1.58711429
1760625115.599,0.10406796,-0.03743016,2.51843556,0.00751194,0.9309248,0.01529404,80.0,-7.0,0.0,80.0,1.3962634,0.0,0.0,0.0,80.0,-7.0,0.0,80.0,1.3962634,0.0,0.0,0.0,-0.50882458,0.80776981,5.51885558,8.26577781,-18.75074887,2.16431342,9.38038196,46.27146294,-2.31421109,1.98869837,9.46472259,-6.21164982,12.67525801,15.803471,20.9168303,1.50757009,2.08228949
1760625115.633,0.10792467,-0.03204514,2.49435784,0.00708995,0.92765305,0.01509862,80.0,-7.0,0.0,80.0,1.3962634,0.0,0.0,0.0,80.0,-7.0,0.0,80.0,1.3962634,0.0,0.0,0.0,-0.39286818,1.01044369,5.39976498,7.8186696,-18.49205753,1.89673729,7.19389506,42.53446484,-0.40745132,2.54987572,9.32473344,-5.25461962,12.87072097,13.24139892,16.61966381,2.24601532,2.67373455
1760625115.666,0.1386872,-0.03620651,2.48365189,0.00845594,0.92621683,0.01510551,80.0,-7.0,0.0,80.0,1.3962634,0.0,0.0,0.0,80.0,-7.0,0.0,80.0,1.3962634,0.0,0.0,0.0,-0.41745903,1.01205315,5.29813288,7.45254031,-18.32952179,1.2505674,6.80281599,38.46978587,-0.0105961,4.86094775,9.1377938,-4.18018902,13.29541474,9.99195364,11.29228587,3.12622052,3.58424954
1760625115.7,0.14842777,-0.04560552,2.47001219,0.00729101,0.92543376,0.01444225,80.0,-7.0,0.0,80.0,1.3962634,0.0,0.0,0.0,80.0,-7.0,0.0,80.0,1.3962634,0.0,0.0,0.0,-0.23527559,0.98031342,5.21482492,6.71903883,-17.87857285,0.84518601,4.84025417,35.93808849,1.71178369,5.35665484,8.51265416,-3.45742504,13.46651101,7.92742392,7.84320898,3.78089015,4.25595862
1760625115.733,0.13388527,-0.05718182,2.44557653,0.00814356,0.92608552,0.01308892,80.0,-7.0,0.0,80.0,1.3962634,0.0,0.0,0.0,80.0,-7.0,0.0,80.0,1.3962634,0.0,0.0,0.0,-0.37228456,1.06289367,4.97772571,6.26090884,-17.66904496,-0.03058754,5.68556407,33.80159257,1.31652332,6.62134152,8.22594012,-2.63950449,13.06737788,6.22495335,4.91575653,4.30861422,5.01041325
1760625115.766,0.1521804,-0.07297563,2.43260066,0.00989396,0.92572269,0.01229955,80.0,-7.0,0.0,80.0,1.3962634,0.0,0.0,0.0,80.0,-7.0,0.0,80.0,1.3962634,0.0,0.0,0.0,-0.75190879,1.06704928,4.67400395,5.73271525,-17.45024025,-1.64325133,7.38472707,31.76342997,0.33043479,8.24986832,7.7197947,-1.73721062,11.54670626,4.89812875,1.81188261,4.97782961,5.9606502
1760625115.8,0.14491767,-0.08804693,2.41253708,0.01030401,0.92514705,0.01200412,80.0,-7.0,0.0,80.0,1.3962634,0.0,0.0,0.0,80.0,-7.0,0.0,80.0,1.3962634,0.0,0.0,0.0,-1.5017035,1.05262416,4.58848217,6.00556399,-17.3242914,-2.70581602,8.36253449,29.92858581,-0.15614113,9.22464372,7.98143646,-1.10614269,10.24882579,3.71638823,0.38906317,5.56812509,6.75440748
1760625115.833,0.13805481,-0.10447516,2.39499285,0.00953122,0.92440308,0.01203305,80.0,-7.0,0.0,80.0,1.3962634,0.0,0.0,0.0,80.0,-7.0,0.0,80.0,1.3962634,0.0,0.0,0.0,-2.14055146,1.04962949,4.51264481,6.21142257,-17.11378362,-3.50312201,10.33727951,27.86041146,-1.69964372,10.32354813,8.25491042,-0.50814802,8.52720488,2.41121982,0.0,6.05113115,7.29958271
1760625115.867,0.14123916,-0.11894101,2.40928184,0.0080932,0.92467347,0.01123932,80.0,-7.0,0.0,80.0,1.3962634,0.0,0.0,0.0,80.0,-7.0,0.0,80.0,1.3962634,0.0,0.0,0.0,-2.55101511,1.12062005,4.34007404,6.06212328,-16.80766681,-4.30698381,12.4965537,24.98935203,-3.63931244,11.1122646,8.22795398,0.09768401,6.27370356,0.85855915,0.0,6.33874902,7.54916709
1760625115.9,0.15065491,-0.12926431,2.43576384,0.00644196,0.92458164,0.01060532,80.0,-7.0,0.0,80.0,1.3962634,0.0,0.0,0.0,80.0,-7.0,0.0,80.0,1.3962634,0.0,0.0,0.0,-2.80447123,1.19940495,4.22124068,5.8879857,-16.43349061,-4.77123141,14.1754299,23.27144234,-5.31409269,11.39129096,8.10214427,0.39972279,4.8858693,0.0,0.0,6.56551258,7.77499096
1760625115.934,0.15500087,-0.1399903,2.45462048,0.00573542,0.92411576,0.01015028,80.0,-7.0,0.0,80.0,1.3962634,0.0,0.0,0.0,80.0,-7.0,0.0,80.0,1.3962634,0.0,0.0,0.0,-2.98613822,1.23221638,4.11347727,5.67952517,-15.97593212,-5.02417434,14.93974039,21.20379749,-6.04008883,11.19288222,7.49132233,0.47000766,3.50724943,0.0,0.0,6.7713464,8.12433238
1760625115.967,0.14356647,-0.13534255,2.49160633,0.00387325,0.9243092,0.0092953,80.0,-7.0,0.0,80.0,1.3962634,0.0,0.0,0.0,80.0,-7.0,0.0,80.0,1.3962634,0.0,0.0,0.0,-3.15547296,1.21579643,3.95609818,5.41526114,-15.67990935,-5.46138668,16.01238296,18.91490053,-6.94686297,11.20291884,6.82954539,0.50458886,1.81164592,0.0,0.0,7.0162872,8.352098
1760625116.0,0.16038449,-0.13053304,2.50914349,0.00257425,0.92450822,0.00874748,80.0,-7.0,0.0,80.0,1.3962634,0.0,0.0,0.0,80.0,-7.0,0.0,80.0,1.3962634,0.0,0.0,0.0,-3.28884884,1.18206374,3.89578381,5.20590916,-15.26658906,-5.8344309,16.19496492,17.78704136,-6.99509688,11.00958158,6.41731325,0.5573494,0.815083,0.0,0.0,7.06912981,8.33229029
1760625116.034,0.16643707,-0.12721223,2.52721292,0.00242296,0.92466216,0.00857271,80.0,-7.0,0.0,80.0,1.3962634,0.0,0.0,0.0,80.0,-7.0,0.0,80.0,1.3962634,0.0,0.0,0.0,-3.33871381,1.14617843,3.78357479,5.05818414,-14.89189381,-5.77133167,16.52049433,16.25239829,-7.23378769,10.75840059,5.97173201,0.61237925,-0.05140484,0.0,0.0,7.12020001,8.41724553
1760625116.067,0.16467265,-0.12168,2.54316133,0.00121446,0.92499027,0.00947455,80.0,-7.0,0.0,80.0,1.3962634,0.0,0.0,0.0,80.0,-7.0,0.0,80.0,1.3962634,0.0,0.0,0.0,-3.35726306,1.03955645,3.64351538,4.84807805,-14.45963787,-5.35914637,16.3605271,14.05447765,-7.12110476,10.47236739,5.32677001,0.55957902,-0.59316388,0.0,0.0,7.07396425,8.55803603
1760625116.101,0.18013955,-0.1131448,2.5464789,0.00028251,0.925752,0.01068977,80.0,-7.0,0.0,80.0,1.3962634,0.0,0.0,0.0,80.0,-7.0,0.0,80.0,1.3962634,0.0,0.0,0.0,-3.35908515,0.88498444,3.53291019,4.78642867,-13.86493431,-5.17476377,16.61482823,12.96605836,-7.37343069,10.14978364,4.89976191,0.44399864,-0.84240565,0.0,0.0,7.03572134,8.60758552
1760625116.134,0.18125231,-0.10648068,2.54083784,0.00023186,0.92753964,0.01129771,80.0,-7.0,0.0,80.0,1.3962634,0.0,0.0,0.0,80.0,-7.0,0.0,80.0,1.3962634,0.0,0.0,0.0,-3.40054915,0.71186457,3.39412303,4.70204783,-13.4226842,-5.13567709,17.38005849,12.10725409,-7.85210384,9.8845355,4.65975415,0.33062062,-1.17574256,0.0,0.0,7.01934288,8.66416614
1760625116.168,0.17839882,-0.10512,2.53139468,-0.00170911,0.92829167,0.01196549,80.0,-7.0,0.0,80.0,1.3962634,0.0,0.0,0.0,80.0,-7.0,0.0,80.0,1.3962634,0.0,0.0,0.0,-3.17473373,0.63303075,3.2227732,4.45226662,-13.02182307,-5.07162899,17.57403313,11.29500369,-7.78595723,9.61894848,4.14227471,0.2474373,-1.53820871,0.0,0.0,7.05605919,8.76788228
1760625116.201,0.19297583,-0.10086072,2.52719541,-0.00238442,0.92971405,0.01240618,80.0,-7.0,0.0,80.0,1.3962634,0.0,0.0,0.0,80.0,-7.0,0.0,80.0,1.3962634,0.0,0.0,0.0,-3.22072622,0.52250239,3.06764855,4.49508517,-12.72154996,-4.93805068,18.22205474,10.68818039,-8.29622322,9.34535265,4.0510793,0.13494968,-1.76695957,0.0,0.0,7.09479484,8.89164971
1760625116.268,0.16744261,-0.10773665,2.51723513,-0.00298325,0.93100278,0.01239306,80.0,-7.0,0.0,80.0,1.3962634,0.0,0.0,0.0,80.0,-7.0,0.0,80.0,1.3962634,0.0,0.0,0.0,-3.10996708,0.44783415,2.9237466,4.56379822,-12.3270894,-4.3396263,18.03659348,10.15369757,-8.1739888,9.20773722,3.82283655,0.03856085,-2.04158111,0.0,0.0,7.15829491,8.97181135
1760625116.302,0.17245467,-0.10985232,2.53248465,-0.0028565,0.93153285,0.01217923,80.0,-7.0,0.0,80.0,1.3962634,0.0,0.0,0.0,80.0,-7.0,0.0,80.0,1.3962634,0.0,0.0,0.0,-3.10483442,0.41138869,2.8964151,4.64539494,-12.18616321,-4.09596197,17.80742066,9.84920235,-7.87479276,9.10788848,3.79899769,0.03160542,-2.13226692,0.0,0.0,7.20870021,9.01002788
1760625116.335,0.17378754,-0.11197931,2.54915664,-0.00281235,0.93234587,0.01144301,80.0,-7.0,0.0,80.0,1.3962634,0.0,0.0,0.0,80.0,-7.0,0.0,80.0,1.3962634,0.0,0.0,0.0,-3.01723834,0.38410297,2.92269315,4.65912237,-12.06092661,-3.96998545,17.37263218,9.63205858,-7.27083882,9.07317608,3.71165468,0.07325565,-2.16516771,0.0,0.0,7.27817557,9.05228306
1760625116.369,0.17303682,-0.11091285,2.56633103,-0.00253195,0.93256733,0.01106532,80.0,-7.0,0.0,80.0,1.3962634,0.0,0.0,0.0,80.0,-7.0,0.0,80.0,1.3962634,0.0,0.0,0.0,-2.97284142,0.38201289,2.95001738,4.70512507,-12.04284215,-3.79657094,17.11276119,9.53977191,-7.00226127,9.08836345,3.67951122,0.14479784,-2.19461502,0.0,0.0,7.30171531,9.09816088
1760625116.402,0.16929434,-0.11753664,2.57235841,-0.00281185,0.93270706,0.01103923,80.0,-7.0,0.0,80.0,1.3962634,0.0,0.0,0.0,80.0,-7.0,0.0,80.0,1.3962634,0.0,0.0,0.0,-2.71987605,0.37453365,2.97857208,4.48897348,-11.97600226,-3.6058199,16.07060019,9.59530793,-5.96044475,9.14897327,3.45146347,0.19997578,-2.19819935,0.0,0.0,7.28187202,9.11252346
1760625116.435,0.15239684,-0.11523667,2.58513467,-0.00106733,0.93230944,0.01081808,80.0,-7.0,0.0,80.0,1.3962634,0.0,0.0,0.0,80.0,-7.0,0.0,80.0,1.3962634,0.0,0.0,0.0,-2.95840525,0.42734524,3.03869108,4.96659447,-12.12543449,-3.47526791,16.24329424,9.71509796,-6.1324141,9.20929167,3.75629641,0.34015056,-2.06719514,0.0,0.0,7.28353369,9.12344111
1760625116.469,0.15561328,-0.11274288,2.59115197,-0.0012001,0.93203161,0.01102016,80.0,-7.0,0.0,80.0,1.3962634,0.0,0.0,0.0,80.0,-7.0,0.0,80.0,1.3962634,0.0,0.0,0.0,-2.91666779,0.44730603,3.03013175,4.92234988,-12.15196395,-3.48621111,16.27586232,9.78163064,-6.07163521,9.1386644,3.7353638,0.38862195,-2.04008879,0.0,0.0,7.35024684,9.16169654
1760625116.502,0.16663482,-0.10755793,2.59897194,-0.00163223,0.93246295,0.01137501,80.0,-7.0,0.0,80.0,1.3962634,0.0,0.0,0.0,80.0,-7.0,0.0,80.0,1.3962634,0.0,0.0,0.0,-2.91580088,0.44836016,3.06168012,5.01243546,-12.15277629,-3.46136889,16.26885486,9.7470184,-6.12983016,9.10291835,3.77156803,0.43577146,-2.09053426,0.0,0.0,7.40454821,9.18585738
1760625116.536,0.16214844,-0.1057275,2.60694557,-0.00305669,0.93282539,0.01115018,80.0,-7.0,0.0,80.0,1.3962634,0.0,0.0,0.0,80.0,-7.0,0.0,80.0,1.3962634,0.0,0.0,0.0,-2.73176226,0.45789916,2.99885406,4.85543964,-12.11796189,-3.27337373,16.17907224,9.50711262,-5.99888438,8.9929387,3.58589874,0.4591302,-1.92926089,0.0,0.0,7.31651423,9.13134178
1760625116.569,0.17229005,-0.10161176,2.58720545,-0.00357437,0.93290513,0.01106262,80.0,-7.0,0.0,80.0,1.3962634,0.0,0.0,0.0,80.0,-7.0,0.0,80.0,1.3962634,0.0,0.0,0.0,-2.70689961,0.47667765,3.01778983,4.87262552,-12.13491469,-3.16385992,16.1095576,9.50099768,-6.01795228,9.01636488,3.54728509,0.50863159,-1.8001473,0.0,0.0,7.30852993,9.13275065
1760625116.603,0.18173157,-0.09848445,2.59736019,-0.00367281,0.93294587,0.01101448,80.0,-7.0,0.0,80.0,1.3962634,0.0,0.0,0.0,80.0,-7.0,0.0,80.0,1.3962634,0.0,0.0,0.0,-2.67488598,0.49178043,3.01525489,4.98130471,-12.13631926,-2.94676638,15.62484013,9.3973497,-5.69976988,9.10481041,3.50416339,0.5672208,-1.69998439,0.0,0.0,7.29920526,9.17586716
1760625116.636,0.18464614,-0.10132064,2.59258601,-0.00339485,0.93299518,0.0111176,80.0,-7.0,0.0,80.0,1.3962634,0.0,0.0,0.0,80.0,-7.0,0.0,80.0,1.3962634,0.0,0.0,0.0,-2.61074908,0.47642393,3.01651796,4.99115786,-12.106531,-2.87949996,15.54150407,9.25017832,-5.73743563,9.17356686,3.41970479,0.60583463,-1.60327406,0.0,0.0,7.24166513,9.16360455
1760625116.67,0.18739134,-0.10021492,2.5865354,-0.00273526,0.93291297,0.01099682,80.0,-7.0,0.0,80.0,1.3962634,0.0,0.0,0.0,80.0,-7.0,0.0,80.0,1.3962634,0.0,0.0,0.0,-2.65458115,0.48637516,3.0350119,5.14056157,-12.11339054,-2.84205991,15.56006695,9.16481938,-5.81292315,9.16596762,3.43834811,0.64912786,-1.45838333,0.0,0.0,7.22698417,9.18610346
1760625116.703,0.20109667,-0.09797866,2.58137684,-0.00341259,0.93271376,0.01079543,80.0,-7.0,0.0,80.0,1.3962634,0.0,0.0,0.0,80.0,-7.0,0.0,80.0,1.3962634,0.0,0.0,0.0,-2.5194176,0.51454181,2.99665411,5.00353055,-12.09945068,-2.76262339,15.49758261,9.21401139,-5.7440391,9.16852352,3.28576921,0.7045811,-1.45396152,0.0,0.0,7.24816003,9.21763773
1760625116.737,0.21465172,-0.10101146,2.58687035,-0.00370816,0.93240985,0.01079741,80.0,-7.0,0.0,80.0,1.3962634,0.0,0.0,0.0,80.0,-7.0,0.0,80.0,1.3962634,0.0,0.0,0.0,-2.55490363,0.52348282,2.99841637,5.07803391,-12.0789745,-2.77972587,15.46441197,9.25876029,-5.74769536,9.09909142,3.28838941,0.69426611,-1.19399593,0.0,0.0,7.18781071,9.23693368
1760625116.77,0.21010083,-0.1064336,2.58757638,-0.00487181,0.93222912,0.01088523,80.0,-7.0,0.0,80.0,1.3962634,0.0,0.0,0.0,80.0,-7.0,0.0,80.0,1.3962634,0.0,0.0,0.0,-2.52820037,0.51636807,2.99980741,5.05617291,-12.04420319,-2.74628501,15.05064129,9.42782326,-5.31998923,9.11608599,3.28085947,0.64825912,-1.0777522,0.0,0.0,7.17781286,9.2520239
1760625116.804,0.2177017,-0.1106102,2.59380835,-0.00523303,0.9321226,0.0109359,80.0,-7.0,0.0,80.0,1.3962634,0.0,0.0,0.0,80.0,-7.0,0.0,80.0,1.3962634,0.0,0.0,0.0,-2.55289588,0.52388975,2.96835046,5.09534159,-12.09222873,-2.66767011,15.06201007,9.53092845,-5.30797581,9.18464115,3.33156933,0.61997974,-1.15061569,0.0,0.0,7.15774792,9.26240552
1760625116.837,0.24382317,-0.11328496,2.60421034,-0.00628495,0.93207211,0.01099458,80.0,-7.0,0.0,80.0,1.3962634,0.0,0.0,0.0,80.0,-7.0,0.0,80.0,1.3962634,0.0,0.0,0.0,-2.48815157,0.52988365,3.01687851,4.9844997,-12.06491623,-2.63117228,14.54199903,9.5465533,-4.82999235,9.2030807,3.23117043,0.5615693,-0.99686791,0.0,0.0,7.14089357,9.22423571
1760625116.87,0.26719784,-0.11985862,2.61741558,-0.00637592,0.93213876,0.01151199,80.0,-7.0,0.0,80.0,1.3962634,0.0,0.0,0.0,80.0,-7.0,0.0,80.0,1.3962634,0.0,0.0,0.0,-2.46367691,0.50774694,2.95914822,4.93348239,-12.01399196,-2.53891744,14.51302213,9.58018675,-4.77293981,9.22988224,3.19598741,0.48686087,-1.0094399,0.0,0.0,7.13855058,9.24625518
1760625116.904,0.27262573,-0.12900334,2.61820788,-0.00727523,0.93228888,0.01198532,80.0,-7.0,0.0,80.0,1.3962634,0.0,0.0,0.0,80.0,-7.0,0.0,80.0,1.3962634,0.0,0.0,0.0,-2.22294156,0.47264739,2.98162067,4.66040131,-11.88008279,-2.50343373,13.55087992,9.61700251,-3.82080091,9.23901253,2.93767801,0.41694825,-0.9691117,0.0,0.0,7.1498517,9.2512828
1760625116.937,0.28766561,-0.13468823,2.62701491,-0.00733216,0.93256381,0.01191957,80.0,-7.0,0.0,80.0,1.3962634,0.0,0.0,0.0,80.0,-7.0,0.0,80.0,1.3962634,0.0,0.0,0.0,-2.09881785,0.47267733,2.90534302,4.49471779,-11.84472659,-2.42070379,13.49246497,9.62187806,-3.73615056,9.22134151,2.84717816,0.39797801,-1.07644302,0.0,0.0,7.12909792,9.23598891
1760625116.971,0.28429703,-0.13953008,2.61265697,-0.0074555,0.93274987,0.01179352,80.0,-7.0,0.0,80.0,1.3962634,0.0,0.0,0.0,80.0,-7.0,0.0,80.0,1.3962634,0.0,0.0,0.0,-2.04184041,0.46545165,2.99450632,4.48155968,-11.82937397,-2.42418462,12.98784422,9.58840835,-3.35236503,9.26060254,2.7916955,0.38465695,-1.00661589,0.0,0.0,7.14568101,9.21201813
1760625117.004,0.29662842,-0.1445467,2.61850383,-0.00809859,0.93285521,0.01174092,80.0,-7.0,0.0,80.0,1.3962634,0.0,0.0,0.0,80.0,-7.0,0.0,80.0,1.3962634,0.0,0.0,0.0,-1.9431745,0.43714022,3.04546034,4.35669618,-11.79336623,-2.44894823,12.45712402,9.625992,-2.85820637,9.31722055,2.66937677,0.35297709,-0.95637456,0.0,0.0,7.16474299,9.1973718
1760625117.038,0.29028271,-0.15394021,2.63101619,-0.00943924,0.93279628,0.01108166,80.0,-7.0,0.0,80.0,1.3962634,0.0,0.0,0.0,80.0,-7.0,0.0,80.0,1.3962634,0.0,0.0,0.0,-1.73248957,0.42541472,3.12413738,4.12365396,-11.77101374,-2.48758381,11.44875513,9.59782962,-1.88116361,9.37268614,2.4285933,0.32646974,-0.88336984,0.0,0.0,7.24856341,9.24387525
1760625117.071,0.27409956,-0.16205174,2.63069883,-0.00990403,0.93210553,0.01085253,80.0,-7.0,0.0,80.0,1.3962634,0.0,0.0,0.0,80.0,-7.0,0.0,80.0,1.3962634,0.0,0.0,0.0,-1.6550076,0.45791841,3.14674789,4.02651079,-11.82833503,-2.52431858,11.29391525,9.62842363,-1.82910108,9.44532401,2.36399997,0.3492895,-0.88919451,0.0,0.0,7.30500949,9.31914597
1760625117.104,0.28619283,-0.15837298,2.63286338,-0.0099427,0.9315101,0.01051315,80.0,-7.0,0.0,80.0,1.3962634,0.0,0.0,0.0,80.0,-7.0,0.0,80.0,1.3962634,0.0,0.0,0.0,-1.63425877,0.50967019,3.23871123,3.95050057,-11.97747228,-2.63095587,10.91062193,9.80455404,-1.52286324,9.61277459,2.34235492,0.39727116,-0.84411668,0.0,0.0,7.36566735,9.41880428
1760625117.138,0.29021312,-0.14992531,2.63283051,-0.01042283,0.93069617,0.01063976,80.0,-7.0,0.0,80.0,1.3962634,0.0,0.0,0.0,80.0,-7.0,0.0,80.0,1.3962634,0.0,0.0,0.0,-1.61329825,0.49080362,3.27863172,3.88784626,-12.05215748,-2.66647631,10.84778084,9.99388784,-1.51252891,9.8245625,2.28097415,0.35409505,-0.80789151,0.0,0.0,7.48288353,9.56839119
1760625117.171,0.28603026,-0.15082161,2.63495032,-0.01015482,0.93013628,0.01136808,80.0,-7.0,0.0,80.0,1.3962634,0.0,0.0,0.0,80.0,-7.0,0.0,80.0,1.3962634,0.0,0.0,0.0,-1.6462166,0.46184414,3.33015432,3.89591932,-12.02639754,-2.71159899,10.78764606,10.01152974,-1.52123613,9.85735508,2.32434202,0.29508521,-0.67831273,0.0,0.0,7.53459189,9.69740187
1760625117.205,0.30190892,-0.14801244,2.6399729,-0.00913871,0.92983901,0.01180004,80.0,-7.0,0.0,80.0,1.3962634,0.0,0.0,0.0,80.0,-7.0,0.0,80.0,1.3962634,0.0,0.0,0.0,-1.76293768,0.49372906,3.36742706,3.97612789,-12.19310964,-2.73164613,10.71848231,10.01889484,-1.51681407,10.00774514,2.42901483,0.30908103,-0.58563853,0.0,0.0,7.64929773,9.88662308
1760625117.238,0.29892057,-0.14527438,2.63891022,-0.00824504,0.92990544,0.0115483,80.0,-7.0,0.0,80.0,1.3962634,0.0,0.0,0.0,80.0,-7.0,0.0,80.0,1.3962634,0.0,0.0,0.0,-1.78296086,0.4883538,3.38790266,4.03227693,-12.23619853,-2.70735201,10.7556456,10.03537858,-1.49650145,10.00190738,2.43486878,0.30217806,-0.55154683,0.0,0.0,7.70635572,9.9645649
1760625117.272,0.29919319,-0.14066171,2.63488793,-0.007778,0.93008127,0.01168829,80.0,-7.0,0.0,80.0,1.3962634,0.0,0.0,0.0,80.0,-7.0,0.0,80.0,1.3962634,0.0,0.0,0.0,-2.02148057,0.5288339,3.37362765,4.29284602,-12.37152606,-2.70970308,11.44192791,10.04606546,-2.07256335,10.02410926,2.6682157,0.35515457,-0.56460703,0.0,0.0,7.70144113,9.97096205
1760625117.305,0.31586671,-0.13989033,2.6462054,-0.00723169,0.93044747,0.01178333,80.0,-7.0,0.0,80.0,1.3962634,0.0,0.0,0.0,80.0,-7.0,0.0,80.0,1.3962634,0.0,0.0,0.0,-2.17751737,0.5586628,3.42528368,4.48483214,-12.40942949,-2.64119931,11.5179394,9.86950876,-2.11455955,9.91900392,2.77228375,0.39852753,-0.4828515,0.0,0.0,7.6759017,9.9184011
1760625117.339,0.30984134,-0.13668861,2.64476478,-0.00617616,0.93048926,0.0119301,80.0,-7.0,0.0,80.0,1.3962634,0.0,0.0,0.0,80.0,-7.0,0.0,80.0,1.3962634,0.0,0.0,0.0,-2.40670558,0.59800597,3.33773678,4.81883585,-12.51070852,-2.49423636,12.2314523,9.77518669,-2.74031134,9.86760457,3.0245624,0.45390947,-0.59413965,0.0,0.0,7.61359829,9.81997406
1760625117.372,0.30510334,-0.13581771,2.64166177,-0.006789,0.93025764,0.01224056,80.0,-7.0,0.0,80.0,1.3962634,0.0,0.0,0.0,80.0,-7.0,0.0,80.0,1.3962634,0.0,0.0,0.0,-2.59296488,0.60308976,3.30282156,5.08045965,-12.52893468,-2.45534317,12.41009835,9.78962143,-2.77774209,9.86584744,3.22768577,0.44955581,-0.62426549,0.0,0.0,7.578725,9.74464562
1760625117.406,0.30039469,-0.12713636,2.63637948,-0.00631309,0.93008445,0.0118561,80.0,-7.0,0.0,80.0,1.3962634,0.0,0.0,0.0,80.0,-7.0,0.0,80.0,1.3962634,0.0,0.0,0.0,-2.72495168,0.65544171,3.34129314,5.2926741,-12.61335826,-2.34440785,12.50670429,9.65985973,-2.92360366,9.87985759,3.34899124,0.50695599,-0.53258979,0.0,0.0,7.59068568,9.72400588
1760625117.439,0.30335162,-0.12453637,2.63522612,-0.007407,0.92988862,0.01158331,80.0,-7.0,0.0,80.0,1.3962634,0.0,0.0,0.0,80.0,-7.0,0.0,80.0,1.3962634,0.0,0.0,0.0,-2.50595256,0.65614627,3.32219151,4.97890284,-12.5510037,-2.19533036,11.77809353,9.55793497,-2.17754555,9.84234528,3.11050594,0.48525713,-0.54793319,0.0,0.0,7.61671048,9.73434326
1760625117.472,0.30868505,-0.12324823,2.63751431,-0.00809667,0.92984359,0.01115857,80.0,-7.0,0.0,80.0,1.3962634,0.0,0.0,0.0,80.0,-7.0,0.0,80.0,1.3962634,0.0,0.0,0.0,-2.23937467,0.66447871,3.32055371,4.63408975,-12.52846143,-2.08217211,11.20896134,9.58167955,-1.54815353,9.88630487,2.82595317,0.45980974,-0.52659662,0.0,0.0,7.61659191,9.72029888
1760625117.506,0.29620909,-0.12009325,2.63937335,-0.00920368,0.92970639,0.01096411,80.0,-7.0,0.0,80.0,1.3962634,0.0,0.0,0.0,80.0,-7.0,0.0,80.0,1.3962634,0.0,0.0,0.0,-1.99139344,0.66632521,3.41148331,4.31496759,-12.44306233,-1.99615632,10.12740425,9.53135288,-0.47531851,9.91102942,2.51689849,0.41972576,-0.36460612,0.0,0.0,7.67413235,9.74897388
1760625117.539,0.29719514,-0.12414187,2.6423377,-0.0100059,0.92962912,0.01098708,80.0,-7.0,0.0,80.0,1.3962634,0.0,0.0,0.0,80.0,-7.0,0.0,80.0,1.3962634,0.0,0.0,0.0,-2.11110008,0.71868229,3.44434013,4.51628823,-12.53228283,-1.96668334,10.21646555,9.52413364,-0.64257825,9.95136808,2.61465829,0.44133067,-0.30561591,0.0,0.0,7.68078041,9.75901752
1760625117.573,0.29551206,-0.12567653,2.65489524,-0.00995284,0.92941337,0.01124006,80.0,-7.0,0.0,80.0,1.3962634,0.0,0.0,0.0,80.0,-7.0,0.0,80.0,1.3962634,0.0,0.0,0.0,-2.27283953,0.76844766,3.4514645,4.68106607,-12.68082811,-2.06879254,11.39017067,9.64430565,-1.78982852,9.9813458,2.75270327,0.46541558,-0.30346765,0.0,0.0,7.67167417,9.7710159
1760625117.606,0.29775118,-0.12415203,2.6599428,-0.01056138,0.92928949,0.01211713,80.0,-7.0,0.0,80.0,1.3962634,0.0,0.0,0.0,80.0,-7.0,0.0,80.0,1.3962634,0.0,0.0,0.0,-2.31288752,0.74593752,3.48121552,4.67423998,-12.64536554,-2.14332166,11.45169623,9.66316105,-1.77276588,9.96612404,2.75039249,0.39916897,-0.24929363,0.0,0.0,7.66872016,9.75835057
1760625117.64,0.30111951,-0.12772141,2.66187106,-0.01044504,0.92910935,0.01289817,80.0,-7.0,0.0,80.0,1.3962634,0.0,0.0,0.0,80.0,-7.0,0.0,80.0,1.3962634,0.0,0.0,0.0,-2.37766408,0.72265918,3.5014756,4.76654873,-12.60439687,-2.19181956,11.51056271,9.79248622,-1.89028031,9.99536082,2.77813978,0.3506154,-0.27585794,0.0,0.0,7.67964286,9.74859372
1760625117.673,0.27882867,-0.13442962,2.66135744,-0.00842836,0.92883576,0.01238991,80.0,-7.0,0.0,80.0,1.3962634,0.0,0.0,0.0,80.0,-7.0,0.0,80.0,1.3962634,0.0,0.0,0.0,-2.58620193,0.80293367,3.54273791,4.99919148,-12.75926402,-2.32810396,12.52603927,9.95567689,-2.94390689,10.04076177,2.95635875,0.40982194,-0.22979968,0.0,0.0,7.65924026,9.74678562
1760625117.707,0.28570655,-0.13779749,2.65966066,-0.00732976,0.92894937,0.01190644,80.0,-7.0,0.0,80.0,1.3962634,0.0,0.0,0.0,80.0,-7.0,0.0,80.0,1.3962634,0.0,0.0,0.0,-2.58440497,0.83788703,3.54544255,4.92256038,-12.78320734,-2.39995092,12.54266342,10.05103811,-2.92922118,10.10699503,2.8775365,0.41843989,-0.20969661,0.0,0.0,7.65523408,9.75200404
1760625117.74,0.29221943,-0.13299147,2.65699277,-0.00624978,0.928927,0.01120995,80.0,-7.0,0.0,80.0,1.3962634,0.0,0.0,0.0,80.0,-7.0,0.0,80.0,1.3962634,0.0,0.0,0.0,-2.52048,0.87687221,3.58173332,4.82037422,-12.82512524,-2.41342305,12.48905087,10.02796886,-2.95348784,10.17212984,2.74952616,0.44315395,-0.13844336,0.0,0.0,7.63665242,9.74198113
1760625117.773,0.27385109,-0.13150693,2.6540856,-0.00515728,0.92884849,0.01134516,80.0,-7.0,0.0,80.0,1.3962634,0.0,0.0,0.0,80.0,-7.0,0.0,80.0,1.3962634,0.0,0.0,0.0,-2.4618293,0.87822026,3.60136518,4.70582952,-12.798919,-2.38743691,12.44699281,10.03062996,-2.91811469,10.19722893,2.65713932,0.41942781,-0.06596855,0.0,0.0,7.65735779,9.74811985
1760625117.807,0.28759765,-0.1310446,2.65323841,-0.00517006,0.928859,0.01154296,80.0,-7.0,0.0,80.0,1.3962634,0.0,0.0,0.0,80.0,-7.0,0.0,80.0,1.3962634,0.0,0.0,0.0,-2.44279477,0.87954436,3.66208283,4.56840699,-12.74910146,-2.44671541,12.0818499,10.10323237,-2.45520237,10.23134677,2.59339702,0.39660279,-0.01528967,0.0,0.0,7.6947887,9.77490712
1760625117.84,0.28351393,-0.12770151,2.65738224,-0.00413707,0.9288795,0.01080843,80.0,-7.0,0.0,80.0,1.3962634,0.0,0.0,0.0,80.0,-7.0,0.0,80.0,1.3962634,0.0,0.0,0.0,-2.55607189,0.94105516,3.59025396,4.74266058,-12.86121197,-2.41831368,12.44023065,10.20989403,-2.82311028,10.31025047,2.71649209,0.44834723,-0.05004857,0.0,0.0,7.65752371,9.76154065
1760625117.874,0.28026766,-0.12566979,2.65349374,-0.00467268,0.92877367,0.01043593,80.0,-7.0,0.0,80.0,1.3962634,0.0,0.0,0.0,80.0,-7.0,0.0,80.0,1.3962634,0.0,0.0,0.0,-2.53257208,0.97941148,3.62275686,4.63292413,-12.88119749,-2.42732596,11.95573037,10.23173437,-2.27321084,10.33649424,2.66586657,0.47367227,0.05363767,0.0,0.0,7.65303575,9.73223395
1760625117.907,0.27681984,-0.12595335,2.65428469,-0.00458925,0.92860823,0.01102485,80.0,-7.0,0.0,80.0,1.3962634,0.0,0.0,0.0,80.0,-7.0,0.0,80.0,1.3962634,0.0,0.0,0.0,-2.83782098,1.01105633,3.61327079,4.97907366,-12.94791187,-2.44098935,12.48161634,10.35704979,-2.73608852,10.33893276,2.94568924,0.49732211,0.20030697,0.0,0.0,7.60688566,9.730292
1760625117.941,0.27722774,-0.12300856,2.65389846,-0.00525699,0.92851559,0.01152391,80.0,-7.0,0.0,80.0,1.3962634,0.0,0.0,0.0,80.0,-7.0,0.0,80.0,1.3962634,0.0,0.0,0.0,-2.86371082,1.01837876,3.61759309,5.00055212,-12.9344173,-2.45575356,12.50189664,10.51627228,-2.69874916,10.31679548,2.95828024,0.50146249,0.27983746,0.0,0.0,7.61691349,9.75622824
1760625117.974,0.27002388,-0.11890275,2.64899508,-0.00534226,0.92856701,0.01188932,80.0,-7.0,0.0,80.0,1.3962634,0.0,0.0,0.0,80.0,-7.0,0.0,80.0,1.3962634,0.0,0.0,0.0,-2.92857892,1.02418533,3.61637183,5.1217242,-12.95030186,-2.44461285,12.57025666,10.5725575,-2.7721432,10.30704775,3.06665557,0.51503631,0.27225185,0.0,0.0,7.62569752,9.76486393
1760625118.008,0.26165865,-0.11484045,2.6463709,-0.00621319,0.92850804,0.01223921,80.0,-7.0,0.0,80.0,1.3962634,0.0,0.0,0.0,80.0,-7.0,0.0,80.0,1.3962634,0.0,0.0,0.0,-2.93890314,1.01025857,3.65989675,5.18008411,-12.9411652,-2.39061061,12.5728406,10.53677548,-2.84839726,10.25518135,3.08983465,0.50992417,0.37257128,0.0,0.0,7.6221907,9.73431061
1760625118.041,0.2605852,-0.10994245,2.65696692,-0.00630357,0.92860554,0.01224372,80.0,-7.0,0.0,80.0,1.3962634,0.0,0.0,0.0,80.0,-7.0,0.0,80.0,1.3962634,0.0,0.0,0.0,-3.15397678,1.0252164,3.59844179,5.43758751,-13.01811787,-2.33707889,13.05166391,10.54933124,-3.28149259,10.25128248,3.34844777,0.54935892,0.3316583,0.0,0.0,7.63257938,9.73229748
1760625118.075,0.24862417,-0.10242493,2.66595226,-0.00645474,0.92837053,0.01184263,80.0,-7.0,0.0,80.0,1.3962634,0.0,0.0,0.0,80.0,-7.0,0.0,80.0,1.3962634,0.0,0.0,0.0,-3.04232277,1.03329755,3.60704753,5.34539415,-13.06065595,-2.3057541,13.03447227,10.58254375,-3.22793549,10.24322527,3.27106542,0.5749347,0.41292442,0.0,0.0,7.6518823,9.73420809
1760625118.108,0.23185152,-0.09755695,2.66120651,-0.00593843,0.92831127,0.0115093,80.0,-7.0,0.0,80.0,1.3962634,0.0,0.0,0.0,80.0,-7.0,0.0,80.0,1.3962634,0.0,0.0,0.0,-3.03747766,1.0334436,3.60857374,5.36556597,-13.12087461,-2.23415551,12.72320682,10.60077819,-2.84792052,10.28281482,3.29974511,0.58500079,0.44952179,0.0,0.0,7.62907647,9.72419017
1760625118.141,0.23315149,-0.09031439,2.65731095,-0.00665784,0.92840494,0.01207568,80.0,-7.0,0.0,80.0,1.3962634,0.0,0.0,0.0,80.0,-7.0,0.0,80.0,1.3962634,0.0,0.0,0.0,-2.91224048,0.98169387,3.56504999,5.2263587,-13.03329698,-2.11781743,12.33747548,10.57097547,-2.43605415,10.25088686,3.1954175,0.53570334,0.38257618,0.0,0.0,7.60335193,9.70037698
1760625118.175,0.22431052,-0.08938344,2.65925178,-0.00581525,0.92839713,0.01234277,80.0,-7.0,0.0,80.0,1.3962634,0.0,0.0,0.0,80.0,-7.0,0.0,80.0,1.3962634,0.0,0.0,0.0,-3.00238021,0.96797075,3.52681473,5.36656154,-13.03997585,-2.10682702,12.4391176,10.64226524,-2.48161469,10.24487571,3.31820056,0.5246951,0.30617819,0.0,0.0,7.61857963,9.70742265
1760625118.242,0.19852735,-0.08125351,2.66670054,-0.00665998,0.92839994,0.0124637,80.0,-7.0,0.0,80.0,1.3962634,0.0,0.0,0.0,80.0,-7.0,0.0,80.0,1.3962634,0.0,0.0,0.0,-2.74495476,0.94545712,3.49609875,5.06379404,-12.97289527,-2.07585197,12.00343663,10.63851501,-2.0795722,10.18987649,3.07626585,0.50119836,0.23479102,0.0,0.0,7.65108155,9.6935187
1760625118.275,0.17082916,-0.08025669,2.67747549,-0.00772021,0.92817346,0.01153609,80.0,-7.0,0.0,80.0,1.3962634,0.0,0.0,0.0,80.0,-7.0,0.0,80.0,1.3962634,0.0,0.0,0.0,-2.81421389,1.0081717,3.49830854,5.1637469,-13.08366285,-2.13660384,12.05159364,10.69216367,-2.12605003,10.24689936,3.16071359,0.57029046,0.21797934,0.0,0.0,7.6479636,9.68663249
1760625118.309,0.13678293,-0.07908499,2.6789262,-0.00822472,0.9282279,0.01149654,80.0,-7.0,0.0,80.0,1.3962634,0.0,0.0,0.0,80.0,-7.0,0.0,80.0,1.3962634,0.0,0.0,0.0,-2.79968565,1.01550773,3.50949823,5.16771344,-13.09258935,-2.14328924,12.05505021,10.70238,-2.13978588,10.25175028,3.16731114,0.57821134,0.20844247,0.0,0.0,7.66432539,9.68174882
1760625118.342,0.12345679,-0.07588928,2.68138732,-0.00851788,0.92835956,0.01160069,80.0,-7.0,0.0,80.0,1.3962634,0.0,0.0,0.0,80.0,-7.0,0.0,80.0,1.3962634,0.0,0.0,0.0,-2.79205723,1.04223786,3.51470526,5.15688677,-13.10600512,-2.16560187,12.04486311,10.74322668,-2.22001903,10.23822015,3.16412162,0.60358659,0.22667466,0.0,0.0,7.66753358,9.68237456
1760625118.375,0.11082805,-0.07367996,2.67945242,-0.00876126,0.92836454,0.0121294,80.0,-7.0,0.0,80.0,1.3962634,0.0,0.0,0.0,80.0,-7.0,0.0,80.0,1.3962634,0.0,0.0,0.0,-2.83228551,1.02524816,3.53697286,5.13228596,-13.08696113,-2.25604084,12.48352521,10.87444845,-2.64245191,10.23290472,3.18394253,0.57416295,0.33872716,0.0,0.0,7.6610683,9.67375127
1760625118.409,0.09401177,-0.08059015,2.6848995,-0.00921039,0.92834672,0.01227088,80.0,-7.0,0.0,80.0,1.3962634,0.0,0.0,0.0,80.0,-7.0,0.0,80.0,1.3962634,0.0,0.0,0.0,-2.81114282,1.02840172,3.53486732,5.1214066,-13.06037701,-2.2259289,12.48914353,10.89389007,-2.64900147,10.23253868,3.17058652,0.56676946,0.37341244,0.0,0.0,7.66371158,9.66639094
1760625118.442,0.08342974,-0.07933993,2.68408,-0.00931314,0.92846117,0.01224235,80.0,-7.0,0.0,80.0,1.3962634,0.0,0.0,0.0,80.0,-7.0,0.0,80.0,1.3962634,0.0,0.0,0.0,-2.79502686,1.01962454,3.5326793,5.13036692,-13.05188344,-2.25221119,12.49629534,10.87483951,-2.65778784,10.21469316,3.16084554,0.55943573,0.35323599,0.0,0.0,7.68127741,9.69180174
1760625118.476,0.06185906,-0.08227474,2.68384209,-0.01005571,0.92841643,0.01161994,80.0,-7.0,0.0,80.0,1.3962634,0.0,0.0,0.0,80.0,-7.0,0.0,80.0,1.3962634,0.0,0.0,0.0,-2.83230358,1.03027998,3.50178952,5.18145833,-13.06884025,-2.25685984,12.59232534,10.84074455,-2.67248168,10.16728516,3.23553803,0.56465973,0.36067317,0.0,0.0,7.65040224,9.67428564
1760625118.509,0.05067133,-0.09109067,2.68874888,-0.01101602,0.92866701,0.01151915,80.0,-7.0,0.0,80.0,1.3962634,0.0,0.0,0.0,80.0,-7.0,0.0,80.0,1.3962634,0.0,0.0,0.0,-2.82310145,1.02850433,3.49439502,5.17443626,-13.08312353,-2.234004,12.59694444,10.84859103,-2.67124863,10.16720102,3.21470541,0.5424818,0.38901861,0.0,0.0,7.67700464,9.68279582
1760625118.543,0.04806138,-0.09383725,2.68263237,-0.01040171,0.92870231,0.01157816,80.0,-7.0,0.0,80.0,1.3962634,0.0,0.0,0.0,80.0,-7.0,0.0,80.0,1.3962634,0.0,0.0,0.0,-2.83289603,1.01413112,3.51912658,5.24516783,-13.10488634,-2.21276266,12.65805133,10.82796687,-2.76493799,10.18997185,3.22733117,0.51997351,0.41714625,0.0,0.0,7.69461322,9.68589173
1760625118.576,0.03582037,-0.10216934,2.68594492,-0.0105888,0.92858562,0.01139967,80.0,-7.0,0.0,80.0,1.3962634,0.0,0.0,0.0,80.0,-7.0,0.0,80.0,1.3962634,0.0,0.0,0.0,-2.86382218,1.02012555,3.50662994,5.24480791,-13.13971506,-2.30806907,13.05454923,10.93450811,-3.0346986,10.17444547,3.28566698,0.51625491,0.41250747,0.0,0.0,7.73527625,9.7128808
1760625118.61,0.03209879,-0.10888563,2.69487779,-0.01003509,0.92900028,0.01163713,80.0,-7.0,0.0,80.0,1.3962634,0.0,0.0,0.0,80.0,-7.0,0.0,80.0,1.3962634,0.0,0.0,0.0,-2.76997636,0.99888152,3.49098645,5.16084095,-13.1060985,-2.2877988,13.01907417,10.86142925,-2.99259739,10.13327544,3.20057986,0.48312004,0.36906805,0.0,0.0,7.76971099,9.72267101
1760625118.643,0.03297844,-0.11601111,2.6996378,-0.01188716,0.92951168,0.01140406,80.0,-7.0,0.0,80.0,1.3962634,0.0,0.0,0.0,80.0,-7.0,0.0,80.0,1.3962634,0.0,0.0,0.0,-2.50926002,0.96020004,3.45707433,4.80465236,-13.02644849,-2.2230388,12.8608333,10.86221587,-2.77739609,10.10817163,2.93281143,0.42292431,0.30284296,0.0,0.0,7.81046833,9.70676734
1760625118.677,0.04029895,-0.12264947,2.70511311,-0.01173635,0.92978859,0.0112348,80.0,-7.0,0.0,80.0,1.3962634,0.0,0.0,0.0,80.0,-7.0,0.0,80.0,1.3962634,0.0,0.0,0.0,-2.65733864,0.96702295,3.5548989,5.05153779,-13.08053418,-2.21012184,12.87934288,10.84090788,-2.81559608,10.14867187,3.05484926,0.41349983,0.46887612,0.0,0.0,7.82373248,9.70728988
1760625118.71,0.05011142,-0.12463461,2.71311543,-0.01251386,0.93001413,0.01121632,80.0,-7.0,0.0,80.0,1.3962634,0.0,0.0,0.0,80.0,-7.0,0.0,80.0,1.3962634,0.0,0.0,0.0,-2.66068198,0.97824546,3.54908578,5.04515681,-13.07193862,-2.19446543,12.87775085,10.84276767,-2.79900136,10.14536895,3.02575056,0.40689526,0.50416455,0.0,0.0,7.86618389,9.69864044
1760625118.744,0.05458821,-0.12980389,2.71403604,-0.01253673,0.93037121,0.01151306,80.0,-7.0,0.0,80.0,1.3962634,0.0,0.0,0.0,80.0,-7.0,0.0,80.0,1.3962634,0.0,0.0,0.0,-2.55181345,0.93489383,3.59745597,4.9087272,-13.01902488,-2.18831867,12.78370299,10.80607415,-2.67297459,10.16444959,2.89237149,0.35906501,0.57248985,0.0,0.0,7.89293443,9.687308
1760625118.777,0.08209135,-0.13116319,2.71295638,-0.01169407,0.93042952,0.01174333,80.0,-7.0,0.0,80.0,1.3962634,0.0,0.0,0.0,80.0,-7.0,0.0,80.0,1.3962634,0.0,0.0,0.0,-2.57032312,0.92635451,3.61405331,4.88916967,-12.99859767,-2.16171001,12.76285285,10.80903495,-2.66286762,10.17840375,2.86583348,0.37779268,0.58718881,0.0,0.0,7.88743396,9.66142262
1760625118.81,0.09476713,-0.13075267,2.70944589,-0.01127382,0.93058227,0.01232325,80.0,-7.0,0.0,80.0,1.3962634,0.0,0.0,0.0,80.0,-7.0,0.0,80.0,1.3962634,0.0,0.0,0.0,-2.46789864,0.87859921,3.66046334,4.83844613,-12.91771539,-2.12377484,12.29437709,10.75174041,-2.22255688,10.1864144,2.73011872,0.33589401,0.68302788,0.0,0.0,7.91288744,9.67277642
1760625118.844,0.08944574,-0.12730548,2.70815263,-0.01198186,0.93065945,0.01259569,80.0,-7.0,0.0,80.0,1.3962634,0.0,0.0,0.0,80.0,-7.0,0.0,80.0,1.3962634,0.0,0.0,0.0,-2.09997442,0.84124725,3.5719167,4.44144321,-12.79483408,-1.97649122,11.47979789,10.7634619,-1.38144222,10.16571406,2.37093567,0.31054293,0.67595866,0.0,0.0,7.90391306,9.67920432
1760625118.877,0.10577544,-0.12454722,2.70537659,-0.01141887,0.93082011,0.01264756,80.0,-7.0,0.0,80.0,1.3962634,0.0,0.0,0.0,80.0,-7.0,0.0,80.0,1.3962634,0.0,0.0,0.0,-2.11842123,0.82542375,3.50428081,4.44480464,-12.76799845,-1.94108998,11.5180254,10.84578055,-1.32904032,10.15234801,2.41364284,0.31806078,0.6390994,0.0,0.0,7.87730914,9.66379984
1760625118.911,0.11116004,-0.12037279,2.70257686,-0.01137424,0.93091672,0.01253783,80.0,-7.0,0.0,80.0,1.3962634,0.0,0.0,0.0,80.0,-7.0,0.0,80.0,1.3962634,0.0,0.0,0.0,-2.12530792,0.82095966,3.49837997,4.55115487,-12.78643154,-1.97139973,11.56730926,10.91967167,-1.42097882,10.16842639,2.4114042,0.30982701,0.686968,0.0,0.0,7.88746695,9.6670674
1760625118.944,0.10588265,-0.11793111,2.70199408,-0.01111008,0.93094591,0.01192054,80.0,-7.0,0.0,80.0,1.3962634,0.0,0.0,0.0,80.0,-7.0,0.0,80.0,1.3962634,0.0,0.0,0.0,-2.17537894,0.87577769,3.4769725,4.63531371,-12.90772273,-2.00120674,11.69556946,10.98530333,-1.52098019,10.21172428,2.49796245,0.36065516,0.65814177,0.0,0.0,7.89390359,9.66208095
1760625118.978,0.11911753,-0.11108702,2.71312634,-0.0109648,0.93093353,0.01177746,80.0,-7.0,0.0,80.0,1.3962634,0.0,0.0,0.0,80.0,-7.0,0.0,80.0,1.3962634,0.0,0.0,0.0,-2.16780559,0.87741368,3.44890065,4.63355784,-12.93030072,-1.96395955,11.69962901,10.99948415,-1.53398166,10.20472677,2.50976187,0.33036098,0.73913103,0.0,0.0,7.88598912,9.66411566
1760625119.011,0.12967692,-0.10273541,2.69947191,-0.01208031,0.93065876,0.01108127,80.0,-7.0,0.0,80.0,1.3962634,0.0,0.0,0.0,80.0,-7.0,0.0,80.0,1.3962634,0.0,0.0,0.0,-2.19650282,0.92355432,3.47035112,4.62659467,-13.02212128,-1.95335798,11.74863735,11.00108386,-1.52553437,10.20349532,2.57933047,0.36423395,0.75010656,0.0,0.0,7.88296758,9.64938769
1760625119.045,0.12962881,-0.0916136,2.69422965,-0.01226717,0.93055565,0.01107945,80.0,-7.0,0.0,80.0,1.3962634,0.0,0.0,0.0,80.0,-7.0,0.0,80.0,1.3962634,0.0,0.0,0.0,-2.22053871,0.93854901,3.49666034,4.67125553,-13.06731565,-1.96521417,11.779218,10.97150307,-1.53097166,10.18484493,2.67164841,0.35743197,0.80009148,0.0,0.0,7.89663017,9.64475532
1760625119.078,0.14543993,-0.08876278,2.69790934,-0.01324567,0.93053605,0.0113365,80.0,-7.0,0.0,80.0,1.3962634,0.0,0.0,0.0,80.0,-7.0,0.0,80.0,1.3962634,0.0,0.0,0.0,-2.27184172,0.95566183,3.51095796,4.72886388,-13.06222764,-1.95171605,11.79647702,10.98106049,-1.55476838,10.15357255,2.75814779,0.35470025,0.85706382,0.0,0.0,7.90158086,9.64808563
1760625119.111,0.16040903,-0.08959932,2.70149872,-0.01291342,0.93078448,0.01170447,80.0,-7.0,0.0,80.0,1.3962634,0.0,0.0,0.0,80.0,-7.0,0.0,80.0,1.3962634,0.0,0.0,0.0,-2.23989384,0.97500228,3.516331,4.71368785,-13.03355666,-1.94970581,11.78939823,10.96448001,-1.55635172,10.14029728,2.77123404,0.35221363,0.85931984,0.0,0.0,7.90952814,9.64298911
1760625119.145,0.16455007,-0.08323629,2.68879488,-0.01159291,0.93087559,0.01127948,80.0,-7.0,0.0,80.0,1.3962634,0.0,0.0,0.0,80.0,-7.0,0.0,80.0,1.3962634,0.0,0.0,0.0,-2.19167341,1.01077538,3.57799809,4.72416373,-13.07927752,-1.9961024,11.74459786,10.85939983,-1.57936326,10.11447976,2.77306269,0.37960543,0.87602562,0.0,0.0,7.94468278,9.65086937
1760625119.178,0.17647685,-0.0834448,2.69266793,-0.01180463,0.93079406,0.01119794,80.0,-7.0,0.0,80.0,1.3962634,0.0,0.0,0.0,80.0,-7.0,0.0,80.0,1.3962634,0.0,0.0,0.0,-2.20551895,1.05580007,3.5906588,4.7463876,-13.14067176,-1.99054693,11.73423337,10.79462407,-1.54044692,10.13717088,2.80662458,0.42326654,0.88474768,0.0,0.0,7.94809994,9.65906775
1760625119.212,0.18503472,-0.08470775,2.68894479,-0.01253862,0.93081862,0.01114214,80.0,-7.0,0.0,80.0,1.3962634,0.0,0.0,0.0,80.0,-7.0,0.0,80.0,1.3962634,0.0,0.0,0.0,-2.25247358,1.08079935,3.58104099,4.81344907,-13.18166191,-1.96091483,11.74743752,10.76849587,-1.50030706,10.18554459,2.85989765,0.45171664,0.88649165,0.0,0.0,7.94284377,9.66597223
1760625119.245,0.19052347,-0.08632841,2.6914048,-0.0132232,0.93108331,0.01154541,80.0,-7.0,0.0,80.0,1.3962634,0.0,0.0,0.0,80.0,-7.0,0.0,80.0,1.3962634,0.0,0.0,0.0,-2.1593044,1.06868109,3.5946583,4.7587371,-13.12413205,-1.9421974,11.64036477,10.70152936,-1.50976681,10.22564288,2.73782325,0.43853289,0.91162226,0.0,0.0,7.9617004,9.65636642
1760625119.279,0.2067323,-0.09084568,2.69658505,-0.01335315,0.93145064,0.01174648,80.0,-7.0,0.0,80.0,1.3962634,0.0,0.0,0.0,80.0,-7.0,0.0,80.0,1.3962634,0.0,0.0,0.0,-2.0614055,1.07665184,3.5581528,4.69896398,-13.08519109,-1.84748131,11.54787497,10.59566862,-1.51818592,10.24984789,2.61609906,0.45304962,0.9062701,0.0,0.0,7.96311139,9.64754777
1760625119.312,0.20926895,-0.0899916,2.69908698,-0.01272623,0.93148712,0.01294584,80.0,-7.0,0.0,80.0,1.3962634,0.0,0.0,0.0,80.0,-7.0,0.0,80.0,1.3962634,0.0,0.0,0.0,-1.96587232,1.00629737,3.51942116,4.58328582,-12.92333688,-1.74798754,11.47118216,10.39376034,-1.45008808,10.18136331,2.53145265,0.40438999,0.82819193,0.0,0.0,7.95471802,9.64014632
1760625119.346,0.21687144,-0.09753711,2.70295083,-0.01145786,0.93149615,0.01352542,80.0,-7.0,0.0,80.0,1.3962634,0.0,0.0,0.0,80.0,-7.0,0.0,80.0,1.3962634,0.0,0.0,0.0,-1.93130548,0.97342655,3.49965711,4.56711354,-12.83631803,-1.73692898,11.45180056,10.31047367,-1.40631904,10.16912477,2.50274968,0.38113836,0.78237073,0.0,0.0,7.90974324,9.63352761
1760625119.379,0.2225997,-0.09303541,2.70812386,-0.01128395,0.93178111,0.01375427,80.0,-7.0,0.0,80.0,1.3962634,0.0,0.0,0.0,80.0,-7.0,0.0,80.0,1.3962634,0.0,0.0,0.0,-1.78122363,0.94542153,3.49601967,4.46736861,-12.77385541,-1.74816822,11.44061297,10.29122394,-1.43876732,10.13601255,2.35053472,0.36830888,0.73680792,0.0,0.0,7.92048085,9.6356726
1760625119.413,0.21721426,-0.09469865,2.72058255,-0.01108943,0.93164953,0.01452529,80.0,-7.0,0.0,80.0,1.3962634,0.0,0.0,0.0,80.0,-7.0,0.0,80.0,1.3962634,0.0,0.0,0.0,-1.76127067,0.90401484,3.50587228,4.42411733,-12.68443952,-1.75738279,11.46803935,10.27213977,-1.43231461,10.08165295,2.35071506,0.32760152,0.69630935,0.0,0.0,7.92356646,9.64825951
1760625119.446,0.20877576,-0.09013611,2.71989254,-0.01076328,0.93180236,0.01370746,80.0,-7.0,0.0,80.0,1.3962634,0.0,0.0,0.0,80.0,-7.0,0.0,80.0,1.3962634,0.0,0.0,0.0,-1.64533691,0.95156653,3.38678211,4.26692168,-12.71543669,-1.59023007,11.33201432,10.27783943,-1.24991537,10.08037211,2.29494481,0.38074939,0.54623975,0.0,0.0,7.85882895,9.5941166
1760625119.479,0.21483176,-0.08112089,2.71925203,-0.01085246,0.93201347,0.01336527,80.0,-7.0,0.0,80.0,1.3962634,0.0,0.0,0.0,80.0,-7.0,0.0,80.0,1.3962634,0.0,0.0,0.0,-1.57883059,0.95915236,3.392296,4.19750058,-12.72849899,-1.51831568,11.27276842,10.23137765,-1.1836142,10.05187521,2.25525739,0.37218717,0.53276674,0.0,0.0,7.87414634,9.58773289
1760625119.513,0.21725285,-0.06904102,2.71686028,-0.01153454,0.93224256,0.01362477,80.0,-7.0,0.0,80.0,1.3962634,0.0,0.0,0.0,80.0,-7.0,0.0,80.0,1.3962634,0.0,0.0,0.0,-1.50119806,0.92052352,3.37286597,4.14094043,-12.65808371,-1.31535244,10.52938466,10.0738204,-0.42687172,10.05013258,2.21997809,0.31254093,0.50433125,0.0,0.0,7.88970163,9.59393153
1760625119.546,0.2289544,-0.05751158,2.71500819,-0.01187058,0.93222196,0.01441752,80.0,-7.0,0.0,80.0,1.3962634,0.0,0.0,0.0,80.0,-7.0,0.0,80.0,1.3962634,0.0,0.0,0.0,-1.4518517,0.88775406,3.34430362,4.03703506,-12.59924639,-1.14864067,10.50695569,10.03296327,-0.27010487,10.02322948,2.20619701,0.25444573,0.54110783,0.0,0.0,7.89829405,9.58650235
1760625119.58,0.22070819,-0.05021824,2.70420291,-0.01221701,0.93217009,0.01544465,80.0,-7.0,0.0,80.0,1.3962634,0.0,0.0,0.0,80.0,-7.0,0.0,80.0,1.3962634,0.0,0.0,0.0,-1.4567208,0.83982108,3.38535861,4.10607581,-12.50612538,-1.0115394,10.4476703,9.9317185,-0.26751334,9.9937024,2.23765348,0.19251703,0.67302664,0.0,0.0,7.91014521,9.60493847
1760625119.647,0.20792534,-0.03160479,2.70681404,-0.0108625,0.93207971,0.0137373,80.0,-7.0,0.0,80.0,1.3962634,0.0,0.0,0.0,80.0,-7.0,0.0,80.0,1.3962634,0.0,0.0,0.0,-1.74297026,0.97350005,3.40128054,4.51494891,-12.86096394,-0.70275012,11.28193837,9.63306575,-0.99126446,10.05524457,2.55195867,0.31054982,1.01721757,0.0,0.0,7.93970593,9.64993975
1760625119.68,0.22190204,-0.02189666,2.69687176,-0.01095577,0.93233993,0.01316588,80.0,-7.0,0.0,80.0,1.3962634,0.0,0.0,0.0,80.0,-7.0,0.0,80.0,1.3962634,0.0,0.0,0.0,-1.69638714,0.97769783,3.41394062,4.37984887,-12.87003916,-0.632255,10.69708074,9.61715336,-0.33771161,10.08040255,2.50242149,0.30678624,1.10219851,0.0,0.0,7.94894407,9.66098889
1760625119.714,0.23183665,-0.01663141,2.69315334,-0.01115458,0.93262747,0.0130067,80.0,-7.0,0.0,80.0,1.3962634,0.0,0.0,0.0,80.0,-7.0,0.0,80.0,1.3962634,0.0,0.0,0.0,-1.65086486,0.99717019,3.45001176,4.37505421,-12.9106318,-0.63543977,10.69763678,9.67185583,-0.4117895,10.13079471,2.43930034,0.31373586,1.08519067,0.0,0.0,7.97989542,9.64143928
1760625119.747,0.23863146,-0.01729179,2.69459843,-0.01124604,0.9326841,0.01335347,80.0,-7.0,0.0,80.0,1.3962634,0.0,0.0,0.0,80.0,-7.0,0.0,80.0,1.3962634,0.0,0.0,0.0,-1.66489384,1.00817111,3.46380334,4.36241533,-12.9009544,-0.66111119,10.7022442,9.66522781,-0.43561767,10.13447859,2.41700296,0.30269831,1.05709876,0.0,0.0,7.98680038,9.63068061
1760625119.781,0.23209345,-0.0164348,2.69514404,-0.01112282,0.93267976,0.01472323,80.0,-7.0,0.0,80.0,1.3962634,0.0,0.0,0.0,80.0,-7.0,0.0,80.0,1.3962634,0.0,0.0,0.0,-1.7458086,0.98570115,3.50010305,4.36125361,-12.88403656,-0.93724,11.62995358,9.78959612,-1.35040264,10.10383371,2.46044794,0.27266889,1.0678139,0.0,0.0,7.9947562,9.64559264
1760625119.814,0.22960028,-0.01897698,2.69899889,-0.01123408,0.93269389,0.01545157,80.0,-7.0,0.0,80.0,1.3962634,0.0,0.0,0.0,80.0,-7.0,0.0,80.0,1.3962634,0.0,0.0,0.0,-1.74726723,0.96236508,3.50494651,4.35501008,-12.8019377,-0.98720101,11.61576589,9.76671897,-1.40775602,10.09222782,2.40856944,0.24368982,1.03111279,0.0,0.0,7.98122376,9.63731446
1760625119.847,0.22797522,-0.02007336,2.69872332,-0.01160248,0.93274734,0.01579809,80.0,-7.0,0.0,80.0,1.3962634,0.0,0.0,0.0,80.0,-7.0,0.0,80.0,1.3962634,0.0,0.0,0.0,-1.65637156,0.93249079,3.49334827,4.20781313,-12.69411662,-1.04473938,11.59284129,9.78877668,-1.40785335,10.05231644,2.22469002,0.19969285,0.97449961,0.0,0.0,7.97128502,9.61978931
1760625119.881,0.23492905,-0.02664671,2.69528882,-0.01039628,0.93265099,0.01473196,80.0,-7.0,0.0,80.0,1.3962634,0.0,0.0,0.0,80.0,-7.0,0.0,80.0,1.3962634,0.0,0.0,0.0,-1.6551246,0.99830755,3.55515511,4.1291255,-12.81425493,-1.28605894,11.86689592,9.8962757,-1.59193738,10.13364127,2.15217901,0.26319503,1.01801268,0.0,0.0,7.97460499,9.60800534
1760625119.914,0.22957867,-0.03151963,2.699684,-0.01035397,0.93258092,0.0141678,80.0,-7.0,0.0,80.0,1.3962634,0.0,0.0,0.0,80.0,-7.0,0.0,80.0,1.3962634,0.0,0.0,0.0,-1.5948714,1.03631194,3.51134202,4.01149242,-12.84917076,-1.32351416,11.82598057,9.94351753,-1.52232222,10.18577915,2.04894942,0.29050417,0.92366335,0.0,0.0,8.00192033,9.60200469
1760625119.948,0.23782848,-0.03158656,2.69896438,-0.0097285,0.93251109,0.01401502,80.0,-7.0,0.0,80.0,1.3962634,0.0,0.0,0.0,80.0,-7.0,0.0,80.0,1.3962634,0.0,0.0,0.0,-1.75027659,1.06983879,3.56752423,4.20181367,-12.9498938,-1.47717447,12.23368625,9.97159544,-1.97498698,10.23481832,2.17306156,0.32906547,0.87480164,0.0,0.0,8.00457296,9.60370785
1760625119.981,0.23982468,-0.03460383,2.70976622,-0.00988447,0.93253076,0.0141016,80.0,-7.0,0.0,80.0,1.3962634,0.0,0.0,0.0,80.0,-7.0,0.0,80.0,1.3962634,0.0,0.0,0.0,-1.76386365,1.08031312,3.5570037,4.20415671,-12.94860374,-1.47429503,12.24232626,9.96946681,-1.96710822,10.22730942,2.17805424,0.32055804,0.89673384,0.0,0.0,8.00787104,9.59980893
1760625120.015,0.25068778,-0.03270759,2.72108519,-0.01086944,0.93271623,0.01424271,80.0,-7.0,0.0,80.0,1.3962634,0.0,0.0,0.0,80.0,-7.0,0.0,80.0,1.3962634,0.0,0.0,0.0,-1.71646749,1.0675906,3.49419418,4.03948821,-12.79047903,-1.3112548,10.78773332,9.9928916,-0.42283463,10.13249314,2.17538215,0.30691565,0.7802357,0.0,0.0,8.04787874,9.61450034
1760625120.048,0.25959597,-0.03345424,2.71905819,-0.01287971,0.93266962,0.01532292,80.0,-7.0,0.0,80.0,1.3962634,0.0,0.0,0.0,80.0,-7.0,0.0,80.0,1.3962634,0.0,0.0,0.0,-1.6869356,1.0097613,3.49539137,3.95120007,-12.61622307,-1.19591457,9.8352013,9.93259553,0.55481237,10.04642634,2.15564808,0.22762518,0.80612288,0.0,0.0,8.05706896,9.61548211
1760625120.082,0.26396902,-0.03450953,2.72135628,-0.01373743,0.93253911,0.01603138,80.0,-7.0,0.0,80.0,1.3962634,0.0,0.0,0.0,80.0,-7.0,0.0,80.0,1.3962634,0.0,0.0,0.0,-1.7624547,0.99143661,3.46338538,4.08051856,-12.54910955,-1.16636896,10.14736286,9.9887724,0.20713202,9.96749934,2.23962976,0.19658991,0.8096658,0.0,0.0,8.07208482,9.61724113
1760625120.115,0.24813595,-0.03301781,2.71806263,-0.01454279,0.93248738,0.01626774,80.0,-7.0,0.0,80.0,1.3962634,0.0,0.0,0.0,80.0,-7.0,0.0,80.0,1.3962634,0.0,0.0,0.0,-1.73743258,0.97078228,3.48550699,4.02468492,-12.47183372,-1.15076318,10.1307017,10.00661721,0.28370023,9.88338619,2.21744806,0.17448967,0.85788499,0.0,0.0,8.1142036,9.63037854
1760625120.148,0.23845498,-0.03573105,2.72269129,-0.01460051,0.93244628,0.01616985,80.0,-7.0,0.0,80.0,1.3962634,0.0,0.0,0.0,80.0,-7.0,0.0,80.0,1.3962634,0.0,0.0,0.0,-1.73244613,0.98202257,3.45120726,4.057068,-12.46284337,-1.1339571,10.14675219,10.01924413,0.29826217,9.87620969,2.20644336,0.17747953,0.92859895,0.0,0.0,8.08816565,9.62593974
1760625120.182,0.23161248,-0.04288558,2.71919856,-0.0145412,0.93267039,0.01624235,80.0,-7.0,0.0,80.0,1.3962634,0.0,0.0,0.0,80.0,-7.0,0.0,80.0,1.3962634,0.0,0.0,0.0,-1.75054279,0.98477045,3.44833786,4.11914979,-12.41037036,-1.14375348,10.12650152,10.03414203,0.29362979,9.78729359,2.23224381,0.17670265,0.99085042,0.0,0.0,8.06476746,9.62081056
1760625120.215,0.21858864,-0.0445882,2.72640025,-0.01446173,0.93275654,0.01563978,80.0,-7.0,0.0,80.0,1.3962634,0.0,0.0,0.0,80.0,-7.0,0.0,80.0,1.3962634,0.0,0.0,0.0,-1.75170283,0.99764749,3.42186428,4.1483005,-12.38240245,-1.15029393,10.13464261,10.08392516,0.30855757,9.69280125,2.25522996,0.1919326,1.01611708,0.0,0.0,8.06071791,9.63245924
1760625120.249,0.21272171,-0.04231766,2.73394402,-0.01395618,0.93259682,0.01547035,80.0,-7.0,0.0,80.0,1.3962634,0.0,0.0,0.0,80.0,-7.0,0.0,80.0,1.3962634,0.0,0.0,0.0,-1.74011416,0.99491004,3.40163387,4.13371069,-12.38476855,-1.12480081,10.13050429,10.11987593,0.31844253,9.67792367,2.25778674,0.18737753,1.07541858,0.0,0.0,8.05172823,9.6113257
1760625120.282,0.18251511,-0.04065601,2.72656029,-0.01326617,0.9325724,0.01422471,80.0,-7.0,0.0,80.0,1.3962634,0.0,0.0,0.0,80.0,-7.0,0.0,80.0,1.3962634,0.0,0.0,0.0,-1.62213279,1.01249909,3.3392904,3.96678959,-12.33056837,-0.93251493,8.65838132,10.07179198,1.84573678,9.61839125,2.21137085,0.22863651,1.02169788,0.0,0.0,8.04352354,9.58748711
1760625120.316,0.1537102,-0.03963218,2.7179945,-0.0130795,0.93272691,0.01337287,80.0,-7.0,0.0,80.0,1.3962634,0.0,0.0,0.0,80.0,-7.0,0.0,80.0,1.3962634,0.0,0.0,0.0,-1.65207509,1.07016699,3.34986338,4.01339684,-12.47532499,-0.94694037,8.63286427,10.10450871,1.906701,9.61113591,2.31493143,0.28382882,1.04744213,0.0,0.0,8.06704331,9.60097092
1760625120.349,0.15618837,-0.03288647,2.71796658,-0.01371616,0.93242728,0.01193962,80.0,-7.0,0.0,80.0,1.3962634,0.0,0.0,0.0,80.0,-7.0,0.0,80.0,1.3962634,0.0,0.0,0.0,-1.57065207,1.10098771,3.38199676,3.89964125,-12.50815066,-0.87916638,7.40550888,10.04988313,3.17121497,9.64407515,2.27031627,0.32287955,1.12340734,0.0,0.0,8.08496602,9.61273724
1760625120.383,0.1511197,-0.02881887,2.71122527,-0.01447328,0.93208669,0.01095205,80.0,-7.0,0.0,80.0,1.3962634,0.0,0.0,0.0,80.0,-7.0,0.0,80.0,1.3962634,0.0,0.0,0.0,-1.55854953,1.1439817,3.43491799,3.95526037,-12.65595184,-0.89127032,7.3894767,10.0250621,3.12450265,9.70216603,2.2625859,0.35376355,1.16655487,0.0,0.0,8.1304677,9.63428215
1760625120.416,0.13888263,-0.02371322,2.70951559,-0.01503011,0.93187422,0.01098658,80.0,-7.0,0.0,80.0,1.3962634,0.0,0.0,0.0,80.0,-7.0,0.0,80.0,1.3962634,0.0,0.0,0.0,-1.44835141,1.1362384,3.40544407,3.79503162,-12.60416055,-0.69280385,6.44597752,9.86395553,4.10643059,9.72291717,2.20678817,0.36487643,1.14250152,0.0,0.0,8.14649348,9.61573169
1760625120.45,0.13732447,-0.02287524,2.7071578,-0.0156753,0.93165342,0.01246633,80.0,-7.0,0.0,80.0,1.3962634,0.0,0.0,0.0,80.0,-7.0,0.0,80.0,1.3962634,0.0,0.0,0.0,-1.40989381,1.07095528,3.43740072,3.76119852,-12.48881051,-0.66047641,6.43527788,9.82274738,4.1136127,9.68446709,2.15893394,0.30808156,1.18797599,0.0,0.0,8.19165747,9.64782495
1760625120.483,0.12854134,-0.02444665,2.704553,-0.01534608,0.9315051,0.01279109,80.0,-7.0,0.0,80.0,1.3962634,0.0,0.0,0.0,80.0,-7.0,0.0,80.0,1.3962634,0.0,0.0,0.0,-1.60383618,1.04784489,3.50195391,4.08944546,-12.61092406,-0.69569539,8.1599717,9.68348936,2.35463104,9.74267532,2.36022303,0.31391829,1.22995138,0.0,0.0,8.20421094,9.66412957
1760625120.55,0.14402423,-0.03212453,2.70351355,-0.01562351,0.9316089,0.01281988,80.0,-7.0,0.0,80.0,1.3962634,0.0,0.0,0.0,80.0,-7.0,0.0,80.0,1.3962634,0.0,0.0,0.0,-1.53764602,1.03390097,3.48800382,4.05858802,-12.47176645,-0.45966558,7.65822685,9.46117263,2.79665155,9.77404576,2.17272469,0.38487333,1.17134152,0.0,0.0,8.20034578,9.66799763
1760625120.583,0.13920125,-0.04070016,2.70040062,-0.01461751,0.93147606,0.01232467,80.0,-7.0,0.0,80.0,1.3962634,0.0,0.0,0.0,80.0,-7.0,0.0,80.0,1.3962634,0.0,0.0,0.0,-1.57650977,1.05624234,3.55838316,4.17615216,-12.48374527,-0.47597645,7.68986691,9.38357729,2.72243076,9.78687497,2.13803514,0.42950233,1.25965444,0.0,0.0,8.20516232,9.67861184
1760625120.617,0.13365657,-0.05327249,2.69994005,-0.01386291,0.93120185,0.0131467,80.0,-7.0,0.0,80.0,1.3962634,0.0,0.0,0.0,80.0,-7.0,0.0,80.0,1.3962634,0.0,0.0,0.0,-1.52206253,1.0211938,3.58825005,4.10898722,-12.36724802,-0.46701138,7.72709001,9.36582624,2.74181161,9.73060367,2.0174704,0.40019393,1.27055276,0.0,0.0,8.1952877,9.68970189
1760625120.65,0.14818599,-0.05880457,2.70929667,-0.01394869,0.93102636,0.01416402,80.0,-7.0,0.0,80.0,1.3962634,0.0,0.0,0.0,80.0,-7.0,0.0,80.0,1.3962634,0.0,0.0,0.0,-1.38431549,0.96773148,3.61692008,3.88056096,-12.21110264,-0.45679092,7.65950028,9.39924995,2.85436844,9.63070189,1.8324239,0.32516851,1.24068091,0.0,0.0,8.19620172,9.67647428
1760625120.684,0.16086741,-0.06332514,2.71852349,-0.01366027,0.93108074,0.014301,80.0,-7.0,0.0,80.0,1.3962634,0.0,0.0,0.0,80.0,-7.0,0.0,80.0,1.3962634,0.0,0.0,0.0,-1.42407225,0.96325324,3.69571078,3.97285667,-12.17141731,-0.50251896,7.69144917,9.4817682,2.76143889,9.56793673,1.85112007,0.29454983,1.30213125,0.0,0.0,8.21967115,9.67700447
1760625120.717,0.17711829,-0.06666196,2.73495139,-0.01378177,0.9312299,0.01440032,80.0,-7.0,0.0,80.0,1.3962634,0.0,0.0,0.0,80.0,-7.0,0.0,80.0,1.3962634,0.0,0.0,0.0,-1.39418952,0.96030928,3.73646318,3.89849585,-12.11829272,-0.50027705,7.7502726,9.53806258,2.70799889,9.47272255,1.83858985,0.27264875,1.24306916,0.0,0.0,8.22635523,9.65436623
1760625120.75,0.19175949,-0.07101184,2.74569411,-0.01417503,0.93129409,0.01244497,80.0,-7.0,0.0,80.0,1.3962634,0.0,0.0,0.0,80.0,-7.0,0.0,80.0,1.3962634,0.0,0.0,0.0,-1.32398437,1.05483026,3.72354449,3.78424245,-12.25051314,-0.42421036,7.75938665,9.55287565,2.72449891,9.47746,1.78366179,0.36024626,1.16533977,0.0,0.0,8.21690549,9.62317997
1760625120.784,0.20613515,-0.06649727,2.75436873,-0.0142013,0.93130489,0.011744,80.0,-7.0,0.0,80.0,1.3962634,0.0,0.0,0.0,80.0,-7.0,0.0,80.0,1.3962634,0.0,0.0,0.0,-1.37583887,1.09353263,3.68978611,3.79403633,-12.31079605,-0.38730538,7.81061823,9.55095499,2.74589984,9.4632047,1.84236661,0.40639858,1.15972985,0.0,0.0,8.19388802,9.60243378
1760625120.817,0.19453368,-0.06551173,2.75527776,-0.01329567,0.93126779,0.01187025,80.0,-7.0,0.0,80.0,1.3962634,0.0,0.0,0.0,80.0,-7.0,0.0,80.0,1.3962634,0.0,0.0,0.0,-1.44860471,1.11257514,3.57756112,3.92383144,-12.35300257,-0.23467478,7.87123325,9.53086601,2.6796636,9.50177456,2.03690733,0.48413424,0.88731068,0.0,0.0,8.16784258,9.5696885
1760625120.851,0.19855471,-0.06778792,2.74696173,-0.01389452,0.93125529,0.01342128,80.0,-7.0,0.0,80.0,1.3962634,0.0,0.0,0.0,80.0,-7.0,0.0,80.0,1.3962634,0.0,0.0,0.0,-1.57172901,1.09129683,3.63887085,4.11489008,-12.39004709,-0.35882581,9.2552138,9.47600551,1.29674753,9.45970443,2.19529914,0.54414561,0.77122981,0.0,0.0,8.16975187,9.52369319
1760625120.884,0.21496992,-0.07205644,2.74287866,-0.01424836,0.93144192,0.01466031,80.0,-7.0,0.0,80.0,1.3962634,0.0,0.0,0.0,80.0,-7.0,0.0,80.0,1.3962634,0.0,0.0,0.0,-1.54250612,1.06716219,3.67624362,4.10250698,-12.33513956,-0.38245814,9.25003544,9.45341276,1.28576874,9.47385303,2.22394683,0.61739701,0.69480746,0.0,0.0,8.18978016,9.51439503
1760625120.918,0.20764517,-0.07472821,2.74163381,-0.01472591,0.93150997,0.01526609,80.0,-7.0,0.0,80.0,1.3962634,0.0,0.0,0.0,80.0,-7.0,0.0,80.0,1.3962634,0.0,0.0,0.0,-1.4532179,1.0150772,3.76489825,4.09297638,-12.22979989,-0.35662979,9.23522925,9.29495319,1.18479481,9.44862004,2.23864738,0.69623564,0.69377114,0.0,0.0,8.24992271,9.55072587
1760625120.951,0.21614289,-0.07380287,2.73594292,-0.01499381,0.93139762,0.01534589,80.0,-7.0,0.0,80.0,1.3962634,0.0,0.0,0.0,80.0,-7.0,0.0,80.0,1.3962634,0.0,0.0,0.0,-1.42841578,0.98644308,3.74297497,4.00781873,-12.19456117,-0.28255603,9.25417198,9.19574748,1.2708885,9.46178589,2.30071306,0.73447374,0.70086836,0.0,0.0,8.23253554,9.55693229
1760625120.985,0.21398604,-0.08137141,2.73810081,-0.01363113,0.93102422,0.01524885,80.0,-7.0,0.0,80.0,1.3962634,0.0,0.0,0.0,80.0,-7.0,0.0,80.0,1.3962634,0.0,0.0,0.0,-1.4216974,0.98885391,3.81777978,4.14503712,-12.23426625,-0.22333113,9.37387371,9.11760454,1.06475035,9.57599818,2.36779048,0.74809479,0.87359213,0.0,0.0,8.24338238,9.55274757
1760625121.018,0.20826681,-0.08001139,2.74721326,-0.01366389,0.93102046,0.01501057,80.0,-7.0,0.0,80.0,1.3962634,0.0,0.0,0.0,80.0,-7.0,0.0,80.0,1.3962634,0.0,0.0,0.0,-1.41719485,0.99210041,3.80658746,4.20676359,-12.24195962,-0.07318152,9.51814492,8.97665451,0.87376415,9.55901366,2.40505946,0.73720294,0.90666959,0.0,0.0,8.25903479,9.55820509
1760625121.052,0.2103939,-0.07756272,2.74269997,-0.01300971,0.93094766,0.01487651,80.0,-7.0,0.0,80.0,1.3962634,0.0,0.0,0.0,80.0,-7.0,0.0,80.0,1.3962634,0.0,0.0,0.0,-1.52650539,1.03068014,3.8339319,4.3965564,-12.38691256,-0.13569708,10.56829737,8.99637166,-0.19411038,9.58212762,2.55204501,0.74997193,0.9173774,0.0,0.0,8.27547273,9.54277473
1760625121.085,0.21463097,-0.06753638,2.73664189,-0.0130981,0.93104889,0.01486038,80.0,-7.0,0.0,80.0,1.3962634,0.0,0.0,0.0,80.0,-7.0,0.0,80.0,1.3962634,0.0,0.0,0.0,-1.52161607,1.0040987,3.8836214,4.33037209,-12.34266565,-0.07625911,10.55420325,8.93484744,-0.09740136,9.56903143,2.58315546,0.68469126,0.96289376,0.0,0.0,8.3160991,9.53320007
1760625121.119,0.21313575,-0.0605096,2.72921425,-0.01235886,0.93108595,0.01474312,80.0,-7.0,0.0,80.0,1.3962634,0.0,0.0,0.0,80.0,-7.0,0.0,80.0,1.3962634,0.0,0.0,0.0,-1.54985977,1.00639053,3.79312109,4.41484098,-12.27160802,0.2571391,9.87434342,8.73578095,0.53789451,9.54818672,2.66537931,0.67483881,0.91226434,0.0,0.0,8.29609042,9.5188502
1760625121.152,0.21340321,-0.05525911,2.72622927,-0.01196699,0.93104721,0.01468561,80.0,-7.0,0.0,80.0,1.3962634,0.0,0.0,0.0,80.0,-7.0,0.0,80.0,1.3962634,0.0,0.0,0.0,-1.58120502,1.01542665,3.87429534,4.44492567,-12.25165341,0.26063479,9.8602945,8.67971032,0.54662305,9.511106,2.71123943,0.66202087,0.99009366,0.0,0.0,8.28336006,9.49105928
1760625121.185,0.21830171,-0.04659437,2.72105913,-0.01214855,0.9308916,0.01463524,80.0,-7.0,0.0,80.0,1.3962634,0.0,0.0,0.0,80.0,-7.0,0.0,80.0,1.3962634,0.0,0.0,0.0,-1.55507616,1.03956413,3.97343566,4.46707877,-12.25781181,0.37337241,9.54689732,8.53759784,0.84406458,9.5435943,2.63442962,0.65342884,1.14928254,0.0,0.0,8.29895262,9.45168523
1760625121.219,0.2226463,-0.03481714,2.73434107,-0.0130371,0.93081735,0.01435639,80.0,-7.0,0.0,80.0,1.3962634,0.0,0.0,0.0,80.0,-7.0,0.0,80.0,1.3962634,0.0,0.0,0.0,-1.60213172,1.04911105,3.94183475,4.53355568,-12.26589288,0.52501309,9.07030445,8.4514421,1.37688375,9.59047117,2.67263929,0.65564433,1.1579754,0.0,0.0,8.30196678,9.4374819
1760625121.252,0.23240733,-0.03167938,2.73841241,-0.0136844,0.9306402,0.01366551,80.0,-7.0,0.0,80.0,1.3962634,0.0,0.0,0.0,80.0,-7.0,0.0,80.0,1.3962634,0.0,0.0,0.0,-1.62866588,1.12052479,3.94993666,4.5328185,-12.38186797,0.5630794,9.06825288,8.43976543,1.47568242,9.62416872,2.67308214,0.72306323,1.14484894,0.0,0.0,8.30441494,9.43882769
1760625121.286,0.22677911,-0.02437613,2.72267864,-0.01387209,0.93058076,0.01349254,80.0,-7.0,0.0,80.0,1.3962634,0.0,0.0,0.0,80.0,-7.0,0.0,80.0,1.3962634,0.0,0.0,0.0,-1.53177446,1.12500868,3.99416524,4.49583751,-12.35618319,0.56924777,8.63163727,8.42930958,1.88897704,9.64519415,2.5388362,0.71382425,1.21346782,0.0,0.0,8.33149066,9.43311761
1760625121.319,0.22342058,-0.01779441,2.71752366,-0.01354809,0.93033888,0.01357454,80.0,-7.0,0.0,80.0,1.3962634,0.0,0.0,0.0,80.0,-7.0,0.0,80.0,1.3962634,0.0,0.0,0.0,-1.54277916,1.13286275,4.02602106,4.52095969,-12.36943512,0.55671581,8.6332849,8.41748552,1.89277467,9.63527605,2.52077746,0.71140441,1.1910581,0.0,0.0,8.34369962,9.45190467
1760625121.353,0.23345829,-0.01513903,2.71261242,-0.01374153,0.93040452,0.01421914,80.0,-7.0,0.0,80.0,1.3962634,0.0,0.0,0.0,80.0,-7.0,0.0,80.0,1.3962634,0.0,0.0,0.0,-1.75556953,1.13794331,4.10678585,4.81838051,-12.42074323,0.47161473,8.75057084,8.43466607,1.77295664,9.61645866,2.68571606,0.71049275,1.27402636,0.0,0.0,8.32591133,9.45607573
1760625121.386,0.22125364,-0.01235328,2.7243904,-0.01366386,0.93058738,0.01444968,80.0,-7.0,0.0,80.0,1.3962634,0.0,0.0,0.0,80.0,-7.0,0.0,80.0,1.3962634,0.0,0.0,0.0,-1.91920047,1.16699938,4.1136334,5.00947404,-12.50767117,0.26357747,9.51773314,8.66303079,1.01227145,9.54436743,2.80297392,0.7032565,1.34437053,0.0,0.0,8.33928801,9.47404131
1760625121.419,0.2094629,-0.01010633,2.73300485,-0.01203154,0.93041155,0.01435554,80.0,-7.0,0.0,80.0,1.3962634,0.0,0.0,0.0,80.0,-7.0,0.0,80.0,1.3962634,0.0,0.0,0.0,-2.14127187,1.18823006,4.0982648,5.28640578,-12.62810491,0.10937815,10.42217946,8.74523422,0.18304726,9.49457392,3.0170502,0.70498879,1.36825687,0.0,0.0,8.33880024,9.49472894
1760625121.453,0.22085957,-0.0056196,2.73694788,-0.01182142,0.93024169,0.01480057,80.0,-7.0,0.0,80.0,1.3962634,0.0,0.0,0.0,80.0,-7.0,0.0,80.0,1.3962634,0.0,0.0,0.0,-2.10876247,1.18299333,4.07641406,5.22740279,-12.61593906,0.00150159,10.43467796,8.85568123,0.2300949,9.46115208,2.93148045,0.66751199,1.42905371,0.0,0.0,8.36132921,9.48527141
1760625121.486,0.21100382,1.332e-05,2.73648308,-0.01171776,0.93001665,0.01514276,80.0,-7.0,0.0,80.0,1.3962634,0.0,0.0,0.0,80.0,-7.0,0.0,80.0,1.3962634,0.0,0.0,0.0,-2.11314243,1.17559394,4.08517417,5.21236057,-12.59458439,-0.00206053,10.41981358,8.87943595,0.21448714,9.44170236,2.94091814,0.66506872,1.41537904,0.0,0.0,8.3677916,9.4782381
1760625121.52,0.20404074,0.0069288,2.73127442,-0.01115008,0.92984313,0.01552663,80.0,-7.0,0.0,80.0,1.3962634,0.0,0.0,0.0,80.0,-7.0,0.0,80.0,1.3962634,0.0,0.0,0.0,-2.29134491,1.11622983,4.18944033,5.50617654,-12.59464378,-0.09655322,10.50797691,8.91761049,0.00245765,9.4681742,3.11975935,0.60272516,1.49054233,0.0,0.0,8.38064028,9.50900699
1760625121.553,0.19955735,0.00556373,2.72609607,-0.01155737,0.9296979,0.01578893,80.0,-7.0,0.0,80.0,1.3962634,0.0,0.0,0.0,80.0,-7.0,0.0,80.0,1.3962634,0.0,0.0,0.0,-2.3140115,1.11678041,4.17499559,5.4379481,-12.57424018,-0.203831,10.90494196,9.03075092,-0.37358611,9.41209176,3.16240456,0.62062175,1.43816524,0.0,0.0,8.39330988,9.5064491
1760625121.587,0.193392,0.00768129,2.73559072,-0.01176368,0.92969689,0.01592136,80.0,-7.0,0.0,80.0,1.3962634,0.0,0.0,0.0,80.0,-7.0,0.0,80.0,1.3962634,0.0,0.0,0.0,-2.30683391,1.11081359,4.19463625,5.4074739,-12.56765966,-0.21391521,10.88793175,9.02881984,-0.38883244,9.41152995,3.19585608,0.63717278,1.39067787,0.0,0.0,8.41668245,9.51738247
1760625121.62,0.18058655,0.00899426,2.73705488,-0.01261921,0.92965489,0.01610523,80.0,-7.0,0.0,80.0,1.3962634,0.0,0.0,0.0,80.0,-7.0,0.0,80.0,1.3962634,0.0,0.0,0.0,-2.29030653,1.10218341,4.19108667,5.4033047,-12.56882677,-0.26938832,10.88075568,9.01339247,-0.40034687,9.39910077,3.20438619,0.63814528,1.32569221,0.0,0.0,8.43207294,9.50979657
1760625121.654,0.17034491,0.01537543,2.7392621,-0.01331942,0.92977481,0.01614674,80.0,-7.0,0.0,80.0,1.3962634,0.0,0.0,0.0,80.0,-7.0,0.0,80.0,1.3962634,0.0,0.0,0.0,-2.26285725,1.05466422,4.17056095,5.32629953,-12.52771082,-0.38286997,10.80922927,9.04851756,-0.36324242,9.38111039,3.19629046,0.59430284,1.29897518,0.0,0.0,8.44124964,9.49346304
1760625121.687,0.12205296,0.01587397,2.74104511,-0.01449043,0.92998026,0.01617803,80.0,-7.0,0.0,80.0,1.3962634,0.0,0.0,0.0,80.0,-7.0,0.0,80.0,1.3962634,0.0,0.0,0.0,-2.12963893,1.01764161,4.15034229,5.1715857,-12.38724823,-0.31347394,9.42774926,9.06997099,1.00346851,9.35625397,3.10611204,0.55476438,1.29375083,0.0,0.0,8.4717158,9.50544246
1760625121.721,0.10339915,0.02152629,2.74484904,-0.01385942,0.93000662,0.01602103,80.0,-7.0,0.0,80.0,1.3962634,0.0,0.0,0.0,80.0,-7.0,0.0,80.0,1.3962634,0.0,0.0,0.0,-2.29044162,0.9821142,4.08532106,5.36319356,-12.44430185,-0.39715965,9.92662918,9.18105093,0.56933556,9.35683935,3.31381612,0.52846021,1.22783553,0.0,0.0,8.46347511,9.51337501
1760625121.754,0.10744063,0.02662956,2.73534651,-0.01394481,0.93001215,0.01586462,80.0,-7.0,0.0,80.0,1.3962634,0.0,0.0,0.0,80.0,-7.0,0.0,80.0,1.3962634,0.0,0.0,0.0,-2.29783742,0.96484226,4.08927897,5.36267615,-12.45984248,-0.4223942,9.91365503,9.16925449,0.54971252,9.35027562,3.32734922,0.52419226,1.2057591,0.0,0.0,8.47024343,9.50288113
1760625121.788,0.09741966,0.03273306,2.73447961,-0.01464008,0.92974937,0.01537386,80.0,-7.0,0.0,80.0,1.3962634,0.0,0.0,0.0,80.0,-7.0,0.0,80.0,1.3962634,0.0,0.0,0.0,-2.31197564,0.94888796,4.0625133,5.35598131,-12.49694774,-0.45265134,9.89101486,9.14898616,0.53706594,9.35396856,3.34968531,0.52909621,1.20399994,0.0,0.0,8.47009601,9.50383106
1760625121.854,0.11293326,0.02723952,2.7272932,-0.01267647,0.93000818,0.01196842,80.0,-7.0,0.0,80.0,1.3962634,0.0,0.0,0.0,80.0,-7.0,0.0,80.0,1.3962634,0.0,0.0,0.0,-2.12425827,1.05382991,4.07987976,5.12720551,-12.75674689,-0.39884459,9.17526781,9.04714186,1.25877145,9.5684125,3.1382326,0.67288916,1.15624035,0.0,0.0,8.49317921,9.50118349
1760625121.888,0.11401773,0.02635959,2.7262413,-0.01103656,0.93000115,0.0121327,80.0,-7.0,0.0,80.0,1.3962634,0.0,0.0,0.0,80.0,-7.0,0.0,80.0,1.3962634,0.0,0.0,0.0,-2.4157039,1.01816325,4.03608564,5.52972808,-12.84418217,-0.24258825,10.1742174,8.9648923,0.22620959,9.62137381,3.43218175,0.67000402,1.19205374,0.0,0.0,8.45809386,9.51203565
1760625121.921,0.12283042,0.02153607,2.72355019,-0.01099493,0.9297354,0.01295303,80.0,-7.0,0.0,80.0,1.3962634,0.0,0.0,0.0,80.0,-7.0,0.0,80.0,1.3962634,0.0,0.0,0.0,-2.38779228,0.97130168,4.04621678,5.50791727,-12.76610484,-0.19806826,10.17052936,8.90043562,0.2243803,9.61616094,3.38899791,0.63540371,1.22296221,0.0,0.0,8.4689952,9.52064028
1760625121.955,0.14036574,0.00761083,2.73525899,-0.01122854,0.92978208,0.01331769,80.0,-7.0,0.0,80.0,1.3962634,0.0,0.0,0.0,80.0,-7.0,0.0,80.0,1.3962634,0.0,0.0,0.0,-2.39109154,0.96447617,4.02290202,5.50572216,-12.72862669,-0.15029068,10.17661277,8.88463778,0.23989572,9.61923935,3.35756924,0.6410763,1.31190969,0.0,0.0,8.46346251,9.51037087
1760625121.988,0.14280986,0.01118623,2.74136646,-0.0118516,0.9297366,0.01349288,80.0,-7.0,0.0,80.0,1.3962634,0.0,0.0,0.0,80.0,-7.0,0.0,80.0,1.3962634,0.0,0.0,0.0,-2.24403609,0.9245506,3.95702317,5.3226629,-12.58029616,-0.0013972,10.10883392,8.80641809,0.36825918,9.52844413,3.20043748,0.60100816,1.30628395,0.0,0.0,8.45563575,9.53661546
1760625122.021,0.14819852,-0.00213472,2.74694802,-0.01214644,0.92976127,0.01327508,80.0,-7.0,0.0,80.0,1.3962634,0.0,0.0,0.0,80.0,-7.0,0.0,80.0,1.3962634,0.0,0.0,0.0,-2.23010123,0.93259403,3.97379606,5.35477694,-12.57662319,0.12069373,10.00980001,8.67774506,0.42812309,9.54409026,3.18041397,0.60670978,1.3477336,0.0,0.0,8.45193623,9.53031206
1760625122.055,0.16737878,-0.009471,2.74918784,-0.01437013,0.92998459,0.01316916,80.0,-7.0,0.0,80.0,1.3962634,0.0,0.0,0.0,80.0,-7.0,0.0,80.0,1.3962634,0.0,0.0,0.0,-1.89778866,0.89393034,3.93807456,4.95079651,-12.30429983,0.30467915,8.56385704,8.69060663,1.90265082,9.47701026,2.83819016,0.53965928,1.31936547,0.0,0.0,8.4764945,9.50100457
1760625122.088,0.17846969,-0.01391508,2.74793099,-0.01589199,0.93002204,0.01293724,80.0,-7.0,0.0,80.0,1.3962634,0.0,0.0,0.0,80.0,-7.0,0.0,80.0,1.3962634,0.0,0.0,0.0,-1.50614917,0.86391411,3.96415434,4.41951032,-12.11126963,0.43919918,7.44938966,8.59331876,3.08279731,9.41473479,2.43428793,0.48639112,1.34057699,0.0,0.0,8.49477163,9.47961278
1760625122.122,0.19637161,-0.02107341,2.75327034,-0.01574843,0.92998169,0.01289358,80.0,-7.0,0.0,80.0,1.3962634,0.0,0.0,0.0,80.0,-7.0,0.0,80.0,1.3962634,0.0,0.0,0.0,-1.47503973,0.89957792,3.95324008,4.39784356,-12.09761084,0.5261451,7.41090454,8.59884677,3.05598056,9.37365182,2.38991255,0.52170187,1.27818346,0.0,0.0,8.49704886,9.45520195
1760625122.156,0.20974581,-0.03063079,2.75772441,-0.01591325,0.92994034,0.01285179,80.0,-7.0,0.0,80.0,1.3962634,0.0,0.0,0.0,80.0,-7.0,0.0,80.0,1.3962634,0.0,0.0,0.0,-1.50193049,0.91280384,3.96873267,4.36397778,-12.08513082,0.55209875,7.40047253,8.59196835,3.06611943,9.37400996,2.38959122,0.52150777,1.24500321,0.0,0.0,8.48368227,9.45548905
1760625122.189,0.20091984,-0.03648115,2.75689044,-0.01656878,0.9299721,0.01314001,80.0,-7.0,0.0,80.0,1.3962634,0.0,0.0,0.0,80.0,-7.0,0.0,80.0,1.3962634,0.0,0.0,0.0,-1.49159534,0.90670957,3.98907391,4.37590049,-12.07124115,0.56267295,7.4090567,8.58648293,3.0706054,9.37282339,2.37884442,0.52572738,1.22683153,0.0,0.0,8.49286316,9.45296942
1760625122.222,0.21028918,-0.04309283,2.75908762,-0.01682841,0.93000006,0.01360048,80.0,-7.0,0.0,80.0,1.3962634,0.0,0.0,0.0,80.0,-7.0,0.0,80.0,1.3962634,0.0,0.0,0.0,-1.51503993,0.88602483,3.97014088,4.40787185,-11.97724438,0.6093613,7.4257224,8.55471333,3.00028176,9.29347035,2.3895374,0.5203377,1.1723224,0.0,0.0,8.47948206,9.43542154
1760625122.256,0.20998952,-0.05672291,2.77779214,-0.01737717,0.92994069,0.01371766,80.0,-7.0,0.0,80.0,1.3962634,0.0,0.0,0.0,80.0,-7.0,0.0,80.0,1.3962634,0.0,0.0,0.0,-1.36770789,0.8775039,3.92252877,4.15707651,-11.91549329,0.62158611,7.36531668,8.6032384,3.12462724,9.27053209,2.21074905,0.51706871,1.09531597,0.0,0.0,8.48626051,9.44778229
1760625122.289,0.2120339,-0.06303443,2.78352295,-0.01667786,0.92978156,0.01311663,80.0,-7.0,0.0,80.0,1.3962634,0.0,0.0,0.0,80.0,-7.0,0.0,80.0,1.3962634,0.0,0.0,0.0,-1.21617617,0.90294702,3.9412421,3.97426989,-11.91828533,0.64271961,7.26091255,8.57889632,3.2086528,9.25564125,2.00849922,0.54582114,1.16625598,0.0,0.0,8.46877146,9.44104226
1760625122.323,0.21165832,-0.06487864,2.78355072,-0.01600849,0.92966932,0.01291273,80.0,-7.0,0.0,80.0,1.3962634,0.0,0.0,0.0,80.0,-7.0,0.0,80.0,1.3962634,0.0,0.0,0.0,-1.21216468,0.90518407,3.9735427,4.03644418,-11.94192868,0.64308204,7.27527772,8.59489718,3.16652712,9.27392887,1.957824,0.56284017,1.2169832,0.0,0.0,8.45107425,9.42819509
1760625122.356,0.21208108,-0.06991919,2.79200458,-0.01613904,0.92984912,0.01246651,80.0,-7.0,0.0,80.0,1.3962634,0.0,0.0,0.0,80.0,-7.0,0.0,80.0,1.3962634,0.0,0.0,0.0,-1.22094639,0.90051062,3.95981116,4.05104184,-11.95054599,0.64711436,7.28293356,8.59371764,3.16155998,9.27559133,1.9119183,0.56890238,1.25604665,0.0,0.0,8.42475442,9.42376332
1760625122.39,0.20977136,-0.07326385,2.79153728,-0.0155708,0.92985363,0.01257291,80.0,-7.0,0.0,80.0,1.3962634,0.0,0.0,0.0,80.0,-7.0,0.0,80.0,1.3962634,0.0,0.0,0.0,-1.21745033,0.9379342,3.94143367,4.04865414,-11.99384614,0.70683503,7.33946196,8.55706955,3.10251959,9.27419517,1.91356995,0.62941828,1.23856515,0.0,0.0,8.4136694,9.40330438
1760625122.423,0.22811721,-0.06524381,2.79312553,-0.01603061,0.93027789,0.01276941,80.0,-7.0,0.0,80.0,1.3962634,0.0,0.0,0.0,80.0,-7.0,0.0,80.0,1.3962634,0.0,0.0,0.0,-1.21821485,0.93052482,3.94374865,4.06269478,-11.99110399,0.70759364,7.35515741,8.56155545,3.10399435,9.27805053,1.88874669,0.62944894,1.2391864,0.0,0.0,8.40374062,9.40710501
1760625122.457,0.23114919,-0.06158969,2.78878185,-0.01574332,0.93050734,0.01322151,80.0,-7.0,0.0,80.0,1.3962634,0.0,0.0,0.0,80.0,-7.0,0.0,80.0,1.3962634,0.0,0.0,0.0,-1.3245021,0.92669178,3.9777958,4.22322747,-12.20189765,0.60699713,9.20858377,8.57182395,1.24014953,9.3400121,1.97396412,0.62154624,1.31276561,0.0,0.0,8.40642313,9.40341661
1760625122.523,0.25224285,-0.05403576,2.78540347,-0.01612321,0.93082749,0.01343261,80.0,-7.0,0.0,80.0,1.3962634,0.0,0.0,0.0,80.0,-7.0,0.0,80.0,1.3962634,0.0,0.0,0.0,-1.31922005,0.9075863,3.9965805,4.25151318,-12.24101085,0.63190946,9.22964817,8.60198526,1.23826506,9.35673307,1.9527451,0.60691423,1.34090592,0.0,0.0,8.41746331,9.41835487
1760625122.557,0.24593454,-0.04930395,2.78684872,-0.01537481,0.93059174,0.01309188,80.0,-7.0,0.0,80.0,1.3962634,0.0,0.0,0.0,80.0,-7.0,0.0,80.0,1.3962634,0.0,0.0,0.0,-1.27418009,0.90591264,3.99188317,4.22502083,-12.2914819,0.61646723,9.21690093,8.5970202,1.21664372,9.41140356,1.92627933,0.61892165,1.36220102,0.0,0.0,8.4227029,9.42793194
1760625122.59,0.24945687,-0.05330349,2.78186518,-0.01481936,0.93061721,0.0131073,80.0,-7.0,0.0,80.0,1.3962634,0.0,0.0,0.0,80.0,-7.0,0.0,80.0,1.3962634,0.0,0.0,0.0,-1.32120081,0.92049095,4.0432882,4.33308454,-12.37745575,0.57906106,9.30085452,8.61314483,1.10488066,9.49009339,1.98423834,0.64637061,1.40761268,0.0,0.0,8.4271505,9.42426254
1760625122.624,0.25616281,-0.0532232,2.77893094,-0.01395311,0.93043119,0.01264332,80.0,-7.0,0.0,80.0,1.3962634,0.0,0.0,0.0,80.0,-7.0,0.0,80.0,1.3962634,0.0,0.0,0.0,-1.3734933,0.94906767,4.04929888,4.37312702,-12.43454582,0.53929945,9.39008941,8.62311455,1.06803241,9.44603436,2.04326365,0.69416669,1.44134683,0.0,0.0,8.43195186,9.42822906
1760625122.657,0.25109241,-0.04951155,2.77778246,-0.01336855,0.93042327,0.01250068,80.0,-7.0,0.0,80.0,1.3962634,0.0,0.0,0.0,80.0,-7.0,0.0,80.0,1.3962634,0.0,0.0,0.0,-1.47697574,0.93576173,4.07145074,4.50845373,-12.45702457,0.45080154,9.48488442,8.66094497,0.98185972,9.43722251,2.16671422,0.70418392,1.51488754,0.0,0.0,8.44377328,9.43365473
1760625122.724,0.25094981,-0.05172111,2.78059023,-0.01382574,0.93077081,0.01371852,80.0,-7.0,0.0,80.0,1.3962634,0.0,0.0,0.0,80.0,-7.0,0.0,80.0,1.3962634,0.0,0.0,0.0,-1.52832338,0.86180369,3.99918124,4.45239296,-12.33633909,0.46807832,9.48120833,8.73102319,1.0841488,9.34134783,2.26819405,0.63235492,1.51702952,0.0,0.0,8.44412718,9.4341614
1760625122.758,0.25288855,-0.0477367,2.78461595,-0.01403509,0.93102332,0.01407026,80.0,-7.0,0.0,80.0,1.3962634,0.0,0.0,0.0,80.0,-7.0,0.0,80.0,1.3962634,0.0,0.0,0.0,-1.5669248,0.81499447,3.99601913,4.53543622,-12.28284626,0.47068915,9.43898967,8.74606629,1.08611192,9.31066092,2.35398416,0.5944289,1.54427508,0.0,0.0,8.45566364,9.44516717
1760625122.791,0.24756532,-0.04726905,2.7762491,-0.01494105,0.93112535,0.01399037,80.0,-7.0,0.0,80.0,1.3962634,0.0,0.0,0.0,80.0,-7.0,0.0,80.0,1.3962634,0.0,0.0,0.0,-1.41830053,0.77454306,3.9290739,4.33562628,-12.0960702,0.65994267,8.19586723,8.69332569,2.33787827,9.25100506,2.24055025,0.55285268,1.48950965,0.0,0.0,8.45213875,9.42865431
1760625122.825,0.25106834,-0.04659899,2.78343497,-0.01391335,0.93076366,0.01398043,80.0,-7.0,0.0,80.0,1.3962634,0.0,0.0,0.0,80.0,-7.0,0.0,80.0,1.3962634,0.0,0.0,0.0,-1.42566824,0.77083363,3.93474564,4.34570254,-12.10592078,0.66439345,8.19400188,8.69873288,2.3317697,9.24555994,2.26626239,0.55721589,1.48891629,0.0,0.0,8.48642838,9.45333729
1760625122.858,0.24496459,-0.04828696,2.78528793,-0.01348104,0.93044427,0.01336951,80.0,-7.0,0.0,80.0,1.3962634,0.0,0.0,0.0,80.0,-7.0,0.0,80.0,1.3962634,0.0,0.0,0.0,-1.51043639,0.80933298,3.92712373,4.49467348,-12.1710016,0.62840046,8.26587479,8.76942291,2.26758331,9.22246271,2.36459507,0.60314963,1.47907626,0.0,0.0,8.48135565,9.4493956
1760625122.891,0.24316755,-0.04941143,2.78389637,-0.01321386,0.93046801,0.01316039,80.0,-7.0,0.0,80.0,1.3962634,0.0,0.0,0.0,80.0,-7.0,0.0,80.0,1.3962634,0.0,0.0,0.0,-1.63670572,0.82036986,3.93469609,4.66985236,-12.22856678,0.56226159,8.41834688,8.85045862,2.11875836,9.24357911,2.47795824,0.60721677,1.50121394,0.0,0.0,8.46465475,9.43731536
1760625122.925,0.23136915,-0.0553179,2.78371244,-0.01331274,0.93063944,0.01320708,80.0,-7.0,0.0,80.0,1.3962634,0.0,0.0,0.0,80.0,-7.0,0.0,80.0,1.3962634,0.0,0.0,0.0,-1.63817427,0.82056811,3.91823293,4.66287463,-12.25765631,0.55141391,8.41544823,8.84363346,2.10761909,9.23049604,2.47332688,0.58313879,1.48892089,0.0,0.0,8.4656377,9.41548408
1760625122.958,0.22437411,-0.0563934,2.79542693,-0.01404101,0.93083264,0.013501,80.0,-7.0,0.0,80.0,1.3962634,0.0,0.0,0.0,80.0,-7.0,0.0,80.0,1.3962634,0.0,0.0,0.0,-1.76007792,0.85988023,3.87572505,4.7903531,-12.44373047,0.49606072,9.13638141,8.92585185,1.40571105,9.26905207,2.59326448,0.60828541,1.43744385,0.0,0.0,8.47293323,9.43124449
1760625122.992,0.21884483,-0.05799289,2.79212814,-0.01367693,0.93071406,0.01339295,80.0,-7.0,0.0,80.0,1.3962634,0.0,0.0,0.0,80.0,-7.0,0.0,80.0,1.3962634,0.0,0.0,0.0,-1.91155012,0.88471267,3.87386793,4.95936639,-12.58285742,0.38669982,9.61687066,9.04032965,0.95190741,9.30067517,2.75699239,0.63008889,1.38471253,0.0,0.0,8.46980518,9.42600649
1760625123.025,0.17707748,-0.06354319,2.79521419,-0.01410172,0.93058599,0.01309331,80.0,-7.0,0.0,80.0,1.3962634,0.0,0.0,0.0,80.0,-7.0,0.0,80.0,1.3962634,0.0,0.0,0.0,-1.78682535,0.89529813,3.87621885,4.78407299,-12.62123579,0.40037695,9.49144165,9.02253087,1.08004223,9.30999057,2.6627996,0.63381916,1.37761785,0.0,0.0,8.47527541,9.41614975
1760625123.059,0.17752593,-0.06029167,2.79415122,-0.01486187,0.93079926,0.0135001,80.0,-7.0,0.0,80.0,1.3962634,0.0,0.0,0.0,80.0,-7.0,0.0,80.0,1.3962634,0.0,0.0,0.0,-1.85072132,0.85429477,3.89826831,4.89327969,-12.58850977,0.39687382,9.17767255,9.06732798,1.32869229,9.33069245,2.72849055,0.60130929,1.41626461,0.0,0.0,8.48893722,9.43075135
1760625123.092,0.18231705,-0.05699655,2.80277151,-0.01562802,0.93102268,0.01312259,80.0,-7.0,0.0,80.0,1.3962634,0.0,0.0,0.0,80.0,-7.0,0.0,80.0,1.3962634,0.0,0.0,0.0,-1.71316535,0.84441804,3.84941851,4.66781301,-12.51936708,0.5390201,8.24768404,8.98503761,2.31546382,9.34565669,2.59638547,0.59650816,1.38764744,0.0,0.0,8.48754133,9.42223139
1760625123.125,0.18946717,-0.04982685,2.80337542,-0.01463503,0.93082961,0.01241968,80.0,-7.0,0.0,80.0,1.3962634,0.0,0.0,0.0,80.0,-7.0,0.0,80.0,1.3962634,0.0,0.0,0.0,-1.89393066,0.87362263,3.84550201,4.93581265,-12.66328823,0.58500691,8.45959105,8.92627289,2.0807832,9.44085091,2.75340543,0.64183251,1.40391501,0.0,0.0,8.4999306,9.4278431
1760625123.159,0.18174501,-0.05049297,2.80026651,-0.01364937,0.93068969,0.01224175,80.0,-7.0,0.0,80.0,1.3962634,0.0,0.0,0.0,80.0,-7.0,0.0,80.0,1.3962634,0.0,0.0,0.0,-2.06097352,0.90013871,3.92169683,5.1474425,-12.7744054,0.55395646,8.99020487,8.86174437,1.51787361,9.48866504,2.90883577,0.67449244,1.50334991,0.0,0.0,8.51500597,9.44232806
1760625123.193,0.18892093,-0.04741987,2.80557384,-0.01421241,0.93082481,0.01225553,80.0,-7.0,0.0,80.0,1.3962634,0.0,0.0,0.0,80.0,-7.0,0.0,80.0,1.3962634,0.0,0.0,0.0,-2.00133308,0.88340584,3.97267348,5.00546404,-12.72624315,0.62333319,8.28833252,8.78116976,2.2874654,9.52570236,2.8187672,0.65851945,1.61160433,0.0,0.0,8.52908925,9.43485759
1760625123.226,0.19969606,-0.05367411,2.79471262,-0.01456883,0.93096651,0.01243592,80.0,-7.0,0.0,80.0,1.3962634,0.0,0.0,0.0,80.0,-7.0,0.0,80.0,1.3962634,0.0,0.0,0.0,-2.02060117,0.88301255,3.97636068,4.97529321,-12.71568332,0.68898703,8.28613581,8.77907199,2.3179199,9.53565186,2.80518115,0.65986218,1.65518154,0.0,0.0,8.55014053,9.45175099
1760625123.259,0.18848236,-0.052218,2.79265387,-0.01273313,0.93103502,0.01273915,80.0,-7.0,0.0,80.0,1.3962634,0.0,0.0,0.0,80.0,-7.0,0.0,80.0,1.3962634,0.0,0.0,0.0,-2.44382262,0.919487,4.0376331,5.54679645,-12.92042173,0.65500599,9.5085127,8.65316375,1.05657431,9.58072507,3.2276519,0.72288396,1.71033096,0.0,0.0,8.55067123,9.47173213
1760625123.293,0.19152891,-0.05822648,2.79497627,-0.01181367,0.93090117,0.01250154,80.0,-7.0,0.0,80.0,1.3962634,0.0,0.0,0.0,80.0,-7.0,0.0,80.0,1.3962634,0.0,0.0,0.0,-2.36970989,0.93568124,4.03183024,5.46481624,-12.92373847,0.67849649,9.47415916,8.66139901,1.04231092,9.58812365,3.12893833,0.73493149,1.68060223,0.0,0.0,8.54116426,9.45810826
1760625123.326,0.19723522,-0.06667515,2.80136021,-0.01198639,0.93085532,0.01235076,80.0,-7.0,0.0,80.0,1.3962634,0.0,0.0,0.0,80.0,-7.0,0.0,80.0,1.3962634,0.0,0.0,0.0,-2.2945654,0.94364724,3.98750601,5.25693662,-12.88887058,0.68500183,9.42673082,8.66984923,1.19106286,9.53312202,3.02143577,0.73111191,1.53284644,0.0,0.0,8.56025669,9.45223079
1760625123.36,0.19971801,-0.06714974,2.7984968,-0.01235932,0.93084559,0.01244929,80.0,-7.0,0.0,80.0,1.3962634,0.0,0.0,0.0,80.0,-7.0,0.0,80.0,1.3962634,0.0,0.0,0.0,-2.29729593,0.94731575,4.00603005,5.25984369,-12.88692207,0.66681072,9.40735664,8.65433313,1.1778761,9.53043601,2.99945571,0.73063278,1.48763899,0.0,0.0,8.55447021,9.44790783
1760625123.393,0.20856613,-0.07211368,2.80359634,-0.01421858,0.93106493,0.01250125,80.0,-7.0,0.0,80.0,1.3962634,0.0,0.0,0.0,80.0,-7.0,0.0,80.0,1.3962634,0.0,0.0,0.0,-1.93737033,0.90545583,3.88657725,4.80499389,-12.63719254,0.92656394,8.03516192,8.57523667,2.52376202,9.46267658,2.61420551,0.65610874,1.32682206,0.0,0.0,8.53815383,9.42424852
1760625123.427,0.21784594,-0.07492697,2.79746104,-0.01538167,0.93109641,0.01316317,80.0,-7.0,0.0,80.0,1.3962634,0.0,0.0,0.0,80.0,-7.0,0.0,80.0,1.3962634,0.0,0.0,0.0,-1.96086878,0.90284124,3.93721639,4.79646314,-12.59448362,0.90860234,8.040969,8.55439977,2.52241852,9.45885681,2.60498819,0.65853502,1.21747866,0.0,0.0,8.52286935,9.39497849
1760625123.46,0.20950966,-0.07456502,2.80403263,-0.01601552,0.93118098,0.01373955,80.0,-7.0,0.0,80.0,1.3962634,0.0,0.0,0.0,80.0,-7.0,0.0,80.0,1.3962634,0.0,0.0,0.0,-2.03403486,0.84400674,3.89811096,4.88263166,-12.48770875,1.05984365,8.12066505,8.49530763,2.40750121,9.38757673,2.67688477,0.63760311,1.01416069,0.0,0.0,8.47973137,9.36417679
1760625123.494,0.23698591,-0.07696757,2.81498063,-0.01603679,0.93136572,0.01379094,80.0,-7.0,0.0,80.0,1.3962634,0.0,0.0,0.0,80.0,-7.0,0.0,80.0,1.3962634,0.0,0.0,0.0,-2.06756725,0.84828475,3.91530243,4.86837061,-12.48301917,1.07424375,8.1369996,8.51498791,2.39801723,9.40249015,2.63628754,0.69776352,1.00172252,0.0,0.0,8.46048356,9.40781356
1760625123.527,0.23840889,-0.08073401,2.82787189,-0.01697289,0.93151166,0.01370392,80.0,-7.0,0.0,80.0,1.3962634,0.0,0.0,0.0,80.0,-7.0,0.0,80.0,1.3962634,0.0,0.0,0.0,-1.90291056,0.85504716,3.85833754,4.55932225,-12.41889881,1.13017883,8.07254856,8.49748005,2.56875771,9.41367715,2.42329238,0.76366375,0.96825092,0.0,0.0,8.52360298,9.49740713
1760625123.56,0.21943437,-0.07930839,2.81960179,-0.01598163,0.93140909,0.01362775,80.0,-7.0,0.0,80.0,1.3962634,0.0,0.0,0.0,80.0,-7.0,0.0,80.0,1.3962634,0.0,0.0,0.0,-1.94579806,0.83229472,3.95635688,4.76975898,-12.42401675,1.13582134,8.11653529,8.3575727,2.40251089,9.47832771,2.45330567,0.74888615,1.08461734,0.0,0.0,8.51123251,9.50120043
1760625123.594,0.2397907,-0.07384229,2.817645,-0.01554907,0.93128933,0.01225044,80.0,-7.0,0.0,80.0,1.3962634,0.0,0.0,0.0,80.0,-7.0,0.0,80.0,1.3962634,0.0,0.0,0.0,-1.73670564,0.85596836,3.86299138,4.37778993,-12.40663131,1.31231958,7.51917812,8.22708661,3.15024943,9.50739227,2.18594111,0.74702381,0.95753599,0.0,0.0,8.47991245,9.43703304
1760625123.627,0.24529772,-0.0731137,2.8248184,-0.01477163,0.93121862,0.01163286,80.0,-7.0,0.0,80.0,1.3962634,0.0,0.0,0.0,80.0,-7.0,0.0,80.0,1.3962634,0.0,0.0,0.0,-1.73965404,0.90010869,3.82688568,4.35018076,-12.46703969,1.3451635,7.47440293,8.31236259,3.2107593,9.50829667,2.13050976,0.73024331,0.9342701,0.0,0.0,8.49418555,9.43686045
1760625123.661,0.22456212,-0.06972736,2.81318651,-0.0143564,0.93125893,0.01162652,80.0,-7.0,0.0,80.0,1.3962634,0.0,0.0,0.0,80.0,-7.0,0.0,80.0,1.3962634,0.0,0.0,0.0,-1.69167929,0.90558985,3.80166431,4.28426477,-12.44926658,1.37171664,7.40514987,8.36333503,3.3091818,9.43523425,2.09399312,0.7057418,0.87506947,0.0,0.0,8.47682371,9.41914068
1760625123.694,0.23477453,-0.06771914,2.80851799,-0.01433154,0.93129617,0.01167312,80.0,-7.0,0.0,80.0,1.3962634,0.0,0.0,0.0,80.0,-7.0,0.0,80.0,1.3962634,0.0,0.0,0.0,-1.70556301,0.90165606,3.8289147,4.28346229,-12.46533211,1.3540694,7.39718097,8.35480222,3.31218851,9.42612356,2.08322233,0.68189102,0.82504081,0.0,0.0,8.45001882,9.38911785
1760625123.728,0.2327388,-0.05831289,2.80844303,-0.01367637,0.93123019,0.01091477,80.0,-7.0,0.0,80.0,1.3962634,0.0,0.0,0.0,80.0,-7.0,0.0,80.0,1.3962634,0.0,0.0,0.0,-1.89479726,0.91634643,3.59959211,4.5040932,-12.4675178,1.6563197,6.97271336,8.26864172,3.72566879,9.41420772,2.3384239,0.71399492,0.65426606,0.0,0.0,8.3750506,9.38240836
1760625123.761,0.21717009,-0.0598111,2.80649214,-0.01407692,0.9311742,0.01050953,80.0,-7.0,0.0,80.0,1.3962634,0.0,0.0,0.0,80.0,-7.0,0.0,80.0,1.3962634,0.0,0.0,0.0,-1.84197669,0.95578378,3.68063259,4.517217,-12.52934905,1.59410557,6.95016199,8.27568899,3.68796391,9.41655702,2.25515171,0.74534273,0.74511534,0.0,0.0,8.40358915,9.38175735
1760625123.794,0.23486746,-0.05243848,2.80885436,-0.01494255,0.93142924,0.01114476,80.0,-7.0,0.0,80.0,1.3962634,0.0,0.0,0.0,80.0,-7.0,0.0,80.0,1.3962634,0.0,0.0,0.0,-1.86967083,0.90850264,3.75973728,4.55514314,-12.48607835,1.55057881,7.01225529,8.28835857,3.62159367,9.43824472,2.22203387,0.69651767,0.842319,0.0,0.0,8.40467713,9.38796744
1760625123.828,0.24485829,-0.05132829,2.8115904,-0.01437081,0.931488,0.01173626,80.0,-7.0,0.0,80.0,1.3962634,0.0,0.0,0.0,80.0,-7.0,0.0,80.0,1.3962634,0.0,0.0,0.0,-1.82467283,0.88218502,3.80070457,4.51207765,-12.43205359,1.58517124,7.03129858,8.24951116,3.5850995,9.41911729,2.14049222,0.67386286,0.91859864,0.0,0.0,8.43325445,9.40957194
1760625123.861,0.23447792,-0.05454652,2.81407121,-0.01299219,0.93124606,0.01193258,80.0,-7.0,0.0,80.0,1.3962634,0.0,0.0,0.0,80.0,-7.0,0.0,80.0,1.3962634,0.0,0.0,0.0,-2.03279741,0.87656983,3.88727783,4.77551774,-12.57037778,1.44072121,8.01634495,8.26977024,2.63228036,9.47618695,2.35146475,0.68035503,0.95607867,0.0,0.0,8.44422736,9.44466616
1760625123.895,0.24534986,-0.0553696,2.80664751,-0.01185898,0.93128763,0.01186392,80.0,-7.0,0.0,80.0,1.3962634,0.0,0.0,0.0,80.0,-7.0,0.0,80.0,1.3962634,0.0,0.0,0.0,-2.08630338,0.87398843,3.93989986,4.91896101,-12.67063747,1.38953636,8.73601079,8.23303006,1.88728151,9.52225636,2.38827863,0.69267119,1.01710738,0.0,0.0,8.43387441,9.43714355
1760625123.928,0.25609856,-0.05491536,2.80207844,-0.01214491,0.93140949,0.01178448,80.0,-7.0,0.0,80.0,1.3962634,0.0,0.0,0.0,80.0,-7.0,0.0,80.0,1.3962634,0.0,0.0,0.0,-1.94333841,0.83618299,3.97477398,4.71340596,-12.58129326,1.39535639,8.25545521,8.17784938,2.42764103,9.53316488,2.25700747,0.65923449,1.03037808,0.0,0.0,8.46507593,9.45277661
1760625123.962,0.25028993,-0.06065064,2.80303377,-0.01143892,0.9311922,0.01141915,80.0,-7.0,0.0,80.0,1.3962634,0.0,0.0,0.0,80.0,-7.0,0.0,80.0,1.3962634,0.0,0.0,0.0,-1.91401157,0.83533248,3.97454678,4.6848161,-12.59076769,1.38436521,8.2305336,8.17824121,2.43348699,9.53651716,2.2550791,0.64958054,1.00595612,0.0,0.0,8.45698756,9.45327792
1760625123.995,0.2582421,-0.06608944,2.8202714,-0.01153247,0.9311453,0.01102174,80.0,-7.0,0.0,80.0,1.3962634,0.0,0.0,0.0,80.0,-7.0,0.0,80.0,1.3962634,0.0,0.0,0.0,-1.82824146,0.8533942,3.98723198,4.59130818,-12.58077663,1.33444887,8.14579295,8.24445368,2.54606971,9.51076908,2.19457676,0.64484631,1.03171459,0.0,0.0,8.45548115,9.43545035
1760625124.062,0.2602218,-0.06985396,2.83821299,-0.01250783,0.93141716,0.01094357,80.0,-7.0,0.0,80.0,1.3962634,0.0,0.0,0.0,80.0,-7.0,0.0,80.0,1.3962634,0.0,0.0,0.0,-1.90931984,0.82604051,4.01717578,4.7145753,-12.49745064,1.3135542,7.84971036,8.26873872,2.79304682,9.47319723,2.31791712,0.56840449,1.27344426,0.0,0.0,8.47208014,9.43853252
1760625124.096,0.27272415,-0.07282859,2.84159586,-0.01301243,0.93146397,0.01098126,80.0,-7.0,0.0,80.0,1.3962634,0.0,0.0,0.0,80.0,-7.0,0.0,80.0,1.3962634,0.0,0.0,0.0,-1.85295804,0.8347422,3.94502916,4.62809566,-12.43258396,1.35818608,7.63543616,8.284424,3.01506396,9.40342682,2.3353531,0.55801785,1.19470768,0.0,0.0,8.4842773,9.42494208
1760625124.129,0.2797734,-0.07144795,2.83021177,-0.01377339,0.93129914,0.00978932,80.0,-7.0,0.0,80.0,1.3962634,0.0,0.0,0.0,80.0,-7.0,0.0,80.0,1.3962634,0.0,0.0,0.0,-1.81021142,0.90860376,3.86936674,4.54396392,-12.46474541,1.48717794,6.91536124,8.26692525,3.78248602,9.45526466,2.35609168,0.65285735,1.13006879,0.0,0.0,8.4678942,9.40072867
1760625124.163,0.27253211,-0.07573688,2.8153147,-0.01407193,0.9313638,0.00996228,80.0,-7.0,0.0,80.0,1.3962634,0.0,0.0,0.0,80.0,-7.0,0.0,80.0,1.3962634,0.0,0.0,0.0,-1.7987551,0.91485679,3.87258719,4.54932258,-12.460616,1.51384536,6.91711409,8.28226632,3.77733652,9.45933913,2.38159041,0.66600916,1.1607982,0.0,0.0,8.46419803,9.40166575
1760625124.196,0.29261595,-0.08393951,2.81584297,-0.01446121,0.93163266,0.01052977,80.0,-7.0,0.0,80.0,1.3962634,0.0,0.0,0.0,80.0,-7.0,0.0,80.0,1.3962634,0.0,0.0,0.0,-1.76775566,0.91340786,3.87178973,4.43327905,-12.36993993,1.40924581,6.60529603,8.38490283,4.08630722,9.40760598,2.32887991,0.66590295,1.26707094,0.0,0.0,8.48207163,9.41672383
1760625124.229,0.28254699,-0.08545599,2.81888129,-0.01292573,0.93176507,0.01127701,80.0,-7.0,0.0,80.0,1.3962634,0.0,0.0,0.0,80.0,-7.0,0.0,80.0,1.3962634,0.0,0.0,0.0,-1.85702533,0.87542898,3.6206826,4.53918517,-12.26655532,1.63472281,6.52151477,8.41530292,4.17735978,9.33127447,2.51118558,0.65676085,1.07258253,0.0,0.0,8.39709428,9.40913524
1760625124.263,0.27775708,-0.0865903,2.8177655,-0.01322969,0.93186757,0.0119156,80.0,-7.0,0.0,80.0,1.3962634,0.0,0.0,0.0,80.0,-7.0,0.0,80.0,1.3962634,0.0,0.0,0.0,-1.80867675,0.81601344,3.72572938,4.512141,-12.21823685,1.52462335,6.52615972,8.40635846,4.16426442,9.35720312,2.388047,0.58029253,1.2742628,0.0,0.0,8.4490855,9.41818696
1760625124.296,0.27760141,-0.08793861,2.82287141,-0.01363874,0.93169444,0.01158612,80.0,-7.0,0.0,80.0,1.3962634,0.0,0.0,0.0,80.0,-7.0,0.0,80.0,1.3962634,0.0,0.0,0.0,-1.82069569,0.81599803,3.69773939,4.52178703,-12.24104522,1.53425033,6.53175348,8.42148942,4.16506956,9.34433144,2.38586438,0.57060564,1.32278389,0.0,0.0,8.45736472,9.42073984
1760625124.33,0.27103413,-0.09329021,2.82532986,-0.01418169,0.93164814,0.01107392,80.0,-7.0,0.0,80.0,1.3962634,0.0,0.0,0.0,80.0,-7.0,0.0,80.0,1.3962634,0.0,0.0,0.0,-1.89349862,0.85129017,3.64767752,4.54311597,-12.27900112,1.5331169,6.54631841,8.49331313,4.20504746,9.27188745,2.46657908,0.58845736,1.29854493,0.0,0.0,8.45096004,9.4231927
1760625124.363,0.26985586,-0.09002493,2.83378097,-0.01462468,0.93165645,0.01085807,80.0,-7.0,0.0,80.0,1.3962634,0.0,0.0,0.0,80.0,-7.0,0.0,80.0,1.3962634,0.0,0.0,0.0,-1.9015476,0.83699996,3.68693253,4.65020665,-12.32017405,1.45650192,6.59733292,8.5521217,4.06296606,9.27571605,2.44698709,0.55172162,1.3306996,0.0,0.0,8.47343323,9.41120536
1760625124.397,0.25815372,-0.08822533,2.83907672,-0.01344477,0.93133571,0.01157959,80.0,-7.0,0.0,80.0,1.3962634,0.0,0.0,0.0,80.0,-7.0,0.0,80.0,1.3962634,0.0,0.0,0.0,-1.90900621,0.7951311,3.70391453,4.58662421,-12.34942205,1.30206208,7.37499443,8.6416074,3.37362142,9.19623554,2.43671589,0.47061375,1.38814165,0.0,0.0,8.49217387,9.42260001
1760625124.43,0.23234889,-0.09038514,2.83257966,-0.01316952,0.93131244,0.0118166,80.0,-7.0,0.0,80.0,1.3962634,0.0,0.0,0.0,80.0,-7.0,0.0,80.0,1.3962634,0.0,0.0,0.0,-1.91550738,0.78410695,3.69052253,4.60784505,-12.36690929,1.29873885,7.38833086,8.64905766,3.37999517,9.17723496,2.46148291,0.44366173,1.38663646,0.0,0.0,8.4916472,9.42872196
1760625124.464,0.22770477,-0.08667297,2.83962743,-0.0125701,0.9313515,0.01194078,80.0,-7.0,0.0,80.0,1.3962634,0.0,0.0,0.0,80.0,-7.0,0.0,80.0,1.3962634,0.0,0.0,0.0,-2.18377188,0.76758695,3.73813291,4.93565519,-12.46284618,1.21902829,7.97031655,8.71067824,2.76494737,9.18127262,2.71557999,0.42456906,1.39010727,0.0,0.0,8.4972466,9.43527189
1760625124.497,0.21985465,-0.07984098,2.84021045,-0.0113298,0.93129834,0.01161371,80.0,-7.0,0.0,80.0,1.3962634,0.0,0.0,0.0,80.0,-7.0,0.0,80.0,1.3962634,0.0,0.0,0.0,-2.57423246,0.7502079,3.83134948,5.38167442,-12.63786399,1.090441,8.96280256,8.71083116,1.75528378,9.21921233,3.06238561,0.40303796,1.48373367,0.0,0.0,8.51619759,9.47273232
1760625124.531,0.20209075,-0.07888381,2.83953848,-0.01136716,0.93109809,0.01141106,80.0,-7.0,0.0,80.0,1.3962634,0.0,0.0,0.0,80.0,-7.0,0.0,80.0,1.3962634,0.0,0.0,0.0,-2.68396917,0.75348286,3.90972398,5.4605272,-12.74352311,1.08217072,8.96621096,8.67498389,1.78317352,9.28553636,3.15321229,0.40004069,1.54379859,0.0,0.0,8.5308961,9.48508403
1760625124.564,0.19112842,-0.08021303,2.8381344,-0.01173508,0.93057201,0.01051713,80.0,-7.0,0.0,80.0,1.3962634,0.0,0.0,0.0,80.0,-7.0,0.0,80.0,1.3962634,0.0,0.0,0.0,-3.00540524,0.80177313,3.96975226,5.78330894,-12.90990071,1.09090871,8.94422726,8.68554782,1.80943628,9.37374061,3.43148753,0.45589032,1.62273314,0.0,0.0,8.51845678,9.48052437
1760625124.597,0.19500703,-0.08444698,2.84282424,-0.01219988,0.93030775,0.01012864,80.0,-7.0,0.0,80.0,1.3962634,0.0,0.0,0.0,80.0,-7.0,0.0,80.0,1.3962634,0.0,0.0,0.0,-3.09927113,0.82844563,4.02829075,5.88733187,-12.98222596,1.16034913,8.71755082,8.61960793,2.0036228,9.44858694,3.45205084,0.47810562,1.70776951,0.0,0.0,8.55634143,9.50333461
1760625124.664,0.17544268,-0.09671993,2.83901284,-0.01351058,0.93040694,0.00996863,80.0,-7.0,0.0,80.0,1.3962634,0.0,0.0,0.0,80.0,-7.0,0.0,80.0,1.3962634,0.0,0.0,0.0,-2.93158107,0.78583697,3.89114814,5.58672477,-12.70852174,1.4888334,6.81437197,8.64895948,3.9932151,9.41350512,3.28536634,0.4057568,1.64488401,0.0,0.0,8.51433083,9.47073778
1760625124.698,0.17694992,-0.10046047,2.83284822,-0.01204125,0.93009816,0.01058212,80.0,-7.0,0.0,80.0,1.3962634,0.0,0.0,0.0,80.0,-7.0,0.0,80.0,1.3962634,0.0,0.0,0.0,-3.12980011,0.77007846,4.01358027,5.79410265,-12.81255389,1.26793981,7.83734665,8.62712377,3.01845495,9.3907788,3.48317479,0.37441191,1.64806209,0.0,0.0,8.54850069,9.49166658
1760625124.731,0.18393164,-0.10767654,2.84139391,-0.01370815,0.92986347,0.01016357,80.0,-7.0,0.0,80.0,1.3962634,0.0,0.0,0.0,80.0,-7.0,0.0,80.0,1.3962634,0.0,0.0,0.0,-3.08526187,0.77933469,4.13353633,5.63274213,-12.82113072,1.13946193,7.23644407,8.56651088,3.70051035,9.40187019,3.41836905,0.37645583,1.69022395,0.0,0.0,8.61376225,9.48394728
1760625124.765,0.17463496,-0.11499426,2.85447146,-0.01388563,0.92978885,0.00987844,80.0,-7.0,0.0,80.0,1.3962634,0.0,0.0,0.0,80.0,-7.0,0.0,80.0,1.3962634,0.0,0.0,0.0,-3.08004856,0.79077586,4.12598907,5.56206968,-12.82516056,1.17474592,7.21572058,8.58931699,3.70466013,9.40133349,3.49220256,0.37796128,1.7034019,0.0,0.0,8.64367378,9.48505664
1760625124.798,0.18605192,-0.11581613,2.85603954,-0.01411828,0.92979086,0.00956507,80.0,-7.0,0.0,80.0,1.3962634,0.0,0.0,0.0,80.0,-7.0,0.0,80.0,1.3962634,0.0,0.0,0.0,-2.92044543,0.81735579,4.1476037,5.3770562,-12.8585909,1.1765391,7.18163642,8.52466529,3.70577507,9.43171626,3.34974283,0.38061346,1.85653513,0.0,0.0,8.70532909,9.50327366
1760625124.832,0.19056678,-0.11735827,2.85047733,-0.01441692,0.92945995,0.00904283,80.0,-7.0,0.0,80.0,1.3962634,0.0,0.0,0.0,80.0,-7.0,0.0,80.0,1.3962634,0.0,0.0,0.0,-2.96581843,0.84071457,4.16277711,5.33451631,-12.91447438,1.15288838,7.18537063,8.48268862,3.7396224,9.47949666,3.42222344,0.38611298,1.96134466,0.0,0.0,8.76394427,9.5298917
1760625124.898,0.20255134,-0.12705592,2.8283602,-0.01423606,0.92952727,0.00948053,80.0,-7.0,0.0,80.0,1.3962634,0.0,0.0,0.0,80.0,-7.0,0.0,80.0,1.3962634,0.0,0.0,0.0,-3.09561309,0.87671861,4.1442691,5.39714824,-12.94351316,1.21054473,7.53947332,8.3300493,3.31555402,9.50550841,3.48223888,0.39572039,2.10690778,0.0,0.0,8.74279805,9.47869321
1760625124.932,0.20889272,-0.12351014,2.83098152,-0.01593105,0.92954823,0.00932306,80.0,-7.0,0.0,80.0,1.3962634,0.0,0.0,0.0,80.0,-7.0,0.0,80.0,1.3962634,0.0,0.0,0.0,-3.08578341,0.8717273,4.09297965,5.2659531,-12.89458064,1.19794962,7.52222789,8.3009698,3.40524258,9.4968858,3.41323029,0.3949768,2.06820577,0.0,0.0,8.7566963,9.50431187
1760625124.965,0.17894373,-0.13207338,2.82107927,-0.01654289,0.9295835,0.00936477,80.0,-7.0,0.0,80.0,1.3962634,0.0,0.0,0.0,80.0,-7.0,0.0,80.0,1.3962634,0.0,0.0,0.0,-3.05840517,0.86696769,4.14332768,5.26516563,-12.84613389,1.24459755,7.48376191,8.21414831,3.34284143,9.54281874,3.28342635,0.38769154,2.15724448,0.0,0.0,8.73584115,9.47603688
1760625124.999,0.18496565,-0.13223937,2.81510911,-0.01618431,0.92966783,0.00996643,80.0,-7.0,0.0,80.0,1.3962634,0.0,0.0,0.0,80.0,-7.0,0.0,80.0,1.3962634,0.0,0.0,0.0,-3.09693149,0.80604631,4.1704481,5.26428771,-12.72074445,1.22997928,7.57807454,8.20705525,3.27137536,9.53607834,3.2283404,0.33634954,2.22491559,0.0,0.0,8.74272187,9.47768008
1760625125.032,0.19182016,-0.13465122,2.81903952,-0.01515135,0.92993509,0.01047828,80.0,-7.0,0.0,80.0,1.3962634,0.0,0.0,0.0,80.0,-7.0,0.0,80.0,1.3962634,0.0,0.0,0.0,-3.04020914,0.76729455,4.15665071,5.11017903,-12.6126609,1.23679629,7.94226577,8.16570364,2.96099089,9.48705538,3.06677319,0.29737732,2.25512116,0.0,0.0,8.75638956,9.50186218
1760625125.066,0.19030948,-0.13081802,2.8182545,-0.01438615,0.93024341,0.01083533,80.0,-7.0,0.0,80.0,1.3962634,0.0,0.0,0.0,80.0,-7.0,0.0,80.0,1.3962634,0.0,0.0,0.0,-3.04654693,0.69850646,4.15961583,5.09117935,-12.52188319,1.28169405,8.48317953,8.12373841,2.4358428,9.45337258,2.96179434,0.24924429,2.20942302,0.0,0.0,8.72170324,9.4859591
1760625125.099,0.19220735,-0.12794973,2.82630541,-0.0144739,0.93009802,0.01073055,80.0,-7.0,0.0,80.0,1.3962634,0.0,0.0,0.0,80.0,-7.0,0.0,80.0,1.3962634,0.0,0.0,0.0,-3.01751956,0.65871393,4.12529948,4.97264207,-12.45428606,1.33082542,8.50514806,8.12328715,2.52634121,9.45549346,2.84796166,0.22623724,2.16831859,0.0,0.0,8.68121941,9.48136694
1760625125.133,0.18617871,-0.12491707,2.83933788,-0.01511333,0.9299973,0.0104241,80.0,-7.0,0.0,80.0,1.3962634,0.0,0.0,0.0,80.0,-7.0,0.0,80.0,1.3962634,0.0,0.0,0.0,-2.98869666,0.63239407,4.05057144,4.84746285,-12.34059516,1.4151836,8.50757167,8.12443263,2.6357736,9.38766734,2.77211501,0.22024289,2.07662274,0.0,0.0,8.69622815,9.49202993
1760625125.166,0.19294995,-0.1106579,2.85286231,-0.0153986,0.92989835,0.01032639,80.0,-7.0,0.0,80.0,1.3962634,0.0,0.0,0.0,80.0,-7.0,0.0,80.0,1.3962634,0.0,0.0,0.0,-3.03461374,0.62524165,4.07710233,4.82621275,-12.34016446,1.48339205,8.48335882,8.12906796,2.62900614,9.37659464,2.7344491,0.21989131,2.08966294,0.0,0.0,8.6788709,9.49766941
1760625125.2,0.19862144,-0.10271783,2.84974626,-0.01566186,0.92998205,0.01037247,80.0,-7.0,0.0,80.0,1.3962634,0.0,0.0,0.0,80.0,-7.0,0.0,80.0,1.3962634,0.0,0.0,0.0,-3.04653813,0.60319864,4.06249505,4.8320163,-12.28088039,1.64647368,8.11695488,8.06011416,3.0340614,9.3463794,2.67617571,0.1835614,2.14077576,0.0,0.0,8.66760438,9.48587867
1760625125.233,0.21713797,-0.09243307,2.84288115,-0.01557719,0.93041144,0.01030194,80.0,-7.0,0.0,80.0,1.3962634,0.0,0.0,0.0,80.0,-7.0,0.0,80.0,1.3962634,0.0,0.0,0.0,-3.20848528,0.63216614,3.88999765,4.93237179,-12.28345694,1.89501355,8.09687012,8.05851971,3.11665985,9.28178828,2.85412982,0.20848517,2.00339897,0.0,0.0,8.60740513,9.46357383
1760625125.266,0.23073949,-0.08250911,2.83913916,-0.01445854,0.93058342,0.0107601,80.0,-7.0,0.0,80.0,1.3962634,0.0,0.0,0.0,80.0,-7.0,0.0,80.0,1.3962634,0.0,0.0,0.0,-3.38301834,0.62203204,3.67479492,5.07795657,-12.24120068,2.20831163,8.15924021,8.00179268,3.15598837,9.20048781,3.05150315,0.19228647,1.75833561,0.0,0.0,8.51868861,9.43766479
1760625125.3,0.24267087,-0.07417106,2.83538877,-0.01453847,0.93069269,0.01121696,80.0,-7.0,0.0,80.0,1.3962634,0.0,0.0,0.0,80.0,-7.0,0.0,80.0,1.3962634,0.0,0.0,0.0,-3.4165034,0.60106115,3.70684225,5.11029315,-12.21427959,2.30747856,8.19663856,7.89139738,3.11613427,9.18139432,3.01958077,0.15579079,1.74704895,0.0,0.0,8.53253933,9.42250754
1760625125.333,0.24114643,-0.06537119,2.83432803,-0.01415355,0.93080843,0.01138469,80.0,-7.0,0.0,80.0,1.3962634,0.0,0.0,0.0,80.0,-7.0,0.0,80.0,1.3962634,0.0,0.0,0.0,-3.45332074,0.60999531,3.70807881,5.10631468,-12.21793305,2.34625909,8.20667992,7.90596253,3.12247798,9.18373694,3.01157302,0.16181319,1.75790461,0.0,0.0,8.54912067,9.44496434
1760625125.367,0.25074482,-0.0658111,2.83398788,-0.01379449,0.93094992,0.01138495,80.0,-7.0,0.0,80.0,1.3962634,0.0,0.0,0.0,80.0,-7.0,0.0,80.0,1.3962634,0.0,0.0,0.0,-3.55482771,0.65209766,3.67862826,5.20682693,-12.30663462,2.42385054,8.74612173,7.83009219,2.60771507,9.18761202,2.98625755,0.19061174,1.79665306,0.0,0.0,8.53629037,9.41853838
1760625125.4,0.26671449,-0.06583093,2.83139877,-0.01353302,0.93110643,0.01130934,80.0,-7.0,0.0,80.0,1.3962634,0.0,0.0,0.0,80.0,-7.0,0.0,80.0,1.3962634,0.0,0.0,0.0,-3.62164429,0.65038733,3.70972207,5.22079616,-12.30448056,2.43102584,8.79352896,7.83383021,2.62315448,9.18965245,2.9374336,0.18582785,1.85408218,0.0,0.0,8.55891048,9.42486679
1760625125.434,0.27249722,-0.0707239,2.83487015,-0.01431637,0.9312437,0.01115819,80.0,-7.0,0.0,80.0,1.3962634,0.0,0.0,0.0,80.0,-7.0,0.0,80.0,1.3962634,0.0,0.0,0.0,-3.70744572,0.66527211,3.82927642,5.23275397,-12.36828239,2.31693583,9.35699356,7.80644579,2.12553669,9.18180999,2.87695671,0.18686882,2.02807037,0.0,0.0,8.58940864,9.4435576
1760625125.467,0.29393063,-0.07358181,2.8333175,-0.01470038,0.93148291,0.01102115,80.0,-7.0,0.0,80.0,1.3962634,0.0,0.0,0.0,80.0,-7.0,0.0,80.0,1.3962634,0.0,0.0,0.0,-3.83060092,0.69709455,3.83867657,5.18433404,-12.33217376,2.44908669,9.41730326,7.73091496,2.20623556,9.07535284,2.82222936,0.19346557,2.14054025,0.0,0.0,8.63662342,9.48760098
1760625125.501,0.30653632,-0.07509377,2.82405602,-0.01418309,0.93152139,0.01100399,80.0,-7.0,0.0,80.0,1.3962634,0.0,0.0,0.0,80.0,-7.0,0.0,80.0,1.3962634,0.0,0.0,0.0,-3.93112224,0.73712976,3.86352151,5.12309287,-12.32004548,2.58995242,9.47059095,7.76662306,2.32092625,9.00039279,2.75149049,0.19171426,2.27290947,0.0,0.0,8.63029072,9.48685711
1760625125.534,0.34327792,-0.07306256,2.81538448,-0.01338797,0.93208229,0.01002855,80.0,-7.0,0.0,80.0,1.3962634,0.0,0.0,0.0,80.0,-7.0,0.0,80.0,1.3962634,0.0,0.0,0.0,-4.13589813,0.83609211,3.91117309,5.12947279,-12.3915775,2.80485898,9.57124259,7.93872921,2.4562847,8.91216783,2.71423469,0.21453806,2.5833468,0.0,0.0,8.63052429,9.46591054
1760625125.567,0.40309252,-0.06773406,2.82246541,-0.01344322,0.93270374,0.00992273,80.0,-7.0,0.0,80.0,1.3962634,0.0,0.0,0.0,80.0,-7.0,0.0,80.0,1.3962634,0.0,0.0,0.0,-4.55345548,0.95717732,3.94415139,5.25379401,-12.48905023,3.14744746,9.79001582,9.04939958,2.68663035,8.88070827,2.77621937,0.17792424,3.25876998,0.0,0.0,8.65882693,9.46168544
1760625125.601,0.43027077,-0.0672707,2.82691325,-0.0121879,0.93287935,0.01124031,80.0,-7.0,0.0,80.0,1.3962634,0.0,0.0,0.0,80.0,-7.0,0.0,80.0,1.3962634,0.0,0.0,0.0,-4.90638557,1.00817541,3.87109148,5.36892504,-12.40522049,3.82719866,9.23242713,10.40119946,3.62166631,8.83849158,2.87350232,0.02135354,4.35218322,0.0,0.0,8.54317001,9.33872345
1760625125.634,0.45746106,-0.06252687,2.83172674,-0.01220765,0.93257344,0.0120572,80.0,-7.0,0.0,80.0,1.3962634,0.0,0.0,0.0,80.0,-7.0,0.0,80.0,1.3962634,0.0,0.0,0.0,-5.24697877,1.08409437,3.86027242,5.47571995,-12.31230541,4.66113308,8.2455678,12.26908829,4.9761537,8.71401559,2.81916266,-0.34239479,7.20298377,0.0,0.0,8.24648744,8.97518383
1760625125.668,0.46942494,-0.07264489,2.84427791,-0.01354601,0.93238598,0.01233894,80.0,-7.0,0.0,80.0,1.3962634,0.0,0.0,0.0,80.0,-7.0,0.0,80.0,1.3962634,0.0,0.0,0.0,-5.82174841,1.29954483,4.02636327,5.58170098,-12.50259404,5.43197775,8.06148893,15.7104524,6.06620302,8.2877435,3.21069045,-1.14438572,7.82131381,0.0,6.34864121,8.22399503,8.15314583
1760625125.701,0.51375756,-0.0766033,2.84758152,-0.01402806,0.93262454,0.01286385,80.0,-7.0,0.0,80.0,1.3962634,0.0,0.0,0.0,80.0,-7.0,0.0,80.0,1.3962634,0.0,0.0,0.0,-6.59473329,1.50895981,4.27065798,5.87533143,-13.06055385,5.53561245,10.30493256,19.91589711,4.78548828,8.11173575,3.85555963,-2.00957588,8.04343232,0.88405685,11.85563281,8.51185176,7.8611393
1760625125.735,0.55595606,-0.08714205,2.87997774,-0.01763693,0.93324377,0.01404817,80.0,-7.0,0.0,80.0,1.3962634,0.0,0.0,0.0,80.0,-7.0,0.0,80.0,1.3962634,0.0,0.0,0.0,-7.49541324,1.70358056,4.53929969,5.87750404,-13.51713963,6.14618859,10.9273644,26.96421107,5.22313045,7.22568716,3.82226885,-3.75350311,8.06708689,4.3481071,18.46642787,8.72758328,8.00301383
1760625125.768,0.55783404,-0.10859339,2.92614386,-0.02059791,0.93395534,0.01496906,80.0,-7.0,0.0,80.0,1.3962634,0.0,0.0,0.0,80.0,-7.0,0.0,80.0,1.3962634,0.0,0.0,0.0,-8.19737342,1.91016044,4.78947417,5.90961772,-13.99511669,6.86940147,11.51323954,30.74698851,5.58108744,6.19413749,4.03428682,-4.90991538,8.45060228,7.34021941,21.78076935,8.89921106,8.29011536
1760625125.802,0.56424911,-0.12735364,2.9863697,-0.02210843,0.93366533,0.01550777,80.0,-7.0,0.0,80.0,1.3962634,0.0,0.0,0.0,80.0,-7.0,0.0,80.0,1.3962634,0.0,0.0,0.0,-9.01902125,2.11256756,5.03687955,6.05562289,-14.43221293,7.89989037,11.86915521,32.84499209,6.23569929,4.56216431,4.52686193,-6.029966,9.65309541,10.52086585,23.20597439,9.05535856,8.44728396
1760625125.835,0.63334509,-0.14236604,3.07161535,-0.02506624,0.93306505,0.01540585,80.0,-7.0,0.0,80.0,1.3962634,0.0,0.0,0.0,80.0,-7.0,0.0,80.0,1.3962634,0.0,0.0,0.0,-10.28460502,2.35518749,5.40649985,6.62124473,-15.07005245,9.50724934,11.80445766,34.90874169,6.82124793,2.08207015,5.42769029,-7.61082277,12.06438933,14.82514292,23.34772993,9.03116331,8.02141908
1760625125.869,0.53124391,-0.18402325,3.08178309,-0.02634252,0.93210728,0.01539831,80.0,-7.0,0.0,80.0,1.3962634,0.0,0.0,0.0,80.0,-7.0,0.0,80.0,1.3962634,0.0,0.0,0.0,-11.20823722,2.58638128,5.69127765,7.2257811,-15.78155097,10.64374519,12.17643576,36.72571676,6.49986595,0.48120786,6.42919425,-8.72185267,13.83062791,17.82688899,23.17057928,8.85689117,7.40310557
1760625125.902,0.46633284,-0.23371639,3.08879779,-0.02725219,0.93179739,0.0156452,80.0,-7.0,0.0,80.0,1.3962634,0.0,0.0,0.0,80.0,-7.0,0.0,80.0,1.3962634,0.0,0.0,0.0,-12.58931145,2.88567076,5.96205512,8.30333231,-16.58812351,11.9586106,11.54727636,38.68000512,6.92450243,-1.69843607,7.99631863,-9.6608801,15.3198034,20.58770933,23.3573804,8.6534959,6.82659722
1760625125.935,0.41021501,-0.29115564,3.05412099,-0.029687,0.93299056,0.01597929,80.0,-7.0,0.0,80.0,1.3962634,0.0,0.0,0.0,80.0,-7.0,0.0,80.0,1.3962634,0.0,0.0,0.0,-14.32152782,3.14346901,6.21177476,9.2986328,-17.48257006,13.47271523,11.8801324,41.50332483,6.32809989,-4.38041973,9.56766493,-11.10542651,16.53168094,24.393508,24.56894626,8.44267238,6.17853505
1760625125.969,0.24134186,-0.34845679,2.981296,-0.03139861,0.9345014,0.01653885,80.0,-7.0,0.0,80.0,1.3962634,0.0,0.0,0.0,80.0,-7.0,0.0,80.0,1.3962634,0.0,0.0,0.0,-16.04635432,3.33474087,6.48890666,10.4059352,-18.50872191,13.87581465,13.18046833,43.9149035,5.27999492,-5.72837773,10.48948626,-11.99550734,15.99095342,27.80660716,26.91080921,8.33879839,5.89886184
1760625126.002,-0.34834277,-0.42793216,2.85739642,-0.03348162,0.93481052,0.01596756,80.0,-7.0,0.0,80.0,1.3962634,0.0,0.0,0.0,80.0,-7.0,0.0,80.0,1.3962634,0.0,0.0,0.0,-17.52768389,3.65924576,6.78666489,11.38635008,-19.75422582,13.70330847,14.61006345,46.62025214,4.5023908,-7.04601828,11.19273851,-12.36928871,14.424813,31.28388594,30.1773805,8.3063716,5.8423588
1760625126.036,-1.82547853,-0.474941,2.51185742,-0.03839087,0.93478079,0.01705992,80.0,-7.0,0.0,80.0,1.3962634,0.0,0.0,0.0,80.0,-7.0,0.0,80.0,1.3962634,0.0,0.0,0.0,-18.60701022,3.88503814,7.01314898,12.15036461,-20.83684935,13.08821574,17.69120642,50.75090831,2.38532683,-8.12929531,11.86631381,-12.61850131,11.8116429,35.46530721,34.93543083,8.17762436,5.75182412
1760625126.069,-3.45591938,-0.38015026,2.00503355,-0.04223074,0.93329828,0.01862474,80.0,-7.0,0.0,80.0,1.3962634,0.0,0.0,0.0,80.0,-7.0,0.0,80.0,1.3962634,0.0,0.0,0.0,-18.92479578,3.957661,7.26673638,12.61897017,-21.57769672,12.62863333,19.59997648,53.71265113,1.18315747,-8.96893272,12.45636348,-12.75167125,10.64846994,38.36003226,37.21463782,7.95054874,5.43175598
1760625126.103,-5.61291283,-0.20115606,1.36736117,-0.03774913,0.93217274,0.02097087,80.0,-7.0,0.0,80.0,1.3962634,0.0,0.0,0.0,80.0,-7.0,0.0,80.0,1.3962634,0.0,0.0,0.0,-19.69669327,3.7203063,7.54004845,14.07763856,-22.25160054,12.23449,22.61085901,55.99607195,-0.29601242,-8.90904383,13.95693567,-13.23334574,10.21187208,41.22345344,38.20849516,7.73733582,4.95348031
1760625126.136,-8.29251436,0.18807603,1.08987322,-0.03474367,0.93282654,0.02194741,80.0,-7.0,0.0,80.0,1.3962634,0.0,0.0,0.0,80.0,-7.0,0.0,80.0,1.3962634,0.0,0.0,0.0,-19.85520161,3.47776929,7.40656162,14.84732784,-22.4957032,12.32847784,24.06809178,58.69558246,-1.17771254,-10.38746187,14.91091757,-13.9232655,10.46194593,44.77380307,38.67826314,7.36690573,4.12615716
1760625126.169,-10.48752896,0.46987093,0.92718755,-0.02780311,0.93329979,0.02232655,80.0,-7.0,0.0,80.0,1.3962634,0.0,0.0,0.0,80.0,-7.0,0.0,80.0,1.3962634,0.0,0.0,0.0,-19.89741564,3.30138218,7.34555349,15.64827724,-22.52339092,12.75208229,24.54537567,60.74413567,-1.92170829,-11.59321823,15.75873984,-14.12263341,10.6495438,47.06603398,39.18844024,7.21194873,3.69636012
1760625126.203,-12.51167705,0.64797819,0.93973813,-0.02466721,0.93414164,0.02331006,80.0,-7.0,0.0,80.0,1.3962634,0.0,0.0,0.0,80.0,-7.0,0.0,80.0,1.3962634,0.0,0.0,0.0,-19.64587265,3.35956935,7.34050544,16.12286835,-22.72968883,12.651242,26.11056303,62.88229444,-2.98187797,-11.47153722,16.50704796,-13.84107467,10.7150038,48.68426523,40.48007258,7.19960401,3.65364171
1760625126.236,-15.3682236,0.66422906,1.30309902,-0.01507875,0.93747107,0.02558362,80.0,-7.0,0.0,80.0,1.3962634,0.0,0.0,0.0,80.0,-7.0,0.0,80.0,1.3962634,0.0,0.0,0.0,-19.08884915,3.72909198,6.94311676,17.22239595,-22.90718536,12.37105437,28.96937389,65.90635647,-4.59562564,-10.0700469,17.92724709,-12.94502488,10.13775444,49.88519445,43.26847857,7.22455944,3.75636817
1760625126.27,-17.72401171,0.60391181,1.53899968,0.00239233,0.94395949,0.02850768,80.0,-7.0,0.0,80.0,1.3962634,0.0,0.0,0.0,80.0,-7.0,0.0,80.0,1.3962634,0.0,0.0,0.0,-19.45777115,4.05521426,6.73824075,19.29649707,-22.87843167,12.2965248,32.28973864,68.44881044,-6.74417268,-7.72616285,20.02653104,-12.21773853,10.02271481,50.7639996,44.70485279,7.13985062,3.64372035
1760625126.303,-19.91694967,0.620394,1.68918426,0.0112759,0.95375514,0.03238737,80.0,-7.0,0.0,80.0,1.3962634,0.0,0.0,0.0,80.0,-7.0,0.0,80.0,1.3962634,0.0,0.0,0.0,-18.66766783,4.31407911,6.71646765,20.12489187,-22.8431076,12.7122831,33.29915971,70.5380103,-7.86821522,-7.03358706,20.86099039,-11.92650387,10.91403558,51.84125868,45.29264144,7.08474734,3.3907418
1760625126.337,-22.39686691,0.79487662,1.87662937,0.01583042,0.95992848,0.03406595,80.0,-7.0,0.0,80.0,1.3962634,0.0,0.0,0.0,80.0,-7.0,0.0,80.0,1.3962634,0.0,0.0,0.0,-17.5069445,4.48421927,6.31848309,20.57127139,-22.79104798,13.47914342,35.01857685,72.584267,-9.00762091,-6.18214634,21.8669471,-12.11421278,12.19534495,53.14710902,46.4139407,7.19249186,3.24931454
1760625126.37,-24.17174581,0.90398008,2.00168873,0.02651929,0.97300443,0.03697206,80.0,-7.0,0.0,80.0,1.3962634,0.0,0.0,0.0,80.0,-7.0,0.0,80.0,1.3962634,0.0,0.0,0.0,-16.80627027,4.34665382,6.32797349,20.91038751,-21.96682456,13.85819165,34.02044803,73.56023662,-9.17693877,-7.527553,22.69367776,-12.15267823,13.07274065,54.12358205,48.12411327,7.18898522,2.84810132
1760625126.437,-27.25389963,1.13032686,2.16814102,0.04661151,0.98643101,0.04173702,80.0,-7.0,0.0,80.0,1.3962634,0.0,0.0,0.0,80.0,-7.0,0.0,80.0,1.3962634,0.0,0.0,0.0,-12.9318313,4.61595602,6.22004993,18.49691219,-20.75824523,12.79086425,34.03018239,78.55414271,-10.52285781,-7.24991657,22.09274683,-11.49316053,14.01525799,55.81270018,53.4994982,7.24154892,2.26297931
1760625126.471,-27.94534719,1.3363611,2.20461513,0.05841227,0.99214914,0.04571668,80.0,-7.0,0.0,80.0,1.3962634,0.0,0.0,0.0,80.0,-7.0,0.0,80.0,1.3962634,0.0,0.0,0.0,-11.37249615,4.76977456,6.5550002,16.74813597,-20.00740918,11.14667505,34.38630021,81.40862803,-11.3581979,-6.56761347,21.350411,-10.80701956,14.7050072,56.56771374,55.8509966,7.09998999,1.87521083
1760625126.504,-28.36334957,1.57907608,2.31474635,0.06989697,0.99786219,0.05038479,80.0,-7.0,0.0,80.0,1.3962634,0.0,0.0,0.0,80.0,-7.0,0.0,80.0,1.3962634,0.0,0.0,0.0,-10.0474364,4.70793434,6.47518915,15.07525593,-19.08526366,9.0993118,36.67080989,84.43857562,-12.0930362,-4.27510804,20.93404674,-10.470678,15.32649389,57.07711922,57.70513575,6.87059584,1.31950172
1760625126.538,-28.52212859,1.84109485,2.55839779,0.08289475,1.00457721,0.05412946,80.0,-7.0,0.0,80.0,1.3962634,0.0,0.0,0.0,80.0,-7.0,0.0,80.0,1.3962634,0.0,0.0,0.0,-7.77535593,4.98829005,5.83009818,12.18504143,-17.96085508,7.26811433,35.85307781,87.29854901,-11.66969561,-5.23682722,20.21329649,-10.0486895,15.63736772,57.3031546,60.27724766,6.80333012,1.00781831
1760625126.571,-28.51708182,1.89278526,2.75565823,0.0912122,1.01129326,0.05816844,80.0,-7.0,0.0,80.0,1.3962634,0.0,0.0,0.0,80.0,-7.0,0.0,80.0,1.3962634,0.0,0.0,0.0,-4.71149369,4.99392005,4.99973932,8.77080918,-16.5211383,6.86718961,32.70824828,88.75133229,-11.22753359,-8.56847324,18.13643236,-10.00836367,15.5663985,57.52020702,62.3759059,6.69309355,0.72194146
1760625126.604,-28.6310513,1.82989838,2.82745676,0.10317776,1.01828967,0.06325645,80.0,-7.0,0.0,80.0,1.3962634,0.0,0.0,0.0,80.0,-7.0,0.0,80.0,1.3962634,0.0,0.0,0.0,-1.38093779,4.82879247,4.27967899,5.52791212,-15.07763407,7.39724023,30.83414948,89.8110373,-11.57287526,-10.79578122,15.98264913,-10.05255575,15.46164497,57.79638265,63.98484101,6.56395397,0.39351853
1760625126.638,-28.14814842,1.66994082,2.69658281,0.11750374,1.02270376,0.06870137,80.0,-7.0,0.0,80.0,1.3962634,0.0,0.0,0.0,80.0,-7.0,0.0,80.0,1.3962634,0.0,0.0,0.0,1.7442688,4.50357402,3.81863418,3.04806822,-13.74505428,9.6059083,27.93456919,89.60533178,-12.72343642,-13.38326387,13.42114898,-9.79947553,15.37823692,58.48756381,65.96003058,6.62072711,0.07222443
1760625126.671,-27.10717249,1.55313338,2.4320283,0.13023838,1.0296597,0.07291306,80.0,-7.0,0.0,80.0,1.3962634,0.0,0.0,0.0,80.0,-7.0,0.0,80.0,1.3962634,0.0,0.0,0.0,4.33446317,4.44027751,3.44948778,0.50621698,-12.74255214,12.29542917,23.30844812,88.02603327,-13.66226747,-17.68733374,10.91662618,-9.60457447,15.45707498,58.78506666,67.1755315,6.71483787,-0.09520256
1760625126.705,-25.96252157,1.19265625,2.54209037,0.14963568,1.0322004,0.07712324,80.0,-7.0,0.0,80.0,1.3962634,0.0,0.0,0.0,80.0,-7.0,0.0,80.0,1.3962634,0.0,0.0,0.0,6.31313093,4.71187812,2.84108306,-0.67095031,-12.02102088,14.92866778,20.628823,86.72499378,-15.24690855,-20.09514396,9.84886452,-9.11029072,16.19809633,58.81817153,68.44519611,6.71173507,-0.32772969
1760625126.738,-25.37011517,0.84263897,3.02315017,0.16755466,1.03499859,0.08030978,80.0,-7.0,0.0,80.0,1.3962634,0.0,0.0,0.0,80.0,-7.0,0.0,80.0,1.3962634,0.0,0.0,0.0,8.52733902,4.76437265,2.03065675,-2.4641253,-11.46135554,16.30073278,16.90971688,85.82001495,-16.00064381,-24.22750344,8.73996084,-8.80927122,16.99572847,58.69138812,69.40024236,6.67576919,-0.43870015
1760625126.772,-24.8580783,0.53552077,3.51639827,0.18643409,1.03613659,0.08434763,80.0,-7.0,0.0,80.0,1.3962634,0.0,0.0,0.0,80.0,-7.0,0.0,80.0,1.3962634,0.0,0.0,0.0,10.34810562,4.6093905,1.98545318,-4.04993482,-11.27033084,16.19026417,16.65529736,86.07468061,-17.4968755,-24.99999983,8.39549127,-8.67186079,18.65787962,58.4562101,70.42267035,6.47115228,-0.67492216
1760625126.805,-24.17802203,0.19969492,4.10523773,0.20016552,1.03879805,0.08856501,80.0,-7.0,0.0,80.0,1.3962634,0.0,0.0,0.0,80.0,-7.0,0.0,80.0,1.3962634,0.0,0.0,0.0,12.32640351,4.28001923,1.77482342,-6.70369623,-10.76704044,15.94130748,17.56686554,87.41905281,-21.24982282,-24.99999983,8.69703126,-8.7653353,20.81835844,57.91111748,71.3027614,5.76704772,-1.51734079
1760625126.839,-23.76160613,-0.20599418,4.6235584,0.21461228,1.03871587,0.09165901,80.0,-7.0,0.0,80.0,1.3962634,0.0,0.0,0.0,80.0,-7.0,0.0,80.0,1.3962634,0.0,0.0,0.0,13.47421574,4.24203684,1.64401778,-7.71689054,-10.52417717,16.28786608,17.59867533,88.21902453,-24.41203328,-24.99999983,9.26499551,-8.68960021,22.52196692,57.50137982,71.03901486,5.2468543,-2.1425888
1760625126.872,-23.27709466,-0.62644604,4.96919477,0.22493789,1.03911207,0.09419193,80.0,-7.0,0.0,80.0,1.3962634,0.0,0.0,0.0,80.0,-7.0,0.0,80.0,1.3962634,0.0,0.0,0.0,14.25562462,4.56121372,1.31091964,-8.49836858,-10.92013874,17.06969754,17.31603602,88.76824717,-26.97672529,-24.99999983,9.71798671,-8.22019472,23.46187329,57.16433596,70.52147772,4.9350326,-2.45610628
1760625126.906,-22.22521462,-0.88011335,5.19766332,0.23367444,1.04146666,0.09515572,80.0,-7.0,0.0,80.0,1.3962634,0.0,0.0,0.0,80.0,-7.0,0.0,80.0,1.3962634,0.0,0.0,0.0,14.36786814,4.77905043,0.99878403,-8.92911676,-11.71695223,18.05665211,17.28701913,89.61942069,-29.03299734,-24.99999983,9.49796406,-7.52107224,23.06962211,57.4400868,71.27442885,4.83616563,-2.53582018
1760625126.939,-21.24790793,-0.62179334,5.32691131,0.24515614,1.04206514,0.09537197,80.0,-7.0,0.0,80.0,1.3962634,0.0,0.0,0.0,80.0,-7.0,0.0,80.0,1.3962634,0.0,0.0,0.0,14.09303096,4.25483661,1.09404671,-8.94146153,-11.65441745,18.39516568,17.29272583,90.50233713,-30.22587848,-24.99999983,8.70417787,-7.09011249,22.19038156,57.88034622,72.86779846,4.89960331,-2.48310521
1760625126.972,-20.12342705,-0.07670806,5.40069919,0.25604284,1.04451347,0.09639235,80.0,-7.0,0.0,80.0,1.3962634,0.0,0.0,0.0,80.0,-7.0,0.0,80.0,1.3962634,0.0,0.0,0.0,14.64783501,3.45094247,0.84903576,-10.39123766,-11.67912606,18.86425257,17.59790631,91.17110938,-31.15410041,-24.99999983,6.71144178,-6.5531438,20.80627984,58.17553195,74.07815993,5.30475321,-1.90816406
1760625127.006,-18.71038839,0.25171492,5.21333256,0.26930901,1.04635866,0.09715737,80.0,-7.0,0.0,80.0,1.3962634,0.0,0.0,0.0,80.0,-7.0,0.0,80.0,1.3962634,0.0,0.0,0.0,14.59189135,2.72369813,0.49766865,-11.23573068,-11.64498468,19.8593675,18.75990325,91.97541103,-32.43714982,-24.99999983,4.61855598,-6.39580141,19.49285775,59.0530136,74.68422364,5.83620808,-1.10010929
1760625127.039,-17.85820033,0.03873745,5.19250406,0.27437775,1.04908272,0.09846757,80.0,-7.0,0.0,80.0,1.3962634,0.0,0.0,0.0,80.0,-7.0,0.0,80.0,1.3962634,0.0,0.0,0.0,14.73719757,2.62300809,0.28766346,-11.24589516,-12.11519717,20.44088031,19.51775099,92.43508667,-33.21772436,-24.99999983,3.05784542,-6.83502226,19.56914759,60.26031259,74.82290876,5.84546185,-0.96211671
1760625127.073,-17.9062044,0.07514142,6.4820875,0.28548526,1.04656148,0.09764238,80.0,-7.0,0.0,80.0,1.3962634,0.0,0.0,0.0,80.0,-7.0,0.0,80.0,1.3962634,0.0,0.0,0.0,15.70672994,1.69637853,-0.87710973,-11.47729528,-12.28533127,20.74138361,20.03697102,93.08460762,-34.20112667,-24.99999983,2.02013801,-7.74937047,20.34722643,61.11404046,74.43485727,5.73876141,-0.89475625
1760625127.106,-17.8923381,0.99509333,9.265635,0.2758799,1.05348857,0.09599281,80.0,-7.0,0.0,80.0,1.3962634,0.0,0.0,0.0,80.0,-7.0,0.0,80.0,1.3962634,0.0,0.0,0.0,16.4003717,-0.51934094,-1.80435234,-12.82213285,-11.9846182,19.33787383,20.86233885,94.20269933,-35.36793388,-24.99999983,1.47910398,-9.06084681,22.31916617,61.47240555,73.62774816,5.78602038,-0.42003268
1760625127.14,-17.71031949,0.75902045,12.20346674,0.28333109,1.05532161,0.09940101,80.0,-7.0,0.0,80.0,1.3962634,0.0,0.0,0.0,80.0,-7.0,0.0,80.0,1.3962634,0.0,0.0,0.0,18.48219688,-2.59064359,-1.75026491,-15.58888288,-10.08890619,18.51621324,22.13637444,93.91103491,-36.48181911,-24.99999983,-2.17120257,-10.94064926,23.89574829,62.54890796,74.33449106,5.82598101,-0.27565737
1760625127.173,-17.70858673,-0.39912233,14.33569348,0.29614476,1.05255164,0.10547157,80.0,-7.0,0.0,80.0,1.3962634,0.0,0.0,0.0,80.0,-7.0,0.0,80.0,1.3962634,0.0,0.0,0.0,17.64150009,-2.61787785,-1.92668554,-14.63116197,-9.25566534,19.9948081,23.13960237,92.46010281,-38.10637964,-24.99999983,-2.55474569,-11.74019538,23.84134328,63.12008536,75.0282731,6.19329333,-0.04175527
1760625127.206,-17.45580873,-1.76468483,16.01012756,0.29826517,1.05897675,0.10942025,80.0,-7.0,0.0,80.0,1.3962634,0.0,0.0,0.0,80.0,-7.0,0.0,80.0,1.3962634,0.0,0.0,0.0,17.06166446,-2.8556646,-1.60342639,-12.94765421,-8.87199222,23.5085095,23.94395935,90.71011726,-40.34508611,-24.99999983,-4.2469486,-12.93373249,22.19299839,63.70280165,76.28023966,6.88969191,0.52443242
1760625127.24,-17.09844553,-2.67630467,17.92586171,0.30167527,1.06196766,0.11618602,80.0,-7.0,0.0,80.0,1.3962634,0.0,0.0,0.0,80.0,-7.0,0.0,80.0,1.3962634,0.0,0.0,0.0,15.71456093,-2.78626077,-2.2266094,-11.09892838,-9.00399489,25.23312772,23.1446512,90.65811813,-42.0014936,-24.99999983,-4.83065657,-13.94907147,21.12806173,64.26507353,76.47836162,7.14956378,0.65434022
1760625127.273,-16.9839028,-3.86843598,20.3918452,0.30009212,1.06268404,0.11680994,80.0,-7.0,0.0,80.0,1.3962634,0.0,0.0,0.0,80.0,-7.0,0.0,80.0,1.3962634,0.0,0.0,0.0,14.84188799,-2.56214411,-3.14001786,-9.2426308,-8.42403089,26.01257214,22.61378263,91.05651233,-43.9814643,-24.99999983,-5.7249054,-15.18726104,20.68753878,65.0664741,76.22506236,7.31134455,0.77135717
1760625127.307,-16.90328505,-5.23526229,23.58567285,0.29622105,1.0630827,0.12146697,80.0,-7.0,0.0,80.0,1.3962634,0.0,0.0,0.0,80.0,-7.0,0.0,80.0,1.3962634,0.0,0.0,0.0,12.63965894,-2.47301044,-3.71722752,-5.10740742,-8.57113363,25.01050386,21.8226358,91.86233608,-45.18699794,-24.99999983,-4.87822898,-17.12230887,21.08070237,65.55337415,75.81835995,7.62719254,1.05786231
1760625127.34,-16.63225565,-5.88383271,26.17640642,0.29113285,1.06479358,0.12137573,80.0,-7.0,0.0,80.0,1.3962634,0.0,0.0,0.0,80.0,-7.0,0.0,80.0,1.3962634,0.0,0.0,0.0,11.95652877,-3.16817397,-3.86409698,-2.43932583,-8.81329056,22.64596182,20.66370916,93.47007856,-45.30218782,-24.99999983,-4.86116446,-19.29255579,21.87091572,65.72482132,75.60880752,7.79482644,1.19644173
1760625127.374,-16.00781104,-6.32192345,28.92942823,0.2845116,1.0668339,0.12065707,80.0,-7.0,0.0,80.0,1.3962634,0.0,0.0,0.0,80.0,-7.0,0.0,80.0,1.3962634,0.0,0.0,0.0,11.46116051,-4.02275096,-3.77687858,-1.53027882,-8.44056934,20.06411572,19.28132687,95.01819373,-46.96791842,-24.99999983,-5.08873327,-21.72621567,22.96723024,65.86767833,75.28713505,7.82850972,1.25385157
1760625127.407,-15.20159465,-6.79978909,33.2107066,0.28212433,1.06942538,0.12435348,80.0,-7.0,0.0,80.0,1.3962634,0.0,0.0,0.0,80.0,-7.0,0.0,80.0,1.3962634,0.0,0.0,0.0,9.61980079,-4.94664743,-3.97916694,2.49206869,-10.1890287,17.57142649,18.71450011,93.99557951,-47.03472679,-24.99999983,-3.39767367,-24.31757607,24.88240598,65.59800731,74.31092038,7.81352253,1.39556305
1760625127.44,-15.04284664,-7.40727718,36.41845858,0.28775142,1.06641536,0.12938627,80.0,-7.0,0.0,80.0,1.3962634,0.0,0.0,0.0,80.0,-7.0,0.0,80.0,1.3962634,0.0,0.0,0.0,7.68808721,-4.62555561,-4.25498501,6.0219669,-12.637985,16.33596117,17.67684629,92.31375781,-46.6022478,-24.99999983,-0.65377137,-25.30062795,26.2008032,65.38402039,73.36417188,7.9507879,1.44107772
1760625127.474,-15.25511282,-8.37707557,38.95788883,0.29078955,1.06446742,0.13149134,80.0,-7.0,0.0,80.0,1.3962634,0.0,0.0,0.0,80.0,-7.0,0.0,80.0,1.3962634,0.0,0.0,0.0,7.36996111,-4.78286721,-4.57785332,9.28685508,-14.97689351,15.7613264,15.72900206,90.8433378,-46.14832932,-24.99999983,0.84791948,-26.4259595,26.24170244,65.11587648,73.18524854,8.15486162,1.51749523
1760625127.508,-14.98186607,-9.7315816,41.09712956,0.29751556,1.0623065,0.13387939,80.0,-7.0,0.0,80.0,1.3962634,0.0,0.0,0.0,80.0,-7.0,0.0,80.0,1.3962634,0.0,0.0,0.0,6.77313508,-4.82328772,-4.97101572,11.92112706,-15.73105324,15.7468588,13.03813925,90.14286499,-47.47661879,-24.99999983,0.94362293,-28.1497046,23.87636993,65.37590384,73.61329907,8.61145161,1.51409358
1760625127.541,-15.27062292,-10.3838325,42.06910356,0.31772499,1.05971489,0.13738016,80.0,-7.0,0.0,80.0,1.3962634,0.0,0.0,0.0,80.0,-7.0,0.0,80.0,1.3962634,0.0,0.0,0.0,5.33715376,-3.62275711,-6.3101707,15.72590075,-18.32828822,16.77372154,10.11115848,89.75602255,-47.00432661,-24.99999983,1.17207014,-27.57957132,20.36973739,65.4739222,73.82478295,8.86104077,1.63802342
1760625127.608,-16.19732333,-10.63963149,43.8312272,0.33764234,1.05548904,0.14135193,80.0,-7.0,0.0,80.0,1.3962634,0.0,0.0,0.0,80.0,-7.0,0.0,80.0,1.3962634,0.0,0.0,0.0,3.58088509,-4.93894916,-6.08880207,22.36756619,-20.7926648,15.50888973,3.01107802,89.90440843,-43.63783523,-24.99999983,1.75930381,-29.9478755,19.80595852,65.2467269,72.43864513,8.32456911,1.26006112
1760625127.641,-16.50997332,-11.10144078,45.09872667,0.34799339,1.05235402,0.14205439,80.0,-7.0,0.0,80.0,1.3962634,0.0,0.0,0.0,80.0,-7.0,0.0,80.0,1.3962634,0.0,0.0,0.0,2.15249805,-4.78244018,-5.70266942,26.23455775,-23.69669289,14.98298024,0.0,89.12355147,-40.31791086,-24.99999983,3.69989069,-30.90183102,21.46362943,65.6842145,72.04697271,8.45821083,1.12850811
1760625127.675,-16.70593652,-11.89369347,47.20898543,0.3577292,1.05012898,0.14474036,80.0,-7.0,0.0,80.0,1.3962634,0.0,0.0,0.0,80.0,-7.0,0.0,80.0,1.3962634,0.0,0.0,0.0,0.27817958,-3.088228,-7.23326031,28.90613928,-29.11399867,16.3739611,0.0,87.76683447,-37.15992877,-24.99999983,6.47533628,-30.06629941,21.87676146,65.66008833,72.60762475,8.61907789,1.28989037
1760625127.708,-17.00210285,-12.61535139,48.51518012,0.3651913,1.04401064,0.14659846,80.0,-7.0,0.0,80.0,1.3962634,0.0,0.0,0.0,80.0,-7.0,0.0,80.0,1.3962634,0.0,0.0,0.0,-0.92516636,-1.44991603,-8.13156747,30.64454112,-31.41012974,17.43631809,0.0,86.91338464,-35.53876551,-24.99999983,8.89681309,-28.59664157,22.06658221,65.21106299,73.26726827,8.59604506,1.50940272
1760625127.742,-17.44874057,-13.09978114,49.3070783,0.38165571,1.04534353,0.14557661,80.0,-7.0,0.0,80.0,1.3962634,0.0,0.0,0.0,80.0,-7.0,0.0,80.0,1.3962634,0.0,0.0,0.0,-2.91844529,0.98095985,-8.81990446,37.14725164,-36.78303156,20.94056917,0.0,85.5164651,-30.74612305,-24.99999983,12.34269629,-26.04737958,21.82917746,64.41500866,73.63175023,8.44170671,1.88509187
1760625127.775,-18.014368,-13.45259101,49.98547713,0.3714261,1.04757042,0.14683006,80.0,-7.0,0.0,80.0,1.3962634,0.0,0.0,0.0,80.0,-7.0,0.0,80.0,1.3962634,0.0,0.0,0.0,-2.92163451,0.0027072,-8.29407886,36.88286974,-39.76175945,19.33671445,0.0,85.73600802,-27.93745494,-24.99999983,12.526131,-27.09094267,22.55737906,64.70031787,73.84643619,8.37144798,1.77649568
1760625127.809,-18.38674155,-13.56099644,50.08421103,0.36376288,1.04865159,0.14727589,80.0,-7.0,0.0,80.0,1.3962634,0.0,0.0,0.0,80.0,-7.0,0.0,80.0,1.3962634,0.0,0.0,0.0,-2.75050913,-1.27919031,-7.45189632,37.08999251,-42.33949728,17.84466506,0.0,86.59070784,-25.15749478,-24.99999983,12.17763816,-28.40755314,23.14453401,64.99295746,73.92249447,8.29723451,1.61321625
1760625127.842,-18.68804031,-13.59707882,50.04944188,0.36490807,1.04662428,0.14769758,80.0,-7.0,0.0,80.0,1.3962634,0.0,0.0,0.0,80.0,-7.0,0.0,80.0,1.3962634,0.0,0.0,0.0,-2.94043626,-1.56204031,-7.36363359,35.73853567,-42.35624837,16.42510071,0.0,86.7761202,-24.96891058,-24.99999983,11.85255143,-28.84267487,22.63929566,65.08459446,73.9008043,8.19244847,1.53231147
1760625127.876,-19.11595783,-13.82600034,50.20991791,0.36875267,1.03914329,0.14937587,80.0,-7.0,0.0,80.0,1.3962634,0.0,0.0,0.0,80.0,-7.0,0.0,80.0,1.3962634,0.0,0.0,0.0,-4.10365845,-0.55784099,-6.96140569,35.73112785,-41.9956889,15.65730136,0.0,87.56451371,-26.07803028,-24.99999983,12.85351387,-27.98091762,22.40248352,65.11426541,73.93926523,8.06646724,1.53423923
1760625127.909,-19.39140155,-14.09636949,50.6150074,0.3679763,1.03514186,0.1500347,80.0,-7.0,0.0,80.0,1.3962634,0.0,0.0,0.0,80.0,-7.0,0.0,80.0,1.3962634,0.0,0.0,0.0,-4.4771264,-0.66143124,-6.70250651,35.14335401,-41.87223149,15.15699399,0.0,87.92955954,-26.57475186,-24.99999983,13.22455066,-28.49857338,22.73254011,65.34383734,73.97433319,8.23027772,1.60217202
1760625127.942,-19.51339404,-14.31216239,51.17375896,0.36424577,1.03529436,0.15002437,80.0,-7.0,0.0,80.0,1.3962634,0.0,0.0,0.0,80.0,-7.0,0.0,80.0,1.3962634,0.0,0.0,0.0,-4.29952255,-1.00917855,-6.96563697,32.62163903,-40.85728196,14.37230831,0.0,88.10241604,-27.905109,-24.99999983,13.00634521,-29.27468345,22.82115018,65.46438576,74.10284855,8.35572744,1.70555293
1760625127.976,-19.50685885,-14.49052338,51.78120546,0.36638207,1.03493379,0.14973232,80.0,-7.0,0.0,80.0,1.3962634,0.0,0.0,0.0,80.0,-7.0,0.0,80.0,1.3962634,0.0,0.0,0.0,-5.18506987,-0.6483206,-6.67876493,32.84747021,-42.08850088,14.43555044,0.0,89.01556832,-27.49384724,-24.99999983,14.21946646,-29.44083735,23.39240219,65.51761636,74.32790928,8.38524233,1.82194726
1760625128.009,-19.54017819,-14.63086019,52.10404252,0.36081607,1.03345998,0.14996366,80.0,-7.0,0.0,80.0,1.3962634,0.0,0.0,0.0,80.0,-7.0,0.0,80.0,1.3962634,0.0,0.0,0.0,-5.40346278,-1.40514494,-5.97356143,30.45888655,-41.88102076,12.03973873,0.0,89.53152042,-27.23253865,-24.99999983,14.37052849,-30.85989998,24.09227278,66.0332745,74.40303537,8.47752422,1.58616219
1760625128.043,-19.62872871,-14.7587125,52.40253835,0.35719111,1.03265834,0.14885121,80.0,-7.0,0.0,80.0,1.3962634,0.0,0.0,0.0,80.0,-7.0,0.0,80.0,1.3962634,0.0,0.0,0.0,-5.6026258,-1.66353465,-5.68121041,28.96727628,-42.0889406,10.52720141,0.0,89.69063129,-26.6671815,-24.99999983,14.75944822,-31.56628183,24.300405,66.22643138,74.32812081,8.54863603,1.50135371
1760625128.076,-19.78153608,-14.91610672,52.8715705,0.35203838,1.03215096,0.15224688,80.0,-7.0,0.0,80.0,1.3962634,0.0,0.0,0.0,80.0,-7.0,0.0,80.0,1.3962634,0.0,0.0,0.0,-6.03789806,-1.47178772,-5.66315878,28.04113146,-42.51901295,9.29987832,0.0,89.93791145,-26.52148506,-24.99999983,15.50043394,-31.36995584,24.07842234,66.05520945,74.34437467,8.58148512,1.59523659
1760625128.11,-19.91734927,-15.01303278,53.16773718,0.36113323,1.03116859,0.15240195,80.0,-7.0,0.0,80.0,1.3962634,0.0,0.0,0.0,80.0,-7.0,0.0,80.0,1.3962634,0.0,0.0,0.0,-6.4293007,-0.66444385,-6.30785885,27.71847122,-43.07427741,9.17473187,0.0,90.05940092,-26.52316538,-24.99999983,16.19544063,-30.24733781,23.18719262,65.44637356,74.31833763,8.45265112,1.76694056
1760625128.143,-20.07078035,-15.1706285,53.4145713,0.36441926,1.03072572,0.15257049,80.0,-7.0,0.0,80.0,1.3962634,0.0,0.0,0.0,80.0,-7.0,0.0,80.0,1.3962634,0.0,0.0,0.0,-6.39537554,-0.399024,-6.53457635,27.38388437,-43.49508739,9.04105623,0.0,90.05975753,-26.36938976,-24.99999983,16.25382212,-29.97029637,22.7219854,65.31231064,74.20995253,8.36658813,1.72209331
1760625128.21,-20.36443288,-15.63505781,53.72591914,0.37611323,1.0295372,0.14925969,80.0,-7.0,0.0,80.0,1.3962634,0.0,0.0,0.0,80.0,-7.0,0.0,80.0,1.3962634,0.0,0.0,0.0,-6.83532203,-0.19101253,-6.05664285,28.17842279,-43.38289154,9.16333697,0.0,90.28198535,-26.84012513,-24.99999983,16.99595194,-29.90732736,23.09252043,65.46416836,73.89253983,8.14753533,1.53204674
1760625128.244,-20.48991682,-15.76103961,53.72590208,0.37292875,1.03063758,0.1494677,80.0,-7.0,0.0,80.0,1.3962634,0.0,0.0,0.0,80.0,-7.0,0.0,80.0,1.3962634,0.0,0.0,0.0,-6.39103685,-1.37392026,-5.59455099,25.4081612,-40.92083348,7.62922742,0.0,89.24344427,-28.93750743,-24.99999983,16.5077007,-31.14447546,23.85795628,65.8026291,73.87468031,8.11532902,1.34255195
1760625128.277,-20.71438439,-15.90530284,53.61026736,0.37444709,1.02963154,0.15030318,80.0,-7.0,0.0,80.0,1.3962634,0.0,0.0,0.0,80.0,-7.0,0.0,80.0,1.3962634,0.0,0.0,0.0,-6.26162397,-2.70379789,-4.29981188,23.71730031,-39.79114247,5.30058416,0.0,86.93406673,-31.43586477,-24.99999983,16.78208924,-32.26129912,25.51486286,66.34467157,74.02556093,8.19611472,1.1562227
1760625128.31,-20.86027457,-16.01638442,53.54406905,0.37643501,1.02919844,0.14885317,80.0,-7.0,0.0,80.0,1.3962634,0.0,0.0,0.0,80.0,-7.0,0.0,80.0,1.3962634,0.0,0.0,0.0,-5.84217564,-3.44046002,-3.89245624,21.54342473,-37.64299984,2.64836118,0.0,87.13346327,-36.1203599,-24.99999983,16.69382664,-32.72908146,26.15788731,66.55155371,74.18113059,8.29680704,1.16875882
1760625128.344,-20.9689909,-16.15593189,53.56135488,0.39536648,1.02766071,0.14528506,80.0,-7.0,0.0,80.0,1.3962634,0.0,0.0,0.0,80.0,-7.0,0.0,80.0,1.3962634,0.0,0.0,0.0,-7.67334987,-0.93986024,-4.06797826,24.87836186,-41.13313142,1.58997276,0.0,89.6928788,-39.13045546,-24.99999983,19.15950361,-29.45397401,25.6266509,65.97640054,74.64397619,8.18953718,1.44309625
1760625128.377,-20.9261365,-16.44597365,53.76809947,0.40175598,1.02442222,0.14397923,80.0,-7.0,0.0,80.0,1.3962634,0.0,0.0,0.0,80.0,-7.0,0.0,80.0,1.3962634,0.0,0.0,0.0,-8.93069818,0.85608915,-3.94804562,25.08055734,-41.15827967,-1.52603115,0.0,92.79521226,-44.70093254,-24.99999983,20.35894144,-27.79605915,25.27786964,66.3461765,75.15072265,8.15562059,1.31373668
1760625128.411,-20.81068732,-16.67760447,53.92297988,0.39638171,1.01946235,0.14586226,80.0,-7.0,0.0,80.0,1.3962634,0.0,0.0,0.0,80.0,-7.0,0.0,80.0,1.3962634,0.0,0.0,0.0,-8.75118193,0.78801019,-3.17028819,22.71532642,-40.3528016,-4.81267933,0.0,94.43032521,-47.02294522,-24.99999983,19.61260109,-28.68881753,26.00606352,67.45412378,75.09977794,8.33732611,0.99403637
1760625128.444,-20.75083878,-16.84183935,53.92855795,0.39478491,1.01914197,0.1454377,80.0,-7.0,0.0,80.0,1.3962634,0.0,0.0,0.0,80.0,-7.0,0.0,80.0,1.3962634,0.0,0.0,0.0,-8.94856032,1.60633279,-3.36217493,22.32870282,-40.137881,-5.07677332,0.0,95.37653094,-47.59392015,-24.99999983,19.58867327,-28.33034935,25.85725362,67.69372736,74.9902476,8.36056499,0.98885036
1760625128.478,-20.81581056,-16.84067572,53.621713,0.3923243,1.01897893,0.14515852,80.0,-7.0,0.0,80.0,1.3962634,0.0,0.0,0.0,80.0,-7.0,0.0,80.0,1.3962634,0.0,0.0,0.0,-9.05503492,2.18268903,-3.59839524,22.24431916,-40.88657594,-4.47161953,0.0,95.43378279,-45.63866017,-24.99999983,19.64748349,-28.16047107,25.74437693,67.67752564,74.9484885,8.39750706,0.90793852
1760625128.511,-20.98829416,-16.71846172,53.24687022,0.39269664,1.0163087,0.14663541,80.0,-7.0,0.0,80.0,1.3962634,0.0,0.0,0.0,80.0,-7.0,0.0,80.0,1.3962634,0.0,0.0,0.0,-9.5087874,3.03356651,-3.35955268,23.36611152,-42.49387495,-3.78415954,0.0,95.68550485,-43.36775221,-24.99999983,20.21951563,-27.34637655,25.7540597,67.58981377,75.02460476,8.39568327,0.90187584
1760625128.544,-21.21193834,-16.55615311,52.82941375,0.39715107,1.01697741,0.14419064,80.0,-7.0,0.0,80.0,1.3962634,0.0,0.0,0.0,80.0,-7.0,0.0,80.0,1.3962634,0.0,0.0,0.0,-9.67939987,4.37046806,-4.40351732,25.50022087,-42.43879576,-0.849071,0.19915643,95.96450654,-42.40017491,-24.99999983,20.91696076,-25.4921508,24.60065108,66.61911467,75.17969152,8.12188057,1.23785435
1760625128.611,-21.45763902,-16.26304639,52.06335265,0.38388862,1.01582729,0.14686048,80.0,-7.0,0.0,80.0,1.3962634,0.0,0.0,0.0,80.0,-7.0,0.0,80.0,1.3962634,0.0,0.0,0.0,-8.09809119,2.98711068,-4.95597726,24.52074421,-40.91172195,1.04964738,0.0,95.51553828,-38.78500233,-24.99999983,18.79204941,-27.10791827,23.71148942,67.03366689,75.47523114,8.18890355,0.99230909
1760625128.645,-21.50047537,-16.16435434,51.91584713,0.38073244,1.01551479,0.14827976,80.0,-7.0,0.0,80.0,1.3962634,0.0,0.0,0.0,80.0,-7.0,0.0,80.0,1.3962634,0.0,0.0,0.0,-7.63196091,2.32491323,-4.97541403,24.406018,-42.18332327,2.34360402,0.0,95.12662146,-35.82982669,-24.99999983,18.2396838,-27.70903746,23.46383595,67.15849986,75.50838111,8.25797158,0.88400711
1760625128.678,-21.49385192,-16.09587456,51.93505158,0.38165852,1.01398319,0.14682194,80.0,-7.0,0.0,80.0,1.3962634,0.0,0.0,0.0,80.0,-7.0,0.0,80.0,1.3962634,0.0,0.0,0.0,-7.37349361,2.10816484,-4.97303372,23.87061985,-42.79425748,3.5947783,0.0,95.07448305,-34.95988935,-24.99999983,18.02343607,-27.77499823,23.36968833,67.12878088,75.46931433,8.23353862,0.86081844
1760625128.712,-21.49555027,-16.02379314,52.04883523,0.38325457,1.01647598,0.14471971,80.0,-7.0,0.0,80.0,1.3962634,0.0,0.0,0.0,80.0,-7.0,0.0,80.0,1.3962634,0.0,0.0,0.0,-6.57168971,0.91261172,-5.37866703,22.48135237,-42.37359208,4.27999832,0.0,95.34342902,-34.32963962,-24.99999983,17.27229484,-28.62010369,23.30392353,66.92139915,75.48036386,8.1542565,0.89689882
1760625128.745,-21.52166884,-15.9806758,52.29713924,0.38748191,1.01957852,0.14321984,80.0,-7.0,0.0,80.0,1.3962634,0.0,0.0,0.0,80.0,-7.0,0.0,80.0,1.3962634,0.0,0.0,0.0,-6.55433966,0.32713326,-5.35927972,23.08667538,-43.92235777,4.49622017,0.0,96.39740834,-31.69525444,-24.99999983,17.42827289,-28.89906301,23.46682754,66.73079963,75.42494523,8.12587129,0.93871519
1760625128.779,-21.50998996,-16.00402085,52.5193546,0.38690485,1.02053006,0.14299933,80.0,-7.0,0.0,80.0,1.3962634,0.0,0.0,0.0,80.0,-7.0,0.0,80.0,1.3962634,0.0,0.0,0.0,-6.2308868,-0.67211747,-5.12178316,22.04442307,-43.62277263,3.70163607,0.0,97.10799794,-30.53272716,-24.99999983,16.99540324,-29.91889289,23.80850105,66.89487601,75.3997869,8.19682703,0.87146112
1760625128.812,-21.49940069,-16.06445175,52.72181313,0.38766772,1.02189464,0.14159498,80.0,-7.0,0.0,80.0,1.3962634,0.0,0.0,0.0,80.0,-7.0,0.0,80.0,1.3962634,0.0,0.0,0.0,-6.14651114,-1.95075357,-4.52425496,22.02693796,-43.85877421,3.4842111,0.0,97.22522217,-28.90458698,-24.99999983,16.93587878,-31.1861524,24.57569435,67.13809523,75.46212924,8.2976059,0.80826211
1760625128.846,-21.51237109,-16.14312666,52.93460461,0.39350895,1.02438291,0.13997868,80.0,-7.0,0.0,80.0,1.3962634,0.0,0.0,0.0,80.0,-7.0,0.0,80.0,1.3962634,0.0,0.0,0.0,-6.8630967,-1.64875923,-4.49771104,23.74658429,-46.25027934,4.54465218,0.0,97.1013607,-26.34660964,-24.99999983,17.77206292,-30.88174289,24.53780488,66.95644353,75.48527039,8.33984844,0.88089319
1760625128.879,-21.52034053,-16.19173325,53.09956507,0.38987399,1.02300881,0.14169371,80.0,-7.0,0.0,80.0,1.3962634,0.0,0.0,0.0,80.0,-7.0,0.0,80.0,1.3962634,0.0,0.0,0.0,-7.0876251,-2.49555369,-3.17116773,24.39347095,-48.81458927,3.48784814,0.0,97.29986845,-23.10846746,-24.99999983,17.77953181,-32.18795339,25.73022834,67.74773436,75.50278329,8.5523268,0.53213376
1760625128.913,-21.54794132,-16.24914708,53.21630969,0.3926923,1.02611754,0.1405258,80.0,-7.0,0.0,80.0,1.3962634,0.0,0.0,0.0,80.0,-7.0,0.0,80.0,1.3962634,0.0,0.0,0.0,-6.97048651,-2.61967224,-3.48800488,24.63186439,-47.80308784,3.67736355,0.0,97.58746386,-23.72266969,-24.99999983,17.89577601,-32.11741722,25.59861166,67.46671284,75.57089069,8.48619578,0.73409129
1760625128.946,-21.54994229,-16.3581846,53.34845564,0.39215516,1.02658159,0.14172697,80.0,-7.0,0.0,80.0,1.3962634,0.0,0.0,0.0,80.0,-7.0,0.0,80.0,1.3962634,0.0,0.0,0.0,-6.98830598,-2.4742375,-3.68004691,24.56269503,-47.2992946,3.46893306,0.0,98.69893967,-24.48453718,-24.99999983,17.77348276,-32.18142159,25.28047602,67.52733408,75.74064093,8.53029786,0.77999826
1760625128.979,-21.543929,-16.41165658,53.40940648,0.39184924,1.02534351,0.14321626,80.0,-7.0,0.0,80.0,1.3962634,0.0,0.0,0.0,80.0,-7.0,0.0,80.0,1.3962634,0.0,0.0,0.0,-7.18520848,-2.55664349,-3.12614357,24.70571576,-49.5343534,3.04518165,0.0,100.6109733,-22.33153472,-24.99999983,17.88999285,-32.60169521,25.7231444,67.87933188,75.78809433,8.646782,0.6336594
1760625129.013,-21.54956058,-16.42241532,53.40297945,0.39491123,1.0267001,0.14127726,80.0,-7.0,0.0,80.0,1.3962634,0.0,0.0,0.0,80.0,-7.0,0.0,80.0,1.3962634,0.0,0.0,0.0,-7.37302798,-2.23205405,-3.46936672,25.32196218,-49.64650245,4.78889504,0.0,100.46177652,-22.60400236,-24.76491271,18.30855167,-32.20447115,25.54271488,67.54118902,75.74632193,8.5959471,0.80623373
1760625129.046,-21.56212505,-16.3651923,53.30157846,0.39513968,1.02593496,0.14173659,80.0,-7.0,0.0,80.0,1.3962634,0.0,0.0,0.0,80.0,-7.0,0.0,80.0,1.3962634,0.0,0.0,0.0,-7.52301517,-2.22827472,-3.22128792,25.71890633,-49.8951515,5.07685187,0.0,99.18481691,-22.14454308,-24.99999983,18.56860993,-32.20286501,25.7721306,67.49708375,75.76953832,8.62738084,0.79440257
1760625129.08,-21.55789644,-16.3130489,53.20432952,0.38920332,1.0255617,0.14275046,80.0,-7.0,0.0,80.0,1.3962634,0.0,0.0,0.0,80.0,-7.0,0.0,80.0,1.3962634,0.0,0.0,0.0,-7.23682049,-2.80584712,-2.8125202,24.01300605,-48.73266368,2.75770361,0.0,98.53141346,-23.19330887,-24.99999983,18.20862991,-32.92065296,26.12218707,67.76088066,75.75673234,8.69453804,0.6364638
1760625129.113,-21.56585218,-16.28086396,53.10966538,0.39002065,1.02615382,0.14201068,80.0,-7.0,0.0,80.0,1.3962634,0.0,0.0,0.0,80.0,-7.0,0.0,80.0,1.3962634,0.0,0.0,0.0,-7.23768547,-2.75071762,-2.68722516,23.34666154,-48.46430773,1.41088232,0.0,97.21796335,-24.2732753,-24.99999983,18.2940812,-32.78788709,26.14734536,67.79893642,75.72699243,8.65399636,0.59635276
1760625129.147,-21.55822868,-16.28050549,53.01328299,0.39471459,1.02638577,0.14134588,80.0,-7.0,0.0,80.0,1.3962634,0.0,0.0,0.0,80.0,-7.0,0.0,80.0,1.3962634,0.0,0.0,0.0,-7.5532492,-2.30316071,-2.4480532,24.92633459,-51.25612217,0.97391541,0.0,94.8363718,-22.01834583,-24.99999983,18.86871493,-32.16498933,26.21515521,67.80761963,75.69877981,8.62908428,0.61078286
1760625129.18,-21.53416942,-16.30940571,52.96448888,0.39432624,1.03173541,0.13837819,80.0,-7.0,0.0,80.0,1.3962634,0.0,0.0,0.0,80.0,-7.0,0.0,80.0,1.3962634,0.0,0.0,0.0,-6.98855761,-3.26971505,-2.37607593,23.77911361,-51.82403585,-0.54483262,0.0,93.74216221,-20.05570695,-24.99999983,18.49851636,-33.12673869,26.56704428,67.97905162,75.63825919,8.66794612,0.62664325
1760625129.213,-21.50479984,-16.32022329,52.94346548,0.39558834,1.02925405,0.13873126,80.0,-7.0,0.0,80.0,1.3962634,0.0,0.0,0.0,80.0,-7.0,0.0,80.0,1.3962634,0.0,0.0,0.0,-6.99647397,-3.08217872,-2.29424932,21.40116082,-51.18226425,-3.13419881,0.0,92.89836777,-20.29016441,-24.99999983,18.46961135,-33.00024824,26.56123152,68.1248014,75.63690048,8.70965859,0.60824511
1760625129.247,-21.45679297,-16.31877346,52.93996346,0.39687457,1.03110244,0.13599235,80.0,-7.0,0.0,80.0,1.3962634,0.0,0.0,0.0,80.0,-7.0,0.0,80.0,1.3962634,0.0,0.0,0.0,-6.79930416,-3.57809292,-1.63789611,18.84235131,-50.61707258,-6.22653402,0.0,91.09186578,-20.24919191,-24.99999983,18.31086701,-33.64479347,27.32433565,68.63025182,75.6236024,8.76979599,0.5621555
1760625129.28,-21.44110861,-16.29448763,52.91485529,0.40239382,1.02893568,0.13469838,80.0,-7.0,0.0,80.0,1.3962634,0.0,0.0,0.0,80.0,-7.0,0.0,80.0,1.3962634,0.0,0.0,0.0,-7.20435518,-3.31604204,-1.47759664,18.32210367,-52.33633097,-7.33616282,0.0,88.73911326,-18.78291317,-24.99999983,18.86427091,-33.27016279,27.57602385,68.57003721,75.6575182,8.76098012,0.61718448
1760625129.314,-21.44380891,-16.26024988,52.85890268,0.40835032,1.02547857,0.13385618,80.0,-7.0,0.0,80.0,1.3962634,0.0,0.0,0.0,80.0,-7.0,0.0,80.0,1.3962634,0.0,0.0,0.0,-7.82699357,-2.70704154,-1.59526443,18.88860386,-53.42184306,-7.78432891,0.0,86.48818987,-18.10744579,-24.24344699,19.62769023,-32.4049172,27.41482328,68.24138947,75.76167757,8.72580091,0.71991024
1760625129.347,-21.43676642,-16.19259587,52.74322142,0.40873026,1.02534473,0.13217927,80.0,-7.0,0.0,80.0,1.3962634,0.0,0.0,0.0,80.0,-7.0,0.0,80.0,1.3962634,0.0,0.0,0.0,-7.83058484,-2.87530912,-1.47099191,17.0449419,-52.60349244,-10.34667039,0.0,84.78260932,-18.75273422,-23.18325594,19.65149262,-32.44260561,27.43117174,68.23808793,75.86338526,8.74521011,0.74265141
1760625129.381,-21.43384367,-16.14468833,52.64977687,0.41042916,1.02460177,0.13144541,80.0,-7.0,0.0,80.0,1.3962634,0.0,0.0,0.0,80.0,-7.0,0.0,80.0,1.3962634,0.0,0.0,0.0,-8.08351169,-2.66252423,-1.41068144,17.33509527,-53.62869815,-11.40130597,0.0,85.14984087,-18.82066327,-20.98735197,19.7786527,-32.17769908,27.21161278,68.28702044,75.92543671,8.75264855,0.72061943
1760625129.414,-21.42124347,-16.10656557,52.54671409,0.4089179,1.02556455,0.13038638,80.0,-7.0,0.0,80.0,1.3962634,0.0,0.0,0.0,80.0,-7.0,0.0,80.0,1.3962634,0.0,0.0,0.0,-7.93540353,-3.18100409,-1.177587,15.7661197,-53.76621315,-13.54483755,0.0,85.45916326,-18.37382959,-19.30112125,19.57238627,-32.71218496,27.34036804,68.47641612,75.96737705,8.79574095,0.65699308
1760625129.448,-21.39966872,-16.0596905,52.42193957,0.40102405,1.02532735,0.13288043,80.0,-7.0,0.0,80.0,1.3962634,0.0,0.0,0.0,80.0,-7.0,0.0,80.0,1.3962634,0.0,0.0,0.0,-7.25214686,-4.03696061,-0.45929766,12.63327451,-53.62551609,-16.09635984,0.0,85.37964668,-16.69226265,-17.64660415,18.60429584,-33.91974118,27.78584548,69.11710171,75.94304453,8.94517117,0.46075639
1760625129.481,-21.40573786,-16.01821104,52.30602085,0.4016581,1.02534407,0.13373366,80.0,-7.0,0.0,80.0,1.3962634,0.0,0.0,0.0,80.0,-7.0,0.0,80.0,1.3962634,0.0,0.0,0.0,-7.19988489,-3.72321382,-0.66905523,11.94237306,-53.92366415,-16.2877457,0.0,85.22766283,-15.29055034,-17.25825504,18.41561747,-33.51114113,27.39107764,68.97816138,75.96118901,8.90435329,0.53644593
1760625129.515,-21.40709945,-15.95737286,52.12003139,0.40050024,1.02630708,0.13423283,80.0,-7.0,0.0,80.0,1.3962634,0.0,0.0,0.0,80.0,-7.0,0.0,80.0,1.3962634,0.0,0.0,0.0,-7.13838533,-3.80595355,-0.67459651,11.39109257,-54.15101626,-16.34317914,0.0,86.00780892,-13.80059226,-16.5844051,18.18263157,-33.70832386,27.27196802,69.03407092,75.95605051,8.90128355,0.52479188
1760625129.548,-21.43346365,-15.91451344,51.95477069,0.40251396,1.03032609,0.12955092,80.0,-7.0,0.0,80.0,1.3962634,0.0,0.0,0.0,80.0,-7.0,0.0,80.0,1.3962634,0.0,0.0,0.0,-7.24801905,-4.3445082,-0.48719587,13.84097032,-54.48005727,-14.23821598,0.0,86.89349933,-13.2196255,-14.55126864,18.69451042,-34.00643202,27.79791513,68.85178775,75.9612133,8.85524343,0.58400294
1760625129.581,-21.44959101,-15.85434618,51.80690326,0.40091572,1.03433212,0.1267672,80.0,-7.0,0.0,80.0,1.3962634,0.0,0.0,0.0,80.0,-7.0,0.0,80.0,1.3962634,0.0,0.0,0.0,-6.85616785,-5.26979912,-0.02227586,14.38268991,-53.98342849,-13.51159682,0.0,87.5128815,-12.89579594,-13.02435956,18.57228434,-34.9079927,28.55798315,69.02638523,75.92714638,8.90834176,0.55917363
1760625129.615,-21.45578307,-15.76044424,51.6313343,0.39881198,1.03485685,0.12781281,80.0,-7.0,0.0,80.0,1.3962634,0.0,0.0,0.0,80.0,-7.0,0.0,80.0,1.3962634,0.0,0.0,0.0,-6.71434401,-5.30943546,0.1207702,13.58681268,-53.78335217,-13.89320411,0.0,88.16144905,-12.59439845,-12.91684183,18.47532191,-34.89681557,28.72777576,69.0910655,76.00612655,8.93714439,0.51864522
1760625129.648,-21.44524294,-15.6858155,51.54162432,0.39758142,1.03522553,0.12832091,80.0,-7.0,0.0,80.0,1.3962634,0.0,0.0,0.0,80.0,-7.0,0.0,80.0,1.3962634,0.0,0.0,0.0,-6.50137675,-5.33873603,0.03893764,12.33092034,-52.93314163,-14.65934128,0.0,88.78528901,-13.03287267,-13.45948577,18.2996717,-34.84815308,28.70346609,69.09282741,76.05748135,8.93770079,0.52269347
1760625129.682,-21.41386163,-15.62117817,51.49015786,0.39645165,1.03361182,0.13015442,80.0,-7.0,0.0,80.0,1.3962634,0.0,0.0,0.0,80.0,-7.0,0.0,80.0,1.3962634,0.0,0.0,0.0,-6.08196296,-5.26881093,-0.04893864,10.42263762,-52.53020799,-15.66488105,0.0,89.60930304,-12.72363346,-13.97541905,17.70135964,-34.89000649,28.49802579,69.23400096,76.04899675,8.96697491,0.47026229
1760625129.715,-21.3641645,-15.55160297,51.46417975,0.39696172,1.03213848,0.13178385,80.0,-7.0,0.0,80.0,1.3962634,0.0,0.0,0.0,80.0,-7.0,0.0,80.0,1.3962634,0.0,0.0,0.0,-5.9162894,-4.87737752,-0.45090558,9.40130608,-52.60852057,-15.52485917,0.0,90.99461407,-9.96284594,-13.99942281,17.27625624,-34.53702135,27.94670465,69.19282305,75.99002073,8.97694348,0.50852436
1760625129.749,-21.3354801,-15.49734133,51.44780399,0.39952913,1.02979956,0.13416159,80.0,-7.0,0.0,80.0,1.3962634,0.0,0.0,0.0,80.0,-7.0,0.0,80.0,1.3962634,0.0,0.0,0.0,-6.40236038,-3.89842029,-0.70924887,11.79351369,-54.56279073,-13.53591994,0.0,90.9352451,-8.44138023,-13.27044454,17.81341535,-33.31038668,27.59707999,68.83002414,75.91973474,8.91531157,0.64101499
