time,pelvis_tilt,pelvis_list,pelvis_rotation,pelvis_tx,pelvis_ty,pelvis_tz,hip_flexion_r,hip_adduction_r,hip_rotation_r,knee_angle_r,knee_angle_r_beta,ankle_angle_r,subtalar_angle_r,mtp_angle_r,hip_flexion_l,hip_adduction_l,hip_rotation_l,knee_angle_l,knee_angle_l_beta,ankle_angle_l,subtalar_angle_l,mtp_angle_l,lumbar_extension,lumbar_bending,lumbar_rotation,arm_flex_r,arm_add_r,arm_rot_r,elbow_flex_r,pro_sup_r,wrist_flex_r,wrist_dev_r,arm_flex_l,arm_add_l,arm_rot_l,elbow_flex_l,pro_sup_l,wrist_flex_l,wrist_dev_l
1760624915.7,0.02336988,-0.11150754,0.01374743,-0.02635429,0.92860049,-0.0115843,80.0,-7.0,0.0,80.0,1.3962634,0.0,0.0,0.0,80.0,-7.0,0.0,80.0,1.3962634,0.0,0.0,0.0,-5.41574313,-0.84531002,-1.1580256,3.58472352,-18.30485919,-0.60441105,19.6741462,0.0,-16.88948346,15.02515771,2.18560636,-2.45406386,-1.21670211,3.55778348,0.0,-0.18246223,0.60549232
1760624915.734,0.0249876,-0.11055495,0.02804048,-0.02749593,0.93038972,-0.01175881,80.0,-7.0,0.0,80.0,1.3962634,0.0,0.0,0.0,80.0,-7.0,0.0,80.0,1.3962634,0.0,0.0,0.0,-4.72057684,-0.98783413,-0.99736635,3.17598185,-18.44221469,-0.70071184,20.26429938,0.0,-17.74929656,15.12955226,1.705197,-2.51842135,-1.03384537,3.33844648,0.0,-0.19126865,0.61401759
1760624915.767,0.02101817,-0.10691672,0.04019884,-0.02904157,0.93214777,-0.01188863,80.0,-7.0,0.0,80.0,1.3962634,0.0,0.0,0.0,80.0,-7.0,0.0,80.0,1.3962634,0.0,0.0,0.0,-4.40431727,-1.22090988,-0.87744896,3.1636911,-18.54082646,-0.58422984,20.24281316,0.0,-17.97843275,15.42988035,1.57268821,-2.68135114,-0.87010358,3.15428759,0.0,-0.20088697,0.58437924
1760624915.8,0.02165863,-0.10964065,0.05052722,-0.028886,0.93220319,-0.01165431,80.0,-7.0,0.0,80.0,1.3962634,0.0,0.0,0.0,80.0,-7.0,0.0,80.0,1.3962634,0.0,0.0,0.0,-4.39991503,-1.21774789,-0.89803953,3.16187309,-18.54207268,-0.54297135,20.27237113,0.01890742,-17.9563559,15.42181026,1.55817927,-2.67881682,-0.81950508,3.14726526,0.0,-0.20340082,0.57687552
1760624915.834,0.01753887,-0.10556704,0.07467875,-0.0285826,0.93248164,-0.0116414,80.0,-7.0,0.0,80.0,1.3962634,0.0,0.0,0.0,80.0,-7.0,0.0,80.0,1.3962634,0.0,0.0,0.0,-4.29992209,-1.24758586,-0.93902824,3.05022064,-18.6668194,-0.43466806,20.34896626,0.0,-17.98385341,15.5209915,1.53507186,-2.67264551,-0.86755991,3.09677313,0.0,-0.19415023,0.60099682
1760624915.867,0.00683051,-0.11186083,0.09324667,-0.02863647,0.93259444,-0.01195524,80.0,-7.0,0.0,80.0,1.3962634,0.0,0.0,0.0,80.0,-7.0,0.0,80.0,1.3962634,0.0,0.0,0.0,-4.28165188,-1.19914924,-0.94751049,3.14497374,-18.81260214,-0.23142804,20.60921089,0.0,-18.31019506,15.52089627,1.54254412,-2.61059055,-0.91768693,3.10673103,0.0,-0.21620467,0.59822833
1760624915.901,0.00900127,-0.1104177,0.09587752,-0.02867923,0.93298693,-0.01202565,80.0,-7.0,0.0,80.0,1.3962634,0.0,0.0,0.0,80.0,-7.0,0.0,80.0,1.3962634,0.0,0.0,0.0,-4.19379108,-1.17945879,-0.85984748,3.14921437,-18.87158181,-0.19235798,20.60683815,0.0,-18.41372046,15.531933,1.48880644,-2.5680206,-0.84397882,3.07319397,0.0,-0.20221751,0.6050816
1760624915.934,0.01211153,-0.11546904,0.10150079,-0.0282491,0.93328864,-0.01254447,80.0,-7.0,0.0,80.0,1.3962634,0.0,0.0,0.0,80.0,-7.0,0.0,80.0,1.3962634,0.0,0.0,0.0,-4.07627243,-1.26534201,-0.87857806,2.81010616,-19.06263642,-0.20667949,21.36236276,0.0,-18.91516597,15.60509953,1.39883757,-2.63495639,-0.87926753,3.04879274,0.0,-0.19542371,0.61731114
1760624915.968,0.01529072,-0.12209445,0.09844948,-0.02814981,0.93381036,-0.01244133,80.0,-7.0,0.0,80.0,1.3962634,0.0,0.0,0.0,80.0,-7.0,0.0,80.0,1.3962634,0.0,0.0,0.0,-3.82134273,-1.36197644,-0.88846085,2.20899112,-19.16600567,-0.23725688,22.25303364,0.0,-19.43714071,15.57039659,1.20604169,-2.69709877,-0.91303624,2.97433649,0.0,-0.20930807,0.59253181
1760624916.001,0.0151247,-0.12358708,0.10016319,-0.02769806,0.93426408,-0.01234154,80.0,-7.0,0.0,80.0,1.3962634,0.0,0.0,0.0,80.0,-7.0,0.0,80.0,1.3962634,0.0,0.0,0.0,-3.81786628,-1.43173334,-0.90604292,2.16244177,-19.18872766,-0.24197078,22.29351606,0.0,-19.42709643,15.65622686,1.2014477,-2.74456483,-0.96562539,2.97298544,0.0,-0.20622937,0.57949578
1760624916.035,0.00470235,-0.12978147,0.10516783,-0.02736043,0.93449423,-0.01231907,80.0,-7.0,0.0,80.0,1.3962634,0.0,0.0,0.0,80.0,-7.0,0.0,80.0,1.3962634,0.0,0.0,0.0,-3.82527865,-1.45822441,-0.92512941,1.93738013,-19.29441546,-0.27205275,22.9075996,0.0,-19.80524076,15.63496742,1.18589534,-2.76457552,-0.99652475,2.9792092,0.0,-0.20413994,0.57119466
1760624916.068,-0.00031679,-0.1271145,0.11761595,-0.02690633,0.93446027,-0.01261499,80.0,-7.0,0.0,80.0,1.3962634,0.0,0.0,0.0,80.0,-7.0,0.0,80.0,1.3962634,0.0,0.0,0.0,-3.82231134,-1.4584633,-0.93742391,1.8841174,-19.37252044,-0.27987613,22.92254794,0.0,-19.77340478,15.68123697,1.19466415,-2.7493499,-1.02027924,2.94092861,0.0,-0.20655005,0.56141712
1760624916.102,0.0019146,-0.12873453,0.13104875,-0.02630665,0.93412137,-0.01267347,80.0,-7.0,0.0,80.0,1.3962634,0.0,0.0,0.0,80.0,-7.0,0.0,80.0,1.3962634,0.0,0.0,0.0,-3.85838447,-1.4830041,-0.9454355,1.83791878,-19.42611504,-0.26238327,22.97053494,0.0,-19.71665665,15.73239657,1.22054874,-2.76395189,-1.05896349,2.92960303,0.0,-0.22182106,0.54690775
1760624916.135,-0.00422915,-0.12966945,0.15067537,-0.02583604,0.93387096,-0.01268669,80.0,-7.0,0.0,80.0,1.3962634,0.0,0.0,0.0,80.0,-7.0,0.0,80.0,1.3962634,0.0,0.0,0.0,-3.88100735,-1.48234115,-0.93786142,1.85655906,-19.55364895,-0.17926601,22.96493757,0.0,-19.76627309,15.82149427,1.27909012,-2.75243924,-1.03549969,2.86090882,0.0,-0.21992435,0.54747982
1760624916.168,-0.00604171,-0.13070716,0.1581285,-0.0252799,0.93411528,-0.01231921,80.0,-7.0,0.0,80.0,1.3962634,0.0,0.0,0.0,80.0,-7.0,0.0,80.0,1.3962634,0.0,0.0,0.0,-3.87819737,-1.50951109,-0.92838677,1.79404718,-19.57714925,-0.10917827,22.9842221,0.0,-19.71919149,15.84634654,1.28850254,-2.7762807,-1.03741605,2.83474918,0.0,-0.20717853,0.5456464
1760624916.202,-0.00156462,-0.13749728,0.15951842,-0.02518367,0.93442543,-0.01255957,80.0,-7.0,0.0,80.0,1.3962634,0.0,0.0,0.0,80.0,-7.0,0.0,80.0,1.3962634,0.0,0.0,0.0,-3.74871986,-1.5003914,-0.88339845,1.51718055,-19.63906523,-0.13459383,22.96072382,0.0,-19.52134752,15.88860166,1.14946106,-2.77157263,-0.98656271,2.82751185,0.0,-0.2017236,0.53299599
1760624916.235,0.00927287,-0.13963457,0.17775901,-0.02561005,0.93482963,-0.01262303,80.0,-7.0,0.0,80.0,1.3962634,0.0,0.0,0.0,80.0,-7.0,0.0,80.0,1.3962634,0.0,0.0,0.0,-3.7455928,-1.50141718,-0.90540329,1.4886525,-19.65700206,-0.10519163,22.95789,0.0,-19.51603432,15.89332924,1.1299204,-2.77681843,-0.92027319,2.81504415,0.0,-0.18487766,0.53469903
1760624916.269,0.00823937,-0.14554165,0.17826987,-0.02547712,0.93485065,-0.01282742,80.0,-7.0,0.0,80.0,1.3962634,0.0,0.0,0.0,80.0,-7.0,0.0,80.0,1.3962634,0.0,0.0,0.0,-3.73620604,-1.49631038,-0.9278226,1.35974643,-19.79627981,-0.15503764,22.95868919,0.0,-19.40119809,16.0141807,1.10827743,-2.77184052,-0.91118207,2.8183671,0.0,-0.18525462,0.54089404
1760624916.302,0.00797901,-0.15279617,0.17675857,-0.02537304,0.93476281,-0.01361041,80.0,-7.0,0.0,80.0,1.3962634,0.0,0.0,0.0,80.0,-7.0,0.0,80.0,1.3962634,0.0,0.0,0.0,-3.75390956,-1.44858667,-0.86314703,1.44123694,-19.85192311,-0.18049149,22.95263862,0.0,-19.42389097,16.02358241,1.08847155,-2.71498056,-0.87725908,2.87647532,0.0,-0.19984838,0.51780614
1760624916.336,0.00758762,-0.16604817,0.17901679,-0.02554543,0.93464627,-0.01408293,80.0,-7.0,0.0,80.0,1.3962634,0.0,0.0,0.0,80.0,-7.0,0.0,80.0,1.3962634,0.0,0.0,0.0,-3.82656178,-1.40025757,-0.83901285,1.50564172,-19.9654195,-0.11247615,22.97218891,0.0,-19.37364214,16.03862973,1.11068507,-2.66719542,-0.83171216,2.91932671,0.0,-0.18800121,0.53916473
1760624916.369,0.01157688,-0.17795308,0.1936836,-0.02569924,0.93467374,-0.01368795,80.0,-7.0,0.0,80.0,1.3962634,0.0,0.0,0.0,80.0,-7.0,0.0,80.0,1.3962634,0.0,0.0,0.0,-3.83514958,-1.40572565,-0.81917782,1.59474847,-19.97162912,-0.10841334,22.95096438,0.0,-19.45706071,16.04582978,1.09560495,-2.67269168,-0.79455892,2.93185607,0.0,-0.16957057,0.54959127
1760624916.402,0.01526377,-0.18646554,0.19763793,-0.02674116,0.93511246,-0.01305608,80.0,-7.0,0.0,80.0,1.3962634,0.0,0.0,0.0,80.0,-7.0,0.0,80.0,1.3962634,0.0,0.0,0.0,-3.91930753,-1.42270933,-0.86030163,1.87784731,-19.91644652,0.06976136,22.97014748,0.0,-19.66982532,15.99832771,1.17389917,-2.69616836,-0.81171573,2.9244087,0.0,-0.1828179,0.53845244
1760624916.469,0.01152006,-0.19276498,0.22681765,-0.02739621,0.93578651,-0.0127172,80.0,-7.0,0.0,80.0,1.3962634,0.0,0.0,0.0,80.0,-7.0,0.0,80.0,1.3962634,0.0,0.0,0.0,-4.07984372,-1.38584667,-0.90398969,2.09418119,-19.94066545,0.16818006,23.0293915,0.0,-19.81030959,15.95001752,1.28083665,-2.7494058,-0.84474221,2.94305934,0.0,-0.14531063,0.53661689
1760624916.503,0.01478239,-0.19366779,0.241416,-0.02752361,0.93609396,-0.01284953,80.0,-7.0,0.0,80.0,1.3962634,0.0,0.0,0.0,80.0,-7.0,0.0,80.0,1.3962634,0.0,0.0,0.0,-4.12089325,-1.3331587,-0.9026185,2.15578249,-19.94353604,0.2255478,23.04653193,0.0,-19.8559787,15.89184271,1.2663959,-2.74436557,-0.84350034,2.96067299,0.0,-0.12811129,0.52460676
1760624916.536,0.00755818,-0.19398556,0.27205222,-0.02773913,0.93613011,-0.01299033,80.0,-7.0,0.0,80.0,1.3962634,0.0,0.0,0.0,80.0,-7.0,0.0,80.0,1.3962634,0.0,0.0,0.0,-4.22288703,-1.31289565,-0.96542302,2.28062146,-19.97692609,0.285507,23.09883748,0.0,-19.94077945,15.93964863,1.35292871,-2.79727773,-0.86194714,2.91698105,0.0,-0.13249361,0.50542806
1760624916.57,-2.897e-05,-0.19665371,0.27709293,-0.02739023,0.93597664,-0.0137063,80.0,-7.0,0.0,80.0,1.3962634,0.0,0.0,0.0,80.0,-7.0,0.0,80.0,1.3962634,0.0,0.0,0.0,-4.25811816,-1.26823352,-0.95368245,2.25611651,-20.00439783,0.33843136,23.10015215,0.0,-19.94044045,15.919129,1.34859091,-2.8053561,-0.86715215,2.9176082,0.0,-0.10602902,0.48528021
1760624916.603,0.0022219,-0.19614087,0.28271327,-0.02718099,0.93596544,-0.01405488,80.0,-7.0,0.0,80.0,1.3962634,0.0,0.0,0.0,80.0,-7.0,0.0,80.0,1.3962634,0.0,0.0,0.0,-4.34856597,-1.21447531,-0.98969585,2.19697618,-20.07677527,0.36080131,23.14002143,0.0,-19.84442642,15.92494493,1.38712353,-2.79644194,-0.95110338,2.9364058,0.0,-0.11064513,0.48020389
1760624916.637,0.00160576,-0.20180098,0.29174237,-0.02699573,0.93591994,-0.01445535,80.0,-7.0,0.0,80.0,1.3962634,0.0,0.0,0.0,80.0,-7.0,0.0,80.0,1.3962634,0.0,0.0,0.0,-4.34418581,-1.1568154,-0.98234303,1.79808327,-20.17611685,0.35836658,23.20110887,0.0,-19.47647955,15.87374214,1.38013108,-2.77632057,-0.96616877,2.9009843,0.0,-0.11516826,0.43172825
1760624916.67,0.00401772,-0.19957056,0.28949016,-0.02676035,0.93602298,-0.01434171,80.0,-7.0,0.0,80.0,1.3962634,0.0,0.0,0.0,80.0,-7.0,0.0,80.0,1.3962634,0.0,0.0,0.0,-4.39481838,-1.12856266,-0.96103203,1.7719137,-20.21294766,0.37559021,23.22132463,0.0,-19.42035422,15.83188289,1.40624745,-2.76871633,-0.98575636,2.90869073,0.0,-0.1078683,0.39712431
1760624916.704,-0.00112945,-0.19546519,0.29220147,-0.02718436,0.93644537,-0.01411845,80.0,-7.0,0.0,80.0,1.3962634,0.0,0.0,0.0,80.0,-7.0,0.0,80.0,1.3962634,0.0,0.0,0.0,-4.47178372,-1.09389454,-0.90250089,1.90836651,-20.18232628,0.33452978,23.20676781,0.0,-19.46485215,15.74155245,1.45078706,-2.75087146,-0.93566171,2.95203668,0.0,-0.06095669,0.39964109
1760624916.737,-0.01291834,-0.19390097,0.29263213,-0.02790053,0.93673221,-0.01391115,80.0,-7.0,0.0,80.0,1.3962634,0.0,0.0,0.0,80.0,-7.0,0.0,80.0,1.3962634,0.0,0.0,0.0,-4.53294744,-1.07159002,-0.8516109,2.08607325,-20.12364407,0.24287539,23.17912935,0.0,-19.53059832,15.63279973,1.51860618,-2.74173914,-0.94352726,2.98794537,0.0,-0.0172801,0.41064122
1760624916.771,-0.01430981,-0.19149782,0.30557444,-0.02847822,0.93683451,-0.01342576,80.0,-7.0,0.0,80.0,1.3962634,0.0,0.0,0.0,80.0,-7.0,0.0,80.0,1.3962634,0.0,0.0,0.0,-4.61190609,-1.07075309,-0.81535837,2.26020765,-20.07083409,0.24912957,23.1699396,0.0,-19.57558827,15.51524952,1.58745922,-2.76318264,-0.91817994,3.02927397,0.0,0.0013921,0.40366522
1760624916.804,-0.01031721,-0.18220635,0.3144388,-0.02845613,0.93742617,-0.01322853,80.0,-7.0,0.0,80.0,1.3962634,0.0,0.0,0.0,80.0,-7.0,0.0,80.0,1.3962634,0.0,0.0,0.0,-4.67584053,-1.07986618,-0.8026979,2.48936337,-19.9457533,0.30966698,23.12135761,0.0,-19.66326987,15.39363088,1.66782259,-2.78879713,-0.87311156,3.03769537,0.0,0.01498795,0.41313257
1760624916.837,-0.01365686,-0.18439525,0.31059171,-0.02848799,0.93789163,-0.0133224,80.0,-7.0,0.0,80.0,1.3962634,0.0,0.0,0.0,80.0,-7.0,0.0,80.0,1.3962634,0.0,0.0,0.0,-4.69539171,-1.03690748,-0.73047488,2.60781796,-19.92064508,0.34981095,23.08131107,0.0,-19.74789734,15.30588128,1.69675439,-2.79588605,-0.77316678,3.09855907,0.0,-0.00760444,0.42839107
1760624916.871,-0.00818924,-0.18708251,0.30658726,-0.02905423,0.93848256,-0.01333163,80.0,-7.0,0.0,80.0,1.3962634,0.0,0.0,0.0,80.0,-7.0,0.0,80.0,1.3962634,0.0,0.0,0.0,-4.65467081,-0.99603529,-0.65846441,2.64142224,-19.86421063,0.41066398,23.01682527,0.0,-19.76324986,15.16507741,1.68366865,-2.79262891,-0.67865828,3.1112268,0.0,-0.01289974,0.43845711
1760624916.904,-0.00430672,-0.18897121,0.30368784,-0.0287329,0.93852036,-0.013583,80.0,-7.0,0.0,80.0,1.3962634,0.0,0.0,0.0,80.0,-7.0,0.0,80.0,1.3962634,0.0,0.0,0.0,-4.57768089,-0.97388343,-0.59968398,2.65241073,-19.82288725,0.42643921,22.93653002,0.0,-19.77941288,15.09319211,1.63792342,-2.80939046,-0.59158409,3.12598216,0.0,-0.00689648,0.46053495
1760624916.938,0.00527883,-0.19182438,0.30109793,-0.02844658,0.93839289,-0.01376045,80.0,-7.0,0.0,80.0,1.3962634,0.0,0.0,0.0,80.0,-7.0,0.0,80.0,1.3962634,0.0,0.0,0.0,-4.5597701,-0.96662018,-0.60714349,2.66436111,-19.83858585,0.41774818,22.93711701,0.0,-19.76916797,15.07029188,1.64624347,-2.83478992,-0.5849187,3.12790268,0.0,-0.00364408,0.44559356
1760624916.971,-0.0035326,-0.20447552,0.30617717,-0.02817707,0.93814476,-0.01378744,80.0,-7.0,0.0,80.0,1.3962634,0.0,0.0,0.0,80.0,-7.0,0.0,80.0,1.3962634,0.0,0.0,0.0,-4.52702397,-0.94059075,-0.5883274,2.63299393,-19.8618424,0.38081361,22.86182278,0.0,-19.63786092,15.06940444,1.69578255,-2.80984938,-0.57915952,3.05706932,0.0,0.03031698,0.45493119
1760624917.005,-0.00496789,-0.21258677,0.31365149,-0.02839781,0.93736303,-0.01354112,80.0,-7.0,0.0,80.0,1.3962634,0.0,0.0,0.0,80.0,-7.0,0.0,80.0,1.3962634,0.0,0.0,0.0,-4.51510835,-0.94012337,-0.58376113,2.65709154,-19.86276909,0.34915761,22.86229958,0.0,-19.61909807,15.05741384,1.6874775,-2.80901216,-0.59880728,3.05491318,0.0,0.03976368,0.46505655
1760624917.038,0.00135866,-0.2266394,0.31976938,-0.02865723,0.93670801,-0.01328689,80.0,-7.0,0.0,80.0,1.3962634,0.0,0.0,0.0,80.0,-7.0,0.0,80.0,1.3962634,0.0,0.0,0.0,-4.51305672,-0.93935517,-0.57218056,2.66285552,-19.85517397,0.35704882,22.85874339,0.0,-19.61167662,15.074723,1.67918732,-2.80887372,-0.5909928,3.03714585,0.0,0.00030673,0.40392326
1760624917.071,-0.0005049,-0.2272602,0.32647161,-0.02818459,0.93640454,-0.01343193,80.0,-7.0,0.0,80.0,1.3962634,0.0,0.0,0.0,80.0,-7.0,0.0,80.0,1.3962634,0.0,0.0,0.0,-4.42653236,-0.94380843,-0.53615117,2.66913131,-19.88009193,0.32008027,22.77973786,0.0,-19.64275787,15.14781166,1.64086392,-2.78012417,-0.59012766,2.97519957,0.0,-0.01486204,0.38997911
1760624917.105,0.00184936,-0.23385739,0.33997013,-0.02831414,0.93629232,-0.01381595,80.0,-7.0,0.0,80.0,1.3962634,0.0,0.0,0.0,80.0,-7.0,0.0,80.0,1.3962634,0.0,0.0,0.0,-4.41029329,-0.92154103,-0.55673628,2.57736803,-19.99375959,0.24146494,22.7199056,0.0,-19.54950151,15.3028002,1.63347631,-2.74148994,-0.65498104,2.95433917,0.0,-0.01957354,0.40686937
1760624917.138,-0.00314338,-0.24302238,0.35809192,-0.02926045,0.93628107,-0.0140754,80.0,-7.0,0.0,80.0,1.3962634,0.0,0.0,0.0,80.0,-7.0,0.0,80.0,1.3962634,0.0,0.0,0.0,-4.29104948,-0.89559216,-0.51169694,2.15951966,-20.09467665,0.15731176,22.63322064,0.0,-19.2153916,15.40656445,1.54639526,-2.69846589,-0.64912924,2.92198708,0.0,-0.01586458,0.37650806
1760624917.172,0.00280944,-0.24325416,0.36449927,-0.02976773,0.93630965,-0.01399474,80.0,-7.0,0.0,80.0,1.3962634,0.0,0.0,0.0,80.0,-7.0,0.0,80.0,1.3962634,0.0,0.0,0.0,-4.33245342,-0.9117854,-0.5332404,2.11417738,-20.14164949,0.10987017,22.64853969,0.0,-19.15527468,15.50870391,1.59359917,-2.70188169,-0.73420379,2.90202289,0.0,0.03809372,0.34022903
1760624917.205,0.0014881,-0.24463974,0.37472658,-0.02992981,0.93637278,-0.01397599,80.0,-7.0,0.0,80.0,1.3962634,0.0,0.0,0.0,80.0,-7.0,0.0,80.0,1.3962634,0.0,0.0,0.0,-4.31930318,-0.90841418,-0.53622297,2.07111475,-20.19796006,0.09962547,22.64916734,0.0,-19.15802735,15.59610347,1.60772552,-2.66190308,-0.79481054,2.84847572,0.0,0.08537985,0.30218983
1760624917.239,-0.01003114,-0.25007228,0.38285848,-0.03018525,0.93620817,-0.01386096,80.0,-7.0,0.0,80.0,1.3962634,0.0,0.0,0.0,80.0,-7.0,0.0,80.0,1.3962634,0.0,0.0,0.0,-4.32513199,-0.90347651,-0.52509767,2.08902767,-20.23183665,0.08567268,22.65094001,0.0,-19.218967,15.67622908,1.61313669,-2.65186823,-0.8067156,2.84794827,0.0,0.05099193,0.22403732
1760624917.272,-0.01374641,-0.25941343,0.38734593,-0.03040683,0.9363147,-0.01360751,80.0,-7.0,0.0,80.0,1.3962634,0.0,0.0,0.0,80.0,-7.0,0.0,80.0,1.3962634,0.0,0.0,0.0,-4.37809896,-0.88571693,-0.54638562,2.2701133,-20.23581946,0.1596699,22.71675067,0.0,-19.42706574,15.67500056,1.67336798,-2.63330686,-0.872322,2.82436787,0.0,-0.00742878,0.13776521
1760624917.306,-0.01590424,-0.26233418,0.40133456,-0.03063469,0.93641965,-0.0131891,80.0,-7.0,0.0,80.0,1.3962634,0.0,0.0,0.0,80.0,-7.0,0.0,80.0,1.3962634,0.0,0.0,0.0,-4.38443478,-0.87763274,-0.52462134,2.35985309,-20.19702349,0.15060104,22.71211646,0.0,-19.55561961,15.64699755,1.67056171,-2.62090966,-0.87530284,2.81117399,0.0,-0.01020264,0.11007556
1760624917.339,-0.02076972,-0.26285606,0.41235341,-0.03040503,0.93668965,-0.01330328,80.0,-7.0,0.0,80.0,1.3962634,0.0,0.0,0.0,80.0,-7.0,0.0,80.0,1.3962634,0.0,0.0,0.0,-4.37244488,-0.87270119,-0.5573246,2.41822361,-20.14063948,0.1985774,22.74127452,0.0,-19.70765975,15.58543651,1.72006806,-2.60888759,-0.99437695,2.73567695,0.0,-0.00213352,0.11189944
1760624917.373,-0.01733287,-0.26353005,0.41818861,-0.02998876,0.93663341,-0.01328414,80.0,-7.0,0.0,80.0,1.3962634,0.0,0.0,0.0,80.0,-7.0,0.0,80.0,1.3962634,0.0,0.0,0.0,-4.37868768,-0.86924021,-0.53298504,2.41194474,-20.14525901,0.18080418,22.72372269,0.0,-19.72946229,15.56858447,1.71996068,-2.61858646,-1.04541296,2.71848871,0.0,-0.01421956,0.10153302
1760624917.406,-0.02933559,-0.26506906,0.4244875,-0.02968416,0.93653457,-0.01328137,80.0,-7.0,0.0,80.0,1.3962634,0.0,0.0,0.0,80.0,-7.0,0.0,80.0,1.3962634,0.0,0.0,0.0,-4.32005984,-0.86038691,-0.52041653,2.43257698,-20.08498725,0.18022586,22.72059386,0.0,-19.81551744,15.51271682,1.74869665,-2.60780677,-1.07766554,2.60118276,0.0,0.02892422,0.14834032
1760624917.44,-0.04278961,-0.25535141,0.43176111,-0.02935326,0.93655161,-0.01330444,80.0,-7.0,0.0,80.0,1.3962634,0.0,0.0,0.0,80.0,-7.0,0.0,80.0,1.3962634,0.0,0.0,0.0,-4.31345998,-0.8690778,-0.49034395,2.42767879,-20.08829784,0.15607803,22.71676759,0.0,-19.81605777,15.50163087,1.76324497,-2.59734652,-1.15607588,2.60543285,0.0,0.04077274,0.16373536
1760624917.473,-0.04387455,-0.24961787,0.43565012,-0.02851825,0.93694825,-0.01333829,80.0,-7.0,0.0,80.0,1.3962634,0.0,0.0,0.0,80.0,-7.0,0.0,80.0,1.3962634,0.0,0.0,0.0,-4.30058381,-0.86056452,-0.51058483,2.33623294,-20.08093191,0.08719768,22.73423563,0.0,-19.73047154,15.45635474,1.78722876,-2.56077553,-1.30883491,2.58515036,0.0,0.05611434,0.16741589
1760624917.506,-0.06206445,-0.24514213,0.45170008,-0.02794147,0.93734833,-0.01329466,80.0,-7.0,0.0,80.0,1.3962634,0.0,0.0,0.0,80.0,-7.0,0.0,80.0,1.3962634,0.0,0.0,0.0,-4.29032337,-0.86775882,-0.49108456,2.23681536,-20.07604505,0.07383451,22.77561084,0.0,-19.60682866,15.44730786,1.81570474,-2.52812885,-1.41782841,2.57613869,0.0,0.06166798,0.21120992
1760624917.54,-0.07874589,-0.23574759,0.46370075,-0.02731207,0.93779202,-0.01321146,80.0,-7.0,0.0,80.0,1.3962634,0.0,0.0,0.0,80.0,-7.0,0.0,80.0,1.3962634,0.0,0.0,0.0,-4.22080944,-0.89155608,-0.43240623,2.0131424,-20.1147756,-0.01144978,22.77994701,0.0,-19.41009548,15.4976776,1.74726672,-2.51188787,-1.42406204,2.6321463,0.0,0.07403104,0.24294031
1760624917.573,-0.08093877,-0.23051252,0.4795298,-0.02700022,0.93803365,-0.01291925,80.0,-7.0,0.0,80.0,1.3962634,0.0,0.0,0.0,80.0,-7.0,0.0,80.0,1.3962634,0.0,0.0,0.0,-4.25926854,-0.92513951,-0.44796648,2.01661157,-20.12696496,-0.04814337,22.80873217,0.0,-19.35068755,15.54629706,1.76220589,-2.51160161,-1.45000541,2.68195621,0.0,0.06484909,0.26867314
1760624917.607,-0.09416953,-0.2169138,0.49510445,-0.02668609,0.93822331,-0.01284086,80.0,-7.0,0.0,80.0,1.3962634,0.0,0.0,0.0,80.0,-7.0,0.0,80.0,1.3962634,0.0,0.0,0.0,-4.24513509,-0.96252454,-0.48121236,1.94359478,-20.14467256,-0.01698141,22.82525974,0.0,-19.2737346,15.61514821,1.76467818,-2.49273338,-1.43554566,2.67749859,0.0,0.05634196,0.27556552
1760624917.64,-0.10165881,-0.21723697,0.49511968,-0.02586958,0.93838177,-0.01283853,80.0,-7.0,0.0,80.0,1.3962634,0.0,0.0,0.0,80.0,-7.0,0.0,80.0,1.3962634,0.0,0.0,0.0,-4.15577341,-0.97545357,-0.43572243,1.93978718,-20.11531036,0.01280088,22.79929262,0.0,-19.29310787,15.61294189,1.70874324,-2.46936866,-1.42520362,2.67136229,0.0,0.05180029,0.27493645
1760624917.674,-0.11277444,-0.21523441,0.50360163,-0.02512506,0.93834194,-0.01289668,80.0,-7.0,0.0,80.0,1.3962634,0.0,0.0,0.0,80.0,-7.0,0.0,80.0,1.3962634,0.0,0.0,0.0,-4.03256107,-1.00446727,-0.4637277,1.75846328,-20.08129183,0.09862502,22.78808023,0.0,-19.16118677,15.585149,1.64025599,-2.46640893,-1.45551154,2.64688389,0.0,0.04666355,0.28650867
1760624917.707,-0.11998911,-0.21143289,0.50885192,-0.02455992,0.93785847,-0.01299728,80.0,-7.0,0.0,80.0,1.3962634,0.0,0.0,0.0,80.0,-7.0,0.0,80.0,1.3962634,0.0,0.0,0.0,-3.9021805,-1.01304379,-0.43075215,1.50727857,-20.11598908,0.10965441,22.72110609,0.0,-18.99771288,15.65000949,1.50034063,-2.43261579,-1.46406962,2.71146316,0.0,0.04653496,0.2919531
1760624917.741,-0.11788635,-0.2137234,0.52249633,-0.0252485,0.93743522,-0.01301423,80.0,-7.0,0.0,80.0,1.3962634,0.0,0.0,0.0,80.0,-7.0,0.0,80.0,1.3962634,0.0,0.0,0.0,-3.73354577,-1.01913279,-0.39159597,1.08949688,-20.09666357,0.07663497,22.62477238,0.0,-18.67603858,15.65762699,1.35376086,-2.4005399,-1.40465042,2.69200754,0.0,0.01911793,0.27804404
1760624917.808,-0.11090512,-0.22452193,0.53464662,-0.02584991,0.93703459,-0.01311181,80.0,-7.0,0.0,80.0,1.3962634,0.0,0.0,0.0,80.0,-7.0,0.0,80.0,1.3962634,0.0,0.0,0.0,-3.55828192,-1.03043126,-0.29047801,0.60647468,-20.10211735,0.14329433,22.47940813,0.0,-18.22121623,15.7270469,1.19124682,-2.2943789,-1.28169737,2.72549203,0.0,-0.0179924,0.28883998
1760624917.841,-0.10504369,-0.22529417,0.54624087,-0.02536271,0.9365202,-0.01317391,80.0,-7.0,0.0,80.0,1.3962634,0.0,0.0,0.0,80.0,-7.0,0.0,80.0,1.3962634,0.0,0.0,0.0,-3.38956946,-1.06142275,-0.2404437,0.21855633,-20.06286214,0.1278129,22.3250797,0.0,-17.85816671,15.7652751,0.98430545,-2.26467361,-1.12811454,2.76605875,0.0,-0.02215668,0.3099034
1760624917.875,-0.0848545,-0.22499564,0.56718168,-0.02570185,0.93638963,-0.01296964,80.0,-7.0,0.0,80.0,1.3962634,0.0,0.0,0.0,80.0,-7.0,0.0,80.0,1.3962634,0.0,0.0,0.0,-3.36175165,-1.09130657,-0.28494874,0.21362529,-20.00300952,0.21041892,22.30756072,0.0,-17.82807541,15.71664879,0.9258402,-2.22674524,-0.93026281,2.76809449,0.0,-0.01729849,0.31877722
1760624917.908,-0.08919309,-0.2238325,0.58311475,-0.02556279,0.93648487,-0.01263539,80.0,-7.0,0.0,80.0,1.3962634,0.0,0.0,0.0,80.0,-7.0,0.0,80.0,1.3962634,0.0,0.0,0.0,-3.27859793,-1.12973131,-0.32317756,0.12495365,-19.89532393,0.2268178,22.23466183,0.0,-17.70800852,15.67065979,0.82749813,-2.2348848,-0.90080324,2.79148027,0.0,-0.03526442,0.32040812
1760624917.941,-0.0947821,-0.22042078,0.58373444,-0.02560383,0.93655193,-0.01254284,80.0,-7.0,0.0,80.0,1.3962634,0.0,0.0,0.0,80.0,-7.0,0.0,80.0,1.3962634,0.0,0.0,0.0,-3.27202351,-1.14746443,-0.34568903,0.08805604,-19.86785015,0.30853938,22.25286856,0.0,-17.63708348,15.63214707,0.84238355,-2.23961439,-0.83353441,2.78684048,0.0,-0.06797968,0.27665563
1760624917.975,-0.08032061,-0.22608342,0.59399903,-0.02564254,0.93662692,-0.01246747,80.0,-7.0,0.0,80.0,1.3962634,0.0,0.0,0.0,80.0,-7.0,0.0,80.0,1.3962634,0.0,0.0,0.0,-3.22982675,-1.13410853,-0.34940195,-0.01484023,-19.82163955,0.4158099,22.23784759,0.0,-17.55272098,15.52710506,0.86279395,-2.24341463,-0.85707044,2.74217352,0.0,-0.05833395,0.28596077
1760624918.008,-0.08346608,-0.22978836,0.5866754,-0.0258101,0.93676614,-0.01272122,80.0,-7.0,0.0,80.0,1.3962634,0.0,0.0,0.0,80.0,-7.0,0.0,80.0,1.3962634,0.0,0.0,0.0,-3.17834689,-1.12716032,-0.2845948,0.00715734,-19.8569754,0.50355601,22.20233621,0.0,-17.60896573,15.53936094,0.86254009,-2.26770128,-0.8306329,2.71985533,0.0,-0.0641625,0.2875076
1760624918.042,-0.07131242,-0.23962978,0.59457557,-0.02553357,0.9368902,-0.01340428,80.0,-7.0,0.0,80.0,1.3962634,0.0,0.0,0.0,80.0,-7.0,0.0,80.0,1.3962634,0.0,0.0,0.0,-3.27250384,-1.06067852,-0.31514235,0.2881978,-19.98359288,0.66858432,22.20273814,0.0,-17.77357403,15.58054819,0.96410559,-2.25192958,-0.82750725,2.70685218,0.0,-0.06857585,0.26110869
1760624918.075,-0.06945907,-0.24513016,0.60794723,-0.02554876,0.93709473,-0.01367065,80.0,-7.0,0.0,80.0,1.3962634,0.0,0.0,0.0,80.0,-7.0,0.0,80.0,1.3962634,0.0,0.0,0.0,-3.2467402,-1.04321819,-0.29326024,0.23497707,-20.01230322,0.74009322,22.18944659,0.0,-17.75488249,15.59185886,0.96050505,-2.2660273,-0.83604692,2.68130626,0.0,-0.07760423,0.25205647
1760624918.109,-0.07088625,-0.25197687,0.61576259,-0.02654102,0.93720125,-0.01334352,80.0,-7.0,0.0,80.0,1.3962634,0.0,0.0,0.0,80.0,-7.0,0.0,80.0,1.3962634,0.0,0.0,0.0,-2.93069107,-1.04087385,-0.25548013,-0.4022135,-19.97095476,0.66307276,22.02083916,0.0,-17.32535239,15.61057621,0.66518057,-2.27090667,-0.85352712,2.64748089,0.0,-0.07075816,0.23959546
1760624918.142,-0.06790592,-0.25800042,0.6438517,-0.02783065,0.93763248,-0.0127665,80.0,-7.0,0.0,80.0,1.3962634,0.0,0.0,0.0,80.0,-7.0,0.0,80.0,1.3962634,0.0,0.0,0.0,-3.00570124,-1.07009438,-0.21827381,-0.19555967,-19.89793913,0.71801632,21.99437942,0.0,-17.43070866,15.60736617,0.71968507,-2.30192715,-0.82612089,2.64112178,0.0,-0.06711488,0.23179915
1760624918.175,-0.0679937,-0.25766522,0.66217897,-0.02789395,0.93758922,-0.0124545,80.0,-7.0,0.0,80.0,1.3962634,0.0,0.0,0.0,80.0,-7.0,0.0,80.0,1.3962634,0.0,0.0,0.0,-2.97635672,-1.08541126,-0.16215804,-0.11299465,-19.86915187,0.76480711,21.96463341,0.0,-17.53846073,15.63007026,0.6723521,-2.28016067,-0.81140178,2.63431868,0.0,-0.07198472,0.22385574
1760624918.209,-0.06075401,-0.26346539,0.68683937,-0.02802608,0.93750725,-0.01243759,80.0,-7.0,0.0,80.0,1.3962634,0.0,0.0,0.0,80.0,-7.0,0.0,80.0,1.3962634,0.0,0.0,0.0,-2.99166326,-1.08582288,-0.21847672,0.07227728,-19.90291911,0.92479706,21.95014407,0.0,-17.698432,15.67703385,0.66775158,-2.2720248,-0.82266729,2.62758099,0.0,-0.08317435,0.23084231
1760624918.242,-0.05781094,-0.266413,0.699165,-0.02765353,0.93739024,-0.01247501,80.0,-7.0,0.0,80.0,1.3962634,0.0,0.0,0.0,80.0,-7.0,0.0,80.0,1.3962634,0.0,0.0,0.0,-3.19633448,-1.07309138,-0.18895611,0.61098927,-19.89693309,0.98276858,21.91329358,0.0,-18.01201031,15.69577982,0.8191204,-2.2583072,-0.76278318,2.67034692,0.0,-0.09375886,0.23725561
1760624918.276,-0.05773831,-0.2667154,0.706632,-0.02683165,0.93712185,-0.01237153,80.0,-7.0,0.0,80.0,1.3962634,0.0,0.0,0.0,80.0,-7.0,0.0,80.0,1.3962634,0.0,0.0,0.0,-3.17377394,-1.08088923,-0.16884549,0.71626844,-19.86645969,1.03540522,21.86895185,0.0,-18.13155942,15.64398729,0.80046651,-2.25273809,-0.64114187,2.66733404,0.0,-0.07961074,0.25656557
1760624918.309,-0.05425162,-0.2670967,0.70694705,-0.02663698,0.93696738,-0.01250021,80.0,-7.0,0.0,80.0,1.3962634,0.0,0.0,0.0,80.0,-7.0,0.0,80.0,1.3962634,0.0,0.0,0.0,-3.25109882,-1.08781634,-0.19674767,0.87533853,-19.90779414,1.07355824,21.88015941,0.0,-18.21882539,15.62877256,0.87988939,-2.26717942,-0.61014066,2.68467991,0.0,-0.07958334,0.26060515
1760624918.343,-0.05170693,-0.2688319,0.71559845,-0.0265187,0.93681762,-0.01322448,80.0,-7.0,0.0,80.0,1.3962634,0.0,0.0,0.0,80.0,-7.0,0.0,80.0,1.3962634,0.0,0.0,0.0,-3.31574598,-1.05790815,-0.23351471,0.86078588,-20.02404032,1.14190226,21.93084758,0.0,-18.14554824,15.61404903,0.95126125,-2.25648239,-0.60870215,2.70856589,0.0,-0.07564267,0.28402057
1760624918.376,-0.04240269,-0.26317194,0.71709438,-0.0268686,0.93664309,-0.01416496,80.0,-7.0,0.0,80.0,1.3962634,0.0,0.0,0.0,80.0,-7.0,0.0,80.0,1.3962634,0.0,0.0,0.0,-3.40855153,-1.01483323,-0.2784127,0.79762475,-20.17418338,1.18467656,21.97401665,0.0,-18.02498514,15.56288347,0.98945777,-2.24825113,-0.51209394,2.78604275,0.0,-0.07104619,0.26244324
1760624918.41,-0.03551499,-0.26022598,0.71342002,-0.02701198,0.93665263,-0.01458497,80.0,-7.0,0.0,80.0,1.3962634,0.0,0.0,0.0,80.0,-7.0,0.0,80.0,1.3962634,0.0,0.0,0.0,-3.45530197,-0.96346595,-0.25961074,0.59868981,-20.39067199,1.07537476,21.99580381,0.0,-17.82985875,15.62526349,1.02886919,-2.21653956,-0.40803016,2.80890942,0.0,-0.06116755,0.26040966
1760624918.443,-0.0349357,-0.25285334,0.70593103,-0.0272107,0.93678299,-0.01396632,80.0,-7.0,0.0,80.0,1.3962634,0.0,0.0,0.0,80.0,-7.0,0.0,80.0,1.3962634,0.0,0.0,0.0,-3.76177458,-0.97518306,-0.23496603,0.92269376,-20.39676883,1.04324131,22.07098785,0.0,-17.90746403,15.56099865,1.24820073,-2.25179477,-0.37428893,2.92862486,0.0,-0.03829398,0.27879955
1760624918.477,-0.03181615,-0.25393325,0.70643864,-0.02684847,0.93674772,-0.01342562,80.0,-7.0,0.0,80.0,1.3962634,0.0,0.0,0.0,80.0,-7.0,0.0,80.0,1.3962634,0.0,0.0,0.0,-3.73667674,-0.95526869,-0.21835913,0.90620436,-20.42080255,1.07849076,22.06295931,0.0,-17.87681217,15.4794802,1.21978357,-2.25331462,-0.32843312,2.95715301,0.0,-0.01481636,0.29535198
1760624918.51,-0.04297933,-0.25319779,0.70560367,-0.02646283,0.93668413,-0.01296874,80.0,-7.0,0.0,80.0,1.3962634,0.0,0.0,0.0,80.0,-7.0,0.0,80.0,1.3962634,0.0,0.0,0.0,-3.70587973,-0.93974972,-0.16972118,0.99493802,-20.40091112,1.03597569,22.01194807,0.0,-17.98881159,15.44519892,1.17444029,-2.2467989,-0.27288999,3.01079192,0.0,-0.00756792,0.31332095
1760624918.577,-0.0475074,-0.26669164,0.69743277,-0.02670281,0.9365081,-0.01262522,80.0,-7.0,0.0,80.0,1.3962634,0.0,0.0,0.0,80.0,-7.0,0.0,80.0,1.3962634,0.0,0.0,0.0,-3.67702474,-0.92970803,-0.10634089,0.87755503,-20.41248429,1.09096357,21.99662775,0.0,-17.9255251,15.4828267,1.21290231,-2.20316547,-0.50953953,3.02069222,0.0,0.0053251,0.35166835
1760624918.61,-0.05672397,-0.27352009,0.70017772,-0.02606878,0.93645202,-0.01335866,80.0,-7.0,0.0,80.0,1.3962634,0.0,0.0,0.0,80.0,-7.0,0.0,80.0,1.3962634,0.0,0.0,0.0,-3.50716594,-0.8776784,-0.0900257,0.64335731,-20.54063021,1.12077749,21.91024455,0.0,-17.75852207,15.60564971,1.03860068,-2.12226357,-0.66513357,3.05938962,0.0,0.01295478,0.38998705
1760624918.644,-0.07027312,-0.27478803,0.71129062,-0.02545901,0.93628692,-0.01393819,80.0,-7.0,0.0,80.0,1.3962634,0.0,0.0,0.0,80.0,-7.0,0.0,80.0,1.3962634,0.0,0.0,0.0,-3.42435458,-0.8632377,-0.07147651,0.54902695,-20.62821664,1.18933438,21.89215292,0.0,-17.68160781,15.72416735,0.97434397,-2.0773745,-0.68886093,3.02875362,0.0,0.00664468,0.38342679
1760624918.677,-0.07763742,-0.28754464,0.72074813,-0.02478156,0.93640676,-0.01387645,80.0,-7.0,0.0,80.0,1.3962634,0.0,0.0,0.0,80.0,-7.0,0.0,80.0,1.3962634,0.0,0.0,0.0,-3.55187533,-0.84403359,-0.05555279,0.62096127,-20.68938673,1.25078991,21.94954157,0.0,-17.61505121,15.78544599,1.0180382,-2.04753446,-0.68514247,3.10634659,0.0,-0.00743877,0.36515937
1760624918.711,-0.07700122,-0.2983579,0.7251003,-0.02515549,0.93645328,-0.01380104,80.0,-7.0,0.0,80.0,1.3962634,0.0,0.0,0.0,80.0,-7.0,0.0,80.0,1.3962634,0.0,0.0,0.0,-3.39289836,-0.8285497,-0.02777381,0.24400927,-20.69326818,1.25438026,21.85630516,0.0,-17.30831922,15.79837652,0.87665255,-1.99691092,-0.70496912,3.08157285,0.0,0.01076141,0.39315341
1760624918.744,-0.07599439,-0.30867597,0.7406615,-0.02523741,0.93643623,-0.0136712,80.0,-7.0,0.0,80.0,1.3962634,0.0,0.0,0.0,80.0,-7.0,0.0,80.0,1.3962634,0.0,0.0,0.0,-3.40870184,-0.81967927,-0.03262494,0.20230896,-20.68521297,1.31998732,21.8818093,0.0,-17.22485616,15.79973749,0.91443366,-1.97918426,-0.66549941,3.06990782,0.0,0.01043538,0.41820648
1760624918.811,-0.08317657,-0.30719021,0.76400342,-0.02550794,0.93654667,-0.01373279,80.0,-7.0,0.0,80.0,1.3962634,0.0,0.0,0.0,80.0,-7.0,0.0,80.0,1.3962634,0.0,0.0,0.0,-3.43078019,-0.80989519,-0.05158611,0.24029792,-20.69619963,1.34432276,21.94673629,0.0,-17.15619038,15.80771656,1.08272182,-1.95836529,-0.59751732,2.9438581,0.0,0.02238357,0.41978797
1760624918.845,-0.09508552,-0.30817573,0.78819714,-0.02627621,0.93652452,-0.01271916,80.0,-7.0,0.0,80.0,1.3962634,0.0,0.0,0.0,80.0,-7.0,0.0,80.0,1.3962634,0.0,0.0,0.0,-3.49596842,-0.8390576,-0.0377793,0.35102111,-20.51229405,1.30356602,21.96691776,0.0,-17.177139,15.65699852,1.15652131,-2.02180279,-0.50670692,2.93754997,0.0,0.03035458,0.41528225
1760624918.878,-0.0885992,-0.30306119,0.80340061,-0.02653973,0.93662135,-0.01240454,80.0,-7.0,0.0,80.0,1.3962634,0.0,0.0,0.0,80.0,-7.0,0.0,80.0,1.3962634,0.0,0.0,0.0,-3.43399342,-0.8725724,-0.03344183,0.31707103,-20.40365924,1.29365666,21.95253917,0.0,-17.19782253,15.57676608,1.13890524,-2.06638563,-0.50650041,2.88478823,0.0,0.04605573,0.4227503
1760624918.911,-0.07944769,-0.29799235,0.81073827,-0.02672309,0.93676661,-0.01237993,80.0,-7.0,0.0,80.0,1.3962634,0.0,0.0,0.0,80.0,-7.0,0.0,80.0,1.3962634,0.0,0.0,0.0,-3.35380626,-0.91234938,-0.04401439,0.06889564,-20.3242839,1.31554764,21.98692074,0.0,-17.11509085,15.51087837,1.0405763,-2.12927184,-0.49045317,2.88094987,0.0,0.04341757,0.41692022
1760624918.945,-0.07810848,-0.29554932,0.81434538,-0.02665328,0.93684529,-0.01256372,80.0,-7.0,0.0,80.0,1.3962634,0.0,0.0,0.0,80.0,-7.0,0.0,80.0,1.3962634,0.0,0.0,0.0,-3.38805658,-0.93006724,-0.00480053,0.08012025,-20.32007928,1.36618348,22.00585556,0.0,-17.14613833,15.54225333,1.02316541,-2.17454368,-0.41284587,2.89009186,0.0,0.05344535,0.4064788
1760624918.978,-0.07308574,-0.29758253,0.8126289,-0.02693895,0.9367329,-0.01259411,80.0,-7.0,0.0,80.0,1.3962634,0.0,0.0,0.0,80.0,-7.0,0.0,80.0,1.3962634,0.0,0.0,0.0,-3.26378169,-0.97178594,0.0317517,-0.31043847,-20.25137677,1.35034446,22.03559353,0.0,-16.9809189,15.50719963,0.8691239,-2.23138903,-0.40350446,2.87762336,0.0,0.0456879,0.39626574
1760624919.012,-0.06620975,-0.29453831,0.80181383,-0.02693564,0.93675001,-0.01265007,80.0,-7.0,0.0,80.0,1.3962634,0.0,0.0,0.0,80.0,-7.0,0.0,80.0,1.3962634,0.0,0.0,0.0,-3.28750409,-0.97913897,0.05399791,-0.32595954,-20.23815062,1.34352401,22.02573816,6.682e-05,-16.99908979,15.52544494,0.85686488,-2.22729175,-0.42650418,2.85936868,0.0,0.03447603,0.35716964
1760624919.045,-0.06794795,-0.28681921,0.80154914,-0.02711672,0.93668285,-0.01262648,80.0,-7.0,0.0,80.0,1.3962634,0.0,0.0,0.0,80.0,-7.0,0.0,80.0,1.3962634,0.0,0.0,0.0,-3.28232148,-1.0273863,0.09475855,-0.31963478,-20.23620325,1.36621798,22.04602394,0.0,-17.02328647,15.61199126,0.81911186,-2.22940434,-0.3876015,2.82710021,0.0,0.03663145,0.3231868
1760624919.079,-0.06483846,-0.29372379,0.81044053,-0.02682262,0.93671738,-0.01251366,80.0,-7.0,0.0,80.0,1.3962634,0.0,0.0,0.0,80.0,-7.0,0.0,80.0,1.3962634,0.0,0.0,0.0,-3.3206441,-1.0580391,0.12849651,-0.21985591,-20.22129759,1.36845406,22.06821737,0.0,-17.08682361,15.64119697,0.79778672,-2.23871705,-0.3384688,2.8154945,0.0,0.03374024,0.31359844
1760624919.112,-0.06602156,-0.29373644,0.80670868,-0.02716773,0.93677518,-0.0123832,80.0,-7.0,0.0,80.0,1.3962634,0.0,0.0,0.0,80.0,-7.0,0.0,80.0,1.3962634,0.0,0.0,0.0,-3.35229061,-1.08239371,0.15577062,-0.06987242,-20.21274941,1.37204606,22.08217687,0.0,-17.2091462,15.66613577,0.80779164,-2.23356674,-0.32922417,2.79112513,0.0,0.01545198,0.29728114
1760624919.146,-0.06456306,-0.29344205,0.81453732,-0.02772524,0.93682409,-0.01263489,80.0,-7.0,0.0,80.0,1.3962634,0.0,0.0,0.0,80.0,-7.0,0.0,80.0,1.3962634,0.0,0.0,0.0,-3.50537962,-1.10083418,0.11620815,0.24582775,-20.24086065,1.53585438,22.16371337,0.0,-17.35698057,15.68274032,0.94098046,-2.20989592,-0.34848039,2.76451804,0.0,0.02146325,0.29901411
1760624919.179,-0.06089879,-0.296903,0.81850333,-0.02845314,0.93681328,-0.01256158,80.0,-7.0,0.0,80.0,1.3962634,0.0,0.0,0.0,80.0,-7.0,0.0,80.0,1.3962634,0.0,0.0,0.0,-3.52635409,-1.15243452,0.11448962,0.32305406,-20.23546046,1.58728204,22.19243803,0.0,-17.38675582,15.69485587,0.95514073,-2.24034374,-0.35837208,2.76383017,0.0,0.0238489,0.29739149
1760624919.212,-0.06140528,-0.30257389,0.82382657,-0.02881979,0.93679198,-0.01251076,80.0,-7.0,0.0,80.0,1.3962634,0.0,0.0,0.0,80.0,-7.0,0.0,80.0,1.3962634,0.0,0.0,0.0,-3.50312113,-1.16337843,0.1291349,0.40646385,-20.20629202,1.57859796,22.16051987,0.0,-17.468222,15.648358,0.95916557,-2.23340662,-0.34839902,2.76224618,0.0,0.02995013,0.30183928
1760624919.246,-0.05846633,-0.31028363,0.83914663,-0.0289198,0.93673553,-0.01270575,80.0,-7.0,0.0,80.0,1.3962634,0.0,0.0,0.0,80.0,-7.0,0.0,80.0,1.3962634,0.0,0.0,0.0,-3.59183765,-1.19504202,0.12947382,0.53031382,-20.33161872,1.7706282,22.19436848,0.0,-17.49442945,15.72708735,1.12240665,-2.24811008,-0.36648752,2.7225987,0.0,0.04007418,0.33989837
1760624919.279,-0.05937283,-0.31426297,0.84996088,-0.02887307,0.93669978,-0.01272957,80.0,-7.0,0.0,80.0,1.3962634,0.0,0.0,0.0,80.0,-7.0,0.0,80.0,1.3962634,0.0,0.0,0.0,-3.62361947,-1.20312817,0.12960806,0.65007652,-20.28997399,1.86727265,22.19657902,0.0,-17.5384244,15.64922095,1.20228274,-2.24487544,-0.34820128,2.70500232,0.0,0.03015859,0.33296408
1760624919.313,-0.06476424,-0.31539259,0.87617782,-0.0292986,0.93667924,-0.01243041,80.0,-7.0,0.0,80.0,1.3962634,0.0,0.0,0.0,80.0,-7.0,0.0,80.0,1.3962634,0.0,0.0,0.0,-3.60262649,-1.22221542,0.09746496,0.62710687,-20.28075129,1.86301622,22.1775815,0.00019401,-17.54590736,15.63598483,1.21961625,-2.24405391,-0.35701521,2.70954918,0.0,0.02604922,0.34127719
1760624919.346,-0.07513125,-0.31664994,0.9065614,-0.02945643,0.93664389,-0.01211308,80.0,-7.0,0.0,80.0,1.3962634,0.0,0.0,0.0,80.0,-7.0,0.0,80.0,1.3962634,0.0,0.0,0.0,-3.50975031,-1.30350608,0.04876619,0.41813116,-20.17898792,2.01046834,22.18416357,0.0,-17.41570128,15.59397426,1.20038654,-2.30494465,-0.36749683,2.6822104,0.0,0.01337728,0.35448509
1760624919.38,-0.07869108,-0.32048432,0.91311529,-0.02853045,0.93627758,-0.01207174,80.0,-7.0,0.0,80.0,1.3962634,0.0,0.0,0.0,80.0,-7.0,0.0,80.0,1.3962634,0.0,0.0,0.0,-3.51499075,-1.33320638,0.03667584,0.34513442,-20.20386999,2.04056824,22.19149148,0.0,-17.31863874,15.62812457,1.21021981,-2.32827817,-0.37281393,2.6905294,0.0,-0.00512596,0.3453334
1760624919.413,-0.07134821,-0.33104583,0.91149247,-0.0290313,0.93648702,-0.01208608,80.0,-7.0,0.0,80.0,1.3962634,0.0,0.0,0.0,80.0,-7.0,0.0,80.0,1.3962634,0.0,0.0,0.0,-3.51815272,-1.33393342,0.06049814,0.31382846,-20.21139747,2.05940735,22.17252537,0.00113679,-17.32473672,15.62671747,1.21345501,-2.33240412,-0.38875165,2.69907602,0.0,-0.00882502,0.33517487
1760624919.48,-0.09000986,-0.34317235,0.89760103,-0.02860008,0.93679566,-0.01208882,80.0,-7.0,0.0,80.0,1.3962634,0.0,0.0,0.0,80.0,-7.0,0.0,80.0,1.3962634,0.0,0.0,0.0,-3.71242896,-1.37230431,0.03852939,0.58359202,-20.19949801,2.12431175,22.14516804,0.0,-17.34202753,15.66087639,1.40526626,-2.39042943,-0.3706536,2.73553156,0.0,0.00746587,0.32870527
1760624919.513,-0.08961864,-0.35167245,0.88945293,-0.02888255,0.93665685,-0.01222208,80.0,-7.0,0.0,80.0,1.3962634,0.0,0.0,0.0,80.0,-7.0,0.0,80.0,1.3962634,0.0,0.0,0.0,-3.7100655,-1.36906829,0.02340987,0.57698509,-20.19035272,2.05172635,22.11806206,0.0,-17.3553614,15.66494667,1.40636483,-2.39147496,-0.44391745,2.72900632,0.0,0.00373403,0.3267198
1760624919.547,-0.10182195,-0.37033454,0.90245665,-0.02825906,0.93646041,-0.01198864,80.0,-7.0,0.0,80.0,1.3962634,0.0,0.0,0.0,80.0,-7.0,0.0,80.0,1.3962634,0.0,0.0,0.0,-3.68984147,-1.41168395,-0.02793621,0.54194747,-20.16256117,2.02174774,22.11663136,0.0,-17.29972425,15.66349148,1.44327843,-2.43294157,-0.53331348,2.68110467,0.0,0.0017817,0.3366035
1760624919.581,-0.09640252,-0.36825636,0.90404584,-0.02793678,0.93631101,-0.01206338,80.0,-7.0,0.0,80.0,1.3962634,0.0,0.0,0.0,80.0,-7.0,0.0,80.0,1.3962634,0.0,0.0,0.0,-3.62085428,-1.46396199,-0.06521872,0.43693749,-20.11798094,1.89729033,22.07572304,0.0,-17.2245815,15.68225699,1.43198369,-2.45384087,-0.66322094,2.61806993,0.0,-0.01294903,0.31745465
1760624919.647,-0.08619428,-0.39353363,0.93229646,-0.02826062,0.93632248,-0.01265332,80.0,-7.0,0.0,80.0,1.3962634,0.0,0.0,0.0,80.0,-7.0,0.0,80.0,1.3962634,0.0,0.0,0.0,-3.71273622,-1.46762017,-0.00029931,0.79472398,-20.17673076,1.73900642,21.97561355,0.0,-17.5707199,15.81939154,1.66740822,-2.37843867,-1.40418776,2.61530971,0.0,-0.02951003,0.34161269
1760624919.681,-0.07875231,-0.40526787,0.95669531,-0.02846106,0.93644845,-0.01291824,80.0,-7.0,0.0,80.0,1.3962634,0.0,0.0,0.0,80.0,-7.0,0.0,80.0,1.3962634,0.0,0.0,0.0,-3.74484646,-1.4635166,-0.01357533,1.06305914,-20.20715689,1.81349595,21.93082078,0.0,-17.78653926,15.88175286,1.81730146,-2.33043671,-1.7341387,2.52974741,0.0,-0.06619738,0.28845331
1760624919.714,-0.07698526,-0.41609868,0.9756536,-0.02835846,0.93649929,-0.01317387,80.0,-7.0,0.0,80.0,1.3962634,0.0,0.0,0.0,80.0,-7.0,0.0,80.0,1.3962634,0.0,0.0,0.0,-3.74011419,-1.46708057,0.02638397,1.17683598,-20.18863334,1.87674003,21.88897397,0.0,-17.92489028,15.87133775,1.83392965,-2.31083993,-1.68124422,2.49373262,0.0,-0.07361694,0.26857954
1760624919.748,-0.08100301,-0.42181219,0.98298171,-0.02860648,0.93643976,-0.01313554,80.0,-7.0,0.0,80.0,1.3962634,0.0,0.0,0.0,80.0,-7.0,0.0,80.0,1.3962634,0.0,0.0,0.0,-3.75980196,-1.45422596,-0.00610774,1.35039344,-20.14381133,1.89971839,21.85577999,0.0,-18.05997572,15.81701255,1.74256675,-2.30721493,-1.32306817,2.54363978,0.0,-0.04582785,0.28812414
1760624919.781,-0.07456838,-0.42585767,1.00241533,-0.02904124,0.93650267,-0.01314431,80.0,-7.0,0.0,80.0,1.3962634,0.0,0.0,0.0,80.0,-7.0,0.0,80.0,1.3962634,0.0,0.0,0.0,-3.75996379,-1.44771077,-0.08703036,1.37410039,-20.12975262,1.91433715,21.87164402,0.0,-18.05039255,15.81678865,1.7049976,-2.31820077,-1.17537547,2.53849638,0.0,-0.02812735,0.29834145
1760624919.815,-0.06384663,-0.43378726,1.03329017,-0.02848119,0.93649885,-0.01294313,80.0,-7.0,0.0,80.0,1.3962634,0.0,0.0,0.0,80.0,-7.0,0.0,80.0,1.3962634,0.0,0.0,0.0,-3.91797404,-1.44002163,-0.05869564,1.7960353,-20.11327739,1.94629419,21.8883513,0.0,-18.32497421,15.81241459,1.77396664,-2.34587631,-1.15492053,2.59611741,0.0,-0.04247359,0.25689528
1760624919.848,-0.04927216,-0.43931588,1.0465058,-0.02827369,0.93665086,-0.01294754,80.0,-7.0,0.0,80.0,1.3962634,0.0,0.0,0.0,80.0,-7.0,0.0,80.0,1.3962634,0.0,0.0,0.0,-3.9189391,-1.42122416,-0.06084989,1.80273982,-20.11727043,1.96492753,21.88731647,0.0,-18.3340979,15.8176579,1.74597549,-2.35901533,-1.11304601,2.57942179,0.0,-0.0346507,0.26042865
1760624919.881,-0.05344384,-0.43645381,1.04484946,-0.02740598,0.93635349,-0.01306276,80.0,-7.0,0.0,80.0,1.3962634,0.0,0.0,0.0,80.0,-7.0,0.0,80.0,1.3962634,0.0,0.0,0.0,-3.94777454,-1.39391615,0.00946374,1.94291125,-20.14641744,1.99542336,21.86774991,0.0,-18.44267587,15.84527088,1.70948724,-2.38524649,-0.99970252,2.64496401,0.0,-0.01627719,0.27562751
1760624919.915,-0.0438652,-0.43682755,1.07474427,-0.027409,0.93640593,-0.0133449,80.0,-7.0,0.0,80.0,1.3962634,0.0,0.0,0.0,80.0,-7.0,0.0,80.0,1.3962634,0.0,0.0,0.0,-4.0469589,-1.35532186,-0.0277602,2.04112551,-20.17014242,2.00995955,21.89809966,0.0,-18.45676167,15.84637193,1.74916018,-2.4370889,-1.00640526,2.69431463,0.0,-0.01137675,0.27554624
1760624919.948,-0.03373503,-0.44007168,1.09357505,-0.02677768,0.93606628,-0.01347767,80.0,-7.0,0.0,80.0,1.3962634,0.0,0.0,0.0,80.0,-7.0,0.0,80.0,1.3962634,0.0,0.0,0.0,-4.06963758,-1.32889032,-0.04308021,2.00918457,-20.19670394,2.06011799,21.90136689,0.0,-18.44191928,15.85588458,1.76155085,-2.49422199,-0.96328139,2.68499534,0.0,-0.0050846,0.27898019
1760624919.982,-0.02996153,-0.43064349,1.08567851,-0.02443517,0.9353196,-0.01362143,80.0,-7.0,0.0,80.0,1.3962634,0.0,0.0,0.0,80.0,-7.0,0.0,80.0,1.3962634,0.0,0.0,0.0,-4.04733214,-1.28195787,-0.02869901,1.67554532,-20.26873514,2.01670986,21.88056275,0.0,-18.12960243,15.85231595,1.76132499,-2.51240843,-0.89731732,2.65605661,0.0,0.00645369,0.26460331
1760624920.015,-0.02939026,-0.42715741,1.10467473,-0.02349238,0.93516756,-0.01372799,80.0,-7.0,0.0,80.0,1.3962634,0.0,0.0,0.0,80.0,-7.0,0.0,80.0,1.3962634,0.0,0.0,0.0,-4.15600337,-1.22469382,-0.1265587,1.57571866,-20.30066578,1.9565002,21.92647515,0.0,-17.9212978,15.76729828,1.85196901,-2.56233364,-0.92505116,2.6625349,0.0,0.02137939,0.27791858
1760624920.049,-0.03520566,-0.41858843,1.11321451,-0.02597042,0.93634196,-0.01382684,80.0,-7.0,0.0,80.0,1.3962634,0.0,0.0,0.0,80.0,-7.0,0.0,80.0,1.3962634,0.0,0.0,0.0,-4.28393075,-1.16692855,-0.12973637,1.60216303,-20.30459839,1.91396061,21.97110578,0.0,-17.83316886,15.67445775,1.92692825,-2.58089375,-0.82918892,2.7225146,0.0,0.05241073,0.2697067
1760624920.082,-0.03048445,-0.41024078,1.10252622,-0.02653507,0.93690117,-0.01415085,80.0,-7.0,0.0,80.0,1.3962634,0.0,0.0,0.0,80.0,-7.0,0.0,80.0,1.3962634,0.0,0.0,0.0,-4.36172766,-1.1195711,-0.13187437,1.56895595,-20.32846846,1.90618911,22.01401102,0.0,-17.76084345,15.60129537,1.99541675,-2.58226288,-0.79934868,2.73673102,0.0,0.06021132,0.2587422
1760624920.116,-0.02440254,-0.40515032,1.09607281,-0.02600964,0.9369176,-0.01457253,80.0,-7.0,0.0,80.0,1.3962634,0.0,0.0,0.0,80.0,-7.0,0.0,80.0,1.3962634,0.0,0.0,0.0,-4.43439305,-1.04263604,-0.11684402,1.54703364,-20.40626632,1.89014496,22.08430611,0.0,-17.72335042,15.53774641,2.09114524,-2.558773,-0.7360209,2.7240494,0.0,0.07083839,0.25354366
1760624920.149,-0.02294354,-0.4031826,1.0927971,-0.02555511,0.93696768,-0.01496314,80.0,-7.0,0.0,80.0,1.3962634,0.0,0.0,0.0,80.0,-7.0,0.0,80.0,1.3962634,0.0,0.0,0.0,-4.57685599,-0.9855613,-0.13408605,1.52796589,-20.53480381,1.9175576,22.33861721,0.0,-17.77502733,15.52983488,2.27032449,-2.54020298,-0.73045966,2.69775328,0.0,0.10172068,0.28043843
1760624920.183,-0.02545494,-0.39739739,1.08108328,-0.02459175,0.93652226,-0.01510762,80.0,-7.0,0.0,80.0,1.3962634,0.0,0.0,0.0,80.0,-7.0,0.0,80.0,1.3962634,0.0,0.0,0.0,-4.6135288,-0.94437896,-0.13502885,1.45911376,-20.57463902,1.94703587,22.40368093,0.0,-17.69527071,15.47447496,2.30036924,-2.53087326,-0.79529364,2.7345511,0.0,0.12130757,0.31366998
1760624920.216,-0.02796696,-0.39119408,1.08103078,-0.02401215,0.93647756,-0.0151993,80.0,-7.0,0.0,80.0,1.3962634,0.0,0.0,0.0,80.0,-7.0,0.0,80.0,1.3962634,0.0,0.0,0.0,-4.70833878,-0.89412105,-0.12634375,1.41540453,-20.64326316,1.98430953,22.49826016,0.0,-17.59967933,15.46187572,2.39265045,-2.51106804,-0.84978237,2.76401423,0.0,0.19674808,0.40227113
1760624920.249,-0.03166948,-0.38518547,1.08193952,-0.02377227,0.93610463,-0.01590868,80.0,-7.0,0.0,80.0,1.3962634,0.0,0.0,0.0,80.0,-7.0,0.0,80.0,1.3962634,0.0,0.0,0.0,-4.83749774,-0.82865277,-0.08440163,1.51174423,-20.81329043,1.98584799,22.58798117,0.0,-17.64718805,15.54414555,2.51825947,-2.46341907,-0.93205309,2.82335906,0.0,0.2687181,0.49429374
1760624920.283,-0.03487319,-0.37551271,1.07862227,-0.02346343,0.93582897,-0.01610985,80.0,-7.0,0.0,80.0,1.3962634,0.0,0.0,0.0,80.0,-7.0,0.0,80.0,1.3962634,0.0,0.0,0.0,-4.83744354,-0.77804825,-0.03204571,1.55301403,-20.91833435,1.9372054,22.62032116,0.0,-17.72614497,15.63664495,2.55563986,-2.42136658,-1.02976487,2.84052637,0.0,0.31338817,0.51616902
1760624920.316,-0.04886013,-0.3627611,1.09090342,-0.02381314,0.935863,-0.0158908,80.0,-7.0,0.0,80.0,1.3962634,0.0,0.0,0.0,80.0,-7.0,0.0,80.0,1.3962634,0.0,0.0,0.0,-4.835738,-0.75793535,-0.02589428,1.55008413,-20.91893863,1.94723729,22.64322952,0.0,-17.7105287,15.66826975,2.55809915,-2.42943788,-1.02227939,2.85018366,0.0,0.32116117,0.48349418
1760624920.35,-0.04841104,-0.34715149,1.08851333,-0.02385911,0.93572533,-0.0157755,80.0,-7.0,0.0,80.0,1.3962634,0.0,0.0,0.0,80.0,-7.0,0.0,80.0,1.3962634,0.0,0.0,0.0,-4.90353136,-0.75083692,0.03545141,1.61668339,-21.06708531,1.88464449,22.66230998,0.0,-17.72710245,15.84811856,2.54661027,-2.44706143,-0.99340684,2.93386074,0.0,0.32774009,0.49516459
1760624920.383,-0.05786019,-0.34060195,1.0845338,-0.0240818,0.93566255,-0.01580154,80.0,-7.0,0.0,80.0,1.3962634,0.0,0.0,0.0,80.0,-7.0,0.0,80.0,1.3962634,0.0,0.0,0.0,-4.89193881,-0.73363502,0.03535766,1.63784762,-21.06687579,1.84367452,22.6698681,0.0,-17.71467689,15.85839205,2.53072011,-2.44580794,-1.00983044,2.92584177,0.0,0.32495555,0.47621173
1760624920.417,-0.06630392,-0.33766799,1.08596334,-0.02355075,0.93539848,-0.01571303,80.0,-7.0,0.0,80.0,1.3962634,0.0,0.0,0.0,80.0,-7.0,0.0,80.0,1.3962634,0.0,0.0,0.0,-4.80268747,-0.71224696,0.11483348,1.50658133,-21.09399331,1.68493027,22.61410322,0.0,-17.60286816,15.9048128,2.38553945,-2.43952414,-0.92844059,2.97117305,0.0,0.3218108,0.45445617
1760624920.45,-0.06358086,-0.33583434,1.07964772,-0.02346821,0.93525351,-0.01571099,80.0,-7.0,0.0,80.0,1.3962634,0.0,0.0,0.0,80.0,-7.0,0.0,80.0,1.3962634,0.0,0.0,0.0,-4.79792161,-0.71177552,0.09955772,1.52033032,-21.08383274,1.5995017,22.59632566,0.0,-17.61146369,15.9017611,2.37155574,-2.43194702,-0.98690881,2.96112109,0.0,0.32295784,0.45635874
1760624920.484,-0.07130238,-0.33755975,1.10058166,-0.02361792,0.9352518,-0.01549693,80.0,-7.0,0.0,80.0,1.3962634,0.0,0.0,0.0,80.0,-7.0,0.0,80.0,1.3962634,0.0,0.0,0.0,-4.61812413,-0.73702398,0.20236087,1.22423055,-20.92418673,1.35415787,22.45067975,0.0,-17.44389022,15.77800098,2.13757604,-2.44948332,-0.87480437,2.99108195,0.0,0.31558066,0.4362511
1760624920.517,-0.06873218,-0.3432055,1.11041153,-0.02390837,0.93522851,-0.01550183,80.0,-7.0,0.0,80.0,1.3962634,0.0,0.0,0.0,80.0,-7.0,0.0,80.0,1.3962634,0.0,0.0,0.0,-4.54569651,-0.73445312,0.24791761,1.13821801,-20.82906684,1.19531346,22.36863003,0.0,-17.42396528,15.69781074,2.06552848,-2.40517077,-0.86493739,2.96251791,0.0,0.30296758,0.41150425
1760624920.55,-0.07566136,-0.34393712,1.13084457,-0.02422066,0.93521215,-0.01541717,80.0,-7.0,0.0,80.0,1.3962634,0.0,0.0,0.0,80.0,-7.0,0.0,80.0,1.3962634,0.0,0.0,0.0,-4.42911718,-0.74949207,0.25513259,0.92047391,-20.79437891,1.16845033,22.33072756,0.0,-17.31976345,15.66626568,2.00153777,-2.37639995,-0.87325064,2.88911731,0.0,0.30491319,0.43775141
1760624920.584,-0.08323153,-0.34309091,1.14184007,-0.0248945,0.9351181,-0.01422821,80.0,-7.0,0.0,80.0,1.3962634,0.0,0.0,0.0,80.0,-7.0,0.0,80.0,1.3962634,0.0,0.0,0.0,-4.42709143,-0.78578111,0.33176439,0.98553402,-20.68124977,1.11677572,22.28584149,0.0,-17.40095361,15.59304072,1.93302233,-2.38891666,-0.75797458,2.92897996,0.0,0.30880635,0.42043053
1760624920.617,-0.09172827,-0.33940002,1.16004736,-0.02559906,0.93516454,-0.01303599,80.0,-7.0,0.0,80.0,1.3962634,0.0,0.0,0.0,80.0,-7.0,0.0,80.0,1.3962634,0.0,0.0,0.0,-4.40112155,-0.88626662,0.36343121,0.96923927,-20.51461534,1.18788172,22.27267531,0.0,-17.4284142,15.5401776,1.92491535,-2.44277195,-0.68076777,2.88770775,0.0,0.30365673,0.42571437
1760624920.651,-0.09439514,-0.34183159,1.17675848,-0.02579174,0.93530046,-0.01252768,80.0,-7.0,0.0,80.0,1.3962634,0.0,0.0,0.0,80.0,-7.0,0.0,80.0,1.3962634,0.0,0.0,0.0,-4.39605715,-0.93403062,0.38585569,1.02817386,-20.40660127,1.20347329,22.26131295,0.0,-17.46672549,15.50503909,1.91293036,-2.47263447,-0.64763212,2.88080713,0.0,0.29707645,0.41716356
1760624920.684,-0.09534916,-0.33772082,1.17338226,-0.0264625,0.9355177,-0.01213448,80.0,-7.0,0.0,80.0,1.3962634,0.0,0.0,0.0,80.0,-7.0,0.0,80.0,1.3962634,0.0,0.0,0.0,-4.3002133,-0.97118423,0.36153444,1.01327166,-20.34162856,1.19040642,22.21828728,0.0,-17.51892844,15.50329158,1.88025163,-2.48871115,-0.61693638,2.79341027,0.0,0.2885398,0.40504844
1760624920.718,-0.09634593,-0.34054009,1.18231108,-0.02705022,0.93572034,-0.01226285,80.0,-7.0,0.0,80.0,1.3962634,0.0,0.0,0.0,80.0,-7.0,0.0,80.0,1.3962634,0.0,0.0,0.0,-4.30014793,-0.98524199,0.3346106,1.01433274,-20.32022383,1.21114867,22.22263345,0.0,-17.52177425,15.50227592,1.86071791,-2.4830663,-0.56833305,2.78452041,0.0,0.29379637,0.41340907
1760624920.751,-0.10574058,-0.33642863,1.17707405,-0.02744899,0.9356661,-0.01256152,80.0,-7.0,0.0,80.0,1.3962634,0.0,0.0,0.0,80.0,-7.0,0.0,80.0,1.3962634,0.0,0.0,0.0,-4.15355455,-1.02190344,0.2804555,0.79469448,-20.25599407,1.26404056,22.22424421,0.0,-17.41563043,15.48035199,1.80859399,-2.48301563,-0.61266558,2.66340169,0.0,0.29140662,0.3967138
1760624920.818,-0.11494678,-0.35001538,1.16599153,-0.02578002,0.93530799,-0.01333966,80.0,-7.0,0.0,80.0,1.3962634,0.0,0.0,0.0,80.0,-7.0,0.0,80.0,1.3962634,0.0,0.0,0.0,-3.99270314,-0.9921296,0.33143778,0.34925366,-20.36788444,1.16948187,22.19714365,0.0,-17.13711992,15.54171523,1.6351467,-2.43253982,-0.54243544,2.65469196,0.0,0.26226759,0.36459214
1760624920.852,-0.11829674,-0.35083993,1.1687756,-0.02507912,0.93553837,-0.01329691,80.0,-7.0,0.0,80.0,1.3962634,0.0,0.0,0.0,80.0,-7.0,0.0,80.0,1.3962634,0.0,0.0,0.0,-3.98025785,-0.99171535,0.37933361,0.12866597,-20.43669871,1.01004862,22.17734933,0.0,-16.91488715,15.59140976,1.62515498,-2.43488412,-0.45840798,2.64416759,0.0,0.26655886,0.36084699
1760624920.885,-0.12046214,-0.34896663,1.17028908,-0.02551707,0.93555353,-0.0131962,80.0,-7.0,0.0,80.0,1.3962634,0.0,0.0,0.0,80.0,-7.0,0.0,80.0,1.3962634,0.0,0.0,0.0,-3.97907373,-0.99049004,0.35404143,0.12819748,-20.44522525,0.97630694,22.17479929,0.0,-16.90189934,15.5741593,1.62545308,-2.4439111,-0.46202403,2.64390497,0.0,0.27985495,0.37128034
1760624920.919,-0.11988736,-0.35169812,1.17689929,-0.02590174,0.93580698,-0.01297106,80.0,-7.0,0.0,80.0,1.3962634,0.0,0.0,0.0,80.0,-7.0,0.0,80.0,1.3962634,0.0,0.0,0.0,-3.95648629,-0.96327714,0.34835859,0.00993121,-20.40210705,0.89390876,22.155367,0.0,-16.82211775,15.48952226,1.62792902,-2.42109662,-0.4766588,2.62837064,0.0,0.27685458,0.33624221
1760624920.952,-0.12611689,-0.35032141,1.19457073,-0.02526669,0.93564906,-0.01314812,80.0,-7.0,0.0,80.0,1.3962634,0.0,0.0,0.0,80.0,-7.0,0.0,80.0,1.3962634,0.0,0.0,0.0,-3.91640861,-0.97364963,0.35336745,-0.07529568,-20.44237977,0.85029562,22.15712813,0.0,-16.75368189,15.54351534,1.61099071,-2.4378945,-0.45821744,2.6290192,0.0,0.28972964,0.34521909
1760624920.985,-0.13376999,-0.35075696,1.19047364,-0.02492607,0.93560008,-0.01337032,80.0,-7.0,0.0,80.0,1.3962634,0.0,0.0,0.0,80.0,-7.0,0.0,80.0,1.3962634,0.0,0.0,0.0,-3.81888842,-0.95755018,0.38185353,-0.23616559,-20.45516204,0.80624107,22.12105273,0.0,-16.69303547,15.55666985,1.58831003,-2.4013405,-0.43842298,2.58261235,0.0,0.29314196,0.33699792
1760624921.019,-0.12910706,-0.3589514,1.20408539,-0.0250098,0.93575237,-0.01311005,80.0,-7.0,0.0,80.0,1.3962634,0.0,0.0,0.0,80.0,-7.0,0.0,80.0,1.3962634,0.0,0.0,0.0,-3.82117491,-0.95503072,0.3982398,-0.24430563,-20.43921853,0.82567262,22.12220347,0.0,-16.69516638,15.55850169,1.58853575,-2.40138623,-0.4207874,2.59411642,0.0,0.29686267,0.33225784
1760624921.052,-0.13154688,-0.36099479,1.21100497,-0.02556305,0.93600032,-0.01233571,80.0,-7.0,0.0,80.0,1.3962634,0.0,0.0,0.0,80.0,-7.0,0.0,80.0,1.3962634,0.0,0.0,0.0,-3.82170313,-1.00794084,0.42082895,-0.2387986,-20.31546301,0.84007476,22.14425024,0.0,-16.68768892,15.49727249,1.58557152,-2.44392205,-0.38572455,2.61390288,0.0,0.30243827,0.3511582
1760624921.086,-0.11968162,-0.36476198,1.22521123,-0.02618253,0.93600508,-0.012153,80.0,-7.0,0.0,80.0,1.3962634,0.0,0.0,0.0,80.0,-7.0,0.0,80.0,1.3962634,0.0,0.0,0.0,-3.80216692,-1.01409613,0.4018843,-0.27067672,-20.30256187,0.87644932,22.14998521,0.0,-16.66786375,15.51778277,1.57600934,-2.427342,-0.33704843,2.58644562,0.0,0.29243806,0.35462784
1760624921.119,-0.12065667,-0.36883198,1.23667953,-0.02639599,0.93587499,-0.01224022,80.0,-7.0,0.0,80.0,1.3962634,0.0,0.0,0.0,80.0,-7.0,0.0,80.0,1.3962634,0.0,0.0,0.0,-3.79071272,-1.01529774,0.39778837,-0.27655416,-20.28813571,0.90381801,22.15264381,0.0,-16.66782444,15.52566214,1.56103531,-2.41564669,-0.29645882,2.56970631,0.0,0.28587256,0.33462569
1760624921.153,-0.12232878,-0.36955976,1.23281059,-0.02740978,0.93594427,-0.012,80.0,-7.0,0.0,80.0,1.3962634,0.0,0.0,0.0,80.0,-7.0,0.0,80.0,1.3962634,0.0,0.0,0.0,-3.76287065,-1.03263567,0.42529379,-0.21880037,-20.22921524,0.92436298,22.14884175,0.0,-16.69742043,15.48882842,1.50409532,-2.41783661,-0.24582882,2.58223627,0.0,0.29542802,0.33038954
1760624921.186,-0.1123867,-0.37677469,1.23861929,-0.02812753,0.93602288,-0.01172249,80.0,-7.0,0.0,80.0,1.3962634,0.0,0.0,0.0,80.0,-7.0,0.0,80.0,1.3962634,0.0,0.0,0.0,-3.76525852,-1.05764406,0.428024,-0.15288053,-20.15228414,0.96959768,22.15904342,0.0,-16.69847566,15.44323932,1.45000495,-2.44591723,-0.21546969,2.61827535,0.0,0.30092619,0.3492923
1760624921.219,-0.1152537,-0.37531173,1.24698437,-0.02862595,0.93608766,-0.01170137,80.0,-7.0,0.0,80.0,1.3962634,0.0,0.0,0.0,80.0,-7.0,0.0,80.0,1.3962634,0.0,0.0,0.0,-3.70265186,-1.09682606,0.35649579,-0.32769711,-20.17200165,1.06194614,22.16713295,0.0,-16.58829371,15.48039236,1.43201823,-2.4754333,-0.22062903,2.55400316,0.0,0.28356098,0.32601591
1760624921.253,-0.10529966,-0.38450236,1.25499976,-0.02834137,0.9362183,-0.01166675,80.0,-7.0,0.0,80.0,1.3962634,0.0,0.0,0.0,80.0,-7.0,0.0,80.0,1.3962634,0.0,0.0,0.0,-3.69054632,-1.09499171,0.38155117,-0.307616,-20.14809897,1.06449514,22.14449394,0.0,-16.6284954,15.46242626,1.38743534,-2.48938766,-0.15751152,2.55186161,0.0,0.29847525,0.33255915
1760624921.286,-0.1028235,-0.38556066,1.26493009,-0.02868168,0.93629831,-0.01186592,80.0,-7.0,0.0,80.0,1.3962634,0.0,0.0,0.0,80.0,-7.0,0.0,80.0,1.3962634,0.0,0.0,0.0,-3.54924453,-1.12025299,0.37887285,-0.46619925,-20.12272022,1.07762393,22.1252688,0.0,-16.57761419,15.44013149,1.31011443,-2.50564163,-0.18471385,2.48323118,0.0,0.28599667,0.32081059
1760624921.32,-0.08795745,-0.38470055,1.27658739,-0.02853604,0.93635272,-0.01217194,80.0,-7.0,0.0,80.0,1.3962634,0.0,0.0,0.0,80.0,-7.0,0.0,80.0,1.3962634,0.0,0.0,0.0,-3.55102191,-1.12575534,0.37220326,-0.48465054,-20.13148829,1.0782277,22.11994989,0.0,-16.57998263,15.42558045,1.29528962,-2.50847207,-0.18222373,2.48273179,0.0,0.28790428,0.32317377
1760624921.353,-0.09288317,-0.3820446,1.28113375,-0.02853363,0.9364817,-0.0122317,80.0,-7.0,0.0,80.0,1.3962634,0.0,0.0,0.0,80.0,-7.0,0.0,80.0,1.3962634,0.0,0.0,0.0,-3.38900065,-1.13009149,0.35941907,-0.79233173,-20.13146742,1.12566707,22.12237498,0.0,-16.45336141,15.41898214,1.15674046,-2.50064885,-0.18908508,2.43574575,0.0,0.29828578,0.32426987
1760624921.454,-0.09429241,-0.38325529,1.29551707,-0.02832364,0.93703206,-0.01223434,80.0,-7.0,0.0,80.0,1.3962634,0.0,0.0,0.0,80.0,-7.0,0.0,80.0,1.3962634,0.0,0.0,0.0,-3.29185483,-1.15564262,0.39488223,-0.70777974,-20.12935547,1.09142673,22.09456377,0.0,-16.61208592,15.45449994,1.10515762,-2.46107935,-0.17607561,2.34518218,0.0,0.2696363,0.3089978
1760624921.487,-0.076927,-0.37793763,1.30119955,-0.02871904,0.93706531,-0.01219188,80.0,-7.0,0.0,80.0,1.3962634,0.0,0.0,0.0,80.0,-7.0,0.0,80.0,1.3962634,0.0,0.0,0.0,-3.29449773,-1.16407848,0.38345592,-0.69709156,-20.12506616,1.06609051,22.08299881,0.0,-16.6423107,15.44980239,1.07195411,-2.44254785,-0.18275948,2.32269964,0.0,0.24988348,0.28571742
1760624921.521,-0.08016785,-0.38361843,1.30542841,-0.0300151,0.93702234,-0.01217345,80.0,-7.0,0.0,80.0,1.3962634,0.0,0.0,0.0,80.0,-7.0,0.0,80.0,1.3962634,0.0,0.0,0.0,-3.26682399,-1.15970573,0.39946818,-0.59818565,-20.12436478,1.05841046,22.07191888,0.0,-16.78628058,15.44566207,1.02443823,-2.4228919,-0.19722741,2.34297229,0.0,0.25694764,0.28563936
1760624921.554,-0.0815187,-0.3847613,1.31219766,-0.02974324,0.936815,-0.0125333,80.0,-7.0,0.0,80.0,1.3962634,0.0,0.0,0.0,80.0,-7.0,0.0,80.0,1.3962634,0.0,0.0,0.0,-3.2245547,-1.15907505,0.34409509,-0.65181068,-20.15717741,1.16847289,22.11588006,0.0,-16.79131827,15.44132419,0.96358603,-2.41316608,-0.23809347,2.35220187,0.0,0.26421641,0.2848172
1760624921.587,-0.07545981,-0.37390851,1.31252603,-0.02919661,0.93671994,-0.0125888,80.0,-7.0,0.0,80.0,1.3962634,0.0,0.0,0.0,80.0,-7.0,0.0,80.0,1.3962634,0.0,0.0,0.0,-3.22152516,-1.18055831,0.35277291,-0.66277008,-20.18053423,1.17995447,22.11189865,0.0,-16.79617306,15.43916007,0.94532394,-2.40251699,-0.23380822,2.34322869,0.0,0.25557513,0.28105941
1760624921.621,-0.08199338,-0.37484779,1.31550635,-0.02789917,0.93658942,-0.0126273,80.0,-7.0,0.0,80.0,1.3962634,0.0,0.0,0.0,80.0,-7.0,0.0,80.0,1.3962634,0.0,0.0,0.0,-3.1157644,-1.17691161,0.3787664,-0.67730651,-20.19137185,1.12310055,22.06395705,0.0,-16.86760314,15.44400276,0.84388739,-2.3808122,-0.20962349,2.35999046,0.0,0.26117722,0.26984579
1760624921.654,-0.08594869,-0.37691604,1.32327018,-0.0269027,0.93660481,-0.01254828,80.0,-7.0,0.0,80.0,1.3962634,0.0,0.0,0.0,80.0,-7.0,0.0,80.0,1.3962634,0.0,0.0,0.0,-3.16463049,-1.17934715,0.39741657,-0.54862942,-20.21553065,1.11789821,22.07825858,0.0,-16.99136669,15.44796477,0.84746339,-2.38454897,-0.15325776,2.42047595,0.0,0.26522517,0.29416799
1760624921.688,-0.07818995,-0.37305462,1.33369406,-0.02781647,0.93611519,-0.01236244,80.0,-7.0,0.0,80.0,1.3962634,0.0,0.0,0.0,80.0,-7.0,0.0,80.0,1.3962634,0.0,0.0,0.0,-3.27557506,-1.18533308,0.36468905,-0.50108508,-20.25599774,1.16694636,22.15323318,0.0,-16.96286857,15.44182873,0.93211428,-2.37323261,-0.18065828,2.46859709,0.0,0.25172196,0.29893851
1760624921.721,-0.07985812,-0.37554123,1.34762463,-0.02933306,0.93576696,-0.01255671,80.0,-7.0,0.0,80.0,1.3962634,0.0,0.0,0.0,80.0,-7.0,0.0,80.0,1.3962634,0.0,0.0,0.0,-3.56781821,-1.17376023,0.32131608,-0.11846697,-20.32377899,1.20676574,22.25341025,0.0,-17.14024792,15.44721702,1.19625398,-2.37486412,-0.17273704,2.52937166,0.0,0.26312478,0.30104918
1760624921.755,-0.06435213,-0.38006949,1.36038952,-0.02934846,0.93589425,-0.01273263,80.0,-7.0,0.0,80.0,1.3962634,0.0,0.0,0.0,80.0,-7.0,0.0,80.0,1.3962634,0.0,0.0,0.0,-3.65955156,-1.14787255,0.29465309,0.09525839,-20.36616474,1.24882641,22.2614811,0.0,-17.26556429,15.41991937,1.30359798,-2.37137905,-0.14125222,2.55704392,0.0,0.27375853,0.31725063
1760624921.788,-0.05988807,-0.38546948,1.35855479,-0.02872442,0.93589414,-0.01271757,80.0,-7.0,0.0,80.0,1.3962634,0.0,0.0,0.0,80.0,-7.0,0.0,80.0,1.3962634,0.0,0.0,0.0,-3.82304061,-1.12493128,0.29817413,0.25136405,-20.38276209,1.27991458,22.32324339,0.0,-17.23910897,15.35944742,1.41542596,-2.39924683,-0.12807617,2.66024638,0.0,0.26626019,0.30885727
1760624921.822,-0.05019464,-0.38376704,1.36525525,-0.02962723,0.93597942,-0.01280647,80.0,-7.0,0.0,80.0,1.3962634,0.0,0.0,0.0,80.0,-7.0,0.0,80.0,1.3962634,0.0,0.0,0.0,-3.95533389,-1.11311412,0.2546264,0.60734272,-20.38886338,1.34841642,22.33159753,0.0,-17.41489757,15.3156091,1.61309916,-2.40079505,-0.11549649,2.61618099,0.0,0.27496765,0.30614557
1760624921.855,-0.03415005,-0.38661416,1.36779109,-0.03015541,0.9361881,-0.01271609,80.0,-7.0,0.0,80.0,1.3962634,0.0,0.0,0.0,80.0,-7.0,0.0,80.0,1.3962634,0.0,0.0,0.0,-4.03284155,-1.09088227,0.23816793,0.88848484,-20.36031975,1.38976544,22.31730368,0.0,-17.55386795,15.2250545,1.70523257,-2.4219315,-0.09817476,2.65174436,0.0,0.28787023,0.32523765
1760624921.888,-0.03047887,-0.39429165,1.37529774,-0.03028068,0.93647971,-0.01262952,80.0,-7.0,0.0,80.0,1.3962634,0.0,0.0,0.0,80.0,-7.0,0.0,80.0,1.3962634,0.0,0.0,0.0,-4.01803902,-1.06481676,0.25070278,0.96683259,-20.35903599,1.38409621,22.30002888,0.0,-17.60361515,15.19071995,1.71251992,-2.43192994,-0.07095229,2.66417793,0.0,0.29184175,0.33122348
1760624921.922,-0.01551867,-0.39771556,1.37385927,-0.0305415,0.9364545,-0.01317116,80.0,-7.0,0.0,80.0,1.3962634,0.0,0.0,0.0,80.0,-7.0,0.0,80.0,1.3962634,0.0,0.0,0.0,-4.072453,-1.03542483,0.26028037,1.1020163,-20.40857846,1.36716801,22.29185619,0.0,-17.66520643,15.1962609,1.75741462,-2.4245857,-0.04058111,2.68015972,0.0,0.29351981,0.32819451
1760624921.955,-0.02374924,-0.39539511,1.37983305,-0.03066693,0.93637287,-0.01359188,80.0,-7.0,0.0,80.0,1.3962634,0.0,0.0,0.0,80.0,-7.0,0.0,80.0,1.3962634,0.0,0.0,0.0,-4.13254317,-0.99021839,0.25270924,1.32331324,-20.48122528,1.39447597,22.300137,0.0,-17.78670901,15.2123518,1.89398587,-2.37567966,-0.01317618,2.65065403,0.0,0.30710094,0.33630878
1760624921.989,-0.02051949,-0.40432267,1.38768542,-0.02934787,0.93643306,-0.01387577,80.0,-7.0,0.0,80.0,1.3962634,0.0,0.0,0.0,80.0,-7.0,0.0,80.0,1.3962634,0.0,0.0,0.0,-4.12776219,-0.96875148,0.2681369,1.35998117,-20.49607358,1.4247799,22.30997552,0.0,-17.79215393,15.19793044,1.90112984,-2.37329309,0.03006709,2.64736211,0.0,0.29493442,0.34748336
1760624922.022,-0.01701341,-0.40835349,1.38922142,-0.02823936,0.93649637,-0.0143961,80.0,-7.0,0.0,80.0,1.3962634,0.0,0.0,0.0,80.0,-7.0,0.0,80.0,1.3962634,0.0,0.0,0.0,-4.11530421,-0.89212475,0.28076986,1.41109619,-20.55891123,1.42647952,22.29305369,0.0,-17.82336333,15.16434312,1.91736421,-2.29522115,0.029845,2.64085406,0.0,0.28428073,0.34156818
1760624922.056,-0.00531836,-0.41651845,1.38594244,-0.02800632,0.93656903,-0.01458002,80.0,-7.0,0.0,80.0,1.3962634,0.0,0.0,0.0,80.0,-7.0,0.0,80.0,1.3962634,0.0,0.0,0.0,-4.17228371,-0.85697435,0.26249228,1.35310432,-20.63641277,1.49302672,22.34700588,0.0,-17.69311965,15.17129682,1.96501189,-2.28591209,0.01239753,2.67862227,0.0,0.29675337,0.35604102
1760624922.089,-0.00380507,-0.42086733,1.39398585,-0.02787773,0.93668318,-0.01460529,80.0,-7.0,0.0,80.0,1.3962634,0.0,0.0,0.0,80.0,-7.0,0.0,80.0,1.3962634,0.0,0.0,0.0,-4.20224163,-0.8309173,0.2246665,1.25899676,-20.78663833,1.51326544,22.3969566,0.0,-17.52187637,15.23821007,2.01990163,-2.27473089,-0.00096705,2.67914692,0.0,0.2964493,0.36362131
1760624922.123,-0.00625925,-0.42606699,1.40908704,-0.02898115,0.93664165,-0.01474634,80.0,-7.0,0.0,80.0,1.3962634,0.0,0.0,0.0,80.0,-7.0,0.0,80.0,1.3962634,0.0,0.0,0.0,-4.28895582,-0.79794189,0.20444896,1.23409872,-20.83717755,1.44234465,22.42518881,0.0,-17.40985044,15.23884224,2.06771552,-2.26916447,-0.04602871,2.75212976,0.0,0.29483517,0.35409818
1760624922.156,-0.02940275,-0.42255463,1.43396172,-0.03024642,0.93667171,-0.01477433,80.0,-7.0,0.0,80.0,1.3962634,0.0,0.0,0.0,80.0,-7.0,0.0,80.0,1.3962634,0.0,0.0,0.0,-4.27625923,-0.77739727,0.19392626,1.27066455,-20.84622723,1.3920838,22.42095677,0.0,-17.4160513,15.22482335,2.07927637,-2.2856485,-0.0219516,2.77769067,0.0,0.31255791,0.35905284
1760624922.19,-0.00564535,-0.4207911,1.43470105,-0.03098644,0.93670701,-0.01474584,80.0,-7.0,0.0,80.0,1.3962634,0.0,0.0,0.0,80.0,-7.0,0.0,80.0,1.3962634,0.0,0.0,0.0,-4.35202645,-0.7569336,0.27201902,1.38651118,-20.88222581,1.31326215,22.40909796,0.0,-17.46530117,15.23412117,2.1370823,-2.29702611,0.04401033,2.82504599,0.0,0.30522476,0.3565268
1760624922.223,-0.00748715,-0.42192837,1.44962293,-0.03124236,0.93662144,-0.01481168,80.0,-7.0,0.0,80.0,1.3962634,0.0,0.0,0.0,80.0,-7.0,0.0,80.0,1.3962634,0.0,0.0,0.0,-4.37872821,-0.74971712,0.25738682,1.32462671,-20.90439437,1.34431683,22.44082463,0.0,-17.37358777,15.22727951,2.20065277,-2.3244404,0.02599974,2.81553333,0.0,0.31709313,0.37204888
1760624922.256,0.00076766,-0.42003344,1.45966712,-0.03130412,0.93656175,-0.0148649,80.0,-7.0,0.0,80.0,1.3962634,0.0,0.0,0.0,80.0,-7.0,0.0,80.0,1.3962634,0.0,0.0,0.0,-4.41607479,-0.74891758,0.25772724,1.26666225,-20.9564443,1.31683427,22.46056496,0.0,-17.30338076,15.26496262,2.22672002,-2.35380559,0.02373043,2.84494619,0.0,0.33485555,0.37067994
1760624922.29,-0.00500943,-0.42044063,1.4615803,-0.03029404,0.93664468,-0.01489876,80.0,-7.0,0.0,80.0,1.3962634,0.0,0.0,0.0,80.0,-7.0,0.0,80.0,1.3962634,0.0,0.0,0.0,-4.38756745,-0.73138302,0.2985273,1.28505015,-20.96987403,1.25626842,22.44664632,0.0,-17.3456361,15.28885442,2.20292339,-2.338422,0.06841387,2.86183752,0.0,0.33515155,0.38004174
1760624922.357,-0.01493696,-0.41760418,1.45751131,-0.02919012,0.93679149,-0.01550982,80.0,-7.0,0.0,80.0,1.3962634,0.0,0.0,0.0,80.0,-7.0,0.0,80.0,1.3962634,0.0,0.0,0.0,-4.34416905,-0.71875084,0.39751152,1.40871323,-21.03111667,1.2884613,22.42771743,0.0,-17.53389255,15.38630385,2.10263999,-2.2821619,0.22340357,2.85130709,0.0,0.33438803,0.36920082
1760624922.424,-0.01724658,-0.41510463,1.45717861,-0.02850644,0.93710892,-0.01556179,80.0,-7.0,0.0,80.0,1.3962634,0.0,0.0,0.0,80.0,-7.0,0.0,80.0,1.3962634,0.0,0.0,0.0,-4.29412961,-0.69669051,0.40189879,1.38940629,-21.07039761,1.32475265,22.42441637,0.0,-17.59744092,15.48799979,2.04589569,-2.1919013,0.27923181,2.74617182,0.0,0.31748322,0.36870316
1760624922.457,-0.00956192,-0.42601673,1.46639294,-0.02831783,0.93654981,-0.01474858,80.0,-7.0,0.0,80.0,1.3962634,0.0,0.0,0.0,80.0,-7.0,0.0,80.0,1.3962634,0.0,0.0,0.0,-4.29992963,-0.69782479,0.37198095,1.36338499,-20.99991755,1.23617965,22.40883592,0.0,-17.61294433,15.52755566,2.02056939,-2.16474746,0.21554971,2.73620317,0.0,0.31112087,0.35299518
1760624922.49,-0.01170845,-0.41074606,1.45855369,-0.02857364,0.93617353,-0.01368131,80.0,-7.0,0.0,80.0,1.3962634,0.0,0.0,0.0,80.0,-7.0,0.0,80.0,1.3962634,0.0,0.0,0.0,-4.32266185,-0.77603697,0.39636002,1.32750629,-20.8815379,1.17452596,22.41078485,0.0,-17.59626617,15.53427074,1.97588713,-2.22610324,0.22544901,2.77551968,0.0,0.31861943,0.35224736
1760624922.524,-0.00765712,-0.41083663,1.46081499,-0.02855366,0.93604435,-0.01334114,80.0,-7.0,0.0,80.0,1.3962634,0.0,0.0,0.0,80.0,-7.0,0.0,80.0,1.3962634,0.0,0.0,0.0,-4.34308596,-0.79183017,0.37222459,1.24891976,-20.85804149,1.12306308,22.42521037,0.0,-17.52291241,15.57206728,1.97464057,-2.24387171,0.18124862,2.77395598,0.0,0.32790028,0.36257542
1760624922.558,-0.01207202,-0.41304058,1.46774406,-0.02999528,0.93595953,-0.01386795,80.0,-7.0,0.0,80.0,1.3962634,0.0,0.0,0.0,80.0,-7.0,0.0,80.0,1.3962634,0.0,0.0,0.0,-4.35026802,-0.77765102,0.37071455,1.22907289,-20.85030508,1.13827367,22.4353361,0.0,-17.50729052,15.58095335,1.96934496,-2.25866819,0.19075254,2.77488269,0.0,0.33732732,0.35539107
1760624922.591,-0.00539043,-0.40944658,1.46975959,-0.03074357,0.93586386,-0.01429401,80.0,-7.0,0.0,80.0,1.3962634,0.0,0.0,0.0,80.0,-7.0,0.0,80.0,1.3962634,0.0,0.0,0.0,-4.39386443,-0.7699869,0.35927225,1.12515398,-20.86881417,1.17136212,22.48245912,0.0,-17.40432174,15.56328832,1.98936481,-2.28043099,0.14423282,2.7942535,0.0,0.33606677,0.35050627
1760624922.624,-0.01011984,-0.40910369,1.48531623,-0.03074548,0.93565079,-0.01468076,80.0,-7.0,0.0,80.0,1.3962634,0.0,0.0,0.0,80.0,-7.0,0.0,80.0,1.3962634,0.0,0.0,0.0,-4.39776179,-0.75790227,0.35619453,1.12949873,-20.87357947,1.18242787,22.48224648,0.0,-17.41480229,15.54391012,1.99178231,-2.30782073,0.18301007,2.79686861,0.0,0.34918225,0.3477006
1760624922.658,-0.01373697,-0.40746968,1.49209813,-0.03096567,0.93520767,-0.01517723,80.0,-7.0,0.0,80.0,1.3962634,0.0,0.0,0.0,80.0,-7.0,0.0,80.0,1.3962634,0.0,0.0,0.0,-4.40028505,-0.74525207,0.37646785,1.12547833,-20.89541491,1.18267781,22.47376096,0.0,-17.42720589,15.50678477,2.0023811,-2.35151414,0.18784258,2.80530294,0.0,0.36966614,0.36097638
1760624922.691,-0.02196716,-0.4075963,1.49185535,-0.03088203,0.93515661,-0.01508585,80.0,-7.0,0.0,80.0,1.3962634,0.0,0.0,0.0,80.0,-7.0,0.0,80.0,1.3962634,0.0,0.0,0.0,-4.40809459,-0.75508959,0.43467129,1.21095022,-20.89712556,1.12182189,22.45130574,0.0,-17.51953912,15.50344729,2.01562117,-2.39525596,0.21681242,2.82671773,0.0,0.37215423,0.342845
1760624922.725,-0.01895446,-0.40713011,1.48983108,-0.03053252,0.93514463,-0.01467578,80.0,-7.0,0.0,80.0,1.3962634,0.0,0.0,0.0,80.0,-7.0,0.0,80.0,1.3962634,0.0,0.0,0.0,-4.42541937,-0.76729517,0.49773814,1.34145904,-20.86240897,1.09307254,22.43338052,0.0,-17.63105536,15.4645111,2.0333371,-2.43237016,0.30710235,2.83661057,0.0,0.40114818,0.3719538
1760624922.758,-0.02275384,-0.40785438,1.49814981,-0.03020376,0.93520106,-0.01459803,80.0,-7.0,0.0,80.0,1.3962634,0.0,0.0,0.0,80.0,-7.0,0.0,80.0,1.3962634,0.0,0.0,0.0,-4.4183757,-0.77145281,0.51964752,1.46601036,-20.79828061,1.06714424,22.41396503,0.0,-17.72654181,15.41980938,2.05213772,-2.43105475,0.33582884,2.80998555,0.0,0.40013123,0.38159741
1760624922.792,-0.03685361,-0.40485626,1.50306325,-0.02997851,0.93533316,-0.01476859,80.0,-7.0,0.0,80.0,1.3962634,0.0,0.0,0.0,80.0,-7.0,0.0,80.0,1.3962634,0.0,0.0,0.0,-4.40294514,-0.79480742,0.53418237,1.5458743,-20.78842261,1.08956716,22.40435245,0.0,-17.79597468,15.45302791,2.06286562,-2.42047877,0.3500886,2.78814162,0.0,0.38983222,0.37259208
1760624922.825,-0.04058937,-0.40555495,1.51227415,-0.02978323,0.93540581,-0.01496684,80.0,-7.0,0.0,80.0,1.3962634,0.0,0.0,0.0,80.0,-7.0,0.0,80.0,1.3962634,0.0,0.0,0.0,-4.4083782,-0.79584701,0.51540927,1.56934269,-20.75956011,1.0827656,22.41157405,0.0,-17.80001809,15.48223965,2.04541761,-2.3875458,0.37071341,2.77121054,0.0,0.39662585,0.38285527
1760624922.859,-0.04945944,-0.40628327,1.51418714,-0.02970748,0.93537431,-0.01508608,80.0,-7.0,0.0,80.0,1.3962634,0.0,0.0,0.0,80.0,-7.0,0.0,80.0,1.3962634,0.0,0.0,0.0,-4.37501198,-0.7797606,0.52786038,1.59991606,-20.78132023,1.10763284,22.37964693,0.0,-17.8366293,15.54458091,2.02802296,-2.32285588,0.36972859,2.71827068,0.0,0.38227132,0.36400035
1760624922.892,-0.04804629,-0.4086497,1.51918439,-0.02973738,0.93557448,-0.01518229,80.0,-7.0,0.0,80.0,1.3962634,0.0,0.0,0.0,80.0,-7.0,0.0,80.0,1.3962634,0.0,0.0,0.0,-4.27589207,-0.7584923,0.52639772,1.47257788,-20.83773531,1.13694326,22.32112921,0.0,-17.75213131,15.63559553,1.9022056,-2.27886508,0.41367404,2.6909673,0.0,0.37458354,0.35811986
1760624922.959,-0.05959756,-0.39452323,1.52128919,-0.02500629,0.9352161,-0.01535132,80.0,-7.0,0.0,80.0,1.3962634,0.0,0.0,0.0,80.0,-7.0,0.0,80.0,1.3962634,0.0,0.0,0.0,-4.04047704,-0.73910598,0.57425026,1.08472835,-20.95849474,1.14487713,22.22390045,0.0,-17.52282661,15.82563704,1.62073004,-2.19119481,0.5038457,2.62763142,0.0,0.37030678,0.32037208
1760624922.993,-0.06506157,-0.38441399,1.5249598,-0.02402276,0.93538401,-0.0154923,80.0,-7.0,0.0,80.0,1.3962634,0.0,0.0,0.0,80.0,-7.0,0.0,80.0,1.3962634,0.0,0.0,0.0,-3.9996292,-0.75863873,0.57680386,0.98212703,-21.03614411,1.15529088,22.20885205,0.0,-17.46340301,15.92844229,1.5831033,-2.19536119,0.48845731,2.58998896,0.0,0.38418453,0.31734625
1760624923.026,-0.06795735,-0.38100416,1.52700693,-0.02482477,0.93558963,-0.01562667,80.0,-7.0,0.0,80.0,1.3962634,0.0,0.0,0.0,80.0,-7.0,0.0,80.0,1.3962634,0.0,0.0,0.0,-4.0287681,-0.73704409,0.57285609,0.94064291,-20.98345404,1.05721809,22.19413464,0.0,-17.39642845,15.83456766,1.51951826,-2.17698834,0.45825339,2.65131642,0.0,0.38752887,0.32437576
1760624923.059,-0.06188735,-0.36709179,1.53156988,-0.02539157,0.93582763,-0.01478268,80.0,-7.0,0.0,80.0,1.3962634,0.0,0.0,0.0,80.0,-7.0,0.0,80.0,1.3962634,0.0,0.0,0.0,-4.05612523,-0.79393542,0.56460558,0.88154407,-20.86121084,0.94633438,22.18705769,0.0,-17.3221935,15.72782359,1.47429895,-2.23499579,0.42702086,2.70562441,0.0,0.38917356,0.30147277
1760624923.093,-0.05848692,-0.36303067,1.53348666,-0.02565757,0.93580925,-0.0143405,80.0,-7.0,0.0,80.0,1.3962634,0.0,0.0,0.0,80.0,-7.0,0.0,80.0,1.3962634,0.0,0.0,0.0,-4.08128568,-0.80137249,0.59659572,0.87936836,-20.76295629,0.90042993,22.18252276,0.0,-17.29897626,15.5875089,1.45700984,-2.24020939,0.41475234,2.73184022,0.0,0.39810972,0.31174896
1760624923.126,-0.05165438,-0.35235793,1.54759261,-0.02602732,0.93575495,-0.01384548,80.0,-7.0,0.0,80.0,1.3962634,0.0,0.0,0.0,80.0,-7.0,0.0,80.0,1.3962634,0.0,0.0,0.0,-4.15458832,-0.84413264,0.59737727,0.86406282,-20.6968199,0.89847518,22.22407833,0.0,-17.22374794,15.49688415,1.50394372,-2.26531702,0.3203465,2.76857835,0.0,0.38149726,0.31826023
1760624923.16,-0.04989381,-0.34448761,1.55402915,-0.02612547,0.93571178,-0.01397501,80.0,-7.0,0.0,80.0,1.3962634,0.0,0.0,0.0,80.0,-7.0,0.0,80.0,1.3962634,0.0,0.0,0.0,-4.24181189,-0.86790301,0.58682514,0.88881467,-20.62206935,0.88752245,22.26154657,0.0,-17.20641452,15.39150311,1.58570219,-2.25392777,0.19163878,2.78348761,0.0,0.37297418,0.31733072
1760624923.193,-0.04823276,-0.33348758,1.55788125,-0.02620805,0.93572786,-0.0139109,80.0,-7.0,0.0,80.0,1.3962634,0.0,0.0,0.0,80.0,-7.0,0.0,80.0,1.3962634,0.0,0.0,0.0,-4.28058466,-0.8996314,0.56260608,0.91036863,-20.55205833,0.93387617,22.29638262,0.0,-17.23921777,15.30181002,1.64944081,-2.24544147,0.19759495,2.72095933,0.0,0.34682821,0.29809424
1760624923.227,-0.04552006,-0.32450388,1.55846993,-0.02614299,0.93574194,-0.0139213,80.0,-7.0,0.0,80.0,1.3962634,0.0,0.0,0.0,80.0,-7.0,0.0,80.0,1.3962634,0.0,0.0,0.0,-4.31989352,-0.93046971,0.55046838,0.96196506,-20.5118925,0.97962067,22.31555507,0.0,-17.30392062,15.25718574,1.63455194,-2.2368043,0.33622782,2.72956387,0.0,0.34802167,0.30866688
1760624923.26,-0.04716121,-0.32671162,1.57505446,-0.02606901,0.93571828,-0.01395507,80.0,-7.0,0.0,80.0,1.3962634,0.0,0.0,0.0,80.0,-7.0,0.0,80.0,1.3962634,0.0,0.0,0.0,-4.33188207,-0.94569266,0.51599518,0.97252514,-20.42224231,0.9836936,22.32275351,0.0,-17.36064856,15.15725996,1.65751286,-2.19578747,0.31334696,2.69664485,0.0,0.33506884,0.31069094
1760624923.293,-0.0415624,-0.32752625,1.57574585,-0.02589002,0.93569902,-0.01329575,80.0,-7.0,0.0,80.0,1.3962634,0.0,0.0,0.0,80.0,-7.0,0.0,80.0,1.3962634,0.0,0.0,0.0,-4.32270813,-1.04047519,0.50431552,0.97408886,-20.38266072,1.09309414,22.36128045,0.0,-17.43601825,15.17924785,1.66283798,-2.24347744,0.32107689,2.6459186,0.0,0.31322367,0.28745558
1760624923.327,-0.04379749,-0.33213062,1.58142773,-0.02644626,0.93606929,-0.01305193,80.0,-7.0,0.0,80.0,1.3962634,0.0,0.0,0.0,80.0,-7.0,0.0,80.0,1.3962634,0.0,0.0,0.0,-4.36296322,-1.09304473,0.50653825,1.05065325,-20.31795324,1.17128491,22.38497193,0.0,-17.51922821,15.1263102,1.6297881,-2.25183829,0.41305411,2.70734353,0.0,0.31893284,0.30256097
1760624923.36,-0.04404675,-0.33839169,1.59197442,-0.02654463,0.93645461,-0.01291937,80.0,-7.0,0.0,80.0,1.3962634,0.0,0.0,0.0,80.0,-7.0,0.0,80.0,1.3962634,0.0,0.0,0.0,-4.41605068,-1.14470844,0.4323123,1.27948049,-20.36577313,1.29641575,22.43648918,0.0,-17.73593913,15.20840447,1.72369498,-2.25239646,0.39236147,2.65621289,0.0,0.30954787,0.30612632
1760624923.394,-0.04645341,-0.34858457,1.5915,-0.02640803,0.93650154,-0.01342214,80.0,-7.0,0.0,80.0,1.3962634,0.0,0.0,0.0,80.0,-7.0,0.0,80.0,1.3962634,0.0,0.0,0.0,-4.40789735,-1.16469359,0.46448696,1.33815619,-20.37789542,1.35298189,22.43038266,0.0,-17.81412698,15.22545368,1.73921415,-2.23722658,0.39949925,2.64017209,0.0,0.30661313,0.29656106
1760624923.427,-0.0383144,-0.36831005,1.58587541,-0.02626209,0.93644891,-0.01439961,80.0,-7.0,0.0,80.0,1.3962634,0.0,0.0,0.0,80.0,-7.0,0.0,80.0,1.3962634,0.0,0.0,0.0,-4.43692136,-1.12488726,0.43280597,1.3844738,-20.50968094,1.42734601,22.45833274,0.0,-17.8066034,15.26722829,1.75069537,-2.16673319,0.40867323,2.65273229,0.0,0.29569708,0.29630281
1760624923.461,-0.04129723,-0.37424798,1.59803798,-0.02633171,0.93648231,-0.01478679,80.0,-7.0,0.0,80.0,1.3962634,0.0,0.0,0.0,80.0,-7.0,0.0,80.0,1.3962634,0.0,0.0,0.0,-4.47626817,-1.13269624,0.41232891,1.51774585,-20.56664363,1.41409399,22.46080938,0.0,-17.91916814,15.32399885,1.78337639,-2.16026258,0.41341335,2.67837067,0.0,0.30575873,0.32477319
1760624923.494,-0.04932806,-0.39123964,1.61181656,-0.02611978,0.93649765,-0.01468511,80.0,-7.0,0.0,80.0,1.3962634,0.0,0.0,0.0,80.0,-7.0,0.0,80.0,1.3962634,0.0,0.0,0.0,-4.49392286,-1.13392666,0.36438253,1.52289976,-20.57546802,1.39591343,22.46031945,0.0,-17.92976082,15.32581336,1.80970746,-2.1764705,0.41949474,2.67815233,0.0,0.3002885,0.30166659
1760624923.528,-0.03889971,-0.40109059,1.61783782,-0.02595065,0.93638424,-0.0145693,80.0,-7.0,0.0,80.0,1.3962634,0.0,0.0,0.0,80.0,-7.0,0.0,80.0,1.3962634,0.0,0.0,0.0,-4.62675312,-1.14304394,0.34739794,1.62865509,-20.62425853,1.40313064,22.51387192,0.0,-17.97223632,15.34651867,1.9608829,-2.2162993,0.44777129,2.67839182,0.0,0.29528133,0.28817027
1760624923.561,-0.0408381,-0.42112334,1.63159451,-0.02565389,0.93638129,-0.01451422,80.0,-7.0,0.0,80.0,1.3962634,0.0,0.0,0.0,80.0,-7.0,0.0,80.0,1.3962634,0.0,0.0,0.0,-4.62827083,-1.12563412,0.31475391,1.62207739,-20.63658967,1.40690756,22.50074699,0.0,-17.99409232,15.33733369,1.99186827,-2.24768064,0.4852418,2.68438968,0.0,0.29844739,0.28427286
1760624923.594,-0.0334566,-0.43065611,1.64330171,-0.0257971,0.93645608,-0.01450021,80.0,-7.0,0.0,80.0,1.3962634,0.0,0.0,0.0,80.0,-7.0,0.0,80.0,1.3962634,0.0,0.0,0.0,-4.7050936,-1.12064725,0.28944444,1.61868642,-20.66180411,1.44933325,22.54664183,0.0,-17.97909579,15.32816017,2.10946115,-2.27966169,0.46954091,2.69631957,0.0,0.28122392,0.29247062
1760624923.628,-0.03753056,-0.44276116,1.66457764,-0.02663049,0.93635932,-0.01478629,80.0,-7.0,0.0,80.0,1.3962634,0.0,0.0,0.0,80.0,-7.0,0.0,80.0,1.3962634,0.0,0.0,0.0,-4.82071121,-1.08945449,0.28720195,1.75239537,-20.75859824,1.45215259,22.61405986,0.0,-18.02295031,15.38059581,2.2198478,-2.30660867,0.54931355,2.75607878,0.0,0.28022043,0.3011821
1760624923.695,-0.03152248,-0.46659468,1.71765305,-0.02776364,0.93618675,-0.0148716,80.0,-7.0,0.0,80.0,1.3962634,0.0,0.0,0.0,80.0,-7.0,0.0,80.0,1.3962634,0.0,0.0,0.0,-4.98454522,-1.05676344,0.23808125,1.79691132,-20.97168935,1.53975272,22.7145209,0.0,-18.03592609,15.55011066,2.40742185,-2.34432152,0.54971752,2.7692806,0.0,0.29190904,0.32300961
1760624923.728,-0.03489687,-0.47083632,1.72255178,-0.02790544,0.93598123,-0.01499628,80.0,-7.0,0.0,80.0,1.3962634,0.0,0.0,0.0,80.0,-7.0,0.0,80.0,1.3962634,0.0,0.0,0.0,-5.0431932,-1.05755506,0.24406226,1.80738325,-20.99662234,1.57580964,22.75150919,0.0,-18.0251201,15.57708675,2.42936972,-2.37995274,0.57053039,2.79550201,0.0,0.30030958,0.31540064
1760624923.762,-0.03642944,-0.47756716,1.73180383,-0.02871946,0.9361656,-0.01502782,80.0,-7.0,0.0,80.0,1.3962634,0.0,0.0,0.0,80.0,-7.0,0.0,80.0,1.3962634,0.0,0.0,0.0,-5.15899759,-1.06114758,0.20640986,1.85992308,-21.06600121,1.51772415,22.78679081,0.0,-18.05794943,15.6594115,2.50079091,-2.42189516,0.57445221,2.82075653,0.0,0.30072063,0.31845324
1760624923.795,-0.02781247,-0.48642174,1.73732747,-0.02926986,0.93619416,-0.01520722,80.0,-7.0,0.0,80.0,1.3962634,0.0,0.0,0.0,80.0,-7.0,0.0,80.0,1.3962634,0.0,0.0,0.0,-5.30833266,-1.00880306,0.21914321,1.97433231,-21.14225623,1.49405099,22.83222431,0.0,-18.08320421,15.67698847,2.57470207,-2.42013964,0.63095091,2.87528877,0.0,0.29804772,0.30136333
1760624923.829,-0.0374775,-0.4998336,1.73536735,-0.02955128,0.93631327,-0.01523944,80.0,-7.0,0.0,80.0,1.3962634,0.0,0.0,0.0,80.0,-7.0,0.0,80.0,1.3962634,0.0,0.0,0.0,-5.35756833,-0.98646789,0.19516845,1.95996616,-21.1831862,1.52781962,22.88015143,0.0,-18.01473892,15.70277088,2.63179252,-2.44422859,0.63825687,2.86234801,0.0,0.30961769,0.29227178
1760624923.862,-0.02365197,-0.49779398,1.72501157,-0.0298787,0.93642602,-0.01550144,80.0,-7.0,0.0,80.0,1.3962634,0.0,0.0,0.0,80.0,-7.0,0.0,80.0,1.3962634,0.0,0.0,0.0,-5.43758978,-0.95831524,0.18330855,1.93925016,-21.27812335,1.49277188,22.8921258,0.0,-17.93839498,15.74521736,2.72856854,-2.44114575,0.63593795,2.8256353,0.0,0.31418886,0.31321482
1760624923.896,-0.00979498,-0.49931398,1.71893554,-0.03033193,0.93655169,-0.01566491,80.0,-7.0,0.0,80.0,1.3962634,0.0,0.0,0.0,80.0,-7.0,0.0,80.0,1.3962634,0.0,0.0,0.0,-5.55035184,-0.91299374,0.2409129,2.12956538,-21.32868433,1.50515845,22.88802858,0.0,-18.05080156,15.73731092,2.83987533,-2.42917104,0.74833719,2.8138862,0.0,0.3200522,0.30037427
1760624923.929,-0.0038497,-0.50109055,1.71600538,-0.02974637,0.93658198,-0.01585539,80.0,-7.0,0.0,80.0,1.3962634,0.0,0.0,0.0,80.0,-7.0,0.0,80.0,1.3962634,0.0,0.0,0.0,-5.50684841,-0.90162321,0.26954218,2.11133001,-21.32329816,1.49152196,22.85158082,0.0,-18.05731692,15.71911965,2.79564854,-2.44011706,0.78467958,2.80544776,0.0,0.33911351,0.30933096
1760624923.962,-0.00560754,-0.49768912,1.70817661,-0.02927379,0.93664478,-0.01599414,80.0,-7.0,0.0,80.0,1.3962634,0.0,0.0,0.0,80.0,-7.0,0.0,80.0,1.3962634,0.0,0.0,0.0,-5.49762204,-0.90048276,0.29810112,2.13846736,-21.32788566,1.48318292,22.84622777,0.0,-18.06664325,15.70470952,2.8019695,-2.44815743,0.78734222,2.82609959,0.0,0.3210439,0.30354405
1760624923.996,-0.0022497,-0.50061314,1.71471549,-0.02926504,0.93669799,-0.01605916,80.0,-7.0,0.0,80.0,1.3962634,0.0,0.0,0.0,80.0,-7.0,0.0,80.0,1.3962634,0.0,0.0,0.0,-5.51839097,-0.8803915,0.35325271,2.25217924,-21.34669082,1.47873644,22.8215724,0.0,-18.1623395,15.68985809,2.80781278,-2.45503453,0.87575211,2.89227477,0.0,0.32354327,0.30817648
1760624924.029,0.00340916,-0.49465858,1.71489102,-0.02993279,0.93652634,-0.01563063,80.0,-7.0,0.0,80.0,1.3962634,0.0,0.0,0.0,80.0,-7.0,0.0,80.0,1.3962634,0.0,0.0,0.0,-5.57612881,-0.92208222,0.36909838,2.32878576,-21.33309369,1.58254109,22.85451267,0.01617112,-18.19846053,15.7063079,2.83264117,-2.51371772,0.95722558,2.94022913,0.0,0.34118308,0.33725156
1760624924.063,-0.00255353,-0.49420563,1.71047875,-0.03023939,0.93635312,-0.01543873,80.0,-7.0,0.0,80.0,1.3962634,0.0,0.0,0.0,80.0,-7.0,0.0,80.0,1.3962634,0.0,0.0,0.0,-5.58373804,-0.92303377,0.37759906,2.33773057,-21.33587724,1.68034087,22.90475731,0.09812593,-18.15360804,15.70390852,2.84386116,-2.5244995,1.00562544,2.92846527,0.0,0.35831314,0.34942228
1760624924.096,0.00269533,-0.48443985,1.72948988,-0.0302803,0.93649644,-0.01591731,80.0,-7.0,0.0,80.0,1.3962634,0.0,0.0,0.0,80.0,-7.0,0.0,80.0,1.3962634,0.0,0.0,0.0,-5.61210616,-0.9282244,0.29449982,2.314106,-21.38154966,1.82007158,23.01176413,0.1962253,-17.95517839,15.71179141,2.82391027,-2.52362924,1.07745734,2.91985626,0.0,0.37907476,0.35419054
1760624924.13,-0.00603273,-0.47988817,1.73658923,-0.02959713,0.93659761,-0.01633147,80.0,-7.0,0.0,80.0,1.3962634,0.0,0.0,0.0,80.0,-7.0,0.0,80.0,1.3962634,0.0,0.0,0.0,-5.52872946,-0.91570062,0.30346473,2.18049703,-21.46815984,1.86211875,22.96329574,0.02579506,-17.77339698,15.78154633,2.65583198,-2.50736933,1.21772413,2.95466447,0.0,0.39851562,0.36037746
1760624924.163,-0.01370597,-0.47207544,1.73340496,-0.02942833,0.93659705,-0.01635671,80.0,-7.0,0.0,80.0,1.3962634,0.0,0.0,0.0,80.0,-7.0,0.0,80.0,1.3962634,0.0,0.0,0.0,-5.50272699,-0.94373895,0.26492518,2.14727634,-21.45950268,1.85515509,22.97661288,0.0,-17.70795684,15.80870148,2.63751091,-2.48665145,1.2032801,2.90001503,0.0,0.38108524,0.32755482
1760624924.196,-0.01474535,-0.46705799,1.73586839,-0.02974873,0.93623929,-0.01625412,80.0,-7.0,0.0,80.0,1.3962634,0.0,0.0,0.0,80.0,-7.0,0.0,80.0,1.3962634,0.0,0.0,0.0,-5.50819557,-0.97797778,0.265606,2.1096593,-21.51000031,1.81115835,23.00143862,0.0,-17.60523761,15.91913887,2.6150439,-2.46009073,1.14704937,2.92349682,0.0,0.36320869,0.321275
1760624924.23,-0.01852774,-0.46759219,1.73600834,-0.0297759,0.93620385,-0.01617682,80.0,-7.0,0.0,80.0,1.3962634,0.0,0.0,0.0,80.0,-7.0,0.0,80.0,1.3962634,0.0,0.0,0.0,-5.48086321,-0.99252587,0.30792503,2.04040707,-21.52467187,1.73528146,22.96917848,0.0,-17.55243041,15.95798803,2.52553955,-2.44466342,1.16123584,3.00690289,0.0,0.3821134,0.35495964
1760624924.263,-0.02484645,-0.4706027,1.75045058,-0.02953294,0.93558722,-0.01662305,80.0,-7.0,0.0,80.0,1.3962634,0.0,0.0,0.0,80.0,-7.0,0.0,80.0,1.3962634,0.0,0.0,0.0,-5.43868252,-1.01118136,0.28162807,1.86857432,-21.59420985,1.71485212,22.96425848,0.0,-17.45313759,16.02880872,2.5125521,-2.42461499,1.06500108,3.00189431,0.0,0.38597279,0.35815147
1760624924.297,-0.04261285,-0.46012856,1.75710872,-0.0294474,0.93504215,-0.01677907,80.0,-7.0,0.0,80.0,1.3962634,0.0,0.0,0.0,80.0,-7.0,0.0,80.0,1.3962634,0.0,0.0,0.0,-5.41773255,-1.0300969,0.30881096,1.8472091,-21.60467948,1.70994246,22.95798421,6.448e-05,-17.44649508,16.01392912,2.52179482,-2.41094138,1.02484476,3.00479242,0.0,0.38248058,0.34905813
1760624924.33,-0.0535969,-0.46627256,1.77925208,-0.02914658,0.93493133,-0.01678617,80.0,-7.0,0.0,80.0,1.3962634,0.0,0.0,0.0,80.0,-7.0,0.0,80.0,1.3962634,0.0,0.0,0.0,-5.35791219,-1.04317037,0.28340313,1.73645906,-21.63714627,1.6761238,22.95793473,0.0,-17.38780889,16.03080562,2.5064942,-2.40796507,0.93471129,2.95762082,0.0,0.40325575,0.36904482
1760624924.364,-0.05998386,-0.46836067,1.80877136,-0.0291986,0.93481531,-0.01675846,80.0,-7.0,0.0,80.0,1.3962634,0.0,0.0,0.0,80.0,-7.0,0.0,80.0,1.3962634,0.0,0.0,0.0,-5.3497453,-1.04601301,0.26234114,1.7313282,-21.62901575,1.62539684,22.93349645,0.0,-17.41082138,16.01155684,2.49282761,-2.41245875,0.92446061,2.94162198,0.0,0.40792969,0.3564664
1760624924.397,-0.06924224,-0.4689122,1.81586677,-0.03077517,0.93479355,-0.01546083,80.0,-7.0,0.0,80.0,1.3962634,0.0,0.0,0.0,80.0,-7.0,0.0,80.0,1.3962634,0.0,0.0,0.0,-5.32804442,-1.12196244,0.31027411,1.78798024,-21.49220918,1.55940099,22.90532802,0.0,-17.52263312,15.9177027,2.44257172,-2.4892006,0.95825043,2.93270065,0.0,0.42272736,0.33819015
1760624924.431,-0.07755148,-0.47465772,1.82763918,-0.03172263,0.93455993,-0.01466295,80.0,-7.0,0.0,80.0,1.3962634,0.0,0.0,0.0,80.0,-7.0,0.0,80.0,1.3962634,0.0,0.0,0.0,-5.34656091,-1.1874805,0.32816187,1.85724505,-21.36231679,1.5389998,22.90746382,0.00735309,-17.6578048,15.87067623,2.4231631,-2.56259704,0.94696213,2.97720668,0.0,0.4365427,0.35082365
1760624924.464,-0.07761545,-0.48339938,1.83319073,-0.03095935,0.93446153,-0.01499545,80.0,-7.0,0.0,80.0,1.3962634,0.0,0.0,0.0,80.0,-7.0,0.0,80.0,1.3962634,0.0,0.0,0.0,-5.30658705,-1.19107318,0.36565597,1.88064974,-21.32985873,1.52018873,22.87104531,0.0,-17.76625048,15.85827626,2.38504699,-2.55301702,0.93953886,2.96642897,0.0,0.45522261,0.35899837
1760624924.498,-0.08930623,-0.49031407,1.82785562,-0.02995745,0.9342022,-0.01501054,80.0,-7.0,0.0,80.0,1.3962634,0.0,0.0,0.0,80.0,-7.0,0.0,80.0,1.3962634,0.0,0.0,0.0,-5.249036,-1.21203467,0.44387101,1.9611412,-21.27506225,1.47476265,22.82183185,0.00654076,-17.92059063,15.88320518,2.32961379,-2.54419343,0.95708,2.96723055,0.0,0.43985009,0.34898004
1760624924.531,-0.09278131,-0.49718471,1.82489179,-0.02974523,0.93392602,-0.01480225,80.0,-7.0,0.0,80.0,1.3962634,0.0,0.0,0.0,80.0,-7.0,0.0,80.0,1.3962634,0.0,0.0,0.0,-5.27646482,-1.23447423,0.47356672,2.08773954,-21.25013832,1.45747287,22.82948097,0.0,-18.03021596,15.90848966,2.30165371,-2.56091656,1.00139136,2.99231911,0.0,0.45108633,0.36665528
1760624924.565,-0.08305237,-0.5076742,1.8360924,-0.02981684,0.93357357,-0.01469445,80.0,-7.0,0.0,80.0,1.3962634,0.0,0.0,0.0,80.0,-7.0,0.0,80.0,1.3962634,0.0,0.0,0.0,-5.32043616,-1.24073678,0.45973457,2.23219004,-21.21493982,1.39621292,22.83448167,0.0,-18.13507483,15.93075049,2.27140689,-2.55958414,1.05168807,3.0037617,0.0,0.43658907,0.342135
1760624924.598,-0.08084782,-0.51208865,1.85605306,-0.0307562,0.93324457,-0.01437062,80.0,-7.0,0.0,80.0,1.3962634,0.0,0.0,0.0,80.0,-7.0,0.0,80.0,1.3962634,0.0,0.0,0.0,-5.51991354,-1.26265674,0.38492838,2.36420766,-21.19792121,1.37153921,22.92679831,0.00564055,-18.08430184,15.93657683,2.3658961,-2.59046782,1.02166904,3.09257368,0.0,0.42376056,0.31989294
1760624924.631,-0.08794963,-0.52007597,1.85333804,-0.03050878,0.93299019,-0.01408352,80.0,-7.0,0.0,80.0,1.3962634,0.0,0.0,0.0,80.0,-7.0,0.0,80.0,1.3962634,0.0,0.0,0.0,-5.54913581,-1.28200572,0.38981025,2.46756933,-21.17797715,1.40891316,22.95205143,0.0,-18.11839088,15.94623824,2.41860628,-2.61380528,1.06665965,3.08028336,0.0,0.45224691,0.35633041
1760624924.665,-0.07649408,-0.52198534,1.86050017,-0.03194699,0.93327495,-0.01421095,80.0,-7.0,0.0,80.0,1.3962634,0.0,0.0,0.0,80.0,-7.0,0.0,80.0,1.3962634,0.0,0.0,0.0,-5.614211,-1.27545129,0.35505182,2.63765525,-21.16322755,1.43482782,22.96494763,0.01753284,-18.18924437,15.90123347,2.54114833,-2.58604667,1.04815673,3.05355693,0.0,0.44793309,0.35418372
1760624924.698,-0.0773573,-0.52192126,1.86720174,-0.03224122,0.93345718,-0.01434497,80.0,-7.0,0.0,80.0,1.3962634,0.0,0.0,0.0,80.0,-7.0,0.0,80.0,1.3962634,0.0,0.0,0.0,-5.60033409,-1.31724974,0.34288662,2.67860841,-21.22013386,1.50433008,22.98078809,0.03614418,-18.21750452,15.98562946,2.64868932,-2.60480625,0.95218831,2.98722096,0.0,0.46530767,0.37221964
1760624924.732,-0.0654695,-0.52827025,1.85021062,-0.03162749,0.93337205,-0.01413734,80.0,-7.0,0.0,80.0,1.3962634,0.0,0.0,0.0,80.0,-7.0,0.0,80.0,1.3962634,0.0,0.0,0.0,-5.59134812,-1.32177864,0.37679116,2.66616383,-21.21860418,1.53976129,22.97228057,0.06539597,-18.22917062,15.97558114,2.67628994,-2.60975143,0.93546496,2.98557328,0.0,0.47701969,0.38449731
1760624924.765,-0.07126169,-0.53015268,1.8582879,-0.0311201,0.93350718,-0.01386156,80.0,-7.0,0.0,80.0,1.3962634,0.0,0.0,0.0,80.0,-7.0,0.0,80.0,1.3962634,0.0,0.0,0.0,-5.5235236,-1.35348677,0.36768739,2.64944895,-21.16272549,1.57473904,22.93626514,0.06535141,-18.26901057,15.93710431,2.73372412,-2.62470873,0.88772431,2.91391789,0.0,0.48595704,0.39572357
1760624924.799,-0.07947298,-0.53274062,1.86110595,-0.03099424,0.93344633,-0.01402386,80.0,-7.0,0.0,80.0,1.3962634,0.0,0.0,0.0,80.0,-7.0,0.0,80.0,1.3962634,0.0,0.0,0.0,-5.53016825,-1.36005548,0.34887036,2.62328931,-21.1603572,1.60579241,22.94049088,0.08088127,-18.23731134,15.95650295,2.75709004,-2.63044623,0.89022228,2.90101697,0.0,0.46647634,0.37770193
1760624924.832,-0.07875995,-0.52783606,1.86665889,-0.0307765,0.93332991,-0.01418,80.0,-7.0,0.0,80.0,1.3962634,0.0,0.0,0.0,80.0,-7.0,0.0,80.0,1.3962634,0.0,0.0,0.0,-5.53426716,-1.37701231,0.31448951,2.53713986,-21.15014881,1.62704985,22.93096057,0.06879548,-18.12972041,15.95688194,2.79016637,-2.64056173,0.84391883,2.85877465,0.0,0.46476075,0.37006512
1760624924.865,-0.08258899,-0.52400393,1.87487606,-0.03040745,0.93331684,-0.01422827,80.0,-7.0,0.0,80.0,1.3962634,0.0,0.0,0.0,80.0,-7.0,0.0,80.0,1.3962634,0.0,0.0,0.0,-5.54891749,-1.3966291,0.2672694,2.46361089,-21.13548374,1.63730167,22.93195455,0.04816567,-18.0105946,15.97519241,2.81223037,-2.65170574,0.83966066,2.82347219,0.0,0.46854825,0.36877287
1760624924.899,-0.08355639,-0.51650951,1.8810542,-0.03019418,0.93328387,-0.01421678,80.0,-7.0,0.0,80.0,1.3962634,0.0,0.0,0.0,80.0,-7.0,0.0,80.0,1.3962634,0.0,0.0,0.0,-5.5422672,-1.41831753,0.23452601,2.41853706,-21.18183921,1.57368794,22.89639381,0.0,-17.92121653,16.05311541,2.82282969,-2.65864325,0.80731664,2.78450407,0.0,0.45961212,0.35487921
1760624924.932,-0.08568707,-0.51230611,1.89050776,-0.03020935,0.93324696,-0.01426127,80.0,-7.0,0.0,80.0,1.3962634,0.0,0.0,0.0,80.0,-7.0,0.0,80.0,1.3962634,0.0,0.0,0.0,-5.50881303,-1.43148631,0.22457024,2.4017254,-21.17438482,1.5484608,22.8816726,0.0068261,-17.89379902,16.07532688,2.81712836,-2.63681838,0.78493382,2.74567664,0.0,0.42804783,0.32211612
1760624924.966,-0.08667715,-0.50869632,1.88483506,-0.03004584,0.93315137,-0.0142281,80.0,-7.0,0.0,80.0,1.3962634,0.0,0.0,0.0,80.0,-7.0,0.0,80.0,1.3962634,0.0,0.0,0.0,-5.4635736,-1.4329118,0.19894179,2.31414774,-21.16756452,1.50382834,22.85354147,0.0,-17.76519738,16.1113034,2.83207769,-2.60716858,0.73606211,2.67936311,0.0,0.42421914,0.33798373
1760624924.999,-0.0912097,-0.50987399,1.88661349,-0.03151525,0.93339278,-0.01367614,80.0,-7.0,0.0,80.0,1.3962634,0.0,0.0,0.0,80.0,-7.0,0.0,80.0,1.3962634,0.0,0.0,0.0,-5.45517364,-1.44525649,0.21008166,2.30225216,-21.14995606,1.48903146,22.84405154,0.0,-17.75636933,16.11145207,2.83496076,-2.59568477,0.7069802,2.69819462,0.0,0.43147398,0.35899455
1760624925.033,-0.08859856,-0.50473438,1.88358616,-0.03116623,0.93342204,-0.01327823,80.0,-7.0,0.0,80.0,1.3962634,0.0,0.0,0.0,80.0,-7.0,0.0,80.0,1.3962634,0.0,0.0,0.0,-5.38472925,-1.53515521,0.23639829,2.24778021,-21.03871465,1.51533169,22.81449534,0.0,-17.72106443,16.10130779,2.78761453,-2.65994958,0.74507307,2.69348809,0.0,0.43274606,0.36431421
1760624925.066,-0.07665413,-0.50503501,1.89362422,-0.03097708,0.93341009,-0.01326304,80.0,-7.0,0.0,80.0,1.3962634,0.0,0.0,0.0,80.0,-7.0,0.0,80.0,1.3962634,0.0,0.0,0.0,-5.37343601,-1.53602636,0.24501785,2.25086166,-21.02756039,1.52349207,22.81915675,0.00273919,-17.71853454,16.10732571,2.79357335,-2.65163145,0.747423,2.70348158,0.0,0.43687518,0.36771048
1760624925.1,-0.07262352,-0.50884259,1.8954109,-0.03105158,0.93323682,-0.01317791,80.0,-7.0,0.0,80.0,1.3962634,0.0,0.0,0.0,80.0,-7.0,0.0,80.0,1.3962634,0.0,0.0,0.0,-5.30992973,-1.55072396,0.26723065,2.2888838,-20.91938337,1.48747274,22.76314989,0.00643355,-17.77884984,16.03407532,2.70611519,-2.68243482,0.77616629,2.74941916,0.0,0.44304923,0.36843901
1760624925.133,-0.06849172,-0.50653161,1.89669122,-0.03141225,0.93323727,-0.01325902,80.0,-7.0,0.0,80.0,1.3962634,0.0,0.0,0.0,80.0,-7.0,0.0,80.0,1.3962634,0.0,0.0,0.0,-5.25812525,-1.56717871,0.27756083,2.35804924,-20.87811785,1.48520136,22.73492488,0.0,-17.85423541,16.028408,2.65272472,-2.71303035,0.79917572,2.76803899,0.0,0.44536827,0.36949119
1760624925.167,-0.05906644,-0.50857519,1.91168208,-0.03135731,0.93357083,-0.01323875,80.0,-7.0,0.0,80.0,1.3962634,0.0,0.0,0.0,80.0,-7.0,0.0,80.0,1.3962634,0.0,0.0,0.0,-5.23771767,-1.57244309,0.24369585,2.45104546,-20.8776664,1.41630284,22.7076236,0.0,-17.92490062,16.05296366,2.63168752,-2.75586894,0.81644429,2.79107877,0.0,0.46599927,0.38974297
1760624925.2,-0.05309941,-0.50606808,1.91154446,-0.03019213,0.93345888,-0.01309561,80.0,-7.0,0.0,80.0,1.3962634,0.0,0.0,0.0,80.0,-7.0,0.0,80.0,1.3962634,0.0,0.0,0.0,-5.1634107,-1.58672528,0.25823807,2.5241011,-20.89494436,1.37711776,22.66197364,0.00457067,-18.03384056,16.11226425,2.58681547,-2.76120181,0.82664565,2.77861869,0.0,0.45252654,0.37332965
1760624925.234,-0.0432987,-0.50842237,1.90537797,-0.02972417,0.93346304,-0.01318473,80.0,-7.0,0.0,80.0,1.3962634,0.0,0.0,0.0,80.0,-7.0,0.0,80.0,1.3962634,0.0,0.0,0.0,-5.15581457,-1.58103406,0.24709028,2.53003253,-20.88624108,1.3501541,22.65339661,0.0,-18.04196048,16.1099502,2.57988892,-2.76113254,0.80754937,2.77417718,0.0,0.45119237,0.36966498
1760624925.267,-0.04744951,-0.51045377,1.91563605,-0.0296282,0.93353312,-0.01323111,80.0,-7.0,0.0,80.0,1.3962634,0.0,0.0,0.0,80.0,-7.0,0.0,80.0,1.3962634,0.0,0.0,0.0,-5.09637941,-1.5817549,0.22431439,2.55971976,-20.84854213,1.2854478,22.61785235,0.0,-18.10594304,16.09426546,2.53376951,-2.75295117,0.78911852,2.77740947,0.0,0.44844666,0.36674348
1760624925.3,-0.04205836,-0.51239552,1.91211941,-0.0312501,0.93385353,-0.01292605,80.0,-7.0,0.0,80.0,1.3962634,0.0,0.0,0.0,80.0,-7.0,0.0,80.0,1.3962634,0.0,0.0,0.0,-5.12657598,-1.59674571,0.15205603,2.55317736,-20.73201959,1.15892174,22.62873361,0.0,-18.05512036,16.01775069,2.50487454,-2.77433071,0.72784111,2.83682734,0.0,0.46064768,0.38811501
1760624925.334,-0.04652802,-0.50395035,1.91968412,-0.03209521,0.93408669,-0.01267293,80.0,-7.0,0.0,80.0,1.3962634,0.0,0.0,0.0,80.0,-7.0,0.0,80.0,1.3962634,0.0,0.0,0.0,-5.11940993,-1.65712897,0.08774488,2.34809892,-20.6230639,0.98133478,22.67034929,0.0,-17.80502354,15.9790173,2.52125137,-2.81881192,0.67476248,2.82475447,0.0,0.46211189,0.38559191
1760624925.368,-0.0422613,-0.49534596,1.93145805,-0.03239079,0.93429844,-0.01263529,80.0,-7.0,0.0,80.0,1.3962634,0.0,0.0,0.0,80.0,-7.0,0.0,80.0,1.3962634,0.0,0.0,0.0,-5.17110264,-1.68661155,-0.03154071,2.24144929,-20.59831419,0.88599868,22.75625008,0.0,-17.57118532,16.00667985,2.56089004,-2.82638251,0.60260892,2.81880963,0.0,0.46444871,0.36048957
1760624925.401,-0.04889227,-0.49103158,1.93162384,-0.03197861,0.93438262,-0.01259392,80.0,-7.0,0.0,80.0,1.3962634,0.0,0.0,0.0,80.0,-7.0,0.0,80.0,1.3962634,0.0,0.0,0.0,-5.14788413,-1.71390736,-0.00271724,1.93436617,-20.61184278,0.620189,22.7747644,0.0,-17.27404951,16.07311844,2.57214545,-2.8244376,0.67165584,2.78597588,0.0,0.46564051,0.36781582
1760624925.434,-0.04757179,-0.48818058,1.94381629,-0.03181276,0.93445272,-0.0126535,80.0,-7.0,0.0,80.0,1.3962634,0.0,0.0,0.0,80.0,-7.0,0.0,80.0,1.3962634,0.0,0.0,0.0,-5.17181737,-1.74007546,-0.08367751,1.85715124,-20.62452802,0.58794262,22.82029669,0.0,-17.17770219,16.15413969,2.60126528,-2.81379206,0.64368664,2.75675804,0.0,0.47183176,0.36907435
1760624925.468,-0.05458857,-0.48924305,1.94767751,-0.03159266,0.93446888,-0.0127418,80.0,-7.0,0.0,80.0,1.3962634,0.0,0.0,0.0,80.0,-7.0,0.0,80.0,1.3962634,0.0,0.0,0.0,-5.21500613,-1.76128473,-0.09595137,1.75951687,-20.63808037,0.68156725,22.92191989,0.0,-17.01202991,16.21095653,2.65298246,-2.78880814,0.69551919,2.72567915,0.0,0.4742234,0.36914315
1760624925.501,-0.05424254,-0.49634373,1.9446863,-0.0314736,0.93452998,-0.01291432,80.0,-7.0,0.0,80.0,1.3962634,0.0,0.0,0.0,80.0,-7.0,0.0,80.0,1.3962634,0.0,0.0,0.0,-5.24272769,-1.75761147,-0.110439,1.6820788,-20.59343466,0.69838807,22.98150535,0.0,-16.89765091,16.17819831,2.68692523,-2.74813494,0.72761699,2.70093882,0.0,0.4732328,0.36695639
1760624925.535,-0.0687365,-0.50713735,1.95107555,-0.03121327,0.93451739,-0.01303443,80.0,-7.0,0.0,80.0,1.3962634,0.0,0.0,0.0,80.0,-7.0,0.0,80.0,1.3962634,0.0,0.0,0.0,-5.24350647,-1.75227985,-0.02698233,1.83175211,-20.5318477,0.68956326,22.96865369,0.0,-17.04021153,16.12041933,2.6719916,-2.7185528,0.86089469,2.71088574,0.0,0.45601093,0.3547834
1760624925.568,-0.06352428,-0.51254873,1.95159197,-0.03125162,0.93473045,-0.01298783,80.0,-7.0,0.0,80.0,1.3962634,0.0,0.0,0.0,80.0,-7.0,0.0,80.0,1.3962634,0.0,0.0,0.0,-5.34634078,-1.75115037,-0.03221117,1.99341497,-20.51502864,0.8109494,23.04758481,0.0,-17.11607785,16.05301016,2.77610207,-2.72156891,0.90858648,2.67872683,0.0,0.44392403,0.35232265
1760624925.602,-0.06637455,-0.52110671,1.9656353,-0.03151841,0.93461456,-0.01321176,80.0,-7.0,0.0,80.0,1.3962634,0.0,0.0,0.0,80.0,-7.0,0.0,80.0,1.3962634,0.0,0.0,0.0,-5.35689049,-1.7245593,-0.01585792,2.06017658,-20.49130008,0.81883074,23.05069441,0.0,-17.16395693,15.9730333,2.76517028,-2.7034316,0.93232106,2.69470789,0.0,0.46601966,0.35159
1760624925.635,-0.07521716,-0.53152581,1.98532984,-0.03181536,0.93446029,-0.01336439,80.0,-7.0,0.0,80.0,1.3962634,0.0,0.0,0.0,80.0,-7.0,0.0,80.0,1.3962634,0.0,0.0,0.0,-5.43183829,-1.67374292,-0.03429832,2.09988323,-20.49313405,0.83622061,23.06613378,0.0,-17.17539629,15.86437911,2.82983586,-2.69358382,0.93123736,2.71361529,0.0,0.46004954,0.34386118
1760624925.668,-0.08393388,-0.53326702,2.01037481,-0.03147397,0.93406828,-0.013668,80.0,-7.0,0.0,80.0,1.3962634,0.0,0.0,0.0,80.0,-7.0,0.0,80.0,1.3962634,0.0,0.0,0.0,-5.44081078,-1.66524935,-0.04254941,2.09962452,-20.51792326,0.84007877,23.05793325,0.0,-17.18461336,15.83792446,2.84609676,-2.71592127,0.94035122,2.72098255,0.0,0.47401953,0.33445504
1760624925.702,-0.07990257,-0.53826096,2.02385461,-0.03096198,0.93389659,-0.01397825,80.0,-7.0,0.0,80.0,1.3962634,0.0,0.0,0.0,80.0,-7.0,0.0,80.0,1.3962634,0.0,0.0,0.0,-5.55456096,-1.62265359,-0.03416016,2.21876118,-20.54927172,0.81070295,23.06579622,0.0,-17.26325294,15.80048665,2.90234353,-2.72167392,0.99221094,2.77772947,0.0,0.49348717,0.34417824
1760624925.735,-0.08383465,-0.5408345,2.04112944,-0.03064421,0.93404203,-0.01396368,80.0,-7.0,0.0,80.0,1.3962634,0.0,0.0,0.0,80.0,-7.0,0.0,80.0,1.3962634,0.0,0.0,0.0,-5.62997875,-1.62391206,-0.04562386,2.27986088,-20.55133218,0.79859604,23.07099352,0.0,-17.34161801,15.78447286,2.95581576,-2.77541886,1.04555704,2.81687707,0.0,0.49660353,0.33058269
1760624925.769,-0.08171627,-0.54068376,2.05152417,-0.03082189,0.93419124,-0.01423661,80.0,-7.0,0.0,80.0,1.3962634,0.0,0.0,0.0,80.0,-7.0,0.0,80.0,1.3962634,0.0,0.0,0.0,-5.64900929,-1.61258784,-0.07609211,2.25739134,-20.56965263,0.81456213,23.06129691,0.0,-17.35649617,15.78881394,2.9590474,-2.79168318,1.09203174,2.82518899,0.0,0.50125918,0.3232089
1760624925.802,-0.07590822,-0.54284959,2.05116637,-0.03097477,0.93432318,-0.01522651,80.0,-7.0,0.0,80.0,1.3962634,0.0,0.0,0.0,80.0,-7.0,0.0,80.0,1.3962634,0.0,0.0,0.0,-5.68612905,-1.53290247,-0.07572586,2.17821293,-20.7539322,0.7960986,23.09347341,0.0,-17.31225864,15.8988772,2.93370289,-2.73641143,1.12752528,2.90542848,0.0,0.5067141,0.3284361
1760624925.836,-0.07908916,-0.54165554,2.03261925,-0.03046659,0.93436436,-0.01523932,80.0,-7.0,0.0,80.0,1.3962634,0.0,0.0,0.0,80.0,-7.0,0.0,80.0,1.3962634,0.0,0.0,0.0,-5.69091614,-1.49989577,-0.03614085,2.22511562,-20.86160428,0.77586998,23.08657813,0.0,-17.38668761,16.00013656,2.91970228,-2.71196031,1.25596113,2.92640764,0.0,0.50675781,0.32850138
1760624925.869,-0.07208454,-0.54127098,2.02719842,-0.03053476,0.93454397,-0.01560284,80.0,-7.0,0.0,80.0,1.3962634,0.0,0.0,0.0,80.0,-7.0,0.0,80.0,1.3962634,0.0,0.0,0.0,-5.70366188,-1.43738284,-0.05144702,2.20274786,-21.00454175,0.78276773,23.11270052,0.0,-17.39108947,16.08916196,2.92123477,-2.65496361,1.29431879,2.92239895,0.0,0.49955513,0.31066228
1760624925.903,-0.06702665,-0.53849405,2.01387145,-0.03060956,0.93471097,-0.01558859,80.0,-7.0,0.0,80.0,1.3962634,0.0,0.0,0.0,80.0,-7.0,0.0,80.0,1.3962634,0.0,0.0,0.0,-5.75034228,-1.4060663,-0.04053816,2.26421395,-21.0461851,0.75023119,23.12099581,0.0,-17.43659016,16.11924729,2.92905545,-2.63026777,1.35203669,2.94898871,0.0,0.51114876,0.32259193
1760624925.936,-0.07040482,-0.53596637,1.99817464,-0.03044791,0.93484989,-0.01593094,80.0,-7.0,0.0,80.0,1.3962634,0.0,0.0,0.0,80.0,-7.0,0.0,80.0,1.3962634,0.0,0.0,0.0,-5.76041983,-1.35658655,0.00061931,2.40715222,-21.09552933,0.7475065,23.1144639,0.0,-17.55584771,16.11867221,2.91851157,-2.58661697,1.46537171,2.97116001,0.0,0.51266553,0.31925207
1760624925.969,-0.06788096,-0.53341088,1.99349499,-0.03120644,0.93501514,-0.01570752,80.0,-7.0,0.0,80.0,1.3962634,0.0,0.0,0.0,80.0,-7.0,0.0,80.0,1.3962634,0.0,0.0,0.0,-5.84434661,-1.33775324,-0.00013387,2.52509253,-21.13003716,0.76460451,23.15589753,0.0,-17.60992634,16.11418463,2.95649402,-2.58962715,1.51291661,3.01823657,0.0,0.5190944,0.3266103
1760624926.003,-0.0677042,-0.52694526,1.9967845,-0.03136023,0.93510451,-0.01508454,80.0,-7.0,0.0,80.0,1.3962634,0.0,0.0,0.0,80.0,-7.0,0.0,80.0,1.3962634,0.0,0.0,0.0,-5.84861177,-1.3510329,0.00538128,2.59079511,-21.13046782,0.74132242,23.15880853,0.0,-17.67479731,16.10901121,2.959105,-2.60926642,1.51366408,3.02906056,0.0,0.53819308,0.3295203
1760624926.036,-0.07844535,-0.53001522,1.98567955,-0.03197907,0.93518507,-0.01467436,80.0,-7.0,0.0,80.0,1.3962634,0.0,0.0,0.0,80.0,-7.0,0.0,80.0,1.3962634,0.0,0.0,0.0,-5.87377267,-1.35343576,0.01380489,2.6002642,-21.1435307,0.76234681,23.178257,0.0,-17.66115333,16.07452272,2.99604044,-2.63061124,1.49602202,3.0524805,0.0,0.52588633,0.31442197
1760624926.07,-0.06840087,-0.5247777,1.99369982,-0.0316516,0.93496662,-0.01437759,80.0,-7.0,0.0,80.0,1.3962634,0.0,0.0,0.0,80.0,-7.0,0.0,80.0,1.3962634,0.0,0.0,0.0,-5.94209162,-1.36059322,-0.0337998,2.52916867,-21.07264682,0.74699291,23.22207649,0.0,-17.57418428,15.97474318,3.04956191,-2.64668824,1.44660701,3.06722562,0.0,0.52744615,0.33369573
1760624926.103,-0.07152024,-0.52460104,2.0086217,-0.03164517,0.93487542,-0.01431956,80.0,-7.0,0.0,80.0,1.3962634,0.0,0.0,0.0,80.0,-7.0,0.0,80.0,1.3962634,0.0,0.0,0.0,-5.97559429,-1.36722781,-0.06747999,2.39891573,-21.06169444,0.73846611,23.25485701,0.0,-17.46474447,15.95450194,3.07772879,-2.66363244,1.42202807,3.0757962,0.0,0.54182166,0.35456048
1760624926.137,-0.07765337,-0.51797525,2.01517347,-0.03171549,0.93503617,-0.01496122,80.0,-7.0,0.0,80.0,1.3962634,0.0,0.0,0.0,80.0,-7.0,0.0,80.0,1.3962634,0.0,0.0,0.0,-5.98811966,-1.35163844,-0.06753647,2.26406889,-21.07152475,0.71019955,23.29350485,0.0,-17.34837772,15.93606931,3.10033262,-2.63619091,1.40318722,3.04786693,0.0,0.53561414,0.34455823
1760624926.17,-0.07884805,-0.51205143,2.01393818,-0.0312537,0.93501264,-0.01517449,80.0,-7.0,0.0,80.0,1.3962634,0.0,0.0,0.0,80.0,-7.0,0.0,80.0,1.3962634,0.0,0.0,0.0,-5.98391534,-1.35442203,-0.07036833,2.27118614,-21.073925,0.64982875,23.28778782,0.0,-17.34500411,15.9338829,3.0909108,-2.63149758,1.35686929,3.03409737,0.0,0.53302012,0.3440953
1760624926.204,-0.07874982,-0.50662834,2.02078502,-0.03088831,0.93507665,-0.01519134,80.0,-7.0,0.0,80.0,1.3962634,0.0,0.0,0.0,80.0,-7.0,0.0,80.0,1.3962634,0.0,0.0,0.0,-5.93531425,-1.34708113,0.02076363,2.15064066,-21.13187997,0.56367628,23.3347287,0.0,-17.34086051,15.9743923,3.02576371,-2.60695421,1.47229262,3.01534922,0.0,0.53640248,0.35198255
1760624926.237,-0.07078805,-0.5070003,2.01911988,-0.0308758,0.93513735,-0.01498517,80.0,-7.0,0.0,80.0,1.3962634,0.0,0.0,0.0,80.0,-7.0,0.0,80.0,1.3962634,0.0,0.0,0.0,-5.91933617,-1.35372717,0.06841822,2.15113311,-21.13495848,0.6104392,23.35368527,0.0,-17.35177066,15.99183284,3.00167114,-2.60113062,1.4816259,2.98391043,0.0,0.53438013,0.34368401
1760624926.271,-0.08012661,-0.50569212,2.01887552,-0.03049627,0.93482627,-0.0150756,80.0,-7.0,0.0,80.0,1.3962634,0.0,0.0,0.0,80.0,-7.0,0.0,80.0,1.3962634,0.0,0.0,0.0,-5.83797151,-1.35547835,0.11528102,2.16531022,-21.16573059,0.61064586,23.33962119,0.0,-17.43952368,16.04586719,2.95950657,-2.58971475,1.48017904,2.93323595,0.0,0.53759845,0.34877788
1760624926.304,-0.08484553,-0.50422762,2.01507102,-0.02933444,0.93458899,-0.01551233,80.0,-7.0,0.0,80.0,1.3962634,0.0,0.0,0.0,80.0,-7.0,0.0,80.0,1.3962634,0.0,0.0,0.0,-5.74401091,-1.34187646,0.17803069,2.18528377,-21.23705156,0.61305856,23.29955785,0.0,-17.55478022,16.10306246,2.88164429,-2.57058333,1.49569014,2.91081912,0.0,0.54300444,0.35377932
1760624926.337,-0.08578947,-0.50469508,2.02484031,-0.02870098,0.93459251,-0.01579612,80.0,-7.0,0.0,80.0,1.3962634,0.0,0.0,0.0,80.0,-7.0,0.0,80.0,1.3962634,0.0,0.0,0.0,-5.64860376,-1.33264784,0.22027342,2.14291088,-21.2925924,0.65872122,23.30134747,0.0,-17.60140285,16.15013829,2.78905052,-2.56068804,1.45778386,2.90300815,0.0,0.55042642,0.35929899
1760624926.371,-0.06721452,-0.51246633,2.02241018,-0.02887056,0.93465759,-0.01528577,80.0,-7.0,0.0,80.0,1.3962634,0.0,0.0,0.0,80.0,-7.0,0.0,80.0,1.3962634,0.0,0.0,0.0,-5.63005109,-1.33800304,0.26716178,2.11346349,-21.28521732,0.69111005,23.29176599,0.0,-17.62340481,16.15646612,2.76069729,-2.5732025,1.44085784,2.88153465,0.0,0.54081412,0.34159219
1760624926.404,-0.08879868,-0.51144296,2.02545339,-0.02858582,0.93458524,-0.0148999,80.0,-7.0,0.0,80.0,1.3962634,0.0,0.0,0.0,80.0,-7.0,0.0,80.0,1.3962634,0.0,0.0,0.0,-5.48913672,-1.3641824,0.32463029,2.13157231,-21.22006627,0.67994733,23.2368132,0.01346308,-17.77087349,16.15363347,2.66523873,-2.59960052,1.45409541,2.84591079,0.0,0.5652618,0.34077499
1760624926.438,-0.08867485,-0.50637569,2.03390768,-0.02762404,0.93458051,-0.01403377,80.0,-7.0,0.0,80.0,1.3962634,0.0,0.0,0.0,80.0,-7.0,0.0,80.0,1.3962634,0.0,0.0,0.0,-5.37055846,-1.45718733,0.30177216,2.06583045,-21.0519851,0.72602476,23.27754975,0.0,-17.89030047,16.09779256,2.51829971,-2.6893497,1.37741045,2.85496535,0.0,0.5596918,0.34884623
1760624926.471,-0.08795475,-0.51209649,2.03446262,-0.02738459,0.93458866,-0.01385951,80.0,-7.0,0.0,80.0,1.3962634,0.0,0.0,0.0,80.0,-7.0,0.0,80.0,1.3962634,0.0,0.0,0.0,-5.29372928,-1.48370261,0.28128854,1.9568236,-21.019192,0.75472402,23.31766463,0.0,-17.88052315,16.13302448,2.49794603,-2.69136167,1.32603085,2.75165026,0.0,0.54529652,0.33591641
1760624926.505,-0.09362245,-0.51364508,2.03313653,-0.02711184,0.9348247,-0.01378452,80.0,-7.0,0.0,80.0,1.3962634,0.0,0.0,0.0,80.0,-7.0,0.0,80.0,1.3962634,0.0,0.0,0.0,-5.16222535,-1.52189726,0.26986344,1.62773892,-20.95257878,0.69801358,23.45836706,0.0,-17.87776566,16.12752842,2.32559284,-2.71198154,1.27611685,2.75896573,0.0,0.54502068,0.32835672
1760624926.538,-0.08429599,-0.51168298,2.04141234,-0.02775229,0.9350658,-0.0133834,80.0,-7.0,0.0,80.0,1.3962634,0.0,0.0,0.0,80.0,-7.0,0.0,80.0,1.3962634,0.0,0.0,0.0,-5.17639811,-1.56858372,0.21363459,1.53023871,-20.92963542,0.67379591,23.51049211,0.0,-17.83393206,16.18722431,2.33175361,-2.73007082,1.23701772,2.71388001,0.0,0.54630905,0.34314933
1760624926.572,-0.07652643,-0.51711832,2.04372293,-0.02751154,0.9350709,-0.01298758,80.0,-7.0,0.0,80.0,1.3962634,0.0,0.0,0.0,80.0,-7.0,0.0,80.0,1.3962634,0.0,0.0,0.0,-5.15367849,-1.59986351,0.19337942,1.35445239,-20.86635618,0.6867864,23.5631496,0.0,-17.73914607,16.17232644,2.3128453,-2.73511382,1.17642484,2.68423151,0.0,0.53019341,0.34343748
1760624926.605,-0.07819995,-0.5164149,2.035912,-0.02737355,0.93497947,-0.01279318,80.0,-7.0,0.0,80.0,1.3962634,0.0,0.0,0.0,80.0,-7.0,0.0,80.0,1.3962634,0.0,0.0,0.0,-5.10451651,-1.63930718,0.23565197,1.27992947,-20.77934881,0.70252687,23.5943218,0.0,-17.74324847,16.13738827,2.26028057,-2.7347052,1.1982657,2.66744395,0.0,0.51951981,0.33695837
1760624926.638,-0.06915556,-0.5168582,2.04637207,-0.02741179,0.93501049,-0.0128671,80.0,-7.0,0.0,80.0,1.3962634,0.0,0.0,0.0,80.0,-7.0,0.0,80.0,1.3962634,0.0,0.0,0.0,-5.06991667,-1.66398409,0.22809563,1.08147476,-20.73250082,0.72442514,23.66631592,0.0,-17.67637041,16.11513123,2.21700427,-2.75746116,1.21347075,2.65561631,0.0,0.51662561,0.34115617
1760624926.672,-0.05733864,-0.51866322,2.04995295,-0.0278239,0.93504265,-0.01312341,80.0,-7.0,0.0,80.0,1.3962634,0.0,0.0,0.0,80.0,-7.0,0.0,80.0,1.3962634,0.0,0.0,0.0,-5.06672199,-1.65251568,0.20252305,0.97406443,-20.73281705,0.79893132,23.7181699,0.0,-17.60943108,16.07076955,2.20340749,-2.75643328,1.22437614,2.64974519,0.0,0.50085843,0.34646574
1760624926.705,-0.04450278,-0.51589329,2.04246705,-0.02815185,0.93503604,-0.01326686,80.0,-7.0,0.0,80.0,1.3962634,0.0,0.0,0.0,80.0,-7.0,0.0,80.0,1.3962634,0.0,0.0,0.0,-5.05559422,-1.65748656,0.21048303,0.93064791,-20.73466328,0.83042731,23.74541879,0.0,-17.59030056,16.04678584,2.17702909,-2.78506561,1.29680917,2.65713088,0.0,0.51265092,0.35475501
1760624926.739,-0.03767702,-0.51948071,2.05050824,-0.02841006,0.93490756,-0.0133384,80.0,-7.0,0.0,80.0,1.3962634,0.0,0.0,0.0,80.0,-7.0,0.0,80.0,1.3962634,0.0,0.0,0.0,-5.04361353,-1.64326675,0.20995207,0.87315517,-20.67553107,0.8095253,23.76277522,0.0,-17.57194948,15.92823403,2.16218514,-2.79278839,1.27750855,2.67736063,0.0,0.51404113,0.36252362
1760624926.772,-0.03325925,-0.51477249,2.05319251,-0.02857153,0.9348254,-0.01324127,80.0,-7.0,0.0,80.0,1.3962634,0.0,0.0,0.0,80.0,-7.0,0.0,80.0,1.3962634,0.0,0.0,0.0,-5.05998662,-1.66842948,0.17512958,0.76675679,-20.67739395,0.80973949,23.82183393,0.0,-17.45279834,15.90115745,2.2027763,-2.81227357,1.1981728,2.68088004,0.0,0.51149946,0.35615206
1760624926.806,-0.02931885,-0.51590655,2.0566869,-0.02865045,0.93483744,-0.01313855,80.0,-7.0,0.0,80.0,1.3962634,0.0,0.0,0.0,80.0,-7.0,0.0,80.0,1.3962634,0.0,0.0,0.0,-5.0578649,-1.67892807,0.16943357,0.63471223,-20.66409484,0.77417323,23.85669192,0.0,-17.33581186,15.84975156,2.23056032,-2.81733033,1.15243067,2.68579468,0.0,0.52156335,0.37050322
1760624926.839,-0.02912559,-0.51521841,2.05056256,-0.02889111,0.93480233,-0.01285341,80.0,-7.0,0.0,80.0,1.3962634,0.0,0.0,0.0,80.0,-7.0,0.0,80.0,1.3962634,0.0,0.0,0.0,-5.02187021,-1.70455987,0.25417431,0.41310049,-20.64135416,0.63126273,23.86917202,0.0,-17.19338218,15.81246029,2.19492972,-2.82855555,1.18657279,2.721814,0.0,0.52205816,0.37271516
1760624926.873,-0.02639989,-0.52049468,2.05005882,-0.02887243,0.93457001,-0.01276751,80.0,-7.0,0.0,80.0,1.3962634,0.0,0.0,0.0,80.0,-7.0,0.0,80.0,1.3962634,0.0,0.0,0.0,-5.01152672,-1.71185736,0.24403804,0.41521781,-20.64119084,0.58981892,23.86207535,0.0,-17.1928342,15.80669683,2.2007484,-2.82012655,1.1536025,2.72442657,0.0,0.52124903,0.37976454
1760624926.906,-0.02144474,-0.51295803,2.07193423,-0.0296338,0.93465907,-0.01306194,80.0,-7.0,0.0,80.0,1.3962634,0.0,0.0,0.0,80.0,-7.0,0.0,80.0,1.3962634,0.0,0.0,0.0,-4.97703941,-1.72090484,0.24621222,0.38096294,-20.64240454,0.62577101,23.87261865,0.0,-17.17145117,15.79740496,2.19529796,-2.79917785,1.18112449,2.72225007,0.0,0.49744238,0.3911656
1760624926.94,-0.01626109,-0.51474975,2.07493966,-0.02998208,0.93486707,-0.01304705,80.0,-7.0,0.0,80.0,1.3962634,0.0,0.0,0.0,80.0,-7.0,0.0,80.0,1.3962634,0.0,0.0,0.0,-4.95628659,-1.73143777,0.25546653,0.37774608,-20.63407442,0.58682841,23.85420255,0.0,-17.19296669,15.80177292,2.19615779,-2.77693931,1.13779418,2.72648279,0.0,0.49620114,0.39489921
1760624926.973,-0.01965883,-0.50755189,2.07580788,-0.02966337,0.93498948,-0.01305339,80.0,-7.0,0.0,80.0,1.3962634,0.0,0.0,0.0,80.0,-7.0,0.0,80.0,1.3962634,0.0,0.0,0.0,-4.87585061,-1.74762263,0.30268456,0.41878046,-20.61990613,0.5591137,23.82277618,0.0,-17.29184837,15.83315479,2.16587,-2.75099957,1.13706503,2.70906702,0.0,0.50619715,0.40786521
1760624927.006,-0.02161196,-0.50877609,2.07276175,-0.02939513,0.93508375,-0.01309255,80.0,-7.0,0.0,80.0,1.3962634,0.0,0.0,0.0,80.0,-7.0,0.0,80.0,1.3962634,0.0,0.0,0.0,-4.84630643,-1.76744091,0.33653981,0.41570128,-20.60935472,0.58190982,23.82785629,0.0,-17.30539657,15.85720429,2.17789145,-2.73931818,1.10803361,2.70901771,0.0,0.49290753,0.43552819
1760624927.04,-0.01316369,-0.50827019,2.08039699,-0.02905043,0.93540388,-0.01295685,80.0,-7.0,0.0,80.0,1.3962634,0.0,0.0,0.0,80.0,-7.0,0.0,80.0,1.3962634,0.0,0.0,0.0,-4.83896938,-1.77817779,0.33949346,0.41259498,-20.60269659,0.58165934,23.81712219,0.0,-17.33792912,15.88727544,2.18129245,-2.73843211,1.10258256,2.70226189,0.0,0.4751927,0.41641126
1760624927.073,-0.01590108,-0.50940759,2.07773691,-0.02937087,0.93539131,-0.01353576,80.0,-7.0,0.0,80.0,1.3962634,0.0,0.0,0.0,80.0,-7.0,0.0,80.0,1.3962634,0.0,0.0,0.0,-4.84245727,-1.78276357,0.33553676,0.40299979,-20.6011608,0.58283155,23.80824132,0.0,-17.3482601,15.88880761,2.18447827,-2.73529669,1.10435422,2.70733206,0.0,0.47779461,0.41848092
1760624927.107,-0.00053239,-0.49459975,2.09059686,-0.0294138,0.93501694,-0.0137455,80.0,-7.0,0.0,80.0,1.3962634,0.0,0.0,0.0,80.0,-7.0,0.0,80.0,1.3962634,0.0,0.0,0.0,-4.85612392,-1.78570095,0.32819577,0.41383636,-20.61786082,0.60218538,23.81906185,0.0,-17.34349592,15.89569565,2.16398739,-2.719305,1.15420581,2.71297032,0.0,0.47671413,0.41868528
1760624927.14,0.00494843,-0.49979249,2.0843158,-0.02905378,0.9345429,-0.01375071,80.0,-7.0,0.0,80.0,1.3962634,0.0,0.0,0.0,80.0,-7.0,0.0,80.0,1.3962634,0.0,0.0,0.0,-4.85225656,-1.75252898,0.35086925,0.43991623,-20.64754083,0.56211365,23.80367515,0.0,-17.35108139,15.89007651,2.08296653,-2.70046275,1.21368961,2.77578099,0.0,0.47847428,0.3997044
1760624927.174,0.00908604,-0.50285741,2.08016486,-0.02857722,0.93424671,-0.01350193,80.0,-7.0,0.0,80.0,1.3962634,0.0,0.0,0.0,80.0,-7.0,0.0,80.0,1.3962634,0.0,0.0,0.0,-4.8525549,-1.75326024,0.33652176,0.44225457,-20.64332685,0.53171951,23.79742799,0.0,-17.34777259,15.88215036,2.07086689,-2.70252221,1.20692878,2.7700191,0.0,0.48270534,0.40110347
1760624927.207,0.02241122,-0.50402304,2.08077135,-0.02869323,0.93402972,-0.01379807,80.0,-7.0,0.0,80.0,1.3962634,0.0,0.0,0.0,80.0,-7.0,0.0,80.0,1.3962634,0.0,0.0,0.0,-4.80576363,-1.77019966,0.3572449,0.25296137,-20.59914298,0.50696608,23.80066368,0.0,-17.18951186,15.84399153,1.985646,-2.72383581,1.23396146,2.76936134,0.0,0.47192604,0.38208349
1760624927.24,0.02082543,-0.50523723,2.07621449,-0.0288902,0.93412448,-0.01403381,80.0,-7.0,0.0,80.0,1.3962634,0.0,0.0,0.0,80.0,-7.0,0.0,80.0,1.3962634,0.0,0.0,0.0,-4.81164316,-1.7732868,0.35271386,0.24630113,-20.59663076,0.50829811,23.79750206,0.0,-17.19224505,15.84549655,1.98450936,-2.71857154,1.23730282,2.76935711,0.0,0.47265413,0.38343471
1760624927.274,0.03328047,-0.50753389,2.08136576,-0.02893252,0.9342871,-0.01395304,80.0,-7.0,0.0,80.0,1.3962634,0.0,0.0,0.0,80.0,-7.0,0.0,80.0,1.3962634,0.0,0.0,0.0,-4.8282102,-1.77395381,0.3456596,0.242318,-20.59511797,0.5166016,23.79528052,0.0,-17.19843208,15.8477118,1.97343401,-2.70929901,1.26635964,2.76685504,0.0,0.47989102,0.38962481
1760624927.307,0.04782864,-0.51018723,2.08275399,-0.02981277,0.93456142,-0.01357829,80.0,-7.0,0.0,80.0,1.3962634,0.0,0.0,0.0,80.0,-7.0,0.0,80.0,1.3962634,0.0,0.0,0.0,-4.87406178,-1.77340426,0.40701245,0.33316901,-20.58380734,0.50856855,23.79612974,0.0,-17.29018973,15.86009945,1.94574748,-2.70465863,1.34543919,2.81607881,0.0,0.48539598,0.39459465
1760624927.341,0.05854032,-0.51728532,2.08130516,-0.02978819,0.93461753,-0.01345867,80.0,-7.0,0.0,80.0,1.3962634,0.0,0.0,0.0,80.0,-7.0,0.0,80.0,1.3962634,0.0,0.0,0.0,-4.86142361,-1.77189678,0.46031632,0.42318092,-20.5308015,0.52908055,23.77425046,0.0,-17.43224558,15.85143205,1.88930731,-2.69946894,1.40295307,2.82807398,0.0,0.47651867,0.37999726
1760624927.374,0.05953139,-0.52139381,2.07870626,-0.02974194,0.93475669,-0.01358221,80.0,-7.0,0.0,80.0,1.3962634,0.0,0.0,0.0,80.0,-7.0,0.0,80.0,1.3962634,0.0,0.0,0.0,-4.86407765,-1.78334027,0.50259204,0.55671346,-20.47987787,0.51782068,23.76104941,0.0,-17.57357572,15.8560762,1.8376338,-2.72206507,1.46294722,2.86137836,0.0,0.48785615,0.4096765
1760624927.408,0.07936852,-0.51868148,2.07699588,-0.02990204,0.93516329,-0.01432289,80.0,-7.0,0.0,80.0,1.3962634,0.0,0.0,0.0,80.0,-7.0,0.0,80.0,1.3962634,0.0,0.0,0.0,-4.88452916,-1.74292161,0.50260373,0.65005779,-20.57497129,0.60343426,23.76429526,0.0,-17.68869974,15.94466629,1.76151617,-2.69022028,1.49283914,2.90092472,0.0,0.46563709,0.38379958
1760624927.441,0.08384394,-0.52214018,2.09027065,-0.03088995,0.93497093,-0.01441243,80.0,-7.0,0.0,80.0,1.3962634,0.0,0.0,0.0,80.0,-7.0,0.0,80.0,1.3962634,0.0,0.0,0.0,-4.84188182,-1.72795742,0.48014043,0.68848127,-20.56374823,0.65510675,23.76341289,0.0,-17.78732798,15.93963614,1.68978635,-2.68533662,1.49813152,2.89486523,0.0,0.48296548,0.37906487
1760624927.475,0.06735694,-0.53245272,2.09921258,-0.03205655,0.93463567,-0.0142766,80.0,-7.0,0.0,80.0,1.3962634,0.0,0.0,0.0,80.0,-7.0,0.0,80.0,1.3962634,0.0,0.0,0.0,-4.86899613,-1.71213083,0.45238986,0.69516014,-20.56264916,0.68802889,23.7851356,0.0,-17.77978836,15.95195472,1.68834544,-2.71888964,1.54296147,2.90747145,0.0,0.49089795,0.36803078
1760624927.508,0.07249294,-0.53043031,2.09164936,-0.0327518,0.93459746,-0.01435417,80.0,-7.0,0.0,80.0,1.3962634,0.0,0.0,0.0,80.0,-7.0,0.0,80.0,1.3962634,0.0,0.0,0.0,-4.9851425,-1.71299745,0.42380556,0.88229707,-20.61152902,0.76433116,23.83478019,0.0,-17.90253819,15.97206067,1.8110885,-2.74078319,1.49315526,2.88495814,0.0,0.49152606,0.35658525
1760624927.575,0.08168343,-0.53667349,2.09565427,-0.03203133,0.93431133,-0.01402508,80.0,-7.0,0.0,80.0,1.3962634,0.0,0.0,0.0,80.0,-7.0,0.0,80.0,1.3962634,0.0,0.0,0.0,-5.0143048,-1.6740489,0.42390483,0.85491549,-20.61711554,0.82696297,23.82822679,0.0,-17.86709325,15.85227621,1.87542737,-2.79408755,1.56379974,2.8788822,0.0,0.50704785,0.38665744
1760624927.609,0.08203676,-0.53409873,2.09606205,-0.03161388,0.93447177,-0.01406129,80.0,-7.0,0.0,80.0,1.3962634,0.0,0.0,0.0,80.0,-7.0,0.0,80.0,1.3962634,0.0,0.0,0.0,-5.07103193,-1.66531888,0.40220969,0.7996092,-20.59434349,0.87148259,23.85082308,0.0,-17.77841305,15.75458805,1.99488505,-2.80986523,1.56018208,2.83166851,0.0,0.49420944,0.36630801
1760624927.642,0.0787623,-0.53792264,2.09638187,-0.03152867,0.93449844,-0.01430898,80.0,-7.0,0.0,80.0,1.3962634,0.0,0.0,0.0,80.0,-7.0,0.0,80.0,1.3962634,0.0,0.0,0.0,-5.14578964,-1.64141436,0.38379634,0.77080237,-20.5884798,0.83926507,23.86572899,0.0,-17.70650165,15.67162239,2.12736172,-2.81423768,1.55142601,2.79597868,0.0,0.49428272,0.35850769
1760624927.675,0.07216849,-0.54087234,2.10344423,-0.03177985,0.93455199,-0.01460346,80.0,-7.0,0.0,80.0,1.3962634,0.0,0.0,0.0,80.0,-7.0,0.0,80.0,1.3962634,0.0,0.0,0.0,-5.22932184,-1.6127765,0.36333619,0.71039458,-20.61905777,0.8599882,23.91966611,0.0,-17.5747267,15.60309266,2.24193652,-2.81642815,1.56635732,2.79118696,0.0,0.49803861,0.38960016
1760624927.709,0.06518027,-0.53664974,2.10872459,-0.032038,0.93462698,-0.0149879,80.0,-7.0,0.0,80.0,1.3962634,0.0,0.0,0.0,80.0,-7.0,0.0,80.0,1.3962634,0.0,0.0,0.0,-5.27342264,-1.5998801,0.36112639,0.68180536,-20.71370147,0.85068987,23.96016384,0.0,-17.52529043,15.63302683,2.34963946,-2.81187679,1.58357904,2.75515479,0.0,0.50055769,0.39663664
1760624927.742,0.06218325,-0.53195705,2.11301803,-0.03215204,0.93489892,-0.01532311,80.0,-7.0,0.0,80.0,1.3962634,0.0,0.0,0.0,80.0,-7.0,0.0,80.0,1.3962634,0.0,0.0,0.0,-5.34250085,-1.55676395,0.37343222,0.71142701,-20.72740177,0.82343659,23.9890482,0.0,-17.52305902,15.57604967,2.44449825,-2.76424169,1.59140171,2.73951369,0.0,0.49029912,0.37996404
1760624927.776,0.05357553,-0.52767308,2.11931932,-0.03224795,0.93525827,-0.01541143,80.0,-7.0,0.0,80.0,1.3962634,0.0,0.0,0.0,80.0,-7.0,0.0,80.0,1.3962634,0.0,0.0,0.0,-5.4350882,-1.53977518,0.40279551,0.84029382,-20.77821724,0.78909597,24.03064596,0.00978016,-17.58562155,15.59027446,2.54537175,-2.75676456,1.65779313,2.76297751,0.0,0.4928142,0.38740464
1760624927.809,0.0484374,-0.51875858,2.11060334,-0.03047489,0.93546538,-0.01682802,80.0,-7.0,0.0,80.0,1.3962634,0.0,0.0,0.0,80.0,-7.0,0.0,80.0,1.3962634,0.0,0.0,0.0,-5.38998728,-1.46606648,0.43909932,0.78773194,-20.97284944,0.7967429,24.03781069,0.0,-17.56999978,15.69111139,2.55275873,-2.66059855,1.6589277,2.72154576,0.0,0.5050929,0.38416152
1760624927.843,0.05014176,-0.51183791,2.11501663,-0.02957975,0.93550397,-0.01728817,80.0,-7.0,0.0,80.0,1.3962634,0.0,0.0,0.0,80.0,-7.0,0.0,80.0,1.3962634,0.0,0.0,0.0,-5.44202061,-1.41909245,0.4932213,0.85814442,-21.15460039,0.77725244,24.04988863,0.0,-17.59825714,15.81355047,2.55139936,-2.63424847,1.70624016,2.78815577,0.0,0.49782945,0.37304364
1760624927.876,0.04487429,-0.49917118,2.10470159,-0.02784545,0.93531297,-0.01726248,80.0,-7.0,0.0,80.0,1.3962634,0.0,0.0,0.0,80.0,-7.0,0.0,80.0,1.3962634,0.0,0.0,0.0,-5.37326182,-1.40647558,0.5620739,0.91154393,-21.28448294,0.75089695,24.01092467,0.0,-17.68301199,15.90488815,2.49177074,-2.61857679,1.76961723,2.78060054,0.0,0.50749108,0.35751647
1760624927.91,0.05180505,-0.50365749,2.10401634,-0.02778447,0.93535427,-0.01641741,80.0,-7.0,0.0,80.0,1.3962634,0.0,0.0,0.0,80.0,-7.0,0.0,80.0,1.3962634,0.0,0.0,0.0,-5.37879368,-1.39630109,0.60055957,0.97123748,-21.31232411,0.73110712,23.99566108,0.0,-17.7354073,15.91993749,2.44277007,-2.6352832,1.81895627,2.82043399,0.0,0.52341257,0.35380392
1760624927.943,0.05175405,-0.50537284,2.11043849,-0.02836627,0.93526583,-0.01609208,80.0,-7.0,0.0,80.0,1.3962634,0.0,0.0,0.0,80.0,-7.0,0.0,80.0,1.3962634,0.0,0.0,0.0,-5.42456746,-1.38451859,0.60917466,1.02096619,-21.37229715,0.73026077,24.00684486,0.0,-17.74602329,15.94032739,2.42965093,-2.64127742,1.80978269,2.8867813,0.0,0.50741281,0.33634594
1760624927.977,0.04744781,-0.51173367,2.11342884,-0.0288485,0.93511511,-0.01635945,80.0,-7.0,0.0,80.0,1.3962634,0.0,0.0,0.0,80.0,-7.0,0.0,80.0,1.3962634,0.0,0.0,0.0,-5.46095355,-1.35266843,0.56892832,0.92361709,-21.45335198,0.76610829,24.04663036,0.0,-17.62905676,15.95530642,2.43012494,-2.63001845,1.78175407,2.9018921,0.0,0.51454903,0.33528512
1760624928.01,0.04494555,-0.51372132,2.11801009,-0.029191,0.93495131,-0.01654473,80.0,-7.0,0.0,80.0,1.3962634,0.0,0.0,0.0,80.0,-7.0,0.0,80.0,1.3962634,0.0,0.0,0.0,-5.43217268,-1.3026607,0.6054414,0.72449278,-21.54312312,0.64106096,24.0362392,0.0,-17.48650698,15.9927718,2.35576262,-2.58647514,1.80357269,2.94951518,0.0,0.52047189,0.33360732
1760624928.043,0.05036928,-0.5170748,2.11897149,-0.02940127,0.93509305,-0.01640197,80.0,-7.0,0.0,80.0,1.3962634,0.0,0.0,0.0,80.0,-7.0,0.0,80.0,1.3962634,0.0,0.0,0.0,-5.43592229,-1.30475169,0.57291796,0.61693943,-21.5529646,0.63462714,24.04835162,0.0,-17.41332685,16.0190251,2.37509357,-2.586682,1.75907857,2.90634925,0.0,0.52172997,0.34655464
1760624928.077,0.04874258,-0.5191544,2.12726907,-0.02928663,0.9350679,-0.01627777,80.0,-7.0,0.0,80.0,1.3962634,0.0,0.0,0.0,80.0,-7.0,0.0,80.0,1.3962634,0.0,0.0,0.0,-5.39939908,-1.2986031,0.57684152,0.46677322,-21.55148376,0.61752503,24.05614561,0.0,-17.32065343,16.0232608,2.35148561,-2.56723514,1.75534375,2.86348884,0.0,0.50712447,0.31272151
1760624928.11,0.04513337,-0.52355626,2.13473349,-0.03074049,0.93505118,-0.01522609,80.0,-7.0,0.0,80.0,1.3962634,0.0,0.0,0.0,80.0,-7.0,0.0,80.0,1.3962634,0.0,0.0,0.0,-5.42155036,-1.34307741,0.60857776,0.51662403,-21.46962295,0.58073042,24.06716274,0.0,-17.36013078,16.01260821,2.31987513,-2.60868306,1.79752601,2.8907023,0.0,0.51869135,0.32493241
1760624928.144,0.02940228,-0.524794,2.14105123,-0.03146525,0.93519318,-0.01480419,80.0,-7.0,0.0,80.0,1.3962634,0.0,0.0,0.0,80.0,-7.0,0.0,80.0,1.3962634,0.0,0.0,0.0,-5.39785007,-1.37688463,0.63999189,0.59997376,-21.3887755,0.57769742,24.05562172,0.0,-17.47037008,16.02132688,2.29514847,-2.62578045,1.85635372,2.867863,0.0,0.50386481,0.32024886
1760624928.177,0.02717125,-0.53065799,2.1422132,-0.03145085,0.9356205,-0.01446128,80.0,-7.0,0.0,80.0,1.3962634,0.0,0.0,0.0,80.0,-7.0,0.0,80.0,1.3962634,0.0,0.0,0.0,-5.35348765,-1.43905005,0.65145013,0.6781555,-21.28388824,0.64281001,24.06602393,0.0,-17.59845028,16.04201326,2.26381397,-2.63752516,1.83139633,2.7954026,0.0,0.47894162,0.29269974
1760624928.211,0.03684315,-0.53990177,2.13546674,-0.03077989,0.93592605,-0.01429205,80.0,-7.0,0.0,80.0,1.3962634,0.0,0.0,0.0,80.0,-7.0,0.0,80.0,1.3962634,0.0,0.0,0.0,-5.36321789,-1.44935238,0.6531419,0.68117195,-21.25592025,0.65592133,24.07223441,0.0,-17.61267761,16.07863695,2.24741564,-2.61908521,1.8347719,2.77665932,0.0,0.47263872,0.29846779
1760624928.244,0.02905771,-0.53862776,2.13880835,-0.0308059,0.9355083,-0.01397887,80.0,-7.0,0.0,80.0,1.3962634,0.0,0.0,0.0,80.0,-7.0,0.0,80.0,1.3962634,0.0,0.0,0.0,-5.32702595,-1.52127475,0.66230671,0.6776369,-21.23413978,0.72701612,24.08177,0.0,-17.66049732,16.15648122,2.21771364,-2.65446107,1.86132958,2.74494165,0.0,0.47555029,0.30732861
1760624928.278,0.03156231,-0.53846038,2.1445275,-0.03061821,0.93532466,-0.01385685,80.0,-7.0,0.0,80.0,1.3962634,0.0,0.0,0.0,80.0,-7.0,0.0,80.0,1.3962634,0.0,0.0,0.0,-5.29333762,-1.58738916,0.6371839,0.61610811,-21.24896593,0.81420835,24.10964654,0.01236088,-17.63454998,16.23640472,2.18478137,-2.6721103,1.83369356,2.68967109,0.0,0.46182448,0.2924757
1760624928.311,0.03665233,-0.53944819,2.15009562,-0.03113845,0.93501598,-0.01371598,80.0,-7.0,0.0,80.0,1.3962634,0.0,0.0,0.0,80.0,-7.0,0.0,80.0,1.3962634,0.0,0.0,0.0,-5.26385599,-1.63187082,0.60481312,0.53844523,-21.23849293,0.82726786,24.11655922,0.0,-17.58244303,16.27006597,2.11620962,-2.70721606,1.80636809,2.68557743,0.0,0.46458733,0.29688391
1760624928.344,0.03425986,-0.54274892,2.15284098,-0.03164715,0.93487529,-0.01391412,80.0,-7.0,0.0,80.0,1.3962634,0.0,0.0,0.0,80.0,-7.0,0.0,80.0,1.3962634,0.0,0.0,0.0,-5.19403427,-1.63429912,0.6347111,0.52596666,-21.21530143,0.86626751,24.09522963,0.0,-17.60694738,16.24810358,2.01626102,-2.70697841,1.869911,2.67727463,0.0,0.46364017,0.2968812
1760624928.378,0.0364096,-0.53821093,2.16039915,-0.03198427,0.93492299,-0.01393815,80.0,-7.0,0.0,80.0,1.3962634,0.0,0.0,0.0,80.0,-7.0,0.0,80.0,1.3962634,0.0,0.0,0.0,-5.09792789,-1.66893292,0.63708348,0.4172743,-21.13628573,0.92874047,24.07011133,0.0,-17.56234892,16.17773307,1.86432171,-2.74197025,1.87258826,2.69985388,0.0,0.45623492,0.28025865
1760624928.411,0.04585822,-0.53710593,2.16770704,-0.03212751,0.93492079,-0.01404418,80.0,-7.0,0.0,80.0,1.3962634,0.0,0.0,0.0,80.0,-7.0,0.0,80.0,1.3962634,0.0,0.0,0.0,-5.10113166,-1.69426375,0.65770011,0.42665279,-21.07112809,0.91328627,24.04063049,0.0,-17.5965092,16.11621866,1.82181159,-2.76464615,1.89557832,2.7194916,0.0,0.4613616,0.25666534
1760624928.445,0.05193615,-0.5346093,2.16812759,-0.03205063,0.93491783,-0.01423881,80.0,-7.0,0.0,80.0,1.3962634,0.0,0.0,0.0,80.0,-7.0,0.0,80.0,1.3962634,0.0,0.0,0.0,-4.98435881,-1.70714126,0.66250777,0.30477921,-20.96799613,0.97945726,24.00533366,0.0,-17.59162241,16.00709088,1.76411306,-2.77009428,1.86079681,2.67048989,0.0,0.46522132,0.27578018
1760624928.478,0.05837416,-0.53417568,2.17332427,-0.03197312,0.93482214,-0.01438377,80.0,-7.0,0.0,80.0,1.3962634,0.0,0.0,0.0,80.0,-7.0,0.0,80.0,1.3962634,0.0,0.0,0.0,-4.90668935,-1.72925257,0.63947255,0.15767102,-20.96115077,0.98343632,23.9985591,0.0,-17.50840017,15.99659715,1.70147054,-2.78115659,1.81516707,2.66763109,0.0,0.46323652,0.2802988
1760624928.512,0.06543051,-0.52922375,2.16463973,-0.03171278,0.93492838,-0.01450279,80.0,-7.0,0.0,80.0,1.3962634,0.0,0.0,0.0,80.0,-7.0,0.0,80.0,1.3962634,0.0,0.0,0.0,-4.81451966,-1.73201048,0.68635622,0.12325994,-20.94266646,0.96447946,23.96382747,0.0,-17.53106692,15.97835555,1.64532804,-2.75393835,1.8457103,2.64152767,0.0,0.45836516,0.28509262
1760624928.545,0.07363028,-0.52882112,2.16774931,-0.03068757,0.93453013,-0.01535264,80.0,-7.0,0.0,80.0,1.3962634,0.0,0.0,0.0,80.0,-7.0,0.0,80.0,1.3962634,0.0,0.0,0.0,-4.74701967,-1.72046682,0.67639871,-0.05084266,-21.06049162,0.95017648,23.9673772,0.0,-17.38124188,16.07623611,1.55102298,-2.72797825,1.84460628,2.69777643,0.0,0.45723444,0.29520455
1760624928.579,0.07715082,-0.53014103,2.16901018,-0.03017268,0.93463717,-0.01548015,80.0,-7.0,0.0,80.0,1.3962634,0.0,0.0,0.0,80.0,-7.0,0.0,80.0,1.3962634,0.0,0.0,0.0,-4.67685573,-1.71992977,0.71496768,-0.06840742,-21.00684903,0.89628752,23.94928453,0.0,-17.37443605,16.0240876,1.48965507,-2.69736588,1.89606377,2.7005365,0.0,0.43997929,0.29249461
1760624928.612,0.08522839,-0.53115573,2.17015827,-0.03050551,0.93496762,-0.01526464,80.0,-7.0,0.0,80.0,1.3962634,0.0,0.0,0.0,80.0,-7.0,0.0,80.0,1.3962634,0.0,0.0,0.0,-4.67160254,-1.73322085,0.72421924,-0.07807639,-20.99817052,0.91000647,23.95590167,0.0,-17.36411322,16.02340542,1.48597471,-2.68096631,1.9078043,2.7136162,0.0,0.43506226,0.29419396
1760624928.646,0.08985595,-0.53149755,2.1785449,-0.02971062,0.93508724,-0.01516421,80.0,-7.0,0.0,80.0,1.3962634,0.0,0.0,0.0,80.0,-7.0,0.0,80.0,1.3962634,0.0,0.0,0.0,-4.64222483,-1.73505718,0.77173908,-0.18310491,-21.00313674,0.86874783,23.94556895,0.0,-17.25480159,16.02026944,1.38890532,-2.67079649,1.95962438,2.81179129,0.0,0.44247274,0.30934326
1760624928.679,0.09259655,-0.53329969,2.18622501,-0.03049994,0.93519772,-0.0149481,80.0,-7.0,0.0,80.0,1.3962634,0.0,0.0,0.0,80.0,-7.0,0.0,80.0,1.3962634,0.0,0.0,0.0,-4.6199256,-1.74069167,0.74942394,-0.2799518,-20.98999415,0.87454732,23.96845897,0.0,-17.15263743,16.00149664,1.40646335,-2.65033064,1.92253541,2.79351475,0.0,0.42998564,0.31155699
1760624928.712,0.09673915,-0.53610147,2.18850998,-0.03116928,0.93510968,-0.01486063,80.0,-7.0,0.0,80.0,1.3962634,0.0,0.0,0.0,80.0,-7.0,0.0,80.0,1.3962634,0.0,0.0,0.0,-4.61664692,-1.74348104,0.74879168,-0.29080758,-20.99367117,0.87833706,23.96497605,0.00213211,-17.15182157,15.99537819,1.41093386,-2.64947441,1.92166034,2.79770259,0.0,0.43190174,0.31023611
1760624928.746,0.09393418,-0.54169071,2.19789565,-0.03230872,0.93525099,-0.01462381,80.0,-7.0,0.0,80.0,1.3962634,0.0,0.0,0.0,80.0,-7.0,0.0,80.0,1.3962634,0.0,0.0,0.0,-4.63507123,-1.70931877,0.7544305,-0.31585089,-20.92377118,0.85944251,23.9617656,0.0,-17.13854207,15.86748031,1.44257159,-2.61963835,1.93016201,2.80339038,0.0,0.42708466,0.30182725
1760624928.779,0.09859581,-0.54888676,2.20505318,-0.03280875,0.93534673,-0.01448569,80.0,-7.0,0.0,80.0,1.3962634,0.0,0.0,0.0,80.0,-7.0,0.0,80.0,1.3962634,0.0,0.0,0.0,-4.65199082,-1.7076963,0.71800615,-0.38499383,-20.90707045,0.88030443,23.99344118,0.0,-17.06709609,15.83886378,1.50292817,-2.62654282,1.91218656,2.75355343,0.0,0.42346927,0.31253195
1760624928.813,0.09435426,-0.55208044,2.21805634,-0.03224164,0.93532619,-0.01451773,80.0,-7.0,0.0,80.0,1.3962634,0.0,0.0,0.0,80.0,-7.0,0.0,80.0,1.3962634,0.0,0.0,0.0,-4.63866708,-1.71294328,0.75074524,-0.33884087,-20.88484363,0.85230322,23.98261382,0.0,-17.12074931,15.83981263,1.51085761,-2.63338653,1.95802221,2.73007993,0.0,0.43081642,0.32172946
1760624928.846,0.09776208,-0.55394878,2.23019592,-0.03170991,0.93515417,-0.014493,80.0,-7.0,0.0,80.0,1.3962634,0.0,0.0,0.0,80.0,-7.0,0.0,80.0,1.3962634,0.0,0.0,0.0,-4.64003136,-1.70747531,0.74560757,-0.32571332,-20.86007244,0.79311211,23.95593828,0.0,-17.16581498,15.84882744,1.51317854,-2.63790858,1.93239858,2.69389047,0.0,0.42306067,0.29517015
1760624928.88,0.09722373,-0.55878807,2.22129321,-0.03209224,0.9350517,-0.01464084,80.0,-7.0,0.0,80.0,1.3962634,0.0,0.0,0.0,80.0,-7.0,0.0,80.0,1.3962634,0.0,0.0,0.0,-4.65609248,-1.71385552,0.77194517,-0.31688126,-20.87473571,0.82204817,23.97703202,0.0,-17.14863523,15.86140095,1.51046883,-2.65101077,1.94697034,2.6820679,0.0,0.42308229,0.28689644
1760624928.913,0.10853511,-0.56039776,2.23131968,-0.03202152,0.9350914,-0.01488111,80.0,-7.0,0.0,80.0,1.3962634,0.0,0.0,0.0,80.0,-7.0,0.0,80.0,1.3962634,0.0,0.0,0.0,-4.66451167,-1.71207629,0.78934496,-0.31939395,-20.86626543,0.82728418,23.97281962,0.0,-17.15621633,15.86525724,1.50307269,-2.65354892,1.94433512,2.67044643,0.0,0.41645006,0.2887343
1760624928.947,0.11197032,-0.56148197,2.22872574,-0.03141597,0.93493895,-0.01497271,80.0,-7.0,0.0,80.0,1.3962634,0.0,0.0,0.0,80.0,-7.0,0.0,80.0,1.3962634,0.0,0.0,0.0,-4.6796775,-1.7198984,0.84116036,-0.25542988,-20.85875538,0.80084274,23.93962503,0.0,-17.24187189,15.88513912,1.48162684,-2.65986693,1.95931259,2.67400697,0.0,0.42454748,0.28027032
1760624928.98,0.11865265,-0.56533054,2.22580301,-0.03119749,0.93488827,-0.01503387,80.0,-7.0,0.0,80.0,1.3962634,0.0,0.0,0.0,80.0,-7.0,0.0,80.0,1.3962634,0.0,0.0,0.0,-4.67908359,-1.7300375,0.88895582,-0.1849053,-20.86383365,0.84513972,23.93989274,0.0,-17.28685821,15.91594889,1.45549925,-2.66196183,2.00921555,2.67067322,0.0,0.43049193,0.29277382
1760624929.013,0.12284584,-0.56401856,2.22747494,-0.03104624,0.93473425,-0.01513277,80.0,-7.0,0.0,80.0,1.3962634,0.0,0.0,0.0,80.0,-7.0,0.0,80.0,1.3962634,0.0,0.0,0.0,-4.65010707,-1.73814546,0.92289656,-0.08983588,-20.86239104,0.84830004,23.902252,0.0,-17.39074783,15.94216745,1.40696739,-2.66487902,2.0797646,2.6246615,0.0,0.44799101,0.29294372
1760624929.047,0.12395369,-0.56461158,2.23357104,-0.03116491,0.93461539,-0.01523687,80.0,-7.0,0.0,80.0,1.3962634,0.0,0.0,0.0,80.0,-7.0,0.0,80.0,1.3962634,0.0,0.0,0.0,-4.63929415,-1.74922926,0.94415086,0.00376798,-20.86793533,0.85657215,23.86439891,0.0,-17.47885991,15.97747943,1.36493845,-2.66960286,2.0975179,2.60114921,0.0,0.42911829,0.25066746
1760624929.08,0.13000209,-0.56101967,2.23975333,-0.0313197,0.93461876,-0.01524803,80.0,-7.0,0.0,80.0,1.3962634,0.0,0.0,0.0,80.0,-7.0,0.0,80.0,1.3962634,0.0,0.0,0.0,-4.65274183,-1.75353041,0.92979646,0.03028806,-20.87219419,0.88608664,23.87655008,0.0,-17.4665241,15.97637676,1.34674038,-2.66792239,2.15293181,2.5968794,0.0,0.43503412,0.24777127
1760624929.114,0.1297094,-0.56043172,2.23824828,-0.03139858,0.93477804,-0.01515209,80.0,-7.0,0.0,80.0,1.3962634,0.0,0.0,0.0,80.0,-7.0,0.0,80.0,1.3962634,0.0,0.0,0.0,-4.65435843,-1.75686759,0.93158717,0.04393499,-20.87388585,0.89993424,23.88805821,0.00390296,-17.45415912,15.97833163,1.3412498,-2.66673296,2.16756186,2.59883573,0.0,0.4405111,0.25351976
1760624929.147,0.12881201,-0.56039258,2.23814622,-0.03140546,0.93492837,-0.01512494,80.0,-7.0,0.0,80.0,1.3962634,0.0,0.0,0.0,80.0,-7.0,0.0,80.0,1.3962634,0.0,0.0,0.0,-4.66900802,-1.76116624,0.92271824,0.03761886,-20.88569779,0.9033431,23.87574707,0.0,-17.46065675,15.9721531,1.34002822,-2.66764408,2.17399784,2.59999285,0.0,0.44124647,0.24746288
1760624929.181,0.1356059,-0.56043472,2.23814371,-0.03168099,0.93474664,-0.01518686,80.0,-7.0,0.0,80.0,1.3962634,0.0,0.0,0.0,80.0,-7.0,0.0,80.0,1.3962634,0.0,0.0,0.0,-4.62906677,-1.73873508,0.88746838,-0.09174235,-20.95631329,0.96346381,23.85368918,0.0,-17.32633148,16.00859147,1.31401417,-2.63225283,2.14015571,2.57690542,0.0,0.45172852,0.24641298
1760624929.214,0.14342135,-0.56428999,2.23408293,-0.03156348,0.93447542,-0.0151505,80.0,-7.0,0.0,80.0,1.3962634,0.0,0.0,0.0,80.0,-7.0,0.0,80.0,1.3962634,0.0,0.0,0.0,-4.62167301,-1.73034764,0.9080877,-0.21531155,-20.95236732,0.9944061,23.80419695,0.0,-17.16404866,15.9853026,1.26058311,-2.6289182,2.18471695,2.6219169,0.0,0.44457551,0.24683256
1760624929.248,0.13930755,-0.56247859,2.2345893,-0.03140445,0.93427329,-0.01553082,80.0,-7.0,0.0,80.0,1.3962634,0.0,0.0,0.0,80.0,-7.0,0.0,80.0,1.3962634,0.0,0.0,0.0,-4.55761472,-1.72228152,0.91407201,-0.33644257,-20.99957567,1.08393421,23.77997658,0.0,-17.07683113,15.97344866,1.20028944,-2.62000884,2.28489875,2.60333931,0.0,0.44565181,0.24190979
1760624929.281,0.14604758,-0.56879495,2.24502065,-0.03077201,0.93413851,-0.01536211,80.0,-7.0,0.0,80.0,1.3962634,0.0,0.0,0.0,80.0,-7.0,0.0,80.0,1.3962634,0.0,0.0,0.0,-4.56902015,-1.72727956,0.90826252,-0.34162349,-21.00283196,1.10055057,23.78356708,0.0,-17.05896729,15.96551703,1.17455599,-2.63325385,2.32628958,2.60922857,0.0,0.44236552,0.21947676
1760624929.315,0.14396939,-0.56937303,2.24658577,-0.03059113,0.9341996,-0.01497334,80.0,-7.0,0.0,80.0,1.3962634,0.0,0.0,0.0,80.0,-7.0,0.0,80.0,1.3962634,0.0,0.0,0.0,-4.58951123,-1.75225909,0.94427471,-0.35247622,-20.93043508,1.06286755,23.7536579,0.0,-16.99272776,15.89306078,1.08048452,-2.69980999,2.43582957,2.71900203,0.0,0.44893433,0.22979707
1760624929.348,0.13385917,-0.5751492,2.25769062,-0.03073884,0.93418802,-0.01507464,80.0,-7.0,0.0,80.0,1.3962634,0.0,0.0,0.0,80.0,-7.0,0.0,80.0,1.3962634,0.0,0.0,0.0,-4.60772783,-1.74481258,0.92886682,-0.34894514,-20.92633664,1.06392486,23.75976493,0.0,-16.97505205,15.88168668,1.08614188,-2.71522362,2.45611256,2.72836941,0.0,0.46746745,0.22352676
1760624929.381,0.12381298,-0.57392871,2.26514728,-0.03088811,0.93422423,-0.01509022,80.0,-7.0,0.0,80.0,1.3962634,0.0,0.0,0.0,80.0,-7.0,0.0,80.0,1.3962634,0.0,0.0,0.0,-4.62286385,-1.73756693,0.90666875,-0.34333758,-20.93060065,1.02779447,23.75364506,0.0,-16.96667411,15.86709161,1.09884688,-2.72534081,2.44357809,2.73259761,0.0,0.46578105,0.22233569
1760624929.415,0.13321311,-0.57406391,2.27724152,-0.03147298,0.93447298,-0.01501792,80.0,-7.0,0.0,80.0,1.3962634,0.0,0.0,0.0,80.0,-7.0,0.0,80.0,1.3962634,0.0,0.0,0.0,-4.79273692,-1.69792669,0.89023573,-0.35221577,-20.92736234,1.04400345,23.79653803,0.0,-16.84892065,15.78906122,1.23560381,-2.7305691,2.46176325,2.75633948,0.0,0.4671855,0.21134628
1760624929.448,0.12979709,-0.57722211,2.28154874,-0.03167524,0.93447323,-0.01487523,80.0,-7.0,0.0,80.0,1.3962634,0.0,0.0,0.0,80.0,-7.0,0.0,80.0,1.3962634,0.0,0.0,0.0,-4.89082385,-1.67736752,0.88138755,-0.32305138,-20.95206469,1.05009166,23.81679857,0.0,-16.78028775,15.78243115,1.39391583,-2.72611475,2.50362973,2.67263946,0.0,0.47466854,0.20681248
1760624929.482,0.12465707,-0.57999574,2.28786672,-0.03155885,0.93448172,-0.01485345,80.0,-7.0,0.0,80.0,1.3962634,0.0,0.0,0.0,80.0,-7.0,0.0,80.0,1.3962634,0.0,0.0,0.0,-4.97734421,-1.64687967,0.87787012,-0.23382915,-20.94696466,1.01686962,23.8138209,0.0,-16.78825296,15.73953951,1.48552178,-2.72652109,2.4928084,2.65948491,0.0,0.48543436,0.21836887
1760624929.515,0.10849354,-0.57711464,2.29447528,-0.03075641,0.93446529,-0.01525604,80.0,-7.0,0.0,80.0,1.3962634,0.0,0.0,0.0,80.0,-7.0,0.0,80.0,1.3962634,0.0,0.0,0.0,-4.98163782,-1.64763085,0.86017632,-0.19482902,-21.07512908,1.03885335,23.80930551,0.00396734,-16.83572046,15.88518411,1.52023503,-2.76250305,2.52202461,2.61346282,0.0,0.49563036,0.20035033
1760624929.549,0.10277928,-0.57958084,2.29720216,-0.0310364,0.93457171,-0.01569332,80.0,-7.0,0.0,80.0,1.3962634,0.0,0.0,0.0,80.0,-7.0,0.0,80.0,1.3962634,0.0,0.0,0.0,-5.04130884,-1.58516369,0.84937152,-0.15886856,-21.14558117,1.06224172,23.83733219,0.0,-16.81316304,15.88504245,1.55711336,-2.73758567,2.52461688,2.61792457,0.0,0.49499327,0.20003348
1760624929.582,0.10429041,-0.58052,2.29535371,-0.031102,0.93460759,-0.01594456,80.0,-7.0,0.0,80.0,1.3962634,0.0,0.0,0.0,80.0,-7.0,0.0,80.0,1.3962634,0.0,0.0,0.0,-5.08702871,-1.542743,0.86634242,-0.01301383,-21.21122053,1.02724395,23.82976505,0.0,-16.94247827,15.90911853,1.61816621,-2.72759802,2.55353828,2.60625262,0.0,0.50558966,0.19929669
1760624929.615,0.09938303,-0.57511717,2.30606898,-0.032032,0.93486157,-0.01618503,80.0,-7.0,0.0,80.0,1.3962634,0.0,0.0,0.0,80.0,-7.0,0.0,80.0,1.3962634,0.0,0.0,0.0,-5.20126337,-1.49481633,0.82044679,0.1342358,-21.34345557,1.12946941,23.9017187,0.0,-17.04371266,15.95418609,1.76118402,-2.70854083,2.58469236,2.56664172,0.0,0.52014742,0.21191485
1760624929.649,0.08579969,-0.56925608,2.30086162,-0.03194403,0.93492015,-0.01632231,80.0,-7.0,0.0,80.0,1.3962634,0.0,0.0,0.0,80.0,-7.0,0.0,80.0,1.3962634,0.0,0.0,0.0,-5.19162354,-1.48249978,0.81539347,0.14437867,-21.36604605,1.13717441,23.91752014,2.592e-05,-17.03015654,15.9430355,1.78266723,-2.72463,2.58228362,2.55773752,0.0,0.52238236,0.21419208
1760624929.682,0.08512307,-0.56395253,2.30268597,-0.03093556,0.93476616,-0.01677904,80.0,-7.0,0.0,80.0,1.3962634,0.0,0.0,0.0,80.0,-7.0,0.0,80.0,1.3962634,0.0,0.0,0.0,-5.2091474,-1.45587211,0.74427648,0.03743241,-21.45809021,1.12803189,23.96486484,0.0,-16.93405192,15.98799686,1.87445398,-2.70344183,2.52300669,2.48422612,0.0,0.52504986,0.20862203
1760624929.716,0.07021191,-0.55831664,2.29079611,-0.03011294,0.93467699,-0.01709215,80.0,-7.0,0.0,80.0,1.3962634,0.0,0.0,0.0,80.0,-7.0,0.0,80.0,1.3962634,0.0,0.0,0.0,-5.1763414,-1.39765111,0.79574628,-0.2143865,-21.61033779,1.0681923,24.05450715,0.0,-16.81645694,16.04955459,1.90795549,-2.65052627,2.58298868,2.441269,0.0,0.54765705,0.23220993
1760624929.749,0.0686399,-0.54614862,2.29084228,-0.02955756,0.9345862,-0.01725001,80.0,-7.0,0.0,80.0,1.3962634,0.0,0.0,0.0,80.0,-7.0,0.0,80.0,1.3962634,0.0,0.0,0.0,-5.20035478,-1.40058342,0.7452947,-0.35303703,-21.67863464,1.07797626,24.1102732,0.0,-16.70645733,16.10024882,1.94477111,-2.65717326,2.5388619,2.42873834,0.0,0.54379785,0.22992647
1760624929.783,0.06178826,-0.53664603,2.29353935,-0.02918978,0.93481585,-0.01771688,80.0,-7.0,0.0,80.0,1.3962634,0.0,0.0,0.0,80.0,-7.0,0.0,80.0,1.3962634,0.0,0.0,0.0,-5.10909279,-1.37617391,0.75263312,-0.55233603,-21.81145553,1.06383134,24.16072351,0.0,-16.65974946,16.18761087,1.89734208,-2.61957683,2.5419546,2.39516198,0.0,0.54053896,0.21837429
1760624929.816,0.05905972,-0.53592054,2.28445187,-0.02870808,0.93497741,-0.0177003,80.0,-7.0,0.0,80.0,1.3962634,0.0,0.0,0.0,80.0,-7.0,0.0,80.0,1.3962634,0.0,0.0,0.0,-5.08603443,-1.3309337,0.84823755,-0.78465184,-21.91153776,0.88970356,24.36419017,0.0,-16.69445058,16.22491805,1.85425195,-2.57993838,2.62668032,2.43332936,0.0,0.54161601,0.23829839
1760624929.85,0.06320573,-0.52924029,2.28318269,-0.02889558,0.93507748,-0.0176327,80.0,-7.0,0.0,80.0,1.3962634,0.0,0.0,0.0,80.0,-7.0,0.0,80.0,1.3962634,0.0,0.0,0.0,-5.13044203,-1.31980981,0.80508135,-0.89788968,-21.93514028,0.92367631,24.42828869,0.0,-16.59579905,16.21097975,1.87117367,-2.56675402,2.59700817,2.44603513,0.0,0.52596375,0.21544255
1760624929.883,0.06468407,-0.5260494,2.27890464,-0.02894679,0.93509145,-0.01753263,80.0,-7.0,0.0,80.0,1.3962634,0.0,0.0,0.0,80.0,-7.0,0.0,80.0,1.3962634,0.0,0.0,0.0,-5.10150909,-1.28453002,0.82802948,-0.98651137,-21.91099979,0.8549603,24.4630949,0.0,-16.58290096,16.13982714,1.83272064,-2.52650592,2.6005749,2.45014351,0.0,0.50417119,0.17456977
1760624929.917,0.06090566,-0.52562706,2.27582103,-0.02907133,0.93494669,-0.01729402,80.0,-7.0,0.0,80.0,1.3962634,0.0,0.0,0.0,80.0,-7.0,0.0,80.0,1.3962634,0.0,0.0,0.0,-5.04571299,-1.28902243,0.85963045,-0.95742993,-21.87114413,0.77277188,24.43718461,0.0,-16.68163687,16.12414542,1.79573251,-2.5001399,2.6138762,2.43164291,0.0,0.49764608,0.17237661
1760624929.95,0.06353437,-0.53087498,2.27566018,-0.02904024,0.93500995,-0.01703846,80.0,-7.0,0.0,80.0,1.3962634,0.0,0.0,0.0,80.0,-7.0,0.0,80.0,1.3962634,0.0,0.0,0.0,-4.99023786,-1.27773533,0.90814862,-0.95624372,-21.82339187,0.75893278,24.44998431,0.0,-16.72873487,16.05678403,1.713506,-2.47682222,2.64545951,2.46484282,0.0,0.5029667,0.18567704
1760624929.984,0.06745715,-0.52931606,2.27437592,-0.02907165,0.93506472,-0.01681631,80.0,-7.0,0.0,80.0,1.3962634,0.0,0.0,0.0,80.0,-7.0,0.0,80.0,1.3962634,0.0,0.0,0.0,-4.91218737,-1.28315879,0.96830067,-0.95402286,-21.78492477,0.80113483,24.44785387,0.0,-16.79734741,16.03549921,1.64388059,-2.45048454,2.68684252,2.45312063,0.0,0.48235601,0.17850102
1760624930.017,0.06536448,-0.5367683,2.27690505,-0.02816585,0.93478397,-0.0158021,80.0,-7.0,0.0,80.0,1.3962634,0.0,0.0,0.0,80.0,-7.0,0.0,80.0,1.3962634,0.0,0.0,0.0,-4.78432728,-1.34230565,1.02895041,-0.84149826,-21.59949338,0.79275072,24.43645908,0.0,-17.02402125,15.94303792,1.4678471,-2.48253088,2.76116737,2.48841393,0.0,0.48278378,0.19693572
1760624930.05,0.06014868,-0.54547954,2.27928948,-0.02797458,0.93443155,-0.0156166,80.0,-7.0,0.0,80.0,1.3962634,0.0,0.0,0.0,80.0,-7.0,0.0,80.0,1.3962634,0.0,0.0,0.0,-4.71585416,-1.36097719,1.08222567,-0.74761894,-21.53127696,0.71188968,24.40483303,0.00826954,-17.15600524,15.95700646,1.37939951,-2.47409665,2.79655815,2.4928415,0.0,0.5006408,0.21252102
1760624930.084,0.05875888,-0.55315585,2.28856348,-0.02790242,0.93442103,-0.01581597,80.0,-7.0,0.0,80.0,1.3962634,0.0,0.0,0.0,80.0,-7.0,0.0,80.0,1.3962634,0.0,0.0,0.0,-4.71556737,-1.3681763,1.08824126,-0.73608426,-21.504214,0.70034926,24.41386678,0.0,-17.15838122,15.98278056,1.36398396,-2.45676033,2.77964616,2.49155932,0.0,0.49528853,0.20293742
1760624930.117,0.05458641,-0.55230144,2.29664398,-0.02904803,0.93428431,-0.01548356,80.0,-7.0,0.0,80.0,1.3962634,0.0,0.0,0.0,80.0,-7.0,0.0,80.0,1.3962634,0.0,0.0,0.0,-4.73566844,-1.42774029,1.09707736,-0.71267794,-21.48251324,0.69998103,24.42981879,0.00014044,-17.17569311,16.07534231,1.30942881,-2.49291864,2.78775281,2.51367774,0.0,0.4982868,0.20137176
1760624930.151,0.04822654,-0.57234979,2.31012331,-0.03013476,0.93427137,-0.01495129,80.0,-7.0,0.0,80.0,1.3962634,0.0,0.0,0.0,80.0,-7.0,0.0,80.0,1.3962634,0.0,0.0,0.0,-4.74574439,-1.43040734,1.08566772,-0.71207978,-21.45301982,0.68004703,24.43345997,0.00104067,-17.1670412,16.09150246,1.28834884,-2.50115891,2.76871085,2.51665489,0.0,0.49602325,0.19960367
1760624930.184,0.04842419,-0.56887115,2.32045718,-0.03144428,0.93455372,-0.01476548,80.0,-7.0,0.0,80.0,1.3962634,0.0,0.0,0.0,80.0,-7.0,0.0,80.0,1.3962634,0.0,0.0,0.0,-4.79780912,-1.4740963,1.11263233,-0.59233382,-21.35290247,0.7085081,24.41811099,0.00652522,-17.23983944,16.0640669,1.24246827,-2.55346334,2.8095995,2.57493269,0.0,0.49569585,0.20235383
1760624930.218,0.04630173,-0.57073161,2.32697714,-0.03223313,0.93472649,-0.01484965,80.0,-7.0,0.0,80.0,1.3962634,0.0,0.0,0.0,80.0,-7.0,0.0,80.0,1.3962634,0.0,0.0,0.0,-4.80239378,-1.4997752,1.09227851,-0.47025207,-21.3014738,0.70028046,24.35796977,0.0209064,-17.32049249,16.0935662,1.23326575,-2.5940851,2.76699244,2.55016797,0.0,0.49524228,0.18136134
1760624930.251,0.04634105,-0.57752653,2.33464716,-0.03227806,0.9347543,-0.01506842,80.0,-7.0,0.0,80.0,1.3962634,0.0,0.0,0.0,80.0,-7.0,0.0,80.0,1.3962634,0.0,0.0,0.0,-4.80138609,-1.49080034,1.05514526,-0.47416122,-21.27877704,0.72626245,24.32373729,0.03120276,-17.29122612,16.06730929,1.29371382,-2.58984694,2.73126738,2.46827045,0.0,0.50398365,0.19234295
1760624930.284,0.04614531,-0.57562664,2.34040566,-0.03196429,0.93475159,-0.01503441,80.0,-7.0,0.0,80.0,1.3962634,0.0,0.0,0.0,80.0,-7.0,0.0,80.0,1.3962634,0.0,0.0,0.0,-4.76904763,-1.50899386,1.03077053,-0.48285302,-21.2409466,0.75416812,24.28838156,0.04022638,-17.25746059,16.04673129,1.36324036,-2.58566305,2.69614041,2.37231884,0.0,0.49684273,0.17984512
1760624930.318,0.05382964,-0.57906076,2.33665625,-0.03165077,0.93465461,-0.01500269,80.0,-7.0,0.0,80.0,1.3962634,0.0,0.0,0.0,80.0,-7.0,0.0,80.0,1.3962634,0.0,0.0,0.0,-4.74798634,-1.52906276,1.02964813,-0.44834152,-21.17988157,0.7775698,24.22208045,0.04514173,-17.25533297,15.99125611,1.41029903,-2.62080197,2.75721439,2.2946516,0.0,0.5050601,0.18966505
1760624930.351,0.0661678,-0.58056766,2.33387529,-0.03267593,0.93449518,-0.01523557,80.0,-7.0,0.0,80.0,1.3962634,0.0,0.0,0.0,80.0,-7.0,0.0,80.0,1.3962634,0.0,0.0,0.0,-4.73978792,-1.53134342,1.02182116,-0.45461738,-21.18036291,0.77434684,24.21746282,0.04198828,-17.25430811,15.98909218,1.40976455,-2.62525319,2.75872249,2.29658413,0.0,0.50693743,0.18754025
1760624930.385,0.06603378,-0.57278508,2.34097445,-0.03213408,0.93442479,-0.01509056,80.0,-7.0,0.0,80.0,1.3962634,0.0,0.0,0.0,80.0,-7.0,0.0,80.0,1.3962634,0.0,0.0,0.0,-4.65912159,-1.6126473,1.01326697,-0.5011329,-21.12866911,0.81326473,24.16575264,0.05008741,-17.191232,16.02013698,1.34661009,-2.67864788,2.77164928,2.29325615,0.0,0.5288169,0.19389972
1760624930.418,0.07570849,-0.559154,2.34252819,-0.03169476,0.93395512,-0.01556526,80.0,-7.0,0.0,80.0,1.3962634,0.0,0.0,0.0,80.0,-7.0,0.0,80.0,1.3962634,0.0,0.0,0.0,-4.6468519,-1.62292952,1.00753526,-0.50275993,-21.12539617,0.79496942,24.14693791,0.02747788,-17.17643709,16.01768905,1.32591937,-2.6630043,2.77647256,2.3180877,0.0,0.51918809,0.20325753
1760624930.452,0.07915272,-0.56692072,2.33147095,-0.03166833,0.93356966,-0.01551616,80.0,-7.0,0.0,80.0,1.3962634,0.0,0.0,0.0,80.0,-7.0,0.0,80.0,1.3962634,0.0,0.0,0.0,-4.61898912,-1.64110497,1.07447931,-0.44212024,-21.11193782,0.76704497,24.06563159,0.0,-17.21045461,16.05189153,1.21400518,-2.67669902,2.83778042,2.42532607,0.0,0.53300024,0.20917823
1760624930.485,0.08341675,-0.55628223,2.3439022,-0.03204503,0.93371616,-0.01555339,80.0,-7.0,0.0,80.0,1.3962634,0.0,0.0,0.0,80.0,-7.0,0.0,80.0,1.3962634,0.0,0.0,0.0,-4.60890229,-1.66120766,1.09215019,-0.37416828,-21.09920032,0.78270319,24.05843134,0.0,-17.20898363,16.05846369,1.18021006,-2.65019976,2.90328028,2.46414361,0.0,0.52734605,0.22186739
1760624930.519,0.09528496,-0.56086398,2.33102165,-0.0328374,0.93397064,-0.01561948,80.0,-7.0,0.0,80.0,1.3962634,0.0,0.0,0.0,80.0,-7.0,0.0,80.0,1.3962634,0.0,0.0,0.0,-4.61025084,-1.6777232,1.12735843,-0.25821682,-21.08287093,0.76597141,23.95966363,0.0,-17.20409317,16.09743803,1.14065966,-2.65121441,2.92201693,2.53665241,0.0,0.52150224,0.23370456
1760624930.552,0.1007207,-0.55501234,2.32954183,-0.03388461,0.93416199,-0.01553343,80.0,-7.0,0.0,80.0,1.3962634,0.0,0.0,0.0,80.0,-7.0,0.0,80.0,1.3962634,0.0,0.0,0.0,-4.47067113,-1.71136663,1.14378396,-0.13291781,-20.99873885,0.87700593,23.3786104,0.0,-16.86916498,16.15004798,1.03647608,-2.64685783,2.98131765,2.51248445,0.0,0.52476091,0.24259678
1760624930.586,0.09530388,-0.55096215,2.32476816,-0.03333809,0.93376944,-0.01601933,80.0,-7.0,0.0,80.0,1.3962634,0.0,0.0,0.0,80.0,-7.0,0.0,80.0,1.3962634,0.0,0.0,0.0,-4.4601437,-1.71702678,1.14480979,-0.11541868,-21.02840162,0.91018645,23.40823796,0.02260835,-16.82681812,16.14506084,1.06507981,-2.62689965,2.98688887,2.51008911,0.0,0.49989522,0.23305565
1760624930.619,0.10779424,-0.55574483,2.33166431,-0.03280787,0.93357943,-0.01634615,80.0,-7.0,0.0,80.0,1.3962634,0.0,0.0,0.0,80.0,-7.0,0.0,80.0,1.3962634,0.0,0.0,0.0,-4.49361543,-1.67796685,1.11939519,-0.11833524,-21.19223606,0.92667771,23.4079916,0.0,-16.77462198,16.23680087,1.21241336,-2.54788336,2.96034032,2.40575243,0.0,0.50473557,0.23152191
1760624930.653,0.10957445,-0.55635971,2.33671331,-0.03158166,0.93303341,-0.01697687,80.0,-7.0,0.0,80.0,1.3962634,0.0,0.0,0.0,80.0,-7.0,0.0,80.0,1.3962634,0.0,0.0,0.0,-4.43321505,-1.67237895,1.1269333,-0.28998553,-21.2662283,0.89261318,23.38974556,0.0,-16.60826185,16.27707971,1.19223033,-2.5289871,2.96739179,2.3911964,0.0,0.51513519,0.24877936
1760624930.686,0.11540679,-0.55864579,2.34100503,-0.03097525,0.93297477,-0.01710846,80.0,-7.0,0.0,80.0,1.3962634,0.0,0.0,0.0,80.0,-7.0,0.0,80.0,1.3962634,0.0,0.0,0.0,-4.45369294,-1.6807188,1.10955517,-0.36752202,-21.31248189,0.91128696,23.41885597,0.0,-16.49674282,16.29392951,1.26136945,-2.52068467,2.92026356,2.36749931,0.0,0.50141938,0.23992464
1760624930.719,0.12082179,-0.56455016,2.35052264,-0.03074944,0.93302133,-0.01715295,80.0,-7.0,0.0,80.0,1.3962634,0.0,0.0,0.0,80.0,-7.0,0.0,80.0,1.3962634,0.0,0.0,0.0,-4.45860601,-1.67164664,1.08671027,-0.48323948,-21.31168233,0.89259846,23.42985975,0.0,-16.36404025,16.26356112,1.30638225,-2.49627205,2.88776753,2.33208146,0.0,0.50788867,0.2536189
1760624930.753,0.11698892,-0.56725135,2.35715016,-0.0307421,0.93320204,-0.01641993,80.0,-7.0,0.0,80.0,1.3962634,0.0,0.0,0.0,80.0,-7.0,0.0,80.0,1.3962634,0.0,0.0,0.0,-4.54847039,-1.67988386,1.13018618,-0.45927299,-21.2373902,0.82838816,23.43205872,0.0,-16.28790953,16.17916846,1.34548683,-2.50734709,2.91289553,2.41200058,0.0,0.51013433,0.25110503
1760624930.786,0.12314284,-0.58008776,2.37068226,-0.03080782,0.9334247,-0.01602707,80.0,-7.0,0.0,80.0,1.3962634,0.0,0.0,0.0,80.0,-7.0,0.0,80.0,1.3962634,0.0,0.0,0.0,-4.5622033,-1.69973127,1.16652254,-0.42070143,-21.19736555,0.85949924,23.43306162,0.0,-16.30497731,16.16558745,1.34815992,-2.52010862,2.9954388,2.41649738,0.0,0.4961315,0.24006424
1760624930.853,0.1359732,-0.57925412,2.37122677,-0.03116058,0.93383717,-0.01567714,80.0,-7.0,0.0,80.0,1.3962634,0.0,0.0,0.0,80.0,-7.0,0.0,80.0,1.3962634,0.0,0.0,0.0,-4.62834386,-1.69904712,1.19108906,-0.31133432,-21.05072721,0.90283899,23.43228676,0.0,-16.3519399,16.016445,1.41127078,-2.48394469,3.02429709,2.3992295,0.0,0.5060369,0.2646075
1760624930.887,0.13648774,-0.58047817,2.37749488,-0.0309141,0.93392361,-0.01577327,80.0,-7.0,0.0,80.0,1.3962634,0.0,0.0,0.0,80.0,-7.0,0.0,80.0,1.3962634,0.0,0.0,0.0,-4.63541169,-1.70160086,1.18697359,-0.2944663,-21.03162796,0.90505761,23.44417787,0.0,-16.34616603,16.02738805,1.39903014,-2.46935341,3.03562255,2.38999662,0.0,0.49634315,0.2681019
1760624930.92,0.14365521,-0.58491276,2.38285323,-0.03103927,0.93401869,-0.01570899,80.0,-7.0,0.0,80.0,1.3962634,0.0,0.0,0.0,80.0,-7.0,0.0,80.0,1.3962634,0.0,0.0,0.0,-4.65129095,-1.69504745,1.17704154,-0.25881909,-20.97397062,0.92731886,23.41983033,0.0,-16.3759646,15.96627868,1.42431619,-2.43814987,3.01088621,2.35006528,0.0,0.47842207,0.25698772
1760624930.954,0.15278644,-0.5892406,2.38467342,-0.03148199,0.93407524,-0.01565386,80.0,-7.0,0.0,80.0,1.3962634,0.0,0.0,0.0,80.0,-7.0,0.0,80.0,1.3962634,0.0,0.0,0.0,-4.61915522,-1.70296617,1.12580166,-0.38179369,-20.98340609,0.9622194,23.41938523,0.0,-16.29456927,15.97236596,1.43184162,-2.43660152,2.9508371,2.28277826,0.0,0.47891262,0.24126256
1760624930.987,0.15751218,-0.59887249,2.39127925,-0.03257129,0.93391405,-0.01550951,80.0,-7.0,0.0,80.0,1.3962634,0.0,0.0,0.0,80.0,-7.0,0.0,80.0,1.3962634,0.0,0.0,0.0,-4.71193916,-1.70840304,1.14987961,-0.28917826,-21.00943438,0.94717012,23.42998161,0.0,-16.33463544,16.00367827,1.4335119,-2.48283348,2.98863157,2.35407674,0.0,0.48607681,0.26197945
1760624931.021,0.1654795,-0.6054311,2.39531592,-0.03276478,0.93341371,-0.01559573,80.0,-7.0,0.0,80.0,1.3962634,0.0,0.0,0.0,80.0,-7.0,0.0,80.0,1.3962634,0.0,0.0,0.0,-4.70134525,-1.7412742,1.1854138,-0.21324515,-21.03864921,0.95168403,23.41075189,0.0,-16.44742659,16.07296178,1.4012253,-2.53390693,3.01678214,2.35335697,0.0,0.49214779,0.25730391
1760624931.054,0.17339256,-0.61232854,2.39691248,-0.03316663,0.93298812,-0.01563952,80.0,-7.0,0.0,80.0,1.3962634,0.0,0.0,0.0,80.0,-7.0,0.0,80.0,1.3962634,0.0,0.0,0.0,-4.72071042,-1.76197866,1.18778233,-0.13941725,-21.0559971,0.97016983,23.42209388,0.0,-16.52660355,16.10511952,1.36896853,-2.57724721,3.02560821,2.37844597,0.0,0.48596357,0.25189014
1760624931.087,0.17531936,-0.61696213,2.40215509,-0.03298173,0.93318804,-0.01550028,80.0,-7.0,0.0,80.0,1.3962634,0.0,0.0,0.0,80.0,-7.0,0.0,80.0,1.3962634,0.0,0.0,0.0,-4.73824697,-1.7651049,1.15125733,-0.1584954,-21.08015226,1.00023102,23.45127973,0.0,-16.49628339,16.10343386,1.39154546,-2.58570765,3.01088136,2.34948166,0.0,0.5027805,0.28441912
1760624931.121,0.180216,-0.61963517,2.39660694,-0.03262657,0.93357743,-0.0154999,80.0,-7.0,0.0,80.0,1.3962634,0.0,0.0,0.0,80.0,-7.0,0.0,80.0,1.3962634,0.0,0.0,0.0,-4.7542316,-1.77723822,1.1465987,-0.157671,-21.08166373,1.04174563,23.46087193,0.01850673,-16.50826657,16.10722314,1.39556257,-2.59004464,3.05197272,2.33327132,0.0,0.49197238,0.2457136
1760624931.154,0.1812797,-0.61770945,2.38626391,-0.03268668,0.93368725,-0.01562685,80.0,-7.0,0.0,80.0,1.3962634,0.0,0.0,0.0,80.0,-7.0,0.0,80.0,1.3962634,0.0,0.0,0.0,-4.80217306,-1.78122695,1.17120852,-0.0600939,-21.06430887,1.22072723,23.49671197,0.0,-16.56912763,16.05901088,1.41964888,-2.60111078,3.12250441,2.33914706,0.0,0.49007369,0.24455258
1760624931.188,0.17733899,-0.62169012,2.39033263,-0.03296951,0.93361101,-0.01567029,80.0,-7.0,0.0,80.0,1.3962634,0.0,0.0,0.0,80.0,-7.0,0.0,80.0,1.3962634,0.0,0.0,0.0,-4.68395262,-1.779236,1.15101068,-0.26892497,-21.07089402,1.2354592,23.45846721,0.0,-16.36519887,16.06604629,1.32551407,-2.58501597,3.12601846,2.31178683,0.0,0.4930083,0.2476854
1760624931.221,0.18523411,-0.62774562,2.394176,-0.03278908,0.93345535,-0.01565559,80.0,-7.0,0.0,80.0,1.3962634,0.0,0.0,0.0,80.0,-7.0,0.0,80.0,1.3962634,0.0,0.0,0.0,-4.7243585,-1.78356104,1.14455834,-0.24334843,-21.08894211,1.26759081,23.47356132,0.0,-16.35530579,16.09391921,1.33017217,-2.59169089,3.19850269,2.33609187,0.0,0.48872642,0.23352625
1760624931.255,0.18737533,-0.62295347,2.37971209,-0.03240512,0.93265659,-0.01635726,80.0,-7.0,0.0,80.0,1.3962634,0.0,0.0,0.0,80.0,-7.0,0.0,80.0,1.3962634,0.0,0.0,0.0,-4.77693436,-1.75707038,1.16888364,-0.20760411,-21.25203074,1.29530935,23.48237904,0.0,-16.28671952,16.19571645,1.31611034,-2.56956248,3.34457264,2.39827959,0.0,0.50310219,0.27656442
1760624931.288,0.18822305,-0.62999844,2.37801712,-0.03065705,0.93208582,-0.01679969,80.0,-7.0,0.0,80.0,1.3962634,0.0,0.0,0.0,80.0,-7.0,0.0,80.0,1.3962634,0.0,0.0,0.0,-4.68259616,-1.71905755,1.17181791,-0.30590901,-21.46296645,1.34714019,23.4635284,0.0,-16.19938924,16.36001183,1.20377157,-2.5491558,3.62112508,2.38513969,0.0,0.50346905,0.28293182
1760624931.322,0.19324746,-0.63312982,2.38312287,-0.03019719,0.931844,-0.01701417,80.0,-7.0,0.0,80.0,1.3962634,0.0,0.0,0.0,80.0,-7.0,0.0,80.0,1.3962634,0.0,0.0,0.0,-4.67554866,-1.67739617,1.20427786,-0.44056433,-21.53530312,1.37795672,23.45928533,0.0,-16.03709675,16.34219841,1.07816983,-2.5548011,4.13364965,2.46122734,0.0,0.59222849,0.43784372
1760624931.355,0.19790905,-0.63352007,2.38779268,-0.03073526,0.93235257,-0.01670047,80.0,-7.0,0.0,80.0,1.3962634,0.0,0.0,0.0,80.0,-7.0,0.0,80.0,1.3962634,0.0,0.0,0.0,-4.73657048,-1.66892754,1.21688864,-0.48708129,-21.55623372,1.53834943,23.53480754,0.0,-15.86480217,16.23652548,1.08533621,-2.59550114,4.27581576,2.47703409,0.42685864,0.72630049,0.68574378
1760624931.388,0.19832101,-0.63190941,2.39809042,-0.03108776,0.93271028,-0.01596991,80.0,-7.0,0.0,80.0,1.3962634,0.0,0.0,0.0,80.0,-7.0,0.0,80.0,1.3962634,0.0,0.0,0.0,-4.7337963,-1.66490364,1.22078047,-0.45979142,-21.47416462,1.60349611,23.55977679,0.0,-15.81954894,16.07584144,1.09421296,-2.617263,4.3411767,2.46358743,0.68519448,0.79325026,0.80966581
1760624931.422,0.2033905,-0.63536547,2.40328589,-0.03102588,0.9330602,-0.01610513,80.0,-7.0,0.0,80.0,1.3962634,0.0,0.0,0.0,80.0,-7.0,0.0,80.0,1.3962634,0.0,0.0,0.0,-4.69266052,-1.63454228,1.21692326,-0.64331712,-21.41330468,1.7391432,23.57404848,0.0,-15.60330513,15.88826651,1.0661259,-2.62137184,4.3819619,2.47231393,0.84850576,0.8220479,0.84957553
1760624931.455,0.2078731,-0.63331133,2.4122016,-0.03085081,0.93319409,-0.01619469,80.0,-7.0,0.0,80.0,1.3962634,0.0,0.0,0.0,80.0,-7.0,0.0,80.0,1.3962634,0.0,0.0,0.0,-4.84622567,-1.60075579,1.19083294,-0.38915542,-21.46921816,2.11389475,23.68804328,0.19224623,-15.63721543,15.75618964,1.25318734,-2.64473101,4.43815731,2.43841362,1.24155714,0.81376109,0.78485064
1760624931.489,0.19916217,-0.63293884,2.40746211,-0.03135773,0.9332204,-0.01636497,80.0,-7.0,0.0,80.0,1.3962634,0.0,0.0,0.0,80.0,-7.0,0.0,80.0,1.3962634,0.0,0.0,0.0,-4.83734242,-1.57197427,1.21450486,-0.41066401,-21.49810457,2.51624574,23.73499109,0.44962596,-15.47849453,15.65321032,1.27037904,-2.69200743,4.46287716,2.44145981,1.6121776,0.80786471,0.71560537
1760624931.522,0.20663684,-0.63150514,2.40155825,-0.0314297,0.93324403,-0.01669128,80.0,-7.0,0.0,80.0,1.3962634,0.0,0.0,0.0,80.0,-7.0,0.0,80.0,1.3962634,0.0,0.0,0.0,-4.92448736,-1.52412694,1.2330913,-0.27406653,-21.57876241,2.80372816,23.86596644,0.7346418,-15.33618005,15.55974285,1.299606,-2.73400452,4.58932904,2.61606953,1.74700297,0.78289389,0.64941394
1760624931.556,0.22103024,-0.62573134,2.41410038,-0.03083982,0.93307908,-0.0171215,80.0,-7.0,0.0,80.0,1.3962634,0.0,0.0,0.0,80.0,-7.0,0.0,80.0,1.3962634,0.0,0.0,0.0,-5.05606279,-1.49916364,1.10956621,0.14467598,-21.75087874,3.36184676,23.81699814,1.2107033,-15.06151711,15.58732468,1.37383417,-2.83724342,4.45452099,2.97290868,2.12484455,0.73043161,0.59535198
1760624931.589,0.20920285,-0.62218071,2.41576607,-0.03064785,0.93291497,-0.01725453,80.0,-7.0,0.0,80.0,1.3962634,0.0,0.0,0.0,80.0,-7.0,0.0,80.0,1.3962634,0.0,0.0,0.0,-4.99685015,-1.4859801,1.15985572,0.08746255,-21.91680177,3.94582597,23.81085521,1.82890303,-14.62293519,15.58154624,1.43450041,-2.96200573,4.45021349,3.00684232,3.1419802,0.66345042,0.45897978
1760624931.623,0.22266971,-0.61388094,2.38708816,-0.02955071,0.93288904,-0.01634926,80.0,-7.0,0.0,80.0,1.3962634,0.0,0.0,0.0,80.0,-7.0,0.0,80.0,1.3962634,0.0,0.0,0.0,-4.96819809,-1.52743714,1.19132599,0.50318347,-21.90482031,4.72008698,23.0708889,2.89278279,-13.87228801,15.61898395,1.49066486,-3.22985676,4.54933174,3.07586924,4.50122144,0.59475878,0.19335159
1760624931.656,0.24094506,-0.61492308,2.37104588,-0.02888992,0.93291607,-0.01575865,80.0,-7.0,0.0,80.0,1.3962634,0.0,0.0,0.0,80.0,-7.0,0.0,80.0,1.3962634,0.0,0.0,0.0,-4.94183169,-1.53395872,1.21705114,0.62613437,-22.09671494,6.09929188,22.72537675,5.17074657,-12.84577755,15.58772767,1.54115432,-3.50958493,4.48976029,3.58725482,5.90403038,0.54747567,0.0550798
1760624931.69,0.2509133,-0.61900949,2.35874526,-0.02753456,0.93260843,-0.01509515,80.0,-7.0,0.0,80.0,1.3962634,0.0,0.0,0.0,80.0,-7.0,0.0,80.0,1.3962634,0.0,0.0,0.0,-4.86866712,-1.5039545,1.29439772,0.39960977,-21.82616381,3.62003774,22.61132505,11.64636324,-12.15691759,16.35847234,1.62598755,-3.71854161,4.37116799,3.66808984,7.78009169,0.54861871,-0.03860056
1760624931.723,0.25966923,-0.61680614,2.35764529,-0.02689389,0.93239114,-0.01401272,80.0,-7.0,0.0,80.0,1.3962634,0.0,0.0,0.0,80.0,-7.0,0.0,80.0,1.3962634,0.0,0.0,0.0,-4.86992031,-1.51686396,1.26075002,0.39096757,-22.15189043,5.49832634,22.7680288,13.87993369,-11.42650081,16.17488528,1.87984794,-4.09106996,4.40409125,3.36275081,10.46117519,0.56249301,-0.43474748
1760624931.756,0.26930429,-0.61454761,2.34340735,-0.02684071,0.93256356,-0.01310207,80.0,-7.0,0.0,80.0,1.3962634,0.0,0.0,0.0,80.0,-7.0,0.0,80.0,1.3962634,0.0,0.0,0.0,-4.84723845,-1.52014075,1.33933693,0.41650579,-21.75497523,2.53431341,22.1273471,20.40931769,-9.93250218,16.41123484,2.1274932,-4.53242383,5.32540341,3.67599403,11.91108164,0.54443577,-0.76205657
1760624931.79,0.27180837,-0.61822681,2.35180113,-0.02687697,0.9323279,-0.01317244,80.0,-7.0,0.0,80.0,1.3962634,0.0,0.0,0.0,80.0,-7.0,0.0,80.0,1.3962634,0.0,0.0,0.0,-4.73347816,-1.50979733,1.37937755,0.01384915,-21.98751327,3.17791868,22.2245166,21.27082872,-9.05348147,15.75335033,2.09456358,-4.77263474,5.41473387,4.6695159,12.232257,0.53443334,-0.6889883
1760624931.824,0.27513049,-0.61746403,2.35103644,-0.02687757,0.9313144,-0.01366155,80.0,-7.0,0.0,80.0,1.3962634,0.0,0.0,0.0,80.0,-7.0,0.0,80.0,1.3962634,0.0,0.0,0.0,-4.68921046,-1.44660796,1.36079984,0.33451874,-22.21309771,3.91474237,21.12566545,22.6867084,-7.65322494,15.11006242,2.09477494,-4.94721137,5.14794295,5.86342136,12.80974574,0.47148124,-0.57675413
1760624931.857,0.27834886,-0.60914043,2.35249414,-0.02572225,0.93046114,-0.01417717,80.0,-7.0,0.0,80.0,1.3962634,0.0,0.0,0.0,80.0,-7.0,0.0,80.0,1.3962634,0.0,0.0,0.0,-4.650764,-1.36920821,1.44407727,0.4880145,-22.07511122,1.13430656,20.5952085,30.05384556,-6.56883474,14.88822712,2.21266223,-5.55180689,5.23352097,6.96715148,15.68657182,0.3934944,-1.02202108
1760624931.89,0.28143907,-0.60818145,2.35973819,-0.0254833,0.93020709,-0.01423489,80.0,-7.0,0.0,80.0,1.3962634,0.0,0.0,0.0,80.0,-7.0,0.0,80.0,1.3962634,0.0,0.0,0.0,-4.56646782,-1.31561367,1.46178006,0.85210433,-22.43113082,3.11031616,19.73457746,33.28849505,-5.66680324,13.75442831,2.3476197,-6.3390088,5.21178899,7.4497221,19.86531778,0.3828366,-1.90851769
1760624931.924,0.28962173,-0.59951036,2.37200539,-0.0258157,0.93045178,-0.01336509,80.0,-7.0,0.0,80.0,1.3962634,0.0,0.0,0.0,80.0,-7.0,0.0,80.0,1.3962634,0.0,0.0,0.0,-4.5790924,-1.2540441,1.52929582,1.17709036,-21.90753492,-2.2693406,19.61185429,44.31765359,-5.22392539,13.71560543,2.58885275,-7.31089048,5.1408462,8.00249716,24.93994048,0.41029484,-2.8117734
1760624931.957,0.30910363,-0.59064269,2.37165362,-0.02638373,0.93068389,-0.01184769,80.0,-7.0,0.0,80.0,1.3962634,0.0,0.0,0.0,80.0,-7.0,0.0,80.0,1.3962634,0.0,0.0,0.0,-4.45967558,-1.18798048,1.60169383,1.69637081,-21.71654745,-5.42229222,19.23237254,54.36860256,-4.56711724,12.18684095,2.76677156,-8.75969442,4.7879214,9.23706381,31.94436804,0.56747516,-3.64389638
1760624932.024,0.32553062,-0.590201,2.38176773,-0.02547731,0.93152894,-0.00945997,80.0,-7.0,0.0,80.0,1.3962634,0.0,0.0,0.0,80.0,-7.0,0.0,80.0,1.3962634,0.0,0.0,0.0,-4.40676439,-1.1761549,1.64639273,2.64828513,-21.54250694,-8.03329572,18.75542739,64.94289274,-3.83150543,8.58142253,2.80641918,-10.64891873,3.67378189,12.85388214,40.36885393,0.80738682,-4.31998435
1760624932.058,0.34520226,-0.5936905,2.37770658,-0.02600755,0.93191634,-0.00857945,80.0,-7.0,0.0,80.0,1.3962634,0.0,0.0,0.0,80.0,-7.0,0.0,80.0,1.3962634,0.0,0.0,0.0,-4.29598307,-1.15984566,1.66244473,2.95939759,-21.96195655,-6.57242355,18.35980911,67.58232694,-3.8131411,5.17529979,2.61152995,-11.67800889,2.99989633,16.01140873,44.63357007,1.00774751,-4.591836
1760624932.091,0.36280595,-0.59592552,2.37719987,-0.02671212,0.93258608,-0.00787015,80.0,-7.0,0.0,80.0,1.3962634,0.0,0.0,0.0,80.0,-7.0,0.0,80.0,1.3962634,0.0,0.0,0.0,-4.15243226,-1.12856624,1.77429613,2.6459682,-21.48943697,-13.20515647,18.51322692,76.59587447,-3.15172299,3.32963393,2.49951772,-12.30677825,2.69343758,18.47663267,47.3699799,1.21497557,-4.815915
1760624932.124,0.38608207,-0.60140443,2.39071452,-0.0325258,0.93480923,-0.00827839,80.0,-7.0,0.0,80.0,1.3962634,0.0,0.0,0.0,80.0,-7.0,0.0,80.0,1.3962634,0.0,0.0,0.0,-4.28241886,-1.18904718,1.63585543,3.26391826,-21.71317672,-12.40197854,18.76675582,78.22406448,-3.63703927,1.30572864,2.79615809,-12.82135379,2.35632155,20.98937228,49.38311932,1.53313777,-5.20774482
1760624932.158,0.39019348,-0.61110789,2.37933047,-0.03564165,0.93619487,-0.00889506,80.0,-7.0,0.0,80.0,1.3962634,0.0,0.0,0.0,80.0,-7.0,0.0,80.0,1.3962634,0.0,0.0,0.0,-4.28310418,-1.22973579,1.6241693,4.17988476,-21.2609746,-17.1924858,19.06929019,85.52410091,-3.4499275,-0.78523946,2.78204979,-13.06992546,1.91237675,25.27670903,50.90954986,2.05974723,-5.83629201
1760624932.191,0.39924497,-0.6197868,2.36714734,-0.03637531,0.93843821,-0.00925024,80.0,-7.0,0.0,80.0,1.3962634,0.0,0.0,0.0,80.0,-7.0,0.0,80.0,1.3962634,0.0,0.0,0.0,-4.19962343,-1.4612194,1.57345494,4.89724172,-21.3909459,-16.51901442,20.03095022,86.47643768,-3.88055275,-1.69945924,2.71974033,-13.15803963,1.22475023,28.72724294,52.1048995,2.47014376,-5.98807074
1760624932.225,0.40638874,-0.63412389,2.38520232,-0.03730244,0.93996841,-0.00938969,80.0,-7.0,0.0,80.0,1.3962634,0.0,0.0,0.0,80.0,-7.0,0.0,80.0,1.3962634,0.0,0.0,0.0,-4.03036056,-1.73449867,1.49580655,5.75299475,-20.94488515,-20.06294114,21.17247857,92.28261157,-3.72488299,-2.85910398,2.66591121,-13.23528667,0.53510773,33.3394104,53.71533106,2.9729121,-5.88839513
1760624932.258,0.39438421,-0.6385888,2.39148436,-0.03915445,0.94278657,-0.00948247,80.0,-7.0,0.0,80.0,1.3962634,0.0,0.0,0.0,80.0,-7.0,0.0,80.0,1.3962634,0.0,0.0,0.0,-3.84566489,-1.94346241,1.49122467,6.91019846,-20.87115889,-19.23962369,22.86708658,93.59028766,-4.67260728,-2.52191404,2.65384443,-13.28929248,0.21995428,36.68146229,54.85680116,3.29923922,-5.60448421
1760624932.292,0.39581589,-0.64696725,2.4045016,-0.04138851,0.94462166,-0.00960115,80.0,-7.0,0.0,80.0,1.3962634,0.0,0.0,0.0,80.0,-7.0,0.0,80.0,1.3962634,0.0,0.0,0.0,-3.6304363,-2.14121831,1.49402585,7.73747775,-20.66915062,-18.55963823,24.82818198,95.15351177,-5.79365769,-1.99363379,2.73146149,-13.48351636,0.14170317,39.78803417,55.94278805,3.58318815,-5.34559047
1760624932.325,0.41598962,-0.64962975,2.41827902,-0.04186566,0.94524121,-0.00986974,80.0,-7.0,0.0,80.0,1.3962634,0.0,0.0,0.0,80.0,-7.0,0.0,80.0,1.3962634,0.0,0.0,0.0,-3.46873689,-2.13443073,1.57619185,8.70627172,-20.40436894,-19.67260793,26.37873996,99.14569004,-6.48788143,-2.35650255,3.33746428,-13.74780282,0.31399679,43.26167253,57.97536187,3.85707638,-5.31356561
1760624932.359,0.42612752,-0.65185858,2.41345124,-0.0406357,0.94581988,-0.01014952,80.0,-7.0,0.0,80.0,1.3962634,0.0,0.0,0.0,80.0,-7.0,0.0,80.0,1.3962634,0.0,0.0,0.0,-3.21732052,-2.18748779,1.64285599,8.98162089,-20.35181309,-18.55606397,28.83321482,100.23175963,-7.5993826,-1.65972314,3.89097019,-14.04699434,0.6421162,45.45811123,59.54763664,4.07248666,-5.18797753
1760624932.392,0.43454567,-0.65469927,2.408901,-0.03906982,0.94607964,-0.00959818,80.0,-7.0,0.0,80.0,1.3962634,0.0,0.0,0.0,80.0,-7.0,0.0,80.0,1.3962634,0.0,0.0,0.0,-2.99636172,-2.14315964,1.75010104,8.91391913,-20.63197231,-16.72210739,33.55035763,100.94935489,-9.24679305,1.13012265,4.71127031,-14.31946972,1.08080747,47.32749663,61.47930791,4.30851633,-4.92529435
1760624932.425,0.42609952,-0.66414055,2.42981558,-0.03966999,0.94576072,-0.00982007,80.0,-7.0,0.0,80.0,1.3962634,0.0,0.0,0.0,80.0,-7.0,0.0,80.0,1.3962634,0.0,0.0,0.0,-2.56841245,-2.09888038,1.78535975,7.61426029,-21.55401928,-14.53979115,39.27856833,102.40965159,-11.34867662,3.18158003,5.5415078,-14.71200272,1.2230115,49.84701026,65.08329926,4.64796216,-4.56211291
1760624932.459,0.43092849,-0.67278493,2.43440519,-0.04172928,0.94638208,-0.01058764,80.0,-7.0,0.0,80.0,1.3962634,0.0,0.0,0.0,80.0,-7.0,0.0,80.0,1.3962634,0.0,0.0,0.0,-2.14517628,-2.02075614,1.67967761,6.91408351,-22.56392889,-12.71040487,44.89397979,104.12744253,-12.64687976,6.31911728,6.10107129,-14.82607409,1.15297765,51.68330822,67.75032528,4.9728104,-4.23084091
1760624932.492,0.41260658,-0.68244489,2.43458729,-0.04450877,0.94775873,-0.01214448,80.0,-7.0,0.0,80.0,1.3962634,0.0,0.0,0.0,80.0,-7.0,0.0,80.0,1.3962634,0.0,0.0,0.0,-1.8980425,-1.81655284,1.70190435,5.27115815,-24.0170659,-12.01770511,50.50004334,106.63783115,-13.35598299,8.65919445,6.68594763,-14.68221722,0.98132326,53.70243302,70.53515396,5.44657549,-3.76127935
1760624932.526,0.37235542,-0.69538957,2.42923135,-0.04649896,0.94861255,-0.01288846,80.0,-7.0,0.0,80.0,1.3962634,0.0,0.0,0.0,80.0,-7.0,0.0,80.0,1.3962634,0.0,0.0,0.0,-1.62804464,-1.6400696,1.79505027,3.5858331,-24.66916313,-13.24415121,53.9742333,113.20079223,-14.16174427,8.60934006,7.28839879,-14.5990994,0.42633703,56.6165994,74.65106454,6.03042225,-3.16298855
1760624932.559,0.3513984,-0.7048807,2.41330461,-0.04744941,0.94989113,-0.01292213,80.0,-7.0,0.0,80.0,1.3962634,0.0,0.0,0.0,80.0,-7.0,0.0,80.0,1.3962634,0.0,0.0,0.0,-1.33288817,-1.46888431,1.84776297,2.71355239,-25.32035129,-14.50270144,59.1833313,119.6259968,-14.02252854,11.54368423,7.66509905,-14.42668021,-0.12781666,58.73541975,77.80144098,6.42951765,-2.98762406
1760624932.593,0.32991373,-0.72122156,2.40396628,-0.05152002,0.95157373,-0.0130712,80.0,-7.0,0.0,80.0,1.3962634,0.0,0.0,0.0,80.0,-7.0,0.0,80.0,1.3962634,0.0,0.0,0.0,-1.03805259,-1.31997471,1.97375124,2.40802321,-25.54789806,-14.91962449,63.57691519,125.68596285,-13.92541352,14.25226559,7.54961734,-14.24491845,-0.91156999,61.331438,81.02668582,6.80616367,-2.85905483
1760624932.626,0.2907796,-0.74207471,2.40817257,-0.05412632,0.95256537,-0.01283344,80.0,-7.0,0.0,80.0,1.3962634,0.0,0.0,0.0,80.0,-7.0,0.0,80.0,1.3962634,0.0,0.0,0.0,-0.80274666,-1.28121283,2.22945172,3.49058207,-25.5517633,-15.5167966,66.00179164,133.09806496,-13.64094156,15.88062556,7.32871363,-14.05995649,-2.31040977,64.99357838,85.8679002,7.27930865,-2.70678272
1760624932.659,0.2677797,-0.75714241,2.41039714,-0.05667871,0.95445156,-0.01311346,80.0,-7.0,0.0,80.0,1.3962634,0.0,0.0,0.0,80.0,-7.0,0.0,80.0,1.3962634,0.0,0.0,0.0,-0.33268569,-1.12055829,2.50985939,4.62856898,-25.35797569,-17.32542436,67.95084804,138.34024278,-11.94139899,16.86387178,6.56263894,-13.81639646,-3.55489439,68.0249868,89.82470232,7.61563807,-2.75493984
1760624932.693,0.28047305,-0.7761334,2.42025905,-0.06244884,0.95704059,-0.01355764,80.0,-7.0,0.0,80.0,1.3962634,0.0,0.0,0.0,80.0,-7.0,0.0,80.0,1.3962634,0.0,0.0,0.0,1.88172416,-0.93983971,3.04057248,6.87176273,-24.30096241,-16.19235827,70.56658769,142.91804536,-9.62757326,21.49396586,4.97911212,-13.75255686,-4.13442927,70.18542977,93.26537393,7.91477663,-2.8674101
1760624932.727,0.26853183,-0.7938114,2.44844221,-0.06349674,0.95870539,-0.01342368,80.0,-7.0,0.0,80.0,1.3962634,0.0,0.0,0.0,80.0,-7.0,0.0,80.0,1.3962634,0.0,0.0,0.0,2.56675719,-0.88111645,3.2661564,11.43687687,-23.02685616,-15.64501604,69.19437979,147.70827647,-8.71494784,22.50288416,4.84030001,-13.46963868,-5.43742188,73.10840604,98.02293658,8.22408509,-3.06662389
1760624932.76,0.27730558,-0.80085811,2.47390558,-0.06683541,0.9594923,-0.01314169,80.0,-7.0,0.0,80.0,1.3962634,0.0,0.0,0.0,80.0,-7.0,0.0,80.0,1.3962634,0.0,0.0,0.0,2.79776931,-0.87974326,3.43737074,14.07521708,-22.53516855,-14.71068546,69.61495229,149.78142238,-7.83767988,23.98049596,4.7307378,-13.06344168,-6.49749388,75.37255831,101.86213073,8.30447138,-3.41175097
1760624932.793,0.29160215,-0.81083285,2.49983394,-0.07186026,0.96169265,-0.01272701,80.0,-7.0,0.0,80.0,1.3962634,0.0,0.0,0.0,80.0,-7.0,0.0,80.0,1.3962634,0.0,0.0,0.0,3.05345903,-0.9638309,3.47939318,14.16729301,-21.60684971,-14.50413575,72.37493877,151.74290163,-6.79416266,25.6412436,4.71763603,-12.6044175,-7.42922291,77.21723819,105.12251066,8.41119718,-3.64456124
1760624932.827,0.30235396,-0.82067301,2.50720312,-0.06791447,0.96202064,-0.0126076,80.0,-7.0,0.0,80.0,1.3962634,0.0,0.0,0.0,80.0,-7.0,0.0,80.0,1.3962634,0.0,0.0,0.0,3.62871763,-1.02711601,3.59053343,13.40407428,-20.24005243,-16.32625095,75.93649219,154.80566444,-4.18021364,26.27288275,4.86402419,-11.90406494,-8.28711146,78.8617164,108.6682378,8.4948342,-3.71351412
1760624932.86,0.31299938,-0.8298726,2.50624827,-0.06867716,0.9626681,-0.01136108,80.0,-7.0,0.0,80.0,1.3962634,0.0,0.0,0.0,80.0,-7.0,0.0,80.0,1.3962634,0.0,0.0,0.0,3.5310059,-1.14342958,3.67236749,14.03120287,-19.83576962,-16.7219929,77.3890999,155.87356607,-3.01909403,26.98727919,5.04033267,-11.31711676,-8.8553395,80.17583511,110.79379113,8.44863423,-3.64912041
1760624932.894,0.33095889,-0.83827039,2.51322449,-0.07222506,0.96390612,-0.00999886,80.0,-7.0,0.0,80.0,1.3962634,0.0,0.0,0.0,80.0,-7.0,0.0,80.0,1.3962634,0.0,0.0,0.0,3.62013451,-1.33432309,3.82426121,14.94507356,-19.4369402,-15.30962661,78.48964863,156.0431494,-2.71317158,29.32920286,4.9796609,-10.72032556,-9.12333133,81.18476167,112.28346501,8.35348311,-3.72659003
1760624932.927,0.34482457,-0.85211733,2.52032047,-0.0746422,0.96500367,-0.00981275,80.0,-7.0,0.0,80.0,1.3962634,0.0,0.0,0.0,80.0,-7.0,0.0,80.0,1.3962634,0.0,0.0,0.0,3.79240782,-1.4621029,3.83999024,16.18625716,-19.44529551,-11.16716256,78.80055167,155.21644551,-4.0926616,33.53076071,4.65809934,-9.8821569,-9.48366429,82.27676556,113.88843158,8.23905551,-3.93099088
1760624932.961,0.3432358,-0.86079435,2.52259568,-0.07566383,0.96584077,-0.01009219,80.0,-7.0,0.0,80.0,1.3962634,0.0,0.0,0.0,80.0,-7.0,0.0,80.0,1.3962634,0.0,0.0,0.0,3.80777342,-1.55184155,3.78760825,17.25118184,-19.06560836,-9.92219642,77.87230602,155.34116565,-4.74394629,34.58206846,4.26729917,-9.25537277,-9.81631516,83.11888841,115.19450711,8.24542154,-4.00281746
1760624932.994,0.33362284,-0.86443582,2.51467097,-0.07548827,0.9661347,-0.01039547,80.0,-7.0,0.0,80.0,1.3962634,0.0,0.0,0.0,80.0,-7.0,0.0,80.0,1.3962634,0.0,0.0,0.0,4.63724376,-1.60621695,3.79144822,18.11454122,-18.65191518,-9.3256747,75.35699191,155.5817216,-5.29142771,34.28152035,3.34044403,-8.69663302,-9.98255423,83.39264147,116.23977381,8.24745401,-4.13949912
1760624933.028,0.32976609,-0.8770212,2.4892749,-0.07383783,0.96629472,-0.01052337,80.0,-7.0,0.0,80.0,1.3962634,0.0,0.0,0.0,80.0,-7.0,0.0,80.0,1.3962634,0.0,0.0,0.0,5.13900763,-1.6023193,3.86591007,18.48722606,-18.18454006,-8.14080052,73.99109285,155.69944385,-5.71920376,34.87760195,2.38570984,-8.08654235,-10.17153187,83.74554569,117.24331609,8.27124461,-4.13154879
1760624933.061,0.30979033,-0.88019261,2.47601632,-0.07283805,0.96699402,-0.00967136,80.0,-7.0,0.0,80.0,1.3962634,0.0,0.0,0.0,80.0,-7.0,0.0,80.0,1.3962634,0.0,0.0,0.0,5.09757664,-1.6193403,3.88273086,16.94547265,-17.86741139,-8.68230208,75.24499685,156.16505852,-5.43085886,34.84242495,1.69631213,-7.62943712,-10.43160059,84.2472677,117.94894995,8.24201725,-4.01185412
1760624933.094,0.28530859,-0.88026538,2.45719809,-0.07259895,0.96755766,-0.00935289,80.0,-7.0,0.0,80.0,1.3962634,0.0,0.0,0.0,80.0,-7.0,0.0,80.0,1.3962634,0.0,0.0,0.0,5.08473854,-1.64480067,3.88234233,15.40409911,-17.56693959,-9.28839432,76.51512675,156.64522692,-4.93310334,34.78038648,1.16993655,-7.32345129,-10.70421847,84.45202964,118.39056567,8.29932354,-3.82578157
1760624933.128,0.24444389,-0.87791162,2.42891883,-0.06894066,0.967363,-0.00821739,80.0,-7.0,0.0,80.0,1.3962634,0.0,0.0,0.0,80.0,-7.0,0.0,80.0,1.3962634,0.0,0.0,0.0,4.86265379,-1.78719503,3.84335529,12.56927769,-17.22563896,-11.75485409,79.16846169,157.20868287,-3.6977928,33.58491775,0.75341241,-6.91799161,-11.10800147,84.56640149,118.96049745,8.31430519,-3.68830245
1760624933.161,0.21354899,-0.87344109,2.41454238,-0.06374029,0.96661483,-0.00825804,80.0,-7.0,0.0,80.0,1.3962634,0.0,0.0,0.0,80.0,-7.0,0.0,80.0,1.3962634,0.0,0.0,0.0,4.87290275,-1.86938184,3.85130645,10.64543556,-17.28387234,-13.09867258,80.52790845,157.10555459,-2.93621494,32.66231211,0.38327493,-6.57019529,-11.31164627,84.52140759,119.4034849,8.24523755,-3.67139504
1760624933.195,0.18706767,-0.85427425,2.40812668,-0.0580636,0.96606782,-0.00818721,80.0,-7.0,0.0,80.0,1.3962634,0.0,0.0,0.0,80.0,-7.0,0.0,80.0,1.3962634,0.0,0.0,0.0,4.88477035,-1.9961703,3.77068833,8.89794318,-16.79549017,-13.11625757,82.23320403,157.55930627,-2.09920131,33.13835583,0.20033858,-6.34698726,-11.43240315,84.12829982,119.8919045,8.25366615,-3.64273409
1760624933.228,0.17917364,-0.83042411,2.41398878,-0.05326215,0.96554905,-0.0083184,80.0,-7.0,0.0,80.0,1.3962634,0.0,0.0,0.0,80.0,-7.0,0.0,80.0,1.3962634,0.0,0.0,0.0,4.96876504,-2.07990671,3.68624448,7.90064536,-16.12481506,-13.12322348,83.05400437,158.27525368,-1.43165831,33.49242077,0.30591105,-6.31940953,-11.36285946,83.53493813,120.23247256,8.25478288,-3.57721602
1760624933.262,0.16241906,-0.81092763,2.4350605,-0.05059443,0.96506106,-0.00871271,80.0,-7.0,0.0,80.0,1.3962634,0.0,0.0,0.0,80.0,-7.0,0.0,80.0,1.3962634,0.0,0.0,0.0,4.95590618,-2.10734882,3.54097963,7.78927585,-16.20538297,-13.043552,82.94632131,158.21613616,-0.75335733,33.50067152,0.45502221,-6.32805025,-11.30292029,83.056572,120.52260617,8.17907877,-3.55892342
1760624933.295,0.16700335,-0.78645775,2.4495227,-0.05058752,0.96466522,-0.00950388,80.0,-7.0,0.0,80.0,1.3962634,0.0,0.0,0.0,80.0,-7.0,0.0,80.0,1.3962634,0.0,0.0,0.0,4.89018657,-2.07763237,3.519845,8.17051981,-16.31435383,-12.99298267,82.53088023,158.13248257,0.36000238,33.81414052,0.4384016,-6.32278349,-11.22542196,82.81458409,120.84220228,8.01653171,-3.64054559
1760624933.329,0.17075959,-0.77130303,2.45130261,-0.05211428,0.96448209,-0.0096515,80.0,-7.0,0.0,80.0,1.3962634,0.0,0.0,0.0,80.0,-7.0,0.0,80.0,1.3962634,0.0,0.0,0.0,4.82881507,-2.04639174,3.47432274,8.77870829,-16.26324465,-12.75234639,80.97982014,158.11404397,0.05616412,33.42996963,0.50345426,-6.34735851,-11.28963411,82.63602489,120.91965322,7.84096893,-3.74560147
1760624933.362,0.18863824,-0.76108512,2.44030126,-0.05354931,0.96461194,-0.00993752,80.0,-7.0,0.0,80.0,1.3962634,0.0,0.0,0.0,80.0,-7.0,0.0,80.0,1.3962634,0.0,0.0,0.0,5.02615662,-1.99536898,3.53190075,10.51811465,-16.14707343,-11.09075523,77.73630951,157.96011023,-1.36938449,33.49598565,0.47717804,-6.42404762,-11.31125224,82.36980333,120.88694296,7.79577696,-3.69714107
1760624933.396,0.19281136,-0.75853818,2.41791499,-0.05117625,0.9648179,-0.00902294,80.0,-7.0,0.0,80.0,1.3962634,0.0,0.0,0.0,80.0,-7.0,0.0,80.0,1.3962634,0.0,0.0,0.0,5.0849518,-1.9750501,3.52253831,11.19969937,-15.65510347,-10.85061236,75.55226674,158.43379932,-2.33508175,32.61193545,0.78767036,-6.50319747,-11.51271464,82.04292291,121.01340472,7.81278612,-3.48026257
1760624933.429,0.19354151,-0.75368285,2.40471247,-0.04913874,0.96469871,-0.00823175,80.0,-7.0,0.0,80.0,1.3962634,0.0,0.0,0.0,80.0,-7.0,0.0,80.0,1.3962634,0.0,0.0,0.0,5.11222629,-2.01524447,3.48159067,11.80777754,-15.43544741,-10.61777273,75.15163301,158.44794115,-2.01209331,32.66462342,1.09941223,-6.58783272,-11.72665799,81.79343907,121.16836488,7.81770382,-3.35915703
1760624933.462,0.18488162,-0.75818095,2.40967085,-0.04787768,0.96475429,-0.00807463,80.0,-7.0,0.0,80.0,1.3962634,0.0,0.0,0.0,80.0,-7.0,0.0,80.0,1.3962634,0.0,0.0,0.0,5.10809758,-1.98406658,3.4562772,12.27917305,-15.40756606,-10.53421775,74.8799119,158.27469989,-1.66647607,32.64603521,1.49968442,-6.61828624,-11.82924577,81.48940346,121.1752062,7.8150622,-3.24389418
1760624933.496,0.18179767,-0.75344513,2.4252069,-0.04901665,0.96502628,-0.00803124,80.0,-7.0,0.0,80.0,1.3962634,0.0,0.0,0.0,80.0,-7.0,0.0,80.0,1.3962634,0.0,0.0,0.0,5.13130376,-1.99690299,3.30913358,13.26253597,-15.21420605,-9.60415066,73.81541469,157.9259492,-1.44229705,32.75059258,1.77330882,-6.71931847,-12.02526615,81.33232706,121.24374172,7.8825401,-3.07465276
1760624933.529,0.17537551,-0.75283121,2.43253117,-0.05032308,0.96552382,-0.00811548,80.0,-7.0,0.0,80.0,1.3962634,0.0,0.0,0.0,80.0,-7.0,0.0,80.0,1.3962634,0.0,0.0,0.0,5.1548664,-1.99411409,3.31711756,13.81917177,-15.14620129,-9.2518315,73.69294783,157.70936939,-0.70562892,32.90653147,2.04657271,-6.79808323,-11.95863554,81.1512025,121.24042349,7.97434222,-2.99510651
1760624933.563,0.16239946,-0.75942669,2.43818968,-0.04962424,0.9657368,-0.00820381,80.0,-7.0,0.0,80.0,1.3962634,0.0,0.0,0.0,80.0,-7.0,0.0,80.0,1.3962634,0.0,0.0,0.0,5.12890913,-2.00136163,3.23990119,14.06329406,-15.29800645,-9.04697875,73.53053056,157.66059228,-0.2060603,32.70087532,2.41514496,-6.95761896,-11.92152464,80.90530073,121.19121806,8.08207779,-2.86085283
1760624933.596,0.15256562,-0.75989023,2.43757022,-0.04915166,0.96584189,-0.00809626,80.0,-7.0,0.0,80.0,1.3962634,0.0,0.0,0.0,80.0,-7.0,0.0,80.0,1.3962634,0.0,0.0,0.0,5.12899264,-1.99790842,3.17138919,14.3370069,-15.45228177,-8.97311348,73.30756573,157.55547241,0.3490523,32.34634206,2.70571172,-7.09795476,-11.89487989,80.69489292,121.14696992,8.40027047,-2.4761353
1760624933.63,0.15433991,-0.75467861,2.44633915,-0.04913021,0.96597895,-0.00794134,80.0,-7.0,0.0,80.0,1.3962634,0.0,0.0,0.0,80.0,-7.0,0.0,80.0,1.3962634,0.0,0.0,0.0,5.07868926,-2.01351381,3.07657762,14.69927655,-15.37701602,-9.09750736,72.9149233,157.86902963,0.60054061,31.93407629,2.9358163,-7.14518034,-11.91994051,80.56133383,121.1855937,8.56822159,-2.23325382
1760624933.663,0.16283163,-0.75377205,2.4436762,-0.04897272,0.9659351,-0.00798642,80.0,-7.0,0.0,80.0,1.3962634,0.0,0.0,0.0,80.0,-7.0,0.0,80.0,1.3962634,0.0,0.0,0.0,5.03003864,-1.99482896,3.01320264,14.96575511,-15.4671991,-9.04902798,73.0224035,158.07329971,1.04582943,31.8651296,3.03247782,-7.17864153,-11.91740437,80.57781707,121.17285801,8.66794515,-2.0763129
1760624933.697,0.1852059,-0.75358303,2.428663,-0.04902151,0.96582604,-0.00820883,80.0,-7.0,0.0,80.0,1.3962634,0.0,0.0,0.0,80.0,-7.0,0.0,80.0,1.3962634,0.0,0.0,0.0,4.97818435,-1.96282496,3.00580587,14.96039591,-15.74089689,-9.21311887,73.10661544,157.80319558,1.69853663,31.40313126,3.12148087,-7.16334523,-11.79267973,80.64366909,121.00166465,8.75247767,-1.86453223
1760624933.73,0.2112241,-0.74772758,2.42491779,-0.05002871,0.96556772,-0.00800662,80.0,-7.0,0.0,80.0,1.3962634,0.0,0.0,0.0,80.0,-7.0,0.0,80.0,1.3962634,0.0,0.0,0.0,4.83884293,-1.97384384,2.98302329,14.69178154,-15.68798326,-9.58990152,73.68730991,157.97971569,2.43645291,31.23751665,3.2452879,-7.11168966,-11.72497359,80.78606897,120.97922643,8.75238972,-1.71002433
1760624933.763,0.21505025,-0.73827182,2.41946911,-0.04918267,0.96559562,-0.00812429,80.0,-7.0,0.0,80.0,1.3962634,0.0,0.0,0.0,80.0,-7.0,0.0,80.0,1.3962634,0.0,0.0,0.0,4.65834182,-2.02913703,2.95952884,14.32896976,-15.73776673,-9.81031351,74.55981838,158.06269562,3.21685861,31.20344677,3.36059238,-7.12896043,-11.65928714,80.99480899,120.81764517,8.77644688,-1.58306168
1760624933.797,0.21005602,-0.73484919,2.42479899,-0.05453959,0.96678126,-0.00730014,80.0,-7.0,0.0,80.0,1.3962634,0.0,0.0,0.0,80.0,-7.0,0.0,80.0,1.3962634,0.0,0.0,0.0,4.35663399,-2.1216744,2.90400147,13.11232618,-15.80186221,-10.06298282,76.64625291,157.96291413,4.01877221,31.41115206,3.71114051,-7.1554167,-11.58576983,81.12888992,120.60300101,8.893825,-1.2815431
1760624933.83,0.20559214,-0.72906799,2.43562309,-0.05734739,0.96678765,-0.00678931,80.0,-7.0,0.0,80.0,1.3962634,0.0,0.0,0.0,80.0,-7.0,0.0,80.0,1.3962634,0.0,0.0,0.0,4.10817219,-2.17358204,2.8944193,10.49115977,-16.00299907,-11.38293136,80.17867599,157.96743519,5.13676716,31.38213847,4.07446874,-7.06919846,-11.57170069,81.14789046,120.63797567,9.04852472,-0.97317459
1760624933.864,0.19449459,-0.72100831,2.43984717,-0.05834887,0.96647453,-0.00648554,80.0,-7.0,0.0,80.0,1.3962634,0.0,0.0,0.0,80.0,-7.0,0.0,80.0,1.3962634,0.0,0.0,0.0,3.83392275,-2.22670018,2.93161245,5.10556722,-16.33496936,-13.14224787,86.61667673,157.58783918,6.12173322,31.91701686,4.52505703,-7.05771663,-11.51559993,81.01940637,120.57329197,9.09935368,-0.73567783
1760624933.897,0.18211286,-0.71867639,2.4320178,-0.05620714,0.9657746,-0.00626008,80.0,-7.0,0.0,80.0,1.3962634,0.0,0.0,0.0,80.0,-7.0,0.0,80.0,1.3962634,0.0,0.0,0.0,3.79560331,-2.25064637,2.95090502,2.07238881,-16.42872658,-13.84799586,90.65939452,157.41347047,7.04812953,32.84287279,4.89525621,-7.07879705,-11.56309669,80.66304717,120.63975669,9.11313162,-0.4053879
1760624933.931,0.17549986,-0.71790165,2.42023279,-0.05663753,0.96560935,-0.00622738,80.0,-7.0,0.0,80.0,1.3962634,0.0,0.0,0.0,80.0,-7.0,0.0,80.0,1.3962634,0.0,0.0,0.0,3.77954356,-2.30039242,2.91279168,1.97128365,-16.43656324,-13.79912695,91.25111651,157.36348306,7.59651919,33.20288057,5.19388936,-7.15168038,-11.69042167,80.34655598,120.7507205,9.1309466,-0.10692177
1760624933.964,0.18263107,-0.71859632,2.41378846,-0.05846613,0.96619889,-0.00682996,80.0,-7.0,0.0,80.0,1.3962634,0.0,0.0,0.0,80.0,-7.0,0.0,80.0,1.3962634,0.0,0.0,0.0,3.68469615,-2.32178333,2.91596865,0.9017919,-17.03327512,-14.26029758,92.31934928,156.86426379,7.76376988,33.02601659,5.51793224,-7.18175415,-11.77532985,80.10808757,120.89561685,9.13660256,0.16108605
1760624933.998,0.19339274,-0.72622046,2.39675666,-0.05879531,0.96595411,-0.00769812,80.0,-7.0,0.0,80.0,1.3962634,0.0,0.0,0.0,80.0,-7.0,0.0,80.0,1.3962634,0.0,0.0,0.0,3.67262672,-2.29136066,2.97156667,-0.63032525,-17.48549044,-14.98088764,93.64145532,156.69088006,7.95628132,32.76668787,5.79603223,-7.26241116,-11.77245109,79.88604938,121.01211374,9.08979746,0.41955275
1760624934.031,0.19336342,-0.73297006,2.37373458,-0.05856489,0.96522481,-0.00825595,80.0,-7.0,0.0,80.0,1.3962634,0.0,0.0,0.0,80.0,-7.0,0.0,80.0,1.3962634,0.0,0.0,0.0,3.67794271,-2.26676813,3.0466486,-1.66177387,-17.56642538,-15.77383782,94.41019024,156.69240766,8.17505925,32.369802,5.99714693,-7.33272752,-11.68199136,79.70195218,120.94926588,9.04512222,0.46248718
1760624934.065,0.19894767,-0.75405692,2.3685168,-0.05946583,0.96431684,-0.0088229,80.0,-7.0,0.0,80.0,1.3962634,0.0,0.0,0.0,80.0,-7.0,0.0,80.0,1.3962634,0.0,0.0,0.0,3.69256975,-2.21028841,3.1531252,-3.32482313,-17.72875711,-16.25811694,95.85840195,156.54057173,8.06115848,32.46422992,6.31073822,-7.43728625,-11.46155116,79.28227737,120.61257197,8.98179753,0.34453528
1760624934.098,0.20917448,-0.77185969,2.36575914,-0.06371888,0.96451699,-0.00924773,80.0,-7.0,0.0,80.0,1.3962634,0.0,0.0,0.0,80.0,-7.0,0.0,80.0,1.3962634,0.0,0.0,0.0,3.63915748,-2.15008697,3.31179517,-4.00862246,-17.80842595,-16.4673499,96.1997175,156.39871828,7.77736751,32.44319333,6.03600858,-7.5262008,-11.27396128,79.40934588,120.3425195,8.86081159,0.13093879
1760624934.132,0.22875313,-0.7866849,2.35461993,-0.0658276,0.96450654,-0.00953808,80.0,-7.0,0.0,80.0,1.3962634,0.0,0.0,0.0,80.0,-7.0,0.0,80.0,1.3962634,0.0,0.0,0.0,3.65462017,-2.07091383,3.55590414,-3.87345831,-17.75498621,-16.44076801,96.05567524,156.38130344,7.87176468,32.63982928,5.68730922,-7.56314493,-11.00906543,79.50517982,120.24707266,8.75479405,-0.01952595
1760624934.198,0.27056767,-0.81439047,2.36458381,-0.06762681,0.96615307,-0.0087335,80.0,-7.0,0.0,80.0,1.3962634,0.0,0.0,0.0,80.0,-7.0,0.0,80.0,1.3962634,0.0,0.0,0.0,3.93996595,-1.97555376,3.6795432,-0.75606333,-16.95620459,-15.6123641,92.89375385,157.27188208,7.91169154,32.60370772,4.85373047,-8.04532467,-10.64543733,79.25735014,119.98663791,8.3952413,-0.46729699
1760624934.232,0.28074821,-0.82503713,2.37693548,-0.06729899,0.96641354,-0.00848016,80.0,-7.0,0.0,80.0,1.3962634,0.0,0.0,0.0,80.0,-7.0,0.0,80.0,1.3962634,0.0,0.0,0.0,4.14418127,-1.97837259,3.68882625,2.47414514,-16.5189245,-14.60291423,89.54757987,157.79201894,7.97173541,32.54188091,4.60249884,-8.37360561,-10.49123228,79.00622774,119.88092765,8.28752758,-0.5924653
1760624934.265,0.2892478,-0.83255264,2.3944351,-0.06688681,0.96615264,-0.00825919,80.0,-7.0,0.0,80.0,1.3962634,0.0,0.0,0.0,80.0,-7.0,0.0,80.0,1.3962634,0.0,0.0,0.0,4.1159751,-1.98235637,3.65414999,3.72719268,-16.15725769,-14.29664461,88.08572339,158.17746416,8.12305811,32.34145376,4.80991756,-8.59554905,-10.3149567,78.41889978,119.70281862,8.14986202,-0.76012779
1760624934.299,0.28696487,-0.84215772,2.40768551,-0.06696015,0.96593861,-0.00818365,80.0,-7.0,0.0,80.0,1.3962634,0.0,0.0,0.0,80.0,-7.0,0.0,80.0,1.3962634,0.0,0.0,0.0,4.15186674,-2.01247347,3.69107582,4.74096124,-16.12782768,-13.94549715,86.83100277,157.98749581,8.13997388,32.26322052,4.95584982,-8.82802079,-10.10143466,77.89642305,119.53891222,7.98146576,-1.0575326
1760624934.366,0.2911983,-0.85370182,2.45556064,-0.06672752,0.96574218,-0.00715444,80.0,-7.0,0.0,80.0,1.3962634,0.0,0.0,0.0,80.0,-7.0,0.0,80.0,1.3962634,0.0,0.0,0.0,4.11344253,-2.02281655,3.50911999,10.10858514,-15.29901282,-10.8446051,80.31307873,158.12786492,6.32879515,32.75857804,5.46773274,-9.18833972,-9.93460183,76.51855949,119.25701063,7.76273257,-1.3498444
1760624934.399,0.29415483,-0.84642229,2.47392592,-0.06987164,0.96544679,-0.0074977,80.0,-7.0,0.0,80.0,1.3962634,0.0,0.0,0.0,80.0,-7.0,0.0,80.0,1.3962634,0.0,0.0,0.0,4.10631326,-2.00873274,3.31338833,14.20734766,-15.14448082,-9.46846377,75.1917996,158.22131287,5.19658203,32.07096442,5.61152265,-9.39618147,-10.01960953,75.92438492,119.13468195,7.64957251,-1.43826658
1760624934.432,0.299544,-0.8311441,2.4921973,-0.0690158,0.96487837,-0.00754422,80.0,-7.0,0.0,80.0,1.3962634,0.0,0.0,0.0,80.0,-7.0,0.0,80.0,1.3962634,0.0,0.0,0.0,4.09247857,-2.03454425,3.13895569,17.51990454,-15.34357489,-7.42594067,71.28077699,157.40467856,4.26465049,32.22149179,5.97892065,-9.57436816,-10.08576022,75.16297738,119.17875642,7.61378657,-1.41721704
1760624934.466,0.29996976,-0.82192281,2.50350187,-0.06661924,0.964259,-0.00729574,80.0,-7.0,0.0,80.0,1.3962634,0.0,0.0,0.0,80.0,-7.0,0.0,80.0,1.3962634,0.0,0.0,0.0,4.10725718,-2.07399266,2.90512665,19.84164339,-15.08537437,-6.57490843,68.631869,157.24263922,4.25667232,32.04733535,6.4400351,-9.79960837,-10.16461924,74.13846887,119.24999416,7.50392354,-1.46437759
1760624934.499,0.29749395,-0.8067831,2.50213029,-0.06517908,0.96373516,-0.00711501,80.0,-7.0,0.0,80.0,1.3962634,0.0,0.0,0.0,80.0,-7.0,0.0,80.0,1.3962634,0.0,0.0,0.0,4.16919258,-2.1029657,2.76639965,21.73610292,-15.14555749,-5.83562185,66.26107529,156.90674535,4.16193702,31.76044088,6.77014804,-10.00423252,-10.17252265,73.31601607,119.16479108,7.38228494,-1.56160263
1760624934.533,0.29075013,-0.79405246,2.4904914,-0.06456351,0.96369955,-0.00690469,80.0,-7.0,0.0,80.0,1.3962634,0.0,0.0,0.0,80.0,-7.0,0.0,80.0,1.3962634,0.0,0.0,0.0,4.21092625,-2.11287206,2.69063226,22.73303367,-15.12458767,-5.28940244,64.62659685,156.77574332,3.98143541,31.5873744,6.98051338,-10.14670325,-10.16505038,72.65118713,119.16309428,7.27773329,-1.66110864
1760624934.566,0.29862775,-0.78260221,2.4804155,-0.06500993,0.96394096,-0.00683698,80.0,-7.0,0.0,80.0,1.3962634,0.0,0.0,0.0,80.0,-7.0,0.0,80.0,1.3962634,0.0,0.0,0.0,4.31666248,-2.0720634,2.78227834,23.11359696,-15.19060404,-4.86959262,63.52781211,156.57699943,3.89284575,31.69777787,6.73153179,-10.26528798,-10.05867582,72.29301649,119.21040238,7.20159575,-1.68970057
1760624934.6,0.30752669,-0.77459502,2.4714416,-0.06319617,0.96404679,-0.00790965,80.0,-7.0,0.0,80.0,1.3962634,0.0,0.0,0.0,80.0,-7.0,0.0,80.0,1.3962634,0.0,0.0,0.0,4.47956771,-1.98132514,2.87386314,22.46521869,-15.36404754,-4.80805158,63.23687844,156.47666791,3.70111381,31.59674254,6.43713289,-10.32398543,-9.93841176,72.11443936,119.22378309,7.16477849,-1.62551609
1760624934.633,0.31616364,-0.77168761,2.45900957,-0.06426067,0.96403898,-0.00862241,80.0,-7.0,0.0,80.0,1.3962634,0.0,0.0,0.0,80.0,-7.0,0.0,80.0,1.3962634,0.0,0.0,0.0,4.52611275,-1.88098524,3.05811227,21.40385849,-15.72668306,-4.1022653,61.43864429,156.18227439,1.46236429,30.85303848,5.97817025,-10.33430407,-9.80551619,72.30753815,119.32331696,7.19319397,-1.50280305
1760624934.667,0.33615407,-0.76820127,2.45128042,-0.06803572,0.96477983,-0.00899447,80.0,-7.0,0.0,80.0,1.3962634,0.0,0.0,0.0,80.0,-7.0,0.0,80.0,1.3962634,0.0,0.0,0.0,4.59333483,-1.75632049,3.32573141,20.49156779,-16.21190129,-3.86165859,61.40175544,156.05167917,1.06083452,30.91920411,5.239221,-10.2272408,-9.62409383,72.78316326,119.4402948,7.23562814,-1.32742164
1760624934.7,0.34609879,-0.77023904,2.45615493,-0.07036676,0.96549674,-0.00902534,80.0,-7.0,0.0,80.0,1.3962634,0.0,0.0,0.0,80.0,-7.0,0.0,80.0,1.3962634,0.0,0.0,0.0,4.68591008,-1.65592479,3.40747751,20.49177865,-16.36400878,-3.80351323,61.33470878,156.08272046,1.3547161,31.05184147,4.55525662,-10.17241972,-9.60821753,73.31215702,119.53935769,7.22587984,-1.23640966
1760624934.734,0.34153715,-0.7783912,2.44575786,-0.0690383,0.96496806,-0.01000072,80.0,-7.0,0.0,80.0,1.3962634,0.0,0.0,0.0,80.0,-7.0,0.0,80.0,1.3962634,0.0,0.0,0.0,4.74799311,-1.52637538,3.50542786,20.69541196,-16.43034938,-3.71595225,61.27493096,156.14187916,1.68343528,31.27705736,4.21398171,-10.04540909,-9.52618769,73.56544684,119.5571748,7.2366799,-1.22075715
1760624934.767,0.34401898,-0.78371368,2.44107424,-0.06684586,0.96427909,-0.0109947,80.0,-7.0,0.0,80.0,1.3962634,0.0,0.0,0.0,80.0,-7.0,0.0,80.0,1.3962634,0.0,0.0,0.0,4.87865849,-1.44556657,3.61363596,20.64497477,-16.51308289,-3.65951733,61.06319331,156.13831604,1.60758497,31.2806097,3.88494639,-9.9400485,-9.41091342,73.80149655,119.60986077,7.20451527,-1.24756076
1760624934.8,0.35495356,-0.78535947,2.43734699,-0.06874983,0.96396278,-0.01211091,80.0,-7.0,0.0,80.0,1.3962634,0.0,0.0,0.0,80.0,-7.0,0.0,80.0,1.3962634,0.0,0.0,0.0,4.9680268,-1.32632921,3.69077933,21.28978646,-16.63641148,-3.22308142,60.21467673,155.87623326,1.42262711,31.3113826,3.53968977,-9.815806,-9.37978233,74.09427698,119.66569971,7.1719423,-1.25575374
1760624934.834,0.3605901,-0.78704982,2.43407637,-0.07000852,0.96398719,-0.0124152,80.0,-7.0,0.0,80.0,1.3962634,0.0,0.0,0.0,80.0,-7.0,0.0,80.0,1.3962634,0.0,0.0,0.0,4.9905345,-1.24883447,3.72651808,21.7940748,-16.94265212,-2.48277782,59.63605587,155.29650655,1.13850872,31.51943631,3.39506235,-9.74067128,-9.38730782,74.27437259,119.76567419,7.12623413,-1.26361942
1760624934.867,0.37020936,-0.79368367,2.43939706,-0.06965397,0.96406612,-0.01185512,80.0,-7.0,0.0,80.0,1.3962634,0.0,0.0,0.0,80.0,-7.0,0.0,80.0,1.3962634,0.0,0.0,0.0,5.05734951,-1.20000289,3.7924424,21.71107885,-16.95418659,-2.49180425,59.57367525,155.3427775,1.03418983,31.61239396,3.32412598,-9.73864267,-9.31690561,74.35781046,119.84906291,7.05827325,-1.27290512
1760624934.901,0.37040676,-0.79333285,2.44062602,-0.06904574,0.96445267,-0.011284,80.0,-7.0,0.0,80.0,1.3962634,0.0,0.0,0.0,80.0,-7.0,0.0,80.0,1.3962634,0.0,0.0,0.0,5.06847315,-1.22780073,3.76865574,21.57575195,-16.87127713,-2.42669127,59.60687379,155.37285813,0.901072,31.66352316,3.3961523,-9.76677972,-9.32003777,74.33084011,119.91984567,7.00810024,-1.27082638
1760624934.968,0.3652344,-0.79228554,2.43333149,-0.06238986,0.96535089,-0.01009112,80.0,-7.0,0.0,80.0,1.3962634,0.0,0.0,0.0,80.0,-7.0,0.0,80.0,1.3962634,0.0,0.0,0.0,5.48731245,-1.33404895,3.90720338,19.92409139,-16.80891868,-2.56874539,61.00973517,155.42141603,0.80738098,32.10699164,3.41419773,-9.9434619,-9.1022598,74.03505452,119.93121913,6.98358453,-1.18230177
1760624935.035,0.33889966,-0.77253433,2.42570242,-0.05805279,0.96434558,-0.00924366,80.0,-7.0,0.0,80.0,1.3962634,0.0,0.0,0.0,80.0,-7.0,0.0,80.0,1.3962634,0.0,0.0,0.0,5.48780483,-1.56747652,3.65443641,19.19951544,-16.30275565,-2.64001676,62.31349229,155.43159581,1.16932343,32.57485951,4.37777713,-10.10371044,-9.16652614,73.12667611,119.77253367,6.99382349,-1.03521298
1760624935.068,0.3269603,-0.76036752,2.42272768,-0.05459446,0.96413942,-0.00932653,80.0,-7.0,0.0,80.0,1.3962634,0.0,0.0,0.0,80.0,-7.0,0.0,80.0,1.3962634,0.0,0.0,0.0,5.45797699,-1.69634212,3.47689238,19.10307644,-16.04544054,-2.56521807,62.57831304,155.44767716,1.34557944,32.67161297,4.9703343,-10.20478333,-9.19612063,72.57119275,119.7335268,7.01049095,-0.96410938
1760624935.101,0.31588893,-0.75460327,2.42984307,-0.05239225,0.96422865,-0.00885604,80.0,-7.0,0.0,80.0,1.3962634,0.0,0.0,0.0,80.0,-7.0,0.0,80.0,1.3962634,0.0,0.0,0.0,5.55477811,-1.77721667,3.39139728,18.83377555,-15.85297783,-2.54545496,62.68483569,155.47823516,1.28870369,32.66662954,5.20330017,-10.25677306,-9.16304827,72.20515636,119.64854252,6.99397834,-0.91466472
1760624935.135,0.31536856,-0.73845813,2.42677524,-0.05243725,0.96450698,-0.00865774,80.0,-7.0,0.0,80.0,1.3962634,0.0,0.0,0.0,80.0,-7.0,0.0,80.0,1.3962634,0.0,0.0,0.0,5.48727847,-1.83086816,3.36365555,18.72459104,-15.76835289,-2.60382409,62.68716626,155.4842955,1.17421218,32.57369482,5.47644746,-10.28870829,-9.13550222,71.91832804,119.63165661,6.98308736,-0.86478912
1760624935.168,0.31975483,-0.72838529,2.43309444,-0.05250328,0.96453995,-0.00867441,80.0,-7.0,0.0,80.0,1.3962634,0.0,0.0,0.0,80.0,-7.0,0.0,80.0,1.3962634,0.0,0.0,0.0,5.46960899,-1.8684953,3.29715632,18.80720469,-15.80245859,-2.70423597,62.64454422,155.42185118,1.23711976,32.46364444,5.59296928,-10.33220579,-9.18570111,71.7114728,119.56406232,6.96802887,-0.83926018
1760624935.202,0.31495082,-0.7203252,2.43901945,-0.05722303,0.96565064,-0.00817901,80.0,-7.0,0.0,80.0,1.3962634,0.0,0.0,0.0,80.0,-7.0,0.0,80.0,1.3962634,0.0,0.0,0.0,5.21463755,-1.92925484,3.13208918,18.47668391,-15.74067513,-2.81508355,63.11219883,155.50884895,1.1097799,32.44187835,6.00465695,-10.39594356,-9.32151811,71.4583965,119.5094032,6.94162292,-0.79691889
1760624935.235,0.31454484,-0.71616952,2.43774029,-0.05932872,0.96582235,-0.00755473,80.0,-7.0,0.0,80.0,1.3962634,0.0,0.0,0.0,80.0,-7.0,0.0,80.0,1.3962634,0.0,0.0,0.0,4.98380734,-1.98734621,2.97175701,17.7924298,-15.69983919,-3.17468141,64.49184033,155.60478132,1.63212596,32.67555995,6.27945064,-10.45099716,-9.45881859,71.25825643,119.46963825,6.8825087,-0.84392282
1760624935.269,0.31740781,-0.7141684,2.44217008,-0.05963288,0.96566766,-0.00727716,80.0,-7.0,0.0,80.0,1.3962634,0.0,0.0,0.0,80.0,-7.0,0.0,80.0,1.3962634,0.0,0.0,0.0,4.7119198,-2.01736283,2.83050025,17.08338348,-15.67902608,-3.75307283,65.67876328,155.79649069,2.05247392,32.62877899,6.48685678,-10.46924547,-9.59059642,71.17266672,119.44777283,6.84487699,-0.87598225
1760624935.302,0.31856372,-0.71751318,2.43651396,-0.05937734,0.96577823,-0.00711057,80.0,-7.0,0.0,80.0,1.3962634,0.0,0.0,0.0,80.0,-7.0,0.0,80.0,1.3962634,0.0,0.0,0.0,4.66426436,-2.01987298,2.84455492,16.08820714,-15.75638718,-4.28522109,66.76917206,155.92133159,2.26349506,32.63851647,6.54671059,-10.53846432,-9.54238708,70.97023214,119.28658685,6.78306505,-0.94854285
1760624935.336,0.31860343,-0.72584149,2.43220555,-0.05892232,0.96552842,-0.00729816,80.0,-7.0,0.0,80.0,1.3962634,0.0,0.0,0.0,80.0,-7.0,0.0,80.0,1.3962634,0.0,0.0,0.0,4.67004372,-1.94672115,2.85754452,15.50036637,-15.76472309,-4.75474313,67.42638049,156.02093201,2.65909426,32.6637006,6.42004041,-10.59574042,-9.53919906,70.82462248,119.21218524,6.73013341,-0.99048844
1760624935.369,0.32153979,-0.73073167,2.44347005,-0.06302517,0.96581007,-0.00775932,80.0,-7.0,0.0,80.0,1.3962634,0.0,0.0,0.0,80.0,-7.0,0.0,80.0,1.3962634,0.0,0.0,0.0,4.49384206,-1.87564773,2.82730014,15.00328744,-15.85898098,-5.0011723,68.12449382,155.94312258,2.89212697,32.75590582,6.28645595,-10.61404236,-9.60236556,70.97058894,119.2660938,6.73162452,-0.92846423
1760624935.403,0.32940239,-0.73854625,2.4518261,-0.06645407,0.9658801,-0.00810627,80.0,-7.0,0.0,80.0,1.3962634,0.0,0.0,0.0,80.0,-7.0,0.0,80.0,1.3962634,0.0,0.0,0.0,4.36896503,-1.83212954,2.85973286,14.15896582,-16.02136738,-5.21500059,68.93100505,155.80817533,2.80912757,32.85058034,6.1365551,-10.64340989,-9.59956299,71.14011044,119.332204,6.71203965,-0.88027042
1760624935.436,0.34580184,-0.75544857,2.45669946,-0.06870759,0.96597453,-0.00833536,80.0,-7.0,0.0,80.0,1.3962634,0.0,0.0,0.0,80.0,-7.0,0.0,80.0,1.3962634,0.0,0.0,0.0,4.62212388,-1.783506,2.9687643,14.12904026,-16.09393651,-5.17562815,69.36944296,155.45153969,3.42157884,33.34612837,5.63428927,-10.6067286,-9.5403684,71.293187,119.34684829,6.70469513,-0.8588089
1760624935.469,0.35003747,-0.76596363,2.47241512,-0.06770823,0.96586091,-0.00901926,80.0,-7.0,0.0,80.0,1.3962634,0.0,0.0,0.0,80.0,-7.0,0.0,80.0,1.3962634,0.0,0.0,0.0,4.63832927,-1.70447331,3.01908914,13.64790753,-16.42183843,-5.2215922,71.06975242,155.00660732,4.38007441,34.1713431,5.44628285,-10.5892716,-9.47945506,71.41741803,119.27496781,6.68910547,-0.87975021
1760624935.503,0.35389249,-0.76862448,2.47910115,-0.06662037,0.96589637,-0.00919222,80.0,-7.0,0.0,80.0,1.3962634,0.0,0.0,0.0,80.0,-7.0,0.0,80.0,1.3962634,0.0,0.0,0.0,4.39834507,-1.69846572,2.93646443,14.1247896,-16.51011639,-5.10103076,72.19589984,154.69330455,5.49807649,35.0000001,5.50929216,-10.55535251,-9.56007962,71.55429308,119.28933169,6.66898288,-0.85935716
1760624935.536,0.37108996,-0.77790556,2.462052,-0.06623406,0.96602842,-0.01072406,80.0,-7.0,0.0,80.0,1.3962634,0.0,0.0,0.0,80.0,-7.0,0.0,80.0,1.3962634,0.0,0.0,0.0,4.35511177,-1.58010863,3.13571707,14.0860766,-16.85162822,-5.10167219,72.09819111,154.4151661,5.42964276,35.0000001,5.28509993,-10.53572219,-9.35451314,71.80004619,119.19835469,6.64224272,-0.86007932
1760624935.57,0.38773546,-0.7849265,2.46737511,-0.06449467,0.96623684,-0.01151358,80.0,-7.0,0.0,80.0,1.3962634,0.0,0.0,0.0,80.0,-7.0,0.0,80.0,1.3962634,0.0,0.0,0.0,4.40014029,-1.48429245,3.22058632,14.29767346,-17.07694291,-4.83425034,71.59689212,154.19811876,5.23664997,35.0000001,4.95673439,-10.49447237,-9.3030568,72.02144534,119.16046843,6.62190552,-0.85115068
1760624935.603,0.41044255,-0.78584332,2.47185599,-0.06514287,0.96682736,-0.01189049,80.0,-7.0,0.0,80.0,1.3962634,0.0,0.0,0.0,80.0,-7.0,0.0,80.0,1.3962634,0.0,0.0,0.0,4.29857998,-1.46590998,3.24882495,14.50566252,-17.15304644,-4.91897709,71.55429591,154.24484522,5.47235896,35.0000001,4.92615743,-10.5710915,-9.26731205,72.06222466,119.09240434,6.57014996,-0.85732694
1760624935.637,0.42107072,-0.78506289,2.46134321,-0.06427573,0.96681119,-0.01189077,80.0,-7.0,0.0,80.0,1.3962634,0.0,0.0,0.0,80.0,-7.0,0.0,80.0,1.3962634,0.0,0.0,0.0,4.30477935,-1.42338347,3.30983042,14.41833271,-17.26530517,-4.93031655,71.41907178,154.27248042,5.54417203,35.0000001,4.83426893,-10.64216744,-9.24988156,72.02191882,119.15736986,6.50984614,-0.82149504
1760624935.67,0.41345188,-0.78139072,2.45739468,-0.06337848,0.96679764,-0.01154543,80.0,-7.0,0.0,80.0,1.3962634,0.0,0.0,0.0,80.0,-7.0,0.0,80.0,1.3962634,0.0,0.0,0.0,4.30182151,-1.43150915,3.35718321,14.03992306,-17.49287458,-4.79886629,71.41621358,154.08623381,5.35466344,35.0000001,4.69155416,-10.70862509,-9.25187286,72.07663049,119.29972791,6.4774722,-0.80870507
1760624935.704,0.39980324,-0.77536348,2.4556111,-0.06050615,0.96668619,-0.01110055,80.0,-7.0,0.0,80.0,1.3962634,0.0,0.0,0.0,80.0,-7.0,0.0,80.0,1.3962634,0.0,0.0,0.0,4.31917456,-1.45924946,3.32269439,13.45144943,-17.66441745,-4.71274566,71.34463611,153.97157489,5.05368067,34.84306447,4.66499019,-10.76662001,-9.28615502,72.00063784,119.51008032,6.47421829,-0.74159966
1760624935.737,0.39112102,-0.7673391,2.45426958,-0.05481126,0.96578761,-0.01067159,80.0,-7.0,0.0,80.0,1.3962634,0.0,0.0,0.0,80.0,-7.0,0.0,80.0,1.3962634,0.0,0.0,0.0,4.45893596,-1.49524391,3.31055129,12.94135026,-17.82712794,-4.88133481,71.09287844,153.69115985,4.95255371,34.46373565,4.5840952,-10.85417742,-9.25563037,71.83595891,119.67560493,6.52994872,-0.64080785
1760624935.771,0.39186722,-0.76060065,2.44253435,-0.04998069,0.96511311,-0.00994511,80.0,-7.0,0.0,80.0,1.3962634,0.0,0.0,0.0,80.0,-7.0,0.0,80.0,1.3962634,0.0,0.0,0.0,4.62404832,-1.59348803,3.39094875,12.54825751,-17.8390598,-5.23338206,70.91893431,153.1889179,4.77805916,33.99751627,4.49376389,-10.94905905,-9.01508783,71.52049708,119.2092453,6.56828347,-0.61964301
1760624935.804,0.38558494,-0.75686811,2.4336863,-0.04663494,0.96488836,-0.01047005,80.0,-7.0,0.0,80.0,1.3962634,0.0,0.0,0.0,80.0,-7.0,0.0,80.0,1.3962634,0.0,0.0,0.0,4.73406985,-1.57646622,3.4008049,12.36110478,-17.76411823,-5.81995021,70.09080054,152.48273029,4.147381,32.78950168,4.57438194,-11.10679597,-8.23217967,70.45850173,116.44856774,6.71158667,-0.38788426
1760624935.837,0.37768261,-0.75026103,2.42124834,-0.0448687,0.96506498,-0.01061752,80.0,-7.0,0.0,80.0,1.3962634,0.0,0.0,0.0,80.0,-7.0,0.0,80.0,1.3962634,0.0,0.0,0.0,4.72949548,-1.60195474,3.39428693,12.28272421,-17.49015365,-6.67955489,69.6094715,149.431833,3.50167631,30.98479711,4.98803705,-11.28475987,-6.01776173,68.08714019,108.69218362,7.21861031,0.91482415
1760624935.871,0.36983318,-0.75035364,2.41667976,-0.04473653,0.96517135,-0.01027425,80.0,-7.0,0.0,80.0,1.3962634,0.0,0.0,0.0,80.0,-7.0,0.0,80.0,1.3962634,0.0,0.0,0.0,4.69577535,-1.68939147,3.2298453,12.66537094,-17.52971614,-6.25659717,68.5857282,144.42104946,2.27300132,29.44285075,5.29364968,-11.29138444,-4.67573397,66.66998076,103.76388373,7.67306308,1.79787204
1760624935.904,0.36894133,-0.74999694,2.41785828,-0.04558834,0.96585155,-0.00950448,80.0,-7.0,0.0,80.0,1.3962634,0.0,0.0,0.0,80.0,-7.0,0.0,80.0,1.3962634,0.0,0.0,0.0,4.65625875,-1.80687762,3.17496212,12.79664784,-17.49874487,-6.0677938,67.95222273,138.64811824,1.34729404,27.76494643,5.59904946,-11.20277989,-3.16914041,65.4769849,98.92015391,8.06292048,2.62549786
1760624935.938,0.36508627,-0.7547596,2.43043638,-0.04643742,0.96635695,-0.00963975,80.0,-7.0,0.0,80.0,1.3962634,0.0,0.0,0.0,80.0,-7.0,0.0,80.0,1.3962634,0.0,0.0,0.0,4.55985911,-1.87030966,3.03061735,13.54084988,-17.15404004,-6.3233045,65.744434,131.32594256,0.51047569,24.26145325,5.86408262,-10.80486807,-0.84521185,64.25776331,91.07518136,8.67066364,4.22752994
1760624935.971,0.36420789,-0.76757285,2.44016708,-0.0531152,0.9672713,-0.00921144,80.0,-7.0,0.0,80.0,1.3962634,0.0,0.0,0.0,80.0,-7.0,0.0,80.0,1.3962634,0.0,0.0,0.0,4.54328373,-1.91788379,3.10256461,14.30604341,-17.31069484,-5.70377744,64.44449728,124.68590395,0.12185732,22.20566094,5.54251595,-10.25369696,1.05751476,64.04431321,84.68676404,9.19765282,5.66757885
1760624936.005,0.36808425,-0.78327263,2.45666964,-0.05804816,0.96842309,-0.00993702,80.0,-7.0,0.0,80.0,1.3962634,0.0,0.0,0.0,80.0,-7.0,0.0,80.0,1.3962634,0.0,0.0,0.0,4.36676808,-2.04938227,3.08971217,15.04645329,-17.56428441,-5.16055009,63.02202348,114.05949618,0.53237655,18.70096781,4.93362759,-9.34295912,3.5304583,64.40058236,75.7115187,9.708525,7.54192719
1760624936.038,0.37133027,-0.79720336,2.46146835,-0.0605582,0.96935385,-0.01156764,80.0,-7.0,0.0,80.0,1.3962634,0.0,0.0,0.0,80.0,-7.0,0.0,80.0,1.3962634,0.0,0.0,0.0,4.35654894,-2.06612116,3.14416805,15.6332376,-17.78339232,-4.695166,61.52229429,104.98691729,1.34998791,15.4684781,4.26356751,-8.45439251,5.68765584,65.04642222,67.96280603,9.97193611,9.13755858
1760624936.072,0.36679888,-0.8162486,2.46610832,-0.06142113,0.96958589,-0.01335217,80.0,-7.0,0.0,80.0,1.3962634,0.0,0.0,0.0,80.0,-7.0,0.0,80.0,1.3962634,0.0,0.0,0.0,4.58715324,-2.12652756,3.22232491,15.57404973,-18.02432669,-4.67649097,61.68322112,95.32616491,2.86126923,13.30821086,3.42076272,-7.59436269,8.09076897,65.96779444,59.41033147,10.01652624,10.62505707
1760624936.105,0.35945891,-0.8375434,2.48010549,-0.06292654,0.96975408,-0.0169402,80.0,-7.0,0.0,80.0,1.3962634,0.0,0.0,0.0,80.0,-7.0,0.0,80.0,1.3962634,0.0,0.0,0.0,4.51854545,-2.1600788,3.23312549,16.70355601,-18.7272761,-3.50401833,61.3131086,80.42997217,4.76717183,10.34640495,2.33850298,-6.47654913,11.2853747,68.12684477,46.9173045,9.74161007,12.40499729
1760624936.138,0.34660479,-0.85080824,2.47379272,-0.06046696,0.96952324,-0.01886924,80.0,-7.0,0.0,80.0,1.3962634,0.0,0.0,0.0,80.0,-7.0,0.0,80.0,1.3962634,0.0,0.0,0.0,4.53658549,-2.12325558,3.25696662,17.26495556,-18.94595902,-3.22065043,62.58819116,70.13022616,5.417395,9.66689166,1.67216955,-5.7622049,13.4943222,70.08235515,37.31351121,9.32927185,13.56658938
1760624936.172,0.33818387,-0.86390659,2.47405085,-0.05861539,0.96998852,-0.02018266,80.0,-7.0,0.0,80.0,1.3962634,0.0,0.0,0.0,80.0,-7.0,0.0,80.0,1.3962634,0.0,0.0,0.0,4.42418011,-2.10006776,3.18985651,17.51435332,-19.43117038,-1.64217798,62.28128924,59.97318448,6.14155594,6.60798883,1.2041894,-5.3007292,15.15934387,72.31166805,28.47996076,8.88709844,14.43434047
1760624936.205,0.32360029,-0.87927832,2.48635981,-0.06687175,0.97039751,-0.02076223,80.0,-7.0,0.0,80.0,1.3962634,0.0,0.0,0.0,80.0,-7.0,0.0,80.0,1.3962634,0.0,0.0,0.0,3.72681569,-2.11400459,3.17516622,15.47629718,-19.85725415,-1.22782948,63.92327314,47.68722357,8.58331367,2.46701823,1.00692243,-5.03598596,17.08279912,76.09345625,16.51910317,8.18938564,15.47279713
1760624936.239,0.31203176,-0.88753515,2.49401718,-0.06813989,0.96811056,-0.02158711,80.0,-7.0,0.0,80.0,1.3962634,0.0,0.0,0.0,80.0,-7.0,0.0,80.0,1.3962634,0.0,0.0,0.0,3.30101508,-2.02207692,3.2233205,12.90018424,-20.23731507,-2.25188695,64.03246224,39.44428903,13.37656394,-0.37005428,0.80957036,-4.96985004,18.2866433,79.34726755,7.04233515,7.59617377,16.27731368
1760624936.272,0.30672574,-0.89996998,2.48349323,-0.06674185,0.96629311,-0.02317707,80.0,-7.0,0.0,80.0,1.3962634,0.0,0.0,0.0,80.0,-7.0,0.0,80.0,1.3962634,0.0,0.0,0.0,3.22712397,-2.02848707,3.33865204,8.90784261,-20.51730949,-4.42739455,66.26927221,31.13768027,17.69327384,-1.21548588,-0.07099001,-3.81908885,18.73444046,82.00068276,0.0,7.24337155,16.78342083
1760624936.306,0.27507856,-0.94056855,2.47557737,-0.06239783,0.96418249,-0.02821011,80.0,-7.0,0.0,80.0,1.3962634,0.0,0.0,0.0,80.0,-7.0,0.0,80.0,1.3962634,0.0,0.0,0.0,2.69238713,-2.29699312,3.20794746,6.01333428,-20.92127459,-6.50836214,69.61356833,18.37206385,21.33138883,-0.3614669,-3.43363234,2.1373679,17.64929696,84.24072507,0.0,7.23295765,16.68981386
1760624936.339,0.25893149,-0.95499989,2.46563423,-0.05980607,0.96246889,-0.0301816,80.0,-7.0,0.0,80.0,1.3962634,0.0,0.0,0.0,80.0,-7.0,0.0,80.0,1.3962634,0.0,0.0,0.0,2.23878511,-2.44336269,3.05954811,4.53546334,-21.22951313,-7.36861492,71.96881636,11.83168591,21.67731798,-0.53331971,-4.55339957,4.7698441,17.14341894,85.11775573,0.0,7.452297,16.36369831
1760624936.373,0.24603296,-0.96249749,2.45831418,-0.05480418,0.96011661,-0.03257746,80.0,-7.0,0.0,80.0,1.3962634,0.0,0.0,0.0,80.0,-7.0,0.0,80.0,1.3962634,0.0,0.0,0.0,1.91863821,-2.50749088,2.96264244,3.61429198,-21.89748331,-8.7726511,73.76128511,7.6881687,20.35754306,-0.37247245,-5.25594731,6.82331864,16.82416225,85.56095325,0.0,7.66812613,15.94618612
1760624936.44,0.24018884,-0.97199596,2.46918581,-0.0434137,0.95759621,-0.03508958,80.0,-7.0,0.0,80.0,1.3962634,0.0,0.0,0.0,80.0,-7.0,0.0,80.0,1.3962634,0.0,0.0,0.0,1.71382413,-2.68593764,2.93786588,3.66109917,-21.95742274,-15.81665562,74.24600329,0.0,15.84486778,4.58208466,-5.89303232,9.2370149,16.27039169,85.09892274,0.0,7.79189271,14.6490121
1760624936.473,0.23704684,-0.96850746,2.47406992,-0.03894571,0.95692881,-0.03397294,80.0,-7.0,0.0,80.0,1.3962634,0.0,0.0,0.0,80.0,-7.0,0.0,80.0,1.3962634,0.0,0.0,0.0,1.71357077,-2.79133371,2.83636951,4.70403338,-20.98842183,-17.97365876,73.56208356,0.0,13.17017924,5.84991496,-5.78700258,9.93404323,15.82856596,84.28849194,0.0,7.58683022,13.93127912
1760624936.506,0.21812348,-0.96997649,2.4779264,-0.03572951,0.95596452,-0.03347734,80.0,-7.0,0.0,80.0,1.3962634,0.0,0.0,0.0,80.0,-7.0,0.0,80.0,1.3962634,0.0,0.0,0.0,1.68795746,-2.93156561,2.55120313,5.42040904,-19.99357066,-20.35961607,72.58337209,0.0,10.29612626,7.41293599,-5.10765829,10.93340407,14.96381637,82.61890715,0.0,7.04657423,12.64925529
1760624936.54,0.22137076,-0.97086997,2.47839053,-0.03682809,0.95590398,-0.03258976,80.0,-7.0,0.0,80.0,1.3962634,0.0,0.0,0.0,80.0,-7.0,0.0,80.0,1.3962634,0.0,0.0,0.0,1.51579159,-3.03430216,2.32732846,6.0340095,-19.66066247,-21.11665942,71.86490301,0.0,8.4002021,7.94567109,-4.71127423,11.58731312,14.34770325,81.60512866,0.0,6.58381895,11.71908164
1760624936.573,0.21940091,-0.97178482,2.47929557,-0.03685564,0.95554433,-0.03223975,80.0,-7.0,0.0,80.0,1.3962634,0.0,0.0,0.0,80.0,-7.0,0.0,80.0,1.3962634,0.0,0.0,0.0,1.41390746,-3.12947297,2.21630925,5.51840995,-19.55918492,-22.3209835,71.48517659,0.0,7.45625785,9.01688714,-4.51472195,12.04366015,13.93583738,80.7781224,0.0,6.22824282,10.92422551
1760624936.607,0.21585493,-0.97260134,2.47537828,-0.03886312,0.95570073,-0.03167745,80.0,-7.0,0.0,80.0,1.3962634,0.0,0.0,0.0,80.0,-7.0,0.0,80.0,1.3962634,0.0,0.0,0.0,1.22294676,-3.14823897,2.06052502,4.63894821,-19.25867695,-23.26734701,71.08242935,0.0,7.20245831,10.12148886,-4.33541645,12.39138126,13.49961272,79.96813554,0.0,5.94327959,10.37035418
1760624936.64,0.21592505,-0.96893334,2.48345392,-0.03928887,0.95545607,-0.03136161,80.0,-7.0,0.0,80.0,1.3962634,0.0,0.0,0.0,80.0,-7.0,0.0,80.0,1.3962634,0.0,0.0,0.0,1.10501541,-3.21269137,2.01623074,4.02479838,-18.87743953,-22.46036772,71.09556734,0.0,7.32130179,9.40062027,-4.17210792,12.52177291,13.30298318,79.34169925,0.0,5.89787444,10.33014303
1760624936.674,0.21702915,-0.96321871,2.48827051,-0.03842796,0.95519036,-0.03104814,80.0,-7.0,0.0,80.0,1.3962634,0.0,0.0,0.0,80.0,-7.0,0.0,80.0,1.3962634,0.0,0.0,0.0,1.15779859,-3.26085314,2.04325606,3.05047769,-18.60832365,-22.44775016,69.86242271,0.0,9.09411707,9.72496126,-4.46414497,12.52883666,13.27839117,79.07323241,0.0,5.92328641,10.36885493
1760624936.707,0.21801457,-0.96125994,2.49758306,-0.03737032,0.95519316,-0.03096031,80.0,-7.0,0.0,80.0,1.3962634,0.0,0.0,0.0,80.0,-7.0,0.0,80.0,1.3962634,0.0,0.0,0.0,1.20092756,-3.23553421,2.04021301,2.83905399,-18.38497078,-22.31144602,68.71988941,0.0,10.22423624,10.09157084,-4.83375311,12.48015658,13.24777452,78.98931082,0.0,5.95709653,10.35558774
1760624936.741,0.23035719,-0.94836896,2.49860597,-0.03892292,0.95554821,-0.03072884,80.0,-7.0,0.0,80.0,1.3962634,0.0,0.0,0.0,80.0,-7.0,0.0,80.0,1.3962634,0.0,0.0,0.0,1.17657682,-3.22273472,2.06340197,2.30551282,-18.09703552,-21.8120978,67.81901532,0.0,11.56938854,9.85423802,-5.19203574,12.41193867,13.2643093,79.17759953,0.0,6.04878947,10.41979487
1760624936.774,0.24560855,-0.94360368,2.4901523,-0.0375348,0.95567961,-0.03115841,80.0,-7.0,0.0,80.0,1.3962634,0.0,0.0,0.0,80.0,-7.0,0.0,80.0,1.3962634,0.0,0.0,0.0,1.3272103,-3.20583334,2.16012205,1.74124874,-17.98469929,-21.77721086,67.8370431,0.0,11.8323703,9.81539711,-5.6264408,12.30330681,13.31065349,79.33615157,0.0,6.13683185,10.57552902
1760624936.807,0.25361279,-0.94009434,2.47491399,-0.03568871,0.95574068,-0.03094663,80.0,-7.0,0.0,80.0,1.3962634,0.0,0.0,0.0,80.0,-7.0,0.0,80.0,1.3962634,0.0,0.0,0.0,1.51093998,-3.1780064,2.28362342,1.14674615,-17.74338528,-21.80070368,67.72955209,0.0,12.38189888,9.81005678,-5.99056094,12.23423304,13.3393541,79.43858741,0.0,6.2115631,10.76250335
1760624936.841,0.26748654,-0.94213072,2.47026432,-0.0348202,0.95589856,-0.03070847,80.0,-7.0,0.0,80.0,1.3962634,0.0,0.0,0.0,80.0,-7.0,0.0,80.0,1.3962634,0.0,0.0,0.0,1.68274322,-3.15436113,2.42792436,0.74154889,-17.73717458,-21.70250612,67.5809418,0.0,12.7671828,9.61424305,-6.38404507,12.15002463,13.46023413,79.60830001,0.0,6.27135713,10.83596738
1760624936.874,0.28843621,-0.93960759,2.47892467,-0.03638784,0.95662621,-0.03031516,80.0,-7.0,0.0,80.0,1.3962634,0.0,0.0,0.0,80.0,-7.0,0.0,80.0,1.3962634,0.0,0.0,0.0,1.8811498,-3.17240097,2.58322713,0.67028427,-17.70589327,-21.17812009,67.055526,0.0,13.28818495,9.06799567,-6.86235473,11.96685212,13.61092516,79.84432385,0.0,6.28205311,10.91691505
1760624936.908,0.28317125,-0.94132499,2.48032776,-0.03722435,0.95692824,-0.03006323,80.0,-7.0,0.0,80.0,1.3962634,0.0,0.0,0.0,80.0,-7.0,0.0,80.0,1.3962634,0.0,0.0,0.0,2.00448586,-3.16523957,2.65172552,0.81847526,-17.57901288,-21.40040716,66.84029055,0.0,13.44671824,9.21843277,-7.03479074,11.94164791,13.65802266,79.79743201,0.0,6.30334659,11.03843014
1760624936.941,0.27965338,-0.94826672,2.48734392,-0.03767675,0.95750363,-0.03006485,80.0,-7.0,0.0,80.0,1.3962634,0.0,0.0,0.0,80.0,-7.0,0.0,80.0,1.3962634,0.0,0.0,0.0,2.1730086,-3.17066693,2.71176494,1.14008406,-17.61013249,-21.3500777,66.25781663,0.0,13.64218167,9.32520734,-7.30671989,11.77906887,13.77358325,79.77529279,0.0,6.26120532,10.99667795
1760624936.975,0.28318031,-0.95075108,2.49228037,-0.03748666,0.95757292,-0.03082083,80.0,-7.0,0.0,80.0,1.3962634,0.0,0.0,0.0,80.0,-7.0,0.0,80.0,1.3962634,0.0,0.0,0.0,2.2204732,-3.12598772,2.77271349,1.25716131,-17.58728909,-21.33725568,65.74777801,0.0,14.08900703,9.45018875,-7.5717175,11.67316012,14.01111734,79.7316793,0.0,6.14743969,10.80111342
1760624937.008,0.27226659,-0.95955614,2.49441736,-0.03980365,0.95770265,-0.03160366,80.0,-7.0,0.0,80.0,1.3962634,0.0,0.0,0.0,80.0,-7.0,0.0,80.0,1.3962634,0.0,0.0,0.0,2.17630281,-3.0336866,2.74449314,1.30508812,-17.65778486,-21.36773251,65.73245245,0.0,14.17868827,9.54679281,-7.84258338,11.60269693,14.13261722,79.87711646,0.0,6.07318523,10.79228058
1760624937.042,0.2587207,-0.96413969,2.49123675,-0.04136833,0.95783751,-0.03189781,80.0,-7.0,0.0,80.0,1.3962634,0.0,0.0,0.0,80.0,-7.0,0.0,80.0,1.3962634,0.0,0.0,0.0,2.11982823,-2.9774153,2.74863155,1.32062343,-17.72912163,-21.37293676,65.69232454,0.0,14.26382633,9.6337216,-8.1332541,11.59662925,14.23371906,80.09071796,0.0,5.94654895,10.83098706
1760624937.075,0.25271849,-0.97451304,2.48756636,-0.04201293,0.95798673,-0.03173567,80.0,-7.0,0.0,80.0,1.3962634,0.0,0.0,0.0,80.0,-7.0,0.0,80.0,1.3962634,0.0,0.0,0.0,2.09336458,-2.91939269,2.77258442,1.43013093,-17.63886724,-21.52390661,65.62838491,0.0,14.28383447,9.83644549,-8.51029599,11.58785061,14.28295003,80.38896243,0.0,5.87886806,10.93195008
1760624937.109,0.25111659,-0.98512268,2.48696546,-0.04229415,0.95837848,-0.03167435,80.0,-7.0,0.0,80.0,1.3962634,0.0,0.0,0.0,80.0,-7.0,0.0,80.0,1.3962634,0.0,0.0,0.0,2.0450959,-2.84094233,2.85651858,1.49162029,-17.66501196,-21.54314875,65.56185828,0.0,14.33816346,9.87998907,-8.73157702,11.59268336,14.35627781,80.59658214,0.0,5.86656916,11.00517354
1760624937.142,0.25137933,-0.99357439,2.4888703,-0.04235457,0.95901728,-0.03165012,80.0,-7.0,0.0,80.0,1.3962634,0.0,0.0,0.0,80.0,-7.0,0.0,80.0,1.3962634,0.0,0.0,0.0,2.13589403,-2.82640055,2.97633749,1.73322591,-17.72888681,-21.50308993,64.82162705,0.0,14.72782233,10.03405299,-9.00697098,11.49242557,14.40730969,80.68251317,0.0,5.89457696,11.12514775
1760624937.175,0.24694162,-1.00109764,2.52491942,-0.04256469,0.95907171,-0.03162602,80.0,-7.0,0.0,80.0,1.3962634,0.0,0.0,0.0,80.0,-7.0,0.0,80.0,1.3962634,0.0,0.0,0.0,2.15937212,-2.78164466,2.97661812,1.7247918,-17.64651367,-21.39310135,64.87820925,0.0,14.88981343,9.95303421,-9.04776441,11.46524947,14.2778023,80.5264293,0.0,5.94316553,11.21280599
1760624937.209,0.24922122,-0.99878116,2.54299756,-0.04279728,0.95896663,-0.03164926,80.0,-7.0,0.0,80.0,1.3962634,0.0,0.0,0.0,80.0,-7.0,0.0,80.0,1.3962634,0.0,0.0,0.0,2.10980057,-2.73706788,2.98696247,1.72521264,-17.63713372,-21.38980574,64.91130322,0.0,14.99155712,9.95291531,-9.07594114,11.52919514,14.18939185,80.47407359,0.0,5.91930367,11.10679333
1760624937.242,0.25969903,-1.00248817,2.55501092,-0.04244191,0.95857548,-0.03198866,80.0,-7.0,0.0,80.0,1.3962634,0.0,0.0,0.0,80.0,-7.0,0.0,80.0,1.3962634,0.0,0.0,0.0,2.11525079,-2.75919717,2.92553787,1.54210033,-17.61620892,-21.40057625,64.96994531,0.0,15.0942885,9.98669833,-8.94610004,11.66189769,14.00891263,80.23117277,0.0,5.89287742,11.0110493
1760624937.276,0.26284357,-0.99830041,2.57554815,-0.0404487,0.95811249,-0.03215565,80.0,-7.0,0.0,80.0,1.3962634,0.0,0.0,0.0,80.0,-7.0,0.0,80.0,1.3962634,0.0,0.0,0.0,2.14642083,-2.81254992,2.86330978,1.35190647,-17.61464839,-21.37544728,65.06964058,0.0,15.10271718,9.96868358,-8.74890792,11.78923711,13.91829452,79.94708514,0.0,5.86970358,11.02882583
1760624937.309,0.27571946,-1.00078632,2.58153845,-0.03933239,0.95791657,-0.03173246,80.0,-7.0,0.0,80.0,1.3962634,0.0,0.0,0.0,80.0,-7.0,0.0,80.0,1.3962634,0.0,0.0,0.0,2.18864399,-2.83140248,2.81495979,0.80011067,-17.41434946,-21.15208009,66.21135608,0.0,14.45770032,9.44655615,-8.61287699,11.85645073,13.91396661,79.75366728,0.0,5.85535169,11.0333559
1760624937.343,0.27709816,-1.00059679,2.57839145,-0.03817603,0.95797294,-0.03141133,80.0,-7.0,0.0,80.0,1.3962634,0.0,0.0,0.0,80.0,-7.0,0.0,80.0,1.3962634,0.0,0.0,0.0,2.18020537,-2.87806387,2.79317177,0.5570261,-17.34662314,-21.06418883,66.73497641,0.0,14.16626312,9.20874711,-8.41830076,11.91471545,13.94029805,79.55790936,0.0,5.84091317,11.08144398
1760624937.376,0.27288035,-0.99998509,2.57354506,-0.03614844,0.95817162,-0.03184676,80.0,-7.0,0.0,80.0,1.3962634,0.0,0.0,0.0,80.0,-7.0,0.0,80.0,1.3962634,0.0,0.0,0.0,2.25310832,-2.90153252,2.76971802,0.26723497,-17.29076933,-21.07966019,66.82439519,0.0,14.25582828,9.20524895,-8.31992803,11.94535763,13.96008822,79.40591946,0.0,5.80921307,11.12625222
1760624937.409,0.2744946,-0.99365268,2.56127491,-0.03701231,0.95869462,-0.03196538,80.0,-7.0,0.0,80.0,1.3962634,0.0,0.0,0.0,80.0,-7.0,0.0,80.0,1.3962634,0.0,0.0,0.0,2.28865685,-2.88106701,2.80572604,0.29461971,-17.31513779,-21.07254107,66.80647756,0.0,14.19608991,9.18443497,-8.34265904,11.85645337,14.01981797,79.43760255,0.0,5.8002189,11.1141288
1760624937.443,0.27935617,-0.99340808,2.55195406,-0.03728718,0.95873946,-0.03165877,80.0,-7.0,0.0,80.0,1.3962634,0.0,0.0,0.0,80.0,-7.0,0.0,80.0,1.3962634,0.0,0.0,0.0,2.36199577,-2.86974102,2.90806408,0.35138035,-17.41227944,-21.04021239,66.72828065,0.0,14.09346779,9.10432907,-8.41100481,11.75511673,14.09464716,79.49470001,0.0,5.77368317,11.06772332
1760624937.476,0.28862681,-0.98897631,2.54797817,-0.03759643,0.95869757,-0.03154601,80.0,-7.0,0.0,80.0,1.3962634,0.0,0.0,0.0,80.0,-7.0,0.0,80.0,1.3962634,0.0,0.0,0.0,2.38334294,-2.85743837,2.90873311,0.36429379,-17.57461412,-20.77560761,66.53336326,0.0,14.12661698,8.86541626,-8.28328192,11.76991645,13.96316211,79.47662198,0.0,5.74091951,11.05973087
1760624937.51,0.29240479,-0.97421581,2.55473314,-0.03855065,0.95914075,-0.03182528,80.0,-7.0,0.0,80.0,1.3962634,0.0,0.0,0.0,80.0,-7.0,0.0,80.0,1.3962634,0.0,0.0,0.0,2.48061294,-2.84451652,2.93188914,0.30504316,-17.51824385,-20.88803004,66.39989728,0.0,14.10259378,8.89122306,-8.3539169,11.72209836,13.89925174,79.58660617,0.0,5.72987054,11.06159879
1760624937.544,0.28559076,-0.9682818,2.54934529,-0.03924811,0.95889701,-0.03173689,80.0,-7.0,0.0,80.0,1.3962634,0.0,0.0,0.0,80.0,-7.0,0.0,80.0,1.3962634,0.0,0.0,0.0,2.5061316,-2.82856023,3.00845636,0.40792314,-17.46818901,-21.00111039,66.26988198,0.0,13.98875391,8.88928936,-8.30322597,11.71775301,13.88961443,79.64952522,0.0,5.71870849,11.0458499
1760624937.577,0.28704442,-0.95525589,2.54393199,-0.03858065,0.95861928,-0.03207557,80.0,-7.0,0.0,80.0,1.3962634,0.0,0.0,0.0,80.0,-7.0,0.0,80.0,1.3962634,0.0,0.0,0.0,2.58493603,-2.82991475,3.02694267,0.56211604,-17.47463228,-21.1367678,66.02436895,0.0,13.87881303,9.06726427,-8.2566245,11.7173567,13.78761343,79.70391482,0.0,5.65702394,10.93269241
1760624937.61,0.29081232,-0.94913209,2.53605216,-0.03685023,0.95848626,-0.03192836,80.0,-7.0,0.0,80.0,1.3962634,0.0,0.0,0.0,80.0,-7.0,0.0,80.0,1.3962634,0.0,0.0,0.0,2.66504747,-2.84107098,3.05613219,0.535656,-17.43249341,-21.23171985,65.93158657,0.0,13.88362381,9.18187339,-8.23459399,11.76112018,13.71642714,79.66951765,0.0,5.63860889,10.88381369
1760624937.644,0.29051394,-0.94512571,2.52823185,-0.03590173,0.95828989,-0.03181178,80.0,-7.0,0.0,80.0,1.3962634,0.0,0.0,0.0,80.0,-7.0,0.0,80.0,1.3962634,0.0,0.0,0.0,2.67032152,-2.86793878,3.0549814,0.27458629,-17.33061994,-21.60865138,66.01549433,0.0,13.97014795,9.54767336,-8.07787548,11.79604461,13.61671295,79.54377844,0.0,5.60504848,10.85188121
1760624937.677,0.28953005,-0.94467549,2.5194495,-0.03592346,0.95813742,-0.03177835,80.0,-7.0,0.0,80.0,1.3962634,0.0,0.0,0.0,80.0,-7.0,0.0,80.0,1.3962634,0.0,0.0,0.0,2.57709526,-2.8779278,3.0350216,-0.15398013,-17.22758873,-22.09141041,66.48998421,0.0,13.89456124,9.9240395,-7.8810658,11.8664845,13.50130911,79.43370764,0.0,5.56820459,10.80600807
1760624937.711,0.27710503,-0.94693811,2.5186151,-0.03327478,0.95769108,-0.03120268,80.0,-7.0,0.0,80.0,1.3962634,0.0,0.0,0.0,80.0,-7.0,0.0,80.0,1.3962634,0.0,0.0,0.0,2.50816959,-2.92588499,2.9926044,-0.8734579,-17.03423251,-22.31642653,67.36489355,0.0,13.76368439,9.95685541,-7.63636716,11.93815257,13.37528526,79.25159635,0.0,5.55177807,10.80459458
1760624937.744,0.27971267,-0.95059442,2.52370344,-0.03157521,0.95721234,-0.0311427,80.0,-7.0,0.0,80.0,1.3962634,0.0,0.0,0.0,80.0,-7.0,0.0,80.0,1.3962634,0.0,0.0,0.0,2.45887968,-2.93531747,2.94671731,-1.2602744,-16.98177692,-22.42699173,67.90239309,0.0,13.54569721,10.01753538,-7.4329671,12.06489716,13.25485925,79.05394935,0.0,5.54328636,10.83357959
1760624937.778,0.27142548,-0.95610409,2.53029217,-0.0324867,0.95712704,-0.03152634,80.0,-7.0,0.0,80.0,1.3962634,0.0,0.0,0.0,80.0,-7.0,0.0,80.0,1.3962634,0.0,0.0,0.0,2.44153743,-2.93877974,2.91716152,-1.47302086,-16.92706367,-22.55622327,68.13843272,0.0,13.37741538,10.15773972,-7.43827263,12.15596923,13.17807891,79.03176191,0.0,5.51818394,10.85685675
1760624937.811,0.28477013,-0.96377781,2.54144791,-0.03325189,0.95714535,-0.03196601,80.0,-7.0,0.0,80.0,1.3962634,0.0,0.0,0.0,80.0,-7.0,0.0,80.0,1.3962634,0.0,0.0,0.0,2.39962525,-2.9320541,2.91677367,-1.52009101,-16.84524801,-22.55031635,68.11009754,0.0,13.34859028,10.16024955,-7.46630195,12.21929409,13.16547496,79.04637856,0.0,5.48501419,10.83417318
1760624937.844,0.28472869,-0.97008135,2.55842615,-0.03341352,0.95685845,-0.03209881,80.0,-7.0,0.0,80.0,1.3962634,0.0,0.0,0.0,80.0,-7.0,0.0,80.0,1.3962634,0.0,0.0,0.0,2.36268699,-2.92279452,2.85967235,-1.51708277,-16.67062808,-22.63763147,68.13520232,0.0,13.34222154,10.23434192,-7.51493106,12.36778428,13.12089575,79.13091349,0.0,5.4350054,10.7763347
1760624937.878,0.28788295,-0.97827855,2.5713288,-0.03339517,0.95678817,-0.03205425,80.0,-7.0,0.0,80.0,1.3962634,0.0,0.0,0.0,80.0,-7.0,0.0,80.0,1.3962634,0.0,0.0,0.0,2.29837088,-2.94047861,2.82996625,-1.94105083,-16.4310477,-22.92757132,68.15738862,0.0,13.84778114,10.49748834,-7.43716848,12.43069008,13.13908246,79.16092454,0.0,5.44053934,10.80270988
1760624937.911,0.28447546,-0.98110869,2.57309788,-0.03323062,0.95684931,-0.03185718,80.0,-7.0,0.0,80.0,1.3962634,0.0,0.0,0.0,80.0,-7.0,0.0,80.0,1.3962634,0.0,0.0,0.0,2.27687821,-2.9486347,2.80966323,-1.98368077,-16.33342704,-23.02281861,68.11412353,0.0,14.08596084,10.63685156,-7.32670238,12.39123681,13.15527309,79.10912615,0.0,5.42503755,10.86632553
1760624937.945,0.27890532,-0.98103939,2.5737219,-0.03438902,0.95733589,-0.03163624,80.0,-7.0,0.0,80.0,1.3962634,0.0,0.0,0.0,80.0,-7.0,0.0,80.0,1.3962634,0.0,0.0,0.0,2.21432295,-2.95495603,2.82059894,-1.64509477,-16.30114326,-23.08063547,67.71438312,0.0,14.34866978,10.81522579,-7.27460743,12.3349007,13.20146787,79.10979681,0.0,5.37637965,10.87678512
1760624937.978,0.28436629,-0.98843137,2.58020214,-0.03496431,0.95765038,-0.03225092,80.0,-7.0,0.0,80.0,1.3962634,0.0,0.0,0.0,80.0,-7.0,0.0,80.0,1.3962634,0.0,0.0,0.0,2.20570759,-2.88482353,2.78422207,-1.35571744,-16.38479968,-23.05099792,67.51931444,0.0,14.2995546,10.88146422,-7.3403951,12.36582815,13.17822843,79.13124477,0.0,5.34701532,10.81895959
1760624938.012,0.28910605,-0.99308557,2.57987381,-0.03439491,0.9577461,-0.03259444,80.0,-7.0,0.0,80.0,1.3962634,0.0,0.0,0.0,80.0,-7.0,0.0,80.0,1.3962634,0.0,0.0,0.0,2.24577185,-2.86987979,2.8557139,-1.18992475,-16.38195186,-23.08382996,67.40591599,0.0,14.19697394,10.82508847,-7.41201831,12.3731543,13.21801136,79.08473781,0.0,5.33424449,10.79506222
1760624938.045,0.29122046,-0.98952997,2.5767926,-0.03411947,0.95780589,-0.03311854,80.0,-7.0,0.0,80.0,1.3962634,0.0,0.0,0.0,80.0,-7.0,0.0,80.0,1.3962634,0.0,0.0,0.0,2.21581465,-2.86590267,2.78320541,-0.65643097,-16.52055179,-22.96504424,66.92422062,0.0,14.19652153,10.92859269,-7.33630806,12.42700313,13.09355839,78.99978719,0.0,5.29724902,10.77135816
1760624938.078,0.28929992,-0.99515161,2.57037436,-0.03423725,0.95787024,-0.0334853,80.0,-7.0,0.0,80.0,1.3962634,0.0,0.0,0.0,80.0,-7.0,0.0,80.0,1.3962634,0.0,0.0,0.0,2.20677461,-2.8335449,2.83006011,-0.56269608,-16.5908109,-22.95656818,66.87107822,0.0,14.12871249,10.95389889,-7.39554832,12.43528413,13.12744513,79.04795826,0.0,5.29697987,10.78849702
1760624938.112,0.28962276,-0.99376177,2.57556332,-0.03424767,0.95783601,-0.03336201,80.0,-7.0,0.0,80.0,1.3962634,0.0,0.0,0.0,80.0,-7.0,0.0,80.0,1.3962634,0.0,0.0,0.0,2.20171426,-2.8521619,2.78291012,-0.43581712,-16.56448273,-22.99363516,66.82600632,0.0,14.04240534,11.0550226,-7.34485073,12.44129588,13.05847493,79.01308815,0.0,5.2947765,10.80291816
1760624938.145,0.2942528,-0.99576687,2.57776167,-0.03405258,0.95778806,-0.03321818,80.0,-7.0,0.0,80.0,1.3962634,0.0,0.0,0.0,80.0,-7.0,0.0,80.0,1.3962634,0.0,0.0,0.0,2.17780069,-2.86565139,2.82852258,-0.32988845,-16.60412996,-22.97985568,66.81983184,0.0,13.98633085,11.01594354,-7.24649724,12.41075682,13.05504662,78.94812142,0.0,5.27471863,10.80964247
1760624938.179,0.28037237,-0.99421285,2.58402805,-0.03386916,0.9578534,-0.03233365,80.0,-7.0,0.0,80.0,1.3962634,0.0,0.0,0.0,80.0,-7.0,0.0,80.0,1.3962634,0.0,0.0,0.0,2.20249175,-2.92413981,2.81828144,-0.35041191,-16.60549801,-22.89273773,66.82648492,0.0,13.95178386,11.01092078,-7.15895921,12.3730227,12.99629018,78.85399919,0.0,5.2380712,10.7519243
1760624938.212,0.28043789,-1.00732539,2.57194722,-0.03320419,0.95789777,-0.03194308,80.0,-7.0,0.0,80.0,1.3962634,0.0,0.0,0.0,80.0,-7.0,0.0,80.0,1.3962634,0.0,0.0,0.0,2.1969527,-2.91494022,2.83421432,-0.36892847,-16.58565759,-22.86372716,66.82780592,0.0,13.92485905,11.02157164,-7.10698828,12.31992038,12.9650011,78.81476458,0.0,5.21175203,10.73826581
1760624938.246,0.27416496,-0.98669016,2.5846193,-0.03394264,0.9579962,-0.03157082,80.0,-7.0,0.0,80.0,1.3962634,0.0,0.0,0.0,80.0,-7.0,0.0,80.0,1.3962634,0.0,0.0,0.0,2.14114505,-2.97764269,2.77826479,-0.73810736,-16.4607979,-22.82354054,67.35978252,0.0,13.86189981,10.89998708,-6.89773268,12.32226046,12.86128812,78.66151068,0.0,5.23702799,10.81920234
1760624938.279,0.27309619,-0.98181957,2.58675369,-0.03389888,0.95808043,-0.03126887,80.0,-7.0,0.0,80.0,1.3962634,0.0,0.0,0.0,80.0,-7.0,0.0,80.0,1.3962634,0.0,0.0,0.0,2.13248365,-3.01778521,2.73714853,-0.81306166,-16.36123496,-22.82182568,67.42717292,0.0,13.9302606,10.93685486,-6.78267121,12.33405328,12.7478515,78.55067656,0.0,5.23061089,10.86660586
1760624938.313,0.2659218,-0.97932864,2.58749561,-0.03325898,0.95804125,-0.0312614,80.0,-7.0,0.0,80.0,1.3962634,0.0,0.0,0.0,80.0,-7.0,0.0,80.0,1.3962634,0.0,0.0,0.0,2.11329298,-3.04185096,2.71982996,-0.81348443,-16.33321653,-22.80270929,67.52442261,0.0,13.89132852,10.94698746,-6.66826748,12.38340796,12.67192322,78.40471052,0.0,5.23857271,10.89419861
1760624938.346,0.26696635,-0.97969235,2.58149035,-0.03299046,0.95784624,-0.03141317,80.0,-7.0,0.0,80.0,1.3962634,0.0,0.0,0.0,80.0,-7.0,0.0,80.0,1.3962634,0.0,0.0,0.0,2.037658,-3.03668978,2.69716713,-0.74038084,-16.33480482,-22.70800637,67.80669438,0.0,13.66669784,10.83968729,-6.55184006,12.44586192,12.61916007,78.29434191,0.0,5.23551015,10.95713836
1760624938.38,0.26350976,-0.96454447,2.56574648,-0.03249708,0.95781774,-0.0313646,80.0,-7.0,0.0,80.0,1.3962634,0.0,0.0,0.0,80.0,-7.0,0.0,80.0,1.3962634,0.0,0.0,0.0,2.04733974,-3.05686264,2.69716027,-0.75446509,-16.34094101,-22.71085695,67.83475594,0.0,13.69824868,10.86075518,-6.54577827,12.46790616,12.60093827,78.28131677,0.0,5.22252631,10.99623854
1760624938.413,0.26171605,-0.97615681,2.57761062,-0.0320029,0.95778336,-0.03160437,80.0,-7.0,0.0,80.0,1.3962634,0.0,0.0,0.0,80.0,-7.0,0.0,80.0,1.3962634,0.0,0.0,0.0,2.0332343,-3.04571559,2.67631591,-0.81209869,-16.35649481,-22.73535358,67.88067004,0.0,13.76146005,10.91665098,-6.49310845,12.5088803,12.5974996,78.2725204,0.0,5.19845021,10.98125875
1760624938.447,0.25670107,-0.97228036,2.57491118,-0.03292517,0.95759681,-0.03167795,80.0,-7.0,0.0,80.0,1.3962634,0.0,0.0,0.0,80.0,-7.0,0.0,80.0,1.3962634,0.0,0.0,0.0,2.0183958,-3.06792682,2.67034188,-0.84203389,-16.37157904,-22.71844504,67.88795326,0.0,13.76404924,10.93820211,-6.46814564,12.51692621,12.62880512,78.31539165,0.0,5.17375018,10.96938441
1760624938.48,0.26561482,-0.97909208,2.58117202,-0.03453923,0.95760027,-0.0315596,80.0,-7.0,0.0,80.0,1.3962634,0.0,0.0,0.0,80.0,-7.0,0.0,80.0,1.3962634,0.0,0.0,0.0,1.95160999,-3.05130834,2.72505145,-0.96799292,-16.39687983,-22.74239653,67.98259565,0.0,13.79058732,10.89534644,-6.56311543,12.4567542,12.77124733,78.47979955,0.0,5.18714137,11.0130294
1760624938.513,0.26985727,-0.98314432,2.5884334,-0.03682981,0.9576434,-0.03195846,80.0,-7.0,0.0,80.0,1.3962634,0.0,0.0,0.0,80.0,-7.0,0.0,80.0,1.3962634,0.0,0.0,0.0,1.90692228,-2.99225152,2.75948817,-0.97020685,-16.47303965,-22.74269543,67.96998601,0.0,13.73125276,10.8640201,-6.66003359,12.39774966,12.87585681,78.63239809,0.0,5.18954725,11.03986947
1760624938.547,0.27234998,-0.98142963,2.59651545,-0.03775711,0.95747662,-0.03191551,80.0,-7.0,0.0,80.0,1.3962634,0.0,0.0,0.0,80.0,-7.0,0.0,80.0,1.3962634,0.0,0.0,0.0,1.94887238,-2.97214597,2.80779048,-1.04032,-16.50041775,-22.72779922,67.9539296,0.0,13.64189631,10.78379758,-6.7986441,12.2419239,12.93844636,78.71048434,0.0,5.17899893,11.01805074
1760624938.58,0.26625563,-0.98921396,2.60212284,-0.03796113,0.95745403,-0.03173086,80.0,-7.0,0.0,80.0,1.3962634,0.0,0.0,0.0,80.0,-7.0,0.0,80.0,1.3962634,0.0,0.0,0.0,1.99468798,-2.94405362,2.876638,-1.21337092,-16.59651702,-22.49981881,68.04542585,0.0,13.63382678,10.47978715,-6.98128244,12.06195005,12.99425331,78.81098886,0.0,5.15697528,11.00761403
1760624938.614,0.26958736,-0.98796951,2.5979892,-0.038412,0.95756377,-0.03172232,80.0,-7.0,0.0,80.0,1.3962634,0.0,0.0,0.0,80.0,-7.0,0.0,80.0,1.3962634,0.0,0.0,0.0,2.01111614,-2.90143957,2.99267843,-1.09360117,-16.66241935,-22.49572433,67.96496812,0.0,13.4998868,10.38458295,-7.17407118,11.95658788,13.09341937,78.92508343,0.0,5.15128193,10.9787875
1760624938.647,0.27197994,-0.99040656,2.59464093,-0.03888004,0.95780059,-0.0317664,80.0,-7.0,0.0,80.0,1.3962634,0.0,0.0,0.0,80.0,-7.0,0.0,80.0,1.3962634,0.0,0.0,0.0,2.04472181,-2.86622878,3.04605498,-0.86896027,-16.69680518,-22.4680952,67.78283233,0.0,13.36681289,10.32877469,-7.52602272,11.93274185,13.16416341,79.28162155,0.0,5.08877093,10.91656871
1760624938.681,0.27826963,-0.9946141,2.59098363,-0.03948759,0.95807805,-0.03213488,80.0,-7.0,0.0,80.0,1.3962634,0.0,0.0,0.0,80.0,-7.0,0.0,80.0,1.3962634,0.0,0.0,0.0,1.92912334,-2.83436429,3.06062989,-0.42474975,-16.77571272,-22.49202487,67.25907258,0.0,13.64176911,10.41244824,-7.7043907,11.89506841,13.28724342,79.7153967,0.0,5.08192119,10.98787175
1760624938.714,0.27980858,-0.9976989,2.60082149,-0.04046323,0.958303,-0.03255949,80.0,-7.0,0.0,80.0,1.3962634,0.0,0.0,0.0,80.0,-7.0,0.0,80.0,1.3962634,0.0,0.0,0.0,1.89162834,-2.79650546,3.05590845,-0.08143199,-16.77505141,-22.62641966,66.90615948,0.0,13.73748641,10.49023716,-7.8947592,11.83865977,13.45963411,80.12422125,0.0,5.10453287,11.12877519
1760624938.748,0.27039433,-1.00463364,2.60325525,-0.04039565,0.95824053,-0.03230006,80.0,-7.0,0.0,80.0,1.3962634,0.0,0.0,0.0,80.0,-7.0,0.0,80.0,1.3962634,0.0,0.0,0.0,1.89774913,-2.78924104,3.11698273,0.1110852,-16.74121553,-22.68103085,66.81427344,0.0,13.67175653,10.37686713,-8.02864662,11.70702165,13.73032892,80.45287123,0.0,5.11523695,11.28042088
1760624938.781,0.27149332,-1.01105062,2.60948166,-0.04111096,0.95847667,-0.03261315,80.0,-7.0,0.0,80.0,1.3962634,0.0,0.0,0.0,80.0,-7.0,0.0,80.0,1.3962634,0.0,0.0,0.0,1.86047,-2.74524401,3.15051031,0.22340586,-16.82476841,-22.67476872,66.79888607,0.0,13.71949977,10.31799514,-8.11583351,11.64368794,13.89496105,80.67309597,0.0,5.1056377,11.37575458
1760624938.815,0.27997444,-1.01889723,2.62312774,-0.0412705,0.95857108,-0.03293015,80.0,-7.0,0.0,80.0,1.3962634,0.0,0.0,0.0,80.0,-7.0,0.0,80.0,1.3962634,0.0,0.0,0.0,1.88296178,-2.72238665,3.19422205,0.14153176,-16.85622053,-22.55721977,66.84493101,0.0,13.91456261,10.15915039,-8.24877572,11.57153365,14.03018713,80.89604695,0.0,5.08713523,11.39685475
1760624938.848,0.28714112,-1.02031471,2.62914343,-0.04114963,0.95855961,-0.03271309,80.0,-7.0,0.0,80.0,1.3962634,0.0,0.0,0.0,80.0,-7.0,0.0,80.0,1.3962634,0.0,0.0,0.0,1.99550956,-2.75178573,3.16304288,-0.29802486,-16.83118882,-22.44414581,67.04883076,0.0,14.1608089,10.08144536,-8.25614716,11.55100375,13.96708255,80.82999051,0.0,5.08938429,11.38979856
1760624938.881,0.28429063,-1.02032038,2.64200177,-0.04121369,0.95835214,-0.03236464,80.0,-7.0,0.0,80.0,1.3962634,0.0,0.0,0.0,80.0,-7.0,0.0,80.0,1.3962634,0.0,0.0,0.0,1.96452395,-2.75594872,3.12010546,-0.98206099,-16.72002935,-22.554708,67.88636665,0.0,14.10390213,10.01997004,-8.15727615,11.57545532,13.90982188,80.75650182,0.0,5.05168404,11.35076067
1760624938.915,0.2783974,-1.02022368,2.64730012,-0.04174837,0.95813377,-0.03236334,80.0,-7.0,0.0,80.0,1.3962634,0.0,0.0,0.0,80.0,-7.0,0.0,80.0,1.3962634,0.0,0.0,0.0,1.84791929,-2.76341284,3.06848916,-1.35698191,-16.59303736,-22.68229661,68.52507836,0.0,13.95456429,9.97358209,-7.89540548,11.58677949,13.8136605,80.52590607,0.0,5.04022289,11.33867883
1760624938.948,0.26933263,-1.01725361,2.65274994,-0.04113859,0.95823767,-0.03270496,80.0,-7.0,0.0,80.0,1.3962634,0.0,0.0,0.0,80.0,-7.0,0.0,80.0,1.3962634,0.0,0.0,0.0,1.86298679,-2.78514658,2.99293635,-1.46303398,-16.52267407,-22.71588267,68.60148846,0.0,13.97714889,9.97158017,-7.70277251,11.60313016,13.6698153,80.21098404,0.0,5.02722125,11.38047337
1760624938.982,0.27442889,-1.01168709,2.64927943,-0.04078371,0.95833683,-0.03288407,80.0,-7.0,0.0,80.0,1.3962634,0.0,0.0,0.0,80.0,-7.0,0.0,80.0,1.3962634,0.0,0.0,0.0,1.74383549,-2.78767037,2.97842726,-1.26732228,-16.53283582,-22.68457718,68.78015186,0.0,13.69422238,9.82152388,-7.38267058,11.65701997,13.59593638,79.85615043,0.0,4.93134585,11.3268737
1760624939.015,0.27574752,-1.00741992,2.63503158,-0.0396576,0.95823574,-0.03256101,80.0,-7.0,0.0,80.0,1.3962634,0.0,0.0,0.0,80.0,-7.0,0.0,80.0,1.3962634,0.0,0.0,0.0,1.71587539,-2.76851878,2.92119333,-1.68907724,-16.61282234,-22.5194071,69.41430017,0.0,13.1805898,9.20387265,-7.03599977,11.40574196,13.48567702,79.52246204,0.0,4.84314127,11.19703981
1760624939.049,0.27329927,-1.0009984,2.62230734,-0.03761542,0.95800905,-0.03224201,80.0,-7.0,0.0,80.0,1.3962634,0.0,0.0,0.0,80.0,-7.0,0.0,80.0,1.3962634,0.0,0.0,0.0,1.71503608,-2.78991189,2.93698784,-2.28591985,-16.8743784,-22.14982456,69.87280353,0.0,12.99671887,8.41220624,-6.62620708,11.02746961,13.40227148,79.20562121,0.0,4.7976929,11.20223902
1760624939.082,0.26855328,-1.00301996,2.62058747,-0.0367429,0.95763134,-0.03186986,80.0,-7.0,0.0,80.0,1.3962634,0.0,0.0,0.0,80.0,-7.0,0.0,80.0,1.3962634,0.0,0.0,0.0,1.74674745,-2.77189467,2.95538959,-2.74226087,-17.39255415,-21.35711335,70.1525057,0.0,12.87410776,7.41858035,-6.04872331,10.44526561,13.27962653,78.76707101,0.0,4.71044323,11.18161421
1760624939.116,0.25811736,-1.00476539,2.61907103,-0.03564871,0.95686343,-0.03153999,80.0,-7.0,0.0,80.0,1.3962634,0.0,0.0,0.0,80.0,-7.0,0.0,80.0,1.3962634,0.0,0.0,0.0,1.79092953,-2.67912469,3.11064001,-3.29332483,-19.01866092,-19.14910323,70.25889532,0.0,12.79618977,5.09837619,-4.95443496,8.72791185,13.27246367,78.1729579,0.0,4.77531057,11.2551918
1760624939.182,0.27011484,-1.00384791,2.6334314,-0.03567123,0.95613696,-0.02965675,80.0,-7.0,0.0,80.0,1.3962634,0.0,0.0,0.0,80.0,-7.0,0.0,80.0,1.3962634,0.0,0.0,0.0,1.76763806,-2.50284348,3.21471404,-3.31812987,-21.43530153,-15.44679852,70.02460329,5.4462685,11.86880849,0.22573446,-2.03337818,4.51787066,13.53804569,76.80192078,0.0,5.30150527,11.78759893
1760624939.216,0.2787789,-0.9795727,2.65721873,-0.03481237,0.95705495,-0.02533869,80.0,-7.0,0.0,80.0,1.3962634,0.0,0.0,0.0,80.0,-7.0,0.0,80.0,1.3962634,0.0,0.0,0.0,1.87255213,-2.35391738,3.30144196,-2.68144529,-20.62743362,-16.03936106,69.69924195,11.39546305,10.59678137,-0.53551575,0.35344953,0.55701052,14.20779312,75.75835141,0.0,5.74759135,11.92259014
1760624939.249,0.27764691,-0.95955446,2.67065094,-0.03384264,0.95766257,-0.02186707,80.0,-7.0,0.0,80.0,1.3962634,0.0,0.0,0.0,80.0,-7.0,0.0,80.0,1.3962634,0.0,0.0,0.0,1.9763495,-2.20527583,3.4269184,-2.38636371,-20.01610833,-17.11857948,69.44809603,17.32721578,9.83404322,-0.73626771,2.48661625,-3.00925456,15.10820846,74.77435996,0.0,6.16127957,11.875812
1760624939.283,0.27544022,-0.95177637,2.67648148,-0.03266943,0.95807654,-0.02053029,80.0,-7.0,0.0,80.0,1.3962634,0.0,0.0,0.0,80.0,-7.0,0.0,80.0,1.3962634,0.0,0.0,0.0,2.06828919,-2.11449362,3.49080567,-2.04223789,-19.92503511,-18.12727687,69.62965749,25.2117728,7.94411872,-0.91699408,3.50172191,-4.24730083,15.07939971,73.4725731,3.22953144,6.66561101,11.7081604
1760624939.316,0.27698761,-0.95334798,2.68842676,-0.03502639,0.95835711,-0.02045969,80.0,-7.0,0.0,80.0,1.3962634,0.0,0.0,0.0,80.0,-7.0,0.0,80.0,1.3962634,0.0,0.0,0.0,1.95140069,-2.03365411,3.4551546,-1.92117001,-20.04572765,-19.24183245,70.96899982,35.87848117,4.77433371,-0.81625762,3.97449558,-4.31597857,14.04924295,71.901851,9.94743531,7.33173747,11.32641839
1760624939.35,0.27749803,-0.94975851,2.69611129,-0.03660187,0.95857048,-0.02021798,80.0,-7.0,0.0,80.0,1.3962634,0.0,0.0,0.0,80.0,-7.0,0.0,80.0,1.3962634,0.0,0.0,0.0,1.89585,-2.00003893,3.43303832,-1.86208655,-19.97139192,-20.25132105,71.31720153,43.05584188,3.39523216,-0.5376094,4.35831178,-4.41214308,13.09401888,70.57645204,15.55887351,7.81377969,10.79198157
1760624939.383,0.28498827,-0.9496841,2.69934001,-0.04333127,0.95878789,-0.02021974,80.0,-7.0,0.0,80.0,1.3962634,0.0,0.0,0.0,80.0,-7.0,0.0,80.0,1.3962634,0.0,0.0,0.0,1.72151045,-1.87370088,3.49475007,-1.1350667,-20.2614849,-20.95303952,71.52263298,51.5326309,0.95365246,0.18296508,4.28725556,-4.58047902,12.01977989,69.88614064,21.30324676,8.25824632,10.09210895
1760624939.417,0.28222804,-0.9444255,2.68896043,-0.04285516,0.95823577,-0.01977756,80.0,-7.0,0.0,80.0,1.3962634,0.0,0.0,0.0,80.0,-7.0,0.0,80.0,1.3962634,0.0,0.0,0.0,1.88586618,-1.8439184,3.62588773,-1.00453317,-20.34092466,-21.74468533,72.14028124,63.13307115,-2.18776765,1.0119542,4.3298332,-4.96182554,10.68755971,68.73572151,28.38191944,8.71098852,9.07333796
1760624939.45,0.27058162,-0.9379765,2.68112499,-0.03934237,0.95751303,-0.01973211,80.0,-7.0,0.0,80.0,1.3962634,0.0,0.0,0.0,80.0,-7.0,0.0,80.0,1.3962634,0.0,0.0,0.0,1.80579009,-1.82778161,3.71022063,-0.70315197,-20.68665593,-22.45141337,72.89730977,69.95418039,-3.97408282,2.63877382,4.69339491,-5.31599424,9.51037103,67.78169464,34.12609602,8.98415822,8.18744119
1760624939.484,0.2654574,-0.93408746,2.67840345,-0.03890266,0.95754415,-0.01861405,80.0,-7.0,0.0,80.0,1.3962634,0.0,0.0,0.0,80.0,-7.0,0.0,80.0,1.3962634,0.0,0.0,0.0,1.80825911,-1.80238422,3.73565033,0.40424524,-20.89218983,-22.67249244,73.03145631,78.47915866,-6.0425716,4.8195247,5.06606543,-5.87268231,8.13131245,66.80221731,40.28859315,9.23641297,7.23347685
1760624939.517,0.26659278,-0.92401885,2.67740543,-0.0357125,0.95731518,-0.01690268,80.0,-7.0,0.0,80.0,1.3962634,0.0,0.0,0.0,80.0,-7.0,0.0,80.0,1.3962634,0.0,0.0,0.0,1.91923507,-1.8299,3.74438444,0.72935883,-20.53303984,-23.3004838,73.75303806,92.07999379,-7.74442649,7.0241743,5.78301377,-6.69786658,6.15586796,65.35435758,48.58995454,9.48989228,6.1092916
1760624939.55,0.26513213,-0.91040794,2.67835413,-0.03472638,0.95759037,-0.0155424,80.0,-7.0,0.0,80.0,1.3962634,0.0,0.0,0.0,80.0,-7.0,0.0,80.0,1.3962634,0.0,0.0,0.0,2.22556465,-1.82921287,3.74442385,1.03060095,-19.65196297,-23.97729444,74.05327825,104.12868585,-8.32994662,9.11269982,6.39905542,-7.41520654,4.44725061,64.10529179,55.36026733,9.66714836,5.17722115
1760624939.584,0.25737873,-0.89588106,2.67301065,-0.03685969,0.9584282,-0.01465232,80.0,-7.0,0.0,80.0,1.3962634,0.0,0.0,0.0,80.0,-7.0,0.0,80.0,1.3962634,0.0,0.0,0.0,2.16579881,-1.75362238,3.66755611,1.91025986,-19.33010336,-24.07855853,74.03063296,116.00509237,-8.46862421,11.0699564,7.01585829,-8.04365582,2.67196257,63.38613982,61.75770742,9.80874404,4.36671457
1760624939.617,0.2624739,-0.87896536,2.68307109,-0.04380794,0.95929193,-0.01482816,80.0,-7.0,0.0,80.0,1.3962634,0.0,0.0,0.0,80.0,-7.0,0.0,80.0,1.3962634,0.0,0.0,0.0,1.95768773,-1.61258826,3.71802385,3.09097136,-19.12064206,-24.29385494,74.13159056,130.92764706,-7.30658564,13.55553271,7.24576183,-8.84471103,0.55796177,63.43545523,69.32933078,9.94141708,3.72162587
1760624939.651,0.26155587,-0.85664514,2.68298293,-0.04847645,0.96001614,-0.01460826,80.0,-7.0,0.0,80.0,1.3962634,0.0,0.0,0.0,80.0,-7.0,0.0,80.0,1.3962634,0.0,0.0,0.0,1.99335089,-1.45626258,3.78428049,4.09824745,-18.81169835,-23.81439106,74.15174488,139.74030025,-5.91618206,15.62055156,7.23879261,-9.51804835,-1.67423707,63.71055906,77.2095184,10.09123465,2.86640204
1760624939.684,0.26733947,-0.83942629,2.68442814,-0.05294288,0.96095928,-0.01388071,80.0,-7.0,0.0,80.0,1.3962634,0.0,0.0,0.0,80.0,-7.0,0.0,80.0,1.3962634,0.0,0.0,0.0,2.03599877,-1.24242766,3.97602855,4.96033254,-18.55715963,-23.60468975,74.37284957,145.13556282,-3.88098179,17.22513737,7.11298933,-10.23514201,-3.86476867,64.37018539,85.63951836,10.27695753,1.96863659
1760624939.718,0.28007242,-0.82284901,2.69689384,-0.05423726,0.96166284,-0.01215576,80.0,-7.0,0.0,80.0,1.3962634,0.0,0.0,0.0,80.0,-7.0,0.0,80.0,1.3962634,0.0,0.0,0.0,2.20558591,-1.08175532,4.23315056,5.79314686,-18.39000977,-22.74007443,74.66705793,149.24693291,-1.61934761,19.27326844,6.99752437,-10.95491076,-5.64258334,65.18659034,94.19127817,10.51297681,1.80886739
1760624939.751,0.29230904,-0.81870123,2.7175773,-0.05631826,0.96246482,-0.01078046,80.0,-7.0,0.0,80.0,1.3962634,0.0,0.0,0.0,80.0,-7.0,0.0,80.0,1.3962634,0.0,0.0,0.0,2.46101321,-0.96728943,4.49909952,6.87465404,-18.10848787,-19.12485243,74.85385746,150.92597181,-1.07982398,23.23476941,6.38943667,-11.29829682,-6.86916128,66.35068633,100.51055397,10.50443647,1.42607206
1760624939.784,0.29845249,-0.81829813,2.72637614,-0.05702961,0.96275055,-0.01051717,80.0,-7.0,0.0,80.0,1.3962634,0.0,0.0,0.0,80.0,-7.0,0.0,80.0,1.3962634,0.0,0.0,0.0,2.51877902,-0.8942148,4.59373756,7.65576383,-17.90209539,-18.00408956,74.47114086,152.7305666,0.39018198,24.64587336,6.03402839,-11.41912158,-8.08118643,67.42242217,106.32062867,10.43518587,0.70783442
1760624939.818,0.30167221,-0.82227551,2.71963782,-0.05646075,0.96341059,-0.00980104,80.0,-7.0,0.0,80.0,1.3962634,0.0,0.0,0.0,80.0,-7.0,0.0,80.0,1.3962634,0.0,0.0,0.0,2.60728243,-0.99974965,4.62997657,7.96012129,-17.38807004,-16.56121849,74.31371569,154.72480405,1.79895854,26.3808366,5.80463547,-11.43332236,-8.93618844,68.23812189,111.34083056,10.33741968,0.39044779
1760624939.852,0.29905022,-0.82676162,2.71254807,-0.0533616,0.96439257,-0.00902149,80.0,-7.0,0.0,80.0,1.3962634,0.0,0.0,0.0,80.0,-7.0,0.0,80.0,1.3962634,0.0,0.0,0.0,2.83393744,-1.19905664,4.63282995,6.82180652,-16.69119514,-16.07448337,75.19281525,156.06433518,2.7019702,27.4061496,5.58798936,-11.46734347,-9.28286899,68.65028231,114.41121013,10.13294533,0.10090638
1760624939.885,0.30726639,-0.84198362,2.71697913,-0.05204312,0.9642016,-0.0091427,80.0,-7.0,0.0,80.0,1.3962634,0.0,0.0,0.0,80.0,-7.0,0.0,80.0,1.3962634,0.0,0.0,0.0,3.1576723,-1.29747923,4.67738709,5.62350848,-16.48252242,-15.7964995,74.77538101,157.06652615,2.74800065,27.48167441,5.145488,-11.27978649,-9.37670194,69.24678626,117.56046825,9.84411736,-0.10340598
1760624939.918,0.30807651,-0.84951233,2.71990324,-0.04850701,0.9632519,-0.00902691,80.0,-7.0,0.0,80.0,1.3962634,0.0,0.0,0.0,80.0,-7.0,0.0,80.0,1.3962634,0.0,0.0,0.0,3.15079723,-1.40382887,4.62241281,4.74469466,-15.99939084,-16.6230465,75.39774444,158.41789574,3.70762343,27.2480996,5.30459773,-11.239015,-9.31139862,69.33916721,119.13454316,9.83482983,0.08248238
1760624939.952,0.31326288,-0.8533313,2.71777901,-0.0464881,0.96277519,-0.00837116,80.0,-7.0,0.0,80.0,1.3962634,0.0,0.0,0.0,80.0,-7.0,0.0,80.0,1.3962634,0.0,0.0,0.0,3.5896267,-1.51388658,4.68844839,4.46002974,-15.64252922,-15.12521661,75.20669825,158.34574144,3.63090177,28.57839749,5.18640403,-11.21196035,-9.07251916,69.17850052,120.16263639,9.8894851,0.45959202
1760624939.985,0.30748685,-0.86258774,2.70723415,-0.04305374,0.9627139,-0.00766045,80.0,-7.0,0.0,80.0,1.3962634,0.0,0.0,0.0,80.0,-7.0,0.0,80.0,1.3962634,0.0,0.0,0.0,3.73354823,-1.56449542,4.67467573,3.48763993,-15.29192694,-15.10932461,73.7705036,158.70633627,2.39487313,27.55481443,5.33880134,-11.20850721,-8.88059622,68.93383548,120.72586737,10.09083759,0.98452162
1760624940.019,0.30842076,-0.86366528,2.69626884,-0.03995737,0.96243348,-0.00749446,80.0,-7.0,0.0,80.0,1.3962634,0.0,0.0,0.0,80.0,-7.0,0.0,80.0,1.3962634,0.0,0.0,0.0,3.58516687,-1.60095002,4.64927551,2.50827825,-15.28724887,-15.12157334,73.56414366,158.9896234,1.40749055,27.19214415,5.59254252,-11.25635419,-8.73828725,68.81198288,120.73674735,10.09698555,1.10139485
1760624940.052,0.30852438,-0.8612267,2.68708117,-0.03727244,0.9626337,-0.00803649,80.0,-7.0,0.0,80.0,1.3962634,0.0,0.0,0.0,80.0,-7.0,0.0,80.0,1.3962634,0.0,0.0,0.0,3.68586798,-1.66246482,4.6543653,1.93026393,-15.42290265,-15.19740987,73.37199782,159.11337693,1.16069988,26.92856666,5.74070592,-11.27228208,-8.62689513,68.67485925,121.05602803,10.02484849,1.04156924
1760624940.086,0.31545064,-0.86298092,2.70107192,-0.03717625,0.9626703,-0.00857307,80.0,-7.0,0.0,80.0,1.3962634,0.0,0.0,0.0,80.0,-7.0,0.0,80.0,1.3962634,0.0,0.0,0.0,3.91582339,-1.64838219,4.62181877,1.71413449,-15.20629963,-14.35501644,73.98783066,159.0054595,1.43568568,28.0493412,5.695443,-11.21812629,-8.57706424,68.58044069,121.09241532,9.95787404,1.02528212
1760624940.119,0.31227256,-0.86169788,2.71023908,-0.03757689,0.96237908,-0.00949475,80.0,-7.0,0.0,80.0,1.3962634,0.0,0.0,0.0,80.0,-7.0,0.0,80.0,1.3962634,0.0,0.0,0.0,3.84547596,-1.58462032,4.5982946,1.28010446,-15.30445215,-14.4146744,73.67298815,159.00799759,0.81642114,27.73942051,5.9401575,-11.13722761,-8.55871538,68.50846614,121.10688206,9.93322255,1.02577339
1760624940.153,0.30817055,-0.84866323,2.71548553,-0.03927496,0.96266872,-0.0101355,80.0,-7.0,0.0,80.0,1.3962634,0.0,0.0,0.0,80.0,-7.0,0.0,80.0,1.3962634,0.0,0.0,0.0,3.79775015,-1.58301993,4.46366886,1.85474221,-15.37961661,-13.23931892,73.91118493,158.0400463,1.11767804,28.75583521,6.20513562,-11.13714048,-8.59315384,68.29249043,120.84113095,9.87999088,1.0167699
1760624940.186,0.30712879,-0.84223866,2.70955026,-0.03962147,0.96313041,-0.0099673,80.0,-7.0,0.0,80.0,1.3962634,0.0,0.0,0.0,80.0,-7.0,0.0,80.0,1.3962634,0.0,0.0,0.0,3.78094106,-1.5705784,4.37932054,2.20914749,-15.39454295,-12.20392265,74.4622108,157.27301166,1.36610004,29.83276425,6.50853249,-11.10738733,-8.64244131,68.09857359,120.73863034,9.82141479,1.11253485
1760624940.219,0.31481412,-0.83583766,2.70856908,-0.03945298,0.96349618,-0.00964538,80.0,-7.0,0.0,80.0,1.3962634,0.0,0.0,0.0,80.0,-7.0,0.0,80.0,1.3962634,0.0,0.0,0.0,3.79827566,-1.54064668,4.30310149,2.54221632,-15.16648791,-11.91309983,74.62588073,157.37039765,1.52358774,30.26486405,6.85443175,-11.12128552,-8.61134886,67.79326206,120.50719943,9.77802622,1.12671583
1760624940.253,0.31110876,-0.83085253,2.70719801,-0.04090502,0.96333941,-0.00927771,80.0,-7.0,0.0,80.0,1.3962634,0.0,0.0,0.0,80.0,-7.0,0.0,80.0,1.3962634,0.0,0.0,0.0,3.81347321,-1.49284035,4.24487171,2.60612828,-15.40945691,-10.68609967,75.19286877,156.58791367,1.26802753,31.45509297,6.98924548,-11.06461408,-8.64337135,67.70950493,120.36003365,9.75975457,1.09505627
1760624940.286,0.31233977,-0.82694333,2.69922994,-0.04105707,0.96305698,-0.00800122,80.0,-7.0,0.0,80.0,1.3962634,0.0,0.0,0.0,80.0,-7.0,0.0,80.0,1.3962634,0.0,0.0,0.0,4.01042978,-1.51432067,4.2502008,2.5049534,-15.19885539,-10.400388,75.21675375,157.11986828,0.91372281,31.82826531,6.98391736,-11.01609351,-8.70117057,67.66705501,120.42421143,9.75924253,1.09358714
1760624940.32,0.30313054,-0.82273307,2.69578719,-0.0403851,0.96307245,-0.00752106,80.0,-7.0,0.0,80.0,1.3962634,0.0,0.0,0.0,80.0,-7.0,0.0,80.0,1.3962634,0.0,0.0,0.0,4.08954879,-1.51851589,4.17508883,2.26757796,-15.12562092,-10.24350648,75.28602089,157.29770186,0.70885376,31.89645699,6.99346601,-11.0189503,-8.77546616,67.65121389,120.41355932,9.74861368,1.11568642
1760624940.353,0.29627117,-0.82351234,2.6903058,-0.03909577,0.96299864,-0.00775009,80.0,-7.0,0.0,80.0,1.3962634,0.0,0.0,0.0,80.0,-7.0,0.0,80.0,1.3962634,0.0,0.0,0.0,4.15762844,-1.46300467,4.23586054,2.37098532,-15.25812767,-10.22849956,75.14246934,157.44537434,0.78656303,31.99276644,6.93717423,-10.98755326,-8.70764854,67.68496565,120.403533,9.70872363,1.11051423
1760624940.387,0.29969555,-0.81554124,2.68986195,-0.03768631,0.96295198,-0.00821299,80.0,-7.0,0.0,80.0,1.3962634,0.0,0.0,0.0,80.0,-7.0,0.0,80.0,1.3962634,0.0,0.0,0.0,4.29512223,-1.45857222,4.12361414,2.64202989,-15.28551996,-10.210828,74.48883379,158.06388042,0.60203762,31.76250213,6.69092838,-10.9703126,-8.82959281,67.75580119,120.41712127,9.64732745,1.09240071
1760624940.42,0.30461752,-0.81013791,2.69059816,-0.0373736,0.96289714,-0.00826126,80.0,-7.0,0.0,80.0,1.3962634,0.0,0.0,0.0,80.0,-7.0,0.0,80.0,1.3962634,0.0,0.0,0.0,4.41560204,-1.43563204,4.12424524,2.93410891,-15.27038061,-10.52135899,73.87157637,158.27309405,0.65368039,31.28895733,6.6006018,-10.96032213,-8.81222746,67.67376258,120.37854086,9.58331922,1.07395118
1760624940.453,0.31148177,-0.80129154,2.68586252,-0.03612162,0.9628795,-0.0083607,80.0,-7.0,0.0,80.0,1.3962634,0.0,0.0,0.0,80.0,-7.0,0.0,80.0,1.3962634,0.0,0.0,0.0,4.50590371,-1.45300519,4.11315339,2.93008628,-15.24678043,-10.59893838,73.79802587,158.16595608,0.73559406,31.18714166,6.54730347,-10.9602368,-8.83477501,67.57921124,120.3627678,9.55650683,1.10213691
1760624940.487,0.31433365,-0.79231666,2.67850547,-0.03589378,0.9626701,-0.00709959,80.0,-7.0,0.0,80.0,1.3962634,0.0,0.0,0.0,80.0,-7.0,0.0,80.0,1.3962634,0.0,0.0,0.0,4.76430388,-1.55036413,4.16132225,3.0711248,-14.83085621,-10.6962877,73.36981816,158.34310322,0.76553812,31.08070113,6.41913567,-11.07269497,-8.73767699,67.39397518,120.27221306,9.51808283,1.11680706
1760624940.521,0.31847243,-0.80127163,2.66654501,-0.03525871,0.96262561,-0.00683489,80.0,-7.0,0.0,80.0,1.3962634,0.0,0.0,0.0,80.0,-7.0,0.0,80.0,1.3962634,0.0,0.0,0.0,4.75051052,-1.52991728,4.15281803,3.07855178,-14.74058038,-10.73211164,73.36998566,158.25065364,0.76640675,31.05089405,6.40716582,-11.01912921,-8.77260063,67.3368455,120.21400497,9.47520316,1.11513264
1760624940.554,0.32412688,-0.78816597,2.67314437,-0.03561779,0.96258007,-0.0056722,80.0,-7.0,0.0,80.0,1.3962634,0.0,0.0,0.0,80.0,-7.0,0.0,80.0,1.3962634,0.0,0.0,0.0,4.70311168,-1.62378068,4.11600755,3.27907832,-14.39147036,-10.87999457,73.158848,158.51664388,0.63777959,30.92757085,6.60201786,-11.11972303,-8.75881792,67.11707029,120.09140055,9.46612796,1.13997715
1760624940.588,0.32032422,-0.78751768,2.66581494,-0.03501371,0.9622205,-0.00532098,80.0,-7.0,0.0,80.0,1.3962634,0.0,0.0,0.0,80.0,-7.0,0.0,80.0,1.3962634,0.0,0.0,0.0,4.54696276,-1.62359314,4.0835623,3.62609468,-14.27496962,-10.86050667,73.07874801,158.66288835,0.5585451,30.95206403,6.77733822,-11.05206079,-8.87033127,67.04957868,120.129849,9.43242569,1.25831347
1760624940.621,0.32211362,-0.78975251,2.66926294,-0.03579667,0.96172923,-0.00520607,80.0,-7.0,0.0,80.0,1.3962634,0.0,0.0,0.0,80.0,-7.0,0.0,80.0,1.3962634,0.0,0.0,0.0,4.39356234,-1.62619265,4.01952081,3.63736692,-14.24252793,-10.82228761,73.118388,158.72967959,0.45122115,30.88945898,6.89255264,-11.05582048,-8.96690535,67.05200163,120.13540996,9.41447248,1.27362346
1760624940.654,0.32593784,-0.78713864,2.66546604,-0.03701791,0.961281,-0.00539817,80.0,-7.0,0.0,80.0,1.3962634,0.0,0.0,0.0,80.0,-7.0,0.0,80.0,1.3962634,0.0,0.0,0.0,4.30848525,-1.64447928,3.96455904,3.7691384,-14.12695499,-10.84905588,72.50572568,159.05971645,0.03162887,30.53601998,7.07129967,-11.07702231,-8.99925966,66.90425834,120.06746582,9.38179832,1.23008996
1760624940.688,0.3213847,-0.78632409,2.6680949,-0.03779494,0.96093025,-0.00644848,80.0,-7.0,0.0,80.0,1.3962634,0.0,0.0,0.0,80.0,-7.0,0.0,80.0,1.3962634,0.0,0.0,0.0,4.03391579,-1.61619331,3.83982032,3.55608621,-14.42785817,-11.05215109,72.50375512,159.13108919,-0.23501466,30.05855218,7.24555339,-10.98094274,-9.16200307,66.95384047,120.1454616,9.27927999,1.15352247
1760624940.721,0.31416815,-0.78920994,2.66369323,-0.0381573,0.96094892,-0.00683853,80.0,-7.0,0.0,80.0,1.3962634,0.0,0.0,0.0,80.0,-7.0,0.0,80.0,1.3962634,0.0,0.0,0.0,4.01138544,-1.59580579,3.84131965,3.56781587,-14.36964039,-11.2645949,72.0693208,159.4596871,-0.53792781,29.73900144,7.21743402,-10.96412884,-9.18720439,67.01992815,120.11933085,9.23474622,1.14095644
1760624940.755,0.31861927,-0.79626182,2.66266832,-0.03841725,0.96114533,-0.006496,80.0,-7.0,0.0,80.0,1.3962634,0.0,0.0,0.0,80.0,-7.0,0.0,80.0,1.3962634,0.0,0.0,0.0,3.96794899,-1.61335927,3.80855226,3.3118444,-14.35283256,-11.33206066,72.12847275,159.58407301,-0.83166685,29.67993657,7.23611939,-10.90428987,-9.31824113,67.06941264,120.27687849,9.1723077,1.12537616
1760624940.788,0.31258828,-0.79629875,2.66648058,-0.03806821,0.96125163,-0.00648916,80.0,-7.0,0.0,80.0,1.3962634,0.0,0.0,0.0,80.0,-7.0,0.0,80.0,1.3962634,0.0,0.0,0.0,3.9626141,-1.61344386,3.79636266,3.31730764,-14.35215066,-11.34144758,72.13686005,159.57949865,-0.84574043,29.67516667,7.24275551,-10.90109272,-9.33171293,67.07720028,120.26118299,9.1229232,1.10966455
1760624940.822,0.30922576,-0.79243719,2.67217972,-0.03743555,0.96123206,-0.00663282,80.0,-7.0,0.0,80.0,1.3962634,0.0,0.0,0.0,80.0,-7.0,0.0,80.0,1.3962634,0.0,0.0,0.0,3.95722093,-1.62857907,3.79252106,3.33812284,-14.38806129,-11.33452189,72.12403446,159.62664119,-0.84091963,29.69571516,7.25094906,-10.90566345,-9.31981845,67.07892409,120.25529122,9.07952462,1.13257828
1760624940.855,0.30989037,-0.8069236,2.66630825,-0.03718946,0.96100647,-0.00672057,80.0,-7.0,0.0,80.0,1.3962634,0.0,0.0,0.0,80.0,-7.0,0.0,80.0,1.3962634,0.0,0.0,0.0,3.94207964,-1.57351176,3.79071484,3.81176376,-14.38533637,-11.22193305,71.85758726,159.76894656,-0.54173371,29.85316104,7.29410538,-10.92426357,-9.3012198,67.0388761,120.21955852,9.05106653,1.17101589
1760624940.888,0.32531277,-0.81096674,2.6749018,-0.03654957,0.96136117,-0.00642136,80.0,-7.0,0.0,80.0,1.3962634,0.0,0.0,0.0,80.0,-7.0,0.0,80.0,1.3962634,0.0,0.0,0.0,3.92105588,-1.59330469,3.79111429,3.77288635,-14.40786317,-11.1911692,71.81089333,159.79708644,-0.48950391,29.86166509,7.30220725,-10.9334495,-9.29058904,67.03039742,120.23609292,9.05071603,1.18570395
1760624940.922,0.32423209,-0.81400593,2.68900345,-0.03908197,0.96186711,-0.0057404,80.0,-7.0,0.0,80.0,1.3962634,0.0,0.0,0.0,80.0,-7.0,0.0,80.0,1.3962634,0.0,0.0,0.0,3.90541904,-1.64216238,3.69129913,3.67021451,-14.39140259,-11.14430127,71.87346962,159.80084732,-0.50461167,29.78006387,7.39117338,-10.98354557,-9.34830875,66.95111066,120.22714865,9.0392275,1.2307197
1760624940.955,0.32545682,-0.81657174,2.68982621,-0.03849695,0.96175041,-0.0050391,80.0,-7.0,0.0,80.0,1.3962634,0.0,0.0,0.0,80.0,-7.0,0.0,80.0,1.3962634,0.0,0.0,0.0,3.86329264,-1.68739863,3.70249758,3.3284416,-14.28958553,-11.2207728,72.25006405,159.81201846,-0.50829375,29.79599483,7.58697806,-11.07193087,-9.27901196,66.82357827,120.17930794,9.01899953,1.26316592
1760624940.989,0.31493649,-0.82256619,2.6954503,-0.03816514,0.96137785,-0.00507654,80.0,-7.0,0.0,80.0,1.3962634,0.0,0.0,0.0,80.0,-7.0,0.0,80.0,1.3962634,0.0,0.0,0.0,3.89480974,-1.63076645,3.72860889,2.69843455,-14.30396521,-11.61605253,72.94587176,159.75471547,-0.39354725,29.65630961,7.69085462,-11.04718112,-9.22047867,66.69613899,120.15325247,9.02200766,1.28346311
1760624941.022,0.31175902,-0.81982253,2.69424672,-0.03631514,0.96110371,-0.00548911,80.0,-7.0,0.0,80.0,1.3962634,0.0,0.0,0.0,80.0,-7.0,0.0,80.0,1.3962634,0.0,0.0,0.0,3.93542536,-1.59851738,3.70848829,2.26498699,-14.33690919,-11.90150615,73.21478927,159.34131271,-0.58780334,29.26014709,7.70847733,-11.08245217,-9.21879944,66.61672711,120.08420576,9.01846026,1.32548365
1760624941.056,0.30497037,-0.82030786,2.69295909,-0.03446375,0.96111142,-0.00577665,80.0,-7.0,0.0,80.0,1.3962634,0.0,0.0,0.0,80.0,-7.0,0.0,80.0,1.3962634,0.0,0.0,0.0,4.02104144,-1.55587267,3.78967112,1.36566789,-14.19366735,-12.68174688,73.75435502,157.63484355,-1.21681273,28.27708747,7.67664981,-11.08578141,-9.14484984,66.52051779,120.04035426,8.99976643,1.35748299
1760624941.089,0.30306001,-0.81616334,2.69839471,-0.03477845,0.96132838,-0.00627395,80.0,-7.0,0.0,80.0,1.3962634,0.0,0.0,0.0,80.0,-7.0,0.0,80.0,1.3962634,0.0,0.0,0.0,3.89437761,-1.47422188,3.83302249,1.04704032,-14.27657238,-12.82313833,74.27487386,154.41389177,-1.90000693,27.58566581,7.65071529,-11.07662535,-9.14157038,66.60574245,119.98059302,8.98564412,1.36856637
1760624941.123,0.30236887,-0.81097789,2.69938756,-0.03559294,0.96153784,-0.00630476,80.0,-7.0,0.0,80.0,1.3962634,0.0,0.0,0.0,80.0,-7.0,0.0,80.0,1.3962634,0.0,0.0,0.0,3.88705842,-1.45705771,3.81622452,1.38302353,-14.23395742,-12.92574157,73.67098673,149.44820878,-2.78753003,26.10220349,7.5339616,-11.11349056,-9.1998535,66.6505731,119.9525084,8.98096602,1.39074411
1760624941.156,0.29873834,-0.81132942,2.69118044,-0.03626444,0.96165389,-0.00629206,80.0,-7.0,0.0,80.0,1.3962634,0.0,0.0,0.0,80.0,-7.0,0.0,80.0,1.3962634,0.0,0.0,0.0,3.87913236,-1.4424109,3.84829764,1.73617488,-14.27779012,-13.15785265,73.08579075,141.54124189,-3.74315413,23.86892006,7.43684232,-11.16412752,-9.22523052,66.70830969,119.96979509,8.99871817,1.44202066
1760624941.19,0.29256544,-0.8101241,2.69587343,-0.03955306,0.9621922,-0.00666984,80.0,-7.0,0.0,80.0,1.3962634,0.0,0.0,0.0,80.0,-7.0,0.0,80.0,1.3962634,0.0,0.0,0.0,3.80480536,-1.44464318,3.8296171,2.58865939,-14.20866163,-13.84582088,71.94471826,135.7349356,-3.930202,21.39106648,7.34457362,-11.1902047,-9.31055465,66.8432423,120.03076073,8.98016058,1.42538906
1760624941.223,0.28475942,-0.80397139,2.70183498,-0.04233137,0.96289728,-0.00718304,80.0,-7.0,0.0,80.0,1.3962634,0.0,0.0,0.0,80.0,-7.0,0.0,80.0,1.3962634,0.0,0.0,0.0,3.55400928,-1.45989065,3.76513331,2.98206332,-14.34252457,-14.79171663,71.22319694,129.4819309,-3.86600493,18.58936578,7.37604208,-11.17100514,-9.47104435,67.02081449,120.09666569,8.92686102,1.40807191
1760624941.256,0.27654825,-0.80389126,2.71375653,-0.04466925,0.96310036,-0.0073787,80.0,-7.0,0.0,80.0,1.3962634,0.0,0.0,0.0,80.0,-7.0,0.0,80.0,1.3962634,0.0,0.0,0.0,3.29614983,-1.49437067,3.66090352,3.45204753,-14.50913251,-15.86986556,69.81512883,120.8769778,-3.52690072,14.43836706,7.3977803,-11.14572606,-9.688328,67.2053664,120.18046024,8.89697257,1.4071496
1760624941.29,0.26882748,-0.80328471,2.71783453,-0.04527749,0.96346789,-0.00731688,80.0,-7.0,0.0,80.0,1.3962634,0.0,0.0,0.0,80.0,-7.0,0.0,80.0,1.3962634,0.0,0.0,0.0,3.05554614,-1.5685962,3.61191496,2.85706624,-14.55655399,-17.40202124,68.850925,113.24410682,-2.17021663,10.11886965,7.51039907,-11.13616024,-9.79996391,67.3059851,120.28846609,8.87792537,1.39586638
1760624941.323,0.26070846,-0.80134851,2.72412618,-0.04503615,0.96349824,-0.00747635,80.0,-7.0,0.0,80.0,1.3962634,0.0,0.0,0.0,80.0,-7.0,0.0,80.0,1.3962634,0.0,0.0,0.0,2.80758902,-1.59848551,3.58769675,2.74651132,-14.70357048,-17.35616172,68.17424342,103.93528758,-1.07026266,6.82939464,7.66151345,-11.12595684,-9.84739998,67.38443739,120.34526658,8.84997804,1.39976509
1760624941.357,0.25674173,-0.80130259,2.73806115,-0.04500474,0.96311219,-0.00761248,80.0,-7.0,0.0,80.0,1.3962634,0.0,0.0,0.0,80.0,-7.0,0.0,80.0,1.3962634,0.0,0.0,0.0,2.86282655,-1.59949796,3.55800478,3.65249867,-14.68388998,-16.72970988,65.93818255,90.51665619,1.81932644,2.75317505,7.68222296,-11.15230257,-9.82152361,67.285052,120.33921317,8.8423939,1.42863734
1760624941.39,0.24935439,-0.79976773,2.74006974,-0.04446499,0.96258115,-0.00751005,80.0,-7.0,0.0,80.0,1.3962634,0.0,0.0,0.0,80.0,-7.0,0.0,80.0,1.3962634,0.0,0.0,0.0,2.87344909,-1.56640292,3.59659415,4.02461244,-14.77688672,-15.79187064,65.00876195,79.21686767,4.59410651,0.39159736,7.68453774,-11.10447087,-9.7696066,67.27369537,120.37282349,8.81733823,1.42919077
1760624941.424,0.2499132,-0.80168784,2.72910536,-0.04194986,0.96185626,-0.00747478,80.0,-7.0,0.0,80.0,1.3962634,0.0,0.0,0.0,80.0,-7.0,0.0,80.0,1.3962634,0.0,0.0,0.0,3.06288729,-1.52961731,3.72636466,5.44706651,-14.897664,-13.86512052,64.5804952,68.51985705,6.10290915,-0.45989119,7.50608044,-11.09008317,-9.65150243,67.27281091,120.37424216,8.78415097,1.4162062
1760624941.457,0.24021613,-0.80599742,2.72232409,-0.04013725,0.96142899,-0.00764367,80.0,-7.0,0.0,80.0,1.3962634,0.0,0.0,0.0,80.0,-7.0,0.0,80.0,1.3962634,0.0,0.0,0.0,3.0364237,-1.47185969,3.76361045,5.22499998,-15.02126683,-12.87837254,64.73871521,56.33488146,9.70197459,-2.14951361,7.54941615,-11.05640362,-9.63813967,67.24932967,120.35327724,8.74403024,1.40855524
1760624941.491,0.2406944,-0.80845784,2.7220161,-0.04071458,0.96116842,-0.00815103,80.0,-7.0,0.0,80.0,1.3962634,0.0,0.0,0.0,80.0,-7.0,0.0,80.0,1.3962634,0.0,0.0,0.0,3.14113463,-1.39243697,3.88951755,5.59884988,-15.20116237,-10.99078502,65.5787049,46.27102108,11.38667987,-2.90937076,7.24406988,-11.01227347,-9.58076855,67.44356164,120.34488526,8.72348822,1.40022611
1760624941.524,0.24565536,-0.81212884,2.71885081,-0.0419991,0.96120594,-0.00827979,80.0,-7.0,0.0,80.0,1.3962634,0.0,0.0,0.0,80.0,-7.0,0.0,80.0,1.3962634,0.0,0.0,0.0,3.32170904,-1.3454921,4.03236706,5.88259312,-15.12088946,-9.90447259,65.65854649,36.70525102,14.03748561,-3.48418058,6.84073468,-11.01265365,-9.51256081,67.66760204,120.36904834,8.70368846,1.41312839
1760624941.557,0.24400132,-0.8155243,2.7239783,-0.04309475,0.96130818,-0.00826851,80.0,-7.0,0.0,80.0,1.3962634,0.0,0.0,0.0,80.0,-7.0,0.0,80.0,1.3962634,0.0,0.0,0.0,3.39158986,-1.31023997,4.17094634,6.03190347,-14.78784332,-9.07649146,66.23190397,23.92322664,17.72030911,-3.77427626,6.52428666,-11.009896,-9.47335137,67.91050845,120.448032,8.68679398,1.41810119
1760624941.591,0.24926366,-0.81885002,2.72679536,-0.04378669,0.96129161,-0.00818077,80.0,-7.0,0.0,80.0,1.3962634,0.0,0.0,0.0,80.0,-7.0,0.0,80.0,1.3962634,0.0,0.0,0.0,3.4705261,-1.28979101,4.25731694,6.21536055,-14.72711827,-9.402824,66.78289175,16.51093828,19.3892601,-3.28756796,6.38378883,-11.02472458,-9.4154881,67.97209394,120.42802371,8.67421979,1.41265358
1760624941.624,0.25138878,-0.82155788,2.72906902,-0.04467506,0.96166556,-0.00653848,80.0,-7.0,0.0,80.0,1.3962634,0.0,0.0,0.0,80.0,-7.0,0.0,80.0,1.3962634,0.0,0.0,0.0,3.44404623,-1.36476425,4.28946116,6.36401841,-14.55584749,-10.58173776,67.49740492,13.16933917,18.77697139,-2.79979283,6.34875592,-11.12976972,-9.39807478,68.03934768,120.43838507,8.64453867,1.41047459
1760624941.658,0.25452657,-0.82987304,2.73086267,-0.04450693,0.96159338,-0.00607088,80.0,-7.0,0.0,80.0,1.3962634,0.0,0.0,0.0,80.0,-7.0,0.0,80.0,1.3962634,0.0,0.0,0.0,3.14901435,-1.35546703,4.29721606,6.19919639,-15.47998859,-13.33851732,69.03634031,8.45642778,16.97904576,-0.80040716,6.57833306,-11.1295029,-9.40538194,68.09465194,120.49511996,8.60726274,1.40293189
1760624941.691,0.24528545,-0.83414292,2.72854829,-0.04707633,0.96170053,-0.00595057,80.0,-7.0,0.0,80.0,1.3962634,0.0,0.0,0.0,80.0,-7.0,0.0,80.0,1.3962634,0.0,0.0,0.0,2.90469219,-1.38243999,4.28761609,5.43884154,-15.45817303,-15.15788557,69.57874074,6.51298259,16.91908893,0.30348691,6.8238751,-11.20339552,-9.39821409,68.08319594,120.46446862,8.59244639,1.40042914
1760624941.725,0.23683257,-0.83352685,2.72243153,-0.04546203,0.96104435,-0.00700002,80.0,-7.0,0.0,80.0,1.3962634,0.0,0.0,0.0,80.0,-7.0,0.0,80.0,1.3962634,0.0,0.0,0.0,2.74501806,-1.3081002,4.25178925,4.76704102,-15.51253374,-16.52089236,69.96905568,5.419173,16.64745241,1.12977438,7.10140154,-11.1370794,-9.45110821,67.92604004,120.54070654,8.58690111,1.44188663
1760624941.758,0.23100023,-0.83137524,2.71926031,-0.04329243,0.96049172,-0.00782913,80.0,-7.0,0.0,80.0,1.3962634,0.0,0.0,0.0,80.0,-7.0,0.0,80.0,1.3962634,0.0,0.0,0.0,2.40626845,-1.20610522,4.22523845,4.13747729,-15.91433387,-18.53927878,70.12374434,4.38422481,16.84255132,3.08665781,7.44011561,-11.00699696,-9.51610381,67.88227498,120.58454426,8.58331159,1.44921729
1760624941.792,0.23000577,-0.83510734,2.71515021,-0.04100122,0.95999281,-0.00855049,80.0,-7.0,0.0,80.0,1.3962634,0.0,0.0,0.0,80.0,-7.0,0.0,80.0,1.3962634,0.0,0.0,0.0,2.14490037,-1.12592464,4.23771791,3.529484,-16.35233121,-19.02570304,69.96197755,3.65930961,17.53523043,3.70277504,7.60429113,-10.92781391,-9.54943779,67.93876671,120.60293302,8.56751721,1.44875207
1760624941.825,0.23234157,-0.83316454,2.71603041,-0.038475,0.9599773,-0.00817496,80.0,-7.0,0.0,80.0,1.3962634,0.0,0.0,0.0,80.0,-7.0,0.0,80.0,1.3962634,0.0,0.0,0.0,2.15361828,-1.13604522,4.31058859,2.59941829,-16.14179797,-19.16973355,68.97808471,3.62754152,19.25065427,4.01508372,7.74268764,-10.97095788,-9.46614066,67.76073444,120.57037753,8.56830396,1.50655835
1760624941.859,0.23223074,-0.83352481,2.72211413,-0.03592772,0.96026226,-0.00753254,80.0,-7.0,0.0,80.0,1.3962634,0.0,0.0,0.0,80.0,-7.0,0.0,80.0,1.3962634,0.0,0.0,0.0,1.89281152,-1.16790673,4.25742281,1.91003191,-16.03548493,-18.43036322,68.79083115,3.24386411,20.52089827,3.52647046,8.06611356,-10.99959484,-9.52843641,67.65387182,120.55238163,8.55779303,1.52746053
1760624941.892,0.23034987,-0.83281259,2.72097081,-0.03446088,0.96079761,-0.00701787,80.0,-7.0,0.0,80.0,1.3962634,0.0,0.0,0.0,80.0,-7.0,0.0,80.0,1.3962634,0.0,0.0,0.0,1.82069941,-1.17244881,4.23737267,1.29851312,-15.79711826,-18.22036897,68.70284967,3.38549423,21.42846676,3.42064259,8.23195003,-11.0408887,-9.56006331,67.54006979,120.49977144,8.55391417,1.53793945
1760624941.925,0.23078856,-0.82245255,2.72054929,-0.03537067,0.96111267,-0.00712254,80.0,-7.0,0.0,80.0,1.3962634,0.0,0.0,0.0,80.0,-7.0,0.0,80.0,1.3962634,0.0,0.0,0.0,1.66744011,-1.15494636,4.18908389,1.24899944,-16.28070762,-18.59712745,67.66776762,2.69110001,22.70230468,4.48129371,8.36425148,-11.04842281,-9.65869813,67.52901818,120.47501944,8.5585859,1.57445216
1760624941.959,0.23167053,-0.82087853,2.72358292,-0.03686181,0.96172207,-0.00724171,80.0,-7.0,0.0,80.0,1.3962634,0.0,0.0,0.0,80.0,-7.0,0.0,80.0,1.3962634,0.0,0.0,0.0,1.62080677,-1.13639497,4.15634514,0.44112948,-16.00709947,-18.49644485,67.9266864,2.80857502,23.51313486,4.25253528,8.40501624,-11.05915498,-9.71968083,67.51876896,120.46207867,8.5491357,1.57987112
1760624941.992,0.24016232,-0.81978552,2.71861649,-0.03577912,0.9614462,-0.00717234,80.0,-7.0,0.0,80.0,1.3962634,0.0,0.0,0.0,80.0,-7.0,0.0,80.0,1.3962634,0.0,0.0,0.0,1.63233302,-1.12565401,4.19632582,-0.02323276,-15.89818286,-18.34456068,68.07997195,2.85084472,23.92589473,3.92568566,8.47721074,-11.08172154,-9.70146435,67.43443078,120.43938062,8.5218044,1.57891724
1760624942.026,0.24268676,-0.81571517,2.71343472,-0.03493759,0.96154331,-0.00713974,80.0,-7.0,0.0,80.0,1.3962634,0.0,0.0,0.0,80.0,-7.0,0.0,80.0,1.3962634,0.0,0.0,0.0,1.67916901,-1.13654122,4.20130352,-0.43297402,-16.02816941,-17.78417121,68.37198375,2.55175414,24.20944494,3.31914707,8.55040117,-11.08905686,-9.73534464,67.32659232,120.44449859,8.51094377,1.58051738
1760624942.059,0.2411808,-0.81044537,2.7049539,-0.03250533,0.96151846,-0.00720186,80.0,-7.0,0.0,80.0,1.3962634,0.0,0.0,0.0,80.0,-7.0,0.0,80.0,1.3962634,0.0,0.0,0.0,1.83199401,-1.12857866,4.21749286,-0.71860935,-16.01849321,-17.79899208,68.32588565,2.59661281,24.55103475,3.32058287,8.47517106,-11.10233659,-9.72851709,67.25942796,120.44124118,8.48205496,1.56342823
1760624942.093,0.24212203,-0.80327639,2.71454416,-0.03243194,0.96143533,-0.00790633,80.0,-7.0,0.0,80.0,1.3962634,0.0,0.0,0.0,80.0,-7.0,0.0,80.0,1.3962634,0.0,0.0,0.0,1.86688695,-1.09539576,4.19035877,-0.75567668,-16.04743473,-17.78192728,68.3742828,2.64988774,24.63463324,3.3329788,8.48782218,-11.1148031,-9.74758402,67.2099135,120.41942394,8.48894492,1.57413468
1760624942.126,0.24404397,-0.80517612,2.71254108,-0.03193137,0.96141819,-0.00830277,80.0,-7.0,0.0,80.0,1.3962634,0.0,0.0,0.0,80.0,-7.0,0.0,80.0,1.3962634,0.0,0.0,0.0,1.95996199,-1.05920779,4.22817587,-0.72825212,-16.09299437,-17.78099945,68.40294936,2.81771399,24.64717956,3.24402368,8.47950892,-11.10521176,-9.70356096,67.10666605,120.42566286,8.4799058,1.59950913
1760624942.16,0.2475544,-0.79641755,2.72333422,-0.03222092,0.96171126,-0.00817537,80.0,-7.0,0.0,80.0,1.3962634,0.0,0.0,0.0,80.0,-7.0,0.0,80.0,1.3962634,0.0,0.0,0.0,1.99231654,-0.99902095,4.22603633,-0.69727702,-16.13737609,-17.75843167,68.47918923,3.22934296,24.67501395,3.12158193,8.512973,-11.09258508,-9.6623054,67.01878335,120.39854704,8.46492794,1.62034742
1760624942.193,0.2446454,-0.79049458,2.72990829,-0.03231107,0.96176113,-0.00819586,80.0,-7.0,0.0,80.0,1.3962634,0.0,0.0,0.0,80.0,-7.0,0.0,80.0,1.3962634,0.0,0.0,0.0,1.98518439,-0.9623149,4.17336105,-0.70135616,-16.28384732,-17.70427393,68.45989878,4.74070721,24.54624932,2.79490801,8.55741734,-11.10528455,-9.67483464,66.96117245,120.33229875,8.4448741,1.61256414
1760624942.226,0.24217504,-0.78344274,2.73183285,-0.03144781,0.96105856,-0.00778223,80.0,-7.0,0.0,80.0,1.3962634,0.0,0.0,0.0,80.0,-7.0,0.0,80.0,1.3962634,0.0,0.0,0.0,2.01741879,-0.94826276,4.18522806,-0.48089567,-16.08512891,-18.78917245,68.49289811,10.01631724,23.06227366,2.61098656,8.52664748,-11.10199023,-9.64808266,66.93316667,120.29263952,8.43263627,1.61494393
1760624942.26,0.24261932,-0.78061602,2.73268481,-0.03079315,0.96048389,-0.00815188,80.0,-7.0,0.0,80.0,1.3962634,0.0,0.0,0.0,80.0,-7.0,0.0,80.0,1.3962634,0.0,0.0,0.0,2.08703865,-0.85914177,4.16262521,0.20148494,-16.41744022,-20.12268857,69.02436429,14.06387729,21.06450582,3.35425358,8.46916202,-11.05149308,-9.64601293,66.87778936,120.26099561,8.42461156,1.64349294
1760624942.293,0.24040406,-0.77946026,2.73127891,-0.0307607,0.96010996,-0.00832644,80.0,-7.0,0.0,80.0,1.3962634,0.0,0.0,0.0,80.0,-7.0,0.0,80.0,1.3962634,0.0,0.0,0.0,2.12097044,-0.80666933,4.13068043,0.9155794,-16.42199556,-20.61420591,69.15154139,17.07768334,19.98933109,3.77931963,8.43569096,-11.02949228,-9.64795505,66.85420471,120.26774904,8.4192626,1.66495909
1760624942.327,0.23987943,-0.76880419,2.72548338,-0.03068669,0.95995556,-0.00792488,80.0,-7.0,0.0,80.0,1.3962634,0.0,0.0,0.0,80.0,-7.0,0.0,80.0,1.3962634,0.0,0.0,0.0,2.18002941,-0.8360667,4.14547704,1.30553186,-16.36404039,-21.39902002,69.60409338,22.32082538,18.22447616,3.96897236,8.35872567,-11.07082451,-9.57833019,66.85327269,120.23294528,8.39908738,1.67092622
1760624942.36,0.23775143,-0.7622378,2.71797471,-0.03252033,0.9596928,-0.00811166,80.0,-7.0,0.0,80.0,1.3962634,0.0,0.0,0.0,80.0,-7.0,0.0,80.0,1.3962634,0.0,0.0,0.0,2.12584996,-0.85814378,4.14477528,1.33903069,-16.56674311,-22.50252388,71.65037145,28.96529216,14.9726201,4.23883493,8.3950765,-11.07965205,-9.56117879,66.87126924,120.21685136,8.3850823,1.68153915
1760624942.394,0.2344325,-0.7586368,2.71411732,-0.03370235,0.95951947,-0.00820725,80.0,-7.0,0.0,80.0,1.3962634,0.0,0.0,0.0,80.0,-7.0,0.0,80.0,1.3962634,0.0,0.0,0.0,2.19306193,-0.86877567,4.14870546,1.51253788,-16.60876554,-23.62477466,72.59623142,38.55356391,11.8666097,4.50776573,8.4025532,-11.06526933,-9.53553028,66.81507422,120.21248338,8.37000208,1.67792063
1760624942.427,0.23189217,-0.75177139,2.71464233,-0.03434017,0.95925676,-0.00800467,80.0,-7.0,0.0,80.0,1.3962634,0.0,0.0,0.0,80.0,-7.0,0.0,80.0,1.3962634,0.0,0.0,0.0,2.44275275,-0.89689349,4.1488818,1.45769385,-16.46305925,-24.05708109,73.12662857,49.44779943,9.02054611,4.04272296,8.36141306,-11.05414148,-9.50455274,66.66171369,120.22953415,8.37436918,1.70575933
1760624942.461,0.22644168,-0.74903163,2.70905725,-0.03195128,0.95857207,-0.00690266,80.0,-7.0,0.0,80.0,1.3962634,0.0,0.0,0.0,80.0,-7.0,0.0,80.0,1.3962634,0.0,0.0,0.0,2.65688354,-0.94297515,4.21944168,1.27035544,-16.04294819,-23.78846746,73.71072377,57.32470196,6.78342557,3.60266827,8.30755973,-11.10037886,-9.40112361,66.56418114,120.22355917,8.38982147,1.77498926
1760624942.494,0.2279891,-0.74559187,2.70622632,-0.03023573,0.95851653,-0.00712112,80.0,-7.0,0.0,80.0,1.3962634,0.0,0.0,0.0,80.0,-7.0,0.0,80.0,1.3962634,0.0,0.0,0.0,2.89971579,-0.93579561,4.25204757,1.42171584,-15.7523606,-23.09979126,74.02030653,67.16654461,3.32387123,3.61136657,8.13922042,-11.14344593,-9.34852313,66.50587318,120.15883805,8.4576666,1.91447335
1760624942.528,0.22332913,-0.74341603,2.7051569,-0.02980703,0.9584763,-0.00732782,80.0,-7.0,0.0,80.0,1.3962634,0.0,0.0,0.0,80.0,-7.0,0.0,80.0,1.3962634,0.0,0.0,0.0,3.12525231,-0.93075235,4.29715227,2.19905151,-15.39608632,-22.39077247,73.90691772,79.6187244,-0.87313803,4.35601706,8.02940404,-11.18713758,-9.27027526,66.41262019,120.06450767,8.55454389,2.1353734
1760624942.561,0.22511655,-0.7394471,2.69628723,-0.03001251,0.95826787,-0.0074536,80.0,-7.0,0.0,80.0,1.3962634,0.0,0.0,0.0,80.0,-7.0,0.0,80.0,1.3962634,0.0,0.0,0.0,3.16019346,-0.92345837,4.36241035,2.26623637,-15.0019931,-22.09609684,74.26038257,87.68278039,-3.14881449,5.42798385,7.94314593,-11.18780226,-9.20650478,66.46782324,119.9808384,8.55559054,2.21464996
1760624942.594,0.22682639,-0.7396169,2.69484496,-0.03053651,0.95817937,-0.00752369,80.0,-7.0,0.0,80.0,1.3962634,0.0,0.0,0.0,80.0,-7.0,0.0,80.0,1.3962634,0.0,0.0,0.0,3.20742607,-0.92267086,4.40896284,2.42249186,-14.88817124,-22.3462062,74.51552968,97.21163024,-4.81727843,7.52934802,7.80352796,-11.19219261,-9.1577109,66.5735722,119.93661045,8.53020135,2.2208034
1760624942.628,0.2355063,-0.74531941,2.69631104,-0.03241274,0.95838165,-0.00758603,80.0,-7.0,0.0,80.0,1.3962634,0.0,0.0,0.0,80.0,-7.0,0.0,80.0,1.3962634,0.0,0.0,0.0,3.45166721,-0.94703192,4.43348609,2.97397622,-14.72125895,-21.16497037,74.49303883,109.69940453,-7.41019861,10.37291093,7.58672823,-11.23912542,-9.08065228,66.57947469,119.91248186,8.47802953,2.19389956
1760624942.661,0.23124038,-0.75064588,2.70043626,-0.03372021,0.95837871,-0.00763374,80.0,-7.0,0.0,80.0,1.3962634,0.0,0.0,0.0,80.0,-7.0,0.0,80.0,1.3962634,0.0,0.0,0.0,3.45174256,-0.94996837,4.45762605,3.03364736,-14.89497396,-21.77786117,74.52255427,119.32347989,-7.28329409,11.940524,7.51490325,-11.23157054,-9.05679833,66.66979985,119.89398537,8.44706645,2.15859472
1760624942.695,0.23554687,-0.75495936,2.70610511,-0.03419692,0.95828739,-0.00781444,80.0,-7.0,0.0,80.0,1.3962634,0.0,0.0,0.0,80.0,-7.0,0.0,80.0,1.3962634,0.0,0.0,0.0,3.44529405,-0.96184902,4.4779318,3.09226277,-15.04067822,-21.46247374,75.69255069,133.40497545,-7.19537977,15.61822552,7.38841029,-11.22154613,-9.04023556,66.80940045,119.90868902,8.41626173,2.11350666
1760624942.728,0.2350843,-0.76306736,2.71432508,-0.03489302,0.95841609,-0.00775015,80.0,-7.0,0.0,80.0,1.3962634,0.0,0.0,0.0,80.0,-7.0,0.0,80.0,1.3962634,0.0,0.0,0.0,3.42046444,-1.00402272,4.43623327,3.39715184,-15.25614363,-20.66760712,75.87526217,142.21495076,-6.9035811,17.76871392,7.36044182,-11.23655646,-9.05555634,66.86018687,119.93550138,8.38839136,2.10470933
1760624942.762,0.23822285,-0.76625548,2.71076058,-0.03542889,0.95867793,-0.00847124,80.0,-7.0,0.0,80.0,1.3962634,0.0,0.0,0.0,80.0,-7.0,0.0,80.0,1.3962634,0.0,0.0,0.0,3.43917763,-1.02031679,4.42109211,3.79420376,-15.80250735,-19.67493628,76.38656472,148.04716221,-5.83486978,20.17005523,7.26424042,-11.21247118,-9.07552291,66.9372205,119.9925009,8.35079515,2.08525233
1760624942.829,0.24621058,-0.77557691,2.72122452,-0.03548763,0.95913482,-0.00849454,80.0,-7.0,0.0,80.0,1.3962634,0.0,0.0,0.0,80.0,-7.0,0.0,80.0,1.3962634,0.0,0.0,0.0,3.49415032,-1.15746854,4.39837175,4.93652356,-16.06667156,-17.83344807,76.74963022,156.86693864,-1.85709625,24.61966386,7.34369619,-11.26326839,-9.03287703,66.8563333,120.00830268,8.26697409,1.9963004
1760624942.862,0.24165166,-0.77656855,2.73479241,-0.03747061,0.95973558,-0.00873604,80.0,-7.0,0.0,80.0,1.3962634,0.0,0.0,0.0,80.0,-7.0,0.0,80.0,1.3962634,0.0,0.0,0.0,3.35985579,-1.20810384,4.34673283,5.76235184,-16.13273879,-16.84274727,76.12797915,158.8475234,-0.27671879,26.29476601,7.46735937,-11.23292377,-9.07488688,66.88838939,120.05028082,8.23516512,1.9678184
1760624942.895,0.23425384,-0.77921899,2.73636394,-0.03730702,0.96015903,-0.00849054,80.0,-7.0,0.0,80.0,1.3962634,0.0,0.0,0.0,80.0,-7.0,0.0,80.0,1.3962634,0.0,0.0,0.0,3.32634564,-1.29092464,4.24369992,6.1727421,-16.2030027,-15.75306825,75.68909882,160.65400012,1.71010246,27.76305929,7.53390576,-11.21972678,-9.20351741,66.89185617,120.20190772,8.21857169,1.93566497
1760624942.929,0.22980473,-0.78061629,2.74517799,-0.03707962,0.96019671,-0.00870547,80.0,-7.0,0.0,80.0,1.3962634,0.0,0.0,0.0,80.0,-7.0,0.0,80.0,1.3962634,0.0,0.0,0.0,3.19933357,-1.31012183,4.1893139,6.07688421,-16.27617101,-15.20128432,75.24377579,161.70908445,2.48545715,28.29778077,7.7059625,-11.14990474,-9.30236016,66.85936024,120.28028497,8.22546584,1.94728877
1760624942.962,0.22915821,-0.78799263,2.7506041,-0.036833,0.96022316,-0.00849608,80.0,-7.0,0.0,80.0,1.3962634,0.0,0.0,0.0,80.0,-7.0,0.0,80.0,1.3962634,0.0,0.0,0.0,3.16486856,-1.29160025,4.14648655,6.08989946,-16.08475942,-14.74917846,74.33855521,162.89719141,2.58236521,28.76477756,7.83103406,-11.10322381,-9.39466333,66.77190704,120.29692985,8.20878044,1.97381123
1760624942.996,0.2268225,-0.78951312,2.75429685,-0.03693213,0.96039549,-0.00904705,80.0,-7.0,0.0,80.0,1.3962634,0.0,0.0,0.0,80.0,-7.0,0.0,80.0,1.3962634,0.0,0.0,0.0,3.13387613,-1.26110488,4.19313436,5.70252335,-16.0616325,-14.52702433,73.93845107,163.09626041,2.87579858,28.87998876,7.96856786,-11.02783529,-9.45221071,66.67691477,120.29900429,8.18144918,1.99026042
1760624943.029,0.22393174,-0.79287225,2.76896702,-0.03667705,0.96051575,-0.00848498,80.0,-7.0,0.0,80.0,1.3962634,0.0,0.0,0.0,80.0,-7.0,0.0,80.0,1.3962634,0.0,0.0,0.0,3.05778136,-1.29048133,4.19223876,5.01349202,-15.89659267,-14.41984327,73.70257361,163.56922998,2.33217294,29.04574701,8.02379289,-10.99802919,-9.55168041,66.7132648,120.32175797,8.17616268,2.00573574
1760624943.063,0.21793482,-0.79689513,2.78140318,-0.03650046,0.96044341,-0.00829903,80.0,-7.0,0.0,80.0,1.3962634,0.0,0.0,0.0,80.0,-7.0,0.0,80.0,1.3962634,0.0,0.0,0.0,3.11634884,-1.30282255,4.25128924,4.8235723,-15.77405732,-14.62224327,73.15487874,163.97946029,1.8555832,28.84356191,8.00716251,-10.97186296,-9.54381185,66.68205428,120.3258174,8.1782633,2.03287059
1760624943.096,0.21494059,-0.80003357,2.80321477,-0.03631053,0.96054473,-0.00783815,80.0,-7.0,0.0,80.0,1.3962634,0.0,0.0,0.0,80.0,-7.0,0.0,80.0,1.3962634,0.0,0.0,0.0,3.16317605,-1.34444507,4.20763722,4.75198681,-15.21388964,-14.01524663,73.42319715,164.64933714,1.3953985,29.73599652,7.84178572,-11.01918047,-9.65035981,66.77401206,120.28850571,8.17292606,2.0783639
1760624943.13,0.21249544,-0.80794345,2.8129277,-0.03706771,0.96074619,-0.00828471,80.0,-7.0,0.0,80.0,1.3962634,0.0,0.0,0.0,80.0,-7.0,0.0,80.0,1.3962634,0.0,0.0,0.0,3.15080684,-1.26287323,4.14623497,5.03706325,-15.25097003,-12.11489739,73.8635751,164.29192061,0.99904114,31.62320038,7.7741386,-10.8867013,-9.81082629,66.80637514,120.31917386,8.20679452,2.1852097
1760624943.163,0.21061316,-0.81052208,2.81350172,-0.0362168,0.96131857,-0.00822101,80.0,-7.0,0.0,80.0,1.3962634,0.0,0.0,0.0,80.0,-7.0,0.0,80.0,1.3962634,0.0,0.0,0.0,3.2550373,-1.28484023,4.20544245,4.78064479,-15.18632198,-12.27685641,73.70780816,163.87333336,0.6958261,31.44706959,7.61503291,-11.00667763,-9.76812372,66.82829878,120.19887109,8.24255044,2.28012863
1760624943.196,0.21713291,-0.81391633,2.80067223,-0.03572251,0.96149446,-0.00752055,80.0,-7.0,0.0,80.0,1.3962634,0.0,0.0,0.0,80.0,-7.0,0.0,80.0,1.3962634,0.0,0.0,0.0,3.56125679,-1.33795994,4.29891625,4.86013094,-14.92301052,-11.97369789,73.42126505,163.87602842,1.19164557,32.01830856,7.43103389,-11.11776188,-9.66895496,66.66886659,120.21023303,8.24539576,2.32646852
1760624943.23,0.22423463,-0.82403937,2.79477095,-0.03517619,0.96124413,-0.00728818,80.0,-7.0,0.0,80.0,1.3962634,0.0,0.0,0.0,80.0,-7.0,0.0,80.0,1.3962634,0.0,0.0,0.0,3.67633007,-1.37462664,4.29723387,4.93640827,-15.0344521,-11.91674952,73.45072017,163.42086968,1.66280883,32.18452034,7.40560944,-11.18479273,-9.64099577,66.54052351,120.1739995,8.22607908,2.32126026
1760624943.263,0.22195639,-0.83200951,2.79509169,-0.03584538,0.9614934,-0.0073984,80.0,-7.0,0.0,80.0,1.3962634,0.0,0.0,0.0,80.0,-7.0,0.0,80.0,1.3962634,0.0,0.0,0.0,3.59940122,-1.3995228,4.30145561,4.41136512,-15.10896295,-12.13927937,73.96253848,162.56347463,1.64480604,32.08040911,7.53685591,-11.20074838,-9.5948027,66.4845227,120.16411034,8.1964821,2.31938392
1760624943.297,0.21033632,-0.84085734,2.8016708,-0.03751824,0.96155538,-0.00769173,80.0,-7.0,0.0,80.0,1.3962634,0.0,0.0,0.0,80.0,-7.0,0.0,80.0,1.3962634,0.0,0.0,0.0,3.4014207,-1.4130149,4.24490836,4.2844917,-15.16831415,-12.27310031,74.27359277,159.54942073,0.665531,31.4578741,7.77160419,-11.15632876,-9.6279612,66.47486184,120.18318054,8.1918948,2.30630791
1760624943.33,0.19502679,-0.85015705,2.81754083,-0.03695806,0.96142644,-0.00822147,80.0,-7.0,0.0,80.0,1.3962634,0.0,0.0,0.0,80.0,-7.0,0.0,80.0,1.3962634,0.0,0.0,0.0,2.82038066,-1.41362507,4.12718447,3.50550365,-15.21477337,-13.608747,75.06714186,154.56364285,-0.7589083,29.17611638,8.20216259,-11.08290787,-9.76876705,66.63964367,120.24184818,8.18344073,2.27610369
1760624943.364,0.18914295,-0.85853843,2.8282781,-0.03686086,0.96145941,-0.00759429,80.0,-7.0,0.0,80.0,1.3962634,0.0,0.0,0.0,80.0,-7.0,0.0,80.0,1.3962634,0.0,0.0,0.0,2.55766608,-1.41374964,4.075189,3.01787746,-14.90357605,-15.8890607,74.16079868,146.88839062,-2.25121687,24.77862225,8.43309601,-10.9951314,-9.82600055,66.6766937,120.32422539,8.15529284,2.25386913
1760624943.397,0.18638656,-0.86813525,2.83582286,-0.03710914,0.96173092,-0.00720897,80.0,-7.0,0.0,80.0,1.3962634,0.0,0.0,0.0,80.0,-7.0,0.0,80.0,1.3962634,0.0,0.0,0.0,2.51030546,-1.44845802,4.04699018,3.05782354,-14.8374394,-16.96269743,72.33888396,134.9304306,-4.07864497,19.52688108,8.63288941,-11.05715842,-9.78943883,66.56273749,120.35472701,8.12977453,2.25255048
1760624943.431,0.18860403,-0.87736468,2.84301901,-0.03842129,0.96208271,-0.00665028,80.0,-7.0,0.0,80.0,1.3962634,0.0,0.0,0.0,80.0,-7.0,0.0,80.0,1.3962634,0.0,0.0,0.0,2.68389336,-1.45834672,4.04881089,3.69220396,-14.78959723,-17.61311734,70.44319195,125.59120143,-4.35005971,15.23813845,8.64075709,-11.11032848,-9.7427095,66.40875492,120.36919216,8.09933406,2.23339679
1760624943.464,0.18221394,-0.88732552,2.84422473,-0.03853359,0.96233497,-0.0066368,80.0,-7.0,0.0,80.0,1.3962634,0.0,0.0,0.0,80.0,-7.0,0.0,80.0,1.3962634,0.0,0.0,0.0,2.62898751,-1.51003879,4.01788161,3.72725337,-14.9300789,-18.60485763,69.04904182,115.18067583,-3.0355106,10.44117425,8.6590199,-11.15651467,-9.8270945,66.46696264,120.44376299,8.07201791,2.21083346
1760624943.498,0.1783377,-0.8866273,2.84520682,-0.03946994,0.96324263,-0.00554693,80.0,-7.0,0.0,80.0,1.3962634,0.0,0.0,0.0,80.0,-7.0,0.0,80.0,1.3962634,0.0,0.0,0.0,2.78393221,-1.55864466,3.91445731,4.20782855,-13.88467828,-19.51810502,67.10369254,101.07326486,0.71655441,4.89965123,8.42169809,-10.95823513,-10.08172002,66.53061088,120.81593443,8.0146644,2.19720726
1760624943.531,0.17330449,-0.88964855,2.83931093,-0.03888508,0.96300763,-0.00622524,80.0,-7.0,0.0,80.0,1.3962634,0.0,0.0,0.0,80.0,-7.0,0.0,80.0,1.3962634,0.0,0.0,0.0,2.85632136,-1.55944279,3.92899525,4.53198851,-14.0635312,-18.96697307,65.58842061,88.83107753,4.10792224,1.37772364,8.36209827,-11.02077948,-10.05502891,66.52220291,120.82750259,7.97519896,2.18429119
1760624943.565,0.16957873,-0.89242198,2.83201532,-0.03635995,0.96197924,-0.00689896,80.0,-7.0,0.0,80.0,1.3962634,0.0,0.0,0.0,80.0,-7.0,0.0,80.0,1.3962634,0.0,0.0,0.0,3.00898603,-1.49970531,4.04567321,4.73458536,-14.15422258,-18.20709618,64.22974709,75.42382675,8.837812,-1.81608023,8.26696911,-11.0625416,-9.89011451,66.4783149,120.78775401,7.91455825,2.1479947
1760624943.598,0.16158768,-0.8906463,2.83116033,-0.03492214,0.96145837,-0.007065,80.0,-7.0,0.0,80.0,1.3962634,0.0,0.0,0.0,80.0,-7.0,0.0,80.0,1.3962634,0.0,0.0,0.0,3.09400684,-1.45347075,4.11722519,4.6161163,-13.96350364,-17.15127256,63.89396768,65.86203135,11.93832228,-3.53902881,8.18560029,-11.02628759,-9.82246538,66.47281678,120.76625684,7.89933229,2.1228922
1760624943.632,0.16181383,-0.88641398,2.82846637,-0.03456176,0.96135467,-0.0071168,80.0,-7.0,0.0,80.0,1.3962634,0.0,0.0,0.0,80.0,-7.0,0.0,80.0,1.3962634,0.0,0.0,0.0,3.14332174,-1.39512201,4.19715669,4.42204509,-13.74187534,-15.77468035,64.30753543,55.28465156,15.0035984,-4.4454638,8.03767228,-10.930087,-9.77196091,66.55534737,120.7915661,7.89358153,2.11446557
1760624943.665,0.16506073,-0.87142197,2.82561495,-0.03480564,0.96164298,-0.00617798,80.0,-7.0,0.0,80.0,1.3962634,0.0,0.0,0.0,80.0,-7.0,0.0,80.0,1.3962634,0.0,0.0,0.0,3.19125547,-1.3328329,4.22711579,4.14038663,-12.82762436,-15.25979173,66.25661962,41.01649135,19.77456948,-3.25883366,7.66000937,-10.45307956,-9.92808826,66.82309538,121.21453425,7.85040106,2.1429293
1760624943.698,0.1546935,-0.86198637,2.82200659,-0.03322773,0.96120828,-0.00716113,80.0,-7.0,0.0,80.0,1.3962634,0.0,0.0,0.0,80.0,-7.0,0.0,80.0,1.3962634,0.0,0.0,0.0,3.24047326,-1.33845866,4.27163031,3.59238379,-12.66067082,-14.745616,68.06857938,28.90356735,22.83394367,-1.83604621,7.61804011,-10.53131122,-9.85330584,66.7757822,121.12998982,7.84096807,2.13662451
1760624943.732,0.14968712,-0.85873836,2.81800372,-0.0334642,0.96052367,-0.00762218,80.0,-7.0,0.0,80.0,1.3962634,0.0,0.0,0.0,80.0,-7.0,0.0,80.0,1.3962634,0.0,0.0,0.0,3.19024796,-1.3906406,4.28170755,4.45380742,-12.84937995,-14.54907895,69.20486355,19.10646403,22.88844754,-0.512104,7.84847902,-10.87801831,-9.69037482,66.55520246,120.7826029,7.84138494,2.1072753
1760624943.765,0.13943494,-0.84982942,2.82089572,-0.0348331,0.96003205,-0.00742593,80.0,-7.0,0.0,80.0,1.3962634,0.0,0.0,0.0,80.0,-7.0,0.0,80.0,1.3962634,0.0,0.0,0.0,3.17803944,-1.44423415,4.17211204,6.23588044,-13.29405539,-14.13515937,70.53484607,13.4902529,18.1101297,-0.61833706,8.07782124,-11.16130839,-9.64505565,66.27595798,120.52969308,7.85099005,2.08828891
1760624943.799,0.13596678,-0.84674498,2.82363396,-0.03576592,0.95964072,-0.0074896,80.0,-7.0,0.0,80.0,1.3962634,0.0,0.0,0.0,80.0,-7.0,0.0,80.0,1.3962634,0.0,0.0,0.0,2.92131762,-1.43904871,4.14516675,6.94252519,-14.6460082,-15.07238253,71.83346479,9.71072808,14.3346298,0.31574892,8.54569561,-11.24712883,-9.55539817,66.03966397,120.38379935,7.83877089,2.07757981
1760624943.832,0.12836606,-0.83905708,2.81620492,-0.03531434,0.95941473,-0.0077434,80.0,-7.0,0.0,80.0,1.3962634,0.0,0.0,0.0,80.0,-7.0,0.0,80.0,1.3962634,0.0,0.0,0.0,2.56936543,-1.42392953,4.16732078,6.56390304,-15.7985008,-16.64045684,72.92351049,6.24095348,12.07864672,1.51724781,8.95903462,-11.28469576,-9.47819558,65.96896785,120.28337513,7.83850334,2.07790098
1760624943.866,0.13455292,-0.8283996,2.80493825,-0.03461448,0.95905361,-0.00752799,80.0,-7.0,0.0,80.0,1.3962634,0.0,0.0,0.0,80.0,-7.0,0.0,80.0,1.3962634,0.0,0.0,0.0,2.42662692,-1.40991492,4.13748473,5.97931107,-16.29087294,-18.94946737,72.38403061,3.82878452,10.8005659,3.39410476,9.2359279,-11.31185786,-9.47074627,65.80634894,120.25006849,7.83655388,2.1040112
1760624943.899,0.12881988,-0.82876283,2.79617493,-0.03326649,0.95904519,-0.00766658,80.0,-7.0,0.0,80.0,1.3962634,0.0,0.0,0.0,80.0,-7.0,0.0,80.0,1.3962634,0.0,0.0,0.0,2.27514073,-1.34984399,4.13288703,4.71231037,-16.90913167,-21.29714013,72.4072314,2.04959092,10.20844063,5.47196592,9.54948597,-11.31244633,-9.42476957,65.65320309,120.187597,7.82503816,2.10998855
1760624943.932,0.13390618,-0.83146254,2.79278724,-0.0322807,0.95900876,-0.00751734,80.0,-7.0,0.0,80.0,1.3962634,0.0,0.0,0.0,80.0,-7.0,0.0,80.0,1.3962634,0.0,0.0,0.0,2.20669117,-1.29776478,4.19251561,3.53704134,-16.91866691,-21.80862832,71.95654052,1.03737407,10.78679564,5.84000527,9.68505382,-11.3174645,-9.33430011,65.60631116,120.11111463,7.82599933,2.0897811
1760624943.966,0.1430565,-0.83715889,2.79230287,-0.03086871,0.95987877,-0.00741618,80.0,-7.0,0.0,80.0,1.3962634,0.0,0.0,0.0,80.0,-7.0,0.0,80.0,1.3962634,0.0,0.0,0.0,2.17897083,-1.25671589,4.29156184,1.4810777,-16.69410261,-22.33187952,70.92736164,0.50050724,13.46418417,6.58430891,9.79335974,-11.32414367,-9.21413025,65.54273123,120.06401642,7.80360532,2.07462051
1760624943.999,0.13904859,-0.84031761,2.79187974,-0.02983231,0.95991738,-0.00770731,80.0,-7.0,0.0,80.0,1.3962634,0.0,0.0,0.0,80.0,-7.0,0.0,80.0,1.3962634,0.0,0.0,0.0,2.20207023,-1.17538146,4.30051158,0.46893159,-16.57551982,-22.0050069,69.20967179,0.18252858,16.2733854,6.91165077,9.77125518,-11.28707043,-9.23281516,65.52621998,120.06392966,7.80023324,2.08345659
1760624944.033,0.14556313,-0.84201468,2.78745791,-0.03022933,0.96006317,-0.00799553,80.0,-7.0,0.0,80.0,1.3962634,0.0,0.0,0.0,80.0,-7.0,0.0,80.0,1.3962634,0.0,0.0,0.0,2.18840679,-1.10435625,4.29169349,0.04136734,-16.39446241,-21.53295174,68.294618,0.22089791,17.86613616,6.90079567,9.73513186,-11.27069565,-9.25647713,65.54949423,120.07629194,7.80280338,2.10344751
1760624944.066,0.15335701,-0.85230172,2.78475336,-0.030713,0.96020532,-0.00813388,80.0,-7.0,0.0,80.0,1.3962634,0.0,0.0,0.0,80.0,-7.0,0.0,80.0,1.3962634,0.0,0.0,0.0,2.11665463,-1.00609746,4.28443545,-0.51407135,-16.2837788,-21.60534207,68.16309685,0.06533772,18.84423104,7.20340722,9.77396405,-11.30220996,-9.22643358,65.56831964,120.02168093,7.79505085,2.11887527
1760624944.1,0.1622745,-0.86418145,2.77906492,-0.0319431,0.95977523,-0.00828306,80.0,-7.0,0.0,80.0,1.3962634,0.0,0.0,0.0,80.0,-7.0,0.0,80.0,1.3962634,0.0,0.0,0.0,2.11857111,-0.90237162,4.36355412,-0.4310888,-16.19847992,-21.56471892,68.12184475,0.13108876,18.92489944,7.08574518,9.72875058,-11.26512359,-9.13742794,65.61328611,119.97325785,7.77176614,2.11776546
1760624944.133,0.16311972,-0.87140079,2.78014277,-0.03364842,0.95948083,-0.00839472,80.0,-7.0,0.0,80.0,1.3962634,0.0,0.0,0.0,80.0,-7.0,0.0,80.0,1.3962634,0.0,0.0,0.0,2.15491996,-0.8596725,4.37086507,-0.01302949,-16.19791067,-21.01147205,67.32981999,0.47377987,19.31242985,6.68476185,9.61320913,-11.2891526,-9.1379332,65.70039564,119.91565848,7.76983668,2.09541589
1760624944.167,0.17064526,-0.87829139,2.7892726,-0.0346472,0.95927045,-0.00858631,80.0,-7.0,0.0,80.0,1.3962634,0.0,0.0,0.0,80.0,-7.0,0.0,80.0,1.3962634,0.0,0.0,0.0,2.21253494,-0.7769876,4.48095279,0.08416983,-16.02774229,-20.04051373,67.37165723,0.73964159,19.45347992,5.44789739,9.44057346,-11.17070119,-9.11033255,65.83415701,119.95197981,7.76667403,2.10634298
1760624944.2,0.16901558,-0.87506339,2.80267423,-0.03515379,0.95978916,-0.00852622,80.0,-7.0,0.0,80.0,1.3962634,0.0,0.0,0.0,80.0,-7.0,0.0,80.0,1.3962634,0.0,0.0,0.0,2.23497969,-0.73156658,4.54590039,0.0667353,-15.77795853,-19.76891257,67.41632711,1.34521531,19.71315997,4.85538615,9.34195673,-11.1549504,-9.08859977,65.90899804,119.93010916,7.76678614,2.12394262
1760624944.234,0.16388691,-0.87353743,2.82057626,-0.03568457,0.96011972,-0.00870869,80.0,-7.0,0.0,80.0,1.3962634,0.0,0.0,0.0,80.0,-7.0,0.0,80.0,1.3962634,0.0,0.0,0.0,2.25290676,-0.69298217,4.57047753,0.23776105,-15.7660996,-19.29283936,67.439055,2.92916519,19.73704311,4.0725922,9.2621837,-11.14006085,-9.10494414,65.94923392,119.95424344,7.75412817,2.13542687
1760624944.267,0.15934584,-0.86676427,2.8370126,-0.03765436,0.96011822,-0.00840931,80.0,-7.0,0.0,80.0,1.3962634,0.0,0.0,0.0,80.0,-7.0,0.0,80.0,1.3962634,0.0,0.0,0.0,2.332951,-0.66257544,4.56817556,0.28929289,-16.00440711,-18.97786042,67.1195661,7.17325119,20.31313731,2.91413457,8.97741769,-11.14191251,-9.19468634,66.09623096,119.98922583,7.74018689,2.1521857
1760624944.3,0.15940798,-0.85278203,2.84406095,-0.03783401,0.95993053,-0.00822684,80.0,-7.0,0.0,80.0,1.3962634,0.0,0.0,0.0,80.0,-7.0,0.0,80.0,1.3962634,0.0,0.0,0.0,2.38381569,-0.68728638,4.61615774,0.17469206,-16.005274,-18.86715835,67.17875388,11.03167831,20.58698869,1.83288469,8.76118576,-11.16159918,-9.21121475,66.22414899,119.99094175,7.74801617,2.18303622
1760624944.334,0.15891196,-0.84529376,2.84218781,-0.03802493,0.95958977,-0.00809502,80.0,-7.0,0.0,80.0,1.3962634,0.0,0.0,0.0,80.0,-7.0,0.0,80.0,1.3962634,0.0,0.0,0.0,2.49772176,-0.70739939,4.69485854,-0.14443344,-16.01359616,-19.24818774,67.65432986,15.7715473,20.43107128,1.0875899,8.503242,-11.17612953,-9.20175197,66.33862608,119.99321565,7.76603864,2.22511983
1760624944.367,0.15100054,-0.83398915,2.84067511,-0.03610651,0.95913633,-0.008265,80.0,-7.0,0.0,80.0,1.3962634,0.0,0.0,0.0,80.0,-7.0,0.0,80.0,1.3962634,0.0,0.0,0.0,2.61728034,-0.74093091,4.72834736,-0.70162611,-16.01460092,-19.84938707,68.35027011,22.01326011,20.42603495,-0.12064767,8.31584652,-11.17954875,-9.20885132,66.3383386,119.95289529,7.729379,2.22520786
1760624944.401,0.1484176,-0.81425402,2.82952982,-0.03345539,0.95857196,-0.00855666,80.0,-7.0,0.0,80.0,1.3962634,0.0,0.0,0.0,80.0,-7.0,0.0,80.0,1.3962634,0.0,0.0,0.0,2.77443452,-0.72520477,4.73529274,-0.47276493,-16.2716722,-20.80715868,70.82938966,27.33676219,17.28952966,0.23705264,8.19310552,-11.13377169,-9.21416989,66.25366325,119.91216909,7.71710735,2.23807337
1760624944.434,0.14423387,-0.79572592,2.82544659,-0.03228859,0.95840929,-0.00861364,80.0,-7.0,0.0,80.0,1.3962634,0.0,0.0,0.0,80.0,-7.0,0.0,80.0,1.3962634,0.0,0.0,0.0,2.83691836,-0.76773159,4.68588833,-0.63748816,-16.08925749,-22.09015351,71.54307611,35.6028634,15.49068292,0.03736437,8.14599264,-11.11909455,-9.25172014,66.21164162,119.92543831,7.71395953,2.2470112
1760624944.468,0.12852493,-0.78160324,2.81687997,-0.03303159,0.95760525,-0.00814091,80.0,-7.0,0.0,80.0,1.3962634,0.0,0.0,0.0,80.0,-7.0,0.0,80.0,1.3962634,0.0,0.0,0.0,2.84559969,-0.78213646,4.57265654,-1.75199605,-16.04235231,-23.94073113,75.40576713,46.28773993,11.33976546,1.14777128,8.27746714,-11.09537767,-9.28730898,66.05571139,119.89240849,7.73201675,2.27574161
1760624944.501,0.12992948,-0.76953376,2.80754797,-0.03358794,0.95699043,-0.0077079,80.0,-7.0,0.0,80.0,1.3962634,0.0,0.0,0.0,80.0,-7.0,0.0,80.0,1.3962634,0.0,0.0,0.0,2.83123636,-0.74840706,4.47010442,-2.18510968,-15.86465304,-24.71187768,77.98402297,53.42459029,8.59976171,2.33800131,8.46072234,-11.0554374,-9.30264704,65.86395601,119.84504383,7.7180072,2.28316972
1760624944.535,0.12434625,-0.75505308,2.78802232,-0.03208496,0.956367,-0.00595917,80.0,-7.0,0.0,80.0,1.3962634,0.0,0.0,0.0,80.0,-7.0,0.0,80.0,1.3962634,0.0,0.0,0.0,2.8718726,-0.8151515,4.42452024,-3.32560483,-15.392326,-26.09598583,80.93358003,64.09550386,5.73884811,4.00621791,8.62216966,-11.06390086,-9.28066567,65.6639517,119.82168744,7.72657168,2.33924466
1760624944.601,0.12808696,-0.740431,2.7728342,-0.02839748,0.95705156,-0.00653414,80.0,-7.0,0.0,80.0,1.3962634,0.0,0.0,0.0,80.0,-7.0,0.0,80.0,1.3962634,0.0,0.0,0.0,3.18313897,-0.83287564,4.42946104,-2.73452783,-14.55386678,-23.57835488,81.48856844,81.97415167,-1.05254481,4.83825628,8.45275568,-10.95006344,-9.19051372,65.50661086,119.74776549,7.69606757,2.35343432
1760624944.635,0.13523641,-0.73856868,2.76054417,-0.02694148,0.9576428,-0.00610151,80.0,-7.0,0.0,80.0,1.3962634,0.0,0.0,0.0,80.0,-7.0,0.0,80.0,1.3962634,0.0,0.0,0.0,3.24063917,-0.81478393,4.45176785,-2.04324155,-14.36265399,-23.89935322,81.03012208,90.94444506,-2.11223733,6.51963612,8.52101415,-10.910579,-9.05917839,65.41243658,119.67643629,7.69291213,2.34738645
1760624944.668,0.14605801,-0.73964295,2.76233995,-0.02902709,0.95864696,-0.00534308,80.0,-7.0,0.0,80.0,1.3962634,0.0,0.0,0.0,80.0,-7.0,0.0,80.0,1.3962634,0.0,0.0,0.0,3.289668,-0.83605128,4.44010622,-1.09486658,-13.2541856,-23.37619072,80.58569313,100.55369073,-3.88044856,8.27324532,8.52893439,-10.90111083,-8.98919181,65.37538441,119.67147708,7.68557938,2.35784168
1760624944.702,0.14853935,-0.7449446,2.77377915,-0.03334422,0.95955808,-0.00485175,80.0,-7.0,0.0,80.0,1.3962634,0.0,0.0,0.0,80.0,-7.0,0.0,80.0,1.3962634,0.0,0.0,0.0,3.201316,-0.89905266,4.33702989,-0.26929538,-13.10807726,-22.47049158,79.87252574,111.38876279,-5.73797519,9.87905315,8.55295291,-10.89762611,-9.0665736,65.45236028,119.74624588,7.67281676,2.35910963
1760624944.736,0.14526585,-0.75867592,2.78148129,-0.03604815,0.96008339,-0.00383073,80.0,-7.0,0.0,80.0,1.3962634,0.0,0.0,0.0,80.0,-7.0,0.0,80.0,1.3962634,0.0,0.0,0.0,3.24506013,-0.99890336,4.25884239,1.18432311,-12.95057509,-20.32769044,79.92464344,127.84014773,-7.6804426,14.82873663,8.56871423,-10.94533584,-9.06825895,65.41817818,119.80382379,7.67454939,2.3789385
1760624944.769,0.15420234,-0.77133845,2.79134455,-0.03681695,0.96003254,-0.00368408,80.0,-7.0,0.0,80.0,1.3962634,0.0,0.0,0.0,80.0,-7.0,0.0,80.0,1.3962634,0.0,0.0,0.0,3.42865758,-1.08792706,4.21811683,2.90614912,-13.22866488,-19.11867331,79.55972143,140.8795063,-6.41398683,19.25390696,8.56824509,-11.03192735,-8.9875882,65.24328316,119.82678125,7.67114049,2.3808527
1760624944.802,0.16323389,-0.7859065,2.79762408,-0.03713367,0.95975533,-0.00445842,80.0,-7.0,0.0,80.0,1.3962634,0.0,0.0,0.0,80.0,-7.0,0.0,80.0,1.3962634,0.0,0.0,0.0,3.65130225,-1.13320068,4.18857597,3.86101714,-13.71977542,-18.30586011,78.90706211,151.31568573,-3.73342615,22.15073247,8.51479426,-11.09440503,-8.88949666,65.06836104,119.82748978,7.65252043,2.39129841
1760624944.836,0.15914788,-0.79488598,2.78832747,-0.03730163,0.95968256,-0.00527112,80.0,-7.0,0.0,80.0,1.3962634,0.0,0.0,0.0,80.0,-7.0,0.0,80.0,1.3962634,0.0,0.0,0.0,3.67442155,-1.14968127,4.14955218,5.17486067,-14.08955856,-16.8065004,78.46264067,158.49664692,0.32046379,25.50610292,8.60557515,-11.08396251,-8.84251539,64.93850248,119.83489302,7.63659581,2.40774263
1760624944.869,0.16330602,-0.79817712,2.7892734,-0.037166,0.95963437,-0.00544295,80.0,-7.0,0.0,80.0,1.3962634,0.0,0.0,0.0,80.0,-7.0,0.0,80.0,1.3962634,0.0,0.0,0.0,3.70441055,-1.15305881,4.1026511,6.40442569,-14.50455892,-15.59002086,77.9779805,160.62403352,2.77695043,27.89156412,8.71717593,-11.05941951,-8.82827049,64.80725987,119.81520461,7.6602252,2.42636258
1760624944.903,0.16960145,-0.8024873,2.79421327,-0.03690164,0.95922839,-0.00559032,80.0,-7.0,0.0,80.0,1.3962634,0.0,0.0,0.0,80.0,-7.0,0.0,80.0,1.3962634,0.0,0.0,0.0,3.64919984,-1.14352013,4.08011923,7.22571029,-14.942206,-14.84748155,77.62056517,162.33497321,4.74691652,29.52067866,8.93094521,-10.99327309,-8.81025808,64.67553384,119.80549571,7.66823499,2.44343061
1760624944.936,0.15966063,-0.80528744,2.81800524,-0.03724463,0.95898305,-0.00647493,80.0,-7.0,0.0,80.0,1.3962634,0.0,0.0,0.0,80.0,-7.0,0.0,80.0,1.3962634,0.0,0.0,0.0,3.56519027,-1.09779965,4.106979,7.67976518,-15.25710806,-14.16430336,77.11890092,163.86226665,6.17224916,30.89125498,9.05257595,-10.91781632,-8.79144392,64.65657899,119.69441668,7.79135349,2.45338617
1760624944.969,0.14917867,-0.80284882,2.83128938,-0.03761249,0.95894791,-0.00680548,80.0,-7.0,0.0,80.0,1.3962634,0.0,0.0,0.0,80.0,-7.0,0.0,80.0,1.3962634,0.0,0.0,0.0,3.54735052,-1.02471342,4.06710021,8.05763334,-15.276756,-12.94067578,75.95331756,163.97122022,6.21630336,32.04351044,9.0206228,-10.83442175,-8.88193186,64.70136015,119.69695104,7.92191009,2.47338869
1760624945.003,0.14835312,-0.79558828,2.84447853,-0.0406138,0.95959275,-0.00765,80.0,-7.0,0.0,80.0,1.3962634,0.0,0.0,0.0,80.0,-7.0,0.0,80.0,1.3962634,0.0,0.0,0.0,3.45643903,-0.97860914,4.22536127,7.15341208,-15.44816288,-12.85949233,75.15961558,164.19515361,5.47715177,32.26195236,8.84029219,-10.79920051,-8.79095069,64.96727867,119.70864549,7.95796221,2.48428244
1760624945.036,0.15411308,-0.79672723,2.85683133,-0.04217346,0.95973748,-0.00758293,80.0,-7.0,0.0,80.0,1.3962634,0.0,0.0,0.0,80.0,-7.0,0.0,80.0,1.3962634,0.0,0.0,0.0,3.36506929,-0.96843867,4.18930234,7.12237729,-15.46118316,-12.73829588,74.43336124,164.25058171,6.29259206,32.35976565,8.81859791,-10.84813707,-8.87208933,65.0357975,119.72543451,7.92041558,2.47854199
1760624945.07,0.15554089,-0.80082226,2.85316454,-0.04256648,0.9599568,-0.00731124,80.0,-7.0,0.0,80.0,1.3962634,0.0,0.0,0.0,80.0,-7.0,0.0,80.0,1.3962634,0.0,0.0,0.0,3.34042933,-0.95398922,4.15162271,7.54646313,-15.31863388,-11.84979954,73.71294281,163.62543738,6.65595855,33.20830213,8.80340052,-10.80027182,-9.00081714,65.0515317,119.77914869,7.8966237,2.48337395
1760624945.103,0.15685355,-0.80511439,2.850368,-0.04052399,0.95970159,-0.0061257,80.0,-7.0,0.0,80.0,1.3962634,0.0,0.0,0.0,80.0,-7.0,0.0,80.0,1.3962634,0.0,0.0,0.0,3.23078527,-1.00407297,4.15241563,6.91912574,-15.17197749,-12.3676535,72.87137137,163.65548145,6.23024434,32.50263805,9.05668363,-10.87869539,-8.99889777,64.8973661,119.74616915,7.87203049,2.46696313
1760624945.137,0.14246273,-0.81504272,2.85807499,-0.03831461,0.95952975,-0.00505382,80.0,-7.0,0.0,80.0,1.3962634,0.0,0.0,0.0,80.0,-7.0,0.0,80.0,1.3962634,0.0,0.0,0.0,3.11650222,-1.03738809,4.12988007,6.08563029,-15.18640854,-12.75967831,72.79952035,163.63204195,5.97749889,32.16762164,9.20867179,-10.82847672,-9.08210327,64.8467179,119.83855603,7.85535451,2.48279119
1760624945.17,0.12993539,-0.82786988,2.87425046,-0.0367766,0.95969602,-0.00423877,80.0,-7.0,0.0,80.0,1.3962634,0.0,0.0,0.0,80.0,-7.0,0.0,80.0,1.3962634,0.0,0.0,0.0,2.96427126,-1.01703367,4.12360277,5.57826586,-14.59699181,-13.97717438,73.32955859,164.44580772,6.2671307,31.52651358,9.52233733,-10.84420421,-9.03076171,64.69120708,119.83890037,7.86163675,2.49622096
1760624945.203,0.11789088,-0.83333868,2.89456624,-0.03638347,0.96005468,-0.00401887,80.0,-7.0,0.0,80.0,1.3962634,0.0,0.0,0.0,80.0,-7.0,0.0,80.0,1.3962634,0.0,0.0,0.0,2.69728225,-0.99770842,4.04469944,5.02061002,-14.40853513,-14.29912562,73.42375354,164.29594448,5.52485558,31.08319246,9.80597266,-10.85153154,-9.09873005,64.66194752,119.87565547,7.86823413,2.52276607
1760624945.237,0.12272722,-0.83085266,2.90600403,-0.03682749,0.9606256,-0.00444453,80.0,-7.0,0.0,80.0,1.3962634,0.0,0.0,0.0,80.0,-7.0,0.0,80.0,1.3962634,0.0,0.0,0.0,2.44110397,-0.95378627,4.04183149,4.51398238,-14.14905983,-15.09708602,72.97261798,163.38378926,3.79796727,29.69048459,10.10722932,-10.87470778,-9.08249162,64.58991782,119.90487559,7.9154248,2.62271713
1760624945.27,0.11683281,-0.83140477,2.90980456,-0.03893761,0.9612459,-0.00506809,80.0,-7.0,0.0,80.0,1.3962634,0.0,0.0,0.0,80.0,-7.0,0.0,80.0,1.3962634,0.0,0.0,0.0,2.27855248,-0.8883406,3.99558762,4.67105884,-14.23095045,-15.28179387,72.49652455,160.41332531,2.49249503,28.43397097,10.29563875,-10.86723199,-9.12094327,64.5580757,119.94853334,7.95008697,2.68952713
1760624945.304,0.11028008,-0.83794812,2.90798227,-0.03940417,0.96113061,-0.00573617,80.0,-7.0,0.0,80.0,1.3962634,0.0,0.0,0.0,80.0,-7.0,0.0,80.0,1.3962634,0.0,0.0,0.0,2.13633919,-0.80620815,3.98639704,4.637513,-14.50563986,-15.69016124,72.62098423,154.89617862,2.02800741,26.88650393,10.54761418,-10.84991182,-9.08082487,64.45979341,119.93616781,7.94159767,2.7113985
1760624945.337,0.11312502,-0.84408998,2.90564634,-0.03660326,0.96039824,-0.00688274,80.0,-7.0,0.0,80.0,1.3962634,0.0,0.0,0.0,80.0,-7.0,0.0,80.0,1.3962634,0.0,0.0,0.0,2.19488547,-0.67560341,4.05792379,4.63627183,-14.77526478,-16.37521821,72.08992666,144.23207685,2.19098866,23.81422281,10.62436205,-10.80161183,-8.94818744,64.37402422,119.86442499,7.92138444,2.67675256
1760624945.371,0.10534722,-0.84986985,2.89052543,-0.03463667,0.96015011,-0.00735367,80.0,-7.0,0.0,80.0,1.3962634,0.0,0.0,0.0,80.0,-7.0,0.0,80.0,1.3962634,0.0,0.0,0.0,2.16844053,-0.5972026,4.13580907,4.52467775,-14.95437146,-17.28673371,71.92915488,135.80950924,3.43834488,21.05530304,10.723327,-10.74683406,-8.86645449,64.38855968,119.86200839,7.91298776,2.65127349
1760624945.404,0.09867672,-0.85564738,2.89181243,-0.03515751,0.96060897,-0.00679313,80.0,-7.0,0.0,80.0,1.3962634,0.0,0.0,0.0,80.0,-7.0,0.0,80.0,1.3962634,0.0,0.0,0.0,2.0925821,-0.59861322,4.17182514,3.77664607,-15.2116692,-19.56189713,71.22319037,128.22362374,5.47094743,16.51940619,10.82728443,-10.78526818,-8.81795799,64.43930993,119.83567558,7.88209442,2.61162854
1760624945.438,0.08880613,-0.8640136,2.8959065,-0.03508624,0.96088065,-0.00661995,80.0,-7.0,0.0,80.0,1.3962634,0.0,0.0,0.0,80.0,-7.0,0.0,80.0,1.3962634,0.0,0.0,0.0,1.97489629,-0.54521946,4.18831136,3.5294911,-15.54006369,-20.85605602,70.06555136,115.88564013,9.33914729,11.47886001,10.94432699,-10.77219259,-8.82141198,64.50074486,119.83211262,7.80421229,2.5400154
1760624945.471,0.08287568,-0.86433333,2.90344979,-0.03535222,0.9608106,-0.00667671,80.0,-7.0,0.0,80.0,1.3962634,0.0,0.0,0.0,80.0,-7.0,0.0,80.0,1.3962634,0.0,0.0,0.0,1.99079221,-0.53086384,4.1900237,4.15177172,-15.66296329,-20.52252976,69.20685452,104.7942974,13.05543276,8.9500436,10.90045518,-10.75627916,-8.85329982,64.55337973,119.8652772,7.76895445,2.52568547
1760624945.505,0.08479417,-0.85969383,2.91322614,-0.03537655,0.96184448,-0.00554542,80.0,-7.0,0.0,80.0,1.3962634,0.0,0.0,0.0,80.0,-7.0,0.0,80.0,1.3962634,0.0,0.0,0.0,2.01738227,-0.61805429,4.1747753,4.93988558,-15.60008334,-19.41689349,67.30020917,91.10977155,17.84362349,4.74781892,10.84212712,-10.8466024,-8.86571123,64.59669467,119.91042723,7.72612298,2.51053352
1760624945.538,0.08242515,-0.85383133,2.91188482,-0.03356686,0.96151545,-0.00575693,80.0,-7.0,0.0,80.0,1.3962634,0.0,0.0,0.0,80.0,-7.0,0.0,80.0,1.3962634,0.0,0.0,0.0,2.20431582,-0.63092901,4.1565766,6.63109847,-15.76319329,-16.36966854,66.28614382,81.27127945,19.8624531,2.94888492,10.77449217,-10.88861113,-8.84790849,64.46739995,119.88427567,7.66837043,2.48457157
1760624945.572,0.08421528,-0.84205806,2.90745262,-0.03349896,0.96224897,-0.00654041,80.0,-7.0,0.0,80.0,1.3962634,0.0,0.0,0.0,80.0,-7.0,0.0,80.0,1.3962634,0.0,0.0,0.0,2.33446722,-0.70842989,4.04449605,8.55273565,-16.21662381,-12.27620054,65.53019834,71.17750557,21.29356412,0.93733917,10.8396287,-10.96457945,-8.93032124,64.25245824,119.87654335,7.63016966,2.47217574
1760624945.605,0.08838491,-0.82572779,2.89187679,-0.03537296,0.96231874,-0.00730062,80.0,-7.0,0.0,80.0,1.3962634,0.0,0.0,0.0,80.0,-7.0,0.0,80.0,1.3962634,0.0,0.0,0.0,2.43684673,-0.76619565,3.98173565,9.24970313,-16.25630205,-9.96078773,64.06955307,60.45103547,25.98865334,-2.85113469,10.73163566,-10.98219378,-9.02955165,64.1951278,119.88724672,7.57987124,2.4421216
1760624945.638,0.08751983,-0.81457807,2.88433449,-0.03625968,0.96246824,-0.00783219,80.0,-7.0,0.0,80.0,1.3962634,0.0,0.0,0.0,80.0,-7.0,0.0,80.0,1.3962634,0.0,0.0,0.0,2.49020387,-0.82081956,3.94230879,9.81327292,-16.44292841,-7.78123692,64.68221508,52.52409174,27.64564425,-4.29418268,10.80602249,-11.02043485,-9.01242708,64.03689908,119.88768499,7.55257538,2.4361549
1760624945.672,0.08650205,-0.80413634,2.87497496,-0.034973,0.96170925,-0.00819923,80.0,-7.0,0.0,80.0,1.3962634,0.0,0.0,0.0,80.0,-7.0,0.0,80.0,1.3962634,0.0,0.0,0.0,2.46485305,-0.84342439,3.9116683,10.45043042,-17.06150465,-6.8992454,66.94800676,43.36298869,28.29739872,-3.51915212,10.96586475,-11.03156008,-8.97189569,63.87160028,119.83510338,7.54235603,2.44023999
1760624945.705,0.08402734,-0.7907385,2.86203404,-0.03318584,0.96043492,-0.00907706,80.0,-7.0,0.0,80.0,1.3962634,0.0,0.0,0.0,80.0,-7.0,0.0,80.0,1.3962634,0.0,0.0,0.0,2.42980314,-0.79221704,3.85196195,10.19745024,-18.07578893,-6.24913131,69.81669588,31.48479889,29.42385241,-3.47524601,11.04252502,-10.94613573,-9.01182907,63.77464822,119.81295718,7.52865341,2.45206891
1760624945.739,0.08961061,-0.78682133,2.85758832,-0.03195257,0.95969294,-0.00955525,80.0,-7.0,0.0,80.0,1.3962634,0.0,0.0,0.0,80.0,-7.0,0.0,80.0,1.3962634,0.0,0.0,0.0,2.4020976,-0.72491053,3.87466823,9.02584121,-18.23228677,-7.6262782,72.31949475,24.58853277,29.57498119,-2.65815725,11.02731991,-10.8519417,-9.00170697,63.78048031,119.80271474,7.51985159,2.45386862
1760624945.772,0.09475262,-0.78067161,2.85668989,-0.03205797,0.95961042,-0.00913649,80.0,-7.0,0.0,80.0,1.3962634,0.0,0.0,0.0,80.0,-7.0,0.0,80.0,1.3962634,0.0,0.0,0.0,2.37294407,-0.610423,3.92397044,7.84285949,-18.57420078,-9.98702501,75.44701909,19.99626464,27.04061028,-1.163771,10.86918054,-10.68586607,-9.02793475,63.92955894,119.82183323,7.50754377,2.44450184
1760624945.806,0.10297521,-0.77599369,2.85815654,-0.0333444,0.9595533,-0.00872896,80.0,-7.0,0.0,80.0,1.3962634,0.0,0.0,0.0,80.0,-7.0,0.0,80.0,1.3962634,0.0,0.0,0.0,2.19607089,-0.5512928,4.00238746,6.5826908,-18.67623431,-13.79737019,76.91357942,14.17682207,24.65898356,0.9896479,10.70111468,-10.56645243,-9.07819246,64.22029083,119.89819919,7.51212102,2.47133795
1760624945.839,0.09964182,-0.77321134,2.86050758,-0.0341249,0.95921041,-0.00735329,80.0,-7.0,0.0,80.0,1.3962634,0.0,0.0,0.0,80.0,-7.0,0.0,80.0,1.3962634,0.0,0.0,0.0,1.9154338,-0.52319004,4.02055356,5.9244826,-18.25334755,-18.34059901,76.90505056,10.45322145,23.59930791,4.34018939,10.75829132,-10.5173929,-9.13695502,64.41164806,119.94928643,7.51022681,2.51149851
1760624945.873,0.09885863,-0.77885532,2.86543287,-0.03439276,0.95887453,-0.00682156,80.0,-7.0,0.0,80.0,1.3962634,0.0,0.0,0.0,80.0,-7.0,0.0,80.0,1.3962634,0.0,0.0,0.0,1.69220154,-0.46692792,3.9784852,5.48028725,-17.87527987,-20.16998509,77.34756775,9.0935531,22.02746693,4.8517371,10.87056787,-10.48547581,-9.21950644,64.48501325,119.94441375,7.50982384,2.51805693
1760624945.906,0.10100124,-0.78010326,2.87140114,-0.03524478,0.95925008,-0.00640836,80.0,-7.0,0.0,80.0,1.3962634,0.0,0.0,0.0,80.0,-7.0,0.0,80.0,1.3962634,0.0,0.0,0.0,1.70586611,-0.46531171,3.97930939,5.4539622,-17.04321781,-20.26539373,76.87634906,7.71098164,19.70798994,3.44036086,10.76635008,-10.46823841,-9.2456169,64.56476476,119.96072548,7.50571901,2.51375763
1760624945.939,0.1169352,-0.78407523,2.86364853,-0.03565964,0.95925759,-0.00611676,80.0,-7.0,0.0,80.0,1.3962634,0.0,0.0,0.0,80.0,-7.0,0.0,80.0,1.3962634,0.0,0.0,0.0,1.66444249,-0.46368546,3.98939245,5.35019446,-16.64893268,-20.66725657,76.2345079,6.48232227,17.47488539,2.70445488,10.81315493,-10.47825151,-9.20804573,64.56840533,119.95594896,7.49358953,2.50345043
1760624945.973,0.1200408,-0.78613333,2.86486203,-0.0369797,0.95922264,-0.0062252,80.0,-7.0,0.0,80.0,1.3962634,0.0,0.0,0.0,80.0,-7.0,0.0,80.0,1.3962634,0.0,0.0,0.0,1.57424388,-0.46160627,4.06100444,4.91112002,-16.56093268,-21.92251097,75.69880151,5.47285318,15.70944623,2.88376032,10.94762951,-10.53500979,-9.0843887,64.56482056,119.90551509,7.49910106,2.496938
1760624946.006,0.11410933,-0.79014953,2.85954462,-0.03724435,0.9587552,-0.00621402,80.0,-7.0,0.0,80.0,1.3962634,0.0,0.0,0.0,80.0,-7.0,0.0,80.0,1.3962634,0.0,0.0,0.0,1.41647751,-0.45692843,4.13107751,4.08843273,-16.59997392,-23.13776861,75.00296312,4.3864779,14.83254868,3.37338595,11.11175821,-10.59267745,-9.01232079,64.60211676,119.83294239,7.50304714,2.50614006
1760624946.04,0.10954046,-0.80831331,2.8662547,-0.03606683,0.95754312,-0.00620728,80.0,-7.0,0.0,80.0,1.3962634,0.0,0.0,0.0,80.0,-7.0,0.0,80.0,1.3962634,0.0,0.0,0.0,1.0781466,-0.37023976,4.20665084,2.80326236,-16.52174484,-23.7595873,74.1750201,3.7490015,15.92820497,3.61875115,11.34917302,-10.53463117,-9.00278848,64.74215474,119.8289933,7.51059486,2.4903302
1760624946.073,0.11408447,-0.81173237,2.87460126,-0.03590767,0.95748326,-0.00648249,80.0,-7.0,0.0,80.0,1.3962634,0.0,0.0,0.0,80.0,-7.0,0.0,80.0,1.3962634,0.0,0.0,0.0,1.08080995,-0.38605296,4.19621415,2.33939489,-16.16730017,-22.6655666,72.08938346,3.66098222,17.99371298,2.73364641,11.41168039,-10.61909032,-8.99115909,64.69596361,119.77916921,7.49695952,2.4700593
1760624946.107,0.10812498,-0.81563546,2.87787655,-0.03515586,0.95781998,-0.00719004,80.0,-7.0,0.0,80.0,1.3962634,0.0,0.0,0.0,80.0,-7.0,0.0,80.0,1.3962634,0.0,0.0,0.0,1.06761304,-0.35425071,4.24576522,1.6615179,-16.19578077,-22.88231784,71.11865405,3.33830969,19.17100594,3.27701209,11.51715235,-10.68173037,-8.94020708,64.61669583,119.75135773,7.49747648,2.5022914
1760624946.14,0.10460702,-0.81720951,2.87694344,-0.03613245,0.95816008,-0.00709867,80.0,-7.0,0.0,80.0,1.3962634,0.0,0.0,0.0,80.0,-7.0,0.0,80.0,1.3962634,0.0,0.0,0.0,1.02832068,-0.34963022,4.19300789,2.05588588,-16.17805822,-22.62597901,70.43841842,3.49006929,19.49861364,3.4007553,11.60221654,-10.75748117,-8.9702134,64.5526464,119.74346196,7.48274611,2.52473364
1760624946.174,0.10698035,-0.8162801,2.86619102,-0.03607213,0.95867243,-0.0076264,80.0,-7.0,0.0,80.0,1.3962634,0.0,0.0,0.0,80.0,-7.0,0.0,80.0,1.3962634,0.0,0.0,0.0,1.01377741,-0.30931104,4.25879945,1.59348952,-16.1565976,-22.32446994,69.43364866,3.92773904,21.03374185,3.25188902,11.71370237,-10.74193422,-8.86768202,64.44602783,119.70994382,7.46258996,2.50022549
1760624946.207,0.11220221,-0.81574385,2.85919871,-0.03602504,0.95861777,-0.00804148,80.0,-7.0,0.0,80.0,1.3962634,0.0,0.0,0.0,80.0,-7.0,0.0,80.0,1.3962634,0.0,0.0,0.0,1.08262637,-0.2910338,4.19690429,1.98125397,-16.02223175,-21.79737132,68.51587578,5.43055382,21.87835423,2.69561193,11.74809634,-10.76144924,-8.85299093,64.33928603,119.66136184,7.46026771,2.53394575
1760624946.241,0.11488632,-0.81205288,2.84891748,-0.03555896,0.95853487,-0.00834758,80.0,-7.0,0.0,80.0,1.3962634,0.0,0.0,0.0,80.0,-7.0,0.0,80.0,1.3962634,0.0,0.0,0.0,1.33128851,-0.25896636,4.25209945,2.62196013,-16.12361497,-21.35081528,67.8082953,7.81541628,22.28680225,1.89518611,11.6794704,-10.73021642,-8.73292522,64.16857787,119.62492465,7.44741804,2.53520428
1760624946.274,0.10865931,-0.80711297,2.84583742,-0.0348114,0.95835508,-0.00858361,80.0,-7.0,0.0,80.0,1.3962634,0.0,0.0,0.0,80.0,-7.0,0.0,80.0,1.3962634,0.0,0.0,0.0,1.36138957,-0.23625786,4.22015433,3.09875112,-16.39048,-20.88672229,67.68320208,12.33789839,22.05214463,0.29612284,11.76154602,-10.72809772,-8.68103148,64.057499,119.55374763,7.43240034,2.53673464
1760624946.307,0.1057676,-0.80308893,2.83483679,-0.03570283,0.9581966,-0.00801977,80.0,-7.0,0.0,80.0,1.3962634,0.0,0.0,0.0,80.0,-7.0,0.0,80.0,1.3962634,0.0,0.0,0.0,1.35183271,-0.25624297,4.23277759,3.76056823,-16.29925445,-21.61977976,66.96635731,19.3894887,22.10262532,-0.89233686,11.75460481,-10.69829814,-8.64782245,64.0701794,119.60922121,7.41834141,2.53028491
1760624946.341,0.1041424,-0.79656814,2.84602284,-0.03601,0.95789969,-0.00796041,80.0,-7.0,0.0,80.0,1.3962634,0.0,0.0,0.0,80.0,-7.0,0.0,80.0,1.3962634,0.0,0.0,0.0,1.28173881,-0.24701744,4.2081468,4.05755962,-16.23969504,-22.78236191,67.50545831,24.44615635,21.46436537,-0.93737978,11.78699662,-10.69143488,-8.63971974,64.0688291,119.59220283,7.39982318,2.52016462
1760624946.374,0.08300132,-0.79244674,2.85987522,-0.03405974,0.95731517,-0.00783796,80.0,-7.0,0.0,80.0,1.3962634,0.0,0.0,0.0,80.0,-7.0,0.0,80.0,1.3962634,0.0,0.0,0.0,1.1866968,-0.22816335,4.17428284,3.86994266,-16.56906431,-24.42817595,68.41866664,31.54200492,20.29048219,-0.91032775,11.85635839,-10.67235467,-8.66326669,64.06291432,119.58307274,7.3944192,2.53421188
1760624946.408,0.06556415,-0.77986196,2.86147508,-0.03517458,0.95645452,-0.00766983,80.0,-7.0,0.0,80.0,1.3962634,0.0,0.0,0.0,80.0,-7.0,0.0,80.0,1.3962634,0.0,0.0,0.0,1.01291472,-0.18427899,4.17168277,3.64565116,-17.12865808,-25.80848426,70.32443488,43.75663219,17.13874878,-1.4409174,11.80305342,-10.59126226,-8.74407716,64.24552962,119.59803478,7.39254697,2.55410282
1760624946.441,0.06572797,-0.77170177,2.86198484,-0.03529303,0.9558641,-0.0081493,80.0,-7.0,0.0,80.0,1.3962634,0.0,0.0,0.0,80.0,-7.0,0.0,80.0,1.3962634,0.0,0.0,0.0,0.99506795,-0.13656661,4.21802978,3.3389296,-17.42931897,-26.89800853,71.97440941,52.66759066,14.75877154,-1.16780441,11.63335749,-10.52348477,-8.75856209,64.39623333,119.62122489,7.38510175,2.55769174
1760624946.474,0.05551132,-0.77136909,2.86269289,-0.03264426,0.95491251,-0.00863747,80.0,-7.0,0.0,80.0,1.3962634,0.0,0.0,0.0,80.0,-7.0,0.0,80.0,1.3962634,0.0,0.0,0.0,0.6677451,-0.11404877,4.21809358,3.53190208,-17.77370041,-28.03895311,73.81386477,59.48527801,12.89250284,-0.06249114,11.60467282,-10.46718438,-8.89514269,64.71549659,119.65430429,7.38680537,2.56932731
1760624946.508,0.05063457,-0.76164429,2.8535598,-0.03118575,0.9542491,-0.00881469,80.0,-7.0,0.0,80.0,1.3962634,0.0,0.0,0.0,80.0,-7.0,0.0,80.0,1.3962634,0.0,0.0,0.0,0.81440427,-0.18440249,4.30963477,3.20383747,-17.45911964,-28.86860583,75.73168358,68.14235371,10.54778545,0.72841645,11.28434428,-10.46150002,-8.92613973,64.88888695,119.74032957,7.38972812,2.61309848
1760624946.542,0.05186815,-0.75675754,2.85549082,-0.02999969,0.95362275,-0.00864559,80.0,-7.0,0.0,80.0,1.3962634,0.0,0.0,0.0,80.0,-7.0,0.0,80.0,1.3962634,0.0,0.0,0.0,0.86566642,-0.21738619,4.38087617,3.58104559,-17.37463194,-28.50840296,77.76189398,75.00873962,7.44695484,2.08533858,11.00363735,-10.42821265,-8.96062731,65.13250373,119.79796726,7.38362176,2.63164637
1760624946.575,0.05068329,-0.75775792,2.8671067,-0.02952385,0.953475,-0.00869188,80.0,-7.0,0.0,80.0,1.3962634,0.0,0.0,0.0,80.0,-7.0,0.0,80.0,1.3962634,0.0,0.0,0.0,0.8805241,-0.21180736,4.42036648,3.88192387,-17.38540228,-27.85556482,79.81757666,83.57168098,4.22321152,3.56383772,10.90579136,-10.38631126,-8.9621615,65.2687523,119.78350313,7.37299069,2.61568499
1760624946.609,0.05686758,-0.76056333,2.87248087,-0.03098195,0.95400373,-0.00813706,80.0,-7.0,0.0,80.0,1.3962634,0.0,0.0,0.0,80.0,-7.0,0.0,80.0,1.3962634,0.0,0.0,0.0,1.1226516,-0.25504084,4.46066921,4.10486141,-16.98881132,-25.4613414,81.00957889,90.84819086,0.15401848,4.70442172,10.68662076,-10.43844967,-8.94008663,65.30948237,119.79860959,7.37976817,2.59499354
1760624946.642,0.06251919,-0.75803712,2.87312304,-0.03159398,0.95455832,-0.00774393,80.0,-7.0,0.0,80.0,1.3962634,0.0,0.0,0.0,80.0,-7.0,0.0,80.0,1.3962634,0.0,0.0,0.0,1.13568137,-0.27049963,4.48238042,4.27244584,-16.60696797,-25.12700429,82.11359108,100.2070507,-1.85913193,6.41413556,10.67517514,-10.42494558,-8.96092202,65.35803025,119.84300752,7.36013298,2.60896749
1760624946.675,0.06142302,-0.76091654,2.87658407,-0.03352804,0.9555637,-0.00798502,80.0,-7.0,0.0,80.0,1.3962634,0.0,0.0,0.0,80.0,-7.0,0.0,80.0,1.3962634,0.0,0.0,0.0,1.10721609,-0.26693863,4.40586541,4.72394662,-16.4938009,-25.25560605,82.61900502,113.34901802,-2.7882412,8.42342517,10.78492226,-10.4479019,-9.062199,65.3090556,119.87843281,7.35331382,2.63005186
1760624946.709,0.05890813,-0.76711114,2.87798359,-0.03503354,0.95659033,-0.00897618,80.0,-7.0,0.0,80.0,1.3962634,0.0,0.0,0.0,80.0,-7.0,0.0,80.0,1.3962634,0.0,0.0,0.0,1.12298598,-0.24099103,4.3356583,4.86294306,-16.61665001,-25.4198754,83.20976326,123.02692674,-2.55725775,10.36301232,10.98301006,-10.48203838,-9.06616781,65.12151226,119.84302895,7.35163153,2.61758577
1760624946.776,0.05504607,-0.7793514,2.86663498,-0.03370039,0.95679691,-0.00966426,80.0,-7.0,0.0,80.0,1.3962634,0.0,0.0,0.0,80.0,-7.0,0.0,80.0,1.3962634,0.0,0.0,0.0,0.57007573,-0.17112324,4.11205813,6.33913923,-17.57936039,-24.63786525,84.59599443,142.09131458,0.0719307,15.6660368,11.76960058,-10.45315116,-9.15163729,64.95636996,119.74707708,7.30856163,2.60943028
1760624946.809,0.05161877,-0.78723032,2.85147777,-0.03230348,0.95712628,-0.00898655,80.0,-7.0,0.0,80.0,1.3962634,0.0,0.0,0.0,80.0,-7.0,0.0,80.0,1.3962634,0.0,0.0,0.0,0.62229395,-0.26191373,4.08691694,6.74075197,-17.47612887,-23.79223073,85.1971706,146.72892728,1.7306057,17.88907756,11.98337226,-10.48317003,-9.09696952,64.76584863,119.7507822,7.31544116,2.62753528
1760624946.876,0.07032949,-0.79759122,2.87588431,-0.03437327,0.9586324,-0.00747285,80.0,-7.0,0.0,80.0,1.3962634,0.0,0.0,0.0,80.0,-7.0,0.0,80.0,1.3962634,0.0,0.0,0.0,1.06048011,-0.40546003,4.09947851,7.06233606,-16.96839924,-23.0448278,85.07885096,153.41392994,6.31685217,21.10530299,12.01236051,-10.42964943,-8.90621525,64.47933264,119.82366394,7.31654941,2.61798771
1760624946.91,0.07424142,-0.80618144,2.88455509,-0.03422811,0.95864108,-0.00734323,80.0,-7.0,0.0,80.0,1.3962634,0.0,0.0,0.0,80.0,-7.0,0.0,80.0,1.3962634,0.0,0.0,0.0,1.26203633,-0.42449408,4.06462404,7.18999894,-16.81775279,-22.19749404,84.79323616,154.75971337,7.57823854,22.33702658,11.99249912,-10.41387209,-8.89956239,64.33743625,119.85985117,7.32204856,2.65266024
1760624946.943,0.07188132,-0.8047863,2.89210366,-0.0345499,0.95856072,-0.00745834,80.0,-7.0,0.0,80.0,1.3962634,0.0,0.0,0.0,80.0,-7.0,0.0,80.0,1.3962634,0.0,0.0,0.0,1.52429962,-0.41173294,4.01041283,7.19214321,-16.73077618,-21.41163093,84.47188298,156.11420088,8.6519452,23.73404415,11.80977967,-10.35214289,-9.00322483,64.25212448,119.95439184,7.30992438,2.67058288
1760624946.976,0.07859163,-0.79204343,2.90468912,-0.03456565,0.9588704,-0.00723171,80.0,-7.0,0.0,80.0,1.3962634,0.0,0.0,0.0,80.0,-7.0,0.0,80.0,1.3962634,0.0,0.0,0.0,1.91582446,-0.48095394,4.03301109,7.30841495,-16.28273367,-20.21497761,83.79806568,157.52596291,9.82961609,25.62556475,11.50826016,-10.38764171,-9.01922212,64.12410374,120.04581354,7.2992667,2.68558549
1760624947.01,0.09436024,-0.79307121,2.89974895,-0.03539451,0.95893702,-0.00717934,80.0,-7.0,0.0,80.0,1.3962634,0.0,0.0,0.0,80.0,-7.0,0.0,80.0,1.3962634,0.0,0.0,0.0,2.21586444,-0.46985995,3.97755064,7.29514069,-15.5057524,-18.20623927,82.04151818,157.89838816,8.77771893,27.3816263,11.30044297,-10.36118474,-9.11776451,63.96533903,120.11407063,7.29547343,2.70292369
1760624947.043,0.10491698,-0.79548362,2.88643302,-0.03585639,0.95895549,-0.00727109,80.0,-7.0,0.0,80.0,1.3962634,0.0,0.0,0.0,80.0,-7.0,0.0,80.0,1.3962634,0.0,0.0,0.0,2.4239562,-0.49541923,4.10351883,6.51254299,-15.290016,-17.63616229,80.40457521,158.17787649,7.85961968,28.04573485,11.11296007,-10.36771887,-9.02892536,63.92218877,120.14804033,7.25662489,2.69188523
1760624947.077,0.12694365,-0.80295072,2.89093623,-0.03669731,0.95846487,-0.00701421,80.0,-7.0,0.0,80.0,1.3962634,0.0,0.0,0.0,80.0,-7.0,0.0,80.0,1.3962634,0.0,0.0,0.0,2.789947,-0.5290419,4.11627847,6.33167943,-14.86492738,-16.61983182,77.25866664,157.88884833,6.67498069,28.34147042,10.77874472,-10.43041085,-9.00201171,63.84544972,120.11995984,7.22839756,2.68598376
1760624947.11,0.12886645,-0.80975025,2.87547597,-0.03463941,0.95763318,-0.00720274,80.0,-7.0,0.0,80.0,1.3962634,0.0,0.0,0.0,80.0,-7.0,0.0,80.0,1.3962634,0.0,0.0,0.0,2.78959436,-0.51279075,4.26487063,5.54923071,-14.72579003,-16.76302445,74.38838412,158.34292595,4.71573718,27.25610208,10.64929066,-10.37218213,-8.90377372,63.97179183,120.14369467,7.21875854,2.67823924
1760624947.144,0.12384712,-0.81804652,2.86253131,-0.03214875,0.95684012,-0.00715258,80.0,-7.0,0.0,80.0,1.3962634,0.0,0.0,0.0,80.0,-7.0,0.0,80.0,1.3962634,0.0,0.0,0.0,2.66326441,-0.48899693,4.33385665,4.76150631,-14.65993759,-17.46485554,74.13302308,158.4971391,4.75978382,26.69849902,10.62513815,-10.34700258,-8.86213011,64.09031661,120.17157262,7.18015301,2.66220433
1760624947.177,0.13007272,-0.8399149,2.8671451,-0.03177689,0.9568875,-0.00708672,80.0,-7.0,0.0,80.0,1.3962634,0.0,0.0,0.0,80.0,-7.0,0.0,80.0,1.3962634,0.0,0.0,0.0,2.68183848,-0.4541029,4.36152919,4.10158541,-14.68140584,-17.85673195,73.74331253,158.21879018,4.61984848,26.28542746,10.39059644,-10.36068866,-8.87376572,64.24419072,120.18226847,7.18246621,2.68760915
1760624947.211,0.13120816,-0.85094266,2.87473524,-0.03243662,0.95730265,-0.0070227,80.0,-7.0,0.0,80.0,1.3962634,0.0,0.0,0.0,80.0,-7.0,0.0,80.0,1.3962634,0.0,0.0,0.0,2.5074696,-0.49224196,4.37521696,2.84116561,-14.39684572,-19.75086311,73.00397967,159.30270737,3.75471179,24.1238523,10.36437837,-10.40480216,-8.90395233,64.41685766,120.19710574,7.20030591,2.70299127
1760624947.244,0.12868818,-0.85932934,2.88028311,-0.03185341,0.95738096,-0.00685209,80.0,-7.0,0.0,80.0,1.3962634,0.0,0.0,0.0,80.0,-7.0,0.0,80.0,1.3962634,0.0,0.0,0.0,2.42703686,-0.56105402,4.40841426,2.24765793,-14.47111857,-20.13917763,72.95819252,158.93458693,3.28639966,23.56026156,10.27688213,-10.44934036,-8.87082281,64.57072868,120.23952776,7.18908911,2.72024771
1760624947.278,0.11728109,-0.88105442,2.88201693,-0.03142553,0.95695272,-0.00707394,80.0,-7.0,0.0,80.0,1.3962634,0.0,0.0,0.0,80.0,-7.0,0.0,80.0,1.3962634,0.0,0.0,0.0,2.3466342,-0.52844927,4.4503016,1.67239815,-14.76940496,-20.70744392,72.88773659,158.63559945,2.82909251,22.84809635,10.26413385,-10.44003782,-8.78439509,64.6462305,120.21726729,7.18200539,2.70818812
1760624947.311,0.11739058,-0.89039502,2.89395077,-0.0316699,0.95668767,-0.00714578,80.0,-7.0,0.0,80.0,1.3962634,0.0,0.0,0.0,80.0,-7.0,0.0,80.0,1.3962634,0.0,0.0,0.0,2.50190287,-0.51494429,4.51831876,1.93287489,-14.53796512,-20.57406933,72.84558594,158.78557704,2.77345239,23.23574596,10.26577047,-10.44596041,-8.60067181,64.51798594,120.18335177,7.18848121,2.70518239
1760624947.344,0.11315245,-0.89746397,2.89895522,-0.0318026,0.95635889,-0.0074604,80.0,-7.0,0.0,80.0,1.3962634,0.0,0.0,0.0,80.0,-7.0,0.0,80.0,1.3962634,0.0,0.0,0.0,2.54989086,-0.51840422,4.46021552,2.3260699,-14.66884075,-19.86206188,72.92326372,158.45406753,2.81957759,23.93726198,10.22193179,-10.44687169,-8.63226262,64.53447327,120.19348057,7.2110488,2.69090056
1760624947.378,0.11355518,-0.89122883,2.89954129,-0.03176767,0.95651241,-0.00757316,80.0,-7.0,0.0,80.0,1.3962634,0.0,0.0,0.0,80.0,-7.0,0.0,80.0,1.3962634,0.0,0.0,0.0,2.5449868,-0.53109689,4.44492249,2.61789033,-14.67704394,-19.27395765,73.58099637,158.11765063,3.13320944,24.94682238,10.36314613,-10.4376476,-8.59776521,64.41939915,120.22825541,7.21735401,2.69111001
1760624947.411,0.1115071,-0.88952917,2.90563444,-0.03169364,0.9566623,-0.00769789,80.0,-7.0,0.0,80.0,1.3962634,0.0,0.0,0.0,80.0,-7.0,0.0,80.0,1.3962634,0.0,0.0,0.0,2.50196886,-0.53577785,4.4116115,2.68917249,-14.79804477,-19.00561996,74.17729657,157.67812755,3.34376419,25.48504451,10.5147102,-10.48133101,-8.57106274,64.32681666,120.22737444,7.21734937,2.7045679
1760624947.445,0.10271112,-0.88842435,2.90654448,-0.03318342,0.9576706,-0.00683409,80.0,-7.0,0.0,80.0,1.3962634,0.0,0.0,0.0,80.0,-7.0,0.0,80.0,1.3962634,0.0,0.0,0.0,2.33779961,-0.58749226,4.36192468,2.23636639,-14.90658702,-19.05949028,75.17536773,157.63916298,3.43167185,25.81397049,10.77298754,-10.56674099,-8.57693415,64.27103173,120.23472151,7.20073183,2.69954651
1760624947.478,0.09554178,-0.88262287,2.91361317,-0.03347313,0.95832975,-0.00664619,80.0,-7.0,0.0,80.0,1.3962634,0.0,0.0,0.0,80.0,-7.0,0.0,80.0,1.3962634,0.0,0.0,0.0,2.14012194,-0.59431487,4.27249762,1.79606891,-14.9598695,-19.07096335,76.35087066,157.45550891,3.72889959,26.20897715,11.0407192,-10.55894637,-8.64906683,64.22784445,120.275783,7.18000667,2.68924607
1760624947.512,0.08714471,-0.8712637,2.92758502,-0.03744355,0.95964464,-0.00698752,80.0,-7.0,0.0,80.0,1.3962634,0.0,0.0,0.0,80.0,-7.0,0.0,80.0,1.3962634,0.0,0.0,0.0,1.94900362,-0.63653557,4.26140265,1.34952606,-15.05073338,-19.11834413,76.80688261,157.26215427,3.47071941,26.23281166,11.21833122,-10.57509949,-8.66126865,64.28946669,120.30721312,7.17177429,2.67539462
1760624947.545,0.07364844,-0.86287576,2.94575619,-0.03849157,0.96047078,-0.00742963,80.0,-7.0,0.0,80.0,1.3962634,0.0,0.0,0.0,80.0,-7.0,0.0,80.0,1.3962634,0.0,0.0,0.0,1.75762239,-0.64202718,4.18307624,0.76968371,-15.30440102,-19.36008734,77.33085102,157.06466519,3.23517832,25.99681695,11.46417312,-10.56376597,-8.73610623,64.2946373,120.34825068,7.18510502,2.67362397
1760624947.578,0.06222325,-0.85642788,2.95643423,-0.03729421,0.95978825,-0.00732442,80.0,-7.0,0.0,80.0,1.3962634,0.0,0.0,0.0,80.0,-7.0,0.0,80.0,1.3962634,0.0,0.0,0.0,1.66629875,-0.64746491,4.16201204,0.04292603,-15.45381052,-19.66832223,78.10851076,156.78696489,3.30527846,25.85431387,11.63961828,-10.56050458,-8.72875559,64.25558143,120.37793536,7.17217471,2.66773091
1760624947.612,0.0609946,-0.84855838,2.96102437,-0.03572135,0.95937234,-0.0073929,80.0,-7.0,0.0,80.0,1.3962634,0.0,0.0,0.0,80.0,-7.0,0.0,80.0,1.3962634,0.0,0.0,0.0,1.62713756,-0.64820238,4.10336821,-0.38438868,-15.56281873,-19.85012589,78.21827971,156.69255056,3.14506472,25.58916719,11.76634376,-10.5602041,-8.767967,64.17894969,120.37682956,7.15987809,2.64533499
1760624947.645,0.05666031,-0.84387722,2.96471707,-0.03437298,0.958931,-0.00766111,80.0,-7.0,0.0,80.0,1.3962634,0.0,0.0,0.0,80.0,-7.0,0.0,80.0,1.3962634,0.0,0.0,0.0,1.43037155,-0.58085553,4.05684511,-0.77408208,-15.69780464,-20.13877969,78.35564775,156.65806101,2.98001738,25.28334073,12.13835271,-10.53746399,-8.75383614,64.03123131,120.3461917,7.16935746,2.64968946
1760624947.679,0.04692518,-0.84196821,2.96916728,-0.03311686,0.95875455,-0.00726121,80.0,-7.0,0.0,80.0,1.3962634,0.0,0.0,0.0,80.0,-7.0,0.0,80.0,1.3962634,0.0,0.0,0.0,1.39289003,-0.55832509,4.0302276,-1.08718283,-15.55149464,-20.77410671,78.03540526,156.92403999,2.72500852,24.50273677,12.29812562,-10.57978881,-8.72562761,63.93063797,120.32364357,7.16316399,2.64886285
1760624947.712,0.04315286,-0.84580233,2.96570121,-0.03230882,0.95863575,-0.00752349,80.0,-7.0,0.0,80.0,1.3962634,0.0,0.0,0.0,80.0,-7.0,0.0,80.0,1.3962634,0.0,0.0,0.0,1.28077066,-0.47012897,4.01768891,-1.21132849,-15.67965236,-21.15872118,77.81445267,157.00149697,2.47967194,24.06327663,12.48106647,-10.50958955,-8.72518607,63.86203353,120.3298303,7.14933639,2.64835531
1760624947.746,0.03661685,-0.84155882,2.96374208,-0.03192921,0.95839823,-0.00760066,80.0,-7.0,0.0,80.0,1.3962634,0.0,0.0,0.0,80.0,-7.0,0.0,80.0,1.3962634,0.0,0.0,0.0,1.13692202,-0.46201658,3.96083656,-1.00879298,-15.6573877,-21.40876024,77.66121116,157.02647129,2.4750675,23.85442431,12.72625825,-10.51092488,-8.75516602,63.78825237,120.37823814,7.17306627,2.69330986
1760624947.779,0.03894007,-0.83959794,2.96576816,-0.03183733,0.95837018,-0.00782187,80.0,-7.0,0.0,80.0,1.3962634,0.0,0.0,0.0,80.0,-7.0,0.0,80.0,1.3962634,0.0,0.0,0.0,1.1415937,-0.44822469,3.91886983,-0.79694912,-15.63318572,-21.53851292,77.463394,156.90783549,2.66656046,23.70183225,12.71015863,-10.54226823,-8.74809557,63.81310125,120.38203229,7.17643637,2.7019132
1760624947.813,0.04195656,-0.84410892,2.96986784,-0.03273254,0.95899503,-0.00720129,80.0,-7.0,0.0,80.0,1.3962634,0.0,0.0,0.0,80.0,-7.0,0.0,80.0,1.3962634,0.0,0.0,0.0,1.11263205,-0.46452493,3.88438037,-0.390887,-15.42779472,-21.45914226,77.12534612,157.15417813,2.66366738,23.75751491,12.70849316,-10.59532844,-8.74114923,63.87591294,120.41106342,7.24024874,2.72724469
1760624947.846,0.03360929,-0.84412228,2.96377765,-0.03306442,0.95934575,-0.00725195,80.0,-7.0,0.0,80.0,1.3962634,0.0,0.0,0.0,80.0,-7.0,0.0,80.0,1.3962634,0.0,0.0,0.0,1.0210705,-0.47579595,3.95670868,-0.19709055,-15.37145909,-21.48347561,77.07252355,157.11495293,2.62656549,23.83290526,12.74343423,-10.61702061,-8.65680069,64.03634641,120.50919741,7.38573337,2.79588367
1760624947.88,0.0381358,-0.84412075,2.95759343,-0.03340088,0.96072691,-0.00773873,80.0,-7.0,0.0,80.0,1.3962634,0.0,0.0,0.0,80.0,-7.0,0.0,80.0,1.3962634,0.0,0.0,0.0,0.86277672,-0.47563038,3.86775543,0.17908213,-15.48294301,-21.14049874,76.59217202,156.74020945,2.26372321,23.77000478,12.80703265,-10.61209653,-8.77671021,64.21122673,120.59648027,7.58391111,2.84847519
1760624947.913,0.04375358,-0.84703498,2.95797728,-0.03319034,0.96071066,-0.008165,80.0,-7.0,0.0,80.0,1.3962634,0.0,0.0,0.0,80.0,-7.0,0.0,80.0,1.3962634,0.0,0.0,0.0,0.88059882,-0.46317769,3.88355796,0.36723222,-15.44107375,-20.94347055,76.51971713,156.83901196,2.17442453,24.03052893,12.7493539,-10.50719217,-8.85823537,64.48503749,120.87222148,7.84339264,2.94820606
1760624947.947,0.04353125,-0.84446864,2.96134314,-0.03387378,0.96059067,-0.00861994,80.0,-7.0,0.0,80.0,1.3962634,0.0,0.0,0.0,80.0,-7.0,0.0,80.0,1.3962634,0.0,0.0,0.0,0.88546747,-0.48846749,3.85095812,0.51223582,-15.53918149,-20.84281234,76.42538584,156.596883,2.14663059,24.07942233,12.48859116,-10.23167751,-9.12380537,65.20710811,121.11333928,8.40138852,3.13156543
1760624947.98,0.04743385,-0.84373801,2.95762297,-0.03566692,0.9609317,-0.00886819,80.0,-7.0,0.0,80.0,1.3962634,0.0,0.0,0.0,80.0,-7.0,0.0,80.0,1.3962634,0.0,0.0,0.0,0.83886857,-0.49169459,3.77811636,0.90463579,-15.77045813,-20.25255701,75.90625601,156.18783692,1.86527364,24.27662495,12.43754548,-10.04775243,-9.26926849,65.61659618,120.72748836,8.90522051,3.19678962
1760624948.013,0.03211649,-0.84747766,2.96234771,-0.03797196,0.96060826,-0.00880022,80.0,-7.0,0.0,80.0,1.3962634,0.0,0.0,0.0,80.0,-7.0,0.0,80.0,1.3962634,0.0,0.0,0.0,0.72857232,-0.51719836,3.76961059,0.99404795,-15.96491961,-20.26281315,75.85974007,156.17729353,1.86059733,24.23891605,12.50939218,-10.05105148,-9.08551084,65.79511366,119.07518187,9.70980738,3.48939439
1760624948.047,0.0176817,-0.8464727,2.97369125,-0.04116286,0.96033186,-0.00922773,80.0,-7.0,0.0,80.0,1.3962634,0.0,0.0,0.0,80.0,-7.0,0.0,80.0,1.3962634,0.0,0.0,0.0,0.54461023,-0.50613506,3.80716026,1.4689508,-16.08587266,-20.21391803,75.48493276,155.939669,1.79896767,24.16381288,12.96593723,-10.0828935,-8.08800605,65.22088163,114.26173891,10.97323103,4.62595793
1760624948.08,0.01477906,-0.84176148,2.98649902,-0.04312501,0.96059232,-0.00977678,80.0,-7.0,0.0,80.0,1.3962634,0.0,0.0,0.0,80.0,-7.0,0.0,80.0,1.3962634,0.0,0.0,0.0,0.36796241,-0.53526599,3.70479608,1.6417827,-15.95771598,-20.08344963,75.42600154,155.99799331,1.70353592,24.21226949,13.31695592,-10.00013473,-6.99739094,64.47135549,108.94070561,12.03525112,6.11724002
1760624948.114,0.0089206,-0.84265398,2.99556141,-0.04400634,0.96111721,-0.01064874,80.0,-7.0,0.0,80.0,1.3962634,0.0,0.0,0.0,80.0,-7.0,0.0,80.0,1.3962634,0.0,0.0,0.0,0.4723128,-0.54966925,3.79720069,2.03867551,-15.8814765,-19.81358412,75.01433275,155.90973247,1.63933473,24.50428478,13.8537222,-9.87884363,-4.74968629,62.95655635,100.9224738,13.07552229,8.43641497
1760624948.148,0.00935411,-0.8467631,3.00410385,-0.0449114,0.96236802,-0.01155196,80.0,-7.0,0.0,80.0,1.3962634,0.0,0.0,0.0,80.0,-7.0,0.0,80.0,1.3962634,0.0,0.0,0.0,0.56997917,-0.65223019,3.753764,2.57853604,-16.15919807,-19.11768283,74.0451934,154.95124851,1.18829235,24.55728313,14.28993843,-9.27977187,-1.45172277,61.37878334,89.25362306,13.87882883,11.27235088
1760624948.181,0.00394403,-0.86000665,3.00300712,-0.04382167,0.96323941,-0.0115348,80.0,-7.0,0.0,80.0,1.3962634,0.0,0.0,0.0,80.0,-7.0,0.0,80.0,1.3962634,0.0,0.0,0.0,0.74208175,-0.76428831,3.73563433,2.51687993,-16.16476506,-18.87847155,73.75490214,154.41636928,0.9668106,24.53991337,14.46793455,-8.6034783,1.13673721,60.51849774,80.83121334,14.04783729,12.14499779
1760624948.214,-0.00617236,-0.87203119,2.99467622,-0.04277097,0.96445583,-0.01156145,80.0,-7.0,0.0,80.0,1.3962634,0.0,0.0,0.0,80.0,-7.0,0.0,80.0,1.3962634,0.0,0.0,0.0,0.66448142,-0.90280755,3.647777,1.98441596,-16.21855735,-18.91224928,73.69201988,153.98167066,0.4580846,24.10007984,14.61090711,-7.655995,3.90456256,60.11567694,71.67586293,13.80278309,12.52384482
1760624948.247,-0.00806708,-0.90126426,2.98239542,-0.04604684,0.96535197,-0.01351885,80.0,-7.0,0.0,80.0,1.3962634,0.0,0.0,0.0,80.0,-7.0,0.0,80.0,1.3962634,0.0,0.0,0.0,0.58432691,-1.03334008,3.54290664,2.53061292,-16.6680677,-18.45813397,72.72451387,153.02672381,0.06690313,23.70403765,14.12781045,-6.02666672,7.87221686,60.65762531,57.88149443,13.09943288,12.94376669
1760624948.281,-0.01897675,-0.92830794,2.97746617,-0.04224477,0.96643684,-0.01555838,80.0,-7.0,0.0,80.0,1.3962634,0.0,0.0,0.0,80.0,-7.0,0.0,80.0,1.3962634,0.0,0.0,0.0,0.55525736,-1.09231425,3.39882246,2.0099659,-16.84797078,-18.42175881,72.9202311,152.42724729,-0.19579321,23.37835323,13.9014709,-4.65742658,11.07113975,61.49277192,46.18693015,12.18938932,12.99340887
1760624948.314,-0.03492566,-0.95298824,2.96754456,-0.036503,0.96743995,-0.01754372,80.0,-7.0,0.0,80.0,1.3962634,0.0,0.0,0.0,80.0,-7.0,0.0,80.0,1.3962634,0.0,0.0,0.0,0.47250702,-1.06378276,3.20433007,1.3262732,-17.00391502,-18.48669226,73.32522655,152.12302399,-0.4928913,23.03299431,13.8454082,-3.27426208,14.13154399,62.92766098,33.72882976,11.05545043,12.51810286
1760624948.348,-0.03661627,-0.97301012,2.96704507,-0.04353098,0.96841194,-0.02140817,80.0,-7.0,0.0,80.0,1.3962634,0.0,0.0,0.0,80.0,-7.0,0.0,80.0,1.3962634,0.0,0.0,0.0,0.2591647,-1.05760425,3.18290549,1.81756426,-17.45959489,-18.39534872,72.74313764,151.51110732,-0.68350907,22.65343741,12.79678483,-2.30480445,17.20825426,66.90434542,18.72762358,9.35193582,11.17712612
1760624948.381,-0.028809,-0.98390088,2.96614657,-0.04747961,0.96850609,-0.02369307,80.0,-7.0,0.0,80.0,1.3962634,0.0,0.0,0.0,80.0,-7.0,0.0,80.0,1.3962634,0.0,0.0,0.0,0.1527071,-1.0919746,3.10158042,2.78731179,-17.8623194,-17.8687204,71.89433563,150.98512146,-0.78267308,22.65302852,12.37155486,-2.0462256,18.71802758,69.9705927,8.216468,8.24948389,10.3004405
1760624948.415,-0.03849953,-1.01504803,2.95661254,-0.04239808,0.96667625,-0.02677154,80.0,-7.0,0.0,80.0,1.3962634,0.0,0.0,0.0,80.0,-7.0,0.0,80.0,1.3962634,0.0,0.0,0.0,0.08782176,-1.33460867,3.00441503,2.40292256,-18.46974579,-17.76879794,72.35653807,149.97741167,-0.74931199,22.57426429,10.38617468,1.24873415,18.37865747,73.10695938,0.0,7.18207404,9.37526217
1760624948.448,-0.05739869,-1.05758821,2.94220055,-0.03410436,0.96495486,-0.03075947,80.0,-7.0,0.0,80.0,1.3962634,0.0,0.0,0.0,80.0,-7.0,0.0,80.0,1.3962634,0.0,0.0,0.0,0.06788885,-1.6885372,2.86649739,1.54439323,-19.24854354,-17.79817192,72.94973309,148.57526413,-0.79922271,22.19690595,7.68035429,6.3652952,16.61829381,74.11968371,0.0,6.8842951,8.57482663
1760624948.482,-0.06925909,-1.08328634,2.9369155,-0.02729074,0.96263794,-0.03287185,80.0,-7.0,0.0,80.0,1.3962634,0.0,0.0,0.0,80.0,-7.0,0.0,80.0,1.3962634,0.0,0.0,0.0,0.1100188,-2.05301833,2.65913399,0.93752021,-19.75912492,-17.58201657,73.68536756,147.43672719,-0.67982201,22.26887857,5.94888725,10.02025649,15.17457164,74.40797543,0.0,6.86558228,7.58801785
1760624948.549,-0.08029518,-1.11128321,2.93562195,-0.0249785,0.95956382,-0.03599277,80.0,-7.0,0.0,80.0,1.3962634,0.0,0.0,0.0,80.0,-7.0,0.0,80.0,1.3962634,0.0,0.0,0.0,0.04779597,-2.60326458,2.66441878,0.99913811,-20.56291839,-17.50211658,74.34777196,145.88057616,-0.03216059,22.62667454,4.05756323,13.57783625,12.8443022,73.214104,0.0,7.91689443,6.51757779
1760624948.582,-0.07208874,-1.12519708,2.93811885,-0.02604246,0.95794833,-0.03624798,80.0,-7.0,0.0,80.0,1.3962634,0.0,0.0,0.0,80.0,-7.0,0.0,80.0,1.3962634,0.0,0.0,0.0,0.11962692,-2.85915141,2.72852712,1.41005221,-20.61099055,-17.15126353,74.28349605,145.54641832,0.17903277,23.02917861,3.2780024,14.38141983,12.0604762,72.71225031,0.0,8.46835993,6.05409174
1760624948.616,-0.04882591,-1.13499826,2.95151875,-0.02889485,0.95599412,-0.03647249,80.0,-7.0,0.0,80.0,1.3962634,0.0,0.0,0.0,80.0,-7.0,0.0,80.0,1.3962634,0.0,0.0,0.0,0.34796244,-3.16611917,2.93360485,2.19407187,-21.06671314,-16.29584306,73.6479619,144.5590134,0.16902619,23.61296403,1.57892205,14.74540234,11.50988999,73.07901875,0.0,9.34037672,6.06270712
1760624948.649,-0.04189084,-1.14469538,2.94881064,-0.03055403,0.95477513,-0.03609405,80.0,-7.0,0.0,80.0,1.3962634,0.0,0.0,0.0,80.0,-7.0,0.0,80.0,1.3962634,0.0,0.0,0.0,0.48885645,-3.39117556,3.1602741,2.65747541,-21.06741602,-16.18665429,73.49782601,144.25804953,0.51534183,24.0108614,0.53305198,14.81927822,11.39499753,73.51211827,0.0,9.90083367,6.20338522
1760624948.682,-0.04089295,-1.1446662,2.94831396,-0.03154914,0.95407089,-0.0354156,80.0,-7.0,0.0,80.0,1.3962634,0.0,0.0,0.0,80.0,-7.0,0.0,80.0,1.3962634,0.0,0.0,0.0,0.65629206,-3.57111529,3.2029788,3.02297582,-21.29695461,-14.84864826,73.44860433,143.4492245,0.17251983,25.03131321,0.17418991,14.90256438,11.14025212,73.38909063,0.0,10.41872445,6.62620337
1760624948.716,-0.04571861,-1.13833995,2.96600671,-0.03181968,0.95377658,-0.03537095,80.0,-7.0,0.0,80.0,1.3962634,0.0,0.0,0.0,80.0,-7.0,0.0,80.0,1.3962634,0.0,0.0,0.0,0.62735931,-3.71190385,3.1825765,2.94165097,-21.21264778,-14.76722859,73.51542725,143.42843927,0.13149372,25.05249847,0.15593096,15.04021793,10.99943148,73.18794715,0.0,10.86981404,7.11097436
1760624948.749,-0.05285746,-1.13992358,2.99152851,-0.03159694,0.95355835,-0.035328,80.0,-7.0,0.0,80.0,1.3962634,0.0,0.0,0.0,80.0,-7.0,0.0,80.0,1.3962634,0.0,0.0,0.0,0.42526155,-3.76284812,3.08366202,2.55902555,-21.32582794,-14.59546765,74.07781512,143.16257548,-0.05973671,25.20997506,0.38866018,15.10843081,10.87817541,73.14436094,0.0,11.12773943,7.3819904
1760624948.783,-0.05121013,-1.13245654,3.00597704,-0.03065905,0.95332916,-0.03545233,80.0,-7.0,0.0,80.0,1.3962634,0.0,0.0,0.0,80.0,-7.0,0.0,80.0,1.3962634,0.0,0.0,0.0,0.2642861,-3.81629245,2.9942844,2.16494377,-21.38851286,-14.62076828,74.59620869,142.99686281,-0.21120164,25.25959445,0.68988658,15.23962955,10.6574991,73.1050484,0.0,11.30421673,7.71258829
1760624948.816,-0.04515694,-1.12228917,3.0123887,-0.03010989,0.95329502,-0.03540355,80.0,-7.0,0.0,80.0,1.3962634,0.0,0.0,0.0,80.0,-7.0,0.0,80.0,1.3962634,0.0,0.0,0.0,0.26319362,-3.85414139,2.92682662,1.83463514,-21.40907951,-14.73953326,74.6243948,142.90228649,-0.45949434,24.96484088,1.09368513,15.33264148,10.33253098,72.97605655,0.0,11.23163321,7.95217754
1760624948.85,-0.04749614,-1.11923206,3.00414587,-0.02952379,0.95339815,-0.0354569,80.0,-7.0,0.0,80.0,1.3962634,0.0,0.0,0.0,80.0,-7.0,0.0,80.0,1.3962634,0.0,0.0,0.0,0.20876611,-3.85895382,2.93818834,1.72845408,-21.48844349,-14.89890546,74.54924831,142.80783503,-0.51657552,24.6768859,1.40682784,15.1991735,10.26488434,73.02575007,0.0,11.0330937,8.02328901
1760624948.883,-0.04751448,-1.11778608,2.98945736,-0.02873989,0.95353803,-0.03492723,80.0,-7.0,0.0,80.0,1.3962634,0.0,0.0,0.0,80.0,-7.0,0.0,80.0,1.3962634,0.0,0.0,0.0,0.36571213,-3.79521689,2.99105489,1.68537114,-21.22006273,-15.13526887,74.07643325,143.27421186,-0.5553941,24.27289583,1.73114758,14.23524113,10.3634091,73.10751515,0.0,10.63478003,7.94555618
1760624948.917,-0.04181037,-1.103529,2.97356892,-0.02874378,0.95459734,-0.0315274,80.0,-7.0,0.0,80.0,1.3962634,0.0,0.0,0.0,80.0,-7.0,0.0,80.0,1.3962634,0.0,0.0,0.0,0.53265038,-3.54557557,3.11618305,1.7622956,-20.36542473,-15.62265116,74.3788172,144.48637171,-0.06302292,24.59473257,3.41791481,10.34914135,10.87939901,72.78946654,0.0,9.41672975,7.82708568
1760624948.95,-0.03808578,-1.07864816,2.97085916,-0.02975933,0.95548751,-0.02691676,80.0,-7.0,0.0,80.0,1.3962634,0.0,0.0,0.0,80.0,-7.0,0.0,80.0,1.3962634,0.0,0.0,0.0,0.82460545,-3.22798213,3.34248384,1.84132542,-19.18829945,-16.258151,74.7092769,145.98364773,0.49151854,25.08668693,5.71838041,5.13262212,12.07419006,71.83380137,0.0,8.1948787,7.41335858
1760624948.984,-0.02987771,-1.03828559,2.97192526,-0.03026845,0.95617338,-0.01988403,80.0,-7.0,0.0,80.0,1.3962634,0.0,0.0,0.0,80.0,-7.0,0.0,80.0,1.3962634,0.0,0.0,0.0,1.21688387,-2.81882884,3.68237372,1.75298008,-17.59699169,-17.57698458,75.26412189,148.18951394,1.48830298,25.43202703,9.34549041,-2.45918559,14.66303826,69.91457625,0.0,7.51201477,6.05454346
1760624949.017,-0.02820289,-1.03742115,2.98667994,-0.02913538,0.95643117,-0.01834734,80.0,-7.0,0.0,80.0,1.3962634,0.0,0.0,0.0,80.0,-7.0,0.0,80.0,1.3962634,0.0,0.0,0.0,1.49262406,-2.59282682,3.89119408,0.75929959,-17.06400867,-18.6960744,76.16607302,149.103681,2.07879083,25.2739291,10.46398837,-4.22325256,13.87235401,66.73543763,12.10585695,7.03325512,3.71817328
1760624949.05,-0.0219135,-1.04105579,2.99627637,-0.02833542,0.95688647,-0.01740296,80.0,-7.0,0.0,80.0,1.3962634,0.0,0.0,0.0,80.0,-7.0,0.0,80.0,1.3962634,0.0,0.0,0.0,1.65229394,-2.46969478,3.95015557,0.42176611,-16.83834669,-18.93452939,76.33207007,149.4117999,2.18269433,25.22374606,10.7836927,-4.65653816,12.23107891,64.72066578,22.50298004,6.57789303,1.95242755
1760624949.084,-0.01138795,-1.04137021,3.00260868,-0.02952868,0.95722192,-0.01659662,80.0,-7.0,0.0,80.0,1.3962634,0.0,0.0,0.0,80.0,-7.0,0.0,80.0,1.3962634,0.0,0.0,0.0,1.73304758,-2.33375838,4.03896318,0.257705,-16.55422846,-19.21017512,76.53969728,149.76160017,2.38097142,25.24630538,11.29198525,-5.48317932,9.91936911,62.71926503,34.03906695,6.3279704,0.00046162
1760624949.117,-0.005133,-1.03401881,3.02079513,-0.03044188,0.95678802,-0.01484346,80.0,-7.0,0.0,80.0,1.3962634,0.0,0.0,0.0,80.0,-7.0,0.0,80.0,1.3962634,0.0,0.0,0.0,1.77943714,-2.18350487,4.13011375,-0.18174446,-15.92096769,-20.24990585,77.24155008,150.67574304,3.08445405,24.96571611,12.0343075,-6.92622269,6.80068739,61.25472417,47.60697951,5.98275237,-1.94873423
1760624949.151,0.01290841,-1.03161534,3.02608048,-0.03810562,0.95639486,-0.01473011,80.0,-7.0,0.0,80.0,1.3962634,0.0,0.0,0.0,80.0,-7.0,0.0,80.0,1.3962634,0.0,0.0,0.0,1.83109811,-2.05757588,4.34622101,0.45435124,-15.84833054,-20.41980827,76.26340984,151.01330443,3.01758109,24.6847967,11.42319668,-7.97988553,4.55363849,61.95448902,56.27690142,5.6198009,-2.66206532
1760624949.184,0.04442534,-1.02650352,3.03572176,-0.04582481,0.95636578,-0.01391452,80.0,-7.0,0.0,80.0,1.3962634,0.0,0.0,0.0,80.0,-7.0,0.0,80.0,1.3962634,0.0,0.0,0.0,1.91097169,-1.90228796,4.64262771,1.35042344,-15.77194265,-20.69081155,74.5920577,151.54929316,2.67454191,24.09937201,10.48615491,-9.04589728,1.75983301,63.24242214,66.01848271,5.45601128,-3.23068296
1760624949.218,0.07593022,-1.01894872,3.0443588,-0.05490148,0.95636327,-0.01281023,80.0,-7.0,0.0,80.0,1.3962634,0.0,0.0,0.0,80.0,-7.0,0.0,80.0,1.3962634,0.0,0.0,0.0,2.04810251,-1.68432227,5.15150011,2.85988067,-15.73601623,-21.05001187,72.30213744,152.24324688,2.43964118,23.59232469,8.42825535,-10.36609758,-3.11239085,66.66713711,81.6406372,5.60862822,-3.56304483
1760624949.251,0.09288008,-1.01634925,3.03821155,-0.05921297,0.95699862,-0.01223934,80.0,-7.0,0.0,80.0,1.3962634,0.0,0.0,0.0,80.0,-7.0,0.0,80.0,1.3962634,0.0,0.0,0.0,2.19375047,-1.48752815,5.50270503,3.84923698,-15.80148756,-21.05761255,70.88239988,152.51986689,2.28717383,23.5127835,7.00283617,-10.79682047,-6.91614813,69.92333703,93.97311006,6.08874397,-3.21053679
1760624949.285,0.11100792,-1.01985768,3.04051315,-0.06095786,0.95741598,-0.01220591,80.0,-7.0,0.0,80.0,1.3962634,0.0,0.0,0.0,80.0,-7.0,0.0,80.0,1.3962634,0.0,0.0,0.0,2.38087987,-1.32825559,5.75586859,4.30700753,-15.9829614,-20.96961425,69.93438458,152.65750083,2.11603905,23.5023066,6.02125274,-10.54442363,-10.37066348,73.48148155,107.00104886,6.74820674,-2.29655899
1760624949.318,0.11822823,-1.02444932,3.03715116,-0.05999396,0.95847613,-0.01125007,80.0,-7.0,0.0,80.0,1.3962634,0.0,0.0,0.0,80.0,-7.0,0.0,80.0,1.3962634,0.0,0.0,0.0,2.28199728,-1.31774898,5.84659142,4.18460536,-16.17065217,-20.9907598,70.03994323,152.37860197,2.06469949,23.47763605,5.36810522,-10.1787469,-11.50926754,75.47854557,112.02191279,7.21231257,-1.2113359
1760624949.351,0.1209367,-1.02419636,3.03183754,-0.06016322,0.95916345,-0.01064859,80.0,-7.0,0.0,80.0,1.3962634,0.0,0.0,0.0,80.0,-7.0,0.0,80.0,1.3962634,0.0,0.0,0.0,2.35653344,-1.32397718,5.85805162,4.29732007,-16.21327356,-20.71912209,69.67662083,152.21545567,1.80549239,23.49194143,4.72637859,-9.77836123,-12.18447555,76.8148128,115.26852387,7.56609391,-0.17653753
1760624949.385,0.11067107,-1.02207491,3.01531791,-0.05985851,0.95973563,-0.01081431,80.0,-7.0,0.0,80.0,1.3962634,0.0,0.0,0.0,80.0,-7.0,0.0,80.0,1.3962634,0.0,0.0,0.0,2.38247787,-1.36476647,5.89859782,4.27604414,-16.22090076,-20.7704382,69.73548127,152.19078102,1.89809108,23.52078442,4.23840789,-9.24935967,-12.63468109,78.01428683,118.53951706,8.01756155,1.18463724
1760624949.418,0.10007504,-1.02605973,3.00535344,-0.05969361,0.96000871,-0.01087928,80.0,-7.0,0.0,80.0,1.3962634,0.0,0.0,0.0,80.0,-7.0,0.0,80.0,1.3962634,0.0,0.0,0.0,2.40143274,-1.41750689,5.87487868,4.15487357,-16.1471211,-20.74343339,70.01917614,152.10448838,2.03227683,23.63967291,4.01327179,-9.08187142,-12.67910435,78.43045638,120.24577935,8.12977275,1.93099963
1760624949.452,0.10391677,-1.02345863,3.0007006,-0.0580553,0.95975485,-0.01068393,80.0,-7.0,0.0,80.0,1.3962634,0.0,0.0,0.0,80.0,-7.0,0.0,80.0,1.3962634,0.0,0.0,0.0,2.39620088,-1.50406154,5.86156511,4.11027851,-16.03109905,-20.67592244,70.13766638,152.06295852,2.07466704,23.7445347,4.0086036,-9.11645711,-12.40678518,78.3910001,121.24172384,7.92193977,2.56845522
1760624949.485,0.09894113,-1.01437162,2.99766904,-0.05588117,0.959508,-0.01135748,80.0,-7.0,0.0,80.0,1.3962634,0.0,0.0,0.0,80.0,-7.0,0.0,80.0,1.3962634,0.0,0.0,0.0,2.45251066,-1.55846711,5.86351712,3.55876232,-16.1283893,-20.64681109,71.06356789,151.7651782,2.42890002,24.18100301,3.87175773,-9.13364074,-12.2188835,78.41559085,122.76726758,7.76234723,3.23409342
1760624949.519,0.10381067,-1.00733287,2.99510251,-0.05400325,0.95930552,-0.01153727,80.0,-7.0,0.0,80.0,1.3962634,0.0,0.0,0.0,80.0,-7.0,0.0,80.0,1.3962634,0.0,0.0,0.0,2.4734295,-1.59563092,5.80323206,3.39872698,-16.05585096,-20.63195543,71.10723816,151.70944524,2.33820981,24.13271053,3.88975081,-9.23381795,-12.13087774,78.12787428,123.28216839,7.71863501,3.38489385
1760624949.552,0.11132054,-1.00172747,2.99115469,-0.05365732,0.95906677,-0.01188778,80.0,-7.0,0.0,80.0,1.3962634,0.0,0.0,0.0,80.0,-7.0,0.0,80.0,1.3962634,0.0,0.0,0.0,2.54421751,-1.60656906,5.81440418,3.34943686,-16.11090602,-20.68307369,71.07987935,151.61951996,2.36506508,24.09897787,3.71938832,-9.42668849,-12.00409196,77.90329242,123.21135476,7.582428,3.50722424
1760624949.586,0.12197985,-0.98886626,2.9847952,-0.05246608,0.95896284,-0.01243575,80.0,-7.0,0.0,80.0,1.3962634,0.0,0.0,0.0,80.0,-7.0,0.0,80.0,1.3962634,0.0,0.0,0.0,2.61657752,-1.60624347,5.88941277,3.32972093,-16.13374338,-20.71992855,71.01743981,151.59750051,2.40624525,24.12938308,3.55654395,-9.5485256,-11.92267149,77.77524738,123.32934171,7.56409184,3.74029494
1760624949.619,0.1192021,-0.97956315,2.97164031,-0.0506715,0.95876294,-0.01258737,80.0,-7.0,0.0,80.0,1.3962634,0.0,0.0,0.0,80.0,-7.0,0.0,80.0,1.3962634,0.0,0.0,0.0,2.66449969,-1.61057176,5.93517322,3.09387328,-16.2234535,-20.91416521,70.90101434,151.54428036,2.365712,23.83798154,3.37130128,-9.60284769,-11.84704914,77.7469089,123.19000453,7.49900386,3.7228812
1760624949.653,0.12374343,-0.97471145,2.97440156,-0.04994286,0.95831429,-0.01237639,80.0,-7.0,0.0,80.0,1.3962634,0.0,0.0,0.0,80.0,-7.0,0.0,80.0,1.3962634,0.0,0.0,0.0,2.56899048,-1.59410703,5.90133059,3.70573358,-16.15625758,-21.1558482,70.24217902,151.89728807,2.5261149,23.47366689,3.4252559,-9.58315408,-11.88689496,77.77392438,123.29273309,7.48650188,3.74836921
1760624949.686,0.13393103,-0.96709869,2.98420913,-0.04933809,0.95851498,-0.01171918,80.0,-7.0,0.0,80.0,1.3962634,0.0,0.0,0.0,80.0,-7.0,0.0,80.0,1.3962634,0.0,0.0,0.0,2.61740426,-1.64117266,5.88583683,3.52967147,-16.01043487,-21.19675108,70.31613305,151.92903813,2.49273772,23.46677615,3.34409255,-9.61919713,-11.88267121,77.84664882,123.36217333,7.4654943,3.70696978
1760624949.719,0.13442837,-0.96468541,2.98372879,-0.04829385,0.95858764,-0.01063191,80.0,-7.0,0.0,80.0,1.3962634,0.0,0.0,0.0,80.0,-7.0,0.0,80.0,1.3962634,0.0,0.0,0.0,2.59449773,-1.70105246,5.88755547,3.2515002,-15.88205809,-21.34534391,70.49496263,151.97010997,2.43082486,23.35837169,3.35884355,-9.62312491,-11.83939293,77.91160391,123.41796507,7.44559397,3.66769817
1760624949.753,0.13564954,-0.95852426,2.9796389,-0.04610168,0.95894694,-0.00910696,80.0,-7.0,0.0,80.0,1.3962634,0.0,0.0,0.0,80.0,-7.0,0.0,80.0,1.3962634,0.0,0.0,0.0,2.63769394,-1.77504424,5.89027162,2.6435581,-15.59177864,-21.68383363,71.16241176,152.11521854,2.61982416,23.32608919,3.50041794,-9.72538563,-11.72472651,77.82788941,123.43333935,7.48269522,3.71616163
1760624949.786,0.13842537,-0.95846465,2.97673316,-0.04592754,0.95897463,-0.00926412,80.0,-7.0,0.0,80.0,1.3962634,0.0,0.0,0.0,80.0,-7.0,0.0,80.0,1.3962634,0.0,0.0,0.0,2.6292822,-1.72224944,5.85772073,2.65084911,-15.52783612,-21.59720752,71.16838547,152.20781184,2.62792739,23.36432808,3.53580303,-9.66534818,-11.59851099,77.9092709,123.40694778,7.46778796,3.73426885
1760624949.82,0.14293793,-0.95362385,2.97394081,-0.04582461,0.95890471,-0.00953014,80.0,-7.0,0.0,80.0,1.3962634,0.0,0.0,0.0,80.0,-7.0,0.0,80.0,1.3962634,0.0,0.0,0.0,2.61938751,-1.70344693,5.82998422,2.68819121,-15.48302758,-21.55999812,71.1576174,152.19931981,2.6910887,23.38535132,3.55747312,-9.59045684,-11.51548056,78.02790942,123.26745608,7.50337848,3.8739277
1760624949.853,0.13710929,-0.9500865,2.96484024,-0.04308381,0.95856978,-0.00934205,80.0,-7.0,0.0,80.0,1.3962634,0.0,0.0,0.0,80.0,-7.0,0.0,80.0,1.3962634,0.0,0.0,0.0,2.64648073,-1.71457143,5.70671594,2.44328531,-15.27234509,-21.44274345,71.47856051,152.30302492,2.69586108,23.52731317,3.84810585,-9.6694271,-11.38035632,77.75710493,122.39222309,7.69834674,4.13556122
1760624949.887,0.13091739,-0.9499487,2.97365316,-0.04120234,0.95821945,-0.00916432,80.0,-7.0,0.0,80.0,1.3962634,0.0,0.0,0.0,80.0,-7.0,0.0,80.0,1.3962634,0.0,0.0,0.0,2.59363985,-1.6431079,5.60461408,1.80810715,-15.0934038,-21.49879264,72.30084306,152.33462846,2.71590278,23.69306993,4.50599535,-10.10048367,-10.30169284,76.26255338,117.3663225,8.11808305,4.60426699
1760624949.954,0.11619817,-0.94387637,2.96942464,-0.04154037,0.95876496,-0.0093519,80.0,-7.0,0.0,80.0,1.3962634,0.0,0.0,0.0,80.0,-7.0,0.0,80.0,1.3962634,0.0,0.0,0.0,2.6912636,-1.54278026,5.52963736,1.49302668,-14.69774164,-21.21623895,72.57126262,152.54772096,2.53779916,23.96929619,5.04651734,-10.22434773,-6.15921542,72.91318421,101.28769188,9.24740281,7.07391377
1760624949.987,0.11363677,-0.94784511,2.97599611,-0.04193534,0.95894945,-0.01050656,80.0,-7.0,0.0,80.0,1.3962634,0.0,0.0,0.0,80.0,-7.0,0.0,80.0,1.3962634,0.0,0.0,0.0,2.65355728,-1.55295516,5.47123267,1.38193744,-14.91382797,-21.03413499,72.40800896,152.22300502,2.28747756,23.8514953,5.31360982,-9.77337572,-2.41317808,71.42847924,88.68075882,9.95519397,9.37896139
1760624950.02,0.10148782,-0.94652823,2.9819531,-0.04078323,0.95928868,-0.01220032,80.0,-7.0,0.0,80.0,1.3962634,0.0,0.0,0.0,80.0,-7.0,0.0,80.0,1.3962634,0.0,0.0,0.0,2.53443735,-1.57306844,5.37945286,1.19947301,-15.27936736,-20.90538886,72.48827852,151.71392921,2.17328973,23.72684214,5.6226153,-9.02394911,0.61936316,70.82784472,78.8371171,10.49273737,11.57558282
1760624950.054,0.09359994,-0.94851649,2.98498323,-0.04210291,0.9599785,-0.01473304,80.0,-7.0,0.0,80.0,1.3962634,0.0,0.0,0.0,80.0,-7.0,0.0,80.0,1.3962634,0.0,0.0,0.0,2.40461058,-1.57082509,5.29800461,1.14343045,-15.87524527,-20.47152322,72.44615611,151.0032842,1.94812227,23.75544594,5.52159659,-7.97999571,3.9308275,71.01364962,68.05040014,10.73840643,13.94670635
1760624950.087,0.07583534,-0.95552297,2.98241171,-0.04208595,0.96013369,-0.01712087,80.0,-7.0,0.0,80.0,1.3962634,0.0,0.0,0.0,80.0,-7.0,0.0,80.0,1.3962634,0.0,0.0,0.0,2.27553061,-1.66628456,5.20563299,1.02903269,-16.44118485,-20.3158074,72.24842675,150.3447478,1.7396129,23.35697448,5.08560785,-6.50491387,8.83262249,72.34244474,51.9783704,10.39877126,15.80107643
1760624950.121,0.06512286,-0.96285715,2.97897277,-0.04456787,0.96058853,-0.01766605,80.0,-7.0,0.0,80.0,1.3962634,0.0,0.0,0.0,80.0,-7.0,0.0,80.0,1.3962634,0.0,0.0,0.0,2.14720294,-1.72193294,5.12834817,1.01022786,-16.70890807,-20.16946607,71.96023107,149.9351988,1.46243771,23.02639412,4.44152706,-5.51084793,12.26550731,74.48232836,39.69556512,9.86303094,16.00176225
1760624950.154,0.05895668,-0.97010458,2.96959419,-0.04542768,0.96089579,-0.01795508,80.0,-7.0,0.0,80.0,1.3962634,0.0,0.0,0.0,80.0,-7.0,0.0,80.0,1.3962634,0.0,0.0,0.0,2.07408622,-1.74413611,5.10141515,1.06823981,-16.89739699,-20.08419946,71.54442515,149.74318991,1.15815206,22.70551638,3.8217115,-4.70655445,15.16042392,77.22808835,27.94165445,9.14942609,15.63327301
1760624950.188,0.05203842,-0.9755686,2.95544332,-0.04386696,0.96062678,-0.01807121,80.0,-7.0,0.0,80.0,1.3962634,0.0,0.0,0.0,80.0,-7.0,0.0,80.0,1.3962634,0.0,0.0,0.0,1.93314247,-1.87794842,5.02615189,1.32028227,-17.14570018,-20.07983098,71.33096695,149.39535286,1.21811963,22.4603288,3.48307707,-4.17719038,17.99864978,81.35269484,13.2535606,7.92814482,14.70254663
1760624950.221,0.04600345,-0.97973948,2.94491861,-0.04116875,0.95941547,-0.01798547,80.0,-7.0,0.0,80.0,1.3962634,0.0,0.0,0.0,80.0,-7.0,0.0,80.0,1.3962634,0.0,0.0,0.0,1.97964733,-2.00790191,5.00210799,1.06592168,-17.21762807,-20.1310894,71.41717104,149.20565339,1.21213383,22.33290233,3.43741478,-3.97492134,19.33263593,84.25403028,2.94473738,7.31927509,14.24911315
1760624950.255,0.02415358,-1.0257303,2.93061329,-0.03501823,0.95761063,-0.02408692,80.0,-7.0,0.0,80.0,1.3962634,0.0,0.0,0.0,80.0,-7.0,0.0,80.0,1.3962634,0.0,0.0,0.0,1.76869398,-2.49284031,4.68807622,0.61561136,-18.41593108,-19.70650337,71.72545539,147.45768201,1.2228708,21.94739662,-0.67635797,2.7110444,19.00206557,87.40847117,0.0,6.9699141,13.19182306
1760624950.288,0.0103065,-1.04874148,2.92882772,-0.03131199,0.9561889,-0.02759573,80.0,-7.0,0.0,80.0,1.3962634,0.0,0.0,0.0,80.0,-7.0,0.0,80.0,1.3962634,0.0,0.0,0.0,1.60723477,-2.84248955,4.42379986,0.32117672,-19.05215889,-19.45592203,71.92196586,146.4104962,1.15068768,21.6515815,-2.75743774,6.70113002,18.63456303,88.44531585,0.0,6.92059823,11.72920809
1760624950.322,0.00398942,-1.05937495,2.92450018,-0.03000328,0.95540516,-0.02946601,80.0,-7.0,0.0,80.0,1.3962634,0.0,0.0,0.0,80.0,-7.0,0.0,80.0,1.3962634,0.0,0.0,0.0,1.48910043,-3.0695012,4.27737944,0.25664354,-19.27028528,-19.58468765,72.01223451,146.07892791,1.28322838,21.37982058,-3.81895021,8.84068365,18.206401,88.81154564,0.0,7.15275568,10.33058889
1760624950.355,0.00469909,-1.07399482,2.92817159,-0.02931468,0.9541559,-0.03136169,80.0,-7.0,0.0,80.0,1.3962634,0.0,0.0,0.0,80.0,-7.0,0.0,80.0,1.3962634,0.0,0.0,0.0,1.29124548,-3.22638092,4.22301572,-0.06453199,-19.68361567,-19.66399147,72.68968026,145.42231949,1.525474,21.48785893,-4.10785653,10.72328498,17.47812456,88.27212372,0.0,7.16365556,8.36118059
1760624950.388,0.00128175,-1.0848524,2.93313389,-0.02762529,0.95339759,-0.03280413,80.0,-7.0,0.0,80.0,1.3962634,0.0,0.0,0.0,80.0,-7.0,0.0,80.0,1.3962634,0.0,0.0,0.0,1.14288077,-3.32000617,4.14846868,-0.64310744,-20.07719116,-19.83923748,73.40206869,144.92167018,1.70429089,21.45196645,-3.73047192,11.77381778,16.66461872,87.12834856,0.0,6.87710081,6.59918077
1760624950.422,-0.00107545,-1.0936196,2.9365947,-0.02443137,0.95251133,-0.03407259,80.0,-7.0,0.0,80.0,1.3962634,0.0,0.0,0.0,80.0,-7.0,0.0,80.0,1.3962634,0.0,0.0,0.0,1.07092438,-3.39283114,4.06661082,-1.15898863,-20.30387055,-19.99933381,73.6484856,144.57210991,1.6259215,21.14995876,-3.18511735,12.82907068,15.77415129,85.58781195,0.0,6.67907841,5.31983435
1760624950.455,-0.00727151,-1.11451867,2.94510434,-0.02198275,0.95149875,-0.03521153,80.0,-7.0,0.0,80.0,1.3962634,0.0,0.0,0.0,80.0,-7.0,0.0,80.0,1.3962634,0.0,0.0,0.0,1.13159333,-3.43818822,4.01783945,-1.78930763,-20.61942944,-20.01069807,74.26571557,144.10093696,1.71284597,21.22450059,-2.81795695,13.98671733,14.87067852,83.83499505,0.0,6.39291094,3.96430081
1760624950.489,-0.00258274,-1.12389961,2.95118461,-0.02214804,0.95119313,-0.03557081,80.0,-7.0,0.0,80.0,1.3962634,0.0,0.0,0.0,80.0,-7.0,0.0,80.0,1.3962634,0.0,0.0,0.0,1.07223193,-3.48144383,3.93575917,-2.23566,-20.70153379,-20.08804707,74.34573363,143.95290185,1.4807987,20.86461761,-2.32790351,14.67791934,14.23972234,82.57216694,0.0,6.43434482,3.47728089
1760624950.522,-0.00154955,-1.12906926,2.95908301,-0.02251576,0.95094013,-0.03569597,80.0,-7.0,0.0,80.0,1.3962634,0.0,0.0,0.0,80.0,-7.0,0.0,80.0,1.3962634,0.0,0.0,0.0,0.8754596,-3.51521057,3.85866162,-2.24347015,-20.97813152,-20.11901396,74.29628103,143.72666105,1.44557246,20.57091757,-1.78087936,15.23478342,13.75743854,81.54985094,0.0,6.64858515,3.29041529
1760624950.556,-0.01071527,-1.12743636,2.96436778,-0.0230022,0.95029773,-0.03540955,80.0,-7.0,0.0,80.0,1.3962634,0.0,0.0,0.0,80.0,-7.0,0.0,80.0,1.3962634,0.0,0.0,0.0,0.83383232,-3.57578136,3.70751827,-2.00982745,-21.20324188,-19.41899192,74.05271574,143.36243924,1.0998406,20.71013469,-1.50751427,15.55586998,13.34902001,80.72800598,0.0,6.78544962,3.10312712
1760624950.589,-0.01986255,-1.13244234,2.96627849,-0.02201282,0.94996241,-0.03489642,80.0,-7.0,0.0,80.0,1.3962634,0.0,0.0,0.0,80.0,-7.0,0.0,80.0,1.3962634,0.0,0.0,0.0,0.62053108,-3.62239305,3.62319173,-1.92934428,-21.3221176,-19.38909869,74.24859482,143.20746291,1.15605895,20.72390997,-1.24966817,15.6896526,13.26224075,80.40417223,0.0,6.89669717,3.1526019
1760624950.622,-0.02911409,-1.12674602,2.96705379,-0.02137045,0.9497148,-0.03393111,80.0,-7.0,0.0,80.0,1.3962634,0.0,0.0,0.0,80.0,-7.0,0.0,80.0,1.3962634,0.0,0.0,0.0,0.66661838,-3.71838628,3.5368587,-1.80732314,-21.23840214,-19.01704137,74.62002674,143.07530027,1.31872273,21.24865007,-1.1814262,15.57904034,13.20973142,80.25058903,0.0,6.94286001,3.33996599
1760624950.656,-0.03361202,-1.12386282,2.95150098,-0.02195488,0.94939632,-0.03355491,80.0,-7.0,0.0,80.0,1.3962634,0.0,0.0,0.0,80.0,-7.0,0.0,80.0,1.3962634,0.0,0.0,0.0,0.61360881,-3.81570767,3.52984542,-1.55342901,-21.36127924,-18.45560262,74.67009502,142.69768525,1.17109209,21.7160944,-1.0732385,15.27900253,13.32595204,80.38448644,0.0,6.94944133,3.56322814
1760624950.689,-0.02831244,-1.11998983,2.94418114,-0.02230153,0.94929738,-0.03287097,80.0,-7.0,0.0,80.0,1.3962634,0.0,0.0,0.0,80.0,-7.0,0.0,80.0,1.3962634,0.0,0.0,0.0,0.70949891,-3.87981638,3.59372577,-1.49112507,-21.22731969,-18.33268395,74.47504577,142.76150765,1.04916369,21.82577267,-0.99457712,14.92294903,13.47140381,80.44008417,0.0,6.96461617,3.75002045
1760624950.723,-0.03516334,-1.11987419,2.94042499,-0.02229666,0.94927235,-0.03227538,80.0,-7.0,0.0,80.0,1.3962634,0.0,0.0,0.0,80.0,-7.0,0.0,80.0,1.3962634,0.0,0.0,0.0,0.75950012,-3.85854795,3.58025063,-0.6419353,-21.20168414,-18.01075589,74.12182229,142.83345826,1.36885927,22.21472466,-0.54050425,14.22809747,13.48524048,80.28578489,0.0,6.81474247,3.85948222
1760624950.756,-0.03937492,-1.10703,2.94110568,-0.02212068,0.94982669,-0.03124831,80.0,-7.0,0.0,80.0,1.3962634,0.0,0.0,0.0,80.0,-7.0,0.0,80.0,1.3962634,0.0,0.0,0.0,0.86077249,-3.68555038,3.62882928,-0.05807912,-21.01462834,-17.78120562,73.57761277,143.24080032,1.33946715,22.36978636,0.67541414,11.91671251,13.55242309,79.8766404,0.0,6.54795937,4.05158649
1760624950.79,-0.0407976,-1.09008267,2.95761156,-0.02264789,0.95071791,-0.0296118,80.0,-7.0,0.0,80.0,1.3962634,0.0,0.0,0.0,80.0,-7.0,0.0,80.0,1.3962634,0.0,0.0,0.0,0.93718803,-3.42476848,3.74277467,0.27766232,-20.76493379,-17.73766395,73.57154825,143.67836009,1.45656963,22.78486055,2.36820022,8.89918537,13.78439607,79.21143691,0.0,6.22657366,4.32814866
1760624950.823,-0.03955725,-1.0648389,2.97272475,-0.02190425,0.9516859,-0.02565787,80.0,-7.0,0.0,80.0,1.3962634,0.0,0.0,0.0,80.0,-7.0,0.0,80.0,1.3962634,0.0,0.0,0.0,0.95761433,-3.11319336,3.83283349,0.89889621,-19.89829585,-18.32672529,73.30142397,145.10271593,1.88075976,22.84039572,5.07285686,4.39753538,14.38159299,77.97589536,0.0,5.86746149,4.2569087
1760624950.857,-0.0183409,-1.01717035,2.9830916,-0.02375064,0.95296809,-0.01829256,80.0,-7.0,0.0,80.0,1.3962634,0.0,0.0,0.0,80.0,-7.0,0.0,80.0,1.3962634,0.0,0.0,0.0,1.28475153,-2.6687661,4.15970143,1.08784044,-18.3812949,-19.34269652,73.8658218,147.23490193,2.79469601,23.51276082,9.67913223,-3.32850599,16.38762588,75.62190792,0.0,5.40864638,3.61527098
1760624950.89,-0.02109097,-1.0178769,2.99594985,-0.0239774,0.95418116,-0.0173615,80.0,-7.0,0.0,80.0,1.3962634,0.0,0.0,0.0,80.0,-7.0,0.0,80.0,1.3962634,0.0,0.0,0.0,1.46305732,-2.53611807,4.11597085,0.93184746,-18.12749292,-19.302701,74.00663521,147.59037533,2.85213935,23.69458494,10.18054248,-3.59007628,15.21616623,73.07050186,10.05491513,5.18468923,2.61732205
1760624950.924,-0.01500665,-1.01789945,3.01160894,-0.02872241,0.95586274,-0.016715,80.0,-7.0,0.0,80.0,1.3962634,0.0,0.0,0.0,80.0,-7.0,0.0,80.0,1.3962634,0.0,0.0,0.0,1.3455731,-2.3602543,4.15301432,1.19382559,-17.8286522,-19.26555598,74.20709135,148.00115591,3.010011,24.07545111,10.78557659,-4.14747625,13.13215594,70.50026519,22.96495704,5.02211709,1.1075795
1760624950.957,-0.00561112,-1.01190324,3.02462333,-0.03352388,0.95745774,-0.01595951,80.0,-7.0,0.0,80.0,1.3962634,0.0,0.0,0.0,80.0,-7.0,0.0,80.0,1.3962634,0.0,0.0,0.0,1.24079086,-2.16809946,4.21485983,1.70087499,-17.39191248,-19.26438954,73.94349769,148.59796495,3.0559554,24.23191551,11.42903859,-5.1659674,9.91736474,68.6474542,38.63592981,4.52315854,-0.63800708
1760624950.991,0.01786463,-1.01440961,3.04139987,-0.04055533,0.95777061,-0.01566229,80.0,-7.0,0.0,80.0,1.3962634,0.0,0.0,0.0,80.0,-7.0,0.0,80.0,1.3962634,0.0,0.0,0.0,1.26642172,-2.00622635,4.43673536,2.53318864,-17.29570565,-19.40889145,72.64959338,149.07946065,2.89960056,23.84470498,10.73777056,-5.82825995,7.80795084,69.18111583,48.00629233,4.13538983,-1.42050484
1760624951.024,0.06259242,-1.02573164,3.05802702,-0.04846321,0.95762857,-0.01572769,80.0,-7.0,0.0,80.0,1.3962634,0.0,0.0,0.0,80.0,-7.0,0.0,80.0,1.3962634,0.0,0.0,0.0,1.5803368,-1.84968026,4.97438553,3.90660775,-17.4540863,-19.53635553,70.0523827,149.43636975,2.46250986,23.16785639,8.52222655,-6.3781684,6.32849423,71.26426232,55.01501734,3.73191614,-1.86163402
1760624951.058,0.09973351,-1.03215683,3.06324168,-0.05039627,0.95849578,-0.01531131,80.0,-7.0,0.0,80.0,1.3962634,0.0,0.0,0.0,80.0,-7.0,0.0,80.0,1.3962634,0.0,0.0,0.0,2.03326222,-1.62466991,5.4603866,4.67058103,-17.4056843,-19.82026788,68.38439286,149.94865522,2.29212511,22.82211667,6.95225699,-7.1316489,3.79230304,72.70291559,65.17492259,2.81369374,-2.44973344
1760624951.091,0.12055448,-1.03184845,3.06922484,-0.05192833,0.95975109,-0.01573698,80.0,-7.0,0.0,80.0,1.3962634,0.0,0.0,0.0,80.0,-7.0,0.0,80.0,1.3962634,0.0,0.0,0.0,2.18050584,-1.43421036,5.74503203,4.26341936,-17.45863113,-20.19497331,68.27284821,150.08780932,2.11964539,22.61059983,6.45779799,-7.63876671,1.22103667,73.61447398,74.1223913,2.45254547,-2.35909156
1760624951.124,0.13281269,-1.02545979,3.07758458,-0.05516369,0.96079002,-0.01565282,80.0,-7.0,0.0,80.0,1.3962634,0.0,0.0,0.0,80.0,-7.0,0.0,80.0,1.3962634,0.0,0.0,0.0,2.17162817,-1.23245017,5.89196292,4.70306115,-17.37187748,-20.58675653,67.34855105,150.70980197,1.90132112,22.07956358,6.04858605,-7.98008122,-1.97643059,74.96979871,84.2810441,2.55269792,-1.98903814
1760624951.158,0.14330744,-1.01907128,3.07577006,-0.05525745,0.96142329,-0.0154885,80.0,-7.0,0.0,80.0,1.3962634,0.0,0.0,0.0,80.0,-7.0,0.0,80.0,1.3962634,0.0,0.0,0.0,2.2763567,-1.11352958,6.03495413,4.16805292,-17.28905247,-20.95411771,67.47787692,150.93397843,1.76473859,21.85931063,5.65422381,-7.95052633,-5.76302486,77.07178696,97.14231018,2.86973222,-1.05137933
1760624951.191,0.14415678,-1.00958877,3.06841626,-0.0508377,0.96102791,-0.01467642,80.0,-7.0,0.0,80.0,1.3962634,0.0,0.0,0.0,80.0,-7.0,0.0,80.0,1.3962634,0.0,0.0,0.0,2.53751303,-1.1137741,6.04326422,3.26504055,-16.8641181,-21.56611885,68.22206815,151.37477186,2.01374247,21.73925821,5.41924462,-7.48257281,-8.02095803,78.57266011,105.96869642,3.0686905,-0.00252592
1760624951.225,0.15026938,-0.99928017,3.06625373,-0.04794874,0.96094023,-0.01398515,80.0,-7.0,0.0,80.0,1.3962634,0.0,0.0,0.0,80.0,-7.0,0.0,80.0,1.3962634,0.0,0.0,0.0,2.66590294,-1.14590715,5.95725112,2.89504759,-16.68218315,-21.63097129,69.00262609,151.45317967,2.41462903,22.06864066,5.15184995,-6.84146247,-9.9024632,80.18783444,114.5061874,3.76605954,1.47608498
1760624951.258,0.13916289,-0.99558995,3.04926364,-0.04390701,0.96011783,-0.01237384,80.0,-7.0,0.0,80.0,1.3962634,0.0,0.0,0.0,80.0,-7.0,0.0,80.0,1.3962634,0.0,0.0,0.0,2.70254716,-1.28220405,5.86856482,2.17793278,-16.54684165,-21.68396621,69.8983227,151.31683857,2.51259878,22.19604868,5.35580314,-6.58055104,-10.36253481,80.49085789,117.87065157,4.52825651,3.33264097
1760624951.292,0.12460171,-0.99173995,3.03323941,-0.03920601,0.95900784,-0.01077717,80.0,-7.0,0.0,80.0,1.3962634,0.0,0.0,0.0,80.0,-7.0,0.0,80.0,1.3962634,0.0,0.0,0.0,2.78265165,-1.43960432,5.61517438,1.50832742,-16.23539611,-21.71541171,70.90002863,151.36615854,2.7972531,22.35446169,5.83017776,-6.54602443,-10.72597625,80.14241051,120.39741623,5.03798896,5.24942768
1760624951.325,0.11669919,-0.97892259,3.0249067,-0.03368611,0.958378,-0.00901582,80.0,-7.0,0.0,80.0,1.3962634,0.0,0.0,0.0,80.0,-7.0,0.0,80.0,1.3962634,0.0,0.0,0.0,2.81869803,-1.68626378,5.47714631,0.23795066,-15.7986211,-22.01344073,72.28571762,151.35699188,2.93280251,22.37563397,6.4482444,-6.8392806,-10.75061622,79.2679928,122.17894039,5.77152757,7.03417542
1760624951.359,0.11336803,-0.97232068,3.01838249,-0.03081114,0.95808501,-0.00830422,80.0,-7.0,0.0,80.0,1.3962634,0.0,0.0,0.0,80.0,-7.0,0.0,80.0,1.3962634,0.0,0.0,0.0,2.74635663,-1.79661055,5.28661947,-0.32443016,-15.46866266,-22.27164025,73.39083299,151.58432502,3.3561414,22.50752206,7.14412575,-7.22022294,-10.63793611,78.08945093,122.21600983,6.10811057,7.89339537
1760624951.392,0.11006885,-0.96740449,3.01785398,-0.02974253,0.95802375,-0.00803502,80.0,-7.0,0.0,80.0,1.3962634,0.0,0.0,0.0,80.0,-7.0,0.0,80.0,1.3962634,0.0,0.0,0.0,2.68503011,-1.86280296,5.20305326,-0.74314289,-15.18928043,-22.3229345,74.15501607,151.68592544,3.48885118,22.7281885,7.66887563,-7.59366748,-10.48644719,77.08646867,122.28805873,6.35308076,8.34330061
1760624951.425,0.10199462,-0.95171052,3.02195769,-0.02938333,0.9584218,-0.00759468,80.0,-7.0,0.0,80.0,1.3962634,0.0,0.0,0.0,80.0,-7.0,0.0,80.0,1.3962634,0.0,0.0,0.0,2.56032551,-1.8625141,5.10683195,-1.30633813,-14.81973041,-22.79148982,74.84481141,152.12500358,3.60279754,22.53427013,8.29253132,-7.89580131,-10.32840317,75.87030119,122.3402262,6.37797256,8.33223867
1760624951.459,0.0953409,-0.9398071,3.02977132,-0.03059886,0.95897243,-0.007923,80.0,-7.0,0.0,80.0,1.3962634,0.0,0.0,0.0,80.0,-7.0,0.0,80.0,1.3962634,0.0,0.0,0.0,2.41003746,-1.7869996,4.94831308,-1.247589,-14.74021868,-22.70297869,75.04620274,152.30377907,3.60380189,22.60645515,8.78825157,-8.06626828,-10.37476833,75.07039846,122.46973888,6.24769755,8.22419647
1760624951.492,0.08657229,-0.92734262,3.03434542,-0.03143784,0.95936382,-0.00812244,80.0,-7.0,0.0,80.0,1.3962634,0.0,0.0,0.0,80.0,-7.0,0.0,80.0,1.3962634,0.0,0.0,0.0,2.26049583,-1.74058595,4.80564858,-1.30688507,-14.64460877,-22.63528744,75.3928916,152.3654676,3.61166217,22.6950594,9.25720812,-8.19579569,-10.45098025,74.40258186,122.46467435,6.17933718,8.12060776
1760624951.526,0.08111952,-0.91194296,3.03944529,-0.03102291,0.95908268,-0.00810509,80.0,-7.0,0.0,80.0,1.3962634,0.0,0.0,0.0,80.0,-7.0,0.0,80.0,1.3962634,0.0,0.0,0.0,2.18020568,-1.7295071,4.72580609,-1.78126745,-14.56196267,-22.66683166,76.35658092,152.28289478,3.83756042,22.99980054,9.55585385,-8.28332242,-10.51597166,73.92311202,122.50448531,6.00629441,7.87750758
1760624951.559,0.08018737,-0.89615381,3.03175996,-0.03087851,0.95941239,-0.0082165,80.0,-7.0,0.0,80.0,1.3962634,0.0,0.0,0.0,80.0,-7.0,0.0,80.0,1.3962634,0.0,0.0,0.0,2.13672784,-1.65937721,4.67728409,-1.82925786,-14.56053187,-22.62534511,76.40539122,152.36379082,3.82049569,22.98994674,9.84261035,-8.22164082,-10.55693064,73.60289596,122.49481633,5.93010351,7.74209116
1760624951.593,0.06855165,-0.88551846,3.02572736,-0.03022372,0.95947265,-0.0081599,80.0,-7.0,0.0,80.0,1.3962634,0.0,0.0,0.0,80.0,-7.0,0.0,80.0,1.3962634,0.0,0.0,0.0,2.08390718,-1.58580141,4.61583175,-1.91307346,-14.49285059,-22.53226682,76.41395757,152.4535383,3.71838122,22.95499671,10.16842121,-8.18488903,-10.5682606,73.34256108,122.43268328,5.94632709,7.74905089
1760624951.626,0.07244856,-0.88145589,3.02673628,-0.03004371,0.95925752,-0.00806629,80.0,-7.0,0.0,80.0,1.3962634,0.0,0.0,0.0,80.0,-7.0,0.0,80.0,1.3962634,0.0,0.0,0.0,2.0401746,-1.5269982,4.62026671,-1.82672399,-14.56964475,-22.52136402,76.25825722,152.49781028,3.73519656,22.87886347,10.31875145,-8.18235818,-10.49021197,73.30971776,122.32846838,5.99582826,7.75850898
1760624951.66,0.07572773,-0.87614124,3.03182604,-0.03011502,0.95918483,-0.0080401,80.0,-7.0,0.0,80.0,1.3962634,0.0,0.0,0.0,80.0,-7.0,0.0,80.0,1.3962634,0.0,0.0,0.0,2.08826679,-1.49977917,4.64462795,-1.85426358,-14.62907899,-22.57863734,76.05211106,152.46763506,3.67505007,22.70794311,10.14824936,-8.21464291,-10.4074349,73.41812188,122.02518265,5.93008313,7.66200048
1760624951.693,0.07944566,-0.8686963,3.03697791,-0.03188326,0.9595585,-0.00785837,80.0,-7.0,0.0,80.0,1.3962634,0.0,0.0,0.0,80.0,-7.0,0.0,80.0,1.3962634,0.0,0.0,0.0,2.07657451,-1.45140033,4.64824934,-1.17859859,-14.65239436,-22.45068499,75.01263266,152.59530656,3.39208781,22.3993849,9.98182136,-8.31800582,-10.24859017,73.3176838,120.9097834,5.86650181,7.43205757
1760624951.726,0.08377071,-0.86770953,3.03664806,-0.03293358,0.95951783,-0.00750491,80.0,-7.0,0.0,80.0,1.3962634,0.0,0.0,0.0,80.0,-7.0,0.0,80.0,1.3962634,0.0,0.0,0.0,2.01366733,-1.36740642,4.68546762,-0.95694413,-14.76777338,-22.46449197,74.76250927,152.6250439,3.36515037,22.29071478,10.1715626,-8.80019547,-9.25339595,71.94166536,116.15645668,5.81838766,7.23477236
1760624951.76,0.08911883,-0.87561524,3.03839143,-0.03793124,0.95971943,-0.00821805,80.0,-7.0,0.0,80.0,1.3962634,0.0,0.0,0.0,80.0,-7.0,0.0,80.0,1.3962634,0.0,0.0,0.0,1.99088559,-1.24777001,4.89811948,-0.16617405,-15.02538083,-22.68000949,73.40907011,152.71205528,3.10860396,21.76678762,9.77481446,-9.06692926,-7.66856288,70.93163908,109.86455619,5.89723213,7.4917621
1760624951.793,0.09384319,-0.88349552,3.04001395,-0.04159223,0.95982691,-0.00963071,80.0,-7.0,0.0,80.0,1.3962634,0.0,0.0,0.0,80.0,-7.0,0.0,80.0,1.3962634,0.0,0.0,0.0,1.99460085,-1.11567802,5.06798366,0.40033988,-15.47189757,-22.88299397,72.29176295,152.61751524,2.93231697,21.27764134,9.00310474,-8.97843904,-5.64330213,70.257446,102.03889035,6.25207688,8.13177548
1760624951.827,0.09564145,-0.89656052,3.03515309,-0.04331504,0.96032326,-0.01137858,80.0,-7.0,0.0,80.0,1.3962634,0.0,0.0,0.0,80.0,-7.0,0.0,80.0,1.3962634,0.0,0.0,0.0,1.9884023,-1.05857989,5.18568943,0.70926972,-15.89842202,-22.96337689,71.65010926,152.36283769,2.85816418,21.05821552,8.23087023,-8.43837189,-2.06230413,69.36812467,89.55352394,6.8578836,8.96299508
1760624951.86,0.08546628,-0.90910841,3.03322632,-0.04069659,0.96052621,-0.01317778,80.0,-7.0,0.0,80.0,1.3962634,0.0,0.0,0.0,80.0,-7.0,0.0,80.0,1.3962634,0.0,0.0,0.0,2.0533515,-1.0929593,5.28540357,0.61027394,-16.38132261,-23.21027171,71.15797835,151.94536917,2.77765746,20.58739474,7.55581698,-7.64477313,1.38432847,69.17578062,78.80539939,7.41698088,9.6692123
1760624951.894,0.07536808,-0.92384727,3.0374018,-0.03828718,0.96110134,-0.01515005,80.0,-7.0,0.0,80.0,1.3962634,0.0,0.0,0.0,80.0,-7.0,0.0,80.0,1.3962634,0.0,0.0,0.0,2.08201728,-1.15036171,5.34055625,0.24468814,-16.83509168,-23.23477094,71.1158996,151.37926843,2.68081772,20.36455783,6.77754561,-6.59051817,5.12828515,69.75558668,66.99683851,8.00015258,10.52646159
1760624951.927,0.06492322,-0.93802948,3.03664181,-0.0351113,0.96057571,-0.01676366,80.0,-7.0,0.0,80.0,1.3962634,0.0,0.0,0.0,80.0,-7.0,0.0,80.0,1.3962634,0.0,0.0,0.0,2.11720216,-1.3444491,5.28325598,-0.73025685,-17.15742139,-23.0338442,71.83761167,150.53616995,2.5300551,20.42066011,5.83588199,-5.11903132,10.24013319,71.51876864,50.0843343,8.15314479,10.5488005
1760624951.961,0.05087262,-0.94484781,3.03788506,-0.0317052,0.95973358,-0.01704684,80.0,-7.0,0.0,80.0,1.3962634,0.0,0.0,0.0,80.0,-7.0,0.0,80.0,1.3962634,0.0,0.0,0.0,2.10772114,-1.51163386,5.17499678,-1.32155341,-17.3097618,-22.84624855,72.25143117,149.9920302,2.32579241,20.38981007,5.20842382,-4.13995103,13.81809996,73.86441399,36.86800608,7.94985514,9.85828633
1760624951.994,0.03527902,-0.95400725,3.03513131,-0.03238584,0.95965156,-0.01736659,80.0,-7.0,0.0,80.0,1.3962634,0.0,0.0,0.0,80.0,-7.0,0.0,80.0,1.3962634,0.0,0.0,0.0,1.99560214,-1.5763783,5.05251508,-1.36939461,-17.35635582,-22.64164729,72.13931348,149.81920834,2.06505695,20.22266225,4.82693021,-3.47078766,16.63787801,76.83392819,24.33480245,7.71992099,9.38769129
1760624952.028,0.02590674,-0.95962998,3.03190093,-0.03623626,0.9592261,-0.01845407,80.0,-7.0,0.0,80.0,1.3962634,0.0,0.0,0.0,80.0,-7.0,0.0,80.0,1.3962634,0.0,0.0,0.0,1.84546061,-1.63433662,5.0492852,-1.39023686,-17.6725037,-22.66034023,71.93651514,149.50374468,1.96774145,19.85132517,4.42426466,-3.0957473,19.16421845,81.2588591,9.81949159,7.42505505,9.3441583
1760624952.061,0.01492663,-0.96209721,3.02676388,-0.03613456,0.95800879,-0.01943146,80.0,-7.0,0.0,80.0,1.3962634,0.0,0.0,0.0,80.0,-7.0,0.0,80.0,1.3962634,0.0,0.0,0.0,1.70027449,-1.7392406,4.96595206,-1.32074873,-17.73551724,-22.63588312,72.04322873,149.36908383,2.06433994,19.73906461,4.36603942,-2.58648964,20.21813355,84.31278289,0.0,7.29324439,9.22638996
1760624952.094,-0.00639908,-1.00283445,3.029219,-0.0325618,0.95620615,-0.0250792,80.0,-7.0,0.0,80.0,1.3962634,0.0,0.0,0.0,80.0,-7.0,0.0,80.0,1.3962634,0.0,0.0,0.0,1.40017294,-2.15672234,4.64233405,-1.9306959,-18.83426386,-22.17624754,72.47414081,147.70366017,1.90539462,19.36666096,0.35747441,3.81387029,19.64323867,86.59265816,0.0,7.3488411,8.55421028
1760624952.128,-0.02434431,-1.03198127,3.02905066,-0.02931926,0.95424745,-0.02950377,80.0,-7.0,0.0,80.0,1.3962634,0.0,0.0,0.0,80.0,-7.0,0.0,80.0,1.3962634,0.0,0.0,0.0,1.10122211,-2.59636115,4.31863059,-2.42983222,-19.73705091,-21.7110698,73.00324681,146.13770055,1.77961567,19.23128789,-2.70595204,9.11695726,19.23422435,88.21241849,0.0,7.43223538,7.13102608
1760624952.161,-0.02947019,-1.03953278,3.03500099,-0.0311274,0.953555,-0.03147734,80.0,-7.0,0.0,80.0,1.3962634,0.0,0.0,0.0,80.0,-7.0,0.0,80.0,1.3962634,0.0,0.0,0.0,0.73141552,-2.7577573,4.23274695,-2.37999966,-20.17103233,-21.62176368,73.4155922,145.46831518,1.88125236,19.36902616,-3.27295324,10.83541891,18.7013301,88.38577799,0.0,7.17735115,5.70669713
1760624952.195,-0.03614388,-1.0552945,3.02612599,-0.03306391,0.9526659,-0.03223221,80.0,-7.0,0.0,80.0,1.3962634,0.0,0.0,0.0,80.0,-7.0,0.0,80.0,1.3962634,0.0,0.0,0.0,0.52735202,-2.92756044,4.31964001,-2.27729002,-20.40522257,-21.77907646,73.46221342,145.09644167,2.03694588,19.33576731,-3.35252399,11.93258579,17.80497437,87.62164529,0.0,6.37737475,3.54178389
1760624952.228,-0.03893313,-1.07324733,3.03703201,-0.03419395,0.95210301,-0.03306536,80.0,-7.0,0.0,80.0,1.3962634,0.0,0.0,0.0,80.0,-7.0,0.0,80.0,1.3962634,0.0,0.0,0.0,0.46298782,-3.05406469,4.34628194,-2.0553653,-20.74099753,-21.48049668,73.17808402,144.59986,1.94908063,19.4149728,-3.60683528,12.67921564,17.06593553,86.93602282,0.0,5.61579914,1.7980225
1760624952.262,-0.03423466,-1.08674571,3.04825318,-0.03413192,0.95113718,-0.03353154,80.0,-7.0,0.0,80.0,1.3962634,0.0,0.0,0.0,80.0,-7.0,0.0,80.0,1.3962634,0.0,0.0,0.0,0.41818563,-3.07376463,4.44027521,-1.85398595,-21.0146525,-21.59056625,72.98913217,144.35435938,2.1295739,19.39731922,-3.94887344,13.43379162,16.40006115,86.2204237,0.0,5.15408529,0.4122658
1760624952.295,-0.03799449,-1.09756342,3.05378136,-0.0331178,0.95005216,-0.0340469,80.0,-7.0,0.0,80.0,1.3962634,0.0,0.0,0.0,80.0,-7.0,0.0,80.0,1.3962634,0.0,0.0,0.0,0.12384613,-3.19449338,4.34303379,-0.58184471,-21.34108088,-21.0869234,72.01791913,144.0464322,2.12529739,19.38113721,-3.78558803,14.32500533,15.32615422,85.11365417,0.0,4.70465329,-1.00255051
1760624952.329,-0.03718226,-1.10339165,3.04940276,-0.02963927,0.949678,-0.03385357,80.0,-7.0,0.0,80.0,1.3962634,0.0,0.0,0.0,80.0,-7.0,0.0,80.0,1.3962634,0.0,0.0,0.0,0.1694349,-3.27206704,4.30182247,-0.79262297,-21.28329245,-21.13201022,72.23853984,144.02209077,2.18574795,19.40234399,-3.48506679,14.81443813,14.60825523,83.92165035,0.0,4.60266064,-1.4733704
1760624952.362,-0.03857396,-1.11084059,3.05210632,-0.02616132,0.94890974,-0.03386184,80.0,-7.0,0.0,80.0,1.3962634,0.0,0.0,0.0,80.0,-7.0,0.0,80.0,1.3962634,0.0,0.0,0.0,0.13653166,-3.33497209,4.16676415,-1.20273525,-21.25003969,-21.20575687,72.50382543,144.00132606,2.13456889,19.23197517,-3.05473049,15.33401451,13.98381391,82.75886143,0.0,4.86984223,-1.422937
1760624952.396,-0.05030126,-1.11109987,3.05406059,-0.02402743,0.94822747,-0.03396571,80.0,-7.0,0.0,80.0,1.3962634,0.0,0.0,0.0,80.0,-7.0,0.0,80.0,1.3962634,0.0,0.0,0.0,0.05524013,-3.36425034,4.00319076,-1.63268711,-21.31517316,-21.44171831,73.29936379,143.97729051,2.56723382,19.32629858,-2.49948139,15.6990983,13.41592276,81.57180744,0.0,5.34862354,-1.14936347
1760624952.429,-0.06447348,-1.11474711,3.05510093,-0.02531349,0.94777703,-0.03409768,80.0,-7.0,0.0,80.0,1.3962634,0.0,0.0,0.0,80.0,-7.0,0.0,80.0,1.3962634,0.0,0.0,0.0,-0.0449582,-3.44561607,3.86508362,-2.80283998,-21.36582648,-21.63800253,74.29663683,143.69417089,2.37674471,19.23350999,-1.8102832,15.99046741,13.0300821,80.56119536,0.0,5.79054781,-0.6557833
1760624952.462,-0.0734604,-1.10968229,3.05761547,-0.02441195,0.94749447,-0.03438832,80.0,-7.0,0.0,80.0,1.3962634,0.0,0.0,0.0,80.0,-7.0,0.0,80.0,1.3962634,0.0,0.0,0.0,-0.20544883,-3.50324068,3.64824148,-4.18456373,-21.45942598,-21.84713908,75.544783,143.34712297,2.14932593,19.12769297,-1.01634602,16.31369717,12.64451059,79.70648642,0.0,6.11637455,-0.28280479
1760624952.496,-0.07894063,-1.1107959,3.06060552,-0.02302523,0.94705235,-0.03431126,80.0,-7.0,0.0,80.0,1.3962634,0.0,0.0,0.0,80.0,-7.0,0.0,80.0,1.3962634,0.0,0.0,0.0,-0.16139828,-3.55166984,3.5010707,-5.22225725,-21.38956973,-21.76346801,76.56263161,143.13403997,1.92157119,19.37181402,-0.48476231,16.44799913,12.43267662,79.08576362,0.0,6.56842632,0.28265932
1760624952.529,-0.0831252,-1.11757693,3.05263626,-0.02171118,0.94736349,-0.03447244,80.0,-7.0,0.0,80.0,1.3962634,0.0,0.0,0.0,80.0,-7.0,0.0,80.0,1.3962634,0.0,0.0,0.0,-0.02094091,-3.5336136,3.38852413,-5.71575026,-21.37297437,-21.47676809,77.16480016,142.97974473,1.85961935,19.74957016,0.0022359,16.50946663,12.24331086,78.60015206,0.0,6.67988142,0.764037
1760624952.563,-0.09294131,-1.12250672,3.04896127,-0.02007622,0.94761408,-0.03438942,80.0,-7.0,0.0,80.0,1.3962634,0.0,0.0,0.0,80.0,-7.0,0.0,80.0,1.3962634,0.0,0.0,0.0,0.05405342,-3.55366384,3.30499514,-5.90020469,-21.24031202,-21.31729991,77.31618111,143.08788272,1.75367529,19.8431958,0.42540294,16.46688145,12.22871816,78.3212444,0.0,6.73219505,1.08199126
1760624952.596,-0.09869736,-1.12089497,3.05504397,-0.01964764,0.94818821,-0.03357291,80.0,-7.0,0.0,80.0,1.3962634,0.0,0.0,0.0,80.0,-7.0,0.0,80.0,1.3962634,0.0,0.0,0.0,0.12186344,-3.49725547,3.24198813,-5.93483937,-21.0898019,-20.87886587,77.93079985,143.13523302,1.81826786,20.55992505,1.0160178,15.78883895,12.3309807,78.1139196,0.0,6.7886225,1.60812198
1760624952.63,-0.09572344,-1.12555461,3.0582828,-0.02051963,0.94875419,-0.03227438,80.0,-7.0,0.0,80.0,1.3962634,0.0,0.0,0.0,80.0,-7.0,0.0,80.0,1.3962634,0.0,0.0,0.0,0.10131194,-3.39959364,3.33198104,-5.7774954,-20.98508444,-20.78680843,78.00467577,143.2754666,1.81167998,20.82289349,1.71081035,14.52709141,12.5552701,78.0049029,0.0,6.74241173,1.94609298
1760624952.663,-0.09322657,-1.12352142,3.06465976,-0.02309714,0.94906525,-0.03063924,80.0,-7.0,0.0,80.0,1.3962634,0.0,0.0,0.0,80.0,-7.0,0.0,80.0,1.3962634,0.0,0.0,0.0,0.16732602,-3.29547832,3.37732763,-5.36173185,-20.784866,-20.6170953,77.92394961,143.56687455,1.89908473,21.15272287,2.39322374,12.71890613,12.74746966,78.07433442,0.0,6.65257002,2.32102316
1760624952.697,-0.07854218,-1.10779319,3.08443459,-0.02572787,0.95024008,-0.02676522,80.0,-7.0,0.0,80.0,1.3962634,0.0,0.0,0.0,80.0,-7.0,0.0,80.0,1.3962634,0.0,0.0,0.0,0.38271803,-2.98033634,3.59108801,-4.64351118,-20.03248045,-20.85979837,77.45471714,144.72157499,2.1298961,21.39535756,4.67850341,7.6304326,13.27369251,77.20258286,0.0,6.17996551,2.73133192
1760624952.73,-0.0741385,-1.07550174,3.08947505,-0.02648823,0.95121014,-0.02198842,80.0,-7.0,0.0,80.0,1.3962634,0.0,0.0,0.0,80.0,-7.0,0.0,80.0,1.3962634,0.0,0.0,0.0,0.6004795,-2.60915964,3.93550382,-3.62298442,-19.05290118,-21.35068205,76.95683217,146.28596161,2.69606611,21.75141313,7.73275343,1.58313846,14.58173763,75.6159528,0.0,6.01322778,2.02537185
1760624952.763,-0.05908049,-1.05218885,3.09375535,-0.02671751,0.95172631,-0.01861145,80.0,-7.0,0.0,80.0,1.3962634,0.0,0.0,0.0,80.0,-7.0,0.0,80.0,1.3962634,0.0,0.0,0.0,0.91244358,-2.3243879,4.20985731,-3.15942579,-18.13684954,-21.92216649,76.84454012,147.64765874,3.25246792,22.03064309,10.24312283,-3.1452896,15.75535287,73.76544683,2.2346389,5.91017689,1.00433398
1760624952.797,-0.04338278,-1.05959295,3.09760823,-0.02661015,0.95283075,-0.01904227,80.0,-7.0,0.0,80.0,1.3962634,0.0,0.0,0.0,80.0,-7.0,0.0,80.0,1.3962634,0.0,0.0,0.0,0.9861776,-2.17029486,4.27306742,-2.91374784,-17.96916738,-22.03897022,76.56204926,148.05552588,3.24872458,22.03501478,10.44418284,-3.39644489,14.24981141,71.49981109,13.56429262,5.67407497,-0.49093069
1760624952.83,-0.03492463,-1.06024396,3.10080892,-0.02682196,0.95335234,-0.01889379,80.0,-7.0,0.0,80.0,1.3962634,0.0,0.0,0.0,80.0,-7.0,0.0,80.0,1.3962634,0.0,0.0,0.0,1.04022031,-2.09691359,4.33515119,-2.75159352,-17.76119716,-22.07176807,76.53201043,148.29875042,3.27435722,22.20593076,10.72801568,-3.72313472,12.8318077,69.8633621,22.31045414,5.36622658,-1.77513421
1760624952.864,-0.03806519,-1.05850493,3.10490058,-0.02698377,0.95367062,-0.01807113,80.0,-7.0,0.0,80.0,1.3962634,0.0,0.0,0.0,80.0,-7.0,0.0,80.0,1.3962634,0.0,0.0,0.0,1.02819193,-2.08525527,4.33197229,-2.52884763,-17.4813435,-22.04750594,76.64629408,148.56631517,3.38490998,22.42113782,11.20644017,-4.18791506,11.29728917,68.44392176,30.46139805,4.99963507,-2.8838962
1760624952.897,-0.03248863,-1.056322,3.11948837,-0.02966233,0.95482359,-0.01687753,80.0,-7.0,0.0,80.0,1.3962634,0.0,0.0,0.0,80.0,-7.0,0.0,80.0,1.3962634,0.0,0.0,0.0,0.83325326,-1.91693015,4.32787268,-2.02901171,-17.18829105,-22.00711184,76.60745933,149.08437046,3.43426612,22.5712881,11.8629983,-4.91567189,9.09570485,67.10285012,40.59287375,4.68060347,-4.11152057
1760624952.931,-0.0201834,-1.04809837,3.13645321,-0.03214102,0.95575181,-0.01537049,80.0,-7.0,0.0,80.0,1.3962634,0.0,0.0,0.0,80.0,-7.0,0.0,80.0,1.3962634,0.0,0.0,0.0,1.15165929,-1.8110322,4.32429307,-2.00334585,-16.74102177,-21.94054445,76.23961656,149.68092744,3.25241788,22.55022665,12.03667945,-5.36789601,7.68771212,66.34750015,46.8422526,4.37421154,-4.60271405
1760624952.964,-0.01687413,-1.03427216,3.14190455,-0.03074888,0.9564744,-0.01375774,80.0,-7.0,0.0,80.0,1.3962634,0.0,0.0,0.0,80.0,-7.0,0.0,80.0,1.3962634,0.0,0.0,0.0,1.29149881,-1.73384439,4.36086554,-1.83799788,-16.33858016,-21.89072101,75.84225104,150.1792577,2.97848938,22.51341088,12.30396037,-5.96915727,5.76549318,65.74095792,54.51021938,3.96230829,-4.71748659
1760624952.997,-0.00381298,-1.00718724,3.13447408,-0.03159191,0.95736924,-0.01248928,80.0,-7.0,0.0,80.0,1.3962634,0.0,0.0,0.0,80.0,-7.0,0.0,80.0,1.3962634,0.0,0.0,0.0,1.36099358,-1.56950182,4.45168801,-1.38987354,-15.87876876,-21.64710101,75.82637237,150.77732272,3.02238282,23.04969819,12.72002951,-7.13148662,2.06825522,65.37436374,67.85523779,3.56681124,-5.14769546
1760624953.031,-0.00153759,-0.98850731,3.13924174,-0.03348721,0.95835764,-0.01194649,80.0,-7.0,0.0,80.0,1.3962634,0.0,0.0,0.0,80.0,-7.0,0.0,80.0,1.3962634,0.0,0.0,0.0,1.26652495,-1.40441574,4.39825331,-1.1828646,-15.62931171,-21.5718674,75.68234386,151.3033678,2.8487241,23.02754566,13.09372594,-7.90194747,-1.24557244,65.7816368,78.73090577,3.39384902,-5.09478166
1760624953.064,-0.00091156,-0.97458796,3.1378745,-0.037458,0.95973664,-0.01191716,80.0,-7.0,0.0,80.0,1.3962634,0.0,0.0,0.0,80.0,-7.0,0.0,80.0,1.3962634,0.0,0.0,0.0,1.14266653,-1.22887595,4.43234527,-1.1848832,-15.552238,-21.65411028,75.83677187,151.64055248,2.82672645,23.02703814,13.12675519,-8.36501807,-4.40676281,67.0330769,89.16994648,3.56515237,-4.3575561
1760624953.098,0.01878898,-0.96231758,3.13330137,-0.0442551,0.95999579,-0.01238586,80.0,-7.0,0.0,80.0,1.3962634,0.0,0.0,0.0,80.0,-7.0,0.0,80.0,1.3962634,0.0,0.0,0.0,1.29674789,-1.12597265,4.67441602,-0.94812397,-15.62688205,-21.77480927,75.15096358,151.93449031,2.63190764,22.79933198,11.67815599,-8.5382591,-7.59515386,70.07130285,101.1843548,3.64617238,-3.01406093
1760624953.131,0.04829302,-0.96358585,3.13307706,-0.04933538,0.95942463,-0.0126006,80.0,-7.0,0.0,80.0,1.3962634,0.0,0.0,0.0,80.0,-7.0,0.0,80.0,1.3962634,0.0,0.0,0.0,1.69624671,-1.11842553,5.15294551,-0.81693461,-15.84772147,-21.91150845,73.9552465,151.9676938,2.10151342,22.44592817,9.23083266,-8.40541058,-8.97182713,73.20242807,108.21193338,3.80142412,-1.60597225
1760624953.165,0.06914398,-0.97162837,3.13469939,-0.05061174,0.95926566,-0.01159729,80.0,-7.0,0.0,80.0,1.3962634,0.0,0.0,0.0,80.0,-7.0,0.0,80.0,1.3962634,0.0,0.0,0.0,2.10028454,-1.04397109,5.52420499,0.00076736,-15.92627938,-21.9451455,72.32403835,152.37230395,1.6250516,22.05470658,7.13505807,-8.1750482,-10.08705606,75.71627066,114.91262434,4.56971999,1.22043463
1760624953.198,0.08280312,-0.97600267,3.14022294,-0.05041758,0.95958015,-0.01076994,80.0,-7.0,0.0,80.0,1.3962634,0.0,0.0,0.0,80.0,-7.0,0.0,80.0,1.3962634,0.0,0.0,0.0,2.26888953,-1.05418857,5.69870079,0.43002204,-15.98731373,-21.86907084,71.70952559,152.6245277,1.38485733,22.01291184,6.2513287,-8.3564773,-10.53216688,76.39711414,117.99616641,5.14842666,3.00211164
1760624953.232,0.08533637,-0.97979817,3.13507755,-0.04997428,0.96010953,-0.01062683,80.0,-7.0,0.0,80.0,1.3962634,0.0,0.0,0.0,80.0,-7.0,0.0,80.0,1.3962634,0.0,0.0,0.0,2.34472488,-1.04780684,5.80264758,1.09093185,-16.05858287,-21.74248587,71.66964556,152.81393141,1.70667476,22.36349329,5.59252602,-8.45539264,-10.63535202,76.53083737,119.40044661,5.36447487,4.34201205
1760624953.265,0.09675569,-0.97303583,3.12614687,-0.04889808,0.96097873,-0.01050754,80.0,-7.0,0.0,80.0,1.3962634,0.0,0.0,0.0,80.0,-7.0,0.0,80.0,1.3962634,0.0,0.0,0.0,2.50529786,-1.1118494,5.8932469,1.37693718,-15.98167755,-21.36624505,71.62365306,153.29991559,1.49007153,22.8152094,4.85341496,-8.76326164,-10.76326809,76.58479244,120.90167661,5.69992216,5.73497281
1760624953.299,0.10723321,-0.97011393,3.11646628,-0.04580996,0.96110493,-0.01127293,80.0,-7.0,0.0,80.0,1.3962634,0.0,0.0,0.0,80.0,-7.0,0.0,80.0,1.3962634,0.0,0.0,0.0,2.74558668,-1.15498536,5.93547705,2.57034692,-16.32602725,-19.7532691,71.54910157,152.8001249,1.61653733,24.45569552,4.43377226,-9.04424872,-10.61024618,76.13780587,121.01529513,5.75634226,6.10083889
1760624953.332,0.11645851,-0.96419527,3.11037903,-0.04441675,0.96053604,-0.01128713,80.0,-7.0,0.0,80.0,1.3962634,0.0,0.0,0.0,80.0,-7.0,0.0,80.0,1.3962634,0.0,0.0,0.0,2.95806295,-1.21149314,5.9634549,3.20273088,-16.03427187,-18.9334297,71.77169277,152.80130371,1.84801152,25.60978607,4.31074947,-9.25828879,-10.33595046,75.42594497,120.73989231,5.70957941,6.23154967
1760624953.366,0.10579948,-0.95218365,3.09795807,-0.0410354,0.95967346,-0.0103893,80.0,-7.0,0.0,80.0,1.3962634,0.0,0.0,0.0,80.0,-7.0,0.0,80.0,1.3962634,0.0,0.0,0.0,2.9275613,-1.35864066,5.93411608,2.66460336,-15.88518739,-18.84308374,72.76265106,152.8901889,1.8783618,26.03721808,4.67306182,-9.51684475,-10.1835556,74.58157803,120.74486239,5.65530873,6.17782657
1760624953.399,0.09261372,-0.93739714,3.1000966,-0.03876593,0.95880236,-0.00960052,80.0,-7.0,0.0,80.0,1.3962634,0.0,0.0,0.0,80.0,-7.0,0.0,80.0,1.3962634,0.0,0.0,0.0,2.83984297,-1.49907416,5.74735558,2.11444081,-15.63262025,-18.86454688,73.96693867,152.92783934,2.20194855,26.35219981,5.25115221,-9.72019136,-10.16711827,73.76813863,120.47070118,5.5359388,6.01507467
1760624953.432,0.07193445,-0.91788657,3.10017588,-0.03616921,0.95829879,-0.00892467,80.0,-7.0,0.0,80.0,1.3962634,0.0,0.0,0.0,80.0,-7.0,0.0,80.0,1.3962634,0.0,0.0,0.0,2.81258199,-1.58190737,5.54836718,1.66098871,-15.19269802,-18.99133624,74.98092321,153.16685343,2.60171937,26.57885336,6.1174669,-9.81647919,-10.1606267,72.74295993,120.2294504,5.33163883,5.84078476
1760624953.466,0.05051691,-0.89589861,3.10745279,-0.03323323,0.9583572,-0.00826908,80.0,-7.0,0.0,80.0,1.3962634,0.0,0.0,0.0,80.0,-7.0,0.0,80.0,1.3962634,0.0,0.0,0.0,2.73013656,-1.64833666,5.30844124,1.70592939,-14.99225008,-18.7909484,75.24086596,153.33055353,2.73505324,26.67747105,7.01162848,-9.82785462,-10.29981202,71.88877507,120.09153025,5.24643348,5.80071106
1760624953.5,0.0389541,-0.87828265,3.10506356,-0.03121669,0.95846458,-0.00776833,80.0,-7.0,0.0,80.0,1.3962634,0.0,0.0,0.0,80.0,-7.0,0.0,80.0,1.3962634,0.0,0.0,0.0,2.63879754,-1.64326998,5.16062323,1.17835973,-14.75564651,-18.8692793,76.39411834,153.59248322,3.14681758,26.97136502,7.7686365,-9.76356125,-10.39694075,71.27997472,120.01069319,5.24503796,5.81894741
1760624953.533,0.02882166,-0.86355834,3.10290787,-0.03047084,0.95855222,-0.00772499,80.0,-7.0,0.0,80.0,1.3962634,0.0,0.0,0.0,80.0,-7.0,0.0,80.0,1.3962634,0.0,0.0,0.0,2.54212897,-1.6085822,5.025856,1.04801907,-14.61755526,-18.77305996,76.5224446,153.75404044,3.06980269,26.91312044,8.42232266,-9.67185669,-10.49929998,70.79736385,120.02798112,5.16755075,5.77355293
1760624953.566,0.02104336,-0.84899795,3.09848382,-0.03002195,0.95895667,-0.00745437,80.0,-7.0,0.0,80.0,1.3962634,0.0,0.0,0.0,80.0,-7.0,0.0,80.0,1.3962634,0.0,0.0,0.0,2.45067025,-1.60292615,4.9244598,0.64707103,-14.49134795,-18.84965221,76.82802625,153.91135062,2.96543374,26.76810344,9.01573268,-9.70702805,-10.51121498,70.42018622,119.90624807,5.12484327,5.77463915
1760624953.6,0.01151845,-0.84023742,3.1055196,-0.02967782,0.95912722,-0.00746343,80.0,-7.0,0.0,80.0,1.3962634,0.0,0.0,0.0,80.0,-7.0,0.0,80.0,1.3962634,0.0,0.0,0.0,2.44116266,-1.57294853,4.84782354,0.40422541,-14.41165933,-19.16546272,77.33747744,154.14702067,3.34383834,26.71637808,9.39487837,-9.66974744,-10.52397867,70.13154182,119.95006006,5.11759127,5.7482693
1760624953.633,0.00603389,-0.84176094,3.11120598,-0.02929961,0.95893913,-0.00751442,80.0,-7.0,0.0,80.0,1.3962634,0.0,0.0,0.0,80.0,-7.0,0.0,80.0,1.3962634,0.0,0.0,0.0,2.38423042,-1.49864829,4.7625928,0.30072238,-14.33680274,-19.13255212,77.34943025,154.31266765,3.18993806,26.65740882,9.72798623,-9.53290242,-10.58185087,69.9634205,120.22788928,5.07365847,5.67819999
1760624953.667,0.01102409,-0.84096618,3.10996074,-0.02988271,0.95907243,-0.00720313,80.0,-7.0,0.0,80.0,1.3962634,0.0,0.0,0.0,80.0,-7.0,0.0,80.0,1.3962634,0.0,0.0,0.0,2.32080737,-1.44846033,4.63928122,0.6674253,-14.13425318,-19.28719882,76.84333839,154.86698542,3.19035848,26.33080941,9.91669744,-9.39140417,-10.7059214,70.105483,121.07770854,4.97395171,5.64997227
1760624953.7,0.02173834,-0.84839122,3.09722136,-0.029945,0.95934303,-0.0067411,80.0,-7.0,0.0,80.0,1.3962634,0.0,0.0,0.0,80.0,-7.0,0.0,80.0,1.3962634,0.0,0.0,0.0,2.27386345,-1.40662017,4.58028045,0.8192786,-14.01982396,-19.23883805,76.76098782,155.26581552,3.21884054,26.38083042,10.03857093,-9.22795149,-10.77047129,70.29503878,122.14945606,4.66463614,5.49651547
1760624953.733,0.02881741,-0.85423614,3.09533594,-0.02996107,0.95958664,-0.00641285,80.0,-7.0,0.0,80.0,1.3962634,0.0,0.0,0.0,80.0,-7.0,0.0,80.0,1.3962634,0.0,0.0,0.0,2.23159632,-1.41273575,4.47046,1.12230057,-13.80165567,-19.51548005,76.39539215,156.0947325,3.35567075,26.05451149,10.01540652,-9.03888284,-10.90430039,70.76133541,123.67032701,4.16337122,5.11717155
1760624953.767,0.03639477,-0.87443855,3.08588513,-0.0304532,0.9597879,-0.00664855,80.0,-7.0,0.0,80.0,1.3962634,0.0,0.0,0.0,80.0,-7.0,0.0,80.0,1.3962634,0.0,0.0,0.0,2.19959967,-1.40118351,4.43544221,1.34256511,-13.93732123,-19.34102384,76.43122028,156.59395248,3.61803697,26.258405,9.77965434,-8.70266788,-10.8607723,71.58650196,124.81714273,3.98022257,4.82678059
1760624953.834,0.05353362,-0.88788587,3.08797339,-0.03162352,0.96042644,-0.00679433,80.0,-7.0,0.0,80.0,1.3962634,0.0,0.0,0.0,80.0,-7.0,0.0,80.0,1.3962634,0.0,0.0,0.0,2.09481657,-1.33254366,4.44727692,1.46499655,-13.91802848,-19.79946114,76.24655549,155.35786627,3.83603942,25.32705619,9.98350616,-8.76635023,-9.93647567,71.21048626,121.1932056,5.004945,5.43744483
1760624953.867,0.05863399,-0.89183546,3.10131023,-0.03434347,0.9610198,-0.00750461,80.0,-7.0,0.0,80.0,1.3962634,0.0,0.0,0.0,80.0,-7.0,0.0,80.0,1.3962634,0.0,0.0,0.0,2.01850092,-1.22215258,4.51436207,1.7584355,-13.99935966,-20.42063037,75.60087755,148.6975895,4.53487369,23.22348894,10.40818843,-9.39571855,-7.51090046,68.67578869,111.22065346,6.34496501,6.41087387
1760624953.901,0.07154514,-0.90069486,3.11278773,-0.03586844,0.96109738,-0.00860861,80.0,-7.0,0.0,80.0,1.3962634,0.0,0.0,0.0,80.0,-7.0,0.0,80.0,1.3962634,0.0,0.0,0.0,1.95186804,-1.14868691,4.58988177,2.46991148,-14.29743591,-20.56196541,74.61411969,141.14260585,5.52133115,21.20701786,10.78809701,-9.52976643,-3.96537251,65.84677271,98.69551754,7.53356813,7.44924246
1760624953.934,0.08529099,-0.90514622,3.12407462,-0.03859136,0.96221268,-0.0109786,80.0,-7.0,0.0,80.0,1.3962634,0.0,0.0,0.0,80.0,-7.0,0.0,80.0,1.3962634,0.0,0.0,0.0,1.85313706,-1.10440016,4.61751151,2.93044508,-14.88847649,-20.29720889,73.78468846,132.35057611,5.72082232,18.8763026,10.91069124,-9.01689516,0.04827904,63.94094601,85.69780095,8.47396422,8.3990437
1760624953.968,0.07958751,-0.9125042,3.12907849,-0.03996353,0.96240301,-0.01401827,80.0,-7.0,0.0,80.0,1.3962634,0.0,0.0,0.0,80.0,-7.0,0.0,80.0,1.3962634,0.0,0.0,0.0,1.73763564,-1.14564578,4.57509565,2.87179437,-15.77696003,-20.16454489,72.06244823,119.02029155,5.23409686,14.35300082,10.5398951,-7.61349301,5.24422485,63.12466743,68.88761108,9.31231949,8.98482833
1760624954.001,0.06146155,-0.92597429,3.13003315,-0.04188836,0.96239899,-0.01507568,80.0,-7.0,0.0,80.0,1.3962634,0.0,0.0,0.0,80.0,-7.0,0.0,80.0,1.3962634,0.0,0.0,0.0,1.58092516,-1.28220002,4.5019198,2.57400795,-16.32885864,-19.82207352,71.17746665,107.81080643,5.35265702,11.13115335,9.97868639,-6.26722854,9.00940391,63.79145195,55.59626803,9.57127209,9.07658683
1760624954.035,0.0506293,-0.93709587,3.12726749,-0.04525116,0.96230476,-0.01673242,80.0,-7.0,0.0,80.0,1.3962634,0.0,0.0,0.0,80.0,-7.0,0.0,80.0,1.3962634,0.0,0.0,0.0,1.35159913,-1.43623548,4.44780645,2.29858986,-16.90624607,-19.11105198,69.69212951,91.29283009,6.67054967,6.47272301,8.90676775,-4.58529775,13.49366872,66.37186395,37.19342668,10.11079115,9.75874501
1760624954.068,0.03885962,-0.94675157,3.12318151,-0.04651321,0.96161809,-0.01805118,80.0,-7.0,0.0,80.0,1.3962634,0.0,0.0,0.0,80.0,-7.0,0.0,80.0,1.3962634,0.0,0.0,0.0,1.29599017,-1.51320041,4.51648914,2.40523403,-17.32567098,-17.77536268,69.79665031,77.42933288,7.84103454,4.65539499,8.03047536,-3.60058398,16.35466969,69.453504,23.27135657,10.37101483,10.41288071
1760624954.101,0.05401474,-0.95589125,3.12015707,-0.04793735,0.96081799,-0.02051075,80.0,-7.0,0.0,80.0,1.3962634,0.0,0.0,0.0,80.0,-7.0,0.0,80.0,1.3962634,0.0,0.0,0.0,1.75626753,-1.55666642,4.86526359,4.25587961,-18.06376452,-14.68701336,67.56203804,64.24783849,9.21158016,2.161119,5.92646393,-3.50354435,18.51827908,74.08058005,10.63856477,10.91484262,11.3222848
1760624954.135,0.05012051,-0.99079147,3.13265442,-0.04701848,0.95949285,-0.02570056,80.0,-7.0,0.0,80.0,1.3962634,0.0,0.0,0.0,80.0,-7.0,0.0,80.0,1.3962634,0.0,0.0,0.0,1.95169193,-1.82731128,5.07970435,4.26869289,-19.21229991,-12.94085965,65.86111566,47.79391673,14.97158208,-0.70219031,1.14927641,0.50625381,19.07423572,80.26155718,0.0,12.55330368,13.11702984
1760624954.168,0.0246696,-1.03496255,3.12748461,-0.04423555,0.95741538,-0.03192414,80.0,-7.0,0.0,80.0,1.3962634,0.0,0.0,0.0,80.0,-7.0,0.0,80.0,1.3962634,0.0,0.0,0.0,1.78828263,-2.27957424,4.95386255,4.09201878,-20.50549621,-10.60411791,66.56420913,33.55473095,18.85774903,-1.62311815,-3.8275841,7.07075381,18.48281871,83.60312891,0.0,13.71793969,13.29207865
1760624954.202,0.00210049,-1.04455639,3.12090424,-0.04246972,0.95547834,-0.03368727,80.0,-7.0,0.0,80.0,1.3962634,0.0,0.0,0.0,80.0,-7.0,0.0,80.0,1.3962634,0.0,0.0,0.0,1.65153295,-2.62814655,4.79238869,3.81723693,-20.83571773,-9.60849276,68.16809374,19.91549217,22.46960383,-1.13190262,-4.96506685,9.72815504,17.81562907,84.29739024,0.0,14.80773474,12.79892238
1760624954.235,-0.00485339,-1.04885237,3.0950715,-0.03607368,0.95319263,-0.03482362,80.0,-7.0,0.0,80.0,1.3962634,0.0,0.0,0.0,80.0,-7.0,0.0,80.0,1.3962634,0.0,0.0,0.0,1.81135845,-2.9954361,4.77452599,3.19611464,-20.90295304,-8.40711528,69.80780077,6.18078775,25.41674743,-1.67624596,-5.02993478,11.69365701,16.97005824,83.69316262,0.0,15.75892082,12.2552009
1760624954.269,-0.01057475,-1.05299031,3.10188052,-0.03547355,0.95204546,-0.03588913,80.0,-7.0,0.0,80.0,1.3962634,0.0,0.0,0.0,80.0,-7.0,0.0,80.0,1.3962634,0.0,0.0,0.0,1.63546445,-3.18775999,4.82611851,3.08983246,-21.20923793,-9.38766656,70.55393934,2.39859997,24.4691681,-1.70273663,-4.91103497,12.56436712,16.59092848,83.52742767,0.0,15.95116122,11.67915371
1760624954.302,-0.0148534,-1.04847985,3.11941761,-0.03773239,0.95178533,-0.03534015,80.0,-7.0,0.0,80.0,1.3962634,0.0,0.0,0.0,80.0,-7.0,0.0,80.0,1.3962634,0.0,0.0,0.0,1.26903193,-3.13422457,4.76055452,3.46726018,-20.73207458,-13.44299649,70.5490593,0.0,23.17041682,1.4049945,-4.30575338,12.89930274,16.02896794,83.03281275,0.0,16.09620492,11.46989043
1760624954.336,-0.01431027,-1.04243038,3.13329648,-0.03639013,0.95129887,-0.03344098,80.0,-7.0,0.0,80.0,1.3962634,0.0,0.0,0.0,80.0,-7.0,0.0,80.0,1.3962634,0.0,0.0,0.0,0.83096047,-3.10006203,4.56956227,3.91499806,-18.75668205,-20.62039742,71.35884518,0.0,20.44338001,6.7964318,-3.69207758,13.75711716,15.19338085,82.19739399,0.0,15.88086532,11.09099095
1760624954.369,-0.02719527,-1.05120341,3.13580143,-0.03526279,0.95057146,-0.03303808,80.0,-7.0,0.0,80.0,1.3962634,0.0,0.0,0.0,80.0,-7.0,0.0,80.0,1.3962634,0.0,0.0,0.0,0.58376376,-3.06317232,4.34739367,4.0623195,-18.16590718,-23.76242292,70.7838813,0.0,20.0773195,9.65950456,-3.08755653,14.36569344,14.49477596,81.27996883,0.0,15.38777411,10.77821071
1760624954.403,-0.02562263,-1.05035118,3.13767586,-0.03454247,0.95034667,-0.032864,80.0,-7.0,0.0,80.0,1.3962634,0.0,0.0,0.0,80.0,-7.0,0.0,80.0,1.3962634,0.0,0.0,0.0,0.39385119,-3.11059449,4.16104068,4.01048262,-17.54948167,-25.93528635,70.50330847,0.0,19.93236543,11.74575337,-2.75166151,14.62158503,14.04471713,80.64425015,0.0,15.09527442,10.58518668
1760624954.469,-0.022141,-1.05609989,3.14125821,-0.03374951,0.95033161,-0.03287894,80.0,-7.0,0.0,80.0,1.3962634,0.0,0.0,0.0,80.0,-7.0,0.0,80.0,1.3962634,0.0,0.0,0.0,0.15176816,-3.18151032,3.97133887,4.30413034,-17.29257473,-27.24173879,68.74145334,0.0,20.42818857,13.5005944,-2.68399069,14.98511223,13.74043358,80.05987615,0.0,14.61585642,10.25012852
1760624954.503,-0.0283179,-1.05728141,3.13574303,-0.03286201,0.9504102,-0.03280014,80.0,-7.0,0.0,80.0,1.3962634,0.0,0.0,0.0,80.0,-7.0,0.0,80.0,1.3962634,0.0,0.0,0.0,-0.15737058,-3.16480531,3.859651,4.97856972,-17.28336341,-26.94237472,67.33120529,0.0,21.22272064,13.63591792,-2.46391724,15.04652659,13.70860581,80.06834502,0.0,14.5619545,10.38409419
1760624954.536,-0.02832489,-1.05109036,3.13465215,-0.03527684,0.95124063,-0.03308088,80.0,-7.0,0.0,80.0,1.3962634,0.0,0.0,0.0,80.0,-7.0,0.0,80.0,1.3962634,0.0,0.0,0.0,-0.22442701,-3.14342962,3.89127449,5.06661582,-17.28954974,-26.40144656,66.21707363,0.0,22.11655469,13.37596316,-2.5138066,14.75640416,13.9702926,80.16770951,0.0,14.40823644,10.50708383
1760624954.57,-0.03806689,-1.04811326,3.14044052,-0.03513899,0.95170396,-0.03309538,80.0,-7.0,0.0,80.0,1.3962634,0.0,0.0,0.0,80.0,-7.0,0.0,80.0,1.3962634,0.0,0.0,0.0,-0.30360955,-3.10843927,3.95959148,4.67926599,-17.56140688,-25.47424549,65.8517048,0.0,22.84852144,12.56390842,-2.28231048,14.33520319,14.14764142,80.01669501,0.0,14.30807036,10.65001636
1760624954.603,-0.0476536,-1.05320927,3.15352752,-0.03526069,0.95185406,-0.03314994,80.0,-7.0,0.0,80.0,1.3962634,0.0,0.0,0.0,80.0,-7.0,0.0,80.0,1.3962634,0.0,0.0,0.0,-0.36398633,-3.06963182,4.02861447,4.046349,-19.06882235,-22.66072201,65.70845595,0.0,23.63488096,10.0186765,-1.6131596,13.44605569,14.10731414,79.557546,0.0,14.08946978,10.69321845
1760624954.637,-0.05627145,-1.06610829,3.1609706,-0.03511381,0.95126456,-0.03403864,80.0,-7.0,0.0,80.0,1.3962634,0.0,0.0,0.0,80.0,-7.0,0.0,80.0,1.3962634,0.0,0.0,0.0,-0.33756108,-2.97461368,4.21869133,2.90535857,-22.83625914,-17.54490908,65.56925668,2.90345156,23.83640973,4.70605893,-0.10032755,11.17454826,13.83179917,78.66981845,0.0,13.38056685,10.83560043
1760624954.67,-0.05572094,-1.04108853,3.1590484,-0.03563679,0.95178292,-0.03114105,80.0,-7.0,0.0,80.0,1.3962634,0.0,0.0,0.0,80.0,-7.0,0.0,80.0,1.3962634,0.0,0.0,0.0,-0.22454767,-2.76227579,4.23368077,2.95403789,-22.08188009,-18.44451541,65.60721674,9.87726562,22.33454601,3.52737589,1.75778236,8.11807796,13.60375067,77.61347237,0.0,12.85540887,10.66957468
1760624954.704,-0.05975091,-1.01344787,3.14942325,-0.03313878,0.95185554,-0.02819985,80.0,-7.0,0.0,80.0,1.3962634,0.0,0.0,0.0,80.0,-7.0,0.0,80.0,1.3962634,0.0,0.0,0.0,0.04579856,-2.4114743,4.42960185,2.78888881,-21.34012959,-20.0116072,67.15252937,18.25535249,18.56218108,2.58045538,4.01137884,4.04549186,14.06390599,76.29815431,0.0,12.52087977,9.25208962
1760624954.737,-0.05836236,-0.97267766,3.14964951,-0.03323213,0.95212146,-0.02253642,80.0,-7.0,0.0,80.0,1.3962634,0.0,0.0,0.0,80.0,-7.0,0.0,80.0,1.3962634,0.0,0.0,0.0,0.30700398,-1.94155576,4.67452502,2.77467008,-20.2958358,-23.51213385,69.16474936,40.45679497,11.68698001,1.37853152,7.56521915,-2.2590872,15.4199176,74.57190273,0.0,12.00331557,6.14814488
1760624954.77,-0.05591489,-0.96391578,3.17066402,-0.03205643,0.9517623,-0.02198059,80.0,-7.0,0.0,80.0,1.3962634,0.0,0.0,0.0,80.0,-7.0,0.0,80.0,1.3962634,0.0,0.0,0.0,0.31337155,-1.68700133,4.71001927,2.55956632,-20.56374383,-25.79165069,71.10113008,55.32983254,7.6667275,1.77389848,8.45118019,-3.2131714,14.69325736,72.74592504,6.43411616,11.38992804,3.58617964
1760624954.804,-0.06037386,-0.9553275,3.18430818,-0.0283374,0.95141926,-0.02207477,80.0,-7.0,0.0,80.0,1.3962634,0.0,0.0,0.0,80.0,-7.0,0.0,80.0,1.3962634,0.0,0.0,0.0,0.45263776,-1.47640642,4.69213086,2.39179052,-20.57860757,-26.97348552,73.76896403,66.48604094,4.17434754,3.25399188,8.62366098,-3.23884258,13.49796719,71.21342486,13.86386127,10.70041974,1.43580056
1760624954.871,-0.06988626,-0.93923489,3.16186954,-0.02760686,0.95187866,-0.02019175,80.0,-7.0,0.0,80.0,1.3962634,0.0,0.0,0.0,80.0,-7.0,0.0,80.0,1.3962634,0.0,0.0,0.0,0.36011299,-1.41731285,4.82841729,3.3451034,-19.30672617,-25.19432627,75.86603886,91.69935021,-4.43646855,4.55058641,8.86118432,-4.23905144,10.60475808,69.23387346,31.06986464,8.62860686,-2.31854878
1760624954.904,-0.05614783,-0.93665866,3.15315385,-0.03165385,0.95257185,-0.01819144,80.0,-7.0,0.0,80.0,1.3962634,0.0,0.0,0.0,80.0,-7.0,0.0,80.0,1.3962634,0.0,0.0,0.0,0.79816495,-1.32908643,4.98719721,3.69137585,-18.63972036,-23.89664021,76.42645076,103.18052299,-7.80890696,6.6820282,8.90094697,-4.87999966,8.74576912,68.10045552,40.02809501,7.8689797,-3.83166553
1760624954.938,-0.04522839,-0.93893056,3.15394516,-0.0351564,0.95365324,-0.01623477,80.0,-7.0,0.0,80.0,1.3962634,0.0,0.0,0.0,80.0,-7.0,0.0,80.0,1.3962634,0.0,0.0,0.0,1.06103361,-1.26529956,5.00543389,4.07540846,-18.14829844,-24.56403261,76.86998312,118.28376521,-8.24430943,9.50305144,9.13640292,-5.46760939,6.79532316,67.62956806,48.96632598,6.776608,-4.57258131
1760624954.971,-0.03785496,-0.9385268,3.15686431,-0.03650608,0.9543727,-0.01510062,80.0,-7.0,0.0,80.0,1.3962634,0.0,0.0,0.0,80.0,-7.0,0.0,80.0,1.3962634,0.0,0.0,0.0,0.98567542,-1.24844374,5.02227963,4.15479004,-17.7589415,-24.3335579,78.53944323,128.96937977,-8.07315853,13.20520089,9.43425615,-5.90662636,5.33687833,67.66070804,54.98630781,6.25506159,-4.41367951
1760624955.038,-0.0265506,-0.92592995,3.24655631,-0.04575316,0.95709048,-0.01365202,80.0,-7.0,0.0,80.0,1.3962634,0.0,0.0,0.0,80.0,-7.0,0.0,80.0,1.3962634,0.0,0.0,0.0,1.17708952,-0.91819237,5.18583265,5.95053056,-17.55048025,-21.87521647,80.6275982,145.71456007,-2.68174145,22.91733759,9.26969186,-7.18446545,-0.32306848,69.06022035,74.72146055,6.00559645,-2.11542428
1760624955.072,-0.01769647,-0.9319863,3.28219468,-0.05073814,0.9582106,-0.01454498,80.0,-7.0,0.0,80.0,1.3962634,0.0,0.0,0.0,80.0,-7.0,0.0,80.0,1.3962634,0.0,0.0,0.0,1.19022782,-0.75170419,5.32827329,7.51740608,-17.90357637,-20.67294392,80.12397084,149.73279745,1.22070758,26.39078035,8.72231611,-7.65301487,-2.82452348,70.69054672,83.35195795,6.51925838,-0.53265212
1760624955.105,0.0157192,-0.93396463,3.31562199,-0.05329031,0.96033645,-0.01464473,80.0,-7.0,0.0,80.0,1.3962634,0.0,0.0,0.0,80.0,-7.0,0.0,80.0,1.3962634,0.0,0.0,0.0,1.99353636,-0.61520605,5.61151882,8.15000213,-17.31235768,-18.7120708,79.83096539,153.53627392,4.48815298,30.24592731,7.76703301,-7.97156039,-5.34293004,72.4744924,93.2498762,7.43539092,1.72498149
1760624955.172,0.02230922,-0.94507821,3.31301954,-0.05419953,0.96278925,-0.01435885,80.0,-7.0,0.0,80.0,1.3962634,0.0,0.0,0.0,80.0,-7.0,0.0,80.0,1.3962634,0.0,0.0,0.0,2.35869783,-0.54743161,5.75209497,9.80939096,-16.74788547,-17.91074267,77.07667497,156.88957787,5.22318608,30.90635983,6.24651786,-7.57960907,-8.2064637,75.68951567,105.59140244,8.47283582,4.25096439
1760624955.205,0.02412484,-0.9577615,3.31165689,-0.05203998,0.96283414,-0.01303508,80.0,-7.0,0.0,80.0,1.3962634,0.0,0.0,0.0,80.0,-7.0,0.0,80.0,1.3962634,0.0,0.0,0.0,2.55427331,-0.6667575,5.76139129,10.04623916,-16.28711169,-16.73589765,75.57333407,157.98069848,4.51383012,31.54521488,5.72033864,-7.40034419,-9.22516649,76.84185538,111.77437696,8.91158208,5.71612805
1760624955.239,0.0219664,-0.9607398,3.29444636,-0.04911356,0.96257155,-0.0119861,80.0,-7.0,0.0,80.0,1.3962634,0.0,0.0,0.0,80.0,-7.0,0.0,80.0,1.3962634,0.0,0.0,0.0,2.60852721,-0.80817183,5.74116151,9.39745651,-16.18282218,-15.96265045,75.06893999,157.93041559,3.2698065,31.76627877,5.59900248,-7.44236903,-9.54095716,77.02732773,114.78796471,9.01337165,6.31260923
1760624955.272,0.00753867,-0.95936468,3.27171571,-0.04325756,0.96180465,-0.01179206,80.0,-7.0,0.0,80.0,1.3962634,0.0,0.0,0.0,80.0,-7.0,0.0,80.0,1.3962634,0.0,0.0,0.0,2.63077796,-0.93451424,5.57210321,8.37813786,-16.23723516,-16.04542448,75.3936706,157.92183004,2.63580235,31.12192185,5.90885182,-7.59425706,-9.64149343,76.47427491,116.10014866,9.02770152,6.57672379
1760624955.306,-0.00340179,-0.95260596,3.25524163,-0.03918263,0.96157603,-0.01208384,80.0,-7.0,0.0,80.0,1.3962634,0.0,0.0,0.0,80.0,-7.0,0.0,80.0,1.3962634,0.0,0.0,0.0,2.66412191,-1.00156074,5.4349353,7.21316095,-16.23171461,-16.10509483,75.9865495,158.05621686,1.49749729,30.50770784,6.00310649,-7.68578127,-9.65646164,75.93078528,116.78960173,8.96738978,6.39588716
1760624955.339,-0.00136188,-0.94596505,3.24732125,-0.03737331,0.9611575,-0.01224269,80.0,-7.0,0.0,80.0,1.3962634,0.0,0.0,0.0,80.0,-7.0,0.0,80.0,1.3962634,0.0,0.0,0.0,2.6984877,-1.02514414,5.34570886,6.54303084,-16.11502376,-16.18323181,76.26687158,158.30748176,0.49610435,30.15691226,6.3232465,-7.70358998,-9.58255742,75.30522019,116.70449749,8.99922392,6.28099594
1760624955.372,-0.01438863,-0.93047419,3.23938701,-0.03637477,0.96105383,-0.01323343,80.0,-7.0,0.0,80.0,1.3962634,0.0,0.0,0.0,80.0,-7.0,0.0,80.0,1.3962634,0.0,0.0,0.0,2.59973002,-1.04111319,5.23874616,6.16745946,-16.03558988,-16.24044486,76.49850282,158.38071736,-0.33966915,29.76637704,6.71495979,-7.62080171,-9.61759207,74.93810167,116.76880393,9.11329354,6.30304387
1760624955.406,-0.02075423,-0.90191026,3.24188334,-0.03634606,0.96111164,-0.01327976,80.0,-7.0,0.0,80.0,1.3962634,0.0,0.0,0.0,80.0,-7.0,0.0,80.0,1.3962634,0.0,0.0,0.0,2.81579165,-1.14743727,5.21382254,6.10403294,-16.00163381,-16.12811888,76.26912464,158.66085386,-0.83321301,29.64721676,6.85174093,-7.62958654,-9.58330415,74.71088867,117.1241015,9.15898009,6.31047206
1760624955.439,-0.01210533,-0.88477757,3.24596602,-0.03722773,0.96048038,-0.01286511,80.0,-7.0,0.0,80.0,1.3962634,0.0,0.0,0.0,80.0,-7.0,0.0,80.0,1.3962634,0.0,0.0,0.0,3.01688282,-1.20078783,5.07365145,6.36398662,-15.81809684,-15.78546715,76.11814583,158.92981151,-0.72948553,29.81849276,6.96450667,-7.63384233,-9.71414169,74.54978134,117.46743947,9.17900524,6.31623926
1760624955.473,-0.01539244,-0.86590446,3.25496376,-0.03744237,0.9601336,-0.01231904,80.0,-7.0,0.0,80.0,1.3962634,0.0,0.0,0.0,80.0,-7.0,0.0,80.0,1.3962634,0.0,0.0,0.0,2.95499931,-1.24392244,5.01357316,6.61849393,-15.88158054,-15.79157927,76.04961009,158.84791603,-0.53409687,29.73976507,7.20323626,-7.58419276,-9.76184305,74.55526161,117.77578291,9.13164238,6.28908718
1760624955.506,-0.02087325,-0.843753,3.2549372,-0.03783037,0.95977184,-0.01179973,80.0,-7.0,0.0,80.0,1.3962634,0.0,0.0,0.0,80.0,-7.0,0.0,80.0,1.3962634,0.0,0.0,0.0,2.88087373,-1.28239963,4.89730124,6.62159068,-15.90497524,-15.86956625,76.27417744,158.93397648,-0.33274938,29.65273937,7.42713855,-7.49028827,-9.92677673,74.76029431,118.45628297,9.13609871,6.34097963
1760624955.54,-0.01845205,-0.82484905,3.2518924,-0.03970408,0.95992888,-0.01132987,80.0,-7.0,0.0,80.0,1.3962634,0.0,0.0,0.0,80.0,-7.0,0.0,80.0,1.3962634,0.0,0.0,0.0,3.00521492,-1.36333469,4.87639305,6.59773862,-15.71721973,-15.80554436,76.30846558,158.86008862,-0.23919088,29.67559882,7.53458465,-7.52924778,-9.90377573,74.77510573,118.7692709,9.12442969,6.28923881
1760624955.573,-0.02313786,-0.8197841,3.25451467,-0.04075955,0.95996434,-0.01094794,80.0,-7.0,0.0,80.0,1.3962634,0.0,0.0,0.0,80.0,-7.0,0.0,80.0,1.3962634,0.0,0.0,0.0,3.00519584,-1.35770997,4.82740352,6.7024286,-15.39781904,-15.75856865,76.71405242,158.65887199,0.00927822,29.82186325,7.58379739,-7.55031964,-9.81112565,74.69320527,118.27345146,9.07454467,6.0426183
1760624955.607,-0.03546994,-0.8096365,3.23262476,-0.0414368,0.95999994,-0.01048332,80.0,-7.0,0.0,80.0,1.3962634,0.0,0.0,0.0,80.0,-7.0,0.0,80.0,1.3962634,0.0,0.0,0.0,3.11527356,-1.32072261,4.91853857,6.76136153,-15.0397505,-16.38404375,76.90247116,156.36832696,-0.34358485,28.79756452,7.86254234,-8.04930496,-8.78180325,73.36255434,114.31582448,8.82100669,5.34151164
1760624955.64,-0.03716519,-0.808854,3.22231134,-0.04166233,0.96021374,-0.01042609,80.0,-7.0,0.0,80.0,1.3962634,0.0,0.0,0.0,80.0,-7.0,0.0,80.0,1.3962634,0.0,0.0,0.0,3.11960716,-1.26461024,4.96275885,6.93741678,-15.21575215,-16.45572853,76.59316672,150.28033299,-1.59164716,27.43356644,8.17010272,-8.62110771,-6.54217959,71.15940144,106.18918139,8.62212495,4.80363192
1760624955.674,-0.03764742,-0.81577647,3.22553786,-0.04181903,0.96042431,-0.01114146,80.0,-7.0,0.0,80.0,1.3962634,0.0,0.0,0.0,80.0,-7.0,0.0,80.0,1.3962634,0.0,0.0,0.0,3.10609104,-1.24873011,4.95979628,7.22120375,-15.46157068,-16.62000547,75.63955613,141.24552911,-2.6842846,25.06599458,8.27097488,-8.61865859,-3.07778312,69.00864475,94.69278185,8.39608333,4.44982476
1760624955.707,-0.05115451,-0.83341566,3.22259182,-0.04041492,0.96137486,-0.01348709,80.0,-7.0,0.0,80.0,1.3962634,0.0,0.0,0.0,80.0,-7.0,0.0,80.0,1.3962634,0.0,0.0,0.0,2.84574232,-1.2390974,4.87712034,7.41799804,-16.19595336,-17.15307416,74.53718194,127.90164438,-2.79860795,20.70940979,8.16764577,-7.66448436,1.59721823,67.97036015,79.73093775,8.26805904,3.79870401
1760624955.741,-0.0679118,-0.85478695,3.22207617,-0.04007008,0.96204202,-0.01499138,80.0,-7.0,0.0,80.0,1.3962634,0.0,0.0,0.0,80.0,-7.0,0.0,80.0,1.3962634,0.0,0.0,0.0,2.75195595,-1.28148392,4.90362726,6.78216975,-16.24455969,-17.84324045,73.94924401,117.47432058,-1.90788572,16.60620883,7.69843259,-6.62927411,5.099077,68.53728767,68.74461762,8.36003786,3.32255477
1760624955.774,-0.09329716,-0.87865667,3.22740506,-0.0393488,0.96268243,-0.01576638,80.0,-7.0,0.0,80.0,1.3962634,0.0,0.0,0.0,80.0,-7.0,0.0,80.0,1.3962634,0.0,0.0,0.0,2.24530482,-1.3480402,4.71207558,6.46712622,-16.58556191,-19.47095109,72.77651198,105.6805899,1.59517709,11.71672149,7.50017797,-5.40643681,8.69886154,70.02433579,56.30919962,8.72761889,3.35305192
1760624955.807,-0.09421772,-0.90703268,3.24480616,-0.04341123,0.96366366,-0.01759121,80.0,-7.0,0.0,80.0,1.3962634,0.0,0.0,0.0,80.0,-7.0,0.0,80.0,1.3962634,0.0,0.0,0.0,2.24991706,-1.44193503,4.72365012,6.98289785,-15.77682645,-18.92245711,70.21009175,88.62040641,6.0228506,6.47562272,6.12179699,-4.03487287,13.8622336,73.92117734,37.67727144,9.30247681,3.75423005
1760624955.841,-0.08251412,-0.92619593,3.26329165,-0.04974391,0.96313123,-0.01836372,80.0,-7.0,0.0,80.0,1.3962634,0.0,0.0,0.0,80.0,-7.0,0.0,80.0,1.3962634,0.0,0.0,0.0,2.05792842,-1.44381262,4.74887497,8.33701793,-16.03771486,-16.81438636,67.87010732,74.71196803,9.00370702,3.20627504,5.14566099,-3.43869186,16.98669366,77.98506374,24.21355566,9.59103445,4.14511971
1760624955.874,-0.08239363,-0.94401743,3.27290749,-0.05243518,0.96230052,-0.02014049,80.0,-7.0,0.0,80.0,1.3962634,0.0,0.0,0.0,80.0,-7.0,0.0,80.0,1.3962634,0.0,0.0,0.0,2.00682852,-1.41100621,4.80718206,8.85524656,-16.42804495,-14.22851788,67.01845703,61.18185905,11.43038811,0.4847089,4.54886033,-3.16919472,19.23318714,82.14062693,12.01668259,9.74738933,4.47423621
1760624955.908,-0.08138609,-0.97367559,3.25284422,-0.04981933,0.96058602,-0.02329471,80.0,-7.0,0.0,80.0,1.3962634,0.0,0.0,0.0,80.0,-7.0,0.0,80.0,1.3962634,0.0,0.0,0.0,2.01100498,-1.57879166,4.81962536,8.23284698,-17.07987652,-12.40399849,67.04764416,44.77828699,15.91629692,-1.50552902,2.66166726,-0.71882513,20.61025422,87.32004917,0.0,10.12857723,4.69323935
1760624955.941,-0.10345883,-1.02121841,3.23045041,-0.04086503,0.95849232,-0.02997577,80.0,-7.0,0.0,80.0,1.3962634,0.0,0.0,0.0,80.0,-7.0,0.0,80.0,1.3962634,0.0,0.0,0.0,1.86869069,-2.00373983,4.57025013,6.87340807,-18.65547796,-11.45875186,69.07779515,32.2414117,19.30932001,-1.12324997,-1.87300665,6.1171384,20.67843876,89.98675826,0.0,10.54069102,4.42714647
1760624955.975,-0.11435707,-1.04465381,3.21298853,-0.04029965,0.95639526,-0.03392677,80.0,-7.0,0.0,80.0,1.3962634,0.0,0.0,0.0,80.0,-7.0,0.0,80.0,1.3962634,0.0,0.0,0.0,1.70257918,-2.26863759,4.46399397,6.55032123,-20.34413704,-10.50496865,71.18665111,17.58093366,22.5119622,0.06859169,-4.57725939,10.39857505,20.62443674,91.53555569,0.0,11.13516351,3.64400772
1760624956.008,-0.13077746,-1.05135626,3.19560622,-0.03748184,0.95507169,-0.03439181,80.0,-7.0,0.0,80.0,1.3962634,0.0,0.0,0.0,80.0,-7.0,0.0,80.0,1.3962634,0.0,0.0,0.0,1.24408714,-2.32463262,4.49337264,5.53620123,-21.48392986,-11.4862212,74.50606843,9.55519646,22.5502423,1.03293894,-4.71799187,11.41268749,20.11947206,91.6064411,0.0,11.69653245,3.32779125
1760624956.041,-0.14828827,-1.06115979,3.19329552,-0.0354128,0.95354795,-0.03474338,80.0,-7.0,0.0,80.0,1.3962634,0.0,0.0,0.0,80.0,-7.0,0.0,80.0,1.3962634,0.0,0.0,0.0,0.63655681,-2.35709601,4.47977415,4.70908873,-22.01732001,-12.77899528,76.27213649,5.33150077,22.01983163,1.40968629,-4.6960593,12.32031468,19.57793409,91.52835293,0.0,12.3411643,3.36786389
1760624956.075,-0.15815446,-1.06412929,3.20121335,-0.03569845,0.95269864,-0.03483565,80.0,-7.0,0.0,80.0,1.3962634,0.0,0.0,0.0,80.0,-7.0,0.0,80.0,1.3962634,0.0,0.0,0.0,0.06581302,-2.35752107,4.46168554,4.47035944,-21.93866615,-17.42247143,76.81652516,0.0,20.92969197,5.40813062,-4.62269238,13.32565362,18.73705778,90.9854673,0.0,13.10973557,3.56946429
1760624956.108,-0.16146583,-1.06150923,3.21244144,-0.03620768,0.95272479,-0.03330348,80.0,-7.0,0.0,80.0,1.3962634,0.0,0.0,0.0,80.0,-7.0,0.0,80.0,1.3962634,0.0,0.0,0.0,-0.07471197,-2.37569111,4.38591978,5.03792499,-19.63265363,-22.14194427,76.83112367,0.0,18.93083512,9.17100391,-4.60480136,14.17420706,18.01378154,90.20916934,0.0,13.42225124,3.62485646
1760624956.142,-0.15146613,-1.06582913,3.22860495,-0.03636448,0.95244937,-0.03229759,80.0,-7.0,0.0,80.0,1.3962634,0.0,0.0,0.0,80.0,-7.0,0.0,80.0,1.3962634,0.0,0.0,0.0,-0.21443028,-2.5588176,4.24629014,5.28405056,-18.66973426,-24.41202586,76.96281657,0.0,17.40738787,10.89262175,-4.50835136,14.84111838,17.31054151,89.3015679,0.0,13.54106469,3.73092926
1760624956.175,-0.13211488,-1.06428105,3.26520688,-0.03848978,0.95217695,-0.03237354,80.0,-7.0,0.0,80.0,1.3962634,0.0,0.0,0.0,80.0,-7.0,0.0,80.0,1.3962634,0.0,0.0,0.0,-0.34962208,-2.72371644,4.05895185,5.64788564,-18.12436946,-24.71199047,76.74054098,0.0,15.91329295,11.25199208,-4.31761781,15.36308902,16.60112663,87.96481165,0.0,13.38717663,3.90447551
1760624956.209,-0.13294387,-1.05866121,3.28048087,-0.03935099,0.95165385,-0.03311682,80.0,-7.0,0.0,80.0,1.3962634,0.0,0.0,0.0,80.0,-7.0,0.0,80.0,1.3962634,0.0,0.0,0.0,-0.37617655,-2.87167937,4.01958395,5.64217982,-17.82895556,-25.57555092,76.5976832,0.0,14.55272452,12.28069707,-4.29374152,15.49646955,16.40458284,87.09283584,0.0,13.18154589,3.99858367
1760624956.242,-0.1297505,-1.04897495,3.278726,-0.038602,0.95098375,-0.03360064,80.0,-7.0,0.0,80.0,1.3962634,0.0,0.0,0.0,80.0,-7.0,0.0,80.0,1.3962634,0.0,0.0,0.0,-0.27605884,-3.00718053,3.97681416,5.19509946,-17.68623891,-24.97989542,76.83300433,0.0,13.77276937,11.95910182,-4.11848884,15.41913602,16.19549679,86.11873972,0.0,13.01919583,4.02487708
1760624956.276,-0.13817887,-1.04791026,3.27782978,-0.03679855,0.95077607,-0.0339404,80.0,-7.0,0.0,80.0,1.3962634,0.0,0.0,0.0,80.0,-7.0,0.0,80.0,1.3962634,0.0,0.0,0.0,-0.29487277,-3.08738759,3.95304542,4.65509747,-17.50651091,-24.67434531,76.77974464,0.0,13.99991094,12.10496149,-3.94634814,15.45027291,16.06820228,85.32053364,0.0,12.70021322,4.04108036
1760624956.309,-0.14964601,-1.03543886,3.26592353,-0.03547629,0.95061242,-0.03367464,80.0,-7.0,0.0,80.0,1.3962634,0.0,0.0,0.0,80.0,-7.0,0.0,80.0,1.3962634,0.0,0.0,0.0,-0.29957091,-3.13978297,3.89527646,3.91265827,-17.27716514,-24.4535102,75.29031025,0.0,16.22184854,12.46973112,-3.73939941,15.54404727,15.91888093,84.83241799,0.0,12.60770978,4.264932
1760624956.343,-0.14793614,-1.01771891,3.25695733,-0.03601398,0.95116979,-0.03374343,80.0,-7.0,0.0,80.0,1.3962634,0.0,0.0,0.0,80.0,-7.0,0.0,80.0,1.3962634,0.0,0.0,0.0,-0.34389655,-3.15116223,3.87001219,3.29071677,-17.00383589,-23.2113158,74.06179506,0.0,18.38485949,11.67030986,-3.57575914,15.43694653,15.8859298,84.58385903,0.0,12.56421024,4.55232345
1760624956.376,-0.16392351,-0.99903848,3.24228013,-0.03520552,0.95114773,-0.03376054,80.0,-7.0,0.0,80.0,1.3962634,0.0,0.0,0.0,80.0,-7.0,0.0,80.0,1.3962634,0.0,0.0,0.0,-0.25854238,-3.12295875,3.93246292,3.41868095,-17.03157527,-22.13924404,73.0483086,0.0,19.33076958,10.91544725,-3.44580683,15.23550431,16.02418597,84.36722267,0.0,12.49771326,4.712175
1760624956.443,-0.18562494,-1.00078136,3.24296405,-0.03361497,0.95090818,-0.03388702,80.0,-7.0,0.0,80.0,1.3962634,0.0,0.0,0.0,80.0,-7.0,0.0,80.0,1.3962634,0.0,0.0,0.0,-0.38998444,-3.07986495,3.85446912,3.73620033,-17.92313044,-19.65648349,72.47568366,0.0,20.1918803,8.73505238,-1.94665404,14.4178474,15.74580811,83.61352752,0.0,12.11987973,4.63722726
1760624956.476,-0.18975805,-1.00959418,3.23477435,-0.0319197,0.95032223,-0.03477423,80.0,-7.0,0.0,80.0,1.3962634,0.0,0.0,0.0,80.0,-7.0,0.0,80.0,1.3962634,0.0,0.0,0.0,-0.34727483,-2.93721516,3.97878349,3.43729397,-20.63192289,-15.62003948,72.2965439,0.0,21.11404536,4.94631014,-0.38025334,12.83075575,15.44841184,83.02648103,0.0,11.26598444,4.67559017
1760624956.51,-0.19109111,-1.00478005,3.24478967,-0.03025554,0.95129418,-0.03255812,80.0,-7.0,0.0,80.0,1.3962634,0.0,0.0,0.0,80.0,-7.0,0.0,80.0,1.3962634,0.0,0.0,0.0,-0.135484,-2.64997013,4.00224093,3.49880906,-20.86797216,-15.08576098,71.93899166,4.51067206,20.70766566,3.55699466,1.936601,10.15907621,14.9804691,81.75398655,0.0,10.215877,4.63038548
1760624956.543,-0.19851258,-0.98984868,3.25559298,-0.02961666,0.95277233,-0.02869584,80.0,-7.0,0.0,80.0,1.3962634,0.0,0.0,0.0,80.0,-7.0,0.0,80.0,1.3962634,0.0,0.0,0.0,-0.0493558,-2.2961404,4.07607594,3.77967991,-19.94319026,-16.8591215,71.76390027,12.72633412,18.94344709,3.4542766,4.89591388,6.1640218,14.9547451,80.21490533,0.0,9.2323572,3.79095511
1760624956.577,-0.20237137,-0.96783327,3.28042713,-0.02945853,0.95398839,-0.02385255,80.0,-7.0,0.0,80.0,1.3962634,0.0,0.0,0.0,80.0,-7.0,0.0,80.0,1.3962634,0.0,0.0,0.0,0.04023814,-1.85187587,4.21644544,3.57482682,-19.1111118,-20.12456248,74.34063869,22.45142378,15.12628768,4.09617811,8.32901108,1.24157151,15.54628479,78.87971939,0.0,7.63691852,2.42939693
1760624956.61,-0.19401761,-0.9517563,3.28722333,-0.03056447,0.95473161,-0.02045642,80.0,-7.0,0.0,80.0,1.3962634,0.0,0.0,0.0,80.0,-7.0,0.0,80.0,1.3962634,0.0,0.0,0.0,0.12495381,-1.54818797,4.30329517,3.50644372,-18.33982805,-22.11382023,76.13468232,31.96629762,12.26010622,4.40923033,10.61187354,-2.03599258,15.98452674,77.54606857,1.66813169,6.80939597,1.53799392
1760624956.644,-0.18356133,-0.95594757,3.29263065,-0.03112434,0.95508058,-0.01979182,80.0,-7.0,0.0,80.0,1.3962634,0.0,0.0,0.0,80.0,-7.0,0.0,80.0,1.3962634,0.0,0.0,0.0,0.18290521,-1.41569993,4.31384752,3.63646962,-18.08054015,-23.16806403,77.04700555,44.06623709,9.2441438,4.10969634,10.67652638,-2.16891925,14.99257369,76.2120764,8.91112826,6.23115505,0.51631888
1760624956.677,-0.16917205,-0.95684615,3.30417011,-0.03450543,0.95587807,-0.01980257,80.0,-7.0,0.0,80.0,1.3962634,0.0,0.0,0.0,80.0,-7.0,0.0,80.0,1.3962634,0.0,0.0,0.0,0.05659024,-1.23288839,4.33118717,4.31990542,-17.87929266,-23.89935662,77.5236887,60.29274921,5.66686053,3.33753244,10.9879858,-2.59828265,12.95619442,74.12033156,20.89295084,5.0366826,-0.76553006
1760624956.711,-0.14534037,-0.95454533,3.29841661,-0.04309639,0.95612948,-0.02028739,80.0,-7.0,0.0,80.0,1.3962634,0.0,0.0,0.0,80.0,-7.0,0.0,80.0,1.3962634,0.0,0.0,0.0,0.28928508,-1.14033843,4.70860185,5.57316726,-17.9653113,-23.80323795,77.17719549,71.31156663,2.58699503,3.92041448,9.69428842,-3.35588449,11.38537316,74.04669238,30.22319486,4.44704378,-1.58381114
1760624956.744,-0.10005492,-0.95244262,3.29540187,-0.05118235,0.95648025,-0.02056763,80.0,-7.0,0.0,80.0,1.3962634,0.0,0.0,0.0,80.0,-7.0,0.0,80.0,1.3962634,0.0,0.0,0.0,0.76315961,-0.96962482,5.3257934,7.10752331,-18.34164986,-24.35622207,75.48821697,82.32898178,0.80579216,4.8127615,7.17638101,-4.08971224,10.05556167,75.56156433,38.26388059,3.88123896,-1.91657178
1760624956.778,-0.06157758,-0.94348978,3.29751324,-0.05524033,0.95755408,-0.02006327,80.0,-7.0,0.0,80.0,1.3962634,0.0,0.0,0.0,80.0,-7.0,0.0,80.0,1.3962634,0.0,0.0,0.0,1.04661362,-0.7747126,5.71605617,8.68658612,-18.49568065,-25.0437055,75.14258422,95.87907291,-0.75952128,7.14939801,5.87621558,-4.76185572,7.71160838,76.1827766,48.91989269,2.99377949,-1.60159693
1760624956.811,-0.03444143,-0.94318587,3.29880468,-0.05723249,0.95888711,-0.01954442,80.0,-7.0,0.0,80.0,1.3962634,0.0,0.0,0.0,80.0,-7.0,0.0,80.0,1.3962634,0.0,0.0,0.0,1.31299908,-0.82424737,5.96072642,9.33117406,-18.89070336,-24.35444727,74.98577309,104.7080407,-2.00747558,8.98880161,5.34973764,-5.62608412,5.51943219,76.45428865,57.6952999,2.82397628,-1.39641563
1760624956.844,-0.02630802,-0.9348236,3.30296751,-0.05765109,0.95948278,-0.01880707,80.0,-7.0,0.0,80.0,1.3962634,0.0,0.0,0.0,80.0,-7.0,0.0,80.0,1.3962634,0.0,0.0,0.0,1.46360036,-0.77970039,6.11735463,9.54748958,-18.72774028,-24.85395267,75.56877077,114.96399665,-1.86801565,11.08031022,5.15966003,-6.23925109,2.89899159,76.83862701,67.1593763,2.75783091,-0.93494435
1760624956.878,-0.01905025,-0.91394672,3.29912845,-0.05758128,0.96008886,-0.01717225,80.0,-7.0,0.0,80.0,1.3962634,0.0,0.0,0.0,80.0,-7.0,0.0,80.0,1.3962634,0.0,0.0,0.0,1.61747364,-0.76081576,6.27404487,9.82838755,-18.24781599,-24.4560975,76.75648917,129.73357483,-1.52759288,14.55062299,5.0956687,-6.81870624,-1.78383253,77.86730217,82.83377453,2.83019896,-0.27104047
1760624956.911,-0.01161964,-0.90240731,3.29602634,-0.05610415,0.95999874,-0.01639086,80.0,-7.0,0.0,80.0,1.3962634,0.0,0.0,0.0,80.0,-7.0,0.0,80.0,1.3962634,0.0,0.0,0.0,1.6173499,-0.81308048,6.31181185,9.73411725,-17.66632699,-25.0788132,78.22349881,140.39020817,0.70614895,16.92995861,5.1720179,-6.74169217,-5.87094992,79.7541243,97.02418232,3.12672311,0.75157746
1760624956.945,-0.00511006,-0.90261158,3.30838642,-0.05440812,0.95984855,-0.01641087,80.0,-7.0,0.0,80.0,1.3962634,0.0,0.0,0.0,80.0,-7.0,0.0,80.0,1.3962634,0.0,0.0,0.0,1.53847305,-0.93304488,6.22929425,9.81386648,-17.46872373,-25.0581722,79.58976533,149.41503661,5.16449429,19.58437657,5.16546048,-5.82386544,-9.37236349,82.72807744,111.7134492,4.59933633,4.46750931
1760624956.978,0.00322868,-0.90539899,3.31189422,-0.05324051,0.95996799,-0.01639464,80.0,-7.0,0.0,80.0,1.3962634,0.0,0.0,0.0,80.0,-7.0,0.0,80.0,1.3962634,0.0,0.0,0.0,1.45091447,-1.0043508,6.13797969,9.99493813,-17.19718511,-24.66204871,80.60787474,153.074473,10.06112025,21.82388913,5.12332518,-5.36323046,-9.73136746,83.63428975,115.34275569,5.46177683,7.87125722
1760624957.012,0.01306548,-0.90639939,3.30390878,-0.05092769,0.95971902,-0.0155552,80.0,-7.0,0.0,80.0,1.3962634,0.0,0.0,0.0,80.0,-7.0,0.0,80.0,1.3962634,0.0,0.0,0.0,1.59929324,-1.05827713,6.06607078,10.26166306,-16.80467804,-23.55686195,81.35670437,155.67785901,14.60494447,24.53760096,4.75392495,-5.00358939,-9.91237439,84.27169372,118.0931556,6.20406564,10.65748444
1760624957.045,0.02770019,-0.91177258,3.28917169,-0.04750941,0.9593894,-0.01395633,80.0,-7.0,0.0,80.0,1.3962634,0.0,0.0,0.0,80.0,-7.0,0.0,80.0,1.3962634,0.0,0.0,0.0,2.20970681,-1.18654299,6.01895229,9.70119176,-16.03189802,-22.34787975,82.09399565,157.6600113,18.56798024,27.0476622,4.32111267,-4.66474209,-10.06532314,84.28831144,121.32770189,7.36158609,13.52671567
1760624957.078,0.04241063,-0.91690281,3.27402361,-0.04706845,0.96001877,-0.01306183,80.0,-7.0,0.0,80.0,1.3962634,0.0,0.0,0.0,80.0,-7.0,0.0,80.0,1.3962634,0.0,0.0,0.0,2.78532546,-1.26710969,6.01559441,8.52645162,-15.58718518,-21.53227631,82.95831105,157.66552964,19.73587371,28.57262787,4.21679657,-4.92678044,-9.76055438,83.28955192,121.4538741,7.82067251,14.69949234
1760624957.112,0.05432253,-0.91645601,3.27773504,-0.04903307,0.96016605,-0.01351469,80.0,-7.0,0.0,80.0,1.3962634,0.0,0.0,0.0,80.0,-7.0,0.0,80.0,1.3962634,0.0,0.0,0.0,3.02987281,-1.30847297,6.06614807,7.83411125,-16.09869184,-18.36799178,82.08486759,155.36829866,17.65096837,30.73589169,4.13838713,-5.12516519,-9.44036058,82.54551094,121.41531812,8.08049461,15.28453813
1760624957.145,0.06306744,-0.91521418,3.30401744,-0.05052111,0.96000869,-0.01397944,80.0,-7.0,0.0,80.0,1.3962634,0.0,0.0,0.0,80.0,-7.0,0.0,80.0,1.3962634,0.0,0.0,0.0,3.43013055,-1.36994103,5.95710935,8.08324242,-16.26132363,-15.31577902,80.5549808,153.90761761,15.77238457,32.50951249,4.15385639,-5.45024285,-9.36143066,81.6593463,121.64813221,8.08604878,15.34995427
1760624957.179,0.05131733,-0.91306496,3.30758299,-0.04711947,0.96002702,-0.01551898,80.0,-7.0,0.0,80.0,1.3962634,0.0,0.0,0.0,80.0,-7.0,0.0,80.0,1.3962634,0.0,0.0,0.0,3.34282606,-1.33507688,5.80276716,7.67458205,-16.72459417,-13.68299535,81.06254085,152.99588403,14.88627966,33.7802986,4.69657948,-5.57302352,-9.39865177,80.94729784,121.62678215,7.98022081,14.9631761
1760624957.212,0.04361892,-0.90268895,3.30353296,-0.04466305,0.96013026,-0.01605424,80.0,-7.0,0.0,80.0,1.3962634,0.0,0.0,0.0,80.0,-7.0,0.0,80.0,1.3962634,0.0,0.0,0.0,3.50947113,-1.33277993,5.69452384,7.33721656,-17.41202614,-11.91926057,80.85741819,151.60479534,13.55326994,34.74188511,5.11813345,-5.64371587,-9.40594441,80.16752935,121.42731641,7.87218979,14.63493432
1760624957.246,0.05012498,-0.89792704,3.29364719,-0.04306414,0.96018858,-0.01595385,80.0,-7.0,0.0,80.0,1.3962634,0.0,0.0,0.0,80.0,-7.0,0.0,80.0,1.3962634,0.0,0.0,0.0,3.75861914,-1.32375729,5.7106329,6.48058903,-17.51555398,-11.80891884,80.31833381,151.66165966,12.4726286,34.33439283,5.62306357,-5.89160554,-9.3505978,79.41295105,121.20911492,7.82913405,14.31287198
1760624957.279,0.04955372,-0.89622353,3.28888056,-0.04181733,0.96020157,-0.01564777,80.0,-7.0,0.0,80.0,1.3962634,0.0,0.0,0.0,80.0,-7.0,0.0,80.0,1.3962634,0.0,0.0,0.0,3.62924319,-1.34115199,5.52564678,6.4049582,-17.58746294,-11.71425102,80.37103167,151.83883686,12.24327137,34.2119978,6.21692337,-5.92974741,-9.51595407,78.97984595,121.04318335,7.84059334,14.23964124
1760624957.313,0.03767805,-0.89108555,3.29555331,-0.04452446,0.96122625,-0.01491766,80.0,-7.0,0.0,80.0,1.3962634,0.0,0.0,0.0,80.0,-7.0,0.0,80.0,1.3962634,0.0,0.0,0.0,3.34740437,-1.39047557,5.35520154,4.37754816,-17.54368102,-11.50863774,82.04751891,151.92163657,11.07811828,34.43690052,6.90833421,-5.93942256,-9.6472564,78.6740673,121.02788466,7.85209873,14.39296739
1760624957.346,0.02392868,-0.88864506,3.30747516,-0.04560648,0.96115763,-0.01444648,80.0,-7.0,0.0,80.0,1.3962634,0.0,0.0,0.0,80.0,-7.0,0.0,80.0,1.3962634,0.0,0.0,0.0,3.14673696,-1.39113996,5.17628026,2.98704935,-17.41575895,-12.15409272,83.1690828,152.31954821,10.49214632,33.93880197,7.50356507,-6.01455928,-9.65575529,78.30646228,120.59770721,7.87348202,14.87697019
1760624957.38,0.00758916,-0.88304351,3.31327261,-0.04422212,0.96094921,-0.01380718,80.0,-7.0,0.0,80.0,1.3962634,0.0,0.0,0.0,80.0,-7.0,0.0,80.0,1.3962634,0.0,0.0,0.0,3.08975819,-1.4098431,5.09069109,1.71574834,-16.96563,-13.26569248,84.35868647,152.49811211,10.51298258,33.27111752,7.95125334,-6.2022804,-9.4849394,77.77672578,119.82477683,7.85795311,15.20088104
1760624957.413,0.00391936,-0.8770884,3.31178775,-0.04364838,0.96153516,-0.01405769,80.0,-7.0,0.0,80.0,1.3962634,0.0,0.0,0.0,80.0,-7.0,0.0,80.0,1.3962634,0.0,0.0,0.0,3.13753269,-1.39723992,5.11257686,1.32081546,-16.6735226,-14.4616822,84.91037596,152.09884995,11.10246871,32.47256442,8.27323716,-6.5357748,-9.0061029,76.89641444,117.87741356,7.95485124,15.66087424
1760624957.447,-0.00098829,-0.8714449,3.30163254,-0.04346195,0.96183409,-0.01328439,80.0,-7.0,0.0,80.0,1.3962634,0.0,0.0,0.0,80.0,-7.0,0.0,80.0,1.3962634,0.0,0.0,0.0,3.26536459,-1.32080563,5.12547927,0.82750432,-16.30587635,-15.59614476,84.82281705,149.89938877,10.82247168,30.84061541,8.90774079,-7.32518262,-7.64654651,74.61797815,112.05928708,8.47793274,17.09041881
1760624957.48,0.00281856,-0.86624267,3.304559,-0.04657092,0.96288466,-0.01344906,80.0,-7.0,0.0,80.0,1.3962634,0.0,0.0,0.0,80.0,-7.0,0.0,80.0,1.3962634,0.0,0.0,0.0,3.3709488,-1.24968777,5.22418881,0.62598076,-16.04788283,-16.84281415,84.2308951,145.4429025,10.78442887,28.74668549,9.09467983,-7.96323839,-5.78434983,72.84243506,105.22775882,8.97189051,18.88245944
1760624957.513,0.00570535,-0.87169142,3.29521499,-0.05032155,0.96371814,-0.01327521,80.0,-7.0,0.0,80.0,1.3962634,0.0,0.0,0.0,80.0,-7.0,0.0,80.0,1.3962634,0.0,0.0,0.0,3.40362776,-1.20029948,5.35181432,1.30208495,-16.09566705,-17.31526658,82.38940546,138.18917432,11.01806591,26.35960286,8.7655802,-8.32325424,-3.11816639,71.56235877,95.99035199,9.63920865,21.32285883
1760624957.547,-0.0009133,-0.88528471,3.27784647,-0.04878965,0.96412899,-0.01427132,80.0,-7.0,0.0,80.0,1.3962634,0.0,0.0,0.0,80.0,-7.0,0.0,80.0,1.3962634,0.0,0.0,0.0,3.54273968,-1.20627544,5.52143127,1.92178586,-16.16060242,-18.17722581,80.3753265,127.70326301,13.02800708,22.83679539,8.1510526,-7.96028651,1.31192777,70.50462427,81.40792619,10.78803899,24.52079714
1760624957.58,-0.00170611,-0.90399163,3.27274458,-0.0466061,0.96409274,-0.01465947,80.0,-7.0,0.0,80.0,1.3962634,0.0,0.0,0.0,80.0,-7.0,0.0,80.0,1.3962634,0.0,0.0,0.0,3.65849081,-1.33506782,5.60126245,2.49465384,-15.77880431,-18.58595783,78.12946679,119.44062731,14.9224184,19.1387905,7.27127444,-7.3276602,4.85642164,70.81708639,69.86937561,11.74396099,26.39829203
1760624957.614,-0.01463439,-0.92139263,3.27373073,-0.04387423,0.9640798,-0.01623055,80.0,-7.0,0.0,80.0,1.3962634,0.0,0.0,0.0,80.0,-7.0,0.0,80.0,1.3962634,0.0,0.0,0.0,3.61982181,-1.44770457,5.55334,2.5966297,-15.57878619,-18.08311806,76.78987893,109.29928639,16.91523953,15.50439737,6.75917001,-6.42486114,8.40981985,71.68676206,57.90298033,12.53926181,28.02035766
1760624957.647,-0.02925518,-0.93618101,3.27495714,-0.04311473,0.96397553,-0.01618498,80.0,-7.0,0.0,80.0,1.3962634,0.0,0.0,0.0,80.0,-7.0,0.0,80.0,1.3962634,0.0,0.0,0.0,3.50928376,-1.71986182,5.42872018,2.87889463,-15.64691778,-17.52085126,74.80985695,94.58701613,20.78275151,10.35063056,5.89271601,-5.32992104,12.44955738,74.08999629,42.78080723,13.55232045,29.90688255
1760624957.681,-0.03487521,-0.94238038,3.28087202,-0.04295251,0.96334739,-0.01672144,80.0,-7.0,0.0,80.0,1.3962634,0.0,0.0,0.0,80.0,-7.0,0.0,80.0,1.3962634,0.0,0.0,0.0,3.35790915,-1.90795659,5.34736762,2.89592865,-15.58058221,-16.98992586,74.03120088,83.58546423,23.8317863,7.28983395,5.30031561,-4.57468582,14.92442203,76.47747304,32.45420871,14.19380008,30.86289561
1760624957.714,-0.05807733,-0.94615423,3.28239965,-0.04146812,0.96243585,-0.01760468,80.0,-7.0,0.0,80.0,1.3962634,0.0,0.0,0.0,80.0,-7.0,0.0,80.0,1.3962634,0.0,0.0,0.0,2.91418577,-2.07056309,5.16476136,2.65504999,-15.77935794,-16.66107965,74.46654571,72.74259584,26.95202631,5.46601038,5.17630648,-4.04736863,16.96059681,79.23863277,22.6802512,14.34256659,30.80960327
1760624957.748,-0.07463577,-0.93656383,3.27810259,-0.04052509,0.96150724,-0.01847906,80.0,-7.0,0.0,80.0,1.3962634,0.0,0.0,0.0,80.0,-7.0,0.0,80.0,1.3962634,0.0,0.0,0.0,2.75734943,-2.2537851,4.90851066,2.8191218,-15.98572966,-14.59038548,75.5129255,58.79649567,29.49065977,4.15689677,5.39313225,-3.46898061,19.16006502,82.61067043,9.85903186,14.45618579,30.23531988
1760624957.781,-0.08574916,-0.9331158,3.27299026,-0.03919651,0.96070505,-0.02028623,80.0,-7.0,0.0,80.0,1.3962634,0.0,0.0,0.0,80.0,-7.0,0.0,80.0,1.3962634,0.0,0.0,0.0,2.53597427,-2.31793758,4.75722017,2.42958926,-16.61694359,-13.87316772,78.24802197,47.33683484,30.75369523,4.84164609,5.92204184,-3.30281073,20.39832595,85.22199503,0.31985848,14.50359448,29.7911298
1760624957.814,-0.12128713,-0.95599367,3.25543475,-0.0340862,0.96039669,-0.02553894,80.0,-7.0,0.0,80.0,1.3962634,0.0,0.0,0.0,80.0,-7.0,0.0,80.0,1.3962634,0.0,0.0,0.0,2.00374204,-2.65240018,4.26811637,1.09984564,-16.86290652,-12.43545035,83.0783832,35.47377478,30.27918057,4.63606584,2.84118235,2.71946437,20.0966114,87.32107318,0.0,14.29495352,28.09194082
1760624957.848,-0.14353813,-0.99496535,3.22962267,-0.02847902,0.95916423,-0.03151557,80.0,-7.0,0.0,80.0,1.3962634,0.0,0.0,0.0,80.0,-7.0,0.0,80.0,1.3962634,0.0,0.0,0.0,1.83374123,-3.03229839,3.95060449,0.93047423,-18.57175595,-10.65589441,86.21408813,20.02535108,29.56920474,2.90697347,-0.02892327,8.25888285,20.06344359,89.13313763,0.0,13.63803012,23.44765066
1760624957.881,-0.1474772,-1.00486009,3.22187342,-0.02492037,0.95874176,-0.03380226,80.0,-7.0,0.0,80.0,1.3962634,0.0,0.0,0.0,80.0,-7.0,0.0,80.0,1.3962634,0.0,0.0,0.0,1.72715898,-3.14553687,3.80894103,1.40247407,-19.06133359,-10.3435772,87.5206094,13.8715912,26.74885307,1.52403352,-0.59873791,10.40434822,19.71292783,89.52155653,0.0,13.08361821,18.64082984
1760624957.915,-0.14199824,-1.02058783,3.21703459,-0.02593974,0.95793475,-0.03526478,80.0,-7.0,0.0,80.0,1.3962634,0.0,0.0,0.0,80.0,-7.0,0.0,80.0,1.3962634,0.0,0.0,0.0,1.56255416,-3.23716821,3.81427336,-0.64939673,-20.36254778,-12.16245227,87.97777582,8.96670699,24.09260606,0.39057466,-1.15034872,12.14611976,19.38698583,89.95325155,0.0,11.94520998,10.83498824
1760624957.948,-0.14834165,-1.03580235,3.23257476,-0.02646959,0.95651968,-0.03482212,80.0,-7.0,0.0,80.0,1.3962634,0.0,0.0,0.0,80.0,-7.0,0.0,80.0,1.3962634,0.0,0.0,0.0,1.52029463,-3.21811495,3.82301416,-2.84928175,-21.31625338,-14.34256021,88.59563657,4.3638916,22.22553626,0.79641302,-1.53986038,13.15498638,18.9435178,90.08861223,0.0,11.11683079,5.81294722
1760624957.982,-0.14961944,-1.04681883,3.24633202,-0.02521674,0.95520451,-0.03412061,80.0,-7.0,0.0,80.0,1.3962634,0.0,0.0,0.0,80.0,-7.0,0.0,80.0,1.3962634,0.0,0.0,0.0,1.52017066,-3.19312859,3.91939705,-4.3890144,-21.45044905,-16.83337313,88.5088423,1.01546514,20.70255325,1.91173742,-1.7394694,13.8563346,18.37521916,89.7762994,0.0,10.51972736,1.99686963
1760624958.015,-0.15268697,-1.04739689,3.25287069,-0.02364244,0.95438719,-0.03241958,80.0,-7.0,0.0,80.0,1.3962634,0.0,0.0,0.0,80.0,-7.0,0.0,80.0,1.3962634,0.0,0.0,0.0,1.19617019,-3.07668216,3.86508871,-4.80313848,-19.59172686,-21.03681537,88.04270631,0.0,18.0170361,4.64557964,-1.68688423,14.76179216,17.36678013,89.17607675,0.0,9.80512879,-1.29714001
1760624958.049,-0.14964582,-1.04156355,3.27387832,-0.02347928,0.9537765,-0.03168491,80.0,-7.0,0.0,80.0,1.3962634,0.0,0.0,0.0,80.0,-7.0,0.0,80.0,1.3962634,0.0,0.0,0.0,0.60061603,-2.89371394,3.74458292,-3.98771539,-17.92810833,-25.59275633,86.97024745,0.0,16.02663535,8.6508583,-1.64938978,15.26185158,16.75840225,88.94797414,0.0,9.31160142,-2.97071812
1760624958.082,-0.13180784,-1.04640749,3.29538286,-0.02728548,0.95364831,-0.03141094,80.0,-7.0,0.0,80.0,1.3962634,0.0,0.0,0.0,80.0,-7.0,0.0,80.0,1.3962634,0.0,0.0,0.0,-0.04181761,-2.82131452,3.66486893,-2.78912534,-17.13723049,-27.21367958,86.02170431,0.0,14.05830927,9.81484505,-1.90660864,15.39287929,16.4816278,88.9692323,0.0,9.15414657,-3.54082339
1760624958.116,-0.12677956,-1.05484162,3.30622151,-0.02933232,0.95303837,-0.0323878,80.0,-7.0,0.0,80.0,1.3962634,0.0,0.0,0.0,80.0,-7.0,0.0,80.0,1.3962634,0.0,0.0,0.0,-0.04670199,-2.77406685,3.85934733,-0.94438735,-17.39768461,-27.34776802,82.80578073,0.0,12.7347863,10.30050587,-2.78529518,15.14224255,16.56213905,88.72921827,0.0,9.05221596,-3.57776225
1760624958.149,-0.12243212,-1.05898962,3.30158717,-0.0296388,0.95224813,-0.0331502,80.0,-7.0,0.0,80.0,1.3962634,0.0,0.0,0.0,80.0,-7.0,0.0,80.0,1.3962634,0.0,0.0,0.0,-0.28632514,-2.75209513,3.91963009,0.56164078,-17.60602902,-28.37839176,79.79353512,0.0,12.50483989,12.05631756,-3.14400677,15.04012233,16.72274809,88.54530305,0.0,9.13528925,-3.28732929
1760624958.182,-0.11418339,-1.06031717,3.29717322,-0.02984189,0.95203623,-0.03411465,80.0,-7.0,0.0,80.0,1.3962634,0.0,0.0,0.0,80.0,-7.0,0.0,80.0,1.3962634,0.0,0.0,0.0,-0.08575956,-2.80522017,4.01943789,1.73983805,-17.84253557,-27.48796431,76.85075598,0.0,12.81051043,11.89405846,-3.60637115,14.89910189,16.8735415,88.20045559,0.0,9.21550256,-2.93382332
1760624958.216,-0.11163633,-1.06982556,3.27999606,-0.02704869,0.95154051,-0.03505562,80.0,-7.0,0.0,80.0,1.3962634,0.0,0.0,0.0,80.0,-7.0,0.0,80.0,1.3962634,0.0,0.0,0.0,-0.02846114,-2.83293176,4.11207909,2.7275067,-18.07944642,-26.93339907,74.31025505,0.0,13.55334429,12.03358826,-3.62707627,14.83462856,16.97347624,87.64011981,0.0,9.31349902,-2.55610716
1760624958.249,-0.11306614,-1.06600427,3.28682436,-0.0277317,0.95132765,-0.03514523,80.0,-7.0,0.0,80.0,1.3962634,0.0,0.0,0.0,80.0,-7.0,0.0,80.0,1.3962634,0.0,0.0,0.0,-0.0423818,-2.94847957,4.10344422,2.51461917,-17.99283559,-27.00103579,73.2980685,0.0,14.51825492,12.41667925,-3.66227007,14.7478187,17.00601667,87.44038027,0.0,9.44494164,-2.16765582
1760624958.283,-0.11858676,-1.05405006,3.29607413,-0.02726642,0.95144421,-0.03466761,80.0,-7.0,0.0,80.0,1.3962634,0.0,0.0,0.0,80.0,-7.0,0.0,80.0,1.3962634,0.0,0.0,0.0,0.03961431,-3.01794338,4.09422537,2.48390563,-17.84408996,-26.90736072,72.58127662,0.0,15.22440335,12.61941398,-3.63410477,14.65156247,16.98517159,87.1989566,0.0,9.5087186,-1.94522281
1760624958.316,-0.12028526,-1.04005923,3.3071078,-0.02825046,0.95161063,-0.03399356,80.0,-7.0,0.0,80.0,1.3962634,0.0,0.0,0.0,80.0,-7.0,0.0,80.0,1.3962634,0.0,0.0,0.0,0.01439347,-3.05185938,4.01795424,2.6936941,-17.79459513,-25.88591205,71.91788414,0.0,16.14389489,12.02983216,-3.43203522,14.49513971,16.87854033,86.96202133,0.0,9.49685906,-1.75967411
1760624958.35,-0.12806985,-1.0357495,3.30364279,-0.02860839,0.95128972,-0.03360568,80.0,-7.0,0.0,80.0,1.3962634,0.0,0.0,0.0,80.0,-7.0,0.0,80.0,1.3962634,0.0,0.0,0.0,0.02700279,-3.043797,4.00775713,2.53632023,-17.82865102,-26.3914811,71.43991736,0.0,16.94669165,12.75286826,-3.24914088,14.44460586,16.80096905,86.76159444,0.0,9.50838349,-1.55313632
1760624958.383,-0.13579672,-1.02753044,3.29304719,-0.02776964,0.95111718,-0.0333742,80.0,-7.0,0.0,80.0,1.3962634,0.0,0.0,0.0,80.0,-7.0,0.0,80.0,1.3962634,0.0,0.0,0.0,-0.04812385,-3.01652667,3.96113843,2.42059382,-17.80654746,-26.34319206,71.74349986,0.0,17.33408658,12.70271379,-2.82658336,14.38141554,16.64785548,86.49925002,0.0,9.52387696,-1.33953574
1760624958.416,-0.13288107,-1.0160817,3.26885601,-0.02750543,0.95107063,-0.03288602,80.0,-7.0,0.0,80.0,1.3962634,0.0,0.0,0.0,80.0,-7.0,0.0,80.0,1.3962634,0.0,0.0,0.0,-0.07168434,-2.96121335,4.00935309,1.90260717,-18.03015166,-25.69623549,72.44811438,0.0,17.72228427,11.79955165,-2.33649649,14.02970533,16.56670686,86.28680572,0.0,9.54750786,-1.06757658
1760624958.45,-0.1396129,-1.0133562,3.26003809,-0.02769352,0.95099473,-0.03328384,80.0,-7.0,0.0,80.0,1.3962634,0.0,0.0,0.0,80.0,-7.0,0.0,80.0,1.3962634,0.0,0.0,0.0,-0.114076,-2.92001849,4.02237059,1.32890778,-18.79954196,-24.62341918,73.03582285,0.0,18.34618254,10.68607268,-1.86736723,13.65663398,16.52347236,86.13334947,0.0,9.46175621,-0.86689679
1760624958.483,-0.15159056,-1.02022439,3.25696166,-0.02715595,0.95085083,-0.03402701,80.0,-7.0,0.0,80.0,1.3962634,0.0,0.0,0.0,80.0,-7.0,0.0,80.0,1.3962634,0.0,0.0,0.0,-0.27223044,-2.83957485,4.02220933,0.77465235,-20.49799701,-22.69689241,73.58655315,0.0,19.08611354,8.90348382,-0.86939829,12.92067784,16.38276696,85.80412196,0.0,9.09998749,-0.56540723
1760624958.517,-0.15852862,-1.01861149,3.25739212,-0.0251403,0.95124078,-0.03288612,80.0,-7.0,0.0,80.0,1.3962634,0.0,0.0,0.0,80.0,-7.0,0.0,80.0,1.3962634,0.0,0.0,0.0,-0.27783096,-2.64470565,4.05168492,0.15425041,-21.97680706,-21.35352072,73.91270887,4.00794663,19.30844207,6.94704137,1.39626228,10.18711301,16.06847889,84.72685613,0.0,8.62946695,0.05445605
1760624958.55,-0.16031332,-1.00301086,3.26239629,-0.02408694,0.95231349,-0.03054741,80.0,-7.0,0.0,80.0,1.3962634,0.0,0.0,0.0,80.0,-7.0,0.0,80.0,1.3962634,0.0,0.0,0.0,-0.22176602,-2.42742594,4.05684593,-0.06194953,-21.857345,-22.56534591,74.40052823,9.92872063,18.47210909,6.88481243,3.39640536,7.71543474,15.94371531,83.67772447,0.0,8.20125592,0.28675335
1760624958.584,-0.15838815,-0.98985368,3.27113259,-0.0254716,0.9535093,-0.02804671,80.0,-7.0,0.0,80.0,1.3962634,0.0,0.0,0.0,80.0,-7.0,0.0,80.0,1.3962634,0.0,0.0,0.0,-0.3529118,-2.15533527,4.04392541,0.07939277,-21.68958497,-23.36901672,75.44084777,14.18254693,17.47682204,6.81173081,5.51134037,5.09248056,15.97288008,82.74173662,0.0,7.91991217,0.56550566
1760624958.617,-0.15385185,-0.9688868,3.2924957,-0.02696685,0.95468654,-0.02433702,80.0,-7.0,0.0,80.0,1.3962634,0.0,0.0,0.0,80.0,-7.0,0.0,80.0,1.3962634,0.0,0.0,0.0,-0.25682933,-1.890718,4.14071195,0.17606288,-20.72913854,-24.5986929,75.71251678,20.7212272,17.05535454,7.17209112,8.3289965,1.13854226,16.36856213,81.30198969,0.0,7.55113563,0.99638879
1760624958.651,-0.13817899,-0.94315736,3.30967982,-0.03301401,0.9552936,-0.0209051,80.0,-7.0,0.0,80.0,1.3962634,0.0,0.0,0.0,80.0,-7.0,0.0,80.0,1.3962634,0.0,0.0,0.0,-0.3512507,-1.67788738,4.29420684,1.21245493,-20.03189077,-25.65874513,76.79345572,29.68801949,14.52940801,7.19501083,10.36886294,-2.40591674,16.84878303,80.26239161,1.03770467,7.2133169,1.20573753
1760624958.684,-0.10931377,-0.94757935,3.32172344,-0.03989195,0.9546523,-0.0214543,80.0,-7.0,0.0,80.0,1.3962634,0.0,0.0,0.0,80.0,-7.0,0.0,80.0,1.3962634,0.0,0.0,0.0,-0.19902056,-1.60565254,4.64934493,2.0003246,-20.20805858,-26.46808467,75.61409991,40.29802964,13.59578261,6.3571403,9.02245189,-2.84904761,16.32091772,80.0930721,7.61669998,6.83476459,1.028047
1760624958.718,-0.07154881,-0.95732686,3.32707873,-0.04599532,0.95469577,-0.02165737,80.0,-7.0,0.0,80.0,1.3962634,0.0,0.0,0.0,80.0,-7.0,0.0,80.0,1.3962634,0.0,0.0,0.0,0.33581717,-1.42006755,5.25097498,3.65367892,-20.59064383,-27.22505219,74.23031639,54.56799411,11.40718078,6.16444445,6.35630199,-3.47214082,15.34902495,80.66017782,16.47231517,6.25260444,0.99544023
1760624958.751,-0.0395386,-0.96105381,3.31797812,-0.04937502,0.95597711,-0.02180436,80.0,-7.0,0.0,80.0,1.3962634,0.0,0.0,0.0,80.0,-7.0,0.0,80.0,1.3962634,0.0,0.0,0.0,0.68523774,-1.26239583,5.78277351,4.48270968,-20.39666396,-27.64197603,73.37393496,65.49404004,9.78184612,5.56433741,4.68001372,-4.06429507,14.2815394,80.84125111,23.99026021,5.72060389,1.10847169
1760624958.785,-0.0032238,-0.96622076,3.3172409,-0.05455792,0.95744951,-0.02240006,80.0,-7.0,0.0,80.0,1.3962634,0.0,0.0,0.0,80.0,-7.0,0.0,80.0,1.3962634,0.0,0.0,0.0,0.92429125,-1.06952043,6.13144883,5.81913312,-20.08920377,-27.01058469,73.12033966,80.43971744,6.14424279,5.68216252,3.70101108,-4.98825088,12.02956506,80.15779199,35.25377995,5.28660626,0.68367269
1760624958.818,-0.00181537,-0.96295369,3.32708646,-0.05592424,0.95783544,-0.02183517,80.0,-7.0,0.0,80.0,1.3962634,0.0,0.0,0.0,80.0,-7.0,0.0,80.0,1.3962634,0.0,0.0,0.0,0.98761196,-0.98212808,6.30119621,6.78297574,-19.49563628,-26.15778724,73.79557882,91.91582053,2.98388816,7.2561952,3.66983961,-5.46170658,10.25573563,79.49172609,43.03451781,4.860868,0.60383699
1760624958.851,-0.00099464,-0.95654334,3.32094861,-0.05248316,0.95805779,-0.02050901,80.0,-7.0,0.0,80.0,1.3962634,0.0,0.0,0.0,80.0,-7.0,0.0,80.0,1.3962634,0.0,0.0,0.0,1.25408943,-1.03819096,6.36187256,6.82898899,-18.80178565,-26.08322039,74.72184167,102.1416999,1.59670734,8.67276342,3.9808855,-5.83365912,8.6986801,78.6053016,49.55614712,4.58868044,0.77079314
1760624958.885,0.01576972,-0.94914701,3.32237026,-0.0520803,0.95889206,-0.01909655,80.0,-7.0,0.0,80.0,1.3962634,0.0,0.0,0.0,80.0,-7.0,0.0,80.0,1.3962634,0.0,0.0,0.0,1.47354041,-1.15643635,6.34093604,7.12973913,-18.26587766,-24.79824261,75.54096016,112.92611497,-0.01970286,10.784912,4.39256284,-6.12479655,7.10002975,77.87931825,56.15120058,4.33296203,1.08621585
1760624958.918,0.02455014,-0.94693832,3.32930667,-0.05295873,0.95995859,-0.01821723,80.0,-7.0,0.0,80.0,1.3962634,0.0,0.0,0.0,80.0,-7.0,0.0,80.0,1.3962634,0.0,0.0,0.0,1.73966458,-1.11887809,6.38882499,7.65935805,-18.37553966,-23.85679123,75.58945307,120.9363073,-0.77575966,12.73323046,4.33922522,-6.25945036,5.53903192,77.6762081,61.73522725,4.10518698,1.51111647
1760624958.952,0.0329347,-0.9332866,3.33337945,-0.0574817,0.96136346,-0.0179316,80.0,-7.0,0.0,80.0,1.3962634,0.0,0.0,0.0,80.0,-7.0,0.0,80.0,1.3962634,0.0,0.0,0.0,1.72003964,-0.99009141,6.4582483,8.34775685,-18.49540969,-23.17907959,75.83063852,129.47741044,-1.09588942,14.92437983,4.11682551,-6.37075513,3.05671065,78.03901221,69.72380699,4.08439167,1.92528425
1760624958.985,0.03235685,-0.91914329,3.34117475,-0.05955109,0.96198014,-0.01654923,80.0,-7.0,0.0,80.0,1.3962634,0.0,0.0,0.0,80.0,-7.0,0.0,80.0,1.3962634,0.0,0.0,0.0,1.75386513,-0.86675663,6.53265131,8.53817517,-17.80609445,-23.53637584,76.84839383,140.4203906,-0.22933105,17.57948064,4.17677752,-6.60666335,-1.02888455,78.81824117,82.86652601,4.07610247,2.4225298
1760624959.019,0.02668196,-0.9117894,3.3391324,-0.05803409,0.96179529,-0.01517682,80.0,-7.0,0.0,80.0,1.3962634,0.0,0.0,0.0,80.0,-7.0,0.0,80.0,1.3962634,0.0,0.0,0.0,1.81998982,-0.85661661,6.55246818,8.37263521,-17.22629765,-23.07890524,78.07951495,146.28136011,0.16194396,20.06019006,4.36409151,-6.60790189,-4.10245537,79.71655366,92.87082493,4.32466196,3.22938056
1760624959.052,0.02735057,-0.90542464,3.33806319,-0.05389911,0.96158068,-0.01488856,80.0,-7.0,0.0,80.0,1.3962634,0.0,0.0,0.0,80.0,-7.0,0.0,80.0,1.3962634,0.0,0.0,0.0,1.92667306,-0.8369196,6.52089241,8.32047221,-16.49407038,-22.22623822,79.41705962,150.99897686,0.80115465,22.93727482,4.59057384,-6.45054744,-6.53842513,80.4764365,101.33823616,4.72832972,4.0905926
1760624959.086,0.02504274,-0.89439478,3.34333413,-0.05107482,0.96150581,-0.01469266,80.0,-7.0,0.0,80.0,1.3962634,0.0,0.0,0.0,80.0,-7.0,0.0,80.0,1.3962634,0.0,0.0,0.0,1.9532159,-0.80679882,6.44304624,7.99970865,-16.20213854,-22.28501028,80.8275992,155.84452382,3.24146332,25.29425577,4.89973271,-6.24087379,-8.4279425,80.9113009,108.80922501,4.98685759,5.43135865
1760624959.119,0.01866344,-0.88914239,3.34271792,-0.05086665,0.96154324,-0.01381246,80.0,-7.0,0.0,80.0,1.3962634,0.0,0.0,0.0,80.0,-7.0,0.0,80.0,1.3962634,0.0,0.0,0.0,2.06427227,-0.82280194,6.33908656,7.82194167,-15.99385724,-20.93093325,81.74883657,157.3801029,4.95073867,27.70107736,4.96980547,-6.13181954,-9.51651697,81.02593911,113.47868716,5.21309814,6.93422756
1760624959.153,0.02790218,-0.89225175,3.33521125,-0.05140879,0.96163448,-0.01363105,80.0,-7.0,0.0,80.0,1.3962634,0.0,0.0,0.0,80.0,-7.0,0.0,80.0,1.3962634,0.0,0.0,0.0,2.48126487,-0.8970125,6.22050667,7.0458758,-16.32045857,-20.4159633,82.45173694,157.56533093,6.62944991,28.71218463,4.94802546,-6.32935728,-10.08275058,80.50639892,116.30146759,5.55276924,8.3511729
1760624959.186,0.02961479,-0.89187467,3.32313814,-0.05112279,0.96090581,-0.01322092,80.0,-7.0,0.0,80.0,1.3962634,0.0,0.0,0.0,80.0,-7.0,0.0,80.0,1.3962634,0.0,0.0,0.0,2.71478626,-0.94383795,6.09542166,5.73504685,-16.50523053,-20.04173376,83.31421292,157.0628227,8.07202291,28.84390942,5.02520835,-6.76414979,-10.12811342,79.37108134,117.40126686,5.62341554,9.00912994
1760624959.219,0.01364141,-0.8875641,3.31508517,-0.04758941,0.95997912,-0.01253739,80.0,-7.0,0.0,80.0,1.3962634,0.0,0.0,0.0,80.0,-7.0,0.0,80.0,1.3962634,0.0,0.0,0.0,2.76172872,-1.08485247,6.0913402,4.66384053,-16.55205304,-19.39614532,84.10140175,156.19902764,8.22601346,29.35569072,5.35221908,-7.15802571,-9.91662714,78.41668358,117.72476797,5.82689389,9.47529316
1760624959.253,0.00645758,-0.88409741,3.31125674,-0.04468647,0.96004378,-0.01183759,80.0,-7.0,0.0,80.0,1.3962634,0.0,0.0,0.0,80.0,-7.0,0.0,80.0,1.3962634,0.0,0.0,0.0,2.74498742,-1.22234567,6.00236203,3.68583818,-16.44725514,-19.05082407,84.1871308,155.64212893,7.68909025,29.16399037,5.80960695,-7.53770074,-9.83670232,77.50921316,118.14715037,5.90527293,9.81736704
1760624959.286,-0.00148479,-0.8830994,3.32758669,-0.04127292,0.95942062,-0.01130742,80.0,-7.0,0.0,80.0,1.3962634,0.0,0.0,0.0,80.0,-7.0,0.0,80.0,1.3962634,0.0,0.0,0.0,2.6092928,-1.29119442,5.87766261,2.59417119,-16.43839273,-18.69160563,84.76030921,155.04754329,7.05477779,29.36678907,6.32952963,-7.82198336,-9.73547467,76.44297216,117.990914,5.75243658,9.71198337
1760624959.32,-0.00936676,-0.8798483,3.33089876,-0.03834576,0.95870459,-0.0111342,80.0,-7.0,0.0,80.0,1.3962634,0.0,0.0,0.0,80.0,-7.0,0.0,80.0,1.3962634,0.0,0.0,0.0,2.63370978,-1.37797046,5.76528507,2.06588279,-16.36262286,-18.54196903,84.36260656,154.63613939,6.22911608,29.07055724,6.69918635,-8.03796186,-9.73647981,75.63834534,117.73236346,5.60366684,9.48120472
1760624959.353,-0.01392483,-0.87249728,3.32518396,-0.0376826,0.95859227,-0.01127061,80.0,-7.0,0.0,80.0,1.3962634,0.0,0.0,0.0,80.0,-7.0,0.0,80.0,1.3962634,0.0,0.0,0.0,2.5862858,-1.4309607,5.64693724,1.95999721,-16.31684868,-18.16987635,83.7309614,154.21520253,5.43982559,28.94100632,7.04115757,-8.23873398,-9.79277733,75.02374471,117.51303392,5.38875264,9.10501649
1760624959.387,-0.00708108,-0.86242257,3.3208628,-0.03879008,0.95917363,-0.01162625,80.0,-7.0,0.0,80.0,1.3962634,0.0,0.0,0.0,80.0,-7.0,0.0,80.0,1.3962634,0.0,0.0,0.0,2.6522366,-1.41999368,5.55477909,2.33573277,-16.21273374,-17.10456846,82.88113245,153.8227472,4.60944217,29.48571275,7.24182436,-8.37141936,-9.76356,74.41281591,117.06646246,5.2203594,8.77786326
1760624959.42,-0.00816573,-0.85729621,3.31851772,-0.03938384,0.95928676,-0.01179964,80.0,-7.0,0.0,80.0,1.3962634,0.0,0.0,0.0,80.0,-7.0,0.0,80.0,1.3962634,0.0,0.0,0.0,2.65335869,-1.39625885,5.54149742,2.60883319,-16.00745438,-16.76731758,82.18260846,153.75781799,4.13927689,29.48676768,7.43056438,-8.46274194,-9.64814998,74.08244605,116.6939864,5.1748154,8.74619432
1760624959.454,0.00313008,-0.85392118,3.31070768,-0.03789499,0.96002537,-0.01260323,80.0,-7.0,0.0,80.0,1.3962634,0.0,0.0,0.0,80.0,-7.0,0.0,80.0,1.3962634,0.0,0.0,0.0,2.89410586,-1.35417967,5.52769309,2.56054229,-15.88037094,-16.7041896,81.22937784,153.79460385,3.65050175,29.04849831,7.46462798,-8.52199439,-9.59316261,73.75915836,116.60766457,5.10127307,8.63471092
1760624959.487,0.00637721,-0.84401337,3.31987987,-0.03562972,0.96033133,-0.01273317,80.0,-7.0,0.0,80.0,1.3962634,0.0,0.0,0.0,80.0,-7.0,0.0,80.0,1.3962634,0.0,0.0,0.0,2.97877067,-1.32949429,5.44478198,2.90010899,-15.76267123,-16.51972398,80.51072418,154.03509507,3.34121381,28.87591798,7.50068356,-8.58048267,-9.53654434,73.59453164,116.30416982,5.01830129,8.48279592
1760624959.52,0.00422406,-0.83659541,3.31608786,-0.03677021,0.96021072,-0.0121266,80.0,-7.0,0.0,80.0,1.3962634,0.0,0.0,0.0,80.0,-7.0,0.0,80.0,1.3962634,0.0,0.0,0.0,2.96648777,-1.33780018,5.43463365,3.39135003,-15.63909436,-16.51543696,79.25621467,154.22535717,2.73006338,28.30181308,7.42198696,-8.62184948,-9.45972249,73.66878832,116.08069613,4.94339055,8.41845671
1760624959.554,0.00341257,-0.82949924,3.30694829,-0.03661953,0.96037148,-0.01172668,80.0,-7.0,0.0,80.0,1.3962634,0.0,0.0,0.0,80.0,-7.0,0.0,80.0,1.3962634,0.0,0.0,0.0,3.04547829,-1.34231833,5.41235284,3.83185506,-15.52025524,-16.66066226,78.3624095,154.40332458,2.57857903,27.82590449,7.28617495,-8.64619153,-9.44365661,73.71997582,116.05067309,4.86907499,8.35297359
1760624959.587,0.00328273,-0.82702839,3.29836939,-0.0360375,0.96030252,-0.01161633,80.0,-7.0,0.0,80.0,1.3962634,0.0,0.0,0.0,80.0,-7.0,0.0,80.0,1.3962634,0.0,0.0,0.0,3.04887686,-1.33589525,5.40085658,4.14712452,-15.6054197,-16.77369345,78.16767242,154.34600689,2.73120095,27.71617739,7.142725,-8.69679501,-9.36652723,73.79572188,115.79304076,4.84082472,8.30032785
1760624959.621,0.00232404,-0.8267614,3.28806433,-0.03480031,0.9602401,-0.011423,80.0,-7.0,0.0,80.0,1.3962634,0.0,0.0,0.0,80.0,-7.0,0.0,80.0,1.3962634,0.0,0.0,0.0,2.95751137,-1.34771974,5.34190345,4.46681004,-15.52423339,-17.24235012,77.77327181,154.63684023,2.91082359,27.18265303,7.10391502,-8.68870756,-9.42431263,73.89617071,115.75717051,4.81252315,8.24208522
1760624959.654,-0.00035473,-0.82886044,3.27712867,-0.03391527,0.96019498,-0.01149265,80.0,-7.0,0.0,80.0,1.3962634,0.0,0.0,0.0,80.0,-7.0,0.0,80.0,1.3962634,0.0,0.0,0.0,3.00216255,-1.33692536,5.32321734,4.68136083,-15.55285266,-17.28570654,77.73393131,154.58460176,3.19250925,27.2498562,7.03119173,-8.7147427,-9.41775054,73.9062352,115.68166178,4.78171379,8.18895855
1760624959.688,-0.01267326,-0.82465378,3.28508301,-0.03414017,0.96053966,-0.01176705,80.0,-7.0,0.0,80.0,1.3962634,0.0,0.0,0.0,80.0,-7.0,0.0,80.0,1.3962634,0.0,0.0,0.0,2.99702571,-1.33871525,5.29080391,4.93349313,-15.57478335,-17.34701548,77.75240878,154.61002479,3.39855584,27.32384926,7.02017562,-8.67640552,-9.44786469,73.90688831,115.75583579,4.77295045,8.23001733
1760624959.721,-0.02429644,-0.82659756,3.28762423,-0.03571604,0.96057481,-0.01185184,80.0,-7.0,0.0,80.0,1.3962634,0.0,0.0,0.0,80.0,-7.0,0.0,80.0,1.3962634,0.0,0.0,0.0,3.06025706,-1.32725593,5.3070648,5.23676458,-15.50232906,-17.35539831,77.61976378,154.68173167,3.6589315,27.43832656,6.98010144,-8.71956595,-9.3867328,73.82467561,115.64417893,4.74556709,8.21059175
1760624959.755,-0.03691088,-0.81749504,3.30309793,-0.03711468,0.96076458,-0.01130681,80.0,-7.0,0.0,80.0,1.3962634,0.0,0.0,0.0,80.0,-7.0,0.0,80.0,1.3962634,0.0,0.0,0.0,3.01906675,-1.39644338,5.31493485,5.3532565,-15.4723719,-17.43198569,77.55142115,154.60926757,3.77818214,27.46582933,6.95841651,-8.75092333,-9.38663267,73.85300603,115.66315567,4.7303391,8.19570576
1760624959.788,-0.03620226,-0.81956281,3.31144545,-0.03790853,0.96064208,-0.01062973,80.0,-7.0,0.0,80.0,1.3962634,0.0,0.0,0.0,80.0,-7.0,0.0,80.0,1.3962634,0.0,0.0,0.0,2.99130249,-1.40900718,5.23500545,5.7381266,-15.39055104,-17.56717124,77.37644799,154.74746158,4.1171782,27.41010954,7.02036389,-8.79740125,-9.4780189,73.79840453,115.70000906,4.77028235,8.25490996
1760624959.822,-0.03586072,-0.81755448,3.30623207,-0.03823075,0.96029139,-0.01011459,80.0,-7.0,0.0,80.0,1.3962634,0.0,0.0,0.0,80.0,-7.0,0.0,80.0,1.3962634,0.0,0.0,0.0,3.17747036,-1.46663956,5.30777304,5.74789219,-15.36149772,-17.61058397,77.24347041,154.69943622,4.27895277,27.4563031,6.92200173,-8.8555819,-9.40006189,73.68528424,115.69218009,4.76103639,8.27551068
1760624959.855,-0.03456055,-0.82285658,3.30115905,-0.03801663,0.96025368,-0.0094485,80.0,-7.0,0.0,80.0,1.3962634,0.0,0.0,0.0,80.0,-7.0,0.0,80.0,1.3962634,0.0,0.0,0.0,3.1815706,-1.4959197,5.31251542,5.96843457,-15.1887662,-17.64692351,77.16873515,154.77682983,4.51013142,27.45174676,6.98873767,-9.00785654,-9.34335243,73.58299346,115.55142796,4.72415468,8.23085721
1760624959.888,-0.03708648,-0.82359626,3.29246844,-0.03785903,0.96018466,-0.0087509,80.0,-7.0,0.0,80.0,1.3962634,0.0,0.0,0.0,80.0,-7.0,0.0,80.0,1.3962634,0.0,0.0,0.0,3.12981152,-1.54871211,5.28289029,6.17113987,-14.94016586,-17.60500611,77.19901953,154.95424689,4.6649966,27.5598301,7.1121447,-9.03695056,-9.37767297,73.49932261,115.54159652,4.7193633,8.22608166
1760624959.922,-0.0462171,-0.82316626,3.28877401,-0.03916471,0.96003022,-0.00883555,80.0,-7.0,0.0,80.0,1.3962634,0.0,0.0,0.0,80.0,-7.0,0.0,80.0,1.3962634,0.0,0.0,0.0,2.90916591,-1.54772695,5.23037145,6.53563847,-14.86030608,-17.58866428,77.29791355,155.0203008,4.95508963,27.67582445,7.32276352,-9.02084869,-9.46641272,73.50467485,115.564223,4.74276374,8.25755942
1760624959.955,-0.05534682,-0.83086257,3.28802425,-0.03982943,0.95974733,-0.00889442,80.0,-7.0,0.0,80.0,1.3962634,0.0,0.0,0.0,80.0,-7.0,0.0,80.0,1.3962634,0.0,0.0,0.0,2.85161167,-1.51765732,5.20078274,6.6991882,-14.68031322,-17.58600732,77.37793412,154.99838243,5.12801643,27.80032544,7.43626147,-9.03122687,-9.5171456,73.44150698,115.52316739,4.80590004,8.30792565
1760624960.022,-0.06993478,-0.83388883,3.3061239,-0.04114044,0.95983661,-0.01025903,80.0,-7.0,0.0,80.0,1.3962634,0.0,0.0,0.0,80.0,-7.0,0.0,80.0,1.3962634,0.0,0.0,0.0,2.443366,-1.35255313,5.06386568,7.20142231,-14.96712061,-17.89438433,77.78912128,154.96859008,5.91897619,27.79922362,7.79594432,-8.93749514,-9.660607,73.39101066,115.46633107,4.78979395,8.30009479
1760624960.056,-0.08065379,-0.84019779,3.31759386,-0.04123693,0.95986576,-0.01068609,80.0,-7.0,0.0,80.0,1.3962634,0.0,0.0,0.0,80.0,-7.0,0.0,80.0,1.3962634,0.0,0.0,0.0,2.34300229,-1.25025291,5.09426702,7.36865993,-15.29641818,-18.17339625,77.61416,154.72842772,6.14010023,27.53291251,7.86972099,-8.92279244,-9.65362698,73.34215308,115.40337496,4.80322028,8.34009714
1760624960.089,-0.08218299,-0.8410411,3.3200336,-0.04291273,0.96010377,-0.01153666,80.0,-7.0,0.0,80.0,1.3962634,0.0,0.0,0.0,80.0,-7.0,0.0,80.0,1.3962634,0.0,0.0,0.0,2.117261,-1.13291884,5.18467405,7.67111617,-15.7513883,-18.63386786,76.86253359,154.63462325,5.9600663,26.83487618,7.8159365,-8.914379,-9.62251561,73.49086811,115.20796771,4.79399334,8.32472647
1760624960.123,-0.08788923,-0.84516965,3.31715158,-0.04391649,0.96000801,-0.01148544,80.0,-7.0,0.0,80.0,1.3962634,0.0,0.0,0.0,80.0,-7.0,0.0,80.0,1.3962634,0.0,0.0,0.0,2.12821299,-1.04115722,5.2570301,8.00892174,-16.00144069,-19.00029423,76.0383369,154.65885274,5.92796117,26.36269608,7.57644267,-8.9800251,-9.65632107,73.56495843,115.08595923,4.78331563,8.3592166
1760624960.156,-0.08629211,-0.84534964,3.31642112,-0.04408453,0.95978031,-0.01131075,80.0,-7.0,0.0,80.0,1.3962634,0.0,0.0,0.0,80.0,-7.0,0.0,80.0,1.3962634,0.0,0.0,0.0,2.11145819,-0.94833754,5.33962497,8.18350824,-16.14978512,-19.26674657,75.73520112,154.28036895,6.25505688,26.3438284,7.41813436,-9.10629689,-9.79749816,73.4959376,115.28380455,4.73678435,8.38321146
1760624960.189,-0.09357664,-0.84485058,3.31437361,-0.04271679,0.95938518,-0.01152624,80.0,-7.0,0.0,80.0,1.3962634,0.0,0.0,0.0,80.0,-7.0,0.0,80.0,1.3962634,0.0,0.0,0.0,2.24170911,-0.84531683,5.43406636,8.09315312,-16.08294891,-19.41101476,75.38973217,154.06844647,6.25035814,26.42773437,7.23594388,-9.26364051,-9.81791488,73.23451868,115.16892178,4.66294704,8.34549283
1760624960.223,-0.10916393,-0.84479033,3.30797402,-0.04156104,0.95895486,-0.01030417,80.0,-7.0,0.0,80.0,1.3962634,0.0,0.0,0.0,80.0,-7.0,0.0,80.0,1.3962634,0.0,0.0,0.0,2.25171971,-0.84491922,5.53023165,7.78774257,-15.91706291,-19.66202437,74.84556214,153.92220826,5.81637135,26.32576587,7.22378584,-9.44169195,-9.91679967,72.89166493,115.25109364,4.61907073,8.28555031
1760624960.256,-0.12365238,-0.84200016,3.30880573,-0.04081856,0.95871724,-0.00901565,80.0,-7.0,0.0,80.0,1.3962634,0.0,0.0,0.0,80.0,-7.0,0.0,80.0,1.3962634,0.0,0.0,0.0,2.22441845,-0.80987593,5.5054739,7.62733283,-15.7259788,-19.95960326,74.36041476,153.72538944,5.76695284,26.47351238,7.34629959,-9.77117581,-10.20039295,72.07597479,115.24483313,4.50978355,8.0834707
1760624960.29,-0.1331996,-0.84005637,3.30968953,-0.03985817,0.95865718,-0.00776004,80.0,-7.0,0.0,80.0,1.3962634,0.0,0.0,0.0,80.0,-7.0,0.0,80.0,1.3962634,0.0,0.0,0.0,1.99541279,-0.80520889,5.34611189,7.31197576,-15.55738644,-20.28525974,74.41365554,153.4569871,5.95272573,26.57008146,7.64302607,-10.0953395,-10.56982806,71.2912263,115.24844837,4.46814319,8.03916869
1760624960.323,-0.1432893,-0.83931076,3.31810579,-0.04327231,0.95921973,-0.00745238,80.0,-7.0,0.0,80.0,1.3962634,0.0,0.0,0.0,80.0,-7.0,0.0,80.0,1.3962634,0.0,0.0,0.0,1.82450316,-0.82634214,5.30973524,6.35685011,-15.22564319,-20.60908573,74.2711305,153.33713595,5.48824233,26.51724569,7.79309479,-10.53503009,-10.750614,70.40873263,114.98917325,4.41595984,7.90126978
1760624960.357,-0.14464379,-0.83429626,3.33150625,-0.04404417,0.95879155,-0.0069114,80.0,-7.0,0.0,80.0,1.3962634,0.0,0.0,0.0,80.0,-7.0,0.0,80.0,1.3962634,0.0,0.0,0.0,1.61083974,-0.80899848,5.28377795,5.68835164,-15.27174774,-21.15284056,73.95517587,153.06539943,5.6725692,26.59021313,8.15234923,-11.22173566,-10.83586529,68.77748618,114.51082246,4.25276451,7.63607138
1760624960.39,-0.15734943,-0.83142008,3.33197423,-0.04318784,0.95816332,-0.00651049,80.0,-7.0,0.0,80.0,1.3962634,0.0,0.0,0.0,80.0,-7.0,0.0,80.0,1.3962634,0.0,0.0,0.0,1.41818679,-0.76793798,5.34581424,4.69822887,-15.63777282,-22.07542659,73.92515387,152.88631743,6.04003169,26.26011653,8.54510261,-11.81493296,-10.84804086,67.39266649,114.36461538,4.12517886,7.4192697
1760624960.424,-0.17183828,-0.83024366,3.32815355,-0.03987875,0.95685214,-0.006611,80.0,-7.0,0.0,80.0,1.3962634,0.0,0.0,0.0,80.0,-7.0,0.0,80.0,1.3962634,0.0,0.0,0.0,0.91261112,-0.75241779,5.26440971,3.61256507,-16.43874036,-22.82605476,73.81520778,152.27500936,6.15653327,25.63543723,9.20489768,-12.51013179,-10.88599072,65.80014885,113.93868286,4.03192502,7.20542318
1760624960.457,-0.18128191,-0.82017268,3.33297412,-0.0357071,0.9557132,-0.00578131,80.0,-7.0,0.0,80.0,1.3962634,0.0,0.0,0.0,80.0,-7.0,0.0,80.0,1.3962634,0.0,0.0,0.0,0.77224006,-0.71185261,5.28921337,2.28904212,-16.76227754,-22.4375236,74.67856658,151.24285318,6.57364175,27.03539204,9.86179113,-13.5636338,-10.56079117,63.17135439,113.27576338,3.92565202,6.9976404
1760624960.491,-0.18240549,-0.80876236,3.32917541,-0.03315095,0.95432814,-0.004755,80.0,-7.0,0.0,80.0,1.3962634,0.0,0.0,0.0,80.0,-7.0,0.0,80.0,1.3962634,0.0,0.0,0.0,0.59948153,-0.71184735,5.17283715,1.65206002,-17.13043465,-22.73833395,74.25655065,150.81945649,6.81206344,26.93281039,10.48706888,-14.43597878,-10.36223297,60.93810634,112.87402916,3.85782402,6.81261596
1760624960.524,-0.18339456,-0.7967944,3.32086837,-0.03164106,0.95376712,-0.00429623,80.0,-7.0,0.0,80.0,1.3962634,0.0,0.0,0.0,80.0,-7.0,0.0,80.0,1.3962634,0.0,0.0,0.0,0.53925034,-0.65804048,5.16290408,0.65348724,-17.15177534,-23.12294202,74.71431878,150.30073248,7.27333714,27.42468702,11.15315953,-15.32509684,-9.80064815,58.34250773,111.97698712,3.71875596,6.51356118
1760624960.557,-0.17876023,-0.78231039,3.32581419,-0.03134657,0.95327167,-0.00257401,80.0,-7.0,0.0,80.0,1.3962634,0.0,0.0,0.0,80.0,-7.0,0.0,80.0,1.3962634,0.0,0.0,0.0,0.43162152,-0.44143011,5.15511288,-0.33867382,-17.27665939,-25.22820814,73.47233191,150.73227032,7.86030849,26.00617125,11.79340693,-16.46682486,-9.13665099,54.98488076,111.17750786,3.46222218,6.03164272
1760624960.591,-0.18218506,-0.76731902,3.32650807,-0.03034188,0.95296839,-0.00087162,80.0,-7.0,0.0,80.0,1.3962634,0.0,0.0,0.0,80.0,-7.0,0.0,80.0,1.3962634,0.0,0.0,0.0,-0.01635957,-0.39145324,5.03824158,-2.35825527,-17.40020387,-26.1774696,73.18081525,150.30518878,7.01149066,25.09331807,12.65445802,-17.4879817,-8.44841108,52.06578386,109.86232268,3.11767558,5.36072766
1760624960.624,-0.18574624,-0.75753618,3.32295137,-0.02951527,0.9525362,0.00071264,80.0,-7.0,0.0,80.0,1.3962634,0.0,0.0,0.0,80.0,-7.0,0.0,80.0,1.3962634,0.0,0.0,0.0,-0.28689516,-0.35284861,4.94852298,-3.72349854,-16.95288858,-26.56171337,72.67229512,150.2397677,6.21033257,25.06753594,13.39909606,-18.6583714,-7.67324604,49.16841298,108.85301814,2.7888669,4.9232341
1760624960.658,-0.19305257,-0.74282317,3.32405811,-0.02814602,0.95152797,0.00214535,80.0,-7.0,0.0,80.0,1.3962634,0.0,0.0,0.0,80.0,-7.0,0.0,80.0,1.3962634,0.0,0.0,0.0,-0.83796132,-0.25874437,4.86116491,-5.04918112,-16.81794751,-27.52997224,71.54237163,149.78909915,5.70953735,24.69351553,14.51780635,-20.1898113,-6.32772957,45.13506198,106.89340722,2.37284107,3.97593829
1760624960.691,-0.20148947,-0.73452944,3.32579239,-0.02618744,0.95036194,0.00222984,80.0,-7.0,0.0,80.0,1.3962634,0.0,0.0,0.0,80.0,-7.0,0.0,80.0,1.3962634,0.0,0.0,0.0,-1.36825672,-0.20465039,4.7597144,-5.99934944,-16.50524495,-27.7794583,69.37935692,149.44590101,4.09049546,23.91533112,15.45559054,-21.16757761,-4.98170174,41.83752969,104.39360682,1.97919463,3.28375293
1760624960.725,-0.20758897,-0.72098921,3.32884372,-0.02668013,0.94942726,0.00215133,80.0,-7.0,0.0,80.0,1.3962634,0.0,0.0,0.0,80.0,-7.0,0.0,80.0,1.3962634,0.0,0.0,0.0,-1.78722245,-0.08627494,4.79143477,-5.97567691,-16.58178237,-27.42807838,66.54737758,148.43157364,3.18385406,24.4083272,16.61496235,-22.30492109,-2.64810221,37.16226496,100.6717331,1.36935258,2.09451227
1760624960.758,-0.20591303,-0.71318924,3.32886058,-0.02693567,0.94750728,0.00235044,80.0,-7.0,0.0,80.0,1.3962634,0.0,0.0,0.0,80.0,-7.0,0.0,80.0,1.3962634,0.0,0.0,0.0,-2.01319753,-0.10575469,4.79557123,-5.74600372,-16.7547607,-27.20561197,63.52407209,147.68115868,2.2263813,24.30286385,17.63866868,-22.98198182,-0.21228453,33.19834657,96.91942908,0.93638653,1.18237103
1760624960.792,-0.2049622,-0.70933909,3.34214406,-0.02379727,0.94533817,0.00115769,80.0,-7.0,0.0,80.0,1.3962634,0.0,0.0,0.0,80.0,-7.0,0.0,80.0,1.3962634,0.0,0.0,0.0,-2.3777143,0.05594511,4.82228611,-4.770918,-17.21911314,-26.8916969,58.91432156,146.87713758,0.58932416,23.40052801,18.72611077,-23.00989441,2.6345996,29.1218007,92.11793556,0.60498901,0.48370276
1760624960.825,-0.19639964,-0.70711588,3.34870639,-0.02068305,0.94330469,-0.00082723,80.0,-7.0,0.0,80.0,1.3962634,0.0,0.0,0.0,80.0,-7.0,0.0,80.0,1.3962634,0.0,0.0,0.0,-2.74206827,0.21022842,4.89621966,-3.30817732,-17.90507883,-27.28232937,54.41421986,145.4780427,0.88923319,23.12197495,19.46244461,-22.1675501,6.3215291,23.994996,84.60924249,0.0398548,-0.8259115
1760624960.858,-0.18967454,-0.70189403,3.35171184,-0.01818866,0.94130893,-0.00150733,80.0,-7.0,0.0,80.0,1.3962634,0.0,0.0,0.0,80.0,-7.0,0.0,80.0,1.3962634,0.0,0.0,0.0,-2.98950117,0.22491944,4.97029142,-1.62103852,-18.27148639,-27.46385526,49.91656013,144.25679694,0.67005777,22.55772032,19.59138961,-21.47969883,8.55167003,20.7279131,79.73119791,-0.21879977,-1.5743132
1760624960.892,-0.17935864,-0.70437146,3.36307567,-0.01671476,0.93996866,-0.00206876,80.0,-7.0,0.0,80.0,1.3962634,0.0,0.0,0.0,80.0,-7.0,0.0,80.0,1.3962634,0.0,0.0,0.0,-3.18167057,0.30732416,5.0383408,-0.31850513,-19.0482459,-27.50022797,45.36238023,142.90624745,0.14450086,21.65202208,19.27694571,-20.4773903,10.26840202,17.9264509,75.07464102,-0.40440067,-2.24053981
1760624960.925,-0.16229912,-0.71445036,3.35604295,-0.01704024,0.9397207,-0.00265053,80.0,-7.0,0.0,80.0,1.3962634,0.0,0.0,0.0,80.0,-7.0,0.0,80.0,1.3962634,0.0,0.0,0.0,-3.17429308,0.30457541,5.19273853,0.25348616,-19.95029569,-26.21626047,41.30603122,138.5302351,-0.04541788,21.69116195,18.29287796,-18.73145733,12.3532388,14.66351856,68.45957977,-0.62822851,-3.06413867
1760624960.959,-0.15284142,-0.71663622,3.34957664,-0.0193798,0.94046544,-0.00312553,80.0,-7.0,0.0,80.0,1.3962634,0.0,0.0,0.0,80.0,-7.0,0.0,80.0,1.3962634,0.0,0.0,0.0,-3.37528553,0.29506971,5.14659579,0.83252568,-20.16507616,-25.66084286,39.12201487,135.8248247,0.67177271,22.1942609,17.80273797,-17.58409288,13.43079174,12.55090401,64.44932704,-0.71136611,-3.29278092
1760624960.992,-0.14498873,-0.72267951,3.35157233,-0.02015563,0.93930971,-0.00386474,80.0,-7.0,0.0,80.0,1.3962634,0.0,0.0,0.0,80.0,-7.0,0.0,80.0,1.3962634,0.0,0.0,0.0,-3.73427869,0.41825849,5.17773656,2.36736755,-20.65492754,-25.42353197,35.62953582,135.43012869,1.14831612,21.99607733,17.36275942,-16.50143388,13.96950028,10.96651015,61.45363578,-0.64366418,-3.21413678
1760624961.026,-0.12609738,-0.73535888,3.35937878,-0.02318173,0.9389884,-0.00603406,80.0,-7.0,0.0,80.0,1.3962634,0.0,0.0,0.0,80.0,-7.0,0.0,80.0,1.3962634,0.0,0.0,0.0,-3.7989429,0.47619596,5.18848301,2.76830788,-21.10232195,-24.09496596,33.73339863,133.48278886,1.98853689,22.95288306,16.25118079,-15.33255457,14.19956819,9.59293129,58.2913393,-0.55592192,-3.16374243
1760624961.059,-0.12297257,-0.73741468,3.36646462,-0.02480145,0.93812313,-0.00751827,80.0,-7.0,0.0,80.0,1.3962634,0.0,0.0,0.0,80.0,-7.0,0.0,80.0,1.3962634,0.0,0.0,0.0,-3.82176481,0.61770897,5.25917658,2.89612209,-21.49933676,-23.47312753,32.16966068,131.35085298,2.48503905,22.93057983,15.42607417,-14.81688136,14.15408659,9.10653289,57.24709553,-0.5152293,-3.11777838
1760624961.093,-0.12021229,-0.73656076,3.37278104,-0.02493745,0.93643568,-0.00797589,80.0,-7.0,0.0,80.0,1.3962634,0.0,0.0,0.0,80.0,-7.0,0.0,80.0,1.3962634,0.0,0.0,0.0,-3.9314004,0.79031888,5.38079322,3.22529791,-21.57332175,-23.44155465,30.59699724,130.87187549,2.69970154,22.73004286,14.95075023,-14.41664321,14.13477682,8.83278256,56.81644128,-0.45656247,-3.03825365
1760624961.126,-0.11878541,-0.74397023,3.38328136,-0.02430983,0.9357484,-0.00803248,80.0,-7.0,0.0,80.0,1.3962634,0.0,0.0,0.0,80.0,-7.0,0.0,80.0,1.3962634,0.0,0.0,0.0,-4.05263013,0.85010311,5.36397713,3.03258048,-21.66947431,-22.78507129,30.32892585,131.45407424,3.10701189,22.92190277,14.33742505,-14.33575094,13.69450099,9.04415835,57.13555276,-0.42625229,-3.02754437
1760624961.159,-0.118072,-0.73474186,3.37817074,-0.02452701,0.9344094,-0.0071094,80.0,-7.0,0.0,80.0,1.3962634,0.0,0.0,0.0,80.0,-7.0,0.0,80.0,1.3962634,0.0,0.0,0.0,-4.17566038,0.86351102,5.29251654,3.06457611,-21.61327796,-22.22188504,29.36094455,132.10400899,2.63409587,22.02066037,13.95881913,-14.3765113,12.99708178,9.43359235,57.90787699,-0.49418981,-3.18043526
1760624961.193,-0.1095852,-0.73232123,3.36275633,-0.02425332,0.93430046,-0.00645009,80.0,-7.0,0.0,80.0,1.3962634,0.0,0.0,0.0,80.0,-7.0,0.0,80.0,1.3962634,0.0,0.0,0.0,-4.16933207,0.79418507,5.25548296,2.5414343,-21.53324091,-22.12112631,29.49173742,132.1963403,2.5387516,21.5284583,13.78128683,-14.38451176,12.76257287,9.57594071,58.22402594,-0.54732504,-3.33488631
1760624961.226,-0.09363257,-0.73613607,3.33887822,-0.02248673,0.93386052,-0.00646458,80.0,-7.0,0.0,80.0,1.3962634,0.0,0.0,0.0,80.0,-7.0,0.0,80.0,1.3962634,0.0,0.0,0.0,-4.17422471,0.78922065,5.20035658,2.10065134,-21.49343153,-22.38095648,29.5433952,131.88467359,2.40930232,20.80922741,13.70855235,-14.17891469,12.84330231,9.58049268,57.88528447,-0.43848464,-3.38456943
1760624961.26,-0.08184442,-0.74752312,3.32359078,-0.022397,0.93351648,-0.00666801,80.0,-7.0,0.0,80.0,1.3962634,0.0,0.0,0.0,80.0,-7.0,0.0,80.0,1.3962634,0.0,0.0,0.0,-4.22758919,0.9196321,5.21980272,2.1357662,-21.33542232,-22.79218268,28.74945239,130.70116473,1.91490342,19.61993665,13.74260236,-13.53486212,13.19314911,9.40276938,56.40888552,-0.28878507,-3.44964667
1760624961.293,-0.07692303,-0.76455476,3.30399153,-0.02224033,0.93360269,-0.00735923,80.0,-7.0,0.0,80.0,1.3962634,0.0,0.0,0.0,80.0,-7.0,0.0,80.0,1.3962634,0.0,0.0,0.0,-4.38017429,0.96086142,5.21829695,2.11974524,-21.16463429,-23.92532527,28.56223822,129.06879925,1.94791912,18.70337629,13.68103707,-12.39829878,13.66933713,9.19713358,52.84473992,0.01769309,-3.51262842
1760624961.327,-0.07358375,-0.79993123,3.28933891,-0.0236524,0.93397703,-0.0104014,80.0,-7.0,0.0,80.0,1.3962634,0.0,0.0,0.0,80.0,-7.0,0.0,80.0,1.3962634,0.0,0.0,0.0,-4.65091569,0.92798309,5.17508987,2.34048903,-22.25806236,-19.89620091,28.08473145,119.06524232,0.93629959,18.09144513,12.94646894,-10.05676589,14.23281319,9.48944001,43.95681246,0.78499746,-3.2425647
1760624961.36,-0.08318129,-0.83465244,3.29925075,-0.02591561,0.93444188,-0.01214811,80.0,-7.0,0.0,80.0,1.3962634,0.0,0.0,0.0,80.0,-7.0,0.0,80.0,1.3962634,0.0,0.0,0.0,-4.79441103,0.75850261,5.11302677,2.31446814,-22.46179919,-18.43579501,28.44044384,110.90836103,0.7882744,18.17912958,12.21145133,-8.25026219,14.66063414,10.05967202,35.43566119,1.34363702,-2.87038309
1760624961.394,-0.09972134,-0.86147595,3.3143733,-0.02687148,0.93454384,-0.01360298,80.0,-7.0,0.0,80.0,1.3962634,0.0,0.0,0.0,80.0,-7.0,0.0,80.0,1.3962634,0.0,0.0,0.0,-4.88060948,0.56685844,5.04600713,2.16282436,-22.57458027,-17.596042,29.16471928,101.94617919,0.91130024,18.6827498,11.62925677,-6.70006037,15.11089734,10.73083719,26.68308741,2.03952708,-2.41722778
1760624961.427,-0.13045182,-0.89327549,3.35038723,-0.02674124,0.93437645,-0.01544714,80.0,-7.0,0.0,80.0,1.3962634,0.0,0.0,0.0,80.0,-7.0,0.0,80.0,1.3962634,0.0,0.0,0.0,-4.93564136,0.42714326,5.01666391,1.95414724,-22.84548588,-16.60104133,29.75947602,88.33024163,0.77274843,19.33954728,11.08662666,-5.11644163,15.71703861,11.53198557,15.83692061,3.19878961,-1.7103516
1760624961.461,-0.15370854,-0.91284992,3.38162883,-0.02650324,0.93475025,-0.01740363,80.0,-7.0,0.0,80.0,1.3962634,0.0,0.0,0.0,80.0,-7.0,0.0,80.0,1.3962634,0.0,0.0,0.0,-4.9406499,0.29979325,4.95613374,1.41220889,-23.04277536,-16.09998167,30.87992716,77.66503591,0.15936494,20.33969701,10.70974268,-4.32532278,15.84247111,12.17939165,8.65244615,3.90220684,-1.23532836
1760624961.494,-0.18622786,-0.92714989,3.41351365,-0.02563656,0.93459799,-0.01904924,80.0,-7.0,0.0,80.0,1.3962634,0.0,0.0,0.0,80.0,-7.0,0.0,80.0,1.3962634,0.0,0.0,0.0,-4.9641848,0.14143913,4.88460825,0.87468176,-23.14123745,-15.56277111,31.49687212,66.50067571,-0.75299039,20.74651826,10.50260348,-3.7276009,15.56711517,12.68745673,2.51251973,4.44630542,-0.76956138
1760624961.527,-0.23461048,-0.94548118,3.44353903,-0.02029978,0.93395436,-0.02118168,80.0,-7.0,0.0,80.0,1.3962634,0.0,0.0,0.0,80.0,-7.0,0.0,80.0,1.3962634,0.0,0.0,0.0,-4.94536562,0.04485891,4.83096208,0.31210337,-23.54058009,-13.52677422,31.29916879,50.89229922,-2.28436311,20.18688406,10.17581465,-2.11984865,10.35553266,12.95784262,0.0,4.96680256,-0.02537039
1760624961.561,-0.27250907,-0.96094331,3.47170402,-0.01671932,0.9339417,-0.02209451,80.0,-7.0,0.0,80.0,1.3962634,0.0,0.0,0.0,80.0,-7.0,0.0,80.0,1.3962634,0.0,0.0,0.0,-4.89435605,0.03428729,4.78221972,-0.09681195,-23.74740379,-12.29594161,30.68965643,40.72127559,-3.1488626,19.45681969,10.2828731,-0.87279906,5.88865962,12.28845907,0.0,5.32357227,0.54555352
1760624961.594,-0.29602241,-0.96715274,3.49725311,-0.01556418,0.93363413,-0.02222044,80.0,-7.0,0.0,80.0,1.3962634,0.0,0.0,0.0,80.0,-7.0,0.0,80.0,1.3962634,0.0,0.0,0.0,-4.83595277,0.10496666,4.78474503,-0.10086108,-23.87130345,-11.3439564,29.68199788,32.15644943,-3.95753423,18.77989536,10.48087944,0.07389162,2.25294147,11.25207873,0.0,5.76548831,1.05172864
1760624961.628,-0.32875481,-0.96639016,3.51992117,-0.01713907,0.93296955,-0.02211777,80.0,-7.0,0.0,80.0,1.3962634,0.0,0.0,0.0,80.0,-7.0,0.0,80.0,1.3962634,0.0,0.0,0.0,-4.76683282,0.19524419,4.8400232,0.17276996,-24.0563718,-9.00217572,27.82691269,21.47834566,-4.63404624,17.46482067,10.56993412,0.88225894,-1.71900018,9.88266879,0.0,6.28819714,1.46623449
1760624961.661,-0.3435298,-0.95679022,3.52321742,-0.01769191,0.93316942,-0.02186453,80.0,-7.0,0.0,80.0,1.3962634,0.0,0.0,0.0,80.0,-7.0,0.0,80.0,1.3962634,0.0,0.0,0.0,-4.77327388,0.25667224,4.8209563,0.14372759,-23.4115634,-11.71158344,26.92410103,18.22703879,-5.13490383,17.50332015,10.72627137,1.21519852,-4.13269146,8.73521392,0.0,6.62355653,1.76075433
1760624961.695,-0.36079564,-0.96109617,3.53612215,-0.01869232,0.93248556,-0.02183612,80.0,-7.0,0.0,80.0,1.3962634,0.0,0.0,0.0,80.0,-7.0,0.0,80.0,1.3962634,0.0,0.0,0.0,-4.63551799,0.31168763,4.82609492,0.1701369,-24.29709318,-4.79561963,25.66968928,5.17097565,-5.85897684,15.38413472,10.55950436,1.34091262,-6.54253471,7.38125681,0.0,6.96734473,2.15885399
1760624961.728,-0.35130052,-0.95531568,3.52519604,-0.01926559,0.9320209,-0.0213801,80.0,-7.0,0.0,80.0,1.3962634,0.0,0.0,0.0,80.0,-7.0,0.0,80.0,1.3962634,0.0,0.0,0.0,-4.53264299,0.27749934,4.86778055,-0.05980948,-24.17252584,-4.04135917,25.18470288,0.73283978,-6.73482267,15.12754741,10.36645223,1.25065417,-7.72673389,6.40221567,0.0,7.17716148,2.34184013
1760624961.762,-0.33141479,-0.94596321,3.50155768,-0.01997902,0.93190153,-0.02099192,80.0,-7.0,0.0,80.0,1.3962634,0.0,0.0,0.0,80.0,-7.0,0.0,80.0,1.3962634,0.0,0.0,0.0,-4.48187279,0.22891036,4.83234662,0.09976627,-23.37336589,-6.40087223,24.2689599,0.0,-7.97144569,15.55183798,10.18391072,1.0891868,-8.61577215,5.48106559,0.0,7.37714314,2.54850622
1760624961.795,-0.31815978,-0.95030158,3.4728804,-0.02041596,0.93168161,-0.02088369,80.0,-7.0,0.0,80.0,1.3962634,0.0,0.0,0.0,80.0,-7.0,0.0,80.0,1.3962634,0.0,0.0,0.0,-4.39496617,0.22734049,5.00139936,-0.46874878,-22.51026032,-10.13795714,24.54030058,0.0,-11.0199791,15.72753668,10.02798281,0.97966603,-9.50523405,4.30627475,0.0,7.51461489,2.95645978
1760624961.829,-0.30696294,-0.96108186,3.45576303,-0.02079341,0.93167269,-0.02063245,80.0,-7.0,0.0,80.0,1.3962634,0.0,0.0,0.0,80.0,-7.0,0.0,80.0,1.3962634,0.0,0.0,0.0,-4.45011712,0.21522893,5.08005283,-0.52190333,-21.98384739,-12.12183246,24.41541769,0.0,-12.64607326,15.47408029,10.098739,0.86544197,-10.01860092,3.43855533,0.0,7.65990354,3.13607722
1760624961.862,-0.30063582,-0.97225277,3.4532762,-0.0211828,0.93157898,-0.01984702,80.0,-7.0,0.0,80.0,1.3962634,0.0,0.0,0.0,80.0,-7.0,0.0,80.0,1.3962634,0.0,0.0,0.0,-4.45335926,0.1519783,5.13470444,-0.77496404,-21.63758963,-13.30423794,24.34180154,0.0,-13.39794649,15.30432141,10.03747397,0.63070591,-10.1420229,2.67066697,0.0,7.79578578,3.3687899
1760624961.895,-0.30317825,-0.96818228,3.46365503,-0.02131052,0.93157858,-0.01915991,80.0,-7.0,0.0,80.0,1.3962634,0.0,0.0,0.0,80.0,-7.0,0.0,80.0,1.3962634,0.0,0.0,0.0,-4.46748392,0.04758787,5.06968675,-0.90018614,-21.43048317,-13.71030137,24.10859123,0.0,-13.82358909,15.21386998,9.97001858,0.2706174,-10.22812245,1.85177298,0.0,7.89383865,3.717399
1760624961.929,-0.30345136,-0.96485643,3.46486199,-0.02152932,0.93160626,-0.01912455,80.0,-7.0,0.0,80.0,1.3962634,0.0,0.0,0.0,80.0,-7.0,0.0,80.0,1.3962634,0.0,0.0,0.0,-4.37649202,0.00481721,5.03099522,-1.05457672,-21.47281157,-13.7413422,24.07312406,0.0,-13.90472809,15.21503827,9.86984187,0.06098699,-10.32867248,1.37068614,0.0,7.90242211,3.86252029
1760624961.962,-0.29718321,-0.95776862,3.47318426,-0.02159439,0.93173455,-0.0193268,80.0,-7.0,0.0,80.0,1.3962634,0.0,0.0,0.0,80.0,-7.0,0.0,80.0,1.3962634,0.0,0.0,0.0,-4.43714241,-0.0677321,4.94237689,-1.18786233,-21.48121856,-13.82091702,24.16091173,0.0,-13.79092366,15.26707134,9.86259564,-0.11347371,-10.56475454,1.18376949,0.0,7.88909793,3.85107162
1760624961.996,-0.29098066,-0.94510473,3.46243097,-0.0224504,0.931759,-0.0195154,80.0,-7.0,0.0,80.0,1.3962634,0.0,0.0,0.0,80.0,-7.0,0.0,80.0,1.3962634,0.0,0.0,0.0,-4.45469555,-0.14945376,4.86675873,-1.47220138,-21.44775989,-13.96024116,24.33700849,0.0,-13.45306662,15.40696987,9.66946453,-0.22737344,-10.65355452,1.41206735,0.0,7.84868922,3.75907521
1760624962.029,-0.29080039,-0.93558103,3.43630523,-0.02331585,0.9315134,-0.01974184,80.0,-7.0,0.0,80.0,1.3962634,0.0,0.0,0.0,80.0,-7.0,0.0,80.0,1.3962634,0.0,0.0,0.0,-4.39250805,-0.19857597,4.87948579,-2.03121886,-21.54094582,-13.95172831,24.44100331,0.0,-12.93357122,15.76296693,9.45272796,-0.17261921,-10.64972034,1.64079162,0.0,7.86636782,3.83884484
1760624962.063,-0.29557732,-0.92475744,3.41509714,-0.02347377,0.93127079,-0.01965132,80.0,-7.0,0.0,80.0,1.3962634,0.0,0.0,0.0,80.0,-7.0,0.0,80.0,1.3962634,0.0,0.0,0.0,-4.36370391,-0.27519054,4.90452415,-2.51293072,-21.57593678,-13.88516833,24.54915589,0.0,-12.48275961,16.17176515,9.39812607,-0.0610301,-10.58235107,1.64613774,0.0,7.80209971,3.87789598
1760624962.096,-0.28973492,-0.91033903,3.4156859,-0.02407744,0.93183502,-0.01961302,80.0,-7.0,0.0,80.0,1.3962634,0.0,0.0,0.0,80.0,-7.0,0.0,80.0,1.3962634,0.0,0.0,0.0,-4.59329077,-0.34033199,4.91995678,-2.29930497,-21.60321057,-13.61785593,24.74498305,0.0,-12.50803821,16.57659657,9.57393596,0.21419717,-10.49126467,1.67079058,0.0,7.71011305,3.87156217
1760624962.13,-0.28967063,-0.90173354,3.41950751,-0.02487706,0.932281,-0.01962044,80.0,-7.0,0.0,80.0,1.3962634,0.0,0.0,0.0,80.0,-7.0,0.0,80.0,1.3962634,0.0,0.0,0.0,-4.66623121,-0.39275207,4.90518555,-2.18811165,-21.47098922,-13.28442758,24.92223294,0.0,-12.42795414,16.76721271,9.53275294,0.33852703,-10.01615296,1.67046828,0.0,7.64839771,3.86490698
1760624962.163,-0.28621809,-0.89039332,3.43408583,-0.02511323,0.93257588,-0.01960687,80.0,-7.0,0.0,80.0,1.3962634,0.0,0.0,0.0,80.0,-7.0,0.0,80.0,1.3962634,0.0,0.0,0.0,-4.77608987,-0.42582094,4.87104695,-1.89121571,-21.27725627,-12.90379966,25.04194561,0.0,-12.37013391,16.82111153,9.5860047,0.44425274,-9.54302834,1.62702042,0.0,7.61845862,3.87918305
1760624962.197,-0.2886217,-0.88291353,3.43710257,-0.02494352,0.93296081,-0.01972486,80.0,-7.0,0.0,80.0,1.3962634,0.0,0.0,0.0,80.0,-7.0,0.0,80.0,1.3962634,0.0,0.0,0.0,-4.84387094,-0.46933918,4.79945395,-1.57149866,-21.13498563,-12.11411934,25.26133612,0.0,-12.44494486,16.76449869,9.66176145,0.51683728,-9.33281934,1.5840602,0.0,7.61196077,3.87197236
1760624962.23,-0.29250505,-0.87986791,3.4237721,-0.02360648,0.932913,-0.01943334,80.0,-7.0,0.0,80.0,1.3962634,0.0,0.0,0.0,80.0,-7.0,0.0,80.0,1.3962634,0.0,0.0,0.0,-5.01844037,-0.48738412,4.83312955,-1.19979963,-21.04237399,-11.61527256,25.39700727,0.0,-12.47708696,16.64482839,9.80455509,0.5067228,-8.91056252,1.55452736,0.0,7.52670659,3.7583894
1760624962.263,-0.29011054,-0.88456941,3.41902179,-0.02287653,0.93281297,-0.01915095,80.0,-7.0,0.0,80.0,1.3962634,0.0,0.0,0.0,80.0,-7.0,0.0,80.0,1.3962634,0.0,0.0,0.0,-5.00311306,-0.47976987,4.85731503,-1.16179694,-20.99526179,-11.10291681,25.41978367,0.0,-12.33428028,16.61923487,9.75186651,0.49414516,-8.60675324,1.58052416,0.0,7.47974472,3.68100911
1760624962.297,-0.28992164,-0.89106809,3.42120921,-0.02357513,0.93246963,-0.0191545,80.0,-7.0,0.0,80.0,1.3962634,0.0,0.0,0.0,80.0,-7.0,0.0,80.0,1.3962634,0.0,0.0,0.0,-5.02038021,-0.40843911,4.82812205,-0.7936853,-21.0735784,-10.13900567,25.18241282,0.0,-12.25194865,16.55234248,9.68944176,0.56391409,-8.43246094,1.64948049,0.0,7.50182595,3.75284107
1760624962.33,-0.29545293,-0.89878344,3.43015519,-0.02482916,0.93218197,-0.01988801,80.0,-7.0,0.0,80.0,1.3962634,0.0,0.0,0.0,80.0,-7.0,0.0,80.0,1.3962634,0.0,0.0,0.0,-5.04955045,-0.33909563,4.85141889,-0.96764845,-21.31035246,-9.83001803,25.23149618,0.0,-11.98466718,16.76425672,9.65747651,0.6424457,-8.3526041,1.68302697,0.0,7.44779347,3.72864531
1760624962.364,-0.29102434,-0.90894785,3.43398556,-0.02470628,0.93185795,-0.02004964,80.0,-7.0,0.0,80.0,1.3962634,0.0,0.0,0.0,80.0,-7.0,0.0,80.0,1.3962634,0.0,0.0,0.0,-4.9584154,-0.26617893,4.88163215,-1.25835713,-21.43326911,-9.7291195,25.13508256,0.0,-11.68218997,16.97467846,9.48731448,0.71521577,-8.09360571,1.64447727,0.0,7.34784395,3.67170816
1760624962.397,-0.28936612,-0.91793659,3.45403518,-0.0240418,0.93163398,-0.02038019,80.0,-7.0,0.0,80.0,1.3962634,0.0,0.0,0.0,80.0,-7.0,0.0,80.0,1.3962634,0.0,0.0,0.0,-4.92605543,-0.19595952,4.87171159,-1.39041741,-21.50577793,-9.56687522,25.09229144,0.0,-11.48905852,17.0745886,9.26759315,0.78098625,-7.65043074,1.69660994,0.0,7.31924075,3.66244012
1760624962.431,-0.28418609,-0.91848384,3.46243166,-0.02375871,0.93147502,-0.02015122,80.0,-7.0,0.0,80.0,1.3962634,0.0,0.0,0.0,80.0,-7.0,0.0,80.0,1.3962634,0.0,0.0,0.0,-4.89037941,-0.18830014,4.87186702,-1.74853549,-21.51782571,-9.6553729,25.03520168,0.0,-11.03245768,17.22711607,9.09667977,0.81033768,-7.49391704,1.74419526,0.0,7.2818583,3.70901091
1760624962.464,-0.2620538,-0.91757176,3.45967892,-0.0231313,0.93132421,-0.01998335,80.0,-7.0,0.0,80.0,1.3962634,0.0,0.0,0.0,80.0,-7.0,0.0,80.0,1.3962634,0.0,0.0,0.0,-4.78725442,-0.18200444,4.90131714,-2.10703059,-21.50504676,-9.56880106,25.01462035,0.0,-10.744128,17.334477,8.95289711,0.83286658,-7.35965334,1.63828449,0.0,7.23442688,3.69293604
1760624962.498,-0.25105446,-0.91668543,3.46662021,-0.02244041,0.93146538,-0.01973211,80.0,-7.0,0.0,80.0,1.3962634,0.0,0.0,0.0,80.0,-7.0,0.0,80.0,1.3962634,0.0,0.0,0.0,-4.81149863,-0.19306053,4.88995077,-2.33121318,-21.5258266,-9.36155425,25.10798939,0.0,-10.49704623,17.32517068,8.93411562,0.81978744,-7.31602542,1.60707015,0.0,7.22716251,3.6773532
1760624962.531,-0.25198783,-0.91574721,3.4646012,-0.02144827,0.93173655,-0.01917967,80.0,-7.0,0.0,80.0,1.3962634,0.0,0.0,0.0,80.0,-7.0,0.0,80.0,1.3962634,0.0,0.0,0.0,-4.77666285,-0.2384564,4.87887711,-2.57105781,-21.35278149,-9.37267621,25.20345774,0.0,-10.27251875,17.17343495,8.85962544,0.75044717,-7.19345802,1.6240977,0.0,7.22424592,3.68456405
1760624962.564,-0.2399476,-0.90845081,3.46537177,-0.02105673,0.93167914,-0.01966934,80.0,-7.0,0.0,80.0,1.3962634,0.0,0.0,0.0,80.0,-7.0,0.0,80.0,1.3962634,0.0,0.0,0.0,-4.94214001,-0.22869194,4.82498609,-2.65803364,-21.40973901,-9.24920723,25.34097881,0.0,-10.10480917,17.13288965,8.92210133,0.73587578,-7.10260252,1.69184635,0.0,7.20119064,3.68998727
1760624962.598,-0.23086728,-0.90280721,3.46435681,-0.02168361,0.93156245,-0.02022617,80.0,-7.0,0.0,80.0,1.3962634,0.0,0.0,0.0,80.0,-7.0,0.0,80.0,1.3962634,0.0,0.0,0.0,-5.00302785,-0.20577432,4.82126063,-2.72361948,-21.45073325,-9.14471194,25.47661902,0.0,-9.96598943,17.02482885,8.95445934,0.72688465,-7.02760842,1.68209019,0.0,7.1763074,3.70815815
1760624962.631,-0.23434124,-0.89059488,3.4632462,-0.02202626,0.93144194,-0.02017133,80.0,-7.0,0.0,80.0,1.3962634,0.0,0.0,0.0,80.0,-7.0,0.0,80.0,1.3962634,0.0,0.0,0.0,-5.12791259,-0.19328988,4.81074162,-2.65716121,-21.40450188,-9.07351161,25.7167978,0.0,-10.04710809,16.87536771,9.10049589,0.75500161,-7.00438186,1.62150886,0.0,7.14868436,3.69570963
1760624962.665,-0.22500164,-0.88489244,3.45323995,-0.02221302,0.93151915,-0.02008623,80.0,-7.0,0.0,80.0,1.3962634,0.0,0.0,0.0,80.0,-7.0,0.0,80.0,1.3962634,0.0,0.0,0.0,-5.12358043,-0.1720178,4.83335817,-2.61518137,-21.41615569,-9.01045899,25.75392465,0.0,-10.06144044,16.82979124,9.05297704,0.76285255,-6.85960631,1.61615479,0.0,7.11582729,3.68615323
1760624962.698,-0.21944924,-0.87960632,3.46511183,-0.02229909,0.93177584,-0.01974416,80.0,-7.0,0.0,80.0,1.3962634,0.0,0.0,0.0,80.0,-7.0,0.0,80.0,1.3962634,0.0,0.0,0.0,-5.12770642,-0.15342714,4.83091332,-2.58782442,-21.43567356,-8.92984621,25.80349286,0.01301152,-10.04951325,16.84301077,9.04198452,0.75497863,-6.72451524,1.62145999,0.0,7.07124357,3.64303416
1760624962.731,-0.22051074,-0.87365915,3.44637566,-0.02224121,0.93216936,-0.01956579,80.0,-7.0,0.0,80.0,1.3962634,0.0,0.0,0.0,80.0,-7.0,0.0,80.0,1.3962634,0.0,0.0,0.0,-5.19950785,-0.13425701,4.82563211,-2.36975595,-21.53040574,-8.81889245,25.9356902,0.0,-10.27712122,16.84180722,9.09427569,0.78135896,-6.69370599,1.62280478,0.0,7.05494464,3.63672072
1760624962.765,-0.22056456,-0.86562668,3.44386225,-0.02187215,0.93208079,-0.01943453,80.0,-7.0,0.0,80.0,1.3962634,0.0,0.0,0.0,80.0,-7.0,0.0,80.0,1.3962634,0.0,0.0,0.0,-5.19399802,-0.1470839,4.86997094,-2.34682018,-21.55711605,-8.79985604,25.95916406,0.0,-10.25661704,16.80578754,9.08731562,0.78869872,-6.719756,1.61211083,0.0,7.06740389,3.66537547
1760624962.798,-0.21196034,-0.87359466,3.44457756,-0.02087893,0.93209261,-0.01882714,80.0,-7.0,0.0,80.0,1.3962634,0.0,0.0,0.0,80.0,-7.0,0.0,80.0,1.3962634,0.0,0.0,0.0,-5.24430894,-0.12360088,4.86828788,-2.10120032,-21.55550299,-8.55243328,26.00943723,0.0,-10.39443617,16.66028729,9.14678039,0.80420301,-6.69443599,1.58786716,0.0,7.06094492,3.6567183
1760624962.832,-0.21055823,-0.87559461,3.44446101,-0.02011554,0.93194081,-0.01869188,80.0,-7.0,0.0,80.0,1.3962634,0.0,0.0,0.0,80.0,-7.0,0.0,80.0,1.3962634,0.0,0.0,0.0,-5.24503993,-0.12276625,4.91992172,-2.03422644,-21.54609134,-8.43212902,26.01947667,0.0,-10.38543843,16.58539921,9.14008543,0.81479782,-6.63662219,1.61920884,0.0,7.05534205,3.63196645
1760624962.865,-0.20696401,-0.87836868,3.43813625,-0.01988571,0.93188355,-0.01866906,80.0,-7.0,0.0,80.0,1.3962634,0.0,0.0,0.0,80.0,-7.0,0.0,80.0,1.3962634,0.0,0.0,0.0,-5.25431369,-0.11344826,4.9391069,-1.89522045,-21.52874681,-8.38765043,25.99232761,0.0,-10.43053344,16.51457024,9.09435214,0.82085478,-6.52952641,1.68580792,0.0,7.07953081,3.67539782
1760624962.899,-0.20457578,-0.87372911,3.44404535,-0.0203555,0.93193114,-0.019077,80.0,-7.0,0.0,80.0,1.3962634,0.0,0.0,0.0,80.0,-7.0,0.0,80.0,1.3962634,0.0,0.0,0.0,-5.31803445,-0.11351455,4.85858365,-1.54805689,-21.50950408,-8.14376017,25.71424074,0.0,-10.28899167,16.46801756,9.09786798,0.81644755,-6.53720802,1.73523304,0.0,7.08682112,3.69611195
1760624962.932,-0.20042841,-0.87626183,3.45297089,-0.02141868,0.93208658,-0.01966689,80.0,-7.0,0.0,80.0,1.3962634,0.0,0.0,0.0,80.0,-7.0,0.0,80.0,1.3962634,0.0,0.0,0.0,-5.37544084,-0.08095134,4.86774436,-1.49333746,-21.51610402,-8.1314634,25.75372548,0.0,-10.19242871,16.41881138,9.08565342,0.8610818,-6.52726342,1.76974065,0.0,7.09720576,3.69583513
1760624962.966,-0.19512344,-0.87954789,3.4541537,-0.02197911,0.93211579,-0.01997185,80.0,-7.0,0.0,80.0,1.3962634,0.0,0.0,0.0,80.0,-7.0,0.0,80.0,1.3962634,0.0,0.0,0.0,-5.47194638,-0.0376458,4.83583694,-1.42280988,-21.53270191,-8.11363852,25.79764992,0.0,-10.05821145,16.3294674,9.09280769,0.89561413,-6.48660425,1.80178534,0.0,7.07152492,3.67590557
1760624962.999,-0.1968033,-0.87763507,3.4525714,-0.02198667,0.93211418,-0.01969998,80.0,-7.0,0.0,80.0,1.3962634,0.0,0.0,0.0,80.0,-7.0,0.0,80.0,1.3962634,0.0,0.0,0.0,-5.53222762,-0.04835098,4.85556007,-1.35449464,-21.56384632,-8.02324403,25.81983765,0.0,-9.99404255,16.3431799,9.08084198,0.88775812,-6.38513377,1.82763752,0.0,7.0641496,3.68642075
1760624963.033,-0.20592704,-0.88137064,3.4558586,-0.0218608,0.9321082,-0.01953454,80.0,-7.0,0.0,80.0,1.3962634,0.0,0.0,0.0,80.0,-7.0,0.0,80.0,1.3962634,0.0,0.0,0.0,-5.54254022,-0.04648817,4.85837081,-1.32826251,-21.57940627,-7.98513636,25.83449344,0.0,-9.97103371,16.36388043,9.07486306,0.88351045,-6.34372221,1.82377175,0.0,7.0753669,3.68781814
1760624963.066,-0.20061854,-0.88553491,3.44160434,-0.02106407,0.93161148,-0.02054182,80.0,-7.0,0.0,80.0,1.3962634,0.0,0.0,0.0,80.0,-7.0,0.0,80.0,1.3962634,0.0,0.0,0.0,-5.56650957,-0.00159704,4.82392599,-1.01142585,-21.70874362,-7.8246563,25.24940517,0.0,-9.70748922,16.52828828,9.06214754,0.90821795,-6.36940162,1.82144541,0.0,7.08929622,3.67751314
1760624963.1,-0.20300923,-0.89336675,3.45514505,-0.02151951,0.93149346,-0.02047274,80.0,-7.0,0.0,80.0,1.3962634,0.0,0.0,0.0,80.0,-7.0,0.0,80.0,1.3962634,0.0,0.0,0.0,-5.58193944,0.01000513,4.80659036,-0.99480131,-21.71253716,-7.79208918,25.25570903,0.0,-9.71036362,16.49979349,9.04161649,0.89185515,-6.27883651,1.81807909,0.0,7.10419716,3.68982939
1760624963.133,-0.20053729,-0.89368735,3.44536049,-0.02230577,0.93169444,-0.02033902,80.0,-7.0,0.0,80.0,1.3962634,0.0,0.0,0.0,80.0,-7.0,0.0,80.0,1.3962634,0.0,0.0,0.0,-5.60596486,0.01714424,4.86127128,-0.91531326,-21.67914759,-7.73859062,25.24798944,0.0,-9.74853584,16.40294468,9.00535379,0.89412686,-6.17935015,1.8412085,0.0,7.10484164,3.67223321
1760624963.166,-0.20606782,-0.8996057,3.4553673,-0.02249465,0.93175422,-0.02016676,80.0,-7.0,0.0,80.0,1.3962634,0.0,0.0,0.0,80.0,-7.0,0.0,80.0,1.3962634,0.0,0.0,0.0,-5.59826746,0.01278205,4.86233276,-0.90946933,-21.68929481,-7.60921557,25.26282565,0.0,-9.71917719,16.36475797,8.97192951,0.86948498,-6.04009551,1.81204543,0.0,7.1224283,3.69629459
1760624963.2,-0.21397312,-0.90478384,3.46140038,-0.02206816,0.9315684,-0.01981199,80.0,-7.0,0.0,80.0,1.3962634,0.0,0.0,0.0,80.0,-7.0,0.0,80.0,1.3962634,0.0,0.0,0.0,-5.59673822,0.00640387,4.81008202,-0.98137004,-21.61304425,-7.58622951,25.23828563,0.0,-9.58670118,16.30326654,8.96142619,0.8397087,-6.02214349,1.79381915,0.0,7.1268679,3.70813535
1760624963.233,-0.21528599,-0.90661064,3.46451218,-0.02229763,0.93172429,-0.01953849,80.0,-7.0,0.0,80.0,1.3962634,0.0,0.0,0.0,80.0,-7.0,0.0,80.0,1.3962634,0.0,0.0,0.0,-5.61099702,0.00131607,4.78004904,-1.02999676,-21.64597883,-7.60522675,25.21300369,0.0,-9.50639812,16.31287446,9.00136545,0.8285401,-6.04205846,1.76556377,0.0,7.12796582,3.72502098
1760624963.267,-0.21935608,-0.90264216,3.45831464,-0.02170178,0.93173015,-0.01955314,80.0,-7.0,0.0,80.0,1.3962634,0.0,0.0,0.0,80.0,-7.0,0.0,80.0,1.3962634,0.0,0.0,0.0,-5.60867292,0.00697109,4.83455079,-1.00824537,-21.67002694,-7.51118606,25.21047849,0.0,-9.47562646,16.26547604,9.00935195,0.84714013,-5.96989994,1.77248336,0.0,7.12251336,3.7131071
1760624963.334,-0.22652728,-0.90685443,3.45250957,-0.02220457,0.9311362,-0.02007726,80.0,-7.0,0.0,80.0,1.3962634,0.0,0.0,0.0,80.0,-7.0,0.0,80.0,1.3962634,0.0,0.0,0.0,-5.59916173,0.05702621,4.89631722,-0.74225678,-21.7078934,-7.53763909,24.57789793,0.0,-9.11371709,16.3087331,8.96894852,0.90079016,-5.85023159,1.84742521,0.0,7.13663466,3.71068747
1760624963.367,-0.22562529,-0.90420766,3.45056601,-0.02146463,0.93090109,-0.02033865,80.0,-7.0,0.0,80.0,1.3962634,0.0,0.0,0.0,80.0,-7.0,0.0,80.0,1.3962634,0.0,0.0,0.0,-5.68076039,0.05319214,4.84148829,-0.77902611,-21.7168295,-7.51590497,24.61545545,0.0,-8.98182064,16.29899614,9.01596459,0.90641069,-5.86160052,1.92174381,0.0,7.13184765,3.69780039
1760624963.401,-0.22840821,-0.90916415,3.4500331,-0.02083616,0.93100551,-0.020492,80.0,-7.0,0.0,80.0,1.3962634,0.0,0.0,0.0,80.0,-7.0,0.0,80.0,1.3962634,0.0,0.0,0.0,-5.75370444,0.06501378,4.85006666,-0.74143337,-21.74058902,-7.47235508,24.61291282,0.0,-8.89467734,16.29840118,9.09397134,0.93772125,-5.81682776,1.91850429,0.0,7.1319818,3.69234676
1760624963.434,-0.23227207,-0.91058466,3.44587196,-0.02097305,0.93110698,-0.02084732,80.0,-7.0,0.0,80.0,1.3962634,0.0,0.0,0.0,80.0,-7.0,0.0,80.0,1.3962634,0.0,0.0,0.0,-5.80181381,0.07518712,4.91540285,-0.64852689,-21.82059436,-7.4766446,24.37118755,0.0,-8.67670174,16.37033076,9.10737953,0.97843329,-5.69856201,1.93843897,0.0,7.13636175,3.69038735
1760624963.468,-0.23519746,-0.91612013,3.46041314,-0.02072594,0.93135158,-0.02077514,80.0,-7.0,0.0,80.0,1.3962634,0.0,0.0,0.0,80.0,-7.0,0.0,80.0,1.3962634,0.0,0.0,0.0,-5.87269984,0.08529033,4.90781933,-0.56287277,-21.85892719,-7.32158096,24.40926642,0.0,-8.61066002,16.33437906,9.12184906,0.99139179,-5.5017701,1.93825549,0.0,7.13562006,3.68173671
1760624963.501,-0.23687349,-0.92293116,3.47339528,-0.02033563,0.93129934,-0.02062232,80.0,-7.0,0.0,80.0,1.3962634,0.0,0.0,0.0,80.0,-7.0,0.0,80.0,1.3962634,0.0,0.0,0.0,-5.88809938,0.08712786,4.88096676,-0.54070541,-21.87931166,-7.28725118,24.42441927,0.0,-8.58956832,16.32413298,9.1170716,0.9836786,-5.42783482,1.91618414,0.0,7.14225101,3.6777013
1760624963.535,-0.23405783,-0.92584673,3.47709003,-0.02103973,0.9309419,-0.02022175,80.0,-7.0,0.0,80.0,1.3962634,0.0,0.0,0.0,80.0,-7.0,0.0,80.0,1.3962634,0.0,0.0,0.0,-5.98239128,0.08475468,4.86434826,-0.41555204,-21.96517746,-7.23395869,24.33831471,0.0,-8.47048763,16.39195686,9.26078083,0.96601436,-5.33266845,1.83354698,0.0,7.14389347,3.65260247
1760624963.568,-0.229277,-0.92357609,3.47381185,-0.02112719,0.93085623,-0.02036402,80.0,-7.0,0.0,80.0,1.3962634,0.0,0.0,0.0,80.0,-7.0,0.0,80.0,1.3962634,0.0,0.0,0.0,-6.05429176,0.0819938,4.80633961,-0.41773787,-22.04395508,-7.22558668,24.36555268,0.0,-8.35231163,16.44459223,9.27806454,0.92237247,-5.27490311,1.8630706,0.0,7.15721144,3.67536219
1760624963.601,-0.23879807,-0.92379022,3.4725294,-0.02116746,0.93091142,-0.02067381,80.0,-7.0,0.0,80.0,1.3962634,0.0,0.0,0.0,80.0,-7.0,0.0,80.0,1.3962634,0.0,0.0,0.0,-6.04844633,0.09441885,4.83608085,-0.403905,-22.0853352,-7.16364645,24.38124114,0.0,-8.31980388,16.424988,9.28467278,0.90413879,-5.21942852,1.8544728,0.0,7.16320729,3.68251415
1760624963.635,-0.2317148,-0.92502761,3.46121928,-0.02104049,0.93097545,-0.02036809,80.0,-7.0,0.0,80.0,1.3962634,0.0,0.0,0.0,80.0,-7.0,0.0,80.0,1.3962634,0.0,0.0,0.0,-6.06957698,0.09720806,4.85954845,-0.39051888,-22.10697484,-7.09274603,24.39003965,0.0,-8.28901001,16.39334822,9.29035147,0.86054235,-5.17374202,1.83448982,0.0,7.15268114,3.64723915
1760624963.702,-0.23136747,-0.9234862,3.45446675,-0.02088749,0.93122918,-0.02005997,80.0,-7.0,0.0,80.0,1.3962634,0.0,0.0,0.0,80.0,-7.0,0.0,80.0,1.3962634,0.0,0.0,0.0,-6.08834989,0.0562434,4.88841159,-0.27797966,-22.02034542,-7.10009267,24.3294378,0.0,-8.31194371,16.37720189,9.31492556,0.78305446,-5.14479813,1.80005767,0.0,7.17001068,3.64303165
1760624963.735,-0.22736682,-0.92226342,3.46389787,-0.02055084,0.93133913,-0.02043081,80.0,-7.0,0.0,80.0,1.3962634,0.0,0.0,0.0,80.0,-7.0,0.0,80.0,1.3962634,0.0,0.0,0.0,-6.06720139,0.03901596,4.84375407,-0.3375443,-22.05622473,-7.1038808,24.2939993,0.0,-8.23060848,16.47327088,9.29566285,0.73385356,-5.12947489,1.77476192,0.0,7.17123156,3.63722324
1760624963.769,-0.22398022,-0.92836854,3.4661596,-0.01928613,0.93129432,-0.02140869,80.0,-7.0,0.0,80.0,1.3962634,0.0,0.0,0.0,80.0,-7.0,0.0,80.0,1.3962634,0.0,0.0,0.0,-5.96387326,0.07578958,4.90099326,-0.50524256,-22.07352433,-7.17477873,24.14392983,0.0,-8.03883103,16.51636823,9.22442689,0.74504986,-5.08629435,1.76170447,0.0,7.15549818,3.61252472
1760624963.802,-0.21453115,-0.92292129,3.47255368,-0.01903452,0.93125981,-0.02182709,80.0,-7.0,0.0,80.0,1.3962634,0.0,0.0,0.0,80.0,-7.0,0.0,80.0,1.3962634,0.0,0.0,0.0,-5.96372577,0.06452856,4.91000906,-0.59677012,-22.09201645,-7.03269849,24.17228782,0.0,-7.92525263,16.51841662,9.27952564,0.73078997,-5.07075626,1.74143232,0.0,7.13598056,3.57936193
1760624963.835,-0.20197915,-0.9207082,3.47833172,-0.01921504,0.93105812,-0.02199364,80.0,-7.0,0.0,80.0,1.3962634,0.0,0.0,0.0,80.0,-7.0,0.0,80.0,1.3962634,0.0,0.0,0.0,-5.90181965,0.05734454,4.89214739,-0.75337719,-22.1749656,-6.91880609,24.16573374,0.0,-7.80125574,16.59200733,9.31282585,0.7259176,-5.01016379,1.72725621,0.0,7.16238695,3.60103627
1760624963.869,-0.20073787,-0.92581474,3.48093993,-0.02021787,0.9309529,-0.02177307,80.0,-7.0,0.0,80.0,1.3962634,0.0,0.0,0.0,80.0,-7.0,0.0,80.0,1.3962634,0.0,0.0,0.0,-5.88706283,0.07761807,4.930084,-0.72319191,-22.11522777,-6.95713411,24.10946512,0.0,-7.82088816,16.49688564,9.31210438,0.72524701,-4.86759767,1.78623094,0.0,7.17405703,3.61192323
1760624963.902,-0.19613425,-0.9263094,3.48592432,-0.02125121,0.93081565,-0.02129365,80.0,-7.0,0.0,80.0,1.3962634,0.0,0.0,0.0,80.0,-7.0,0.0,80.0,1.3962634,0.0,0.0,0.0,-5.92249536,0.06805491,4.9660693,-0.69106523,-22.05268735,-6.9501625,24.08442948,0.0,-7.7709143,16.38585128,9.35963854,0.69853476,-4.80472301,1.85513486,0.0,7.18166823,3.58586041
1760624963.936,-0.1956513,-0.91683138,3.4842138,-0.02278238,0.93078206,-0.0206552,80.0,-7.0,0.0,80.0,1.3962634,0.0,0.0,0.0,80.0,-7.0,0.0,80.0,1.3962634,0.0,0.0,0.0,-6.03080788,0.04246641,4.9864157,-0.49529753,-21.98492923,-6.92015353,24.01260282,0.0,-7.72102924,16.26992532,9.51008305,0.65135137,-4.7152933,1.8607344,0.0,7.18219099,3.56620568
1760624963.969,-0.19469951,-0.9192342,3.48690906,-0.02417653,0.93069645,-0.0204394,80.0,-7.0,0.0,80.0,1.3962634,0.0,0.0,0.0,80.0,-7.0,0.0,80.0,1.3962634,0.0,0.0,0.0,-6.00736133,0.07193037,5.02175442,-0.38909339,-21.98542911,-6.89531517,23.96257569,0.0,-7.79332171,16.20031004,9.47528383,0.64629347,-4.60643062,1.86858571,0.0,7.16254782,3.54500715
1760624964.003,-0.18780551,-0.91147482,3.48226949,-0.02411651,0.93118748,-0.02059068,80.0,-7.0,0.0,80.0,1.3962634,0.0,0.0,0.0,80.0,-7.0,0.0,80.0,1.3962634,0.0,0.0,0.0,-6.02477087,0.06858225,4.95582667,-0.42889581,-22.02762086,-6.86892961,23.95269986,0.0,-7.70108593,16.21349199,9.50935436,0.61932867,-4.56782269,1.81189304,0.0,7.16542441,3.50318326
1760624964.036,-0.18515467,-0.90854903,3.46513197,-0.02363895,0.93156703,-0.02078889,80.0,-7.0,0.0,80.0,1.3962634,0.0,0.0,0.0,80.0,-7.0,0.0,80.0,1.3962634,0.0,0.0,0.0,-6.02852341,0.08675172,4.98339245,-0.56036685,-22.10399234,-7.02980908,23.84688102,0.0,-7.36953293,16.2952855,9.54000429,0.64535355,-4.52062265,1.76601934,0.0,7.21409338,3.55162137
1760624964.07,-0.1874706,-0.90569236,3.44924445,-0.02166539,0.93166015,-0.02128926,80.0,-7.0,0.0,80.0,1.3962634,0.0,0.0,0.0,80.0,-7.0,0.0,80.0,1.3962634,0.0,0.0,0.0,-5.90370993,0.09565254,4.98370867,-0.7208254,-22.03827663,-7.00484836,23.7922354,0.0,-7.25734196,16.23972664,9.42077211,0.64363557,-4.49222058,1.74799721,0.0,7.2144932,3.56676699
1760624964.103,-0.18893706,-0.90089014,3.44215191,-0.02061626,0.93162458,-0.02155472,80.0,-7.0,0.0,80.0,1.3962634,0.0,0.0,0.0,80.0,-7.0,0.0,80.0,1.3962634,0.0,0.0,0.0,-5.8281615,0.07660373,5.03832033,-0.89819694,-22.1126487,-7.01630993,23.72237395,0.0,-7.14265462,16.33966033,9.29216866,0.61399085,-4.37316127,1.76620768,0.0,7.1963241,3.5515237
1760624964.137,-0.18596572,-0.89506763,3.4397972,-0.02012657,0.9314663,-0.02182619,80.0,-7.0,0.0,80.0,1.3962634,0.0,0.0,0.0,80.0,-7.0,0.0,80.0,1.3962634,0.0,0.0,0.0,-5.79876845,0.06158378,5.01866153,-0.99260237,-22.18638678,-7.03821968,23.72980302,0.0,-7.03808361,16.41782222,9.25549494,0.60935294,-4.42262231,1.76417452,0.0,7.21173595,3.56956308
1760624964.17,-0.19229754,-0.89492865,3.43947666,-0.01978364,0.93156304,-0.02155279,80.0,-7.0,0.0,80.0,1.3962634,0.0,0.0,0.0,80.0,-7.0,0.0,80.0,1.3962634,0.0,0.0,0.0,-5.79673857,0.05683352,5.01477705,-1.00209173,-22.20514488,-7.02216723,23.73571929,0.0,-7.0255998,16.41620492,9.2616465,0.60122457,-4.39514399,1.77059994,0.0,7.22394789,3.57239078
1760624964.204,-0.19683124,-0.89063259,3.44714606,-0.02046197,0.93136864,-0.02108036,80.0,-7.0,0.0,80.0,1.3962634,0.0,0.0,0.0,80.0,-7.0,0.0,80.0,1.3962634,0.0,0.0,0.0,-5.78276813,0.01354803,5.06476627,-1.00128647,-22.14857006,-7.04812216,23.73667885,0.0,-7.03546965,16.36465508,9.24083719,0.56522186,-4.34464705,1.78774234,0.0,7.24908425,3.55517264
1760624964.237,-0.21748902,-0.88708941,3.4569264,-0.02169433,0.93156906,-0.01979887,80.0,-7.0,0.0,80.0,1.3962634,0.0,0.0,0.0,80.0,-7.0,0.0,80.0,1.3962634,0.0,0.0,0.0,-5.74476255,-0.06650202,5.06348835,-0.99264266,-21.97944263,-7.09481556,23.75917591,0.0,-7.05845013,16.24370982,9.27901617,0.47426199,-4.34915577,1.74270538,0.0,7.24487339,3.57733408
1760624964.27,-0.22123232,-0.8827408,3.4574685,-0.0223658,0.93185621,-0.01940753,80.0,-7.0,0.0,80.0,1.3962634,0.0,0.0,0.0,80.0,-7.0,0.0,80.0,1.3962634,0.0,0.0,0.0,-5.7109852,-0.12961357,5.02622651,-0.91618652,-21.8818257,-7.17931723,23.77593671,0.0,-7.18435911,16.19079544,9.3069779,0.39005483,-4.37280095,1.69018568,0.0,7.24766306,3.56342925
1760624964.304,-0.22529463,-0.88230139,3.45573085,-0.02340835,0.9321583,-0.01910809,80.0,-7.0,0.0,80.0,1.3962634,0.0,0.0,0.0,80.0,-7.0,0.0,80.0,1.3962634,0.0,0.0,0.0,-5.80417958,-0.17150415,5.0394514,-0.77486079,-21.7851523,-7.09727495,23.85114847,0.0,-7.31557385,16.06557793,9.40111023,0.33784678,-4.41315418,1.69453118,0.0,7.25857191,3.57321099
1760624964.337,-0.23318442,-0.8785267,3.44685903,-0.02380552,0.93245068,-0.01912837,80.0,-7.0,0.0,80.0,1.3962634,0.0,0.0,0.0,80.0,-7.0,0.0,80.0,1.3962634,0.0,0.0,0.0,-5.81188488,-0.20405563,4.99086415,-0.71006822,-21.70843622,-6.92985234,23.9453083,0.0,-7.3663589,15.94348285,9.43986828,0.27844008,-4.35785554,1.60356123,0.0,7.26229025,3.57249112
1760624964.371,-0.23962446,-0.88102983,3.43964782,-0.02386234,0.93259413,-0.01878799,80.0,-7.0,0.0,80.0,1.3962634,0.0,0.0,0.0,80.0,-7.0,0.0,80.0,1.3962634,0.0,0.0,0.0,-5.82967524,-0.23592921,4.98859076,-0.56730484,-21.6599269,-6.91784917,23.95303345,0.0,-7.48308206,15.90438623,9.42566228,0.23105878,-4.30057704,1.61329705,0.0,7.25534036,3.57765013
1760624964.404,-0.25680752,-0.8866882,3.44254282,-0.02438934,0.93246998,-0.01903788,80.0,-7.0,0.0,80.0,1.3962634,0.0,0.0,0.0,80.0,-7.0,0.0,80.0,1.3962634,0.0,0.0,0.0,-5.85205617,-0.24199579,4.95130321,-0.55929647,-21.66603399,-6.93715288,23.95117471,0.0,-7.48783271,15.91302924,9.43277667,0.21918389,-4.29453644,1.61314892,0.0,7.26013584,3.5895107
1760624964.437,-0.26401448,-0.89506499,3.43362247,-0.0251452,0.9323927,-0.01907046,80.0,-7.0,0.0,80.0,1.3962634,0.0,0.0,0.0,80.0,-7.0,0.0,80.0,1.3962634,0.0,0.0,0.0,-5.92272313,-0.27347842,4.90982205,-0.54794943,-21.67326169,-6.96464998,23.98375931,0.0,-7.44371427,15.95717605,9.47662115,0.19293737,-4.30895187,1.62485332,0.0,7.27878376,3.57721915
1760624964.471,-0.26903655,-0.89771409,3.42221999,-0.02489125,0.93214558,-0.01952106,80.0,-7.0,0.0,80.0,1.3962634,0.0,0.0,0.0,80.0,-7.0,0.0,80.0,1.3962634,0.0,0.0,0.0,-5.95175857,-0.2949812,4.90731168,-0.56295569,-21.69552552,-6.944631,24.00254299,0.0,-7.40139109,15.98978091,9.5328497,0.15701432,-4.3007193,1.60133049,0.0,7.26998679,3.60203817
1760624964.504,-0.27794269,-0.90207346,3.42959938,-0.02485183,0.93221785,-0.01987742,80.0,-7.0,0.0,80.0,1.3962634,0.0,0.0,0.0,80.0,-7.0,0.0,80.0,1.3962634,0.0,0.0,0.0,-5.95284987,-0.29891715,4.88260962,-0.55784696,-21.72555625,-6.91302202,24.01687452,0.0,-7.38004415,15.96785596,9.53026253,0.13801647,-4.21086026,1.5839927,0.0,7.28078376,3.59843817
1760624964.538,-0.29696261,-0.90724983,3.42284368,-0.02461472,0.93226891,-0.01988284,80.0,-7.0,0.0,80.0,1.3962634,0.0,0.0,0.0,80.0,-7.0,0.0,80.0,1.3962634,0.0,0.0,0.0,-5.94499127,-0.27792134,4.92304325,-0.538885,-21.69558407,-6.87549775,24.02168729,0.0,-7.3261844,15.85674662,9.55323897,0.14370418,-4.09118294,1.53459107,0.0,7.28336653,3.59720799
1760624964.572,-0.31399866,-0.91543625,3.42163371,-0.02467956,0.93218813,-0.01949089,80.0,-7.0,0.0,80.0,1.3962634,0.0,0.0,0.0,80.0,-7.0,0.0,80.0,1.3962634,0.0,0.0,0.0,-5.94359571,-0.26572753,4.8930971,-0.52454067,-21.69906101,-6.87815368,24.03780993,0.0,-7.30166696,15.85183183,9.54811137,0.11955126,-4.0437933,1.51902967,0.0,7.27894948,3.58609235
1760624964.605,-0.33189281,-0.91607418,3.41887892,-0.02459514,0.93222689,-0.01916554,80.0,-7.0,0.0,80.0,1.3962634,0.0,0.0,0.0,80.0,-7.0,0.0,80.0,1.3962634,0.0,0.0,0.0,-5.93931498,-0.3076834,4.90679217,-0.55908948,-21.65022873,-6.85670549,24.03641379,0.0,-7.22942882,15.82488166,9.62989477,0.05432023,-3.90807252,1.3987081,0.0,7.28365051,3.58430604
1760624964.638,-0.33346656,-0.91744346,3.41253114,-0.02425286,0.93226605,-0.0196174,80.0,-7.0,0.0,80.0,1.3962634,0.0,0.0,0.0,80.0,-7.0,0.0,80.0,1.3962634,0.0,0.0,0.0,-5.94734886,-0.28669802,4.93819552,-0.57921413,-21.66111412,-6.7946565,24.05296229,0.0,-7.17451444,15.79990929,9.63091571,0.06032902,-3.88874942,1.39341967,0.0,7.29537029,3.59166954
1760624964.672,-0.33277257,-0.92537214,3.4261955,-0.02418605,0.93227421,-0.02023812,80.0,-7.0,0.0,80.0,1.3962634,0.0,0.0,0.0,80.0,-7.0,0.0,80.0,1.3962634,0.0,0.0,0.0,-5.93451676,-0.19558032,4.95591007,-0.64151828,-21.71154876,-6.77263332,23.99236979,0.0,-7.02911111,15.77154443,9.59637812,0.11645602,-3.83021077,1.38307404,0.0,7.2837474,3.56497267
1760624964.705,-0.33765238,-0.92320931,3.42068797,-0.02401318,0.93225146,-0.02010385,80.0,-7.0,0.0,80.0,1.3962634,0.0,0.0,0.0,80.0,-7.0,0.0,80.0,1.3962634,0.0,0.0,0.0,-5.90760329,-0.17604532,4.99179992,-0.60339216,-21.66721494,-6.78482015,23.93124142,0.0,-7.01844562,15.70813299,9.55374905,0.11716255,-3.67250968,1.35099197,0.0,7.28755216,3.53195995
1760624964.739,-0.33208279,-0.92820351,3.42283455,-0.02391296,0.9322572,-0.02013327,80.0,-7.0,0.0,80.0,1.3962634,0.0,0.0,0.0,80.0,-7.0,0.0,80.0,1.3962634,0.0,0.0,0.0,-5.91219426,-0.16529457,5.00709953,-0.60829446,-21.65040293,-6.77703976,23.92769432,0.0,-6.98159732,15.69693399,9.55597092,0.12207894,-3.67580018,1.35266794,0.0,7.31184683,3.56162734
1760624964.772,-0.32729333,-0.93048532,3.42924112,-0.02351119,0.93229342,-0.02010153,80.0,-7.0,0.0,80.0,1.3962634,0.0,0.0,0.0,80.0,-7.0,0.0,80.0,1.3962634,0.0,0.0,0.0,-5.87438365,-0.16877633,5.06533243,-0.73961025,-21.60995446,-6.80166597,23.74067797,0.0,-6.72010138,15.71226336,9.53610703,0.14057372,-3.67685088,1.35759798,0.0,7.32474246,3.56149119
1760624964.806,-0.31844468,-0.93301718,3.44361225,-0.02361959,0.93221462,-0.02003189,80.0,-7.0,0.0,80.0,1.3962634,0.0,0.0,0.0,80.0,-7.0,0.0,80.0,1.3962634,0.0,0.0,0.0,-5.88673953,-0.18894744,5.03038664,-0.82229902,-21.607555,-6.71946812,23.75317891,0.0,-6.60028294,15.73506517,9.57258862,0.14029271,-3.72331509,1.33792826,0.0,7.33053918,3.56560043
1760624964.839,-0.30910837,-0.93469615,3.4472929,-0.02386362,0.93217556,-0.02024141,80.0,-7.0,0.0,80.0,1.3962634,0.0,0.0,0.0,80.0,-7.0,0.0,80.0,1.3962634,0.0,0.0,0.0,-5.88301177,-0.18548076,5.01610356,-0.8168995,-21.60085054,-6.75147288,23.74520069,0.0,-6.59422043,15.74219223,9.56344537,0.14274149,-3.73249846,1.33513693,0.0,7.32383594,3.55621277
1760624964.873,-0.30034189,-0.93587257,3.45587485,-0.02380612,0.93197961,-0.02101758,80.0,-7.0,0.0,80.0,1.3962634,0.0,0.0,0.0,80.0,-7.0,0.0,80.0,1.3962634,0.0,0.0,0.0,-5.83599078,-0.15791202,5.03368274,-0.90878118,-21.70827625,-6.82007708,23.65222718,0.0,-6.51609205,15.87413799,9.47156097,0.17093242,-3.66914251,1.3599547,0.0,7.32672322,3.53856341
1760624964.906,-0.28672549,-0.93590209,3.46368105,-0.02384221,0.93194899,-0.02119404,80.0,-7.0,0.0,80.0,1.3962634,0.0,0.0,0.0,80.0,-7.0,0.0,80.0,1.3962634,0.0,0.0,0.0,-5.85279031,-0.16233727,5.03135678,-0.92080675,-21.72119637,-6.781657,23.65787764,0.0,-6.48822827,15.88532848,9.4549429,0.17296025,-3.61172138,1.3652566,0.0,7.35367301,3.55877681
1760624964.939,-0.28389195,-0.93481262,3.45415274,-0.02345257,0.93194563,-0.02089262,80.0,-7.0,0.0,80.0,1.3962634,0.0,0.0,0.0,80.0,-7.0,0.0,80.0,1.3962634,0.0,0.0,0.0,-5.81169445,-0.19155379,5.07278165,-1.01422707,-21.74066396,-6.84021611,23.56451267,0.0,-6.35145658,15.95583436,9.34778038,0.14248174,-3.54437932,1.42717881,0.0,7.35124038,3.55403975
1760624964.973,-0.27110524,-0.94064372,3.44924567,-0.02383643,0.93182097,-0.02039915,80.0,-7.0,0.0,80.0,1.3962634,0.0,0.0,0.0,80.0,-7.0,0.0,80.0,1.3962634,0.0,0.0,0.0,-5.81449567,-0.1862219,5.08612177,-1.01142176,-21.71887142,-6.84369171,23.54070521,0.0,-6.35711586,15.93689045,9.34562288,0.14422981,-3.5464907,1.41842169,0.0,7.34098246,3.51945808
1760624965.006,-0.2652104,-0.93665194,3.438538,-0.02420973,0.93177912,-0.02015994,80.0,-7.0,0.0,80.0,1.3962634,0.0,0.0,0.0,80.0,-7.0,0.0,80.0,1.3962634,0.0,0.0,0.0,-5.76493353,-0.20187007,5.11458971,-1.00208356,-21.66190767,-6.8108026,23.46341785,0.0,-6.39157854,15.88661251,9.29745393,0.13587203,-3.473199,1.36805851,0.0,7.35975658,3.53752625
1760624965.04,-0.25665488,-0.93189517,3.43937397,-0.0243043,0.93167952,-0.02050226,80.0,-7.0,0.0,80.0,1.3962634,0.0,0.0,0.0,80.0,-7.0,0.0,80.0,1.3962634,0.0,0.0,0.0,-5.76165518,-0.21744458,5.13576436,-0.96059643,-21.67878726,-6.75819641,23.44688604,0.0,-6.41185082,15.88336115,9.26427499,0.12928112,-3.4236715,1.38448321,0.0,7.37698899,3.53421321
1760624965.107,-0.25643046,-0.93268821,3.44430596,-0.02453181,0.93128448,-0.02155891,80.0,-7.0,0.0,80.0,1.3962634,0.0,0.0,0.0,80.0,-7.0,0.0,80.0,1.3962634,0.0,0.0,0.0,-5.73413089,-0.19213851,5.11121477,-0.73594713,-21.77799943,-6.6641826,23.30917851,0.0,-6.54638306,15.96986656,9.16896566,0.16240717,-3.40143991,1.40279409,0.0,7.38564699,3.53147828
1760624965.174,-0.25268914,-0.93010366,3.44424278,-0.02493322,0.93084416,-0.02223448,80.0,-7.0,0.0,80.0,1.3962634,0.0,0.0,0.0,80.0,-7.0,0.0,80.0,1.3962634,0.0,0.0,0.0,-5.69194283,-0.18813653,5.11374846,-0.69582761,-21.85222902,-6.7819049,23.22912918,0.0,-6.5760812,16.06592845,9.14616706,0.19935973,-3.41205383,1.36944525,0.0,7.39371364,3.53163586
1760624965.207,-0.2481283,-0.93074061,3.4491026,-0.02510487,0.93102757,-0.0226148,80.0,-7.0,0.0,80.0,1.3962634,0.0,0.0,0.0,80.0,-7.0,0.0,80.0,1.3962634,0.0,0.0,0.0,-5.71281544,-0.15514319,5.09839435,-0.65804005,-21.99775147,-6.80390576,23.20648643,0.0,-6.55655325,16.20332459,9.19725457,0.25053067,-3.4412986,1.3157064,0.0,7.40077185,3.52167857
1760624965.241,-0.24813473,-0.92941916,3.44816667,-0.02605281,0.93096451,-0.02211739,80.0,-7.0,0.0,80.0,1.3962634,0.0,0.0,0.0,80.0,-7.0,0.0,80.0,1.3962634,0.0,0.0,0.0,-5.73384734,-0.16876151,5.10897256,-0.60039052,-22.01694816,-6.85645727,23.17151478,0.0,-6.59650438,16.25944066,9.20082011,0.24732266,-3.41909326,1.31980688,0.0,7.40755153,3.53196281
1760624965.274,-0.25864044,-0.94561355,3.46027314,-0.02640168,0.9308305,-0.02128241,80.0,-7.0,0.0,80.0,1.3962634,0.0,0.0,0.0,80.0,-7.0,0.0,80.0,1.3962634,0.0,0.0,0.0,-5.74172052,-0.16635517,5.09825062,-0.57203887,-22.00992205,-6.85508547,23.17920681,0.0,-6.59854163,16.2784594,9.19936911,0.23680952,-3.38339595,1.31453886,0.0,7.40736872,3.5293318
1760624965.307,-0.26183317,-0.94272487,3.45907015,-0.02628859,0.93103143,-0.02087369,80.0,-7.0,0.0,80.0,1.3962634,0.0,0.0,0.0,80.0,-7.0,0.0,80.0,1.3962634,0.0,0.0,0.0,-5.74711661,-0.17258523,5.14363908,-0.46311619,-21.88906912,-6.83605604,23.15993873,0.0,-6.63533881,16.16025375,9.22743891,0.24680084,-3.34096876,1.26988821,0.0,7.41883957,3.53904542
1760624965.341,-0.25976858,-0.93834757,3.46425381,-0.02603951,0.93179328,-0.02056271,80.0,-7.0,0.0,80.0,1.3962634,0.0,0.0,0.0,80.0,-7.0,0.0,80.0,1.3962634,0.0,0.0,0.0,-5.76391423,-0.19732046,5.09651152,-0.52402961,-21.84121498,-6.74716578,23.18477018,0.0,-6.56546033,16.1446253,9.31024215,0.22078895,-3.37108568,1.18708434,0.0,7.44061693,3.54845612
1760624965.374,-0.25401783,-0.9429136,3.46276906,-0.02554919,0.93172561,-0.02033962,80.0,-7.0,0.0,80.0,1.3962634,0.0,0.0,0.0,80.0,-7.0,0.0,80.0,1.3962634,0.0,0.0,0.0,-5.77518797,-0.19521008,5.1007065,-0.4532634,-21.69379384,-6.66035486,23.184268,0.0,-6.58682783,16.01214602,9.35232641,0.20847978,-3.33398892,1.12440594,0.0,7.42354241,3.53319733
1760624965.408,-0.25945489,-0.93720322,3.46290134,-0.02490243,0.93165416,-0.02088132,80.0,-7.0,0.0,80.0,1.3962634,0.0,0.0,0.0,80.0,-7.0,0.0,80.0,1.3962634,0.0,0.0,0.0,-5.79977566,-0.17388938,5.09802806,-0.36682528,-21.64553639,-6.61264146,23.20315078,0.0,-6.58768289,15.95764868,9.35634938,0.21972329,-3.24310168,1.10749505,0.0,7.40624582,3.50477986
1760624965.441,-0.26028557,-0.9416054,3.4610563,-0.02514244,0.93162381,-0.02089384,80.0,-7.0,0.0,80.0,1.3962634,0.0,0.0,0.0,80.0,-7.0,0.0,80.0,1.3962634,0.0,0.0,0.0,-5.75496352,-0.1612041,5.09850066,-0.36055645,-21.56008033,-6.52606116,23.17361546,0.0,-6.58899998,15.8839393,9.30664601,0.2055492,-3.12974918,1.06890803,0.0,7.42552961,3.52581209
1760624965.475,-0.26207882,-0.94507329,3.45420678,-0.0250571,0.93144408,-0.020748,80.0,-7.0,0.0,80.0,1.3962634,0.0,0.0,0.0,80.0,-7.0,0.0,80.0,1.3962634,0.0,0.0,0.0,-5.78660933,-0.15791128,5.1069129,-0.31940478,-21.57492637,-6.46881203,23.19342427,0.0,-6.59064651,15.9164551,9.30604261,0.18673781,-3.07026282,1.06732743,0.0,7.44354649,3.52423613
1760624965.508,-0.25623695,-0.94131292,3.45317104,-0.02548058,0.93138636,-0.02076529,80.0,-7.0,0.0,80.0,1.3962634,0.0,0.0,0.0,80.0,-7.0,0.0,80.0,1.3962634,0.0,0.0,0.0,-5.86494647,-0.14763907,5.06221927,-0.11093484,-21.53631756,-6.32724645,23.15708839,0.0,-6.64162055,15.87479222,9.41269596,0.19589712,-3.12641164,1.01423094,0.0,7.43471972,3.49514797
1760624965.542,-0.25515426,-0.94293545,3.45891881,-0.02576828,0.93153842,-0.02096382,80.0,-7.0,0.0,80.0,1.3962634,0.0,0.0,0.0,80.0,-7.0,0.0,80.0,1.3962634,0.0,0.0,0.0,-5.8005898,-0.10815612,5.03737991,-0.2273642,-21.57312308,-6.26853392,23.13144227,0.0,-6.58197748,15.91465823,9.40107691,0.22504322,-3.14497441,0.94071855,0.0,7.44980182,3.50281466
1760624965.575,-0.25245737,-0.94247972,3.4574008,-0.02547602,0.93181713,-0.02120052,80.0,-7.0,0.0,80.0,1.3962634,0.0,0.0,0.0,80.0,-7.0,0.0,80.0,1.3962634,0.0,0.0,0.0,-5.82427473,-0.07635105,5.08381632,-0.21748951,-21.59230885,-6.20562965,23.12820862,0.0,-6.57997584,15.91740598,9.37528408,0.24499179,-3.09568304,0.97254849,0.0,7.47214381,3.50419055
1760624965.608,-0.24858821,-0.94362018,3.45349336,-0.02534995,0.93216876,-0.02128756,80.0,-7.0,0.0,80.0,1.3962634,0.0,0.0,0.0,80.0,-7.0,0.0,80.0,1.3962634,0.0,0.0,0.0,-5.82444885,-0.02816504,5.11018032,-0.19738352,-21.59676687,-6.18519837,23.11754504,0.0,-6.56943923,15.87839109,9.35263072,0.27803106,-3.08324143,0.97289081,0.0,7.48555864,3.49666996
1760624965.642,-0.25700274,-0.94902933,3.45554619,-0.02552565,0.93196836,-0.02085191,80.0,-7.0,0.0,80.0,1.3962634,0.0,0.0,0.0,80.0,-7.0,0.0,80.0,1.3962634,0.0,0.0,0.0,-5.84112389,-0.01764782,5.11641924,-0.20614112,-21.61296407,-6.15810993,23.12241495,0.0,-6.54798539,15.89210286,9.35725198,0.26334782,-3.07363248,0.98243876,0.0,7.47637063,3.47001007
1760624965.675,-0.26179358,-0.947852,3.45834397,-0.0258083,0.9318044,-0.02073569,80.0,-7.0,0.0,80.0,1.3962634,0.0,0.0,0.0,80.0,-7.0,0.0,80.0,1.3962634,0.0,0.0,0.0,-5.83501778,0.00024222,5.13110491,-0.24723846,-21.63274268,-6.07186262,23.08594006,0.0,-6.54378887,15.89870836,9.3323091,0.25008995,-2.98862661,0.95690024,0.0,7.50040087,3.49112022
1760624965.709,-0.26497707,-0.94048469,3.45721125,-0.02642228,0.93148266,-0.02108307,80.0,-7.0,0.0,80.0,1.3962634,0.0,0.0,0.0,80.0,-7.0,0.0,80.0,1.3962634,0.0,0.0,0.0,-5.89562954,0.02766567,5.11378161,-0.27966682,-21.65831872,-6.07316736,23.07626054,0.0,-6.4416079,15.88784512,9.34095735,0.26462888,-3.00125248,0.99963973,0.0,7.49491305,3.46768138
1760624965.776,-0.28039186,-0.93843195,3.46020117,-0.02717931,0.93125436,-0.02173853,80.0,-7.0,0.0,80.0,1.3962634,0.0,0.0,0.0,80.0,-7.0,0.0,80.0,1.3962634,0.0,0.0,0.0,-5.9254283,0.12353629,5.14537441,-0.31390301,-21.8177862,-6.07542555,22.97823909,0.0,-6.29762045,15.95696144,9.26608783,0.32630241,-2.83963102,1.02674127,0.0,7.51283763,3.4581707
1760624965.809,-0.28675258,-0.92962287,3.46656055,-0.02724545,0.93114315,-0.02159125,80.0,-7.0,0.0,80.0,1.3962634,0.0,0.0,0.0,80.0,-7.0,0.0,80.0,1.3962634,0.0,0.0,0.0,-5.91783683,0.11976661,5.1353601,-0.2913819,-21.83417328,-6.06070965,22.98793001,0.0,-6.27702583,15.95848036,9.2437097,0.32599859,-2.78046071,1.01855758,0.0,7.52326024,3.46519662
1760624965.843,-0.28862281,-0.92816223,3.45759546,-0.0279756,0.93112709,-0.02142743,80.0,-7.0,0.0,80.0,1.3962634,0.0,0.0,0.0,80.0,-7.0,0.0,80.0,1.3962634,0.0,0.0,0.0,-5.832884,0.1315331,5.21662926,-0.44316085,-21.88510077,-6.12623402,22.75637721,0.0,-5.95993955,16.03876046,9.09085971,0.33872308,-2.67699472,1.06063788,0.0,7.51983832,3.44632012
1760624965.876,-0.29436433,-0.92627289,3.4739688,-0.02823247,0.9312508,-0.02138532,80.0,-7.0,0.0,80.0,1.3962634,0.0,0.0,0.0,80.0,-7.0,0.0,80.0,1.3962634,0.0,0.0,0.0,-5.89472575,0.13968944,5.19413594,-0.39013066,-21.87698993,-6.06227305,22.77406787,0.0,-5.91129853,15.96814675,9.12399973,0.34298895,-2.58477574,1.06748424,0.0,7.52569085,3.44036543
1760624965.91,-0.28750289,-0.92352579,3.46209052,-0.02866888,0.93146554,-0.02161676,80.0,-7.0,0.0,80.0,1.3962634,0.0,0.0,0.0,80.0,-7.0,0.0,80.0,1.3962634,0.0,0.0,0.0,-5.95546327,0.13595147,5.17015991,-0.35907083,-21.92293885,-6.03380436,22.78060645,0.0,-5.82917611,15.99507011,9.15943757,0.33688695,-2.56000073,1.06032291,0.0,7.53923544,3.4671375
1760624965.943,-0.28665397,-0.92023073,3.46892966,-0.0286227,0.93143754,-0.02169046,80.0,-7.0,0.0,80.0,1.3962634,0.0,0.0,0.0,80.0,-7.0,0.0,80.0,1.3962634,0.0,0.0,0.0,-5.91924536,0.15719301,5.17278071,-0.35903048,-21.88214924,-6.02607049,22.73247548,0.0,-5.81091901,15.91877003,9.12600256,0.36273912,-2.49920501,1.01830152,0.0,7.52228215,3.42828153
1760624965.976,-0.28696586,-0.9226134,3.47479327,-0.02842621,0.93132007,-0.02142305,80.0,-7.0,0.0,80.0,1.3962634,0.0,0.0,0.0,80.0,-7.0,0.0,80.0,1.3962634,0.0,0.0,0.0,-5.91978716,0.17317975,5.18301538,-0.46373098,-21.78725008,-5.97385121,22.67650395,0.0,-5.66009623,15.79961483,9.10587462,0.38133921,-2.45289841,0.97156876,0.0,7.53347771,3.42690878
1760624966.01,-0.28827485,-0.92518088,3.47689719,-0.02884329,0.93126839,-0.02118402,80.0,-7.0,0.0,80.0,1.3962634,0.0,0.0,0.0,80.0,-7.0,0.0,80.0,1.3962634,0.0,0.0,0.0,-6.00624647,0.15770248,5.20917485,-0.38280225,-21.76761718,-5.99042073,22.65055076,0.0,-5.6742159,15.78715034,9.10003427,0.36974471,-2.43951101,1.02208424,0.0,7.54577445,3.44850769
1760624966.043,-0.28284255,-0.9209348,3.48596822,-0.0298092,0.93134588,-0.02112985,80.0,-7.0,0.0,80.0,1.3962634,0.0,0.0,0.0,80.0,-7.0,0.0,80.0,1.3962634,0.0,0.0,0.0,-6.08178708,0.1456389,5.18942187,-0.31506916,-21.8258078,-5.99904828,22.63691889,0.0,-5.72028382,15.86375163,9.11818419,0.35033815,-2.41340257,1.00484849,0.0,7.53038654,3.42947321
1760624966.077,-0.27547708,-0.91988614,3.47914859,-0.03032554,0.93142004,-0.02120067,80.0,-7.0,0.0,80.0,1.3962634,0.0,0.0,0.0,80.0,-7.0,0.0,80.0,1.3962634,0.0,0.0,0.0,-6.18963988,0.18776031,5.22468642,-0.21006928,-21.83394702,-5.96765525,22.61425859,0.0,-5.81511327,15.83637501,9.13406485,0.36346113,-2.33379048,0.95931732,0.0,7.53248622,3.41519815
1760624966.11,-0.28725681,-0.92394134,3.48292897,-0.03028298,0.93152962,-0.02114469,80.0,-7.0,0.0,80.0,1.3962634,0.0,0.0,0.0,80.0,-7.0,0.0,80.0,1.3962634,0.0,0.0,0.0,-6.23085852,0.20038944,5.22578778,-0.19908307,-21.83753136,-5.93739018,22.60982623,0.0,-5.84061381,15.84187868,9.12533767,0.33956878,-2.29274237,0.93495731,0.0,7.54486023,3.418524
1760624966.144,-0.29160585,-0.91801855,3.47122749,-0.03052707,0.93166133,-0.020825,80.0,-7.0,0.0,80.0,1.3962634,0.0,0.0,0.0,80.0,-7.0,0.0,80.0,1.3962634,0.0,0.0,0.0,-6.32587074,0.18082666,5.24171676,-0.07424432,-21.8315278,-5.85235664,22.62002595,0.0,-5.94521065,15.83920365,9.20550683,0.30718514,-2.25292112,0.88626303,0.0,7.55135858,3.42179979
1760624966.177,-0.31230508,-0.91390968,3.47407444,-0.03023327,0.9319585,-0.02082785,80.0,-7.0,0.0,80.0,1.3962634,0.0,0.0,0.0,80.0,-7.0,0.0,80.0,1.3962634,0.0,0.0,0.0,-6.34787314,0.18831047,5.24545727,-0.08779711,-21.84136985,-5.83881069,22.60564322,0.00810179,-5.9613157,15.83221123,9.20624177,0.28790352,-2.24936616,0.88049431,0.0,7.55237644,3.41412802
1760624966.21,-0.32555159,-0.91197088,3.46490593,-0.03005638,0.93233705,-0.02067245,80.0,-7.0,0.0,80.0,1.3962634,0.0,0.0,0.0,80.0,-7.0,0.0,80.0,1.3962634,0.0,0.0,0.0,-6.36564032,0.1491813,5.21118295,-0.08060332,-21.8701497,-5.79583541,22.62943332,0.0,-5.96968431,15.87584142,9.25630887,0.24339492,-2.25283052,0.84510842,0.0,7.54479881,3.40865759
1760624966.244,-0.34089761,-0.90995834,3.46675348,-0.0297295,0.93233605,-0.02064586,80.0,-7.0,0.0,80.0,1.3962634,0.0,0.0,0.0,80.0,-7.0,0.0,80.0,1.3962634,0.0,0.0,0.0,-6.37800974,0.12873961,5.19206524,-0.05239009,-21.93079341,-5.74983387,22.64441087,0.0,-5.99665178,15.89997332,9.2975759,0.21599886,-2.19556172,0.83108014,0.0,7.55090762,3.40905374
1760624966.277,-0.35710252,-0.91228791,3.47814401,-0.03015805,0.93213243,-0.02045543,80.0,-7.0,0.0,80.0,1.3962634,0.0,0.0,0.0,80.0,-7.0,0.0,80.0,1.3962634,0.0,0.0,0.0,-6.46555057,0.12604621,5.19076095,0.06784216,-21.91708751,-5.69604593,22.6822028,0.0,-6.0237754,15.7918691,9.36520366,0.22647692,-2.12574809,0.89395074,0.0,7.55851695,3.40877854
1760624966.311,-0.36889961,-0.90852953,3.47381364,-0.02950437,0.93214731,-0.02039061,80.0,-7.0,0.0,80.0,1.3962634,0.0,0.0,0.0,80.0,-7.0,0.0,80.0,1.3962634,0.0,0.0,0.0,-6.6541217,0.09496498,5.16002999,0.33807316,-21.90393636,-5.54368459,22.72682532,0.0,-6.06117786,15.70051813,9.5905155,0.22023458,-2.12617301,0.90578039,0.0,7.55628034,3.3994741
1760624966.344,-0.37960605,-0.90917688,3.46719361,-0.02911665,0.93212267,-0.02050657,80.0,-7.0,0.0,80.0,1.3962634,0.0,0.0,0.0,80.0,-7.0,0.0,80.0,1.3962634,0.0,0.0,0.0,-6.7510568,0.09607797,5.15146584,0.39598362,-21.92966903,-5.42202805,22.77286667,0.0,-6.0007091,15.6330372,9.65958403,0.24063765,-2.05805866,0.97653428,0.0,7.56483101,3.39994135
1760624966.378,-0.39203195,-0.90929259,3.47388277,-0.02882282,0.93221609,-0.02083076,80.0,-7.0,0.0,80.0,1.3962634,0.0,0.0,0.0,80.0,-7.0,0.0,80.0,1.3962634,0.0,0.0,0.0,-6.8732235,0.10648862,5.13408524,0.51965895,-21.99889089,-5.34869559,22.83046331,0.0,-5.93495814,15.56076124,9.73360535,0.26365052,-1.94164339,1.07851634,0.0,7.58106397,3.40874942
1760624966.412,-0.39393263,-0.90714881,3.46249031,-0.0293588,0.93218205,-0.02097535,80.0,-7.0,0.0,80.0,1.3962634,0.0,0.0,0.0,80.0,-7.0,0.0,80.0,1.3962634,0.0,0.0,0.0,-6.97292006,0.1062137,5.12164322,0.63830301,-22.09918583,-5.3108051,22.8455724,0.0,-5.89196538,15.57952648,9.77448509,0.26719207,-1.83431024,1.16608876,0.0,7.57222211,3.3863077
1760624966.445,-0.39249589,-0.90290061,3.46352982,-0.02966256,0.93240369,-0.02104353,80.0,-7.0,0.0,80.0,1.3962634,0.0,0.0,0.0,80.0,-7.0,0.0,80.0,1.3962634,0.0,0.0,0.0,-7.05717169,0.11209221,5.11835137,0.72934622,-22.12209455,-5.27626938,22.85853371,0.0,-5.81768215,15.50702782,9.83652958,0.28459022,-1.7807501,1.23885401,0.0,7.58180916,3.36249887
1760624966.478,-0.3975851,-0.90259042,3.46096536,-0.02979178,0.93252166,-0.02104901,80.0,-7.0,0.0,80.0,1.3962634,0.0,0.0,0.0,80.0,-7.0,0.0,80.0,1.3962634,0.0,0.0,0.0,-7.18896885,0.13886771,5.08848686,1.07496214,-22.31519912,-5.16088956,22.76857739,0.0,-5.85330564,15.61876435,10.02506524,0.32455524,-1.79254495,1.19521425,0.0,7.5940926,3.35690422
1760624966.512,-0.39972757,-0.89626697,3.46183175,-0.03019429,0.93213472,-0.02014201,80.0,-7.0,0.0,80.0,1.3962634,0.0,0.0,0.0,80.0,-7.0,0.0,80.0,1.3962634,0.0,0.0,0.0,-7.15352273,0.09500588,5.05378736,1.23172958,-22.30796641,-4.88204043,22.15655562,0.0,-5.3330408,15.71078334,9.95433761,0.257765,-1.71267609,1.21928658,0.0,7.59138699,3.32946535
1760624966.545,-0.40368555,-0.89534833,3.4662737,-0.03065228,0.93190845,-0.01997895,80.0,-7.0,0.0,80.0,1.3962634,0.0,0.0,0.0,80.0,-7.0,0.0,80.0,1.3962634,0.0,0.0,0.0,-7.21309769,0.08754394,5.01098252,1.18532226,-22.41398583,-4.76860194,22.21364569,0.02953785,-5.19802104,15.79048808,9.98567044,0.21441357,-1.64666864,1.21531326,0.0,7.57949874,3.35128444
1760624966.612,-0.40544209,-0.90177808,3.46854398,-0.03126707,0.93201818,-0.02055974,80.0,-7.0,0.0,80.0,1.3962634,0.0,0.0,0.0,80.0,-7.0,0.0,80.0,1.3962634,0.0,0.0,0.0,-7.16139227,0.1508662,5.02417326,0.92719335,-22.6559672,-4.75619816,22.09753789,0.0,-4.94604604,15.97674899,9.89443618,0.20173042,-1.56564193,1.19495172,0.0,7.60821327,3.34388672
1760624966.645,-0.40360392,-0.90238113,3.4618744,-0.03185488,0.93212594,-0.02080289,80.0,-7.0,0.0,80.0,1.3962634,0.0,0.0,0.0,80.0,-7.0,0.0,80.0,1.3962634,0.0,0.0,0.0,-7.20195809,0.13897405,5.06488363,0.96591111,-22.67082967,-4.69565521,22.08224984,0.0,-4.96136552,15.98602308,9.88191422,0.12956388,-1.48460245,1.19472593,0.0,7.61626897,3.3203953
1760624966.679,-0.4051984,-0.90620163,3.46374027,-0.03186655,0.93176503,-0.02064335,80.0,-7.0,0.0,80.0,1.3962634,0.0,0.0,0.0,80.0,-7.0,0.0,80.0,1.3962634,0.0,0.0,0.0,-7.21618732,0.12406997,5.06807249,0.97704325,-22.71576444,-4.64217434,22.06685593,0.0,-4.96127574,16.03566508,9.86009853,0.05351438,-1.4148599,1.18741903,0.0,7.61010175,3.31539509
1760624966.712,-0.41392551,-0.91142097,3.47002508,-0.03158097,0.93154685,-0.02004576,80.0,-7.0,0.0,80.0,1.3962634,0.0,0.0,0.0,80.0,-7.0,0.0,80.0,1.3962634,0.0,0.0,0.0,-7.20011379,0.09685555,5.0676915,0.93918673,-22.71071371,-4.58677773,22.0655466,0.0,-4.91641299,16.048467,9.83838634,-0.02686783,-1.36211931,1.15153873,0.0,7.59901449,3.30746611
1760624966.746,-0.42928702,-0.91861129,3.47931337,-0.03143954,0.93152944,-0.0198015,80.0,-7.0,0.0,80.0,1.3962634,0.0,0.0,0.0,80.0,-7.0,0.0,80.0,1.3962634,0.0,0.0,0.0,-7.25502614,0.08882436,5.07891193,0.89847061,-22.72636175,-4.50946061,22.09253795,0.0,-4.80358943,16.04194922,9.86895666,-0.07554989,-1.36019987,1.13965479,0.0,7.61098799,3.29324282
1760624966.779,-0.44377356,-0.9267589,3.48422173,-0.03170417,0.9316673,-0.01977639,80.0,-7.0,0.0,80.0,1.3962634,0.0,0.0,0.0,80.0,-7.0,0.0,80.0,1.3962634,0.0,0.0,0.0,-7.22785002,0.10197822,5.08960244,0.83297787,-22.68789219,-4.39534546,22.10213069,0.0,-4.71136634,15.96389673,9.86367429,-0.09110146,-1.29694785,1.09345792,0.0,7.62450268,3.29697419
1760624966.813,-0.44465801,-0.92761332,3.49009269,-0.03228438,0.93177364,-0.01994242,80.0,-7.0,0.0,80.0,1.3962634,0.0,0.0,0.0,80.0,-7.0,0.0,80.0,1.3962634,0.0,0.0,0.0,-7.22022713,0.10241415,5.06534965,0.68562092,-22.71178575,-4.36050013,22.11407365,0.0,-4.54981602,15.98531783,9.85681494,-0.12001669,-1.21989951,1.04363556,0.0,7.64310281,3.32035319
1760624966.846,-0.45491385,-0.93569765,3.48908083,-0.03219094,0.93201942,-0.01942379,80.0,-7.0,0.0,80.0,1.3962634,0.0,0.0,0.0,80.0,-7.0,0.0,80.0,1.3962634,0.0,0.0,0.0,-7.16817702,0.07111633,5.16080739,0.43771617,-22.58536083,-4.41774773,22.03509047,0.0,-4.30076057,15.91516076,9.76283039,-0.17354282,-1.09337598,1.04455633,0.0,7.64713624,3.30444457
1760624966.88,-0.45524741,-0.9444467,3.49748355,-0.03176846,0.93185478,-0.01925711,80.0,-7.0,0.0,80.0,1.3962634,0.0,0.0,0.0,80.0,-7.0,0.0,80.0,1.3962634,0.0,0.0,0.0,-7.19562224,0.06973063,5.16728893,0.4379558,-22.62142734,-4.37549891,22.03968011,0.0,-4.28780441,15.9671747,9.73954329,-0.19412953,-1.02243891,1.02927741,0.0,7.6663976,3.31157352
1760624966.913,-0.45610062,-0.95447946,3.50851399,-0.03238157,0.93188187,-0.01956083,80.0,-7.0,0.0,80.0,1.3962634,0.0,0.0,0.0,80.0,-7.0,0.0,80.0,1.3962634,0.0,0.0,0.0,-7.25552841,0.08497243,5.16336869,0.4594911,-22.66162167,-4.39931494,22.04814018,0.0,-4.26603813,16.01645602,9.70079142,-0.20103791,-1.00219809,1.06371508,0.0,7.68987887,3.32939511
1760624966.947,-0.48674923,-0.96306049,3.51625119,-0.03283925,0.93193898,-0.01991131,80.0,-7.0,0.0,80.0,1.3962634,0.0,0.0,0.0,80.0,-7.0,0.0,80.0,1.3962634,0.0,0.0,0.0,-7.29682806,0.08834547,5.16905752,0.45999101,-22.66135277,-4.34908497,22.06982928,0.04453743,-4.25003861,16.02990875,9.66576511,-0.20187528,-0.95026397,1.03840568,0.0,7.68447949,3.33554
1760624966.98,-0.48372588,-0.97743542,3.51928621,-0.03239854,0.93225828,-0.02034324,80.0,-7.0,0.0,80.0,1.3962634,0.0,0.0,0.0,80.0,-7.0,0.0,80.0,1.3962634,0.0,0.0,0.0,-7.30639044,0.11016582,5.1591439,0.228247,-22.71159949,-4.29106933,22.08344531,0.0,-4.10021149,16.06523504,9.56217456,-0.21129431,-0.90582839,1.00143348,0.0,7.69033447,3.3366204
1760624967.013,-0.4973905,-0.99258843,3.5122934,-0.03018503,0.9323019,-0.0207377,80.0,-7.0,0.0,80.0,1.3962634,0.0,0.0,0.0,80.0,-7.0,0.0,80.0,1.3962634,0.0,0.0,0.0,-7.34759428,0.12914114,5.2237602,0.30269365,-22.74558128,-4.23973035,22.09629625,0.0,-4.20496882,16.06917611,9.47294196,-0.20405543,-0.75122536,0.95354758,0.0,7.6998987,3.3493079
1760624967.047,-0.51633801,-1.01370855,3.51591862,-0.02960135,0.93255088,-0.02059034,80.0,-7.0,0.0,80.0,1.3962634,0.0,0.0,0.0,80.0,-7.0,0.0,80.0,1.3962634,0.0,0.0,0.0,-7.58008056,0.14835169,5.26629089,0.45201314,-22.79982513,-4.10256164,22.19248122,0.06114818,-4.27820936,16.06532774,9.39050914,-0.22032494,-0.56453323,0.99984912,0.0,7.69972848,3.35192395
1760624967.08,-0.52376635,-1.02934167,3.52314723,-0.03125706,0.93286237,-0.02050782,80.0,-7.0,0.0,80.0,1.3962634,0.0,0.0,0.0,80.0,-7.0,0.0,80.0,1.3962634,0.0,0.0,0.0,-7.83044505,0.15813285,5.19452176,0.68262279,-22.83211279,-3.84844344,22.41055644,0.02999632,-4.49439929,16.00110409,9.42678165,-0.24148079,-0.50013552,0.95266192,0.0,7.7093714,3.36572841
1760624967.114,-0.55636693,-1.04217458,3.52620887,-0.03221828,0.93294717,-0.0205139,80.0,-7.0,0.0,80.0,1.3962634,0.0,0.0,0.0,80.0,-7.0,0.0,80.0,1.3962634,0.0,0.0,0.0,-8.12956334,0.18473768,5.18577972,0.9510107,-22.92504087,-3.65750713,22.55622671,0.0,-4.65144106,15.98231202,9.42323273,-0.24521648,-0.37872544,1.01272081,0.0,7.72497238,3.37609873
1760624967.147,-0.60905641,-1.06302858,3.5251368,-0.03364461,0.93285231,-0.02020954,80.0,-7.0,0.0,80.0,1.3962634,0.0,0.0,0.0,80.0,-7.0,0.0,80.0,1.3962634,0.0,0.0,0.0,-8.54196578,0.19593479,5.16689958,1.26942985,-23.01467595,-3.34457795,22.72939435,0.13163572,-4.79583463,15.97964426,9.46583252,-0.28070006,-0.24323537,1.04469331,0.0,7.74249219,3.3924201
1760624967.181,-0.65134487,-1.07815076,3.53331127,-0.03420564,0.93215982,-0.01965027,80.0,-7.0,0.0,80.0,1.3962634,0.0,0.0,0.0,80.0,-7.0,0.0,80.0,1.3962634,0.0,0.0,0.0,-8.84169593,0.21687502,5.17094793,1.33669555,-23.03673395,-3.15684905,22.84943543,0.30675154,-4.67213381,15.91376739,9.44992894,-0.30483251,-0.13803133,1.09468818,0.0,7.75610984,3.3804092
1760624967.214,-0.69657404,-1.10075278,3.5230831,-0.03469772,0.93149793,-0.01946963,80.0,-7.0,0.0,80.0,1.3962634,0.0,0.0,0.0,80.0,-7.0,0.0,80.0,1.3962634,0.0,0.0,0.0,-9.22700736,0.23087631,5.17733816,1.53567194,-23.10504323,-2.93135869,22.99755756,0.47458372,-4.4580542,15.85108852,9.53352546,-0.35065004,-0.03794374,1.12510253,0.0,7.76816059,3.4026957
1760624967.247,-0.84084099,-1.13447602,3.50428575,-0.0339308,0.93094394,-0.02006418,80.0,-7.0,0.0,80.0,1.3962634,0.0,0.0,0.0,80.0,-7.0,0.0,80.0,1.3962634,0.0,0.0,0.0,-9.5005659,0.30120941,5.2132087,1.38462683,-23.19123635,-2.73840124,23.14331664,0.68453796,-3.71961065,15.74312635,9.44530529,-0.39848418,0.16693494,1.06454287,0.0,7.79674367,3.45280959
1760624967.281,-1.0286722,-1.15688174,3.48479346,-0.03296639,0.93055969,-0.02093879,80.0,-7.0,0.0,80.0,1.3962634,0.0,0.0,0.0,80.0,-7.0,0.0,80.0,1.3962634,0.0,0.0,0.0,-9.72616652,0.39079098,5.28483709,1.34122428,-23.3204814,-2.5561904,23.07103538,0.88757384,-3.07351955,15.70487571,9.4447112,-0.40474571,0.32932422,0.97201476,0.0,7.78618988,3.4334771
1760624967.314,-1.22901972,-1.18851807,3.49553811,-0.03336852,0.93071406,-0.02139424,80.0,-7.0,0.0,80.0,1.3962634,0.0,0.0,0.0,80.0,-7.0,0.0,80.0,1.3962634,0.0,0.0,0.0,-10.23847693,0.43621656,5.25537698,1.72890881,-23.45692434,-2.3841632,23.24713885,1.0935796,-2.77669423,15.68746918,9.58633855,-0.49827309,0.46600374,1.02271151,0.0,7.78672068,3.43792504
1760624967.348,-1.56328507,-1.25268415,3.4716259,-0.03379051,0.93117078,-0.02174592,80.0,-7.0,0.0,80.0,1.3962634,0.0,0.0,0.0,80.0,-7.0,0.0,80.0,1.3962634,0.0,0.0,0.0,-10.81712087,0.55495448,5.27171322,2.09849842,-23.68751437,-2.19943211,23.49594443,1.34103267,-2.42331486,15.75361345,9.59681388,-0.62062663,0.72076279,1.20311115,0.0,7.82864516,3.4987565
1760624967.381,-1.86791592,-1.29722431,3.43627734,-0.03399677,0.93184204,-0.02207284,80.0,-7.0,0.0,80.0,1.3962634,0.0,0.0,0.0,80.0,-7.0,0.0,80.0,1.3962634,0.0,0.0,0.0,-11.54988718,0.65080811,5.29539317,2.84168623,-23.90413867,-2.17066526,23.78189567,1.42491463,-2.5202121,15.79804901,9.89227888,-0.69633612,0.8811998,1.29258488,0.0,7.87772529,3.5451927
1760624967.415,-2.24888394,-1.34891859,3.44780444,-0.03426993,0.93233492,-0.02243532,80.0,-7.0,0.0,80.0,1.3962634,0.0,0.0,0.0,80.0,-7.0,0.0,80.0,1.3962634,0.0,0.0,0.0,-12.3768045,0.78941733,5.30588739,3.26786712,-24.15530677,-2.28169343,24.17432852,1.4464415,-2.23415361,15.78306238,9.99159759,-0.84550043,1.07390335,1.35113474,0.0,7.9491028,3.599658
1760624967.448,-2.56478668,-1.40841978,3.48319988,-0.03266989,0.93296866,-0.02298983,80.0,-7.0,0.0,80.0,1.3962634,0.0,0.0,0.0,80.0,-7.0,0.0,80.0,1.3962634,0.0,0.0,0.0,-13.27653615,0.94879909,5.35326336,3.89206889,-24.49981407,-2.27221319,24.59251429,1.63212294,-2.04252453,15.8736953,10.27159334,-0.94603767,1.31110532,1.35415274,0.0,8.00608409,3.68291794
1760624967.482,-3.03366511,-1.49798234,3.53749946,-0.03076545,0.9335527,-0.02401648,80.0,-7.0,0.0,80.0,1.3962634,0.0,0.0,0.0,80.0,-7.0,0.0,80.0,1.3962634,0.0,0.0,0.0,-14.00526609,1.14888325,5.38432391,4.30432152,-24.83362709,-2.20503743,24.98727935,1.95723804,-1.74216818,15.98177872,10.37824945,-1.08020735,1.54328985,1.42339406,0.0,8.06996508,3.74645858
1760624967.515,-3.84440187,-1.62431476,3.63536023,-0.02901851,0.93392715,-0.02446902,80.0,-7.0,0.0,80.0,1.3962634,0.0,0.0,0.0,80.0,-7.0,0.0,80.0,1.3962634,0.0,0.0,0.0,-14.84397294,1.41809683,5.46912898,4.39697654,-24.34900086,-7.09210472,26.23230158,7.49379884,-2.23942064,17.03270756,10.34383185,-1.34964501,2.08053581,1.51303814,0.0,8.13875051,3.8305866
1760624967.548,-4.65744662,-1.71102317,3.7416875,-0.02730302,0.93427252,-0.0246539,80.0,-7.0,0.0,80.0,1.3962634,0.0,0.0,0.0,80.0,-7.0,0.0,80.0,1.3962634,0.0,0.0,0.0,-15.31332234,1.60114054,5.49738743,4.76805479,-24.70157282,-6.60018142,26.63774411,8.18137173,-2.24251679,17.23505221,10.23497891,-1.59653971,2.44038214,1.6085031,0.0,8.23224124,3.9001139
1760624967.582,-6.09056586,-1.87987459,3.90124369,-0.02548982,0.93350013,-0.02446869,80.0,-7.0,0.0,80.0,1.3962634,0.0,0.0,0.0,80.0,-7.0,0.0,80.0,1.3962634,0.0,0.0,0.0,-15.16347763,1.83891339,5.60992684,4.58274335,-24.17896691,-11.50485227,27.85196166,14.17159072,-2.91169079,18.80158873,10.07694389,-1.83500841,2.85171057,1.64959789,0.0,8.2935607,3.95917659
1760624967.616,-8.66211519,-2.29514002,4.26713596,-0.02238208,0.93189634,-0.02465886,80.0,-7.0,0.0,80.0,1.3962634,0.0,0.0,0.0,80.0,-7.0,0.0,80.0,1.3962634,0.0,0.0,0.0,-14.30632212,2.39645808,5.8213055,3.97540904,-24.16264664,-14.43464895,29.04569045,18.5399202,-3.07251975,20.04292839,9.98454422,-2.0010663,3.37803419,1.49266751,0.0,8.30622124,3.95530629
1760624967.649,-10.54918948,-2.58223613,4.44657647,-0.01703627,0.93106579,-0.02542681,80.0,-7.0,0.0,80.0,1.3962634,0.0,0.0,0.0,80.0,-7.0,0.0,80.0,1.3962634,0.0,0.0,0.0,-14.16866357,2.87057593,6.03234912,4.22360185,-24.38816661,-16.43693157,29.35360063,22.42166439,-2.8460449,21.08681943,10.19404822,-1.95457275,3.62480231,1.61409517,0.0,8.39127052,3.97907201
1760624967.682,-12.19400859,-2.73836144,4.43799893,-0.01148648,0.93215366,-0.02517555,80.0,-7.0,0.0,80.0,1.3962634,0.0,0.0,0.0,80.0,-7.0,0.0,80.0,1.3962634,0.0,0.0,0.0,-13.8585809,3.0959479,6.44047239,4.13430475,-24.47841182,-17.84034712,29.28649904,25.52618454,-2.2741231,21.62997351,10.14737406,-1.96440535,4.08589189,1.71711781,0.0,8.49887982,4.0268922
1760624967.716,-14.0473055,-2.7490163,4.20170222,-0.00600248,0.93519606,-0.02499621,80.0,-7.0,0.0,80.0,1.3962634,0.0,0.0,0.0,80.0,-7.0,0.0,80.0,1.3962634,0.0,0.0,0.0,-13.86193852,3.01410494,7.0241958,4.48991965,-24.96590361,-17.36598881,29.707112,26.26901229,-1.98532544,21.72670241,10.38615578,-2.08708771,4.66061281,1.95285817,0.0,8.59150571,4.07632028
1760624967.749,-15.51703174,-2.654696,4.01216258,-0.00624856,0.9350665,-0.02384763,80.0,-7.0,0.0,80.0,1.3962634,0.0,0.0,0.0,80.0,-7.0,0.0,80.0,1.3962634,0.0,0.0,0.0,-12.62907088,2.71631932,7.57777717,2.66777915,-23.55401281,-22.21456393,29.31018776,31.60080859,0.14027231,21.95204681,9.77078413,-2.2818592,5.12122487,2.10064144,0.0,8.71075636,4.10450419
1760624967.783,-17.08690484,-2.59258671,3.9632112,-0.0016878,0.94094378,-0.02330494,80.0,-7.0,0.0,80.0,1.3962634,0.0,0.0,0.0,80.0,-7.0,0.0,80.0,1.3962634,0.0,0.0,0.0,-12.16411717,2.52495638,7.85440107,2.78276914,-23.66365709,-22.22005498,29.35887689,31.70481427,0.80847052,21.62976172,9.93560314,-2.35509966,5.43851927,2.42255665,0.0,8.85336293,4.20750775
1760624967.816,-19.22623622,-2.65751516,4.0961251,-0.0007875,0.94860567,-0.02306918,80.0,-7.0,0.0,80.0,1.3962634,0.0,0.0,0.0,80.0,-7.0,0.0,80.0,1.3962634,0.0,0.0,0.0,-11.65957141,2.51858255,7.85853287,3.65423929,-23.85938745,-22.56010139,29.69458436,31.35909603,1.19879572,21.55931012,10.60439717,-2.28339311,5.72079271,2.71740866,0.0,8.94230655,4.29599299
1760624967.85,-20.70903391,-2.77481684,4.29767072,0.00173525,0.95694667,-0.02359582,80.0,-7.0,0.0,80.0,1.3962634,0.0,0.0,0.0,80.0,-7.0,0.0,80.0,1.3962634,0.0,0.0,0.0,-11.59453267,2.61183509,7.7971466,4.84529876,-24.22017391,-22.77856865,29.95060044,31.06941233,1.16300491,21.77336595,11.26026263,-2.17610451,5.95312501,3.09054345,0.0,9.03249013,4.31396418
1760624967.883,-22.03697814,-2.90642564,4.50172168,0.00835573,0.96596818,-0.02509229,80.0,-7.0,0.0,80.0,1.3962634,0.0,0.0,0.0,80.0,-7.0,0.0,80.0,1.3962634,0.0,0.0,0.0,-12.28231203,2.79951414,7.5072268,7.39229663,-25.60526927,-20.19752862,30.01332425,28.35315444,0.52793395,21.88987957,12.44721967,-1.97218618,5.91830922,3.66675464,0.0,9.11112387,4.36758542
1760624967.917,-23.6299502,-3.09272809,4.68341872,0.01372655,0.97209157,-0.02573702,80.0,-7.0,0.0,80.0,1.3962634,0.0,0.0,0.0,80.0,-7.0,0.0,80.0,1.3962634,0.0,0.0,0.0,-11.35560226,2.85008798,7.43651411,7.99200987,-25.96421806,-20.47676473,29.96695816,27.84878269,0.5278037,22.36106565,12.70087215,-1.94655145,6.48197996,3.98701346,0.0,9.16307943,4.42473303
1760624967.95,-24.70567508,-3.16308924,4.7838467,0.02255916,0.97914981,-0.02614874,80.0,-7.0,0.0,80.0,1.3962634,0.0,0.0,0.0,80.0,-7.0,0.0,80.0,1.3962634,0.0,0.0,0.0,-11.01681535,2.8826631,7.23058397,8.38484665,-26.35838769,-20.55581512,30.06965294,27.58045149,0.68914487,22.70450291,13.21864592,-1.86574422,6.70919585,4.23656659,0.0,9.16680209,4.45174932
1760624967.983,-25.72914663,-3.19309937,4.8572334,0.02969303,0.98559079,-0.02662194,80.0,-7.0,0.0,80.0,1.3962634,0.0,0.0,0.0,80.0,-7.0,0.0,80.0,1.3962634,0.0,0.0,0.0,-9.70793691,2.76700003,7.09980227,8.20556327,-26.36419665,-19.97854964,29.32562059,27.26317729,1.27476857,22.52208163,13.09317643,-1.87625719,6.96207207,4.25534743,0.0,9.16441162,4.48872266
1760624968.017,-26.72494322,-3.18124246,4.83422007,0.03681136,0.99015993,-0.02581294,80.0,-7.0,0.0,80.0,1.3962634,0.0,0.0,0.0,80.0,-7.0,0.0,80.0,1.3962634,0.0,0.0,0.0,-7.54841147,2.4371743,7.20913369,7.02904893,-25.87880101,-19.82262572,28.74725352,27.21677997,2.00506796,22.29392381,12.36824229,-2.06169756,7.5010931,4.22795918,0.0,9.13481093,4.44832113
1760624968.05,-27.23502632,-3.1191995,4.77606345,0.04954127,0.9989842,-0.02449612,80.0,-7.0,0.0,80.0,1.3962634,0.0,0.0,0.0,80.0,-7.0,0.0,80.0,1.3962634,0.0,0.0,0.0,-7.46271741,2.37497613,6.91478382,7.04397778,-25.67288899,-19.52744923,29.00435319,27.43503683,2.56058314,22.14303709,12.80354238,-2.04589967,7.3753621,4.63485558,0.0,9.12691007,4.39422354
1760624968.084,-27.61998566,-3.04565865,4.7984648,0.05852908,1.00625571,-0.02360313,80.0,-7.0,0.0,80.0,1.3962634,0.0,0.0,0.0,80.0,-7.0,0.0,80.0,1.3962634,0.0,0.0,0.0,-6.57814375,2.16212291,6.73991409,6.67966381,-25.19886951,-18.96957666,28.40686297,27.90737948,3.40243023,21.70187911,12.62841123,-2.19197724,7.59240102,4.85752406,0.0,9.11941938,4.39766955
1760624968.117,-27.97476651,-3.01452046,5.058487,0.06743435,1.01176679,-0.02371073,80.0,-7.0,0.0,80.0,1.3962634,0.0,0.0,0.0,80.0,-7.0,0.0,80.0,1.3962634,0.0,0.0,0.0,-4.72874308,1.96635598,6.45858091,4.86338048,-24.56167449,-18.33058424,28.28464347,28.69969354,4.22475877,20.9324282,12.12284407,-2.29459459,7.8697626,4.84780301,0.0,9.08606975,4.37094918
1760624968.151,-28.14119259,-3.16601165,5.46003736,0.07469421,1.01689343,-0.02571862,80.0,-7.0,0.0,80.0,1.3962634,0.0,0.0,0.0,80.0,-7.0,0.0,80.0,1.3962634,0.0,0.0,0.0,-3.17470679,2.00376597,6.28161996,3.08610756,-24.06584089,-17.90793954,28.40254649,29.26727023,4.70022083,20.10109732,11.62619948,-2.27909781,8.1077482,4.87594165,0.0,9.09186162,4.34793263
1760624968.184,-28.04386339,-3.54555573,6.00509215,0.08308943,1.02272365,-0.0273363,80.0,-7.0,0.0,80.0,1.3962634,0.0,0.0,0.0,80.0,-7.0,0.0,80.0,1.3962634,0.0,0.0,0.0,-1.52142765,2.34195778,6.07928802,0.27293609,-23.73581224,-17.61054517,28.56570706,29.99191865,5.73705736,18.97614164,10.84895202,-2.18435341,8.42103384,4.94207821,0.0,9.10225652,4.32292479
1760624968.218,-27.35542421,-4.22317705,6.98768761,0.0930106,1.02900771,-0.02863567,80.0,-7.0,0.0,80.0,1.3962634,0.0,0.0,0.0,80.0,-7.0,0.0,80.0,1.3962634,0.0,0.0,0.0,-0.21746324,2.92911725,5.74467996,-2.03450726,-23.60844171,-17.00204169,28.51222319,31.2460422,6.4595074,17.64093878,10.23264436,-2.07267545,9.05182333,5.13360879,0.0,9.15129865,4.327896
1760624968.251,-26.58461651,-4.75819801,7.88140213,0.10192379,1.03496587,-0.02905432,80.0,-7.0,0.0,80.0,1.3962634,0.0,0.0,0.0,80.0,-7.0,0.0,80.0,1.3962634,0.0,0.0,0.0,0.68609775,3.37948123,5.49670132,-4.09432608,-22.90162344,-18.06303713,28.89578568,34.09738576,6.76059663,16.44965601,9.86507285,-1.91538494,9.56324841,5.1977864,0.0,9.17412168,4.33554738
1760624968.285,-25.86253147,-5.50897173,9.31740693,0.10808579,1.03883294,-0.03005772,80.0,-7.0,0.0,80.0,1.3962634,0.0,0.0,0.0,80.0,-7.0,0.0,80.0,1.3962634,0.0,0.0,0.0,2.93699143,3.73330495,5.10919102,-6.61477218,-22.91091009,-16.39829222,28.58402342,36.81756923,6.89286517,14.16932574,8.86093888,-1.81192189,10.50304879,5.14014628,0.0,9.17292247,4.37244597
1760624968.351,-24.24415393,-6.42714924,11.57433246,0.12680813,1.04097945,-0.03464365,80.0,-7.0,0.0,80.0,1.3962634,0.0,0.0,0.0,80.0,-7.0,0.0,80.0,1.3962634,0.0,0.0,0.0,5.26287607,4.1674997,4.44345224,-10.64107825,-22.2583954,-17.89357912,28.21162591,45.5103054,7.09620385,10.28137535,7.65532037,-1.61109527,12.4452369,4.59945024,0.0,9.16775661,4.42277142
1760624968.385,-22.94769382,-6.23269385,12.65479229,0.13067364,1.04115693,-0.03708196,80.0,-7.0,0.0,80.0,1.3962634,0.0,0.0,0.0,80.0,-7.0,0.0,80.0,1.3962634,0.0,0.0,0.0,5.51006656,3.61259923,4.2227241,-11.88238362,-21.96217932,-19.19817414,28.46457616,52.85915157,6.28881521,7.77141508,7.38763514,-1.77461216,12.91709624,4.49506616,0.0,9.16017307,4.44681517
1760624968.418,-22.3782567,-5.52821704,13.59630175,0.13930088,1.04041876,-0.04215034,80.0,-7.0,0.0,80.0,1.3962634,0.0,0.0,0.0,80.0,-7.0,0.0,80.0,1.3962634,0.0,0.0,0.0,6.31569684,2.42342112,4.30373017,-12.95623338,-21.84592886,-20.00176718,28.65045311,58.35964355,5.32716026,6.08820598,6.83880816,-2.08136795,13.27855446,4.447323,0.0,9.09346706,4.35569951
1760624968.452,-22.08364144,-4.89940634,14.4652798,0.14752902,1.0393452,-0.04733745,80.0,-7.0,0.0,80.0,1.3962634,0.0,0.0,0.0,80.0,-7.0,0.0,80.0,1.3962634,0.0,0.0,0.0,6.67366182,1.46058829,4.23468979,-14.30799676,-21.61936555,-21.69256765,30.22447282,65.11915825,4.4043308,4.61872642,6.72590539,-2.25718251,13.22241495,4.51212796,0.0,9.00674756,4.19931085
1760624968.485,-21.51232573,-4.53667814,15.20008458,0.1510577,1.03975939,-0.05035252,80.0,-7.0,0.0,80.0,1.3962634,0.0,0.0,0.0,80.0,-7.0,0.0,80.0,1.3962634,0.0,0.0,0.0,6.94861384,0.7660239,4.4222975,-15.27690663,-21.04674904,-25.24844403,31.76496855,76.25557918,3.70796616,2.35719027,6.34455471,-2.49758334,13.00723624,4.71473438,0.0,8.9856047,4.1401159
1760624968.519,-21.2034411,-4.3327942,15.47797641,0.15335155,1.0403523,-0.05355997,80.0,-7.0,0.0,80.0,1.3962634,0.0,0.0,0.0,80.0,-7.0,0.0,80.0,1.3962634,0.0,0.0,0.0,7.52411433,0.32389607,4.89011253,-16.10758977,-21.08243435,-28.15457359,34.20854571,83.93374158,3.10947809,1.85383865,5.73653073,-2.68581984,13.17523053,4.63850185,0.0,8.98031938,4.19665061
1760624968.552,-20.82143619,-4.27834267,15.88824161,0.15800318,1.04078812,-0.05758519,80.0,-7.0,0.0,80.0,1.3962634,0.0,0.0,0.0,80.0,-7.0,0.0,80.0,1.3962634,0.0,0.0,0.0,7.726883,0.29450748,5.01297959,-16.68777907,-21.34383628,-29.49242458,36.67541652,89.69947485,1.90549043,0.94131636,5.33934793,-2.68667164,13.2143461,4.51582953,0.0,8.92402436,4.1376418
1760624968.585,-20.13790366,-4.86646144,17.02389174,0.16155215,1.04172205,-0.06182011,80.0,-7.0,0.0,80.0,1.3962634,0.0,0.0,0.0,80.0,-7.0,0.0,80.0,1.3962634,0.0,0.0,0.0,8.38243146,0.71025657,4.62731101,-18.2518132,-21.604513,-30.19112172,39.67930834,94.73579434,-0.0972961,-0.82614318,4.42923573,-2.78715647,13.08511674,4.21449153,0.0,8.87168736,4.10994013
1760624968.619,-19.48203734,-5.53153464,17.99300777,0.16539119,1.04294926,-0.0656594,80.0,-7.0,0.0,80.0,1.3962634,0.0,0.0,0.0,80.0,-7.0,0.0,80.0,1.3962634,0.0,0.0,0.0,8.54332184,1.38723875,4.19222239,-19.05964775,-22.45787708,-30.60020458,42.52534188,97.13954519,-1.28001336,-1.22067962,4.00309128,-2.74208949,13.04121971,3.76977346,0.0,8.84222295,4.12440974
1760624968.652,-18.82695876,-6.01981869,18.92813925,0.16657703,1.04429189,-0.06770947,80.0,-7.0,0.0,80.0,1.3962634,0.0,0.0,0.0,80.0,-7.0,0.0,80.0,1.3962634,0.0,0.0,0.0,8.22135137,1.73186998,3.86396594,-20.17666037,-22.84468796,-30.27869606,45.04261986,98.39331639,-2.98882213,-2.54410849,3.95596207,-2.93651428,12.92816565,3.41034844,0.0,8.76365166,4.02179092
1760624968.686,-18.33273238,-6.3587115,20.4647169,0.17200952,1.04368947,-0.06953954,80.0,-7.0,0.0,80.0,1.3962634,0.0,0.0,0.0,80.0,-7.0,0.0,80.0,1.3962634,0.0,0.0,0.0,8.24495746,1.73681071,3.47571082,-21.06945873,-23.07687215,-29.9589413,45.89011929,99.59742022,-5.71015989,-5.81594906,3.94993654,-3.18794165,12.54751332,3.11827526,0.0,8.66008042,3.88944341
1760624968.719,-18.00465683,-6.55190834,21.79192174,0.17642376,1.04332592,-0.0698081,80.0,-7.0,0.0,80.0,1.3962634,0.0,0.0,0.0,80.0,-7.0,0.0,80.0,1.3962634,0.0,0.0,0.0,8.88904066,1.31072378,3.56854285,-23.41582419,-22.98091852,-29.06150857,46.62503526,98.12374697,-8.25234628,-8.86527438,3.70409931,-3.6429316,12.02801422,2.96466991,0.45554757,8.63679567,3.84452799
1760624968.753,-17.5874431,-6.83041409,23.19100679,0.18303297,1.04133468,-0.06849575,80.0,-7.0,0.0,80.0,1.3962634,0.0,0.0,0.0,80.0,-7.0,0.0,80.0,1.3962634,0.0,0.0,0.0,8.92399509,0.99936329,3.7828438,-24.40987773,-23.25889688,-28.99222653,46.30478868,96.95109803,-9.60513645,-11.82479381,4.0498477,-4.06058735,11.13487508,3.0650248,1.13082473,8.63298423,3.81826974
1760624968.786,-16.76453602,-7.41308604,25.19738964,0.18519565,1.04091065,-0.06804052,80.0,-7.0,0.0,80.0,1.3962634,0.0,0.0,0.0,80.0,-7.0,0.0,80.0,1.3962634,0.0,0.0,0.0,8.4435253,1.1155557,3.85088985,-26.27276324,-23.42466098,-30.62258277,47.0576722,96.55509064,-10.6834829,-15.0290192,4.87030485,-4.26715335,9.90518915,3.20355423,1.82531626,8.66760008,3.77803428
1760624968.82,-16.07281183,-7.95147443,26.8947835,0.1990175,1.03601532,-0.0643066,80.0,-7.0,0.0,80.0,1.3962634,0.0,0.0,0.0,80.0,-7.0,0.0,80.0,1.3962634,0.0,0.0,0.0,8.2755771,1.03301073,3.85198856,-27.6310014,-24.08550585,-31.94923721,46.96242666,95.88064202,-10.76646705,-17.27777509,5.15750327,-4.66272977,10.04563389,3.20193381,1.57493156,8.62161041,3.72155388
1760624968.853,-15.45301227,-8.60239119,28.80225758,0.21319805,1.03048341,-0.06028767,80.0,-7.0,0.0,80.0,1.3962634,0.0,0.0,0.0,80.0,-7.0,0.0,80.0,1.3962634,0.0,0.0,0.0,8.24058483,0.76578446,3.62928735,-28.35937897,-24.28114001,-32.77278076,46.77577961,95.23807451,-10.99322286,-19.00903765,5.38859167,-5.172552,10.91292081,3.04803846,0.66967148,8.54657125,3.66585206
1760624968.887,-14.73064576,-9.77890668,31.40500973,0.21710643,1.0287159,-0.06058903,80.0,-7.0,0.0,80.0,1.3962634,0.0,0.0,0.0,80.0,-7.0,0.0,80.0,1.3962634,0.0,0.0,0.0,8.70044147,0.82708951,2.99092285,-29.83584775,-24.3406444,-33.22213679,46.43397854,93.81329257,-11.87121829,-21.63488778,5.41113414,-5.50040761,11.29218401,2.76259516,0.0,8.4798055,3.68491777
1760624968.92,-13.70329784,-10.57819786,32.97812302,0.22597617,1.02270844,-0.05611918,80.0,-7.0,0.0,80.0,1.3962634,0.0,0.0,0.0,80.0,-7.0,0.0,80.0,1.3962634,0.0,0.0,0.0,8.95292464,0.2489556,3.03879292,-30.63858593,-23.84800947,-32.68449866,45.70552315,92.29517122,-12.85132511,-23.46102714,5.07798465,-6.57851238,11.35041124,2.54528206,0.0,8.4755303,3.71207565
1760624968.954,-12.41818381,-10.91126979,34.01248233,0.23543692,1.0191926,-0.05221987,80.0,-7.0,0.0,80.0,1.3962634,0.0,0.0,0.0,80.0,-7.0,0.0,80.0,1.3962634,0.0,0.0,0.0,7.76733436,0.16387325,3.14152312,-31.24643095,-23.78990326,-33.43421103,47.11108876,91.62699474,-13.50162494,-23.84662789,5.3525143,-7.12506687,11.35684014,2.33008645,0.0,8.51280289,3.75955353
1760624968.987,-11.6836599,-10.99233437,35.00188426,0.24550106,1.0135858,-0.04919701,80.0,-7.0,0.0,80.0,1.3962634,0.0,0.0,0.0,80.0,-7.0,0.0,80.0,1.3962634,0.0,0.0,0.0,7.10642915,-0.10294842,3.54243959,-30.97469759,-24.4305177,-34.74214872,46.75684729,91.57495408,-14.17140394,-24.99999983,5.16095996,-7.54376913,12.02054269,1.89701385,0.0,8.54891015,3.88610736
1760624969.02,-11.2744268,-10.7594816,35.89997074,0.24720423,1.01237588,-0.04784977,80.0,-7.0,0.0,80.0,1.3962634,0.0,0.0,0.0,80.0,-7.0,0.0,80.0,1.3962634,0.0,0.0,0.0,6.68686053,-0.81117301,3.75443829,-30.22182168,-25.4459958,-38.20872845,47.98860368,93.93411347,-13.00917012,-23.04225007,5.23302215,-8.08853047,12.43482452,1.31781797,0.0,8.53551281,3.82733381
1760624969.054,-10.36232837,-10.29961385,36.44952827,0.25663352,1.00884924,-0.0399839,80.0,-7.0,0.0,80.0,1.3962634,0.0,0.0,0.0,80.0,-7.0,0.0,80.0,1.3962634,0.0,0.0,0.0,4.97288816,-1.27916865,4.17854402,-28.79350678,-26.57235377,-39.67406571,49.25321984,95.20629026,-13.40500501,-21.31848615,5.87912638,-8.77808407,12.13232848,1.17917513,0.0,8.54176962,3.74820514
1760624969.087,-9.37929607,-9.97438777,37.33881015,0.25934151,1.00825686,-0.03689979,80.0,-7.0,0.0,80.0,1.3962634,0.0,0.0,0.0,80.0,-7.0,0.0,80.0,1.3962634,0.0,0.0,0.0,3.40032923,-1.57135253,4.66148381,-28.5315134,-27.35239692,-40.97897692,49.28255195,96.16150536,-14.98411146,-21.92550123,6.589543,-9.58996792,12.06204302,0.91263037,0.0,8.54094692,3.67497865
1760624969.121,-9.14400534,-10.15303976,38.60841578,0.26592345,1.00399845,-0.03266798,80.0,-7.0,0.0,80.0,1.3962634,0.0,0.0,0.0,80.0,-7.0,0.0,80.0,1.3962634,0.0,0.0,0.0,2.91697945,-1.78708424,4.52098346,-28.59923659,-28.22463366,-41.99904284,50.01801615,96.56319454,-15.91399844,-21.26996047,7.09222797,-10.22718822,12.41959579,0.68553676,0.0,8.51755543,3.53490301
1760624969.154,-8.9347918,-10.26817785,39.81914674,0.27133634,0.99968226,-0.02997137,80.0,-7.0,0.0,80.0,1.3962634,0.0,0.0,0.0,80.0,-7.0,0.0,80.0,1.3962634,0.0,0.0,0.0,2.90961881,-2.35754335,4.42762267,-28.37579931,-29.15547877,-44.19674972,50.78426534,98.18862207,-15.48058592,-19.47045856,7.18638918,-11.16790185,12.61956526,0.41233028,0.0,8.5223351,3.42982782
1760624969.188,-8.5464917,-10.08384319,41.19380957,0.27956264,0.99647599,-0.02775247,80.0,-7.0,0.0,80.0,1.3962634,0.0,0.0,0.0,80.0,-7.0,0.0,80.0,1.3962634,0.0,0.0,0.0,1.6273588,-2.72917958,4.41788546,-29.05548643,-29.89249533,-45.36560956,51.008694,98.04952083,-16.79091766,-19.63161861,8.08451235,-11.85381238,12.55457853,0.22796371,0.0,8.53698211,3.43169877
1760624969.221,-8.31469288,-9.93991977,42.00825914,0.28644554,0.99260082,-0.02480304,80.0,-7.0,0.0,80.0,1.3962634,0.0,0.0,0.0,80.0,-7.0,0.0,80.0,1.3962634,0.0,0.0,0.0,1.03440269,-3.37423105,4.83758176,-27.99527311,-32.10388314,-48.55510472,52.26938409,100.41443827,-14.88973801,-15.62142949,8.43767768,-12.76355657,12.68584007,0.19422577,0.0,8.52526375,3.39245103
1760624969.255,-8.25168305,-9.96466016,43.07288597,0.29350429,0.98825899,-0.01995403,80.0,-7.0,0.0,80.0,1.3962634,0.0,0.0,0.0,80.0,-7.0,0.0,80.0,1.3962634,0.0,0.0,0.0,0.40208597,-3.87981428,5.01429253,-25.99338095,-35.58520675,-48.42792049,50.86405474,100.4578036,-15.02872011,-13.03631342,8.97953703,-13.58113225,12.3787107,0.04887977,0.0,8.49768462,3.31981733
1760624969.288,-8.32322563,-10.0263653,43.98984607,0.2986921,0.98522035,-0.01559479,80.0,-7.0,0.0,80.0,1.3962634,0.0,0.0,0.0,80.0,-7.0,0.0,80.0,1.3962634,0.0,0.0,0.0,0.13698193,-4.68203163,5.16295007,-25.63439496,-37.8553905,-47.68889616,50.18645913,99.62358921,-15.54818363,-11.07513937,9.25670302,-14.49535701,12.24208409,0.0,0.0,8.46377202,3.29019493
1760624969.321,-8.26622816,-10.01853043,44.90440847,0.30398281,0.98307926,-0.00916791,80.0,-7.0,0.0,80.0,1.3962634,0.0,0.0,0.0,80.0,-7.0,0.0,80.0,1.3962634,0.0,0.0,0.0,-0.62770486,-5.144471,5.21510859,-24.88384948,-39.57488461,-48.28775658,45.47565422,99.59234769,-15.30404102,-13.35584662,9.69028149,-15.11528123,12.0499469,0.0,0.0,8.4432451,3.24051027
1760624969.355,-8.18106536,-10.13710175,45.96066721,0.30872028,0.98021494,-0.00510877,80.0,-7.0,0.0,80.0,1.3962634,0.0,0.0,0.0,80.0,-7.0,0.0,80.0,1.3962634,0.0,0.0,0.0,-1.32352475,-5.52516994,5.52259049,-25.95135517,-41.14465792,-47.72172655,42.64808908,97.24799803,-16.62074518,-14.68935212,9.5103657,-16.06275202,11.91141245,0.43060173,0.0,8.45846072,3.29941847
1760624969.388,-8.43592648,-10.3288919,46.40311378,0.31461461,0.9778992,-0.00032093,80.0,-7.0,0.0,80.0,1.3962634,0.0,0.0,0.0,80.0,-7.0,0.0,80.0,1.3962634,0.0,0.0,0.0,-1.54109677,-6.05713073,5.90032065,-25.53124602,-42.26464771,-48.17234612,41.83819398,98.0392306,-17.36224921,-13.23735957,9.36687394,-16.85603098,11.91428286,0.70175061,0.0,8.43200316,3.3066878
1760624969.422,-8.57975412,-10.15221061,46.64595103,0.31618608,0.97717384,0.0022238,80.0,-7.0,0.0,80.0,1.3962634,0.0,0.0,0.0,80.0,-7.0,0.0,80.0,1.3962634,0.0,0.0,0.0,-2.07781283,-6.64273257,6.4282767,-23.24387232,-43.35406766,-51.97534307,41.37738592,103.70238195,-16.25374101,-9.99025332,9.55552248,-17.41098657,12.05760489,0.60959552,0.0,8.42568795,3.29388792
1760624969.455,-8.56403366,-9.67160951,47.24513617,0.31695744,0.97814386,0.00347731,80.0,-7.0,0.0,80.0,1.3962634,0.0,0.0,0.0,80.0,-7.0,0.0,80.0,1.3962634,0.0,0.0,0.0,-3.44303083,-6.88303684,6.35907548,-23.01517378,-43.41589927,-51.6703316,41.78277519,104.90843959,-19.01743281,-7.92119706,10.25209672,-17.54712429,11.69315813,0.33762962,0.0,8.37050873,3.17642415
1760624969.489,-8.78991101,-9.69008857,47.68399591,0.32293155,0.97513001,0.01228872,80.0,-7.0,0.0,80.0,1.3962634,0.0,0.0,0.0,80.0,-7.0,0.0,80.0,1.3962634,0.0,0.0,0.0,-3.98211232,-7.31036346,6.70550832,-21.99702034,-44.27724625,-51.08272061,41.25265648,105.79449605,-20.05490688,-5.58150004,10.11324675,-18.43100708,11.79514496,1.08365355,0.0,8.37044965,3.1831561
1760624969.522,-8.84887964,-9.57929196,48.04458105,0.3307116,0.97253917,0.0183413,80.0,-7.0,0.0,80.0,1.3962634,0.0,0.0,0.0,80.0,-7.0,0.0,80.0,1.3962634,0.0,0.0,0.0,-4.38493783,-7.76574009,6.99335092,-21.36226397,-44.58886571,-51.48431782,38.34927435,107.23388355,-20.8514546,-5.94160825,10.10613292,-19.14594821,11.86695126,1.41423803,0.0,8.38195537,3.25744642
1760624969.556,-8.8771247,-9.38442525,48.86478788,0.33885501,0.97093678,0.02172264,80.0,-7.0,0.0,80.0,1.3962634,0.0,0.0,0.0,80.0,-7.0,0.0,80.0,1.3962634,0.0,0.0,0.0,-5.6705262,-7.68757096,7.10223538,-22.95285862,-43.74180543,-60.5956092,33.62831738,113.06932658,-18.84238962,-10.64372089,11.27805788,-19.04468082,12.19364428,1.3565964,0.0,8.41327844,3.32727842
1760624969.589,-9.1793396,-9.47805335,49.4992561,0.34045845,0.9692804,0.02317467,80.0,-7.0,0.0,80.0,1.3962634,0.0,0.0,0.0,80.0,-7.0,0.0,80.0,1.3962634,0.0,0.0,0.0,-6.12403946,-7.62158829,7.08068116,-22.70609413,-45.56762082,-61.99328596,27.2302969,113.33010306,-18.93893243,-14.36879877,11.84643752,-19.13582624,12.46329285,1.50040122,0.0,8.42985271,3.39683158
1760624969.623,-9.42681502,-9.32089201,49.90755127,0.34296732,0.96841145,0.02341189,80.0,-7.0,0.0,80.0,1.3962634,0.0,0.0,0.0,80.0,-7.0,0.0,80.0,1.3962634,0.0,0.0,0.0,-7.32574915,-7.03919136,7.06373366,-25.95024209,-46.93912514,-49.03303231,18.60884681,95.30567545,-23.26391119,-23.17266857,12.88588623,-18.51826945,12.53177277,1.55500109,0.0,8.43483713,3.41846089
1760624969.656,-9.86611029,-9.1442285,50.20477271,0.34536609,0.96628657,0.02493183,80.0,-7.0,0.0,80.0,1.3962634,0.0,0.0,0.0,80.0,-7.0,0.0,80.0,1.3962634,0.0,0.0,0.0,-8.52943672,-6.31281313,6.9325047,-28.57459452,-47.56168677,-49.12247598,18.73928075,92.70246448,-22.88405156,-22.80205753,13.80638321,-17.90436414,12.19379005,1.66122119,0.0,8.4383143,3.42247447
1760624969.689,-10.32577532,-9.15179732,50.25279379,0.35410023,0.96492539,0.0277472,80.0,-7.0,0.0,80.0,1.3962634,0.0,0.0,0.0,80.0,-7.0,0.0,80.0,1.3962634,0.0,0.0,0.0,-8.41193227,-7.26428655,7.28176307,-29.69855906,-48.13452831,-49.50300551,19.96953874,92.80885844,-21.26248541,-19.8873905,14.44263659,-18.70258202,12.66202759,1.25617576,0.0,8.45103536,3.36808816
1760624969.723,-10.64773801,-9.0236466,50.27492475,0.36095144,0.96392035,0.02922882,80.0,-7.0,0.0,80.0,1.3962634,0.0,0.0,0.0,80.0,-7.0,0.0,80.0,1.3962634,0.0,0.0,0.0,-8.63387382,-7.68687148,7.65119863,-29.85516846,-48.62739467,-49.44462333,19.40560943,92.80947688,-20.53607671,-18.8516142,14.88792368,-19.13647637,12.91536703,1.0556998,0.0,8.44323315,3.32867595
1760624969.756,-10.99661847,-8.89931969,50.39227139,0.365939,0.96167978,0.02887926,80.0,-7.0,0.0,80.0,1.3962634,0.0,0.0,0.0,80.0,-7.0,0.0,80.0,1.3962634,0.0,0.0,0.0,-8.65055753,-7.73736343,7.88139366,-30.35614876,-49.00120103,-65.35071611,22.91035304,109.53309967,-15.98911112,-13.30237281,15.12427903,-19.38710465,13.0007794,0.71435328,0.0,8.39443838,3.2828568
1760624969.79,-11.46975085,-9.0969245,50.43265008,0.36681895,0.95957021,0.03064242,80.0,-7.0,0.0,80.0,1.3962634,0.0,0.0,0.0,80.0,-7.0,0.0,80.0,1.3962634,0.0,0.0,0.0,-8.11719764,-7.4756762,7.83216348,-29.34657025,-51.46727377,-79.76660342,28.27686777,124.67423694,-8.12164411,-6.50571427,14.80583263,-19.48692463,12.6640151,0.65984959,0.0,8.36477947,3.3044358
1760624969.823,-11.64941449,-9.00492647,50.52931767,0.36851744,0.9597769,0.03163717,80.0,-7.0,0.0,80.0,1.3962634,0.0,0.0,0.0,80.0,-7.0,0.0,80.0,1.3962634,0.0,0.0,0.0,-8.33464349,-7.69594292,8.01925427,-29.72132459,-51.52109783,-79.57359525,26.33074461,123.77083632,-8.77405039,-7.52279404,15.14227522,-19.81256481,12.85710353,0.46861971,0.0,8.36779805,3.29869481
1760624969.856,-11.87460972,-8.98097948,50.78406443,0.37007885,0.95979241,0.03271523,80.0,-7.0,0.0,80.0,1.3962634,0.0,0.0,0.0,80.0,-7.0,0.0,80.0,1.3962634,0.0,0.0,0.0,-8.71808087,-7.55092741,8.09607682,-30.49547739,-52.02982373,-80.32589211,25.14269247,123.37311912,-8.7999414,-7.87418659,15.55526064,-19.87683876,12.94662938,0.3307461,0.0,8.38107796,3.31207284
1760624969.89,-12.13502914,-9.14186335,50.98169484,0.37241435,0.95884797,0.03454467,80.0,-7.0,0.0,80.0,1.3962634,0.0,0.0,0.0,80.0,-7.0,0.0,80.0,1.3962634,0.0,0.0,0.0,-8.99431069,-7.13679385,8.04824331,-30.69330529,-53.37949546,-79.80403881,21.33072993,122.48157619,-9.81737751,-10.17630799,15.78696498,-19.74272007,12.83954739,0.41647948,0.0,8.36631614,3.29695367
1760624969.924,-12.24921029,-9.13674142,50.95406773,0.37137413,0.9587553,0.03543809,80.0,-7.0,0.0,80.0,1.3962634,0.0,0.0,0.0,80.0,-7.0,0.0,80.0,1.3962634,0.0,0.0,0.0,-9.01158054,-7.2968728,8.27142276,-31.06290178,-53.51796414,-79.67276319,21.0739972,122.60922078,-10.0137355,-9.7251232,15.52198456,-20.27549972,12.9161282,0.6309666,0.05942274,8.35333596,3.34571238
1760624969.957,-12.46267468,-9.19181323,50.86805244,0.3703233,0.95852367,0.03518523,80.0,-7.0,0.0,80.0,1.3962634,0.0,0.0,0.0,80.0,-7.0,0.0,80.0,1.3962634,0.0,0.0,0.0,-9.16233956,-7.35570408,8.47229978,-33.52240949,-54.15038283,-67.2181113,17.33161824,108.39266681,-13.92666332,-12.67996954,15.68518613,-20.47147123,12.98259323,0.54034863,0.18748651,8.3341678,3.3491355
1760624969.99,-12.53423199,-9.1587548,50.82985065,0.36830201,0.95973451,0.03532937,80.0,-7.0,0.0,80.0,1.3962634,0.0,0.0,0.0,80.0,-7.0,0.0,80.0,1.3962634,0.0,0.0,0.0,-9.12664455,-7.49089793,8.39415873,-29.75136511,-56.45249416,27.08670052,0.0,16.04066245,-11.55764663,-24.82113532,15.37962022,-20.82289687,12.90612383,0.59110819,0.16318271,8.33242217,3.36002722
1760624970.024,-12.69328902,-9.21071192,50.77494117,0.36840206,0.95797981,0.03675518,80.0,-7.0,0.0,80.0,1.3962634,0.0,0.0,0.0,80.0,-7.0,0.0,80.0,1.3962634,0.0,0.0,0.0,-9.2629201,-7.02686295,8.27910874,-29.37092319,-58.52251321,27.54022633,0.0,16.44629989,-11.19162162,-23.41861279,15.17568982,-20.53084208,12.79728549,0.74045832,0.0488186,8.33857424,3.40523025
1760624970.057,-12.74954635,-9.13059122,50.73876719,0.36846006,0.95846693,0.03652155,80.0,-7.0,0.0,80.0,1.3962634,0.0,0.0,0.0,80.0,-7.0,0.0,80.0,1.3962634,0.0,0.0,0.0,-9.51940674,-7.05975932,8.29580771,-29.99699625,-57.26716447,27.03560214,0.0,15.90497611,-12.16760161,-24.84806658,15.46807206,-20.41745575,13.11425495,0.60089602,0.0,8.33945955,3.37402382
1760624970.091,-12.8857739,-9.21767276,50.74261833,0.37264122,0.95684778,0.03641382,80.0,-7.0,0.0,80.0,1.3962634,0.0,0.0,0.0,80.0,-7.0,0.0,80.0,1.3962634,0.0,0.0,0.0,-9.8242426,-6.39558012,7.88863848,-30.7251328,-57.94887813,41.31178969,0.0,0.0,-11.63848726,-24.99999983,15.94032474,-19.55866221,12.85473963,0.37187622,0.0,8.3718399,3.35606868
1760624970.124,-12.98188466,-9.25049288,50.7249524,0.37666517,0.95542691,0.03784865,80.0,-7.0,0.0,80.0,1.3962634,0.0,0.0,0.0,80.0,-7.0,0.0,80.0,1.3962634,0.0,0.0,0.0,-9.65276445,-6.02549287,7.11680393,-27.93683155,-59.37459986,42.76655791,0.0,0.0,-11.92665452,-24.99999983,16.03769856,-19.04850041,12.38266461,0.0,0.0,8.38650606,3.31570142
1760624970.191,-13.14033164,-9.27966637,50.59491581,0.3755267,0.95428013,0.04027333,80.0,-7.0,0.0,80.0,1.3962634,0.0,0.0,0.0,80.0,-7.0,0.0,80.0,1.3962634,0.0,0.0,0.0,-9.1403781,-5.64275208,6.03667375,-22.38053076,-62.44179067,46.88896151,0.0,0.0,-15.40917742,-24.99999983,15.54770657,-18.73821177,11.88011856,0.0,0.0,8.39690012,3.29356409
1760624970.225,-13.28181188,-9.39573093,50.503002,0.37367695,0.95384879,0.04137465,80.0,-7.0,0.0,80.0,1.3962634,0.0,0.0,0.0,80.0,-7.0,0.0,80.0,1.3962634,0.0,0.0,0.0,-8.77332535,-5.74584755,5.907497,-20.93188941,-63.07002941,48.00770811,0.0,0.0,-17.28328158,-24.99999983,15.48142713,-18.82835814,12.14552176,0.0,0.0,8.40133917,3.31458541
1760624970.258,-13.33945156,-9.40630116,50.4439475,0.37426547,0.95299793,0.0411991,80.0,-7.0,0.0,80.0,1.3962634,0.0,0.0,0.0,80.0,-7.0,0.0,80.0,1.3962634,0.0,0.0,0.0,-8.73464293,-5.85993743,6.05258663,-20.78762594,-63.12176536,47.49189638,0.0,0.0,-17.94011471,-24.99999983,15.66555948,-18.90662918,12.51246275,0.0,0.0,8.42105947,3.33789235
1760624970.291,-13.44749565,-9.47266013,50.34051886,0.37480052,0.9522389,0.04145629,80.0,-7.0,0.0,80.0,1.3962634,0.0,0.0,0.0,80.0,-7.0,0.0,80.0,1.3962634,0.0,0.0,0.0,-8.69920342,-5.63114373,6.21228361,-20.81862845,-63.22820418,46.39380173,0.0,0.0,-18.40527988,-24.99999983,15.82509269,-18.656171,12.64773976,0.03035567,0.0,8.46136975,3.36098394
1760624970.358,-13.67184196,-9.62824289,50.10065478,0.3747236,0.95240758,0.04199935,80.0,-7.0,0.0,80.0,1.3962634,0.0,0.0,0.0,80.0,-7.0,0.0,80.0,1.3962634,0.0,0.0,0.0,-8.8328012,-5.09087371,5.91745728,-19.92691652,-64.03295006,45.63084382,0.0,0.0,-19.47852546,-24.99999983,16.08669189,-18.12764418,12.3180984,0.0,0.06314094,8.45322028,3.30952787
1760624970.392,-13.72769792,-9.65722472,50.00801453,0.37262293,0.9524438,0.04242248,80.0,-7.0,0.0,80.0,1.3962634,0.0,0.0,0.0,80.0,-7.0,0.0,80.0,1.3962634,0.0,0.0,0.0,-8.66321719,-4.98594237,5.65015942,-18.87916396,-64.39093349,46.67257074,0.0,0.0,-19.59573795,-24.99999983,15.78017315,-18.13248399,11.89982097,0.0,0.14551264,8.41610542,3.30833429
1760624970.425,-13.82113286,-9.73283243,49.85906074,0.37108746,0.95248748,0.04311374,80.0,-7.0,0.0,80.0,1.3962634,0.0,0.0,0.0,80.0,-7.0,0.0,80.0,1.3962634,0.0,0.0,0.0,-8.41257569,-4.7658591,5.32868605,-17.53504639,-65.04139761,48.12041937,0.0,0.0,-19.56796339,-24.99999983,15.30948987,-18.06188725,11.30393673,0.0,0.29423267,8.35231791,3.26944435
1760624970.459,-13.85645777,-9.72264764,49.69725243,0.37068578,0.9527568,0.04361608,80.0,-7.0,0.0,80.0,1.3962634,0.0,0.0,0.0,80.0,-7.0,0.0,80.0,1.3962634,0.0,0.0,0.0,-8.30638208,-4.74545092,5.22881009,-16.95395637,-65.30214809,49.04608892,0.0,0.0,-19.05633293,-24.99999983,14.99351331,-18.08918948,10.95893395,0.0,0.35493153,8.32136644,3.26501438
1760624970.492,-13.96283647,-9.78660074,49.5200026,0.37047374,0.95254267,0.04431917,80.0,-7.0,0.0,80.0,1.3962634,0.0,0.0,0.0,80.0,-7.0,0.0,80.0,1.3962634,0.0,0.0,0.0,-8.11012125,-4.7459554,5.28029131,-16.70582368,-65.73646792,49.23293118,0.0,0.0,-18.11681776,-24.99999983,14.73176274,-18.08598055,10.76123377,0.0,0.37063601,8.31206393,3.2743762
1760624970.525,-14.11629053,-9.9275598,49.4428834,0.3740966,0.9526338,0.0475299,80.0,-7.0,0.0,80.0,1.3962634,0.0,0.0,0.0,80.0,-7.0,0.0,80.0,1.3962634,0.0,0.0,0.0,-7.79359707,-5.04164155,5.06927275,-15.00029127,-65.92817155,50.89655353,0.0,0.0,-18.73336472,-24.99999983,14.42381653,-18.42786493,10.3693505,0.0,0.51839034,8.28550483,3.2462439
1760624970.559,-14.21184933,-10.02033835,49.42065375,0.37509984,0.95260232,0.0492575,80.0,-7.0,0.0,80.0,1.3962634,0.0,0.0,0.0,80.0,-7.0,0.0,80.0,1.3962634,0.0,0.0,0.0,-7.43155803,-5.32107725,4.98252899,-14.60318051,-66.34155577,50.90290906,0.0,0.0,-18.52172706,-24.99999983,14.09871892,-18.70942364,10.41805028,0.0,0.40098707,8.26656654,3.23302526
1760624970.592,-14.31591089,-10.09904944,49.40406671,0.37462532,0.95221349,0.05018734,80.0,-7.0,0.0,80.0,1.3962634,0.0,0.0,0.0,80.0,-7.0,0.0,80.0,1.3962634,0.0,0.0,0.0,-7.19055491,-5.36138795,4.6135218,-13.89409102,-67.45186351,50.50726726,0.0,0.0,-16.68369817,-24.99999983,13.78541731,-18.81607911,9.91067559,0.0,0.50350102,8.26518724,3.23702652
1760624970.626,-14.39013729,-10.10510607,49.37152125,0.37472798,0.95168439,0.05265617,80.0,-7.0,0.0,80.0,1.3962634,0.0,0.0,0.0,80.0,-7.0,0.0,80.0,1.3962634,0.0,0.0,0.0,-6.99060839,-5.64516391,4.54084326,-13.05092646,-67.97114323,50.29119508,0.0,0.0,-14.72515187,-24.99999983,13.62331917,-19.09722842,9.73394966,0.0,0.62596595,8.2520877,3.21655059
1760624970.659,-14.39885128,-10.06646126,49.40830899,0.3746984,0.95172152,0.05415819,80.0,-7.0,0.0,80.0,1.3962634,0.0,0.0,0.0,80.0,-7.0,0.0,80.0,1.3962634,0.0,0.0,0.0,-6.76699652,-6.00539995,4.04668735,-11.34561699,-67.68232924,51.99060197,0.0,0.0,-14.21374594,-24.99999983,13.29987669,-19.55131198,9.31676661,0.0,0.60279065,8.24291155,3.19088181
1760624970.693,-14.47167756,-10.07513157,49.51655688,0.37616213,0.95258585,0.05465579,80.0,-7.0,0.0,80.0,1.3962634,0.0,0.0,0.0,80.0,-7.0,0.0,80.0,1.3962634,0.0,0.0,0.0,-6.84862967,-5.88212797,3.55090298,-10.12820603,-67.88244374,53.08200023,0.0,0.0,-13.64022525,-24.99999983,13.38492666,-19.39234615,8.91393126,0.0,0.52368733,8.18459557,3.08927675
1760624970.726,-14.55840851,-10.07331142,49.6825297,0.37508411,0.95305353,0.05525834,80.0,-7.0,0.0,80.0,1.3962634,0.0,0.0,0.0,80.0,-7.0,0.0,80.0,1.3962634,0.0,0.0,0.0,-6.83411777,-6.12761601,3.43668886,-10.04603309,-68.19117075,53.1102897,0.0,0.0,-11.81132458,-24.99999983,13.43887175,-19.62596288,8.75114699,0.0,0.57995029,8.20696506,3.08240985
1760624970.76,-14.64988173,-10.0968395,49.80204019,0.37400455,0.95301018,0.05578647,80.0,-7.0,0.0,80.0,1.3962634,0.0,0.0,0.0,80.0,-7.0,0.0,80.0,1.3962634,0.0,0.0,0.0,-6.88235928,-6.17542811,3.4122848,-11.1181024,-68.9298306,52.14065241,0.0,0.0,-9.98612063,-24.99999983,13.46490635,-19.62244726,8.76652405,0.0,0.56422313,8.22840256,3.0995383
1760624970.793,-14.77153701,-10.15388291,49.92893726,0.37202519,0.95405901,0.05930712,80.0,-7.0,0.0,80.0,1.3962634,0.0,0.0,0.0,80.0,-7.0,0.0,80.0,1.3962634,0.0,0.0,0.0,-6.56753422,-6.96135389,3.38344517,-11.40689258,-68.63918939,52.45501141,0.0,0.0,-8.55689078,-24.99999983,13.14331832,-20.42848502,8.82236904,0.0,0.63709187,8.25594096,3.15035224
1760624970.827,-14.97254646,-10.2073699,50.06393764,0.37157311,0.95549393,0.06159215,80.0,-7.0,0.0,80.0,1.3962634,0.0,0.0,0.0,80.0,-7.0,0.0,80.0,1.3962634,0.0,0.0,0.0,-6.25735605,-7.94452186,3.56131346,-11.65109496,-68.1701697,52.93543634,0.0,0.0,-6.91579184,-24.99999983,12.87092469,-21.31177064,9.07145362,0.0,0.6271822,8.22653359,3.13277019
1760624970.86,-15.12770858,-10.20807754,50.14417529,0.37450804,0.9576502,0.06367726,80.0,-7.0,0.0,80.0,1.3962634,0.0,0.0,0.0,80.0,-7.0,0.0,80.0,1.3962634,0.0,0.0,0.0,-6.48919021,-8.33072153,3.63613569,-11.59358308,-67.79759096,53.27221618,0.0,0.0,-6.46680909,-24.99999983,13.08891068,-21.5056193,9.20238997,0.0,0.4708806,8.18770644,3.08752097
1760624970.894,-15.32550232,-10.27220587,50.36095427,0.38178394,0.95904893,0.06517305,80.0,-7.0,0.0,80.0,1.3962634,0.0,0.0,0.0,80.0,-7.0,0.0,80.0,1.3962634,0.0,0.0,0.0,-6.9240545,-8.53384617,3.45290553,-11.62752536,-67.47468084,53.28686185,0.0,0.0,-6.10528742,-24.99999983,13.58630155,-21.43733696,9.32394257,0.0,0.21942995,8.1027911,2.95462742
1760624970.927,-15.57341159,-10.38142966,50.82156596,0.38366382,0.96036422,0.06497768,80.0,-7.0,0.0,80.0,1.3962634,0.0,0.0,0.0,80.0,-7.0,0.0,80.0,1.3962634,0.0,0.0,0.0,-7.12768079,-8.80323681,3.1360948,-12.46372605,-67.20198572,52.40050897,0.0,0.0,-4.85333581,-24.99999983,13.86892493,-21.51196442,9.36486937,0.0,0.05574069,8.06192322,2.85590087
1760624970.96,-15.7280775,-10.4120678,51.15815808,0.38337417,0.96075275,0.06496312,80.0,-7.0,0.0,80.0,1.3962634,0.0,0.0,0.0,80.0,-7.0,0.0,80.0,1.3962634,0.0,0.0,0.0,-7.36630699,-8.99603306,3.39370321,-14.87318168,-67.35216086,49.99358518,0.0,0.0,-3.93316881,-24.99999983,14.15723232,-21.65525182,9.63053581,0.0,0.22669737,8.11451803,2.87439261
1760624970.994,-15.99714662,-10.51412761,51.36978027,0.38841325,0.96205284,0.06806897,80.0,-7.0,0.0,80.0,1.3962634,0.0,0.0,0.0,80.0,-7.0,0.0,80.0,1.3962634,0.0,0.0,0.0,-7.48155476,-9.43962921,3.50064717,-14.94930819,-66.59283288,49.95663471,0.0,0.0,-3.89972576,-24.99999983,14.42761682,-22.03166767,9.65911793,0.0,0.4356499,8.09478644,2.81090574
1760624971.027,-16.40710582,-10.65732486,51.69744702,0.39394627,0.96293683,0.07203943,80.0,-7.0,0.0,80.0,1.3962634,0.0,0.0,0.0,80.0,-7.0,0.0,80.0,1.3962634,0.0,0.0,0.0,-7.68211241,-9.96925016,3.78667038,-16.26005911,-65.97292715,48.89585173,0.0,0.0,-3.74004874,-24.99999983,14.85991588,-22.54806037,10.04844843,0.0,0.51815182,8.08793641,2.79306369
1760624971.061,-16.71172307,-10.8125624,52.04896259,0.39957798,0.96355603,0.07284366,80.0,-7.0,0.0,80.0,1.3962634,0.0,0.0,0.0,80.0,-7.0,0.0,80.0,1.3962634,0.0,0.0,0.0,-7.92030963,-10.07222842,3.90261391,-19.17739926,-66.6859586,46.15624063,0.0,0.0,-2.4096668,-24.99999983,15.33445278,-22.590127,10.40366571,0.0,0.51267808,8.04350998,2.69954497
1760624971.094,-16.98844778,-10.95369705,52.38464676,0.40494054,0.96348893,0.07398927,80.0,-7.0,0.0,80.0,1.3962634,0.0,0.0,0.0,80.0,-7.0,0.0,80.0,1.3962634,0.0,0.0,0.0,-8.40718234,-9.78015997,4.39160169,-21.67539953,-67.09616545,43.10626449,0.0,0.0,-1.60965373,-24.99999983,16.01005497,-22.39060636,10.67732564,0.0,0.81080886,8.12403955,2.76304892
1760624971.128,-17.35564883,-11.12175709,52.65533037,0.40723173,0.96544239,0.07164823,80.0,-7.0,0.0,80.0,1.3962634,0.0,0.0,0.0,80.0,-7.0,0.0,80.0,1.3962634,0.0,0.0,0.0,-8.65960508,-10.25812519,4.91104139,-21.33765916,-65.9828653,42.99870856,0.0,0.0,-2.17221466,-24.99999983,16.73574627,-22.68728816,11.3190829,0.0,0.92701729,8.08922901,2.68376857
1760624971.161,-17.61047206,-11.21964526,52.81241129,0.40637887,0.96585406,0.06941026,80.0,-7.0,0.0,80.0,1.3962634,0.0,0.0,0.0,80.0,-7.0,0.0,80.0,1.3962634,0.0,0.0,0.0,-9.0352206,-10.44838302,5.25242222,-25.4074851,-66.71648112,39.10144795,0.0,0.0,-0.34694907,-24.99999983,17.3932421,-22.78977029,11.65538514,0.0,1.06039268,8.10064954,2.67279584
1760624971.195,-18.06527106,-11.37012679,52.90832673,0.41214445,0.96610906,0.0719427,80.0,-7.0,0.0,80.0,1.3962634,0.0,0.0,0.0,80.0,-7.0,0.0,80.0,1.3962634,0.0,0.0,0.0,-9.26453188,-10.52815049,6.15125005,-23.18677065,-64.97180791,40.75926624,0.0,0.0,-2.34257479,-24.99999983,18.12352423,-22.79876768,12.1531706,0.0,1.42536227,8.20300319,2.79532611
1760624971.228,-18.32676304,-11.39323673,52.99608919,0.41582541,0.96529363,0.07408765,80.0,-7.0,0.0,80.0,1.3962634,0.0,0.0,0.0,80.0,-7.0,0.0,80.0,1.3962634,0.0,0.0,0.0,-9.12382324,-10.83900876,6.64683367,-23.23247213,-64.17296751,40.90936039,0.0,0.0,-2.85095652,-24.99999983,18.24168104,-23.11848524,12.50685676,0.0,1.68598794,8.24682869,2.87072481
1760624971.262,-18.6104118,-11.55593029,53.1608715,0.41762705,0.96591975,0.07453362,80.0,-7.0,0.0,80.0,1.3962634,0.0,0.0,0.0,80.0,-7.0,0.0,80.0,1.3962634,0.0,0.0,0.0,-8.98275415,-11.18877312,6.72328156,-23.34904555,-63.785675,41.02928645,0.0,0.0,-2.67215466,-24.99999983,18.37543568,-23.55111996,12.6916311,0.0,1.90129091,8.27061374,2.90511106
1760624971.295,-18.84846688,-11.68474076,53.42290985,0.41947551,0.96802605,0.07595866,80.0,-7.0,0.0,80.0,1.3962634,0.0,0.0,0.0,80.0,-7.0,0.0,80.0,1.3962634,0.0,0.0,0.0,-8.89853924,-11.50527332,6.72289059,-21.04013986,-62.45387862,43.3066066,0.0,0.0,-3.89905795,-24.99999983,18.51420978,-23.92313043,13.06237787,0.0,1.89906808,8.24958397,2.89468602
1760624971.329,-19.01174998,-11.81250633,53.62912695,0.41933399,0.968751,0.07601341,80.0,-7.0,0.0,80.0,1.3962634,0.0,0.0,0.0,80.0,-7.0,0.0,80.0,1.3962634,0.0,0.0,0.0,-8.89180551,-11.74970582,6.6960906,-23.27426626,-63.02393105,41.44944902,0.0,0.0,-2.38682218,-24.99999983,18.72424597,-24.07436442,13.48898791,0.0,1.79998821,8.21584116,2.8261144
1760624971.362,-19.12133465,-11.85419149,53.81773613,0.42110226,0.96882412,0.07648354,80.0,-7.0,0.0,80.0,1.3962634,0.0,0.0,0.0,80.0,-7.0,0.0,80.0,1.3962634,0.0,0.0,0.0,-9.0324345,-11.81386387,6.91993275,-24.98908631,-63.05979623,40.47831041,0.0,0.0,-1.45282245,-24.99999983,19.0145019,-24.06842557,14.16252334,0.0,1.68817447,8.22042616,2.89318989
1760624971.395,-19.29246262,-11.9210083,53.91096498,0.42445545,0.96943195,0.07700213,80.0,-7.0,0.0,80.0,1.3962634,0.0,0.0,0.0,80.0,-7.0,0.0,80.0,1.3962634,0.0,0.0,0.0,-9.10025623,-11.60166238,6.97940733,-20.93641447,-61.42592653,43.9203401,0.0,0.0,-3.5214297,-24.99999983,19.14922158,-23.8476905,14.39562409,0.0,1.80040472,8.24751288,2.95088575
1760624971.429,-19.35764891,-11.91773985,53.87092575,0.42223752,0.96787459,0.07789775,80.0,-7.0,0.0,80.0,1.3962634,0.0,0.0,0.0,80.0,-7.0,0.0,80.0,1.3962634,0.0,0.0,0.0,-9.02092458,-11.37467786,7.10269718,-21.82205402,-62.29910074,42.54175406,0.0,0.0,-2.57451,-24.99999983,19.09639623,-23.72622914,14.37298826,0.0,1.89402649,8.28447194,3.02331133
1760624971.462,-19.41841093,-11.8723562,53.71427963,0.42364114,0.96718534,0.07949645,80.0,-7.0,0.0,80.0,1.3962634,0.0,0.0,0.0,80.0,-7.0,0.0,80.0,1.3962634,0.0,0.0,0.0,-9.05334361,-10.81958686,7.01955865,-19.51964846,-62.70490339,44.04919317,0.0,0.0,-3.77043738,-24.99999983,19.03241007,-23.20608479,14.02350408,0.0,1.88166723,8.26215333,2.98805425
1760624971.496,-19.49399986,-11.84501722,53.50720175,0.42450653,0.96725502,0.07979947,80.0,-7.0,0.0,80.0,1.3962634,0.0,0.0,0.0,80.0,-7.0,0.0,80.0,1.3962634,0.0,0.0,0.0,-9.12037797,-10.41328213,6.67320372,-18.70518522,-63.97187812,43.6023172,0.0,0.0,-4.47415851,-24.99999983,19.10079595,-22.74141474,13.60984458,0.0,1.72545822,8.17361593,2.7799152
1760624971.529,-19.52727806,-11.8607388,53.29889298,0.42351476,0.9669929,0.08026009,80.0,-7.0,0.0,80.0,1.3962634,0.0,0.0,0.0,80.0,-7.0,0.0,80.0,1.3962634,0.0,0.0,0.0,-8.9644481,-10.29983217,6.55852042,-18.04764434,-64.55648575,42.98374118,0.0,0.0,-4.68689009,-24.99999983,18.94244481,-22.72129868,13.3609032,0.0,1.71566103,8.1614552,2.76875765
1760624971.563,-19.48936736,-11.84011252,53.08091421,0.42238042,0.96566298,0.08025612,80.0,-7.0,0.0,80.0,1.3962634,0.0,0.0,0.0,80.0,-7.0,0.0,80.0,1.3962634,0.0,0.0,0.0,-8.93288059,-10.16421161,6.67146828,-20.39232975,-65.83859962,39.78374535,0.0,0.0,-3.29941383,-24.99999983,18.90179953,-22.58998184,13.2428257,0.0,1.81631204,8.1472901,2.76079802
1760624971.596,-19.49532284,-11.92461799,52.7141538,0.42198424,0.96464409,0.07965915,80.0,-7.0,0.0,80.0,1.3962634,0.0,0.0,0.0,80.0,-7.0,0.0,80.0,1.3962634,0.0,0.0,0.0,-8.96772928,-10.00632705,7.15167552,-24.95370998,-66.54713409,34.34898518,0.0,0.0,-1.94459475,-24.99999983,19.17019349,-22.30499605,13.47273562,0.0,1.82904839,8.18892704,2.79299228
1760624971.629,-19.52080513,-11.93266293,52.33996521,0.42350734,0.96335889,0.08056359,80.0,-7.0,0.0,80.0,1.3962634,0.0,0.0,0.0,80.0,-7.0,0.0,80.0,1.3962634,0.0,0.0,0.0,-8.92299496,-9.77197307,7.5639226,-28.9812255,-66.24019016,29.57024817,0.0,0.0,-1.22670321,-24.99999983,19.28008772,-21.93662121,13.48307669,0.0,1.89717788,8.19458157,2.82961455
1760624971.663,-19.4151191,-11.7181449,51.97752868,0.42559814,0.9638001,0.08064974,80.0,-7.0,0.0,80.0,1.3962634,0.0,0.0,0.0,80.0,-7.0,0.0,80.0,1.3962634,0.0,0.0,0.0,-8.94898948,-9.84378056,8.23798712,-31.50311565,-64.65367388,26.13537874,0.0,0.0,-1.03273459,-24.99999983,19.37221907,-21.85428692,13.72836331,0.0,2.12260258,8.2250002,2.87868012
1760624971.696,-19.3805623,-11.59084879,51.66673339,0.4301387,0.96479496,0.07898181,80.0,-7.0,0.0,80.0,1.3962634,0.0,0.0,0.0,80.0,-7.0,0.0,80.0,1.3962634,0.0,0.0,0.0,-9.42188588,-10.00440222,9.09639167,-36.04789561,-62.4709631,20.09912867,0.0,0.0,0.99496775,-24.99999983,20.20512031,-21.5933515,14.54932333,0.0,2.28476307,8.21985402,2.80991296
1760624971.73,-19.3865161,-11.584868,51.47713862,0.43334221,0.96540799,0.07872021,80.0,-7.0,0.0,80.0,1.3962634,0.0,0.0,0.0,80.0,-7.0,0.0,80.0,1.3962634,0.0,0.0,0.0,-9.50546962,-10.14600277,9.70413377,-37.46103166,-60.30231703,17.87900663,0.0,0.0,1.73027694,-24.99999983,20.57883576,-21.61184959,15.17878344,0.0,2.34646784,8.24052885,2.81719681
1760624971.764,-19.33900202,-11.54303956,51.34135122,0.43635079,0.96741631,0.07652336,80.0,-7.0,0.0,80.0,1.3962634,0.0,0.0,0.0,80.0,-7.0,0.0,80.0,1.3962634,0.0,0.0,0.0,-9.68601161,-10.62883028,10.23515549,-37.86475822,-57.85007964,16.83974801,0.0,0.0,1.7679328,-24.99999983,21.10569744,-21.87739872,15.95713746,0.0,2.3477735,8.22747359,2.79078779
1760624971.797,-19.34909957,-11.5868848,51.26011203,0.43820767,0.96779673,0.07466011,80.0,-7.0,0.0,80.0,1.3962634,0.0,0.0,0.0,80.0,-7.0,0.0,80.0,1.3962634,0.0,0.0,0.0,-9.78308037,-11.03149519,10.79983614,-39.59232982,-55.21026786,14.14770096,0.0,0.00153859,2.63328458,-24.99999983,21.68383657,-22.19724065,16.96260181,0.0,2.32602136,8.24090109,2.81466987
1760624971.83,-19.34142492,-11.64707526,51.30856931,0.43779317,0.96630745,0.07473991,80.0,-7.0,0.0,80.0,1.3962634,0.0,0.0,0.0,80.0,-7.0,0.0,80.0,1.3962634,0.0,0.0,0.0,-9.65639881,-10.94008212,10.54106118,-39.88423043,-55.14534794,12.56133671,0.0,0.02298904,4.04374496,-23.83569596,21.67121291,-22.25870817,17.10018158,0.0,2.18101192,8.23810009,2.82328792
1760624971.864,-19.32361246,-11.6906357,51.36184576,0.4348197,0.96439857,0.07520576,80.0,-7.0,0.0,80.0,1.3962634,0.0,0.0,0.0,80.0,-7.0,0.0,80.0,1.3962634,0.0,0.0,0.0,-9.51043703,-10.54412201,10.33301414,-41.03223151,-55.57675416,9.78474427,0.0,0.0,6.45279811,-22.70246588,21.46910054,-22.13242378,17.00849052,0.0,2.26461295,8.30759403,2.93909682
1760624971.897,-19.29972907,-11.72921991,51.40301914,0.43250102,0.96409363,0.07458924,80.0,-7.0,0.0,80.0,1.3962634,0.0,0.0,0.0,80.0,-7.0,0.0,80.0,1.3962634,0.0,0.0,0.0,-9.36870806,-10.56171134,10.17814543,-40.75339311,-55.62303409,7.93682003,0.0,0.0,8.50288494,-21.65527698,21.47017193,-22.24404166,17.2552614,0.0,2.40117847,8.37642433,2.98368877
1760624971.964,-19.40312092,-11.91322717,51.39986364,0.4330354,0.96457053,0.07386724,80.0,-7.0,0.0,80.0,1.3962634,0.0,0.0,0.0,80.0,-7.0,0.0,80.0,1.3962634,0.0,0.0,0.0,-9.16183154,-10.29507526,9.76367733,-39.88731364,-55.68331218,8.27971568,0.0,0.08080096,8.93614748,-21.15661528,21.45180741,-22.0097074,17.51581729,0.0,2.27762329,8.37448052,2.95941558
1760624971.997,-19.49252683,-11.96683545,51.25071006,0.4365172,0.96228175,0.07342431,80.0,-7.0,0.0,80.0,1.3962634,0.0,0.0,0.0,80.0,-7.0,0.0,80.0,1.3962634,0.0,0.0,0.0,-9.17829241,-10.02967209,9.61902918,-45.14413559,-53.02869463,5.63296239,0.0,0.0,12.3302549,-24.79888225,21.52275501,-21.63390102,17.63952723,0.0,2.18851755,8.30144942,2.885717
1760624972.031,-19.5422266,-11.945687,51.06452202,0.43656186,0.96075642,0.07527591,80.0,-7.0,0.0,80.0,1.3962634,0.0,0.0,0.0,80.0,-7.0,0.0,80.0,1.3962634,0.0,0.0,0.0,-8.90271438,-9.30501722,8.70308006,-45.66248455,-54.11480151,6.33967774,0.0,0.0,12.86461952,-24.99999983,20.85601329,-21.13020005,16.61580096,0.0,2.09066516,8.1566005,2.74028393
1760624972.064,-19.55931852,-11.87584337,50.94803512,0.43517127,0.95942909,0.07755246,80.0,-7.0,0.0,80.0,1.3962634,0.0,0.0,0.0,80.0,-7.0,0.0,80.0,1.3962634,0.0,0.0,0.0,-8.75766938,-8.89158067,8.14959976,-45.98324557,-55.03585949,6.97114347,0.0,0.0,13.09883482,-24.99999983,20.39152411,-21.02351375,15.93108395,0.0,2.13763435,8.1645142,2.78030494
1760624972.098,-19.58206744,-11.84090101,50.82768453,0.42810869,0.95938701,0.07883941,80.0,-7.0,0.0,80.0,1.3962634,0.0,0.0,0.0,80.0,-7.0,0.0,80.0,1.3962634,0.0,0.0,0.0,-8.31697169,-8.73036483,7.23815952,-45.53158363,-56.06783785,9.31381494,0.0,0.0,13.28194067,-24.99999983,19.75001265,-21.1201882,15.07722285,0.0,2.05152116,8.03289304,2.64221985
1760624972.131,-19.56765656,-11.81332266,50.76054509,0.4239559,0.95927303,0.07949915,80.0,-7.0,0.0,80.0,1.3962634,0.0,0.0,0.0,80.0,-7.0,0.0,80.0,1.3962634,0.0,0.0,0.0,-8.17763074,-8.73507639,7.23912666,-46.41110071,-56.4557619,9.75254114,0.0,0.0,13.86664071,-24.99999983,19.54400728,-21.33277162,14.9286132,0.0,2.10215432,8.08826268,2.70736784
1760624972.165,-19.58329104,-11.88014504,50.75018741,0.4243328,0.95968317,0.07956016,80.0,-7.0,0.0,80.0,1.3962634,0.0,0.0,0.0,80.0,-7.0,0.0,80.0,1.3962634,0.0,0.0,0.0,-7.88272851,-8.51200892,6.75595315,-46.93355624,-56.90381704,10.4113057,0.0,0.0,14.49299449,-24.99999983,19.14772981,-21.24936616,14.57944661,0.0,1.87607253,7.99372331,2.62143623
1760624972.198,-19.60532831,-11.94950231,50.75561084,0.42589313,0.96026376,0.08071254,80.0,-7.0,0.0,80.0,1.3962634,0.0,0.0,0.0,80.0,-7.0,0.0,80.0,1.3962634,0.0,0.0,0.0,-7.63678864,-8.70377703,6.71429048,-46.59837371,-56.95350259,11.23428523,0.0,0.0,14.56262355,-24.99999983,18.93808135,-21.5941656,14.33725862,0.0,2.0851885,8.026258,2.64918504
1760624972.231,-19.59908557,-11.96262174,50.75985194,0.42772138,0.96096625,0.08120047,80.0,-7.0,0.0,80.0,1.3962634,0.0,0.0,0.0,80.0,-7.0,0.0,80.0,1.3962634,0.0,0.0,0.0,-7.47713669,-9.02680063,6.9281736,-47.02678305,-56.87268498,11.67727671,0.0,0.0,14.77064554,-24.99999983,18.88677517,-21.94708782,14.48518602,0.0,2.24407796,8.02095706,2.64530436
1760624972.265,-19.57374908,-11.98353429,50.75548104,0.42614039,0.96144038,0.08214659,80.0,-7.0,0.0,80.0,1.3962634,0.0,0.0,0.0,80.0,-7.0,0.0,80.0,1.3962634,0.0,0.0,0.0,-7.17424632,-9.50037314,7.12766072,-46.0412332,-56.70200756,14.64796609,0.0,0.0,13.29331752,-24.99999983,18.5290414,-22.71219875,14.60033543,0.0,2.35940499,8.11638919,2.761204
1760624972.299,-19.55050329,-12.01984576,50.70008359,0.42693419,0.96191159,0.08229105,80.0,-7.0,0.0,80.0,1.3962634,0.0,0.0,0.0,80.0,-7.0,0.0,80.0,1.3962634,0.0,0.0,0.0,-7.08690776,-9.41424999,6.9916586,-45.20692507,-57.03679552,16.96103226,0.0,0.0,11.64160664,-24.99999983,18.255494,-22.7336122,14.29823491,0.0,2.38533411,8.08262371,2.74316261
1760624972.332,-19.48669495,-12.0742544,50.64036762,0.42687138,0.9628875,0.08239154,80.0,-7.0,0.0,80.0,1.3962634,0.0,0.0,0.0,80.0,-7.0,0.0,80.0,1.3962634,0.0,0.0,0.0,-6.90249103,-9.31361647,6.95621616,-44.44728448,-57.30187692,17.99245239,0.0,0.0,10.63476801,-24.99999983,17.9291972,-22.7157422,14.20041132,0.0,2.30660197,8.05154073,2.74077612
1760624972.399,-19.36190562,-12.31057181,50.41129609,0.42441887,0.96381753,0.08244333,80.0,-7.0,0.0,80.0,1.3962634,0.0,0.0,0.0,80.0,-7.0,0.0,80.0,1.3962634,0.0,0.0,0.0,-6.02419323,-9.04698979,6.19631735,-41.81418941,-59.11038015,18.94392308,0.0,0.0,7.12738345,-24.99999983,16.76612498,-22.51630257,13.72764248,0.0,1.83464007,7.9105889,2.60988558
1760624972.432,-19.34094463,-12.45732901,50.21655619,0.42127358,0.96404157,0.08301471,80.0,-7.0,0.0,80.0,1.3962634,0.0,0.0,0.0,80.0,-7.0,0.0,80.0,1.3962634,0.0,0.0,0.0,-5.20303276,-9.01624024,5.66592203,-38.82708889,-61.03833805,21.17499977,0.0,0.0,5.22615089,-24.99999983,15.8908136,-22.5749736,13.13750863,0.0,1.80251273,7.87261826,2.58267066
1760624972.466,-19.30981667,-12.68671304,50.00852923,0.41723961,0.96403567,0.08450068,80.0,-7.0,0.0,80.0,1.3962634,0.0,0.0,0.0,80.0,-7.0,0.0,80.0,1.3962634,0.0,0.0,0.0,-4.0240893,-8.33674314,3.94824299,-31.44200479,-65.176142,28.02873246,0.0,0.0,2.93761154,-24.99999983,14.24491394,-22.20343985,11.46467157,0.0,1.72777369,7.75606093,2.44754102
1760624972.499,-19.32571685,-12.91736004,49.83429376,0.41419434,0.96587719,0.08337496,80.0,-7.0,0.0,80.0,1.3962634,0.0,0.0,0.0,80.0,-7.0,0.0,80.0,1.3962634,0.0,0.0,0.0,-3.43663649,-8.46051247,3.30186104,-24.23782199,-67.22463363,35.61517742,0.0,0.0,1.78500212,-24.99999983,13.61298698,-22.47663166,10.98620373,0.0,1.76692056,7.77077912,2.44046101
1760624972.533,-19.35524193,-13.0998304,49.64477624,0.41253897,0.96855605,0.08220123,80.0,-7.0,0.0,80.0,1.3962634,0.0,0.0,0.0,80.0,-7.0,0.0,80.0,1.3962634,0.0,0.0,0.0,-2.90173413,-8.61449583,2.0879025,-13.08493113,-68.34733915,47.75112983,0.0,0.0,-0.10028479,-24.99999983,12.87105307,-22.75850042,9.93714117,0.0,1.76462738,7.73224036,2.36130838
1760624972.566,-19.41783249,-13.28837284,49.35903018,0.41153183,0.97317608,0.08299393,80.0,-7.0,0.0,80.0,1.3962634,0.0,0.0,0.0,80.0,-7.0,0.0,80.0,1.3962634,0.0,0.0,0.0,-1.68951065,-8.95722275,0.65813169,1.75869999,-66.81066984,65.2234517,0.0,0.0,-5.19160718,-24.99999983,11.46876985,-23.36408126,8.71310313,0.0,1.61422595,7.70158895,2.3117304
1760624972.6,-19.46230618,-13.41177374,49.14848283,0.40669504,0.97646157,0.08174455,80.0,-7.0,0.0,80.0,1.3962634,0.0,0.0,0.0,80.0,-7.0,0.0,80.0,1.3962634,0.0,0.0,0.0,-1.30702147,-8.70730266,0.20056838,7.89795543,-66.3903072,72.92925935,0.0,0.0,-7.69313573,-24.99999983,11.16289148,-23.31300467,8.18903567,0.0,1.6097683,7.75470717,2.37217218
1760624972.633,-19.51393825,-13.54218769,48.94974715,0.40171466,0.97778082,0.08027975,80.0,-7.0,0.0,80.0,1.3962634,0.0,0.0,0.0,80.0,-7.0,0.0,80.0,1.3962634,0.0,0.0,0.0,-1.15900999,-8.08206498,0.28749412,11.23492487,-67.40395132,76.95523213,0.0,0.0,-8.25285539,-24.99999983,11.32796683,-22.82511454,8.04102625,0.0,1.78502732,7.8438293,2.47181204
1760624972.666,-19.54448481,-13.67812087,48.6562193,0.39772511,0.97981703,0.07899168,80.0,-7.0,0.0,80.0,1.3962634,0.0,0.0,0.0,80.0,-7.0,0.0,80.0,1.3962634,0.0,0.0,0.0,-0.82586573,-7.11497656,-0.35423773,16.12508101,-67.4035515,82.62734742,0.0,0.0,-9.0379837,-24.99999983,11.10027029,-22.05267683,7.06343289,0.0,1.93379054,7.8562707,2.4845498
1760624972.7,-19.53681949,-13.76704477,48.45403842,0.39638791,0.98038091,0.07877267,80.0,-7.0,0.0,80.0,1.3962634,0.0,0.0,0.0,80.0,-7.0,0.0,80.0,1.3962634,0.0,0.0,0.0,-1.02778363,-6.34514511,-0.37805016,18.24254509,-67.92785563,84.47653027,0.0,0.0,-8.58602579,-24.99999983,11.44781502,-21.39355872,6.82666264,0.0,1.96042517,7.87371694,2.49459013
1760624972.733,-19.51077883,-13.85522654,48.28004458,0.39443233,0.97810349,0.07891516,80.0,-7.0,0.0,80.0,1.3962634,0.0,0.0,0.0,80.0,-7.0,0.0,80.0,1.3962634,0.0,0.0,0.0,-1.39494522,-5.63709381,0.47349094,17.16337728,-70.46499831,82.79633538,0.0,0.0,-6.45857988,-24.99999983,12.05338606,-20.84921996,7.3716169,0.0,2.02847701,7.99316009,2.64812626
1760624972.767,-19.43056059,-13.92020969,48.10425018,0.39509758,0.97920488,0.07874129,80.0,-7.0,0.0,80.0,1.3962634,0.0,0.0,0.0,80.0,-7.0,0.0,80.0,1.3962634,0.0,0.0,0.0,-1.07910489,-5.56324752,0.18646782,17.59773127,-69.77263958,84.34229967,0.0,0.0,-7.08086883,-24.99999983,11.76218968,-20.86291315,7.00796712,0.0,1.87231188,7.90440151,2.57244572
1760624972.8,-19.3273455,-13.94753462,48.02584399,0.39602332,0.97864389,0.07921761,80.0,-7.0,0.0,80.0,1.3962634,0.0,0.0,0.0,80.0,-7.0,0.0,80.0,1.3962634,0.0,0.0,0.0,-1.21861062,-5.31428777,0.73010607,16.49125429,-70.09785296,83.51317567,0.0,0.0,-7.08310458,-24.99999983,11.95156286,-20.69058419,7.32775576,0.0,1.9356026,7.95559761,2.64704723
1760624972.834,-19.1936806,-13.97802931,48.01256252,0.39497352,0.97892691,0.0802689,80.0,-7.0,0.0,80.0,1.3962634,0.0,0.0,0.0,80.0,-7.0,0.0,80.0,1.3962634,0.0,0.0,0.0,-1.13061208,-5.35510077,0.85578207,16.0868501,-68.65930392,83.68584017,0.0,0.0,-8.67094758,-24.99999983,11.82204921,-20.80740233,7.51871077,0.0,1.81804671,7.96199725,2.71674605
1760624972.867,-19.01025643,-13.97431466,47.88737879,0.39463252,0.97899289,0.07982443,80.0,-7.0,0.0,80.0,1.3962634,0.0,0.0,0.0,80.0,-7.0,0.0,80.0,1.3962634,0.0,0.0,0.0,-1.24399565,-5.50775394,1.17300527,14.62308111,-68.59824559,83.07886094,0.0,0.0,-9.19414843,-24.99999983,11.92819169,-20.94142768,7.67288973,0.0,1.75190755,7.95249019,2.74761688
1760624972.901,-18.90697809,-13.9619459,47.81539065,0.39044823,0.97868681,0.07937281,80.0,-7.0,0.0,80.0,1.3962634,0.0,0.0,0.0,80.0,-7.0,0.0,80.0,1.3962634,0.0,0.0,0.0,-1.42127939,-5.37724911,1.04261489,14.29586456,-68.64007649,83.27057052,0.0,0.0,-9.53791635,-24.99999983,12.01616004,-20.72638114,7.52515853,0.0,1.52964181,7.90902193,2.69922464
1760624972.934,-18.93357632,-14.00630808,47.72411031,0.38797763,0.97802495,0.07943711,80.0,-7.0,0.0,80.0,1.3962634,0.0,0.0,0.0,80.0,-7.0,0.0,80.0,1.3962634,0.0,0.0,0.0,-1.59854334,-4.82836621,1.47770182,12.60211138,-69.21824162,81.18448909,0.0,0.0,-9.26012558,-24.99999983,12.35384125,-20.03587392,7.96994796,0.0,1.1728631,7.91318888,2.74712295
1760624972.968,-19.08851748,-14.13241636,47.63535754,0.38734438,0.97659644,0.07741569,80.0,-7.0,0.0,80.0,1.3962634,0.0,0.0,0.0,80.0,-7.0,0.0,80.0,1.3962634,0.0,0.0,0.0,-1.88672851,-4.84569891,2.5684226,5.83000249,-70.57855572,71.57414557,0.0,0.0,-6.20281349,-24.99999983,13.35875923,-19.65830431,9.19188984,0.0,0.77411675,7.92758811,2.72432634
1760624973.001,-19.19337278,-14.20107441,47.61829066,0.38630654,0.97442126,0.07465508,80.0,-7.0,0.0,80.0,1.3962634,0.0,0.0,0.0,80.0,-7.0,0.0,80.0,1.3962634,0.0,0.0,0.0,-2.179948,-4.84795036,3.69815195,-2.35581717,-71.43124755,59.96815551,0.0,0.0,-2.68350532,-24.99999983,14.18885749,-19.44787115,10.08003695,0.0,0.85697552,8.02895844,2.78536092
1760624973.035,-19.39133167,-14.39292268,47.72754009,0.38727398,0.97329815,0.07232095,80.0,-7.0,0.0,80.0,1.3962634,0.0,0.0,0.0,80.0,-7.0,0.0,80.0,1.3962634,0.0,0.0,0.0,-2.52610584,-4.7277842,4.73503192,-13.43600538,-71.28857461,43.81801565,0.0,0.0,1.6176048,-24.99999983,15.1199028,-19.13923599,10.73724666,0.0,1.30210863,8.09108356,2.81607018
1760624973.068,-19.51502883,-14.534453,47.87476424,0.38957412,0.97345187,0.07142169,80.0,-7.0,0.0,80.0,1.3962634,0.0,0.0,0.0,80.0,-7.0,0.0,80.0,1.3962634,0.0,0.0,0.0,-2.72714157,-4.77333759,5.45321626,-18.00726939,-69.47146165,36.11280263,0.0,0.0,2.68984036,-24.99999983,15.55586743,-19.26579231,11.19964287,0.0,1.59772558,8.10904762,2.80971555
1760624973.101,-19.62840836,-14.6537719,48.05104353,0.39168532,0.97479541,0.07201984,80.0,-7.0,0.0,80.0,1.3962634,0.0,0.0,0.0,80.0,-7.0,0.0,80.0,1.3962634,0.0,0.0,0.0,-3.17106868,-5.03634414,5.9654419,-22.50503696,-67.66804409,29.4234283,0.0,0.0,3.85031459,-24.99999983,16.07170176,-19.71189545,11.80415282,0.0,1.65491523,8.10575298,2.78528892
1760624973.135,-19.79420083,-14.78784427,48.29805365,0.40151219,0.97597971,0.07237866,80.0,-7.0,0.0,80.0,1.3962634,0.0,0.0,0.0,80.0,-7.0,0.0,80.0,1.3962634,0.0,0.0,0.0,-3.75741315,-4.84217503,5.80070733,-23.52192827,-65.81328872,26.20382602,0.0,0.0,4.3036684,-24.99999983,16.47947972,-19.75162914,11.96021338,0.0,1.56759586,7.96650196,2.61283082
1760624973.168,-19.85821447,-14.80387924,48.43993256,0.40535058,0.97728332,0.07145179,80.0,-7.0,0.0,80.0,1.3962634,0.0,0.0,0.0,80.0,-7.0,0.0,80.0,1.3962634,0.0,0.0,0.0,-3.98356631,-5.27831872,5.59558075,-24.82806129,-64.49217149,24.40009499,0.0,0.0,5.09923581,-24.99999983,16.61598627,-20.34566256,11.79674523,0.0,1.70359299,7.86877085,2.46978786
1760624973.235,-19.90383257,-14.5685757,48.65065891,0.40293823,0.97868303,0.06977754,80.0,-7.0,0.0,80.0,1.3962634,0.0,0.0,0.0,80.0,-7.0,0.0,80.0,1.3962634,0.0,0.0,0.0,-4.34293943,-7.07776285,5.88788716,-33.39426727,-62.10191743,17.0590149,0.0,0.0,9.21318117,-24.99999983,17.03901764,-22.22810802,12.11600527,0.0,1.8802363,7.87794048,2.37751448
1760624973.269,-19.99783016,-14.61301535,48.76527536,0.41098886,0.97738768,0.07517247,80.0,-7.0,0.0,80.0,1.3962634,0.0,0.0,0.0,80.0,-7.0,0.0,80.0,1.3962634,0.0,0.0,0.0,-3.66495192,-7.73009201,5.44257435,-33.20400051,-61.10285794,18.14250184,0.0,0.0,9.95853409,-24.99999983,16.31028522,-23.07428044,11.77582449,0.0,2.12737119,7.85446168,2.39026137
1760624973.302,-20.06733926,-14.661516,48.85347786,0.4199535,0.97593428,0.07938242,80.0,-7.0,0.0,80.0,1.3962634,0.0,0.0,0.0,80.0,-7.0,0.0,80.0,1.3962634,0.0,0.0,0.0,-3.39021102,-8.06519976,5.32892285,-32.68418477,-60.41065484,19.09627814,0.0,0.0,10.58870887,-24.99999983,15.96910267,-23.50438668,11.7521921,0.0,2.28583858,7.85977304,2.46398825
1760624973.336,-20.13083166,-14.77469741,48.99258648,0.42624623,0.97484852,0.08240214,80.0,-7.0,0.0,80.0,1.3962634,0.0,0.0,0.0,80.0,-7.0,0.0,80.0,1.3962634,0.0,0.0,0.0,-2.97905044,-8.29969216,5.15052347,-32.13741849,-60.21442787,20.82769636,0.0,0.0,10.94696826,-24.99999983,15.37284291,-23.85283251,12.03100565,0.0,2.09528284,7.88796947,2.57374938
1760624973.369,-20.20756378,-14.85550236,49.07808792,0.42783259,0.97468343,0.08307395,80.0,-7.0,0.0,80.0,1.3962634,0.0,0.0,0.0,80.0,-7.0,0.0,80.0,1.3962634,0.0,0.0,0.0,-2.80974201,-8.36050098,4.82192094,-31.24445405,-60.54690323,22.82610944,0.0,0.0,10.93053715,-24.99999983,15.0153467,-23.955789,12.10857967,0.0,2.05562211,7.89561246,2.63983077
1760624973.402,-20.3047021,-14.77804345,49.0821192,0.42651206,0.9731858,0.08415985,80.0,-7.0,0.0,80.0,1.3962634,0.0,0.0,0.0,80.0,-7.0,0.0,80.0,1.3962634,0.0,0.0,0.0,-3.16627223,-8.2310048,5.5984281,-34.73551893,-61.40936356,20.22305493,0.0,0.0,12.09856403,-24.99999983,15.41361519,-23.87889853,12.84895988,0.0,2.38333119,8.07990083,2.95315832
1760624973.436,-20.41753014,-14.50624683,49.0733893,0.43526248,0.97080768,0.08698817,80.0,-7.0,0.0,80.0,1.3962634,0.0,0.0,0.0,80.0,-7.0,0.0,80.0,1.3962634,0.0,0.0,0.0,-3.36120581,-8.62141287,5.38378211,-35.42114718,-62.25644324,21.0474718,0.0,0.0,12.79296256,-24.99999983,15.63818595,-23.99122738,13.35714594,0.0,2.12627945,8.05019242,2.90757685
1760624973.469,-20.47303488,-14.3682097,49.18944353,0.43630827,0.96919298,0.08899737,80.0,-7.0,0.0,80.0,1.3962634,0.0,0.0,0.0,80.0,-7.0,0.0,80.0,1.3962634,0.0,0.0,0.0,-2.94282162,-9.04314894,5.65616163,-36.02035965,-62.29742414,21.98980892,0.0,0.0,12.90702568,-24.99999983,15.59179856,-24.27087181,14.21228452,0.0,2.03538353,8.08155969,2.9229444
1760624973.503,-20.54542989,-14.31837682,49.43353956,0.43784103,0.97076836,0.08892918,80.0,-7.0,0.0,80.0,1.3962634,0.0,0.0,0.0,80.0,-7.0,0.0,80.0,1.3962634,0.0,0.0,0.0,-2.89007528,-10.21636935,5.97842249,-34.53578021,-61.65929172,24.66906674,0.0,0.0,12.25801959,-24.99999983,16.38321915,-24.97980802,15.60397722,0.0,1.98965378,8.00545492,2.78914412
1760624973.536,-20.62114244,-14.33078245,49.77434994,0.4374489,0.9715454,0.08978221,80.0,-7.0,0.0,80.0,1.3962634,0.0,0.0,0.0,80.0,-7.0,0.0,80.0,1.3962634,0.0,0.0,0.0,-3.0260512,-10.53207544,6.11946326,-34.98780539,-61.56019989,25.49737761,0.0,0.0,12.06474069,-24.99999983,17.0415707,-25.06125193,16.74983083,0.0,1.94784723,8.01882489,2.75234979
1760624973.57,-20.64597469,-14.3364508,49.90144068,0.43282113,0.97261665,0.09271199,80.0,-7.0,0.0,80.0,1.3962634,0.0,0.0,0.0,80.0,-7.0,0.0,80.0,1.3962634,0.0,0.0,0.0,-3.13172676,-10.3601111,5.67677204,-35.44845955,-62.04823218,26.1589234,0.0,0.0,12.64035192,-24.99999983,17.11457404,-24.86469738,16.68952678,0.0,1.83121658,7.99105325,2.73132565
1760624973.604,-20.66647601,-14.31247223,49.90012217,0.43468769,0.97375804,0.09264117,80.0,-7.0,0.0,80.0,1.3962634,0.0,0.0,0.0,80.0,-7.0,0.0,80.0,1.3962634,0.0,0.0,0.0,-3.66406612,-10.138652,5.70108133,-35.66255675,-62.37191175,26.86957309,0.0,0.0,13.02043594,-24.99999983,17.73651141,-24.3700282,16.89858376,0.0,1.85228871,7.91215433,2.63065922
1760624973.637,-20.74153403,-14.23074336,49.76951206,0.4358914,0.97387761,0.09406085,80.0,-7.0,0.0,80.0,1.3962634,0.0,0.0,0.0,80.0,-7.0,0.0,80.0,1.3962634,0.0,0.0,0.0,-3.89576578,-10.10714819,5.75647295,-36.66890692,-62.55809456,28.16826356,0.0,0.0,14.09527434,-24.99999983,17.88191888,-24.40586046,16.64498855,0.0,2.17932013,7.88105972,2.60255359
1760624973.67,-20.84413654,-14.12355606,49.51292649,0.44671057,0.97507927,0.09753992,80.0,-7.0,0.0,80.0,1.3962634,0.0,0.0,0.0,80.0,-7.0,0.0,80.0,1.3962634,0.0,0.0,0.0,-3.61050087,-10.51447127,5.80833733,-33.92604282,-61.62516344,31.99955191,0.0,0.0,13.36157411,-24.99999983,17.57668941,-24.88075834,16.457021,0.0,2.15779677,7.81277397,2.51609318
1760624973.704,-20.96862485,-14.04497089,49.20290846,0.45566784,0.97456951,0.0986205,80.0,-7.0,0.0,80.0,1.3962634,0.0,0.0,0.0,80.0,-7.0,0.0,80.0,1.3962634,0.0,0.0,0.0,-3.61974293,-10.7702668,6.34792168,-33.70078635,-61.09833154,32.00955984,0.0,0.0,12.57074688,-24.99999983,17.75416393,-25.03133479,16.85580632,0.0,2.02385371,7.75215976,2.42511044
1760624973.737,-21.10907147,-14.05817815,49.02296073,0.4576936,0.974532,0.09740612,80.0,-7.0,0.0,80.0,1.3962634,0.0,0.0,0.0,80.0,-7.0,0.0,80.0,1.3962634,0.0,0.0,0.0,-3.80104076,-11.13831224,7.19575436,-34.50188677,-60.96355586,30.51348101,0.0,0.0,12.43870928,-24.99999983,18.2645781,-25.28635113,17.58169886,0.0,2.15802871,7.81853033,2.46955474
1760624973.77,-21.1503919,-14.16175669,49.05662942,0.45710772,0.97559364,0.09712719,80.0,-7.0,0.0,80.0,1.3962634,0.0,0.0,0.0,80.0,-7.0,0.0,80.0,1.3962634,0.0,0.0,0.0,-3.49989591,-11.12340855,7.27751984,-33.0778238,-60.44784025,32.02211398,0.0,0.0,10.46932856,-24.99999983,18.009332,-25.40988629,17.40154442,0.0,2.48811441,7.86629776,2.53824099
1760624973.804,-21.1475245,-14.27988689,49.08735051,0.45700951,0.97612733,0.09653987,80.0,-7.0,0.0,80.0,1.3962634,0.0,0.0,0.0,80.0,-7.0,0.0,80.0,1.3962634,0.0,0.0,0.0,-3.33860892,-10.91114025,7.04102405,-33.22412496,-60.58219245,31.36985467,0.0,0.0,8.13915641,-24.99999983,17.75978866,-25.30690692,17.16274014,0.0,2.54129809,7.86896776,2.57207128
1760624973.837,-21.11885113,-14.35130451,49.05503293,0.45865993,0.97695512,0.09577117,80.0,-7.0,0.0,80.0,1.3962634,0.0,0.0,0.0,80.0,-7.0,0.0,80.0,1.3962634,0.0,0.0,0.0,-3.21368832,-10.84090666,7.0355431,-31.76951895,-59.66983127,30.87557977,0.0,0.0,2.89810987,-24.99999983,17.61707688,-25.21886428,17.18820075,0.0,2.64992477,7.86271718,2.57068145
1760624973.871,-21.05722178,-14.36609043,48.98347983,0.45600094,0.97849803,0.09530262,80.0,-7.0,0.0,80.0,1.3962634,0.0,0.0,0.0,80.0,-7.0,0.0,80.0,1.3962634,0.0,0.0,0.0,-2.94903109,-10.82847392,6.76234871,-30.05876317,-59.07016914,32.57977667,0.0,0.0,0.20041807,-24.99999983,17.19106427,-25.3349543,16.85209127,0.0,2.75158073,7.85043235,2.58176924
