Coordinates
version=1
nRows=1370
nColumns=40
inDegrees=yes
endheader
time	pelvis_tilt	pelvis_list	pelvis_rotation	pelvis_tx	pelvis_ty	pelvis_tz	hip_flexion_r	hip_adduction_r	hip_rotation_r	knee_angle_r	knee_angle_r_beta	ankle_angle_r	subtalar_angle_r	mtp_angle_r	hip_flexion_l	hip_adduction_l	hip_rotation_l	knee_angle_l	knee_angle_l_beta	ankle_angle_l	subtalar_angle_l	mtp_angle_l	lumbar_extension	lumbar_bending	lumbar_rotation	arm_flex_r	arm_add_r	arm_rot_r	elbow_flex_r	pro_sup_r	wrist_flex_r	wrist_dev_r	arm_flex_l	arm_add_l	arm_rot_l	elbow_flex_l	pro_sup_l	wrist_flex_l	wrist_dev_l
1760624777.95199990	      4.16306320	      0.32508380	     -0.08286388	      0.06240725	      0.94659331	      0.00597504	     80.00000000	     -7.00000000	      0.00000000	     80.00000000	      1.39626340	      0.00000000	      0.00000000	      0.00000000	     80.00000000	     -7.00000000	      0.00000000	     80.00000000	      1.39626340	      0.00000000	      0.00000000	      0.00000000	     -5.80994001	     -0.18379138	      0.02384078	      3.06639971	     -2.94955648	     -0.02056366	      9.41368093	      0.00000000	     -6.28397597	     -3.12156220	      2.43665368	     -1.41196347	      0.01425824	      0.63725292	      0.10602920	      2.70369497	     -1.48247419
1760624777.98600006	      4.15117037	      0.32836083	     -0.07922420	      0.06297748	      0.94735998	      0.00548747	     80.00000000	     -7.00000000	      0.00000000	     80.00000000	      1.39626340	      0.00000000	      0.00000000	      0.00000000	     80.00000000	     -7.00000000	      0.00000000	     80.00000000	      1.39626340	      0.00000000	      0.00000000	      0.00000000	     -5.81723576	     -0.17971767	      0.02880888	      3.08683885	     -2.96152785	      0.01378035	      9.42475766	      0.00000000	     -6.28781842	     -3.12751685	      2.43979304	     -1.43114573	      0.05131017	      0.65187835	      0.09606266	      2.71135619	     -1.48626200
1760624778.01900005	      4.17220328	      0.33648540	     -0.07386633	      0.06414264	      0.94962377	      0.00539450	     80.00000000	     -7.00000000	      0.00000000	     80.00000000	      1.39626340	      0.00000000	      0.00000000	      0.00000000	     80.00000000	     -7.00000000	      0.00000000	     80.00000000	      1.39626340	      0.00000000	      0.00000000	      0.00000000	     -5.83922223	     -0.21175244	      0.05203386	      3.09806965	     -2.93228880	     -0.02513523	      9.63438031	      0.01962231	     -6.46728067	     -3.19360596	      2.43842883	     -1.45936740	      0.13385948	      0.67677091	      0.03722734	      2.86010283	     -1.46452982
1760624778.05299997	      4.05017409	      0.33539600	     -0.06515681	      0.06222147	      0.95001040	      0.00534781	     80.00000000	     -7.00000000	      0.00000000	     80.00000000	      1.39626340	      0.00000000	      0.00000000	      0.00000000	     80.00000000	     -7.00000000	      0.00000000	     80.00000000	      1.39626340	      0.00000000	      0.00000000	      0.00000000	     -5.71531112	     -0.20147755	      0.04777509	      3.02863974	     -2.93661418	     -0.08064382	      9.45037705	      0.18332356	     -6.35990072	     -3.14735009	      2.42384216	     -1.45090176	      0.12909564	      0.69256154	      0.07832270	      2.82440523	     -1.43301057
1760624778.08599997	      4.05739938	      0.33593542	     -0.06096515	      0.06260010	      0.95104095	      0.00560225	     80.00000000	     -7.00000000	      0.00000000	     80.00000000	      1.39626340	      0.00000000	      0.00000000	      0.00000000	     80.00000000	     -7.00000000	      0.00000000	     80.00000000	      1.39626340	      0.00000000	      0.00000000	      0.00000000	     -5.76372614	     -0.21781768	      0.03907259	      3.06830475	     -2.91919020	     -0.04696589	      9.54842874	      0.19537387	     -6.35002507	     -3.19518997	      2.44264317	     -1.47647677	      0.15045901	      0.68982168	      0.13471835	      2.82926112	     -1.41573134
1760624778.11999989	      4.07941577	      0.34402152	     -0.04230623	      0.06394532	      0.95187655	      0.00572367	     80.00000000	     -7.00000000	      0.00000000	     80.00000000	      1.39626340	      0.00000000	      0.00000000	      0.00000000	     80.00000000	     -7.00000000	      0.00000000	     80.00000000	      1.39626340	      0.00000000	      0.00000000	      0.00000000	     -5.80494578	     -0.21507044	      0.05023458	      3.08468124	     -2.94869877	     -0.09606073	      9.61476349	      0.25225112	     -6.39986949	     -3.21097201	      2.44039962	     -1.46496426	      0.22489901	      0.69119338	      0.12302103	      2.82970175	     -1.43280600
1760624778.15300012	      4.08196947	      0.35313796	     -0.03388412	      0.06391896	      0.95219883	      0.00572794	     80.00000000	     -7.00000000	      0.00000000	     80.00000000	      1.39626340	      0.00000000	      0.00000000	      0.00000000	     80.00000000	     -7.00000000	      0.00000000	     80.00000000	      1.39626340	      0.00000000	      0.00000000	      0.00000000	     -5.87074424	     -0.20792292	      0.04665070	      3.13562907	     -2.98181534	     -0.12299634	      9.62138714	      0.36140463	     -6.43750001	     -3.21401899	      2.48684960	     -1.45340426	      0.23865459	      0.69297337	      0.05045516	      2.82248889	     -1.42944097
1760624778.18700004	      4.06908866	      0.33905756	     -0.02551237	      0.06395263	      0.95429675	      0.00577031	     80.00000000	     -7.00000000	      0.00000000	     80.00000000	      1.39626340	      0.00000000	      0.00000000	      0.00000000	     80.00000000	     -7.00000000	      0.00000000	     80.00000000	      1.39626340	      0.00000000	      0.00000000	      0.00000000	     -5.88989098	     -0.22376629	      0.04377860	      3.17171038	     -2.97714435	     -0.15241126	      9.66065198	      0.41368365	     -6.44176383	     -3.21863502	      2.49298450	     -1.48227222	      0.26325395	      0.71715390	      0.00000000	      2.82292896	     -1.43813464
1760624778.22000003	      4.22731018	      0.34646958	      0.00189741	      0.06632461	      0.95530149	      0.00569042	     80.00000000	     -7.00000000	      0.00000000	     80.00000000	      1.39626340	      0.00000000	      0.00000000	      0.00000000	     80.00000000	     -7.00000000	      0.00000000	     80.00000000	      1.39626340	      0.00000000	      0.00000000	      0.00000000	     -6.12608522	     -0.22192047	      0.04603662	      3.27011427	     -2.99303810	     -0.23779306	      9.99923816	      0.51313844	     -6.70974256	     -3.29138790	      2.58954661	     -1.48445770	      0.25138344	      0.72930095	      0.04762996	      2.90949861	     -1.44814455
1760624778.25300002	      4.31301399	      0.34119010	      0.02023035	      0.06761628	      0.95554979	      0.00577187	     80.00000000	     -7.00000000	      0.00000000	     80.00000000	      1.39626340	      0.00000000	      0.00000000	      0.00000000	     80.00000000	     -7.00000000	      0.00000000	     80.00000000	      1.39626340	      0.00000000	      0.00000000	      0.00000000	     -6.30079528	     -0.19813055	      0.05640195	      3.39024168	     -3.01186340	     -0.29158000	     10.27361757	      0.53855712	     -6.98782006	     -3.35401097	      2.69339047	     -1.48104845	      0.23078605	      0.73189424	      0.07818815	      2.96041462	     -1.42494353
1760624778.28699994	      4.37315480	      0.34223743	      0.03436918	      0.06815572	      0.95583989	      0.00597816	     80.00000000	     -7.00000000	      0.00000000	     80.00000000	      1.39626340	      0.00000000	      0.00000000	      0.00000000	     80.00000000	     -7.00000000	      0.00000000	     80.00000000	      1.39626340	      0.00000000	      0.00000000	      0.00000000	     -6.44232858	     -0.19183392	      0.06087515	      3.48551545	     -3.01289377	     -0.29923503	     10.44348391	      0.56047761	     -7.12042472	     -3.40058724	      2.78895531	     -1.48654814	      0.20056165	      0.74545988	      0.08716146	      2.99661014	     -1.43092703
1760624778.31999993	      4.35369525	      0.34345142	      0.04172759	      0.06758728	      0.95610289	      0.00654753	     80.00000000	     -7.00000000	      0.00000000	     80.00000000	      1.39626340	      0.00000000	      0.00000000	      0.00000000	     80.00000000	     -7.00000000	      0.00000000	     80.00000000	      1.39626340	      0.00000000	      0.00000000	      0.00000000	     -6.46333285	     -0.19059709	      0.06424897	      3.51150629	     -3.01159049	     -0.30329398	     10.44867352	      0.57607287	     -7.12207132	     -3.40484840	      2.83334129	     -1.49078422	      0.18511757	      0.74346676	      0.00000000	      3.00098732	     -1.42743861
1760624778.35400009	      4.33451748	      0.34278799	      0.04882017	      0.06659584	      0.95637009	      0.00654950	     80.00000000	     -7.00000000	      0.00000000	     80.00000000	      1.39626340	      0.00000000	      0.00000000	      0.00000000	     80.00000000	     -7.00000000	      0.00000000	     80.00000000	      1.39626340	      0.00000000	      0.00000000	      0.00000000	     -6.49153839	     -0.18624466	      0.06975812	      3.57566394	     -3.02423625	     -0.32019112	     10.43216356	      0.64845409	     -7.14693191	     -3.41675427	      2.89032889	     -1.50164195	      0.10898490	      0.75212579	      0.02216735	      3.01181466	     -1.42115210
1760624778.38700008	      4.31855901	      0.34282948	      0.05393943	      0.06490306	      0.95641667	      0.00673004	     80.00000000	     -7.00000000	      0.00000000	     80.00000000	      1.39626340	      0.00000000	      0.00000000	      0.00000000	     80.00000000	     -7.00000000	      0.00000000	     80.00000000	      1.39626340	      0.00000000	      0.00000000	      0.00000000	     -6.49268421	     -0.18014068	      0.07407400	      3.59489563	     -3.03803758	     -0.31924404	     10.40615773	      0.65605893	     -7.14051115	     -3.42789863	      2.91600179	     -1.49332394	      0.07311309	      0.72031097	      0.02050348	      3.00645837	     -1.42351621
1760624778.42100000	      4.31736610	      0.33903947	      0.05870371	      0.06265957	      0.95630740	      0.00652551	     80.00000000	     -7.00000000	      0.00000000	     80.00000000	      1.39626340	      0.00000000	      0.00000000	      0.00000000	     80.00000000	     -7.00000000	      0.00000000	     80.00000000	      1.39626340	      0.00000000	      0.00000000	      0.00000000	     -6.53242279	     -0.16732524	      0.07369916	      3.65355908	     -3.07871325	     -0.39390518	     10.41924380	      0.77374728	     -7.14238112	     -3.41469004	      2.97190480	     -1.49120183	      0.01740944	      0.72435279	      0.08801731	      3.00474169	     -1.42574184
1760624778.48799992	      4.25157103	      0.29966375	      0.09443390	      0.05922403	      0.95665043	      0.00603546	     80.00000000	     -7.00000000	      0.00000000	     80.00000000	      1.39626340	      0.00000000	      0.00000000	      0.00000000	     80.00000000	     -7.00000000	      0.00000000	     80.00000000	      1.39626340	      0.00000000	      0.00000000	      0.00000000	     -6.51138735	     -0.07583475	      0.07108600	      3.73165670	     -3.20164765	     -0.51056195	     10.19987244	      0.93652419	     -7.01933012	     -3.36855959	      3.04110629	     -1.44670111	     -0.04326926	      0.69317652	      0.11065989	      2.93678844	     -1.40661455
1760624778.52099991	      4.18013829	      0.29366727	      0.11168278	      0.05836861	      0.95694844	      0.00591482	     80.00000000	     -7.00000000	      0.00000000	     80.00000000	      1.39626340	      0.00000000	      0.00000000	      0.00000000	     80.00000000	     -7.00000000	      0.00000000	     80.00000000	      1.39626340	      0.00000000	      0.00000000	      0.00000000	     -6.45101628	     -0.06352619	      0.07559665	      3.75169902	     -3.21817946	     -0.51157703	     10.04026889	      0.93571071	     -6.89681513	     -3.36139457	      3.06366828	     -1.44624834	     -0.07627276	      0.67444219	      0.08635480	      2.89904059	     -1.39572465
1760624778.55399990	      4.01535120	      0.29615267	      0.12512099	      0.05591337	      0.95642183	      0.00588110	     80.00000000	     -7.00000000	      0.00000000	     80.00000000	      1.39626340	      0.00000000	      0.00000000	      0.00000000	     80.00000000	     -7.00000000	      0.00000000	     80.00000000	      1.39626340	      0.00000000	      0.00000000	      0.00000000	     -6.29002034	     -0.05531299	      0.06954476	      3.74176520	     -3.24675563	     -0.47495677	      9.73134749	      0.87073521	     -6.66512007	     -3.32131254	      3.08355538	     -1.45124914	     -0.09949994	      0.64994463	      0.04882385	      2.84862214	     -1.38495166
1760624778.58800006	      3.85952101	      0.29962961	      0.13524742	      0.05414955	      0.95600789	      0.00564882	     80.00000000	     -7.00000000	      0.00000000	     80.00000000	      1.39626340	      0.00000000	      0.00000000	      0.00000000	     80.00000000	     -7.00000000	      0.00000000	     80.00000000	      1.39626340	      0.00000000	      0.00000000	      0.00000000	     -6.11735415	     -0.04144917	      0.05936853	      3.72008790	     -3.26145084	     -0.38974720	      9.41776180	      0.86365294	     -6.45180477	     -3.28447016	      3.06011344	     -1.44218928	     -0.11223434	      0.63856377	      0.01287734	      2.78686400	     -1.38691688
1760624778.62100005	      3.84646609	      0.30747160	      0.14402881	      0.05439471	      0.95595838	      0.00563261	     80.00000000	     -7.00000000	      0.00000000	     80.00000000	      1.39626340	      0.00000000	      0.00000000	      0.00000000	     80.00000000	     -7.00000000	      0.00000000	     80.00000000	      1.39626340	      0.00000000	      0.00000000	      0.00000000	     -6.10847036	     -0.03706682	      0.05925551	      3.74286572	     -3.28330424	     -0.38999325	      9.42278364	      0.85338066	     -6.41406898	     -3.29521813	      3.08661915	     -1.43527565	     -0.13095983	      0.65066779	      0.00000000	      2.80481264	     -1.37572104
1760624778.65499997	      3.82337122	      0.30981299	      0.15759488	      0.05471858	      0.95572029	      0.00557588	     80.00000000	     -7.00000000	      0.00000000	     80.00000000	      1.39626340	      0.00000000	      0.00000000	      0.00000000	     80.00000000	     -7.00000000	      0.00000000	     80.00000000	      1.39626340	      0.00000000	      0.00000000	      0.00000000	     -6.08696158	     -0.05185367	      0.06720509	      3.74984933	     -3.30247318	     -0.44764202	      9.45397669	      0.84450319	     -6.37805894	     -3.28437734	      3.14642354	     -1.43923192	     -0.22034493	      0.63855882	      0.00000000	      2.82125400	     -1.36507460
1760624778.68799996	      3.81414064	      0.31198848	      0.15612138	      0.05440157	      0.95565932	      0.00538402	     80.00000000	     -7.00000000	      0.00000000	     80.00000000	      1.39626340	      0.00000000	      0.00000000	      0.00000000	     80.00000000	     -7.00000000	      0.00000000	     80.00000000	      1.39626340	      0.00000000	      0.00000000	      0.00000000	     -6.06899854	     -0.06184807	      0.07129025	      3.76165960	     -3.29328244	     -0.39819486	      9.42476578	      0.82647652	     -6.39039941	     -3.29983806	      3.19158076	     -1.43827043	     -0.29979891	      0.63633113	      0.00000000	      2.83526375	     -1.37266350
1760624778.72199988	      3.79380475	      0.31737302	      0.16244651	      0.05476647	      0.95548825	      0.00517138	     80.00000000	     -7.00000000	      0.00000000	     80.00000000	      1.39626340	      0.00000000	      0.00000000	      0.00000000	     80.00000000	     -7.00000000	      0.00000000	     80.00000000	      1.39626340	      0.00000000	      0.00000000	      0.00000000	     -6.04321409	     -0.08824271	      0.08343801	      3.77207745	     -3.29880688	     -0.33960785	      9.41946469	      0.76469800	     -6.39691542	     -3.32549998	      3.24178032	     -1.45111761	     -0.36790527	      0.62840222	      0.00000000	      2.85891543	     -1.36473186
1760624778.75500011	      3.73306929	      0.33111309	      0.17524838	      0.05310633	      0.95546741	      0.00504179	     80.00000000	     -7.00000000	      0.00000000	     80.00000000	      1.39626340	      0.00000000	      0.00000000	      0.00000000	     80.00000000	     -7.00000000	      0.00000000	     80.00000000	      1.39626340	      0.00000000	      0.00000000	      0.00000000	     -5.96159930	     -0.10660040	      0.08610743	      3.74541701	     -3.31802042	     -0.39821122	      9.34227717	      0.84393538	     -6.36656664	     -3.31416877	      3.22751474	     -1.45620154	     -0.34345483	      0.62793608	      0.00000000	      2.84458193	     -1.35419346
1760624778.78900003	      3.73431515	      0.33359504	      0.18110743	      0.05308752	      0.95549415	      0.00496856	     80.00000000	     -7.00000000	      0.00000000	     80.00000000	      1.39626340	      0.00000000	      0.00000000	      0.00000000	     80.00000000	     -7.00000000	      0.00000000	     80.00000000	      1.39626340	      0.00000000	      0.00000000	      0.00000000	     -5.95350509	     -0.11417286	      0.08416500	      3.76440277	     -3.33607520	     -0.44213612	      9.32313338	      0.98106359	     -6.37849056	     -3.30648969	      3.23744582	     -1.46079435	     -0.32386874	      0.60664458	      0.00000000	      2.83725377	     -1.35403299
1760624778.82200003	      3.84117195	      0.35130273	      0.17955450	      0.05110492	      0.95610284	      0.00565659	     80.00000000	     -7.00000000	      0.00000000	     80.00000000	      1.39626340	      0.00000000	      0.00000000	      0.00000000	     80.00000000	     -7.00000000	      0.00000000	     80.00000000	      1.39626340	      0.00000000	      0.00000000	      0.00000000	     -6.09373843	     -0.13756723	      0.07730523	      3.85824013	     -3.36490787	     -0.52566420	      9.47062293	      1.03525910	     -6.49735690	     -3.27231350	      3.31393606	     -1.47528614	     -0.30763797	      0.60864854	      0.00000000	      2.86663749	     -1.35084106
1760624778.85599995	      3.91627863	      0.34990427	      0.18436822	      0.04969142	      0.95654233	      0.00588039	     80.00000000	     -7.00000000	      0.00000000	     80.00000000	      1.39626340	      0.00000000	      0.00000000	      0.00000000	     80.00000000	     -7.00000000	      0.00000000	     80.00000000	      1.39626340	      0.00000000	      0.00000000	      0.00000000	     -6.17328932	     -0.14483271	      0.08422432	      3.91232345	     -3.36954417	     -0.55600439	      9.53827682	      1.03929507	     -6.54225866	     -3.29008425	      3.36802455	     -1.48230560	     -0.29345711	      0.58088842	      0.00000000	      2.88450943	     -1.34724063
1760624778.88899994	      3.96811383	      0.33207714	      0.18558162	      0.04992089	      0.95653060	      0.00598049	     80.00000000	     -7.00000000	      0.00000000	     80.00000000	      1.39626340	      0.00000000	      0.00000000	      0.00000000	     80.00000000	     -7.00000000	      0.00000000	     80.00000000	      1.39626340	      0.00000000	      0.00000000	      0.00000000	     -6.21426707	     -0.12741919	      0.09806801	      3.94045617	     -3.39499673	     -0.59739394	      9.62757490	      1.10789887	     -6.62767543	     -3.27902950	      3.40530679	     -1.48367294	     -0.30197334	      0.57111942	      0.00000000	      2.89227441	     -1.34231791
1760624778.92199993	      3.97599437	      0.32293557	      0.19465093	      0.05090103	      0.95664685	      0.00618014	     80.00000000	     -7.00000000	      0.00000000	     80.00000000	      1.39626340	      0.00000000	      0.00000000	      0.00000000	     80.00000000	     -7.00000000	      0.00000000	     80.00000000	      1.39626340	      0.00000000	      0.00000000	      0.00000000	     -6.19807666	     -0.11337391	      0.11792146	      3.96413099	     -3.39759193	     -0.61889995	      9.62824031	      1.01996629	     -6.63827761	     -3.29215230	      3.43504968	     -1.48953356	     -0.28438567	      0.57072835	      0.00000000	      2.89341786	     -1.35429323
1760624778.95600009	      3.99537240	      0.30881419	      0.19700347	      0.05302568	      0.95659970	      0.00604537	     80.00000000	     -7.00000000	      0.00000000	     80.00000000	      1.39626340	      0.00000000	      0.00000000	      0.00000000	     80.00000000	     -7.00000000	      0.00000000	     80.00000000	      1.39626340	      0.00000000	      0.00000000	      0.00000000	     -6.19277428	     -0.08951391	      0.14484744	      3.98858707	     -3.42048574	     -0.56930456	      9.66263794	      0.94247866	     -6.65699176	     -3.29745279	      3.44543681	     -1.47927261	     -0.26582401	      0.58794768	      0.00000000	      2.90014448	     -1.36292842
1760624778.98900008	      4.00448766	      0.29289274	      0.19464280	      0.05391451	      0.95648338	      0.00562617	     80.00000000	     -7.00000000	      0.00000000	     80.00000000	      1.39626340	      0.00000000	      0.00000000	      0.00000000	     80.00000000	     -7.00000000	      0.00000000	     80.00000000	      1.39626340	      0.00000000	      0.00000000	      0.00000000	     -6.16999274	     -0.07221222	      0.16824215	      3.99843518	     -3.42452214	     -0.51459065	      9.64329459	      0.93507439	     -6.67364862	     -3.31550679	      3.45627657	     -1.47082831	     -0.27125656	      0.59036378	      0.00000000	      2.90600272	     -1.35333765
1760624779.02300000	      4.01343492	      0.27740524	      0.19285321	      0.05498183	      0.95643984	      0.00528220	     80.00000000	     -7.00000000	      0.00000000	     80.00000000	      1.39626340	      0.00000000	      0.00000000	      0.00000000	     80.00000000	     -7.00000000	      0.00000000	     80.00000000	      1.39626340	      0.00000000	      0.00000000	      0.00000000	     -6.15210839	     -0.05534670	      0.19122401	      4.04166614	     -3.43928929	     -0.52590607	      9.70354433	      0.91073702	     -6.66011516	     -3.32911185	      3.47549067	     -1.45753395	     -0.27303909	      0.60092988	      0.00000000	      2.92279553	     -1.34147784
1760624779.05599999	      4.02126149	      0.26720246	      0.18803433	      0.05561026	      0.95619224	      0.00468301	     80.00000000	     -7.00000000	      0.00000000	     80.00000000	      1.39626340	      0.00000000	      0.00000000	      0.00000000	     80.00000000	     -7.00000000	      0.00000000	     80.00000000	      1.39626340	      0.00000000	      0.00000000	      0.00000000	     -6.09750930	     -0.03695039	      0.19514404	      4.02312770	     -3.46260121	     -0.53367422	      9.66822532	      0.88716902	     -6.67594482	     -3.33974113	      3.43485959	     -1.43110528	     -0.25468530	      0.60142947	      0.00000000	      2.93136674	     -1.32497678
1760624779.08999991	      3.99247760	      0.24053618	      0.18439560	      0.05735833	      0.95586942	      0.00457060	     80.00000000	     -7.00000000	      0.00000000	     80.00000000	      1.39626340	      0.00000000	      0.00000000	      0.00000000	     80.00000000	     -7.00000000	      0.00000000	     80.00000000	      1.39626340	      0.00000000	      0.00000000	      0.00000000	     -6.05354479	     -0.01378262	      0.20968374	      4.07319118	     -3.47098736	     -0.53722969	      9.79690564	      0.86846728	     -6.72440836	     -3.37653824	      3.44475907	     -1.42690944	     -0.23180247	      0.59150984	      0.00000000	      2.95529334	     -1.30573141
1760624779.12299991	      4.00770616	      0.23625686	      0.19034509	      0.05765426	      0.95580695	      0.00482708	     80.00000000	     -7.00000000	      0.00000000	     80.00000000	      1.39626340	      0.00000000	      0.00000000	      0.00000000	     80.00000000	     -7.00000000	      0.00000000	     80.00000000	      1.39626340	      0.00000000	      0.00000000	      0.00000000	     -6.01166795	     -0.03001412	      0.21300551	      4.07044889	     -3.45931914	     -0.54344657	      9.79388402	      0.90248575	     -6.73576544	     -3.37977879	      3.42605119	     -1.43724222	     -0.21613464	      0.57875611	      0.00000000	      2.95119900	     -1.32050538
1760624779.15700006	      3.99658360	      0.24255008	      0.20275593	      0.05769437	      0.95585227	      0.00499792	     80.00000000	     -7.00000000	      0.00000000	     80.00000000	      1.39626340	      0.00000000	      0.00000000	      0.00000000	     80.00000000	     -7.00000000	      0.00000000	     80.00000000	      1.39626340	      0.00000000	      0.00000000	      0.00000000	     -5.99414081	     -0.04296992	      0.21357030	      4.08731349	     -3.46213431	     -0.58139595	      9.80488080	      0.92856017	     -6.73516163	     -3.37874310	      3.44109652	     -1.43121647	     -0.18364930	      0.58978790	      0.00000000	      2.94342447	     -1.33967582
1760624779.19000006	      4.00246771	      0.24471130	      0.21224853	      0.05732884	      0.95608027	      0.00485427	     80.00000000	     -7.00000000	      0.00000000	     80.00000000	      1.39626340	      0.00000000	      0.00000000	      0.00000000	     80.00000000	     -7.00000000	      0.00000000	     80.00000000	      1.39626340	      0.00000000	      0.00000000	      0.00000000	     -5.97815387	     -0.04883804	      0.21351022	      4.08490503	     -3.45945151	     -0.60688825	      9.81027732	      0.90562439	     -6.73695532	     -3.37550886	      3.43889274	     -1.41509519	     -0.12569428	      0.58747930	      0.00000000	      2.93979260	     -1.35781721
1760624779.22399998	      4.01664842	      0.24527645	      0.22868325	      0.05637174	      0.95629953	      0.00495903	     80.00000000	     -7.00000000	      0.00000000	     80.00000000	      1.39626340	      0.00000000	      0.00000000	      0.00000000	     80.00000000	     -7.00000000	      0.00000000	     80.00000000	      1.39626340	      0.00000000	      0.00000000	      0.00000000	     -5.98862360	     -0.06541094	      0.21747759	      4.09511465	     -3.44774888	     -0.63408336	      9.83417174	      0.91495042	     -6.74403998	     -3.37878033	      3.46083213	     -1.41785000	     -0.07984609	      0.61200113	      0.00000000	      2.93947764	     -1.37644258
1760624779.25699997	      4.03723058	      0.25331177	      0.24989728	      0.05605608	      0.95637611	      0.00479199	     80.00000000	     -7.00000000	      0.00000000	     80.00000000	      1.39626340	      0.00000000	      0.00000000	      0.00000000	     80.00000000	     -7.00000000	      0.00000000	     80.00000000	      1.39626340	      0.00000000	      0.00000000	      0.00000000	     -6.00744111	     -0.08115692	      0.23313708	      4.07825492	     -3.43954265	     -0.62967764	      9.84460403	      0.94032283	     -6.76648838	     -3.38776427	      3.47169336	     -1.40647847	     -0.03330235	      0.62502020	      0.00000000	      2.92761323	     -1.40523480
1760624779.28999996	      4.04778377	      0.26203626	      0.25398144	      0.05698003	      0.95621932	      0.00487642	     80.00000000	     -7.00000000	      0.00000000	     80.00000000	      1.39626340	      0.00000000	      0.00000000	      0.00000000	     80.00000000	     -7.00000000	      0.00000000	     80.00000000	      1.39626340	      0.00000000	      0.00000000	      0.00000000	     -6.01028530	     -0.09585250	      0.22986825	      4.05464664	     -3.42948846	     -0.65697905	      9.88600770	      0.99374087	     -6.76541103	     -3.39378076	      3.46664152	     -1.40100304	      0.00145064	      0.62142723	      0.00000000	      2.92361174	     -1.43113079
1760624779.32399988	      4.05604606	      0.26649380	      0.26878623	      0.05715871	      0.95634153	      0.00494689	     80.00000000	     -7.00000000	      0.00000000	     80.00000000	      1.39626340	      0.00000000	      0.00000000	      0.00000000	     80.00000000	     -7.00000000	      0.00000000	     80.00000000	      1.39626340	      0.00000000	      0.00000000	      0.00000000	     -5.98634842	     -0.11085725	      0.22604737	      3.99896016	     -3.41689721	     -0.72784149	      9.87463464	      1.07762183	     -6.76937026	     -3.39820941	      3.40706224	     -1.40183808	      0.04747786	      0.63536831	      0.00000000	      2.91266755	     -1.43372359
1760624779.35700011	      4.04848778	      0.26540991	      0.27390864	      0.05826816	      0.95631937	      0.00513920	     80.00000000	     -7.00000000	      0.00000000	     80.00000000	      1.39626340	      0.00000000	      0.00000000	      0.00000000	     80.00000000	     -7.00000000	      0.00000000	     80.00000000	      1.39626340	      0.00000000	      0.00000000	      0.00000000	     -5.94690378	     -0.13227014	      0.21536899	      3.96005556	     -3.39084954	     -0.71461369	      9.82980041	      1.06959694	     -6.77493889	     -3.38195262	      3.35967339	     -1.40749303	      0.07383742	      0.62763238	      0.00000000	      2.89877739	     -1.44460609
1760624779.39100003	      4.02229011	      0.26922641	      0.28302060	      0.05860081	      0.95621427	      0.00511945	     80.00000000	     -7.00000000	      0.00000000	     80.00000000	      1.39626340	      0.00000000	      0.00000000	      0.00000000	     80.00000000	     -7.00000000	      0.00000000	     80.00000000	      1.39626340	      0.00000000	      0.00000000	      0.00000000	     -5.91596677	     -0.14583740	      0.21292347	      3.96524286	     -3.36937938	     -0.72204892	      9.76774079	      1.00116377	     -6.77710399	     -3.36907046	      3.33008241	     -1.40572011	      0.11597548	      0.63210174	      0.00000000	      2.89424446	     -1.46025621
1760624779.42400002	      4.01043519	      0.26796620	      0.29184268	      0.05849517	      0.95617704	      0.00506574	     80.00000000	     -7.00000000	      0.00000000	     80.00000000	      1.39626340	      0.00000000	      0.00000000	      0.00000000	     80.00000000	     -7.00000000	      0.00000000	     80.00000000	      1.39626340	      0.00000000	      0.00000000	      0.00000000	     -5.88564621	     -0.16474775	      0.21211815	      3.91937107	     -3.36152466	     -0.73166263	      9.74880912	      1.03431745	     -6.73855903	     -3.35735614	      3.29148870	     -1.42144915	      0.10850808	      0.64097535	      0.00000000	      2.89426171	     -1.45540936
1760624779.45799994	      3.89507395	      0.28850188	      0.30288195	      0.05626547	      0.95611031	      0.00505833	     80.00000000	     -7.00000000	      0.00000000	     80.00000000	      1.39626340	      0.00000000	      0.00000000	      0.00000000	     80.00000000	     -7.00000000	      0.00000000	     80.00000000	      1.39626340	      0.00000000	      0.00000000	      0.00000000	     -5.74357666	     -0.20376616	      0.20796724	      3.86202803	     -3.33795538	     -0.68595391	      9.50275738	      0.98977648	     -6.52514878	     -3.32227722	      3.26280348	     -1.42783440	      0.10381432	      0.62976971	      0.00000000	      2.89644747	     -1.45406322
1760624779.49099994	      3.89735558	      0.28139182	      0.31331792	      0.05637791	      0.95651456	      0.00526889	     80.00000000	     -7.00000000	      0.00000000	     80.00000000	      1.39626340	      0.00000000	      0.00000000	      0.00000000	     80.00000000	     -7.00000000	      0.00000000	     80.00000000	      1.39626340	      0.00000000	      0.00000000	      0.00000000	     -5.74861313	     -0.21382985	      0.21747544	      3.85478857	     -3.34250226	     -0.65927808	      9.49511488	      0.99622447	     -6.52798949	     -3.32280478	      3.27220201	     -1.42996633	      0.11771648	      0.62745163	      0.00000000	      2.89929117	     -1.45256142
1760624779.52500010	      3.91540851	      0.27597131	      0.33131808	      0.05649821	      0.95662175	      0.00538931	     80.00000000	     -7.00000000	      0.00000000	     80.00000000	      1.39626340	      0.00000000	      0.00000000	      0.00000000	     80.00000000	     -7.00000000	      0.00000000	     80.00000000	      1.39626340	      0.00000000	      0.00000000	      0.00000000	     -5.75649964	     -0.23914159	      0.23274093	      3.82660940	     -3.32053108	     -0.73006871	      9.49789366	      1.01723509	     -6.52185956	     -3.32508613	      3.25369230	     -1.45614610	      0.11460083	      0.64843764	      0.00000000	      2.92041792	     -1.43351822
1760624779.55800009	      3.91591939	      0.27055884	      0.33654614	      0.05651179	      0.95665056	      0.00528054	     80.00000000	     -7.00000000	      0.00000000	     80.00000000	      1.39626340	      0.00000000	      0.00000000	      0.00000000	     80.00000000	     -7.00000000	      0.00000000	     80.00000000	      1.39626340	      0.00000000	      0.00000000	      0.00000000	     -5.75949112	     -0.24835821	      0.23785647	      3.81968479	     -3.32139791	     -0.74859607	      9.49616718	      1.01647568	     -6.52193314	     -3.32605782	      3.25255672	     -1.45276482	      0.09503008	      0.64364301	      0.00000000	      2.92325156	     -1.43041008
1760624779.59100008	      3.93068927	      0.27094096	      0.35440954	      0.05669986	      0.95688739	      0.00527265	     80.00000000	     -7.00000000	      0.00000000	     80.00000000	      1.39626340	      0.00000000	      0.00000000	      0.00000000	     80.00000000	     -7.00000000	      0.00000000	     80.00000000	      1.39626340	      0.00000000	      0.00000000	      0.00000000	     -5.74794538	     -0.27434583	      0.25615738	      3.77876290	     -3.30578866	     -0.75124130	      9.48055711	      1.01568207	     -6.52217463	     -3.32986275	      3.21213010	     -1.46118188	      0.13011795	      0.63065565	      0.00000000	      2.92555934	     -1.42507283
1760624779.62500000	      3.93828225	      0.27154141	      0.37696584	      0.05808129	      0.95687914	      0.00541992	     80.00000000	     -7.00000000	      0.00000000	     80.00000000	      1.39626340	      0.00000000	      0.00000000	      0.00000000	     80.00000000	     -7.00000000	      0.00000000	     80.00000000	      1.39626340	      0.00000000	      0.00000000	      0.00000000	     -5.73609867	     -0.29447389	      0.27350872	      3.74539307	     -3.28512144	     -0.77265385	      9.46905241	      0.98440879	     -6.51694320	     -3.33764605	      3.16031532	     -1.46913168	      0.17347388	      0.61975836	      0.00000000	      2.92224053	     -1.42154727
1760624779.65799999	      3.96107154	      0.26991028	      0.38613033	      0.05785876	      0.95718833	      0.00532450	     80.00000000	     -7.00000000	      0.00000000	     80.00000000	      1.39626340	      0.00000000	      0.00000000	      0.00000000	     80.00000000	     -7.00000000	      0.00000000	     80.00000000	      1.39626340	      0.00000000	      0.00000000	      0.00000000	     -5.74375348	     -0.31139993	      0.27995827	      3.73010724	     -3.27608464	     -0.73215273	      9.45948347	      0.93005185	     -6.51214588	     -3.35923517	      3.12149883	     -1.47611908	      0.18699945	      0.62974774	      0.00000000	      2.92598647	     -1.41705958
1760624779.69199991	      4.07444212	      0.25305527	      0.39717018	      0.05841750	      0.95755265	      0.00514531	     80.00000000	     -7.00000000	      0.00000000	     80.00000000	      1.39626340	      0.00000000	      0.00000000	      0.00000000	     80.00000000	     -7.00000000	      0.00000000	     80.00000000	      1.39626340	      0.00000000	      0.00000000	      0.00000000	     -5.86524314	     -0.32116786	      0.29082942	      3.74840308	     -3.25372872	     -0.70365347	      9.64739585	      0.81632262	     -6.59456442	     -3.42242811	      3.11570534	     -1.48662534	      0.22431660	      0.61655781	      0.00000000	      2.95741965	     -1.40637350
1760624779.72499990	      4.08286396	      0.23971744	      0.40741944	      0.05851674	      0.95754478	      0.00491794	     80.00000000	     -7.00000000	      0.00000000	     80.00000000	      1.39626340	      0.00000000	      0.00000000	      0.00000000	     80.00000000	     -7.00000000	      0.00000000	     80.00000000	      1.39626340	      0.00000000	      0.00000000	      0.00000000	     -5.84964362	     -0.32451031	      0.30226365	      3.71233922	     -3.23749886	     -0.68323247	      9.63588381	      0.78001598	     -6.59922337	     -3.42479635	      3.07038190	     -1.49655808	      0.25323793	      0.59867286	      0.00000000	      2.95104885	     -1.41060709
1760624779.75900006	      4.09742374	      0.22369444	      0.41612567	      0.05808448	      0.95770133	      0.00494512	     80.00000000	     -7.00000000	      0.00000000	     80.00000000	      1.39626340	      0.00000000	      0.00000000	      0.00000000	     80.00000000	     -7.00000000	      0.00000000	     80.00000000	      1.39626340	      0.00000000	      0.00000000	      0.00000000	     -5.84499492	     -0.32529318	      0.31301035	      3.68449085	     -3.21034000	     -0.66132623	      9.66121891	      0.72327861	     -6.59640299	     -3.43984322	      3.02617439	     -1.50330772	      0.28253636	      0.59667603	      0.00000000	      2.95329742	     -1.41919984
1760624779.79200006	      4.11031798	      0.20253708	      0.42801908	      0.05774051	      0.95789946	      0.00485737	     80.00000000	     -7.00000000	      0.00000000	     80.00000000	      1.39626340	      0.00000000	      0.00000000	      0.00000000	     80.00000000	     -7.00000000	      0.00000000	     80.00000000	      1.39626340	      0.00000000	      0.00000000	      0.00000000	     -5.83458071	     -0.31810234	      0.33054932	      3.63523164	     -3.17440598	     -0.63309859	      9.69550286	      0.67203308	     -6.58797246	     -3.46000063	      2.96225983	     -1.49830611	      0.28685636	      0.59419340	      0.00000000	      2.97232702	     -1.41475481
1760624779.82500005	      3.99973407	      0.17147589	      0.42486527	      0.05660937	      0.95762968	      0.00490914	     80.00000000	     -7.00000000	      0.00000000	     80.00000000	      1.39626340	      0.00000000	      0.00000000	      0.00000000	     80.00000000	     -7.00000000	      0.00000000	     80.00000000	      1.39626340	      0.00000000	      0.00000000	      0.00000000	     -5.67927381	     -0.29539728	      0.36291011	      3.53965711	     -3.14137193	     -0.65212694	      9.54105636	      0.63817644	     -6.48632766	     -3.46602734	      2.87345104	     -1.49176441	      0.27770574	      0.58781452	      0.00000000	      2.94097109	     -1.42454699
1760624779.85899997	      4.00555408	      0.15822478	      0.44238746	      0.05643757	      0.95777241	      0.00493795	     80.00000000	     -7.00000000	      0.00000000	     80.00000000	      1.39626340	      0.00000000	      0.00000000	      0.00000000	     80.00000000	     -7.00000000	      0.00000000	     80.00000000	      1.39626340	      0.00000000	      0.00000000	      0.00000000	     -5.68301971	     -0.29533292	      0.38530412	      3.51392945	     -3.11792171	     -0.62677860	      9.53450823	      0.64525747	     -6.48475537	     -3.46812245	      2.84632757	     -1.49066801	      0.29561500	      0.58737318	      0.00000000	      2.94334513	     -1.42599440
1760624779.89199996	      3.98207280	      0.09912417	      0.45627434	      0.05609926	      0.95788311	      0.00501443	     80.00000000	     -7.00000000	      0.00000000	     80.00000000	      1.39626340	      0.00000000	      0.00000000	      0.00000000	     80.00000000	     -7.00000000	      0.00000000	     80.00000000	      1.39626340	      0.00000000	      0.00000000	      0.00000000	     -5.63243739	     -0.24011144	      0.42337513	      3.43996363	     -3.08392861	     -0.61431275	      9.43305707	      0.69811985	     -6.40434234	     -3.47803613	      2.78353586	     -1.48818344	      0.35259676	      0.57923004	      0.00000000	      2.98383203	     -1.42768622
1760624779.92600012	      3.92951697	      0.06469119	      0.46874736	      0.05594591	      0.95790208	      0.00510648	     80.00000000	     -7.00000000	      0.00000000	     80.00000000	      1.39626340	      0.00000000	      0.00000000	      0.00000000	     80.00000000	     -7.00000000	      0.00000000	     80.00000000	      1.39626340	      0.00000000	      0.00000000	      0.00000000	     -5.54482002	     -0.21177861	      0.45105362	      3.36746334	     -3.06536271	     -0.64834792	      9.33837361	      0.79344819	     -6.32127701	     -3.44362122	      2.72423068	     -1.49030418	      0.40558981	      0.59098486	      0.00000000	      2.98218373	     -1.40382992
1760624779.95900011	      3.93089018	      0.04578536	      0.48978850	      0.05634576	      0.95797105	      0.00518452	     80.00000000	     -7.00000000	      0.00000000	     80.00000000	      1.39626340	      0.00000000	      0.00000000	      0.00000000	     80.00000000	     -7.00000000	      0.00000000	     80.00000000	      1.39626340	      0.00000000	      0.00000000	      0.00000000	     -5.53306302	     -0.20477830	      0.46020353	      3.34194799	     -3.05178808	     -0.62835700	      9.32766776	      0.78640467	     -6.30056261	     -3.44823102	      2.69024753	     -1.51011965	      0.42732740	      0.60571434	      0.00000000	      2.98368325	     -1.38733447
1760624779.99300003	      3.95606732	      0.01911125	      0.51536698	      0.05604824	      0.95819910	      0.00521251	     80.00000000	     -7.00000000	      0.00000000	     80.00000000	      1.39626340	      0.00000000	      0.00000000	      0.00000000	     80.00000000	     -7.00000000	      0.00000000	     80.00000000	      1.39626340	      0.00000000	      0.00000000	      0.00000000	     -5.55651129	     -0.19809758	      0.46331061	      3.32999259	     -3.03656916	     -0.58013835	      9.33479170	      0.73622717	     -6.28297182	     -3.42232610	      2.69584200	     -1.53009119	      0.48636668	      0.60125722	      0.00000000	      3.00456780	     -1.38062302
1760624780.02600002	      3.97203173	      0.01280977	      0.51754128	      0.05570377	      0.95842791	      0.00538958	     80.00000000	     -7.00000000	      0.00000000	     80.00000000	      1.39626340	      0.00000000	      0.00000000	      0.00000000	     80.00000000	     -7.00000000	      0.00000000	     80.00000000	      1.39626340	      0.00000000	      0.00000000	      0.00000000	     -5.54801671	     -0.19866513	      0.45503473	      3.28652509	     -3.01566984	     -0.49314363	      9.30364439	      0.72859080	     -6.27781442	     -3.42602155	      2.68399993	     -1.53842791	      0.53257388	      0.58845212	      0.00000000	      2.99931949	     -1.38868526
1760624780.05999994	      4.01882708	      0.00147840	      0.54795832	      0.05667366	      0.95858970	      0.00556168	     80.00000000	     -7.00000000	      0.00000000	     80.00000000	      1.39626340	      0.00000000	      0.00000000	      0.00000000	     80.00000000	     -7.00000000	      0.00000000	     80.00000000	      1.39626340	      0.00000000	      0.00000000	      0.00000000	     -5.60594871	     -0.21590366	      0.44842191	      3.31906931	     -2.99681088	     -0.50453134	      9.43301515	      0.67177969	     -6.26948179	     -3.42659772	      2.71324461	     -1.55153164	      0.56133382	      0.58788365	      0.00000000	      3.00833378	     -1.40560528
1760624780.09299994	      4.02505426	     -0.00545271	      0.55714924	      0.05648840	      0.95853336	      0.00563352	     80.00000000	     -7.00000000	      0.00000000	     80.00000000	      1.39626340	      0.00000000	      0.00000000	      0.00000000	     80.00000000	     -7.00000000	      0.00000000	     80.00000000	      1.39626340	      0.00000000	      0.00000000	      0.00000000	     -5.59029715	     -0.22578637	      0.43929573	      3.29258311	     -2.97785814	     -0.42189534	      9.39692783	      0.50646017	     -6.28996585	     -3.42043767	      2.69947035	     -1.55153508	      0.58734694	      0.59018092	      0.00000000	      3.00596320	     -1.39939382
1760624780.12700009	      4.01625206	     -0.00505082	      0.56547257	      0.05701970	      0.95840366	      0.00557438	     80.00000000	     -7.00000000	      0.00000000	     80.00000000	      1.39626340	      0.00000000	      0.00000000	      0.00000000	     80.00000000	     -7.00000000	      0.00000000	     80.00000000	      1.39626340	      0.00000000	      0.00000000	      0.00000000	     -5.57608336	     -0.22661010	      0.43530559	      3.28842787	     -2.98242944	     -0.38074052	      9.37053412	      0.40581951	     -6.28953269	     -3.41356682	      2.69448385	     -1.54646823	      0.63304211	      0.59563303	      0.00000000	      3.01042426	     -1.39798211
1760624780.16000009	      4.00670515	     -0.01214764	      0.57496435	      0.05794304	      0.95821824	      0.00564036	     80.00000000	     -7.00000000	      0.00000000	     80.00000000	      1.39626340	      0.00000000	      0.00000000	      0.00000000	     80.00000000	     -7.00000000	      0.00000000	     80.00000000	      1.39626340	      0.00000000	      0.00000000	      0.00000000	     -5.54207240	     -0.23005943	      0.43762214	      3.26311766	     -2.97372946	     -0.35879509	      9.34493660	      0.30248195	     -6.28144820	     -3.39230991	      2.66034377	     -1.55602087	      0.64597783	      0.59812027	      0.00000000	      3.02522858	     -1.38228172
1760624780.22700000	      4.03911811	     -0.02664680	      0.57854373	      0.05947694	      0.95847966	      0.00551221	     80.00000000	     -7.00000000	      0.00000000	     80.00000000	      1.39626340	      0.00000000	      0.00000000	      0.00000000	     80.00000000	     -7.00000000	      0.00000000	     80.00000000	      1.39626340	      0.00000000	      0.00000000	      0.00000000	     -5.55043362	     -0.21304080	      0.43520106	      3.26419899	     -2.99892887	     -0.17496946	      9.34463427	      0.13449360	     -6.28890413	     -3.36813017	      2.63737534	     -1.54298981	      0.64501580	      0.59952545	      0.00000000	      3.07624209	     -1.37705559
1760624780.25999999	      4.07186969	     -0.03136364	      0.59410707	      0.06034856	      0.95873738	      0.00562530	     80.00000000	     -7.00000000	      0.00000000	     80.00000000	      1.39626340	      0.00000000	      0.00000000	      0.00000000	     80.00000000	     -7.00000000	      0.00000000	     80.00000000	      1.39626340	      0.00000000	      0.00000000	      0.00000000	     -5.58489834	     -0.22212769	      0.44342812	      3.28650603	     -2.99044990	     -0.14233640	      9.41865606	      0.05493523	     -6.31633992	     -3.36221550	      2.64067769	     -1.54966886	      0.64496189	      0.59561859	      0.00000000	      3.13560279	     -1.35315013
1760624780.29399991	      4.10029667	     -0.02765781	      0.61517767	      0.06116574	      0.95881908	      0.00580956	     80.00000000	     -7.00000000	      0.00000000	     80.00000000	      1.39626340	      0.00000000	      0.00000000	      0.00000000	     80.00000000	     -7.00000000	      0.00000000	     80.00000000	      1.39626340	      0.00000000	      0.00000000	      0.00000000	     -5.58415289	     -0.24103127	      0.46189438	      3.24069013	     -2.98064646	     -0.18337323	      9.48507552	      0.24012540	     -6.36387916	     -3.34898380	      2.62268943	     -1.57169498	      0.63570606	      0.56658443	      0.00000000	      3.15608753	     -1.33395175
1760624780.32699990	      4.17324623	     -0.01923472	      0.62420988	      0.06277887	      0.95860922	      0.00583430	     80.00000000	     -7.00000000	      0.00000000	     80.00000000	      1.39626340	      0.00000000	      0.00000000	      0.00000000	     80.00000000	     -7.00000000	      0.00000000	     80.00000000	      1.39626340	      0.00000000	      0.00000000	      0.00000000	     -5.66248778	     -0.26814899	      0.46015821	      3.24628057	     -3.00277210	     -0.29773330	      9.67895233	      0.49373078	     -6.58313342	     -3.29552152	      2.63524213	     -1.59048250	      0.63194086	      0.56999463	      0.00000000	      3.19321697	     -1.34008981
1760624780.36100006	      4.18329393	     -0.02556416	      0.63548736	      0.06269449	      0.95867947	      0.00567688	     80.00000000	     -7.00000000	      0.00000000	     80.00000000	      1.39626340	      0.00000000	      0.00000000	      0.00000000	     80.00000000	     -7.00000000	      0.00000000	     80.00000000	      1.39626340	      0.00000000	      0.00000000	      0.00000000	     -5.67280662	     -0.26894677	      0.46047344	      3.24844635	     -3.01896163	     -0.40735134	      9.76213431	      0.64314652	     -6.60373078	     -3.28978285	      2.64363713	     -1.59615337	      0.61764509	      0.56408440	      0.00000000	      3.20424628	     -1.32845750
1760624780.39400005	      4.19280783	     -0.03469271	      0.64465588	      0.06262680	      0.95867719	      0.00560585	     80.00000000	     -7.00000000	      0.00000000	     80.00000000	      1.39626340	      0.00000000	      0.00000000	      0.00000000	     80.00000000	     -7.00000000	      0.00000000	     80.00000000	      1.39626340	      0.00000000	      0.00000000	      0.00000000	     -5.67116092	     -0.27665734	      0.46622588	      3.24446735	     -3.03122357	     -0.44219480	      9.82052820	      0.69536440	     -6.58728089	     -3.28357344	      2.66401286	     -1.61198378	      0.60465477	      0.54711294	      0.00000000	      3.21026064	     -1.33017813
1760624780.42799997	      4.20906947	     -0.02892437	      0.64287476	      0.06223711	      0.95880704	      0.00579636	     80.00000000	     -7.00000000	      0.00000000	     80.00000000	      1.39626340	      0.00000000	      0.00000000	      0.00000000	     80.00000000	     -7.00000000	      0.00000000	     80.00000000	      1.39626340	      0.00000000	      0.00000000	      0.00000000	     -5.69214275	     -0.28692342	      0.46953790	      3.26933823	     -3.04311491	     -0.42751337	      9.87081885	      0.65400490	     -6.59047281	     -3.28368354	      2.67198522	     -1.61712291	      0.63050930	      0.56195923	      0.00000000	      3.22285546	     -1.34196775
1760624780.46099997	      4.23941718	     -0.02260076	      0.64181715	      0.06247294	      0.95879684	      0.00638358	     80.00000000	     -7.00000000	      0.00000000	     80.00000000	      1.39626340	      0.00000000	      0.00000000	      0.00000000	     80.00000000	     -7.00000000	      0.00000000	     80.00000000	      1.39626340	      0.00000000	      0.00000000	      0.00000000	     -5.71006181	     -0.31559266	      0.47761065	      3.26434437	     -3.04452852	     -0.38313333	      9.93264078	      0.63828910	     -6.58069891	     -3.28212719	      2.68164768	     -1.63317939	      0.64582702	      0.55094540	      0.00000000	      3.23688430	     -1.35366068
1760624780.49499989	      4.25281792	     -0.02050623	      0.63973343	      0.06229989	      0.95887936	      0.00625779	     80.00000000	     -7.00000000	      0.00000000	     80.00000000	      1.39626340	      0.00000000	      0.00000000	      0.00000000	     80.00000000	     -7.00000000	      0.00000000	     80.00000000	      1.39626340	      0.00000000	      0.00000000	      0.00000000	     -5.73205140	     -0.32541723	      0.47671119	      3.30383882	     -3.07551305	     -0.40984118	     10.00269030	      0.67293544	     -6.55139059	     -3.28130711	      2.71321333	     -1.62076364	      0.63643757	      0.57166334	      0.00000000	      3.25241680	     -1.35201908
1760624780.52800012	      4.28710539	     -0.02044883	      0.64119713	      0.06276574	      0.95847002	      0.00586480	     80.00000000	     -7.00000000	      0.00000000	     80.00000000	      1.39626340	      0.00000000	      0.00000000	      0.00000000	     80.00000000	     -7.00000000	      0.00000000	     80.00000000	      1.39626340	      0.00000000	      0.00000000	      0.00000000	     -5.76935796	     -0.31798470	      0.48033886	      3.35226162	     -3.12424109	     -0.40756894	     10.08315891	      0.70570482	     -6.54837149	     -3.28237917	      2.72047751	     -1.59575306	      0.66342466	      0.55783719	      0.00000000	      3.26400633	     -1.35042558
1760624780.56200004	      4.31600285	     -0.03315873	      0.64998777	      0.06320925	      0.95813208	      0.00554018	     80.00000000	     -7.00000000	      0.00000000	     80.00000000	      1.39626340	      0.00000000	      0.00000000	      0.00000000	     80.00000000	     -7.00000000	      0.00000000	     80.00000000	      1.39626340	      0.00000000	      0.00000000	      0.00000000	     -5.78404792	     -0.29857075	      0.48782837	      3.39819755	     -3.14445967	     -0.34874513	     10.07388654	      0.58603114	     -6.58186967	     -3.29341000	      2.71412435	     -1.56336807	      0.69757550	      0.56020171	      0.00000000	      3.29335143	     -1.35378187
1760624780.59500003	      4.32225863	     -0.04990557	      0.67141829	      0.06287516	      0.95761667	      0.00567109	     80.00000000	     -7.00000000	      0.00000000	     80.00000000	      1.39626340	      0.00000000	      0.00000000	      0.00000000	     80.00000000	     -7.00000000	      0.00000000	     80.00000000	      1.39626340	      0.00000000	      0.00000000	      0.00000000	     -5.77464167	     -0.28745291	      0.50891121	      3.40219125	     -3.14430717	     -0.33026218	     10.06351075	      0.53305170	     -6.59186920	     -3.29679032	      2.72644381	     -1.56059384	      0.73681003	      0.50744026	      0.00000000	      3.28539954	     -1.35680778
1760624780.62800002	      4.31820943	     -0.05793957	      0.68188203	      0.06218701	      0.95710617	      0.00563735	     80.00000000	     -7.00000000	      0.00000000	     80.00000000	      1.39626340	      0.00000000	      0.00000000	      0.00000000	     80.00000000	     -7.00000000	      0.00000000	     80.00000000	      1.39626340	      0.00000000	      0.00000000	      0.00000000	     -5.77995349	     -0.26911450	      0.52045180	      3.43465299	     -3.16340535	     -0.32135417	     10.08179878	      0.48940128	     -6.59217105	     -3.30524814	      2.76212348	     -1.54542767	      0.77235644	      0.48353692	      0.00000000	      3.29263578	     -1.36819448
1760624780.66199994	      4.33066932	     -0.05933521	      0.70409345	      0.06171078	      0.95697443	      0.00573908	     80.00000000	     -7.00000000	      0.00000000	     80.00000000	      1.39626340	      0.00000000	      0.00000000	      0.00000000	     80.00000000	     -7.00000000	      0.00000000	     80.00000000	      1.39626340	      0.00000000	      0.00000000	      0.00000000	     -5.78208998	     -0.26089977	      0.53675041	      3.43395071	     -3.15139990	     -0.38219189	     10.10706574	      0.44421950	     -6.59790088	     -3.32258989	      2.77897564	     -1.54218557	      0.80018073	      0.48861871	      0.00000000	      3.31135230	     -1.37462749
1760624780.69499993	      4.39398247	     -0.05565249	      0.71626841	      0.06078773	      0.95726249	      0.00585906	     80.00000000	     -7.00000000	      0.00000000	     80.00000000	      1.39626340	      0.00000000	      0.00000000	      0.00000000	     80.00000000	     -7.00000000	      0.00000000	     80.00000000	      1.39626340	      0.00000000	      0.00000000	      0.00000000	     -5.85048649	     -0.26848304	      0.57255498	      3.42425666	     -3.12194561	     -0.46716156	     10.18812036	      0.42522594	     -6.65126768	     -3.37713621	      2.81984214	     -1.54694755	      0.79153261	      0.48297628	      0.00000000	      3.36423223	     -1.37643127
1760624780.72900009	      4.29994147	     -0.04468108	      0.71795474	      0.06248113	      0.95679778	      0.00569468	     80.00000000	     -7.00000000	      0.00000000	     80.00000000	      1.39626340	      0.00000000	      0.00000000	      0.00000000	     80.00000000	     -7.00000000	      0.00000000	     80.00000000	      1.39626340	      0.00000000	      0.00000000	      0.00000000	     -5.74114518	     -0.26320524	      0.59614689	      3.38238955	     -3.10248202	     -0.49799362	     10.10093594	      0.45183441	     -6.63448368	     -3.39369195	      2.81266906	     -1.53157689	      0.78976908	      0.48246714	      0.00000000	      3.35298035	     -1.39919847
1760624780.76200008	      4.31847322	     -0.02228729	      0.73894608	      0.06354364	      0.95744984	      0.00574154	     80.00000000	     -7.00000000	      0.00000000	     80.00000000	      1.39626340	      0.00000000	      0.00000000	      0.00000000	     80.00000000	     -7.00000000	      0.00000000	     80.00000000	      1.39626340	      0.00000000	      0.00000000	      0.00000000	     -5.73679869	     -0.25297769	      0.60382357	      3.33513285	     -3.09560995	     -0.59385952	     10.06513410	      0.47584181	     -6.63686706	     -3.39069746	      2.80302968	     -1.51990610	      0.77919256	      0.50559103	      0.00000000	      3.34993676	     -1.39902615
1760624780.79600000	      4.32753975	     -0.00904871	      0.74529801	      0.06312029	      0.95768114	      0.00575007	     80.00000000	     -7.00000000	      0.00000000	     80.00000000	      1.39626340	      0.00000000	      0.00000000	      0.00000000	     80.00000000	     -7.00000000	      0.00000000	     80.00000000	      1.39626340	      0.00000000	      0.00000000	      0.00000000	     -5.78167256	     -0.25872061	      0.59614213	      3.37403139	     -3.07619734	     -0.65851749	     10.07043158	      0.52459353	     -6.63072899	     -3.38462098	      2.83983103	     -1.54169536	      0.72033750	      0.51636655	      0.00000000	      3.35433253	     -1.38751476
1760624780.82900000	      4.42322227	      0.04322991	      0.75569440	      0.06199118	      0.95801716	      0.00625287	     80.00000000	     -7.00000000	      0.00000000	     80.00000000	      1.39626340	      0.00000000	      0.00000000	      0.00000000	     80.00000000	     -7.00000000	      0.00000000	     80.00000000	      1.39626340	      0.00000000	      0.00000000	      0.00000000	     -5.90957497	     -0.30080796	      0.56451571	      3.41190735	     -3.06179826	     -0.69747555	     10.08803339	      0.59337429	     -6.65149883	     -3.36818363	      2.87145038	     -1.54761813	      0.69335677	      0.49997848	      0.00000000	      3.37137188	     -1.42922205
1760624780.86299992	      4.41870330	      0.05992674	      0.74263604	      0.06058120	      0.95825391	      0.00639518	     80.00000000	     -7.00000000	      0.00000000	     80.00000000	      1.39626340	      0.00000000	      0.00000000	      0.00000000	     80.00000000	     -7.00000000	      0.00000000	     80.00000000	      1.39626340	      0.00000000	      0.00000000	      0.00000000	     -5.96130081	     -0.29922909	      0.52232554	      3.48170726	     -3.10420811	     -0.79858865	     10.03568796	      0.64600776	     -6.64735527	     -3.35911255	      2.92042710	     -1.55890474	      0.60740043	      0.48890641	      0.00000000	      3.38517652	     -1.43004556
1760624780.89599991	      4.49909336	      0.12888953	      0.74255748	      0.05974928	      0.95906476	      0.00729313	     80.00000000	     -7.00000000	      0.00000000	     80.00000000	      1.39626340	      0.00000000	      0.00000000	      0.00000000	     80.00000000	     -7.00000000	      0.00000000	     80.00000000	      1.39626340	      0.00000000	      0.00000000	      0.00000000	     -6.08078010	     -0.36749382	      0.46858206	      3.53687365	     -3.10480553	     -0.90982403	     10.02261668	      0.74819565	     -6.63663183	     -3.29834649	      2.94708143	     -1.59075506	      0.53828233	      0.47649287	      0.00000000	      3.41314201	     -1.46059181
1760624780.92899990	      4.49014494	      0.13464818	      0.73109335	      0.06051327	      0.95913149	      0.00783224	     80.00000000	     -7.00000000	      0.00000000	     80.00000000	      1.39626340	      0.00000000	      0.00000000	      0.00000000	     80.00000000	     -7.00000000	      0.00000000	     80.00000000	      1.39626340	      0.00000000	      0.00000000	      0.00000000	     -6.08212383	     -0.37070941	      0.45545335	      3.56856983	     -3.12260890	     -0.93262259	     10.01463006	      0.74299956	     -6.63325564	     -3.30272774	      2.93394357	     -1.61148244	      0.51600791	      0.45462245	      0.00000000	      3.41015064	     -1.46135251
1760624780.96300006	      4.29663184	      0.20013951	      0.69588285	      0.06037885	      0.95884671	      0.00735897	     80.00000000	     -7.00000000	      0.00000000	     80.00000000	      1.39626340	      0.00000000	      0.00000000	      0.00000000	     80.00000000	     -7.00000000	      0.00000000	     80.00000000	      1.39626340	      0.00000000	      0.00000000	      0.00000000	     -5.89464189	     -0.42612494	      0.42343395	      3.55135663	     -3.16647999	     -1.05314627	      9.48402910	      0.90142635	     -6.19575504	     -3.17793289	      2.93661077	     -1.61743896	      0.41340515	      0.42939290	      0.00000000	      3.41055434	     -1.43315531
1760624780.99600005	      4.17627614	      0.19928236	      0.68254181	      0.06028080	      0.95895317	      0.00714770	     80.00000000	     -7.00000000	      0.00000000	     80.00000000	      1.39626340	      0.00000000	      0.00000000	      0.00000000	     80.00000000	     -7.00000000	      0.00000000	     80.00000000	      1.39626340	      0.00000000	      0.00000000	      0.00000000	     -5.78592290	     -0.41722219	      0.41032119	      3.55252743	     -3.17446224	     -1.09727963	      9.16955204	      0.89876127	     -5.96573710	     -3.15197787	      2.96837167	     -1.62838643	      0.33277143	      0.39967119	      0.00000000	      3.41888456	     -1.43059338
1760624781.02999997	      4.13003336	      0.21968212	      0.67296375	      0.05985000	      0.95883291	      0.00681964	     80.00000000	     -7.00000000	      0.00000000	     80.00000000	      1.39626340	      0.00000000	      0.00000000	      0.00000000	     80.00000000	     -7.00000000	      0.00000000	     80.00000000	      1.39626340	      0.00000000	      0.00000000	      0.00000000	     -5.75124205	     -0.42140729	      0.40473385	      3.56100243	     -3.20641962	     -1.17401823	      9.02680686	      0.94737488	     -5.96732850	     -3.13902804	      3.00490623	     -1.63659736	      0.28186816	      0.38713189	      0.00000000	      3.40773878	     -1.43265066
1760624781.06299996	      3.89843125	      0.24697438	      0.66351468	      0.05717350	      0.95832730	      0.00623817	     80.00000000	     -7.00000000	      0.00000000	     80.00000000	      1.39626340	      0.00000000	      0.00000000	      0.00000000	     80.00000000	     -7.00000000	      0.00000000	     80.00000000	      1.39626340	      0.00000000	      0.00000000	      0.00000000	     -5.52845326	     -0.44018878	      0.38500173	      3.53623053	     -3.19441778	     -1.23276537	      8.51688454	      0.95306539	     -5.51322437	     -3.03112115	      3.07144809	     -1.66200050	      0.21939630	      0.37350726	      0.00000000	      3.35004556	     -1.45458721
1760624781.09699988	      3.88962784	      0.24868676	      0.66587130	      0.05694361	      0.95785387	      0.00587292	     80.00000000	     -7.00000000	      0.00000000	     80.00000000	      1.39626340	      0.00000000	      0.00000000	      0.00000000	     80.00000000	     -7.00000000	      0.00000000	     80.00000000	      1.39626340	      0.00000000	      0.00000000	      0.00000000	     -5.56590175	     -0.42824600	      0.39131373	      3.59573047	     -3.21615645	     -1.32332226	      8.53016875	      1.00582301	     -5.48652512	     -3.04147718	      3.18196580	     -1.68206411	      0.20732145	      0.37153795	      0.00000000	      3.35954300	     -1.45473286
1760624781.13000011	      3.80149851	      0.24697548	      0.66546250	      0.05539335	      0.95747491	      0.00540013	     80.00000000	     -7.00000000	      0.00000000	     80.00000000	      1.39626340	      0.00000000	      0.00000000	      0.00000000	     80.00000000	     -7.00000000	      0.00000000	     80.00000000	      1.39626340	      0.00000000	      0.00000000	      0.00000000	     -5.49121805	     -0.41207334	      0.37358913	      3.61141497	     -3.21673558	     -1.36370068	      8.28162844	      1.00833039	     -5.33479574	     -2.99383135	      3.25125411	     -1.70351147	      0.15578404	      0.37841328	      0.00000000	      3.36545719	     -1.46191654
1760624781.19700003	      3.65359954	      0.24779826	      0.66787208	      0.05241562	      0.95706698	      0.00459299	     80.00000000	     -7.00000000	      0.00000000	     80.00000000	      1.39626340	      0.00000000	      0.00000000	      0.00000000	     80.00000000	     -7.00000000	      0.00000000	     80.00000000	      1.39626340	      0.00000000	      0.00000000	      0.00000000	     -5.41257407	     -0.36250452	      0.34472369	      3.72518016	     -3.25604899	     -1.42727193	      7.94915274	      1.02895521	     -5.03603625	     -2.94422188	      3.43435491	     -1.71189254	      0.10887386	      0.38096463	      0.00000000	      3.35274766	     -1.51039386
1760624781.23099995	      3.63010060	      0.25942591	      0.66092204	      0.05150264	      0.95646755	      0.00456661	     80.00000000	     -7.00000000	      0.00000000	     80.00000000	      1.39626340	      0.00000000	      0.00000000	      0.00000000	     80.00000000	     -7.00000000	      0.00000000	     80.00000000	      1.39626340	      0.00000000	      0.00000000	      0.00000000	     -5.43064080	     -0.35399708	      0.33579238	      3.81276003	     -3.27662340	     -1.46867072	      7.96660931	      1.03210636	     -5.02029912	     -2.93768213	      3.49925324	     -1.71863916	      0.08059405	      0.40182580	      0.00000000	      3.36278685	     -1.51029441
1760624781.26399994	      3.59497809	      0.27987396	      0.65019084	      0.05042461	      0.95604191	      0.00502618	     80.00000000	     -7.00000000	      0.00000000	     80.00000000	      1.39626340	      0.00000000	      0.00000000	      0.00000000	     80.00000000	     -7.00000000	      0.00000000	     80.00000000	      1.39626340	      0.00000000	      0.00000000	      0.00000000	     -5.46696165	     -0.35295640	      0.31341267	      3.95807193	     -3.29212063	     -1.52594003	      8.00018382	      1.05755670	     -5.02511358	     -2.92052002	      3.59297660	     -1.73527562	      0.09594636	      0.39541851	      0.00000000	      3.39238591	     -1.53883364
1760624781.29699993	      3.61367782	      0.28944166	      0.65557903	      0.05113933	      0.95631621	      0.00510275	     80.00000000	     -7.00000000	      0.00000000	     80.00000000	      1.39626340	      0.00000000	      0.00000000	      0.00000000	     80.00000000	     -7.00000000	      0.00000000	     80.00000000	      1.39626340	      0.00000000	      0.00000000	      0.00000000	     -5.55851231	     -0.34148718	      0.30230444	      4.08267954	     -3.31054553	     -1.55771846	      8.11558825	      1.04916042	     -5.10821971	     -2.93022607	      3.64479827	     -1.74356405	      0.17313825	      0.42930866	      0.00000000	      3.45035325	     -1.63812525
1760624781.33100009	      3.56686745	      0.28804085	      0.65844908	      0.05036551	      0.95573340	      0.00501809	     80.00000000	     -7.00000000	      0.00000000	     80.00000000	      1.39626340	      0.00000000	      0.00000000	      0.00000000	     80.00000000	     -7.00000000	      0.00000000	     80.00000000	      1.39626340	      0.00000000	      0.00000000	      0.00000000	     -5.56380271	     -0.31804938	      0.30195875	      4.17414298	     -3.32147769	     -1.59320855	      8.09631354	      1.06717798	     -5.12153688	     -2.93923004	      3.64120744	     -1.73980855	      0.27163866	      0.45064647	      0.00000000	      3.51414664	     -1.65355788
1760624781.36400008	      3.50658863	      0.26900405	      0.66881644	      0.05033988	      0.95544127	      0.00469603	     80.00000000	     -7.00000000	      0.00000000	     80.00000000	      1.39626340	      0.00000000	      0.00000000	      0.00000000	     80.00000000	     -7.00000000	      0.00000000	     80.00000000	      1.39626340	      0.00000000	      0.00000000	      0.00000000	     -5.53895916	     -0.27601091	      0.29307159	      4.23677534	     -3.33503308	     -1.65640025	      8.03904246	      1.17625308	     -5.10347176	     -2.93419244	      3.61114841	     -1.73970627	      0.34844577	      0.45837762	      0.00000000	      3.63909588	     -1.68280199
1760624781.39800000	      3.40898926	      0.22847754	      0.68946007	      0.04835852	      0.95516669	      0.00392710	     80.00000000	     -7.00000000	      0.00000000	     80.00000000	      1.39626340	      0.00000000	      0.00000000	      0.00000000	     80.00000000	     -7.00000000	      0.00000000	     80.00000000	      1.39626340	      0.00000000	      0.00000000	      0.00000000	     -5.45313206	     -0.20851068	      0.24280536	      4.25469004	     -3.36393495	     -1.64460723	      7.80326800	      1.19495128	     -4.87532719	     -2.88500147	      3.58910024	     -1.71313023	      0.38001203	      0.46236910	      0.00000000	      3.67404558	     -1.71902568
1760624781.43099999	      3.38022700	      0.22863960	      0.68588889	      0.04815112	      0.95519562	      0.00357078	     80.00000000	     -7.00000000	      0.00000000	     80.00000000	      1.39626340	      0.00000000	      0.00000000	      0.00000000	     80.00000000	     -7.00000000	      0.00000000	     80.00000000	      1.39626340	      0.00000000	      0.00000000	      0.00000000	     -5.46548166	     -0.19801404	      0.23307992	      4.31966452	     -3.37807784	     -1.72424288	      7.79707014	      1.21670091	     -4.88091996	     -2.88021245	      3.58993225	     -1.69504778	      0.37000535	      0.47212455	      0.00000000	      3.67154024	     -1.72507968
1760624781.46499991	      3.35735863	      0.23090317	      0.68098118	      0.04853401	      0.95534814	      0.00334450	     80.00000000	     -7.00000000	      0.00000000	     80.00000000	      1.39626340	      0.00000000	      0.00000000	      0.00000000	     80.00000000	     -7.00000000	      0.00000000	     80.00000000	      1.39626340	      0.00000000	      0.00000000	      0.00000000	     -5.45790459	     -0.18044583	      0.21635865	      4.37180809	     -3.40600337	     -1.75620049	      7.77898194	      1.29162921	     -4.88366103	     -2.87409590	      3.58493822	     -1.67333504	      0.34190919	      0.46735776	      0.00000000	      3.66546614	     -1.72082880
1760624781.49799991	      3.31708907	      0.23268304	      0.69565939	      0.04880196	      0.95674890	      0.00364114	     80.00000000	     -7.00000000	      0.00000000	     80.00000000	      1.39626340	      0.00000000	      0.00000000	      0.00000000	     80.00000000	     -7.00000000	      0.00000000	     80.00000000	      1.39626340	      0.00000000	      0.00000000	      0.00000000	     -5.45332809	     -0.17930074	      0.21261344	      4.42351533	     -3.39538252	     -1.80104252	      7.79455070	      1.34362438	     -4.87432297	     -2.87213942	      3.62002617	     -1.68182444	      0.38073886	      0.46537552	      0.00000000	      3.65815826	     -1.71599409
1760624781.53200006	      3.27165646	      0.23951882	      0.70759741	      0.04911496	      0.95734368	      0.00380723	     80.00000000	     -7.00000000	      0.00000000	     80.00000000	      1.39626340	      0.00000000	      0.00000000	      0.00000000	     80.00000000	     -7.00000000	      0.00000000	     80.00000000	      1.39626340	      0.00000000	      0.00000000	      0.00000000	     -5.45346503	     -0.17282147	      0.21550559	      4.46472370	     -3.40311236	     -1.82882341	      7.76717158	      1.40983455	     -4.88376985	     -2.86923095	      3.70098126	     -1.66717432	      0.37878695	      0.43959613	      0.00000000	      3.65321301	     -1.71030898
1760624781.59800005	      3.23905352	      0.25150749	      0.72764220	      0.05067544	      0.95788123	      0.00349578	     80.00000000	     -7.00000000	      0.00000000	     80.00000000	      1.39626340	      0.00000000	      0.00000000	      0.00000000	     80.00000000	     -7.00000000	      0.00000000	     80.00000000	      1.39626340	      0.00000000	      0.00000000	      0.00000000	     -5.51397010	     -0.15722417	      0.28103620	      4.57832263	     -3.42077849	     -1.90132054	      7.94857347	      1.49001007	     -5.05387954	     -2.91770658	      3.84344400	     -1.64060315	      0.44315001	      0.44142410	      0.00000000	      3.67767703	     -1.65955156
1760624781.63199997	      3.38702841	      0.27218734	      0.74698748	      0.04881302	      0.95830751	      0.00305040	     80.00000000	     -7.00000000	      0.00000000	     80.00000000	      1.39626340	      0.00000000	      0.00000000	      0.00000000	     80.00000000	     -7.00000000	      0.00000000	     80.00000000	      1.39626340	      0.00000000	      0.00000000	      0.00000000	     -5.71528332	     -0.17603105	      0.30865102	      4.66203231	     -3.41497850	     -1.97363041	      8.15116945	      1.56181577	     -5.21996295	     -2.96083623	      3.93405004	     -1.62325249	      0.50217659	      0.44100793	      0.00000000	      3.71969845	     -1.63201418
1760624781.66499996	      3.50058260	      0.28422664	      0.76580133	      0.04865210	      0.95864036	      0.00306513	     80.00000000	     -7.00000000	      0.00000000	     80.00000000	      1.39626340	      0.00000000	      0.00000000	      0.00000000	     80.00000000	     -7.00000000	      0.00000000	     80.00000000	      1.39626340	      0.00000000	      0.00000000	      0.00000000	     -5.86275168	     -0.20359223	      0.30659931	      4.74044503	     -3.40758446	     -2.00387263	      8.31128661	      1.59177684	     -5.34845628	     -2.98558523	      4.00309738	     -1.62809480	      0.50322473	      0.43864781	      0.00000000	      3.73304457	     -1.60674154
1760624781.73200011	      3.61334689	      0.30528871	      0.81162945	      0.04874464	      0.95837632	      0.00282380	     80.00000000	     -7.00000000	      0.00000000	     80.00000000	      1.39626340	      0.00000000	      0.00000000	      0.00000000	     80.00000000	     -7.00000000	      0.00000000	     80.00000000	      1.39626340	      0.00000000	      0.00000000	      0.00000000	     -6.00464697	     -0.24229720	      0.29189443	      4.86099386	     -3.43789620	     -2.10233904	      8.58381965	      1.71207542	     -5.55941540	     -3.00251213	      4.08691339	     -1.63307281	      0.55411627	      0.41537005	      0.00000000	      3.70947897	     -1.58834464
1760624781.76600003	      3.63000640	      0.31048150	      0.82525021	      0.04831496	      0.95820571	      0.00271539	     80.00000000	     -7.00000000	      0.00000000	     80.00000000	      1.39626340	      0.00000000	      0.00000000	      0.00000000	     80.00000000	     -7.00000000	      0.00000000	     80.00000000	      1.39626340	      0.00000000	      0.00000000	      0.00000000	     -6.01193903	     -0.24346820	      0.30293744	      4.89599072	     -3.46931671	     -2.16863996	      8.65869748	      1.74649379	     -5.56287094	     -3.00601337	      4.12964803	     -1.61838791	      0.54379125	      0.38894541	      0.00000000	      3.70534361	     -1.58115420
1760624781.79900002	      3.78009172	      0.27960493	      0.84450810	      0.04683380	      0.95803522	      0.00249263	     80.00000000	     -7.00000000	      0.00000000	     80.00000000	      1.39626340	      0.00000000	      0.00000000	      0.00000000	     80.00000000	     -7.00000000	      0.00000000	     80.00000000	      1.39626340	      0.00000000	      0.00000000	      0.00000000	     -6.19183806	     -0.19972580	      0.32299048	      4.95448458	     -3.52668912	     -2.22693915	      8.93613792	      1.84036620	     -5.79654401	     -3.06148384	      4.21271175	     -1.59716937	      0.53325832	      0.38443421	      0.00000000	      3.71969145	     -1.55601588
1760624781.86599994	      3.86522012	      0.24967521	      0.84815958	      0.04707097	      0.95812546	      0.00202800	     80.00000000	     -7.00000000	      0.00000000	     80.00000000	      1.39626340	      0.00000000	      0.00000000	      0.00000000	     80.00000000	     -7.00000000	      0.00000000	     80.00000000	      1.39626340	      0.00000000	      0.00000000	      0.00000000	     -6.25554578	     -0.16916584	      0.36917721	      4.98205737	     -3.61562112	     -2.29071334	      9.12199145	      1.89574043	     -5.96464939	     -3.07735436	      4.27184297	     -1.62391137	      0.54983948	      0.38141019	      0.00000000	      3.71385287	     -1.50518880
1760624781.90000010	      3.88359066	      0.24619352	      0.85811314	      0.04703455	      0.95853653	      0.00202563	     80.00000000	     -7.00000000	      0.00000000	     80.00000000	      1.39626340	      0.00000000	      0.00000000	      0.00000000	     80.00000000	     -7.00000000	      0.00000000	     80.00000000	      1.39626340	      0.00000000	      0.00000000	      0.00000000	     -6.24813631	     -0.16538915	      0.37692251	      4.96616275	     -3.61960631	     -2.28208814	      9.13204274	      1.83778986	     -5.96220637	     -3.08633021	      4.26888605	     -1.62546965	      0.59201331	      0.36543779	      0.00000000	      3.72194800	     -1.51425093
1760624781.93300009	      3.89900418	      0.24686105	      0.86964566	      0.04768247	      0.95871639	      0.00208708	     80.00000000	     -7.00000000	      0.00000000	     80.00000000	      1.39626340	      0.00000000	      0.00000000	      0.00000000	     80.00000000	     -7.00000000	      0.00000000	     80.00000000	      1.39626340	      0.00000000	      0.00000000	      0.00000000	     -6.21233197	     -0.16719195	      0.38577221	      4.92937737	     -3.62253386	     -2.37737723	      9.12675163	      1.81282774	     -5.96267132	     -3.07784270	      4.22276058	     -1.63083538	      0.62829058	      0.36961709	      0.00000000	      3.72928108	     -1.50485537
1760624781.96600008	      3.90447262	      0.25786144	      0.87674201	      0.04781575	      0.95864056	      0.00196269	     80.00000000	     -7.00000000	      0.00000000	     80.00000000	      1.39626340	      0.00000000	      0.00000000	      0.00000000	     80.00000000	     -7.00000000	      0.00000000	     80.00000000	      1.39626340	      0.00000000	      0.00000000	      0.00000000	     -6.20083339	     -0.16333088	      0.39548808	      4.92572915	     -3.62306744	     -2.44393134	      9.14037359	      1.77512315	     -5.95625366	     -3.07037350	      4.20338722	     -1.60141928	      0.68091001	      0.37323833	      0.00000000	      3.73215622	     -1.49566467
1760624782.00000000	      3.91921808	      0.27145845	      0.90085302	      0.04778882	      0.95855422	      0.00188012	     80.00000000	     -7.00000000	      0.00000000	     80.00000000	      1.39626340	      0.00000000	      0.00000000	      0.00000000	     80.00000000	     -7.00000000	      0.00000000	     80.00000000	      1.39626340	      0.00000000	      0.00000000	      0.00000000	     -6.19793574	     -0.15661058	      0.42177206	      4.91342480	     -3.62973064	     -2.55634674	      9.16625529	      1.74381439	     -5.94600373	     -3.06770480	      4.17366018	     -1.55917644	      0.76100695	      0.37836058	      0.00000000	      3.73972853	     -1.47981898
1760624782.03299999	      3.96812549	      0.29174408	      0.90762286	      0.04880319	      0.95863700	      0.00227334	     80.00000000	     -7.00000000	      0.00000000	     80.00000000	      1.39626340	      0.00000000	      0.00000000	      0.00000000	     80.00000000	     -7.00000000	      0.00000000	     80.00000000	      1.39626340	      0.00000000	      0.00000000	      0.00000000	     -6.24230536	     -0.16743152	      0.49562024	      4.87704458	     -3.60212591	     -2.63921319	      9.29035783	      1.77484175	     -6.00113374	     -3.08774932	      4.15114175	     -1.54494198	      0.88642111	      0.40258690	      0.00000000	      3.76202077	     -1.42404887
1760624782.06699991	      3.98726379	      0.28433226	      0.93463421	      0.04891633	      0.95868974	      0.00240310	     80.00000000	     -7.00000000	      0.00000000	     80.00000000	      1.39626340	      0.00000000	      0.00000000	      0.00000000	     80.00000000	     -7.00000000	      0.00000000	     80.00000000	      1.39626340	      0.00000000	      0.00000000	      0.00000000	     -6.23060432	     -0.17472962	      0.53288943	      4.81378293	     -3.54124594	     -2.67450239	      9.28626750	      1.75004280	     -6.01441344	     -3.09172245	      4.13464682	     -1.57259372	      0.94686705	      0.40638975	      0.00000000	      3.76821200	     -1.41313127
1760624782.09999990	      4.01297556	      0.26952689	      0.93168769	      0.04898901	      0.95857570	      0.00181824	     80.00000000	     -7.00000000	      0.00000000	     80.00000000	      1.39626340	      0.00000000	      0.00000000	      0.00000000	     80.00000000	     -7.00000000	      0.00000000	     80.00000000	      1.39626340	      0.00000000	      0.00000000	      0.00000000	     -6.21366334	     -0.17939661	      0.58494987	      4.73954672	     -3.50543079	     -2.69473210	      9.31196665	      1.72455088	     -6.03640354	     -3.10685655	      4.09291265	     -1.59917575	      0.95473108	      0.42704457	      0.00000000	      3.79429825	     -1.37831770
1760624782.13400006	      4.03556883	      0.26413096	      0.89978186	      0.04915202	      0.95868641	      0.00148659	     80.00000000	     -7.00000000	      0.00000000	     80.00000000	      1.39626340	      0.00000000	      0.00000000	      0.00000000	     80.00000000	     -7.00000000	      0.00000000	     80.00000000	      1.39626340	      0.00000000	      0.00000000	      0.00000000	     -6.19431758	     -0.21216385	      0.64399681	      4.64587874	     -3.49246118	     -2.72614601	      9.36523761	      1.74788473	     -6.08619718	     -3.10081222	      4.03353323	     -1.66398110	      0.87537517	      0.43596254	      0.00000000	      3.85944352	     -1.29049193
1760624782.16700006	      4.04240910	      0.25516255	      0.89078987	      0.04803001	      0.95852752	      0.00134403	     80.00000000	     -7.00000000	      0.00000000	     80.00000000	      1.39626340	      0.00000000	      0.00000000	      0.00000000	     80.00000000	     -7.00000000	      0.00000000	     80.00000000	      1.39626340	      0.00000000	      0.00000000	      0.00000000	     -6.17295314	     -0.22882578	      0.64487332	      4.55648603	     -3.49062410	     -2.71025980	      9.33822939	      1.74850025	     -6.08133426	     -3.09735693	      3.97416246	     -1.70106684	      0.82741585	      0.40223450	      0.00000000	      3.84826721	     -1.28782054
1760624782.20000005	      3.99483604	      0.26186968	      0.88548403	      0.04859892	      0.95796607	      0.00085494	     80.00000000	     -7.00000000	      0.00000000	     80.00000000	      1.39626340	      0.00000000	      0.00000000	      0.00000000	     80.00000000	     -7.00000000	      0.00000000	     80.00000000	      1.39626340	      0.00000000	      0.00000000	      0.00000000	     -6.08366859	     -0.25812424	      0.63867790	      4.47000798	     -3.52882735	     -2.72588852	      9.33010681	      1.82030066	     -6.02495811	     -3.06569297	      3.86859203	     -1.71321246	      0.81114319	      0.39495397	      0.00000000	      3.84000310	     -1.30155353
1760624782.26699996	      3.95756367	      0.25414842	      0.91562372	      0.04950057	      0.95773038	      0.00079415	     80.00000000	     -7.00000000	      0.00000000	     80.00000000	      1.39626340	      0.00000000	      0.00000000	      0.00000000	     80.00000000	     -7.00000000	      0.00000000	     80.00000000	      1.39626340	      0.00000000	      0.00000000	      0.00000000	     -5.94895884	     -0.35454692	      0.63277413	      4.24632624	     -3.46985882	     -2.83733029	      9.30931425	      1.81812894	     -5.98032856	     -3.04545804	      3.62048798	     -1.73297568	      0.74674843	      0.36096025	      0.00000000	      3.82519278	     -1.26947048
1760624782.30100012	      3.89301724	      0.23411985	      0.94331274	      0.04868429	      0.95713827	      0.00089588	     80.00000000	     -7.00000000	      0.00000000	     80.00000000	      1.39626340	      0.00000000	      0.00000000	      0.00000000	     80.00000000	     -7.00000000	      0.00000000	     80.00000000	      1.39626340	      0.00000000	      0.00000000	      0.00000000	     -5.83085198	     -0.38205116	      0.65826120	      4.13385816	     -3.40819140	     -2.86250478	      9.26703548	      1.81239712	     -5.96238337	     -3.05485209	      3.48463070	     -1.71995987	      0.80648731	      0.37076234	      0.00000000	      3.80856478	     -1.29372851
1760624782.33400011	      3.88945616	      0.21416345	      0.97994862	      0.04910476	      0.95698969	      0.00096833	     80.00000000	     -7.00000000	      0.00000000	     80.00000000	      1.39626340	      0.00000000	      0.00000000	      0.00000000	     80.00000000	     -7.00000000	      0.00000000	     80.00000000	      1.39626340	      0.00000000	      0.00000000	      0.00000000	     -5.71108930	     -0.43952445	      0.68825958	      3.94663830	     -3.30974770	     -2.90567938	      9.28715231	      1.76682301	     -5.97096163	     -3.06658035	      3.31713509	     -1.73268502	      0.84623037	      0.36731072	      0.00000000	      3.83656849	     -1.23781925
1760624782.36800003	      3.79338553	      0.18300087	      1.00397401	      0.04851765	      0.95644552	      0.00123953	     80.00000000	     -7.00000000	      0.00000000	     80.00000000	      1.39626340	      0.00000000	      0.00000000	      0.00000000	     80.00000000	     -7.00000000	      0.00000000	     80.00000000	      1.39626340	      0.00000000	      0.00000000	      0.00000000	     -5.47283383	     -0.46135812	      0.72033753	      3.73566207	     -3.24274318	     -3.03425344	      9.15773263	      1.83350899	     -5.89028893	     -3.04768971	      3.11868271	     -1.72481913	      0.86677451	      0.36433557	      0.00000000	      3.79403672	     -1.21366120
1760624782.40100002	      3.80129362	      0.15916762	      1.03527773	      0.04853899	      0.95634229	      0.00152262	     80.00000000	     -7.00000000	      0.00000000	     80.00000000	      1.39626340	      0.00000000	      0.00000000	      0.00000000	     80.00000000	     -7.00000000	      0.00000000	     80.00000000	      1.39626340	      0.00000000	      0.00000000	      0.00000000	     -5.41586598	     -0.47439402	      0.74216474	      3.63700854	     -3.19882878	     -3.11283805	      9.15487953	      1.87447980	     -5.88892551	     -3.03700839	      3.02167560	     -1.70910442	      0.88554390	      0.37734683	      0.00000000	      3.80589758	     -1.19249623
1760624782.43499994	      3.75242308	      0.12091572	      1.08225604	      0.04845431	      0.95619694	      0.00168795	     80.00000000	     -7.00000000	      0.00000000	     80.00000000	      1.39626340	      0.00000000	      0.00000000	      0.00000000	     80.00000000	     -7.00000000	      0.00000000	     80.00000000	      1.39626340	      0.00000000	      0.00000000	      0.00000000	     -5.31970802	     -0.47401061	      0.72554654	      3.55100720	     -3.14854414	     -3.15887830	      9.20292603	      1.80423750	     -5.89052122	     -3.06192705	      2.93385887	     -1.70202201	      0.93129519	      0.36552979	      0.00000000	      3.80887935	     -1.17100391
1760624782.46799994	      3.68953243	      0.06899314	      1.13099487	      0.04663007	      0.95625947	      0.00252090	     80.00000000	     -7.00000000	      0.00000000	     80.00000000	      1.39626340	      0.00000000	      0.00000000	      0.00000000	     80.00000000	     -7.00000000	      0.00000000	     80.00000000	      1.39626340	      0.00000000	      0.00000000	      0.00000000	     -5.22015851	     -0.44968643	      0.72638856	      3.47034150	     -3.12366017	     -3.18805861	      9.12761239	      1.81728012	     -5.84218069	     -3.02260817	      2.86016326	     -1.70324520	      1.00750887	      0.35923038	      0.00000000	      3.81146439	     -1.12414615
1760624782.50200009	      3.72442309	      0.04139424	      1.16777366	      0.04706595	      0.95674946	      0.00310481	     80.00000000	     -7.00000000	      0.00000000	     80.00000000	      1.39626340	      0.00000000	      0.00000000	      0.00000000	     80.00000000	     -7.00000000	      0.00000000	     80.00000000	      1.39626340	      0.00000000	      0.00000000	      0.00000000	     -5.22139244	     -0.46043382	      0.74399820	      3.41086730	     -3.09098109	     -3.11470263	      9.17681506	      1.69463426	     -5.84474023	     -3.05270022	      2.81543994	     -1.74162460	      1.06815876	      0.35375828	      0.00000000	      3.82495969	     -1.13622446
1760624782.53500009	      3.76781907	      0.02766236	      1.19384347	      0.04630946	      0.95738238	      0.00409565	     80.00000000	     -7.00000000	      0.00000000	     80.00000000	      1.39626340	      0.00000000	      0.00000000	      0.00000000	     80.00000000	     -7.00000000	      0.00000000	     80.00000000	      1.39626340	      0.00000000	      0.00000000	      0.00000000	     -5.24006796	     -0.47091951	      0.75950850	      3.36878519	     -3.05997524	     -3.06344219	      9.21404789	      1.59866306	     -5.85606557	     -3.07475483	      2.78701060	     -1.74995417	      1.12859116	      0.34467094	      0.00000000	      3.85121586	     -1.13562628
1760624782.56900001	      3.81007236	      0.02282905	      1.20572216	      0.04625077	      0.95785062	      0.00482955	     80.00000000	     -7.00000000	      0.00000000	     80.00000000	      1.39626340	      0.00000000	      0.00000000	      0.00000000	     80.00000000	     -7.00000000	      0.00000000	     80.00000000	      1.39626340	      0.00000000	      0.00000000	      0.00000000	     -5.23737496	     -0.46531431	      0.77192330	      3.30886200	     -3.05970272	     -3.05815401	      9.21658633	      1.55971930	     -5.86983021	     -3.08718002	      2.73790299	     -1.74552585	      1.17547161	      0.36035383	      0.00000000	      3.87798743	     -1.11001215
1760624782.60200000	      3.53359566	     -0.02000507	      1.20840962	      0.04945187	      0.95703076	      0.00520739	     80.00000000	     -7.00000000	      0.00000000	     80.00000000	      1.39626340	      0.00000000	      0.00000000	      0.00000000	     80.00000000	     -7.00000000	      0.00000000	     80.00000000	      1.39626340	      0.00000000	      0.00000000	      0.00000000	     -4.79463103	     -0.43611946	      0.80339859	      3.09790196	     -3.03374699	     -3.06012764	      8.90280085	      1.51957112	     -5.65582123	     -3.05884425	      2.54396172	     -1.72167280	      1.14357006	      0.35245932	      0.00000000	      3.87806307	     -1.04565384
1760624782.63499999	      3.38095415	     -0.02692949	      1.20764934	      0.05232759	      0.95676591	      0.00553527	     80.00000000	     -7.00000000	      0.00000000	     80.00000000	      1.39626340	      0.00000000	      0.00000000	      0.00000000	     80.00000000	     -7.00000000	      0.00000000	     80.00000000	      1.39626340	      0.00000000	      0.00000000	      0.00000000	     -4.50499645	     -0.44626564	      0.82327452	      2.96364388	     -3.00460080	     -3.10672383	      8.72955491	      1.54235646	     -5.51575443	     -3.01425031	      2.41103027	     -1.70819229	      1.13789267	      0.33530320	      0.00000000	      3.86018227	     -1.07836390
1760624782.66899991	      3.35224325	     -0.01129667	      1.19813187	      0.04944537	      0.95782131	      0.00620651	     80.00000000	     -7.00000000	      0.00000000	     80.00000000	      1.39626340	      0.00000000	      0.00000000	      0.00000000	     80.00000000	     -7.00000000	      0.00000000	     80.00000000	      1.39626340	      0.00000000	      0.00000000	      0.00000000	     -4.34068508	     -0.47643738	      0.83314817	      2.85482833	     -2.95108301	     -3.15284360	      8.62608840	      1.53510759	     -5.45631976	     -3.00368018	      2.26090699	     -1.70602817	      1.13181461	      0.34365182	      0.00000000	      3.84138744	     -1.03294294
1760624782.70199990	      3.40260072	     -0.00963861	      1.19539275	      0.04919929	      0.95843021	      0.00696981	     80.00000000	     -7.00000000	      0.00000000	     80.00000000	      1.39626340	      0.00000000	      0.00000000	      0.00000000	     80.00000000	     -7.00000000	      0.00000000	     80.00000000	      1.39626340	      0.00000000	      0.00000000	      0.00000000	     -4.24712247	     -0.47723612	      0.82100251	      2.76017613	     -2.92993911	     -3.16451086	      8.59327915	      1.56795654	     -5.45637099	     -2.99158659	      2.14096473	     -1.70977337	      1.13982312	      0.33084243	      0.00000000	      3.84100617	     -1.02804469
1760624782.73600006	      3.41111769	     -0.01123583	      1.19326888	      0.04992382	      0.95845176	      0.00724498	     80.00000000	     -7.00000000	      0.00000000	     80.00000000	      1.39626340	      0.00000000	      0.00000000	      0.00000000	     80.00000000	     -7.00000000	      0.00000000	     80.00000000	      1.39626340	      0.00000000	      0.00000000	      0.00000000	     -4.16009475	     -0.48716260	      0.80629334	      2.67903668	     -2.90071675	     -3.12455463	      8.58577147	      1.59523320	     -5.42278092	     -2.98272979	      2.06515901	     -1.73575676	      1.14832956	      0.32544397	      0.00000000	      3.83984655	     -1.03837703
1760624782.76900005	      3.42250217	     -0.01160389	      1.19103806	      0.05042222	      0.95827527	      0.00746538	     80.00000000	     -7.00000000	      0.00000000	     80.00000000	      1.39626340	      0.00000000	      0.00000000	      0.00000000	     80.00000000	     -7.00000000	      0.00000000	     80.00000000	      1.39626340	      0.00000000	      0.00000000	      0.00000000	     -4.09086766	     -0.49792641	      0.80451300	      2.61145011	     -2.89855860	     -3.15113618	      8.60298394	      1.62721753	     -5.39408821	     -2.97353894	      2.02061275	     -1.76099380	      1.18326633	      0.31160371	      0.00000000	      3.83259877	     -1.03703348
1760624782.80299997	      3.33907020	      0.00006128	      1.17392187	      0.04952741	      0.95784271	      0.00751854	     80.00000000	     -7.00000000	      0.00000000	     80.00000000	      1.39626340	      0.00000000	      0.00000000	      0.00000000	     80.00000000	     -7.00000000	      0.00000000	     80.00000000	      1.39626340	      0.00000000	      0.00000000	      0.00000000	     -3.91924071	     -0.51764862	      0.80962527	      2.56586631	     -2.92356560	     -3.17723258	      8.52257058	      1.61464950	     -5.32022031	     -2.93496521	      1.99556273	     -1.78254821	      1.19757771	      0.29666992	      0.00000000	      3.79657473	     -1.03226178
1760624782.83599997	      3.36073135	     -0.00043683	      1.18065272	      0.04855036	      0.95773961	      0.00743194	     80.00000000	     -7.00000000	      0.00000000	     80.00000000	      1.39626340	      0.00000000	      0.00000000	      0.00000000	     80.00000000	     -7.00000000	      0.00000000	     80.00000000	      1.39626340	      0.00000000	      0.00000000	      0.00000000	     -3.91060973	     -0.51961919	      0.81388111	      2.56437605	     -2.93582767	     -3.09718601	      8.45447760	      1.51997911	     -5.31270133	     -2.93877538	      2.02711260	     -1.78119879	      1.27369912	      0.27451065	      0.00000000	      3.79261923	     -1.04482302
1760624782.86999989	      3.40020604	      0.00164877	      1.17848234	      0.04762013	      0.95778192	      0.00740465	     80.00000000	     -7.00000000	      0.00000000	     80.00000000	      1.39626340	      0.00000000	      0.00000000	      0.00000000	     80.00000000	     -7.00000000	      0.00000000	     80.00000000	      1.39626340	      0.00000000	      0.00000000	      0.00000000	     -3.96866473	     -0.51011529	      0.81603620	      2.62395513	     -2.96183860	     -3.03414435	      8.49424488	      1.46719774	     -5.28489044	     -2.94505059	      2.09811255	     -1.75968603	      1.34677740	      0.26485389	      0.00000000	      3.79549811	     -1.05140042
1760624782.90300012	      3.44180473	     -0.00053210	      1.18562353	      0.04852617	      0.95782862	      0.00737833	     80.00000000	     -7.00000000	      0.00000000	     80.00000000	      1.39626340	      0.00000000	      0.00000000	      0.00000000	     80.00000000	     -7.00000000	      0.00000000	     80.00000000	      1.39626340	      0.00000000	      0.00000000	      0.00000000	     -3.96890897	     -0.51151033	      0.81762804	      2.61889826	     -2.98395363	     -3.13730237	      8.56096139	      1.47489621	     -5.26901554	     -2.93604233	      2.11425702	     -1.73881495	      1.38035450	      0.28834312	      0.00000000	      3.80412695	     -1.04947881
1760624782.93600011	      3.46040763	     -0.00479440	      1.18982804	      0.04882148	      0.95803042	      0.00738940	     80.00000000	     -7.00000000	      0.00000000	     80.00000000	      1.39626340	      0.00000000	      0.00000000	      0.00000000	     80.00000000	     -7.00000000	      0.00000000	     80.00000000	      1.39626340	      0.00000000	      0.00000000	      0.00000000	     -3.98087307	     -0.51530439	      0.82235155	      2.62223982	     -2.97495982	     -3.06811879	      8.55392919	      1.45805377	     -5.28069202	     -2.93056139	      2.13933178	     -1.72035155	      1.40468050	      0.27457263	      0.00000000	      3.80013841	     -1.05175903
1760624783.00300002	      3.52639738	     -0.00842127	      1.20712264	      0.04879685	      0.95810770	      0.00730659	     80.00000000	     -7.00000000	      0.00000000	     80.00000000	      1.39626340	      0.00000000	      0.00000000	      0.00000000	     80.00000000	     -7.00000000	      0.00000000	     80.00000000	      1.39626340	      0.00000000	      0.00000000	      0.00000000	     -4.04271491	     -0.51319377	      0.83711326	      2.68372696	     -2.94503984	     -2.98589752	      8.60764631	      1.31799743	     -5.30124364	     -2.93867545	      2.16827860	     -1.66673602	      1.44858079	      0.27616803	      0.00000000	      3.80234776	     -1.08872580
1760624783.03699994	      3.57161534	     -0.01047471	      1.21758809	      0.04745821	      0.95836166	      0.00757876	     80.00000000	     -7.00000000	      0.00000000	     80.00000000	      1.39626340	      0.00000000	      0.00000000	      0.00000000	     80.00000000	     -7.00000000	      0.00000000	     80.00000000	      1.39626340	      0.00000000	      0.00000000	      0.00000000	     -4.01843440	     -0.51589902	      0.83662087	      2.61060003	     -2.91524060	     -3.00966650	      8.57214833	      1.32075060	     -5.31724797	     -2.94317145	      2.09496287	     -1.66016017	      1.42719920	      0.27310678	      0.00000000	      3.79432876	     -1.08305210
1760624783.06999993	      3.60264427	     -0.01402545	      1.23358927	      0.04776326	      0.95816047	      0.00745340	     80.00000000	     -7.00000000	      0.00000000	     80.00000000	      1.39626340	      0.00000000	      0.00000000	      0.00000000	     80.00000000	     -7.00000000	      0.00000000	     80.00000000	      1.39626340	      0.00000000	      0.00000000	      0.00000000	     -3.99492221	     -0.51129256	      0.83641468	      2.57044570	     -2.89944370	     -3.10203094	      8.55454383	      1.36804175	     -5.32825198	     -2.94961994	      2.03569668	     -1.65270453	      1.43676518	      0.26652538	      0.00000000	      3.78987276	     -1.08307687
1760624783.10400009	      3.59960787	     -0.01952429	      1.26019874	      0.04843604	      0.95806067	      0.00751718	     80.00000000	     -7.00000000	      0.00000000	     80.00000000	      1.39626340	      0.00000000	      0.00000000	      0.00000000	     80.00000000	     -7.00000000	      0.00000000	     80.00000000	      1.39626340	      0.00000000	      0.00000000	      0.00000000	     -3.94220942	     -0.50610252	      0.85581499	      2.53545691	     -2.88848617	     -3.23147644	      8.51538875	      1.48352795	     -5.34378318	     -2.94367662	      1.97280693	     -1.66010730	      1.39525844	      0.26364417	      0.00000000	      3.77168634	     -1.07860293
1760624783.13700008	      3.52451860	     -0.02927159	      1.27591420	      0.04981217	      0.95776330	      0.00742486	     80.00000000	     -7.00000000	      0.00000000	     80.00000000	      1.39626340	      0.00000000	      0.00000000	      0.00000000	     80.00000000	     -7.00000000	      0.00000000	     80.00000000	      1.39626340	      0.00000000	      0.00000000	      0.00000000	     -3.78983288	     -0.49531142	      0.86261691	      2.45950166	     -2.88918546	     -3.35162390	      8.38481002	      1.59152579	     -5.27826916	     -2.90971885	      1.88770127	     -1.66066142	      1.34867930	      0.24800834	      0.00000000	      3.74327867	     -1.05745834
1760624783.17100000	      3.53515610	     -0.02111262	      1.28731276	      0.05004397	      0.95804032	      0.00738248	     80.00000000	     -7.00000000	      0.00000000	     80.00000000	      1.39626340	      0.00000000	      0.00000000	      0.00000000	     80.00000000	     -7.00000000	      0.00000000	     80.00000000	      1.39626340	      0.00000000	      0.00000000	      0.00000000	     -3.78762208	     -0.48042749	      0.86462747	      2.45877227	     -2.91743052	     -3.46053363	      8.38823238	      1.64083439	     -5.27856728	     -2.90574489	      1.88779701	     -1.63978961	      1.27637086	      0.24373651	      0.00000000	      3.75462939	     -1.06259539
1760624783.20400000	      3.54442268	     -0.00844488	      1.29063045	      0.04955618	      0.95813800	      0.00717096	     80.00000000	     -7.00000000	      0.00000000	     80.00000000	      1.39626340	      0.00000000	      0.00000000	      0.00000000	     80.00000000	     -7.00000000	      0.00000000	     80.00000000	      1.39626340	      0.00000000	      0.00000000	      0.00000000	     -3.80379055	     -0.46074724	      0.86379634	      2.48999994	     -2.95462422	     -3.54806547	      8.41271086	      1.71970098	     -5.29012377	     -2.90651923	      1.92384274	     -1.62150841	      1.19253573	      0.24849878	      0.00000000	      3.76366881	     -1.06508570
1760624783.23799992	      3.61767542	     -0.00341075	      1.30813759	      0.04828082	      0.95802599	      0.00719195	     80.00000000	     -7.00000000	      0.00000000	     80.00000000	      1.39626340	      0.00000000	      0.00000000	      0.00000000	     80.00000000	     -7.00000000	      0.00000000	     80.00000000	      1.39626340	      0.00000000	      0.00000000	      0.00000000	     -3.92754769	     -0.45105865	      0.86987334	      2.57325599	     -2.97693770	     -3.67357666	      8.58373122	      1.83236583	     -5.45613350	     -2.92104867	      2.01976535	     -1.63141706	      1.13907124	      0.24666468	      0.00000000	      3.80404810	     -1.04709999
1760624783.30399990	      3.72896827	     -0.00393216	      1.32351941	      0.04443324	      0.95798882	      0.00671920	     80.00000000	     -7.00000000	      0.00000000	     80.00000000	      1.39626340	      0.00000000	      0.00000000	      0.00000000	     80.00000000	     -7.00000000	      0.00000000	     80.00000000	      1.39626340	      0.00000000	      0.00000000	      0.00000000	     -4.21700686	     -0.38975031	      0.86269897	      2.80837195	     -3.07752729	     -3.89197369	      8.81017806	      2.03489025	     -5.61882090	     -2.95645223	      2.33487037	     -1.62972298	      1.03869511	      0.25150492	      0.00000000	      3.84839417	     -1.03207862
1760624783.33800006	      3.70527151	      0.00825347	      1.32262058	      0.04361467	      0.95759458	      0.00652692	     80.00000000	     -7.00000000	      0.00000000	     80.00000000	      1.39626340	      0.00000000	      0.00000000	      0.00000000	     80.00000000	     -7.00000000	      0.00000000	     80.00000000	      1.39626340	      0.00000000	      0.00000000	      0.00000000	     -4.26211283	     -0.36375301	      0.85167522	      2.90209162	     -3.15318648	     -3.94243993	      8.82819805	      2.11789238	     -5.64808796	     -2.96718752	      2.46659343	     -1.61900964	      0.97817813	      0.22269892	      0.00000000	      3.83205106	     -1.02935443
1760624783.37100005	      3.69355647	      0.02266309	      1.32317901	      0.04394402	      0.95751566	      0.00635154	     80.00000000	     -7.00000000	      0.00000000	     80.00000000	      1.39626340	      0.00000000	      0.00000000	      0.00000000	     80.00000000	     -7.00000000	      0.00000000	     80.00000000	      1.39626340	      0.00000000	      0.00000000	      0.00000000	     -4.32835649	     -0.34856417	      0.82943999	      2.99623942	     -3.21310648	     -4.02147756	      8.87912830	      2.22701094	     -5.67113777	     -2.97685519	      2.59832711	     -1.60159015	      0.94032477	      0.22603161	      0.00000000	      3.82798345	     -1.02862496
1760624783.40499997	      3.67822048	      0.04671953	      1.33309061	      0.04577320	      0.95753924	      0.00619412	     80.00000000	     -7.00000000	      0.00000000	     80.00000000	      1.39626340	      0.00000000	      0.00000000	      0.00000000	     80.00000000	     -7.00000000	      0.00000000	     80.00000000	      1.39626340	      0.00000000	      0.00000000	      0.00000000	     -4.37924017	     -0.32376244	      0.81278140	      3.08797609	     -3.30711853	     -4.19201758	      8.93466748	      2.36304251	     -5.69334500	     -2.97127212	      2.71509827	     -1.58162711	      0.92150550	      0.25448884	      0.00000000	      3.82775127	     -1.03425105
1760624783.43799996	      3.74170609	      0.06245027	      1.33988578	      0.04776993	      0.95765553	      0.00599301	     80.00000000	     -7.00000000	      0.00000000	     80.00000000	      1.39626340	      0.00000000	      0.00000000	      0.00000000	     80.00000000	     -7.00000000	      0.00000000	     80.00000000	      1.39626340	      0.00000000	      0.00000000	      0.00000000	     -4.50347608	     -0.30688599	      0.80803016	      3.21391999	     -3.37194227	     -4.29706035	      9.11522139	      2.46257399	     -5.85391363	     -2.99885539	      2.80431951	     -1.57033664	      0.91080878	      0.28857840	      0.00000000	      3.82318871	     -1.04414745
1760624783.47199988	      3.75261166	      0.08225945	      1.34308427	      0.04701718	      0.95774085	      0.00586757	     80.00000000	     -7.00000000	      0.00000000	     80.00000000	      1.39626340	      0.00000000	      0.00000000	      0.00000000	     80.00000000	     -7.00000000	      0.00000000	     80.00000000	      1.39626340	      0.00000000	      0.00000000	      0.00000000	     -4.53905363	     -0.29474560	      0.79333352	      3.28817880	     -3.42782489	     -4.50679472	      9.13341047	      2.67506018	     -5.87268167	     -2.98807354	      2.89843198	     -1.53535873	      0.92655000	      0.30617968	      0.00000000	      3.81732788	     -1.06514472
1760624783.50500011	      3.82696410	      0.10229239	      1.34116274	      0.04719135	      0.95793422	      0.00582473	     80.00000000	     -7.00000000	      0.00000000	     80.00000000	      1.39626340	      0.00000000	      0.00000000	      0.00000000	     80.00000000	     -7.00000000	      0.00000000	     80.00000000	      1.39626340	      0.00000000	      0.00000000	      0.00000000	     -4.66117698	     -0.28079076	      0.75223779	      3.39726845	     -3.48203427	     -4.59267676	      9.14223561	      2.74340899	     -5.89425621	     -2.97390162	      3.00804603	     -1.50654293	      0.86095803	      0.35935280	      0.00000000	      3.84418279	     -1.07078180
1760624783.53900003	      3.80101441	      0.13165435	      1.34382343	      0.05228889	      0.95712338	      0.00610746	     80.00000000	     -7.00000000	      0.00000000	     80.00000000	      1.39626340	      0.00000000	      0.00000000	      0.00000000	     80.00000000	     -7.00000000	      0.00000000	     80.00000000	      1.39626340	      0.00000000	      0.00000000	      0.00000000	     -4.71625374	     -0.30323326	      0.78850529	      3.55739380	     -3.50909696	     -4.70201221	      9.38899750	      2.83129219	     -6.09855453	     -2.99542654	      3.15089931	     -1.51399930	      0.87536843	      0.37678420	      0.00000000	      3.87662718	     -1.07237396
1760624783.57200003	      3.88734741	      0.14858405	      1.34795964	      0.04973029	      0.95777753	      0.00667767	     80.00000000	     -7.00000000	      0.00000000	     80.00000000	      1.39626340	      0.00000000	      0.00000000	      0.00000000	     80.00000000	     -7.00000000	      0.00000000	     80.00000000	      1.39626340	      0.00000000	      0.00000000	      0.00000000	     -4.87898097	     -0.29765439	      0.77166114	      3.70086945	     -3.54229702	     -4.76964263	      9.47447808	      2.94494579	     -6.15727970	     -2.99788869	      3.39352292	     -1.49646873	      0.79742993	      0.35656476	      0.00000000	      3.88629680	     -1.11375170
1760624783.60599995	      3.95973221	      0.14711842	      1.35074666	      0.04825619	      0.95834048	      0.00674744	     80.00000000	     -7.00000000	      0.00000000	     80.00000000	      1.39626340	      0.00000000	      0.00000000	      0.00000000	     80.00000000	     -7.00000000	      0.00000000	     80.00000000	      1.39626340	      0.00000000	      0.00000000	      0.00000000	     -4.99521914	     -0.28495605	      0.75957607	      3.80171550	     -3.56729305	     -4.84590267	      9.53186690	      3.01792540	     -6.22026623	     -2.99117187	      3.55389894	     -1.52288270	      0.80911610	      0.33740307	      0.00000000	      3.89901671	     -1.08861740
1760624783.63899994	      3.98344352	      0.14258133	      1.35015310	      0.04822871	      0.95832703	      0.00685353	     80.00000000	     -7.00000000	      0.00000000	     80.00000000	      1.39626340	      0.00000000	      0.00000000	      0.00000000	     80.00000000	     -7.00000000	      0.00000000	     80.00000000	      1.39626340	      0.00000000	      0.00000000	      0.00000000	     -5.09340644	     -0.25906705	      0.74104306	      3.92732700	     -3.60388572	     -4.83841166	      9.54763746	      3.03940871	     -6.24914774	     -2.99519750	      3.72403583	     -1.54735769	      0.82679003	      0.33542305	      0.00000000	      3.91770720	     -1.09132015
1760624783.67199993	      4.08777339	      0.13388807	      1.35425462	      0.04782000	      0.95836770	      0.00631591	     80.00000000	     -7.00000000	      0.00000000	     80.00000000	      1.39626340	      0.00000000	      0.00000000	      0.00000000	     80.00000000	     -7.00000000	      0.00000000	     80.00000000	      1.39626340	      0.00000000	      0.00000000	      0.00000000	     -5.28404229	     -0.20775431	      0.71189825	      4.08041983	     -3.68457922	     -4.94410222	      9.64619893	      3.23141747	     -6.29698227	     -2.96698478	      3.94146536	     -1.55713252	      0.82129644	      0.33238961	      0.00000000	      3.95344192	     -1.08536252
1760624783.70600009	      4.08502160	      0.14145478	      1.34624571	      0.04752866	      0.95841831	      0.00609928	     80.00000000	     -7.00000000	      0.00000000	     80.00000000	      1.39626340	      0.00000000	      0.00000000	      0.00000000	     80.00000000	     -7.00000000	      0.00000000	     80.00000000	      1.39626340	      0.00000000	      0.00000000	      0.00000000	     -5.29957474	     -0.18518588	      0.70310164	      4.13521808	     -3.72771769	     -4.98339741	      9.65957253	      3.25218617	     -6.29333847	     -2.97376723	      4.02118358	     -1.55889610	      0.79829998	      0.35594639	      0.00000000	      3.95646229	     -1.08072116
1760624783.73900008	      4.08879639	      0.14594033	      1.33521926	      0.04738306	      0.95830294	      0.00568743	     80.00000000	     -7.00000000	      0.00000000	     80.00000000	      1.39626340	      0.00000000	      0.00000000	      0.00000000	     80.00000000	     -7.00000000	      0.00000000	     80.00000000	      1.39626340	      0.00000000	      0.00000000	      0.00000000	     -5.32831522	     -0.16289909	      0.69335690	      4.20517818	     -3.78135073	     -5.01431281	      9.63782587	      3.29324155	     -6.30536075	     -2.97383961	      4.11128879	     -1.56417818	      0.78358181	      0.35497742	      0.00000000	      3.95646310	     -1.08735017
1760624783.77300000	      4.19905189	      0.15239202	      1.32656173	      0.04713892	      0.95832675	      0.00443692	     80.00000000	     -7.00000000	      0.00000000	     80.00000000	      1.39626340	      0.00000000	      0.00000000	      0.00000000	     80.00000000	     -7.00000000	      0.00000000	     80.00000000	      1.39626340	      0.00000000	      0.00000000	      0.00000000	     -5.49848631	     -0.14695788	      0.68745840	      4.32386420	     -3.84019605	     -5.08655166	      9.66157361	      3.41022381	     -6.33784810	     -2.95360304	      4.23902618	     -1.60134036	      0.75428740	      0.35189729	      0.00000000	      3.97199276	     -1.17612637
1760624783.80599999	      4.19766945	      0.15312391	      1.32791404	      0.04715315	      0.95825588	      0.00410654	     80.00000000	     -7.00000000	      0.00000000	     80.00000000	      1.39626340	      0.00000000	      0.00000000	      0.00000000	     80.00000000	     -7.00000000	      0.00000000	     80.00000000	      1.39626340	      0.00000000	      0.00000000	      0.00000000	     -5.50403331	     -0.11326317	      0.69428873	      4.33659187	     -3.89051660	     -5.19141584	      9.68550512	      3.49656227	     -6.32740796	     -2.94893971	      4.27047425	     -1.57490560	      0.75476298	      0.35489831	      0.00000000	      3.96787592	     -1.17877057
1760624783.83999991	      4.17028117	      0.15882035	      1.32937646	      0.04794119	      0.95810185	      0.00383830	     80.00000000	     -7.00000000	      0.00000000	     80.00000000	      1.39626340	      0.00000000	      0.00000000	      0.00000000	     80.00000000	     -7.00000000	      0.00000000	     80.00000000	      1.39626340	      0.00000000	      0.00000000	      0.00000000	     -5.50269888	     -0.09493534	      0.70347529	      4.38167503	     -3.92471404	     -5.22420232	      9.64733651	      3.53523224	     -6.33688318	     -2.95051920	      4.29732795	     -1.57303162	      0.73505614	      0.36290531	      0.00000000	      3.96525401	     -1.18284855
1760624783.87299991	      4.15498509	      0.16230389	      1.34598704	      0.04921420	      0.95795792	      0.00354358	     80.00000000	     -7.00000000	      0.00000000	     80.00000000	      1.39626340	      0.00000000	      0.00000000	      0.00000000	     80.00000000	     -7.00000000	      0.00000000	     80.00000000	      1.39626340	      0.00000000	      0.00000000	      0.00000000	     -5.51707095	     -0.09596030	      0.71993436	      4.44477500	     -3.95520022	     -5.35015517	      9.70197336	      3.56604059	     -6.33253096	     -2.94685334	      4.36923945	     -1.57652853	      0.73702361	      0.35455172	      0.00000000	      3.96382416	     -1.20210907
1760624783.90700006	      4.24486920	      0.17114143	      1.34810999	      0.04912486	      0.95801219	      0.00324470	     80.00000000	     -7.00000000	      0.00000000	     80.00000000	      1.39626340	      0.00000000	      0.00000000	      0.00000000	     80.00000000	     -7.00000000	      0.00000000	     80.00000000	      1.39626340	      0.00000000	      0.00000000	      0.00000000	     -5.66868351	     -0.10197222	      0.73412370	      4.52210731	     -3.98188705	     -5.42966257	      9.86063489	      3.59854407	     -6.47362094	     -2.96557558	      4.46217521	     -1.57419789	      0.71437091	      0.35619933	      0.00000000	      3.96578256	     -1.25139502
1760624783.94000006	      4.26402635	      0.16143553	      1.35541308	      0.04812907	      0.95769177	      0.00336693	     80.00000000	     -7.00000000	      0.00000000	     80.00000000	      1.39626340	      0.00000000	      0.00000000	      0.00000000	     80.00000000	     -7.00000000	      0.00000000	     80.00000000	      1.39626340	      0.00000000	      0.00000000	      0.00000000	     -5.74179342	     -0.09634826	      0.73529675	      4.59234951	     -4.01381409	     -5.42283824	      9.93950877	      3.55813396	     -6.49416323	     -2.98112422	      4.55614093	     -1.56440617	      0.70883973	      0.34442928	      0.00000000	      3.99620905	     -1.22217547
1760624783.97300005	      4.26981015	      0.15742868	      1.36950190	      0.04777723	      0.95720896	      0.00300697	     80.00000000	     -7.00000000	      0.00000000	     80.00000000	      1.39626340	      0.00000000	      0.00000000	      0.00000000	     80.00000000	     -7.00000000	      0.00000000	     80.00000000	      1.39626340	      0.00000000	      0.00000000	      0.00000000	     -5.80265139	     -0.09616027	      0.73406786	      4.62336433	     -4.05998554	     -5.56369229	      9.99974044	      3.64833076	     -6.50558319	     -2.98257092	      4.61823111	     -1.56221114	      0.69658560	      0.36567028	      0.00000000	      4.02215591	     -1.20020462
1760624784.00699997	      4.26173631	      0.15215515	      1.37210134	      0.04851082	      0.95702806	      0.00314767	     80.00000000	     -7.00000000	      0.00000000	     80.00000000	      1.39626340	      0.00000000	      0.00000000	      0.00000000	     80.00000000	     -7.00000000	      0.00000000	     80.00000000	      1.39626340	      0.00000000	      0.00000000	      0.00000000	     -5.83450703	     -0.11109364	      0.73450380	      4.68068592	     -4.10199694	     -5.56439963	     10.04276823	      3.67356197	     -6.51382045	     -2.98004565	      4.65089530	     -1.56649162	      0.70089280	      0.38538199	      0.00000000	      4.02906335	     -1.20451216
1760624784.03999996	      4.29825766	      0.16391100	      1.37591168	      0.04870491	      0.95711596	      0.00329533	     80.00000000	     -7.00000000	      0.00000000	     80.00000000	      1.39626340	      0.00000000	      0.00000000	      0.00000000	     80.00000000	     -7.00000000	      0.00000000	     80.00000000	      1.39626340	      0.00000000	      0.00000000	      0.00000000	     -5.89370478	     -0.14743104	      0.73119589	      4.69699466	     -4.14010134	     -5.59953612	     10.09650396	      3.74251472	     -6.59520560	     -2.97905086	      4.67783173	     -1.57389719	      0.70235481	      0.39197213	      0.00000000	      4.05821564	     -1.23788162
1760624784.07399988	      4.31382489	      0.15345073	      1.38069717	      0.04705649	      0.95731667	      0.00317563	     80.00000000	     -7.00000000	      0.00000000	     80.00000000	      1.39626340	      0.00000000	      0.00000000	      0.00000000	     80.00000000	     -7.00000000	      0.00000000	     80.00000000	      1.39626340	      0.00000000	      0.00000000	      0.00000000	     -5.91630567	     -0.18220097	      0.74039724	      4.67492828	     -4.16970545	     -5.72932858	     10.15712385	      3.84733693	     -6.58182110	     -2.97122270	      4.70615054	     -1.57963375	      0.66327353	      0.41437749	      0.00000000	      4.07123665	     -1.25615007
1760624784.10700011	      4.16200150	      0.16322904	      1.35932520	      0.04911884	      0.95667966	      0.00312137	     80.00000000	     -7.00000000	      0.00000000	     80.00000000	      1.39626340	      0.00000000	      0.00000000	      0.00000000	     80.00000000	     -7.00000000	      0.00000000	     80.00000000	      1.39626340	      0.00000000	      0.00000000	      0.00000000	     -5.71954022	     -0.24062438	      0.77830136	      4.59124573	     -4.17454428	     -5.79172173	     10.05959452	      3.89677271	     -6.54017324	     -2.95440573	      4.66461692	     -1.57998344	      0.61417823	      0.41583064	      0.00000000	      4.05089790	     -1.29383749
1760624784.14100003	      4.18081044	      0.14657262	      1.37302801	      0.04838787	      0.95730817	      0.00322801	     80.00000000	     -7.00000000	      0.00000000	     80.00000000	      1.39626340	      0.00000000	      0.00000000	      0.00000000	     80.00000000	     -7.00000000	      0.00000000	     80.00000000	      1.39626340	      0.00000000	      0.00000000	      0.00000000	     -5.70937215	     -0.27987684	      0.79675204	      4.55590983	     -4.15361327	     -5.88073555	     10.06056036	      3.92644101	     -6.54704225	     -2.94818239	      4.64374979	     -1.59298331	      0.61676238	      0.42262494	      0.00000000	      4.04669749	     -1.29415412
1760624784.17400002	      4.20670078	      0.12931585	      1.37248887	      0.04827196	      0.95791303	      0.00342973	     80.00000000	     -7.00000000	      0.00000000	     80.00000000	      1.39626340	      0.00000000	      0.00000000	      0.00000000	     80.00000000	     -7.00000000	      0.00000000	     80.00000000	      1.39626340	      0.00000000	      0.00000000	      0.00000000	     -5.70166279	     -0.33745770	      0.80660066	      4.51934329	     -4.08881874	     -6.03469110	     10.08689283	      3.98593429	     -6.54346209	     -2.94476545	      4.61410051	     -1.61969893	      0.54384513	      0.45532866	      0.00000000	      4.03949510	     -1.29470843
1760624784.20799994	      4.21922470	      0.12020528	      1.37032080	      0.04841218	      0.95847747	      0.00343132	     80.00000000	     -7.00000000	      0.00000000	     80.00000000	      1.39626340	      0.00000000	      0.00000000	      0.00000000	     80.00000000	     -7.00000000	      0.00000000	     80.00000000	      1.39626340	      0.00000000	      0.00000000	      0.00000000	     -5.68830929	     -0.39239297	      0.81212655	      4.48160403	     -4.02246936	     -6.14311585	     10.08756879	      4.02489318	     -6.54958743	     -2.93545659	      4.60503525	     -1.62500029	      0.51249621	      0.43757413	      0.00000000	      4.01796606	     -1.30455792
1760624784.24099994	      4.23290756	      0.14788649	      1.36104523	      0.04862094	      0.95888874	      0.00318380	     80.00000000	     -7.00000000	      0.00000000	     80.00000000	      1.39626340	      0.00000000	      0.00000000	      0.00000000	     80.00000000	     -7.00000000	      0.00000000	     80.00000000	      1.39626340	      0.00000000	      0.00000000	      0.00000000	     -5.67499797	     -0.48462030	      0.81411064	      4.45282860	     -3.95294466	     -6.23692387	     10.08165016	      4.12662855	     -6.54322751	     -2.92877536	      4.58919669	     -1.64390160	      0.52248161	      0.45372935	      0.00000000	      3.95995327	     -1.33855206
1760624784.27500010	      4.23751140	      0.13049415	      1.37594971	      0.04858072	      0.95915974	      0.00288555	     80.00000000	     -7.00000000	      0.00000000	     80.00000000	      1.39626340	      0.00000000	      0.00000000	      0.00000000	     80.00000000	     -7.00000000	      0.00000000	     80.00000000	      1.39626340	      0.00000000	      0.00000000	      0.00000000	     -5.69142646	     -0.52958375	      0.82341930	      4.44312055	     -3.87784628	     -6.40797066	     10.11173971	      4.29944433	     -6.54588340	     -2.91788106	      4.55828829	     -1.67043259	      0.70244542	      0.50259158	      0.00000000	      3.95096954	     -1.34501154
1760624784.30800009	      4.24152609	      0.11072135	      1.38146525	      0.04848130	      0.95948610	      0.00280865	     80.00000000	     -7.00000000	      0.00000000	     80.00000000	      1.39626340	      0.00000000	      0.00000000	      0.00000000	     80.00000000	     -7.00000000	      0.00000000	     80.00000000	      1.39626340	      0.00000000	      0.00000000	      0.00000000	     -5.70123049	     -0.56103399	      0.82451578	      4.45902624	     -3.82210378	     -6.38050070	     10.10674902	      4.30721911	     -6.55491426	     -2.91702305	      4.53946205	     -1.69373942	      0.89449827	      0.52291475	      0.00000000	      3.95078892	     -1.36077597
1760624784.34100008	      4.26420424	      0.11024877	      1.37908887	      0.04834898	      0.95941034	      0.00271270	     80.00000000	     -7.00000000	      0.00000000	     80.00000000	      1.39626340	      0.00000000	      0.00000000	      0.00000000	     80.00000000	     -7.00000000	      0.00000000	     80.00000000	      1.39626340	      0.00000000	      0.00000000	      0.00000000	     -5.75906904	     -0.58613239	      0.82372102	      4.52940745	     -3.79446843	     -6.36332451	     10.08045532	      4.26771349	     -6.56493270	     -2.94826025	      4.58806584	     -1.68691290	      0.99601925	      0.50553645	      0.00000000	      3.93053254	     -1.40871875
1760624784.37500000	      4.28157496	      0.10198560	      1.38219838	      0.04845682	      0.95944577	      0.00275948	     80.00000000	     -7.00000000	      0.00000000	     80.00000000	      1.39626340	      0.00000000	      0.00000000	      0.00000000	     80.00000000	     -7.00000000	      0.00000000	     80.00000000	      1.39626340	      0.00000000	      0.00000000	      0.00000000	     -5.75825201	     -0.61088700	      0.80783022	      4.53340193	     -3.80677918	     -6.43215621	     10.11270218	      4.30473902	     -6.53378486	     -2.93526772	      4.58761737	     -1.69833606	      1.07048283	      0.51846408	      0.00000000	      3.93004092	     -1.40752694
1760624784.40799999	      4.30160894	      0.10575838	      1.38351237	      0.04875587	      0.95924891	      0.00276001	     80.00000000	     -7.00000000	      0.00000000	     80.00000000	      1.39626340	      0.00000000	      0.00000000	      0.00000000	     80.00000000	     -7.00000000	      0.00000000	     80.00000000	      1.39626340	      0.00000000	      0.00000000	      0.00000000	     -5.74090338	     -0.63320596	      0.79163115	      4.52293742	     -3.81901314	     -6.53506176	     10.11701914	      4.40157657	     -6.51265473	     -2.91688876	      4.60278431	     -1.70724809	      1.05117424	      0.50414049	      0.00000000	      3.92753488	     -1.38540160
1760624784.44199991	      4.32724893	      0.10128891	      1.39078037	      0.04908201	      0.95917907	      0.00277431	     80.00000000	     -7.00000000	      0.00000000	     80.00000000	      1.39626340	      0.00000000	      0.00000000	      0.00000000	     80.00000000	     -7.00000000	      0.00000000	     80.00000000	      1.39626340	      0.00000000	      0.00000000	      0.00000000	     -5.68937313	     -0.65429317	      0.79585876	      4.50687839	     -3.82847161	     -6.60664043	     10.08137360	      4.37815733	     -6.52024049	     -2.91091676	      4.60633944	     -1.72272619	      1.03847315	      0.46560735	      0.00000000	      3.92585713	     -1.37524813
1760624784.47499990	      4.32108991	      0.10560957	      1.40125851	      0.04923802	      0.95918770	      0.00276957	     80.00000000	     -7.00000000	      0.00000000	     80.00000000	      1.39626340	      0.00000000	      0.00000000	      0.00000000	     80.00000000	     -7.00000000	      0.00000000	     80.00000000	      1.39626340	      0.00000000	      0.00000000	      0.00000000	     -5.61375666	     -0.68668473	      0.81127912	      4.46352818	     -3.82909538	     -6.76447176	     10.09737519	      4.48099236	     -6.49141180	     -2.88619789	      4.59037494	     -1.74881399	      1.03740057	      0.46948384	      0.00000000	      3.93342483	     -1.35616142
1760624784.50900006	      4.32183088	      0.11123890	      1.39655694	      0.04988973	      0.95899891	      0.00281039	     80.00000000	     -7.00000000	      0.00000000	     80.00000000	      1.39626340	      0.00000000	      0.00000000	      0.00000000	     80.00000000	     -7.00000000	      0.00000000	     80.00000000	      1.39626340	      0.00000000	      0.00000000	      0.00000000	     -5.55474108	     -0.72167189	      0.82750881	      4.45698110	     -3.82917303	     -6.91786062	     10.25292694	      4.59894775	     -6.63616979	     -2.87199541	      4.60222807	     -1.77539042	      0.97184305	      0.44666038	      0.00000000	      3.91716524	     -1.37444832
1760624784.54200006	      4.37400950	      0.09956267	      1.41356354	      0.04962847	      0.95871911	      0.00296893	     80.00000000	     -7.00000000	      0.00000000	     80.00000000	      1.39626340	      0.00000000	      0.00000000	      0.00000000	     80.00000000	     -7.00000000	      0.00000000	     80.00000000	      1.39626340	      0.00000000	      0.00000000	      0.00000000	     -5.48422854	     -0.73856344	      0.84245228	      4.40425676	     -3.79972053	     -7.01681951	     10.22863463	      4.60009183	     -6.65965827	     -2.87978945	      4.60046963	     -1.81309724	      0.88798180	      0.40389197	      0.00000000	      3.91184411	     -1.37370377
1760624784.57500005	      4.37105615	      0.10588013	      1.42289221	      0.04939985	      0.95846976	      0.00294878	     80.00000000	     -7.00000000	      0.00000000	     80.00000000	      1.39626340	      0.00000000	      0.00000000	      0.00000000	     80.00000000	     -7.00000000	      0.00000000	     80.00000000	      1.39626340	      0.00000000	      0.00000000	      0.00000000	     -5.40274755	     -0.75538844	      0.86374156	      4.36517222	     -3.79584819	     -7.23360891	     10.31253976	      4.73287786	     -6.74778202	     -2.87577350	      4.59203105	     -1.85601964	      0.83423460	      0.40904878	      0.02308253	      3.91207564	     -1.34084709
1760624784.60899997	      4.43897095	      0.09417858	      1.43380171	      0.04917906	      0.95841715	      0.00302421	     80.00000000	     -7.00000000	      0.00000000	     80.00000000	      1.39626340	      0.00000000	      0.00000000	      0.00000000	     80.00000000	     -7.00000000	      0.00000000	     80.00000000	      1.39626340	      0.00000000	      0.00000000	      0.00000000	     -5.41774654	     -0.74622651	      0.88019508	      4.34900675	     -3.79155731	     -7.30724679	     10.42700884	      4.74968803	     -6.78907580	     -2.85793353	      4.60533916	     -1.88907956	      0.82787274	      0.38251373	      0.04133986	      3.91097875	     -1.33154344
1760624784.64199996	      4.48478605	      0.09016787	      1.44494914	      0.04970639	      0.95846789	      0.00275641	     80.00000000	     -7.00000000	      0.00000000	     80.00000000	      1.39626340	      0.00000000	      0.00000000	      0.00000000	     80.00000000	     -7.00000000	      0.00000000	     80.00000000	      1.39626340	      0.00000000	      0.00000000	      0.00000000	     -5.37675310	     -0.73148279	      0.88981497	      4.29110694	     -3.77829329	     -7.36046128	     10.42300489	      4.75808894	     -6.81102698	     -2.85205567	      4.57330536	     -1.91462863	      0.86048500	      0.36445572	      0.03356931	      3.90823876	     -1.33096336
1760624784.67600012	      4.51176607	      0.09000165	      1.45237883	      0.05113220	      0.95846592	      0.00281463	     80.00000000	     -7.00000000	      0.00000000	     80.00000000	      1.39626340	      0.00000000	      0.00000000	      0.00000000	     80.00000000	     -7.00000000	      0.00000000	     80.00000000	      1.39626340	      0.00000000	      0.00000000	      0.00000000	     -5.35459714	     -0.71144110	      0.89844336	      4.26595053	     -3.78842347	     -7.35727322	     10.43313744	      4.74763403	     -6.81753511	     -2.84928112	      4.54777744	     -1.91419018	      0.90435083	      0.36506058	      0.00000000	      3.91079545	     -1.32500015
1760624784.70900011	      4.53008930	      0.09003307	      1.45394908	      0.05166172	      0.95847397	      0.00291392	     80.00000000	     -7.00000000	      0.00000000	     80.00000000	      1.39626340	      0.00000000	      0.00000000	      0.00000000	     80.00000000	     -7.00000000	      0.00000000	     80.00000000	      1.39626340	      0.00000000	      0.00000000	      0.00000000	     -5.34534776	     -0.68815694	      0.89758538	      4.25162236	     -3.80265309	     -7.41744842	     10.43494887	      4.70138609	     -6.81786370	     -2.84330170	      4.52011220	     -1.90733532	      0.90513663	      0.37909112	      0.00000000	      3.91348300	     -1.30846871
1760624784.74300003	      4.55356574	      0.09571589	      1.46501675	      0.05189516	      0.95850605	      0.00297981	     80.00000000	     -7.00000000	      0.00000000	     80.00000000	      1.39626340	      0.00000000	      0.00000000	      0.00000000	     80.00000000	     -7.00000000	      0.00000000	     80.00000000	      1.39626340	      0.00000000	      0.00000000	      0.00000000	     -5.33517317	     -0.67189861	      0.89747821	      4.24409033	     -3.78685834	     -7.50401092	     10.44568440	      4.68929497	     -6.81933754	     -2.83240201	      4.47353495	     -1.89061979	      0.92841087	      0.37687880	      0.00000000	      3.91449284	     -1.30401983
1760624784.77600002	      4.56683917	      0.10123245	      1.47313788	      0.05223357	      0.95860973	      0.00307090	     80.00000000	     -7.00000000	      0.00000000	     80.00000000	      1.39626340	      0.00000000	      0.00000000	      0.00000000	     80.00000000	     -7.00000000	      0.00000000	     80.00000000	      1.39626340	      0.00000000	      0.00000000	      0.00000000	     -5.33817889	     -0.65991146	      0.89182492	      4.22824676	     -3.76186256	     -7.51616823	     10.45433312	      4.69598412	     -6.82220872	     -2.82523741	      4.44839920	     -1.87944366	      0.98190755	      0.36629514	      0.00000000	      3.91283063	     -1.30525039
1760624784.80999994	      4.59170836	      0.10387080	      1.49229108	      0.05270560	      0.95854296	      0.00339245	     80.00000000	     -7.00000000	      0.00000000	     80.00000000	      1.39626340	      0.00000000	      0.00000000	      0.00000000	     80.00000000	     -7.00000000	      0.00000000	     80.00000000	      1.39626340	      0.00000000	      0.00000000	      0.00000000	     -5.34716148	     -0.65105478	      0.88976387	      4.20881666	     -3.74520268	     -7.59231788	     10.48511152	      4.71922597	     -6.82645602	     -2.81977988	      4.41575643	     -1.88959436	      1.01868911	      0.37893776	      0.00000000	      3.91806810	     -1.29815244
1760624784.84299994	      4.72427246	      0.08924803	      1.52337545	      0.05156091	      0.95860358	      0.00364586	     80.00000000	     -7.00000000	      0.00000000	     80.00000000	      1.39626340	      0.00000000	      0.00000000	      0.00000000	     80.00000000	     -7.00000000	      0.00000000	     80.00000000	      1.39626340	      0.00000000	      0.00000000	      0.00000000	     -5.45732666	     -0.61335677	      0.86362415	      4.16629565	     -3.71802329	     -7.61027016	     10.60920640	      4.77179399	     -6.94132839	     -2.85492393	      4.40144779	     -1.88522400	      1.09242318	      0.35275828	      0.00000000	      3.94346559	     -1.31484684
1760624784.87700009	      4.79631272	      0.08594193	      1.54005383	      0.05067853	      0.95828913	      0.00380073	     80.00000000	     -7.00000000	      0.00000000	     80.00000000	      1.39626340	      0.00000000	      0.00000000	      0.00000000	     80.00000000	     -7.00000000	      0.00000000	     80.00000000	      1.39626340	      0.00000000	      0.00000000	      0.00000000	     -5.50719377	     -0.60069373	      0.86399356	      4.11995434	     -3.70674231	     -7.66325908	     10.69312963	      4.84390602	     -6.98088457	     -2.85390911	      4.36847570	     -1.90586651	      1.15068807	      0.36812220	      0.00000000	      3.98609704	     -1.29171598
1760624784.91000009	      4.81780507	      0.09767277	      1.54418325	      0.05051771	      0.95788843	      0.00395993	     80.00000000	     -7.00000000	      0.00000000	     80.00000000	      1.39626340	      0.00000000	      0.00000000	      0.00000000	     80.00000000	     -7.00000000	      0.00000000	     80.00000000	      1.39626340	      0.00000000	      0.00000000	      0.00000000	     -5.51966982	     -0.58689179	      0.86201897	      4.10794249	     -3.70955288	     -7.68852983	     10.69463720	      4.78430296	     -7.00759242	     -2.86145265	      4.34836856	     -1.90617451	      1.20011995	      0.35641822	      0.00000000	      3.99216786	     -1.27761612
1760624784.94400001	      4.84550374	      0.10472423	      1.54961628	      0.05127773	      0.95753818	      0.00365944	     80.00000000	     -7.00000000	      0.00000000	     80.00000000	      1.39626340	      0.00000000	      0.00000000	      0.00000000	     80.00000000	     -7.00000000	      0.00000000	     80.00000000	      1.39626340	      0.00000000	      0.00000000	      0.00000000	     -5.47995728	     -0.58342367	      0.86114922	      4.01281689	     -3.71211223	     -7.76772597	     10.70552281	      4.82627785	     -7.01844922	     -2.85839581	      4.25816053	     -1.89513075	      1.27973144	      0.34170708	      0.00000000	      3.99086144	     -1.28261169
1760624784.97700000	      4.83386548	      0.11501555	      1.55434823	      0.05234438	      0.95690274	      0.00331946	     80.00000000	     -7.00000000	      0.00000000	     80.00000000	      1.39626340	      0.00000000	      0.00000000	      0.00000000	     80.00000000	     -7.00000000	      0.00000000	     80.00000000	      1.39626340	      0.00000000	      0.00000000	      0.00000000	     -5.45742895	     -0.57386873	      0.86937989	      3.98654554	     -3.72786308	     -7.74730214	     10.70174078	      4.81012056	     -7.01560339	     -2.85857117	      4.20320254	     -1.87442091	      1.31909511	      0.35509572	      0.00000000	      3.98859228	     -1.28224088
1760624785.01099992	      4.78015806	      0.12912391	      1.54700866	      0.05276934	      0.95649104	      0.00336698	     80.00000000	     -7.00000000	      0.00000000	     80.00000000	      1.39626340	      0.00000000	      0.00000000	      0.00000000	     80.00000000	     -7.00000000	      0.00000000	     80.00000000	      1.39626340	      0.00000000	      0.00000000	      0.00000000	     -5.37663842	     -0.57729189	      0.87939692	      3.97710494	     -3.73185053	     -7.71734800	     10.64270598	      4.68815221	     -6.97246580	     -2.86657120	      4.14217314	     -1.86138859	      1.31895239	      0.37110687	      0.00000000	      3.97230370	     -1.28421828
1760624785.07699990	      4.67333280	      0.17266348	      1.54866929	      0.05311844	      0.95564947	      0.00327810	     80.00000000	     -7.00000000	      0.00000000	     80.00000000	      1.39626340	      0.00000000	      0.00000000	      0.00000000	     80.00000000	     -7.00000000	      0.00000000	     80.00000000	      1.39626340	      0.00000000	      0.00000000	      0.00000000	     -5.18774231	     -0.63058247	      0.90435959	      3.90162392	     -3.71540406	     -7.69767723	     10.56047629	      4.58024040	     -6.82194921	     -2.85263642	      3.98316613	     -1.83593829	      1.36235691	      0.37775936	      0.00000000	      3.94526122	     -1.36077519
1760624785.11100006	      4.64357999	      0.19901838	      1.55793759	      0.05317272	      0.95558529	      0.00353343	     80.00000000	     -7.00000000	      0.00000000	     80.00000000	      1.39626340	      0.00000000	      0.00000000	      0.00000000	     80.00000000	     -7.00000000	      0.00000000	     80.00000000	      1.39626340	      0.00000000	      0.00000000	      0.00000000	     -5.12204596	     -0.67185897	      0.91430421	      3.85763455	     -3.69353385	     -7.68989550	     10.52574439	      4.58445852	     -6.77317836	     -2.83531995	      3.90389260	     -1.83457652	      1.39619899	      0.39381321	      0.00000000	      3.93742672	     -1.35209058
1760624785.14400005	      4.55079265	      0.24664266	      1.56358808	      0.05380245	      0.95552315	      0.00400628	     80.00000000	     -7.00000000	      0.00000000	     80.00000000	      1.39626340	      0.00000000	      0.00000000	      0.00000000	     80.00000000	     -7.00000000	      0.00000000	     80.00000000	      1.39626340	      0.00000000	      0.00000000	      0.00000000	     -4.97808786	     -0.74180449	      0.92617150	      3.78523853	     -3.63923217	     -7.58095860	     10.37916550	      4.53709688	     -6.62675480	     -2.82888931	      3.78737296	     -1.82205891	      1.45497729	      0.39724227	      0.00000000	      3.91237391	     -1.35390591
1760624785.17799997	      4.55755088	      0.25314071	      1.58138634	      0.05445662	      0.95570542	      0.00417158	     80.00000000	     -7.00000000	      0.00000000	     80.00000000	      1.39626340	      0.00000000	      0.00000000	      0.00000000	     80.00000000	     -7.00000000	      0.00000000	     80.00000000	      1.39626340	      0.00000000	      0.00000000	      0.00000000	     -4.94892009	     -0.76452800	      0.94370883	      3.73182830	     -3.61452961	     -7.57341356	     10.36151349	      4.53875019	     -6.61594723	     -2.82101591	      3.70348694	     -1.81159437	      1.52751652	      0.38685408	      0.00000000	      3.91476073	     -1.34913214
1760624785.21099997	      4.46944276	      0.29135897	      1.58069002	      0.05407357	      0.95576663	      0.00458513	     80.00000000	     -7.00000000	      0.00000000	     80.00000000	      1.39626340	      0.00000000	      0.00000000	      0.00000000	     80.00000000	     -7.00000000	      0.00000000	     80.00000000	      1.39626340	      0.00000000	      0.00000000	      0.00000000	     -4.81913587	     -0.81556113	      0.96970708	      3.66434922	     -3.58532281	     -7.52532681	     10.25308523	      4.46787888	     -6.48086793	     -2.80343910	      3.59539328	     -1.78854902	      1.55443048	      0.40080379	      0.00000000	      3.89704767	     -1.32532676
1760624785.27800012	      4.39492074	      0.30509753	      1.59371764	      0.05365442	      0.95591877	      0.00559005	     80.00000000	     -7.00000000	      0.00000000	     80.00000000	      1.39626340	      0.00000000	      0.00000000	      0.00000000	     80.00000000	     -7.00000000	      0.00000000	     80.00000000	      1.39626340	      0.00000000	      0.00000000	      0.00000000	     -4.67206196	     -0.87191167	      1.01763757	      3.52525731	     -3.47263765	     -7.36671789	     10.02278646	      4.37845758	     -6.29561195	     -2.78194651	      3.39469500	     -1.75131146	      1.60660728	      0.39319685	      0.00000000	      3.92569710	     -1.26540822
1760624785.31100011	      4.39823422	      0.29369831	      1.60519424	      0.05443131	      0.95565080	      0.00580818	     80.00000000	     -7.00000000	      0.00000000	     80.00000000	      1.39626340	      0.00000000	      0.00000000	      0.00000000	     80.00000000	     -7.00000000	      0.00000000	     80.00000000	      1.39626340	      0.00000000	      0.00000000	      0.00000000	     -4.64011613	     -0.88792877	      1.03246752	      3.45979355	     -3.41610092	     -7.36497299	      9.98680748	      4.41149572	     -6.30020735	     -2.77601679	      3.30452995	     -1.75237367	      1.64354894	      0.38024998	      0.00000000	      3.91883472	     -1.27073613
1760624785.34500003	      4.38228720	      0.28591691	      1.60506936	      0.05535093	      0.95563639	      0.00606980	     80.00000000	     -7.00000000	      0.00000000	     80.00000000	      1.39626340	      0.00000000	      0.00000000	      0.00000000	     80.00000000	     -7.00000000	      0.00000000	     80.00000000	      1.39626340	      0.00000000	      0.00000000	      0.00000000	     -4.57479555	     -0.92061021	      1.04615949	      3.36413123	     -3.35826813	     -7.30987469	      9.97277763	      4.44809735	     -6.26660835	     -2.75541886	      3.17498416	     -1.76061746	      1.70261996	      0.39732107	      0.00000000	      3.93064867	     -1.27762149
1760624785.37800002	      4.27028942	      0.28323531	      1.60782563	      0.05608537	      0.95529338	      0.00621704	     80.00000000	     -7.00000000	      0.00000000	     80.00000000	      1.39626340	      0.00000000	      0.00000000	      0.00000000	     80.00000000	     -7.00000000	      0.00000000	     80.00000000	      1.39626340	      0.00000000	      0.00000000	      0.00000000	     -4.42178274	     -0.94877534	      1.05182495	      3.30313402	     -3.32252608	     -7.16649710	      9.82295297	      4.27067937	     -6.10893182	     -2.74215735	      3.09562065	     -1.74792580	      1.71419634	      0.38938527	      0.00000000	      3.95727762	     -1.25404680
1760624785.41199994	      4.27148063	      0.26701458	      1.61621593	      0.05720161	      0.95551950	      0.00659604	     80.00000000	     -7.00000000	      0.00000000	     80.00000000	      1.39626340	      0.00000000	      0.00000000	      0.00000000	     80.00000000	     -7.00000000	      0.00000000	     80.00000000	      1.39626340	      0.00000000	      0.00000000	      0.00000000	     -4.38067400	     -0.98186633	      1.05008715	      3.23083728	     -3.28568365	     -7.07710955	      9.76344183	      4.19562432	     -6.05475095	     -2.67766959	      3.04503641	     -1.72890293	      1.71202371	      0.39692624	      0.00000000	      4.02863512	     -1.23957104
1760624785.44499993	      4.24367227	      0.25607087	      1.62025901	      0.05735181	      0.95554159	      0.00686594	     80.00000000	     -7.00000000	      0.00000000	     80.00000000	      1.39626340	      0.00000000	      0.00000000	      0.00000000	     80.00000000	     -7.00000000	      0.00000000	     80.00000000	      1.39626340	      0.00000000	      0.00000000	      0.00000000	     -4.30926408	     -1.01811733	      1.05885830	      3.16517437	     -3.21374998	     -6.98197058	      9.68608363	      4.10707136	     -5.97485103	     -2.66447699	      2.99907989	     -1.70510835	      1.71215324	      0.41738047	      0.00000000	      4.05446774	     -1.22841749
1760624785.47900009	      4.14909712	      0.22190533	      1.62718923	      0.05720917	      0.95523979	      0.00660255	     80.00000000	     -7.00000000	      0.00000000	     80.00000000	      1.39626340	      0.00000000	      0.00000000	      0.00000000	     80.00000000	     -7.00000000	      0.00000000	     80.00000000	      1.39626340	      0.00000000	      0.00000000	      0.00000000	     -4.19680766	     -1.00635846	      1.05849518	      3.11119813	     -3.18558974	     -6.90760229	      9.53151337	      4.06053955	     -5.84999139	     -2.64485992	      2.97083599	     -1.66976295	      1.73671079	      0.43023415	      0.00000000	      4.08468369	     -1.17709589
1760624785.51200008	      4.13502169	      0.20512286	      1.63777915	      0.05753891	      0.95499362	      0.00620704	     80.00000000	     -7.00000000	      0.00000000	     80.00000000	      1.39626340	      0.00000000	      0.00000000	      0.00000000	     80.00000000	     -7.00000000	      0.00000000	     80.00000000	      1.39626340	      0.00000000	      0.00000000	      0.00000000	     -4.17133043	     -1.01838409	      1.06565410	      3.08690070	     -3.14168368	     -6.85504191	      9.49388628	      3.99704168	     -5.85336148	     -2.64289669	      2.94550915	     -1.61182572	      1.85917500	      0.44767726	      0.00000000	      4.09028706	     -1.17110442
1760624785.57900000	      3.99043789	      0.18350765	      1.64077455	      0.05565966	      0.95443738	      0.00634044	     80.00000000	     -7.00000000	      0.00000000	     80.00000000	      1.39626340	      0.00000000	      0.00000000	      0.00000000	     80.00000000	     -7.00000000	      0.00000000	     80.00000000	      1.39626340	      0.00000000	      0.00000000	      0.00000000	     -4.04131675	     -1.04157718	      1.08238709	      3.06529065	     -3.08138738	     -6.78652514	      9.30026571	      3.89975272	     -5.61028756	     -2.64036673	      2.95276508	     -1.55991200	      1.95729377	      0.47259753	      0.00000000	      4.02141484	     -1.16861779
1760624785.61299992	      3.99756964	      0.17392016	      1.65008912	      0.05525777	      0.95428327	      0.00631019	     80.00000000	     -7.00000000	      0.00000000	     80.00000000	      1.39626340	      0.00000000	      0.00000000	      0.00000000	     80.00000000	     -7.00000000	      0.00000000	     80.00000000	      1.39626340	      0.00000000	      0.00000000	      0.00000000	     -4.05396479	     -1.05788501	      1.07658291	      3.08114762	     -3.07172677	     -6.75534631	      9.33480846	      3.89251396	     -5.61474610	     -2.63819742	      2.93157946	     -1.55533021	      2.10097965	      0.50370673	      0.00000000	      4.01347328	     -1.17918485
1760624785.64599991	      4.01955349	      0.16160467	      1.66133839	      0.05480728	      0.95421429	      0.00656993	     80.00000000	     -7.00000000	      0.00000000	     80.00000000	      1.39626340	      0.00000000	      0.00000000	      0.00000000	     80.00000000	     -7.00000000	      0.00000000	     80.00000000	      1.39626340	      0.00000000	      0.00000000	      0.00000000	     -4.04859072	     -1.08036471	      1.07925196	      3.05006376	     -3.04272507	     -6.74654612	      9.39179538	      3.86744066	     -5.63954663	     -2.63882906	      2.87111762	     -1.59361208	      2.13506062	      0.55805043	      0.00000000	      4.00028914	     -1.17230793
1760624785.67899990	      4.04132492	      0.14521687	      1.67466938	      0.05334502	      0.95436693	      0.00664425	     80.00000000	     -7.00000000	      0.00000000	     80.00000000	      1.39626340	      0.00000000	      0.00000000	      0.00000000	     80.00000000	     -7.00000000	      0.00000000	     80.00000000	      1.39626340	      0.00000000	      0.00000000	      0.00000000	     -4.04614982	     -1.08670377	      1.09040695	      3.05431406	     -3.04032226	     -6.73299295	      9.38304963	      3.83804314	     -5.65355462	     -2.64478271	      2.81861370	     -1.62082742	      2.22392378	      0.55462902	      0.00000000	      3.97451520	     -1.18125929
1760624785.71300006	      4.01272955	      0.10778656	      1.67931574	      0.05246351	      0.95426383	      0.00654612	     80.00000000	     -7.00000000	      0.00000000	     80.00000000	      1.39626340	      0.00000000	      0.00000000	      0.00000000	     80.00000000	     -7.00000000	      0.00000000	     80.00000000	      1.39626340	      0.00000000	      0.00000000	      0.00000000	     -3.98371896	     -1.05905100	      1.07708959	      3.02928346	     -3.07439651	     -6.69647417	      9.24258920	      3.78256029	     -5.55088416	     -2.62993898	      2.69357407	     -1.64235291	      2.39820110	      0.57931957	      0.00000000	      3.88798632	     -1.24796043
1760624785.74600005	      4.02510253	      0.10266320	      1.67440517	      0.05268092	      0.95448775	      0.00637843	     80.00000000	     -7.00000000	      0.00000000	     80.00000000	      1.39626340	      0.00000000	      0.00000000	      0.00000000	     80.00000000	     -7.00000000	      0.00000000	     80.00000000	      1.39626340	      0.00000000	      0.00000000	      0.00000000	     -3.97626600	     -1.05267024	      1.06298122	      3.02268108	     -3.11220473	     -6.68037447	      9.23650950	      3.81105219	     -5.54210511	     -2.62742976	      2.62086373	     -1.65832167	      2.44557488	      0.58136471	      0.00000000	      3.89566092	     -1.23344546
1760624785.77999997	      4.04443629	      0.08900673	      1.66720454	      0.05290305	      0.95416490	      0.00604391	     80.00000000	     -7.00000000	      0.00000000	     80.00000000	      1.39626340	      0.00000000	      0.00000000	      0.00000000	     80.00000000	     -7.00000000	      0.00000000	     80.00000000	      1.39626340	      0.00000000	      0.00000000	      0.00000000	     -3.96666623	     -1.03773538	      1.04422756	      3.00331752	     -3.14369419	     -6.67961054	      9.24627956	      3.84469567	     -5.51599323	     -2.62796026	      2.58480827	     -1.63378643	      2.41217193	      0.56990458	      0.00000000	      3.90034459	     -1.23379845
1760624785.81299996	      4.10496485	      0.04103850	      1.69174317	      0.05243391	      0.95394019	      0.00565406	     80.00000000	     -7.00000000	      0.00000000	     80.00000000	      1.39626340	      0.00000000	      0.00000000	      0.00000000	     80.00000000	     -7.00000000	      0.00000000	     80.00000000	      1.39626340	      0.00000000	      0.00000000	      0.00000000	     -4.02356006	     -0.98181714	      1.04681928	      3.02474678	     -3.18078460	     -6.78299574	      9.37438858	      3.95993033	     -5.53389251	     -2.60506827	      2.59130620	     -1.60282997	      2.38091506	      0.57254108	      0.00000000	      3.92644954	     -1.21216111
1760624785.84699988	      4.12647477	      0.01488650	      1.70646008	      0.05174771	      0.95392359	      0.00548764	     80.00000000	     -7.00000000	      0.00000000	     80.00000000	      1.39626340	      0.00000000	      0.00000000	      0.00000000	     80.00000000	     -7.00000000	      0.00000000	     80.00000000	      1.39626340	      0.00000000	      0.00000000	      0.00000000	     -4.04637431	     -0.94412883	      1.06985198	      3.04633841	     -3.16941181	     -6.77363737	      9.34300961	      3.91044612	     -5.59187849	     -2.63305869	      2.60731961	     -1.57914493	      2.37763584	      0.59737278	      0.00000000	      3.94582312	     -1.17887550
1760624785.88000011	      4.13561552	     -0.00980004	      1.71935821	      0.05081931	      0.95390706	      0.00524093	     80.00000000	     -7.00000000	      0.00000000	     80.00000000	      1.39626340	      0.00000000	      0.00000000	      0.00000000	     80.00000000	     -7.00000000	      0.00000000	     80.00000000	      1.39626340	      0.00000000	      0.00000000	      0.00000000	     -4.08151875	     -0.90122892	      1.09114363	      3.06116922	     -3.16754997	     -6.85432623	      9.39265178	      3.99561468	     -5.62126714	     -2.62897662	      2.66652660	     -1.54966237	      2.34000788	      0.60148869	      0.00000000	      3.95856271	     -1.16325542
1760624785.91400003	      4.12009332	     -0.01385748	      1.73307578	      0.05158418	      0.95401140	      0.00521524	     80.00000000	     -7.00000000	      0.00000000	     80.00000000	      1.39626340	      0.00000000	      0.00000000	      0.00000000	     80.00000000	     -7.00000000	      0.00000000	     80.00000000	      1.39626340	      0.00000000	      0.00000000	      0.00000000	     -4.11947829	     -0.87745593	      1.10907247	      3.11012178	     -3.14293070	     -6.87753760	      9.40816896	      4.03211013	     -5.64944551	     -2.63161040	      2.75890984	     -1.53453587	      2.26519198	      0.62012013	      0.00000000	      3.97224459	     -1.15477352
1760624785.94700003	      4.10519711	     -0.01261597	      1.72776549	      0.05132858	      0.95400740	      0.00520200	     80.00000000	     -7.00000000	      0.00000000	     80.00000000	      1.39626340	      0.00000000	      0.00000000	      0.00000000	     80.00000000	     -7.00000000	      0.00000000	     80.00000000	      1.39626340	      0.00000000	      0.00000000	      0.00000000	     -4.14907530	     -0.84907034	      1.10777501	      3.13937617	     -3.15764441	     -6.87123633	      9.37735240	      4.07296590	     -5.68412568	     -2.63096319	      2.83743909	     -1.53091441	      2.14620084	      0.61704568	      0.00000000	      3.97703197	     -1.13717126
1760624785.98099995	      4.08877806	     -0.01923058	      1.73310083	      0.05158376	      0.95407696	      0.00533090	     80.00000000	     -7.00000000	      0.00000000	     80.00000000	      1.39626340	      0.00000000	      0.00000000	      0.00000000	     80.00000000	     -7.00000000	      0.00000000	     80.00000000	      1.39626340	      0.00000000	      0.00000000	      0.00000000	     -4.18685388	     -0.82853853	      1.11289385	      3.15947155	     -3.16815999	     -6.82775534	      9.38199845	      4.14016554	     -5.69158964	     -2.64003233	      2.93231342	     -1.55071691	      2.08520423	      0.59375514	      0.00000000	      3.97219390	     -1.12927072
1760624786.01399994	      4.05212014	     -0.02283476	      1.73594470	      0.05123131	      0.95417302	      0.00555337	     80.00000000	     -7.00000000	      0.00000000	     80.00000000	      1.39626340	      0.00000000	      0.00000000	      0.00000000	     80.00000000	     -7.00000000	      0.00000000	     80.00000000	      1.39626340	      0.00000000	      0.00000000	      0.00000000	     -4.22903414	     -0.82145080	      1.12702759	      3.17969878	     -3.19185994	     -6.66387128	      9.32226840	      4.19897063	     -5.69257921	     -2.67470085	      3.04670624	     -1.60052973	      2.04382693	      0.58687859	      0.00000000	      3.96898568	     -1.12867307
1760624786.04699993	      4.02755290	     -0.01214167	      1.73965776	      0.05091873	      0.95431654	      0.00571591	     80.00000000	     -7.00000000	      0.00000000	     80.00000000	      1.39626340	      0.00000000	      0.00000000	      0.00000000	     80.00000000	     -7.00000000	      0.00000000	     80.00000000	      1.39626340	      0.00000000	      0.00000000	      0.00000000	     -4.25209251	     -0.82439394	      1.13779201	      3.21245461	     -3.23540500	     -6.66915083	      9.24851849	      4.23190349	     -5.67756044	     -2.69872910	      3.11574823	     -1.64198526	      1.97957242	      0.59019112	      0.00000000	      3.96738582	     -1.11150930
1760624786.08100009	      4.02565750	      0.01768867	      1.75136657	      0.05089933	      0.95442087	      0.00564917	     80.00000000	     -7.00000000	      0.00000000	     80.00000000	      1.39626340	      0.00000000	      0.00000000	      0.00000000	     80.00000000	     -7.00000000	      0.00000000	     80.00000000	      1.39626340	      0.00000000	      0.00000000	      0.00000000	     -4.29939193	     -0.84917961	      1.14143356	      3.25036200	     -3.31275447	     -6.66115311	      9.17959525	      4.32713572	     -5.60990232	     -2.69802381	      3.19324519	     -1.66224008	      1.94328746	      0.56208187	      0.00000000	      3.94984286	     -1.11064653
1760624786.11400008	      4.11558713	      0.04258724	      1.76924100	      0.04892977	      0.95470779	      0.00558625	     80.00000000	     -7.00000000	      0.00000000	     80.00000000	      1.39626340	      0.00000000	      0.00000000	      0.00000000	     80.00000000	     -7.00000000	      0.00000000	     80.00000000	      1.39626340	      0.00000000	      0.00000000	      0.00000000	     -4.51442490	     -0.85383829	      1.13660446	      3.38003424	     -3.41352431	     -6.65506020	      9.22615272	      4.42755513	     -5.57545886	     -2.69046045	      3.34163914	     -1.65650148	      1.87585516	      0.55787963	      0.00000000	      3.97369037	     -1.11407197
1760624786.18099999	      4.27567814	      0.07974489	      1.81311320	      0.04934587	      0.95536264	      0.00536415	     80.00000000	     -7.00000000	      0.00000000	     80.00000000	      1.39626340	      0.00000000	      0.00000000	      0.00000000	     80.00000000	     -7.00000000	      0.00000000	     80.00000000	      1.39626340	      0.00000000	      0.00000000	      0.00000000	     -4.87790334	     -0.86619831	      1.11765657	      3.63080226	     -3.53672620	     -6.74616482	      9.45803059	      4.49646542	     -5.69168385	     -2.69328842	      3.57785386	     -1.62194251	      1.79194063	      0.57001736	      0.00000000	      4.00236667	     -1.10691275
1760624786.21499991	      4.23281130	      0.08927869	      1.81890923	      0.05034698	      0.95522461	      0.00530857	     80.00000000	     -7.00000000	      0.00000000	     80.00000000	      1.39626340	      0.00000000	      0.00000000	      0.00000000	     80.00000000	     -7.00000000	      0.00000000	     80.00000000	      1.39626340	      0.00000000	      0.00000000	      0.00000000	     -4.90941817	     -0.86746885	      1.11520555	      3.68131717	     -3.57925410	     -6.78026652	      9.43245696	      4.55558911	     -5.68668410	     -2.69276208	      3.66598361	     -1.59205752	      1.74747538	      0.57969021	      0.00000000	      3.98953979	     -1.10959260
1760624786.24799991	      4.20664111	      0.09248559	      1.83484932	      0.05085493	      0.95516505	      0.00546445	     80.00000000	     -7.00000000	      0.00000000	     80.00000000	      1.39626340	      0.00000000	      0.00000000	      0.00000000	     80.00000000	     -7.00000000	      0.00000000	     80.00000000	      1.39626340	      0.00000000	      0.00000000	      0.00000000	     -4.94729187	     -0.87673643	      1.12242465	      3.74726487	     -3.57194186	     -6.76715532	      9.34388266	      4.53781522	     -5.65747978	     -2.70387465	      3.75067747	     -1.57914407	      1.73670560	      0.58154187	      0.00000000	      3.96095156	     -1.10997687
1760624786.28200006	      4.19147166	      0.09478320	      1.86650967	      0.05137862	      0.95516975	      0.00515646	     80.00000000	     -7.00000000	      0.00000000	     80.00000000	      1.39626340	      0.00000000	      0.00000000	      0.00000000	     80.00000000	     -7.00000000	      0.00000000	     80.00000000	      1.39626340	      0.00000000	      0.00000000	      0.00000000	     -5.02457797	     -0.85627272	      1.09954058	      3.82720357	     -3.63071362	     -6.79034102	      9.27184218	      4.56401115	     -5.50707621	     -2.65481891	      3.84847368	     -1.55210732	      1.73094849	      0.59810520	      0.00000000	      3.90822222	     -1.04996146
1760624786.31500006	      4.15612281	      0.09827878	      1.86982362	      0.05120113	      0.95510901	      0.00506981	     80.00000000	     -7.00000000	      0.00000000	     80.00000000	      1.39626340	      0.00000000	      0.00000000	      0.00000000	     80.00000000	     -7.00000000	      0.00000000	     80.00000000	      1.39626340	      0.00000000	      0.00000000	      0.00000000	     -5.05142448	     -0.84553173	      1.09508016	      3.88399672	     -3.65513202	     -6.80355555	      9.26407708	      4.49921051	     -5.45012184	     -2.67621272	      3.91938941	     -1.53428493	      1.75758641	      0.59567426	      0.00000000	      3.88219883	     -1.03478367
1760624786.34800005	      4.12157966	      0.10215709	      1.86415171	      0.05090371	      0.95522276	      0.00532549	     80.00000000	     -7.00000000	      0.00000000	     80.00000000	      1.39626340	      0.00000000	      0.00000000	      0.00000000	     80.00000000	     -7.00000000	      0.00000000	     80.00000000	      1.39626340	      0.00000000	      0.00000000	      0.00000000	     -5.12596535	     -0.83639943	      1.09318683	      3.99423699	     -3.69040951	     -6.77805751	      9.29461594	      4.43623650	     -5.44209172	     -2.67458689	      4.06123074	     -1.52893101	      1.73946910	      0.59531615	      0.00000000	      3.88295765	     -1.02559455
1760624786.38199997	      4.10826128	      0.10541929	      1.86274108	      0.04996370	      0.95527830	      0.00556429	     80.00000000	     -7.00000000	      0.00000000	     80.00000000	      1.39626340	      0.00000000	      0.00000000	      0.00000000	     80.00000000	     -7.00000000	      0.00000000	     80.00000000	      1.39626340	      0.00000000	      0.00000000	      0.00000000	     -5.20670850	     -0.81077276	      1.09235154	      4.08737847	     -3.71537327	     -6.78342963	      9.33505466	      4.44937890	     -5.45594082	     -2.67757752	      4.19388029	     -1.53251390	      1.78270996	      0.57932024	      0.00000000	      3.88188475	     -1.03617710
1760624786.41499996	      4.12256079	      0.09033572	      1.86429057	      0.04978805	      0.95529434	      0.00558883	     80.00000000	     -7.00000000	      0.00000000	     80.00000000	      1.39626340	      0.00000000	      0.00000000	      0.00000000	     80.00000000	     -7.00000000	      0.00000000	     80.00000000	      1.39626340	      0.00000000	      0.00000000	      0.00000000	     -5.24627344	     -0.77279991	      1.09766775	      4.10103624	     -3.74556032	     -6.83597087	      9.38875177	      4.53305331	     -5.48225085	     -2.69300464	      4.24060363	     -1.55098852	      1.81224334	      0.58126772	      0.00000000	      3.89334652	     -1.02501189
1760624786.44899988	      4.17005207	      0.05452230	      1.85172708	      0.04915713	      0.95585802	      0.00603577	     80.00000000	     -7.00000000	      0.00000000	     80.00000000	      1.39626340	      0.00000000	      0.00000000	      0.00000000	     80.00000000	     -7.00000000	      0.00000000	     80.00000000	      1.39626340	      0.00000000	      0.00000000	      0.00000000	     -5.32297220	     -0.72066644	      1.09769249	      4.14958427	     -3.75086611	     -6.87293604	      9.50435111	      4.54538541	     -5.60392429	     -2.71792687	      4.29442815	     -1.58278270	      1.80159529	      0.57900368	      0.00000000	      3.92731156	     -0.99874917
1760624786.48200011	      4.14552435	      0.05609289	      1.85205298	      0.04850335	      0.95619195	      0.00622702	     80.00000000	     -7.00000000	      0.00000000	     80.00000000	      1.39626340	      0.00000000	      0.00000000	      0.00000000	     80.00000000	     -7.00000000	      0.00000000	     80.00000000	      1.39626340	      0.00000000	      0.00000000	      0.00000000	     -5.34612015	     -0.70260443	      1.09357906	      4.21517637	     -3.76067574	     -6.93692632	      9.52995604	      4.54452146	     -5.60854805	     -2.71901381	      4.37648968	     -1.62482385	      1.80469512	      0.55384126	      0.00000000	      3.92741584	     -1.00939128
1760624786.51600003	      4.15069958	      0.03293682	      1.85139437	      0.04794145	      0.95643787	      0.00616836	     80.00000000	     -7.00000000	      0.00000000	     80.00000000	      1.39626340	      0.00000000	      0.00000000	      0.00000000	     80.00000000	     -7.00000000	      0.00000000	     80.00000000	      1.39626340	      0.00000000	      0.00000000	      0.00000000	     -5.37213268	     -0.65929758	      1.09697375	      4.23198787	     -3.77415066	     -7.04685931	      9.58304624	      4.64517874	     -5.64352148	     -2.71295730	      4.43553566	     -1.65862550	      1.79692144	      0.52718510	      0.00000000	      3.94377683	     -1.00057361
1760624786.54900002	      4.15815583	     -0.01230831	      1.85164823	      0.04717213	      0.95639964	      0.00609514	     80.00000000	     -7.00000000	      0.00000000	     80.00000000	      1.39626340	      0.00000000	      0.00000000	      0.00000000	     80.00000000	     -7.00000000	      0.00000000	     80.00000000	      1.39626340	      0.00000000	      0.00000000	      0.00000000	     -5.39940187	     -0.58851652	      1.09945838	      4.27521891	     -3.77454438	     -7.03581146	      9.60957247	      4.58664746	     -5.70889472	     -2.73109473	      4.48633979	     -1.67337537	      1.77618831	      0.51749346	      0.00000000	      3.97629983	     -0.98177480
1760624786.58299994	      4.17817389	     -0.07558922	      1.86257656	      0.04722749	      0.95665710	      0.00610896	     80.00000000	     -7.00000000	      0.00000000	     80.00000000	      1.39626340	      0.00000000	      0.00000000	      0.00000000	     80.00000000	     -7.00000000	      0.00000000	     80.00000000	      1.39626340	      0.00000000	      0.00000000	      0.00000000	     -5.41631435	     -0.49036082	      1.12346836	      4.27571236	     -3.78180701	     -7.10380894	      9.73135963	      4.59909757	     -5.82755843	     -2.75116444	      4.51065170	     -1.69531943	      1.78612226	      0.51320784	      0.00000000	      4.00715372	     -0.97320547
1760624786.61599994	      4.17839368	     -0.07773903	      1.87479240	      0.04697099	      0.95662485	      0.00574630	     80.00000000	     -7.00000000	      0.00000000	     80.00000000	      1.39626340	      0.00000000	      0.00000000	      0.00000000	     80.00000000	     -7.00000000	      0.00000000	     80.00000000	      1.39626340	      0.00000000	      0.00000000	      0.00000000	     -5.41841968	     -0.48182676	      1.13635368	      4.28398268	     -3.76924576	     -7.14421843	      9.74957974	      4.58007130	     -5.83089279	     -2.75345766	      4.52407180	     -1.71954273	      1.83048398	      0.50436647	      0.00000000	      3.99625010	     -0.99322633
1760624786.65000010	      4.18391183	     -0.08935352	      1.88019803	      0.04660227	      0.95661270	      0.00557213	     80.00000000	     -7.00000000	      0.00000000	     80.00000000	      1.39626340	      0.00000000	      0.00000000	      0.00000000	     80.00000000	     -7.00000000	      0.00000000	     80.00000000	      1.39626340	      0.00000000	      0.00000000	      0.00000000	     -5.40489054	     -0.47109470	      1.14702149	      4.27840262	     -3.74437943	     -7.13842767	      9.74610363	      4.56387595	     -5.84886847	     -2.75334024	      4.50250454	     -1.74877596	      1.86248542	      0.49055770	      0.00000000	      3.97545412	     -1.01371296
1760624786.68300009	      4.19879494	     -0.12142994	      1.87465336	      0.04581260	      0.95689811	      0.00580736	     80.00000000	     -7.00000000	      0.00000000	     80.00000000	      1.39626340	      0.00000000	      0.00000000	      0.00000000	     80.00000000	     -7.00000000	      0.00000000	     80.00000000	      1.39626340	      0.00000000	      0.00000000	      0.00000000	     -5.40300312	     -0.44437303	      1.15806829	      4.28870012	     -3.70561638	     -7.04643058	      9.79058153	      4.45636782	     -5.85006920	     -2.76873354	      4.48895237	     -1.74472098	      1.89723199	      0.49641812	      0.00000000	      3.96011119	     -1.06367059
1760624786.71600008	      4.21346270	     -0.13260010	      1.88000327	      0.04568341	      0.95707792	      0.00556848	     80.00000000	     -7.00000000	      0.00000000	     80.00000000	      1.39626340	      0.00000000	      0.00000000	      0.00000000	     80.00000000	     -7.00000000	      0.00000000	     80.00000000	      1.39626340	      0.00000000	      0.00000000	      0.00000000	     -5.39345939	     -0.43598427	      1.16325907	      4.26969093	     -3.70003023	     -7.08703583	      9.80424961	      4.47117229	     -5.85222769	     -2.76154343	      4.46092458	     -1.74161861	      1.93043028	      0.48650386	      0.00000000	      3.95844642	     -1.06613851
1760624786.75000000	      4.21810102	     -0.14425681	      1.88034032	      0.04650563	      0.95678846	      0.00496969	     80.00000000	     -7.00000000	      0.00000000	     80.00000000	      1.39626340	      0.00000000	      0.00000000	      0.00000000	     80.00000000	     -7.00000000	      0.00000000	     80.00000000	      1.39626340	      0.00000000	      0.00000000	      0.00000000	     -5.35391638	     -0.42194516	      1.16900008	      4.23394891	     -3.69781290	     -7.05703013	      9.76502095	      4.45360018	     -5.86581704	     -2.76172454	      4.38826996	     -1.73397553	      1.94076895	      0.49435254	      0.00000000	      3.95360649	     -1.05497112
1760624786.78299999	      4.18319877	     -0.17894026	      1.88829479	      0.04746903	      0.95657319	      0.00466838	     80.00000000	     -7.00000000	      0.00000000	     80.00000000	      1.39626340	      0.00000000	      0.00000000	      0.00000000	     80.00000000	     -7.00000000	      0.00000000	     80.00000000	      1.39626340	      0.00000000	      0.00000000	      0.00000000	     -5.26423773	     -0.39728332	      1.17912983	      4.17125180	     -3.68765345	     -7.00472171	      9.72941346	      4.41716094	     -5.81087393	     -2.75782333	      4.30525485	     -1.71632122	      1.96930551	      0.50143102	      0.00000000	      3.94031183	     -1.06398838
1760624786.81699991	      4.11887033	     -0.20426042	      1.90005652	      0.04816850	      0.95632201	      0.00428982	     80.00000000	     -7.00000000	      0.00000000	     80.00000000	      1.39626340	      0.00000000	      0.00000000	      0.00000000	     80.00000000	     -7.00000000	      0.00000000	     80.00000000	      1.39626340	      0.00000000	      0.00000000	      0.00000000	     -5.13391041	     -0.38451213	      1.19925112	      4.10324871	     -3.68637813	     -7.02783638	      9.64044205	      4.44951765	     -5.72352705	     -2.73823231	      4.21866265	     -1.70426991	      1.97790002	      0.48857112	      0.00000000	      3.91085613	     -1.07829219
1760624786.84999990	      4.14136774	     -0.20585050	      1.91744608	      0.04835449	      0.95645775	      0.00423000	     80.00000000	     -7.00000000	      0.00000000	     80.00000000	      1.39626340	      0.00000000	      0.00000000	      0.00000000	     80.00000000	     -7.00000000	      0.00000000	     80.00000000	      1.39626340	      0.00000000	      0.00000000	      0.00000000	     -5.11863304	     -0.39235277	      1.21417305	      4.07398349	     -3.67995195	     -7.06615360	      9.63841343	      4.43375840	     -5.73110812	     -2.72888392	      4.16946751	     -1.69811666	      2.01137278	      0.49371076	      0.00000000	      3.91853947	     -1.07420354
1760624786.88400006	      4.16622749	     -0.20674312	      1.93928391	      0.04974769	      0.95659686	      0.00419590	     80.00000000	     -7.00000000	      0.00000000	     80.00000000	      1.39626340	      0.00000000	      0.00000000	      0.00000000	     80.00000000	     -7.00000000	      0.00000000	     80.00000000	      1.39626340	      0.00000000	      0.00000000	      0.00000000	     -5.07589045	     -0.41511700	      1.23761837	      4.00111805	     -3.65377723	     -7.04731946	      9.65759160	      4.35752261	     -5.72521923	     -2.72999671	      4.08561829	     -1.71284020	      2.05668383	      0.50103545	      0.00000000	      3.94992935	     -1.07681705
1760624786.91700006	      4.18795064	     -0.20745276	      1.94586419	      0.05021792	      0.95657851	      0.00446117	     80.00000000	     -7.00000000	      0.00000000	     80.00000000	      1.39626340	      0.00000000	      0.00000000	      0.00000000	     80.00000000	     -7.00000000	      0.00000000	     80.00000000	      1.39626340	      0.00000000	      0.00000000	      0.00000000	     -5.04145332	     -0.43268528	      1.24066226	      3.92973225	     -3.63478840	     -7.03060839	      9.63992476	      4.35681972	     -5.73055065	     -2.72548310	      4.02626347	     -1.71874941	      2.07503158	      0.47525017	      0.00000000	      3.95403860	     -1.07961255
1760624786.95099998	      4.19531751	     -0.19557295	      1.95864160	      0.05041203	      0.95661449	      0.00487562	     80.00000000	     -7.00000000	      0.00000000	     80.00000000	      1.39626340	      0.00000000	      0.00000000	      0.00000000	     80.00000000	     -7.00000000	      0.00000000	     80.00000000	      1.39626340	      0.00000000	      0.00000000	      0.00000000	     -4.99708566	     -0.46992824	      1.25157208	      3.87006850	     -3.58492766	     -7.00078596	      9.62590819	      4.25651072	     -5.71064553	     -2.72520120	      3.94862577	     -1.73949449	      2.08175235	      0.47772990	      0.00000000	      3.96793538	     -1.06790855
1760624786.98399997	      4.23278218	     -0.18885646	      1.97585058	      0.05051317	      0.95652836	      0.00517023	     80.00000000	     -7.00000000	      0.00000000	     80.00000000	      1.39626340	      0.00000000	      0.00000000	      0.00000000	     80.00000000	     -7.00000000	      0.00000000	     80.00000000	      1.39626340	      0.00000000	      0.00000000	      0.00000000	     -4.94261485	     -0.51165798	      1.26353893	      3.77412120	     -3.54057470	     -7.00193287	      9.63089976	      4.18142491	     -5.69843210	     -2.71729315	      3.82018388	     -1.75430294	      2.15752235	      0.45272168	      0.00000000	      3.97510786	     -1.06703161
1760624787.05100012	      4.29352530	     -0.18451675	      1.98203608	      0.05125508	      0.95643809	      0.00562106	     80.00000000	     -7.00000000	      0.00000000	     80.00000000	      1.39626340	      0.00000000	      0.00000000	      0.00000000	     80.00000000	     -7.00000000	      0.00000000	     80.00000000	      1.39626340	      0.00000000	      0.00000000	      0.00000000	     -4.89008792	     -0.58008378	      1.26540243	      3.65043795	     -3.43888622	     -6.94429251	      9.68533780	      4.05197807	     -5.69302057	     -2.70988655	      3.66533350	     -1.76835434	      2.22866572	      0.41180693	      0.00000000	      3.97070388	     -1.09334338
1760624787.08400011	      4.32328925	     -0.18175592	      1.98834975	      0.05139888	      0.95641237	      0.00587092	     80.00000000	     -7.00000000	      0.00000000	     80.00000000	      1.39626340	      0.00000000	      0.00000000	      0.00000000	     80.00000000	     -7.00000000	      0.00000000	     80.00000000	      1.39626340	      0.00000000	      0.00000000	      0.00000000	     -4.85733013	     -0.61263279	      1.27552818	      3.58200295	     -3.37548712	     -6.95377202	      9.66453472	      4.05982717	     -5.70873682	     -2.71162469	      3.59231018	     -1.75866544	      2.21888127	      0.37790861	      0.00000000	      3.95733275	     -1.09941296
1760624787.15100002	      4.34765887	     -0.16363381	      1.99502013	      0.05253050	      0.95614289	      0.00521287	     80.00000000	     -7.00000000	      0.00000000	     80.00000000	      1.39626340	      0.00000000	      0.00000000	      0.00000000	     80.00000000	     -7.00000000	      0.00000000	     80.00000000	      1.39626340	      0.00000000	      0.00000000	      0.00000000	     -4.76218871	     -0.64390052	      1.30524783	      3.45950014	     -3.35806032	     -6.97914910	      9.64537809	      4.02800303	     -5.70903965	     -2.70857417	      3.44258845	     -1.72042069	      2.26854614	      0.39594418	      0.00000000	      3.93382678	     -1.09494785
1760624787.18499994	      4.20194523	     -0.14526686	      1.97827949	      0.05405303	      0.95497629	      0.00514951	     80.00000000	     -7.00000000	      0.00000000	     80.00000000	      1.39626340	      0.00000000	      0.00000000	      0.00000000	     80.00000000	     -7.00000000	      0.00000000	     80.00000000	      1.39626340	      0.00000000	      0.00000000	      0.00000000	     -4.52377140	     -0.69073099	      1.36113498	      3.35455994	     -3.33480747	     -6.94739834	      9.58926483	      4.00908508	     -5.63204552	     -2.71552661	      3.34606440	     -1.72453706	      2.34071510	      0.39337937	      0.00000000	      3.89805402	     -1.09585119
1760624787.21799994	      4.12204745	     -0.14585537	      1.98339059	      0.05475544	      0.95455282	      0.00535525	     80.00000000	     -7.00000000	      0.00000000	     80.00000000	      1.39626340	      0.00000000	      0.00000000	      0.00000000	     80.00000000	     -7.00000000	      0.00000000	     80.00000000	      1.39626340	      0.00000000	      0.00000000	      0.00000000	     -4.38440058	     -0.70288008	      1.39443747	      3.30579766	     -3.31643433	     -6.95714738	      9.48610739	      3.98000752	     -5.55140006	     -2.69785506	      3.32236493	     -1.70608107	      2.37419972	      0.36891417	      0.00000000	      3.88972092	     -1.09325096
1760624787.25200009	      4.09408918	     -0.12986109	      1.98882939	      0.05447800	      0.95443725	      0.00539633	     80.00000000	     -7.00000000	      0.00000000	     80.00000000	      1.39626340	      0.00000000	      0.00000000	      0.00000000	     80.00000000	     -7.00000000	      0.00000000	     80.00000000	      1.39626340	      0.00000000	      0.00000000	      0.00000000	     -4.27163837	     -0.73375699	      1.40715138	      3.24834783	     -3.29775978	     -6.92974510	      9.38093405	      3.95457967	     -5.53181347	     -2.66265967	      3.26884341	     -1.70250955	      2.41015842	      0.36819961	      0.00000000	      3.88686474	     -1.09573032
1760624787.28500009	      4.02640640	     -0.12854824	      1.99694508	      0.05434815	      0.95402744	      0.00545199	     80.00000000	     -7.00000000	      0.00000000	     80.00000000	      1.39626340	      0.00000000	      0.00000000	      0.00000000	     80.00000000	     -7.00000000	      0.00000000	     80.00000000	      1.39626340	      0.00000000	      0.00000000	      0.00000000	     -4.13953293	     -0.75532895	      1.42959021	      3.19621616	     -3.26612254	     -6.84884612	      9.33334392	      3.86916797	     -5.46179853	     -2.66062733	      3.21672999	     -1.69748042	      2.47561192	      0.36324333	      0.00000000	      3.88608658	     -1.07160699
1760624787.31900001	      3.89755052	     -0.12215999	      1.99981803	      0.05456076	      0.95395417	      0.00556295	     80.00000000	     -7.00000000	      0.00000000	     80.00000000	      1.39626340	      0.00000000	      0.00000000	      0.00000000	     80.00000000	     -7.00000000	      0.00000000	     80.00000000	      1.39626340	      0.00000000	      0.00000000	      0.00000000	     -3.94250042	     -0.78622046	      1.44987717	      3.12826990	     -3.24180580	     -6.83940661	      9.20174863	      3.87464764	     -5.32732037	     -2.60527075	      3.17403263	     -1.68134413	      2.56671745	      0.33628094	      0.00000000	      3.87285077	     -1.09939664
1760624787.35200000	      3.63805006	     -0.10988686	      1.99617995	      0.05499210	      0.95337986	      0.00556945	     80.00000000	     -7.00000000	      0.00000000	     80.00000000	      1.39626340	      0.00000000	      0.00000000	      0.00000000	     80.00000000	     -7.00000000	      0.00000000	     80.00000000	      1.39626340	      0.00000000	      0.00000000	      0.00000000	     -3.54598212	     -0.83503418	      1.49790850	      2.99265771	     -3.17934702	     -6.72649750	      8.82149405	      3.70232768	     -5.04701739	     -2.58460882	      3.01555752	     -1.66929746	      2.73244266	      0.31907580	      0.00000000	      3.77874430	     -1.11317497
1760624787.38499999	      3.50879695	     -0.09622954	      1.98938967	      0.05603306	      0.95318404	      0.00548559	     80.00000000	     -7.00000000	      0.00000000	     80.00000000	      1.39626340	      0.00000000	      0.00000000	      0.00000000	     80.00000000	     -7.00000000	      0.00000000	     80.00000000	      1.39626340	      0.00000000	      0.00000000	      0.00000000	     -3.37558705	     -0.87636208	      1.52961091	      2.95274532	     -3.14239512	     -6.68672143	      8.72724731	      3.68837774	     -4.94264008	     -2.57159910	      2.97224465	     -1.65118857	      2.81091942	      0.33409532	      0.00000000	      3.75549080	     -1.12178602
1760624787.41899991	      3.44953145	     -0.09457910	      2.00075362	      0.05562518	      0.95319126	      0.00556259	     80.00000000	     -7.00000000	      0.00000000	     80.00000000	      1.39626340	      0.00000000	      0.00000000	      0.00000000	     80.00000000	     -7.00000000	      0.00000000	     80.00000000	      1.39626340	      0.00000000	      0.00000000	      0.00000000	     -3.26822613	     -0.90408860	      1.54075392	      2.91550358	     -3.10703141	     -6.66686234	      8.74608065	      3.66949122	     -4.89527886	     -2.57267638	      2.94149570	     -1.62268251	      2.84149261	      0.34704872	      0.00000000	      3.76905355	     -1.12318131
1760624787.45199990	      3.72429880	     -0.08633626	      1.99627355	      0.05160149	      0.95475109	      0.00574347	     80.00000000	     -7.00000000	      0.00000000	     80.00000000	      1.39626340	      0.00000000	      0.00000000	      0.00000000	     80.00000000	     -7.00000000	      0.00000000	     80.00000000	      1.39626340	      0.00000000	      0.00000000	      0.00000000	     -3.52337293	     -0.93483152	      1.55082481	      2.96195332	     -3.07589592	     -6.63292154	      8.95347837	      3.66726268	     -5.06104033	     -2.59250886	      2.96960649	     -1.58451107	      2.85826094	      0.37024538	      0.00000000	      3.83166627	     -1.15009804
1760624787.48600006	      3.92368882	     -0.08658991	      1.99317540	      0.04909953	      0.95558672	      0.00574809	     80.00000000	     -7.00000000	      0.00000000	     80.00000000	      1.39626340	      0.00000000	      0.00000000	      0.00000000	     80.00000000	     -7.00000000	      0.00000000	     80.00000000	      1.39626340	      0.00000000	      0.00000000	      0.00000000	     -3.70624252	     -0.94809930	      1.55076714	      2.98028324	     -3.06170638	     -6.59687101	      9.07103957	      3.64012654	     -5.16025920	     -2.60382067	      2.97590603	     -1.56259780	      2.86526408	      0.38986204	      0.00000000	      3.87097617	     -1.11582233
1760624787.51900005	      4.08821434	     -0.07370116	      1.99048730	      0.04840691	      0.95566441	      0.00569338	     80.00000000	     -7.00000000	      0.00000000	     80.00000000	      1.39626340	      0.00000000	      0.00000000	      0.00000000	     80.00000000	     -7.00000000	      0.00000000	     80.00000000	      1.39626340	      0.00000000	      0.00000000	      0.00000000	     -3.88447334	     -0.96306011	      1.55924724	      3.01475756	     -3.07108694	     -6.60102479	      9.20186354	      3.60634981	     -5.24579278	     -2.61567656	      3.02193850	     -1.54118380	      2.83066844	      0.39708545	      0.00000000	      3.88921881	     -1.09616750
1760624787.55299997	      4.13763076	     -0.07556666	      2.00204307	      0.04748189	      0.95526488	      0.00575777	     80.00000000	     -7.00000000	      0.00000000	     80.00000000	      1.39626340	      0.00000000	      0.00000000	      0.00000000	     80.00000000	     -7.00000000	      0.00000000	     80.00000000	      1.39626340	      0.00000000	      0.00000000	      0.00000000	     -3.88091147	     -0.97321261	      1.58331627	      2.97500513	     -3.05470369	     -6.61023202	      9.17335087	      3.61812478	     -5.26314349	     -2.62007387	      3.01893702	     -1.54232070	      2.76739616	      0.38302187	      0.00000000	      3.88523818	     -1.07935527
1760624787.58599997	      4.18738300	     -0.07326135	      2.01207117	      0.04781129	      0.95469473	      0.00580366	     80.00000000	     -7.00000000	      0.00000000	     80.00000000	      1.39626340	      0.00000000	      0.00000000	      0.00000000	     80.00000000	     -7.00000000	      0.00000000	     80.00000000	      1.39626340	      0.00000000	      0.00000000	      0.00000000	     -3.89930012	     -0.98169697	      1.61395205	      2.93653341	     -3.04496543	     -6.64253199	      9.17409865	      3.67909136	     -5.25658839	     -2.62380845	      3.01905022	     -1.56334795	      2.77177954	      0.37244891	      0.00000000	      3.89096698	     -1.05374499
1760624787.61899996	      4.23013890	     -0.07004291	      2.02759399	      0.04780902	      0.95464574	      0.00591663	     80.00000000	     -7.00000000	      0.00000000	     80.00000000	      1.39626340	      0.00000000	      0.00000000	      0.00000000	     80.00000000	     -7.00000000	      0.00000000	     80.00000000	      1.39626340	      0.00000000	      0.00000000	      0.00000000	     -3.92183215	     -0.98094684	      1.64408251	      2.91103223	     -3.04215742	     -6.69412940	      9.17290762	      3.70858943	     -5.25021580	     -2.62559622	      3.00416970	     -1.58487475	      2.81920009	      0.38686599	      0.00000000	      3.90074163	     -1.03841426
1760624787.65300012	      4.27397013	     -0.06676597	      2.01959375	      0.04793549	      0.95457570	      0.00614788	     80.00000000	     -7.00000000	      0.00000000	     80.00000000	      1.39626340	      0.00000000	      0.00000000	      0.00000000	     80.00000000	     -7.00000000	      0.00000000	     80.00000000	      1.39626340	      0.00000000	      0.00000000	      0.00000000	     -3.94160353	     -0.97575342	      1.65145051	      2.89592561	     -3.03872302	     -6.64776499	      9.11588043	      3.67328701	     -5.24684306	     -2.62346481	      2.96113567	     -1.61866166	      2.80525153	      0.37653305	      0.00000000	      3.88781627	     -1.03063234
1760624787.68600011	      4.30603031	     -0.06732604	      2.01746590	      0.04784896	      0.95457232	      0.00642423	     80.00000000	     -7.00000000	      0.00000000	     80.00000000	      1.39626340	      0.00000000	      0.00000000	      0.00000000	     80.00000000	     -7.00000000	      0.00000000	     80.00000000	      1.39626340	      0.00000000	      0.00000000	      0.00000000	     -3.96073750	     -0.97537845	      1.67971485	      2.86733849	     -3.00603096	     -6.61370414	      9.02358554	      3.61759043	     -5.15789708	     -2.62991314	      2.94362116	     -1.62696632	      2.81462739	      0.35113772	      0.00000000	      3.86499331	     -1.06910527
1760624787.72000003	      4.32020004	     -0.05979136	      2.01921453	      0.04821668	      0.95448152	      0.00666458	     80.00000000	     -7.00000000	      0.00000000	     80.00000000	      1.39626340	      0.00000000	      0.00000000	      0.00000000	     80.00000000	     -7.00000000	      0.00000000	     80.00000000	      1.39626340	      0.00000000	      0.00000000	      0.00000000	     -3.97010536	     -0.96802974	      1.68291158	      2.88623412	     -2.99557787	     -6.62246011	      9.07643867	      3.61826131	     -5.14869977	     -2.62271079	      2.91628004	     -1.63294221	      2.79213513	      0.34704940	      0.00000000	      3.86053841	     -1.07793225
1760624787.78699994	      4.35160131	     -0.06185703	      2.02028366	      0.04852962	      0.95416758	      0.00694481	     80.00000000	     -7.00000000	      0.00000000	     80.00000000	      1.39626340	      0.00000000	      0.00000000	      0.00000000	     80.00000000	     -7.00000000	      0.00000000	     80.00000000	      1.39626340	      0.00000000	      0.00000000	      0.00000000	     -4.00312919	     -0.95859316	      1.68486957	      2.86443875	     -2.93216370	     -6.53129928	      9.04584148	      3.54491480	     -5.16557836	     -2.61893100	      2.84312535	     -1.63559419	      2.75606915	      0.35121885	      0.00000000	      3.88932530	     -1.05344296
1760624787.81999993	      4.34937486	     -0.05925932	      2.03050593	      0.04822524	      0.95406356	      0.00691540	     80.00000000	     -7.00000000	      0.00000000	     80.00000000	      1.39626340	      0.00000000	      0.00000000	      0.00000000	     80.00000000	     -7.00000000	      0.00000000	     80.00000000	      1.39626340	      0.00000000	      0.00000000	      0.00000000	     -4.00831418	     -0.95205064	      1.69790057	      2.84803264	     -2.91626356	     -6.51757354	      9.03574752	      3.54548460	     -5.16594246	     -2.61922597	      2.83540128	     -1.62311761	      2.76854091	      0.34134168	      0.00000000	      3.88977586	     -1.05516858
1760624787.85400009	      4.35817045	     -0.06774052	      2.04200043	      0.04662220	      0.95400507	      0.00648187	     80.00000000	     -7.00000000	      0.00000000	     80.00000000	      1.39626340	      0.00000000	      0.00000000	      0.00000000	     80.00000000	     -7.00000000	      0.00000000	     80.00000000	      1.39626340	      0.00000000	      0.00000000	      0.00000000	     -4.02618552	     -0.92318292	      1.71614934	      2.83508522	     -2.93260864	     -6.54824156	      9.03189385	      3.52969393	     -5.14819407	     -2.62780198	      2.84547618	     -1.60651771	      2.78363240	      0.33091653	      0.00000000	      3.89704080	     -1.05234083
1760624787.88700008	      4.28254256	     -0.12666956	      2.04589203	      0.04487830	      0.95366109	      0.00613562	     80.00000000	     -7.00000000	      0.00000000	     80.00000000	      1.39626340	      0.00000000	      0.00000000	      0.00000000	     80.00000000	     -7.00000000	      0.00000000	     80.00000000	      1.39626340	      0.00000000	      0.00000000	      0.00000000	     -3.90870328	     -0.85540851	      1.69897795	      2.75268684	     -2.93404474	     -6.50728908	      8.73385212	      3.54181743	     -4.92939702	     -2.60957628	      2.81125226	     -1.60343935	      2.76809298	      0.32573277	      0.00000000	      3.89070219	     -1.05525852
1760624787.92100000	      4.41007999	     -0.12393696	      2.04903456	      0.04560931	      0.95385293	      0.00604141	     80.00000000	     -7.00000000	      0.00000000	     80.00000000	      1.39626340	      0.00000000	      0.00000000	      0.00000000	     80.00000000	     -7.00000000	      0.00000000	     80.00000000	      1.39626340	      0.00000000	      0.00000000	      0.00000000	     -4.07785552	     -0.84382385	      1.72386982	      2.81149676	     -2.95096490	     -6.53089811	      8.93650139	      3.54264111	     -5.06386461	     -2.64107262	      2.87188812	     -1.60049812	      2.81549507	      0.32638294	      0.00000000	      3.92935073	     -1.06124763
1760624787.95400000	      4.34442821	     -0.12339043	      2.05422767	      0.04446963	      0.95370137	      0.00617698	     80.00000000	     -7.00000000	      0.00000000	     80.00000000	      1.39626340	      0.00000000	      0.00000000	      0.00000000	     80.00000000	     -7.00000000	      0.00000000	     80.00000000	      1.39626340	      0.00000000	      0.00000000	      0.00000000	     -4.00825024	     -0.84048589	      1.70716320	      2.77323798	     -2.94967689	     -6.59056899	      8.83079402	      3.58575959	     -4.99605613	     -2.62290241	      2.88482108	     -1.62177235	      2.80571985	      0.33335691	      0.00000000	      3.93381463	     -1.00379906
1760624787.98799992	      4.34825683	     -0.12880093	      2.06869415	      0.04613169	      0.95351392	      0.00631367	     80.00000000	     -7.00000000	      0.00000000	     80.00000000	      1.39626340	      0.00000000	      0.00000000	      0.00000000	     80.00000000	     -7.00000000	      0.00000000	     80.00000000	      1.39626340	      0.00000000	      0.00000000	      0.00000000	     -4.04101702	     -0.83632093	      1.71291590	      2.81283741	     -2.94759807	     -6.65147899	      8.92905554	      3.57894717	     -5.00962193	     -2.63090867	      2.91256768	     -1.63648978	      2.84781157	      0.33363208	      0.00000000	      3.92989370	     -1.01365743
1760624788.02099991	      4.33775046	     -0.12746607	      2.06380090	      0.04743323	      0.95331557	      0.00625833	     80.00000000	     -7.00000000	      0.00000000	     80.00000000	      1.39626340	      0.00000000	      0.00000000	      0.00000000	     80.00000000	     -7.00000000	      0.00000000	     80.00000000	      1.39626340	      0.00000000	      0.00000000	      0.00000000	     -4.07509111	     -0.82042307	      1.70443483	      2.84540658	     -2.95994740	     -6.68204225	      8.97761638	      3.58975703	     -5.02260162	     -2.63268913	      2.95794320	     -1.63020307	      2.84050732	      0.33555570	      0.00000000	      3.93939879	     -1.01853534
1760624788.05399990	      4.31426945	     -0.12976608	      2.06032833	      0.04841853	      0.95325037	      0.00607946	     80.00000000	     -7.00000000	      0.00000000	     80.00000000	      1.39626340	      0.00000000	      0.00000000	      0.00000000	     80.00000000	     -7.00000000	      0.00000000	     80.00000000	      1.39626340	      0.00000000	      0.00000000	      0.00000000	     -4.10223334	     -0.79599477	      1.69814068	      2.87268687	     -2.96356206	     -6.66808454	      8.96312217	      3.53466818	     -5.05546291	     -2.64226379	      2.98663707	     -1.61499375	      2.85618970	      0.33121960	      0.00000000	      3.94265599	     -1.01796904
1760624788.08800006	      4.35544440	     -0.15687451	      2.05806515	      0.04896139	      0.95340599	      0.00601472	     80.00000000	     -7.00000000	      0.00000000	     80.00000000	      1.39626340	      0.00000000	      0.00000000	      0.00000000	     80.00000000	     -7.00000000	      0.00000000	     80.00000000	      1.39626340	      0.00000000	      0.00000000	      0.00000000	     -4.22137288	     -0.74192001	      1.68736760	      2.94891597	     -2.97980861	     -6.69943907	      9.11820439	      3.56124031	     -5.18643996	     -2.66553172	      3.03655104	     -1.60452876	      2.84767567	      0.36872847	      0.00000000	      3.98737138	     -1.00344623
1760624788.12100005	      4.22931888	     -0.15604308	      2.05726106	      0.04641937	      0.95332297	      0.00596380	     80.00000000	     -7.00000000	      0.00000000	     80.00000000	      1.39626340	      0.00000000	      0.00000000	      0.00000000	     80.00000000	     -7.00000000	      0.00000000	     80.00000000	      1.39626340	      0.00000000	      0.00000000	      0.00000000	     -4.12228747	     -0.72332819	      1.65533130	      2.93107551	     -2.97762077	     -6.67675328	      8.89695366	      3.53679357	     -5.04548404	     -2.65213258	      3.04415908	     -1.58199812	      2.82784218	      0.36072029	      0.00000000	      3.95309211	     -1.00191887
1760624788.15499997	      4.19466978	     -0.14546927	      2.04658908	      0.04631435	      0.95303086	      0.00608868	     80.00000000	     -7.00000000	      0.00000000	     80.00000000	      1.39626340	      0.00000000	      0.00000000	      0.00000000	     80.00000000	     -7.00000000	      0.00000000	     80.00000000	      1.39626340	      0.00000000	      0.00000000	      0.00000000	     -4.15264668	     -0.71851885	      1.64882416	      2.98113228	     -2.99481898	     -6.70890689	      8.91099133	      3.58401531	     -5.04304388	     -2.64485754	      3.08465625	     -1.56753896	      2.79343755	      0.37872493	      0.00000000	      3.96117682	     -1.01809345
1760624788.18799996	      4.16044358	     -0.13516004	      2.03351535	      0.04612490	      0.95295931	      0.00607798	     80.00000000	     -7.00000000	      0.00000000	     80.00000000	      1.39626340	      0.00000000	      0.00000000	      0.00000000	     80.00000000	     -7.00000000	      0.00000000	     80.00000000	      1.39626340	      0.00000000	      0.00000000	      0.00000000	     -4.17751465	     -0.70881620	      1.63637869	      3.04062001	     -3.01833444	     -6.71768960	      8.90639869	      3.60234549	     -5.04856415	     -2.64387444	      3.13638576	     -1.56917557	      2.74845169	      0.38703299	      0.00000000	      3.96848100	     -1.01980354
1760624788.22199988	      4.12616026	     -0.12576794	      2.03901660	      0.04590023	      0.95297131	      0.00589639	     80.00000000	     -7.00000000	      0.00000000	     80.00000000	      1.39626340	      0.00000000	      0.00000000	      0.00000000	     80.00000000	     -7.00000000	      0.00000000	     80.00000000	      1.39626340	      0.00000000	      0.00000000	      0.00000000	     -4.24722615	     -0.69488506	      1.61295144	      3.12343521	     -3.08268836	     -6.77692917	      8.95261777	      3.73172139	     -5.05587950	     -2.63352573	      3.23442313	     -1.56907799	      2.72845410	      0.36896722	      0.00000000	      3.97724558	     -1.03133046
1760624788.25500011	      4.09643696	     -0.11140261	      2.04158630	      0.04443609	      0.95301556	      0.00573288	     80.00000000	     -7.00000000	      0.00000000	     80.00000000	      1.39626340	      0.00000000	      0.00000000	      0.00000000	     80.00000000	     -7.00000000	      0.00000000	     80.00000000	      1.39626340	      0.00000000	      0.00000000	      0.00000000	     -4.28766065	     -0.68157948	      1.60275425	      3.18021656	     -3.14349579	     -6.80800080	      8.93748744	      3.74937732	     -5.04885878	     -2.62789903	      3.30675821	     -1.56412298	      2.70470612	      0.35831222	      0.00000000	      3.97559987	     -1.03246687
1760624788.28900003	      4.22214583	     -0.09949194	      2.06233537	      0.04597631	      0.95326498	      0.00568027	     80.00000000	     -7.00000000	      0.00000000	     80.00000000	      1.39626340	      0.00000000	      0.00000000	      0.00000000	     80.00000000	     -7.00000000	      0.00000000	     80.00000000	      1.39626340	      0.00000000	      0.00000000	      0.00000000	     -4.53568287	     -0.66441023	      1.59556277	      3.34685297	     -3.22345764	     -6.86058411	      9.24310246	      3.74745181	     -5.23343778	     -2.63851686	      3.44011232	     -1.56233197	      2.67854668	      0.35709457	      0.00000000	      3.97214324	     -1.02903614
1760624788.32200003	      4.17672157	     -0.09108258	      2.06879409	      0.04622678	      0.95324409	      0.00585466	     80.00000000	     -7.00000000	      0.00000000	     80.00000000	      1.39626340	      0.00000000	      0.00000000	      0.00000000	     80.00000000	     -7.00000000	      0.00000000	     80.00000000	      1.39626340	      0.00000000	      0.00000000	      0.00000000	     -4.61902575	     -0.66013744	      1.59343335	      3.46458248	     -3.29134232	     -6.90305033	      9.30194386	      3.87980038	     -5.24521969	     -2.63503467	      3.59808900	     -1.57390759	      2.64712981	      0.34680189	      0.00000000	      3.97971466	     -1.02558672
1760624788.35599995	      4.15524753	     -0.08205758	      2.06902655	      0.04596690	      0.95310550	      0.00589342	     80.00000000	     -7.00000000	      0.00000000	     80.00000000	      1.39626340	      0.00000000	      0.00000000	      0.00000000	     80.00000000	     -7.00000000	      0.00000000	     80.00000000	      1.39626340	      0.00000000	      0.00000000	      0.00000000	     -4.66528361	     -0.64564869	      1.58534863	      3.52554644	     -3.34717409	     -6.93804364	      9.30905992	      3.92095708	     -5.25550098	     -2.64211607	      3.66919526	     -1.57050958	      2.60655061	      0.35780620	      0.00000000	      3.98161542	     -1.01467195
1760624788.38899994	      4.15252304	     -0.08177097	      2.08389906	      0.04601700	      0.95319317	      0.00578474	     80.00000000	     -7.00000000	      0.00000000	     80.00000000	      1.39626340	      0.00000000	      0.00000000	      0.00000000	     80.00000000	     -7.00000000	      0.00000000	     80.00000000	      1.39626340	      0.00000000	      0.00000000	      0.00000000	     -4.73774330	     -0.64094508	      1.58706191	      3.60293411	     -3.38654158	     -6.94869287	      9.30734205	      3.96252961	     -5.29988699	     -2.63654846	      3.77265536	     -1.58121810	      2.56758440	      0.33309633	      0.00000000	      3.97703065	     -1.00006391
1760624788.42199993	      3.98882038	     -0.08254663	      2.09170528	      0.04794414	      0.95229742	      0.00577630	     80.00000000	     -7.00000000	      0.00000000	     80.00000000	      1.39626340	      0.00000000	      0.00000000	      0.00000000	     80.00000000	     -7.00000000	      0.00000000	     80.00000000	      1.39626340	      0.00000000	      0.00000000	      0.00000000	     -4.64035350	     -0.61883714	      1.57287089	      3.64591160	     -3.42930558	     -6.93016510	      9.16215856	      3.96596170	     -5.22626111	     -2.63079509	      3.81722910	     -1.58068572	      2.54213853	      0.33256995	      0.00000000	      3.94276353	     -0.98181709
1760624788.45600009	      4.01725974	     -0.06519997	      2.10643593	      0.04745093	      0.95299780	      0.00577678	     80.00000000	     -7.00000000	      0.00000000	     80.00000000	      1.39626340	      0.00000000	      0.00000000	      0.00000000	     80.00000000	     -7.00000000	      0.00000000	     80.00000000	      1.39626340	      0.00000000	      0.00000000	      0.00000000	     -4.70546033	     -0.61005387	      1.55271593	      3.67639075	     -3.47971745	     -6.95877555	      9.16485272	      4.05378744	     -5.17723649	     -2.60434836	      3.85461225	     -1.57949942	      2.51260530	      0.34305548	      0.00000000	      3.95058050	     -0.96406550
1760624788.48900008	      4.07414800	     -0.05130647	      2.11943037	      0.04716907	      0.95340904	      0.00575045	     80.00000000	     -7.00000000	      0.00000000	     80.00000000	      1.39626340	      0.00000000	      0.00000000	      0.00000000	     80.00000000	     -7.00000000	      0.00000000	     80.00000000	      1.39626340	      0.00000000	      0.00000000	      0.00000000	     -4.82948489	     -0.61384634	      1.54005800	      3.75888525	     -3.49271346	     -6.91904583	      9.18080799	      4.02470298	     -5.17349611	     -2.60390109	      3.93369096	     -1.58686359	      2.47166953	      0.33808327	      0.00000000	      3.96022262	     -0.95263753
1760624788.52300000	      4.15242649	     -0.05542324	      2.12472695	      0.04612233	      0.95380719	      0.00588121	     80.00000000	     -7.00000000	      0.00000000	     80.00000000	      1.39626340	      0.00000000	      0.00000000	      0.00000000	     80.00000000	     -7.00000000	      0.00000000	     80.00000000	      1.39626340	      0.00000000	      0.00000000	      0.00000000	     -5.01725593	     -0.59007887	      1.52140754	      3.89536235	     -3.51984493	     -6.89390050	      9.23243217	      4.02869402	     -5.21039876	     -2.60522967	      4.07522813	     -1.57756289	      2.40631565	      0.33758649	      0.00000000	      4.00942104	     -0.98753238
1760624788.55599999	      4.16313481	     -0.05881522	      2.12943398	      0.04509209	      0.95385177	      0.00572426	     80.00000000	     -7.00000000	      0.00000000	     80.00000000	      1.39626340	      0.00000000	      0.00000000	      0.00000000	     80.00000000	     -7.00000000	      0.00000000	     80.00000000	      1.39626340	      0.00000000	      0.00000000	      0.00000000	     -5.09140297	     -0.56695679	      1.52047601	      3.97364120	     -3.56297833	     -6.90050483	      9.31686071	      4.05417111	     -5.20555801	     -2.59783150	      4.16213654	     -1.58010043	      2.37283654	      0.34349736	      0.00000000	      4.01937822	     -0.96666362
1760624788.58999991	      4.22196199	     -0.08028560	      2.14159341	      0.04464289	      0.95397935	      0.00561936	     80.00000000	     -7.00000000	      0.00000000	     80.00000000	      1.39626340	      0.00000000	      0.00000000	      0.00000000	     80.00000000	     -7.00000000	      0.00000000	     80.00000000	      1.39626340	      0.00000000	      0.00000000	      0.00000000	     -5.18952249	     -0.53148046	      1.49827733	      4.00688011	     -3.58609379	     -6.90114792	      9.26542267	      4.10558503	     -5.20273555	     -2.59320805	      4.22738085	     -1.58611153	      2.32744148	      0.34941472	      0.00000000	      4.03507412	     -0.94419135
1760624788.62299991	      4.20805402	     -0.07787305	      2.14789844	      0.04410683	      0.95406163	      0.00519352	     80.00000000	     -7.00000000	      0.00000000	     80.00000000	      1.39626340	      0.00000000	      0.00000000	      0.00000000	     80.00000000	     -7.00000000	      0.00000000	     80.00000000	      1.39626340	      0.00000000	      0.00000000	      0.00000000	     -5.21553007	     -0.51097130	      1.49751885	      4.05857343	     -3.63836806	     -6.91259333	      9.26361196	      4.15804025	     -5.19945623	     -2.59592815	      4.30350530	     -1.58512299	      2.30612849	      0.33853984	      0.00000000	      4.03077278	     -0.95075361
1760624788.65700006	      4.19883312	     -0.09427535	      2.17131250	      0.04347252	      0.95414666	      0.00495270	     80.00000000	     -7.00000000	      0.00000000	     80.00000000	      1.39626340	      0.00000000	      0.00000000	      0.00000000	     80.00000000	     -7.00000000	      0.00000000	     80.00000000	      1.39626340	      0.00000000	      0.00000000	      0.00000000	     -5.21546342	     -0.49677662	      1.49804749	      4.06751934	     -3.66817701	     -6.96826186	      9.20402174	      4.25014602	     -5.19431350	     -2.58620237	      4.35091973	     -1.59247056	      2.30445683	      0.32463084	      0.00000000	      4.01968002	     -0.95141308
1760624788.69000006	      4.14689010	     -0.11715777	      2.19424482	      0.04419445	      0.95460255	      0.00488222	     80.00000000	     -7.00000000	      0.00000000	     80.00000000	      1.39626340	      0.00000000	      0.00000000	      0.00000000	     80.00000000	     -7.00000000	      0.00000000	     80.00000000	      1.39626340	      0.00000000	      0.00000000	      0.00000000	     -5.15365120	     -0.47334441	      1.48878514	      4.06525202	     -3.69285443	     -7.02014189	      9.08750533	      4.31825415	     -5.10789347	     -2.54669501	      4.36561433	     -1.59870832	      2.26201021	      0.33678552	      0.00000000	      4.00225272	     -0.93832400
1760624788.72300005	      4.15130625	     -0.11866945	      2.20632387	      0.04437720	      0.95472366	      0.00510654	     80.00000000	     -7.00000000	      0.00000000	     80.00000000	      1.39626340	      0.00000000	      0.00000000	      0.00000000	     80.00000000	     -7.00000000	      0.00000000	     80.00000000	      1.39626340	      0.00000000	      0.00000000	      0.00000000	     -5.14132992	     -0.47602609	      1.49701851	      4.05339557	     -3.71203871	     -7.06089104	      9.07594436	      4.31296124	     -5.10888485	     -2.55007697	      4.39151741	     -1.60921160	      2.23009942	      0.34417555	      0.00000000	      4.00447049	     -0.93899555
1760624788.75699997	      4.18711393	     -0.12583970	      2.22895879	      0.04423001	      0.95529367	      0.00551510	     80.00000000	     -7.00000000	      0.00000000	     80.00000000	      1.39626340	      0.00000000	      0.00000000	      0.00000000	     80.00000000	     -7.00000000	      0.00000000	     80.00000000	      1.39626340	      0.00000000	      0.00000000	      0.00000000	     -5.18707571	     -0.47495642	      1.51870905	      4.09758080	     -3.72176528	     -7.14013928	      9.11842064	      4.42378363	     -5.14235961	     -2.56292478	      4.45305634	     -1.62574144	      2.25305331	      0.33607454	      0.00000000	      4.04271652	     -0.93474308
1760624788.78999996	      4.11169942	     -0.16168646	      2.23649999	      0.04545193	      0.95471540	      0.00516092	     80.00000000	     -7.00000000	      0.00000000	     80.00000000	      1.39626340	      0.00000000	      0.00000000	      0.00000000	     80.00000000	     -7.00000000	      0.00000000	     80.00000000	      1.39626340	      0.00000000	      0.00000000	      0.00000000	     -5.07043733	     -0.43857608	      1.53728451	      4.07096172	     -3.74469085	     -7.13281587	      9.02086214	      4.51446382	     -5.15224829	     -2.56685348	      4.43354434	     -1.62603762	      2.24906346	      0.31982634	      0.00000000	      4.03128274	     -0.92212552
1760624788.82399988	      4.14734026	     -0.17587816	      2.24714171	      0.04495134	      0.95526485	      0.00482116	     80.00000000	     -7.00000000	      0.00000000	     80.00000000	      1.39626340	      0.00000000	      0.00000000	      0.00000000	     80.00000000	     -7.00000000	      0.00000000	     80.00000000	      1.39626340	      0.00000000	      0.00000000	      0.00000000	     -5.06769494	     -0.42365120	      1.55100462	      4.07602491	     -3.75878247	     -7.10381941	      9.01709111	      4.57741566	     -5.17165807	     -2.58712762	      4.40778280	     -1.62137514	      2.28187637	      0.33235060	      0.00000000	      4.07288321	     -0.92038902
1760624788.85700011	      4.15955279	     -0.19705242	      2.24835651	      0.04485849	      0.95534013	      0.00499707	     80.00000000	     -7.00000000	      0.00000000	     80.00000000	      1.39626340	      0.00000000	      0.00000000	      0.00000000	     80.00000000	     -7.00000000	      0.00000000	     80.00000000	      1.39626340	      0.00000000	      0.00000000	      0.00000000	     -5.05379435	     -0.41083361	      1.55339898	      4.07404394	     -3.77626867	     -7.10983536	      9.07684029	      4.51724553	     -5.15245514	     -2.57568732	      4.38038914	     -1.63492976	      2.27044289	      0.34344040	      0.00000000	      4.13145068	     -0.90272117
1760624788.89100003	      4.22008576	     -0.22205807	      2.25063987	      0.04584389	      0.95566201	      0.00491550	     80.00000000	     -7.00000000	      0.00000000	     80.00000000	      1.39626340	      0.00000000	      0.00000000	      0.00000000	     80.00000000	     -7.00000000	      0.00000000	     80.00000000	      1.39626340	      0.00000000	      0.00000000	      0.00000000	     -5.08708733	     -0.38920481	      1.55314485	      4.10996995	     -3.78657519	     -7.09442877	      9.21058187	      4.38634766	     -5.27192926	     -2.59007523	      4.35868984	     -1.63399940	      2.24020951	      0.32070665	      0.00000000	      4.25476930	     -0.86317501
1760624788.92400002	      4.24262283	     -0.22609267	      2.24977406	      0.04526152	      0.95591021	      0.00499763	     80.00000000	     -7.00000000	      0.00000000	     80.00000000	      1.39626340	      0.00000000	      0.00000000	      0.00000000	     80.00000000	     -7.00000000	      0.00000000	     80.00000000	      1.39626340	      0.00000000	      0.00000000	      0.00000000	     -5.06522986	     -0.39475747	      1.55225735	      4.09831740	     -3.76011032	     -7.07257513	      9.19709917	      4.37322007	     -5.27388079	     -2.58608012	      4.31523769	     -1.61204518	      2.23707049	      0.31786135	      0.00000000	      4.25635966	     -0.86376014
1760624788.99099994	      4.29846431	     -0.24057635	      2.25093802	      0.04540824	      0.95619509	      0.00506171	     80.00000000	     -7.00000000	      0.00000000	     80.00000000	      1.39626340	      0.00000000	      0.00000000	      0.00000000	     80.00000000	     -7.00000000	      0.00000000	     80.00000000	      1.39626340	      0.00000000	      0.00000000	      0.00000000	     -5.04740741	     -0.39505966	      1.57455315	      4.04977408	     -3.71878622	     -7.01537380	      9.16945021	      4.26177241	     -5.26071285	     -2.59100049	      4.24073298	     -1.59076859	      2.20368849	      0.33485605	      0.00000000	      4.28581790	     -0.86531676
1760624789.02500010	      4.34171945	     -0.24668594	      2.25580255	      0.04556057	      0.95634415	      0.00541382	     80.00000000	     -7.00000000	      0.00000000	     80.00000000	      1.39626340	      0.00000000	      0.00000000	      0.00000000	     80.00000000	     -7.00000000	      0.00000000	     80.00000000	      1.39626340	      0.00000000	      0.00000000	      0.00000000	     -5.03621856	     -0.40947666	      1.58339102	      3.99667776	     -3.66037738	     -7.04300036	      9.16092357	      4.28656452	     -5.26915586	     -2.58290919	      4.20294100	     -1.60049757	      2.24424396	      0.32028983	      0.00000000	      4.29116548	     -0.85625611
1760624789.05800009	      4.36275016	     -0.25010762	      2.25238148	      0.04552427	      0.95654200	      0.00569687	     80.00000000	     -7.00000000	      0.00000000	     80.00000000	      1.39626340	      0.00000000	      0.00000000	      0.00000000	     80.00000000	     -7.00000000	      0.00000000	     80.00000000	      1.39626340	      0.00000000	      0.00000000	      0.00000000	     -5.03296542	     -0.41989107	      1.58763562	      3.95278099	     -3.61362813	     -7.03718376	      9.13119765	      4.26648583	     -5.27156766	     -2.57770275	      4.17945625	     -1.60738766	      2.27148440	      0.31510662	      0.00000000	      4.29310497	     -0.85564210
1760624789.09100008	      4.40315672	     -0.26224286	      2.25319102	      0.04513221	      0.95684924	      0.00610117	     80.00000000	     -7.00000000	      0.00000000	     80.00000000	      1.39626340	      0.00000000	      0.00000000	      0.00000000	     80.00000000	     -7.00000000	      0.00000000	     80.00000000	      1.39626340	      0.00000000	      0.00000000	      0.00000000	     -5.02424549	     -0.43745243	      1.60491397	      3.90836779	     -3.55722849	     -6.99699086	      9.07170586	      4.17540998	     -5.27563501	     -2.58707299	      4.14549013	     -1.63740656	      2.25842173	      0.30837572	      0.00000000	      4.30055204	     -0.85266594
1760624789.12500000	      4.44594454	     -0.27152889	      2.25331169	      0.04615018	      0.95673105	      0.00573476	     80.00000000	     -7.00000000	      0.00000000	     80.00000000	      1.39626340	      0.00000000	      0.00000000	      0.00000000	     80.00000000	     -7.00000000	      0.00000000	     80.00000000	      1.39626340	      0.00000000	      0.00000000	      0.00000000	     -4.99931954	     -0.43900997	      1.61295371	      3.84808068	     -3.51423527	     -7.01800119	      9.05270334	      4.11988740	     -5.27860461	     -2.58932560	      4.09245434	     -1.64785379	      2.25325853	      0.25699058	      0.00000000	      4.31450344	     -0.84364993
1760624789.15799999	      4.49046774	     -0.27932381	      2.25730881	      0.04597847	      0.95672906	      0.00526172	     80.00000000	     -7.00000000	      0.00000000	     80.00000000	      1.39626340	      0.00000000	      0.00000000	      0.00000000	     80.00000000	     -7.00000000	      0.00000000	     80.00000000	      1.39626340	      0.00000000	      0.00000000	      0.00000000	     -4.96843862	     -0.43459268	      1.61081408	      3.76581808	     -3.49942253	     -7.10370760	      9.05874845	      4.09950260	     -5.27377350	     -2.58906706	      4.01187215	     -1.64971285	      2.23783896	      0.24541259	      0.00000000	      4.33044535	     -0.83738681
1760624789.19199991	      4.52082234	     -0.29172659	      2.26361070	      0.04627327	      0.95689248	      0.00507360	     80.00000000	     -7.00000000	      0.00000000	     80.00000000	      1.39626340	      0.00000000	      0.00000000	      0.00000000	     80.00000000	     -7.00000000	      0.00000000	     80.00000000	      1.39626340	      0.00000000	      0.00000000	      0.00000000	     -4.94243597	     -0.44856875	      1.61235009	      3.70125455	     -3.42770467	     -7.13626373	      9.05550794	      4.05696551	     -5.28133110	     -2.58731800	      3.94348837	     -1.67668797	      2.22485011	      0.19892229	      0.00000000	      4.33716028	     -0.82612998
1760624789.25900006	      4.53480634	     -0.28173391	      2.27316353	      0.04744431	      0.95724709	      0.00491046	     80.00000000	     -7.00000000	      0.00000000	     80.00000000	      1.39626340	      0.00000000	      0.00000000	      0.00000000	     80.00000000	     -7.00000000	      0.00000000	     80.00000000	      1.39626340	      0.00000000	      0.00000000	      0.00000000	     -4.80659583	     -0.48432569	      1.64515697	      3.50391054	     -3.32472446	     -7.29952707	      9.04552945	      4.10375314	     -5.24785388	     -2.59328768	      3.76001520	     -1.70207606	      2.25854444	      0.15303973	      0.00000000	      4.30988310	     -0.82603687
1760624789.29200006	      4.56305556	     -0.27356068	      2.28186610	      0.04818603	      0.95731148	      0.00512926	     80.00000000	     -7.00000000	      0.00000000	     80.00000000	      1.39626340	      0.00000000	      0.00000000	      0.00000000	     80.00000000	     -7.00000000	      0.00000000	     80.00000000	      1.39626340	      0.00000000	      0.00000000	      0.00000000	     -4.77377710	     -0.49254633	      1.65465615	      3.45429125	     -3.28357834	     -7.32117513	      9.02089838	      4.06807174	     -5.26365834	     -2.59765413	      3.71035251	     -1.72106508	      2.28447014	      0.12567695	      0.00000000	      4.30447126	     -0.83003731
1760624789.32599998	      4.59684480	     -0.25241295	      2.28542804	      0.04896705	      0.95739080	      0.00521430	     80.00000000	     -7.00000000	      0.00000000	     80.00000000	      1.39626340	      0.00000000	      0.00000000	      0.00000000	     80.00000000	     -7.00000000	      0.00000000	     80.00000000	      1.39626340	      0.00000000	      0.00000000	      0.00000000	     -4.76413045	     -0.51711856	      1.66702962	      3.42271513	     -3.25034644	     -7.33151708	      9.08405969	      4.02332671	     -5.26356487	     -2.60707745	      3.66948801	     -1.74868254	      2.31774021	      0.13512997	      0.00000000	      4.29460867	     -0.83764209
1760624789.35899997	      4.63268518	     -0.21122555	      2.28081323	      0.04889253	      0.95729957	      0.00521854	     80.00000000	     -7.00000000	      0.00000000	     80.00000000	      1.39626340	      0.00000000	      0.00000000	      0.00000000	     80.00000000	     -7.00000000	      0.00000000	     80.00000000	      1.39626340	      0.00000000	      0.00000000	      0.00000000	     -4.76650409	     -0.55630660	      1.69344354	      3.39608991	     -3.23083482	     -7.40663249	      9.16006393	      4.06970693	     -5.29619483	     -2.59547716	      3.66753797	     -1.75824235	      2.33210409	      0.12009477	      0.00000000	      4.28614145	     -0.84797569
1760624789.39199996	      4.66394111	     -0.20200755	      2.29002262	      0.04876835	      0.95704872	      0.00536814	     80.00000000	     -7.00000000	      0.00000000	     80.00000000	      1.39626340	      0.00000000	      0.00000000	      0.00000000	     80.00000000	     -7.00000000	      0.00000000	     80.00000000	      1.39626340	      0.00000000	      0.00000000	      0.00000000	     -4.73216587	     -0.56066234	      1.70491972	      3.37355857	     -3.18959645	     -7.40969052	      9.16051310	      4.06131497	     -5.31622632	     -2.59757642	      3.63717129	     -1.77865606	      2.35218720	      0.09384594	      0.00000000	      4.27664037	     -0.85381927
1760624789.42600012	      4.67424059	     -0.18860764	      2.30084266	      0.04738398	      0.95663584	      0.00510681	     80.00000000	     -7.00000000	      0.00000000	     80.00000000	      1.39626340	      0.00000000	      0.00000000	      0.00000000	     80.00000000	     -7.00000000	      0.00000000	     80.00000000	      1.39626340	      0.00000000	      0.00000000	      0.00000000	     -4.68618753	     -0.56434635	      1.72829752	      3.34497387	     -3.16984337	     -7.39828043	      9.16775137	      4.00176208	     -5.33213315	     -2.60882446	      3.59137593	     -1.77938839	      2.39287491	      0.08970667	      0.00000000	      4.25425472	     -0.86838137
1760624789.45900011	      4.67940871	     -0.17921584	      2.30607149	      0.04705898	      0.95635088	      0.00515876	     80.00000000	     -7.00000000	      0.00000000	     80.00000000	      1.39626340	      0.00000000	      0.00000000	      0.00000000	     80.00000000	     -7.00000000	      0.00000000	     80.00000000	      1.39626340	      0.00000000	      0.00000000	      0.00000000	     -4.62765843	     -0.57599169	      1.74904629	      3.31634601	     -3.14239999	     -7.38341374	      9.18307503	      3.97214481	     -5.34172521	     -2.61243876	      3.54671999	     -1.79534478	      2.42776886	      0.08523447	      0.00000000	      4.23503145	     -0.88106247
1760624789.49300003	      4.69127736	     -0.16834887	      2.31232282	      0.04678426	      0.95625813	      0.00533547	     80.00000000	     -7.00000000	      0.00000000	     80.00000000	      1.39626340	      0.00000000	      0.00000000	      0.00000000	     80.00000000	     -7.00000000	      0.00000000	     80.00000000	      1.39626340	      0.00000000	      0.00000000	      0.00000000	     -4.56678025	     -0.58281542	      1.77062648	      3.26136050	     -3.10689794	     -7.32806608	      9.15663643	      3.97139305	     -5.35548220	     -2.60893008	      3.49900239	     -1.79498073	      2.49876196	      0.08237728	      0.00000000	      4.23065051	     -0.88763554
1760624789.52600002	      4.70794554	     -0.15973927	      2.31451615	      0.04581658	      0.95635980	      0.00549714	     80.00000000	     -7.00000000	      0.00000000	     80.00000000	      1.39626340	      0.00000000	      0.00000000	      0.00000000	     80.00000000	     -7.00000000	      0.00000000	     80.00000000	      1.39626340	      0.00000000	      0.00000000	      0.00000000	     -4.55033481	     -0.58066982	      1.77675635	      3.27748618	     -3.08577286	     -7.27710632	      9.17371701	      3.97286684	     -5.35240738	     -2.60619760	      3.47270882	     -1.78408040	      2.56373565	      0.08289826	      0.00000000	      4.22989532	     -0.89065984
1760624789.55999994	      4.68524574	     -0.13419661	      2.30029172	      0.04535402	      0.95622686	      0.00559122	     80.00000000	     -7.00000000	      0.00000000	     80.00000000	      1.39626340	      0.00000000	      0.00000000	      0.00000000	     80.00000000	     -7.00000000	      0.00000000	     80.00000000	      1.39626340	      0.00000000	      0.00000000	      0.00000000	     -4.46337597	     -0.60577969	      1.80301185	      3.22596598	     -3.06244802	     -7.23659132	      9.18312290	      3.86312738	     -5.34444753	     -2.59796008	      3.38890861	     -1.77684504	      2.63617541	      0.09583401	      0.00000000	      4.21551264	     -0.94484962
1760624789.59299994	      4.60763167	     -0.11445561	      2.28608957	      0.04613753	      0.95573696	      0.00563925	     80.00000000	     -7.00000000	      0.00000000	     80.00000000	      1.39626340	      0.00000000	      0.00000000	      0.00000000	     80.00000000	     -7.00000000	      0.00000000	     80.00000000	      1.39626340	      0.00000000	      0.00000000	      0.00000000	     -4.31310086	     -0.63589060	      1.82804133	      3.17512062	     -3.02138971	     -7.18919996	      9.13636622	      3.84000435	     -5.30617920	     -2.58813789	      3.29229593	     -1.75538664	      2.70423617	      0.08336478	      0.00000000	      4.19360346	     -0.96826297
1760624789.62700009	      4.60057354	     -0.10903576	      2.29025008	      0.04706679	      0.95510253	      0.00560825	     80.00000000	     -7.00000000	      0.00000000	     80.00000000	      1.39626340	      0.00000000	      0.00000000	      0.00000000	     80.00000000	     -7.00000000	      0.00000000	     80.00000000	      1.39626340	      0.00000000	      0.00000000	      0.00000000	     -4.25413834	     -0.64326758	      1.84018704	      3.13753956	     -2.99663209	     -7.14086755	      9.08318303	      3.80826199	     -5.31261131	     -2.58646325	      3.20224381	     -1.72517412	      2.75018936	      0.08625037	      0.00000000	      4.18920412	     -0.96297097
1760624789.66000009	      4.45442004	     -0.07574143	      2.28207224	      0.04737731	      0.95479815	      0.00554197	     80.00000000	     -7.00000000	      0.00000000	     80.00000000	      1.39626340	      0.00000000	      0.00000000	      0.00000000	     80.00000000	     -7.00000000	      0.00000000	     80.00000000	      1.39626340	      0.00000000	      0.00000000	      0.00000000	     -4.04312682	     -0.69776564	      1.87424836	      3.07044219	     -2.95310161	     -7.11696177	      8.96960097	      3.73803275	     -5.19115108	     -2.57001646	      3.09584096	     -1.71674849	      2.76253276	      0.10110803	      0.00000000	      4.16052726	     -0.94784016
1760624789.69400001	      4.45920566	     -0.07368424	      2.30257211	      0.04811563	      0.95490770	      0.00556660	     80.00000000	     -7.00000000	      0.00000000	     80.00000000	      1.39626340	      0.00000000	      0.00000000	      0.00000000	     80.00000000	     -7.00000000	      0.00000000	     80.00000000	      1.39626340	      0.00000000	      0.00000000	      0.00000000	     -4.01875443	     -0.71563204	      1.89620860	      3.03283474	     -2.92004592	     -7.10621696	      8.94455855	      3.71935726	     -5.17584225	     -2.55885285	      3.04432808	     -1.69470893	      2.81813362	      0.08950006	      0.00000000	      4.15841427	     -0.93644842
1760624789.72700000	      4.45648619	     -0.06575504	      2.31147341	      0.04854738	      0.95490817	      0.00576586	     80.00000000	     -7.00000000	      0.00000000	     80.00000000	      1.39626340	      0.00000000	      0.00000000	      0.00000000	     80.00000000	     -7.00000000	      0.00000000	     80.00000000	      1.39626340	      0.00000000	      0.00000000	      0.00000000	     -3.98057691	     -0.73983757	      1.91039504	      2.98995543	     -2.88372958	     -7.08411921	      8.89981172	      3.70781664	     -5.16793936	     -2.55090554	      2.99105751	     -1.68965589	      2.84844047	      0.09577470	      0.00000000	      4.15536092	     -0.93016808
1760624789.75999999	      4.30990173	     -0.03199551	      2.31086969	      0.04848161	      0.95444141	      0.00589576	     80.00000000	     -7.00000000	      0.00000000	     80.00000000	      1.39626340	      0.00000000	      0.00000000	      0.00000000	     80.00000000	     -7.00000000	      0.00000000	     80.00000000	      1.39626340	      0.00000000	      0.00000000	      0.00000000	     -3.80290396	     -0.80312545	      1.92424295	      2.93059810	     -2.84576724	     -7.05263954	      8.66356524	      3.68475087	     -4.96075694	     -2.50453912	      2.94457304	     -1.68868771	      2.86692473	      0.08568572	      0.00000000	      4.12802912	     -0.91640574
1760624789.79399991	      4.30634377	     -0.03820548	      2.33108757	      0.04934246	      0.95419095	      0.00599553	     80.00000000	     -7.00000000	      0.00000000	     80.00000000	      1.39626340	      0.00000000	      0.00000000	      0.00000000	     80.00000000	     -7.00000000	      0.00000000	     80.00000000	      1.39626340	      0.00000000	      0.00000000	      0.00000000	     -3.78010877	     -0.82549359	      1.94965515	      2.87407380	     -2.80929218	     -7.04439837	      8.63511047	      3.65718723	     -4.94578425	     -2.50790589	      2.90165088	     -1.70658727	      2.88423876	      0.08062352	      0.00000000	      4.12518365	     -0.90928418
1760624789.82699990	      4.28524684	     -0.02360308	      2.33099349	      0.04955529	      0.95411572	      0.00600365	     80.00000000	     -7.00000000	      0.00000000	     80.00000000	      1.39626340	      0.00000000	      0.00000000	      0.00000000	     80.00000000	     -7.00000000	      0.00000000	     80.00000000	      1.39626340	      0.00000000	      0.00000000	      0.00000000	     -3.74630423	     -0.84322843	      1.94949664	      2.84262317	     -2.81156520	     -7.03437729	      8.61612880	      3.62472928	     -4.92609517	     -2.51699043	      2.85264649	     -1.71003255	      2.89135407	      0.10603749	      0.00000000	      4.12711247	     -0.90289744
1760624789.86100006	      4.22257149	      0.00565635	      2.33312432	      0.04907589	      0.95385826	      0.00616277	     80.00000000	     -7.00000000	      0.00000000	     80.00000000	      1.39626340	      0.00000000	      0.00000000	      0.00000000	     80.00000000	     -7.00000000	      0.00000000	     80.00000000	      1.39626340	      0.00000000	      0.00000000	      0.00000000	     -3.67625187	     -0.90072665	      1.95362631	      2.81732212	     -2.79389991	     -7.03402642	      8.61596466	      3.60467051	     -4.87961453	     -2.49854352	      2.81937566	     -1.75046224	      2.90380436	      0.09136325	      0.00000000	      4.10085758	     -0.87889253
1760624789.89400005	      4.18902755	      0.02024868	      2.32169389	      0.04853670	      0.95376767	      0.00635184	     80.00000000	     -7.00000000	      0.00000000	     80.00000000	      1.39626340	      0.00000000	      0.00000000	      0.00000000	     80.00000000	     -7.00000000	      0.00000000	     80.00000000	      1.39626340	      0.00000000	      0.00000000	      0.00000000	     -3.64655550	     -0.95434008	      1.95831957	      2.78078539	     -2.75301875	     -6.94591615	      8.54663527	      3.52825151	     -4.81293702	     -2.50576688	      2.79903101	     -1.78864698	      2.89367331	      0.07501859	      0.00000000	      4.09410522	     -0.91307891
1760624789.92799997	      4.18056891	      0.01926408	      2.32123452	      0.04834684	      0.95385287	      0.00646099	     80.00000000	     -7.00000000	      0.00000000	     80.00000000	      1.39626340	      0.00000000	      0.00000000	      0.00000000	     80.00000000	     -7.00000000	      0.00000000	     80.00000000	      1.39626340	      0.00000000	      0.00000000	      0.00000000	     -3.64596975	     -0.97378886	      1.95995897	      2.76831041	     -2.74427680	     -6.98716940	      8.53796349	      3.55191816	     -4.81096523	     -2.49903302	      2.77731058	     -1.81117541	      2.88367797	      0.09276299	      0.00000000	      4.09411870	     -0.91412734
1760624789.96099997	      4.17832441	      0.01576519	      2.32117746	      0.04874921	      0.95403013	      0.00648541	     80.00000000	     -7.00000000	      0.00000000	     80.00000000	      1.39626340	      0.00000000	      0.00000000	      0.00000000	     80.00000000	     -7.00000000	      0.00000000	     80.00000000	      1.39626340	      0.00000000	      0.00000000	      0.00000000	     -3.63168063	     -0.99142564	      1.96675807	      2.73657105	     -2.73825201	     -6.97827049	      8.51875767	      3.52407531	     -4.80548112	     -2.50374837	      2.75170084	     -1.82585907	      2.87600949	      0.08226430	      0.00000000	      4.08948887	     -0.90736692
1760624789.99399996	      4.17200806	      0.00949399	      2.31471661	      0.04896811	      0.95410702	      0.00646577	     80.00000000	     -7.00000000	      0.00000000	     80.00000000	      1.39626340	      0.00000000	      0.00000000	      0.00000000	     80.00000000	     -7.00000000	      0.00000000	     80.00000000	      1.39626340	      0.00000000	      0.00000000	      0.00000000	     -3.63152376	     -1.01974009	      1.96869777	      2.68749122	     -2.70577481	     -6.97970137	      8.52750242	      3.56772212	     -4.77744349	     -2.49627958	      2.73837485	     -1.83824654	      2.86676343	      0.08555859	      0.00000000	      4.08542787	     -0.91655781
1760624790.02800012	      4.16977652	      0.01407270	      2.31942891	      0.04991793	      0.95405225	      0.00621857	     80.00000000	     -7.00000000	      0.00000000	     80.00000000	      1.39626340	      0.00000000	      0.00000000	      0.00000000	     80.00000000	     -7.00000000	      0.00000000	     80.00000000	      1.39626340	      0.00000000	      0.00000000	      0.00000000	     -3.63325790	     -1.03799776	      1.99036429	      2.68631902	     -2.71264917	     -7.06042282	      8.54533286	      3.62397332	     -4.78969953	     -2.48400479	      2.71651712	     -1.83754031	      2.86467821	      0.10616469	      0.00000000	      4.07459035	     -0.92118213
1760624790.06100011	      4.17106124	      0.01237189	      2.30568473	      0.05067413	      0.95397096	      0.00598550	     80.00000000	     -7.00000000	      0.00000000	     80.00000000	      1.39626340	      0.00000000	      0.00000000	      0.00000000	     80.00000000	     -7.00000000	      0.00000000	     80.00000000	      1.39626340	      0.00000000	      0.00000000	      0.00000000	     -3.62911241	     -1.04468864	      1.98866072	      2.67871006	     -2.69829703	     -7.03273514	      8.51655609	      3.63253529	     -4.82309847	     -2.46913826	      2.69244052	     -1.82095762	      2.86398471	      0.12241752	      0.00000000	      4.08285333	     -0.92468741
1760624790.09500003	      4.15659506	      0.00494983	      2.31112837	      0.05077825	      0.95400579	      0.00581508	     80.00000000	     -7.00000000	      0.00000000	     80.00000000	      1.39626340	      0.00000000	      0.00000000	      0.00000000	     80.00000000	     -7.00000000	      0.00000000	     80.00000000	      1.39626340	      0.00000000	      0.00000000	      0.00000000	     -3.63582908	     -1.04472210	      2.00516363	      2.67136592	     -2.69786370	     -7.09647451	      8.48231879	      3.78166086	     -4.89696299	     -2.39108046	      2.69766110	     -1.79578083	      2.85297500	      0.15871457	      0.00000000	      4.08598060	     -0.93072337
1760624790.12800002	      4.18719441	     -0.00884364	      2.30219850	      0.04980437	      0.95427105	      0.00569458	     80.00000000	     -7.00000000	      0.00000000	     80.00000000	      1.39626340	      0.00000000	      0.00000000	      0.00000000	     80.00000000	     -7.00000000	      0.00000000	     80.00000000	      1.39626340	      0.00000000	      0.00000000	      0.00000000	     -3.70682298	     -1.02983883	      2.01429237	      2.71205965	     -2.70157025	     -7.08560126	      8.56539883	      3.68999673	     -4.94371083	     -2.37662355	      2.76318258	     -1.76561089	      2.83766436	      0.14544527	      0.00000000	      4.10083252	     -0.94649176
1760624790.16199994	      4.20058217	     -0.01521351	      2.30294179	      0.05022789	      0.95425109	      0.00555835	     80.00000000	     -7.00000000	      0.00000000	     80.00000000	      1.39626340	      0.00000000	      0.00000000	      0.00000000	     80.00000000	     -7.00000000	      0.00000000	     80.00000000	      1.39626340	      0.00000000	      0.00000000	      0.00000000	     -3.78133273	     -1.02109882	      2.01936843	      2.76574068	     -2.70110400	     -7.07066814	      8.59282506	      3.62507113	     -4.99193473	     -2.39312200	      2.83065802	     -1.75605658	      2.84065481	      0.15749060	      0.00000000	      4.11247989	     -0.92324932
1760624790.19499993	      4.32623326	     -0.02991443	      2.30499957	      0.05051665	      0.95468269	      0.00572668	     80.00000000	     -7.00000000	      0.00000000	     80.00000000	      1.39626340	      0.00000000	      0.00000000	      0.00000000	     80.00000000	     -7.00000000	      0.00000000	     80.00000000	      1.39626340	      0.00000000	      0.00000000	      0.00000000	     -3.98815070	     -1.00252517	      2.01599260	      2.84257250	     -2.71449050	     -7.08252642	      8.74359902	      3.61883617	     -5.08979162	     -2.41189674	      2.94229484	     -1.76079294	      2.81796776	      0.16452602	      0.00000000	      4.16798823	     -0.89619263
1760624790.22900009	      4.30901902	     -0.03235187	      2.30145420	      0.04974330	      0.95465503	      0.00551933	     80.00000000	     -7.00000000	      0.00000000	     80.00000000	      1.39626340	      0.00000000	      0.00000000	      0.00000000	     80.00000000	     -7.00000000	      0.00000000	     80.00000000	      1.39626340	      0.00000000	      0.00000000	      0.00000000	     -4.04273201	     -0.98910200	      2.00982247	      2.91817308	     -2.74285113	     -7.08367009	      8.76487135	      3.60809331	     -5.09746257	     -2.42087395	      3.01993887	     -1.76655531	      2.82635946	      0.16877827	      0.00000000	      4.16870668	     -0.89850310
1760624790.26200008	      4.32243053	     -0.04379282	      2.30218735	      0.04902811	      0.95469414	      0.00523077	     80.00000000	     -7.00000000	      0.00000000	     80.00000000	      1.39626340	      0.00000000	      0.00000000	      0.00000000	     80.00000000	     -7.00000000	      0.00000000	     80.00000000	      1.39626340	      0.00000000	      0.00000000	      0.00000000	     -4.15775972	     -0.94940340	      1.99715492	      3.00053610	     -2.79600030	     -7.12116963	      8.77677500	      3.66149037	     -5.13513476	     -2.42921073	      3.13023536	     -1.76856165	      2.84525941	      0.16226153	      0.00000000	      4.18256632	     -0.88400968
1760624790.29600000	      4.34455940	     -0.05892501	      2.30094496	      0.04847540	      0.95468492	      0.00509315	     80.00000000	     -7.00000000	      0.00000000	     80.00000000	      1.39626340	      0.00000000	      0.00000000	      0.00000000	     80.00000000	     -7.00000000	      0.00000000	     80.00000000	      1.39626340	      0.00000000	      0.00000000	      0.00000000	     -4.24319828	     -0.91613564	      1.98441394	      3.05380868	     -2.82694390	     -7.10968037	      8.81097611	      3.68721937	     -5.12427571	     -2.43733523	      3.20502750	     -1.78909950	      2.78572601	      0.15223734	      0.00000000	      4.20435423	     -0.84968689
1760624790.32900000	      4.43136905	     -0.08025318	      2.31618710	      0.04888356	      0.95472059	      0.00503948	     80.00000000	     -7.00000000	      0.00000000	     80.00000000	      1.39626340	      0.00000000	      0.00000000	      0.00000000	     80.00000000	     -7.00000000	      0.00000000	     80.00000000	      1.39626340	      0.00000000	      0.00000000	      0.00000000	     -4.43072885	     -0.87396796	      1.95713313	      3.13871009	     -2.88701118	     -7.19160496	      8.97073651	      3.82648005	     -5.24145024	     -2.38997343	      3.29579988	     -1.80240864	      2.78459461	      0.16458443	      0.00000000	      4.27147874	     -0.85134566
1760624790.36299992	      4.38920682	     -0.07844804	      2.31398682	      0.04843669	      0.95464498	      0.00499365	     80.00000000	     -7.00000000	      0.00000000	     80.00000000	      1.39626340	      0.00000000	      0.00000000	      0.00000000	     80.00000000	     -7.00000000	      0.00000000	     80.00000000	      1.39626340	      0.00000000	      0.00000000	      0.00000000	     -4.49857330	     -0.84492970	      1.94633369	      3.24570748	     -2.93490787	     -7.20031794	      8.92649599	      3.95130681	     -5.28022797	     -2.36002894	      3.36564777	     -1.81176492	      2.80224199	      0.16850498	      0.00000000	      4.31002023	     -0.85056731
1760624790.39599991	      4.36189224	     -0.07374507	      2.31572227	      0.04770842	      0.95463616	      0.00483691	     80.00000000	     -7.00000000	      0.00000000	     80.00000000	      1.39626340	      0.00000000	      0.00000000	      0.00000000	     80.00000000	     -7.00000000	      0.00000000	     80.00000000	      1.39626340	      0.00000000	      0.00000000	      0.00000000	     -4.53555343	     -0.82371995	      1.94153865	      3.29452012	     -2.98438791	     -7.21312877	      8.93701708	      3.97734502	     -5.27552432	     -2.35435415	      3.38952638	     -1.81409387	      2.82308558	      0.18384408	      0.00000000	      4.32257982	     -0.84993247
1760624790.42899990	      4.35053651	     -0.07716781	      2.32540243	      0.04833807	      0.95451106	      0.00480108	     80.00000000	     -7.00000000	      0.00000000	     80.00000000	      1.39626340	      0.00000000	      0.00000000	      0.00000000	     80.00000000	     -7.00000000	      0.00000000	     80.00000000	      1.39626340	      0.00000000	      0.00000000	      0.00000000	     -4.60795551	     -0.78601306	      1.93292907	      3.38163307	     -3.03728076	     -7.26759939	      9.00595106	      4.04851301	     -5.27151489	     -2.34065325	      3.47352133	     -1.80392363	      2.81747479	      0.14990611	      0.00000000	      4.33359092	     -0.84470044
1760624790.46300006	      4.31969815	     -0.07101372	      2.32509685	      0.04784130	      0.95457580	      0.00472200	     80.00000000	     -7.00000000	      0.00000000	     80.00000000	      1.39626340	      0.00000000	      0.00000000	      0.00000000	     80.00000000	     -7.00000000	      0.00000000	     80.00000000	      1.39626340	      0.00000000	      0.00000000	      0.00000000	     -4.68354012	     -0.74558691	      1.92367131	      3.47361579	     -3.08340476	     -7.24236787	      9.01774764	      4.04775961	     -5.27235080	     -2.34830969	      3.55812619	     -1.77964332	      2.81114950	      0.15935420	      0.00000000	      4.33189847	     -0.84454621
1760624790.49600005	      4.35441703	     -0.10864416	      2.35712987	      0.04840338	      0.95465676	      0.00440528	     80.00000000	     -7.00000000	      0.00000000	     80.00000000	      1.39626340	      0.00000000	      0.00000000	      0.00000000	     80.00000000	     -7.00000000	      0.00000000	     80.00000000	      1.39626340	      0.00000000	      0.00000000	      0.00000000	     -4.78263973	     -0.66116350	      1.89002754	      3.53586168	     -3.13997767	     -7.24905352	      8.98583462	      4.05974325	     -5.26567787	     -2.37640077	      3.64448198	     -1.75268928	      2.82771541	      0.12265072	      0.00000000	      4.33590429	     -0.80704058
1760624790.52999997	      4.35041379	     -0.11447679	      2.37095474	      0.04817851	      0.95472052	      0.00422203	     80.00000000	     -7.00000000	      0.00000000	     80.00000000	      1.39626340	      0.00000000	      0.00000000	      0.00000000	     80.00000000	     -7.00000000	      0.00000000	     80.00000000	      1.39626340	      0.00000000	      0.00000000	      0.00000000	     -4.85103623	     -0.62349566	      1.89358480	      3.62130263	     -3.17991111	     -7.27499402	      9.02301948	      4.07509918	     -5.24671091	     -2.37542021	      3.73319836	     -1.73698540	      2.83324960	      0.12268851	      0.00000000	      4.32502483	     -0.81404610
1760624790.56299996	      4.33524378	     -0.13254829	      2.38130747	      0.04705870	      0.95449323	      0.00399695	     80.00000000	     -7.00000000	      0.00000000	     80.00000000	      1.39626340	      0.00000000	      0.00000000	      0.00000000	     80.00000000	     -7.00000000	      0.00000000	     80.00000000	      1.39626340	      0.00000000	      0.00000000	      0.00000000	     -4.92641751	     -0.55914393	      1.89827986	      3.72587330	     -3.23382107	     -7.28889591	      8.95872803	      4.06034468	     -5.23155897	     -2.37173683	      3.85013153	     -1.72071057	      2.82158207	      0.10914057	      0.00000000	      4.28734612	     -0.80850578
1760624790.59699988	      4.31458947	     -0.12624275	      2.39040762	      0.04681089	      0.95450003	      0.00372622	     80.00000000	     -7.00000000	      0.00000000	     80.00000000	      1.39626340	      0.00000000	      0.00000000	      0.00000000	     80.00000000	     -7.00000000	      0.00000000	     80.00000000	      1.39626340	      0.00000000	      0.00000000	      0.00000000	     -4.98950695	     -0.52183486	      1.90613828	      3.80853991	     -3.29385504	     -7.31471384	      8.96177979	      4.09672983	     -5.20707623	     -2.37466815	      3.95646041	     -1.71464421	      2.82720492	      0.11477182	      0.00000000	      4.28655223	     -0.80560258
1760624790.66400003	      4.32818610	     -0.13074727	      2.40039924	      0.04679713	      0.95479995	      0.00339996	     80.00000000	     -7.00000000	      0.00000000	     80.00000000	      1.39626340	      0.00000000	      0.00000000	      0.00000000	     80.00000000	     -7.00000000	      0.00000000	     80.00000000	      1.39626340	      0.00000000	      0.00000000	      0.00000000	     -5.10254928	     -0.43554603	      1.91127254	      3.96054043	     -3.42773402	     -7.33182713	      8.93986265	      4.14443202	     -5.24433223	     -2.37438343	      4.13728258	     -1.70981120	      2.79142036	      0.10383367	      0.00000000	      4.31196786	     -0.82628279
1760624790.73000002	      4.25961565	     -0.13277302	      2.41515012	      0.04650707	      0.95469578	      0.00296248	     80.00000000	     -7.00000000	      0.00000000	     80.00000000	      1.39626340	      0.00000000	      0.00000000	      0.00000000	     80.00000000	     -7.00000000	      0.00000000	     80.00000000	      1.39626340	      0.00000000	      0.00000000	      0.00000000	     -5.03442360	     -0.38777629	      1.94192961	      3.98838899	     -3.51872688	     -7.44120446	      8.93027956	      4.21142331	     -5.21630934	     -2.36663925	      4.17510967	     -1.71640150	      2.74662710	      0.07492126	      0.00000000	      4.29816436	     -0.82487299
1760624790.76399994	      4.24567153	     -0.12549220	      2.42738880	      0.04715483	      0.95457001	      0.00243057	     80.00000000	     -7.00000000	      0.00000000	     80.00000000	      1.39626340	      0.00000000	      0.00000000	      0.00000000	     80.00000000	     -7.00000000	      0.00000000	     80.00000000	      1.39626340	      0.00000000	      0.00000000	      0.00000000	     -5.01266224	     -0.36901144	      1.96094047	      4.01341527	     -3.57214622	     -7.50120877	      8.94034979	      4.23204145	     -5.22359110	     -2.36842938	      4.17679278	     -1.71233416	      2.71179867	      0.08736011	      0.00000000	      4.30411359	     -0.82402171
1760624790.79699993	      4.23000430	     -0.12484403	      2.43642912	      0.04762484	      0.95434138	      0.00218163	     80.00000000	     -7.00000000	      0.00000000	     80.00000000	      1.39626340	      0.00000000	      0.00000000	      0.00000000	     80.00000000	     -7.00000000	      0.00000000	     80.00000000	      1.39626340	      0.00000000	      0.00000000	      0.00000000	     -4.97121041	     -0.36059998	      1.97858127	      3.99466935	     -3.59011487	     -7.51728952	      8.92087933	      4.20728877	     -5.22804186	     -2.37504474	      4.16079358	     -1.71615330	      2.71813140	      0.08409424	      0.00000000	      4.30412838	     -0.83569279
1760624790.83100009	      4.21943749	     -0.12476900	      2.44830216	      0.04805497	      0.95442646	      0.00209596	     80.00000000	     -7.00000000	      0.00000000	     80.00000000	      1.39626340	      0.00000000	      0.00000000	      0.00000000	     80.00000000	     -7.00000000	      0.00000000	     80.00000000	      1.39626340	      0.00000000	      0.00000000	      0.00000000	     -4.93756542	     -0.36108753	      1.99811454	      3.96983525	     -3.60171430	     -7.55363074	      8.93566935	      4.22288454	     -5.21318312	     -2.37095455	      4.15449689	     -1.71595152	      2.76509426	      0.09498998	      0.00000000	      4.29958863	     -0.86237112
1760624790.86400008	      4.20431168	     -0.11509439	      2.45211258	      0.04736952	      0.95445629	      0.00204522	     80.00000000	     -7.00000000	      0.00000000	     80.00000000	      1.39626340	      0.00000000	      0.00000000	      0.00000000	     80.00000000	     -7.00000000	      0.00000000	     80.00000000	      1.39626340	      0.00000000	      0.00000000	      0.00000000	     -4.89189169	     -0.37177524	      2.02413587	      3.93671670	     -3.59258054	     -7.54291407	      8.89010159	      4.18075115	     -5.21559904	     -2.36568238	      4.19275153	     -1.69448968	      2.80286951	      0.10220983	      0.00000000	      4.29529580	     -0.90347779
1760624790.89800000	      4.21366309	     -0.10778785	      2.45184800	      0.04670481	      0.95460776	      0.00204901	     80.00000000	     -7.00000000	      0.00000000	     80.00000000	      1.39626340	      0.00000000	      0.00000000	      0.00000000	     80.00000000	     -7.00000000	      0.00000000	     80.00000000	      1.39626340	      0.00000000	      0.00000000	      0.00000000	     -4.90202868	     -0.39022441	      2.04778583	      3.96210129	     -3.56638313	     -7.49522986	      8.97016134	      4.14457615	     -5.21636617	     -2.37280576	      4.27144664	     -1.65728783	      2.86067565	      0.09512961	      0.00000000	      4.29317213	     -0.93999215
1760624790.93099999	      4.23089015	     -0.11338565	      2.45065991	      0.04634553	      0.95464731	      0.00215525	     80.00000000	     -7.00000000	      0.00000000	     80.00000000	      1.39626340	      0.00000000	      0.00000000	      0.00000000	     80.00000000	     -7.00000000	      0.00000000	     80.00000000	      1.39626340	      0.00000000	      0.00000000	      0.00000000	     -4.88632146	     -0.39956767	      2.04625418	      3.95538905	     -3.54702320	     -7.46627403	      8.98588718	      4.14686794	     -5.21273666	     -2.37065658	      4.28299084	     -1.62915258	      2.91255236	      0.12897332	      0.00000000	      4.29645037	     -0.93749762
1760624790.96499991	      4.24735311	     -0.11404337	      2.45518213	      0.04546925	      0.95477412	      0.00213344	     80.00000000	     -7.00000000	      0.00000000	     80.00000000	      1.39626340	      0.00000000	      0.00000000	      0.00000000	     80.00000000	     -7.00000000	      0.00000000	     80.00000000	      1.39626340	      0.00000000	      0.00000000	      0.00000000	     -4.82124975	     -0.42511514	      2.04678316	      3.90602654	     -3.52242684	     -7.49207474	      8.98572733	      4.10985529	     -5.21567434	     -2.36529544	      4.23914323	     -1.58696225	      2.99793287	      0.15997823	      0.00000000	      4.27586291	     -0.94257705
1760624790.99799991	      4.24369479	     -0.10948422	      2.44829918	      0.04646746	      0.95484479	      0.00211835	     80.00000000	     -7.00000000	      0.00000000	     80.00000000	      1.39626340	      0.00000000	      0.00000000	      0.00000000	     80.00000000	     -7.00000000	      0.00000000	     80.00000000	      1.39626340	      0.00000000	      0.00000000	      0.00000000	     -4.75538857	     -0.44679812	      2.02743580	      3.87591830	     -3.51281603	     -7.45680684	      9.02035739	      4.06530287	     -5.19978358	     -2.36589024	      4.19248759	     -1.54317241	      3.07953835	      0.16928045	      0.00000000	      4.26719301	     -0.96174201
1760624791.03200006	      4.21189273	     -0.09353167	      2.44413933	      0.04666920	      0.95476193	      0.00213938	     80.00000000	     -7.00000000	      0.00000000	     80.00000000	      1.39626340	      0.00000000	      0.00000000	      0.00000000	     80.00000000	     -7.00000000	      0.00000000	     80.00000000	      1.39626340	      0.00000000	      0.00000000	      0.00000000	     -4.63626018	     -0.48588815	      2.00371468	      3.80539466	     -3.49566064	     -7.52258585	      9.03262337	      4.18065514	     -5.16857214	     -2.34063799	      4.10858700	     -1.53644498	      3.20261227	      0.17408090	      0.00000000	      4.26659527	     -0.93627076
1760624791.06500006	      4.24278379	     -0.09013522	      2.43119722	      0.04644112	      0.95478264	      0.00240985	     80.00000000	     -7.00000000	      0.00000000	     80.00000000	      1.39626340	      0.00000000	      0.00000000	      0.00000000	     80.00000000	     -7.00000000	      0.00000000	     80.00000000	      1.39626340	      0.00000000	      0.00000000	      0.00000000	     -4.60125255	     -0.50858920	      1.98163725	      3.77958443	     -3.46193094	     -7.50615533	      9.03379360	      4.11242747	     -5.17646741	     -2.32843759	      4.04430814	     -1.55660107	      3.22724019	      0.18625381	      0.00000000	      4.26745342	     -0.93402457
1760624791.09800005	      4.27502407	     -0.09314560	      2.43543339	      0.04596486	      0.95478541	      0.00289746	     80.00000000	     -7.00000000	      0.00000000	     80.00000000	      1.39626340	      0.00000000	      0.00000000	      0.00000000	     80.00000000	     -7.00000000	      0.00000000	     80.00000000	      1.39626340	      0.00000000	      0.00000000	      0.00000000	     -4.55969897	     -0.52568803	      1.98131855	      3.71687501	     -3.42579850	     -7.48844933	      9.00772116	      4.07061181	     -5.18333759	     -2.32374191	      4.00704765	     -1.57257699	      3.24753321	      0.14236163	      0.00000000	      4.26205292	     -0.93562490
1760624791.13199997	      4.30483979	     -0.09073636	      2.44092342	      0.04632008	      0.95480105	      0.00299467	     80.00000000	     -7.00000000	      0.00000000	     80.00000000	      1.39626340	      0.00000000	      0.00000000	      0.00000000	     80.00000000	     -7.00000000	      0.00000000	     80.00000000	      1.39626340	      0.00000000	      0.00000000	      0.00000000	     -4.50554199	     -0.54347719	      1.99811478	      3.63562197	     -3.39360112	     -7.52377250	      9.03159517	      4.06320402	     -5.16465386	     -2.32581091	      3.93879891	     -1.59331280	      3.28564575	      0.14098115	      0.00000000	      4.27854038	     -0.93273875
1760624791.16499996	      4.33490409	     -0.09051671	      2.44449402	      0.04659134	      0.95496416	      0.00313645	     80.00000000	     -7.00000000	      0.00000000	     80.00000000	      1.39626340	      0.00000000	      0.00000000	      0.00000000	     80.00000000	     -7.00000000	      0.00000000	     80.00000000	      1.39626340	      0.00000000	      0.00000000	      0.00000000	     -4.44930708	     -0.55235751	      2.00973153	      3.56321677	     -3.36133724	     -7.54709063	      9.01757478	      4.02624752	     -5.17374288	     -2.32760245	      3.88220153	     -1.62113483	      3.24070423	      0.11367087	      0.00000000	      4.27769406	     -0.92512311
1760624791.19899988	      4.30557244	     -0.08081911	      2.44031064	      0.04512550	      0.95493685	      0.00323413	     80.00000000	     -7.00000000	      0.00000000	     80.00000000	      1.39626340	      0.00000000	      0.00000000	      0.00000000	     80.00000000	     -7.00000000	      0.00000000	     80.00000000	      1.39626340	      0.00000000	      0.00000000	      0.00000000	     -4.31492038	     -0.59054012	      2.06372353	      3.45963653	     -3.30926651	     -7.57619316	      9.01337981	      3.97435884	     -5.17666625	     -2.32400234	      3.79593189	     -1.65072719	      3.23069892	      0.08553703	      0.00000000	      4.26420342	     -0.92556602
1760624791.23200011	      4.34815177	     -0.09183336	      2.46784604	      0.04563225	      0.95503113	      0.00352007	     80.00000000	     -7.00000000	      0.00000000	     80.00000000	      1.39626340	      0.00000000	      0.00000000	      0.00000000	     80.00000000	     -7.00000000	      0.00000000	     80.00000000	      1.39626340	      0.00000000	      0.00000000	      0.00000000	     -4.26125729	     -0.61298212	      2.10813190	      3.38471058	     -3.21827434	     -7.59787398	      8.99438796	      3.90425041	     -5.19171217	     -2.32208758	      3.69974997	     -1.68109758	      3.22212496	      0.06911943	      0.00000000	      4.27284396	     -0.93153561
1760624791.26600003	      4.37821988	     -0.09338312	      2.47476474	      0.04613259	      0.95503811	      0.00369229	     80.00000000	     -7.00000000	      0.00000000	     80.00000000	      1.39626340	      0.00000000	      0.00000000	      0.00000000	     80.00000000	     -7.00000000	      0.00000000	     80.00000000	      1.39626340	      0.00000000	      0.00000000	      0.00000000	     -4.20083608	     -0.63327846	      2.13337820	      3.29149241	     -3.16225585	     -7.62014656	      9.00666009	      3.86927518	     -5.18276266	     -2.32055811	      3.60287136	     -1.70622700	      3.22774561	      0.05053892	      0.00000000	      4.28015652	     -0.91085334
1760624791.29900002	      4.37068407	     -0.08722229	      2.47919376	      0.04718233	      0.95472175	      0.00385618	     80.00000000	     -7.00000000	      0.00000000	     80.00000000	      1.39626340	      0.00000000	      0.00000000	      0.00000000	     80.00000000	     -7.00000000	      0.00000000	     80.00000000	      1.39626340	      0.00000000	      0.00000000	      0.00000000	     -4.09619421	     -0.66146704	      2.15082023	      3.21315754	     -3.09373488	     -7.54235478	      8.96628181	      3.72995204	     -5.16279784	     -2.34330441	      3.46187589	     -1.71371729	      3.23689712	      0.06411802	      0.00000000	      4.28412543	     -0.90978698
1760624791.33299994	      4.28733031	     -0.07491053	      2.48869106	      0.04833040	      0.95415889	      0.00380494	     80.00000000	     -7.00000000	      0.00000000	     80.00000000	      1.39626340	      0.00000000	      0.00000000	      0.00000000	     80.00000000	     -7.00000000	      0.00000000	     80.00000000	      1.39626340	      0.00000000	      0.00000000	      0.00000000	     -3.89193972	     -0.69757372	      2.17194023	      3.09692961	     -3.03226232	     -7.54351164	      8.90739549	      3.69962259	     -5.07704715	     -2.32198315	      3.31078095	     -1.70084845	      3.26043418	      0.02634965	      0.00000000	      4.26165268	     -0.93166545
1760624791.36599994	      4.20639183	     -0.06901080	      2.49446502	      0.04805643	      0.95374786	      0.00383149	     80.00000000	     -7.00000000	      0.00000000	     80.00000000	      1.39626340	      0.00000000	      0.00000000	      0.00000000	     80.00000000	     -7.00000000	      0.00000000	     80.00000000	      1.39626340	      0.00000000	      0.00000000	      0.00000000	     -3.73397110	     -0.72127657	      2.17500145	      3.00942021	     -2.98462824	     -7.52686601	      8.71886810	      3.69246855	     -4.92878291	     -2.30168753	      3.20738738	     -1.69186254	      3.25567189	      0.03190832	      0.00000000	      4.23134481	     -0.93198258
1760624791.40000010	      4.22451115	     -0.07479073	      2.50559881	      0.04806579	      0.95368817	      0.00398616	     80.00000000	     -7.00000000	      0.00000000	     80.00000000	      1.39626340	      0.00000000	      0.00000000	      0.00000000	     80.00000000	     -7.00000000	      0.00000000	     80.00000000	      1.39626340	      0.00000000	      0.00000000	      0.00000000	     -3.69450865	     -0.73724247	      2.18584691	      2.95787120	     -2.94163824	     -7.52220501	      8.67258580	      3.64150761	     -4.92924515	     -2.29741578	      3.12989476	     -1.69646091	      3.25803730	      0.03720823	      0.00000000	      4.22804576	     -0.92432036
1760624791.43300009	      4.20646815	     -0.06533206	      2.50679069	      0.04687967	      0.95365724	      0.00409143	     80.00000000	     -7.00000000	      0.00000000	     80.00000000	      1.39626340	      0.00000000	      0.00000000	      0.00000000	     80.00000000	     -7.00000000	      0.00000000	     80.00000000	      1.39626340	      0.00000000	      0.00000000	      0.00000000	     -3.63320873	     -0.77677549	      2.21383955	      2.90678658	     -2.89884940	     -7.51568070	      8.59049651	      3.60735719	     -4.83188325	     -2.27381166	      3.09021172	     -1.69401825	      3.29691464	      0.05047163	      0.00000000	      4.21860970	     -0.90712949
1760624791.46600008	      4.22521250	     -0.07711107	      2.50874547	      0.04670966	      0.95371354	      0.00435933	     80.00000000	     -7.00000000	      0.00000000	     80.00000000	      1.39626340	      0.00000000	      0.00000000	      0.00000000	     80.00000000	     -7.00000000	      0.00000000	     80.00000000	      1.39626340	      0.00000000	      0.00000000	      0.00000000	     -3.63764873	     -0.79009435	      2.21363855	      2.88945584	     -2.86538547	     -7.52769553	      8.60617570	      3.64640340	     -4.82697174	     -2.27375545	      3.10980076	     -1.70553116	      3.24766447	      0.05311089	      0.00000000	      4.22287767	     -0.89365188
1760624791.50000000	      4.23784512	     -0.08045867	      2.51395453	      0.04513004	      0.95390582	      0.00456132	     80.00000000	     -7.00000000	      0.00000000	     80.00000000	      1.39626340	      0.00000000	      0.00000000	      0.00000000	     80.00000000	     -7.00000000	      0.00000000	     80.00000000	      1.39626340	      0.00000000	      0.00000000	      0.00000000	     -3.60445159	     -0.80993150	      2.22230139	      2.81461921	     -2.84111989	     -7.55282203	      8.50507244	      3.64272152	     -4.80329951	     -2.26548355	      3.10306291	     -1.72798385	      3.14591919	      0.06885682	      0.00000000	      4.22718097	     -0.83613369
1760624791.53299999	      4.21107957	     -0.07620264	      2.51316662	      0.04618082	      0.95392786	      0.00497556	     80.00000000	     -7.00000000	      0.00000000	     80.00000000	      1.39626340	      0.00000000	      0.00000000	      0.00000000	     80.00000000	     -7.00000000	      0.00000000	     80.00000000	      1.39626340	      0.00000000	      0.00000000	      0.00000000	     -3.53668053	     -0.85037886	      2.25870831	      2.75268962	     -2.78950373	     -7.52287247	      8.40846815	      3.59353000	     -4.72332691	     -2.26170720	      3.08815347	     -1.75359098	      3.18353816	      0.04899497	      0.00000000	      4.19447344	     -0.85510450
1760624791.56699991	      4.21446047	     -0.08279811	      2.51147695	      0.04713226	      0.95395712	      0.00517712	     80.00000000	     -7.00000000	      0.00000000	     80.00000000	      1.39626340	      0.00000000	      0.00000000	      0.00000000	     80.00000000	     -7.00000000	      0.00000000	     80.00000000	      1.39626340	      0.00000000	      0.00000000	      0.00000000	     -3.49550339	     -0.87120674	      2.27066562	      2.66966392	     -2.75210857	     -7.52485902	      8.34564543	      3.62112479	     -4.68511881	     -2.25204647	      3.04132815	     -1.79010443	      3.18196417	      0.05051413	      0.00000000	      4.18689283	     -0.85979717
1760624791.59999990	      4.14894193	     -0.06924552	      2.49473761	      0.04595046	      0.95383186	      0.00526790	     80.00000000	     -7.00000000	      0.00000000	     80.00000000	      1.39626340	      0.00000000	      0.00000000	      0.00000000	     80.00000000	     -7.00000000	      0.00000000	     80.00000000	      1.39626340	      0.00000000	      0.00000000	      0.00000000	     -3.38695700	     -0.90317702	      2.26945880	      2.60255127	     -2.72730187	     -7.52906427	      8.07387076	      3.60972499	     -4.45143823	     -2.19699981	      3.02024043	     -1.80027441	      3.10695400	      0.03449931	      0.00000000	      4.14460109	     -0.85463140
1760624791.63400006	      4.31027436	     -0.07540875	      2.48471752	      0.04765463	      0.95399282	      0.00525696	     80.00000000	     -7.00000000	      0.00000000	     80.00000000	      1.39626340	      0.00000000	      0.00000000	      0.00000000	     80.00000000	     -7.00000000	      0.00000000	     80.00000000	      1.39626340	      0.00000000	      0.00000000	      0.00000000	     -3.56743586	     -0.91168212	      2.27985465	      2.64692213	     -2.71534842	     -7.52601633	      8.30272950	      3.62080982	     -4.59931626	     -2.23621016	      3.03380009	     -1.80338856	      3.15741992	      0.03236694	      0.00000000	      4.18868507	     -0.88592934
1760624791.66700006	      4.31289807	     -0.08037285	      2.47639852	      0.04747448	      0.95383506	      0.00519976	     80.00000000	     -7.00000000	      0.00000000	     80.00000000	      1.39626340	      0.00000000	      0.00000000	      0.00000000	     80.00000000	     -7.00000000	      0.00000000	     80.00000000	      1.39626340	      0.00000000	      0.00000000	      0.00000000	     -3.57168235	     -0.91733513	      2.27151864	      2.64692518	     -2.70102396	     -7.52563414	      8.30983933	      3.62108688	     -4.60036082	     -2.23377916	      3.02341822	     -1.79372248	      3.17476799	      0.03224520	      0.00000000	      4.18860065	     -0.88387510
1760624791.70099998	      4.38325475	     -0.08199350	      2.47355633	      0.04710079	      0.95392641	      0.00507532	     80.00000000	     -7.00000000	      0.00000000	     80.00000000	      1.39626340	      0.00000000	      0.00000000	      0.00000000	     80.00000000	     -7.00000000	      0.00000000	     80.00000000	      1.39626340	      0.00000000	      0.00000000	      0.00000000	     -3.64176987	     -0.93370728	      2.27324803	      2.64395530	     -2.68709151	     -7.52974044	      8.40622736	      3.60306499	     -4.70791823	     -2.25415432	      3.01851381	     -1.78219115	      3.16043962	      0.04324199	      0.00000000	      4.18758324	     -0.87423260
1760624791.73399997	      4.37909962	     -0.09487234	      2.46733378	      0.04694946	      0.95375756	      0.00493239	     80.00000000	     -7.00000000	      0.00000000	     80.00000000	      1.39626340	      0.00000000	      0.00000000	      0.00000000	     80.00000000	     -7.00000000	      0.00000000	     80.00000000	      1.39626340	      0.00000000	      0.00000000	      0.00000000	     -3.65188858	     -0.94557517	      2.26609828	      2.64394187	     -2.67106203	     -7.50449862	      8.41871264	      3.60840468	     -4.70493514	     -2.25284963	      3.00690311	     -1.75915209	      3.20059831	      0.04172140	      0.00000000	      4.18688386	     -0.87412294
1760624791.76699996	      4.44097429	     -0.09123650	      2.47201279	      0.04755044	      0.95377068	      0.00476966	     80.00000000	     -7.00000000	      0.00000000	     80.00000000	      1.39626340	      0.00000000	      0.00000000	      0.00000000	     80.00000000	     -7.00000000	      0.00000000	     80.00000000	      1.39626340	      0.00000000	      0.00000000	      0.00000000	     -3.74599717	     -0.96226623	      2.26957196	      2.65091554	     -2.65733994	     -7.48575491	      8.56062657	      3.60108569	     -4.75130900	     -2.27710849	      3.01603490	     -1.74496819	      3.26073784	      0.04916793	      0.00000000	      4.19597425	     -0.88864643
1760624791.80100012	      4.44973056	     -0.08831831	      2.46878182	      0.04754126	      0.95375726	      0.00437230	     80.00000000	     -7.00000000	      0.00000000	     80.00000000	      1.39626340	      0.00000000	      0.00000000	      0.00000000	     80.00000000	     -7.00000000	      0.00000000	     80.00000000	      1.39626340	      0.00000000	      0.00000000	      0.00000000	     -3.76117469	     -0.95815995	      2.25672578	      2.64570543	     -2.67905721	     -7.48516514	      8.56507200	      3.59997889	     -4.76908304	     -2.28716787	      2.98273544	     -1.71760474	      3.29330970	      0.08318842	      0.00000000	      4.20203951	     -0.87936117
1760624791.83400011	      4.44670307	     -0.09954455	      2.46604815	      0.04751078	      0.95378094	      0.00427411	     80.00000000	     -7.00000000	      0.00000000	     80.00000000	      1.39626340	      0.00000000	      0.00000000	      0.00000000	     80.00000000	     -7.00000000	      0.00000000	     80.00000000	      1.39626340	      0.00000000	      0.00000000	      0.00000000	     -3.76822910	     -0.97017811	      2.24917651	      2.63996993	     -2.66546078	     -7.45854748	      8.56976797	      3.60285727	     -4.76947713	     -2.28501802	      2.96801804	     -1.71023723	      3.33680348	      0.08047148	      0.00000000	      4.19969276	     -0.88009872
1760624791.86800003	      4.46070422	     -0.10875619	      2.47471743	      0.04762314	      0.95404769	      0.00437596	     80.00000000	     -7.00000000	      0.00000000	     80.00000000	      1.39626340	      0.00000000	      0.00000000	      0.00000000	     80.00000000	     -7.00000000	      0.00000000	     80.00000000	      1.39626340	      0.00000000	      0.00000000	      0.00000000	     -3.78372435	     -0.99534230	      2.24473357	      2.61292703	     -2.62380300	     -7.42177354	      8.58185760	      3.60128534	     -4.77118343	     -2.28271260	      2.95136138	     -1.74278917	      3.37302827	      0.07436098	      0.00000000	      4.19685810	     -0.89218630
1760624791.90100002	      4.54369923	     -0.08265571	      2.49262978	      0.04823681	      0.95440250	      0.00433255	     80.00000000	     -7.00000000	      0.00000000	     80.00000000	      1.39626340	      0.00000000	      0.00000000	      0.00000000	     80.00000000	     -7.00000000	      0.00000000	     80.00000000	      1.39626340	      0.00000000	      0.00000000	      0.00000000	     -3.87757937	     -1.02761126	      2.23361604	      2.62136987	     -2.61083346	     -7.43728243	      8.68815756	      3.59102017	     -4.81322195	     -2.31031783	      2.95789069	     -1.74981272	      3.40346987	      0.07323042	      0.00000000	      4.20483751	     -0.91731441
1760624791.93499994	      4.43391119	     -0.07593797	      2.50254490	      0.05060045	      0.95387536	      0.00430129	     80.00000000	     -7.00000000	      0.00000000	     80.00000000	      1.39626340	      0.00000000	      0.00000000	      0.00000000	     80.00000000	     -7.00000000	      0.00000000	     80.00000000	      1.39626340	      0.00000000	      0.00000000	      0.00000000	     -3.73711786	     -1.05404574	      2.23585553	      2.56751178	     -2.60193352	     -7.46088016	      8.56866918	      3.58033926	     -4.73374794	     -2.29107327	      2.89213179	     -1.78371147	      3.37315044	      0.07760783	      0.00000000	      4.19061730	     -0.89056884
1760624791.96799994	      4.45660695	     -0.08077647	      2.50048930	      0.04977465	      0.95417808	      0.00433677	     80.00000000	     -7.00000000	      0.00000000	     80.00000000	      1.39626340	      0.00000000	      0.00000000	      0.00000000	     80.00000000	     -7.00000000	      0.00000000	     80.00000000	      1.39626340	      0.00000000	      0.00000000	      0.00000000	     -3.72973070	     -1.05887062	      2.23334895	      2.52069956	     -2.57847967	     -7.43689890	      8.51716645	      3.59756787	     -4.74325524	     -2.29664823	      2.86369700	     -1.78474672	      3.37184581	      0.04421719	      0.00000000	      4.19329247	     -0.89274532
1760624792.00200009	      4.46677302	     -0.08202122	      2.50581939	      0.04942095	      0.95431035	      0.00429051	     80.00000000	     -7.00000000	      0.00000000	     80.00000000	      1.39626340	      0.00000000	      0.00000000	      0.00000000	     80.00000000	     -7.00000000	      0.00000000	     80.00000000	      1.39626340	      0.00000000	      0.00000000	      0.00000000	     -3.73417869	     -1.06074079	      2.23878667	      2.53986656	     -2.58902112	     -7.47737930	      8.51700778	      3.58860919	     -4.73912345	     -2.29802552	      2.84334482	     -1.79804015	      3.34869077	      0.03379367	      0.00000000	      4.19531265	     -0.89632251
1760624792.03500009	      4.41623815	     -0.09139260	      2.50737900	      0.04810193	      0.95390649	      0.00399121	     80.00000000	     -7.00000000	      0.00000000	     80.00000000	      1.39626340	      0.00000000	      0.00000000	      0.00000000	     80.00000000	     -7.00000000	      0.00000000	     80.00000000	      1.39626340	      0.00000000	      0.00000000	      0.00000000	     -3.63508001	     -1.04917702	      2.24233300	      2.47261136	     -2.59582359	     -7.49730068	      8.23151234	      3.57950243	     -4.52220261	     -2.26302935	      2.77670882	     -1.79238366	      3.32812158	      0.02473278	      0.00000000	      4.18711331	     -0.91478262
1760624792.06900001	      4.41278779	     -0.09065477	      2.51532243	      0.04949150	      0.95375586	      0.00390157	     80.00000000	     -7.00000000	      0.00000000	     80.00000000	      1.39626340	      0.00000000	      0.00000000	      0.00000000	     80.00000000	     -7.00000000	      0.00000000	     80.00000000	      1.39626340	      0.00000000	      0.00000000	      0.00000000	     -3.63568754	     -1.04763333	      2.25065825	      2.48558385	     -2.59995072	     -7.49185958	      8.24110432	      3.58465329	     -4.51964291	     -2.26322505	      2.78417843	     -1.79623335	      3.32784604	      0.02445374	      0.00000000	      4.18874714	     -0.91494594
1760624792.13499999	      4.41909424	     -0.08817263	      2.53436440	      0.04962098	      0.95373414	      0.00388366	     80.00000000	     -7.00000000	      0.00000000	     80.00000000	      1.39626340	      0.00000000	      0.00000000	      0.00000000	     80.00000000	     -7.00000000	      0.00000000	     80.00000000	      1.39626340	      0.00000000	      0.00000000	      0.00000000	     -3.63597288	     -1.04318397	      2.27279192	      2.49977170	     -2.59857207	     -7.47025707	      8.24648927	      3.58588403	     -4.51890695	     -2.26454905	      2.78390516	     -1.80824008	      3.33138339	      0.01047425	      0.00000000	      4.19184456	     -0.91537499
1760624792.16899991	      4.43696770	     -0.09514830	      2.52443561	      0.04968495	      0.95383554	      0.00406469	     80.00000000	     -7.00000000	      0.00000000	     80.00000000	      1.39626340	      0.00000000	      0.00000000	      0.00000000	     80.00000000	     -7.00000000	      0.00000000	     80.00000000	      1.39626340	      0.00000000	      0.00000000	      0.00000000	     -3.68323695	     -1.03524282	      2.27932323	      2.54444631	     -2.57966168	     -7.43254993	      8.28771601	      3.55450908	     -4.50913790	     -2.27621909	      2.83609840	     -1.81196672	      3.32310374	      0.00000000	      0.00000000	      4.22037193	     -0.91359380
1760624792.20199990	      4.46546772	     -0.09872356	      2.52269412	      0.04877151	      0.95385269	      0.00415385	     80.00000000	     -7.00000000	      0.00000000	     80.00000000	      1.39626340	      0.00000000	      0.00000000	      0.00000000	     80.00000000	     -7.00000000	      0.00000000	     80.00000000	      1.39626340	      0.00000000	      0.00000000	      0.00000000	     -3.70030065	     -1.01723653	      2.28862626	      2.53633324	     -2.58199182	     -7.41288481	      8.23659724	      3.52890456	     -4.52347083	     -2.28359856	      2.82009120	     -1.79839756	      3.33508190	      0.00000000	      0.00000000	      4.23342612	     -0.89985145
1760624792.23600006	      4.47506811	     -0.11130208	      2.52582056	      0.04880785	      0.95402620	      0.00420772	     80.00000000	     -7.00000000	      0.00000000	     80.00000000	      1.39626340	      0.00000000	      0.00000000	      0.00000000	     80.00000000	     -7.00000000	      0.00000000	     80.00000000	      1.39626340	      0.00000000	      0.00000000	      0.00000000	     -3.72317114	     -1.00797400	      2.30051822	      2.56278049	     -2.56669914	     -7.40169449	      8.27689421	      3.51714995	     -4.50973324	     -2.28466663	      2.83995563	     -1.79749056	      3.34212802	      0.00000000	      0.00000000	      4.24221121	     -0.89777135
1760624792.26900005	      4.48934663	     -0.11659908	      2.52964328	      0.04851786	      0.95399651	      0.00416524	     80.00000000	     -7.00000000	      0.00000000	     80.00000000	      1.39626340	      0.00000000	      0.00000000	      0.00000000	     80.00000000	     -7.00000000	      0.00000000	     80.00000000	      1.39626340	      0.00000000	      0.00000000	      0.00000000	     -3.71579371	     -0.99822555	      2.30954312	      2.54489761	     -2.57111705	     -7.43952512	      8.28018128	      3.53665407	     -4.51875371	     -2.28300138	      2.80140202	     -1.79340524	      3.35360902	      0.00000000	      0.00000000	      4.22490514	     -0.89986716
1760624792.30299997	      4.42657707	     -0.14053829	      2.52826303	      0.04721240	      0.95390780	      0.00399566	     80.00000000	     -7.00000000	      0.00000000	     80.00000000	      1.39626340	      0.00000000	      0.00000000	      0.00000000	     80.00000000	     -7.00000000	      0.00000000	     80.00000000	      1.39626340	      0.00000000	      0.00000000	      0.00000000	     -3.62488329	     -0.96829728	      2.31500949	      2.51122315	     -2.55679227	     -7.43383944	      8.13276172	      3.49193208	     -4.44298260	     -2.27636064	      2.76238555	     -1.77111379	      3.35180804	      0.00000000	      0.00000000	      4.18556105	     -0.91511598
1760624792.33599997	      4.38823849	     -0.14896789	      2.53742157	      0.04651857	      0.95371751	      0.00366341	     80.00000000	     -7.00000000	      0.00000000	     80.00000000	      1.39626340	      0.00000000	      0.00000000	      0.00000000	     80.00000000	     -7.00000000	      0.00000000	     80.00000000	      1.39626340	      0.00000000	      0.00000000	      0.00000000	     -3.57388682	     -0.95047026	      2.31092551	      2.47714532	     -2.56519932	     -7.47406936	      8.06132538	      3.55766902	     -4.37357126	     -2.25864211	      2.73869078	     -1.75494311	      3.35258765	      0.00000000	      0.00000000	      4.17292589	     -0.91461168
1760624792.36899996	      4.38731856	     -0.14573939	      2.54371945	      0.04638114	      0.95376083	      0.00349594	     80.00000000	     -7.00000000	      0.00000000	     80.00000000	      1.39626340	      0.00000000	      0.00000000	      0.00000000	     80.00000000	     -7.00000000	      0.00000000	     80.00000000	      1.39626340	      0.00000000	      0.00000000	      0.00000000	     -3.59801964	     -0.94341417	      2.31433956	      2.50661175	     -2.57915915	     -7.51010242	      8.11430538	      3.57422046	     -4.36746227	     -2.25557091	      2.76852781	     -1.73642683	      3.35517376	      0.00000000	      0.00000000	      4.19452021	     -0.91309624
1760624792.40300012	      4.51824715	     -0.14032250	      2.56027884	      0.04632936	      0.95413112	      0.00340659	     80.00000000	     -7.00000000	      0.00000000	     80.00000000	      1.39626340	      0.00000000	      0.00000000	      0.00000000	     80.00000000	     -7.00000000	      0.00000000	     80.00000000	      1.39626340	      0.00000000	      0.00000000	      0.00000000	     -3.78153741	     -0.93164596	      2.31073342	      2.57923099	     -2.58709839	     -7.49249180	      8.31466212	      3.54115437	     -4.56027855	     -2.28019049	      2.82326759	     -1.72647906	      3.37666920	      0.00094501	      0.00000000	      4.29656980	     -0.88938145
1760624792.43600011	      4.49511910	     -0.13150534	      2.56185979	      0.04636604	      0.95406787	      0.00317453	     80.00000000	     -7.00000000	      0.00000000	     80.00000000	      1.39626340	      0.00000000	      0.00000000	      0.00000000	     80.00000000	     -7.00000000	      0.00000000	     80.00000000	      1.39626340	      0.00000000	      0.00000000	      0.00000000	     -3.80255890	     -0.92099422	      2.31226300	      2.60426499	     -2.59541879	     -7.49441936	      8.32924055	      3.58273477	     -4.55741546	     -2.28030160	      2.85945875	     -1.71501422	      3.38271504	      0.02374271	      0.00000000	      4.29140522	     -0.88698869
1760624792.47000003	      4.48117422	     -0.12054321	      2.56827531	      0.04685474	      0.95396716	      0.00307678	     80.00000000	     -7.00000000	      0.00000000	     80.00000000	      1.39626340	      0.00000000	      0.00000000	      0.00000000	     80.00000000	     -7.00000000	      0.00000000	     80.00000000	      1.39626340	      0.00000000	      0.00000000	      0.00000000	     -3.80201160	     -0.90789522	      2.31462557	      2.60198771	     -2.62759700	     -7.51132991	      8.30016115	      3.61893397	     -4.57407715	     -2.27930659	      2.87133771	     -1.69726948	      3.41309130	      0.00734162	      0.00000000	      4.27677173	     -0.87859278
1760624792.50300002	      4.45815266	     -0.11948072	      2.56956558	      0.04730022	      0.95409391	      0.00304291	     80.00000000	     -7.00000000	      0.00000000	     80.00000000	      1.39626340	      0.00000000	      0.00000000	      0.00000000	     80.00000000	     -7.00000000	      0.00000000	     80.00000000	      1.39626340	      0.00000000	      0.00000000	      0.00000000	     -3.82661748	     -0.89636443	      2.30936749	      2.65481017	     -2.64294744	     -7.46408084	      8.28126609	      3.59797314	     -4.58981773	     -2.28168647	      2.90755811	     -1.69251204	      3.42068389	      0.03452942	      0.00000000	      4.27152785	     -0.87866830
1760624792.53699994	      4.44090265	     -0.11639729	      2.57112221	      0.04779576	      0.95395364	      0.00289682	     80.00000000	     -7.00000000	      0.00000000	     80.00000000	      1.39626340	      0.00000000	      0.00000000	      0.00000000	     80.00000000	     -7.00000000	      0.00000000	     80.00000000	      1.39626340	      0.00000000	      0.00000000	      0.00000000	     -3.83596772	     -0.88624715	      2.30191521	      2.66826440	     -2.66887942	     -7.47091695	      8.26019694	      3.62275642	     -4.59701840	     -2.28397837	      2.94654934	     -1.68409520	      3.40800554	      0.00135185	      0.00000000	      4.25531447	     -0.88063398
1760624792.56999993	      4.41588370	     -0.11111136	      2.57530436	      0.04891352	      0.95378673	      0.00287159	     80.00000000	     -7.00000000	      0.00000000	     80.00000000	      1.39626340	      0.00000000	      0.00000000	      0.00000000	     80.00000000	     -7.00000000	      0.00000000	     80.00000000	      1.39626340	      0.00000000	      0.00000000	      0.00000000	     -3.87885581	     -0.87984001	      2.30184693	      2.75854470	     -2.70484430	     -7.48694909	      8.30699056	      3.63787787	     -4.59845215	     -2.27635469	      3.00856991	     -1.68638421	      3.40660821	      0.00986894	      0.00000000	      4.25878467	     -0.87083457
1760624792.60400009	      4.39377573	     -0.10321092	      2.57437744	      0.04838495	      0.95369320	      0.00286398	     80.00000000	     -7.00000000	      0.00000000	     80.00000000	      1.39626340	      0.00000000	      0.00000000	      0.00000000	     80.00000000	     -7.00000000	      0.00000000	     80.00000000	      1.39626340	      0.00000000	      0.00000000	      0.00000000	     -3.91564601	     -0.86786437	      2.29378185	      2.80546572	     -2.75250626	     -7.47637110	      8.27106128	      3.64180038	     -4.60877927	     -2.26175221	      3.06933934	     -1.68339908	      3.38501378	      0.00872798	      0.00000000	      4.26589787	     -0.85059386
1760624792.63700008	      4.38431123	     -0.10072048	      2.57755170	      0.04784482	      0.95368742	      0.00281729	     80.00000000	     -7.00000000	      0.00000000	     80.00000000	      1.39626340	      0.00000000	      0.00000000	      0.00000000	     80.00000000	     -7.00000000	      0.00000000	     80.00000000	      1.39626340	      0.00000000	      0.00000000	      0.00000000	     -3.96112839	     -0.85874910	      2.29000398	      2.87292496	     -2.78594794	     -7.47957502	      8.29474459	      3.66067065	     -4.60030846	     -2.25466572	      3.13626719	     -1.68195751	      3.35944284	      0.00428835	      0.00000000	      4.26757723	     -0.84636176
1760624792.67100000	      4.42697074	     -0.10020881	      2.59056826	      0.04746616	      0.95374016	      0.00272336	     80.00000000	     -7.00000000	      0.00000000	     80.00000000	      1.39626340	      0.00000000	      0.00000000	      0.00000000	     80.00000000	     -7.00000000	      0.00000000	     80.00000000	      1.39626340	      0.00000000	      0.00000000	      0.00000000	     -4.06636463	     -0.84382853	      2.27134371	      2.94535682	     -2.82650885	     -7.48504369	      8.28013971	      3.69765841	     -4.59986126	     -2.22451654	      3.20679400	     -1.67726540	      3.33147396	      0.00000000	      0.00000000	      4.26658716	     -0.84671767
1760624792.70400000	      4.40399671	     -0.09060570	      2.59002415	      0.04686296	      0.95398348	      0.00295539	     80.00000000	     -7.00000000	      0.00000000	     80.00000000	      1.39626340	      0.00000000	      0.00000000	      0.00000000	     80.00000000	     -7.00000000	      0.00000000	     80.00000000	      1.39626340	      0.00000000	      0.00000000	      0.00000000	     -4.13361688	     -0.84122487	      2.26434537	      3.03204035	     -2.86560363	     -7.49732715	      8.29822090	      3.70484190	     -4.59865386	     -2.21893226	      3.29071800	     -1.67909134	      3.31765071	      0.01396924	      0.00000000	      4.27310048	     -0.84300427
1760624792.73799992	      4.43474346	     -0.08361271	      2.60030833	      0.04629480	      0.95436346	      0.00316237	     80.00000000	     -7.00000000	      0.00000000	     80.00000000	      1.39626340	      0.00000000	      0.00000000	      0.00000000	     80.00000000	     -7.00000000	      0.00000000	     80.00000000	      1.39626340	      0.00000000	      0.00000000	      0.00000000	     -4.21983748	     -0.84042168	      2.24735780	      3.09702112	     -2.87709551	     -7.46394180	      8.25119219	      3.69235143	     -4.65298101	     -2.19271907	      3.35724057	     -1.66995343	      3.28964867	      0.00166834	      0.00000000	      4.28129869	     -0.82311729
1760624792.77099991	      4.42274014	     -0.08457198	      2.60546955	      0.04521263	      0.95451500	      0.00329347	     80.00000000	     -7.00000000	      0.00000000	     80.00000000	      1.39626340	      0.00000000	      0.00000000	      0.00000000	     80.00000000	     -7.00000000	      0.00000000	     80.00000000	      1.39626340	      0.00000000	      0.00000000	      0.00000000	     -4.26146819	     -0.84151033	      2.24417773	      3.13321117	     -2.89546851	     -7.49324991	      8.25116802	      3.71147938	     -4.66264025	     -2.15925169	      3.40702289	     -1.67768199	      3.25875362	      0.02793054	      0.00000000	      4.28787013	     -0.81700078
1760624792.80399990	      4.38913600	     -0.08786373	      2.60859257	      0.04529459	      0.95430774	      0.00327539	     80.00000000	     -7.00000000	      0.00000000	     80.00000000	      1.39626340	      0.00000000	      0.00000000	      0.00000000	     80.00000000	     -7.00000000	      0.00000000	     80.00000000	      1.39626340	      0.00000000	      0.00000000	      0.00000000	     -4.32398466	     -0.83502056	      2.23500696	      3.22858471	     -2.92583854	     -7.49189625	      8.22822955	      3.67270231	     -4.69371010	     -2.13453858	      3.51606150	     -1.65833778	      3.21900225	      0.01181502	      0.00000000	      4.28978866	     -0.81387123
1760624792.83800006	      4.36826236	     -0.09994139	      2.61937992	      0.04486051	      0.95411644	      0.00312170	     80.00000000	     -7.00000000	      0.00000000	     80.00000000	      1.39626340	      0.00000000	      0.00000000	      0.00000000	     80.00000000	     -7.00000000	      0.00000000	     80.00000000	      1.39626340	      0.00000000	      0.00000000	      0.00000000	     -4.35294726	     -0.81984155	      2.21824922	      3.24429894	     -2.95377166	     -7.52882299	      8.18476437	      3.62091719	     -4.67044202	     -2.16753595	      3.55585034	     -1.65452566	      3.21686210	      0.00000000	      0.00000000	      4.28603155	     -0.72725946
1760624792.87100005	      4.36097873	     -0.12941594	      2.63134606	      0.04512360	      0.95428551	      0.00275994	     80.00000000	     -7.00000000	      0.00000000	     80.00000000	      1.39626340	      0.00000000	      0.00000000	      0.00000000	     80.00000000	     -7.00000000	      0.00000000	     80.00000000	      1.39626340	      0.00000000	      0.00000000	      0.00000000	     -4.41981790	     -0.79397194	      2.17371146	      3.30341342	     -2.98350757	     -7.55500814	      8.12898636	      3.74458474	     -4.61748828	     -2.18432860	      3.61007305	     -1.65758311	      3.24833062	      0.00000000	      0.00000000	      4.26024996	     -0.50585053
1760624792.90499997	      4.35094426	     -0.13962102	      2.63372237	      0.04503492	      0.95432205	      0.00235305	     80.00000000	     -7.00000000	      0.00000000	     80.00000000	      1.39626340	      0.00000000	      0.00000000	      0.00000000	     80.00000000	     -7.00000000	      0.00000000	     80.00000000	      1.39626340	      0.00000000	      0.00000000	      0.00000000	     -4.49347446	     -0.77094921	      2.12725779	      3.35444844	     -3.05591113	     -7.53781376	      8.10652811	      3.74835837	     -4.58642332	     -2.16428513	      3.64994252	     -1.65190734	      3.32067180	      0.00000000	      0.00000000	      4.31724198	     -0.07470887
1760624792.93799996	      4.35725933	     -0.16157663	      2.64457162	      0.04475884	      0.95389230	      0.00226395	     80.00000000	     -7.00000000	      0.00000000	     80.00000000	      1.39626340	      0.00000000	      0.00000000	      0.00000000	     80.00000000	     -7.00000000	      0.00000000	     80.00000000	      1.39626340	      0.00000000	      0.00000000	      0.00000000	     -4.57750592	     -0.74435553	      2.09953886	      3.42376686	     -3.10894394	     -7.58468880	      8.14457764	      3.82432219	     -4.53457353	     -2.19335364	      3.69944565	     -1.65145453	      3.41775155	      0.00000000	      0.00000000	      4.42030144	      0.22730234
1760624792.97199988	      4.36484402	     -0.19548969	      2.65166751	      0.04440967	      0.95379980	      0.00193634	     80.00000000	     -7.00000000	      0.00000000	     80.00000000	      1.39626340	      0.00000000	      0.00000000	      0.00000000	     80.00000000	     -7.00000000	      0.00000000	     80.00000000	      1.39626340	      0.00000000	      0.00000000	      0.00000000	     -4.69321085	     -0.69620424	      2.06688761	      3.49023530	     -3.18699450	     -7.61870007	      8.18041727	      4.00406433	     -4.42182142	     -2.12857805	      3.80930673	     -1.61603947	      3.41470314	      0.00000000	      0.00000000	      4.59742268	      0.66794750
1760624793.00500011	      4.39306191	     -0.21389276	      2.65548173	      0.04472155	      0.95369646	      0.00142532	     80.00000000	     -7.00000000	      0.00000000	     80.00000000	      1.39626340	      0.00000000	      0.00000000	      0.00000000	     80.00000000	     -7.00000000	      0.00000000	     80.00000000	      1.39626340	      0.00000000	      0.00000000	      0.00000000	     -4.81722415	     -0.67668364	      2.04242568	      3.55824390	     -3.24887829	     -7.64745162	      8.25950751	      4.12266343	     -4.39698346	     -2.04921486	      3.91801051	     -1.61179963	      3.42135433	      0.00000000	      0.00000000	      4.70878357	      0.85343024
1760624793.03800011	      4.36838638	     -0.22190696	      2.65276580	      0.04422283	      0.95361581	      0.00129159	     80.00000000	     -7.00000000	      0.00000000	     80.00000000	      1.39626340	      0.00000000	      0.00000000	      0.00000000	     80.00000000	     -7.00000000	      0.00000000	     80.00000000	      1.39626340	      0.00000000	      0.00000000	      0.00000000	     -4.86515899	     -0.66911433	      2.03012390	      3.61776588	     -3.25811964	     -7.58776795	      8.26943599	      4.12624454	     -4.36695681	     -2.04045134	      3.99527642	     -1.59829104	      3.46016075	      0.01180600	      0.00000000	      4.71869517	      0.85099395
1760624793.07200003	      4.45474332	     -0.24839472	      2.67930344	      0.04485931	      0.95366613	      0.00161610	     80.00000000	     -7.00000000	      0.00000000	     80.00000000	      1.39626340	      0.00000000	      0.00000000	      0.00000000	     80.00000000	     -7.00000000	      0.00000000	     80.00000000	      1.39626340	      0.00000000	      0.00000000	      0.00000000	     -5.09449141	     -0.62777715	      1.97693746	      3.72747812	     -3.30585324	     -7.55750902	      8.41102831	      4.18428927	     -4.26988729	     -1.84620615	      4.14829684	     -1.58502820	      3.51320978	      0.04057367	      0.00000000	      4.78783199	      0.74075917
1760624793.10500002	      4.46245595	     -0.27535498	      2.69177334	      0.04496223	      0.95405498	      0.00159164	     80.00000000	     -7.00000000	      0.00000000	     80.00000000	      1.39626340	      0.00000000	      0.00000000	      0.00000000	     80.00000000	     -7.00000000	      0.00000000	     80.00000000	      1.39626340	      0.00000000	      0.00000000	      0.00000000	     -5.21126226	     -0.60272098	      1.95036002	      3.80433097	     -3.32698759	     -7.52945176	      8.42039261	      4.24836243	     -4.22376746	     -1.70847727	      4.26157849	     -1.60444864	      3.52443445	      0.06343379	      0.00000000	      4.80446933	      0.74166446
1760624793.13899994	      4.42732203	     -0.31552714	      2.70145793	      0.04549822	      0.95418355	      0.00120289	     80.00000000	     -7.00000000	      0.00000000	     80.00000000	      1.39626340	      0.00000000	      0.00000000	      0.00000000	     80.00000000	     -7.00000000	      0.00000000	     80.00000000	      1.39626340	      0.00000000	      0.00000000	      0.00000000	     -5.23828045	     -0.55082978	      1.91985263	      3.84526710	     -3.35025543	     -7.45631771	      8.35070917	      4.16728973	     -4.10524462	     -1.69384177	      4.32533053	     -1.61215641	      3.51641266	      0.07568449	      0.00000000	      4.75803411	      0.73407801
1760624793.17199993	      4.38221491	     -0.33537707	      2.70908925	      0.04545568	      0.95418998	      0.00091225	     80.00000000	     -7.00000000	      0.00000000	     80.00000000	      1.39626340	      0.00000000	      0.00000000	      0.00000000	     80.00000000	     -7.00000000	      0.00000000	     80.00000000	      1.39626340	      0.00000000	      0.00000000	      0.00000000	     -5.25224319	     -0.51666314	      1.90437499	      3.85430572	     -3.37633180	     -7.44862976	      8.28890804	      4.20528821	     -3.86521425	     -1.60295573	      4.38535547	     -1.62926628	      3.54947090	      0.08554522	      0.00000000	      4.72661902	      0.85278334
1760624793.20600009	      4.38372139	     -0.35401222	      2.71206671	      0.04682977	      0.95446431	      0.00039968	     80.00000000	     -7.00000000	      0.00000000	     80.00000000	      1.39626340	      0.00000000	      0.00000000	      0.00000000	     80.00000000	     -7.00000000	      0.00000000	     80.00000000	      1.39626340	      0.00000000	      0.00000000	      0.00000000	     -5.30859900	     -0.48386716	      1.91466774	      3.90362707	     -3.43980517	     -7.50823369	      8.29942854	      4.33961342	     -3.87328546	     -1.39109074	      4.46345315	     -1.63884427	      3.50917355	      0.10106196	      0.00000000	      4.70245053	      0.94229735
1760624793.23900008	      4.33476954	     -0.38129344	      2.70528159	      0.04708221	      0.95431114	     -0.00004859	     80.00000000	     -7.00000000	      0.00000000	     80.00000000	      1.39626340	      0.00000000	      0.00000000	      0.00000000	     80.00000000	     -7.00000000	      0.00000000	     80.00000000	      1.39626340	      0.00000000	      0.00000000	      0.00000000	     -5.26400652	     -0.44826707	      1.95099883	      3.92089578	     -3.46382482	     -7.49972956	      8.19666361	      4.23234455	     -3.78949326	     -1.22717238	      4.49657825	     -1.64826124	      3.47580148	      0.07298248	      0.00000000	      4.65328064	      0.98829788
1760624793.27300000	      4.31245773	     -0.38654666	      2.70829780	      0.04722196	      0.95425395	     -0.00037105	     80.00000000	     -7.00000000	      0.00000000	     80.00000000	      1.39626340	      0.00000000	      0.00000000	      0.00000000	     80.00000000	     -7.00000000	      0.00000000	     80.00000000	      1.39626340	      0.00000000	      0.00000000	      0.00000000	     -5.24997592	     -0.43459372	      1.99567835	      3.92235000	     -3.48009007	     -7.54807126	      8.16573517	      4.25859777	     -3.70508656	     -1.05056633	      4.52297687	     -1.67216099	      3.48744709	      0.07830465	      0.00000000	      4.59636112	      0.89671659
1760624793.30599999	      4.34065215	     -0.39258715	      2.71867509	      0.04750235	      0.95448126	      0.00007047	     80.00000000	     -7.00000000	      0.00000000	     80.00000000	      1.39626340	      0.00000000	      0.00000000	      0.00000000	     80.00000000	     -7.00000000	      0.00000000	     80.00000000	      1.39626340	      0.00000000	      0.00000000	      0.00000000	     -5.25969129	     -0.42584962	      2.02336587	      3.92568943	     -3.46505258	     -7.57985279	      8.21759318	      4.33030152	     -3.66456283	     -0.81203961	      4.51136029	     -1.70592797	      3.50469949	      0.08165859	      0.00000000	      4.58920254	      0.88681023
1760624793.33999991	      4.38961789	     -0.39455982	      2.72949736	      0.04693100	      0.95476399	      0.00038123	     80.00000000	     -7.00000000	      0.00000000	     80.00000000	      1.39626340	      0.00000000	      0.00000000	      0.00000000	     80.00000000	     -7.00000000	      0.00000000	     80.00000000	      1.39626340	      0.00000000	      0.00000000	      0.00000000	     -5.29795194	     -0.42055269	      2.03490521	      3.91077346	     -3.45451544	     -7.61071092	      8.32313962	      4.33818175	     -3.66785298	     -0.59501457	      4.50373010	     -1.73581556	      3.54160545	      0.07899871	      0.00000000	      4.56522272	      0.91513795
1760624793.37299991	      4.42414138	     -0.39385652	      2.73906277	      0.04684744	      0.95493480	      0.00064781	     80.00000000	     -7.00000000	      0.00000000	     80.00000000	      1.39626340	      0.00000000	      0.00000000	      0.00000000	     80.00000000	     -7.00000000	      0.00000000	     80.00000000	      1.39626340	      0.00000000	      0.00000000	      0.00000000	     -5.29346989	     -0.41468738	      2.03781423	      3.92695842	     -3.41310267	     -7.50108760	      8.29360827	      4.13110879	     -3.77337882	     -0.40176764	      4.44303177	     -1.74610927	      3.58604712	      0.09691799	      0.00000000	      4.53651583	      0.81996725
1760624793.40700006	      4.44404023	     -0.39460102	      2.75123421	      0.04695278	      0.95467149	      0.00079851	     80.00000000	     -7.00000000	      0.00000000	     80.00000000	      1.39626340	      0.00000000	      0.00000000	      0.00000000	     80.00000000	     -7.00000000	      0.00000000	     80.00000000	      1.39626340	      0.00000000	      0.00000000	      0.00000000	     -5.26554849	     -0.41736503	      2.03835004	      3.90006387	     -3.36339635	     -7.41921115	      8.31579892	      3.92972959	     -3.77178289	     -0.33703421	      4.39407219	     -1.74117168	      3.64739555	      0.04380656	      0.00000000	      4.49573712	      0.74464239
1760624793.44000006	      4.45240805	     -0.39478399	      2.75887099	      0.04695519	      0.95464526	      0.00082195	     80.00000000	     -7.00000000	      0.00000000	     80.00000000	      1.39626340	      0.00000000	      0.00000000	      0.00000000	     80.00000000	     -7.00000000	      0.00000000	     80.00000000	      1.39626340	      0.00000000	      0.00000000	      0.00000000	     -5.23160737	     -0.41285009	      2.03803869	      3.85265266	     -3.32911031	     -7.33160893	      8.37904105	      3.76366868	     -3.67483758	     -0.31995453	      4.33585422	     -1.72181077	      3.69373898	      0.03153373	      0.00000000	      4.46541956	      0.67882063
1760624793.47300005	      4.43945390	     -0.40818517	      2.76599824	      0.04708037	      0.95454195	      0.00071283	     80.00000000	     -7.00000000	      0.00000000	     80.00000000	      1.39626340	      0.00000000	      0.00000000	      0.00000000	     80.00000000	     -7.00000000	      0.00000000	     80.00000000	      1.39626340	      0.00000000	      0.00000000	      0.00000000	     -5.12756414	     -0.39003052	      2.03600636	      3.79628648	     -3.27581733	     -7.16640779	      8.37422517	      3.32477771	     -3.25747304	     -0.39744311	      4.22024066	     -1.71102119	      3.71130478	      0.04311129	      0.00000000	      4.45487381	      0.63451717
1760624793.50699997	      4.45715836	     -0.40364625	      2.75404299	      0.04683917	      0.95456335	      0.00067615	     80.00000000	     -7.00000000	      0.00000000	     80.00000000	      1.39626340	      0.00000000	      0.00000000	      0.00000000	     80.00000000	     -7.00000000	      0.00000000	     80.00000000	      1.39626340	      0.00000000	      0.00000000	      0.00000000	     -5.06771090	     -0.38947627	      2.02271919	      3.75090804	     -3.23808619	     -6.90824093	      8.53167958	      2.80154593	     -3.00795388	     -0.54067483	      4.14160048	     -1.69118847	      3.68194124	      0.04541879	      0.00000000	      4.46659468	      0.63004607
1760624793.53999996	      4.43776905	     -0.40227586	      2.74053994	      0.04640975	      0.95452293	      0.00087857	     80.00000000	     -7.00000000	      0.00000000	     80.00000000	      1.39626340	      0.00000000	      0.00000000	      0.00000000	     80.00000000	     -7.00000000	      0.00000000	     80.00000000	      1.39626340	      0.00000000	      0.00000000	      0.00000000	     -4.94270493	     -0.40042522	      1.97855806	      3.68411807	     -3.16662425	     -6.59118488	      8.73194355	      2.30619756	     -2.55045156	     -0.91850093	      4.03721097	     -1.71475952	      3.60839162	      0.05023009	      0.00000000	      4.47701332	      0.61381848
1760624793.57399988	      4.45718013	     -0.38687806	      2.70125006	      0.04537489	      0.95450610	      0.00121848	     80.00000000	     -7.00000000	      0.00000000	     80.00000000	      1.39626340	      0.00000000	      0.00000000	      0.00000000	     80.00000000	     -7.00000000	      0.00000000	     80.00000000	      1.39626340	      0.00000000	      0.00000000	      0.00000000	     -4.79891114	     -0.44070434	      1.87196420	      3.53032624	     -3.11587455	     -6.08615188	      9.42126415	      1.69633530	     -1.81750070	     -1.55121693	      3.85835978	     -1.76104173	      3.51053187	      0.06192202	      0.00000000	      4.49899352	      0.57775465
1760624793.60700011	      4.48242686	     -0.35320828	      2.67460564	      0.04552362	      0.95443631	      0.00119114	     80.00000000	     -7.00000000	      0.00000000	     80.00000000	      1.39626340	      0.00000000	      0.00000000	      0.00000000	     80.00000000	     -7.00000000	      0.00000000	     80.00000000	      1.39626340	      0.00000000	      0.00000000	      0.00000000	     -4.71854995	     -0.46691862	      1.78276744	      3.39028215	     -3.25274111	     -5.68382146	     10.23876818	      1.39468370	     -1.04672630	     -2.07909632	      3.72472726	     -1.77334359	      3.49267150	      0.06230863	      0.00000000	      4.50308677	      0.54054104
1760624793.64100003	      4.48944821	     -0.32028777	      2.65176920	      0.04523805	      0.95411151	      0.00116777	     80.00000000	     -7.00000000	      0.00000000	     80.00000000	      1.39626340	      0.00000000	      0.00000000	      0.00000000	     80.00000000	     -7.00000000	      0.00000000	     80.00000000	      1.39626340	      0.00000000	      0.00000000	      0.00000000	     -4.53815195	     -0.52157627	      1.71517698	      3.04674317	     -3.47655756	     -5.45465413	     11.33254250	      1.28866442	     -0.12681221	     -2.69544954	      3.53840839	     -1.79376537	      3.56635677	      0.01005698	      0.00000000	      4.49913471	      0.48851064
1760624793.67400002	      4.49624716	     -0.26180473	      2.61131333	      0.04490491	      0.95341237	      0.00043133	     80.00000000	     -7.00000000	      0.00000000	     80.00000000	      1.39626340	      0.00000000	      0.00000000	      0.00000000	     80.00000000	     -7.00000000	      0.00000000	     80.00000000	      1.39626340	      0.00000000	      0.00000000	      0.00000000	     -4.39660180	     -0.61456166	      1.63672474	      2.53598368	     -3.86580091	     -5.80900462	     13.62465783	      1.71164418	      1.37896092	     -3.80920226	      3.41475181	     -1.80958419	      3.50087615	      0.01832457	      0.00000000	      4.53356090	      0.46103869
1760624793.70799994	      4.43144326	     -0.22529755	      2.59025457	      0.04294695	      0.95254367	      0.00001192	     80.00000000	     -7.00000000	      0.00000000	     80.00000000	      1.39626340	      0.00000000	      0.00000000	      0.00000000	     80.00000000	     -7.00000000	      0.00000000	     80.00000000	      1.39626340	      0.00000000	      0.00000000	      0.00000000	     -4.18021198	     -0.67715592	      1.57767465	      1.98015971	     -4.23104820	     -6.36127082	     15.74114518	      2.77093941	      2.90342272	     -4.66945488	      3.27607848	     -1.81500473	      3.49506019	      0.00000000	      0.00000000	      4.53522358	      0.45996334
1760624793.74099994	      4.36373962	     -0.19841637	      2.57229081	      0.04120976	      0.95153151	      0.00005573	     80.00000000	     -7.00000000	      0.00000000	     80.00000000	      1.39626340	      0.00000000	      0.00000000	      0.00000000	     80.00000000	     -7.00000000	      0.00000000	     80.00000000	      1.39626340	      0.00000000	      0.00000000	      0.00000000	     -3.94543282	     -0.72111731	      1.49672555	      1.22925987	     -4.69366292	     -7.21213899	     18.50261897	      4.17739712	      4.50801096	     -5.58706890	      3.12347889	     -1.82033821	      3.52833193	      0.00000000	      0.00000000	      4.54152292	      0.43814096
1760624793.77500010	      4.23978892	     -0.15862752	      2.54972509	      0.03827762	      0.94971412	     -0.00025560	     80.00000000	     -7.00000000	      0.00000000	     80.00000000	      1.39626340	      0.00000000	      0.00000000	      0.00000000	     80.00000000	     -7.00000000	      0.00000000	     80.00000000	      1.39626340	      0.00000000	      0.00000000	      0.00000000	     -3.65757688	     -0.73771609	      1.34274185	      0.33618615	     -5.37873030	     -8.29413546	     22.64043000	      6.46437594	      6.75415409	     -6.79281773	      2.99057266	     -1.80533945	      3.51917447	      0.01083784	      0.00000000	      4.61735417	      0.43469536
1760624793.80800009	      4.15495606	     -0.14948586	      2.53362109	      0.03545869	      0.94808402	      0.00024904	     80.00000000	     -7.00000000	      0.00000000	     80.00000000	      1.39626340	      0.00000000	      0.00000000	      0.00000000	     80.00000000	     -7.00000000	      0.00000000	     80.00000000	      1.39626340	      0.00000000	      0.00000000	      0.00000000	     -3.42395460	     -0.71241536	      1.24236079	     -0.26263625	     -5.98387460	     -8.86691820	     25.78180378	      8.20021640	      8.78546289	     -7.67055174	      2.87414657	     -1.79413556	      3.54934599	      0.01254645	      0.00000000	      4.65786195	      0.42999959
1760624793.84100008	      4.18441972	     -0.13756157	      2.51611842	      0.03177376	      0.94744640	      0.00090043	     80.00000000	     -7.00000000	      0.00000000	     80.00000000	      1.39626340	      0.00000000	      0.00000000	      0.00000000	     80.00000000	     -7.00000000	      0.00000000	     80.00000000	      1.39626340	      0.00000000	      0.00000000	      0.00000000	     -3.35210896	     -0.67105587	      1.14927029	     -0.68136764	     -6.61330070	     -9.18491378	     29.25096502	      9.90349398	     10.68765519	     -8.63902256	      2.85179769	     -1.75157536	      3.65537020	      0.00000000	      0.00000000	      4.71087049	      0.36448281
1760624793.87500000	      4.25033605	     -0.13514438	      2.51619794	      0.02895385	      0.94751954	      0.00143621	     80.00000000	     -7.00000000	      0.00000000	     80.00000000	      1.39626340	      0.00000000	      0.00000000	      0.00000000	     80.00000000	     -7.00000000	      0.00000000	     80.00000000	      1.39626340	      0.00000000	      0.00000000	      0.00000000	     -3.35330840	     -0.60132905	      1.06234629	     -1.04368604	     -7.48170621	     -9.43359605	     34.44007415	     12.25995038	     13.08338814	    -10.02739459	      2.97630639	     -1.69262810	      3.76901203	      0.00000000	      0.00000000	      4.89877533	      0.35120723
1760624793.90799999	      4.18859469	     -0.14092098	      2.52182341	      0.02539058	      0.94729907	      0.00203452	     80.00000000	     -7.00000000	      0.00000000	     80.00000000	      1.39626340	      0.00000000	      0.00000000	      0.00000000	     80.00000000	     -7.00000000	      0.00000000	     80.00000000	      1.39626340	      0.00000000	      0.00000000	      0.00000000	     -3.15744657	     -0.57006129	      1.05669859	     -1.39290393	     -8.10914741	     -9.59281271	     38.50161817	     14.30941878	     14.88705104	    -11.13017534	      2.97914877	     -1.66940076	      3.81713336	      0.00923410	      0.00000000	      4.98989506	      0.40052390
1760624793.94199991	      4.03632646	     -0.15988878	      2.53820619	      0.02263869	      0.94605892	      0.00283534	     80.00000000	     -7.00000000	      0.00000000	     80.00000000	      1.39626340	      0.00000000	      0.00000000	      0.00000000	     80.00000000	     -7.00000000	      0.00000000	     80.00000000	      1.39626340	      0.00000000	      0.00000000	      0.00000000	     -2.85480137	     -0.46527761	      1.10932976	     -1.81148451	     -8.93622397	     -9.71092430	     44.31192409	     17.35456081	     16.79546302	    -12.59175303	      2.99596556	     -1.58985021	      3.87691703	      0.04314921	      0.00000000	      5.05479550	      0.44910180
1760624793.97499990	      3.95521771	     -0.20693747	      2.57183885	      0.02112205	      0.94571560	      0.00416164	     80.00000000	     -7.00000000	      0.00000000	     80.00000000	      1.39626340	      0.00000000	      0.00000000	      0.00000000	     80.00000000	     -7.00000000	      0.00000000	     80.00000000	      1.39626340	      0.00000000	      0.00000000	      0.00000000	     -2.67524397	     -0.34914697	      1.13306497	     -2.07938115	     -9.55345379	     -9.67707834	     49.18525849	     19.92527479	     17.79906088	    -13.76023582	      3.02243335	     -1.56049067	      3.89446608	      0.07145820	      0.00000000	      5.18605386	      0.52310907
1760624794.00900006	      3.94004009	     -0.27305605	      2.61825517	      0.02038365	      0.94566881	      0.00648061	     80.00000000	     -7.00000000	      0.00000000	     80.00000000	      1.39626340	      0.00000000	      0.00000000	      0.00000000	     80.00000000	     -7.00000000	      0.00000000	     80.00000000	      1.39626340	      0.00000000	      0.00000000	      0.00000000	     -2.59739402	     -0.21394049	      1.17246558	     -2.12485470	    -10.09579200	     -9.40859621	     54.70560897	     22.46196331	     18.04814785	    -14.94912742	      3.05027308	     -1.53205987	      3.91039431	      0.11764183	      0.00000000	      5.34122217	      0.56325743
1760624794.04200006	      4.58051062	     -0.40141748	      2.71312599	      0.03293572	      0.94759954	      0.01039380	     80.00000000	     -7.00000000	      0.00000000	     80.00000000	      1.39626340	      0.00000000	      0.00000000	      0.00000000	     80.00000000	     -7.00000000	      0.00000000	     80.00000000	      1.39626340	      0.00000000	      0.00000000	      0.00000000	     -3.46324090	      0.07966415	      1.55223883	     -1.26529095	    -10.59817031	     -9.03273314	     64.04822351	     26.27211232	     15.94259573	    -16.20369921	      3.21029849	     -1.42963356	      4.15325889	      0.31983339	      0.00000000	      5.36567691	      0.54374693
1760624794.07599998	      4.93689979	     -0.50220753	      2.79587367	      0.03999723	      0.95001390	      0.01393878	     80.00000000	     -7.00000000	      0.00000000	     80.00000000	      1.39626340	      0.00000000	      0.00000000	      0.00000000	     80.00000000	     -7.00000000	      0.00000000	     80.00000000	      1.39626340	      0.00000000	      0.00000000	      0.00000000	     -3.92726091	      0.27645567	      1.76072256	     -0.67648016	    -10.80307049	     -8.43015695	     70.57651040	     29.11122098	     14.64658836	    -17.16254631	      3.23134519	     -1.36751485	      4.26072612	      0.57616486	      0.00000000	      5.35557670	      0.47708539
1760624794.10899997	      4.74782190	     -0.57604666	      2.86996688	      0.04149502	      0.94485004	      0.01464580	     80.00000000	     -7.00000000	      0.00000000	     80.00000000	      1.39626340	      0.00000000	      0.00000000	      0.00000000	     80.00000000	     -7.00000000	      0.00000000	     80.00000000	      1.39626340	      0.00000000	      0.00000000	      0.00000000	     -3.63465160	      0.58851563	      1.83924895	     -0.58746890	    -11.32141503	     -7.57632677	     74.12592139	     31.38452907	     15.89022649	    -18.35824772	      2.97628384	     -1.10031059	      4.17615583	      1.03064404	      0.00000000	      5.29060312	      0.34754504
1760624794.14199996	      5.56071306	     -0.27649488	      2.89528805	      0.06127536	      0.95274972	      0.00837077	     80.00000000	     -7.00000000	      0.00000000	     80.00000000	      1.39626340	      0.00000000	      0.00000000	      0.00000000	     80.00000000	     -7.00000000	      0.00000000	     80.00000000	      1.39626340	      0.00000000	      0.00000000	      0.00000000	     -4.76535837	      0.23595504	      2.56723994	      0.78672463	    -10.70838366	     -6.68947098	     84.04343788	     35.75232715	     12.21149583	    -17.60293276	      2.68344011	     -1.04927084	      4.58707261	      2.18000847	      0.00000000	      4.96782819	      0.25974971
1760624794.17600012	      5.69843399	     -0.17307894	      2.92054978	      0.06594702	      0.95494484	      0.00688759	     80.00000000	     -7.00000000	      0.00000000	     80.00000000	      1.39626340	      0.00000000	      0.00000000	      0.00000000	     80.00000000	     -7.00000000	      0.00000000	     80.00000000	      1.39626340	      0.00000000	      0.00000000	      0.00000000	     -4.97733727	      0.17042265	      2.82397926	      1.25985622	    -10.53194911	     -5.66115211	     89.13123791	     38.46261843	     11.64836071	    -17.62535435	      2.46334651	     -1.01215811	      4.29397069	      3.13384833	      0.00000000	      4.94569211	      0.44484716
1760624794.20900011	      5.69724229	     -0.20867496	      2.96608541	      0.06668520	      0.95174459	      0.00848471	     80.00000000	     -7.00000000	      0.00000000	     80.00000000	      1.39626340	      0.00000000	      0.00000000	      0.00000000	     80.00000000	     -7.00000000	      0.00000000	     80.00000000	      1.39626340	      0.00000000	      0.00000000	      0.00000000	     -4.97594402	      0.37256359	      2.99656256	      1.47973065	    -10.81876058	     -4.69465937	     91.98502920	     40.44427087	     12.84177281	    -18.10984593	      2.37212764	     -0.85970911	      3.75846386	      3.84334721	      0.00000000	      5.00711934	      0.67837982
1760624794.24300003	      5.90521543	     -0.21718388	      2.99461068	      0.07132639	      0.95450868	      0.00949931	     80.00000000	     -7.00000000	      0.00000000	     80.00000000	      1.39626340	      0.00000000	      0.00000000	      0.00000000	     80.00000000	     -7.00000000	      0.00000000	     80.00000000	      1.39626340	      0.00000000	      0.00000000	      0.00000000	     -5.29791626	      0.39604164	      3.36344857	      1.81871016	    -10.78243642	     -3.51762232	     97.68279504	     43.27731507	     12.92843354	    -17.63615730	      2.48603984	     -0.81644501	      3.74211511	      4.24204200	      0.00000000	      4.97305584	      0.67661685
1760624794.27600002	      5.93528712	     -0.32311651	      3.05754971	      0.08225707	      0.95523533	      0.00942736	     80.00000000	     -7.00000000	      0.00000000	     80.00000000	      1.39626340	      0.00000000	      0.00000000	      0.00000000	     80.00000000	     -7.00000000	      0.00000000	     80.00000000	      1.39626340	      0.00000000	      0.00000000	      0.00000000	     -5.31779064	      0.55609013	      3.55108591	      1.87376306	    -10.83254732	     -2.59600827	    101.64475896	     45.25114392	     13.14796669	    -17.24275042	      2.48859152	     -0.77780452	      4.08012245	      4.29003808	      0.00000000	      4.94778048	      0.54822173
1760624794.30999994	      5.94430150	     -0.44262898	      3.14209705	      0.08935266	      0.95801874	      0.00989907	     80.00000000	     -7.00000000	      0.00000000	     80.00000000	      1.39626340	      0.00000000	      0.00000000	      0.00000000	     80.00000000	     -7.00000000	      0.00000000	     80.00000000	      1.39626340	      0.00000000	      0.00000000	      0.00000000	     -5.30315103	      0.72764720	      3.62192391	      1.86805021	    -10.88205753	     -1.54199538	    105.71600341	     47.06095092	     12.91324720	    -16.58639954	      2.41366843	     -0.78790169	      4.26154474	      4.36393371	      0.00000000	      4.86781383	      0.50917718
1760624794.34299994	      6.27691516	     -0.34951605	      3.15587038	      0.09816821	      0.95935418	      0.00778934	     80.00000000	     -7.00000000	      0.00000000	     80.00000000	      1.39626340	      0.00000000	      0.00000000	      0.00000000	     80.00000000	     -7.00000000	      0.00000000	     80.00000000	      1.39626340	      0.00000000	      0.00000000	      0.00000000	     -5.73083653	      0.65822804	      3.92999054	      2.01167739	    -10.74411610	     -0.30481035	    109.42970847	     49.98115293	     13.47103291	    -15.79551860	      2.32224861	     -0.84576903	      4.41510952	      4.60069787	      0.00000000	      4.70832676	      0.58417479
1760624794.37700009	      6.39899025	     -0.28477315	      3.16116169	      0.10422182	      0.96097694	      0.00455414	     80.00000000	     -7.00000000	      0.00000000	     80.00000000	      1.39626340	      0.00000000	      0.00000000	      0.00000000	     80.00000000	     -7.00000000	      0.00000000	     80.00000000	      1.39626340	      0.00000000	      0.00000000	      0.00000000	     -5.90470754	      0.59214549	      4.20738438	      2.11519556	    -10.50827466	      0.46505951	    111.96069276	     52.59239535	     14.18414072	    -15.18989366	      2.14390479	     -0.83630169	      4.58560923	      4.78193351	      0.00000000	      4.51104159	      0.75074766
1760624794.41000009	      6.40867396	     -0.26468049	      3.18582521	      0.10592879	      0.96228108	      0.00349237	     80.00000000	     -7.00000000	      0.00000000	     80.00000000	      1.39626340	      0.00000000	      0.00000000	      0.00000000	     80.00000000	     -7.00000000	      0.00000000	     80.00000000	      1.39626340	      0.00000000	      0.00000000	      0.00000000	     -5.93487733	      0.59152956	      4.27866173	      2.09554221	    -10.36790696	      1.19351103	    114.56851187	     55.20534305	     14.84600297	    -14.97622939	      2.03702845	     -0.88491032	      4.61413505	      4.89178041	      0.00000000	      4.53062694	      0.77239262
1760624794.44400001	      6.12768713	     -0.09044582	      3.13406327	      0.10198181	      0.95777584	     -0.00125419	     80.00000000	     -7.00000000	      0.00000000	     80.00000000	      1.39626340	      0.00000000	      0.00000000	      0.00000000	     80.00000000	     -7.00000000	      0.00000000	     80.00000000	      1.39626340	      0.00000000	      0.00000000	      0.00000000	     -5.61134640	      0.52382897	      4.49957762	      1.97814461	    -10.34679293	      2.29212508	    116.17877194	     59.51820234	     16.65216955	    -15.77959346	      1.77751037	     -0.79404271	      4.71613391	      4.78442551	      0.00000000	      4.29767686	      0.76943243
1760624794.47700000	      6.04333212	     -0.13914675	      3.14964704	      0.10104173	      0.95761971	     -0.00119433	     80.00000000	     -7.00000000	      0.00000000	     80.00000000	      1.39626340	      0.00000000	      0.00000000	      0.00000000	     80.00000000	     -7.00000000	      0.00000000	     80.00000000	      1.39626340	      0.00000000	      0.00000000	      0.00000000	     -5.45072368	      0.64563430	      4.48160880	      2.00578911	    -10.38773856	      3.13960202	    117.64546037	     62.74804996	     17.71594101	    -16.77838108	      1.62012581	     -0.75933497	      4.69262123	      4.60539124	      0.00000000	      4.22335900	      0.66428111
1760624794.50999999	      5.99740447	     -0.21504614	      3.15631928	      0.10086660	      0.95756057	     -0.00031276	     80.00000000	     -7.00000000	      0.00000000	     80.00000000	      1.39626340	      0.00000000	      0.00000000	      0.00000000	     80.00000000	     -7.00000000	      0.00000000	     80.00000000	      1.39626340	      0.00000000	      0.00000000	      0.00000000	     -5.38259985	      0.78742371	      4.41832499	      2.18427245	    -10.52276057	      3.70158651	    118.43906039	     66.52244871	     18.50664680	    -18.13381562	      1.54020092	     -0.72700394	      4.69075382	      4.36723961	      0.00000000	      4.26841700	      0.59101225
1760624794.54399991	      6.03178186	     -0.22682648	      3.10907747	      0.09939818	      0.95801470	     -0.00100425	     80.00000000	     -7.00000000	      0.00000000	     80.00000000	      1.39626340	      0.00000000	      0.00000000	      0.00000000	     80.00000000	     -7.00000000	      0.00000000	     80.00000000	      1.39626340	      0.00000000	      0.00000000	      0.00000000	     -5.39563391	      0.81976925	      4.37747507	      2.55809333	    -10.68267556	      4.00835716	    118.72820436	     70.95671439	     19.44631969	    -19.76106226	      1.42372810	     -0.70792648	      4.70208195	      4.05809032	      0.00000000	      4.29034676	      0.52774483
1760624794.57699990	      6.05737805	     -0.32025144	      3.09999283	      0.09788490	      0.95643224	      0.00028977	     80.00000000	     -7.00000000	      0.00000000	     80.00000000	      1.39626340	      0.00000000	      0.00000000	      0.00000000	     80.00000000	     -7.00000000	      0.00000000	     80.00000000	      1.39626340	      0.00000000	      0.00000000	      0.00000000	     -5.37676570	      0.99921857	      4.24233822	      2.82634322	    -10.97576338	      3.98250436	    118.22324074	     72.19401004	     21.50016504	    -21.25226386	      1.33026003	     -0.65122611	      4.62401098	      3.93729042	      0.00000000	      4.36701915	      0.40575070
1760624794.61100006	      6.02071842	     -0.41971193	      3.09191468	      0.09770892	      0.95506781	      0.00161127	     80.00000000	     -7.00000000	      0.00000000	     80.00000000	      1.39626340	      0.00000000	      0.00000000	      0.00000000	     80.00000000	     -7.00000000	      0.00000000	     80.00000000	      1.39626340	      0.00000000	      0.00000000	      0.00000000	     -5.27424442	      1.14888133	      4.12447276	      2.96433486	    -11.17582321	      3.82459673	    117.80278521	     72.96125886	     22.89416892	    -22.28496657	      1.20976897	     -0.61814205	      4.54334925	      3.86932789	      0.00000000	      4.42884911	      0.39650995
1760624794.64400005	      6.01017757	     -0.46796207	      3.05486999	      0.09723625	      0.95414462	      0.00171759	     80.00000000	     -7.00000000	      0.00000000	     80.00000000	      1.39626340	      0.00000000	      0.00000000	      0.00000000	     80.00000000	     -7.00000000	      0.00000000	     80.00000000	      1.39626340	      0.00000000	      0.00000000	      0.00000000	     -5.18029370	      1.16873803	      4.06011177	      2.86344507	    -11.15526789	      3.48804314	    117.49160527	     74.27568523	     23.40902803	    -22.67262000	      1.09874627	     -0.62604854	      4.46913007	      3.83895320	      0.00000000	      4.47576382	      0.40538779
1760624794.67799997	      6.03340909	     -0.48487907	      3.02913177	      0.09590922	      0.95432935	      0.00108756	     80.00000000	     -7.00000000	      0.00000000	     80.00000000	      1.39626340	      0.00000000	      0.00000000	      0.00000000	     80.00000000	     -7.00000000	      0.00000000	     80.00000000	      1.39626340	      0.00000000	      0.00000000	      0.00000000	     -5.15908592	      1.11166225	      4.01924839	      2.75584622	    -11.00923376	      3.18724318	    117.31954885	     74.30114759	     23.77732168	    -22.46046670	      1.10405456	     -0.65227203	      4.43175495	      3.81607042	      0.00000000	      4.47742973	      0.35071686
1760624794.71099997	      6.04976341	     -0.47763050	      3.01257906	      0.09567402	      0.95384218	      0.00099152	     80.00000000	     -7.00000000	      0.00000000	     80.00000000	      1.39626340	      0.00000000	      0.00000000	      0.00000000	     80.00000000	     -7.00000000	      0.00000000	     80.00000000	      1.39626340	      0.00000000	      0.00000000	      0.00000000	     -5.14169026	      1.02923442	      3.97314772	      2.59667821	    -10.86028637	      2.93170235	    117.02070807	     73.70063147	     23.77239093	    -22.19204225	      1.16602261	     -0.67034906	      4.43835170	      3.79139125	      0.00000000	      4.54440710	      0.33289967
1760624794.74399996	      6.03218308	     -0.47013790	      3.00897991	      0.09602465	      0.95362361	      0.00086349	     80.00000000	     -7.00000000	      0.00000000	     80.00000000	      1.39626340	      0.00000000	      0.00000000	      0.00000000	     80.00000000	     -7.00000000	      0.00000000	     80.00000000	      1.39626340	      0.00000000	      0.00000000	      0.00000000	     -5.09191688	      0.93286045	      3.94075989	      2.22794468	    -10.56977621	      2.70035853	    116.71838733	     72.64857658	     23.21285497	    -21.60814456	      1.24935359	     -0.68700820	      4.51420741	      3.80108210	      0.00000000	      4.59519074	      0.36461406
1760624794.77800012	      5.98027355	     -0.46546706	      3.00436526	      0.09584831	      0.95398307	      0.00023533	     80.00000000	     -7.00000000	      0.00000000	     80.00000000	      1.39626340	      0.00000000	      0.00000000	      0.00000000	     80.00000000	     -7.00000000	      0.00000000	     80.00000000	      1.39626340	      0.00000000	      0.00000000	      0.00000000	     -5.04016026	      0.83286720	      3.96595872	      1.90841385	    -10.23823006	      2.35747436	    116.50081651	     71.99275828	     22.95589552	    -21.21419355	      1.33552238	     -0.72485991	      4.58751403	      3.82969619	      0.00000000	      4.56493196	      0.37085565
1760624794.81100011	      5.93709232	     -0.45750418	      3.01146674	      0.09575103	      0.95522121	     -0.00075094	     80.00000000	     -7.00000000	      0.00000000	     80.00000000	      1.39626340	      0.00000000	      0.00000000	      0.00000000	     80.00000000	     -7.00000000	      0.00000000	     80.00000000	      1.39626340	      0.00000000	      0.00000000	      0.00000000	     -4.99517946	      0.72147953	      3.98480207	      1.73391814	     -9.91402587	      1.64374660	    116.19233573	     70.90956827	     22.79779309	    -20.70612140	      1.40975878	     -0.75543166	      4.63752808	      3.87886374	      0.00000000	      4.55121687	      0.39440339
1760624794.84500003	      5.89440706	     -0.41180536	      3.01523572	      0.09561198	      0.95948953	     -0.00221095	     80.00000000	     -7.00000000	      0.00000000	     80.00000000	      1.39626340	      0.00000000	      0.00000000	      0.00000000	     80.00000000	     -7.00000000	      0.00000000	     80.00000000	      1.39626340	      0.00000000	      0.00000000	      0.00000000	     -4.88113925	      0.47532182	      3.98028436	      1.60498964	     -9.55578356	      0.59418103	    115.95578327	     68.96164781	     21.73658595	    -19.77899992	      1.39746781	     -0.86375015	      4.69329723	      3.90262754	      0.00000000	      4.50942561	      0.42921957
1760624794.87800002	      5.87682123	     -0.34243111	      3.00433941	      0.09542997	      0.96034390	     -0.00414487	     80.00000000	     -7.00000000	      0.00000000	     80.00000000	      1.39626340	      0.00000000	      0.00000000	      0.00000000	     80.00000000	     -7.00000000	      0.00000000	     80.00000000	      1.39626340	      0.00000000	      0.00000000	      0.00000000	     -4.83940547	      0.27981688	      3.93949469	      1.49993222	     -9.40290755	     -0.00677975	    114.94569290	     67.94105106	     21.07334327	    -19.57275858	      1.40427023	     -0.90409122	      4.71166341	      3.89841690	      0.00000000	      4.49413026	      0.40574124
1760624794.91199994	      5.75962123	     -0.21806726	      2.95786706	      0.09350488	      0.96180793	     -0.00630246	     80.00000000	     -7.00000000	      0.00000000	     80.00000000	      1.39626340	      0.00000000	      0.00000000	      0.00000000	     80.00000000	     -7.00000000	      0.00000000	     80.00000000	      1.39626340	      0.00000000	      0.00000000	      0.00000000	     -4.63591780	     -0.03444963	      3.86063597	      1.41865308	     -9.18342778	     -0.95221688	    113.19475783	     66.17900229	     19.67863718	    -19.02411053	      1.31395515	     -0.98784140	      4.69760667	      3.86594730	      0.00000000	      4.46629506	      0.39407613
1760624794.94499993	      5.57521147	     -0.15532920	      2.93371399	      0.09410041	      0.96167612	     -0.00778302	     80.00000000	     -7.00000000	      0.00000000	     80.00000000	      1.39626340	      0.00000000	      0.00000000	      0.00000000	     80.00000000	     -7.00000000	      0.00000000	     80.00000000	      1.39626340	      0.00000000	      0.00000000	      0.00000000	     -4.33582774	     -0.19568761	      3.80632082	      1.34465668	     -9.15879185	     -1.46929485	    111.64075992	     64.19281792	     18.19130220	    -18.77497438	      1.19441992	     -1.00816789	      4.66940294	      3.84285799	      0.00000000	      4.46261249	      0.39361222
1760624794.97900009	      5.44595365	     -0.07954045	      2.91817669	      0.09361178	      0.96221031	     -0.00888311	     80.00000000	     -7.00000000	      0.00000000	     80.00000000	      1.39626340	      0.00000000	      0.00000000	      0.00000000	     80.00000000	     -7.00000000	      0.00000000	     80.00000000	      1.39626340	      0.00000000	      0.00000000	      0.00000000	     -4.09896073	     -0.39482063	      3.78918370	      1.12938531	     -9.13468674	     -1.90436190	    110.10569379	     61.90315600	     17.25998824	    -18.60151391	      1.07111189	     -1.07993430	      4.65902562	      3.82508463	      0.00000000	      4.42990194	      0.40092410
1760624795.01200008	      5.29385845	      0.06061625	      2.87568867	      0.09196852	      0.96192031	     -0.01073884	     80.00000000	     -7.00000000	      0.00000000	     80.00000000	      1.39626340	      0.00000000	      0.00000000	      0.00000000	     80.00000000	     -7.00000000	      0.00000000	     80.00000000	      1.39626340	      0.00000000	      0.00000000	      0.00000000	     -3.86879986	     -0.65369104	      3.72167049	      0.98755090	     -9.09278565	     -2.35057494	    107.27230427	     58.40802531	     16.32616996	    -18.55298762	      1.04239122	     -1.10690368	      4.57065243	      3.78906204	      0.00000000	      4.50939452	      0.41582112
1760624795.04600000	      5.24357233	      0.12025730	      2.87786731	      0.09130618	      0.96379272	     -0.01161922	     80.00000000	     -7.00000000	      0.00000000	     80.00000000	      1.39626340	      0.00000000	      0.00000000	      0.00000000	     80.00000000	     -7.00000000	      0.00000000	     80.00000000	      1.39626340	      0.00000000	      0.00000000	      0.00000000	     -3.75801979	     -0.81942460	      3.75264554	      0.97706525	     -9.09672252	     -2.68631066	    105.17661817	     56.33604476	     15.03293719	    -18.59968619	      1.03440977	     -1.17690466	      4.59150693	      3.75394801	      0.00000000	      4.50959251	      0.43198642
1760624795.07900000	      5.20675748	      0.14587288	      2.88556435	      0.09200427	      0.96611244	     -0.01137755	     80.00000000	     -7.00000000	      0.00000000	     80.00000000	      1.39626340	      0.00000000	      0.00000000	      0.00000000	     80.00000000	     -7.00000000	      0.00000000	     80.00000000	      1.39626340	      0.00000000	      0.00000000	      0.00000000	     -3.67533647	     -0.93516934	      3.75081063	      1.06680109	     -9.08727468	     -3.07699889	    102.49533647	     54.67859256	     13.74932196	    -18.58804120	      1.04654737	     -1.25901978	      4.56455926	      3.73629769	      0.00000000	      4.53873345	      0.42408701
1760624795.11299992	      5.33607618	      0.13070688	      2.92312262	      0.09259837	      0.97244917	     -0.01003809	     80.00000000	     -7.00000000	      0.00000000	     80.00000000	      1.39626340	      0.00000000	      0.00000000	      0.00000000	     80.00000000	     -7.00000000	      0.00000000	     80.00000000	      1.39626340	      0.00000000	      0.00000000	      0.00000000	     -3.80855261	     -1.07150629	      3.81030789	      1.54981292	     -9.28038590	     -3.56349029	     98.91569705	     50.86904742	     11.72995222	    -18.75797838	      1.08002531	     -1.42319090	      4.59587267	      3.71497284	      0.00000000	      4.47735752	      0.43081622
1760624795.14599991	      5.59147770	      0.05269062	      2.97316162	      0.09159982	      0.97629795	     -0.00765465	     80.00000000	     -7.00000000	      0.00000000	     80.00000000	      1.39626340	      0.00000000	      0.00000000	      0.00000000	     80.00000000	     -7.00000000	      0.00000000	     80.00000000	      1.39626340	      0.00000000	      0.00000000	      0.00000000	     -4.11560251	     -1.04353053	      3.80669056	      1.95611281	     -9.47499496	     -3.77811207	     95.31394108	     48.28111796	     11.00779785	    -19.32811649	      1.24392172	     -1.51385505	      4.61331615	      3.69205716	      0.00000000	      4.60868491	      0.44664019
1760624795.17899990	      5.75004675	     -0.01998243	      3.02077974	      0.08761081	      0.97775539	     -0.00568399	     80.00000000	     -7.00000000	      0.00000000	     80.00000000	      1.39626340	      0.00000000	      0.00000000	      0.00000000	     80.00000000	     -7.00000000	      0.00000000	     80.00000000	      1.39626340	      0.00000000	      0.00000000	      0.00000000	     -4.32752891	     -0.98544061	      3.72912043	      2.29580132	     -9.75965194	     -3.70588666	     90.69632830	     45.27704640	     10.67031581	    -20.21538436	      1.42534397	     -1.56602345	      4.55744573	      3.67729251	      0.00000000	      4.77697748	      0.43489250
1760624795.21300006	      5.75986517	     -0.10579610	      3.07233220	      0.08274697	      0.97944769	     -0.00386955	     80.00000000	     -7.00000000	      0.00000000	     80.00000000	      1.39626340	      0.00000000	      0.00000000	      0.00000000	     80.00000000	     -7.00000000	      0.00000000	     80.00000000	      1.39626340	      0.00000000	      0.00000000	      0.00000000	     -4.34783862	     -0.91845245	      3.60313694	      2.80561107	    -10.14948120	     -3.28756039	     84.44218572	     39.94607540	     10.95002999	    -21.33164925	      1.59728850	     -1.64051607	      4.40544603	      3.64992212	      0.00000000	      4.99943013	      0.47151740
1760624795.24600005	      5.75096584	     -0.24103969	      3.11715637	      0.07968662	      0.98121323	     -0.00188101	     80.00000000	     -7.00000000	      0.00000000	     80.00000000	      1.39626340	      0.00000000	      0.00000000	      0.00000000	     80.00000000	     -7.00000000	      0.00000000	     80.00000000	      1.39626340	      0.00000000	      0.00000000	      0.00000000	     -4.32964226	     -0.80401725	      3.51048641	      3.17480154	    -10.59505650	     -3.06598186	     79.03977965	     36.20943395	     11.79881642	    -21.95681882	      1.69699376	     -1.70851032	      4.27958156	      3.63927593	      0.00000000	      5.08521180	      0.45075259
1760624795.27999997	      5.60532815	     -0.24932622	      3.13474868	      0.07722949	      0.98093240	     -0.00205010	     80.00000000	     -7.00000000	      0.00000000	     80.00000000	      1.39626340	      0.00000000	      0.00000000	      0.00000000	     80.00000000	     -7.00000000	      0.00000000	     80.00000000	      1.39626340	      0.00000000	      0.00000000	      0.00000000	     -4.12627300	     -0.80536745	      3.43615929	      3.50086334	    -10.93560706	     -2.60509064	     73.00684624	     32.38696245	     12.19221921	    -22.14751971	      1.66296122	     -1.74803825	      4.18994933	      3.61258210	      0.00000000	      5.09282741	      0.44018371
1760624795.31299996	      5.43602596	     -0.14600888	      3.12486978	      0.07408645	      0.98070565	     -0.00448376	     80.00000000	     -7.00000000	      0.00000000	     80.00000000	      1.39626340	      0.00000000	      0.00000000	      0.00000000	     80.00000000	     -7.00000000	      0.00000000	     80.00000000	      1.39626340	      0.00000000	      0.00000000	      0.00000000	     -3.89857330	     -0.93913619	      3.43967205	      3.77293362	    -11.03313988	     -1.83222376	     65.71018755	     27.12131942	     12.02775756	    -21.71918878	      1.58038577	     -1.77736907	      4.13910408	      3.59711518	      0.00000000	      5.09066807	      0.47691271
1760624795.34699988	      5.57383146	     -0.16640349	      3.13258705	      0.07523071	      0.97981727	     -0.00478299	     80.00000000	     -7.00000000	      0.00000000	     80.00000000	      1.39626340	      0.00000000	      0.00000000	      0.00000000	     80.00000000	     -7.00000000	      0.00000000	     80.00000000	      1.39626340	      0.00000000	      0.00000000	      0.00000000	     -4.12175445	     -0.87153219	      3.47117190	      3.96144131	    -11.13379884	     -1.30358379	     59.88407510	     23.53657343	     12.64671442	    -21.23155929	      1.68259538	     -1.76743275	      4.03723535	      3.59561745	      0.00000000	      5.19074267	      0.51764015
1760624795.41400003	      5.30501134	     -0.50875473	      3.22933821	      0.06787098	      0.97551525	      0.00163207	     80.00000000	     -7.00000000	      0.00000000	     80.00000000	      1.39626340	      0.00000000	      0.00000000	      0.00000000	     80.00000000	     -7.00000000	      0.00000000	     80.00000000	      1.39626340	      0.00000000	      0.00000000	      0.00000000	     -3.89254008	     -0.26166066	      3.27633564	      3.67086350	    -11.60994416	     -0.74707130	     46.10077801	     15.61269102	     14.44514739	    -18.86779115	      1.66844898	     -1.68532847	      3.78748780	      3.51508977	      0.00000000	      5.21911496	      0.58368278
1760624795.44700003	      5.26864567	     -0.52001053	      3.23620093	      0.06554169	      0.97116628	      0.00299049	     80.00000000	     -7.00000000	      0.00000000	     80.00000000	      1.39626340	      0.00000000	      0.00000000	      0.00000000	     80.00000000	     -7.00000000	      0.00000000	     80.00000000	      1.39626340	      0.00000000	      0.00000000	      0.00000000	     -3.90030530	     -0.06520163	      3.18710908	      3.41938745	    -11.54553127	     -0.36315218	     40.47587541	     12.37512997	     15.13432933	    -16.92298406	      1.65403978	     -1.59323899	      3.75076112	      3.43839774	      0.00000000	      5.26351908	      0.62729083
1760624795.48000002	      4.83528964	     -0.46847077	      3.24133394	      0.05594270	      0.96655486	      0.00283575	     80.00000000	     -7.00000000	      0.00000000	     80.00000000	      1.39626340	      0.00000000	      0.00000000	      0.00000000	     80.00000000	     -7.00000000	      0.00000000	     80.00000000	      1.39626340	      0.00000000	      0.00000000	      0.00000000	     -3.37684492	      0.01880148	      2.91355973	      2.68236478	    -11.25626119	      0.23821774	     33.83880622	      9.58790356	     16.85458529	    -14.71953411	      1.59478642	     -1.51528456	      3.56869674	      3.30232862	      0.00000000	      5.37969852	      0.65067278
1760624795.51399994	      4.80801238	     -0.57880299	      3.30967528	      0.05557221	      0.96324772	      0.00384440	     80.00000000	     -7.00000000	      0.00000000	     80.00000000	      1.39626340	      0.00000000	      0.00000000	      0.00000000	     80.00000000	     -7.00000000	      0.00000000	     80.00000000	      1.39626340	      0.00000000	      0.00000000	      0.00000000	     -3.44201892	      0.40055982	      2.86591784	      2.14853445	    -11.01235953	     -0.13118561	     28.95532057	      7.62113970	     15.78067254	    -12.32712229	      1.61008257	     -1.39564723	      3.67852585	      3.13351556	      0.00000000	      5.34207437	      0.60699419
1760624795.54699993	      4.64082165	     -0.55679201	      3.31884685	      0.05262010	      0.96155238	      0.00405031	     80.00000000	     -7.00000000	      0.00000000	     80.00000000	      1.39626340	      0.00000000	      0.00000000	      0.00000000	     80.00000000	     -7.00000000	      0.00000000	     80.00000000	      1.39626340	      0.00000000	      0.00000000	      0.00000000	     -3.29371435	      0.46112946	      2.85984875	      1.76368475	    -10.51855626	     -0.35077925	     25.51909710	      6.23320846	     15.23055123	    -10.66361962	      1.54752192	     -1.41490483	      3.73491823	      3.04883490	      0.00000000	      5.24233906	      0.58141740
1760624795.61400008	      4.54464352	     -0.42113386	      3.32416301	      0.04999593	      0.96107727	      0.00544369	     80.00000000	     -7.00000000	      0.00000000	     80.00000000	      1.39626340	      0.00000000	      0.00000000	      0.00000000	     80.00000000	     -7.00000000	      0.00000000	     80.00000000	      1.39626340	      0.00000000	      0.00000000	      0.00000000	     -3.29566213	      0.42469307	      2.90830773	      1.09891469	     -9.03185989	     -1.18564245	     20.41722159	      3.96892548	     11.22838746	     -7.53641663	      1.49629226	     -1.53671743	      3.77853178	      2.96833554	      0.00000000	      5.03045631	      0.57245403
1760624795.64800000	      4.16788308	     -0.25426895	      3.25416494	      0.04048986	      0.95284510	      0.00584938	     80.00000000	     -7.00000000	      0.00000000	     80.00000000	      1.39626340	      0.00000000	      0.00000000	      0.00000000	     80.00000000	     -7.00000000	      0.00000000	     80.00000000	      1.39626340	      0.00000000	      0.00000000	      0.00000000	     -2.83916729	      0.40314396	      3.03761537	      0.63751614	     -8.40052090	     -1.70383076	     17.79077673	      3.84645707	     10.15957851	     -6.26958761	      1.22662744	     -1.50404392	      3.89521194	      2.89418051	      0.00000000	      4.61293688	      0.42213310
1760624795.68099999	      4.15932001	     -0.18524207	      3.22244683	      0.03946381	      0.94966548	      0.00675374	     80.00000000	     -7.00000000	      0.00000000	     80.00000000	      1.39626340	      0.00000000	      0.00000000	      0.00000000	     80.00000000	     -7.00000000	      0.00000000	     80.00000000	      1.39626340	      0.00000000	      0.00000000	      0.00000000	     -2.94047419	      0.43280365	      3.06775205	      0.47074530	     -7.89284031	     -2.11914017	     16.06444293	      3.83416680	      8.95725429	     -5.25005952	      1.28740605	     -1.51208360	      3.97516575	      2.87284708	      0.00000000	      4.53810292	      0.37293091
1760624795.71499991	      4.30195035	     -0.16320198	      3.15780828	      0.04143737	      0.95079977	      0.00848051	     80.00000000	     -7.00000000	      0.00000000	     80.00000000	      1.39626340	      0.00000000	      0.00000000	      0.00000000	     80.00000000	     -7.00000000	      0.00000000	     80.00000000	      1.39626340	      0.00000000	      0.00000000	      0.00000000	     -3.20718755	      0.44218500	      3.09096793	      0.18543549	     -7.13488951	     -2.85660957	     15.03069966	      4.04285940	      6.82785492	     -4.32890916	      1.38501277	     -1.57503671	      4.06374357	      2.86436216	      0.00000000	      4.51370825	      0.36392333
1760624795.74799991	      4.23405527	     -0.11758947	      3.11397971	      0.04095012	      0.94939433	      0.00886288	     80.00000000	     -7.00000000	      0.00000000	     80.00000000	      1.39626340	      0.00000000	      0.00000000	      0.00000000	     80.00000000	     -7.00000000	      0.00000000	     80.00000000	      1.39626340	      0.00000000	      0.00000000	      0.00000000	     -3.20643035	      0.42340851	      3.08446618	     -0.21386438	     -6.51005226	     -3.70351511	     14.28721650	      4.53323568	      5.85961365	     -3.76855094	      1.41841830	     -1.62596103	      4.11690407	      2.84210096	      0.00000000	      4.42655796	      0.30122771
1760624795.78200006	      4.42644060	     -0.11702799	      3.05710107	      0.04501825	      0.94988429	      0.00914813	     80.00000000	     -7.00000000	      0.00000000	     80.00000000	      1.39626340	      0.00000000	      0.00000000	      0.00000000	     80.00000000	     -7.00000000	      0.00000000	     80.00000000	      1.39626340	      0.00000000	      0.00000000	      0.00000000	     -3.56259569	      0.43459278	      3.09173311	     -0.64526970	     -5.95315761	     -5.07582355	     14.53363512	      5.57668931	      4.16321837	     -3.05577900	      1.56185168	     -1.68718816	      4.22548786	      2.83474116	      0.00000000	      4.45309962	      0.29095450
1760624795.81500006	      4.46141933	     -0.11411438	      3.03129258	      0.04768491	      0.94966846	      0.00910291	     80.00000000	     -7.00000000	      0.00000000	     80.00000000	      1.39626340	      0.00000000	      0.00000000	      0.00000000	     80.00000000	     -7.00000000	      0.00000000	     80.00000000	      1.39626340	      0.00000000	      0.00000000	      0.00000000	     -3.69998569	      0.44968663	      3.09131563	     -0.84358835	     -5.60657117	     -5.99098957	     14.61877404	      6.37992872	      3.06497225	     -2.57519095	      1.64191203	     -1.71840852	      4.31851184	      2.81113902	      0.00000000	      4.42986407	      0.27509273
1760624795.84800005	      4.54681928	     -0.08337844	      3.01685496	      0.05109676	      0.94966553	      0.00829502	     80.00000000	     -7.00000000	      0.00000000	     80.00000000	      1.39626340	      0.00000000	      0.00000000	      0.00000000	     80.00000000	     -7.00000000	      0.00000000	     80.00000000	      1.39626340	      0.00000000	      0.00000000	      0.00000000	     -3.86192402	      0.42633958	      3.09734722	     -1.01753292	     -5.36095976	     -7.06230702	     14.87307262	      7.27118660	      2.05553624	     -2.02454036	      1.72349434	     -1.75184731	      4.39297305	      2.80962049	      0.00000000	      4.43350964	      0.26323353
1760624795.88199997	      4.53966535	     -0.06420923	      3.01599028	      0.05232465	      0.94888807	      0.00786579	     80.00000000	     -7.00000000	      0.00000000	     80.00000000	      1.39626340	      0.00000000	      0.00000000	      0.00000000	     80.00000000	     -7.00000000	      0.00000000	     80.00000000	      1.39626340	      0.00000000	      0.00000000	      0.00000000	     -3.98010440	      0.44784853	      3.09221612	     -1.10676654	     -5.04188027	     -7.94473785	     14.42675669	      7.55199484	      1.50858842	     -1.59516643	      1.88751355	     -1.76150769	      4.54103175	      2.79851797	      0.00000000	      4.40031152	      0.24021313
1760624795.91499996	      4.56654425	     -0.03301334	      3.01893784	      0.05467515	      0.95030629	      0.00739194	     80.00000000	     -7.00000000	      0.00000000	     80.00000000	      1.39626340	      0.00000000	      0.00000000	      0.00000000	     80.00000000	     -7.00000000	      0.00000000	     80.00000000	      1.39626340	      0.00000000	      0.00000000	      0.00000000	     -4.06702115	      0.37889098	      3.12916334	     -1.11780356	     -4.82685103	     -8.53875506	     14.42048862	      7.92710540	      0.77978869	     -1.38787543	      1.99758574	     -1.83545458	      4.65703475	      2.79563849	      0.00000000	      4.38619159	      0.26573016
1760624795.94899988	      4.56270245	     -0.00171689	      3.02810373	      0.05565338	      0.95067857	      0.00694140	     80.00000000	     -7.00000000	      0.00000000	     80.00000000	      1.39626340	      0.00000000	      0.00000000	      0.00000000	     80.00000000	     -7.00000000	      0.00000000	     80.00000000	      1.39626340	      0.00000000	      0.00000000	      0.00000000	     -4.15347034	      0.35537622	      3.13184630	     -1.02647044	     -4.69026302	     -8.83520055	     14.06313885	      8.20313355	      0.30694600	     -1.21375121	      2.15881801	     -1.86479449	      4.69144145	      2.79691932	      0.00000000	      4.38343189	      0.27978112
1760624795.98200011	      4.50910672	      0.04171208	      3.02887478	      0.05474968	      0.95091091	      0.00635032	     80.00000000	     -7.00000000	      0.00000000	     80.00000000	      1.39626340	      0.00000000	      0.00000000	      0.00000000	     80.00000000	     -7.00000000	      0.00000000	     80.00000000	      1.39626340	      0.00000000	      0.00000000	      0.00000000	     -4.14694293	      0.32166443	      3.14838232	     -1.03698656	     -4.58004704	     -9.07337840	     13.47054927	      8.09820071	      0.21050059	     -0.98826148	      2.34286776	     -1.88075592	      4.74731325	      2.75528916	      0.00000000	      4.39621060	      0.27015450
1760624796.01600003	      4.46992107	      0.06346744	      3.04328436	      0.05345575	      0.95124405	      0.00596680	     80.00000000	     -7.00000000	      0.00000000	     80.00000000	      1.39626340	      0.00000000	      0.00000000	      0.00000000	     80.00000000	     -7.00000000	      0.00000000	     80.00000000	      1.39626340	      0.00000000	      0.00000000	      0.00000000	     -4.12203202	      0.30879068	      3.15954475	     -1.03671187	     -4.55159722	     -9.30699326	     13.18855948	      8.11785876	      0.13850470	     -0.91289580	      2.43505058	     -1.88811471	      4.79521222	      2.75175336	      0.00000000	      4.40548998	      0.27647720
1760624796.04900002	      4.47526803	      0.07296504	      3.05687535	      0.05220017	      0.95171950	      0.00581837	     80.00000000	     -7.00000000	      0.00000000	     80.00000000	      1.39626340	      0.00000000	      0.00000000	      0.00000000	     80.00000000	     -7.00000000	      0.00000000	     80.00000000	      1.39626340	      0.00000000	      0.00000000	      0.00000000	     -4.17150202	      0.30282078	      3.15697493	     -0.97933833	     -4.55991492	     -9.52848144	     13.08850369	      8.28446921	      0.07977282	     -0.82047440	      2.56245649	     -1.91063332	      4.77047387	      2.75087893	      0.00000000	      4.42542299	      0.31501781
1760624796.08299994	      4.46209333	      0.08697262	      3.07860974	      0.05120704	      0.95200227	      0.00572245	     80.00000000	     -7.00000000	      0.00000000	     80.00000000	      1.39626340	      0.00000000	      0.00000000	      0.00000000	     80.00000000	     -7.00000000	      0.00000000	     80.00000000	      1.39626340	      0.00000000	      0.00000000	      0.00000000	     -4.20438405	      0.31063400	      3.16891796	     -0.92078427	     -4.58696985	     -9.62614375	     12.98848030	      8.23999111	      0.06387588	     -0.78242020	      2.69184877	     -1.88338098	      4.74030186	      2.72798238	      0.00000000	      4.42324989	      0.29978236
1760624796.11599994	      4.47485595	      0.10073246	      3.09235136	      0.05102277	      0.95217315	      0.00564125	     80.00000000	     -7.00000000	      0.00000000	     80.00000000	      1.39626340	      0.00000000	      0.00000000	      0.00000000	     80.00000000	     -7.00000000	      0.00000000	     80.00000000	      1.39626340	      0.00000000	      0.00000000	      0.00000000	     -4.24631453	      0.29897003	      3.17391764	     -0.87625149	     -4.61276434	     -9.72909827	     12.95325267	      8.34771001	      0.08508187	     -0.71280738	      2.76841852	     -1.86435453	      4.71037708	      2.71348198	      0.00000000	      4.42128970	      0.26768492
1760624796.15000010	      4.50051273	      0.12013807	      3.11098730	      0.05075015	      0.95269591	      0.00601532	     80.00000000	     -7.00000000	      0.00000000	     80.00000000	      1.39626340	      0.00000000	      0.00000000	      0.00000000	     80.00000000	     -7.00000000	      0.00000000	     80.00000000	      1.39626340	      0.00000000	      0.00000000	      0.00000000	     -4.32773953	      0.26208723	      3.16989038	     -0.78304515	     -4.60019376	     -9.76175687	     12.91512420	      8.45629216	      0.10007485	     -0.66332544	      2.86157345	     -1.86630652	      4.66508318	      2.72236606	      0.00000000	      4.43189534	      0.27586343
1760624796.18300009	      4.49002288	      0.12494479	      3.11727499	      0.05105403	      0.95280102	      0.00646123	     80.00000000	     -7.00000000	      0.00000000	     80.00000000	      1.39626340	      0.00000000	      0.00000000	      0.00000000	     80.00000000	     -7.00000000	      0.00000000	     80.00000000	      1.39626340	      0.00000000	      0.00000000	      0.00000000	     -4.36132617	      0.22639339	      3.16807974	     -0.68243598	     -4.57444126	     -9.78709509	     12.92032378	      8.40023034	      0.12564489	     -0.64203592	      2.93514658	     -1.84418394	      4.58179593	      2.73604876	      0.00000000	      4.42943843	      0.25587301
1760624796.21600008	      4.51984542	      0.17776167	      3.12995888	      0.05189755	      0.95305561	      0.00682269	     80.00000000	     -7.00000000	      0.00000000	     80.00000000	      1.39626340	      0.00000000	      0.00000000	      0.00000000	     80.00000000	     -7.00000000	      0.00000000	     80.00000000	      1.39626340	      0.00000000	      0.00000000	      0.00000000	     -4.37580330	      0.14815509	      3.17124108	     -0.65937683	     -4.52895144	     -9.82239910	     12.80280683	      8.47589456	      0.22975371	     -0.56359521	      2.94863854	     -1.83313784	      4.56860992	      2.70361703	      0.00000000	      4.43629146	      0.23865531
1760624796.25000000	      4.50585493	      0.16549064	      3.11422126	      0.05230540	      0.95306754	      0.00726660	     80.00000000	     -7.00000000	      0.00000000	     80.00000000	      1.39626340	      0.00000000	      0.00000000	      0.00000000	     80.00000000	     -7.00000000	      0.00000000	     80.00000000	      1.39626340	      0.00000000	      0.00000000	      0.00000000	     -4.42542750	      0.12573506	      3.14309209	     -0.55382291	     -4.48388378	     -9.73328581	     12.79275162	      8.49274292	      0.23584724	     -0.52944285	      3.05633883	     -1.81672735	      4.53533753	      2.65971480	      0.00000000	      4.45207895	      0.22843261
1760624796.28299999	      4.56060491	      0.17434697	      3.14167131	      0.05217615	      0.95355635	      0.00704309	     80.00000000	     -7.00000000	      0.00000000	     80.00000000	      1.39626340	      0.00000000	      0.00000000	      0.00000000	     80.00000000	     -7.00000000	      0.00000000	     80.00000000	      1.39626340	      0.00000000	      0.00000000	      0.00000000	     -4.51749922	      0.10450470	      3.08574576	     -0.41666331	     -4.43686161	     -9.56298085	     12.48470683	      8.22510085	      0.41221260	     -0.49625046	      3.11159020	     -1.76154374	      4.46884080	      2.60401615	      0.00000000	      4.47517130	      0.20421210
1760624796.31699991	      4.54372523	      0.15323437	      3.13486893	      0.05258830	      0.95400257	      0.00670783	     80.00000000	     -7.00000000	      0.00000000	     80.00000000	      1.39626340	      0.00000000	      0.00000000	      0.00000000	     80.00000000	     -7.00000000	      0.00000000	     80.00000000	      1.39626340	      0.00000000	      0.00000000	      0.00000000	     -4.52793740	      0.11533310	      3.08417112	     -0.30028660	     -4.40737525	     -9.46934010	     12.31200226	      8.07313633	      0.37689302	     -0.49232303	      3.14971434	     -1.72355111	      4.45972810	      2.57694405	      0.00000000	      4.46125327	      0.20289356
1760624796.38400006	      4.63628111	      0.13122501	      3.11826233	      0.05440174	      0.95426725	      0.00601517	     80.00000000	     -7.00000000	      0.00000000	     80.00000000	      1.39626340	      0.00000000	      0.00000000	      0.00000000	     80.00000000	     -7.00000000	      0.00000000	     80.00000000	      1.39626340	      0.00000000	      0.00000000	      0.00000000	     -4.73676522	      0.15860737	      3.08843810	     -0.03481071	     -4.38198440	     -9.02785546	     12.03651541	      7.75388330	      0.26899806	     -0.48255776	      3.29540501	     -1.65397723	      4.43840804	      2.61659189	      0.00000000	      4.48090136	      0.20287590
1760624796.41700006	      4.64768261	      0.11307735	      3.11244114	      0.05513421	      0.95430474	      0.00537526	     80.00000000	     -7.00000000	      0.00000000	     80.00000000	      1.39626340	      0.00000000	      0.00000000	      0.00000000	     80.00000000	     -7.00000000	      0.00000000	     80.00000000	      1.39626340	      0.00000000	      0.00000000	      0.00000000	     -4.72928463	      0.19478445	      3.09165965	     -0.00147555	     -4.41982621	     -8.74566089	     11.78313699	      7.76955222	      0.29195534	     -0.39379626	      3.28303070	     -1.63080298	      4.43341267	      2.62929104	      0.00000000	      4.47479976	      0.18280786
1760624796.45099998	      4.67435719	      0.11112358	      3.09052972	      0.05558875	      0.95451119	      0.00490321	     80.00000000	     -7.00000000	      0.00000000	     80.00000000	      1.39626340	      0.00000000	      0.00000000	      0.00000000	     80.00000000	     -7.00000000	      0.00000000	     80.00000000	      1.39626340	      0.00000000	      0.00000000	      0.00000000	     -4.70942769	      0.20153832	      3.08455843	     -0.01236674	     -4.43706486	     -8.12224491	     11.55648615	      7.60561045	      0.23141211	     -0.38094048	      3.23125308	     -1.62979003	      4.42348544	      2.66334443	      0.00000000	      4.47807513	      0.17580219
1760624796.48399997	      4.72994352	      0.11711650	      3.09871039	      0.05621218	      0.95461922	      0.00441734	     80.00000000	     -7.00000000	      0.00000000	     80.00000000	      1.39626340	      0.00000000	      0.00000000	      0.00000000	     80.00000000	     -7.00000000	      0.00000000	     80.00000000	      1.39626340	      0.00000000	      0.00000000	      0.00000000	     -4.62468025	      0.19562909	      2.96794020	     -0.02797594	     -4.45319822	     -6.82166956	     11.10815462	      6.87037281	      0.61460594	     -0.54432618	      3.10150969	     -1.65339296	      4.33481022	      2.69659602	      0.00000000	      4.46403570	      0.16146991
1760624796.51699996	      4.77670257	      0.10757223	      3.09182198	      0.05643796	      0.95484421	      0.00396346	     80.00000000	     -7.00000000	      0.00000000	     80.00000000	      1.39626340	      0.00000000	      0.00000000	      0.00000000	     80.00000000	     -7.00000000	      0.00000000	     80.00000000	      1.39626340	      0.00000000	      0.00000000	      0.00000000	     -4.51853647	      0.21796195	      2.86168211	      0.06027147	     -4.55694850	     -5.53622782	     10.68196686	      6.13513375	      1.05153733	     -0.77126476	      2.96336282	     -1.66739131	      4.22379118	      2.72527261	      0.00000000	      4.46035735	      0.16782975
1760624796.55100012	      4.84236079	      0.11728513	      3.07964629	      0.05702955	      0.95497778	      0.00347940	     80.00000000	     -7.00000000	      0.00000000	     80.00000000	      1.39626340	      0.00000000	      0.00000000	      0.00000000	     80.00000000	     -7.00000000	      0.00000000	     80.00000000	      1.39626340	      0.00000000	      0.00000000	      0.00000000	     -4.43008227	      0.21917131	      2.75214196	      0.21269372	     -4.77810448	     -4.18877771	     10.46096384	      5.42714489	      1.57145143	     -0.99347034	      2.82573600	     -1.67307264	      4.16321866	      2.75748287	      0.00000000	      4.48273901	      0.15973091
1760624796.58400011	      4.83297658	      0.13540416	      3.04176107	      0.05595858	      0.95469451	      0.00284736	     80.00000000	     -7.00000000	      0.00000000	     80.00000000	      1.39626340	      0.00000000	      0.00000000	      0.00000000	     80.00000000	     -7.00000000	      0.00000000	     80.00000000	      1.39626340	      0.00000000	      0.00000000	      0.00000000	     -4.22454549	      0.18079600	      2.63353422	      0.52960991	     -5.16666174	     -2.24368443	     10.30359642	      4.17829080	      3.10275564	     -1.66125805	      2.65724288	     -1.69918604	      4.12170544	      2.75595167	      0.00000000	      4.46530451	      0.13450079
1760624796.61800003	      4.77106432	      0.15516293	      3.01831512	      0.05488436	      0.95379874	      0.00183618	     80.00000000	     -7.00000000	      0.00000000	     80.00000000	      1.39626340	      0.00000000	      0.00000000	      0.00000000	     80.00000000	     -7.00000000	      0.00000000	     80.00000000	      1.39626340	      0.00000000	      0.00000000	      0.00000000	     -3.95999097	      0.13600108	      2.53165116	      0.78258376	     -5.57320105	     -0.90593256	     10.37222264	      3.23047740	      4.93599030	     -2.50621845	      2.49050164	     -1.70825550	      4.03057720	      2.74543750	      0.00000000	      4.47204085	      0.13786846
1760624796.65100002	      4.68104456	      0.19676031	      2.99225238	      0.05344371	      0.95258443	      0.00077120	     80.00000000	     -7.00000000	      0.00000000	     80.00000000	      1.39626340	      0.00000000	      0.00000000	      0.00000000	     80.00000000	     -7.00000000	      0.00000000	     80.00000000	      1.39626340	      0.00000000	      0.00000000	      0.00000000	     -3.67782559	      0.06980665	      2.42988028	      1.07142399	     -6.09134521	      0.21898017	     10.89214689	      2.10865600	      6.98561465	     -3.59267767	      2.33683116	     -1.71250626	      3.90233053	      2.74036040	      0.00000000	      4.48977524	      0.16254872
1760624796.68499994	      4.53335679	      0.24050779	      2.96348682	      0.05004756	      0.95121482	     -0.00023907	     80.00000000	     -7.00000000	      0.00000000	     80.00000000	      1.39626340	      0.00000000	      0.00000000	      0.00000000	     80.00000000	     -7.00000000	      0.00000000	     80.00000000	      1.39626340	      0.00000000	      0.00000000	      0.00000000	     -3.35671332	      0.02247488	      2.37761682	      1.35881513	     -6.88659089	      0.93722175	     12.59819051	      1.24504818	     10.11865633	     -5.57007048	      2.24914549	     -1.67725807	      3.79414560	      2.72256128	      0.00000000	      4.52461066	      0.18631585
1760624796.71799994	      4.45174377	      0.26609767	      2.96090342	      0.04607863	      0.94993999	     -0.00008580	     80.00000000	     -7.00000000	      0.00000000	     80.00000000	      1.39626340	      0.00000000	      0.00000000	      0.00000000	     80.00000000	     -7.00000000	      0.00000000	     80.00000000	      1.39626340	      0.00000000	      0.00000000	      0.00000000	     -3.22838809	      0.02509254	      2.36613272	      1.46379437	     -7.54361904	      0.64916678	     14.78021697	      1.90147687	     12.92638260	     -7.39255244	      2.27703160	     -1.63985369	      3.76346622	      2.73252453	      0.00000000	      4.56191889	      0.17692280
1760624796.75200009	      4.31971257	      0.28379066	      2.98473856	      0.03997333	      0.94760412	      0.00019121	     80.00000000	     -7.00000000	      0.00000000	     80.00000000	      1.39626340	      0.00000000	      0.00000000	      0.00000000	     80.00000000	     -7.00000000	      0.00000000	     80.00000000	      1.39626340	      0.00000000	      0.00000000	      0.00000000	     -3.08649287	      0.08053294	      2.40322122	      1.28839831	     -8.51851419	     -0.50418691	     19.13112584	      4.26210950	     16.86103387	    -10.06079508	      2.38226351	     -1.55954508	      3.75613267	      2.71718386	      0.00000000	      4.64433619	      0.21165644
1760624796.78500009	      4.22152430	      0.23228020	      3.00877412	      0.03510669	      0.94560505	      0.00114636	     80.00000000	     -7.00000000	      0.00000000	     80.00000000	      1.39626340	      0.00000000	      0.00000000	      0.00000000	     80.00000000	     -7.00000000	      0.00000000	     80.00000000	      1.39626340	      0.00000000	      0.00000000	      0.00000000	     -2.96893763	      0.24374114	      2.38787288	      0.91448692	     -9.29194594	     -1.83563714	     23.29455871	      7.71000393	     19.39653542	    -12.24402035	      2.47337110	     -1.44943312	      3.67420734	      2.70063164	      0.00000000	      4.71680405	      0.19404800
1760624796.81900001	      4.11285118	      0.19432516	      3.06460205	      0.03024618	      0.94392756	      0.00145194	     80.00000000	     -7.00000000	      0.00000000	     80.00000000	      1.39626340	      0.00000000	      0.00000000	      0.00000000	     80.00000000	     -7.00000000	      0.00000000	     80.00000000	      1.39626340	      0.00000000	      0.00000000	      0.00000000	     -2.82638397	      0.36365686	      2.33514226	      0.39256578	    -10.03918273	     -3.23348564	     28.30718931	     12.23704792	     21.20568666	    -14.32765719	      2.53751472	     -1.36903956	      3.56115140	      2.66885864	      0.00000000	      4.76741836	      0.19542470
1760624796.85200000	      3.90111857	      0.15385010	      3.10415469	      0.02664555	      0.94332436	      0.00231132	     80.00000000	     -7.00000000	      0.00000000	     80.00000000	      1.39626340	      0.00000000	      0.00000000	      0.00000000	     80.00000000	     -7.00000000	      0.00000000	     80.00000000	      1.39626340	      0.00000000	      0.00000000	      0.00000000	     -2.55778667	      0.44750693	      2.27555306	     -0.52867519	    -10.86107575	     -4.68858077	     36.28340950	     17.80867240	     23.11234321	    -16.90009688	      2.62946156	     -1.30473743	      3.44510760	      2.64515946	      0.00000000	      4.87593840	      0.18148478
1760624796.88499999	      3.78598910	      0.03059356	      3.14089863	      0.02612422	      0.94290567	      0.00473948	     80.00000000	     -7.00000000	      0.00000000	     80.00000000	      1.39626340	      0.00000000	      0.00000000	      0.00000000	     80.00000000	     -7.00000000	      0.00000000	     80.00000000	      1.39626340	      0.00000000	      0.00000000	      0.00000000	     -2.40191243	      0.64824282	      2.24218503	     -1.36809296	    -11.42337699	     -5.79471567	     43.10642561	     22.12152779	     23.83228726	    -18.76136800	      2.74912378	     -1.22960937	      3.29792025	      2.63546527	      0.00000000	      4.99567347	      0.17159264
1760624796.91899991	      3.89212260	     -0.04195094	      3.19272348	      0.03138446	      0.94311418	      0.00643264	     80.00000000	     -7.00000000	      0.00000000	     80.00000000	      1.39626340	      0.00000000	      0.00000000	      0.00000000	     80.00000000	     -7.00000000	      0.00000000	     80.00000000	      1.39626340	      0.00000000	      0.00000000	      0.00000000	     -2.56930846	      0.78328371	      2.43342018	     -1.92845957	    -11.77631611	     -7.19186039	     51.82528851	     26.83594988	     23.04711876	    -19.83070384	      2.85083453	     -1.18946208	      3.32583080	      2.66497418	      0.00000000	      5.00347244	      0.16970286
1760624796.95199990	      4.33550443	     -0.14377825	      3.28766261	      0.04408489	      0.94349092	      0.00878644	     80.00000000	     -7.00000000	      0.00000000	     80.00000000	      1.39626340	      0.00000000	      0.00000000	      0.00000000	     80.00000000	     -7.00000000	      0.00000000	     80.00000000	      1.39626340	      0.00000000	      0.00000000	      0.00000000	     -3.22783450	      1.02414626	      2.73183367	     -2.07555696	    -12.07895212	     -8.63113897	     63.33317310	     32.64857733	     21.31670967	    -20.34946801	      3.02629753	     -1.09369268	      3.54199647	      2.72030054	      0.00000000	      5.04344762	      0.19858541
1760624796.98600006	      4.76263663	     -0.19598828	      3.36709514	      0.05467087	      0.94749197	      0.01036706	     80.00000000	     -7.00000000	      0.00000000	     80.00000000	      1.39626340	      0.00000000	      0.00000000	      0.00000000	     80.00000000	     -7.00000000	      0.00000000	     80.00000000	      1.39626340	      0.00000000	      0.00000000	      0.00000000	     -3.84691180	      1.08416311	      2.99570302	     -1.96743415	    -12.13139851	     -9.10019785	     72.17090996	     36.82364816	     19.58603668	    -20.36238631	      3.12428166	     -1.11476016	      3.77040453	      2.73282753	      0.00000000	      5.01706496	      0.22028059
1760624797.01900005	      5.34745741	      0.05045648	      3.38494065	      0.06715458	      0.95237625	      0.00586471	     80.00000000	     -7.00000000	      0.00000000	     80.00000000	      1.39626340	      0.00000000	      0.00000000	      0.00000000	     80.00000000	     -7.00000000	      0.00000000	     80.00000000	      1.39626340	      0.00000000	      0.00000000	      0.00000000	     -4.73939025	      0.77200030	      3.39560137	     -1.44356965	    -11.70964448	     -8.97339452	     80.65647460	     41.05848474	     17.74744536	    -19.61275096	      3.23673802	     -1.16423030	      4.10432298	      2.77247093	      0.00000000	      4.95425410	      0.19983406
1760624797.05299997	      5.71681494	      0.17640022	      3.42135261	      0.07488371	      0.95399408	      0.00397247	     80.00000000	     -7.00000000	      0.00000000	     80.00000000	      1.39626340	      0.00000000	      0.00000000	      0.00000000	     80.00000000	     -7.00000000	      0.00000000	     80.00000000	      1.39626340	      0.00000000	      0.00000000	      0.00000000	     -5.35740855	      0.70867208	      3.60794454	     -1.09179511	    -11.76523228	     -8.16351565	     88.02901659	     45.41682593	     18.30919828	    -19.79854973	      3.33460796	     -1.12179967	      4.28790268	      2.81577500	      0.00000000	      5.03180842	      0.19258217
1760624797.08599997	      5.89377908	      0.27282716	      3.41812972	      0.07858179	      0.95931848	      0.00268522	     80.00000000	     -7.00000000	      0.00000000	     80.00000000	      1.39626340	      0.00000000	      0.00000000	      0.00000000	     80.00000000	     -7.00000000	      0.00000000	     80.00000000	      1.39626340	      0.00000000	      0.00000000	      0.00000000	     -5.65522899	      0.48748913	      3.82789981	     -0.76826131	    -11.54723736	     -7.58513550	     94.00716262	     48.49877249	     18.33420684	    -19.41568842	      3.29071024	     -1.24174234	      4.47343705	      2.83681978	      0.00000000	      4.94134800	      0.18796341
1760624797.11999989	      5.83718051	      0.15666841	      3.45735079	      0.08016929	      0.96167608	      0.00413505	     80.00000000	     -7.00000000	      0.00000000	     80.00000000	      1.39626340	      0.00000000	      0.00000000	      0.00000000	     80.00000000	     -7.00000000	      0.00000000	     80.00000000	      1.39626340	      0.00000000	      0.00000000	      0.00000000	     -5.61099747	      0.61243969	      3.80128269	     -0.81977291	    -11.60534237	     -7.00201751	     98.62558497	     50.95644330	     19.28983863	    -19.70652408	      3.21272267	     -1.25145919	      4.45631028	      2.83611802	      0.00000000	      4.91273159	      0.11069948
1760624797.15300012	      5.84635459	      0.04269222	      3.49157989	      0.08494190	      0.95783417	      0.00523260	     80.00000000	     -7.00000000	      0.00000000	     80.00000000	      1.39626340	      0.00000000	      0.00000000	      0.00000000	     80.00000000	     -7.00000000	      0.00000000	     80.00000000	      1.39626340	      0.00000000	      0.00000000	      0.00000000	     -5.67470622	      0.88527142	      3.81762232	     -0.80182075	    -11.74299621	     -6.11137298	    102.06822347	     53.47797944	     21.78617994	    -20.36769494	      3.08629599	     -1.08830898	      4.47358549	      2.85009688	      0.00000000	      4.87346695	      0.09365176
1760624797.18600011	      6.11385679	      0.02150171	      3.49522902	      0.09291850	      0.96237537	      0.00579033	     80.00000000	     -7.00000000	      0.00000000	     80.00000000	      1.39626340	      0.00000000	      0.00000000	      0.00000000	     80.00000000	     -7.00000000	      0.00000000	     80.00000000	      1.39626340	      0.00000000	      0.00000000	      0.00000000	     -6.03500617	      0.85141125	      3.94526337	     -0.70756732	    -11.43803690	     -5.37659244	    105.95010457	     55.22013345	     22.06395628	    -19.97170343	      3.00129117	     -1.11220528	      4.61212730	      2.87972706	      0.00000000	      4.79912180	      0.06471510
1760624797.22000003	      6.56053181	      0.25764240	      3.44098167	      0.10307253	      0.96440221	      0.00145075	     80.00000000	     -7.00000000	      0.00000000	     80.00000000	      1.39626340	      0.00000000	      0.00000000	      0.00000000	     80.00000000	     -7.00000000	      0.00000000	     80.00000000	      1.39626340	      0.00000000	      0.00000000	      0.00000000	     -6.68322226	      0.51767734	      4.38610336	     -0.50214101	    -10.96131459	     -4.73663895	    108.21275184	     57.41639803	     22.69431978	    -19.36264841	      2.83703718	     -1.11494602	      5.04268362	      2.92483960	      0.00000000	      4.46729170	      0.06268863
1760624797.25300002	      6.64910424	      0.20532417	      3.42726678	      0.10561513	      0.96548210	      0.00296812	     80.00000000	     -7.00000000	      0.00000000	     80.00000000	      1.39626340	      0.00000000	      0.00000000	      0.00000000	     80.00000000	     -7.00000000	      0.00000000	     80.00000000	      1.39626340	      0.00000000	      0.00000000	      0.00000000	     -6.81318580	      0.55324753	      4.33133191	     -0.79252907	    -10.63990423	     -3.45610874	    111.73343608	     59.39277021	     24.00231721	    -19.28715406	      2.70977580	     -1.11530426	      5.08682090	      2.92979652	      0.00000000	      4.43168941	      0.02741259
1760624797.28699994	      6.60716251	      0.27124054	      3.39438840	      0.11080958	      0.96591638	     -0.00164116	     80.00000000	     -7.00000000	      0.00000000	     80.00000000	      1.39626340	      0.00000000	      0.00000000	      0.00000000	     80.00000000	     -7.00000000	      0.00000000	     80.00000000	      1.39626340	      0.00000000	      0.00000000	      0.00000000	     -6.78803837	      0.47596804	      4.42986855	     -1.13706979	    -10.35447119	     -2.29272751	    114.21297967	     60.94365045	     24.94707218	    -19.14408653	      2.54815495	     -1.05457659	      5.27477981	      2.93391383	      0.00000000	      4.35200152	      0.09565545
1760624797.31999993	      6.51834219	      0.26840584	      3.36828663	      0.11151551	      0.96088977	     -0.00402596	     80.00000000	     -7.00000000	      0.00000000	     80.00000000	      1.39626340	      0.00000000	      0.00000000	      0.00000000	     80.00000000	     -7.00000000	      0.00000000	     80.00000000	      1.39626340	      0.00000000	      0.00000000	      0.00000000	     -6.69788052	      0.61255506	      4.43307607	     -1.64018252	    -10.27483767	     -1.34119612	    115.05184605	     62.90277943	     26.95652254	    -19.76154717	      2.45245709	     -0.89706021	      5.35159868	      2.93853471	      0.00000000	      4.38851627	      0.11395858
1760624797.35400009	      6.21592052	      0.16556195	      3.35829482	      0.10678589	      0.95412159	     -0.00270507	     80.00000000	     -7.00000000	      0.00000000	     80.00000000	      1.39626340	      0.00000000	      0.00000000	      0.00000000	     80.00000000	     -7.00000000	      0.00000000	     80.00000000	      1.39626340	      0.00000000	      0.00000000	      0.00000000	     -6.30542587	      0.89907759	      4.42952517	     -2.17665047	    -10.34705099	     -0.33686447	    115.62765687	     65.14213520	     29.26427186	    -21.02704308	      2.22591703	     -0.75371241	      5.41339434	      2.89991423	      0.00000000	      4.30599774	      0.10910171
1760624797.38700008	      6.15099360	      0.12478005	      3.35354663	      0.10558215	      0.95527973	     -0.00173418	     80.00000000	     -7.00000000	      0.00000000	     80.00000000	      1.39626340	      0.00000000	      0.00000000	      0.00000000	     80.00000000	     -7.00000000	      0.00000000	     80.00000000	      1.39626340	      0.00000000	      0.00000000	      0.00000000	     -6.14030273	      0.93228151	      4.35932876	     -2.53321936	    -10.22686072	      0.16180143	    117.23632861	     66.47456697	     29.86269606	    -21.20720627	      2.10468192	     -0.80080132	      5.45124647	      2.87965622	      0.00000000	      4.34725916	      0.11079276
1760624797.42100000	      6.08335286	      0.12607147	      3.34220669	      0.10489676	      0.95637059	     -0.00257112	     80.00000000	     -7.00000000	      0.00000000	     80.00000000	      1.39626340	      0.00000000	      0.00000000	      0.00000000	     80.00000000	     -7.00000000	      0.00000000	     80.00000000	      1.39626340	      0.00000000	      0.00000000	      0.00000000	     -6.05289102	      0.87313936	      4.28001875	     -2.61761607	    -10.05226723	      0.36209324	    118.31790427	     67.80998675	     30.18115514	    -21.28932829	      2.06220488	     -0.88505701	      5.44641220	      2.87314678	      0.00000000	      4.35906188	      0.09813571
1760624797.45400000	      6.22623107	      0.06482415	      3.34875515	      0.10383927	      0.96149431	     -0.00238494	     80.00000000	     -7.00000000	      0.00000000	     80.00000000	      1.39626340	      0.00000000	      0.00000000	      0.00000000	     80.00000000	     -7.00000000	      0.00000000	     80.00000000	      1.39626340	      0.00000000	      0.00000000	      0.00000000	     -6.18857610	      0.78352220	      4.24864206	     -2.46507100	     -9.79938313	      0.04166299	    119.64462039	     68.68126198	     30.20952807	    -21.15509000	      2.04952829	     -1.08421981	      5.47240972	      2.83598254	      0.00000000	      4.29772728	      0.10295296
1760624797.48699999	      6.19255134	     -0.04333206	      3.34465869	      0.10111041	      0.95830172	     -0.00136000	     80.00000000	     -7.00000000	      0.00000000	     80.00000000	      1.39626340	      0.00000000	      0.00000000	      0.00000000	     80.00000000	     -7.00000000	      0.00000000	     80.00000000	      1.39626340	      0.00000000	      0.00000000	      0.00000000	     -6.08470256	      0.98406388	      4.17635441	     -2.47344232	     -9.89292476	     -0.38396871	    118.98987353	     69.36336835	     31.00258312	    -21.72409106	      2.02102116	     -1.02977875	      5.45289714	      2.81534820	      0.00000000	      4.37817923	      0.07749733
1760624797.52099991	      6.15760413	     -0.11817999	      3.32201089	      0.09981510	      0.95659713	     -0.00082062	     80.00000000	     -7.00000000	      0.00000000	     80.00000000	      1.39626340	      0.00000000	      0.00000000	      0.00000000	     80.00000000	     -7.00000000	      0.00000000	     80.00000000	      1.39626340	      0.00000000	      0.00000000	      0.00000000	     -6.01389984	      1.09925829	      4.13875494	     -2.42588722	     -9.89323515	     -0.79585060	    118.41064366	     69.88707996	     31.26458374	    -22.00302488	      2.02688453	     -1.00704659	      5.41492633	      2.80146735	      0.00000000	      4.40546729	      0.02423573
1760624797.55399990	      6.14263410	     -0.15602801	      3.30097124	      0.09940175	      0.95704809	     -0.00068324	     80.00000000	     -7.00000000	      0.00000000	     80.00000000	      1.39626340	      0.00000000	      0.00000000	      0.00000000	     80.00000000	     -7.00000000	      0.00000000	     80.00000000	      1.39626340	      0.00000000	      0.00000000	      0.00000000	     -5.89283184	      1.09344760	      4.10317739	     -2.52446960	     -9.71467656	     -1.21031351	    118.07089625	     69.78349634	     31.02231682	    -21.92482492	      2.00023332	     -1.04430853	      5.37441202	      2.77689674	      0.00000000	      4.42292799	     -0.00002699
1760624797.58800006	      6.16283590	     -0.19560230	      3.28638300	      0.10022601	      0.96088598	     -0.00166487	     80.00000000	     -7.00000000	      0.00000000	     80.00000000	      1.39626340	      0.00000000	      0.00000000	      0.00000000	     80.00000000	     -7.00000000	      0.00000000	     80.00000000	      1.39626340	      0.00000000	      0.00000000	      0.00000000	     -5.84950856	      0.98035486	      4.12191084	     -2.57930440	     -9.35608166	     -1.59026417	    118.47902478	     69.32486618	     29.74718158	    -21.16849803	      1.98523391	     -1.14967618	      5.37041306	      2.78072519	      0.00000000	      4.39820275	     -0.01721508
1760624797.62100005	      6.16971406	     -0.19483960	      3.26695526	      0.10052751	      0.96244325	     -0.00300449	     80.00000000	     -7.00000000	      0.00000000	     80.00000000	      1.39626340	      0.00000000	      0.00000000	      0.00000000	     80.00000000	     -7.00000000	      0.00000000	     80.00000000	      1.39626340	      0.00000000	      0.00000000	      0.00000000	     -5.82560585	      0.88715196	      4.14223541	     -2.60689126	     -9.00117443	     -2.03424990	    118.17703451	     68.89978567	     28.58116812	    -20.64165414	      2.00569404	     -1.17276846	      5.36054400	      2.79059271	      0.00000000	      4.37966482	     -0.00611576
1760624797.65499997	      6.10362058	     -0.17695735	      3.26814656	      0.09964150	      0.96452304	     -0.00424717	     80.00000000	     -7.00000000	      0.00000000	     80.00000000	      1.39626340	      0.00000000	      0.00000000	      0.00000000	     80.00000000	     -7.00000000	      0.00000000	     80.00000000	      1.39626340	      0.00000000	      0.00000000	      0.00000000	     -5.67411588	      0.74140851	      4.18780554	     -2.66799563	     -8.48500185	     -2.80660994	    117.47169923	     68.00970967	     26.94047838	    -19.98922836	      1.97095781	     -1.20798433	      5.41103295	      2.81330102	      0.00000000	      4.36818195	      0.01943137
1760624797.68799996	      6.01965366	     -0.17678402	      3.28524309	      0.09818179	      0.96414120	     -0.00471209	     80.00000000	     -7.00000000	      0.00000000	     80.00000000	      1.39626340	      0.00000000	      0.00000000	      0.00000000	     80.00000000	     -7.00000000	      0.00000000	     80.00000000	      1.39626340	      0.00000000	      0.00000000	      0.00000000	     -5.52937316	      0.69088640	      4.16290261	     -2.76585627	     -8.21836647	     -3.43778888	    116.36501909	     67.16569331	     25.76959931	    -19.82414781	      1.96643369	     -1.19524029	      5.39829476	      2.81381200	      0.00000000	      4.36716197	      0.02058587
1760624797.72199988	      5.88431089	     -0.12319883	      3.27996768	      0.09535933	      0.96217456	     -0.00579772	     80.00000000	     -7.00000000	      0.00000000	     80.00000000	      1.39626340	      0.00000000	      0.00000000	      0.00000000	     80.00000000	     -7.00000000	      0.00000000	     80.00000000	      1.39626340	      0.00000000	      0.00000000	      0.00000000	     -5.29558982	      0.60215143	      4.13657702	     -2.82022956	     -7.85294744	     -4.36648530	    113.93901802	     65.88980085	     24.67976046	    -19.70152558	      1.93121470	     -1.12375342	      5.35718473	      2.81064842	      0.00000000	      4.39311422	      0.03784625
1760624797.75500011	      5.76280105	      0.00681689	      3.26122590	      0.09296272	      0.96036525	     -0.00823147	     80.00000000	     -7.00000000	      0.00000000	     80.00000000	      1.39626340	      0.00000000	      0.00000000	      0.00000000	     80.00000000	     -7.00000000	      0.00000000	     80.00000000	      1.39626340	      0.00000000	      0.00000000	      0.00000000	     -5.11385076	      0.41375864	      4.09894414	     -2.89754357	     -7.46760143	     -4.83151143	    111.99415749	     64.87381815	     23.57968726	    -19.67003317	      1.92762531	     -1.09365575	      5.31187924	      2.79376995	      0.00000000	      4.45098323	      0.09531264
1760624797.78800011	      5.71789688	      0.05419082	      3.26733477	      0.09621767	      0.96245042	     -0.00802440	     80.00000000	     -7.00000000	      0.00000000	     80.00000000	      1.39626340	      0.00000000	      0.00000000	      0.00000000	     80.00000000	     -7.00000000	      0.00000000	     80.00000000	      1.39626340	      0.00000000	      0.00000000	      0.00000000	     -5.03753278	      0.21455020	      4.09205275	     -2.83826870	     -6.97405884	     -5.20825544	    110.85038415	     63.80297529	     21.23503025	    -19.37360767	      1.89304000	     -1.19537605	      5.33714686	      2.80041660	      0.00000000	      4.44947238	      0.08968204
1760624797.82200003	      5.69694533	      0.10317520	      3.27134492	      0.09522673	      0.96455986	     -0.00802378	     80.00000000	     -7.00000000	      0.00000000	     80.00000000	      1.39626340	      0.00000000	      0.00000000	      0.00000000	     80.00000000	     -7.00000000	      0.00000000	     80.00000000	      1.39626340	      0.00000000	      0.00000000	      0.00000000	     -4.98249431	      0.00243491	      4.04137829	     -2.92933760	     -6.51149694	     -5.69842257	    108.37865775	     62.47262533	     18.84254956	    -19.20737593	      1.91263831	     -1.29450663	      5.29031382	      2.80093302	      0.00000000	      4.54071191	      0.10116537
1760624797.85500002	      5.77838367	      0.15097825	      3.27286228	      0.09380765	      0.96738688	     -0.00871122	     80.00000000	     -7.00000000	      0.00000000	     80.00000000	      1.39626340	      0.00000000	      0.00000000	      0.00000000	     80.00000000	     -7.00000000	      0.00000000	     80.00000000	      1.39626340	      0.00000000	      0.00000000	      0.00000000	     -5.05820065	     -0.16500623	      4.01000105	     -2.83022885	     -6.35938570	     -6.14531406	    105.97252674	     60.34042184	     17.24425782	    -19.13809819	      1.92816995	     -1.36533985	      5.28256150	      2.78948355	      0.00000000	      4.55936284	      0.11554919
1760624797.88899994	      5.98383062	      0.10405266	      3.28847892	      0.09437321	      0.97216761	     -0.00667759	     80.00000000	     -7.00000000	      0.00000000	     80.00000000	      1.39626340	      0.00000000	      0.00000000	      0.00000000	     80.00000000	     -7.00000000	      0.00000000	     80.00000000	      1.39626340	      0.00000000	      0.00000000	      0.00000000	     -5.29685759	     -0.22512526	      4.06269237	     -2.56245619	     -6.34382331	     -6.61675427	    103.30747220	     57.69809820	     15.87244037	    -19.38055766	      1.94346563	     -1.46056365	      5.34721748	      2.77925290	      0.00000000	      4.49053167	      0.11376064
1760624797.92199993	      6.04606533	      0.05429878	      3.30059915	      0.09400806	      0.97651852	     -0.00488215	     80.00000000	     -7.00000000	      0.00000000	     80.00000000	      1.39626340	      0.00000000	      0.00000000	      0.00000000	     80.00000000	     -7.00000000	      0.00000000	     80.00000000	      1.39626340	      0.00000000	      0.00000000	      0.00000000	     -5.32814553	     -0.34467610	      4.04849859	     -2.27340071	     -6.41031415	     -6.77074911	     98.80738496	     54.08173890	     13.94022346	    -19.86270655	      1.96538127	     -1.58952386	      5.35588820	      2.75368966	      0.00000000	      4.52029945	      0.08032294
1760624797.95600009	      6.04133606	      0.04088878	      3.29788401	      0.09307879	      0.97733640	     -0.00296007	     80.00000000	     -7.00000000	      0.00000000	     80.00000000	      1.39626340	      0.00000000	      0.00000000	      0.00000000	     80.00000000	     -7.00000000	      0.00000000	     80.00000000	      1.39626340	      0.00000000	      0.00000000	      0.00000000	     -5.27536302	     -0.37787120	      3.95553301	     -1.96289085	     -6.88674857	     -6.48699951	     93.91822412	     50.23738080	     12.58677765	    -21.22609335	      2.04912172	     -1.60842663	      5.29409277	      2.71334961	      0.00000000	      4.69022168	      0.08516978
1760624797.98900008	      6.00551755	     -0.16398168	      3.33326813	      0.09186442	      0.98040924	      0.00174045	     80.00000000	     -7.00000000	      0.00000000	     80.00000000	      1.39626340	      0.00000000	      0.00000000	      0.00000000	     80.00000000	     -7.00000000	      0.00000000	     80.00000000	      1.39626340	      0.00000000	      0.00000000	      0.00000000	     -5.18725257	     -0.22465388	      3.87301173	     -1.74690133	     -7.48839459	     -6.04909259	     88.99730767	     45.81532049	     12.33435718	    -22.74752411	      2.12617280	     -1.68511372	      5.22095411	      2.72182534	      0.00000000	      4.76887311	      0.07105554
1760624798.02300000	      5.81959700	     -0.21025586	      3.35762865	      0.08740148	      0.98184210	      0.00326859	     80.00000000	     -7.00000000	      0.00000000	     80.00000000	      1.39626340	      0.00000000	      0.00000000	      0.00000000	     80.00000000	     -7.00000000	      0.00000000	     80.00000000	      1.39626340	      0.00000000	      0.00000000	      0.00000000	     -4.92849307	     -0.24633144	      3.81420541	     -1.13253014	     -8.14046352	     -5.08308092	     80.95440115	     38.59259658	     11.76503780	    -24.88211313	      2.16894597	     -1.74033125	      5.13727497	      2.73421818	      0.00000000	      4.78299949	      0.09259314
1760624798.05599999	      5.66438897	     -0.11446549	      3.35180287	      0.08270491	      0.98319682	      0.00134700	     80.00000000	     -7.00000000	      0.00000000	     80.00000000	      1.39626340	      0.00000000	      0.00000000	      0.00000000	     80.00000000	     -7.00000000	      0.00000000	     80.00000000	      1.39626340	      0.00000000	      0.00000000	      0.00000000	     -4.63264026	     -0.40152080	      3.85928425	     -0.67688010	     -8.44949710	     -4.27430642	     74.93541058	     32.86908225	     10.24743877	    -24.99999983	      2.08947412	     -1.76730702	      5.17526659	      2.72956360	      0.00000000	      4.76244778	      0.14705130
1760624798.08999991	      5.71549887	     -0.09972445	      3.35102232	      0.07950891	      0.98315628	      0.00074155	     80.00000000	     -7.00000000	      0.00000000	     80.00000000	      1.39626340	      0.00000000	      0.00000000	      0.00000000	     80.00000000	     -7.00000000	      0.00000000	     80.00000000	      1.39626340	      0.00000000	      0.00000000	      0.00000000	     -4.69925162	     -0.45064617	      3.93403927	     -0.13212040	     -9.04628992	     -3.39805247	     67.59565887	     27.10805524	      9.92129369	    -24.99999983	      2.17270240	     -1.78890102	      5.23643088	      2.74398416	      0.00000000	      4.79001533	      0.15184897
1760624798.12299991	      5.40794276	     -0.32638028	      3.40733685	      0.07334803	      0.98389347	      0.00401491	     80.00000000	     -7.00000000	      0.00000000	     80.00000000	      1.39626340	      0.00000000	      0.00000000	      0.00000000	     80.00000000	     -7.00000000	      0.00000000	     80.00000000	      1.39626340	      0.00000000	      0.00000000	      0.00000000	     -4.24338459	     -0.24128471	      3.76067007	      0.61552718	     -9.91745565	     -1.81542416	     56.67727936	     18.55693440	     10.01109190	    -24.99999983	      2.15007960	     -1.82666368	      5.09222944	      2.72891007	      0.00000000	      4.89532489	      0.16673606
1760624798.15700006	      5.20238286	     -0.46483480	      3.45570013	      0.06749446	      0.97975358	      0.00670788	     80.00000000	     -7.00000000	      0.00000000	     80.00000000	      1.39626340	      0.00000000	      0.00000000	      0.00000000	     80.00000000	     -7.00000000	      0.00000000	     80.00000000	      1.39626340	      0.00000000	      0.00000000	      0.00000000	     -3.92817035	      0.00674043	      3.50230717	      1.03598674	    -10.68350943	     -0.37516173	     46.77442479	     11.21356794	     11.55526430	    -23.79430074	      2.14362981	     -1.73792418	      4.85635332	      2.69495143	      0.00000000	      4.97410853	      0.23029191
1760624798.19000006	      5.10530538	     -0.57447559	      3.47721130	      0.06569651	      0.97697200	      0.00843340	     80.00000000	     -7.00000000	      0.00000000	     80.00000000	      1.39626340	      0.00000000	      0.00000000	      0.00000000	     80.00000000	     -7.00000000	      0.00000000	     80.00000000	      1.39626340	      0.00000000	      0.00000000	      0.00000000	     -3.79600156	      0.20207645	      3.39814290	      1.53669589	    -11.00437654	      0.76341140	     39.05045390	      4.71263543	     11.61271858	    -20.46516367	      2.13254861	     -1.65662023	      4.81857335	      2.63983927	      0.00000000	      4.98739240	      0.26415553
1760624798.22300005	      4.75295951	     -0.57632783	      3.46847913	      0.05905641	      0.97262083	      0.00865991	     80.00000000	     -7.00000000	      0.00000000	     80.00000000	      1.39626340	      0.00000000	      0.00000000	      0.00000000	     80.00000000	     -7.00000000	      0.00000000	     80.00000000	      1.39626340	      0.00000000	      0.00000000	      0.00000000	     -3.34075683	      0.28077892	      3.27419119	      1.65348135	    -10.78783310	      1.91783981	     29.53081886	      0.00000000	     12.16662703	    -16.22659403	      2.08100279	     -1.61509872	      4.70405413	      2.61059345	      0.00000000	      5.04848806	      0.30146424
1760624798.25699997	      4.49363136	     -0.53920129	      3.44870776	      0.05314464	      0.96468433	      0.00848367	     80.00000000	     -7.00000000	      0.00000000	     80.00000000	      1.39626340	      0.00000000	      0.00000000	      0.00000000	     80.00000000	     -7.00000000	      0.00000000	     80.00000000	      1.39626340	      0.00000000	      0.00000000	      0.00000000	     -2.99156856	      0.38874872	      3.22768120	      1.42352983	    -10.38444105	      2.57653430	     22.23823228	      0.00000000	     13.66929256	    -13.70714056	      2.00506071	     -1.51898368	      4.59781666	      2.57361515	      0.00000000	      5.05430843	      0.30655070
1760624798.28999996	      4.69166536	     -0.49226244	      3.43825953	      0.05495995	      0.96124874	      0.00788465	     80.00000000	     -7.00000000	      0.00000000	     80.00000000	      1.39626340	      0.00000000	      0.00000000	      0.00000000	     80.00000000	     -7.00000000	      0.00000000	     80.00000000	      1.39626340	      0.00000000	      0.00000000	      0.00000000	     -3.31537564	      0.45213356	      3.31339614	      1.97012557	     -9.81156004	      3.50220340	     17.85653005	      0.00000000	     12.81140039	    -11.92421872	      2.01492001	     -1.45648984	      4.65017609	      2.55905419	      0.00000000	      4.99803782	      0.27627828
1760624798.32399988	      4.81249438	     -0.36725899	      3.41126051	      0.05642091	      0.95821683	      0.00682408	     80.00000000	     -7.00000000	      0.00000000	     80.00000000	      1.39626340	      0.00000000	      0.00000000	      0.00000000	     80.00000000	     -7.00000000	      0.00000000	     80.00000000	      1.39626340	      0.00000000	      0.00000000	      0.00000000	     -3.51135704	      0.39428218	      3.37914063	      2.48569597	     -8.94829992	      4.51578248	     13.72923929	      0.00000000	      9.99790866	     -9.28487960	      1.90700787	     -1.43734853	      4.73506355	      2.49132612	      0.00000000	      4.83602749	      0.18948565
1760624798.35700011	      4.81570408	     -0.31354305	      3.36909583	      0.05499614	      0.95447725	      0.00719474	     80.00000000	     -7.00000000	      0.00000000	     80.00000000	      1.39626340	      0.00000000	      0.00000000	      0.00000000	     80.00000000	     -7.00000000	      0.00000000	     80.00000000	      1.39626340	      0.00000000	      0.00000000	      0.00000000	     -3.53621701	      0.46131101	      3.47519342	      2.62516023	     -8.24942394	      5.05738982	     10.61905515	      0.00000000	      8.20574966	     -7.11994793	      1.78051153	     -1.36785464	      4.83853860	      2.43648004	      0.00000000	      4.65202442	      0.10466958
1760624798.39100003	      4.81731865	     -0.30730527	      3.35835544	      0.05495342	      0.95298936	      0.00771159	     80.00000000	     -7.00000000	      0.00000000	     80.00000000	      1.39626340	      0.00000000	      0.00000000	      0.00000000	     80.00000000	     -7.00000000	      0.00000000	     80.00000000	      1.39626340	      0.00000000	      0.00000000	      0.00000000	     -3.56999412	      0.51969576	      3.52786308	      2.59778829	     -7.35481246	      5.31912077	      8.28487412	      0.00000000	      6.66838762	     -5.58529052	      1.72665113	     -1.35097832	      4.90456523	      2.43689854	      0.00000000	      4.56534424	      0.04995550
1760624798.42400002	      4.99987891	     -0.32868063	      3.32105070	      0.05728734	      0.95304042	      0.00876969	     80.00000000	     -7.00000000	      0.00000000	     80.00000000	      1.39626340	      0.00000000	      0.00000000	      0.00000000	     80.00000000	     -7.00000000	      0.00000000	     80.00000000	      1.39626340	      0.00000000	      0.00000000	      0.00000000	     -3.82430829	      0.56250235	      3.65232717	      2.05808816	     -6.36241687	      4.11155748	      7.82947288	      0.00000000	      4.08530076	     -4.36519764	      1.68365419	     -1.39350084	      4.97337507	      2.49491633	      0.00000000	      4.49931596	      0.05513949
1760624798.45799994	      5.09038011	     -0.34384020	      3.29765514	      0.05881979	      0.95329228	      0.00969125	     80.00000000	     -7.00000000	      0.00000000	     80.00000000	      1.39626340	      0.00000000	      0.00000000	      0.00000000	     80.00000000	     -7.00000000	      0.00000000	     80.00000000	      1.39626340	      0.00000000	      0.00000000	      0.00000000	     -4.01811017	      0.57367420	      3.63126284	      1.50127585	     -5.72980031	      2.67447384	      8.21788608	      0.00000000	      2.57172797	     -3.80332871	      1.72736370	     -1.44490796	      4.99465021	      2.52334007	      0.00000000	      4.49787477	      0.05960170
1760624798.49099994	      5.14235943	     -0.31159637	      3.26670045	      0.05771594	      0.95356479	      0.00932929	     80.00000000	     -7.00000000	      0.00000000	     80.00000000	      1.39626340	      0.00000000	      0.00000000	      0.00000000	     80.00000000	     -7.00000000	      0.00000000	     80.00000000	      1.39626340	      0.00000000	      0.00000000	      0.00000000	     -4.12170899	      0.51904722	      3.52970747	      0.94698998	     -5.15503921	      1.11057082	      8.94937703	      0.00000000	      1.36530618	     -3.38277663	      1.69968224	     -1.51777035	      4.99640474	      2.51490992	      0.00000000	      4.48241239	      0.06296464
1760624798.52399993	      5.10526175	     -0.21973942	      3.19190640	      0.05653966	      0.95353433	      0.00752641	     80.00000000	     -7.00000000	      0.00000000	     80.00000000	      1.39626340	      0.00000000	      0.00000000	      0.00000000	     80.00000000	     -7.00000000	      0.00000000	     80.00000000	      1.39626340	      0.00000000	      0.00000000	      0.00000000	     -4.13143759	      0.37500504	      3.33352164	      0.27509110	     -4.58464509	     -0.57774560	      9.93972362	      0.00000000	      0.60393440	     -3.03449258	      1.58700254	     -1.65009234	      5.09063881	      2.45248602	      0.00000000	      4.42844235	      0.04055795
1760624798.55800009	      5.17778097	     -0.12750237	      3.11325041	      0.05746973	      0.95494608	      0.00585362	     80.00000000	     -7.00000000	      0.00000000	     80.00000000	      1.39626340	      0.00000000	      0.00000000	      0.00000000	     80.00000000	     -7.00000000	      0.00000000	     80.00000000	      1.39626340	      0.00000000	      0.00000000	      0.00000000	     -4.46074093	      0.26527916	      3.21121190	      0.21635407	     -4.34483781	     -1.29935325	     10.80575395	      0.00000000	      0.36213326	     -2.99615107	      1.73883243	     -1.72553272	      5.28135851	      2.39035584	      0.00000000	      4.42757314	      0.00263313
1760624798.59100008	      5.15658029	     -0.05629118	      3.02947298	      0.05925287	      0.95539389	      0.00439071	     80.00000000	     -7.00000000	      0.00000000	     80.00000000	      1.39626340	      0.00000000	      0.00000000	      0.00000000	     80.00000000	     -7.00000000	      0.00000000	     80.00000000	      1.39626340	      0.00000000	      0.00000000	      0.00000000	     -4.53021872	      0.19930286	      3.09411891	      0.15210084	     -4.35322079	     -1.67850954	     11.11399018	      0.00000000	      0.35829849	     -2.78077857	      1.80741214	     -1.79382708	      5.41925608	      2.32177803	      0.00000000	      4.48979016	      0.01501714
1760624798.62500000	      5.12027844	      0.00730369	      2.94470474	      0.06027093	      0.95533223	      0.00284933	     80.00000000	     -7.00000000	      0.00000000	     80.00000000	      1.39626340	      0.00000000	      0.00000000	      0.00000000	     80.00000000	     -7.00000000	      0.00000000	     80.00000000	      1.39626340	      0.00000000	      0.00000000	      0.00000000	     -4.58460287	      0.22124092	      3.08728558	      0.23915715	     -4.72973907	     -2.24505663	     11.22928488	      0.51664677	      0.40916376	     -2.48842949	      1.95228891	     -1.79464516	      5.62557557	      2.25162966	      0.00000000	      4.49339773	      0.00193538
1760624798.65799999	      5.06552875	      0.03811281	      2.87770477	      0.06017885	      0.95516021	      0.00225044	     80.00000000	     -7.00000000	      0.00000000	     80.00000000	      1.39626340	      0.00000000	      0.00000000	      0.00000000	     80.00000000	     -7.00000000	      0.00000000	     80.00000000	      1.39626340	      0.00000000	      0.00000000	      0.00000000	     -4.52692245	      0.21888157	      3.20592732	      0.23853876	     -5.04790928	     -2.67291486	     11.28400893	      0.68142670	      0.75908108	     -2.41325599	      2.02786804	     -1.81802448	      5.79933674	      2.25105843	      0.00000000	      4.49624493	      0.02721335
1760624798.69199991	      5.01242700	      0.10654742	      2.82971677	      0.05902456	      0.95513916	      0.00100691	     80.00000000	     -7.00000000	      0.00000000	     80.00000000	      1.39626340	      0.00000000	      0.00000000	      0.00000000	     80.00000000	     -7.00000000	      0.00000000	     80.00000000	      1.39626340	      0.00000000	      0.00000000	      0.00000000	     -4.59415107	      0.18424370	      3.33430794	      0.39423697	     -5.42881335	     -2.74857225	     11.22189986	      0.88117570	      1.40445007	     -2.36547221	      2.29837945	     -1.82991148	      5.90131196	      2.26238616	      0.02100063	      4.52009389	      0.06654051
1760624798.72499990	      4.96825137	      0.13413531	      2.85547563	      0.05837204	      0.95516843	      0.00063510	     80.00000000	     -7.00000000	      0.00000000	     80.00000000	      1.39626340	      0.00000000	      0.00000000	      0.00000000	     80.00000000	     -7.00000000	      0.00000000	     80.00000000	      1.39626340	      0.00000000	      0.00000000	      0.00000000	     -4.57321455	      0.17938577	      3.37849172	      0.46229710	     -5.65754985	     -2.49186851	     11.08019890	      0.96589744	      1.84649114	     -2.40335157	      2.41648140	     -1.82610856	      5.96570826	      2.28070318	      0.00000000	      4.51427142	      0.06300998
1760624798.75900006	      4.89550868	      0.16169152	      2.88609820	      0.05656499	      0.95476426	      0.00025008	     80.00000000	     -7.00000000	      0.00000000	     80.00000000	      1.39626340	      0.00000000	      0.00000000	      0.00000000	     80.00000000	     -7.00000000	      0.00000000	     80.00000000	      1.39626340	      0.00000000	      0.00000000	      0.00000000	     -4.54341572	      0.14960684	      3.44292820	      0.61036500	     -5.84169423	     -2.20243372	     10.86617589	      0.91681132	      2.21334553	     -2.32788937	      2.52645121	     -1.83233792	      5.95371795	      2.26694958	      0.06193737	      4.50465142	      0.06531080
1760624798.79200006	      4.76688670	      0.16702703	      2.93893561	      0.05423077	      0.95337943	      0.00035290	     80.00000000	     -7.00000000	      0.00000000	     80.00000000	      1.39626340	      0.00000000	      0.00000000	      0.00000000	     80.00000000	     -7.00000000	      0.00000000	     80.00000000	      1.39626340	      0.00000000	      0.00000000	      0.00000000	     -4.40366846	      0.13968254	      3.46985718	      0.85707891	     -6.00689652	     -1.51917791	     10.21959552	      0.50433927	      2.65401466	     -2.23984053	      2.55061115	     -1.81061985	      5.81529093	      2.22885145	      0.15540540	      4.45516415	      0.04433104
1760624798.82500005	      4.73081556	      0.17088562	      2.97926496	      0.05476828	      0.95320471	      0.00079183	     80.00000000	     -7.00000000	      0.00000000	     80.00000000	      1.39626340	      0.00000000	      0.00000000	      0.00000000	     80.00000000	     -7.00000000	      0.00000000	     80.00000000	      1.39626340	      0.00000000	      0.00000000	      0.00000000	     -4.42897516	      0.10233046	      3.47141469	      1.13348883	     -6.11813530	     -1.05515847	      9.89332295	      0.29191714	      2.89694465	     -2.16604800	      2.60962438	     -1.80644541	      5.71677648	      2.20763214	      0.18371860	      4.43380394	     -0.00078444
1760624798.85899997	      4.62946872	      0.18361905	      3.00777265	      0.05498157	      0.95272406	      0.00111595	     80.00000000	     -7.00000000	      0.00000000	     80.00000000	      1.39626340	      0.00000000	      0.00000000	      0.00000000	     80.00000000	     -7.00000000	      0.00000000	     80.00000000	      1.39626340	      0.00000000	      0.00000000	      0.00000000	     -4.35202171	      0.05135122	      3.48509244	      1.34978926	     -6.11679506	     -0.44375231	      9.41341482	      0.00000000	      3.26220391	     -2.06233295	      2.60785824	     -1.78160025	      5.61247069	      2.18556755	      0.21063550	      4.40690289	     -0.01823141
1760624798.89199996	      4.55099396	      0.18510426	      3.02392912	      0.05488155	      0.95224639	      0.00149464	     80.00000000	     -7.00000000	      0.00000000	     80.00000000	      1.39626340	      0.00000000	      0.00000000	      0.00000000	     80.00000000	     -7.00000000	      0.00000000	     80.00000000	      1.39626340	      0.00000000	      0.00000000	      0.00000000	     -4.24440715	      0.02600372	      3.52787779	      1.55555263	     -6.09559439	      0.12426821	      8.79416959	      0.00000000	      3.73114304	     -2.03732619	      2.55286477	     -1.69982483	      5.42602621	      2.15275916	      0.26981503	      4.38866545	     -0.03408887
1760624798.92600012	      4.56062392	      0.19935389	      3.02765705	      0.05503925	      0.95179544	      0.00185404	     80.00000000	     -7.00000000	      0.00000000	     80.00000000	      1.39626340	      0.00000000	      0.00000000	      0.00000000	     80.00000000	     -7.00000000	      0.00000000	     80.00000000	      1.39626340	      0.00000000	      0.00000000	      0.00000000	     -4.26922501	      0.02445672	      3.60564187	      1.76615727	     -6.13350727	      0.36995676	      8.54804964	      0.00000000	      3.88055424	     -2.01650357	      2.56001993	     -1.60828550	      5.32489693	      2.14506038	      0.30473402	      4.37052450	     -0.08441172
1760624798.95900011	      4.52545035	      0.20361806	      3.03830984	      0.05427468	      0.95150715	      0.00208557	     80.00000000	     -7.00000000	      0.00000000	     80.00000000	      1.39626340	      0.00000000	      0.00000000	      0.00000000	     80.00000000	     -7.00000000	      0.00000000	     80.00000000	      1.39626340	      0.00000000	      0.00000000	      0.00000000	     -4.22242391	      0.05274455	      3.64497399	      1.89122870	     -6.16484925	      0.76189185	      8.28822722	      0.00000000	      4.12729929	     -2.09112378	      2.52806587	     -1.50456455	      5.23938698	      2.15380007	      0.33642672	      4.36085930	     -0.08005014
1760624798.99300003	      4.50189378	      0.21953053	      3.03171360	      0.05295234	      0.95128933	      0.00222466	     80.00000000	     -7.00000000	      0.00000000	     80.00000000	      1.39626340	      0.00000000	      0.00000000	      0.00000000	     80.00000000	     -7.00000000	      0.00000000	     80.00000000	      1.39626340	      0.00000000	      0.00000000	      0.00000000	     -4.16294257	      0.09235695	      3.63738065	      1.93165946	     -6.22062965	      1.49515172	      8.26024333	      0.00000000	      4.44906167	     -2.49128106	      2.48702270	     -1.39441317	      5.08385704	      2.18519490	      0.41969207	      4.37015565	     -0.07255235
1760624799.02600002	      4.43009596	      0.22383928	      3.02470808	      0.05156180	      0.95097676	      0.00213566	     80.00000000	     -7.00000000	      0.00000000	     80.00000000	      1.39626340	      0.00000000	      0.00000000	      0.00000000	     80.00000000	     -7.00000000	      0.00000000	     80.00000000	      1.39626340	      0.00000000	      0.00000000	      0.00000000	     -3.99627679	      0.11390183	      3.58559516	      1.84168599	     -6.30396335	      1.77870759	      8.45222141	      0.00000000	      5.11699708	     -2.82285374	      2.44099840	     -1.36048208	      4.88461459	      2.18330125	      0.52390536	      4.39220472	     -0.06835532
1760624799.09299994	      4.28841172	      0.25460114	      2.97431243	      0.04865387	      0.95054137	      0.00200778	     80.00000000	     -7.00000000	      0.00000000	     80.00000000	      1.39626340	      0.00000000	      0.00000000	      0.00000000	     80.00000000	     -7.00000000	      0.00000000	     80.00000000	      1.39626340	      0.00000000	      0.00000000	      0.00000000	     -3.74839203	      0.04899908	      3.40806565	      2.25197119	     -6.73189600	      2.74658088	      9.30556035	      0.00000000	      7.65524594	     -4.30941119	      2.57233621	     -1.42510990	      4.52279745	      2.14581764	      0.74249155	      4.43415238	     -0.12000208
1760624799.12700009	      4.24422736	      0.26897162	      2.91947363	      0.04719278	      0.95031117	      0.00153089	     80.00000000	     -7.00000000	      0.00000000	     80.00000000	      1.39626340	      0.00000000	      0.00000000	      0.00000000	     80.00000000	     -7.00000000	      0.00000000	     80.00000000	      1.39626340	      0.00000000	      0.00000000	      0.00000000	     -3.63374499	      0.04776056	      3.32142473	      2.49979659	     -7.00468140	      3.39788811	      9.98362335	      0.00000000	      9.13181720	     -5.73175771	      2.63054175	     -1.44379460	      4.45943198	      2.13497894	      0.80497566	      4.46373521	     -0.10460546
1760624799.16000009	      4.19103182	      0.28172799	      2.85084634	      0.04530048	      0.94965011	      0.00163838	     80.00000000	     -7.00000000	      0.00000000	     80.00000000	      1.39626340	      0.00000000	      0.00000000	      0.00000000	     80.00000000	     -7.00000000	      0.00000000	     80.00000000	      1.39626340	      0.00000000	      0.00000000	      0.00000000	     -3.50450483	      0.04628661	      3.26113564	      2.65723288	     -7.39882761	      3.80252056	     11.07808492	      0.00000000	     11.33119723	     -7.31133018	      2.70654511	     -1.44738083	      4.45292694	      2.13526039	      0.78780465	      4.49855719	     -0.11316602
1760624799.19300008	      4.07886794	      0.27820214	      2.78687297	      0.04172124	      0.94809952	      0.00206305	     80.00000000	     -7.00000000	      0.00000000	     80.00000000	      1.39626340	      0.00000000	      0.00000000	      0.00000000	     80.00000000	     -7.00000000	      0.00000000	     80.00000000	      1.39626340	      0.00000000	      0.00000000	      0.00000000	     -3.27611792	      0.06589768	      3.19637603	      2.56474313	     -8.04140004	      3.59851829	     13.76127408	      0.00000000	     15.02327912	     -9.52027282	      2.84994776	     -1.43088386	      4.42576983	      2.10782962	      0.79507261	      4.52788125	     -0.11168845
1760624799.22700000	      4.03072152	      0.27576436	      2.74426969	      0.03704376	      0.94697386	      0.00239638	     80.00000000	     -7.00000000	      0.00000000	     80.00000000	      1.39626340	      0.00000000	      0.00000000	      0.00000000	     80.00000000	     -7.00000000	      0.00000000	     80.00000000	      1.39626340	      0.00000000	      0.00000000	      0.00000000	     -3.15967266	      0.11473539	      3.14125512	      2.43441981	     -8.66031510	      3.25804802	     16.43951335	      0.00000000	     18.27109119	    -11.04368150	      2.95149966	     -1.37938565	      4.44083161	      2.12720180	      0.73444967	      4.57415509	     -0.10001816
1760624799.25999999	      4.02763697	      0.27244098	      2.70509193	      0.03139182	      0.94581986	      0.00248223	     80.00000000	     -7.00000000	      0.00000000	     80.00000000	      1.39626340	      0.00000000	      0.00000000	      0.00000000	     80.00000000	     -7.00000000	      0.00000000	     80.00000000	      1.39626340	      0.00000000	      0.00000000	      0.00000000	     -3.08473765	      0.20014136	      3.06053760	      2.28428179	     -9.31596271	      2.78864706	     19.63627151	      1.82573585	     21.36827423	    -13.18023567	      3.03046100	     -1.29087029	      4.47036601	      2.13898446	      0.65099415	      4.62278266	     -0.11226866
1760624799.29399991	      3.92074042	      0.24396058	      2.68152409	      0.02552121	      0.94380924	      0.00365457	     80.00000000	     -7.00000000	      0.00000000	     80.00000000	      1.39626340	      0.00000000	      0.00000000	      0.00000000	     80.00000000	     -7.00000000	      0.00000000	     80.00000000	      1.39626340	      0.00000000	      0.00000000	      0.00000000	     -2.88462379	      0.35238780	      2.96061179	      2.02838557	    -10.16546645	      1.82829179	     25.32382835	      6.81294233	     24.49882953	    -16.98662251	      3.12502952	     -1.16202170	      4.54058523	      2.14172061	      0.52437511	      4.68258748	     -0.13019526
1760624799.32699990	      3.76133155	      0.19536557	      2.68610310	      0.02251082	      0.94301064	      0.00441615	     80.00000000	     -7.00000000	      0.00000000	     80.00000000	      1.39626340	      0.00000000	      0.00000000	      0.00000000	     80.00000000	     -7.00000000	      0.00000000	     80.00000000	      1.39626340	      0.00000000	      0.00000000	      0.00000000	     -2.61032898	      0.44875036	      2.88660253	      1.78400468	    -10.77127080	      1.28793209	     30.36807176	     10.97076720	     26.60305342	    -19.98854423	      3.14132577	     -1.11094458	      4.52598676	      2.13671030	      0.47017709	      4.74126494	     -0.11878141
1760624799.36100006	      3.61061816	      0.09617727	      2.69820135	      0.02246301	      0.94314879	      0.00566031	     80.00000000	     -7.00000000	      0.00000000	     80.00000000	      1.39626340	      0.00000000	      0.00000000	      0.00000000	     80.00000000	     -7.00000000	      0.00000000	     80.00000000	      1.39626340	      0.00000000	      0.00000000	      0.00000000	     -2.39113308	      0.61408660	      2.81831431	      1.61480398	    -11.40276341	      0.82703354	     36.30649127	     15.82901734	     27.82462863	    -23.15766206	      3.21981008	     -1.04700549	      4.56284698	      2.15125183	      0.31058839	      4.86627176	     -0.07271733
1760624799.39400005	      3.53482163	     -0.04330061	      2.72524650	      0.02374713	      0.94198461	      0.00823046	     80.00000000	     -7.00000000	      0.00000000	     80.00000000	      1.39626340	      0.00000000	      0.00000000	      0.00000000	     80.00000000	     -7.00000000	      0.00000000	     80.00000000	      1.39626340	      0.00000000	      0.00000000	      0.00000000	     -2.29925188	      0.88732516	      2.81302698	      1.61380800	    -12.49501603	      0.55567063	     44.97339668	     22.30315335	     27.99030162	    -24.99999983	      3.35536274	     -0.95055168	      4.60092829	      2.20406516	      0.00062259	      5.02859614	      0.02699581
1760624799.42799997	      3.76518227	     -0.15604942	      2.73406253	      0.03008453	      0.94402440	      0.01113883	     80.00000000	     -7.00000000	      0.00000000	     80.00000000	      1.39626340	      0.00000000	      0.00000000	      0.00000000	     80.00000000	     -7.00000000	      0.00000000	     80.00000000	      1.39626340	      0.00000000	      0.00000000	      0.00000000	     -2.63011971	      1.04143135	      3.01090333	      1.90614797	    -13.11884586	      0.16424453	     54.20080911	     27.41656782	     25.63941109	    -24.99999983	      3.50812504	     -0.94772266	      4.60325414	      2.22069987	      0.00000000	      5.05889915	      0.08671872
1760624799.46099997	      4.43189269	     -0.34203314	      2.80680745	      0.04579525	      0.94900255	      0.01532368	     80.00000000	     -7.00000000	      0.00000000	     80.00000000	      1.39626340	      0.00000000	      0.00000000	      0.00000000	     80.00000000	     -7.00000000	      0.00000000	     80.00000000	      1.39626340	      0.00000000	      0.00000000	      0.00000000	     -3.62712437	      1.26865843	      3.42631785	      2.69865052	    -13.54324086	     -0.87900573	     65.29582593	     33.58537294	     21.09840257	    -24.99999983	      3.74781657	     -0.98429795	      4.82371179	      2.29999455	      0.00000000	      5.04195183	      0.09517001
1760624799.49499989	      4.93890746	     -0.17504819	      2.81826400	      0.05616926	      0.94997868	      0.01220682	     80.00000000	     -7.00000000	      0.00000000	     80.00000000	      1.39626340	      0.00000000	      0.00000000	      0.00000000	     80.00000000	     -7.00000000	      0.00000000	     80.00000000	      1.39626340	      0.00000000	      0.00000000	      0.00000000	     -4.44765572	      1.10462103	      3.84944606	      3.49894655	    -13.79773520	     -1.91139660	     75.79285001	     41.41601782	     18.96718179	    -24.99999983	      3.93104959	     -1.08099534	      5.01102792	      2.31490150	      0.00000000	      5.06085948	      0.12637797
1760624799.52800012	      5.42309080	     -0.03787701	      2.82244917	      0.07161137	      0.95460860	      0.00997605	     80.00000000	     -7.00000000	      0.00000000	     80.00000000	      1.39626340	      0.00000000	      0.00000000	      0.00000000	     80.00000000	     -7.00000000	      0.00000000	     80.00000000	      1.39626340	      0.00000000	      0.00000000	      0.00000000	     -5.20077264	      0.93209558	      4.12907715	      4.07066842	    -14.18018134	     -2.74795803	     82.65862115	     46.21375636	     18.97858589	    -24.99999983	      4.06960609	     -1.22134820	      5.15199856	      2.33157907	      0.00000000	      5.18595919	      0.15298743
1760624799.56100011	      5.52990443	      0.03962163	      2.83262390	      0.07804480	      0.95818386	      0.00800208	     80.00000000	     -7.00000000	      0.00000000	     80.00000000	      1.39626340	      0.00000000	      0.00000000	      0.00000000	     80.00000000	     -7.00000000	      0.00000000	     80.00000000	      1.39626340	      0.00000000	      0.00000000	      0.00000000	     -5.44916120	      0.80396710	      4.32496715	      4.52362581	    -14.42400066	     -3.56653435	     88.46882820	     50.26641625	     20.34767695	    -24.99999983	      4.03364005	     -1.35464631	      5.19918561	      2.29926773	      0.00000000	      5.14306724	      0.11224901
1760624799.59500003	      5.55769341	     -0.05442913	      2.87667279	      0.08241982	      0.95933535	      0.01008956	     80.00000000	     -7.00000000	      0.00000000	     80.00000000	      1.39626340	      0.00000000	      0.00000000	      0.00000000	     80.00000000	     -7.00000000	      0.00000000	     80.00000000	      1.39626340	      0.00000000	      0.00000000	      0.00000000	     -5.59621898	      0.92951299	      4.45583430	      4.99185427	    -14.89471939	     -4.01693980	     94.41682942	     54.53011093	     22.75052369	    -24.99999983	      3.92132618	     -1.46768520	      5.10060449	      2.21864027	      0.10144363	      5.07394663	     -0.03622089
1760624799.62800002	      5.72037459	      0.16278440	      2.85471452	      0.08728593	      0.96253363	      0.00541725	     80.00000000	     -7.00000000	      0.00000000	     80.00000000	      1.39626340	      0.00000000	      0.00000000	      0.00000000	     80.00000000	     -7.00000000	      0.00000000	     80.00000000	      1.39626340	      0.00000000	      0.00000000	      0.00000000	     -5.87062381	      0.57715443	      4.62696769	      5.45181235	    -14.58758120	     -3.77944841	     98.87860297	     58.06562372	     23.78267764	    -24.99999983	      3.78804562	     -1.59538525	      4.99721278	      2.21969900	      0.25088159	      5.05373463	     -0.00020445
1760624799.66199994	      6.00273457	      0.18168130	      2.85985644	      0.09494526	      0.96304505	      0.00518625	     80.00000000	     -7.00000000	      0.00000000	     80.00000000	      1.39626340	      0.00000000	      0.00000000	      0.00000000	     80.00000000	     -7.00000000	      0.00000000	     80.00000000	      1.39626340	      0.00000000	      0.00000000	      0.00000000	     -6.30951272	      0.54727428	      4.73472480	      5.92147543	    -14.36630583	     -3.20023345	    103.11412033	     61.67268307	     25.05377110	    -24.99999983	      3.62537730	     -1.65807710	      4.85479497	      2.22272719	      0.36250129	      4.96847970	     -0.13814539
1760624799.69499993	      6.13538381	      0.23117894	      2.85687707	      0.10088831	      0.96387299	      0.00352740	     80.00000000	     -7.00000000	      0.00000000	     80.00000000	      1.39626340	      0.00000000	      0.00000000	      0.00000000	     80.00000000	     -7.00000000	      0.00000000	     80.00000000	      1.39626340	      0.00000000	      0.00000000	      0.00000000	     -6.55076549	      0.45634251	      4.82830904	      5.98246840	    -13.91563026	     -2.99445067	    106.22489756	     64.16393767	     25.91462192	    -24.99999983	      3.46646394	     -1.66691317	      4.96806132	      2.23620968	      0.26149021	      4.86933145	     -0.25398298
1760624799.72900009	      6.16437247	      0.23577652	      2.87221768	      0.10372591	      0.96466594	      0.00336904	     80.00000000	     -7.00000000	      0.00000000	     80.00000000	      1.39626340	      0.00000000	      0.00000000	      0.00000000	     80.00000000	     -7.00000000	      0.00000000	     80.00000000	      1.39626340	      0.00000000	      0.00000000	      0.00000000	     -6.64251686	      0.40194101	      4.92123752	      5.79632520	    -13.35427699	     -3.04486064	    108.87520685	     66.20646280	     27.09218269	    -24.99999983	      3.24254407	     -1.67063110	      5.08033799	      2.26639397	      0.20402788	      4.68747901	     -0.24213149
1760624799.76200008	      6.13420229	      0.15842556	      2.88646663	      0.10279803	      0.96455781	      0.00415014	     80.00000000	     -7.00000000	      0.00000000	     80.00000000	      1.39626340	      0.00000000	      0.00000000	      0.00000000	     80.00000000	     -7.00000000	      0.00000000	     80.00000000	      1.39626340	      0.00000000	      0.00000000	      0.00000000	     -6.63596385	      0.47632249	      4.97432860	      5.09797964	    -12.60302005	     -3.32861908	    112.26824175	     68.40604972	     28.92268199	    -24.99999983	      3.00124685	     -1.61089712	      5.10396545	      2.30912478	      0.21006530	      4.48873320	     -0.26553860
1760624799.79500008	      6.10462604	      0.19204915	      2.89371976	      0.10313208	      0.96557032	      0.00241970	     80.00000000	     -7.00000000	      0.00000000	     80.00000000	      1.39626340	      0.00000000	      0.00000000	      0.00000000	     80.00000000	     -7.00000000	      0.00000000	     80.00000000	      1.39626340	      0.00000000	      0.00000000	      0.00000000	     -6.67215895	      0.37975236	      4.99820955	      4.50111958	    -11.85969187	     -3.43712467	    114.90526832	     70.31699645	     30.14320811	    -24.76117531	      2.90560101	     -1.58234737	      5.19333036	      2.35924296	      0.16710923	      4.42942304	     -0.27467114
1760624799.82900000	      6.12421854	      0.18857625	      2.87746244	      0.10425126	      0.96341978	      0.00272288	     80.00000000	     -7.00000000	      0.00000000	     80.00000000	      1.39626340	      0.00000000	      0.00000000	      0.00000000	     80.00000000	     -7.00000000	      0.00000000	     80.00000000	      1.39626340	      0.00000000	      0.00000000	      0.00000000	     -6.69702871	      0.43666437	      4.99189715	      3.94738071	    -11.30254010	     -3.59569433	    116.40348262	     72.06034467	     31.54362715	    -24.77162300	      2.80368323	     -1.47273187	      5.21146283	      2.38209721	      0.20386537	      4.41190593	     -0.23228167
1760624799.86299992	      6.17275318	      0.31592368	      2.86677866	      0.10621438	      0.95925848	      0.00018236	     80.00000000	     -7.00000000	      0.00000000	     80.00000000	      1.39626340	      0.00000000	      0.00000000	      0.00000000	     80.00000000	     -7.00000000	      0.00000000	     80.00000000	      1.39626340	      0.00000000	      0.00000000	      0.00000000	     -6.77470743	      0.38246574	      4.91050520	      3.47662859	    -10.79559117	     -3.80158849	    117.38967162	     74.02900231	     33.46108094	    -24.99999983	      2.72347147	     -1.33524571	      5.27907537	      2.39245330	      0.26493409	      4.44823490	     -0.23704556
1760624799.89599991	      6.12946700	      0.35050570	      2.84826353	      0.10654810	      0.95802489	     -0.00085542	     80.00000000	     -7.00000000	      0.00000000	     80.00000000	      1.39626340	      0.00000000	      0.00000000	      0.00000000	     80.00000000	     -7.00000000	      0.00000000	     80.00000000	      1.39626340	      0.00000000	      0.00000000	      0.00000000	     -6.72080480	      0.36631640	      4.85404514	      3.19508765	    -10.54578996	     -3.97322077	    118.13081006	     75.47755797	     34.52126817	    -24.99999983	      2.68797786	     -1.29348692	      5.33933908	      2.36469108	      0.29298306	      4.43439477	     -0.24654528
1760624799.92899990	      6.09683316	      0.42353537	      2.82408506	      0.10667803	      0.95661026	     -0.00266087	     80.00000000	     -7.00000000	      0.00000000	     80.00000000	      1.39626340	      0.00000000	      0.00000000	      0.00000000	     80.00000000	     -7.00000000	      0.00000000	     80.00000000	      1.39626340	      0.00000000	      0.00000000	      0.00000000	     -6.63753692	      0.28513440	      4.76997174	      3.14150768	    -10.39081285	     -4.23495170	    118.24475837	     76.35448454	     35.71468823	    -24.99861642	      2.66170344	     -1.30038387	      5.37766135	      2.33804440	      0.30241155	      4.44769884	     -0.22130330
1760624799.96300006	      6.05966529	      0.39510361	      2.81223618	      0.10603262	      0.95740625	     -0.00242008	     80.00000000	     -7.00000000	      0.00000000	     80.00000000	      1.39626340	      0.00000000	      0.00000000	      0.00000000	     80.00000000	     -7.00000000	      0.00000000	     80.00000000	      1.39626340	      0.00000000	      0.00000000	      0.00000000	     -6.46993188	      0.29943314	      4.64972304	      3.23035243	    -10.37428100	     -4.77003777	    118.06373425	     76.34378275	     36.27189523	    -24.67836745	      2.56654888	     -1.37844282	      5.35330662	      2.32791087	      0.45657757	      4.43974683	     -0.16383939
1760624799.99600005	      5.95033811	      0.36670009	      2.81405122	      0.10412539	      0.95970378	     -0.00239020	     80.00000000	     -7.00000000	      0.00000000	     80.00000000	      1.39626340	      0.00000000	      0.00000000	      0.00000000	     80.00000000	     -7.00000000	      0.00000000	     80.00000000	      1.39626340	      0.00000000	      0.00000000	      0.00000000	     -6.23274863	      0.26411957	      4.55891685	      3.17920261	    -10.36600416	     -5.04603935	    117.97063670	     76.04076338	     34.92400537	    -24.19913100	      2.48048250	     -1.47326849	      5.42440731	      2.30471360	      0.47358539	      4.33430882	     -0.19633066
1760624800.02999997	      5.92371696	      0.30969079	      2.81222155	      0.10344833	      0.96033730	     -0.00180334	     80.00000000	     -7.00000000	      0.00000000	     80.00000000	      1.39626340	      0.00000000	      0.00000000	      0.00000000	     80.00000000	     -7.00000000	      0.00000000	     80.00000000	      1.39626340	      0.00000000	      0.00000000	      0.00000000	     -6.09976497	      0.30686276	      4.49448353	      3.10324748	    -10.36778228	     -5.24234779	    117.38387281	     75.58783543	     33.29744950	    -23.81970416	      2.49088188	     -1.52209463	      5.50470620	      2.28256350	      0.45227839	      4.34157486	     -0.21470417
1760624800.06299996	      5.85697106	      0.30410819	      2.79519997	      0.10184115	      0.95984889	     -0.00219046	     80.00000000	     -7.00000000	      0.00000000	     80.00000000	      1.39626340	      0.00000000	      0.00000000	      0.00000000	     80.00000000	     -7.00000000	      0.00000000	     80.00000000	      1.39626340	      0.00000000	      0.00000000	      0.00000000	     -5.95544093	      0.26586615	      4.51404643	      2.82043746	    -10.25065121	     -5.62483894	    116.37243017	     75.02439711	     31.46128030	    -23.33102456	      2.59262965	     -1.58858986	      5.56568455	      2.28572894	      0.45414995	      4.38270532	     -0.16391149
1760624800.09699988	      5.82478890	      0.30977329	      2.79490357	      0.10031257	      0.96013028	     -0.00279202	     80.00000000	     -7.00000000	      0.00000000	     80.00000000	      1.39626340	      0.00000000	      0.00000000	      0.00000000	     80.00000000	     -7.00000000	      0.00000000	     80.00000000	      1.39626340	      0.00000000	      0.00000000	      0.00000000	     -5.86385445	      0.20536914	      4.56278988	      2.58061507	    -10.11614378	     -6.22952699	    115.52192659	     74.37371637	     30.10804790	    -22.85832864	      2.65058568	     -1.64600139	      5.60612114	      2.33115016	      0.45648356	      4.39480049	     -0.13656750
1760624800.13000011	      5.83974850	      0.36917354	      2.80821150	      0.09826801	      0.96103609	     -0.00502391	     80.00000000	     -7.00000000	      0.00000000	     80.00000000	      1.39626340	      0.00000000	      0.00000000	      0.00000000	     80.00000000	     -7.00000000	      0.00000000	     80.00000000	      1.39626340	      0.00000000	      0.00000000	      0.00000000	     -5.81740183	      0.09647878	      4.56171976	      2.39870679	    -10.08354711	     -6.88443533	    114.19439454	     73.54402852	     28.77477000	    -22.44327832	      2.67916438	     -1.66760135	      5.59641914	      2.36386983	      0.50893343	      4.43041454	     -0.09110015
1760624800.16300011	      5.81439241	      0.40604633	      2.84473674	      0.09669907	      0.96373779	     -0.00625957	     80.00000000	     -7.00000000	      0.00000000	     80.00000000	      1.39626340	      0.00000000	      0.00000000	      0.00000000	     80.00000000	     -7.00000000	      0.00000000	     80.00000000	      1.39626340	      0.00000000	      0.00000000	      0.00000000	     -5.70477818	     -0.06298520	      4.52813574	      2.22261763	     -9.97892171	     -7.80521500	    112.31023740	     71.63145556	     26.54134491	    -21.61701426	      2.67245538	     -1.72813018	      5.60141364	      2.36019312	      0.50011451	      4.44866996	     -0.07251518
1760624800.19700003	      5.88557644	      0.42209402	      2.86286060	      0.09659271	      0.96495043	     -0.00833579	     80.00000000	     -7.00000000	      0.00000000	     80.00000000	      1.39626340	      0.00000000	      0.00000000	      0.00000000	     80.00000000	     -7.00000000	      0.00000000	     80.00000000	      1.39626340	      0.00000000	      0.00000000	      0.00000000	     -5.69737624	     -0.15792683	      4.48256761	      2.11071769	     -9.83567080	     -8.37955073	    110.26883019	     69.54346151	     24.27182950	    -21.10667911	      2.65959506	     -1.72140672	      5.59654045	      2.35534290	      0.44172745	      4.51827364	     -0.08137304
1760624800.23000002	      5.90418497	      0.44621102	      2.87685878	      0.09393816	      0.96804207	     -0.00806928	     80.00000000	     -7.00000000	      0.00000000	     80.00000000	      1.39626340	      0.00000000	      0.00000000	      0.00000000	     80.00000000	     -7.00000000	      0.00000000	     80.00000000	      1.39626340	      0.00000000	      0.00000000	      0.00000000	     -5.67854001	     -0.32410904	      4.47167390	      1.81436964	     -9.82243678	     -9.09736201	    108.38775092	     66.73885046	     21.79477282	    -20.65977775	      2.66907452	     -1.78118725	      5.59243916	      2.34495824	      0.41868743	      4.51930789	     -0.08821442
1760624800.26399994	      5.95378790	      0.41965133	      2.90059820	      0.09175371	      0.97260967	     -0.00666851	     80.00000000	     -7.00000000	      0.00000000	     80.00000000	      1.39626340	      0.00000000	      0.00000000	      0.00000000	     80.00000000	     -7.00000000	      0.00000000	     80.00000000	      1.39626340	      0.00000000	      0.00000000	      0.00000000	     -5.66012306	     -0.50421031	      4.47199600	      1.39147551	     -9.68474918	     -9.93918661	    105.28656975	     62.56120502	     18.84448994	    -20.21142508	      2.62375045	     -1.89136756	      5.57050204	      2.36867551	      0.41285611	      4.51843218	     -0.06612062
1760624800.29699993	      5.96952902	      0.47821819	      2.90348191	      0.09048464	      0.97411189	     -0.00750763	     80.00000000	     -7.00000000	      0.00000000	     80.00000000	      1.39626340	      0.00000000	      0.00000000	      0.00000000	     80.00000000	     -7.00000000	      0.00000000	     80.00000000	      1.39626340	      0.00000000	      0.00000000	      0.00000000	     -5.64729871	     -0.69008587	      4.47508788	      1.11064888	     -9.63877883	    -10.41016277	    102.16247443	     58.71824245	     16.80949339	    -20.31233323	      2.63213345	     -1.89756360	      5.56736227	      2.38758570	      0.34501408	      4.57195564	     -0.03408668
1760624800.33100009	      5.89681872	      0.51460046	      2.89817017	      0.08854690	      0.97529823	     -0.00730579	     80.00000000	     -7.00000000	      0.00000000	     80.00000000	      1.39626340	      0.00000000	      0.00000000	      0.00000000	     80.00000000	     -7.00000000	      0.00000000	     80.00000000	      1.39626340	      0.00000000	      0.00000000	      0.00000000	     -5.46474336	     -0.86459970	      4.49521499	      0.84488715	     -9.65058150	    -10.62040683	     98.42460922	     55.15454704	     15.32094073	    -20.63205718	      2.55769163	     -1.93522287	      5.62578867	      2.41762326	      0.09883012	      4.61203205	      0.01249159
1760624800.36400008	      5.91671256	      0.48886828	      2.92579025	      0.08597669	      0.98015044	     -0.00570065	     80.00000000	     -7.00000000	      0.00000000	     80.00000000	      1.39626340	      0.00000000	      0.00000000	      0.00000000	     80.00000000	     -7.00000000	      0.00000000	     80.00000000	      1.39626340	      0.00000000	      0.00000000	      0.00000000	     -5.42073665	     -1.09655455	      4.40275663	      0.99377651	    -10.14546134	    -10.68438363	     92.47084383	     49.35288289	     13.87612355	    -21.07909543	      2.51177050	     -2.07756826	      5.46162014	      2.53286905	      0.00000000	      4.72360171	      0.11552055
1760624800.39800000	      5.76370368	      0.26469772	      2.98202700	      0.08147688	      0.98306009	     -0.00113768	     80.00000000	     -7.00000000	      0.00000000	     80.00000000	      1.39626340	      0.00000000	      0.00000000	      0.00000000	     80.00000000	     -7.00000000	      0.00000000	     80.00000000	      1.39626340	      0.00000000	      0.00000000	      0.00000000	     -5.13403256	     -0.93289350	      4.22089784	      1.29977888	    -10.74950442	    -10.22492776	     86.84951284	     43.92845762	     12.55099376	    -22.30512231	      2.49431365	     -2.10327974	      5.35608057	      2.48579292	      0.00000000	      4.89098234	      0.20178647
1760624800.43099999	      5.75463544	      0.27129789	      2.99344348	      0.07797404	      0.98293006	     -0.00164053	     80.00000000	     -7.00000000	      0.00000000	     80.00000000	      1.39626340	      0.00000000	      0.00000000	      0.00000000	     80.00000000	     -7.00000000	      0.00000000	     80.00000000	      1.39626340	      0.00000000	      0.00000000	      0.00000000	     -5.01942965	     -1.00594914	      4.16311475	      1.56865375	    -11.38899633	     -9.30952581	     79.62865626	     39.05171072	     13.47043483	    -23.07542685	      2.50778166	     -2.09325624	      5.45079058	      2.44575636	      0.00000000	      5.00475954	      0.25322707
1760624800.46499991	      5.79785492	      0.15380724	      3.05686024	      0.07760187	      0.98670604	     -0.00015330	     80.00000000	     -7.00000000	      0.00000000	     80.00000000	      1.39626340	      0.00000000	      0.00000000	      0.00000000	     80.00000000	     -7.00000000	      0.00000000	     80.00000000	      1.39626340	      0.00000000	      0.00000000	      0.00000000	     -5.14373535	     -0.99331705	      4.05575561	      2.18777026	    -11.78929979	     -8.25473326	     71.78572639	     32.50931303	     13.91824581	    -23.62772535	      2.71082368	     -2.13215783	      5.52822706	      2.53107933	      0.00000000	      5.13611801	      0.31208469
1760624800.49799991	      5.77161355	      0.14045780	      3.08758419	      0.07429478	      0.98706913	     -0.00058979	     80.00000000	     -7.00000000	      0.00000000	     80.00000000	      1.39626340	      0.00000000	      0.00000000	      0.00000000	     80.00000000	     -7.00000000	      0.00000000	     80.00000000	      1.39626340	      0.00000000	      0.00000000	      0.00000000	     -5.06312432	     -1.00009043	      4.06938681	      2.19707912	    -11.97837915	     -7.77714964	     65.67934330	     28.76978018	     14.80173743	    -23.05477655	      2.79879449	     -2.14419705	      5.51170939	      2.58664123	      0.00000000	      5.18371290	      0.44005132
1760624800.56500006	      5.81144813	     -0.18385060	      3.23024739	      0.07415507	      0.98292906	      0.00512845	     80.00000000	     -7.00000000	      0.00000000	     80.00000000	      1.39626340	      0.00000000	      0.00000000	      0.00000000	     80.00000000	     -7.00000000	      0.00000000	     80.00000000	      1.39626340	      0.00000000	      0.00000000	      0.00000000	     -5.15024511	     -0.57046605	      3.77236979	      2.51048177	    -12.43991008	     -6.24797241	     50.53612951	     20.69606416	     18.00720389	    -20.48580914	      3.01520085	     -2.12080309	      5.51252610	      2.73460480	      0.00000000	      5.38771551	      0.42824257
1760624800.59800005	      5.53891054	     -0.27168410	      3.25026971	      0.07180514	      0.97838643	      0.00599844	     80.00000000	     -7.00000000	      0.00000000	     80.00000000	      1.39626340	      0.00000000	      0.00000000	      0.00000000	     80.00000000	     -7.00000000	      0.00000000	     80.00000000	      1.39626340	      0.00000000	      0.00000000	      0.00000000	     -4.75856045	     -0.38646788	      3.59726768	      2.31264859	    -12.53067425	     -5.22221151	     43.64253752	     17.36467201	     19.79152075	    -18.84479477	      2.90897883	     -2.01450201	      5.46384515	      2.67438659	      0.00000000	      5.33986388	      0.45327061
1760624800.63199997	      5.35127061	     -0.27680007	      3.25193613	      0.06930174	      0.97408230	      0.00592643	     80.00000000	     -7.00000000	      0.00000000	     80.00000000	      1.39626340	      0.00000000	      0.00000000	      0.00000000	     80.00000000	     -7.00000000	      0.00000000	     80.00000000	      1.39626340	      0.00000000	      0.00000000	      0.00000000	     -4.52458132	     -0.31808807	      3.43219045	      2.34561237	    -11.99484084	     -3.72497242	     36.47231706	     12.98418338	     19.47806135	    -16.79257477	      2.84358350	     -1.92955169	      5.45035375	      2.61819342	      0.00000000	      5.32504022	      0.40738969
1760624800.66499996	      4.85674686	     -0.30892283	      3.23220701	      0.06035348	      0.96923400	      0.00641896	     80.00000000	     -7.00000000	      0.00000000	     80.00000000	      1.39626340	      0.00000000	      0.00000000	      0.00000000	     80.00000000	     -7.00000000	      0.00000000	     80.00000000	      1.39626340	      0.00000000	      0.00000000	      0.00000000	     -3.81112750	     -0.18523065	      3.21025519	      1.81699983	    -11.60171674	     -2.83766753	     29.73946441	      9.79996843	     20.63281067	    -14.97227319	      2.70310213	     -1.84888441	      5.28071580	      2.55879862	      0.00000000	      5.34571720	      0.46657147
1760624800.69899988	      4.69411929	     -0.27106999	      3.20691970	      0.05691166	      0.96394338	      0.00569310	     80.00000000	     -7.00000000	      0.00000000	     80.00000000	      1.39626340	      0.00000000	      0.00000000	      0.00000000	     80.00000000	     -7.00000000	      0.00000000	     80.00000000	      1.39626340	      0.00000000	      0.00000000	      0.00000000	     -3.66248519	     -0.09223968	      3.17822252	      1.80563654	    -11.21369517	     -2.49012571	     24.74415604	      8.33798111	     21.14588315	    -12.91483472	      2.64467969	     -1.74603072	      5.30176508	      2.55237778	      0.00000000	      5.27076584	      0.50650907
1760624800.73200011	      4.65282561	     -0.25830638	      3.17346527	      0.05647196	      0.96210909	      0.00612867	     80.00000000	     -7.00000000	      0.00000000	     80.00000000	      1.39626340	      0.00000000	      0.00000000	      0.00000000	     80.00000000	     -7.00000000	      0.00000000	     80.00000000	      1.39626340	      0.00000000	      0.00000000	      0.00000000	     -3.61025947	     -0.02612789	      3.13888822	      2.53759161	    -10.74580240	     -1.21487323	     18.62250458	      6.34402430	     21.04127434	    -10.20225606	      2.49212926	     -1.69175201	      5.34044977	      2.51227279	      0.00000000	      5.16294753	      0.43893125
1760624800.76600003	      4.67481456	     -0.14730361	      3.12997242	      0.05627820	      0.95961856	      0.00498020	     80.00000000	     -7.00000000	      0.00000000	     80.00000000	      1.39626340	      0.00000000	      0.00000000	      0.00000000	     80.00000000	     -7.00000000	      0.00000000	     80.00000000	      1.39626340	      0.00000000	      0.00000000	      0.00000000	     -3.63207098	     -0.05905513	      3.14610430	      3.10350534	    -10.31211319	      0.27253135	     14.52539680	      4.37993496	     19.74579552	     -7.83610920	      2.40255375	     -1.61865938	      5.41587999	      2.41982353	      0.00000000	      5.06541728	      0.37728480
1760624800.79900002	      4.73234569	     -0.08921103	      3.09860487	      0.05610304	      0.95713208	      0.00431206	     80.00000000	     -7.00000000	      0.00000000	     80.00000000	      1.39626340	      0.00000000	      0.00000000	      0.00000000	     80.00000000	     -7.00000000	      0.00000000	     80.00000000	      1.39626340	      0.00000000	      0.00000000	      0.00000000	     -3.72376018	     -0.03293230	      3.25521953	      3.73584431	     -9.81486055	      1.85830031	     11.05871775	      2.32610833	     17.93980704	     -5.64111060	      2.35740736	     -1.55461924	      5.58784397	      2.34683936	      0.00000000	      4.96454307	      0.36897829
1760624800.83200002	      4.85804534	     -0.09720369	      3.10672527	      0.05768931	      0.95538002	      0.00461932	     80.00000000	     -7.00000000	      0.00000000	     80.00000000	      1.39626340	      0.00000000	      0.00000000	      0.00000000	     80.00000000	     -7.00000000	      0.00000000	     80.00000000	      1.39626340	      0.00000000	      0.00000000	      0.00000000	     -3.89916786	      0.07752000	      3.41621303	      4.35003270	     -8.98700490	      3.49528266	      7.73081001	      0.00000000	     14.98948213	     -3.49647308	      2.35575268	     -1.51165988	      5.73877070	      2.37690662	      0.00000000	      4.90990201	      0.41719292
1760624800.86599994	      5.01920178	     -0.11724871	      3.11905281	      0.05693255	      0.95270472	      0.00543173	     80.00000000	     -7.00000000	      0.00000000	     80.00000000	      1.39626340	      0.00000000	      0.00000000	      0.00000000	     80.00000000	     -7.00000000	      0.00000000	     80.00000000	      1.39626340	      0.00000000	      0.00000000	      0.00000000	     -4.09480916	      0.19906657	      3.54645605	      4.30440012	     -8.30316241	      3.60864414	      6.47982914	      0.00000000	     12.27447172	     -2.54167176	      2.39886260	     -1.46472496	      5.80689178	      2.39857847	      0.00000000	      4.89274342	      0.45197597
1760624800.89899993	      5.21148268	     -0.16261687	      3.14328849	      0.05836065	      0.95213377	      0.00640987	     80.00000000	     -7.00000000	      0.00000000	     80.00000000	      1.39626340	      0.00000000	      0.00000000	      0.00000000	     80.00000000	     -7.00000000	      0.00000000	     80.00000000	      1.39626340	      0.00000000	      0.00000000	      0.00000000	     -4.35002349	      0.30149763	      3.64815167	      4.07994428	     -7.67282794	      2.79132127	      6.57113726	      0.00000000	      9.65035139	     -1.92759559	      2.46211325	     -1.46258837	      5.85773808	      2.41218524	      0.00000000	      4.90099729	      0.48175371
1760624800.93300009	      5.29915884	     -0.20461941	      3.20264441	      0.05979675	      0.95160534	      0.00709131	     80.00000000	     -7.00000000	      0.00000000	     80.00000000	      1.39626340	      0.00000000	      0.00000000	      0.00000000	     80.00000000	     -7.00000000	      0.00000000	     80.00000000	      1.39626340	      0.00000000	      0.00000000	      0.00000000	     -4.44766502	      0.36773954	      3.58795112	      3.41446374	     -7.04648692	      0.67908433	      7.11200825	      1.15615141	      7.62894730	     -1.27589483	      2.45444209	     -1.51414859	      5.73169418	      2.41153176	      0.00000000	      4.93153644	      0.51850950
1760624800.96600008	      5.24475660	     -0.17890420	      3.21027508	      0.05882998	      0.95130075	      0.00642582	     80.00000000	     -7.00000000	      0.00000000	     80.00000000	      1.39626340	      0.00000000	      0.00000000	      0.00000000	     80.00000000	     -7.00000000	      0.00000000	     80.00000000	      1.39626340	      0.00000000	      0.00000000	      0.00000000	     -4.32978222	      0.30194998	      3.49249371	      2.92434911	     -6.53538186	     -0.49948158	      7.21655867	      3.03514344	      7.00272493	     -0.91597388	      2.36078730	     -1.59892477	      5.64457112	      2.35689262	      0.00000000	      4.89147877	      0.50057625
1760624801.00000000	      5.23007993	     -0.13235119	      3.18624414	      0.05906125	      0.95203533	      0.00548370	     80.00000000	     -7.00000000	      0.00000000	     80.00000000	      1.39626340	      0.00000000	      0.00000000	      0.00000000	     80.00000000	     -7.00000000	      0.00000000	     80.00000000	      1.39626340	      0.00000000	      0.00000000	      0.00000000	     -4.40914276	      0.22881829	      3.46439253	      2.70483436	     -6.19367433	     -1.48470032	      7.70702763	      4.41992662	      6.66013833	     -0.50300724	      2.37488450	     -1.65848312	      5.70506859	      2.31013884	      0.00000000	      4.84362534	      0.44597219
1760624801.03299999	      5.18820509	     -0.06105354	      3.16208106	      0.05888175	      0.95201521	      0.00429608	     80.00000000	     -7.00000000	      0.00000000	     80.00000000	      1.39626340	      0.00000000	      0.00000000	      0.00000000	     80.00000000	     -7.00000000	      0.00000000	     80.00000000	      1.39626340	      0.00000000	      0.00000000	      0.00000000	     -4.39107070	      0.16346124	      3.41054138	      2.48100680	     -5.94736041	     -2.22941238	      7.93324222	      5.19207602	      6.60996592	      0.06655283	      2.35834917	     -1.69101982	      5.78933703	      2.22011173	      0.00000000	      4.81240028	      0.39676814
1760624801.06699991	      5.12410556	      0.01580983	      3.11118023	      0.05844735	      0.95136090	      0.00333875	     80.00000000	     -7.00000000	      0.00000000	     80.00000000	      1.39626340	      0.00000000	      0.00000000	      0.00000000	     80.00000000	     -7.00000000	      0.00000000	     80.00000000	      1.39626340	      0.00000000	      0.00000000	      0.00000000	     -4.36852382	      0.10208490	      3.44232797	      2.42633316	     -5.87340875	     -2.83276841	      8.08706733	      5.85565554	      6.44676930	      0.34171032	      2.38950877	     -1.66798634	      5.89302243	      2.18132769	      0.00000000	      4.80458520	      0.35454750
1760624801.09999990	      5.10394014	      0.06170731	      3.08619928	      0.05859270	      0.95159045	      0.00213228	     80.00000000	     -7.00000000	      0.00000000	     80.00000000	      1.39626340	      0.00000000	      0.00000000	      0.00000000	     80.00000000	     -7.00000000	      0.00000000	     80.00000000	      1.39626340	      0.00000000	      0.00000000	      0.00000000	     -4.36914005	      0.05393248	      3.48756240	      2.47130364	     -5.85108439	     -3.30570998	      8.29284581	      6.13778276	      6.50909663	      0.45479234	      2.41163200	     -1.64905776	      6.00902919	      2.18208543	      0.00000000	      4.79701883	      0.34635788
1760624801.13400006	      5.06401200	      0.12340160	      3.01389077	      0.05840740	      0.95186954	      0.00116525	     80.00000000	     -7.00000000	      0.00000000	     80.00000000	      1.39626340	      0.00000000	      0.00000000	      0.00000000	     80.00000000	     -7.00000000	      0.00000000	     80.00000000	      1.39626340	      0.00000000	      0.00000000	      0.00000000	     -4.34803785	     -0.00815980	      3.59828412	      2.56176231	     -5.95341459	     -3.62493826	      8.46471343	      6.20114605	      6.69717858	      0.48510820	      2.47093430	     -1.59963587	      6.08553619	      2.20694071	      0.00000000	      4.76443136	      0.33691223
1760624801.16700006	      5.05478213	      0.13202570	      2.99825986	      0.05827531	      0.95206528	      0.00058491	     80.00000000	     -7.00000000	      0.00000000	     80.00000000	      1.39626340	      0.00000000	      0.00000000	      0.00000000	     80.00000000	     -7.00000000	      0.00000000	     80.00000000	      1.39626340	      0.00000000	      0.00000000	      0.00000000	     -4.31706451	     -0.01405596	      3.65892777	      2.62338975	     -6.06672850	     -3.65513889	      8.41756840	      6.36581464	      6.80876388	      0.48992503	      2.51023844	     -1.55630285	      6.12876875	      2.20836008	      0.00000000	      4.76302650	      0.34435304
1760624801.20099998	      5.02383282	      0.14957202	      2.96574014	      0.05770778	      0.95186976	      0.00029086	     80.00000000	     -7.00000000	      0.00000000	     80.00000000	      1.39626340	      0.00000000	      0.00000000	      0.00000000	     80.00000000	     -7.00000000	      0.00000000	     80.00000000	      1.39626340	      0.00000000	      0.00000000	      0.00000000	     -4.27930790	     -0.01002067	      3.74046906	      2.71016656	     -6.20444720	     -3.60040516	      8.26121494	      6.38764913	      7.06781551	      0.49623338	      2.55342230	     -1.50190733	      6.22050545	      2.21129672	      0.00000000	      4.75493642	      0.36220080
1760624801.23399997	      5.01115189	      0.16055353	      2.98611177	      0.05685724	      0.95159278	     -0.00000939	     80.00000000	     -7.00000000	      0.00000000	     80.00000000	      1.39626340	      0.00000000	      0.00000000	      0.00000000	     80.00000000	     -7.00000000	      0.00000000	     80.00000000	      1.39626340	      0.00000000	      0.00000000	      0.00000000	     -4.20388790	     -0.00567532	      3.79748089	      2.78305280	     -6.34263126	     -3.45175498	      8.10395458	      6.19335224	      7.35931852	      0.48979536	      2.56400160	     -1.46012856	      6.28629171	      2.22362947	      0.00000000	      4.75730038	      0.37647763
1760624801.26699996	      5.00890829	      0.16892016	      3.01239294	      0.05625398	      0.95118161	      0.00006069	     80.00000000	     -7.00000000	      0.00000000	     80.00000000	      1.39626340	      0.00000000	      0.00000000	      0.00000000	     80.00000000	     -7.00000000	      0.00000000	     80.00000000	      1.39626340	      0.00000000	      0.00000000	      0.00000000	     -4.19984593	     -0.01077659	      3.82413607	      2.86330522	     -6.41126920	     -3.39929118	      8.11096412	      6.23168429	      7.39160386	      0.48668230	      2.62118427	     -1.44014367	      6.29041623	      2.22357980	      0.00000000	      4.75380682	      0.37348832
1760624801.30100012	      4.99643210	      0.18277541	      3.04766134	      0.05659085	      0.95123923	      0.00002850	     80.00000000	     -7.00000000	      0.00000000	     80.00000000	      1.39626340	      0.00000000	      0.00000000	      0.00000000	     80.00000000	     -7.00000000	      0.00000000	     80.00000000	      1.39626340	      0.00000000	      0.00000000	      0.00000000	     -4.18471953	     -0.04630423	      3.85379701	      2.93171556	     -6.43982800	     -3.27918287	      7.97843411	      6.22186514	      7.61895886	      0.48510882	      2.66479079	     -1.44187822	      6.28695406	      2.22067721	      0.00000000	      4.75204784	      0.36155642
1760624801.33400011	      4.99061251	      0.18279050	      3.06805743	      0.05644701	      0.95104463	      0.00004431	     80.00000000	     -7.00000000	      0.00000000	     80.00000000	      1.39626340	      0.00000000	      0.00000000	      0.00000000	     80.00000000	     -7.00000000	      0.00000000	     80.00000000	      1.39626340	      0.00000000	      0.00000000	      0.00000000	     -4.20114422	     -0.05177730	      3.87109159	      2.99699733	     -6.47373850	     -3.12549694	      8.01988998	      6.29886377	      7.68088214	      0.49401169	      2.71628796	     -1.42328043	      6.25017138	      2.22449812	      0.00000000	      4.75048700	      0.36365640
1760624801.36800003	      4.95664152	      0.18227642	      3.13898561	      0.05574943	      0.95081149	     -0.00020618	     80.00000000	     -7.00000000	      0.00000000	     80.00000000	      1.39626340	      0.00000000	      0.00000000	      0.00000000	     80.00000000	     -7.00000000	      0.00000000	     80.00000000	      1.39626340	      0.00000000	      0.00000000	      0.00000000	     -4.17432357	     -0.04218105	      3.83089436	      3.01539092	     -6.48062148	     -3.01594708	      7.82655295	      6.45910033	      7.94793538	      0.50416765	      2.71481704	     -1.39849135	      6.23207804	      2.22767881	      0.00000000	      4.70771592	      0.37984518
1760624801.40100002	      4.94398991	      0.17309560	      3.15306665	      0.05557178	      0.95099572	     -0.00002233	     80.00000000	     -7.00000000	      0.00000000	     80.00000000	      1.39626340	      0.00000000	      0.00000000	      0.00000000	     80.00000000	     -7.00000000	      0.00000000	     80.00000000	      1.39626340	      0.00000000	      0.00000000	      0.00000000	     -4.18792308	     -0.05266967	      3.84431036	      3.04371209	     -6.43328800	     -2.88238809	      7.81257372	      6.49950515	      7.96589830	      0.49389982	      2.74480730	     -1.39658802	      6.22145550	      2.22992224	      0.00000000	      4.70983353	      0.37732137
1760624801.43499994	      4.92458180	      0.17602658	      3.16262406	      0.05550126	      0.95092933	      0.00002759	     80.00000000	     -7.00000000	      0.00000000	     80.00000000	      1.39626340	      0.00000000	      0.00000000	      0.00000000	     80.00000000	     -7.00000000	      0.00000000	     80.00000000	      1.39626340	      0.00000000	      0.00000000	      0.00000000	     -4.26279668	     -0.05816334	      3.84427788	      3.12689673	     -6.42222757	     -2.84296669	      7.87674210	      6.53493402	      8.06378698	      0.48627751	      2.82976139	     -1.37218185	      6.18851163	      2.24428601	      0.00000000	      4.71919686	      0.36231143
1760624801.46799994	      5.00537120	      0.18085743	      3.17033307	      0.05489197	      0.95147941	      0.00002516	     80.00000000	     -7.00000000	      0.00000000	     80.00000000	      1.39626340	      0.00000000	      0.00000000	      0.00000000	     80.00000000	     -7.00000000	      0.00000000	     80.00000000	      1.39626340	      0.00000000	      0.00000000	      0.00000000	     -4.43508537	     -0.05652380	      3.82693210	      3.20929296	     -6.41258906	     -2.81477571	      7.90093298	      6.66779026	      8.13217147	      0.45860127	      2.91236407	     -1.36280974	      6.14573099	      2.26300396	      0.00000000	      4.74134369	      0.37882549
1760624801.53500009	      5.10219427	      0.16254124	      3.16342549	      0.05467918	      0.95184056	      0.00002972	     80.00000000	     -7.00000000	      0.00000000	     80.00000000	      1.39626340	      0.00000000	      0.00000000	      0.00000000	     80.00000000	     -7.00000000	      0.00000000	     80.00000000	      1.39626340	      0.00000000	      0.00000000	      0.00000000	     -4.68165227	     -0.02065484	      3.75948639	      3.30521500	     -6.41506009	     -2.61134503	      7.95781673	      7.05294573	      8.14316733	      0.36988593	      3.04289684	     -1.34771653	      6.04509907	      2.25774074	      0.00000000	      4.76003497	      0.37284708
1760624801.56900001	      5.09086260	      0.15973641	      3.15172339	      0.05444043	      0.95168758	      0.00018302	     80.00000000	     -7.00000000	      0.00000000	     80.00000000	      1.39626340	      0.00000000	      0.00000000	      0.00000000	     80.00000000	     -7.00000000	      0.00000000	     80.00000000	      1.39626340	      0.00000000	      0.00000000	      0.00000000	     -4.73706535	     -0.01166065	      3.74746306	      3.36070941	     -6.43610274	     -2.66351927	      8.03481650	      7.11978263	      8.17811047	      0.35593277	      3.10440147	     -1.35095426	      6.00010599	      2.23859819	      0.00000000	      4.76650926	      0.37341429
1760624801.60200000	      5.10219729	      0.14280244	      3.14844344	      0.05471141	      0.95148363	     -0.00003124	     80.00000000	     -7.00000000	      0.00000000	     80.00000000	      1.39626340	      0.00000000	      0.00000000	      0.00000000	     80.00000000	     -7.00000000	      0.00000000	     80.00000000	      1.39626340	      0.00000000	      0.00000000	      0.00000000	     -4.77786817	      0.01065370	      3.72697335	      3.33561232	     -6.48526987	     -2.88807976	      8.09049642	      7.53923442	      8.15066060	      0.33380564	      3.12828075	     -1.36752401	      5.90387389	      2.23287883	      0.00000000	      4.77642048	      0.38480537
1760624801.63499999	      5.12780079	      0.13235756	      3.14665100	      0.05469963	      0.95162653	     -0.00017091	     80.00000000	     -7.00000000	      0.00000000	     80.00000000	      1.39626340	      0.00000000	      0.00000000	      0.00000000	     80.00000000	     -7.00000000	      0.00000000	     80.00000000	      1.39626340	      0.00000000	      0.00000000	      0.00000000	     -4.85083991	      0.03094765	      3.69490416	      3.33658211	     -6.54091511	     -3.06376730	      8.14722893	      8.01631119	      8.16044705	      0.36099170	      3.19070530	     -1.36489214	      5.83496475	      2.21253959	      0.00000000	      4.77575256	      0.37218169
1760624801.66899991	      5.16265938	      0.11804064	      3.15405202	      0.05478771	      0.95177514	     -0.00033780	     80.00000000	     -7.00000000	      0.00000000	     80.00000000	      1.39626340	      0.00000000	      0.00000000	      0.00000000	     80.00000000	     -7.00000000	      0.00000000	     80.00000000	      1.39626340	      0.00000000	      0.00000000	      0.00000000	     -4.90262867	      0.05047067	      3.65597209	      3.33490166	     -6.56278259	     -3.07150638	      8.11201873	      8.31124388	      8.10299278	      0.34182901	      3.20591660	     -1.35301611	      5.84126141	      2.21408444	      0.00000000	      4.77394738	      0.32889411
1760624801.70199990	      5.16051241	      0.10252675	      3.17070030	      0.05571921	      0.95165080	     -0.00086450	     80.00000000	     -7.00000000	      0.00000000	     80.00000000	      1.39626340	      0.00000000	      0.00000000	      0.00000000	     80.00000000	     -7.00000000	      0.00000000	     80.00000000	      1.39626340	      0.00000000	      0.00000000	      0.00000000	     -4.91120932	      0.07884868	      3.61913784	      3.29557879	     -6.60994129	     -3.20667755	      8.08145451	      8.49345006	      8.04173916	      0.28086181	      3.22910170	     -1.30654334	      5.97327490	      2.25449012	      0.00000000	      4.73680884	      0.28328798
1760624801.73600006	      5.14492010	      0.10145253	      3.18140624	      0.05569409	      0.95144872	     -0.00116597	     80.00000000	     -7.00000000	      0.00000000	     80.00000000	      1.39626340	      0.00000000	      0.00000000	      0.00000000	     80.00000000	     -7.00000000	      0.00000000	     80.00000000	      1.39626340	      0.00000000	      0.00000000	      0.00000000	     -4.89540129	      0.08256301	      3.61571937	      3.28107734	     -6.62953535	     -3.32509305	      8.09553729	      8.48096562	      8.03544157	      0.25178906	      3.25171627	     -1.28152414	      6.10496207	      2.38787523	      0.00270983	      4.70745771	      0.30581480
1760624801.76900005	      5.10193616	      0.10622729	      3.17741152	      0.05516903	      0.95134303	     -0.00146541	     80.00000000	     -7.00000000	      0.00000000	     80.00000000	      1.39626340	      0.00000000	      0.00000000	      0.00000000	     80.00000000	     -7.00000000	      0.00000000	     80.00000000	      1.39626340	      0.00000000	      0.00000000	      0.00000000	     -4.83324936	      0.07983888	      3.62665409	      3.24197453	     -6.65955325	     -3.43486213	      8.15095920	      8.56464462	      7.99504546	      0.22030919	      3.20870019	     -1.23460941	      6.11642050	      2.79277722	      0.00000000	      4.60131082	      0.29692016
1760624801.80299997	      5.00328737	      0.11439167	      3.18048081	      0.05304112	      0.95107917	     -0.00197391	     80.00000000	     -7.00000000	      0.00000000	     80.00000000	      1.39626340	      0.00000000	      0.00000000	      0.00000000	     80.00000000	     -7.00000000	      0.00000000	     80.00000000	      1.39626340	      0.00000000	      0.00000000	      0.00000000	     -4.73579017	      0.07515407	      3.64173733	      3.21396340	     -6.69020330	     -3.64479209	      8.14936237	      8.71555287	      8.01987990	      0.18317418	      3.11835626	     -1.17940328	      6.17708090	      3.86420381	      0.00000000	      4.41608013	      0.26141154
1760624801.86899996	      4.89008092	      0.12996335	      3.16844735	      0.04946124	      0.95079891	     -0.00259187	     80.00000000	     -7.00000000	      0.00000000	     80.00000000	      1.39626340	      0.00000000	      0.00000000	      0.00000000	     80.00000000	     -7.00000000	      0.00000000	     80.00000000	      1.39626340	      0.00000000	      0.00000000	      0.00000000	     -4.53734676	      0.05037385	      3.76784826	      3.15485275	     -6.73367682	     -3.97902667	      8.29304434	      8.99262370	      7.93998867	      0.15873980	      2.79979716	     -1.27080833	      5.95349831	      7.38331984	      0.00000000	      4.04413941	      0.33294992
1760624801.90300012	      4.74751371	      0.15548875	      3.16934554	      0.04541330	      0.95018028	     -0.00299918	     80.00000000	     -7.00000000	      0.00000000	     80.00000000	      1.39626340	      0.00000000	      0.00000000	      0.00000000	     80.00000000	     -7.00000000	      0.00000000	     80.00000000	      1.39626340	      0.00000000	      0.00000000	      0.00000000	     -4.32322385	      0.04325239	      3.91650884	      3.06370177	     -6.78619595	     -4.27081646	      8.43188129	      9.32579728	      7.91585676	      0.14300626	      2.39512166	     -1.35605623	      5.38726597	     11.64583747	      0.00000000	      3.65713902	      0.39363537
1760624801.93600011	      4.61661078	      0.17139765	      3.14595531	      0.04121330	      0.94930070	     -0.00300595	     80.00000000	     -7.00000000	      0.00000000	     80.00000000	      1.39626340	      0.00000000	      0.00000000	      0.00000000	     80.00000000	     -7.00000000	      0.00000000	     80.00000000	      1.39626340	      0.00000000	      0.00000000	      0.00000000	     -4.10956232	      0.03011339	      4.13016141	      2.99620276	     -6.83901213	     -4.51498531	      8.63244906	      9.57730104	      7.72401011	      0.13671396	      2.06116606	     -1.46461244	      4.86163460	     15.73526654	      0.00000000	      3.33904664	      0.63697771
1760624801.97000003	      4.54397736	      0.19122558	      3.15142284	      0.03692655	      0.94848302	     -0.00334192	     80.00000000	     -7.00000000	      0.00000000	     80.00000000	      1.39626340	      0.00000000	      0.00000000	      0.00000000	     80.00000000	     -7.00000000	      0.00000000	     80.00000000	      1.39626340	      0.00000000	      0.00000000	      0.00000000	     -3.88731537	      0.01537315	      4.35652826	      2.84027898	     -6.89464025	     -4.84363950	      8.88954814	      9.76613146	      7.58409585	      0.13053318	      1.78980865	     -1.58301136	      4.44462123	     20.26366186	      0.00000000	      2.93105004	      0.99085532
1760624802.00300002	      4.38245284	      0.22650452	      3.15027315	      0.03038877	      0.94688801	     -0.00457702	     80.00000000	     -7.00000000	      0.00000000	     80.00000000	      1.39626340	      0.00000000	      0.00000000	      0.00000000	     80.00000000	     -7.00000000	      0.00000000	     80.00000000	      1.39626340	      0.00000000	      0.00000000	      0.00000000	     -3.67662624	      0.00325880	      4.63228464	      2.75874296	     -6.96311158	     -5.15423196	      9.25745579	      9.99954517	      7.37335305	      0.06038471	      1.68860789	     -1.66527911	      4.05093678	     26.93109578	      0.00000000	      2.22802202	      1.28503004
1760624802.03699994	      4.31078252	      0.25317561	      3.15584405	      0.02502903	      0.94561477	     -0.00565629	     80.00000000	     -7.00000000	      0.00000000	     80.00000000	      1.39626340	      0.00000000	      0.00000000	      0.00000000	     80.00000000	     -7.00000000	      0.00000000	     80.00000000	      1.39626340	      0.00000000	      0.00000000	      0.00000000	     -3.53449183	     -0.00684241	      4.77549008	      2.68744449	     -7.02135408	     -5.27264875	      9.56721239	     10.16949365	      7.15569563	      0.00658857	      1.60335952	     -1.71298218	      3.89753023	     32.43303468	      0.00000000	      1.70507611	      1.54331945
1760624802.06999993	      4.24681454	      0.29204954	      3.16469720	      0.01980890	      0.94395479	     -0.00689246	     80.00000000	     -7.00000000	      0.00000000	     80.00000000	      1.39626340	      0.00000000	      0.00000000	      0.00000000	     80.00000000	     -7.00000000	      0.00000000	     80.00000000	      1.39626340	      0.00000000	      0.00000000	      0.00000000	     -3.37945995	     -0.05401812	      4.84439627	      2.60799746	     -7.09176496	     -5.38777045	      9.74293859	     10.31214806	      7.05575981	     -0.02311366	      1.50605547	     -1.82342624	      3.71828804	     38.40759677	      0.00000000	      1.14902764	      1.93895799
1760624802.10400009	      4.04135686	      0.34260223	      3.15713805	      0.01441793	      0.94112295	     -0.00873529	     80.00000000	     -7.00000000	      0.00000000	     80.00000000	      1.39626340	      0.00000000	      0.00000000	      0.00000000	     80.00000000	     -7.00000000	      0.00000000	     80.00000000	      1.39626340	      0.00000000	      0.00000000	      0.00000000	     -3.03179851	     -0.19259967	      4.92971132	      2.49918873	     -7.07764951	     -5.47365195	      9.87531790	     10.33002165	      6.92869651	     -0.04333032	      1.28612282	     -2.03677684	      3.60517733	     47.06862135	      0.00000000	      0.35967590	      2.66529435
1760624802.13700008	      3.99747273	      0.36394544	      3.15657671	      0.01252976	      0.94010073	     -0.00962319	     80.00000000	     -7.00000000	      0.00000000	     80.00000000	      1.39626340	      0.00000000	      0.00000000	      0.00000000	     80.00000000	     -7.00000000	      0.00000000	     80.00000000	      1.39626340	      0.00000000	      0.00000000	      0.00000000	     -2.91965535	     -0.26383413	      4.90619789	      2.42563207	     -7.08803420	     -5.49095424	      9.94521059	     10.36570093	      6.92064728	     -0.05973902	      1.24065184	     -2.19700040	      3.64328576	     53.83050952	      0.00000000	     -0.01469857	      3.22880613
1760624802.17100000	      4.21249742	      0.41386738	      3.15079662	      0.01751561	      0.94040797	     -0.00994836	     80.00000000	     -7.00000000	      0.00000000	     80.00000000	      1.39626340	      0.00000000	      0.00000000	      0.00000000	     80.00000000	     -7.00000000	      0.00000000	     80.00000000	      1.39626340	      0.00000000	      0.00000000	      0.00000000	     -3.21909422	     -0.36866802	      4.70637451	      2.47993784	     -7.03304578	     -5.33704049	      9.73816388	     10.43358046	      7.14071944	     -0.06208696	      1.63396233	     -2.45138564	      3.72873905	     60.45115615	      0.00000000	     -0.03608471	      3.83328683
1760624802.20400000	      4.28481415	      0.48619182	      3.11247431	      0.02189286	      0.93680117	     -0.01034939	     80.00000000	     -7.00000000	      0.00000000	     80.00000000	      1.39626340	      0.00000000	      0.00000000	      0.00000000	     80.00000000	     -7.00000000	      0.00000000	     80.00000000	      1.39626340	      0.00000000	      0.00000000	      0.00000000	     -3.22333447	     -0.65887009	      4.57618221	      2.45705648	     -6.87187769	     -5.28393983	      9.86991095	     10.48342569	      7.17855111	     -0.06455523	      1.84319747	     -3.03794028	      4.13483734	     69.28561601	      0.00000000	     -0.26661326	      4.66398701
1760624802.23799992	      4.70954174	      0.55573294	      3.06444460	      0.03117749	      0.93914829	     -0.00961006	     80.00000000	     -7.00000000	      0.00000000	     80.00000000	      1.39626340	      0.00000000	      0.00000000	      0.00000000	     80.00000000	     -7.00000000	      0.00000000	     80.00000000	      1.39626340	      0.00000000	      0.00000000	      0.00000000	     -3.82606522	     -0.82909057	      4.30419763	      2.60650169	     -6.67381290	     -5.01832347	      9.64689650	     10.37287125	      7.39472750	     -0.01125368	      2.40896410	     -3.37103741	      4.47988455	     76.07669384	      0.00000000	     -0.03853910	      5.07349669
1760624802.27099991	      4.73682782	      0.51110522	      3.03151578	      0.03390382	      0.94475038	     -0.00698206	     80.00000000	     -7.00000000	      0.00000000	     80.00000000	      1.39626340	      0.00000000	      0.00000000	      0.00000000	     80.00000000	     -7.00000000	      0.00000000	     80.00000000	      1.39626340	      0.00000000	      0.00000000	      0.00000000	     -3.82940624	     -0.82116771	      4.09218869	      2.50604645	     -6.55322351	     -4.81576220	      9.08524813	     10.23062419	      8.00315249	      0.02616867	      2.61842951	     -3.84293563	      4.91664741	     82.86443322	      0.00000000	      0.78803726	      5.94421362
1760624802.30399990	      4.49468094	      0.37332636	      2.97320960	      0.03176674	      0.95274765	     -0.00424800	     80.00000000	     -7.00000000	      0.00000000	     80.00000000	      1.39626340	      0.00000000	      0.00000000	      0.00000000	     80.00000000	     -7.00000000	      0.00000000	     80.00000000	      1.39626340	      0.00000000	      0.00000000	      0.00000000	     -3.51132107	     -0.55650166	      3.94740092	      2.26681240	     -6.54659068	     -4.85291084	      8.48898966	     10.25976011	      8.56342149	      0.08051981	      3.03636973	     -4.50602697	      5.58792486	     91.43239920	      0.00000000	      2.53373969	      7.86051858
1760624802.33800006	      4.11595542	      0.30267879	      2.92674732	      0.02565456	      0.95673831	     -0.00366654	     80.00000000	     -7.00000000	      0.00000000	     80.00000000	      1.39626340	      0.00000000	      0.00000000	      0.00000000	     80.00000000	     -7.00000000	      0.00000000	     80.00000000	      1.39626340	      0.00000000	      0.00000000	      0.00000000	     -2.94243119	     -0.46925241	      3.73374313	      1.74657955	     -6.38795078	     -4.78207851	      6.44195513	     10.29521292	     10.29703062	      0.21219956	      3.41277960	     -5.05703489	      6.07327930	     97.15113764	      0.00000000	      3.62593324	      9.31075622
1760624802.37100005	      4.17530620	      0.30228165	      2.87628905	      0.02875414	      0.95847316	     -0.00428163	     80.00000000	     -7.00000000	      0.00000000	     80.00000000	      1.39626340	      0.00000000	      0.00000000	      0.00000000	     80.00000000	     -7.00000000	      0.00000000	     80.00000000	      1.39626340	      0.00000000	      0.00000000	      0.00000000	     -2.98812248	     -0.49917866	      3.53680632	      1.52165105	     -6.23377879	     -4.67665767	      5.27589930	     10.26811268	     11.31046496	      0.29423165	      4.00427232	     -5.62951054	      6.54454054	    102.21892947	      0.00000000	      4.47714563	     10.58693045
1760624802.40499997	      4.29812270	      0.30373679	      2.82655599	      0.03260921	      0.95799546	     -0.00539075	     80.00000000	     -7.00000000	      0.00000000	     80.00000000	      1.39626340	      0.00000000	      0.00000000	      0.00000000	     80.00000000	     -7.00000000	      0.00000000	     80.00000000	      1.39626340	      0.00000000	      0.00000000	      0.00000000	     -3.15656281	     -0.53350424	      3.41091308	      1.40874684	     -6.01130271	     -4.74358573	      4.72811909	     10.30571653	     11.67763164	      0.36700481	      4.62213799	     -6.30723223	      7.35958822	    108.62886737	      0.00000000	      5.91895885	     11.97291138
1760624802.43799996	      4.32652892	      0.26934656	      2.80616919	      0.03700346	      0.95784622	     -0.00420511	     80.00000000	     -7.00000000	      0.00000000	     80.00000000	      1.39626340	      0.00000000	      0.00000000	      0.00000000	     80.00000000	     -7.00000000	      0.00000000	     80.00000000	      1.39626340	      0.00000000	      0.00000000	      0.00000000	     -3.20489563	     -0.47812434	      3.38657331	      1.33605597	     -5.81416856	     -4.79882078	      4.65065108	     10.30437471	     11.66450575	      0.43437529	      5.05701174	     -6.78493805	      7.88337128	    112.85252329	      0.00000000	      7.77720563	     13.10698273
1760624802.47199988	      4.29953413	      0.15566115	      2.80342922	      0.03923662	      0.96301241	     -0.00191777	     80.00000000	     -7.00000000	      0.00000000	     80.00000000	      1.39626340	      0.00000000	      0.00000000	      0.00000000	     80.00000000	     -7.00000000	      0.00000000	     80.00000000	      1.39626340	      0.00000000	      0.00000000	      0.00000000	     -3.17504382	     -0.17881676	      3.28667841	      1.09952307	     -5.72162660	     -4.82511225	      3.75320846	     10.24024392	     12.34848423	      0.52899552	      5.32763660	     -7.11109520	      8.43803837	    118.20103151	      0.00000000	      9.96539803	     15.15909032
1760624802.50500011	      4.59735603	      0.01852889	      2.83409079	      0.04874218	      0.96361622	      0.00086725	     80.00000000	     -7.00000000	      0.00000000	     80.00000000	      1.39626340	      0.00000000	      0.00000000	      0.00000000	     80.00000000	     -7.00000000	      0.00000000	     80.00000000	      1.39626340	      0.00000000	      0.00000000	      0.00000000	     -3.59933843	      0.05292795	      3.16077150	      1.09201712	     -5.58599890	     -4.83818953	      3.54731927	     10.27984733	     12.54032712	      0.55266875	      5.68159505	     -7.52235877	      8.51114940	    121.47831765	      0.00000000	     11.10911863	     16.45965150
1760624802.53800011	      4.82234705	     -0.13276925	      2.87953995	      0.05488477	      0.96632536	      0.00362499	     80.00000000	     -7.00000000	      0.00000000	     80.00000000	      1.39626340	      0.00000000	      0.00000000	      0.00000000	     80.00000000	     -7.00000000	      0.00000000	     80.00000000	      1.39626340	      0.00000000	      0.00000000	      0.00000000	     -3.89504150	      0.36326065	      3.06268669	      1.01695018	     -5.55440447	     -4.80658997	      3.20045912	     10.28508668	     12.79934760	      0.60871687	      5.88546556	     -7.85382430	      8.40085958	    124.39040255	      0.00000000	     12.19456651	     17.72471396
1760624802.57200003	      4.96500332	     -0.19036289	      2.93045916	      0.05885664	      0.96202169	      0.00495605	     80.00000000	     -7.00000000	      0.00000000	     80.00000000	      1.39626340	      0.00000000	      0.00000000	      0.00000000	     80.00000000	     -7.00000000	      0.00000000	     80.00000000	      1.39626340	      0.00000000	      0.00000000	      0.00000000	     -4.07629385	      0.38287603	      3.12301101	      0.98283176	     -5.36620040	     -4.86378318	      3.25075464	     10.28243773	     12.77046422	      0.56872399	      6.01519161	     -8.45979185	      8.36405293	    127.23936888	      0.00000000	     12.81909248	     19.01592578
1760624802.60500002	      5.03492037	     -0.21530847	      2.97090414	      0.05887523	      0.96030177	      0.00589110	     80.00000000	     -7.00000000	      0.00000000	     80.00000000	      1.39626340	      0.00000000	      0.00000000	      0.00000000	     80.00000000	     -7.00000000	      0.00000000	     80.00000000	      1.39626340	      0.00000000	      0.00000000	      0.00000000	     -4.17598667	      0.40351551	      3.24014773	      0.98620001	     -5.26972468	     -4.92527233	      3.47793993	     10.29303323	     12.57774492	      0.53823872	      6.02211325	     -8.85024693	      8.46922121	    128.95210683	      0.00000000	     13.11183377	     19.45575302
1760624802.67199993	      4.77550177	     -0.28444894	      3.04969239	      0.05331482	      0.96148018	      0.00879174	     80.00000000	     -7.00000000	      0.00000000	     80.00000000	      1.39626340	      0.00000000	      0.00000000	      0.00000000	     80.00000000	     -7.00000000	      0.00000000	     80.00000000	      1.39626340	      0.00000000	      0.00000000	      0.00000000	     -3.84988673	      0.65103224	      3.32119812	      0.81273273	     -5.29336731	     -4.78840240	      2.66516732	     10.29865076	     13.12170852	      0.58792078	      5.69271757	     -9.25228185	      8.07195224	    131.48863534	      0.00000000	     13.82748630	     19.52878375
1760624802.70600009	      4.44816280	     -0.35100432	      3.06505359	      0.04727107	      0.96268970	      0.00991353	     80.00000000	     -7.00000000	      0.00000000	     80.00000000	      1.39626340	      0.00000000	      0.00000000	      0.00000000	     80.00000000	     -7.00000000	      0.00000000	     80.00000000	      1.39626340	      0.00000000	      0.00000000	      0.00000000	     -3.38393957	      0.79254722	      3.43425525	      0.61788667	     -5.35337497	     -4.84313326	      2.11771182	     10.34625560	     13.56873040	      0.60490215	      5.38471358	     -9.24190930	      7.81087503	    131.97978099	      0.00000000	     14.07242574	     19.62193626
1760624802.73900008	      4.20555043	     -0.41967723	      3.08972755	      0.04344985	      0.96356127	      0.01044895	     80.00000000	     -7.00000000	      0.00000000	     80.00000000	      1.39626340	      0.00000000	      0.00000000	      0.00000000	     80.00000000	     -7.00000000	      0.00000000	     80.00000000	      1.39626340	      0.00000000	      0.00000000	      0.00000000	     -3.06306527	      0.95511994	      3.54640694	      0.54054912	     -5.46036638	     -4.84708458	      1.91614588	     10.40633214	     13.71948375	      0.60677250	      5.15137402	     -9.20179671	      7.40446673	    132.02321237	      0.00000000	     14.00558754	     19.64028994
1760624802.77300000	      3.99785146	     -0.42589630	      3.12256158	      0.04032979	      0.96320536	      0.01122816	     80.00000000	     -7.00000000	      0.00000000	     80.00000000	      1.39626340	      0.00000000	      0.00000000	      0.00000000	     80.00000000	     -7.00000000	      0.00000000	     80.00000000	      1.39626340	      0.00000000	      0.00000000	      0.00000000	     -2.75321522	      0.99741882	      3.66064949	      0.47000059	     -5.54911257	     -4.78640893	      1.69290910	     10.47555471	     13.91057086	      0.60234141	      4.84137541	     -9.13556622	      6.93696492	    131.52454615	      0.00000000	     13.37313052	     19.11466028
1760624802.80599999	      3.88388819	     -0.41080625	      3.14411723	      0.03942202	      0.96351718	      0.01140469	     80.00000000	     -7.00000000	      0.00000000	     80.00000000	      1.39626340	      0.00000000	      0.00000000	      0.00000000	     80.00000000	     -7.00000000	      0.00000000	     80.00000000	      1.39626340	      0.00000000	      0.00000000	      0.00000000	     -2.60772021	      1.00985568	      3.74569520	      0.50343892	     -5.62106867	     -4.70835912	      1.67520972	     10.41851667	     13.92698571	      0.59446742	      4.55137110	     -9.00824200	      6.67389690	    130.96095567	      0.00000000	     12.89284578	     18.49202091
1760624802.83999991	      3.76071104	     -0.41338700	      3.14910523	      0.03880887	      0.96339157	      0.01115109	     80.00000000	     -7.00000000	      0.00000000	     80.00000000	      1.39626340	      0.00000000	      0.00000000	      0.00000000	     80.00000000	     -7.00000000	      0.00000000	     80.00000000	      1.39626340	      0.00000000	      0.00000000	      0.00000000	     -2.45942822	      1.04021114	      3.81724084	      0.56805532	     -5.70525165	     -4.57632078	      1.73094025	     10.29118800	     13.91321235	      0.58799914	      4.26121799	     -8.82154513	      6.32838580	    130.12485123	      0.00000000	     12.36598849	     17.95301197
1760624802.87299991	      3.67503691	     -0.42063084	      3.14920793	      0.03852595	      0.96356894	      0.01106356	     80.00000000	     -7.00000000	      0.00000000	     80.00000000	      1.39626340	      0.00000000	      0.00000000	      0.00000000	     80.00000000	     -7.00000000	      0.00000000	     80.00000000	      1.39626340	      0.00000000	      0.00000000	      0.00000000	     -2.32562546	      1.07342803	      3.84190804	      0.62821275	     -5.79130368	     -4.47115979	      1.71438290	     10.23910211	     13.96594544	      0.57438392	      3.92737577	     -8.46812100	      5.82773234	    128.58098692	      0.00000000	     11.49509655	     16.94539087
1760624802.90700006	      3.63360400	     -0.43112717	      3.15152061	      0.03900360	      0.96430149	      0.01111992	     80.00000000	     -7.00000000	      0.00000000	     80.00000000	      1.39626340	      0.00000000	      0.00000000	      0.00000000	     80.00000000	     -7.00000000	      0.00000000	     80.00000000	      1.39626340	      0.00000000	      0.00000000	      0.00000000	     -2.22280832	      1.11236836	      3.86260774	      0.62932153	     -5.84717943	     -4.43809103	      1.77153530	     10.25653887	     14.01042402	      0.58203116	      3.70705034	     -8.09943530	      5.50283127	    127.08844326	      0.00000000	     10.80339180	     15.99443452
1760624802.94000006	      3.61925056	     -0.45294660	      3.14878459	      0.03892708	      0.96607738	      0.01026554	     80.00000000	     -7.00000000	      0.00000000	     80.00000000	      1.39626340	      0.00000000	      0.00000000	      0.00000000	     80.00000000	     -7.00000000	      0.00000000	     80.00000000	      1.39626340	      0.00000000	      0.00000000	      0.00000000	     -2.17548116	      1.20092852	      3.86734490	      0.65910108	     -5.93021981	     -4.37266914	      1.79156571	     10.28620200	     14.02263071	      0.57323487	      3.52396331	     -7.69665877	      5.15491374	    125.31384288	      0.00000000	     10.05706901	     15.05136286
1760624802.97300005	      3.58452960	     -0.44632266	      3.14865219	      0.03869859	      0.96798278	      0.01067133	     80.00000000	     -7.00000000	      0.00000000	     80.00000000	      1.39626340	      0.00000000	      0.00000000	      0.00000000	     80.00000000	     -7.00000000	      0.00000000	     80.00000000	      1.39626340	      0.00000000	      0.00000000	      0.00000000	     -2.05930338	      1.26648596	      3.90624749	      0.66366424	     -5.96243008	     -4.33708178	      1.79045339	     10.27327274	     13.95443200	      0.57173207	      3.30425802	     -7.32024367	      4.53562654	    122.45725945	      0.00000000	      9.07245643	     13.81807056
1760624803.00699997	      3.58049128	     -0.40193863	      3.12602405	      0.04083548	      0.96921897	      0.01121824	     80.00000000	     -7.00000000	      0.00000000	     80.00000000	      1.39626340	      0.00000000	      0.00000000	      0.00000000	     80.00000000	     -7.00000000	      0.00000000	     80.00000000	      1.39626340	      0.00000000	      0.00000000	      0.00000000	     -2.02797956	      1.26448516	      3.98485949	      0.73467102	     -5.98519216	     -4.40255480	      2.33354620	     10.30358431	     13.48361140	      0.56454885	      3.20292630	     -7.19208679	      4.03585685	    119.97687571	      0.00000000	      8.67244720	     12.90521238
1760624803.03999996	      3.52817213	     -0.37879931	      3.13238719	      0.03992046	      0.97105829	      0.01240902	     80.00000000	     -7.00000000	      0.00000000	     80.00000000	      1.39626340	      0.00000000	      0.00000000	      0.00000000	     80.00000000	     -7.00000000	      0.00000000	     80.00000000	      1.39626340	      0.00000000	      0.00000000	      0.00000000	     -1.90907357	      1.30768503	      4.03975284	      0.70081732	     -5.98954482	     -4.52235205	      2.37053505	     10.42623125	     13.41821698	      0.56456861	      2.97729222	     -6.95142451	      3.68993420	    117.36912349	      0.00000000	      8.33315609	     12.30622075
1760624803.07399988	      3.69341601	     -0.30734043	      3.11290581	      0.04358497	      0.97199977	      0.01090052	     80.00000000	     -7.00000000	      0.00000000	     80.00000000	      1.39626340	      0.00000000	      0.00000000	      0.00000000	     80.00000000	     -7.00000000	      0.00000000	     80.00000000	      1.39626340	      0.00000000	      0.00000000	      0.00000000	     -2.10798151	      1.31009632	      4.18034651	      0.88661824	     -6.09036791	     -4.66751749	      3.40060407	     10.50450294	     12.49628998	      0.48825461	      2.76984061	     -6.43203951	      3.47954304	    113.77288618	      0.00000000	      7.33664618	     10.68959745
1760624803.10700011	      3.68030118	     -0.27830386	      3.11162640	      0.04327364	      0.97386818	      0.01035704	     80.00000000	     -7.00000000	      0.00000000	     80.00000000	      1.39626340	      0.00000000	      0.00000000	      0.00000000	     80.00000000	     -7.00000000	      0.00000000	     80.00000000	      1.39626340	      0.00000000	      0.00000000	      0.00000000	     -2.06453578	      1.37523285	      4.17459327	      0.89386108	     -6.14792687	     -4.67354539	      3.35983518	     10.46530030	     12.44876303	      0.49689490	      2.48173829	     -5.89348277	      3.34875579	    110.88436836	      0.00000000	      7.21837950	      9.61663261
1760624803.14100003	      3.74017462	     -0.23954337	      3.10347009	      0.04434859	      0.97426690	      0.00965734	     80.00000000	     -7.00000000	      0.00000000	     80.00000000	      1.39626340	      0.00000000	      0.00000000	      0.00000000	     80.00000000	     -7.00000000	      0.00000000	     80.00000000	      1.39626340	      0.00000000	      0.00000000	      0.00000000	     -2.16093680	      1.41487913	      4.15589265	      0.99349126	     -6.20369640	     -4.72932561	      3.49728893	     10.42525117	     12.31763046	      0.49258180	      2.37714651	     -5.47023163	      3.03799084	    107.47597553	      0.00000000	      7.09927973	      8.80849111
1760624803.17400002	      3.70746187	     -0.19747242	      3.08813096	      0.04335524	      0.97746740	      0.00908091	     80.00000000	     -7.00000000	      0.00000000	     80.00000000	      1.39626340	      0.00000000	      0.00000000	      0.00000000	     80.00000000	     -7.00000000	      0.00000000	     80.00000000	      1.39626340	      0.00000000	      0.00000000	      0.00000000	     -2.07551544	      1.49891285	      4.15578143	      0.95984775	     -6.28038089	     -4.89001852	      3.49157939	     10.47307958	     12.21553361	      0.52273200	      2.29819120	     -5.03821426	      2.59503037	    102.29745342	      0.00000000	      7.54256978	      7.89025099
1760624803.20700002	      3.66675884	     -0.05549527	      3.05393524	      0.04211742	      0.97733216	      0.00576574	     80.00000000	     -7.00000000	      0.00000000	     80.00000000	      1.39626340	      0.00000000	      0.00000000	      0.00000000	     80.00000000	     -7.00000000	      0.00000000	     80.00000000	      1.39626340	      0.00000000	      0.00000000	      0.00000000	     -2.00706584	      1.33396764	      4.20372234	      0.94484594	     -6.30566739	     -5.05212566	      3.60310708	     10.53082467	     12.11495181	      0.50068914	      2.25657629	     -4.72119410	      2.37897268	     98.03921175	      0.00000000	      7.64243200	      6.64514931
1760624803.24099994	      3.74761563	      0.06998943	      3.02089339	      0.04116978	      0.97590348	      0.00136856	     80.00000000	     -7.00000000	      0.00000000	     80.00000000	      1.39626340	      0.00000000	      0.00000000	      0.00000000	     80.00000000	     -7.00000000	      0.00000000	     80.00000000	      1.39626340	      0.00000000	      0.00000000	      0.00000000	     -2.10764800	      1.19603568	      4.23805046	      0.97398784	     -6.33796223	     -5.09751272	      3.87409204	     10.52681535	     11.87457057	      0.42827173	      2.26300854	     -3.88706346	      2.40180505	     93.58662791	      0.00000000	      7.40305803	      5.11933801
1760624803.27399993	      3.77141854	      0.27477773	      3.00295114	      0.03986463	      0.97718571	     -0.00294036	     80.00000000	     -7.00000000	      0.00000000	     80.00000000	      1.39626340	      0.00000000	      0.00000000	      0.00000000	     80.00000000	     -7.00000000	      0.00000000	     80.00000000	      1.39626340	      0.00000000	      0.00000000	      0.00000000	     -2.14008733	      1.02968460	      4.24775110	      0.98547279	     -6.44890100	     -5.33241323	      4.21474038	     10.63861042	     11.51298851	      0.39931727	      2.41595687	     -3.31690428	      2.05336197	     87.12855216	      0.00000000	      8.20776656	      3.82412292
1760624803.30800009	      3.81728193	      0.38409514	      2.99164571	      0.03921172	      0.97824950	     -0.00398904	     80.00000000	     -7.00000000	      0.00000000	     80.00000000	      1.39626340	      0.00000000	      0.00000000	      0.00000000	     80.00000000	     -7.00000000	      0.00000000	     80.00000000	      1.39626340	      0.00000000	      0.00000000	      0.00000000	     -2.23161264	      0.98345389	      4.25377827	      1.03792264	     -6.54280123	     -5.48038106	      4.48099295	     10.65022649	     11.30245735	      0.35359430	      2.64189663	     -2.88048635	      1.94497653	     81.99528168	      0.00000000	      8.81437347	      2.86216451
1760624803.34100008	      3.75294787	      0.59249097	      2.96249504	      0.03375110	      0.97880900	     -0.00610932	     80.00000000	     -7.00000000	      0.00000000	     80.00000000	      1.39626340	      0.00000000	      0.00000000	      0.00000000	     80.00000000	     -7.00000000	      0.00000000	     80.00000000	      1.39626340	      0.00000000	      0.00000000	      0.00000000	     -2.18181202	      0.73502204	      4.29900310	      1.04447564	     -6.59580469	     -5.70787461	      4.72521113	     10.65891143	     11.11266295	      0.33366016	      2.68351871	     -2.27129430	      1.75579999	     77.13403525	      0.00000000	      9.05987743	      1.72068357
1760624803.37500000	      3.90941358	      0.78737546	      2.91844813	      0.03409414	      0.98000548	     -0.00831314	     80.00000000	     -7.00000000	      0.00000000	     80.00000000	      1.39626340	      0.00000000	      0.00000000	      0.00000000	     80.00000000	     -7.00000000	      0.00000000	     80.00000000	      1.39626340	      0.00000000	      0.00000000	      0.00000000	     -2.46302372	      0.52384496	      4.42344417	      1.31410279	     -6.70413600	     -6.01648451	      6.23844503	     10.65986746	      9.81080241	      0.22432110	      2.86756603	     -2.28759640	      1.34889129	     70.32417816	      0.00000000	     10.18286194	      1.23513596
1760624803.40799999	      3.93123526	      0.86196461	      2.91071139	      0.03276816	      0.97539394	     -0.00879818	     80.00000000	     -7.00000000	      0.00000000	     80.00000000	      1.39626340	      0.00000000	      0.00000000	      0.00000000	     80.00000000	     -7.00000000	      0.00000000	     80.00000000	      1.39626340	      0.00000000	      0.00000000	      0.00000000	     -2.58395568	      0.35205033	      4.52880592	      1.49935565	     -6.70497555	     -6.30336519	      7.31137950	     10.73514364	      8.95998846	      0.11831716	      3.18944616	     -2.49163519	      1.21574373	     64.49303338	      0.00000000	     10.30876288	      0.89269062
1760624803.44199991	      4.14375280	      0.90821020	      2.91457723	      0.03686269	      0.97355578	     -0.01052200	     80.00000000	     -7.00000000	      0.00000000	     80.00000000	      1.39626340	      0.00000000	      0.00000000	      0.00000000	     80.00000000	     -7.00000000	      0.00000000	     80.00000000	      1.39626340	      0.00000000	      0.00000000	      0.00000000	     -2.97134690	      0.24209433	      4.60536145	      1.68160135	     -6.72167094	     -6.53498278	      8.06893977	     10.77163967	      8.35136227	      0.08436261	      3.63900744	     -1.97041160	      1.31435059	     57.24573632	      0.00000000	     10.68396611	      0.28409267
1760624803.47499990	      4.35896483	      0.86958175	      2.92725879	      0.04074517	      0.97167414	     -0.00964766	     80.00000000	     -7.00000000	      0.00000000	     80.00000000	      1.39626340	      0.00000000	      0.00000000	      0.00000000	     80.00000000	     -7.00000000	      0.00000000	     80.00000000	      1.39626340	      0.00000000	      0.00000000	      0.00000000	     -3.28312220	      0.26338402	      4.52326015	      1.78983333	     -6.74328076	     -6.52144866	      8.44401096	     10.71148277	      8.05103065	      0.05577787	      3.89091881	     -2.11198860	      1.38306828	     51.66710275	      0.00000000	     11.23142459	      0.45202052
1760624803.50900006	      4.41426417	      1.01460652	      2.90794454	      0.04630460	      0.96346119	     -0.01093389	     80.00000000	     -7.00000000	      0.00000000	     80.00000000	      1.39626340	      0.00000000	      0.00000000	      0.00000000	     80.00000000	     -7.00000000	      0.00000000	     80.00000000	      1.39626340	      0.00000000	      0.00000000	      0.00000000	     -3.49620357	     -0.08771036	      4.70350803	      2.14236415	     -6.72680327	     -6.75968122	     10.08949516	     10.72169246	      6.68675002	     -0.09566457	      4.02391550	     -2.35172522	      1.65778275	     46.07219384	      0.00000000	     10.91867648	     -0.15903692
1760624803.54200006	      4.15318148	      1.07911135	      2.90383445	      0.04565565	      0.96149146	     -0.01111968	     80.00000000	     -7.00000000	      0.00000000	     80.00000000	      1.39626340	      0.00000000	      0.00000000	      0.00000000	     80.00000000	     -7.00000000	      0.00000000	     80.00000000	      1.39626340	      0.00000000	      0.00000000	      0.00000000	     -3.21095254	     -0.21845967	      4.66586317	      2.03006737	     -6.75185922	     -6.87269303	      9.94214453	     10.85075139	      6.86427733	     -0.00147960	      4.05029802	     -2.51613813	      2.10167734	     38.98463726	      0.00000000	     11.35239258	     -0.57568778
1760624803.57599998	      4.01360404	      1.12194421	      2.88741703	      0.04188484	      0.96276522	     -0.00999351	     80.00000000	     -7.00000000	      0.00000000	     80.00000000	      1.39626340	      0.00000000	      0.00000000	      0.00000000	     80.00000000	     -7.00000000	      0.00000000	     80.00000000	      1.39626340	      0.00000000	      0.00000000	      0.00000000	     -3.09871273	     -0.24294612	      4.64683397	      1.98518049	     -6.78048967	     -6.94815118	      9.69854542	     10.88266600	      7.06347878	     -0.00152324	      4.13124138	     -2.50225819	      2.41023995	     33.94295603	      0.00000000	     11.67172644	     -0.75159518
1760624803.60899997	      4.00133617	      1.11129480	      2.89217649	      0.04014838	      0.96200111	     -0.00880654	     80.00000000	     -7.00000000	      0.00000000	     80.00000000	      1.39626340	      0.00000000	      0.00000000	      0.00000000	     80.00000000	     -7.00000000	      0.00000000	     80.00000000	      1.39626340	      0.00000000	      0.00000000	      0.00000000	     -3.13528436	     -0.24667347	      4.56705276	      1.99351582	     -6.78189316	     -6.93579863	      9.40116505	     10.85467219	      7.32248910	      0.04333045	      4.07160127	     -2.26296551	      2.42408608	     29.81395461	      0.00000000	     11.51545743	     -1.06088367
1760624803.64199996	      3.91724614	      1.06722717	      2.90709001	      0.03632640	      0.96019196	     -0.00708678	     80.00000000	     -7.00000000	      0.00000000	     80.00000000	      1.39626340	      0.00000000	      0.00000000	      0.00000000	     80.00000000	     -7.00000000	      0.00000000	     80.00000000	      1.39626340	      0.00000000	      0.00000000	      0.00000000	     -3.06301690	     -0.18165631	      4.53730762	      2.02640221	     -6.87551188	     -6.95413655	      9.47431005	     10.85681516	      7.25117910	      0.02722494	      3.35678068	     -2.12205876	      2.21457319	     25.74673557	      0.00000000	     11.50797244	     -0.86832037
1760624803.67600012	      4.07372451	      0.98949833	      2.93046780	      0.03691694	      0.95923783	     -0.00570203	     80.00000000	     -7.00000000	      0.00000000	     80.00000000	      1.39626340	      0.00000000	      0.00000000	      0.00000000	     80.00000000	     -7.00000000	      0.00000000	     80.00000000	      1.39626340	      0.00000000	      0.00000000	      0.00000000	     -3.34259917	     -0.05674769	      4.47878436	      2.07895228	     -6.93366021	     -7.01495888	      9.36687756	     10.97929677	      7.29747744	      0.01164111	      2.99490400	     -2.01033883	      1.92035434	     23.57331255	      0.00000000	     11.69261973	     -0.39635532
1760624803.70900011	      4.08867406	      0.92633229	      2.97407186	      0.03423769	      0.95625781	     -0.00481492	     80.00000000	     -7.00000000	      0.00000000	     80.00000000	      1.39626340	      0.00000000	      0.00000000	      0.00000000	     80.00000000	     -7.00000000	      0.00000000	     80.00000000	      1.39626340	      0.00000000	      0.00000000	      0.00000000	     -3.40138241	      0.01483518	      4.54888449	      2.06902559	     -6.97716788	     -7.16700623	      9.41563911	     11.07897198	      7.31583419	      0.03468041	      2.33688830	     -1.97269148	      1.70535026	     22.07479629	      0.00000000	     11.48666534	      0.00273749
1760624803.74300003	      4.23533866	      0.86535177	      3.02677315	      0.03825862	      0.95668039	     -0.00423882	     80.00000000	     -7.00000000	      0.00000000	     80.00000000	      1.39626340	      0.00000000	      0.00000000	      0.00000000	     80.00000000	     -7.00000000	      0.00000000	     80.00000000	      1.39626340	      0.00000000	      0.00000000	      0.00000000	     -3.65443813	      0.13565797	      4.60135421	      2.07181864	     -7.00129301	     -7.19013217	      9.29404343	     11.13353599	      7.33456117	     -0.00274856	      1.97993726	     -1.88286279	      1.40556502	     20.55291346	      0.00000000	     11.82753523	      0.55399585
1760624803.77600002	      4.29463886	      0.82341266	      3.08726676	      0.03925665	      0.95484791	     -0.00401501	     80.00000000	     -7.00000000	      0.00000000	     80.00000000	      1.39626340	      0.00000000	      0.00000000	      0.00000000	     80.00000000	     -7.00000000	      0.00000000	     80.00000000	      1.39626340	      0.00000000	      0.00000000	      0.00000000	     -3.77577669	      0.15147011	      4.72168177	      2.11727500	     -6.99134657	     -7.23806224	      9.37766190	     11.11369157	      7.25208126	     -0.03322270	      1.78800459	     -1.87996842	      1.13594563	     19.79645827	      0.00000000	     11.71878395	      0.70135371
1760624803.80999994	      4.42134525	      0.78806756	      3.13788793	      0.04218201	      0.95432083	     -0.00364651	     80.00000000	     -7.00000000	      0.00000000	     80.00000000	      1.39626340	      0.00000000	      0.00000000	      0.00000000	     80.00000000	     -7.00000000	      0.00000000	     80.00000000	      1.39626340	      0.00000000	      0.00000000	      0.00000000	     -3.99378588	      0.19628701	      4.77940404	      2.20893533	     -7.02613866	     -7.17922007	      9.51192332	     11.11139271	      7.10320413	     -0.03080214	      1.78268226	     -1.90623261	      0.76870215	     19.30788406	      0.00000000	     11.78088809	      0.83682988
1760624803.84299994	      4.39376713	      0.75825880	      3.19939684	      0.04185622	      0.95389572	     -0.00284801	     80.00000000	     -7.00000000	      0.00000000	     80.00000000	      1.39626340	      0.00000000	      0.00000000	      0.00000000	     80.00000000	     -7.00000000	      0.00000000	     80.00000000	      1.39626340	      0.00000000	      0.00000000	      0.00000000	     -3.98413510	      0.21079698	      4.82829318	      2.21905246	     -7.03161553	     -7.12786539	      9.41026186	     11.13858070	      7.13782516	     -0.04363657	      1.89042550	     -2.05250091	      0.43906361	     18.67158524	      0.00000000	     11.81041480	      1.02696456
1760624803.87700009	      4.31148737	      0.73152210	      3.23328731	      0.03950618	      0.95312572	     -0.00226817	     80.00000000	     -7.00000000	      0.00000000	     80.00000000	      1.39626340	      0.00000000	      0.00000000	      0.00000000	     80.00000000	     -7.00000000	      0.00000000	     80.00000000	      1.39626340	      0.00000000	      0.00000000	      0.00000000	     -3.88566198	      0.21347533	      4.87106977	      2.24339778	     -7.04651748	     -7.11739588	      9.41562170	     11.17903762	      7.16460198	     -0.02255786	      1.98474647	     -2.22077599	      0.33166430	     18.24354218	      0.00000000	     11.72112283	      1.08546273
1760624803.91000009	      4.32853951	      0.70533230	      3.23856214	      0.04134897	      0.95290087	     -0.00183193	     80.00000000	     -7.00000000	      0.00000000	     80.00000000	      1.39626340	      0.00000000	      0.00000000	      0.00000000	     80.00000000	     -7.00000000	      0.00000000	     80.00000000	      1.39626340	      0.00000000	      0.00000000	      0.00000000	     -3.90276426	      0.22818407	      4.87586255	      2.30994567	     -7.09509860	     -7.05049913	      9.43993130	     11.18115782	      7.17591707	     -0.02120035	      2.22500750	     -2.34846518	      0.25220638	     17.87202972	      0.00000000	     11.75259488	      1.08904639
1760624803.94400001	      4.30989580	      0.65980260	      3.23031811	      0.04165771	      0.95280156	     -0.00118161	     80.00000000	     -7.00000000	      0.00000000	     80.00000000	      1.39626340	      0.00000000	      0.00000000	      0.00000000	     80.00000000	     -7.00000000	      0.00000000	     80.00000000	      1.39626340	      0.00000000	      0.00000000	      0.00000000	     -3.84743310	      0.26797886	      4.87154823	      2.35658431	     -7.15065306	     -6.96127964	      9.32987658	     11.15579638	      7.25334211	     -0.01992261	      2.53809788	     -2.50413765	      0.24066915	     17.42380005	      0.00000000	     11.75625249	      1.05981894
1760624803.97700000	      4.28800978	      0.62991009	      3.21554185	      0.04285476	      0.95240287	     -0.00102300	     80.00000000	     -7.00000000	      0.00000000	     80.00000000	      1.39626340	      0.00000000	      0.00000000	      0.00000000	     80.00000000	     -7.00000000	      0.00000000	     80.00000000	      1.39626340	      0.00000000	      0.00000000	      0.00000000	     -3.79929753	      0.29988964	      4.84304743	      2.41292444	     -7.21417420	     -6.87541875	      9.33951367	     11.12831082	      7.29326244	     -0.02581888	      2.71089468	     -2.54539519	      0.23582414	     17.41204728	      0.00000000	     11.63515969	      0.87530562
1760624804.00999999	      4.24105907	      0.60640419	      3.20090240	      0.04288223	      0.95137650	     -0.00124678	     80.00000000	     -7.00000000	      0.00000000	     80.00000000	      1.39626340	      0.00000000	      0.00000000	      0.00000000	     80.00000000	     -7.00000000	      0.00000000	     80.00000000	      1.39626340	      0.00000000	      0.00000000	      0.00000000	     -3.68770685	      0.30805228	      4.84426536	      2.44409317	     -7.26110337	     -6.86504475	      9.41573757	     11.11682355	      7.27861698	     -0.02253458	      2.74325085	     -2.55993510	      0.24074877	     17.81584429	      0.00000000	     11.42048986	      0.62355246
1760624804.04399991	      4.20583967	      0.58531193	      3.16934298	      0.04208307	      0.95088061	     -0.00144890	     80.00000000	     -7.00000000	      0.00000000	     80.00000000	      1.39626340	      0.00000000	      0.00000000	      0.00000000	     80.00000000	     -7.00000000	      0.00000000	     80.00000000	      1.39626340	      0.00000000	      0.00000000	      0.00000000	     -3.55034657	      0.30620202	      4.85470576	      2.44224832	     -7.29084527	     -6.96470247	      9.45456531	     11.13573252	      7.28436702	     -0.01795314	      2.68062398	     -2.55516223	      0.14651687	     19.10038902	      0.00000000	     11.13977536	      0.40346118
1760624804.07699990	      4.12445722	      0.56824717	      3.15829217	      0.03921261	      0.95077753	     -0.00191381	     80.00000000	     -7.00000000	      0.00000000	     80.00000000	      1.39626340	      0.00000000	      0.00000000	      0.00000000	     80.00000000	     -7.00000000	      0.00000000	     80.00000000	      1.39626340	      0.00000000	      0.00000000	      0.00000000	     -3.38628345	      0.31521878	      4.88985714	      2.41384485	     -7.30376816	     -7.03350545	      9.44819066	     11.14949386	      7.28370211	     -0.00785257	      2.55695516	     -2.48291121	      0.07558620	     20.60332668	      0.00000000	     10.88659076	      0.26680939
1760624804.11100006	      4.06910481	      0.54393841	      3.16225685	      0.03741086	      0.95035295	     -0.00257541	     80.00000000	     -7.00000000	      0.00000000	     80.00000000	      1.39626340	      0.00000000	      0.00000000	      0.00000000	     80.00000000	     -7.00000000	      0.00000000	     80.00000000	      1.39626340	      0.00000000	      0.00000000	      0.00000000	     -3.23506810	      0.32883992	      4.94448469	      2.36402729	     -7.30676965	     -7.09823652	      9.46738427	     11.17651758	      7.23893667	     -0.00832114	      2.35448950	     -2.36743567	      0.03887460	     22.66639672	      0.00000000	     10.69002866	      0.20368647
1760624804.14400005	      3.98192106	      0.54024833	      3.17288222	      0.03464058	      0.94938031	     -0.00340576	     80.00000000	     -7.00000000	      0.00000000	     80.00000000	      1.39626340	      0.00000000	      0.00000000	      0.00000000	     80.00000000	     -7.00000000	      0.00000000	     80.00000000	      1.39626340	      0.00000000	      0.00000000	      0.00000000	     -3.05217672	      0.30816300	      5.02863216	      2.30438829	     -7.29032734	     -7.16384666	      9.46741007	     11.15349483	      7.19017698	     -0.02028447	      2.00433839	     -2.19502161	      0.11523719	     26.22578397	      0.00000000	     10.45156491	      0.17035886
1760624804.17799997	      3.87765411	      0.56189266	      3.18893324	      0.03130436	      0.94839747	     -0.00383396	     80.00000000	     -7.00000000	      0.00000000	     80.00000000	      1.39626340	      0.00000000	      0.00000000	      0.00000000	     80.00000000	     -7.00000000	      0.00000000	     80.00000000	      1.39626340	      0.00000000	      0.00000000	      0.00000000	     -2.86577664	      0.24390152	      5.08458990	      2.22320636	     -7.23539232	     -7.18951070	      9.40356025	     11.16198234	      7.19705460	     -0.01064748	      1.69623949	     -2.13129808	      0.21135979	     29.38937419	      0.00000000	     10.34666659	      0.39158951
1760624804.21099997	      3.77775757	      0.56900841	      3.22324908	      0.02865877	      0.94737960	     -0.00436483	     80.00000000	     -7.00000000	      0.00000000	     80.00000000	      1.39626340	      0.00000000	      0.00000000	      0.00000000	     80.00000000	     -7.00000000	      0.00000000	     80.00000000	      1.39626340	      0.00000000	      0.00000000	      0.00000000	     -2.65198929	      0.17295174	      5.14279076	      2.11965845	     -7.16417327	     -7.28794253	      9.31225272	     11.23938934	      7.23351147	      0.00076232	      1.28211438	     -2.17291767	      0.54586874	     33.02203499	      0.00000000	     10.32153086	      0.83336249
1760624804.24499989	      3.75078576	      0.56874937	      3.26030640	      0.02740398	      0.94598300	     -0.00487607	     80.00000000	     -7.00000000	      0.00000000	     80.00000000	      1.39626340	      0.00000000	      0.00000000	      0.00000000	     80.00000000	     -7.00000000	      0.00000000	     80.00000000	      1.39626340	      0.00000000	      0.00000000	      0.00000000	     -2.51066470	      0.04474026	      5.15846272	      2.08683973	     -7.06159972	     -7.26534538	      9.27214047	     11.18924904	      7.20200516	      0.01711115	      0.59591246	     -2.37972908	      1.21415078	     38.60781435	      0.00000000	     10.43029594	      1.43770299
1760624804.27800012	      3.87768757	      0.57063271	      3.26965894	      0.03026377	      0.94660134	     -0.00479731	     80.00000000	     -7.00000000	      0.00000000	     80.00000000	      1.39626340	      0.00000000	      0.00000000	      0.00000000	     80.00000000	     -7.00000000	      0.00000000	     80.00000000	      1.39626340	      0.00000000	      0.00000000	      0.00000000	     -2.70367788	      0.01345230	      5.02617206	      2.17378317	     -7.05581120	     -7.04918034	      9.12798307	     11.08799575	      7.32796698	      0.03735101	      0.34925055	     -2.56182356	      1.34859373	     43.21845370	      0.00000000	     10.60593513	      2.16158092
1760624804.31100011	      4.05315581	      0.58087959	      3.28594739	      0.03320005	      0.94702399	     -0.00497829	     80.00000000	     -7.00000000	      0.00000000	     80.00000000	      1.39626340	      0.00000000	      0.00000000	      0.00000000	     80.00000000	     -7.00000000	      0.00000000	     80.00000000	      1.39626340	      0.00000000	      0.00000000	      0.00000000	     -2.94816853	     -0.01480902	      4.88468113	      2.24622793	     -7.06720473	     -6.93461934	      9.05066228	     11.12276140	      7.48447723	      0.04834320	      0.18550302	     -2.72294319	      1.33821611	     48.06061830	      0.00000000	     10.73385332	      2.99750291
1760624804.34500003	      4.19441274	      0.60927924	      3.29059452	      0.03393577	      0.94618490	     -0.00557612	     80.00000000	     -7.00000000	      0.00000000	     80.00000000	      1.39626340	      0.00000000	      0.00000000	      0.00000000	     80.00000000	     -7.00000000	      0.00000000	     80.00000000	      1.39626340	      0.00000000	      0.00000000	      0.00000000	     -3.10143925	     -0.14314749	      4.85802620	      2.30927607	     -7.07081659	     -6.90318985	      9.35620057	     11.16291686	      7.37818102	      0.03874065	     -0.05780099	     -3.03036939	      1.44879905	     54.67050698	      0.00000000	     10.40875528	      3.83083184
1760624804.37800002	      4.33346706	      0.62155153	      3.27496209	      0.03294399	      0.94569976	     -0.00655141	     80.00000000	     -7.00000000	      0.00000000	     80.00000000	      1.39626340	      0.00000000	      0.00000000	      0.00000000	     80.00000000	     -7.00000000	      0.00000000	     80.00000000	      1.39626340	      0.00000000	      0.00000000	      0.00000000	     -3.22632057	     -0.25469783	      4.87939092	      2.33171882	     -7.05320794	     -6.90772566	      9.66386518	     11.15960840	      7.14458180	      0.00093374	     -0.19792125	     -3.26779348	      1.48100868	     59.86533463	      0.00000000	     10.02203893	      4.31736060
1760624804.41199994	      4.31481109	      0.65789124	      3.24847222	      0.03119208	      0.94325540	     -0.00795815	     80.00000000	     -7.00000000	      0.00000000	     80.00000000	      1.39626340	      0.00000000	      0.00000000	      0.00000000	     80.00000000	     -7.00000000	      0.00000000	     80.00000000	      1.39626340	      0.00000000	      0.00000000	      0.00000000	     -3.12709540	     -0.49060208	      4.95385214	      2.27755609	     -6.99320665	     -6.92923269	      9.94229934	     11.10935217	      6.96501985	     -0.01981507	     -0.48788551	     -3.71119698	      1.65020211	     67.20119241	      0.00000000	      9.41473953	      4.81572410
1760624804.44499993	      4.52391374	      0.68312538	      3.20728658	      0.03527153	      0.94276208	     -0.00855585	     80.00000000	     -7.00000000	      0.00000000	     80.00000000	      1.39626340	      0.00000000	      0.00000000	      0.00000000	     80.00000000	     -7.00000000	      0.00000000	     80.00000000	      1.39626340	      0.00000000	      0.00000000	      0.00000000	     -3.42613268	     -0.62792167	      4.90249156	      2.33897321	     -6.93642701	     -6.83890409	     10.10599753	     11.09173499	      6.89374443	     -0.01035301	     -0.43417849	     -3.84637100	      1.66165949	     73.16598269	      0.00000000	      9.12737411	      5.21859178
1760624804.47799993	      4.73630703	      0.68961128	      3.18456329	      0.03902973	      0.94644852	     -0.00857671	     80.00000000	     -7.00000000	      0.00000000	     80.00000000	      1.39626340	      0.00000000	      0.00000000	      0.00000000	     80.00000000	     -7.00000000	      0.00000000	     80.00000000	      1.39626340	      0.00000000	      0.00000000	      0.00000000	     -3.71411053	     -0.65073318	      4.78867493	      2.34756870	     -6.93422010	     -6.72786056	      9.96428556	     11.07103068	      6.98645757	      0.00276165	     -0.24810178	     -4.00451095	      1.83462247	     79.27548932	      0.00000000	      9.12467852	      5.63299139
1760624804.51200008	      4.83014747	      0.68969413	      3.17394891	      0.04244126	      0.95075306	     -0.00723107	     80.00000000	     -7.00000000	      0.00000000	     80.00000000	      1.39626340	      0.00000000	      0.00000000	      0.00000000	     80.00000000	     -7.00000000	      0.00000000	     80.00000000	      1.39626340	      0.00000000	      0.00000000	      0.00000000	     -3.84431803	     -0.72250657	      4.66599657	      2.29603499	     -6.82296013	     -6.55437897	      9.68808752	     10.97927806	      7.23592209	      0.04930386	      0.07739873	     -4.47771765	      2.22334990	     87.37940896	      0.00000000	      9.22657612	      6.17940054
1760624804.54600000	      4.73089756	      0.47262576	      3.19526558	      0.04172138	      0.96009132	     -0.00271045	     80.00000000	     -7.00000000	      0.00000000	     80.00000000	      1.39626340	      0.00000000	      0.00000000	      0.00000000	     80.00000000	     -7.00000000	      0.00000000	     80.00000000	      1.39626340	      0.00000000	      0.00000000	      0.00000000	     -3.71379927	     -0.31103038	      4.42394102	      2.01779432	     -6.80672100	     -6.26853952	      8.32216080	     10.92757383	      8.32669035	      0.19007832	      0.52710230	     -4.67007209	      2.56776461	     93.47502973	      0.00000000	      9.91655674	      6.96940136
1760624804.57900000	      4.57279997	      0.49286961	      3.15293479	      0.03969306	      0.95986425	     -0.00306264	     80.00000000	     -7.00000000	      0.00000000	     80.00000000	      1.39626340	      0.00000000	      0.00000000	      0.00000000	     80.00000000	     -7.00000000	      0.00000000	     80.00000000	      1.39626340	      0.00000000	      0.00000000	      0.00000000	     -3.48323126	     -0.49292570	      4.24132576	      1.72597827	     -6.56279731	     -6.00390164	      6.87036718	     10.78327518	      9.57339020	      0.27384518	      1.08404362	     -5.43017756	      2.86005674	     98.61406037	      0.07386441	      9.93876525	      7.35959231
1760624804.61299992	      4.63767114	      0.45932513	      3.12456197	      0.04135867	      0.95476105	     -0.00344858	     80.00000000	     -7.00000000	      0.00000000	     80.00000000	      1.39626340	      0.00000000	      0.00000000	      0.00000000	     80.00000000	     -7.00000000	      0.00000000	     80.00000000	      1.39626340	      0.00000000	      0.00000000	      0.00000000	     -3.55384518	     -0.68088047	      4.16467208	      1.71403052	     -6.37044381	     -5.91658255	      6.83241964	     10.66291578	      9.62813137	      0.29336892	      1.69920820	     -5.98055035	      3.74233185	    105.05373768	      0.91735171	      9.93140441	      7.52155648
1760624804.64599991	      4.57974580	      0.42767352	      3.10603912	      0.04040261	      0.95711295	     -0.00323521	     80.00000000	     -7.00000000	      0.00000000	     80.00000000	      1.39626340	      0.00000000	      0.00000000	      0.00000000	     80.00000000	     -7.00000000	      0.00000000	     80.00000000	      1.39626340	      0.00000000	      0.00000000	      0.00000000	     -3.43340540	     -0.67619828	      3.88318126	      1.42469869	     -6.20622128	     -5.58818213	      4.97204359	     10.45649082	     11.16329939	      0.43394456	      2.24206116	     -6.29306725	      4.31732244	    109.61700626	      1.11285955	     10.10740291	      7.85577221
1760624804.67899990	      4.75808056	      0.37138696	      3.07824243	      0.04382859	      0.95759922	     -0.00181072	     80.00000000	     -7.00000000	      0.00000000	     80.00000000	      1.39626340	      0.00000000	      0.00000000	      0.00000000	     80.00000000	     -7.00000000	      0.00000000	     80.00000000	      1.39626340	      0.00000000	      0.00000000	      0.00000000	     -3.65423622	     -0.66905481	      3.63205358	      1.30784762	     -6.01155116	     -5.35879537	      3.89945295	     10.33646972	     12.11069780	      0.53209089	      2.86073692	     -6.74990501	      4.81117665	    113.83259217	      1.13329400	     10.25823551	      8.76720096
1760624804.71300006	      4.87878402	      0.34741707	      3.04218318	      0.04893938	      0.95878863	     -0.00206575	     80.00000000	     -7.00000000	      0.00000000	     80.00000000	      1.39626340	      0.00000000	      0.00000000	      0.00000000	     80.00000000	     -7.00000000	      0.00000000	     80.00000000	      1.39626340	      0.00000000	      0.00000000	      0.00000000	     -3.83113130	     -0.68186536	      3.59516292	      1.27899571	     -5.83710988	     -5.43452560	      4.02217200	     10.32734751	     12.09664091	      0.56110735	      3.70643582	     -7.43616196	      5.77087983	    119.06855922	      1.45986399	     11.87081408	     10.51600276
1760624804.74600005	      5.03556786	      0.25444438	      3.03908325	      0.05113412	      0.96089649	     -0.00066596	     80.00000000	     -7.00000000	      0.00000000	     80.00000000	      1.39626340	      0.00000000	      0.00000000	      0.00000000	     80.00000000	     -7.00000000	      0.00000000	     80.00000000	      1.39626340	      0.00000000	      0.00000000	      0.00000000	     -4.03017304	     -0.56614851	      3.57262345	      1.18840913	     -5.68287972	     -5.43741239	      3.85898009	     10.34583290	     12.22286129	      0.59397261	      4.49901753	     -7.91083725	      6.76420304	    122.64389330	      1.58779546	     12.82218590	     11.77030269
1760624804.77999997	      5.04104344	     -0.02217382	      3.09214801	      0.05114782	      0.96683060	      0.00486122	     80.00000000	     -7.00000000	      0.00000000	     80.00000000	      1.39626340	      0.00000000	      0.00000000	      0.00000000	     80.00000000	     -7.00000000	      0.00000000	     80.00000000	      1.39626340	      0.00000000	      0.00000000	      0.00000000	     -4.06937990	     -0.03436137	      3.52514380	      1.04692664	     -5.66648808	     -5.30877275	      3.22207836	     10.34698320	     12.57848359	      0.65225527	      5.37167822	     -8.04419699	      7.98633048	    125.97200632	      1.65560773	     13.74706350	     13.07053938
1760624804.81299996	      5.19176221	      0.01231192	      3.11852292	      0.05729745	      0.96564442	      0.00575277	     80.00000000	     -7.00000000	      0.00000000	     80.00000000	      1.39626340	      0.00000000	      0.00000000	      0.00000000	     80.00000000	     -7.00000000	      0.00000000	     80.00000000	      1.39626340	      0.00000000	      0.00000000	      0.00000000	     -4.40456779	     -0.04425570	      3.54681699	      1.15291197	     -5.57045855	     -5.13642145	      3.31072937	     10.22149379	     12.42543680	      0.63931217	      6.43549931	     -8.54684508	      9.54433974	    129.67062362	      1.26812898	     15.03446456	     14.27005627
1760624804.84699988	      5.01207555	      0.06662833	      3.10744544	      0.05461195	      0.96604755	      0.00715500	     80.00000000	     -7.00000000	      0.00000000	     80.00000000	      1.39626340	      0.00000000	      0.00000000	      0.00000000	     80.00000000	     -7.00000000	      0.00000000	     80.00000000	      1.39626340	      0.00000000	      0.00000000	      0.00000000	     -4.24664670	     -0.03241475	      3.55679613	      1.04629398	     -5.51733679	     -5.05405087	      2.68843357	     10.16466982	     12.81221917	      0.70378166	      6.98261725	     -8.81752989	     10.42546918	    132.13391508	      0.79741801	     16.20592523	     15.12955579
1760624804.91300011	      4.81187430	      0.05147757	      3.10855665	      0.05058786	      0.96095764	      0.01008537	     80.00000000	     -7.00000000	      0.00000000	     80.00000000	      1.39626340	      0.00000000	      0.00000000	      0.00000000	     80.00000000	     -7.00000000	      0.00000000	     80.00000000	      1.39626340	      0.00000000	      0.00000000	      0.00000000	     -4.04574208	     -0.14209848	      3.60062935	      0.86053693	     -5.21486844	     -5.16621436	      1.87353202	     10.32522492	     13.60975977	      0.76292932	      8.24098022	     -8.93535486	     11.44099218	    134.69219353	      0.25645313	     18.49593181	     17.05726699
1760624804.94700003	      4.61522682	      0.10437904	      3.09556543	      0.04796395	      0.96293816	      0.01013687	     80.00000000	     -7.00000000	      0.00000000	     80.00000000	      1.39626340	      0.00000000	      0.00000000	      0.00000000	     80.00000000	     -7.00000000	      0.00000000	     80.00000000	      1.39626340	      0.00000000	      0.00000000	      0.00000000	     -3.72984373	     -0.20004361	      3.69251955	      0.66993968	     -5.13598940	     -5.15118697	      1.54327286	     10.36840127	     13.83620218	      0.76947904	      8.46590201	     -8.72603435	     11.63507587	    134.73678648	      1.17218023	     19.49638533	     17.34097501
1760624804.98000002	      4.34861117	      0.14833374	      3.09900561	      0.04269243	      0.96528622	      0.01029401	     80.00000000	     -7.00000000	      0.00000000	     80.00000000	      1.39626340	      0.00000000	      0.00000000	      0.00000000	     80.00000000	     -7.00000000	      0.00000000	     80.00000000	      1.39626340	      0.00000000	      0.00000000	      0.00000000	     -3.37956509	     -0.23036807	      3.81757163	      0.55782570	     -5.05308236	     -5.04633152	      1.27372462	     10.26275806	     13.90279367	      0.77897523	      8.47904027	     -8.56196799	     11.78004862	    134.84454905	      1.56417007	     20.20637704	     17.55976242
1760624805.01399994	      4.23388914	      0.20406219	      3.12786918	      0.04201303	      0.96529936	      0.01003706	     80.00000000	     -7.00000000	      0.00000000	     80.00000000	      1.39626340	      0.00000000	      0.00000000	      0.00000000	     80.00000000	     -7.00000000	      0.00000000	     80.00000000	      1.39626340	      0.00000000	      0.00000000	      0.00000000	     -3.19908056	     -0.27241036	      3.94452263	      0.53119266	     -5.02298493	     -4.89560130	      1.25107397	     10.15312040	     13.88007200	      0.79362034	      8.20022644	     -8.42260653	     11.86938358	    134.71154109	      1.97581409	     20.47456960	     17.63077082
1760624805.04699993	      4.12118403	      0.23596502	      3.14889182	      0.04220756	      0.96548762	      0.01093805	     80.00000000	     -7.00000000	      0.00000000	     80.00000000	      1.39626340	      0.00000000	      0.00000000	      0.00000000	     80.00000000	     -7.00000000	      0.00000000	     80.00000000	      1.39626340	      0.00000000	      0.00000000	      0.00000000	     -3.04828557	     -0.25939325	      4.01169110	      0.52716378	     -5.03999253	     -4.86827417	      1.28908563	     10.11426063	     13.88156293	      0.79216954	      7.91661760	     -8.38909977	     11.59245673	    134.53060757	      2.02869584	     20.28329159	     17.72399316
1760624805.08100009	      4.01079551	      0.26545237	      3.16173966	      0.04298201	      0.96566128	      0.01214998	     80.00000000	     -7.00000000	      0.00000000	     80.00000000	      1.39626340	      0.00000000	      0.00000000	      0.00000000	     80.00000000	     -7.00000000	      0.00000000	     80.00000000	      1.39626340	      0.00000000	      0.00000000	      0.00000000	     -2.88461873	     -0.25913469	      4.07844240	      0.50841637	     -5.05125954	     -4.86925270	      1.36154436	     10.15408160	     13.87753096	      0.79464335	      7.56399664	     -8.39662735	     11.22997703	    134.27639989	      2.00817071	     19.88169006	     17.63760399
1760624805.11400008	      3.92560989	      0.29783315	      3.17051836	      0.04303816	      0.96592327	      0.01301333	     80.00000000	     -7.00000000	      0.00000000	     80.00000000	      1.39626340	      0.00000000	      0.00000000	      0.00000000	     80.00000000	     -7.00000000	      0.00000000	     80.00000000	      1.39626340	      0.00000000	      0.00000000	      0.00000000	     -2.75423567	     -0.25495092	      4.12835970	      0.50256339	     -5.07971116	     -4.79404672	      1.34772470	     10.10253465	     13.93591570	      0.80368235	      7.05229510	     -8.38116107	     10.55556096	    133.92905529	      1.43317347	     18.92731966	     17.11416479
1760624805.14800000	      3.78144934	      0.34745512	      3.16504558	      0.04158950	      0.96554433	      0.01395591	     80.00000000	     -7.00000000	      0.00000000	     80.00000000	      1.39626340	      0.00000000	      0.00000000	      0.00000000	     80.00000000	     -7.00000000	      0.00000000	     80.00000000	      1.39626340	      0.00000000	      0.00000000	      0.00000000	     -2.58833663	     -0.29138690	      4.15170905	      0.49728818	     -5.08099940	     -4.70839582	      1.18036909	     10.06568313	     14.04939782	      0.81464497	      6.59233992	     -8.26324991	      9.88463245	    133.57186286	      0.86682595	     18.16807233	     16.46680595
1760624805.21499991	      3.62010641	      0.38976368	      3.14208894	      0.03967604	      0.96706155	      0.01521054	     80.00000000	     -7.00000000	      0.00000000	     80.00000000	      1.39626340	      0.00000000	      0.00000000	      0.00000000	     80.00000000	     -7.00000000	      0.00000000	     80.00000000	      1.39626340	      0.00000000	      0.00000000	      0.00000000	     -2.38380505	     -0.19977606	      4.25482746	      0.55404576	     -5.20622298	     -4.62019742	      1.26823093	     10.02109626	     14.06652712	      0.79633737	      5.58700982	     -7.66074516	      7.36048311	    131.17084214	      0.00252818	     16.08785127	     14.48115809
1760624805.24799991	      3.51246085	      0.32878215	      3.13264834	      0.03842486	      0.96671666	      0.01616308	     80.00000000	     -7.00000000	      0.00000000	     80.00000000	      1.39626340	      0.00000000	      0.00000000	      0.00000000	     80.00000000	     -7.00000000	      0.00000000	     80.00000000	      1.39626340	      0.00000000	      0.00000000	      0.00000000	     -2.24212400	     -0.04712746	      4.28579768	      0.57973134	     -5.27547627	     -4.59878132	      1.36829679	     10.02685776	     14.00787137	      0.79540638	      5.29965836	     -7.58848029	      5.22813185	    128.93015343	      0.18060993	     15.41908418	     14.05843637
1760624805.28099990	      3.45761061	      0.19282659	      3.14898863	      0.03621129	      0.96774472	      0.01720510	     80.00000000	     -7.00000000	      0.00000000	     80.00000000	      1.39626340	      0.00000000	      0.00000000	      0.00000000	     80.00000000	     -7.00000000	      0.00000000	     80.00000000	      1.39626340	      0.00000000	      0.00000000	      0.00000000	     -2.14906569	      0.17694039	      4.27825910	      0.64365795	     -5.34307668	     -4.61271164	      1.54727381	      9.98600403	     13.84218809	      0.80969286	      5.04293706	     -7.54263149	      2.96862483	    126.27480121	      0.35992219	     14.91363268	     13.86832865
1760624805.31500006	      3.49911338	      0.09756402	      3.15889263	      0.03390987	      0.97024818	      0.01755495	     80.00000000	     -7.00000000	      0.00000000	     80.00000000	      1.39626340	      0.00000000	      0.00000000	      0.00000000	     80.00000000	     -7.00000000	      0.00000000	     80.00000000	      1.39626340	      0.00000000	      0.00000000	      0.00000000	     -2.02856899	      0.35385875	      4.29953142	      0.55277217	     -5.38037442	     -4.74015675	      1.81332574	     10.07078257	     13.61351659	      0.78947675	      4.61219400	     -7.15752360	      0.54576090	    121.38272483	      2.61591329	     14.86369097	     13.89291198
1760624805.34800005	      3.61505254	      0.10908828	      3.16449139	      0.03426487	      0.97315809	      0.01682387	     80.00000000	     -7.00000000	      0.00000000	     80.00000000	      1.39626340	      0.00000000	      0.00000000	      0.00000000	     80.00000000	     -7.00000000	      0.00000000	     80.00000000	      1.39626340	      0.00000000	      0.00000000	      0.00000000	     -2.15877921	      0.45889121	      4.35332212	      0.60477385	     -5.45809760	     -4.83498079	      2.17963676	     10.20362147	     13.27877511	      0.75739375	      4.50022117	     -6.80044373	     -0.66067263	    117.11740783	      4.62523873	     14.93976215	     13.36854519
1760624805.38199997	      3.81470934	      0.11140901	      3.19615486	      0.03706618	      0.97694026	      0.01652883	     80.00000000	     -7.00000000	      0.00000000	     80.00000000	      1.39626340	      0.00000000	      0.00000000	      0.00000000	     80.00000000	     -7.00000000	      0.00000000	     80.00000000	      1.39626340	      0.00000000	      0.00000000	      0.00000000	     -2.33134526	      0.65232555	      4.49314017	      0.71655441	     -5.61899348	     -4.99704987	      2.95747965	     10.23076939	     12.46784407	      0.66905261	      4.31293468	     -6.43031831	     -1.55698296	    111.66054412	      5.04124876	     14.98280101	     12.43190844
1760624805.41499996	      3.92443672	      0.19922067	      3.18707470	      0.03827234	      0.97856115	      0.01470688	     80.00000000	     -7.00000000	      0.00000000	     80.00000000	      1.39626340	      0.00000000	      0.00000000	      0.00000000	     80.00000000	     -7.00000000	      0.00000000	     80.00000000	      1.39626340	      0.00000000	      0.00000000	      0.00000000	     -2.46887154	      0.65887142	      4.57540400	      0.83911714	     -5.75878772	     -5.09243753	      3.41168385	     10.20352241	     12.00807246	      0.60270334	      4.17028009	     -6.07927826	     -1.95923365	    107.60570185	      4.54474859	     14.99736457	     11.51253986
1760624805.44899988	      3.87619670	      0.22369893	      3.19150546	      0.03884267	      0.97754613	      0.01301412	     80.00000000	     -7.00000000	      0.00000000	     80.00000000	      1.39626340	      0.00000000	      0.00000000	      0.00000000	     80.00000000	     -7.00000000	      0.00000000	     80.00000000	      1.39626340	      0.00000000	      0.00000000	      0.00000000	     -2.30039719	      0.64002519	      4.62746646	      0.74954012	     -5.76468413	     -5.23816163	      3.44839059	     10.25756143	     11.99012914	      0.58241020	      3.92371989	     -5.79130787	     -2.34895040	    103.32467801	      3.77479631	     14.78410317	     10.58393571
1760624805.48200011	      3.81214394	      0.30727540	      3.14813827	      0.03992685	      0.97755785	      0.00987339	     80.00000000	     -7.00000000	      0.00000000	     80.00000000	      1.39626340	      0.00000000	      0.00000000	      0.00000000	     80.00000000	     -7.00000000	      0.00000000	     80.00000000	      1.39626340	      0.00000000	      0.00000000	      0.00000000	     -2.17288095	      0.60868222	      4.72848211	      0.76504962	     -5.84587778	     -5.47302168	      3.77621773	     10.35912736	     11.72506822	      0.54346590	      3.69808633	     -5.38248003	     -2.51931619	     97.60202415	      2.23077849	     14.91550252	      9.19856264
1760624805.51600003	      3.90328973	      0.34207314	      3.12128583	      0.04210981	      0.97758814	      0.00820665	     80.00000000	     -7.00000000	      0.00000000	     80.00000000	      1.39626340	      0.00000000	      0.00000000	      0.00000000	     80.00000000	     -7.00000000	      0.00000000	     80.00000000	      1.39626340	      0.00000000	      0.00000000	      0.00000000	     -2.27064545	      0.63017055	      4.81314001	      0.89708837	     -5.92360249	     -5.64207726	      4.56803403	     10.37675574	     11.10610665	      0.49196956	      3.68047513	     -5.01061651	     -2.47430630	     92.91078126	      1.23461298	     15.05780492	      8.49218618
1760624805.54900002	      3.95783090	      0.51550086	      3.07786537	      0.04271088	      0.97943176	      0.00382909	     80.00000000	     -7.00000000	      0.00000000	     80.00000000	      1.39626340	      0.00000000	      0.00000000	      0.00000000	     80.00000000	     -7.00000000	      0.00000000	     80.00000000	      1.39626340	      0.00000000	      0.00000000	      0.00000000	     -2.34801236	      0.47673978	      4.89180375	      1.00771722	     -6.00760111	     -5.76565314	      5.07751183	     10.40860685	     10.72266318	      0.43092337	      3.67926164	     -4.19008981	     -2.13856932	     88.61021112	      0.00000000	     14.90009667	      6.85776036
1760624805.58200002	      3.98911345	      0.57144598	      3.07453028	      0.04079343	      0.98127503	      0.00171449	     80.00000000	     -7.00000000	      0.00000000	     80.00000000	      1.39626340	      0.00000000	      0.00000000	      0.00000000	     80.00000000	     -7.00000000	      0.00000000	     80.00000000	      1.39626340	      0.00000000	      0.00000000	      0.00000000	     -2.43600320	      0.52825067	      4.84605373	      1.10339646	     -6.13322424	     -5.75361365	      5.19229146	     10.44350777	     10.63328203	      0.41374813	      4.04088425	     -3.56124477	     -1.52297402	     81.31345288	      0.00000000	     15.65054438	      5.70873092
1760624805.61599994	      3.97678567	      0.84524773	      3.02923758	      0.03868927	      0.98008219	     -0.00406178	     80.00000000	     -7.00000000	      0.00000000	     80.00000000	      1.39626340	      0.00000000	      0.00000000	      0.00000000	     80.00000000	     -7.00000000	      0.00000000	     80.00000000	      1.39626340	      0.00000000	      0.00000000	      0.00000000	     -2.45482092	      0.18459000	      4.96572487	      1.21944675	     -6.18003517	     -5.86185870	      5.77956438	     10.41037688	     10.17823517	      0.30130003	      4.41000044	     -3.61490967	     -0.98317886	     75.28517408	      0.00000000	     15.92938673	      4.58249743
1760624805.64899993	      4.00064137	      0.82473244	      3.05111917	      0.03901784	      0.98070898	     -0.00501660	     80.00000000	     -7.00000000	      0.00000000	     80.00000000	      1.39626340	      0.00000000	      0.00000000	      0.00000000	     80.00000000	     -7.00000000	      0.00000000	     80.00000000	      1.39626340	      0.00000000	      0.00000000	      0.00000000	     -2.52719728	      0.29070651	      4.98766732	      1.34808519	     -6.28697587	     -5.95586128	      6.24654799	     10.40345350	      9.81200413	      0.27364079	      4.55118634	     -2.52092856	     -0.28203382	     70.08551877	      0.00000000	     16.00914572	      3.65704021
1760624805.68300009	      4.08504798	      0.96832661	      3.03155245	      0.03730742	      0.98045134	     -0.00798949	     80.00000000	     -7.00000000	      0.00000000	     80.00000000	      1.39626340	      0.00000000	      0.00000000	      0.00000000	     80.00000000	     -7.00000000	      0.00000000	     80.00000000	      1.39626340	      0.00000000	      0.00000000	      0.00000000	     -2.68629524	      0.19157945	      4.99896704	      1.55473730	     -6.41938668	     -6.10719823	      7.19160914	     10.40103522	      9.08150110	      0.19323284	      4.81965984	     -2.64374999	      0.80298814	     62.22215578	      0.00000000	     16.75579014	      3.15127909
1760624805.71600008	      4.19142411	      1.22213854	      2.99968119	      0.03704138	      0.97294286	     -0.01217516	     80.00000000	     -7.00000000	      0.00000000	     80.00000000	      1.39626340	      0.00000000	      0.00000000	      0.00000000	     80.00000000	     -7.00000000	      0.00000000	     80.00000000	      1.39626340	      0.00000000	      0.00000000	      0.00000000	     -2.91767162	     -0.29586969	      5.07733734	      1.82879847	     -6.36271272	     -6.29233960	      8.13888578	     10.35918562	      8.40577135	      0.09298757	      4.74495570	     -2.36134611	      1.58624460	     57.06138232	      0.00000000	     15.80566560	      1.75445755
1760624805.75000000	      4.39739124	      1.30070082	      2.97814729	      0.04169911	      0.96714279	     -0.01285152	     80.00000000	     -7.00000000	      0.00000000	     80.00000000	      1.39626340	      0.00000000	      0.00000000	      0.00000000	     80.00000000	     -7.00000000	      0.00000000	     80.00000000	      1.39626340	      0.00000000	      0.00000000	      0.00000000	     -3.25713450	     -0.53925478	      5.06337632	      2.10215422	     -6.36148747	     -6.37738878	      9.07671812	     10.28736639	      7.71442357	      0.05940707	      4.36713296	     -2.03364141	      1.98862686	     52.81356819	      0.00000000	     15.43348880	      1.31191932
1760624805.78299999	      4.36159276	      1.38121755	      2.94125999	      0.04354162	      0.96194018	     -0.01184688	     80.00000000	     -7.00000000	      0.00000000	     80.00000000	      1.39626340	      0.00000000	      0.00000000	      0.00000000	     80.00000000	     -7.00000000	      0.00000000	     80.00000000	      1.39626340	      0.00000000	      0.00000000	      0.00000000	     -3.33498409	     -0.74852983	      5.10959937	      2.30864907	     -6.35542909	     -6.53710527	     10.13793242	     10.28910236	      6.89923505	     -0.07448828	      4.20486755	     -2.88586487	      3.13393242	     46.09604533	      0.00000000	     15.61497633	      1.88220395
1760624805.81699991	      4.29222707	      1.39143556	      2.95707646	      0.04339187	      0.95951400	     -0.01065638	     80.00000000	     -7.00000000	      0.00000000	     80.00000000	      1.39626340	      0.00000000	      0.00000000	      0.00000000	     80.00000000	     -7.00000000	      0.00000000	     80.00000000	      1.39626340	      0.00000000	      0.00000000	      0.00000000	     -3.36932525	     -0.80391471	      5.07951786	      2.30970019	     -6.31591182	     -6.61478749	     10.00238697	     10.46395841	      6.98144389	     -0.01408381	      4.26548386	     -2.63114226	      3.93461982	     41.53372583	      0.00000000	     15.53671494	      1.94138291
1760624805.84999990	      4.20651756	      1.40053055	      2.95376139	      0.04154867	      0.95804209	     -0.00873211	     80.00000000	     -7.00000000	      0.00000000	     80.00000000	      1.39626340	      0.00000000	      0.00000000	      0.00000000	     80.00000000	     -7.00000000	      0.00000000	     80.00000000	      1.39626340	      0.00000000	      0.00000000	      0.00000000	     -3.31075775	     -0.85932934	      5.05356143	      2.23331546	     -6.29346803	     -6.63952631	      9.78070815	     10.57026214	      7.08756065	      0.03335320	      4.06303413	     -2.30820819	      4.55679098	     37.45586618	      0.00000000	     15.71685919	      2.02384306
1760624805.88400006	      4.27408526	      1.40778152	      2.96225288	      0.04177949	      0.95822200	     -0.00758692	     80.00000000	     -7.00000000	      0.00000000	     80.00000000	      1.39626340	      0.00000000	      0.00000000	      0.00000000	     80.00000000	     -7.00000000	      0.00000000	     80.00000000	      1.39626340	      0.00000000	      0.00000000	      0.00000000	     -3.53344470	     -0.88186047	      4.97615945	      2.33709088	     -6.31599602	     -6.56795191	      9.72971480	     10.50143015	      7.05248352	     -0.02752484	      4.21865585	     -1.92838710	      5.54927309	     31.87985614	      0.00000000	     15.81628538	      1.54900226
1760624805.91700006	      4.21109287	      1.39620464	      2.98932576	      0.04240922	      0.95804401	     -0.00669678	     80.00000000	     -7.00000000	      0.00000000	     80.00000000	      1.39626340	      0.00000000	      0.00000000	      0.00000000	     80.00000000	     -7.00000000	      0.00000000	     80.00000000	      1.39626340	      0.00000000	      0.00000000	      0.00000000	     -3.56809625	     -0.88816541	      4.90762777	      2.35765034	     -6.38058864	     -6.58412917	      9.66443058	     10.53582589	      7.11399910	     -0.00703008	      4.13839388	     -1.50769475	      5.61288788	     28.55859815	      0.00000000	     15.68478429	      1.10431906
1760624805.95000005	      4.13222824	      1.35774476	      3.00437369	      0.04252923	      0.95734940	     -0.00582694	     80.00000000	     -7.00000000	      0.00000000	     80.00000000	      1.39626340	      0.00000000	      0.00000000	      0.00000000	     80.00000000	     -7.00000000	      0.00000000	     80.00000000	      1.39626340	      0.00000000	      0.00000000	      0.00000000	     -3.53590933	     -0.87055675	      4.85488903	      2.29979975	     -6.42664732	     -6.65999026	      9.55048532	     10.67662232	      7.24981299	      0.00664725	      4.03151498	     -1.38657231	      5.78009732	     25.42219394	      0.00000000	     15.71950939	      1.31783301
1760624805.98399997	      4.06432023	      1.33302707	      3.01113258	      0.04268799	      0.95558172	     -0.00484193	     80.00000000	     -7.00000000	      0.00000000	     80.00000000	      1.39626340	      0.00000000	      0.00000000	      0.00000000	     80.00000000	     -7.00000000	      0.00000000	     80.00000000	      1.39626340	      0.00000000	      0.00000000	      0.00000000	     -3.54654786	     -0.89405250	      4.84450878	      2.27656676	     -6.45895707	     -6.74387981	      9.44444425	     10.80247190	      7.39596479	      0.03728209	      3.90536558	     -1.27798497	      6.26209058	     21.80602016	      0.00000000	     15.46851884	      1.26059973
1760624806.01699996	      4.12235209	      1.28756341	      3.03354115	      0.04446250	      0.95444403	     -0.00447024	     80.00000000	     -7.00000000	      0.00000000	     80.00000000	      1.39626340	      0.00000000	      0.00000000	      0.00000000	     80.00000000	     -7.00000000	      0.00000000	     80.00000000	      1.39626340	      0.00000000	      0.00000000	      0.00000000	     -3.71391009	     -0.84109645	      4.81130623	      2.32877571	     -6.51896722	     -6.72512689	      9.29670183	     10.80486203	      7.49043349	      0.04445700	      3.75143561	     -1.14993581	      6.10795698	     20.06874008	      0.00000000	     15.32183114	      1.17283918
1760624806.05100012	      4.09537679	      1.23879999	      3.04744774	      0.04423247	      0.95144229	     -0.00346649	     80.00000000	     -7.00000000	      0.00000000	     80.00000000	      1.39626340	      0.00000000	      0.00000000	      0.00000000	     80.00000000	     -7.00000000	      0.00000000	     80.00000000	      1.39626340	      0.00000000	      0.00000000	      0.00000000	     -3.75492177	     -0.84378602	      4.83342654	      2.36422169	     -6.53144881	     -6.72652443	      9.28239775	     10.79208895	      7.47789559	      0.02450522	      3.66187124	     -1.22044061	      6.00698011	     18.55152861	      0.00000000	     15.14499262	      1.34904622
1760624806.08400011	      4.16697317	      1.15915074	      3.06235634	      0.04468149	      0.95148272	     -0.00186052	     80.00000000	     -7.00000000	      0.00000000	     80.00000000	      1.39626340	      0.00000000	      0.00000000	      0.00000000	     80.00000000	     -7.00000000	      0.00000000	     80.00000000	      1.39626340	      0.00000000	      0.00000000	      0.00000000	     -3.94228600	     -0.76248580	      4.84726063	      2.40402888	     -6.55436869	     -6.63341066	      9.23649856	     10.79316932	      7.50141117	      0.03622472	      3.66952908	     -1.24125504	      5.97742106	     17.15158040	      0.00000000	     15.16439137	      1.59933743
1760624806.11800003	      4.22217420	      1.07323447	      3.08345492	      0.04413165	      0.95137095	     -0.00109884	     80.00000000	     -7.00000000	      0.00000000	     80.00000000	      1.39626340	      0.00000000	      0.00000000	      0.00000000	     80.00000000	     -7.00000000	      0.00000000	     80.00000000	      1.39626340	      0.00000000	      0.00000000	      0.00000000	     -4.05567099	     -0.68851727	      4.87866905	      2.43249549	     -6.55976938	     -6.61845078	      9.20949918	     10.79498496	      7.51609196	      0.02797245	      3.59791261	     -1.28671163	      5.75462839	     16.62996586	      0.00000000	     15.23271294	      1.75853044
1760624806.15100002	      4.21222111	      0.96281498	      3.10713698	      0.04420657	      0.95112616	     -0.00056826	     80.00000000	     -7.00000000	      0.00000000	     80.00000000	      1.39626340	      0.00000000	      0.00000000	      0.00000000	     80.00000000	     -7.00000000	      0.00000000	     80.00000000	      1.39626340	      0.00000000	      0.00000000	      0.00000000	     -4.06139064	     -0.57036654	      4.89504784	      2.43793134	     -6.59951466	     -6.58180226	      9.14016600	     10.77082339	      7.56331929	      0.01097651	      3.61305251	     -1.34812580	      5.53730971	     16.22438178	      0.00000000	     15.34707011	      1.95602475
1760624806.21799994	      4.19686688	      0.84490555	      3.13222394	      0.04310868	      0.95182407	      0.00000640	     80.00000000	     -7.00000000	      0.00000000	     80.00000000	      1.39626340	      0.00000000	      0.00000000	      0.00000000	     80.00000000	     -7.00000000	      0.00000000	     80.00000000	      1.39626340	      0.00000000	      0.00000000	      0.00000000	     -4.04717914	     -0.44150447	      4.90420800	      2.46383130	     -6.64562453	     -6.47556790	      9.03469375	     10.78634075	      7.63588591	      0.01860993	      3.86484435	     -1.53482423	      5.20396671	     15.54871963	      0.00000000	     15.44551445	      2.12149402
1760624806.25200009	      4.23186147	      0.77138759	      3.14149908	      0.04296024	      0.95129938	      0.00011246	     80.00000000	     -7.00000000	      0.00000000	     80.00000000	      1.39626340	      0.00000000	      0.00000000	      0.00000000	     80.00000000	     -7.00000000	      0.00000000	     80.00000000	      1.39626340	      0.00000000	      0.00000000	      0.00000000	     -4.08338916	     -0.36733632	      4.87389123	      2.53555823	     -6.66768365	     -6.39700883	      8.95136760	     10.70016185	      7.72476984	      0.02352958	      4.16423358	     -1.63750194	      5.20044235	     15.14815580	      0.00000000	     15.44670466	      2.13619896
1760624806.28500009	      4.19474579	      0.72649707	      3.14646774	      0.04263445	      0.95090306	     -0.00027822	     80.00000000	     -7.00000000	      0.00000000	     80.00000000	      1.39626340	      0.00000000	      0.00000000	      0.00000000	     80.00000000	     -7.00000000	      0.00000000	     80.00000000	      1.39626340	      0.00000000	      0.00000000	      0.00000000	     -4.00848150	     -0.31020702	      4.85548227	      2.56850853	     -6.70217689	     -6.37096882	      8.91966269	     10.68866129	      7.76475070	      0.02585772	      4.35464744	     -1.66824773	      5.25848150	     14.87427609	      0.00000000	     15.46385904	      2.05738368
1760624806.31800008	      4.17981198	      0.68321885	      3.14313722	      0.04295823	      0.95003012	     -0.00053193	     80.00000000	     -7.00000000	      0.00000000	     80.00000000	      1.39626340	      0.00000000	      0.00000000	      0.00000000	     80.00000000	     -7.00000000	      0.00000000	     80.00000000	      1.39626340	      0.00000000	      0.00000000	      0.00000000	     -3.98931013	     -0.26842736	      4.80161702	      2.63192170	     -6.72791193	     -6.33392642	      8.87951772	     10.67077068	      7.82787133	      0.04081556	      4.50917998	     -1.68751030	      5.30566030	     14.79019195	      0.00000000	     15.39434934	      1.88762876
1760624806.35200000	      4.15492537	      0.64623323	      3.12692657	      0.04259398	      0.94972189	     -0.00091651	     80.00000000	     -7.00000000	      0.00000000	     80.00000000	      1.39626340	      0.00000000	      0.00000000	      0.00000000	     80.00000000	     -7.00000000	      0.00000000	     80.00000000	      1.39626340	      0.00000000	      0.00000000	      0.00000000	     -3.91568583	     -0.21092853	      4.76925157	      2.68128383	     -6.75520498	     -6.28532744	      8.84845957	     10.58202752	      7.88833255	      0.03450899	      4.59493862	     -1.69559335	      5.41758071	     14.90474212	      0.00000000	     15.35887969	      1.73621752
1760624806.38499999	      4.07222649	      0.63569292	      3.11983367	      0.04108285	      0.95003942	     -0.00132796	     80.00000000	     -7.00000000	      0.00000000	     80.00000000	      1.39626340	      0.00000000	      0.00000000	      0.00000000	     80.00000000	     -7.00000000	      0.00000000	     80.00000000	      1.39626340	      0.00000000	      0.00000000	      0.00000000	     -3.75059864	     -0.17500691	      4.75990100	      2.64764647	     -6.77877458	     -6.33690262	      8.76918540	     10.59529112	      7.95873073	      0.05343168	      4.53950723	     -1.67389142	      5.51206542	     15.22983954	      0.00000000	     15.32634826	      1.61400158
1760624806.41899991	      4.16230820	      0.64148315	      3.10665127	      0.03928676	      0.95070563	     -0.00156218	     80.00000000	     -7.00000000	      0.00000000	     80.00000000	      1.39626340	      0.00000000	      0.00000000	      0.00000000	     80.00000000	     -7.00000000	      0.00000000	     80.00000000	      1.39626340	      0.00000000	      0.00000000	      0.00000000	     -3.81273640	     -0.16921158	      4.75611529	      2.67409560	     -6.77051511	     -6.37662538	      8.84118242	     10.61348373	      7.91544727	      0.05405844	      4.53561027	     -1.65471602	      5.51953018	     15.76964374	      0.00000000	     15.27584521	      1.54244384
1760624806.45199990	      4.11897574	      0.64993608	      3.10258875	      0.03828814	      0.94976613	     -0.00136596	     80.00000000	     -7.00000000	      0.00000000	     80.00000000	      1.39626340	      0.00000000	      0.00000000	      0.00000000	     80.00000000	     -7.00000000	      0.00000000	     80.00000000	      1.39626340	      0.00000000	      0.00000000	      0.00000000	     -3.70771677	     -0.19129676	      4.78409112	      2.64793896	     -6.72572503	     -6.44517963	      8.84265257	     10.62826912	      7.86647744	      0.07902854	      4.56474289	     -1.67664124	      5.48845957	     16.48203552	      0.00000000	     15.15389200	      1.67306795
1760624806.48600006	      4.09609038	      0.67104569	      3.10903194	      0.03785431	      0.94910690	     -0.00143168	     80.00000000	     -7.00000000	      0.00000000	     80.00000000	      1.39626340	      0.00000000	      0.00000000	      0.00000000	     80.00000000	     -7.00000000	      0.00000000	     80.00000000	      1.39626340	      0.00000000	      0.00000000	      0.00000000	     -3.63338229	     -0.22519571	      4.80350582	      2.62627254	     -6.68622522	     -6.47900597	      8.84466248	     10.60794728	      7.82087080	      0.06485490	      4.64991915	     -1.67390654	      5.62659167	     16.95890403	      0.00000000	     15.05695353	      1.65844304
1760624806.51900005	      4.06632098	      0.68980572	      3.12034493	      0.03721505	      0.94871841	     -0.00153106	     80.00000000	     -7.00000000	      0.00000000	     80.00000000	      1.39626340	      0.00000000	      0.00000000	      0.00000000	     80.00000000	     -7.00000000	      0.00000000	     80.00000000	      1.39626340	      0.00000000	      0.00000000	      0.00000000	     -3.56319196	     -0.25294251	      4.81219194	      2.60532783	     -6.65882847	     -6.46773744	      8.84277543	     10.56983671	      7.80793925	      0.06575306	      4.72875278	     -1.66385268	      5.89349878	     17.50073710	      0.00000000	     14.94626238	      1.46932477
1760624806.55299997	      3.98636776	      0.73661016	      3.13663172	      0.03686761	      0.94799941	     -0.00167702	     80.00000000	     -7.00000000	      0.00000000	     80.00000000	      1.39626340	      0.00000000	      0.00000000	      0.00000000	     80.00000000	     -7.00000000	      0.00000000	     80.00000000	      1.39626340	      0.00000000	      0.00000000	      0.00000000	     -3.39207632	     -0.31842989	      4.81561270	      2.53418794	     -6.63693388	     -6.50077901	      8.79952360	     10.54244147	      7.83776981	      0.07949183	      4.75563401	     -1.68974453	      6.35207201	     18.51018359	      0.00000000	     14.59076033	      0.89446647
1760624806.58599997	      3.94930863	      0.77925622	      3.14812971	      0.03702875	      0.94735706	     -0.00182535	     80.00000000	     -7.00000000	      0.00000000	     80.00000000	      1.39626340	      0.00000000	      0.00000000	      0.00000000	     80.00000000	     -7.00000000	      0.00000000	     80.00000000	      1.39626340	      0.00000000	      0.00000000	      0.00000000	     -3.30143269	     -0.38507018	      4.83705724	      2.50502232	     -6.63959169	     -6.60134072	      8.87185064	     10.58133017	      7.82493169	      0.09028040	      4.67561361	     -1.73582887	      6.52799020	     19.75385650	      0.00000000	     14.28810775	      0.45491745
1760624806.61999989	      3.97597536	      0.82736180	      3.14948955	      0.03452155	      0.94760199	     -0.00201254	     80.00000000	     -7.00000000	      0.00000000	     80.00000000	      1.39626340	      0.00000000	      0.00000000	      0.00000000	     80.00000000	     -7.00000000	      0.00000000	     80.00000000	      1.39626340	      0.00000000	      0.00000000	      0.00000000	     -3.26733367	     -0.45405809	      4.87796234	      2.45784982	     -6.63365947	     -6.68760220	      8.95712916	     10.61392046	      7.76971667	      0.07960841	      4.51164539	     -1.79849837	      6.59934194	     21.47642968	      0.00000000	     13.92300790	      0.06307881
1760624806.65300012	      4.00944688	      0.85421590	      3.16157891	      0.03168593	      0.94742011	     -0.00274304	     80.00000000	     -7.00000000	      0.00000000	     80.00000000	      1.39626340	      0.00000000	      0.00000000	      0.00000000	     80.00000000	     -7.00000000	      0.00000000	     80.00000000	      1.39626340	      0.00000000	      0.00000000	      0.00000000	     -3.21828110	     -0.50847006	      4.96981808	      2.37736977	     -6.66241566	     -6.84018877	      9.10641849	     10.70126065	      7.66204700	      0.05794311	      4.16410342	     -1.94163992	      6.45649190	     24.51043152	      0.00000000	     13.50121007	     -0.23502487
1760624806.68600011	      4.02305289	      0.87369072	      3.14869609	      0.03072004	      0.94682188	     -0.00313045	     80.00000000	     -7.00000000	      0.00000000	     80.00000000	      1.39626340	      0.00000000	      0.00000000	      0.00000000	     80.00000000	     -7.00000000	      0.00000000	     80.00000000	      1.39626340	      0.00000000	      0.00000000	      0.00000000	     -3.20285321	     -0.54755630	      5.09701503	      2.35839869	     -6.69652373	     -6.94568123	      9.42690679	     10.73824141	      7.31714301	      0.01903997	      3.97834787	     -2.06439238	      6.29268067	     27.12379340	      0.00000000	     13.17300871	     -0.22938181
1760624806.72000003	      4.01480765	      0.88707579	      3.17177706	      0.02964783	      0.94679574	     -0.00346956	     80.00000000	     -7.00000000	      0.00000000	     80.00000000	      1.39626340	      0.00000000	      0.00000000	      0.00000000	     80.00000000	     -7.00000000	      0.00000000	     80.00000000	      1.39626340	      0.00000000	      0.00000000	      0.00000000	     -3.18475309	     -0.56920235	      5.16994637	      2.31386112	     -6.72403077	     -6.97855138	      9.49459348	     10.76102060	      7.28158577	     -0.00278472	      3.81895882	     -2.08344590	      6.10814897	     30.21580222	      0.00000000	     12.87076292	     -0.39206140
1760624806.75300002	      3.94830842	      0.91382710	      3.17406829	      0.02717970	      0.94557169	     -0.00413714	     80.00000000	     -7.00000000	      0.00000000	     80.00000000	      1.39626340	      0.00000000	      0.00000000	      0.00000000	     80.00000000	     -7.00000000	      0.00000000	     80.00000000	      1.39626340	      0.00000000	      0.00000000	      0.00000000	     -3.08865280	     -0.64955186	      5.27459038	      2.26347071	     -6.73250304	     -6.99223368	      9.56857202	     10.74090054	      7.21346627	     -0.03301886	      3.43021199	     -2.13638353	      5.80975556	     35.23144185	      0.00000000	     12.38924310	     -0.65115765
1760624806.78699994	      3.91989669	      0.93831973	      3.16997984	      0.02578958	      0.94454703	     -0.00485254	     80.00000000	     -7.00000000	      0.00000000	     80.00000000	      1.39626340	      0.00000000	      0.00000000	      0.00000000	     80.00000000	     -7.00000000	      0.00000000	     80.00000000	      1.39626340	      0.00000000	      0.00000000	      0.00000000	     -3.05177530	     -0.73751755	      5.33107241	      2.24459685	     -6.72393712	     -6.99100634	      9.65014930	     10.70788389	      7.17581541	     -0.05106262	      3.02804493	     -2.13836516	      5.46707566	     39.84015856	      0.00000000	     12.11253240	     -0.72812942
1760624806.81999993	      3.95468806	      0.96120003	      3.16035896	      0.02626853	      0.94426100	     -0.00531210	     80.00000000	     -7.00000000	      0.00000000	     80.00000000	      1.39626340	      0.00000000	      0.00000000	      0.00000000	     80.00000000	     -7.00000000	      0.00000000	     80.00000000	      1.39626340	      0.00000000	      0.00000000	      0.00000000	     -3.11994125	     -0.81763034	      5.31939005	      2.25025707	     -6.72134213	     -6.92219349	      9.64965403	     10.68009101	      7.19984227	     -0.05155262	      2.58670272	     -2.12988605	      4.87230659	     45.30321762	      0.00000000	     11.87498530	     -0.50122984
1760624806.85299993	      4.14879113	      0.97192515	      3.15429590	      0.02975385	      0.94382255	     -0.00557868	     80.00000000	     -7.00000000	      0.00000000	     80.00000000	      1.39626340	      0.00000000	      0.00000000	      0.00000000	     80.00000000	     -7.00000000	      0.00000000	     80.00000000	      1.39626340	      0.00000000	      0.00000000	      0.00000000	     -3.42555304	     -0.94539521	      5.21866681	      2.31283282	     -6.65772495	     -6.74838431	      9.53865043	     10.63323998	      7.36394165	     -0.05773673	      2.16402408	     -2.30903507	      4.05577998	     53.17662519	      0.00000000	     11.45315386	      0.49867463
1760624806.88700008	      4.56192912	      0.94890621	      3.16551733	      0.03360268	      0.94440877	     -0.00564074	     80.00000000	     -7.00000000	      0.00000000	     80.00000000	      1.39626340	      0.00000000	      0.00000000	      0.00000000	     80.00000000	     -7.00000000	      0.00000000	     80.00000000	      1.39626340	      0.00000000	      0.00000000	      0.00000000	     -4.01775591	     -0.99019700	      5.06273089	      2.45604830	     -6.58868240	     -6.53248776	      9.50230982	     10.59606441	      7.46536452	     -0.07229389	      2.22748896	     -2.58452422	      3.70999269	     59.12864073	      0.00000000	     10.96949340	      1.42279058
1760624806.92000008	      4.62637571	      0.96219121	      3.17314187	      0.03145495	      0.94283123	     -0.00634625	     80.00000000	     -7.00000000	      0.00000000	     80.00000000	      1.39626340	      0.00000000	      0.00000000	      0.00000000	     80.00000000	     -7.00000000	      0.00000000	     80.00000000	      1.39626340	      0.00000000	      0.00000000	      0.00000000	     -4.15362472	     -1.12777150	      5.10119079	      2.57023684	     -6.54005773	     -6.54706774	     10.12635464	     10.58660877	      7.04098431	     -0.09543686	      1.91811165	     -2.93360122	      3.61781582	     65.51890648	      0.00000000	     10.34817001	      2.21426274
1760624806.95400000	      4.64884458	      0.98395040	      3.15027217	      0.03061663	      0.94022332	     -0.00768506	     80.00000000	     -7.00000000	      0.00000000	     80.00000000	      1.39626340	      0.00000000	      0.00000000	      0.00000000	     80.00000000	     -7.00000000	      0.00000000	     80.00000000	      1.39626340	      0.00000000	      0.00000000	      0.00000000	     -4.25446696	     -1.38216886	      5.07562855	      2.65511894	     -6.40856713	     -6.45709894	     10.35841657	     10.51917459	      6.92746007	     -0.10650865	      1.57987675	     -3.54456377	      3.57377148	     74.55580269	      0.00000000	      9.83623645	      3.28726655
1760624806.98699999	      4.81952638	      0.99147510	      3.13168229	      0.03902367	      0.94198476	     -0.00702397	     80.00000000	     -7.00000000	      0.00000000	     80.00000000	      1.39626340	      0.00000000	      0.00000000	      0.00000000	     80.00000000	     -7.00000000	      0.00000000	     80.00000000	      1.39626340	      0.00000000	      0.00000000	      0.00000000	     -4.52372511	     -1.45663171	      4.88392129	      2.63927922	     -6.31816441	     -6.19906970	      9.96252203	     10.44573857	      7.30147127	     -0.06571859	      1.65688137	     -3.78643104	      3.33753347	     81.14395121	      1.41468393	      9.89437176	      4.27918860
1760624807.02099991	      4.75380102	      0.93132838	      3.10923018	      0.04084402	      0.95097446	     -0.00554058	     80.00000000	     -7.00000000	      0.00000000	     80.00000000	      1.39626340	      0.00000000	      0.00000000	      0.00000000	     80.00000000	     -7.00000000	      0.00000000	     80.00000000	      1.39626340	      0.00000000	      0.00000000	      0.00000000	     -4.49724825	     -1.29483866	      4.79810053	      2.54694137	     -6.37947234	     -6.06086208	      9.53507544	     10.40442635	      7.66847406	     -0.03644608	      1.84079135	     -4.00978507	      3.48632342	     87.73763267	      3.07991322	     10.58308516	      5.18189040
1760624807.05399990	      4.77314187	      0.55129271	      3.12637446	      0.04320433	      0.96234818	      0.00170088	     80.00000000	     -7.00000000	      0.00000000	     80.00000000	      1.39626340	      0.00000000	      0.00000000	      0.00000000	     80.00000000	     -7.00000000	      0.00000000	     80.00000000	      1.39626340	      0.00000000	      0.00000000	      0.00000000	     -4.58460379	     -0.63013139	      4.54519059	      2.34906657	     -6.31740869	     -5.72245143	      8.35029088	     10.31103490	      8.61777810	      0.13054620	      2.51455077	     -3.95772458	      3.96567141	     95.84300502	      5.14495630	     11.48859074	      6.97596283
1760624807.08800006	      4.74332365	      0.59370668	      3.08406984	      0.04379065	      0.96258464	      0.00053495	     80.00000000	     -7.00000000	      0.00000000	     80.00000000	      1.39626340	      0.00000000	      0.00000000	      0.00000000	     80.00000000	     -7.00000000	      0.00000000	     80.00000000	      1.39626340	      0.00000000	      0.00000000	      0.00000000	     -4.54329139	     -0.80627482	      4.31068921	      2.15719399	     -6.11825679	     -5.41493457	      7.11212375	     10.14951620	      9.70586571	      0.20565987	      3.12636195	     -4.50672032	      4.31151228	    100.92455197	      6.63924882	     11.20295466	      6.96198474
1760624807.12100005	      4.71908155	      0.61904199	      3.04471303	      0.04517896	      0.96106764	      0.00000657	     80.00000000	     -7.00000000	      0.00000000	     80.00000000	      1.39626340	      0.00000000	      0.00000000	      0.00000000	     80.00000000	     -7.00000000	      0.00000000	     80.00000000	      1.39626340	      0.00000000	      0.00000000	      0.00000000	     -4.48022996	     -0.96015784	      4.12822175	      1.96743450	     -5.93021944	     -5.23815117	      6.05041089	     10.03715081	     10.62403480	      0.28651367	      3.77138594	     -5.13330087	      4.78378027	    105.68573949	      7.80133390	     10.55924206	      6.20630547
1760624807.15499997	      4.56374254	      0.64508749	      2.98579630	      0.04464360	      0.95917929	     -0.00079246	     80.00000000	     -7.00000000	      0.00000000	     80.00000000	      1.39626340	      0.00000000	      0.00000000	      0.00000000	     80.00000000	     -7.00000000	      0.00000000	     80.00000000	      1.39626340	      0.00000000	      0.00000000	      0.00000000	     -4.22386712	     -1.12141694	      3.93425479	      1.65766892	     -5.63353209	     -5.06864706	      4.46178292	      9.86708659	     11.93941281	      0.45358427	      4.36511028	     -5.77523664	      5.56950426	    111.47962898	      8.96521992	     10.53240582	      6.02954753
1760624807.18799996	      4.80950061	      0.62156888	      2.95794247	      0.05096213	      0.96301571	     -0.00084156	     80.00000000	     -7.00000000	      0.00000000	     80.00000000	      1.39626340	      0.00000000	      0.00000000	      0.00000000	     80.00000000	     -7.00000000	      0.00000000	     80.00000000	      1.39626340	      0.00000000	      0.00000000	      0.00000000	     -4.58881684	     -0.99388883	      3.85640485	      1.78547103	     -5.62168616	     -4.99798746	      4.70810985	      9.71730069	     11.74899104	      0.45418793	      4.80699959	     -5.94110992	      6.14874629	    115.51397850	      9.97570064	     11.28167514	      6.31952653
1760624807.22199988	      4.78158072	      0.37846705	      2.97607052	      0.05222616	      0.96809796	      0.00415885	     80.00000000	     -7.00000000	      0.00000000	     80.00000000	      1.39626340	      0.00000000	      0.00000000	      0.00000000	     80.00000000	     -7.00000000	      0.00000000	     80.00000000	      1.39626340	      0.00000000	      0.00000000	      0.00000000	     -4.54276610	     -0.58519848	      3.70526292	      1.64718546	     -5.48720760	     -4.92757915	      4.05341079	      9.61614959	     12.20762511	      0.55999174	      5.14472020	     -6.21152238	      6.76604250	    120.37529136	     10.96933207	     12.12386152	      7.39654623
1760624807.28800011	      4.76504774	      0.17776446	      3.00028869	      0.05370403	      0.96689963	      0.00817431	     80.00000000	     -7.00000000	      0.00000000	     80.00000000	      1.39626340	      0.00000000	      0.00000000	      0.00000000	     80.00000000	     -7.00000000	      0.00000000	     80.00000000	      1.39626340	      0.00000000	      0.00000000	      0.00000000	     -4.52654510	     -0.31895482	      3.57243942	      1.45728003	     -5.23277190	     -4.84582938	      3.12361669	      9.55260780	     12.92408047	      0.67978091	      5.48207562	     -7.22728741	      7.37773010	    126.41776444	     10.95754456	     13.60343128	      9.63633801
1760624807.32200003	      4.64227920	      0.12728305	      3.02404000	      0.05325671	      0.96583169	      0.01109630	     80.00000000	     -7.00000000	      0.00000000	     80.00000000	      1.39626340	      0.00000000	      0.00000000	      0.00000000	     80.00000000	     -7.00000000	      0.00000000	     80.00000000	      1.39626340	      0.00000000	      0.00000000	      0.00000000	     -4.36500789	     -0.21415227	      3.56683718	      1.27163675	     -5.07842851	     -4.81465945	      2.28547398	      9.49758591	     13.51991263	      0.74996945	      5.71627443	     -7.85082825	      7.81092621	    129.53730542	     10.42142245	     14.73944259	     10.94526796
1760624807.35500002	      4.49932283	      0.14707604	      3.02477620	      0.05174922	      0.96603212	      0.01181861	     80.00000000	     -7.00000000	      0.00000000	     80.00000000	      1.39626340	      0.00000000	      0.00000000	      0.00000000	     80.00000000	     -7.00000000	      0.00000000	     80.00000000	      1.39626340	      0.00000000	      0.00000000	      0.00000000	     -4.17285158	     -0.19463819	      3.62557248	      1.12423030	     -5.03861147	     -4.91537381	      1.87629258	      9.58821964	     13.81467772	      0.78914443	      6.00159807	     -8.30589620	      8.05162074	    131.26177598	     10.45278617	     16.15069840	     11.73631569
1760624807.38899994	      4.45377344	      0.16742509	      3.05416434	      0.05037938	      0.96396048	      0.01361347	     80.00000000	     -7.00000000	      0.00000000	     80.00000000	      1.39626340	      0.00000000	      0.00000000	      0.00000000	     80.00000000	     -7.00000000	      0.00000000	     80.00000000	      1.39626340	      0.00000000	      0.00000000	      0.00000000	     -4.12296777	     -0.22746645	      3.70074760	      1.08832258	     -4.99168842	     -4.96244432	      1.91378626	      9.62184043	     13.77559010	      0.76090832	      6.46857817	     -8.74098091	      8.20872233	    132.29183428	     11.03208548	     17.90454842	     12.79522765
1760624807.42199993	      4.32902264	      0.21287795	      3.09175344	      0.04782262	      0.96370544	      0.01392305	     80.00000000	     -7.00000000	      0.00000000	     80.00000000	      1.39626340	      0.00000000	      0.00000000	      0.00000000	     80.00000000	     -7.00000000	      0.00000000	     80.00000000	      1.39626340	      0.00000000	      0.00000000	      0.00000000	     -3.94311147	     -0.24987407	      3.82700333	      0.96347555	     -4.97939115	     -5.02535386	      1.77239732	      9.69196908	     13.80366881	      0.73100534	      7.13934837	     -8.82898603	      8.32564499	    132.48530701	     13.30027594	     20.33250544	     13.43591019
1760624807.45600009	      4.20911074	      0.24329438	      3.13172497	      0.04607382	      0.96485565	      0.01302066	     80.00000000	     -7.00000000	      0.00000000	     80.00000000	      1.39626340	      0.00000000	      0.00000000	      0.00000000	     80.00000000	     -7.00000000	      0.00000000	     80.00000000	      1.39626340	      0.00000000	      0.00000000	      0.00000000	     -3.76811506	     -0.21576119	      4.01471848	      0.90184637	     -5.05649085	     -5.14624863	      1.82401384	      9.80857833	     13.71784465	      0.70832858	      7.61877210	     -8.56224167	      8.57872475	    132.18565527	     14.88942130	     21.19692556	     13.19229311
1760624807.48900008	      4.10897911	      0.22196343	      3.16570859	      0.04489862	      0.96471223	      0.01355792	     80.00000000	     -7.00000000	      0.00000000	     80.00000000	      1.39626340	      0.00000000	      0.00000000	      0.00000000	     80.00000000	     -7.00000000	      0.00000000	     80.00000000	      1.39626340	      0.00000000	      0.00000000	      0.00000000	     -3.56775702	     -0.19382662	      4.17955663	      0.79814932	     -5.04764483	     -5.16035871	      1.72112725	      9.85461036	     13.71329321	      0.70090792	      7.93346069	     -8.32431824	      8.97636898	    131.99525455	     15.22286464	     21.55444219	     13.21493599
1760624807.52300000	      4.03800282	      0.24843578	      3.18906387	      0.04265523	      0.96459275	      0.01334552	     80.00000000	     -7.00000000	      0.00000000	     80.00000000	      1.39626340	      0.00000000	      0.00000000	      0.00000000	     80.00000000	     -7.00000000	      0.00000000	     80.00000000	      1.39626340	      0.00000000	      0.00000000	      0.00000000	     -3.47795698	     -0.20779141	      4.20765963	      0.85732261	     -5.10165857	     -4.89611040	      1.63454616	      9.63129353	     13.76598395	      0.70694531	      8.02882986	     -8.09487658	      9.11177994	    131.86634481	     15.91969642	     22.00093447	     13.27608766
1760624807.55599999	      4.02392379	      0.28499301	      3.18870324	      0.04190504	      0.96435051	      0.01288720	     80.00000000	     -7.00000000	      0.00000000	     80.00000000	      1.39626340	      0.00000000	      0.00000000	      0.00000000	     80.00000000	     -7.00000000	      0.00000000	     80.00000000	      1.39626340	      0.00000000	      0.00000000	      0.00000000	     -3.43634553	     -0.23448281	      4.19405844	      0.92749150	     -5.18803724	     -4.82886910	      1.66103060	      9.54998054	     13.82051157	      0.69755894	      7.85053255	     -7.89446580	      9.11089976	    131.67283510	     16.73675510	     22.02859497	     13.31215928
1760624807.58899999	      3.95091576	      0.33527021	      3.18845615	      0.04176114	      0.96447914	      0.01314897	     80.00000000	     -7.00000000	      0.00000000	     80.00000000	      1.39626340	      0.00000000	      0.00000000	      0.00000000	     80.00000000	     -7.00000000	      0.00000000	     80.00000000	      1.39626340	      0.00000000	      0.00000000	      0.00000000	     -3.34125522	     -0.28986471	      4.18081317	      0.98882044	     -5.24610263	     -4.85005089	      1.76331723	      9.60366733	     13.89572347	      0.73637621	      7.55585096	     -7.73776403	      9.19583452	    131.47433218	     16.85869226	     21.70296523	     13.27972734
1760624807.62299991	      3.82905719	      0.39928565	      3.16171827	      0.04026160	      0.96536883	      0.01281515	     80.00000000	     -7.00000000	      0.00000000	     80.00000000	      1.39626340	      0.00000000	      0.00000000	      0.00000000	     80.00000000	     -7.00000000	      0.00000000	     80.00000000	      1.39626340	      0.00000000	      0.00000000	      0.00000000	     -3.15859074	     -0.33102662	      4.17589351	      1.04130457	     -5.30219634	     -4.76629629	      1.67411250	      9.49618948	     14.03992137	      0.75393286	      6.95282616	     -7.58178801	      9.05240219	    131.23246956	     16.34228991	     21.00562842	     13.05581918
1760624807.65599990	      3.76568862	      0.42974975	      3.12223730	      0.03950148	      0.96609031	      0.01349961	     80.00000000	     -7.00000000	      0.00000000	     80.00000000	      1.39626340	      0.00000000	      0.00000000	      0.00000000	     80.00000000	     -7.00000000	      0.00000000	     80.00000000	      1.39626340	      0.00000000	      0.00000000	      0.00000000	     -3.05930207	     -0.35415560	      4.15291998	      1.11084432	     -5.32340184	     -4.66328154	      1.61397709	      9.37541388	     14.09887742	      0.79378245	      6.39941164	     -7.52445728	      8.58449250	    131.07846659	     15.62833637	     20.30548751	     12.84665662
1760624807.69000006	      3.73959516	      0.43240805	      3.08829096	      0.03948875	      0.96593191	      0.01432585	     80.00000000	     -7.00000000	      0.00000000	     80.00000000	      1.39626340	      0.00000000	      0.00000000	      0.00000000	     80.00000000	     -7.00000000	      0.00000000	     80.00000000	      1.39626340	      0.00000000	      0.00000000	      0.00000000	     -2.99508593	     -0.36050533	      4.11877320	      1.15624645	     -5.32276519	     -4.56652314	      1.62209785	      9.26948569	     14.12001439	      0.81669114	      5.83780570	     -7.46469604	      7.83538781	    130.74626033	     14.64992548	     19.34999948	     12.53810991
1760624807.72300005	      3.67639255	      0.41666903	      3.06886974	      0.03911170	      0.96623133	      0.01597888	     80.00000000	     -7.00000000	      0.00000000	     80.00000000	      1.39626340	      0.00000000	      0.00000000	      0.00000000	     80.00000000	     -7.00000000	      0.00000000	     80.00000000	      1.39626340	      0.00000000	      0.00000000	      0.00000000	     -2.86560675	     -0.29759040	      4.12319738	      1.11914297	     -5.33522909	     -4.67509417	      1.69271522	      9.37877692	     14.11616508	      0.82850203	      5.20872174	     -7.39041300	      6.55128895	    129.63978701	     13.26068065	     18.27390208	     12.28532398
1760624807.75699997	      3.60959677	      0.39060169	      3.06670295	      0.03864913	      0.96584856	      0.01663842	     80.00000000	     -7.00000000	      0.00000000	     80.00000000	      1.39626340	      0.00000000	      0.00000000	      0.00000000	     80.00000000	     -7.00000000	      0.00000000	     80.00000000	      1.39626340	      0.00000000	      0.00000000	      0.00000000	     -2.73336602	     -0.21639885	      4.17842443	      1.06323186	     -5.36017803	     -4.82399050	      1.73242274	      9.50913730	     14.03282465	      0.82234680	      4.81601424	     -7.26587662	      5.62773528	    128.27943966	     12.33646123	     16.42070850	     11.57279089
1760624807.78999996	      3.51172081	      0.27544818	      3.06682273	      0.03799810	      0.96540575	      0.01709070	     80.00000000	     -7.00000000	      0.00000000	     80.00000000	      1.39626340	      0.00000000	      0.00000000	      0.00000000	     80.00000000	     -7.00000000	      0.00000000	     80.00000000	      1.39626340	      0.00000000	      0.00000000	      0.00000000	     -2.52441618	     -0.05499988	      4.33809735	      0.95133789	     -5.36558183	     -4.97779331	      1.77111401	      9.56224294	     13.88655319	      0.77039615	      4.47458892	     -6.95873766	      4.93930247	    126.10074800	     11.84222011	     14.22191277	     10.08717486
1760624807.82399988	      3.38441382	      0.22661208	      3.07172497	      0.03636300	      0.96809712	      0.01711194	     80.00000000	     -7.00000000	      0.00000000	     80.00000000	      1.39626340	      0.00000000	      0.00000000	      0.00000000	     80.00000000	     -7.00000000	      0.00000000	     80.00000000	      1.39626340	      0.00000000	      0.00000000	      0.00000000	     -2.26302893	      0.14631065	      4.44982075	      0.84821487	     -5.44346643	     -5.00954886	      1.82525678	      9.56432802	     13.69520955	      0.76946026	      3.86499414	     -6.09460631	      4.09932771	    122.46320580	     11.33602268	     12.35711196	      7.89526837
1760624807.85700011	      3.40535363	      0.20933504	      3.08377813	      0.03670095	      0.96811419	      0.01717703	     80.00000000	     -7.00000000	      0.00000000	     80.00000000	      1.39626340	      0.00000000	      0.00000000	      0.00000000	     80.00000000	     -7.00000000	      0.00000000	     80.00000000	      1.39626340	      0.00000000	      0.00000000	      0.00000000	     -2.20773029	      0.20869705	      4.44366423	      0.82348390	     -5.45639744	     -5.03630129	      1.79365497	      9.54280733	     13.68683577	      0.77269570	      3.55396415	     -5.47828822	      3.23307652	    119.10893953	     10.57681950	     10.40925093	      6.15179849
1760624807.89100003	      3.36143555	      0.19612254	      3.09766714	      0.03542710	      0.97028432	      0.01719115	     80.00000000	     -7.00000000	      0.00000000	     80.00000000	      1.39626340	      0.00000000	      0.00000000	      0.00000000	     80.00000000	     -7.00000000	      0.00000000	     80.00000000	      1.39626340	      0.00000000	      0.00000000	      0.00000000	     -2.06196607	      0.32161249	      4.46227808	      0.78952009	     -5.55949346	     -5.11182865	      1.93774638	      9.52720300	     13.61830341	      0.77034136	      3.23530390	     -4.80462269	      2.29717468	    115.31154128	      9.36328419	      9.59570638	      4.70473542
1760624807.92400002	      3.48058938	      0.14363085	      3.12758097	      0.03261462	      0.97506393	      0.01589223	     80.00000000	     -7.00000000	      0.00000000	     80.00000000	      1.39626340	      0.00000000	      0.00000000	      0.00000000	     80.00000000	     -7.00000000	      0.00000000	     80.00000000	      1.39626340	      0.00000000	      0.00000000	      0.00000000	     -2.15348244	      0.62055890	      4.54162662	      0.95131729	     -5.82003294	     -5.30319950	      2.93284572	      9.68040784	     12.75481625	      0.68289134	      3.08404838	     -3.86309752	      1.19612606	    108.73194421	      8.64635329	      8.99562661	      3.22315158
1760624807.95700002	      3.52563708	      0.16884595	      3.13365245	      0.03280627	      0.97844752	      0.01353288	     80.00000000	     -7.00000000	      0.00000000	     80.00000000	      1.39626340	      0.00000000	      0.00000000	      0.00000000	     80.00000000	     -7.00000000	      0.00000000	     80.00000000	      1.39626340	      0.00000000	      0.00000000	      0.00000000	     -2.16742073	      0.73396516	      4.66104550	      1.08302763	     -6.00899275	     -5.40351740	      3.47827935	      9.63515493	     12.25622620	      0.60439851	      3.34656670	     -3.38253729	      0.72382673	    103.35670960	      6.16213684	      8.13843711	      1.71822067
1760624807.99099994	      3.49357437	      0.29760758	      3.11761376	      0.03149104	      0.98222336	      0.01039468	     80.00000000	     -7.00000000	      0.00000000	     80.00000000	      1.39626340	      0.00000000	      0.00000000	      0.00000000	     80.00000000	     -7.00000000	      0.00000000	     80.00000000	      1.39626340	      0.00000000	      0.00000000	      0.00000000	     -2.06498451	      0.68009226	      4.67483042	      1.13631641	     -6.17981017	     -5.36483906	      3.59507201	      9.52305230	     12.18962659	      0.59371461	      3.59447333	     -2.90436062	      0.42296539	     97.61009090	      3.49544285	      7.93362115	      0.25567949
1760624808.02399993	      3.62211564	      0.43083060	      3.09454027	      0.03327342	      0.98241549	      0.00805019	     80.00000000	     -7.00000000	      0.00000000	     80.00000000	      1.39626340	      0.00000000	      0.00000000	      0.00000000	     80.00000000	     -7.00000000	      0.00000000	     80.00000000	      1.39626340	      0.00000000	      0.00000000	      0.00000000	     -2.26332191	      0.58060681	      4.63383193	      1.43748365	     -6.30368799	     -5.28970917	      4.39033498	      9.34430448	     11.62438425	      0.49177962	      3.98112845	     -2.89403316	     -0.16428967	     88.89032363	      1.32374609	      7.81697346	     -1.19782919
1760624808.05800009	      3.74295341	      0.70682994	      3.02922381	      0.03520655	      0.98455062	      0.00279921	     80.00000000	     -7.00000000	      0.00000000	     80.00000000	      1.39626340	      0.00000000	      0.00000000	      0.00000000	     80.00000000	     -7.00000000	      0.00000000	     80.00000000	      1.39626340	      0.00000000	      0.00000000	      0.00000000	     -2.42842314	      0.32335206	      4.65856047	      1.61334768	     -6.47016798	     -5.46486587	      5.03174876	      9.43156941	     11.20560563	      0.42268873	      4.48666588	     -2.86354805	     -0.38797217	     81.90345820	      0.00000000	      8.22892700	     -2.55923504
1760624808.09100008	      3.96618395	      0.77591877	      2.99516531	      0.03790747	      0.98363321	      0.00075262	     80.00000000	     -7.00000000	      0.00000000	     80.00000000	      1.39626340	      0.00000000	      0.00000000	      0.00000000	     80.00000000	     -7.00000000	      0.00000000	     80.00000000	      1.39626340	      0.00000000	      0.00000000	      0.00000000	     -2.71879027	      0.25751968	      4.73086631	      1.84627278	     -6.56371094	     -5.68407286	      6.05864817	      9.49029225	     10.46674384	      0.35820611	      4.86289991	     -2.05995198	     -0.39900602	     74.89676047	      0.00000000	      8.51056456	     -3.24311407
1760624808.12500000	      3.92046323	      0.98787421	      2.93723181	      0.03823018	      0.98458438	     -0.00417740	     80.00000000	     -7.00000000	      0.00000000	     80.00000000	      1.39626340	      0.00000000	      0.00000000	      0.00000000	     80.00000000	     -7.00000000	      0.00000000	     80.00000000	      1.39626340	      0.00000000	      0.00000000	      0.00000000	     -2.69919356	      0.00990883	      4.75014201	      1.95409608	     -6.63679598	     -5.74366738	      6.36504327	      9.24827426	     10.21768114	      0.28999464	      4.95106525	     -1.53193637	     -0.36803358	     66.23699678	      0.00000000	      8.92408570	     -4.38247232
1760624808.15799999	      4.06337929	      0.91562414	      2.95759191	      0.04478640	      0.98747972	     -0.00300278	     80.00000000	     -7.00000000	      0.00000000	     80.00000000	      1.39626340	      0.00000000	      0.00000000	      0.00000000	     80.00000000	     -7.00000000	      0.00000000	     80.00000000	      1.39626340	      0.00000000	      0.00000000	      0.00000000	     -2.97190594	      0.23259817	      4.70739468	      2.12973935	     -6.73410114	     -5.78389623	      6.97004459	      9.11920227	      9.69488071	      0.26852658	      5.33369126	     -1.19123924	     -0.13387852	     59.77366505	      0.00000000	      9.51025821	     -4.47176236
1760624808.19199991	      3.92290107	      1.38538487	      2.88746091	      0.04322853	      0.97310779	     -0.01120115	     80.00000000	     -7.00000000	      0.00000000	     80.00000000	      1.39626340	      0.00000000	      0.00000000	      0.00000000	     80.00000000	     -7.00000000	      0.00000000	     80.00000000	      1.39626340	      0.00000000	      0.00000000	      0.00000000	     -2.91901570	     -0.79912841	      4.88657574	      2.35128698	     -6.53935041	     -6.07293441	      8.29956339	      8.92308834	      8.72436815	      0.07799763	      4.80267606	     -1.56095515	      0.17065237	     52.28841718	      0.00000000	      8.15126367	     -5.97409611
1760624808.22499990	      3.88369841	      1.54050909	      2.86766338	      0.04612020	      0.96576078	     -0.01258473	     80.00000000	     -7.00000000	      0.00000000	     80.00000000	      1.39626340	      0.00000000	      0.00000000	      0.00000000	     80.00000000	     -7.00000000	      0.00000000	     80.00000000	      1.39626340	      0.00000000	      0.00000000	      0.00000000	     -2.98208846	     -1.22548051	      4.98868423	      2.52719221	     -6.46508232	     -6.34494611	      9.49746210	      8.85431471	      7.72830530	     -0.09915583	      4.46983975	     -2.46668969	      0.69191355	     46.76932666	      0.00000000	      8.00829758	     -5.61551366
1760624808.25900006	      3.98982028	      1.62564599	      2.86080171	      0.04944146	      0.95932048	     -0.01194656	     80.00000000	     -7.00000000	      0.00000000	     80.00000000	      1.39626340	      0.00000000	      0.00000000	      0.00000000	     80.00000000	     -7.00000000	      0.00000000	     80.00000000	      1.39626340	      0.00000000	      0.00000000	      0.00000000	     -3.27200629	     -1.49201680	      5.00091095	      2.67334497	     -6.35413648	     -6.52990079	     10.25194382	      8.92069651	      6.91694175	     -0.18252888	      4.59580528	     -3.20168451	      1.71950641	     41.06307505	      0.00000000	      7.80817931	     -4.94709708
1760624808.29200006	      3.83659410	      1.61296653	      2.87662586	      0.04475278	      0.95926151	     -0.00982521	     80.00000000	     -7.00000000	      0.00000000	     80.00000000	      1.39626340	      0.00000000	      0.00000000	      0.00000000	     80.00000000	     -7.00000000	      0.00000000	     80.00000000	      1.39626340	      0.00000000	      0.00000000	      0.00000000	     -3.22482474	     -1.53099646	      5.02427249	      2.59814458	     -6.29474623	     -6.58864501	      9.90736517	      9.10455433	      6.77627700	     -0.07271885	      4.32568675	     -2.85232429	      2.70128080	     35.12218305	      0.00000000	      8.00749401	     -4.27221851
1760624808.32599998	      3.80584900	      1.49653823	      2.89129301	      0.04253693	      0.95901174	     -0.00699296	     80.00000000	     -7.00000000	      0.00000000	     80.00000000	      1.39626340	      0.00000000	      0.00000000	      0.00000000	     80.00000000	     -7.00000000	      0.00000000	     80.00000000	      1.39626340	      0.00000000	      0.00000000	      0.00000000	     -3.22928611	     -1.39664193	      4.98022487	      2.48232298	     -6.28137685	     -6.52054806	      9.40373480	      8.98654212	      6.87675132	     -0.03931717	      4.32997200	     -2.68287118	      3.74132962	     30.39452912	      0.00000000	      8.64194200	     -3.33302579
1760624808.35899997	      3.78202611	      1.41084846	      2.93201630	      0.03949524	      0.95720454	     -0.00517975	     80.00000000	     -7.00000000	      0.00000000	     80.00000000	      1.39626340	      0.00000000	      0.00000000	      0.00000000	     80.00000000	     -7.00000000	      0.00000000	     80.00000000	      1.39626340	      0.00000000	      0.00000000	      0.00000000	     -3.28314913	     -1.29950856	      4.97752654	      2.49241416	     -6.30239243	     -6.58698513	      9.28275935	      8.85304902	      6.73434289	     -0.08152847	      4.48784998	     -2.36016429	      4.94562304	     25.64024375	      0.00000000	      8.86637701	     -2.93999028
1760624808.39199996	      3.93186198	      1.28939580	      2.96936428	      0.04214076	      0.95634030	     -0.00430436	     80.00000000	     -7.00000000	      0.00000000	     80.00000000	      1.39626340	      0.00000000	      0.00000000	      0.00000000	     80.00000000	     -7.00000000	      0.00000000	     80.00000000	      1.39626340	      0.00000000	      0.00000000	      0.00000000	     -3.57185888	     -1.13639378	      4.86155441	      2.53878474	     -6.38990662	     -6.42589833	      8.82400741	      8.47176765	      6.98212609	     -0.10976190	      4.71181126	     -1.86219970	      6.39379632	     20.02431377	      0.00000000	      9.42777604	     -2.56181021
1760624808.42600012	      3.89348167	      1.23096744	      2.99096732	      0.04089580	      0.95461395	     -0.00370907	     80.00000000	     -7.00000000	      0.00000000	     80.00000000	      1.39626340	      0.00000000	      0.00000000	      0.00000000	     80.00000000	     -7.00000000	      0.00000000	     80.00000000	      1.39626340	      0.00000000	      0.00000000	      0.00000000	     -3.57833337	     -1.09547910	      4.84868279	      2.52800330	     -6.45199751	     -6.49387072	      8.73646989	      8.32322605	      7.01208557	     -0.14723853	      4.66579268	     -1.49815144	      7.32855650	     16.28028102	      0.00000000	      9.72600883	     -2.06040613
1760624808.45900011	      3.89867486	      1.13726784	      3.02312585	      0.04042508	      0.95046227	     -0.00262523	     80.00000000	     -7.00000000	      0.00000000	     80.00000000	      1.39626340	      0.00000000	      0.00000000	      0.00000000	     80.00000000	     -7.00000000	      0.00000000	     80.00000000	      1.39626340	      0.00000000	      0.00000000	      0.00000000	     -3.63600001	     -1.04396971	      4.80227725	      2.55251496	     -6.48618766	     -6.48407823	      8.61981868	      8.18443029	      7.21248374	     -0.23585996	      4.55500792	     -1.30549237	      8.06901349	     13.04617802	      0.00000000	      9.82017448	     -1.35279655
1760624808.49300003	      4.06695204	      1.02634301	      3.05720000	      0.04256871	      0.94924135	     -0.00234499	     80.00000000	     -7.00000000	      0.00000000	     80.00000000	      1.39626340	      0.00000000	      0.00000000	      0.00000000	     80.00000000	     -7.00000000	      0.00000000	     80.00000000	      1.39626340	      0.00000000	      0.00000000	      0.00000000	     -3.90128660	     -0.95969911	      4.69882732	      2.59708375	     -6.44684097	     -6.31980639	      8.40482558	      7.72234490	      7.77513631	     -0.47357365	      4.48270021	     -1.12798679	      8.47493017	      9.76068273	      0.00000000	     10.21411445	     -0.39061869
1760624808.52600002	      4.19711132	      0.90693431	      3.06031796	      0.04554540	      0.94891165	     -0.00082678	     80.00000000	     -7.00000000	      0.00000000	     80.00000000	      1.39626340	      0.00000000	      0.00000000	      0.00000000	     80.00000000	     -7.00000000	      0.00000000	     80.00000000	      1.39626340	      0.00000000	      0.00000000	      0.00000000	     -4.08630933	     -0.82504373	      4.63470318	      2.60186848	     -6.40604476	     -6.27118956	      8.37182380	      7.51616135	      7.97951287	     -0.64503510	      4.37011795	     -0.98380657	      8.39947501	      8.08166352	      0.00000000	     10.65287937	      0.49264825
1760624808.55999994	      4.37429027	      0.80500009	      3.08608535	      0.04843160	      0.94809408	      0.00042647	     80.00000000	     -7.00000000	      0.00000000	     80.00000000	      1.39626340	      0.00000000	      0.00000000	      0.00000000	     80.00000000	     -7.00000000	      0.00000000	     80.00000000	      1.39626340	      0.00000000	      0.00000000	      0.00000000	     -4.35199474	     -0.73889304	      4.58039425	      2.67393589	     -6.38073769	     -6.22370374	      8.38799316	      7.31558324	      8.24294732	     -0.64601571	      4.29132128	     -1.02364734	      8.15419009	      6.87320950	      0.00000000	     10.93866536	      1.27955289
1760624808.59299994	      4.47470304	      0.68844873	      3.09496981	      0.04928526	      0.94835027	      0.00287441	     80.00000000	     -7.00000000	      0.00000000	     80.00000000	      1.39626340	      0.00000000	      0.00000000	      0.00000000	     80.00000000	     -7.00000000	      0.00000000	     80.00000000	      1.39626340	      0.00000000	      0.00000000	      0.00000000	     -4.45327234	     -0.62862557	      4.60343179	      2.57962262	     -6.31520018	     -6.18739934	      8.43382689	      7.21246058	      8.50107684	     -0.62419138	      4.11062924	     -1.14706169	      7.76745652	      5.75922517	      0.00000000	     11.33182268	      2.29102764
1760624808.62599993	      4.55215939	      0.63224373	      3.09612082	      0.05005860	      0.94845324	      0.00411892	     80.00000000	     -7.00000000	      0.00000000	     80.00000000	      1.39626340	      0.00000000	      0.00000000	      0.00000000	     80.00000000	     -7.00000000	      0.00000000	     80.00000000	      1.39626340	      0.00000000	      0.00000000	      0.00000000	     -4.56469532	     -0.58292179	      4.65256214	      2.56389713	     -6.25737443	     -6.13882110	      8.46508173	      7.01150985	      8.62032040	     -0.67038476	      4.08570632	     -1.30293637	      7.39125246	      5.23976733	      0.00000000	     11.47144472	      2.67503012
1760624808.66000009	      4.67391642	      0.58379256	      3.09972019	      0.04958970	      0.94804583	      0.00472004	     80.00000000	     -7.00000000	      0.00000000	     80.00000000	      1.39626340	      0.00000000	      0.00000000	      0.00000000	     80.00000000	     -7.00000000	      0.00000000	     80.00000000	      1.39626340	      0.00000000	      0.00000000	      0.00000000	     -4.72622838	     -0.54804022	      4.69793574	      2.59337402	     -6.22541532	     -6.07617183	      8.65106774	      6.81549285	      8.57596986	     -0.64459305	      4.16081070	     -1.51513171	      6.99332498	      4.84983168	      0.00000000	     11.63172355	      3.02283273
1760624808.69300008	      4.70228081	      0.52809931	      3.11731715	      0.04853194	      0.94747162	      0.00555172	     80.00000000	     -7.00000000	      0.00000000	     80.00000000	      1.39626340	      0.00000000	      0.00000000	      0.00000000	     80.00000000	     -7.00000000	      0.00000000	     80.00000000	      1.39626340	      0.00000000	      0.00000000	      0.00000000	     -4.74337029	     -0.53053197	      4.76355169	      2.53514848	     -6.18391119	     -6.02617134	      8.69211733	      6.57081530	      8.52951030	     -0.41352008	      4.23919378	     -1.87490317	      6.62740654	      4.44300179	      0.00000000	     11.66420565	      3.78953472
1760624808.72700000	      4.69135314	      0.50811857	      3.12110847	      0.04901939	      0.94849453	      0.00570924	     80.00000000	     -7.00000000	      0.00000000	     80.00000000	      1.39626340	      0.00000000	      0.00000000	      0.00000000	     80.00000000	     -7.00000000	      0.00000000	     80.00000000	      1.39626340	      0.00000000	      0.00000000	      0.00000000	     -4.70266675	     -0.54437746	      4.80575045	      2.48749916	     -6.14312572	     -6.01776077	      8.72456367	      6.33378298	      8.46867212	     -0.26232088	      4.31239327	     -2.13768004	      6.32182926	      4.20805161	      0.00000000	     11.61681707	      4.33976320
1760624808.75999999	      4.60743985	      0.50215227	      3.12636607	      0.04876533	      0.94939784	      0.00556322	     80.00000000	     -7.00000000	      0.00000000	     80.00000000	      1.39626340	      0.00000000	      0.00000000	      0.00000000	     80.00000000	     -7.00000000	      0.00000000	     80.00000000	      1.39626340	      0.00000000	      0.00000000	      0.00000000	     -4.58126738	     -0.57223821	      4.85226576	      2.46655235	     -6.09541906	     -6.01772307	      8.74033085	      6.09828727	      8.25978621	     -0.00683776	      4.39705580	     -2.31822419	      6.04457162	      4.00109626	      0.00000000	     11.30642359	      4.67354511
1760624808.79399991	      4.55946649	      0.48681487	      3.14119952	      0.04931847	      0.94947988	      0.00552758	     80.00000000	     -7.00000000	      0.00000000	     80.00000000	      1.39626340	      0.00000000	      0.00000000	      0.00000000	     80.00000000	     -7.00000000	      0.00000000	     80.00000000	      1.39626340	      0.00000000	      0.00000000	      0.00000000	     -4.49596532	     -0.57466109	      4.83585602	      2.49062401	     -6.09904860	     -5.94504260	      8.76834026	      5.81626748	      7.49925371	      0.38641517	      4.54355065	     -2.45484953	      5.89549005	      3.66345545	      0.00000000	     10.62234541	      5.08968340
1760624808.82699990	      4.52057498	      0.49888715	      3.14609743	      0.05001029	      0.94963950	      0.00495525	     80.00000000	     -7.00000000	      0.00000000	     80.00000000	      1.39626340	      0.00000000	      0.00000000	      0.00000000	     80.00000000	     -7.00000000	      0.00000000	     80.00000000	      1.39626340	      0.00000000	      0.00000000	      0.00000000	     -4.43162854	     -0.61219443	      4.81461033	      2.55572158	     -6.03448226	     -5.77566043	      8.76765172	      5.35339929	      6.86195156	      0.55017272	      4.56969225	     -2.51702280	      5.84220960	      3.65523355	      0.00000000	      9.92527397	      5.25387766
1760624808.86100006	      4.50652302	      0.50546120	      3.14501728	      0.05058797	      0.95018740	      0.00431516	     80.00000000	     -7.00000000	      0.00000000	     80.00000000	      1.39626340	      0.00000000	      0.00000000	      0.00000000	     80.00000000	     -7.00000000	      0.00000000	     80.00000000	      1.39626340	      0.00000000	      0.00000000	      0.00000000	     -4.39989872	     -0.63285501	      4.79959272	      2.63540000	     -6.02068034	     -5.68083746	      8.89651489	      5.12767467	      6.04857540	      0.77399304	      4.49912548	     -2.57874493	      5.70852205	      3.89758230	      0.00000000	      9.49720854	      4.90588425
1760624808.89400005	      4.50774131	      0.47030470	      3.15260618	      0.05124441	      0.95050068	      0.00427762	     80.00000000	     -7.00000000	      0.00000000	     80.00000000	      1.39626340	      0.00000000	      0.00000000	      0.00000000	     80.00000000	     -7.00000000	      0.00000000	     80.00000000	      1.39626340	      0.00000000	      0.00000000	      0.00000000	     -4.37240745	     -0.58040218	      4.76864689	      2.71213199	     -6.00673185	     -5.60965932	      8.95468201	      4.98340206	      5.42134882	      1.06114780	      4.30161528	     -2.57189099	      5.54837444	      4.45768850	      0.00000000	      8.95725153	      4.15946094
1760624808.92799997	      4.52532975	      0.44290353	      3.15849158	      0.05118963	      0.95062803	      0.00378817	     80.00000000	     -7.00000000	      0.00000000	     80.00000000	      1.39626340	      0.00000000	      0.00000000	      0.00000000	     80.00000000	     -7.00000000	      0.00000000	     80.00000000	      1.39626340	      0.00000000	      0.00000000	      0.00000000	     -4.38297913	     -0.52315417	      4.80723792	      2.75208303	     -5.99391697	     -5.67093450	      9.04951225	      4.83470824	      5.36921900	      1.15560314	      4.25324503	     -2.59313783	      5.44226212	      4.66188377	      0.00000000	      8.65105328	      4.01779670
1760624808.96099997	      4.52918640	      0.41294203	      3.16891879	      0.05107308	      0.95081557	      0.00334628	     80.00000000	     -7.00000000	      0.00000000	     80.00000000	      1.39626340	      0.00000000	      0.00000000	      0.00000000	     80.00000000	     -7.00000000	      0.00000000	     80.00000000	      1.39626340	      0.00000000	      0.00000000	      0.00000000	     -4.38264467	     -0.46640073	      4.83592191	      2.75730033	     -5.96575995	     -5.72680971	      9.10657806	      4.85542724	      5.32299835	      1.24250950	      4.33717730	     -2.49722895	      5.62356255	      4.48367800	      0.00000000	      8.46298489	      3.89696462
1760624808.99399996	      4.51958407	      0.40364035	      3.19583480	      0.05074542	      0.95098325	      0.00272529	     80.00000000	     -7.00000000	      0.00000000	     80.00000000	      1.39626340	      0.00000000	      0.00000000	      0.00000000	     80.00000000	     -7.00000000	      0.00000000	     80.00000000	      1.39626340	      0.00000000	      0.00000000	      0.00000000	     -4.38612979	     -0.42558008	      4.85610359	      2.79985223	     -5.95389450	     -5.79203936	      9.06171954	      4.92785615	      5.23663943	      1.25947627	      4.44218063	     -2.38203311	      5.80393667	      4.22159729	      0.00000000	      8.37380040	      3.83412230
1760624809.02800012	      4.50878431	      0.38432824	      3.19818557	      0.05071658	      0.95104080	      0.00274374	     80.00000000	     -7.00000000	      0.00000000	     80.00000000	      1.39626340	      0.00000000	      0.00000000	      0.00000000	     80.00000000	     -7.00000000	      0.00000000	     80.00000000	      1.39626340	      0.00000000	      0.00000000	      0.00000000	     -4.39494576	     -0.38737409	      4.84986851	      2.86294079	     -5.94696461	     -5.73299237	      9.00017972	      4.85828064	      5.18073595	      1.24086245	      4.49624961	     -2.33493590	      5.85659866	      4.07373898	      0.00000000	      8.34943953	      3.87674280
1760624809.06100011	      4.50666654	      0.36158074	      3.21001369	      0.05091362	      0.95082665	      0.00252207	     80.00000000	     -7.00000000	      0.00000000	     80.00000000	      1.39626340	      0.00000000	      0.00000000	      0.00000000	     80.00000000	     -7.00000000	      0.00000000	     80.00000000	      1.39626340	      0.00000000	      0.00000000	      0.00000000	     -4.44042078	     -0.35708412	      4.81361379	      2.91660783	     -5.99504906	     -5.81494750	      9.00240234	      5.03325163	      5.13522380	      1.29060198	      4.53153913	     -2.29288299	      5.87760969	      4.01759290	      0.00000000	      8.30164651	      3.91883690
1760624809.09500003	      4.48850895	      0.35047597	      3.23020567	      0.05092381	      0.95070045	      0.00256271	     80.00000000	     -7.00000000	      0.00000000	     80.00000000	      1.39626340	      0.00000000	      0.00000000	      0.00000000	     80.00000000	     -7.00000000	      0.00000000	     80.00000000	      1.39626340	      0.00000000	      0.00000000	      0.00000000	     -4.48425016	     -0.34539161	      4.79054557	      2.97879040	     -6.03765534	     -5.91349945	      9.00700073	      5.13677377	      5.17610963	      1.28177214	      4.61032706	     -2.27936418	      5.96560902	      3.88422556	      0.00000000	      8.26614268	      3.97621767
1760624809.12800002	      4.46476606	      0.35106255	      3.23428511	      0.05106998	      0.95086528	      0.00261635	     80.00000000	     -7.00000000	      0.00000000	     80.00000000	      1.39626340	      0.00000000	      0.00000000	      0.00000000	     80.00000000	     -7.00000000	      0.00000000	     80.00000000	      1.39626340	      0.00000000	      0.00000000	      0.00000000	     -4.50911971	     -0.35965506	      4.78422118	      3.00404098	     -6.08607043	     -5.96867836	      9.00692806	      5.23364307	      5.20322664	      1.28887260	      4.69149516	     -2.25386373	      5.95275974	      3.81725942	      0.00000000	      8.28784711	      4.01244524
1760624809.16199994	      4.49465722	      0.36051371	      3.24522839	      0.05026067	      0.95067162	      0.00256320	     80.00000000	     -7.00000000	      0.00000000	     80.00000000	      1.39626340	      0.00000000	      0.00000000	      0.00000000	     80.00000000	     -7.00000000	      0.00000000	     80.00000000	      1.39626340	      0.00000000	      0.00000000	      0.00000000	     -4.61853054	     -0.39741892	      4.78257373	      3.05916683	     -6.14397024	     -6.02361251	      8.98611527	      5.39432701	      5.23123640	      1.24042813	      4.77629749	     -2.26745681	      5.89029141	      3.81845067	      0.00000000	      8.44668915	      4.19962897
1760624809.19499993	      4.51170236	      0.35787096	      3.24263540	      0.04989180	      0.95044323	      0.00252805	     80.00000000	     -7.00000000	      0.00000000	     80.00000000	      1.39626340	      0.00000000	      0.00000000	      0.00000000	     80.00000000	     -7.00000000	      0.00000000	     80.00000000	      1.39626340	      0.00000000	      0.00000000	      0.00000000	     -4.69520825	     -0.43678961	      4.79372807	      3.11301981	     -6.19111696	     -5.99988254	      8.97486398	      5.33691256	      5.25694481	      1.16165795	      4.86671205	     -2.28461637	      5.85235956	      3.78447163	      0.00000000	      8.49796296	      4.23405870
1760624809.22799993	      4.53144325	      0.36282292	      3.24173261	      0.05003496	      0.95062641	      0.00237711	     80.00000000	     -7.00000000	      0.00000000	     80.00000000	      1.39626340	      0.00000000	      0.00000000	      0.00000000	     80.00000000	     -7.00000000	      0.00000000	     80.00000000	      1.39626340	      0.00000000	      0.00000000	      0.00000000	     -4.78357261	     -0.47416916	      4.78084673	      3.17165161	     -6.23821472	     -5.96234510	      9.00059804	      5.33822062	      5.34357638	      1.07676479	      4.96182199	     -2.28559788	      5.85830768	      3.69774378	      0.00000000	      8.51592463	      4.22386068
1760624809.26200008	      4.60351399	      0.36469132	      3.25048960	      0.04917249	      0.95097521	      0.00233410	     80.00000000	     -7.00000000	      0.00000000	     80.00000000	      1.39626340	      0.00000000	      0.00000000	      0.00000000	     80.00000000	     -7.00000000	      0.00000000	     80.00000000	      1.39626340	      0.00000000	      0.00000000	      0.00000000	     -4.90579480	     -0.50722222	      4.73982564	      3.21203152	     -6.32217349	     -5.95643583	      9.03286798	      5.38123093	      5.43114435	      0.99227002	      5.05726046	     -2.27848118	      5.94338032	      3.50576087	      0.00000000	      8.54786581	      4.19178050
1760624809.29500008	      4.62909519	      0.35307240	      3.24971566	      0.04874493	      0.95114109	      0.00235170	     80.00000000	     -7.00000000	      0.00000000	     80.00000000	      1.39626340	      0.00000000	      0.00000000	      0.00000000	     80.00000000	     -7.00000000	      0.00000000	     80.00000000	      1.39626340	      0.00000000	      0.00000000	      0.00000000	     -4.97568280	     -0.53809782	      4.71943962	      3.28026366	     -6.34700626	     -5.88862208	      9.09034628	      5.21372526	      5.49832528	      0.88451113	      5.12217449	     -2.28816836	      5.91477461	      3.41703601	      0.00000000	      8.59548420	      4.20452452
1760624809.32900000	      4.70472406	      0.35165699	      3.25822018	      0.04850337	      0.95148155	      0.00234790	     80.00000000	     -7.00000000	      0.00000000	     80.00000000	      1.39626340	      0.00000000	      0.00000000	      0.00000000	     80.00000000	     -7.00000000	      0.00000000	     80.00000000	      1.39626340	      0.00000000	      0.00000000	      0.00000000	     -5.07703498	     -0.56868080	      4.68542190	      3.32330555	     -6.36870790	     -5.82623011	      9.07880066	      5.10601511	      5.65452090	      0.73186770	      5.15253303	     -2.27732763	      5.86891939	      3.38035293	      0.00000000	      8.66824337	      4.15738656
1760624809.36199999	      4.70279486	      0.36221446	      3.25880527	      0.04897899	      0.95194985	      0.00215282	     80.00000000	     -7.00000000	      0.00000000	     80.00000000	      1.39626340	      0.00000000	      0.00000000	      0.00000000	     80.00000000	     -7.00000000	      0.00000000	     80.00000000	      1.39626340	      0.00000000	      0.00000000	      0.00000000	     -5.08009495	     -0.61860249	      4.65916798	      3.32074764	     -6.38840002	     -5.72371052	      9.02878687	      4.97674061	      6.00144800	      0.44989899	      5.16939295	     -2.25825978	      5.88271830	      3.39706381	      0.00000000	      8.82865018	      4.14985369
1760624809.39599991	      4.71392237	      0.36914732	      3.26044564	      0.04925062	      0.95203305	      0.00179466	     80.00000000	     -7.00000000	      0.00000000	     80.00000000	      1.39626340	      0.00000000	      0.00000000	      0.00000000	     80.00000000	     -7.00000000	      0.00000000	     80.00000000	      1.39626340	      0.00000000	      0.00000000	      0.00000000	     -5.07159989	     -0.63879673	      4.65595390	      3.22739311	     -6.43742743	     -5.68123674	      9.19573109	      4.83720643	      6.36732358	      0.08383698	      5.11255306	     -2.23588721	      5.88648147	      3.76618752	      0.00000000	      8.95616712	      4.17287975
1760624809.42899990	      4.72440291	      0.38523716	      3.25967493	      0.04869337	      0.95231012	      0.00108115	     80.00000000	     -7.00000000	      0.00000000	     80.00000000	      1.39626340	      0.00000000	      0.00000000	      0.00000000	     80.00000000	     -7.00000000	      0.00000000	     80.00000000	      1.39626340	      0.00000000	      0.00000000	      0.00000000	     -5.04246757	     -0.64908785	      4.67673602	      3.03005244	     -6.53037664	     -5.86298894	      9.69826280	      4.80960114	      6.91665275	     -0.51385089	      4.85319411	     -2.22524623	      5.77559053	      4.87551983	      0.00000000	      9.03490961	      4.11561729
1760624809.49600005	      4.62503641	      0.42280737	      3.25565216	      0.04391758	      0.95078679	     -0.00029770	     80.00000000	     -7.00000000	      0.00000000	     80.00000000	      1.39626340	      0.00000000	      0.00000000	      0.00000000	     80.00000000	     -7.00000000	      0.00000000	     80.00000000	      1.39626340	      0.00000000	      0.00000000	      0.00000000	     -4.85635743	     -0.68648079	      4.79926540	      1.94896061	     -6.71428829	     -7.80543786	     13.04841458	      6.65737240	      9.20688331	     -2.99439868	      3.65976142	     -2.44225876	      4.94553299	     10.70839830	      0.00000000	      9.21158198	      4.22455828
1760624809.52999997	      4.51801148	      0.41273865	      3.24426740	      0.03986463	      0.94913122	     -0.00076771	     80.00000000	     -7.00000000	      0.00000000	     80.00000000	      1.39626340	      0.00000000	      0.00000000	      0.00000000	     80.00000000	     -7.00000000	      0.00000000	     80.00000000	      1.39626340	      0.00000000	      0.00000000	      0.00000000	     -4.71753415	     -0.66053910	      4.87310754	      1.10020414	     -6.79753066	     -9.32436626	     15.85572521	      8.59484393	     10.28736179	     -4.41741200	      3.03244478	     -2.70888481	      4.52107710	     14.42651658	      0.00000000	      9.16076883	      4.51983160
1760624809.56299996	      4.35508797	      0.40278013	      3.25684773	      0.03349803	      0.94655707	     -0.00124849	     80.00000000	     -7.00000000	      0.00000000	     80.00000000	      1.39626340	      0.00000000	      0.00000000	      0.00000000	     80.00000000	     -7.00000000	      0.00000000	     80.00000000	      1.39626340	      0.00000000	      0.00000000	      0.00000000	     -4.49890202	     -0.62470987	      4.92229017	     -0.25938117	     -6.99014417	    -11.35583264	     20.47965470	     11.63416021	     11.77869154	     -6.33993898	      2.27876255	     -3.17277964	      4.02991414	     20.09290202	      0.00000000	      8.98861418	      5.08291349
1760624809.59699988	      4.25399722	      0.40570479	      3.26993188	      0.02905456	      0.94435503	     -0.00136619	     80.00000000	     -7.00000000	      0.00000000	     80.00000000	      1.39626340	      0.00000000	      0.00000000	      0.00000000	     80.00000000	     -7.00000000	      0.00000000	     80.00000000	      1.39626340	      0.00000000	      0.00000000	      0.00000000	     -4.30523845	     -0.60764139	      4.96340890	     -1.35406248	     -7.19932864	    -12.54416529	     24.36338806	     13.86309949	     13.04973895	     -7.94942120	      1.79332314	     -3.46158278	      3.67627165	     24.86926510	      0.00000000	      8.87442833	      5.50931661
1760624809.63000011	      4.06522411	      0.37187116	      3.29115259	      0.02180195	      0.94141860	     -0.00073861	     80.00000000	     -7.00000000	      0.00000000	     80.00000000	      1.39626340	      0.00000000	      0.00000000	      0.00000000	     80.00000000	     -7.00000000	      0.00000000	     80.00000000	      1.39626340	      0.00000000	      0.00000000	      0.00000000	     -4.06116105	     -0.54216142	      5.00299425	     -2.40542650	     -7.41541712	    -13.75273636	     28.34897980	     16.48229116	     14.32624339	     -9.90983553	      1.44960245	     -3.71823560	      3.43535281	     29.98263234	      0.00000000	      8.73765652	      5.91279706
1760624809.66400003	      3.78838521	      0.40831584	      3.30744221	      0.01366236	      0.93661424	     -0.00126278	     80.00000000	     -7.00000000	      0.00000000	     80.00000000	      1.39626340	      0.00000000	      0.00000000	      0.00000000	     80.00000000	     -7.00000000	      0.00000000	     80.00000000	      1.39626340	      0.00000000	      0.00000000	      0.00000000	     -3.53290080	     -0.59506533	      5.07828696	     -3.81836667	     -7.50759328	    -15.32643334	     34.21247021	     20.49959891	     15.79124714	    -12.58984921	      0.91673144	     -3.89246318	      2.95188291	     37.28667333	      1.06725761	      8.35623190	      6.26600245
1760624809.69799995	      3.77007273	      0.40476243	      3.33399713	      0.00631320	      0.93447108	     -0.00203054	     80.00000000	     -7.00000000	      0.00000000	     80.00000000	      1.39626340	      0.00000000	      0.00000000	      0.00000000	     80.00000000	     -7.00000000	      0.00000000	     80.00000000	      1.39626340	      0.00000000	      0.00000000	      0.00000000	     -3.40900497	     -0.56099028	      5.05004114	     -4.77057716	     -7.66835023	    -16.40374638	     39.15420720	     23.90567379	     16.65018568	    -14.56572876	      0.79293216	     -3.80168357	      2.57817759	     43.16394808	      1.71878976	      8.28562851	      6.71605482
1760624809.73000002	      3.80790431	      0.38291583	      3.36645331	      0.00276494	      0.93453234	     -0.00192189	     80.00000000	     -7.00000000	      0.00000000	     80.00000000	      1.39626340	      0.00000000	      0.00000000	      0.00000000	     80.00000000	     -7.00000000	      0.00000000	     80.00000000	      1.39626340	      0.00000000	      0.00000000	      0.00000000	     -3.34114460	     -0.52496471	      4.88865011	     -5.78744636	     -7.88391648	    -17.70144478	     44.72452251	     27.52488788	     17.58958922	    -16.15135054	      0.82112873	     -3.72647775	      2.37157358	     49.27705621	      2.17946122	      8.38327427	      7.01961117
1760624809.76399994	      3.78555875	      0.35609911	      3.38256740	      0.00126157	      0.92981185	     -0.00101671	     80.00000000	     -7.00000000	      0.00000000	     80.00000000	      1.39626340	      0.00000000	      0.00000000	      0.00000000	     80.00000000	     -7.00000000	      0.00000000	     80.00000000	      1.39626340	      0.00000000	      0.00000000	      0.00000000	     -3.18111883	     -0.50935961	      4.64972887	     -7.15012412	     -8.13382970	    -19.42456899	     52.30661744	     32.31356847	     19.12471989	    -17.63042315	      0.79639587	     -3.59848634	      2.17862100	     57.81084100	      3.00605802	      8.44430824	      7.44417055
1760624809.79699993	      3.77261862	      0.24857263	      3.39285356	      0.00105276	      0.92658029	      0.00177265	     80.00000000	     -7.00000000	      0.00000000	     80.00000000	      1.39626340	      0.00000000	      0.00000000	      0.00000000	     80.00000000	     -7.00000000	      0.00000000	     80.00000000	      1.39626340	      0.00000000	      0.00000000	      0.00000000	     -3.11576938	     -0.44438372	      4.47326541	     -7.98463926	     -8.35329808	    -20.42050355	     58.64150674	     35.75268823	     19.68766618	    -18.72534522	      0.77627392	     -3.61428102	      2.12493596	     64.51006904	      3.49895210	      8.42271108	      7.84400318
1760624809.83100009	      4.04180081	      0.26066965	      3.38170770	      0.00785165	      0.92343982	      0.00198764	     80.00000000	     -7.00000000	      0.00000000	     80.00000000	      1.39626340	      0.00000000	      0.00000000	      0.00000000	     80.00000000	     -7.00000000	      0.00000000	     80.00000000	      1.39626340	      0.00000000	      0.00000000	      0.00000000	     -3.42601429	     -0.50558618	      4.47564606	     -8.48303745	     -8.26940240	    -21.30681040	     65.89387795	     39.64725299	     19.25767661	    -19.07874199	      0.76604276	     -3.74721651	      2.39187379	     71.33754027	      4.19857992	      8.62990700	      8.46501050
1760624809.86400008	      4.27617420	      0.24235371	      3.36444377	      0.01959596	      0.92360660	      0.00393204	     80.00000000	     -7.00000000	      0.00000000	     80.00000000	      1.39626340	      0.00000000	      0.00000000	      0.00000000	     80.00000000	     -7.00000000	      0.00000000	     80.00000000	      1.39626340	      0.00000000	      0.00000000	      0.00000000	     -3.79623366	     -0.59988121	      4.39719994	     -8.79400303	     -8.13313320	    -22.08477336	     74.95998551	     44.84451572	     18.85915274	    -19.49996535	      0.96669876	     -4.10723560	      2.86473506	     80.43463277	      5.09521251	      9.06222830	      9.39341108
1760624809.93099999	      4.08511270	      0.08383626	      3.31138121	      0.03522381	      0.93785663	      0.00902188	     80.00000000	     -7.00000000	      0.00000000	     80.00000000	      1.39626340	      0.00000000	      0.00000000	      0.00000000	     80.00000000	     -7.00000000	      0.00000000	     80.00000000	      1.39626340	      0.00000000	      0.00000000	      0.00000000	     -3.59337650	     -0.46718554	      4.45888485	     -8.97233240	     -7.75582576	    -22.79009606	     88.35107395	     51.80251575	     18.58757117	    -19.83032493	      1.14793022	     -4.69530011	      4.20310599	     94.37069855	      5.54985641	     10.71344193	     10.73940553
1760624809.96399999	      3.89304561	      0.18186340	      3.25913753	      0.03896678	      0.94527296	      0.00727668	     80.00000000	     -7.00000000	      0.00000000	     80.00000000	      1.39626340	      0.00000000	      0.00000000	      0.00000000	     80.00000000	     -7.00000000	      0.00000000	     80.00000000	      1.39626340	      0.00000000	      0.00000000	      0.00000000	     -3.39352165	     -0.61767761	      4.43038077	     -8.67958562	     -7.21615872	    -22.45440760	     95.97823427	     56.43322466	     18.83180334	    -19.92827900	      1.42142734	     -5.40760611	      4.86514197	    103.07780679	      5.50589028	     12.01207584	     11.56153645
1760624809.99799991	      4.09317878	      0.27646988	      3.21197991	      0.04942878	      0.94935725	      0.00437767	     80.00000000	     -7.00000000	      0.00000000	     80.00000000	      1.39626340	      0.00000000	      0.00000000	      0.00000000	     80.00000000	     -7.00000000	      0.00000000	     80.00000000	      1.39626340	      0.00000000	      0.00000000	      0.00000000	     -3.71231005	     -0.77665114	      4.52743117	     -8.23484685	     -6.60618987	    -21.98839481	    101.62813958	     59.56900133	     19.01650691	    -19.56759896	      1.86008271	     -5.95458244	      5.56561501	    108.83020544	      5.62773451	     12.72203027	     12.25791128
1760624810.03099990	      4.55027107	      0.10980346	      3.22290396	      0.06080516	      0.95623655	      0.00717606	     80.00000000	     -7.00000000	      0.00000000	     80.00000000	      1.39626340	      0.00000000	      0.00000000	      0.00000000	     80.00000000	     -7.00000000	      0.00000000	     80.00000000	      1.39626340	      0.00000000	      0.00000000	      0.00000000	     -4.40136822	     -0.64508378	      4.58904357	     -7.75999100	     -6.10706948	    -21.68945412	    107.27482949	     62.67885430	     19.03788862	    -18.98700838	      2.53364651	     -6.44953249	      6.30428752	    113.72794561	      5.86747433	     13.37042354	     13.14837104
1760624810.06500006	      4.90753179	      0.22125376	      3.17961984	      0.06833902	      0.95889846	      0.00411078	     80.00000000	     -7.00000000	      0.00000000	     80.00000000	      1.39626340	      0.00000000	      0.00000000	      0.00000000	     80.00000000	     -7.00000000	      0.00000000	     80.00000000	      1.39626340	      0.00000000	      0.00000000	      0.00000000	     -5.03686709	     -0.79430383	      4.62541501	     -7.30577303	     -5.56115604	    -21.17827936	    112.51737323	     66.66574296	     20.74234450	    -18.75403940	      3.42776293	     -7.22789304	      6.96419259	    119.61399537	      5.61850929	     14.40873011	     13.48354405
1760624810.09800005	      5.83163391	      0.04352708	      3.21222182	      0.08605576	      0.96272593	      0.00669848	     80.00000000	     -7.00000000	      0.00000000	     80.00000000	      1.39626340	      0.00000000	      0.00000000	      0.00000000	     80.00000000	     -7.00000000	      0.00000000	     80.00000000	      1.39626340	      0.00000000	      0.00000000	      0.00000000	     -6.46455735	     -0.46763603	      4.53806539	     -6.65477989	     -5.33923700	    -20.64032401	    116.08548394	     68.92145202	     22.94471262	    -18.56688736	      4.57498257	     -7.78152258	      7.23180844	    123.33505633	      5.13878488	     15.18050019	     14.44949522
1760624810.13199997	      7.11366812	     -0.01289118	      3.23832968	      0.11183460	      0.96427929	      0.00716467	     80.00000000	     -7.00000000	      0.00000000	     80.00000000	      1.39626340	      0.00000000	      0.00000000	      0.00000000	     80.00000000	     -7.00000000	      0.00000000	     80.00000000	      1.39626340	      0.00000000	      0.00000000	      0.00000000	     -8.48570178	     -0.38461012	      4.66132963	     -5.56025791	     -5.27647240	    -20.51881373	    119.02607863	     71.81917399	     26.24575350	    -19.16778426	      5.92789866	     -8.89364657	      7.48507002	    128.40305917	      3.76457386	     17.04988066	     16.42181217
1760624810.16499996	      7.92336405	     -0.14818594	      3.27730370	      0.12891775	      0.96618606	      0.00926580	     80.00000000	     -7.00000000	      0.00000000	     80.00000000	      1.39626340	      0.00000000	      0.00000000	      0.00000000	     80.00000000	     -7.00000000	      0.00000000	     80.00000000	      1.39626340	      0.00000000	      0.00000000	      0.00000000	     -9.67375072	     -0.21108249	      4.75581583	     -4.94737562	     -5.54872144	    -20.56218664	    120.38923554	     73.43813655	     29.33800211	    -20.20859845	      6.93493907	     -9.74762570	      7.57712306	    131.79449434	      2.88528637	     18.73242039	     18.35036070
1760624810.19899988	      7.81505321	     -0.23003376	      3.28002828	      0.12735439	      0.97172576	      0.00993639	     80.00000000	     -7.00000000	      0.00000000	     80.00000000	      1.39626340	      0.00000000	      0.00000000	      0.00000000	     80.00000000	     -7.00000000	      0.00000000	     80.00000000	      1.39626340	      0.00000000	      0.00000000	      0.00000000	     -9.59616230	     -0.10145740	      4.82870017	     -4.74836650	     -5.93062820	    -20.53140534	    122.05665777	     74.51952511	     32.73487932	    -21.47931133	      7.58919848	    -10.32040295	      7.59100535	    134.35655528	      2.51401452	     22.27135390	     21.33408580
1760624810.23200011	      7.40879995	     -0.12895267	      3.25836210	      0.11956538	      0.97394902	      0.00932980	     80.00000000	     -7.00000000	      0.00000000	     80.00000000	      1.39626340	      0.00000000	      0.00000000	      0.00000000	     80.00000000	     -7.00000000	      0.00000000	     80.00000000	      1.39626340	      0.00000000	      0.00000000	      0.00000000	     -9.09424270	     -0.21342598	      4.95802729	     -4.51681583	     -6.29811500	    -20.67720515	    123.66731405	     77.11706404	     34.40523450	    -22.40323876	      8.65679882	    -10.44375289	      7.34387544	    135.43602270	      2.99256050	     26.58734075	     25.20800104
1760624810.26600003	      7.28321743	     -0.05088012	      3.24392810	      0.11842855	      0.97550182	      0.00909766	     80.00000000	     -7.00000000	      0.00000000	     80.00000000	      1.39626340	      0.00000000	      0.00000000	      0.00000000	     80.00000000	     -7.00000000	      0.00000000	     80.00000000	      1.39626340	      0.00000000	      0.00000000	      0.00000000	     -8.70817832	     -0.30634295	      5.22522091	     -4.37466439	     -6.35794240	    -20.83803076	    123.81429151	     78.87027183	     35.25954448	    -22.77427659	      9.34181343	    -10.22873905	      7.40403780	    134.94616109	      4.01202458	     27.88154390	     26.15772752
1760624810.29900002	      6.99899942	      0.03713881	      3.25114015	      0.11383197	      0.97739284	      0.00850764	     80.00000000	     -7.00000000	      0.00000000	     80.00000000	      1.39626340	      0.00000000	      0.00000000	      0.00000000	     80.00000000	     -7.00000000	      0.00000000	     80.00000000	      1.39626340	      0.00000000	      0.00000000	      0.00000000	     -8.15524853	     -0.47247428	      5.36216084	     -4.38915450	     -6.26100520	    -20.52822966	    124.54274416	     79.31220594	     35.95005759	    -22.75437422	      9.62112818	    -10.13776984	      7.59895290	    134.39615463	      4.72408599	     28.08434111	     25.70823496
1760624810.33200002	      6.79998630	      0.06215287	      3.29244834	      0.11030986	      0.97787516	      0.00891558	     80.00000000	     -7.00000000	      0.00000000	     80.00000000	      1.39626340	      0.00000000	      0.00000000	      0.00000000	     80.00000000	     -7.00000000	      0.00000000	     80.00000000	      1.39626340	      0.00000000	      0.00000000	      0.00000000	     -7.83577576	     -0.50291369	      5.34365292	     -4.14925946	     -6.04986486	    -19.48981884	    124.68907170	     80.23977985	     35.40981765	    -22.55618900	      9.55300013	    -10.06736605	      7.81781610	    134.39662041	      4.31676319	     27.49598468	     24.41235574
1760624810.36599994	      6.61151740	      0.05847443	      3.32511112	      0.10823975	      0.97756818	      0.00978374	     80.00000000	     -7.00000000	      0.00000000	     80.00000000	      1.39626340	      0.00000000	      0.00000000	      0.00000000	     80.00000000	     -7.00000000	      0.00000000	     80.00000000	      1.39626340	      0.00000000	      0.00000000	      0.00000000	     -7.53233081	     -0.48907123	      5.24525128	     -4.00492382	     -5.74257654	    -18.72264940	    124.51354600	     80.51234241	     34.44831325	    -22.09584004	      9.07484897	     -9.79858468	      7.80231948	    134.26503608	      4.38978276	     27.07449346	     23.90854833
1760624810.39899993	      6.45951562	      0.06767814	      3.30752383	      0.10593031	      0.97811955	      0.01018241	     80.00000000	     -7.00000000	      0.00000000	     80.00000000	      1.39626340	      0.00000000	      0.00000000	      0.00000000	     80.00000000	     -7.00000000	      0.00000000	     80.00000000	      1.39626340	      0.00000000	      0.00000000	      0.00000000	     -7.30708237	     -0.52435507	      5.30570016	     -3.92414706	     -5.24917018	    -18.19482385	    124.14050892	     80.21327950	     33.23379841	    -21.65966778	      8.60810402	     -9.54894336	      7.59178810	    133.85796324	      4.78420562	     26.34045882	     23.35580585
1760624810.43300009	      6.38516026	      0.11992572	      3.28719114	      0.10303191	      0.97952656	      0.00797048	     80.00000000	     -7.00000000	      0.00000000	     80.00000000	      1.39626340	      0.00000000	      0.00000000	      0.00000000	     80.00000000	     -7.00000000	      0.00000000	     80.00000000	      1.39626340	      0.00000000	      0.00000000	      0.00000000	     -7.16255569	     -0.57913716	      5.40517651	     -3.91461707	     -4.63951169	    -17.94002988	    123.44839531	     79.38578976	     31.85010321	    -21.08209038	      7.82450029	     -9.16909114	      7.25395655	    133.07837473	      4.39052791	     24.92869008	     22.36670541
1760624810.46600008	      6.25255302	      0.13627773	      3.28604158	      0.10067625	      0.98023580	      0.00749945	     80.00000000	     -7.00000000	      0.00000000	     80.00000000	      1.39626340	      0.00000000	      0.00000000	      0.00000000	     80.00000000	     -7.00000000	      0.00000000	     80.00000000	      1.39626340	      0.00000000	      0.00000000	      0.00000000	     -7.02014254	     -0.53803581	      5.42863126	     -3.76832644	     -4.41689449	    -17.96862173	    122.46554013	     78.68647675	     30.57890550	    -20.69216626	      7.13368137	     -8.76468848	      6.81093604	    131.83802296	      4.48148641	     23.98594359	     21.78064657
1760624810.50000000	      6.09115960	      0.13564692	      3.28040273	      0.09844116	      0.98216056	      0.00760885	     80.00000000	     -7.00000000	      0.00000000	     80.00000000	      1.39626340	      0.00000000	      0.00000000	      0.00000000	     80.00000000	     -7.00000000	      0.00000000	     80.00000000	      1.39626340	      0.00000000	      0.00000000	      0.00000000	     -6.70797521	     -0.47960946	      5.41937996	     -3.77881561	     -4.37750885	    -17.96036300	    121.14955699	     77.77563951	     29.09745968	    -20.43391953	      6.45091743	     -8.65992443	      6.08385971	    130.12966003	      4.26551561	     22.66982453	     20.84841658
1760624810.53299999	      5.95439943	      0.15612486	      3.28469938	      0.09664602	      0.98357725	      0.00763363	     80.00000000	     -7.00000000	      0.00000000	     80.00000000	      1.39626340	      0.00000000	      0.00000000	      0.00000000	     80.00000000	     -7.00000000	      0.00000000	     80.00000000	      1.39626340	      0.00000000	      0.00000000	      0.00000000	     -6.47179949	     -0.48825378	      5.38907035	     -3.87724462	     -4.50350701	    -18.19054114	    119.03877343	     75.53748096	     27.49639457	    -20.00743192	      5.65959511	     -8.38983162	      5.30116751	    126.90105162	      3.86784647	     21.38913912	     20.13148467
1760624810.56699991	      5.82202736	      0.21518583	      3.28513101	      0.09476144	      0.98633343	      0.00656694	     80.00000000	     -7.00000000	      0.00000000	     80.00000000	      1.39626340	      0.00000000	      0.00000000	      0.00000000	     80.00000000	     -7.00000000	      0.00000000	     80.00000000	      1.39626340	      0.00000000	      0.00000000	      0.00000000	     -6.25398888	     -0.55965645	      5.36844999	     -3.87418283	     -4.47726530	    -18.36991260	    117.20516030	     73.76970625	     25.80730910	    -19.55089149	      5.00786840	     -7.97695230	      4.82104706	    123.69473869	      4.54877673	     20.72123059	     19.37817140
1760624810.59999990	      5.69061735	      0.19607128	      3.28742426	      0.09279128	      0.99004018	      0.00643258	     80.00000000	     -7.00000000	      0.00000000	     80.00000000	      1.39626340	      0.00000000	      0.00000000	      0.00000000	     80.00000000	     -7.00000000	      0.00000000	     80.00000000	      1.39626340	      0.00000000	      0.00000000	      0.00000000	     -6.01840158	     -0.54289660	      5.38785548	     -3.95171210	     -4.37098252	    -18.34333756	    115.20252124	     71.72745826	     23.66464536	    -19.19966001	      4.54537378	     -7.61707133	      4.17719883	    120.05856669	      4.51754366	     19.89188103	     18.30759558
1760624810.63400006	      5.51255378	      0.10361694	      3.30900068	      0.08957338	      0.99654123	      0.00653180	     80.00000000	     -7.00000000	      0.00000000	     80.00000000	      1.39626340	      0.00000000	      0.00000000	      0.00000000	     80.00000000	     -7.00000000	      0.00000000	     80.00000000	      1.39626340	      0.00000000	      0.00000000	      0.00000000	     -5.65584796	     -0.35261515	      5.40156813	     -3.90571556	     -4.27714596	    -18.19503536	    111.91176566	     68.31924395	     21.10903497	    -19.02508492	      4.00413352	     -6.71416548	      3.62594685	    114.28115075	      4.25575554	     19.22339903	     17.22785165
1760624810.66700006	      5.96802686	      0.05545907	      3.34150107	      0.10125181	      1.00053425	      0.00680802	     80.00000000	     -7.00000000	      0.00000000	     80.00000000	      1.39626340	      0.00000000	      0.00000000	      0.00000000	     80.00000000	     -7.00000000	      0.00000000	     80.00000000	      1.39626340	      0.00000000	      0.00000000	      0.00000000	     -6.32456204	     -0.25074062	      5.37767924	     -3.33137937	     -4.26827634	    -17.86262980	    108.94057954	     64.94576658	     18.84932205	    -19.25606969	      3.88734753	     -5.68064445	      3.60303668	    109.93580815	      3.46345649	     18.46489847	     15.69665740
1760624810.70000005	      6.19669715	      0.06153613	      3.34607933	      0.10533353	      0.99849728	      0.00606641	     80.00000000	     -7.00000000	      0.00000000	     80.00000000	      1.39626340	      0.00000000	      0.00000000	      0.00000000	     80.00000000	     -7.00000000	      0.00000000	     80.00000000	      1.39626340	      0.00000000	      0.00000000	      0.00000000	     -6.55898812	     -0.28006837	      5.30058217	     -3.18922388	     -4.24780236	    -17.63493658	    105.62642528	     61.82682336	     17.49611338	    -19.73953596	      3.63453301	     -4.87206727	      3.32305555	    105.10633160	      2.98101862	     18.11512330	     14.54942063
1760624810.73399997	      5.69831475	      0.08076370	      3.32175337	      0.09348115	      0.99806055	      0.00521708	     80.00000000	     -7.00000000	      0.00000000	     80.00000000	      1.39626340	      0.00000000	      0.00000000	      0.00000000	     80.00000000	     -7.00000000	      0.00000000	     80.00000000	      1.39626340	      0.00000000	      0.00000000	      0.00000000	     -5.88821513	     -0.33996907	      5.28802243	     -3.46142017	     -4.75215779	    -17.54616795	    100.38073028	     57.76538922	     16.18739879	    -20.88134882	      3.48111765	     -4.06569440	      3.01749023	     98.45788139	      1.31474121	     17.88446259	     13.56126458
1760624810.76699996	      4.08170661	      0.08727780	      3.29908474	      0.05995978	      0.99191550	      0.00439981	     80.00000000	     -7.00000000	      0.00000000	     80.00000000	      1.39626340	      0.00000000	      0.00000000	      0.00000000	     80.00000000	     -7.00000000	      0.00000000	     80.00000000	      1.39626340	      0.00000000	      0.00000000	      0.00000000	     -3.58276886	     -0.42437932	      5.26070367	     -4.28464923	     -5.54198772	    -17.29913083	     94.92424853	     52.88907213	     16.60332361	    -22.94496583	      2.76953011	     -3.73951449	      2.77774973	     93.29037676	      0.33852272	     18.12049700	     12.55537809
1760624810.80100012	      3.80221783	      0.10797249	      3.29710792	      0.05185148	      0.99665520	      0.00265793	     80.00000000	     -7.00000000	      0.00000000	     80.00000000	      1.39626340	      0.00000000	      0.00000000	      0.00000000	     80.00000000	     -7.00000000	      0.00000000	     80.00000000	      1.39626340	      0.00000000	      0.00000000	      0.00000000	     -3.14520781	     -0.47189058	      5.23936789	     -3.99801972	     -6.81368273	    -16.64762170	     88.16832201	     47.99905422	     17.38291399	    -24.89993230	      2.99376229	     -3.82188767	      2.40387997	     87.30416867	      0.40219067	     18.99997744	     11.51780044
1760624810.83400011	      3.47826009	      0.08207250	      3.30592930	      0.04380414	      1.00098805	      0.00229093	     80.00000000	     -7.00000000	      0.00000000	     80.00000000	      1.39626340	      0.00000000	      0.00000000	      0.00000000	     80.00000000	     -7.00000000	      0.00000000	     80.00000000	      1.39626340	      0.00000000	      0.00000000	      0.00000000	     -2.76950949	     -0.43546102	      5.16685612	     -3.12554506	     -8.35534721	    -15.04649839	     78.88575684	     40.23795773	     18.09034547	    -24.99999983	      3.46800394	     -2.39049722	      2.16322223	     79.84474762	      0.00000000	     19.21221600	      9.88824989
1760624810.86800003	      3.25381873	      0.28774312	      3.27445026	      0.03458566	      0.99799959	     -0.00312309	     80.00000000	     -7.00000000	      0.00000000	     80.00000000	      1.39626340	      0.00000000	      0.00000000	      0.00000000	     80.00000000	     -7.00000000	      0.00000000	     80.00000000	      1.39626340	      0.00000000	      0.00000000	      0.00000000	     -2.48100984	     -0.78979002	      5.38829909	     -2.36746443	     -9.29589184	    -13.98704155	     71.16105760	     34.33708624	     20.36424830	    -24.99999983	      3.64657837	     -1.98666521	      2.10421940	     74.13455386	      0.00000000	     19.35359657	      8.70740928
1760624810.93499994	      3.34597256	      0.09337419	      3.35069229	      0.03769599	      0.98966966	     -0.00301928	     80.00000000	     -7.00000000	      0.00000000	     80.00000000	      1.39626340	      0.00000000	      0.00000000	      0.00000000	     80.00000000	     -7.00000000	      0.00000000	     80.00000000	      1.39626340	      0.00000000	      0.00000000	      0.00000000	     -2.81976040	     -0.44312859	      5.39345250	     -0.42665998	    -11.64693581	    -10.11796319	     48.59179260	     20.60097541	     28.39786908	    -24.99999983	      4.78535377	     -0.86066751	      1.32860895	     61.18329612	      0.00000000	     19.28993207	      6.18978959
1760624810.96799994	      3.44225310	      0.07660501	      3.36789247	      0.04404228	      0.99673396	     -0.00432768	     80.00000000	     -7.00000000	      0.00000000	     80.00000000	      1.39626340	      0.00000000	      0.00000000	      0.00000000	     80.00000000	     -7.00000000	      0.00000000	     80.00000000	      1.39626340	      0.00000000	      0.00000000	      0.00000000	     -3.05764607	     -0.41595631	      5.48527467	      0.25219371	    -11.69807860	     -8.84634294	     42.74428869	     16.44929576	     29.85250069	    -24.99999983	      5.08361640	     -1.30307741	      1.24957204	     55.94993640	      0.00000000	     20.02190567	      6.33258737
1760624811.00099993	      3.76145855	      0.00740737	      3.41572006	      0.05115936	      0.98315289	     -0.00285909	     80.00000000	     -7.00000000	      0.00000000	     80.00000000	      1.39626340	      0.00000000	      0.00000000	      0.00000000	     80.00000000	     -7.00000000	      0.00000000	     80.00000000	      1.39626340	      0.00000000	      0.00000000	      0.00000000	     -3.59074866	     -0.23188654	      5.47363673	      0.80312891	    -11.80043477	     -7.45768366	     35.27019578	     11.57226655	     32.18627494	    -22.77073583	      5.72743165	     -1.97463626	      1.48104183	     49.75379635	      0.00000000	     19.67952705	      6.37008362
1760624811.03500009	      3.95103850	      0.00461273	      3.46894970	      0.05714028	      0.97673412	     -0.00247310	     80.00000000	     -7.00000000	      0.00000000	     80.00000000	      1.39626340	      0.00000000	      0.00000000	      0.00000000	     80.00000000	     -7.00000000	      0.00000000	     80.00000000	      1.39626340	      0.00000000	      0.00000000	      0.00000000	     -4.01788406	     -0.09846268	      5.57369883	      1.02238162	    -11.53145111	     -6.89615384	     28.97101020	      7.29237226	     33.17709884	    -19.52653781	      6.10143698	     -1.36115593	      1.51579425	     43.28390201	      0.00000000	     19.55067821	      5.50400807
1760624811.06800008	      3.60943810	      0.00977514	      3.49924238	      0.05183865	      0.96803520	     -0.00065348	     80.00000000	     -7.00000000	      0.00000000	     80.00000000	      1.39626340	      0.00000000	      0.00000000	      0.00000000	     80.00000000	     -7.00000000	      0.00000000	     80.00000000	      1.39626340	      0.00000000	      0.00000000	      0.00000000	     -3.67381058	      0.03008096	      5.50194473	      0.83861996	    -11.24745681	     -6.16701319	     23.42600171	      4.00669331	     34.85022663	    -16.72007330	      5.97742274	     -1.86629017	      1.97140952	     38.07338396	      0.00000000	     19.90583391	      5.41706309
1760624811.10200000	      3.53286068	      0.01498484	      3.52139041	      0.05061088	      0.96452547	      0.00051331	     80.00000000	     -7.00000000	      0.00000000	     80.00000000	      1.39626340	      0.00000000	      0.00000000	      0.00000000	     80.00000000	     -7.00000000	      0.00000000	     80.00000000	      1.39626340	      0.00000000	      0.00000000	      0.00000000	     -3.73139229	      0.20675066	      5.33139886	      0.68961000	    -10.75200979	     -5.75640285	     18.29327501	      1.89271365	     34.68310276	    -13.38841702	      6.56635755	     -2.00554974	      2.49956998	     30.73009479	      0.00000000	     20.30162465	      5.53988911
1760624811.13499999	      3.55253305	      0.05521509	      3.50944161	      0.05035095	      0.96277669	      0.00133467	     80.00000000	     -7.00000000	      0.00000000	     80.00000000	      1.39626340	      0.00000000	      0.00000000	      0.00000000	     80.00000000	     -7.00000000	      0.00000000	     80.00000000	      1.39626340	      0.00000000	      0.00000000	      0.00000000	     -3.88038841	      0.27471706	      5.25732674	      0.90625765	    -10.31242371	     -5.31880092	     15.58770428	      0.75065452	     33.16516053	    -11.29228821	      7.00004644	     -1.87787292	      3.20997840	     25.13535350	      0.00000000	     20.62886312	      5.53710041
1760624811.16899991	      3.48921476	      0.07188580	      3.49554817	      0.04821427	      0.95968115	      0.00173982	     80.00000000	     -7.00000000	      0.00000000	     80.00000000	      1.39626340	      0.00000000	      0.00000000	      0.00000000	     80.00000000	     -7.00000000	      0.00000000	     80.00000000	      1.39626340	      0.00000000	      0.00000000	      0.00000000	     -3.90429347	      0.39442173	      5.31768117	      1.29551504	     -9.99759476	     -4.71928026	     13.71818793	      0.00000000	     30.72809436	     -9.86575889	      7.20680016	     -1.75462048	      4.47416086	     19.36948764	      0.00000000	     20.65802142	      5.23518254
1760624811.20199990	      3.70064858	      0.06472084	      3.49973451	      0.05161637	      0.95717341	      0.00210651	     80.00000000	     -7.00000000	      0.00000000	     80.00000000	      1.39626340	      0.00000000	      0.00000000	      0.00000000	     80.00000000	     -7.00000000	      0.00000000	     80.00000000	      1.39626340	      0.00000000	      0.00000000	      0.00000000	     -4.30600402	      0.56332873	      5.20456658	      1.88681011	     -9.50047121	     -3.94888971	     11.09121830	      0.00000000	     27.88140211	     -8.17905986	      7.64517524	     -1.47336806	      6.02194755	     12.12300846	      0.00000000	     20.45977230	      4.88879069
1760624811.23600006	      3.82850024	      0.12114665	      3.47453405	      0.05232385	      0.95378504	      0.00248666	     80.00000000	     -7.00000000	      0.00000000	     80.00000000	      1.39626340	      0.00000000	      0.00000000	      0.00000000	     80.00000000	     -7.00000000	      0.00000000	     80.00000000	      1.39626340	      0.00000000	      0.00000000	      0.00000000	     -4.53778901	      0.62278444	      5.14930862	      1.98975233	     -9.09230214	     -3.82031060	     10.06994321	      0.00000000	     25.53656465	     -6.78023569	      7.63621276	     -1.12754845	      6.64681086	      7.80547013	      0.00000000	     20.32760748	      4.76755439
1760624811.26900005	      3.91271672	      0.15604660	      3.45514499	      0.05294210	      0.94973813	      0.00294249	     80.00000000	     -7.00000000	      0.00000000	     80.00000000	      1.39626340	      0.00000000	      0.00000000	      0.00000000	     80.00000000	     -7.00000000	      0.00000000	     80.00000000	      1.39626340	      0.00000000	      0.00000000	      0.00000000	     -4.72982264	      0.59245318	      5.10112195	      1.89737157	     -8.65369199	     -4.15451625	      9.47245413	      0.00000000	     23.86328788	     -5.63088424	      7.26895532	     -0.96023757	      6.73295355	      4.96786453	      0.00000000	     20.00181258	      4.69811266
1760624811.30299997	      4.05965058	      0.15627976	      3.44793658	      0.05556645	      0.94705132	      0.00385470	     80.00000000	     -7.00000000	      0.00000000	     80.00000000	      1.39626340	      0.00000000	      0.00000000	      0.00000000	     80.00000000	     -7.00000000	      0.00000000	     80.00000000	      1.39626340	      0.00000000	      0.00000000	      0.00000000	     -5.05286132	      0.55962762	      4.97396770	      1.66394959	     -7.97549182	     -5.30738505	      9.21794053	      0.06708375	     22.57793175	     -4.64424556	      6.34725630	     -1.07027965	      5.65951246	      3.59836936	      0.00000000	     19.80001340	      5.13157391
1760624811.33599997	      4.12223392	      0.22296424	      3.43278045	      0.05532638	      0.94560799	      0.00457578	     80.00000000	     -7.00000000	      0.00000000	     80.00000000	      1.39626340	      0.00000000	      0.00000000	      0.00000000	     80.00000000	     -7.00000000	      0.00000000	     80.00000000	      1.39626340	      0.00000000	      0.00000000	      0.00000000	     -5.23526973	      0.46592373	      4.90255087	      1.29629953	     -7.55272965	     -7.03694848	      9.66622900	      1.56130251	     21.54524252	     -4.22825981	      5.72056051	     -1.32134797	      4.53905808	      3.42942958	      0.00000000	     19.74114582	      5.88591917
1760624811.36899996	      4.16818136	      0.32042561	      3.41105876	      0.05492072	      0.94523294	      0.00445804	     80.00000000	     -7.00000000	      0.00000000	     80.00000000	      1.39626340	      0.00000000	      0.00000000	      0.00000000	     80.00000000	     -7.00000000	      0.00000000	     80.00000000	      1.39626340	      0.00000000	      0.00000000	      0.00000000	     -5.38454888	      0.30623405	      4.94315719	      1.02142958	     -7.08929218	     -8.42686555	     10.21577863	      2.90983861	     20.66113327	     -3.82260066	      5.30725636	     -1.66100553	      3.53319566	      3.39602624	      0.00000000	     19.71535062	      6.88680069
1760624811.40300012	      4.26046247	      0.34125923	      3.41926226	      0.05548907	      0.94700575	      0.00561154	     80.00000000	     -7.00000000	      0.00000000	     80.00000000	      1.39626340	      0.00000000	      0.00000000	      0.00000000	     80.00000000	     -7.00000000	      0.00000000	     80.00000000	      1.39626340	      0.00000000	      0.00000000	      0.00000000	     -5.62049010	      0.26125641	      4.97024894	      0.84691084	     -6.82391322	     -9.35998941	     10.44852429	      3.82340713	     19.98475234	     -3.48701442	      5.36690062	     -2.01397435	      2.68575103	      2.94931373	      0.00000000	     19.89828332	      7.66802090
1760624811.43600011	      4.32879872	      0.37056955	      3.42615509	      0.05596633	      0.94762557	      0.00571083	     80.00000000	     -7.00000000	      0.00000000	     80.00000000	      1.39626340	      0.00000000	      0.00000000	      0.00000000	     80.00000000	     -7.00000000	      0.00000000	     80.00000000	      1.39626340	      0.00000000	      0.00000000	      0.00000000	     -5.74839357	      0.16414444	      5.01427484	      0.79858485	     -6.71431275	     -9.79664399	     10.52040475	      4.15350576	     19.55190713	     -3.38346334	      5.58799906	     -2.32791901	      2.24099053	      2.57910539	      0.00000000	     19.92018594	      7.90737853
1760624811.47000003	      4.31322859	      0.37282473	      3.44164846	      0.05504883	      0.94774196	      0.00566967	     80.00000000	     -7.00000000	      0.00000000	     80.00000000	      1.39626340	      0.00000000	      0.00000000	      0.00000000	     80.00000000	     -7.00000000	      0.00000000	     80.00000000	      1.39626340	      0.00000000	      0.00000000	      0.00000000	     -5.74922382	      0.18276809	      5.03272910	      0.77504872	     -6.83529384	    -10.07724662	     10.35787428	      4.37758320	     19.37812845	     -3.32069314	      5.81448767	     -2.57809474	      1.88510863	      2.22565834	      0.00000000	     19.93161508	      8.09110984
1760624811.50300002	      4.25157721	      0.39150744	      3.46398091	      0.05341631	      0.94763580	      0.00505485	     80.00000000	     -7.00000000	      0.00000000	     80.00000000	      1.39626340	      0.00000000	      0.00000000	      0.00000000	     80.00000000	     -7.00000000	      0.00000000	     80.00000000	      1.39626340	      0.00000000	      0.00000000	      0.00000000	     -5.68976175	      0.16699295	      5.01694093	      0.75497394	     -7.06066519	    -10.48373985	     10.48131295	      4.83704200	     19.35611495	     -3.23943240	      6.09931365	     -2.89374888	      1.71802643	      1.80179722	      0.00000000	     19.99348925	      8.40426396
1760624811.53699994	      4.16892533	      0.40312162	      3.45004153	      0.05278358	      0.94808354	      0.00526127	     80.00000000	     -7.00000000	      0.00000000	     80.00000000	      1.39626340	      0.00000000	      0.00000000	      0.00000000	     80.00000000	     -7.00000000	      0.00000000	     80.00000000	      1.39626340	      0.00000000	      0.00000000	      0.00000000	     -5.57928930	      0.15886042	      4.98579671	      0.75015612	     -7.24130344	    -10.60711919	     10.51498086	      5.05954584	     19.55635191	     -3.22659006	      6.28606315	     -3.07653141	      1.57789118	      1.65009011	      0.00000000	     20.02443679	      8.51310782
1760624811.56999993	      4.13498594	      0.46696842	      3.41531932	      0.05232085	      0.94783966	      0.00466241	     80.00000000	     -7.00000000	      0.00000000	     80.00000000	      1.39626340	      0.00000000	      0.00000000	      0.00000000	     80.00000000	     -7.00000000	      0.00000000	     80.00000000	      1.39626340	      0.00000000	      0.00000000	      0.00000000	     -5.50562175	      0.07873263	      4.96968892	      0.83984717	     -7.38432630	    -10.52230703	     10.59905973	      5.07084037	     19.79778284	     -3.24472249	      6.44261652	     -3.21560660	      1.44065713	      1.59525312	      0.00000000	     19.98020342	      8.48886272
1760624811.63700008	      4.01637553	      0.56423241	      3.32858909	      0.04980607	      0.94680613	      0.00339021	     80.00000000	     -7.00000000	      0.00000000	     80.00000000	      1.39626340	      0.00000000	      0.00000000	      0.00000000	     80.00000000	     -7.00000000	      0.00000000	     80.00000000	      1.39626340	      0.00000000	      0.00000000	      0.00000000	     -5.11572193	     -0.01024123	      4.95693823	      0.96224277	     -7.57917481	     -9.17591558	     10.60596404	      3.82516748	     20.74694555	     -3.79832962	      6.59784982	     -3.16211551	      1.36299001	      1.76505830	      0.00000000	     20.01321238	      8.12020378
1760624811.67000008	      4.02284692	      0.58977980	      3.28292999	      0.04899112	      0.94611147	      0.00286198	     80.00000000	     -7.00000000	      0.00000000	     80.00000000	      1.39626340	      0.00000000	      0.00000000	      0.00000000	     80.00000000	     -7.00000000	      0.00000000	     80.00000000	      1.39626340	      0.00000000	      0.00000000	      0.00000000	     -4.94584179	     -0.03179465	      4.98764949	      0.89972457	     -7.57467679	     -8.62927008	     10.98140737	      3.35511212	     21.42103125	     -4.36244560	      6.54484112	     -3.01572723	      1.26274662	      2.29255802	      0.00000000	     19.95867652	      7.75467948
1760624811.70400000	      3.95213199	      0.61003442	      3.25261530	      0.04750239	      0.94568065	      0.00184261	     80.00000000	     -7.00000000	      0.00000000	     80.00000000	      1.39626340	      0.00000000	      0.00000000	      0.00000000	     80.00000000	     -7.00000000	      0.00000000	     80.00000000	      1.39626340	      0.00000000	      0.00000000	      0.00000000	     -4.60588448	     -0.03946501	      5.03342003	      0.72735399	     -7.57119140	     -8.43044863	     11.93658997	      3.27568763	     22.63457576	     -5.36070154	      6.44771526	     -2.79478026	      1.21252425	      3.38313156	      0.00000000	     19.81285210	      7.28991368
1760624811.73699999	      3.88012760	      0.63813854	      3.24022166	      0.04571538	      0.94489861	      0.00024986	     80.00000000	     -7.00000000	      0.00000000	     80.00000000	      1.39626340	      0.00000000	      0.00000000	      0.00000000	     80.00000000	     -7.00000000	      0.00000000	     80.00000000	      1.39626340	      0.00000000	      0.00000000	      0.00000000	     -4.31445338	     -0.04999760	      5.04834499	      0.62605024	     -7.63401066	     -8.29655252	     12.86593002	      3.17800027	     23.65400898	     -6.33686708	      6.23597733	     -2.45004754	      1.26668563	      4.88812593	      0.00000000	     19.59887539	      6.46714128
1760624811.77099991	      3.76725210	      0.68583038	      3.22761872	      0.04255077	      0.94390359	     -0.00061556	     80.00000000	     -7.00000000	      0.00000000	     80.00000000	      1.39626340	      0.00000000	      0.00000000	      0.00000000	     80.00000000	     -7.00000000	      0.00000000	     80.00000000	      1.39626340	      0.00000000	      0.00000000	      0.00000000	     -4.01385930	     -0.08258645	      5.05710004	      0.52024764	     -7.74548061	     -8.36898458	     14.17545530	      3.31428513	     24.89135291	     -7.58132944	      5.82069986	     -2.06901873	      1.37627392	      7.33213476	      0.00000000	     19.39057176	      5.45843920
1760624811.80399990	      3.48989640	      0.74842865	      3.21724371	      0.03808727	      0.94151834	     -0.00125020	     80.00000000	     -7.00000000	      0.00000000	     80.00000000	      1.39626340	      0.00000000	      0.00000000	      0.00000000	     80.00000000	     -7.00000000	      0.00000000	     80.00000000	      1.39626340	      0.00000000	      0.00000000	      0.00000000	     -3.50209832	     -0.17207449	      5.11202922	      0.23883279	     -7.96931934	     -9.07205582	     16.70602071	      4.30442061	     26.68217091	     -9.38805429	      5.22817285	     -1.81927345	      1.20828471	     11.72058273	      0.00000000	     19.15857002	      4.91067769
1760624811.83800006	      3.26751558	      0.79013229	      3.23546278	      0.03380427	      0.93882569	     -0.00205505	     80.00000000	     -7.00000000	      0.00000000	     80.00000000	      1.39626340	      0.00000000	      0.00000000	      0.00000000	     80.00000000	     -7.00000000	      0.00000000	     80.00000000	      1.39626340	      0.00000000	      0.00000000	      0.00000000	     -3.09812398	     -0.25167566	      5.16200729	     -0.07980971	     -8.22841749	     -9.66902275	     19.04995931	      5.81101202	     27.88399790	    -10.88547394	      4.97654169	     -1.71392307	      1.19537279	     15.35325916	      0.00000000	     18.89608133	      4.80560708
1760624811.87100005	      3.12569352	      0.75177099	      3.27735127	      0.02820362	      0.93658637	     -0.00151311	     80.00000000	     -7.00000000	      0.00000000	     80.00000000	      1.39626340	      0.00000000	      0.00000000	      0.00000000	     80.00000000	     -7.00000000	      0.00000000	     80.00000000	      1.39626340	      0.00000000	      0.00000000	      0.00000000	     -2.84622925	     -0.20658399	      5.17407078	     -0.36496382	     -8.67340614	    -10.11672845	     21.72904772	      7.94617853	     28.92905578	    -12.61837460	      4.92604112	     -1.62066691	      1.49650167	     19.25434478	      0.00000000	     18.58446982	      4.53534448
1760624811.90499997	      2.97784245	      0.73522568	      3.31938297	      0.02013121	      0.93390483	     -0.00055823	     80.00000000	     -7.00000000	      0.00000000	     80.00000000	      1.39626340	      0.00000000	      0.00000000	      0.00000000	     80.00000000	     -7.00000000	      0.00000000	     80.00000000	      1.39626340	      0.00000000	      0.00000000	      0.00000000	     -2.47510030	     -0.17430084	      5.17758086	     -0.81449933	     -9.29309645	    -10.70699134	     25.90795409	     10.98071964	     30.26933879	    -14.92006116	      4.87630985	     -1.50555602	      2.00344528	     25.02275573	      0.00000000	     18.25150195	      4.15819825
1760624811.93799996	      3.01129371	      0.69422221	      3.35970575	      0.01380223	      0.93237993	      0.00079836	     80.00000000	     -7.00000000	      0.00000000	     80.00000000	      1.39626340	      0.00000000	      0.00000000	      0.00000000	     80.00000000	     -7.00000000	      0.00000000	     80.00000000	      1.39626340	      0.00000000	      0.00000000	      0.00000000	     -2.42296325	     -0.07885766	      5.13746904	     -0.93022467	     -9.83314356	    -11.25453166	     29.52143419	     13.48654973	     30.96466878	    -16.88409984	      4.92319880	     -1.28026081	      2.10956573	     29.95315693	      0.00000000	     18.01506568	      3.86652467
1760624811.97199988	      2.89997780	      0.70070269	      3.36670189	      0.00530723	      0.93051176	      0.00110192	     80.00000000	     -7.00000000	      0.00000000	     80.00000000	      1.39626340	      0.00000000	      0.00000000	      0.00000000	     80.00000000	     -7.00000000	      0.00000000	     80.00000000	      1.39626340	      0.00000000	      0.00000000	      0.00000000	     -2.06336782	     -0.19027966	      5.04917568	     -1.10492817	    -10.14689281	    -11.97265605	     34.95407958	     17.21888276	     31.82561509	    -19.75593832	      4.76605810	     -0.94100472	      1.99914704	     37.16065560	      0.00000000	     17.51388527	      3.56436386
1760624812.00500011	      3.03830877	      0.63786410	      3.37255631	      0.00462874	      0.93134566	      0.00184565	     80.00000000	     -7.00000000	      0.00000000	     80.00000000	      1.39626340	      0.00000000	      0.00000000	      0.00000000	     80.00000000	     -7.00000000	      0.00000000	     80.00000000	      1.39626340	      0.00000000	      0.00000000	      0.00000000	     -2.04106118	     -0.17120874	      4.85949229	     -1.30872648	    -10.35907718	    -12.33518885	     39.44811626	     20.19185274	     32.32448917	    -22.08975574	      4.73331130	     -0.60679206	      1.91688090	     42.91594389	      0.00000000	     17.20851793	      3.45356675
1760624812.03800011	      3.17290039	      0.54970521	      3.38595437	      0.00355903	      0.93271559	      0.00290304	     80.00000000	     -7.00000000	      0.00000000	     80.00000000	      1.39626340	      0.00000000	      0.00000000	      0.00000000	     80.00000000	     -7.00000000	      0.00000000	     80.00000000	      1.39626340	      0.00000000	      0.00000000	      0.00000000	     -2.10643191	     -0.07682230	      4.67334582	     -1.43476602	    -10.45592533	    -12.75958784	     44.76938740	     23.82172530	     31.90287023	    -24.38001953	      4.75191251	     -0.25320299	      2.01046365	     48.72212642	      0.00000000	     16.91256157	      3.36254694
1760624812.07200003	      3.41990081	      0.52937070	      3.39183743	      0.00677409	      0.92820850	      0.00284183	     80.00000000	     -7.00000000	      0.00000000	     80.00000000	      1.39626340	      0.00000000	      0.00000000	      0.00000000	     80.00000000	     -7.00000000	      0.00000000	     80.00000000	      1.39626340	      0.00000000	      0.00000000	      0.00000000	     -2.34220877	     -0.05587817	      4.65331476	     -1.53785765	    -10.30682557	    -13.64697145	     53.63285206	     28.94475262	     29.68299244	    -24.99999983	      4.56252184	      0.27593651	      2.68375821	     56.56537771	      0.00000000	     16.33580935	      2.97729394
1760624812.10500002	      3.98656121	      0.44326309	      3.40832069	      0.01827868	      0.92869141	      0.00412470	     80.00000000	     -7.00000000	      0.00000000	     80.00000000	      1.39626340	      0.00000000	      0.00000000	      0.00000000	     80.00000000	     -7.00000000	      0.00000000	     80.00000000	      1.39626340	      0.00000000	      0.00000000	      0.00000000	     -3.04635330	      0.02191336	      4.86233422	     -1.29213880	     -9.98661982	    -14.51071485	     62.23849241	     33.57494274	     26.15760513	    -24.99999983	      4.45820425	      0.48968183	      3.40173257	     62.50413792	      0.00000000	     15.96139540	      2.93470602
1760624812.13899994	      4.01776428	      0.36233414	      3.42674074	      0.02153509	      0.93025547	      0.00574129	     80.00000000	     -7.00000000	      0.00000000	     80.00000000	      1.39626340	      0.00000000	      0.00000000	      0.00000000	     80.00000000	     -7.00000000	      0.00000000	     80.00000000	      1.39626340	      0.00000000	      0.00000000	      0.00000000	     -3.03812600	      0.11474115	      4.83667695	     -1.54959439	     -9.73727468	    -14.96976180	     69.02836970	     37.63727846	     24.67503866	    -24.99999983	      4.19070588	      0.67972448	      3.87812704	     68.60080974	      0.00000000	     15.76319645	      3.28459400
1760624812.17199993	      4.26030778	      0.36420890	      3.43223381	      0.02842339	      0.93336599	      0.00568772	     80.00000000	     -7.00000000	      0.00000000	     80.00000000	      1.39626340	      0.00000000	      0.00000000	      0.00000000	     80.00000000	     -7.00000000	      0.00000000	     80.00000000	      1.39626340	      0.00000000	      0.00000000	      0.00000000	     -3.33297636	      0.14525987	      4.88345879	     -1.74851686	     -9.16093927	    -15.38973616	     78.20052663	     43.47454425	     22.80770560	    -24.99999983	      3.83075722	      0.61549931	      4.75849310	     76.81573921	      0.00000000	     15.70243310	      4.26102416
1760624812.20600009	      4.33840835	      0.45852351	      3.42388320	      0.03538065	      0.94675244	      0.00495828	     80.00000000	     -7.00000000	      0.00000000	     80.00000000	      1.39626340	      0.00000000	      0.00000000	      0.00000000	     80.00000000	     -7.00000000	      0.00000000	     80.00000000	      1.39626340	      0.00000000	      0.00000000	      0.00000000	     -3.45208071	     -0.13001038	      5.18182162	     -1.60594730	     -8.14986852	    -15.70139496	     86.76861191	     48.71992686	     20.45004594	    -24.99999983	      3.44197408	      0.02706104	      5.69153967	     83.02383974	      0.21363707	     16.06185790	      5.61503209
1760624812.23900008	      4.02715306	      0.44144709	      3.42084771	      0.03414186	      0.95197663	      0.00471557	     80.00000000	     -7.00000000	      0.00000000	     80.00000000	      1.39626340	      0.00000000	      0.00000000	      0.00000000	     80.00000000	     -7.00000000	      0.00000000	     80.00000000	      1.39626340	      0.00000000	      0.00000000	      0.00000000	     -3.03916986	     -0.05543171	      5.15342874	     -2.07457755	     -7.96141023	    -15.83616133	     92.03893136	     52.43399658	     21.01773727	    -24.99999983	      2.97810945	     -0.02235472	      6.16233612	     89.27069977	      1.26230211	     16.52747561	      6.65322581
1760624812.27200007	      4.21244679	      0.26712495	      3.46685947	      0.04077634	      0.95576526	      0.00783967	     80.00000000	     -7.00000000	      0.00000000	     80.00000000	      1.39626340	      0.00000000	      0.00000000	      0.00000000	     80.00000000	     -7.00000000	      0.00000000	     80.00000000	      1.39626340	      0.00000000	      0.00000000	      0.00000000	     -3.36536228	      0.19821486	      5.11423346	     -2.23581651	     -7.85907720	    -16.17039413	     98.17574933	     56.86581558	     22.57950500	    -24.99999983	      2.88815998	     -0.46713463	      6.74258308	     97.27797292	      2.07871903	     16.98944988	      8.71130026
1760624812.30599999	      4.34230137	      0.17035347	      3.49236529	      0.04254576	      0.95744350	      0.00801995	     80.00000000	     -7.00000000	      0.00000000	     80.00000000	      1.39626340	      0.00000000	      0.00000000	      0.00000000	     80.00000000	     -7.00000000	      0.00000000	     80.00000000	      1.39626340	      0.00000000	      0.00000000	      0.00000000	     -3.60687711	      0.25260608	      5.15788960	     -2.25692150	     -7.57375812	    -16.28164130	    102.74812685	     59.83757305	     23.80270516	    -24.51336584	      3.00200701	     -1.22068238	      7.08069955	    102.81714907	      2.72978224	     17.26823844	     10.34550513
1760624812.33899999	      4.39769405	      0.35236139	      3.44056311	      0.04666655	      0.95757968	      0.00255741	     80.00000000	     -7.00000000	      0.00000000	     80.00000000	      1.39626340	      0.00000000	      0.00000000	      0.00000000	     80.00000000	     -7.00000000	      0.00000000	     80.00000000	      1.39626340	      0.00000000	      0.00000000	      0.00000000	     -3.77153698	     -0.01258823	      5.19273775	     -2.48124492	     -7.11917332	    -16.20326906	    107.22616361	     62.71435200	     25.66319957	    -23.26946618	      3.31111952	     -1.86969297	      7.47691269	    107.93650919	      3.19399951	     17.60561032	     12.08169129
1760624812.37299991	      4.90604325	      0.31873160	      3.43812404	      0.06081076	      0.96172496	      0.00226013	     80.00000000	     -7.00000000	      0.00000000	     80.00000000	      1.39626340	      0.00000000	      0.00000000	      0.00000000	     80.00000000	     -7.00000000	      0.00000000	     80.00000000	      1.39626340	      0.00000000	      0.00000000	      0.00000000	     -4.57997570	      0.01297684	      5.23542594	     -2.42436781	     -6.76298262	    -16.49942744	    112.30940251	     65.21408128	     28.95961863	    -21.79908754	      4.19742619	     -2.92179673	      8.06320824	    114.37603262	      2.88074859	     18.45549556	     14.51310035
1760624812.40599990	      6.36435064	      0.25562193	      3.46604433	      0.09357357	      0.97341599	      0.00288246	     80.00000000	     -7.00000000	      0.00000000	     80.00000000	      1.39626340	      0.00000000	      0.00000000	      0.00000000	     80.00000000	     -7.00000000	      0.00000000	     80.00000000	      1.39626340	      0.00000000	      0.00000000	      0.00000000	     -6.74187678	      0.19621835	      5.23875419	     -1.62011198	     -6.61022137	    -16.60517312	    115.15693812	     67.04164557	     31.82050480	    -20.75865682	      5.49924837	     -3.27902140	      8.69045974	    118.41020827	      3.33599390	     19.07046045	     16.96289984
1760624812.44000006	      7.12764289	      0.20002697	      3.45971770	      0.10695086	      0.97764744	      0.00424843	     80.00000000	     -7.00000000	      0.00000000	     80.00000000	      1.39626340	      0.00000000	      0.00000000	      0.00000000	     80.00000000	     -7.00000000	      0.00000000	     80.00000000	      1.39626340	      0.00000000	      0.00000000	      0.00000000	     -7.91968340	      0.30663143	      5.30035052	     -1.25597012	     -6.58255439	    -16.85268300	    117.31147637	     68.84419432	     34.88636031	    -20.53178830	      6.33252142	     -4.01123996	      9.10705161	    122.38825970	      3.34184359	     20.27952083	     19.23884732
1760624812.47300005	      7.28475191	      0.11511187	      3.43382409	      0.10828564	      0.97661445	      0.00740865	     80.00000000	     -7.00000000	      0.00000000	     80.00000000	      1.39626340	      0.00000000	      0.00000000	      0.00000000	     80.00000000	     -7.00000000	      0.00000000	     80.00000000	      1.39626340	      0.00000000	      0.00000000	      0.00000000	     -8.24242308	      0.44565730	      5.27201250	     -1.31284959	     -6.57037787	    -17.00337379	    120.19339464	     71.93940814	     38.46077497	    -20.36381934	      7.06623128	     -5.18635623	      9.41362578	    127.44713967	      1.81736370	     21.17863254	     21.80395894
1760624812.50699997	      6.98128520	      0.17204305	      3.39656226	      0.10196285	      0.97738608	      0.00720053	     80.00000000	     -7.00000000	      0.00000000	     80.00000000	      1.39626340	      0.00000000	      0.00000000	      0.00000000	     80.00000000	     -7.00000000	      0.00000000	     80.00000000	      1.39626340	      0.00000000	      0.00000000	      0.00000000	     -7.83833432	      0.35228418	      5.26048544	     -1.56966586	     -6.55499682	    -17.04357659	    122.49350921	     74.20865060	     40.50142750	    -20.18328708	      7.27296453	     -6.01376176	      9.86280442	    130.86294885	      0.23656561	     21.70303037	     23.02471969
1760624812.53999996	      7.01226872	      0.23773306	      3.37114865	      0.10350586	      0.97532090	      0.00810486	     80.00000000	     -7.00000000	      0.00000000	     80.00000000	      1.39626340	      0.00000000	      0.00000000	      0.00000000	     80.00000000	     -7.00000000	      0.00000000	     80.00000000	      1.39626340	      0.00000000	      0.00000000	      0.00000000	     -7.89634477	      0.30390831	      5.25770916	     -1.44605937	     -6.67556458	    -17.15340268	    123.60973964	     75.86734660	     42.33237182	    -20.35783239	      7.51382081	     -6.30704639	     10.51975065	    133.22531033	      0.00000000	     22.59214254	     23.59814036
1760624812.57399988	      7.04238641	      0.30684300	      3.35152584	      0.10569442	      0.97313768	      0.00815184	     80.00000000	     -7.00000000	      0.00000000	     80.00000000	      1.39626340	      0.00000000	      0.00000000	      0.00000000	     80.00000000	     -7.00000000	      0.00000000	     80.00000000	      1.39626340	      0.00000000	      0.00000000	      0.00000000	     -7.88708596	      0.29110589	      5.34865175	     -1.23927259	     -6.71841467	    -17.17316955	    124.34468284	     78.12928204	     43.85622946	    -20.32601496	      7.84193489	     -6.30792856	     11.31834641	    135.12009837	      0.00000000	     23.79884645	     24.93647391
1760624812.60700011	      6.80587177	      0.46709216	      3.33159368	      0.10209142	      0.97444060	      0.00792819	     80.00000000	     -7.00000000	      0.00000000	     80.00000000	      1.39626340	      0.00000000	      0.00000000	      0.00000000	     80.00000000	     -7.00000000	      0.00000000	     80.00000000	      1.39626340	      0.00000000	      0.00000000	      0.00000000	     -7.49577974	      0.13023302	      5.38532315	     -1.20940902	     -6.58768308	    -17.16040579	    124.94439719	     79.48303456	     44.06429538	    -20.00216053	      8.00955394	     -6.36166421	     11.48365448	    135.75937885	      0.00000000	     24.60214299	     25.52664781
1760624812.64100003	      6.38928892	      0.54991825	      3.31172906	      0.09490234	      0.97426772	      0.00809794	     80.00000000	     -7.00000000	      0.00000000	     80.00000000	      1.39626340	      0.00000000	      0.00000000	      0.00000000	     80.00000000	     -7.00000000	      0.00000000	     80.00000000	      1.39626340	      0.00000000	      0.00000000	      0.00000000	     -6.86229513	      0.06163634	      5.45154634	     -1.24655638	     -6.47916023	    -17.12931322	    125.00459323	     80.04467250	     44.09683319	    -20.09943390	      7.98191888	     -6.35152443	     11.47830752	    136.06886504	      0.00000000	     25.33069120	     25.90782120
1760624812.67400002	      6.19968591	      0.58892740	      3.29397216	      0.09162776	      0.97434434	      0.00845240	     80.00000000	     -7.00000000	      0.00000000	     80.00000000	      1.39626340	      0.00000000	      0.00000000	      0.00000000	     80.00000000	     -7.00000000	      0.00000000	     80.00000000	      1.39626340	      0.00000000	      0.00000000	      0.00000000	     -6.45364720	      0.02321262	      5.45288045	     -1.28547562	     -6.28156058	    -16.89535715	    124.80685041	     80.13319291	     43.39696886	    -20.13982513	      7.90828220	     -6.37013593	     11.20616620	    135.78949519	      0.01246170	     25.42972862	     25.93357971
1760624812.70700002	      5.90934419	      0.67793533	      3.27171633	      0.08701965	      0.97438653	      0.00761975	     80.00000000	     -7.00000000	      0.00000000	     80.00000000	      1.39626340	      0.00000000	      0.00000000	      0.00000000	     80.00000000	     -7.00000000	      0.00000000	     80.00000000	      1.39626340	      0.00000000	      0.00000000	      0.00000000	     -6.01989366	     -0.09455088	      5.43551076	     -1.42677295	     -6.02803426	    -16.69980941	    124.84586358	     80.13343643	     42.67264239	    -19.98801918	      7.65871781	     -6.28209391	     11.09948592	    135.40457458	      0.41401320	     25.15791703	     25.49785757
1760624812.74099994	      5.88569024	      0.68206933	      3.26064589	      0.08463789	      0.97631605	      0.00553461	     80.00000000	     -7.00000000	      0.00000000	     80.00000000	      1.39626340	      0.00000000	      0.00000000	      0.00000000	     80.00000000	     -7.00000000	      0.00000000	     80.00000000	      1.39626340	      0.00000000	      0.00000000	      0.00000000	     -5.95479250	     -0.05764694	      5.44004146	     -1.48953036	     -5.90526294	    -16.66240723	    124.56052699	     79.72195897	     42.25587532	    -20.02643420	      7.34194342	     -6.06444663	     11.00825273	    134.90174658	      0.83697350	     24.82570373	     25.17797464
1760624812.77399993	      5.76104899	      0.69626282	      3.24246892	      0.08326357	      0.97803802	      0.00383794	     80.00000000	     -7.00000000	      0.00000000	     80.00000000	      1.39626340	      0.00000000	      0.00000000	      0.00000000	     80.00000000	     -7.00000000	      0.00000000	     80.00000000	      1.39626340	      0.00000000	      0.00000000	      0.00000000	     -5.79675301	     -0.06994785	      5.45903598	     -1.53031932	     -5.71511876	    -16.63256746	    124.28224773	     79.10504310	     41.56982099	    -20.04597351	      6.81097048	     -5.86795317	     10.63164030	    134.16794037	      1.29054244	     24.37865929	     24.97559674
1760624812.80800009	      5.62728883	      0.70670122	      3.22778624	      0.08169806	      0.97817218	      0.00434401	     80.00000000	     -7.00000000	      0.00000000	     80.00000000	      1.39626340	      0.00000000	      0.00000000	      0.00000000	     80.00000000	     -7.00000000	      0.00000000	     80.00000000	      1.39626340	      0.00000000	      0.00000000	      0.00000000	     -5.60127118	     -0.10826561	      5.42031687	     -1.58830851	     -5.61815893	    -16.66098433	    123.93819586	     78.59392017	     40.70030860	    -20.05486249	      6.39263928	     -5.78805041	     10.07124041	    133.39169160	      1.41968905	     23.97878546	     24.73266447
1760624812.84100008	      5.54835568	      0.75207495	      3.21727752	      0.08024512	      0.97937649	      0.00559747	     80.00000000	     -7.00000000	      0.00000000	     80.00000000	      1.39626340	      0.00000000	      0.00000000	      0.00000000	     80.00000000	     -7.00000000	      0.00000000	     80.00000000	      1.39626340	      0.00000000	      0.00000000	      0.00000000	     -5.45867848	     -0.19543717	      5.41954969	     -1.53360951	     -5.50405681	    -16.61630321	    123.08251949	     77.76499511	     39.37341123	    -20.13313518	      6.08275380	     -5.69892903	      9.40158292	    132.13611439	      1.46378549	     23.45652019	     24.19805844
1760624812.87500000	      5.44198310	      0.81681173	      3.19726427	      0.07858053	      0.98155181	      0.00596739	     80.00000000	     -7.00000000	      0.00000000	     80.00000000	      1.39626340	      0.00000000	      0.00000000	      0.00000000	     80.00000000	     -7.00000000	      0.00000000	     80.00000000	      1.39626340	      0.00000000	      0.00000000	      0.00000000	     -5.19568615	     -0.33548540	      5.45939888	     -1.56087438	     -5.40989362	    -16.62798300	    121.47715361	     75.89909529	     36.89317418	    -20.17778488	      5.62878920	     -5.26657927	      8.69647523	    129.33948748	      2.17784252	     22.55864889	     22.84503166
1760624812.90799999	      5.36605728	      0.82291200	      3.18669391	      0.07881918	      0.98239524	      0.00608497	     80.00000000	     -7.00000000	      0.00000000	     80.00000000	      1.39626340	      0.00000000	      0.00000000	      0.00000000	     80.00000000	     -7.00000000	      0.00000000	     80.00000000	      1.39626340	      0.00000000	      0.00000000	      0.00000000	     -5.01715558	     -0.40821997	      5.47192474	     -1.56739829	     -5.32500051	    -16.73975668	    119.88735777	     74.30534677	     34.53070535	    -20.04531959	      5.30952778	     -4.83336714	      8.22420866	    126.49912251	      2.78785266	     21.62053887	     21.27338486
1760624812.94199991	      5.27373180	      0.87286684	      3.17629374	      0.07962627	      0.98593416	      0.00471597	     80.00000000	     -7.00000000	      0.00000000	     80.00000000	      1.39626340	      0.00000000	      0.00000000	      0.00000000	     80.00000000	     -7.00000000	      0.00000000	     80.00000000	      1.39626340	      0.00000000	      0.00000000	      0.00000000	     -4.77542608	     -0.49266955	      5.50646896	     -1.62544022	     -5.27241779	    -16.81194057	    117.26485376	     71.47250964	     30.63900913	    -19.80296493	      4.62459998	     -3.95137469	      7.54148233	    121.83162997	      4.26953735	     20.93597406	     19.57707981
1760624812.97499990	      5.51362954	      0.85444044	      3.17960577	      0.08687212	      0.99003968	      0.00373332	     80.00000000	     -7.00000000	      0.00000000	     80.00000000	      1.39626340	      0.00000000	      0.00000000	      0.00000000	     80.00000000	     -7.00000000	      0.00000000	     80.00000000	      1.39626340	      0.00000000	      0.00000000	      0.00000000	     -5.03867452	     -0.44644803	      5.50409513	     -1.42182957	     -5.17275004	    -16.73077200	    114.84029925	     69.28738053	     27.77547258	    -19.62374579	      4.22060393	     -3.20921904	      7.01206857	    117.74171357	      5.43697358	     20.22720852	     17.94091780
1760624813.00900006	      5.36704027	      0.87317074	      3.16629891	      0.08513689	      0.99395239	      0.00255983	     80.00000000	     -7.00000000	      0.00000000	     80.00000000	      1.39626340	      0.00000000	      0.00000000	      0.00000000	     80.00000000	     -7.00000000	      0.00000000	     80.00000000	      1.39626340	      0.00000000	      0.00000000	      0.00000000	     -4.79348174	     -0.51820248	      5.48577169	     -1.45560604	     -5.02570775	    -16.64324536	    112.46131586	     66.80260269	     25.16739688	    -19.48958032	      3.66553585	     -2.58610328	      6.43302149	    113.53704373	      5.84170895	     19.78007439	     16.05297397
1760624813.04200006	      5.46605701	      0.83679223	      3.16659964	      0.08516302	      1.00070644	      0.00307359	     80.00000000	     -7.00000000	      0.00000000	     80.00000000	      1.39626340	      0.00000000	      0.00000000	      0.00000000	     80.00000000	     -7.00000000	      0.00000000	     80.00000000	      1.39626340	      0.00000000	      0.00000000	      0.00000000	     -4.88598005	     -0.46732561	      5.44603770	     -1.27576658	     -5.05905296	    -16.29718930	    108.61070515	     62.62688810	     21.30849341	    -19.91133194	      3.10235073	     -1.61662262	      5.63113699	    107.29158189	      6.12369877	     19.64867069	     14.21656935
1760624813.07500005	      5.80206012	      0.78652076	      3.16351664	      0.09053131	      1.00445374	      0.00417538	     80.00000000	     -7.00000000	      0.00000000	     80.00000000	      1.39626340	      0.00000000	      0.00000000	      0.00000000	     80.00000000	     -7.00000000	      0.00000000	     80.00000000	      1.39626340	      0.00000000	      0.00000000	      0.00000000	     -5.36649968	     -0.43489766	      5.41535068	     -0.99249774	     -5.14825810	    -16.14427204	    105.30033544	     59.65811006	     19.09858767	    -20.34192387	      3.24277022	     -1.14859720	      5.14672114	    102.30086297	      4.77479554	     19.18300876	     12.46572225
1760624813.10899997	      5.75340886	      0.81208813	      3.15044324	      0.08803943	      1.00414577	      0.00369878	     80.00000000	     -7.00000000	      0.00000000	     80.00000000	      1.39626340	      0.00000000	      0.00000000	      0.00000000	     80.00000000	     -7.00000000	      0.00000000	     80.00000000	      1.39626340	      0.00000000	      0.00000000	      0.00000000	     -5.32068040	     -0.49867892	      5.35746406	     -0.94269079	     -5.28648349	    -15.82120370	    101.48847372	     56.28346120	     17.69245306	    -21.09629072	      3.31232964	     -0.66212088	      4.52070807	     96.73771530	      4.01120762	     19.22400552	     11.27253748
1760624813.14199996	      5.20625940	      0.92669373	      3.13400490	      0.07677037	      1.00436818	      0.00116749	     80.00000000	     -7.00000000	      0.00000000	     80.00000000	      1.39626340	      0.00000000	      0.00000000	      0.00000000	     80.00000000	     -7.00000000	      0.00000000	     80.00000000	      1.39626340	      0.00000000	      0.00000000	      0.00000000	     -4.61682448	     -0.61945221	      5.28662559	     -0.95949860	     -5.83476015	    -15.26700798	     94.99903308	     51.69965119	     16.93544526	    -22.71005649	      3.54252142	     -0.45980023	      4.06688350	     88.75492001	      2.54280529	     19.76286773	      9.68936942
1760624813.17600012	      4.23751216	      0.96027446	      3.12325467	      0.05372394	      1.00252567	     -0.00018075	     80.00000000	     -7.00000000	      0.00000000	     80.00000000	      1.39626340	      0.00000000	      0.00000000	      0.00000000	     80.00000000	     -7.00000000	      0.00000000	     80.00000000	      1.39626340	      0.00000000	      0.00000000	      0.00000000	     -3.30512252	     -0.72044014	      5.30343092	     -1.18746347	     -6.74942441	    -14.99553474	     87.88905020	     48.11746065	     17.62796503	    -24.37545083	      3.58859809	     -0.77630096	      3.90655470	     82.62072052	      0.47564733	     20.57083205	      8.77454329
1760624813.20900011	      3.77139474	      0.82431199	      3.16521710	      0.04049270	      1.00694275	      0.00185535	     80.00000000	     -7.00000000	      0.00000000	     80.00000000	      1.39626340	      0.00000000	      0.00000000	      0.00000000	     80.00000000	     -7.00000000	      0.00000000	     80.00000000	      1.39626340	      0.00000000	      0.00000000	      0.00000000	     -2.70006531	     -0.54825004	      5.29753195	     -0.86407038	     -7.85189873	    -14.64279929	     80.69119580	     43.20973715	     18.21417105	    -24.99999983	      4.09460527	     -1.20213178	      3.70505911	     75.28985483	      0.39240334	     21.85792694	      8.32120041
1760624813.24300003	      3.56233995	      0.88126127	      3.19176633	      0.03301853	      1.00652149	     -0.00113925	     80.00000000	     -7.00000000	      0.00000000	     80.00000000	      1.39626340	      0.00000000	      0.00000000	      0.00000000	     80.00000000	     -7.00000000	      0.00000000	     80.00000000	      1.39626340	      0.00000000	      0.00000000	      0.00000000	     -2.49340002	     -0.68949394	      5.43749628	     -0.35748810	     -8.77834164	    -13.80022459	     71.38909765	     36.69961583	     20.75075645	    -24.99999983	      4.93952489	     -1.43407008	      4.48130865	     65.06552864	      0.00000000	     22.75730922	      7.87123833
1760624813.30999994	      3.69023925	      0.96169542	      3.24707190	      0.03478766	      1.00488034	     -0.00437194	     80.00000000	     -7.00000000	      0.00000000	     80.00000000	      1.39626340	      0.00000000	      0.00000000	      0.00000000	     80.00000000	     -7.00000000	      0.00000000	     80.00000000	      1.39626340	      0.00000000	      0.00000000	      0.00000000	     -2.87727435	     -0.80557447	      5.41005428	      0.63313162	     -9.44095837	    -11.59508277	     57.54802446	     27.12844692	     23.58205366	    -24.73947101	      4.70296581	     -1.22588605	      4.99436977	     52.88009518	      0.00000000	     23.53220732	      8.46050537
1760624813.34299994	      3.91755396	      0.69383411	      3.30111903	      0.04318575	      0.98593539	     -0.00067232	     80.00000000	     -7.00000000	      0.00000000	     80.00000000	      1.39626340	      0.00000000	      0.00000000	      0.00000000	     80.00000000	     -7.00000000	      0.00000000	     80.00000000	      1.39626340	      0.00000000	      0.00000000	      0.00000000	     -3.26218927	     -0.42038552	      5.21124907	      0.80092475	     -9.78561532	    -10.03679626	     45.83818636	     19.87458368	     28.91120150	    -22.74227097	      4.30509657	     -0.90760783	      5.06805392	     45.96211786	      0.00000000	     22.61665774	      8.83437122
1760624813.37599993	      4.10847238	      0.64752511	      3.31427904	      0.04867527	      0.97293141	     -0.00053645	     80.00000000	     -7.00000000	      0.00000000	     80.00000000	      1.39626340	      0.00000000	      0.00000000	      0.00000000	     80.00000000	     -7.00000000	      0.00000000	     80.00000000	      1.39626340	      0.00000000	      0.00000000	      0.00000000	     -3.68289056	     -0.28098519	      5.11039691	      0.91612820	     -9.57820419	     -9.27449494	     39.67536116	     15.43676069	     30.53578189	    -20.73842285	      3.74781887	     -0.78759742	      4.86279657	     41.85311847	      0.00000000	     22.23082315	      9.25973295
1760624813.41000009	      4.35493952	      0.65571051	      3.31831205	      0.05386925	      0.96211400	     -0.00107135	     80.00000000	     -7.00000000	      0.00000000	     80.00000000	      1.39626340	      0.00000000	      0.00000000	      0.00000000	     80.00000000	     -7.00000000	      0.00000000	     80.00000000	      1.39626340	      0.00000000	      0.00000000	      0.00000000	     -4.16530722	     -0.14497226	      5.23301229	      0.80298561	     -9.21865910	     -9.46609423	     35.36125014	     13.87738024	     30.26695984	    -18.36595516	      3.37007786	     -0.93086924	      5.41767131	     37.63516474	      0.00000000	     22.08879524	      9.68510490
1760624813.44300008	      4.30129852	      0.49838066	      3.36630599	      0.05279173	      0.96109844	      0.00186511	     80.00000000	     -7.00000000	      0.00000000	     80.00000000	      1.39626340	      0.00000000	      0.00000000	      0.00000000	     80.00000000	     -7.00000000	      0.00000000	     80.00000000	      1.39626340	      0.00000000	      0.00000000	      0.00000000	     -4.34703641	      0.28702647	      5.12338134	      0.59875600	     -8.73904201	     -9.06640390	     29.34176047	     10.77043819	     31.62063327	    -15.42472994	      3.29965198	     -0.51580624	      5.98056018	     32.46430278	      0.00000000	     22.31202025	      9.56140042
1760624813.47700000	      4.20344215	      0.47521976	      3.39163456	      0.05068449	      0.95956489	      0.00268452	     80.00000000	     -7.00000000	      0.00000000	     80.00000000	      1.39626340	      0.00000000	      0.00000000	      0.00000000	     80.00000000	     -7.00000000	      0.00000000	     80.00000000	      1.39626340	      0.00000000	      0.00000000	      0.00000000	     -4.41092725	      0.44750543	      5.02816227	      0.26337331	     -8.38998189	     -9.14767003	     26.11830365	      9.36033254	     31.89088119	    -13.33049079	      3.20605934	     -0.22654120	      6.34961839	     28.96566316	      0.00000000	     22.58954953	      9.39274445
1760624813.50999999	      3.82733958	      0.45851707	      3.41944656	      0.04265314	      0.95661178	      0.00361108	     80.00000000	     -7.00000000	      0.00000000	     80.00000000	      1.39626340	      0.00000000	      0.00000000	      0.00000000	     80.00000000	     -7.00000000	      0.00000000	     80.00000000	      1.39626340	      0.00000000	      0.00000000	      0.00000000	     -4.09593462	      0.50142643	      5.07245515	      0.10548407	     -7.93017452	     -9.28171057	     23.63781742	      9.26061861	     31.43552917	    -11.73410109	      3.12756991	     -0.36525920	      7.36343291	     24.92168793	      0.00000000	     22.52879520	      9.48547877
1760624813.54399991	      3.75942872	      0.45986442	      3.45578860	      0.04049650	      0.95318707	      0.00414547	     80.00000000	     -7.00000000	      0.00000000	     80.00000000	      1.39626340	      0.00000000	      0.00000000	      0.00000000	     80.00000000	     -7.00000000	      0.00000000	     80.00000000	      1.39626340	      0.00000000	      0.00000000	      0.00000000	     -4.22421175	      0.55649973	      5.07282145	      0.40207794	     -7.54965693	     -8.94888684	     21.07143402	      8.82486944	     30.29047647	     -9.81579298	      3.61476606	     -0.42343640	      9.01033895	     19.08773518	      0.00000000	     22.48162716	      9.52773382
1760624813.57699990	      3.71744959	      0.50081973	      3.45485340	      0.04185265	      0.95277129	      0.00501540	     80.00000000	     -7.00000000	      0.00000000	     80.00000000	      1.39626340	      0.00000000	      0.00000000	      0.00000000	     80.00000000	     -7.00000000	      0.00000000	     80.00000000	      1.39626340	      0.00000000	      0.00000000	      0.00000000	     -4.32612626	      0.52907432	      5.00198015	      0.73754014	     -7.36638552	     -8.10166508	     18.90858803	      7.79701593	     29.59373761	     -8.61044070	      4.01749407	     -0.17613652	     10.16356373	     14.85313142	      0.00000000	     22.53302694	      9.04622485
1760624813.61100006	      3.68062642	      0.55874538	      3.41368113	      0.04169610	      0.95081544	      0.00542336	     80.00000000	     -7.00000000	      0.00000000	     80.00000000	      1.39626340	      0.00000000	      0.00000000	      0.00000000	     80.00000000	     -7.00000000	      0.00000000	     80.00000000	      1.39626340	      0.00000000	      0.00000000	      0.00000000	     -4.35629422	      0.49435458	      4.94352601	      1.14684974	     -7.12239401	     -6.89614369	     16.34367266	      6.47665618	     29.04091787	     -7.66886036	      4.26387811	      0.16277824	     11.00184213	     11.09879166	      0.00000000	     22.42048620	      8.26811754
1760624813.64400005	      3.87289398	      0.58143844	      3.36850950	      0.04535030	      0.94827210	      0.00637843	     80.00000000	     -7.00000000	      0.00000000	     80.00000000	      1.39626340	      0.00000000	      0.00000000	      0.00000000	     80.00000000	     -7.00000000	      0.00000000	     80.00000000	      1.39626340	      0.00000000	      0.00000000	      0.00000000	     -4.69235691	      0.50520899	      4.89508981	      1.79704974	     -6.72001277	     -5.59086931	     13.85978964	      5.20414504	     27.79983135	     -6.82785321	      4.44855343	      0.48751199	     11.46120594	      7.31538327	      0.00000000	     22.21337413	      7.67542197
1760624813.67799997	      3.58151148	      0.60552623	      3.31834689	      0.03968821	      0.94405500	      0.00613133	     80.00000000	     -7.00000000	      0.00000000	     80.00000000	      1.39626340	      0.00000000	      0.00000000	      0.00000000	     80.00000000	     -7.00000000	      0.00000000	     80.00000000	      1.39626340	      0.00000000	      0.00000000	      0.00000000	     -4.30008141	      0.50736191	      4.91163643	      1.73532010	     -6.33741918	     -5.29247263	     11.84550970	      4.65283521	     27.49206422	     -6.04625088	      4.08090227	      0.61984626	     11.27812844	      5.57913457	      0.00000000	     21.99895681	      7.91310562
1760624813.71099997	      3.69011268	      0.60019921	      3.29724821	      0.04200552	      0.94249718	      0.00660795	     80.00000000	     -7.00000000	      0.00000000	     80.00000000	      1.39626340	      0.00000000	      0.00000000	      0.00000000	     80.00000000	     -7.00000000	      0.00000000	     80.00000000	      1.39626340	      0.00000000	      0.00000000	      0.00000000	     -4.48356771	      0.50242781	      4.94012691	      1.88506761	     -5.97469502	     -5.46406226	     11.28642622	      4.65965024	     26.75202441	     -5.60567905	      3.85802518	      0.60685309	     10.82849715	      4.71270691	      0.00000000	     21.95173977	      8.37802157
1760624813.74399996	      3.88181162	      0.56883583	      3.30930001	      0.04612411	      0.94336591	      0.00767116	     80.00000000	     -7.00000000	      0.00000000	     80.00000000	      1.39626340	      0.00000000	      0.00000000	      0.00000000	     80.00000000	     -7.00000000	      0.00000000	     80.00000000	      1.39626340	      0.00000000	      0.00000000	      0.00000000	     -4.73865527	      0.56091322	      4.93210839	      1.92771330	     -5.61843203	     -6.01547459	     11.03762393	      5.15006254	     25.81101667	     -5.14936161	      3.64781662	      0.52121801	      9.95621902	      4.26205594	      0.00000000	     22.18946435	      8.93911460
1760624813.77800012	      3.82539932	      0.56435364	      3.32865980	      0.04557514	      0.94406560	      0.00734214	     80.00000000	     -7.00000000	      0.00000000	     80.00000000	      1.39626340	      0.00000000	      0.00000000	      0.00000000	     80.00000000	     -7.00000000	      0.00000000	     80.00000000	      1.39626340	      0.00000000	      0.00000000	      0.00000000	     -4.67363858	      0.54652356	      4.94753514	      1.83076217	     -5.35139624	     -6.34942472	     10.69529084	      5.50588946	     25.58759482	     -4.78854138	      3.63863799	      0.41035930	      9.48261076	      3.85354229	      0.00000000	     22.27767765	      9.30447019
1760624813.81100011	      3.85517268	      0.59527621	      3.34424620	      0.04706461	      0.94483374	      0.00664380	     80.00000000	     -7.00000000	      0.00000000	     80.00000000	      1.39626340	      0.00000000	      0.00000000	      0.00000000	     80.00000000	     -7.00000000	      0.00000000	     80.00000000	      1.39626340	      0.00000000	      0.00000000	      0.00000000	     -4.72405090	      0.49107652	      4.96846535	      1.85225777	     -5.14526220	     -6.50150973	     10.54889628	      5.74929754	     25.30928898	     -4.49549766	      3.82950382	      0.30479489	      9.19313759	      3.36603505	      0.00000000	     22.40312317	      9.43586797
1760624813.84500003	      3.86185204	      0.63519054	      3.36809136	      0.04586062	      0.94593661	      0.00575045	     80.00000000	     -7.00000000	      0.00000000	     80.00000000	      1.39626340	      0.00000000	      0.00000000	      0.00000000	     80.00000000	     -7.00000000	      0.00000000	     80.00000000	      1.39626340	      0.00000000	      0.00000000	      0.00000000	     -4.73720853	      0.41738163	      4.97246300	      1.93328911	     -4.98802584	     -6.39049936	     10.23567301	      5.68277303	     25.11305167	     -4.19535461	      4.14226866	      0.14035777	      8.94455559	      2.78735522	      0.00000000	     22.44628749	      9.41105447
1760624813.87800002	      3.88814994	      0.67210034	      3.38246648	      0.04460771	      0.94549171	      0.00521028	     80.00000000	     -7.00000000	      0.00000000	     80.00000000	      1.39626340	      0.00000000	      0.00000000	      0.00000000	     80.00000000	     -7.00000000	      0.00000000	     80.00000000	      1.39626340	      0.00000000	      0.00000000	      0.00000000	     -4.77016252	      0.37265125	      4.96409465	      2.05129635	     -4.99654066	     -6.25881904	     10.06790155	      5.52350618	     25.01611985	     -3.96490883	      4.37965042	     -0.01041171	      8.76812742	      2.50988279	      0.00000000	     22.41459654	      9.46333478
1760624813.91199994	      3.92432114	      0.70837629	      3.37990749	      0.04477213	      0.94578616	      0.00470232	     80.00000000	     -7.00000000	      0.00000000	     80.00000000	      1.39626340	      0.00000000	      0.00000000	      0.00000000	     80.00000000	     -7.00000000	      0.00000000	     80.00000000	      1.39626340	      0.00000000	      0.00000000	      0.00000000	     -4.81008209	      0.32877742	      4.96087339	      2.20882371	     -5.07857923	     -6.13896935	      9.98843053	      5.36746150	     25.01030625	     -3.85036275	      4.70507535	     -0.22030818	      8.59761391	      2.25053266	      0.00000000	     22.44535879	      9.60116514
1760624813.94499993	      3.92569123	      0.75369051	      3.38000958	      0.04513220	      0.94539827	      0.00450999	     80.00000000	     -7.00000000	      0.00000000	     80.00000000	      1.39626340	      0.00000000	      0.00000000	      0.00000000	     80.00000000	     -7.00000000	      0.00000000	     80.00000000	      1.39626340	      0.00000000	      0.00000000	      0.00000000	     -4.77513568	      0.28187315	      4.96526494	      2.26908536	     -5.17037715	     -6.02036632	      9.93126514	      5.17312875	     25.16713462	     -3.81787298	      4.88400596	     -0.33257224	      8.57496975	      2.13136467	      0.00000000	     22.41687258	      9.59921616
1760624813.97900009	      3.91554294	      0.78770779	      3.36305120	      0.04463948	      0.94476393	      0.00429694	     80.00000000	     -7.00000000	      0.00000000	     80.00000000	      1.39626340	      0.00000000	      0.00000000	      0.00000000	     80.00000000	     -7.00000000	      0.00000000	     80.00000000	      1.39626340	      0.00000000	      0.00000000	      0.00000000	     -4.71156416	      0.25285996	      5.00004121	      2.33259496	     -5.30801285	     -5.85356254	      9.88090388	      4.87110582	     25.42896402	     -3.85865909	      5.02513411	     -0.38909350	      8.52483624	      2.10943311	      0.00000000	     22.38874090	      9.47950653
1760624814.01200008	      3.97893316	      0.82197463	      3.34431703	      0.04301831	      0.94513297	      0.00400849	     80.00000000	     -7.00000000	      0.00000000	     80.00000000	      1.39626340	      0.00000000	      0.00000000	      0.00000000	     80.00000000	     -7.00000000	      0.00000000	     80.00000000	      1.39626340	      0.00000000	      0.00000000	      0.00000000	     -4.61384903	      0.21024625	      5.02103573	      2.33606505	     -5.45112124	     -5.53468926	     10.04219240	      4.21107255	     25.73352232	     -4.12893316	      5.18796248	     -0.42254833	      8.20257755	      2.26053014	      0.00000000	     22.36923280	      9.22851414
1760624814.04500008	      4.01297636	      0.82253916	      3.33327564	      0.04205755	      0.94520606	      0.00387311	     80.00000000	     -7.00000000	      0.00000000	     80.00000000	      1.39626340	      0.00000000	      0.00000000	      0.00000000	     80.00000000	     -7.00000000	      0.00000000	     80.00000000	      1.39626340	      0.00000000	      0.00000000	      0.00000000	     -4.47205886	      0.19537572	      5.00084832	      2.22629320	     -5.50275257	     -5.19629140	     10.37491104	      3.49232703	     26.17232223	     -4.64042789	      5.26388893	     -0.41808218	      7.84127657	      2.65494394	      0.00000000	     22.30610175	      8.90228603
1760624814.07900000	      4.02208161	      0.82470721	      3.32750079	      0.04071610	      0.94517985	      0.00356399	     80.00000000	     -7.00000000	      0.00000000	     80.00000000	      1.39626340	      0.00000000	      0.00000000	      0.00000000	     80.00000000	     -7.00000000	      0.00000000	     80.00000000	      1.39626340	      0.00000000	      0.00000000	      0.00000000	     -4.29642000	      0.18989089	      4.99571711	      2.03148983	     -5.53845760	     -5.21415212	     11.12049325	      3.09317762	     26.82912349	     -5.50214051	      5.23298650	     -0.42435308	      7.19492053	      3.69175672	      0.00000000	     22.24554035	      8.39361704
1760624814.11199999	      3.77621751	      0.86826352	      3.31654890	      0.03466399	      0.94278404	      0.00239459	     80.00000000	     -7.00000000	      0.00000000	     80.00000000	      1.39626340	      0.00000000	      0.00000000	      0.00000000	     80.00000000	     -7.00000000	      0.00000000	     80.00000000	      1.39626340	      0.00000000	      0.00000000	      0.00000000	     -3.80640918	      0.13175633	      4.97398380	      1.60981703	     -5.63921771	     -5.99713194	     12.68464584	      3.72283135	     28.15877746	     -6.90804210	      4.80298025	     -0.37942878	      6.12655261	      6.60085661	      0.00000000	     21.99528436	      7.09125646
1760624814.14599991	      3.62932033	      0.86283620	      3.32352731	      0.03096602	      0.94092007	      0.00229223	     80.00000000	     -7.00000000	      0.00000000	     80.00000000	      1.39626340	      0.00000000	      0.00000000	      0.00000000	     80.00000000	     -7.00000000	      0.00000000	     80.00000000	      1.39626340	      0.00000000	      0.00000000	      0.00000000	     -3.47553992	      0.12097928	      4.97409006	      1.25976181	     -5.82205601	     -6.88514595	     14.65069428	      4.72923672	     29.13237942	     -8.18228490	      4.30059459	     -0.49954537	      5.27217953	      9.89282146	      0.00000000	     21.79143561	      6.22993159
1760624814.17899990	      3.54548494	      0.84602370	      3.33703232	      0.02597957	      0.93906271	      0.00126308	     80.00000000	     -7.00000000	      0.00000000	     80.00000000	      1.39626340	      0.00000000	      0.00000000	      0.00000000	     80.00000000	     -7.00000000	      0.00000000	     80.00000000	      1.39626340	      0.00000000	      0.00000000	      0.00000000	     -3.21590409	      0.13954501	      4.99075465	      0.93153919	     -5.99206394	     -7.77312838	     17.04317012	      6.15141364	     30.10669763	     -9.68738884	      3.80753636	     -0.64893831	      4.57517661	     13.75329821	      0.00000000	     21.61469922	      5.69654988
1760624814.21300006	      3.36040692	      0.82844186	      3.33993131	      0.01823412	      0.93562469	      0.00071373	     80.00000000	     -7.00000000	      0.00000000	     80.00000000	      1.39626340	      0.00000000	      0.00000000	      0.00000000	     80.00000000	     -7.00000000	      0.00000000	     80.00000000	      1.39626340	      0.00000000	      0.00000000	      0.00000000	     -2.86932748	      0.12720966	      5.07059513	      0.70566947	     -6.32166840	     -8.47702518	     20.22836413	      8.21776603	     31.72734045	    -11.95076124	      3.48352186	     -0.81310626	      3.99384996	     19.26575447	      0.00000000	     21.35821346	      5.06779216
1760624814.24600005	      3.33499898	      0.80895590	      3.35841642	      0.01215428	      0.93302066	      0.00076320	     80.00000000	     -7.00000000	      0.00000000	     80.00000000	      1.39626340	      0.00000000	      0.00000000	      0.00000000	     80.00000000	     -7.00000000	      0.00000000	     80.00000000	      1.39626340	      0.00000000	      0.00000000	      0.00000000	     -2.70517282	      0.13083636	      5.11445319	      0.64677726	     -6.64997757	     -8.66934712	     22.95788113	      9.69359483	     32.81481900	    -13.89499213	      3.40067645	     -0.76570754	      3.71081092	     23.81740422	      0.00000000	     21.15619267	      4.47085866
1760624814.27999997	      3.27018718	      0.86736506	      3.36421123	      0.00339349	      0.93051618	     -0.00031736	     80.00000000	     -7.00000000	      0.00000000	     80.00000000	      1.39626340	      0.00000000	      0.00000000	      0.00000000	     80.00000000	     -7.00000000	      0.00000000	     80.00000000	      1.39626340	      0.00000000	      0.00000000	      0.00000000	     -2.40804952	      0.02353740	      5.19049055	      0.52091636	     -6.94573306	     -8.89542058	     26.19146201	     11.62358018	     33.73770915	    -15.99041838	      3.21674800	     -0.67823494	      3.53151050	     28.78733317	      0.00000000	     20.95828445	      3.88334067
1760624814.31299996	      3.08311875	      0.90271428	      3.39116444	     -0.00544600	      0.92873417	     -0.00146648	     80.00000000	     -7.00000000	      0.00000000	     80.00000000	      1.39626340	      0.00000000	      0.00000000	      0.00000000	     80.00000000	     -7.00000000	      0.00000000	     80.00000000	      1.39626340	      0.00000000	      0.00000000	      0.00000000	     -1.94066972	     -0.07439791	      5.25105245	      0.37535177	     -7.37070921	     -9.44439971	     31.65302214	     15.22594927	     34.31272296	    -18.85474600	      2.96317252	     -0.27665025	      3.32573066	     36.21780656	      0.00000000	     20.77795803	      3.29023690
1760624814.34699988	      3.10232770	      0.88194003	      3.41132054	     -0.00782090	      0.92803178	     -0.00132182	     80.00000000	     -7.00000000	      0.00000000	     80.00000000	      1.39626340	      0.00000000	      0.00000000	      0.00000000	     80.00000000	     -7.00000000	      0.00000000	     80.00000000	      1.39626340	      0.00000000	      0.00000000	      0.00000000	     -1.82199869	     -0.14113200	      5.18952731	      0.31504141	     -7.72217439	     -9.77497322	     36.37615825	     18.44217196	     34.39124693	    -21.17819370	      2.90954246	      0.04671433	      3.13615170	     42.23754410	      0.00000000	     20.58618033	      2.94059616
1760624814.38000011	      3.25857806	      0.76173570	      3.44171434	     -0.00314429	      0.92796421	     -0.00025458	     80.00000000	     -7.00000000	      0.00000000	     80.00000000	      1.39626340	      0.00000000	      0.00000000	      0.00000000	     80.00000000	     -7.00000000	      0.00000000	     80.00000000	      1.39626340	      0.00000000	      0.00000000	      0.00000000	     -1.90056648	     -0.05326043	      5.15116253	      0.38039556	     -8.09315536	    -10.06367292	     42.05637419	     22.00544337	     33.56899903	    -23.54567021	      2.83397695	      0.49873445	      3.11240193	     48.69891564	      0.00000000	     20.29572165	      2.58128426
1760624814.41400003	      3.20503540	      0.71333625	      3.45447146	     -0.00329327	      0.92269412	      0.00126139	     80.00000000	     -7.00000000	      0.00000000	     80.00000000	      1.39626340	      0.00000000	      0.00000000	      0.00000000	     80.00000000	     -7.00000000	      0.00000000	     80.00000000	      1.39626340	      0.00000000	      0.00000000	      0.00000000	     -1.68579877	     -0.08185109	      5.03725178	      0.20067142	     -8.41485455	    -10.33097489	     49.05328419	     26.67577239	     32.80088919	    -24.99999983	      2.52304532	      1.01488020	      3.06678298	     57.75950548	      0.00000000	     19.85729476	      2.60370448
1760624814.44700003	      3.37873048	      0.65662439	      3.47024303	      0.00491818	      0.91811718	      0.00245901	     80.00000000	     -7.00000000	      0.00000000	     80.00000000	      1.39626340	      0.00000000	      0.00000000	      0.00000000	     80.00000000	     -7.00000000	      0.00000000	     80.00000000	      1.39626340	      0.00000000	      0.00000000	      0.00000000	     -1.82231677	     -0.09036006	      5.01845580	      0.09739131	     -8.39042520	    -10.68019416	     55.76182402	     30.60408565	     31.00872107	    -24.99999983	      2.39777827	      1.06373323	      3.20105454	     64.49722488	      0.00000000	     19.49847841	      3.12684437
1760624814.48000002	      3.58340834	      0.59960393	      3.47962596	      0.01726969	      0.91781159	      0.00298626	     80.00000000	     -7.00000000	      0.00000000	     80.00000000	      1.39626340	      0.00000000	      0.00000000	      0.00000000	     80.00000000	     -7.00000000	      0.00000000	     80.00000000	      1.39626340	      0.00000000	      0.00000000	      0.00000000	     -2.04935666	     -0.16912424	      5.10582491	     -0.01158795	     -7.84446075	    -11.23254155	     64.43721097	     35.40052980	     28.27514287	    -24.99999983	      2.45044902	      0.72183365	      3.55979430	     70.99518284	      0.00000000	     19.23312810	      4.00587649
1760624814.51399994	      3.66824223	      0.49692615	      3.52092213	      0.02649284	      0.92129639	      0.00432046	     80.00000000	     -7.00000000	      0.00000000	     80.00000000	      1.39626340	      0.00000000	      0.00000000	      0.00000000	     80.00000000	     -7.00000000	      0.00000000	     80.00000000	      1.39626340	      0.00000000	      0.00000000	      0.00000000	     -2.10386699	     -0.10286780	      5.08106638	     -0.52467255	     -7.05814160	    -11.95097627	     75.18513933	     42.19444186	     26.24919931	    -24.99999983	      2.60668152	      0.34290290	      4.03777333	     79.51960662	      0.13851381	     19.46755776	      5.68371992
1760624814.54699993	      4.05332594	      0.40689549	      3.55917883	      0.03750880	      0.93575489	      0.00567389	     80.00000000	     -7.00000000	      0.00000000	     80.00000000	      1.39626340	      0.00000000	      0.00000000	      0.00000000	     80.00000000	     -7.00000000	      0.00000000	     80.00000000	      1.39626340	      0.00000000	      0.00000000	      0.00000000	     -2.64237624	      0.11882727	      5.17543137	     -0.61450903	     -6.74464253	    -12.63662478	     83.07285032	     47.28405722	     25.17809751	    -24.99999983	      2.67142657	      0.68420875	      4.47708594	     86.15446645	      1.58290662	     20.28010514	      7.08668425
1760624814.58100009	      4.07836354	      0.33893502	      3.58465913	      0.03713236	      0.94242585	      0.00642556	     80.00000000	     -7.00000000	      0.00000000	     80.00000000	      1.39626340	      0.00000000	      0.00000000	      0.00000000	     80.00000000	     -7.00000000	      0.00000000	     80.00000000	      1.39626340	      0.00000000	      0.00000000	      0.00000000	     -2.67266299	     -0.00597736	      5.40144686	     -0.65759882	     -6.18295765	    -13.29746081	     91.08609961	     52.08712592	     24.51931806	    -24.99999983	      2.33599349	      0.40876084	      5.19221063	     92.14722784	      2.96615719	     20.75229182	      8.55118801
1760624814.61400008	      4.47031937	      0.27629273	      3.60982930	      0.04650910	      0.94434783	      0.00680118	     80.00000000	     -7.00000000	      0.00000000	     80.00000000	      1.39626340	      0.00000000	      0.00000000	      0.00000000	     80.00000000	     -7.00000000	      0.00000000	     80.00000000	      1.39626340	      0.00000000	      0.00000000	      0.00000000	     -3.23677255	      0.10639137	      5.39897323	     -0.55723888	     -5.92729624	    -13.45757765	     97.53201621	     56.99827158	     26.03590193	    -24.99999983	      2.44175945	      0.17441397	      6.00593696	     99.53221792	      3.89571705	     21.70901009	     10.70183675
1760624814.64800000	      4.50871227	      0.20179510	      3.60787547	      0.04945398	      0.95045414	      0.00708808	     80.00000000	     -7.00000000	      0.00000000	     80.00000000	      1.39626340	      0.00000000	      0.00000000	      0.00000000	     80.00000000	     -7.00000000	      0.00000000	     80.00000000	      1.39626340	      0.00000000	      0.00000000	      0.00000000	     -3.25954509	      0.18600200	      5.40858343	     -0.67173516	     -5.58102387	    -13.35021431	    102.70144720	     60.26937879	     26.83253433	    -24.95777486	      2.51389251	     -0.22489286	      6.78146183	    104.53998709	      4.20521742	     22.63943494	     12.89716613
1760624814.68099999	      4.73612548	      0.55816631	      3.52811543	      0.05462207	      0.95590197	     -0.00084945	     80.00000000	     -7.00000000	      0.00000000	     80.00000000	      1.39626340	      0.00000000	      0.00000000	      0.00000000	     80.00000000	     -7.00000000	      0.00000000	     80.00000000	      1.39626340	      0.00000000	      0.00000000	      0.00000000	     -3.65771431	     -0.13129063	      5.45426661	     -0.52874209	     -5.04575925	    -12.87431949	    106.86205767	     63.25538430	     27.61470089	    -23.54940461	      2.65456901	     -0.50414295	      7.66127153	    109.07613910	      4.87331609	     24.17337778	     15.02678662
1760624814.71399999	      5.09966696	      0.34676990	      3.56060289	      0.06186936	      0.95601016	      0.00288409	     80.00000000	     -7.00000000	      0.00000000	     80.00000000	      1.39626340	      0.00000000	      0.00000000	      0.00000000	     80.00000000	     -7.00000000	      0.00000000	     80.00000000	      1.39626340	      0.00000000	      0.00000000	      0.00000000	     -4.23507819	      0.12799104	      5.32850241	     -0.53648345	     -4.56366770	    -12.38869778	    112.28716463	     67.04803236	     28.01210430	    -22.42650859	      2.81430376	     -0.85554197	      8.97525637	    114.33233034	      4.86626219	     26.11783632	     18.37684578
1760624814.74799991	      6.06119937	      0.26909272	      3.58269450	      0.08152904	      0.96585236	      0.00402835	     80.00000000	     -7.00000000	      0.00000000	     80.00000000	      1.39626340	      0.00000000	      0.00000000	      0.00000000	     80.00000000	     -7.00000000	      0.00000000	     80.00000000	      1.39626340	      0.00000000	      0.00000000	      0.00000000	     -5.65057700	      0.17173899	      5.36489475	     -0.03090169	     -4.07922407	    -12.27909249	    116.22873722	     69.66917833	     28.29607585	    -20.98619859	      3.53627018	     -1.41569533	      9.92117438	    117.76319032	      4.39273172	     27.35113349	     21.34397902
1760624814.78099990	      6.33884387	      0.31342848	      3.59648420	      0.08787887	      0.97073499	      0.00261952	     80.00000000	     -7.00000000	      0.00000000	     80.00000000	      1.39626340	      0.00000000	      0.00000000	      0.00000000	     80.00000000	     -7.00000000	      0.00000000	     80.00000000	      1.39626340	      0.00000000	      0.00000000	      0.00000000	     -6.18517315	      0.16392432	      5.40055385	      0.07763635	     -3.91947633	    -12.37204036	    118.78918274	     71.88816496	     30.30531843	    -20.52195657	      3.86942946	     -1.94936580	     10.74127697	    121.21024637	      4.11806022	     28.85554326	     24.10373064
1760624814.81500006	      6.76907000	      0.31094428	      3.61349179	      0.09579315	      0.97272267	      0.00235605	     80.00000000	     -7.00000000	      0.00000000	     80.00000000	      1.39626340	      0.00000000	      0.00000000	      0.00000000	     80.00000000	     -7.00000000	      0.00000000	     80.00000000	      1.39626340	      0.00000000	      0.00000000	      0.00000000	     -6.87187459	      0.31283259	      5.28916071	      0.02626101	     -4.11806297	    -12.56851129	    121.39033017	     74.37736563	     34.41227645	    -21.00529841	      4.51616372	     -2.83000215	     11.37858872	    125.25589068	      2.87961671	     30.12450494	     26.80097186
1760624814.84800005	      6.93622271	      0.25351582	      3.62004653	      0.09972929	      0.97020856	      0.00360417	     80.00000000	     -7.00000000	      0.00000000	     80.00000000	      1.39626340	      0.00000000	      0.00000000	      0.00000000	     80.00000000	     -7.00000000	      0.00000000	     80.00000000	      1.39626340	      0.00000000	      0.00000000	      0.00000000	     -7.16078698	      0.40068565	      5.25805423	      0.04176835	     -4.14150799	    -12.52847544	    123.31482368	     76.58355173	     37.20068110	    -20.98187738	      4.85136630	     -3.26114035	     12.06267040	    127.82135164	      2.00020347	     30.28468896	     28.74446571
1760624814.88199997	      7.37157256	      0.20752996	      3.64375450	      0.10791704	      0.97031881	      0.00507829	     80.00000000	     -7.00000000	      0.00000000	     80.00000000	      1.39626340	      0.00000000	      0.00000000	      0.00000000	     80.00000000	     -7.00000000	      0.00000000	     80.00000000	      1.39626340	      0.00000000	      0.00000000	      0.00000000	     -7.83113941	      0.50042209	      5.18839622	      0.41708485	     -4.50918941	    -12.70995748	    124.98811958	     78.87416665	     39.91783299	    -21.65634240	      5.36256999	     -3.68899664	     12.63034678	    130.67279617	      1.01155273	     30.71467958	     29.37856522
1760624814.91499996	      7.20579129	      0.16957745	      3.64646447	      0.10506717	      0.97117969	      0.00649709	     80.00000000	     -7.00000000	      0.00000000	     80.00000000	      1.39626340	      0.00000000	      0.00000000	      0.00000000	     80.00000000	     -7.00000000	      0.00000000	     80.00000000	      1.39626340	      0.00000000	      0.00000000	      0.00000000	     -7.61232921	      0.54399415	      5.18419231	      0.57462508	     -4.70329225	    -12.76867656	    126.09584554	     80.72965709	     41.17555826	    -21.81155764	      5.44289185	     -3.92968392	     12.90124063	    132.60537196	      0.37935264	     31.11202280	     30.08310723
1760624814.94899988	      7.10637531	      0.26867030	      3.62906383	      0.10285686	      0.97116692	      0.00599323	     80.00000000	     -7.00000000	      0.00000000	     80.00000000	      1.39626340	      0.00000000	      0.00000000	      0.00000000	     80.00000000	     -7.00000000	      0.00000000	     80.00000000	      1.39626340	      0.00000000	      0.00000000	      0.00000000	     -7.45734525	      0.44923564	      5.16150974	      0.74359489	     -4.83373915	    -12.77395238	    126.60402249	     82.35774567	     41.76180568	    -21.90716860	      5.58093483	     -3.98924747	     13.09596027	    133.93566986	      0.24077841	     31.32026727	     30.29163642
1760624814.98200011	      7.05196460	      0.34440588	      3.60826948	      0.10048213	      0.97212618	      0.00547806	     80.00000000	     -7.00000000	      0.00000000	     80.00000000	      1.39626340	      0.00000000	      0.00000000	      0.00000000	     80.00000000	     -7.00000000	      0.00000000	     80.00000000	      1.39626340	      0.00000000	      0.00000000	      0.00000000	     -7.31903416	      0.32860410	      5.10275028	      0.85286744	     -4.81821209	    -12.73213451	    126.73784165	     83.12223028	     41.94168085	    -21.89833701	      5.78667051	     -3.97967027	     13.18803827	    134.87641036	      0.45928639	     31.46610794	     29.95676289
1760624815.01600003	      6.96237647	      0.37254888	      3.58834362	      0.09901587	      0.97135724	      0.00608175	     80.00000000	     -7.00000000	      0.00000000	     80.00000000	      1.39626340	      0.00000000	      0.00000000	      0.00000000	     80.00000000	     -7.00000000	      0.00000000	     80.00000000	      1.39626340	      0.00000000	      0.00000000	      0.00000000	     -7.18179060	      0.24445141	      5.07835818	      0.87226629	     -4.69027225	    -12.65822567	    126.42411203	     82.94896965	     41.53689901	    -21.87038404	      5.85501399	     -3.90773226	     13.23307287	    135.10571356	      0.69230840	     31.50136942	     29.73664852
1760624815.04900002	      6.79457510	      0.41779326	      3.55444448	      0.09706792	      0.97280107	      0.00651487	     80.00000000	     -7.00000000	      0.00000000	     80.00000000	      1.39626340	      0.00000000	      0.00000000	      0.00000000	     80.00000000	     -7.00000000	      0.00000000	     80.00000000	      1.39626340	      0.00000000	      0.00000000	      0.00000000	     -6.92829217	      0.15719491	      5.07606923	      0.77535793	     -4.45860624	    -12.49011810	    126.10638251	     82.57711541	     40.68407763	    -21.61174157	      5.76645318	     -3.74492362	     13.23571953	    135.01168487	      1.21221151	     31.34848045	     29.19766418
1760624815.08200002	      6.68422681	      0.53590935	      3.50514909	      0.09488305	      0.97429401	      0.00741567	     80.00000000	     -7.00000000	      0.00000000	     80.00000000	      1.39626340	      0.00000000	      0.00000000	      0.00000000	     80.00000000	     -7.00000000	      0.00000000	     80.00000000	      1.39626340	      0.00000000	      0.00000000	      0.00000000	     -6.76678601	     -0.04289744	      5.16156469	      0.70169509	     -4.04220381	    -12.30704855	    125.80565576	     82.09304909	     39.93235277	    -21.27455716	      5.53705942	     -3.53164034	     13.27387346	    134.60003560	      1.83472149	     31.06983209	     28.51060113
1760624815.11599994	      6.57328070	      0.62076115	      3.47614081	      0.09340740	      0.97496986	      0.00730256	     80.00000000	     -7.00000000	      0.00000000	     80.00000000	      1.39626340	      0.00000000	      0.00000000	      0.00000000	     80.00000000	     -7.00000000	      0.00000000	     80.00000000	      1.39626340	      0.00000000	      0.00000000	      0.00000000	     -6.65948881	     -0.15829518	      5.23858986	      0.73511642	     -3.79707596	    -12.19231084	    125.51091561	     81.65859528	     39.90765237	    -21.23452782	      5.24355177	     -3.39130449	     13.20192563	    134.26088534	      2.12180716	     30.74146282	     28.19917403
1760624815.14899993	      6.46019081	      0.65086296	      3.44529785	      0.09271756	      0.97565437	      0.00730633	     80.00000000	     -7.00000000	      0.00000000	     80.00000000	      1.39626340	      0.00000000	      0.00000000	      0.00000000	     80.00000000	     -7.00000000	      0.00000000	     80.00000000	      1.39626340	      0.00000000	      0.00000000	      0.00000000	     -6.52864630	     -0.20218229	      5.30809332	      0.80959388	     -3.64250582	    -12.07238406	    125.24326645	     81.15912189	     39.58276497	    -21.28373634	      4.91110422	     -3.27855142	     12.97379181	    133.76461556	      2.30314968	     30.27206214	     27.90479034
1760624815.18300009	      6.33605018	      0.64886267	      3.42622036	      0.09166525	      0.97535446	      0.00770978	     80.00000000	     -7.00000000	      0.00000000	     80.00000000	      1.39626340	      0.00000000	      0.00000000	      0.00000000	     80.00000000	     -7.00000000	      0.00000000	     80.00000000	      1.39626340	      0.00000000	      0.00000000	      0.00000000	     -6.37735150	     -0.19367530	      5.36119975	      0.97588276	     -3.56305159	    -11.93737768	    124.43781321	     80.56206304	     38.49498686	    -21.44110966	      4.58589965	     -3.19121235	     12.36496724	    132.61993476	      2.42222825	     29.62060969	     27.47157535
1760624815.21600008	      6.27875020	      0.67507245	      3.42801851	      0.09207527	      0.97648037	      0.00734777	     80.00000000	     -7.00000000	      0.00000000	     80.00000000	      1.39626340	      0.00000000	      0.00000000	      0.00000000	     80.00000000	     -7.00000000	      0.00000000	     80.00000000	      1.39626340	      0.00000000	      0.00000000	      0.00000000	     -6.28920932	     -0.23052843	      5.38828821	      1.10797223	     -3.60449706	    -11.99032524	    123.31178355	     79.54794825	     37.04356685	    -21.56625652	      4.43836720	     -3.03053700	     11.88912594	    131.15750813	      2.74872545	     29.06334586	     26.68539305
1760624815.25000000	      6.13357260	      0.70031196	      3.42972303	      0.09051074	      0.97809189	      0.00668274	     80.00000000	     -7.00000000	      0.00000000	     80.00000000	      1.39626340	      0.00000000	      0.00000000	      0.00000000	     80.00000000	     -7.00000000	      0.00000000	     80.00000000	      1.39626340	      0.00000000	      0.00000000	      0.00000000	     -6.02429491	     -0.27249269	      5.41653923	      1.13220356	     -3.63343387	    -12.05048026	    121.93267007	     78.01682419	     35.13670937	    -21.56264473	      4.24656558	     -2.72065736	     11.46016518	    129.19589449	      3.20162534	     28.29962583	     25.40919528
1760624815.28299999	      6.09137348	      0.74508408	      3.43935311	      0.09063110	      0.98134091	      0.00569941	     80.00000000	     -7.00000000	      0.00000000	     80.00000000	      1.39626340	      0.00000000	      0.00000000	      0.00000000	     80.00000000	     -7.00000000	      0.00000000	     80.00000000	      1.39626340	      0.00000000	      0.00000000	      0.00000000	     -5.86777306	     -0.35446581	      5.47642935	      1.21939823	     -3.53263806	    -12.11767959	    119.46461428	     75.87142615	     31.71461617	    -21.37073986	      4.02594033	     -2.11165162	     11.03857702	    125.68923947	      4.24293795	     27.11374617	     22.98913964
1760624815.31699991	      6.29182671	      0.73526088	      3.45048637	      0.09761821	      0.98348458	      0.00414964	     80.00000000	     -7.00000000	      0.00000000	     80.00000000	      1.39626340	      0.00000000	      0.00000000	      0.00000000	     80.00000000	     -7.00000000	      0.00000000	     80.00000000	      1.39626340	      0.00000000	      0.00000000	      0.00000000	     -6.07608823	     -0.32821096	      5.43527458	      1.43379912	     -3.31049256	    -11.95185745	    117.32238258	     74.36880175	     28.52802218	    -21.21106364	      3.83621577	     -1.38071639	     10.70013331	    122.52956256	      5.58782989	     26.01483905	     20.61119429
1760624815.34999990	      6.37544929	      0.62520244	      3.47340335	      0.10085825	      0.98638948	      0.00543720	     80.00000000	     -7.00000000	      0.00000000	     80.00000000	      1.39626340	      0.00000000	      0.00000000	      0.00000000	     80.00000000	     -7.00000000	      0.00000000	     80.00000000	      1.39626340	      0.00000000	      0.00000000	      0.00000000	     -6.12445092	     -0.17505555	      5.32642364	      1.46397280	     -3.19826926	    -11.83183200	    115.18393224	     72.41926550	     25.31238526	    -21.21384754	      3.64376116	     -0.75601035	     10.02639384	    119.05655490	      6.72126841	     25.00128095	     18.36011663
1760624815.38299990	      6.04330254	      0.57634652	      3.46370519	      0.09495113	      0.99085113	      0.00604915	     80.00000000	     -7.00000000	      0.00000000	     80.00000000	      1.39626340	      0.00000000	      0.00000000	      0.00000000	     80.00000000	     -7.00000000	      0.00000000	     80.00000000	      1.39626340	      0.00000000	      0.00000000	      0.00000000	     -5.57866574	     -0.12639640	      5.28244349	      1.34705825	     -3.05775782	    -11.74632145	    112.17624289	     68.80374204	     21.22831230	    -21.70267531	      3.12673449	     -0.17410335	      9.08145322	    114.26069417	      7.28098498	     24.25796931	     15.73140370
1760624815.41700006	      5.79141162	      0.45596275	      3.45544072	      0.09332854	      0.99274574	      0.00904954	     80.00000000	     -7.00000000	      0.00000000	     80.00000000	      1.39626340	      0.00000000	      0.00000000	      0.00000000	     80.00000000	     -7.00000000	      0.00000000	     80.00000000	      1.39626340	      0.00000000	      0.00000000	      0.00000000	     -5.19337464	     -0.02131494	      5.29807159	      1.27379263	     -3.19542297	    -11.87692781	    109.57847133	     65.36249407	     18.58629540	    -22.58378083	      2.91938755	      0.13569464	      8.28157401	    110.11883062	      7.26699848	     23.80133321	     13.90151576
1760624815.45099998	      5.74510687	      0.49720766	      3.42951355	      0.09563114	      0.99497151	      0.00819169	     80.00000000	     -7.00000000	      0.00000000	     80.00000000	      1.39626340	      0.00000000	      0.00000000	      0.00000000	     80.00000000	     -7.00000000	      0.00000000	     80.00000000	      1.39626340	      0.00000000	      0.00000000	      0.00000000	     -5.12754059	     -0.07868111	      5.35551962	      1.38061503	     -3.37310909	    -11.81701141	    106.00319177	     61.89746679	     16.25513447	    -23.62019483	      2.90666073	      0.35893924	      7.48989051	    105.60830306	      7.04326526	     23.20423674	     12.07817983
1760624815.48399997	      5.51921475	      0.50593410	      3.41878459	      0.08731308	      0.99882505	      0.00749479	     80.00000000	     -7.00000000	      0.00000000	     80.00000000	      1.39626340	      0.00000000	      0.00000000	      0.00000000	     80.00000000	     -7.00000000	      0.00000000	     80.00000000	      1.39626340	      0.00000000	      0.00000000	      0.00000000	     -4.75221417	     -0.06953822	      5.36722114	      1.49236121	     -3.64082056	    -11.47497138	    101.18559216	     56.94289552	     13.54112442	    -24.99999983	      3.01575992	      0.64138469	      6.93627769	     99.25632163	      4.94254891	     22.99952984	     10.55886874
1760624815.51699996	      4.54017772	      0.43932151	      3.41651070	      0.06694729	      0.99458320	      0.00800695	     80.00000000	     -7.00000000	      0.00000000	     80.00000000	      1.39626340	      0.00000000	      0.00000000	      0.00000000	     80.00000000	     -7.00000000	      0.00000000	     80.00000000	      1.39626340	      0.00000000	      0.00000000	      0.00000000	     -3.39792398	     -0.02279187	      5.18211390	      0.91105036	     -4.16576962	    -11.36007097	     97.33607658	     52.48633329	     13.11870913	    -24.99999983	      3.01339885	      0.50009003	      6.22939336	     94.37462804	      2.45233171	     22.69085256	      9.49239644
1760624815.55100012	      3.96890835	      0.37829932	      3.43376518	      0.05223506	      0.99172075	      0.00787668	     80.00000000	     -7.00000000	      0.00000000	     80.00000000	      1.39626340	      0.00000000	      0.00000000	      0.00000000	     80.00000000	     -7.00000000	      0.00000000	     80.00000000	      1.39626340	      0.00000000	      0.00000000	      0.00000000	     -2.58868821	      0.09243173	      5.14268551	      0.87019808	     -5.03354025	    -11.15293751	     91.20998745	     47.57936216	     13.20016320	    -24.99999983	      3.02452168	      0.15295449	      5.64322635	     89.44357221	      0.07060263	     22.60613857	      8.52113817
1760624815.58400011	      3.49734588	      0.54638622	      3.41336668	      0.04089686	      0.99436179	      0.00387890	     80.00000000	     -7.00000000	      0.00000000	     80.00000000	      1.39626340	      0.00000000	      0.00000000	      0.00000000	     80.00000000	     -7.00000000	      0.00000000	     80.00000000	      1.39626340	      0.00000000	      0.00000000	      0.00000000	     -2.02894147	     -0.06702375	      5.10965966	      0.94597201	     -6.29228332	    -10.76203081	     82.77950222	     41.12775393	     15.10952402	    -24.99999983	      3.24682348	      0.78319580	      4.93886806	     82.30607164	      0.00000000	     23.51168533	      7.47409021
1760624815.61800003	      3.16571797	      0.48781406	      3.43509877	      0.03338891	      0.99349607	      0.00454000	     80.00000000	     -7.00000000	      0.00000000	     80.00000000	      1.39626340	      0.00000000	      0.00000000	      0.00000000	     80.00000000	     -7.00000000	      0.00000000	     80.00000000	      1.39626340	      0.00000000	      0.00000000	      0.00000000	     -1.66572001	     -0.08125404	      5.06173108	      1.04908987	     -7.12761702	    -10.26378428	     76.12983223	     35.62034872	     18.38121757	    -24.99999983	      3.51734053	      0.88451084	      4.51581534	     76.79873944	      0.00000000	     23.22676351	      6.33862100
1760624815.65100002	      3.20504120	      0.67145046	      3.41035243	      0.02894521	      0.99265616	     -0.00088305	     80.00000000	     -7.00000000	      0.00000000	     80.00000000	      1.39626340	      0.00000000	      0.00000000	      0.00000000	     80.00000000	     -7.00000000	      0.00000000	     80.00000000	      1.39626340	      0.00000000	      0.00000000	      0.00000000	     -1.76903161	     -0.45601215	      5.33620287	      1.46720323	     -7.32348241	    -10.04704801	     71.26552298	     32.27150859	     18.89254008	    -24.99999983	      3.72993541	      0.27635151	      4.18031293	     70.96191946	      0.00000000	     22.90270298	      5.88565417
1760624815.68499994	      3.31384082	      0.56380152	      3.45674429	      0.02887137	      0.98798823	     -0.00018163	     80.00000000	     -7.00000000	      0.00000000	     80.00000000	      1.39626340	      0.00000000	      0.00000000	      0.00000000	     80.00000000	     -7.00000000	      0.00000000	     80.00000000	      1.39626340	      0.00000000	      0.00000000	      0.00000000	     -2.13156620	     -0.21355392	      5.30435579	      2.00149593	     -8.76426258	     -9.19368235	     59.98897890	     25.57495044	     24.90273319	    -24.99999983	      4.41107880	      0.53100078	      3.70850867	     63.56854182	      0.00000000	     22.73640846	      5.39623905
1760624815.71799994	      3.31262523	      0.58918106	      3.45785102	      0.03274490	      0.99489300	     -0.00160134	     80.00000000	     -7.00000000	      0.00000000	     80.00000000	      1.39626340	      0.00000000	      0.00000000	      0.00000000	     80.00000000	     -7.00000000	      0.00000000	     80.00000000	      1.39626340	      0.00000000	      0.00000000	      0.00000000	     -2.29154226	     -0.28014718	      5.24284111	      2.52857831	     -9.11479859	     -7.94103004	     54.51194830	     20.86589802	     27.45732676	    -24.99999983	      4.33933348	      0.64048080	      3.24599636	     59.21435442	      0.00000000	     22.69676453	      4.74459175
1760624815.75099993	      3.42332865	      0.44110382	      3.47317086	      0.03864532	      0.98287699	      0.00125858	     80.00000000	     -7.00000000	      0.00000000	     80.00000000	      1.39626340	      0.00000000	      0.00000000	      0.00000000	     80.00000000	     -7.00000000	      0.00000000	     80.00000000	      1.39626340	      0.00000000	      0.00000000	      0.00000000	     -2.53255127	     -0.05349394	      5.09782654	      2.64427497	     -9.80161197	     -6.63414031	     45.68302876	     16.10838141	     31.77711609	    -24.99999983	      4.50722017	      0.12247027	      2.71189396	     53.99543631	      0.00000000	     22.12407995	      5.20763161
1760624815.78500009	      3.71638364	      0.42722600	      3.47077372	      0.04574688	      0.97738857	      0.00146850	     80.00000000	     -7.00000000	      0.00000000	     80.00000000	      1.39626340	      0.00000000	      0.00000000	      0.00000000	     80.00000000	     -7.00000000	      0.00000000	     80.00000000	      1.39626340	      0.00000000	      0.00000000	      0.00000000	     -3.24857752	      0.04336116	      5.13880351	      3.14050380	     -9.74918870	     -5.44289684	     38.45658525	     11.55793240	     34.56512724	    -24.99999983	      5.00742221	      0.18838504	      2.85217963	     47.75874612	      0.00000000	     21.63830189	      4.91995898
1760624815.81800008	      3.79077494	      0.44655432	      3.48753725	      0.04969687	      0.96671645	      0.00092161	     80.00000000	     -7.00000000	      0.00000000	     80.00000000	      1.39626340	      0.00000000	      0.00000000	      0.00000000	     80.00000000	     -7.00000000	      0.00000000	     80.00000000	      1.39626340	      0.00000000	      0.00000000	      0.00000000	     -3.52460071	      0.01516652	      5.18026002	      3.19323119	     -9.60341695	     -5.13823099	     34.55800382	      9.00801590	     35.53278136	    -24.99999983	      4.85250316	     -0.08347226	      2.87663546	     43.59848142	      0.00000000	     21.04941372	      4.82027946
1760624815.85200000	      3.98601488	      0.42798965	      3.50608142	      0.05464556	      0.96386095	      0.00207548	     80.00000000	     -7.00000000	      0.00000000	     80.00000000	      1.39626340	      0.00000000	      0.00000000	      0.00000000	     80.00000000	     -7.00000000	      0.00000000	     80.00000000	      1.39626340	      0.00000000	      0.00000000	      0.00000000	     -4.04642295	      0.09465437	      5.19002005	      3.41963488	     -9.59423880	     -4.76022615	     30.02078780	      6.61605883	     35.41413693	    -22.82975334	      5.21159550	     -0.72153540	      3.25210079	     37.69307877	      0.00000000	     21.15556127	      5.30570361
1760624815.88499999	      4.08720211	      0.44088084	      3.52752130	      0.05729072	      0.96068344	      0.00284029	     80.00000000	     -7.00000000	      0.00000000	     80.00000000	      1.39626340	      0.00000000	      0.00000000	      0.00000000	     80.00000000	     -7.00000000	      0.00000000	     80.00000000	      1.39626340	      0.00000000	      0.00000000	      0.00000000	     -4.38132253	      0.12018116	      5.12786930	      3.76888141	     -9.55836289	     -3.76146691	     25.83548484	      3.73918550	     35.98248660	    -20.53682992	      5.34463277	     -0.61367274	      3.24614644	     34.00568827	      0.00000000	     21.18254399	      5.47570375
1760624815.91899991	      3.92359716	      0.46818853	      3.52853440	      0.05409565	      0.96036707	      0.00468300	     80.00000000	     -7.00000000	      0.00000000	     80.00000000	      1.39626340	      0.00000000	      0.00000000	      0.00000000	     80.00000000	     -7.00000000	      0.00000000	     80.00000000	      1.39626340	      0.00000000	      0.00000000	      0.00000000	     -4.28998254	      0.13701610	      5.02363940	      3.83313991	     -9.51422129	     -2.62210635	     20.97206851	      0.39936841	     37.45916563	    -17.84568920	      5.38234177	     -0.59570227	      3.21779726	     30.32483449	      0.00000000	     21.35088238	      5.70804841
1760624815.95199990	      3.72773132	      0.46410875	      3.51835035	      0.04942177	      0.95781513	      0.00678877	     80.00000000	     -7.00000000	      0.00000000	     80.00000000	      1.39626340	      0.00000000	      0.00000000	      0.00000000	     80.00000000	     -7.00000000	      0.00000000	     80.00000000	      1.39626340	      0.00000000	      0.00000000	      0.00000000	     -4.19474524	      0.19086256	      5.10683878	      4.17489516	     -9.21973970	     -1.85220675	     16.84614397	      0.00000000	     36.23153253	    -16.40505634	      5.68458352	     -0.70798681	      4.18296567	     24.71432161	      0.00000000	     21.33121090	      5.66307054
1760624815.98600006	      3.57071310	      0.48581845	      3.53962356	      0.04553835	      0.95806485	      0.00656481	     80.00000000	     -7.00000000	      0.00000000	     80.00000000	      1.39626340	      0.00000000	      0.00000000	      0.00000000	     80.00000000	     -7.00000000	      0.00000000	     80.00000000	      1.39626340	      0.00000000	      0.00000000	      0.00000000	     -4.10758025	      0.13782533	      5.04619593	      4.48687945	     -8.90716761	     -1.15649240	     13.75091928	      0.00000000	     35.31340696	    -15.33993393	      5.74324011	     -0.55680659	      4.28765500	     21.41915230	      0.00000000	     21.02594216	      5.25310088
1760624816.01900005	      3.41273628	      0.49636863	      3.54489437	      0.04189489	      0.95295253	      0.00602153	     80.00000000	     -7.00000000	      0.00000000	     80.00000000	      1.39626340	      0.00000000	      0.00000000	      0.00000000	     80.00000000	     -7.00000000	      0.00000000	     80.00000000	      1.39626340	      0.00000000	      0.00000000	      0.00000000	     -3.99376567	      0.20065327	      5.18533893	      4.90357463	     -8.79609875	     -0.57934610	     11.65872028	      0.00000000	     32.92669239	    -14.04193526	      5.35459994	     -0.33535871	      4.25603263	     18.75224759	      0.00000000	     20.70271704	      5.14587894
1760624816.05299997	      3.51583784	      0.45475376	      3.55699294	      0.04308613	      0.95140041	      0.00664647	     80.00000000	     -7.00000000	      0.00000000	     80.00000000	      1.39626340	      0.00000000	      0.00000000	      0.00000000	     80.00000000	     -7.00000000	      0.00000000	     80.00000000	      1.39626340	      0.00000000	      0.00000000	      0.00000000	     -4.29348823	      0.28498779	      5.28957363	      5.67503613	     -8.48617415	      0.31298547	      8.74826563	      0.00000000	     30.17132798	    -12.20739376	      5.34413574	     -0.35579024	      4.59143914	     15.13094071	      0.00000000	     20.53261159	      5.72527682
1760624816.08599997	      3.69000777	      0.41726926	      3.57497990	      0.04641502	      0.95042663	      0.00724860	     80.00000000	     -7.00000000	      0.00000000	     80.00000000	      1.39626340	      0.00000000	      0.00000000	      0.00000000	     80.00000000	     -7.00000000	      0.00000000	     80.00000000	      1.39626340	      0.00000000	      0.00000000	      0.00000000	     -4.59866124	      0.34840090	      5.40289906	      6.04419711	     -8.09829949	      0.74562293	      7.41905029	      0.00000000	     27.95923045	    -11.03773993	      5.29307451	     -0.35085034	      4.86633452	     12.75102585	      0.00000000	     20.47410627	      5.98708152
1760624816.11899996	      3.62681188	      0.39838705	      3.59062421	      0.04624583	      0.94905853	      0.00764337	     80.00000000	     -7.00000000	      0.00000000	     80.00000000	      1.39626340	      0.00000000	      0.00000000	      0.00000000	     80.00000000	     -7.00000000	      0.00000000	     80.00000000	      1.39626340	      0.00000000	      0.00000000	      0.00000000	     -4.60326747	      0.38504532	      5.45056559	      6.01451791	     -7.50763815	      0.97205261	      5.93231989	      0.00000000	     26.54866035	     -9.79178746	      5.14678859	     -0.26317949	      4.75758514	     10.81818566	      0.00000000	     20.56087522	      5.98099516
1760624816.15300012	      3.44584791	      0.41723150	      3.58836271	      0.04292102	      0.94714140	      0.00736102	     80.00000000	     -7.00000000	      0.00000000	     80.00000000	      1.39626340	      0.00000000	      0.00000000	      0.00000000	     80.00000000	     -7.00000000	      0.00000000	     80.00000000	      1.39626340	      0.00000000	      0.00000000	      0.00000000	     -4.40127972	      0.28552762	      5.51034408	      5.62561305	     -6.58021470	      0.38133161	      4.99673799	      0.00000000	     25.07720006	     -8.22947893	      4.79580944	     -0.33024439	      4.42969217	      8.80033717	      0.00000000	     20.53393652	      6.05573531
1760624816.18600011	      3.54351227	      0.43348922	      3.60133004	      0.04490371	      0.94692091	      0.00708265	     80.00000000	     -7.00000000	      0.00000000	     80.00000000	      1.39626340	      0.00000000	      0.00000000	      0.00000000	     80.00000000	     -7.00000000	      0.00000000	     80.00000000	      1.39626340	      0.00000000	      0.00000000	      0.00000000	     -4.55758977	      0.25387967	      5.47253784	      5.36612730	     -6.05417506	     -0.63717297	      5.21360805	      0.00000000	     24.02799007	     -7.21077131	      4.60891507	     -0.43632105	      4.16262601	      7.81533771	      0.00000000	     20.66072906	      6.24562103
1760624816.22000003	      3.61231173	      0.47850447	      3.59714551	      0.04640857	      0.94704351	      0.00610573	     80.00000000	     -7.00000000	      0.00000000	     80.00000000	      1.39626340	      0.00000000	      0.00000000	      0.00000000	     80.00000000	     -7.00000000	      0.00000000	     80.00000000	      1.39626340	      0.00000000	      0.00000000	      0.00000000	     -4.70047109	      0.18777460	      5.39628851	      5.14216397	     -5.61126003	     -1.68048993	      5.71546878	      0.00000000	     23.12804943	     -6.35308538	      4.40485947	     -0.59169859	      3.80662823	      7.25828001	      0.00000000	     20.77435259	      6.46355415
1760624816.25300002	      3.60346927	      0.51360686	      3.56768310	      0.04543814	      0.94743692	      0.00594073	     80.00000000	     -7.00000000	      0.00000000	     80.00000000	      1.39626340	      0.00000000	      0.00000000	      0.00000000	     80.00000000	     -7.00000000	      0.00000000	     80.00000000	      1.39626340	      0.00000000	      0.00000000	      0.00000000	     -4.74038131	      0.12822988	      5.31670199	      4.89795577	     -5.27576478	     -2.62452730	      6.06826038	      0.00000000	     22.40243036	     -5.46827631	      4.19858094	     -0.81482390	      3.32043324	      6.89139013	      0.00000000	     20.76924520	      6.68934984
1760624816.28699994	      3.60611828	      0.55153113	      3.53555593	      0.04476162	      0.94688452	      0.00538190	     80.00000000	     -7.00000000	      0.00000000	     80.00000000	      1.39626340	      0.00000000	      0.00000000	      0.00000000	     80.00000000	     -7.00000000	      0.00000000	     80.00000000	      1.39626340	      0.00000000	      0.00000000	      0.00000000	     -4.76591048	      0.11080076	      5.28791747	      4.75829858	     -5.22946531	     -3.05157841	      6.23338762	      0.00000000	     21.94209658	     -4.97088121	      4.19670360	     -0.94984872	      3.09446887	      6.70274098	      0.00000000	     20.79097609	      6.84715429
1760624816.31999993	      3.62244500	      0.58195057	      3.49838395	      0.04383980	      0.94789697	      0.00489039	     80.00000000	     -7.00000000	      0.00000000	     80.00000000	      1.39626340	      0.00000000	      0.00000000	      0.00000000	     80.00000000	     -7.00000000	      0.00000000	     80.00000000	      1.39626340	      0.00000000	      0.00000000	      0.00000000	     -4.82012655	      0.07201335	      5.30200162	      4.65515971	     -5.25341804	     -3.51346640	      6.41521438	      0.00000000	     21.64761177	     -4.60844744	      4.37381582	     -1.09465346	      3.00555755	      6.54726743	      0.00000000	     20.80567249	      7.00259780
1760624816.35400009	      3.59798250	      0.62884732	      3.47307269	      0.04230048	      0.94849373	      0.00320519	     80.00000000	     -7.00000000	      0.00000000	     80.00000000	      1.39626340	      0.00000000	      0.00000000	      0.00000000	     80.00000000	     -7.00000000	      0.00000000	     80.00000000	      1.39626340	      0.00000000	      0.00000000	      0.00000000	     -4.82764920	      0.01328270	      5.29748581	      4.54496371	     -5.39540126	     -4.03780766	      6.57378612	      0.00000000	     21.58818686	     -4.18726427	      4.69034048	     -1.27195852	      2.95457485	      6.49140376	      0.00000000	     20.83659408	      7.12727239
1760624816.38700008	      3.57246749	      0.62463157	      3.47868900	      0.04024411	      0.94758402	      0.00264907	     80.00000000	     -7.00000000	      0.00000000	     80.00000000	      1.39626340	      0.00000000	      0.00000000	      0.00000000	     80.00000000	     -7.00000000	      0.00000000	     80.00000000	      1.39626340	      0.00000000	      0.00000000	      0.00000000	     -4.82471119	      0.02790779	      5.30661862	      4.51649343	     -5.64987909	     -4.35467083	      6.82770824	      0.00000000	     21.53417065	     -4.03111300	      4.92164760	     -1.38337999	      2.94189739	      6.56175930	      0.00000000	     20.81845474	      7.22326622
1760624816.42000008	      3.62964125	      0.60103994	      3.49495647	      0.03799936	      0.94653410	      0.00222705	     80.00000000	     -7.00000000	      0.00000000	     80.00000000	      1.39626340	      0.00000000	      0.00000000	      0.00000000	     80.00000000	     -7.00000000	      0.00000000	     80.00000000	      1.39626340	      0.00000000	      0.00000000	      0.00000000	     -4.89371333	      0.10081471	      5.24934951	      4.50118918	     -5.95579143	     -4.59114146	      6.99830025	      0.00000000	     21.48210208	     -3.94108902	      5.18498300	     -1.45002812	      2.93917152	      6.65667806	      0.00000000	     20.78407637	      7.26758802
1760624816.45400000	      3.62182635	      0.59544045	      3.52182910	      0.03619610	      0.94622305	      0.00193601	     80.00000000	     -7.00000000	      0.00000000	     80.00000000	      1.39626340	      0.00000000	      0.00000000	      0.00000000	     80.00000000	     -7.00000000	      0.00000000	     80.00000000	      1.39626340	      0.00000000	      0.00000000	      0.00000000	     -4.79993881	      0.11438593	      5.20869284	      4.44544552	     -6.24376425	     -4.85080983	      7.16348308	      0.03074442	     21.52274773	     -3.90577810	      5.41063931	     -1.52824895	      3.12957862	      6.74054429	      0.00000000	     20.70792909	      7.18860932
1760624816.48699999	      3.63642671	      0.58982337	      3.53650328	      0.03570271	      0.94603792	      0.00174805	     80.00000000	     -7.00000000	      0.00000000	     80.00000000	      1.39626340	      0.00000000	      0.00000000	      0.00000000	     80.00000000	     -7.00000000	      0.00000000	     80.00000000	      1.39626340	      0.00000000	      0.00000000	      0.00000000	     -4.75560077	      0.11630685	      5.18548260	      4.44146840	     -6.42211233	     -4.98788695	      7.20511216	      0.07637749	     21.56330897	     -3.86233231	      5.58459134	     -1.56588069	      3.21976758	      6.80029528	      0.00000000	     20.70833908	      7.13482440
1760624816.52099991	      3.59738084	      0.57842218	      3.55259455	      0.03507309	      0.94569255	      0.00109115	     80.00000000	     -7.00000000	      0.00000000	     80.00000000	      1.39626340	      0.00000000	      0.00000000	      0.00000000	     80.00000000	     -7.00000000	      0.00000000	     80.00000000	      1.39626340	      0.00000000	      0.00000000	      0.00000000	     -4.63408799	      0.10230173	      5.17162011	      4.43898810	     -6.55227076	     -5.04064336	      7.21795372	      0.00000000	     21.59757142	     -3.80849391	      5.68000383	     -1.56921921	      3.31800965	      6.83351671	      0.00000000	     20.63400865	      6.97472771
1760624816.55399990	      3.64966075	      0.56739076	      3.55003305	      0.03463688	      0.94587233	      0.00056858	     80.00000000	     -7.00000000	      0.00000000	     80.00000000	      1.39626340	      0.00000000	      0.00000000	      0.00000000	     80.00000000	     -7.00000000	      0.00000000	     80.00000000	      1.39626340	      0.00000000	      0.00000000	      0.00000000	     -4.59181109	      0.11198544	      5.16885825	      4.48410523	     -6.63211027	     -5.04020145	      7.16364101	      0.00000000	     21.55794807	     -3.95556112	      5.79621499	     -1.49926818	      3.41113466	      6.88800337	      0.00000000	     20.62813056	      6.85135222
1760624816.58800006	      3.70036089	      0.57221842	      3.55129259	      0.03431498	      0.94587092	     -0.00004794	     80.00000000	     -7.00000000	      0.00000000	     80.00000000	      1.39626340	      0.00000000	      0.00000000	      0.00000000	     80.00000000	     -7.00000000	      0.00000000	     80.00000000	      1.39626340	      0.00000000	      0.00000000	      0.00000000	     -4.57164914	      0.10936293	      5.16648953	      4.49097946	     -6.66605813	     -5.06790205	      7.12025737	      0.00000000	     21.53484159	     -4.00012896	      5.82855417	     -1.43760276	      3.50947223	      6.90819996	      0.00000000	     20.62316606	      6.80058992
1760624816.62100005	      3.74427377	      0.57069111	      3.54888193	      0.03430243	      0.94592331	     -0.00007168	     80.00000000	     -7.00000000	      0.00000000	     80.00000000	      1.39626340	      0.00000000	      0.00000000	      0.00000000	     80.00000000	     -7.00000000	      0.00000000	     80.00000000	      1.39626340	      0.00000000	      0.00000000	      0.00000000	     -4.54085540	      0.10402607	      5.16556741	      4.46734055	     -6.65757524	     -5.07921031	      7.04763029	      0.00000000	     21.50139103	     -4.00645324	      5.81208690	     -1.38943799	      3.56795791	      6.91229982	      0.00000000	     20.62399598	      6.79782141
1760624816.65499997	      3.77246893	      0.57278821	      3.54064012	      0.03460578	      0.94569712	     -0.00004952	     80.00000000	     -7.00000000	      0.00000000	     80.00000000	      1.39626340	      0.00000000	      0.00000000	      0.00000000	     80.00000000	     -7.00000000	      0.00000000	     80.00000000	      1.39626340	      0.00000000	      0.00000000	      0.00000000	     -4.51033855	      0.08572985	      5.17789891	      4.47713070	     -6.61294550	     -5.10984549	      6.96364212	      0.00000000	     21.46270956	     -4.02586512	      5.78123636	     -1.32368605	      3.61568069	      6.90504015	      0.00000000	     20.59633324	      6.75483554
1760624816.68799996	      3.78990193	      0.56392649	      3.53687892	      0.03532798	      0.94559419	      0.00016459	     80.00000000	     -7.00000000	      0.00000000	     80.00000000	      1.39626340	      0.00000000	      0.00000000	      0.00000000	     80.00000000	     -7.00000000	      0.00000000	     80.00000000	      1.39626340	      0.00000000	      0.00000000	      0.00000000	     -4.48477829	      0.08220929	      5.18014508	      4.46350982	     -6.57234126	     -5.18253408	      6.92722463	      0.00000000	     21.46539180	     -4.05928289	      5.74406722	     -1.28755795	      3.64379204	      6.88552384	      0.00000000	     20.58522240	      6.68995099
1760624816.72199988	      3.80625035	      0.54360326	      3.52949358	      0.03570218	      0.94564010	      0.00005777	     80.00000000	     -7.00000000	      0.00000000	     80.00000000	      1.39626340	      0.00000000	      0.00000000	      0.00000000	     80.00000000	     -7.00000000	      0.00000000	     80.00000000	      1.39626340	      0.00000000	      0.00000000	      0.00000000	     -4.46986521	      0.07108512	      5.18482390	      4.45496132	     -6.51722091	     -5.29024977	      6.89297920	      0.00000000	     21.44663185	     -3.98249408	      5.74057805	     -1.26278868	      3.60396284	      6.84455967	      0.00000000	     20.58632023	      6.60971024
1760624816.75500011	      3.81973295	      0.53725902	      3.53003122	      0.03563056	      0.94562109	      0.00015040	     80.00000000	     -7.00000000	      0.00000000	     80.00000000	      1.39626340	      0.00000000	      0.00000000	      0.00000000	     80.00000000	     -7.00000000	      0.00000000	     80.00000000	      1.39626340	      0.00000000	      0.00000000	      0.00000000	     -4.45833748	      0.07068752	      5.18892267	      4.41287779	     -6.48460750	     -5.37970489	      6.87768219	      0.00000000	     21.43449837	     -3.95676004	      5.75444166	     -1.23338804	      3.55602731	      6.78713436	      0.00000000	     20.57932661	      6.60326081
1760624816.78800011	      3.82584261	      0.53771972	      3.53421939	      0.03557627	      0.94571547	      0.00038054	     80.00000000	     -7.00000000	      0.00000000	     80.00000000	      1.39626340	      0.00000000	      0.00000000	      0.00000000	     80.00000000	     -7.00000000	      0.00000000	     80.00000000	      1.39626340	      0.00000000	      0.00000000	      0.00000000	     -4.46202684	      0.07404145	      5.20249916	      4.39634651	     -6.48169787	     -5.42900277	      6.86430111	      0.00000000	     21.41684833	     -3.92588532	      5.78018973	     -1.22367156	      3.54573859	      6.75395832	      0.00000000	     20.57203957	      6.59251850
1760624816.82200003	      3.86474172	      0.54158818	      3.54004412	      0.03459873	      0.94586479	      0.00027878	     80.00000000	     -7.00000000	      0.00000000	     80.00000000	      1.39626340	      0.00000000	      0.00000000	      0.00000000	     80.00000000	     -7.00000000	      0.00000000	     80.00000000	      1.39626340	      0.00000000	      0.00000000	      0.00000000	     -4.51800574	      0.09092816	      5.22103251	      4.39505349	     -6.50230970	     -5.49366605	      6.82518174	      0.00000000	     21.36347775	     -3.89869462	      5.83113785	     -1.21178155	      3.60236815	      6.68177944	      0.00000000	     20.58814324	      6.59222053
1760624816.85500002	      3.97668151	      0.54490096	      3.53546302	      0.03520004	      0.94613171	      0.00051728	     80.00000000	     -7.00000000	      0.00000000	     80.00000000	      1.39626340	      0.00000000	      0.00000000	      0.00000000	     80.00000000	     -7.00000000	      0.00000000	     80.00000000	      1.39626340	      0.00000000	      0.00000000	      0.00000000	     -4.64044208	      0.09490600	      5.21530526	      4.40408482	     -6.50549968	     -5.51949386	      6.79963867	      0.00000000	     21.27167831	     -3.88945113	      5.88706434	     -1.20829003	      3.61833360	      6.61038951	      0.00000000	     20.62856400	      6.61191139
1760624816.88899994	      3.98393886	      0.55156956	      3.53828373	      0.03591843	      0.94655896	      0.00066143	     80.00000000	     -7.00000000	      0.00000000	     80.00000000	      1.39626340	      0.00000000	      0.00000000	      0.00000000	     80.00000000	     -7.00000000	      0.00000000	     80.00000000	      1.39626340	      0.00000000	      0.00000000	      0.00000000	     -4.64378671	      0.09358275	      5.21410938	      4.38643117	     -6.50605240	     -5.56800660	      6.76667058	      0.00000000	     21.24422882	     -3.89137817	      5.89385262	     -1.21090358	      3.58821636	      6.59406761	      0.00000000	     20.61615458	      6.60222962
1760624816.92199993	      3.99174794	      0.58322258	      3.53577231	      0.03604592	      0.94631493	      0.00106568	     80.00000000	     -7.00000000	      0.00000000	     80.00000000	      1.39626340	      0.00000000	      0.00000000	      0.00000000	     80.00000000	     -7.00000000	      0.00000000	     80.00000000	      1.39626340	      0.00000000	      0.00000000	      0.00000000	     -4.64845228	      0.06235557	      5.21336372	      4.35004144	     -6.51030019	     -5.70661675	      6.77152699	      0.00000000	     21.19097820	     -3.79927140	      5.87264660	     -1.23155716	      3.50757553	      6.58175427	      0.00000000	     20.62257926	      6.65100084
1760624816.95600009	      3.99849072	      0.59145257	      3.53627318	      0.03635974	      0.94612258	      0.00133631	     80.00000000	     -7.00000000	      0.00000000	     80.00000000	      1.39626340	      0.00000000	      0.00000000	      0.00000000	     80.00000000	     -7.00000000	      0.00000000	     80.00000000	      1.39626340	      0.00000000	      0.00000000	      0.00000000	     -4.65316762	      0.05650776	      5.20677753	      4.34853960	     -6.48942059	     -5.82156474	      6.76871411	      0.00000000	     21.15811230	     -3.80251543	      5.86452924	     -1.23802754	      3.46560753	      6.51581448	      0.00000000	     20.62590492	      6.66347666
1760624816.98900008	      4.07056461	      0.61063920	      3.53356447	      0.03608923	      0.94610449	      0.00142032	     80.00000000	     -7.00000000	      0.00000000	     80.00000000	      1.39626340	      0.00000000	      0.00000000	      0.00000000	     80.00000000	     -7.00000000	      0.00000000	     80.00000000	      1.39626340	      0.00000000	      0.00000000	      0.00000000	     -4.72404271	      0.04657567	      5.19696405	      4.37883219	     -6.48694134	     -5.90609045	      6.87288424	      0.00000000	     20.93376178	     -3.83513166	      5.85474915	     -1.21956596	      3.47175204	      6.42103370	      0.00000000	     20.65168006	      6.62932583
1760624817.02200007	      4.07828496	      0.61194466	      3.53190941	      0.03703128	      0.94649618	      0.00133074	     80.00000000	     -7.00000000	      0.00000000	     80.00000000	      1.39626340	      0.00000000	      0.00000000	      0.00000000	     80.00000000	     -7.00000000	      0.00000000	     80.00000000	      1.39626340	      0.00000000	      0.00000000	      0.00000000	     -4.70365154	      0.05316120	      5.18577055	      4.37815761	     -6.44371879	     -5.93046245	      6.79533820	      0.00000000	     20.85721188	     -3.83906984	      5.81731032	     -1.20139649	      3.58627812	      6.19520216	      0.00000000	     20.62956456	      6.64521186
1760624817.05599999	      4.07938602	      0.61760244	      3.52909281	      0.03902204	      0.94663549	      0.00137630	     80.00000000	     -7.00000000	      0.00000000	     80.00000000	      1.39626340	      0.00000000	      0.00000000	      0.00000000	     80.00000000	     -7.00000000	      0.00000000	     80.00000000	      1.39626340	      0.00000000	      0.00000000	      0.00000000	     -4.68721261	      0.06045282	      5.17663189	      4.37358977	     -6.41846396	     -5.92507631	      6.80443752	      0.00000000	     20.83118172	     -3.83904738	      5.76254766	     -1.17061586	      3.65805822	      6.07741470	      0.00000000	     20.61976637	      6.64189369
1760624817.08899999	      4.09034218	      0.61829995	      3.53210958	      0.03994300	      0.94705939	      0.00177240	     80.00000000	     -7.00000000	      0.00000000	     80.00000000	      1.39626340	      0.00000000	      0.00000000	      0.00000000	     80.00000000	     -7.00000000	      0.00000000	     80.00000000	      1.39626340	      0.00000000	      0.00000000	      0.00000000	     -4.66947855	      0.05484993	      5.17466084	      4.34300018	     -6.36024251	     -5.99386861	      6.79771522	      0.00000000	     20.80041961	     -3.83690412	      5.70200895	     -1.16173055	      3.66228648	      6.05545497	      0.00000000	     20.62134817	      6.60450254
1760624817.12299991	      4.07322272	      0.62180296	      3.52239546	      0.04002349	      0.94707342	      0.00216248	     80.00000000	     -7.00000000	      0.00000000	     80.00000000	      1.39626340	      0.00000000	      0.00000000	      0.00000000	     80.00000000	     -7.00000000	      0.00000000	     80.00000000	      1.39626340	      0.00000000	      0.00000000	      0.00000000	     -4.59996720	      0.04477648	      5.17546124	      4.28872309	     -6.31263751	     -6.02580729	      6.72871525	      0.00000000	     20.75947187	     -3.78330891	      5.61412270	     -1.16820803	      3.63875358	      6.00752125	      0.00000000	     20.61266520	      6.60222171
1760624817.15599990	      4.05487751	      0.62214893	      3.51475274	      0.04025258	      0.94707546	      0.00221863	     80.00000000	     -7.00000000	      0.00000000	     80.00000000	      1.39626340	      0.00000000	      0.00000000	      0.00000000	     80.00000000	     -7.00000000	      0.00000000	     80.00000000	      1.39626340	      0.00000000	      0.00000000	      0.00000000	     -4.56197797	      0.04601731	      5.17209791	      4.24996871	     -6.28802304	     -5.97015445	      6.66943253	      0.00000000	     20.73404233	     -3.75682402	      5.57160577	     -1.17087079	      3.65345714	      5.95940766	      0.00000000	     20.61614333	      6.63395808
1760624817.19000006	      3.97782790	      0.60863923	      3.51922036	      0.04071375	      0.94668325	      0.00198235	     80.00000000	     -7.00000000	      0.00000000	     80.00000000	      1.39626340	      0.00000000	      0.00000000	      0.00000000	     80.00000000	     -7.00000000	      0.00000000	     80.00000000	      1.39626340	      0.00000000	      0.00000000	      0.00000000	     -4.48576492	      0.05270247	      5.18583811	      4.27346006	     -6.27848072	     -5.91046952	      6.57526493	      0.00000000	     20.68574933	     -3.70833747	      5.57294825	     -1.16877798	      3.69201184	      5.89211754	      0.00000000	     20.63314562	      6.65520850
1760624817.22300005	      3.92680552	      0.59210232	      3.52445446	      0.04163641	      0.94649675	      0.00186409	     80.00000000	     -7.00000000	      0.00000000	     80.00000000	      1.39626340	      0.00000000	      0.00000000	      0.00000000	     80.00000000	     -7.00000000	      0.00000000	     80.00000000	      1.39626340	      0.00000000	      0.00000000	      0.00000000	     -4.43788750	      0.05409444	      5.20160694	      4.36207565	     -6.25572224	     -5.74614512	      6.55773952	      0.00000000	     20.43315559	     -3.73648774	      5.63640344	     -1.15374700	      3.86081830	      5.63901117	      0.00000000	     20.58023607	      6.60046303
1760624817.25699997	      3.90622043	      0.58151334	      3.52760252	      0.04183840	      0.94628653	      0.00182144	     80.00000000	     -7.00000000	      0.00000000	     80.00000000	      1.39626340	      0.00000000	      0.00000000	      0.00000000	     80.00000000	     -7.00000000	      0.00000000	     80.00000000	      1.39626340	      0.00000000	      0.00000000	      0.00000000	     -4.40488544	      0.05521609	      5.19551860	      4.43400257	     -6.19807972	     -5.51205468	      6.38505218	      0.00000000	     20.29717019	     -3.81644262	      5.63662623	     -1.11773401	      4.05837891	      5.47498389	      0.00000000	     20.56458724	      6.58395820
1760624817.28999996	      3.87667988	      0.56872678	      3.54332944	      0.04225476	      0.94608341	      0.00198126	     80.00000000	     -7.00000000	      0.00000000	     80.00000000	      1.39626340	      0.00000000	      0.00000000	      0.00000000	     80.00000000	     -7.00000000	      0.00000000	     80.00000000	      1.39626340	      0.00000000	      0.00000000	      0.00000000	     -4.33913670	      0.04899022	      5.16901284	      4.49524216	     -6.11129479	     -5.25871867	      6.33818047	      0.00000000	     20.13284890	     -4.02060359	      5.56075064	     -1.10383700	      4.25732624	      5.39773463	      0.00000000	     20.61044014	      6.60941345
1760624817.32399988	      3.83238788	      0.56504894	      3.53951420	      0.04158326	      0.94567342	      0.00220618	     80.00000000	     -7.00000000	      0.00000000	     80.00000000	      1.39626340	      0.00000000	      0.00000000	      0.00000000	     80.00000000	     -7.00000000	      0.00000000	     80.00000000	      1.39626340	      0.00000000	      0.00000000	      0.00000000	     -4.19564848	      0.03683011	      5.15329027	      4.52156453	     -5.96419933	     -4.94290316	      6.16219148	      0.00000000	     20.04857742	     -4.17217816	      5.37806953	     -1.06715283	      4.48488014	      5.34293162	      0.00000000	     20.58882113	      6.69502787
1760624817.35700011	      3.79626986	      0.55776227	      3.54039072	      0.04104987	      0.94546841	      0.00258563	     80.00000000	     -7.00000000	      0.00000000	     80.00000000	      1.39626340	      0.00000000	      0.00000000	      0.00000000	     80.00000000	     -7.00000000	      0.00000000	     80.00000000	      1.39626340	      0.00000000	      0.00000000	      0.00000000	     -4.06371831	      0.02970204	      5.17360508	      4.52141446	     -5.84878795	     -4.73082675	      6.02229095	      0.00000000	     20.01761729	     -4.22934484	      5.20041274	     -1.01607327	      4.71759725	      5.28835905	      0.00000000	     20.54428031	      6.72588250
1760624817.39100003	      3.81967676	      0.55379192	      3.54501740	      0.04129669	      0.94553175	      0.00309847	     80.00000000	     -7.00000000	      0.00000000	     80.00000000	      1.39626340	      0.00000000	      0.00000000	      0.00000000	     80.00000000	     -7.00000000	      0.00000000	     80.00000000	      1.39626340	      0.00000000	      0.00000000	      0.00000000	     -4.00854087	      0.02193443	      5.18005135	      4.49372919	     -5.73765837	     -4.51002447	      5.94900032	      0.00000000	     19.99196602	     -4.22875940	      5.06039620	     -0.96858784	      4.94184507	      5.19674075	      0.00000000	     20.52781389	      6.74267266
1760624817.42400002	      3.76178190	      0.56190575	      3.53661858	      0.04165458	      0.94530459	      0.00288247	     80.00000000	     -7.00000000	      0.00000000	     80.00000000	      1.39626340	      0.00000000	      0.00000000	      0.00000000	     80.00000000	     -7.00000000	      0.00000000	     80.00000000	      1.39626340	      0.00000000	      0.00000000	      0.00000000	     -3.86840212	     -0.00729013	      5.20088912	      4.43605456	     -5.60947354	     -4.27122917	      5.85025518	      0.00000000	     20.04401833	     -4.24560343	      4.88925859	     -0.91300264	      5.03763337	      5.16981559	      0.00000000	     20.51736660	      6.72599466
1760624817.45700002	      3.78413528	      0.56012255	      3.53858263	      0.04231010	      0.94500787	      0.00278507	     80.00000000	     -7.00000000	      0.00000000	     80.00000000	      1.39626340	      0.00000000	      0.00000000	      0.00000000	     80.00000000	     -7.00000000	      0.00000000	     80.00000000	      1.39626340	      0.00000000	      0.00000000	      0.00000000	     -3.83741332	     -0.01634099	      5.20485402	      4.37546966	     -5.52072800	     -4.15904320	      5.81700615	      0.00000000	     20.04797397	     -4.22888202	      4.80171081	     -0.89079481	      5.10547287	      5.11732550	      0.00000000	     20.51252314	      6.74025307
1760624817.49099994	      3.71000658	      0.58103802	      3.54403072	      0.04183854	      0.94477177	      0.00271763	     80.00000000	     -7.00000000	      0.00000000	     80.00000000	      1.39626340	      0.00000000	      0.00000000	      0.00000000	     80.00000000	     -7.00000000	      0.00000000	     80.00000000	      1.39626340	      0.00000000	      0.00000000	      0.00000000	     -3.71442314	     -0.06007793	      5.20246363	      4.29754870	     -5.44187629	     -4.06303018	      5.61099517	      0.00000000	     20.23118634	     -4.15232809	      4.69383169	     -0.88934545	      5.15885488	      5.10935773	      0.00000000	     20.52168617	      6.79118833
1760624817.52399993	      3.72510860	      0.57766707	      3.55320918	      0.04159709	      0.94468422	      0.00271440	     80.00000000	     -7.00000000	      0.00000000	     80.00000000	      1.39626340	      0.00000000	      0.00000000	      0.00000000	     80.00000000	     -7.00000000	      0.00000000	     80.00000000	      1.39626340	      0.00000000	      0.00000000	      0.00000000	     -3.70702802	     -0.07345709	      5.21553269	      4.23192687	     -5.37616626	     -3.99213144	      5.59160135	      0.00000000	     20.23027875	     -4.12406805	      4.63841089	     -0.93210114	      5.16918239	      5.07007023	      0.00000000	     20.49477223	      6.79638716
1760624817.55800009	      3.72569921	      0.58304503	      3.56166965	      0.04083619	      0.94472602	      0.00278535	     80.00000000	     -7.00000000	      0.00000000	     80.00000000	      1.39626340	      0.00000000	      0.00000000	      0.00000000	     80.00000000	     -7.00000000	      0.00000000	     80.00000000	      1.39626340	      0.00000000	      0.00000000	      0.00000000	     -3.68497814	     -0.08290798	      5.22521846	      4.16639680	     -5.34496450	     -3.98861755	      5.57805039	      0.00000000	     20.23062290	     -4.09749040	      4.61340596	     -0.95442737	      5.19575153	      4.99719502	      0.00000000	     20.47233621	      6.81384835
1760624817.59100008	      3.66109325	      0.60056368	      3.56816523	      0.03960124	      0.94456025	      0.00277910	     80.00000000	     -7.00000000	      0.00000000	     80.00000000	      1.39626340	      0.00000000	      0.00000000	      0.00000000	     80.00000000	     -7.00000000	      0.00000000	     80.00000000	      1.39626340	      0.00000000	      0.00000000	      0.00000000	     -3.59702811	     -0.11447962	      5.22686598	      4.10979322	     -5.31066604	     -3.99768419	      5.48766538	      0.00000000	     20.24142696	     -4.07128840	      4.59434049	     -0.98476567	      5.19368739	      4.96109497	      0.00000000	     20.43539852	      6.87697111
1760624817.62500000	      3.65563566	      0.60686371	      3.56353407	      0.03896342	      0.94451227	      0.00275370	     80.00000000	     -7.00000000	      0.00000000	     80.00000000	      1.39626340	      0.00000000	      0.00000000	      0.00000000	     80.00000000	     -7.00000000	      0.00000000	     80.00000000	      1.39626340	      0.00000000	      0.00000000	      0.00000000	     -3.56656635	     -0.12249206	      5.22341596	      4.04475512	     -5.29363496	     -4.02369922	      5.45028385	      0.00000000	     20.23657287	     -4.06230826	      4.57925171	     -1.00833665	      5.10932356	      4.93811512	      0.00000000	     20.42532199	      6.86997173
1760624817.69199991	      3.56036174	      0.65001987	      3.56037225	      0.03839436	      0.94409863	      0.00275636	     80.00000000	     -7.00000000	      0.00000000	     80.00000000	      1.39626340	      0.00000000	      0.00000000	      0.00000000	     80.00000000	     -7.00000000	      0.00000000	     80.00000000	      1.39626340	      0.00000000	      0.00000000	      0.00000000	     -3.40711282	     -0.19797563	      5.26062178	      3.92752762	     -5.25060392	     -4.21329838	      5.50443846	      0.00000000	     20.18671380	     -4.01914905	      4.53301483	     -1.06511640	      5.01170275	      4.90495056	      0.00000000	     20.38888913	      6.86691274
1760624817.72499990	      3.50644472	      0.66648163	      3.55001735	      0.03752564	      0.94399032	      0.00295083	     80.00000000	     -7.00000000	      0.00000000	     80.00000000	      1.39626340	      0.00000000	      0.00000000	      0.00000000	     80.00000000	     -7.00000000	      0.00000000	     80.00000000	      1.39626340	      0.00000000	      0.00000000	      0.00000000	     -3.30339431	     -0.22724149	      5.27660636	      3.83841950	     -5.21979580	     -4.25028232	      5.43295323	      0.00000000	     20.19809350	     -4.01353538	      4.49463935	     -1.09942068	      4.98876440	      4.86408493	      0.00000000	     20.37760724	      6.89035492
1760624817.75799990	      3.50279046	      0.66966445	      3.54096226	      0.03679933	      0.94394011	      0.00285751	     80.00000000	     -7.00000000	      0.00000000	     80.00000000	      1.39626340	      0.00000000	      0.00000000	      0.00000000	     80.00000000	     -7.00000000	      0.00000000	     80.00000000	      1.39626340	      0.00000000	      0.00000000	      0.00000000	     -3.28211912	     -0.23232795	      5.26243475	      3.78432737	     -5.19662804	     -4.28689709	      5.39825933	      0.00000000	     20.19213924	     -4.01131925	      4.48831212	     -1.10122491	      4.98633650	      4.79051226	      0.00000000	     20.36470770	      6.88980614
1760624817.79200006	      3.49060796	      0.67006962	      3.55016486	      0.03681500	      0.94384466	      0.00286342	     80.00000000	     -7.00000000	      0.00000000	     80.00000000	      1.39626340	      0.00000000	      0.00000000	      0.00000000	     80.00000000	     -7.00000000	      0.00000000	     80.00000000	      1.39626340	      0.00000000	      0.00000000	      0.00000000	     -3.26836287	     -0.24626246	      5.26668782	      3.77621897	     -5.17743398	     -4.28615953	      5.37213695	      0.00000000	     20.17518532	     -4.00212236	      4.47967171	     -1.11838722	      5.03197197	      4.73304081	      0.00000000	     20.36067765	      6.88407930
1760624817.82500005	      3.49011057	      0.67800694	      3.54598700	      0.03638211	      0.94401803	      0.00283833	     80.00000000	     -7.00000000	      0.00000000	     80.00000000	      1.39626340	      0.00000000	      0.00000000	      0.00000000	     80.00000000	     -7.00000000	      0.00000000	     80.00000000	      1.39626340	      0.00000000	      0.00000000	      0.00000000	     -3.26798743	     -0.25703395	      5.25894553	      3.77886789	     -5.15822839	     -4.28909264	      5.39629826	      0.00000000	     20.16922577	     -3.99562183	      4.48200871	     -1.13488491	      5.04568781	      4.66941265	      0.00000000	     20.36017750	      6.89151024
1760624817.85899997	      3.49790709	      0.70901260	      3.55153354	      0.03596554	      0.94388845	      0.00254019	     80.00000000	     -7.00000000	      0.00000000	     80.00000000	      1.39626340	      0.00000000	      0.00000000	      0.00000000	     80.00000000	     -7.00000000	      0.00000000	     80.00000000	      1.39626340	      0.00000000	      0.00000000	      0.00000000	     -3.30343312	     -0.28498824	      5.23574260	      3.79984910	     -5.16407053	     -4.30707065	      5.48719643	      0.00000000	     20.09669496	     -3.97897456	      4.50466887	     -1.12109861	      5.08023291	      4.60677148	      0.00000000	     20.36270734	      6.89085628
1760624817.89199996	      3.50778108	      0.70024171	      3.55135040	      0.03611380	      0.94389861	      0.00247849	     80.00000000	     -7.00000000	      0.00000000	     80.00000000	      1.39626340	      0.00000000	      0.00000000	      0.00000000	     80.00000000	     -7.00000000	      0.00000000	     80.00000000	      1.39626340	      0.00000000	      0.00000000	      0.00000000	     -3.30060484	     -0.29895335	      5.23519251	      3.78321078	     -5.14093580	     -4.30076082	      5.48473678	      0.00000000	     20.08296494	     -3.96750854	      4.48659235	     -1.13715208	      5.11720572	      4.53797321	      0.00000000	     20.34980067	      6.88700874
1760624817.92600012	      3.50544097	      0.69877885	      3.55544776	      0.03644942	      0.94410169	      0.00226348	     80.00000000	     -7.00000000	      0.00000000	     80.00000000	      1.39626340	      0.00000000	      0.00000000	      0.00000000	     80.00000000	     -7.00000000	      0.00000000	     80.00000000	      1.39626340	      0.00000000	      0.00000000	      0.00000000	     -3.30079681	     -0.31615820	      5.24572009	      3.78473835	     -5.12896643	     -4.30804030	      5.48104061	      0.00000000	     20.06768901	     -3.93992521	      4.46523069	     -1.14427986	      5.15010986	      4.52079181	      0.00000000	     20.34790799	      6.88651641
1760624817.95900011	      3.50376335	      0.69980897	      3.55298414	      0.03640714	      0.94420735	      0.00215559	     80.00000000	     -7.00000000	      0.00000000	     80.00000000	      1.39626340	      0.00000000	      0.00000000	      0.00000000	     80.00000000	     -7.00000000	      0.00000000	     80.00000000	      1.39626340	      0.00000000	      0.00000000	      0.00000000	     -3.30651286	     -0.31890124	      5.24543322	      3.79257689	     -5.12650842	     -4.30562588	      5.48893935	      0.00000000	     20.06915275	     -3.94024111	      4.46134795	     -1.13971173	      5.17112157	      4.52256671	      0.00000000	     20.35049630	      6.88521258
1760624817.99300003	      3.50502507	      0.69724862	      3.56532433	      0.03641343	      0.94440459	      0.00209296	     80.00000000	     -7.00000000	      0.00000000	     80.00000000	      1.39626340	      0.00000000	      0.00000000	      0.00000000	     80.00000000	     -7.00000000	      0.00000000	     80.00000000	      1.39626340	      0.00000000	      0.00000000	      0.00000000	     -3.30986426	     -0.32741789	      5.26013730	      3.78610008	     -5.14171691	     -4.29974862	      5.49106369	      0.00000000	     20.06774720	     -3.93923856	      4.46096929	     -1.14941119	      5.18310936	      4.51535516	      0.00000000	     20.34841822	      6.87781345
1760624818.02600002	      3.52604849	      0.72859664	      3.55879770	      0.03655933	      0.94444885	      0.00188811	     80.00000000	     -7.00000000	      0.00000000	     80.00000000	      1.39626340	      0.00000000	      0.00000000	      0.00000000	     80.00000000	     -7.00000000	      0.00000000	     80.00000000	      1.39626340	      0.00000000	      0.00000000	      0.00000000	     -3.33495679	     -0.36547094	      5.29750417	      3.77614810	     -5.14900276	     -4.31113304	      5.51525661	      0.00000000	     20.03717537	     -3.93125712	      4.46268840	     -1.13873475	      5.19294078	      4.49172401	      0.00000000	     20.31456350	      6.80776147
1760624818.05999994	      3.53886951	      0.73038502	      3.56335626	      0.03607158	      0.94465057	      0.00203003	     80.00000000	     -7.00000000	      0.00000000	     80.00000000	      1.39626340	      0.00000000	      0.00000000	      0.00000000	     80.00000000	     -7.00000000	      0.00000000	     80.00000000	      1.39626340	      0.00000000	      0.00000000	      0.00000000	     -3.36855906	     -0.37762388	      5.30606959	      3.78833626	     -5.16006848	     -4.33800172	      5.55742297	      0.00000000	     20.04384053	     -3.90813990	      4.49572294	     -1.13455188	      5.20076888	      4.46780297	      0.00000000	     20.32085918	      6.81607333
1760624818.09299994	      3.57066871	      0.73677994	      3.56905155	      0.03581668	      0.94479774	      0.00203055	     80.00000000	     -7.00000000	      0.00000000	     80.00000000	      1.39626340	      0.00000000	      0.00000000	      0.00000000	     80.00000000	     -7.00000000	      0.00000000	     80.00000000	      1.39626340	      0.00000000	      0.00000000	      0.00000000	     -3.40581811	     -0.39307541	      5.32009905	      3.78518858	     -5.17501022	     -4.39597716	      5.59648934	      0.00000000	     20.04318565	     -3.89198873	      4.50336039	     -1.14112296	      5.21511390	      4.44950164	      0.00000000	     20.34104198	      6.84252016
1760624818.12599993	      3.57999536	      0.73824686	      3.57131521	      0.03549695	      0.94476237	      0.00207309	     80.00000000	     -7.00000000	      0.00000000	     80.00000000	      1.39626340	      0.00000000	      0.00000000	      0.00000000	     80.00000000	     -7.00000000	      0.00000000	     80.00000000	      1.39626340	      0.00000000	      0.00000000	      0.00000000	     -3.40841924	     -0.40216038	      5.33766439	      3.78378414	     -5.17876025	     -4.39168511	      5.58435311	      0.00000000	     20.03039421	     -3.89450027	      4.46443476	     -1.14675381	      5.19295851	      4.47631752	      0.00000000	     20.35333133	      6.85661443
1760624818.16000009	      3.58062761	      0.73527423	      3.57839164	      0.03551043	      0.94460213	      0.00205164	     80.00000000	     -7.00000000	      0.00000000	     80.00000000	      1.39626340	      0.00000000	      0.00000000	      0.00000000	     80.00000000	     -7.00000000	      0.00000000	     80.00000000	      1.39626340	      0.00000000	      0.00000000	      0.00000000	     -3.40813234	     -0.40751337	      5.34825492	      3.77926280	     -5.18012293	     -4.39869206	      5.58549334	      0.00000000	     20.03194977	     -3.89393128	      4.45990372	     -1.14395497	      5.17859506	      4.46879805	      0.00000000	     20.35374216	      6.85919727
1760624818.19300008	      3.57276559	      0.73781928	      3.57937794	      0.03589837	      0.94446675	      0.00214245	     80.00000000	     -7.00000000	      0.00000000	     80.00000000	      1.39626340	      0.00000000	      0.00000000	      0.00000000	     80.00000000	     -7.00000000	      0.00000000	     80.00000000	      1.39626340	      0.00000000	      0.00000000	      0.00000000	     -3.41646277	     -0.41552332	      5.36515713	      3.77404656	     -5.18129288	     -4.42363696	      5.60652457	      0.00000000	     20.04765091	     -3.89562637	      4.45892533	     -1.12932868	      5.23652394	      4.42701304	      0.00000000	     20.35041464	      6.86127646
1760624818.22700000	      3.65594405	      0.73863915	      3.54774716	      0.03789241	      0.94475456	      0.00233297	     80.00000000	     -7.00000000	      0.00000000	     80.00000000	      1.39626340	      0.00000000	      0.00000000	      0.00000000	     80.00000000	     -7.00000000	      0.00000000	     80.00000000	      1.39626340	      0.00000000	      0.00000000	      0.00000000	     -3.53688968	     -0.41791831	      5.39644971	      3.82380811	     -5.18516756	     -4.41277550	      5.77890121	      0.00000000	     19.96074576	     -3.94012492	      4.47434943	     -1.11291026	      5.28847082	      4.44291631	      0.00000000	     20.41265265	      6.86601604
1760624818.25999999	      3.63780472	      0.73237789	      3.54722458	      0.03749808	      0.94475956	      0.00228345	     80.00000000	     -7.00000000	      0.00000000	     80.00000000	      1.39626340	      0.00000000	      0.00000000	      0.00000000	     80.00000000	     -7.00000000	      0.00000000	     80.00000000	      1.39626340	      0.00000000	      0.00000000	      0.00000000	     -3.51754710	     -0.42055893	      5.39416849	      3.80683510	     -5.16804984	     -4.42375026	      5.74567070	      0.00000000	     19.94856632	     -3.93218262	      4.43365663	     -1.11406346	      5.25434314	      4.46795651	      0.00000000	     20.41296845	      6.88625109
1760624818.29399991	      3.63543721	      0.72833001	      3.55014816	      0.03658696	      0.94501698	      0.00238294	     80.00000000	     -7.00000000	      0.00000000	     80.00000000	      1.39626340	      0.00000000	      0.00000000	      0.00000000	     80.00000000	     -7.00000000	      0.00000000	     80.00000000	      1.39626340	      0.00000000	      0.00000000	      0.00000000	     -3.52541724	     -0.42256401	      5.39692793	      3.80875657	     -5.15341843	     -4.40204793	      5.74473378	      0.00000000	     19.94561658	     -3.92635021	      4.42330492	     -1.09970715	      5.27118028	      4.45110282	      0.00000000	     20.40955918	      6.88461658
1760624818.32699990	      3.62830425	      0.72674187	      3.54831788	      0.03607221	      0.94512329	      0.00244615	     80.00000000	     -7.00000000	      0.00000000	     80.00000000	      1.39626340	      0.00000000	      0.00000000	      0.00000000	     80.00000000	     -7.00000000	      0.00000000	     80.00000000	      1.39626340	      0.00000000	      0.00000000	      0.00000000	     -3.53766241	     -0.42166961	      5.39423351	      3.80484236	     -5.14794765	     -4.37413481	      5.74552148	      0.00000000	     19.94646307	     -3.92417109	      4.41362808	     -1.09561445	      5.31250338	      4.44061677	      0.00000000	     20.40471793	      6.87782990
1760624818.36100006	      3.62069815	      0.72321310	      3.55942994	      0.03607525	      0.94509557	      0.00232642	     80.00000000	     -7.00000000	      0.00000000	     80.00000000	      1.39626340	      0.00000000	      0.00000000	      0.00000000	     80.00000000	     -7.00000000	      0.00000000	     80.00000000	      1.39626340	      0.00000000	      0.00000000	      0.00000000	     -3.56072317	     -0.41362869	      5.39748136	      3.81869878	     -5.15491155	     -4.43580801	      5.76600027	      0.00000000	     19.95286861	     -3.91841217	      4.42724003	     -1.09520685	      5.34791611	      4.44188958	      0.00000000	     20.40152204	      6.86169112
1760624818.39400005	      3.61731903	      0.72177125	      3.56106246	      0.03558276	      0.94495137	      0.00231602	     80.00000000	     -7.00000000	      0.00000000	     80.00000000	      1.39626340	      0.00000000	      0.00000000	      0.00000000	     80.00000000	     -7.00000000	      0.00000000	     80.00000000	      1.39626340	      0.00000000	      0.00000000	      0.00000000	     -3.56678511	     -0.40291785	      5.39418444	      3.79876362	     -5.15923592	     -4.44135016	      5.73264034	      0.00000000	     19.94066185	     -3.92207223	      4.42654994	     -1.09338215	      5.36895569	      4.42229778	      0.00000000	     20.39175309	      6.85390741
1760624818.42799997	      3.61202227	      0.72077095	      3.55924432	      0.03562192	      0.94490749	      0.00219517	     80.00000000	     -7.00000000	      0.00000000	     80.00000000	      1.39626340	      0.00000000	      0.00000000	      0.00000000	     80.00000000	     -7.00000000	      0.00000000	     80.00000000	      1.39626340	      0.00000000	      0.00000000	      0.00000000	     -3.57564484	     -0.39659515	      5.39093348	      3.80311869	     -5.16210937	     -4.41818664	      5.73541255	      0.00000000	     19.94339081	     -3.92475942	      4.43428721	     -1.09815275	      5.39231088	      4.41042057	      0.00000000	     20.38722409	      6.84976855
1760624818.46099997	      3.60438740	      0.70715081	      3.57176208	      0.03603529	      0.94472414	      0.00211753	     80.00000000	     -7.00000000	      0.00000000	     80.00000000	      1.39626340	      0.00000000	      0.00000000	      0.00000000	     80.00000000	     -7.00000000	      0.00000000	     80.00000000	      1.39626340	      0.00000000	      0.00000000	      0.00000000	     -3.58707144	     -0.38252304	      5.39551711	      3.79349631	     -5.16738546	     -4.44696700	      5.74119467	      0.00000000	     19.96635306	     -3.91969701	      4.46463407	     -1.09851277	      5.42263102	      4.37536197	      0.00000000	     20.37599848	      6.84381010
1760624818.49399996	      3.59757309	      0.71013270	      3.56759220	      0.03627359	      0.94455108	      0.00227524	     80.00000000	     -7.00000000	      0.00000000	     80.00000000	      1.39626340	      0.00000000	      0.00000000	      0.00000000	     80.00000000	     -7.00000000	      0.00000000	     80.00000000	      1.39626340	      0.00000000	      0.00000000	      0.00000000	     -3.58889407	     -0.37059760	      5.38929413	      3.78738528	     -5.17438864	     -4.43174044	      5.73877461	      0.00000000	     19.97251577	     -3.91870693	      4.46521001	     -1.11666557	      5.43892631	      4.37110754	      0.00000000	     20.37664103	      6.84835075
1760624818.52800012	      3.58765979	      0.68021017	      3.57818944	      0.03669480	      0.94448554	      0.00235362	     80.00000000	     -7.00000000	      0.00000000	     80.00000000	      1.39626340	      0.00000000	      0.00000000	      0.00000000	     80.00000000	     -7.00000000	      0.00000000	     80.00000000	      1.39626340	      0.00000000	      0.00000000	      0.00000000	     -3.56867797	     -0.32331401	      5.36368328	      3.76204990	     -5.18011091	     -4.43026253	      5.74239188	      0.00000000	     20.01614718	     -3.93698174	      4.44437871	     -1.12384187	      5.45672990	      4.36653254	      0.00000000	     20.37073011	      6.86607042
1760624818.56100011	      3.47245864	      0.64389180	      3.59288361	      0.03535650	      0.94426733	      0.00236165	     80.00000000	     -7.00000000	      0.00000000	     80.00000000	      1.39626340	      0.00000000	      0.00000000	      0.00000000	     80.00000000	     -7.00000000	      0.00000000	     80.00000000	      1.39626340	      0.00000000	      0.00000000	      0.00000000	     -3.44438564	     -0.29486457	      5.34555741	      3.72464748	     -5.14909066	     -4.41007288	      5.51274120	      0.00000000	     20.19540098	     -3.90370851	      4.43971412	     -1.14230165	      5.51238458	      4.32383046	      0.00000000	     20.34487113	      6.87864515
1760624818.59500003	      3.47148664	      0.64252605	      3.60106830	      0.03567335	      0.94459451	      0.00234732	     80.00000000	     -7.00000000	      0.00000000	     80.00000000	      1.39626340	      0.00000000	      0.00000000	      0.00000000	     80.00000000	     -7.00000000	      0.00000000	     80.00000000	      1.39626340	      0.00000000	      0.00000000	      0.00000000	     -3.45202350	     -0.28919435	      5.35366586	      3.72498086	     -5.14434932	     -4.42151963	      5.53415148	      0.00000000	     20.19316321	     -3.89899061	      4.45978052	     -1.14858575	      5.56721843	      4.28584361	      0.00000000	     20.34313698	      6.87681801
1760624818.62800002	      3.45876414	      0.64339534	      3.60576697	      0.03625340	      0.94445263	      0.00247747	     80.00000000	     -7.00000000	      0.00000000	     80.00000000	      1.39626340	      0.00000000	      0.00000000	      0.00000000	     80.00000000	     -7.00000000	      0.00000000	     80.00000000	      1.39626340	      0.00000000	      0.00000000	      0.00000000	     -3.47211998	     -0.27753867	      5.36154613	      3.75351775	     -5.13350553	     -4.43507000	      5.56279326	      0.00000000	     20.18849842	     -3.90494865	      4.49017611	     -1.14880085	      5.54931281	      4.31651297	      0.00000000	     20.35476657	      6.87652947
1760624818.66199994	      3.50673584	      0.60637642	      3.60998002	      0.03718989	      0.94431657	      0.00254863	     80.00000000	     -7.00000000	      0.00000000	     80.00000000	      1.39626340	      0.00000000	      0.00000000	      0.00000000	     80.00000000	     -7.00000000	      0.00000000	     80.00000000	      1.39626340	      0.00000000	      0.00000000	      0.00000000	     -3.53821948	     -0.23324849	      5.37687432	      3.77010771	     -5.14627327	     -4.44688347	      5.73404476	      0.00000000	     20.04830525	     -3.92591533	      4.51381543	     -1.14704292	      5.54241991	      4.30362252	      0.00000000	     20.37523899	      6.88323017
1760624818.69499993	      3.50143884	      0.60270471	      3.60984872	      0.03743603	      0.94434650	      0.00255515	     80.00000000	     -7.00000000	      0.00000000	     80.00000000	      1.39626340	      0.00000000	      0.00000000	      0.00000000	     80.00000000	     -7.00000000	      0.00000000	     80.00000000	      1.39626340	      0.00000000	      0.00000000	      0.00000000	     -3.54802656	     -0.23463644	      5.37264552	      3.77711487	     -5.12504532	     -4.43915606	      5.72378418	      0.00000000	     20.04048640	     -3.92487001	      4.54791661	     -1.14369258	      5.53184007	      4.28243818	      0.00000000	     20.37228643	      6.87054222
1760624818.72900009	      3.48901778	      0.59918677	      3.61898237	      0.03735142	      0.94433364	      0.00234647	     80.00000000	     -7.00000000	      0.00000000	     80.00000000	      1.39626340	      0.00000000	      0.00000000	      0.00000000	     80.00000000	     -7.00000000	      0.00000000	     80.00000000	      1.39626340	      0.00000000	      0.00000000	      0.00000000	     -3.56134517	     -0.22819712	      5.37538886	      3.80153115	     -5.12344737	     -4.47147626	      5.73011721	      0.00000000	     20.04016283	     -3.92177735	      4.55496709	     -1.14623300	      5.55294415	      4.27289781	      0.00000000	     20.36734538	      6.86389908
1760624818.76200008	      3.47233873	      0.59495532	      3.62193638	      0.03706381	      0.94434955	      0.00220492	     80.00000000	     -7.00000000	      0.00000000	     80.00000000	      1.39626340	      0.00000000	      0.00000000	      0.00000000	     80.00000000	     -7.00000000	      0.00000000	     80.00000000	      1.39626340	      0.00000000	      0.00000000	      0.00000000	     -3.55900307	     -0.21558224	      5.37089076	      3.79593192	     -5.14068100	     -4.51017821	      5.71570368	      0.00000000	     20.04744656	     -3.90102996	      4.54258296	     -1.14514215	      5.58458995	      4.25915214	      0.00000000	     20.36001285	      6.87128127
1760624818.79500008	      3.44114675	      0.59032661	      3.62542938	      0.03720450	      0.94423506	      0.00194847	     80.00000000	     -7.00000000	      0.00000000	     80.00000000	      1.39626340	      0.00000000	      0.00000000	      0.00000000	     80.00000000	     -7.00000000	      0.00000000	     80.00000000	      1.39626340	      0.00000000	      0.00000000	      0.00000000	     -3.56742468	     -0.19576455	      5.37185923	      3.83015990	     -5.16190047	     -4.49338084	      5.69092070	      0.00000000	     20.05382037	     -3.89534430	      4.56834693	     -1.13930697	      5.57382219	      4.25393389	      0.00000000	     20.35836232	      6.88448569
1760624818.82900000	      3.42659922	      0.58915518	      3.62336979	      0.03720007	      0.94424698	      0.00177525	     80.00000000	     -7.00000000	      0.00000000	     80.00000000	      1.39626340	      0.00000000	      0.00000000	      0.00000000	     80.00000000	     -7.00000000	      0.00000000	     80.00000000	      1.39626340	      0.00000000	      0.00000000	      0.00000000	     -3.57713486	     -0.19053788	      5.36880799	      3.84146234	     -5.17609371	     -4.47108485	      5.69343660	      0.00000000	     20.06000522	     -3.89561220	      4.56191913	     -1.14807145	      5.60847310	      4.24173851	      0.00000000	     20.35622915	      6.88578430
1760624818.86199999	      3.38697324	      0.58761330	      3.62744562	      0.03768614	      0.94405862	      0.00179737	     80.00000000	     -7.00000000	      0.00000000	     80.00000000	      1.39626340	      0.00000000	      0.00000000	      0.00000000	     80.00000000	     -7.00000000	      0.00000000	     80.00000000	      1.39626340	      0.00000000	      0.00000000	      0.00000000	     -3.61649910	     -0.17530929	      5.36256871	      3.90703949	     -5.21373901	     -4.48895539	      5.73125135	      0.00000000	     20.09487958	     -3.88291425	      4.63189473	     -1.14496060	      5.67065100	      4.22127772	      0.00000000	     20.35504989	      6.89414515
1760624818.89599991	      3.35748044	      0.58507804	      3.62424232	      0.03667501	      0.94400443	      0.00192992	     80.00000000	     -7.00000000	      0.00000000	     80.00000000	      1.39626340	      0.00000000	      0.00000000	      0.00000000	     80.00000000	     -7.00000000	      0.00000000	     80.00000000	      1.39626340	      0.00000000	      0.00000000	      0.00000000	     -3.61768585	     -0.17665941	      5.34859486	      3.93475096	     -5.22056492	     -4.48274135	      5.68857977	      0.00000000	     20.12547574	     -3.85986365	      4.65094489	     -1.15754443	      5.63405947	      4.22455798	      0.00000000	     20.34963190	      6.91036890
1760624818.92899990	      3.33260848	      0.59240069	      3.63626828	      0.03666447	      0.94386787	      0.00197228	     80.00000000	     -7.00000000	      0.00000000	     80.00000000	      1.39626340	      0.00000000	      0.00000000	      0.00000000	     80.00000000	     -7.00000000	      0.00000000	     80.00000000	      1.39626340	      0.00000000	      0.00000000	      0.00000000	     -3.60537944	     -0.17176070	      5.34627198	      3.94536581	     -5.24107979	     -4.54060703	      5.66303812	      0.00000000	     20.16364535	     -3.85778457	      4.66767784	     -1.15086320	      5.65166419	      4.20131415	      0.00000000	     20.33874413	      6.91487417
1760624818.96300006	      3.27317000	      0.59423634	      3.64247608	      0.03689491	      0.94357425	      0.00207667	     80.00000000	     -7.00000000	      0.00000000	     80.00000000	      1.39626340	      0.00000000	      0.00000000	      0.00000000	     80.00000000	     -7.00000000	      0.00000000	     80.00000000	      1.39626340	      0.00000000	      0.00000000	      0.00000000	     -3.56943758	     -0.16397755	      5.33024876	      3.98743565	     -5.28407675	     -4.52090134	      5.53741123	      0.00000000	     20.28224967	     -3.79894838	      4.68444661	     -1.14948648	      5.65086947	      4.18930262	      0.00000000	     20.30934951	      6.88872716
1760624818.99600005	      3.26425471	      0.60118788	      3.64285654	      0.03696259	      0.94359127	      0.00200496	     80.00000000	     -7.00000000	      0.00000000	     80.00000000	      1.39626340	      0.00000000	      0.00000000	      0.00000000	     80.00000000	     -7.00000000	      0.00000000	     80.00000000	      1.39626340	      0.00000000	      0.00000000	      0.00000000	     -3.58326256	     -0.15227756	      5.32955478	      4.01647272	     -5.32078648	     -4.53845468	      5.51636306	      0.00000000	     20.28636269	     -3.81278465	      4.71175823	     -1.13821362	      5.63866835	      4.18040410	      0.00000000	     20.31798536	      6.91055062
1760624819.02999997	      3.25967375	      0.60509335	      3.64730992	      0.03679670	      0.94374197	      0.00186141	     80.00000000	     -7.00000000	      0.00000000	     80.00000000	      1.39626340	      0.00000000	      0.00000000	      0.00000000	     80.00000000	     -7.00000000	      0.00000000	     80.00000000	      1.39626340	      0.00000000	      0.00000000	      0.00000000	     -3.60768283	     -0.14790031	      5.33460603	      4.03626097	     -5.35039495	     -4.59422327	      5.51304691	      0.00000000	     20.29059977	     -3.80225987	      4.74615561	     -1.13137992	      5.63834995	      4.15825441	      0.00000000	     20.31927822	      6.91945789
1760624819.06299996	      3.29734858	      0.61215593	      3.65163320	      0.03509260	      0.94432828	      0.00205715	     80.00000000	     -7.00000000	      0.00000000	     80.00000000	      1.39626340	      0.00000000	      0.00000000	      0.00000000	     80.00000000	     -7.00000000	      0.00000000	     80.00000000	      1.39626340	      0.00000000	      0.00000000	      0.00000000	     -3.66905747	     -0.14683986	      5.34129508	      4.04610491	     -5.36270528	     -4.64265297	      5.54715318	      0.00000000	     20.29540488	     -3.75816629	      4.79227979	     -1.12336675	      5.63878418	      4.10231707	      0.00000000	     20.30059192	      6.90483158
1760624819.09699988	      3.42973108	      0.62564314	      3.64905207	      0.03431632	      0.94442348	      0.00217661	     80.00000000	     -7.00000000	      0.00000000	     80.00000000	      1.39626340	      0.00000000	      0.00000000	      0.00000000	     80.00000000	     -7.00000000	      0.00000000	     80.00000000	      1.39626340	      0.00000000	      0.00000000	      0.00000000	     -3.85094046	     -0.14233242	      5.33604303	      4.08476109	     -5.38677281	     -4.67539988	      5.60807303	      0.00000000	     20.25253865	     -3.73765360	      4.84779811	     -1.12122758	      5.66795810	      4.06609251	      0.00000000	     20.29757074	      6.88995404
1760624819.13000011	      3.42590218	      0.62315322	      3.65471014	      0.03312322	      0.94410648	      0.00227906	     80.00000000	     -7.00000000	      0.00000000	     80.00000000	      1.39626340	      0.00000000	      0.00000000	      0.00000000	     80.00000000	     -7.00000000	      0.00000000	     80.00000000	      1.39626340	      0.00000000	      0.00000000	      0.00000000	     -3.86551210	     -0.14269883	      5.34004218	      4.08074860	     -5.37738339	     -4.69248025	      5.58052989	      0.00000000	     20.25272032	     -3.74543457	      4.86510170	     -1.13266123	      5.69074875	      4.03902552	      0.00000000	     20.30249068	      6.89095405
1760624819.16300011	      3.41718291	      0.62614381	      3.64199409	      0.03294411	      0.94406864	      0.00237837	     80.00000000	     -7.00000000	      0.00000000	     80.00000000	      1.39626340	      0.00000000	      0.00000000	      0.00000000	     80.00000000	     -7.00000000	      0.00000000	     80.00000000	      1.39626340	      0.00000000	      0.00000000	      0.00000000	     -3.87916460	     -0.13845078	      5.32638280	      4.08578543	     -5.39042663	     -4.69396770	      5.57161270	      0.00000000	     20.25634850	     -3.74262681	      4.87150780	     -1.14949796	      5.67462905	      4.03087953	      0.00000000	     20.30330497	      6.89146241
1760624819.23000002	      3.39716328	      0.63773934	      3.64444550	      0.03258367	      0.94458253	      0.00260798	     80.00000000	     -7.00000000	      0.00000000	     80.00000000	      1.39626340	      0.00000000	      0.00000000	      0.00000000	     80.00000000	     -7.00000000	      0.00000000	     80.00000000	      1.39626340	      0.00000000	      0.00000000	      0.00000000	     -3.92641113	     -0.13418400	      5.29537730	      4.13105882	     -5.39776204	     -4.65004211	      5.39891474	      0.00000000	     20.41089183	     -3.69926964	      4.90899970	     -1.16754621	      5.77712579	      3.96843398	      0.00000000	     20.27044599	      6.92663387
1760624819.26399994	      3.37657280	      0.64123661	      3.64264468	      0.03256948	      0.94466545	      0.00266595	     80.00000000	     -7.00000000	      0.00000000	     80.00000000	      1.39626340	      0.00000000	      0.00000000	      0.00000000	     80.00000000	     -7.00000000	      0.00000000	     80.00000000	      1.39626340	      0.00000000	      0.00000000	      0.00000000	     -3.96132786	     -0.12541475	      5.29520969	      4.16958641	     -5.41599975	     -4.66395577	      5.41015449	      0.00000000	     20.42424316	     -3.68821264	      4.96059844	     -1.15965295	      5.79072626	      3.96198911	      0.00000000	     20.26703129	      6.92327907
1760624819.29699993	      3.37295393	      0.64121549	      3.63873702	      0.03189215	      0.94429810	      0.00257833	     80.00000000	     -7.00000000	      0.00000000	     80.00000000	      1.39626340	      0.00000000	      0.00000000	      0.00000000	     80.00000000	     -7.00000000	      0.00000000	     80.00000000	      1.39626340	      0.00000000	      0.00000000	      0.00000000	     -3.98456721	     -0.11410565	      5.28941175	      4.17416407	     -5.42888897	     -4.65361996	      5.34023571	      0.00000000	     20.45507216	     -3.69095666	      4.99941225	     -1.14696381	      5.81340419	      3.94056234	      0.00000000	     20.25786165	      6.92000953
1760624819.33100009	      3.36570925	      0.64312143	      3.63631939	      0.03253582	      0.94386227	      0.00235380	     80.00000000	     -7.00000000	      0.00000000	     80.00000000	      1.39626340	      0.00000000	      0.00000000	      0.00000000	     80.00000000	     -7.00000000	      0.00000000	     80.00000000	      1.39626340	      0.00000000	      0.00000000	      0.00000000	     -3.99577657	     -0.10773889	      5.28750648	      4.17195150	     -5.43908227	     -4.62889517	      5.33631177	      0.00000000	     20.46449556	     -3.69220099	      5.00951116	     -1.16004906	      5.85639269	      3.95067078	      0.00000000	     20.25868403	      6.91791459
1760624819.36400008	      3.36013373	      0.64205413	      3.64025196	      0.03176365	      0.94329756	      0.00196246	     80.00000000	     -7.00000000	      0.00000000	     80.00000000	      1.39626340	      0.00000000	      0.00000000	      0.00000000	     80.00000000	     -7.00000000	      0.00000000	     80.00000000	      1.39626340	      0.00000000	      0.00000000	      0.00000000	     -4.00199350	     -0.08466933	      5.29009083	      4.16881832	     -5.46193261	     -4.60144747	      5.26023616	      0.00000000	     20.49461573	     -3.69132468	      5.01467451	     -1.15851211	      5.89803372	      3.91766810	      0.00000000	     20.24649599	      6.92181523
1760624819.39800000	      3.34036958	      0.64090202	      3.64576774	      0.03150367	      0.94283227	      0.00185427	     80.00000000	     -7.00000000	      0.00000000	     80.00000000	      1.39626340	      0.00000000	      0.00000000	      0.00000000	     80.00000000	     -7.00000000	      0.00000000	     80.00000000	      1.39626340	      0.00000000	      0.00000000	      0.00000000	     -4.02961800	     -0.07360541	      5.29544358	      4.19946494	     -5.47261997	     -4.61753164	      5.28607258	      0.00000000	     20.51562474	     -3.67716265	      5.03354774	     -1.16676201	      5.93115348	      3.92702550	      0.00000000	     20.24957040	      6.91933016
1760624819.43099999	      3.38711330	      0.63538964	      3.64660873	      0.03040432	      0.94284030	      0.00194792	     80.00000000	     -7.00000000	      0.00000000	     80.00000000	      1.39626340	      0.00000000	      0.00000000	      0.00000000	     80.00000000	     -7.00000000	      0.00000000	     80.00000000	      1.39626340	      0.00000000	      0.00000000	      0.00000000	     -4.11628866	     -0.04812897	      5.29421422	      4.22107812	     -5.49629305	     -4.64553049	      5.34930061	      0.00000000	     20.51671521	     -3.63556131	      5.06227619	     -1.16868012	      5.95364859	      3.90773532	      0.00000000	     20.26868057	      6.92213919
1760624819.46399999	      3.38605780	      0.63468829	      3.64588709	      0.02993792	      0.94289693	      0.00196042	     80.00000000	     -7.00000000	      0.00000000	     80.00000000	      1.39626340	      0.00000000	      0.00000000	      0.00000000	     80.00000000	     -7.00000000	      0.00000000	     80.00000000	      1.39626340	      0.00000000	      0.00000000	      0.00000000	     -4.16098035	     -0.03813248	      5.29362787	      4.23775831	     -5.46761492	     -4.63342197	      5.36493328	      0.00000000	     20.51814951	     -3.64921841	      5.06994347	     -1.19813950	      5.95471429	      3.89478854	      0.00000000	     20.26697010	      6.93171440
1760624819.49799991	      3.39557326	      0.63802788	      3.64788456	      0.03079572	      0.94338695	      0.00199888	     80.00000000	     -7.00000000	      0.00000000	     80.00000000	      1.39626340	      0.00000000	      0.00000000	      0.00000000	     80.00000000	     -7.00000000	      0.00000000	     80.00000000	      1.39626340	      0.00000000	      0.00000000	      0.00000000	     -4.19253867	     -0.02271519	      5.29503776	      4.21755671	     -5.46517406	     -4.63236330	      5.35804599	      0.00000000	     20.51040078	     -3.65639427	      5.05777566	     -1.20694405	      6.00321559	      3.85781446	      0.00000000	     20.24608102	      6.91817088
1760624819.53099990	      3.47033562	      0.63171489	      3.63893376	      0.03130264	      0.94395826	      0.00206817	     80.00000000	     -7.00000000	      0.00000000	     80.00000000	      1.39626340	      0.00000000	      0.00000000	      0.00000000	     80.00000000	     -7.00000000	      0.00000000	     80.00000000	      1.39626340	      0.00000000	      0.00000000	      0.00000000	     -4.29662615	     -0.00122693	      5.30414651	      4.21561610	     -5.44200175	     -4.60740413	      5.33070882	      0.00000000	     20.50775219	     -3.67581771	      5.05014763	     -1.22602653	      6.00235486	      3.84940730	      0.00000000	     20.21759972	      6.91470556
1760624819.56500006	      3.43358777	      0.62732694	      3.62087425	      0.03025072	      0.94399880	      0.00220413	     80.00000000	     -7.00000000	      0.00000000	     80.00000000	      1.39626340	      0.00000000	      0.00000000	      0.00000000	     80.00000000	     -7.00000000	      0.00000000	     80.00000000	      1.39626340	      0.00000000	      0.00000000	      0.00000000	     -4.23353891	      0.00808906	      5.32671204	      4.13362904	     -5.40136985	     -4.60575794	      5.19049784	      0.00000000	     20.59227649	     -3.68270506	      4.97945321	     -1.25205855	      5.97875829	      3.81794596	      0.00000000	     20.19069804	      6.90044894
1760624819.59800005	      3.46605943	      0.62806283	      3.61905713	      0.02989561	      0.94392150	      0.00230412	     80.00000000	     -7.00000000	      0.00000000	     80.00000000	      1.39626340	      0.00000000	      0.00000000	      0.00000000	     80.00000000	     -7.00000000	      0.00000000	     80.00000000	      1.39626340	      0.00000000	      0.00000000	      0.00000000	     -4.27259539	      0.00931500	      5.33144749	      4.11865980	     -5.37108176	     -4.59015439	      5.21798865	      0.00000000	     20.60476581	     -3.68185919	      4.96465556	     -1.28330532	      6.00024908	      3.79657408	      0.00000000	     20.19187000	      6.90847227
1760624819.63199997	      3.46395984	      0.63231016	      3.62249990	      0.02986705	      0.94413967	      0.00226045	     80.00000000	     -7.00000000	      0.00000000	     80.00000000	      1.39626340	      0.00000000	      0.00000000	      0.00000000	     80.00000000	     -7.00000000	      0.00000000	     80.00000000	      1.39626340	      0.00000000	      0.00000000	      0.00000000	     -4.29333117	      0.01576563	      5.33753362	      4.10224896	     -5.36438027	     -4.62414765	      5.22072317	      0.00000000	     20.60541702	     -3.68021407	      4.96338924	     -1.28787734	      5.95970277	      3.79946176	      0.00000000	     20.19385135	      6.90803231
1760624819.66499996	      3.60654960	      0.63352133	      3.61158921	      0.03030356	      0.94418949	      0.00232381	     80.00000000	     -7.00000000	      0.00000000	     80.00000000	      1.39626340	      0.00000000	      0.00000000	      0.00000000	     80.00000000	     -7.00000000	      0.00000000	     80.00000000	      1.39626340	      0.00000000	      0.00000000	      0.00000000	     -4.42699931	      0.01534730	      5.36004994	      4.05924669	     -5.34723001	     -4.60983588	      5.22003319	      0.00000000	     20.59706074	     -3.67385823	      4.94140247	     -1.30692011	      5.95379318	      3.78712527	      0.00000000	     20.21325628	      6.89261165
1760624819.69899988	      3.60736499	      0.63320721	      3.62090693	      0.03065903	      0.94404311	      0.00244707	     80.00000000	     -7.00000000	      0.00000000	     80.00000000	      1.39626340	      0.00000000	      0.00000000	      0.00000000	     80.00000000	     -7.00000000	      0.00000000	     80.00000000	      1.39626340	      0.00000000	      0.00000000	      0.00000000	     -4.43118897	      0.00644999	      5.37045175	      4.03620559	     -5.32893423	     -4.60395073	      5.21045288	      0.00000000	     20.59922082	     -3.68090415	      4.93942833	     -1.32358298	      5.96285841	      3.78113337	      0.00000000	     20.22003943	      6.89007651
1760624819.73200011	      3.73634200	      0.64930894	      3.61631940	      0.03329415	      0.94398913	      0.00252111	     80.00000000	     -7.00000000	      0.00000000	     80.00000000	      1.39626340	      0.00000000	      0.00000000	      0.00000000	     80.00000000	     -7.00000000	      0.00000000	     80.00000000	      1.39626340	      0.00000000	      0.00000000	      0.00000000	     -4.63269842	     -0.00655304	      5.40462698	      4.12595305	     -5.36814286	     -4.60729410	      5.54577790	      0.00000000	     20.37639317	     -3.73735262	      5.00259903	     -1.31528703	      5.97324338	      3.79229823	      0.00000000	     20.28083057	      6.86319218
1760624819.79900002	      3.72311659	      0.64015566	      3.61998146	      0.03345819	      0.94422873	      0.00227153	     80.00000000	     -7.00000000	      0.00000000	     80.00000000	      1.39626340	      0.00000000	      0.00000000	      0.00000000	     80.00000000	     -7.00000000	      0.00000000	     80.00000000	      1.39626340	      0.00000000	      0.00000000	      0.00000000	     -4.63216924	     -0.02097646	      5.40892592	      4.12529622	     -5.38588999	     -4.58007682	      5.54566370	      0.00000000	     20.38023631	     -3.74128242	      4.98477067	     -1.32321957	      5.97541654	      3.78857500	      0.00000000	     20.28111455	      6.86287683
1760624819.83200002	      3.69654735	      0.65111815	      3.60390666	      0.03369639	      0.94424044	      0.00215433	     80.00000000	     -7.00000000	      0.00000000	     80.00000000	      1.39626340	      0.00000000	      0.00000000	      0.00000000	     80.00000000	     -7.00000000	      0.00000000	     80.00000000	      1.39626340	      0.00000000	      0.00000000	      0.00000000	     -4.60245684	     -0.03114457	      5.39877278	      4.11236775	     -5.40463208	     -4.47400602	      5.53971711	      0.00000000	     20.40974227	     -3.76343238	      4.95188199	     -1.31271846	      5.95395397	      3.77948772	      0.00000000	     20.27959659	      6.86872416
1760624819.86599994	      3.51234483	      0.67192540	      3.60848283	      0.03219710	      0.94383012	      0.00224436	     80.00000000	     -7.00000000	      0.00000000	     80.00000000	      1.39626340	      0.00000000	      0.00000000	      0.00000000	     80.00000000	     -7.00000000	      0.00000000	     80.00000000	      1.39626340	      0.00000000	      0.00000000	      0.00000000	     -4.38079304	     -0.06785213	      5.38249341	      4.03814847	     -5.39200402	     -4.46842556	      5.30725469	      0.00000000	     20.64393361	     -3.73966087	      4.88205310	     -1.31571698	      5.98991617	      3.76726278	      0.00000000	     20.25077203	      6.89487055
1760624819.89899993	      3.50376538	      0.67211658	      3.61195330	      0.03386939	      0.94379887	      0.00207730	     80.00000000	     -7.00000000	      0.00000000	     80.00000000	      1.39626340	      0.00000000	      0.00000000	      0.00000000	     80.00000000	     -7.00000000	      0.00000000	     80.00000000	      1.39626340	      0.00000000	      0.00000000	      0.00000000	     -4.35088044	     -0.07030236	      5.38456705	      3.99392820	     -5.38832926	     -4.45053016	      5.27101636	      0.00000000	     20.65518885	     -3.72654401	      4.83933476	     -1.31041701	      6.03700279	      3.75670747	      0.00000000	     20.24586297	      6.89162046
1760624819.93300009	      3.41019915	      0.67091141	      3.61153403	      0.03489615	      0.94340460	      0.00204720	     80.00000000	     -7.00000000	      0.00000000	     80.00000000	      1.39626340	      0.00000000	      0.00000000	      0.00000000	     80.00000000	     -7.00000000	      0.00000000	     80.00000000	      1.39626340	      0.00000000	      0.00000000	      0.00000000	     -4.24526534	     -0.07716094	      5.39879966	      3.97351928	     -5.37680566	     -4.43791275	      5.22125076	      0.00000000	     20.73936114	     -3.68693842	      4.80369397	     -1.30846592	      6.05213289	      3.76764512	      0.00000000	     20.24814255	      6.88799706
1760624819.96600008	      3.41228324	      0.67599388	      3.61363401	      0.03466651	      0.94325781	      0.00208267	     80.00000000	     -7.00000000	      0.00000000	     80.00000000	      1.39626340	      0.00000000	      0.00000000	      0.00000000	     80.00000000	     -7.00000000	      0.00000000	     80.00000000	      1.39626340	      0.00000000	      0.00000000	      0.00000000	     -4.22686924	     -0.07093954	      5.40150248	      3.93915151	     -5.37718059	     -4.45483090	      5.18264808	      0.00000000	     20.73311777	     -3.68630702	      4.79075596	     -1.30167480	      6.04422732	      3.75326559	      0.00000000	     20.24668095	      6.89123680
1760624820.00000000	      3.39743944	      0.67367590	      3.61328898	      0.03400973	      0.94306264	      0.00209486	     80.00000000	     -7.00000000	      0.00000000	     80.00000000	      1.39626340	      0.00000000	      0.00000000	      0.00000000	     80.00000000	     -7.00000000	      0.00000000	     80.00000000	      1.39626340	      0.00000000	      0.00000000	      0.00000000	     -4.20099074	     -0.06383015	      5.40261493	      3.91877769	     -5.36453320	     -4.41692470	      5.14799272	      0.00000000	     20.73567616	     -3.69045788	      4.78231025	     -1.30962846	      6.03495319	      3.75404185	      0.00000000	     20.25453844	      6.90407504
1760624820.03299999	      3.40318331	      0.67359694	      3.61785968	      0.03357333	      0.94307255	      0.00216016	     80.00000000	     -7.00000000	      0.00000000	     80.00000000	      1.39626340	      0.00000000	      0.00000000	      0.00000000	     80.00000000	     -7.00000000	      0.00000000	     80.00000000	      1.39626340	      0.00000000	      0.00000000	      0.00000000	     -4.17672443	     -0.05382584	      5.40593768	      3.87077118	     -5.34542600	     -4.44264077	      5.13831930	      0.00000000	     20.73929055	     -3.68523649	      4.76201801	     -1.31283901	      6.04864148	      3.72632773	      0.00000000	     20.25193931	      6.90628699
1760624820.06599998	      3.40805852	      0.67159902	      3.62517482	      0.03258498	      0.94330928	      0.00205164	     80.00000000	     -7.00000000	      0.00000000	     80.00000000	      1.39626340	      0.00000000	      0.00000000	      0.00000000	     80.00000000	     -7.00000000	      0.00000000	     80.00000000	      1.39626340	      0.00000000	      0.00000000	      0.00000000	     -4.16516316	     -0.05108032	      5.41624500	      3.85927134	     -5.30801823	     -4.48030667	      5.15671867	      0.00000000	     20.73830762	     -3.67677752	      4.76102560	     -1.32686634	      6.05372771	      3.69473369	      0.00000000	     20.25013523	      6.90998876
1760624820.09999990	      3.41114768	      0.67369317	      3.62474695	      0.03136215	      0.94314990	      0.00207988	     80.00000000	     -7.00000000	      0.00000000	     80.00000000	      1.39626340	      0.00000000	      0.00000000	      0.00000000	     80.00000000	     -7.00000000	      0.00000000	     80.00000000	      1.39626340	      0.00000000	      0.00000000	      0.00000000	     -4.14369873	     -0.03284057	      5.41612690	      3.82663165	     -5.30790737	     -4.52046006	      5.13600958	      0.00000000	     20.73227370	     -3.66630142	      4.75639495	     -1.32729686	      6.07561328	      3.64059519	      0.00000000	     20.24643868	      6.91848095
1760624820.13299990	      3.41808460	      0.67823106	      3.62267968	      0.03118133	      0.94301096	      0.00200862	     80.00000000	     -7.00000000	      0.00000000	     80.00000000	      1.39626340	      0.00000000	      0.00000000	      0.00000000	     80.00000000	     -7.00000000	      0.00000000	     80.00000000	      1.39626340	      0.00000000	      0.00000000	      0.00000000	     -4.13099372	     -0.01826792	      5.41364118	      3.82213144	     -5.31482764	     -4.54239971	      5.13418143	      0.00000000	     20.72757376	     -3.65967022	      4.73974563	     -1.33407505	      6.05571113	      3.63657157	      0.00000000	     20.24753987	      6.92042940
1760624820.16700006	      3.47188589	      0.62742277	      3.63365996	      0.03200026	      0.94332676	      0.00175980	     80.00000000	     -7.00000000	      0.00000000	     80.00000000	      1.39626340	      0.00000000	      0.00000000	      0.00000000	     80.00000000	     -7.00000000	      0.00000000	     80.00000000	      1.39626340	      0.00000000	      0.00000000	      0.00000000	     -4.18454055	      0.04783426	      5.41459821	      3.84784411	     -5.32817591	     -4.55534858	      5.27045744	      0.00000000	     20.64081106	     -3.66411866	      4.77027798	     -1.34110190	      6.05334752	      3.62458990	      0.00000000	     20.30200106	      6.95273446
1760624820.20000005	      3.47931234	      0.63584829	      3.63024328	      0.03207765	      0.94354593	      0.00173154	     80.00000000	     -7.00000000	      0.00000000	     80.00000000	      1.39626340	      0.00000000	      0.00000000	      0.00000000	     80.00000000	     -7.00000000	      0.00000000	     80.00000000	      1.39626340	      0.00000000	      0.00000000	      0.00000000	     -4.16850540	      0.05107321	      5.41269718	      3.82964780	     -5.32663925	     -4.55884312	      5.25572470	      0.00000000	     20.63456170	     -3.65481714	      4.77000190	     -1.34848240	      6.05814358	      3.59327919	      0.00000000	     20.29256615	      6.94425105
1760624820.23399997	      3.46645852	      0.65407847	      3.62661032	      0.03208901	      0.94386587	      0.00177472	     80.00000000	     -7.00000000	      0.00000000	     80.00000000	      1.39626340	      0.00000000	      0.00000000	      0.00000000	     80.00000000	     -7.00000000	      0.00000000	     80.00000000	      1.39626340	      0.00000000	      0.00000000	      0.00000000	     -4.15408928	      0.06575537	      5.41252417	      3.84525219	     -5.33339883	     -4.51623267	      5.19742336	      0.00000000	     20.63838291	     -3.64921260	      4.78949000	     -1.33514950	      6.07492470	      3.59226533	      0.00000000	     20.28593860	      6.93371386
1760624820.26699996	      3.36851529	      0.66483308	      3.62579793	      0.03086513	      0.94406021	      0.00183641	     80.00000000	     -7.00000000	      0.00000000	     80.00000000	      1.39626340	      0.00000000	      0.00000000	      0.00000000	     80.00000000	     -7.00000000	      0.00000000	     80.00000000	      1.39626340	      0.00000000	      0.00000000	      0.00000000	     -4.01896336	      0.06668190	      5.41618670	      3.80422439	     -5.32283507	     -4.50974685	      5.01595102	      0.00000000	     20.81835899	     -3.60649850	      4.76151244	     -1.34826654	      6.09788976	      3.57232248	      0.00000000	     20.23777546	      6.96506149
1760624820.30100012	      3.36839160	      0.67763036	      3.62486680	      0.03070903	      0.94434128	      0.00188444	     80.00000000	     -7.00000000	      0.00000000	     80.00000000	      1.39626340	      0.00000000	      0.00000000	      0.00000000	     80.00000000	     -7.00000000	      0.00000000	     80.00000000	      1.39626340	      0.00000000	      0.00000000	      0.00000000	     -4.00989526	      0.07783947	      5.41298672	      3.79158578	     -5.32287869	     -4.47866343	      4.99588382	      0.00000000	     20.84184029	     -3.60505998	      4.78368943	     -1.33623412	      6.10538144	      3.54446499	      0.00000000	     20.23371989	      6.96384091
1760624820.33400011	      3.31875652	      0.69530711	      3.63663689	      0.03151570	      0.94455232	      0.00195910	     80.00000000	     -7.00000000	      0.00000000	     80.00000000	      1.39626340	      0.00000000	      0.00000000	      0.00000000	     80.00000000	     -7.00000000	      0.00000000	     80.00000000	      1.39626340	      0.00000000	      0.00000000	      0.00000000	     -3.98452066	      0.08638294	      5.42913904	      3.82580685	     -5.31113299	     -4.44031263	      4.92179219	      0.00000000	     20.90377259	     -3.60942518	      4.81676640	     -1.32192959	      6.17169280	      3.53573037	      0.00000000	     20.22267574	      6.93849882
1760624820.36800003	      3.29531645	      0.71651964	      3.63767783	      0.03243401	      0.94451402	      0.00206153	     80.00000000	     -7.00000000	      0.00000000	     80.00000000	      1.39626340	      0.00000000	      0.00000000	      0.00000000	     80.00000000	     -7.00000000	      0.00000000	     80.00000000	      1.39626340	      0.00000000	      0.00000000	      0.00000000	     -3.95433991	      0.09330127	      5.43619281	      3.80571467	     -5.31612911	     -4.40962601	      4.88177177	      0.00000000	     20.93588432	     -3.59438291	      4.79934057	     -1.31822013	      6.21204293	      3.52761561	      0.00000000	     20.22458821	      6.94202374
1760624820.40100002	      3.25910328	      0.73709586	      3.64339280	      0.03297681	      0.94415454	      0.00212163	     80.00000000	     -7.00000000	      0.00000000	     80.00000000	      1.39626340	      0.00000000	      0.00000000	      0.00000000	     80.00000000	     -7.00000000	      0.00000000	     80.00000000	      1.39626340	      0.00000000	      0.00000000	      0.00000000	     -3.95728133	      0.09576860	      5.45032803	      3.84083149	     -5.31297979	     -4.38983478	      4.90733066	      0.00000000	     20.96689632	     -3.58668666	      4.81530589	     -1.31171311	      6.24666110	      3.53183901	      0.00000000	     20.22735824	      6.93883102
1760624820.43499994	      3.29568991	      0.79532870	      3.62708668	      0.03293615	      0.94412536	      0.00221269	     80.00000000	     -7.00000000	      0.00000000	     80.00000000	      1.39626340	      0.00000000	      0.00000000	      0.00000000	     80.00000000	     -7.00000000	      0.00000000	     80.00000000	      1.39626340	      0.00000000	      0.00000000	      0.00000000	     -4.05993483	      0.07358403	      5.48931963	      3.89289469	     -5.31919819	     -4.37638693	      5.06589453	      0.00000000	     20.87446015	     -3.55012050	      4.83844483	     -1.30776550	      6.30881952	      3.51548292	      0.00000000	     20.26341348	      6.93917704
1760624820.46799994	      3.34345502	      0.82136213	      3.62341501	      0.03321006	      0.94402000	      0.00237282	     80.00000000	     -7.00000000	      0.00000000	     80.00000000	      1.39626340	      0.00000000	      0.00000000	      0.00000000	     80.00000000	     -7.00000000	      0.00000000	     80.00000000	      1.39626340	      0.00000000	      0.00000000	      0.00000000	     -4.14997138	      0.07704169	      5.51285280	      3.92082465	     -5.33150580	     -4.36446377	      5.21349822	      0.00000000	     20.71006166	     -3.53112538	      4.84749413	     -1.30266000	      6.33937991	      3.49609084	      0.00000000	     20.27958939	      6.91684357
1760624820.50099993	      3.52626584	      0.84293399	      3.61763600	      0.03650344	      0.94406559	      0.00250697	     80.00000000	     -7.00000000	      0.00000000	     80.00000000	      1.39626340	      0.00000000	      0.00000000	      0.00000000	     80.00000000	     -7.00000000	      0.00000000	     80.00000000	      1.39626340	      0.00000000	      0.00000000	      0.00000000	     -4.44285186	      0.09440375	      5.54462866	      4.05510475	     -5.36995172	     -4.37473897	      5.77310736	      0.00000000	     20.28194550	     -3.66402726	      4.90617922	     -1.31251815	      6.37769568	      3.50301725	      0.00000000	     20.32405077	      6.92040356
1760624820.53500009	      3.50472417	      0.85661293	      3.62192797	      0.03629470	      0.94396862	      0.00252755	     80.00000000	     -7.00000000	      0.00000000	     80.00000000	      1.39626340	      0.00000000	      0.00000000	      0.00000000	     80.00000000	     -7.00000000	      0.00000000	     80.00000000	      1.39626340	      0.00000000	      0.00000000	      0.00000000	     -4.45873495	      0.10423691	      5.55381382	      4.03626774	     -5.34192800	     -4.38869339	      5.77665014	      0.00000000	     20.27602654	     -3.65994245	      4.89102389	     -1.33740457	      6.38022315	      3.45804671	      0.00000000	     20.31588904	      6.91303832
1760624820.56800008	      3.50532662	      0.86887025	      3.62060978	      0.03609171	      0.94395838	      0.00217193	     80.00000000	     -7.00000000	      0.00000000	     80.00000000	      1.39626340	      0.00000000	      0.00000000	      0.00000000	     80.00000000	     -7.00000000	      0.00000000	     80.00000000	      1.39626340	      0.00000000	      0.00000000	      0.00000000	     -4.46216286	      0.11871439	      5.55736014	      4.00903874	     -5.33722949	     -4.40967312	      5.77450490	      0.00000000	     20.26458019	     -3.66110990	      4.85877642	     -1.34998669	      6.37260667	      3.42977739	      0.00000000	     20.31250308	      6.90827772
1760624820.60200000	      3.59123268	      0.88151353	      3.61835914	      0.03521408	      0.94454383	      0.00220440	     80.00000000	     -7.00000000	      0.00000000	     80.00000000	      1.39626340	      0.00000000	      0.00000000	      0.00000000	     80.00000000	     -7.00000000	      0.00000000	     80.00000000	      1.39626340	      0.00000000	      0.00000000	      0.00000000	     -4.57825796	      0.12258709	      5.57132170	      3.97881823	     -5.32592883	     -4.42419428	      5.90390703	      0.00000000	     20.14264070	     -3.65077427	      4.83638579	     -1.38172914	      6.38860426	      3.42656547	      0.00000000	     20.34162864	      6.87951806
1760624820.63499999	      3.64240654	      0.90205795	      3.61295577	      0.03606547	      0.94500393	      0.00244586	     80.00000000	     -7.00000000	      0.00000000	     80.00000000	      1.39626340	      0.00000000	      0.00000000	      0.00000000	     80.00000000	     -7.00000000	      0.00000000	     80.00000000	      1.39626340	      0.00000000	      0.00000000	      0.00000000	     -4.66025351	      0.10427787	      5.58726776	      3.97141177	     -5.30375190	     -4.45202009	      6.00235784	      0.00000000	     20.09804451	     -3.67490916	      4.84910569	     -1.40904701	      6.37820906	      3.42244817	      0.00000000	     20.37327331	      6.90425834
1760624820.66899991	      3.64518405	      0.90851525	      3.61662864	      0.03636269	      0.94538240	      0.00262874	     80.00000000	     -7.00000000	      0.00000000	     80.00000000	      1.39626340	      0.00000000	      0.00000000	      0.00000000	     80.00000000	     -7.00000000	      0.00000000	     80.00000000	      1.39626340	      0.00000000	      0.00000000	      0.00000000	     -4.66437129	      0.09808289	      5.59330547	      3.95111098	     -5.28919713	     -4.48005082	      5.98526249	      0.00000000	     20.07324728	     -3.66682484	      4.83427335	     -1.43447163	      6.39440353	      3.40791072	      0.00000000	     20.36587621	      6.89807913
1760624820.70199990	      3.64354988	      0.92256798	      3.61228133	      0.03696784	      0.94540264	      0.00256116	     80.00000000	     -7.00000000	      0.00000000	     80.00000000	      1.39626340	      0.00000000	      0.00000000	      0.00000000	     80.00000000	     -7.00000000	      0.00000000	     80.00000000	      1.39626340	      0.00000000	      0.00000000	      0.00000000	     -4.66260640	      0.09139921	      5.60436612	      3.91995394	     -5.28655856	     -4.41267291	      5.95481147	      0.00000000	     20.04992835	     -3.66307288	      4.81749085	     -1.44586036	      6.43940780	      3.40323184	      0.00000000	     20.35762210	      6.89529614
1760624820.73600006	      3.70331445	      0.96454668	      3.57752811	      0.03827522	      0.94537147	      0.00252371	     80.00000000	     -7.00000000	      0.00000000	     80.00000000	      1.39626340	      0.00000000	      0.00000000	      0.00000000	     80.00000000	     -7.00000000	      0.00000000	     80.00000000	      1.39626340	      0.00000000	      0.00000000	      0.00000000	     -4.74233715	      0.05288677	      5.64301861	      3.95205132	     -5.30299442	     -4.39760925	      6.14554719	      0.00000000	     19.91733977	     -3.71195423	      4.82166044	     -1.44531821	      6.47911960	      3.42426528	      0.00000000	     20.36578007	      6.88735998
1760624820.76900005	      3.69681900	      0.96561994	      3.57617542	      0.03776660	      0.94500190	      0.00250398	     80.00000000	     -7.00000000	      0.00000000	     80.00000000	      1.39626340	      0.00000000	      0.00000000	      0.00000000	     80.00000000	     -7.00000000	      0.00000000	     80.00000000	      1.39626340	      0.00000000	      0.00000000	      0.00000000	     -4.74300167	      0.04962775	      5.64146112	      3.97235412	     -5.31777149	     -4.41848610	      6.16318659	      0.00000000	     19.92081652	     -3.69958613	      4.83489789	     -1.43404433	      6.48237342	      3.43059715	      0.00000000	     20.36897401	      6.88334750
1760624820.80299997	      3.65667559	      0.98437956	      3.56917303	      0.03650209	      0.94488854	      0.00264490	     80.00000000	     -7.00000000	      0.00000000	     80.00000000	      1.39626340	      0.00000000	      0.00000000	      0.00000000	     80.00000000	     -7.00000000	      0.00000000	     80.00000000	      1.39626340	      0.00000000	      0.00000000	      0.00000000	     -4.70905818	      0.03940547	      5.64506873	      3.99268975	     -5.34360889	     -4.39729342	      6.15739459	      0.00000000	     19.91693396	     -3.67351282	      4.84804713	     -1.39569907	      6.53850650	      3.42454944	      0.00000000	     20.37393240	      6.86569827
1760624820.83599997	      3.65375179	      0.98356197	      3.56421275	      0.03628763	      0.94489840	      0.00273332	     80.00000000	     -7.00000000	      0.00000000	     80.00000000	      1.39626340	      0.00000000	      0.00000000	      0.00000000	     80.00000000	     -7.00000000	      0.00000000	     80.00000000	      1.39626340	      0.00000000	      0.00000000	      0.00000000	     -4.70605925	      0.03396589	      5.63968586	      3.99578475	     -5.35227102	     -4.37286206	      6.16541763	      0.00000000	     19.92177271	     -3.66988137	      4.85100478	     -1.39449981	      6.58904735	      3.43478089	      0.00000000	     20.37515301	      6.86874651
1760624820.86999989	      3.67403210	      1.02453864	      3.55315126	      0.03709057	      0.94524171	      0.00303697	     80.00000000	     -7.00000000	      0.00000000	     80.00000000	      1.39626340	      0.00000000	      0.00000000	      0.00000000	     80.00000000	     -7.00000000	      0.00000000	     80.00000000	      1.39626340	      0.00000000	      0.00000000	      0.00000000	     -4.75931935	     -0.01596044	      5.66840218	      4.05639022	     -5.37341135	     -4.35404796	      6.37004324	      0.00000000	     19.78135869	     -3.66557223	      4.89327689	     -1.39766018	      6.65887704	      3.45712240	      0.00000000	     20.37426431	      6.89137907
1760624820.90300012	      3.66312104	      1.02936978	      3.55200263	      0.03723712	      0.94569421	      0.00301323	     80.00000000	     -7.00000000	      0.00000000	     80.00000000	      1.39626340	      0.00000000	      0.00000000	      0.00000000	     80.00000000	     -7.00000000	      0.00000000	     80.00000000	      1.39626340	      0.00000000	      0.00000000	      0.00000000	     -4.76217221	     -0.01239034	      5.66753898	      4.07844322	     -5.38057639	     -4.30612619	      6.34070066	      0.00000000	     19.77384693	     -3.66838862	      4.92276495	     -1.36663458	      6.70627283	      3.47416054	      0.00000000	     20.37405721	      6.87169774
1760624820.93600011	      3.66042148	      1.02715475	      3.55242429	      0.03824770	      0.94602297	      0.00310273	     80.00000000	     -7.00000000	      0.00000000	     80.00000000	      1.39626340	      0.00000000	      0.00000000	      0.00000000	     80.00000000	     -7.00000000	      0.00000000	     80.00000000	      1.39626340	      0.00000000	      0.00000000	      0.00000000	     -4.75743521	     -0.01469198	      5.66781106	      4.07389393	     -5.38876124	     -4.28762525	      6.33370012	      0.00000000	     19.77576004	     -3.66712758	      4.92884689	     -1.36747935	      6.72254008	      3.48010779	      0.00000000	     20.37230901	      6.86737605
1760624820.97000003	      3.66467695	      1.02365537	      3.54658769	      0.03877901	      0.94629918	      0.00306823	     80.00000000	     -7.00000000	      0.00000000	     80.00000000	      1.39626340	      0.00000000	      0.00000000	      0.00000000	     80.00000000	     -7.00000000	      0.00000000	     80.00000000	      1.39626340	      0.00000000	      0.00000000	      0.00000000	     -4.75785767	     -0.01315665	      5.66480324	      4.06935208	     -5.37741423	     -4.25781151	      6.29887140	      0.00000000	     19.79211081	     -3.65880586	      4.92773634	     -1.37223550	      6.72780369	      3.49492737	      0.00000000	     20.36301718	      6.86052902
1760624821.00300002	      3.66215469	      1.02475092	      3.54456335	      0.03862573	      0.94606491	      0.00295802	     80.00000000	     -7.00000000	      0.00000000	     80.00000000	      1.39626340	      0.00000000	      0.00000000	      0.00000000	     80.00000000	     -7.00000000	      0.00000000	     80.00000000	      1.39626340	      0.00000000	      0.00000000	      0.00000000	     -4.76555666	     -0.00905164	      5.66439149	      4.07145359	     -5.37161939	     -4.22832746	      6.29946533	      0.00000000	     19.79699768	     -3.65517873	      4.93105921	     -1.36998875	      6.76407106	      3.49935433	      0.00000000	     20.36286556	      6.86086979
1760624821.03699994	      3.67961909	      1.02048979	      3.54210262	      0.03905465	      0.94585968	      0.00294284	     80.00000000	     -7.00000000	      0.00000000	     80.00000000	      1.39626340	      0.00000000	      0.00000000	      0.00000000	     80.00000000	     -7.00000000	      0.00000000	     80.00000000	      1.39626340	      0.00000000	      0.00000000	      0.00000000	     -4.81543537	      0.00274385	      5.65970523	      4.11479872	     -5.37867213	     -4.20202054	      6.36743682	      0.00000000	     19.80266289	     -3.64687363	      4.95706084	     -1.36609586	      6.76960284	      3.50256822	      0.00000000	     20.37926948	      6.86126364
1760624821.06999993	      3.74722852	      1.01016357	      3.54113369	      0.03698978	      0.94582025	      0.00272378	     80.00000000	     -7.00000000	      0.00000000	     80.00000000	      1.39626340	      0.00000000	      0.00000000	      0.00000000	     80.00000000	     -7.00000000	      0.00000000	     80.00000000	      1.39626340	      0.00000000	      0.00000000	      0.00000000	     -4.91203863	      0.03708982	      5.65856326	      4.11947258	     -5.39699458	     -4.21061541	      6.39342437	      0.00000000	     19.73569095	     -3.58540930	      4.96827208	     -1.34987710	      6.75805479	      3.49216151	      0.00000000	     20.39570422	      6.87284581
1760624821.10400009	      3.85393343	      1.01330336	      3.54325025	      0.03565150	      0.94636698	      0.00278851	     80.00000000	     -7.00000000	      0.00000000	     80.00000000	      1.39626340	      0.00000000	      0.00000000	      0.00000000	     80.00000000	     -7.00000000	      0.00000000	     80.00000000	      1.39626340	      0.00000000	      0.00000000	      0.00000000	     -5.07545296	      0.05314202	      5.64787586	      4.15328649	     -5.38094450	     -4.20285002	      6.50662518	      0.00000000	     19.64254706	     -3.61171019	      4.99078633	     -1.34831850	      6.74744445	      3.49010348	      0.00000000	     20.40370815	      6.85942340
1760624821.13700008	      3.84948909	      1.01090581	      3.54292142	      0.03545428	      0.94621509	      0.00269592	     80.00000000	     -7.00000000	      0.00000000	     80.00000000	      1.39626340	      0.00000000	      0.00000000	      0.00000000	     80.00000000	     -7.00000000	      0.00000000	     80.00000000	      1.39626340	      0.00000000	      0.00000000	      0.00000000	     -5.12981016	      0.06720455	      5.64628943	      4.17962397	     -5.37306199	     -4.20172391	      6.52804777	      0.00000000	     19.63185807	     -3.60635277	      5.00661811	     -1.35140567	      6.74566560	      3.48260459	      0.00000000	     20.40775960	      6.86109282
1760624821.17000008	      3.91643981	      0.98680429	      3.55022181	      0.03591588	      0.94593464	      0.00246791	     80.00000000	     -7.00000000	      0.00000000	     80.00000000	      1.39626340	      0.00000000	      0.00000000	      0.00000000	     80.00000000	     -7.00000000	      0.00000000	     80.00000000	      1.39626340	      0.00000000	      0.00000000	      0.00000000	     -5.21589350	      0.11360110	      5.65023636	      4.16351986	     -5.36618809	     -4.22423108	      6.52737933	      0.00000000	     19.56972775	     -3.59478844	      4.98396631	     -1.36307099	      6.72060278	      3.46310148	      0.00000000	     20.42926598	      6.89887512
1760624821.20400000	      3.89419883	      0.98772728	      3.55402339	      0.03546107	      0.94585294	      0.00230412	     80.00000000	     -7.00000000	      0.00000000	     80.00000000	      1.39626340	      0.00000000	      0.00000000	      0.00000000	     80.00000000	     -7.00000000	      0.00000000	     80.00000000	      1.39626340	      0.00000000	      0.00000000	      0.00000000	     -5.24774696	      0.12973719	      5.65278050	      4.12480966	     -5.32752231	     -4.24430766	      6.49528810	      0.00000000	     19.56506299	     -3.59831320	      4.97663093	     -1.38380627	      6.71678880	      3.42424376	      0.00000000	     20.41752757	      6.88998586
1760624821.23699999	      3.90116467	      0.96902491	      3.57183986	      0.03572062	      0.94602217	      0.00235813	     80.00000000	     -7.00000000	      0.00000000	     80.00000000	      1.39626340	      0.00000000	      0.00000000	      0.00000000	     80.00000000	     -7.00000000	      0.00000000	     80.00000000	      1.39626340	      0.00000000	      0.00000000	      0.00000000	     -5.30737451	      0.14786719	      5.67183753	      4.12774810	     -5.27787965	     -4.23503037	      6.47112195	      0.00000000	     19.57237968	     -3.60116187	      4.98282780	     -1.41622314	      6.73209919	      3.42065112	      0.00000000	     20.41088645	      6.86220456
1760624821.27099991	      3.88682115	      0.97029202	      3.57622968	      0.03733443	      0.94610272	      0.00209222	     80.00000000	     -7.00000000	      0.00000000	     80.00000000	      1.39626340	      0.00000000	      0.00000000	      0.00000000	     80.00000000	     -7.00000000	      0.00000000	     80.00000000	      1.39626340	      0.00000000	      0.00000000	      0.00000000	     -5.31531123	      0.15875773	      5.68095480	      4.07950670	     -5.24206253	     -4.19445649	      6.42859214	      0.00000000	     19.56378492	     -3.59938719	      4.94906164	     -1.43525516	      6.71939911	      3.38660592	      0.00000000	     20.40861720	      6.86679758
1760624821.30399990	      3.86594439	      0.96623820	      3.57874017	      0.03793414	      0.94617263	      0.00211833	     80.00000000	     -7.00000000	      0.00000000	     80.00000000	      1.39626340	      0.00000000	      0.00000000	      0.00000000	     80.00000000	     -7.00000000	      0.00000000	     80.00000000	      1.39626340	      0.00000000	      0.00000000	      0.00000000	     -5.32413237	      0.17239832	      5.68276462	      4.03759673	     -5.21532868	     -4.17240269	      6.40242720	      0.00000000	     19.57039644	     -3.60768694	      4.90168986	     -1.46062928	      6.71947142	      3.38607527	      0.00000000	     20.40279816	      6.86450295
1760624821.33800006	      3.76895959	      0.94667777	      3.58116566	      0.03539463	      0.94636844	      0.00240526	     80.00000000	     -7.00000000	      0.00000000	     80.00000000	      1.39626340	      0.00000000	      0.00000000	      0.00000000	     80.00000000	     -7.00000000	      0.00000000	     80.00000000	      1.39626340	      0.00000000	      0.00000000	      0.00000000	     -5.21906479	      0.17155102	      5.68127500	      3.93883760	     -5.15596604	     -4.13749389	      6.09459859	      0.00000000	     19.84716569	     -3.54028497	      4.86641900	     -1.49754385	      6.73010786	      3.36389076	      0.00000000	     20.36962197	      6.86402130
1760624821.37100005	      3.76835930	      0.94342462	      3.58487705	      0.03501913	      0.94645197	      0.00252461	     80.00000000	     -7.00000000	      0.00000000	     80.00000000	      1.39626340	      0.00000000	      0.00000000	      0.00000000	     80.00000000	     -7.00000000	      0.00000000	     80.00000000	      1.39626340	      0.00000000	      0.00000000	      0.00000000	     -5.24535154	      0.16622162	      5.69017979	      3.93004059	     -5.13613445	     -4.12641294	      6.10935198	      0.00000000	     19.84899409	     -3.53094856	      4.85117313	     -1.52102857	      6.74480038	      3.36881398	      0.00000000	     20.37672403	      6.86401770
1760624821.43799996	      3.75702624	      0.94101547	      3.58265524	      0.03522484	      0.94675675	      0.00265024	     80.00000000	     -7.00000000	      0.00000000	     80.00000000	      1.39626340	      0.00000000	      0.00000000	      0.00000000	     80.00000000	     -7.00000000	      0.00000000	     80.00000000	      1.39626340	      0.00000000	      0.00000000	      0.00000000	     -5.30801915	      0.16700255	      5.69804666	      3.95118043	     -5.15259872	     -4.02160924	      6.14882203	      0.00000000	     19.85729588	     -3.53892986	      4.85240846	     -1.52456959	      6.76221543	      3.38843984	      0.00000000	     20.39400062	      6.86319492
1760624821.47199988	      3.73257274	      0.93681611	      3.58780428	      0.03604191	      0.94617748	      0.00288198	     80.00000000	     -7.00000000	      0.00000000	     80.00000000	      1.39626340	      0.00000000	      0.00000000	      0.00000000	     80.00000000	     -7.00000000	      0.00000000	     80.00000000	      1.39626340	      0.00000000	      0.00000000	      0.00000000	     -5.32372394	      0.15813761	      5.70497739	      3.94317164	     -5.15992400	     -3.98232431	      6.14797060	      0.00000000	     19.86010025	     -3.53899839	      4.84645619	     -1.52924048	      6.80043088	      3.39002770	      0.00000000	     20.39813124	      6.86488668
1760624821.50500011	      3.66966629	      0.94329181	      3.58908835	      0.03604802	      0.94577452	      0.00274050	     80.00000000	     -7.00000000	      0.00000000	     80.00000000	      1.39626340	      0.00000000	      0.00000000	      0.00000000	     80.00000000	     -7.00000000	      0.00000000	     80.00000000	      1.39626340	      0.00000000	      0.00000000	      0.00000000	     -5.32677898	      0.14982444	      5.72023812	      3.98586934	     -5.17593077	     -3.94910390	      6.14796312	      0.00000000	     19.88368244	     -3.54846381	      4.86563293	     -1.52275428	      6.85799711	      3.41235285	      0.00000000	     20.40846269	      6.87013738
1760624821.53800011	      3.53526589	      0.96038264	      3.58020904	      0.03601482	      0.94516476	      0.00228825	     80.00000000	     -7.00000000	      0.00000000	     80.00000000	      1.39626340	      0.00000000	      0.00000000	      0.00000000	     80.00000000	     -7.00000000	      0.00000000	     80.00000000	      1.39626340	      0.00000000	      0.00000000	      0.00000000	     -5.27916765	      0.13627815	      5.73520721	      4.03574208	     -5.19177970	     -3.90642575	      6.12577051	      0.00000000	     19.94175353	     -3.57508794	      4.91297116	     -1.50754510	      6.92979144	      3.41360081	      0.00000000	     20.41138544	      6.88570846
1760624821.57200003	      3.45895462	      0.96418704	      3.58469923	      0.03580338	      0.94498117	      0.00216106	     80.00000000	     -7.00000000	      0.00000000	     80.00000000	      1.39626340	      0.00000000	      0.00000000	      0.00000000	     80.00000000	     -7.00000000	      0.00000000	     80.00000000	      1.39626340	      0.00000000	      0.00000000	      0.00000000	     -5.34410249	      0.14426109	      5.74071355	      4.09807615	     -5.22282159	     -3.81143037	      6.14958793	      0.00000000	     19.96845202	     -3.56787726	      5.01097040	     -1.49092774	      6.97860076	      3.42950288	      0.00000000	     20.40685230	      6.88654337
1760624821.63899994	      3.41956957	      0.96861771	      3.59947410	      0.03450842	      0.94478750	      0.00251913	     80.00000000	     -7.00000000	      0.00000000	     80.00000000	      1.39626340	      0.00000000	      0.00000000	      0.00000000	     80.00000000	     -7.00000000	      0.00000000	     80.00000000	      1.39626340	      0.00000000	      0.00000000	      0.00000000	     -5.58465513	      0.16861635	      5.74426065	      4.26408653	     -5.24849788	     -3.61444560	      6.22369614	      0.00000000	     19.99440558	     -3.61584252	      5.20972805	     -1.49399938	      7.11803957	      3.45975683	      0.00000000	     20.40991132	      6.89943229
1760624821.67199993	      3.42071321	      0.96852266	      3.59714755	      0.03467888	      0.94483681	      0.00270760	     80.00000000	     -7.00000000	      0.00000000	     80.00000000	      1.39626340	      0.00000000	      0.00000000	      0.00000000	     80.00000000	     -7.00000000	      0.00000000	     80.00000000	      1.39626340	      0.00000000	      0.00000000	      0.00000000	     -5.80479715	      0.20443446	      5.74656772	      4.40871040	     -5.28344230	     -3.51585756	      6.34766471	      0.00000000	     19.96026900	     -3.63724157	      5.36220681	     -1.50828317	      7.15280394	      3.49556528	      0.00000000	     20.41101672	      6.95168911
1760624821.70600009	      3.35503876	      0.97644552	      3.59740053	      0.03461214	      0.94491042	      0.00288725	     80.00000000	     -7.00000000	      0.00000000	     80.00000000	      1.39626340	      0.00000000	      0.00000000	      0.00000000	     80.00000000	     -7.00000000	      0.00000000	     80.00000000	      1.39626340	      0.00000000	      0.00000000	      0.00000000	     -5.89042311	      0.22267485	      5.75544385	      4.48105633	     -5.30058239	     -3.46023478	      6.37525180	      0.00000000	     19.96705799	     -3.63305012	      5.44773418	     -1.50131943	      7.15471567	      3.52809607	      0.00000000	     20.41105460	      6.95000871
1760624821.73900008	      3.28179632	      0.98292163	      3.59231573	      0.03567637	      0.94471651	      0.00265088	     80.00000000	     -7.00000000	      0.00000000	     80.00000000	      1.39626340	      0.00000000	      0.00000000	      0.00000000	     80.00000000	     -7.00000000	      0.00000000	     80.00000000	      1.39626340	      0.00000000	      0.00000000	      0.00000000	     -5.97366768	      0.25143717	      5.76497187	      4.55591394	     -5.32959474	     -3.43009214	      6.35013430	      0.00000000	     19.97596659	     -3.63044482	      5.54253412	     -1.48153411	      7.15520442	      3.51217808	      0.00000000	     20.40566861	      6.94324655
1760624821.77300000	      3.20482783	      0.97497449	      3.58687226	      0.03595350	      0.94437918	      0.00245030	     80.00000000	     -7.00000000	      0.00000000	     80.00000000	      1.39626340	      0.00000000	      0.00000000	      0.00000000	     80.00000000	     -7.00000000	      0.00000000	     80.00000000	      1.39626340	      0.00000000	      0.00000000	      0.00000000	     -6.13801740	      0.30961542	      5.78775353	      4.67583567	     -5.36332393	     -3.36935282	      6.30283741	      0.00000000	     20.00866604	     -3.66915028	      5.66473111	     -1.47792174	      7.14461645	      3.50867705	      0.00000000	     20.41617234	      6.96745052
1760624821.80599999	      3.13316861	      0.98321623	      3.59272982	      0.03664501	      0.94422410	      0.00247614	     80.00000000	     -7.00000000	      0.00000000	     80.00000000	      1.39626340	      0.00000000	      0.00000000	      0.00000000	     80.00000000	     -7.00000000	      0.00000000	     80.00000000	      1.39626340	      0.00000000	      0.00000000	      0.00000000	     -6.28268233	      0.34586990	      5.79718271	      4.78192258	     -5.39299497	     -3.34198427	      6.36797067	      0.00000000	     20.01430555	     -3.66651574	      5.77330730	     -1.47853048	      7.13684721	      3.50776569	      0.00000000	     20.42656750	      6.97361255
1760624821.83899999	      3.14100237	      0.97294734	      3.61184690	      0.03697314	      0.94439373	      0.00265038	     80.00000000	     -7.00000000	      0.00000000	     80.00000000	      1.39626340	      0.00000000	      0.00000000	      0.00000000	     80.00000000	     -7.00000000	      0.00000000	     80.00000000	      1.39626340	      0.00000000	      0.00000000	      0.00000000	     -6.51674937	      0.40599116	      5.80285265	      4.87959494	     -5.40725356	     -3.32764468	      6.43763718	      0.00000000	     19.95075882	     -3.70038275	      5.87036250	     -1.48901542	      7.15639549	      3.50760335	      0.00000000	     20.45054037	      6.97005496
1760624821.87299991	      3.05866458	      0.98041132	      3.62681697	      0.03670403	      0.94425330	      0.00313031	     80.00000000	     -7.00000000	      0.00000000	     80.00000000	      1.39626340	      0.00000000	      0.00000000	      0.00000000	     80.00000000	     -7.00000000	      0.00000000	     80.00000000	      1.39626340	      0.00000000	      0.00000000	      0.00000000	     -6.75182577	      0.46425356	      5.82081001	      4.99360914	     -5.40024876	     -3.24258014	      6.45309526	      0.00000000	     19.94033404	     -3.74980472	      5.98981801	     -1.52104196	      7.19815088	      3.50894251	      0.00000000	     20.44304559	      6.96235146
1760624821.90599990	      2.95411832	      0.99306984	      3.63967790	      0.03697905	      0.94400569	      0.00343007	     80.00000000	     -7.00000000	      0.00000000	     80.00000000	      1.39626340	      0.00000000	      0.00000000	      0.00000000	     80.00000000	     -7.00000000	      0.00000000	     80.00000000	      1.39626340	      0.00000000	      0.00000000	      0.00000000	     -6.87418079	      0.49519531	      5.83699400	      5.04345621	     -5.38534920	     -3.19823701	      6.49291245	      0.00000000	     19.95600817	     -3.75732719	      6.03824543	     -1.55529104	      7.24196258	      3.53287942	      0.00000000	     20.45162444	      6.95869938
1760624821.94000006	      2.94321149	      0.97608991	      3.65131817	      0.03776998	      0.94386311	      0.00378208	     80.00000000	     -7.00000000	      0.00000000	     80.00000000	      1.39626340	      0.00000000	      0.00000000	      0.00000000	     80.00000000	     -7.00000000	      0.00000000	     80.00000000	      1.39626340	      0.00000000	      0.00000000	      0.00000000	     -7.11208887	      0.57284701	      5.86028114	      5.12507179	     -5.37271940	     -3.16146164	      6.58548746	      0.00000000	     19.88166432	     -3.83779059	      6.11772425	     -1.58391285	      7.26679222	      3.54175555	      0.00000000	     20.49869165	      6.96674710
1760624821.97300005	      2.81255557	      0.96068213	      3.64694610	      0.03840483	      0.94360380	      0.00460632	     80.00000000	     -7.00000000	      0.00000000	     80.00000000	      1.39626340	      0.00000000	      0.00000000	      0.00000000	     80.00000000	     -7.00000000	      0.00000000	     80.00000000	      1.39626340	      0.00000000	      0.00000000	      0.00000000	     -7.24976834	      0.64511296	      5.85476588	      5.14137628	     -5.29978330	     -3.00277868	      6.69786393	      0.00000000	     19.80868699	     -3.93394049	      6.11473806	     -1.65608297	      7.28874951	      3.56557044	      0.00000000	     20.52446204	      6.95848981
1760624822.00699997	      2.64901893	      0.95060304	      3.60692868	      0.03872678	      0.94353852	      0.00516362	     80.00000000	     -7.00000000	      0.00000000	     80.00000000	      1.39626340	      0.00000000	      0.00000000	      0.00000000	     80.00000000	     -7.00000000	      0.00000000	     80.00000000	      1.39626340	      0.00000000	      0.00000000	      0.00000000	     -7.30889366	      0.69313622	      5.86260258	      5.15929571	     -5.23240159	     -2.89837390	      6.76343862	      0.00000000	     19.78840094	     -3.96252686	      6.11836830	     -1.71363479	      7.22456581	      3.56711295	      0.00000000	     20.53736097	      6.97259908
1760624822.03999996	      2.40017036	      0.91661836	      3.56858221	      0.03914244	      0.94306837	      0.00562045	     80.00000000	     -7.00000000	      0.00000000	     80.00000000	      1.39626340	      0.00000000	      0.00000000	      0.00000000	     80.00000000	     -7.00000000	      0.00000000	     80.00000000	      1.39626340	      0.00000000	      0.00000000	      0.00000000	     -7.32037290	      0.78144629	      5.87673222	      5.18712721	     -5.19223213	     -2.83284694	      6.81685683	      0.00000000	     19.77941007	     -4.05181546	      6.09660006	     -1.76215226	      7.24424767	      3.58934746	      0.00000000	     20.54872360	      6.97095624
1760624822.07399988	      2.10801256	      0.87144383	      3.54816681	      0.03897103	      0.94301291	      0.00628612	     80.00000000	     -7.00000000	      0.00000000	     80.00000000	      1.39626340	      0.00000000	      0.00000000	      0.00000000	     80.00000000	     -7.00000000	      0.00000000	     80.00000000	      1.39626340	      0.00000000	      0.00000000	      0.00000000	     -7.49615860	      0.91322932	      5.86440918	      5.25995576	     -5.10643834	     -2.76965720	      7.01268717	      0.00000000	     19.72718172	     -4.16834805	      6.09363797	     -1.82513499	      7.37830997	      3.64575687	      0.00000000	     20.56771089	      6.97100749
1760624822.10700011	      2.00101944	      0.84142996	      3.49667311	      0.04117415	      0.94318731	      0.00674677	     80.00000000	     -7.00000000	      0.00000000	     80.00000000	      1.39626340	      0.00000000	      0.00000000	      0.00000000	     80.00000000	     -7.00000000	      0.00000000	     80.00000000	      1.39626340	      0.00000000	      0.00000000	      0.00000000	     -7.83398090	      1.02016374	      5.87754596	      5.40603448	     -5.07492117	     -2.70379634	      7.45379308	      0.00000000	     19.47439479	     -4.32612505	      6.15857238	     -1.88058386	      7.43389419	      3.69458369	      0.00000000	     20.61290397	      6.96873730
1760624822.14100003	      1.67336015	      0.83999294	      3.41296335	      0.04361577	      0.94262165	      0.00770271	     80.00000000	     -7.00000000	      0.00000000	     80.00000000	      1.39626340	      0.00000000	      0.00000000	      0.00000000	     80.00000000	     -7.00000000	      0.00000000	     80.00000000	      1.39626340	      0.00000000	      0.00000000	      0.00000000	     -7.99321591	      1.07465844	      5.90985738	      5.52407618	     -4.99440283	     -2.63664285	      7.62134363	      0.00000000	     19.37735259	     -4.45413666	      6.23518431	     -1.95728929	      7.52714535	      3.72299294	      0.00000000	     20.64113873	      6.96506657
1760624822.17400002	      1.20891294	      0.82548219	      3.31457161	      0.04445326	      0.94199238	      0.00911560	     80.00000000	     -7.00000000	      0.00000000	     80.00000000	      1.39626340	      0.00000000	      0.00000000	      0.00000000	     80.00000000	     -7.00000000	      0.00000000	     80.00000000	      1.39626340	      0.00000000	      0.00000000	      0.00000000	     -8.26252128	      1.16259168	      5.94377763	      5.65961079	     -4.83175768	     -2.44513341	      7.85613945	      0.00000000	     19.26426314	     -4.69662259	      6.35981672	     -2.10747420	      7.67185184	      3.77653415	      0.00000000	     20.68138858	      7.01458750
1760624822.20700002	      0.77850975	      0.81046843	      3.23363268	      0.04523187	      0.94179410	      0.01030484	     80.00000000	     -7.00000000	      0.00000000	     80.00000000	      1.39626340	      0.00000000	      0.00000000	      0.00000000	     80.00000000	     -7.00000000	      0.00000000	     80.00000000	      1.39626340	      0.00000000	      0.00000000	      0.00000000	     -8.49324138	      1.22833974	      5.94522954	      5.78389679	     -4.70371305	     -2.28504883	      8.09766757	      0.00000000	     19.18110624	     -4.84792968	      6.50456255	     -2.25694137	      7.73794574	      3.85789853	      0.00000000	     20.71635664	      7.07328689
1760624822.24099994	      0.47344303	      0.75218373	      3.18017908	      0.04861795	      0.94186135	      0.01175116	     80.00000000	     -7.00000000	      0.00000000	     80.00000000	      1.39626340	      0.00000000	      0.00000000	      0.00000000	     80.00000000	     -7.00000000	      0.00000000	     80.00000000	      1.39626340	      0.00000000	      0.00000000	      0.00000000	     -8.95713328	      1.35979146	      5.98155073	      5.99125258	     -4.61343990	     -2.22515454	      8.65742720	      0.00000000	     18.86300189	     -5.06303493	      6.71072059	     -2.40331342	      7.85830561	      3.96496691	      0.00000000	     20.75783040	      7.12397210
1760624822.27399993	      0.02211274	      0.67519994	      3.14638184	      0.05082224	      0.94185699	      0.01375444	     80.00000000	     -7.00000000	      0.00000000	     80.00000000	      1.39626340	      0.00000000	      0.00000000	      0.00000000	     80.00000000	     -7.00000000	      0.00000000	     80.00000000	      1.39626340	      0.00000000	      0.00000000	      0.00000000	     -9.54692876	      1.53738248	      5.97141592	      6.18052318	     -4.41610430	     -2.03143871	      9.15139591	      0.00000000	     18.54645926	     -5.38405928	      6.98417852	     -2.61430244	      8.02969825	      4.08132863	      0.00000000	     20.81768169	      7.17520716
1760624822.30800009	     -0.42279297	      0.63452882	      3.07463681	      0.05285407	      0.94177872	      0.01546971	     80.00000000	     -7.00000000	      0.00000000	     80.00000000	      1.39626340	      0.00000000	      0.00000000	      0.00000000	     80.00000000	     -7.00000000	      0.00000000	     80.00000000	      1.39626340	      0.00000000	      0.00000000	      0.00000000	     -9.98666417	      1.64696542	      6.03501032	      6.35620808	     -4.28716888	     -1.87743688	      9.68851344	      0.00000000	     18.21272986	     -5.66199091	      7.22336237	     -2.77441344	      8.13311894	      4.23220302	      0.00000000	     20.86840124	      7.21902130
1760624822.37500000	     -1.75722891	      0.51282239	      2.63483112	      0.05677201	      0.94139700	      0.01998855	     80.00000000	     -7.00000000	      0.00000000	     80.00000000	      1.39626340	      0.00000000	      0.00000000	      0.00000000	     80.00000000	     -7.00000000	      0.00000000	     80.00000000	      1.39626340	      0.00000000	      0.00000000	      0.00000000	    -11.11717766	      1.90742125	      6.33541355	      6.80592488	     -3.94632568	     -1.32290920	     10.46304081	      0.00000000	     18.02603193	     -6.31623278	      7.77046280	     -3.27331395	      8.21180145	      4.83979127	      0.00000000	     20.98909761	      7.38321235
1760624822.40799999	     -2.58301970	      0.43249929	      2.43702599	      0.05700887	      0.94119263	      0.02194025	     80.00000000	     -7.00000000	      0.00000000	     80.00000000	      1.39626340	      0.00000000	      0.00000000	      0.00000000	     80.00000000	     -7.00000000	      0.00000000	     80.00000000	      1.39626340	      0.00000000	      0.00000000	      0.00000000	    -11.45135166	      2.08119506	      6.38197553	      6.98245474	     -3.82118541	     -0.80308410	     10.63120809	      0.00000000	     18.14215025	     -6.59381542	      7.94527882	     -3.49350888	      8.21848336	      5.08242362	      0.00000000	     21.04621410	      7.51526889
1760624822.44199991	     -4.27153286	      0.32224797	      2.09784363	      0.06148180	      0.94102415	      0.02272993	     80.00000000	     -7.00000000	      0.00000000	     80.00000000	      1.39626340	      0.00000000	      0.00000000	      0.00000000	     80.00000000	     -7.00000000	      0.00000000	     80.00000000	      1.39626340	      0.00000000	      0.00000000	      0.00000000	    -11.42918139	      2.30957967	      6.52030917	      7.22930995	     -3.67325764	     -0.18193324	     10.66855764	      0.00000000	     18.43056817	     -6.85539927	      8.18539745	     -3.74769795	      8.27362094	      5.31242875	      0.00000000	     21.00058397	      7.58136384
1760624822.47499990	     -5.70929626	      0.20551052	      1.99639758	      0.06244423	      0.94074251	      0.02371592	     80.00000000	     -7.00000000	      0.00000000	     80.00000000	      1.39626340	      0.00000000	      0.00000000	      0.00000000	     80.00000000	     -7.00000000	      0.00000000	     80.00000000	      1.39626340	      0.00000000	      0.00000000	      0.00000000	    -11.37457770	      2.58801247	      6.45689615	      7.54332601	     -3.58002955	      0.56150044	     10.57025992	      0.00000000	     18.65493487	     -7.12120751	      8.45573698	     -3.91403547	      8.38069709	      5.48961253	      0.00000000	     21.00776561	      7.60513586
1760624822.50799990	     -7.38929104	     -0.00000434	      2.16031949	      0.06253792	      0.93976335	      0.02496867	     80.00000000	     -7.00000000	      0.00000000	     80.00000000	      1.39626340	      0.00000000	      0.00000000	      0.00000000	     80.00000000	     -7.00000000	      0.00000000	     80.00000000	      1.39626340	      0.00000000	      0.00000000	      0.00000000	    -11.20859761	      3.02178036	      6.29979667	      7.94919881	     -3.57791452	      1.17999971	     10.96972183	      0.00000000	     18.55796788	     -7.31487356	      8.82734050	     -4.08159555	      8.58870580	      5.78527490	      0.00000000	     21.07727324	      7.68310929
1760624822.54200006	     -9.62181738	     -0.27147878	      2.44208811	      0.06940144	      0.94005062	      0.02535647	     80.00000000	     -7.00000000	      0.00000000	     80.00000000	      1.39626340	      0.00000000	      0.00000000	      0.00000000	     80.00000000	     -7.00000000	      0.00000000	     80.00000000	      1.39626340	      0.00000000	      0.00000000	      0.00000000	    -11.18584940	      3.61715321	      6.17555240	      8.66771150	     -3.63715560	      1.87358566	     11.00838164	      0.00000000	     18.85974597	     -7.58574879	      9.59524849	     -4.23462561	      9.11535806	      6.18067072	      0.00000000	     21.00387094	      7.75702494
1760624822.57500005	    -11.10192151	     -0.31825097	      2.46788852	      0.07367633	      0.94152639	      0.02627682	     80.00000000	     -7.00000000	      0.00000000	     80.00000000	      1.39626340	      0.00000000	      0.00000000	      0.00000000	     80.00000000	     -7.00000000	      0.00000000	     80.00000000	      1.39626340	      0.00000000	      0.00000000	      0.00000000	    -10.97560516	      3.80712041	      6.11436293	      9.00766549	     -3.57586118	      2.83831019	     10.86419748	      0.00000000	     19.15151162	     -8.04078281	      9.96993989	     -4.44303044	      9.56232862	      6.40207769	      0.00000000	     20.96174377	      7.70466801
1760624822.60899997	    -12.75620509	     -0.24792175	      2.38524201	      0.08142606	      0.94430397	      0.02779238	     80.00000000	     -7.00000000	      0.00000000	     80.00000000	      1.39626340	      0.00000000	      0.00000000	      0.00000000	     80.00000000	     -7.00000000	      0.00000000	     80.00000000	      1.39626340	      0.00000000	      0.00000000	      0.00000000	    -10.44894548	      3.84295088	      6.13597999	      9.38985289	     -3.50810400	      3.89886541	     10.38546874	      0.00000000	     19.44594751	     -8.39894795	     10.33945912	     -4.59588689	      9.97435735	      6.54724461	      0.00000000	     20.87744983	      7.70587952
1760624822.64199996	    -14.50120375	     -0.14136290	      2.32522016	      0.08433191	      0.94382706	      0.02935325	     80.00000000	     -7.00000000	      0.00000000	     80.00000000	      1.39626340	      0.00000000	      0.00000000	      0.00000000	     80.00000000	     -7.00000000	      0.00000000	     80.00000000	      1.39626340	      0.00000000	      0.00000000	      0.00000000	     -9.98771405	      3.85532596	      6.09757931	      9.98094346	     -3.50281490	      4.89389021	     10.15366008	      0.00000000	     19.58219715	     -8.59358306	     10.89987663	     -4.78086763	     10.31868064	      6.73958775	      0.00000000	     20.88194880	      7.71587082
1760624822.67600012	    -16.08475493	     -0.00399097	      2.30154404	      0.08717692	      0.94913877	      0.03166968	     80.00000000	     -7.00000000	      0.00000000	     80.00000000	      1.39626340	      0.00000000	      0.00000000	      0.00000000	     80.00000000	     -7.00000000	      0.00000000	     80.00000000	      1.39626340	      0.00000000	      0.00000000	      0.00000000	     -9.09114121	      3.73019959	      6.07179114	     10.30212756	     -3.52727168	      5.08885431	     10.04870254	      0.00000000	     19.75962672	     -8.43985016	     11.09023440	     -4.94461854	     10.42105279	      6.96987157	      0.00000000	     20.76048572	      7.72850687
1760624822.70900011	    -17.44341821	      0.13316076	      2.35804384	      0.08742341	      0.95323721	      0.03228237	     80.00000000	     -7.00000000	      0.00000000	     80.00000000	      1.39626340	      0.00000000	      0.00000000	      0.00000000	     80.00000000	     -7.00000000	      0.00000000	     80.00000000	      1.39626340	      0.00000000	      0.00000000	      0.00000000	     -8.27813805	      3.62323790	      6.01818336	     10.61707712	     -3.62595152	      5.03208247	     10.08248800	      0.00000000	     19.94854883	     -8.26761300	     11.25745971	     -5.07560075	     10.52693727	      7.18314688	      0.00000000	     20.79656228	      7.75578801
1760624822.74300003	    -19.00541837	      0.18732589	      2.56001212	      0.09028305	      0.96092410	      0.03365314	     80.00000000	     -7.00000000	      0.00000000	     80.00000000	      1.39626340	      0.00000000	      0.00000000	      0.00000000	     80.00000000	     -7.00000000	      0.00000000	     80.00000000	      1.39626340	      0.00000000	      0.00000000	      0.00000000	     -7.03692167	      3.60640801	      5.76855473	     10.84919491	     -3.70556785	      5.13041741	      9.88771028	      0.00000000	     20.28672674	     -8.19199446	     11.32954116	     -5.13394397	     10.64163823	      7.26428496	      0.00000000	     20.71663075	      7.74657390
1760624822.77600002	    -19.93408165	      0.18205376	      2.76486823	      0.09560226	      0.96637968	      0.03382798	     80.00000000	     -7.00000000	      0.00000000	     80.00000000	      1.39626340	      0.00000000	      0.00000000	      0.00000000	     80.00000000	     -7.00000000	      0.00000000	     80.00000000	      1.39626340	      0.00000000	      0.00000000	      0.00000000	     -6.11892288	      3.66291023	      5.47200830	     10.91025605	     -3.86691354	      5.22746807	      9.51978451	      0.00000000	     20.68895659	     -8.05343811	     11.44646574	     -5.07354309	     10.63308273	      7.17902302	      0.00000000	     20.87875338	      7.66896521
1760624822.80999994	    -20.90057591	      0.20719222	      2.94887503	      0.09683664	      0.97422351	      0.03355488	     80.00000000	     -7.00000000	      0.00000000	     80.00000000	      1.39626340	      0.00000000	      0.00000000	      0.00000000	     80.00000000	     -7.00000000	      0.00000000	     80.00000000	      1.39626340	      0.00000000	      0.00000000	      0.00000000	     -4.91134755	      3.56222828	      5.27891288	     10.82580675	     -3.92959108	      5.12201536	      8.99980549	      0.00000000	     20.98549333	     -7.85193497	     11.31743192	     -5.06434482	     10.63505479	      7.05439407	      0.00000000	     20.73885644	      7.68621096
1760624822.84299994	    -21.63866691	      0.25920306	      3.10600408	      0.10147045	      0.97832223	      0.03352659	     80.00000000	     -7.00000000	      0.00000000	     80.00000000	      1.39626340	      0.00000000	      0.00000000	      0.00000000	     80.00000000	     -7.00000000	      0.00000000	     80.00000000	      1.39626340	      0.00000000	      0.00000000	      0.00000000	     -3.67904915	      3.37821383	      5.12919511	     10.65436917	     -4.09224004	      4.96175480	      8.68230057	      0.00000000	     21.17279177	     -7.58260761	     11.26457737	     -4.99501845	     10.51176588	      6.90000735	      0.00000000	     20.85455527	      7.71171274
1760624822.87599993	    -22.21725812	      0.31477192	      3.20929851	      0.10414792	      0.98488497	      0.03390582	     80.00000000	     -7.00000000	      0.00000000	     80.00000000	      1.39626340	      0.00000000	      0.00000000	      0.00000000	     80.00000000	     -7.00000000	      0.00000000	     80.00000000	      1.39626340	      0.00000000	      0.00000000	      0.00000000	     -2.55438263	      3.10573307	      5.11116047	     10.44939947	     -4.10761584	      4.77115388	      8.50277334	      0.00000000	     21.28685336	     -7.39461874	     11.08435715	     -4.99088136	     10.42158345	      6.78340838	      0.00000000	     20.69155519	      7.74346303
1760624822.91000009	    -22.62726292	      0.33898600	      3.37569452	      0.10695474	      0.99119957	      0.03314894	     80.00000000	     -7.00000000	      0.00000000	     80.00000000	      1.39626340	      0.00000000	      0.00000000	      0.00000000	     80.00000000	     -7.00000000	      0.00000000	     80.00000000	      1.39626340	      0.00000000	      0.00000000	      0.00000000	     -1.52725672	      2.81724226	      5.11904633	     10.21924812	     -4.05954105	      4.43502010	      8.32900142	      0.00000000	     21.32562970	     -7.11449578	     10.87396974	     -4.97911442	     10.42493979	      6.64793474	      0.00000000	     20.54051322	      7.78461195
1760624822.94300008	    -23.05666797	      0.32431809	      3.82389990	      0.10873064	      0.99717818	      0.03141379	     80.00000000	     -7.00000000	      0.00000000	     80.00000000	      1.39626340	      0.00000000	      0.00000000	      0.00000000	     80.00000000	     -7.00000000	      0.00000000	     80.00000000	      1.39626340	      0.00000000	      0.00000000	      0.00000000	     -0.12864789	      2.43364758	      4.98710302	      9.75341417	     -3.95585342	      3.75693373	      7.95762599	      0.00000000	     21.55300347	     -6.59629156	     10.57464078	     -4.92981662	     10.46171461	      6.44004249	      0.00000000	     20.42306688	      7.82292497
1760624822.97700000	    -23.30292424	      0.14007913	      4.34315129	      0.11310765	      1.00259266	      0.03218719	     80.00000000	     -7.00000000	      0.00000000	     80.00000000	      1.39626340	      0.00000000	      0.00000000	      0.00000000	     80.00000000	     -7.00000000	      0.00000000	     80.00000000	      1.39626340	      0.00000000	      0.00000000	      0.00000000	      0.93594767	      2.34447092	      4.76265463	      9.31827997	     -3.97423140	      3.14282984	      7.44591252	      0.00000000	     21.84709166	     -6.23925696	     10.33159328	     -4.77049595	     10.49376698	      6.24199839	      0.00000000	     20.29371396	      7.86573113
1760624823.00999999	    -23.54731042	     -0.06831711	      4.85171668	      0.11545850	      1.01022358	      0.03423747	     80.00000000	     -7.00000000	      0.00000000	     80.00000000	      1.39626340	      0.00000000	      0.00000000	      0.00000000	     80.00000000	     -7.00000000	      0.00000000	     80.00000000	      1.39626340	      0.00000000	      0.00000000	      0.00000000	      2.00247346	      2.30544396	      4.57333688	      8.83895112	     -3.97140019	      2.67991538	      6.70329827	      0.00000000	     22.20428560	     -5.87075831	     10.13572912	     -4.52487230	     10.57162451	      6.01490368	      0.00000000	     20.22414804	      7.91905785
1760624823.04399991	    -23.49613779	     -0.28148720	      5.44629046	      0.12040562	      1.01707695	      0.03574053	     80.00000000	     -7.00000000	      0.00000000	     80.00000000	      1.39626340	      0.00000000	      0.00000000	      0.00000000	     80.00000000	     -7.00000000	      0.00000000	     80.00000000	      1.39626340	      0.00000000	      0.00000000	      0.00000000	      2.99797011	      2.06146866	      4.44138232	      8.39349300	     -3.93818250	      2.22800674	      6.45404552	      0.00000000	     22.14540090	     -5.58304285	      9.95974666	     -4.38155469	     10.70437034	      5.78352412	      0.00000000	     20.11046795	      7.88610220
1760624823.07699990	    -23.50809351	     -0.42534867	      5.83884354	      0.12030714	      1.02429976	      0.03738897	     80.00000000	     -7.00000000	      0.00000000	     80.00000000	      1.39626340	      0.00000000	      0.00000000	      0.00000000	     80.00000000	     -7.00000000	      0.00000000	     80.00000000	      1.39626340	      0.00000000	      0.00000000	      0.00000000	      3.94025002	      1.81582747	      4.34212781	      7.84631128	     -3.81077093	      1.84120923	      5.87114198	      0.00000000	     22.41409886	     -5.23197482	      9.64188215	     -4.35602208	     10.55789447	      5.73900261	      0.00000000	     19.93870541	      7.92679046
1760624823.11100006	    -23.35862781	     -0.58366103	      6.22312275	      0.12357613	      1.03203558	      0.03843117	     80.00000000	     -7.00000000	      0.00000000	     80.00000000	      1.39626340	      0.00000000	      0.00000000	      0.00000000	     80.00000000	     -7.00000000	      0.00000000	     80.00000000	      1.39626340	      0.00000000	      0.00000000	      0.00000000	      4.65020441	      1.65762874	      4.22867851	      7.43252468	     -3.77175391	      1.40352290	      5.51498439	      0.00000000	     22.51800329	     -4.87115306	      9.37589079	     -4.30996736	     10.26636765	      5.75694966	      0.00000000	     19.90160703	      8.13140862
1760624823.14400005	    -23.19583256	     -0.72842326	      6.81221649	      0.12601078	      1.03719319	      0.03864074	     80.00000000	     -7.00000000	      0.00000000	     80.00000000	      1.39626340	      0.00000000	      0.00000000	      0.00000000	     80.00000000	     -7.00000000	      0.00000000	     80.00000000	      1.39626340	      0.00000000	      0.00000000	      0.00000000	      5.70634047	      1.36085253	      3.99334854	      6.84875314	     -3.67896028	      0.85102535	      5.22357572	      0.00000000	     22.50044409	     -4.42597485	      8.91719284	     -4.35869493	      9.87043240	      5.71656766	      0.00000000	     19.80176277	      8.37843555
1760624823.17700005	    -22.97685753	     -0.76168893	      7.29921884	      0.12627220	      1.04321740	      0.03792077	     80.00000000	     -7.00000000	      0.00000000	     80.00000000	      1.39626340	      0.00000000	      0.00000000	      0.00000000	     80.00000000	     -7.00000000	      0.00000000	     80.00000000	      1.39626340	      0.00000000	      0.00000000	      0.00000000	      6.46269678	      0.99098883	      3.75485178	      6.33242635	     -3.46860881	      0.44525702	      5.04153428	      0.00000000	     22.49784274	     -4.03328346	      8.45829517	     -4.52600796	      9.60480974	      5.63799001	      0.00000000	     19.68887399	      8.39015443
1760624823.21099997	    -22.76939748	     -0.90220795	      7.83316313	      0.12534389	      1.04872713	      0.03834298	     80.00000000	     -7.00000000	      0.00000000	     80.00000000	      1.39626340	      0.00000000	      0.00000000	      0.00000000	     80.00000000	     -7.00000000	      0.00000000	     80.00000000	      1.39626340	      0.00000000	      0.00000000	      0.00000000	      7.19857492	      0.73941395	      3.58367914	      5.88770551	     -3.38549836	     -0.09265186	      4.85051894	      0.00000000	     22.48224518	     -3.73741927	      7.98217883	     -4.70896571	      9.42640217	      5.53524868	      0.00000000	     19.56117443	      8.40053472
1760624823.24399996	    -22.37634249	     -1.13153648	      8.74888900	      0.12567289	      1.05308559	      0.03823618	     80.00000000	     -7.00000000	      0.00000000	     80.00000000	      1.39626340	      0.00000000	      0.00000000	      0.00000000	     80.00000000	     -7.00000000	      0.00000000	     80.00000000	      1.39626340	      0.00000000	      0.00000000	      0.00000000	      8.11384923	      0.38543680	      3.33764983	      5.20907176	     -3.22365791	     -1.03328842	      4.60794296	      0.20310652	     22.41374809	     -3.33382372	      7.38188652	     -4.96786413	      9.12053506	      5.45520719	      0.00000000	     19.43108090	      8.42659163
1760624823.27800012	    -22.04701426	     -1.41091275	      9.65578689	      0.12235946	      1.05853898	      0.03976715	     80.00000000	     -7.00000000	      0.00000000	     80.00000000	      1.39626340	      0.00000000	      0.00000000	      0.00000000	     80.00000000	     -7.00000000	      0.00000000	     80.00000000	      1.39626340	      0.00000000	      0.00000000	      0.00000000	      8.76967285	      0.15195043	      3.03683501	      4.50596721	     -2.95091357	     -1.65845594	      3.66354369	      0.87705554	     22.91177601	     -3.16900916	      7.06670926	     -5.15432126	      8.92684550	      5.42099359	      0.00000000	     19.39534363	      8.45902782
1760624823.31100011	    -21.48016502	     -1.73741260	     10.69833509	      0.12141796	      1.06319872	      0.04133129	     80.00000000	     -7.00000000	      0.00000000	     80.00000000	      1.39626340	      0.00000000	      0.00000000	      0.00000000	     80.00000000	     -7.00000000	      0.00000000	     80.00000000	      1.39626340	      0.00000000	      0.00000000	      0.00000000	      9.04589009	     -0.01089301	      2.86947865	      4.04107606	     -2.79169931	     -2.14550793	      3.57925709	      1.37353620	     22.66221524	     -3.14696641	      6.86871858	     -5.27808300	      9.09713921	      5.40281231	      0.00000000	     19.25336208	      8.28404999
1760624823.34500003	    -20.87749514	     -2.28769759	     12.17143089	      0.12065687	      1.06618753	      0.04384068	     80.00000000	     -7.00000000	      0.00000000	     80.00000000	      1.39626340	      0.00000000	      0.00000000	      0.00000000	     80.00000000	     -7.00000000	      0.00000000	     80.00000000	      1.39626340	      0.00000000	      0.00000000	      0.00000000	      9.27815136	     -0.14321741	      2.92255156	      3.65205084	     -2.55654953	     -2.75189501	      3.29178198	      1.96528083	     22.35051190	     -3.16393800	      6.93569874	     -5.35778950	      9.73341562	      5.39477266	      0.00000000	     19.05742675	      8.03539867
1760624823.37800002	    -20.26738248	     -2.77863894	     13.28018552	      0.12253164	      1.06826291	      0.04683671	     80.00000000	     -7.00000000	      0.00000000	     80.00000000	      1.39626340	      0.00000000	      0.00000000	      0.00000000	     80.00000000	     -7.00000000	      0.00000000	     80.00000000	      1.39626340	      0.00000000	      0.00000000	      0.00000000	      8.72851851	     -0.06859893	      3.13867271	      3.90138930	     -2.57192266	     -3.24384373	      3.20401543	      2.31805857	     22.19151021	     -3.03630590	      7.50004947	     -5.32442461	     10.29680890	      5.56964125	      0.00000000	     19.02707753	      7.99124419
1760624823.41199994	    -19.60424750	     -3.41769958	     14.84730905	      0.12873199	      1.06868241	      0.04758428	     80.00000000	     -7.00000000	      0.00000000	     80.00000000	      1.39626340	      0.00000000	      0.00000000	      0.00000000	     80.00000000	     -7.00000000	      0.00000000	     80.00000000	      1.39626340	      0.00000000	      0.00000000	      0.00000000	      9.30105253	     -0.03643090	      2.85053363	      3.10478115	     -2.47062672	     -3.12222227	      2.68714223	      2.00724824	     22.50106692	     -2.94865797	      6.83972076	     -5.30981079	     10.65621525	      6.00984636	      0.00000000	     19.01436945	      7.90421734
1760624823.44499993	    -19.24655442	     -3.69526298	     16.00060446	      0.13195229	      1.06937354	      0.05024172	     80.00000000	     -7.00000000	      0.00000000	     80.00000000	      1.39626340	      0.00000000	      0.00000000	      0.00000000	     80.00000000	     -7.00000000	      0.00000000	     80.00000000	      1.39626340	      0.00000000	      0.00000000	      0.00000000	      9.11504174	     -0.31544302	      2.58403559	      3.29751498	     -2.29751294	     -2.58219503	      2.04057813	      1.30128715	     22.69123240	     -2.98882558	      6.95199063	     -5.41568221	     11.04416556	      6.19383838	      0.00000000	     19.00019856	      7.96225838
1760624823.47900009	    -19.03092736	     -3.66428313	     17.03563790	      0.13533989	      1.06970127	      0.05118986	     80.00000000	     -7.00000000	      0.00000000	     80.00000000	      1.39626340	      0.00000000	      0.00000000	      0.00000000	     80.00000000	     -7.00000000	      0.00000000	     80.00000000	      1.39626340	      0.00000000	      0.00000000	      0.00000000	      9.10412961	     -0.95563604	      2.40555862	      3.26156621	     -2.23415142	     -2.42474586	      1.66733624	      1.11218537	     22.89623731	     -2.88233796	      6.78650618	     -5.61039863	     11.39161525	      6.27272230	      0.00000000	     18.96204570	      7.65386687
1760624823.51200008	    -19.14442632	     -3.65825081	     18.21573663	      0.13888071	      1.06967148	      0.05183101	     80.00000000	     -7.00000000	      0.00000000	     80.00000000	      1.39626340	      0.00000000	      0.00000000	      0.00000000	     80.00000000	     -7.00000000	      0.00000000	     80.00000000	      1.39626340	      0.00000000	      0.00000000	      0.00000000	      9.25868281	     -1.66689994	      2.48824339	      3.16093493	     -2.41644854	     -3.21820298	      1.48161875	      1.83728563	     23.63119571	     -2.69688030	      6.64310264	     -5.60851311	     11.81935152	      6.40935541	      0.00000000	     18.93767089	      7.43964841
1760624823.54500008	    -19.34817753	     -3.75843764	     18.90446594	      0.14041540	      1.06920663	      0.05208443	     80.00000000	     -7.00000000	      0.00000000	     80.00000000	      1.39626340	      0.00000000	      0.00000000	      0.00000000	     80.00000000	     -7.00000000	      0.00000000	     80.00000000	      1.39626340	      0.00000000	      0.00000000	      0.00000000	      9.91296143	     -2.03201681	      2.76695589	      2.55621762	     -2.41282925	     -3.78150281	      1.05201723	      2.61779784	     24.29470618	     -2.84197912	      6.03901789	     -5.55308332	     12.18237386	      6.44814399	      0.00000000	     18.75193919	      7.44064654
1760624823.61199999	    -18.86606245	     -4.50001243	     20.42525414	      0.14767954	      1.06697202	      0.05019100	     80.00000000	     -7.00000000	      0.00000000	     80.00000000	      1.39626340	      0.00000000	      0.00000000	      0.00000000	     80.00000000	     -7.00000000	      0.00000000	     80.00000000	      1.39626340	      0.00000000	      0.00000000	      0.00000000	     10.00374285	     -1.53185929	      3.05760485	      1.89334359	     -3.01612759	     -4.51509541	      0.23098689	      4.49776208	     24.60518126	     -3.49271646	      5.40779832	     -5.01473986	     12.68008280	      6.56855452	      0.00000000	     18.62332609	      7.81443229
1760624823.64599991	    -18.73207770	     -4.97130086	     20.88065438	      0.15311245	      1.06695522	      0.04948872	     80.00000000	     -7.00000000	      0.00000000	     80.00000000	      1.39626340	      0.00000000	      0.00000000	      0.00000000	     80.00000000	     -7.00000000	      0.00000000	     80.00000000	      1.39626340	      0.00000000	      0.00000000	      0.00000000	     10.23838371	     -1.07181423	      3.06235942	      1.44186976	     -3.33075300	     -4.31775422	      0.00000000	      5.05274295	     24.26079234	     -3.93244609	      5.02723532	     -4.86533266	     12.52321915	      6.52450051	      0.00000000	     18.59577667	      8.06015165
1760624823.67899990	    -18.27406959	     -5.30433530	     21.41061402	      0.16211941	      1.06683196	      0.04864631	     80.00000000	     -7.00000000	      0.00000000	     80.00000000	      1.39626340	      0.00000000	      0.00000000	      0.00000000	     80.00000000	     -7.00000000	      0.00000000	     80.00000000	      1.39626340	      0.00000000	      0.00000000	      0.00000000	     10.08967134	     -0.62242974	      2.71177466	      1.08081572	     -3.61158527	     -3.78776029	      0.00000000	      5.60177014	     23.66206742	     -4.56126581	      4.75860632	     -4.75937175	     12.03931229	      6.44674732	      0.00000000	     18.70671232	      8.28964488
1760624823.71300006	    -17.76288981	     -5.24828507	     21.98764181	      0.16570650	      1.06669228	      0.04664356	     80.00000000	     -7.00000000	      0.00000000	     80.00000000	      1.39626340	      0.00000000	      0.00000000	      0.00000000	     80.00000000	     -7.00000000	      0.00000000	     80.00000000	      1.39626340	      0.00000000	      0.00000000	      0.00000000	      8.93079836	     -0.49631723	      2.37832021	      1.59481729	     -4.16713351	     -2.98631395	      0.00000000	      6.71366931	     23.13140948	     -5.46791945	      5.26470741	     -4.86124275	     11.71404791	      6.21194289	      0.00000000	     18.70142818	      8.32062330
1760624823.74600005	    -17.74705990	     -4.90149767	     22.37444075	      0.16702213	      1.06632547	      0.04403027	     80.00000000	     -7.00000000	      0.00000000	     80.00000000	      1.39626340	      0.00000000	      0.00000000	      0.00000000	     80.00000000	     -7.00000000	      0.00000000	     80.00000000	      1.39626340	      0.00000000	      0.00000000	      0.00000000	      9.02422129	     -1.01247650	      2.27270772	      1.23393063	     -4.38109224	     -2.33726972	      0.00000000	      7.66321431	     23.23303916	     -6.28034459	      5.05801612	     -5.28023296	     11.62425851	      6.09650599	      0.00000000	     18.64362451	      8.17786026
1760624823.77999997	    -17.91600888	     -4.46873533	     22.93957516	      0.16800318	      1.06442963	      0.03979345	     80.00000000	     -7.00000000	      0.00000000	     80.00000000	      1.39626340	      0.00000000	      0.00000000	      0.00000000	     80.00000000	     -7.00000000	      0.00000000	     80.00000000	      1.39626340	      0.00000000	      0.00000000	      0.00000000	      9.27678259	     -1.58416897	      1.78289630	      1.11220053	     -4.80315519	     -1.35188636	      0.05563336	      8.61079153	     23.62515346	     -7.11292424	      4.91911312	     -5.55946144	     11.24841053	      6.06263709	      0.00000000	     18.48198005	      8.02279694
1760624823.81299996	    -18.02304343	     -4.07037661	     23.57967087	      0.16089999	      1.06273756	      0.03795309	     80.00000000	     -7.00000000	      0.00000000	     80.00000000	      1.39626340	      0.00000000	      0.00000000	      0.00000000	     80.00000000	     -7.00000000	      0.00000000	     80.00000000	      1.39626340	      0.00000000	      0.00000000	      0.00000000	      8.62261252	     -2.05500469	      1.83489324	      1.51432837	     -5.56420436	     -1.09578065	      1.18765995	     11.46424743	     22.64941070	     -8.64641768	      5.63596370	     -5.84937427	     11.50447644	      6.21483971	      0.00000000	     18.30832186	      7.95034244
1760624823.84699988	    -17.94617704	     -4.06996106	     24.05749676	      0.16004033	      1.06001931	      0.03441574	     80.00000000	     -7.00000000	      0.00000000	     80.00000000	      1.39626340	      0.00000000	      0.00000000	      0.00000000	     80.00000000	     -7.00000000	      0.00000000	     80.00000000	      1.39626340	      0.00000000	      0.00000000	      0.00000000	      9.11021961	     -2.13401241	      2.22544347	      0.54852101	     -6.02539817	     -1.86999419	      2.23571335	     14.44281292	     22.16104897	    -10.29721423	      5.16152602	     -6.00137347	     11.94634247	      6.54632384	      0.00000000	     18.16084189	      7.85379610
1760624823.88000011	    -17.54832408	     -4.12433754	     24.87110773	      0.16414600	      1.05734578	      0.02902522	     80.00000000	     -7.00000000	      0.00000000	     80.00000000	      1.39626340	      0.00000000	      0.00000000	      0.00000000	     80.00000000	     -7.00000000	      0.00000000	     80.00000000	      1.39626340	      0.00000000	      0.00000000	      0.00000000	      8.76160914	     -1.90933602	      2.41619098	      0.03030258	     -6.81027564	     -3.15985362	      3.73759007	     17.43023448	     21.88614167	    -11.80183392	      5.52158387	     -5.83805869	     12.08932010	      6.88368394	      0.00000000	     18.20996051	      7.83984872
1760624823.91300011	    -17.35777569	     -4.41043902	     26.06842830	      0.16299760	      1.05693571	      0.02530835	     80.00000000	     -7.00000000	      0.00000000	     80.00000000	      1.39626340	      0.00000000	      0.00000000	      0.00000000	     80.00000000	     -7.00000000	      0.00000000	     80.00000000	      1.39626340	      0.00000000	      0.00000000	      0.00000000	      9.12399815	     -1.64269687	      2.44216693	     -1.01248573	     -7.87068421	     -4.91842323	      5.09119196	     21.87854326	     21.56512296	    -13.22219234	      5.45217032	     -5.59622858	     11.74764396	      7.31825046	      0.00000000	     18.15003257	      8.15046654
1760624823.94700003	    -17.14090388	     -4.84842325	     27.16824904	      0.15786007	      1.05672888	      0.02145203	     80.00000000	     -7.00000000	      0.00000000	     80.00000000	      1.39626340	      0.00000000	      0.00000000	      0.00000000	     80.00000000	     -7.00000000	      0.00000000	     80.00000000	      1.39626340	      0.00000000	      0.00000000	      0.00000000	      8.96891956	     -1.24580516	      2.10253288	     -1.21475768	     -8.68066842	     -5.89063728	      5.14025340	     24.85899178	     21.38257856	    -14.32733210	      5.43328755	     -5.47566358	     11.46683898	      7.81114322	      0.00000000	     18.05437139	      8.23101542
1760624823.98000002	    -16.90507283	     -5.24852548	     28.16185162	      0.15377450	      1.05576259	      0.02019299	     80.00000000	     -7.00000000	      0.00000000	     80.00000000	      1.39626340	      0.00000000	      0.00000000	      0.00000000	     80.00000000	     -7.00000000	      0.00000000	     80.00000000	      1.39626340	      0.00000000	      0.00000000	      0.00000000	      9.19656894	     -1.04881836	      2.11323910	     -1.59789273	     -9.23996516	     -6.70216423	      5.37133949	     26.75061916	     20.97580642	    -15.43519777	      4.88656394	     -5.60813516	     11.65315311	      8.09814553	      0.00000000	     17.85529069	      8.19488105
1760624824.01399994	    -16.26929593	     -5.57675239	     29.67398249	      0.15614135	      1.05449958	      0.01998037	     80.00000000	     -7.00000000	      0.00000000	     80.00000000	      1.39626340	      0.00000000	      0.00000000	      0.00000000	     80.00000000	     -7.00000000	      0.00000000	     80.00000000	      1.39626340	      0.00000000	      0.00000000	      0.00000000	      8.61394702	     -0.68460390	      1.94736844	     -1.43900937	    -10.25631293	     -7.21472795	      5.55603299	     27.72141658	     21.04222505	    -16.52322500	      5.08841737	     -5.44507774	     11.69466055	      8.20912526	      0.00000000	     17.94691356	      8.19583749
1760624824.04699993	    -15.91933362	     -5.69113293	     31.05407164	      0.15710302	      1.05405031	      0.02003194	     80.00000000	     -7.00000000	      0.00000000	     80.00000000	      1.39626340	      0.00000000	      0.00000000	      0.00000000	     80.00000000	     -7.00000000	      0.00000000	     80.00000000	      1.39626340	      0.00000000	      0.00000000	      0.00000000	      8.72531771	     -0.74128323	      1.79409714	     -1.77831109	    -11.00926314	     -7.63706184	      5.52589959	     28.32170265	     21.37829690	    -17.46035346	      4.83298356	     -5.34571435	     11.55006533	      8.32578829	      0.00000000	     18.01516329	      8.08744134
1760624824.08100009	    -15.84633505	     -5.71566533	     32.52901951	      0.15810579	      1.05306176	      0.01995903	     80.00000000	     -7.00000000	      0.00000000	     80.00000000	      1.39626340	      0.00000000	      0.00000000	      0.00000000	     80.00000000	     -7.00000000	      0.00000000	     80.00000000	      1.39626340	      0.00000000	      0.00000000	      0.00000000	      9.01632576	     -1.21432811	      1.73794752	     -2.08246821	    -11.52218614	     -8.18440310	      5.32042617	     29.33788085	     21.83617693	    -18.36127634	      4.67689923	     -5.43923881	     11.34623576	      8.44091491	      0.00000000	     17.94830583	      7.98594146
1760624824.11400008	    -15.33414975	     -5.84540966	     34.54210707	      0.16039564	      1.05249622	      0.01832328	     80.00000000	     -7.00000000	      0.00000000	     80.00000000	      1.39626340	      0.00000000	      0.00000000	      0.00000000	     80.00000000	     -7.00000000	      0.00000000	     80.00000000	      1.39626340	      0.00000000	      0.00000000	      0.00000000	      9.18974147	     -1.57315681	      1.68046717	     -2.45925579	    -12.23369657	     -8.73280479	      5.12871160	     30.83660007	     22.04442439	    -19.53262099	      4.45995188	     -5.58388205	     10.48184165	      8.87983380	      0.00000000	     17.92949429	      8.09148034
1760624824.14800000	    -15.12745838	     -6.03744550	     35.85826534	      0.17012959	      1.04948554	      0.01880118	     80.00000000	     -7.00000000	      0.00000000	     80.00000000	      1.39626340	      0.00000000	      0.00000000	      0.00000000	     80.00000000	     -7.00000000	      0.00000000	     80.00000000	      1.39626340	      0.00000000	      0.00000000	      0.00000000	      9.53511597	     -1.94205440	      1.85200748	     -2.74260873	    -12.71901495	     -8.99002806	      4.64529466	     32.00926515	     22.31770105	    -20.50928874	      4.18793693	     -5.91793042	      9.62226959	      9.37148590	      0.00000000	     17.84577581	      8.23628246
1760624824.18099999	    -14.72536056	     -6.27802013	     37.03626749	      0.17515894	      1.04778396	      0.01969521	     80.00000000	     -7.00000000	      0.00000000	     80.00000000	      1.39626340	      0.00000000	      0.00000000	      0.00000000	     80.00000000	     -7.00000000	      0.00000000	     80.00000000	      1.39626340	      0.00000000	      0.00000000	      0.00000000	      9.72198344	     -2.05979625	      1.99972891	     -2.80678776	    -13.33083851	     -8.93284833	      3.78051453	     33.01441630	     22.63083307	    -21.54732984	      3.91768169	     -6.21330528	      8.85746284	      9.82626258	      0.00000000	     17.81671370	      8.42584627
1760624824.21399999	    -14.64479255	     -6.38221583	     38.36653639	      0.18445575	      1.04503902	      0.02246809	     80.00000000	     -7.00000000	      0.00000000	     80.00000000	      1.39626340	      0.00000000	      0.00000000	      0.00000000	     80.00000000	     -7.00000000	      0.00000000	     80.00000000	      1.39626340	      0.00000000	      0.00000000	      0.00000000	     10.14074434	     -2.81799106	      2.29558081	     -2.61271817	    -13.92736063	     -9.10580530	      2.38584168	     35.07845867	     22.82959616	    -23.02362726	      3.42741394	     -6.86488734	      8.02739031	     10.30779115	      0.30950482	     17.66511107	      8.35152219
1760624824.24799991	    -14.60773265	     -6.49510966	     39.47111931	      0.18673793	      1.04491227	      0.02414438	     80.00000000	     -7.00000000	      0.00000000	     80.00000000	      1.39626340	      0.00000000	      0.00000000	      0.00000000	     80.00000000	     -7.00000000	      0.00000000	     80.00000000	      1.39626340	      0.00000000	      0.00000000	      0.00000000	     10.40552405	     -3.40854324	      2.38013017	     -2.32119781	    -14.47960178	     -9.63854219	      1.35121026	     37.21115479	     22.71004699	    -24.22353978	      3.04669500	     -7.29464268	      7.71086186	     10.62812119	      0.38662042	     17.59290106	      8.32887808
1760624824.28099990	    -15.01657347	     -6.71302614	     40.79960037	      0.19980338	      1.04250525	      0.03125628	     80.00000000	     -7.00000000	      0.00000000	     80.00000000	      1.39626340	      0.00000000	      0.00000000	      0.00000000	     80.00000000	     -7.00000000	      0.00000000	     80.00000000	      1.39626340	      0.00000000	      0.00000000	      0.00000000	     11.41750264	     -4.49395460	      2.42533432	     -2.54064103	    -14.74779657	    -10.27600788	      0.10252957	     39.21508799	     22.71400588	    -24.99999983	      2.43661463	     -7.93735115	      7.74801495	     10.73815678	      0.25435876	     17.51252998	      8.31997695
1760624824.31500006	    -15.38802545	     -7.14145963	     42.76083511	      0.21300470	      1.03986938	      0.03404908	     80.00000000	     -7.00000000	      0.00000000	     80.00000000	      1.39626340	      0.00000000	      0.00000000	      0.00000000	     80.00000000	     -7.00000000	      0.00000000	     80.00000000	      1.39626340	      0.00000000	      0.00000000	      0.00000000	     12.39268274	     -5.78956064	      2.35372746	     -2.76199544	    -15.25531708	    -10.94022128	      0.00000000	     41.75256026	     21.28110611	    -24.99999983	      2.24527143	     -8.81307754	      7.91589437	     10.71480194	      0.00000000	     17.45178104	      8.25900595
1760624824.34800005	    -15.31028786	     -7.65067135	     43.69761705	      0.21662286	      1.04169132	      0.03424404	     80.00000000	     -7.00000000	      0.00000000	     80.00000000	      1.39626340	      0.00000000	      0.00000000	      0.00000000	     80.00000000	     -7.00000000	      0.00000000	     80.00000000	      1.39626340	      0.00000000	      0.00000000	      0.00000000	     12.73608552	     -6.05102854	      2.31828771	     -2.59642038	    -16.01422641	    -10.71015857	      0.00000000	     43.94309810	     19.29491316	    -24.99999983	      2.12374691	     -9.12365583	      7.84141807	     10.84762938	      0.00000000	     17.42966842	      8.07205407
1760624824.38199997	    -15.65073419	     -7.97790977	     44.11235086	      0.22705432	      1.04154800	      0.04120705	     80.00000000	     -7.00000000	      0.00000000	     80.00000000	      1.39626340	      0.00000000	      0.00000000	      0.00000000	     80.00000000	     -7.00000000	      0.00000000	     80.00000000	      1.39626340	      0.00000000	      0.00000000	      0.00000000	     11.87032044	     -6.38177247	      2.38049937	     -0.87112774	    -17.32624332	     -9.77336662	      0.00000000	     48.10631211	     15.01310741	    -24.99999983	      2.53538738	     -9.34958780	      7.92570642	     11.41064733	      0.00000000	     17.50031016	      7.72016083
1760624824.41499996	    -16.39253522	     -7.95717290	     45.13862002	      0.24233632	      1.03951185	      0.04586556	     80.00000000	     -7.00000000	      0.00000000	     80.00000000	      1.39626340	      0.00000000	      0.00000000	      0.00000000	     80.00000000	     -7.00000000	      0.00000000	     80.00000000	      1.39626340	      0.00000000	      0.00000000	      0.00000000	     12.20315732	     -7.59813938	      2.24473831	     -0.63306375	    -18.02256125	    -10.20126803	      0.00000000	     52.58914951	     10.90548436	    -24.99999983	      2.11737269	    -10.02267674	      8.72691485	     11.55254192	      0.00000000	     17.55115003	      7.72131349
1760624824.44899988	    -17.66693596	     -8.28980546	     46.61237073	      0.25165511	      1.04793344	      0.04762338	     80.00000000	     -7.00000000	      0.00000000	     80.00000000	      1.39626340	      0.00000000	      0.00000000	      0.00000000	     80.00000000	     -7.00000000	      0.00000000	     80.00000000	      1.39626340	      0.00000000	      0.00000000	      0.00000000	     13.39787804	     -9.39080039	      2.13314916	     -0.80104301	    -19.03504372	    -11.47289065	      0.00000000	     57.59280962	      6.51046890	    -24.99999983	      1.90651985	    -10.91522864	      9.66206999	     11.18730004	      0.00000000	     17.34224403	      7.59275177
1760624824.48200011	    -18.56958484	     -8.94026384	     48.21850493	      0.25675459	      1.04743904	      0.05189176	     80.00000000	     -7.00000000	      0.00000000	     80.00000000	      1.39626340	      0.00000000	      0.00000000	      0.00000000	     80.00000000	     -7.00000000	      0.00000000	     80.00000000	      1.39626340	      0.00000000	      0.00000000	      0.00000000	     13.74156741	    -10.22925808	      2.14297686	     -0.35321336	    -20.68543715	    -11.93480713	      0.00000000	     62.99790811	     -0.34561188	    -24.99999983	      2.53889357	    -11.23881832	      9.96936480	     10.88492312	      0.00000000	     17.16925389	      7.05544680
1760624824.51600003	    -18.40566108	     -9.41635328	     48.73697583	      0.28248340	      1.04511048	      0.05583545	     80.00000000	     -7.00000000	      0.00000000	     80.00000000	      1.39626340	      0.00000000	      0.00000000	      0.00000000	     80.00000000	     -7.00000000	      0.00000000	     80.00000000	      1.39626340	      0.00000000	      0.00000000	      0.00000000	     13.31589930	     -9.51894600	      2.57510190	      1.20083859	    -23.30277535	    -11.22008314	      0.00000000	     66.38043345	     -5.19436136	    -24.99999983	      2.58172580	    -11.25934154	     10.15086212	     11.19615710	      0.00000000	     16.94290639	      6.64014420
1760624824.54900002	    -18.84506976	     -9.78646787	     48.79407821	      0.29835157	      1.04846504	      0.05951946	     80.00000000	     -7.00000000	      0.00000000	     80.00000000	      1.39626340	      0.00000000	      0.00000000	      0.00000000	     80.00000000	     -7.00000000	      0.00000000	     80.00000000	      1.39626340	      0.00000000	      0.00000000	      0.00000000	     13.35915056	     -9.36374767	      2.95638449	      2.43796628	    -25.94979783	    -10.71783927	      0.00000000	     70.50673223	     -9.28511617	    -24.99999983	      2.45868609	    -11.51499715	     10.47863297	     11.50194470	      0.00000000	     16.91990923	      6.83059401
1760624824.58200002	    -20.16934285	    -10.00608064	     48.52073879	      0.29617920	      1.05122241	      0.06404698	     80.00000000	     -7.00000000	      0.00000000	     80.00000000	      1.39626340	      0.00000000	      0.00000000	      0.00000000	     80.00000000	     -7.00000000	      0.00000000	     80.00000000	      1.39626340	      0.00000000	      0.00000000	      0.00000000	     13.62935069	     -9.91847323	      3.51561181	      4.11050554	    -29.09901094	     -9.97878612	      0.00000000	     75.45718495	    -13.22425097	    -24.99999983	      2.45849240	    -12.25389319	     11.21034120	     11.38036447	      0.00000000	     16.90520798	      7.24897304
1760624824.61599994	    -20.98018896	    -10.38032275	     48.43902246	      0.30037125	      1.04749391	      0.07565549	     80.00000000	     -7.00000000	      0.00000000	     80.00000000	      1.39626340	      0.00000000	      0.00000000	      0.00000000	     80.00000000	     -7.00000000	      0.00000000	     80.00000000	      1.39626340	      0.00000000	      0.00000000	      0.00000000	     13.70108333	     -9.80861748	      3.18264681	      5.07604904	    -31.18821419	     -8.90489652	      0.00000000	     77.53490073	    -15.65150371	    -24.64297198	      2.67299742	    -12.50875384	     11.21509974	     11.14917576	      0.00000000	     17.03733247	      7.14107359
1760624824.64899993	    -21.67081455	    -10.53996930	     48.19708285	      0.30908645	      1.05198016	      0.07941406	     80.00000000	     -7.00000000	      0.00000000	     80.00000000	      1.39626340	      0.00000000	      0.00000000	      0.00000000	     80.00000000	     -7.00000000	      0.00000000	     80.00000000	      1.39626340	      0.00000000	      0.00000000	      0.00000000	     13.11847122	     -9.98198173	      3.28777989	      7.63249544	    -33.45680451	     -7.50448298	      0.00000000	     80.09958244	    -18.19062372	    -21.93800576	      3.19731350	    -13.14759972	     11.57249148	     10.95855624	      0.00000000	     16.79724031	      6.74102084
1760624824.68300009	    -22.87825115	    -10.62579319	     47.91584690	      0.30680428	      1.05658400	      0.08604652	     80.00000000	     -7.00000000	      0.00000000	     80.00000000	      1.39626340	      0.00000000	      0.00000000	      0.00000000	     80.00000000	     -7.00000000	      0.00000000	     80.00000000	      1.39626340	      0.00000000	      0.00000000	      0.00000000	     12.70773724	    -10.42519224	      3.27793399	     10.48335550	    -36.29034859	     -5.76597791	      0.00000000	     84.41496842	    -19.92627109	    -16.66537449	      3.83955626	    -13.96995391	     11.92409085	     10.70596543	      0.00000000	     16.69466099	      6.50783610
1760624824.71600008	    -23.76360608	    -10.78737007	     47.96478380	      0.30487817	      1.05689127	      0.09026815	     80.00000000	     -7.00000000	      0.00000000	     80.00000000	      1.39626340	      0.00000000	      0.00000000	      0.00000000	     80.00000000	     -7.00000000	      0.00000000	     80.00000000	      1.39626340	      0.00000000	      0.00000000	      0.00000000	     12.48368807	    -10.66603296	      3.38065274	     12.44181553	    -38.54929727	     -4.23468144	      0.00000000	     86.72839499	    -19.74682579	    -12.57351508	      4.39905225	    -14.64369598	     12.15220016	     10.64605126	      0.00000000	     16.52784938	      6.15776948
1760624824.75000000	    -23.99992422	    -10.95691774	     48.29401761	      0.30727490	      1.05214876	      0.09309661	     80.00000000	     -7.00000000	      0.00000000	     80.00000000	      1.39626340	      0.00000000	      0.00000000	      0.00000000	     80.00000000	     -7.00000000	      0.00000000	     80.00000000	      1.39626340	      0.00000000	      0.00000000	      0.00000000	     11.82416577	    -10.10127297	      3.27636525	     14.28123851	    -40.69108313	     -2.52363066	      0.00000000	     88.31963619	    -19.21759748	     -8.87954359	      5.17537622	    -14.82383002	     12.09886966	     10.68292491	      0.00000000	     16.61985719	      5.87240623
1760624824.78299999	    -24.63313054	    -11.33258570	     48.59086960	      0.31140438	      1.05276245	      0.09885469	     80.00000000	     -7.00000000	      0.00000000	     80.00000000	      1.39626340	      0.00000000	      0.00000000	      0.00000000	     80.00000000	     -7.00000000	      0.00000000	     80.00000000	      1.39626340	      0.00000000	      0.00000000	      0.00000000	     11.29312602	     -9.80233599	      3.30955997	     16.21974897	    -43.00897095	     -1.49002598	      0.00000000	     91.40899293	    -18.81799047	     -4.48367775	      6.16393532	    -15.02292870	     12.00563642	     10.94660185	      0.00000000	     16.89503547	      5.97269709
1760624824.81599998	    -25.17569373	    -11.74142619	     48.79593656	      0.31595482	      1.05487550	      0.10696901	     80.00000000	     -7.00000000	      0.00000000	     80.00000000	      1.39626340	      0.00000000	      0.00000000	      0.00000000	     80.00000000	     -7.00000000	      0.00000000	     80.00000000	      1.39626340	      0.00000000	      0.00000000	      0.00000000	     10.97515842	     -9.54863129	      3.36963923	     17.46873098	    -44.91891403	     -0.99680079	      0.00000000	     93.59095552	    -18.62769222	     -1.16630266	      6.83946918	    -15.27648014	     12.05590990	     11.15809604	      0.00000000	     16.98239308	      6.08827277
1760624824.84999990	    -25.17925643	    -12.04507081	     49.10726764	      0.32774381	      1.05768316	      0.11204057	     80.00000000	     -7.00000000	      0.00000000	     80.00000000	      1.39626340	      0.00000000	      0.00000000	      0.00000000	     80.00000000	     -7.00000000	      0.00000000	     80.00000000	      1.39626340	      0.00000000	      0.00000000	      0.00000000	     10.33457250	     -8.66379781	      3.25100893	     18.73872991	    -46.46125199	      0.09766452	      0.00000000	     95.23290307	    -17.85432735	      2.31964543	      7.55876705	    -14.97190039	     11.92464419	     11.25840372	      0.00000000	     17.51905465	      6.59862324
1760624824.88299990	    -25.75484637	    -12.02150950	     49.36104593	      0.33134047	      1.05430842	      0.11741254	     80.00000000	     -7.00000000	      0.00000000	     80.00000000	      1.39626340	      0.00000000	      0.00000000	      0.00000000	     80.00000000	     -7.00000000	      0.00000000	     80.00000000	      1.39626340	      0.00000000	      0.00000000	      0.00000000	      9.81278697	     -8.55790892	      3.62886646	     20.04544542	    -47.83284327	      1.26146830	      0.00000000	     96.68601305	    -16.30225484	      6.06976430	      8.07873083	    -15.22142012	     11.73451237	     11.20713691	      0.00000000	     17.44837707	      6.57603208
1760624824.91700006	    -26.04696344	    -12.02545901	     49.64580800	      0.33770823	      1.05203706	      0.12001313	     80.00000000	     -7.00000000	      0.00000000	     80.00000000	      1.39626340	      0.00000000	      0.00000000	      0.00000000	     80.00000000	     -7.00000000	      0.00000000	     80.00000000	      1.39626340	      0.00000000	      0.00000000	      0.00000000	      9.40036439	     -8.39808572	      3.80487762	     20.98413125	    -48.81532335	      1.50575081	      0.00000000	     98.32784236	    -15.67523595	      8.49005689	      8.42909224	    -15.29326165	     11.61067888	     11.10586466	      0.00000000	     17.47501227	      6.50825329
1760624824.95000005	    -26.25846306	    -12.23905223	     49.92131772	      0.34150376	      1.05335533	      0.12487691	     80.00000000	     -7.00000000	      0.00000000	     80.00000000	      1.39626340	      0.00000000	      0.00000000	      0.00000000	     80.00000000	     -7.00000000	      0.00000000	     80.00000000	      1.39626340	      0.00000000	      0.00000000	      0.00000000	      9.25821510	     -7.95304998	      3.65319224	     21.18151804	    -49.59491892	      1.30556297	      0.00000000	     99.70713510	    -14.99775151	     10.88632043	      8.76851156	    -15.07996162	     11.24894974	     10.90574889	      0.00000000	     17.85965691	      6.83155048
1760624824.98399997	    -26.69894281	    -12.35397939	     50.21712037	      0.34319319	      1.05162865	      0.12891542	     80.00000000	     -7.00000000	      0.00000000	     80.00000000	      1.39626340	      0.00000000	      0.00000000	      0.00000000	     80.00000000	     -7.00000000	      0.00000000	     80.00000000	      1.39626340	      0.00000000	      0.00000000	      0.00000000	      9.16060280	     -7.92979769	      3.90643750	     21.77386525	    -50.90160313	      0.77072255	      0.00000000	    101.76926874	    -14.54583531	     12.70631577	      8.77346895	    -15.59541487	     10.86484770	     10.58806423	      0.00000000	     17.30908123	      6.47756052
1760624825.01699996	    -27.18194198	    -12.39265411	     50.36171662	      0.34056720	      1.05366776	      0.12924640	     80.00000000	     -7.00000000	      0.00000000	     80.00000000	      1.39626340	      0.00000000	      0.00000000	      0.00000000	     80.00000000	     -7.00000000	      0.00000000	     80.00000000	      1.39626340	      0.00000000	      0.00000000	      0.00000000	      9.21691305	     -8.14559944	      4.02872452	     21.69365823	    -51.41493754	      0.61123938	      0.00000000	    102.66154082	    -14.84150693	     13.36122927	      8.77494659	    -15.89838872	     10.51749016	     10.40105233	      0.00000000	     17.18515041	      6.25686516
1760624825.05100012	    -27.63275838	    -12.67189634	     50.48276367	      0.34631216	      1.05896714	      0.13420564	     80.00000000	     -7.00000000	      0.00000000	     80.00000000	      1.39626340	      0.00000000	      0.00000000	      0.00000000	     80.00000000	     -7.00000000	      0.00000000	     80.00000000	      1.39626340	      0.00000000	      0.00000000	      0.00000000	      9.43429053	     -7.96261079	      3.90333699	     21.02888210	    -51.89886312	      0.54155747	      0.00000000	    103.02517010	    -16.68931343	     13.70307395	      8.93582185	    -15.71898281	     10.12150627	     10.22433043	      0.00000000	     17.65352550	      6.39394383
1760624825.08400011	    -28.04991626	    -12.72849271	     50.63680873	      0.35197618	      1.05847953	      0.13507977	     80.00000000	     -7.00000000	      0.00000000	     80.00000000	      1.39626340	      0.00000000	      0.00000000	      0.00000000	     80.00000000	     -7.00000000	      0.00000000	     80.00000000	      1.39626340	      0.00000000	      0.00000000	      0.00000000	      9.49955388	     -8.01990184	      3.92716918	     20.13625814	    -52.17525344	     -0.00904218	      0.00000000	    103.01254311	    -20.77980286	     11.88904937	      8.99659235	    -15.62621326	      9.77014192	     10.02069510	      0.00000000	     17.92326569	      6.56668426
1760624825.11800003	    -28.31598611	    -12.69983932	     50.67480653	      0.35437431	      1.05702912	      0.13449998	     80.00000000	     -7.00000000	      0.00000000	     80.00000000	      1.39626340	      0.00000000	      0.00000000	      0.00000000	     80.00000000	     -7.00000000	      0.00000000	     80.00000000	      1.39626340	      0.00000000	      0.00000000	      0.00000000	      9.47170775	     -8.13043614	      4.03849634	     19.35066312	    -52.24382664	     -0.87942302	      0.00000000	    102.92289808	    -24.63746602	      9.35597754	      9.01405850	    -15.61555037	      9.56862345	      9.92945741	      0.00000000	     17.92207700	      6.59050431
1760624825.15100002	    -28.44254018	    -12.58407152	     50.70931443	      0.35795455	      1.05601332	      0.13269959	     80.00000000	     -7.00000000	      0.00000000	     80.00000000	      1.39626340	      0.00000000	      0.00000000	      0.00000000	     80.00000000	     -7.00000000	      0.00000000	     80.00000000	      1.39626340	      0.00000000	      0.00000000	      0.00000000	      9.27597560	     -8.08822514	      4.00456639	     18.66241500	    -51.97391943	     -1.49300257	      0.00000000	    103.70690037	    -27.48763803	      7.85826237	      9.16386587	    -15.21391375	      9.39140957	      9.89132195	      0.00000000	     18.37259317	      7.03211949
1760624825.18499994	    -28.44386997	    -12.49842408	     50.85631310	      0.36275940	      1.05540069	      0.13139070	     80.00000000	     -7.00000000	      0.00000000	     80.00000000	      1.39626340	      0.00000000	      0.00000000	      0.00000000	     80.00000000	     -7.00000000	      0.00000000	     80.00000000	      1.39626340	      0.00000000	      0.00000000	      0.00000000	      8.98579346	     -8.04011085	      4.02818099	     18.45784522	    -52.25758839	     -1.03450540	      0.00000000	    103.08394486	    -30.24333490	      5.15447519	      9.14476406	    -15.16986113	      9.51914354	      9.85904659	      0.00000000	     18.24657960	      7.00695046
1760624825.21799994	    -28.62293331	    -12.43794137	     50.89735184	      0.36154531	      1.05632775	      0.13106090	     80.00000000	     -7.00000000	      0.00000000	     80.00000000	      1.39626340	      0.00000000	      0.00000000	      0.00000000	     80.00000000	     -7.00000000	      0.00000000	     80.00000000	      1.39626340	      0.00000000	      0.00000000	      0.00000000	      9.02376614	     -8.17669004	      4.05600432	     17.88519133	    -52.07381374	     -0.73047855	      0.00000000	    102.11264721	    -32.06611146	      4.08300921	      9.17239513	    -15.11945725	      9.75951694	      9.81611428	      0.00000000	     18.24349434	      6.95596999
1760624825.25099993	    -29.02352646	    -12.34334588	     50.79866543	      0.35637707	      1.05675975	      0.13248762	     80.00000000	     -7.00000000	      0.00000000	     80.00000000	      1.39626340	      0.00000000	      0.00000000	      0.00000000	     80.00000000	     -7.00000000	      0.00000000	     80.00000000	      1.39626340	      0.00000000	      0.00000000	      0.00000000	      9.28282407	     -8.48784773	      3.86532752	     16.91141354	    -51.35954373	     -1.68867208	      0.00000000	    101.88789036	    -33.11108691	      4.04021147	      9.31588343	    -14.77019278	      9.74789532	      9.82052215	      0.00000000	     18.73748963	      7.31625133
