time,pelvis_tilt,pelvis_list,pelvis_rotation,pelvis_tx,pelvis_ty,pelvis_tz,hip_flexion_r,hip_adduction_r,hip_rotation_r,knee_angle_r,knee_angle_r_beta,ankle_angle_r,subtalar_angle_r,mtp_angle_r,hip_flexion_l,hip_adduction_l,hip_rotation_l,knee_angle_l,knee_angle_l_beta,ankle_angle_l,subtalar_angle_l,mtp_angle_l,lumbar_extension,lumbar_bending,lumbar_rotation,arm_flex_r,arm_add_r,arm_rot_r,elbow_flex_r,pro_sup_r,wrist_flex_r,wrist_dev_r,arm_flex_l,arm_add_l,arm_rot_l,elbow_flex_l,pro_sup_l,wrist_flex_l,wrist_dev_l
1760624777.952,7.31372269,0.97746948,-1.33807777,0.04655207,0.95022556,0.01085345,80.0,-7.0,0.0,80.0,1.3962634,0.0,0.0,0.0,80.0,-7.0,0.0,80.0,1.3962634,0.0,0.0,0.0,-10.41344728,-0.93752578,-1.36152453,3.27427822,-2.87162885,2.21016976,11.15036785,0.0,-10.40216523,-0.1119074,4.70020052,-1.81045788,-2.43706559,0.07269367,0.04862703,-1.00905761,1.28901965
1760624777.986,7.30828557,0.98431105,-1.33308213,0.04702531,0.95123486,0.01040097,80.0,-7.0,0.0,80.0,1.3962634,0.0,0.0,0.0,80.0,-7.0,0.0,80.0,1.3962634,0.0,0.0,0.0,-10.41081071,-0.92890862,-1.35417827,3.27941628,-2.89409416,2.25905921,11.14454153,0.0,-10.42810126,-0.11206843,4.69860767,-1.83072809,-2.38929877,0.07953479,0.03248147,-1.00544489,1.30902241
1760624778.019,7.26990333,0.9559362,-1.29702838,0.04740226,0.95317398,0.01089658,80.0,-7.0,0.0,80.0,1.3962634,0.0,0.0,0.0,80.0,-7.0,0.0,80.0,1.3962634,0.0,0.0,0.0,-10.27023693,-0.91545971,-1.40842608,3.15801652,-2.88117439,2.27134531,11.7389474,0.0,-11.02860496,-0.22374512,4.64427122,-1.85524781,-2.36295445,0.06447206,0.00548635,-1.01031988,1.30588739
1760624778.053,7.06125898,0.95173921,-1.24478572,0.0457381,0.95350784,0.01084408,80.0,-7.0,0.0,80.0,1.3962634,0.0,0.0,0.0,80.0,-7.0,0.0,80.0,1.3962634,0.0,0.0,0.0,-9.98980118,-0.90908808,-1.45422163,3.04303814,-2.87581006,2.29854181,11.31540073,0.0,-10.60584762,-0.16019716,4.56296295,-1.86029426,-2.37423939,0.07757202,0.05280522,-1.0168072,1.30288312
1760624778.086,7.03768762,0.94094903,-1.23211317,0.04599316,0.95428045,0.01116697,80.0,-7.0,0.0,80.0,1.3962634,0.0,0.0,0.0,80.0,-7.0,0.0,80.0,1.3962634,0.0,0.0,0.0,-10.0029333,-0.92918892,-1.45644529,3.07096289,-2.84557004,2.3347412,11.40372153,0.0,-10.64354191,-0.22074103,4.57994567,-1.89704224,-2.33342529,0.07552693,0.10577663,-0.99445054,1.31821007
1760624778.12,7.03403575,0.96864617,-1.18880276,0.04664787,0.95493537,0.01137216,80.0,-7.0,0.0,80.0,1.3962634,0.0,0.0,0.0,80.0,-7.0,0.0,80.0,1.3962634,0.0,0.0,0.0,-9.99450421,-0.9193221,-1.49869723,3.04416386,-2.89774517,2.29040268,12.1775016,0.04503704,-11.400801,-0.370362,4.56368069,-1.87205156,-2.29354687,0.06847732,0.1027619,-0.98717052,1.30986446
1760624778.153,7.01939544,0.97301282,-1.182554,0.0466992,0.95521545,0.01137227,80.0,-7.0,0.0,80.0,1.3962634,0.0,0.0,0.0,80.0,-7.0,0.0,80.0,1.3962634,0.0,0.0,0.0,-10.01395686,-0.91745523,-1.50086267,3.07173673,-2.92453068,2.26477269,12.19423103,0.2647231,-11.42470663,-0.34893026,4.57924522,-1.8701351,-2.28102125,0.07327402,0.02969152,-0.99546869,1.30979487
1760624778.187,7.03569534,0.94596349,-1.11926533,0.0464846,0.95683963,0.01168202,80.0,-7.0,0.0,80.0,1.3962634,0.0,0.0,0.0,80.0,-7.0,0.0,80.0,1.3962634,0.0,0.0,0.0,-10.04330352,-0.92850663,-1.54071873,3.07268154,-2.89977208,2.20121205,12.59632898,0.35180159,-11.82592867,-0.42030199,4.58073481,-1.91346644,-2.24002993,0.07587667,0.0,-0.98629599,1.27137444
1760624778.22,7.17178363,0.93794453,-1.0902905,0.04788343,0.95767158,0.01175641,80.0,-7.0,0.0,80.0,1.3962634,0.0,0.0,0.0,80.0,-7.0,0.0,80.0,1.3962634,0.0,0.0,0.0,-10.2563094,-0.89241462,-1.62061841,3.13472884,-2.93007117,2.19008645,13.55089996,0.38484087,-12.74621979,-0.59629156,4.71190862,-1.90996864,-2.32953677,0.06820308,0.04320142,-1.0056079,1.28086705
1760624778.253,7.27900462,0.92394544,-1.03868152,0.04848492,0.9578138,0.01185111,80.0,-7.0,0.0,80.0,1.3962634,0.0,0.0,0.0,80.0,-7.0,0.0,80.0,1.3962634,0.0,0.0,0.0,-10.44651139,-0.84032786,-1.6863553,3.21634837,-2.95573806,2.16498547,14.32334478,0.40536115,-13.56584313,-0.75156035,4.82950546,-1.90017494,-2.39113846,0.05809686,0.08273275,-1.00483965,1.29622342
1760624778.287,7.38235028,0.91969972,-0.98245888,0.04867883,0.95807014,0.01197757,80.0,-7.0,0.0,80.0,1.3962634,0.0,0.0,0.0,80.0,-7.0,0.0,80.0,1.3962634,0.0,0.0,0.0,-10.64434169,-0.81034061,-1.75408615,3.30248425,-2.96258289,2.17621219,14.84552141,0.45156415,-14.07933827,-0.85539113,4.94980408,-1.90149873,-2.44908831,0.06492802,0.07773384,-1.012439,1.29825437
1760624778.32,7.3759668,0.92361505,-0.9678102,0.04832822,0.95833231,0.01248715,80.0,-7.0,0.0,80.0,1.3962634,0.0,0.0,0.0,80.0,-7.0,0.0,80.0,1.3962634,0.0,0.0,0.0,-10.65734228,-0.80801324,-1.74807328,3.31388794,-2.96136291,2.16092612,14.8577689,0.51616051,-14.0865276,-0.852993,4.96728462,-1.90793651,-2.45018918,0.06558172,0.00457496,-0.99531536,1.31718727
1760624778.354,7.37192596,0.92278781,-0.94386072,0.04744486,0.95863295,0.01244276,80.0,-7.0,0.0,80.0,1.3962634,0.0,0.0,0.0,80.0,-7.0,0.0,80.0,1.3962634,0.0,0.0,0.0,-10.66898984,-0.80997817,-1.73199613,3.34663578,-2.95991729,2.11093983,14.8499549,0.62538012,-14.13039385,-0.84118845,4.98535187,-1.92897018,-2.50642394,0.08404438,0.03838908,-0.98281056,1.31793299
1760624778.387,7.3771284,0.92054832,-0.92839827,0.04576448,0.95875586,0.01261911,80.0,-7.0,0.0,80.0,1.3962634,0.0,0.0,0.0,80.0,-7.0,0.0,80.0,1.3962634,0.0,0.0,0.0,-10.66855052,-0.81098423,-1.72374012,3.34566775,-2.96638522,2.10205205,14.86767541,0.64740098,-14.11243431,-0.85364928,4.99122269,-1.93375553,-2.52254229,0.05528079,0.04394142,-0.98141864,1.30831605
1760624778.421,7.48050586,0.87063767,-0.8681697,0.04354712,0.95879691,0.01234573,80.0,-7.0,0.0,80.0,1.3962634,0.0,0.0,0.0,80.0,-7.0,0.0,80.0,1.3962634,0.0,0.0,0.0,-10.83877581,-0.74382057,-1.77470251,3.42178349,-3.00643276,2.01707282,15.14447982,0.77154593,-14.40908611,-0.86231376,5.06909732,-1.93595144,-2.58092597,0.06019463,0.10763336,-0.97167811,1.31882181
1760624778.488,7.48192357,0.88120108,-0.80842645,0.04050048,0.9592635,0.01173084,80.0,-7.0,0.0,80.0,1.3962634,0.0,0.0,0.0,80.0,-7.0,0.0,80.0,1.3962634,0.0,0.0,0.0,-10.82338703,-0.68055668,-1.73159233,3.47335929,-3.14604457,1.82778664,15.10925827,0.98153301,-14.4249969,-0.83013258,5.06498923,-1.87236428,-2.56955054,0.02978533,0.12409388,-0.93954153,1.33502166
1760624778.521,7.47707216,0.87783661,-0.782926,0.03995093,0.9596261,0.01147918,80.0,-7.0,0.0,80.0,1.3962634,0.0,0.0,0.0,80.0,-7.0,0.0,80.0,1.3962634,0.0,0.0,0.0,-10.8152771,-0.67668116,-1.70870818,3.49218733,-3.15421899,1.79849049,15.09281678,1.00709658,-14.41855613,-0.84937281,5.04708766,-1.87879257,-2.5811515,0.03335595,0.11827911,-0.89974243,1.33780916
1760624778.554,7.13790787,0.79792042,-0.69531618,0.03825508,0.95905157,0.01135736,80.0,-7.0,0.0,80.0,1.3962634,0.0,0.0,0.0,80.0,-7.0,0.0,80.0,1.3962634,0.0,0.0,0.0,-10.46345351,-0.59385492,-1.68168611,3.50329838,-3.15945755,1.76604368,13.95760289,1.049698,-13.31116876,-0.6371115,5.02542661,-1.90185865,-2.51330692,0.02239679,0.084744,-0.86651002,1.34346349
1760624778.588,6.80563162,0.79103971,-0.63989407,0.03684314,0.95846733,0.011092,80.0,-7.0,0.0,80.0,1.3962634,0.0,0.0,0.0,80.0,-7.0,0.0,80.0,1.3962634,0.0,0.0,0.0,-10.09089257,-0.57691548,-1.67804816,3.48394951,-3.15488123,1.81939574,12.90024725,1.16168467,-12.29992997,-0.44031251,4.95212549,-1.90542085,-2.47625862,0.02764764,0.04312179,-0.83445384,1.33687751
1760624778.621,6.6089645,0.82403686,-0.62402439,0.03681049,0.95819468,0.01097553,80.0,-7.0,0.0,80.0,1.3962634,0.0,0.0,0.0,80.0,-7.0,0.0,80.0,1.3962634,0.0,0.0,0.0,-9.89401576,-0.5966341,-1.69859989,3.50268172,-3.16310621,1.83866953,12.56536264,1.19234037,-11.9078502,-0.38925134,4.97784058,-1.90409195,-2.50827097,0.0352776,0.0,-0.80695937,1.36234004
1760624778.655,6.59963574,0.82457552,-0.61489976,0.03706961,0.95799365,0.01091337,80.0,-7.0,0.0,80.0,1.3962634,0.0,0.0,0.0,80.0,-7.0,0.0,80.0,1.3962634,0.0,0.0,0.0,-9.87818429,-0.60602513,-1.69123641,3.49231093,-3.18718788,1.78478929,12.5883976,1.24113693,-11.86870177,-0.36009909,5.02867381,-1.91237419,-2.63433515,0.02611318,0.0,-0.79041383,1.38438543
1760624778.688,6.44274389,0.87387613,-0.62390438,0.03646866,0.95776624,0.01071184,80.0,-7.0,0.0,80.0,1.3962634,0.0,0.0,0.0,80.0,-7.0,0.0,80.0,1.3962634,0.0,0.0,0.0,-9.74075127,-0.66578826,-1.70626267,3.53128123,-3.1710203,1.8630473,12.28698794,1.23479567,-11.63720173,-0.33527096,5.10820478,-1.91963052,-2.74876535,0.02072196,0.0,-0.78704826,1.36790702
1760624778.722,6.43916666,0.87082027,-0.61351381,0.03682061,0.95764099,0.01058563,80.0,-7.0,0.0,80.0,1.3962634,0.0,0.0,0.0,80.0,-7.0,0.0,80.0,1.3962634,0.0,0.0,0.0,-9.72686266,-0.67533761,-1.69388684,3.52470525,-3.18781623,1.91674447,12.25758348,1.17396531,-11.62809873,-0.35044945,5.15605597,-1.93189294,-2.83082279,0.00939568,0.0,-0.76288112,1.40096531
1760624778.755,6.32240321,0.88653259,-0.62319561,0.03533426,0.95757254,0.01056885,80.0,-7.0,0.0,80.0,1.3962634,0.0,0.0,0.0,80.0,-7.0,0.0,80.0,1.3962634,0.0,0.0,0.0,-9.56351794,-0.70497596,-1.66937063,3.49272819,-3.20514566,1.86936494,11.91252845,1.28197594,-11.29058099,-0.25630663,5.10918069,-1.94144451,-2.8034521,0.01157412,0.0,-0.75841103,1.39481669
1760624778.789,6.32373,0.88358876,-0.6319211,0.03537117,0.9575918,0.0105804,80.0,-7.0,0.0,80.0,1.3962634,0.0,0.0,0.0,80.0,-7.0,0.0,80.0,1.3962634,0.0,0.0,0.0,-9.56607262,-0.70960163,-1.67495248,3.52161956,-3.22565745,1.8391623,11.9105854,1.51814383,-11.33288735,-0.22464158,5.11950143,-1.95230989,-2.80030027,0.00460612,0.0,-0.77361363,1.39802528
1760624778.822,6.60325413,0.90451521,-0.69887581,0.03331174,0.95829662,0.01128865,80.0,-7.0,0.0,80.0,1.3962634,0.0,0.0,0.0,80.0,-7.0,0.0,80.0,1.3962634,0.0,0.0,0.0,-9.91616711,-0.7470234,-1.64978343,3.63281557,-3.26091616,1.76860107,12.60887065,1.48462875,-12.040818,-0.33428269,5.24411796,-1.96872758,-2.77386743,0.0,0.0,-0.78584232,1.40693893
1760624778.856,6.63620263,0.89306354,-0.69371782,0.03204557,0.95855968,0.01153248,80.0,-7.0,0.0,80.0,1.3962634,0.0,0.0,0.0,80.0,-7.0,0.0,80.0,1.3962634,0.0,0.0,0.0,-9.96345371,-0.75913109,-1.63457196,3.69588336,-3.24800704,1.72420412,12.66896774,1.57109864,-12.09102211,-0.34108324,5.29232606,-1.99157701,-2.74938944,0.0,0.0,-0.80723967,1.41287272
1760624778.889,6.99131329,0.83769834,-0.77395762,0.03214727,0.95902545,0.01181001,80.0,-7.0,0.0,80.0,1.3962634,0.0,0.0,0.0,80.0,-7.0,0.0,80.0,1.3962634,0.0,0.0,0.0,-10.3149641,-0.70612548,-1.57416227,3.71394008,-3.28580634,1.71144507,13.30430528,1.58006377,-12.73240141,-0.43915024,5.33602258,-1.98654216,-2.78354534,0.0,0.0,-0.81509873,1.41144684
1760624778.922,7.01072673,0.83702916,-0.76451422,0.0331936,0.95905062,0.01193559,80.0,-7.0,0.0,80.0,1.3962634,0.0,0.0,0.0,80.0,-7.0,0.0,80.0,1.3962634,0.0,0.0,0.0,-10.29892728,-0.70131694,-1.55684287,3.73470468,-3.28422027,1.68863214,13.29810015,1.46078845,-12.76093266,-0.45525602,5.3504137,-1.99221097,-2.74669811,0.0,0.0049251,-0.79782542,1.39243487
1760624778.956,7.07822558,0.73144153,-0.81770313,0.03509277,0.95899523,0.01207481,80.0,-7.0,0.0,80.0,1.3962634,0.0,0.0,0.0,80.0,-7.0,0.0,80.0,1.3962634,0.0,0.0,0.0,-10.36107065,-0.59811194,-1.43785351,3.75701544,-3.30479313,1.70508942,13.78508381,1.38279515,-13.25131162,-0.55292023,5.39523883,-1.98311191,-2.70847161,0.0,0.0,-0.79277681,1.38690716
1760624778.989,7.08404625,0.72907359,-0.80640996,0.03602951,0.9589269,0.01162576,80.0,-7.0,0.0,80.0,1.3962634,0.0,0.0,0.0,80.0,-7.0,0.0,80.0,1.3962634,0.0,0.0,0.0,-10.34205014,-0.58995898,-1.41569344,3.77422868,-3.30015757,1.74387891,13.76582772,1.40560266,-13.25606879,-0.58092457,5.4145894,-1.97060312,-2.70814146,0.0,0.0,-0.78001952,1.40299074
1760624779.023,7.08748201,0.72011052,-0.80611852,0.03706135,0.95892765,0.01133625,80.0,-7.0,0.0,80.0,1.3962634,0.0,0.0,0.0,80.0,-7.0,0.0,80.0,1.3962634,0.0,0.0,0.0,-10.32231467,-0.58347928,-1.40734602,3.80816895,-3.30538765,1.74946265,13.79818296,1.3904387,-13.23290832,-0.58267177,5.44094553,-1.96301822,-2.71686182,0.0,0.0,-0.76726243,1.40621317
1760624779.056,6.84210226,0.56233508,-0.86119146,0.03736177,0.95840261,0.01102397,80.0,-7.0,0.0,80.0,1.3962634,0.0,0.0,0.0,80.0,-7.0,0.0,80.0,1.3962634,0.0,0.0,0.0,-10.03988834,-0.41337384,-1.33976786,3.83088791,-3.334077,1.76401052,13.51867724,1.36777899,-12.98094246,-0.52100012,5.42493245,-1.92718509,-2.7149327,0.0,0.0,-0.75139876,1.42510172
1760624779.09,6.75158402,0.55445782,-0.89351228,0.03862889,0.95801477,0.01100283,80.0,-7.0,0.0,80.0,1.3962634,0.0,0.0,0.0,80.0,-7.0,0.0,80.0,1.3962634,0.0,0.0,0.0,-9.9637527,-0.40461889,-1.31258276,3.89202749,-3.34405039,1.76608067,13.81298308,1.34629996,-13.26385346,-0.59187419,5.46494913,-1.91596067,-2.6957486,0.0,0.0,-0.75480187,1.41607026
1760624779.123,6.76069271,0.54709824,-0.89958503,0.03874983,0.95797045,0.01127378,80.0,-7.0,0.0,80.0,1.3962634,0.0,0.0,0.0,80.0,-7.0,0.0,80.0,1.3962634,0.0,0.0,0.0,-9.93425851,-0.41593995,-1.31834756,3.89524518,-3.33773321,1.77980337,13.8033208,1.44086363,-13.23013374,-0.59397739,5.46155647,-1.92410764,-2.70736791,0.0,0.0,-0.78466257,1.39049736
1760624779.157,6.6284091,0.5768508,-0.91449661,0.0387864,0.95787352,0.01147628,80.0,-7.0,0.0,80.0,1.3962634,0.0,0.0,0.0,80.0,-7.0,0.0,80.0,1.3962634,0.0,0.0,0.0,-9.81462133,-0.47402619,-1.30954552,3.93918712,-3.31849446,1.76824797,13.49785139,1.4796408,-12.91227873,-0.51912758,5.49719102,-1.94264043,-2.68629095,0.0,0.0,-0.80178395,1.3779032
1760624779.19,6.638946,0.57625416,-0.9209615,0.03845246,0.95807867,0.01139852,80.0,-7.0,0.0,80.0,1.3962634,0.0,0.0,0.0,80.0,-7.0,0.0,80.0,1.3962634,0.0,0.0,0.0,-9.80324364,-0.47535163,-1.31561482,3.93779842,-3.32047477,1.76689675,13.49349803,1.40439349,-12.91463638,-0.52033114,5.49598838,-1.92366273,-2.64215466,0.0,0.0,-0.81151247,1.33323067
1760624779.224,6.66397688,0.59137258,-0.88927008,0.0376098,0.95822196,0.01144817,80.0,-7.0,0.0,80.0,1.3962634,0.0,0.0,0.0,80.0,-7.0,0.0,80.0,1.3962634,0.0,0.0,0.0,-9.84767907,-0.50036322,-1.28749219,3.9584106,-3.31268045,1.69234495,13.57742121,1.44625636,-13.00652196,-0.53990395,5.55709574,-1.91926415,-2.5653216,0.0,0.0,-0.81518136,1.3276559
1760624779.257,6.67871347,0.59501747,-0.88408541,0.03733164,0.95826084,0.01129374,80.0,-7.0,0.0,80.0,1.3962634,0.0,0.0,0.0,80.0,-7.0,0.0,80.0,1.3962634,0.0,0.0,0.0,-9.8532654,-0.5058036,-1.28317065,3.93946188,-3.30540372,1.72771995,13.5862181,1.48617187,-13.02646333,-0.54391556,5.57133793,-1.90094001,-2.55092966,0.0,0.0,-0.83121238,1.30591159
1760624779.29,6.67921976,0.60091555,-0.89148476,0.03808014,0.95811049,0.0113781,80.0,-7.0,0.0,80.0,1.3962634,0.0,0.0,0.0,80.0,-7.0,0.0,80.0,1.3962634,0.0,0.0,0.0,-9.86268198,-0.51394012,-1.29351927,3.9289744,-3.30026464,1.7194186,13.62765802,1.51892625,-13.02775902,-0.54698248,5.57710548,-1.8911643,-2.52070399,0.00249441,0.0,-0.8214724,1.27537201
1760624779.324,6.71924472,0.64098086,-0.86556333,0.03838769,0.95816295,0.01139419,80.0,-7.0,0.0,80.0,1.3962634,0.0,0.0,0.0,80.0,-7.0,0.0,80.0,1.3962634,0.0,0.0,0.0,-9.84395304,-0.5587205,-1.28315164,3.8513532,-3.29523496,1.61188431,13.7208119,1.63000966,-13.1014015,-0.55576235,5.49191471,-1.88320163,-2.44219034,0.01700703,0.0,-0.81931606,1.29689998
1760624779.357,6.72215962,0.64017368,-0.86446645,0.03936398,0.95823006,0.0116,80.0,-7.0,0.0,80.0,1.3962634,0.0,0.0,0.0,80.0,-7.0,0.0,80.0,1.3962634,0.0,0.0,0.0,-9.82712499,-0.5773491,-1.28773936,3.83374693,-3.28553938,1.62545266,13.70890477,1.60694196,-13.12862251,-0.51731157,5.45852206,-1.88482214,-2.41775054,0.00622956,0.0,-0.81887874,1.28242347
1760624779.391,6.7226314,0.64279017,-0.86372103,0.03972662,0.95817046,0.01151508,80.0,-7.0,0.0,80.0,1.3962634,0.0,0.0,0.0,80.0,-7.0,0.0,80.0,1.3962634,0.0,0.0,0.0,-9.81075393,-0.58903408,-1.29019565,3.83113104,-3.26682169,1.62858777,13.67438061,1.49853296,-13.14772005,-0.52577417,5.42017974,-1.87903868,-2.38112064,0.00774901,0.01204088,-0.80537146,1.26734707
1760624779.424,6.61052315,0.76084028,-0.83190404,0.03977785,0.95795063,0.01118651,80.0,-7.0,0.0,80.0,1.3962634,0.0,0.0,0.0,80.0,-7.0,0.0,80.0,1.3962634,0.0,0.0,0.0,-9.66451669,-0.71650348,-1.30916091,3.77325327,-3.25300789,1.59785931,13.53352605,1.57517291,-12.96027129,-0.49897231,5.36002942,-1.89003618,-2.37815232,0.02225379,0.04937042,-0.79933644,1.28149277
1760624779.458,6.52427369,0.78674234,-0.8085482,0.03808814,0.95797967,0.01110615,80.0,-7.0,0.0,80.0,1.3962634,0.0,0.0,0.0,80.0,-7.0,0.0,80.0,1.3962634,0.0,0.0,0.0,-9.51300449,-0.76720075,-1.31442765,3.69272492,-3.2220092,1.63704204,12.98640767,1.60156992,-12.43061491,-0.41906652,5.27987356,-1.9026484,-2.34699218,0.02347588,0.0,-0.78291101,1.27151773
1760624779.491,6.52342143,0.78244338,-0.80174444,0.03819238,0.95829409,0.01133778,80.0,-7.0,0.0,80.0,1.3962634,0.0,0.0,0.0,80.0,-7.0,0.0,80.0,1.3962634,0.0,0.0,0.0,-9.51327015,-0.77640808,-1.31109052,3.68718686,-3.22651235,1.67722466,12.96898556,1.66081236,-12.44379347,-0.42207495,5.30196245,-1.90000458,-2.35693276,0.0,0.0,-0.80272583,1.26668448
1760624779.525,6.51599703,0.77912825,-0.79943454,0.03816064,0.95832247,0.01145378,80.0,-7.0,0.0,80.0,1.3962634,0.0,0.0,0.0,80.0,-7.0,0.0,80.0,1.3962634,0.0,0.0,0.0,-9.52035651,-0.78578222,-1.3117867,3.68111388,-3.22711313,1.638363,12.98428701,1.68295529,-12.43118962,-0.42223154,5.30435385,-1.9070297,-2.39365086,0.02488034,0.0,-0.77601445,1.29132248
1760624779.558,6.5137112,0.77313336,-0.79432746,0.03821191,0.95831244,0.01130478,80.0,-7.0,0.0,80.0,1.3962634,0.0,0.0,0.0,80.0,-7.0,0.0,80.0,1.3962634,0.0,0.0,0.0,-9.52281627,-0.79380043,-1.3076081,3.67759083,-3.22580247,1.62247623,12.98220327,1.68086006,-12.43569446,-0.42308826,5.30373438,-1.90333897,-2.40961635,0.02191474,0.0,-0.77442311,1.29541895
1760624779.591,6.52773083,0.77581411,-0.76081088,0.03837258,0.95848724,0.01142103,80.0,-7.0,0.0,80.0,1.3962634,0.0,0.0,0.0,80.0,-7.0,0.0,80.0,1.3962634,0.0,0.0,0.0,-9.50447633,-0.82014529,-1.28451148,3.6373905,-3.2186502,1.59445361,12.99247663,1.71250088,-12.46447575,-0.4169858,5.25442852,-1.9074534,-2.3643573,0.01063104,0.0,-0.76025855,1.28964627
1760624779.625,6.53716248,0.83527562,-0.70048081,0.03967525,0.95841879,0.01149013,80.0,-7.0,0.0,80.0,1.3962634,0.0,0.0,0.0,80.0,-7.0,0.0,80.0,1.3962634,0.0,0.0,0.0,-9.47210943,-0.88048654,-1.30256652,3.57856097,-3.2138731,1.56230611,13.22899767,1.65842693,-12.6872121,-0.48410723,5.1785272,-1.90352067,-2.31429162,0.00760436,0.0,-0.76634353,1.29787113
1760624779.658,6.53867674,0.83030828,-0.68298707,0.03949371,0.95865351,0.01132183,80.0,-7.0,0.0,80.0,1.3962634,0.0,0.0,0.0,80.0,-7.0,0.0,80.0,1.3962634,0.0,0.0,0.0,-9.47372111,-0.88698859,-1.2860907,3.5824828,-3.20874959,1.58677292,13.22454068,1.66342535,-12.69711717,-0.48852585,5.16939382,-1.89864679,-2.30091591,0.00495198,0.0,-0.76599271,1.30310087
1760624779.692,6.81596256,0.75091178,-0.63123522,0.03979101,0.95910459,0.01131531,80.0,-7.0,0.0,80.0,1.3962634,0.0,0.0,0.0,80.0,-7.0,0.0,80.0,1.3962634,0.0,0.0,0.0,-9.76964331,-0.82662807,-1.3332471,3.57510943,-3.18231897,1.6227894,13.90169804,1.50510678,-13.34354671,-0.64164525,5.17006456,-1.9091428,-2.30196275,0.0,0.0,-0.77455322,1.31610277
1760624779.725,6.8294054,0.73847306,-0.61091471,0.03989666,0.95916305,0.0111483,80.0,-7.0,0.0,80.0,1.3962634,0.0,0.0,0.0,80.0,-7.0,0.0,80.0,1.3962634,0.0,0.0,0.0,-9.76848437,-0.82716382,-1.3229802,3.55503216,-3.16953937,1.6433292,13.8916337,1.45205767,-13.3340964,-0.64065716,5.1268069,-1.91621738,-2.27398898,0.0,0.0,-0.78387335,1.31662992
1760624779.759,6.85087164,0.72135236,-0.60146977,0.03946498,0.95936717,0.01121989,80.0,-7.0,0.0,80.0,1.3962634,0.0,0.0,0.0,80.0,-7.0,0.0,80.0,1.3962634,0.0,0.0,0.0,-9.77791014,-0.82209151,-1.32818263,3.52090508,-3.14181744,1.68163725,13.87351898,1.42675294,-13.30371634,-0.65886453,5.09032402,-1.91738473,-2.26891762,0.0,0.0,-0.80289517,1.31433764
1760624779.792,6.98082995,0.57658639,-0.50218385,0.03939092,0.95982365,0.01125885,80.0,-7.0,0.0,80.0,1.3962634,0.0,0.0,0.0,80.0,-7.0,0.0,80.0,1.3962634,0.0,0.0,0.0,-9.89193243,-0.681503,-1.37835953,3.47784025,-3.10362183,1.71490448,13.63700923,1.38886888,-13.04023906,-0.60742387,5.02523833,-1.91527174,-2.27652836,0.0,0.0,-0.7785567,1.3388872
1760624779.825,6.84991621,0.54344708,-0.40817771,0.03865577,0.95963365,0.01116316,80.0,-7.0,0.0,80.0,1.3962634,0.0,0.0,0.0,80.0,-7.0,0.0,80.0,1.3962634,0.0,0.0,0.0,-9.68493456,-0.65363445,-1.39821185,3.36982884,-3.06870047,1.66990798,13.05215005,1.39314065,-12.45397107,-0.49091517,4.89342541,-1.91484535,-2.24475105,0.0,0.0,-0.76876007,1.33189332
1760624779.859,6.84488839,0.53391337,-0.39184379,0.03836549,0.95979627,0.01114294,80.0,-7.0,0.0,80.0,1.3962634,0.0,0.0,0.0,80.0,-7.0,0.0,80.0,1.3962634,0.0,0.0,0.0,-9.6878742,-0.65139928,-1.38990999,3.350342,-3.04023625,1.70326882,13.03860845,1.45017863,-12.44605646,-0.50316999,4.87926526,-1.90971216,-2.26688345,0.0,0.0,-0.78176975,1.3248563
1760624779.892,6.83801325,0.53478848,-0.37487078,0.03785986,0.95993744,0.01106966,80.0,-7.0,0.0,80.0,1.3962634,0.0,0.0,0.0,80.0,-7.0,0.0,80.0,1.3962634,0.0,0.0,0.0,-9.69367584,-0.64887192,-1.37341533,3.33007202,-3.01992818,1.75117012,13.0323554,1.47754361,-12.44191026,-0.4992529,4.86323786,-1.89471646,-2.23515181,0.0,0.0,-0.77828871,1.32931331
1760624779.926,6.71094684,0.33098269,-0.25984724,0.03839347,0.9599018,0.0111882,80.0,-7.0,0.0,80.0,1.3962634,0.0,0.0,0.0,80.0,-7.0,0.0,80.0,1.3962634,0.0,0.0,0.0,-9.45582126,-0.44666299,-1.37643089,3.19346348,-2.98504193,1.67467627,12.54091531,1.62107459,-11.94499931,-0.38688414,4.71701197,-1.8994706,-2.14171643,0.0,0.0,-0.7435747,1.33078195
1760624779.959,6.7044931,0.3255638,-0.24332145,0.03872847,0.95991408,0.01112126,80.0,-7.0,0.0,80.0,1.3962634,0.0,0.0,0.0,80.0,-7.0,0.0,80.0,1.3962634,0.0,0.0,0.0,-9.45397509,-0.44117842,-1.36758005,3.18513905,-2.97722919,1.69795388,12.55586983,1.68982689,-11.92852455,-0.39940912,4.70670115,-1.90385844,-2.11751669,0.0,0.0,-0.73473389,1.35505385
1760624779.993,6.70923047,0.31304285,-0.22292683,0.03856655,0.96005095,0.01104841,80.0,-7.0,0.0,80.0,1.3962634,0.0,0.0,0.0,80.0,-7.0,0.0,80.0,1.3962634,0.0,0.0,0.0,-9.45840341,-0.44131195,-1.35578326,3.17734313,-2.96872422,1.74283897,12.56359648,1.6261178,-11.93850814,-0.36049111,4.70934551,-1.91650766,-2.05015017,0.0,0.0,-0.72085913,1.34778139
1760624780.026,6.73178351,0.29485988,-0.2079922,0.03822889,0.96029038,0.011217,80.0,-7.0,0.0,80.0,1.3962634,0.0,0.0,0.0,80.0,-7.0,0.0,80.0,1.3962634,0.0,0.0,0.0,-9.45766698,-0.43689567,-1.35553582,3.1383384,-2.93954898,1.81392368,12.56150701,1.64445675,-11.9147046,-0.39615234,4.70210928,-1.92358745,-2.02121336,0.0,0.0,-0.75305393,1.32428907
1760624780.06,6.9581312,0.18212494,-0.10996022,0.03914666,0.96068674,0.01144156,80.0,-7.0,0.0,80.0,1.3962634,0.0,0.0,0.0,80.0,-7.0,0.0,80.0,1.3962634,0.0,0.0,0.0,-9.70658385,-0.33518808,-1.43536082,3.16201519,-2.93040682,1.81110695,13.04850439,1.58477451,-12.36951241,-0.46657597,4.74115491,-1.94081238,-2.01789318,0.0,0.0,-0.75776791,1.32240766
1760624780.093,6.9742599,0.17068239,-0.08905609,0.03905692,0.9606699,0.01149532,80.0,-7.0,0.0,80.0,1.3962634,0.0,0.0,0.0,80.0,-7.0,0.0,80.0,1.3962634,0.0,0.0,0.0,-9.69434234,-0.33884103,-1.43781713,3.12671817,-2.91101502,1.87759148,13.01505621,1.39456852,-12.33809596,-0.48192083,4.72082291,-1.93905825,-1.98964032,0.0,0.0,-0.7577851,1.33731601
1760624780.127,6.93255375,0.14255566,0.02360035,0.03975148,0.96057257,0.01128553,80.0,-7.0,0.0,80.0,1.3962634,0.0,0.0,0.0,80.0,-7.0,0.0,80.0,1.3962634,0.0,0.0,0.0,-9.6442023,-0.30119381,-1.5316639,3.12818462,-2.90549603,1.92104758,12.73858615,1.28974647,-12.08135002,-0.42180555,4.71203384,-1.93821458,-1.943893,0.0,0.0,-0.74660897,1.33891792
1760624780.16,6.9363939,0.13905564,0.03846595,0.04056493,0.96047631,0.01132378,80.0,-7.0,0.0,80.0,1.3962634,0.0,0.0,0.0,80.0,-7.0,0.0,80.0,1.3962634,0.0,0.0,0.0,-9.63051308,-0.30266732,-1.53002207,3.1164489,-2.90765966,1.93706144,12.72165177,1.19145946,-12.09182302,-0.40639177,4.68877594,-1.94123458,-1.92490511,0.0,0.0,-0.7249222,1.35430977
1760624780.227,6.95148813,0.1368814,0.04828019,0.04209429,0.96073983,0.01108088,80.0,-7.0,0.0,80.0,1.3962634,0.0,0.0,0.0,80.0,-7.0,0.0,80.0,1.3962634,0.0,0.0,0.0,-9.62220594,-0.27319883,-1.55111558,3.11048327,-2.95208025,2.13148846,12.70736049,1.08632316,-12.11717056,-0.39567948,4.67306781,-1.9035013,-1.97228609,0.0,0.0,-0.72667174,1.33599394
1760624780.26,7.02732212,0.10564921,0.15758133,0.04274624,0.96103845,0.01104728,80.0,-7.0,0.0,80.0,1.3962634,0.0,0.0,0.0,80.0,-7.0,0.0,80.0,1.3962634,0.0,0.0,0.0,-9.70017244,-0.22182554,-1.65177244,3.11774078,-2.95778984,2.17864995,13.06892081,1.00375114,-12.49128268,-0.47071092,4.68200849,-1.89777689,-1.99942361,0.0,0.0,-0.71074124,1.35655144
1760624780.294,7.05315053,0.11049422,0.27616014,0.04347549,0.96107106,0.01106856,80.0,-7.0,0.0,80.0,1.3962634,0.0,0.0,0.0,80.0,-7.0,0.0,80.0,1.3962634,0.0,0.0,0.0,-9.71527667,-0.21526071,-1.73754962,3.08400741,-2.96230081,2.13976039,13.32278346,1.19255175,-12.73641299,-0.47161237,4.66729893,-1.90796582,-2.01126221,0.0,0.0,-0.71280331,1.36884365
1760624780.327,7.04195536,0.11104261,0.30886898,0.04486184,0.96079482,0.01095054,80.0,-7.0,0.0,80.0,1.3962634,0.0,0.0,0.0,80.0,-7.0,0.0,80.0,1.3962634,0.0,0.0,0.0,-9.78915147,-0.21704268,-1.75802849,3.15445903,-2.99590663,2.01820044,13.45159042,1.48127984,-12.84623464,-0.38289672,4.7629921,-1.91673522,-2.00285073,0.0,0.0,-0.71023287,1.36071965
1760624780.361,7.16011852,0.09904718,0.39064842,0.04466033,0.96100409,0.01073831,80.0,-7.0,0.0,80.0,1.3962634,0.0,0.0,0.0,80.0,-7.0,0.0,80.0,1.3962634,0.0,0.0,0.0,-9.9013471,-0.18572516,-1.86035022,3.14926611,-3.0214523,1.94391065,13.77850196,1.63449262,-13.14797333,-0.41386868,4.76196127,-1.91290828,-2.04810976,0.0,0.0,-0.69877494,1.36841373
1760624780.394,7.16808,0.09308741,0.39468177,0.04464545,0.96099729,0.01064476,80.0,-7.0,0.0,80.0,1.3962634,0.0,0.0,0.0,80.0,-7.0,0.0,80.0,1.3962634,0.0,0.0,0.0,-9.90107519,-0.18504901,-1.87149532,3.14420756,-3.04472879,1.92372519,13.80590281,1.75131849,-13.0870994,-0.38726818,4.77374789,-1.92270123,-2.09474926,0.0,0.0,-0.71855235,1.36074725
1760624780.428,7.17494412,0.09304678,0.3978156,0.04426608,0.96116307,0.01080985,80.0,-7.0,0.0,80.0,1.3962634,0.0,0.0,0.0,80.0,-7.0,0.0,80.0,1.3962634,0.0,0.0,0.0,-9.91223328,-0.18746957,-1.88088724,3.15754934,-3.05688646,1.9561273,13.80373361,1.67476274,-13.04093673,-0.39439872,4.78870283,-1.92528646,-2.07802692,0.0,0.0,-0.71440181,1.34806783
1760624780.461,7.36450767,0.17649991,0.46102003,0.04481834,0.96153087,0.01103927,80.0,-7.0,0.0,80.0,1.3962634,0.0,0.0,0.0,80.0,-7.0,0.0,80.0,1.3962634,0.0,0.0,0.0,-10.12028318,-0.28022923,-1.95372572,3.19483753,-3.05748706,2.00768455,13.48912223,1.70471915,-12.66194396,-0.33966795,4.82104699,-1.94480134,-2.08222831,0.0,0.0,-0.71443506,1.35395337
1760624780.495,7.38005401,0.1746234,0.45819383,0.04472731,0.96164168,0.0108959,80.0,-7.0,0.0,80.0,1.3962634,0.0,0.0,0.0,80.0,-7.0,0.0,80.0,1.3962634,0.0,0.0,0.0,-10.14551133,-0.28183194,-1.96564933,3.22953533,-3.08543587,1.98619439,13.56714176,1.7667976,-12.61603899,-0.34342997,4.86236327,-1.9295177,-2.10180562,0.0,0.0,-0.70586354,1.36649335
1760624780.528,7.56213903,0.13304926,0.49211278,0.04517225,0.96151337,0.01059468,80.0,-7.0,0.0,80.0,1.3962634,0.0,0.0,0.0,80.0,-7.0,0.0,80.0,1.3962634,0.0,0.0,0.0,-10.36499193,-0.21642184,-1.98450014,3.30541576,-3.1331618,1.98652721,13.89340776,1.81384142,-12.9065151,-0.39041946,4.90039161,-1.89960118,-2.07440539,0.0,0.0,-0.70205462,1.36930949
1760624780.562,7.57279307,0.13341409,0.50775133,0.04564671,0.96126043,0.01035878,80.0,-7.0,0.0,80.0,1.3962634,0.0,0.0,0.0,80.0,-7.0,0.0,80.0,1.3962634,0.0,0.0,0.0,-10.35924085,-0.20696787,-1.97011821,3.34744082,-3.15270209,2.03184656,13.87716384,1.69597257,-12.90986289,-0.39474393,4.89740757,-1.86850889,-2.03603696,0.0,0.0,-0.67047142,1.37556948
1760624780.595,7.57943293,0.13364003,0.53194341,0.04524342,0.96084712,0.01038454,80.0,-7.0,0.0,80.0,1.3962634,0.0,0.0,0.0,80.0,-7.0,0.0,80.0,1.3962634,0.0,0.0,0.0,-10.35304313,-0.19106393,-1.94713784,3.36408059,-3.17378422,2.04902515,13.85977547,1.61952519,-12.91045938,-0.39309004,4.88158237,-1.84749328,-1.99185119,0.0,0.0,-0.67547854,1.38461549
1760624780.628,7.57170794,0.13288465,0.53937976,0.04458587,0.96047188,0.01023263,80.0,-7.0,0.0,80.0,1.3962634,0.0,0.0,0.0,80.0,-7.0,0.0,80.0,1.3962634,0.0,0.0,0.0,-10.36123171,-0.15772306,-1.93817935,3.38414594,-3.20858809,2.06492911,13.84594389,1.62582986,-12.87283644,-0.39328742,4.91304911,-1.81717942,-1.97352404,0.0,0.0,-0.68969575,1.38748689
1760624780.662,7.57499455,0.13465211,0.5444491,0.04421043,0.96045234,0.01025751,80.0,-7.0,0.0,80.0,1.3962634,0.0,0.0,0.0,80.0,-7.0,0.0,80.0,1.3962634,0.0,0.0,0.0,-10.36511801,-0.14744365,-1.93209428,3.39077922,-3.19882496,2.02966469,13.82761481,1.59085977,-12.86650754,-0.41666734,4.94099016,-1.80319407,-1.97837588,0.0,0.0,-0.66236205,1.39414827
1760624780.695,7.60438926,0.13194134,0.57279753,0.04327479,0.96069571,0.01030019,80.0,-7.0,0.0,80.0,1.3962634,0.0,0.0,0.0,80.0,-7.0,0.0,80.0,1.3962634,0.0,0.0,0.0,-10.43752387,-0.14364842,-1.89776195,3.42315229,-3.17110234,1.93122548,13.84569992,1.56727563,-12.87821516,-0.44126907,5.02243671,-1.81020122,-1.96237132,0.0,0.0,-0.65624327,1.39703833
1760624780.729,7.60630962,0.14770378,0.57153581,0.04517045,0.96044612,0.01005222,80.0,-7.0,0.0,80.0,1.3962634,0.0,0.0,0.0,80.0,-7.0,0.0,80.0,1.3962634,0.0,0.0,0.0,-10.37473812,-0.13516468,-1.88206145,3.32798037,-3.16474244,1.91332124,13.7644926,1.61163923,-12.79828126,-0.4385879,4.96137249,-1.7874593,-1.97637323,0.0,0.0,-0.63534263,1.38137641
1760624780.762,7.61126719,0.16965542,0.58073673,0.0462473,0.96104431,0.01018674,80.0,-7.0,0.0,80.0,1.3962634,0.0,0.0,0.0,80.0,-7.0,0.0,80.0,1.3962634,0.0,0.0,0.0,-10.36564987,-0.13062243,-1.86709403,3.31670137,-3.15302981,1.81641029,13.74585564,1.67431029,-12.81943385,-0.43324453,4.96781645,-1.78007067,-1.98591178,0.0,0.0,-0.608527,1.37839567
1760624780.796,7.62001157,0.18974438,0.57740389,0.04587842,0.9612439,0.01009166,80.0,-7.0,0.0,80.0,1.3962634,0.0,0.0,0.0,80.0,-7.0,0.0,80.0,1.3962634,0.0,0.0,0.0,-10.38060207,-0.13421337,-1.86288941,3.31657952,-3.14388418,1.74619419,13.74754607,1.70875111,-12.82507296,-0.42371518,4.97964731,-1.79190214,-2.01202363,0.0,0.0,-0.60211264,1.40788325
1760624780.829,8.00237958,0.47758897,0.44453388,0.04493868,0.96200414,0.01037642,80.0,-7.0,0.0,80.0,1.3962634,0.0,0.0,0.0,80.0,-7.0,0.0,80.0,1.3962634,0.0,0.0,0.0,-10.81219872,-0.4334593,-1.83193239,3.36201962,-3.12667357,1.74139724,13.78076839,1.74208541,-12.85692338,-0.42175046,5.02049998,-1.80885167,-2.05731185,0.0,0.0,-0.62310898,1.36463504
1760624780.863,8.08056836,0.51634671,0.31802614,0.04385694,0.96238173,0.01056241,80.0,-7.0,0.0,80.0,1.3962634,0.0,0.0,0.0,80.0,-7.0,0.0,80.0,1.3962634,0.0,0.0,0.0,-10.93807132,-0.48489058,-1.79005568,3.43777426,-3.14866805,1.66222631,13.43899434,1.81058319,-12.52848562,-0.34698306,5.05160473,-1.83166796,-2.14688879,0.0,0.0,-0.62437007,1.35870005
1760624780.896,8.3531055,0.72563025,0.09582194,0.0430642,0.9632211,0.0113942,80.0,-7.0,0.0,80.0,1.3962634,0.0,0.0,0.0,80.0,-7.0,0.0,80.0,1.3962634,0.0,0.0,0.0,-11.25443622,-0.7350471,-1.69700845,3.49680513,-3.16077272,1.58758922,13.62421917,1.83949162,-12.70711171,-0.36763136,5.07475507,-1.87581999,-2.22584227,0.0,0.0,-0.62097441,1.35943365
1760624780.929,8.34401431,0.73087181,0.07308032,0.04380215,0.96324456,0.01182268,80.0,-7.0,0.0,80.0,1.3962634,0.0,0.0,0.0,80.0,-7.0,0.0,80.0,1.3962634,0.0,0.0,0.0,-11.24671898,-0.73910368,-1.70208599,3.53120547,-3.16251945,1.56767925,13.60221071,1.88251839,-12.6943003,-0.41608146,5.04349588,-1.8970473,-2.23882491,0.0,0.0,-0.62795402,1.36376129
1760624780.963,7.97975088,0.81508958,-0.13405657,0.04446379,0.96276708,0.01145943,80.0,-7.0,0.0,80.0,1.3962634,0.0,0.0,0.0,80.0,-7.0,0.0,80.0,1.3962634,0.0,0.0,0.0,-10.84030498,-0.87657996,-1.55460514,3.52532226,-3.18570987,1.44781466,12.29500481,2.13595908,-11.37916666,-0.14153922,4.97222834,-1.9267317,-2.30998648,0.0,0.0,-0.60582904,1.36343534
1760624780.996,7.66716128,0.85626233,-0.35883237,0.0446091,0.96258777,0.01132887,80.0,-7.0,0.0,80.0,1.3962634,0.0,0.0,0.0,80.0,-7.0,0.0,80.0,1.3962634,0.0,0.0,0.0,-10.50835616,-0.95438365,-1.3804376,3.52918881,-3.18026604,1.43661858,11.49452629,2.16646691,-10.60631148,-0.02630947,4.95318138,-1.9496741,-2.3887545,0.0,0.0,-0.59647391,1.37255127
1760624781.03,7.09085473,1.02696798,-1.60041075,0.04374853,0.96163391,0.01247891,80.0,-7.0,0.0,80.0,1.3962634,0.0,0.0,0.0,80.0,-7.0,0.0,80.0,1.3962634,0.0,0.0,0.0,-9.897131,-1.31956875,-0.21006307,3.53856946,-3.206228,1.38144433,11.16319099,2.24054043,-10.31965786,0.04296118,4.9580465,-1.9609804,-2.46000607,0.0,0.0,-0.59247181,1.36964395
1760624781.063,6.98166287,0.96241659,-1.70290176,0.04234115,0.96148171,0.01209509,80.0,-7.0,0.0,80.0,1.3962634,0.0,0.0,0.0,80.0,-7.0,0.0,80.0,1.3962634,0.0,0.0,0.0,-9.8037059,-1.29025127,-0.09880107,3.5755281,-3.16531896,1.32339397,9.7501397,2.25304482,-8.93847244,0.29685842,5.00287298,-2.02308947,-2.48498496,0.0,0.0,-0.57437076,1.37838637
1760624781.097,6.95576178,0.95735106,-1.73233667,0.04189079,0.96110049,0.01189286,80.0,-7.0,0.0,80.0,1.3962634,0.0,0.0,0.0,80.0,-7.0,0.0,80.0,1.3962634,0.0,0.0,0.0,-9.81547546,-1.2850321,-0.09094768,3.6273072,-3.17127431,1.25894049,9.74694333,2.33348492,-8.9113755,0.30928884,5.0973836,-2.06002201,-2.52107762,0.0,0.0,-0.56141227,1.38984782
1760624781.13,6.75123896,0.90821034,-1.87167862,0.04075491,0.96066945,0.01169596,80.0,-7.0,0.0,80.0,1.3962634,0.0,0.0,0.0,80.0,-7.0,0.0,80.0,1.3962634,0.0,0.0,0.0,-9.64887107,-1.25299336,0.05269665,3.6958319,-3.16259067,1.22898688,8.88678347,2.33173363,-8.08941957,0.48047044,5.18698153,-2.09952269,-2.54864737,0.0,0.0,-0.53335317,1.41142642
1760624781.197,6.48086392,0.85426605,-2.04149483,0.03847336,0.96023401,0.01125708,80.0,-7.0,0.0,80.0,1.3962634,0.0,0.0,0.0,80.0,-7.0,0.0,80.0,1.3962634,0.0,0.0,0.0,-9.43070133,-1.20608863,0.20478103,3.83002827,-3.16325688,1.1813388,7.7649899,2.38698568,-6.92875678,0.69472551,5.33941278,-2.15603066,-2.59394666,0.0,0.0,-0.51337991,1.39983249
1760624781.231,6.45988031,0.8495382,-2.06996405,0.0376968,0.959777,0.01130991,80.0,-7.0,0.0,80.0,1.3962634,0.0,0.0,0.0,80.0,-7.0,0.0,80.0,1.3962634,0.0,0.0,0.0,-9.43237694,-1.21130162,0.202486,3.8951601,-3.16650275,1.1517556,7.76485734,2.41744159,-6.90873353,0.71938548,5.38843,-2.19651394,-2.63839195,0.0,0.0,-0.4764418,1.43125562
1760624781.264,5.97063266,0.95200686,-3.3450031,0.03583168,0.95873608,0.01350946,80.0,-7.0,0.0,80.0,1.3962634,0.0,0.0,0.0,80.0,-7.0,0.0,80.0,1.3962634,0.0,0.0,0.0,-9.03118019,-1.51179572,1.38386913,4.08791829,-3.14863332,1.13618641,7.65746472,2.41757057,-6.8039876,0.74161343,5.53464319,-2.25451069,-2.66200301,0.0,0.0,-0.47969814,1.41725053
1760624781.297,5.9392652,0.93516892,-3.36864496,0.03623622,0.95898847,0.01370697,80.0,-7.0,0.0,80.0,1.3962634,0.0,0.0,0.0,80.0,-7.0,0.0,80.0,1.3962634,0.0,0.0,0.0,-9.10313087,-1.51006675,1.38865032,4.24041893,-3.13494895,1.11832584,7.71248689,2.41664986,-6.84308435,0.72478329,5.63740234,-2.2963883,-2.61283552,0.0,0.0,-0.46527292,1.36605474
1760624781.331,5.92089315,0.93291906,-3.3899045,0.03561746,0.95863093,0.01372606,80.0,-7.0,0.0,80.0,1.3962634,0.0,0.0,0.0,80.0,-7.0,0.0,80.0,1.3962634,0.0,0.0,0.0,-9.11660295,-1.49953152,1.3765953,4.29956354,-3.13153046,1.1234809,7.70058933,2.4459658,-6.84616613,0.7156506,5.61588778,-2.30338968,-2.56267036,0.0,0.0,-0.34612496,1.34845165
1760624781.364,5.65465413,0.78478482,-3.47268348,0.0354711,0.95817445,0.01363416,80.0,-7.0,0.0,80.0,1.3962634,0.0,0.0,0.0,80.0,-7.0,0.0,80.0,1.3962634,0.0,0.0,0.0,-8.94921769,-1.34652259,1.49668005,4.43552578,-3.12751997,1.0490159,7.36310403,2.57522278,-6.51492641,0.78493673,5.64769117,-2.31056906,-2.47949592,0.0,0.0,-0.24296375,1.34498257
1760624781.398,5.50276086,0.70082201,-3.55101217,0.03412449,0.95795336,0.0129708,80.0,-7.0,0.0,80.0,1.3962634,0.0,0.0,0.0,80.0,-7.0,0.0,80.0,1.3962634,0.0,0.0,0.0,-8.84148934,-1.25874177,1.57255244,4.50713142,-3.12759556,1.0561044,6.74116826,2.62115272,-5.88356239,0.90075621,5.64614827,-2.29725592,-2.43671566,0.0,0.0,-0.217937,1.32223237
1760624781.431,5.3154718,0.61222966,-3.63742337,0.03368628,0.9577563,0.01288859,80.0,-7.0,0.0,80.0,1.3962634,0.0,0.0,0.0,80.0,-7.0,0.0,80.0,1.3962634,0.0,0.0,0.0,-8.69120712,-1.17017532,1.66931643,4.56478159,-3.13473107,0.9566703,6.94478345,2.62076418,-6.10373651,0.88498633,5.64593799,-2.28514537,-2.43728488,0.0,0.0,-0.20871875,1.3081877
1760624781.465,5.30333084,0.60864453,-3.64631588,0.03424529,0.95798941,0.01280299,80.0,-7.0,0.0,80.0,1.3962634,0.0,0.0,0.0,80.0,-7.0,0.0,80.0,1.3962634,0.0,0.0,0.0,-8.68466265,-1.16803787,1.66779438,4.61807144,-3.14343053,0.91789182,6.94857515,2.72463553,-6.11379322,0.89018873,5.62793618,-2.28987626,-2.44610465,0.0,0.0,-0.20529354,1.3380002
1760624781.498,5.1896787,0.60142126,-3.63244893,0.03428628,0.95915319,0.01305584,80.0,-7.0,0.0,80.0,1.3962634,0.0,0.0,0.0,80.0,-7.0,0.0,80.0,1.3962634,0.0,0.0,0.0,-8.65648888,-1.18279223,1.7009035,4.71876057,-3.10723378,0.82943665,7.02076823,2.80693285,-6.17173825,0.86835263,5.71071242,-2.32082992,-2.352845,0.0,0.0,-0.21737607,1.3492178
1760624781.532,4.70552948,0.64153221,-3.69368193,0.03392904,0.95901474,0.01315166,80.0,-7.0,0.0,80.0,1.3962634,0.0,0.0,0.0,80.0,-7.0,0.0,80.0,1.3962634,0.0,0.0,0.0,-8.22246104,-1.19523597,1.75481093,4.76545161,-3.10935501,0.82171095,7.25369305,2.89172372,-6.41631345,0.8247367,5.78414002,-2.31790032,-2.38821997,0.0,0.0,-0.2242759,1.35794727
1760624781.598,4.5046612,0.66568014,-3.6909135,0.03452626,0.9591715,0.01292873,80.0,-7.0,0.0,80.0,1.3962634,0.0,0.0,0.0,80.0,-7.0,0.0,80.0,1.3962634,0.0,0.0,0.0,-8.12669085,-1.18754767,1.81942867,4.86353629,-3.11890671,0.75971583,8.06818175,2.94338933,-7.26693617,0.66374233,5.95557953,-2.29682444,-2.34650347,0.0,0.0,-0.22889994,1.38849379
1760624781.632,4.75362422,0.69191097,-3.69431468,0.03241221,0.95963213,0.01265754,80.0,-7.0,0.0,80.0,1.3962634,0.0,0.0,0.0,80.0,-7.0,0.0,80.0,1.3962634,0.0,0.0,0.0,-8.43443515,-1.22821459,1.83720693,4.93395513,-3.11715624,0.69459049,8.81202488,3.0186782,-8.03021534,0.53460047,6.06154515,-2.27769698,-2.3145401,0.0,0.0,-0.22656726,1.40855894
1760624781.665,5.07066108,0.70576138,-3.687313,0.0322185,0.96017068,0.01278351,80.0,-7.0,0.0,80.0,1.3962634,0.0,0.0,0.0,80.0,-7.0,0.0,80.0,1.3962634,0.0,0.0,0.0,-8.79751043,-1.27832012,1.82538696,5.0078686,-3.11562394,0.66556216,9.37707652,3.06976968,-8.58949817,0.45069092,6.14796897,-2.28608749,-2.31616783,0.0,0.0,-0.23801476,1.43155714
1760624781.732,5.3932231,0.71975695,-3.64089103,0.03195836,0.96003374,0.01273205,80.0,-7.0,0.0,80.0,1.3962634,0.0,0.0,0.0,80.0,-7.0,0.0,80.0,1.3962634,0.0,0.0,0.0,-9.13253291,-1.30713412,1.82230405,5.082702,-3.16959218,0.52467509,10.57391946,3.18313517,-9.76629797,0.28288705,6.21111569,-2.27469048,-2.2155854,0.0,0.0,-0.26238782,1.43759335
1760624781.766,5.6014251,0.73049283,-3.58592889,0.03151978,0.96002178,0.01270583,80.0,-7.0,0.0,80.0,1.3962634,0.0,0.0,0.0,80.0,-7.0,0.0,80.0,1.3962634,0.0,0.0,0.0,-9.28736746,-1.30177396,1.8095815,5.05506034,-3.21812211,0.42030333,11.19207746,3.22844203,-10.38462321,0.17659272,6.20243796,-2.24876742,-2.20812271,0.0,0.0,-0.28314671,1.42423388
1760624781.799,5.90383924,0.6760256,-3.51314161,0.02972011,0.96002067,0.01261497,80.0,-7.0,0.0,80.0,1.3962634,0.0,0.0,0.0,80.0,-7.0,0.0,80.0,1.3962634,0.0,0.0,0.0,-9.62209821,-1.21296517,1.77021077,5.08740822,-3.30548481,0.35746377,12.05342775,3.2931476,-11.20536387,0.03830853,6.29392406,-2.19948825,-2.23713038,0.0,0.0,-0.31578897,1.39207186
1760624781.866,6.19720345,0.61891599,-3.38720502,0.02989109,0.9602698,0.01212513,80.0,-7.0,0.0,80.0,1.3962634,0.0,0.0,0.0,80.0,-7.0,0.0,80.0,1.3962634,0.0,0.0,0.0,-9.89655708,-1.12937877,1.72781509,5.09482539,-3.41592442,0.24584239,12.90350095,3.33124907,-12.07730668,-0.08702428,6.34897913,-2.2028174,-2.18110302,0.0,0.0,-0.3036675,1.40960708
1760624781.9,6.21799173,0.61935652,-3.37260412,0.02980105,0.96059497,0.01210401,80.0,-7.0,0.0,80.0,1.3962634,0.0,0.0,0.0,80.0,-7.0,0.0,80.0,1.3962634,0.0,0.0,0.0,-9.89378318,-1.12452996,1.72973156,5.07683808,-3.42016102,0.25932329,12.91153386,3.28081814,-12.05925466,-0.10641806,6.34481254,-2.20546001,-2.15278971,0.0,0.0,-0.29054826,1.40358588
1760624781.933,6.28372713,0.6203082,-3.3288317,0.03050956,0.96079406,0.01209184,80.0,-7.0,0.0,80.0,1.3962634,0.0,0.0,0.0,80.0,-7.0,0.0,80.0,1.3962634,0.0,0.0,0.0,-9.86625876,-1.12240755,1.71654644,4.99780961,-3.42674063,0.14883699,12.8828743,3.28118436,-12.02272972,-0.09436407,6.26071825,-2.20912146,-2.11565708,0.0,0.0,-0.27537492,1.4279416
1760624781.966,6.30290725,0.62955349,-3.31284106,0.03059883,0.96069254,0.01199026,80.0,-7.0,0.0,80.0,1.3962634,0.0,0.0,0.0,80.0,-7.0,0.0,80.0,1.3962634,0.0,0.0,0.0,-9.86850896,-1.11946839,1.70933931,4.99785736,-3.42336676,0.09857888,12.88570571,3.20513576,-12.01047073,-0.10612637,6.24263039,-2.18253338,-2.08745715,0.0,0.0,-0.2718437,1.44761548
1760624782.0,6.3424638,0.65206363,-3.25901994,0.03062851,0.9606115,0.01184226,80.0,-7.0,0.0,80.0,1.3962634,0.0,0.0,0.0,80.0,-7.0,0.0,80.0,1.3962634,0.0,0.0,0.0,-9.89146882,-1.11198859,1.71626449,4.98204049,-3.43458472,-0.03259718,12.91312544,3.20668069,-12.01302514,-0.11655458,6.21885554,-2.13151186,-2.00478504,0.0,0.0,-0.25470153,1.46544452
1760624782.033,6.38585046,0.66890035,-3.1884777,0.03146371,0.96055912,0.01220559,80.0,-7.0,0.0,80.0,1.3962634,0.0,0.0,0.0,80.0,-7.0,0.0,80.0,1.3962634,0.0,0.0,0.0,-9.92365218,-1.12523158,1.73465039,4.93654994,-3.39720911,-0.1243879,12.97347036,3.25271521,-12.05654799,-0.11998772,6.20888091,-2.1240128,-1.88721035,0.0,0.0,-0.22660198,1.51838461
1760624782.067,6.44952704,0.67490436,-3.14128173,0.03150741,0.96063226,0.01238452,80.0,-7.0,0.0,80.0,1.3962634,0.0,0.0,0.0,80.0,-7.0,0.0,80.0,1.3962634,0.0,0.0,0.0,-9.94224866,-1.13007106,1.72907668,4.84895511,-3.34802131,-0.13390578,12.98713523,3.21343962,-12.07052595,-0.14038001,6.17811681,-2.13924612,-1.84346947,0.0,0.0,-0.20259023,1.55166835
1760624782.1,6.84129421,0.65939117,-2.84823221,0.03191306,0.96109001,0.01142259,80.0,-7.0,0.0,80.0,1.3962634,0.0,0.0,0.0,80.0,-7.0,0.0,80.0,1.3962634,0.0,0.0,0.0,-10.29302915,-1.08143083,1.46191135,4.76083386,-3.33023456,-0.13596732,13.02016048,3.20524377,-12.1100839,-0.14334399,6.14274722,-2.14636136,-1.87098302,0.0,0.0,-0.17391711,1.56653407
1760624782.134,6.8578526,0.64847022,-2.81574078,0.03197205,0.96116049,0.01117956,80.0,-7.0,0.0,80.0,1.3962634,0.0,0.0,0.0,80.0,-7.0,0.0,80.0,1.3962634,0.0,0.0,0.0,-10.25266873,-1.08327657,1.44274903,4.65290303,-3.3397123,-0.14599102,13.00550521,3.2308136,-12.09010404,-0.1055075,6.07173032,-2.1926643,-1.95933176,0.0,0.0,-0.11586762,1.60787707
1760624782.167,6.87748489,0.64338863,-2.7903735,0.03091192,0.9610409,0.0111976,80.0,-7.0,0.0,80.0,1.3962634,0.0,0.0,0.0,80.0,-7.0,0.0,80.0,1.3962634,0.0,0.0,0.0,-10.19657396,-1.08549815,1.41653023,4.52273597,-3.36765764,-0.13606785,12.9477177,3.23690045,-11.98813499,-0.08771429,5.94178129,-2.22187682,-2.0188846,0.0,0.0,-0.10721886,1.61760813
1760624782.2,6.73491654,0.65511604,-2.63748858,0.03145961,0.96047408,0.01052673,80.0,-7.0,0.0,80.0,1.3962634,0.0,0.0,0.0,80.0,-7.0,0.0,80.0,1.3962634,0.0,0.0,0.0,-10.02277852,-1.08191805,1.27198469,4.45440056,-3.40854402,-0.15869326,12.56117589,3.35193735,-11.58462232,0.00985848,5.84300723,-2.22736182,-2.04312391,0.0,0.0,-0.11962184,1.58331713
1760624782.267,6.77070328,0.6353805,-2.58873796,0.03234225,0.96033404,0.01061331,80.0,-7.0,0.0,80.0,1.3962634,0.0,0.0,0.0,80.0,-7.0,0.0,80.0,1.3962634,0.0,0.0,0.0,-9.93391525,-1.12286041,1.26075629,4.21503455,-3.40868842,-0.2819073,12.56952499,3.36444629,-11.56867167,0.03912159,5.54956604,-2.20296626,-2.12459862,0.0,0.0,-0.1314554,1.59536964
1760624782.301,6.48394109,0.66834702,-2.37858582,0.0313824,0.95949262,0.01037557,80.0,-7.0,0.0,80.0,1.3962634,0.0,0.0,0.0,80.0,-7.0,0.0,80.0,1.3962634,0.0,0.0,0.0,-9.58708244,-1.14545656,1.11358942,4.09472212,-3.36397906,-0.30774488,12.31480429,3.38309793,-11.32949992,0.08010536,5.41160474,-2.17290542,-2.06698694,0.0,0.0,-0.12195994,1.58116352
1760624782.334,6.52026295,0.63800487,-2.33241834,0.03182818,0.95947463,0.01051924,80.0,-7.0,0.0,80.0,1.3962634,0.0,0.0,0.0,80.0,-7.0,0.0,80.0,1.3962634,0.0,0.0,0.0,-9.5277591,-1.17807494,1.11257325,3.92022827,-3.28029229,-0.32386004,12.30780147,3.34250163,-11.33020251,0.08016643,5.26402129,-2.1703583,-2.05140007,0.0,0.0,-0.11407978,1.6395957
1760624782.368,6.43387424,0.57139487,-2.16336363,0.03163737,0.95908625,0.01063973,80.0,-7.0,0.0,80.0,1.3962634,0.0,0.0,0.0,80.0,-7.0,0.0,80.0,1.3962634,0.0,0.0,0.0,-9.26710106,-1.12023743,1.05014114,3.69233983,-3.24096978,-0.48206267,12.00983451,3.40744829,-11.02849785,0.13883481,5.01970274,-2.14154567,-1.9997075,0.0,0.0,-0.08993241,1.66397076
1760624782.401,6.45892795,0.54873721,-2.12111454,0.03162756,0.95908163,0.01087615,80.0,-7.0,0.0,80.0,1.3962634,0.0,0.0,0.0,80.0,-7.0,0.0,80.0,1.3962634,0.0,0.0,0.0,-9.21748467,-1.11664007,1.05188151,3.57933467,-3.21592835,-0.55311333,12.01080246,3.48011859,-11.03782495,0.16032013,4.92526333,-2.10676977,-1.99376262,0.0,0.0,-0.09178788,1.67387865
1760624782.435,6.4633828,0.51113713,-2.081137,0.03151379,0.9590995,0.01108342,80.0,-7.0,0.0,80.0,1.3962634,0.0,0.0,0.0,80.0,-7.0,0.0,80.0,1.3962634,0.0,0.0,0.0,-9.16858553,-1.09984768,1.04533283,3.47797309,-3.17575253,-0.59350556,12.02412263,3.39511361,-11.03036615,0.12026026,4.82499421,-2.08328165,-1.94120777,0.0,0.0,-0.09526106,1.66976584
1760624782.468,6.47721081,0.47738275,-2.02777749,0.02997302,0.95941626,0.01170671,80.0,-7.0,0.0,80.0,1.3962634,0.0,0.0,0.0,80.0,-7.0,0.0,80.0,1.3962634,0.0,0.0,0.0,-9.10218778,-1.07023078,1.0543915,3.36184155,-3.17493336,-0.63266931,12.00407348,3.42336503,-11.00179534,0.14608128,4.7059524,-2.05831074,-1.85466354,0.0,0.0,-0.08994073,1.66201435
1760624782.502,6.46983458,0.45850408,-1.98800912,0.0302555,0.9597743,0.01209211,80.0,-7.0,0.0,80.0,1.3962634,0.0,0.0,0.0,80.0,-7.0,0.0,80.0,1.3962634,0.0,0.0,0.0,-9.09690641,-1.06294965,1.07447843,3.32985199,-3.15279699,-0.56002093,12.01103864,3.32457684,-11.0088782,0.13066981,4.69626475,-2.06098145,-1.81159717,0.0,0.0,-0.10022195,1.64266195
1760624782.535,6.61174888,0.28915465,-1.82963321,0.02956144,0.9604853,0.01291517,80.0,-7.0,0.0,80.0,1.3962634,0.0,0.0,0.0,80.0,-7.0,0.0,80.0,1.3962634,0.0,0.0,0.0,-9.21841364,-0.89115866,0.95319316,3.27203343,-3.12567102,-0.48194385,12.26323118,3.23698437,-11.24394015,0.05972473,4.659586,-2.0593468,-1.79985263,0.0,0.0,-0.08813467,1.64634898
1760624782.569,6.62686701,0.29215817,-1.80967676,0.02944422,0.96090733,0.0135286,80.0,-7.0,0.0,80.0,1.3962634,0.0,0.0,0.0,80.0,-7.0,0.0,80.0,1.3962634,0.0,0.0,0.0,-9.21541866,-0.89092927,0.95636491,3.2452529,-3.12471689,-0.47290785,12.26138698,3.19894865,-11.24711443,0.07808737,4.64258207,-2.05106475,-1.7625331,0.0,0.0,-0.0523931,1.69973126
1760624782.602,6.06507312,0.27117144,-1.6178332,0.03305461,0.95989,0.01335272,80.0,-7.0,0.0,80.0,1.3962634,0.0,0.0,0.0,80.0,-7.0,0.0,80.0,1.3962634,0.0,0.0,0.0,-8.41838099,-0.82441838,0.90325136,3.00197579,-3.09294447,-0.55107058,11.14845281,3.20921484,-10.14627233,0.25263976,4.36998517,-2.00350016,-1.71087168,0.0,0.0,-0.00732433,1.71166757
1760624782.635,5.44327049,0.28644791,-1.46517996,0.03558918,0.95894957,0.01333992,80.0,-7.0,0.0,80.0,1.3962634,0.0,0.0,0.0,80.0,-7.0,0.0,80.0,1.3962634,0.0,0.0,0.0,-7.65887522,-0.80476279,0.79358291,2.88251733,-3.07009955,-0.60762739,10.66076244,3.24199043,-9.67480756,0.35010847,4.22509586,-1.97773393,-1.70782292,0.0,0.0,-0.00925576,1.68651485
1760624782.669,5.51760017,0.30696911,-1.42571348,0.03317657,0.95991978,0.01378493,80.0,-7.0,0.0,80.0,1.3962634,0.0,0.0,0.0,80.0,-7.0,0.0,80.0,1.3962634,0.0,0.0,0.0,-7.577049,-0.80860825,0.79976566,2.76069567,-3.04044785,-0.69370801,10.65835249,3.23113229,-9.70527546,0.31375729,4.05308671,-1.93943689,-1.66136142,0.0,0.0,0.03566536,1.69088503
1760624782.702,5.6219127,0.34730001,-1.37936725,0.03322545,0.96053963,0.0142162,80.0,-7.0,0.0,80.0,1.3962634,0.0,0.0,0.0,80.0,-7.0,0.0,80.0,1.3962634,0.0,0.0,0.0,-7.49177856,-0.82771501,0.7684041,2.62225947,-3.02399042,-0.74195639,10.73675774,3.25798647,-9.80086147,0.31055924,3.87709937,-1.9229299,-1.60954145,0.0,0.0,0.03336503,1.68453948
1760624782.736,5.76830588,0.43362731,-1.29298469,0.03407051,0.96054294,0.01410594,80.0,-7.0,0.0,80.0,1.3962634,0.0,0.0,0.0,80.0,-7.0,0.0,80.0,1.3962634,0.0,0.0,0.0,-7.54107393,-0.89718156,0.65355829,2.53917518,-3.00647791,-0.70639105,10.97939873,3.26871267,-10.01731988,0.26911342,3.80326731,-1.93139232,-1.59066277,0.0,0.0,0.03016465,1.66309439
1760624782.769,5.81837588,0.43815145,-1.2746507,0.03457843,0.96038673,0.01415344,80.0,-7.0,0.0,80.0,1.3962634,0.0,0.0,0.0,80.0,-7.0,0.0,80.0,1.3962634,0.0,0.0,0.0,-7.49370643,-0.90454694,0.64793249,2.45780159,-3.00463613,-0.7531016,11.02363211,3.31365318,-9.99868965,0.26627554,3.73460792,-1.95453508,-1.53253495,0.0,0.0,0.04006547,1.66306203
1760624782.803,5.87694232,0.45494987,-1.26378084,0.03393493,0.96019561,0.014067,80.0,-7.0,0.0,80.0,1.3962634,0.0,0.0,0.0,80.0,-7.0,0.0,80.0,1.3962634,0.0,0.0,0.0,-7.42543855,-0.90933458,0.62997422,2.37259255,-3.03980879,-0.78100224,10.97833282,3.27687152,-9.94988122,0.26360111,3.65871105,-1.95748978,-1.50669975,0.0,0.0,0.04060743,1.65315879
1760624782.836,5.93537674,0.51107533,-1.19686076,0.03329594,0.9601234,0.01370983,80.0,-7.0,0.0,80.0,1.3962634,0.0,0.0,0.0,80.0,-7.0,0.0,80.0,1.3962634,0.0,0.0,0.0,-7.46178309,-0.9611624,0.56640028,2.39284031,-3.04734851,-0.69013475,10.55471712,3.20421493,-9.54881051,0.31783606,3.68595738,-1.96155223,-1.43645862,0.0,0.0,0.01477625,1.62899874
1760624782.87,5.95785099,0.5196445,-1.19835648,0.03235818,0.96009719,0.01367603,80.0,-7.0,0.0,80.0,1.3962634,0.0,0.0,0.0,80.0,-7.0,0.0,80.0,1.3962634,0.0,0.0,0.0,-7.48714928,-0.95500214,0.55672885,2.42421375,-3.07035373,-0.61396391,10.57313938,3.15377217,-9.54989358,0.29363011,3.74140849,-1.9365311,-1.37807141,0.0,0.0,-0.01337849,1.62202242
1760624782.903,6.24641177,0.55040447,-1.17007386,0.03310721,0.96047773,0.01355063,80.0,-7.0,0.0,80.0,1.3962634,0.0,0.0,0.0,80.0,-7.0,0.0,80.0,1.3962634,0.0,0.0,0.0,-7.74672582,-0.96913674,0.48814256,2.41855179,-3.11086568,-0.6889518,10.94161013,3.14697399,-9.87407501,0.25391007,3.78427838,-1.89814787,-1.38933589,0.0,0.0,-0.01304188,1.63639162
1760624782.936,6.25286481,0.54962242,-1.16046265,0.03320287,0.96059602,0.01357367,80.0,-7.0,0.0,80.0,1.3962634,0.0,0.0,0.0,80.0,-7.0,0.0,80.0,1.3962634,0.0,0.0,0.0,-7.74157289,-0.97128773,0.49620286,2.41229039,-3.1021832,-0.63929552,10.93623737,3.14817145,-9.87088598,0.25821696,3.79795135,-1.87933597,-1.3591372,0.0,0.0,-0.01637392,1.6375523
1760624783.003,6.54775116,0.57508712,-1.10815661,0.0337158,0.96106485,0.01331006,80.0,-7.0,0.0,80.0,1.3962634,0.0,0.0,0.0,80.0,-7.0,0.0,80.0,1.3962634,0.0,0.0,0.0,-8.08153274,-0.96666793,0.44806305,2.51794694,-3.0986298,-0.51547525,10.6335287,3.03780373,-9.58338688,0.29716238,3.87600266,-1.79487199,-1.36193601,0.0,0.0,-0.05128343,1.59784638
1760624783.037,6.59204983,0.58121193,-1.09575122,0.03239564,0.96125747,0.01358379,80.0,-7.0,0.0,80.0,1.3962634,0.0,0.0,0.0,80.0,-7.0,0.0,80.0,1.3962634,0.0,0.0,0.0,-8.05864137,-0.9643932,0.44976536,2.45549846,-3.0831581,-0.54355101,10.61187423,3.05241821,-9.55976814,0.28203835,3.7955975,-1.77447433,-1.36501167,0.0,0.0,-0.02806297,1.61930671
1760624783.07,6.62224342,0.58182771,-1.08853769,0.03269355,0.96108497,0.01350337,80.0,-7.0,0.0,80.0,1.3962634,0.0,0.0,0.0,80.0,-7.0,0.0,80.0,1.3962634,0.0,0.0,0.0,-8.04718863,-0.95851149,0.44876014,2.43333179,-3.07259217,-0.62776623,10.59845997,3.12162628,-9.57627059,0.2912235,3.74875949,-1.76274782,-1.35349175,0.0,0.0,-0.03945231,1.601657
1760624783.104,6.66465459,0.57664399,-1.03677134,0.0335146,0.9610944,0.01356153,80.0,-7.0,0.0,80.0,1.3962634,0.0,0.0,0.0,80.0,-7.0,0.0,80.0,1.3962634,0.0,0.0,0.0,-8.00331702,-0.95422647,0.48190847,2.36498216,-3.06779683,-0.79227562,10.59224028,3.20562282,-9.61750305,0.30860701,3.64580804,-1.76992959,-1.34817618,0.0,0.0,-0.03859269,1.60838058
1760624783.137,6.68068855,0.56340833,-0.99409875,0.03516683,0.96098214,0.01358281,80.0,-7.0,0.0,80.0,1.3962634,0.0,0.0,0.0,80.0,-7.0,0.0,80.0,1.3962634,0.0,0.0,0.0,-7.90760723,-0.9372453,0.50492333,2.26711779,-3.0738023,-0.95128146,10.5660749,3.30247091,-9.62936219,0.31989182,3.51180201,-1.771886,-1.34135879,0.0,0.0,-0.01576058,1.61821996
1760624783.171,6.67525785,0.5605463,-0.99402021,0.03539319,0.9612249,0.01363791,80.0,-7.0,0.0,80.0,1.3962634,0.0,0.0,0.0,80.0,-7.0,0.0,80.0,1.3962634,0.0,0.0,0.0,-7.89684888,-0.92933569,0.50041818,2.27489493,-3.08286577,-1.04753438,10.56942653,3.36375768,-9.6469006,0.32394392,3.51973724,-1.77270831,-1.4219751,0.0,0.0,-0.01967084,1.60246104
1760624783.204,6.63941616,0.50686485,-0.95848313,0.03466317,0.96120432,0.01356361,80.0,-7.0,0.0,80.0,1.3962634,0.0,0.0,0.0,80.0,-7.0,0.0,80.0,1.3962634,0.0,0.0,0.0,-7.86686706,-0.84290877,0.47595968,2.28960842,-3.11876964,-1.14755217,10.94391864,3.42974225,-10.03542974,0.2620467,3.56125361,-1.76093417,-1.49918416,0.0,0.0,-0.02445514,1.58879635
1760624783.238,6.67084326,0.50741841,-0.93565861,0.03304688,0.9610629,0.01360962,80.0,-7.0,0.0,80.0,1.3962634,0.0,0.0,0.0,80.0,-7.0,0.0,80.0,1.3962634,0.0,0.0,0.0,-7.97438416,-0.82379663,0.43937637,2.38125967,-3.1447987,-1.23793227,11.34402407,3.50591206,-10.43870516,0.21002772,3.68609656,-1.76910223,-1.5720278,0.0,0.0,-0.02209916,1.5968596
1760624783.304,6.90529044,0.47304576,-0.92794818,0.02889844,0.96129242,0.01330069,80.0,-7.0,0.0,80.0,1.3962634,0.0,0.0,0.0,80.0,-7.0,0.0,80.0,1.3962634,0.0,0.0,0.0,-8.41418282,-0.73210353,0.37609427,2.61388505,-3.2392133,-1.40511302,11.92724229,3.69111193,-10.99223491,0.13431049,4.03196842,-1.77910714,-1.7115515,0.0,0.0,-0.02606005,1.58852177
1760624783.338,6.87985731,0.48483495,-0.92440678,0.02792425,0.96096396,0.01318423,80.0,-7.0,0.0,80.0,1.3962634,0.0,0.0,0.0,80.0,-7.0,0.0,80.0,1.3962634,0.0,0.0,0.0,-8.45834255,-0.70632545,0.3661035,2.70495361,-3.3136044,-1.46388453,11.92048488,3.79413766,-11.01443621,0.15507744,4.14600927,-1.77741125,-1.75842766,0.0,0.0,-0.02652906,1.58215801
1760624783.371,6.83791604,0.49707976,-0.93302465,0.02794971,0.96085666,0.01310898,80.0,-7.0,0.0,80.0,1.3962634,0.0,0.0,0.0,80.0,-7.0,0.0,80.0,1.3962634,0.0,0.0,0.0,-8.50399175,-0.68908779,0.33814857,2.80283358,-3.36692336,-1.52907898,11.96188395,3.88921355,-11.03578481,0.14355462,4.28950527,-1.77328097,-1.80381467,0.0,0.0,-0.02574675,1.57632936
1760624783.405,6.69664796,0.53444558,-0.89675959,0.02914471,0.96079434,0.01295527,80.0,-7.0,0.0,80.0,1.3962634,0.0,0.0,0.0,80.0,-7.0,0.0,80.0,1.3962634,0.0,0.0,0.0,-8.41601609,-0.6803718,0.26738297,2.87911736,-3.44983484,-1.67508137,12.16174903,3.99470231,-11.20442801,0.10049626,4.41475646,-1.76400278,-1.83401627,0.0,0.0,-0.01578054,1.57110838
1760624783.438,6.65233177,0.56722228,-0.8513962,0.03039304,0.96052818,0.01279319,80.0,-7.0,0.0,80.0,1.3962634,0.0,0.0,0.0,80.0,-7.0,0.0,80.0,1.3962634,0.0,0.0,0.0,-8.43100663,-0.67354414,0.20271181,2.98429894,-3.51439724,-1.77391451,12.73512144,4.04268362,-11.78293739,0.03790539,4.52595679,-1.75245447,-1.85150424,0.0,0.0,0.0027121,1.57354321
1760624783.472,6.67076017,0.58242337,-0.84243302,0.02977404,0.9605009,0.01268998,80.0,-7.0,0.0,80.0,1.3962634,0.0,0.0,0.0,80.0,-7.0,0.0,80.0,1.3962634,0.0,0.0,0.0,-8.45370698,-0.66551561,0.19396054,3.04947509,-3.56476665,-1.99958625,12.802665,4.27203789,-11.84789701,0.07374642,4.61159769,-1.73246333,-1.80914856,0.0,0.0,0.01002482,1.55694352
1760624783.505,6.91368777,0.63331938,-0.829177,0.02988934,0.96088503,0.01258237,80.0,-7.0,0.0,80.0,1.3962634,0.0,0.0,0.0,80.0,-7.0,0.0,80.0,1.3962634,0.0,0.0,0.0,-8.76256809,-0.69005088,0.08723975,3.16588052,-3.60677382,-2.05173883,13.11336456,4.31765015,-12.15167923,0.01391491,4.77095258,-1.71550626,-1.90061066,0.0,0.0,0.01995406,1.56020214
1760624783.539,6.66240208,0.68399495,-0.7922446,0.03399312,0.95975046,0.01269543,80.0,-7.0,0.0,80.0,1.3962634,0.0,0.0,0.0,80.0,-7.0,0.0,80.0,1.3962634,0.0,0.0,0.0,-8.64753334,-0.73175925,0.05320061,3.35144499,-3.62241561,-2.13928263,13.65811333,4.37229708,-12.70969475,-0.0554376,4.98732331,-1.73936728,-1.90173854,0.0,0.0,0.04671104,1.59356376
1760624783.572,6.87083463,0.70520441,-0.79085437,0.03165961,0.9603466,0.01329302,80.0,-7.0,0.0,80.0,1.3962634,0.0,0.0,0.0,80.0,-7.0,0.0,80.0,1.3962634,0.0,0.0,0.0,-8.95410856,-0.76417473,0.02603484,3.50657951,-3.62687098,-2.20930723,14.10802329,4.49076166,-13.14150159,-0.1118927,5.24250916,-1.7703647,-2.02350547,0.0,0.0,0.03333596,1.565864
1760624783.606,7.13413485,0.69215921,-0.79621354,0.03037851,0.96103189,0.01329912,80.0,-7.0,0.0,80.0,1.3962634,0.0,0.0,0.0,80.0,-7.0,0.0,80.0,1.3962634,0.0,0.0,0.0,-9.27899697,-0.75597159,0.01172548,3.61796266,-3.63601798,-2.28468551,14.44152741,4.54389483,-13.48993584,-0.14652598,5.40849299,-1.81423738,-2.01398253,0.0,0.0,0.02928662,1.58275526
1760624783.639,7.12239091,0.68326147,-0.80707836,0.03041179,0.96092146,0.01331114,80.0,-7.0,0.0,80.0,1.3962634,0.0,0.0,0.0,80.0,-7.0,0.0,80.0,1.3962634,0.0,0.0,0.0,-9.34527119,-0.75462345,0.00305561,3.74490587,-3.63451175,-2.28635435,14.46125011,4.58073713,-13.5118251,-0.15176505,5.57656938,-1.87728228,-1.97539424,0.0,0.0,0.04472653,1.60670726
1760624783.672,7.51721408,0.62064211,-0.85453927,0.03008503,0.9613306,0.01285982,80.0,-7.0,0.0,80.0,1.3962634,0.0,0.0,0.0,80.0,-7.0,0.0,80.0,1.3962634,0.0,0.0,0.0,-9.86149807,-0.67209838,-0.01347593,3.92348063,-3.69572758,-2.35279796,14.88130475,4.74559335,-13.90374247,-0.14961265,5.82878435,-1.90365765,-2.00322093,0.0,0.0,0.03476038,1.60299551
1760624783.706,7.53919271,0.62031202,-0.85309846,0.02988773,0.96135586,0.01263107,80.0,-7.0,0.0,80.0,1.3962634,0.0,0.0,0.0,80.0,-7.0,0.0,80.0,1.3962634,0.0,0.0,0.0,-9.89884113,-0.64989653,-0.0049892,3.98099481,-3.72655893,-2.42437853,14.90121751,4.79063831,-13.92288864,-0.16032165,5.91708657,-1.91380526,-1.99323001,0.0,0.0,0.06061526,1.60704601
1760624783.739,7.58713985,0.60685662,-0.87118614,0.02978506,0.96128764,0.01225572,80.0,-7.0,0.0,80.0,1.3962634,0.0,0.0,0.0,80.0,-7.0,0.0,80.0,1.3962634,0.0,0.0,0.0,-9.98604457,-0.6245566,-0.00771684,4.06999469,-3.76212206,-2.45174647,14.90279538,4.81316787,-13.95757127,-0.15317881,6.01688939,-1.93719693,-2.00051795,0.0,0.0,0.06835586,1.60284929
1760624783.773,7.96992562,0.57771698,-0.92917021,0.02979936,0.96167411,0.01108725,80.0,-7.0,0.0,80.0,1.3962634,0.0,0.0,0.0,80.0,-7.0,0.0,80.0,1.3962634,0.0,0.0,0.0,-10.45465876,-0.60648209,0.00943765,4.202407,-3.80559534,-2.50405346,15.1056431,4.89569798,-14.15854733,-0.12910669,6.16545499,-2.00963149,-2.03884536,0.0,0.0,0.06150719,1.61546538
1760624783.806,7.97426657,0.57893575,-0.93968363,0.02980403,0.96163525,0.01091127,80.0,-7.0,0.0,80.0,1.3962634,0.0,0.0,0.0,80.0,-7.0,0.0,80.0,1.3962634,0.0,0.0,0.0,-10.45376737,-0.59313369,0.00408555,4.2041827,-3.83458084,-2.59480518,15.12457171,4.9910805,-14.13782001,-0.11777203,6.1841228,-2.00517453,-2.0583348,0.0,0.0,0.06842853,1.60491097
1760624783.84,7.95648902,0.57987029,-0.9204229,0.03061402,0.96149865,0.01065064,80.0,-7.0,0.0,80.0,1.3962634,0.0,0.0,0.0,80.0,-7.0,0.0,80.0,1.3962634,0.0,0.0,0.0,-10.44317629,-0.57406298,0.03375421,4.23699788,-3.87255988,-2.6644145,15.09541207,5.04783954,-14.13854734,-0.08724507,6.20142195,-2.01122072,-2.01938168,0.0,0.0,0.08841068,1.63059095
1760624783.873,7.9206009,0.57649374,-0.90603968,0.03184216,0.961335,0.01034443,80.0,-7.0,0.0,80.0,1.3962634,0.0,0.0,0.0,80.0,-7.0,0.0,80.0,1.3962634,0.0,0.0,0.0,-10.45279448,-0.56985821,0.05652365,4.30808813,-3.90127227,-2.80106801,15.12958083,5.08671283,-14.182005,-0.07145102,6.28160751,-2.02991413,-2.01953831,0.0,0.0,0.081693,1.64603278
1760624783.907,7.96778656,0.53851878,-0.92365401,0.03129466,0.96116983,0.0102117,80.0,-7.0,0.0,80.0,1.3962634,0.0,0.0,0.0,80.0,-7.0,0.0,80.0,1.3962634,0.0,0.0,0.0,-10.58990227,-0.52372819,0.09648125,4.39874418,-3.94014643,-2.88201016,15.80031856,5.02619766,-14.84342094,-0.17028832,6.40772022,-2.02096087,-2.04418706,0.0,0.0,0.08447733,1.63422462
1760624783.94,8.09749324,0.48056494,-0.93913314,0.03035286,0.96103479,0.01054786,80.0,-7.0,0.0,80.0,1.3962634,0.0,0.0,0.0,80.0,-7.0,0.0,80.0,1.3962634,0.0,0.0,0.0,-10.79154731,-0.46753527,0.11447242,4.47192715,-3.97630282,-2.8699953,16.12106071,4.96276322,-15.15320626,-0.2225875,6.51490517,-2.01243229,-2.06580837,0.0,0.0,0.10134756,1.66710621
1760624783.973,8.07767613,0.46543618,-0.94148793,0.02989889,0.96057608,0.01033118,80.0,-7.0,0.0,80.0,1.3962634,0.0,0.0,0.0,80.0,-7.0,0.0,80.0,1.3962634,0.0,0.0,0.0,-10.82365277,-0.46595445,0.11377037,4.50505541,-4.01835729,-2.9958797,16.15410734,5.03208348,-15.13606544,-0.19707854,6.58417241,-2.01612052,-2.08319998,0.0,0.0,0.13127497,1.6842203
1760624784.007,8.05238413,0.44800017,-0.94212693,0.03048733,0.96047421,0.01056649,80.0,-7.0,0.0,80.0,1.3962634,0.0,0.0,0.0,80.0,-7.0,0.0,80.0,1.3962634,0.0,0.0,0.0,-10.84282967,-0.47876243,0.11074396,4.54793062,-4.05736863,-2.9969059,16.17435396,5.07408647,-15.13540739,-0.1708322,6.62890628,-2.0331277,-2.0892336,0.0,0.0,0.14715602,1.68522688
1760624784.04,8.02669625,0.43043615,-0.95330318,0.03042558,0.96056357,0.01083072,80.0,-7.0,0.0,80.0,1.3962634,0.0,0.0,0.0,80.0,-7.0,0.0,80.0,1.3962634,0.0,0.0,0.0,-10.85798446,-0.49253239,0.09714083,4.57588946,-4.09135911,-2.99936114,16.16973581,5.12544008,-15.12181036,-0.16659383,6.67994878,-2.04786432,-2.11558836,0.0,0.0,0.16153866,1.67318038
1760624784.074,8.01904009,0.40272353,-0.96317897,0.02874913,0.96077628,0.01078964,80.0,-7.0,0.0,80.0,1.3962634,0.0,0.0,0.0,80.0,-7.0,0.0,80.0,1.3962634,0.0,0.0,0.0,-10.87870201,-0.5185345,0.0860987,4.58239651,-4.12286712,-3.0933995,16.18092302,5.23232912,-15.10693091,-0.13686095,6.74036814,-2.06359786,-2.19399567,0.0,0.0,0.16729309,1.64327736
1760624784.107,7.56363444,0.37802746,-0.96886111,0.03042893,0.95990001,0.01074541,80.0,-7.0,0.0,80.0,1.3962634,0.0,0.0,0.0,80.0,-7.0,0.0,80.0,1.3962634,0.0,0.0,0.0,-10.39071271,-0.54276134,0.13838205,4.52806199,-4.11875161,-3.16278482,15.63604436,5.25420802,-14.55353497,-0.07468253,6.71437941,-2.07349938,-2.22852674,0.0,0.0,0.17627011,1.62844056
1760624784.141,7.56178653,0.35312457,-0.96327763,0.02966532,0.96045354,0.01082785,80.0,-7.0,0.0,80.0,1.3962634,0.0,0.0,0.0,80.0,-7.0,0.0,80.0,1.3962634,0.0,0.0,0.0,-10.37423564,-0.58078623,0.15506867,4.5028154,-4.10128483,-3.24753189,15.67294497,5.31602543,-14.60526403,-0.05416594,6.71016001,-2.09411952,-2.23920608,0.0,0.0,0.17675872,1.63478711
1760624784.174,7.60952141,0.35507708,-1.02834055,0.02940095,0.9609965,0.0111006,80.0,-7.0,0.0,80.0,1.3962634,0.0,0.0,0.0,80.0,-7.0,0.0,80.0,1.3962634,0.0,0.0,0.0,-10.38020967,-0.65826912,0.20494019,4.45365517,-4.04961962,-3.38584846,15.99418048,5.34382608,-14.91646226,-0.11834126,6.69110779,-2.10931728,-2.31109052,0.0,0.0,0.1703619,1.64360833
1760624784.208,7.61365901,0.32341818,-1.03973489,0.02948526,0.96148649,0.01113197,80.0,-7.0,0.0,80.0,1.3962634,0.0,0.0,0.0,80.0,-7.0,0.0,80.0,1.3962634,0.0,0.0,0.0,-10.37112246,-0.69220302,0.20016798,4.43341764,-3.99194291,-3.47184684,16.0058469,5.35624819,-14.91898251,-0.10210936,6.6882956,-2.11852039,-2.35719347,0.0,0.0,0.13489524,1.61916931
1760624784.241,7.6342201,0.28299053,-1.04912019,0.02979853,0.96181693,0.01120531,80.0,-7.0,0.0,80.0,1.3962634,0.0,0.0,0.0,80.0,-7.0,0.0,80.0,1.3962634,0.0,0.0,0.0,-10.35377424,-0.74817637,0.22194093,4.39787798,-3.89432145,-3.57216965,16.0467648,5.416888,-14.95274391,-0.0936048,6.66393361,-2.17727384,-2.31914052,0.0,0.0,0.11552675,1.61988236
1760624784.275,7.66811847,0.25761494,-1.16742884,0.02957762,0.96207959,0.01116759,80.0,-7.0,0.0,80.0,1.3962634,0.0,0.0,0.0,80.0,-7.0,0.0,80.0,1.3962634,0.0,0.0,0.0,-10.3837949,-0.7827018,0.34165328,4.36597656,-3.84607697,-3.72733465,16.34351264,5.59520987,-15.2252212,-0.07851634,6.64702923,-2.1762807,-2.11579672,0.0,0.0,0.14533942,1.62945129
1760624784.308,7.67177842,0.2263997,-1.17269117,0.02956095,0.96233738,0.01126114,80.0,-7.0,0.0,80.0,1.3962634,0.0,0.0,0.0,80.0,-7.0,0.0,80.0,1.3962634,0.0,0.0,0.0,-10.39081525,-0.81342253,0.35878962,4.38229749,-3.77836066,-3.70012856,16.35144176,5.60879529,-15.25784777,-0.07589922,6.63367751,-2.20299016,-1.9161689,0.0,0.0,0.16519367,1.60952494
1760624784.341,7.78946787,0.196662,-1.28806483,0.02953764,0.96235129,0.01133855,80.0,-7.0,0.0,80.0,1.3962634,0.0,0.0,0.0,80.0,-7.0,0.0,80.0,1.3962634,0.0,0.0,0.0,-10.55044928,-0.82601555,0.48212007,4.45294583,-3.75471382,-3.69870579,16.61389843,5.55866092,-15.5352951,-0.14946802,6.68579834,-2.19672496,-1.81152001,0.0,0.0,0.14143027,1.58160203
1760624784.375,7.80620239,0.17773001,-1.30571112,0.02974402,0.96234924,0.01139996,80.0,-7.0,0.0,80.0,1.3962634,0.0,0.0,0.0,80.0,-7.0,0.0,80.0,1.3962634,0.0,0.0,0.0,-10.53896525,-0.85457567,0.48709793,4.45959223,-3.75370759,-3.76762602,16.6580335,5.62442556,-15.51556849,-0.12594827,6.67817295,-2.21977197,-1.72698516,0.0,0.01306076,0.1623019,1.60405765
1760624784.408,7.82266903,0.16819027,-1.32113855,0.02995395,0.96212469,0.01143216,80.0,-7.0,0.0,80.0,1.3962634,0.0,0.0,0.0,80.0,-7.0,0.0,80.0,1.3962634,0.0,0.0,0.0,-10.52445122,-0.86899099,0.48190344,4.45614009,-3.75707383,-3.8565648,16.68025571,5.68141316,-15.50331975,-0.12804889,6.69295845,-2.23542808,-1.77307684,0.0,0.05690126,0.16847976,1.62774652
1760624784.442,7.8547576,0.15876881,-1.31818034,0.030201,0.96206916,0.01143272,80.0,-7.0,0.0,80.0,1.3962634,0.0,0.0,0.0,80.0,-7.0,0.0,80.0,1.3962634,0.0,0.0,0.0,-10.48940414,-0.88877767,0.494735,4.45869926,-3.76688196,-3.93425308,16.65300196,5.65393662,-15.53414288,-0.13151833,6.68675088,-2.26047005,-1.81232654,0.0,0.12066127,0.16353465,1.63169863
1760624784.475,7.88998015,0.15506498,-1.3268347,0.03043506,0.9620753,0.01152836,80.0,-7.0,0.0,80.0,1.3962634,0.0,0.0,0.0,80.0,-7.0,0.0,80.0,1.3962634,0.0,0.0,0.0,-10.44191033,-0.92504214,0.51943941,4.40161074,-3.75190031,-4.08420969,16.69469806,5.77379837,-15.5413867,-0.10529086,6.65873909,-2.29624496,-1.81344751,0.0,0.10360945,0.17292454,1.62539416
1760624784.509,7.89212741,0.22400294,-1.47250973,0.03058326,0.96180198,0.01174129,80.0,-7.0,0.0,80.0,1.3962634,0.0,0.0,0.0,80.0,-7.0,0.0,80.0,1.3962634,0.0,0.0,0.0,-10.37829869,-1.03190482,0.64138482,4.36149117,-3.76236558,-4.22871898,17.24500346,5.87496163,-16.09052899,-0.14300237,6.65984501,-2.32078099,-1.91737457,0.0,0.14362195,0.15434221,1.59305317
1760624784.542,7.94314632,0.20566953,-1.48991906,0.0302236,0.96152649,0.01202151,80.0,-7.0,0.0,80.0,1.3962634,0.0,0.0,0.0,80.0,-7.0,0.0,80.0,1.3962634,0.0,0.0,0.0,-10.32070178,-1.06011418,0.66924542,4.31628029,-3.71680859,-4.31003189,17.19646876,5.92874946,-16.11390499,-0.15124978,6.64754595,-2.38350522,-2.03884537,0.0,0.17910403,0.1328137,1.58077397
1760624784.575,7.98183634,0.20310809,-1.50945633,0.03006451,0.96131544,0.01203138,80.0,-7.0,0.0,80.0,1.3962634,0.0,0.0,0.0,80.0,-7.0,0.0,80.0,1.3962634,0.0,0.0,0.0,-10.29124099,-1.07805326,0.70240155,4.28918809,-3.70487638,-4.50734409,17.24623637,6.0471127,-16.16617014,-0.11530912,6.6445061,-2.43339324,-2.1345178,0.0,0.26824017,0.13020245,1.58411191
1760624784.609,8.20427954,0.20902131,-1.63494522,0.02965844,0.96131203,0.01231952,80.0,-7.0,0.0,80.0,1.3962634,0.0,0.0,0.0,80.0,-7.0,0.0,80.0,1.3962634,0.0,0.0,0.0,-10.45992688,-1.09711078,0.83477174,4.25756131,-3.71386716,-4.57011379,17.70448975,6.0399612,-16.61522823,-0.15426464,6.6504912,-2.4529747,-2.17213807,0.0,0.31067954,0.11319182,1.58734745
1760624784.642,8.27360119,0.20695893,-1.64555067,0.03021226,0.96132132,0.01208468,80.0,-7.0,0.0,80.0,1.3962634,0.0,0.0,0.0,80.0,-7.0,0.0,80.0,1.3962634,0.0,0.0,0.0,-10.43944802,-1.08581896,0.87177582,4.19268034,-3.70208774,-4.63474981,17.71369106,6.07553526,-16.61491199,-0.11916517,6.60247297,-2.47888986,-2.12767578,0.0,0.29117845,0.11950871,1.58056857
1760624784.676,8.29444876,0.21281463,-1.65865515,0.03145355,0.96121865,0.01212174,80.0,-7.0,0.0,80.0,1.3962634,0.0,0.0,0.0,80.0,-7.0,0.0,80.0,1.3962634,0.0,0.0,0.0,-10.43036397,-1.07429042,0.8701791,4.18869352,-3.70330109,-4.60691519,17.71893759,6.05092097,-16.6019758,-0.10548892,6.59522015,-2.47537969,-2.08265353,0.0,0.18978478,0.13077588,1.59011484
1760624784.709,8.35466763,0.22635955,-1.66321569,0.0320861,0.96119776,0.01206479,80.0,-7.0,0.0,80.0,1.3962634,0.0,0.0,0.0,80.0,-7.0,0.0,80.0,1.3962634,0.0,0.0,0.0,-10.4314328,-1.06356901,0.89994727,4.14792529,-3.71270641,-4.67721855,17.68738482,5.98357073,-16.5516518,-0.11570989,6.54096846,-2.45579972,-2.01223191,0.0,0.09297288,0.14731808,1.61554753
1760624784.743,8.39673679,0.24190684,-1.66643497,0.0323957,0.9611656,0.01209762,80.0,-7.0,0.0,80.0,1.3962634,0.0,0.0,0.0,80.0,-7.0,0.0,80.0,1.3962634,0.0,0.0,0.0,-10.44655714,-1.06602006,0.9200836,4.15582877,-3.69430308,-4.77658711,17.68951285,6.01381775,-16.55203014,-0.07950274,6.50146626,-2.43831137,-1.95339555,0.0,0.0,0.15879645,1.62895253
1760624784.776,8.39065053,0.25147674,-1.67519398,0.0328374,0.96117711,0.01210272,80.0,-7.0,0.0,80.0,1.3962634,0.0,0.0,0.0,80.0,-7.0,0.0,80.0,1.3962634,0.0,0.0,0.0,-10.45590376,-1.05723709,0.914514,4.16509423,-3.66951669,-4.77321319,17.69523715,6.01392142,-16.55149958,-0.07236774,6.48962812,-2.42322613,-1.93340904,0.0,0.0,0.15467719,1.63499012
1760624784.81,8.61822648,0.33505681,-1.71259145,0.03348037,0.96131885,0.01229185,80.0,-7.0,0.0,80.0,1.3962634,0.0,0.0,0.0,80.0,-7.0,0.0,80.0,1.3962634,0.0,0.0,0.0,-10.67679986,-1.13545588,0.97953089,4.14769767,-3.66045499,-4.88021991,17.9805509,6.03924327,-16.83111954,-0.0807773,6.47395934,-2.42065871,-1.8742109,0.0,0.0,0.16796598,1.66554125
1760624784.843,8.9131498,0.35388632,-1.74619167,0.03249391,0.96157646,0.01254696,80.0,-7.0,0.0,80.0,1.3962634,0.0,0.0,0.0,80.0,-7.0,0.0,80.0,1.3962634,0.0,0.0,0.0,-10.99311594,-1.13322008,1.01633125,4.14098006,-3.6452801,-4.91024239,18.34557466,6.05902318,-17.19525117,-0.12456214,6.49442555,-2.39668262,-1.8102246,0.0,0.0,0.14034528,1.64609362
1760624784.877,9.24641442,0.34995247,-1.75779061,0.03207531,0.96163653,0.01269856,80.0,-7.0,0.0,80.0,1.3962634,0.0,0.0,0.0,80.0,-7.0,0.0,80.0,1.3962634,0.0,0.0,0.0,-11.34730897,-1.11290696,1.03399032,4.13384967,-3.65824855,-4.96296204,18.67122714,6.12405478,-17.52580331,-0.11783298,6.50783065,-2.3938248,-1.74924591,0.0,0.0,0.16752591,1.6742778
1760624784.91,9.25813742,0.36680727,-1.75748049,0.03207559,0.96121383,0.0127754,80.0,-7.0,0.0,80.0,1.3962634,0.0,0.0,0.0,80.0,-7.0,0.0,80.0,1.3962634,0.0,0.0,0.0,-11.36148619,-1.10060027,1.03608157,4.13708056,-3.66634627,-4.98367645,18.66431269,6.05965308,-17.5505086,-0.13853767,6.49020303,-2.38880215,-1.69173592,0.0,0.0,0.17059756,1.70805356
1760624784.944,9.31405032,0.39219072,-1.73252259,0.03301765,0.96093391,0.01237415,80.0,-7.0,0.0,80.0,1.3962634,0.0,0.0,0.0,80.0,-7.0,0.0,80.0,1.3962634,0.0,0.0,0.0,-11.34952883,-1.09445226,1.0572558,4.0428967,-3.69060235,-5.11483319,18.72379451,6.15347562,-17.58751864,-0.10189683,6.39203156,-2.35274409,-1.58537641,0.0,0.0,0.15713873,1.68553774
1760624784.977,9.31384589,0.41324702,-1.72254267,0.03403923,0.96041026,0.01208151,80.0,-7.0,0.0,80.0,1.3962634,0.0,0.0,0.0,80.0,-7.0,0.0,80.0,1.3962634,0.0,0.0,0.0,-11.35023271,-1.08290961,1.06420986,4.02876257,-3.71419708,-5.0955899,18.74068045,6.11384412,-17.5720081,-0.10710095,6.35871345,-2.31617195,-1.53997432,0.0,0.0,0.16668136,1.68626183
1760624785.011,9.25682696,0.51078466,-1.66275535,0.03469069,0.96009858,0.01185372,80.0,-7.0,0.0,80.0,1.3962634,0.0,0.0,0.0,80.0,-7.0,0.0,80.0,1.3962634,0.0,0.0,0.0,-11.24762202,-1.14152334,1.01121306,4.00987657,-3.72598385,-5.08601411,18.49014122,6.04541178,-17.32641701,-0.10249637,6.28557185,-2.28450123,-1.5200115,0.0,0.0,0.15954678,1.68901152
1760624785.077,9.08461731,0.6311303,-1.56403562,0.03529923,0.95931488,0.01156713,80.0,-7.0,0.0,80.0,1.3962634,0.0,0.0,0.0,80.0,-7.0,0.0,80.0,1.3962634,0.0,0.0,0.0,-10.9965329,-1.23939862,0.94792069,3.95823114,-3.71392418,-5.07842474,18.07122829,5.95467783,-16.82525002,-0.06162658,6.13448142,-2.25149008,-1.46615798,0.0,0.0,0.16021278,1.63342963
1760624785.111,8.92860149,0.7420689,-1.48359423,0.03532553,0.95911487,0.0115863,80.0,-7.0,0.0,80.0,1.3962634,0.0,0.0,0.0,80.0,-7.0,0.0,80.0,1.3962634,0.0,0.0,0.0,-10.80630782,-1.34391086,0.86548037,3.92325488,-3.6972254,-5.05522249,17.77423987,5.96009208,-16.49343964,-0.0102154,6.06731889,-2.24290112,-1.44755765,0.0,0.0,0.14727469,1.62956265
1760624785.144,8.75465793,0.85048244,-1.39461137,0.03613763,0.95901198,0.01179121,80.0,-7.0,0.0,80.0,1.3962634,0.0,0.0,0.0,80.0,-7.0,0.0,80.0,1.3962634,0.0,0.0,0.0,-10.57883243,-1.4529486,0.80038798,3.86379579,-3.6410242,-4.95515482,17.28936703,5.94512155,-15.97967508,0.02286339,5.94646923,-2.22353356,-1.38207342,0.0,0.0,0.16139727,1.63013095
1760624785.178,8.62857135,0.96555088,-1.31842346,0.0366559,0.95897396,0.01167697,80.0,-7.0,0.0,80.0,1.3962634,0.0,0.0,0.0,80.0,-7.0,0.0,80.0,1.3962634,0.0,0.0,0.0,-10.41812301,-1.56913973,0.73367504,3.81851144,-3.61828383,-4.93184785,17.10657419,5.94887876,-15.76941112,0.06071628,5.85996868,-2.21129588,-1.32210206,0.0,0.0,0.16310386,1.64740895
1760624785.211,8.49702185,1.02572459,-1.24211305,0.03636209,0.95900036,0.01188797,80.0,-7.0,0.0,80.0,1.3962634,0.0,0.0,0.0,80.0,-7.0,0.0,80.0,1.3962634,0.0,0.0,0.0,-10.22336069,-1.6169864,0.68509107,3.74012359,-3.59363776,-4.88318025,16.73625223,5.90350407,-15.36939099,0.07947374,5.7362295,-2.1721782,-1.2919312,0.0,0.0,0.16104842,1.6500453
1760624785.278,8.36185597,1.0916624,-1.14873795,0.03624377,0.95912017,0.01273966,80.0,-7.0,0.0,80.0,1.3962634,0.0,0.0,0.0,80.0,-7.0,0.0,80.0,1.3962634,0.0,0.0,0.0,-9.98574039,-1.69335573,0.64306819,3.59120101,-3.49960164,-4.7048238,16.02896239,5.86985807,-14.6559072,0.14765745,5.49996104,-2.10934503,-1.25931815,0.0,0.0,0.17246078,1.6561989
1760624785.311,8.33510456,1.0932817,-1.12549048,0.03690357,0.95891188,0.01284661,80.0,-7.0,0.0,80.0,1.3962634,0.0,0.0,0.0,80.0,-7.0,0.0,80.0,1.3962634,0.0,0.0,0.0,-9.90098047,-1.70559325,0.63398682,3.50785715,-3.45458749,-4.68663578,15.97966121,5.90127658,-14.62470502,0.15068865,5.37997787,-2.09609949,-1.23485239,0.0,0.0,0.16253392,1.64774731
1760624785.345,8.12873138,1.11213367,-1.06226722,0.037679,0.95864843,0.01302606,80.0,-7.0,0.0,80.0,1.3962634,0.0,0.0,0.0,80.0,-7.0,0.0,80.0,1.3962634,0.0,0.0,0.0,-9.6474853,-1.7367575,0.57986219,3.41743748,-3.41612057,-4.61394741,15.72223383,5.93845496,-14.34789652,0.20734783,5.26649613,-2.08258739,-1.20102005,0.0,0.0,0.14802402,1.63272201
1760624785.378,7.92288404,1.09543505,-1.00578485,0.03849931,0.95834522,0.01310943,80.0,-7.0,0.0,80.0,1.3962634,0.0,0.0,0.0,80.0,-7.0,0.0,80.0,1.3962634,0.0,0.0,0.0,-9.38999561,-1.73189261,0.5414391,3.3572968,-3.3871189,-4.46319294,15.23974769,5.79139527,-13.84891654,0.23707733,5.17127518,-2.06270146,-1.21134126,0.0,0.0,0.17268906,1.64908815
1760624785.412,7.80912566,1.07918818,-0.97309424,0.03962614,0.95855211,0.01340611,80.0,-7.0,0.0,80.0,1.3962634,0.0,0.0,0.0,80.0,-7.0,0.0,80.0,1.3962634,0.0,0.0,0.0,-9.24485198,-1.7365757,0.48353966,3.30274705,-3.37388461,-4.3314942,14.83897365,5.75172968,-13.4294762,0.33527693,5.14151292,-2.01966924,-1.28630769,0.0,0.0,0.18199905,1.63991492
1760624785.445,7.70470509,1.06930403,-0.9213863,0.03974367,0.95851642,0.0135934,80.0,-7.0,0.0,80.0,1.3962634,0.0,0.0,0.0,80.0,-7.0,0.0,80.0,1.3962634,0.0,0.0,0.0,-9.09659238,-1.7500268,0.44247629,3.24253329,-3.31837922,-4.22187996,14.52458586,5.68774621,-13.10105241,0.3613383,5.10585645,-1.97844983,-1.3302866,0.0,0.0,0.21607188,1.64174414
1760624785.479,7.49972313,1.01768593,-0.8694883,0.03983954,0.95825437,0.01330677,80.0,-7.0,0.0,80.0,1.3962634,0.0,0.0,0.0,80.0,-7.0,0.0,80.0,1.3962634,0.0,0.0,0.0,-8.87703644,-1.70276836,0.40462273,3.2027257,-3.29385259,-4.13077472,13.91282336,5.66058564,-12.49208835,0.43917323,5.08394368,-1.9298874,-1.31431169,0.0,0.0,0.24692455,1.67379296
1760624785.512,7.29029002,0.97311107,-0.82314378,0.03997554,0.9578556,0.01287523,80.0,-7.0,0.0,80.0,1.3962634,0.0,0.0,0.0,80.0,-7.0,0.0,80.0,1.3962634,0.0,0.0,0.0,-8.66987239,-1.66344163,0.36107835,3.19338441,-3.26186904,-4.03899937,13.54496875,5.59477297,-12.13668074,0.48306729,5.0854756,-1.86007136,-1.23205689,0.0,0.0,0.25578803,1.69793141
1760624785.579,7.05612962,0.95845447,-0.75748231,0.0386208,0.95737797,0.01290321,80.0,-7.0,0.0,80.0,1.3962634,0.0,0.0,0.0,80.0,-7.0,0.0,80.0,1.3962634,0.0,0.0,0.0,-8.46427058,-1.65794203,0.33777483,3.20240863,-3.22439311,-3.97556667,12.82508865,5.54307803,-11.35404076,0.54455921,5.11276667,-1.78254204,-1.11863167,0.0,0.0,0.2112486,1.70825701
1760624785.613,7.03677975,0.96069396,-0.73389835,0.03825469,0.95715096,0.01285842,80.0,-7.0,0.0,80.0,1.3962634,0.0,0.0,0.0,80.0,-7.0,0.0,80.0,1.3962634,0.0,0.0,0.0,-8.4809693,-1.66792856,0.33730588,3.23693062,-3.22871987,-3.97323849,12.92230633,5.55358311,-11.4590799,0.5330466,5.13910264,-1.75593112,-0.96677085,0.0,0.0,0.19339747,1.70631061
1760624785.646,7.05029964,0.94858048,-0.72323719,0.03782664,0.95711234,0.01306793,80.0,-7.0,0.0,80.0,1.3962634,0.0,0.0,0.0,80.0,-7.0,0.0,80.0,1.3962634,0.0,0.0,0.0,-8.47642214,-1.68064933,0.34187506,3.22426024,-3.21550843,-3.94742725,12.96179928,5.50691914,-11.47349304,0.53397197,5.1228154,-1.77503157,-0.9280992,0.0,0.0,0.20961591,1.74296313
1760624785.679,7.23565154,0.88621927,-0.70054784,0.03671933,0.95742202,0.01320141,80.0,-7.0,0.0,80.0,1.3962634,0.0,0.0,0.0,80.0,-7.0,0.0,80.0,1.3962634,0.0,0.0,0.0,-8.61831076,-1.63939,0.35167537,3.19528536,-3.20896999,-3.95683116,13.38133635,5.47754358,-11.90217766,0.46299282,5.03846705,-1.79369155,-0.82616086,0.0,0.0,0.17794293,1.70854404
1760624785.713,7.28800179,0.80549738,-0.67850778,0.03636692,0.95754649,0.01321269,80.0,-7.0,0.0,80.0,1.3962634,0.0,0.0,0.0,80.0,-7.0,0.0,80.0,1.3962634,0.0,0.0,0.0,-8.61812681,-1.58284649,0.37748766,3.17422196,-3.22896391,-3.96362991,13.07608557,5.44777691,-11.59507009,0.48394087,4.89598925,-1.8215443,-0.61525714,0.00353368,0.0,0.19423189,1.67789223
1760624785.746,7.29210255,0.79767231,-0.68323465,0.03650511,0.95771303,0.01305109,80.0,-7.0,0.0,80.0,1.3962634,0.0,0.0,0.0,80.0,-7.0,0.0,80.0,1.3962634,0.0,0.0,0.0,-8.6193487,-1.58144033,0.37395553,3.19846976,-3.25791643,-3.96014189,13.09236377,5.47221752,-11.60278087,0.49238026,4.82891616,-1.84052897,-0.54900509,0.01263069,0.0,0.23118533,1.70110854
1760624785.78,7.30784224,0.78360174,-0.68499658,0.03668119,0.95745627,0.0127729,80.0,-7.0,0.0,80.0,1.3962634,0.0,0.0,0.0,80.0,-7.0,0.0,80.0,1.3962634,0.0,0.0,0.0,-8.61548323,-1.57600782,0.37431772,3.17383191,-3.27836931,-3.9893034,13.13451154,5.51231028,-11.57658939,0.48153705,4.80379574,-1.8231698,-0.5724463,0.0,0.0,0.22996301,1.67596973
1760624785.813,7.53894183,0.58757476,-0.68717751,0.03605244,0.95746568,0.01266843,80.0,-7.0,0.0,80.0,1.3962634,0.0,0.0,0.0,80.0,-7.0,0.0,80.0,1.3962634,0.0,0.0,0.0,-8.82073216,-1.35903305,0.40397633,3.15904707,-3.33467832,-4.07132595,13.66963133,5.58762061,-12.10333507,0.46141543,4.79387182,-1.7766142,-0.61875981,0.00375639,0.0,0.23962097,1.69971331
1760624785.847,7.55332933,0.58819423,-0.67436037,0.03528742,0.95746238,0.01247186,80.0,-7.0,0.0,80.0,1.3962634,0.0,0.0,0.0,80.0,-7.0,0.0,80.0,1.3962634,0.0,0.0,0.0,-8.81931372,-1.34812277,0.41870541,3.15396556,-3.31815929,-4.06016316,13.63034818,5.57196976,-12.12645537,0.44204213,4.79784443,-1.75201992,-0.6332406,0.01941021,0.0,0.25248228,1.73864551
1760624785.88,7.56107457,0.58215353,-0.67450802,0.03429682,0.95748103,0.01229788,80.0,-7.0,0.0,80.0,1.3962634,0.0,0.0,0.0,80.0,-7.0,0.0,80.0,1.3962634,0.0,0.0,0.0,-8.83420258,-1.32463811,0.42152969,3.14016896,-3.31418725,-4.10459908,13.62583162,5.63883856,-12.11577159,0.46469361,4.83890566,-1.72840464,-0.69752385,0.02889453,0.0,0.24724886,1.73760525
1760624785.914,7.65555354,0.37822154,-0.64625382,0.03499481,0.95774364,0.01257428,80.0,-7.0,0.0,80.0,1.3962634,0.0,0.0,0.0,80.0,-7.0,0.0,80.0,1.3962634,0.0,0.0,0.0,-8.98392257,-1.09383651,0.46390114,3.18442606,-3.30198698,-4.14212455,13.71919071,5.68495792,-12.25116687,0.46641103,4.94392734,-1.70929492,-0.75748365,0.02860329,0.0,0.26439803,1.74567628
1760624785.947,7.65105166,0.38764763,-0.63417345,0.03489499,0.95775481,0.01250735,80.0,-7.0,0.0,80.0,1.3962634,0.0,0.0,0.0,80.0,-7.0,0.0,80.0,1.3962634,0.0,0.0,0.0,-8.98557526,-1.08253625,0.4772733,3.18479988,-3.30649919,-4.16749896,13.6892699,5.70877871,-12.27697408,0.47778717,4.97779382,-1.71877943,-0.82417048,0.03255114,0.0,0.27603292,1.76488359
1760624785.981,7.60729379,0.38745923,-0.63042483,0.03498624,0.95780992,0.01262587,80.0,-7.0,0.0,80.0,1.3962634,0.0,0.0,0.0,80.0,-7.0,0.0,80.0,1.3962634,0.0,0.0,0.0,-9.00596756,-1.06949154,0.47977221,3.21446528,-3.32308426,-4.12531155,13.69588284,5.77247301,-12.26890196,0.47491985,5.08163156,-1.74535007,-0.87678476,0.01035151,0.0,0.28011308,1.75116397
1760624786.014,7.58203415,0.39620477,-0.59846164,0.03491851,0.95791392,0.01272438,80.0,-7.0,0.0,80.0,1.3962634,0.0,0.0,0.0,80.0,-7.0,0.0,80.0,1.3962634,0.0,0.0,0.0,-9.01360896,-1.06624691,0.51288726,3.19593655,-3.34722978,-4.00825323,13.68285259,5.83981896,-12.24967816,0.40830575,5.14389701,-1.78976803,-0.85943792,0.00799124,0.0,0.29074738,1.73403825
1760624786.047,7.56096735,0.40275096,-0.59036405,0.0347548,0.95804784,0.01284196,80.0,-7.0,0.0,80.0,1.3962634,0.0,0.0,0.0,80.0,-7.0,0.0,80.0,1.3962634,0.0,0.0,0.0,-9.00856763,-1.07128916,0.52231775,3.21247642,-3.38515045,-4.01490945,13.65334495,5.86281734,-12.25297372,0.38312929,5.17769948,-1.84024345,-0.88660765,0.01198621,0.0,0.30355886,1.74744765
1760624786.081,7.49767941,0.43114477,-0.58458877,0.03463188,0.95800731,0.01265836,80.0,-7.0,0.0,80.0,1.3962634,0.0,0.0,0.0,80.0,-7.0,0.0,80.0,1.3962634,0.0,0.0,0.0,-9.01583488,-1.10227079,0.5384865,3.28422245,-3.45860331,-4.01296483,13.65832815,5.9419507,-12.25838816,0.38628724,5.26729917,-1.86535277,-0.90181573,0.0,0.0,0.29216335,1.71370765
1760624786.114,7.60414509,0.55423456,-0.63479346,0.03257252,0.958253,0.0125235,80.0,-7.0,0.0,80.0,1.3962634,0.0,0.0,0.0,80.0,-7.0,0.0,80.0,1.3962634,0.0,0.0,0.0,-9.25058895,-1.22788048,0.55447466,3.40853491,-3.53973141,-3.98865428,13.96686265,6.05598008,-12.52502735,0.3380161,5.42381598,-1.87578095,-0.99739333,0.0,0.0,0.26839202,1.68592352
1760624786.181,7.86005596,0.61760482,-0.70502159,0.03234768,0.95887057,0.01253247,80.0,-7.0,0.0,80.0,1.3962634,0.0,0.0,0.0,80.0,-7.0,0.0,80.0,1.3962634,0.0,0.0,0.0,-9.74083647,-1.29095617,0.57369555,3.66654413,-3.65470375,-4.03475351,14.74105759,6.06936089,-13.24861169,0.25738632,5.70812659,-1.85350053,-1.13929799,0.0,0.0,0.24587053,1.68546913
1760624786.215,7.84432124,0.62027581,-0.70386559,0.03341571,0.95875587,0.01255112,80.0,-7.0,0.0,80.0,1.3962634,0.0,0.0,0.0,80.0,-7.0,0.0,80.0,1.3962634,0.0,0.0,0.0,-9.75405031,-1.29437248,0.57962032,3.68063509,-3.68042645,-4.08006356,14.74476545,6.16982481,-13.22395914,0.27515938,5.75673497,-1.83842625,-1.18422191,0.0,0.0,0.24959232,1.68474693
1760624786.248,7.78964019,0.63779664,-0.68852233,0.033822,0.95862744,0.01253598,80.0,-7.0,0.0,80.0,1.3962634,0.0,0.0,0.0,80.0,-7.0,0.0,80.0,1.3962634,0.0,0.0,0.0,-9.79605846,-1.30141691,0.61258866,3.78614716,-3.68469595,-4.08852784,14.67340312,6.12206305,-13.17350083,0.26168353,5.87333672,-1.80778949,-1.16929498,0.0,0.0,0.2536726,1.6922024
1760624786.282,7.74425657,0.65430797,-0.67650388,0.03452657,0.95852691,0.012205,80.0,-7.0,0.0,80.0,1.3962634,0.0,0.0,0.0,80.0,-7.0,0.0,80.0,1.3962634,0.0,0.0,0.0,-9.82278219,-1.29476784,0.63855756,3.85958256,-3.74379367,-4.1457019,14.67636349,6.15009425,-13.13424896,0.31445275,5.94893184,-1.77730038,-1.13007712,0.01422542,0.0,0.23593126,1.74057759
1760624786.315,7.63037276,0.6663946,-0.69789999,0.034423,0.9584195,0.01212275,80.0,-7.0,0.0,80.0,1.3962634,0.0,0.0,0.0,80.0,-7.0,0.0,80.0,1.3962634,0.0,0.0,0.0,-9.76816579,-1.30324451,0.68405537,3.92632851,-3.75592378,-4.18086898,14.50873191,6.09049521,-12.90308934,0.30544997,6.01242809,-1.76677081,-1.0742401,0.01704242,0.0,0.21922176,1.77294198
1760624786.348,7.57344174,0.66898983,-0.72028981,0.03397856,0.95847261,0.01243091,80.0,-7.0,0.0,80.0,1.3962634,0.0,0.0,0.0,80.0,-7.0,0.0,80.0,1.3962634,0.0,0.0,0.0,-9.81777271,-1.30273293,0.67051081,4.02556531,-3.78205322,-4.12382,14.49094096,5.98335794,-12.88867212,0.30820062,6.15713385,-1.77391135,-1.11983044,0.01830555,0.0,0.18276592,1.78179901
1760624786.382,7.5209211,0.67376946,-0.74452555,0.03273574,0.95847027,0.01274212,80.0,-7.0,0.0,80.0,1.3962634,0.0,0.0,0.0,80.0,-7.0,0.0,80.0,1.3962634,0.0,0.0,0.0,-9.8588938,-1.2976797,0.65623107,4.10744871,-3.78692818,-4.10090508,14.46463461,6.0287037,-12.85954554,0.32386245,6.29587741,-1.79641171,-1.11454297,0.0,0.0,0.17430548,1.76154506
1760624786.415,7.5131188,0.67754423,-0.75978384,0.03233984,0.95844838,0.01279264,80.0,-7.0,0.0,80.0,1.3962634,0.0,0.0,0.0,80.0,-7.0,0.0,80.0,1.3962634,0.0,0.0,0.0,-9.85913342,-1.28657841,0.64592352,4.09172294,-3.80407137,-4.11854935,14.46994836,6.09812528,-12.82644235,0.32144182,6.32666101,-1.82303291,-1.10838092,0.0,0.0,0.18460278,1.77365129
1760624786.449,7.49656914,0.66622983,-0.77148128,0.03155658,0.95879812,0.0131734,80.0,-7.0,0.0,80.0,1.3962634,0.0,0.0,0.0,80.0,-7.0,0.0,80.0,1.3962634,0.0,0.0,0.0,-9.87776938,-1.28153816,0.63943037,4.13830249,-3.78995932,-4.15604268,14.478181,6.13103709,-12.84319645,0.32349853,6.38359788,-1.87844849,-1.1100698,0.0,0.0,0.20573982,1.79153271
1760624786.482,7.47600098,0.57362876,-0.80557105,0.03065236,0.95904534,0.01352556,80.0,-7.0,0.0,80.0,1.3962634,0.0,0.0,0.0,80.0,-7.0,0.0,80.0,1.3962634,0.0,0.0,0.0,-9.91688381,-1.17492301,0.67476458,4.21328129,-3.80371753,-4.21476846,14.68735502,6.11237155,-13.07435182,0.29659716,6.46548101,-1.92232789,-1.10628374,0.0,0.0,0.20574861,1.75933489
1760624786.516,7.49878603,0.48042128,-0.83307166,0.03003937,0.95926724,0.01371311,80.0,-7.0,0.0,80.0,1.3962634,0.0,0.0,0.0,80.0,-7.0,0.0,80.0,1.3962634,0.0,0.0,0.0,-9.96152686,-1.07627271,0.7132186,4.2226912,-3.80752334,-4.32242453,14.88539426,6.19038118,-13.25280748,0.29947641,6.50656905,-1.96930047,-1.10200867,0.0,0.0,0.21192887,1.76739924
1760624786.549,7.50044435,0.48364445,-0.82877756,0.02951304,0.95922935,0.01362135,80.0,-7.0,0.0,80.0,1.3962634,0.0,0.0,0.0,80.0,-7.0,0.0,80.0,1.3962634,0.0,0.0,0.0,-9.97082119,-1.0516122,0.72522815,4.24975318,-3.80718063,-4.32657949,14.87858113,6.14928412,-13.29146901,0.28904395,6.53348664,-1.98528094,-1.1019415,0.0,0.0,0.23076792,1.78090691
1760624786.583,7.56417338,0.29048948,-0.84400383,0.0292635,0.95948587,0.01388331,80.0,-7.0,0.0,80.0,1.3962634,0.0,0.0,0.0,80.0,-7.0,0.0,80.0,1.3962634,0.0,0.0,0.0,-10.06037284,-0.8101227,0.78716641,4.26194193,-3.83284232,-4.38689445,15.38553068,6.12399477,-13.81864593,0.23428729,6.58837001,-1.98628492,-1.10335731,0.0,0.0,0.22370754,1.77184373
1760624786.616,7.56309186,0.27861347,-0.82077269,0.02918454,0.9594031,0.01350976,80.0,-7.0,0.0,80.0,1.3962634,0.0,0.0,0.0,80.0,-7.0,0.0,80.0,1.3962634,0.0,0.0,0.0,-10.07187526,-0.79738026,0.81923067,4.27808219,-3.81450358,-4.45401299,15.42255963,6.10467742,-13.84393066,0.24105901,6.59900346,-2.01322936,-1.04853751,0.0,0.0,0.23270899,1.74516086
1760624786.65,7.57182869,0.27370568,-0.81618519,0.02885461,0.95937322,0.01322986,80.0,-7.0,0.0,80.0,1.3962634,0.0,0.0,0.0,80.0,-7.0,0.0,80.0,1.3962634,0.0,0.0,0.0,-10.06841762,-0.78087707,0.83148529,4.28629765,-3.80077415,-4.45590326,15.41656339,6.10113628,-13.88125624,0.24413698,6.5783171,-2.03127197,-1.0065081,0.0,0.0,0.21349229,1.75377589
1760624786.683,7.5923904,0.23141826,-0.81204237,0.02813902,0.95963579,0.01349583,80.0,-7.0,0.0,80.0,1.3962634,0.0,0.0,0.0,80.0,-7.0,0.0,80.0,1.3962634,0.0,0.0,0.0,-10.08348244,-0.75672284,0.85021825,4.29257281,-3.74454275,-4.37215451,15.45049116,6.01709263,-13.87079077,0.21155058,6.57434243,-2.04096297,-0.98045312,0.0,0.0,0.20041678,1.72404487
1760624786.716,7.60259804,0.20992641,-0.8215653,0.02794246,0.95978575,0.01324579,80.0,-7.0,0.0,80.0,1.3962634,0.0,0.0,0.0,80.0,-7.0,0.0,80.0,1.3962634,0.0,0.0,0.0,-10.08934838,-0.74493407,0.84988688,4.28775554,-3.73574087,-4.3927497,15.4778073,6.03696386,-13.85315446,0.24688579,6.55783544,-2.04636515,-0.97664227,0.0,0.0,0.2114096,1.74671441
1760624786.75,7.62648002,-0.06433257,-0.85806368,0.02891106,0.95962,0.0130959,80.0,-7.0,0.0,80.0,1.3962634,0.0,0.0,0.0,80.0,-7.0,0.0,80.0,1.3962634,0.0,0.0,0.0,-10.05923186,-0.48402138,0.97204616,4.24927049,-3.72415928,-4.38871561,15.2784521,6.00895019,-13.68579734,0.26321336,6.47285804,-2.03839179,-0.93098471,0.0,0.0,0.2308819,1.78487009
1760624786.783,7.64761185,-0.07747538,-0.86517107,0.03001471,0.95952816,0.01281662,80.0,-7.0,0.0,80.0,1.3962634,0.0,0.0,0.0,80.0,-7.0,0.0,80.0,1.3962634,0.0,0.0,0.0,-10.00928916,-0.4670878,0.98501701,4.17139362,-3.72402319,-4.32645579,15.23702992,5.98591974,-13.61641877,0.25966996,6.37630063,-2.00437356,-0.92962193,0.0,0.0,0.21381732,1.76662349
1760624786.817,7.53684068,-0.15585664,-0.864726,0.03087237,0.95931812,0.01254718,80.0,-7.0,0.0,80.0,1.3962634,0.0,0.0,0.0,80.0,-7.0,0.0,80.0,1.3962634,0.0,0.0,0.0,-9.83442714,-0.40349099,1.06651713,4.11660582,-3.72120296,-4.37942922,14.94581811,6.02911823,-13.31570521,0.3113932,6.28079066,-1.99257358,-0.88951785,0.0,0.0,0.22569096,1.75935188
1760624786.85,7.5430066,-0.15941696,-0.85814186,0.03098028,0.95947773,0.01254509,80.0,-7.0,0.0,80.0,1.3962634,0.0,0.0,0.0,80.0,-7.0,0.0,80.0,1.3962634,0.0,0.0,0.0,-9.82695606,-0.40793096,1.07564515,4.11344383,-3.72421534,-4.39453176,14.93685328,6.01236959,-13.34039071,0.32767172,6.25743064,-1.98731686,-0.87873446,0.0,0.0,0.2326001,1.76782755
1760624786.884,7.57439436,-0.15813028,-0.84727545,0.03239546,0.95963019,0.01259362,80.0,-7.0,0.0,80.0,1.3962634,0.0,0.0,0.0,80.0,-7.0,0.0,80.0,1.3962634,0.0,0.0,0.0,-9.78502449,-0.41658604,1.09263119,4.02830009,-3.71210898,-4.36233879,14.94653417,5.92451887,-13.32577669,0.29543577,6.18007411,-1.98381782,-0.85701734,0.0,0.0,0.2222041,1.76418956
1760624786.917,7.59492616,-0.15744933,-0.84707418,0.03286825,0.95961212,0.01279665,80.0,-7.0,0.0,80.0,1.3962634,0.0,0.0,0.0,80.0,-7.0,0.0,80.0,1.3962634,0.0,0.0,0.0,-9.76138846,-0.43062863,1.09332421,3.97263244,-3.70497864,-4.34208662,14.93890988,5.95442176,-13.32245982,0.32852535,6.12250367,-1.98460432,-0.8518356,0.0,0.0,0.19885918,1.74787574
1760624786.951,7.60815702,-0.14895736,-0.83636797,0.032983,0.95969147,0.01318121,80.0,-7.0,0.0,80.0,1.3962634,0.0,0.0,0.0,80.0,-7.0,0.0,80.0,1.3962634,0.0,0.0,0.0,-9.74780647,-0.43985994,1.10277079,3.93711683,-3.68523152,-4.3048459,14.91806187,5.83130707,-13.30019073,0.30333551,6.06837081,-1.98086177,-0.83591263,0.0,0.0,0.19744547,1.76134014
1760624786.984,7.68302994,-0.13078242,-0.83380191,0.0333457,0.95971144,0.01352053,80.0,-7.0,0.0,80.0,1.3962634,0.0,0.0,0.0,80.0,-7.0,0.0,80.0,1.3962634,0.0,0.0,0.0,-9.69389991,-0.48758685,1.10281169,3.80561073,-3.64288642,-4.28006384,14.8750502,5.77200747,-13.23795456,0.30201608,5.88765128,-1.98753107,-0.78799244,0.0,0.0,0.18307168,1.75999237
1760624787.051,7.75011971,-0.12414298,-0.84349584,0.03385339,0.95966224,0.01407302,80.0,-7.0,0.0,80.0,1.3962634,0.0,0.0,0.0,80.0,-7.0,0.0,80.0,1.3962634,0.0,0.0,0.0,-9.68019681,-0.54261889,1.08613424,3.703245,-3.5699937,-4.1818569,14.84614695,5.63259806,-13.17446684,0.27854715,5.74479569,-1.98768188,-0.74503662,0.0,0.0,0.12952863,1.72368337
1760624787.084,7.75544955,-0.12323633,-0.83295064,0.0336558,0.95956284,0.01423715,80.0,-7.0,0.0,80.0,1.3962634,0.0,0.0,0.0,80.0,-7.0,0.0,80.0,1.3962634,0.0,0.0,0.0,-9.68141881,-0.55059894,1.09530926,3.70105023,-3.52854948,-4.18959573,14.83654802,5.63752793,-13.17920716,0.28913011,5.71703862,-1.95409191,-0.7599055,0.0,0.0,0.11359587,1.7236761
1760624787.151,7.85733439,-0.1014732,-0.80184425,0.03511792,0.95932511,0.01360215,80.0,-7.0,0.0,80.0,1.3962634,0.0,0.0,0.0,80.0,-7.0,0.0,80.0,1.3962634,0.0,0.0,0.0,-9.60532335,-0.60285824,1.12573816,3.51106721,-3.48500206,-4.24467619,14.79694553,5.60310868,-13.14875727,0.29062917,5.50619974,-1.92857774,-0.69347044,0.0,0.0,0.15129334,1.71843141
1760624787.185,7.65192164,0.0500455,-0.78603504,0.03680696,0.95821476,0.01328807,80.0,-7.0,0.0,80.0,1.3962634,0.0,0.0,0.0,80.0,-7.0,0.0,80.0,1.3962634,0.0,0.0,0.0,-9.30812806,-0.77200959,1.14742933,3.42745216,-3.46025082,-4.23098115,14.37323791,5.61956487,-12.70692581,0.3416767,5.41377599,-1.93088187,-0.59639079,0.0,0.0,0.15775379,1.72396275
1760624787.218,7.40513161,0.0891682,-0.7842321,0.03749919,0.95770751,0.01343705,80.0,-7.0,0.0,80.0,1.3962634,0.0,0.0,0.0,80.0,-7.0,0.0,80.0,1.3962634,0.0,0.0,0.0,-9.00238862,-0.82281904,1.1802624,3.39103396,-3.43707961,-4.23594833,14.06926711,5.60281837,-12.3996845,0.36877654,5.37788874,-1.91815821,-0.58033018,0.0,0.0,0.14207563,1.71134838
1760624787.252,7.42339218,0.08704445,-0.78536518,0.03727786,0.95767719,0.01354415,80.0,-7.0,0.0,80.0,1.3962634,0.0,0.0,0.0,80.0,-7.0,0.0,80.0,1.3962634,0.0,0.0,0.0,-8.95158517,-0.83233099,1.18027824,3.36015803,-3.42130274,-4.19312717,14.00095919,5.56598716,-12.39848108,0.40554531,5.3468792,-1.91343758,-0.56411348,0.0,0.0,0.12429505,1.69655727
1760624787.285,7.09022385,0.10866011,-0.77331132,0.03729637,0.95709095,0.01366116,80.0,-7.0,0.0,80.0,1.3962634,0.0,0.0,0.0,80.0,-7.0,0.0,80.0,1.3962634,0.0,0.0,0.0,-8.54905188,-0.87590853,1.22037968,3.31065313,-3.38201275,-4.11828821,13.31407893,5.53542765,-11.66879859,0.47992336,5.27781809,-1.91072447,-0.49154286,0.0,0.0,0.14615247,1.71101615
1760624787.319,6.7740575,0.12014785,-0.77562337,0.03748972,0.95687523,0.01384652,80.0,-7.0,0.0,80.0,1.3962634,0.0,0.0,0.0,80.0,-7.0,0.0,80.0,1.3962634,0.0,0.0,0.0,-8.13815231,-0.91033752,1.24776409,3.2324636,-3.35451984,-4.09886474,12.8356939,5.54374392,-11.1636184,0.57203305,5.19765226,-1.90105052,-0.40856121,0.0,0.0,0.13223834,1.67326655
1760624787.352,6.14023268,0.14625071,-0.73938078,0.03824562,0.95601244,0.01373811,80.0,-7.0,0.0,80.0,1.3962634,0.0,0.0,0.0,80.0,-7.0,0.0,80.0,1.3962634,0.0,0.0,0.0,-7.3278443,-0.9563822,1.33323979,3.10222342,-3.2919176,-4.03458546,11.65981151,5.40469159,-10.02663538,0.68178544,4.97926249,-1.88828102,-0.14927662,0.0,0.0,0.1529684,1.67037444
1760624787.385,5.5444428,0.19592456,-0.75727454,0.03894502,0.95517558,0.01364067,80.0,-7.0,0.0,80.0,1.3962634,0.0,0.0,0.0,80.0,-7.0,0.0,80.0,1.3962634,0.0,0.0,0.0,-6.678204,-1.02601273,1.40418084,3.06132848,-3.25496793,-4.02246237,11.381687,5.40750891,-9.72176462,0.72090581,4.93133584,-1.86696315,-0.04527135,0.0,0.0,0.1806726,1.67518071
1760624787.419,5.54591177,0.18750884,-0.7459991,0.03861387,0.95536736,0.01372161,80.0,-7.0,0.0,80.0,1.3962634,0.0,0.0,0.0,80.0,-7.0,0.0,80.0,1.3962634,0.0,0.0,0.0,-6.65457653,-1.03819466,1.41698277,3.04213269,-3.22566222,-4.00205249,11.41934534,5.39451109,-9.69395924,0.71986901,4.93613721,-1.83307567,-0.02463434,0.0,0.0,0.19327406,1.68039495
1760624787.452,6.05190392,0.22994358,-0.82115187,0.03470858,0.95705396,0.01407323,80.0,-7.0,0.0,80.0,1.3962634,0.0,0.0,0.0,80.0,-7.0,0.0,80.0,1.3962634,0.0,0.0,0.0,-7.15620684,-1.11315016,1.42831737,3.07024025,-3.20187898,-3.9210665,12.14627246,5.3764455,-10.43912439,0.63042219,5.00410406,-1.78912985,-0.08442397,0.0,0.0,0.17424721,1.67093593
1760624787.486,6.8241954,0.25816451,-0.88673205,0.03285737,0.95859896,0.01410553,80.0,-7.0,0.0,80.0,1.3962634,0.0,0.0,0.0,80.0,-7.0,0.0,80.0,1.3962634,0.0,0.0,0.0,-7.91880737,-1.16904781,1.45948811,3.08801821,-3.19856301,-3.87617465,12.61316709,5.35289458,-10.91207138,0.5784459,5.02980254,-1.76003633,-0.10104302,0.0,0.0,0.19175438,1.70739951
1760624787.519,7.38632358,0.30146664,-0.93281431,0.03249893,0.95925206,0.01403063,80.0,-7.0,0.0,80.0,1.3962634,0.0,0.0,0.0,80.0,-7.0,0.0,80.0,1.3962634,0.0,0.0,0.0,-8.50933829,-1.21980763,1.5058147,3.12823157,-3.21944776,-3.8912749,13.13968231,5.28847655,-11.41747425,0.50665658,5.09775825,-1.72701634,-0.13294559,0.0,0.0,0.19842608,1.72973653
1760624787.553,7.8431574,0.34532178,-0.9592002,0.03220282,0.95940846,0.01398928,80.0,-7.0,0.0,80.0,1.3962634,0.0,0.0,0.0,80.0,-7.0,0.0,80.0,1.3962634,0.0,0.0,0.0,-8.9099845,-1.27603972,1.58172873,3.08461835,-3.21384174,-3.92696867,13.27728523,5.2883743,-11.57944521,0.47209616,5.07652467,-1.71443324,-0.17353118,0.0,0.0,0.22160118,1.765174
1760624787.586,7.86063743,0.3528053,-0.94844104,0.03248974,0.95871902,0.01395479,80.0,-7.0,0.0,80.0,1.3962634,0.0,0.0,0.0,80.0,-7.0,0.0,80.0,1.3962634,0.0,0.0,0.0,-8.91250362,-1.2733432,1.59731946,3.06487976,-3.21799812,-3.94333532,13.29127821,5.36345267,-11.57168448,0.47425276,5.08165403,-1.72172801,-0.18079331,0.0,0.0,0.23346593,1.78289645
1760624787.619,8.23769899,0.40187034,-0.97901886,0.03291276,0.95917944,0.01398976,80.0,-7.0,0.0,80.0,1.3962634,0.0,0.0,0.0,80.0,-7.0,0.0,80.0,1.3962634,0.0,0.0,0.0,-9.22467567,-1.31574479,1.67486116,2.99406727,-3.22936787,-4.01019698,13.48056975,5.4023532,-11.75432602,0.45240086,5.02471136,-1.7234858,-0.11770494,0.0,0.0,0.25435693,1.78676788
1760624787.653,8.33415649,0.42359482,-1.01541392,0.03316953,0.9591676,0.01409271,80.0,-7.0,0.0,80.0,1.3962634,0.0,0.0,0.0,80.0,-7.0,0.0,80.0,1.3962634,0.0,0.0,0.0,-9.28258855,-1.33599863,1.73343479,2.97455492,-3.2266627,-3.98635306,13.24004765,5.37385948,-11.54079409,0.47948031,4.95966552,-1.75064696,-0.08786925,0.0,0.0,0.25156994,1.77565426
1760624787.686,8.40040772,0.43651375,-1.04950217,0.03329265,0.95918724,0.01431489,80.0,-7.0,0.0,80.0,1.3962634,0.0,0.0,0.0,80.0,-7.0,0.0,80.0,1.3962634,0.0,0.0,0.0,-9.31868586,-1.34807003,1.78483343,2.93928735,-3.1950439,-3.94372281,12.92906297,5.33777705,-11.22826185,0.4877192,4.90851497,-1.75304608,-0.09369281,0.0,0.0,0.22948157,1.72515946
1760624787.72,8.39732506,0.44570343,-1.04577354,0.03344549,0.95907189,0.01451708,80.0,-7.0,0.0,80.0,1.3962634,0.0,0.0,0.0,80.0,-7.0,0.0,80.0,1.3962634,0.0,0.0,0.0,-9.32423431,-1.34105675,1.79021438,2.95649801,-3.19094394,-3.95273121,12.93931973,5.33029111,-11.22043835,0.49062143,4.88839526,-1.75621257,-0.11021129,0.0,0.0,0.2189571,1.71767131
1760624787.787,8.5784301,0.48027527,-1.11923225,0.03420518,0.95906219,0.01479223,80.0,-7.0,0.0,80.0,1.3962634,0.0,0.0,0.0,80.0,-7.0,0.0,80.0,1.3962634,0.0,0.0,0.0,-9.51014136,-1.37910302,1.83152085,2.94902473,-3.12956069,-3.82901872,12.67171342,5.26749795,-10.95442653,0.53629521,4.82411793,-1.75075176,-0.17449108,0.0,0.0,0.21879493,1.74764183
1760624787.82,8.57844586,0.48558612,-1.11510559,0.03388732,0.95897109,0.01477801,80.0,-7.0,0.0,80.0,1.3962634,0.0,0.0,0.0,80.0,-7.0,0.0,80.0,1.3962634,0.0,0.0,0.0,-9.51221363,-1.37044178,1.84552372,2.93031426,-3.11595787,-3.81184576,12.65240368,5.27255226,-10.93358207,0.52484166,4.80784387,-1.73180337,-0.18435584,0.0,0.0,0.21317763,1.7128694
1760624787.854,8.58479763,0.4869868,-1.11469994,0.0323951,0.95895468,0.01454959,80.0,-7.0,0.0,80.0,1.3962634,0.0,0.0,0.0,80.0,-7.0,0.0,80.0,1.3962634,0.0,0.0,0.0,-9.52593123,-1.35530267,1.8551012,2.90767537,-3.13075862,-3.81805546,12.64674641,5.25376312,-10.89117047,0.53094944,4.81079534,-1.72370285,-0.20007231,0.0,0.0,0.21139723,1.72609382
1760624787.887,8.61545641,0.36850797,-1.12347597,0.03164716,0.9589538,0.01434913,80.0,-7.0,0.0,80.0,1.3962634,0.0,0.0,0.0,80.0,-7.0,0.0,80.0,1.3962634,0.0,0.0,0.0,-9.47903293,-1.23135659,1.92530214,2.82542225,-3.13695146,-3.82294733,11.81882558,5.30447656,-10.10895584,0.63075517,4.72882465,-1.71615647,-0.17662735,0.0,0.0,0.20891872,1.70243921
1760624787.921,8.80599973,0.32456808,-1.15445129,0.03194381,0.95922048,0.01443033,80.0,-7.0,0.0,80.0,1.3962634,0.0,0.0,0.0,80.0,-7.0,0.0,80.0,1.3962634,0.0,0.0,0.0,-9.75545212,-1.17286249,1.95635187,2.90511074,-3.16897336,-3.82823614,12.45313285,5.29116393,-10.74904142,0.54831075,4.83833233,-1.70393097,-0.16974922,0.0,0.0,0.21678778,1.70366194
1760624787.954,8.81544371,0.30214462,-1.1680503,0.03130386,0.95927878,0.01464639,80.0,-7.0,0.0,80.0,1.3962634,0.0,0.0,0.0,80.0,-7.0,0.0,80.0,1.3962634,0.0,0.0,0.0,-9.73153256,-1.15567873,1.98676506,2.85377801,-3.16550348,-3.90029869,12.11512318,5.3265427,-10.38955028,0.58400583,4.81982371,-1.72861784,-0.14383621,0.0,0.0,0.24426426,1.74092001
1760624787.988,8.82175445,0.28063194,-1.18604905,0.03247459,0.95911575,0.01492225,80.0,-7.0,0.0,80.0,1.3962634,0.0,0.0,0.0,80.0,-7.0,0.0,80.0,1.3962634,0.0,0.0,0.0,-9.79369353,-1.13302477,2.0104418,2.90494327,-3.16729086,-3.95517101,12.48672994,5.32416346,-10.76727279,0.53170864,4.87655339,-1.74064002,-0.11927506,0.0,0.0,0.25278915,1.73697169
1760624788.021,8.80418128,0.27735783,-1.19938732,0.03373593,0.9590074,0.01495445,80.0,-7.0,0.0,80.0,1.3962634,0.0,0.0,0.0,80.0,-7.0,0.0,80.0,1.3962634,0.0,0.0,0.0,-9.80272844,-1.1298098,1.99890116,2.90579833,-3.16506277,-3.97501369,12.51157059,5.33514587,-10.75366536,0.54474922,4.90703786,-1.75074349,-0.13741233,0.0,0.0,0.24862231,1.73074892
1760624788.054,8.77551024,0.27820478,-1.19715189,0.0346898,0.95901245,0.01490358,80.0,-7.0,0.0,80.0,1.3962634,0.0,0.0,0.0,80.0,-7.0,0.0,80.0,1.3962634,0.0,0.0,0.0,-9.80820281,-1.11922164,2.00416895,2.92994571,-3.1600814,-3.97527384,12.50122151,5.27441729,-10.77703249,0.53823234,4.9167336,-1.74768326,-0.11847519,0.0,0.0,0.27011836,1.74027136
1760624788.088,8.59584654,0.18270416,-1.2184358,0.03452729,0.95879974,0.01503438,80.0,-7.0,0.0,80.0,1.3962634,0.0,0.0,0.0,80.0,-7.0,0.0,80.0,1.3962634,0.0,0.0,0.0,-9.73934321,-1.00082166,2.00421558,3.02109872,-3.17505479,-3.99123791,12.94309131,5.28280063,-11.21122466,0.48206651,5.02640941,-1.7333716,-0.1410186,0.0,0.0,0.28572074,1.75055401
1760624788.121,8.42096706,0.1487845,-1.20976603,0.03258036,0.95876714,0.01498514,80.0,-7.0,0.0,80.0,1.3962634,0.0,0.0,0.0,80.0,-7.0,0.0,80.0,1.3962634,0.0,0.0,0.0,-9.55518447,-0.96017756,2.01382224,2.99623862,-3.15675352,-4.00691088,12.38920348,5.2855923,-10.66776193,0.54254333,4.98502563,-1.7295354,-0.11545088,0.0,0.0,0.29885924,1.75110465
1760624788.155,8.39718222,0.15255585,-1.21483756,0.03254589,0.95854241,0.01521124,80.0,-7.0,0.0,80.0,1.3962634,0.0,0.0,0.0,80.0,-7.0,0.0,80.0,1.3962634,0.0,0.0,0.0,-9.56134891,-0.95738072,2.00819381,3.01079357,-3.16037819,-4.05117876,12.39637867,5.36284563,-10.68181954,0.54751646,5.00590947,-1.72322297,-0.15894537,0.0,0.0,0.30726384,1.7014308
1760624788.188,8.30468866,0.16096903,-1.23202755,0.03200171,0.95841525,0.01519688,80.0,-7.0,0.0,80.0,1.3962634,0.0,0.0,0.0,80.0,-7.0,0.0,80.0,1.3962634,0.0,0.0,0.0,-9.5578745,-0.94903466,1.99171228,3.10053226,-3.18708464,-4.04742093,12.39471632,5.36090256,-10.69787439,0.54371475,5.09321871,-1.72310659,-0.19827921,0.0,0.0,0.31618571,1.71583542
1760624788.222,7.98962385,0.18190098,-1.24212787,0.03121965,0.95793486,0.01505071,80.0,-7.0,0.0,80.0,1.3962634,0.0,0.0,0.0,80.0,-7.0,0.0,80.0,1.3962634,0.0,0.0,0.0,-9.33572426,-0.94993603,1.97032302,3.16285729,-3.24233399,-4.09660014,12.56958356,5.47005786,-10.82552694,0.53075708,5.17208777,-1.73688641,-0.2195321,0.0,0.0,0.32631021,1.69736734
1760624788.255,7.97617311,0.19239005,-1.24696358,0.02990035,0.95797234,0.01478482,80.0,-7.0,0.0,80.0,1.3962634,0.0,0.0,0.0,80.0,-7.0,0.0,80.0,1.3962634,0.0,0.0,0.0,-9.34911291,-0.94182256,1.96722622,3.17929288,-3.28742061,-4.13567237,12.5737726,5.50594269,-10.80380951,0.51956525,5.19183054,-1.74241792,-0.23745919,0.0,0.0,0.33333668,1.68656517
1760624788.289,8.02862805,0.23691645,-1.24842371,0.03033306,0.95795317,0.01473178,80.0,-7.0,0.0,80.0,1.3962634,0.0,0.0,0.0,80.0,-7.0,0.0,80.0,1.3962634,0.0,0.0,0.0,-9.5701894,-0.95221181,1.9566733,3.36162811,-3.37741503,-4.18210095,13.52072132,5.45835374,-11.74325773,0.4061222,5.3810661,-1.72917683,-0.27943806,0.0,0.0,0.31999515,1.68831172
1760624788.322,8.01019497,0.26751835,-1.24125389,0.03043114,0.95790485,0.01475473,80.0,-7.0,0.0,80.0,1.3962634,0.0,0.0,0.0,80.0,-7.0,0.0,80.0,1.3962634,0.0,0.0,0.0,-9.66943003,-0.96879238,1.94185351,3.46103463,-3.44752515,-4.23282816,13.82571119,5.61336376,-12.02270721,0.39712759,5.52625957,-1.74561694,-0.30741225,0.0,0.0,0.3042139,1.68979139
1760624788.356,7.99445201,0.27594866,-1.24322162,0.03031253,0.9577416,0.01475256,80.0,-7.0,0.0,80.0,1.3962634,0.0,0.0,0.0,80.0,-7.0,0.0,80.0,1.3962634,0.0,0.0,0.0,-9.6858697,-0.96055337,1.93859077,3.48680946,-3.48622655,-4.27149878,13.83751774,5.65869057,-12.02524197,0.36126958,5.56803571,-1.7518747,-0.32812124,0.0,0.0,0.30106851,1.70279133
1760624788.389,7.9454848,0.28553459,-1.22556264,0.03006788,0.9576946,0.01449276,80.0,-7.0,0.0,80.0,1.3962634,0.0,0.0,0.0,80.0,-7.0,0.0,80.0,1.3962634,0.0,0.0,0.0,-9.74261746,-0.95789507,1.95050805,3.59570075,-3.53469353,-4.29500784,13.86249125,5.66220913,-12.09428437,0.37954404,5.69079606,-1.75751405,-0.33706587,0.0,0.0,0.29478148,1.69632159
1760624788.422,7.39088833,0.28693436,-1.184828,0.03163546,0.95634534,0.0143936,80.0,-7.0,0.0,80.0,1.3962634,0.0,0.0,0.0,80.0,-7.0,0.0,80.0,1.3962634,0.0,0.0,0.0,-9.20686104,-0.93077626,1.93207876,3.60870005,-3.55953678,-4.28586096,13.36908102,5.66922975,-11.5770432,0.40402505,5.68824968,-1.76320953,-0.32880065,0.0,0.0,0.3070849,1.68368738
1760624788.456,7.38802715,0.29271852,-1.18181833,0.03133575,0.95691678,0.01460836,80.0,-7.0,0.0,80.0,1.3962634,0.0,0.0,0.0,80.0,-7.0,0.0,80.0,1.3962634,0.0,0.0,0.0,-9.21899119,-0.92941887,1.92914018,3.62776872,-3.59950755,-4.32335888,13.40533049,5.74713158,-11.58578141,0.43116455,5.70608556,-1.78101833,-0.34845578,0.0,0.0,0.32085269,1.70560104
1760624788.489,7.5903337,0.34519618,-1.13711933,0.03097892,0.95740161,0.01452272,80.0,-7.0,0.0,80.0,1.3962634,0.0,0.0,0.0,80.0,-7.0,0.0,80.0,1.3962634,0.0,0.0,0.0,-9.5045334,-0.97013075,1.86218972,3.7135813,-3.61529918,-4.2814239,13.73860241,5.72647366,-11.92068924,0.39524562,5.80640799,-1.7873017,-0.40262115,0.0,0.0,0.30357517,1.69457824
1760624788.523,7.92590261,0.32562742,-1.08578724,0.03024494,0.95815118,0.01452746,80.0,-7.0,0.0,80.0,1.3962634,0.0,0.0,0.0,80.0,-7.0,0.0,80.0,1.3962634,0.0,0.0,0.0,-9.98233272,-0.94618716,1.77071919,3.87297035,-3.62177899,-4.2262254,13.73257222,5.71833542,-11.90893111,0.38992137,5.98439351,-1.79779135,-0.50315644,0.0,0.0,0.28878775,1.66150445
1760624788.556,7.91875221,0.32201102,-1.08140554,0.0292153,0.95808562,0.01439417,80.0,-7.0,0.0,80.0,1.3962634,0.0,0.0,0.0,80.0,-7.0,0.0,80.0,1.3962634,0.0,0.0,0.0,-10.06194615,-0.93191339,1.76129647,3.97498451,-3.65844254,-4.23446732,13.80822399,5.74897493,-11.95443894,0.40918415,6.09154426,-1.80948974,-0.53688218,0.0,0.0,0.31185556,1.68604674
1760624788.59,7.94388793,0.31210332,-1.08962459,0.02868491,0.95811015,0.01433682,80.0,-7.0,0.0,80.0,1.3962634,0.0,0.0,0.0,80.0,-7.0,0.0,80.0,1.3962634,0.0,0.0,0.0,-10.11559461,-0.91674417,1.74029418,3.99928048,-3.66945509,-4.20992597,13.81624527,5.78587664,-11.95041694,0.39878192,6.14565035,-1.82453354,-0.58384854,0.0,0.0,0.31620524,1.68434829
1760624788.623,7.95636121,0.30528341,-1.08629186,0.02828316,0.95820138,0.0139644,80.0,-7.0,0.0,80.0,1.3962634,0.0,0.0,0.0,80.0,-7.0,0.0,80.0,1.3962634,0.0,0.0,0.0,-10.14336815,-0.90211661,1.73916042,4.02641657,-3.70584816,-4.22662098,13.81618972,5.87113734,-11.95840551,0.40453653,6.19438636,-1.83667015,-0.59980319,0.0,0.0,0.30756292,1.66705077
1760624788.657,8.12193217,0.14044925,-1.00417964,0.02791445,0.95855149,0.01383543,80.0,-7.0,0.0,80.0,1.3962634,0.0,0.0,0.0,80.0,-7.0,0.0,80.0,1.3962634,0.0,0.0,0.0,-10.34810832,-0.71980198,1.72255351,4.06976367,-3.74282972,-4.28529132,13.65831999,5.94460249,-11.81636944,0.43556839,6.25404395,-1.84001301,-0.58552834,0.0,0.0,0.30635517,1.66454262
1760624788.69,8.12264498,0.13957265,-0.99323007,0.02876955,0.95896353,0.01371527,80.0,-7.0,0.0,80.0,1.3962634,0.0,0.0,0.0,80.0,-7.0,0.0,80.0,1.3962634,0.0,0.0,0.0,-10.33002742,-0.71755447,1.72706759,4.06827433,-3.76776025,-4.33857222,13.64263738,6.00524785,-11.83293468,0.45544367,6.26230938,-1.84626367,-0.61216573,0.0,0.0,0.31983089,1.67502831
1760624788.723,8.13103605,0.13738162,-0.98580065,0.02908346,0.95902921,0.0139135,80.0,-7.0,0.0,80.0,1.3962634,0.0,0.0,0.0,80.0,-7.0,0.0,80.0,1.3962634,0.0,0.0,0.0,-10.31664623,-0.72037678,1.73188625,4.06198568,-3.78643001,-4.37345711,13.63648065,5.99888343,-11.83800596,0.44834578,6.28498507,-1.85855077,-0.6409545,0.0,0.0,0.32628938,1.6727529
1760624788.757,8.17429067,0.08717807,-0.92537108,0.02878893,0.9594473,0.01429959,80.0,-7.0,0.0,80.0,1.3962634,0.0,0.0,0.0,80.0,-7.0,0.0,80.0,1.3962634,0.0,0.0,0.0,-10.41027028,-0.67062192,1.72782692,4.12119004,-3.79955436,-4.46542723,14.07948443,6.09077212,-12.31544728,0.40736521,6.38735369,-1.87712759,-0.60265767,0.0,0.0,0.3184961,1.68763524
1760624788.79,7.91118635,-0.02580247,-0.85496984,0.02995788,0.95870548,0.01395617,80.0,-7.0,0.0,80.0,1.3962634,0.0,0.0,0.0,80.0,-7.0,0.0,80.0,1.3962634,0.0,0.0,0.0,-10.10080084,-0.54696413,1.72279866,4.09473348,-3.81089467,-4.47413766,13.7629977,6.21002557,-12.07002087,0.46061802,6.34757454,-1.88378065,-0.57003158,0.0,0.0,0.32423807,1.69610836
1760624788.824,7.92697509,-0.03160536,-0.84165261,0.02951278,0.95910991,0.01370461,80.0,-7.0,0.0,80.0,1.3962634,0.0,0.0,0.0,80.0,-7.0,0.0,80.0,1.3962634,0.0,0.0,0.0,-10.09674203,-0.54187963,1.73125009,4.11472206,-3.81559228,-4.44546848,13.75997729,6.30168243,-12.11480038,0.45234183,6.34473945,-1.88084627,-0.54513353,0.0,0.0,0.36890836,1.69785099
1760624788.857,7.93830959,-0.03823464,-0.83860273,0.02927392,0.9591716,0.01387103,80.0,-7.0,0.0,80.0,1.3962634,0.0,0.0,0.0,80.0,-7.0,0.0,80.0,1.3962634,0.0,0.0,0.0,-10.09130811,-0.53665068,1.72882161,4.11727118,-3.83406589,-4.45240049,13.8000881,6.25238638,-12.08878597,0.48552851,6.33711273,-1.89018312,-0.56115637,0.0,0.0,0.43444767,1.72529472
1760624788.891,7.95555935,-0.04928706,-0.82588621,0.03017408,0.95933297,0.01381365,80.0,-7.0,0.0,80.0,1.3962634,0.0,0.0,0.0,80.0,-7.0,0.0,80.0,1.3962634,0.0,0.0,0.0,-10.09442224,-0.53124028,1.73514545,4.15902273,-3.84447758,-4.44962842,13.83308234,6.10418085,-12.12688633,0.48512665,6.31611508,-1.8897501,-0.58057679,0.0,0.0,0.51469888,1.75712888
1760624788.924,8.05111968,-0.07792786,-0.82943579,0.02974021,0.95967369,0.01396062,80.0,-7.0,0.0,80.0,1.3962634,0.0,0.0,0.0,80.0,-7.0,0.0,80.0,1.3962634,0.0,0.0,0.0,-10.09757017,-0.50089068,1.7115037,4.08880687,-3.82596594,-4.38302855,13.87785884,6.04922108,-12.15689882,0.47265699,6.21919765,-1.86805059,-0.63877053,0.0,0.0,0.53080888,1.76106408
1760624788.991,8.45819744,-0.21300499,-0.7509984,0.03013188,0.96042609,0.0140342,80.0,-7.0,0.0,80.0,1.3962634,0.0,0.0,0.0,80.0,-7.0,0.0,80.0,1.3962634,0.0,0.0,0.0,-10.45083399,-0.36946719,1.66993943,4.05880191,-3.78404744,-4.32890653,14.00619499,5.97544522,-12.30781429,0.45113644,6.18168219,-1.82992919,-0.69684669,0.0,0.0,0.52545252,1.77762305
1760624789.025,8.48065231,-0.21693448,-0.75521424,0.03018655,0.96053418,0.01436935,80.0,-7.0,0.0,80.0,1.3962634,0.0,0.0,0.0,80.0,-7.0,0.0,80.0,1.3962634,0.0,0.0,0.0,-10.44843199,-0.37610557,1.65788778,4.0366237,-3.7474704,-4.3341618,13.98738179,6.01870103,-12.32178525,0.46704836,6.1682772,-1.83103405,-0.68185459,0.0,0.0,0.4958781,1.80941758
1760624789.058,8.5072098,-0.22735801,-0.74899732,0.03022511,0.96070503,0.01459963,80.0,-7.0,0.0,80.0,1.3962634,0.0,0.0,0.0,80.0,-7.0,0.0,80.0,1.3962634,0.0,0.0,0.0,-10.44919075,-0.39077409,1.65510698,3.99368518,-3.69371155,-4.31956825,13.96571523,5.95450989,-12.29505491,0.45681543,6.13936367,-1.84753171,-0.65789197,0.0,0.0,0.49223445,1.7902357
1760624789.091,8.56528745,-0.24243949,-0.72759551,0.03005902,0.96100541,0.01492849,80.0,-7.0,0.0,80.0,1.3962634,0.0,0.0,0.0,80.0,-7.0,0.0,80.0,1.3962634,0.0,0.0,0.0,-10.4568416,-0.40831029,1.66620539,3.94841467,-3.62767868,-4.2898544,13.92160738,5.85886912,-12.30131306,0.4174234,6.0963343,-1.87940639,-0.66202157,0.0,0.0,0.48335543,1.79175309
1760624789.125,8.90670448,-0.29933182,-0.6909616,0.03155504,0.96139297,0.01458871,80.0,-7.0,0.0,80.0,1.3962634,0.0,0.0,0.0,80.0,-7.0,0.0,80.0,1.3962634,0.0,0.0,0.0,-10.73342746,-0.35602592,1.63621688,3.8917452,-3.59301798,-4.30625428,13.95787006,5.81722079,-12.3851863,0.4185937,6.01970537,-1.89172835,-0.6790533,0.0,0.0,0.45473795,1.78738507
1760624789.158,8.9567212,-0.30864975,-0.68367861,0.03149824,0.96143877,0.01417191,80.0,-7.0,0.0,80.0,1.3962634,0.0,0.0,0.0,80.0,-7.0,0.0,80.0,1.3962634,0.0,0.0,0.0,-10.71373639,-0.35489953,1.63543149,3.81889368,-3.57048106,-4.39554489,13.97263817,5.79041758,-12.39668597,0.40866476,5.93877885,-1.8956079,-0.69586323,0.0,0.0,0.45327823,1.77382589
1760624789.192,9.02379749,-0.3283269,-0.67106325,0.03184508,0.96168048,0.01412981,80.0,-7.0,0.0,80.0,1.3962634,0.0,0.0,0.0,80.0,-7.0,0.0,80.0,1.3962634,0.0,0.0,0.0,-10.71760444,-0.36219732,1.62625094,3.74394841,-3.5031239,-4.41974361,14.00357394,5.7299478,-12.44053248,0.38788206,5.83466489,-1.93133604,-0.70858878,0.0,0.0,0.44406618,1.7916171
1760624789.259,9.12977637,-0.33917319,-0.64755829,0.03277793,0.96209273,0.01409551,80.0,-7.0,0.0,80.0,1.3962634,0.0,0.0,0.0,80.0,-7.0,0.0,80.0,1.3962634,0.0,0.0,0.0,-10.62538449,-0.37995568,1.63258029,3.50150499,-3.410482,-4.56392888,13.9812022,5.79159895,-12.38631457,0.39260042,5.57881946,-1.96927346,-0.69165243,0.0,0.0,0.42751489,1.77006598
1760624789.292,9.17867873,-0.32510494,-0.6435021,0.0333588,0.96220502,0.01429221,80.0,-7.0,0.0,80.0,1.3962634,0.0,0.0,0.0,80.0,-7.0,0.0,80.0,1.3962634,0.0,0.0,0.0,-10.60528639,-0.39210166,1.62126159,3.43207991,-3.37192434,-4.55657648,13.91328583,5.7263263,-12.34852272,0.37070535,5.51004149,-1.98936622,-0.69460251,0.0,0.0,0.40395255,1.7696026
1760624789.326,9.36811305,-0.17518318,-0.59271992,0.03414981,0.96254722,0.0141683,80.0,-7.0,0.0,80.0,1.3962634,0.0,0.0,0.0,80.0,-7.0,0.0,80.0,1.3962634,0.0,0.0,0.0,-10.75272587,-0.52885252,1.55463537,3.40540055,-3.35461312,-4.55468783,13.79827346,5.71258024,-12.22148639,0.39606421,5.47314033,-2.00946351,-0.66375087,0.0,0.0,0.39217775,1.77412037
1760624789.359,9.38702542,-0.16824931,-0.59162521,0.03387912,0.96242433,0.01423915,80.0,-7.0,0.0,80.0,1.3962634,0.0,0.0,0.0,80.0,-7.0,0.0,80.0,1.3962634,0.0,0.0,0.0,-10.74773843,-0.52992639,1.55041275,3.38364124,-3.33963428,-4.60643038,13.82881757,5.75579461,-12.20038781,0.41953341,5.47257693,-2.02309284,-0.68237664,0.0,0.0,0.3778728,1.77172185
1760624789.392,9.41931267,-0.15451623,-0.58000088,0.03361301,0.96217784,0.01444312,80.0,-7.0,0.0,80.0,1.3962634,0.0,0.0,0.0,80.0,-7.0,0.0,80.0,1.3962634,0.0,0.0,0.0,-10.72892193,-0.52765413,1.55787485,3.37814118,-3.31640589,-4.6095546,13.81026818,5.75788126,-12.22655746,0.41737032,5.44319124,-2.03344216,-0.66630349,0.0,0.0,0.36687648,1.75536135
1760624789.426,9.45622215,-0.13888841,-0.55274392,0.03240124,0.96186621,0.01428022,80.0,-7.0,0.0,80.0,1.3962634,0.0,0.0,0.0,80.0,-7.0,0.0,80.0,1.3962634,0.0,0.0,0.0,-10.7158308,-0.5257286,1.58046185,3.3561088,-3.30242528,-4.60587503,13.8234863,5.69165922,-12.22052803,0.41384683,5.39721774,-2.03198973,-0.61174864,0.0,0.0,0.37849181,1.74245601
1760624789.459,9.51658266,-0.11286107,-0.51043258,0.03240801,0.96171146,0.01434418,80.0,-7.0,0.0,80.0,1.3962634,0.0,0.0,0.0,80.0,-7.0,0.0,80.0,1.3962634,0.0,0.0,0.0,-10.69593716,-0.53959066,1.60034221,3.30113427,-3.28255399,-4.63837403,13.86052217,5.68205089,-12.24820949,0.40978623,5.3304702,-2.03943866,-0.54099716,0.0,0.0,0.36464873,1.73286441
1760624789.493,9.5500815,-0.09821785,-0.49390735,0.03219147,0.96168716,0.01449277,80.0,-7.0,0.0,80.0,1.3962634,0.0,0.0,0.0,80.0,-7.0,0.0,80.0,1.3962634,0.0,0.0,0.0,-10.67244861,-0.54158583,1.60807462,3.27418135,-3.25522692,-4.57990032,13.84323213,5.68561552,-12.26613655,0.43323926,5.29747696,-2.03128816,-0.48093803,0.0,0.0,0.35991468,1.72473293
1760624789.526,9.75321834,0.02725192,-0.42846931,0.03155859,0.96211591,0.01445076,80.0,-7.0,0.0,80.0,1.3962634,0.0,0.0,0.0,80.0,-7.0,0.0,80.0,1.3962634,0.0,0.0,0.0,-10.82760256,-0.65096186,1.52507287,3.24834409,-3.22469289,-4.53068316,14.0302603,5.67290326,-12.43435335,0.42191482,5.25426639,-2.02961283,-0.42751718,0.0,0.0,0.35162574,1.71736783
1760624789.56,9.774505,0.04735452,-0.40835721,0.03129446,0.96210192,0.01444767,80.0,-7.0,0.0,80.0,1.3962634,0.0,0.0,0.0,80.0,-7.0,0.0,80.0,1.3962634,0.0,0.0,0.0,-10.79281489,-0.65686304,1.51838882,3.21343768,-3.20098079,-4.48947385,13.98131447,5.59647455,-12.36265369,0.41059028,5.18410685,-2.01386266,-0.36402476,0.0,0.0,0.34636726,1.70023487
1760624789.593,9.61849456,0.12183615,-0.33901458,0.03227422,0.96165434,0.01421101,80.0,-7.0,0.0,80.0,1.3962634,0.0,0.0,0.0,80.0,-7.0,0.0,80.0,1.3962634,0.0,0.0,0.0,-10.58391692,-0.73149769,1.46213095,3.19558375,-3.1517382,-4.44865846,13.54937079,5.60235225,-11.92568392,0.49266703,5.09772888,-1.99681265,-0.29369998,0.0,0.0,0.335003,1.69187799
1760624789.627,9.39820048,0.18881443,-0.2703743,0.03302354,0.96081474,0.01392735,80.0,-7.0,0.0,80.0,1.3962634,0.0,0.0,0.0,80.0,-7.0,0.0,80.0,1.3962634,0.0,0.0,0.0,-10.31875941,-0.7906007,1.41294437,3.17218616,-3.11760397,-4.4000275,13.27596029,5.56571158,-11.67421103,0.51768973,5.01634906,-1.96869928,-0.25515175,0.0,0.0,0.35101232,1.71247925
1760624789.66,9.15809004,0.26531264,-0.19819018,0.03357581,0.96041553,0.01365836,80.0,-7.0,0.0,80.0,1.3962634,0.0,0.0,0.0,80.0,-7.0,0.0,80.0,1.3962634,0.0,0.0,0.0,-10.01591476,-0.8685389,1.38539963,3.12128535,-3.07319336,-4.40206214,13.03602314,5.51431958,-11.4293925,0.53257971,4.91490697,-1.95012651,-0.22400796,0.0,0.0,0.37026579,1.72806626
1760624789.694,9.14833776,0.26778239,-0.17716725,0.0342111,0.96050883,0.0136798,80.0,-7.0,0.0,80.0,1.3962634,0.0,0.0,0.0,80.0,-7.0,0.0,80.0,1.3962634,0.0,0.0,0.0,-10.00375654,-0.87928648,1.40103171,3.11410795,-3.04584531,-4.37456384,13.04992042,5.49032748,-11.40593439,0.55874615,4.88410829,-1.9238433,-0.19382463,0.0,0.0,0.3696802,1.76689409
1760624789.727,9.12594842,0.28656622,-0.15150666,0.03482887,0.96049336,0.01384076,80.0,-7.0,0.0,80.0,1.3962634,0.0,0.0,0.0,80.0,-7.0,0.0,80.0,1.3962634,0.0,0.0,0.0,-9.92830519,-0.92047699,1.40638262,3.05393616,-2.99616842,-4.36784028,13.00244149,5.49585285,-11.39006372,0.5468921,4.81392925,-1.91765138,-0.15108569,0.0,0.0,0.37128237,1.74974468
1760624789.76,8.78986547,0.38593717,-0.10326287,0.0351192,0.95987512,0.01377218,80.0,-7.0,0.0,80.0,1.3962634,0.0,0.0,0.0,80.0,-7.0,0.0,80.0,1.3962634,0.0,0.0,0.0,-9.56620097,-1.0374487,1.38474926,3.02518186,-2.9616871,-4.35293164,12.2657012,5.50420218,-10.67467102,0.64902187,4.75991086,-1.91822321,-0.10990819,0.0,0.0,0.37524298,1.75050862
1760624789.794,8.54020555,0.44085975,-0.06370123,0.03570519,0.95931702,0.01378258,80.0,-7.0,0.0,80.0,1.3962634,0.0,0.0,0.0,80.0,-7.0,0.0,80.0,1.3962634,0.0,0.0,0.0,-9.28629846,-1.11073024,1.38728788,2.96861931,-2.92807981,-4.33661333,12.00639691,5.46886788,-10.38731736,0.66526508,4.70252456,-1.92852732,-0.08239313,0.0,0.0,0.39123145,1.76839495
1760624789.827,8.53194427,0.44078199,-0.06728661,0.03564479,0.95927284,0.01381022,80.0,-7.0,0.0,80.0,1.3962634,0.0,0.0,0.0,80.0,-7.0,0.0,80.0,1.3962634,0.0,0.0,0.0,-9.28712929,-1.11252291,1.3831306,2.95721218,-2.93094143,-4.32766877,11.99736102,5.45866668,-10.39228877,0.65707246,4.69594214,-1.93202959,-0.07125939,0.0,0.0,0.40592627,1.76799157
1760624789.861,8.24194554,0.55148975,-0.05572779,0.03501485,0.95868166,0.01376759,80.0,-7.0,0.0,80.0,1.3962634,0.0,0.0,0.0,80.0,-7.0,0.0,80.0,1.3962634,0.0,0.0,0.0,-8.95856042,-1.23702266,1.37897117,2.90408328,-2.92504208,-4.33550309,11.97029719,5.42783808,-10.35375064,0.67193535,4.61071366,-1.95252345,-0.05552306,0.0,0.0,0.41947718,1.78295207
1760624789.894,8.18578561,0.56278919,-0.05737535,0.03465126,0.9586026,0.01403588,80.0,-7.0,0.0,80.0,1.3962634,0.0,0.0,0.0,80.0,-7.0,0.0,80.0,1.3962634,0.0,0.0,0.0,-8.90996961,-1.28749275,1.37975427,2.8775232,-2.88590561,-4.25091031,11.71303553,5.37450478,-10.06195878,0.6907078,4.58379589,-1.99576452,-0.06379393,0.0,0.0,0.41204918,1.75282746
1760624789.928,8.17814827,0.55810482,-0.06162599,0.03443396,0.95869183,0.01403864,80.0,-7.0,0.0,80.0,1.3962634,0.0,0.0,0.0,80.0,-7.0,0.0,80.0,1.3962634,0.0,0.0,0.0,-8.91641941,-1.29299706,1.37516063,2.87300259,-2.8919316,-4.27701902,11.70888816,5.37538494,-10.06748112,0.68886483,4.57768222,-2.00397097,-0.08098768,0.0,0.0,0.41550622,1.75073582
1760624789.961,8.17229772,0.55122013,-0.05297922,0.03479593,0.95889454,0.01403062,80.0,-7.0,0.0,80.0,1.3962634,0.0,0.0,0.0,80.0,-7.0,0.0,80.0,1.3962634,0.0,0.0,0.0,-8.90836621,-1.30820475,1.38494452,2.85632281,-2.88388212,-4.27648986,11.7058117,5.33235703,-10.06720881,0.66485194,4.55678427,-2.01999276,-0.07451411,0.0,0.0,0.4169237,1.77261561
1760624789.994,8.1592994,0.53833841,-0.05667741,0.03489184,0.9589073,0.01403627,80.0,-7.0,0.0,80.0,1.3962634,0.0,0.0,0.0,80.0,-7.0,0.0,80.0,1.3962634,0.0,0.0,0.0,-8.91145814,-1.32599646,1.38220732,2.81370505,-2.86362245,-4.2832071,11.73858386,5.41261053,-10.03257798,0.67675087,4.55375094,-2.0223165,-0.09058908,0.0,0.0,0.41408701,1.73642264
1760624790.028,8.09108334,0.55267184,-0.09341424,0.03568845,0.95871212,0.01395415,80.0,-7.0,0.0,80.0,1.3962634,0.0,0.0,0.0,80.0,-7.0,0.0,80.0,1.3962634,0.0,0.0,0.0,-8.81186235,-1.36556544,1.43533827,2.76922293,-2.85991125,-4.35776177,11.92616743,5.46158301,-10.28922468,0.68035547,4.50776217,-2.02855548,-0.10107234,0.0,0.0,0.41643407,1.74896587
1760624790.061,8.08753545,0.54286458,-0.10389437,0.03625732,0.95863154,0.01385778,80.0,-7.0,0.0,80.0,1.3962634,0.0,0.0,0.0,80.0,-7.0,0.0,80.0,1.3962634,0.0,0.0,0.0,-8.80656249,-1.37036292,1.43048897,2.76317579,-2.84561479,-4.33262255,11.88423914,5.45649594,-10.31252481,0.70589005,4.50393293,-2.01598793,-0.10132954,0.0,0.0,0.42652646,1.74743473
1760624790.095,8.07987506,0.52940438,-0.11101709,0.03642732,0.95869422,0.01368531,80.0,-7.0,0.0,80.0,1.3962634,0.0,0.0,0.0,80.0,-7.0,0.0,80.0,1.3962634,0.0,0.0,0.0,-8.80273308,-1.37384389,1.43256582,2.73969498,-2.83588403,-4.36131607,11.83015462,5.60012363,-10.35949417,0.82439392,4.5112777,-1.99899793,-0.14388041,0.0,0.0,0.4338682,1.74906183
1760624790.128,8.07760483,0.52423159,-0.11567656,0.03562841,0.95888727,0.01344922,80.0,-7.0,0.0,80.0,1.3962634,0.0,0.0,0.0,80.0,-7.0,0.0,80.0,1.3962634,0.0,0.0,0.0,-8.82767427,-1.36245027,1.44460558,2.75735808,-2.83928007,-4.3580689,11.83947225,5.50748877,-10.35513904,0.80641437,4.55779233,-1.96828717,-0.1520662,0.0,0.0,0.43183269,1.74285589
1760624790.162,8.23110727,0.42260139,-0.23449191,0.03607622,0.95903247,0.01359751,80.0,-7.0,0.0,80.0,1.3962634,0.0,0.0,0.0,80.0,-7.0,0.0,80.0,1.3962634,0.0,0.0,0.0,-9.04187377,-1.27513137,1.56830945,2.81035281,-2.84551986,-4.33655492,12.05694532,5.44477084,-10.58519529,0.76234306,4.63873119,-1.95074928,-0.16266589,0.0,0.0,0.43260385,1.77094905
1760624790.195,8.47124153,0.39983622,-0.35150902,0.03630584,0.95955485,0.01392183,80.0,-7.0,0.0,80.0,1.3962634,0.0,0.0,0.0,80.0,-7.0,0.0,80.0,1.3962634,0.0,0.0,0.0,-9.3649873,-1.27018702,1.64884036,2.88037355,-2.85913028,-4.32022482,12.43715288,5.42510183,-10.93678217,0.71544884,4.76841166,-1.95522124,-0.22123053,0.0,0.0,0.41665172,1.78659651
1760624790.229,8.68352982,0.34130992,-0.46530019,0.03580943,0.95986096,0.01400679,80.0,-7.0,0.0,80.0,1.3962634,0.0,0.0,0.0,80.0,-7.0,0.0,80.0,1.3962634,0.0,0.0,0.0,-9.63759972,-1.22509848,1.75884431,2.94170177,-2.8834907,-4.32288722,12.63351671,5.39508678,-11.15229267,0.67357975,4.83976581,-1.96622138,-0.20544039,0.0,0.0,0.41339671,1.77808389
1760624790.262,8.67130418,0.33322212,-0.47972892,0.03517184,0.95987825,0.01382673,80.0,-7.0,0.0,80.0,1.3962634,0.0,0.0,0.0,80.0,-7.0,0.0,80.0,1.3962634,0.0,0.0,0.0,-9.71300986,-1.20961085,1.78275489,3.01085004,-2.92677866,-4.38451677,12.6715952,5.44809222,-11.20544182,0.67566656,4.93117548,-1.98483225,-0.16038903,0.0,0.0,0.43243092,1.78416233
1760624790.296,8.67689568,0.31677517,-0.51937528,0.0345223,0.95989191,0.01379393,80.0,-7.0,0.0,80.0,1.3962634,0.0,0.0,0.0,80.0,-7.0,0.0,80.0,1.3962634,0.0,0.0,0.0,-9.78191825,-1.1829943,1.78874733,3.06350267,-2.95874777,-4.36228822,12.72631747,5.4864107,-11.20509242,0.65990414,4.99889987,-2.00725589,-0.23064616,0.0,0.0,0.44285265,1.80898207
1760624790.329,8.82090583,0.23710459,-0.64295115,0.03443199,0.96004326,0.01409367,80.0,-7.0,0.0,80.0,1.3962634,0.0,0.0,0.0,80.0,-7.0,0.0,80.0,1.3962634,0.0,0.0,0.0,-10.02158374,-1.1147592,1.85219327,3.12432869,-3.00929304,-4.38974949,13.0667699,5.62822443,-11.5199833,0.69151136,5.10834963,-2.02782749,-0.29564463,0.0,0.0,0.43956107,1.79188067
1760624790.363,8.76551522,0.23934247,-0.68249906,0.03369556,0.95996976,0.01409556,80.0,-7.0,0.0,80.0,1.3962634,0.0,0.0,0.0,80.0,-7.0,0.0,80.0,1.3962634,0.0,0.0,0.0,-10.07260222,-1.09986415,1.85273782,3.22633826,-3.05268816,-4.37274013,12.97973754,5.79003265,-11.51063838,0.76747412,5.17635355,-2.04613941,-0.3053162,0.0,0.0,0.49797634,1.78939976
1760624790.396,8.67900132,0.21419259,-0.75055664,0.03287996,0.95993707,0.01409243,80.0,-7.0,0.0,80.0,1.3962634,0.0,0.0,0.0,80.0,-7.0,0.0,80.0,1.3962634,0.0,0.0,0.0,-10.05513917,-1.06883021,1.91746017,3.28535423,-3.08816626,-4.38174429,12.71974665,5.84695183,-11.24385359,0.81010264,5.21042853,-2.0542813,-0.29842361,0.0,0.0,0.52178104,1.78297924
1760624790.429,8.63343909,0.22531501,-0.76685435,0.03326997,0.95976485,0.01405713,80.0,-7.0,0.0,80.0,1.3962634,0.0,0.0,0.0,80.0,-7.0,0.0,80.0,1.3962634,0.0,0.0,0.0,-10.09361105,-1.05433143,1.92041983,3.3595412,-3.14005734,-4.42968262,12.77183316,5.91246709,-11.25570304,0.82690066,5.27114754,-2.04821667,-0.33203878,0.0,0.0,0.51781726,1.78573996
1760624790.463,8.57871758,0.23990948,-0.78375646,0.03267343,0.95973902,0.01391146,80.0,-7.0,0.0,80.0,1.3962634,0.0,0.0,0.0,80.0,-7.0,0.0,80.0,1.3962634,0.0,0.0,0.0,-10.14801824,-1.03092808,1.92376772,3.4561432,-3.16968683,-4.39131514,12.79722541,5.86403223,-11.25447983,0.7764849,5.37068478,-2.0306523,-0.32141756,0.0,0.0,0.49817301,1.76759779
1760624790.496,8.54756708,0.2472932,-0.80385232,0.03307134,0.95964886,0.01353596,80.0,-7.0,0.0,80.0,1.3962634,0.0,0.0,0.0,80.0,-7.0,0.0,80.0,1.3962634,0.0,0.0,0.0,-10.17466953,-1.00340439,1.92002771,3.51532548,-3.21353474,-4.39098744,12.80084072,5.89056694,-11.24153796,0.75890042,5.42839008,-2.01479928,-0.3241978,0.0,0.0,0.49688943,1.80509432
1760624790.53,8.57805508,0.1781549,-0.82158069,0.03287041,0.95962563,0.01341248,80.0,-7.0,0.0,80.0,1.3962634,0.0,0.0,0.0,80.0,-7.0,0.0,80.0,1.3962634,0.0,0.0,0.0,-10.29274555,-0.90917966,1.97956367,3.61137543,-3.24912872,-4.43343069,13.08592514,5.89095514,-11.49277267,0.72934669,5.530009,-2.00024873,-0.30699281,0.0,0.0,0.48179241,1.78437751
1760624790.563,8.55704777,0.1962561,-0.79815247,0.03204354,0.95933848,0.01309034,80.0,-7.0,0.0,80.0,1.3962634,0.0,0.0,0.0,80.0,-7.0,0.0,80.0,1.3962634,0.0,0.0,0.0,-10.32285466,-0.87848105,2.01338478,3.68538785,-3.2958616,-4.48085004,13.08377292,5.85309061,-11.50473436,0.71616937,5.5910034,-1.98723157,-0.25825549,0.0,0.0,0.48512702,1.78822626
1760624790.597,8.52568905,0.19919588,-0.79092514,0.03178986,0.95927025,0.01288798,80.0,-7.0,0.0,80.0,1.3962634,0.0,0.0,0.0,80.0,-7.0,0.0,80.0,1.3962634,0.0,0.0,0.0,-10.37742325,-0.84122736,2.03199978,3.7821705,-3.359521,-4.53119854,13.1079698,5.9116626,-11.51416605,0.7244136,5.71290387,-1.98292929,-0.23735578,0.0,0.0,0.47933179,1.78713262
1760624790.664,8.4951516,0.22137287,-0.78939511,0.03170616,0.95944999,0.01244937,80.0,-7.0,0.0,80.0,1.3962634,0.0,0.0,0.0,80.0,-7.0,0.0,80.0,1.3962634,0.0,0.0,0.0,-10.44191866,-0.76736868,2.05048306,3.92123224,-3.50076399,-4.55122145,13.11994582,5.94534989,-11.58708187,0.71078356,5.87789771,-1.96927611,-0.26087779,0.0,0.0,0.47281829,1.75595571
1760624790.73,8.3689903,0.06062051,-0.74715572,0.03142127,0.95923206,0.01235821,80.0,-7.0,0.0,80.0,1.3962634,0.0,0.0,0.0,80.0,-7.0,0.0,80.0,1.3962634,0.0,0.0,0.0,-10.25715087,-0.550441,2.1188073,3.89301977,-3.59309128,-4.69873656,13.35366734,5.99215599,-11.80128596,0.68474095,5.84234894,-1.97846036,-0.24290952,0.0,0.0,0.47769633,1.73731761
1760624790.764,8.3504604,0.07007032,-0.71933138,0.032065,0.95914632,0.01181317,80.0,-7.0,0.0,80.0,1.3962634,0.0,0.0,0.0,80.0,-7.0,0.0,80.0,1.3962634,0.0,0.0,0.0,-10.23358973,-0.5238319,2.14673352,3.91657515,-3.65190873,-4.79409767,13.39646259,6.05409058,-11.87013072,0.69845739,5.85457543,-1.96766374,-0.25728397,0.0,0.0,0.49068231,1.73752679
1760624790.797,8.34370665,0.07102396,-0.70359834,0.03259306,0.95897359,0.011651,80.0,-7.0,0.0,80.0,1.3962634,0.0,0.0,0.0,80.0,-7.0,0.0,80.0,1.3962634,0.0,0.0,0.0,-10.21501612,-0.515999,2.16136654,3.92097401,-3.66797362,-4.80451736,13.39807092,5.99186133,-11.87941481,0.67638924,5.85006294,-1.97877288,-0.24960747,0.0,0.0,0.50131631,1.73791911
1760624790.831,8.32418266,0.06261778,-0.66101267,0.03317105,0.95910033,0.01167907,80.0,-7.0,0.0,80.0,1.3962634,0.0,0.0,0.0,80.0,-7.0,0.0,80.0,1.3962634,0.0,0.0,0.0,-10.16152627,-0.50084969,2.18824496,3.8877096,-3.69346865,-4.88428483,13.45557002,6.03143451,-11.91900069,0.69918263,5.84114787,-1.98021156,-0.17897139,0.0,0.0,0.49445458,1.72441951
1760624790.864,8.24690305,0.04573358,-0.64017021,0.03242233,0.95904837,0.0116589,80.0,-7.0,0.0,80.0,1.3962634,0.0,0.0,0.0,80.0,-7.0,0.0,80.0,1.3962634,0.0,0.0,0.0,-10.07783023,-0.48830414,2.16300404,3.87927098,-3.67585418,-4.82666078,13.37156662,5.97565143,-11.84401112,0.70640657,5.90844254,-1.97593317,-0.22300353,0.0,0.0,0.5010112,1.72754019
1760624790.898,8.22884153,0.04103708,-0.60770783,0.03174706,0.95913393,0.01163903,80.0,-7.0,0.0,80.0,1.3962634,0.0,0.0,0.0,80.0,-7.0,0.0,80.0,1.3962634,0.0,0.0,0.0,-10.09245386,-0.49538259,2.17456511,3.92339757,-3.64825271,-4.79811516,13.39804191,5.92931745,-11.87210623,0.70096194,6.01447063,-1.94821735,-0.17133427,0.0,0.0,0.48115002,1.73222196
1760624790.931,8.24149713,0.03431418,-0.60376225,0.03136588,0.95920886,0.01171703,80.0,-7.0,0.0,80.0,1.3962634,0.0,0.0,0.0,80.0,-7.0,0.0,80.0,1.3962634,0.0,0.0,0.0,-10.07746087,-0.50183439,2.16964571,3.90554421,-3.62973406,-4.77312714,13.4417507,5.92518196,-11.84858504,0.71927457,6.0541384,-1.91843618,-0.13267163,0.0,0.0,0.50285481,1.76093741
1760624790.965,8.26174972,0.03284466,-0.56954935,0.03053411,0.95935119,0.01156933,80.0,-7.0,0.0,80.0,1.3962634,0.0,0.0,0.0,80.0,-7.0,0.0,80.0,1.3962634,0.0,0.0,0.0,-10.00508732,-0.51280282,2.16571192,3.85698484,-3.60740138,-4.82256885,13.47126064,5.89364836,-11.88993184,0.718159,6.0185709,-1.86175419,-0.03660875,0.0,0.0,0.49931253,1.77383774
1760624790.998,8.26831231,0.02739924,-0.57674807,0.0314602,0.95944932,0.01155198,80.0,-7.0,0.0,80.0,1.3962634,0.0,0.0,0.0,80.0,-7.0,0.0,80.0,1.3962634,0.0,0.0,0.0,-9.97428053,-0.51962926,2.14362621,3.8586158,-3.59732925,-4.78416637,13.49853129,5.84021633,-11.88661155,0.7121778,6.01308113,-1.82216032,0.01217546,0.0,0.0,0.48819056,1.7704417
1760624791.032,8.05137059,0.12680638,-0.43882472,0.03151819,0.95900399,0.01112056,80.0,-7.0,0.0,80.0,1.3962634,0.0,0.0,0.0,80.0,-7.0,0.0,80.0,1.3962634,0.0,0.0,0.0,-9.65513947,-0.60056687,1.95461536,3.7697004,-3.59003647,-4.8390504,13.60991174,5.96267503,-11.9419702,0.72801306,5.90881874,-1.79690523,0.13959671,0.0,0.0,0.51234914,1.81954406
1760624791.065,8.07222505,0.11974146,-0.44585871,0.03127739,0.95900843,0.01119485,80.0,-7.0,0.0,80.0,1.3962634,0.0,0.0,0.0,80.0,-7.0,0.0,80.0,1.3962634,0.0,0.0,0.0,-9.64509414,-0.60928949,1.93796381,3.78357299,-3.57152095,-4.82992912,13.605666,5.89262334,-11.96770074,0.7261965,5.88420279,-1.80460716,0.18656697,0.0,0.0,0.51818738,1.83044769
1760624791.098,8.10536217,0.11246263,-0.4373841,0.03085817,0.95901548,0.01160734,80.0,-7.0,0.0,80.0,1.3962634,0.0,0.0,0.0,80.0,-7.0,0.0,80.0,1.3962634,0.0,0.0,0.0,-9.63121563,-0.62462901,1.93063511,3.74838825,-3.53284691,-4.80771819,13.60683297,5.82104504,-11.97247744,0.70800153,5.85006401,-1.82368995,0.21229379,0.0,0.0,0.48970693,1.80515254
1760624791.132,8.18345909,0.10984115,-0.4088242,0.03141104,0.95910826,0.0117361,80.0,-7.0,0.0,80.0,1.3962634,0.0,0.0,0.0,80.0,-7.0,0.0,80.0,1.3962634,0.0,0.0,0.0,-9.61799943,-0.65387925,1.9152075,3.65191604,-3.47124897,-4.83988925,13.67437181,5.85789099,-12.0021163,0.69111417,5.76696152,-1.8725786,0.21269579,0.0,0.0,0.51198433,1.82086725
1760624791.165,8.24939105,0.12466142,-0.38312557,0.03169762,0.95932004,0.0118045,80.0,-7.0,0.0,80.0,1.3962634,0.0,0.0,0.0,80.0,-7.0,0.0,80.0,1.3962634,0.0,0.0,0.0,-9.60917621,-0.66838762,1.88646015,3.58785696,-3.44611539,-4.8466434,13.71163963,5.79387163,-12.06180114,0.66877172,5.7011986,-1.89854052,0.15574175,0.0,0.0,0.50346183,1.82879946
1760624791.199,8.30470884,0.12621021,-0.34594464,0.03040137,0.95945141,0.01187446,80.0,-7.0,0.0,80.0,1.3962634,0.0,0.0,0.0,80.0,-7.0,0.0,80.0,1.3962634,0.0,0.0,0.0,-9.59357443,-0.68584857,1.89060869,3.51647148,-3.40077523,-4.86892816,13.68952932,5.76361832,-12.05717153,0.68998878,5.63070946,-1.92503581,0.1310404,0.0,0.0,0.47010331,1.8043724
1760624791.232,8.36118586,0.12782038,-0.30215357,0.03091929,0.95956683,0.01215015,80.0,-7.0,0.0,80.0,1.3962634,0.0,0.0,0.0,80.0,-7.0,0.0,80.0,1.3962634,0.0,0.0,0.0,-9.57469299,-0.70481271,1.90131349,3.45327097,-3.32187827,-4.86697624,13.65643591,5.65582569,-12.04165114,0.68005149,5.5455954,-1.94647822,0.0825186,0.0,0.0,0.47332411,1.79630882
1760624791.266,8.43141884,0.12744581,-0.27700576,0.03151,0.95964281,0.01234364,80.0,-7.0,0.0,80.0,1.3962634,0.0,0.0,0.0,80.0,-7.0,0.0,80.0,1.3962634,0.0,0.0,0.0,-9.54690445,-0.72655018,1.88777863,3.35628574,-3.2673143,-4.86926477,13.62205183,5.6410519,-11.98777535,0.70255595,5.42730753,-1.97432182,0.07949606,0.0,0.0,0.46257232,1.82761789
1760624791.299,8.4336003,0.18639382,-0.1669923,0.03276043,0.95942307,0.01228499,80.0,-7.0,0.0,80.0,1.3962634,0.0,0.0,0.0,80.0,-7.0,0.0,80.0,1.3962634,0.0,0.0,0.0,-9.46466795,-0.78796354,1.80526481,3.29720539,-3.19703098,-4.79634631,13.14996624,5.52333608,-11.51979272,0.72761193,5.30429291,-1.97310756,0.08643531,0.0,0.0,0.46884035,1.82240405
1760624791.333,8.32438404,0.1981642,-0.0834665,0.03398395,0.95891529,0.01210709,80.0,-7.0,0.0,80.0,1.3962634,0.0,0.0,0.0,80.0,-7.0,0.0,80.0,1.3962634,0.0,0.0,0.0,-9.23642539,-0.8073479,1.74438327,3.1919539,-3.13465909,-4.78139687,12.74177968,5.51203971,-11.08543843,0.80610337,5.13293082,-1.96248429,0.09741315,0.0,0.0,0.44486626,1.80953198
1760624791.366,8.15827898,0.21067131,-0.0163097,0.03397738,0.95845552,0.01204064,80.0,-7.0,0.0,80.0,1.3962634,0.0,0.0,0.0,80.0,-7.0,0.0,80.0,1.3962634,0.0,0.0,0.0,-8.99017523,-0.82760672,1.69654385,3.12150434,-3.08300835,-4.76135801,12.09806128,5.52400801,-10.43108159,0.88023692,5.01790746,-1.95231135,0.09563367,0.0,0.0,0.4586308,1.80613296
1760624791.4,8.06997683,0.23040347,0.03051534,0.0339211,0.95823421,0.01207169,80.0,-7.0,0.0,80.0,1.3962634,0.0,0.0,0.0,80.0,-7.0,0.0,80.0,1.3962634,0.0,0.0,0.0,-8.85287012,-0.86007953,1.65568843,3.08449947,-3.04392363,-4.72991649,11.80517764,5.45361827,-10.14380737,0.9177331,4.94777696,-1.95102478,0.10061158,0.0,0.0,0.46564055,1.82142965
1760624791.433,8.09505358,0.22784884,0.0749258,0.03307311,0.95828913,0.01218227,80.0,-7.0,0.0,80.0,1.3962634,0.0,0.0,0.0,80.0,-7.0,0.0,80.0,1.3962634,0.0,0.0,0.0,-8.85460496,-0.87593757,1.62547064,3.05566657,-3.00642886,-4.70871225,11.50487399,5.46319225,-9.84985656,0.96275375,4.9323415,-1.94169849,0.11745845,0.0,0.0,0.44323268,1.80412575
1760624791.466,8.10082084,0.22053999,0.07504562,0.0328169,0.95833693,0.01253788,80.0,-7.0,0.0,80.0,1.3962634,0.0,0.0,0.0,80.0,-7.0,0.0,80.0,1.3962634,0.0,0.0,0.0,-8.85923875,-0.88377898,1.6181192,3.03804028,-2.98506038,-4.71216224,11.51396108,5.51356648,-9.83976787,0.95656459,4.96654432,-1.9383563,0.06837315,0.0,0.0,0.4351003,1.8062171
1760624791.5,8.19272402,0.21537286,0.11302219,0.03168169,0.95866419,0.0126699,80.0,-7.0,0.0,80.0,1.3962634,0.0,0.0,0.0,80.0,-7.0,0.0,80.0,1.3962634,0.0,0.0,0.0,-8.8943831,-0.89777625,1.59746866,2.97340909,-2.95981801,-4.72983691,11.21436898,5.49601218,-9.56666332,0.99304392,4.94774011,-1.96055987,-0.01956868,0.0,0.0,0.45278613,1.82328305
1760624791.533,8.2164308,0.20814883,0.14998189,0.03282209,0.95871987,0.01304384,80.0,-7.0,0.0,80.0,1.3962634,0.0,0.0,0.0,80.0,-7.0,0.0,80.0,1.3962634,0.0,0.0,0.0,-8.85613293,-0.91671344,1.62585279,2.89625025,-2.91132246,-4.73100775,11.20550844,5.45303688,-9.57551448,0.97199584,4.90374938,-1.98211208,0.03123799,0.0,0.0,0.44857045,1.78281517
1760624791.567,8.23658164,0.20509132,0.17402842,0.03400737,0.95880125,0.013175,80.0,-7.0,0.0,80.0,1.3962634,0.0,0.0,0.0,80.0,-7.0,0.0,80.0,1.3962634,0.0,0.0,0.0,-8.81706215,-0.9315667,1.64727949,2.81678245,-2.88527298,-4.76833347,11.20899459,5.48556527,-9.56482029,0.9766684,4.84027609,-2.00695394,0.06795318,0.0,0.0,0.47093681,1.76009236
1760624791.6,8.21436248,0.23868449,0.17398297,0.03349802,0.95876581,0.0130554,80.0,-7.0,0.0,80.0,1.3962634,0.0,0.0,0.0,80.0,-7.0,0.0,80.0,1.3962634,0.0,0.0,0.0,-8.70745542,-0.98399279,1.67050495,2.72944668,-2.85944623,-4.80795179,10.80282174,5.4807147,-9.18926608,1.02020221,4.75447542,-2.02394578,0.04385478,0.0,0.0,0.47133916,1.76713982
1760624791.634,8.3939834,0.25118458,0.13245592,0.03466666,0.95891382,0.01306778,80.0,-7.0,0.0,80.0,1.3962634,0.0,0.0,0.0,80.0,-7.0,0.0,80.0,1.3962634,0.0,0.0,0.0,-8.93207159,-1.00781757,1.67184848,2.77030722,-2.85433653,-4.78320068,11.61574308,5.47437284,-9.98901762,0.91122464,4.80824852,-2.01482939,0.05166627,0.0,0.0,0.43330214,1.74180044
1760624791.667,8.39315111,0.24505935,0.12469101,0.0347584,0.95877307,0.01295875,80.0,-7.0,0.0,80.0,1.3962634,0.0,0.0,0.0,80.0,-7.0,0.0,80.0,1.3962634,0.0,0.0,0.0,-8.93767091,-1.01292479,1.66454665,2.77510209,-2.84086504,-4.78494155,11.62168828,5.47396962,-9.99304615,0.91398142,4.8017378,-2.00356791,0.06500119,0.0,0.0,0.43374556,1.74668266
1760624791.701,8.59482808,0.24235807,0.08603853,0.03420007,0.95906071,0.01292182,80.0,-7.0,0.0,80.0,1.3962634,0.0,0.0,0.0,80.0,-7.0,0.0,80.0,1.3962634,0.0,0.0,0.0,-9.15310798,-1.03579692,1.68287711,2.77619199,-2.82249893,-4.77850675,12.01472394,5.4481011,-10.40963621,0.85033771,4.81897206,-1.99036937,0.03007528,0.0,0.0,0.42604014,1.7434863
1760624791.734,8.58664626,0.23058812,0.07982689,0.03402947,0.9589247,0.01280115,80.0,-7.0,0.0,80.0,1.3962634,0.0,0.0,0.0,80.0,-7.0,0.0,80.0,1.3962634,0.0,0.0,0.0,-9.16537583,-1.04608124,1.67641232,2.77071163,-2.80832998,-4.75519529,12.02448461,5.45529212,-10.40265024,0.85386233,4.81312697,-1.96574372,0.05896969,0.0,0.0,0.4223807,1.74882055
1760624791.767,8.72168572,0.2355772,0.04160395,0.03440619,0.95912811,0.01267725,80.0,-7.0,0.0,80.0,1.3962634,0.0,0.0,0.0,80.0,-7.0,0.0,80.0,1.3962634,0.0,0.0,0.0,-9.36445184,-1.06224094,1.69739137,2.80810924,-2.80354681,-4.71862939,12.31930884,5.43964008,-10.67646306,0.81640785,4.86163135,-1.94150894,0.08816702,0.0,0.0,0.43290491,1.76578138
1760624791.801,8.71807837,0.22729615,0.03230322,0.03449286,0.95905371,0.01257831,80.0,-7.0,0.0,80.0,1.3962634,0.0,0.0,0.0,80.0,-7.0,0.0,80.0,1.3962634,0.0,0.0,0.0,-9.37086209,-1.06850919,1.68801947,2.80849435,-2.80578409,-4.71010427,12.32647692,5.44138734,-10.67484458,0.81504953,4.85512068,-1.92744134,0.1150292,0.0,0.0,0.43571944,1.77481619
1760624791.834,8.7124232,0.22039976,0.03046958,0.03447087,0.9590847,0.01245822,80.0,-7.0,0.0,80.0,1.3962634,0.0,0.0,0.0,80.0,-7.0,0.0,80.0,1.3962634,0.0,0.0,0.0,-9.37973524,-1.07517032,1.68634919,2.80886326,-2.80238034,-4.69138806,12.33954412,5.44374945,-10.67331143,0.82115187,4.83996848,-1.91171965,0.15441818,0.0,0.0,0.43778817,1.78014341
1760624791.868,8.74526802,0.22183981,0.04468484,0.03459207,0.95933716,0.0124228,80.0,-7.0,0.0,80.0,1.3962634,0.0,0.0,0.0,80.0,-7.0,0.0,80.0,1.3962634,0.0,0.0,0.0,-9.40180705,-1.08883519,1.70794309,2.75834733,-2.78626291,-4.68865481,12.37812439,5.42885592,-10.69175371,0.82547454,4.80987934,-1.92160825,0.2257953,0.0,0.0,0.45105248,1.78940398
1760624791.901,8.74300786,0.22002412,0.04054694,0.03509829,0.95953066,0.01244131,80.0,-7.0,0.0,80.0,1.3962634,0.0,0.0,0.0,80.0,-7.0,0.0,80.0,1.3962634,0.0,0.0,0.0,-9.40454239,-1.0906071,1.7038628,2.76475084,-2.78730157,-4.6848509,12.38369253,5.43137006,-10.69293871,0.82296131,4.81002125,-1.92164651,0.23527175,0.0,0.0,0.44717849,1.78866773
1760624791.935,8.76295624,0.2192509,0.04135603,0.03740547,0.95928795,0.01250959,80.0,-7.0,0.0,80.0,1.3962634,0.0,0.0,0.0,80.0,-7.0,0.0,80.0,1.3962634,0.0,0.0,0.0,-9.36072312,-1.11847058,1.72007741,2.67777003,-2.76675296,-4.71427841,12.36620573,5.41825152,-10.6422058,0.81848214,4.71667981,-1.9651895,0.23669674,0.0,0.0,0.45603765,1.81443533
1760624791.968,8.8295239,0.24767473,-0.01047438,0.03685888,0.95970763,0.01263541,80.0,-7.0,0.0,80.0,1.3962634,0.0,0.0,0.0,80.0,-7.0,0.0,80.0,1.3962634,0.0,0.0,0.0,-9.3852479,-1.16642244,1.7630463,2.63313844,-2.74333184,-4.68623851,12.075556,5.46107061,-10.38263504,0.82957214,4.66072878,-1.96921602,0.23210224,0.0,0.0,0.43463981,1.80066595
1760624792.002,8.83270184,0.24603082,-0.01111027,0.03650753,0.95982437,0.01264541,80.0,-7.0,0.0,80.0,1.3962634,0.0,0.0,0.0,80.0,-7.0,0.0,80.0,1.3962634,0.0,0.0,0.0,-9.38808128,-1.16849301,1.76361264,2.65252318,-2.75630393,-4.71731479,12.07692086,5.44859535,-10.38131451,0.83154746,4.64016915,-1.98344219,0.20455864,0.0,0.0,0.42543375,1.78966985
1760624792.035,8.8647484,0.22872372,-0.04816221,0.03569488,0.95968277,0.01243047,80.0,-7.0,0.0,80.0,1.3962634,0.0,0.0,0.0,80.0,-7.0,0.0,80.0,1.3962634,0.0,0.0,0.0,-9.33007627,-1.16384653,1.82839878,2.57252528,-2.75551069,-4.74558198,11.40181757,5.45646557,-9.73632976,0.9210195,4.52040968,-1.9881688,0.20793598,0.0,0.0,0.42933815,1.77219319
1760624792.069,8.85989484,0.23049679,-0.0547625,0.03685057,0.95954437,0.01233786,80.0,-7.0,0.0,80.0,1.3962634,0.0,0.0,0.0,80.0,-7.0,0.0,80.0,1.3962634,0.0,0.0,0.0,-9.33728951,-1.15804962,1.8293022,2.58062664,-2.76605119,-4.72571081,11.41491644,5.5026762,-9.73290483,0.92593431,4.53998535,-1.98773774,0.19134411,0.0,0.0,0.40449124,1.76610887
1760624792.135,8.86063928,0.23461359,-0.04615113,0.03708176,0.95950428,0.01224658,80.0,-7.0,0.0,80.0,1.3962634,0.0,0.0,0.0,80.0,-7.0,0.0,80.0,1.3962634,0.0,0.0,0.0,-9.34144703,-1.15203507,1.84926215,2.60715452,-2.75364036,-4.68579739,11.40016267,5.4514431,-9.74364463,0.90893651,4.53870607,-1.99872664,0.19340173,0.0,0.0,0.40627101,1.75282673
1760624792.169,8.86482949,0.22257978,-0.0761253,0.037124,0.95955453,0.01237263,80.0,-7.0,0.0,80.0,1.3962634,0.0,0.0,0.0,80.0,-7.0,0.0,80.0,1.3962634,0.0,0.0,0.0,-9.38798298,-1.15321038,1.85125609,2.66494356,-2.72649338,-4.61582613,11.42601033,5.41080219,-9.73755998,0.88811285,4.5947465,-2.01214642,0.15817693,0.0,0.0,0.40600878,1.7630009
1760624792.202,8.96495847,0.17972029,-0.15097676,0.0364004,0.95971103,0.01259001,80.0,-7.0,0.0,80.0,1.3962634,0.0,0.0,0.0,80.0,-7.0,0.0,80.0,1.3962634,0.0,0.0,0.0,-9.48305459,-1.11883433,1.93249465,2.6722937,-2.72447111,-4.59368051,11.20071916,5.40891431,-9.52298854,0.91935102,4.58617411,-2.00979837,0.15990144,0.0,0.0,0.41887833,1.78894561
1760624792.236,8.96541502,0.18028411,-0.14425498,0.03640474,0.95988657,0.01259132,80.0,-7.0,0.0,80.0,1.3962634,0.0,0.0,0.0,80.0,-7.0,0.0,80.0,1.3962634,0.0,0.0,0.0,-9.48301199,-1.11875055,1.94133072,2.67622933,-2.71382204,-4.58152357,11.20739167,5.40471294,-9.52145374,0.92152057,4.58805446,-2.00133302,0.16596356,0.0,0.0,0.41915843,1.78846396
1760624792.269,8.96700927,0.1784592,-0.14542897,0.03590738,0.95981419,0.01252425,80.0,-7.0,0.0,80.0,1.3962634,0.0,0.0,0.0,80.0,-7.0,0.0,80.0,1.3962634,0.0,0.0,0.0,-9.48248227,-1.11480309,1.95382768,2.67841345,-2.71010552,-4.61907078,11.22156651,5.43769357,-9.53782016,0.93560751,4.57061289,-1.99866126,0.17500922,0.0,0.0,0.4186201,1.77843714
1760624792.303,8.8833333,0.12577608,-0.19575976,0.03494594,0.95970284,0.01247501,80.0,-7.0,0.0,80.0,1.3962634,0.0,0.0,0.0,80.0,-7.0,0.0,80.0,1.3962634,0.0,0.0,0.0,-9.34929602,-1.06725715,2.05088674,2.63813522,-2.69621252,-4.63920918,10.86760844,5.38287964,-9.20730494,0.96855755,4.50249611,-1.98071163,0.20594552,0.0,0.0,0.4324422,1.77427395
1760624792.336,8.79356659,0.10426617,-0.24523116,0.03439345,0.95947291,0.01218165,80.0,-7.0,0.0,80.0,1.3962634,0.0,0.0,0.0,80.0,-7.0,0.0,80.0,1.3962634,0.0,0.0,0.0,-9.2192291,-1.02965541,2.1202628,2.58612284,-2.70996896,-4.67950199,10.51712424,5.43964077,-8.82847445,1.00827044,4.45206213,-1.9493968,0.2091542,0.0,0.0,0.42767723,1.77268944
1760624792.369,8.78221151,0.10666137,-0.25284569,0.0342119,0.95950162,0.01214235,80.0,-7.0,0.0,80.0,1.3962634,0.0,0.0,0.0,80.0,-7.0,0.0,80.0,1.3962634,0.0,0.0,0.0,-9.23458967,-1.02511885,2.12006182,2.60158537,-2.7224279,-4.70515857,10.53940822,5.49754088,-8.83453726,1.02641663,4.48556341,-1.93389178,0.18008828,0.0,0.0,0.44603197,1.77538879
1760624792.403,8.92460242,0.10781268,-0.30743423,0.03352168,0.95979172,0.01219371,80.0,-7.0,0.0,80.0,1.3962634,0.0,0.0,0.0,80.0,-7.0,0.0,80.0,1.3962634,0.0,0.0,0.0,-9.46926116,-1.0092902,2.14865471,2.69413166,-2.74533805,-4.66088281,11.12898528,5.43475041,-9.46175897,0.95943657,4.59939686,-1.91158802,0.16189784,0.0,0.0,0.45924034,1.80076132
1760624792.436,8.91627942,0.11589759,-0.30778036,0.03367481,0.95968573,0.01202257,80.0,-7.0,0.0,80.0,1.3962634,0.0,0.0,0.0,80.0,-7.0,0.0,80.0,1.3962634,0.0,0.0,0.0,-9.48105651,-0.9998419,2.15392452,2.6919066,-2.74895369,-4.6650598,11.15000182,5.48345504,-9.44714551,0.95770353,4.62185603,-1.90071119,0.17726343,0.0,0.0,0.47112596,1.80766265
1760624792.47,8.9020717,0.13100595,-0.28595951,0.03411371,0.95955091,0.0118581,80.0,-7.0,0.0,80.0,1.3962634,0.0,0.0,0.0,80.0,-7.0,0.0,80.0,1.3962634,0.0,0.0,0.0,-9.47773499,-0.983947,2.18534381,2.69993578,-2.78912877,-4.73010576,11.15771877,5.52653959,-9.49240744,0.97358028,4.62443995,-1.87951411,0.24196492,0.0,0.0,0.49308947,1.82833718
1760624792.503,8.88002873,0.13486845,-0.27626665,0.03461868,0.95964627,0.01180752,80.0,-7.0,0.0,80.0,1.3962634,0.0,0.0,0.0,80.0,-7.0,0.0,80.0,1.3962634,0.0,0.0,0.0,-9.4872739,-0.97462021,2.19975892,2.73638103,-2.80378653,-4.70178307,11.15889169,5.44419885,-9.541803,0.95218757,4.65679377,-1.87066887,0.27365102,0.0,0.0,0.51207459,1.82107695
1760624792.537,8.8606143,0.13652623,-0.27502785,0.03513496,0.95953684,0.01171745,80.0,-7.0,0.0,80.0,1.3962634,0.0,0.0,0.0,80.0,-7.0,0.0,80.0,1.3962634,0.0,0.0,0.0,-9.48563484,-0.96625184,2.20338641,2.75458151,-2.82769178,-4.72898641,11.17439349,5.50770751,-9.57419956,0.95152148,4.6708235,-1.86935974,0.27902763,0.0,0.0,0.49896387,1.81292591
1760624792.57,8.72591842,0.12589666,-0.28093046,0.0358316,0.95915443,0.01171698,80.0,-7.0,0.0,80.0,1.3962634,0.0,0.0,0.0,80.0,-7.0,0.0,80.0,1.3962634,0.0,0.0,0.0,-9.44813339,-0.94316493,2.20745974,2.85418886,-2.86760712,-4.74368424,11.60496622,5.48987271,-10.01126305,0.9114814,4.76732481,-1.87101827,0.27035536,0.0,0.0,0.50956152,1.8459254
1760624792.604,8.611324,0.11936004,-0.27689978,0.03538476,0.95894935,0.01175049,80.0,-7.0,0.0,80.0,1.3962634,0.0,0.0,0.0,80.0,-7.0,0.0,80.0,1.3962634,0.0,0.0,0.0,-9.38313146,-0.93213663,2.20577641,2.90586791,-2.90049263,-4.73729962,11.31154276,5.49058403,-9.71207595,0.96197911,4.81849346,-1.88587171,0.27686892,0.0,0.0,0.52472085,1.86999189
1760624792.637,8.59013026,0.12069179,-0.27779501,0.03477314,0.9589886,0.01172937,80.0,-7.0,0.0,80.0,1.3962634,0.0,0.0,0.0,80.0,-7.0,0.0,80.0,1.3962634,0.0,0.0,0.0,-9.41564157,-0.92508514,2.20394531,2.96983581,-2.93529074,-4.7435672,11.34315453,5.51856101,-9.73612382,0.96773462,4.884946,-1.8853422,0.25209681,0.0,0.0,0.50997471,1.85302143
1760624792.671,8.56483049,0.12116626,-0.27939095,0.03430809,0.95896753,0.01166822,80.0,-7.0,0.0,80.0,1.3962634,0.0,0.0,0.0,80.0,-7.0,0.0,80.0,1.3962634,0.0,0.0,0.0,-9.46584619,-0.91818787,2.20056748,3.05356142,-2.97221289,-4.74819092,11.38200856,5.53860684,-9.76179193,0.97910229,4.96228259,-1.89033743,0.22931729,0.0,0.0,0.51054354,1.85003813
1760624792.704,8.70041874,0.13102691,-0.27892155,0.03379864,0.95944245,0.01192316,80.0,-7.0,0.0,80.0,1.3962634,0.0,0.0,0.0,80.0,-7.0,0.0,80.0,1.3962634,0.0,0.0,0.0,-9.67710419,-0.92985598,2.18524883,3.1251884,-3.00371069,-4.76341021,11.69445191,5.54642326,-10.09460055,0.94753746,5.0415326,-1.90700283,0.21822107,0.0,0.0,0.51984466,1.86047669
1760624792.738,8.70174954,0.12833172,-0.26917934,0.0332788,0.95974213,0.01219569,80.0,-7.0,0.0,80.0,1.3962634,0.0,0.0,0.0,80.0,-7.0,0.0,80.0,1.3962634,0.0,0.0,0.0,-9.68526931,-0.93391995,2.19219951,3.14244292,-3.00236634,-4.75428275,11.66056579,5.53374172,-10.14378459,0.96434341,5.04809941,-1.9101764,0.22464723,0.0,0.0,0.53893433,1.86322649
1760624792.771,8.69548664,0.11803998,-0.27302192,0.0321594,0.95990308,0.01242828,80.0,-7.0,0.0,80.0,1.3962634,0.0,0.0,0.0,80.0,-7.0,0.0,80.0,1.3962634,0.0,0.0,0.0,-9.70942882,-0.93877617,2.18547454,3.15325864,-3.01593278,-4.77229271,11.65007338,5.57995048,-10.15018034,1.04966199,5.09597263,-1.93366235,0.18006185,0.0,0.0,0.55257366,1.87211358
1760624792.804,8.64569573,0.0942323,-0.28260337,0.03194683,0.95973437,0.01249017,80.0,-7.0,0.0,80.0,1.3962634,0.0,0.0,0.0,80.0,-7.0,0.0,80.0,1.3962634,0.0,0.0,0.0,-9.76961857,-0.91630996,2.17479723,3.26655175,-3.03644939,-4.74719444,11.55898469,5.47062731,-10.14018926,1.05179948,5.21406903,-1.92269882,0.11912391,0.0,0.0,0.55069382,1.87159148
1760624792.838,8.56760607,0.00353387,-0.26045361,0.03165036,0.95948696,0.01240885,80.0,-7.0,0.0,80.0,1.3962634,0.0,0.0,0.0,80.0,-7.0,0.0,80.0,1.3962634,0.0,0.0,0.0,-9.69763026,-0.82232316,2.19630908,3.24561043,-3.05755211,-4.81428687,11.24769867,5.41930371,-9.76385262,1.00167873,5.19637457,-1.92395172,0.17247995,0.0,0.0,0.58653365,1.98365533
1760624792.871,8.52955148,-0.01405223,-0.28114446,0.03167442,0.9595226,0.0120277,80.0,-7.0,0.0,80.0,1.3962634,0.0,0.0,0.0,80.0,-7.0,0.0,80.0,1.3962634,0.0,0.0,0.0,-9.72803196,-0.80845224,2.1759348,3.30435631,-3.09521071,-4.83368044,11.25027904,5.55591278,-9.76832259,0.99085818,5.24145328,-1.91792496,0.20944383,0.0,0.0,0.57463304,2.17404448
1760624792.905,8.48590475,-0.03706952,-0.28797613,0.03154311,0.95945178,0.01159954,80.0,-7.0,0.0,80.0,1.3962634,0.0,0.0,0.0,80.0,-7.0,0.0,80.0,1.3962634,0.0,0.0,0.0,-9.76865864,-0.77710054,2.1704321,3.3620681,-3.1703817,-4.84590558,11.28368094,5.55217269,-9.79957526,0.99581144,5.28122987,-1.90822228,0.3783478,0.0,0.0,0.64475586,2.6082615
1760624792.938,8.45135897,-0.08103092,-0.29018775,0.03100364,0.95892358,0.01167256,80.0,-7.0,0.0,80.0,1.3962634,0.0,0.0,0.0,80.0,-7.0,0.0,80.0,1.3962634,0.0,0.0,0.0,-9.81959656,-0.73413085,2.16531235,3.43073285,-3.22026255,-4.89755982,11.37890238,5.62091681,-9.82467086,0.95967294,5.34204746,-1.91101851,0.5423783,0.0,0.0,0.74459198,2.91783
1760624792.972,8.48230466,-0.33120202,-0.27682273,0.03050049,0.95878387,0.01171355,80.0,-7.0,0.0,80.0,1.3962634,0.0,0.0,0.0,80.0,-7.0,0.0,80.0,1.3962634,0.0,0.0,0.0,-9.93841033,-0.47075509,2.15261294,3.4738058,-3.30406589,-4.92614527,11.75042419,5.83503531,-10.03957613,1.00801176,5.4359908,-1.8784709,0.52764324,0.0,0.0,0.91210251,3.37476215
1760624793.005,8.52350111,-0.42704133,-0.25313492,0.03070237,0.95868062,0.01132843,80.0,-7.0,0.0,80.0,1.3962634,0.0,0.0,0.0,80.0,-7.0,0.0,80.0,1.3962634,0.0,0.0,0.0,-10.08892256,-0.37636152,2.11463784,3.5451449,-3.36780863,-4.95219717,12.03213853,5.9620503,-10.26086042,1.08395769,5.56585831,-1.88067941,0.54349005,0.0,0.0,0.98916634,3.57967688
1760624793.038,8.51383632,-0.43342599,-0.25315988,0.0304191,0.95863697,0.01129519,80.0,-7.0,0.0,80.0,1.3962634,0.0,0.0,0.0,80.0,-7.0,0.0,80.0,1.3962634,0.0,0.0,0.0,-10.10168828,-0.37489077,2.11159762,3.54531272,-3.3705225,-4.90594535,12.07340571,5.99953471,-10.21910424,1.10760434,5.60205591,-1.87399691,0.5798294,0.0,0.0,1.00232773,3.57894868
1760624793.072,8.56944258,-0.55984094,-0.23575255,0.03044784,0.9586024,0.01178208,80.0,-7.0,0.0,80.0,1.3962634,0.0,0.0,0.0,80.0,-7.0,0.0,80.0,1.3962634,0.0,0.0,0.0,-10.3397657,-0.24682635,2.0546141,3.67997657,-3.41644603,-4.85728193,12.53636719,6.08435744,-10.51176383,1.257811,5.82573903,-1.87121288,0.58140297,0.0,0.0,1.00333674,3.50206961
1760624793.105,8.53376368,-0.58276292,-0.24215379,0.03050118,0.95893766,0.01181483,80.0,-7.0,0.0,80.0,1.3962634,0.0,0.0,0.0,80.0,-7.0,0.0,80.0,1.3962634,0.0,0.0,0.0,-10.37894292,-0.23914742,2.03774686,3.72300826,-3.42975354,-4.82135364,12.56951523,6.17429683,-10.48163776,1.42135323,5.92067359,-1.90134015,0.59451317,0.0,0.0,1.00894027,3.48934042
1760624793.139,8.41030397,-0.76905044,-0.18174552,0.03085771,0.95896235,0.01159657,80.0,-7.0,0.0,80.0,1.3962634,0.0,0.0,0.0,80.0,-7.0,0.0,80.0,1.3962634,0.0,0.0,0.0,-10.32423693,-0.04170359,2.0062072,3.77573122,-3.44184888,-4.76335666,12.28434731,6.11862983,-10.1381074,1.46011912,5.99546866,-1.91451486,0.62066841,0.0,0.0,0.99078557,3.47033022
1760624793.172,8.39060275,-0.77142662,-0.18857863,0.03085888,0.95899909,0.01130846,80.0,-7.0,0.0,80.0,1.3962634,0.0,0.0,0.0,80.0,-7.0,0.0,80.0,1.3962634,0.0,0.0,0.0,-10.33324698,-0.03202353,1.99719384,3.75581109,-3.45276227,-4.74599455,12.38201858,6.14715063,-10.02780408,1.50284602,6.02546259,-1.93336887,0.65725315,0.0,0.0,0.98881078,3.54885554
1760624793.206,8.35440993,-0.79359326,-0.1731204,0.03209328,0.95919456,0.01079443,80.0,-7.0,0.0,80.0,1.3962634,0.0,0.0,0.0,80.0,-7.0,0.0,80.0,1.3962634,0.0,0.0,0.0,-10.33529165,-0.00657418,2.00059467,3.79228344,-3.50273661,-4.81441923,12.39367833,6.33010156,-10.06322449,1.76604102,6.09846932,-1.95543847,0.63739609,0.0,0.0,0.94636434,3.65546715
1760624793.239,8.17076569,-0.95213636,-0.08807673,0.03226757,0.95885369,0.01031212,80.0,-7.0,0.0,80.0,1.3962634,0.0,0.0,0.0,80.0,-7.0,0.0,80.0,1.3962634,0.0,0.0,0.0,-10.14453654,0.19548499,1.98073479,3.80786591,-3.54199356,-4.81081521,12.0737364,6.24639292,-9.74255738,1.92676696,6.10930326,-1.94921203,0.63541693,0.0,0.0,0.88672457,3.68449163
1760624793.273,8.15878222,-0.96343381,-0.05629148,0.03240134,0.95879036,0.01006875,80.0,-7.0,0.0,80.0,1.3962634,0.0,0.0,0.0,80.0,-7.0,0.0,80.0,1.3962634,0.0,0.0,0.0,-10.13245189,0.19868216,1.99670583,3.80118518,-3.53140868,-4.85726555,12.10952559,6.28780571,-9.72998212,2.11888043,6.12473111,-2.00496905,0.65603509,0.0,0.0,0.85189812,3.62887435
1760624793.306,8.10769843,-1.02019483,0.05679609,0.03233198,0.95882898,0.01040701,80.0,-7.0,0.0,80.0,1.3962634,0.0,0.0,0.0,80.0,-7.0,0.0,80.0,1.3962634,0.0,0.0,0.0,-10.06976271,0.27551753,1.92742242,3.79163196,-3.51284102,-4.89226728,12.40071507,6.42738384,-9.94722175,2.35187788,6.12466684,-2.04130778,0.71081731,0.0,0.0,0.84014503,3.61639885
1760624793.34,8.11908037,-1.02122882,0.06865482,0.03180092,0.95901879,0.01065612,80.0,-7.0,0.0,80.0,1.3962634,0.0,0.0,0.0,80.0,-7.0,0.0,80.0,1.3962634,0.0,0.0,0.0,-10.08641184,0.27449175,1.92095289,3.80079961,-3.49450166,-4.90750859,12.46418798,6.45250869,-9.96236285,2.59142175,6.13336271,-2.07496687,0.78015785,0.0,0.0,0.80479424,3.64942497
1760624793.373,8.14262646,-1.01684969,0.09176306,0.03167563,0.95916354,0.01091068,80.0,-7.0,0.0,80.0,1.3962634,0.0,0.0,0.0,80.0,-7.0,0.0,80.0,1.3962634,0.0,0.0,0.0,-10.09046385,0.27664986,1.9306503,3.81009807,-3.45140589,-4.8270733,12.42417715,6.27161812,-10.04602103,2.79983788,6.09636095,-2.07867028,0.84162029,0.0,0.0,0.76171236,3.54845827
1760624793.407,8.16678677,-1.01072137,0.10568518,0.03171601,0.95893505,0.01109394,80.0,-7.0,0.0,80.0,1.3962634,0.0,0.0,0.0,80.0,-7.0,0.0,80.0,1.3962634,0.0,0.0,0.0,-10.08860924,0.28046407,1.93370518,3.81088522,-3.41575717,-4.74512548,12.43023206,6.03593207,-10.0426939,2.8555057,6.04535332,-2.06649173,0.9207836,0.0,0.0,0.69538748,3.47207685
1760624793.44,8.34407298,-0.9967253,0.22752975,0.0322006,0.95924401,0.01096053,80.0,-7.0,0.0,80.0,1.3962634,0.0,0.0,0.0,80.0,-7.0,0.0,80.0,1.3962634,0.0,0.0,0.0,-10.19771121,0.29261352,1.8154857,3.73910532,-3.37174892,-4.63779987,12.2722607,5.82616437,-9.70374483,2.8665789,5.95060105,-2.05089409,0.97121705,0.0,0.0,0.66264135,3.42287384
1760624793.473,8.35232703,-1.00444992,0.32435633,0.03252075,0.95922171,0.01083753,80.0,-7.0,0.0,80.0,1.3962634,0.0,0.0,0.0,80.0,-7.0,0.0,80.0,1.3962634,0.0,0.0,0.0,-10.12441959,0.34003613,1.73129337,3.69252034,-3.31643899,-4.47014573,12.00697484,5.2994397,-9.031386,2.76629729,5.84529932,-2.02423688,1.00936209,0.0,0.0,0.67083476,3.39451884
1760624793.507,8.34640159,-1.00037869,0.39733961,0.03262214,0.95932692,0.01073408,80.0,-7.0,0.0,80.0,1.3962634,0.0,0.0,0.0,80.0,-7.0,0.0,80.0,1.3962634,0.0,0.0,0.0,-10.06006277,0.36015264,1.6313425,3.67337331,-3.25168037,-4.19537302,11.64346685,4.74202887,-8.21930189,2.58640385,5.78161036,-1.99963533,0.97378853,0.0,0.0,0.67962678,3.38195993
1760624793.54,8.35016102,-0.99766028,0.46486251,0.03278786,0.95944852,0.01091927,80.0,-7.0,0.0,80.0,1.3962634,0.0,0.0,0.0,80.0,-7.0,0.0,80.0,1.3962634,0.0,0.0,0.0,-9.98075678,0.36879503,1.53098232,3.63122407,-3.1461958,-3.87589509,11.24309308,4.16072731,-7.15555336,2.24539806,5.69384837,-2.01250182,0.93659114,0.0,0.0,0.68628918,3.36126493
1760624793.574,8.41217127,-0.98199565,0.49091378,0.03278651,0.95972063,0.01129291,80.0,-7.0,0.0,80.0,1.3962634,0.0,0.0,0.0,80.0,-7.0,0.0,80.0,1.3962634,0.0,0.0,0.0,-9.94070264,0.33714984,1.38956292,3.54369297,-2.99691437,-3.36164345,10.79539264,3.4788316,-5.21798714,1.6058372,5.56824085,-2.0579216,0.89156329,0.0,0.0,0.69564738,3.33244959
1760624793.607,8.51053927,-0.925035,0.51201606,0.03404301,0.95991497,0.01125547,80.0,-7.0,0.0,80.0,1.3962634,0.0,0.0,0.0,80.0,-7.0,0.0,80.0,1.3962634,0.0,0.0,0.0,-10.01788706,0.28144317,1.27460076,3.49284161,-3.01767042,-2.94923375,10.6586811,3.15795257,-3.41484664,1.07641715,5.50609445,-2.07990992,0.92559461,0.0,0.0,0.66605844,3.29878686
1760624793.641,8.61008492,-0.86713334,0.54006671,0.0350872,0.96002055,0.01118765,80.0,-7.0,0.0,80.0,1.3962634,0.0,0.0,0.0,80.0,-7.0,0.0,80.0,1.3962634,0.0,0.0,0.0,-9.99586889,0.20380415,1.19985698,3.24188507,-3.1202227,-2.72003916,10.65034072,2.99001867,-1.27636056,0.46732022,5.34277166,-2.1099294,1.07450749,0.0,0.0,0.6258768,3.25733726
1760624793.674,8.74522763,-0.77593128,0.52111912,0.03654674,0.95988714,0.01060359,80.0,-7.0,0.0,80.0,1.3962634,0.0,0.0,0.0,80.0,-7.0,0.0,80.0,1.3962634,0.0,0.0,0.0,-10.07762294,0.08047912,1.11145734,2.86397546,-3.31495692,-3.00064114,11.61941049,3.29382589,1.76667993,-0.81643436,5.29541521,-2.12551185,1.05157718,0.0,0.0,0.62167395,3.21916555
1760624793.708,8.79587947,-0.71432656,0.5127857,0.03643373,0.9597054,0.01034758,80.0,-7.0,0.0,80.0,1.3962634,0.0,0.0,0.0,80.0,-7.0,0.0,80.0,1.3962634,0.0,0.0,0.0,-10.01290009,-0.00836696,1.07588346,2.39881996,-3.50910014,-3.48775803,12.31490294,4.34329089,5.02136959,-1.83008049,5.15746416,-2.13699332,1.10069195,0.0,0.0,0.62878232,3.2148366
1760624793.741,8.85497818,-0.67022917,0.48305899,0.0366383,0.95957218,0.01052597,80.0,-7.0,0.0,80.0,1.3962634,0.0,0.0,0.0,80.0,-7.0,0.0,80.0,1.3962634,0.0,0.0,0.0,-9.97170803,-0.08920626,1.03554884,1.78455384,-3.77552887,-4.23422525,13.41754044,5.73724967,8.60080259,-2.92354864,5.0464246,-2.16258785,1.17090323,0.0,0.0,0.62131547,3.20243029
1760624793.775,8.86181708,-0.61662918,0.42787772,0.0367225,0.95928584,0.01036906,80.0,-7.0,0.0,80.0,1.3962634,0.0,0.0,0.0,80.0,-7.0,0.0,80.0,1.3962634,0.0,0.0,0.0,-9.89952654,-0.15453084,0.98494707,1.09471837,-4.19453844,-5.1244988,14.66314707,8.06461505,14.32012504,-4.59157362,4.96907057,-2.17629046,1.24314865,0.0,0.0,0.67244744,3.20995726
1760624793.808,8.88917423,-0.59471539,0.40389743,0.0366647,0.95924817,0.01093151,80.0,-7.0,0.0,80.0,1.3962634,0.0,0.0,0.0,80.0,-7.0,0.0,80.0,1.3962634,0.0,0.0,0.0,-9.85347562,-0.19389992,0.97112308,0.68154737,-4.58672737,-5.52843002,15.06292679,9.87363854,19.5566554,-5.91482939,4.89494021,-2.21162877,1.38678742,0.0,0.0,0.71319552,3.22155528
1760624793.841,9.26706298,-0.58195799,0.39465566,0.0364394,0.96067231,0.01164447,80.0,-7.0,0.0,80.0,1.3962634,0.0,0.0,0.0,80.0,-7.0,0.0,80.0,1.3962634,0.0,0.0,0.0,-10.26896796,-0.24390575,0.96783679,0.4971622,-4.98753082,-5.6646672,16.32957218,11.67815978,24.08288713,-7.49115527,4.97163237,-2.25578018,1.60626861,0.0,0.0,0.68910547,3.1757525
1760624793.875,9.84938303,-0.59137305,0.38917193,0.03822157,0.96382205,0.01215818,80.0,-7.0,0.0,80.0,1.3962634,0.0,0.0,0.0,80.0,-7.0,0.0,80.0,1.3962634,0.0,0.0,0.0,-10.97755837,-0.359007,0.93501366,0.46027708,-5.51894583,-5.51541799,18.32460738,14.21176879,30.16040144,-9.88609159,5.25252621,-2.38202942,1.75609107,0.0,0.0,0.66601516,3.17203297
1760624793.908,10.4769594,-0.58753678,0.46171884,0.03923532,0.96713761,0.01261191,80.0,-7.0,0.0,80.0,1.3962634,0.0,0.0,0.0,80.0,-7.0,0.0,80.0,1.3962634,0.0,0.0,0.0,-11.59339031,-0.55145609,0.98685153,0.37153157,-5.8618814,-5.46215276,21.07123155,16.52794237,33.5347998,-11.91219182,5.33796126,-2.56612377,1.92884909,0.0,0.0,0.72068896,3.22386786
1760624793.942,10.68462535,-0.64331575,0.55647066,0.04093277,0.97095454,0.01359104,80.0,-7.0,0.0,80.0,1.3962634,0.0,0.0,0.0,80.0,-7.0,0.0,80.0,1.3962634,0.0,0.0,0.0,-11.7100938,-0.69069725,1.06668428,0.18954253,-6.43349087,-5.25272108,26.34900995,19.7656935,36.25773828,-14.58589343,5.38895363,-2.76283778,2.11813469,0.0,0.0,0.75600017,3.26040996
1760624793.975,10.82782677,-0.73975161,0.55840663,0.04063481,0.9756364,0.01551167,80.0,-7.0,0.0,80.0,1.3962634,0.0,0.0,0.0,80.0,-7.0,0.0,80.0,1.3962634,0.0,0.0,0.0,-11.73112995,-0.87235525,0.97183624,0.00189884,-6.77425182,-4.7936007,33.45426722,21.98958345,35.13940312,-16.04575647,5.39749181,-3.07440176,2.01553538,0.0,0.0,0.78088861,3.32081193
1760624794.009,10.65801139,-0.84005785,0.49450715,0.03722806,0.97908033,0.01810173,80.0,-7.0,0.0,80.0,1.3962634,0.0,0.0,0.0,80.0,-7.0,0.0,80.0,1.3962634,0.0,0.0,0.0,-11.3839189,-1.02332102,0.69553072,-0.14326322,-7.1192209,-3.80148414,40.56705279,23.78029943,33.898986,-17.27231276,5.3557275,-3.36237546,1.60787459,0.0,0.0,0.80560611,3.35621254
1760624794.042,10.76990107,-1.10955494,0.7460091,0.03945129,0.97731447,0.02186723,80.0,-7.0,0.0,80.0,1.3962634,0.0,0.0,0.0,80.0,-7.0,0.0,80.0,1.3962634,0.0,0.0,0.0,-11.58597373,-0.41004021,0.53698651,0.26107738,-7.9752615,-2.75307881,57.05920684,24.94688103,24.98993573,-16.8128711,5.61233107,-3.09640473,1.41192687,0.0,0.0,0.77752948,3.35162762
1760624794.076,11.11895389,-1.25740608,1.12771862,0.0419377,0.97720374,0.02470661,80.0,-7.0,0.0,80.0,1.3962634,0.0,0.0,0.0,80.0,-7.0,0.0,80.0,1.3962634,0.0,0.0,0.0,-11.99698179,-0.01756989,0.30526993,0.64075878,-8.41212486,-1.77632083,67.93369847,26.07071106,19.57387969,-16.50815781,5.76668779,-2.92354205,1.33180735,0.0384285,0.0,0.77994756,3.3306037
1760624794.109,10.80199105,-1.26478381,1.32947884,0.0441477,0.9770421,0.02392695,80.0,-7.0,0.0,80.0,1.3962634,0.0,0.0,0.0,80.0,-7.0,0.0,80.0,1.3962634,0.0,0.0,0.0,-11.53815265,0.04762658,0.27180786,0.81071857,-8.93296898,-0.73890011,68.78502175,28.3464195,23.80251093,-18.42891587,5.46819999,-2.84698676,1.21092495,0.50001747,0.0,0.71740038,3.24579755
1760624794.142,11.75699731,-0.92636534,1.87560792,0.05826993,0.97605954,0.01921454,80.0,-7.0,0.0,80.0,1.3962634,0.0,0.0,0.0,80.0,-7.0,0.0,80.0,1.3962634,0.0,0.0,0.0,-12.78119853,0.25511213,1.0260395,1.7478931,-9.31018444,-0.43212932,86.03458068,29.27087238,13.2083788,-15.70377381,5.32036726,-2.27061592,2.00112444,1.60263825,0.0,0.63413181,3.17451925
1760624794.176,11.93254016,-0.64518179,2.06666376,0.06327295,0.97717469,0.01637498,80.0,-7.0,0.0,80.0,1.3962634,0.0,0.0,0.0,80.0,-7.0,0.0,80.0,1.3962634,0.0,0.0,0.0,-13.07141392,0.07005064,1.36589227,2.23821926,-9.4588066,0.33254329,91.19554122,30.90789477,12.72806055,-15.50125654,5.15987022,-2.17090908,1.89642427,2.55036759,0.0,0.66813256,3.35006178
1760624794.209,12.08783642,-0.58731826,2.13789299,0.06502342,0.97793105,0.01628037,80.0,-7.0,0.0,80.0,1.3962634,0.0,0.0,0.0,80.0,-7.0,0.0,80.0,1.3962634,0.0,0.0,0.0,-13.26354694,0.01761246,1.64628876,2.58292654,-9.80252813,1.11464497,90.92365498,32.87050478,17.34583476,-16.6670966,5.09390684,-2.14790504,1.40808754,3.26721372,0.0,0.73646083,3.58673378
1760624794.243,12.3549385,-0.45499799,2.3652258,0.07000835,0.98009612,0.0162652,80.0,-7.0,0.0,80.0,1.3962634,0.0,0.0,0.0,80.0,-7.0,0.0,80.0,1.3962634,0.0,0.0,0.0,-13.70582223,-0.0445283,2.08426073,2.97959991,-10.11688076,1.85018788,96.19847168,34.68216433,18.13324731,-15.80238743,5.29338607,-2.05161716,1.51877738,3.65863727,0.0,0.75092228,3.62403524
1760624794.276,12.33250721,-0.50860379,2.5060143,0.08082673,0.97984627,0.01525175,80.0,-7.0,0.0,80.0,1.3962634,0.0,0.0,0.0,80.0,-7.0,0.0,80.0,1.3962634,0.0,0.0,0.0,-13.68051554,0.13228785,2.38680137,3.07244586,-10.39750882,2.47452479,99.8868473,36.07843096,18.7373839,-14.96748302,5.32632386,-1.93092249,1.94803482,3.69629351,0.0,0.78713832,3.53310335
1760624794.31,12.22982907,-0.64534193,2.68382794,0.08767054,0.98109559,0.01507888,80.0,-7.0,0.0,80.0,1.3962634,0.0,0.0,0.0,80.0,-7.0,0.0,80.0,1.3962634,0.0,0.0,0.0,-13.54097635,0.43924014,2.62438219,3.06347044,-10.70329144,3.15697436,104.38051897,37.07098355,18.22958803,-13.62404301,5.23754776,-1.82072008,2.31050758,3.78090184,0.0,0.83598338,3.5224326
1760624794.343,12.38133537,-0.67092855,3.00536779,0.0939467,0.98279447,0.01400095,80.0,-7.0,0.0,80.0,1.3962634,0.0,0.0,0.0,80.0,-7.0,0.0,80.0,1.3962634,0.0,0.0,0.0,-13.74039,0.52475369,2.9547849,3.03369942,-10.74262739,3.81887225,108.37747102,39.46294229,19.17308947,-12.6466364,5.14139328,-1.86714327,2.79306815,4.03353541,0.0,0.90203888,3.51656093
1760624794.377,12.44250448,-0.70261581,3.31182499,0.09769293,0.98388889,0.01204683,80.0,-7.0,0.0,80.0,1.3962634,0.0,0.0,0.0,80.0,-7.0,0.0,80.0,1.3962634,0.0,0.0,0.0,-13.77666003,0.65924338,3.24134093,2.93994564,-10.68484862,4.09718612,110.95603671,41.84858926,20.22603466,-12.16240288,4.91560415,-1.78729507,3.29914223,4.23501175,0.0,1.00749903,3.45840967
1760624794.41,12.3613866,-0.67860388,3.35622728,0.09763987,0.98406508,0.01092159,80.0,-7.0,0.0,80.0,1.3962634,0.0,0.0,0.0,80.0,-7.0,0.0,80.0,1.3962634,0.0,0.0,0.0,-13.7235806,0.73339147,3.22090043,2.90857507,-10.68032962,4.74616551,113.98058443,44.25541961,20.69117667,-11.59621116,4.8191852,-1.76994362,3.3130101,4.35719658,0.0,1.05783024,3.46662195
1760624794.444,11.47062029,-0.52089959,3.37634414,0.09088413,0.98118743,0.00719191,80.0,-7.0,0.0,80.0,1.3962634,0.0,0.0,0.0,80.0,-7.0,0.0,80.0,1.3962634,0.0,0.0,0.0,-12.6092402,0.64299492,3.38148548,2.61904557,-10.76968667,5.61463875,114.26816009,49.52596653,23.72066382,-13.97790896,4.35727733,-1.70883306,3.54678426,4.28692762,0.0,1.11487352,3.40547738
1760624794.477,11.24429742,-0.60518377,3.32845851,0.08854907,0.98051733,0.00756801,80.0,-7.0,0.0,80.0,1.3962634,0.0,0.0,0.0,80.0,-7.0,0.0,80.0,1.3962634,0.0,0.0,0.0,-12.25337774,0.79920147,3.3548803,2.61179741,-10.85541846,6.48882261,115.92653896,53.25682333,24.59577011,-15.08109641,4.14956024,-1.66411459,3.47217005,4.11677451,0.0,1.0850991,3.30267348
1760624794.51,10.989369,-0.74482712,3.27019972,0.08707852,0.98010886,0.00856658,80.0,-7.0,0.0,80.0,1.3962634,0.0,0.0,0.0,80.0,-7.0,0.0,80.0,1.3962634,0.0,0.0,0.0,-11.9322242,1.01553636,3.22863739,2.77017494,-11.03639492,7.19738785,117.03233914,57.89122652,25.03853915,-16.7875368,4.05902785,-1.60444836,3.34824015,3.84995051,0.0,1.06202652,3.25589832
1760624794.544,10.87723848,-0.90951001,3.22963974,0.08404933,0.98043783,0.00840889,80.0,-7.0,0.0,80.0,1.3962634,0.0,0.0,0.0,80.0,-7.0,0.0,80.0,1.3962634,0.0,0.0,0.0,-11.76935685,1.15673407,3.09869127,3.11016836,-11.19519037,7.61830212,117.31700021,63.72910126,25.79557256,-19.47749017,3.94257584,-1.62694591,3.27625461,3.5410358,0.0,1.05581904,3.17996943
1760624794.577,10.76585557,-1.09466496,3.1270287,0.08085744,0.97983341,0.00969302,80.0,-7.0,0.0,80.0,1.3962634,0.0,0.0,0.0,80.0,-7.0,0.0,80.0,1.3962634,0.0,0.0,0.0,-11.60307499,1.36646615,2.8403121,3.38046201,-11.4113054,7.82458721,116.64682643,66.01662209,27.86575871,-21.3922881,3.87344384,-1.6105302,2.96351571,3.3939239,0.0,1.01347001,3.13288417
1760624794.611,10.28489132,-1.39684558,3.46361076,0.07918999,0.97874546,0.01022165,80.0,-7.0,0.0,80.0,1.3962634,0.0,0.0,0.0,80.0,-7.0,0.0,80.0,1.3962634,0.0,0.0,0.0,-11.00691062,1.72373032,2.29431928,3.49800981,-11.54336979,7.78914319,115.9704838,67.63719649,29.32500779,-22.88916851,3.73725157,-1.61496274,2.78896188,3.32238433,0.0,1.00466137,3.15247291
1760624794.644,10.33119896,-1.50873459,3.52324489,0.07837542,0.97849283,0.01007778,80.0,-7.0,0.0,80.0,1.3962634,0.0,0.0,0.0,80.0,-7.0,0.0,80.0,1.3962634,0.0,0.0,0.0,-10.97757062,1.8046088,2.09235646,3.40704362,-11.50243801,7.54024426,115.62303495,69.50597588,29.74000042,-23.69349099,3.65219021,-1.63954428,2.6909986,3.27964396,0.0,1.01190406,3.16749511
1760624794.678,10.33873162,-1.62022857,3.64383909,0.07719441,0.97825404,0.00936432,80.0,-7.0,0.0,80.0,1.3962634,0.0,0.0,0.0,80.0,-7.0,0.0,80.0,1.3962634,0.0,0.0,0.0,-10.96354074,1.87207686,1.91265603,3.31525318,-11.351777,7.25419608,115.86510141,69.33354589,29.87331118,-23.08394834,3.68769465,-1.66081309,2.65117424,3.24679669,0.0,0.99208742,3.10989666
1760624794.711,10.33861781,-1.67521809,3.73102942,0.07709294,0.97752328,0.00920896,80.0,-7.0,0.0,80.0,1.3962634,0.0,0.0,0.0,80.0,-7.0,0.0,80.0,1.3962634,0.0,0.0,0.0,-10.99610907,1.88095114,1.69387296,3.22236038,-11.18971399,7.08908253,115.99787973,68.33318459,29.59779047,-22.19349731,3.81843104,-1.67958664,2.57776941,3.22242771,0.0,0.97380829,3.10302219
1760624794.744,10.34308425,-1.73019177,3.8724688,0.07839023,0.97710138,0.00896467,80.0,-7.0,0.0,80.0,1.3962634,0.0,0.0,0.0,80.0,-7.0,0.0,80.0,1.3962634,0.0,0.0,0.0,-11.0052102,1.90571043,1.53415197,2.89507567,-10.92929209,6.88003635,115.85190767,66.77857904,28.96853956,-21.22251028,3.94037241,-1.66927881,2.67471719,3.2290303,0.0,0.95771013,3.13281788
1760624794.778,10.26614271,-1.7845659,4.04053838,0.07882751,0.976924,0.00833566,80.0,-7.0,0.0,80.0,1.3962634,0.0,0.0,0.0,80.0,-7.0,0.0,80.0,1.3962634,0.0,0.0,0.0,-10.93621427,1.92555631,1.43691913,2.57709823,-10.63330556,6.52745199,116.0302515,65.72085756,28.45749255,-20.31508346,4.02453378,-1.68249057,2.79039225,3.26973027,0.0,0.95806482,3.15556089
1760624794.811,10.16956441,-1.84352528,4.19149638,0.0793181,0.9768932,0.00756704,80.0,-7.0,0.0,80.0,1.3962634,0.0,0.0,0.0,80.0,-7.0,0.0,80.0,1.3962634,0.0,0.0,0.0,-10.88574607,1.9265863,1.32561852,2.44367899,-10.31522649,5.82860445,116.24812825,63.99699212,27.92464787,-19.05934119,4.13613036,-1.69719978,2.84586685,3.32853102,0.0,0.95980568,3.16003575
1760624794.845,10.11107612,-1.8545901,4.35519219,0.08017177,0.97807689,0.00622783,80.0,-7.0,0.0,80.0,1.3962634,0.0,0.0,0.0,80.0,-7.0,0.0,80.0,1.3962634,0.0,0.0,0.0,-10.79539167,1.80669675,1.25486974,2.3159848,-9.96590269,4.72160724,117.54339425,60.65280736,25.79598315,-16.38869483,4.14613462,-1.77127638,2.99592807,3.36547941,0.0,0.980612,3.18933903
1760624794.878,10.10980729,-1.80513154,4.39242462,0.08051159,0.97809219,0.00473588,80.0,-7.0,0.0,80.0,1.3962634,0.0,0.0,0.0,80.0,-7.0,0.0,80.0,1.3962634,0.0,0.0,0.0,-10.80551008,1.67850853,1.15478323,2.23494543,-9.84616953,4.21045593,117.13490107,59.31478293,24.48523549,-15.83331213,4.16995611,-1.78916001,3.01283771,3.37025529,0.0,0.96545519,3.15049734
1760624794.912,10.04732964,-1.67578395,4.37818624,0.07989587,0.97804579,0.00283988,80.0,-7.0,0.0,80.0,1.3962634,0.0,0.0,0.0,80.0,-7.0,0.0,80.0,1.3962634,0.0,0.0,0.0,-10.66730963,1.41423781,1.07161668,2.14689191,-9.64341118,3.34256791,116.38717661,56.96252686,21.96245422,-14.73838212,4.06342279,-1.83435315,3.06454459,3.34510478,0.0,0.9610726,3.12417142
1760624794.945,9.75094189,-1.537061,4.34489506,0.08128787,0.9766063,0.00147094,80.0,-7.0,0.0,80.0,1.3962634,0.0,0.0,0.0,80.0,-7.0,0.0,80.0,1.3962634,0.0,0.0,0.0,-10.25964348,1.22474648,1.01816787,2.08935986,-9.63506971,2.9092049,115.61727124,54.52152675,19.44145164,-14.12165712,3.92468792,-1.80264725,3.05919588,3.32523497,0.0,0.97231323,3.12342135
1760624794.979,9.41297588,-1.35375006,4.32712065,0.08113894,0.97518896,0.00026071,80.0,-7.0,0.0,80.0,1.3962634,0.0,0.0,0.0,80.0,-7.0,0.0,80.0,1.3962634,0.0,0.0,0.0,-9.80835536,0.96873067,1.00424169,1.85774645,-9.62462032,2.56022975,115.18346912,51.9729854,17.1865614,-13.39465594,3.76640106,-1.80844089,3.09760651,3.31284023,0.0,0.99713637,3.12719969
1760624795.012,9.12589914,-1.12716413,4.20462309,0.08032554,0.97357001,-0.00100519,80.0,-7.0,0.0,80.0,1.3962634,0.0,0.0,0.0,80.0,-7.0,0.0,80.0,1.3962634,0.0,0.0,0.0,-9.46232072,0.67537515,0.91877218,1.73263483,-9.55609227,2.30576846,113.98077818,48.15288747,14.25896773,-12.83037185,3.73353754,-1.77797655,2.96149777,3.27266614,0.0,0.99129667,3.11675515
1760624795.046,8.9904359,-0.97832263,4.20481655,0.08076237,0.97299596,-0.00138746,80.0,-7.0,0.0,80.0,1.3962634,0.0,0.0,0.0,80.0,-7.0,0.0,80.0,1.3962634,0.0,0.0,0.0,-9.32372115,0.5119784,0.96214575,1.761802,-9.56259585,2.08138832,113.34959234,46.19525867,11.16616917,-12.49896164,3.75910252,-1.76033663,3.02594887,3.2394273,0.0,0.98097294,3.10107814
1760624795.079,8.97906328,-0.91367594,4.24749109,0.08334095,0.97289848,-0.00051806,80.0,-7.0,0.0,80.0,1.3962634,0.0,0.0,0.0,80.0,-7.0,0.0,80.0,1.3962634,0.0,0.0,0.0,-9.35957514,0.47488749,1.00077999,1.93250948,-9.52225579,1.76523839,111.98308873,44.91881167,8.18240957,-12.2168709,3.84354819,-1.74735797,3.0987417,3.22220066,0.0,0.9589076,3.08825131
1760624795.113,9.24822796,-0.93113117,4.43834133,0.08573765,0.97492099,0.00153898,80.0,-7.0,0.0,80.0,1.3962634,0.0,0.0,0.0,80.0,-7.0,0.0,80.0,1.3962634,0.0,0.0,0.0,-9.74636717,0.47900841,1.12439523,2.41884045,-9.55725532,1.23644407,110.65878949,41.42855456,3.32997153,-11.97772367,3.95979903,-1.81913786,3.34766283,3.22429137,0.0,0.95816759,3.06644479
1760624795.146,10.40068268,-1.08803312,4.67340772,0.08703135,0.97726771,0.0044712,80.0,-7.0,0.0,80.0,1.3962634,0.0,0.0,0.0,80.0,-7.0,0.0,80.0,1.3962634,0.0,0.0,0.0,-11.07977644,0.81328255,0.98831119,2.90485134,-9.60797898,1.14975397,107.81964329,39.72102565,1.40294745,-12.68994382,4.27516063,-1.80707232,3.34382895,3.18463947,0.0,0.90992622,3.08659788
1760624795.179,11.08665218,-1.22923103,4.87234535,0.08419301,0.97811749,0.00667755,80.0,-7.0,0.0,80.0,1.3962634,0.0,0.0,0.0,80.0,-7.0,0.0,80.0,1.3962634,0.0,0.0,0.0,-11.88600692,1.10054925,0.6170606,3.276714,-9.62368894,1.50429581,103.85865712,37.65816568,-0.02311276,-13.91997166,4.55323488,-1.80395261,3.08648396,3.14203093,0.0,0.84547405,3.08956488
1760624795.213,11.19343429,-1.38705767,4.75880768,0.07908439,0.97777189,0.00947983,80.0,-7.0,0.0,80.0,1.3962634,0.0,0.0,0.0,80.0,-7.0,0.0,80.0,1.3962634,0.0,0.0,0.0,-11.99986585,1.30773897,0.24717987,3.73079887,-9.56585182,2.37034013,99.79880797,33.60667871,-2.63179738,-15.22754837,4.76144585,-1.8397377,2.49610858,3.07019551,0.0,0.77551081,3.1529115
1760624795.246,11.2450495,-1.63693731,4.74542708,0.07516144,0.9776355,0.01187607,80.0,-7.0,0.0,80.0,1.3962634,0.0,0.0,0.0,80.0,-7.0,0.0,80.0,1.3962634,0.0,0.0,0.0,-11.97959141,1.62985746,-0.12596836,3.99880037,-9.62036367,2.88398873,95.80721089,31.10529115,-3.67423205,-15.86946844,4.83587088,-1.84894672,1.99117849,3.0248906,0.0,0.68636111,3.16494054
1760624795.28,10.82449257,-1.88469123,6.28872269,0.07046212,0.97702153,0.01139961,80.0,-7.0,0.0,80.0,1.3962634,0.0,0.0,0.0,80.0,-7.0,0.0,80.0,1.3962634,0.0,0.0,0.0,-11.25502857,2.08973261,-2.00773847,4.09870201,-9.51302317,3.43800802,90.62775017,28.26255123,-4.59404555,-16.79368182,4.64723644,-1.98036971,1.58432131,2.97979035,0.0,0.63223644,3.16099522
1760624795.313,10.51192859,-1.94052139,6.1212007,0.06526865,0.97713591,0.01159224,80.0,-7.0,0.0,80.0,1.3962634,0.0,0.0,0.0,80.0,-7.0,0.0,80.0,1.3962634,0.0,0.0,0.0,-10.58554346,1.9930321,-2.11788873,3.98828272,-9.2173324,4.05488037,84.59083066,23.86395068,-6.65270401,-17.71472666,4.31386408,-2.09013794,1.27047004,2.93369444,0.0,0.58336166,3.14616732
1760624795.347,10.49076006,-2.06213581,6.02364573,0.06389839,0.97765052,0.01247872,80.0,-7.0,0.0,80.0,1.3962634,0.0,0.0,0.0,80.0,-7.0,0.0,80.0,1.3962634,0.0,0.0,0.0,-10.59200378,2.0291835,-2.25514192,4.0488559,-8.98568292,4.51679202,77.66646157,21.26459912,-5.13650135,-18.35173944,4.41237892,-2.20029924,0.90377525,2.89652417,0.0,0.53210011,3.12585462
1760624795.414,10.31345683,-2.31264366,6.13513308,0.05828663,0.98036682,0.01629869,80.0,-7.0,0.0,80.0,1.3962634,0.0,0.0,0.0,80.0,-7.0,0.0,80.0,1.3962634,0.0,0.0,0.0,-10.4425042,2.00438751,-2.75740261,3.94584347,-8.60278471,4.51709231,57.34132287,15.32476117,2.93198465,-17.56227216,4.31524486,-2.62742134,0.39407347,2.84192952,0.0,0.50178671,3.11323228
1760624795.447,10.63183443,-2.19903226,6.37664413,0.05953155,0.98138655,0.01550359,80.0,-7.0,0.0,80.0,1.3962634,0.0,0.0,0.0,80.0,-7.0,0.0,80.0,1.3962634,0.0,0.0,0.0,-10.92942058,1.9352982,-2.93123451,3.978702,-8.41887128,4.49010007,45.92479329,12.76485101,9.5329999,-16.0659762,4.36248366,-2.71850666,0.51872183,2.79359073,0.0,0.5207897,3.09590237
1760624795.48,10.68594049,-1.84678517,6.37419829,0.05914153,0.98318345,0.0119514,80.0,-7.0,0.0,80.0,1.3962634,0.0,0.0,0.0,80.0,-7.0,0.0,80.0,1.3962634,0.0,0.0,0.0,-11.10195619,1.3965936,-2.99994323,3.77363403,-7.91312271,4.71760182,29.49793077,10.78291065,21.22888888,-13.80512272,4.33939277,-2.93631718,0.60524474,2.7002643,0.0,0.53328261,3.03520412
1760624795.514,10.86733182,-1.82515017,6.48824813,0.06118251,0.98030019,0.01008692,80.0,-7.0,0.0,80.0,1.3962634,0.0,0.0,0.0,80.0,-7.0,0.0,80.0,1.3962634,0.0,0.0,0.0,-11.45374327,1.80443275,-2.81730562,3.44933176,-7.90506005,3.87569736,21.3871512,8.88811627,23.40380789,-10.60859336,4.40830864,-2.663065,0.95896833,2.55661594,0.0,0.5732484,2.99681984
1760624795.547,10.62738912,-1.71118818,6.54842702,0.05976248,0.97764884,0.00883092,80.0,-7.0,0.0,80.0,1.3962634,0.0,0.0,0.0,80.0,-7.0,0.0,80.0,1.3962634,0.0,0.0,0.0,-11.23680842,1.86585154,-2.69651789,3.15346711,-7.64871429,3.2925607,16.66485342,7.53922073,24.05475984,-8.42966768,4.29045285,-2.56966278,1.22174629,2.51497243,0.0,0.63838249,2.96849953
1760624795.614,10.5565246,-1.25420029,6.51053525,0.05539941,0.974446,0.00889394,80.0,-7.0,0.0,80.0,1.3962634,0.0,0.0,0.0,80.0,-7.0,0.0,80.0,1.3962634,0.0,0.0,0.0,-11.18667821,1.73888893,-2.53711449,2.39397813,-6.80633755,1.94378372,13.68621973,5.11994554,17.45483987,-4.59975557,4.1080256,-2.45682076,1.43805112,2.47283417,0.0,0.74904626,2.98005016
1760624795.648,9.7680199,-0.7352937,4.9175016,0.04568076,0.96589866,0.00945913,80.0,-7.0,0.0,80.0,1.3962634,0.0,0.0,0.0,80.0,-7.0,0.0,80.0,1.3962634,0.0,0.0,0.0,-10.23539747,1.24405283,-0.62896209,1.81848933,-6.65020158,0.89254639,11.91003262,5.18459328,15.76679994,-3.37450165,3.59538878,-2.1873537,1.9261277,2.48694506,0.0,0.9122129,3.00548446
1760624795.681,9.70229515,-0.44944987,4.84715894,0.04309571,0.96235832,0.0092088,80.0,-7.0,0.0,80.0,1.3962634,0.0,0.0,0.0,80.0,-7.0,0.0,80.0,1.3962634,0.0,0.0,0.0,-10.2162177,1.14910452,-0.59631143,1.56132581,-6.40879243,0.36426015,11.36846627,5.29096941,13.29614994,-2.27013206,3.57605,-2.10430157,2.02087323,2.47864399,0.0,0.96828709,3.0667377
1760624795.715,9.72720916,-0.31471582,4.71363195,0.04197603,0.96229276,0.01079313,80.0,-7.0,0.0,80.0,1.3962634,0.0,0.0,0.0,80.0,-7.0,0.0,80.0,1.3962634,0.0,0.0,0.0,-10.31449792,1.06912999,-0.6435212,1.14205106,-5.87198756,-0.38881584,12.64554551,5.58855798,8.52830326,-1.27363222,3.64884778,-2.13094029,2.01416219,2.45245844,0.0,0.98587305,3.08563049
1760624795.748,9.39454633,-0.18794331,4.56860131,0.03957398,0.96008209,0.010988,80.0,-7.0,0.0,80.0,1.3962634,0.0,0.0,0.0,80.0,-7.0,0.0,80.0,1.3962634,0.0,0.0,0.0,-9.96824352,0.95304603,-0.63482431,0.6294867,-5.39718672,-1.23042043,12.93269592,6.14844669,6.39147278,-0.70518834,3.6035982,-2.16718646,2.01905831,2.42894393,0.0,0.99776679,3.09062423
1760624795.782,9.39760866,-0.13415125,4.39628825,0.03968494,0.9593936,0.01174333,80.0,-7.0,0.0,80.0,1.3962634,0.0,0.0,0.0,80.0,-7.0,0.0,80.0,1.3962634,0.0,0.0,0.0,-10.06539028,0.9436458,-0.71485609,0.02075466,-5.06351969,-2.52687016,16.06271704,7.29528116,1.56138019,0.00229269,3.72920311,-2.18626474,1.96235953,2.40124734,0.0,0.98085805,3.09041525
1760624795.815,9.10746277,-0.12479434,4.28037616,0.0392581,0.95807748,0.0118932,80.0,-7.0,0.0,80.0,1.3962634,0.0,0.0,0.0,80.0,-7.0,0.0,80.0,1.3962634,0.0,0.0,0.0,-9.81816239,0.96031945,-0.74777861,-0.31451909,-4.85413188,-3.38924448,17.73948666,8.13643449,-1.293791,0.53557592,3.77973864,-2.18299403,1.96251923,2.3643636,0.0,0.99467169,3.09146294
1760624795.848,8.92453056,-0.0465991,4.16599849,0.03957246,0.95682571,0.01105128,80.0,-7.0,0.0,80.0,1.3962634,0.0,0.0,0.0,80.0,-7.0,0.0,80.0,1.3962634,0.0,0.0,0.0,-9.65347797,0.93649106,-0.7939852,-0.63020424,-4.77568579,-4.39391734,19.66087501,9.06630667,-4.13817466,1.13377995,3.84389921,-2.15068677,1.91637174,2.34293586,0.0,0.98643669,3.0872935
1760624795.882,8.64167464,0.02449702,4.08631042,0.03889111,0.95527597,0.01035193,80.0,-7.0,0.0,80.0,1.3962634,0.0,0.0,0.0,80.0,-7.0,0.0,80.0,1.3962634,0.0,0.0,0.0,-9.44294514,0.94442454,-0.79645625,-0.81551832,-4.59938227,-5.24869513,19.89585839,9.39041284,-5.48823172,1.58507812,3.97171357,-2.10625777,2.01167306,2.32677117,0.0,0.99177636,3.0788175
1760624795.915,8.43515953,0.06193538,4.03970838,0.0390522,0.95546074,0.01032583,80.0,-7.0,0.0,80.0,1.3962634,0.0,0.0,0.0,80.0,-7.0,0.0,80.0,1.3962634,0.0,0.0,0.0,-9.26617103,0.86735935,-0.80853512,-0.92457788,-4.46127525,-5.79066168,20.78310914,9.79013775,-7.2480321,1.83001952,4.07044261,-2.17175486,2.0600622,2.3080063,0.0,1.02741744,3.08724843
1760624795.949,8.23912803,0.12793588,3.99496251,0.03884288,0.9551233,0.01010175,80.0,-7.0,0.0,80.0,1.3962634,0.0,0.0,0.0,80.0,-7.0,0.0,80.0,1.3962634,0.0,0.0,0.0,-9.14724902,0.80147321,-0.81547985,-0.88004709,-4.38287694,-6.05928536,21.05361215,10.08349539,-8.43609737,2.0406683,4.23021751,-2.20426596,2.06368416,2.30061462,0.0,1.0404981,3.0992026
1760624795.982,8.04216967,0.18765177,3.96334088,0.0377537,0.9550649,0.00973119,80.0,-7.0,0.0,80.0,1.3962634,0.0,0.0,0.0,80.0,-7.0,0.0,80.0,1.3962634,0.0,0.0,0.0,-8.97732987,0.72368214,-0.79957296,-0.90516908,-4.32146604,-6.28234361,20.44363548,10.00325673,-8.51576894,2.22002418,4.38910144,-2.24954073,2.10137655,2.26934253,0.0,1.04661593,3.07342562
1760624796.016,8.01578306,0.2053671,3.9654557,0.03638691,0.95521526,0.00957868,80.0,-7.0,0.0,80.0,1.3962634,0.0,0.0,0.0,80.0,-7.0,0.0,80.0,1.3962634,0.0,0.0,0.0,-8.91863674,0.70074217,-0.78164922,-0.9549335,-4.31393463,-6.51763083,20.30080166,10.04212806,-8.71740166,2.29817494,4.43751163,-2.27874085,2.14795897,2.26555529,0.0,1.0733349,3.0718628
1760624796.049,7.97818075,0.21865064,3.93831266,0.03462738,0.95545008,0.00969715,80.0,-7.0,0.0,80.0,1.3962634,0.0,0.0,0.0,80.0,-7.0,0.0,80.0,1.3962634,0.0,0.0,0.0,-8.93810681,0.69077045,-0.80067569,-0.89815291,-4.34896434,-6.69371934,20.24150397,10.2283874,-8.88347894,2.42486562,4.57704798,-2.30683564,2.08688556,2.26621064,0.0,1.07968008,3.10397045
1760624796.083,7.96155222,0.24088213,3.92639521,0.03355757,0.95560063,0.00978058,80.0,-7.0,0.0,80.0,1.3962634,0.0,0.0,0.0,80.0,-7.0,0.0,80.0,1.3962634,0.0,0.0,0.0,-8.95402724,0.69818225,-0.80591577,-0.85315958,-4.40263228,-6.74907413,20.16793873,10.20908286,-8.92138217,2.48684307,4.69539122,-2.2813062,1.97655496,2.24116587,0.06268216,1.06131025,3.06491635
1760624796.116,7.95967892,0.24093454,3.92673941,0.03340595,0.95570554,0.00999537,80.0,-7.0,0.0,80.0,1.3962634,0.0,0.0,0.0,80.0,-7.0,0.0,80.0,1.3962634,0.0,0.0,0.0,-8.96188583,0.69028227,-0.80655293,-0.82939191,-4.43088986,-6.83742171,20.16207621,10.33845792,-8.94685934,2.56202915,4.74903929,-2.28233474,1.92589438,2.23375151,0.0703722,1.05098771,3.04179769
1760624796.15,7.93221425,0.25303596,3.92037232,0.03254852,0.95607919,0.01051974,80.0,-7.0,0.0,80.0,1.3962634,0.0,0.0,0.0,80.0,-7.0,0.0,80.0,1.3962634,0.0,0.0,0.0,-9.02685734,0.66777852,-0.81195838,-0.71475421,-4.43294489,-6.83744593,20.11893913,10.44296274,-8.93549159,2.60415759,4.89069895,-2.28652071,1.83011482,2.22715483,0.12716773,1.05758724,3.06797053
1760624796.183,7.93835636,0.26552984,3.89826919,0.03276419,0.95617933,0.01105246,80.0,-7.0,0.0,80.0,1.3962634,0.0,0.0,0.0,80.0,-7.0,0.0,80.0,1.3962634,0.0,0.0,0.0,-9.05502767,0.62959747,-0.82900648,-0.63313155,-4.41167188,-6.82201033,20.02796376,10.39473391,-8.82496405,2.62834519,4.95173212,-2.27302353,1.66017429,2.22861013,0.21756655,1.03607776,3.04724886
1760624796.216,7.99569152,0.3358264,3.89112208,0.03382296,0.95655335,0.01154104,80.0,-7.0,0.0,80.0,1.3962634,0.0,0.0,0.0,80.0,-7.0,0.0,80.0,1.3962634,0.0,0.0,0.0,-9.09762269,0.51881964,-0.78012876,-0.6067953,-4.36314682,-6.87978599,19.61057155,10.49048222,-8.39726298,2.70788794,4.95797141,-2.27737958,1.66678441,2.20340476,0.25849722,1.04406894,3.05709147
1760624796.25,8.04097752,0.34472836,3.80386511,0.03421793,0.95683866,0.01190147,80.0,-7.0,0.0,80.0,1.3962634,0.0,0.0,0.0,80.0,-7.0,0.0,80.0,1.3962634,0.0,0.0,0.0,-9.22331482,0.46314333,-0.78727675,-0.48613965,-4.31611874,-6.73403317,19.05837481,10.52142284,-7.85055539,2.80736637,5.08999078,-2.27123437,1.59055703,2.14554796,0.25109832,1.02766935,3.04870374
1760624796.283,8.14092166,0.28557734,3.75450963,0.03441793,0.95746043,0.011932,80.0,-7.0,0.0,80.0,1.3962634,0.0,0.0,0.0,80.0,-7.0,0.0,80.0,1.3962634,0.0,0.0,0.0,-9.33769163,0.4967461,-0.74171965,-0.36095773,-4.25273669,-6.57417008,18.52439485,10.27189054,-7.43168874,2.78586261,5.12911049,-2.23017241,1.52150597,2.09161623,0.2904825,1.02371371,3.03559239
1760624796.317,8.19216608,0.19665373,3.71275418,0.03495915,0.95802949,0.01176339,80.0,-7.0,0.0,80.0,1.3962634,0.0,0.0,0.0,80.0,-7.0,0.0,80.0,1.3962634,0.0,0.0,0.0,-9.38534715,0.56479832,-0.68906267,-0.26761271,-4.21796329,-6.48338735,18.17843874,10.11529754,-7.2633878,2.80177733,5.14507061,-2.20090546,1.52340544,2.05930051,0.28113887,1.02008908,3.03127318
1760624796.384,8.36022456,0.11628846,3.66848583,0.0366284,0.95832922,0.01132731,80.0,-7.0,0.0,80.0,1.3962634,0.0,0.0,0.0,80.0,-7.0,0.0,80.0,1.3962634,0.0,0.0,0.0,-9.67589433,0.66575815,-0.64110221,-0.00041786,-4.19437523,-6.06310891,18.40339863,9.78071933,-7.95578117,2.77221118,5.31609935,-2.14241527,1.49727829,2.08760048,0.29895569,0.99413539,3.05039989
1760624796.417,8.37866682,0.09676637,3.65918967,0.03733766,0.95842689,0.01061552,80.0,-7.0,0.0,80.0,1.3962634,0.0,0.0,0.0,80.0,-7.0,0.0,80.0,1.3962634,0.0,0.0,0.0,-9.6627485,0.68925436,-0.62796058,0.01534673,-4.23517044,-5.78749967,18.23923254,9.77342742,-8.01662831,2.87837156,5.29337552,-2.1369748,1.50692823,2.11416614,0.27793472,0.99226688,3.04592384
1760624796.451,8.43958569,0.00093723,3.6469454,0.03813923,0.95875842,0.01031768,80.0,-7.0,0.0,80.0,1.3962634,0.0,0.0,0.0,80.0,-7.0,0.0,80.0,1.3962634,0.0,0.0,0.0,-9.68035546,0.76755212,-0.57586851,0.01376644,-4.2509839,-5.21672779,17.71309122,9.59414862,-7.73977143,2.93773587,5.25475553,-2.15288932,1.5447913,2.13489792,0.30003767,1.00464692,3.03506183
1760624796.484,8.53772698,-0.03343866,3.61181097,0.03929311,0.95913941,0.01003391,80.0,-7.0,0.0,80.0,1.3962634,0.0,0.0,0.0,80.0,-7.0,0.0,80.0,1.3962634,0.0,0.0,0.0,-9.66630742,0.76696195,-0.57220778,0.03495435,-4.24380888,-3.96622534,16.40959307,8.79944443,-6.55646365,2.73042112,5.14408164,-2.20003408,1.53437501,2.18012048,0.29509044,1.00078234,3.01897735
1760624796.517,8.7265621,-0.06141549,3.59092464,0.04054781,0.95982503,0.00967392,80.0,-7.0,0.0,80.0,1.3962634,0.0,0.0,0.0,80.0,-7.0,0.0,80.0,1.3962634,0.0,0.0,0.0,-9.73925092,0.79889108,-0.57004764,0.17335446,-4.32180052,-2.74794038,15.13986284,7.99313049,-5.24319954,2.47427037,5.03430369,-2.21548737,1.51656358,2.21206009,0.28560972,1.00026308,3.0185219
1760624796.551,8.94263371,-0.07659422,3.56458115,0.0423129,0.96039044,0.00919944,80.0,-7.0,0.0,80.0,1.3962634,0.0,0.0,0.0,80.0,-7.0,0.0,80.0,1.3962634,0.0,0.0,0.0,-9.85527647,0.79243296,-0.5908555,0.40361326,-4.47246231,-1.44129844,13.85951934,7.2416679,-3.623654,2.24920151,4.9389366,-2.25004417,1.54033471,2.25091999,0.25512145,0.99025025,3.004841
1760624796.584,9.1050301,-0.05720512,3.55980986,0.04363873,0.96085938,0.00853962,80.0,-7.0,0.0,80.0,1.3962634,0.0,0.0,0.0,80.0,-7.0,0.0,80.0,1.3962634,0.0,0.0,0.0,-9.89204208,0.74211415,-0.59184589,0.83858743,-4.74606197,0.41126691,11.82384618,5.95937335,-0.07757459,1.51044813,4.81053007,-2.2829283,1.65682347,2.26085689,0.24572,0.97604354,2.97699909
1760624796.618,9.22759426,-0.03288962,3.54559213,0.04506695,0.96080434,0.00739568,80.0,-7.0,0.0,80.0,1.3962634,0.0,0.0,0.0,80.0,-7.0,0.0,80.0,1.3962634,0.0,0.0,0.0,-9.87428119,0.68864568,-0.57803103,1.20279107,-5.01758626,1.68388984,9.99041685,5.04369753,3.84850774,0.61304315,4.67341989,-2.2914022,1.68894709,2.26297272,0.25370649,0.98523384,2.96487477
1760624796.651,9.34464495,0.0553965,3.50417359,0.04638768,0.96046284,0.00593101,80.0,-7.0,0.0,80.0,1.3962634,0.0,0.0,0.0,80.0,-7.0,0.0,80.0,1.3962634,0.0,0.0,0.0,-9.85517947,0.59201297,-0.54345128,1.59386075,-5.37200294,2.74958853,8.45844078,3.93961616,8.1892726,-0.5476096,4.53024101,-2.27190966,1.6794885,2.2742365,0.27727109,1.00866826,2.96920963
1760624796.685,9.39894427,0.11421124,3.49018256,0.04707107,0.9603803,0.00479172,80.0,-7.0,0.0,80.0,1.3962634,0.0,0.0,0.0,80.0,-7.0,0.0,80.0,1.3962634,0.0,0.0,0.0,-9.82482128,0.50949803,-0.46379447,2.02422915,-5.7984954,3.46033046,7.29017263,3.10333187,14.62609506,-2.68072872,4.47501284,-2.25760492,1.7201599,2.28171341,0.28469522,1.01442788,2.97183743
1760624796.718,9.87895259,0.24222403,3.37739439,0.04708764,0.96132348,0.00500337,80.0,-7.0,0.0,80.0,1.3962634,0.0,0.0,0.0,80.0,-7.0,0.0,80.0,1.3962634,0.0,0.0,0.0,-10.35573028,0.39087447,-0.27413689,2.26896567,-6.12365491,3.21449333,7.76753,3.97779564,19.60971015,-4.92958699,4.54163859,-2.25056623,1.8111707,2.31863202,0.25488599,0.99991419,2.97014016
1760624796.752,9.95279529,0.23245212,3.41205859,0.04603054,0.96169658,0.00531194,80.0,-7.0,0.0,80.0,1.3962634,0.0,0.0,0.0,80.0,-7.0,0.0,80.0,1.3962634,0.0,0.0,0.0,-10.50846091,0.42983741,-0.12276183,2.28456083,-6.63286635,2.2657435,9.24414873,6.803876,27.20309305,-8.56550015,4.67482028,-2.22016878,1.88726636,2.32236955,0.33710286,1.00102104,2.99526045
1760624796.785,10.31577599,0.13822641,3.40992139,0.04553769,0.96339453,0.0066788,80.0,-7.0,0.0,80.0,1.3962634,0.0,0.0,0.0,80.0,-7.0,0.0,80.0,1.3962634,0.0,0.0,0.0,-10.98467302,0.50944327,-0.01983696,2.17899284,-7.0003142,1.18354601,11.75060329,11.12230878,31.94462047,-12.14454894,4.85408237,-2.25766679,1.85959195,2.31402972,0.38580549,0.96917268,2.99291853
1760624796.819,10.60915772,0.0009149,3.43648688,0.04457216,0.96650895,0.00810853,80.0,-7.0,0.0,80.0,1.3962634,0.0,0.0,0.0,80.0,-7.0,0.0,80.0,1.3962634,0.0,0.0,0.0,-11.33480235,0.51302829,0.02974886,1.90326813,-7.38313447,0.08573928,16.45237017,16.77448837,34.43964839,-16.08840365,4.96171035,-2.41235715,1.77100624,2.30094864,0.45715181,0.94710606,2.99186576
1760624796.852,10.57994327,-0.17318605,3.41614766,0.04476544,0.97163952,0.00995669,80.0,-7.0,0.0,80.0,1.3962634,0.0,0.0,0.0,80.0,-7.0,0.0,80.0,1.3962634,0.0,0.0,0.0,-11.32862514,0.29300715,-0.06023795,1.28752362,-7.72038936,-0.64228373,22.29694808,23.72910434,38.52481455,-21.22211083,5.09736952,-2.77916478,1.5977168,2.28098864,0.39773623,0.87425222,2.95744291
1760624796.885,10.47658712,-0.36561219,3.36689901,0.04540744,0.97602284,0.01247875,80.0,-7.0,0.0,80.0,1.3962634,0.0,0.0,0.0,80.0,-7.0,0.0,80.0,1.3962634,0.0,0.0,0.0,-11.17313276,0.18061149,-0.25776891,0.59597548,-7.97685458,-0.95961973,27.83097392,28.94058269,40.35997223,-24.93024436,5.19673459,-3.06891466,1.22017394,2.2604732,0.35568496,0.78883425,2.91823899
1760624796.919,9.99546018,-0.61119261,3.45276527,0.04495769,0.97690239,0.01486118,80.0,-7.0,0.0,80.0,1.3962634,0.0,0.0,0.0,80.0,-7.0,0.0,80.0,1.3962634,0.0,0.0,0.0,-10.59863341,0.32220663,-0.44537279,-0.13336311,-8.43202744,-1.61610158,40.33097323,31.93225528,35.85198457,-24.99999983,5.23133514,-3.18311416,0.87219003,2.25043448,0.38434422,0.74346228,2.90671171
1760624796.952,10.23731889,-0.5207035,3.57854941,0.050693,0.97520918,0.01654537,80.0,-7.0,0.0,80.0,1.3962634,0.0,0.0,0.0,80.0,-7.0,0.0,80.0,1.3962634,0.0,0.0,0.0,-10.94502412,0.53585205,-0.43735281,-0.52966234,-9.30818713,-2.46384123,56.84198068,34.62027993,29.59584911,-23.27669111,5.42769056,-2.93397915,0.85715326,2.23887569,0.34770947,0.71660502,2.91223905
1760624796.986,10.67861043,-0.60045605,3.83123457,0.05665444,0.97429621,0.01772661,80.0,-7.0,0.0,80.0,1.3962634,0.0,0.0,0.0,80.0,-7.0,0.0,80.0,1.3962634,0.0,0.0,0.0,-11.54292418,0.90635611,-0.31521597,-0.62770984,-9.89611775,-2.79071816,71.585423,35.70848374,22.47852235,-20.19059018,5.60488607,-2.70615888,1.07073788,2.20195301,0.3588926,0.71016463,2.90210024
1760624797.019,11.35259761,-0.43998712,4.05898613,0.06435701,0.97422949,0.01411194,80.0,-7.0,0.0,80.0,1.3962634,0.0,0.0,0.0,80.0,-7.0,0.0,80.0,1.3962634,0.0,0.0,0.0,-12.49445653,1.03858835,0.13528249,-0.41794218,-10.20879724,-2.88930662,84.59198,37.21701022,16.7708915,-17.31239195,5.8088906,-2.4471946,1.65706951,2.20824693,0.32507907,0.7332898,2.86038894
1760624797.053,12.01615719,-0.11454701,3.9745598,0.07041649,0.97718902,0.01128471,80.0,-7.0,0.0,80.0,1.3962634,0.0,0.0,0.0,80.0,-7.0,0.0,80.0,1.3962634,0.0,0.0,0.0,-13.41196477,0.75006271,0.58640595,-0.16793528,-10.70760318,-2.22836416,90.90429921,40.48621014,18.95011502,-17.71479359,5.98103318,-2.39631057,2.02166962,2.21628922,0.30697411,0.74034724,2.84043847
1760624797.086,12.21823015,0.04542776,4.0829075,0.07373447,0.98004763,0.00966319,80.0,-7.0,0.0,80.0,1.3962634,0.0,0.0,0.0,80.0,-7.0,0.0,80.0,1.3962634,0.0,0.0,0.0,-13.68398294,0.4803259,1.01080912,0.01523154,-10.75988144,-2.06179467,98.62296293,41.96228567,17.66211009,-15.82687302,5.93480173,-2.47855317,2.52434186,2.20460094,0.36307969,0.77188159,2.82185104
1760624797.12,12.2342634,0.04749087,4.02882042,0.07622851,0.98129598,0.0092608,80.0,-7.0,0.0,80.0,1.3962634,0.0,0.0,0.0,80.0,-7.0,0.0,80.0,1.3962634,0.0,0.0,0.0,-13.72582731,0.51483326,1.18091915,0.03995655,-11.05492303,-1.65464332,102.42708774,43.7541513,19.43620628,-15.55088524,5.84543787,-2.41781415,2.64476308,2.21450595,0.31187381,0.76766316,2.82352263
1760624797.153,12.18629885,-0.04941369,4.05061624,0.08064137,0.98087636,0.00930282,80.0,-7.0,0.0,80.0,1.3962634,0.0,0.0,0.0,80.0,-7.0,0.0,80.0,1.3962634,0.0,0.0,0.0,-13.6908074,0.67816938,1.35649518,0.06789283,-11.31342678,-1.0798283,103.10755523,46.60950016,24.83905934,-17.15739658,5.68810272,-2.30315472,2.78976242,2.23072824,0.33421832,0.77914373,2.84987391
1760624797.186,12.3713362,-0.05216556,4.28695609,0.08845934,0.98349142,0.00989457,80.0,-7.0,0.0,80.0,1.3962634,0.0,0.0,0.0,80.0,-7.0,0.0,80.0,1.3962634,0.0,0.0,0.0,-14.04748522,0.75765196,1.60022363,0.14649309,-11.21064063,-0.85077197,108.60351934,47.02279437,24.07756063,-15.07145209,5.69386434,-2.2190233,3.27636463,2.27058453,0.30077036,0.79943118,2.86216946
1760624797.22,13.28561176,0.10666395,4.73523909,0.09723755,0.98783038,0.00743282,80.0,-7.0,0.0,80.0,1.3962634,0.0,0.0,0.0,80.0,-7.0,0.0,80.0,1.3962634,0.0,0.0,0.0,-15.17486908,0.51828694,2.25638068,0.09835744,-10.7541364,-1.13612038,111.13130227,48.93750441,25.33340704,-14.62850781,5.57419696,-2.30392753,4.42725506,2.35904571,0.2857694,0.89754247,2.80477687
1760624797.253,13.316135,0.13242526,4.70324753,0.09978465,0.98731297,0.0083292,80.0,-7.0,0.0,80.0,1.3962634,0.0,0.0,0.0,80.0,-7.0,0.0,80.0,1.3962634,0.0,0.0,0.0,-15.37337355,0.5600387,2.24713816,-0.05314486,-10.61333448,-0.05476806,114.82017295,50.26771249,26.68619432,-13.52499829,5.53971478,-2.21308106,4.48498748,2.38497549,0.31599627,0.90282529,2.81824093
1760624797.287,13.12132026,0.14221221,4.77108829,0.10367962,0.98662686,0.00467768,80.0,-7.0,0.0,80.0,1.3962634,0.0,0.0,0.0,80.0,-7.0,0.0,80.0,1.3962634,0.0,0.0,0.0,-15.15964188,0.64850418,2.35907953,-0.47189316,-10.53014257,0.88612826,117.76775759,51.41867657,27.44450197,-12.85713106,5.3584314,-2.04446899,4.77687323,2.39541792,0.31123693,0.94153043,2.80040624
1760624797.32,12.80343799,0.09900935,4.68004727,0.10259399,0.98377044,0.00297624,80.0,-7.0,0.0,80.0,1.3962634,0.0,0.0,0.0,80.0,-7.0,0.0,80.0,1.3962634,0.0,0.0,0.0,-14.77667756,0.84284899,2.30557314,-1.01871669,-10.59867817,1.88440185,117.39223355,54.35966295,30.5888507,-14.65178611,5.22354658,-1.83726315,4.72859745,2.39491188,0.29873085,0.9336537,2.78059379
1760624797.354,11.64267336,-0.06039065,4.68357159,0.09518263,0.97956279,0.00389185,80.0,-7.0,0.0,80.0,1.3962634,0.0,0.0,0.0,80.0,-7.0,0.0,80.0,1.3962634,0.0,0.0,0.0,-13.29031414,1.12507861,2.22213144,-1.73329085,-10.74995197,2.9104984,116.04706788,58.48812145,34.41113615,-17.91455875,4.77970621,-1.66776392,4.63542842,2.35435266,0.46617573,0.98390706,2.75257374
1760624797.387,11.34811021,-0.15757555,4.63246898,0.09249674,0.97905738,0.00501016,80.0,-7.0,0.0,80.0,1.3962634,0.0,0.0,0.0,80.0,-7.0,0.0,80.0,1.3962634,0.0,0.0,0.0,-12.82109762,1.26756963,2.03709058,-2.1420025,-10.76407039,3.53728802,118.01887482,59.7587159,34.7208455,-17.70809835,4.6040523,-1.64066846,4.50459234,2.31839417,0.45896989,0.9785866,2.73968285
1760624797.421,10.93470905,-0.21508224,4.61723799,0.09038508,0.978609,0.00464442,80.0,-7.0,0.0,80.0,1.3962634,0.0,0.0,0.0,80.0,-7.0,0.0,80.0,1.3962634,0.0,0.0,0.0,-12.34528268,1.27382515,1.83929653,-2.26672954,-10.67717577,3.82536671,119.2485447,61.17365099,34.93019255,-17.8212713,4.53547754,-1.70457529,4.37595757,2.30426144,0.45699195,0.98017012,2.71745581
1760624797.454,11.12259865,-0.39377566,4.69100123,0.08850761,0.98069195,0.0051552,80.0,-7.0,0.0,80.0,1.3962634,0.0,0.0,0.0,80.0,-7.0,0.0,80.0,1.3962634,0.0,0.0,0.0,-12.57445363,1.31899357,1.78171509,-2.13735692,-10.4327781,3.46157626,121.48644789,61.47139339,34.60203851,-16.67710319,4.58418693,-1.90957306,4.34953701,2.26743779,0.60072304,0.98648294,2.69699596
1760624797.487,11.22300363,-0.5994095,4.60178088,0.0852526,0.97976333,0.00606637,80.0,-7.0,0.0,80.0,1.3962634,0.0,0.0,0.0,80.0,-7.0,0.0,80.0,1.3962634,0.0,0.0,0.0,-12.5758148,1.57641684,1.65189365,-2.14858866,-10.50870474,3.2161268,119.75028893,63.4906694,36.10101853,-18.78227173,4.53983274,-1.88680259,4.15263275,2.24198838,0.59591421,0.98661795,2.69801813
1760624797.521,11.15304527,-0.81348344,4.57247318,0.08391345,0.97919022,0.00673821,80.0,-7.0,0.0,80.0,1.3962634,0.0,0.0,0.0,80.0,-7.0,0.0,80.0,1.3962634,0.0,0.0,0.0,-12.48385949,1.79145245,1.58858907,-2.0567232,-10.49402649,2.88329753,118.17552249,65.02547661,36.92114307,-20.40255101,4.56947858,-1.89952966,4.04181095,2.22897681,0.60850284,0.98070323,2.691881
1760624797.554,11.02281857,-1.00093959,4.55494761,0.08370059,0.97902828,0.00701944,80.0,-7.0,0.0,80.0,1.3962634,0.0,0.0,0.0,80.0,-7.0,0.0,80.0,1.3962634,0.0,0.0,0.0,-12.26554634,1.95248641,1.52829692,-2.12776195,-10.35067577,2.54693184,117.90663573,64.82499923,36.56913181,-20.2307879,4.55634789,-1.91236204,3.95851621,2.20763406,0.58515969,0.98692072,2.71593879
1760624797.588,11.03090306,-1.1681957,4.62660185,0.08491413,0.97995733,0.00641005,80.0,-7.0,0.0,80.0,1.3962634,0.0,0.0,0.0,80.0,-7.0,0.0,80.0,1.3962634,0.0,0.0,0.0,-12.26693645,2.01674578,1.52603514,-2.13219811,-10.02318624,2.16859711,119.34523466,63.0618559,34.64937531,-18.05302337,4.59408012,-1.9917782,3.99992663,2.2171806,0.56084355,0.98895186,2.72042495
1760624797.621,11.09000524,-1.2944339,4.66862008,0.0856693,0.98021777,0.00549642,80.0,-7.0,0.0,80.0,1.3962634,0.0,0.0,0.0,80.0,-7.0,0.0,80.0,1.3962634,0.0,0.0,0.0,-12.32435006,2.08367471,1.5308371,-2.13930451,-9.69061441,1.76043473,119.76058131,61.83695009,32.92857737,-16.79883922,4.64380509,-2.00026414,4.02297984,2.23380851,0.52919723,0.97738059,2.71936433
1760624797.655,11.09524004,-1.35654366,4.7216858,0.08571039,0.98093301,0.00457846,80.0,-7.0,0.0,80.0,1.3962634,0.0,0.0,0.0,80.0,-7.0,0.0,80.0,1.3962634,0.0,0.0,0.0,-12.24742004,2.06357493,1.57084533,-2.21379457,-9.2009114,1.07136887,120.32889615,59.95973015,30.18429947,-15.11159575,4.60319952,-2.00561402,4.13952824,2.27125683,0.45931921,0.97502952,2.73694757
1760624797.688,11.06740151,-1.39144354,4.6827985,0.08498238,0.98042634,0.00403166,80.0,-7.0,0.0,80.0,1.3962634,0.0,0.0,0.0,80.0,-7.0,0.0,80.0,1.3962634,0.0,0.0,0.0,-12.15984897,2.04494235,1.57709086,-2.28404127,-8.93841127,0.60017946,119.36558527,59.09782533,28.61394311,-15.09192962,4.58538391,-1.9910512,4.09356862,2.27067867,0.46871054,0.96557558,2.73390869
1760624797.722,10.8741114,-1.33825538,4.54629722,0.08245111,0.97966316,0.00316328,80.0,-7.0,0.0,80.0,1.3962634,0.0,0.0,0.0,80.0,-7.0,0.0,80.0,1.3962634,0.0,0.0,0.0,-11.82180119,1.92935043,1.55138578,-2.3827241,-8.54652892,-0.0023534,117.91933623,57.93277656,26.41695466,-14.94539846,4.49576006,-1.91600343,3.96201506,2.26398228,0.42878233,0.93118877,2.69628975
1760624797.755,10.6123909,-1.12903865,4.32370952,0.08070307,0.97809923,0.00125907,80.0,-7.0,0.0,80.0,1.3962634,0.0,0.0,0.0,80.0,-7.0,0.0,80.0,1.3962634,0.0,0.0,0.0,-11.51169714,1.65427841,1.58309435,-2.43539103,-8.19942216,-0.20923991,116.64321575,57.02015443,24.3345573,-15.04222886,4.48016552,-1.85293279,3.80223388,2.24378305,0.47790738,0.90824578,2.68141084
1760624797.788,10.5165959,-1.04204097,4.32716634,0.0851522,0.977213,0.00132207,80.0,-7.0,0.0,80.0,1.3962634,0.0,0.0,0.0,80.0,-7.0,0.0,80.0,1.3962634,0.0,0.0,0.0,-11.46099212,1.48602271,1.70649179,-2.32526451,-7.73588735,-0.52145694,116.81642815,55.67458292,20.58006076,-14.0732261,4.50458368,-1.87804765,3.96631894,2.25436447,0.48597406,0.92295114,2.68193206
1760624797.822,10.55214962,-0.94557592,4.25426122,0.08583332,0.97672453,0.00196717,80.0,-7.0,0.0,80.0,1.3962634,0.0,0.0,0.0,80.0,-7.0,0.0,80.0,1.3962634,0.0,0.0,0.0,-11.54482913,1.34250157,1.69585761,-2.34084903,-7.31773716,-0.69003013,116.43487449,54.5267735,15.92043971,-13.00573714,4.59215593,-1.87114782,3.88585854,2.2415212,0.5068699,0.91027324,2.68954093
1760624797.855,10.86538628,-0.84522133,4.2624955,0.08585523,0.97754578,0.00189958,80.0,-7.0,0.0,80.0,1.3962634,0.0,0.0,0.0,80.0,-7.0,0.0,80.0,1.3962634,0.0,0.0,0.0,-11.91543056,1.22976127,1.73587607,-2.21907817,-7.12557543,-1.05013812,115.02747228,52.71035785,12.99639499,-12.80396053,4.65148835,-1.86852835,3.93358543,2.23637672,0.55399877,0.89056296,2.69591663
1760624797.889,11.65507954,-0.856974,4.44689186,0.08791883,0.97965686,0.00384447,80.0,-7.0,0.0,80.0,1.3962634,0.0,0.0,0.0,80.0,-7.0,0.0,80.0,1.3962634,0.0,0.0,0.0,-12.86264429,1.31259462,1.86829604,-1.9243252,-6.98970808,-1.56649899,113.48147653,50.63279447,10.29686379,-12.70564992,4.77397451,-1.8649698,4.20473309,2.23607226,0.58291316,0.91995469,2.73424165
1760624797.922,11.82676644,-0.89152274,4.53125056,0.08896571,0.9793734,0.00623324,80.0,-7.0,0.0,80.0,1.3962634,0.0,0.0,0.0,80.0,-7.0,0.0,80.0,1.3962634,0.0,0.0,0.0,-13.10334811,1.41284344,1.85053763,-1.60217284,-6.90027054,-1.5452751,111.6441455,47.87741818,5.18803767,-12.21751358,4.87587676,-1.80914132,4.25411457,2.21519649,0.59026,0.92457034,2.73413245
1760624797.956,12.03287739,-0.90604447,4.4586697,0.08894039,0.97832454,0.00892233,80.0,-7.0,0.0,80.0,1.3962634,0.0,0.0,0.0,80.0,-7.0,0.0,80.0,1.3962634,0.0,0.0,0.0,-13.31832155,1.51913446,1.62802333,-1.25383199,-7.15125697,-0.95639684,107.57328441,45.00447427,2.24045701,-13.97350289,5.02860282,-1.72667337,3.98177251,2.15094392,0.57543666,0.87719742,2.76423624
1760624797.989,12.10849305,-1.30715173,4.71053384,0.08766466,0.97770554,0.01373628,80.0,-7.0,0.0,80.0,1.3962634,0.0,0.0,0.0,80.0,-7.0,0.0,80.0,1.3962634,0.0,0.0,0.0,-13.31158173,2.09902066,1.15553757,-1.10631125,-7.4062379,-0.15766874,105.13171934,41.94072363,-1.04505505,-14.81339752,5.10961522,-1.66303014,3.68176173,2.13465439,0.48726995,0.85455959,2.83098502
1760624798.023,11.47773344,-1.38429425,5.19065756,0.08163244,0.97576505,0.01641047,80.0,-7.0,0.0,80.0,1.3962634,0.0,0.0,0.0,80.0,-7.0,0.0,80.0,1.3962634,0.0,0.0,0.0,-12.48520225,2.29322868,0.27071084,-0.71387635,-7.45950908,1.05208906,100.33571294,35.78362737,-5.99273523,-17.40524389,5.05191483,-1.66216018,3.21164398,2.14289491,0.52412664,0.82078203,2.87528865
1760624798.056,11.42479124,-1.43538287,5.27261066,0.07616634,0.97627554,0.01687022,80.0,-7.0,0.0,80.0,1.3962634,0.0,0.0,0.0,80.0,-7.0,0.0,80.0,1.3962634,0.0,0.0,0.0,-12.10558504,2.31214614,0.06573189,-0.52692378,-7.3626859,1.83744217,95.70572741,30.39662933,-9.92668636,-19.90467709,4.81582303,-1.71156775,3.13921751,2.12427409,0.40663675,0.80650923,2.90764813
1760624798.09,11.31576271,-1.57923545,5.30787769,0.07017096,0.97654795,0.01842207,80.0,-7.0,0.0,80.0,1.3962634,0.0,0.0,0.0,80.0,-7.0,0.0,80.0,1.3962634,0.0,0.0,0.0,-11.88411633,2.37047705,-0.22535899,-0.23837977,-7.47324984,2.66768357,88.69825566,25.12859309,-11.23495699,-22.09346559,4.81961328,-1.81802838,2.89148164,2.11927821,0.33250265,0.75576055,2.89664442
1760624798.123,10.73603865,-2.09880859,5.24061364,0.06174584,0.97835787,0.02345496,80.0,-7.0,0.0,80.0,1.3962634,0.0,0.0,0.0,80.0,-7.0,0.0,80.0,1.3962634,0.0,0.0,0.0,-10.98898365,2.59728097,-0.88013314,0.32368543,-7.55485236,4.11915893,77.57303292,16.62539203,-11.62908957,-24.19010185,4.66891889,-2.11909608,2.10779319,2.08517107,0.35110395,0.67837653,2.91481451
1760624798.157,10.38809896,-2.43095461,7.5513138,0.05701329,0.98336502,0.02217748,80.0,-7.0,0.0,80.0,1.3962634,0.0,0.0,0.0,80.0,-7.0,0.0,80.0,1.3962634,0.0,0.0,0.0,-10.44440519,2.72677766,-3.71959121,0.99457747,-7.55360394,5.28722542,58.70326135,9.73981606,-0.91974949,-23.52137306,4.62177969,-2.71615813,1.51619607,2.06304602,0.39521549,0.62368656,2.88961767
1760624798.19,10.43791223,-2.38269109,7.72354522,0.05927062,0.98692543,0.02089168,80.0,-7.0,0.0,80.0,1.3962634,0.0,0.0,0.0,80.0,-7.0,0.0,80.0,1.3962634,0.0,0.0,0.0,-10.59670145,2.38330762,-3.82864756,1.80601406,-7.48719139,5.90065965,41.8275201,3.14132432,8.2978546,-19.47319743,4.65035746,-2.99629131,1.63988899,2.04286281,0.42728742,0.61204306,2.8177232
1760624798.223,10.67164062,-2.08805958,7.7876808,0.06172309,0.98742386,0.01708318,80.0,-7.0,0.0,80.0,1.3962634,0.0,0.0,0.0,80.0,-7.0,0.0,80.0,1.3962634,0.0,0.0,0.0,-10.96432914,1.97456426,-3.65867965,2.36581913,-6.88294761,5.89013989,23.30646064,0.0,17.69101224,-13.27857244,4.67236662,-3.13544254,1.96905079,2.0591101,0.34869013,0.63653083,2.79195769
1760624798.257,10.94438959,-1.62757003,7.57072479,0.06323642,0.98106313,0.01252186,80.0,-7.0,0.0,80.0,1.3962634,0.0,0.0,0.0,80.0,-7.0,0.0,80.0,1.3962634,0.0,0.0,0.0,-11.3634179,1.84278517,-3.15929076,2.58366247,-6.83093544,5.84811976,10.46984427,0.0,25.05067111,-9.41119344,4.66767542,-2.82012073,2.20271465,2.06902808,0.45503163,0.67627036,2.78008625
1760624798.29,11.13675363,-1.43325811,7.42237175,0.06359257,0.97612862,0.01037005,80.0,-7.0,0.0,80.0,1.3962634,0.0,0.0,0.0,80.0,-7.0,0.0,80.0,1.3962634,0.0,0.0,0.0,-11.69742717,2.01187738,-2.83758777,3.12326876,-6.81546702,6.38976053,7.49699495,0.0,22.78957206,-7.64899736,4.70694595,-2.48451078,2.31070526,2.05083737,0.55975265,0.70971705,2.7699739
1760624798.324,11.3225607,-1.12901639,7.2377972,0.06193629,0.97170303,0.00855627,80.0,-7.0,0.0,80.0,1.3962634,0.0,0.0,0.0,80.0,-7.0,0.0,80.0,1.3962634,0.0,0.0,0.0,-11.95596724,1.92327275,-2.62359672,3.56457143,-6.50904603,6.89899492,6.17747596,0.0,16.97937458,-5.14549761,4.58863998,-2.31414168,2.39407773,2.00284888,0.60432282,0.72566911,2.75211112
1760624798.357,11.21682575,-0.81756829,5.26874762,0.05946311,0.96717681,0.00973715,80.0,-7.0,0.0,80.0,1.3962634,0.0,0.0,0.0,80.0,-7.0,0.0,80.0,1.3962634,0.0,0.0,0.0,-11.88870755,1.53935528,-0.52469353,3.67018339,-6.33781395,7.02921908,4.31880578,0.0,13.79165038,-2.87264798,4.38845073,-2.00811424,2.65378027,1.97554602,0.61531428,0.78133678,2.7440013
1760624798.391,11.21383584,-0.70279156,5.3162301,0.05847155,0.96495684,0.00894855,80.0,-7.0,0.0,80.0,1.3962634,0.0,0.0,0.0,80.0,-7.0,0.0,80.0,1.3962634,0.0,0.0,0.0,-11.88519584,1.59788042,-0.43660078,3.62950902,-5.80204787,7.08480194,2.62528734,0.0,11.40544918,-1.09953621,4.30065772,-1.87853874,2.86172835,1.9871017,0.54819817,0.80579417,2.75127229
1760624798.424,11.34046173,-0.61983184,5.33366581,0.05779946,0.96423437,0.00966259,80.0,-7.0,0.0,80.0,1.3962634,0.0,0.0,0.0,80.0,-7.0,0.0,80.0,1.3962634,0.0,0.0,0.0,-12.01113119,1.6142616,-0.3687741,2.98444967,-5.21835837,5.96566693,4.27399598,0.0,6.2511205,0.10015649,4.21438147,-1.85166347,2.90904226,2.03371515,0.6120562,0.84976543,2.82088317
1760624798.458,11.34053127,-0.62589635,5.2732404,0.05734575,0.96398506,0.01068878,80.0,-7.0,0.0,80.0,1.3962634,0.0,0.0,0.0,80.0,-7.0,0.0,80.0,1.3962634,0.0,0.0,0.0,-12.08073099,1.62544748,-0.42307509,2.3674429,-4.77700296,4.73483867,6.28313522,0.0,2.89546462,0.50932741,4.25289541,-1.88710548,2.8696682,2.04703164,0.59835459,0.85024009,2.85472628
1760624798.491,11.27912781,-0.58849847,5.14104506,0.05383705,0.96360736,0.01086087,80.0,-7.0,0.0,80.0,1.3962634,0.0,0.0,0.0,80.0,-7.0,0.0,80.0,1.3962634,0.0,0.0,0.0,-12.02943358,1.57304934,-0.57698634,1.71522044,-4.38745971,3.51867964,8.58390311,0.0,-0.02543394,0.56459603,4.20656388,-1.93971263,2.70367072,2.02683814,0.65613457,0.84298601,2.85668527
1760624798.524,10.76132349,-0.45496291,4.92764759,0.04949497,0.96232997,0.00992194,80.0,-7.0,0.0,80.0,1.3962634,0.0,0.0,0.0,80.0,-7.0,0.0,80.0,1.3962634,0.0,0.0,0.0,-11.45691674,1.36959315,-0.82101971,0.87800566,-4.02939234,2.07376607,11.69713084,0.30373022,-3.01033847,0.26123525,4.00022547,-2.03348611,2.59655659,1.9508526,0.77669092,0.85630965,2.81339995
1760624798.558,10.68037174,-0.32178944,4.74770894,0.04779181,0.96277176,0.00896792,80.0,-7.0,0.0,80.0,1.3962634,0.0,0.0,0.0,80.0,-7.0,0.0,80.0,1.3962634,0.0,0.0,0.0,-11.56083742,1.18975403,-1.01372774,0.65724138,-3.8242106,1.38600248,13.92879399,0.80332439,-4.74334283,-0.14091092,4.10919738,-2.13252263,2.63955961,1.86832656,0.78397048,0.86278361,2.77637554
1760624798.591,10.42315368,-0.15159986,4.55324261,0.04795197,0.96252139,0.00780132,80.0,-7.0,0.0,80.0,1.3962634,0.0,0.0,0.0,80.0,-7.0,0.0,80.0,1.3962634,0.0,0.0,0.0,-11.36860526,0.95651251,-1.1899735,0.52951462,-3.84040582,1.04975529,14.59726139,1.35187294,-5.1622577,-0.12942388,4.15693948,-2.23782272,2.62533222,1.79047849,0.83473084,0.86312103,2.75045985
1760624798.625,10.0922791,0.00819163,4.38409392,0.04768808,0.96182859,0.00644468,80.0,-7.0,0.0,80.0,1.3962634,0.0,0.0,0.0,80.0,-7.0,0.0,80.0,1.3962634,0.0,0.0,0.0,-11.08922274,0.81994735,-1.23381112,0.57961438,-4.22550711,0.54907099,15.15281205,1.9872009,-5.52306556,0.02354396,4.27272336,-2.26785014,2.75164606,1.70542031,0.82232601,0.88045663,2.71271798
1760624798.658,9.85255872,0.08639452,4.30500937,0.04720209,0.96140321,0.0058728,80.0,-7.0,0.0,80.0,1.3962634,0.0,0.0,0.0,80.0,-7.0,0.0,80.0,1.3962634,0.0,0.0,0.0,-10.83583785,0.72727836,-1.15520695,0.58634548,-4.53364475,0.15430394,15.13033251,2.1970658,-5.07240373,0.05164866,4.32982518,-2.31207079,2.87813714,1.70845151,0.85654441,0.90222711,2.71227264
1760624798.692,9.64366884,0.20588886,4.21832714,0.04580223,0.96134932,0.0047233,80.0,-7.0,0.0,80.0,1.3962634,0.0,0.0,0.0,80.0,-7.0,0.0,80.0,1.3962634,0.0,0.0,0.0,-10.75119175,0.59763227,-1.04843032,0.76462211,-4.89244063,0.11721943,14.70324957,2.48492392,-4.00976874,0.07396167,4.59678284,-2.35998462,2.92298922,1.72000925,0.91991929,0.92294541,2.73712803
1760624798.725,9.54729374,0.27675429,4.14386141,0.04552755,0.96147458,0.00457377,80.0,-7.0,0.0,80.0,1.3962634,0.0,0.0,0.0,80.0,-7.0,0.0,80.0,1.3962634,0.0,0.0,0.0,-10.70064333,0.52722257,-0.91311076,0.87497005,-5.12197894,0.37945082,14.24723631,2.62216502,-3.22269107,0.08918561,4.72725464,-2.36562351,3.00600548,1.73927491,0.86432972,0.92468644,2.74724705
1760624798.759,9.4378914,0.31541828,4.07728596,0.04412347,0.96122953,0.00438938,80.0,-7.0,0.0,80.0,1.3962634,0.0,0.0,0.0,80.0,-7.0,0.0,80.0,1.3962634,0.0,0.0,0.0,-10.64199482,0.4743246,-0.73267091,1.04542782,-5.30992689,0.64853614,13.57070642,2.63074758,-2.34335171,0.19869181,4.82793761,-2.37201913,3.00466834,1.73775077,0.96026912,0.94162678,2.76389689
1760624798.792,9.31015863,0.32135172,4.02468797,0.04311534,0.96034576,0.00442854,80.0,-7.0,0.0,80.0,1.3962634,0.0,0.0,0.0,80.0,-7.0,0.0,80.0,1.3962634,0.0,0.0,0.0,-10.52260166,0.47655536,-0.49669429,1.35270099,-5.50244413,1.2427655,12.08716377,2.23454832,-0.99010749,0.42776167,4.83734001,-2.3184355,2.97007627,1.72598233,1.04977734,0.96132721,2.75441677
1760624798.825,9.21034185,0.2961544,3.93275486,0.04414276,0.96016107,0.00514275,80.0,-7.0,0.0,80.0,1.3962634,0.0,0.0,0.0,80.0,-7.0,0.0,80.0,1.3962634,0.0,0.0,0.0,-10.51292592,0.41865705,-0.33714298,1.67568034,-5.57490189,1.69047236,11.31146663,2.03781821,-0.29026239,0.62631122,4.92488278,-2.34217646,2.89498993,1.69435104,1.08310025,0.9458633,2.73589832
1760624798.859,9.08145189,0.29895693,3.83850724,0.04525657,0.95973081,0.00558721,80.0,-7.0,0.0,80.0,1.3962634,0.0,0.0,0.0,80.0,-7.0,0.0,80.0,1.3962634,0.0,0.0,0.0,-10.41336945,0.36012988,-0.14298501,1.92362263,-5.57861364,2.26222644,10.06922576,1.74484104,0.88049782,0.88000235,4.91295481,-2.31161215,2.84882817,1.68276956,1.11011886,0.93481726,2.7331023
1760624798.892,9.01840373,0.2935391,3.73974737,0.04647423,0.95939064,0.00586761,80.0,-7.0,0.0,80.0,1.3962634,0.0,0.0,0.0,80.0,-7.0,0.0,80.0,1.3962634,0.0,0.0,0.0,-10.33882857,0.32528585,0.08945646,2.19431386,-5.56508939,2.8575812,8.51958813,1.28016627,2.35545761,1.16546043,4.85237504,-2.22032098,2.73869656,1.66567771,1.16472496,0.93769916,2.73044179
1760624798.926,9.35402798,0.42155131,2.64958675,0.04761516,0.95962549,0.00724252,80.0,-7.0,0.0,80.0,1.3962634,0.0,0.0,0.0,80.0,-7.0,0.0,80.0,1.3962634,0.0,0.0,0.0,-10.7086813,0.0408589,1.25348139,2.42455931,-5.60238884,3.12022283,7.81908816,1.0465187,3.00693249,1.32438088,4.86206517,-2.11631278,2.66071466,1.6657159,1.20588052,0.91327794,2.72653112
1760624798.959,9.2091651,0.38436307,2.61718085,0.04749313,0.95925689,0.00718325,80.0,-7.0,0.0,80.0,1.3962634,0.0,0.0,0.0,80.0,-7.0,0.0,80.0,1.3962634,0.0,0.0,0.0,-10.55359515,0.07529713,1.39069781,2.57416894,-5.59151967,3.53637181,6.90392263,0.70393976,3.9577405,1.44990201,4.83221903,-2.0264788,2.62032886,1.67086162,1.2412573,0.91142891,2.74520734
1760624798.993,9.21709679,0.40761817,2.53335149,0.04746328,0.959301,0.00678935,80.0,-7.0,0.0,80.0,1.3962634,0.0,0.0,0.0,80.0,-7.0,0.0,80.0,1.3962634,0.0,0.0,0.0,-10.53002006,0.08557659,1.52790372,2.63672561,-5.57858366,4.33837936,5.54140019,0.0,5.72299252,1.40223407,4.78687166,-1.9150752,2.53539049,1.7066427,1.32480098,0.90452415,2.76868375
1760624799.026,9.23904757,0.40211258,2.42965822,0.04746713,0.9593226,0.00662049,80.0,-7.0,0.0,80.0,1.3962634,0.0,0.0,0.0,80.0,-7.0,0.0,80.0,1.3962634,0.0,0.0,0.0,-10.47767951,0.09089415,1.6186397,2.5830936,-5.57302275,4.56728982,4.82930648,0.0,7.40327649,1.17280936,4.74238012,-1.89025611,2.38706341,1.71796029,1.41936544,0.91425695,2.75893389
1760624799.093,9.19809657,0.38556323,2.27539619,0.04741032,0.95967051,0.00646751,80.0,-7.0,0.0,80.0,1.3962634,0.0,0.0,0.0,80.0,-7.0,0.0,80.0,1.3962634,0.0,0.0,0.0,-10.37340453,0.06101241,1.65294869,3.04846402,-5.71278864,5.36610773,3.89590159,0.0,12.06240329,-0.33600591,4.89121683,-1.96065685,2.13057548,1.67898027,1.64302229,0.93072976,2.68533098
1760624799.127,9.31148757,0.3794764,2.15545549,0.04779974,0.9602065,0.00641421,80.0,-7.0,0.0,80.0,1.3962634,0.0,0.0,0.0,80.0,-7.0,0.0,80.0,1.3962634,0.0,0.0,0.0,-10.4370003,0.07064814,1.70312636,3.29621257,-5.77298596,5.91314002,3.83214423,0.0,14.51607247,-1.8820331,4.94726893,-1.98605537,2.13662123,1.67938693,1.71030001,0.95171706,2.69348901
1760624799.16,9.43542479,0.35569614,2.06847365,0.04828113,0.96065204,0.00669126,80.0,-7.0,0.0,80.0,1.3962634,0.0,0.0,0.0,80.0,-7.0,0.0,80.0,1.3962634,0.0,0.0,0.0,-10.52060779,0.07862717,1.76120817,3.48350694,-5.91405764,6.33046791,3.82682892,0.0,18.12426272,-3.6001304,5.03377545,-2.01823217,2.22605591,1.68581381,1.69408546,0.97542385,2.69365354
1760624799.193,9.54565503,0.33423498,2.04039335,0.04877124,0.9609335,0.00693502,80.0,-7.0,0.0,80.0,1.3962634,0.0,0.0,0.0,80.0,-7.0,0.0,80.0,1.3962634,0.0,0.0,0.0,-10.60376081,0.07454281,1.83855789,3.51962399,-6.1970959,6.30117206,3.89534189,0.0,24.91473095,-5.85299004,5.20944078,-2.04937521,2.37698383,1.68827408,1.7030083,0.98983726,2.69776747
1760624799.227,9.86241585,0.3385935,2.01448785,0.04807125,0.96223871,0.00712438,80.0,-7.0,0.0,80.0,1.3962634,0.0,0.0,0.0,80.0,-7.0,0.0,80.0,1.3962634,0.0,0.0,0.0,-10.93614487,0.05787232,1.92710728,3.51067301,-6.46821212,5.9729629,4.46817806,1.08314339,30.68793303,-7.98150384,5.34120295,-2.058953,2.54851756,1.73117579,1.6513819,1.01161275,2.7286642
1760624799.26,10.4532003,0.30057145,1.94580418,0.04656064,0.96465159,0.00790008,80.0,-7.0,0.0,80.0,1.3962634,0.0,0.0,0.0,80.0,-7.0,0.0,80.0,1.3962634,0.0,0.0,0.0,-11.55855391,0.03111351,1.9778585,3.4982379,-6.62757488,5.57479794,5.96897714,4.55676272,36.02170326,-11.68958016,5.47326677,-2.129389,2.67990294,1.77453967,1.56858909,1.00555397,2.7528363
1760624799.294,10.86117315,0.20386093,1.91393088,0.04570747,0.96782563,0.00961601,80.0,-7.0,0.0,80.0,1.3962634,0.0,0.0,0.0,80.0,-7.0,0.0,80.0,1.3962634,0.0,0.0,0.0,-11.98319123,0.00674098,1.99910389,3.45532715,-6.90345058,5.05187487,8.68922918,11.78094089,42.68484556,-18.53660928,5.61851479,-2.25122646,2.86272297,1.80196519,1.43945456,0.99204817,2.77022942
1760624799.327,10.91249582,0.04835444,1.92057576,0.04620171,0.97256549,0.01169516,80.0,-7.0,0.0,80.0,1.3962634,0.0,0.0,0.0,80.0,-7.0,0.0,80.0,1.3962634,0.0,0.0,0.0,-11.95765786,-0.18419328,1.95785741,3.37550773,-6.97430816,4.97593454,12.22264875,18.30451671,46.28987332,-24.66889566,5.63392973,-2.59755844,2.88851009,1.82021932,1.38269894,0.99688127,2.79737248
1760624799.361,10.36304411,-0.21486093,1.75952836,0.04311643,0.97585788,0.01360383,80.0,-7.0,0.0,80.0,1.3962634,0.0,0.0,0.0,80.0,-7.0,0.0,80.0,1.3962634,0.0,0.0,0.0,-11.188167,-0.25880661,1.51795292,3.40285237,-7.95419498,5.21888016,21.62620319,21.17184038,44.06036504,-24.99999983,5.60429488,-2.92457197,2.37865767,1.80572064,1.21830545,0.9388376,2.82719903
1760624799.394,9.35908619,-0.54781537,1.54474641,0.03552008,0.97209049,0.01807517,80.0,-7.0,0.0,80.0,1.3962634,0.0,0.0,0.0,80.0,-7.0,0.0,80.0,1.3962634,0.0,0.0,0.0,-9.88676234,0.2741323,0.81844717,3.19578295,-9.39953919,5.79311841,40.14360618,26.20126921,34.69016878,-24.99999983,5.55968998,-2.7995147,1.44739542,1.78707531,0.89648337,0.84436969,2.92914185
1760624799.428,9.00223813,-0.83187621,3.16654868,0.03496124,0.96834173,0.02092485,80.0,-7.0,0.0,80.0,1.3962634,0.0,0.0,0.0,80.0,-7.0,0.0,80.0,1.3962634,0.0,0.0,0.0,-9.43853185,1.174594,-0.99158804,3.04736511,-9.983569,6.27954616,57.64827408,30.49750627,24.23690929,-24.99999983,5.64546215,-2.54562843,1.09394891,1.76436932,0.64448994,0.80027378,2.9973677
1760624799.461,10.15583774,-1.24547075,3.6774892,0.0469099,0.96960589,0.02502916,80.0,-7.0,0.0,80.0,1.3962634,0.0,0.0,0.0,80.0,-7.0,0.0,80.0,1.3962634,0.0,0.0,0.0,-10.95578023,2.00519203,-0.61053935,3.58641314,-10.66610075,5.89556802,72.20581634,34.92683286,16.57098359,-24.99999983,6.07420615,-2.29451425,1.68910642,1.79205034,0.43661449,0.80908363,2.9896945
1760624799.495,10.88496269,-0.87351187,3.93496203,0.05430679,0.97137617,0.02114136,80.0,-7.0,0.0,80.0,1.3962634,0.0,0.0,0.0,80.0,-7.0,0.0,80.0,1.3962634,0.0,0.0,0.0,-12.01370335,1.69211207,-0.2779252,4.42083857,-11.61953544,5.16914254,81.02134393,40.69927854,16.55794505,-24.99999983,6.35218869,-2.37075993,2.03781905,1.77135433,0.51477393,0.83505801,2.92288759
1760624799.528,11.41692134,-0.60102938,4.00834284,0.06720356,0.97714481,0.01826723,80.0,-7.0,0.0,80.0,1.3962634,0.0,0.0,0.0,80.0,-7.0,0.0,80.0,1.3962634,0.0,0.0,0.0,-12.80948101,1.27306254,0.02191445,5.00686814,-12.39876794,4.31865463,86.13000958,44.36409844,18.46877447,-24.99999983,6.57799603,-2.60992655,2.22996202,1.72517831,0.71757273,0.83523513,2.8816008
1760624799.561,11.42340747,-0.43571034,4.04735151,0.07224253,0.98015002,0.01538733,80.0,-7.0,0.0,80.0,1.3962634,0.0,0.0,0.0,80.0,-7.0,0.0,80.0,1.3962634,0.0,0.0,0.0,-12.90291737,1.02705304,0.29586613,5.45196372,-13.02953348,3.25180758,91.34225044,47.29985235,20.58952521,-24.09827307,6.5093174,-2.73980839,2.36881035,1.67786389,0.83202988,0.8613085,2.80644625
1760624799.595,11.36008859,-0.3940401,4.16278822,0.0757001,0.98096162,0.01505354,80.0,-7.0,0.0,80.0,1.3962634,0.0,0.0,0.0,80.0,-7.0,0.0,80.0,1.3962634,0.0,0.0,0.0,-12.95066224,1.02498762,0.49275931,5.99719378,-13.85128954,2.48734446,95.90619263,51.3037942,24.55334469,-24.20242531,6.39956626,-2.80860932,2.38293505,1.58527474,1.01271815,0.8747353,2.74535505
1760624799.628,11.53505672,-0.15010872,4.172094,0.0800195,0.98246237,0.01140058,80.0,-7.0,0.0,80.0,1.3962634,0.0,0.0,0.0,80.0,-7.0,0.0,80.0,1.3962634,0.0,0.0,0.0,-13.24282793,0.78335586,0.85302415,6.37504439,-13.97440285,2.25030833,101.83963548,53.4089992,24.64061562,-22.37420621,6.2774265,-2.79304854,2.52093683,1.59013253,1.16321444,0.9165795,2.73335946
1760624799.662,12.01792731,-0.08922112,4.14776975,0.08720424,0.98339844,0.01078761,80.0,-7.0,0.0,80.0,1.3962634,0.0,0.0,0.0,80.0,-7.0,0.0,80.0,1.3962634,0.0,0.0,0.0,-14.03066931,0.72321015,1.2194908,6.93614527,-14.03402461,2.45979336,104.37661083,57.54428776,27.67004668,-23.73869124,6.2613659,-2.83178754,2.60112164,1.61612641,1.28346341,0.91707885,2.754027
1760624799.695,12.20287617,0.03888452,4.17563193,0.09325174,0.98334394,0.0089254,80.0,-7.0,0.0,80.0,1.3962634,0.0,0.0,0.0,80.0,-7.0,0.0,80.0,1.3962634,0.0,0.0,0.0,-14.45031049,0.65148791,1.54300827,7.03083309,-13.83465213,2.24031747,107.96165928,59.50755387,28.49713569,-22.92962855,6.21957364,-2.73471634,2.98278287,1.64539828,1.18285965,0.93300767,2.7370526
1760624799.729,12.22427999,0.07289465,4.22441163,0.09533132,0.98397067,0.00870377,80.0,-7.0,0.0,80.0,1.3962634,0.0,0.0,0.0,80.0,-7.0,0.0,80.0,1.3962634,0.0,0.0,0.0,-14.53490999,0.54267704,1.84710391,6.73768441,-13.35356877,1.76633982,111.22490659,61.07645825,29.65705929,-21.97798248,5.99902367,-2.73609959,3.3388837,1.70011313,1.14292904,0.97133753,2.75834722
1760624799.762,12.0307361,-0.01543826,4.21154101,0.09301208,0.98345871,0.00890993,80.0,-7.0,0.0,80.0,1.3962634,0.0,0.0,0.0,80.0,-7.0,0.0,80.0,1.3962634,0.0,0.0,0.0,-14.34193671,0.61589485,2.05053581,5.95699243,-12.72381293,1.15911825,114.58002996,63.14668648,31.99569455,-21.42453973,5.71253112,-2.64982537,3.47162487,1.77953147,1.14613946,1.00105415,2.7845188
1760624799.795,11.82699024,0.05157771,4.15610859,0.09258999,0.98321045,0.00728177,80.0,-7.0,0.0,80.0,1.3962634,0.0,0.0,0.0,80.0,-7.0,0.0,80.0,1.3962634,0.0,0.0,0.0,-14.21374944,0.47231807,2.19332337,5.30988879,-12.09744259,0.81990399,117.35578446,64.77281007,33.31070235,-20.7383558,5.62812282,-2.6001626,3.62758654,1.83062245,1.10838288,1.01377584,2.7560885
1760624799.829,11.65572923,0.05758794,4.02183879,0.0921572,0.98201674,0.00752627,80.0,-7.0,0.0,80.0,1.3962634,0.0,0.0,0.0,80.0,-7.0,0.0,80.0,1.3962634,0.0,0.0,0.0,-14.01404376,0.49555671,2.23896306,4.69632051,-11.62799844,0.59217447,117.92823315,67.37133768,35.47145068,-21.90543017,5.50626094,-2.46485431,3.59149113,1.84978521,1.13599528,1.02520187,2.77261482
1760624799.863,11.52176657,0.19162092,3.8022407,0.09233466,0.98032416,0.00578277,80.0,-7.0,0.0,80.0,1.3962634,0.0,0.0,0.0,80.0,-7.0,0.0,80.0,1.3962634,0.0,0.0,0.0,-13.89356662,0.3598088,2.24401963,4.17979393,-11.20289762,0.3002363,117.05025331,71.34613077,38.45757125,-24.99999983,5.44296135,-2.3496976,3.55568296,1.8428372,1.21144668,0.99672176,2.74752236
1760624799.896,11.12018598,0.35916655,3.5277311,0.0919849,0.97790187,0.00452261,80.0,-7.0,0.0,80.0,1.3962634,0.0,0.0,0.0,80.0,-7.0,0.0,80.0,1.3962634,0.0,0.0,0.0,-13.47405493,0.23463026,2.41687299,3.85175929,-11.06433372,0.03098722,118.09776131,73.00399973,39.36627958,-24.99999983,5.39533401,-2.19726896,3.62779771,1.8094887,1.24026644,0.98694455,2.71447838
1760624799.929,11.11859138,0.40623302,3.42621366,0.09186253,0.97597153,0.00267203,80.0,-7.0,0.0,80.0,1.3962634,0.0,0.0,0.0,80.0,-7.0,0.0,80.0,1.3962634,0.0,0.0,0.0,-13.43548543,0.25028729,2.40520113,3.78562002,-10.98872537,-0.29459864,118.39912788,74.07220636,40.42704234,-24.99999983,5.38620605,-2.11486825,3.65812784,1.7792203,1.25000516,0.98837438,2.7105249
1760624799.963,10.7387294,0.47030044,3.0429739,0.09074307,0.97507395,0.00272118,80.0,-7.0,0.0,80.0,1.3962634,0.0,0.0,0.0,80.0,-7.0,0.0,80.0,1.3962634,0.0,0.0,0.0,-12.92107442,0.07742583,2.64407992,3.84361583,-10.95246303,-0.85221615,117.9103722,74.35276541,41.1744712,-24.99999983,5.27177923,-2.1723586,3.65161651,1.77476927,1.40879848,1.03864076,2.74758371
1760624799.996,10.77440824,0.41028316,3.00307222,0.08906187,0.97652104,0.00270643,80.0,-7.0,0.0,80.0,1.3962634,0.0,0.0,0.0,80.0,-7.0,0.0,80.0,1.3962634,0.0,0.0,0.0,-12.79005414,0.01067604,2.66063143,3.74812889,-10.90363836,-1.14155761,117.15083184,73.9641259,40.17254851,-24.99999983,5.12820237,-2.32194365,3.78550443,1.76828827,1.43586286,1.0649464,2.70499493
1760624800.03,10.4367484,0.25646485,2.77291824,0.08785734,0.97672644,0.00396162,80.0,-7.0,0.0,80.0,1.3962634,0.0,0.0,0.0,80.0,-7.0,0.0,80.0,1.3962634,0.0,0.0,0.0,-12.33679131,0.04062605,2.77551328,3.68171153,-10.88119385,-1.19140258,116.09411594,73.30899663,38.74949991,-24.99999983,5.13068588,-2.42268293,3.79955442,1.75069745,1.41823021,1.06382236,2.68032471
1760624800.063,10.46924531,0.20797972,2.73436489,0.08645305,0.97724241,0.00406598,80.0,-7.0,0.0,80.0,1.3962634,0.0,0.0,0.0,80.0,-7.0,0.0,80.0,1.3962634,0.0,0.0,0.0,-12.27526297,-0.01675178,2.76011076,3.39369933,-10.7396239,-1.38646227,114.66106622,72.4745548,36.98709891,-24.99999983,5.2175525,-2.55505627,3.81047247,1.75016363,1.41194833,1.08683182,2.71165504
1760624800.097,10.3476936,0.19835646,2.64371864,0.08497298,0.97709119,0.00402709,80.0,-7.0,0.0,80.0,1.3962634,0.0,0.0,0.0,80.0,-7.0,0.0,80.0,1.3962634,0.0,0.0,0.0,-12.0806167,-0.08669271,2.83559515,3.13169425,-10.58640693,-1.84639506,114.67884428,70.67084945,35.12966449,-23.4055565,5.25751239,-2.62046151,3.79088479,1.79603885,1.41643858,1.08673092,2.71333065
1760624800.13,10.40152498,0.21842109,2.54049376,0.08313149,0.97761631,0.00269929,80.0,-7.0,0.0,80.0,1.3962634,0.0,0.0,0.0,80.0,-7.0,0.0,80.0,1.3962634,0.0,0.0,0.0,-12.08431677,-0.16574855,2.89333133,2.9546812,-10.54351347,-2.34129078,114.32728029,68.93365636,33.07094428,-22.07432956,5.29810485,-2.64614342,3.72611678,1.82549659,1.47090112,1.08438186,2.72283352
1760624800.163,10.4695868,0.25072279,2.47960131,0.08271301,0.97829727,0.00216284,80.0,-7.0,0.0,80.0,1.3962634,0.0,0.0,0.0,80.0,-7.0,0.0,80.0,1.3962634,0.0,0.0,0.0,-12.1105079,-0.28171955,2.94543951,2.80178889,-10.41205318,-3.06256568,114.89459411,65.27438736,29.09406324,-18.81003167,5.32086615,-2.67058722,3.72308532,1.83008766,1.46106785,1.07346221,2.73002124
1760624800.197,10.69319211,0.22628504,2.42045432,0.08376879,0.97830374,0.00098884,80.0,-7.0,0.0,80.0,1.3962634,0.0,0.0,0.0,80.0,-7.0,0.0,80.0,1.3962634,0.0,0.0,0.0,-12.34420336,-0.27295631,2.93968591,2.77440894,-10.25390102,-3.43215258,114.46744462,62.12149373,25.42628205,-16.94044629,5.39793016,-2.6069941,3.6695045,1.81418102,1.40336538,1.02149467,2.69097692
1760624800.23,11.12403099,0.21647061,2.44147945,0.08283299,0.97970942,0.00193069,80.0,-7.0,0.0,80.0,1.3962634,0.0,0.0,0.0,80.0,-7.0,0.0,80.0,1.3962634,0.0,0.0,0.0,-12.79556923,-0.3259947,2.93722377,2.52683411,-10.1971191,-3.99566646,114.75805834,58.3598925,20.94097377,-14.8953035,5.44166252,-2.6294907,3.66939896,1.81757762,1.38028115,1.00611252,2.69259908
1760624800.264,11.33750195,0.14787973,2.51431674,0.08237988,0.98119134,0.00440588,80.0,-7.0,0.0,80.0,1.3962634,0.0,0.0,0.0,80.0,-7.0,0.0,80.0,1.3962634,0.0,0.0,0.0,-13.01550514,-0.34230256,2.93362495,2.15207942,-9.9691108,-4.63451046,114.59063743,53.69585478,14.93400264,-12.85424341,5.44037547,-2.6560548,3.67548799,1.84561395,1.3808969,1.00172515,2.74577112
1760624800.297,11.6150524,0.10343939,2.52649983,0.08295081,0.98150363,0.00513196,80.0,-7.0,0.0,80.0,1.3962634,0.0,0.0,0.0,80.0,-7.0,0.0,80.0,1.3962634,0.0,0.0,0.0,-13.30974775,-0.3236793,2.93740784,1.9326892,-9.87045568,-4.99985443,112.79087903,49.73838399,10.91746857,-12.90686929,5.48164661,-2.60330323,3.66225039,1.86163428,1.30539275,0.98543684,2.77626298
1760624800.331,11.74278986,0.09134733,2.55132642,0.08283484,0.9810227,0.00674039,80.0,-7.0,0.0,80.0,1.3962634,0.0,0.0,0.0,80.0,-7.0,0.0,80.0,1.3962634,0.0,0.0,0.0,-13.31571418,-0.27601092,2.96839016,1.67434025,-9.84547834,-5.10696315,110.03451469,46.86298221,7.72513648,-13.48934578,5.36780483,-2.50833121,3.74057155,1.9048286,1.05403191,0.97502595,2.83643063
1760624800.364,12.26286967,-0.14594793,2.50453705,0.08224153,0.98119058,0.00990479,80.0,-7.0,0.0,80.0,1.3962634,0.0,0.0,0.0,80.0,-7.0,0.0,80.0,1.3962634,0.0,0.0,0.0,-13.82521695,-0.07690654,2.93413448,1.87098889,-10.06746833,-4.95857277,107.13980811,41.99922606,2.24030702,-13.30548148,5.35921418,-2.47499035,3.67163007,2.02183045,0.55348566,0.98931063,2.99744905
1760624800.398,12.23834203,-0.43568528,2.38829503,0.07898772,0.98029526,0.01476762,80.0,-7.0,0.0,80.0,1.3962634,0.0,0.0,0.0,80.0,-7.0,0.0,80.0,1.3962634,0.0,0.0,0.0,-13.67284478,0.31272583,2.70451404,2.2250736,-10.28664802,-4.1888601,104.05716635,37.48449029,-2.57712408,-14.33750003,5.32665008,-2.35236544,3.41145023,1.97417056,0.29153527,0.97217638,3.16206417
1760624800.431,12.20509287,-0.67120871,2.28131533,0.07459161,0.97930294,0.0163334,80.0,-7.0,0.0,80.0,1.3962634,0.0,0.0,0.0,80.0,-7.0,0.0,80.0,1.3962634,0.0,0.0,0.0,-13.50177422,0.5592225,2.45873541,2.45111904,-10.50505261,-3.04277523,98.27037906,34.3604939,-3.76396923,-15.82625678,5.33292095,-2.28573064,3.21333243,1.91042441,0.15096938,0.91476017,3.17198501
1760624800.465,12.09331785,-0.99036362,2.30254751,0.07269891,0.97935808,0.01920488,80.0,-7.0,0.0,80.0,1.3962634,0.0,0.0,0.0,80.0,-7.0,0.0,80.0,1.3962634,0.0,0.0,0.0,-13.42812224,0.90152155,2.1624454,2.91611195,-10.38414897,-2.02506078,93.71413947,29.13418828,-7.55849803,-16.99428961,5.54344361,-2.23773595,3.0285661,1.95568083,0.07147046,0.88387022,3.21947193
1760624800.498,11.94853785,-1.1826788,2.32996295,0.067227,0.97957261,0.0199632,80.0,-7.0,0.0,80.0,1.3962634,0.0,0.0,0.0,80.0,-7.0,0.0,80.0,1.3962634,0.0,0.0,0.0,-13.132595,1.07801067,1.89643185,2.79779929,-10.26882976,-1.6142095,87.88504654,26.54954948,-7.3721958,-17.4237827,5.56566316,-2.27789565,2.66013862,1.99240214,0.15533008,0.86033151,3.29264542
1760624800.565,11.58621276,-1.79629791,2.28045903,0.06345652,0.98122456,0.02527846,80.0,-7.0,0.0,80.0,1.3962634,0.0,0.0,0.0,80.0,-7.0,0.0,80.0,1.3962634,0.0,0.0,0.0,-12.74076264,1.37630749,1.21151292,3.06957313,-9.86705713,-0.46714475,68.38210166,21.11217351,-0.17050798,-17.37763712,5.77608957,-2.66065928,1.89995212,2.0851665,0.4371964,0.72986816,3.25486972
1760624800.598,11.22249626,-1.80415523,4.23822109,0.06251146,0.9823406,0.02206913,80.0,-7.0,0.0,80.0,1.3962634,0.0,0.0,0.0,80.0,-7.0,0.0,80.0,1.3962634,0.0,0.0,0.0,-12.17209084,1.5579543,-0.93389947,2.97139104,-9.65582549,0.23042726,55.99842963,19.03894822,7.09837424,-17.07695767,5.58688222,-2.85843028,1.86477295,2.04454743,0.35350076,0.72665176,3.19953194
1760624800.632,11.02969015,-1.68494774,4.24288294,0.06300755,0.98290645,0.02071707,80.0,-7.0,0.0,80.0,1.3962634,0.0,0.0,0.0,80.0,-7.0,0.0,80.0,1.3962634,0.0,0.0,0.0,-11.96388712,1.21255136,-1.00281188,3.11995108,-8.99301406,1.23050392,43.09791142,15.05623642,12.45141375,-15.897266,5.48361403,-3.02271661,2.03334608,2.0186517,0.28407679,0.73021887,3.09858102
1760624800.665,11.0029473,-1.40418078,4.27608222,0.06398413,0.98437635,0.01737415,80.0,-7.0,0.0,80.0,1.3962634,0.0,0.0,0.0,80.0,-7.0,0.0,80.0,1.3962634,0.0,0.0,0.0,-11.91496901,0.70080602,-0.92760513,3.11057463,-8.38605671,1.65582089,25.7257886,12.37855495,24.43920341,-14.21529535,5.36512678,-3.21469639,2.28478333,2.02004251,0.29749573,0.76406231,3.09312138
1760624800.699,11.05712576,-1.04418548,4.1001161,0.06407092,0.98017041,0.01385185,80.0,-7.0,0.0,80.0,1.3962634,0.0,0.0,0.0,80.0,-7.0,0.0,80.0,1.3962634,0.0,0.0,0.0,-12.071341,0.55163089,-0.55902627,3.28631606,-8.23487651,1.52828213,16.64311328,11.33594134,29.27186091,-12.0666491,5.30852863,-2.96735633,2.57078693,2.05458548,0.37726261,0.82597667,3.11941806
1760624800.732,10.90463055,-0.8266757,4.00571785,0.06398125,0.97692273,0.01169718,80.0,-7.0,0.0,80.0,1.3962634,0.0,0.0,0.0,80.0,-7.0,0.0,80.0,1.3962634,0.0,0.0,0.0,-11.90785416,0.54271613,-0.37507488,4.01822269,-8.102542,2.293528,9.66045013,9.46047439,30.03274377,-8.77738373,5.12991066,-2.7280122,2.7337469,2.02377213,0.52303188,0.86489493,3.09277332
1760624800.766,11.02531148,-0.43054347,3.82535109,0.06324773,0.97360309,0.00880024,80.0,-7.0,0.0,80.0,1.3962634,0.0,0.0,0.0,80.0,-7.0,0.0,80.0,1.3962634,0.0,0.0,0.0,-12.0217141,0.30550495,-0.1824779,4.53289289,-7.99000906,3.44539431,5.77482662,7.29696327,28.45913663,-5.7915065,5.00967213,-2.53744199,2.93518227,1.94988484,0.49248103,0.89682225,3.08286542
1760624800.799,11.10076697,-0.01759596,2.47846994,0.06151172,0.97016055,0.00839838,80.0,-7.0,0.0,80.0,1.3962634,0.0,0.0,0.0,80.0,-7.0,0.0,80.0,1.3962634,0.0,0.0,0.0,-12.11396157,-0.16897243,1.24726213,5.07112443,-7.86163335,4.74226713,3.44051767,4.92586416,25.31763185,-2.97401407,4.93840038,-2.33168879,3.23524973,1.88600591,0.44139677,0.96066064,3.11586363
1760624800.832,11.18865986,-0.00430404,2.53793504,0.06056775,0.96729899,0.00785345,80.0,-7.0,0.0,80.0,1.3962634,0.0,0.0,0.0,80.0,-7.0,0.0,80.0,1.3962634,0.0,0.0,0.0,-12.22487263,0.01882853,1.39990258,5.57852888,-7.40732537,6.1982301,1.7797667,2.1503379,20.29036075,-0.11814974,4.93127561,-2.18557945,3.42377104,1.92166287,0.43783768,1.02338049,3.18562145
1760624800.866,11.40470299,0.05940739,2.56452843,0.05859483,0.96458708,0.00764622,80.0,-7.0,0.0,80.0,1.3962634,0.0,0.0,0.0,80.0,-7.0,0.0,80.0,1.3962634,0.0,0.0,0.0,-12.46998618,0.19325835,1.52421273,5.50080675,-7.0533021,6.40645866,1.4755973,1.06240567,16.49881777,1.3592655,4.97638945,-2.00050177,3.48249061,1.94011573,0.47909106,1.05748292,3.24645938
1760624800.899,11.67992157,0.01388217,2.59279785,0.05789896,0.96382726,0.0087033,80.0,-7.0,0.0,80.0,1.3962634,0.0,0.0,0.0,80.0,-7.0,0.0,80.0,1.3962634,0.0,0.0,0.0,-12.79142612,0.37980774,1.58078594,5.1773194,-6.61662239,5.59834937,3.29191677,1.00016132,11.89073022,1.94147994,5.05223018,-1.92585907,3.45793714,1.94373918,0.52741256,1.07443405,3.29285902
1760624800.933,11.79044921,-0.09608301,2.5759592,0.05722259,0.96299397,0.01012035,80.0,-7.0,0.0,80.0,1.3962634,0.0,0.0,0.0,80.0,-7.0,0.0,80.0,1.3962634,0.0,0.0,0.0,-12.88490916,0.58300354,1.50808881,4.44011817,-6.19965693,3.38476733,6.09206343,3.22850526,7.4346081,2.13607841,5.04677922,-1.91662959,3.1559897,1.92416292,0.66128947,1.09268752,3.32985553
1760624800.966,11.62672376,-0.17197403,2.56521721,0.05540606,0.96218571,0.01009467,80.0,-7.0,0.0,80.0,1.3962634,0.0,0.0,0.0,80.0,-7.0,0.0,80.0,1.3962634,0.0,0.0,0.0,-12.63840114,0.6330266,1.38499859,3.92465046,-5.82234952,2.24789613,7.05977761,5.25705016,5.95822756,2.38973415,4.93971231,-1.99445134,2.94655141,1.86514675,0.78862351,1.08690179,3.29502788
1760624801.0,11.36659018,-0.16678231,2.55908097,0.05376547,0.96202524,0.00981627,80.0,-7.0,0.0,80.0,1.3962634,0.0,0.0,0.0,80.0,-7.0,0.0,80.0,1.3962634,0.0,0.0,0.0,-12.40074741,0.58835082,1.26784373,3.59426717,-5.55653104,1.29642212,8.84750405,6.77728612,4.25266831,2.64234384,4.90878731,-2.07450582,2.92618481,1.80546985,0.8189863,1.07465232,3.23360435
1760624801.033,11.08900254,-0.03352324,2.48989535,0.0524199,0.96144776,0.00876526,80.0,-7.0,0.0,80.0,1.3962634,0.0,0.0,0.0,80.0,-7.0,0.0,80.0,1.3962634,0.0,0.0,0.0,-12.09353869,0.45369518,1.15578101,3.30285234,-5.39594324,0.61733795,9.5440847,7.60831692,3.73314361,3.0947708,4.84043916,-2.0989908,2.94204509,1.71224712,0.81210491,1.06644015,3.16174077
1760624801.067,11.0080266,0.01476402,2.45332353,0.05140531,0.96086337,0.00780149,80.0,-7.0,0.0,80.0,1.3962634,0.0,0.0,0.0,80.0,-7.0,0.0,80.0,1.3962634,0.0,0.0,0.0,-12.01728892,0.41823923,1.12838348,3.2182918,-5.36421022,0.05195906,9.62479486,8.32303556,3.67879284,3.29362164,4.84456646,-2.08352644,3.04203738,1.67544639,0.73390715,1.06890015,3.1113631
1760624801.1,10.60117385,0.25831574,2.34855698,0.05025587,0.96028969,0.0066434,80.0,-7.0,0.0,80.0,1.3962634,0.0,0.0,0.0,80.0,-7.0,0.0,80.0,1.3962634,0.0,0.0,0.0,-11.6017021,0.12916054,1.1120998,3.21235372,-5.35360874,-0.34029654,10.23977089,8.61774863,3.29363719,3.28918964,4.83500641,-2.08706353,3.09903939,1.67842235,0.66875872,1.07322664,3.08899777
1760624801.134,10.39320154,0.37126305,2.25740956,0.04955451,0.96017163,0.00580337,80.0,-7.0,0.0,80.0,1.3962634,0.0,0.0,0.0,80.0,-7.0,0.0,80.0,1.3962634,0.0,0.0,0.0,-11.40191726,-0.02879706,1.18696314,3.29330183,-5.43176572,-0.63589745,10.70415162,8.68193476,3.19922371,3.21308392,4.88951905,-2.06823132,3.18202473,1.69687942,0.58328707,1.06279137,3.08367132
1760624801.167,10.4043703,0.37266023,2.25751904,0.04949373,0.96035499,0.00535973,80.0,-7.0,0.0,80.0,1.3962634,0.0,0.0,0.0,80.0,-7.0,0.0,80.0,1.3962634,0.0,0.0,0.0,-11.37594576,-0.03869411,1.20311423,3.35109889,-5.52417091,-0.6399002,10.72518363,8.88291761,3.2620631,3.1953763,4.90753576,-2.04377695,3.20675734,1.71424747,0.55221472,1.05217975,3.0850265
1760624801.201,10.32885697,0.44415982,2.21659031,0.04914897,0.96018012,0.0049867,80.0,-7.0,0.0,80.0,1.3962634,0.0,0.0,0.0,80.0,-7.0,0.0,80.0,1.3962634,0.0,0.0,0.0,-11.32410946,-0.10112367,1.31951491,3.4777499,-5.65867457,-0.62511583,10.42099305,8.94403132,3.68566008,3.19672955,4.98101989,-1.99104106,3.35397234,1.71221857,0.52660172,1.06821441,3.10378729
1760624801.234,10.36921908,0.48530646,2.15913527,0.0487808,0.96015533,0.00482682,80.0,-7.0,0.0,80.0,1.3962634,0.0,0.0,0.0,80.0,-7.0,0.0,80.0,1.3962634,0.0,0.0,0.0,-11.3116999,-0.13853689,1.44531947,3.57896,-5.79179641,-0.47322426,10.08074698,8.75745045,4.19127183,3.14412535,4.99382021,-1.94978879,3.41029137,1.73067072,0.54228746,1.07280096,3.10682159
1760624801.267,10.41366942,0.53442581,2.07300695,0.04840944,0.9600302,0.00502898,80.0,-7.0,0.0,80.0,1.3962634,0.0,0.0,0.0,80.0,-7.0,0.0,80.0,1.3962634,0.0,0.0,0.0,-11.35562578,-0.20480982,1.57885406,3.66913979,-5.85563739,-0.42310699,9.84069589,8.82714675,4.52568735,3.14345705,5.04754131,-1.93788076,3.40770105,1.73112516,0.56859772,1.07240109,3.10516546
1760624801.301,10.43386037,0.53680345,2.06948766,0.04892629,0.96017197,0.0052141,80.0,-7.0,0.0,80.0,1.3962634,0.0,0.0,0.0,80.0,-7.0,0.0,80.0,1.3962634,0.0,0.0,0.0,-11.37147829,-0.21470319,1.63548024,3.74026427,-5.90345172,-0.29176648,9.82207968,8.81884014,4.63601186,3.14205594,5.08473541,-1.92962664,3.37545805,1.7342594,0.59543966,1.07345543,3.0955493
1760624801.334,10.53355744,0.53982834,1.99871891,0.04929007,0.96026496,0.00537968,80.0,-7.0,0.0,80.0,1.3962634,0.0,0.0,0.0,80.0,-7.0,0.0,80.0,1.3962634,0.0,0.0,0.0,-11.49299245,-0.2509998,1.77409004,3.81680163,-5.909077,-0.16364259,9.46325218,8.92759234,5.16613827,3.16885244,5.13508454,-1.92628663,3.35407316,1.73674644,0.64210343,1.06998242,3.09092928
1760624801.368,10.53911776,0.54506306,2.02266111,0.04881084,0.96025756,0.00534532,80.0,-7.0,0.0,80.0,1.3962634,0.0,0.0,0.0,80.0,-7.0,0.0,80.0,1.3962634,0.0,0.0,0.0,-11.49221854,-0.25039357,1.80945677,3.82545146,-5.91978892,-0.08115392,9.49180167,9.09382013,5.23237126,3.17578441,5.11058462,-1.90451212,3.37571672,1.7508102,0.62243936,1.07766821,3.10504017
1760624801.401,10.58394075,0.53804135,1.97154021,0.04930528,0.96057616,0.00555425,80.0,-7.0,0.0,80.0,1.3962634,0.0,0.0,0.0,80.0,-7.0,0.0,80.0,1.3962634,0.0,0.0,0.0,-11.56230195,-0.25858973,1.92683186,3.87299696,-5.87145319,0.02279333,9.17528851,9.17791277,5.56973389,3.14675037,5.13269539,-1.88635224,3.40838462,1.75551577,0.6105186,1.07070492,3.10740971
1760624801.435,10.55921152,0.54139474,1.97405156,0.04951997,0.96053906,0.00558651,80.0,-7.0,0.0,80.0,1.3962634,0.0,0.0,0.0,80.0,-7.0,0.0,80.0,1.3962634,0.0,0.0,0.0,-11.63614087,-0.2684507,1.95838274,3.96485044,-5.84991025,0.03415915,9.29167731,9.22013419,5.63788282,3.15281738,5.21731683,-1.86689382,3.3873481,1.7794468,0.63622865,1.05975995,3.08733627
1760624801.468,10.83200423,0.57261039,1.87401321,0.04902834,0.96135896,0.00571512,80.0,-7.0,0.0,80.0,1.3962634,0.0,0.0,0.0,80.0,-7.0,0.0,80.0,1.3962634,0.0,0.0,0.0,-11.99918905,-0.30338453,2.02228835,4.03563361,-5.84009378,0.07906504,9.57883153,9.35920662,5.43384632,3.12738037,5.30900695,-1.8569295,3.31028696,1.77980926,0.66823984,1.06105971,3.11293512
1760624801.535,11.08439815,0.57768172,1.77770536,0.04916938,0.96195022,0.00573989,80.0,-7.0,0.0,80.0,1.3962634,0.0,0.0,0.0,80.0,-7.0,0.0,80.0,1.3962634,0.0,0.0,0.0,-12.42292768,-0.30897211,2.04589348,4.14375399,-5.82440322,0.26691054,9.84102389,9.81941539,5.24747446,3.04521913,5.47010885,-1.84658672,3.1822225,1.76426575,0.74282354,1.03208038,3.09737755
1760624801.569,11.07198729,0.57393185,1.75158851,0.04886613,0.96177025,0.00578144,80.0,-7.0,0.0,80.0,1.3962634,0.0,0.0,0.0,80.0,-7.0,0.0,80.0,1.3962634,0.0,0.0,0.0,-12.45849633,-0.30857481,2.03198287,4.1689699,-5.81908833,0.22105714,9.86415261,9.92021468,5.32293607,2.98862766,5.51578447,-1.85600949,3.09054215,1.74412395,0.80646699,1.0363434,3.09483421
1760624801.602,11.06425029,0.57235423,1.73370052,0.04920624,0.96153192,0.00555626,80.0,-7.0,0.0,80.0,1.3962634,0.0,0.0,0.0,80.0,-7.0,0.0,80.0,1.3962634,0.0,0.0,0.0,-12.48427921,-0.29937003,2.02807207,4.16091186,-5.86965008,0.00968946,9.90436407,10.33840775,5.32197437,2.97303419,5.54357924,-1.87042837,2.93409543,1.73439991,0.9334061,1.04657959,3.08475665
1760624801.635,11.22773579,0.51712637,1.66178083,0.0490385,0.96188736,0.00571818,80.0,-7.0,0.0,80.0,1.3962634,0.0,0.0,0.0,80.0,-7.0,0.0,80.0,1.3962634,0.0,0.0,0.0,-12.69041217,-0.24586654,2.06430777,4.15171457,-5.93850396,-0.1678021,10.34135341,10.84827731,4.97336315,3.00462515,5.60957156,-1.87417345,2.83895758,1.71043624,0.98140604,1.03159146,3.05898328
1760624801.669,11.23368886,0.50726751,1.64083877,0.04911592,0.96200938,0.00572323,80.0,-7.0,0.0,80.0,1.3962634,0.0,0.0,0.0,80.0,-7.0,0.0,80.0,1.3962634,0.0,0.0,0.0,-12.70628864,-0.24250439,2.05102502,4.14441677,-5.95927189,-0.17500745,10.32334878,11.18991838,4.90593206,3.01254745,5.61845628,-1.87420278,2.84361729,1.71278031,0.97289946,1.03267707,3.02218578
1760624801.702,11.29294853,0.42430451,1.59781133,0.04978769,0.96202855,0.00559854,80.0,-7.0,0.0,80.0,1.3962634,0.0,0.0,0.0,80.0,-7.0,0.0,80.0,1.3962634,0.0,0.0,0.0,-12.7361672,-0.15567476,2.09881418,4.06548856,-6.01260164,-0.32869421,10.64364164,11.37612228,4.48779407,2.95756019,5.61112638,-1.83440551,2.99244344,1.75102308,0.95589275,1.02767029,2.99720708
1760624801.736,11.2860206,0.41676679,1.58370078,0.04941962,0.96188326,0.00540073,80.0,-7.0,0.0,80.0,1.3962634,0.0,0.0,0.0,80.0,-7.0,0.0,80.0,1.3962634,0.0,0.0,0.0,-12.71397924,-0.15486928,2.0958954,4.0391393,-6.02238528,-0.42222077,10.63751218,11.375147,4.49022389,2.92057582,5.61564897,-1.82211163,3.08097283,1.90358221,0.98567033,1.00959985,3.04927757
1760624801.769,11.12819932,0.38717115,1.5349062,0.04871334,0.96165312,0.00537673,80.0,-7.0,0.0,80.0,1.3962634,0.0,0.0,0.0,80.0,-7.0,0.0,80.0,1.3962634,0.0,0.0,0.0,-12.51055855,-0.14178009,2.18658981,3.96708754,-6.05813605,-0.56613389,10.89492271,11.44380385,4.23520415,2.91154213,5.53916892,-1.78372453,3.20278626,2.31896379,0.78284468,0.99453297,3.070926
1760624801.803,11.08787577,0.3930985,1.56362208,0.04674461,0.9615706,0.00502064,80.0,-7.0,0.0,80.0,1.3962634,0.0,0.0,0.0,80.0,-7.0,0.0,80.0,1.3962634,0.0,0.0,0.0,-12.43458582,-0.14326283,2.25184202,3.91012257,-6.08852235,-0.85669154,10.9744772,11.59594133,4.20368251,2.88813891,5.38709406,-1.75067126,3.66543886,3.44012299,0.0,0.93048538,3.12650487
1760624801.869,10.75913265,0.37075511,1.56230833,0.04246707,0.96066357,0.00471421,80.0,-7.0,0.0,80.0,1.3962634,0.0,0.0,0.0,80.0,-7.0,0.0,80.0,1.3962634,0.0,0.0,0.0,-11.97621136,-0.12851256,2.48324495,3.78596543,-6.1532235,-1.32439672,12.09532949,11.87285969,3.1095929,2.89662112,4.99113536,-1.83438868,3.11709667,7.0113161,0.0,0.78606404,3.29762972
1760624801.903,10.36712019,0.35748238,1.56036826,0.03780637,0.95943069,0.00469226,80.0,-7.0,0.0,80.0,1.3962634,0.0,0.0,0.0,80.0,-7.0,0.0,80.0,1.3962634,0.0,0.0,0.0,-11.45065144,-0.13228517,2.76797485,3.62775927,-6.19455521,-1.75922572,12.8610623,12.20924979,2.43741578,2.92832472,4.47589788,-1.91677753,2.30685653,11.32395698,0.0,0.65434721,3.43919031
1760624801.936,10.10119587,0.36198267,1.5470087,0.0329689,0.95807858,0.00480422,80.0,-7.0,0.0,80.0,1.3962634,0.0,0.0,0.0,80.0,-7.0,0.0,80.0,1.3962634,0.0,0.0,0.0,-11.07683811,-0.16713689,3.05268365,3.51716178,-6.22826694,-2.10343859,13.55647056,12.48085552,1.74011259,3.00451732,4.05807946,-2.01030055,1.66380964,15.46633519,0.0,0.58793603,3.74492739
1760624801.97,9.91901236,0.35868896,1.56321146,0.02795196,0.95668728,0.00492806,80.0,-7.0,0.0,80.0,1.3962634,0.0,0.0,0.0,80.0,-7.0,0.0,80.0,1.3962634,0.0,0.0,0.0,-10.70825313,-0.19850884,3.36855305,3.30082536,-6.25966711,-2.55574169,14.71324503,12.64606124,0.64450212,3.0687113,3.68040627,-2.11211237,1.21022925,20.05485397,0.0,0.5083117,4.1431192
1760624802.003,9.58789285,0.33639639,1.5942244,0.02024249,0.95402619,0.00444566,80.0,-7.0,0.0,80.0,1.3962634,0.0,0.0,0.0,80.0,-7.0,0.0,80.0,1.3962634,0.0,0.0,0.0,-10.23736416,-0.26259033,3.79692025,3.09822586,-6.23113029,-3.0904138,16.27482866,12.87662743,-0.83526618,3.11647971,3.39267176,-2.23870321,0.85009059,26.81309508,0.0,0.36605979,4.5954451
1760624802.037,9.2425692,0.30422722,1.30374035,0.01384583,0.95155008,0.00430043,80.0,-7.0,0.0,80.0,1.3962634,0.0,0.0,0.0,80.0,-7.0,0.0,80.0,1.3962634,0.0,0.0,0.0,-9.75958259,-0.33703113,4.40144056,2.94213526,-6.22796244,-3.39436034,17.51254361,13.01953136,-2.03898257,3.18853663,3.15512532,-2.27542059,0.76772339,32.39347427,0.0,0.31950513,5.00837062
1760624802.07,9.28054009,0.35596885,1.31868761,0.00772479,0.94926628,0.00319667,80.0,-7.0,0.0,80.0,1.3962634,0.0,0.0,0.0,80.0,-7.0,0.0,80.0,1.3962634,0.0,0.0,0.0,-9.63150461,-0.47306196,4.59354108,2.76991082,-6.21156321,-3.66474589,18.18768478,13.15214718,-2.68841247,3.27747191,2.87640978,-2.37287529,0.68406598,38.43650114,0.0,0.26026208,5.57480588
1760624802.104,8.9140782,0.37473924,1.34567266,0.00093812,0.94508168,0.00195107,80.0,-7.0,0.0,80.0,1.3962634,0.0,0.0,0.0,80.0,-7.0,0.0,80.0,1.3962634,0.0,0.0,0.0,-8.96482002,-0.68390889,4.84378458,2.49704978,-6.10409582,-3.99053718,19.3556203,13.16613378,-3.88497356,3.3758894,2.35783947,-2.50576489,0.72777257,47.16504455,0.0,0.11941705,6.49167391
1760624802.137,8.6764419,0.416637,1.27821514,-0.00148911,0.94301979,0.00105714,80.0,-7.0,0.0,80.0,1.3962634,0.0,0.0,0.0,80.0,-7.0,0.0,80.0,1.3962634,0.0,0.0,0.0,-8.58958165,-0.85201589,4.93482866,2.36924824,-6.05932307,-4.07090015,19.66343329,13.20144622,-4.16295579,3.43503885,2.16224618,-2.53492285,0.80325355,53.92059774,0.0,0.03338545,7.17320302
1760624802.171,8.91954593,0.47755883,1.06711227,0.00444631,0.94331042,0.00052881,80.0,-7.0,0.0,80.0,1.3962634,0.0,0.0,0.0,80.0,-7.0,0.0,80.0,1.3962634,0.0,0.0,0.0,-8.98893447,-1.06896585,4.71509197,2.53443258,-5.9606289,-3.68196703,18.50112302,13.30283361,-2.88534891,3.43149861,2.64029006,-2.677214,0.73693105,60.44480069,0.0,-0.02549284,7.85939802
1760624802.204,9.13414309,0.63458893,0.94331313,0.00876506,0.93901726,0.00046481,80.0,-7.0,0.0,80.0,1.3962634,0.0,0.0,0.0,80.0,-7.0,0.0,80.0,1.3962634,0.0,0.0,0.0,-9.15560654,-1.74431952,4.52241367,2.54477039,-5.53782623,-3.52772549,18.77053698,13.35891638,-3.06431766,3.49870764,2.82051557,-3.27881535,1.16048322,69.21783216,0.0,0.26616047,8.86378359
1760624802.238,9.78047312,0.76568387,0.5774457,0.0199243,0.94202908,0.00063935,80.0,-7.0,0.0,80.0,1.3962634,0.0,0.0,0.0,80.0,-7.0,0.0,80.0,1.3962634,0.0,0.0,0.0,-10.13441435,-2.10955951,4.07650033,2.90972639,-5.3050177,-2.75447973,16.75303972,13.27216971,-0.97252802,3.38770065,3.60270974,-3.3944027,1.1948731,75.81472994,0.0,0.45112215,9.34902194
1760624802.271,10.03751771,0.82435576,0.38466996,0.02466318,0.94790103,0.00191659,80.0,-7.0,0.0,80.0,1.3962634,0.0,0.0,0.0,80.0,-7.0,0.0,80.0,1.3962634,0.0,0.0,0.0,-10.35747792,-2.17957295,3.81362988,2.85031089,-5.23451926,-2.30943909,14.66198346,13.17464729,1.19316405,3.23935078,3.77752703,-3.60329115,1.67859306,82.50831013,0.0,1.25365374,10.11991902
1760624802.304,9.88917627,0.80782345,0.28488489,0.02524416,0.95686874,0.00248761,80.0,-7.0,0.0,80.0,1.3962634,0.0,0.0,0.0,80.0,-7.0,0.0,80.0,1.3962634,0.0,0.0,0.0,-10.1304359,-1.71768902,3.7247523,2.65974758,-5.54423504,-2.2968805,12.63550194,13.27352255,3.31631711,3.04938398,4.10934573,-3.81265593,2.75349141,91.00902235,0.0,2.70970381,11.71222059
1760624802.338,9.53168444,0.72265856,0.1866413,0.02444783,0.96134386,0.00149303,80.0,-7.0,0.0,80.0,1.3962634,0.0,0.0,0.0,80.0,-7.0,0.0,80.0,1.3962634,0.0,0.0,0.0,-9.45825855,-1.55165495,3.58236061,2.2400393,-5.45235577,-2.10422967,6.74576595,13.45844189,9.27239557,2.84912686,4.28721456,-4.23143808,3.53621008,96.70610857,0.0,3.96912382,13.1334584
1760624802.371,10.04804312,0.83052372,-0.05216679,0.03109496,0.96317474,9.926e-05,80.0,-7.0,0.0,80.0,1.3962634,0.0,0.0,0.0,80.0,-7.0,0.0,80.0,1.3962634,0.0,0.0,0.0,-9.94972075,-1.82050918,3.3192584,2.15316641,-5.20704386,-1.70263957,2.77320196,13.55547542,13.25182053,2.75235881,4.87067244,-4.88459275,4.07945109,101.70393161,0.0,5.44429534,14.55312643
1760624802.405,10.2332029,0.79770581,-0.20388939,0.0363047,0.96285678,-0.00064531,80.0,-7.0,0.0,80.0,1.3962634,0.0,0.0,0.0,80.0,-7.0,0.0,80.0,1.3962634,0.0,0.0,0.0,-10.21991246,-1.96792666,3.11249731,2.14873059,-4.88297639,-1.5545874,0.63881485,13.66773274,15.3100205,2.64485376,5.45062422,-5.61667344,5.14727656,108.08536707,0.0,7.4924714,15.88931038
1760624802.438,10.37012553,0.76870007,-0.20972525,0.04063871,0.96318614,0.00073049,80.0,-7.0,0.0,80.0,1.3962634,0.0,0.0,0.0,80.0,-7.0,0.0,80.0,1.3962634,0.0,0.0,0.0,-10.38472813,-1.92227409,3.0510866,2.09038807,-4.70443847,-1.58255858,0.30433838,13.6835985,15.57285517,2.54210833,5.77993175,-5.95392933,6.08424771,112.3279314,0.0,9.530032,16.76975863
1760624802.472,10.17268923,0.65834311,-0.36995576,0.04141035,0.96863011,0.00246876,80.0,-7.0,0.0,80.0,1.3962634,0.0,0.0,0.0,80.0,-7.0,0.0,80.0,1.3962634,0.0,0.0,0.0,-10.03345177,-1.36746488,2.88611808,1.68500856,-4.90487728,-1.36746762,0.0,13.68257709,15.95771397,2.39476796,5.85093135,-6.04104236,6.8235843,117.68398331,0.0,11.70346599,18.62448588
1760624802.505,10.525546,0.41210761,-0.45116458,0.04991463,0.96990817,0.00521302,80.0,-7.0,0.0,80.0,1.3962634,0.0,0.0,0.0,80.0,-7.0,0.0,80.0,1.3962634,0.0,0.0,0.0,-10.59840863,-1.02298391,2.57098264,1.72937185,-4.80416151,-1.05982551,0.0,13.76739142,16.06877645,2.26353244,6.30397577,-6.49246465,6.89757186,120.87780483,0.0,13.23588996,19.88647372
1760624802.538,10.88573011,0.2156382,-0.42309065,0.05584876,0.97341414,0.00709576,80.0,-7.0,0.0,80.0,1.3962634,0.0,0.0,0.0,80.0,-7.0,0.0,80.0,1.3962634,0.0,0.0,0.0,-11.12443374,-0.52073052,2.27446382,1.71938343,-4.92757731,-0.79176644,0.0,13.80968304,16.15043517,2.1786078,6.60909703,-6.72877517,6.85394231,123.72361574,0.0,14.56399184,21.14895984
1760624802.572,10.89435828,0.04301543,-0.38895969,0.05952175,0.96829612,0.0093431,80.0,-7.0,0.0,80.0,1.3962634,0.0,0.0,0.0,80.0,-7.0,0.0,80.0,1.3962634,0.0,0.0,0.0,-11.26039462,-0.68927889,2.2059348,1.75475428,-4.43867623,-0.68291414,0.0,13.81720807,16.1122082,2.1594144,6.84578441,-7.78836817,6.95862533,126.5452509,0.0,15.84128227,22.32664847
1760624802.605,11.32261498,0.00583813,-0.10496104,0.06000273,0.96684209,0.01010479,80.0,-7.0,0.0,80.0,1.3962634,0.0,0.0,0.0,80.0,-7.0,0.0,80.0,1.3962634,0.0,0.0,0.0,-11.75904884,-0.71471083,2.0325857,1.77645176,-4.22882352,-0.68516767,0.0,13.82353242,16.06683147,2.16313583,6.87752457,-8.37181875,7.13723629,128.2692222,0.0,16.37455192,22.66598475
1760624802.672,10.70615631,-0.1447104,-0.028905,0.05423839,0.96793278,0.01234212,80.0,-7.0,0.0,80.0,1.3962634,0.0,0.0,0.0,80.0,-7.0,0.0,80.0,1.3962634,0.0,0.0,0.0,-11.07369429,-0.20352007,2.00381953,1.5598114,-4.40819032,-0.41840641,0.0,13.88822722,16.06851026,2.05433512,6.51772603,-8.67541244,6.83738274,130.80307587,0.0,17.16349586,22.67124126
1760624802.706,9.94590669,-0.30299302,0.03230807,0.04844438,0.96887147,0.01303013,80.0,-7.0,0.0,80.0,1.3962634,0.0,0.0,0.0,80.0,-7.0,0.0,80.0,1.3962634,0.0,0.0,0.0,-10.09588705,0.20217888,2.03935337,1.26982763,-4.60886625,-0.42319493,0.0,13.99553034,16.16206571,1.98126988,6.12842037,-8.47847954,6.60602148,131.26264076,0.0,17.28021428,22.67523639
1760624802.739,9.3539748,-0.48771314,0.11562104,0.04496344,0.9695678,0.01345668,80.0,-7.0,0.0,80.0,1.3962634,0.0,0.0,0.0,80.0,-7.0,0.0,80.0,1.3962634,0.0,0.0,0.0,-9.38486429,0.61332453,2.16634782,1.15728797,-4.81282834,-0.47010608,0.0,14.06545258,16.20597538,1.93621207,5.87378478,-8.30143009,6.24027294,131.27683553,0.0,17.11843953,22.5792629
1760624802.773,8.85715569,-0.55320977,0.14845034,0.04206286,0.96879748,0.01449782,80.0,-7.0,0.0,80.0,1.3962634,0.0,0.0,0.0,80.0,-7.0,0.0,80.0,1.3962634,0.0,0.0,0.0,-8.78056466,0.71260296,2.27972229,1.07349747,-4.87743171,-0.40900897,0.0,14.17680442,16.22757368,1.87319692,5.57043418,-8.20071719,5.68975887,130.75721282,0.0,16.44480566,21.94135608
1760624802.806,8.38604234,-0.55820259,0.10198457,0.04077476,0.96869523,0.01461625,80.0,-7.0,0.0,80.0,1.3962634,0.0,0.0,0.0,80.0,-7.0,0.0,80.0,1.3962634,0.0,0.0,0.0,-8.27023644,0.77210293,2.44254667,1.08896876,-4.97768514,-0.34618501,0.0,14.11695694,16.23532379,1.86388324,5.28081563,-7.9842011,5.35335534,130.17809194,0.0,15.84354572,21.31500349
1760624802.84,7.99671109,-0.63672404,0.03462294,0.03980483,0.96820708,0.01463403,80.0,-7.0,0.0,80.0,1.3962634,0.0,0.0,0.0,80.0,-7.0,0.0,80.0,1.3962634,0.0,0.0,0.0,-7.85336163,0.86801549,2.64599834,1.1423181,-5.04907477,-0.267007,0.0,13.98783833,16.24654776,1.86491589,5.00031414,-7.72462682,4.97939232,129.32827703,0.0,15.224661,20.70731119
1760624802.873,7.97110955,-0.63416587,0.05505511,0.03965786,0.96849808,0.01456546,80.0,-7.0,0.0,80.0,1.3962634,0.0,0.0,0.0,80.0,-7.0,0.0,80.0,1.3962634,0.0,0.0,0.0,-7.78233982,0.88973916,2.70744222,1.21686236,-5.12238541,-0.21894848,0.0,13.94257118,16.30534524,1.83893596,4.67546272,-7.25129569,4.40784659,127.78688628,0.0,14.21152234,19.61073704
1760624802.907,7.57468851,-0.75656768,-0.06050893,0.03951489,0.96864561,0.01490235,80.0,-7.0,0.0,80.0,1.3962634,0.0,0.0,0.0,80.0,-7.0,0.0,80.0,1.3962634,0.0,0.0,0.0,-7.34669327,1.02889921,2.87536717,1.24463253,-5.17259263,-0.19937439,0.0,13.95633239,16.38912643,1.8294044,4.48942582,-6.78946645,3.96843,126.29009819,0.0,13.37914809,18.58725758
1760624802.94,7.55638094,-0.71565377,-0.06868486,0.03927727,0.97043134,0.01392544,80.0,-7.0,0.0,80.0,1.3962634,0.0,0.0,0.0,80.0,-7.0,0.0,80.0,1.3962634,0.0,0.0,0.0,-7.33561724,1.11405702,2.90166171,1.29751121,-5.30386655,-0.15776566,0.0,14.0054346,16.44980946,1.80828684,4.35196462,-6.22305217,3.46704752,124.51837198,0.0,12.45198221,17.58739735
1760624802.973,7.5278042,-0.66155475,-0.0547317,0.0386579,0.97240993,0.01410604,80.0,-7.0,0.0,80.0,1.3962634,0.0,0.0,0.0,80.0,-7.0,0.0,80.0,1.3962634,0.0,0.0,0.0,-7.26611922,1.2215158,2.94978638,1.32964895,-5.42133871,-0.15035602,0.0,14.00457971,16.38580193,1.79195032,4.21428393,-5.74092638,2.51371754,121.65941396,0.0,11.13160108,16.27507402
1760624803.007,7.43796532,-0.61259068,0.00189098,0.0402261,0.97365785,0.01432925,80.0,-7.0,0.0,80.0,1.3962634,0.0,0.0,0.0,80.0,-7.0,0.0,80.0,1.3962634,0.0,0.0,0.0,-7.22913693,1.2806886,3.05216581,1.48259586,-5.49995853,-0.30954543,0.0,14.00589968,16.32690485,1.80866382,4.23146815,-5.57244257,1.83155018,119.19522257,0.0,10.3623699,15.35003037
1760624803.04,6.95324894,-0.60763928,-0.10103949,0.03846149,0.97494495,0.01549382,80.0,-7.0,0.0,80.0,1.3962634,0.0,0.0,0.0,80.0,-7.0,0.0,80.0,1.3962634,0.0,0.0,0.0,-6.68412701,1.42234496,3.28662918,1.45361277,-5.58933545,-0.49432043,0.0,14.13602202,16.26606282,1.76835647,4.03680223,-5.25745188,1.28334962,116.60605489,0.0,9.61858649,14.68682077
1760624803.074,7.3355493,-0.38841323,-0.1604842,0.04190396,0.9764997,0.01332916,80.0,-7.0,0.0,80.0,1.3962634,0.0,0.0,0.0,80.0,-7.0,0.0,80.0,1.3962634,0.0,0.0,0.0,-7.15711476,1.32552928,3.68014919,1.72355151,-5.72752568,-0.8481158,0.0,14.18886922,16.06385935,1.87006985,3.89605257,-4.51526935,1.030252,113.04303824,0.0,8.0316071,13.08045283
1760624803.107,7.3319296,-0.27794325,-0.14993719,0.04152064,0.97871936,0.01229259,80.0,-7.0,0.0,80.0,1.3962634,0.0,0.0,0.0,80.0,-7.0,0.0,80.0,1.3962634,0.0,0.0,0.0,-7.12398266,1.45415007,3.75506402,1.74370735,-5.92106666,-0.95034281,0.0,14.14623432,15.94882518,1.89701483,3.59740842,-3.71067684,0.78518395,110.20264083,0.0,7.40729842,11.91775216
1760624803.141,7.31618944,-0.23362837,-0.15048112,0.04217127,0.97901178,0.01148195,80.0,-7.0,0.0,80.0,1.3962634,0.0,0.0,0.0,80.0,-7.0,0.0,80.0,1.3962634,0.0,0.0,0.0,-7.16312831,1.49435378,3.81634786,1.8833798,-5.97487017,-1.08946705,0.0,14.0890543,15.83780108,1.92633555,3.54633762,-3.28097664,0.28988728,106.84320358,0.0,6.92526188,11.06927701
1760624803.174,7.31809755,-0.08507514,-0.15397533,0.04104247,0.9823628,0.01043498,80.0,-7.0,0.0,80.0,1.3962634,0.0,0.0,0.0,80.0,-7.0,0.0,80.0,1.3962634,0.0,0.0,0.0,-7.11193518,1.64966022,3.90851382,1.86820666,-6.218643,-1.35647939,0.0,14.12162398,15.72954934,1.95609121,3.52091556,-2.83998439,-0.46135324,101.73418262,0.0,6.67706402,10.04256609
1760624803.207,7.04244272,0.21369348,-1.71540575,0.03959118,0.98186437,0.00923182,80.0,-7.0,0.0,80.0,1.3962634,0.0,0.0,0.0,80.0,-7.0,0.0,80.0,1.3962634,0.0,0.0,0.0,-6.82553524,1.12979097,5.59326798,1.85564772,-6.2350279,-1.66656899,0.0,14.16609826,15.66825514,2.05786864,3.4972826,-2.6061921,-0.85691079,97.53530046,0.0,6.32014224,9.06321788
1760624803.241,7.4202483,0.40959507,-1.66569124,0.03889125,0.98093306,0.0054387,80.0,-7.0,0.0,80.0,1.3962634,0.0,0.0,0.0,80.0,-7.0,0.0,80.0,1.3962634,0.0,0.0,0.0,-7.23080697,0.83799996,5.59569918,1.90737408,-6.17007932,-1.78089992,0.0,14.14533573,15.61590127,2.12853133,3.56292705,-1.78430528,-1.07870521,93.12186993,0.0,5.76982085,7.68669139
1760624803.274,7.52587781,0.78308723,-1.67645883,0.03754248,0.98312829,0.00058574,80.0,-7.0,0.0,80.0,1.3962634,0.0,0.0,0.0,80.0,-7.0,0.0,80.0,1.3962634,0.0,0.0,0.0,-7.34225497,0.64454373,5.6636495,1.92230429,-6.42808096,-2.10908404,0.0,14.24381078,15.53050892,2.2446853,3.79149165,-1.2029029,-1.75030397,86.70422556,0.0,5.8739378,6.71317537
1760624803.308,7.6683149,1.1513178,-1.72143898,0.03636578,0.98473588,-0.00070403,80.0,-7.0,0.0,80.0,1.3962634,0.0,0.0,0.0,80.0,-7.0,0.0,80.0,1.3962634,0.0,0.0,0.0,-7.49686656,0.44308908,5.70899933,1.91195939,-6.63629429,-2.3170506,0.9040666,14.20908063,14.60283949,2.31363572,4.05054403,-0.79290604,-2.14190088,81.60761372,0.0,5.98835951,5.95185486
1760624803.341,7.73165242,1.62103674,-1.80748607,0.03074806,0.98540924,-0.0031377,80.0,-7.0,0.0,80.0,1.3962634,0.0,0.0,0.0,80.0,-7.0,0.0,80.0,1.3962634,0.0,0.0,0.0,-7.46501218,-0.04835754,5.84047108,1.8102484,-6.7325754,-2.64319389,1.68617987,14.16099496,13.83568348,2.4823028,4.03974778,-0.18793602,-2.57784714,76.80127693,0.0,5.85424371,5.19859777
1760624803.375,7.67274747,2.17584612,-2.24422153,0.02782236,0.98630334,-0.00465418,80.0,-7.0,0.0,80.0,1.3962634,0.0,0.0,0.0,80.0,-7.0,0.0,80.0,1.3962634,0.0,0.0,0.0,-7.47552765,-0.61262602,6.41098174,1.88735939,-6.92819946,-3.14637057,6.1683624,14.0022089,9.30183525,2.71438083,4.28063233,-0.38153016,-3.15998181,70.00507812,0.0,6.50312426,5.10514519
1760624803.408,7.83290061,2.15409171,-2.21542443,0.02420998,0.98109701,-0.00352419,80.0,-7.0,0.0,80.0,1.3962634,0.0,0.0,0.0,80.0,-7.0,0.0,80.0,1.3962634,0.0,0.0,0.0,-7.62932069,-0.9018909,6.58613861,1.87904833,-6.72933272,-3.60983179,9.65090747,13.97822599,5.77143079,2.86412634,4.55669395,-1.07796283,-3.32183458,64.21447674,0.0,6.89262785,4.98473847
1760624803.442,8.05868097,2.18302685,-2.24552122,0.02674944,0.97887267,-0.00401192,80.0,-7.0,0.0,80.0,1.3962634,0.0,0.0,0.0,80.0,-7.0,0.0,80.0,1.3962634,0.0,0.0,0.0,-8.04526606,-1.09927897,6.58711472,2.02015487,-6.66826646,-3.78909641,11.76650594,13.93395969,3.61838163,3.01889932,5.13239629,-0.70301483,-3.68245487,56.95959293,0.0,7.14958782,4.55978461
1760624803.475,8.41046557,2.14452001,-2.2788214,0.02990777,0.9768693,-0.00239479,80.0,-7.0,0.0,80.0,1.3962634,0.0,0.0,0.0,80.0,-7.0,0.0,80.0,1.3962634,0.0,0.0,0.0,-8.5431506,-1.16186728,6.42178985,2.13758891,-6.63106917,-3.6802188,12.76155811,13.82757373,2.58573964,3.0263827,5.50487398,-1.0664139,-3.85902615,51.36177804,0.0,7.72911511,4.65169188
1760624803.509,8.36175538,2.21509071,-2.0733365,0.03104215,0.96694828,-0.00183566,80.0,-7.0,0.0,80.0,1.3962634,0.0,0.0,0.0,80.0,-7.0,0.0,80.0,1.3962634,0.0,0.0,0.0,-8.56070011,-1.7236351,6.48041842,2.25412998,-6.30207152,-4.14435392,17.83044964,13.72037221,-2.53254343,3.22669401,5.56985875,-1.81750943,-3.60396767,45.85104951,0.0,8.02319326,4.4176698
1760624803.542,7.6834119,2.38788451,-1.99558383,0.03060238,0.96467702,-0.00218217,80.0,-7.0,0.0,80.0,1.3962634,0.0,0.0,0.0,80.0,-7.0,0.0,80.0,1.3962634,0.0,0.0,0.0,-7.90142171,-1.94703167,6.51845194,2.22148421,-6.32687363,-4.39920711,17.12444982,13.85774657,-1.75737142,3.3284901,5.61192784,-2.20594373,-3.18926869,38.83537177,0.0,8.4362197,4.20035453
1760624803.576,7.5011759,2.54619606,-2.02627543,0.02744213,0.96643033,-0.00142968,80.0,-7.0,0.0,80.0,1.3962634,0.0,0.0,0.0,80.0,-7.0,0.0,80.0,1.3962634,0.0,0.0,0.0,-7.68939295,-2.00938697,6.57672999,2.15134244,-6.42999147,-4.53274142,16.52125657,13.89169344,-1.10587235,3.28529776,5.64677967,-2.26132162,-2.9153668,33.80540088,0.0,8.62748782,4.07714732
1760624803.609,7.56062962,2.54634627,-2.10387618,0.02653097,0.9661145,8.031e-05,80.0,-7.0,0.0,80.0,1.3962634,0.0,0.0,0.0,80.0,-7.0,0.0,80.0,1.3962634,0.0,0.0,0.0,-7.78511371,-2.08528462,6.57219945,2.18180781,-6.38224193,-4.50775347,15.78006128,13.87362597,-0.34335488,3.25487517,5.61099785,-2.11271627,-3.05911326,29.67124949,0.0,8.42064305,3.67822098
1760624803.642,7.53506383,2.49031059,-2.07870794,0.02209383,0.96454842,0.0018681,80.0,-7.0,0.0,80.0,1.3962634,0.0,0.0,0.0,80.0,-7.0,0.0,80.0,1.3962634,0.0,0.0,0.0,-7.70420677,-2.00307026,6.67716203,2.11301355,-6.45259024,-4.68129781,16.40209703,13.88742662,-0.97153995,3.26536713,4.82259895,-2.06082762,-3.11265138,25.62366079,0.0,8.64226083,3.76930467
1760624803.676,7.9960851,2.28800339,-2.1388374,0.02358941,0.96447515,0.00360782,80.0,-7.0,0.0,80.0,1.3962634,0.0,0.0,0.0,80.0,-7.0,0.0,80.0,1.3962634,0.0,0.0,0.0,-8.34627535,-1.80224099,6.60694045,2.23856346,-6.49202023,-4.62691842,15.74803651,14.00741582,-0.26126961,3.22208114,4.56121548,-2.0385885,-3.33356371,23.40126919,0.0,8.72327717,4.03516393
1760624803.709,8.17202033,2.13348686,-2.00019626,0.02074256,0.96158495,0.00508969,80.0,-7.0,0.0,80.0,1.3962634,0.0,0.0,0.0,80.0,-7.0,0.0,80.0,1.3962634,0.0,0.0,0.0,-8.54551012,-1.70216466,6.68107129,2.19983539,-6.44844245,-4.88711586,16.45436732,14.1197856,-0.93140354,3.29055507,3.85448366,-2.12468074,-3.26458003,21.92303486,0.0,8.81396125,4.32524556
1760624803.743,8.39891444,2.00146614,-1.96390687,0.02499499,0.96252031,0.00540936,80.0,-7.0,0.0,80.0,1.3962634,0.0,0.0,0.0,80.0,-7.0,0.0,80.0,1.3962634,0.0,0.0,0.0,-8.96071473,-1.49439711,6.61243052,2.28641939,-6.49431236,-4.74337857,15.54621346,14.21261015,-0.05386798,3.20984083,3.6463764,-2.07056642,-3.49062271,20.32409435,0.0,8.88471886,4.67579557
1760624803.776,8.57907409,1.86147472,-1.79421709,0.0258102,0.96062725,0.00618432,80.0,-7.0,0.0,80.0,1.3962634,0.0,0.0,0.0,80.0,-7.0,0.0,80.0,1.3962634,0.0,0.0,0.0,-9.21567591,-1.41944726,6.63537788,2.31811209,-6.43297029,-4.81370436,16.16039201,14.18195553,-0.73533521,3.23197632,3.46253044,-2.12728392,-3.6919589,19.56870102,0.0,8.86954785,4.73658541
1760624803.81,8.80486089,1.69312385,-1.64315728,0.02845296,0.96020079,0.00683116,80.0,-7.0,0.0,80.0,1.3962634,0.0,0.0,0.0,80.0,-7.0,0.0,80.0,1.3962634,0.0,0.0,0.0,-9.58817218,-1.24763282,6.54205704,2.43418162,-6.45308716,-4.69274285,16.36181015,14.18257331,-0.9814284,3.25434696,3.53612802,-2.16177588,-4.07303838,19.04873654,0.0,8.83636417,4.75687763
1760624803.843,8.78724451,1.59537562,-1.45464812,0.0285479,0.95970141,0.00760375,80.0,-7.0,0.0,80.0,1.3962634,0.0,0.0,0.0,80.0,-7.0,0.0,80.0,1.3962634,0.0,0.0,0.0,-9.59570552,-1.14094647,6.49623493,2.46136525,-6.46160182,-4.64938136,16.07312708,14.21449151,-0.71340713,3.22857624,3.63194777,-2.3481842,-4.29066007,18.41030857,0.0,8.92450674,4.83957384
1760624803.877,8.78056461,1.55740739,-1.34514285,0.02622009,0.95887307,0.00833634,80.0,-7.0,0.0,80.0,1.3962634,0.0,0.0,0.0,80.0,-7.0,0.0,80.0,1.3962634,0.0,0.0,0.0,-9.54544331,-1.12667875,6.54236111,2.44539661,-6.45260937,-4.71338727,16.07618216,14.25563468,-0.70393583,3.2323159,3.67007723,-2.55892384,-4.27533502,18.00390362,0.0,8.98658585,4.84746756
1760624803.91,8.7402808,1.33938774,-1.17709361,0.02829722,0.95853282,0.00892546,80.0,-7.0,0.0,80.0,1.3962634,0.0,0.0,0.0,80.0,-7.0,0.0,80.0,1.3962634,0.0,0.0,0.0,-9.54824142,-0.86993914,6.40110201,2.54426147,-6.52558898,-4.61924332,15.79312933,14.26278415,-0.39790711,3.2343746,3.9564606,-2.67682926,-4.36185275,17.60367758,0.0,9.00154064,4.81729275
1760624803.944,8.64203776,1.26642504,-1.04306639,0.02870528,0.95830869,0.00924884,80.0,-7.0,0.0,80.0,1.3962634,0.0,0.0,0.0,80.0,-7.0,0.0,80.0,1.3962634,0.0,0.0,0.0,-9.41919973,-0.7691678,6.26970716,2.59729969,-6.58096654,-4.52021434,15.2443088,14.25323689,0.18429405,3.17327084,4.26860223,-2.84136082,-4.38211538,17.15845925,0.0,8.94252019,4.72034792
1760624803.977,8.6209999,1.23576606,-1.0301314,0.02989286,0.95790749,0.00948288,80.0,-7.0,0.0,80.0,1.3962634,0.0,0.0,0.0,80.0,-7.0,0.0,80.0,1.3962634,0.0,0.0,0.0,-9.38277943,-0.74234192,6.2206428,2.66061688,-6.62912805,-4.4382839,15.22937561,14.22391245,0.21222956,3.16068732,4.45407315,-2.87864691,-4.46113128,17.14851259,0.0,8.81258346,4.52611222
1760624804.01,8.62626913,1.20047409,-0.99548688,0.02962499,0.95678969,0.00932986,80.0,-7.0,0.0,80.0,1.3962634,0.0,0.0,0.0,80.0,-7.0,0.0,80.0,1.3962634,0.0,0.0,0.0,-9.32516537,-0.7481755,6.22259962,2.68349832,-6.63140151,-4.47466,15.24289249,14.21045409,0.21967631,3.16270169,4.47928278,-2.89240191,-4.50333313,17.56340748,0.0,8.6995036,4.28452674
1760624804.044,8.1676735,0.97034254,-0.69959107,0.02834341,0.95538595,0.00913154,80.0,-7.0,0.0,80.0,1.3962634,0.0,0.0,0.0,80.0,-7.0,0.0,80.0,1.3962634,0.0,0.0,0.0,-8.7597435,-0.51999784,5.98234565,2.6677102,-6.62374889,-4.61000452,15.48630269,14.21808856,0.0221425,3.17166555,4.38190364,-2.86921801,-4.65616319,18.87639874,0.0,8.51776887,4.09048271
1760624804.077,8.17874368,0.96335825,-0.5885465,0.02573334,0.95531899,0.00851308,80.0,-7.0,0.0,80.0,1.3962634,0.0,0.0,0.0,80.0,-7.0,0.0,80.0,1.3962634,0.0,0.0,0.0,-8.66231275,-0.51403876,5.99440572,2.61775115,-6.62495241,-4.77915404,15.54368246,14.22944119,-0.05278877,3.20110731,4.18539181,-2.74939448,-4.69277383,20.42395633,0.0,8.42641003,4.0011389
1760624804.111,8.04221293,0.88479731,-0.37071792,0.02360967,0.95454075,0.00795051,80.0,-7.0,0.0,80.0,1.3962634,0.0,0.0,0.0,80.0,-7.0,0.0,80.0,1.3962634,0.0,0.0,0.0,-8.41872738,-0.41975073,5.92162882,2.54448871,-6.61961776,-4.93359807,16.25415946,14.24612144,-0.81871856,3.27096735,3.93837469,-2.56784572,-4.71437699,22.525985,0.0,8.35584738,4.01653944
1760624804.144,7.8700826,0.84333593,-0.1364545,0.02065561,0.95314782,0.00720143,80.0,-7.0,0.0,80.0,1.3962634,0.0,0.0,0.0,80.0,-7.0,0.0,80.0,1.3962634,0.0,0.0,0.0,-8.11794951,-0.40135937,5.88357259,2.44878512,-6.56897026,-5.10706658,16.81304202,14.21685591,-1.44256283,3.33195678,3.50708773,-2.3472372,-4.52216106,26.13927018,0.0,8.35051318,4.08202209
1760624804.178,7.85297726,0.82709107,-0.03477911,0.01750875,0.95212076,0.00674716,80.0,-7.0,0.0,80.0,1.3962634,0.0,0.0,0.0,80.0,-7.0,0.0,80.0,1.3962634,0.0,0.0,0.0,-7.98335958,-0.46451611,5.92977165,2.34469247,-6.46304624,-5.20565216,16.77806424,14.22781354,-1.45339516,3.36975126,3.1131109,-2.27777166,-4.27053171,29.3506002,0.0,8.49199727,4.38599456
1760624804.211,7.33776326,0.90372083,0.1391759,0.01417897,0.95022675,0.00604198,80.0,-7.0,0.0,80.0,1.3962634,0.0,0.0,0.0,80.0,-7.0,0.0,80.0,1.3962634,0.0,0.0,0.0,-7.28755861,-0.62473375,5.88810544,2.19161099,-6.35118985,-5.3480373,16.73864765,14.30042298,-1.45151035,3.42285593,2.57897846,-2.29481829,-3.8005707,33.02778067,0.0,8.72366721,4.90934171
1760624804.245,7.39046495,0.81587352,0.19546723,0.01254595,0.94864296,0.00593095,80.0,-7.0,0.0,80.0,1.3962634,0.0,0.0,0.0,80.0,-7.0,0.0,80.0,1.3962634,0.0,0.0,0.0,-7.18391764,-0.74345379,5.90081988,2.12078683,-6.16193338,-5.34091228,16.76802009,14.26552374,-1.56097863,3.4783999,1.79880602,-2.48960128,-2.98563021,38.64946527,0.0,9.13121033,5.61971786
1760624804.278,7.48551994,0.86672448,0.15083842,0.01555712,0.9491672,0.00578362,80.0,-7.0,0.0,80.0,1.3962634,0.0,0.0,0.0,80.0,-7.0,0.0,80.0,1.3962634,0.0,0.0,0.0,-7.35012319,-0.83566229,5.69520238,2.23854153,-6.16184305,-4.9999341,16.30800658,14.18222207,-1.07135735,3.46944344,1.57181157,-2.62291224,-2.77278873,43.21100978,0.0,9.30349922,6.28186123
1760624804.311,7.80982605,0.91398188,0.11612687,0.01864524,0.94983896,0.00532332,80.0,-7.0,0.0,80.0,1.3962634,0.0,0.0,0.0,80.0,-7.0,0.0,80.0,1.3962634,0.0,0.0,0.0,-7.78209212,-0.93078334,5.47077783,2.37290344,-6.16293807,-4.74859095,15.86625328,14.21080627,-0.52799973,3.44390731,1.45154738,-2.70928563,-2.73202796,48.0045025,0.0,9.4612223,7.0650495
1760624804.345,8.05395771,0.93606643,0.15317678,0.01817062,0.94839991,0.00493166,80.0,-7.0,0.0,80.0,1.3962634,0.0,0.0,0.0,80.0,-7.0,0.0,80.0,1.3962634,0.0,0.0,0.0,-8.01947841,-1.15679619,5.35307725,2.38379319,-6.0670535,-4.69816096,17.06046871,14.23467634,-1.63060065,3.48680414,1.16329712,-3.02297647,-2.46695508,54.59488652,0.0,9.5254037,7.94558129
1760624804.378,8.37148272,0.92234218,0.22936989,0.01649655,0.94726509,0.00432829,80.0,-7.0,0.0,80.0,1.3962634,0.0,0.0,0.0,80.0,-7.0,0.0,80.0,1.3962634,0.0,0.0,0.0,-8.29814172,-1.34156632,5.27069446,2.35889556,-5.9497691,-4.72267194,18.22103309,14.20581631,-2.79053998,3.51452428,0.97140691,-3.30822398,-2.28139496,59.77830282,0.0,9.55666013,8.44628638
1760624804.412,8.43609183,0.93328076,0.36337113,0.01378334,0.94388879,0.00344481,80.0,-7.0,0.0,80.0,1.3962634,0.0,0.0,0.0,80.0,-7.0,0.0,80.0,1.3962634,0.0,0.0,0.0,-8.19023113,-1.70884642,5.26770703,2.19316463,-5.72883615,-4.87088237,19.70647398,14.1243825,-4.302597,3.58029423,0.51606239,-3.81735078,-1.83997268,67.14354058,0.0,9.56420692,9.04778644
1760624804.445,8.83329606,1.03127569,0.29166181,0.01803666,0.94334073,0.00248832,80.0,-7.0,0.0,80.0,1.3962634,0.0,0.0,0.0,80.0,-7.0,0.0,80.0,1.3962634,0.0,0.0,0.0,-8.69699629,-2.02051656,5.04014825,2.27934941,-5.61051499,-4.59794546,19.63377772,14.10241927,-4.18110424,3.57494733,0.60901684,-3.80999692,-1.85594991,73.01624617,0.0,9.47969121,9.47555548
1760624804.478,9.21506412,1.07056894,0.20044334,0.0227907,0.94772564,0.00165604,80.0,-7.0,0.0,80.0,1.3962634,0.0,0.0,0.0,80.0,-7.0,0.0,80.0,1.3962634,0.0,0.0,0.0,-9.21843514,-2.00874504,4.83287527,2.37917706,-5.71448467,-4.31380585,18.81815685,14.09486065,-3.34077974,3.5047959,0.86370703,-3.66718265,-1.62609892,79.02892769,0.0,9.35560038,9.78266692
1760624804.512,9.43118912,1.14552878,0.11034382,0.0271566,0.95277179,0.00193233,80.0,-7.0,0.0,80.0,1.3962634,0.0,0.0,0.0,80.0,-7.0,0.0,80.0,1.3962634,0.0,0.0,0.0,-9.46544516,-2.04928438,4.69495152,2.34268449,-5.76164524,-4.03331527,17.88742337,14.00746793,-2.40161421,3.3830454,1.12774728,-3.83380152,-0.97375852,87.06716337,0.0,9.34901757,10.16224771
1760624804.546,9.7074589,1.01971777,0.05076751,0.03036017,0.96465605,0.0039296,80.0,-7.0,0.0,80.0,1.3962634,0.0,0.0,0.0,80.0,-7.0,0.0,80.0,1.3962634,0.0,0.0,0.0,-9.77545148,-1.29332962,4.50286787,2.24155763,-6.19161137,-3.59564876,13.58781683,14.05792807,1.8898661,3.06204609,1.58945531,-3.50178237,-0.36083037,93.07982689,0.0,9.48367786,10.38983595
1760624804.579,9.58416616,0.99364308,-0.0237861,0.03172188,0.96429846,0.00313635,80.0,-7.0,0.0,80.0,1.3962634,0.0,0.0,0.0,80.0,-7.0,0.0,80.0,1.3962634,0.0,0.0,0.0,-9.48048526,-1.617695,4.31297086,2.02872037,-5.7946017,-3.21107911,9.45813524,14.02043513,6.05265206,2.90031301,2.03529892,-4.55495172,0.15468839,98.18426634,0.0,10.12209089,10.87373429
1760624804.613,9.6623759,0.75662458,-0.05397184,0.03367864,0.95827407,0.00433311,80.0,-7.0,0.0,80.0,1.3962634,0.0,0.0,0.0,80.0,-7.0,0.0,80.0,1.3962634,0.0,0.0,0.0,-9.55012613,-1.91485032,4.21913265,2.03501187,-5.30291232,-3.08756369,9.50314066,13.90408647,5.99504729,2.96645931,2.72226895,-5.90349683,1.2201289,104.61746087,0.0,10.97076252,11.25876557
1760624804.646,10.29727443,0.91870656,-0.17104307,0.03822741,0.9615797,0.0032462,80.0,-7.0,0.0,80.0,1.3962634,0.0,0.0,0.0,80.0,-7.0,0.0,80.0,1.3962634,0.0,0.0,0.0,-10.17593687,-2.10797707,3.93268878,1.99563596,-5.15915131,-2.58369727,3.59175458,13.84481741,11.89406909,2.79099216,3.30076828,-6.32442974,1.92067517,109.19885998,0.0,11.51760999,11.61642865
1760624804.679,10.92687128,0.8517405,-0.35843563,0.04456412,0.96218107,0.00460973,80.0,-7.0,0.0,80.0,1.3962634,0.0,0.0,0.0,80.0,-7.0,0.0,80.0,1.3962634,0.0,0.0,0.0,-10.94005038,-2.24111119,3.58331262,2.07713408,-4.85319862,-2.04626747,0.0,13.83794633,15.55858215,2.64870412,4.00175408,-6.92832563,2.40816403,113.37232053,0.0,12.31981181,12.46823269
1760624804.713,10.92766706,0.82803336,-0.48024107,0.04928432,0.96358345,0.00438028,80.0,-7.0,0.0,80.0,1.3962634,0.0,0.0,0.0,80.0,-7.0,0.0,80.0,1.3962634,0.0,0.0,0.0,-11.01485315,-2.23510714,3.45797547,2.05368603,-4.7152798,-1.94280437,0.0,13.84460281,15.66781322,2.59760001,4.90850807,-7.86337043,3.43482397,118.58321662,0.0,14.17297338,14.29176345
1760624804.746,11.43878979,0.65887047,-0.56663991,0.05159208,0.96662055,0.00577666,80.0,-7.0,0.0,80.0,1.3962634,0.0,0.0,0.0,80.0,-7.0,0.0,80.0,1.3962634,0.0,0.0,0.0,-11.56771837,-1.98792243,3.35721452,1.93168,-4.64977137,-1.77281875,0.0,13.91069078,15.744594,2.50366335,5.71614392,-8.44768212,4.40662599,122.13087277,0.0,15.38891648,15.45513367
1760624804.78,11.4241336,0.31336761,-0.61089452,0.0515348,0.97341882,0.01066969,80.0,-7.0,0.0,80.0,1.3962634,0.0,0.0,0.0,80.0,-7.0,0.0,80.0,1.3962634,0.0,0.0,0.0,-11.61355654,-1.0362526,3.21772643,1.76351257,-4.97031562,-1.40765407,0.0,13.96256898,15.68990878,2.30560371,6.62551273,-8.37735642,5.49486675,125.37939715,0.0,16.40039212,16.42681834
1760624804.813,11.69376573,0.45023555,-0.64193738,0.05754754,0.97275979,0.0109909,80.0,-7.0,0.0,80.0,1.3962634,0.0,0.0,0.0,80.0,-7.0,0.0,80.0,1.3962634,0.0,0.0,0.0,-12.10532973,-1.22417716,2.98989935,1.86869146,-4.82090963,-0.96477388,0.0,13.83698923,15.60119745,2.32296269,7.69355846,-8.96412865,7.09821911,129.00356924,0.0,18.08518028,17.80009574
1760624804.847,11.17606841,0.6335074,-0.74329711,0.05474326,0.97316936,0.01158549,80.0,-7.0,0.0,80.0,1.3962634,0.0,0.0,0.0,80.0,-7.0,0.0,80.0,1.3962634,0.0,0.0,0.0,-11.53881411,-1.25516644,2.92924593,1.67323809,-4.88719634,-0.75852242,0.0,13.79645867,15.61766148,2.28381041,8.08153902,-9.09342475,8.12058551,131.45765182,0.0,19.26636311,18.75878468
1760624804.913,10.82280096,0.58459318,-0.94292183,0.05230315,0.96758798,0.01586183,80.0,-7.0,0.0,80.0,1.3962634,0.0,0.0,0.0,80.0,-7.0,0.0,80.0,1.3962634,0.0,0.0,0.0,-11.20814177,-1.58254515,2.81422485,1.47693383,-4.37660126,-0.52773179,0.0,14.02357875,15.90528609,2.19099764,9.32949209,-9.54028733,9.16912555,133.9686347,0.0,22.20228209,20.49037158
1760624804.947,10.32453934,0.71548928,-1.08383558,0.04994508,0.96916275,0.01619318,80.0,-7.0,0.0,80.0,1.3962634,0.0,0.0,0.0,80.0,-7.0,0.0,80.0,1.3962634,0.0,0.0,0.0,-10.59575219,-1.5801257,2.97924868,1.28463957,-4.42665574,-0.47015861,0.0,14.08746522,15.92960519,2.13766973,9.74758632,-9.62704731,8.90342805,134.06172234,0.0,23.1708707,20.97819054
1760624804.98,9.61153979,0.91709403,-1.23305463,0.04486025,0.97111274,0.01600598,80.0,-7.0,0.0,80.0,1.3962634,0.0,0.0,0.0,80.0,-7.0,0.0,80.0,1.3962634,0.0,0.0,0.0,-9.7366415,-1.56824091,3.26401924,1.1019668,-4.52536509,-0.3922972,0.0,14.00129034,15.841711,2.09423403,9.77513763,-9.4504342,8.85922436,134.19982974,0.0,23.65251003,21.20709754
1760624805.014,9.59392122,0.95868893,-1.15417007,0.0444079,0.97121452,0.01602675,80.0,-7.0,0.0,80.0,1.3962634,0.0,0.0,0.0,80.0,-7.0,0.0,80.0,1.3962634,0.0,0.0,0.0,-9.70229497,-1.56121177,3.37063048,1.11518054,-4.49439589,-0.27799086,0.0,13.90431774,15.73250906,2.10917345,9.64477893,-9.42333384,8.79412071,134.06174263,0.0,23.91095192,21.34138758
1760624805.047,8.83531795,1.19603042,-1.37087905,0.04393956,0.97029832,0.01688919,80.0,-7.0,0.0,80.0,1.3962634,0.0,0.0,0.0,80.0,-7.0,0.0,80.0,1.3962634,0.0,0.0,0.0,-8.88848255,-1.72029437,3.64547879,1.10025504,-4.54710253,-0.2363375,0.0,13.85537064,15.76406551,2.08159026,9.35646081,-9.34411619,8.48264455,133.87359292,0.0,23.72161703,21.34339865
1760624805.081,8.40827959,1.30204387,-1.59676573,0.04432979,0.96998833,0.01821479,80.0,-7.0,0.0,80.0,1.3962634,0.0,0.0,0.0,80.0,-7.0,0.0,80.0,1.3962634,0.0,0.0,0.0,-8.39847546,-1.79329121,3.97084289,1.08292221,-4.5669874,-0.25787487,0.0,13.90630883,15.80642523,2.02915199,8.99319412,-9.27805348,8.1673795,133.61242613,0.0,23.28370226,21.16844052
1760624805.114,8.06843389,1.45401715,-1.87247928,0.04429649,0.96992751,0.01887042,80.0,-7.0,0.0,80.0,1.3962634,0.0,0.0,0.0,80.0,-7.0,0.0,80.0,1.3962634,0.0,0.0,0.0,-8.00786588,-1.91103312,4.33139459,1.09411391,-4.62811115,-0.22345229,0.0,13.86142046,15.87743046,2.02058205,8.36586507,-8.91023845,7.79826304,133.24232329,0.0,22.25514067,20.43453327
1760624805.148,7.66447228,1.64694063,-2.16539668,0.04249894,0.96926242,0.01955155,80.0,-7.0,0.0,80.0,1.3962634,0.0,0.0,0.0,80.0,-7.0,0.0,80.0,1.3962634,0.0,0.0,0.0,-7.55711848,-2.11969544,4.62635196,1.07771911,-4.63557364,-0.13760959,0.0,13.835495,15.92060664,2.00025575,7.78250004,-8.48704747,7.3689682,132.86534415,0.0,21.42603815,19.61759359
1760624805.215,7.07752222,1.7728512,-2.39849501,0.03975993,0.97031355,0.01984349,80.0,-7.0,0.0,80.0,1.3962634,0.0,0.0,0.0,80.0,-7.0,0.0,80.0,1.3962634,0.0,0.0,0.0,-6.91812554,-2.04588104,5.10286491,1.14582747,-4.81522345,-0.20544915,0.0,13.80442085,15.9204018,1.93429626,6.61451147,-7.13236145,5.26926225,130.43741578,0.0,18.99863546,17.17285879
1760624805.248,7.06474572,1.80750397,-2.35791271,0.03836781,0.9703966,0.02050413,80.0,-7.0,0.0,80.0,1.3962634,0.0,0.0,0.0,80.0,-7.0,0.0,80.0,1.3962634,0.0,0.0,0.0,-6.90082805,-1.94221009,5.22204113,1.20428364,-4.90635837,-0.3217652,0.0,13.81474562,15.910713,1.90504191,6.36479303,-6.9522224,3.10497392,128.23786534,0.0,18.15088353,16.51778436
1760624805.281,6.91734793,1.38681026,-2.40552303,0.03574713,0.971615,0.02189046,80.0,-7.0,0.0,80.0,1.3962634,0.0,0.0,0.0,80.0,-7.0,0.0,80.0,1.3962634,0.0,0.0,0.0,-6.73442595,-1.37111492,5.48968891,1.27350454,-5.00843524,-0.49063803,0.0,13.78233556,15.85133897,1.89377622,6.13131639,-6.80166463,0.78690228,125.61938691,0.0,17.40554299,16.05973651
1760624805.315,7.09993442,1.06321742,-2.31798565,0.03341105,0.97432574,0.02351643,80.0,-7.0,0.0,80.0,1.3962634,0.0,0.0,0.0,80.0,-7.0,0.0,80.0,1.3962634,0.0,0.0,0.0,-6.80306386,-0.78894848,5.65893606,1.21792337,-5.16366987,-0.79582395,0.0,13.86910487,15.82971812,1.85502908,5.9824116,-7.29620186,-2.47733052,120.86755755,0.0,16.84536762,16.26342706
1760624805.348,7.41259856,0.9758386,-2.23384993,0.03376713,0.97785019,0.0228521,80.0,-7.0,0.0,80.0,1.3962634,0.0,0.0,0.0,80.0,-7.0,0.0,80.0,1.3962634,0.0,0.0,0.0,-7.21767599,-0.43313758,5.78157215,1.3505056,-5.3812368,-1.01503539,0.0,14.00467753,15.7669462,1.85971815,6.01685864,-7.10588658,-3.943548,116.61076362,1.31817899,16.49407028,15.87390729
1760624805.382,7.82277132,1.00199045,-2.11284146,0.03632772,0.98245906,0.02164128,80.0,-7.0,0.0,80.0,1.3962634,0.0,0.0,0.0,80.0,-7.0,0.0,80.0,1.3962634,0.0,0.0,0.0,-7.71741509,-0.08503987,6.02289914,1.56194729,-5.70734927,-1.35250069,0.0,13.99270015,15.47562124,1.9103035,5.93131736,-6.4053007,-4.85289739,111.13105376,1.92956135,15.86805593,14.96451679
1760624805.415,7.84338706,1.11098215,-2.0362141,0.03710226,0.98412877,0.0192531,80.0,-7.0,0.0,80.0,1.3962634,0.0,0.0,0.0,80.0,-7.0,0.0,80.0,1.3962634,0.0,0.0,0.0,-7.8038815,-0.02403276,6.14468998,1.72685919,-5.9064395,-1.56619879,0.0,13.9270979,15.3223675,2.00616123,5.84596736,-5.9363215,-5.28357405,107.0845583,1.48636708,15.36672666,14.19422103
1760624805.449,7.93805289,1.09063507,-1.96245552,0.03750281,0.98315821,0.01810681,80.0,-7.0,0.0,80.0,1.3962634,0.0,0.0,0.0,80.0,-7.0,0.0,80.0,1.3962634,0.0,0.0,0.0,-7.7180276,-0.05492156,6.25235488,1.58841083,-5.83640399,-1.83223828,0.0,13.97513215,15.28625401,2.03414148,5.54137794,-5.68561703,-5.68117098,102.83803296,0.79824109,14.75709362,13.28018003
1760624805.482,7.96385396,1.1483877,-1.89287854,0.03844958,0.9833476,0.01467659,80.0,-7.0,0.0,80.0,1.3962634,0.0,0.0,0.0,80.0,-7.0,0.0,80.0,1.3962634,0.0,0.0,0.0,-7.64019579,-0.03700291,6.38513,1.56780114,-5.93235555,-2.20996165,0.1582144,14.05884394,15.10640496,2.13271033,5.24903881,-4.90600946,-5.8935792,97.13404002,0.0,14.24598038,11.95603182
1760624805.516,7.9335541,1.22679265,-1.98355777,0.03867132,0.98356056,0.01309588,80.0,-7.0,0.0,80.0,1.3962634,0.0,0.0,0.0,80.0,-7.0,0.0,80.0,1.3962634,0.0,0.0,0.0,-7.60156357,-0.06748191,6.56538738,1.60479381,-6.02217015,-2.44752058,2.29716001,13.99585664,12.99602655,2.24492605,5.17350694,-3.95956964,-5.97071888,92.44958931,0.0,13.87338317,11.17980461
1760624805.549,7.9296644,1.52901168,-2.18092361,0.03833952,0.9856579,0.00792647,80.0,-7.0,0.0,80.0,1.3962634,0.0,0.0,0.0,80.0,-7.0,0.0,80.0,1.3962634,0.0,0.0,0.0,-7.5986176,-0.29767894,6.78223173,1.64980168,-6.20622708,-2.60111394,3.44965254,13.96236472,11.88718597,2.40412537,5.08150366,-2.12429939,-5.89007733,88.21840641,0.0,12.93625352,9.64601488
1760624805.582,7.93511464,1.65165455,-2.23298538,0.03640496,0.98777166,0.0058542,80.0,-7.0,0.0,80.0,1.3962634,0.0,0.0,0.0,80.0,-7.0,0.0,80.0,1.3962634,0.0,0.0,0.0,-7.68888486,-0.20091273,6.82011754,1.73246594,-6.43888726,-2.63197225,3.43840286,13.99334904,11.93311433,2.45120294,5.52486344,-1.57351145,-5.66114332,80.94674296,0.0,13.00519971,8.72631739
1760624805.616,8.06409862,2.02447647,-2.41204363,0.03307724,0.98651479,0.00026491,80.0,-7.0,0.0,80.0,1.3962634,0.0,0.0,0.0,80.0,-7.0,0.0,80.0,1.3962634,0.0,0.0,0.0,-7.75267012,-0.76942569,7.10427196,1.75156759,-6.40778111,-2.83408498,4.77451782,13.89129635,10.60576974,2.63568142,5.83960425,-1.93332155,-5.33051484,74.97398779,0.0,12.94333969,8.30967497
1760624805.649,8.1079971,2.14464377,-2.57801744,0.03247778,0.9873413,-0.00012581,80.0,-7.0,0.0,80.0,1.3962634,0.0,0.0,0.0,80.0,-7.0,0.0,80.0,1.3962634,0.0,0.0,0.0,-7.81512684,-0.74296956,7.37739879,1.78507694,-6.58078438,-3.03547036,6.16321314,13.85684267,9.22416533,2.68804511,5.95925915,-0.627351,-4.8591304,69.83086287,0.0,12.49404127,7.37970106
1760624805.683,8.26865328,2.35408734,-2.73208012,0.02920687,0.98725036,-0.00235499,80.0,-7.0,0.0,80.0,1.3962634,0.0,0.0,0.0,80.0,-7.0,0.0,80.0,1.3962634,0.0,0.0,0.0,-8.01446109,-0.90637888,7.56797233,1.87913913,-6.74832227,-3.30280139,8.83350956,13.76452177,6.59267257,2.80548955,6.25962376,-1.11549014,-3.93665603,61.97270542,0.0,12.86765232,7.24334542
1760624805.716,8.40835687,2.76908096,-4.30413356,0.02688591,0.97842138,-0.00282609,80.0,-7.0,0.0,80.0,1.3962634,0.0,0.0,0.0,80.0,-7.0,0.0,80.0,1.3962634,0.0,0.0,0.0,-8.03740602,-2.2092254,9.16489647,1.96338515,-6.2818347,-3.60272177,11.51601557,13.63031699,3.9630777,3.03808853,6.07673312,-1.2779691,-3.34548936,56.89703467,0.0,12.40359626,6.48181192
1760624805.75,8.71520078,2.83830623,-4.28995606,0.02941671,0.97180041,-0.00203581,80.0,-7.0,0.0,80.0,1.3962634,0.0,0.0,0.0,80.0,-7.0,0.0,80.0,1.3962634,0.0,0.0,0.0,-8.42042257,-2.72260896,9.04834068,2.14321571,-6.03343129,-3.70673584,14.22445628,13.47817336,1.30124334,3.23592866,5.72521442,-1.21463172,-3.13700969,52.67950326,0.0,12.41600404,6.29110322
1760624805.783,8.57987088,2.98205909,-4.16354889,0.0282691,0.96515223,-0.00010546,80.0,-7.0,0.0,80.0,1.3962634,0.0,0.0,0.0,80.0,-7.0,0.0,80.0,1.3962634,0.0,0.0,0.0,-8.32390708,-3.15429186,9.05880168,2.20537069,-5.83078141,-4.07924752,17.38608622,13.41392427,-1.84920251,3.29763208,5.51556164,-2.84183478,-1.59935427,46.01718945,0.0,13.2007602,7.10029391
1760624805.817,8.36006401,3.07501337,-4.09962604,0.0283552,0.96255287,0.00135137,80.0,-7.0,0.0,80.0,1.3962634,0.0,0.0,0.0,80.0,-7.0,0.0,80.0,1.3962634,0.0,0.0,0.0,-8.25589291,-3.32861004,8.99343182,2.29172547,-5.75047718,-4.16194364,16.89534816,13.59570822,-1.35166096,3.35225775,5.62874884,-2.74453583,-0.79446673,41.48465572,0.0,13.24295106,7.09043559
1760624805.85,8.24092361,3.15784766,-4.05920061,0.0269389,0.96127345,0.00300285,80.0,-7.0,0.0,80.0,1.3962634,0.0,0.0,0.0,80.0,-7.0,0.0,80.0,1.3962634,0.0,0.0,0.0,-8.16598538,-3.46159317,8.94393062,2.24488455,-5.71529587,-4.20230437,16.05679961,13.72260326,-0.54901994,3.38172728,5.42609632,-2.41388924,-0.28652112,37.43482148,0.0,13.41008338,7.16906291
1760624805.884,8.22332762,3.18437846,-4.10419892,0.02709181,0.96153839,0.00410615,80.0,-7.0,0.0,80.0,1.3962634,0.0,0.0,0.0,80.0,-7.0,0.0,80.0,1.3962634,0.0,0.0,0.0,-8.34727904,-3.48901486,8.88547923,2.37374272,-5.77789884,-4.11084932,16.00643992,13.66013707,-0.58911629,3.29835373,5.66836311,-2.0849765,0.53206846,31.85864816,0.0,13.37248949,6.72722189
1760624805.917,8.23641309,3.22550732,-4.11426177,0.02772563,0.96188142,0.00473307,80.0,-7.0,0.0,80.0,1.3962634,0.0,0.0,0.0,80.0,-7.0,0.0,80.0,1.3962634,0.0,0.0,0.0,-8.45369788,-3.52755928,8.85774071,2.41003385,-5.86966378,-4.13316374,15.64908362,13.6913905,-0.21291933,3.29661399,5.5968248,-1.61893812,0.46100221,28.54321447,0.0,13.14915439,6.24076097
1760624805.95,8.18475102,3.21394836,-4.12190302,0.02785696,0.96160917,0.00562637,80.0,-7.0,0.0,80.0,1.3962634,0.0,0.0,0.0,80.0,-7.0,0.0,80.0,1.3962634,0.0,0.0,0.0,-8.42750804,-3.48996117,8.83681335,2.34368701,-5.95984351,-4.21562435,15.603201,13.84374172,-0.08028199,3.2827299,5.49729858,-1.52168158,0.66702122,25.38106524,0.0,13.16965663,6.32663101
1760624805.984,8.11538794,3.13599379,-4.07048547,0.02801523,0.9599309,0.00710731,80.0,-7.0,0.0,80.0,1.3962634,0.0,0.0,0.0,80.0,-7.0,0.0,80.0,1.3962634,0.0,0.0,0.0,-8.40055829,-3.50471634,8.86266182,2.30961647,-5.95119939,-4.37203299,15.62688949,13.97706437,-0.03977275,3.29248602,5.34231895,-1.56080567,1.23733225,21.76997934,0.0,13.08967016,6.21913748
1760624806.017,8.00988955,2.91522138,-4.03372322,0.02964644,0.95870022,0.00783128,80.0,-7.0,0.0,80.0,1.3962634,0.0,0.0,0.0,80.0,-7.0,0.0,80.0,1.3962634,0.0,0.0,0.0,-8.43737706,-3.31153761,8.84020366,2.40177917,-5.98713518,-4.34718008,15.36786546,13.9972239,0.19482563,3.26581369,5.23488953,-1.48391591,1.08275318,20.00099297,0.0,12.94992426,6.0382145
1760624806.051,7.95183936,2.80483213,-3.97477741,0.0296559,0.95573471,0.00937796,80.0,-7.0,0.0,80.0,1.3962634,0.0,0.0,0.0,80.0,-7.0,0.0,80.0,1.3962634,0.0,0.0,0.0,-8.50932408,-3.34451508,8.85510337,2.49892992,-5.91481666,-4.3834293,15.40329343,13.98316164,0.13655569,3.24178257,5.21112533,-1.69407548,1.13880283,18.48269814,0.0,12.94519277,6.09650334
1760624806.084,8.1662075,2.42851796,-3.87884025,0.03071805,0.95612698,0.01129409,80.0,-7.0,0.0,80.0,1.3962634,0.0,0.0,0.0,80.0,-7.0,0.0,80.0,1.3962634,0.0,0.0,0.0,-8.91928918,-2.9751046,8.74630082,2.5911835,-5.95472437,-4.20811325,15.19204347,13.98959888,0.35416549,3.20592414,5.31401158,-1.7558812,1.16270237,17.03586323,0.0,12.83946891,6.11520937
1760624806.118,8.38267504,2.17939924,-3.73443434,0.03037162,0.9562291,0.01224619,80.0,-7.0,0.0,80.0,1.3962634,0.0,0.0,0.0,80.0,-7.0,0.0,80.0,1.3962634,0.0,0.0,0.0,-9.21657001,-2.74773338,8.659535,2.62086737,-5.95621412,-4.18306832,15.39882021,13.99146211,0.12954238,3.19067433,5.254293,-1.80949847,0.95488879,16.50267437,0.0,12.89576351,6.16128117
1760624806.151,8.34391788,1.87409711,-3.53714292,0.03088658,0.95614196,0.01291616,80.0,-7.0,0.0,80.0,1.3962634,0.0,0.0,0.0,80.0,-7.0,0.0,80.0,1.3962634,0.0,0.0,0.0,-9.24166596,-2.39742773,8.57002191,2.64862051,-5.99762556,-4.16300405,15.08111666,13.97695037,0.43808716,3.16204644,5.2921737,-1.86445345,0.82508347,16.0881798,0.0,12.97726021,6.21881926
1760624806.218,8.43154375,1.51680981,-3.29971444,0.03046388,0.95713837,0.0136327,80.0,-7.0,0.0,80.0,1.3962634,0.0,0.0,0.0,80.0,-7.0,0.0,80.0,1.3962634,0.0,0.0,0.0,-9.34796334,-1.97071039,8.4581116,2.65769898,-6.07427969,-4.09210349,14.80269534,14.00055189,0.7238675,3.15300696,5.52661483,-2.06135953,0.62993112,15.40629064,0.0,13.07556065,6.2415666
1760624806.252,8.46570312,1.44477955,-3.27533794,0.03092605,0.95652592,0.01408054,80.0,-7.0,0.0,80.0,1.3962634,0.0,0.0,0.0,80.0,-7.0,0.0,80.0,1.3962634,0.0,0.0,0.0,-9.4248565,-1.95063633,8.39340577,2.77506021,-6.04451334,-3.99754375,14.79085016,13.92382257,0.73184259,3.1394635,5.87227891,-2.2372044,0.62933304,14.99858677,0.0,13.0812272,6.19306318
1760624806.285,8.54706822,1.15428939,-3.02814591,0.03103106,0.95644648,0.01375991,80.0,-7.0,0.0,80.0,1.3962634,0.0,0.0,0.0,80.0,-7.0,0.0,80.0,1.3962634,0.0,0.0,0.0,-9.48824662,-1.60804271,8.20216707,2.80580693,-6.07481349,-3.98502544,14.5480944,13.89865986,0.97303061,3.13221629,6.05269566,-2.27162295,0.68271815,14.72805545,0.0,13.10774616,6.10533417
1760624806.318,8.5006155,1.02939923,-2.81824538,0.03151588,0.95551484,0.0135253,80.0,-7.0,0.0,80.0,1.3962634,0.0,0.0,0.0,80.0,-7.0,0.0,80.0,1.3962634,0.0,0.0,0.0,-9.47824165,-1.50334509,7.94344273,2.90666759,-6.04415581,-3.93264395,14.29505014,13.88372757,1.26034459,3.13862954,6.2387664,-2.34126445,0.67040995,14.64416526,0.0,13.07577105,5.91878765
1760624806.352,8.50347171,1.01093688,-2.79374045,0.03146941,0.95518328,0.01323158,80.0,-7.0,0.0,80.0,1.3962634,0.0,0.0,0.0,80.0,-7.0,0.0,80.0,1.3962634,0.0,0.0,0.0,-9.46235622,-1.47571456,7.90396072,2.9835418,-6.0461092,-3.92508406,14.33482406,13.80705662,1.24342124,3.13072001,6.33793455,-2.36823242,0.77995872,14.7841517,0.0,13.05341841,5.78316491
1760624806.385,8.49529227,1.01377309,-2.72340296,0.03041907,0.95569573,0.01262805,80.0,-7.0,0.0,80.0,1.3962634,0.0,0.0,0.0,80.0,-7.0,0.0,80.0,1.3962634,0.0,0.0,0.0,-9.36609418,-1.3992249,7.89527844,2.94495675,-6.10624491,-4.05021329,14.35951831,13.80358942,1.21966036,3.14765996,6.24871403,-2.30990736,0.92365325,15.12186911,0.0,13.07218147,5.71510201
1760624806.419,8.7850958,0.86611786,-1.78653101,0.02871289,0.95656407,0.01126688,80.0,-7.0,0.0,80.0,1.3962634,0.0,0.0,0.0,80.0,-7.0,0.0,80.0,1.3962634,0.0,0.0,0.0,-9.66645373,-1.11070239,6.96039146,2.97356895,-6.08374546,-4.08267619,14.59172664,13.81921634,0.98684992,3.17021857,6.25040163,-2.29987834,0.91020001,15.67365186,0.0,13.03257117,5.68391756
1760624806.452,8.58594963,0.97432985,-1.74532899,0.02725119,0.95527642,0.01110936,80.0,-7.0,0.0,80.0,1.3962634,0.0,0.0,0.0,80.0,-7.0,0.0,80.0,1.3962634,0.0,0.0,0.0,-9.37642836,-1.23954033,6.937423,2.91924659,-6.00578423,-4.1497228,14.28628551,13.83513877,1.253545,3.20922543,6.23392954,-2.34619162,0.93472862,16.40313131,0.0,13.02405978,5.81975743
1760624806.486,8.58812816,0.97807831,-1.72561504,0.02670817,0.95455926,0.01113703,80.0,-7.0,0.0,80.0,1.3962634,0.0,0.0,0.0,80.0,-7.0,0.0,80.0,1.3962634,0.0,0.0,0.0,-9.32768134,-1.28373884,6.9462852,2.89686898,-5.92900944,-4.18819591,14.2704548,13.81559742,1.22532997,3.21017011,6.31557957,-2.37131111,1.06772427,16.88989343,0.0,12.99442384,5.84269651
1760624806.519,8.55312295,1.03009731,-1.69065686,0.02610851,0.95415594,0.01096118,80.0,-7.0,0.0,80.0,1.3962634,0.0,0.0,0.0,80.0,-7.0,0.0,80.0,1.3962634,0.0,0.0,0.0,-9.23428133,-1.34327631,6.97176112,2.85503394,-5.89112256,-4.22667464,14.27369452,13.78608409,1.20366852,3.21508696,6.36121301,-2.36448558,1.34128466,17.45461997,0.0,12.94582947,5.70249041
1760624806.553,8.18230907,1.26545317,-1.68610589,0.02545059,0.95297807,0.01048629,80.0,-7.0,0.0,80.0,1.3962634,0.0,0.0,0.0,80.0,-7.0,0.0,80.0,1.3962634,0.0,0.0,0.0,-8.73907254,-1.57859387,6.9864105,2.7751341,-5.86952951,-4.27097274,13.99405383,13.75509141,1.48926323,3.21714721,6.33285409,-2.39305887,1.75954426,18.49812876,0.0,12.69066031,5.20755257
1760624806.586,8.04763341,1.37874411,-1.69127524,0.02505789,0.95200922,0.01032368,80.0,-7.0,0.0,80.0,1.3962634,0.0,0.0,0.0,80.0,-7.0,0.0,80.0,1.3962634,0.0,0.0,0.0,-8.53184747,-1.7152437,7.03752951,2.72483107,-5.86334642,-4.40559032,14.47309889,13.78092801,1.02717954,3.24176958,6.21462574,-2.42210673,1.90349603,19.76850717,0.0,12.48373423,4.81588715
1760624806.62,8.10543227,1.40121619,-1.66420687,0.02232061,0.95211736,0.01017121,80.0,-7.0,0.0,80.0,1.3962634,0.0,0.0,0.0,80.0,-7.0,0.0,80.0,1.3962634,0.0,0.0,0.0,-8.50706351,-1.7792887,7.0823509,2.65264708,-5.82897729,-4.52221804,14.54477401,13.82058636,0.98139241,3.24116927,6.00168056,-2.48240037,1.98210507,21.51978619,0.0,12.22931011,4.47745409
1760624806.653,8.27617776,1.5258089,-1.64190918,0.01903591,0.95181134,0.0093799,80.0,-7.0,0.0,80.0,1.3962634,0.0,0.0,0.0,80.0,-7.0,0.0,80.0,1.3962634,0.0,0.0,0.0,-8.56773804,-1.92868362,7.18281511,2.53037292,-5.85393062,-4.72907908,15.20248011,13.88892681,0.30141,3.26772628,5.59744621,-2.6115634,1.97417501,24.58360653,0.0,11.98769672,4.21876845
1760624806.686,8.34141302,1.56156588,-1.5853953,0.01734029,0.95092304,0.00916669,80.0,-7.0,0.0,80.0,1.3962634,0.0,0.0,0.0,80.0,-7.0,0.0,80.0,1.3962634,0.0,0.0,0.0,-8.57448573,-1.97844053,7.31070503,2.44562751,-5.88439102,-4.93545268,16.41902055,13.90778196,-0.94379755,3.31827894,5.35281753,-2.73046472,1.98314929,27.22352124,0.0,11.84638598,4.25653045
1760624806.72,8.31689642,1.60025534,-1.53073948,0.0159292,0.95063132,0.00871015,80.0,-7.0,0.0,80.0,1.3962634,0.0,0.0,0.0,80.0,-7.0,0.0,80.0,1.3962634,0.0,0.0,0.0,-8.51135425,-1.99070318,7.43024777,2.36658305,-5.93746256,-5.06583807,17.05558167,13.92228275,-1.6169229,3.34294574,5.13062179,-2.67593392,1.89809336,30.33765523,0.0,11.61231583,4.16189822
1760624806.753,8.21510453,1.62274092,-1.4377722,0.01298374,0.94892317,0.00822949,80.0,-7.0,0.0,80.0,1.3962634,0.0,0.0,0.0,80.0,-7.0,0.0,80.0,1.3962634,0.0,0.0,0.0,-8.30352867,-2.06225295,7.58579055,2.23091629,-5.93772359,-5.24670862,18.11511982,13.89030027,-2.71609529,3.38516903,4.59774976,-2.6661488,1.75343473,35.40604766,0.0,11.38824426,4.01371686
1760624806.787,8.1137255,1.62621252,-1.39889574,0.011167,0.94730995,0.00786423,80.0,-7.0,0.0,80.0,1.3962634,0.0,0.0,0.0,80.0,-7.0,0.0,80.0,1.3962634,0.0,0.0,0.0,-8.1543769,-2.16491451,7.67797244,2.1804133,-5.89082583,-5.34353832,18.91499385,13.85245135,-3.52246917,3.42653969,4.11684307,-2.64233517,1.52294496,40.04178818,0.0,11.297097,4.0332141
1760624806.82,8.12943159,1.63677278,-1.42998999,0.01151621,0.94672256,0.00752001,80.0,-7.0,0.0,80.0,1.3962634,0.0,0.0,0.0,80.0,-7.0,0.0,80.0,1.3962634,0.0,0.0,0.0,-8.14828639,-2.26384864,7.6701546,2.14563621,-5.87080262,-5.26846145,19.21563027,13.82154108,-3.77271667,3.45476551,3.61540317,-2.54508423,0.999725,45.47848784,0.0,11.1129611,4.28040764
1760624806.853,8.45122544,1.63924389,-1.54419309,0.01510883,0.94604909,0.00761655,80.0,-7.0,0.0,80.0,1.3962634,0.0,0.0,0.0,80.0,-7.0,0.0,80.0,1.3962634,0.0,0.0,0.0,-8.58767046,-2.5439281,7.50661185,2.25954856,-5.69944544,-4.932248,18.9596056,13.76955461,-3.43874699,3.45371529,3.22550694,-2.69016335,0.26065459,53.27760736,0.0,10.8857116,5.18452915
1760624806.887,9.45148163,1.54358705,-1.59702902,0.01942939,0.94712491,0.0080566,80.0,-7.0,0.0,80.0,1.3962634,0.0,0.0,0.0,80.0,-7.0,0.0,80.0,1.3962634,0.0,0.0,0.0,-9.8682938,-2.71743381,7.09177201,2.52785696,-5.50287102,-4.40923406,18.45073402,13.73744112,-2.88440874,3.38670945,3.44887285,-3.01545773,-0.16392903,59.11723889,0.0,10.60892585,5.95761514
1760624806.92,9.56557598,1.47304752,-1.46396408,0.01570265,0.94424977,0.00807742,80.0,-7.0,0.0,80.0,1.3962634,0.0,0.0,0.0,80.0,-7.0,0.0,80.0,1.3962634,0.0,0.0,0.0,-9.99623059,-2.9045244,7.0281986,2.53018001,-5.31962687,-4.49015925,20.52603107,13.68960592,-4.93387906,3.4476756,3.03145387,-3.3749337,-0.05983705,65.50663515,0.0,10.49143631,6.7458543
1760624806.954,9.60787217,1.40004555,-1.38461925,0.01466669,0.94066994,0.00739365,80.0,-7.0,0.0,80.0,1.3962634,0.0,0.0,0.0,80.0,-7.0,0.0,80.0,1.3962634,0.0,0.0,0.0,-10.08817902,-3.30451577,6.83127349,2.58489488,-4.97492298,-4.35546801,21.47307932,13.59590835,-5.87010698,3.46375556,2.63122804,-3.99527578,0.10215488,74.49754325,0.0,10.5997501,7.83828614
1760624806.987,9.70763282,1.36468506,-1.45929176,0.02395603,0.94289782,0.00808273,80.0,-7.0,0.0,80.0,1.3962634,0.0,0.0,0.0,80.0,-7.0,0.0,80.0,1.3962634,0.0,0.0,0.0,-10.30284323,-3.3873602,6.47898826,2.65107836,-4.88199097,-3.83752144,19.76737229,13.55292876,-4.10144264,3.33728142,2.9645659,-4.84840827,0.10662809,80.93095783,0.0,10.838211,8.89034569
1760624807.021,9.63184374,1.39498987,-1.45329956,0.02679301,0.95284664,0.00823262,80.0,-7.0,0.0,80.0,1.3962634,0.0,0.0,0.0,80.0,-7.0,0.0,80.0,1.3962634,0.0,0.0,0.0,-10.25957286,-2.93547118,6.36974677,2.55181061,-5.30310452,-3.65660039,18.29074941,13.55063449,-2.58725365,3.17575715,3.34236409,-5.51963313,0.55259173,87.45266818,0.0,11.03752794,9.70705101
1760624807.054,10.06302375,0.87140204,-1.19042834,0.03301689,0.96699162,0.01307628,80.0,-7.0,0.0,80.0,1.3962634,0.0,0.0,0.0,80.0,-7.0,0.0,80.0,1.3962634,0.0,0.0,0.0,-10.96221155,-1.55754125,5.73548964,2.58519998,-5.76010619,-2.98874322,14.08618442,13.55355104,1.64418638,2.69697223,4.17237241,-4.72632156,1.0085985,95.41486265,1.95889944,11.53788934,10.51896978
1760624807.088,10.18925282,1.01265459,-1.00356694,0.03626622,0.96719082,0.01100119,80.0,-7.0,0.0,80.0,1.3962634,0.0,0.0,0.0,80.0,-7.0,0.0,80.0,1.3962634,0.0,0.0,0.0,-11.02189124,-1.98466897,5.10369905,2.4956931,-5.39403378,-2.48486045,10.47886838,13.48651073,5.27798852,2.59795832,4.74767627,-5.54206409,1.30801883,100.45127223,3.26235095,11.93592228,10.61877113
1760624807.121,10.15631842,0.99115406,-1.04321973,0.04000951,0.96542913,0.01010967,80.0,-7.0,0.0,80.0,1.3962634,0.0,0.0,0.0,80.0,-7.0,0.0,80.0,1.3962634,0.0,0.0,0.0,-10.9564895,-2.29952852,4.84564298,2.45588994,-5.02096843,-2.17111141,6.79242268,13.45483626,8.9818312,2.54377282,5.40212471,-6.45262321,1.77540574,105.18202118,4.2874393,11.93028088,9.94030741
1760624807.155,10.34052588,1.14663635,-1.15624772,0.04337434,0.96382638,0.00871084,80.0,-7.0,0.0,80.0,1.3962634,0.0,0.0,0.0,80.0,-7.0,0.0,80.0,1.3962634,0.0,0.0,0.0,-10.99129788,-2.7637842,4.62346634,2.29343458,-4.58376429,-1.86425163,1.51692455,13.42987137,14.25219425,2.47798067,5.91492639,-7.31581733,2.58192187,110.99312936,5.43124794,12.54910886,9.77064162
1760624807.188,10.60723732,1.18010635,-1.33787874,0.04873721,0.96822756,0.00811704,80.0,-7.0,0.0,80.0,1.3962634,0.0,0.0,0.0,80.0,-7.0,0.0,80.0,1.3962634,0.0,0.0,0.0,-11.43989288,-2.5720018,4.53950765,2.44322762,-4.73119956,-1.65981465,2.09379056,13.28284476,13.68953608,2.46134037,6.45769251,-7.35647458,3.04497121,114.94633669,6.40378338,13.38683301,10.10653573
1760624807.222,10.50761967,0.94699224,-1.45278207,0.05068353,0.97290629,0.01218827,80.0,-7.0,0.0,80.0,1.3962634,0.0,0.0,0.0,80.0,-7.0,0.0,80.0,1.3962634,0.0,0.0,0.0,-11.30068346,-1.99871113,4.40473263,2.32943426,-4.75679127,-1.3943784,0.0,13.25425197,15.7775146,2.28804208,6.73122846,-7.41595912,3.62808488,119.77475849,7.52616342,14.53055757,10.72741059
1760624807.288,10.46335719,0.4809662,-1.5418618,0.05248505,0.97182306,0.01663126,80.0,-7.0,0.0,80.0,1.3962634,0.0,0.0,0.0,80.0,-7.0,0.0,80.0,1.3962634,0.0,0.0,0.0,-11.30050075,-1.52436658,4.0482079,2.10991246,-4.46328586,-0.926456,0.0,13.25044909,15.90986657,2.18843388,7.10016644,-8.57999866,4.02596262,125.69112769,7.61101939,16.78889289,12.8080152
1760624807.322,10.38760671,0.49678305,-1.64181353,0.05264386,0.97130451,0.01903721,80.0,-7.0,0.0,80.0,1.3962634,0.0,0.0,0.0,80.0,-7.0,0.0,80.0,1.3962634,0.0,0.0,0.0,-11.22054138,-1.4757236,3.88759786,1.91405897,-4.35659199,-0.64105453,0.0,13.23637781,15.96548105,2.11924719,7.33528611,-9.29081405,4.26615096,128.80122883,7.13218931,18.21655915,14.16511641
1760624807.355,9.85476871,0.60122246,-1.60859921,0.05099992,0.97119016,0.01890778,80.0,-7.0,0.0,80.0,1.3962634,0.0,0.0,0.0,80.0,-7.0,0.0,80.0,1.3962634,0.0,0.0,0.0,-10.60806254,-1.41767251,3.80733555,1.71717891,-4.41837592,-0.64796565,0.0,13.36897127,16.01691244,2.08973381,7.55497739,-9.72331081,4.41089013,130.52616334,7.31617452,19.77231213,15.07700864
1760624807.389,9.82496452,0.5918916,-1.559781,0.05031527,0.96921483,0.02062149,80.0,-7.0,0.0,80.0,1.3962634,0.0,0.0,0.0,80.0,-7.0,0.0,80.0,1.3962634,0.0,0.0,0.0,-10.60744824,-1.48237755,3.83474901,1.70897974,-4.2846663,-0.66398848,0.0,13.39773508,16.02586473,2.0544442,8.04884146,-10.26207516,4.58810918,131.50501243,8.09942466,21.8399097,16.0585725
1760624807.422,9.49395934,0.76338478,-1.51524872,0.04839151,0.9688211,0.02071627,80.0,-7.0,0.0,80.0,1.3962634,0.0,0.0,0.0,80.0,-7.0,0.0,80.0,1.3962634,0.0,0.0,0.0,-10.22860908,-1.60357017,3.90947772,1.59213643,-4.27772536,-0.70764809,0.0,13.47785448,15.99222269,1.99493661,8.72794088,-10.37112487,4.67934999,131.61716801,10.61006228,24.49650445,16.58299154
1760624807.456,9.40661305,0.86825487,-1.42040561,0.0472288,0.97039643,0.01935257,80.0,-7.0,0.0,80.0,1.3962634,0.0,0.0,0.0,80.0,-7.0,0.0,80.0,1.3962634,0.0,0.0,0.0,-10.13127074,-1.4865574,4.05523575,1.56561716,-4.47266114,-0.84735988,0.0,13.59407469,15.90882339,1.972112,9.25766808,-9.95142457,4.89699627,131.26874788,12.35562894,25.39215822,16.30268376
1760624807.489,8.86993319,0.76823981,-1.37030291,0.04581997,0.9695903,0.0202399,80.0,-7.0,0.0,80.0,1.3962634,0.0,0.0,0.0,80.0,-7.0,0.0,80.0,1.3962634,0.0,0.0,0.0,-9.51788159,-1.34915549,4.20757087,1.48276628,-4.46128031,-0.83796617,0.0,13.66146102,15.845007,1.92504341,9.60150976,-9.67862037,5.25838275,131.04918173,12.76314336,25.81368124,16.20741373
1760624807.523,8.83308457,0.80556777,-1.36779622,0.0438656,0.96966609,0.02016493,80.0,-7.0,0.0,80.0,1.3962634,0.0,0.0,0.0,80.0,-7.0,0.0,80.0,1.3962634,0.0,0.0,0.0,-9.47791725,-1.33570805,4.22002083,1.54508281,-4.53815068,-0.54767696,0.0,13.45439191,15.84515753,1.90239224,9.71875629,-9.39042515,5.34525615,130.8912766,13.52504203,26.35374834,16.19108051
1760624807.556,8.51691802,0.96823199,-1.39452724,0.04289869,0.96893358,0.01977765,80.0,-7.0,0.0,80.0,1.3962634,0.0,0.0,0.0,80.0,-7.0,0.0,80.0,1.3962634,0.0,0.0,0.0,-9.15613059,-1.51198528,4.23725425,1.64721273,-4.58819305,-0.49999459,0.0,13.35537588,15.92826158,1.89033104,9.56557078,-9.19544013,5.35616546,130.68535669,14.3770009,26.46385772,16.17087937
1760624807.589,8.47625503,1.00041891,-1.4175826,0.04247,0.96915096,0.02009789,80.0,-7.0,0.0,80.0,1.3962634,0.0,0.0,0.0,80.0,-7.0,0.0,80.0,1.3962634,0.0,0.0,0.0,-9.08851803,-1.5097618,4.2294023,1.71139959,-4.66509059,-0.50524353,0.0,13.42935599,16.06580024,1.87594748,9.28095204,-8.98182298,5.42042641,130.49816097,14.46338617,26.04324078,16.14565686
1760624807.623,7.92496942,1.20836426,-1.49887037,0.04059715,0.96957707,0.01954695,80.0,-7.0,0.0,80.0,1.3962634,0.0,0.0,0.0,80.0,-7.0,0.0,80.0,1.3962634,0.0,0.0,0.0,-8.44825671,-1.62282284,4.32290362,1.75799001,-4.78009604,-0.47872037,0.0,13.33649871,16.18482791,1.87717778,8.65415323,-8.75878472,5.33477947,130.307986,13.82695694,25.0919749,16.00034124
1760624807.656,7.8971643,1.2537464,-1.53620842,0.03963957,0.97051009,0.01995736,80.0,-7.0,0.0,80.0,1.3962634,0.0,0.0,0.0,80.0,-7.0,0.0,80.0,1.3962634,0.0,0.0,0.0,-8.38438178,-1.59528831,4.33547183,1.82583029,-4.87054623,-0.41795354,0.0,13.22023811,16.20160598,1.90177732,8.09460793,-8.62981706,4.92798505,130.19914696,12.98752047,24.14665059,15.81663145
1760624807.69,7.85422249,1.25316201,-1.57340536,0.03951577,0.97033809,0.02082784,80.0,-7.0,0.0,80.0,1.3962634,0.0,0.0,0.0,80.0,-7.0,0.0,80.0,1.3962634,0.0,0.0,0.0,-8.30363784,-1.60795479,4.34860144,1.88026333,-4.85951776,-0.36439707,0.0,13.11227616,16.19464186,1.90433535,7.53163257,-8.57026006,4.27024998,129.91430561,11.8566156,23.00965552,15.44196894
1760624807.723,7.32123684,1.23744264,-1.74274226,0.03828102,0.96998439,0.02245317,80.0,-7.0,0.0,80.0,1.3962634,0.0,0.0,0.0,80.0,-7.0,0.0,80.0,1.3962634,0.0,0.0,0.0,-7.68981571,-1.53106959,4.56566132,1.82883679,-4.88131313,-0.51687458,0.0,13.2230846,16.23220169,1.85519509,6.86528915,-8.43434485,3.06030334,128.86476585,10.35015319,21.64242682,15.08574787
1760624807.757,7.30429371,1.26303439,-1.71258843,0.03776452,0.96991084,0.02292448,80.0,-7.0,0.0,80.0,1.3962634,0.0,0.0,0.0,80.0,-7.0,0.0,80.0,1.3962634,0.0,0.0,0.0,-7.62402963,-1.4715768,4.66365976,1.80065816,-4.93733965,-0.7387548,0.0,13.3510507,16.14893157,1.85110069,6.44957476,-8.22585041,2.19846882,127.564461,9.30463496,19.45995909,14.29205114
1760624807.79,6.94300974,0.89960413,-1.72585138,0.03671705,0.96908474,0.02382036,80.0,-7.0,0.0,80.0,1.3962634,0.0,0.0,0.0,80.0,-7.0,0.0,80.0,1.3962634,0.0,0.0,0.0,-7.15896995,-1.04623579,4.99059111,1.68900704,-4.93915973,-0.9927728,0.0,13.40580188,16.01683025,1.84689107,6.07127464,-7.81685194,1.55770149,125.42806968,8.74050639,16.92256371,12.55479171
1760624807.824,6.57318643,0.80987009,-1.73963175,0.0344826,0.9715916,0.02351966,80.0,-7.0,0.0,80.0,1.3962634,0.0,0.0,0.0,80.0,-7.0,0.0,80.0,1.3962634,0.0,0.0,0.0,-6.67167389,-0.63016385,5.31843689,1.58996942,-5.16172507,-1.19545994,0.0,13.40353158,15.83845963,1.85234016,5.44805754,-6.60375544,0.71124672,121.81789445,8.37573024,14.39160335,10.18711686
1760624807.857,6.59308201,0.81445602,-1.75391087,0.03469876,0.9714898,0.0238687,80.0,-7.0,0.0,80.0,1.3962634,0.0,0.0,0.0,80.0,-7.0,0.0,80.0,1.3962634,0.0,0.0,0.0,-6.64681706,-0.58047211,5.33730563,1.59414669,-5.17804032,-1.22246154,0.0,13.38122389,15.80056492,1.86294772,5.16049779,-5.86093165,-0.26615102,118.48948541,7.50852924,12.0665142,8.29409139
1760624807.891,6.5875069,0.90363495,-1.70811143,0.03326768,0.97399979,0.02327715,80.0,-7.0,0.0,80.0,1.3962634,0.0,0.0,0.0,80.0,-7.0,0.0,80.0,1.3962634,0.0,0.0,0.0,-6.56570755,-0.38644379,5.44177137,1.57487144,-5.42992832,-1.41185415,0.0,13.35465111,15.8060611,1.88195559,4.84996171,-4.90889524,-1.23645963,114.72890564,6.39351659,10.63076647,6.7174485
1760624807.924,6.79386164,0.64345981,-1.67164054,0.03057801,0.9794332,0.02168917,80.0,-7.0,0.0,80.0,1.3962634,0.0,0.0,0.0,80.0,-7.0,0.0,80.0,1.3962634,0.0,0.0,0.0,-6.8915325,0.36359775,5.78969072,1.85139117,-5.89628451,-1.81983242,0.0,13.49234645,15.70591262,1.89835851,4.84713381,-3.5750329,-2.36878131,108.14417947,5.81162902,9.06990102,5.17078719
1760624807.957,6.84465955,0.78892215,-1.5456624,0.03067539,0.9832731,0.01860175,80.0,-7.0,0.0,80.0,1.3962634,0.0,0.0,0.0,80.0,-7.0,0.0,80.0,1.3962634,0.0,0.0,0.0,-6.94734726,0.56050574,5.99191521,2.01441782,-6.25323893,-2.1130506,0.0,13.40451128,15.56846779,1.9762991,5.15606857,-2.912085,-2.8419038,102.79617325,3.24650782,7.31278552,3.69100792
1760624807.991,6.90158968,0.92658322,-1.53208745,0.02928015,0.9874825,0.01497898,80.0,-7.0,0.0,80.0,1.3962634,0.0,0.0,0.0,80.0,-7.0,0.0,80.0,1.3962634,0.0,0.0,0.0,-6.91600779,0.67662966,6.09216884,2.02966573,-6.58174442,-2.19324689,0.12635537,13.26373925,15.43383579,2.09790411,5.42246123,-2.34564319,-3.27284735,97.05964556,0.64753194,6.165488,2.42217237
1760624808.024,7.09775941,1.13825261,-1.71132755,0.02963015,0.98769056,0.01261946,80.0,-7.0,0.0,80.0,1.3962634,0.0,0.0,0.0,80.0,-7.0,0.0,80.0,1.3962634,0.0,0.0,0.0,-7.15608891,0.40551641,6.22369118,2.24482018,-6.66762975,-2.18595389,2.17034544,12.98690998,13.46132788,2.17841864,5.67188847,-1.67982727,-4.14377103,88.38834152,0.0,5.2908186,1.05367875
1760624808.058,7.27702152,1.67800483,-2.01527691,0.03079759,0.99042704,0.00634566,80.0,-7.0,0.0,80.0,1.3962634,0.0,0.0,0.0,80.0,-7.0,0.0,80.0,1.3962634,0.0,0.0,0.0,-7.37973002,-0.07405678,6.4514618,2.3807476,-6.95501879,-2.40599595,3.6521884,13.0071051,12.12282286,2.33120246,6.11593159,-0.93214594,-4.80732531,81.47907388,0.0,4.77152878,0.09237763
1760624808.091,7.63272715,1.81605501,-2.2017858,0.03200373,0.98992081,0.00571597,80.0,-7.0,0.0,80.0,1.3962634,0.0,0.0,0.0,80.0,-7.0,0.0,80.0,1.3962634,0.0,0.0,0.0,-7.85005789,-0.29297984,6.62082511,2.58180174,-6.99657137,-2.63445452,6.23458684,12.99518439,9.62576072,2.42028603,6.65072969,-0.12498772,-5.22894168,74.47666219,0.0,4.60176755,-0.40239564
1760624808.125,7.65877869,2.25958192,-2.47454492,0.03198085,0.99135821,0.00047794,80.0,-7.0,0.0,80.0,1.3962634,0.0,0.0,0.0,80.0,-7.0,0.0,80.0,1.3962634,0.0,0.0,0.0,-7.82957585,-0.63894395,6.90114664,2.58347098,-7.23778933,-2.80004118,7.00273187,12.6717471,8.86750331,2.52243872,6.72315022,0.55158274,-5.60789445,65.87962512,0.0,4.2138568,-0.98935467
1760624808.158,7.6555074,2.38931352,-2.7045055,0.03739176,0.99508809,0.00164474,80.0,-7.0,0.0,80.0,1.3962634,0.0,0.0,0.0,80.0,-7.0,0.0,80.0,1.3962634,0.0,0.0,0.0,-8.0792111,-0.35471777,7.01587774,2.7784605,-7.61953856,-2.77124893,8.20425405,12.49977336,7.64868355,2.45028034,7.31054047,1.05923808,-5.71561298,59.36687521,0.0,4.02790196,-1.28836285
1760624808.192,7.02680055,2.9006742,-4.44710893,0.03115088,0.97715061,-0.00146181,80.0,-7.0,0.0,80.0,1.3962634,0.0,0.0,0.0,80.0,-7.0,0.0,80.0,1.3962634,0.0,0.0,0.0,-7.09289921,-2.40867048,9.06345085,2.65700119,-6.68563505,-3.40522259,12.25309666,12.09795651,3.57184765,2.81532621,6.45081963,-0.23509125,-5.4861744,52.04334808,0.0,3.85978887,-1.41059851
1760624808.225,6.60038519,3.25438864,-4.38281661,0.03010649,0.967859,-0.00189848,80.0,-7.0,0.0,80.0,1.3962634,0.0,0.0,0.0,80.0,-7.0,0.0,80.0,1.3962634,0.0,0.0,0.0,-6.5580773,-3.29540024,9.18089942,2.5973993,-6.31673193,-3.86716415,15.6144459,11.91457528,0.14768455,2.90600983,5.97481105,-1.85492878,-4.68294229,46.5722355,0.0,4.42502684,-0.48214669
1760624808.259,6.65705832,3.28066661,-4.41103026,0.03142131,0.96019391,0.00043911,80.0,-7.0,0.0,80.0,1.3962634,0.0,0.0,0.0,80.0,-7.0,0.0,80.0,1.3962634,0.0,0.0,0.0,-6.82424845,-3.84371678,9.17013906,2.76899533,-5.91066687,-4.07215212,17.42785124,11.94474118,-1.89528114,2.95487696,6.16429658,-3.32210503,-3.38873969,40.90633908,0.0,4.93384055,0.30853277
1760624808.292,6.51379417,3.37526008,-4.38677333,0.02710942,0.96037583,0.00223233,80.0,-7.0,0.0,80.0,1.3962634,0.0,0.0,0.0,80.0,-7.0,0.0,80.0,1.3962634,0.0,0.0,0.0,-6.77630511,-3.96633616,9.25097499,2.71371542,-5.885726,-4.1856809,16.41785026,12.20585576,-1.28814599,3.09121033,5.86839024,-3.01374341,-2.40650468,35.00989027,0.0,5.2234675,1.00024119
1760624808.326,6.58810743,3.27059982,-4.41425601,0.02616935,0.96090067,0.00497811,80.0,-7.0,0.0,80.0,1.3962634,0.0,0.0,0.0,80.0,-7.0,0.0,80.0,1.3962634,0.0,0.0,0.0,-6.87487354,-3.82182734,9.23715638,2.62514118,-5.90353379,-4.07571216,15.01361593,12.06155232,-0.17873882,3.0687589,5.88764752,-2.96102959,-1.28744967,30.26562976,0.0,5.86301235,1.7547937
1760624808.359,6.64361547,3.23794129,-4.35297147,0.02337338,0.95940881,0.006824,80.0,-7.0,0.0,80.0,1.3962634,0.0,0.0,0.0,80.0,-7.0,0.0,80.0,1.3962634,0.0,0.0,0.0,-6.95204198,-3.76920744,9.2852941,2.5587288,-5.92572437,-4.22102907,14.98747715,11.93083488,-0.39480802,2.95355371,6.01029769,-2.79259833,0.12155783,25.51744568,0.0,6.32673782,2.00283935
1760624808.392,7.28998275,2.83960724,-4.36116899,0.02774753,0.95993984,0.00766679,80.0,-7.0,0.0,80.0,1.3962634,0.0,0.0,0.0,80.0,-7.0,0.0,80.0,1.3962634,0.0,0.0,0.0,-7.82800289,-3.34094991,9.16981115,2.7025432,-6.07129583,-3.99333283,13.80702585,11.50201764,0.67037416,2.89577032,6.36918811,-2.320567,1.50999326,19.84951293,0.0,6.68394612,2.34945062
1760624808.426,7.29643531,2.8213748,-4.29606552,0.02721386,0.95840679,0.00813924,80.0,-7.0,0.0,80.0,1.3962634,0.0,0.0,0.0,80.0,-7.0,0.0,80.0,1.3962634,0.0,0.0,0.0,-7.87158932,-3.28986323,9.2085927,2.68489709,-6.17552762,-4.16240055,13.8176581,11.27696837,0.64269141,2.87720654,6.32355228,-1.94047542,2.51639186,16.11188365,0.0,7.09431249,2.84697964
1760624808.459,7.4783246,2.42236735,-4.14951387,0.02763681,0.95455775,0.00984119,80.0,-7.0,0.0,80.0,1.3962634,0.0,0.0,0.0,80.0,-7.0,0.0,80.0,1.3962634,0.0,0.0,0.0,-8.17115737,-3.01360697,9.18006765,2.77778281,-6.13845398,-4.24945102,13.75493957,11.10771185,0.82512537,2.80618812,6.25441448,-1.84105873,3.4216753,12.88742534,0.0,7.42343255,3.45360844
1760624808.493,7.88804581,2.18401491,-4.07853378,0.03117101,0.95395064,0.01026292,80.0,-7.0,0.0,80.0,1.3962634,0.0,0.0,0.0,80.0,-7.0,0.0,80.0,1.3962634,0.0,0.0,0.0,-8.73897899,-2.8555618,9.00305351,2.89250497,-6.0939841,-4.02940861,13.15641323,10.51606431,1.79715695,2.47072251,6.28159892,-1.70679277,3.94137575,9.55125134,0.0,7.68450143,4.22701701
1760624808.526,8.48804326,1.88201973,-2.65850261,0.03524201,0.95458059,0.01002053,80.0,-7.0,0.0,80.0,1.3962634,0.0,0.0,0.0,80.0,-7.0,0.0,80.0,1.3962634,0.0,0.0,0.0,-9.52390112,-2.32480989,7.46820679,2.95201482,-6.08157236,-3.89560951,12.96664071,10.2830929,2.20502831,2.21501435,6.26660465,-1.51092018,3.89099948,7.80788085,0.0,7.92176749,4.78425092
1760624808.56,8.78224208,1.6168461,-2.63632091,0.03843251,0.95379136,0.01175382,80.0,-7.0,0.0,80.0,1.3962634,0.0,0.0,0.0,80.0,-7.0,0.0,80.0,1.3962634,0.0,0.0,0.0,-10.00103694,-2.14114684,7.37187708,3.09805371,-6.02696119,-3.77281895,12.81693466,10.03223734,2.61371677,2.15416695,6.30117369,-1.55942602,3.7191342,6.55519642,0.0,8.10979912,5.34018304
1760624808.593,9.1112135,1.31614198,-2.50203462,0.03933842,0.95459574,0.01422727,80.0,-7.0,0.0,80.0,1.3962634,0.0,0.0,0.0,80.0,-7.0,0.0,80.0,1.3962634,0.0,0.0,0.0,-10.38037182,-1.79582874,7.25918461,3.01995002,-6.00897071,-3.68911243,12.87401016,9.96860691,2.87187142,2.12052883,6.14803469,-1.60776163,3.45448567,5.41597265,0.0,8.41342803,6.0717126
1760624808.626,9.13623525,1.28104359,-2.48110115,0.03980587,0.9546066,0.01558499,80.0,-7.0,0.0,80.0,1.3962634,0.0,0.0,0.0,80.0,-7.0,0.0,80.0,1.3962634,0.0,0.0,0.0,-10.45363652,-1.77057837,7.21253818,3.00225236,-5.9527202,-3.56493702,12.88730895,9.77412712,2.98232039,2.01704033,6.14567334,-1.75015135,3.095523,4.87056472,0.0,8.45664989,6.29294029
1760624808.66,9.54320632,1.07407246,-2.31782771,0.03951739,0.95466941,0.0162853,80.0,-7.0,0.0,80.0,1.3962634,0.0,0.0,0.0,80.0,-7.0,0.0,80.0,1.3962634,0.0,0.0,0.0,-11.01186147,-1.57365477,7.04959743,3.08873648,-5.92437427,-3.43980762,13.1990123,9.59110829,2.72406065,2.02831076,6.33428751,-1.95643105,2.73543837,4.45077175,0.0,8.51182404,6.52384148
1760624808.693,9.61962676,0.91428708,-2.10259052,0.03888395,0.9542452,0.01709687,80.0,-7.0,0.0,80.0,1.3962634,0.0,0.0,0.0,80.0,-7.0,0.0,80.0,1.3962634,0.0,0.0,0.0,-11.13080434,-1.45556017,6.89701718,3.07955097,-5.8525387,-3.33444357,12.89823924,9.31596722,2.99727183,2.27446063,6.45173193,-2.3727603,2.57819278,4.02049562,0.0,8.5273903,7.15618049
1760624808.727,9.60659585,0.87611378,-2.05712277,0.03940014,0.95516872,0.0172708,80.0,-7.0,0.0,80.0,1.3962634,0.0,0.0,0.0,80.0,-7.0,0.0,80.0,1.3962634,0.0,0.0,0.0,-11.1023264,-1.46282571,6.87567153,3.03809778,-5.79115492,-3.29922723,12.84722618,9.07151492,2.99733618,2.39936193,6.5338179,-2.67030909,2.39751476,3.77717961,0.0,8.43090174,7.62933723
1760624808.76,9.20036123,0.78703123,-1.79697644,0.03880444,0.95546007,0.01682905,80.0,-7.0,0.0,80.0,1.3962634,0.0,0.0,0.0,80.0,-7.0,0.0,80.0,1.3962634,0.0,0.0,0.0,-10.65684881,-1.35155579,6.71276345,3.0138302,-5.73808386,-3.30590956,12.7337234,8.81934238,2.87588616,2.61213239,6.59336322,-2.86359113,2.18614088,3.57074913,0.0,8.16636507,7.89265243
1760624808.794,9.12562303,0.76261839,-1.64319373,0.03926703,0.95527542,0.01681598,80.0,-7.0,0.0,80.0,1.3962634,0.0,0.0,0.0,80.0,-7.0,0.0,80.0,1.3962634,0.0,0.0,0.0,-10.54255254,-1.364617,6.56612318,3.03447535,-5.68743551,-3.23490676,12.61193649,8.50687175,2.24103833,3.02981316,6.73294853,-3.07048974,2.09595976,3.22928886,0.0,7.49780024,8.2719759
1760624808.827,9.09625633,0.71939747,-1.62342382,0.04001649,0.95525214,0.0165959,80.0,-7.0,0.0,80.0,1.3962634,0.0,0.0,0.0,80.0,-7.0,0.0,80.0,1.3962634,0.0,0.0,0.0,-10.49216942,-1.40508289,6.53595566,3.10914531,-5.55662346,-3.05766872,12.2786919,7.99195887,1.88967746,3.19850991,6.76563466,-3.19739083,2.02400407,3.22208283,0.0,6.80803679,8.42934113
1760624808.861,8.89775546,0.73926133,-1.53173507,0.04015304,0.95540435,0.01590604,80.0,-7.0,0.0,80.0,1.3962634,0.0,0.0,0.0,80.0,-7.0,0.0,80.0,1.3962634,0.0,0.0,0.0,-10.28640515,-1.42422657,6.44935876,3.18306134,-5.53109174,-2.98176107,12.43344327,7.72911107,0.99059133,3.46816121,6.70786598,-3.28185625,1.9571597,3.46086918,0.0,6.38613595,8.12239389
1760624808.894,8.77626548,0.69008221,-1.44645539,0.04031408,0.95532446,0.01578772,80.0,-7.0,0.0,80.0,1.3962634,0.0,0.0,0.0,80.0,-7.0,0.0,80.0,1.3962634,0.0,0.0,0.0,-10.14747455,-1.35874077,6.35197303,3.25947532,-5.4864309,-2.91368628,12.43227049,7.58392439,0.3713421,3.80183985,6.52147491,-3.31497636,1.92501372,4.02081036,0.0,5.86900425,7.35205252
1760624808.928,8.76296299,0.69813228,-1.42679675,0.04003934,0.95542921,0.01523608,80.0,-7.0,0.0,80.0,1.3962634,0.0,0.0,0.0,80.0,-7.0,0.0,80.0,1.3962634,0.0,0.0,0.0,-10.15256764,-1.32984748,6.36162009,3.31110343,-5.47107131,-2.96084914,12.45844928,7.41605539,0.35326435,3.92062718,6.48723172,-3.33029125,1.94221131,4.22825083,0.0,5.55467985,7.17520824
1760624808.961,8.74226894,0.68485126,-1.39253194,0.03984493,0.95560866,0.01472178,80.0,-7.0,0.0,80.0,1.3962634,0.0,0.0,0.0,80.0,-7.0,0.0,80.0,1.3962634,0.0,0.0,0.0,-10.14662493,-1.27607832,6.36211349,3.32388331,-5.44462574,-3.0108669,12.49876508,7.42719492,0.31766825,4.0376124,6.59399503,-3.22957963,2.13875877,4.04869748,0.0,5.34105637,7.06430234
1760624808.994,8.71791861,0.66593401,-1.3636785,0.03956237,0.95579746,0.0141504,80.0,-7.0,0.0,80.0,1.3962634,0.0,0.0,0.0,80.0,-7.0,0.0,80.0,1.3962634,0.0,0.0,0.0,-10.14109051,-1.22647602,6.35760987,3.36722087,-5.423022,-3.05283985,12.45373929,7.51129525,0.2002984,4.1013299,6.71233826,-3.12140353,2.25558455,3.78103524,0.0,5.21036793,6.99315018
1760624809.028,8.69840493,0.65506275,-1.35674789,0.03953572,0.95590313,0.01407966,80.0,-7.0,0.0,80.0,1.3962634,0.0,0.0,0.0,80.0,-7.0,0.0,80.0,1.3962634,0.0,0.0,0.0,-10.13372117,-1.19833443,6.3422754,3.41174139,-5.40539787,-2.98151019,12.41155637,7.41833853,0.16672553,4.0878302,6.75489109,-3.08769434,2.33502182,3.63762904,0.0,5.19664874,7.08844223
1760624809.061,8.62435126,0.62358525,-1.34285803,0.0394345,0.95563275,0.01374905,80.0,-7.0,0.0,80.0,1.3962634,0.0,0.0,0.0,80.0,-7.0,0.0,80.0,1.3962634,0.0,0.0,0.0,-10.15426909,-1.15767235,6.2991326,3.52212295,-5.45586,-3.05861975,12.41332666,7.60605609,0.1046855,4.16444885,6.84296266,-3.04312412,2.3918536,3.57780962,0.0,5.12240085,7.11379521
1760624809.095,8.55621881,0.59277811,-1.31428557,0.0393531,0.95550228,0.01380288,80.0,-7.0,0.0,80.0,1.3962634,0.0,0.0,0.0,80.0,-7.0,0.0,80.0,1.3962634,0.0,0.0,0.0,-10.14918393,-1.14017757,6.26154918,3.58743008,-5.47706122,-3.14743481,12.47261465,7.7100331,0.12230627,4.15602282,6.92653066,-3.05482344,2.54669648,3.4390922,0.0,5.09554854,7.16754752
1760624809.128,8.28082352,0.54918289,-1.07810265,0.03914735,0.95519671,0.01360979,80.0,-7.0,0.0,80.0,1.3962634,0.0,0.0,0.0,80.0,-7.0,0.0,80.0,1.3962634,0.0,0.0,0.0,-9.9127307,-1.06757256,6.02310036,3.60543597,-5.52573302,-3.20165535,12.74466675,7.83926064,-0.11843644,4.14465266,6.98721159,-3.04706478,2.51010841,3.38098369,0.0,5.15667072,7.24666547
1760624809.162,8.3727033,0.55616149,-0.92660933,0.03824686,0.95514246,0.01337461,80.0,-7.0,0.0,80.0,1.3962634,0.0,0.0,0.0,80.0,-7.0,0.0,80.0,1.3962634,0.0,0.0,0.0,-10.0964383,-1.07509716,5.86473597,3.66867399,-5.59871116,-3.24685185,12.96011943,7.99110205,-0.3384243,4.08131718,7.09160515,-3.05350129,2.47217532,3.37700644,0.0,5.25975201,7.38918162
1760624809.195,8.3631872,0.53758117,-0.88920759,0.0378648,0.95485084,0.01339372,80.0,-7.0,0.0,80.0,1.3962634,0.0,0.0,0.0,80.0,-7.0,0.0,80.0,1.3962634,0.0,0.0,0.0,-10.14719612,-1.09025832,5.84748008,3.72278299,-5.65531013,-3.23629309,12.97033755,7.90735794,-0.34884065,3.99282867,7.18873814,-3.0742689,2.48224028,3.33915702,0.0,5.31055947,7.42524093
1760624809.228,8.35695002,0.51873438,-0.88588883,0.03813173,0.95491023,0.01341847,80.0,-7.0,0.0,80.0,1.3962634,0.0,0.0,0.0,80.0,-7.0,0.0,80.0,1.3962634,0.0,0.0,0.0,-10.1684027,-1.10693005,5.83323077,3.73525761,-5.70226676,-3.19578805,13.03260579,7.89100633,-0.3014775,3.89850553,7.24247395,-3.09125878,2.52928058,3.26766497,0.0,5.29504881,7.40827392
1760624809.262,8.70089733,0.4809177,-0.73009247,0.03725866,0.95554879,0.01330955,80.0,-7.0,0.0,80.0,1.3962634,0.0,0.0,0.0,80.0,-7.0,0.0,80.0,1.3962634,0.0,0.0,0.0,-10.6023105,-1.07153285,5.63773963,3.81487632,-5.80694831,-3.1922815,13.42975908,7.88730311,-0.61329824,3.77051186,7.39012008,-3.07880872,2.63836073,3.05572511,0.0,5.31863023,7.38450881
1760624809.295,8.72439853,0.44954473,-0.7006175,0.03677945,0.95563023,0.01339853,80.0,-7.0,0.0,80.0,1.3962634,0.0,0.0,0.0,80.0,-7.0,0.0,80.0,1.3962634,0.0,0.0,0.0,-10.66977915,-1.0814266,5.60055079,3.877511,-5.83179759,-3.13742486,13.47980398,7.69094196,-0.55280176,3.6162619,7.46301523,-3.09048679,2.61409027,2.95651066,0.0,5.37629387,7.39988933
1760624809.329,9.22318262,0.35056428,-0.4606568,0.03713148,0.95664081,0.01331864,80.0,-7.0,0.0,80.0,1.3962634,0.0,0.0,0.0,80.0,-7.0,0.0,80.0,1.3962634,0.0,0.0,0.0,-11.1875821,-0.97691403,5.3818599,3.91114814,-5.86624111,-3.10110352,13.41858725,7.5286252,-0.33861193,3.46206464,7.48780071,-3.07973394,2.57109517,2.92006674,0.0,5.41568498,7.36398876
1760624809.362,9.21398096,0.33248937,-0.3349141,0.03781914,0.9568913,0.01308593,80.0,-7.0,0.0,80.0,1.3962634,0.0,0.0,0.0,80.0,-7.0,0.0,80.0,1.3962634,0.0,0.0,0.0,-11.13941895,-0.98141551,5.25944894,3.87372054,-5.87610931,-3.01684004,13.25021657,7.33807773,0.15475013,3.14407268,7.4647567,-3.07859431,2.57248936,2.94692507,0.0,5.58075664,7.37259996
1760624809.396,9.2416295,0.3223144,-0.29128902,0.03813094,0.95704449,0.01295954,80.0,-7.0,0.0,80.0,1.3962634,0.0,0.0,0.0,80.0,-7.0,0.0,80.0,1.3962634,0.0,0.0,0.0,-11.12594797,-0.98375924,5.24724656,3.76654694,-5.90199562,-3.00420719,13.4474208,7.191175,0.49377688,2.68762704,7.38000683,-3.07619439,2.54261251,3.33143396,0.0,5.76285456,7.4415325
1760624809.429,9.28881484,0.31860258,-0.22525764,0.03783234,0.95737358,0.01245543,80.0,-7.0,0.0,80.0,1.3962634,0.0,0.0,0.0,80.0,-7.0,0.0,80.0,1.3962634,0.0,0.0,0.0,-11.1245369,-0.97387118,5.26266164,3.56834561,-5.93823808,-3.23556147,13.91654676,7.14066344,1.10518263,1.97741368,7.10335821,-3.08701289,2.42327961,4.46012328,0.0,5.89932517,7.4495141
1760624809.496,9.33415955,0.24882667,0.01642573,0.03364661,0.95642081,0.01212668,80.0,-7.0,0.0,80.0,1.3962634,0.0,0.0,0.0,80.0,-7.0,0.0,80.0,1.3962634,0.0,0.0,0.0,-11.03058481,-0.8481367,5.30630897,2.43543453,-5.88206575,-5.23579806,17.33173787,9.21558791,3.61672987,-0.94739104,5.79758929,-3.35860531,1.78079279,10.36091309,0.0,6.37839461,7.69330229
1760624809.53,9.31456284,0.16590112,0.20944907,0.03020933,0.95526387,0.01218713,80.0,-7.0,0.0,80.0,1.3962634,0.0,0.0,0.0,80.0,-7.0,0.0,80.0,1.3962634,0.0,0.0,0.0,-10.95831729,-0.68681815,5.30492639,1.58372191,-5.82684335,-6.78281029,20.13447731,11.35128685,4.96687808,-2.54249143,5.087694,-3.65205431,1.62113865,14.1310663,0.0,6.56023331,8.0241931
1760624809.563,9.20415037,0.07348421,0.45374802,0.02507109,0.9531187,0.01231509,80.0,-7.0,0.0,80.0,1.3962634,0.0,0.0,0.0,80.0,-7.0,0.0,80.0,1.3962634,0.0,0.0,0.0,-10.76601323,-0.52538132,5.34941042,0.25189929,-5.78882799,-8.82570819,24.26025766,14.54945599,7.37015728,-4.7582842,4.22026528,-4.21996166,1.56728119,19.87721026,0.0,6.81382076,8.61160505
1760624809.597,9.21915301,0.08453376,0.61269015,0.02213489,0.95170493,0.0126018,80.0,-7.0,0.0,80.0,1.3962634,0.0,0.0,0.0,80.0,-7.0,0.0,80.0,1.3962634,0.0,0.0,0.0,-10.69324029,-0.51821466,5.45565199,-0.78171893,-5.79596134,-10.0180205,27.19135945,16.92977083,9.93915793,-6.67810049,3.67007685,-4.5887066,1.42942292,24.72161085,0.0,7.02424878,9.13379414
1760624809.63,8.90759129,-0.05445942,0.92716797,0.01634935,0.94931881,0.01326218,80.0,-7.0,0.0,80.0,1.3962634,0.0,0.0,0.0,80.0,-7.0,0.0,80.0,1.3962634,0.0,0.0,0.0,-10.28957455,-0.34194552,5.42066031,-1.79614275,-5.77455597,-11.15289251,30.1429413,19.8038792,12.67893079,-9.03475348,3.21186449,-4.94839734,1.35355384,29.90588324,0.0,7.29394318,9.68707021
1760624809.664,8.72558202,-0.01853414,1.2029373,0.01064773,0.94598232,0.01315421,80.0,-7.0,0.0,80.0,1.3962634,0.0,0.0,0.0,80.0,-7.0,0.0,80.0,1.3962634,0.0,0.0,0.0,-9.83365648,-0.43994126,5.50717443,-3.11390467,-5.58761144,-12.54960415,33.9796694,24.3235541,16.69521637,-12.722945,2.53666689,-5.20432704,0.95502888,37.30459071,1.08933775,7.52904802,10.30035038
1760624809.698,8.90158657,-0.05465518,1.34732073,0.00544605,0.94572522,0.01308186,80.0,-7.0,0.0,80.0,1.3962634,0.0,0.0,0.0,80.0,-7.0,0.0,80.0,1.3962634,0.0,0.0,0.0,-9.95186657,-0.41968,5.45543195,-3.93366935,-5.62577282,-13.34978979,38.24840073,27.98951208,18.59981376,-15.34622541,2.39942587,-5.19209255,0.61462566,43.20483334,1.50476029,7.73646437,10.935395
1760624809.73,9.22538404,-0.12481267,1.4092833,0.00422009,0.94799424,0.01382147,80.0,-7.0,0.0,80.0,1.3962634,0.0,0.0,0.0,80.0,-7.0,0.0,80.0,1.3962634,0.0,0.0,0.0,-10.23753158,-0.45406143,5.20736969,-4.75348988,-5.74103726,-14.20896964,44.08454053,31.53392711,19.60495816,-17.10660588,2.46945822,-5.25450413,0.29088549,49.29062276,1.73068683,7.9565849,11.45294599
1760624809.764,9.46924963,-0.15264144,1.42482295,0.00546388,0.94702807,0.01436209,80.0,-7.0,0.0,80.0,1.3962634,0.0,0.0,0.0,80.0,-7.0,0.0,80.0,1.3962634,0.0,0.0,0.0,-10.39100547,-0.74916521,4.81109561,-5.88146959,-5.84088504,-15.26020299,51.16142385,36.18164006,22.12250661,-19.1274831,2.47677233,-5.40660308,-0.10163203,57.77033976,2.20952421,8.42814521,12.1299408
1760624809.797,9.09496987,-0.23560948,2.16502062,0.00335815,0.9453027,0.01549774,80.0,-7.0,0.0,80.0,1.3962634,0.0,0.0,0.0,80.0,-7.0,0.0,80.0,1.3962634,0.0,0.0,0.0,-9.93744514,-0.97103202,3.52641928,-6.70015374,-5.88003905,-15.46054155,57.1275191,39.16954302,23.36223287,-20.2963247,2.40635132,-5.76810034,-0.5257112,64.42901946,2.36872332,8.87124978,12.79411341
1760624809.831,9.55482113,-0.17891758,2.1886168,0.00808863,0.94242392,0.01514422,80.0,-7.0,0.0,80.0,1.3962634,0.0,0.0,0.0,80.0,-7.0,0.0,80.0,1.3962634,0.0,0.0,0.0,-10.43428127,-1.24698597,3.36483312,-7.30986083,-5.88248289,-15.95574569,66.65289183,41.45961136,21.22247302,-19.40602989,2.42719324,-6.01149525,-0.32928385,71.20016695,2.71090836,9.58433742,13.56212977
1760624809.864,9.75951773,-0.08780205,2.08260466,0.01830196,0.94178111,0.01553464,80.0,-7.0,0.0,80.0,1.3962634,0.0,0.0,0.0,80.0,-7.0,0.0,80.0,1.3962634,0.0,0.0,0.0,-10.78863993,-1.6804618,3.09862038,-7.68198966,-5.9517457,-16.18480081,77.08540899,44.67967509,19.89823891,-18.61945116,2.71510849,-6.50411512,0.02939806,80.20894098,3.13134239,10.52203601,14.60583513
1760624809.931,8.6325971,-0.09339878,1.96205959,0.02926047,0.95330884,0.01687635,80.0,-7.0,0.0,80.0,1.3962634,0.0,0.0,0.0,80.0,-7.0,0.0,80.0,1.3962634,0.0,0.0,0.0,-9.11721679,-1.54509192,3.04947919,-8.51560574,-6.34818771,-16.55528216,93.28442702,48.12775992,17.49165321,-16.07364429,2.50226619,-6.83030364,1.4167002,94.00249599,2.91442944,11.7966592,15.76218895
1760624809.964,7.98023225,0.16451579,1.54276566,0.03116554,0.95937174,0.0141567,80.0,-7.0,0.0,80.0,1.3962634,0.0,0.0,0.0,80.0,-7.0,0.0,80.0,1.3962634,0.0,0.0,0.0,-7.99278218,-1.766524,3.37407212,-8.70217889,-6.39189455,-16.2995675,101.0542998,50.96716203,17.58471907,-15.38498208,2.38479491,-7.4500783,2.26993879,102.66433796,2.50487654,12.89013136,16.42452238
1760624809.998,8.3327169,0.3659519,0.12950595,0.04073349,0.96174904,0.01260464,80.0,-7.0,0.0,80.0,1.3962634,0.0,0.0,0.0,80.0,-7.0,0.0,80.0,1.3962634,0.0,0.0,0.0,-8.22566834,-2.15388396,4.8857958,-8.52533397,-6.12957107,-16.03244196,107.71875896,52.45700222,17.01336545,-13.91370221,2.73692189,-7.95103145,3.18748142,108.34396678,2.41248776,13.75033934,16.93737895
1760624810.031,9.30435078,0.14483547,0.19280216,0.05257991,0.96623721,0.01432669,80.0,-7.0,0.0,80.0,1.3962634,0.0,0.0,0.0,80.0,-7.0,0.0,80.0,1.3962634,0.0,0.0,0.0,-9.55692277,-1.89904129,4.91933222,-8.02218961,-5.895164,-15.85830361,114.88500746,54.03225865,16.14276822,-11.54150182,3.60807497,-8.32528925,4.08963609,113.19027038,2.53262542,14.73722198,17.52727524
1760624810.065,10.10911859,0.31887483,-0.05617894,0.06051015,0.97042626,0.0111399,80.0,-7.0,0.0,80.0,1.3962634,0.0,0.0,0.0,80.0,-7.0,0.0,80.0,1.3962634,0.0,0.0,0.0,-10.79128114,-2.10101722,5.03499569,-7.46820721,-5.73067691,-15.5369135,119.03939646,57.1609436,18.87361473,-11.61183869,4.71692736,-9.11199194,4.85155575,119.03880122,2.17454883,15.9773807,17.66747054
1760624810.098,11.79686145,-0.13005146,-0.29124611,0.07730374,0.97544739,0.01465095,80.0,-7.0,0.0,80.0,1.3962634,0.0,0.0,0.0,80.0,-7.0,0.0,80.0,1.3962634,0.0,0.0,0.0,-13.32381033,-1.58325697,4.94917445,-6.57957698,-5.76223277,-14.92982477,122.16668971,58.96381711,21.60631447,-11.56728112,6.27669418,-9.59232102,5.02170396,122.58425953,1.8083417,17.5295247,18.10122593
1760624810.132,14.14717245,-0.32510991,-0.22745349,0.10141834,0.97925824,0.01620035,80.0,-7.0,0.0,80.0,1.3962634,0.0,0.0,0.0,80.0,-7.0,0.0,80.0,1.3962634,0.0,0.0,0.0,-17.06142215,-1.68696083,4.86407603,-5.07300628,-5.59639257,-14.91019448,124.40592162,62.00203916,26.35177892,-12.83691489,8.35757103,-11.02339687,5.3486551,127.5758175,0.36419355,20.15415535,19.97339328
1760624810.165,15.71843884,-0.59885498,-0.03814118,0.11800619,0.98309046,0.01820626,80.0,-7.0,0.0,80.0,1.3962634,0.0,0.0,0.0,80.0,-7.0,0.0,80.0,1.3962634,0.0,0.0,0.0,-19.52020272,-1.5021571,4.76730321,-4.1189915,-5.79740409,-15.03954736,125.45592369,64.0352196,30.30934283,-14.36281963,9.86189985,-11.83590403,5.70508855,130.83409728,0.0,22.48846461,21.61298923
1760624810.199,15.53998588,-0.61196591,0.0498504,0.11637628,0.98896017,0.01739766,80.0,-7.0,0.0,80.0,1.3962634,0.0,0.0,0.0,80.0,-7.0,0.0,80.0,1.3962634,0.0,0.0,0.0,-19.35978701,-1.26776453,4.85644364,-3.98114268,-6.3154171,-15.22121455,127.31286695,65.51326461,33.90112431,-15.30502491,10.50131986,-12.2223941,6.05002877,133.36423778,0.0,26.05658535,24.52153299
1760624810.232,14.83542183,-0.43615971,0.03262188,0.10926496,0.99063517,0.01668131,80.0,-7.0,0.0,80.0,1.3962634,0.0,0.0,0.0,80.0,-7.0,0.0,80.0,1.3962634,0.0,0.0,0.0,-18.48551626,-1.33280772,4.93202163,-3.79799969,-6.81561568,-15.39184357,129.20869257,68.74863834,35.48349439,-16.20714325,11.5723593,-12.61784531,5.80924351,134.57198756,0.0,30.28343394,28.52838764
1760624810.266,14.1514381,-0.28720456,-0.086636,0.10726779,0.99205861,0.01749284,80.0,-7.0,0.0,80.0,1.3962634,0.0,0.0,0.0,80.0,-7.0,0.0,80.0,1.3962634,0.0,0.0,0.0,-17.51790969,-1.38748192,5.30105737,-3.71868742,-7.04831773,-15.61670846,129.02786545,71.29856741,36.45833484,-17.56391174,12.32473162,-12.48092567,5.77084118,134.07231923,0.58850403,31.63285098,29.29997571
1760624810.299,13.36985758,-0.11977795,-0.34446783,0.10254105,0.9920448,0.01787619,80.0,-7.0,0.0,80.0,1.3962634,0.0,0.0,0.0,80.0,-7.0,0.0,80.0,1.3962634,0.0,0.0,0.0,-16.31809324,-1.62060153,5.63965165,-3.83227211,-7.0368391,-15.28905655,130.50530864,71.07013686,36.58793143,-16.53033192,12.45352072,-12.33835275,5.93540446,133.50889172,1.33861893,31.86231719,28.71165805
1760624810.332,12.98003101,-0.08013052,-0.44851358,0.09898504,0.99119899,0.0191075,80.0,-7.0,0.0,80.0,1.3962634,0.0,0.0,0.0,80.0,-7.0,0.0,80.0,1.3962634,0.0,0.0,0.0,-15.66662931,-1.65791933,5.76810841,-3.69977757,-6.87189543,-14.17332673,131.38779627,71.48088383,35.61516526,-15.41332035,12.2590328,-12.24357663,6.14207013,133.51071335,0.87531505,31.2005854,27.3316491
1760624810.366,12.58585356,-0.07907793,-0.57108768,0.09689959,0.98982657,0.02061909,80.0,-7.0,0.0,80.0,1.3962634,0.0,0.0,0.0,80.0,-7.0,0.0,80.0,1.3962634,0.0,0.0,0.0,-15.09123859,-1.69659671,5.82967323,-3.59159201,-6.53467034,-13.33249457,131.66439313,71.22089448,34.33545968,-14.26234604,11.71758685,-11.96453096,6.10413977,133.38376831,0.96688937,30.76217035,26.75662176
1760624810.399,12.18904089,-0.03776636,-0.63842805,0.09442499,0.98950581,0.02121619,80.0,-7.0,0.0,80.0,1.3962634,0.0,0.0,0.0,80.0,-7.0,0.0,80.0,1.3962634,0.0,0.0,0.0,-14.54715604,-1.71069379,5.96785154,-3.59179893,-6.08495634,-12.77818534,131.36362226,70.47458295,32.93035424,-13.59146361,11.17891262,-11.62259647,5.89540368,132.96407239,1.346867,29.89937354,26.11698155
1760624810.433,11.94809472,0.03566081,-0.7400571,0.09160463,0.99049804,0.01950184,80.0,-7.0,0.0,80.0,1.3962634,0.0,0.0,0.0,80.0,-7.0,0.0,80.0,1.3962634,0.0,0.0,0.0,-14.25926501,-1.69892441,6.15275639,-3.57366132,-5.59987109,-12.48649822,130.54235197,69.24982146,31.27788672,-13.0970742,10.39459644,-11.09273495,5.51634915,132.22460647,0.88815088,28.35152025,25.11008871
1760624810.466,11.45181133,0.11063046,-0.99701362,0.08913626,0.99055854,0.01917194,80.0,-7.0,0.0,80.0,1.3962634,0.0,0.0,0.0,80.0,-7.0,0.0,80.0,1.3962634,0.0,0.0,0.0,-13.76687149,-1.66720547,6.45659109,-3.41121661,-5.46612275,-12.48429147,129.42418262,68.44785171,29.79024582,-12.88547625,9.68897254,-10.53075736,5.07435964,131.01857091,0.93075065,27.21384777,24.50706666
1760624810.5,11.08161173,0.23965322,-2.56414467,0.08692677,0.99200589,0.0209865,80.0,-7.0,0.0,80.0,1.3962634,0.0,0.0,0.0,80.0,-7.0,0.0,80.0,1.3962634,0.0,0.0,0.0,-13.21296317,-1.92457164,8.00696501,-3.40603044,-5.56545246,-12.43668742,127.76096511,67.7589841,28.18604278,-13.16745844,8.9556432,-10.22856732,4.37198457,129.37517981,0.61856396,25.56961462,23.51967973
1760624810.533,10.88015801,0.29123551,-2.54468813,0.08581613,0.99236015,0.02109763,80.0,-7.0,0.0,80.0,1.3962634,0.0,0.0,0.0,80.0,-7.0,0.0,80.0,1.3962634,0.0,0.0,0.0,-12.94216431,-1.83701154,8.08565578,-3.46265262,-5.7595383,-12.64449803,126.12491154,65.45990177,25.82067927,-12.59904864,8.12263188,-9.73194628,3.67031015,126.21662393,0.25493346,23.90211896,22.66116587
1760624810.567,10.61952006,0.36076606,-2.56545231,0.08437366,0.99373187,0.02043138,80.0,-7.0,0.0,80.0,1.3962634,0.0,0.0,0.0,80.0,-7.0,0.0,80.0,1.3962634,0.0,0.0,0.0,-12.60782328,-1.76752737,8.18287513,-3.43602816,-5.82197274,-12.79466809,124.96637535,63.6009046,23.27184534,-11.8008001,7.43116805,-9.09137763,3.2125298,123.06494043,0.89866335,22.82159239,21.94472777
1760624810.6,10.32641091,0.36548039,-2.60295476,0.08268622,0.99580416,0.02047444,80.0,-7.0,0.0,80.0,1.3962634,0.0,0.0,0.0,80.0,-7.0,0.0,80.0,1.3962634,0.0,0.0,0.0,-12.22879528,-1.58715459,8.30007878,-3.49673066,-5.82780322,-12.64421832,123.78842268,61.6303974,20.12070918,-11.1227614,6.91660853,-8.49749358,2.54677545,119.50441828,0.82701177,21.50148248,20.86926695
1760624810.634,9.63123275,0.11543531,-2.70316238,0.07925852,0.99974287,0.02100968,80.0,-7.0,0.0,80.0,1.3962634,0.0,0.0,0.0,80.0,-7.0,0.0,80.0,1.3962634,0.0,0.0,0.0,-11.41502225,-0.91217281,8.56361699,-3.43052748,-5.87685291,-12.28738213,121.80122879,58.75826925,16.04917703,-10.5007144,6.32006549,-7.16766086,1.86563429,113.82246755,0.6143894,20.02210561,19.9136594
1760624810.667,10.32015664,0.02703161,-2.77173688,0.09059913,1.00237859,0.02164163,80.0,-7.0,0.0,80.0,1.3962634,0.0,0.0,0.0,80.0,-7.0,0.0,80.0,1.3962634,0.0,0.0,0.0,-12.72653303,-0.76184813,8.60640074,-2.58583782,-5.82190301,-11.70047904,119.74563108,56.07065234,12.96193819,-10.80327709,6.58873965,-5.81003182,1.64338124,109.50123347,0.0,18.78966931,18.65755611
1760624810.7,10.84433668,-0.0508693,-2.9189855,0.09464874,0.99944362,0.02186128,80.0,-7.0,0.0,80.0,1.3962634,0.0,0.0,0.0,80.0,-7.0,0.0,80.0,1.3962634,0.0,0.0,0.0,-13.42883547,-0.81925803,8.42103409,-2.26178498,-5.59098855,-10.99628826,117.39115475,53.8371648,10.42699497,-11.28795943,6.47690714,-4.76300927,0.9567902,104.64055354,0.0,18.2623178,17.72448503
1760624810.734,10.09889785,-0.04459191,-3.03148914,0.0841863,0.99583078,0.02108455,80.0,-7.0,0.0,80.0,1.3962634,0.0,0.0,0.0,80.0,-7.0,0.0,80.0,1.3962634,0.0,0.0,0.0,-12.39872048,-0.70211727,8.32730342,-2.52227698,-5.83467185,-10.4706769,114.88976249,50.92648146,5.87332923,-11.39713588,5.95445099,-2.86531568,0.30882136,97.99559684,0.0,17.4097436,16.58685231
1760624810.767,7.11708392,-0.04810352,-3.03315267,0.05098506,0.98667394,0.02033342,80.0,-7.0,0.0,80.0,1.3962634,0.0,0.0,0.0,80.0,-7.0,0.0,80.0,1.3962634,0.0,0.0,0.0,-7.84322483,-0.38806252,8.45694292,-3.94838512,-6.16118321,-10.21057639,110.61917486,47.52097165,4.16216473,-13.27709865,4.16100654,-2.09494228,-0.11354848,92.93568545,0.0,17.04438574,15.72857089
1760624810.801,6.52975636,-0.09961327,-3.0584697,0.04153621,0.99054188,0.01945177,80.0,-7.0,0.0,80.0,1.3962634,0.0,0.0,0.0,80.0,-7.0,0.0,80.0,1.3962634,0.0,0.0,0.0,-6.86977314,-0.15703979,8.43198052,-3.87144318,-6.91223042,-9.42208084,104.64476612,44.88258304,3.723996,-15.58029912,4.20016585,-2.31265416,-0.93060064,86.98201703,0.0,17.17393317,15.39803333
1760624810.834,5.89811752,-0.29293924,-2.93569017,0.03298848,0.99356854,0.02035152,80.0,-7.0,0.0,80.0,1.3962634,0.0,0.0,0.0,80.0,-7.0,0.0,80.0,1.3962634,0.0,0.0,0.0,-6.08143291,0.24251091,8.16123667,-3.1018056,-7.68035219,-7.62416353,96.65543224,39.96236846,1.95731436,-18.90052337,4.52125336,-0.35060887,-1.80357246,79.60617629,0.0,16.52233269,14.0413209
1760624810.868,5.71240892,-0.39296198,-2.68216285,0.02268585,0.99036733,0.01831791,80.0,-7.0,0.0,80.0,1.3962634,0.0,0.0,0.0,80.0,-7.0,0.0,80.0,1.3962634,0.0,0.0,0.0,-5.61320182,0.11560784,8.28959628,-2.62629033,-7.91721425,-7.03844897,88.92327606,36.17705623,3.45386801,-21.26592697,4.53398477,-0.22341512,-2.07484148,73.96627754,0.0,16.64426142,13.16835444
1760624810.935,5.2830946,-1.11957252,-2.48902298,0.02151139,0.98709158,0.02160595,80.0,-7.0,0.0,80.0,1.3962634,0.0,0.0,0.0,80.0,-7.0,0.0,80.0,1.3962634,0.0,0.0,0.0,-5.44387132,0.60297884,7.77752921,-0.77376033,-8.88979504,-4.43288076,62.88898976,27.78959196,13.97155933,-24.99999983,5.87617344,0.3113567,-4.04026992,60.97942141,0.0,16.3131575,10.95243049
1760624810.968,5.33992194,-1.19801575,-0.05265113,0.02653542,0.99433473,0.01723295,80.0,-7.0,0.0,80.0,1.3962634,0.0,0.0,0.0,80.0,-7.0,0.0,80.0,1.3962634,0.0,0.0,0.0,-5.55055651,0.97878513,5.42290687,-0.24235698,-9.00151984,-3.58164987,55.23577435,24.17085207,16.68045314,-24.99999983,6.24214878,-0.491511,-4.22306297,55.6738449,0.0,16.6219235,10.93274954
1760624811.001,6.41781439,-1.18662956,0.2947963,0.03778734,0.98655638,0.01755275,80.0,-7.0,0.0,80.0,1.3962634,0.0,0.0,0.0,80.0,-7.0,0.0,80.0,1.3962634,0.0,0.0,0.0,-7.17341743,0.52921613,5.2357687,0.71485514,-8.66852874,-2.68021092,42.55953885,20.73734817,24.20447622,-24.99999983,7.21341919,-2.06618508,-3.79490863,49.46399748,0.0,16.93440041,11.0211703
1760624811.035,7.22364282,-1.08443079,0.72587618,0.0472807,0.98323925,0.01614536,80.0,-7.0,0.0,80.0,1.3962634,0.0,0.0,0.0,80.0,-7.0,0.0,80.0,1.3962634,0.0,0.0,0.0,-8.47501194,0.35317922,5.19611803,1.21747613,-8.17220691,-2.60897163,33.58134561,17.13629091,27.77482319,-23.36310736,7.83838487,-1.52122102,-3.91376721,43.05214569,0.0,16.71604736,10.28623303
1760624811.068,7.10834145,-0.79871521,0.98359567,0.04709403,0.97703996,0.0145375,80.0,-7.0,0.0,80.0,1.3962634,0.0,0.0,0.0,80.0,-7.0,0.0,80.0,1.3962634,0.0,0.0,0.0,-8.4611412,0.13365507,5.4046998,1.30353009,-8.01528731,-2.65404007,23.82259294,14.0821922,33.84694494,-20.82799279,7.66782822,-2.35406384,-2.85092349,37.95744216,0.0,17.26167554,10.29298097
1760624811.102,7.48462263,-0.48936433,0.89433568,0.05039615,0.9748807,0.01238366,80.0,-7.0,0.0,80.0,1.3962634,0.0,0.0,0.0,80.0,-7.0,0.0,80.0,1.3962634,0.0,0.0,0.0,-9.19470892,0.0985686,5.48337995,1.53040369,-7.9915952,-2.64689881,15.77896281,10.97025817,36.77029718,-16.44468963,8.44602812,-2.60154207,-2.11732658,30.61607915,0.0,17.38814812,10.2692538
1760624811.135,7.58564689,-0.28880402,0.8230146,0.05042634,0.97265819,0.01169982,80.0,-7.0,0.0,80.0,1.3962634,0.0,0.0,0.0,80.0,-7.0,0.0,80.0,1.3962634,0.0,0.0,0.0,-9.46331347,0.13059611,5.54276649,1.78511541,-7.96788312,-2.49738493,13.39415425,8.62055841,34.95913819,-13.2212032,8.93179777,-2.39929278,-1.45805357,25.02021644,0.0,17.51040686,10.222359
1760624811.169,7.50087794,-0.11618625,0.82740399,0.04600008,0.96887662,0.01083703,80.0,-7.0,0.0,80.0,1.3962634,0.0,0.0,0.0,80.0,-7.0,0.0,80.0,1.3962634,0.0,0.0,0.0,-9.38463836,0.22605997,5.75317469,1.9885179,-8.06397046,-2.21774919,13.55474724,6.35084848,30.46461996,-10.61091826,9.06126585,-2.29204681,-0.05042928,19.28829463,0.0,17.6388202,9.98540653
1760624811.202,7.64169782,-0.01650143,0.68255504,0.04740514,0.96564628,0.01019736,80.0,-7.0,0.0,80.0,1.3962634,0.0,0.0,0.0,80.0,-7.0,0.0,80.0,1.3962634,0.0,0.0,0.0,-9.74065824,0.305111,5.72710003,2.55006126,-7.97826378,-1.46153062,12.10166169,4.59050672,26.31694902,-7.53172544,9.62352491,-2.11343155,1.41735645,11.98349598,0.0,17.35921715,9.65557377
1760624811.236,7.81662614,0.16528106,0.57095996,0.04631586,0.96186422,0.00991326,80.0,-7.0,0.0,80.0,1.3962634,0.0,0.0,0.0,80.0,-7.0,0.0,80.0,1.3962634,0.0,0.0,0.0,-10.01313307,0.29589163,5.70220734,2.59556059,-7.87677109,-1.3919908,12.03482142,4.02601829,22.90698061,-5.62709129,9.67197205,-1.74112446,1.90732346,7.63426522,0.0,17.18888173,9.52217571
1760624811.269,7.92359764,0.26842537,0.49857925,0.04535302,0.95719671,0.0101915,80.0,-7.0,0.0,80.0,1.3962634,0.0,0.0,0.0,80.0,-7.0,0.0,80.0,1.3962634,0.0,0.0,0.0,-10.18865768,0.14523143,5.64470644,2.43361189,-7.55588584,-1.7943166,12.28368684,4.04101946,20.22625461,-4.27972629,9.31739791,-1.64425921,1.94846644,4.77627944,0.0,16.97885205,9.38563893
1760624811.303,8.05036086,0.27381823,0.38853027,0.04586778,0.95354656,0.01168116,80.0,-7.0,0.0,80.0,1.3962634,0.0,0.0,0.0,80.0,-7.0,0.0,80.0,1.3962634,0.0,0.0,0.0,-10.44650084,0.00904407,5.42833842,2.13436922,-6.91823515,-2.93615102,13.14550364,4.6842062,17.59461074,-3.3905689,8.41526745,-1.85888801,1.01812093,3.33290333,0.0,16.76326568,9.61549522
1760624811.336,8.11434908,0.37874156,0.31446627,0.04411349,0.95159152,0.01276859,80.0,-7.0,0.0,80.0,1.3962634,0.0,0.0,0.0,80.0,-7.0,0.0,80.0,1.3962634,0.0,0.0,0.0,-10.60195164,-0.14562596,5.23208037,1.73495931,-6.59510924,-4.52968329,14.67508342,6.02124069,15.44079052,-2.90163439,7.77960779,-2.14274747,0.13221255,3.11274482,0.0,16.70162236,10.16558124
1760624811.369,8.11677803,0.50943959,0.26496296,0.04186979,0.95070664,0.01318465,80.0,-7.0,0.0,80.0,1.3962634,0.0,0.0,0.0,80.0,-7.0,0.0,80.0,1.3962634,0.0,0.0,0.0,-10.67036986,-0.32702354,5.09927847,1.38748267,-6.26892395,-5.77743324,16.71981147,7.25353379,12.9788097,-2.59015153,7.34908437,-2.49073528,-0.61989297,3.02264028,0.0,16.6649548,10.82643779
1760624811.403,8.11777732,0.57122346,0.21853019,0.04090293,0.95196235,0.01439596,80.0,-7.0,0.0,80.0,1.3962634,0.0,0.0,0.0,80.0,-7.0,0.0,80.0,1.3962634,0.0,0.0,0.0,-10.80028809,-0.36649342,4.9885827,1.14910193,-6.1568121,-6.56077877,18.01481816,8.03899325,11.14234449,-2.26341262,7.41415869,-2.7956243,-1.3556599,2.51800071,0.0,16.70055886,11.27090052
1760624811.436,8.13065041,0.5696984,0.21651873,0.04038881,0.95215204,0.01494385,80.0,-7.0,0.0,80.0,1.3962634,0.0,0.0,0.0,80.0,-7.0,0.0,80.0,1.3962634,0.0,0.0,0.0,-10.86511586,-0.44253521,4.90958263,1.07317726,-6.09595572,-6.8836091,18.69716734,8.28920725,10.00414103,-2.21809146,7.6404968,-3.1111524,-1.87617803,2.11366438,0.0,16.67069756,11.26209565
1760624811.47,8.12000011,0.59153556,0.22451273,0.03939375,0.95245437,0.01492717,80.0,-7.0,0.0,80.0,1.3962634,0.0,0.0,0.0,80.0,-7.0,0.0,80.0,1.3962634,0.0,0.0,0.0,-10.85002098,-0.40370221,4.90920091,1.02623306,-6.28364906,-7.14127933,18.53810802,8.4517985,9.86066017,-2.1843689,7.83492619,-3.32746035,-2.1741444,1.7436815,0.0,16.66937794,11.27658749
1760624811.503,7.95116504,0.56513533,0.27344312,0.03727989,0.95214873,0.01453837,80.0,-7.0,0.0,80.0,1.3962634,0.0,0.0,0.0,80.0,-7.0,0.0,80.0,1.3962634,0.0,0.0,0.0,-10.65064857,-0.30776868,4.89654975,0.968807,-6.58592307,-7.58473202,19.04656922,8.88553522,9.47936313,-2.15327228,8.0603735,-3.60788765,-2.19342008,1.32458535,0.0,16.78504966,11.41890054
1760624811.537,7.76256687,0.53222452,0.3037186,0.03685781,0.95252571,0.01491173,80.0,-7.0,0.0,80.0,1.3962634,0.0,0.0,0.0,80.0,-7.0,0.0,80.0,1.3962634,0.0,0.0,0.0,-10.39003176,-0.22854503,4.85685586,0.93965068,-6.79732615,-7.7263561,18.83239897,9.10274527,9.98383945,-2.1633829,8.19927277,-3.77448375,-2.24149093,1.16371122,0.0,16.7867299,11.42253209
1760624811.57,7.75334035,0.52655794,0.28727921,0.03649105,0.95229134,0.01492669,80.0,-7.0,0.0,80.0,1.3962634,0.0,0.0,0.0,80.0,-7.0,0.0,80.0,1.3962634,0.0,0.0,0.0,-10.33819276,-0.25215877,4.82655995,1.0337787,-6.92731343,-7.63655166,18.92494935,9.14109641,10.23826902,-2.26880773,8.35009441,-3.94983352,-2.3578613,1.10534622,0.0,16.7879638,11.38331479
1760624811.637,7.58896878,0.62807648,0.30707892,0.03584863,0.95192177,0.01411862,80.0,-7.0,0.0,80.0,1.3962634,0.0,0.0,0.0,80.0,-7.0,0.0,80.0,1.3962634,0.0,0.0,0.0,-9.96236231,-0.34709395,4.86775603,1.24435382,-7.02830094,-6.39691593,16.93976057,8.12806942,13.35145989,-3.06670928,8.54365072,-3.93709875,-2.41745391,1.32367708,0.0,16.8431393,11.22959909
1760624811.67,7.6371501,0.63967572,0.31014962,0.03635776,0.95159161,0.01404556,80.0,-7.0,0.0,80.0,1.3962634,0.0,0.0,0.0,80.0,-7.0,0.0,80.0,1.3962634,0.0,0.0,0.0,-9.88867393,-0.38119884,4.93084417,1.2402505,-6.91208283,-5.89195505,16.43644359,7.89283612,15.01096348,-3.79763643,8.53476018,-3.82235138,-2.58555514,1.87753656,0.0,16.81946116,10.97457117
1760624811.704,7.62391563,0.62843994,0.3372546,0.03639295,0.95164314,0.01357189,80.0,-7.0,0.0,80.0,1.3962634,0.0,0.0,0.0,80.0,-7.0,0.0,80.0,1.3962634,0.0,0.0,0.0,-9.64084048,-0.35017784,5.03777877,1.11451956,-6.73283999,-5.73479528,16.2872968,8.19027953,17.51366013,-5.1109821,8.45319993,-3.59223878,-2.76620315,3.00703457,0.0,16.72507066,10.66761289
1760624811.737,7.59127979,0.63570361,0.35866977,0.03598155,0.95134534,0.01246252,80.0,-7.0,0.0,80.0,1.3962634,0.0,0.0,0.0,80.0,-7.0,0.0,80.0,1.3962634,0.0,0.0,0.0,-9.41602116,-0.33270191,5.14075727,1.05592244,-6.61771308,-5.64503096,16.22693887,8.48340115,19.69525181,-6.44281664,8.24570764,-3.22913855,-2.91475778,4.56938019,0.0,16.57152006,10.04884158
1760624811.771,7.54206062,0.69421324,0.37499385,0.03414424,0.95093962,0.01198242,80.0,-7.0,0.0,80.0,1.3962634,0.0,0.0,0.0,80.0,-7.0,0.0,80.0,1.3962634,0.0,0.0,0.0,-9.18477553,-0.36953443,5.26850558,0.97101246,-6.50732071,-5.77173238,16.65002911,9.10586823,22.02118718,-8.18336655,7.80376747,-2.80811894,-2.99435347,7.08358847,0.0,16.46063087,9.30089136
1760624811.804,7.23328984,0.76626099,0.41109522,0.03144335,0.94918932,0.01183643,80.0,-7.0,0.0,80.0,1.3962634,0.0,0.0,0.0,80.0,-7.0,0.0,80.0,1.3962634,0.0,0.0,0.0,-8.61261192,-0.47343787,5.46908131,0.71929486,-6.40766673,-6.48274779,17.66053315,10.84280438,25.67037097,-10.78692825,7.08653865,-2.48213092,-3.17746732,11.58542298,0.0,16.47327726,8.93863433
1760624811.838,6.70300393,0.8455742,0.27812827,0.02830642,0.94669138,0.01181728,80.0,-7.0,0.0,80.0,1.3962634,0.0,0.0,0.0,80.0,-7.0,0.0,80.0,1.3962634,0.0,0.0,0.0,-7.87420163,-0.66945194,5.82469766,0.43890043,-6.3740988,-7.0569087,18.75473115,13.07314007,28.41234556,-13.03856326,6.72595652,-2.36365174,-3.07820052,15.30256045,0.0,16.49873605,8.96089047
1760624811.871,6.66286093,0.77916481,0.34516076,0.02454779,0.94554415,0.01259064,80.0,-7.0,0.0,80.0,1.3962634,0.0,0.0,0.0,80.0,-7.0,0.0,80.0,1.3962634,0.0,0.0,0.0,-7.72117811,-0.63767596,5.99338856,0.2047965,-6.51937135,-7.44982454,20.10098163,16.08506024,31.08429991,-15.60097761,6.56781861,-2.232431,-2.66696086,19.29501681,0.0,16.48200904,8.86111419
1760624811.905,6.65619843,0.74906617,0.43342589,0.01909024,0.94469837,0.01371378,80.0,-7.0,0.0,80.0,1.3962634,0.0,0.0,0.0,80.0,-7.0,0.0,80.0,1.3962634,0.0,0.0,0.0,-7.51170377,-0.65996521,6.16640157,-0.14201602,-6.78461078,-7.86426345,21.953336,20.50695796,35.13106143,-19.48971688,6.39363313,-2.05561416,-2.02788378,25.18101258,0.0,16.47861494,8.70310647
1760624811.938,6.99318205,0.70653024,0.46338544,0.01465328,0.94531878,0.01506698,80.0,-7.0,0.0,80.0,1.3962634,0.0,0.0,0.0,80.0,-7.0,0.0,80.0,1.3962634,0.0,0.0,0.0,-7.81857867,-0.66576029,6.26157911,-0.13952107,-7.03997564,-8.20453896,24.46834896,24.07345642,37.16856816,-22.66015191,6.3953413,-1.79789241,-1.84028587,30.18173185,0.0,16.42827001,8.62850644
1760624811.972,7.16378927,0.62835564,0.3824927,0.00700059,0.94458136,0.01663841,80.0,-7.0,0.0,80.0,1.3962634,0.0,0.0,0.0,80.0,-7.0,0.0,80.0,1.3962634,0.0,0.0,0.0,-7.68845864,-0.94713251,6.15167195,-0.22607837,-7.15313851,-8.49795587,30.94486741,27.73232431,37.12518934,-24.99999983,6.08884123,-1.55953571,-2.04819764,37.47155665,0.0,16.31404887,8.58956943
1760624812.005,7.40746575,0.54818307,0.11424347,0.0054799,0.94549339,0.01837728,80.0,-7.0,0.0,80.0,1.3962634,0.0,0.0,0.0,80.0,-7.0,0.0,80.0,1.3962634,0.0,0.0,0.0,-7.76421868,-1.07573921,5.78196919,-0.3234806,-7.34913915,-8.32571947,38.62417193,29.54432815,34.69963218,-24.99999983,6.05576663,-1.26100987,-2.52515556,43.19229396,0.0,16.08387314,8.65403436
1760624812.038,7.62306899,0.43369683,-0.1243026,0.00309576,0.94654948,0.02026388,80.0,-7.0,0.0,80.0,1.3962634,0.0,0.0,0.0,80.0,-7.0,0.0,80.0,1.3962634,0.0,0.0,0.0,-7.93192484,-1.05316952,5.35545011,-0.36719859,-7.39334696,-8.08961217,47.21795593,31.91268936,31.3345266,-24.99999983,6.11175264,-0.90935566,-2.82698646,48.95141918,0.0,15.87530722,8.73876917
1760624812.072,8.09669569,0.11763992,0.09993492,0.00455801,0.94087076,0.02063486,80.0,-7.0,0.0,80.0,1.3962634,0.0,0.0,0.0,80.0,-7.0,0.0,80.0,1.3962634,0.0,0.0,0.0,-8.45313673,-0.83169404,4.86222564,-0.4660964,-7.1087624,-8.13179354,59.06154558,35.51822068,26.69061498,-24.99999983,5.98453781,-0.36671162,-2.31922261,56.77322524,0.0,15.72246274,8.69875857
1760624812.105,8.99335534,0.03910054,0.51632946,0.0143438,0.94070845,0.02117103,80.0,-7.0,0.0,80.0,1.3962634,0.0,0.0,0.0,80.0,-7.0,0.0,80.0,1.3962634,0.0,0.0,0.0,-9.64230789,-0.87407923,4.82777752,-0.25898391,-6.73559106,-8.4158429,68.78861752,38.46602836,22.45549974,-24.99999983,6.0382337,-0.17508261,-1.27449039,62.68626168,0.0,15.67850136,8.88970041
1760624812.139,9.0232907,0.03174236,0.53712734,0.01859392,0.94304795,0.02127166,80.0,-7.0,0.0,80.0,1.3962634,0.0,0.0,0.0,80.0,-7.0,0.0,80.0,1.3962634,0.0,0.0,0.0,-9.63575714,-0.9493461,4.74522648,-0.47884684,-6.68875781,-8.35071373,75.47414189,41.20014683,21.29382752,-24.99999983,5.75185682,0.06329249,-0.62739194,68.74321038,0.0,15.59302687,9.34922396
1760624812.172,9.53537457,0.13066535,0.5942076,0.0262008,0.9477918,0.01944064,80.0,-7.0,0.0,80.0,1.3962634,0.0,0.0,0.0,80.0,-7.0,0.0,80.0,1.3962634,0.0,0.0,0.0,-10.22715148,-1.07622025,4.6665817,-0.66926458,-6.7070541,-8.31832421,83.29857965,45.06146794,20.98156483,-24.99999983,5.44363465,0.09792404,0.57006268,76.84386623,0.0,15.58885754,10.24633267
1760624812.206,9.45844493,0.33108595,0.84228537,0.03141704,0.95686058,0.01769705,80.0,-7.0,0.0,80.0,1.3962634,0.0,0.0,0.0,80.0,-7.0,0.0,80.0,1.3962634,0.0,0.0,0.0,-9.8899001,-1.22330204,5.11900483,-0.97654347,-6.4364865,-8.99219994,94.04566429,46.90937737,16.71639889,-21.57989653,4.79781891,-0.38836099,2.26349207,83.00139413,0.0,15.75333222,11.24294586
1760624812.239,8.68440568,0.44910972,0.32816561,0.03059684,0.96314402,0.01518119,80.0,-7.0,0.0,80.0,1.3962634,0.0,0.0,0.0,80.0,-7.0,0.0,80.0,1.3962634,0.0,0.0,0.0,-8.70724124,-1.21627734,5.62208989,-1.64131947,-6.73500164,-9.17674775,98.57580862,49.48354081,18.00466322,-20.95513506,4.21541366,-0.69413006,3.14200426,89.11658366,0.0,15.96256212,12.25666653
1760624812.272,8.95466013,0.3689464,0.18045318,0.03667649,0.96800171,0.01620044,80.0,-7.0,0.0,80.0,1.3962634,0.0,0.0,0.0,80.0,-7.0,0.0,80.0,1.3962634,0.0,0.0,0.0,-9.05554924,-0.99637009,5.70461564,-1.87546966,-7.11192936,-9.64573996,104.19062096,52.50917618,20.42740652,-19.73862714,4.20565324,-1.25722196,4.11751983,97.00764561,0.0,16.58227687,14.01792682
1760624812.306,9.24138472,0.233903,0.22335282,0.03795017,0.96862005,0.01546054,80.0,-7.0,0.0,80.0,1.3962634,0.0,0.0,0.0,80.0,-7.0,0.0,80.0,1.3962634,0.0,0.0,0.0,-9.21212376,-0.96946261,5.87980343,-2.1576394,-6.96480054,-10.06814557,109.68525805,54.02007814,21.2758875,-17.5821521,4.21924569,-2.37492719,4.87771683,102.49964516,0.0,17.34200563,15.49123806
1760624812.339,9.38617818,0.35893554,0.08409896,0.04182799,0.96811954,0.0107677,80.0,-7.0,0.0,80.0,1.3962634,0.0,0.0,0.0,80.0,-7.0,0.0,80.0,1.3962634,0.0,0.0,0.0,-9.24636075,-1.2618291,6.0244018,-2.5512356,-6.76351451,-10.28051603,114.4150576,55.47880032,22.88276988,-15.67315765,4.44035135,-3.3250228,5.55841451,107.60266486,0.0,18.21746662,16.86269279
1760624812.373,10.41101475,0.42996075,-0.24747485,0.05605038,0.97322871,0.0094851,80.0,-7.0,0.0,80.0,1.3962634,0.0,0.0,0.0,80.0,-7.0,0.0,80.0,1.3962634,0.0,0.0,0.0,-10.77916209,-1.38452968,6.27420154,-2.36525848,-6.70693462,-10.83762747,118.98671705,57.02682937,26.99374175,-13.64639672,5.52065579,-4.13976264,6.5194989,113.98492182,0.0,19.39459283,19.00911063
1760624812.406,12.93654797,0.29190823,-0.43291616,0.08608594,0.98726748,0.01074664,80.0,-7.0,0.0,80.0,1.3962634,0.0,0.0,0.0,80.0,-7.0,0.0,80.0,1.3962634,0.0,0.0,0.0,-14.57716428,-1.17270494,6.32521127,-1.24061691,-6.83899146,-11.09955696,121.16676952,58.57491354,31.16596863,-13.04535822,7.60442201,-4.56586242,7.13535243,117.86459764,0.0,20.51273704,21.22549777
1760624812.44,14.2267216,0.2129983,-0.54427221,0.09739407,0.99294511,0.0119901,80.0,-7.0,0.0,80.0,1.3962634,0.0,0.0,0.0,80.0,-7.0,0.0,80.0,1.3962634,0.0,0.0,0.0,-16.63330501,-1.20673871,6.37776991,-0.70818428,-6.82062872,-11.48585968,122.80148445,60.598872,35.46304504,-13.1857226,8.82809405,-5.41277823,7.7036538,121.80436309,0.0,22.01905753,23.48602011
1760624812.473,14.39305583,0.18417664,-0.73396065,0.09796054,0.99297535,0.01420901,80.0,-7.0,0.0,80.0,1.3962634,0.0,0.0,0.0,80.0,-7.0,0.0,80.0,1.3962634,0.0,0.0,0.0,-17.03619708,-1.22919779,6.26890999,-0.74082257,-6.86666692,-11.66883608,124.85575251,64.33799433,39.9767704,-13.85269109,9.4204017,-6.09969195,8.63197354,126.69323283,0.0,23.56307532,25.41346965
1760624812.507,13.85488268,0.4525462,-0.99783551,0.09195165,0.99249693,0.0129464,80.0,-7.0,0.0,80.0,1.3962634,0.0,0.0,0.0,80.0,-7.0,0.0,80.0,1.3962634,0.0,0.0,0.0,-16.21232715,-1.56274921,6.31247677,-1.12818235,-6.90843384,-11.75776941,127.39531403,66.15390504,41.84146037,-13.14560373,9.21875804,-6.42272743,9.77873157,129.97623646,0.0,24.4208182,26.13424298
1760624812.54,13.82748981,0.62021083,-1.32616829,0.0931598,0.99066404,0.01382148,80.0,-7.0,0.0,80.0,1.3962634,0.0,0.0,0.0,80.0,-7.0,0.0,80.0,1.3962634,0.0,0.0,0.0,-16.22076936,-1.91357715,6.38159224,-0.99066735,-6.91899396,-11.77685629,128.1341698,68.77823883,44.18439254,-14.10716807,9.47890402,-6.85259271,10.58014154,132.29581878,0.0,25.54163697,26.76707914
1760624812.574,13.79542922,0.69485667,-1.5734776,0.09493293,0.98916912,0.01554215,80.0,-7.0,0.0,80.0,1.3962634,0.0,0.0,0.0,80.0,-7.0,0.0,80.0,1.3962634,0.0,0.0,0.0,-16.20112682,-2.0601278,6.62468024,-0.75936029,-6.96187027,-11.83047154,127.69204802,73.09583697,46.39380048,-16.58293782,9.92637645,-7.01302595,11.532316,134.15483682,0.0,26.99753208,27.81349062
1760624812.607,13.03944459,1.17399885,-4.17679874,0.09089988,0.9892929,0.01897302,80.0,-7.0,0.0,80.0,1.3962634,0.0,0.0,0.0,80.0,-7.0,0.0,80.0,1.3962634,0.0,0.0,0.0,-15.0738301,-3.05879127,9.03868127,-0.82061381,-6.97879784,-11.80281995,128.24526851,74.65077215,46.48473611,-16.68846129,10.06472232,-7.06187535,11.60743422,134.75614482,0.0,27.82346346,28.27407079
1760624812.641,12.28193886,1.38059865,-4.10201844,0.08381293,0.9892079,0.01910081,80.0,-7.0,0.0,80.0,1.3962634,0.0,0.0,0.0,80.0,-7.0,0.0,80.0,1.3962634,0.0,0.0,0.0,-13.90368203,-3.05516899,9.26290215,-1.05113496,-6.94839482,-12.00361088,127.33752713,76.44509459,46.78859335,-18.28853641,9.86298594,-7.0308446,11.766379,135.07651979,0.0,28.31216917,28.50015984
1760624812.674,11.59104283,1.52689006,-4.19229018,0.08002387,0.98818,0.01972984,80.0,-7.0,0.0,80.0,1.3962634,0.0,0.0,0.0,80.0,-7.0,0.0,80.0,1.3962634,0.0,0.0,0.0,-12.92328523,-3.04925597,9.41285592,-1.16415011,-6.85372983,-11.79515367,126.86921139,76.69890515,46.06601312,-18.63820279,9.73401175,-7.0047336,11.39179141,134.80323108,0.0,28.34581532,28.41143009
1760624812.707,11.06403476,1.74068787,-4.31945265,0.07578456,0.98704865,0.01902514,80.0,-7.0,0.0,80.0,1.3962634,0.0,0.0,0.0,80.0,-7.0,0.0,80.0,1.3962634,0.0,0.0,0.0,-12.14390926,-3.17084964,9.54736039,-1.352862,-6.68747609,-11.61796425,126.97963506,76.07214599,45.0686732,-17.92657209,9.42758995,-6.97357428,11.10743406,134.46717676,0.0,27.92262317,28.05640396
1760624812.741,10.98120823,1.73763814,-4.52165186,0.07331671,0.98878269,0.0174383,80.0,-7.0,0.0,80.0,1.3962634,0.0,0.0,0.0,80.0,-7.0,0.0,80.0,1.3962634,0.0,0.0,0.0,-12.02521384,-3.06298585,9.69889826,-1.42155064,-6.65053322,-11.51368177,126.82897698,75.26562473,44.54563089,-17.56869609,9.15929997,-6.79820631,10.73115899,134.00383844,0.0,27.49859569,27.86576919
1760624812.774,10.68949401,1.77700855,-4.71092655,0.07183707,0.98977547,0.01628116,80.0,-7.0,0.0,80.0,1.3962634,0.0,0.0,0.0,80.0,-7.0,0.0,80.0,1.3962634,0.0,0.0,0.0,-11.69573356,-3.00223541,9.87170138,-1.45962717,-6.5565328,-11.43835709,127.13796079,73.43393043,43.45849616,-16.3224861,8.66890071,-6.62990848,10.10043111,133.32301914,0.0,26.92614074,27.74745254
1760624812.808,10.40190346,1.83188167,-4.91506441,0.07028394,0.98898746,0.01714055,80.0,-7.0,0.0,80.0,1.3962634,0.0,0.0,0.0,80.0,-7.0,0.0,80.0,1.3962634,0.0,0.0,0.0,-11.31878242,-3.03579716,9.99112498,-1.50290284,-6.50713748,-11.38167153,127.23720317,72.06203053,42.17813615,-15.456759,8.2132303,-6.51437029,9.44252084,132.58932423,0.0,26.44749516,27.45460638
1760624812.841,10.19878082,1.97135982,-5.11097551,0.06886263,0.98963518,0.01867996,80.0,-7.0,0.0,80.0,1.3962634,0.0,0.0,0.0,80.0,-7.0,0.0,80.0,1.3962634,0.0,0.0,0.0,-11.03752219,-3.17087499,10.16379396,-1.43761457,-6.44696504,-11.2682226,126.74129509,70.55771476,40.49252007,-14.96220926,7.87571008,-6.31692747,8.71580997,131.35550634,0.0,25.81163875,26.88848263
1760624812.875,9.97960563,2.06887272,-5.30843282,0.06726924,0.99110919,0.02001678,80.0,-7.0,0.0,80.0,1.3962634,0.0,0.0,0.0,80.0,-7.0,0.0,80.0,1.3962634,0.0,0.0,0.0,-10.66972413,-3.23370329,10.41749615,-1.43902176,-6.45156184,-11.18376169,125.9512968,67.61473629,37.22330282,-14.10151464,7.49369472,-5.94034536,7.64118972,128.65118002,0.0,24.61568648,25.60323653
1760624812.908,9.76068584,2.01977682,-5.52816536,0.06765315,0.99108835,0.0212313,80.0,-7.0,0.0,80.0,1.3962634,0.0,0.0,0.0,80.0,-7.0,0.0,80.0,1.3962634,0.0,0.0,0.0,-10.39163292,-3.18767142,10.61179225,-1.37181796,-6.4188342,-11.1071067,125.34818145,65.14330786,33.87965167,-13.08051157,7.26984026,-5.58475665,6.76605419,125.88165823,0.0,23.4346569,24.10051608
1760624812.942,9.3921941,2.03663701,-7.53685771,0.06799457,0.99312686,0.02409027,80.0,-7.0,0.0,80.0,1.3962634,0.0,0.0,0.0,80.0,-7.0,0.0,80.0,1.3962634,0.0,0.0,0.0,-9.83323842,-3.31737082,12.75259218,-1.3855267,-6.53535612,-11.07447399,124.04219005,61.50491999,28.54192358,-12.16530902,6.79467303,-4.96863638,5.51267501,121.33840235,0.19735819,22.20389401,22.60866085
1760624812.975,9.56564105,1.91880304,-7.60112397,0.0746677,0.9964824,0.02406095,80.0,-7.0,0.0,80.0,1.3962634,0.0,0.0,0.0,80.0,-7.0,0.0,80.0,1.3962634,0.0,0.0,0.0,-10.26933318,-3.08743367,12.78020615,-1.03784675,-6.56016044,-10.76537969,122.57074305,59.39123945,24.74146927,-11.98430864,6.56579137,-3.91331057,4.77615718,117.2102433,1.43256473,21.21690414,20.99081861
1760624813.009,9.501588,1.84905181,-7.62617517,0.07366,0.99902871,0.02366723,80.0,-7.0,0.0,80.0,1.3962634,0.0,0.0,0.0,80.0,-7.0,0.0,80.0,1.3962634,0.0,0.0,0.0,-10.14678972,-2.86315779,12.8451357,-1.03905831,-6.50907461,-10.51167141,121.44319699,56.91131935,20.67553008,-11.37363497,5.97063076,-2.9941114,4.02881947,113.0402644,1.99171635,20.29017666,19.15749819
1760624813.042,9.60914785,1.74766123,-7.61119713,0.07417334,1.00371214,0.02486467,80.0,-7.0,0.0,80.0,1.3962634,0.0,0.0,0.0,80.0,-7.0,0.0,80.0,1.3962634,0.0,0.0,0.0,-10.43286828,-2.57222406,12.9232919,-0.77166034,-6.54515921,-9.95983047,119.31091918,53.47579518,14.98568654,-11.61023076,5.52361368,-1.69668158,3.04316865,106.82485933,2.39967576,19.45555403,17.59214276
1760624813.075,10.57615107,1.47843923,-7.63326459,0.0803459,1.00606768,0.02678341,80.0,-7.0,0.0,80.0,1.3962634,0.0,0.0,0.0,80.0,-7.0,0.0,80.0,1.3962634,0.0,0.0,0.0,-11.84674711,-2.41689136,12.8090569,-0.27443496,-6.51456119,-9.4580092,117.50303909,51.43002637,11.26703045,-11.71961199,5.95153995,-1.09305426,2.23645024,101.85391142,1.13139812,18.58815271,16.10532969
1760624813.109,10.58246027,1.4718058,-7.67883623,0.07856796,1.00318198,0.0274079,80.0,-7.0,0.0,80.0,1.3962634,0.0,0.0,0.0,80.0,-7.0,0.0,80.0,1.3962634,0.0,0.0,0.0,-11.8905796,-2.37495697,12.73045069,-0.16794829,-6.47222173,-8.86396573,115.02501547,49.00002347,8.03367443,-12.36362642,6.06347355,-0.54207974,1.33118348,96.29987419,0.58979118,18.28080745,15.0024503
1760624813.142,9.64851738,1.64683345,-7.72504335,0.06811764,1.00031763,0.02504661,80.0,-7.0,0.0,80.0,1.3962634,0.0,0.0,0.0,80.0,-7.0,0.0,80.0,1.3962634,0.0,0.0,0.0,-10.70622702,-2.18321659,12.4421375,-0.20881873,-6.68406196,-7.79246212,110.67723387,46.33117196,4.50506453,-13.70645783,6.10688861,0.10132824,0.24636407,88.33911148,0.0,17.99224199,13.692345
1760624813.176,7.93378187,1.76799158,-7.55893387,0.04500851,0.99673525,0.02286419,80.0,-7.0,0.0,80.0,1.3962634,0.0,0.0,0.0,80.0,-7.0,0.0,80.0,1.3962634,0.0,0.0,0.0,-8.17811377,-1.91491688,12.35388094,-0.7868375,-7.02922892,-7.42583087,103.77800453,44.9200143,4.3591748,-15.75680003,5.31877162,0.72324863,-0.36332923,82.39167451,0.0,18.08298919,12.93244707
1760624813.209,7.04221278,1.57043629,-7.13259533,0.03182518,1.00059063,0.02419978,80.0,-7.0,0.0,80.0,1.3962634,0.0,0.0,0.0,80.0,-7.0,0.0,80.0,1.3962634,0.0,0.0,0.0,-6.98668256,-1.33095351,12.13452647,-0.68585479,-7.50733512,-7.17766313,96.32858766,42.26518937,4.55622905,-17.90603922,5.65859343,-0.0163108,-0.77896989,75.06161376,0.0,18.62539625,12.98015739
1760624813.243,6.75280471,1.37810396,-5.63816869,0.02402717,0.9988666,0.02148455,80.0,-7.0,0.0,80.0,1.3962634,0.0,0.0,0.0,80.0,-7.0,0.0,80.0,1.3962634,0.0,0.0,0.0,-6.6939883,-1.05606551,10.82421364,-0.30121543,-7.6228681,-6.63963622,88.22344775,38.25405653,5.11888453,-19.3477223,6.48006665,-0.53358929,-0.44621612,64.8924619,0.0,19.14304058,13.02559769
1760624813.31,6.73241805,1.16092356,-5.51316531,0.02289969,0.99699707,0.02155226,80.0,-7.0,0.0,80.0,1.3962634,0.0,0.0,0.0,80.0,-7.0,0.0,80.0,1.3962634,0.0,0.0,0.0,-6.90065001,-0.94452029,10.73753566,0.44564746,-7.60740817,-5.43269335,74.40679572,31.22837407,6.70494573,-21.0732275,6.28658892,-0.40183002,-0.19286233,52.73594454,0.0,19.52859936,13.66171742
1760624813.343,7.40298368,0.53105575,-3.58275272,0.0325268,0.98703265,0.02371198,80.0,-7.0,0.0,80.0,1.3962634,0.0,0.0,0.0,80.0,-7.0,0.0,80.0,1.3962634,0.0,0.0,0.0,-7.82858104,-0.93412977,8.33945486,0.84554596,-6.8418507,-4.20192468,56.33361254,27.31660262,18.12021069,-23.28891371,6.03790959,-0.93343318,-0.47295361,45.75590587,0.0,19.34962082,14.07740362
1760624813.376,7.89793009,0.61327147,-3.41826805,0.03993214,0.97816555,0.02265711,80.0,-7.0,0.0,80.0,1.3962634,0.0,0.0,0.0,80.0,-7.0,0.0,80.0,1.3962634,0.0,0.0,0.0,-8.75905393,-1.49073889,8.15301599,1.27525863,-6.21239884,-3.91992814,45.43915108,24.16332986,24.48329198,-23.1336945,5.6707619,-1.31602413,-0.52721421,41.68274549,0.0,19.45376081,14.66413247
1760624813.41,8.53769088,0.68829321,-3.24600916,0.04605653,0.96894567,0.02072292,80.0,-7.0,0.0,80.0,1.3962634,0.0,0.0,0.0,80.0,-7.0,0.0,80.0,1.3962634,0.0,0.0,0.0,-9.91288781,-1.64249378,8.23888115,1.46613103,-5.88549922,-4.61945688,39.399291,22.80900053,26.1553226,-21.02555905,5.56075329,-1.8354028,0.42398686,37.46995074,0.0,19.66037204,14.99642082
1760624813.443,8.91242194,0.71459397,-3.13575543,0.0499614,0.97138536,0.02025087,80.0,-7.0,0.0,80.0,1.3962634,0.0,0.0,0.0,80.0,-7.0,0.0,80.0,1.3962634,0.0,0.0,0.0,-10.70619548,-1.37989088,8.23627808,1.59294809,-5.6434101,-4.68904166,28.87258318,20.2231241,32.01234766,-18.6568294,5.63203251,-1.4118159,1.22378349,32.28896937,0.0,19.42474007,14.73482476
1760624813.477,9.10463398,0.84967359,-3.12421468,0.05105724,0.97106999,0.01884659,80.0,-7.0,0.0,80.0,1.3962634,0.0,0.0,0.0,80.0,-7.0,0.0,80.0,1.3962634,0.0,0.0,0.0,-11.15249695,-1.30661126,8.26363765,1.46903262,-5.5788515,-5.05078665,23.09189945,18.70478057,34.92135111,-16.49284694,5.5874083,-1.01255089,1.69681758,28.80467619,0.0,19.4758157,14.52617444
1760624813.51,8.54528366,0.87838956,-2.96305323,0.04334897,0.96733923,0.01862096,80.0,-7.0,0.0,80.0,1.3962634,0.0,0.0,0.0,80.0,-7.0,0.0,80.0,1.3962634,0.0,0.0,0.0,-10.56303196,-1.16563628,8.50668218,1.24062779,-5.34219083,-5.70554003,21.12156019,18.21960339,33.99832055,-14.40078805,5.33246708,-1.24968643,3.23003221,24.83129584,0.0,19.74823438,14.48052229
1760624813.544,8.31331732,0.95983808,-2.91927602,0.0395063,0.96307787,0.01822431,80.0,-7.0,0.0,80.0,1.3962634,0.0,0.0,0.0,80.0,-7.0,0.0,80.0,1.3962634,0.0,0.0,0.0,-10.46655932,-1.0580392,8.63320219,1.39163515,-5.31461059,-5.78170357,20.63746297,16.9027109,30.86284625,-11.55057753,5.77434713,-1.32853091,5.21478391,18.9849689,0.0,19.93240279,14.36666456
1760624813.577,8.09050075,1.06445703,-2.95539698,0.04035963,0.96199687,0.01843737,80.0,-7.0,0.0,80.0,1.3962634,0.0,0.0,0.0,80.0,-7.0,0.0,80.0,1.3962634,0.0,0.0,0.0,-10.32634961,-1.11067161,8.66526472,1.63522116,-5.3322431,-5.17865779,19.4128883,15.2696416,29.15720888,-9.7495791,6.16058279,-1.0500845,6.3596052,14.73995843,0.0,19.98819074,13.87320653
1760624813.611,7.99188559,1.16060375,-2.98654486,0.04054479,0.95990744,0.01845496,80.0,-7.0,0.0,80.0,1.3962634,0.0,0.0,0.0,80.0,-7.0,0.0,80.0,1.3962634,0.0,0.0,0.0,-10.24466499,-1.18413116,8.68429054,1.99108275,-5.25093616,-4.1915118,16.67485566,13.54911515,28.73556987,-8.43552565,6.39802817,-0.70041825,7.14139043,10.98429335,0.0,19.86563838,13.10051392
1760624813.644,8.26880578,1.22616641,-3.06767317,0.04315518,0.95732282,0.01933986,80.0,-7.0,0.0,80.0,1.3962634,0.0,0.0,0.0,80.0,-7.0,0.0,80.0,1.3962634,0.0,0.0,0.0,-10.63984182,-1.32254646,8.59095379,2.56806464,-4.9499997,-2.95356674,14.55430767,11.71565001,26.98041054,-7.01012646,6.65657055,-0.44678703,7.54582733,7.15001736,0.0,19.58036805,12.44090972
1760624813.678,7.98947868,1.28063391,-2.98973493,0.03892241,0.95336737,0.01812805,80.0,-7.0,0.0,80.0,1.3962634,0.0,0.0,0.0,80.0,-7.0,0.0,80.0,1.3962634,0.0,0.0,0.0,-10.14335229,-1.24848853,8.65491391,2.45427192,-4.75510904,-2.84260659,11.32394016,10.88764318,27.98399363,-6.02681239,6.1418711,-0.27574459,7.67269137,5.41715255,0.0,19.4796043,12.48735753
1760624813.711,8.0367711,1.27412148,-3.01428661,0.03958726,0.95139039,0.01880912,80.0,-7.0,0.0,80.0,1.3962634,0.0,0.0,0.0,80.0,-7.0,0.0,80.0,1.3962634,0.0,0.0,0.0,-10.23657514,-1.30026207,8.54142254,2.53775023,-4.43589042,-2.91621747,11.3383989,10.64228613,26.52107591,-5.34892306,5.94887374,-0.3326392,7.27114249,4.50731733,0.0,19.38357228,12.75551104
1760624813.744,8.19047625,1.22776394,-3.04108428,0.04181762,0.9519237,0.01994327,80.0,-7.0,0.0,80.0,1.3962634,0.0,0.0,0.0,80.0,-7.0,0.0,80.0,1.3962634,0.0,0.0,0.0,-10.46283163,-1.18656502,8.35056066,2.5388981,-4.23008555,-3.28146378,11.75820987,10.89304027,24.84275298,-4.63985425,5.81230791,-0.36272168,6.40485189,3.96905876,0.0,19.37412333,13.11269209
1760624813.778,8.06730377,1.13792539,-2.88989087,0.04086417,0.95224714,0.01984942,80.0,-7.0,0.0,80.0,1.3962634,0.0,0.0,0.0,80.0,-7.0,0.0,80.0,1.3962634,0.0,0.0,0.0,-10.28074216,-1.04636579,8.19436668,2.38670997,-4.05439411,-3.55640263,11.21206368,11.13982135,24.76460635,-4.22868481,5.75232678,-0.4492038,5.98410291,3.54371657,0.0,19.42584375,13.24871267
1760624813.811,8.04006968,1.15656757,-2.77446498,0.04106357,0.9527208,0.01941626,80.0,-7.0,0.0,80.0,1.3962634,0.0,0.0,0.0,80.0,-7.0,0.0,80.0,1.3962634,0.0,0.0,0.0,-10.25870958,-1.03827293,7.99684232,2.35990325,-3.93455228,-3.60278958,11.30622878,11.29289039,24.18746163,-3.93867957,5.95944727,-0.533982,5.60315104,3.02520988,0.0,19.46361469,13.25258353
1760624813.845,8.04918656,1.15559083,-2.74366316,0.03941578,0.95343961,0.01901822,80.0,-7.0,0.0,80.0,1.3962634,0.0,0.0,0.0,80.0,-7.0,0.0,80.0,1.3962634,0.0,0.0,0.0,-10.22847686,-1.03744167,7.9443761,2.37345386,-3.8619784,-3.45173204,10.98112621,11.16684234,23.98201867,-3.64542625,6.23379848,-0.68550072,5.29257776,2.44208912,0.0,19.46921325,13.11394942
1760624813.878,8.06955997,1.16655241,-2.69517732,0.03774261,0.95289844,0.01876098,80.0,-7.0,0.0,80.0,1.3962634,0.0,0.0,0.0,80.0,-7.0,0.0,80.0,1.3962634,0.0,0.0,0.0,-10.23487338,-1.04640429,7.89534396,2.46204939,-3.90695561,-3.3226727,10.81361554,10.95838447,23.87333583,-3.4428,6.44614089,-0.83988302,5.12354433,2.16476445,0.0,19.47653985,13.08563467
1760624813.912,8.09139988,1.17918536,-2.65620056,0.03762225,0.95293917,0.01857506,80.0,-7.0,0.0,80.0,1.3962634,0.0,0.0,0.0,80.0,-7.0,0.0,80.0,1.3962634,0.0,0.0,0.0,-10.25934904,-1.06687011,7.82986454,2.61431964,-4.00697769,-3.18858102,10.77127711,10.76758869,23.78814625,-3.37072434,6.77167091,-1.07376337,5.00366541,1.89557502,0.0,19.49957641,13.14141111
1760624813.945,8.17790728,1.33767861,-1.02555165,0.03802506,0.95276663,0.01609445,80.0,-7.0,0.0,80.0,1.3962634,0.0,0.0,0.0,80.0,-7.0,0.0,80.0,1.3962634,0.0,0.0,0.0,-10.33298213,-0.94630313,6.21629957,2.67444772,-4.09160905,-3.08786696,10.76225371,10.60176372,23.89124291,-3.42974626,6.94753227,-1.20928744,4.99905223,1.77789203,0.0,19.51411952,13.13639493
1760624813.979,8.14463539,1.3541578,-0.97081561,0.03779139,0.95225956,0.01587178,80.0,-7.0,0.0,80.0,1.3962634,0.0,0.0,0.0,80.0,-7.0,0.0,80.0,1.3962634,0.0,0.0,0.0,-10.27204642,-0.9606303,6.24909421,2.76853064,-4.19902656,-2.98536385,10.53898647,10.37057657,24.35247023,-3.55075302,7.09419065,-1.28542191,4.97097251,1.76913305,0.0,19.56654168,13.09567778
1760624814.012,8.24209977,1.37731044,-0.93695442,0.0364777,0.95273869,0.01559122,80.0,-7.0,0.0,80.0,1.3962634,0.0,0.0,0.0,80.0,-7.0,0.0,80.0,1.3962634,0.0,0.0,0.0,-10.2313221,-0.96745497,6.28304746,2.78268185,-4.31848819,-2.7271762,10.72180024,9.86623564,24.69247691,-4.01408643,7.25101419,-1.30483539,4.5584493,1.95711439,0.0,19.56656652,12.92209829
1760624814.045,8.50470625,1.40531838,-0.88326837,0.03646188,0.95327919,0.015574,80.0,-7.0,0.0,80.0,1.3962634,0.0,0.0,0.0,80.0,-7.0,0.0,80.0,1.3962634,0.0,0.0,0.0,-10.34455946,-1.00175515,6.28496902,2.6982562,-4.295893,-2.45350016,10.58064956,9.37008112,25.63668766,-4.78561555,7.33434854,-1.29154417,4.09016405,2.37210922,0.0,19.52228885,12.63480599
1760624814.079,8.6174907,1.41056557,-0.84848546,0.03579103,0.95361534,0.01559656,80.0,-7.0,0.0,80.0,1.3962634,0.0,0.0,0.0,80.0,-7.0,0.0,80.0,1.3962634,0.0,0.0,0.0,-10.28267933,-0.97513976,6.30762099,2.50022513,-4.22458674,-2.50126413,11.13702046,9.3720304,26.54618175,-6.07691805,7.28849472,-1.26712926,3.24163158,3.43862917,0.0,19.46868583,12.23252635
1760624814.112,8.45735869,1.40629609,-0.72866075,0.03148772,0.95206423,0.01482014,80.0,-7.0,0.0,80.0,1.3962634,0.0,0.0,0.0,80.0,-7.0,0.0,80.0,1.3962634,0.0,0.0,0.0,-9.8624778,-0.92874057,6.39560173,2.11133135,-4.13874075,-3.39554511,11.48476205,10.74539422,29.36842055,-8.2548138,6.7464187,-1.18771869,1.94798576,6.46060034,0.0,19.38345904,11.14800601
1760624814.146,8.26950097,1.36607052,-0.63804544,0.02858824,0.95059078,0.01508713,80.0,-7.0,0.0,80.0,1.3962634,0.0,0.0,0.0,80.0,-7.0,0.0,80.0,1.3962634,0.0,0.0,0.0,-9.46935994,-0.87764652,6.45097825,1.76985774,-4.11588559,-4.28815236,12.71863979,12.45249995,31.27787793,-10.26634282,6.1439425,-1.27140137,0.99754915,9.82943535,0.0,19.31916874,10.42525362
1760624814.179,8.33847525,1.32589865,-0.53836511,0.02493018,0.94953989,0.01502964,80.0,-7.0,0.0,80.0,1.3962634,0.0,0.0,0.0,80.0,-7.0,0.0,80.0,1.3962634,0.0,0.0,0.0,-9.35787509,-0.83061579,6.53163857,1.46999912,-4.05735794,-5.16619589,14.54767487,14.73694462,33.01742364,-12.72839331,5.55630132,-1.37946889,0.30697872,13.76852463,0.0,19.31483928,9.9652395
1760624814.213,8.22482864,1.12686183,-0.32832206,0.01943782,0.94726087,0.01526703,80.0,-7.0,0.0,80.0,1.3962634,0.0,0.0,0.0,80.0,-7.0,0.0,80.0,1.3962634,0.0,0.0,0.0,-9.06205818,-0.65604815,6.6536864,1.28166062,-4.03504716,-5.80205906,15.94957593,18.36881404,36.67275871,-16.65321831,5.07211943,-1.50231606,-0.18213063,19.39657115,0.0,19.37199224,9.57554859
1760624814.246,8.396966,0.99058626,-0.15616159,0.0153955,0.94621982,0.01589198,80.0,-7.0,0.0,80.0,1.3962634,0.0,0.0,0.0,80.0,-7.0,0.0,80.0,1.3962634,0.0,0.0,0.0,-9.147258,-0.61471486,6.69290221,1.3130502,-4.01945691,-5.85895464,17.31385871,21.23106997,39.28586612,-20.09825639,4.95607931,-1.47179662,-0.43819809,24.02005976,0.0,19.3645972,9.21810207
1760624814.28,8.68439308,0.97200285,0.03226588,0.0091124,0.94575511,0.01567982,80.0,-7.0,0.0,80.0,1.3962634,0.0,0.0,0.0,80.0,-7.0,0.0,80.0,1.3962634,0.0,0.0,0.0,-9.22603477,-0.7440572,6.77822239,1.26867406,-3.99455808,-5.97046039,19.59746426,24.626121,41.22607104,-23.83868456,4.68880101,-1.44466988,-0.48816114,29.08826638,0.0,19.44377293,8.94734321
1760624814.313,8.39620143,0.95144665,0.12772845,-0.0008076,0.94446064,0.01533263,80.0,-7.0,0.0,80.0,1.3962634,0.0,0.0,0.0,80.0,-7.0,0.0,80.0,1.3962634,0.0,0.0,0.0,-8.54847062,-0.79196331,6.74814241,1.0641718,-4.53403749,-6.31438854,28.253836,27.33924706,38.89758607,-24.99999983,4.22642942,-0.95791282,-0.78271586,36.61748849,0.0,19.47801058,8.63098574
1760624814.347,8.51314357,0.89884129,0.0396993,-0.0042222,0.94383797,0.01659512,80.0,-7.0,0.0,80.0,1.3962634,0.0,0.0,0.0,80.0,-7.0,0.0,80.0,1.3962634,0.0,0.0,0.0,-8.49415628,-0.94144688,6.54235354,1.01556801,-4.82438896,-6.31216554,36.79557415,29.32158539,35.42768295,-24.99999983,4.12303084,-0.63893312,-1.21532857,42.64202515,0.0,19.43079597,8.51831524
1760624814.38,8.31726955,0.56943654,0.99303316,-0.00216444,0.94240143,0.01697543,80.0,-7.0,0.0,80.0,1.3962634,0.0,0.0,0.0,80.0,-7.0,0.0,80.0,1.3962634,0.0,0.0,0.0,-8.23054883,-0.52496286,5.35368449,1.02775086,-5.06053621,-6.11994882,46.43468761,31.58640445,31.02825173,-24.99999983,4.06679897,-0.06661502,-1.48636011,49.06728695,0.0,19.20828751,8.35175306
1760624814.414,8.31556188,0.51434918,0.75457835,-0.00368301,0.93621441,0.01876096,80.0,-7.0,0.0,80.0,1.3962634,0.0,0.0,0.0,80.0,-7.0,0.0,80.0,1.3962634,0.0,0.0,0.0,-8.01935231,-0.64385638,5.08087216,0.81992288,-5.22766219,-5.62704476,56.75452469,35.12115275,27.54953203,-24.99999983,3.72117791,0.54682526,-1.77920439,58.08417191,0.0,19.10190926,8.60355738
1760624814.447,8.31356857,0.40455879,0.6893226,0.00332206,0.93001683,0.01994315,80.0,-7.0,0.0,80.0,1.3962634,0.0,0.0,0.0,80.0,-7.0,0.0,80.0,1.3962634,0.0,0.0,0.0,-8.01302144,-0.7197679,4.98387458,0.71013761,-5.06962466,-5.26124253,65.42390028,38.05083838,24.23388908,-24.99999983,3.64036683,0.56255425,-1.58693697,64.76901444,0.0,19.21427036,9.27636118
1760624814.48,8.34443931,0.20835465,0.75108942,0.01470439,0.92815004,0.02042459,80.0,-7.0,0.0,80.0,1.3962634,0.0,0.0,0.0,80.0,-7.0,0.0,80.0,1.3962634,0.0,0.0,0.0,-8.09346772,-0.86778054,5.00316296,0.59756621,-4.5604834,-4.99893931,74.53525816,41.18277773,21.25787007,-24.99999983,3.75178057,0.03192944,-0.98717737,71.19068257,0.0,19.42912329,10.24862723
1760624814.514,8.43133854,0.07927647,0.66896196,0.02513992,0.93293987,0.020249,80.0,-7.0,0.0,80.0,1.3962634,0.0,0.0,0.0,80.0,-7.0,0.0,80.0,1.3962634,0.0,0.0,0.0,-8.1326567,-0.8816842,4.91987342,0.20062819,-4.41140614,-4.84934359,83.29767648,45.7911586,21.19895176,-24.99999983,3.94761052,-0.47057407,-0.2803542,79.57882559,0.0,19.84486099,11.7909435
1760624814.547,9.09901621,0.03578433,0.67998213,0.03615735,0.95048238,0.01877886,80.0,-7.0,0.0,80.0,1.3962634,0.0,0.0,0.0,80.0,-7.0,0.0,80.0,1.3962634,0.0,0.0,0.0,-9.00806863,-0.51803575,5.09327907,0.1334641,-4.92577955,-5.32782514,88.59764256,49.3959317,22.64565469,-24.99999983,4.36631102,-0.40976579,0.61445447,85.95166437,0.0,20.12856179,13.22165402
1760624814.581,9.21496115,0.01649105,1.03043243,0.03540261,0.95457394,0.01807079,80.0,-7.0,0.0,80.0,1.3962634,0.0,0.0,0.0,80.0,-7.0,0.0,80.0,1.3962634,0.0,0.0,0.0,-8.81646437,-0.815217,5.5350998,-0.24789355,-4.70099894,-6.48792051,96.85735845,51.66321381,22.07174224,-22.40642172,3.92619049,-1.43997024,2.1326681,91.90206321,0.0,20.92989117,14.95671592
1760624814.614,10.08115869,0.11373203,0.87752938,0.04494715,0.95835947,0.01570635,80.0,-7.0,0.0,80.0,1.3962634,0.0,0.0,0.0,80.0,-7.0,0.0,80.0,1.3962634,0.0,0.0,0.0,-9.9243371,-0.92669773,5.71533761,-0.10795089,-4.84731414,-6.88498336,102.53673851,55.23345661,24.93172183,-21.19035577,4.23838591,-1.82235646,3.27594646,99.22076986,0.30378696,22.04328628,17.17988582
1760624814.648,10.1418312,0.18349255,0.86468705,0.04799468,0.96273744,0.01394621,80.0,-7.0,0.0,80.0,1.3962634,0.0,0.0,0.0,80.0,-7.0,0.0,80.0,1.3962634,0.0,0.0,0.0,-9.81680171,-0.86272058,5.81626521,-0.35301251,-4.86742592,-7.1072042,109.10266461,56.09800713,24.80291244,-18.02302075,4.17512433,-2.06754981,4.41392445,104.25884036,0.41884908,22.96031408,19.1802917
1760624814.681,10.60085126,0.74289189,-0.6802473,0.05228552,0.97050794,0.00796718,80.0,-7.0,0.0,80.0,1.3962634,0.0,0.0,0.0,80.0,-7.0,0.0,80.0,1.3962634,0.0,0.0,0.0,-10.28194811,-1.52717424,7.23857611,-0.34134911,-4.84931104,-6.97140747,111.72631835,57.94423126,26.72691457,-17.54982726,4.2883022,-2.2908936,5.49938424,108.75657022,0.90340204,24.46553446,21.18321545
1760624814.714,11.35227584,0.51738111,-0.5914756,0.05951149,0.96942182,0.01110044,80.0,-7.0,0.0,80.0,1.3962634,0.0,0.0,0.0,80.0,-7.0,0.0,80.0,1.3962634,0.0,0.0,0.0,-11.29108405,-1.31602226,6.88960212,-0.30607284,-4.55563633,-6.57340309,118.07233697,59.65585187,26.65372825,-14.73980843,4.56371662,-2.6678509,6.95516557,114.01691083,0.89057987,27.05873403,24.05338813
1760624814.748,13.02184353,0.34327144,-0.25233962,0.07703754,0.97803869,0.01271582,80.0,-7.0,0.0,80.0,1.3962634,0.0,0.0,0.0,80.0,-7.0,0.0,80.0,1.3962634,0.0,0.0,0.0,-13.61731256,-1.20416228,6.60408549,0.21915079,-4.20498125,-6.70620819,123.69135327,60.26800663,26.34634393,-11.5270851,5.62718479,-3.21695761,8.14490258,117.37705194,0.41704821,28.86377589,26.54120799
1760624814.781,13.23591795,0.42416037,-0.15005375,0.08097266,0.98397892,0.01138943,80.0,-7.0,0.0,80.0,1.3962634,0.0,0.0,0.0,80.0,-7.0,0.0,80.0,1.3962634,0.0,0.0,0.0,-14.1302825,-1.22236902,6.53267839,0.26555091,-4.19863098,-7.06094865,125.45032903,62.30612292,29.31841885,-11.65964484,6.06577304,-3.80471743,9.18194919,120.84625426,0.06657065,30.37297209,28.9811312
1760624814.815,13.92547436,0.57868155,-0.26009577,0.08700589,0.98832922,0.00965115,80.0,-7.0,0.0,80.0,1.3962634,0.0,0.0,0.0,80.0,-7.0,0.0,80.0,1.3962634,0.0,0.0,0.0,-15.18323035,-1.22463324,6.06764938,0.26717414,-4.5556679,-7.11759817,126.87648313,65.32145907,34.49471158,-12.93334968,6.66640858,-4.21678274,10.11512027,124.79289004,0.0,32.05698784,31.37294723
1760624814.848,14.05380362,0.41383664,-0.30013538,0.08956015,0.98577862,0.01199073,80.0,-7.0,0.0,80.0,1.3962634,0.0,0.0,0.0,80.0,-7.0,0.0,80.0,1.3962634,0.0,0.0,0.0,-15.53273222,-1.164518,5.83805914,0.36096601,-4.57894901,-7.01061213,128.40468591,67.68062519,37.49782346,-13.5115473,6.99322541,-4.45188726,11.0534591,127.25767852,0.0,32.81187723,32.38835274
1760624814.882,14.60624212,0.41536194,-0.47730208,0.09591497,0.98644319,0.01269782,80.0,-7.0,0.0,80.0,1.3962634,0.0,0.0,0.0,80.0,-7.0,0.0,80.0,1.3962634,0.0,0.0,0.0,-16.49570308,-1.29547454,5.49388559,0.84321829,-4.88377488,-6.86256575,129.13644883,71.8647862,41.30826249,-15.8747141,7.60191505,-4.72981211,11.66238101,129.94186972,0.0,33.66245403,32.89369672
1760624814.915,14.35657326,0.40486358,-0.43348173,0.09262033,0.98718449,0.01392766,80.0,-7.0,0.0,80.0,1.3962634,0.0,0.0,0.0,80.0,-7.0,0.0,80.0,1.3962634,0.0,0.0,0.0,-16.15003735,-1.20821545,5.45455843,0.93428479,-5.16634117,-6.96825199,129.75627612,74.83780236,42.91084825,-17.14369534,7.55210054,-4.78142255,12.23453643,131.84270525,0.0,34.13658117,33.24764171
1760624814.949,14.02345296,0.56149524,-0.50363765,0.08982108,0.98723946,0.01401089,80.0,-7.0,0.0,80.0,1.3962634,0.0,0.0,0.0,80.0,-7.0,0.0,80.0,1.3962634,0.0,0.0,0.0,-15.77300443,-1.30721474,5.37697004,1.09563525,-5.41184163,-6.91108387,129.22389809,78.18348173,43.98711035,-19.30747234,7.71146227,-4.8087549,12.39834902,133.14364214,0.0,34.40003883,33.41374455
1760624814.982,13.7642983,0.67047967,-0.63293946,0.08701314,0.98780228,0.01439803,80.0,-7.0,0.0,80.0,1.3962634,0.0,0.0,0.0,80.0,-7.0,0.0,80.0,1.3962634,0.0,0.0,0.0,-15.46983768,-1.38241474,5.33795175,1.22995616,-5.54776681,-6.80277312,128.08492207,80.69029814,44.6360567,-21.51221853,8.01751184,-4.83624422,12.28323918,134.08522364,0.0,34.6344877,33.1928408
1760624815.016,13.45318466,0.72033841,-0.72404371,0.08552739,0.98601496,0.01557315,80.0,-7.0,0.0,80.0,1.3962634,0.0,0.0,0.0,80.0,-7.0,0.0,80.0,1.3962634,0.0,0.0,0.0,-15.11871731,-1.44560005,5.35983364,1.24229527,-5.48429267,-6.68612124,126.74078481,81.56992827,44.64238799,-22.84268775,8.13565416,-4.80553694,12.1648889,134.31978984,0.0,34.66983326,33.02905291
1760624815.049,12.98203172,0.80307118,-0.82510465,0.08373164,0.98600708,0.01649487,80.0,-7.0,0.0,80.0,1.3962634,0.0,0.0,0.0,80.0,-7.0,0.0,80.0,1.3962634,0.0,0.0,0.0,-14.52845458,-1.46009146,5.43637071,1.1127713,-5.37522396,-6.50597241,125.96791738,81.12350937,43.99372008,-22.7971435,8.10419178,-4.70136532,11.88139196,134.24431335,0.0,34.42738038,32.69435688
1760624815.082,12.72039086,1.05516815,-0.93233092,0.08186484,0.98693395,0.01754341,80.0,-7.0,0.0,80.0,1.3962634,0.0,0.0,0.0,80.0,-7.0,0.0,80.0,1.3962634,0.0,0.0,0.0,-14.20757914,-1.73405303,5.56145749,1.02125793,-5.01179325,-6.30816844,126.6291908,79.17258787,42.88982754,-20.81385727,7.97720047,-4.60570787,11.5858337,133.85246995,0.0,34.02546467,32.24897489
1760624815.116,12.41547496,1.26260445,-1.09529642,0.08041666,0.9873866,0.0177085,80.0,-7.0,0.0,80.0,1.3962634,0.0,0.0,0.0,80.0,-7.0,0.0,80.0,1.3962634,0.0,0.0,0.0,-13.89657971,-1.96788838,5.77151998,1.03764991,-4.77116311,-6.20891184,127.01168488,77.86333044,42.55201191,-19.72008222,7.73008972,-4.50177844,11.39584957,133.5171725,0.0,33.616656,32.01570377
1760624815.149,12.06950855,1.3277886,-1.30397953,0.07970808,0.98761931,0.01810912,80.0,-7.0,0.0,80.0,1.3962634,0.0,0.0,0.0,80.0,-7.0,0.0,80.0,1.3962634,0.0,0.0,0.0,-13.53760754,-2.06817969,6.03115668,1.12328905,-4.61311828,-6.08083993,127.47800162,76.32038353,41.86424725,-18.56777711,7.42607335,-4.40310858,11.10486844,133.03902759,0.0,33.10153256,31.71882588
1760624815.183,11.73697811,1.31157591,-1.50229563,0.07865726,0.98696076,0.01901885,80.0,-7.0,0.0,80.0,1.3962634,0.0,0.0,0.0,80.0,-7.0,0.0,80.0,1.3962634,0.0,0.0,0.0,-13.17581372,-2.08634534,6.30638695,1.29575916,-4.49576374,-5.89527067,127.73401214,74.45018273,40.17710051,-17.22930403,7.09316941,-4.30559061,10.4830597,131.89893195,0.0,32.36428845,31.2239365
1760624815.216,11.40674806,1.39652198,-3.37869481,0.07889144,0.98731998,0.02148897,80.0,-7.0,0.0,80.0,1.3962634,0.0,0.0,0.0,80.0,-7.0,0.0,80.0,1.3962634,0.0,0.0,0.0,-12.78277033,-2.57206852,8.18138193,1.47670328,-4.53348396,-5.86372296,127.20411906,72.70476539,38.30704453,-16.6159793,7.01015461,-4.18766117,9.85980438,130.45736992,0.0,31.69470104,30.50151899
1760624815.25,11.23924289,1.4252466,-3.36149561,0.07773639,0.98861075,0.02102317,80.0,-7.0,0.0,80.0,1.3962634,0.0,0.0,0.0,80.0,-7.0,0.0,80.0,1.3962634,0.0,0.0,0.0,-12.52762009,-2.52876113,8.28115872,1.54467502,-4.60126985,-5.85900214,126.49361565,70.5116835,35.79182801,-15.94271807,6.88416567,-3.91983798,9.24499727,128.52952963,0.0,30.71507168,29.2867506
1760624815.283,11.09621434,1.45447344,-3.32330312,0.07828492,0.9909407,0.02069928,80.0,-7.0,0.0,80.0,1.3962634,0.0,0.0,0.0,80.0,-7.0,0.0,80.0,1.3962634,0.0,0.0,0.0,-12.37826811,-2.47415784,8.46370874,1.71374539,-4.58432683,-5.80520513,125.09748521,67.77822355,31.39636312,-15.13601168,6.81722561,-3.35286281,8.51076137,125.05594002,0.40851016,29.22009465,26.99349912
1760624815.317,11.27290358,1.3578947,-3.48745359,0.08527886,0.99227737,0.01996452,80.0,-7.0,0.0,80.0,1.3962634,0.0,0.0,0.0,80.0,-7.0,0.0,80.0,1.3962634,0.0,0.0,0.0,-12.77460459,-2.27620003,8.57419287,2.07503887,-4.48852864,-5.35798831,123.98996448,66.0275818,27.33162022,-14.55086843,6.77919393,-2.32138655,7.9365647,121.85605217,1.88684135,27.9933861,24.66462322
1760624815.35,11.42047346,1.18144626,-3.64170051,0.08905259,0.99409006,0.02168659,80.0,-7.0,0.0,80.0,1.3962634,0.0,0.0,0.0,80.0,-7.0,0.0,80.0,1.3962634,0.0,0.0,0.0,-13.06149182,-1.91974113,8.60967316,2.24664387,-4.50630339,-4.89235502,123.14478108,63.92933029,22.89182899,-13.86294292,6.68911628,-1.38301857,6.99415872,118.35205746,3.16449978,26.81467158,22.45871116
1760624815.383,11.1557332,1.1027117,-3.64184913,0.08477479,0.99643944,0.02211929,80.0,-7.0,0.0,80.0,1.3962634,0.0,0.0,0.0,80.0,-7.0,0.0,80.0,1.3962634,0.0,0.0,0.0,-12.57061623,-1.56214778,8.80430074,2.11744524,-4.43241596,-4.62960548,122.13417228,60.42031024,16.67884278,-13.28474272,6.02084457,-0.49119301,5.94146894,113.64648057,3.86088471,25.40002,20.04446562
1760624815.417,10.4284953,0.81325867,-3.65412173,0.08385594,0.99490953,0.02510744,80.0,-7.0,0.0,80.0,1.3962634,0.0,0.0,0.0,80.0,-7.0,0.0,80.0,1.3962634,0.0,0.0,0.0,-11.70550659,-1.10355753,9.03499995,2.03288183,-4.47198512,-4.58641895,121.12697704,57.52820683,12.33674888,-13.35457604,5.71401357,-0.04065429,5.04234724,109.57691197,3.91862227,24.49146233,18.5101928
1760624815.451,10.38160931,0.80592375,-3.61556159,0.08661418,0.99567699,0.02586196,80.0,-7.0,0.0,80.0,1.3962634,0.0,0.0,0.0,80.0,-7.0,0.0,80.0,1.3962634,0.0,0.0,0.0,-11.73904012,-0.9509921,9.15661278,2.16528188,-4.62072859,-4.40135322,117.99829601,55.05070151,8.9851431,-15.14851119,5.78542841,0.33270008,4.13832919,105.07454284,3.77596682,23.44588429,16.73786989
1760624815.484,10.11186057,0.69159588,-3.68812274,0.07786366,0.99628539,0.02709095,80.0,-7.0,0.0,80.0,1.3962634,0.0,0.0,0.0,80.0,-7.0,0.0,80.0,1.3962634,0.0,0.0,0.0,-11.27777573,-0.55654084,9.1371297,2.14755635,-4.72633137,-3.59029464,115.29416904,51.26696175,3.51686464,-16.68640978,5.8226122,0.77930893,3.10778164,98.76208632,1.85817533,22.48401002,15.29400466
1760624815.517,8.29068784,0.61196423,-3.82257152,0.05830906,0.98823961,0.02725355,80.0,-7.0,0.0,80.0,1.3962634,0.0,0.0,0.0,80.0,-7.0,0.0,80.0,1.3962634,0.0,0.0,0.0,-8.73203638,-0.16874812,8.79422443,1.35617356,-4.96144091,-2.78150609,112.3634278,48.35152291,1.33739884,-18.34935519,5.3119771,0.93696907,1.88968172,93.98210992,0.0,21.61826114,14.43244508
1760624815.551,7.15920916,0.59848846,-3.69819192,0.04178284,0.98661934,0.02608481,80.0,-7.0,0.0,80.0,1.3962634,0.0,0.0,0.0,80.0,-7.0,0.0,80.0,1.3962634,0.0,0.0,0.0,-6.99677884,-0.01179677,8.56579759,0.92875945,-5.20577548,-2.19865329,103.74197271,45.75741086,3.01983085,-22.91553972,4.51438101,1.73413968,0.97577784,89.2588791,0.0,20.65333238,13.28670262
1760624815.584,6.29342756,0.87859869,-3.68623986,0.03007124,0.98793134,0.02208725,80.0,-7.0,0.0,80.0,1.3962634,0.0,0.0,0.0,80.0,-7.0,0.0,80.0,1.3962634,0.0,0.0,0.0,-5.83728836,-0.00059945,8.4181804,0.77027626,-5.68909766,-1.70266861,96.88392461,42.14382108,2.69193623,-24.99999983,4.51855659,2.70446211,-0.2450493,82.23925044,0.0,20.55545164,12.93764558
1760624815.618,5.80819821,0.68495773,-3.47562825,0.02301361,0.98309794,0.02336125,80.0,-7.0,0.0,80.0,1.3962634,0.0,0.0,0.0,80.0,-7.0,0.0,80.0,1.3962634,0.0,0.0,0.0,-5.26773021,0.38217657,8.1867221,0.73336533,-5.85719464,-1.45991755,94.12130575,38.78966962,1.63685738,-24.99999983,4.68995134,2.9702991,-1.00299449,76.83457079,0.0,19.94256553,12.07679157
1760624815.651,5.99876837,0.65826679,-3.05996563,0.01906868,0.97898906,0.02070348,80.0,-7.0,0.0,80.0,1.3962634,0.0,0.0,0.0,80.0,-7.0,0.0,80.0,1.3962634,0.0,0.0,0.0,-5.54337596,0.22637539,8.46008413,1.03109615,-5.67432283,-2.07579333,91.18082641,36.2116658,-0.31020187,-24.99999983,4.90214003,2.12069023,-1.10701175,71.08396181,0.0,19.77377122,11.69876176
1760624815.685,6.44488832,0.33331008,-2.53928997,0.01741748,0.97553754,0.02218811,80.0,-7.0,0.0,80.0,1.3962634,0.0,0.0,0.0,80.0,-7.0,0.0,80.0,1.3962634,0.0,0.0,0.0,-6.28848105,0.67678798,7.76813776,1.46273107,-6.21174414,-2.20756025,82.61551115,32.79352768,2.7043181,-24.99999983,5.73272488,2.25034256,-2.12315996,63.642089,0.0,19.45990763,11.29543448
1760624815.718,5.85974673,0.33820797,-2.00178921,0.01889676,0.97957788,0.02082279,80.0,-7.0,0.0,80.0,1.3962634,0.0,0.0,0.0,80.0,-7.0,0.0,80.0,1.3962634,0.0,0.0,0.0,-5.82057365,0.9176757,7.10271701,1.78584396,-6.48205208,-1.60718836,79.27392167,29.20317798,2.39397797,-24.99999983,5.72667215,2.56076194,-2.86643103,59.26289027,0.0,18.86280981,10.51077275
1760624815.751,6.08820909,-0.08610104,-0.28582991,0.02371319,0.97303291,0.02251426,80.0,-7.0,0.0,80.0,1.3962634,0.0,0.0,0.0,80.0,-7.0,0.0,80.0,1.3962634,0.0,0.0,0.0,-6.18589834,1.06109011,4.96207469,2.0616339,-6.72401761,-1.18487517,68.55335447,26.10223283,8.53392189,-24.99999983,6.02608939,1.25522859,-3.66300383,53.93895428,0.0,18.87836133,10.75882296
1760624815.785,6.5212901,-0.00232089,-0.13229246,0.03200967,0.97526107,0.02171308,80.0,-7.0,0.0,80.0,1.3962634,0.0,0.0,0.0,80.0,-7.0,0.0,80.0,1.3962634,0.0,0.0,0.0,-7.19854781,0.41929478,4.81819414,2.91561144,-6.66619339,-0.71695168,55.16048795,21.67054108,17.39552865,-24.99999983,6.72794586,0.73928208,-3.70985717,47.67459501,0.0,18.34528205,10.44107878
1760624815.818,7.06112871,0.06844346,0.19295169,0.03986955,0.97162936,0.01963405,80.0,-7.0,0.0,80.0,1.3962634,0.0,0.0,0.0,80.0,-7.0,0.0,80.0,1.3962634,0.0,0.0,0.0,-8.16375712,-0.28568575,4.95061943,3.42405315,-6.38468803,-0.8278147,43.95578744,18.54919815,25.8575222,-24.99999983,6.70577645,-0.16244884,-3.27571629,43.56537522,0.0,18.23081394,10.41610413
1760624815.852,7.76665112,0.11505632,0.45531034,0.04902378,0.97291543,0.01924768,80.0,-7.0,0.0,80.0,1.3962634,0.0,0.0,0.0,80.0,-7.0,0.0,80.0,1.3962634,0.0,0.0,0.0,-9.50625306,-0.44203918,5.04143253,3.99169153,-6.14843992,-0.61243023,34.53054921,16.73254906,30.49894762,-24.99999983,7.37040388,-1.29062474,-2.39914128,37.6215067,0.0,18.26604013,10.79410299
1760624815.885,8.27703176,0.21784137,0.62145083,0.05540991,0.97263531,0.01869778,80.0,-7.0,0.0,80.0,1.3962634,0.0,0.0,0.0,80.0,-7.0,0.0,80.0,1.3962634,0.0,0.0,0.0,-10.4374489,-0.57262843,5.0602938,4.5249919,-5.8549016,0.2273981,26.18398184,14.74211975,35.2060338,-24.99999983,7.67298413,-1.2297401,-2.24445795,33.94156522,0.0,18.10137199,10.8183422
1760624815.919,8.4960295,0.48296752,0.66425298,0.05715298,0.97451864,0.01796986,80.0,-7.0,0.0,80.0,1.3962634,0.0,0.0,0.0,80.0,-7.0,0.0,80.0,1.3962634,0.0,0.0,0.0,-10.83366564,-0.75321489,5.16842541,4.77486558,-5.70182413,1.02818024,16.41283176,12.1927098,41.65510216,-23.83429405,7.76600378,-1.20514444,-1.99026712,30.27114906,0.0,17.99827307,10.91052806
1760624815.952,8.17152468,0.62657795,0.73597634,0.0538111,0.97142386,0.01696346,80.0,-7.0,0.0,80.0,1.3962634,0.0,0.0,0.0,80.0,-7.0,0.0,80.0,1.3962634,0.0,0.0,0.0,-10.61689377,-0.76347486,5.41275487,5.252148,-5.91125207,1.56620252,10.26050472,7.85356119,42.79252677,-19.11068567,8.02826063,-1.42451587,-0.73863961,24.7018112,0.0,17.94768511,10.82518243
1760624815.986,8.05388731,0.80374218,0.65808755,0.05218532,0.97062005,0.01463641,80.0,-7.0,0.0,80.0,1.3962634,0.0,0.0,0.0,80.0,-7.0,0.0,80.0,1.3962634,0.0,0.0,0.0,-10.58058161,-0.96948739,5.53034388,5.71809732,-5.95254256,2.2991635,4.82660294,3.94793659,44.21860979,-14.75468083,8.07490646,-1.21299876,-0.7033499,21.42505476,0.0,17.54961852,10.33091799
1760624816.019,7.84734938,0.98341594,0.61524938,0.04657299,0.96484105,0.01269643,80.0,-7.0,0.0,80.0,1.3962634,0.0,0.0,0.0,80.0,-7.0,0.0,80.0,1.3962634,0.0,0.0,0.0,-10.33992633,-0.97165632,5.86390686,6.04936601,-6.32024394,2.73176207,4.12841157,1.07353341,40.57000695,-11.36142299,7.56627796,-0.86369465,-0.68313258,18.79872939,0.0,17.44694613,10.16075351
1760624816.053,7.79783041,0.96184,0.49550947,0.04489301,0.96182816,0.01294112,80.0,-7.0,0.0,80.0,1.3962634,0.0,0.0,0.0,80.0,-7.0,0.0,80.0,1.3962634,0.0,0.0,0.0,-10.44635708,-0.80058832,5.9984953,6.70681323,-6.36725361,3.47306611,3.62454647,0.0,35.30268693,-8.7905115,7.58768775,-0.87727542,-0.30912652,15.10884369,0.0,17.29843305,10.60751876
1760624816.086,7.840437,0.88092417,0.43355247,0.04530528,0.95978245,0.01374416,80.0,-7.0,0.0,80.0,1.3962634,0.0,0.0,0.0,80.0,-7.0,0.0,80.0,1.3962634,0.0,0.0,0.0,-10.61688725,-0.65558822,6.06987951,6.97811294,-6.14219101,3.77866361,4.19298081,0.0,31.04879191,-7.63774595,7.61031222,-0.88852254,-0.09485361,12.67467842,0.0,17.21379403,10.81172458
1760624816.119,7.67482787,0.80802907,0.41552867,0.04445878,0.95767691,0.01381026,80.0,-7.0,0.0,80.0,1.3962634,0.0,0.0,0.0,80.0,-7.0,0.0,80.0,1.3962634,0.0,0.0,0.0,-10.4649339,-0.48935917,6.16661581,6.88349007,-5.76601104,3.85538943,3.06969963,0.0,29.17410792,-6.21292017,7.4433587,-0.73242651,-0.27159009,10.71916051,0.0,17.23958921,10.76173349
1760624816.153,7.28999398,0.80731643,0.42651021,0.0408661,0.95470152,0.01341293,80.0,-7.0,0.0,80.0,1.3962634,0.0,0.0,0.0,80.0,-7.0,0.0,80.0,1.3962634,0.0,0.0,0.0,-9.94191809,-0.55287534,6.31450368,6.43870156,-5.1108911,3.15378461,1.97650964,0.0,27.67869194,-4.39083988,6.98118417,-0.80983765,-0.50781257,8.70229308,0.0,17.36033768,10.73332582
1760624816.186,7.359157,0.84187833,0.34548645,0.04192137,0.95417044,0.01294952,80.0,-7.0,0.0,80.0,1.3962634,0.0,0.0,0.0,80.0,-7.0,0.0,80.0,1.3962634,0.0,0.0,0.0,-10.04930539,-0.57130328,6.286168,6.17746413,-4.81410047,2.29504767,2.20302301,0.0,26.46754223,-3.32955546,6.82324133,-0.89637651,-0.75895548,7.67101666,0.0,17.37411088,10.81171321
1760624816.22,7.42780888,0.8988147,0.23336862,0.04235335,0.95403043,0.01218333,80.0,-7.0,0.0,80.0,1.3962634,0.0,0.0,0.0,80.0,-7.0,0.0,80.0,1.3962634,0.0,0.0,0.0,-10.16734703,-0.65600911,6.2152152,5.93046466,-4.53816672,1.41392109,2.91729437,0.12305751,25.2282359,-2.59832789,6.63799262,-1.06832692,-1.08057992,7.07676627,0.0,17.40870084,10.90735136
1760624816.253,7.37894371,0.93783595,0.12290902,0.03995323,0.95402706,0.0127192,80.0,-7.0,0.0,80.0,1.3962634,0.0,0.0,0.0,80.0,-7.0,0.0,80.0,1.3962634,0.0,0.0,0.0,-10.06957719,-0.74242961,6.11723612,5.56388835,-4.2324787,0.33122579,4.39332451,1.47731774,23.28313349,-2.54521345,6.37294967,-1.33808975,-1.51650478,6.67537708,0.0,17.40224519,10.96927577
1760624816.287,7.28765362,1.00831225,0.05456193,0.0384077,0.95341469,0.01223531,80.0,-7.0,0.0,80.0,1.3962634,0.0,0.0,0.0,80.0,-7.0,0.0,80.0,1.3962634,0.0,0.0,0.0,-9.94867706,-0.7801504,6.05922244,5.35654631,-4.23189294,-0.16225367,5.06951184,2.13362139,22.30849002,-2.48909079,6.34173725,-1.4727785,-1.69962919,6.45687515,0.0,17.40934139,10.99966729
1760624816.32,7.23251549,1.06146365,0.00484431,0.03686242,0.95405453,0.01201175,80.0,-7.0,0.0,80.0,1.3962634,0.0,0.0,0.0,80.0,-7.0,0.0,80.0,1.3962634,0.0,0.0,0.0,-9.91323339,-0.8421593,5.99794635,5.23103961,-4.27889962,-0.65682889,5.68010673,2.78930377,21.54962212,-2.53744487,6.51857037,-1.6375686,-1.79605902,6.28316116,0.0,17.39815471,11.0337256
1760624816.354,7.16975783,1.13346525,-0.05623053,0.03480251,0.95445079,0.01078472,80.0,-7.0,0.0,80.0,1.3962634,0.0,0.0,0.0,80.0,-7.0,0.0,80.0,1.3962634,0.0,0.0,0.0,-9.82242547,-0.91699753,5.95266305,5.07348198,-4.45447234,-1.25479314,6.4618106,3.60313298,20.83165553,-2.69190085,6.78157568,-1.82975145,-1.86512053,6.22086851,0.0,17.42532517,11.04610737
1760624816.387,7.09598136,1.10792555,-0.05266479,0.03210131,0.95351907,0.01059831,80.0,-7.0,0.0,80.0,1.3962634,0.0,0.0,0.0,80.0,-7.0,0.0,80.0,1.3962634,0.0,0.0,0.0,-9.72576398,-0.87745669,5.97818653,4.9911957,-4.702993,-1.66074177,7.35942149,4.02002578,20.10287918,-2.84923188,6.95348377,-1.94694888,-1.85121708,6.30522835,0.0,17.49662182,11.08288156
1760624816.42,7.22159622,1.04214621,-0.0802626,0.02979916,0.95283388,0.01049816,80.0,-7.0,0.0,80.0,1.3962634,0.0,0.0,0.0,80.0,-7.0,0.0,80.0,1.3962634,0.0,0.0,0.0,-9.85091573,-0.75691867,5.96176534,4.96237141,-5.01670122,-1.9355918,7.75704901,4.26591696,19.85835599,-2.91713068,7.19457427,-2.01534406,-1.83414215,6.40713933,0.0,17.48039368,11.08247025
1760624816.454,7.29883775,0.97614113,-0.06617396,0.02791813,0.95271439,0.01058047,80.0,-7.0,0.0,80.0,1.3962634,0.0,0.0,0.0,80.0,-7.0,0.0,80.0,1.3962634,0.0,0.0,0.0,-9.77798702,-0.67500795,5.98864671,4.85475962,-5.3169025,-2.27166173,8.27452323,4.414991,19.5410057,-3.01648271,7.33547518,-2.10600005,-1.605192,6.5095126,0.0,17.50338085,10.98837677
1760624816.487,7.34134033,0.96900392,-0.05943036,0.02753744,0.95266288,0.01067062,80.0,-7.0,0.0,80.0,1.3962634,0.0,0.0,0.0,80.0,-7.0,0.0,80.0,1.3962634,0.0,0.0,0.0,-9.74833664,-0.65993978,5.99396961,4.85275312,-5.52474283,-2.43259755,8.37165416,4.44772646,19.57518435,-2.95940106,7.47958966,-2.13542311,-1.5045624,6.58547769,0.0,17.53935966,10.90526288
1760624816.521,7.36558948,0.8601665,-0.02938714,0.02685061,0.95240968,0.01059846,80.0,-7.0,0.0,80.0,1.3962634,0.0,0.0,0.0,80.0,-7.0,0.0,80.0,1.3962634,0.0,0.0,0.0,-9.64980576,-0.58826997,6.0434068,4.81339604,-5.65015667,-2.54841091,8.69333243,4.2964867,19.29414218,-2.94214359,7.5232539,-2.16813371,-1.38770545,6.63157191,0.0,17.59163476,10.82776311
1760624816.554,7.57558403,0.77423468,-0.02140111,0.02661895,0.9528161,0.0104794,80.0,-7.0,0.0,80.0,1.3962634,0.0,0.0,0.0,80.0,-7.0,0.0,80.0,1.3962634,0.0,0.0,0.0,-9.76016009,-0.51370164,6.07084406,4.85091774,-5.73859902,-2.53574986,8.80728137,3.94709788,19.08605502,-2.98128249,7.63035945,-2.11232111,-1.31241255,6.70167298,0.0,17.61679463,10.73880135
1760624816.588,7.64116108,0.76235823,-0.01888182,0.0263512,0.95283496,0.01007364,80.0,-7.0,0.0,80.0,1.3962634,0.0,0.0,0.0,80.0,-7.0,0.0,80.0,1.3962634,0.0,0.0,0.0,-9.74778613,-0.5204028,6.07552797,4.86109124,-5.76686346,-2.53692499,8.79664207,3.70897871,19.04286883,-2.9483625,7.6521264,-2.08351776,-1.21657481,6.73085631,0.0,17.63640918,10.72332685
1760624816.621,7.71156868,0.75554591,-0.01773378,0.02635188,0.95287899,0.0101645,80.0,-7.0,0.0,80.0,1.3962634,0.0,0.0,0.0,80.0,-7.0,0.0,80.0,1.3962634,0.0,0.0,0.0,-9.7428598,-0.51698199,6.07959539,4.84805001,-5.77793772,-2.54759295,8.74171485,3.60039193,18.99253345,-2.87525146,7.63249298,-2.04528512,-1.1382778,6.73840093,0.0,17.66029016,10.78115027
1760624816.655,8.0830499,0.69544058,-0.04446921,0.02720791,0.95323669,0.01033087,80.0,-7.0,0.0,80.0,1.3962634,0.0,0.0,0.0,80.0,-7.0,0.0,80.0,1.3962634,0.0,0.0,0.0,-10.0389031,-0.48789567,6.13742471,4.84234109,-5.73263808,-2.58753737,8.54566756,3.49996127,19.07397759,-2.82276697,7.59154757,-1.9963404,-1.07031612,6.7291283,0.0,17.63737229,10.77539375
1760624816.688,8.0993617,0.68909851,-0.05371199,0.02777709,0.95313218,0.01053827,80.0,-7.0,0.0,80.0,1.3962634,0.0,0.0,0.0,80.0,-7.0,0.0,80.0,1.3962634,0.0,0.0,0.0,-10.02477431,-0.4884576,6.12927495,4.84873236,-5.69510626,-2.63370237,8.52566679,3.42792762,19.06292654,-2.83907676,7.57379398,-1.95435369,-1.08353863,6.71194775,0.0,17.62130586,10.71271954
1760624816.722,8.12780932,0.6707304,-0.05881755,0.02820275,0.9531894,0.01039663,80.0,-7.0,0.0,80.0,1.3962634,0.0,0.0,0.0,80.0,-7.0,0.0,80.0,1.3962634,0.0,0.0,0.0,-10.01307789,-0.48457707,6.12967709,4.82652339,-5.65868374,-2.76194156,8.49568358,3.59494341,19.03409941,-2.75633016,7.55453082,-1.92010929,-1.14581313,6.67408416,0.0,17.62322164,10.67187726
1760624816.755,8.15732292,0.66154732,-0.06891997,0.0278796,0.95318824,0.01045723,80.0,-7.0,0.0,80.0,1.3962634,0.0,0.0,0.0,80.0,-7.0,0.0,80.0,1.3962634,0.0,0.0,0.0,-10.00032984,-0.46661471,6.12505981,4.7636299,-5.62942329,-2.85515859,8.44852933,3.75062368,19.0420197,-2.75467172,7.55800315,-1.88585677,-1.21181318,6.61589251,0.0,17.59806343,10.65941019
1760624816.788,8.16804327,0.65899926,-0.07227894,0.02764381,0.95324689,0.01059608,80.0,-7.0,0.0,80.0,1.3962634,0.0,0.0,0.0,80.0,-7.0,0.0,80.0,1.3962634,0.0,0.0,0.0,-9.99739724,-0.45992232,6.123199,4.73006075,-5.62161293,-2.88270087,8.41124027,3.78046017,19.03713012,-2.74146119,7.57455323,-1.87644387,-1.23817435,6.58015831,0.0,17.57470981,10.63567757
1760624816.822,8.21396178,0.6605331,-0.05987804,0.02682675,0.95333277,0.01042694,80.0,-7.0,0.0,80.0,1.3962634,0.0,0.0,0.0,80.0,-7.0,0.0,80.0,1.3962634,0.0,0.0,0.0,-10.04961507,-0.43309663,6.1407083,4.71780589,-5.65197664,-2.95331162,8.36515571,3.78640216,18.99166081,-2.71473502,7.62315082,-1.85086186,-1.17137584,6.48543156,0.0,17.60414913,10.62116449
1760624816.855,8.68095141,0.61368302,-0.06931039,0.02781417,0.95415976,0.01069447,80.0,-7.0,0.0,80.0,1.3962634,0.0,0.0,0.0,80.0,-7.0,0.0,80.0,1.3962634,0.0,0.0,0.0,-10.54640446,-0.38125733,6.12144133,4.74464656,-5.66258201,-2.95715593,8.36080708,3.75747689,18.87672134,-2.71769647,7.70504055,-1.84743656,-1.17515339,6.41929154,0.0,17.57571427,10.62888476
1760624816.889,8.68241815,0.6180985,-0.06930436,0.02851123,0.95450831,0.01081624,80.0,-7.0,0.0,80.0,1.3962634,0.0,0.0,0.0,80.0,-7.0,0.0,80.0,1.3962634,0.0,0.0,0.0,-10.54468941,-0.38008623,6.12016554,4.73951529,-5.66846034,-3.0013818,8.32331872,3.73698276,18.82979756,-2.71152538,7.71373075,-1.85097594,-1.20726214,6.40231536,0.0,17.54785008,10.6052061
1760624816.922,8.68840054,0.64447259,-0.05553775,0.02864066,0.95428791,0.0111359,80.0,-7.0,0.0,80.0,1.3962634,0.0,0.0,0.0,80.0,-7.0,0.0,80.0,1.3962634,0.0,0.0,0.0,-10.54243812,-0.39944113,6.12545405,4.69804662,-5.68551658,-3.18599352,8.36016075,3.83629269,18.75407091,-2.66249286,7.69088511,-1.86610757,-1.24235485,6.3811624,0.0,17.57142887,10.65949665
1760624816.956,8.67835335,0.74804069,-0.06495535,0.02860271,0.95401177,0.01120843,80.0,-7.0,0.0,80.0,1.3962634,0.0,0.0,0.0,80.0,-7.0,0.0,80.0,1.3962634,0.0,0.0,0.0,-10.54709619,-0.49515381,6.0854697,4.70679221,-5.6758599,-3.28473259,8.62167798,3.85082444,18.41660047,-2.69714974,7.69319825,-1.86707193,-1.30531464,6.32748015,0.0,17.57275133,10.68760954
1760624816.989,8.76259929,0.78824684,-0.07353313,0.02827877,0.95404349,0.01125198,80.0,-7.0,0.0,80.0,1.3962634,0.0,0.0,0.0,80.0,-7.0,0.0,80.0,1.3962634,0.0,0.0,0.0,-10.64573773,-0.52375135,6.04815339,4.74314096,-5.67839233,-3.33110476,8.85530041,3.73748696,18.07757547,-2.70022809,7.70810296,-1.84245936,-1.33557015,6.21967762,0.0,17.55011338,10.64458213
1760624817.022,8.77473804,0.78999618,-0.09724949,0.02912097,0.95434756,0.01118783,80.0,-7.0,0.0,80.0,1.3962634,0.0,0.0,0.0,80.0,-7.0,0.0,80.0,1.3962634,0.0,0.0,0.0,-10.63097501,-0.51900187,6.0198865,4.7381693,-5.64463673,-3.30503689,8.76412443,3.6466613,18.00298861,-2.64273967,7.68868871,-1.83206668,-1.22024686,5.97451656,0.0,17.51695204,10.65421736
1760624817.056,8.76149542,0.80175726,-0.0995372,0.03072277,0.95443176,0.01116293,80.0,-7.0,0.0,80.0,1.3962634,0.0,0.0,0.0,80.0,-7.0,0.0,80.0,1.3962634,0.0,0.0,0.0,-10.61147224,-0.51174783,6.01014024,4.73497566,-5.61891144,-3.29354467,8.72111585,3.58813175,17.98921324,-2.60604637,7.64971343,-1.79790898,-1.14424768,5.85806313,0.0,17.50925163,10.64538701
1760624817.089,8.70534347,0.83654096,-0.08387592,0.0316023,0.95469527,0.01131954,80.0,-7.0,0.0,80.0,1.3962634,0.0,0.0,0.0,80.0,-7.0,0.0,80.0,1.3962634,0.0,0.0,0.0,-10.51821731,-0.55231433,5.97247909,4.70111809,-5.55578631,-3.33199135,8.38311299,3.55718013,18.30748809,-2.53894641,7.58503579,-1.78577356,-1.1753653,5.84089313,0.0,17.47651658,10.580026
1760624817.123,8.61353102,0.86169769,-0.07038722,0.03171793,0.95454803,0.01138542,80.0,-7.0,0.0,80.0,1.3962634,0.0,0.0,0.0,80.0,-7.0,0.0,80.0,1.3962634,0.0,0.0,0.0,-10.36818766,-0.58293622,5.95572792,4.65142172,-5.50339272,-3.37478557,8.00741701,3.60218326,18.61351386,-2.42612878,7.49381805,-1.80156274,-1.16009726,5.78512816,0.0,17.47187301,10.61920107
1760624817.156,8.51733738,0.86518158,-0.05856998,0.0319543,0.95443624,0.01140603,80.0,-7.0,0.0,80.0,1.3962634,0.0,0.0,0.0,80.0,-7.0,0.0,80.0,1.3962634,0.0,0.0,0.0,-10.25132955,-0.58450232,5.94174961,4.62456289,-5.47153726,-3.32007813,7.66525241,3.60812189,18.88185936,-2.34678351,7.44360676,-1.80920835,-1.12151017,5.75176621,0.0,17.49283859,10.67709057
1760624817.19,8.50401263,0.85952718,-0.05500729,0.03238579,0.95413769,0.01105863,80.0,-7.0,0.0,80.0,1.3962634,0.0,0.0,0.0,80.0,-7.0,0.0,80.0,1.3962634,0.0,0.0,0.0,-10.22399342,-0.57996181,5.94306928,4.61766996,-5.4624233,-3.24553423,7.56971055,3.54506804,18.8511185,-2.27127798,7.43583499,-1.79512225,-1.10423221,5.66606726,0.0,17.51005431,10.65794858
1760624817.223,8.2705835,0.81332765,-0.00061611,0.03317571,0.95369179,0.01075623,80.0,-7.0,0.0,80.0,1.3962634,0.0,0.0,0.0,80.0,-7.0,0.0,80.0,1.3962634,0.0,0.0,0.0,-10.03626095,-0.53075769,5.94222492,4.75199173,-5.45472414,-3.05896968,7.15814693,3.23423654,18.94216627,-2.09927983,7.53971594,-1.76244745,-0.93679418,5.41727974,0.0,17.45723418,10.61925089
1760624817.257,8.12612886,0.79007637,0.04081049,0.03358549,0.95332218,0.01049987,80.0,-7.0,0.0,80.0,1.3962634,0.0,0.0,0.0,80.0,-7.0,0.0,80.0,1.3962634,0.0,0.0,0.0,-9.88897043,-0.5000829,5.91555621,4.83915587,-5.411665,-2.75534904,6.52302054,2.68243191,19.27824375,-1.90398669,7.54238247,-1.70676115,-0.75676413,5.25798784,0.0,17.43216536,10.59539596
1760624817.29,8.06523486,0.7894872,0.07507372,0.03425706,0.95307806,0.01037441,80.0,-7.0,0.0,80.0,1.3962634,0.0,0.0,0.0,80.0,-7.0,0.0,80.0,1.3962634,0.0,0.0,0.0,-9.81230517,-0.49782302,5.87976454,4.92516768,-5.35011146,-2.41476197,5.98677215,2.03790783,19.59802751,-1.70857638,7.47975979,-1.66601614,-0.56489634,5.18782287,0.0,17.45910662,10.64192475
1760624817.324,7.99507581,0.80537301,0.10961624,0.03441106,0.9527356,0.01015331,80.0,-7.0,0.0,80.0,1.3962634,0.0,0.0,0.0,80.0,-7.0,0.0,80.0,1.3962634,0.0,0.0,0.0,-9.67483493,-0.50662135,5.85647921,5.00172422,-5.228675,-1.98940722,4.93644673,1.16550169,20.4467476,-1.36140322,7.3109108,-1.60112952,-0.29382698,5.14268193,0.0,17.44465268,10.74259655
1760624817.357,7.9606904,0.82705453,0.15139515,0.03434728,0.95259758,0.01018221,80.0,-7.0,0.0,80.0,1.3962634,0.0,0.0,0.0,80.0,-7.0,0.0,80.0,1.3962634,0.0,0.0,0.0,-9.56815714,-0.5168598,5.85580828,5.0337575,-5.12853688,-1.73185702,4.29907071,0.76890007,20.94243955,-1.15449438,7.1487002,-1.52733966,-0.01310485,5.08800008,0.0,17.41712315,10.76886366
1760624817.391,7.93354799,0.85051611,0.1823352,0.03493694,0.95256195,0.01042071,80.0,-7.0,0.0,80.0,1.3962634,0.0,0.0,0.0,80.0,-7.0,0.0,80.0,1.3962634,0.0,0.0,0.0,-9.49700969,-0.54561591,5.84602674,5.05126064,-5.01672642,-1.4829858,3.77830042,0.57229811,21.3849977,-0.99767884,7.03344367,-1.47578442,0.2495012,5.00495339,0.0,17.41266481,10.79845335
1760624817.424,7.90579857,0.88936254,0.19853932,0.0356964,0.95238111,0.00999568,80.0,-7.0,0.0,80.0,1.3962634,0.0,0.0,0.0,80.0,-7.0,0.0,80.0,1.3962634,0.0,0.0,0.0,-9.41191388,-0.5872956,5.83909429,5.0137316,-4.89022527,-1.23180854,3.28146835,0.5328608,21.84195913,-0.87796691,6.88835623,-1.39864466,0.34234058,4.97552874,0.0,17.37368399,10.78095865
1760624817.457,7.89433679,0.93055853,0.19928472,0.03662957,0.95203142,0.00979085,80.0,-7.0,0.0,80.0,1.3962634,0.0,0.0,0.0,80.0,-7.0,0.0,80.0,1.3962634,0.0,0.0,0.0,-9.38554384,-0.63842606,5.81470873,5.00058483,-4.80314488,-1.08184676,2.89868677,0.48898327,22.22806327,-0.7917316,6.83088202,-1.37301099,0.40723543,4.92960478,0.0,17.36128061,10.76867513
1760624817.491,7.84082507,0.98534861,0.21074564,0.0366961,0.95175514,0.00956598,80.0,-7.0,0.0,80.0,1.3962634,0.0,0.0,0.0,80.0,-7.0,0.0,80.0,1.3962634,0.0,0.0,0.0,-9.29945306,-0.70977327,5.80502648,4.95350538,-4.72073875,-0.99168062,2.37974357,0.51975548,22.71465631,-0.69318281,6.74111267,-1.3638464,0.46497934,4.90863222,0.0,17.38213098,10.75972127
1760624817.524,7.84041204,0.98146096,0.22054644,0.03649411,0.95156038,0.00956275,80.0,-7.0,0.0,80.0,1.3962634,0.0,0.0,0.0,80.0,-7.0,0.0,80.0,1.3962634,0.0,0.0,0.0,-9.30075163,-0.73779358,5.81038202,4.91166288,-4.64552916,-0.93591941,2.35413353,0.67897258,22.7275815,-0.71339799,6.70368439,-1.42015296,0.49086007,4.87739094,0.0,17.35932046,10.74578546
1760624817.558,7.84841805,0.99482178,0.23681095,0.03589397,0.95157556,0.00969579,80.0,-7.0,0.0,80.0,1.3962634,0.0,0.0,0.0,80.0,-7.0,0.0,80.0,1.3962634,0.0,0.0,0.0,-9.27466691,-0.76830344,5.81988594,4.8443065,-4.60388957,-0.94585566,2.34506445,0.69070356,22.72480334,-0.69860838,6.66796509,-1.45854624,0.54602417,4.79703608,0.0,17.37148649,10.73027719
1760624817.591,7.73107372,1.13529222,0.25788737,0.03485465,0.95130554,0.00945135,80.0,-7.0,0.0,80.0,1.3962634,0.0,0.0,0.0,80.0,-7.0,0.0,80.0,1.3962634,0.0,0.0,0.0,-9.12338067,-0.91024886,5.80063063,4.77909797,-4.57463742,-0.95642285,2.13278103,0.64792589,22.87284909,-0.67914812,6.63364776,-1.47406257,0.55297071,4.75956169,0.0,17.37671569,10.70958789
1760624817.625,7.73251725,1.13825708,0.26321854,0.03426146,0.95123491,0.00945283,80.0,-7.0,0.0,80.0,1.3962634,0.0,0.0,0.0,80.0,-7.0,0.0,80.0,1.3962634,0.0,0.0,0.0,-9.1132027,-0.91682087,5.80450892,4.73863631,-4.56613334,-1.00100264,2.09843379,0.63717185,22.84041279,-0.67024918,6.62736364,-1.49908272,0.48896257,4.74912588,0.0,17.37863106,10.6717851
1760624817.692,7.56529545,1.28686527,0.29354437,0.03358946,0.95066253,0.00940358,80.0,-7.0,0.0,80.0,1.3962634,0.0,0.0,0.0,80.0,-7.0,0.0,80.0,1.3962634,0.0,0.0,0.0,-8.83970542,-1.090534,5.80730384,4.57150909,-4.52945767,-1.2194083,2.50575264,0.69395785,22.39378001,-0.76254936,6.53059006,-1.56465646,0.40298161,4.71676416,0.0,17.41874711,10.65705856
1760624817.725,7.56852468,1.29239142,0.30568027,0.03292662,0.95058386,0.00962752,80.0,-7.0,0.0,80.0,1.3962634,0.0,0.0,0.0,80.0,-7.0,0.0,80.0,1.3962634,0.0,0.0,0.0,-8.77741448,-1.11093543,5.81721154,4.47060967,-4.50111785,-1.27355867,2.45985261,0.70347063,22.41880277,-0.75944832,6.47731895,-1.60463859,0.40865095,4.66968973,0.0,17.42762636,10.67564146
1760624817.758,7.56426585,1.29718832,0.29463802,0.03222701,0.95049715,0.00955483,80.0,-7.0,0.0,80.0,1.3962634,0.0,0.0,0.0,80.0,-7.0,0.0,80.0,1.3962634,0.0,0.0,0.0,-8.75099192,-1.11602126,5.80680265,4.42844225,-4.4870665,-1.31054376,2.41653194,0.69448356,22.41621221,-0.76304756,6.46765295,-1.60349302,0.3938586,4.60706099,0.0,17.40127296,10.67297398
1760624817.792,7.29702379,1.39376012,0.30449016,0.03223373,0.94998203,0.00937963,80.0,-7.0,0.0,80.0,1.3962634,0.0,0.0,0.0,80.0,-7.0,0.0,80.0,1.3962634,0.0,0.0,0.0,-8.47388707,-1.24155138,5.82614279,4.41449522,-4.45554082,-1.33017451,2.18311865,0.63947616,22.57897884,-0.6772445,6.44010617,-1.62835643,0.45287148,4.55939965,0.0,17.41041541,10.65242403
1760624817.825,7.29170908,1.39443731,0.2957553,0.03182437,0.95013496,0.00940251,80.0,-7.0,0.0,80.0,1.3962634,0.0,0.0,0.0,80.0,-7.0,0.0,80.0,1.3962634,0.0,0.0,0.0,-8.48523761,-1.25270196,5.82002809,4.42670078,-4.43812499,-1.33233283,2.23396163,0.63794293,22.53732161,-0.69740017,6.469037,-1.64809741,0.46958467,4.47747108,0.0,17.41913591,10.68451489
1760624817.859,7.32685552,1.42723479,0.26852563,0.03127822,0.95006641,0.00926929,80.0,-7.0,0.0,80.0,1.3962634,0.0,0.0,0.0,80.0,-7.0,0.0,80.0,1.3962634,0.0,0.0,0.0,-8.55014449,-1.28968663,5.80405683,4.44307787,-4.44033094,-1.33711935,2.54838275,0.68712955,22.22256189,-0.76641952,6.49744814,-1.63670181,0.47140202,4.41803337,0.0,17.39280766,10.66225299
1760624817.892,7.3248921,1.42307633,0.26271488,0.03132373,0.95005143,0.00918834,80.0,-7.0,0.0,80.0,1.3962634,0.0,0.0,0.0,80.0,-7.0,0.0,80.0,1.3962634,0.0,0.0,0.0,-8.55350874,-1.29312989,5.7981117,4.44338143,-4.43675294,-1.32175762,2.54483956,0.71445686,22.21398629,-0.74425745,6.48726178,-1.64097062,0.5036932,4.36546667,0.0,17.36563275,10.6556346
1760624817.926,7.3215789,1.41239527,0.26441515,0.03164429,0.95022815,0.00900816,80.0,-7.0,0.0,80.0,1.3962634,0.0,0.0,0.0,80.0,-7.0,0.0,80.0,1.3962634,0.0,0.0,0.0,-8.55207512,-1.30546398,5.79881222,4.4501121,-4.42717109,-1.33210794,2.53125827,0.77659968,22.19366206,-0.71247029,6.47193238,-1.65177897,0.52609527,4.33830779,0.0,17.37475248,10.65597676
1760624817.959,7.31536983,1.40872225,0.26660649,0.03171512,0.95031475,0.00894744,80.0,-7.0,0.0,80.0,1.3962634,0.0,0.0,0.0,80.0,-7.0,0.0,80.0,1.3962634,0.0,0.0,0.0,-8.55920701,-1.31148227,5.8002179,4.45216283,-4.41593051,-1.32395469,2.54684798,0.73261352,22.21093013,-0.75198017,6.47766864,-1.64926981,0.5526119,4.33150686,0.0,17.36604807,10.6397509
1760624817.993,7.31347603,1.40257461,0.27678119,0.03178298,0.95047479,0.0088867,80.0,-7.0,0.0,80.0,1.3962634,0.0,0.0,0.0,80.0,-7.0,0.0,80.0,1.3962634,0.0,0.0,0.0,-8.56254352,-1.32245603,5.80868286,4.45072948,-4.42233476,-1.32249006,2.54214457,0.77543497,22.1973871,-0.7433584,6.48678155,-1.65995689,0.56440241,4.31337992,0.0,17.3298134,10.59478257
1760624818.026,7.31297522,1.40046274,0.29479934,0.03190664,0.95049229,0.00877517,80.0,-7.0,0.0,80.0,1.3962634,0.0,0.0,0.0,80.0,-7.0,0.0,80.0,1.3962634,0.0,0.0,0.0,-8.56687909,-1.33310159,5.82523142,4.45290732,-4.42289249,-1.32993759,2.54334005,0.79592416,22.18086497,-0.76359493,6.49287398,-1.66022934,0.56970045,4.29570313,0.0,17.31033638,10.56991754
1760624818.06,7.3332388,1.40138959,0.29886275,0.03143959,0.9506879,0.00892264,80.0,-7.0,0.0,80.0,1.3962634,0.0,0.0,0.0,80.0,-7.0,0.0,80.0,1.3962634,0.0,0.0,0.0,-8.60955603,-1.35426393,5.8275937,4.46797481,-4.42601195,-1.37028052,2.6028335,0.91056062,22.15383924,-0.7880404,6.5311798,-1.67059566,0.57587397,4.26795831,0.0,17.31350454,10.57716589
1760624818.093,7.55223788,1.44415711,0.28408441,0.03116329,0.95114551,0.00896045,80.0,-7.0,0.0,80.0,1.3962634,0.0,0.0,0.0,80.0,-7.0,0.0,80.0,1.3962634,0.0,0.0,0.0,-8.83234676,-1.41048996,5.8231782,4.4560122,-4.44354275,-1.40992037,2.85035613,0.94237397,21.95333773,-0.83643894,6.53900792,-1.68666062,0.58354613,4.2539633,0.0,17.32354792,10.6049035
1760624818.126,7.55809531,1.44288909,0.29955334,0.03069028,0.95112204,0.00906326,80.0,-7.0,0.0,80.0,1.3962634,0.0,0.0,0.0,80.0,-7.0,0.0,80.0,1.3962634,0.0,0.0,0.0,-8.83053101,-1.41439533,5.83830816,4.4574376,-4.44829312,-1.41255217,2.84373488,0.92285804,21.94844189,-0.84533473,6.50454161,-1.69072814,0.58695447,4.27053186,0.0,17.36076351,10.61398372
1760624818.16,7.56412949,1.43913579,0.30712733,0.03074102,0.95102705,0.00908632,80.0,-7.0,0.0,80.0,1.3962634,0.0,0.0,0.0,80.0,-7.0,0.0,80.0,1.3962634,0.0,0.0,0.0,-8.82345939,-1.41742534,5.84584355,4.4303662,-4.45140828,-1.42064751,2.85452256,0.94714412,21.96505025,-0.83066309,6.49125324,-1.68941201,0.58235688,4.25675736,0.0,17.35503965,10.61568856
1760624818.193,7.55453044,1.43556304,0.30486113,0.0311998,0.95089218,0.00917356,80.0,-7.0,0.0,80.0,1.3962634,0.0,0.0,0.0,80.0,-7.0,0.0,80.0,1.3962634,0.0,0.0,0.0,-8.82453387,-1.41871154,5.84414366,4.42449921,-4.4446633,-1.4246851,2.86023092,0.96479778,21.98814916,-0.85227745,6.48792178,-1.67979863,0.62984811,4.22088687,0.0,17.32317579,10.59907821
1760624818.227,7.55700482,1.40421458,0.28593982,0.03260361,0.95103806,0.00944803,80.0,-7.0,0.0,80.0,1.3962634,0.0,0.0,0.0,80.0,-7.0,0.0,80.0,1.3962634,0.0,0.0,0.0,-8.89077765,-1.40072817,5.82590646,4.48187167,-4.43907732,-1.37824278,3.14063433,0.98672937,21.7321773,-0.9190618,6.55229399,-1.66504368,0.6451204,4.21693671,0.0,17.32709084,10.59995055
1760624818.26,7.5479964,1.39957919,0.28796535,0.03214399,0.95108089,0.00944082,80.0,-7.0,0.0,80.0,1.3962634,0.0,0.0,0.0,80.0,-7.0,0.0,80.0,1.3962634,0.0,0.0,0.0,-8.89006691,-1.40216055,5.82695373,4.47868868,-4.42843445,-1.39655487,3.1204054,0.99032064,21.73191757,-0.90492478,6.51754349,-1.66185217,0.62718369,4.24289338,0.0,17.34461162,10.62867153
1760624818.294,7.54914208,1.39443412,0.29246822,0.03135034,0.95130445,0.00954896,80.0,-7.0,0.0,80.0,1.3962634,0.0,0.0,0.0,80.0,-7.0,0.0,80.0,1.3962634,0.0,0.0,0.0,-8.8925634,-1.40442458,5.82982802,4.47125266,-4.4113886,-1.37856796,3.10337945,1.00711246,21.71906929,-0.88705921,6.50174034,-1.64870341,0.64133424,4.2237847,0.0,17.33497231,10.59665019
1760624818.327,7.541448,1.39076325,0.2954691,0.0308982,0.95138117,0.00959977,80.0,-7.0,0.0,80.0,1.3962634,0.0,0.0,0.0,80.0,-7.0,0.0,80.0,1.3962634,0.0,0.0,0.0,-8.90693909,-1.40349467,5.8317475,4.46705565,-4.40146913,-1.35825514,3.11252326,0.99994185,21.74097234,-0.89223004,6.48444968,-1.64287141,0.6806614,4.22687985,0.0,17.33812922,10.55979274
1760624818.361,7.52980676,1.39072864,0.29071741,0.03095562,0.95135075,0.00945433,80.0,-7.0,0.0,80.0,1.3962634,0.0,0.0,0.0,80.0,-7.0,0.0,80.0,1.3962634,0.0,0.0,0.0,-8.92227603,-1.39810416,5.82707588,4.47702633,-4.40988749,-1.39840004,3.11952674,1.04275058,21.74984382,-0.8853809,6.48372763,-1.64513179,0.69422698,4.23576378,0.0,17.34986601,10.57373601
1760624818.394,7.52886016,1.39324617,0.29276336,0.03040563,0.95121636,0.00941588,80.0,-7.0,0.0,80.0,1.3962634,0.0,0.0,0.0,80.0,-7.0,0.0,80.0,1.3962634,0.0,0.0,0.0,-8.92433406,-1.39210708,5.82844282,4.46413941,-4.40961912,-1.40720051,3.08344267,1.02938962,21.73482712,-0.90924584,6.47802643,-1.63868328,0.72323073,4.21568341,0.0,17.33613442,10.5663031
1760624818.428,7.52287632,1.39462725,0.29676877,0.03046528,0.95117408,0.00929795,80.0,-7.0,0.0,80.0,1.3962634,0.0,0.0,0.0,80.0,-7.0,0.0,80.0,1.3962634,0.0,0.0,0.0,-8.93338592,-1.38433836,5.83159234,4.45721582,-4.41381529,-1.39550371,3.09194797,1.03003424,21.75690772,-0.9294616,6.49388524,-1.63622467,0.75395846,4.19249375,0.0,17.32455868,10.54174662
1760624818.461,7.51182013,1.38848921,0.31534056,0.03088275,0.95098863,0.00917328,80.0,-7.0,0.0,80.0,1.3962634,0.0,0.0,0.0,80.0,-7.0,0.0,80.0,1.3962634,0.0,0.0,0.0,-8.9362421,-1.36529841,5.84104026,4.44640811,-4.43161183,-1.44515011,3.07752409,1.1051548,21.80520979,-0.92412521,6.51189343,-1.62958974,0.8028876,4.16535831,0.0,17.33841107,10.54395544
1760624818.494,7.50570654,1.39455251,0.30860291,0.03111658,0.95081624,0.00934249,80.0,-7.0,0.0,80.0,1.3962634,0.0,0.0,0.0,80.0,-7.0,0.0,80.0,1.3962634,0.0,0.0,0.0,-8.93952741,-1.35638569,5.8336121,4.44491921,-4.44124758,-1.4263352,3.08054898,1.11131087,21.81478248,-0.92461071,6.5111241,-1.64490282,0.83358473,4.16459126,0.0,17.34343136,10.55490062
1760624818.528,7.48492341,1.38697861,0.31198877,0.03153795,0.95075478,0.00941972,80.0,-7.0,0.0,80.0,1.3962634,0.0,0.0,0.0,80.0,-7.0,0.0,80.0,1.3962634,0.0,0.0,0.0,-8.937595,-1.34168539,5.82704027,4.43883087,-4.44123784,-1.4326139,3.06393219,1.09083915,21.86222993,-0.95483745,6.51194915,-1.65879839,0.8662543,4.15988362,0.0,17.35479808,10.5667711
1760624818.561,7.29321289,1.28506974,0.40985659,0.030865,0.95038218,0.00923057,80.0,-7.0,0.0,80.0,1.3962634,0.0,0.0,0.0,80.0,-7.0,0.0,80.0,1.3962634,0.0,0.0,0.0,-8.7161425,-1.22714602,5.79847814,4.40339043,-4.41443367,-1.45184381,2.26567006,1.01663843,22.63787083,-0.7699045,6.476546,-1.6760867,0.98001698,4.12147784,0.0,17.35346698,10.56413637
1760624818.595,7.27849802,1.27739289,0.42248611,0.03105283,0.9506311,0.00926838,80.0,-7.0,0.0,80.0,1.3962634,0.0,0.0,0.0,80.0,-7.0,0.0,80.0,1.3962634,0.0,0.0,0.0,-8.71068167,-1.22192994,5.79455737,4.40354603,-4.4006444,-1.44683912,2.27553591,0.97769661,22.60876969,-0.7427756,6.50244666,-1.69195311,1.0330442,4.07939655,0.0,17.35149164,10.55812608
1760624818.628,7.24516248,1.27430742,0.43508575,0.03150886,0.9505095,0.00939732,80.0,-7.0,0.0,80.0,1.3962634,0.0,0.0,0.0,80.0,-7.0,0.0,80.0,1.3962634,0.0,0.0,0.0,-8.72012819,-1.21124471,5.79161214,4.43260437,-4.38336575,-1.45085248,2.29482689,0.9878235,22.59583405,-0.78003338,6.53867731,-1.69482247,1.01535445,4.11042988,0.0,17.35383062,10.55926722
1760624818.662,7.1328099,1.18660853,0.52558096,0.03172093,0.95018279,0.00946867,80.0,-7.0,0.0,80.0,1.3962634,0.0,0.0,0.0,80.0,-7.0,0.0,80.0,1.3962634,0.0,0.0,0.0,-8.64949222,-1.1095455,5.70591826,4.45759144,-4.39214767,-1.452061,2.74848703,1.05061614,22.16592215,-0.85971213,6.5945184,-1.6939161,0.97837911,4.0952708,0.0,17.35052607,10.56116727
1760624818.695,7.1287442,1.18288311,0.52630013,0.03193415,0.95022036,0.00947663,80.0,-7.0,0.0,80.0,1.3962634,0.0,0.0,0.0,80.0,-7.0,0.0,80.0,1.3962634,0.0,0.0,0.0,-8.64774383,-1.1055541,5.6966739,4.45016049,-4.37964154,-1.44238333,2.73519496,1.06603289,22.16827375,-0.86622703,6.62121231,-1.68873943,0.96363151,4.06896447,0.0,17.32300585,10.52876711
1760624818.729,7.12246219,1.18268788,0.5194314,0.03183603,0.95025194,0.00932209,80.0,-7.0,0.0,80.0,1.3962634,0.0,0.0,0.0,80.0,-7.0,0.0,80.0,1.3962634,0.0,0.0,0.0,-8.65177671,-1.1012177,5.68831778,4.46198721,-4.37983195,-1.44810729,2.73817367,1.07309953,22.17379226,-0.8677102,6.61075899,-1.69661896,0.97128484,4.05724178,0.0,17.31847046,10.52520132
1760624818.762,6.92492802,1.02840005,0.71615068,0.03133145,0.94999604,0.00912032,80.0,-7.0,0.0,80.0,1.3962634,0.0,0.0,0.0,80.0,-7.0,0.0,80.0,1.3962634,0.0,0.0,0.0,-8.48225828,-0.92142787,5.54169244,4.47989272,-4.38459713,-1.52533514,2.55179059,1.1845264,22.37858165,-0.8487674,6.61501617,-1.70970958,1.04939545,4.04117083,0.0,17.32352168,10.54102788
1760624818.795,6.91744441,1.02836197,0.72064431,0.03155282,0.94996478,0.00894574,80.0,-7.0,0.0,80.0,1.3962634,0.0,0.0,0.0,80.0,-7.0,0.0,80.0,1.3962634,0.0,0.0,0.0,-8.48759841,-0.92005744,5.54428772,4.48314248,-4.3927419,-1.51300507,2.54717042,1.19247278,22.37480191,-0.85250929,6.61336348,-1.71842662,1.06008657,4.03666456,0.0,17.32382863,10.54315846
1760624818.829,6.88409349,1.02888944,0.73764408,0.03137745,0.94999567,0.00877691,80.0,-7.0,0.0,80.0,1.3962634,0.0,0.0,0.0,80.0,-7.0,0.0,80.0,1.3962634,0.0,0.0,0.0,-8.49193995,-0.90083359,5.53285576,4.51132137,-4.41752141,-1.50808635,2.54635582,1.2325731,22.39412528,-0.89158643,6.62358026,-1.71296937,1.11735801,4.01438583,0.0,17.34681354,10.54972155
1760624818.862,6.82917749,1.02358789,0.75187893,0.03192228,0.94984336,0.00886544,80.0,-7.0,0.0,80.0,1.3962634,0.0,0.0,0.0,80.0,-7.0,0.0,80.0,1.3962634,0.0,0.0,0.0,-8.51303168,-0.88648923,5.50948233,4.57427226,-4.44574448,-1.535529,2.57408471,1.36953781,22.4124299,-0.91460476,6.68938865,-1.72644805,1.19234525,3.9950734,0.0,17.33604228,10.55876825
1760624818.896,6.80814494,1.01985069,0.76283015,0.03103804,0.94981972,0.00896768,80.0,-7.0,0.0,80.0,1.3962634,0.0,0.0,0.0,80.0,-7.0,0.0,80.0,1.3962634,0.0,0.0,0.0,-8.50843543,-0.88520024,5.49900394,4.58998948,-4.45115463,-1.56047831,2.57510415,1.42363789,22.44304748,-0.91905669,6.68251797,-1.7468096,1.18824492,4.01061632,0.0,17.35917691,10.57498364
1760624818.929,6.80589237,1.01979679,0.75763873,0.0311314,0.94974636,0.00907089,80.0,-7.0,0.0,80.0,1.3962634,0.0,0.0,0.0,80.0,-7.0,0.0,80.0,1.3962634,0.0,0.0,0.0,-8.50428308,-0.88393154,5.4900968,4.60215467,-4.4621737,-1.58364511,2.57918082,1.41748617,22.45387512,-0.92803897,6.67598972,-1.75697061,1.18340978,3.99825965,0.0,17.35504319,10.5687914
1760624818.963,6.49450886,1.00838265,0.92632938,0.0312103,0.94911501,0.00885881,80.0,-7.0,0.0,80.0,1.3962634,0.0,0.0,0.0,80.0,-7.0,0.0,80.0,1.3962634,0.0,0.0,0.0,-8.23619156,-0.8486553,5.3817979,4.66375658,-4.50071548,-1.63042698,2.29972749,1.41747877,22.71416714,-0.85385387,6.71477023,-1.75047304,1.25571593,3.9785769,0.0,17.36175778,10.5488436
1760624818.996,6.48735997,1.01270419,0.93047217,0.03140297,0.94916932,0.00883398,80.0,-7.0,0.0,80.0,1.3962634,0.0,0.0,0.0,80.0,-7.0,0.0,80.0,1.3962634,0.0,0.0,0.0,-8.23642677,-0.84226609,5.37538315,4.68128429,-4.52264916,-1.64187246,2.29263014,1.39003213,22.70052325,-0.85989789,6.72431819,-1.7552962,1.25466807,3.97153554,0.0,17.37173206,10.58908026
1760624819.03,6.45950733,1.0224747,0.95902904,0.0311602,0.94930098,0.00862865,80.0,-7.0,0.0,80.0,1.3962634,0.0,0.0,0.0,80.0,-7.0,0.0,80.0,1.3962634,0.0,0.0,0.0,-8.26123392,-0.83350332,5.3677249,4.72788275,-4.56985164,-1.72310782,2.3234927,1.45708126,22.66126372,-0.8470947,6.78450214,-1.74019427,1.27063878,3.9450917,0.0,17.37972726,10.60139339
1760624819.063,6.69351859,1.04288351,1.05608822,0.02956614,0.95013509,0.0088004,80.0,-7.0,0.0,80.0,1.3962634,0.0,0.0,0.0,80.0,-7.0,0.0,80.0,1.3962634,0.0,0.0,0.0,-8.51606467,-0.83899705,5.25934145,4.72418151,-4.57857842,-1.7844003,2.74098845,1.61659393,22.26787952,-0.92430423,6.81591592,-1.74933801,1.26020053,3.90726541,0.0,17.36091247,10.57472747
1760624819.097,6.98408704,1.06002788,1.15381904,0.02884837,0.95052096,0.0088441,80.0,-7.0,0.0,80.0,1.3962634,0.0,0.0,0.0,80.0,-7.0,0.0,80.0,1.3962634,0.0,0.0,0.0,-8.86058396,-0.83081746,5.13228386,4.7613662,-4.59264976,-1.804663,2.92927005,1.64273668,22.10448782,-0.9723527,6.88650112,-1.75740988,1.28427734,3.8517286,0.0,17.3501895,10.5777866
1760624819.13,7.04714743,1.04964844,1.22937945,0.0279155,0.95035171,0.00879784,80.0,-7.0,0.0,80.0,1.3962634,0.0,0.0,0.0,80.0,-7.0,0.0,80.0,1.3962634,0.0,0.0,0.0,-8.94112572,-0.81769094,5.08013283,4.77044331,-4.57099782,-1.83547114,2.67064985,1.64048066,22.35167692,-0.9393645,6.90633553,-1.77190007,1.32862881,3.82530785,0.0,17.35139971,10.57517547
1760624819.163,7.04702129,1.05375596,1.21635168,0.02780331,0.95033029,0.0088496,80.0,-7.0,0.0,80.0,1.3962634,0.0,0.0,0.0,80.0,-7.0,0.0,80.0,1.3962634,0.0,0.0,0.0,-8.95462269,-0.81174291,5.05856429,4.76809624,-4.58822601,-1.82702107,2.66438047,1.71808744,22.36687865,-0.92190072,6.8986445,-1.79370303,1.31875862,3.81016428,0.0,17.36125693,10.58084417
1760624819.23,7.08441881,1.0870142,1.27443031,0.02780066,0.95085963,0.00888783,80.0,-7.0,0.0,80.0,1.3962634,0.0,0.0,0.0,80.0,-7.0,0.0,80.0,1.3962634,0.0,0.0,0.0,-9.02265326,-0.82242757,5.00425475,4.78214856,-4.59701355,-1.81987747,2.26204794,1.68105038,22.78542605,-0.85986807,6.88574384,-1.82286152,1.48364479,3.76059798,0.0,17.38408938,10.61570275
1760624819.264,7.07750683,1.0934931,1.27324589,0.02775966,0.9508929,0.00890214,80.0,-7.0,0.0,80.0,1.3962634,0.0,0.0,0.0,80.0,-7.0,0.0,80.0,1.3962634,0.0,0.0,0.0,-9.04690258,-0.81896828,4.9926065,4.80283142,-4.61208106,-1.83450919,2.26947762,1.74154933,22.79912797,-0.85679452,6.91593276,-1.82228003,1.50135484,3.75155147,0.0,17.38489913,10.61413598
1760624819.297,7.09579245,1.11573169,1.2794838,0.02712649,0.95051256,0.00864576,80.0,-7.0,0.0,80.0,1.3962634,0.0,0.0,0.0,80.0,-7.0,0.0,80.0,1.3962634,0.0,0.0,0.0,-9.0691362,-0.80827566,4.98029225,4.78978831,-4.62108292,-1.81541557,2.17798235,1.69919862,22.906707,-0.87199057,6.93049463,-1.80121133,1.52101523,3.72949067,0.0,17.397281,10.61541196
1760624819.331,7.08899703,1.11483973,1.27328339,0.02771083,0.95011414,0.0084218,80.0,-7.0,0.0,80.0,1.3962634,0.0,0.0,0.0,80.0,-7.0,0.0,80.0,1.3962634,0.0,0.0,0.0,-9.07860725,-0.8075116,4.97400416,4.78932782,-4.6342683,-1.78672501,2.17536753,1.70877434,22.91355542,-0.86768222,6.93287758,-1.81537564,1.56552997,3.74009926,0.0,17.40032927,10.6163749
1760624819.364,7.10818212,1.13458604,1.32465374,0.02721774,0.94966103,0.00783379,80.0,-7.0,0.0,80.0,1.3962634,0.0,0.0,0.0,80.0,-7.0,0.0,80.0,1.3962634,0.0,0.0,0.0,-9.10813472,-0.78928672,4.98975059,4.77803869,-4.66656442,-1.81655269,1.83808735,1.7005932,23.2215479,-0.78792419,6.92467243,-1.80434112,1.69421658,3.71365385,0.0,17.41556118,10.6191139
1760624819.398,7.09357556,1.13697638,1.31509007,0.02697824,0.94926381,0.00778558,80.0,-7.0,0.0,80.0,1.3962634,0.0,0.0,0.0,80.0,-7.0,0.0,80.0,1.3962634,0.0,0.0,0.0,-9.12948121,-0.7836709,4.9784976,4.80077567,-4.67199492,-1.81343448,1.83545086,1.793594,23.2225739,-0.77015199,6.93254004,-1.82397081,1.69055729,3.72380219,0.0,17.41575368,10.61851251
1760624819.431,7.28327499,1.14149152,1.32109411,0.02590873,0.94955195,0.00793858,80.0,-7.0,0.0,80.0,1.3962634,0.0,0.0,0.0,80.0,-7.0,0.0,80.0,1.3962634,0.0,0.0,0.0,-9.39611955,-0.77317582,4.93661172,4.8547506,-4.68817905,-1.82599021,2.05154015,1.88192356,23.03047609,-0.82911535,6.9917835,-1.83251117,1.69553797,3.71852433,0.0,17.41624911,10.63223988
1760624819.464,7.27748547,1.14952609,1.3236706,0.02553557,0.94962406,0.00792896,80.0,-7.0,0.0,80.0,1.3962634,0.0,0.0,0.0,80.0,-7.0,0.0,80.0,1.3962634,0.0,0.0,0.0,-9.42722295,-0.76455571,4.93775478,4.85760094,-4.66732695,-1.81391821,2.06461972,1.86549526,23.04522835,-0.85702882,6.99440846,-1.85499322,1.71684153,3.69108071,0.0,17.4087975,10.64757912
1760624819.498,7.26684702,1.15491817,1.3223066,0.0263483,0.95002242,0.00800739,80.0,-7.0,0.0,80.0,1.3962634,0.0,0.0,0.0,80.0,-7.0,0.0,80.0,1.3962634,0.0,0.0,0.0,-9.45000509,-0.75799338,4.93514308,4.85738337,-4.66147523,-1.80407711,2.0650927,1.884729,23.03799357,-0.84038167,6.98933286,-1.87080584,1.75654598,3.66283595,0.0,17.38968103,10.61111251
1760624819.531,7.30922319,1.1515458,1.34192769,0.0268711,0.95043237,0.00809118,80.0,-7.0,0.0,80.0,1.3962634,0.0,0.0,0.0,80.0,-7.0,0.0,80.0,1.3962634,0.0,0.0,0.0,-9.49981791,-0.76229303,4.94824176,4.82975429,-4.62745157,-1.80913026,2.07130155,1.83877184,23.02444337,-0.83004457,6.96437515,-1.90112454,1.79213612,3.63675752,0.0,17.39997313,10.62106128
1760624819.565,7.50565596,1.15797383,1.36797746,0.02634695,0.95074858,0.00810049,80.0,-7.0,0.0,80.0,1.3962634,0.0,0.0,0.0,80.0,-7.0,0.0,80.0,1.3962634,0.0,0.0,0.0,-9.62058939,-0.74232097,4.95010313,4.71898535,-4.59643354,-1.81970846,1.75581584,1.76148324,23.30609638,-0.77217702,6.83597905,-1.92100229,1.80638645,3.61240613,0.0,17.40232297,10.59309097
1760624819.598,7.50219428,1.16579402,1.36757389,0.02595218,0.95061194,0.00804835,80.0,-7.0,0.0,80.0,1.3962634,0.0,0.0,0.0,80.0,-7.0,0.0,80.0,1.3962634,0.0,0.0,0.0,-9.63279273,-0.73424845,4.95142317,4.7187174,-4.58898432,-1.80238709,1.76073902,1.76277803,23.30631138,-0.77121821,6.82111883,-1.9307929,1.82847491,3.60201699,0.0,17.39861691,10.59967071
1760624819.632,7.98125626,1.15168179,1.36380769,0.02640362,0.95154527,0.00820427,80.0,-7.0,0.0,80.0,1.3962634,0.0,0.0,0.0,80.0,-7.0,0.0,80.0,1.3962634,0.0,0.0,0.0,-10.10497842,-0.71405027,4.94826762,4.65553742,-4.56422683,-1.84190881,2.07975037,1.8431547,23.01509013,-0.83947216,6.79208516,-1.96197057,1.78072179,3.60160694,0.0,17.4010998,10.60875913
1760624819.665,7.98835842,1.15038992,1.37310476,0.02661695,0.95139022,0.00815644,80.0,-7.0,0.0,80.0,1.3962634,0.0,0.0,0.0,80.0,-7.0,0.0,80.0,1.3962634,0.0,0.0,0.0,-10.1130984,-0.71779739,4.95807036,4.63597371,-4.54939458,-1.83081229,2.0568705,1.82319205,23.00395234,-0.84095509,6.78873402,-1.97011636,1.77537464,3.58104279,0.0,17.39485199,10.59163888
1760624819.699,7.99205688,1.14948838,1.37649571,0.02697557,0.95127387,0.00818423,80.0,-7.0,0.0,80.0,1.3962634,0.0,0.0,0.0,80.0,-7.0,0.0,80.0,1.3962634,0.0,0.0,0.0,-10.12799182,-0.72402041,4.96270015,4.61108659,-4.53630751,-1.80841371,2.05206524,1.8001106,23.0312367,-0.85519229,6.79075942,-1.98238329,1.76914283,3.57746383,0.0,17.39899941,10.59620402
1760624819.732,8.20273328,1.19029243,1.33805986,0.02905225,0.95148276,0.00833607,80.0,-7.0,0.0,80.0,1.3962634,0.0,0.0,0.0,80.0,-7.0,0.0,80.0,1.3962634,0.0,0.0,0.0,-10.44919441,-0.77136999,4.95698205,4.71008891,-4.56263125,-1.7659027,2.74243721,1.88036079,22.37567924,-0.98235632,6.90950706,-1.97754161,1.70935707,3.57694387,0.0,17.37664214,10.57871116
1760624819.799,8.19372218,1.18158667,1.31770044,0.0292486,0.95168408,0.00809975,80.0,-7.0,0.0,80.0,1.3962634,0.0,0.0,0.0,80.0,-7.0,0.0,80.0,1.3962634,0.0,0.0,0.0,-10.45196027,-0.79032306,4.94259387,4.70708241,-4.56783641,-1.69369459,2.68376793,1.8836641,22.44640774,-1.00234894,6.89043638,-1.98690337,1.65371682,3.57437239,0.0,17.38211288,10.58537936
1760624819.832,8.07369554,1.21886882,1.3017696,0.02956188,0.95152042,0.00793333,80.0,-7.0,0.0,80.0,1.3962634,0.0,0.0,0.0,80.0,-7.0,0.0,80.0,1.3962634,0.0,0.0,0.0,-10.35148642,-0.83890953,4.9577361,4.72392831,-4.58016139,-1.59522906,2.26400184,1.76886712,22.91530275,-0.91250989,6.87909175,-1.98426109,1.68355364,3.56657176,0.0,17.38087148,10.59188489
1760624819.866,7.88065108,1.23801827,1.28808303,0.02873436,0.95105366,0.00793686,80.0,-7.0,0.0,80.0,1.3962634,0.0,0.0,0.0,80.0,-7.0,0.0,80.0,1.3962634,0.0,0.0,0.0,-10.09228179,-0.86807247,4.99177511,4.64638103,-4.57885014,-1.61618032,1.67957352,1.76125853,23.5161032,-0.80269046,6.77442636,-1.98211324,1.75168216,3.55805281,0.0,17.39213726,10.6017599
1760624819.899,7.8342737,1.24757739,1.28716061,0.03032311,0.95097231,0.00772321,80.0,-7.0,0.0,80.0,1.3962634,0.0,0.0,0.0,80.0,-7.0,0.0,80.0,1.3962634,0.0,0.0,0.0,-9.99496194,-0.86930235,5.01194395,4.58249135,-4.59084216,-1.61314532,1.64387182,1.76739581,23.57381273,-0.7892204,6.68998073,-1.96495455,1.80413836,3.56095677,0.0,17.39766931,10.5961627
1760624819.933,7.45967081,1.24454285,1.25350032,0.03106825,0.95014859,0.00775807,80.0,-7.0,0.0,80.0,1.3962634,0.0,0.0,0.0,80.0,-7.0,0.0,80.0,1.3962634,0.0,0.0,0.0,-9.6108065,-0.88328631,5.07895462,4.57029824,-4.57867573,-1.60705429,1.45640628,1.73974108,23.76608979,-0.7417897,6.6678542,-1.95313667,1.83166012,3.55530953,0.0,17.41440376,10.58605943
1760624819.966,7.46022475,1.25142074,1.24949393,0.03078942,0.95002081,0.00777308,80.0,-7.0,0.0,80.0,1.3962634,0.0,0.0,0.0,80.0,-7.0,0.0,80.0,1.3962634,0.0,0.0,0.0,-9.59508328,-0.87809744,5.08325884,4.5448338,-4.58526819,-1.61686926,1.43628973,1.72769971,23.76522771,-0.72988194,6.65225629,-1.94629001,1.81634586,3.55245338,0.0,17.42193301,10.60475985
1760624820.0,7.45467601,1.25775278,1.24970481,0.03020912,0.94988964,0.0077251,80.0,-7.0,0.0,80.0,1.3962634,0.0,0.0,0.0,80.0,-7.0,0.0,80.0,1.3962634,0.0,0.0,0.0,-9.58659866,-0.87285168,5.09092056,4.52430053,-4.57718912,-1.58131191,1.41508361,1.67984457,23.77396255,-0.73577048,6.65172216,-1.94485702,1.81972471,3.55270597,0.0,17.42743733,10.61119745
1760624820.033,7.45323486,1.2604769,1.23839523,0.02978191,0.94988524,0.00784469,80.0,-7.0,0.0,80.0,1.3962634,0.0,0.0,0.0,80.0,-7.0,0.0,80.0,1.3962634,0.0,0.0,0.0,-9.57211508,-0.867092,5.08478353,4.49409855,-4.5662273,-1.58798955,1.39474236,1.72146371,23.78318789,-0.71246526,6.64516164,-1.94846677,1.81148616,3.52842866,0.0,17.42314215,10.58832183
1760624820.066,7.45967475,1.26027702,1.24037467,0.02896688,0.95008473,0.0077823,80.0,-7.0,0.0,80.0,1.3962634,0.0,0.0,0.0,80.0,-7.0,0.0,80.0,1.3962634,0.0,0.0,0.0,-9.5545264,-0.86751196,5.09576272,4.47492379,-4.53051347,-1.6153631,1.38355928,1.736788,23.77064691,-0.73252772,6.63749864,-1.96696317,1.81970368,3.48917562,0.0,17.4266228,10.58661949
1760624820.1,7.46849119,1.25877965,1.23394316,0.02786861,0.94994185,0.00791093,80.0,-7.0,0.0,80.0,1.3962634,0.0,0.0,0.0,80.0,-7.0,0.0,80.0,1.3962634,0.0,0.0,0.0,-9.52764665,-0.8563931,5.10210911,4.43600962,-4.52032502,-1.67133829,1.36892926,1.80296443,23.78659756,-0.74258393,6.61920716,-1.97960988,1.85054226,3.4349006,0.0,17.4363609,10.58662151
1760624820.133,7.47478766,1.26281395,1.22957531,0.02772775,0.94979441,0.00785825,80.0,-7.0,0.0,80.0,1.3962634,0.0,0.0,0.0,80.0,-7.0,0.0,80.0,1.3962634,0.0,0.0,0.0,-9.52001786,-0.84631333,5.10305932,4.43728729,-4.52376298,-1.69347231,1.34917469,1.83566835,23.75987563,-0.73352043,6.60767031,-1.99180802,1.84292163,3.43263533,0.0,17.43341468,10.57431679
1760624820.167,7.53691231,1.17948301,1.19532715,0.02826,0.95009463,0.00782981,80.0,-7.0,0.0,80.0,1.3962634,0.0,0.0,0.0,80.0,-7.0,0.0,80.0,1.3962634,0.0,0.0,0.0,-9.60994752,-0.76496611,5.12235908,4.47235655,-4.51637701,-1.67924818,1.61400338,1.8645378,23.51574962,-0.80344586,6.67878976,-2.00946493,1.8181405,3.40956727,0.0,17.42955546,10.58050582
1760624820.2,7.54668496,1.18099989,1.19039055,0.02839257,0.9502782,0.00778766,80.0,-7.0,0.0,80.0,1.3962634,0.0,0.0,0.0,80.0,-7.0,0.0,80.0,1.3962634,0.0,0.0,0.0,-9.60059675,-0.76270775,5.1194412,4.46960408,-4.51416722,-1.69199313,1.60426735,1.92301808,23.50923323,-0.78505561,6.67718818,-2.02408724,1.81631542,3.38828025,0.0,17.43203461,10.56548145
1760624820.234,7.55223455,1.19364125,1.18867065,0.0284222,0.95056295,0.00787152,80.0,-7.0,0.0,80.0,1.3962634,0.0,0.0,0.0,80.0,-7.0,0.0,80.0,1.3962634,0.0,0.0,0.0,-9.59237931,-0.75253745,5.1201992,4.47250816,-4.50673419,-1.65259162,1.58363506,1.91228965,23.52628611,-0.81224242,6.67953334,-2.02754548,1.84607802,3.3882824,0.0,17.44754065,10.56918051
1760624820.267,7.45943542,1.24824196,1.20351941,0.02768951,0.95070322,0.00772663,80.0,-7.0,0.0,80.0,1.3962634,0.0,0.0,0.0,80.0,-7.0,0.0,80.0,1.3962634,0.0,0.0,0.0,-9.43779882,-0.7915101,5.15532837,4.42915723,-4.49247904,-1.68561812,0.98042938,1.87475569,24.14370546,-0.69005397,6.61158212,-2.04277651,1.92980112,3.37039044,0.0,17.47538677,10.59786964
1760624820.301,7.46236607,1.25895128,1.20251693,0.02749031,0.95092261,0.00774192,80.0,-7.0,0.0,80.0,1.3962634,0.0,0.0,0.0,80.0,-7.0,0.0,80.0,1.3962634,0.0,0.0,0.0,-9.42667451,-0.78617975,5.15656137,4.41480088,-4.48536928,-1.65580445,0.98908773,1.86625111,24.19085546,-0.70135579,6.62409539,-2.04133251,1.94065888,3.35380713,0.0,17.47292707,10.60162782
1760624820.334,7.4466375,1.28259267,1.21179245,0.02832512,0.9511444,0.00778841,80.0,-7.0,0.0,80.0,1.3962634,0.0,0.0,0.0,80.0,-7.0,0.0,80.0,1.3962634,0.0,0.0,0.0,-9.40989338,-0.77644039,5.16902202,4.4218427,-4.46647649,-1.59632041,0.95677529,1.82762588,24.22638754,-0.72146851,6.62408381,-2.03106975,2.00421145,3.3426305,0.0,17.4822459,10.57511966
1760624820.368,7.15408434,1.40958735,1.22310447,0.02921197,0.95058396,0.00757442,80.0,-7.0,0.0,80.0,1.3962634,0.0,0.0,0.0,80.0,-7.0,0.0,80.0,1.3962634,0.0,0.0,0.0,-9.11592761,-0.89488889,5.19544031,4.43508183,-4.46454339,-1.60861812,0.38323297,1.7968085,24.7921416,-0.5738477,6.61458624,-2.02799978,2.08048861,3.34071031,0.0,17.50381608,10.59108226
1760624820.401,7.14158733,1.42426357,1.22588942,0.0297405,0.95032144,0.0075677,80.0,-7.0,0.0,80.0,1.3962634,0.0,0.0,0.0,80.0,-7.0,0.0,80.0,1.3962634,0.0,0.0,0.0,-9.12179751,-0.88496858,5.20086912,4.44447938,-4.45656117,-1.57457115,0.39473853,1.80526169,24.79737603,-0.57394086,6.61011459,-2.0280444,2.11852453,3.33720184,0.0,17.50775174,10.58993971
1760624820.435,7.08001539,1.6122462,1.18052267,0.02909421,0.95014971,0.00761981,80.0,-7.0,0.0,80.0,1.3962634,0.0,0.0,0.0,80.0,-7.0,0.0,80.0,1.3962634,0.0,0.0,0.0,-9.15848021,-1.04769784,5.2169839,4.50258616,-4.4594425,-1.56295714,0.93246975,1.95191814,24.26930426,-0.69755532,6.67524633,-2.0212965,2.16135533,3.3128219,0.0,17.52247931,10.59220845
1760624820.468,7.11370432,1.71081101,1.13255355,0.028984,0.95003826,0.00782088,80.0,-7.0,0.0,80.0,1.3962634,0.0,0.0,0.0,80.0,-7.0,0.0,80.0,1.3962634,0.0,0.0,0.0,-9.24151356,-1.12293048,5.24595099,4.51992995,-4.47247548,-1.55394251,1.29094436,2.124588,23.87557266,-0.77935173,6.69493284,-2.01493788,2.16963138,3.29212944,0.0,17.51625851,10.5777344
1760624820.501,7.27236195,1.77845454,1.06938264,0.0309983,0.95013429,0.00818785,80.0,-7.0,0.0,80.0,1.3962634,0.0,0.0,0.0,80.0,-7.0,0.0,80.0,1.3962634,0.0,0.0,0.0,-9.57097429,-1.1621379,5.24736226,4.6516188,-4.50985875,-1.51754153,2.57945796,2.23042742,22.63151965,-1.0413614,6.84420919,-2.01883238,2.1483562,3.27590366,0.0,17.4919391,10.57924807
1760624820.535,7.25508401,1.79543212,1.0644648,0.03077758,0.95001081,0.00826675,80.0,-7.0,0.0,80.0,1.3962634,0.0,0.0,0.0,80.0,-7.0,0.0,80.0,1.3962634,0.0,0.0,0.0,-9.5935096,-1.14928811,5.24748238,4.62788979,-4.49534618,-1.51815545,2.57211313,2.24028198,22.64126425,-1.03699633,6.83133813,-2.03751275,2.15127541,3.2325818,0.0,17.46598788,10.54931908
1760624820.568,7.24599409,1.80948526,1.06151272,0.03056555,0.94996207,0.00803324,80.0,-7.0,0.0,80.0,1.3962634,0.0,0.0,0.0,80.0,-7.0,0.0,80.0,1.3962634,0.0,0.0,0.0,-9.60633734,-1.13466889,5.24886675,4.61975395,-4.49530879,-1.53343582,2.5586937,2.2412346,22.63180181,-1.04096671,6.81601335,-2.05442908,2.13742954,3.20939248,0.0,17.45496998,10.53684258
1760624820.602,7.5721222,1.84746942,1.0344733,0.03003291,0.95089149,0.00820736,80.0,-7.0,0.0,80.0,1.3962634,0.0,0.0,0.0,80.0,-7.0,0.0,80.0,1.3962634,0.0,0.0,0.0,-9.94580833,-1.15312188,5.26167219,4.56495527,-4.49035699,-1.55304758,2.86287087,2.3455112,22.32242363,-1.10543367,6.77949853,-2.07026372,2.1290992,3.19472468,0.0,17.46073211,10.51390572
1760624820.635,7.74629664,1.88676308,1.0092469,0.03082427,0.9515282,0.00857662,80.0,-7.0,0.0,80.0,1.3962634,0.0,0.0,0.0,80.0,-7.0,0.0,80.0,1.3962634,0.0,0.0,0.0,-10.15294436,-1.19099181,5.2695793,4.55682801,-4.47578939,-1.56611817,3.10215446,2.36192,22.10782967,-1.14995959,6.8047236,-2.09706743,2.11363098,3.18565725,0.0,17.45243468,10.52641065
1760624820.669,7.75138075,1.89338626,1.00947303,0.03113587,0.95189501,0.00877122,80.0,-7.0,0.0,80.0,1.3962634,0.0,0.0,0.0,80.0,-7.0,0.0,80.0,1.3962634,0.0,0.0,0.0,-10.15726375,-1.19191063,5.27139282,4.54320086,-4.47465257,-1.59159429,3.0792776,2.40201856,22.06829818,-1.12931348,6.78462704,-2.1134911,2.12352284,3.1711285,0.0,17.45377109,10.51999284
1760624820.702,7.78080798,1.91571346,1.0247777,0.03181418,0.95196463,0.00870045,80.0,-7.0,0.0,80.0,1.3962634,0.0,0.0,0.0,80.0,-7.0,0.0,80.0,1.3962634,0.0,0.0,0.0,-10.15180795,-1.20647675,5.29456084,4.46999081,-4.46927469,-1.56105095,3.07797696,2.40591735,22.05032144,-1.14756656,6.73045035,-2.12701051,2.19569416,3.1695844,0.0,17.47043592,10.52163897
1760624820.736,7.89485859,2.00897594,0.99155889,0.03274999,0.95206217,0.00870653,80.0,-7.0,0.0,80.0,1.3962634,0.0,0.0,0.0,80.0,-7.0,0.0,80.0,1.3962634,0.0,0.0,0.0,-10.30161913,-1.29230002,5.30624699,4.49678644,-4.49181783,-1.54756636,3.62688814,2.44544092,21.52904489,-1.26790291,6.75892252,-2.1166071,2.21191439,3.17862604,0.0,17.49056296,10.53290287
1760624820.769,7.89473308,2.00885087,0.98191146,0.03234488,0.95179724,0.00873996,80.0,-7.0,0.0,80.0,1.3962634,0.0,0.0,0.0,80.0,-7.0,0.0,80.0,1.3962634,0.0,0.0,0.0,-10.30464022,-1.29621434,5.29803119,4.50645714,-4.50883164,-1.56602952,3.64093913,2.51094362,21.53865037,-1.24012069,6.76436273,-2.10984353,2.20238471,3.19171599,0.0,17.48947551,10.52272555
1760624820.803,7.87527662,2.0362876,0.98431624,0.03115156,0.9517333,0.00882237,80.0,-7.0,0.0,80.0,1.3962634,0.0,0.0,0.0,80.0,-7.0,0.0,80.0,1.3962634,0.0,0.0,0.0,-10.3048166,-1.30300903,5.30798876,4.5460583,-4.54378734,-1.56082187,3.64508716,2.51119818,21.53909276,-1.26222302,6.77918054,-2.06077054,2.26157608,3.20160122,0.0,17.5090125,10.51543819
1760624820.836,7.86810027,2.03888862,0.97632971,0.0310091,0.95177229,0.00888455,80.0,-7.0,0.0,80.0,1.3962634,0.0,0.0,0.0,80.0,-7.0,0.0,80.0,1.3962634,0.0,0.0,0.0,-10.30299083,-1.31124618,5.30075188,4.55583304,-4.55670388,-1.54548782,3.67117464,2.541902,21.55959408,-1.25629264,6.78722534,-2.06437425,2.30987945,3.21931647,0.0,17.51653447,10.54798597
1760624820.87,7.8349773,2.15026834,0.95329509,0.03128113,0.95196706,0.00921805,80.0,-7.0,0.0,80.0,1.3962634,0.0,0.0,0.0,80.0,-7.0,0.0,80.0,1.3962634,0.0,0.0,0.0,-10.35143905,-1.4419915,5.30720721,4.64630214,-4.56797132,-1.51478069,4.25169051,2.60114821,20.96774846,-1.36394666,6.88669351,-2.06544458,2.37405407,3.22611669,0.0,17.50791463,10.56740344
1760624820.903,7.83302802,2.15106213,0.95440192,0.03150923,0.95239916,0.00923463,80.0,-7.0,0.0,80.0,1.3962634,0.0,0.0,0.0,80.0,-7.0,0.0,80.0,1.3962634,0.0,0.0,0.0,-10.34678139,-1.44695067,5.3093803,4.65209851,-4.56642904,-1.47624799,4.24093516,2.62675714,20.95608605,-1.36460437,6.89661244,-2.04903317,2.41654101,3.24354667,0.0,17.51358616,10.54590834
1760624820.936,7.82956626,2.15282366,0.95742373,0.03246062,0.95266897,0.00925957,80.0,-7.0,0.0,80.0,1.3962634,0.0,0.0,0.0,80.0,-7.0,0.0,80.0,1.3962634,0.0,0.0,0.0,-10.34301442,-1.44840315,5.31276284,4.65832628,-4.57329921,-1.46261676,4.24618121,2.63673999,20.95718019,-1.36130387,6.90316392,-2.04850106,2.43565389,3.25567372,0.0,17.52172305,10.54613396
1760624820.97,7.82779387,2.15476713,0.95659751,0.0329247,0.95285184,0.00920856,80.0,-7.0,0.0,80.0,1.3962634,0.0,0.0,0.0,80.0,-7.0,0.0,80.0,1.3962634,0.0,0.0,0.0,-10.34148429,-1.44795315,5.31278805,4.65619668,-4.57021041,-1.44424657,4.24725535,2.65112412,20.96038587,-1.35676741,6.91023676,-2.04545622,2.45468176,3.26601551,0.0,17.52445568,10.55005736
1760624821.003,7.82668827,2.16230532,0.95083841,0.03284213,0.95263288,0.00911567,80.0,-7.0,0.0,80.0,1.3962634,0.0,0.0,0.0,80.0,-7.0,0.0,80.0,1.3962634,0.0,0.0,0.0,-10.34568315,-1.44583115,5.30940391,4.65338004,-4.56458636,-1.41986594,4.2305437,2.71730172,20.96156683,-1.36414407,6.90626991,-2.04394804,2.49519566,3.272016,0.0,17.5230004,10.54290434
1760624821.037,7.8257667,2.171663,0.94307661,0.03318274,0.9524151,0.00913494,80.0,-7.0,0.0,80.0,1.3962634,0.0,0.0,0.0,80.0,-7.0,0.0,80.0,1.3962634,0.0,0.0,0.0,-10.38742931,-1.4480651,5.3027485,4.68631353,-4.56428766,-1.39200111,4.2743863,2.76464503,20.92480169,-1.37747732,6.95482358,-2.03585382,2.49930123,3.26490716,0.0,17.50836433,10.53897747
1760624821.07,8.05401742,2.19521181,0.93066888,0.03132503,0.95266752,0.00899089,80.0,-7.0,0.0,80.0,1.3962634,0.0,0.0,0.0,80.0,-7.0,0.0,80.0,1.3962634,0.0,0.0,0.0,-10.65738913,-1.44938815,5.29001563,4.69943253,-4.58214308,-1.41468889,4.55062085,2.89909062,20.62489193,-1.41504553,6.96620847,-2.02537015,2.48408314,3.27123191,0.0,17.51476128,10.54945466
1760624821.104,8.3544171,2.20756614,0.90540979,0.03016671,0.95350395,0.00918992,80.0,-7.0,0.0,80.0,1.3962634,0.0,0.0,0.0,80.0,-7.0,0.0,80.0,1.3962634,0.0,0.0,0.0,-11.0233374,-1.45262087,5.26913454,4.73256883,-4.56704423,-1.39359142,4.91347587,2.94255576,20.2619566,-1.48958812,7.00691731,-2.02692702,2.44749377,3.25673276,0.0,17.48997666,10.53275701
1760624821.137,8.35249901,2.20970782,0.90266293,0.03012186,0.95336018,0.00911848,80.0,-7.0,0.0,80.0,1.3962634,0.0,0.0,0.0,80.0,-7.0,0.0,80.0,1.3962634,0.0,0.0,0.0,-11.06805913,-1.44444227,5.26890397,4.74510844,-4.56312278,-1.39781424,4.9117131,2.97235813,20.24188881,-1.46745572,7.01257831,-2.03077065,2.44461883,3.24156016,0.0,17.48754631,10.52997228
1760624821.17,8.35795022,2.21695375,0.90476734,0.03046338,0.95305361,0.00882935,80.0,-7.0,0.0,80.0,1.3962634,0.0,0.0,0.0,80.0,-7.0,0.0,80.0,1.3962634,0.0,0.0,0.0,-11.1032808,-1.42832491,5.27633483,4.74110799,-4.55953939,-1.41841799,4.9021567,2.96334728,20.21881184,-1.46158669,6.99636296,-2.03078444,2.42974564,3.22480798,0.0,17.49404371,10.56530275
1760624821.204,8.70514764,2.11752991,0.90112107,0.03071178,0.95357809,0.00874694,80.0,-7.0,0.0,80.0,1.3962634,0.0,0.0,0.0,80.0,-7.0,0.0,80.0,1.3962634,0.0,0.0,0.0,-11.48929677,-1.30025384,5.31182306,4.70009947,-4.53041399,-1.44686038,4.70121961,2.94174548,20.4169775,-1.43457616,6.96387766,-2.04360035,2.45156327,3.20031276,0.0,17.47299194,10.52713574
1760624821.237,8.68705522,2.12340578,0.91581053,0.03087988,0.95368684,0.00869543,80.0,-7.0,0.0,80.0,1.3962634,0.0,0.0,0.0,80.0,-7.0,0.0,80.0,1.3962634,0.0,0.0,0.0,-11.51687093,-1.29532651,5.32941246,4.69097065,-4.50122027,-1.43206948,4.69475952,2.93195458,20.39984634,-1.4289161,6.95976651,-2.05324667,2.45363523,3.1840979,0.0,17.48434476,10.49914273
1760624821.271,8.67863009,2.12023537,0.93092156,0.03247985,0.95380109,0.00853443,80.0,-7.0,0.0,80.0,1.3962634,0.0,0.0,0.0,80.0,-7.0,0.0,80.0,1.3962634,0.0,0.0,0.0,-11.51296094,-1.29119902,5.35057879,4.63678797,-4.45733487,-1.41132584,4.66958932,2.91620929,20.38264303,-1.43201852,6.91229145,-2.09268135,2.47222405,3.14879299,0.0,17.51033534,10.52952232
1760624821.304,8.65923647,2.1204534,0.94072552,0.03303855,0.95383696,0.00855489,80.0,-7.0,0.0,80.0,1.3962634,0.0,0.0,0.0,80.0,-7.0,0.0,80.0,1.3962634,0.0,0.0,0.0,-11.51140526,-1.28072632,5.36619151,4.58518867,-4.43221876,-1.41133987,4.65485847,2.94279386,20.37978718,-1.46640747,6.85074125,-2.10946331,2.49040534,3.15137942,0.0,17.50842606,10.50054033
1760624821.338,8.61469566,2.06929151,0.93833304,0.03139526,0.95404861,0.00869625,80.0,-7.0,0.0,80.0,1.3962634,0.0,0.0,0.0,80.0,-7.0,0.0,80.0,1.3962634,0.0,0.0,0.0,-11.40701987,-1.25224751,5.41638634,4.46241602,-4.38219346,-1.40615433,3.9317718,2.93080497,21.11791318,-1.32111385,6.75043977,-2.15338234,2.54388589,3.1319256,0.0,17.50869981,10.50988517
1760624821.371,8.60390034,2.07017665,0.94105982,0.03094193,0.95416052,0.0087705,80.0,-7.0,0.0,80.0,1.3962634,0.0,0.0,0.0,80.0,-7.0,0.0,80.0,1.3962634,0.0,0.0,0.0,-11.4220075,-1.25144514,5.42120172,4.45144803,-4.37936488,-1.38894096,3.92887297,2.95548371,21.1141479,-1.31637897,6.73893625,-2.16320927,2.55888585,3.12829016,0.0,17.50777619,10.51581136
1760624821.438,8.61500988,2.04845975,0.92438936,0.03109282,0.95451694,0.00895457,80.0,-7.0,0.0,80.0,1.3962634,0.0,0.0,0.0,80.0,-7.0,0.0,80.0,1.3962634,0.0,0.0,0.0,-11.50565099,-1.25327075,5.43106942,4.46646402,-4.36984134,-1.27651571,3.97522305,2.98158814,21.10660641,-1.36624142,6.74377226,-2.1818287,2.55632919,3.14114203,0.0,17.51589986,10.5248881
1760624821.472,8.59095602,2.04379428,0.92622884,0.03165545,0.95405936,0.00914177,80.0,-7.0,0.0,80.0,1.3962634,0.0,0.0,0.0,80.0,-7.0,0.0,80.0,1.3962634,0.0,0.0,0.0,-11.51740366,-1.25898669,5.43675027,4.45209276,-4.3848901,-1.23413815,3.98276922,3.00146812,21.14356323,-1.36810367,6.72936202,-2.18718807,2.59182015,3.15225001,0.0,17.53285637,10.54129368
1760624821.505,8.55038555,2.04059358,0.92803469,0.03177316,0.95376086,0.00903145,80.0,-7.0,0.0,80.0,1.3962634,0.0,0.0,0.0,80.0,-7.0,0.0,80.0,1.3962634,0.0,0.0,0.0,-11.51322229,-1.26358853,5.44769288,4.46460813,-4.39341323,-1.1809748,3.96451825,2.97477747,21.18791728,-1.38941397,6.72358718,-2.17841922,2.65029909,3.17021763,0.0,17.53440837,10.54653467
1760624821.538,8.09304176,2.04322282,0.8745783,0.03164053,0.95267699,0.00857917,80.0,-7.0,0.0,80.0,1.3962634,0.0,0.0,0.0,80.0,-7.0,0.0,80.0,1.3962634,0.0,0.0,0.0,-11.15834889,-1.27362096,5.54266187,4.54500861,-4.40685951,-1.15951992,3.53954159,2.94340345,21.63209499,-1.32191037,6.78851383,-2.16032141,2.74755531,3.1766311,0.0,17.53204528,10.55134067
1760624821.572,7.99885409,2.05262584,0.86812884,0.03141568,0.95253357,0.00843606,80.0,-7.0,0.0,80.0,1.3962634,0.0,0.0,0.0,80.0,-7.0,0.0,80.0,1.3962634,0.0,0.0,0.0,-11.18736963,-1.26590752,5.56237252,4.59273637,-4.43471935,-1.08477616,3.55349937,3.06572973,21.66749331,-1.3638297,6.86850762,-2.13688753,2.79996549,3.1866223,0.0,17.5323502,10.55329625
1760624821.639,7.83369874,2.04551798,0.85218868,0.0299212,0.95218674,0.00899676,80.0,-7.0,0.0,80.0,1.3962634,0.0,0.0,0.0,80.0,-7.0,0.0,80.0,1.3962634,0.0,0.0,0.0,-11.31671391,-1.26693638,5.57504333,4.76092544,-4.43499794,-0.86367154,3.57145596,3.05146846,21.74267073,-1.38241221,7.08154181,-2.16819818,2.93625382,3.23069966,0.0,17.52935226,10.55697093
1760624821.672,7.71608795,2.05108373,0.83930846,0.02987116,0.95210323,0.00921094,80.0,-7.0,0.0,80.0,1.3962634,0.0,0.0,0.0,80.0,-7.0,0.0,80.0,1.3962634,0.0,0.0,0.0,-11.42229551,-1.25272966,5.59149188,4.90106952,-4.45660654,-0.78204999,3.61225083,3.12713868,21.75529018,-1.41331495,7.24141738,-2.19048453,3.00791534,3.25838548,0.0,17.53465565,10.59699763
1760624821.706,7.63962733,2.05880378,0.83327301,0.02979349,0.95222117,0.00944506,80.0,-7.0,0.0,80.0,1.3962634,0.0,0.0,0.0,80.0,-7.0,0.0,80.0,1.3962634,0.0,0.0,0.0,-11.48324985,-1.23987874,5.60693983,4.96293691,-4.47061305,-0.73169329,3.62273636,3.17606367,21.76666979,-1.41279275,7.31666068,-2.18575913,3.01371174,3.28345465,0.0,17.53543544,10.5951051
1760624821.739,7.38559405,2.03582927,0.78932008,0.0306403,0.95176688,0.009301,80.0,-7.0,0.0,80.0,1.3962634,0.0,0.0,0.0,80.0,-7.0,0.0,80.0,1.3962634,0.0,0.0,0.0,-11.38105163,-1.21187158,5.67808665,5.04583003,-4.4861692,-0.71360807,3.45359276,3.17580582,21.9450029,-1.3610132,7.40984338,-2.17879928,3.02849102,3.26550664,0.0,17.54492358,10.5761703
1760624821.773,7.2395974,2.0588419,0.77935576,0.03073608,0.95139633,0.00908165,80.0,-7.0,0.0,80.0,1.3962634,0.0,0.0,0.0,80.0,-7.0,0.0,80.0,1.3962634,0.0,0.0,0.0,-11.45542197,-1.17465987,5.69477014,5.14344655,-4.53078139,-0.64518343,3.42163937,3.14802385,21.96522738,-1.38757971,7.50722399,-2.15828571,3.00815558,3.26154486,0.0,17.5581678,10.58764464
1760624821.806,7.10007516,2.06913762,0.77659581,0.03120366,0.95123637,0.0091685,80.0,-7.0,0.0,80.0,1.3962634,0.0,0.0,0.0,80.0,-7.0,0.0,80.0,1.3962634,0.0,0.0,0.0,-11.52577217,-1.15418058,5.70964291,5.23925534,-4.55187704,-0.620132,3.43691093,3.19030133,21.95411924,-1.38768976,7.61174272,-2.16755151,3.00417956,3.26229357,0.0,17.55682892,10.59442203
1760624821.839,6.9580167,2.07826682,0.77824062,0.03120676,0.95121936,0.00939203,80.0,-7.0,0.0,80.0,1.3962634,0.0,0.0,0.0,80.0,-7.0,0.0,80.0,1.3962634,0.0,0.0,0.0,-11.60393981,-1.13518783,5.72521095,5.32889055,-4.55734382,-0.59951148,3.46680093,3.18282102,21.93763531,-1.39104697,7.70842165,-2.18463134,3.01547816,3.25255048,0.0,17.56469242,10.57989053
1760624821.873,6.77827441,2.09384831,0.78081816,0.03074888,0.95100901,0.00987652,80.0,-7.0,0.0,80.0,1.3962634,0.0,0.0,0.0,80.0,-7.0,0.0,80.0,1.3962634,0.0,0.0,0.0,-11.71508577,-1.10564442,5.74508377,5.41516374,-4.54512144,-0.50322015,3.45675221,3.14824043,21.9563785,-1.39829082,7.80080456,-2.22624111,3.04734027,3.25021305,0.0,17.55627417,10.57230195
1760624821.906,6.45889227,2.07675936,0.77695688,0.03080169,0.95050899,0.01024527,80.0,-7.0,0.0,80.0,1.3962634,0.0,0.0,0.0,80.0,-7.0,0.0,80.0,1.3962634,0.0,0.0,0.0,-11.60721647,-1.05373996,5.79762137,5.45682176,-4.52988994,-0.45413833,3.32314923,3.12125921,22.11699496,-1.38737576,7.84646816,-2.24736043,3.09513508,3.24661387,0.0,17.5737701,10.55974225
1760624821.94,6.31970421,2.0911773,0.78888102,0.03135427,0.9502494,0.01046909,80.0,-7.0,0.0,80.0,1.3962634,0.0,0.0,0.0,80.0,-7.0,0.0,80.0,1.3962634,0.0,0.0,0.0,-11.71964144,-1.03214748,5.82363775,5.53403024,-4.50974823,-0.42491723,3.37674585,3.10140899,22.06591219,-1.39068013,7.92038579,-2.28372241,3.13178746,3.27530858,0.0,17.57848068,10.56574168
1760624821.973,6.10250571,2.07139158,0.7619918,0.03183037,0.94996635,0.01124521,80.0,-7.0,0.0,80.0,1.3962634,0.0,0.0,0.0,80.0,-7.0,0.0,80.0,1.3962634,0.0,0.0,0.0,-11.75306279,-0.97156102,5.84209447,5.52548843,-4.43373963,-0.25787201,3.62700982,3.05571531,21.83110448,-1.46921471,7.90541995,-2.3504015,3.15720222,3.28545002,0.0,17.59495224,10.5567828
1760624822.007,5.98555065,2.08194228,0.75812608,0.03225896,0.95007129,0.01162783,80.0,-7.0,0.0,80.0,1.3962634,0.0,0.0,0.0,80.0,-7.0,0.0,80.0,1.3962634,0.0,0.0,0.0,-11.83814816,-0.94894083,5.84704126,5.52064727,-4.36516571,-0.18252414,3.65435054,3.03229674,21.83775355,-1.47734206,7.88192082,-2.41116204,3.15276723,3.2925294,0.0,17.6030262,10.57104045
1760624822.04,5.85143821,2.10782025,0.74945147,0.0329133,0.94986009,0.01181064,80.0,-7.0,0.0,80.0,1.3962634,0.0,0.0,0.0,80.0,-7.0,0.0,80.0,1.3962634,0.0,0.0,0.0,-11.93700675,-0.91133387,5.84827128,5.51242692,-4.32814031,-0.13361477,3.67887134,2.9687731,21.87189576,-1.50609713,7.82953612,-2.44499881,3.18531583,3.30779846,0.0,17.61782048,10.56762916
1760624822.074,5.22932942,1.97363156,0.73389645,0.03211781,0.94934192,0.01264903,80.0,-7.0,0.0,80.0,1.3962634,0.0,0.0,0.0,80.0,-7.0,0.0,80.0,1.3962634,0.0,0.0,0.0,-11.73905863,-0.73046814,5.8719139,5.55087868,-4.22349187,-0.08076366,3.94059414,2.98248835,21.71242617,-1.60188233,7.78516982,-2.51096125,3.31356402,3.35308081,0.0,17.63454688,10.57087753
1760624822.107,5.10279891,1.96439415,0.70644738,0.03366381,0.94961393,0.01308657,80.0,-7.0,0.0,80.0,1.3962634,0.0,0.0,0.0,80.0,-7.0,0.0,80.0,1.3962634,0.0,0.0,0.0,-12.05765793,-0.66825909,5.82938174,5.66074606,-4.17599007,0.00833265,4.7981859,2.95702079,20.97237977,-1.76713229,7.86477348,-2.5699897,3.34609486,3.3882529,0.0,17.62599005,10.58276053
1760624822.141,4.81813671,1.97926088,0.68495593,0.03606129,0.94921701,0.01385403,80.0,-7.0,0.0,80.0,1.3962634,0.0,0.0,0.0,80.0,-7.0,0.0,80.0,1.3962634,0.0,0.0,0.0,-12.24750292,-0.64598339,5.80395128,5.76413458,-4.08131355,0.07730166,4.87525946,2.87214999,20.95314848,-1.80919514,7.92958709,-2.64903467,3.43433099,3.41495435,0.0,17.63454071,10.59385192
1760624822.174,4.10366697,2.04616635,0.68171016,0.03631041,0.94838746,0.01493273,80.0,-7.0,0.0,80.0,1.3962634,0.0,0.0,0.0,80.0,-7.0,0.0,80.0,1.3962634,0.0,0.0,0.0,-12.19866336,-0.62526575,5.73848379,5.82079734,-3.94572669,0.29073629,5.32048594,2.6915748,20.58598295,-1.96934782,7.99062396,-2.76842614,3.57850334,3.44652561,0.0,17.66117528,10.62700723
1760624822.207,3.42105784,2.09108589,0.69945989,0.0367421,0.94795212,0.01583548,80.0,-7.0,0.0,80.0,1.3962634,0.0,0.0,0.0,80.0,-7.0,0.0,80.0,1.3962634,0.0,0.0,0.0,-12.14174156,-0.62823174,5.65476437,5.90766671,-3.81018933,0.45091031,5.51203333,2.61191487,20.52536267,-2.04596628,8.09244676,-2.91495227,3.65316006,3.53004808,0.0,17.6925589,10.67149907
1760624822.241,2.8259931,2.06579295,0.72451764,0.03872076,0.94772548,0.01731974,80.0,-7.0,0.0,80.0,1.3962634,0.0,0.0,0.0,80.0,-7.0,0.0,80.0,1.3962634,0.0,0.0,0.0,-12.28756674,-0.51714814,5.58286092,6.04779299,-3.73284282,0.52919077,6.63429431,2.62281721,19.57235387,-2.29713826,8.28186582,-3.03176923,3.74295891,3.61648646,0.0,17.71101101,10.68884967
1760624822.274,2.22189618,1.97412088,0.78523622,0.04026159,0.94762385,0.01927361,80.0,-7.0,0.0,80.0,1.3962634,0.0,0.0,0.0,80.0,-7.0,0.0,80.0,1.3962634,0.0,0.0,0.0,-12.69118139,-0.30125665,5.46198844,6.17251146,-3.55613692,0.76383184,7.41990255,2.49888368,18.92111696,-2.57841021,8.52382595,-3.19272044,3.88016611,3.71231439,0.0,17.71672776,10.70116691
1760624822.308,1.79105772,1.94833914,0.87371921,0.0415098,0.94773497,0.02079537,80.0,-7.0,0.0,80.0,1.3962634,0.0,0.0,0.0,80.0,-7.0,0.0,80.0,1.3962634,0.0,0.0,0.0,-13.12109394,-0.13946561,5.34096494,6.2847563,-3.4708549,0.93420508,8.521637,2.49566684,17.95327597,-2.86434061,8.74295695,-3.27890402,3.93614083,3.84598263,0.0,17.71331414,10.70087927
1760624822.375,-0.31646144,1.81142313,1.00656437,0.04379823,0.94640175,0.02417714,80.0,-7.0,0.0,80.0,1.3962634,0.0,0.0,0.0,80.0,-7.0,0.0,80.0,1.3962634,0.0,0.0,0.0,-13.30390003,0.20481475,5.11668448,6.56409934,-3.12053486,1.49786573,9.40589613,2.31915139,17.51349062,-3.34884845,9.13689841,-3.72432501,4.05459902,4.40958393,0.0,17.7363122,10.82903135
1760624822.408,-1.78071485,1.72632777,1.37686645,0.04339034,0.94539549,0.02499077,80.0,-7.0,0.0,80.0,1.3962634,0.0,0.0,0.0,80.0,-7.0,0.0,80.0,1.3962634,0.0,0.0,0.0,-12.8919606,0.50260312,4.70028311,6.6658996,-3.03079639,1.98754018,9.19621345,2.11411789,17.98946327,-3.42557787,9.20119319,-3.88780168,4.13914424,4.6422452,0.0,17.78947161,10.91160588
1760624822.442,-3.80962014,1.61214637,1.50404244,0.04803024,0.9446642,0.02463185,80.0,-7.0,0.0,80.0,1.3962634,0.0,0.0,0.0,80.0,-7.0,0.0,80.0,1.3962634,0.0,0.0,0.0,-12.31518188,0.82006798,4.59259557,6.79450553,-2.90560848,2.47471085,8.07711059,1.8919232,19.42830123,-3.33993124,9.22809276,-4.08145779,4.36795122,4.86897615,0.0,17.82872875,10.92563187
1760624822.475,-5.79962788,1.58085212,1.84443098,0.0487857,0.94370125,0.0245367,80.0,-7.0,0.0,80.0,1.3962634,0.0,0.0,0.0,80.0,-7.0,0.0,80.0,1.3962634,0.0,0.0,0.0,-11.49741606,1.10794772,4.22985925,6.96192474,-2.85664964,3.15965825,7.17340104,1.49616838,20.5001435,-3.26287729,9.30005304,-4.17729273,4.57242984,5.02816946,0.0,17.83909797,10.92478737
1760624822.508,-6.91447829,1.54621918,2.01704154,0.04985656,0.94360894,0.0251892,80.0,-7.0,0.0,80.0,1.3962634,0.0,0.0,0.0,80.0,-7.0,0.0,80.0,1.3962634,0.0,0.0,0.0,-11.75596322,1.43540407,4.11981429,7.22571868,-2.89325425,3.68892602,7.13704783,1.56355203,20.80554136,-3.36244193,9.52638328,-4.27044053,4.86340804,5.31186275,0.0,17.87879749,11.00812928
1760624822.542,-9.45119269,1.56921246,2.45880186,0.05656355,0.94325315,0.02458779,80.0,-7.0,0.0,80.0,1.3962634,0.0,0.0,0.0,80.0,-7.0,0.0,80.0,1.3962634,0.0,0.0,0.0,-11.14470084,1.73934363,3.93076084,7.72251872,-2.91308454,4.2398254,6.09928557,1.66670305,22.21208169,-3.36002867,9.99636441,-4.39838466,5.52039583,5.70505449,0.0,17.92422744,11.04003799
1760624822.575,-10.86043,1.64031039,2.62677503,0.06188172,0.94426295,0.02447781,80.0,-7.0,0.0,80.0,1.3962634,0.0,0.0,0.0,80.0,-7.0,0.0,80.0,1.3962634,0.0,0.0,0.0,-10.91524928,1.76899965,3.84305812,8.03072577,-2.78570638,5.18944917,4.0689069,1.03662397,24.32887754,-3.08639044,10.26877326,-4.61358014,6.0400314,5.93139448,0.0,17.95264843,11.03066792
1760624822.609,-13.35728382,1.9138423,2.89333541,0.06912565,0.94527082,0.02433458,80.0,-7.0,0.0,80.0,1.3962634,0.0,0.0,0.0,80.0,-7.0,0.0,80.0,1.3962634,0.0,0.0,0.0,-9.40351275,1.56114975,3.70346076,8.34632293,-2.67316787,6.20645093,1.65271798,0.21562069,26.62268109,-2.6495605,10.48833312,-4.7528029,6.59212983,6.08221334,0.0,18.01615658,11.02933844
1760624822.642,-14.60220288,2.03621231,2.95204135,0.07352239,0.94480434,0.02496315,80.0,-7.0,0.0,80.0,1.3962634,0.0,0.0,0.0,80.0,-7.0,0.0,80.0,1.3962634,0.0,0.0,0.0,-9.46858445,1.64177852,3.61816244,8.98173142,-2.67585849,7.1646874,0.0,0.0,28.28458623,-2.46680657,11.07242435,-4.85679693,6.99567005,6.25619239,0.0,18.03702043,11.03187538
1760624822.676,-16.48732854,2.24989984,3.04234792,0.0758981,0.94891115,0.02704253,80.0,-7.0,0.0,80.0,1.3962634,0.0,0.0,0.0,80.0,-7.0,0.0,80.0,1.3962634,0.0,0.0,0.0,-8.21403665,1.35825386,3.52748802,9.2593144,-2.67301711,7.34953741,0.0,0.0,28.54941576,-2.35995412,11.16781093,-5.08820116,7.14636804,6.51509889,0.0,18.09883213,11.06452624
1760624822.709,-17.72784231,2.39736461,3.08078657,0.07640669,0.95270856,0.0276433,80.0,-7.0,0.0,80.0,1.3962634,0.0,0.0,0.0,80.0,-7.0,0.0,80.0,1.3962634,0.0,0.0,0.0,-7.48742391,1.21228983,3.50229618,9.53064084,-2.75484662,7.26393214,0.0,0.35151576,28.91891201,-2.4046932,11.28668638,-5.24694313,7.27842534,6.73524272,0.0,18.17064426,11.14962361
1760624822.743,-18.93868102,2.59402866,3.01707365,0.08015967,0.95978172,0.02919545,80.0,-7.0,0.0,80.0,1.3962634,0.0,0.0,0.0,80.0,-7.0,0.0,80.0,1.3962634,0.0,0.0,0.0,-6.64049501,0.97291933,3.51328826,9.79738638,-2.79121634,7.33219877,0.0,0.67878197,29.28034776,-2.61330976,11.36687741,-5.35079231,7.39339045,6.81003538,0.0,18.19557198,11.16990829
1760624822.776,-19.59528584,2.72719762,2.70313619,0.08605575,0.9652219,0.02964092,80.0,-7.0,0.0,80.0,1.3962634,0.0,0.0,0.0,80.0,-7.0,0.0,80.0,1.3962634,0.0,0.0,0.0,-6.16652054,0.95422332,3.48022203,9.96557466,-3.04409153,7.68315135,0.0,0.78638202,29.51299767,-2.70564295,11.62014999,-5.22605419,7.08550821,6.7122419,0.0,18.10556001,11.14796874
1760624822.81,-20.4804291,2.78504322,2.54130118,0.08793368,0.97217227,0.03032093,80.0,-7.0,0.0,80.0,1.3962634,0.0,0.0,0.0,80.0,-7.0,0.0,80.0,1.3962634,0.0,0.0,0.0,-5.11585848,0.7382264,3.65575177,9.9678233,-3.09498732,7.56157734,0.0,0.95639966,29.5563902,-2.78419411,11.51576111,-5.28114794,7.08944176,6.60224334,0.0,18.12575656,11.139837
1760624822.843,-20.86071189,2.801497,2.28536738,0.09339684,0.97625606,0.03112938,80.0,-7.0,0.0,80.0,1.3962634,0.0,0.0,0.0,80.0,-7.0,0.0,80.0,1.3962634,0.0,0.0,0.0,-4.43663597,0.6856539,3.70057058,9.94301183,-3.33147237,7.63102396,0.0,1.21708488,29.66759431,-2.8416829,11.63848421,-5.16665185,6.71801992,6.43078203,0.0,18.04693829,11.14055896
1760624822.876,-21.21953341,2.85539513,2.16437563,0.09673624,0.98220341,0.03234773,80.0,-7.0,0.0,80.0,1.3962634,0.0,0.0,0.0,80.0,-7.0,0.0,80.0,1.3962634,0.0,0.0,0.0,-3.66664355,0.3492644,3.89016142,9.87544108,-3.29414657,7.45822784,0.0,1.36809818,29.70289945,-2.85758584,11.5662815,-5.24977183,6.6148223,6.32275713,0.0,18.03418162,11.11467539
1760624822.91,-21.34482068,2.8965429,2.03417038,0.10031406,0.98802783,0.03284281,80.0,-7.0,0.0,80.0,1.3962634,0.0,0.0,0.0,80.0,-7.0,0.0,80.0,1.3962634,0.0,0.0,0.0,-3.00715541,-0.01315207,4.18085354,9.73932307,-3.21959489,7.11548614,0.0,1.59829496,29.68188202,-2.84481629,11.40587271,-5.33357258,6.62066184,6.20812082,0.0,18.04865153,11.0926013
1760624822.943,-21.20007046,3.10708306,1.75283207,0.10335267,0.9936467,0.03279798,80.0,-7.0,0.0,80.0,1.3962634,0.0,0.0,0.0,80.0,-7.0,0.0,80.0,1.3962634,0.0,0.0,0.0,-2.23723526,-0.63263427,4.663453,9.3408823,-3.13264429,6.49887474,0.0,1.94956933,29.72590346,-2.79051744,11.11998141,-5.38284917,6.56837103,6.01605397,0.0,18.0456003,11.08152276
1760624822.977,-20.79699966,2.99105156,1.80452202,0.10898733,0.99880181,0.0345234,80.0,-7.0,0.0,80.0,1.3962634,0.0,0.0,0.0,80.0,-7.0,0.0,80.0,1.3962634,0.0,0.0,0.0,-1.83138175,-0.72691881,4.81750996,8.90706282,-3.17354162,5.95277469,0.0,2.1556118,29.73524692,-2.7182245,10.84313167,-5.24737014,6.49639309,5.83009386,0.0,18.02905077,11.01927914
1760624823.01,-20.37743009,2.94783835,1.8697797,0.11259907,1.00629534,0.03704279,80.0,-7.0,0.0,80.0,1.3962634,0.0,0.0,0.0,80.0,-7.0,0.0,80.0,1.3962634,0.0,0.0,0.0,-1.37793548,-0.75651024,4.97287409,8.35067705,-3.28536743,5.57989613,0.0,2.37612526,29.65203973,-2.73651545,10.56696581,-4.93597123,6.43611004,5.58507767,0.0,18.01530742,10.95016892
1760624823.044,-19.47717255,2.78245201,-0.25378263,0.11907971,1.01301441,0.04258019,80.0,-7.0,0.0,80.0,1.3962634,0.0,0.0,0.0,80.0,-7.0,0.0,80.0,1.3962634,0.0,0.0,0.0,-1.26231913,-1.07305106,7.4964696,7.9440533,-3.19862236,5.16431942,0.0,2.51203293,29.41731005,-2.62573154,10.43627651,-4.90116644,6.50249679,5.37970554,0.0,18.00918193,10.90836991
1760624823.077,-18.9094125,2.63218608,-0.12608492,0.12015349,1.01985184,0.04506475,80.0,-7.0,0.0,80.0,1.3962634,0.0,0.0,0.0,80.0,-7.0,0.0,80.0,1.3962634,0.0,0.0,0.0,-0.79280141,-1.29535684,7.62711096,7.30888251,-3.01011213,4.79159647,0.0,2.71944485,29.32409271,-2.56097672,10.00118505,-5.01326723,6.34182336,5.35934023,0.0,18.03331696,10.89150287
1760624823.111,-17.91727735,2.49543254,-0.07498266,0.12477886,1.02798884,0.04665375,80.0,-7.0,0.0,80.0,1.3962634,0.0,0.0,0.0,80.0,-7.0,0.0,80.0,1.3962634,0.0,0.0,0.0,-0.82814276,-1.35150712,7.79939769,6.79623146,-2.99677671,4.36386463,0.0,2.99529641,29.19001433,-2.47353837,9.63725254,-4.97958286,6.07756226,5.37187235,0.0,18.07359911,10.93433723
1760624823.144,-17.22445034,2.31965363,0.11510875,0.12835932,1.0332278,0.04789274,80.0,-7.0,0.0,80.0,1.3962634,0.0,0.0,0.0,80.0,-7.0,0.0,80.0,1.3962634,0.0,0.0,0.0,-0.2524425,-1.46751564,7.9877589,6.17263292,-2.90703043,3.76823316,0.0,3.34994183,29.01455997,-2.37198202,9.13423942,-5.07434934,5.80236543,5.3251713,0.0,18.10369462,10.98346516
1760624823.177,-16.15574826,2.12294826,0.10829487,0.13046643,1.03963485,0.04868816,80.0,-7.0,0.0,80.0,1.3962634,0.0,0.0,0.0,80.0,-7.0,0.0,80.0,1.3962634,0.0,0.0,0.0,-0.25835678,-1.62294212,8.19171894,5.61369827,-2.65669103,3.35134909,0.0,3.71212467,28.92691493,-2.3245863,8.61229845,-5.37261826,5.56733565,5.25284555,0.0,18.10514916,10.94411048
1760624823.211,-15.6012346,1.93774,0.34969413,0.1305838,1.0451076,0.04989325,80.0,-7.0,0.0,80.0,1.3962634,0.0,0.0,0.0,80.0,-7.0,0.0,80.0,1.3962634,0.0,0.0,0.0,0.25708814,-1.78722873,8.45942842,5.08459545,-2.47597512,2.63512826,0.0,4.07044299,28.76972015,-2.27520816,8.03762962,-5.68048006,5.58763141,5.15289028,0.0,18.14937419,10.89735482
1760624823.244,-14.89973851,1.71479445,0.68396146,0.13202497,1.0493933,0.05109826,80.0,-7.0,0.0,80.0,1.3962634,0.0,0.0,0.0,80.0,-7.0,0.0,80.0,1.3962634,0.0,0.0,0.0,1.00563445,-2.01133136,8.87769567,4.31211136,-2.22554552,1.56936849,0.0,4.88530556,28.49732366,-2.2993172,7.30895801,-6.0933421,5.42755074,5.09113188,0.0,18.20325809,10.8562803
1760624823.278,-14.35844213,1.55608822,0.88523896,0.12997254,1.05437944,0.05389132,80.0,-7.0,0.0,80.0,1.3962634,0.0,0.0,0.0,80.0,-7.0,0.0,80.0,1.3962634,0.0,0.0,0.0,1.62597223,-2.22203578,9.16812205,3.45020971,-1.90832905,1.09687236,0.0,5.69754013,28.33121808,-2.44509818,6.82272985,-6.4256289,5.13063326,5.04693405,0.0,18.19760866,10.81138611
1760624823.311,-13.63800707,1.67248627,1.07038478,0.1299911,1.05868858,0.05612189,80.0,-7.0,0.0,80.0,1.3962634,0.0,0.0,0.0,80.0,-7.0,0.0,80.0,1.3962634,0.0,0.0,0.0,1.77778924,-2.7157566,9.95987306,2.98333425,-1.67699272,0.55584423,0.0,6.25610804,27.9666581,-2.5182749,6.58710192,-6.65252886,5.3140645,5.04513136,0.0,18.21720807,10.66997265
1760624823.345,-12.96864692,1.86039112,1.53326763,0.13013968,1.06168603,0.05873052,80.0,-7.0,0.0,80.0,1.3962634,0.0,0.0,0.0,80.0,-7.0,0.0,80.0,1.3962634,0.0,0.0,0.0,1.99867797,-3.39751742,11.13219267,2.53320787,-1.38734649,-0.07072275,0.0,6.92018531,27.41829427,-2.62425681,6.54791905,-6.83939852,5.86712004,5.06360545,0.0,18.23808493,10.52393629
1760624823.378,-12.21009122,1.9563525,1.8935899,0.13245647,1.06401859,0.06153644,80.0,-7.0,0.0,80.0,1.3962634,0.0,0.0,0.0,80.0,-7.0,0.0,80.0,1.3962634,0.0,0.0,0.0,1.32965884,-3.89456594,12.12912887,2.7407658,-1.3525279,-0.56282506,0.0,7.2931968,27.17812177,-2.54450667,7.0556295,-6.89053442,6.37584207,5.23182352,0.0,18.25219629,10.53279714
1760624823.412,-11.40922357,2.1847481,0.83824592,0.13982351,1.06482802,0.06445072,80.0,-7.0,0.0,80.0,1.3962634,0.0,0.0,0.0,80.0,-7.0,0.0,80.0,1.3962634,0.0,0.0,0.0,1.71720054,-4.36895748,14.42862918,2.00001739,-1.29973243,-0.28929237,0.0,7.02587018,27.14077933,-2.68869939,6.42348354,-6.90009175,6.51163843,5.69026138,0.0,18.2192261,10.54243937
1760624823.445,-10.93905709,2.3890077,1.1462978,0.14399625,1.06582176,0.06747631,80.0,-7.0,0.0,80.0,1.3962634,0.0,0.0,0.0,80.0,-7.0,0.0,80.0,1.3962634,0.0,0.0,0.0,1.42534169,-4.96003499,14.84460576,2.17970877,-1.19174332,0.42268375,0.0,6.32428604,26.84754634,-2.93468856,6.52705868,-6.99702186,6.69000791,5.86874892,0.0,18.08778808,10.64314967
1760624823.479,-10.50524765,2.64820242,1.41966775,0.14851873,1.06643046,0.06881792,80.0,-7.0,0.0,80.0,1.3962634,0.0,0.0,0.0,80.0,-7.0,0.0,80.0,1.3962634,0.0,0.0,0.0,1.35619083,-5.71425715,15.31708834,2.13533192,-1.1197785,0.68617359,0.0,6.10546105,26.83350803,-2.9426337,6.33342787,-7.28975348,6.90956295,5.93394281,0.0,17.98718805,10.54631683
1760624823.512,-11.08850985,2.78245734,1.88360304,0.15191211,1.06583737,0.07000047,80.0,-7.0,0.0,80.0,1.3962634,0.0,0.0,0.0,80.0,-7.0,0.0,80.0,1.3962634,0.0,0.0,0.0,2.14380101,-6.28609417,15.97438559,2.02701728,-1.3462441,0.07043741,0.0,6.95732013,27.63066637,-3.07208876,6.13912032,-7.2918399,7.08870147,6.08562122,0.0,17.88715109,10.39929985
1760624823.545,-11.90875936,2.80529925,2.2882002,0.15327898,1.06477609,0.07067881,80.0,-7.0,0.0,80.0,1.3962634,0.0,0.0,0.0,80.0,-7.0,0.0,80.0,1.3962634,0.0,0.0,0.0,3.69045298,-6.55426523,16.65917,1.24023567,-1.28335407,-0.49527248,0.0,7.96661034,28.14806217,-3.5827979,5.33119724,-7.35600426,7.48934273,6.11624333,0.0,17.87947114,10.47321297
1760624823.612,-11.87406521,2.66765244,2.99878244,0.16117281,1.06245841,0.06932945,80.0,-7.0,0.0,80.0,1.3962634,0.0,0.0,0.0,80.0,-7.0,0.0,80.0,1.3962634,0.0,0.0,0.0,3.86355882,-6.66486204,17.43464136,0.76120732,-1.70342116,-0.81469002,0.0,10.31131268,27.93455672,-4.734518,4.85896043,-7.04597397,7.76877596,6.22258497,0.0,17.7093488,10.85577314
1760624823.646,-12.18973228,2.31812746,3.21172414,0.16694789,1.06212391,0.06842239,80.0,-7.0,0.0,80.0,1.3962634,0.0,0.0,0.0,80.0,-7.0,0.0,80.0,1.3962634,0.0,0.0,0.0,4.44931748,-6.21956213,17.71786123,0.34666211,-2.00775165,-0.56068114,0.0,11.03591854,27.55447085,-5.20887906,4.38794206,-6.93031076,7.71756091,6.17527654,0.0,17.6912508,11.03024987
1760624823.679,-12.05546655,2.06327119,3.29784309,0.17646448,1.06190925,0.06791063,80.0,-7.0,0.0,80.0,1.3962634,0.0,0.0,0.0,80.0,-7.0,0.0,80.0,1.3962634,0.0,0.0,0.0,4.4027463,-5.82378808,17.68346201,0.12609005,-2.32835495,0.11523733,0.0,11.7588999,27.11536225,-5.95713361,4.19437688,-6.7918695,7.24182028,6.04900502,0.0,17.59185219,11.10219247
1760624823.713,-12.02629768,1.67859616,3.62816585,0.18004571,1.06142105,0.06688007,80.0,-7.0,0.0,80.0,1.3962634,0.0,0.0,0.0,80.0,-7.0,0.0,80.0,1.3962634,0.0,0.0,0.0,3.63818658,-5.5781426,17.56363244,0.74512992,-2.82244318,0.8251969,0.0,13.15145296,26.70278616,-7.07018682,4.75664632,-6.89621375,7.04300854,5.82133783,0.0,17.61474726,11.03430094
1760624823.746,-12.15658752,1.52403569,5.21983201,0.18229232,1.06082265,0.06326691,80.0,-7.0,0.0,80.0,1.3962634,0.0,0.0,0.0,80.0,-7.0,0.0,80.0,1.3962634,0.0,0.0,0.0,3.90387726,-5.58013774,16.41004224,0.39730695,-2.99570869,1.27915439,0.0,14.5014576,26.89684314,-8.1852219,4.50253671,-7.28097793,7.11722773,5.74175394,0.0,17.69612362,10.82617436
1760624823.78,-11.92393383,1.22332023,5.56986284,0.1852893,1.05931213,0.06054731,80.0,-7.0,0.0,80.0,1.3962634,0.0,0.0,0.0,80.0,-7.0,0.0,80.0,1.3962634,0.0,0.0,0.0,3.87364443,-5.16732816,16.44137129,0.24177203,-3.39407209,1.86561259,0.0,15.91387999,27.35130386,-9.44970892,4.38750396,-7.4797553,7.09437291,5.75947884,0.0,17.73521989,10.57588851
1760624823.813,-12.14267843,1.12937815,6.06275416,0.17948627,1.05760138,0.05926969,80.0,-7.0,0.0,80.0,1.3962634,0.0,0.0,0.0,80.0,-7.0,0.0,80.0,1.3962634,0.0,0.0,0.0,3.61904892,-5.2358131,16.89737274,0.61321905,-3.9931867,1.80400217,0.0,19.4979479,27.51868343,-11.74025005,4.95637715,-7.802208,7.698167,5.96208863,0.0,17.89626132,10.4643885
1760624823.847,-12.57705982,1.01677171,6.80539623,0.1795322,1.05441108,0.05542632,80.0,-7.0,0.0,80.0,1.3962634,0.0,0.0,0.0,80.0,-7.0,0.0,80.0,1.3962634,0.0,0.0,0.0,4.70366445,-5.08485369,17.36021813,-0.39740161,-4.30842906,0.77142387,0.0,23.34050529,27.96650072,-14.24786043,4.3256457,-7.98341458,8.38306643,6.34975386,0.0,18.102012,10.42143807
1760624823.88,-12.6083001,1.0284985,7.35590019,0.18475946,1.05179202,0.0497136,80.0,-7.0,0.0,80.0,1.3962634,0.0,0.0,0.0,80.0,-7.0,0.0,80.0,1.3962634,0.0,0.0,0.0,4.55604879,-4.97891765,17.89404729,-0.7208547,-4.99075967,-0.55296815,0.0,27.29396991,29.06245037,-16.81973475,4.81339155,-7.79241815,8.64943756,6.68965329,0.0,18.12538274,10.52444045
1760624823.913,-12.43640743,1.11587126,7.98084388,0.18639471,1.05134875,0.04536658,80.0,-7.0,0.0,80.0,1.3962634,0.0,0.0,0.0,80.0,-7.0,0.0,80.0,1.3962634,0.0,0.0,0.0,4.69301866,-4.88157685,18.52217732,-1.55210501,-5.95029459,-2.22695652,0.0,32.93722095,29.8477501,-19.88199478,4.77968351,-7.60387608,8.4380358,7.13400492,0.0,18.07219417,10.75761753
1760624823.947,-12.82170442,1.19213011,8.31062639,0.18245097,1.05060174,0.04144568,80.0,-7.0,0.0,80.0,1.3962634,0.0,0.0,0.0,80.0,-7.0,0.0,80.0,1.3962634,0.0,0.0,0.0,5.07360144,-5.0095043,19.02266432,-1.79040871,-6.7177191,-3.17354149,0.0,36.62686508,29.6687877,-21.98658883,4.56710945,-7.59154873,8.21215801,7.65987331,0.0,18.09237546,10.94451574
1760624823.98,-13.58683251,1.29032576,8.84062968,0.17810589,1.04907167,0.03940218,80.0,-7.0,0.0,80.0,1.3962634,0.0,0.0,0.0,80.0,-7.0,0.0,80.0,1.3962634,0.0,0.0,0.0,6.35288296,-5.2418385,19.82459406,-2.35126877,-7.22806382,-4.16081173,0.0,38.97191723,29.40459045,-23.8290192,3.74221449,-7.81575578,8.66290336,7.97706291,0.0,18.19119163,11.13304701
1760624824.014,-13.67768002,1.28556505,9.36024866,0.18003302,1.04833505,0.0384953,80.0,-7.0,0.0,80.0,1.3962634,0.0,0.0,0.0,80.0,-7.0,0.0,80.0,1.3962634,0.0,0.0,0.0,6.35725468,-5.26235362,20.42446915,-2.086018,-8.405351,-4.39466973,0.0,39.97720458,29.76080806,-24.99999983,3.87342706,-7.65221299,8.58097258,8.03752062,0.0,18.02565041,11.10780433
1760624824.047,-13.7001651,1.34334209,8.81167454,0.18247228,1.0483822,0.03928328,80.0,-7.0,0.0,80.0,1.3962634,0.0,0.0,0.0,80.0,-7.0,0.0,80.0,1.3962634,0.0,0.0,0.0,6.8890237,-5.26955861,22.11988255,-2.13798052,-9.34217472,-4.63749851,0.0,40.21880392,30.14772308,-24.99999983,3.60806458,-7.6100187,8.30562931,8.12318888,0.0,17.91275368,10.99897321
1760624824.081,-13.99321511,1.48613108,9.32924372,0.18460789,1.04796065,0.03893793,80.0,-7.0,0.0,80.0,1.3962634,0.0,0.0,0.0,80.0,-7.0,0.0,80.0,1.3962634,0.0,0.0,0.0,7.75082292,-5.70368351,22.91913178,-2.20687232,-10.04514242,-4.94455379,0.0,40.8574292,30.39869702,-24.99999983,3.31971419,-7.85825254,7.94525843,8.22994809,0.0,17.80540595,10.9283255
1760624824.114,-13.91918447,1.4842559,8.81258239,0.1891392,1.04845334,0.03952201,80.0,-7.0,0.0,80.0,1.3962634,0.0,0.0,0.0,80.0,-7.0,0.0,80.0,1.3962634,0.0,0.0,0.0,8.41463415,-5.83809949,25.12397756,-2.10882544,-11.01006864,-5.1363008,0.57503419,41.81123428,29.81811826,-24.99999983,3.16574178,-8.15403354,6.93111902,8.65871061,0.0,17.64607743,10.91710825
1760624824.148,-14.65537735,1.4852416,9.43017315,0.19916094,1.04657801,0.04029727,80.0,-7.0,0.0,80.0,1.3962634,0.0,0.0,0.0,80.0,-7.0,0.0,80.0,1.3962634,0.0,0.0,0.0,9.86004184,-6.36008169,25.98311317,-2.3046534,-11.46168383,-5.29242039,2.25252291,42.64166703,28.12572838,-24.99999983,2.78818597,-8.75801353,6.10456378,9.15348793,0.0,17.61000971,11.01792841
1760624824.181,-15.06468217,1.35591228,9.83647188,0.20440261,1.04612404,0.04165735,80.0,-7.0,0.0,80.0,1.3962634,0.0,0.0,0.0,80.0,-7.0,0.0,80.0,1.3962634,0.0,0.0,0.0,10.90833115,-6.57206242,26.72753316,-2.23590932,-12.11312308,-5.01632946,3.43081882,43.36404576,26.72425123,-24.99999983,2.43182889,-9.25068852,5.2502997,9.59135903,0.0,17.53602909,11.1009638
1760624824.214,-16.4002463,1.28039214,9.06435178,0.21283184,1.04346025,0.04756922,80.0,-7.0,0.0,80.0,1.3962634,0.0,0.0,0.0,80.0,-7.0,0.0,80.0,1.3962634,0.0,0.0,0.0,13.49931917,-7.02253506,29.01569116,-2.05864838,-12.65544412,-4.96127818,4.91808111,44.98241009,24.41280397,-24.99999983,1.62826074,-10.30110592,4.37289598,10.07866598,0.05422044,17.45895145,11.07815619
1760624824.248,-17.11091138,1.21913327,9.54060629,0.21506347,1.04371143,0.05042603,80.0,-7.0,0.0,80.0,1.3962634,0.0,0.0,0.0,80.0,-7.0,0.0,80.0,1.3962634,0.0,0.0,0.0,14.98905031,-7.55498089,29.59464724,-1.78309378,-13.14150284,-5.25784985,6.07570272,46.72925621,22.43902446,-24.99999983,1.00025168,-10.97003307,3.76841274,10.38466421,0.13783441,17.39282025,10.93215361
1760624824.281,-18.7124277,1.1535277,10.09390077,0.22727629,1.0414834,0.05806278,80.0,-7.0,0.0,80.0,1.3962634,0.0,0.0,0.0,80.0,-7.0,0.0,80.0,1.3962634,0.0,0.0,0.0,17.9612444,-8.33774614,30.46383412,-2.08371366,-13.20500878,-5.68576173,7.36261815,48.50976106,20.26806686,-24.99999983,0.03090632,-11.97694863,3.55292209,10.4913091,0.01218841,17.37336719,10.83081026
1760624824.315,-20.10383328,1.11310602,9.01489357,0.240694,1.0386196,0.06409383,80.0,-7.0,0.0,80.0,1.3962634,0.0,0.0,0.0,80.0,-7.0,0.0,80.0,1.3962634,0.0,0.0,0.0,20.90770778,-8.67429954,33.23003414,-2.18286944,-13.5806047,-5.89447899,9.13029706,50.84907045,17.09815053,-24.99999983,-0.47756269,-13.09107989,3.08935282,10.46127082,0.0,17.20478532,10.7977434
1760624824.348,-20.72420369,0.9965059,9.32716522,0.24374745,1.0403877,0.0645179,80.0,-7.0,0.0,80.0,1.3962634,0.0,0.0,0.0,80.0,-7.0,0.0,80.0,1.3962634,0.0,0.0,0.0,22.16293551,-9.15326771,33.68045175,-1.87375205,-14.13252044,-5.30303859,10.20594922,52.85498584,14.05917035,-24.99999983,-0.78426229,-13.58736436,2.53196901,10.58760344,0.0,17.06093358,10.65887787
1760624824.382,-22.92087922,0.89312893,9.26718076,0.25006296,1.03918087,0.07201532,80.0,-7.0,0.0,80.0,1.3962634,0.0,0.0,0.0,80.0,-7.0,0.0,80.0,1.3962634,0.0,0.0,0.0,24.23978634,-10.33269111,34.26890764,-0.17291763,-14.90851129,-3.98749852,11.3710755,56.71343314,8.57746387,-24.99999983,-0.96471725,-14.24903208,2.08341437,11.12513065,0.0,17.05624686,10.63634163
1760624824.415,-24.58102623,0.79875114,9.29498297,0.26553509,1.0365176,0.07748003,80.0,-7.0,0.0,80.0,1.3962634,0.0,0.0,0.0,80.0,-7.0,0.0,80.0,1.3962634,0.0,0.0,0.0,26.45825816,-11.0182989,35.10109252,0.43699269,-15.35993158,-4.01912946,11.70982592,60.90271055,4.05087507,-24.99999983,-1.64694915,-15.18236077,2.51002328,11.27257779,0.0,17.15876904,10.93136384
1760624824.449,-26.35084119,0.55981509,7.39328949,0.27703268,1.04304889,0.08343391,80.0,-7.0,0.0,80.0,1.3962634,0.0,0.0,0.0,80.0,-7.0,0.0,80.0,1.3962634,0.0,0.0,0.0,30.12260512,-10.75792388,38.52338768,0.27290707,-15.63003144,-5.16852367,11.55200049,65.51827333,-0.41562274,-24.99999983,-2.32236119,-16.80013204,3.44313528,10.90726156,0.0,17.19387168,11.05065892
1760624824.482,-27.93638253,0.03169128,8.05207627,0.28339192,1.04319308,0.08654774,80.0,-7.0,0.0,80.0,1.3962634,0.0,0.0,0.0,80.0,-7.0,0.0,80.0,1.3962634,0.0,0.0,0.0,32.01299605,-11.21463407,39.65267001,1.13119169,-16.91732295,-5.34018405,10.27759645,70.46890863,-6.72354808,-24.99999983,-2.0654559,-17.58017689,3.6466335,10.62806373,0.0,17.19592995,10.82366783
1760624824.516,-28.44283567,-0.06926586,7.40281207,0.30550844,1.04175448,0.08974586,80.0,-7.0,0.0,80.0,1.3962634,0.0,0.0,0.0,80.0,-7.0,0.0,80.0,1.3962634,0.0,0.0,0.0,32.14561105,-10.99842763,41.95248718,2.58736723,-18.95934935,-5.36183499,8.84084344,73.52820873,-10.87000615,-24.99999983,-1.84094716,-17.83170007,4.43678429,10.99032844,0.0,17.34761363,10.85135039
1760624824.549,-29.1224974,0.06183776,7.52087585,0.3218132,1.04474935,0.0903201,80.0,-7.0,0.0,80.0,1.3962634,0.0,0.0,0.0,80.0,-7.0,0.0,80.0,1.3962634,0.0,0.0,0.0,32.55005747,-11.73276015,42.75148885,4.51304457,-21.04830244,-4.85970347,5.95325463,77.06939283,-13.5948821,-24.99999983,-1.87302169,-18.53494618,5.01705645,11.30321843,0.0,17.41195648,11.1395072
1760624824.582,-30.39470453,0.13937901,7.51384407,0.32151234,1.04702395,0.09075013,80.0,-7.0,0.0,80.0,1.3962634,0.0,0.0,0.0,80.0,-7.0,0.0,80.0,1.3962634,0.0,0.0,0.0,33.65850459,-12.49980448,43.58904727,7.14483324,-23.68944613,-3.88349402,1.39345649,81.2041804,-15.88083535,-24.99999983,-2.12570373,-19.86793276,6.16724412,11.16241166,0.0,17.60892339,11.63249257
1760624824.616,-31.1709217,-0.36285517,7.25503071,0.32723147,1.04387696,0.09800054,80.0,-7.0,0.0,80.0,1.3962634,0.0,0.0,0.0,80.0,-7.0,0.0,80.0,1.3962634,0.0,0.0,0.0,33.90391803,-12.1465767,42.96114703,8.82175991,-25.51520092,-2.0865535,0.0,83.07855507,-17.75711727,-24.99999983,-2.36297993,-20.20975194,5.79695985,10.93597071,0.0,17.58112228,11.55827716
1760624824.649,-31.90638633,-0.7265169,7.31411343,0.33603016,1.04693469,0.10114332,80.0,-7.0,0.0,80.0,1.3962634,0.0,0.0,0.0,80.0,-7.0,0.0,80.0,1.3962634,0.0,0.0,0.0,33.91283883,-12.77461669,43.17878456,10.4809012,-27.12499133,-1.56271845,0.0,84.95052892,-20.07990937,-24.99999983,-1.88152518,-21.17302203,6.40650739,10.79153663,0.0,17.65256122,11.35334587
1760624824.683,-32.88335567,-1.13013306,8.05465526,0.3335199,1.04842982,0.10646439,80.0,-7.0,0.0,80.0,1.3962634,0.0,0.0,0.0,80.0,-7.0,0.0,80.0,1.3962634,0.0,0.0,0.0,33.93213858,-13.5307256,42.08319407,13.5152344,-29.41636942,0.41314992,0.0,89.46410244,-21.83770303,-20.41766066,-1.74634094,-22.2127119,6.45254258,10.57848927,0.0,17.73387041,11.23687335
1760624824.716,-33.51728124,-1.33926958,8.11392507,0.33085179,1.04767203,0.11030616,80.0,-7.0,0.0,80.0,1.3962634,0.0,0.0,0.0,80.0,-7.0,0.0,80.0,1.3962634,0.0,0.0,0.0,33.92360858,-13.71865372,42.16804786,15.67056999,-31.38170876,2.11581492,0.0,92.26990492,-21.58488251,-16.4013191,-1.52404764,-23.06716733,6.56663562,10.56297223,0.0,17.87449446,11.37952243
1760624824.75,-33.72007862,-1.61240406,8.3146494,0.33213012,1.04302909,0.11254245,80.0,-7.0,0.0,80.0,1.3962634,0.0,0.0,0.0,80.0,-7.0,0.0,80.0,1.3962634,0.0,0.0,0.0,32.68929941,-13.4733638,41.79097092,18.0233793,-33.60578431,4.22874339,0.0,94.2869581,-21.37457755,-12.99479028,-0.69543532,-22.9959639,6.35013475,10.59393042,0.0,17.86187195,11.47450924
1760624824.783,-34.84606278,-1.8127409,9.49824871,0.33540078,1.04298691,0.11634169,80.0,-7.0,0.0,80.0,1.3962634,0.0,0.0,0.0,80.0,-7.0,0.0,80.0,1.3962634,0.0,0.0,0.0,32.5137914,-14.37830851,40.75808276,20.55444563,-35.41032368,5.89702625,0.0,97.90218459,-21.0250748,-8.7593171,0.07463922,-23.33519527,5.9007452,10.810265,0.0,17.8823587,11.3863498
1760624824.816,-35.88325331,-2.26711438,9.64528907,0.33951285,1.04452422,0.12380923,80.0,-7.0,0.0,80.0,1.3962634,0.0,0.0,0.0,80.0,-7.0,0.0,80.0,1.3962634,0.0,0.0,0.0,32.60838225,-14.47488431,40.6189579,22.3119862,-36.96121053,6.82607362,0.0,100.54318807,-20.47987605,-5.64005692,0.65259018,-23.66529525,5.84693195,11.01507599,0.0,17.9514207,11.52722072
1760624824.85,-36.06469773,-2.57134157,10.75013126,0.35037544,1.04655212,0.12731909,80.0,-7.0,0.0,80.0,1.3962634,0.0,0.0,0.0,80.0,-7.0,0.0,80.0,1.3962634,0.0,0.0,0.0,31.06388778,-14.54234859,38.8816128,24.57667052,-38.36138286,9.01953356,0.0,102.61419424,-19.94866864,-2.58750594,1.38311848,-22.98070473,5.2387373,11.05995796,0.0,17.83482955,11.59006584
1760624824.883,-36.92139946,-2.67699286,10.96895576,0.3525973,1.04290636,0.13228055,80.0,-7.0,0.0,80.0,1.3962634,0.0,0.0,0.0,80.0,-7.0,0.0,80.0,1.3962634,0.0,0.0,0.0,30.69422573,-14.60902474,39.22182295,26.3167098,-39.81001128,10.450796,0.0,104.48873567,-18.88114327,0.96253424,1.9312816,-23.13678261,5.14822523,11.03290624,0.0,17.9178045,11.76665964
1760624824.917,-37.64812463,-2.7263855,11.11254558,0.35771168,1.04003166,0.13463711,80.0,-7.0,0.0,80.0,1.3962634,0.0,0.0,0.0,80.0,-7.0,0.0,80.0,1.3962634,0.0,0.0,0.0,30.41593489,-14.71830346,39.45083841,27.70467398,-40.85048185,10.9227322,0.0,106.4155338,-18.47000471,3.4360056,2.46125759,-23.06158674,5.05255076,10.94576955,0.0,17.91270326,11.73213064
1760624824.95,-38.30044142,-3.05339821,11.17148182,0.36150935,1.04044277,0.13873797,80.0,-7.0,0.0,80.0,1.3962634,0.0,0.0,0.0,80.0,-7.0,0.0,80.0,1.3962634,0.0,0.0,0.0,30.24895148,-14.2876363,38.64624043,29.0311539,-41.43035598,12.00419264,0.0,107.98423091,-18.19399898,5.1764284,2.64969186,-22.6454441,4.11614395,10.69706963,0.0,17.74632227,11.61970793
1760624824.984,-39.16438408,-3.32186114,11.86616536,0.36033773,1.03795886,0.14131023,80.0,-7.0,0.0,80.0,1.3962634,0.0,0.0,0.0,80.0,-7.0,0.0,80.0,1.3962634,0.0,0.0,0.0,30.62018248,-14.58341577,39.06751394,29.37077868,-42.70836772,11.00352316,0.0,110.26192051,-17.43578932,7.19241701,2.62480492,-23.38659387,4.34450748,10.4939323,0.0,17.83879035,11.87843613
1760624825.017,-39.95357278,-3.47945996,12.16418868,0.35717128,1.03884623,0.1410527,80.0,-7.0,0.0,80.0,1.3962634,0.0,0.0,0.0,80.0,-7.0,0.0,80.0,1.3962634,0.0,0.0,0.0,31.09377285,-14.72421714,39.18618939,29.42606151,-43.26617352,10.96099613,0.0,111.16248731,-17.70335022,7.80316783,2.54746915,-23.74323289,4.12577129,10.35746695,0.0,17.86091351,12.00794571
1760624825.051,-41.18380048,-3.58640509,12.13951699,0.3635375,1.04630243,0.14160645,80.0,-7.0,0.0,80.0,1.3962634,0.0,0.0,0.0,80.0,-7.0,0.0,80.0,1.3962634,0.0,0.0,0.0,31.65696339,-14.75607538,38.89771104,29.91831354,-43.62943094,11.90876427,0.0,111.62394445,-19.43703119,7.87221153,2.78115122,-23.4072729,3.4911769,10.15680027,0.0,17.76771969,11.93781109
1760624825.084,-42.33957487,-3.50444803,12.18668499,0.36903438,1.04942279,0.13862941,80.0,-7.0,0.0,80.0,1.3962634,0.0,0.0,0.0,80.0,-7.0,0.0,80.0,1.3962634,0.0,0.0,0.0,32.59990082,-15.28537229,39.2101807,29.53371292,-43.7169389,11.67435566,0.0,111.62564868,-23.13044509,6.39674397,2.9607764,-23.5425108,3.24909572,9.90857405,0.0,17.73237441,11.83298104
1760624825.118,-42.98905434,-3.40961234,12.1352122,0.37097131,1.04909323,0.13665691,80.0,-7.0,0.0,80.0,1.3962634,0.0,0.0,0.0,80.0,-7.0,0.0,80.0,1.3962634,0.0,0.0,0.0,33.13250028,-15.58493444,39.59561244,28.85415831,-43.78698474,10.87897063,0.0,111.51344344,-26.60582646,4.42993118,3.02514338,-23.66578842,3.1689491,9.81756427,0.0,17.73437909,11.84822344
1760624825.151,-43.56222129,-3.14829558,11.83520919,0.37465545,1.05087461,0.1335423,80.0,-7.0,0.0,80.0,1.3962634,0.0,0.0,0.0,80.0,-7.0,0.0,80.0,1.3962634,0.0,0.0,0.0,33.50653848,-15.84068956,39.7472983,28.54830679,-43.43639603,10.67586862,0.0,112.38517935,-29.60581063,3.29795942,3.26517416,-23.32533827,2.84993734,9.68717725,0.0,17.63608308,11.70196284
1760624825.185,-43.87115278,-2.93389458,11.84170279,0.37803436,1.05116295,0.13178744,80.0,-7.0,0.0,80.0,1.3962634,0.0,0.0,0.0,80.0,-7.0,0.0,80.0,1.3962634,0.0,0.0,0.0,33.49267916,-16.23297248,40.39464419,27.97725776,-43.87687534,10.57317914,0.0,111.52987379,-31.89992275,1.42318987,3.52796423,-23.31897667,3.41435129,9.68893399,0.0,17.70334688,11.79997913
1760624825.218,-44.3398613,-2.80434067,11.76078462,0.3759073,1.05260963,0.13118758,80.0,-7.0,0.0,80.0,1.3962634,0.0,0.0,0.0,80.0,-7.0,0.0,80.0,1.3962634,0.0,0.0,0.0,33.93115392,-16.30060379,40.69684729,27.37600496,-43.85835646,10.9068909,0.0,110.51483779,-33.58655003,0.62282362,3.55343257,-23.23141748,3.72584273,9.63655302,0.0,17.73169209,11.86179729
1760624825.251,-44.84096095,-2.61710991,11.41497304,0.3729771,1.05296711,0.13225292,80.0,-7.0,0.0,80.0,1.3962634,0.0,0.0,0.0,80.0,-7.0,0.0,80.0,1.3962634,0.0,0.0,0.0,34.55071317,-16.16254894,40.22768924,27.20367428,-43.1876241,11.08632133,0.0,110.1222174,-34.91599439,-0.09432924,3.42215034,-22.7984804,3.10162435,9.55867108,0.0,17.61642952,11.68487683
