PathFileType	4	(X/Y/Z)	webcam_static.trc
DataRate	CameraRate	NumFrames	NumMarkers	Units	OrigDataRate	OrigDataStartFrame	OrigNumFrames
29.300983568096093	29.300983568096093	1294	12	mm	29.300983568096093	1	1294
Frame#	Time	JOINT_RIGHT_SHOULDER			JOINT_LEFT_SHOULDER			JOINT_RIGHT_ELBOW			JOINT_LEFT_ELBOW			JOINT_LEFT_WRIST			JOINT_RIGHT_WRIST			JOINT_RIGHT_PINKY			JOINT_LEFT_PINKY			JOINT_RIGHT_INDEX			JOINT_LEFT_INDEX			JOINT_RIGHT_HIP			JOINT_LEFT_HIP
		X1	Y1	Z1	X2	Y2	Z2	X3	Y3	Z3	X4	Y4	Z4	X5	Y5	Z5	X6	Y6	Z6	X7	Y7	Z7	X8	Y8	Z8	X9	Y9	Z9	X10	Y10	Z10	X11	Y11	Z11	X12	Y12	Z12

1	1753709308.417267	205.978617	398.155481	168.785378	152.759790	397.927582	-159.539476	173.034832	130.967438	204.114020	120.141722	169.688612	-168.321773	185.372412	-64.495169	-290.377229	233.060107	-90.591133	299.915493	240.257636	-144.424438	338.706791	200.165883	-126.482993	-332.869500	285.326928	-150.817350	333.861679	238.993883	-139.968097	-326.111376	8.664870	6.432934	116.150208	-9.916350	-6.570936	-116.083942
2	1753709308.445921	184.142083	405.665338	167.881012	131.315246	406.236291	-159.645170	160.535306	141.182765	201.335609	105.647489	172.976077	-168.188259	185.380757	-45.356050	-280.911595	232.945278	-79.243831	294.069886	240.485251	-132.448867	329.611033	200.711444	-107.031822	-320.362478	285.359949	-139.752746	324.701697	239.487886	-117.619753	-312.234968	10.370855	4.503485	116.150931	-11.739533	-4.616591	-116.083585
3	1753709308.476373	161.579102	411.639243	165.119916	98.509386	412.130177	-159.870282	140.415981	147.848070	198.751882	71.988299	177.919760	-170.551881	164.764091	-32.937467	-278.927088	217.493951	-76.834731	290.173322	226.226032	-130.587429	323.709637	181.568071	-94.593592	-316.281587	268.439770	-138.414055	317.345113	218.210831	-102.445908	-306.950986	12.946350	4.079636	116.146073	-14.364847	-4.126673	-116.063416
4	1753709308.503678	153.123274	412.365228	165.146962	88.376716	413.018942	-159.936354	131.236553	150.689095	198.812500	58.588099	178.784430	-171.589509	151.062652	-32.514676	-275.198996	212.328494	-74.524738	294.465333	222.116441	-128.819942	326.828450	169.021741	-95.685408	-312.360406	264.029145	-137.802303	318.925917	204.843611	-104.454987	-301.052719	14.338894	3.956083	116.564095	-15.785035	-3.948215	-116.409197
5	1753709308.531838	154.504418	412.248343	164.912015	91.619991	412.506640	-160.137132	134.196460	150.391608	198.949412	64.867176	178.037763	-172.250658	154.845983	-32.049377	-273.598999	213.224441	-73.989376	297.381252	223.499820	-128.046721	328.068852	171.119645	-94.799951	-311.144114	264.774650	-137.116104	319.205076	208.287328	-102.551743	-298.518181	15.749145	3.591389	116.951145	-17.234210	-3.510537	-116.742626
6	1753709308.558583	151.193097	413.889796	164.938152	86.908132	413.156390	-160.145700	132.986173	152.152568	199.395806	64.964376	177.895024	-174.190074	156.656489	-32.574434	-273.914099	214.312017	-70.408992	304.180324	224.025294	-123.888940	334.363043	172.924221	-96.064091	-311.822951	266.057163	-133.960009	324.299544	209.091127	-104.409903	-298.584700	16.736807	3.247788	117.240041	-18.226391	-3.074998	-116.978444
7	1753709308.595308	145.710483	415.903270	163.893238	81.977747	413.892150	-161.965877	130.708247	154.710174	199.413747	63.581683	177.776784	-178.758577	157.498464	-30.986153	-274.253845	215.065807	-64.597607	305.363148	225.864202	-117.049038	335.661381	176.762417	-94.764732	-312.353343	266.758531	-128.187850	324.446082	210.738346	-103.750288	-298.766106	17.546458	3.249253	117.783256	-19.015633	-3.061908	-117.453583
8	1753709308.625108	149.459675	416.931748	162.330136	87.194629	414.521456	-165.432855	131.873250	155.177772	199.558035	66.426754	177.704200	-183.361501	164.222673	-30.677103	-279.054254	219.350308	-64.180635	306.808621	232.590377	-116.902709	337.779641	184.822381	-95.023088	-316.288352	271.768391	-127.722308	326.361984	220.377326	-104.154810	-301.925510	17.627651	3.187162	117.928237	-19.079460	-2.961402	-117.557995
9	1753709308.662912	155.169308	416.961044	162.322968	88.978522	414.556265	-165.636778	134.781361	155.656561	202.597380	68.236493	177.873909	-184.793413	172.512263	-28.725615	-281.225204	224.995911	-64.511918	308.222651	239.683911	-117.310166	338.666379	194.131717	-92.861831	-317.799777	278.706223	-127.581134	327.331543	230.791062	-100.728348	-303.129345	17.793754	2.832558	117.933117	-19.210089	-2.546737	-117.548168
10	1753709308.697419	155.766517	417.823046	162.271857	91.448054	415.156394	-166.642115	135.419667	156.354249	204.324722	69.318235	178.162500	-188.264057	173.263699	-26.410483	-287.056565	226.179332	-64.244054	309.556305	240.660667	-116.757572	340.983808	194.342062	-89.961745	-323.064774	279.088020	-127.192765	329.703152	231.232688	-97.722314	-309.664279	17.789947	2.858970	117.995724	-19.196162	-2.552896	-117.581457
11	1753709308.734023	160.682335	417.869031	161.939025	92.035703	415.396124	-167.973593	143.941090	156.155542	206.690550	69.749065	178.144440	-191.065460	177.512199	-25.158472	-291.765481	235.193402	-64.586252	311.737478	250.554234	-117.053613	343.079507	198.499233	-87.946594	-328.357428	287.371248	-127.347738	331.242532	236.046612	-95.169850	-315.072447	17.871458	2.900690	118.159629	-19.257840	-2.571961	-117.700867
12	1753709308.767693	166.844398	417.763352	161.642939	93.842827	415.316045	-168.621168	150.090486	156.052843	208.936855	70.010625	177.961215	-192.560419	179.955468	-24.708526	-294.817209	241.313860	-64.849943	313.515753	257.812470	-117.325887	344.193757	201.342091	-87.067209	-332.134038	294.564605	-127.428204	331.965983	239.105359	-93.649223	-319.231600	17.941600	2.839834	118.266769	-19.314038	-2.483438	-117.777601
13	1753709308.798306	169.230521	417.783737	161.467358	94.893180	415.411144	-168.997541	154.071942	156.118229	211.596489	71.105160	177.972317	-194.800705	183.020130	-23.943186	-297.000378	245.385841	-64.808272	314.913243	262.519658	-117.291123	345.076650	204.746664	-86.335815	-334.311366	298.904926	-127.026469	332.428604	242.730483	-92.578009	-321.094573	17.953224	2.807894	118.341848	-19.319246	-2.432051	-117.830396
14	1753709308.832958	168.226525	418.147147	161.447197	95.376514	416.336924	-169.003442	153.473347	156.335995	212.926403	71.114592	178.414792	-195.555925	182.930171	-23.572713	-297.224283	244.801983	-64.882934	315.314233	261.213034	-117.364265	345.202357	204.548642	-86.081907	-334.528357	298.304111	-126.942888	332.502753	242.480323	-92.180237	-321.059346	17.977295	2.786011	118.391007	-19.335246	-2.398070	-117.865354
15	1753709308.870184	164.917603	419.288278	161.630481	94.176330	417.658061	-168.879792	150.772721	157.340482	214.937672	69.890715	179.047137	-195.462242	181.530267	-22.961020	-296.960741	242.678553	-63.837864	316.646725	259.904325	-116.279632	346.050113	203.629285	-85.740209	-334.320277	296.097428	-125.445455	333.284616	241.510734	-91.516525	-320.922732	17.996224	2.711812	118.430704	-19.348159	-2.304845	-117.895566
16	1753709308.902678	165.119201	419.157773	161.466435	94.749302	418.105751	-169.002712	150.882125	156.503275	215.060234	70.130996	179.404095	-195.900142	181.504503	-23.156272	-296.777606	242.197245	-63.933365	316.560447	259.172797	-116.293080	345.983565	203.497484	-85.878953	-333.800107	295.530677	-125.309080	333.237946	241.356552	-91.676258	-319.745213	18.126654	2.721610	118.447579	-19.467823	-2.304383	-117.910296
17	1753709308.938166	165.675327	418.738127	160.713419	95.944256	418.130368	-169.731319	151.633263	154.969990	214.971244	71.779385	179.406151	-196.572274	182.459086	-23.312230	-296.628535	242.184043	-64.455584	316.298366	258.710951	-116.586693	345.713735	204.384729	-85.988164	-333.664387	295.027226	-125.488058	332.903147	242.305845	-91.845416	-319.517732	18.262120	2.731801	118.466146	-19.597661	-2.305143	-117.925338
18	1753709308.972966	165.492132	418.600023	159.922093	96.390218	418.111980	-170.988977	151.610151	154.199615	214.887545	71.965575	179.318920	-197.605729	182.558596	-23.452448	-297.159791	241.901726	-64.935446	316.221774	258.239448	-116.952099	345.691353	204.510093	-86.161576	-333.969951	294.757694	-125.786737	332.773864	242.397219	-92.118770	-319.687694	18.329589	2.755024	118.539296	-19.660637	-2.317287	-117.989622
19	1753709309.005826	165.863916	418.085754	159.232721	97.373635	417.950392	-171.781301	152.087837	153.436393	214.791507	73.426992	179.021120	-198.097125	183.812574	-23.777997	-297.177553	242.272556	-65.699287	316.137105	258.452803	-117.726028	345.584244	205.849960	-86.655512	-333.930135	294.692367	-126.493052	332.529247	243.760780	-92.829049	-319.620609	18.437525	2.760604	118.573435	-19.767314	-2.316442	-118.019320
20	1753709309.037751	165.922821	417.823613	158.705130	98.261595	417.856574	-172.915518	152.105570	153.051496	214.539006	74.826941	178.941131	-199.295014	184.591338	-24.085058	-297.467738	242.114171	-66.268891	315.958411	258.192539	-118.317358	345.414966	206.573218	-87.060742	-334.082633	294.530809	-127.123535	332.286954	244.447514	-93.543731	-319.672853	18.505223	2.790355	118.643120	-19.836953	-2.335554	-118.083887
21	1753709309.076299	166.397735	417.345703	158.624962	99.595137	417.798966	-173.535585	152.282670	152.383208	214.491621	77.028908	178.891927	-199.830979	188.141778	-24.181241	-297.512054	242.087871	-66.873334	315.915555	258.040100	-118.869506	345.472813	210.221499	-87.187603	-334.052503	294.316858	-127.539128	332.414091	248.161018	-93.720302	-319.629848	18.518487	2.794500	118.699528	-19.849567	-2.334902	-118.133552
22	1753709309.106735	166.406035	417.170852	158.443779	99.772386	417.777836	-174.256891	151.552409	152.187571	214.468166	77.070966	178.887337	-200.629070	187.766820	-24.244614	-297.745943	240.376025	-67.022420	315.892071	256.015420	-118.989334	345.548987	209.801838	-87.252676	-334.133536	291.553378	-127.604187	332.503349	247.770578	-93.842193	-319.621980	18.557146	2.842227	118.761137	-19.889012	-2.370471	-118.190482
23	1753709309.142264	165.370733	417.132378	157.887012	99.452816	417.985231	-175.286278	149.080262	152.043536	214.300826	76.378077	179.179251	-202.067330	187.079534	-24.302969	-298.260212	235.975146	-67.071468	315.851122	250.772625	-119.039670	345.792055	208.672866	-87.369651	-334.239274	285.826027	-127.641797	332.917243	246.565893	-93.943387	-319.631010	18.552998	3.024163	118.828341	-19.882681	-2.527494	-118.251584
24	1753709309.178106	164.236918	417.177916	157.370314	99.385135	418.279350	-177.201152	146.953121	152.016178	214.047164	76.237656	179.291502	-203.467563	187.005341	-24.306534	-298.887759	233.633995	-66.927679	315.765619	248.312473	-118.936084	345.785111	208.577648	-87.472022	-334.539324	283.145994	-127.444893	332.941562	246.477067	-94.106622	-319.765747	18.545307	3.276208	118.968196	-19.873340	-2.753461	-118.384063
25	1753709309.209232	162.061185	417.763293	157.357067	97.032957	419.032782	-177.279040	142.446339	152.710140	214.009464	72.371915	180.303320	-203.914136	183.192775	-24.050333	-298.923016	227.442548	-66.160552	315.780997	241.436094	-118.420213	346.206278	204.012722	-87.533064	-334.465533	276.617020	-127.001315	333.674252	241.767153	-94.252408	-319.563091	18.545331	3.567366	118.992679	-19.871347	-3.019229	-118.405692
26	1753709309.244460	160.799310	417.902321	157.657266	96.423432	419.513464	-177.146763	141.565353	152.855143	214.198172	72.246678	180.730999	-203.859970	183.187559	-23.581577	-298.550814	227.079228	-65.524131	316.179425	241.210550	-117.898360	346.835464	204.021856	-87.359332	-333.883941	276.286006	-126.400337	334.487110	241.770327	-94.295748	-318.640679	18.546911	3.745886	119.032577	-19.871941	-3.183403	-118.443444
27	1753709309.278840	160.172403	417.810500	157.976046	95.603190	419.796199	-176.597178	140.893146	152.843043	214.562431	71.599655	181.125119	-203.204691	182.377934	-23.264166	-297.787845	225.708514	-65.486223	316.822708	239.669651	-117.919065	347.618759	203.204170	-87.327592	-333.198041	274.666786	-126.419753	335.353196	240.736023	-94.377518	-317.674667	18.570522	3.839360	119.068660	-19.895755	-3.267468	-118.478440
28	1753709309.315187	160.221249	417.743504	158.576488	96.228741	419.930726	-176.295921	141.017675	153.043106	215.621591	73.335886	181.588888	-203.117877	185.582936	-22.768715	-297.558129	225.901216	-64.969420	318.037570	239.908278	-117.478497	349.089980	206.491604	-87.002903	-332.862407	274.938017	-125.905633	337.217957	244.129702	-94.277412	-317.210376	18.496422	3.853067	119.099289	-19.813953	-3.278104	-118.504196
29	1753709309.347413	161.465093	417.409271	159.496710	98.834537	420.028925	-175.782740	142.006591	153.115064	216.819510	75.927302	181.930318	-202.952832	188.739851	-22.536272	-297.307938	227.026761	-64.167038	319.142967	241.157010	-116.550572	350.307226	209.667817	-86.870022	-332.476586	276.244491	-124.667168	338.789761	247.659504	-94.257437	-316.761881	18.419515	3.845793	119.121432	-19.727975	-3.264730	-118.524939
30	1753709309.384382	161.699608	417.375922	160.007134	100.233994	420.224577	-175.623357	142.776132	153.220251	217.481881	77.916868	182.132721	-202.864036	192.506522	-22.123313	-297.080189	229.279488	-62.429164	319.806576	243.939534	-114.458777	351.202220	213.924661	-86.589463	-332.034886	279.032052	-122.024253	339.832306	252.205640	-93.974762	-316.274405	18.289305	3.846140	119.143583	-19.583525	-3.260208	-118.544795
31	1753709309.417752	162.470713	417.265922	160.445958	101.792805	420.230418	-175.248370	144.031703	153.414696	217.767552	79.193033	182.151005	-202.678993	193.615392	-22.143900	-296.926230	231.871441	-61.581280	320.205063	246.996582	-113.410309	351.661026	215.067118	-86.645082	-331.812531	282.198131	-120.852813	340.373784	253.615767	-94.024763	-316.076577	18.214677	3.825661	119.164273	-19.498164	-3.235033	-118.562050
32	1753709309.452746	163.246810	417.134076	160.841390	102.560386	420.234531	-174.977615	144.673944	153.554127	218.147442	79.330899	182.151228	-202.557132	193.416506	-22.349384	-296.762586	232.794300	-60.672328	320.688009	247.980505	-112.274781	352.220267	214.861959	-86.978696	-331.503898	283.388257	-119.551234	341.052264	253.346413	-94.310261	-315.762103	18.129095	3.805341	119.183056	-19.402022	-3.209700	-118.577242
33	1753709309.486693	164.558291	417.109489	160.895318	103.888914	420.279801	-175.049573	146.432772	153.671429	218.564257	80.168054	182.223529	-202.610269	194.182113	-22.226188	-296.813607	235.308364	-60.197234	320.865214	250.783414	-111.674160	352.413297	215.634406	-86.812429	-331.504762	286.216140	-118.845582	341.187716	254.186422	-94.071589	-315.777630	18.041790	3.783538	119.206637	-19.307256	-3.182645	-118.595131
34	1753709309.518376	165.040851	417.080939	160.965919	104.515396	420.275122	-175.038069	146.800488	153.797239	218.991980	80.293588	182.227626	-202.580437	194.052786	-22.314670	-296.809554	235.721424	-59.693959	320.959181	251.179606	-111.025490	352.485090	215.493917	-86.889163	-331.487685	286.551803	-118.098475	341.243893	254.014611	-94.162807	-315.780699	17.980082	3.791508	119.223222	-19.240178	-3.187790	-118.609555
35	1753709309.555588	165.087819	417.057663	160.973668	104.636393	420.271367	-175.121114	146.821216	153.806046	219.059259	80.258943	182.234794	-202.830940	193.783402	-22.360831	-297.261298	235.748067	-59.554640	321.205646	251.204133	-110.823490	352.985620	215.076759	-86.940803	-331.809968	286.552817	-117.935300	341.711551	253.672779	-94.241314	-316.182941	17.924931	3.834785	119.242907	-19.179575	-3.225494	-118.625507
36	1753709309.587024	165.856481	416.807175	161.010981	104.729667	420.093954	-175.084636	148.126438	153.796285	219.185993	80.413781	182.022735	-202.856973	194.343626	-22.418987	-297.251582	238.275737	-59.687383	321.277797	254.523069	-111.062087	352.972925	216.153994	-87.015495	-331.804246	290.323794	-118.112639	341.580927	254.615426	-94.262920	-316.135764	17.913012	3.765619	119.258910	-19.166652	-3.152613	-118.639231
37	1753709309.621700	166.129515	416.605085	161.029816	104.801007	420.072913	-175.077111	148.336366	153.653011	219.269067	80.423065	181.971759	-202.891946	194.293782	-22.489041	-297.244340	238.487825	-59.810147	321.394324	254.737496	-111.193888	353.049845	216.108114	-87.124765	-331.792176	290.519416	-118.230484	341.609567	254.540682	-94.353393	-316.086054	17.891275	3.764082	119.286403	-19.142767	-3.148885	-118.663147
38	1753709309.654728	166.029051	416.579396	161.086112	104.748130	420.076817	-175.216690	148.347035	153.599903	219.540492	80.450781	181.880653	-203.008577	194.792181	-22.505956	-297.311962	238.598332	-59.847098	321.600348	254.856974	-111.268185	353.207946	216.847897	-87.158717	-331.863284	290.576100	-118.284345	341.667265	255.169719	-94.373770	-316.114962	17.869109	3.763771	119.353771	-19.119734	-3.146501	-118.724361
39	1753709309.690992	166.067734	416.516125	161.081299	104.841202	420.077264	-175.542742	148.472011	153.267503	219.604403	80.529720	181.816533	-203.127682	194.799557	-22.517713	-297.396898	238.893732	-59.954263	321.815640	255.147278	-111.340143	353.541046	216.834292	-87.174892	-331.934899	290.790945	-118.336961	341.889530	255.138904	-94.395682	-316.167772	17.857211	3.782200	119.418591	-19.106841	-3.161034	-118.784592
40	1753709309.729409	166.068733	416.492015	161.113203	104.780033	420.121014	-175.553799	148.485661	153.199270	219.685599	80.531381	181.831121	-203.134209	194.770008	-22.520691	-297.382355	238.861367	-60.108498	322.256148	255.106568	-111.555733	354.156524	216.796219	-87.189034	-331.926495	290.689439	-118.651479	342.413962	255.084574	-94.433248	-316.124320	17.843526	3.838783	119.463481	-19.094357	-3.213110	-118.827790
41	1753709309.757902	166.210920	416.423678	161.118954	105.012797	420.084715	-175.619289	148.963943	153.094307	219.747469	81.157222	181.618914	-203.220010	195.344806	-22.709280	-297.517717	239.487052	-60.182959	322.561413	255.765945	-111.632459	354.531020	217.486382	-87.398149	-332.149774	291.287720	-118.745610	342.677593	255.677998	-94.687924	-316.249520	17.810669	3.848258	119.495921	-19.061115	-3.220417	-118.856862
42	1753709309.791696	166.147068	416.406304	161.121026	104.831345	420.079231	-175.648436	148.913831	153.086603	219.795376	81.112340	181.587577	-203.254744	195.421562	-22.805564	-297.329128	239.299864	-60.309853	322.574496	255.554467	-111.839645	354.533106	217.630327	-87.641418	-331.774294	291.043431	-119.042926	342.638105	255.725324	-94.994023	-315.577596	17.789286	3.862166	119.533576	-19.040091	-3.231888	-118.892945
43	1753709309.824313	166.401297	416.383326	161.089137	105.612390	420.055002	-175.875142	149.481803	153.082430	219.784841	82.360975	181.508690	-203.271136	197.037220	-22.859380	-297.272742	240.402460	-60.308877	322.556734	256.778538	-111.857146	354.484409	219.594628	-87.697476	-331.732601	292.055130	-119.063944	342.513978	257.609189	-95.082402	-315.508485	17.748358	3.900746	119.567871	-18.999409	-3.267159	-118.925028
44	1753709309.860846	166.016802	416.364253	161.040545	105.063625	419.993639	-175.944507	148.870185	153.075129	219.773635	82.188487	181.254551	-203.235611	197.012514	-22.873836	-296.965539	239.471361	-60.431682	322.562635	255.718946	-112.132095	354.385108	219.599962	-87.716416	-331.502020	291.192830	-119.347997	342.304140	257.564723	-95.086344	-315.045387	17.748110	3.901785	119.615890	-19.000506	-3.266022	-118.971907
45	1753709309.900108	166.023239	416.309983	161.026552	105.005726	419.941574	-176.027372	148.882464	153.015241	219.867527	82.150832	181.155175	-203.295842	196.953654	-22.942295	-296.901852	239.461362	-60.731947	322.886884	255.700320	-112.510771	354.670912	219.570696	-87.793693	-331.428021	291.170925	-119.800821	342.510402	257.484883	-95.145412	-314.862341	17.737327	3.942488	119.669147	-18.989369	-3.303790	-119.022645
46	1753709309.928141	165.766060	416.273385	161.086589	104.897253	419.927239	-176.005483	148.724422	153.015137	220.249355	82.328767	181.143105	-203.384072	198.132768	-23.022095	-296.895593	239.200443	-60.758200	323.200345	255.393237	-112.534128	354.866624	220.964342	-87.885678	-331.416696	290.813565	-119.830124	342.764288	258.785754	-95.208973	-314.790428	17.659593	3.944237	119.689301	-18.909961	-3.304334	-119.041182
47	1753709309.964837	165.920317	416.108489	161.093190	104.943089	419.939965	-176.006556	148.781061	152.766168	220.380768	82.493320	181.258202	-203.438312	198.606774	-23.024146	-296.726346	239.087105	-61.141074	323.369533	255.150139	-112.942092	355.143875	221.337140	-87.905884	-330.979228	290.575564	-120.222382	343.108296	259.100646	-95.229708	-314.158410	17.599732	3.949470	119.709685	-18.849215	-3.308058	-119.059190
48	1753709309.999012	165.971383	416.044146	161.022067	104.902364	419.903070	-176.082075	148.841739	152.513310	220.475420	82.474336	181.241751	-203.720674	198.431209	-23.071285	-296.892822	239.051789	-61.603177	323.437393	255.073756	-113.385782	355.266005	221.037358	-87.935440	-331.067592	290.415883	-120.656021	343.181521	258.778632	-95.252559	-314.232320	17.583327	3.995314	119.728379	-18.832728	-3.350490	-119.075820
49	1753709310.034760	166.007414	415.921688	161.027610	104.920752	419.865966	-176.046446	148.886561	152.412012	221.146315	82.775734	181.220561	-203.728437	199.387088	-23.085505	-296.643525	239.072621	-61.792888	323.846370	255.105227	-113.699533	355.428994	222.407028	-87.964460	-330.779880	290.414363	-120.807245	343.259603	260.097057	-95.272854	-313.761324	17.569173	4.002393	119.744040	-18.819410	-3.356333	-119.088970
50	1753709310.065580	165.596977	415.898204	161.016047	104.518399	419.816762	-176.026717	148.512229	152.355254	221.296504	82.744151	181.218714	-203.744426	199.382275	-23.096139	-296.568841	238.190979	-62.219627	324.073792	254.075855	-114.299618	355.650216	222.403958	-87.982789	-330.678374	289.135158	-121.493325	343.418241	260.060400	-95.291622	-313.547224	17.556222	4.045630	119.760863	-18.806351	-3.396887	-119.104594
51	1753709310.101717	166.014761	415.553451	161.002383	104.991078	419.707060	-175.994486	149.222001	152.122542	221.670300	83.651252	181.213543	-203.753218	200.769648	-23.211539	-296.421200	238.591850	-62.910177	324.052215	254.471451	-115.078107	355.564207	223.929405	-88.129334	-330.413878	289.352268	-122.203343	343.176126	261.592239	-95.463254	-313.176841	17.497445	4.053488	119.762480	-18.746261	-3.403632	-119.102620
52	1753709310.134968	166.023389	415.360808	161.058411	104.863644	419.438362	-175.742745	149.198472	152.053893	222.046837	83.510019	181.145772	-203.733101	200.581953	-23.284541	-296.059370	238.421202	-63.746519	324.302167	254.365802	-116.311975	355.625302	223.839745	-88.231586	-330.037057	289.226472	-123.413227	343.182266	261.390597	-95.512286	-312.498361	17.484864	4.061250	119.774766	-18.733848	-3.410409	-119.113304
53	1753709310.173619	166.267425	415.116161	161.061555	104.859062	419.220716	-175.680459	149.581820	151.725858	222.231179	83.483927	181.089327	-203.761861	200.327009	-23.319663	-296.046913	238.655537	-64.208247	324.310452	254.721284	-116.692916	355.606079	223.575056	-88.252418	-330.022544	289.418757	-123.756856	343.026012	261.041820	-95.530532	-312.468499	17.473686	4.082612	119.786434	-18.722808	-3.430285	-119.123459
54	1753709310.207805	167.568117	414.777517	161.156714	105.639562	419.051021	-175.561234	151.868403	151.557222	222.863525	84.651023	181.044355	-203.781530	201.603487	-23.334991	-295.947552	241.312072	-64.554855	324.352354	258.048862	-117.063291	355.594248	225.105658	-88.267818	-329.910576	292.465389	-123.995654	342.889965	262.555033	-95.510788	-312.248051	17.446123	4.079829	119.797617	-18.693861	-3.426436	-119.133174
55	1753709310.239352	167.554930	414.624393	161.269099	105.603583	419.035316	-175.430849	151.847452	151.448756	223.394349	84.697567	181.093633	-203.785837	201.864406	-23.226108	-295.614004	241.175428	-64.644441	324.830562	257.883966	-117.163546	355.995119	225.424826	-88.178292	-329.428822	292.267859	-124.050573	343.266547	262.818307	-95.367067	-311.515599	17.428597	4.084215	119.808346	-18.675964	-3.429629	-119.142339
56	1753709310.272795	167.735964	414.448977	161.314920	105.598383	418.945789	-175.285384	151.978716	151.236787	223.654851	84.673926	181.080967	-203.789324	201.567799	-23.213705	-295.578837	241.181359	-64.820662	325.192243	257.891297	-117.269009	356.305718	225.084037	-88.100433	-329.408318	292.258948	-124.117143	343.518019	262.452871	-95.221236	-311.491877	17.423699	4.090065	119.817987	-18.671479	-3.434727	-119.150303
57	1753709310.305970	167.904511	414.325565	161.329582	105.624117	418.806493	-175.257564	152.269065	151.163027	223.865211	84.677100	180.913433	-203.803852	201.542765	-23.225149	-295.556039	241.790310	-64.871117	325.399339	258.782804	-117.317103	356.420636	225.065172	-88.099353	-329.392165	293.107450	-124.137193	343.547374	262.428552	-95.172696	-311.475217	17.413961	4.103213	119.827844	-18.661691	-3.447008	-119.158752
58	1753709310.344406	168.496266	413.980156	161.390960	106.137022	418.505102	-175.196022	153.061450	150.791451	224.090427	85.299738	180.641845	-203.778818	201.740190	-23.357220	-295.515984	242.360607	-65.246396	325.750917	259.409100	-117.649704	356.763512	225.233763	-88.141955	-329.376459	293.616712	-124.450140	343.807518	262.542754	-95.206387	-311.448842	17.406432	4.121322	119.843371	-18.654104	-3.463993	-119.172148
59	1753709310.381058	168.607295	413.729578	161.382556	106.170505	418.355107	-175.189599	153.066903	150.655925	224.114850	85.322447	180.452615	-203.800038	201.673210	-23.490705	-295.488685	242.280915	-65.314882	325.771868	259.282082	-117.702402	356.776923	225.166366	-88.251702	-329.339325	293.531537	-124.480553	343.811840	262.433589	-95.260561	-311.387211	17.398940	4.118889	119.852997	-18.646520	-3.460180	-119.180456
60	1753709310.408381	169.323146	413.391113	161.385730	106.361993	417.934835	-175.164714	153.833568	150.380552	224.175215	85.358754	179.863557	-203.792274	201.440856	-23.639638	-295.481116	242.866218	-65.574318	325.863779	259.869397	-118.007675	356.790632	224.927515	-88.316120	-329.398990	294.252783	-124.712080	343.812048	262.083054	-95.274754	-311.451524	17.404223	4.119332	119.875140	-18.651789	-3.459353	-119.199224
61	1753709310.445482	169.771761	413.048536	161.400199	106.568202	417.600065	-175.088972	154.562250	150.056198	224.249989	85.685290	179.548636	-203.781769	201.728180	-23.719359	-295.448422	243.619621	-66.151462	325.963795	260.676116	-118.675061	356.882602	225.225747	-88.356823	-329.378873	295.087814	-125.423566	343.856514	262.349874	-95.290095	-311.436176	17.397979	4.124154	119.884238	-18.645160	-3.463484	-119.206510
62	1753709310.479850	170.730829	412.883013	161.405608	107.505046	417.376488	-175.075799	155.961141	149.918318	224.350139	86.452879	179.298252	-203.734860	202.076793	-23.744762	-295.400858	245.067134	-66.324964	325.974077	262.147039	-118.834116	356.882095	225.511625	-88.354558	-329.328179	296.532929	-125.565007	343.791425	262.641996	-95.244728	-311.422378	17.380832	4.127682	119.891070	-18.626399	-3.466099	-119.210705
63	1753709310.515606	170.644268	412.777752	161.439687	107.166238	416.963279	-174.869940	155.716762	149.887383	224.435300	85.911870	178.777575	-203.565031	201.366305	-23.813758	-295.039147	244.993389	-66.418037	326.192856	262.118280	-119.065434	356.892169	225.174636	-88.426054	-329.144567	296.518624	-125.696808	343.779773	262.038440	-95.252104	-311.052948	17.421357	4.131266	119.917668	-18.669730	-3.469018	-119.235717
64	1753709310.545120	170.863047	412.740141	161.679178	107.472107	416.938901	-174.733296	155.866235	149.863124	224.680230	85.973583	178.710923	-203.507364	201.358899	-23.895739	-295.022637	245.374471	-66.391073	326.375902	262.640536	-119.029857	357.057869	225.152835	-88.486992	-329.130292	297.048926	-125.635296	343.895793	262.028664	-95.298529	-311.051160	17.417848	4.134096	119.930133	-18.666063	-3.471036	-119.247012
65	1753709310.580900	171.147585	412.537396	161.821574	107.540146	416.802347	-174.626842	155.848995	149.827182	224.734902	85.802898	178.588569	-203.474239	200.646877	-23.939025	-294.901609	245.270640	-66.421464	326.603949	262.551695	-119.089849	357.217312	224.345297	-88.523604	-329.008788	297.030210	-125.688374	344.051719	261.180460	-95.306337	-310.928524	17.426455	4.133936	119.947493	-18.674970	-3.469512	-119.262539
66	1753709310.613487	170.674354	412.602216	162.002027	107.115641	416.773319	-174.366295	155.300975	149.890497	224.774003	85.215449	178.365543	-203.074664	199.657425	-23.928508	-294.121653	245.135963	-66.371895	326.746464	262.528956	-119.104221	357.243299	223.778784	-88.497236	-328.387588	297.028184	-125.677720	344.042718	260.468423	-95.143892	-310.058862	17.469268	4.135781	119.979799	-18.721724	-3.470203	-119.293496
67	1753709310.649827	169.520736	412.753850	162.113428	106.466129	416.747302	-174.296007	153.192580	150.077790	224.800289	84.509633	178.333014	-203.037500	199.347645	-23.874238	-293.921947	243.529722	-66.259116	326.785922	261.066169	-119.089320	357.258588	223.600566	-88.462226	-328.135639	295.777231	-125.659183	344.048291	260.216564	-95.058151	-309.770763	17.478174	4.148387	120.024391	-18.732162	-3.481068	-119.337924
68	1753709310.680958	169.553667	412.741542	162.154391	106.581040	416.726291	-174.275726	153.195456	150.127187	224.822432	84.503636	178.289995	-203.050435	199.319050	-23.917019	-293.917269	243.545234	-66.040203	326.811999	261.095226	-118.801869	357.277662	223.521382	-88.494100	-328.118175	295.833439	-125.344008	344.071180	260.190696	-95.066942	-309.778154	17.453250	4.155627	120.034203	-18.705435	-3.487229	-119.346119
69	1753709310.718786	169.562846	412.806213	162.348077	106.745668	416.704893	-174.207374	153.181970	150.234237	224.940494	84.634498	178.150132	-203.033432	199.778080	-23.999017	-293.884248	243.571311	-65.799251	326.863170	261.139363	-118.546680	357.318968	223.918378	-88.562414	-328.056574	295.918465	-125.046939	344.124794	260.694921	-95.096923	-309.752047	17.401535	4.157383	120.043650	-18.653462	-3.487951	-119.354002
70	1753709310.759676	169.547245	412.791461	162.632480	106.770687	416.671962	-173.956260	153.148517	150.234178	225.200981	84.649026	178.001016	-202.672750	199.867636	-23.963533	-293.595076	243.596196	-65.782309	326.969057	261.220485	-118.546173	357.327878	224.114880	-88.460788	-327.891141	296.057075	-125.011936	344.120234	260.872424	-94.885863	-309.594214	17.400121	4.149907	120.066628	-18.652370	-3.479132	-119.375005
71	1753709310.788313	169.322804	412.784189	162.921831	106.530204	416.598976	-173.594922	152.921140	150.234178	225.410506	84.220052	177.777871	-202.274069	199.173316	-23.990957	-293.296039	243.417278	-65.727159	327.133596	261.163384	-118.450187	357.418180	223.542452	-88.460341	-327.677310	295.969039	-124.866448	344.163269	260.283798	-94.857253	-309.384316	17.403178	4.147022	120.078832	-18.656107	-3.475524	-119.386390
72	1753709310.821063	169.090822	412.884980	162.967503	106.483601	416.580379	-173.504397	152.775183	150.296941	225.561306	84.202558	177.744284	-202.088192	199.261442	-23.658164	-293.226689	243.429258	-65.465696	327.160299	261.259019	-118.177928	357.416451	223.706111	-87.936200	-327.616483	296.044111	-124.436766	344.119102	260.529101	-94.000652	-309.361547	17.410941	4.146330	120.087072	-18.663600	-3.474086	-119.393393
73	1753709310.854309	168.533266	412.928164	163.018018	106.327266	416.561216	-173.459947	152.338773	150.337368	225.753829	84.186152	177.676678	-202.051088	199.545547	-23.486620	-293.189883	243.306175	-65.044634	327.184826	261.215538	-117.562667	357.423633	224.069774	-87.596931	-327.532589	295.957625	-123.627789	344.117194	260.979056	-93.461819	-309.326828	17.397221	4.144664	120.095879	-18.648732	-3.471819	-119.401127
74	1753709310.890472	168.567121	412.921309	163.060322	106.440939	416.532159	-173.430413	152.511045	150.266156	226.008773	84.416285	177.519783	-202.039137	199.983284	-23.430455	-293.274522	243.898496	-65.033577	327.208698	262.081981	-117.531657	357.391953	224.613503	-87.442033	-327.637881	296.800345	-123.519853	343.988627	261.637181	-93.113899	-309.475064	17.388172	4.124921	120.107159	-18.639345	-3.450828	-119.410902
75	1753709310.922060	168.399990	412.938267	163.111255	106.174298	416.520923	-173.364356	152.040482	150.286883	226.041988	84.113024	177.491307	-202.025846	199.866936	-23.045151	-293.262661	243.435666	-64.797319	327.224523	261.679649	-117.264107	357.352883	224.537000	-86.940259	-327.624679	296.457887	-123.126633	343.938470	261.578441	-92.362367	-309.482217	17.416257	4.104135	120.114438	-18.667653	-3.428670	-119.417116
76	1753709310.957653	168.726742	412.964761	163.132951	106.867075	416.552007	-173.379704	152.543500	150.243238	226.150617	84.971286	177.493230	-202.288494	202.440530	-22.912262	-293.427885	244.671226	-64.492524	327.213287	263.169050	-116.732664	357.353747	226.854801	-86.822420	-327.612340	297.850370	-122.385889	343.941778	264.461994	-92.158601	-309.515029	17.356168	4.102766	120.107129	-18.602807	-3.426373	-119.407557
77	1753709310.989771	169.232488	412.967592	163.125724	107.047960	416.547596	-173.383072	153.203815	150.102541	226.143077	85.119925	177.445933	-202.281639	202.599794	-22.738822	-293.449342	245.678410	-64.450212	326.885343	264.379054	-116.654411	356.864572	227.114737	-86.570628	-327.611834	299.056292	-122.199602	343.209952	264.784664	-91.655590	-309.555382	17.382406	4.059243	120.110676	-18.629210	-3.380409	-119.410120
78	1753709311.025591	169.788644	412.969410	163.151145	107.402906	416.606605	-173.363537	153.822437	149.983987	226.188838	85.320696	177.445740	-202.281386	202.621952	-22.609141	-293.514937	246.298954	-64.373493	326.865941	265.043229	-116.500214	356.838703	227.115348	-86.409763	-327.622771	299.683779	-121.957622	343.150973	264.803767	-91.404736	-309.614003	17.387949	4.026816	120.114513	-18.634735	-3.345352	-119.412988
79	1753709311.060350	170.291483	412.657171	163.154095	107.452393	416.461885	-173.356086	154.377982	149.503589	226.211101	85.356839	177.180782	-202.263489	202.611551	-22.554755	-293.638319	246.537000	-64.660288	326.758951	265.236139	-116.756201	356.689811	227.096662	-86.250447	-327.754498	299.909532	-122.159459	342.927992	264.784813	-91.099128	-309.853792	17.408095	4.005384	120.120376	-18.654224	-3.322277	-119.417541
80	1753709311.097068	169.542089	412.723273	163.151488	107.068494	416.488022	-173.346937	153.675303	149.588227	226.231650	85.323282	177.222177	-202.268720	202.705190	-22.178097	-293.644875	245.739028	-64.581223	326.706469	264.360726	-116.715528	356.552362	227.283388	-85.854009	-327.755839	299.035162	-122.108921	342.797309	264.956385	-90.581715	-309.861392	17.413236	3.978616	120.124869	-18.659685	-3.295504	-119.421355
81	1753709311.129907	169.520989	412.733674	163.284317	106.532514	416.584074	-173.231483	153.528526	149.573967	226.289466	84.170155	177.328154	-202.271268	200.601816	-22.051768	-293.731511	245.172530	-64.570650	326.712579	263.747126	-116.690800	356.573910	224.840313	-85.717805	-327.798724	298.438668	-122.082740	342.810929	262.587458	-90.389304	-309.932232	17.437601	3.941931	120.135397	-18.684246	-3.257192	-119.430639
82	1753709311.164074	169.596389	412.720025	163.297012	106.512547	416.585892	-173.214063	153.689697	149.508834	226.308241	84.136009	177.321106	-202.249154	200.286910	-22.039220	-293.837160	245.200604	-64.588666	326.703727	263.787240	-116.682313	356.569827	224.502876	-85.695319	-327.990890	298.445910	-122.079581	342.786789	262.271196	-90.373687	-310.201883	17.447071	3.922177	120.150551	-18.694336	-3.237328	-119.444959
83	1753709311.197988	169.618353	412.714422	163.356096	106.450848	416.606247	-173.069119	153.731942	149.438411	226.340860	84.060594	177.341998	-202.036783	200.075686	-21.822367	-293.725848	245.216191	-64.640932	326.959968	263.822407	-116.739683	356.921971	224.324867	-85.448429	-327.902019	298.476338	-122.156769	343.076080	262.094140	-90.114534	-310.143352	17.464645	3.901339	120.158397	-18.713197	-3.215359	-119.452111
84	1753709311.230510	169.595718	412.738174	163.416550	106.137745	416.633308	-172.875166	153.640002	149.438143	226.352245	83.595648	177.348986	-201.765522	199.521512	-21.661224	-293.559343	245.042607	-64.567372	326.984942	263.665169	-116.652511	356.971204	223.815158	-85.281834	-327.706575	298.358530	-122.068420	343.119353	261.604190	-89.869559	-309.999257	17.483570	3.873288	120.162062	-18.733062	-3.186038	-119.454980
85	1753709311.264873	169.569075	412.770808	163.498476	105.803408	416.707069	-172.641814	153.598696	149.435014	226.375312	83.271869	177.422196	-201.707289	199.281469	-21.521578	-293.538034	244.964540	-64.510494	327.040076	263.623267	-116.552636	357.037932	223.617643	-85.129090	-327.686280	298.316836	-121.955588	343.187004	261.441499	-89.675024	-309.984863	17.486855	3.846095	120.164089	-18.736802	-3.158578	-119.456075
86	1753709311.297690	169.451490	413.008720	163.622484	105.265990	416.847199	-172.580510	153.391659	149.498254	226.372495	82.369484	177.506834	-201.649100	197.978720	-21.258749	-293.527067	244.869187	-64.283133	327.033490	263.570666	-116.336972	357.033223	222.308859	-84.869824	-327.667713	298.285723	-121.711053	343.174279	260.171741	-89.331374	-309.982479	17.529838	3.830664	120.191723	-18.782869	-3.141807	-119.483396
87	1753709311.333087	169.438794	413.034648	163.681552	104.937710	416.848242	-172.546327	153.233200	149.495125	226.318166	81.404850	177.462280	-201.403022	196.165502	-21.121360	-293.481916	244.835183	-64.225495	327.054471	263.578355	-116.287120	357.038587	220.754892	-84.641948	-327.661633	298.311055	-121.627375	343.167394	258.484393	-89.032531	-309.988707	17.631033	3.818136	120.236792	-18.891329	-3.128058	-119.529434
88	1753709311.369202	169.950515	413.038760	163.856223	104.927093	416.846991	-172.525585	153.665140	149.422795	226.329163	80.932729	177.360669	-200.994983	194.107622	-20.886321	-293.490410	245.427907	-64.201377	327.103198	264.352292	-116.258949	357.068449	218.571216	-84.157936	-327.765197	299.142897	-121.541478	343.168259	256.213874	-88.360064	-310.219496	17.836940	3.808131	120.307028	-19.109426	-3.117335	-119.599700
89	1753709311.403248	169.954926	413.193524	163.894027	104.919329	416.851640	-172.544658	153.666645	149.426505	226.335421	80.911115	177.297473	-200.910330	193.983138	-20.851847	-293.616086	245.500460	-64.092249	327.126741	264.487863	-116.130531	357.089281	218.483537	-84.027372	-328.025937	299.259901	-121.353105	343.168586	256.128818	-88.197745	-310.594887	17.883355	3.801532	120.369926	-19.161306	-3.109452	-119.662307
90	1753709311.436775	169.955149	413.298398	163.873538	104.515120	416.859359	-172.593996	153.707862	149.420336	226.229340	79.924062	177.241758	-200.648502	191.922620	-20.303778	-293.638796	245.704398	-63.977435	327.120543	264.765352	-116.012573	357.079208	216.351345	-83.186008	-328.148872	299.579144	-121.181220	343.111217	253.864765	-87.105341	-310.859054	18.024120	3.803325	120.411985	-19.308915	-3.108870	-119.703315
91	1753709311.469583	169.959068	413.417190	163.804486	104.423471	416.838020	-172.755554	153.880283	149.403945	226.076573	79.838455	177.061737	-200.630173	191.879123	-20.195315	-293.736309	246.401355	-63.916780	327.021033	265.684664	-115.934737	356.905490	216.359258	-82.942523	-328.389943	300.585151	-121.048018	342.853159	253.867835	-86.733788	-311.237723	18.074742	3.797515	120.453857	-19.362703	-3.102193	-119.744100
92	1753709311.506590	170.915946	413.478881	163.815632	104.740746	416.828156	-172.766685	154.918090	149.347261	226.017267	79.840377	176.981956	-200.358838	191.379547	-20.172469	-293.760926	247.388154	-63.898787	327.196956	266.742945	-115.865059	357.364327	215.615809	-82.909107	-328.447312	301.525712	-121.007152	343.234181	253.206789	-86.710759	-311.396986	18.193973	3.795322	120.495893	-19.487945	-3.098168	-119.785525
93	1753709311.538448	171.076640	413.730830	163.804606	104.757249	416.873217	-172.823682	155.092478	149.374381	225.797459	79.797320	176.960185	-200.190783	191.045299	-20.157252	-293.764830	247.516781	-63.823439	327.217549	266.857862	-115.742244	357.496232	215.178013	-82.883753	-328.466445	301.670671	-120.942406	343.351692	252.811372	-86.693451	-311.479896	18.215081	3.794548	120.525293	-19.510074	-3.096000	-119.813681
94	1753709311.575626	171.238482	414.441705	163.748994	104.759276	416.996330	-172.857314	155.527294	149.626091	225.634724	79.746664	176.965833	-199.706510	190.632463	-19.802032	-293.546528	248.129159	-63.335091	327.165216	267.536044	-115.297481	357.475936	214.809150	-82.469992	-328.277230	302.370459	-120.547436	343.240470	252.420545	-86.179949	-311.366171	18.281741	3.788314	120.544098	-19.581128	-3.087850	-119.833104
95	1753709311.610865	171.769902	415.147364	163.634375	104.962938	417.225003	-172.893569	155.805662	149.912789	225.379318	79.730004	176.994100	-199.478626	190.416723	-19.787436	-293.385416	248.214781	-62.887795	326.944679	267.596215	-114.837311	357.280195	214.491382	-82.459942	-328.086793	302.463740	-120.106548	343.008041	252.126276	-86.191289	-311.262399	18.298540	3.781925	120.557301	-19.598328	-3.080100	-119.845904
96	1753709311.643404	175.063089	415.358305	163.603365	107.784569	417.233765	-172.886506	159.585565	149.874911	224.884361	82.357809	176.888779	-198.926151	192.501634	-19.716967	-293.178111	252.113134	-62.836170	326.858133	271.748394	-114.790514	357.069761	217.038676	-82.332224	-328.072578	307.340086	-120.034903	342.766613	254.359812	-86.042747	-311.263919	18.315678	3.695712	120.573841	-19.616136	-2.990274	-119.862631
97	1753709311.676968	176.449209	415.858328	163.308233	109.372109	417.243272	-173.108518	161.159635	149.949685	223.832563	83.357058	176.846027	-198.904157	192.795038	-19.757822	-293.354332	253.501683	-61.988745	326.008648	273.033619	-113.783963	356.193990	217.341423	-82.349971	-328.434885	308.662981	-118.960381	341.773659	254.626751	-86.089566	-311.718851	18.333491	3.678591	120.598681	-19.635206	-2.970450	-119.887628
98	1753709311.708764	177.444726	416.463435	162.835315	110.303432	417.247504	-173.384085	161.678582	150.089800	222.582847	83.450861	176.679805	-198.879227	192.156881	-20.049995	-294.143170	253.611714	-60.542971	325.008661	273.022234	-112.149619	355.097175	216.474429	-82.575068	-329.742700	308.627874	-117.157131	340.485871	253.844142	-86.419441	-313.222706	18.378353	3.671301	120.629370	-19.681105	-2.961227	-119.918860
99	1753709311.749855	179.049447	416.985214	162.468702	113.509394	417.262256	-173.634395	162.553892	150.215775	220.991015	85.506469	176.639572	-198.855937	193.085030	-20.278877	-294.542491	254.387617	-58.384821	324.171871	273.645937	-109.820008	354.135901	217.587590	-82.869031	-330.479622	309.394568	-114.491545	339.547604	255.144209	-86.858854	-313.936412	18.391959	3.645733	120.642580	-19.694475	-2.931268	-119.932905
100	1753709311.777044	180.501744	417.253017	161.978334	114.502311	417.222172	-174.281344	163.345352	150.461659	219.571084	85.769445	176.558763	-199.231088	193.078905	-20.810917	-295.829058	254.868329	-57.674617	323.107809	274.021059	-109.019674	353.197724	217.537194	-83.372384	-331.896454	309.794396	-113.739774	338.656902	255.111843	-87.536193	-315.650612	18.413303	3.647126	120.670713	-19.716401	-2.929542	-119.960673
101	1753709311.812620	182.840928	417.553753	161.666662	117.047541	417.230427	-174.406201	165.005386	150.762126	218.449593	87.504655	176.550567	-199.239492	193.946198	-21.060225	-296.085715	255.852342	-56.966033	322.408587	274.850577	-108.310543	352.466881	218.323916	-83.685480	-332.313061	310.787916	-113.064371	338.025779	256.016523	-87.966226	-316.152871	18.423803	3.634271	120.679669	-19.726610	-2.914112	-119.969487
102	1753709311.849143	183.068320	417.913824	161.370084	117.709495	417.319953	-174.558491	165.306985	151.134908	217.304960	88.384442	176.625043	-199.280202	194.566905	-21.096706	-296.409041	256.061375	-56.141447	321.759194	274.972260	-107.468635	351.901561	218.900621	-83.755113	-332.823128	310.982645	-112.311557	337.616801	256.577313	-88.115074	-316.725761	18.375451	3.635637	120.688833	-19.679056	-2.913347	-119.978510
103	1753709311.879889	183.143556	418.340713	161.077335	117.878877	417.437583	-174.705848	165.274233	151.671603	216.550156	88.414341	176.873401	-199.565783	194.546491	-21.165615	-297.445059	255.718499	-55.042036	320.979565	274.294525	-106.158547	351.307780	218.701199	-83.894610	-333.813488	310.347766	-111.179627	337.263495	256.445915	-88.423014	-318.113148	18.341051	3.636684	120.689571	-19.641513	-2.912224	-119.978748
104	1753709311.914030	182.855040	418.546110	160.499066	117.801897	417.596400	-175.358951	164.953113	152.003825	215.981737	88.382840	177.140251	-200.180084	194.247946	-21.425126	-298.335969	254.814208	-54.777466	320.022166	272.942811	-105.834477	350.836903	217.882246	-84.339015	-334.453166	308.445036	-111.036167	336.842030	255.742431	-89.288458	-318.797320	18.298948	3.764623	120.688178	-19.597916	-3.034299	-119.976297
105	1753709311.949139	180.428922	419.407398	159.941584	114.993043	418.372333	-175.675511	161.979437	153.115720	215.652496	85.201532	177.891731	-200.850233	192.152947	-21.437075	-298.841000	251.254499	-53.728823	318.903714	269.084126	-104.695611	349.909335	214.907497	-84.501155	-334.657907	304.241568	-110.062860	336.259305	253.147453	-89.636564	-319.180667	18.284813	3.805727	120.656788	-19.582648	-3.074878	-119.942896
106	1753709311.986788	176.986873	419.914126	159.838408	111.699902	418.753535	-175.691843	157.745019	154.320791	215.762526	81.601590	178.409487	-201.398000	189.726621	-21.502703	-299.401402	246.697754	-52.864444	318.663180	264.323235	-103.702456	349.674433	211.627513	-84.759690	-334.930062	299.109876	-109.188184	336.195201	250.262499	-90.116277	-319.669694	18.231038	3.865346	120.598778	-19.524666	-3.135650	-119.881682
107	1753709312.018782	176.603332	420.193315	159.792155	110.393763	418.945700	-175.647944	157.007679	154.961333	215.828761	80.189131	178.515732	-201.383352	188.728660	-21.557242	-299.348474	245.846391	-52.700911	318.632483	263.519734	-103.586689	349.508375	210.604131	-84.947392	-334.869474	298.670560	-109.084740	336.127430	249.224931	-90.334609	-319.652110	18.221183	3.838973	120.550163	-19.514469	-3.110326	-119.831011
108	1753709312.053855	173.499376	420.579880	159.691274	107.352398	419.728935	-175.640956	153.650507	155.588612	215.870813	77.157028	179.789901	-201.987654	186.645612	-21.566192	-299.666166	241.569087	-52.494854	318.517357	258.845478	-103.419274	349.489868	207.750350	-85.152104	-334.926844	293.730468	-109.019563	336.162359	246.675044	-90.892293	-319.761187	18.125933	3.915973	120.468631	-19.412059	-3.186523	-119.744949
109	1753709312.084836	172.375754	420.984656	159.485981	106.201470	420.128465	-175.667524	152.226716	156.535432	215.902910	75.763471	180.237800	-202.187344	185.699284	-21.714764	-299.817502	240.200549	-51.720344	318.248540	257.477611	-102.601863	349.175811	206.618980	-85.642487	-334.969997	292.370677	-108.305499	336.054355	245.695993	-91.661744	-319.896281	18.078852	3.943012	120.411627	-19.360008	-3.214531	-119.685888
110	1753709312.122959	171.250090	421.077460	159.280032	104.395606	420.214862	-175.677329	150.919169	156.969383	216.011941	73.935628	180.394754	-202.442914	184.818566	-21.811707	-299.797088	239.171818	-51.682375	318.002522	256.592184	-102.582872	348.770678	205.807000	-85.946426	-334.776640	291.641384	-108.296052	335.780978	244.920790	-91.990218	-319.771886	18.052559	3.961599	120.331012	-19.330336	-3.234153	-119.603507
111	1753709312.158104	170.893073	421.321720	159.230739	104.165226	420.276105	-175.686404	150.359556	157.404885	216.142058	73.561296	180.513665	-202.755839	184.222743	-22.105874	-299.996883	238.418460	-51.227480	317.940950	255.803049	-102.008805	348.750323	204.950392	-86.483821	-334.826529	290.701449	-107.846685	335.783333	244.130716	-92.762858	-319.881201	18.010732	4.015299	120.283917	-19.286288	-3.288049	-119.555660
112	1753709312.189667	170.833334	421.456635	159.111902	104.230955	420.318693	-175.712630	150.370166	157.859653	216.381937	73.674068	180.612415	-202.862084	184.257805	-22.312813	-300.026178	238.372833	-50.826896	317.931682	255.739897	-101.609677	348.738998	205.016464	-86.874872	-334.820509	290.553063	-107.506178	335.791647	244.176105	-93.331091	-319.886237	17.967820	4.057109	120.239049	-19.241218	-3.330487	-119.509742
113	1753709312.225103	170.963198	421.467751	159.027815	104.286596	420.332015	-175.680876	150.579065	157.864332	216.507733	73.766619	180.629671	-202.871889	184.288919	-22.412999	-300.023139	238.569990	-50.821818	317.924052	256.006509	-101.606995	348.702818	205.084816	-87.080151	-334.798217	290.789634	-107.495062	335.782170	244.223431	-93.562126	-319.868594	17.960370	4.065432	120.183587	-19.233299	-3.338567	-119.454108
114	1753709312.257648	170.535848	421.484947	158.984989	103.633590	420.296937	-175.631806	150.456771	157.949641	216.874450	73.458165	180.554524	-202.688277	184.159189	-22.412227	-299.714208	238.680646	-50.664533	317.938358	256.141335	-101.462208	348.582417	205.130115	-87.081037	-334.599435	290.937781	-107.230119	335.658878	244.211778	-93.500622	-319.637597	17.962096	4.063862	120.159566	-19.234758	-3.337829	-119.430140
115	1753709312.293821	170.519918	421.515107	159.131557	103.400171	420.289725	-174.869120	150.353372	158.254519	217.470288	73.151566	180.554956	-202.267632	183.921948	-22.581384	-298.427761	238.706827	-50.478023	318.007827	256.250024	-101.298556	348.534703	205.055580	-87.397642	-333.090842	291.076481	-106.992267	335.640103	244.051188	-93.734369	-317.923963	17.962659	4.038739	120.110981	-19.235453	-3.314477	-119.382523
116	1753709312.324147	170.007631	421.578765	159.122184	102.409966	420.304596	-174.769610	150.061265	158.544913	217.777014	72.383866	180.590272	-202.169493	183.180615	-22.552894	-298.147351	238.589853	-50.199080	318.015546	256.219417	-101.036943	348.479629	204.514816	-87.388605	-332.749963	291.067630	-106.665656	335.567445	243.363023	-93.650274	-317.521334	17.965980	4.038592	120.092332	-19.238405	-3.314857	-119.363882
117	1753709312.359813	170.022413	421.598315	159.097180	102.456652	420.266330	-174.768940	150.144666	158.690482	218.143687	72.470635	180.540189	-202.073544	183.285832	-22.559462	-298.047155	238.883987	-49.858335	318.154067	256.655246	-100.646272	348.489523	204.736665	-87.385319	-332.682103	291.463763	-106.188014	335.579455	243.537024	-93.623564	-317.480057	17.960601	4.041825	120.079838	-19.233193	-3.318229	-119.351208
118	1753709312.395701	170.032218	421.588212	158.934683	101.875290	420.158952	-174.787283	149.996355	158.837497	218.207166	71.083710	180.460677	-202.018365	181.191429	-22.520399	-297.892004	238.832325	-49.523853	318.110466	256.663263	-100.289218	348.144829	202.905983	-87.312557	-332.552373	291.506439	-105.663471	335.117638	241.517037	-93.422256	-317.382395	18.097859	4.043011	120.063141	-19.372815	-3.319489	-119.335584
119	1753709312.429929	170.081198	421.479553	158.946246	101.896472	420.107424	-174.707025	150.005430	158.855453	218.374908	71.123973	180.446431	-201.936588	181.224436	-22.526339	-297.255278	238.868698	-49.228441	318.099558	256.710142	-99.823385	348.004192	202.964649	-87.311141	-331.703544	291.552722	-105.029285	335.000098	241.556466	-93.396187	-316.499889	18.100206	4.044545	120.046169	-19.375084	-3.321187	-119.319119
120	1753709312.466710	170.245156	421.523213	158.933595	101.916634	420.095474	-174.572691	150.085554	159.205094	218.523785	71.096413	180.433929	-201.656371	181.238949	-22.507884	-297.006041	239.091277	-48.922416	318.008721	257.040322	-99.542521	347.571731	203.006104	-87.277591	-331.466943	291.979879	-104.687378	334.569186	241.591319	-93.310148	-316.374540	18.104734	4.038023	120.026514	-19.379482	-3.315067	-119.299494
121	1753709312.498128	171.196654	421.401948	158.884212	102.208227	420.003116	-174.563050	150.972262	159.127414	218.551531	71.204618	180.382207	-201.670811	181.261048	-22.576578	-297.012478	239.775926	-48.905961	317.884833	257.783324	-99.527299	347.383618	203.025565	-87.339096	-331.461489	292.686194	-104.652397	334.384382	241.605923	-93.337588	-316.373527	18.146928	4.041350	120.006852	-19.420980	-3.318316	-119.279899
122	1753709312.534338	170.878395	421.390891	158.855677	101.688705	419.996351	-174.526557	150.868207	159.163713	218.647331	70.872493	180.345699	-201.604769	181.098357	-22.614978	-296.528846	239.804000	-48.772100	317.644417	257.821739	-99.418379	346.784294	203.000292	-87.421447	-330.865890	292.728186	-104.452662	333.579779	241.540194	-93.373291	-315.584421	18.173832	4.046846	119.990349	-19.447006	-3.324330	-119.264215
123	1753709312.566015	170.892432	421.225846	158.863530	101.699471	419.955760	-174.415842	150.923789	159.074724	218.716517	70.892930	180.278212	-201.490581	181.043997	-22.749836	-296.435624	239.863083	-48.754461	317.635626	257.925689	-99.401176	346.753806	202.970549	-87.617286	-330.808550	292.795360	-104.432702	333.524138	241.504580	-93.585700	-315.490514	18.195355	4.043924	119.978093	-19.468680	-3.321861	-119.252004
124	1753709312.601892	172.330484	420.582801	158.683196	102.361538	419.803500	-174.426556	152.569562	158.535540	218.745455	71.497366	180.140615	-201.394185	181.258604	-22.802740	-296.413749	240.970343	-49.304448	317.611754	259.097964	-99.982277	346.639991	203.189984	-87.647647	-330.815077	293.919265	-104.934908	333.391339	241.717279	-93.618065	-315.505505	18.248027	4.042397	119.958013	-19.521041	-3.320545	-119.231746
125	1753709312.633615	172.393724	420.544058	158.652991	102.347821	419.883460	-174.364999	152.530268	158.463225	218.762815	71.210079	180.269942	-200.905666	180.160254	-22.697425	-296.070576	240.621388	-49.624123	317.580849	258.603722	-100.462437	346.590489	201.971740	-87.553807	-330.522835	293.387085	-105.459318	333.301842	240.421340	-93.551941	-315.202713	18.315952	4.056801	119.943403	-19.591445	-3.333698	-119.218558
126	1753709312.669327	174.332589	420.270830	158.636823	104.539812	419.820517	-174.361125	155.423269	158.092171	218.765661	74.170269	180.223599	-200.710103	182.653502	-22.566577	-296.069980	243.743956	-49.819991	317.587823	262.083769	-100.718923	346.559197	205.118150	-87.323137	-330.724686	296.777397	-105.683371	333.229363	243.260100	-93.327984	-315.398395	18.339859	3.974898	119.949669	-19.619513	-3.251759	-119.226612
127	1753709312.701361	174.465314	420.221150	158.480465	105.351388	419.855654	-174.493566	155.712992	157.798812	218.468025	75.207852	180.335715	-200.696006	183.260575	-22.296561	-296.247870	243.966192	-50.301913	317.490429	262.276113	-101.351157	346.534044	205.729902	-86.998872	-331.042022	296.867132	-106.503002	333.189398	243.828878	-93.139119	-315.719575	18.348321	3.992290	119.954050	-19.628188	-3.268145	-119.232945
128	1753709312.738871	174.479932	420.155972	158.397436	106.031813	419.873297	-174.580768	155.874282	157.584310	218.436658	76.248690	180.385426	-200.698450	184.328482	-22.276903	-296.321929	244.164661	-50.572056	317.477435	262.433529	-101.619378	346.555829	206.677601	-86.977758	-331.100315	296.911746	-106.929272	333.200097	244.842336	-93.164563	-315.797120	18.301250	4.010434	119.959004	-19.582771	-3.285133	-119.238593
129	1753709312.774127	175.816014	419.429362	158.230215	107.424311	419.703186	-174.610242	157.196835	156.763762	218.219325	77.238165	180.330038	-200.534225	184.436634	-22.292361	-296.340823	244.707108	-51.565446	317.467988	262.825310	-102.581754	346.592218	206.708267	-86.972922	-331.198156	297.157109	-108.120456	333.215743	244.870067	-93.209118	-315.943301	18.314132	4.025736	119.956501	-19.596986	-3.299451	-119.236991
130	1753709312.807584	175.901160	419.336379	158.125475	107.534312	419.697911	-174.648941	157.312870	156.590432	218.159407	77.284783	180.339888	-200.494200	184.352055	-22.268832	-296.457887	244.707465	-51.963583	317.457795	262.799919	-103.041619	346.616834	206.517652	-86.903676	-331.365496	297.062606	-108.704604	333.219856	244.693860	-93.191415	-316.165119	18.334722	4.051309	119.956277	-19.618368	-3.323788	-119.237557
131	1753709312.842794	176.309600	419.218838	158.049360	107.990853	419.689387	-174.650580	158.304438	156.321675	218.147382	78.096397	180.335909	-200.450480	185.701460	-21.912264	-296.444863	246.217906	-52.291237	317.448616	264.564127	-103.471577	346.567810	208.167464	-86.394250	-331.371665	298.779637	-109.033369	333.151311	246.235549	-92.618287	-316.176057	18.335773	4.034212	119.956404	-19.620312	-3.306296	-119.238004
132	1753709312.873388	177.356556	419.210464	158.027455	108.849026	419.620812	-174.654528	159.771279	156.286761	217.933476	78.943893	180.183530	-200.314105	186.179355	-21.697817	-296.447277	248.310089	-52.212179	317.486227	266.886652	-103.439085	346.587092	208.926871	-86.016499	-331.444919	301.489890	-108.935274	333.145857	246.943027	-91.956340	-316.227645	18.392004	4.015081	119.975001	-19.679179	-3.285780	-119.257562
133	1753709312.914917	176.837683	419.033498	157.881558	107.589819	419.623762	-174.655244	158.966318	156.076461	217.821524	77.389419	180.207118	-200.296998	184.689134	-21.457547	-296.432585	247.618899	-52.337985	317.488551	266.309410	-103.607990	346.582144	207.553148	-85.789658	-331.445187	300.866455	-109.020807	333.136588	245.560482	-91.660790	-316.199183	18.483331	4.019713	119.969785	-19.770568	-3.290463	-119.253054
134	1753709312.944489	177.263558	418.558270	157.695100	107.622303	419.548959	-174.724117	159.051254	155.636430	217.535362	77.284425	180.205077	-200.420007	183.669373	-21.457996	-296.593815	247.590721	-52.542131	317.672729	266.271412	-103.762977	347.063243	206.208095	-85.788250	-331.568033	300.794929	-109.218203	333.572328	244.344547	-91.680676	-316.279620	18.599603	4.042223	119.970039	-19.889707	-3.311761	-119.254313
135	1753709312.978797	177.279517	418.352008	157.651052	107.547171	419.472426	-174.717873	159.047157	155.513406	217.513070	77.179976	180.190220	-200.445771	183.481440	-21.446399	-296.596378	247.597232	-52.637443	317.768335	266.303092	-103.870668	347.119182	206.096873	-85.770406	-331.576735	300.795436	-109.300509	333.599359	244.212255	-91.645956	-316.263586	18.684654	4.040826	119.967453	-19.976506	-3.310405	-119.252421
136	1753709313.008643	177.154198	418.269515	157.633960	107.558802	419.348717	-174.708217	159.040868	155.493572	217.565596	77.412225	180.073053	-200.543061	183.927402	-21.443959	-296.684563	247.753710	-52.630085	317.930490	266.586363	-103.875682	347.238660	206.763640	-85.766263	-331.697077	301.041454	-109.280758	333.678573	244.837701	-91.624416	-316.310167	18.698329	4.043858	119.960114	-19.990256	-3.313604	-119.245730
137	1753709313.045356	177.138463	418.219179	157.788828	107.562885	419.188887	-174.441501	159.081742	155.478328	217.575654	77.470541	179.970160	-200.554997	183.951154	-21.475991	-296.726912	248.088658	-52.636743	318.326414	267.216891	-103.910550	347.749978	206.850141	-85.814051	-331.742525	301.634580	-109.320626	334.065825	244.917214	-91.639176	-316.311866	18.738275	4.044780	119.964384	-20.032041	-3.314426	-119.251229
138	1753709313.082993	177.217945	418.195426	157.856807	107.568897	418.972820	-174.301654	159.195125	155.466244	217.603520	77.434443	179.657489	-200.549275	183.519065	-21.612125	-296.831727	248.403668	-52.551564	318.700910	267.700821	-103.859931	348.197758	206.455708	-85.943736	-331.888884	302.082568	-109.262265	334.396750	244.559631	-91.727138	-316.378534	18.847251	4.061769	119.973034	-20.146381	-3.330468	-119.261213
139	1753709313.115749	177.428484	418.138772	158.162415	107.702591	418.807983	-174.028441	159.230500	155.455410	217.648372	77.460542	179.481313	-200.532749	183.373839	-21.881966	-296.920121	248.399615	-52.388221	319.283813	267.691672	-103.682309	348.974317	206.275925	-86.211406	-332.007051	302.072823	-109.062910	335.233212	244.400382	-91.940828	-316.423357	18.932335	4.065758	119.974136	-20.233639	-3.334345	-119.263314
140	1753709313.148136	177.427188	418.229312	158.328205	107.551008	418.797761	-173.845351	158.962727	155.692741	217.697814	76.669127	179.487318	-200.567439	181.927159	-21.934612	-297.176033	247.890130	-51.601171	319.760978	267.220676	-102.789998	349.792123	204.431698	-86.269885	-332.139820	301.492721	-108.172774	336.167276	242.843747	-91.989405	-316.573173	19.010462	4.073411	119.979054	-20.310573	-3.341150	-119.269043
141	1753709313.181062	177.558884	418.240964	158.372641	107.763231	418.713957	-173.792958	158.931166	155.696526	217.687353	76.677501	179.273903	-200.489923	181.508914	-22.290185	-297.203004	247.538075	-51.288169	320.117742	266.656876	-102.349959	350.446522	203.804821	-86.576134	-332.156956	300.924540	-107.768998	336.964935	242.218852	-92.325658	-316.585094	19.043962	4.107056	119.985156	-20.343857	-3.373012	-119.276106
142	1753709313.217891	177.575439	418.232530	158.381417	107.982397	418.698311	-173.775941	158.895284	155.781791	217.710346	76.793931	179.323837	-200.648814	181.572750	-22.350686	-297.441363	247.249454	-51.170841	320.189357	266.203791	-102.197893	350.647837	203.791097	-86.711638	-332.272977	300.404370	-107.664615	337.315589	242.221415	-92.546426	-316.734433	19.039234	4.149950	119.974844	-20.337405	-3.416485	-119.265512
143	1753709313.249588	178.265885	418.217897	158.374041	109.023087	418.654799	-173.766166	159.767494	155.738249	217.691734	77.974327	179.300115	-200.688988	182.657197	-22.313796	-297.665656	248.194218	-51.091406	320.352226	267.259330	-102.060892	350.862831	204.938456	-86.599961	-332.577199	301.484168	-107.497804	337.578833	243.341729	-92.410706	-317.063332	19.051360	4.154820	119.976692	-20.349508	-3.421099	-119.267538
144	1753709313.285823	180.485934	418.122530	158.351287	111.645550	418.425322	-173.757493	161.636859	155.526817	217.631400	80.148481	178.851411	-200.426325	183.704570	-22.495775	-297.678322	249.728769	-51.103812	320.715904	268.690556	-102.089845	351.176172	206.164494	-86.709879	-332.674652	303.310096	-107.507974	337.886244	244.519830	-92.494488	-317.127287	19.064130	4.167671	119.980112	-20.362373	-3.432983	-119.271450
145	1753709313.316739	180.480883	418.041766	158.519477	111.681893	418.411553	-173.406333	161.566883	155.521005	217.781276	80.160603	178.876653	-200.343028	183.793381	-22.586390	-297.671825	249.412015	-51.034376	321.146309	268.280774	-101.960972	351.788819	206.165791	-86.878121	-332.659036	302.853167	-107.374065	338.820577	244.557425	-92.754059	-317.121178	19.055016	4.176749	119.953938	-20.351613	-3.442473	-119.244695
146	1753709313.354635	180.431321	417.963296	158.522919	111.671448	418.366551	-173.413381	161.311597	155.514538	217.774943	80.100618	178.895801	-200.532496	183.524713	-22.615809	-297.999561	248.686656	-51.037524	321.469784	267.378151	-101.930946	352.504253	205.589786	-86.894400	-332.945198	301.818788	-107.376337	339.714020	244.023293	-92.821322	-317.456454	19.042794	4.203586	119.961783	-20.338297	-3.469720	-119.252153
147	1753709313.390438	179.981157	417.951703	158.539370	110.959597	418.524772	-173.313141	160.882518	155.526847	217.781842	79.332910	179.356292	-200.571403	182.932958	-22.485945	-298.096716	248.137906	-50.844900	321.689367	266.723424	-101.658195	352.989644	204.677522	-86.847126	-332.975119	301.018000	-107.138947	340.303868	243.315876	-92.813551	-317.481190	19.049965	4.258112	119.937532	-20.345205	-3.523942	-119.228512
148	1753709313.420053	179.726720	417.956293	158.544078	110.717200	418.594271	-173.313797	160.764441	155.523926	217.738703	79.168268	179.481059	-200.574890	182.709068	-22.379203	-298.112035	248.119012	-50.764889	321.819216	266.708791	-101.567753	353.282452	204.494119	-86.758323	-332.993358	300.999254	-107.069001	340.519071	243.136957	-92.740484	-317.472965	19.096149	4.320302	119.940586	-20.391414	-3.584001	-119.232394
149	1753709313.453670	180.955604	417.904109	158.496171	111.874461	418.593973	-173.336506	161.819726	155.300483	217.463464	80.003269	179.564506	-200.638086	183.076352	-22.176279	-298.476398	249.006554	-50.759766	322.010815	267.727524	-101.560973	353.545636	205.011472	-86.433299	-333.552867	302.118331	-107.059918	340.789884	243.624836	-92.446104	-317.932487	19.149698	4.336880	119.958118	-20.444289	-3.599014	-119.251005
150	1753709313.488640	181.628793	417.893320	158.638969	112.010315	418.557495	-173.027948	162.180364	155.271694	217.504740	80.016553	179.515630	-200.424001	183.073178	-22.296803	-298.388451	249.349087	-50.783798	322.448522	268.088490	-101.576433	353.945822	204.998448	-86.542711	-333.486766	302.560002	-107.093066	341.187418	243.621036	-92.579596	-317.861021	19.159483	4.342212	119.958222	-20.453976	-3.604015	-119.251430
151	1753709313.525840	181.613117	417.431086	158.521771	111.798272	418.505013	-173.040226	162.161395	154.250130	217.329100	79.720438	179.539070	-200.430900	182.265535	-22.276046	-298.557281	249.088839	-51.707935	322.514832	267.644107	-102.273017	354.404092	203.686357	-86.487688	-333.612323	301.884800	-108.093135	341.658354	242.338628	-92.583053	-318.027407	19.237116	4.413260	119.952068	-20.530121	-3.672303	-119.245328
152	1753709313.559461	181.642458	417.280018	158.580393	111.822799	418.474048	-172.835648	162.229165	154.160976	217.385501	79.837069	179.538950	-200.276524	182.450816	-22.259595	-298.224270	249.226555	-51.876463	322.733790	267.816931	-102.513269	354.501516	203.977287	-86.481377	-333.286554	302.105516	-108.278893	341.718316	242.604330	-92.565641	-317.570746	19.250870	4.393912	119.946070	-20.544471	-3.652936	-119.239874
153	1753709313.593400	180.759385	417.280912	158.598870	111.160412	418.513000	-172.813475	161.050037	154.156208	217.435062	79.098664	179.707110	-200.300738	181.758389	-22.205496	-298.335075	247.465238	-52.061155	322.846979	265.590638	-102.715708	354.815185	202.897727	-86.438037	-333.322048	299.772918	-108.561203	342.079788	241.651803	-92.546880	-317.632109	19.255660	4.432808	119.932629	-20.548699	-3.691291	-119.225465
154	1753709313.625604	180.615574	417.251557	158.641681	110.972285	418.507129	-172.775179	160.702959	154.109582	217.430323	78.774273	179.728955	-200.294361	180.956036	-22.204241	-298.387557	246.884286	-52.073307	322.921306	264.813542	-102.700688	354.998499	201.823607	-86.424500	-333.363354	298.946738	-108.556174	342.311531	240.617350	-92.551142	-317.703068	19.272393	4.465303	119.932406	-20.565089	-3.723178	-119.225420
155	1753709313.661348	180.838674	417.148381	158.734083	111.384876	418.402702	-172.687113	160.811633	154.070616	217.489734	79.210430	179.591849	-200.259551	181.296661	-22.611564	-298.427701	246.977851	-52.172616	323.523134	264.896393	-102.805696	355.538964	202.233016	-86.809404	-333.473742	299.084663	-108.674586	342.894524	241.057143	-93.033776	-317.834377	19.259723	4.468440	119.939752	-20.552341	-3.726133	-119.232647
156	1753709313.697672	180.909321	417.169690	159.089506	111.386657	418.409139	-172.108531	160.789505	154.180467	217.685625	79.191856	179.619551	-199.856475	181.277171	-22.627806	-298.295021	246.902630	-52.118551	324.071169	264.823526	-102.734298	356.128395	202.200204	-86.840659	-333.350867	299.043357	-108.644485	343.571037	241.048336	-93.103789	-317.775607	19.266548	4.453948	119.921364	-20.558842	-3.712008	-119.215138
157	1753709313.729427	181.031451	417.045951	159.173116	111.379683	418.367028	-171.879590	160.818547	154.145360	217.894435	79.076618	179.651335	-199.862733	181.271106	-22.816235	-298.359901	246.914119	-52.132510	324.381530	264.860183	-102.726303	356.558323	202.168301	-87.098464	-333.368927	299.057961	-108.637586	344.071627	241.052821	-93.488365	-317.847311	19.271310	4.459600	119.886070	-20.562878	-3.717470	-119.179294
158	1753709313.761943	180.743277	417.045444	159.292713	111.176074	418.362796	-171.738803	160.100609	154.229671	218.049422	78.627855	179.686978	-199.862301	180.998072	-22.905486	-298.453212	246.052891	-52.041657	324.770629	263.850272	-102.542147	357.075512	201.723635	-87.215342	-333.422154	298.089296	-108.467631	344.836056	240.783080	-93.661562	-318.038553	19.260544	4.467290	119.861968	-20.550599	-3.725799	-119.154915
159	1753709313.798523	180.371597	416.975856	159.388810	110.985085	418.356240	-171.612218	159.887075	154.223338	218.212113	78.479186	179.706752	-199.906886	180.994734	-22.935793	-298.575282	246.012315	-51.953141	325.128525	263.839632	-102.350295	357.530594	201.707050	-87.257788	-333.483309	298.050493	-108.226664	345.465571	240.790606	-93.706675	-318.164825	19.251963	4.483461	119.834654	-20.539908	-3.742603	-119.126908
160	1753709313.832975	180.091426	416.967332	159.655795	110.574245	418.368191	-171.300471	159.223884	154.286101	218.492344	77.777073	179.785267	-199.927971	180.595517	-23.037244	-298.624367	245.246738	-51.927906	325.638860	263.004720	-102.325812	358.136058	201.040193	-87.469913	-333.494931	297.332227	-108.209640	346.291512	240.291014	-94.018295	-318.216801	19.221295	4.488960	119.813368	-20.507321	-3.747973	-119.104922
161	1753709313.866754	179.940626	416.767418	159.725279	110.518456	418.365866	-171.151355	159.111083	154.222757	218.698129	77.751800	179.888338	-199.919626	180.539444	-23.046752	-298.635364	244.967476	-51.907148	325.826079	262.667835	-102.242492	358.320802	200.968251	-87.494940	-333.499819	296.930104	-108.103231	346.544296	240.215763	-94.084010	-318.223238	19.226106	4.493932	119.795434	-20.511366	-3.753232	-119.087152
162	1753709313.902997	179.754585	416.783094	159.767210	110.123016	418.371111	-170.885831	158.707067	154.324442	218.995452	77.270992	179.913431	-199.749470	180.397063	-23.055894	-297.886640	244.550288	-51.889140	325.857133	262.263894	-102.225788	358.287424	200.850070	-87.517507	-332.495481	296.587855	-108.070575	346.495658	240.087077	-94.100021	-317.315906	19.208746	4.491132	119.746536	-20.493275	-3.750650	-119.038656
163	1753709313.934630	179.460496	416.716188	159.785643	110.011265	418.367594	-170.755506	158.077821	154.351503	219.085202	77.102304	179.989487	-199.745923	180.206180	-23.122605	-297.858775	243.460670	-51.956497	325.903028	261.108398	-102.325186	358.305216	200.640053	-87.653093	-332.444698	295.404822	-108.168900	346.518368	239.865661	-94.272643	-317.237973	19.189719	4.502473	119.710937	-20.472636	-3.763201	-119.003199
164	1753709313.970289	179.269359	416.716158	159.801707	109.712079	418.430328	-170.618132	157.953456	154.343650	219.207972	76.691851	180.170238	-199.741960	180.112451	-23.132490	-297.798544	243.359804	-52.108776	325.960517	261.028826	-102.494158	358.401150	200.460017	-87.713875	-332.194954	295.313984	-108.400680	346.680880	239.749551	-94.381921	-317.062587	19.160260	4.518931	119.663537	-20.439819	-3.779716	-118.954524
165	1753709314.001147	179.086447	416.780531	159.838811	109.378524	418.613404	-170.378774	157.815278	154.594183	219.305843	76.457471	180.463359	-199.678421	180.163339	-23.059737	-297.228247	243.375748	-51.986795	325.981826	261.106968	-102.417953	358.302772	200.603813	-87.716244	-331.415832	295.465618	-108.290873	346.587181	239.906311	-94.377317	-316.255778	19.130224	4.517858	119.612403	-20.407766	-3.778890	-118.903697
166	1753709314.037404	179.041520	416.767627	159.939826	109.270252	418.658882	-170.242950	157.398045	154.635087	219.493240	76.099209	180.623502	-199.580327	179.688185	-23.115275	-297.091931	242.738485	-51.962435	326.086313	260.491043	-102.402285	358.364552	200.194493	-87.829083	-331.232816	294.703305	-108.269468	346.632957	239.528716	-94.582237	-316.067427	19.150507	4.521965	119.596362	-20.428745	-3.782939	-118.888989
167	1753709314.070442	178.697765	417.103320	160.035402	109.083682	418.755919	-170.058116	156.857073	155.681074	219.577372	75.890772	180.755630	-199.571580	179.684684	-23.118205	-296.747535	242.566541	-51.040977	326.026946	260.388613	-101.540610	358.021647	200.207740	-87.865531	-330.673605	294.679403	-107.302196	346.381158	239.539042	-94.598569	-315.518051	19.103518	4.512179	119.568504	-20.379389	-3.773937	-118.861541
168	1753709314.105448	177.871317	417.427897	160.184309	108.331427	418.917358	-169.884354	155.719265	156.237021	219.636992	74.988224	180.883199	-199.514553	179.140687	-23.171155	-296.614617	241.824865	-50.332550	326.071262	259.790033	-100.831039	358.040184	199.737936	-88.031150	-330.486864	294.153064	-106.560662	346.407503	239.111215	-94.747342	-315.317243	19.094707	4.511303	119.553156	-20.369971	-3.773206	-118.846916
169	1753709314.143141	177.356735	417.679667	160.492897	108.072437	419.061691	-169.602558	155.029967	156.860694	220.009431	74.744679	181.007609	-199.403614	178.998873	-23.168495	-296.383291	241.392553	-49.158324	326.355696	259.469479	-99.589117	358.137041	199.684754	-88.047907	-330.286324	293.892294	-105.047360	346.523821	239.038736	-94.757870	-315.074742	19.079043	4.490659	119.541101	-20.354409	-3.753324	-118.835099
170	1753709314.178837	177.265510	417.756706	160.647616	108.058020	419.099957	-169.478580	154.933006	157.081768	220.115840	74.736282	181.030646	-199.391976	178.972319	-23.373881	-296.393365	241.305634	-48.230108	326.379806	259.406090	-98.482609	358.127266	199.676365	-88.391274	-330.331057	293.809652	-103.708878	346.517652	239.029393	-95.081970	-315.094084	19.069791	4.462661	119.530618	-20.344913	-3.726057	-118.825056
171	1753709314.212468	177.280873	417.857140	160.741881	108.153842	419.149220	-169.443920	154.940516	157.360792	220.213547	74.760735	181.059286	-199.383259	179.024532	-23.444926	-296.402186	241.419986	-47.480468	326.426238	259.643704	-97.582839	358.134598	199.785441	-88.495694	-330.350697	293.994188	-102.701791	346.524179	239.139050	-95.185511	-315.122306	19.056624	4.450067	119.522586	-20.331549	-3.713559	-118.817657
172	1753709314.244951	176.354125	418.103278	161.006227	106.984645	419.371903	-169.281378	153.825715	157.783136	220.544219	73.239796	181.255460	-199.372411	177.599758	-23.448110	-296.348065	240.333006	-47.104787	326.541960	258.639514	-97.184293	358.216494	198.252380	-88.514753	-330.217630	292.904586	-102.315523	346.634686	237.723708	-95.200263	-314.998060	19.056899	4.438062	119.512387	-20.331008	-3.701756	-118.807547
173	1753709314.276355	176.000208	418.534875	161.301315	106.914163	419.533551	-169.227198	153.528810	158.239186	220.605567	73.206805	181.336433	-199.374899	177.584201	-23.442566	-296.429545	240.145117	-46.298288	326.564521	258.503824	-96.246317	358.220428	198.254913	-88.511072	-330.329388	292.790532	-101.337202	346.639782	237.720311	-95.153734	-315.125883	19.034369	4.391579	119.517371	-20.308148	-3.656009	-118.813366
174	1753709314.312834	176.022574	418.563664	161.386222	106.863298	419.662178	-169.198304	153.579563	158.310950	220.636725	73.170729	181.437105	-199.367285	177.584738	-23.431702	-296.414316	240.478829	-46.227992	326.652706	259.079903	-96.203044	358.240694	198.323607	-88.514827	-330.332488	293.401927	-101.286665	346.652985	237.789184	-95.141418	-315.129012	19.042019	4.347601	119.514652	-20.316435	-3.611898	-118.811518
175	1753709314.349006	175.342917	418.775648	161.413908	105.899982	419.960678	-169.165596	153.106913	158.604190	220.680505	72.240777	181.729555	-199.457660	176.858231	-23.329478	-296.705008	240.110219	-46.004768	326.716304	258.804351	-96.013866	358.316004	197.659940	-88.429786	-330.657333	293.050051	-101.140507	346.728951	237.135202	-95.042996	-315.491110	19.044051	4.338041	119.514011	-20.318326	-3.602142	-118.811496
176	1753709314.376418	173.687682	418.849647	161.536872	104.599513	420.256823	-169.088230	151.544869	158.749625	220.763505	71.199544	182.130784	-199.486017	175.921172	-23.164580	-296.711475	238.309070	-45.847721	326.739728	256.857365	-95.864072	358.325422	196.745500	-88.316381	-330.658823	290.924370	-100.967348	346.738219	236.189008	-94.907358	-315.480709	19.041069	4.331450	119.508706	-20.315023	-3.596102	-118.806556
177	1753709314.412867	173.693180	419.227421	161.730111	105.119362	420.412868	-169.058502	151.449814	159.128979	220.767260	71.709014	182.229623	-199.634731	176.188797	-23.149872	-296.867996	238.198280	-44.992402	326.759458	256.738663	-94.964042	358.329028	197.255477	-88.253684	-330.887586	290.860116	-99.896275	346.747279	236.624435	-94.780497	-315.623134	19.020502	4.313122	119.562656	-20.293871	-3.577340	-118.862711
178	1753709314.452957	173.326164	419.244438	162.129179	104.881234	420.494258	-168.906331	150.843114	159.219041	220.867366	71.605720	182.314456	-199.628457	175.979003	-23.083096	-296.815366	237.500414	-44.857338	326.809585	255.959004	-94.778053	358.336508	197.103038	-88.155515	-330.867440	290.165335	-99.675715	346.756130	236.432970	-94.621956	-315.580010	19.019431	4.267175	119.564615	-20.292986	-3.533270	-118.865512
179	1753709314.481635	173.030183	419.328630	162.521034	104.830615	420.523912	-168.704256	150.593072	159.416437	221.251875	71.606524	182.345539	-199.690983	176.145270	-23.089947	-296.817571	237.468824	-44.659786	326.828510	255.961835	-94.585873	358.213902	197.364286	-88.177361	-330.867976	290.173620	-99.409275	346.666515	236.651525	-94.617903	-315.574318	18.994024	4.210711	119.561628	-20.267962	-3.479180	-118.863158
180	1753709314.522431	173.030674	419.650137	162.882775	104.997799	420.632482	-168.566689	150.605857	159.697637	221.317500	71.983390	182.414711	-199.923158	176.881626	-22.889562	-297.102392	237.561569	-44.257108	326.868594	256.193459	-94.202019	358.216196	198.402956	-87.943591	-331.215143	290.553391	-98.979175	346.681118	237.547398	-94.162017	-315.834433	18.968666	4.128171	119.586796	-20.243920	-3.398218	-118.890114
181	1753709314.550629	172.871307	420.075536	163.414642	104.997694	420.953989	-168.192834	150.280356	160.021380	221.479475	71.986333	182.745263	-199.915960	176.935673	-22.445245	-296.964526	237.387478	-44.125441	326.887429	256.085277	-94.086953	358.163774	198.519483	-87.423667	-331.040651	290.513724	-98.832719	346.657693	237.613305	-93.373895	-315.615386	18.894892	4.085289	119.590864	-20.171080	-3.355885	-118.894845
182	1753709314.584284	172.373936	420.095682	163.531289	104.570605	421.010196	-168.158695	149.972945	160.044521	221.505463	71.811944	182.770178	-200.003952	176.935703	-22.396237	-296.977699	237.320647	-44.142909	326.902896	256.051719	-94.108507	358.164370	198.523074	-87.387323	-331.042856	290.490806	-98.881967	346.659690	237.619027	-93.300961	-315.614074	18.888324	4.054188	119.592257	-20.164518	-3.326194	-118.896842
183	1753709314.617316	172.367856	420.232713	163.897783	104.601115	421.051592	-167.801619	150.028735	160.294697	221.563771	71.913704	182.806164	-199.997753	177.130684	-22.258371	-296.912253	237.600952	-43.974284	326.937169	256.543607	-94.019979	358.159572	198.799148	-87.264925	-330.958784	291.033834	-98.793194	346.662879	237.863258	-93.070723	-315.495431	18.877529	3.996328	119.593672	-20.154521	-3.269276	-118.898861
184	1753709314.657377	172.355413	420.253575	164.262742	104.630858	421.078771	-167.381674	150.028944	160.317346	221.634403	72.100922	182.833195	-199.887872	177.366912	-22.215925	-296.525002	237.620220	-43.934762	326.914132	256.596416	-93.992211	357.919544	199.274033	-87.194793	-330.604106	291.095734	-98.733068	346.373051	238.214716	-92.905000	-314.941168	18.869102	3.920289	119.601294	-20.146707	-3.193964	-118.907563
185	1753709314.688766	172.402456	420.242757	164.373726	104.826473	420.917213	-167.354614	150.081038	160.289377	221.661910	72.444335	182.628259	-200.003475	177.813023	-22.306152	-296.533525	237.736046	-44.144452	326.798201	256.742477	-94.233207	357.601851	199.840710	-87.253347	-330.606490	291.265339	-98.960154	346.013308	238.657326	-92.902400	-314.929008	18.859655	3.886717	119.607113	-20.137792	-3.161687	-118.913881
186	1753709314.722408	171.476007	420.320779	164.522424	104.164027	421.063155	-167.325035	149.113774	160.428286	221.771374	71.791947	182.730988	-200.004339	177.005023	-22.268971	-296.415210	236.675382	-44.030320	326.796114	255.489707	-94.108619	357.597739	198.862284	-87.234937	-330.366015	289.869636	-98.866418	346.006721	237.753928	-92.876509	-314.644575	18.861523	3.873187	119.604073	-20.139620	-3.148630	-118.911311
187	1753709314.754711	171.407342	420.336962	164.558411	103.983477	421.130270	-167.296723	149.198890	160.435081	221.792504	71.763285	182.749033	-200.029701	177.013516	-22.204954	-296.411663	236.965403	-44.046491	326.757967	255.873173	-94.116211	357.551843	198.871955	-87.133378	-330.361396	290.170610	-98.903798	345.944852	237.764835	-92.748508	-314.641148	18.861864	3.858841	119.606093	-20.139784	-3.134689	-118.913502
188	1753709314.788929	171.459973	420.407832	164.645284	103.972584	421.165377	-167.191312	149.222106	160.461843	221.799940	71.707107	182.763547	-199.974149	176.872820	-22.185666	-296.409220	236.973196	-44.050392	326.767385	255.886853	-94.147556	357.545525	198.795885	-87.066732	-330.386490	290.198207	-98.943301	345.932215	237.694710	-92.621580	-314.659834	18.901225	3.819580	119.621202	-20.179637	-3.094907	-118.929297
189	1753709314.825162	171.469688	420.342833	164.750934	103.949271	421.090394	-167.165339	149.387643	160.378605	221.963406	71.750477	182.609677	-199.984089	176.885754	-22.178294	-296.430051	237.263635	-44.387866	326.802343	256.159961	-94.495848	357.542694	198.815420	-87.047055	-330.463886	290.510714	-99.373847	345.911294	237.701669	-92.552640	-314.717591	18.923847	3.781572	119.625151	-20.204023	-3.058674	-118.933849
190	1753709314.856329	171.486601	420.409828	164.963126	103.961565	421.118796	-166.996822	149.432778	160.549924	222.173735	71.818389	182.613969	-199.925944	177.050591	-22.168932	-296.273559	237.375468	-44.261217	326.806605	256.328702	-94.395854	357.488722	199.067459	-87.036364	-330.302477	290.696323	-99.259205	345.822543	237.958744	-92.514709	-314.502180	18.920273	3.732516	119.625948	-20.200979	-3.010178	-118.935175
191	1753709314.893117	171.488881	420.338064	164.983392	103.963628	421.101272	-167.040616	149.421155	160.451472	222.248808	71.822315	182.573229	-200.057372	176.969200	-22.239868	-296.324223	237.180635	-44.605050	326.809585	256.001949	-94.700970	357.482105	198.937938	-87.089978	-330.337763	290.303588	-99.640027	345.800906	237.802699	-92.553101	-314.521432	18.928153	3.716999	119.628124	-20.209184	-2.994906	-118.937626
192	1753709314.925342	171.364665	420.345306	165.005565	103.649154	421.108335	-167.022333	149.416149	160.449132	222.269550	71.691878	182.544455	-200.082511	176.719114	-22.242481	-296.398610	237.085328	-44.785786	326.818883	255.869180	-94.890244	357.509613	198.569998	-87.083347	-330.431670	290.152073	-99.980675	345.809579	237.409726	-92.541501	-314.644694	18.930266	3.688490	119.627662	-20.211242	-2.967207	-118.937045
193	1753709314.960573	171.838716	420.309901	164.926827	104.492374	421.070129	-167.090222	149.925783	160.402566	222.289652	72.508596	182.461902	-200.132459	177.603513	-22.268170	-296.437949	237.510264	-44.790704	326.759726	256.308496	-94.889045	357.355744	199.549481	-87.077022	-330.484033	290.556848	-99.960066	345.669627	238.392740	-92.530340	-314.760506	18.885983	3.672933	119.627550	-20.166025	-2.951982	-118.936919
194	1753709314.993385	172.906592	420.313090	164.984807	106.451482	421.027243	-167.067304	151.119992	160.349369	222.530141	74.595198	182.300687	-200.135902	179.549530	-22.299629	-296.387911	238.868177	-44.821382	326.857984	257.811904	-94.924726	357.356817	201.882094	-87.076582	-330.463976	292.353898	-99.956505	345.661610	240.577176	-92.496850	-314.713389	18.820612	3.655304	119.627818	-20.099299	-2.934431	-118.937299
195	1753709315.030942	172.178522	420.317411	165.008143	105.795972	421.031266	-167.065844	150.347352	160.346806	222.694606	74.045502	182.281509	-200.139970	179.310322	-22.268672	-296.297252	238.221988	-44.831347	326.853514	257.078469	-94.923347	357.329994	201.559544	-87.015674	-330.287009	291.569144	-99.935435	345.646232	240.260974	-92.386164	-314.558178	18.815298	3.642631	119.626097	-20.093378	-2.922373	-118.935563
196	1753709315.068954	171.980456	420.325160	165.080324	105.778709	421.055228	-167.048842	149.569377	160.362199	222.902209	73.979355	182.299808	-200.188085	179.138958	-22.364641	-296.274334	236.635104	-44.806186	326.938957	255.268097	-94.860405	357.402653	201.306224	-87.129340	-330.222547	289.655030	-99.844955	345.786482	239.985704	-92.543930	-314.447492	18.784309	3.629455	119.629547	-20.060962	-2.909426	-118.939184
197	1753709315.101282	171.750098	420.304984	165.089875	105.128765	421.124220	-167.039528	149.320662	160.289779	223.009437	73.031411	182.337135	-200.191498	178.225949	-22.377126	-296.166629	236.156836	-44.867940	326.955289	254.745513	-94.896838	357.436597	200.066924	-87.162949	-329.965830	288.999885	-99.866845	345.838338	238.903657	-92.598744	-314.205110	18.784927	3.620902	119.623691	-20.060617	-2.901033	-118.932694
198	1753709315.132886	172.118634	420.027375	165.112644	105.262771	421.125621	-167.019874	149.597570	159.928009	223.269030	73.075853	182.299137	-200.041309	178.172350	-22.541795	-295.821428	236.182675	-44.992954	327.467471	254.755706	-94.940104	358.199626	199.937344	-87.293595	-329.495132	288.984030	-99.889986	346.669972	238.805696	-92.807636	-313.721955	18.805360	3.617641	119.623296	-20.079490	-2.897450	-118.932277
199	1753709315.170085	172.207609	419.927746	165.167406	105.386190	421.067178	-166.908145	149.703979	159.851909	223.480478	73.277846	182.202861	-199.940294	178.243160	-22.722859	-295.737624	236.186638	-45.173179	327.873051	254.750848	-95.079310	358.672589	199.981868	-87.426640	-329.441816	288.962513	-100.082479	347.187102	238.835588	-92.997201	-313.681215	18.785765	3.587052	119.622767	-20.059194	-2.866509	-118.931502
200	1753709315.202410	172.805697	419.886321	165.183395	106.537350	421.006799	-166.896254	150.519371	159.774467	223.656952	74.546419	182.073742	-199.812263	179.408282	-22.801124	-295.552492	237.056494	-45.175206	328.084201	255.587071	-95.054120	358.903170	201.183900	-87.463573	-329.243660	289.714575	-100.023016	347.416967	240.066901	-93.029186	-313.502997	18.745687	3.587911	119.620219	-20.016871	-2.867132	-118.928924
201	1753709315.236464	174.241334	419.714272	165.179372	108.338237	420.756161	-166.906565	151.940092	159.532443	223.678946	76.236606	181.764796	-199.691162	180.411547	-23.006337	-295.528591	238.335341	-45.251720	328.099400	256.758958	-95.075272	358.911276	202.256769	-87.501667	-329.240203	290.768087	-100.030355	347.423673	241.086915	-93.078338	-313.523263	18.733731	3.591257	119.623244	-20.004254	-2.869319	-118.931681
202	1753709315.268287	174.077228	419.631660	165.219635	107.956827	420.734227	-166.831940	151.560456	159.235686	223.704651	75.573690	181.700394	-199.404955	179.242224	-23.292627	-295.336127	237.538978	-45.812760	328.213364	255.771726	-95.560424	359.181315	200.734377	-87.787032	-329.019725	289.620399	-100.656472	347.737938	239.579767	-93.528911	-313.336998	18.742315	3.594190	119.625628	-20.012427	-2.871547	-118.934005
203	1753709315.303858	174.072430	419.624418	165.369228	108.003035	420.720309	-166.628763	151.636019	159.097627	223.824531	75.770527	181.592166	-199.277312	179.715022	-23.381341	-295.083970	237.849727	-46.060342	328.370988	256.255895	-95.869206	359.283030	201.379135	-87.910831	-328.805774	290.202767	-100.935891	347.825795	240.118608	-93.633488	-313.035280	18.687591	3.581078	119.626023	-19.958522	-2.857903	-118.934363
204	1753709315.338518	174.383759	419.620425	165.352643	108.283937	420.562357	-166.607708	151.823640	159.088954	223.849356	75.832844	181.349844	-199.071333	179.666594	-23.733787	-294.998676	237.929538	-46.198856	328.435838	256.313771	-96.091174	359.324813	201.339692	-88.093117	-328.752935	290.235877	-101.199500	347.838193	240.077317	-93.849577	-313.017756	18.684298	3.599172	119.627893	-19.954838	-2.873992	-118.936159
205	1753709315.369198	175.253615	419.593841	165.398806	109.040670	420.453817	-166.384161	152.649596	158.873096	223.875105	76.409161	180.938974	-198.373601	180.007756	-24.357544	-294.058412	238.661587	-46.738632	328.532964	257.097840	-96.803010	359.375447	201.755568	-88.793337	-327.886313	291.142970	-101.933159	347.859532	240.474507	-94.583787	-312.048316	18.677263	3.598085	119.625583	-19.947637	-2.872367	-118.933834
206	1753709315.404187	175.663516	419.586927	165.405646	109.491542	420.417339	-166.190177	152.881965	158.760577	223.795012	76.649308	180.725500	-197.135866	180.075392	-24.369625	-293.384016	238.913015	-46.752498	328.644544	257.356346	-96.813239	359.415144	201.903686	-88.753320	-327.514380	291.511863	-101.932473	347.913563	240.598619	-94.541915	-311.807841	18.665662	3.597605	119.629659	-19.935522	-2.871015	-118.938506
207	1753709315.435657	176.293492	419.588059	165.372446	109.843209	420.249999	-165.967673	153.202951	158.712983	223.717794	76.653384	180.400997	-196.412772	179.966718	-24.567438	-293.130666	239.152580	-46.795897	328.675956	257.654935	-96.910708	359.431148	201.814920	-88.851713	-327.317953	291.787028	-102.012873	347.923309	240.525365	-94.673179	-311.724901	18.664178	3.618064	119.623192	-19.933505	-2.888260	-118.931867
208	1753709315.474358	176.510170	419.580162	165.409774	110.290237	420.238078	-165.837139	153.252184	158.569187	223.734081	76.953113	180.316284	-195.857242	180.146903	-24.631068	-292.470485	239.182249	-46.921644	328.878403	257.682681	-97.068645	359.634429	202.028051	-88.910818	-326.663792	291.836768	-102.139741	348.145813	240.724564	-94.752431	-311.050683	18.641273	3.633675	119.622983	-19.910425	-2.902159	-118.931867
209	1753709315.508359	176.762059	419.579655	165.413737	110.499635	420.189947	-165.626869	153.314531	158.497915	223.478496	76.955721	180.201411	-195.337296	180.111274	-25.009390	-292.247623	239.234135	-47.016684	328.900039	257.756472	-97.299010	359.657377	202.014238	-89.291602	-326.479226	291.883647	-102.370732	348.171830	240.725115	-95.324226	-310.903996	18.646136	3.674690	119.625084	-19.914316	-2.938867	-118.934110
210	1753709315.539833	176.973775	419.640541	165.778816	110.677682	420.175165	-165.034011	153.745353	158.479929	223.768339	77.354833	179.923058	-194.525182	181.019649	-25.029862	-291.169763	240.678385	-47.123712	329.293609	259.768486	-97.561903	359.808862	203.383043	-89.344084	-325.621694	294.432163	-102.594241	348.245949	242.006838	-95.339634	-309.946001	18.598476	3.647903	119.622372	-19.870060	-2.911576	-118.932121
211	1753709315.580981	177.045360	419.615865	165.802017	110.769600	420.118392	-164.889649	153.925657	158.397377	223.864615	77.503957	179.699317	-194.112375	181.230307	-25.096506	-290.667802	241.004884	-47.497164	329.601169	260.149539	-98.059058	359.993100	203.679621	-89.443654	-325.255364	294.914633	-103.111394	348.391205	242.272928	-95.436662	-309.592366	18.563347	3.633843	119.620353	-19.836118	-2.897699	-118.930243
212	1753709315.609435	177.022725	419.608772	165.742531	110.658571	420.104831	-164.887905	153.925672	158.292741	223.797247	77.235579	179.645613	-193.871409	180.632472	-25.131308	-290.533572	240.985900	-47.730558	329.623163	260.105848	-98.338872	360.019177	203.002930	-89.472763	-325.123191	294.801891	-103.425115	348.406166	241.649270	-95.475733	-309.481055	18.590450	3.669356	119.624682	-19.863451	-2.931107	-118.934795
213	1753709315.645736	176.963568	419.606030	165.762991	110.700637	420.082688	-164.869532	153.986439	158.263907	223.778412	77.712812	179.502964	-193.803012	181.437671	-25.161033	-290.451765	241.204858	-47.836121	329.703510	260.327280	-98.490715	360.102832	204.071581	-89.519791	-325.101346	295.093954	-103.601560	348.470151	242.616042	-95.506653	-309.434831	18.559109	3.636159	119.633287	-19.832952	-2.898497	-118.943691
214	1753709315.677406	176.613912	419.602573	165.769175	110.338598	420.101821	-164.853796	153.434351	158.243999	223.561257	77.439964	179.479539	-193.686634	180.804327	-25.179546	-290.157229	240.036160	-47.859564	329.569906	258.789867	-98.512962	360.016197	203.381345	-89.537367	-324.811310	293.529987	-103.620306	348.347515	241.867572	-95.520698	-309.028536	18.560959	3.622727	119.637929	-19.835114	-2.884823	-118.948735
215	1753709315.712442	176.527247	419.685662	165.822074	110.166803	420.275718	-164.802074	153.257653	158.317327	223.552912	77.320054	179.545179	-193.388939	180.749327	-25.147272	-289.289743	239.815533	-47.643531	329.612225	258.477777	-98.250054	360.073954	203.317702	-89.551829	-323.790640	293.299943	-103.363410	348.400086	241.826400	-95.534116	-307.872415	18.556470	3.586737	119.645543	-19.830776	-2.847929	-118.956566
216	1753709315.744730	175.987065	419.732481	165.835634	109.402791	420.447558	-164.734349	151.712462	158.307299	223.466232	76.106422	179.642171	-193.141222	179.539412	-25.160210	-288.439691	237.580344	-47.602829	329.610854	255.899549	-98.124526	360.088825	201.767504	-89.641631	-322.542816	290.838093	-103.239417	348.472059	240.402937	-95.668763	-306.693077	18.547688	3.568959	119.639046	-19.822594	-2.829535	-118.950583
217	1753709315.783333	175.793573	419.724256	165.633664	109.204568	420.565188	-164.864004	151.461303	158.246815	223.101437	75.877182	179.765224	-193.144590	179.454789	-25.183629	-288.427889	237.147599	-47.560897	329.439312	255.260259	-97.979076	360.030830	201.598376	-89.762785	-322.512209	290.136635	-103.087619	348.477304	240.290955	-95.895834	-306.681097	18.550271	3.569319	119.630791	-19.824654	-2.829776	-118.942015
218	1753709315.816860	175.768629	419.739962	165.630937	109.107144	420.668423	-164.850518	151.135325	158.233583	222.836375	75.650319	179.844558	-193.080187	179.117456	-25.196042	-288.280249	236.403152	-47.542352	329.387128	254.309803	-97.917199	360.009789	201.061472	-89.845538	-322.336793	289.350390	-103.035174	348.495871	239.805222	-96.023016	-306.527585	18.536249	3.550333	119.627081	-19.811532	-2.810998	-118.938304
219	1753709315.850224	176.321089	419.733852	165.632546	109.475181	420.710891	-164.769635	151.350379	158.134371	222.470611	75.795762	179.861248	-192.955241	179.391429	-25.210084	-288.024753	236.680329	-47.528684	329.315126	254.668295	-97.855836	359.855533	201.377004	-89.928076	-322.171271	289.957583	-102.948576	348.458350	240.142256	-96.116289	-306.374788	18.510621	3.479058	119.620912	-19.786106	-2.740015	-118.932061
220	1753709315.882471	176.338226	419.771045	165.626466	109.483488	420.837492	-164.760798	151.343852	158.073932	222.185880	75.755857	179.912880	-192.953080	179.343820	-25.239972	-288.018376	236.653939	-47.456313	329.130411	254.635215	-97.669818	359.747797	201.226667	-90.036586	-322.158307	289.937288	-102.712259	348.455757	240.038946	-96.242353	-306.371599	18.494897	3.468539	119.615786	-19.769864	-2.729006	-118.926242
221	1753709315.917528	176.066875	419.743538	165.621921	109.033599	420.876205	-164.782792	150.338948	158.058599	221.905813	74.966900	179.956079	-192.974702	177.688643	-25.412308	-288.038552	234.650031	-47.500636	329.121023	252.247214	-97.712502	359.776735	199.135378	-90.445615	-322.181165	287.616462	-102.805100	348.558813	238.040164	-96.776545	-306.370378	18.517960	3.462793	119.614802	-19.794291	-2.723311	-118.925393
222	1753709315.953001	175.344452	419.608474	165.372193	106.987186	420.968711	-165.039510	149.276033	157.775044	221.295536	72.375856	180.148154	-193.362340	174.078390	-25.402233	-288.575321	232.777864	-47.944732	328.977078	250.033200	-98.103076	359.789193	194.792330	-90.468958	-322.682023	285.319805	-103.441909	348.611653	233.833283	-96.821927	-306.859434	18.625015	3.474028	119.601436	-19.903652	-2.734588	-118.911833
223	1753709315.987459	178.026095	419.638366	165.361360	110.198632	420.896888	-165.007085	152.373314	157.583594	220.979825	75.738117	179.702178	-193.209559	177.717179	-25.490461	-288.598269	236.857682	-48.002113	328.956693	254.850537	-98.249897	359.541565	199.577317	-90.505838	-323.071539	291.188180	-103.485174	348.359764	238.301978	-96.841663	-307.238936	18.561730	3.404778	119.630501	-19.839756	-2.663460	-118.940689
224	1753709316.023192	177.991644	419.630378	165.279180	110.111535	420.901597	-165.142909	152.349338	157.375768	220.583051	75.715132	179.650798	-193.271860	177.611753	-25.519356	-289.003432	236.758366	-48.380155	328.893930	254.741400	-98.702975	359.534264	199.445844	-90.526201	-323.699206	291.033328	-103.992715	348.355234	238.128841	-96.861072	-307.821065	18.565215	3.398232	119.647250	-19.843811	-2.656612	-118.957408
225	1753709316.052025	177.995816	419.549972	165.206224	109.998383	420.897037	-165.338516	152.335882	157.129124	220.384076	75.564951	179.633439	-193.348393	177.301183	-25.532695	-289.279908	236.674920	-48.823990	328.884661	254.597127	-99.161983	359.582633	198.940933	-90.545751	-324.002296	290.780306	-104.547769	348.411441	237.679392	-96.878573	-308.197856	18.588573	3.389236	119.666860	-19.868748	-2.646797	-118.976064
226	1753709316.089540	178.362727	419.527024	164.998516	110.522196	420.775652	-165.491104	152.727023	156.904384	220.055461	76.130114	179.301620	-193.362921	177.899778	-25.739018	-289.374799	236.987591	-48.901357	328.588545	254.871696	-99.222511	359.140068	199.648514	-90.670548	-324.189276	291.018128	-104.565836	347.951531	238.316551	-96.962206	-308.401465	18.576417	3.371756	119.687602	-19.856235	-2.628858	-118.995480
227	1753709316.121207	178.182200	419.149905	164.887294	110.052802	420.764267	-165.657163	152.371258	156.482771	219.970882	75.418927	179.351926	-193.518341	176.544145	-25.853200	-289.460421	235.805854	-49.663506	328.583300	253.284305	-99.895597	359.310895	197.661266	-90.876065	-324.222267	289.014906	-105.435237	348.176628	236.444965	-97.312763	-308.418363	18.609922	3.385532	119.684018	-19.890523	-2.642588	-118.991226
228	1753709316.157638	178.502247	419.069082	164.748937	110.322677	420.597404	-165.759444	152.850881	156.195581	219.817817	75.737230	179.029092	-193.531200	176.906556	-26.085285	-289.650321	236.372203	-49.850516	328.513861	253.979087	-100.113921	359.205186	198.159322	-90.998664	-324.565172	289.612323	-105.573952	348.039836	236.907572	-97.426042	-308.806092	18.610535	3.380171	119.703948	-19.891303	-2.636373	-119.010456
229	1753709316.189098	178.621069	419.055253	164.716050	110.322781	420.594364	-165.771872	153.022423	156.102896	219.752729	75.766951	178.971842	-193.446770	177.030355	-26.135350	-289.459974	236.499488	-49.925830	328.429490	254.114985	-100.171477	359.150141	198.269650	-91.105968	-324.339658	289.768487	-105.645694	347.984761	237.013534	-97.519569	-308.544636	18.610436	3.359242	119.705863	-19.891249	-2.615487	-119.011760
230	1753709316.226014	178.611964	418.986201	164.692327	110.270478	420.567006	-165.865406	152.964294	156.024113	219.715342	75.605989	178.956747	-193.467274	176.851466	-26.181910	-289.444089	236.316755	-49.978003	328.348845	253.868252	-100.184992	359.128803	197.926819	-91.155857	-324.269235	289.480120	-105.664857	347.987771	236.674950	-97.570702	-308.495015	18.611711	3.357002	119.707912	-19.892633	-2.613174	-119.012989
231	1753709316.262770	178.608939	418.958962	164.678693	110.011101	420.541108	-165.908843	152.960643	155.825034	219.692007	75.158209	178.912744	-193.466738	176.426858	-26.202617	-289.492905	236.307904	-50.194304	328.230292	253.864974	-100.328624	359.047741	197.412431	-91.177903	-324.306577	289.435655	-105.801806	347.906470	236.124381	-97.589768	-308.559924	18.629443	3.355485	119.728640	-19.911421	-2.610947	-119.032435
232	1753709316.294713	179.469720	418.932080	164.640129	110.409319	420.376301	-165.962532	154.331103	155.666560	219.627410	75.827956	178.543165	-193.477303	177.243516	-26.297363	-289.496601	237.972766	-50.499484	328.052074	255.853981	-100.747354	358.830094	198.389113	-91.247693	-324.308932	291.390032	-106.251866	347.546875	237.014338	-97.622573	-308.555424	18.635787	3.341034	119.746067	-19.918649	-2.595586	-119.048722
233	1753709316.329805	179.662034	418.883741	164.607003	110.422753	420.350224	-166.011736	154.331297	155.482695	219.594926	75.718880	178.533837	-193.468794	177.053884	-26.393993	-289.497942	237.937674	-50.571516	327.955127	255.765051	-100.777999	358.802915	198.023215	-91.326229	-324.239939	291.184694	-106.283255	347.536683	236.743495	-97.770356	-308.542877	18.661277	3.358603	119.751610	-19.944422	-2.610087	-119.054057
234	1753709316.362470	180.044889	418.868721	164.602324	110.803314	420.328587	-166.081160	154.445007	155.306414	219.571352	75.998582	178.498507	-193.495989	177.280426	-26.461046	-289.480567	237.953156	-50.668601	327.896476	255.762219	-100.843050	358.757436	198.234677	-91.370858	-324.160188	291.165411	-106.333621	347.496778	236.941829	-97.826310	-308.436990	18.667964	3.357000	119.781069	-19.951960	-2.607569	-119.082868
235	1753709316.396879	181.716740	418.713778	164.591148	112.591594	420.240402	-166.095793	156.086072	154.939011	219.579726	77.737845	178.294778	-193.354607	179.249823	-26.525512	-289.471686	239.590064	-50.815672	327.907115	257.404655	-100.985080	358.746707	200.442836	-91.393851	-324.182868	292.909384	-106.415525	347.491294	239.161223	-97.848199	-308.478534	18.666092	3.352577	119.796515	-19.950029	-2.602475	-119.097777
236	1753709316.432114	179.434299	418.699205	164.565951	109.460369	420.305997	-166.168660	153.375044	154.910803	219.576702	73.982745	178.387836	-193.380952	175.478682	-26.604246	-289.337963	236.471668	-51.071931	327.886909	253.872603	-101.176389	358.767658	195.956945	-91.569684	-323.808253	289.219588	-106.739841	347.547472	234.667331	-98.135561	-308.054298	18.673521	3.378799	119.801253	-19.957758	-2.629032	-119.102165
237	1753709316.463871	179.632768	418.685675	164.505109	110.028997	420.239240	-166.224316	153.709233	154.772833	219.522417	74.826516	178.211272	-193.382561	176.332816	-26.719624	-289.361000	236.809015	-51.135585	327.868789	254.276842	-101.241045	358.753681	197.032541	-91.638386	-323.846042	289.617568	-106.773093	347.535253	235.646591	-98.177269	-308.083504	18.657807	3.383564	119.822472	-19.942040	-2.632887	-119.121909
238	1753709316.496405	180.388495	418.679118	164.372236	110.850744	420.069754	-166.319549	154.264361	154.732823	219.359040	75.521730	177.831292	-193.380713	177.028537	-26.871879	-289.460719	237.458587	-51.161386	327.806801	255.052418	-101.271555	358.575970	197.991863	-91.740519	-324.126601	290.652841	-106.790505	347.341031	236.507580	-98.233104	-308.404833	18.659266	3.366200	119.843341	-19.943848	-2.614310	-119.141683
239	1753709316.534024	181.390390	418.665797	164.363936	111.617506	419.845402	-166.227013	155.053690	154.575497	219.263211	76.083712	177.495882	-193.260834	177.392721	-27.090307	-289.468974	238.208190	-51.218346	327.749640	255.891472	-101.355523	358.377725	198.450148	-91.879800	-324.203551	291.629553	-106.836535	347.184598	236.933276	-98.349988	-308.525831	18.676627	3.332775	119.853340	-19.961169	-2.579100	-119.151600
240	1753709316.570729	180.859625	418.623149	164.076343	111.222595	419.874519	-166.972086	154.757857	154.442161	219.100714	75.918078	177.572817	-193.930119	176.953748	-27.120652	-289.847702	237.539053	-51.299352	327.499211	254.968643	-101.378821	358.326882	197.861984	-91.904774	-324.425697	290.426821	-106.868953	347.115964	236.327261	-98.381832	-308.634907	18.689688	3.338714	119.878940	-19.973563	-2.585011	-119.175635
241	1753709316.603340	181.293324	418.618530	163.950890	111.644238	419.866472	-167.043969	155.417636	154.217720	218.996584	76.416284	177.558452	-193.761215	177.450791	-27.072877	-289.843053	238.245130	-51.372267	327.397943	255.640537	-101.465948	358.212024	198.462695	-91.789886	-324.438572	291.130185	-106.930926	346.956491	236.955211	-98.272964	-308.669209	18.715899	3.333038	119.898975	-19.999111	-2.577655	-119.195007
242	1753709316.638546	181.748599	418.579191	163.978621	112.242579	419.795394	-166.953489	156.468719	154.071301	219.158053	77.484839	177.496314	-193.755865	179.711118	-27.092628	-289.772242	239.939302	-51.672697	327.415138	257.734686	-101.762623	358.203679	201.064602	-91.809012	-324.355483	293.237537	-107.191861	346.948564	239.517108	-98.286882	-308.592290	18.669942	3.302210	119.905673	-19.954376	-2.546947	-119.200960
243	1753709316.669246	182.100013	418.536663	163.889259	112.526961	419.753641	-167.107403	156.874180	154.032513	219.102368	77.705659	177.486181	-193.923578	179.996610	-27.213348	-289.885014	240.524709	-51.715001	327.399433	258.414328	-101.801276	358.201504	201.302946	-91.976695	-324.446857	293.861449	-107.247055	346.955955	239.794105	-98.472103	-308.701634	18.671097	3.307767	119.912505	-19.955579	-2.551693	-119.207218
244	1753709316.704427	181.989029	418.496102	163.875431	112.507574	419.706821	-167.234138	156.553507	153.999820	219.109818	77.575170	177.476093	-193.946064	179.773405	-27.311396	-289.875180	240.038529	-51.871981	327.286094	257.689685	-101.910181	358.159691	200.891331	-92.071854	-324.380130	293.022573	-107.406244	346.907169	239.410669	-98.593630	-308.650732	18.667545	3.347419	119.918026	-19.952510	-2.590122	-119.212009
245	1753709316.736295	182.528272	418.447077	163.853779	113.458693	419.516385	-167.296350	157.891288	153.877139	219.097495	79.317942	177.071020	-193.942681	181.718856	-27.333660	-290.028930	241.838306	-51.899258	327.301770	259.647489	-101.933055	358.152777	203.243330	-92.063703	-324.852586	295.323521	-107.429266	346.899629	241.563410	-98.515078	-309.140474	18.654067	3.305581	119.952202	-19.938776	-2.549243	-119.244277
246	1753709316.772676	182.586163	418.355733	163.833246	113.459133	419.486076	-167.394817	157.943323	153.752446	219.112471	79.279594	177.049056	-193.975687	181.658104	-27.352571	-290.185899	241.859064	-52.239202	327.546895	259.668827	-102.224931	358.704031	203.112602	-92.070527	-324.968576	295.308053	-107.816182	347.487211	241.479099	-98.516323	-309.335053	18.656937	3.315509	119.976930	-19.941317	-2.558157	-119.267389
247	1753709316.807173	182.624102	418.340713	163.675532	113.187470	419.471174	-167.456642	157.860965	153.718621	219.104335	78.135803	177.026033	-193.958074	180.245429	-27.397722	-290.200680	241.671234	-52.353498	327.563733	259.509057	-102.347456	358.756244	201.226771	-92.111848	-324.967921	295.103163	-107.958369	347.578198	239.862666	-98.572344	-309.382409	18.671395	3.335241	119.976737	-19.955872	-2.576332	-119.266182
248	1753709316.841890	182.679012	418.328166	163.660049	113.380358	419.421911	-167.551875	157.894433	153.685883	219.133794	78.422874	176.993296	-194.021687	180.921271	-27.417030	-290.222496	241.713822	-52.507073	327.585369	259.537756	-102.488995	358.793944	201.934919	-92.110202	-324.973822	295.150280	-108.146362	347.636074	240.532205	-98.554678	-309.407502	18.603934	3.339767	119.985022	-19.888459	-2.581032	-119.273268
249	1753709316.878340	181.462288	418.026954	163.645104	111.566238	419.406831	-167.568564	156.493872	153.546274	219.173968	75.997539	177.009508	-194.024816	178.339392	-27.431000	-290.226310	240.267769	-52.925847	327.660799	257.967561	-102.916256	359.024823	198.724449	-92.121653	-324.913889	293.497890	-108.698778	348.006785	237.528861	-98.571762	-309.390575	18.612284	3.376853	119.980313	-19.895872	-2.619293	-119.267680
250	1753709316.911110	181.780905	417.898417	163.774148	111.721545	419.379234	-167.368755	156.732246	153.461680	219.596550	76.059073	177.003220	-193.915531	178.462550	-27.453460	-290.184319	240.521938	-53.205177	327.923477	258.239776	-103.241220	359.259009	198.796615	-92.150949	-324.830621	293.849319	-109.024212	348.280996	237.632126	-98.608665	-309.362590	18.586390	3.369140	119.976752	-19.868787	-2.611272	-119.262531
251	1753709316.943125	182.296082	417.714119	163.796589	112.123236	419.037789	-167.268470	157.007486	153.428197	219.879076	76.234967	176.811159	-193.706587	178.476587	-27.666194	-290.160507	240.590766	-53.428207	328.336954	258.294672	-103.440732	359.749794	198.794603	-92.274621	-324.802309	293.866426	-109.305747	348.777115	237.639636	-98.780237	-309.369773	18.584020	3.370441	119.970590	-19.866562	-2.612651	-119.255297
252	1753709316.978495	182.651654	417.453945	163.810536	112.315081	418.891221	-167.242393	157.680184	153.144240	220.117167	76.470017	176.685229	-193.597108	178.538963	-27.706213	-290.209115	241.044208	-53.696230	328.817099	258.727431	-103.653848	360.418558	198.822573	-92.287175	-324.895561	294.154018	-109.541655	349.452794	237.684414	-98.792940	-309.573710	18.591847	3.370611	119.972333	-19.874694	-2.612696	-119.256213
253	1753709317.015074	182.705715	417.408824	163.801149	112.355150	418.872744	-167.247459	157.795444	153.092921	220.180526	76.510549	176.695183	-193.538502	178.563535	-27.662354	-290.128112	241.096675	-53.729914	328.833848	258.784473	-103.687912	360.472023	198.845133	-92.171520	-324.688256	294.155717	-109.570712	349.495560	237.704858	-98.687872	-309.459716	18.591225	3.369519	119.973719	-19.874098	-2.611157	-119.256683
254	1753709317.045789	182.702541	417.373091	163.842455	112.340905	418.852121	-167.214170	157.787457	153.061748	220.398173	76.494336	176.674098	-193.424553	178.585157	-27.670419	-289.931566	241.130888	-53.804528	328.927606	258.849561	-103.792086	360.573739	198.865324	-92.172854	-324.348599	294.211268	-109.672584	349.612653	237.740055	-98.685361	-309.205323	18.586265	3.384688	119.968049	-19.868800	-2.626479	-119.249888
255	1753709317.080700	182.866096	417.257071	163.899526	112.973034	418.704152	-167.206705	158.020899	152.907789	220.534965	77.880777	176.347360	-193.388537	180.028453	-27.770761	-289.821804	241.423428	-54.044448	328.954637	259.170294	-104.079492	360.538036	200.850442	-92.242464	-324.309409	294.642746	-109.886602	349.528939	239.394695	-98.712064	-309.080064	18.543936	3.352876	119.981810	-19.828666	-2.596359	-119.262710
256	1753709317.112981	184.500769	417.237312	163.906857	114.682689	418.571919	-167.184636	159.997895	152.846202	220.527470	79.858840	176.089153	-193.360195	182.600647	-27.795753	-289.819747	244.198143	-54.078631	328.944802	262.521327	-104.139231	360.408098	203.957930	-92.249587	-324.340582	298.114210	-109.915033	349.322110	242.552102	-98.706849	-309.127957	18.539671	3.333811	119.992591	-19.825147	-2.575920	-119.273201
257	1753709317.152202	184.012175	417.217523	163.972482	114.001200	418.544352	-167.162746	159.139097	152.830198	220.569745	78.900471	176.063567	-193.332627	181.413025	-27.910134	-289.715588	243.291557	-54.113232	328.929812	261.408418	-104.206204	360.403895	202.337787	-92.416182	-324.052513	296.945482	-110.016465	349.308312	241.023615	-98.851211	-308.857918	18.537629	3.342318	119.992539	-19.823205	-2.583799	-119.272418
258	1753709317.183416	184.078142	417.195678	164.077297	114.097349	418.355346	-167.071670	159.231901	152.804896	220.636129	79.153471	175.786316	-193.213686	181.690574	-27.962971	-289.402038	243.533894	-54.241013	328.955352	261.747032	-104.407087	360.363036	202.958584	-92.443116	-323.861122	297.367066	-110.191710	349.151909	241.498575	-98.848827	-308.524907	18.544368	3.258206	120.003164	-19.831460	-2.500132	-119.282886
259	1753709317.218923	184.101224	417.180985	164.154842	114.150606	418.332726	-167.066038	159.263581	152.787924	220.795557	79.170898	175.810888	-193.252772	181.711301	-28.000418	-289.404780	243.586302	-54.271303	329.067737	261.795193	-104.440838	360.662013	202.946827	-92.472456	-323.810458	297.357947	-110.218525	349.428326	241.504997	-98.898217	-308.501095	18.540431	3.264949	120.004766	-19.827364	-2.506276	-119.283840
260	1753709317.251077	184.122875	417.169690	164.170489	114.223786	418.283820	-167.077452	159.296945	152.784660	220.817313	79.277687	175.737485	-193.245202	181.962296	-28.017009	-289.456576	243.829161	-54.301329	329.180419	262.118548	-104.470693	360.706061	203.320414	-92.469618	-323.931009	297.691762	-110.245615	349.444985	241.914496	-98.873846	-308.652043	18.540908	3.243175	120.028310	-19.828321	-2.484262	-119.306587
261	1753709317.287256	184.329897	417.104930	164.177418	114.581354	418.118596	-167.078882	159.487724	152.749971	220.826492	79.626508	175.656199	-193.247378	182.246655	-28.101247	-289.460391	244.064420	-54.400016	329.173654	262.381703	-104.578331	360.639900	203.677595	-92.517786	-323.946923	297.926188	-110.349670	349.313676	242.250726	-98.902576	-308.661640	18.546443	3.215984	120.036609	-19.834120	-2.457024	-119.314387
262	1753709317.324627	183.373600	417.090178	164.188206	113.909110	418.105215	-167.153165	158.610806	152.734056	220.898375	78.962788	175.706863	-193.479329	181.496918	-28.117629	-289.778471	243.073672	-54.514904	329.177856	261.082709	-104.681432	360.699505	202.450752	-92.544325	-324.093372	296.323180	-110.527396	349.373996	241.227090	-98.955400	-308.813930	18.543923	3.271854	120.039873	-19.831359	-2.513278	-119.317122
263	1753709317.357718	183.148742	417.087704	164.280251	113.749303	418.092191	-167.095736	158.210784	152.760029	221.046925	78.734860	175.727829	-193.481043	181.345850	-28.159574	-289.717108	242.783442	-54.531723	329.206467	260.788828	-104.693748	360.705346	202.265844	-92.637353	-323.961228	296.052068	-110.539794	349.376976	241.074011	-99.057913	-308.652163	18.526150	3.270956	120.038174	-19.813400	-2.512530	-119.315095
264	1753709317.387456	183.228210	417.073518	164.301813	113.874733	418.026388	-167.101935	158.188045	152.757674	221.056387	78.748293	175.691098	-193.508178	181.322470	-28.328184	-289.827615	242.767230	-54.546941	329.219878	260.765374	-104.695246	360.710979	202.221751	-92.799209	-324.079961	296.041280	-110.539161	349.384725	241.046384	-99.236824	-308.805197	18.528456	3.261145	120.041862	-19.816253	-2.502321	-119.318597
265	1753709317.424767	183.206603	417.107254	164.309770	113.947131	418.028057	-167.147532	158.185080	152.750373	221.067652	78.892305	175.723463	-193.586424	182.042927	-28.282557	-289.914131	242.877439	-54.560393	329.095751	260.842830	-104.683399	360.594094	202.941716	-92.730381	-324.123502	296.158791	-110.525727	349.269420	241.863891	-99.150114	-308.914632	18.474102	3.259333	120.040633	-19.760419	-2.500379	-119.316548
266	1753709317.457769	183.659524	417.120397	164.317071	114.436172	418.010920	-167.166337	158.523291	152.754396	221.140668	79.143681	175.725386	-193.606541	182.252482	-28.340338	-289.990544	243.214563	-54.576769	329.118818	261.153191	-104.705326	360.626698	203.042224	-92.802621	-324.163079	296.426475	-110.555299	349.301457	242.035910	-99.265002	-309.011012	18.468454	3.273214	120.040521	-19.754555	-2.513176	-119.315825
267	1753709317.489536	183.575988	417.167664	164.270982	114.464305	418.038040	-167.295381	158.442706	152.773649	221.154094	79.168916	175.762072	-193.731382	182.472050	-28.406965	-289.996058	243.198007	-54.550536	328.905433	261.088997	-104.668774	360.415727	203.172028	-92.990190	-324.095130	296.395153	-110.512435	349.117607	242.231593	-99.484250	-308.956802	18.432293	3.293597	120.032683	-19.715862	-2.533730	-119.306676
268	1753709317.525279	183.323562	417.164534	164.329141	114.022680	418.083102	-167.240143	158.067569	152.790233	221.218109	78.740299	175.781369	-193.715721	182.204157	-28.423270	-289.944440	242.877141	-54.569356	328.851312	260.664970	-104.698457	360.217184	202.852428	-93.030564	-324.021727	296.193093	-110.533722	348.958433	241.893098	-99.499226	-308.867842	18.421412	3.270458	120.023817	-19.704251	-2.511586	-119.296797
269	1753709317.559079	182.341233	417.204827	164.436191	113.379136	418.088496	-167.176425	156.843692	152.996495	221.437916	78.139074	175.787956	-193.705410	181.555167	-28.438548	-289.786547	242.019579	-54.516234	328.861773	259.782404	-104.690753	360.207170	202.179894	-93.097255	-323.763698	295.372963	-110.527031	348.912746	241.212860	-99.560373	-308.490396	18.420279	3.271966	120.011434	-19.703288	-2.513127	-119.284451
270	1753709317.597189	182.200342	417.208910	164.671242	113.321178	418.078393	-167.091265	156.686291	153.034076	221.674889	78.116588	175.773501	-193.714917	181.398913	-28.627744	-289.767832	241.830081	-54.478366	328.835189	259.634823	-104.671635	360.126257	202.040866	-93.340345	-323.695004	295.109361	-110.473402	348.740697	241.062522	-99.799462	-308.329642	18.419316	3.271992	120.023504	-19.703014	-2.512932	-119.296886
271	1753709317.626028	181.938380	417.226076	164.704859	112.971775	418.073088	-166.865528	156.100437	153.140068	221.723735	77.546015	175.765246	-193.600431	180.705339	-28.773857	-289.351672	241.324365	-54.296549	328.810990	259.206176	-104.551628	359.984875	201.363519	-93.643785	-323.090464	294.652730	-110.293970	348.555952	240.380675	-100.129277	-307.624042	18.411510	3.277978	120.014057	-19.695753	-2.518540	-119.287655
272	1753709317.664595	181.938380	417.232215	164.843217	112.986244	418.137163	-166.809902	156.094998	153.155789	222.043410	77.539489	175.834700	-193.581671	180.695802	-28.738992	-289.289773	241.306394	-54.235514	328.816563	259.194702	-104.509607	359.959960	201.340675	-93.605496	-322.965026	294.604033	-110.162638	348.532379	240.369797	-100.078687	-307.505906	18.407162	3.279741	120.022096	-19.691786	-2.519820	-119.294956
273	1753709317.703627	183.159411	417.246759	164.930895	114.913113	418.091267	-166.705951	157.710090	153.164938	222.115278	79.607338	175.788194	-193.559051	182.689965	-28.746745	-289.269090	242.989659	-54.228976	328.814030	261.192203	-104.531594	359.843731	203.708291	-93.591869	-322.955877	296.548784	-110.153489	348.362595	242.634296	-100.016326	-307.495534	18.388879	3.256100	120.035931	-19.674111	-2.495276	-119.307362
274	1753709317.736435	183.292225	417.131066	164.995283	115.734786	418.006480	-166.684628	157.812983	153.091416	222.152889	80.740817	175.716043	-193.616748	183.725521	-28.884433	-289.353222	243.041694	-54.332353	328.926772	261.240393	-104.650132	359.896958	204.905182	-93.691602	-323.108345	296.618015	-110.239185	348.434120	243.725300	-100.098766	-307.592452	18.327620	3.252620	120.046318	-19.612996	-2.492269	-119.317412
275	1753709317.764464	183.608845	416.948229	165.018976	116.202042	417.987823	-166.652799	157.973066	152.969599	222.223371	81.128605	175.713062	-193.607152	184.214786	-28.898118	-289.148659	243.194982	-54.481100	328.977644	261.357069	-104.872808	359.925479	205.281302	-93.726613	-322.761476	296.839356	-110.399373	348.473787	244.171992	-100.125767	-307.206243	18.295424	3.253186	120.030835	-19.580169	-2.492576	-119.301021
276	1753709317.801232	183.512330	416.938961	165.122598	116.079800	418.001294	-166.563511	157.657593	152.983472	222.374707	80.858529	175.767973	-193.601578	183.592781	-28.941454	-289.146334	242.437884	-54.460935	329.079747	260.366708	-104.821607	360.080659	204.379514	-93.776286	-322.750211	295.780540	-110.346869	348.681420	243.332535	-100.199871	-307.197630	18.289980	3.252424	120.026916	-19.574832	-2.491692	-119.296812
277	1753709317.836116	183.559671	416.994989	165.172741	116.142966	417.997181	-166.437089	157.669604	153.116912	222.420111	80.900557	175.778106	-193.546399	183.581695	-28.892247	-289.075136	242.422372	-54.442152	329.131335	260.361373	-104.826525	360.084981	204.384565	-93.702331	-322.713166	295.774817	-110.347748	348.679364	243.323043	-100.072093	-307.145655	18.283067	3.239300	120.029725	-19.568112	-2.478605	-119.299561
278	1753709317.869035	184.434429	416.978151	165.390089	117.806390	417.975992	-166.278601	158.253178	153.108537	222.617358	82.440212	175.742120	-193.493322	185.086533	-28.905245	-289.018750	243.142530	-54.433666	329.288214	261.274308	-104.834273	360.104293	206.122562	-93.728594	-322.680563	296.929508	-110.318020	348.720610	245.052844	-100.080125	-307.093412	18.245030	3.196779	120.035693	-19.532377	-2.435798	-119.305454
279	1753709317.902061	184.040725	417.042077	165.527970	117.789790	418.060899	-166.217491	157.724738	153.209761	222.788408	82.471937	175.891533	-193.514690	185.185686	-28.910169	-288.996071	242.478624	-54.256417	329.408735	260.459036	-104.650758	360.191852	206.234440	-93.747817	-322.640449	296.134263	-110.091098	348.848283	245.147586	-100.110397	-306.988329	18.177720	3.189861	120.039463	-19.465193	-2.429191	-119.309038
280	1753709317.932387	184.251457	417.043984	165.661857	118.036456	418.077856	-166.104198	157.826573	153.211147	222.923905	82.673028	175.907433	-193.489820	185.336679	-28.916102	-288.837820	242.645934	-54.246247	329.622924	260.731578	-104.652725	360.314995	206.449643	-93.761481	-322.448403	296.440929	-110.067226	348.981023	245.355546	-100.119054	-306.701839	18.160503	3.182067	120.045073	-19.449193	-2.421063	-119.314775
281	1753709317.969358	184.141845	417.088658	165.943116	117.773809	418.098956	-165.790305	157.666966	153.295845	223.096311	82.467958	175.957397	-193.363607	185.044393	-28.891241	-288.495511	242.429212	-54.243147	329.777092	260.553658	-104.673654	360.411227	206.211910	-93.738362	-322.060466	296.230197	-110.076658	349.044412	245.068148	-100.068882	-306.206048	18.150691	3.153586	120.048761	-19.439673	-2.392103	-119.318575
282	1753709318.005462	184.486821	417.105675	166.009262	117.806636	418.146521	-165.710926	158.256948	153.305590	223.130271	82.494140	175.999776	-193.354741	185.035765	-28.708577	-288.473040	243.154109	-54.169562	329.822600	261.553854	-104.646102	360.436410	206.201956	-93.535155	-322.034389	297.156602	-109.987088	349.056393	245.061755	-99.745654	-306.173205	18.147364	3.141384	120.052204	-19.437118	-2.379218	-119.321749
283	1753709318.037302	185.641319	417.105734	166.093886	118.459165	418.129563	-165.514424	159.670025	153.209031	223.160058	82.790345	175.968423	-193.096504	185.098216	-28.533258	-288.398087	244.629398	-54.260310	329.883695	263.374388	-104.955949	360.444874	206.298262	-93.224496	-322.006226	298.787385	-110.120073	349.055082	245.186761	-99.322714	-306.158870	18.185202	3.135721	120.064981	-19.478086	-2.371635	-119.334146
284	1753709318.068524	187.077582	417.076141	166.126654	119.212911	417.949349	-165.272117	162.044615	153.040424	223.159358	83.712868	175.707147	-193.010733	185.968265	-28.517932	-288.379550	247.857064	-54.456096	329.896122	267.291546	-105.372258	360.278308	207.525596	-93.181029	-322.045207	302.988291	-110.373147	348.787904	246.318206	-99.193618	-306.203514	18.180277	3.066473	120.068111	-19.473931	-2.300304	-119.336851
285	1753709318.104934	186.652467	416.819215	165.951416	118.328303	417.950720	-165.294006	161.470607	152.568877	223.028257	82.612343	175.796285	-193.003684	184.484750	-28.475797	-288.333386	246.478334	-55.076096	329.793245	265.470147	-105.889775	360.248387	205.561295	-93.095087	-321.908414	300.675899	-110.968687	348.768890	244.370401	-99.151574	-306.136012	18.179549	3.063132	120.061465	-19.473454	-2.296238	-119.329162
286	1753709318.141568	186.626449	416.771233	165.935487	118.230298	417.955130	-165.347308	161.422521	152.510092	223.033994	82.394123	175.832823	-193.124980	184.181258	-28.442694	-288.523734	246.411547	-55.198710	329.773515	265.398234	-106.035613	360.238284	205.117628	-93.041152	-322.063267	300.522745	-111.130588	348.754942	243.992284	-99.116728	-306.379288	18.187791	3.076507	120.065406	-19.482357	-2.308080	-119.332798
287	1753709318.171978	186.613798	416.763932	165.956110	118.159458	417.957425	-165.298671	161.189184	152.528509	223.086759	82.077101	175.873280	-193.089709	183.449775	-28.429082	-288.488716	245.856032	-55.242468	329.780102	264.772594	-106.143765	360.197872	204.296172	-93.028329	-322.044253	299.878418	-111.202471	348.720133	243.145868	-99.107288	-306.368828	18.196525	3.072607	120.066002	-19.492451	-2.303704	-119.333401
288	1753709318.209816	186.538517	416.765094	166.225716	117.732517	418.152064	-165.044710	161.073536	152.573586	223.345816	81.351191	176.241055	-192.949563	182.802215	-28.191214	-288.231313	245.812550	-55.236679	329.877764	264.732242	-106.154025	360.309064	203.388199	-92.865750	-321.627736	299.840182	-111.211337	348.853439	242.348954	-98.993599	-306.054503	18.193379	3.070606	120.065063	-19.489700	-2.300828	-119.332232
289	1753709318.242131	186.232254	416.787505	166.291386	117.255986	418.270171	-164.933115	160.643205	152.653158	223.414540	80.628440	176.422164	-192.892775	182.035953	-28.080354	-288.123697	245.482206	-55.088729	329.898834	264.482379	-106.013678	360.329151	202.536970	-92.791036	-321.473628	299.527258	-111.056775	348.881334	241.576418	-98.937817	-305.923969	18.197641	3.073685	120.059885	-19.494420	-2.303372	-119.327016
290	1753709318.277225	185.864672	416.795433	166.315109	116.591841	418.453813	-164.914533	160.043672	152.714074	223.428428	79.830728	176.698357	-192.919701	181.633770	-27.828565	-288.044184	245.041788	-55.087045	329.874128	263.938904	-106.028318	360.317886	202.009425	-92.680797	-321.270496	299.232006	-111.089319	348.875105	241.112381	-98.815165	-305.740416	18.180344	3.065762	120.036893	-19.476518	-2.295000	-119.302712
291	1753709318.310407	185.629234	416.813284	166.331843	116.311565	418.487072	-164.928883	159.751654	152.851388	223.428041	79.603195	176.816985	-192.964092	181.333348	-27.808534	-288.072288	244.513139	-55.050444	329.837203	263.313681	-105.971701	360.304892	201.700240	-92.636988	-321.304321	298.470676	-111.070119	348.856717	240.812227	-98.783121	-305.795819	18.177690	3.056841	120.040365	-19.473806	-2.286559	-119.305760
292	1753709318.344287	185.500830	416.805685	166.383401	116.174690	418.497920	-164.854914	159.556031	152.905032	223.436028	79.518117	176.870555	-192.943215	181.215778	-27.704040	-288.076729	244.334906	-54.953262	329.885334	263.190836	-105.888069	360.310763	201.644987	-92.502564	-321.385980	298.315436	-110.963114	348.880172	240.729302	-98.629169	-305.880189	18.187340	3.019406	120.042793	-19.484945	-2.249678	-119.308457
293	1753709318.376962	185.479671	416.779488	166.375801	116.145127	418.507785	-164.840952	159.460992	152.912557	223.427325	79.473041	176.986828	-192.941263	181.126371	-27.676042	-288.071692	244.090930	-54.972608	329.939663	262.854576	-105.902404	360.357791	201.572880	-92.457682	-321.406871	298.001856	-110.983729	348.953545	240.662143	-98.608822	-305.930525	18.177593	3.006306	120.038815	-19.476291	-2.236248	-119.304620
294	1753709318.417416	184.783489	416.795194	166.375026	115.399167	418.654203	-164.852872	158.709690	152.953923	223.458603	78.724183	177.340135	-193.075031	180.523098	-27.324030	-288.064212	243.222103	-54.928869	329.859972	261.884391	-105.839401	360.307395	200.875938	-92.099190	-321.304232	296.794444	-110.915676	348.894328	239.996761	-98.229773	-305.826455	18.175902	3.007885	120.034374	-19.474586	-2.237345	-119.299747
295	1753709318.449753	185.727373	416.758299	166.396782	115.928434	418.629527	-164.813071	159.999758	152.937502	223.588690	79.402551	177.347258	-193.069175	181.117132	-27.256589	-288.059086	244.557023	-54.942980	329.950780	263.370246	-105.860122	360.325813	201.580226	-91.978610	-321.322560	298.415035	-110.918231	348.905057	240.669355	-98.067790	-305.853695	18.174991	2.973825	120.034970	-19.474121	-2.202981	-119.300045
296	1753709318.482867	185.721055	416.759163	166.383803	116.004333	418.633223	-164.801657	159.828767	152.961597	223.553210	79.394922	177.388132	-193.067893	180.832103	-27.240053	-288.323700	243.644133	-54.887034	329.978824	262.062460	-105.778731	360.420614	201.071948	-91.959164	-321.654439	297.129720	-110.858209	349.138260	240.151957	-98.056525	-306.360245	18.173365	2.966718	120.032400	-19.472882	-2.194782	-119.297273
297	1753709318.517681	186.312586	416.577488	166.158170	117.057219	418.562680	-165.072739	160.381928	152.807459	223.529100	80.400199	177.397609	-193.275794	181.730121	-27.224347	-288.664132	243.994355	-54.961674	330.005527	262.312919	-105.814315	360.507935	201.835886	-91.937989	-321.996838	297.362208	-110.891782	349.283546	240.981743	-98.041110	-306.837976	18.159974	2.967292	120.023824	-19.458981	-2.194850	-119.287707
298	1753709318.548615	186.465532	416.236073	166.117191	117.496110	418.463677	-165.099382	160.588056	152.628943	223.488808	81.193142	177.382439	-193.341389	182.378888	-27.215237	-288.844228	244.162530	-55.100765	330.137938	262.479514	-105.943255	360.598892	202.726141	-91.920227	-322.412342	297.562182	-110.990092	349.416852	241.741300	-98.026693	-307.191581	18.155001	2.931354	120.023817	-19.454384	-2.159321	-119.287401
299	1753709318.583952	186.487004	416.172028	166.252777	117.637828	418.466091	-165.018022	160.738274	152.474612	223.585874	81.789613	177.390486	-193.416670	183.445111	-27.117085	-289.063334	244.450137	-55.140961	330.326855	262.786448	-105.952330	360.739142	204.048678	-91.775000	-322.831392	298.045546	-110.988922	349.601448	242.959782	-97.836122	-307.516754	18.113706	2.891618	120.030180	-19.413635	-2.120681	-119.292997
300	1753709318.617726	187.246189	415.891379	166.228011	118.308119	418.449968	-165.071830	161.633626	152.186990	223.564267	82.316294	177.421987	-193.494901	183.988839	-26.953584	-289.164305	245.524362	-55.247743	330.341309	263.812542	-106.014147	360.817313	204.396829	-91.591224	-322.890997	299.165130	-111.053750	349.745512	243.385509	-97.652495	-307.651609	18.107694	2.880095	120.014817	-19.406918	-2.108404	-119.276300
301	1753709318.654765	188.738093	415.787488	166.183919	120.585926	418.307126	-165.064573	163.576990	151.972324	223.561585	84.893301	177.343264	-193.463251	186.907530	-26.556358	-289.132178	248.289093	-55.360161	330.434620	267.139167	-106.128991	360.807478	208.171248	-90.863898	-322.925150	302.922755	-111.075245	349.749058	246.750593	-96.671693	-307.687938	18.020313	2.854071	120.017871	-19.321602	-2.082063	-119.278707
302	1753709318.686257	188.743010	415.742844	166.122749	120.618276	418.376923	-165.126964	163.574591	151.819438	223.421156	84.934227	177.487493	-193.617091	186.890140	-26.280053	-289.612651	248.241365	-55.366244	330.392987	267.079353	-106.122613	360.684097	208.131120	-90.497486	-323.705882	302.848846	-111.000277	349.694222	246.721044	-96.306249	-308.459550	18.017184	2.826326	120.025828	-19.318663	-2.053818	-119.286008
303	1753709318.722768	188.873798	415.574700	166.120887	121.006921	418.361545	-165.130243	163.664177	151.509434	223.364741	85.431933	177.487761	-193.617240	187.040478	-26.260154	-289.689302	248.205006	-55.606425	330.409080	266.983092	-106.309250	360.716432	208.205789	-90.461992	-323.898464	302.744329	-111.155935	349.769533	246.780694	-96.282773	-308.631808	18.004894	2.818785	120.030522	-19.306568	-2.045963	-119.290039
304	1753709318.756566	189.293861	415.558845	166.102886	121.186435	418.301016	-165.109128	164.595023	151.277855	223.309815	85.688449	177.414924	-193.610862	187.407464	-25.866980	-289.750963	249.391794	-55.679739	330.377758	268.422097	-106.375709	360.588700	208.724126	-89.719258	-324.064136	304.167688	-111.163370	349.616081	247.273773	-95.264554	-308.867037	17.996525	2.795867	120.036386	-19.298596	-2.021983	-119.294927
305	1753709318.790737	190.251529	415.565908	165.672436	122.699596	418.285966	-165.165156	165.864244	151.195660	223.000810	87.039359	177.448779	-193.617448	188.930452	-25.231356	-289.754421	250.651151	-55.700194	330.236584	269.799620	-106.409252	360.426515	210.325122	-88.891253	-324.065179	305.492580	-111.172132	349.496186	248.775184	-94.370514	-308.880419	17.906316	2.812771	120.018899	-19.207222	-2.035682	-119.276024
306	1753709318.822274	189.776033	415.553927	165.531978	121.855646	418.697715	-165.173292	165.466353	151.030704	222.971067	86.226612	178.120241	-193.594813	188.308403	-24.518417	-289.280117	249.984339	-56.127552	330.184340	268.963963	-106.832556	360.393226	209.586456	-88.206835	-323.316306	304.499567	-111.574367	349.481016	248.030007	-93.747087	-308.134854	17.893717	2.815242	119.988091	-19.194296	-2.037438	-119.243331
307	1753709318.859988	190.235242	415.789962	165.433958	121.984594	418.754101	-165.173218	166.620895	151.012421	222.831503	86.423077	178.125143	-193.457380	188.969076	-23.785964	-289.015442	252.234966	-56.118153	329.895109	271.812677	-106.836960	359.970152	210.479110	-87.220348	-323.026896	307.444930	-111.534938	348.953903	248.983994	-92.488207	-307.987303	17.849054	2.812998	119.983330	-19.149570	-2.034120	-119.237848
308	1753709318.892694	190.572187	415.945977	165.295526	121.981278	419.026822	-165.208608	167.747632	151.004121	222.758308	86.455360	178.360462	-193.453461	189.184681	-22.791648	-288.914889	254.020810	-56.120135	329.852581	273.987859	-106.850199	359.903842	210.817993	-86.190648	-322.932065	309.581101	-111.537650	348.839492	249.364346	-91.339104	-307.889998	17.850205	2.814031	119.981170	-19.150725	-2.034201	-119.235225
309	1753709318.925369	190.551534	416.173518	165.244535	121.904351	419.552445	-165.203258	167.767256	151.019722	222.625673	86.373858	178.969264	-193.454072	189.113677	-21.904241	-288.898498	254.048735	-56.053378	329.816610	274.039984	-106.835350	359.865665	210.766107	-85.450262	-322.901964	309.616923	-111.486442	348.821849	249.317020	-90.590715	-307.856172	17.842587	2.806268	119.980127	-19.143194	-2.025101	-119.233593
310	1753709318.966572	190.866143	416.257262	165.233776	122.241408	419.557601	-165.055320	168.044895	151.020989	222.543761	86.662523	178.889036	-193.245605	189.302638	-21.874368	-288.892210	254.444510	-56.027535	329.877377	274.555445	-106.862299	359.830976	211.259738	-85.415646	-323.094875	310.534775	-111.475646	348.770916	249.770597	-90.526454	-308.007509	17.817229	2.791436	119.979098	-19.119121	-2.009494	-119.232439
311	1753709318.994399	190.933689	416.396827	165.192649	122.290097	419.676244	-165.052459	168.465719	151.038796	222.518161	86.869977	179.031819	-193.247050	189.805105	-20.963855	-288.907170	255.345911	-55.984817	329.870015	275.601536	-106.864698	359.742731	212.001964	-84.471449	-323.172331	311.706364	-111.432202	348.641694	250.487357	-89.382626	-308.067530	17.783755	2.775821	119.982317	-19.086078	-1.993458	-119.234934
312	1753709319.030789	190.926015	416.560054	165.179044	121.986516	419.754058	-164.917409	168.599367	151.072428	222.509980	86.666211	179.024667	-192.925870	189.780772	-20.271974	-288.890094	255.896598	-55.838238	329.927385	276.403874	-106.830329	359.727889	212.039798	-83.610207	-323.276132	312.671632	-111.297533	348.556399	250.526190	-88.245369	-308.182478	17.777065	2.749858	119.980812	-19.079940	-1.966472	-119.233526
313	1753709319.068568	191.360906	416.572094	165.081918	122.033089	419.782132	-164.864838	169.397101	151.039734	222.390458	86.665802	179.051027	-192.751929	189.774036	-19.829238	-288.885087	256.800205	-55.828910	329.922736	277.380973	-106.855869	359.608501	212.059408	-83.121590	-323.393226	313.737124	-111.287080	348.390520	250.545591	-87.720960	-308.324695	17.786700	2.735974	119.978100	-19.089980	-1.951623	-119.230464
314	1753709319.097533	191.389427	416.612834	165.051445	121.990889	419.790894	-164.810717	169.317141	151.105314	222.362638	86.430758	179.048255	-192.661375	189.437285	-19.823678	-288.836509	256.704032	-55.741154	329.855710	277.284354	-106.836289	359.186649	211.846203	-83.125256	-323.401302	313.682169	-111.173071	347.927541	250.340641	-87.729104	-308.332086	17.788529	2.718141	119.975708	-19.092590	-1.933262	-119.228326
315	1753709319.129250	191.416427	416.587591	165.043220	121.986650	419.791192	-164.779767	169.309869	151.094511	222.312525	86.426169	178.984329	-192.477643	189.350277	-19.899482	-288.950890	256.655455	-55.612538	330.007285	277.180284	-106.755987	359.240621	211.800262	-83.212703	-324.045658	313.623726	-111.037962	347.961336	250.307977	-87.899394	-308.923185	17.822765	2.710006	119.992450	-19.128138	-1.925119	-119.247504
316	1753709319.167829	191.462547	416.600347	165.025070	122.111514	419.797331	-164.633572	169.230118	151.113659	222.247437	86.460657	178.993449	-192.374989	189.264476	-19.920249	-288.952827	256.255150	-55.628140	330.021799	276.600450	-106.878079	359.203428	211.725667	-83.296016	-324.144721	313.204437	-111.124925	347.931474	250.199288	-88.030532	-308.981687	17.806282	2.696167	119.984061	-19.112431	-1.910952	-119.239569
317	1753709319.203351	191.408083	416.804373	164.912403	120.800167	419.920236	-164.581925	169.252351	151.231319	222.234040	84.553018	179.080442	-192.010745	187.832415	-18.905496	-288.444370	256.550103	-55.550169	330.001026	277.117372	-106.866822	359.124005	210.320488	-82.101926	-323.500812	313.500077	-111.095421	347.736776	248.913407	-86.720057	-308.561832	17.856035	2.688329	119.980581	-19.164182	-1.901815	-119.235560
318	1753709319.232720	191.893324	416.840374	164.914459	122.475624	419.973671	-164.434865	169.370100	151.221260	222.172290	85.662566	179.132670	-191.875383	188.196778	-18.845761	-288.473308	256.549060	-55.154677	329.998434	277.084470	-106.566861	359.042674	210.763052	-82.079142	-323.679566	313.504755	-110.454939	347.698838	249.304995	-86.717434	-308.684528	17.836023	2.681307	119.981579	-19.144151	-1.894198	-119.237013
319	1753709319.270352	192.298472	416.838825	164.771229	123.391002	419.996560	-164.413735	170.497060	151.126206	221.815944	86.395770	179.247007	-191.521272	188.689172	-17.971419	-288.339555	257.939368	-55.054139	329.999089	278.781146	-106.502824	359.036297	211.548612	-80.804490	-323.641866	314.978600	-110.295609	347.685188	250.058889	-85.473560	-308.666229	17.758345	2.712282	119.982131	-19.065535	-1.921164	-119.237222
320	1753709319.302015	192.297727	417.006403	164.512277	123.279907	420.054436	-164.463416	170.171261	151.193023	221.346870	85.951641	179.276258	-191.479281	187.645927	-17.981762	-288.352638	257.035762	-54.853760	329.557478	277.527541	-106.378369	358.460963	210.304096	-80.832303	-323.679328	313.699961	-110.141642	347.068071	248.866126	-85.547417	-308.737576	17.818961	2.721578	119.985469	-19.126223	-1.928101	-119.240798
321	1753709319.339317	193.019107	417.063445	164.488554	123.834230	420.075059	-164.353773	170.558736	151.209742	221.221611	86.131148	179.287240	-191.117734	187.652484	-17.973250	-288.202703	257.247299	-54.818876	329.385698	277.728587	-106.378868	358.077109	210.313827	-80.834493	-323.603898	313.980252	-110.122256	346.647948	248.877749	-85.561998	-308.681428	17.812269	2.715712	119.983897	-19.120010	-1.920447	-119.239084
322	1753709319.371728	193.420738	417.274743	164.534077	124.825746	420.134246	-164.194226	170.830429	151.354000	221.217811	86.967587	179.313570	-190.847188	188.509658	-17.964842	-287.939042	257.777959	-54.472320	329.382986	278.453737	-106.179781	358.055443	211.344361	-80.842122	-323.341161	314.860106	-109.793596	346.613765	249.941438	-85.576937	-308.423877	17.726725	2.713510	119.979620	-19.036122	-1.916985	-119.235218
323	1753709319.414084	193.628505	417.278975	164.439350	125.323862	420.144439	-164.348364	170.850277	151.300564	220.972836	87.338738	179.311961	-190.851986	188.670009	-17.962983	-288.143337	257.768542	-54.367106	329.368860	278.430074	-106.043667	358.027726	211.551651	-80.822803	-323.764801	314.840525	-109.505884	346.599162	250.116169	-85.556604	-308.855414	17.717160	2.723708	119.987369	-19.026201	-1.925322	-119.242869
324	1753709319.443364	193.561062	417.563111	164.306179	125.291109	420.268327	-164.457589	170.815900	151.366815	220.887288	87.308146	179.461390	-190.918624	188.624486	-17.719673	-288.344145	257.742941	-54.103758	329.243571	278.376907	-105.819687	357.884347	211.484119	-80.580883	-323.964417	314.781189	-109.193981	346.445352	250.031382	-85.330844	-309.096247	17.717214	2.741302	119.996369	-19.026225	-1.940004	-119.252056
325	1753709319.475068	193.726450	417.565972	164.274186	125.292435	420.280755	-164.474130	170.972556	151.295155	220.861986	87.313741	179.453328	-190.822452	188.607857	-17.602252	-288.352072	257.902592	-54.050826	329.454184	278.537661	-105.771422	358.140677	211.485028	-80.381624	-324.021518	314.953387	-109.086379	346.692115	250.030935	-85.106477	-309.148967	17.781567	2.745255	120.005779	-19.091299	-1.942368	-119.262032
326	1753709319.506103	194.773868	417.511463	164.241418	126.173690	420.285076	-164.459810	172.473803	151.050285	220.842630	88.473730	179.439977	-190.662965	189.665109	-17.514085	-288.316011	259.603053	-54.036383	329.677016	280.420750	-105.759181	358.374178	212.792233	-80.230519	-324.028581	317.004681	-109.056056	346.878856	251.308650	-84.972836	-309.148699	17.778186	2.732422	120.020285	-19.088013	-1.927495	-119.276941
327	1753709319.541447	194.821760	417.633593	164.245054	126.476601	420.361042	-164.453372	172.646821	151.046559	220.826641	89.001745	179.508373	-190.646887	190.390140	-17.160863	-288.309604	260.079920	-53.670470	329.680890	281.018496	-105.317160	358.373195	213.688165	-79.850040	-324.026406	317.660719	-108.386360	346.874893	252.100855	-84.498756	-309.121579	17.769221	2.721280	120.033361	-19.078994	-1.914304	-119.290717
328	1753709319.576319	194.777399	417.835325	164.237991	126.310766	420.473278	-164.383352	172.611579	151.083887	220.821083	88.854194	179.737389	-190.615863	190.221980	-16.519908	-288.197100	259.947866	-53.627498	329.609931	280.787438	-105.279572	358.303547	213.379383	-79.206333	-323.807955	317.387521	-108.343020	346.795529	251.762897	-83.807401	-308.950663	17.754728	2.718975	120.029859	-19.065095	-1.910961	-119.286850
329	1753709319.610985	195.115209	417.854190	164.211348	126.653820	420.482665	-164.329216	172.755018	151.004165	220.759213	88.951215	179.735467	-190.482780	190.220565	-16.478827	-288.175076	259.976894	-53.615037	329.549253	280.813605	-105.288975	358.186603	213.381439	-79.158179	-323.805958	317.443997	-108.326025	346.656591	251.759946	-83.779849	-308.947176	17.766576	2.715821	120.037563	-19.078329	-1.905910	-119.294740
330	1753709319.649708	195.291072	417.872846	164.195195	127.166793	420.489669	-164.348096	172.970504	150.969565	220.744923	89.984939	179.738507	-190.513805	191.395402	-16.445929	-288.168609	260.104626	-53.613670	329.545259	280.872017	-105.298929	358.177036	214.679047	-79.111084	-323.803216	317.550749	-108.314700	346.641570	252.920538	-83.715200	-308.918566	17.725993	2.703445	120.041952	-19.037772	-1.892236	-119.298503
331	1753709319.676867	195.085511	417.949796	164.157853	126.640394	420.514971	-164.398536	172.930285	150.965750	220.724016	89.779295	179.744288	-190.598786	191.159025	-16.395319	-288.401097	259.995520	-53.609382	329.501748	280.659497	-105.303787	358.153105	214.306876	-79.073310	-324.090242	317.296475	-108.319782	346.616089	252.522707	-83.661050	-309.216559	17.768504	2.694999	120.042078	-19.081822	-1.883415	-119.298480
332	1753709319.713407	194.682568	417.960554	163.978547	126.115486	420.522094	-164.801970	172.931314	150.938362	220.712319	89.800678	179.746643	-191.172719	192.129597	-16.404945	-288.429022	260.182440	-53.748637	329.371750	280.796111	-105.357774	358.131498	215.118587	-79.157524	-324.044466	317.336947	-108.463749	346.596777	253.353596	-83.755396	-309.171110	17.768312	2.684887	120.033436	-19.081276	-1.873754	-119.288541
333	1753709319.747615	194.655553	417.966336	163.963392	126.117989	420.474410	-164.812088	172.910705	150.935233	220.706090	89.955918	179.727808	-191.197053	192.275107	-16.529625	-288.427889	260.127664	-53.885460	329.449922	280.635923	-105.504617	358.222276	215.259328	-79.329714	-324.045271	317.186236	-108.686745	346.678406	253.453434	-83.977737	-309.161127	17.747011	2.677289	120.035738	-19.060452	-1.866131	-119.290426
334	1753709319.780921	194.324329	417.908758	163.771883	126.012325	420.386404	-165.157989	172.624037	150.825202	220.681846	89.954190	179.717347	-191.631049	192.287549	-16.792929	-288.643062	259.546429	-54.189153	329.431087	279.570788	-105.664223	358.270109	215.239391	-79.602621	-324.122459	315.736353	-108.977549	346.737206	253.431708	-84.387980	-309.245020	17.735396	2.710284	120.036319	-19.047895	-1.898253	-119.290151
335	1753709319.817978	193.647176	418.017358	163.732186	124.669269	420.376778	-165.185794	172.149062	151.087210	220.699817	89.226052	179.713428	-191.710487	191.934392	-16.725736	-288.626671	259.337455	-54.172713	329.415590	279.386669	-105.644964	358.264089	214.837566	-79.551041	-324.025303	315.524668	-108.981386	346.717298	252.988458	-84.259279	-309.147894	17.734185	2.687111	120.028250	-19.046839	-1.876404	-119.281285
336	1753709319.850317	189.095512	418.019354	163.657725	118.238337	420.455664	-165.528283	166.149557	151.245669	220.751941	82.677782	179.979101	-192.130536	186.413586	-16.726520	-288.910568	252.439976	-54.135762	329.426497	270.941645	-105.466805	358.683258	207.542673	-79.660073	-324.045748	306.887478	-108.978227	347.293645	245.937929	-84.455512	-309.202343	17.806888	2.700983	120.002262	-19.111779	-1.891649	-119.253531
337	1753709319.882716	188.253939	417.732298	163.491651	117.451899	420.238614	-165.926397	165.939331	151.097447	220.761523	82.619935	179.913983	-192.687571	186.333656	-16.818650	-289.674580	252.172083	-54.414481	329.446882	270.595938	-105.549254	358.964175	207.457751	-79.747759	-324.666023	306.196392	-109.236427	347.554594	245.817095	-84.558465	-309.809864	17.890133	2.703083	119.997777	-19.191027	-1.895279	-119.248182
338	1753709319.918566	187.960297	417.634666	163.473651	117.204070	420.219630	-165.931195	166.026875	151.081309	220.940009	82.733646	179.913729	-192.730635	186.356694	-16.894072	-289.736420	252.131373	-54.410815	329.472572	270.522118	-105.473571	359.080136	207.468987	-79.841360	-324.692458	305.945605	-109.218143	347.691357	245.825544	-84.702246	-309.835196	17.904706	2.690916	119.989179	-19.204415	-1.885030	-119.238079
339	1753709319.949033	186.455220	417.661846	163.481787	115.912832	420.230359	-165.885314	165.318817	151.195467	221.067175	82.321413	179.933682	-192.737058	186.279669	-16.894838	-289.690912	251.837432	-54.249816	329.482704	270.370692	-105.176084	359.087110	207.483843	-79.866812	-324.611008	305.787027	-108.981237	347.711146	245.816052	-84.727064	-309.744090	17.900025	2.652372	119.979002	-19.199630	-1.850545	-119.227223
340	1753709319.985780	186.512157	417.652309	163.525432	116.493642	420.170158	-165.838584	165.755630	151.185602	221.276715	84.102370	179.801807	-192.722291	188.531458	-16.944423	-289.661407	252.642095	-54.330900	329.714715	271.417379	-105.271265	359.226316	210.350677	-79.924852	-324.617624	306.999892	-109.092399	347.866237	248.425543	-84.772989	-309.738487	17.776916	2.618883	119.978875	-19.077091	-1.820463	-119.226277
341	1753709320.020004	186.531395	417.653412	163.572028	116.567247	420.148581	-165.737107	165.426835	151.209518	221.356750	83.957985	179.784939	-192.718923	188.174784	-17.150411	-289.621979	251.952738	-54.322250	329.762489	270.698965	-105.243132	359.261572	209.914804	-80.233857	-324.535638	306.309074	-109.080493	347.939968	248.008668	-85.118972	-309.639215	17.773276	2.594671	119.972989	-19.073399	-1.797579	-119.219810
342	1753709320.054950	186.336249	417.658508	163.651735	116.638377	420.117766	-165.728942	165.292084	151.244789	221.422002	84.155336	179.743528	-192.882627	188.487351	-17.624075	-289.682806	251.926124	-54.305512	329.821676	270.729721	-105.191819	359.297544	210.339889	-80.955893	-324.615747	306.368232	-109.051190	348.015487	248.406380	-85.876189	-309.652150	17.720899	2.567043	119.972706	-19.019697	-1.774116	-119.219117
343	1753709320.087948	185.842663	417.690605	163.843945	116.382882	420.118839	-165.657550	164.652020	151.342079	221.695811	83.935060	179.740041	-192.906722	188.249066	-17.792227	-289.633065	251.120567	-54.215439	329.820156	269.904226	-105.022319	359.299570	210.027516	-81.227630	-324.454486	305.505544	-108.929522	348.022103	248.119101	-86.148463	-309.408873	17.715281	2.541888	119.970486	-19.013666	-1.751327	-119.216606
344	1753709320.119447	185.632199	417.766452	163.926750	116.399281	420.113742	-165.612012	164.478078	151.412815	221.784964	83.956346	179.726243	-192.909837	188.332215	-17.765120	-289.559722	250.929505	-54.156598	329.835206	269.799948	-104.954720	359.302878	210.245579	-81.164941	-324.385226	305.396259	-108.846985	348.025769	248.275653	-86.036891	-309.298992	17.710989	2.501521	119.984135	-19.009700	-1.713300	-119.230129
345	1753709320.156949	184.583828	417.820215	163.958460	114.654548	420.360148	-165.595874	163.466781	151.466712	221.849069	81.931077	179.984972	-192.981258	186.643898	-17.453266	-289.561808	249.749571	-53.921185	329.780191	268.469572	-104.602024	359.302759	208.052382	-80.931962	-324.293017	304.019421	-108.521618	348.035634	246.322691	-85.724987	-309.230685	17.719865	2.483052	119.972035	-19.016819	-1.695234	-119.215824
346	1753709320.188554	184.988275	417.765468	164.016753	115.131363	420.247853	-165.583789	164.556935	151.369333	222.044051	82.670793	179.881409	-193.076178	187.400833	-17.390430	-289.613485	251.256764	-53.928975	329.834044	270.568460	-104.606263	359.322876	209.097296	-80.769360	-324.362308	305.843115	-108.506896	348.044157	247.265264	-85.452780	-309.273481	17.722968	2.473096	119.980313	-19.020259	-1.685677	-119.223386
347	1753709320.225967	184.927091	417.760849	164.377406	115.063168	420.281321	-165.049583	164.429516	151.396260	222.322747	82.623594	179.987013	-192.997992	187.177032	-17.412806	-289.352030	250.783354	-53.909618	330.035627	270.021319	-104.553737	359.498471	208.887532	-80.816448	-324.114054	305.310071	-108.475015	348.234951	247.019574	-85.525393	-308.893830	17.710915	2.420988	119.976141	-19.007996	-1.636550	-119.218916
348	1753709320.257566	185.015887	417.823344	164.440051	115.044184	420.363903	-164.848611	164.733529	151.403576	222.399443	82.456306	180.087030	-192.958549	186.678737	-16.708385	-289.354563	251.171738	-53.898089	330.208540	270.555019	-104.546256	359.754533	208.232209	-79.913177	-324.104667	305.908769	-108.468145	348.528683	246.467561	-84.458970	-308.913857	17.705685	2.390789	119.971029	-19.003056	-1.605241	-119.212531
349	1753709320.294742	185.036406	417.773455	164.593041	115.029402	420.378983	-164.631084	164.885506	151.371762	222.564325	82.467511	180.138916	-192.970142	186.676174	-16.680431	-289.392859	251.280278	-53.925537	330.232382	270.703524	-104.558602	359.765112	208.236799	-79.879664	-324.172318	306.038409	-108.482257	348.540872	246.475980	-84.434316	-308.993757	17.705303	2.329268	119.964056	-19.002972	-1.546068	-119.205154
350	1753709320.327780	185.745552	417.827725	164.871365	116.323300	420.382172	-164.206088	166.249290	151.364043	222.584322	83.895683	180.095688	-192.560285	187.882438	-16.657339	-289.354980	253.131032	-53.806826	330.264986	272.967368	-104.456969	359.770089	209.980875	-79.802923	-324.239463	308.854431	-108.286723	348.542809	248.172939	-84.332801	-309.063017	17.553588	2.272269	119.975209	-18.855827	-1.489098	-119.215891
351	1753709320.360787	184.908420	417.817175	164.884284	113.998704	420.800447	-164.232194	165.759027	151.298761	222.715184	81.677124	180.486619	-192.575395	186.503202	-16.605655	-289.353162	252.561688	-53.842511	330.243886	272.172570	-104.450308	359.781832	208.102211	-79.782523	-324.188590	307.771116	-108.294584	348.567456	246.665448	-84.337957	-309.052944	17.604284	2.259454	119.968310	-18.903162	-1.476834	-119.207650
352	1753709320.398531	184.850872	417.981833	165.281296	114.000164	420.980453	-164.041921	165.759355	151.389673	222.941011	81.745811	180.654034	-192.499816	186.877385	-16.039783	-289.175272	252.763599	-53.811617	330.461532	272.491783	-104.410067	359.890163	208.878711	-79.096988	-324.147761	308.297366	-108.247988	348.640859	247.282520	-83.454765	-308.967471	17.553646	2.176136	119.976826	-18.854683	-1.397211	-119.215533
353	1753709320.431965	185.007364	418.087333	165.255487	114.127643	421.179682	-164.034009	165.756434	151.383728	222.859025	81.731908	181.058794	-192.539528	186.686367	-15.693473	-289.271474	252.577484	-53.807799	330.184728	272.182703	-104.389049	359.668076	208.560511	-78.659005	-324.210912	307.959676	-108.225122	348.490417	246.997669	-83.107240	-309.119433	17.522268	2.172488	119.973063	-18.822759	-1.392984	-119.210757
354	1753709320.467586	184.918195	418.096662	165.275902	113.986075	421.306700	-164.003998	165.682927	151.370168	222.875178	81.518978	181.263685	-192.525715	186.605215	-15.188045	-289.240152	252.571672	-53.766519	330.198884	272.180378	-104.227483	359.719813	208.452791	-78.046545	-324.159473	307.953238	-108.061507	348.597109	246.910766	-82.481623	-309.111655	17.501092	2.162539	119.963601	-18.800536	-1.383373	-119.199917
355	1753709320.495525	185.189381	418.107629	165.242925	114.006154	421.318471	-163.976312	165.758818	151.358694	222.601950	81.255905	181.289494	-192.427382	185.904920	-15.079704	-289.256245	252.597302	-53.771440	330.139935	272.215545	-104.225680	359.668821	207.734272	-77.838987	-324.289948	307.983458	-108.076237	348.539203	246.191770	-82.331754	-309.397191	17.537322	2.152678	119.957708	-18.837487	-1.373603	-119.193904
356	1753709320.533498	184.527427	418.115228	165.250465	112.683676	421.379268	-163.952827	164.925024	151.381031	222.576365	79.534665	181.406394	-192.334980	183.908477	-14.990063	-289.215177	251.635283	-53.768136	330.119133	271.112859	-104.202107	359.672189	205.633685	-77.667832	-324.268371	306.540430	-108.072877	348.540634	244.103670	-82.208999	-309.396803	17.586056	2.158358	119.955361	-18.886184	-1.379808	-119.191460
357	1753709320.566242	183.746278	418.294668	165.271506	111.825287	421.737224	-164.097577	163.693130	151.580632	222.653911	78.588031	181.785822	-192.722455	183.580339	-14.927538	-289.410859	250.660658	-53.582326	330.067873	269.943655	-103.836492	359.673709	205.180243	-77.634886	-324.328005	305.250615	-107.805453	348.544776	243.796542	-82.183979	-309.473306	17.595882	2.169413	119.953051	-18.894352	-1.392327	-119.188502
358	1753709320.599845	183.576822	418.298721	165.365532	110.638887	421.747088	-163.933545	163.204178	151.746139	222.665012	76.596655	181.799099	-192.584768	181.185171	-14.924870	-289.412349	250.330746	-53.502534	330.266237	269.753188	-103.736423	359.983712	202.763170	-77.628642	-324.361920	304.977745	-107.779637	348.803073	241.529152	-82.190111	-309.551179	17.737269	2.165970	119.948082	-19.037038	-1.389279	-119.183876
359	1753709320.632457	183.301151	418.254018	165.406540	109.939016	421.846032	-163.893312	162.746668	151.742056	222.663522	75.701199	181.956902	-192.571595	179.826960	-14.914921	-289.454043	249.525100	-53.525858	330.274910	268.816859	-103.723839	360.076576	201.100051	-77.619106	-324.405313	303.796947	-107.796319	348.919958	239.996299	-82.197420	-309.637100	17.788816	2.163487	119.943351	-19.087333	-1.387207	-119.178802
360	1753709320.669350	182.679862	418.259233	165.415943	108.976513	422.252864	-163.992986	162.033126	151.845574	222.709537	74.804977	182.556689	-192.743912	179.455414	-14.578364	-289.526463	248.988256	-53.281207	330.250740	268.124998	-103.321254	360.086083	200.585514	-77.379726	-324.416667	303.101182	-107.458413	348.942786	239.583448	-82.000472	-309.659123	17.826594	2.173071	119.936652	-19.121569	-1.398081	-119.171657
361	1753709320.704007	180.833414	418.318152	165.544987	106.039181	422.442049	-163.938656	159.600213	151.938260	222.742364	71.789995	182.757780	-192.788243	176.600054	-14.564242	-289.720923	246.555671	-53.272262	330.243558	265.584350	-103.269033	360.100687	197.629616	-77.368587	-324.636251	300.600260	-107.448943	348.952830	236.698866	-81.996866	-309.889793	17.933508	2.154896	119.934201	-19.227736	-1.382255	-119.169317
362	1753709320.742186	180.763140	418.317080	165.647507	105.925523	422.545522	-163.891703	159.433171	151.945800	222.794577	71.689345	182.890713	-192.851454	176.548034	-14.535790	-289.948076	246.442243	-53.429253	330.529481	265.532851	-103.410378	360.449791	197.669640	-77.351615	-325.029135	300.594896	-107.678220	349.292815	236.722440	-81.992440	-310.220331	17.943956	2.140457	119.942240	-19.238828	-1.369317	-119.177453
363	1753709320.768952	181.122288	418.303490	165.952906	106.667861	422.565073	-163.711160	159.881264	151.952684	222.981274	72.633319	182.909891	-192.938313	177.692711	-14.538317	-290.193647	247.162953	-53.422742	330.808938	266.490281	-103.390917	360.733509	198.985741	-77.379040	-325.358003	301.772654	-107.659109	349.612296	238.102615	-82.040049	-310.524911	17.943691	2.082631	119.945429	-19.238457	-1.314255	-119.180448
364	1753709320.805612	181.294039	418.226421	166.169584	107.145227	422.567219	-163.625017	160.759181	151.834130	223.243430	74.109726	182.790250	-192.920163	180.837870	-14.536485	-290.196151	249.729291	-53.620502	331.104994	269.832402	-103.649043	360.800683	203.186765	-77.393748	-325.435191	305.623233	-107.828915	349.670529	242.158100	-82.041867	-310.561687	17.947087	2.000882	119.951129	-19.242104	-1.237723	-119.186208
365	1753709320.841379	181.765109	418.324769	166.251540	108.068183	422.594279	-163.611397	161.516905	151.896909	223.256633	75.092070	182.812333	-193.122864	181.758866	-14.490839	-290.985703	250.785977	-53.599641	331.114888	271.031618	-103.636459	360.819697	204.102367	-77.349462	-326.483667	306.981087	-107.823506	349.685401	243.104964	-81.995286	-311.703980	17.931139	1.982629	119.960450	-19.226113	-1.219714	-119.195089
366	1753709320.874571	183.733568	418.450832	166.268513	111.898743	422.598064	-163.554579	163.629070	151.889220	223.172635	78.208208	182.775617	-193.017647	184.174404	-14.407157	-290.806085	252.872974	-53.600200	330.978096	273.333520	-103.666335	360.463172	206.924111	-77.211872	-326.404899	309.762686	-107.825011	349.247277	245.690718	-81.801809	-311.638564	17.793879	1.962579	119.965203	-19.090060	-1.198384	-119.199537
367	1753709320.909069	183.791667	418.629110	166.284770	111.888573	422.545135	-163.530841	164.122418	151.967183	223.180026	78.279659	182.554692	-192.915201	184.526443	-14.092172	-290.733427	254.148513	-53.555008	330.830306	274.992079	-103.656538	360.144734	207.375139	-76.687731	-326.351434	311.319023	-107.806467	348.785043	246.097684	-80.992475	-311.635315	17.803034	1.918466	119.976327	-19.100428	-1.154657	-119.210325
368	1753709320.939765	185.204774	418.638617	166.298956	114.102662	422.387481	-163.541853	165.353641	151.979044	223.187402	80.284588	182.273760	-192.951739	186.446831	-14.240697	-290.688068	255.616963	-53.466685	330.845296	276.566863	-103.569493	360.126972	209.505349	-76.819591	-326.316565	313.062787	-107.646890	348.762959	248.173758	-81.085414	-311.597317	17.741617	1.902299	119.990274	-19.038809	-1.138586	-119.224302
369	1753709320.977536	185.435861	418.669790	166.117385	114.532523	422.377497	-163.866296	166.032970	151.956141	223.194808	81.316233	182.242766	-193.100512	188.751593	-13.911808	-290.772736	256.811231	-53.475253	330.772132	277.719408	-103.573792	360.106707	211.796135	-76.383561	-326.336384	314.045042	-107.650422	348.712176	250.588715	-80.564797	-311.662674	17.724186	1.901987	119.991034	-19.020800	-1.138084	-119.224772
370	1753709321.009255	189.180419	418.604165	166.073322	119.922251	422.146022	-163.887933	170.057222	151.731119	223.017588	86.045124	181.824431	-192.982584	192.512110	-13.950137	-290.730298	261.328638	-53.422015	330.792606	282.834202	-103.544116	360.109806	216.085225	-76.390460	-326.345801	319.562465	-107.501805	348.704815	254.905820	-80.580018	-311.672986	17.643927	1.895763	120.024033	-18.941844	-1.131399	-119.259208
371	1753709321.046211	189.909175	418.617845	166.109756	120.110780	422.100157	-163.813934	170.978501	151.724607	223.064959	86.342335	181.656688	-192.863256	192.914203	-13.943830	-290.386111	262.431890	-53.434633	330.779701	284.085482	-103.615239	360.060215	216.398716	-76.386139	-325.893492	320.679784	-107.539438	348.574132	255.268395	-80.568202	-311.243534	17.624659	1.883201	120.024808	-18.923406	-1.117763	-119.259842
372	1753709321.078334	189.859524	418.668240	166.133061	120.011725	422.082871	-163.781196	170.913950	151.733562	223.092258	86.233310	181.585938	-192.859635	192.947119	-13.930465	-290.346205	262.335837	-53.405900	330.789804	283.962458	-103.604443	360.055655	216.475651	-76.377086	-325.865358	320.504129	-107.517302	348.551869	255.307257	-80.543853	-311.199933	17.615575	1.869080	120.026290	-18.914741	-1.103756	-119.261608
373	1753709321.115582	189.668730	418.672800	166.056260	119.934276	422.065675	-163.820431	170.603901	151.727378	222.982436	86.181469	181.576401	-192.938700	192.864135	-13.953535	-290.396690	261.816472	-53.359881	330.779910	283.254504	-103.523366	360.071868	216.347441	-76.399758	-325.889975	319.618940	-107.457601	348.568529	255.187958	-80.575980	-311.229855	17.600678	1.875672	120.025963	-18.898536	-1.110251	-119.261093
374	1753709321.147914	190.449998	418.955982	166.068614	121.217564	422.094345	-163.846716	171.808332	151.836529	222.962514	87.594815	181.565538	-192.921683	194.871083	-13.607851	-290.369302	264.479369	-52.857395	330.775291	286.577314	-103.167064	360.048562	218.626872	-76.007187	-325.878531	323.375851	-106.839076	348.530114	257.554561	-80.038518	-311.232030	17.467674	1.870005	120.039329	-18.766310	-1.104173	-119.274057
375	1753709321.179446	190.398008	419.020861	166.077659	121.119656	422.322273	-163.849950	171.767294	151.843280	223.076314	87.510653	181.936994	-192.966774	194.829509	-13.330775	-290.385634	264.313072	-52.850112	330.858946	286.361039	-103.145666	360.381961	218.462288	-75.767025	-325.845182	323.194176	-106.835343	348.910719	257.403940	-79.864942	-311.224490	17.458251	1.874735	120.039061	-18.755648	-1.108195	-119.273186
376	1753709321.215485	190.392971	419.043690	166.092634	121.231966	422.315568	-163.802996	171.932012	151.845604	223.078877	87.960757	181.833386	-192.864224	195.406407	-13.309308	-290.316820	264.611453	-52.729983	330.925494	286.627948	-103.031904	360.402822	219.196334	-75.714231	-325.833648	323.444992	-106.659912	348.922580	258.083224	-79.781197	-311.214954	17.378466	1.861788	120.042846	-18.676182	-1.094866	-119.276866
377	1753709321.248674	189.877450	419.064075	166.107938	120.862283	422.356099	-163.811877	171.677515	151.887417	223.103449	87.873168	181.852356	-192.871615	195.345566	-13.328431	-290.152848	264.436096	-52.715454	330.992550	286.452889	-103.021502	360.546976	219.109342	-75.799413	-325.509727	323.122293	-106.668025	349.068880	257.990658	-79.911530	-310.803354	17.372353	1.863549	120.046914	-18.669574	-1.096888	-119.280525
378	1753709321.286911	189.316735	419.157803	165.992886	120.258771	422.515750	-163.967252	171.066523	151.937619	223.030850	87.562524	181.994572	-192.957684	195.253670	-13.306330	-290.114313	263.729453	-52.691128	330.881685	285.446674	-102.988072	360.505223	218.967870	-75.801603	-325.355262	322.006941	-106.656559	349.031568	257.897943	-79.921342	-310.641319	17.378123	1.862042	120.040625	-18.673832	-1.095436	-119.274132
379	1753709321.320138	189.546943	419.376701	166.027278	120.500885	422.543287	-163.868994	171.208963	152.128041	223.025605	87.631918	181.999475	-192.811966	195.210010	-13.053454	-289.989382	263.734102	-52.240476	330.841988	285.456061	-102.693491	360.351294	218.905687	-75.547554	-325.298131	322.048962	-106.210761	348.802567	257.824928	-79.569817	-310.572952	17.363004	1.843260	120.044529	-18.659169	-1.075332	-119.278237
380	1753709321.353621	189.105898	419.457585	166.028455	120.145924	422.614574	-163.947746	170.772329	152.274221	223.065272	87.393351	182.183847	-193.021670	195.077240	-12.647407	-290.027320	263.102889	-52.097034	330.623507	284.686297	-102.554671	360.157907	218.653485	-75.187676	-325.279564	320.897639	-106.056452	348.605484	257.580817	-79.123460	-310.549825	17.372379	1.861434	120.045573	-18.667497	-1.093687	-119.278863
381	1753709321.384745	187.324479	419.474334	166.207984	118.749060	422.637045	-163.959876	169.018462	152.430847	223.341942	86.776495	182.195798	-193.124786	194.738135	-12.632688	-290.041327	261.210561	-52.039672	330.621392	282.503963	-102.470979	360.146552	218.218222	-75.174928	-325.269878	318.484336	-105.981410	348.602444	257.101893	-79.088360	-310.527772	17.368576	1.857092	120.049514	-18.663365	-1.090640	-119.282417
382	1753709321.420877	185.438484	419.730783	166.199788	117.031522	422.739267	-164.145648	165.856138	152.633518	223.428547	84.662572	182.304621	-193.521947	192.807600	-12.625756	-290.214121	256.581604	-51.963784	330.479652	277.024716	-102.335237	360.137492	215.510726	-75.182028	-325.256348	312.372416	-105.916642	348.599613	254.580110	-79.116538	-310.516447	17.377254	1.936368	120.050624	-18.670468	-1.170243	-119.283229
383	1753709321.453117	185.468718	419.745296	166.196018	117.088534	422.721237	-164.271787	165.780485	152.648881	223.370790	84.653154	182.305545	-193.672150	192.681313	-12.808134	-290.243775	256.008416	-51.946491	330.113679	276.284724	-102.311581	359.834552	215.287328	-75.420722	-325.240403	311.530501	-105.895877	348.355800	254.297763	-79.439953	-310.493380	17.399518	1.959590	120.056018	-18.692516	-1.192341	-119.288519
384	1753709321.489182	185.606778	419.884801	166.305766	117.366910	422.721773	-164.261803	165.797725	152.812600	223.408103	84.948830	182.309642	-193.694264	192.802384	-12.800451	-290.042907	255.960673	-51.907189	329.965800	276.274651	-102.296986	359.591454	215.469465	-75.422749	-324.824244	311.565936	-105.881982	348.060936	254.363418	-79.432815	-309.850246	17.396497	1.959391	120.072670	-18.689757	-1.191868	-119.304672
385	1753709321.525410	184.853226	420.336455	166.302785	116.689570	422.816277	-164.398372	164.497480	153.203115	223.392352	84.040396	182.532430	-194.172233	191.829249	-12.590672	-290.358126	253.993779	-51.743649	329.499811	274.063259	-102.141306	359.410673	214.042380	-75.243592	-324.845403	309.239924	-105.779991	347.893506	252.868980	-79.230957	-309.886634	17.400224	2.013419	120.074958	-18.692730	-1.244226	-119.306527
386	1753709321.560071	184.088081	420.494020	166.271597	115.797341	423.188329	-164.577320	163.950503	153.356776	223.438680	83.133556	183.279291	-194.706306	191.160992	-11.924985	-290.367335	253.621221	-51.675025	329.211652	273.681521	-102.104612	359.312564	213.026911	-74.791655	-324.504793	308.758199	-105.754480	347.778261	251.872599	-78.763910	-309.498817	17.403837	2.081788	120.065987	-18.694473	-1.309042	-119.296208
387	1753709321.593277	182.119876	420.739174	166.249350	113.762163	423.381478	-164.801165	162.000671	153.581917	223.394141	81.000760	183.789760	-195.310250	188.636765	-11.648409	-291.062564	250.734687	-51.333573	328.929216	269.875824	-101.624958	359.325141	209.334999	-74.599244	-324.633181	304.430574	-105.504550	347.831219	248.446792	-78.613967	-309.717089	17.462933	2.190113	120.061219	-18.747497	-1.415131	-119.290352
388	1753709321.628246	180.339888	420.794368	166.141719	112.414636	423.443496	-165.152982	159.657955	153.656602	223.344699	79.846367	183.902845	-195.889816	187.799081	-11.692952	-291.234910	247.818708	-51.312234	328.405380	266.257823	-101.553589	359.131157	208.261520	-74.739203	-324.624360	301.172286	-105.487600	347.720027	247.271925	-78.783318	-309.698373	17.454935	2.249905	120.050199	-18.735532	-1.476195	-119.277693
389	1753709321.664201	179.938525	420.828342	166.021690	112.030677	423.456162	-165.668473	159.048855	153.722689	223.265797	79.427838	183.920309	-196.585283	187.662184	-11.699274	-291.689694	247.250304	-51.272221	327.682257	265.677243	-101.507343	358.625352	208.065644	-74.790925	-324.748784	300.775230	-105.463237	347.290158	247.020587	-78.828394	-309.858322	17.456615	2.279009	120.048083	-18.735409	-1.504669	-119.274400
390	1753709321.696775	179.829359	420.853108	166.030973	111.764029	423.468232	-165.728256	158.990949	153.826192	223.379061	79.190172	183.930203	-196.624041	187.644586	-11.567582	-291.600168	247.365311	-51.027913	327.621937	265.871376	-101.263329	358.536094	208.082631	-74.703209	-324.419856	300.934166	-105.130024	347.235769	247.006804	-78.649200	-309.513211	17.449386	2.290171	120.047070	-18.725809	-1.515405	-119.272128
391	1753709321.731323	179.846823	420.868546	165.918186	111.587480	423.354238	-165.867925	159.014776	153.855979	223.390564	79.009533	183.744535	-196.641132	187.432855	-11.621189	-291.564524	247.424841	-51.009621	327.519476	266.003162	-101.249315	358.368605	207.942680	-74.745402	-324.324816	301.124185	-105.124660	347.000748	246.753886	-78.660697	-309.410542	17.493872	2.294904	120.045386	-18.767899	-1.519980	-119.269848
392	1753709321.759962	179.843843	420.845509	165.784732	111.478716	423.329920	-166.028038	159.043416	153.869331	223.363310	78.978874	183.720797	-196.651146	187.544361	-11.619458	-291.035801	247.655287	-50.977245	327.087402	266.285390	-101.216473	357.798457	208.096683	-74.787237	-323.383212	301.525295	-105.068624	346.481174	246.853486	-78.674771	-308.388710	17.499266	2.301930	120.035492	-18.771242	-1.526936	-119.257890
393	1753709321.797459	179.750755	420.916587	165.713668	111.331731	423.286587	-166.105986	159.035608	154.017478	223.360330	78.929454	183.649495	-196.632072	187.535405	-11.629977	-290.784210	247.706920	-50.840598	326.825887	266.404569	-101.061791	357.257694	208.123028	-74.790217	-323.146105	301.671386	-104.851596	345.943451	246.863529	-78.662992	-308.129698	17.502969	2.309512	120.034300	-18.774386	-1.534607	-119.256109
394	1753709321.830396	179.136679	420.932114	165.631488	110.346377	423.111051	-166.226283	158.852085	154.054090	223.333254	78.576110	183.452621	-196.614146	187.460616	-11.619689	-290.616691	247.697920	-50.830692	326.481819	266.493380	-101.051822	356.707156	208.142206	-74.715130	-323.016644	301.735371	-104.842961	345.281243	246.837556	-78.499056	-307.998359	17.535521	2.322477	120.038390	-18.807651	-1.549487	-119.259790
395	1753709321.867089	179.095939	421.006233	165.608928	110.164240	423.104525	-166.215256	158.898786	154.165402	223.293573	78.502275	183.457762	-196.388781	187.492117	-11.481158	-290.170580	247.817665	-50.717581	325.907439	266.650528	-100.966126	356.136262	208.177671	-74.598432	-322.345644	301.882893	-104.769856	344.745219	246.856153	-78.329898	-307.495713	17.536076	2.331709	120.016217	-18.806897	-1.558741	-119.235657
396	1753709321.899032	178.448766	421.099305	165.463418	109.249756	423.108339	-166.375592	158.705935	154.286474	223.137483	78.071482	183.461890	-196.387619	187.494650	-11.337845	-290.026575	247.831985	-50.547037	325.209469	266.711026	-100.791149	355.355173	208.204404	-74.479446	-322.114855	301.961660	-104.600534	344.034940	246.866837	-78.129664	-307.308912	17.549304	2.333107	120.010592	-18.818347	-1.560685	-119.228669
397	1753709321.934685	178.603634	421.185046	165.385112	109.259024	423.122913	-166.383371	159.101084	154.388011	223.019123	78.077823	183.563992	-196.319565	187.727883	-10.986360	-289.588213	248.687312	-50.302181	324.166417	267.892718	-100.645706	353.866816	208.580017	-74.262559	-321.498573	303.268999	-104.349874	342.462808	247.124210	-77.828869	-306.725979	17.559346	2.326941	119.986460	-18.827539	-1.553696	-119.202837
398	1753709321.967119	177.924886	421.400487	165.366650	108.088791	423.259676	-166.374579	158.368498	154.522672	222.889543	76.721199	183.800936	-196.235254	187.042937	-10.843411	-288.895488	248.021677	-50.016448	323.574096	267.179251	-100.348733	353.489637	207.731068	-74.231096	-320.125341	302.601129	-104.092330	342.176020	246.309221	-77.785723	-305.464506	17.562471	2.335334	119.961239	-18.829113	-1.561499	-119.175583
399	1753709322.004458	177.281454	421.484262	165.144682	107.134014	423.314303	-166.504353	158.111632	154.589951	222.612128	75.992286	183.972463	-196.363539	186.900228	-10.655252	-288.884610	247.933373	-49.960885	322.756499	267.109364	-100.325838	352.815360	207.577571	-74.166290	-320.054471	302.504331	-104.070656	341.479570	246.125892	-77.727124	-305.403620	17.574554	2.356026	119.946972	-18.838638	-1.581246	-119.159818
400	1753709322.037808	176.881433	421.532959	165.127441	106.584802	423.332304	-166.463956	157.565176	154.739410	222.615734	75.523563	184.065625	-196.230412	186.615378	-10.579059	-288.347125	246.997416	-49.914546	322.633386	265.982449	-100.275278	352.654994	207.324177	-74.099146	-319.346875	301.293761	-104.035996	341.313690	245.790809	-77.644974	-304.667562	17.578719	2.363679	119.920120	-18.841909	-1.589255	-119.132116
401	1753709322.068401	176.542684	421.640366	165.168941	106.065221	423.383445	-166.337997	157.295346	154.823825	222.614780	75.134195	184.102729	-196.154431	186.480612	-10.509090	-288.111538	246.895671	-49.842816	322.568655	265.942514	-100.216351	352.538764	207.277074	-74.055687	-319.125891	301.275849	-103.979684	341.160834	245.707482	-77.570736	-304.360420	17.583083	2.367229	119.909674	-18.845672	-1.592941	-119.121306
402	1753709322.106747	175.237864	421.805918	165.077865	103.876702	423.488498	-166.312426	155.355453	155.128062	222.587883	72.111644	184.313640	-196.088433	183.268577	-10.420403	-287.993073	244.183585	-49.796995	322.407305	263.059109	-100.174583	352.414846	203.888535	-73.974699	-318.948835	298.093617	-103.962548	341.019273	242.238656	-77.520601	-304.236114	17.594209	2.391846	119.885810	-18.856054	-1.617811	-119.097486
403	1753709322.138591	175.118580	422.015607	165.059239	103.862815	423.666686	-166.309819	155.368745	155.341834	222.573474	72.172269	184.613377	-196.066648	183.913007	-9.958987	-287.745982	244.433373	-49.361002	322.358221	263.499171	-99.757321	352.370560	204.801604	-73.623262	-318.593740	298.487395	-103.473470	340.991974	243.161425	-77.096291	-303.875804	17.596148	2.407927	119.874574	-18.856825	-1.633864	-119.085573
404	1753709322.178501	174.861982	422.251672	164.971456	103.344649	423.952520	-166.317239	155.335441	155.415952	222.445220	71.925789	184.913546	-196.082219	183.903784	-9.450626	-287.728488	244.501501	-49.311042	322.270393	263.650000	-99.732034	352.332622	204.835698	-73.230937	-318.554044	298.705101	-103.456259	340.935051	243.191838	-76.618120	-303.834617	17.622774	2.414184	119.865187	-18.881842	-1.639836	-119.076021
405	1753709322.207587	173.327148	422.406584	164.954767	102.128610	424.131662	-166.377306	154.415771	155.480027	222.438768	71.649849	185.001537	-196.165472	184.171572	-9.207027	-287.709385	244.419396	-49.196318	322.145134	263.640016	-99.604256	352.103829	205.466241	-73.016562	-318.534017	298.747748	-103.268974	340.671778	243.762910	-76.266438	-303.751528	17.641690	2.417074	119.861439	-18.899454	-1.643094	-119.071811
406	1753709322.240744	172.584325	422.526538	164.961025	101.217113	424.405277	-166.276097	153.676391	155.509263	222.428977	71.085162	185.296237	-196.052298	184.088081	-8.663666	-287.385404	243.599683	-49.145982	322.124064	262.814999	-99.569678	352.097392	205.433592	-72.517060	-318.129659	297.924638	-103.243858	340.670496	243.723035	-75.713694	-303.271055	17.667748	2.421566	119.855143	-18.924635	-1.647462	-119.065218
407	1753709322.273290	172.549561	422.552794	164.956227	101.074085	424.498647	-166.215643	153.729036	155.542552	222.467318	71.016833	185.343266	-195.886061	184.094101	-8.588749	-287.185371	243.806511	-49.124677	322.128594	263.074338	-99.554479	352.145404	205.450043	-72.429135	-317.919701	298.147112	-103.257373	340.697736	243.744239	-75.641036	-303.081870	17.688975	2.430185	119.845264	-18.944582	-1.656062	-119.054981
408	1753709322.309597	172.519997	422.582239	164.962366	100.780189	424.518287	-166.160658	153.634816	155.569464	222.463459	70.259392	185.361460	-195.698336	182.195917	-8.600881	-287.064672	243.463859	-49.164552	322.122782	262.732297	-99.579029	352.228105	203.157589	-72.409891	-317.775160	297.585070	-103.392400	340.752721	241.548911	-75.641103	-302.975535	17.747013	2.469399	119.840659	-19.002087	-1.694837	-119.050279
409	1753709322.347212	172.435462	422.666311	164.960235	100.919649	424.569070	-166.181698	153.680831	155.604109	222.532466	71.061872	185.442448	-195.768803	183.911473	-8.203803	-287.147880	243.727654	-49.002029	322.169513	263.094634	-99.434756	352.345735	205.119148	-71.975693	-317.851186	297.827601	-103.179142	340.897769	243.545055	-75.134054	-303.024381	17.755590	2.513927	119.839847	-19.010071	-1.739547	-119.049117
410	1753709322.378740	174.323440	422.691733	164.979488	101.922341	424.588829	-166.114062	155.126259	155.628249	222.529814	71.321540	185.456097	-195.762008	183.876961	-8.325274	-287.140697	245.206147	-48.978657	322.190821	264.889181	-99.417627	352.344960	205.088437	-72.154686	-317.882180	299.997240	-103.160068	340.894103	243.514150	-75.378343	-303.038538	17.779402	2.513413	119.835742	-19.034257	-1.737818	-119.044647
411	1753709322.409417	173.898742	422.717065	165.014863	101.614557	424.645245	-166.118756	154.541463	155.648693	222.638905	70.749596	185.560450	-195.922911	182.968318	-8.319746	-287.333548	244.552076	-48.954051	322.333068	264.082819	-99.325590	352.686256	203.841418	-72.143823	-318.008363	299.083322	-103.115201	341.302693	242.397189	-75.377926	-303.167462	17.788792	2.543291	119.832806	-19.042853	-1.768247	-119.041212
412	1753709322.445816	173.973426	422.732532	164.969295	101.715386	424.706995	-166.168541	154.527947	155.668825	222.647861	70.693910	185.759097	-195.986286	182.709202	-8.161568	-287.357748	244.365886	-48.862521	322.472245	263.706088	-99.189229	353.119582	203.293324	-72.006442	-317.984760	298.651636	-103.027828	341.901273	241.933927	-75.284243	-303.164065	17.813049	2.597420	119.824454	-19.064788	-1.819041	-119.031973
413	1753709322.482991	174.000248	422.749519	164.984405	101.719931	424.693555	-166.151911	154.670537	155.685484	222.631589	70.713088	185.708955	-195.984527	182.489127	-8.183382	-287.501484	244.441450	-48.851702	322.625697	263.879359	-99.173382	353.253633	203.194261	-71.992345	-318.407118	298.715621	-103.022434	342.010558	241.782993	-75.266533	-303.563058	17.895095	2.603377	119.838141	-19.150684	-1.825391	-119.045950
414	1753709322.518170	174.688429	422.743946	165.046081	102.466300	424.697429	-165.830418	155.307859	155.681640	222.669452	71.200177	185.723364	-195.782617	182.509378	-8.087206	-287.444502	244.686738	-48.835818	323.022187	264.264733	-99.156797	353.542030	203.287318	-71.719721	-318.407297	298.999429	-102.998495	342.321157	241.845325	-75.013980	-303.568900	17.914632	2.578164	119.842418	-19.173019	-1.799803	-119.050413
415	1753709322.549308	174.643442	422.784537	165.174231	102.417730	424.788713	-165.685475	155.306682	155.754507	222.775027	71.025848	185.837999	-195.654511	182.145461	-8.080304	-287.374526	244.707718	-48.792783	323.074371	264.312357	-99.118225	353.601217	202.829912	-71.720243	-318.340212	299.045026	-102.965273	342.421263	241.425067	-75.045101	-303.529799	17.917929	2.589280	119.835213	-19.175487	-1.811024	-119.042434
416	1753709322.581358	173.536703	423.067898	165.230960	101.801656	425.229371	-165.679589	154.682830	156.063989	222.890466	70.373110	186.566740	-195.763126	181.811973	-7.401850	-287.707269	244.330257	-48.422072	323.100775	263.981581	-98.739810	353.725940	202.368975	-71.039401	-318.593562	298.613369	-102.640346	342.611730	241.060436	-74.489273	-303.944260	17.897425	2.625939	119.836770	-19.151391	-1.847163	-119.043201
417	1753709322.617376	173.450142	423.075080	165.278733	101.711698	425.240338	-165.627077	154.602721	156.067133	222.897023	70.234649	186.548933	-195.720434	181.049451	-7.462057	-287.970006	243.966013	-48.452538	323.196113	263.535738	-98.739572	353.861451	201.576591	-71.029171	-319.168270	298.041046	-102.668248	342.753768	240.248308	-74.487060	-304.670364	17.904187	2.626051	119.839750	-19.157913	-1.847640	-119.045541
418	1753709322.649863	172.972441	423.186451	165.322542	101.119816	425.320804	-165.367484	154.389873	156.124845	222.923726	69.769263	186.655670	-195.495144	180.665582	-6.873048	-287.976414	243.728057	-48.392989	323.220402	263.374597	-98.695241	353.871793	201.355428	-70.093103	-319.244504	297.802866	-102.612160	342.762023	239.976242	-73.499575	-304.837942	17.913833	2.615331	119.841583	-19.168615	-1.836602	-119.046994
419	1753709322.685379	172.556117	423.366725	165.433645	101.012520	425.576448	-165.373027	154.189602	156.337082	223.027959	69.739275	186.938822	-195.526049	180.714682	-6.698789	-288.023144	243.715093	-48.137218	323.268920	263.379365	-98.513752	353.923768	201.417372	-70.001662	-319.282442	297.809511	-102.367967	342.869461	240.049481	-73.416911	-304.878563	17.909918	2.625173	119.852930	-19.163860	-1.846508	-119.057395
420	1753709322.716714	171.106160	423.463464	165.454805	100.734442	425.808609	-165.474132	152.547613	156.372815	223.065779	69.736041	187.327191	-195.862904	181.538284	-6.267900	-288.218290	242.266074	-48.062265	323.289335	261.632323	-98.447911	353.966236	202.332228	-69.686122	-319.385469	296.289295	-102.264032	343.032628	240.861028	-73.040538	-304.946899	17.884046	2.640689	119.863994	-19.134503	-1.861953	-119.067580
421	1753709322.753525	170.971125	423.482478	165.467873	100.810617	425.879449	-165.481254	152.310491	156.385303	223.080248	70.037752	187.539712	-195.871383	182.337344	-5.462490	-288.353860	241.877154	-48.002593	323.904723	261.236727	-98.377019	354.830086	203.314230	-68.702191	-319.570094	295.866847	-102.163889	344.227314	241.791785	-72.001748	-305.181742	17.860001	2.653672	119.880587	-19.109430	-1.874999	-119.083434
422	1753709322.786230	170.823485	423.487663	165.596843	100.795232	425.899327	-165.352464	152.249679	156.373158	223.287180	70.122324	187.591970	-195.784360	182.431608	-5.145394	-288.342148	241.680324	-47.985520	324.617952	261.063993	-98.336928	355.512202	203.530952	-68.055913	-319.588602	295.609146	-102.096997	345.039010	241.921932	-71.261778	-305.204928	17.857186	2.646920	119.896770	-19.107066	-1.869110	-119.099259
423	1753709322.820735	171.904504	423.470646	165.781975	102.381170	425.885111	-165.194094	153.816879	156.366974	223.622337	72.070815	187.525973	-195.681304	183.474854	-5.182333	-288.419157	242.897868	-47.961064	325.178981	262.582690	-98.299667	355.747432	205.013543	-68.059526	-320.095867	297.149271	-101.980455	345.277399	243.193179	-71.277224	-305.665284	17.849132	2.600325	119.921863	-19.100940	-1.825313	-119.124658
424	1753709322.857832	171.914011	423.353165	165.936217	102.384560	425.876319	-165.190622	153.847009	156.130761	223.777652	72.077230	187.460124	-195.712373	183.471978	-5.212607	-289.130211	242.900968	-48.082951	325.729132	262.581408	-98.372675	356.538922	204.975784	-68.066083	-321.109384	297.153026	-102.038607	346.228153	243.177265	-71.288683	-306.811988	17.842747	2.596880	119.941846	-19.093776	-1.822024	-119.142912
425	1753709322.887177	170.223609	423.344314	165.952414	100.647412	425.922304	-165.216893	152.489170	156.074837	223.893330	70.607364	187.535629	-195.884302	182.153344	-5.088046	-290.032685	241.602823	-48.123270	326.207757	261.090159	-98.367654	357.479244	203.282431	-67.829549	-322.057098	295.413643	-102.081366	347.197622	241.641745	-71.110100	-307.934195	17.849073	2.615385	119.957760	-19.098867	-1.841044	-119.158447
426	1753709322.920160	170.148656	423.268944	166.010767	100.570269	425.945729	-165.257335	152.407929	156.047791	224.131122	70.448779	187.605128	-196.102917	181.831047	-5.117754	-290.371567	241.506889	-48.158769	326.485574	261.002094	-98.367393	357.863069	202.813819	-67.866147	-322.393030	295.285583	-102.092616	347.583324	241.275951	-71.217224	-308.245212	17.845374	2.623835	119.968511	-19.094693	-1.850180	-119.169168
427	1753709322.958119	170.667633	423.145056	166.056216	100.992404	425.900191	-165.232167	153.054222	155.946344	224.272594	70.943102	187.551662	-196.105316	181.991428	-5.107082	-290.976912	241.947830	-48.154794	327.116132	261.419863	-98.288774	358.707547	202.956691	-67.730151	-323.393911	295.603931	-102.035485	348.391682	241.459042	-71.104184	-309.415162	17.858205	2.624883	119.979210	-19.107716	-1.851631	-119.179957
428	1753709322.991818	170.106813	423.126817	166.085407	100.830823	426.115453	-165.329754	152.868778	155.875728	224.383906	71.009047	187.779188	-196.293041	183.216974	-4.645511	-291.230798	241.947740	-48.103619	327.424198	261.393547	-98.229900	359.278619	204.136878	-67.416653	-323.545873	295.604706	-101.967096	349.094301	242.775917	-70.766456	-309.534281	17.851939	2.635272	119.991012	-19.098986	-1.861326	-119.190685
429	1753709323.026719	169.985697	423.026055	166.168630	100.633331	426.115006	-165.335953	152.694330	155.800551	224.490568	70.772260	187.784284	-196.471915	182.875887	-4.700867	-291.680783	241.833791	-48.323698	327.695310	261.225015	-98.420553	359.723389	203.622445	-67.451619	-323.960096	295.478374	-102.303348	349.499911	242.335618	-70.824012	-309.948891	17.848777	2.653644	119.999401	-19.094657	-1.879742	-119.198591
430	1753709323.061080	167.807683	423.028469	166.192904	98.694615	426.123768	-165.504232	149.796665	155.805498	224.523306	68.642162	187.789589	-196.825340	181.120589	-4.883975	-292.072326	238.896713	-48.238017	327.735305	257.619590	-98.162428	359.993607	201.313719	-67.677662	-324.105591	291.819245	-102.168202	349.862933	240.230531	-71.098633	-310.103863	17.848568	2.711207	120.010316	-19.092847	-1.938446	-119.209103
431	1753709323.091561	167.756841	422.639012	166.357726	98.687351	426.040053	-165.435165	149.550110	155.756593	224.822655	68.522491	187.773138	-197.063446	180.508360	-5.561897	-292.634666	238.518223	-48.249610	328.212827	257.137746	-98.155729	360.518634	200.514749	-68.591252	-324.644327	291.372418	-102.172695	350.417167	239.482641	-72.310418	-310.539871	17.850701	2.714505	120.009497	-19.093713	-1.942153	-119.208381
432	1753709323.129607	168.007672	422.207713	166.607454	98.805092	425.901562	-165.404230	149.553657	155.698448	225.086853	68.490393	187.620178	-197.197020	180.054948	-6.781621	-292.778462	238.523498	-48.259988	328.632027	257.132590	-98.124497	360.875815	200.020969	-69.987223	-324.819744	291.413575	-102.145240	350.783110	239.015356	-73.839329	-310.624599	17.861461	2.707231	120.009132	-19.102428	-1.936485	-119.208179
433	1753709323.161710	168.099537	421.674639	166.636392	98.866768	425.726831	-165.425748	149.481401	155.411333	225.157425	68.404451	187.521771	-197.661102	179.563239	-7.890991	-293.141961	238.126114	-48.358824	328.691363	256.621778	-98.127216	361.011922	199.259818	-71.340658	-325.044245	290.972739	-102.163233	350.950420	238.308758	-75.609423	-310.764313	17.850302	2.719825	120.009519	-19.088306	-1.949309	-119.208269
434	1753709323.197917	168.161646	421.588898	166.825145	98.876178	425.652385	-165.369749	149.383336	155.376479	225.398064	68.232872	187.381700	-197.689921	179.195940	-8.225940	-293.426365	237.998635	-48.314866	328.870356	256.483436	-97.955406	361.112595	198.906153	-71.595617	-325.474560	290.884405	-101.956561	351.057619	237.946048	-75.860530	-311.213017	17.858159	2.716547	120.012619	-19.095356	-1.946611	-119.211391
435	1753709323.234809	168.325514	421.513170	166.848645	98.956175	425.448865	-165.401131	149.297670	155.349657	225.284398	68.084814	187.140867	-197.842434	177.728206	-9.366143	-294.006139	237.608150	-48.349760	328.940243	256.121337	-97.945027	361.278713	197.355941	-72.535090	-326.284438	290.465534	-101.977117	351.228654	236.337021	-77.048294	-312.044352	17.869622	2.731613	120.035231	-19.106809	-1.962446	-119.235277
436	1753709323.265991	168.255344	421.460301	166.870371	98.963767	425.395668	-165.501729	148.940131	155.324683	225.326002	68.031773	187.012851	-198.008910	177.701056	-9.733420	-294.078916	237.341583	-48.377242	328.959525	255.792975	-97.946569	361.259401	197.358161	-73.005393	-326.346666	290.254951	-101.976909	351.198673	236.327827	-77.457689	-312.064439	17.863706	2.735071	120.038129	-19.099612	-1.966357	-119.238064
437	1753709323.296004	168.358594	421.144754	166.889906	98.973349	425.282657	-165.532947	148.934066	155.146137	225.343451	67.971736	186.937585	-198.370844	177.675217	-10.022494	-294.285029	237.396896	-48.541669	328.987122	255.893350	-98.088033	361.273944	197.361335	-73.464751	-326.536089	290.483683	-102.106974	351.209968	236.316502	-77.903301	-312.134475	17.872371	2.731103	120.042227	-19.106755	-1.962844	-119.242094
438	1753709323.332584	168.896228	421.072632	166.893691	99.370144	425.272971	-165.619254	149.225056	155.006737	225.345910	68.077885	186.927304	-198.469952	177.808300	-10.045520	-294.372618	237.687811	-48.596542	329.005212	256.155372	-98.120809	361.294240	197.422206	-73.507100	-326.567233	290.869504	-102.148518	351.248413	236.402765	-77.965565	-312.195450	17.849317	2.744946	120.044492	-19.080257	-1.975802	-119.243957
439	1753709323.372176	168.916523	420.938671	166.582510	99.768460	425.207287	-166.171640	149.223909	154.733419	225.190371	68.439379	186.883092	-198.957816	178.525165	-10.242369	-294.779032	237.687662	-48.666604	328.967690	256.127536	-98.131947	361.303866	198.081449	-73.793687	-326.868922	290.838301	-102.186568	351.261020	237.118930	-78.437001	-312.523335	17.816607	2.769011	120.045215	-19.043528	-1.999975	-119.244345
440	1753709323.401837	168.950275	420.784622	166.426703	99.673115	425.111860	-166.458756	149.183646	154.657722	225.148991	68.139434	186.854407	-199.197710	178.402260	-10.286502	-294.790953	237.585366	-49.059890	328.900546	255.956292	-98.511204	361.264825	197.971910	-73.860437	-326.814890	290.758878	-102.711312	351.198077	236.956492	-78.489870	-312.415898	17.814279	2.781178	120.042965	-19.039413	-2.012025	-119.241074
441	1753709323.440784	169.059008	420.676321	166.371584	100.028001	425.038338	-166.673660	149.393246	154.598892	225.170836	68.634734	186.789051	-199.219093	179.126829	-10.323977	-294.725537	237.812296	-49.149755	328.907788	256.183952	-98.631479	361.260444	198.788226	-73.926881	-326.720387	290.955842	-102.821715	351.193875	237.693831	-78.570291	-312.292427	17.807946	2.785804	120.050602	-19.031962	-2.016839	-119.248442
442	1753709323.472547	168.993607	420.691192	166.160017	100.036159	424.969137	-166.995242	149.261728	154.708788	225.163758	68.648063	186.672375	-199.216783	179.397956	-10.363070	-294.549793	237.755656	-49.125943	328.745812	256.145447	-98.618656	360.915154	199.221447	-73.966376	-326.513797	290.908754	-102.805473	350.822002	238.056868	-78.599274	-312.107712	17.788114	2.806702	120.054513	-19.011656	-2.038705	-119.252287
443	1753709323.505587	168.971643	420.716375	165.948570	100.028433	424.939692	-167.182311	149.390310	154.710829	225.097656	68.795800	186.618552	-199.207276	180.102885	-10.053967	-294.444233	238.124967	-49.125090	328.729600	256.611198	-98.617524	360.893577	200.176239	-73.486939	-326.412350	291.320473	-102.807619	350.801736	238.899082	-77.916123	-312.059551	17.783893	2.809781	120.059155	-19.006990	-2.042045	-119.256467
444	1753709323.539835	169.651508	420.531780	165.816396	100.952640	424.766153	-167.242438	149.589181	154.617921	225.074604	69.273986	186.286032	-199.184656	180.249333	-10.855614	-294.182718	238.153726	-49.142662	328.643918	256.616503	-98.616295	360.669076	200.329125	-74.412689	-326.129109	291.342020	-102.800377	350.592613	239.025265	-78.964017	-311.707199	17.759755	2.814932	120.051481	-18.980958	-2.047734	-119.248755
445	1753709323.575724	169.667467	420.531213	165.607408	100.972496	424.748927	-167.588875	149.583697	154.658407	225.068867	69.213048	186.268926	-199.197963	179.912984	-10.851735	-294.160753	238.071173	-49.141824	328.538120	256.494045	-98.615736	360.612601	199.852705	-74.393891	-326.045483	291.104436	-102.811597	350.481719	238.600612	-78.950115	-311.668128	17.762704	2.885430	120.051891	-18.983196	-2.117558	-119.249217
446	1753709323.606821	169.927001	420.512378	165.591568	101.514809	424.648553	-167.604059	149.560839	154.709429	225.068852	69.397047	186.116785	-199.116901	179.984599	-11.482904	-293.331742	237.903640	-49.137551	328.265727	256.251395	-98.613463	359.964252	199.959934	-75.233355	-324.990839	290.971130	-102.799937	349.843770	238.667056	-79.804942	-310.443401	17.720297	2.885141	120.039634	-18.939901	-2.117788	-119.237110
447	1753709323.660092	170.876816	420.507967	165.590361	102.430701	424.402922	-167.566493	151.092738	154.729873	225.102261	70.710860	185.706183	-198.892027	181.321785	-11.484060	-292.963862	240.584835	-49.088906	328.217953	259.785831	-98.588377	359.459102	202.167779	-75.197957	-324.870318	294.696033	-102.653496	349.182129	240.528166	-79.638824	-310.278147	17.727263	2.819436	120.038487	-18.948473	-2.055210	-119.236171
448	1753709323.689666	170.371413	420.631111	165.573671	101.265363	424.392223	-167.574674	150.697216	154.913008	225.060314	69.404945	185.758427	-198.875174	180.261418	-11.197560	-292.820185	240.248933	-49.073040	328.115851	259.419024	-98.591335	359.409541	200.903073	-74.931480	-324.612051	294.361264	-102.695890	349.101245	239.252523	-79.293378	-310.052633	17.735193	2.819912	120.035879	-18.955307	-2.055598	-119.233318
449	1753709323.716765	170.629337	420.653820	165.405199	101.548187	424.377233	-167.696670	151.237220	154.907852	224.997342	69.853865	185.747966	-198.847130	180.860937	-11.015596	-292.629868	240.936875	-49.094323	328.078359	260.173500	-98.646335	359.380215	201.585427	-74.718431	-324.394524	295.079559	-102.749489	349.059552	239.913642	-79.033121	-309.838355	17.733598	2.824754	120.036505	-18.953674	-2.060194	-119.233795
450	1753709323.746423	172.996014	420.686007	165.297762	104.280025	424.087971	-167.679429	153.974131	154.905647	224.611998	73.186390	185.409755	-198.157445	183.151484	-10.980409	-291.436464	243.005604	-49.126379	327.813745	262.749076	-98.792359	358.779162	204.702944	-74.591734	-323.585898	297.412306	-102.823615	348.345459	242.517367	-78.835972	-308.971912	17.754225	2.812706	120.043717	-18.980263	-2.048004	-119.241834
451	1753709323.780862	173.615515	420.959890	165.307984	105.216384	423.990071	-167.588472	154.447645	154.956058	224.335551	74.747927	185.199127	-197.693557	185.734555	-10.960788	-290.746301	243.818894	-49.119037	327.676237	263.834685	-98.824233	358.312637	208.324715	-74.562795	-323.242277	298.797637	-102.827489	347.872198	245.829269	-78.752704	-308.543801	17.755192	2.744505	120.068073	-18.984038	-1.980814	-119.268008
452	1753709323.812580	174.076661	420.974076	165.307999	105.828628	423.737645	-167.474017	155.458659	154.900044	224.033013	76.590978	184.771225	-197.066620	188.341349	-10.957536	-289.099097	245.235503	-49.194701	327.233702	265.532970	-99.020153	357.431859	211.615875	-74.550539	-321.813941	300.554484	-102.929741	346.822768	248.802349	-78.671373	-306.762397	17.767427	2.657995	120.081723	-19.001026	-1.896074	-119.282752
453	1753709323.844331	176.050708	420.956492	165.197834	109.012946	423.414528	-167.465135	157.178685	154.768541	223.798409	80.348827	184.393674	-196.735457	192.694217	-11.014577	-288.189769	246.958241	-49.198244	326.754510	267.324388	-99.030584	356.496423	216.389790	-74.595913	-320.931464	302.396327	-102.892026	345.883220	253.581554	-78.687191	-305.819929	17.740566	2.605236	120.081894	-18.978629	-1.843003	-119.283378
454	1753709323.880796	176.082328	420.978159	165.172696	109.246254	423.327267	-167.429537	157.584712	154.740721	223.705351	81.070326	184.211478	-196.489558	193.379223	-11.024901	-287.304372	247.506469	-49.260750	326.423496	267.978847	-99.289544	355.833441	217.292398	-74.618027	-320.072204	303.027421	-103.004605	344.970793	254.315734	-78.678183	-304.534346	17.737053	2.567978	120.098740	-18.977299	-1.805495	-119.300604
455	1753709323.913837	175.747246	421.012580	165.122673	108.694330	423.317462	-167.463198	157.206431	154.664531	223.635972	80.303855	184.190512	-196.491748	192.743406	-11.063526	-287.209779	247.034624	-49.299520	325.540990	267.253935	-99.308170	355.114490	216.180801	-74.682280	-319.634587	302.234858	-103.014164	344.263732	253.307730	-78.703359	-304.110020	17.734926	2.582611	120.098449	-18.975100	-1.819933	-119.300224
456	1753709323.949108	176.220089	421.080589	165.136769	109.442592	423.260033	-167.365462	158.192530	154.637665	223.531187	81.683241	184.074968	-196.299478	194.238499	-11.036201	-286.475927	248.526946	-49.303178	325.316370	269.074321	-99.332370	354.563087	218.207315	-74.644543	-319.094300	304.249823	-103.000984	343.553305	255.078435	-78.573935	-303.326756	17.698769	2.526318	120.107733	-18.944243	-1.763824	-119.309992
457	1753709323.981825	176.266089	421.119392	165.109873	109.412290	423.192948	-167.358696	158.452839	154.674292	223.491207	81.591621	183.953822	-196.281359	194.275722	-11.095799	-286.409557	249.497667	-49.296524	324.949712	270.245314	-99.337943	354.060143	218.090117	-74.709572	-318.993121	305.431366	-102.986038	342.997700	255.094469	-78.598060	-303.262442	17.696772	2.514213	120.100126	-18.942913	-1.752851	-119.302325
458	1753709324.022584	176.261440	421.181679	165.113747	109.309755	423.176110	-167.274863	158.497915	154.671177	223.474011	81.539288	183.931440	-195.904464	194.171265	-10.946375	-285.992414	249.470830	-49.299061	324.848622	270.171374	-99.347182	353.948414	217.911318	-74.471384	-318.595767	305.336952	-102.983914	342.871487	254.967809	-78.283370	-302.940577	17.697427	2.507842	120.100506	-18.944768	-1.746647	-119.302869
459	1753709324.048918	176.064134	421.241581	165.158495	108.747296	423.158228	-167.153150	158.296391	154.690415	223.477334	81.006005	183.867440	-195.634350	193.962485	-10.967344	-285.395920	249.418437	-49.295526	324.776143	270.118892	-99.342175	353.778452	217.794210	-74.496165	-317.973286	305.258393	-102.951027	342.698634	254.847676	-78.276187	-302.269489	17.699728	2.469959	120.098591	-18.948413	-1.711004	-119.301103
460	1753709324.086949	176.335394	421.315938	165.312350	108.808666	423.077613	-166.741908	158.711299	154.798836	223.469168	81.307389	183.756962	-194.920346	194.638819	-10.790923	-284.532100	250.196368	-49.083076	324.708194	271.141708	-99.157937	353.492349	218.677118	-74.229635	-317.371905	306.509644	-102.628499	342.385083	255.555212	-77.772647	-301.638037	17.698321	2.390616	120.097674	-18.948710	-1.634013	-119.300641
461	1753709324.118123	176.591247	421.293437	165.256381	108.721294	422.920525	-166.708454	158.989400	154.634103	223.436877	81.045166	183.446109	-194.634765	194.318354	-10.840497	-284.348786	250.382692	-49.282629	324.584812	271.220237	-99.315293	353.412569	218.171090	-74.241214	-317.127377	306.565672	-102.798589	342.262536	255.138576	-77.768467	-301.506579	17.746771	2.377160	120.074876	-18.999556	-1.620104	-119.277775
462	1753709324.153752	177.943617	421.290845	165.275291	109.228835	422.802001	-166.521102	160.837099	154.600173	223.481953	81.817552	183.198556	-194.340914	196.051329	-10.831445	-283.907682	252.991259	-49.280562	324.303895	274.268687	-99.320233	352.847517	220.186561	-74.216641	-316.641271	309.676498	-102.748901	341.440320	257.345498	-77.680357	-301.033467	17.757576	2.349451	120.050661	-19.012697	-1.591667	-119.254358
463	1753709324.187769	177.933171	421.311975	165.278181	109.017238	422.813624	-166.443080	160.800219	154.607475	223.546699	81.434883	183.182478	-194.264144	195.815235	-10.794597	-283.628166	252.935469	-49.297146	324.161291	274.177492	-99.372208	352.608532	219.883993	-74.207038	-316.114485	309.562683	-102.767274	341.153860	257.138461	-77.629745	-300.450832	17.764352	2.319542	120.033339	-19.019911	-1.561679	-119.236462
464	1753709324.219663	178.073362	421.358645	165.290922	109.051272	422.746658	-166.380256	161.399290	154.602945	223.642483	82.184389	183.016941	-193.994120	198.356062	-10.410324	-283.165246	254.322171	-49.249895	324.134529	275.881410	-99.337533	352.403760	223.238021	-73.623836	-315.798163	311.405927	-102.598965	340.848207	260.260224	-76.692745	-300.119996	17.786307	2.220781	120.031834	-19.045813	-1.464286	-119.235575
465	1753709324.251599	176.731870	421.397239	165.188149	107.630678	422.780722	-166.511312	159.560636	154.618353	223.645061	80.134958	183.124408	-194.189191	196.272925	-10.340717	-283.205777	252.008498	-49.259484	323.999286	272.680253	-99.347956	352.383912	220.142916	-73.597312	-315.715998	308.210254	-102.635145	340.835065	257.495135	-76.658867	-300.068915	17.789142	2.217719	120.012037	-19.048320	-1.461124	-119.214892
466	1753709324.289558	176.968262	421.397775	165.225610	107.789785	422.656536	-166.336522	159.643427	154.567808	223.659545	80.411799	182.885528	-193.965942	196.251690	-10.417084	-282.764196	251.987934	-49.321268	323.988289	272.654504	-99.402837	352.367759	220.135063	-73.654108	-315.300971	308.182120	-102.674894	340.821952	257.459909	-76.687165	-299.524724	17.793307	2.157364	120.005324	-19.054092	-1.402410	-119.209163
467	1753709324.326030	176.947981	421.443969	165.225372	107.528225	422.642857	-166.255087	159.504920	154.722244	223.682329	80.041818	182.875693	-193.968281	195.853710	-10.472805	-282.411277	251.917541	-48.944734	323.893011	272.613913	-98.927610	352.164716	219.829112	-73.792860	-314.650387	308.156610	-102.114797	340.558469	257.135898	-76.781079	-298.643827	17.802665	2.128121	119.970113	-19.064104	-1.374186	-119.176209
468	1753709324.357689	176.933944	421.259373	165.253833	107.473738	422.423273	-166.107595	158.984095	154.650226	223.885611	79.861425	182.694778	-193.955645	194.973871	-10.795736	-282.128036	250.440210	-49.012814	323.869824	270.498544	-98.953329	352.140665	218.672305	-74.167818	-314.153433	306.177646	-102.140449	340.521693	255.913854	-77.153899	-298.002303	17.801339	2.105522	119.928382	-19.063387	-1.352302	-119.135708
469	1753709324.392534	176.621154	421.325058	165.247560	107.271507	422.407746	-166.096464	158.153102	154.762596	223.890319	79.674996	182.686895	-194.070607	194.991305	-10.828071	-282.055944	249.966174	-48.707310	323.627591	269.983947	-98.508932	351.847202	218.674988	-74.265867	-313.897431	305.805802	-101.678208	340.322584	255.966038	-77.243894	-297.760844	17.763343	2.082499	119.882159	-19.024726	-1.330257	-119.089544
470	1753709324.424587	176.317170	421.401531	165.380314	107.158460	422.389537	-165.961459	157.560915	155.097872	224.058375	79.661362	182.634249	-194.063634	195.003465	-10.849281	-281.646103	249.720499	-48.245508	323.568672	269.798547	-98.091990	351.483703	218.780115	-74.320547	-313.421607	305.744588	-101.086430	339.902103	256.051093	-77.255972	-297.048986	17.723860	2.000546	119.861491	-18.987143	-1.251851	-119.069263
471	1753709324.462670	175.874487	421.590537	165.408269	107.114479	422.382802	-165.946692	157.388002	155.586883	224.329636	79.842083	182.629347	-194.076136	196.142599	-10.615146	-281.237185	249.845773	-47.918759	323.421657	270.098299	-97.883865	350.904495	220.597908	-74.119687	-312.874705	306.173652	-100.738622	339.129835	257.776409	-76.847225	-296.358854	17.642366	1.938918	119.853586	-18.908713	-1.193039	-119.061664
472	1753709324.493641	175.894290	421.711296	165.527090	107.209072	422.391683	-165.846020	157.305032	155.899554	224.462330	79.932071	182.627946	-194.076672	196.382269	-10.623900	-280.732810	249.910966	-47.528140	323.220611	270.293981	-97.523034	350.333184	221.032053	-74.189402	-312.153161	306.548983	-100.226775	338.415265	258.203626	-76.868199	-295.365185	17.606629	1.882651	119.841866	-18.873554	-1.137688	-119.050764
473	1753709324.530432	175.799251	421.970338	165.533155	107.249357	422.373027	-165.832698	157.056436	156.289071	224.603385	80.172703	182.588905	-194.067776	197.403938	-10.569209	-280.298471	249.906257	-47.315478	322.783321	270.321906	-97.342312	349.429995	222.554520	-74.121356	-311.628520	306.602210	-99.969782	337.342441	259.588271	-76.715887	-294.839025	17.507257	1.857766	119.828850	-18.777395	-1.113308	-119.038455
474	1753709324.562755	175.709680	422.050595	165.568367	107.144661	422.419965	-165.735766	157.030672	156.442359	224.990293	80.046058	182.828844	-194.080159	197.346061	-10.150671	-280.170321	249.919951	-47.133736	322.708607	270.364016	-97.160704	349.279284	222.466692	-73.729508	-311.345279	306.622922	-99.740244	337.116480	259.534657	-76.262467	-294.594079	17.459914	1.825697	119.808801	-18.729493	-1.081410	-119.018480
475	1753709324.597232	175.734699	422.100574	165.583685	107.137710	422.450781	-165.680468	157.020092	156.509668	225.012332	79.953931	182.967901	-194.086507	197.165102	-10.074355	-280.040056	249.876544	-47.093965	322.292954	270.315021	-97.149409	348.872066	222.101450	-73.717147	-311.034888	306.561828	-99.729359	336.648971	259.209365	-76.252081	-294.290185	17.449919	1.807375	119.792201	-18.719232	-1.062319	-119.001366
476	1753709324.628661	175.945386	422.106832	165.566847	107.141703	422.461271	-165.664256	157.027438	156.503558	225.019008	79.755209	183.053553	-194.057330	196.700022	-10.046338	-279.887170	249.700800	-47.085002	321.698368	269.988716	-97.134233	348.459870	221.198335	-73.711053	-310.675591	306.218654	-99.721566	336.237967	258.466929	-76.254629	-294.067800	17.431503	1.788721	119.774245	-18.699383	-1.042719	-118.982717
477	1753709324.665389	176.020265	422.119766	165.572315	107.176311	422.461271	-165.625706	157.000735	156.605110	225.146711	79.746313	183.138236	-194.000468	196.672961	-9.954928	-279.548854	249.549389	-47.081128	321.520090	269.809872	-97.184859	348.165900	221.141562	-73.683426	-310.150236	306.086123	-99.765711	335.922062	258.399189	-76.214842	-293.538064	17.362589	1.770693	119.756617	-18.629815	-1.024485	-118.964449
478	1753709324.702384	176.005483	422.306687	166.004077	107.113548	422.495633	-165.339693	156.117216	156.998962	225.386590	79.273723	183.204338	-193.863943	195.936516	-9.951311	-279.036254	248.338252	-46.863284	321.096420	268.660277	-97.059265	347.359508	220.352679	-73.721617	-309.437305	305.354953	-99.557899	335.092247	257.551402	-76.224178	-292.697489	17.264577	1.690825	119.749390	-18.531540	-0.944915	-118.957102
479	1753709324.732381	176.810592	422.419727	166.082203	108.149514	422.405869	-165.203989	156.695470	157.188803	225.460589	80.026321	183.072060	-193.720460	196.482062	-10.232522	-278.724164	249.276459	-46.750315	320.674747	269.866675	-96.981101	346.597046	220.916137	-74.079990	-309.156001	306.628555	-99.453665	334.146470	258.104652	-76.563410	-292.425603	17.132374	1.673057	119.735025	-18.400665	-0.927263	-118.942916
480	1753709324.767524	177.307054	422.503293	166.115537	108.846076	422.360450	-165.148959	156.964973	157.372519	225.473329	80.465950	183.032110	-193.693742	196.695149	-10.286968	-278.701872	249.779865	-46.591092	320.215315	270.567060	-96.932866	345.815599	221.094772	-74.239820	-309.156179	307.539761	-99.353090	333.372474	258.273929	-76.697424	-292.458743	17.041301	1.631617	119.726971	-18.310994	-0.884739	-118.934922
481	1753709324.800977	177.381456	422.618926	166.126460	109.389506	422.329009	-165.127307	157.009810	157.564357	225.481272	81.386879	182.950869	-193.653762	197.486907	-10.326810	-278.670579	249.923393	-46.242747	320.060909	270.749837	-96.528217	345.528543	222.008556	-74.262522	-309.144616	307.712704	-98.911457	333.078414	259.075642	-76.710925	-292.455494	16.849658	1.614475	119.715795	-18.122816	-0.867605	-118.924782
482	1753709324.838695	178.463638	422.709614	166.146338	110.473827	422.272772	-165.049613	157.982305	157.685876	225.486338	82.035668	182.805851	-193.524763	197.624728	-10.400387	-278.649479	251.185924	-45.761473	319.895804	272.166938	-95.887452	345.262110	222.097412	-74.315704	-309.185296	309.444338	-98.160163	332.822174	259.183913	-76.740004	-292.559385	16.772300	1.545670	119.707718	-18.045805	-0.798786	-118.916765
483	1753709324.869441	178.748414	422.690213	166.153893	110.500321	422.147036	-164.922625	158.013016	157.668948	225.454450	81.948288	182.569414	-193.350524	196.678922	-10.809307	-278.630227	251.122743	-45.743320	319.768429	272.057891	-95.842004	345.055580	220.964566	-74.640535	-309.228867	309.331745	-98.099597	332.617939	257.958174	-77.080101	-292.631924	16.754638	1.521432	119.687736	-18.028500	-0.774265	-118.897788
484	1753709324.907642	178.684577	422.935009	166.218549	110.425085	422.272801	-164.828151	158.010334	157.961950	225.642875	81.933007	182.715237	-193.155974	196.729288	-10.426335	-278.141439	251.131684	-45.471128	319.740832	272.085458	-95.711842	344.972402	221.066833	-74.382715	-308.700830	309.367150	-97.887956	332.509756	258.035839	-76.743312	-292.018563	16.701980	1.473775	119.683906	-17.976785	-0.726559	-118.893705
485	1753709324.938990	178.673044	422.996700	166.229144	110.268369	422.279716	-164.803624	157.859161	158.066943	225.689322	81.523448	182.769671	-193.129629	196.460843	-10.337620	-278.043866	250.661761	-45.394722	319.564521	271.508753	-95.668003	344.827622	220.709071	-74.330918	-308.478147	308.805019	-97.835623	332.396805	257.677138	-76.666750	-291.852981	16.676394	1.454706	119.677797	-17.949780	-0.707016	-118.887201
486	1753709324.976667	178.857461	423.015952	166.237161	110.461481	422.208369	-164.731845	158.040762	158.086032	225.698635	81.568666	182.671085	-193.108022	196.435690	-10.511415	-278.039157	250.909925	-45.384962	319.360644	271.792412	-95.689453	344.581932	220.620707	-74.546546	-308.491439	309.000343	-97.853236	332.129151	257.611781	-76.904528	-291.922331	16.659437	1.442723	119.647898	-17.932810	-0.694531	-118.857816
487	1753709325.003611	178.328082	422.996014	166.369975	110.181034	422.184587	-164.713442	157.238364	158.123091	225.776821	81.490658	182.665020	-193.222553	196.521536	-10.585009	-278.052926	250.405371	-45.335419	319.325596	271.373391	-95.679983	344.540477	220.809758	-74.758366	-308.504045	308.614671	-97.836927	332.097411	257.819325	-77.165999	-291.912764	16.634537	1.355534	119.655266	-17.907465	-0.610566	-118.864834
488	1753709325.042071	177.459911	423.014551	166.382283	109.701186	422.171265	-164.681941	156.828627	158.209085	225.804284	81.501156	182.645321	-193.192065	196.932510	-10.443841	-278.021514	250.139385	-45.259900	319.293976	271.126837	-95.607594	344.517231	221.593291	-74.530162	-308.499128	308.315992	-97.771496	332.041860	258.504450	-76.845549	-291.868865	16.589403	1.303789	119.647980	-17.863540	-0.562379	-118.857414
489	1753709325.074037	177.463785	422.907382	166.373849	109.690912	422.110468	-164.654866	156.795681	158.129856	225.830257	81.499778	182.515934	-193.103537	196.897835	-10.501525	-277.944982	249.886274	-45.340996	319.358379	270.711303	-95.652372	344.583631	221.572503	-74.552216	-308.488786	307.820112	-97.827017	332.125515	258.457631	-76.867446	-291.849315	16.581105	1.286456	119.636782	-17.855760	-0.545166	-118.846968
490	1753709325.109801	177.355364	422.874033	166.365221	109.449342	422.104061	-164.678738	156.694710	158.122346	225.842968	81.459828	182.555974	-193.118125	197.085530	-10.343457	-277.931184	249.799103	-45.326304	319.466025	270.599812	-95.638037	344.819665	221.815318	-74.448138	-308.478683	307.729602	-97.802475	332.457632	258.720756	-76.733693	-291.828454	16.582783	1.225937	119.631082	-17.857119	-0.486167	-118.841082
491	1753709325.144258	177.271798	422.909200	166.191876	109.410159	422.107100	-164.782092	156.674072	158.090577	225.801378	81.508480	182.552129	-193.123192	197.570086	-10.083956	-277.936816	249.791846	-45.334004	319.578767	270.587862	-95.636167	345.038444	222.380146	-74.052170	-308.542818	307.721645	-97.797379	332.828343	259.247333	-76.169521	-291.931868	16.552648	1.209036	119.622976	-17.825963	-0.469374	-118.832402
492	1753709325.178983	176.494032	422.950298	166.097581	108.877137	422.108710	-164.772317	156.121150	158.090830	225.614846	81.443772	182.555288	-193.109989	197.508991	-9.959103	-277.861714	249.107286	-45.284811	319.688976	269.801557	-95.526956	345.271796	222.342432	-73.836535	-308.525711	306.633294	-97.744413	333.097339	259.164006	-75.990915	-291.900724	16.551116	1.202874	119.610608	-17.826742	-0.463488	-118.822448
493	1753709325.209129	175.898403	422.965705	166.045383	108.195871	422.088474	-164.798796	156.112686	158.094943	225.627705	81.429638	182.534903	-193.192422	197.884828	-9.696786	-277.907223	249.172196	-45.232669	320.103943	269.877225	-95.449835	345.986694	222.830966	-73.485970	-308.657110	306.674272	-97.705722	333.840877	259.634733	-75.612977	-292.033523	16.552066	1.184891	119.603246	-17.828735	-0.446701	-118.814811
494	1753709325.245219	173.165306	422.974557	165.867716	105.913319	422.064364	-165.014416	154.083177	158.103362	225.503027	80.304123	182.460412	-193.633258	196.746483	-9.718806	-278.416842	246.578351	-45.215409	320.110768	266.774148	-95.424503	346.074343	221.566841	-73.493071	-309.330255	303.095996	-97.699068	333.929747	258.292973	-75.627282	-292.596996	16.580753	1.172885	119.598009	-17.858271	-0.435207	-118.809618
495	1753709325.278640	171.476007	422.986180	165.852249	104.056098	422.084600	-165.080711	151.345581	158.138469	225.504622	78.000478	182.459965	-193.753749	193.897024	-9.810085	-278.381854	242.777973	-45.177069	320.246100	262.033552	-95.319368	346.343219	218.344390	-73.612399	-309.253544	298.702419	-97.666398	334.311575	254.991293	-75.778998	-292.415410	16.589928	1.145081	119.593836	-17.866665	-0.409079	-118.805088
496	1753709325.314896	171.215340	423.017651	165.843338	103.662305	422.053009	-165.097669	150.918543	158.219755	225.461945	77.220067	182.374924	-193.836883	192.369506	-10.114556	-278.599709	242.255390	-45.031741	320.288122	261.466712	-95.031083	346.448779	216.530889	-73.874317	-309.597939	298.110902	-97.500093	334.459424	253.215045	-76.130792	-292.796403	16.591072	1.137399	119.588681	-17.868035	-0.402456	-118.799955
497	1753709325.349420	171.604753	423.099726	165.810972	104.188904	422.048420	-165.133297	151.064783	158.243135	225.367978	77.418461	182.372391	-193.902135	192.488775	-10.190090	-278.626353	242.359996	-44.889651	320.272535	261.538506	-94.804108	346.453279	216.587216	-73.959559	-309.604496	298.178941	-97.288191	334.507912	253.271312	-76.233499	-292.856604	16.546132	1.143441	119.572945	-17.822653	-0.408085	-118.784375
498	1753709325.383119	172.295138	423.032939	165.836155	104.208335	421.853125	-165.112928	151.385665	158.251122	225.348592	77.135436	182.122871	-193.919584	191.356495	-10.928550	-278.742880	242.530450	-44.874799	320.323557	261.698425	-94.781525	346.550405	215.124086	-74.712917	-309.831977	298.407763	-97.276449	334.611565	251.908958	-77.093065	-293.131977	16.582372	1.126131	119.564019	-17.858934	-0.391335	-118.775219
499	1753709325.420286	173.472211	423.068553	165.913507	104.668878	421.827972	-165.030792	151.548624	158.316761	225.358576	77.020220	182.114065	-193.909317	190.680489	-11.255234	-278.733075	242.599562	-44.817977	320.347369	261.806071	-94.619207	346.590310	214.204654	-75.060144	-309.827745	298.522860	-97.183034	334.675014	251.026601	-77.529363	-293.137014	16.559415	1.119328	119.555108	-17.835531	-0.384597	-118.766010
500	1753709325.449000	173.975661	423.130274	165.974185	105.103277	421.896040	-164.973512	151.735827	158.420965	225.370437	77.080794	182.391107	-193.916544	190.817595	-11.250588	-278.715760	242.663428	-44.424638	320.351541	261.877775	-94.062984	346.649587	214.263797	-75.078256	-309.721142	298.592925	-96.658774	334.850758	251.103878	-77.578545	-293.107271	16.498987	1.113963	119.524173	-17.771330	-0.379129	-118.733741
501	1753709325.484820	173.893765	423.425019	165.926367	104.933187	422.087848	-164.978892	151.306972	158.692792	225.290209	76.709345	182.716072	-193.753362	190.860182	-10.854613	-278.064132	242.195517	-44.258550	320.175588	261.391282	-93.922548	346.484154	214.314237	-74.775182	-308.746517	298.249245	-96.528918	334.751725	251.156449	-77.193350	-292.254299	16.492529	1.108930	119.504653	-17.764254	-0.374117	-118.713565
502	1753709325.518025	172.463939	424.143225	165.751815	104.021050	422.519058	-165.124759	150.116712	159.321547	225.043073	75.982630	183.472231	-193.815023	190.933570	-10.016859	-278.087586	241.607517	-43.725543	319.923490	260.809958	-93.455166	346.351385	214.430735	-74.100807	-308.745176	297.686398	-96.145101	334.699184	251.348525	-76.492675	-292.286724	16.481224	1.106637	119.489118	-17.751478	-0.371930	-118.697464
503	1753709325.554326	173.021615	424.236923	165.747181	104.712650	422.534347	-165.104926	150.583848	159.592018	225.032911	76.470241	183.629677	-193.709567	192.123473	-9.895549	-278.086990	242.488846	-43.284800	319.903225	261.885345	-93.002968	346.320868	215.675771	-74.022964	-308.761746	298.782468	-95.692627	334.694386	252.729416	-76.448612	-292.405695	16.418844	1.123213	119.449727	-17.688351	-0.387808	-118.658960
504	1753709325.588324	172.530308	424.790710	165.684521	104.605116	422.731340	-165.108263	149.782389	160.144314	224.986419	76.324321	184.043124	-193.602949	192.145333	-9.663479	-277.822554	241.747960	-43.177243	319.889486	261.085093	-92.952341	346.314222	215.734944	-73.849246	-308.441699	297.963440	-95.673040	334.697455	252.781570	-76.329447	-292.168796	16.337123	1.157286	119.416513	-17.606556	-0.421909	-118.626773
505	1753709325.623047	172.526762	424.945980	165.652171	104.236498	422.844261	-165.132269	149.802387	160.309047	224.956572	75.455949	184.292540	-193.613514	191.694543	-9.608590	-277.851164	241.769761	-43.118685	319.779366	261.116832	-92.900820	346.294403	215.294421	-73.835328	-308.437973	297.993660	-95.647275	334.671706	252.406776	-76.328114	-292.175651	16.347283	1.146626	119.390644	-17.614575	-0.411341	-118.598595
506	1753709325.654133	172.358617	425.095171	165.587738	103.612445	422.905028	-165.127367	149.258718	160.583958	224.957511	74.014917	184.398428	-193.492070	189.949691	-9.599863	-277.687758	240.897506	-43.051917	319.791943	260.057330	-92.839755	346.313715	213.407859	-73.833577	-308.223784	296.817243	-95.628239	334.677696	250.576675	-76.347776	-292.001128	16.355444	1.183463	119.351201	-17.622698	-0.446892	-118.559934
507	1753709325.689657	172.792569	425.184309	165.613845	103.575930	422.926247	-165.009633	149.355650	160.846233	225.050613	73.108949	184.439600	-193.064719	188.189372	-9.618975	-277.355850	240.930408	-42.897139	319.779605	260.095805	-92.674538	346.244246	211.435616	-73.877253	-307.918251	296.899080	-95.463142	334.564745	248.718470	-76.409645	-291.792810	16.384291	1.178095	119.325303	-17.651012	-0.441198	-118.533529
508	1753709325.726971	172.920451	425.189942	165.489063	103.556961	422.922969	-165.005967	149.439514	160.868585	225.079387	73.003300	184.431791	-192.953661	187.801018	-9.765976	-277.274609	240.935534	-42.926788	319.958627	260.079026	-92.695780	346.430153	211.045727	-74.055694	-307.894796	296.896726	-95.554963	334.703475	248.270497	-76.733872	-291.762233	16.396502	1.182046	119.298466	-17.663585	-0.445006	-118.506931
509	1753709325.761694	172.806695	425.217211	165.433854	103.065014	422.933340	-165.003240	149.349764	160.914510	225.077838	72.533526	184.432760	-192.903847	187.523112	-9.766922	-277.199596	240.907595	-42.925619	319.973886	260.070026	-92.695236	346.425593	210.956782	-74.056789	-307.872713	296.920002	-95.571913	334.679902	248.142675	-76.731190	-291.692376	16.443947	1.163931	119.274326	-17.710781	-0.427639	-118.482485
510	1753709325.790323	172.767520	425.232947	165.426150	102.809250	422.964215	-164.992094	149.162546	161.038861	225.284457	71.954928	184.583873	-192.923456	186.823875	-9.768754	-277.141720	240.490481	-42.880870	320.055962	259.605616	-92.641346	346.491575	210.221827	-74.074589	-307.710469	296.454519	-95.516615	334.732860	247.382432	-76.762035	-291.461706	16.465720	1.160497	119.255751	-17.731300	-0.424450	-118.463434
511	1753709325.829019	170.587540	425.356448	165.543199	100.030638	422.972560	-164.866120	146.928772	161.370143	225.370720	69.354616	184.420466	-192.661673	182.682857	-10.127958	-276.773304	237.828091	-42.497382	320.137918	256.683409	-92.220433	346.511692	206.060410	-74.471295	-307.523072	293.444782	-95.190458	334.728092	242.894500	-77.262595	-291.028321	16.626583	1.155472	119.245723	-17.894922	-0.419748	-118.453830
512	1753709325.859820	170.467898	425.371081	165.555343	99.524349	422.972351	-164.811641	146.782175	161.456496	225.597098	68.473443	184.397042	-192.652851	181.665048	-10.411886	-276.696295	237.560838	-42.471185	320.131987	256.402761	-92.154555	346.478730	204.932734	-74.766010	-307.399452	293.103606	-95.143124	334.628999	241.839409	-77.626370	-290.829211	16.686168	1.151683	119.233020	-17.952379	-0.416135	-118.440457
513	1753709325.891225	170.901328	425.371379	165.604755	99.572159	422.914892	-164.668396	147.015825	161.567733	225.770429	68.452947	184.311718	-192.620814	181.508005	-10.759306	-276.699007	237.686917	-42.171758	320.139825	256.515235	-91.714114	346.436352	204.773471	-75.160988	-307.447284	293.296576	-94.661981	334.544480	241.679534	-78.043804	-290.854096	16.757935	1.085630	119.206376	-18.022576	-0.351701	-118.413188
514	1753709325.928910	170.892164	425.390005	165.740654	99.482782	422.928214	-164.543822	146.880224	161.583632	225.849807	68.059765	184.292153	-192.574337	180.595502	-10.950567	-276.680321	237.285405	-42.152364	320.158392	255.965412	-91.678821	346.457183	203.608155	-75.378589	-307.404280	292.900383	-94.612956	334.565789	240.570009	-78.249760	-290.781289	16.765272	1.074145	119.196154	-18.029584	-0.339814	-118.402563
515	1753709325.961351	171.245247	425.399512	165.910706	99.865891	422.879487	-164.374247	147.096217	161.608472	225.929335	68.335801	184.079066	-192.399710	180.718124	-11.320920	-276.539296	237.630799	-42.125218	320.140213	256.431818	-91.660127	346.346945	203.754455	-75.765409	-307.283133	293.460101	-94.577841	334.399253	240.722135	-78.613147	-290.620327	16.770462	1.057313	119.180128	-18.034672	-0.322962	-118.386254
516	1753709325.996984	170.505047	425.405473	166.163281	98.446585	422.851384	-164.195925	145.680666	161.646798	226.029873	66.446379	183.960870	-192.365810	178.465426	-11.945207	-276.446581	235.494494	-42.110376	320.153117	253.925592	-91.640666	346.350014	201.181740	-76.442651	-307.158828	291.002393	-94.568126	334.400982	238.151908	-79.346515	-290.422678	16.868217	1.020805	119.169652	-18.130830	-0.287444	-118.375629
517	1753709326.032668	171.372548	425.346583	166.342944	98.804601	422.739416	-164.012343	146.600693	161.656007	226.231173	66.706538	183.659434	-192.059278	178.582668	-12.223103	-276.421666	236.456349	-42.153131	320.172966	254.997015	-91.684803	346.334159	201.315746	-76.673716	-307.151467	292.251050	-94.611920	334.347934	238.319427	-79.557583	-290.414244	16.914917	0.960518	119.159915	-18.177561	-0.228335	-118.365675
518	1753709326.065632	170.916334	425.357550	166.359261	98.812141	422.731847	-164.016753	146.602347	161.673456	226.245716	66.913471	183.591828	-192.139208	178.820193	-12.280417	-276.777387	236.489147	-42.141940	320.169270	255.033433	-91.672860	346.328348	201.560348	-76.702133	-307.705164	292.297155	-94.611414	334.325999	238.567263	-79.604328	-290.999830	16.923040	0.965712	119.151853	-18.185711	-0.234224	-118.357584
519	1753709326.098273	170.979574	425.324649	166.393921	99.184826	422.652125	-163.992122	146.671891	161.689207	226.256162	67.422710	183.416769	-192.037344	178.872749	-12.316244	-276.768535	236.523643	-42.117462	320.112020	255.065173	-91.632478	346.173406	201.647758	-76.709807	-307.732105	292.320311	-94.564468	334.167600	238.679186	-79.596110	-291.029125	16.907996	0.946199	119.142652	-18.170964	-0.215054	-118.347794
520	1753709326.133254	171.079963	425.192893	166.455030	99.186599	422.577739	-163.867578	146.890551	161.702201	226.427630	67.456409	183.251455	-191.856086	178.947747	-12.474341	-276.640594	236.606821	-42.154413	320.179194	255.108356	-91.675498	346.184105	201.740652	-76.834880	-307.704091	292.347610	-94.641350	334.158897	238.762900	-79.779826	-290.974498	16.986942	0.938794	119.127914	-18.249923	-0.207931	-118.332528
521	1753709326.168366	171.155363	425.192505	166.543528	99.265687	422.564447	-163.836703	147.208661	161.709234	226.497158	67.577325	183.216661	-191.845790	179.185778	-12.547896	-276.655972	237.277851	-42.144887	320.185751	255.901486	-91.666847	346.186370	201.934800	-76.932192	-307.717502	293.091506	-94.633989	334.150910	239.006877	-79.871111	-291.003406	16.994528	0.932147	119.120784	-18.257394	-0.201350	-118.325129
522	1753709326.201557	170.189857	425.161064	166.634768	97.923480	422.550559	-163.743883	146.178886	161.716312	226.529643	66.359058	183.157325	-191.825747	178.061262	-12.715409	-276.618540	236.141518	-42.306799	320.173204	254.672140	-91.846436	346.145332	200.838834	-77.077247	-307.694077	291.762203	-94.882824	334.067404	237.854823	-80.018610	-290.936112	17.085165	0.908472	119.114488	-18.346334	-0.178400	-118.318506
523	1753709326.238073	170.040190	424.912184	166.670635	97.745098	422.473907	-163.712427	145.932883	161.637023	226.512015	66.315249	183.009371	-191.820249	178.015590	-13.042228	-276.616275	235.516995	-42.579900	320.290297	253.971666	-92.100598	346.340835	200.792864	-77.362634	-307.724029	291.012317	-95.305055	334.304482	237.780035	-80.396019	-290.937424	17.123995	0.894470	119.110227	-18.384438	-0.164914	-118.313909
524	1753709326.272828	170.026287	424.692631	166.882008	97.759418	422.357887	-163.450554	145.961687	161.522433	226.655275	66.514775	182.852447	-191.742584	178.284138	-13.134085	-276.596099	235.600531	-42.648729	320.504665	254.072428	-92.145823	346.486807	201.181769	-77.428989	-307.733923	291.076005	-95.353365	334.402621	238.131806	-80.467612	-290.921986	17.160313	0.856567	119.104177	-18.421443	-0.128307	-118.307814
525	1753709326.301517	170.015633	424.681216	166.832283	97.788364	422.336102	-163.434610	145.951673	161.451280	226.643294	66.600695	182.763427	-191.680402	178.332254	-13.146712	-276.632577	235.576898	-42.646427	320.511550	254.026562	-92.114419	346.488267	201.237917	-77.411272	-307.875335	290.994078	-95.330417	334.399670	238.187641	-80.459855	-291.074812	17.213020	0.848226	119.089767	-18.478123	-0.120064	-118.295260
526	1753709326.336823	170.887381	424.526036	166.889518	98.628648	422.243357	-163.394541	146.655589	161.398739	226.662114	67.298204	182.721570	-191.646785	179.146364	-13.186435	-276.663333	236.300230	-42.697676	320.625663	254.848599	-92.153654	346.578419	202.119380	-77.432238	-307.947606	292.056561	-95.354229	334.547222	239.091337	-80.489032	-291.142851	17.223593	0.783646	119.083442	-18.488364	-0.057941	-118.288644
527	1753709326.372447	170.918912	424.473375	166.900948	98.784477	422.230065	-163.380593	146.873251	161.153257	226.661533	67.539014	182.700619	-191.681743	179.346412	-13.182350	-276.851207	236.619577	-42.776503	320.726216	255.196273	-92.217475	346.736938	202.265352	-77.413686	-308.165967	292.304784	-95.397279	334.748119	239.269063	-80.467448	-291.404873	17.230952	0.779743	119.079448	-18.495889	-0.054117	-118.284531
528	1753709326.404953	170.618668	424.463779	166.694820	98.769896	422.219157	-163.674742	146.838292	161.126316	226.666346	67.562141	182.680964	-191.801280	179.381013	-13.168972	-276.983827	236.604095	-42.801853	320.775032	255.188555	-92.245169	346.825033	202.305242	-77.361181	-308.305174	292.153120	-95.429160	334.799260	239.308447	-80.421053	-291.581720	17.243071	0.807917	119.080007	-18.508838	-0.082184	-118.285626
529	1753709326.443010	169.939697	424.482256	166.628242	98.429441	422.240019	-163.726896	146.477833	161.123157	226.693183	67.562364	182.688817	-191.961482	179.556176	-12.979681	-277.083814	236.448571	-42.932741	320.786774	255.026460	-92.395782	346.826524	202.612653	-77.065289	-308.435440	291.959733	-95.598064	334.780186	239.561304	-80.059759	-291.691840	17.247245	0.804041	119.071648	-18.513275	-0.078478	-118.277431
530	1753709326.472087	169.785172	424.623460	166.618332	98.425768	422.332287	-163.726971	146.486118	161.142483	226.700753	67.609571	182.727396	-192.036390	179.876164	-12.857345	-277.204037	236.781046	-42.916156	320.796192	255.555302	-92.392944	346.812248	203.046381	-76.938510	-308.594972	292.486340	-95.569603	334.760547	240.053728	-79.895303	-291.870028	17.233379	0.806258	119.065195	-18.499784	-0.081023	-118.270859
531	1753709326.508713	170.210496	424.502999	166.634470	99.217661	422.327816	-163.733557	147.045210	161.083162	226.708978	68.697684	182.722688	-192.173004	180.709094	-12.854237	-277.286381	237.255275	-43.016233	320.854783	255.962223	-92.515297	346.839666	203.856468	-76.925784	-308.715820	292.919755	-95.680535	334.794223	240.844950	-79.883963	-291.952312	17.209563	0.791488	119.064644	-18.476153	-0.066437	-118.269674
532	1753709326.543200	170.656770	424.488544	166.701853	100.160822	422.305375	-163.629904	147.713408	161.068693	226.799771	69.884427	182.573870	-191.937163	181.496680	-12.990188	-277.256608	238.162160	-43.024622	320.865154	257.027477	-92.522852	346.806407	204.806611	-77.025816	-308.727354	293.912828	-95.679604	334.708154	241.839662	-79.970077	-291.958600	17.189598	0.786369	119.057626	-18.458052	-0.061402	-118.263699
533	1753709326.577742	170.629278	424.460232	166.617870	100.231372	422.301054	-163.834438	147.664011	161.061078	226.742357	70.115238	182.588488	-192.359090	182.444975	-12.951698	-277.691185	238.152668	-43.098975	320.874035	257.009923	-92.668660	346.803337	205.924094	-76.995872	-309.157610	293.917179	-95.788389	334.723860	242.942557	-79.918966	-292.395651	17.171456	0.764185	119.053744	-18.439075	-0.040268	-118.259557
534	1753709326.610564	170.308009	424.284995	166.563705	99.901073	422.294557	-163.879573	147.604376	160.943389	226.736665	70.050746	182.580814	-192.494616	182.206094	-12.959759	-277.813166	237.912208	-43.605462	320.904970	256.705642	-93.269914	346.824676	205.676332	-76.997429	-309.424847	293.467849	-96.503854	334.726810	242.611140	-79.932295	-292.535722	17.206397	0.760254	119.053878	-18.473851	-0.036682	-118.259445
535	1753709326.647310	170.455679	424.067020	166.544005	100.023903	422.283918	-163.879856	147.707447	160.803214	226.676047	70.115425	182.561308	-192.512408	182.223290	-13.098559	-277.860463	238.007173	-43.729719	320.919544	256.775796	-93.365908	346.830040	205.690950	-77.164091	-309.534043	293.552697	-96.598610	334.745586	242.638990	-80.142088	-292.617261	17.227842	0.755968	119.037926	-18.494662	-0.032740	-118.243456
536	1753709326.676090	170.451730	423.835993	166.519135	100.024834	422.277987	-163.910910	147.667840	160.526901	226.408094	70.120029	182.551041	-192.698821	182.235062	-13.194820	-278.155059	237.937465	-43.786358	320.927799	256.671548	-93.383901	346.859992	205.695495	-77.275589	-309.863657	293.486834	-96.614793	334.837168	242.647856	-80.303498	-292.906344	17.239273	0.743292	119.034134	-18.504491	-0.020794	-118.239418
537	1753709326.711349	170.532957	423.644215	166.370779	100.112163	422.285795	-163.994104	147.643760	159.943715	226.036146	70.125774	182.584852	-192.873046	182.246372	-13.228484	-278.319925	237.799957	-44.322006	320.914388	256.436050	-93.817629	346.887887	205.674276	-77.313930	-309.949279	293.246359	-97.084597	334.943533	242.653623	-80.369823	-293.038011	17.244160	0.754458	119.014360	-18.508697	-0.031954	-118.219912
538	1753709326.752226	169.068351	423.602194	166.319460	99.251680	422.521770	-164.272979	146.373942	159.582928	225.715801	69.599293	182.875097	-193.645880	182.123154	-13.229650	-278.712362	236.065909	-45.040134	320.836365	254.518300	-94.605848	346.976280	205.366880	-77.325918	-310.085684	291.054696	-98.066159	335.107803	242.486656	-80.405369	-293.153703	17.236596	0.772873	119.013689	-18.498106	-0.050562	-118.218407
539	1753709326.782565	168.730468	423.533827	166.319743	99.186264	422.581673	-164.328724	146.049500	159.404457	225.509703	69.599524	182.869956	-193.651244	182.167873	-13.275204	-278.645217	235.891283	-45.175120	320.763379	254.440069	-94.857372	346.893698	205.476493	-77.402718	-310.028911	290.971428	-98.232560	335.043788	242.612824	-80.489911	-293.019414	17.233541	0.770072	119.026557	-18.495051	-0.048112	-118.231259
540	1753709326.816407	168.737173	423.515409	166.296676	99.342555	422.586352	-164.375946	146.068379	159.356579	225.313842	69.869906	182.819590	-193.648204	182.697162	-13.299789	-278.520614	236.105353	-45.175780	320.475936	254.827380	-94.868325	346.508652	206.180200	-77.442586	-309.877008	291.309744	-98.215297	334.646940	243.328467	-80.527306	-292.830914	17.232198	0.776257	119.031407	-18.493680	-0.054391	-118.236199
541	1753709326.850799	168.930814	423.549205	166.272372	99.515781	422.687769	-164.394274	146.251425	159.352913	225.238919	70.116796	182.839721	-193.492651	183.265492	-12.939529	-277.940571	236.520380	-45.010392	320.166111	255.481988	-94.765201	345.997393	206.911400	-77.056877	-309.229225	291.904032	-97.989500	334.046215	244.004637	-80.048949	-292.211235	17.229805	0.785469	119.031757	-18.491892	-0.062878	-118.236542
542	1753709326.886410	168.639690	423.605114	166.303441	99.438943	422.963589	-164.399683	146.069244	159.423754	225.125417	70.105366	183.051258	-193.504766	183.462739	-12.883344	-277.557850	236.514986	-44.497486	319.701046	255.516738	-94.374068	345.653296	207.104579	-77.066526	-308.373600	291.921377	-97.466871	333.699793	244.311318	-80.063090	-291.153401	17.221732	0.792811	119.030327	-18.481761	-0.069915	-118.234590
543	1753709326.924726	167.051375	423.649549	166.285321	97.439140	423.065841	-164.429083	144.677863	159.531236	225.004464	68.848409	183.075666	-193.507105	183.002874	-12.705767	-277.484447	235.631630	-44.286784	319.103479	254.847854	-94.253063	344.888300	206.779614	-76.949291	-308.296502	291.274369	-97.280681	332.765281	243.990138	-79.865932	-291.001171	17.267894	0.787970	119.041979	-18.526029	-0.065181	-118.246004
544	1753709326.956342	163.663268	423.738569	166.357800	94.786763	423.218131	-164.390981	141.268343	159.635097	224.966273	67.515783	183.130577	-193.466797	182.438225	-12.605334	-277.062386	232.162759	-44.284910	319.104433	251.448393	-94.303817	344.913810	206.342816	-76.916307	-307.846546	287.740082	-97.397298	332.778990	243.505090	-79.842001	-290.270716	17.283715	0.786985	119.073763	-18.542036	-0.064214	-118.277632
545	1753709326.985011	163.404420	423.830390	166.324034	94.548501	423.348129	-164.413840	141.038597	159.895629	224.894494	67.219995	183.396414	-193.535030	182.254419	-12.159591	-277.060628	231.860206	-44.244107	318.827718	251.082748	-94.313897	344.636083	206.145912	-76.600738	-307.833403	287.469447	-97.418323	332.424760	243.312195	-79.468429	-290.245622	17.290778	0.768395	119.077802	-18.547963	-0.045472	-118.280813
546	1753709327.025400	162.224129	423.883170	166.330159	92.869371	423.499256	-164.369613	139.401004	160.026267	224.879742	64.648405	183.658525	-193.507180	178.944185	-11.921593	-277.048856	229.557067	-44.310220	318.724126	248.546213	-94.521850	344.552010	202.498302	-76.413989	-307.817400	284.932435	-97.689822	332.275957	239.741534	-79.270788	-290.228218	17.319430	0.774507	119.082607	-18.575117	-0.051347	-118.285216
547	1753709327.053298	158.249751	424.023479	166.507289	89.104630	423.778415	-164.219812	134.588271	160.263106	224.989936	62.433500	184.000313	-193.223462	177.525401	-11.450959	-275.710851	223.320678	-44.321921	318.737090	241.732284	-94.635829	344.562024	201.282650	-76.065324	-306.233019	277.970940	-97.868517	332.274199	238.209844	-78.934498	-288.108289	17.365782	0.768026	119.115092	-18.623747	-0.044733	-118.319653
548	1753709327.092726	157.850578	424.080670	166.601047	88.659957	423.997551	-164.139807	134.165749	160.319984	224.987671	62.045362	184.115037	-192.985594	176.909164	-11.079011	-275.519311	222.627893	-44.363581	318.878055	241.005808	-94.772056	344.697118	200.762376	-75.693347	-306.170464	277.384758	-98.058164	332.406640	237.560451	-78.495584	-287.999958	17.393611	0.737731	119.146816	-18.653020	-0.014394	-118.351862
549	1753709327.120528	157.971576	424.079299	166.622013	88.710271	424.055070	-164.118454	134.325504	160.271764	224.993557	61.888274	184.132233	-192.866191	176.528201	-10.939060	-275.244057	222.901925	-44.424880	318.831772	241.333157	-94.840087	344.647318	200.311005	-75.540304	-305.834979	277.708113	-98.099947	332.329661	237.116367	-78.256130	-287.655294	17.408619	0.728067	119.154029	-18.667046	-0.004380	-118.358329
550	1753709327.156853	156.925976	424.098104	166.767463	87.417796	424.105585	-163.997680	133.379713	160.278007	225.020498	61.098780	184.138820	-192.609236	175.983667	-10.927534	-274.446517	221.966073	-44.537973	318.833798	240.377218	-95.100269	344.642103	199.896052	-75.552858	-305.105537	276.823610	-98.432794	332.301468	236.515015	-78.288630	-286.578625	17.431302	0.714892	119.191118	-18.691489	0.009088	-118.395999
551	1753709327.188058	157.122165	424.151123	166.866735	87.473482	424.128562	-163.708359	133.831546	160.374954	225.072443	61.146107	184.145898	-192.199469	176.007494	-10.914506	-274.027735	222.405970	-44.546183	318.919867	241.010472	-95.144011	344.732642	199.923739	-75.544573	-304.778218	277.451754	-98.510988	332.339823	236.540899	-78.283086	-286.275566	17.439667	0.707820	119.193673	-18.700503	0.015942	-118.398741
552	1753709327.227430	157.681689	424.148947	167.199001	88.165231	424.149573	-163.437814	134.517938	160.381868	225.184947	61.957918	184.171006	-192.084655	177.289873	-10.860694	-273.672611	223.406956	-44.542134	318.991184	242.280856	-95.157146	344.855607	201.315895	-75.517200	-304.207832	278.789967	-98.515928	332.456470	237.999469	-78.248411	-285.679251	17.431924	0.694780	119.195610	-18.691918	0.029085	-118.400253
553	1753709327.265371	156.182468	424.191415	167.289495	86.891674	424.294800	-163.427457	132.741079	160.401806	225.180626	61.309278	184.203625	-191.916198	177.248105	-10.736398	-272.538245	222.009957	-44.728316	319.065779	240.968019	-95.626920	344.976723	201.335043	-75.489461	-302.947164	277.616978	-99.107094	332.542449	238.001421	-78.235619	-284.029484	17.460324	0.690557	119.261526	-18.723682	0.033546	-118.469797
554	1753709327.293366	156.297490	424.211025	167.393014	86.951859	424.340189	-163.396180	133.113489	160.355493	225.340322	61.412159	184.213161	-191.726312	177.590579	-10.619597	-272.207499	222.520232	-44.954740	319.303870	241.536736	-95.965974	345.462352	201.672941	-75.404190	-302.466154	278.210342	-99.481732	332.953125	238.371983	-78.115068	-283.623278	17.465120	0.691050	119.278088	-18.728290	0.033673	-118.485734
555	1753709327.325306	155.050635	424.294800	167.741835	85.577019	424.382448	-163.268119	131.472588	160.403520	225.436166	60.562864	184.221059	-191.542670	177.467868	-10.562933	-271.369904	221.314624	-45.065805	319.578797	240.567908	-96.355006	345.791191	201.665178	-75.397968	-301.491648	277.266562	-99.892303	333.181888	238.323748	-78.110926	-282.340109	17.516103	0.687171	119.336724	-18.784244	0.038357	-118.547529
556	1753709327.360949	155.123532	424.300194	167.783454	85.624322	424.480975	-163.207352	131.590769	160.391182	225.644156	60.595483	184.302077	-191.397846	177.708328	-10.394378	-271.100253	221.436441	-45.155711	319.890529	240.679681	-96.521899	346.176863	202.001944	-75.328603	-301.119059	277.376980	-100.020394	333.567739	238.683790	-78.038871	-281.999469	17.519660	0.685289	119.344570	-18.787753	0.040708	-118.555494
557	1753709327.397837	155.609727	424.308181	167.864949	86.450145	424.504042	-163.161337	132.149875	160.444960	225.811020	61.728388	184.383780	-191.376328	180.093199	-10.111569	-270.951778	222.359732	-45.164239	319.949538	241.928875	-96.542850	346.205235	204.982668	-75.066231	-300.852954	278.655320	-100.034319	333.590418	241.615579	-77.702306	-281.738043	17.501475	0.662001	119.352691	-18.769329	0.063462	-118.563600
558	1753709327.432237	158.683807	424.251169	167.880550	90.088949	424.475610	-163.153246	135.244563	160.450429	225.971207	64.757705	184.463412	-191.367283	183.923557	-9.844194	-270.944029	225.958109	-45.175079	319.977105	246.050060	-96.579038	346.222967	209.120482	-74.832752	-300.792247	282.838970	-100.045227	333.600998	245.823592	-77.477552	-281.722933	17.449014	0.643818	119.355895	-18.714499	0.081726	-118.566148
559	1753709327.466868	160.093993	424.238533	167.814419	92.287622	424.486578	-163.281098	136.451125	160.453916	225.987062	66.444717	184.478641	-191.326439	186.311603	-9.493160	-270.818681	227.544129	-45.184717	319.979429	247.763425	-96.615255	346.219987	211.607143	-74.446239	-300.553530	284.543186	-100.056536	333.605647	248.419464	-77.065758	-281.632125	17.396536	0.666545	119.360708	-18.660892	0.060556	-118.570499
560	1753709327.497639	161.297947	424.250096	167.839825	93.264557	424.493343	-163.310632	136.773929	160.481900	226.077154	67.008108	184.572175	-191.310078	186.991736	-9.138321	-270.796269	227.621675	-45.193680	320.018739	247.792557	-96.635342	346.279383	212.266237	-74.004933	-300.405622	284.662336	-100.051343	333.735079	249.057323	-76.543659	-281.560630	17.344773	0.593866	119.370326	-18.609099	0.132955	-118.579023
561	1753709327.535904	163.534045	424.252629	167.760119	96.414708	424.453944	-163.374558	138.665169	160.491720	226.064757	69.742613	184.565857	-191.278189	189.914927	-8.924155	-270.788014	230.067834	-45.207970	319.990426	250.383347	-96.685618	346.183598	215.325639	-73.704489	-300.395429	287.549347	-100.060917	333.692461	252.158344	-76.143339	-281.603158	17.253486	0.592311	119.370706	-18.518256	0.134761	-118.578456
562	1753709327.567943	164.259404	424.185634	167.941436	96.591942	424.168348	-163.313657	139.149785	160.495430	226.092890	69.700241	184.304401	-191.234902	189.666510	-9.352147	-270.778447	230.428934	-45.351993	320.091486	250.780284	-96.924506	346.318871	215.007678	-74.183360	-300.379038	288.086146	-100.320823	333.793521	251.817495	-76.657988	-281.590044	17.246718	0.557449	119.387470	-18.511582	0.169526	-118.594050
563	1753709327.602851	166.256055	424.025357	167.988807	97.979665	424.076289	-163.295940	140.816212	160.455018	226.249635	70.465825	184.281662	-191.153511	190.014914	-9.345807	-270.706415	232.192218	-45.391977	320.099771	252.719611	-96.992262	346.281767	215.377271	-74.192457	-300.251544	290.138304	-100.332119	333.747536	252.185166	-76.666705	-281.515718	17.232606	0.524362	119.392037	-18.497951	0.202590	-118.598253
564	1753709327.636064	167.698860	423.977464	168.090791	98.753132	424.074173	-163.204461	142.025828	160.461187	226.388305	70.888817	184.313297	-191.085413	190.266430	-9.331825	-270.630866	233.897701	-45.400422	320.150077	254.825562	-97.042479	346.287757	215.675563	-74.252293	-300.039738	292.419940	-100.339711	333.754689	252.544552	-76.728195	-281.294495	17.221754	0.483761	119.395226	-18.488115	0.243503	-118.601158
565	1753709327.668049	171.063796	423.834234	168.311805	101.705715	423.925787	-163.028821	145.995602	160.462752	226.713941	73.713101	184.268758	-190.984741	192.364886	-9.528592	-270.515263	238.930494	-45.437824	320.327878	260.803193	-97.188063	346.391439	218.069464	-74.638039	-299.829811	298.447281	-100.398324	333.782494	255.050600	-77.190712	-281.017274	17.140435	0.472797	119.395584	-18.410293	0.254490	-118.601561
566	1753709327.704006	174.928859	423.264414	168.352097	104.137495	423.661560	-162.830025	149.871379	160.079658	226.931304	74.698366	184.061453	-190.628007	192.249522	-9.973149	-270.435154	241.865471	-46.180055	320.641607	263.584733	-98.131329	346.707821	217.950821	-75.234741	-299.759030	301.182181	-101.364762	333.965898	254.904985	-77.997483	-280.989766	17.114408	0.454637	119.375080	-18.385295	0.274111	-118.580319
567	1753709327.738477	175.971553	423.127085	168.495834	105.388150	423.597723	-162.629083	151.286930	160.035640	227.095976	76.078966	184.034050	-190.400004	193.387896	-10.057201	-270.210862	243.870541	-46.306700	320.895821	265.923291	-98.480485	346.929729	219.010755	-75.487241	-299.443752	303.524226	-101.656817	334.154487	256.098002	-78.329392	-280.710906	17.051296	0.446070	119.377702	-18.324312	0.283287	-118.583128
568	1753709327.773975	177.669957	423.118621	168.511286	106.366485	423.550338	-162.654787	153.051078	160.193443	227.140203	76.842889	184.026167	-190.401778	194.091260	-10.108781	-270.230889	246.481568	-46.247207	320.933968	269.131988	-98.498210	346.943617	219.725817	-75.623065	-299.426496	306.785047	-101.638220	334.160089	257.045895	-78.501970	-280.713379	17.036181	0.439697	119.380131	-18.310845	0.290258	-118.585408
569	1753709327.803189	177.829117	423.048943	168.526456	106.253460	423.511654	-162.644073	153.033644	160.215214	227.150127	76.712109	184.005782	-190.367311	193.953201	-10.243702	-270.215929	246.289775	-46.281930	320.949882	268.836945	-98.693237	346.950710	219.603717	-75.969063	-299.375206	306.469440	-101.798579	334.140271	256.967008	-78.943163	-280.663073	17.076891	0.421182	119.378127	-18.356401	0.309766	-118.583731
570	1753709327.839319	178.395271	423.006982	168.540463	106.379539	423.491478	-162.639380	153.419316	160.270929	227.230102	76.711647	184.014902	-190.252572	193.918169	-10.204000	-270.107359	246.501774	-46.286121	321.038991	268.993944	-98.739825	347.028613	219.544634	-75.962178	-299.192935	306.656986	-101.825275	334.176928	256.922752	-78.943126	-280.531943	17.070254	0.412077	119.379684	-18.350342	0.319996	-118.585162
571	1753709327.874497	180.335969	422.459304	168.614134	107.302547	423.268199	-162.494630	155.887201	159.940690	227.265373	77.301927	183.832511	-190.180525	193.953440	-10.496883	-270.146459	248.948947	-46.541646	321.127862	271.739841	-99.081986	347.138107	219.529733	-76.349139	-299.265206	309.320956	-102.130800	334.214866	256.936073	-79.480864	-280.624449	17.067950	0.400694	119.377106	-18.348984	0.332427	-118.582509
572	1753709327.909908	181.766957	422.267318	168.618992	108.109593	423.236012	-162.386268	157.528117	159.802869	227.284446	77.441379	183.829874	-189.918652	193.653971	-10.512117	-270.133436	250.109196	-46.870984	321.193963	272.804409	-99.535666	347.213864	218.926996	-76.365374	-299.251616	310.364902	-102.615312	334.258229	256.423086	-79.528064	-280.660838	17.039599	0.395327	119.364396	-18.320668	0.338883	-118.568555
573	1753709327.940640	182.222217	422.222823	168.804795	108.953789	423.215061	-162.313983	158.124626	159.811899	227.514014	78.863345	183.834091	-189.895093	195.117638	-10.519493	-270.132482	251.022011	-46.703096	321.213365	273.865104	-99.378072	347.211003	220.619768	-76.392569	-299.248993	311.451703	-102.283455	334.218562	258.060545	-79.557858	-280.652016	16.953226	0.351168	119.369872	-18.236795	0.383974	-118.574001
574	1753709327.977181	182.337210	422.258526	168.989420	109.629087	423.230320	-161.947310	158.229187	159.909919	227.587134	79.509079	183.852762	-189.547271	195.390806	-10.531241	-269.938171	251.151204	-46.341036	321.232080	273.952335	-98.977841	347.217739	220.861122	-76.425053	-299.065322	311.543792	-101.826847	334.208518	258.293480	-79.592235	-280.474871	16.751407	0.350225	119.360700	-18.034296	0.385759	-118.564993
575	1753709328.008158	182.513773	422.387034	169.012815	110.074893	423.364848	-161.931589	158.285245	159.965590	227.617696	79.829700	183.953643	-189.333707	195.812330	-10.445172	-269.869685	251.506001	-45.909446	321.287304	274.386734	-98.517589	347.250164	221.354425	-76.398671	-298.992664	312.147170	-101.171665	334.245324	258.810401	-79.575911	-280.425310	16.638920	0.353502	119.363382	-17.924452	0.383947	-118.567713
576	1753709328.048206	182.459220	422.488213	169.280663	109.945379	423.399657	-161.784053	158.184350	160.158440	227.819845	79.721138	184.016615	-189.263716	195.786461	-10.451572	-269.814581	251.400322	-45.577835	321.345448	274.297714	-98.180905	347.276777	221.319720	-76.433115	-298.877060	312.071294	-100.692354	334.269077	258.775383	-79.611786	-280.266434	16.631793	0.323869	119.367287	-17.918598	0.413485	-118.571654
577	1753709328.083659	181.627348	422.895491	169.276252	109.755546	423.594326	-161.784932	157.169595	160.477951	227.837637	79.573125	184.244975	-189.247787	195.793211	-9.910448	-269.814789	250.652760	-44.954058	321.330875	273.499876	-97.519457	347.215950	221.344024	-75.870566	-298.863322	311.331451	-99.815555	334.245652	258.799285	-78.826949	-280.279785	16.571056	0.341902	119.366720	-17.857289	0.396125	-118.570879
578	1753709328.118633	181.149960	423.136353	169.315323	109.724827	423.755288	-161.705360	156.531125	160.819203	227.927446	79.539664	184.593424	-189.226195	195.774868	-9.659627	-269.819528	250.226945	-44.263028	321.436346	273.087472	-96.764684	347.287089	221.322507	-75.691789	-298.856586	310.938060	-98.932318	334.358901	258.777171	-78.626357	-280.288368	16.471826	0.359059	119.366236	-17.758878	0.379755	-118.570648
579	1753709328.145096	180.661783	423.209667	169.417530	109.693341	423.912704	-161.595210	156.274870	160.830110	228.098512	79.638228	184.698865	-188.907176	196.177214	-9.483972	-269.703060	250.136137	-44.230070	321.852297	272.973448	-96.675992	347.711563	221.809492	-75.415067	-298.803568	310.844362	-98.829493	334.911227	259.210199	-78.307733	-280.248731	16.310504	0.362204	119.368032	-17.594360	0.376491	-118.572459
580	1753709328.182134	179.973334	423.418850	169.410497	108.949006	424.064368	-161.589265	155.843571	161.006913	228.089064	78.667000	184.933901	-188.980862	195.637703	-9.370844	-269.703180	250.025004	-43.925382	321.773946	272.912472	-96.348315	347.600073	221.219078	-75.339697	-298.785478	310.718745	-98.473802	334.813178	258.746743	-78.211844	-280.245215	16.295679	0.373403	119.366214	-17.579613	0.365918	-118.570253
581	1753709328.214373	179.077089	424.012810	169.412374	108.759195	424.406737	-161.703616	155.052543	161.350831	228.082746	78.618065	185.270235	-189.038411	195.951164	-8.570914	-269.770741	249.871776	-42.872634	321.757704	272.831142	-95.341668	347.552359	221.699834	-74.695423	-298.820049	310.647190	-97.126171	334.803104	259.249628	-77.419028	-280.320257	16.255660	0.379991	119.387813	-17.539807	0.360325	-118.591808
582	1753709328.248301	178.127706	424.473256	169.287607	108.478300	424.793363	-161.805019	153.835863	161.660150	227.984637	78.098133	185.793445	-189.237341	195.659816	-8.203487	-269.836456	249.035299	-42.358607	321.603984	271.925062	-94.752245	347.296625	221.402183	-74.415304	-298.851788	309.737533	-96.468188	334.654927	258.973807	-77.061221	-280.416876	16.198996	0.408558	119.385064	-17.481349	0.333304	-118.589237
583	1753709328.285715	176.886201	425.049841	169.251427	107.661836	425.174475	-161.828771	152.546927	161.945462	227.950647	76.855250	186.289296	-189.329237	194.457084	-7.763854	-269.835025	247.512192	-42.207405	321.495801	270.114034	-94.588950	347.242653	219.890878	-73.975399	-298.764139	307.800174	-96.341468	334.632069	257.553309	-76.483034	-280.389875	16.156748	0.464597	119.382553	-17.436255	0.278906	-118.586026
584	1753709328.317452	173.259959	425.235301	169.132367	104.904473	425.340533	-161.864132	148.823321	162.137732	227.754578	74.816838	186.427221	-189.529076	192.950070	-7.713533	-269.962311	243.063390	-41.617390	321.322918	264.632285	-93.643680	347.085178	218.263939	-73.907480	-298.889816	302.036703	-95.454715	334.560305	255.846053	-76.345526	-280.555487	16.150068	0.475524	119.369045	-17.428210	0.267308	-118.572436
585	1753709328.348431	172.032937	425.768495	169.108406	103.084676	425.579280	-161.857009	147.728845	162.748516	227.702036	73.047251	186.820388	-189.620003	191.890985	-7.221628	-269.970447	242.204577	-40.829383	321.137816	263.959855	-92.833854	346.794844	217.239037	-73.392838	-298.875004	301.237464	-94.592378	334.324121	254.886150	-75.700931	-280.556023	16.156880	0.477003	119.368628	-17.434895	0.265749	-118.571654
586	1753709328.387982	170.914531	425.766230	169.107184	102.088168	425.594628	-161.858767	146.512702	162.772655	227.488458	72.252907	186.838508	-189.982370	191.008210	-7.418958	-270.304203	240.236700	-40.803555	321.006238	261.753470	-92.805371	346.683085	216.223776	-73.659539	-299.222320	298.778236	-94.584741	334.265888	253.915727	-76.093480	-280.879289	16.182929	0.470344	119.370647	-17.459666	0.271605	-118.573397
587	1753709328.422280	169.934019	425.938010	169.129729	101.030983	425.835460	-161.888644	145.498812	162.929311	227.364153	71.752511	186.961025	-190.153793	190.894783	-7.375149	-270.426810	239.611611	-40.597618	320.766091	261.271477	-92.707381	346.375793	216.203257	-73.653527	-299.323797	298.431307	-94.436772	333.906293	253.884614	-76.088428	-280.903101	16.189503	0.470632	119.382210	-17.465660	0.271277	-118.584797
588	1753709328.454762	169.134483	425.985515	169.308662	100.406297	426.068068	-161.685184	144.433841	163.032487	227.360472	71.280621	187.309429	-190.161288	190.550119	-7.293753	-270.398200	238.369405	-40.389165	320.737273	260.035098	-92.533864	346.299827	215.913668	-73.633924	-299.262553	297.227442	-94.220892	333.847910	253.581464	-76.074660	-280.743778	16.183903	0.467100	119.389020	-17.460056	0.274334	-118.591450
589	1753709328.490927	168.027639	426.361948	169.320166	98.919399	426.584929	-161.680967	142.856464	163.508669	227.239132	69.462866	187.938705	-190.208942	189.043298	-7.055531	-270.386487	236.970529	-39.859969	320.648253	258.767754	-92.143908	346.206367	214.449778	-73.564872	-299.183965	296.082288	-93.835130	333.779752	252.175897	-76.028742	-280.629873	16.188465	0.466802	119.398929	-17.464621	0.274822	-118.601054
590	1753709328.521013	167.534977	426.491976	169.509530	98.288916	427.043885	-161.640093	142.384946	163.592681	227.216318	68.875611	188.375533	-190.267399	188.588306	-6.949999	-270.429283	236.547306	-39.667454	320.528358	258.359343	-91.927752	346.026003	214.065313	-73.533885	-299.217284	295.742184	-93.553931	333.639622	251.838326	-76.007873	-280.632436	16.204340	0.422507	119.422883	-17.480282	0.317541	-118.624449
591	1753709328.560038	167.338610	426.606864	169.484451	97.916849	427.298009	-161.663964	141.936541	163.635284	226.984352	68.301454	188.650042	-190.428093	187.884778	-6.935248	-270.475298	235.851347	-39.669536	320.330769	257.556140	-91.945246	345.857233	213.329494	-73.566124	-299.229354	295.099527	-93.591295	333.494186	251.121849	-76.058589	-280.631423	16.211558	0.423562	119.426742	-17.487211	0.316363	-118.628271
592	1753709328.589304	167.721927	426.625639	169.343367	98.776720	427.318603	-161.693394	142.699525	163.669959	226.916015	69.360405	188.701198	-190.508381	188.741654	-6.830222	-270.648748	236.818001	-39.469752	320.314884	258.613616	-91.602378	345.838487	214.320332	-73.434561	-299.531579	296.042800	-93.248740	333.477378	252.052933	-75.952336	-280.986160	16.181314	0.447708	119.423255	-17.456802	0.291946	-118.624732
593	1753709328.624710	167.962492	426.634341	169.244081	98.877676	427.349538	-161.737815	142.746404	163.663343	226.700425	69.248162	188.731715	-190.891266	187.885553	-6.931562	-271.085799	236.839145	-39.455757	320.269138	258.638382	-91.537468	345.820159	213.217869	-73.618673	-299.939364	296.072096	-93.206212	333.462030	251.067936	-76.193467	-281.425893	16.182136	0.474792	119.414762	-17.457116	0.265735	-118.616454
594	1753709328.656780	167.885631	426.724404	169.224799	98.888800	427.515447	-161.704615	142.589614	163.696438	226.634413	69.184706	188.934982	-190.988481	187.655047	-6.915039	-271.151036	236.553073	-39.444450	320.168316	258.297324	-91.529079	345.667481	212.968066	-73.623218	-300.024152	295.738339	-93.205482	333.339572	250.788748	-76.200567	-281.497151	16.148088	0.509161	119.401850	-17.422538	0.232271	-118.604161
595	1753709328.693546	168.351203	426.740468	169.212759	99.732511	427.657545	-161.762968	142.943382	163.693696	226.613045	69.744363	189.133272	-191.247597	187.917933	-6.887817	-271.238983	236.883864	-39.465409	320.153683	258.631259	-91.551520	345.648676	213.269025	-73.627189	-300.098270	296.174705	-93.227066	333.326548	251.073956	-76.205909	-281.526059	16.131718	0.511370	119.401887	-17.406043	0.230409	-118.604220
596	1753709328.727681	168.398991	426.736057	169.174731	99.739708	427.689612	-161.802262	142.944470	163.641021	226.513728	69.683939	189.194500	-191.874012	187.711641	-6.916035	-271.785080	236.695319	-39.756738	320.138752	258.376151	-91.854572	345.664769	212.995693	-73.701642	-300.559372	295.908511	-93.628109	333.361089	250.850976	-76.311968	-281.952888	16.138870	0.532491	119.384281	-17.412798	0.209622	-118.587010
597	1753709328.762244	170.032889	426.708788	169.180840	100.853980	427.699059	-161.827609	144.352481	163.597018	226.499975	70.196606	189.216509	-192.078933	187.747806	-7.141440	-272.042036	238.161057	-40.061679	320.461690	260.103136	-92.218474	346.106440	213.026151	-74.021824	-300.841302	297.871321	-94.104663	333.749652	250.893593	-76.749384	-282.172590	16.139034	0.525844	119.387589	-17.413223	0.216739	-118.590161
598	1753709328.797172	170.938313	426.680028	168.806583	102.363318	427.701980	-162.009403	145.507663	163.552552	226.325706	71.634665	189.292803	-192.691684	188.736111	-7.150134	-272.598952	238.831758	-40.619109	320.580065	260.614485	-92.793860	346.399873	213.946909	-74.044675	-301.496506	298.301965	-95.004037	334.101409	251.804054	-76.778561	-282.877803	16.119024	0.553903	119.360819	-17.392669	0.189775	-118.563674
599	1753709328.829681	171.851769	426.519483	168.772772	103.112824	427.695364	-162.230894	146.382943	163.337991	226.309970	72.704948	189.316228	-193.054602	190.203592	-7.170853	-272.781432	239.986762	-40.932201	321.015269	262.029290	-93.181632	346.921563	215.735689	-74.132942	-301.645935	299.832106	-95.341876	334.645063	253.622711	-76.933496	-282.935411	16.130056	0.541730	119.374223	-17.405298	0.202102	-118.577145
600	1753709328.864477	172.673479	426.404357	168.655530	104.054928	427.687854	-162.302256	147.115260	163.290262	226.294801	73.724985	189.356074	-193.232283	191.129163	-7.167503	-272.807926	240.706712	-41.028451	321.549118	262.863189	-93.246602	347.606480	216.894522	-74.137740	-301.688612	300.655544	-95.428623	335.359633	254.730672	-76.944552	-282.947451	16.117180	0.548278	119.366571	-17.393265	0.195810	-118.570074
601	1753709328.901488	173.159987	426.129073	168.601841	104.563318	427.604228	-162.325114	147.688761	163.111791	226.240650	74.254625	189.373389	-193.252861	191.797405	-7.166156	-272.823811	241.268665	-41.301537	321.723402	263.479650	-93.556501	347.839653	217.640653	-74.142940	-301.703066	301.164627	-95.799558	335.637152	255.525261	-76.971494	-282.963783	16.127719	0.551413	119.363695	-17.404936	0.192851	-118.567675
602	1753709328.944952	174.009398	426.064789	168.577611	105.391383	427.551985	-162.524745	148.700520	162.856773	226.230860	75.321883	189.266741	-193.408400	192.871243	-7.187021	-273.186982	242.383495	-41.587982	321.877480	264.569849	-93.856096	348.053008	218.821108	-74.160486	-302.178025	302.508652	-96.083418	335.806608	256.567627	-76.983064	-283.377200	16.117847	0.534124	119.382791	-17.395487	0.211582	-118.586034
603	1753709328.971725	174.777061	425.961375	168.264523	105.974995	427.459955	-162.793458	149.597377	162.534803	226.054594	75.553641	189.118907	-193.476349	192.878723	-7.227626	-273.665190	243.131176	-41.878615	321.899951	265.160620	-94.038293	348.140180	218.806148	-74.166037	-302.903891	303.097099	-96.321300	335.888594	256.553441	-76.994523	-284.359306	16.115643	0.546972	119.382270	-17.392894	0.199922	-118.585184
604	1753709329.003489	175.762728	425.907642	168.190435	106.899709	427.464426	-162.934303	151.354894	162.223220	225.952700	76.613851	189.124778	-193.497494	194.531292	-6.911702	-273.819327	245.845690	-42.049505	321.910620	268.009812	-94.257869	348.191172	220.314696	-73.841698	-303.107768	306.105196	-96.501663	335.947543	258.232921	-76.615714	-284.713894	16.128894	0.553522	119.391724	-17.405311	0.194968	-118.593834
605	1753709329.037721	177.599430	425.902069	168.149948	108.468257	427.438170	-162.952200	152.908698	162.165701	225.857332	77.616043	189.101592	-193.371877	195.192814	-6.755065	-273.882627	247.600853	-42.215351	321.964532	269.849539	-94.479233	348.276556	220.874786	-73.600203	-303.261667	308.248997	-96.739545	336.056352	258.782506	-76.243453	-285.086125	16.113775	0.564435	119.385853	-17.389929	0.186078	-118.587285
606	1753709329.069890	178.953335	425.915867	168.041080	110.607229	427.461892	-163.011432	155.645028	162.050396	225.838855	79.940215	189.104572	-193.365902	197.074190	-6.504242	-273.901969	250.869721	-42.231381	321.970284	273.092121	-94.479278	348.291576	222.478539	-73.104978	-303.317398	311.170995	-96.733153	336.066991	260.483354	-75.629115	-285.288036	16.043393	0.606719	119.373649	-17.317481	0.147417	-118.574031
607	1753709329.102799	178.027138	425.910473	167.998418	109.488294	427.569032	-163.031772	155.329004	161.779210	225.879908	79.485446	189.129695	-193.407834	196.812153	-6.337585	-274.049610	250.335693	-42.845950	321.963727	272.226691	-95.039956	348.309845	222.130358	-72.821975	-303.484797	309.856355	-97.354919	336.054534	260.120302	-75.279504	-285.454541	16.064905	0.678844	119.360976	-17.337082	0.078605	-118.561424
608	1753709329.167871	178.008080	426.043719	167.810559	109.460063	427.779555	-163.172767	155.290604	161.736891	225.704759	79.384178	189.202264	-193.433210	196.669772	-6.150789	-274.157763	250.225693	-42.899821	321.429580	272.137046	-95.074803	348.106742	221.778125	-72.595663	-303.531319	309.780657	-97.430155	335.745513	259.878814	-75.058147	-285.612375	16.064877	0.783062	119.333945	-17.336190	-0.018995	-118.533775
609	1753709329.193592	177.762792	426.003397	167.748600	109.243385	427.842498	-163.191125	155.090317	161.425486	225.689724	79.276159	189.238489	-193.446025	196.500465	-5.997451	-274.391085	249.526605	-43.429814	321.453273	270.933479	-95.566206	348.208845	221.505269	-72.369240	-303.835332	308.368564	-98.018482	335.828364	259.584457	-74.814126	-285.986871	16.080761	0.811495	119.329266	-17.350929	-0.045386	-118.529104
610	1753709329.219725	177.684203	425.917208	167.631984	109.220363	427.796036	-163.263619	155.025929	161.259219	225.602806	79.316139	189.108387	-193.576097	196.529239	-6.098333	-274.557650	249.335200	-43.844257	321.336269	270.604819	-96.032940	347.989470	221.558660	-72.440460	-304.114550	307.998151	-98.537631	335.498095	259.587020	-74.869394	-286.172509	16.074736	0.820602	119.324416	-17.344197	-0.053899	-118.523911
611	1753709329.246298	178.536534	425.950378	167.578414	109.707750	427.876741	-163.313329	155.949399	161.179855	225.587234	79.540052	189.139053	-193.589374	196.486741	-5.950675	-274.856895	249.632895	-43.949664	321.259290	270.789653	-96.181422	347.947448	221.411660	-72.241999	-304.499090	308.135718	-98.675989	335.381806	259.450704	-74.638315	-286.686659	16.106755	0.828038	119.320199	-17.376756	-0.059561	-118.519694
612	1753709329.273835	177.320525	426.136851	167.443901	109.029323	428.115398	-163.361326	155.325323	161.188692	225.555122	79.242237	189.302191	-193.609163	196.161240	-5.515682	-274.931699	248.615652	-43.991543	321.137100	269.478530	-96.267231	347.873688	220.951080	-71.697004	-304.545373	306.508213	-98.793142	335.274965	258.988917	-74.046932	-286.766022	16.107071	0.862929	119.317688	-17.376948	-0.092882	-118.517019
613	1753709329.311649	177.490383	426.178545	167.419150	109.453507	428.203970	-163.381070	155.514508	161.171719	225.617275	80.038756	189.384922	-193.579286	197.437361	-5.099183	-274.908334	248.882696	-44.025093	321.162403	269.813567	-96.324854	347.892731	222.419664	-71.228132	-304.506719	306.852967	-98.824248	335.277379	260.447055	-73.483258	-286.738664	16.087424	0.869291	119.312659	-17.358446	-0.097686	-118.512094
614	1753709329.340795	176.690862	426.188260	167.397857	108.852156	428.236455	-163.374916	154.750526	161.157563	225.618675	79.788610	189.390600	-193.456516	197.234288	-5.062478	-274.841398	247.772157	-44.107232	321.169078	268.566459	-96.455768	347.891062	222.260296	-71.167722	-304.478198	305.404395	-98.970003	335.255176	260.265350	-73.427618	-286.697567	16.101649	0.886989	119.308427	-17.373901	-0.114935	-118.508436
615	1753709329.375693	174.356043	426.120549	167.378038	106.709093	428.224534	-163.411751	152.301863	161.121026	225.604936	78.025423	189.262733	-193.574637	195.101351	-5.401332	-274.941266	244.907647	-44.173978	321.129441	265.381128	-96.508697	347.878665	219.893396	-71.508668	-304.558605	301.824272	-99.077880	335.205376	257.876575	-73.857516	-286.729515	16.156815	0.931248	119.308472	-17.427394	-0.160143	-118.508726
616	1753709329.408044	174.078152	426.123470	167.357728	106.617995	428.238422	-163.425028	152.036250	161.115587	225.600675	78.000791	189.290404	-193.557009	195.181012	-5.285023	-274.951547	244.769305	-44.196613	321.099401	265.259176	-96.530132	347.836733	219.978631	-71.366832	-304.560184	301.666677	-99.098697	335.164994	257.979363	-73.726244	-286.740780	16.166054	0.968930	119.299285	-17.436914	-0.197033	-118.500225
617	1753709329.446917	173.752621	425.991535	167.341858	106.316872	428.241462	-163.419917	152.010858	160.933480	225.624844	77.987775	189.295694	-193.579957	195.299596	-5.212963	-275.012106	244.771749	-44.523448	321.112752	265.271485	-96.892878	347.862244	220.110595	-71.276203	-304.631382	301.682532	-99.503443	335.167110	258.138150	-73.643319	-286.798686	16.195592	0.977280	119.296767	-17.466269	-0.204897	-118.497819
618	1753709329.477910	173.755869	425.984412	167.390734	106.288418	428.188384	-163.373381	152.069494	160.925329	225.741133	77.961437	189.222366	-193.569183	195.072040	-5.271988	-275.027543	244.868025	-44.703778	321.269810	265.390813	-97.095996	347.976059	219.834298	-71.288891	-304.684609	301.832378	-99.765033	335.231006	257.843792	-73.652752	-286.863416	16.200835	0.971318	119.294874	-17.472159	-0.198844	-118.495844
619	1753709329.513944	173.651606	425.993264	167.437881	106.084153	428.179920	-163.337231	151.756003	161.055908	225.906417	77.704147	189.186946	-193.539128	194.836125	-5.316039	-274.934292	244.584903	-44.721868	321.268082	265.203416	-97.119480	347.865045	219.731942	-71.306877	-304.622591	301.694363	-99.782676	335.012496	257.688016	-73.653266	-286.706626	16.205227	0.971181	119.296841	-17.477220	-0.198559	-118.498094
620	1753709329.545790	172.451600	425.891370	167.431906	104.943581	428.138763	-163.331136	149.630338	161.052316	225.924298	76.615505	189.157039	-193.607107	193.841770	-5.560008	-274.917185	241.846189	-44.826336	321.253061	262.251168	-97.249702	347.787470	218.891740	-71.630359	-304.594964	298.617691	-99.937588	334.882677	256.732553	-74.055925	-286.560059	16.237501	0.976331	119.298421	-17.510090	-0.203696	-118.500166
621	1753709329.584680	170.516774	425.874263	167.487875	103.067763	428.114504	-163.327038	147.288665	161.060989	225.974530	75.202964	188.973144	-193.616524	192.453206	-5.926841	-274.906546	239.634737	-44.844672	321.260214	260.009110	-97.272478	347.751647	217.675522	-72.116472	-304.599732	296.362102	-99.959530	334.800303	255.295843	-74.578211	-286.480963	16.315358	0.979514	119.313464	-17.591514	-0.206835	-118.517220
622	1753709329.617277	170.235798	425.838739	167.395353	102.843426	428.098619	-163.388580	146.692976	161.061734	225.971222	74.983925	188.918203	-193.657666	192.446530	-5.974090	-274.878591	239.088103	-44.897199	321.169049	259.461492	-97.397394	347.511292	217.692256	-72.217934	-304.556489	295.979202	-100.059718	334.552407	255.304247	-74.666433	-286.372691	16.346445	0.982220	119.312547	-17.622702	-0.209431	-118.516572
623	1753709329.653341	169.979736	425.815314	167.384148	102.715366	428.080469	-163.395852	146.371379	161.048546	226.005659	74.982837	188.831702	-193.650439	192.827478	-6.011693	-274.699032	238.883570	-44.987060	321.106881	259.275049	-97.535253	347.325027	218.284503	-72.265118	-304.351479	295.850813	-100.158475	334.323883	255.851686	-74.695192	-286.056161	16.353348	0.976276	119.312719	-17.629756	-0.203701	-118.516825
624	1753709329.681149	170.268983	425.628692	167.406574	102.898955	428.062618	-163.347930	146.390468	160.886645	226.022080	75.072378	188.743427	-193.498045	193.078682	-6.092417	-274.477780	238.880455	-45.066692	321.044028	259.265810	-97.681612	347.139060	218.597293	-72.441891	-304.116845	295.887619	-100.230046	334.151655	256.169945	-74.886940	-285.728455	16.369119	0.964337	119.314849	-17.646600	-0.190455	-118.519194
625	1753709329.717529	169.286385	425.645411	167.408139	102.255411	428.093195	-163.335010	145.572603	160.948932	226.055324	74.836873	188.734740	-193.372115	193.026006	-6.072537	-274.046779	238.108426	-45.004047	321.009874	258.477479	-97.651243	347.045779	218.589395	-72.436057	-303.630054	295.104951	-100.182153	334.000140	256.143689	-74.868433	-285.059750	16.378975	0.954907	119.319580	-17.656686	-0.181279	-118.524380
626	1753709329.755650	169.169560	425.671875	167.425781	102.154858	428.168476	-163.322031	145.497590	161.009371	226.124689	74.798301	188.740149	-193.343654	193.026990	-6.055799	-273.900539	238.051221	-44.894028	320.963621	258.431941	-97.585976	346.942067	218.594447	-72.438747	-303.438276	295.085281	-100.052841	333.829552	256.151021	-74.863605	-284.761459	16.391015	0.953972	119.325966	-17.668797	-0.180062	-118.530788
627	1753709329.788115	168.863416	425.640315	167.405322	101.663098	428.101540	-163.331941	145.204186	161.031112	225.977018	74.368387	188.656658	-193.383053	192.759186	-6.119629	-273.893088	237.858146	-44.790540	320.626646	258.284032	-97.487964	346.542001	218.310356	-72.517931	-303.416818	294.924259	-99.932000	333.432168	255.858213	-74.913897	-284.727693	16.435454	0.957354	119.329132	-17.711697	-0.183705	-118.533872
628	1753709329.820169	168.432429	425.637424	167.450294	101.250440	428.133428	-163.246021	145.001575	161.108524	226.029664	74.309736	188.665405	-193.262205	192.816332	-6.116433	-273.510903	237.706706	-44.752844	320.611775	258.153200	-97.465366	346.490473	218.445078	-72.523393	-303.048581	294.803500	-99.910177	333.342403	255.988985	-74.918404	-284.174919	16.442277	0.949663	119.328529	-17.718701	-0.176835	-118.533313
629	1753709329.851518	169.103399	425.545394	167.642042	101.378679	428.041875	-163.093328	145.613998	161.139086	226.122141	74.304551	188.560918	-193.191200	192.502469	-6.315693	-273.519725	238.143891	-44.609264	320.601076	258.641571	-97.258963	346.463323	217.977613	-72.680227	-303.093374	295.416087	-99.670574	333.291322	255.546123	-75.101152	-284.228504	16.450118	0.900329	119.328268	-17.726647	-0.128435	-118.532643
630	1753709329.888948	169.660971	425.495237	167.673990	101.461723	427.947223	-163.015917	145.975485	161.162257	226.135567	74.148491	188.376427	-193.104669	191.270545	-6.929308	-273.394585	238.244295	-44.601798	320.544928	258.740067	-97.252831	346.387416	216.340303	-73.344834	-302.903235	295.534104	-99.673696	333.169073	253.903598	-75.852424	-284.068018	16.456433	0.869009	119.320400	-17.732942	-0.097236	-118.523918
631	1753709329.921665	170.062125	424.995333	167.646497	101.805195	427.348584	-163.003311	146.190599	161.053926	226.129606	74.179076	187.686101	-193.101421	190.784261	-8.145617	-273.491442	238.227829	-44.788461	320.535123	258.702695	-97.392969	346.368045	215.667903	-74.427746	-303.088486	295.479536	-99.869594	333.144099	253.166944	-77.139087	-284.266323	16.459968	0.864546	119.308069	-17.736504	-0.093522	-118.510798
632	1753709329.957831	171.314105	424.780816	167.720035	102.666043	427.237093	-162.903816	147.630498	160.971895	226.153478	74.816838	187.314823	-192.765296	190.845624	-8.564826	-273.352951	239.343151	-44.769537	320.524603	259.742022	-97.341776	346.326411	215.695933	-74.841604	-303.047568	296.571672	-99.801429	333.068013	253.209502	-77.625155	-284.218550	16.493915	0.837861	119.301654	-17.771490	-0.066921	-118.504561
633	1753709329.991851	171.363294	424.665242	167.723998	102.684714	427.141398	-162.922055	147.649378	160.968840	226.121873	74.811302	187.188581	-192.801431	190.845639	-8.871759	-273.383409	239.351094	-44.756684	320.363343	259.752601	-97.335443	346.128285	215.701863	-75.264536	-303.071737	296.595454	-99.792138	332.881540	253.216296	-78.065164	-284.228981	16.522426	0.818815	119.303539	-17.798586	-0.048841	-118.506141
634	1753709330.026656	171.239480	424.617469	167.675540	102.572672	427.008688	-162.975341	147.519723	160.966247	226.045489	74.711598	186.859608	-192.797229	190.448374	-9.153898	-273.381740	239.021480	-44.755481	320.263833	259.273648	-97.326130	346.037120	215.204790	-75.506099	-303.078771	296.124399	-99.793099	332.783282	252.676368	-78.284375	-284.233510	16.537886	0.814949	119.303912	-17.813850	-0.045279	-118.506193
635	1753709330.059494	171.272412	424.564332	167.673275	102.611110	426.825553	-162.977889	147.769228	160.942644	226.050928	74.896432	186.454251	-192.726865	190.602183	-9.249081	-273.303181	239.344135	-44.758551	320.317447	259.695292	-97.305268	346.088529	215.376467	-75.516008	-303.044319	296.420336	-99.785522	332.818687	252.821952	-78.282751	-284.210145	16.552169	0.814565	119.306155	-17.829001	-0.045259	-118.508384
636	1753709330.094408	171.344608	424.463183	167.623311	102.725871	426.737517	-162.984237	147.792459	160.912111	226.037189	74.932888	186.361790	-192.584053	190.618962	-9.259645	-273.228765	239.344701	-44.737961	320.294768	259.685069	-97.247064	346.023887	215.393946	-75.518087	-303.011328	296.402454	-99.707343	332.779348	252.831787	-78.277431	-284.200191	16.573681	0.815880	119.301863	-17.850639	-0.046737	-118.504189
637	1753709330.133559	170.947209	424.318105	167.616829	102.567889	426.721275	-162.985310	147.115603	160.714462	226.013675	74.891463	186.307251	-192.533761	190.648943	-9.268194	-273.129791	238.497630	-44.841699	320.289731	258.667469	-97.347096	346.010953	215.457857	-75.526185	-302.934498	295.408338	-99.792831	332.781464	252.874821	-78.287147	-284.090936	16.607128	0.819633	119.308628	-17.884625	-0.050570	-118.511125
638	1753709330.166542	170.542136	424.298435	167.711839	102.091469	426.714242	-162.906155	146.761954	160.710260	226.053789	74.613735	186.289117	-192.386344	190.648600	-9.208688	-272.915691	238.300472	-44.740938	320.273727	258.532584	-97.251572	345.968813	215.474173	-75.480610	-302.752167	295.239031	-99.648222	332.731903	252.888888	-78.228660	-283.872992	16.668949	0.812732	119.310930	-17.946536	-0.043656	-118.513696
639	1753709330.202892	170.480788	424.273401	167.701289	102.116339	426.678032	-162.916973	146.708906	160.713866	226.074859	74.693665	186.272383	-192.360923	191.546232	-9.067813	-272.783160	238.301963	-44.656612	320.236981	258.548826	-97.179756	345.868945	216.642782	-75.315118	-302.497625	295.261711	-99.492252	332.692683	254.020333	-77.958077	-283.643574	16.675146	0.799059	119.310036	-17.952379	-0.030810	-118.512176
640	1753709330.232161	170.527339	424.310803	167.594999	102.398910	426.643640	-162.976161	146.958277	160.730287	226.047546	75.264052	186.169818	-192.356884	192.390442	-9.049208	-272.838235	238.816455	-44.539612	320.119083	259.236246	-97.004093	345.669806	217.701271	-75.210981	-302.608728	295.775592	-99.269189	332.477212	255.032897	-77.804774	-283.824116	16.677925	0.806392	119.308032	-17.955950	-0.038108	-118.510559
641	1753709330.266461	170.770511	424.288601	167.590305	102.582835	426.620990	-162.988797	147.084251	160.708606	226.040080	75.301595	186.106652	-192.322403	192.445368	-9.074055	-272.824794	239.015758	-44.533540	320.067465	259.469360	-96.997254	345.595717	217.769727	-75.243652	-302.600026	296.013385	-99.252068	332.403779	255.118191	-77.841684	-283.818781	16.722690	0.819586	119.308934	-18.001748	-0.050598	-118.511684
642	1753709330.297394	171.681955	424.304545	167.518899	103.861190	426.678091	-163.000479	147.765160	160.698459	225.946993	75.760178	186.145559	-192.172378	192.626849	-9.073734	-272.637069	239.512518	-44.475608	319.983631	259.917974	-96.944943	345.575333	217.848524	-75.275317	-302.188545	296.406358	-99.200740	332.392722	255.271316	-77.913523	-283.560127	16.727524	0.877847	119.292393	-18.006528	-0.104254	-118.495099
643	1753709330.332740	172.510922	424.257278	167.517409	104.602657	426.669717	-162.985250	148.688301	160.586938	225.937158	76.346576	186.128467	-191.985831	193.250224	-9.076957	-272.477448	240.724027	-44.445898	320.016354	261.161685	-96.890330	345.659494	218.403399	-75.296275	-301.982969	297.821432	-99.119671	332.550973	255.914688	-77.927843	-283.421189	16.746035	0.876649	119.287208	-18.024202	-0.102455	-118.489929
644	1753709330.367945	173.788562	424.245983	167.441651	106.995009	426.649213	-162.998199	150.279850	160.551369	225.896627	78.438610	186.114997	-191.923976	194.838971	-9.108287	-272.473454	242.522255	-44.443931	320.071042	263.140082	-96.887790	345.837981	219.924092	-75.344406	-301.980406	299.691170	-99.123821	332.774699	257.595837	-78.030385	-283.454508	16.715240	0.947884	119.277522	-17.994348	-0.170387	-118.481085
645	1753709330.404806	174.714625	424.216300	167.472959	108.122818	426.639885	-162.811577	151.134774	160.486490	225.942746	78.951307	186.115578	-191.576019	195.076093	-9.108698	-272.234172	243.411258	-44.417672	320.263594	264.177591	-96.848302	346.140414	220.044225	-75.352803	-301.628828	300.644577	-99.072509	333.190501	257.786125	-78.060977	-283.241481	16.686412	0.977607	119.259045	-17.966338	-0.197692	-118.462868
646	1753709330.432047	178.538218	424.057394	167.672232	112.808667	426.524103	-162.529334	155.254886	160.236150	225.934252	83.381541	185.994461	-191.262200	198.002115	-9.400601	-272.163242	247.870937	-44.458404	320.535451	269.105017	-96.869491	346.432716	222.889036	-75.666323	-301.617235	305.993944	-99.086560	333.571732	260.711849	-78.453861	-283.236980	16.589969	0.965055	119.246334	-17.873030	-0.184243	-118.451439
647	1753709330.469477	180.941954	424.017459	167.899162	115.393370	426.447719	-162.198216	157.702237	160.145685	225.951657	85.879318	185.848057	-190.920398	199.032560	-9.507250	-272.148728	249.957323	-44.580966	320.919245	271.262884	-96.986026	346.876979	223.844901	-75.706854	-301.680088	308.315367	-99.236839	333.982199	261.605799	-78.501061	-283.313215	16.458053	0.967225	119.237892	-17.746661	-0.185921	-118.443668
648	1753709330.501553	181.674540	423.805326	167.938530	115.847073	426.364630	-162.027583	157.865912	159.942359	225.923911	85.806660	185.813561	-190.651506	198.841423	-9.831966	-272.095829	249.859825	-44.881281	321.386307	271.111965	-97.267650	347.596407	223.472923	-76.097265	-301.665485	308.161557	-99.684626	334.896356	261.280775	-79.099715	-283.313692	16.417235	0.974838	119.226113	-17.706830	-0.192807	-118.432410
649	1753709330.539662	181.912035	423.736721	168.086544	115.716673	426.354736	-161.777034	158.031344	159.895450	225.948989	85.741721	185.827851	-190.248847	198.402673	-9.825336	-272.047043	249.794528	-45.064773	321.534544	270.994008	-97.531997	347.949535	222.694591	-76.094545	-301.623583	308.025718	-100.091740	335.283369	260.620475	-79.108991	-283.312649	16.427256	0.985585	119.216554	-17.717112	-0.201743	-118.423171
650	1753709330.574955	182.905748	423.613459	168.167815	116.692707	426.290929	-161.536694	159.651324	159.813285	225.954488	86.843342	185.792282	-189.848125	199.601039	-9.822665	-271.941960	251.774281	-45.199070	321.671963	273.239583	-97.723179	348.054230	223.977804	-76.077975	-301.601440	310.426950	-100.301012	335.407883	261.883825	-79.097167	-283.314437	16.341094	0.973155	119.205616	-17.633561	-0.188322	-118.412547
651	1753709330.606719	183.487669	423.512399	168.211415	116.721056	426.196545	-161.290318	160.059139	159.790963	225.920618	86.748563	185.748607	-189.571068	199.504390	-9.984575	-271.826833	251.949668	-45.466181	321.687847	273.397624	-98.109737	348.097712	223.800004	-76.277569	-301.501244	310.560852	-100.851454	335.431814	261.783928	-79.370685	-283.283204	16.334733	0.974885	119.180486	-17.627900	-0.189385	-118.387826
652	1753709330.643981	183.532625	423.244268	168.242112	116.647303	426.179796	-161.188319	160.060003	159.484625	225.823611	86.680286	185.751632	-189.489067	199.400112	-10.001188	-271.800965	251.877487	-45.837365	321.670055	273.335725	-98.572724	348.123431	223.491520	-76.366343	-301.408142	310.460240	-101.425946	335.516751	261.574775	-79.506911	-283.241689	16.338505	0.962645	119.168989	-17.630918	-0.175262	-118.375190
653	1753709330.673277	183.634400	422.931910	168.278724	116.589181	426.129431	-161.108017	160.020724	159.242347	225.688934	86.425997	185.741991	-189.461231	198.944971	-10.096892	-271.830291	251.689106	-46.408236	321.612984	273.039818	-99.444836	348.131388	222.716689	-76.602004	-301.403403	310.190707	-102.520168	335.528105	260.942966	-79.851873	-283.270627	16.359733	0.962063	119.160637	-17.651996	-0.173393	-118.366420
654	1753709330.710878	183.574647	422.826111	168.292075	115.846902	426.125199	-160.912380	159.705028	159.099966	225.374728	84.961213	185.811877	-189.261705	197.121337	-10.101950	-271.760255	250.860661	-46.643782	321.465284	272.025794	-99.805340	348.069161	220.661148	-76.637976	-301.296085	309.240043	-102.975599	335.487992	258.967608	-79.917759	-283.211231	16.405473	0.948896	119.147129	-17.698251	-0.158546	-118.353099
655	1753709330.742306	184.305415	422.663212	168.522820	115.995109	426.094115	-160.626441	160.064891	159.040079	225.348905	84.913924	185.806170	-188.938677	197.060585	-10.187280	-271.529704	251.384407	-46.777468	321.470171	272.712409	-100.064881	348.073959	220.597968	-76.894879	-301.060766	310.172588	-103.259034	335.495174	258.927584	-80.255330	-282.994211	16.424444	0.903699	119.141839	-17.717954	-0.109857	-118.347749
656	1753709330.778182	184.283912	422.355682	168.534383	115.990907	426.062673	-160.588458	160.054266	158.658087	225.263625	84.905058	185.805842	-188.879400	197.117388	-10.212515	-271.416664	251.334786	-47.156151	321.472973	272.566199	-100.445747	348.204046	220.599025	-76.964192	-300.810128	309.926212	-103.703730	335.699618	258.948326	-80.412634	-282.823652	16.428228	0.932285	119.119003	-17.721087	-0.136805	-118.323587
657	1753709330.808885	184.173986	422.327459	168.616965	116.007902	426.031202	-160.439104	160.033733	158.633873	225.249976	85.036524	185.842916	-188.854396	197.454765	-10.139642	-271.223754	251.295328	-47.183048	321.468532	272.511572	-100.492686	348.214865	220.998257	-76.929137	-300.487161	309.858054	-103.757881	335.717499	259.299278	-80.386192	-282.444119	16.385490	0.946906	119.104281	-17.677596	-0.151072	-118.308499
658	1753709330.845651	184.230700	422.284484	168.625847	116.115704	426.090866	-160.450429	160.036027	158.579752	225.180611	85.025735	186.048239	-188.840717	197.427556	-10.114967	-271.203190	251.265436	-47.247641	321.549386	272.446066	-100.616075	348.495364	220.932484	-76.953687	-300.448895	309.807450	-103.927054	336.094946	259.251654	-80.480263	-282.408535	16.380712	0.922191	119.106501	-17.672423	-0.123766	-118.309729
659	1753709330.878929	183.364764	422.257602	168.722719	115.757786	426.116049	-160.377562	158.291519	158.558786	225.209922	84.579855	186.191753	-188.818350	197.132781	-10.108335	-271.064550	248.825014	-47.474578	321.677864	269.595295	-100.972295	348.711163	220.643416	-76.976418	-300.192267	306.879848	-104.319640	336.378932	258.983225	-80.542937	-282.102823	16.381796	0.933583	119.099580	-17.673878	-0.134127	-118.303411
660	1753709330.914790	183.250919	422.189057	169.222936	115.925066	425.990552	-160.131767	158.160403	158.538908	225.579545	85.444607	186.146736	-188.691393	199.031025	-10.109150	-270.824462	248.802274	-47.565300	321.950376	269.585043	-101.123832	348.833412	223.205566	-76.988883	-299.988449	306.905478	-104.392029	336.521626	261.219293	-80.550782	-281.746864	16.322615	0.845681	119.105540	-17.618051	-0.047814	-118.310146
661	1753709330.948648	183.271438	422.025204	169.496000	116.059013	425.887823	-160.109878	158.111975	158.521056	225.700349	85.693553	186.170980	-188.739076	199.704528	-10.028580	-270.787567	248.799428	-47.618985	322.022021	269.621402	-101.273470	348.852217	224.194601	-76.971762	-299.874306	307.060897	-104.437374	336.550921	262.091815	-80.523871	-281.483591	16.306581	0.803408	119.127706	-17.602921	-0.005639	-118.332557
662	1753709330.985548	183.264881	421.583146	169.656903	116.038725	425.670236	-160.060793	157.885537	158.345401	225.824460	85.632622	186.158478	-188.723996	199.684247	-10.042630	-270.764560	248.443902	-47.851112	322.213978	269.261390	-101.654395	349.017024	224.161431	-77.087186	-299.827009	306.875020	-104.706503	336.746693	262.064934	-80.633789	-281.362891	16.305484	0.721329	119.146958	-17.601978	0.077832	-118.351370
663	1753709331.016060	183.155313	421.098202	169.844761	115.902960	425.462037	-159.850970	157.733083	158.018842	226.100013	85.563466	186.079293	-188.689232	199.618101	-10.067908	-270.720452	248.103425	-48.257872	322.605163	268.790364	-102.024838	349.452823	224.045411	-77.121779	-299.761951	306.403935	-105.063722	337.194711	261.937290	-80.654800	-281.270802	16.310183	0.674491	119.148716	-17.606707	0.124571	-118.353024
664	1753709331.051588	182.919532	421.010673	170.147747	115.894839	425.236493	-159.779578	157.538205	158.017233	226.338744	85.687935	186.049998	-188.683271	199.821889	-10.085323	-270.727038	248.014301	-48.191883	322.815359	268.705845	-101.961114	349.540919	224.250510	-77.171549	-299.758941	306.385547	-104.908518	337.337077	262.089998	-80.689408	-281.252593	16.276076	0.548741	119.186290	-17.572977	0.246507	-118.389860
665	1753709331.085209	183.231264	420.209944	170.234606	115.917839	424.697280	-159.757525	158.007026	157.581508	226.493239	85.819460	185.668588	-188.694999	199.902937	-10.298499	-270.803094	248.419926	-48.687730	323.124766	269.135118	-102.448806	349.806994	224.334911	-77.360064	-299.870253	306.908995	-105.350375	337.600946	262.138188	-80.842294	-281.329244	16.299706	0.393337	119.202316	-17.596209	0.400213	-118.404679
666	1753709331.115476	183.154449	420.153171	170.344710	115.701772	424.534112	-159.734964	157.858238	157.570824	226.570711	85.630350	185.531065	-188.806966	199.694291	-10.480399	-270.930380	248.349160	-48.700232	323.152840	269.091755	-102.461912	349.824786	224.128127	-77.577457	-299.985528	306.890935	-105.350092	337.617338	261.919290	-81.019387	-281.407654	16.302630	0.316740	119.223714	-17.599370	0.475501	-118.425630
667	1753709331.154723	183.178946	419.988275	170.373231	115.703255	424.425304	-159.704939	157.855198	157.473326	226.664871	85.686058	185.512379	-188.913912	199.832171	-10.542323	-271.010458	248.354763	-48.782252	323.311359	269.118965	-102.549329	349.940181	224.339813	-77.696115	-300.071180	306.928247	-105.397113	337.729514	262.115031	-81.146181	-281.444818	16.305346	0.276005	119.225420	-17.602548	0.516205	-118.427478
668	1753709331.188587	183.315784	419.947982	170.394748	115.929008	424.320102	-159.678042	157.845482	157.456577	226.673871	85.813083	185.470074	-188.894615	199.916065	-10.673197	-270.960838	248.336285	-48.801415	323.378146	269.113302	-102.565520	349.990457	224.467173	-77.888504	-300.018340	306.916982	-105.414361	337.794781	262.241066	-81.436813	-281.393707	16.278496	0.261659	119.225927	-17.577637	0.530802	-118.428186
669	1753709331.222407	184.859291	419.895291	170.414060	116.815366	424.100697	-159.639388	159.656867	157.413736	226.716504	86.347848	185.186535	-188.931301	200.018674	-11.231191	-271.144480	250.819474	-48.839215	323.399186	272.163779	-102.589689	350.001693	224.573791	-78.449048	-300.292820	309.901357	-105.429374	337.749302	262.372702	-82.027420	-281.688988	16.263150	0.248506	119.218722	-17.562330	0.544259	-118.421420
670	1753709331.253611	183.857217	419.985831	170.434460	116.470806	424.090296	-159.631908	158.661738	157.460362	226.722166	86.303420	185.178399	-188.957453	200.103432	-11.197674	-271.129787	250.147462	-48.718076	323.400646	271.418691	-102.421075	349.987000	224.757433	-78.430355	-300.275981	309.233665	-105.201177	337.726712	262.507588	-81.979565	-281.646192	16.254591	0.236118	119.228058	-17.554045	0.556827	-118.430912
671	1753709331.288068	183.882698	420.215279	170.453459	116.728216	424.111277	-159.615949	158.806190	157.566860	226.735696	86.555585	185.174733	-189.018056	200.253993	-11.202635	-271.192610	250.535548	-48.560314	323.378265	271.826357	-102.148339	349.908739	224.945515	-78.432903	-300.399035	309.597850	-104.878612	337.548792	262.731612	-81.951253	-281.780273	16.213588	0.227109	119.221374	-17.513810	0.566134	-118.424691
672	1753709331.323679	182.813793	420.412183	170.471355	116.067968	424.115986	-159.543276	157.527909	157.788545	226.744711	85.988224	185.202047	-189.047083	199.916258	-11.234068	-271.180242	249.408185	-48.338097	323.372424	270.698458	-101.835251	349.893659	224.623904	-78.478225	-300.369322	308.267087	-104.587995	337.526500	262.445360	-81.992269	-281.743526	16.187461	0.247195	119.217306	-17.488362	0.545416	-118.421562
673	1753709331.355716	180.508986	420.762748	170.478553	114.012204	424.127877	-159.541816	154.431850	158.095732	226.751149	84.097035	185.200304	-189.163804	198.647544	-11.190417	-271.222413	246.041268	-47.805052	323.219687	266.796589	-101.017639	349.670678	223.361403	-78.377470	-300.413281	304.169536	-103.727497	337.285936	261.016130	-81.800215	-281.802505	16.181534	0.256515	119.217440	-17.482489	0.535434	-118.422061
674	1753709331.389354	178.847551	421.202749	170.449659	112.255424	424.194276	-159.534216	152.592734	158.563673	226.696789	82.244851	185.253516	-189.172864	197.441921	-11.174635	-271.111339	244.467467	-46.960715	323.011637	265.259862	-99.998906	349.390537	222.268581	-78.374423	-300.223887	302.417219	-102.661200	336.972147	259.907275	-81.787445	-281.572014	16.176349	0.295293	119.215265	-17.477123	0.495285	-118.420072
675	1753709331.427603	178.871900	421.798080	170.450807	112.237662	424.228698	-159.528956	152.493253	158.975169	226.611152	81.565961	185.227856	-189.165354	194.643527	-11.319709	-271.119922	244.109526	-45.792904	322.828501	264.840126	-98.398551	349.229544	218.890622	-78.453436	-300.236404	301.824719	-101.049893	336.756319	256.552726	-81.859171	-281.627297	16.171606	0.390387	119.211458	-17.472675	0.403652	-118.417569
676	1753709331.463275	179.045171	422.357768	170.450002	112.255469	424.370527	-159.521073	152.614757	159.221604	226.588041	81.570156	185.237333	-189.150408	194.690198	-11.290787	-271.088213	244.435266	-44.849198	322.631329	265.355468	-97.249821	348.922521	218.936384	-78.412957	-300.210387	302.318454	-99.647820	336.339474	256.597906	-81.747122	-281.614840	16.157478	0.402596	119.212061	-17.459175	0.392745	-118.419014
677	1753709331.492748	179.070547	422.496021	170.377776	112.135500	424.388111	-159.558594	152.616784	159.250706	226.342350	80.836050	185.225725	-189.293310	193.014398	-11.433299	-271.502674	244.357154	-44.674393	322.372288	265.283436	-97.027197	348.658741	217.123538	-78.561284	-300.727546	302.241713	-99.432774	336.050004	254.835576	-81.892334	-282.242090	16.171455	0.416184	119.210787	-17.472919	0.380339	-118.418403
678	1753709331.524873	178.458542	423.056066	170.336470	111.291215	424.549997	-159.593731	152.075350	159.482405	226.138741	79.949796	185.336858	-189.314529	192.349300	-11.120459	-271.560103	243.921340	-44.061635	322.165102	264.909953	-96.252710	348.494768	216.655135	-78.082263	-300.820023	301.671296	-98.618269	335.825413	254.313767	-81.311926	-282.402396	16.205719	0.476083	119.213693	-17.509317	0.322210	-118.422970
679	1753709331.560255	177.316025	423.162222	170.320436	109.206334	424.597800	-159.560308	150.700644	159.541160	226.128012	77.544823	185.416505	-189.274594	190.771028	-10.914751	-271.502823	242.499232	-43.780882	322.027266	263.255626	-95.743321	348.358124	215.054572	-77.797353	-300.736368	299.931824	-98.101147	335.696667	252.657175	-80.916725	-282.357067	16.210262	0.506603	119.203724	-17.512923	0.290950	-118.413456
680	1753709331.598307	177.093253	423.256397	170.094877	108.903483	424.605101	-159.775957	150.681436	159.548506	225.975811	77.359140	185.367554	-189.316809	190.701082	-10.929201	-271.501929	242.505699	-43.759026	321.849197	263.271481	-95.692255	348.250717	215.012908	-77.797785	-300.729632	299.909979	-98.064870	335.536033	252.621025	-80.914989	-282.361150	16.228117	0.567323	119.204260	-17.530980	0.231976	-118.414342
681	1753709331.631171	176.215321	423.423350	169.963434	107.972167	424.609303	-159.925565	150.369555	159.578875	225.911155	77.060521	185.172483	-189.337477	190.695345	-10.934691	-271.546930	242.397547	-43.613840	321.760207	263.167351	-95.477834	348.116636	215.060875	-77.761926	-300.855160	299.733639	-97.832993	335.321099	252.660096	-80.840230	-282.543182	16.235830	0.585710	119.213454	-17.539483	0.213485	-118.424848
682	1753709331.677510	175.981730	423.440963	169.940352	107.684955	424.581200	-160.038039	150.383279	159.560412	225.903571	77.010363	185.056776	-189.632758	190.582305	-10.885783	-272.534698	242.415816	-43.708455	321.812749	263.181597	-95.547922	348.197162	214.981914	-77.454664	-302.423507	299.740285	-97.923018	335.343003	252.539426	-80.469653	-284.269363	16.269499	0.613870	119.226970	-17.574692	0.185496	-118.438803
683	1753709331.705532	173.233464	423.620731	169.695452	104.418263	424.754143	-160.173655	148.426846	159.610718	225.579560	74.176624	185.108975	-189.807028	188.365385	-10.744821	-272.813708	240.660727	-43.605689	321.599245	261.320502	-95.407397	348.084092	212.657109	-77.273726	-302.717060	297.671288	-97.836010	335.246354	250.211298	-80.293320	-284.638166	16.333828	0.646889	119.225703	-17.638052	0.152010	-118.437760
684	1753709331.733486	171.607345	423.690587	169.572800	102.547795	424.835235	-160.296947	147.130653	159.737274	225.447804	73.074035	185.148314	-190.060481	188.138321	-10.644556	-272.884965	239.595145	-43.559443	321.591288	260.250390	-95.381416	348.100036	212.567121	-77.180207	-302.775890	296.485811	-97.837262	335.271478	250.114262	-80.193289	-284.669489	16.386360	0.672263	119.234823	-17.689820	0.125621	-118.447326
685	1753709331.765037	169.372782	423.850387	169.462055	101.262420	424.948096	-160.687253	145.163596	159.759730	225.361928	72.495714	185.152426	-190.448850	187.646300	-10.639308	-273.024112	237.569004	-43.557245	321.684659	257.921398	-95.384866	348.381042	212.117746	-77.172287	-302.902073	293.979168	-97.874239	335.550398	249.587640	-80.187671	-284.720957	16.451519	0.766033	119.265638	-17.756032	0.030685	-118.479498
686	1753709331.798543	169.458136	423.935562	169.259295	101.313256	425.053984	-160.852656	145.215601	159.826338	225.308612	72.423190	185.177788	-190.606952	187.325105	-10.628315	-273.210138	237.607017	-43.605786	321.841568	257.989734	-95.488653	348.601520	211.850405	-77.152491	-303.165346	294.042379	-98.081887	335.730523	249.351174	-80.178574	-284.997642	16.471731	0.790815	119.268022	-17.777145	0.005926	-118.482232
687	1753709331.836474	167.626679	423.956782	168.800250	100.282013	425.165325	-161.442190	142.676875	159.853950	225.265101	71.554795	185.301736	-191.120818	186.592340	-10.624894	-273.425937	233.821481	-43.793622	321.884364	253.575772	-95.770068	348.730743	211.155146	-77.163137	-303.339541	289.365560	-98.507717	335.869104	248.571321	-80.245733	-285.083503	16.498897	0.903776	119.277187	-17.804097	-0.108234	-118.492410
688	1753709331.868959	167.633072	423.973858	168.595850	100.344084	425.132334	-161.827937	142.772421	159.867421	225.251585	71.761817	185.099393	-191.415012	186.631113	-10.837032	-273.724467	233.956963	-44.204116	322.389305	253.772914	-96.270196	349.316955	211.245105	-77.257141	-303.908527	289.599746	-99.255718	336.385220	248.607725	-80.394149	-285.500050	16.524632	0.952801	119.298480	-17.832311	-0.159139	-118.515395
689	1753709331.901810	167.605132	423.963040	168.527156	100.341797	425.192624	-161.877021	142.828763	159.877434	225.280061	71.804933	185.131475	-191.440880	186.677635	-10.735959	-273.726791	233.992308	-44.255905	322.634190	253.829002	-96.329682	349.521309	211.362347	-77.150837	-303.915471	289.718866	-99.319786	336.569339	248.681128	-80.254935	-285.469711	16.561089	0.965029	119.304866	-17.869541	-0.171794	-118.522361
690	1753709331.936836	168.697283	423.888922	168.326303	101.387836	425.197661	-161.983013	143.843010	159.829497	225.287661	72.366580	185.127512	-191.581503	186.698928	-10.761049	-273.903638	234.407261	-44.775955	322.823942	254.166692	-96.940093	349.715769	211.384550	-77.161141	-304.161131	290.111333	-100.036561	336.749613	248.702183	-80.288105	-285.725117	16.569750	0.978061	119.305149	-17.878469	-0.184901	-118.522599
691	1753709331.973442	169.449210	423.816562	168.303058	101.724178	425.242543	-162.005201	144.667283	159.764111	225.430056	72.495267	185.152054	-191.622049	186.714843	-10.747759	-274.009138	235.005856	-45.011152	323.339671	254.686952	-97.147353	350.296170	211.386770	-77.138484	-304.294169	290.865153	-100.250617	337.433308	248.712108	-80.264516	-285.871506	16.588170	0.976904	119.308725	-17.895201	-0.183599	-118.526027
692	1753709332.006100	171.099633	423.825711	168.299899	103.377953	425.321370	-162.022486	146.175981	159.767613	225.627273	73.599130	185.180798	-191.643134	187.244579	-10.739536	-274.054855	236.515224	-45.072950	323.688626	256.390363	-97.229190	350.541919	211.948127	-77.118419	-304.379076	292.749673	-100.297399	337.697595	249.326348	-80.250211	-285.945237	16.595982	0.987416	119.314954	-17.903332	-0.193704	-118.532404
693	1753709332.040954	171.580791	423.710585	168.315277	103.689097	425.319135	-161.968589	146.844432	159.759700	225.686610	73.954344	185.183614	-191.663235	187.391162	-10.782669	-274.059862	237.168700	-45.158651	323.854446	257.142335	-97.314335	350.662291	212.052390	-77.140898	-304.384261	293.462276	-100.382745	337.830544	249.451414	-80.278091	-285.943538	16.600819	0.998768	119.313389	-17.908143	-0.205718	-118.530981
694	1753709332.073312	171.583474	423.745155	168.281525	103.499435	425.437748	-161.980793	146.805763	159.879327	225.680947	73.470153	185.371280	-191.784233	186.577395	-10.784436	-274.071932	237.077579	-45.154653	323.865771	257.071763	-97.316600	350.681692	211.035684	-77.153109	-304.362863	293.342352	-100.395955	337.845951	248.550102	-80.319583	-285.919785	16.627656	1.019700	119.311646	-17.934548	-0.226573	-118.529499
695	1753709332.108853	172.104165	423.760056	168.326750	103.688382	425.446182	-161.992177	147.047997	159.898043	225.727871	73.473327	185.332611	-191.845864	186.279863	-11.172725	-274.123192	237.327769	-45.163892	323.854119	257.365048	-97.325534	350.658327	210.552022	-77.524483	-304.388404	293.685466	-100.405917	337.803990	248.147056	-80.770098	-285.959005	16.639493	1.029162	119.320631	-17.946556	-0.235948	-118.538260
696	1753709332.139836	173.011854	423.938781	168.306530	104.355499	425.477684	-162.115514	148.089662	159.981027	225.723341	73.976070	185.329601	-191.995099	186.842859	-11.171906	-274.271995	238.976344	-45.105059	323.867172	259.400934	-97.256966	350.679159	211.216241	-77.513829	-304.516047	296.028197	-100.330785	337.819934	248.810276	-80.747910	-286.122411	16.630404	1.035079	119.338967	-17.937580	-0.241376	-118.555330
697	1753709332.178239	173.579901	424.015671	168.327495	104.599074	425.514460	-162.135065	148.544788	160.163149	225.814223	73.990278	185.332730	-192.017376	186.795518	-11.171159	-274.287343	239.766106	-44.718694	323.938280	260.352284	-96.773066	350.724250	211.124450	-77.497527	-304.525614	297.070444	-99.751592	337.868989	248.755187	-80.718622	-286.148041	16.640229	1.043532	119.341083	-17.947305	-0.249674	-118.557617
698	1753709332.210287	174.881130	423.952907	168.220714	105.238214	425.409108	-162.248224	149.489477	160.116941	225.834221	74.189819	185.253263	-192.152843	186.781973	-11.423112	-274.466068	240.093902	-44.814069	323.920816	260.575831	-96.828945	350.700468	211.036161	-77.673696	-304.690510	297.227740	-99.814825	337.833196	248.646155	-80.962025	-286.390573	16.677540	1.062063	119.338773	-17.984396	-0.267421	-118.555054
699	1753709332.245455	174.977794	423.961490	168.216512	105.242021	425.398231	-162.260130	149.481446	160.171911	225.871906	73.997200	185.256064	-192.199856	186.223075	-11.490352	-274.514407	239.944175	-44.762578	324.064285	260.370374	-96.724987	350.900501	210.209057	-77.723153	-304.719448	296.978533	-99.741861	338.114738	247.815058	-81.034400	-286.438882	16.712599	1.095214	119.338006	-18.019864	-0.300356	-118.554577
700	1753709332.278099	174.994528	424.064875	168.239161	105.270162	425.334245	-162.354410	149.469912	160.304427	225.958347	74.003287	185.160175	-192.428261	186.079726	-11.614091	-274.896830	239.896029	-44.733882	324.324548	260.338962	-96.701488	351.206541	210.035324	-77.773519	-305.197775	296.935022	-99.729523	338.401556	247.610807	-81.091948	-286.945224	16.728912	1.115334	119.362846	-18.038727	-0.320258	-118.580393
701	1753709332.315535	174.521282	424.071938	168.184713	104.128025	425.330371	-162.550762	148.803204	160.309374	226.038903	72.316438	185.154185	-192.721173	183.958054	-11.693652	-275.316268	238.753781	-44.759452	324.379504	258.984834	-96.702814	351.350546	207.409814	-77.810645	-305.481732	295.322537	-99.744856	338.585734	244.887725	-81.147842	-287.305504	16.830968	1.153006	119.376920	-18.140370	-0.357726	-118.594922
702	1753709332.345154	173.901841	424.149930	168.154687	103.645302	425.341338	-162.729993	148.178056	160.350099	226.067379	71.921751	185.189188	-193.112254	183.865532	-11.690462	-275.505692	238.283262	-44.735283	324.389964	258.503258	-96.667051	351.377577	207.291782	-77.806503	-305.539191	294.751734	-99.715218	338.627338	244.773537	-81.143327	-287.372887	16.861483	1.223744	119.384639	-18.170454	-0.427778	-118.603051
703	1753709332.382348	167.834193	424.294323	168.265015	97.027145	425.482184	-162.740156	141.378477	160.429120	226.153716	65.705113	185.323298	-193.198726	178.595260	-11.620024	-275.597692	231.144503	-44.725258	324.515849	251.105338	-96.665882	351.585627	201.793358	-77.788681	-305.611610	287.434191	-99.723622	338.875353	238.916323	-81.129953	-287.390351	16.936751	1.266214	119.423203	-18.245975	-0.470143	-118.642524
704	1753709332.421767	166.526690	424.330115	168.368354	95.400661	425.532103	-162.718266	139.404461	160.471231	226.439342	63.403696	185.406864	-193.225831	174.941063	-11.655738	-275.687456	227.977276	-44.691641	324.700415	247.574195	-96.607283	351.845473	197.635978	-77.847965	-305.702716	283.675998	-99.683709	339.166462	234.661818	-81.266530	-287.434787	17.014841	1.294546	119.437315	-18.325219	-0.499028	-118.657872
705	1753709332.449326	166.052058	424.361259	168.380737	94.800599	425.532699	-162.731975	139.108539	160.521716	226.478279	62.988631	185.387492	-193.244129	174.645990	-11.639338	-275.717080	227.953568	-44.513378	324.821532	247.615173	-96.378326	351.950973	197.460920	-77.828489	-305.779010	283.774376	-99.448413	339.286357	234.497383	-81.228964	-287.484229	17.113354	1.307972	119.457275	-18.424319	-0.513242	-118.678786
706	1753709332.485136	164.855078	424.582690	168.481454	93.856968	425.641686	-162.740037	138.476133	160.584092	226.493433	62.715650	185.428768	-193.271637	174.744308	-11.530965	-275.775224	227.665305	-44.280894	324.839383	247.417629	-96.084826	352.014005	197.648853	-77.733397	-305.846781	283.606678	-99.174187	339.360505	234.695867	-81.118673	-287.511975	17.148422	1.321267	119.481117	-18.458944	-0.526510	-118.703343
707	1753709332.518101	163.968176	424.595714	168.471754	93.335077	425.654531	-162.782282	137.373790	160.632163	226.506770	62.356357	185.473710	-193.326578	174.589321	-11.410937	-275.884032	226.546898	-43.742470	324.975014	246.230096	-95.418215	352.242231	197.512805	-77.677079	-305.945009	282.445639	-98.462030	339.728296	234.524518	-81.073776	-287.565351	17.204070	1.360748	119.503811	-18.512897	-0.566513	-118.727081
708	1753709332.558440	164.210796	424.688250	168.384939	93.405150	425.735831	-162.804648	137.925923	160.766661	226.486608	62.453501	185.577646	-193.331778	174.691454	-11.268540	-275.908232	227.388293	-43.167960	324.926585	247.116208	-94.717927	352.224320	197.646379	-77.536508	-305.968642	283.335030	-97.731829	339.707822	234.657958	-80.927745	-287.599057	17.231444	1.374159	119.505592	-18.538471	-0.579969	-118.728854
709	1753709332.590843	163.563445	424.723148	168.398827	93.000792	425.748765	-162.815407	137.306020	160.784781	226.495862	62.164932	185.584858	-193.352446	174.488187	-11.290195	-276.106209	226.517454	-43.155301	325.096250	246.156052	-94.701901	352.593303	197.368950	-77.567764	-306.208909	282.365113	-97.728856	340.195090	234.370098	-80.994025	-287.822306	17.249107	1.403759	119.522840	-18.555487	-0.610072	-118.746363
710	1753709332.620865	160.328776	424.827248	168.439507	89.622110	425.927639	-162.761882	133.489996	160.837516	226.505145	59.714332	185.781673	-193.369046	173.388749	-11.055260	-276.037216	222.649038	-43.110963	325.091362	242.025092	-94.684534	352.588743	196.488410	-77.500485	-306.067884	278.565466	-97.708292	340.194136	233.332872	-80.890961	-287.481576	17.284228	1.414388	119.537935	-18.590277	-0.620937	-118.762210
711	1753709332.652800	160.438195	424.913734	168.441042	89.786902	425.968319	-162.767723	134.063423	160.918117	226.512969	59.808843	185.760915	-193.308294	173.450261	-11.037068	-275.960743	223.996550	-42.778082	325.056285	243.705049	-94.318964	352.451801	196.559101	-77.485047	-306.027025	280.302554	-97.319156	340.007097	233.417645	-80.857307	-287.421614	17.361075	1.423890	119.545616	-18.666148	-0.630678	-118.770033
712	1753709332.688235	160.489842	424.919069	168.410346	89.897782	425.981224	-162.791565	134.143427	160.935640	226.460218	59.862338	185.775295	-193.342894	173.917711	-11.011856	-275.969207	224.023759	-42.810734	325.065225	243.745282	-94.377302	352.458030	197.267741	-77.471264	-306.038648	280.344248	-97.387195	340.023816	234.088004	-80.840088	-287.428409	17.380323	1.433386	119.550616	-18.685305	-0.640669	-118.775301
713	1753709332.722735	159.248054	425.017476	168.450028	88.909440	426.054031	-162.807554	132.842049	160.972327	226.433873	59.507951	185.808882	-193.404272	173.908159	-10.988941	-275.944471	222.990215	-42.733941	325.044453	242.793888	-94.306305	352.398932	197.315454	-77.470422	-306.013077	279.367000	-97.298712	339.984357	234.124348	-80.835380	-287.300289	17.424241	1.436964	119.595677	-18.730799	-0.645118	-118.822627
714	1753709332.757198	159.226790	425.018340	168.476835	88.816985	426.045954	-162.806705	132.963911	160.919115	226.489902	59.568081	185.758188	-193.399265	174.024120	-10.974671	-275.877714	223.105863	-42.811234	325.136840	242.916077	-94.447158	352.481097	197.542891	-77.466220	-305.978477	279.476851	-97.446106	340.022475	234.253541	-80.829769	-287.162930	17.520009	1.444243	119.629420	-18.828992	-0.652634	-118.857898
715	1753709332.792790	155.901432	425.031930	168.472186	86.065605	426.033586	-162.879586	129.421055	160.920054	226.437807	58.470540	185.679942	-193.434313	173.267022	-11.000390	-275.775880	218.968749	-42.990964	325.138748	238.585457	-94.760545	352.445632	197.023198	-77.542245	-305.941612	274.924040	-97.831078	339.959592	233.401164	-80.933429	-286.915213	17.624741	1.452550	119.694121	-18.944077	-0.661332	-118.928447
716	1753709332.826061	154.682025	425.026029	168.430313	85.205019	426.032811	-162.998572	128.038973	160.906687	226.288781	58.277953	185.627267	-193.463922	173.287898	-11.006205	-275.638342	217.479914	-43.089934	325.130522	236.986801	-94.981410	352.406472	197.057337	-77.612296	-305.812418	273.433477	-98.050833	339.941800	233.434275	-80.993891	-286.561698	17.693046	1.455404	119.747691	-19.017804	-0.664561	-118.984766
717	1753709332.858560	154.377624	425.033599	168.409944	84.809192	426.033050	-163.171455	127.349436	160.923108	226.210803	57.705663	185.615167	-193.610013	172.555432	-11.037465	-275.624454	216.680557	-43.154966	325.090975	236.105174	-95.118478	352.320045	196.376890	-77.712737	-305.795044	272.575438	-98.214835	339.838386	232.618317	-81.086315	-286.479473	17.805837	1.462281	119.786307	-19.135505	-0.671520	-119.025998
718	1753709332.895389	154.472962	425.047547	168.382496	84.881000	426.052719	-163.211241	127.473652	160.936490	226.126447	57.729632	185.644701	-193.740740	172.604442	-11.052379	-275.598615	216.796219	-43.170013	324.754268	236.218736	-95.135406	351.978034	196.431980	-77.768937	-305.703968	272.672325	-98.236091	339.518875	232.690930	-81.143886	-286.338836	17.829699	1.478812	119.796164	-19.159516	-0.688916	-119.036280
719	1753709332.929671	157.017052	424.857587	168.366745	87.841444	425.928205	-163.222566	130.914465	160.703152	226.121679	60.508400	185.529515	-193.772420	175.168350	-11.191784	-275.629759	220.586777	-43.538198	324.754715	240.415007	-95.499925	351.970255	199.118674	-77.863589	-305.746108	276.683092	-98.566815	339.511126	235.606968	-81.253044	-286.386192	17.844515	1.485306	119.804248	-19.174052	-0.695748	-119.044267
720	1753709332.965187	157.577097	424.736589	168.394357	88.527180	425.854743	-163.234517	131.524950	160.553724	226.132274	61.365377	185.407057	-193.819374	175.588772	-11.405678	-275.629073	221.074402	-43.806776	324.979365	240.879133	-95.794164	352.189720	199.553415	-78.105919	-305.765390	277.162611	-98.925434	339.713067	235.962957	-81.569083	-286.376119	17.882774	1.481793	119.830981	-19.215176	-0.692549	-119.071953
721	1753709332.998158	159.165159	424.623132	168.353975	90.121850	425.711691	-163.289219	133.136749	160.406888	226.097047	62.147297	185.153693	-193.831071	175.765052	-11.849980	-275.689214	222.451985	-44.175960	324.961305	242.156222	-96.121758	352.150917	199.647650	-78.467764	-305.926323	278.497517	-99.338442	339.668244	236.086518	-82.032502	-286.596358	17.897677	1.490395	119.837582	-19.230271	-0.701606	-119.078539
722	1753709333.034277	160.527691	424.589813	168.293178	91.331840	425.564617	-163.345307	134.169862	160.379440	226.076186	62.593058	184.884623	-193.861187	175.870344	-12.233363	-275.834799	223.278925	-44.244047	324.907333	242.869169	-96.154854	352.073282	199.700698	-78.771107	-306.094646	279.243380	-99.380232	339.592218	236.167982	-82.338311	-286.864042	17.911904	1.504929	119.843043	-19.244410	-0.716619	-119.083866
723	1753709333.067872	164.167300	424.495846	168.217897	94.680056	425.417572	-163.414091	138.999268	160.128370	226.032168	66.026598	184.609964	-193.933502	179.056838	-12.391031	-276.120633	228.281960	-44.488601	324.798137	247.977629	-96.345119	351.970494	202.875376	-78.839011	-306.464314	284.396976	-99.549755	339.455336	239.575639	-82.386836	-287.391871	17.919637	1.499240	119.846389	-19.251408	-0.711424	-119.086459
724	1753709333.097844	167.163163	424.192339	168.016329	97.341321	424.950361	-163.576141	141.895458	159.655854	225.989029	68.030640	183.896184	-193.983167	180.469111	-12.996782	-276.523054	230.934530	-44.983067	324.796975	250.650644	-96.774317	351.970077	204.245985	-79.239465	-307.054102	286.945641	-99.980332	339.452386	240.999892	-82.840286	-288.244069	17.931703	1.503288	119.851187	-19.263450	-0.715591	-119.091183
725	1753709333.136056	168.302327	423.929185	167.588487	98.560795	424.834877	-163.971320	143.017232	159.476012	225.896925	68.972297	183.885112	-194.337457	181.223050	-13.060445	-277.256638	231.675446	-45.243707	324.751377	251.205176	-96.977845	351.962328	204.836234	-79.274125	-307.862669	287.360817	-100.246593	339.447856	241.644561	-82.940958	-289.286822	17.941017	1.542398	119.850904	-19.272171	-0.754711	-119.090684
726	1753709333.165572	171.871528	423.371762	166.992247	101.583689	424.241126	-164.241552	146.785215	158.896461	225.606620	70.869111	183.311075	-194.460049	182.232305	-13.540247	-277.952045	235.082462	-45.831662	324.633867	254.454523	-97.398058	351.924837	205.506384	-79.572603	-308.612317	290.732741	-100.741856	339.425474	242.499590	-83.231010	-290.487170	17.948514	1.542884	119.827092	-19.278249	-0.755443	-119.063891
727	1753709333.204249	174.575523	423.042327	166.635618	104.366593	424.006760	-164.477423	149.328113	158.606306	225.501880	73.171414	183.132470	-194.486260	184.611619	-13.601870	-278.201014	237.723917	-46.170913	324.523389	257.163644	-97.783364	351.799607	207.858115	-79.607829	-308.884680	293.600410	-101.064883	339.325368	245.052844	-83.252393	-290.993541	17.952906	1.543047	119.802952	-19.281507	-0.755189	-119.038388
728	1753709333.233872	175.642163	422.793508	166.569889	105.150655	423.818350	-164.500028	150.797457	158.484012	225.486517	74.094586	182.773396	-194.406047	185.573444	-13.754906	-278.210491	239.880472	-46.456791	324.515492	259.646654	-98.136872	351.776481	208.992928	-79.703972	-308.928996	296.367854	-101.424165	339.287966	246.251777	-83.304912	-291.051298	17.957319	1.526235	119.783156	-19.284992	-0.738719	-119.017333
729	1753709333.270218	176.302060	422.457844	166.392431	105.549671	423.687339	-164.721802	151.624948	158.095762	225.433692	74.513860	182.580650	-194.426149	185.854301	-13.771381	-278.413475	240.853861	-46.963517	324.527085	260.679036	-98.705016	351.787210	209.282547	-79.714768	-309.253693	297.363877	-101.952478	339.287698	246.557906	-83.292328	-291.418642	18.013895	1.524546	119.784176	-19.341350	-0.736769	-119.018205
730	1753709333.305289	176.307097	422.290921	166.365117	105.752103	423.655987	-164.741680	151.830778	157.862723	225.459084	75.198747	182.398513	-193.968937	187.228709	-13.732281	-277.871609	241.434529	-47.347587	324.556082	261.315793	-99.274591	351.785392	210.978940	-79.671681	-308.765471	298.058778	-102.457941	339.272946	248.210579	-83.181120	-290.829986	18.025223	1.517851	119.777568	-19.352276	-0.729401	-119.011126
731	1753709333.342578	178.711325	422.084242	166.270554	108.235821	423.454851	-164.757878	154.293224	157.735303	225.436360	77.210933	182.168007	-193.539485	188.652784	-13.756696	-277.739674	244.245663	-47.515422	324.563593	264.558583	-99.564321	351.773977	212.501436	-79.684697	-308.703572	301.410019	-102.684677	339.242369	249.827966	-83.189189	-290.808469	18.023133	1.512853	119.762212	-19.350618	-0.723538	-118.995957
732	1753709333.369453	178.541794	422.104806	166.253194	108.117715	423.442185	-164.696917	154.082060	157.774076	225.414410	77.156782	182.146475	-192.989707	188.680187	-13.504624	-277.544677	244.081676	-47.538951	324.536979	264.416635	-99.598944	351.718873	212.518379	-79.320118	-308.522135	301.292241	-102.736793	339.203328	249.885902	-82.663357	-290.752172	18.021317	1.493776	119.752638	-19.348409	-0.703714	-118.985564
733	1753709333.404862	178.545639	422.090739	166.236266	108.145460	423.454583	-164.660111	154.459372	157.773778	225.448102	77.547021	182.128206	-192.329139	189.646646	-13.019761	-277.035028	244.684115	-47.548190	324.553728	265.204072	-99.619821	351.714402	213.744715	-78.616984	-308.123380	301.911384	-102.757163	339.177072	251.163304	-81.855051	-290.418714	18.030938	1.486055	119.748868	-19.359084	-0.695489	-118.982062
734	1753709333.441642	178.619385	422.077924	166.220710	108.166821	423.467904	-164.579377	154.514611	157.773465	225.441575	77.566452	182.143435	-191.858634	189.791128	-12.734136	-276.740998	244.680613	-47.583461	324.475378	265.226334	-99.756889	351.572096	213.859707	-78.287147	-307.829201	301.844805	-102.891706	338.964760	251.337498	-81.540488	-290.245026	18.042469	1.484484	119.735524	-19.371552	-0.693430	-118.969180
735	1753709333.478571	177.352473	422.072440	166.205764	106.529169	423.532784	-164.480597	153.553545	157.868624	225.459784	76.124787	182.259247	-191.548049	188.726977	-12.463948	-276.340067	243.650123	-47.602762	324.429333	264.179945	-99.876113	351.506144	212.711558	-78.089029	-307.340652	300.613970	-103.057876	338.835686	250.242174	-81.353784	-289.723903	18.063013	1.488392	119.727917	-19.391555	-0.697153	-118.961290
736	1753709333.508076	177.052870	422.055304	166.225314	105.944037	423.829138	-164.209083	153.080463	158.022717	225.572392	75.274505	182.731479	-190.876231	188.316211	-11.864699	-274.929315	242.968634	-47.619101	324.328542	263.328105	-99.943094	351.322800	212.305337	-77.721469	-305.578232	299.964368	-103.151657	338.600218	249.878272	-80.953874	-287.779719	18.054750	1.469215	119.695105	-19.380998	-0.677508	-118.925214
737	1753709333.540358	177.643657	421.959937	166.225120	106.382661	423.832744	-164.007977	153.651729	158.106551	225.597873	75.778782	182.862625	-190.609604	189.231709	-11.716635	-274.518192	243.570343	-47.596432	324.212074	264.003903	-99.959157	351.064295	213.299021	-77.636696	-305.132687	300.679266	-103.170149	338.273466	250.965387	-80.877759	-287.332684	18.052462	1.432296	119.668037	-19.377980	-0.640389	-118.897468
738	1753709333.576764	177.240834	421.948105	166.220918	105.551660	423.945576	-163.731247	152.884334	158.150896	225.599006	74.752882	183.191314	-190.372780	188.798741	-11.222009	-273.816943	242.578268	-47.705498	323.990196	262.996912	-100.292444	350.872427	212.831035	-77.324785	-304.033160	299.674571	-103.582703	338.033408	250.590622	-80.567971	-286.197901	18.056022	1.431206	119.620956	-19.381184	-0.638729	-118.848614
739	1753709333.608577	177.668199	421.921998	166.213572	106.264964	424.003750	-163.673326	153.107345	158.173755	225.609615	75.491555	183.500439	-190.287173	190.176591	-10.609110	-273.549110	242.875442	-47.714908	323.794335	263.379008	-100.358866	350.649267	214.339525	-76.877266	-303.550541	300.094277	-103.619806	337.790012	252.157509	-80.087394	-285.733581	18.032521	1.434139	119.591497	-19.356484	-0.640484	-118.819006
740	1753709333.644156	178.575128	421.839535	166.384101	107.510641	424.011558	-163.372695	154.372051	158.187464	225.753948	77.427015	183.608443	-190.120846	193.139553	-10.424661	-272.994548	244.837835	-47.815636	323.772937	265.908986	-100.729220	350.615650	217.598528	-76.777868	-302.745759	302.715629	-103.962086	337.701917	255.519301	-79.965949	-284.816206	17.980641	1.417940	119.569212	-19.303150	-0.623155	-118.796602
741	1753709333.678467	178.898603	421.690643	166.397110	107.790597	424.009562	-163.268149	154.811725	158.187643	225.849837	77.739567	183.683366	-189.953938	193.644255	-10.212909	-272.463292	245.681360	-47.816489	323.664248	266.873896	-100.752860	350.367993	218.171552	-76.650523	-302.048057	303.724885	-103.974223	337.362200	256.077230	-79.792544	-284.054518	17.969146	1.399165	119.539469	-19.290108	-0.603865	-118.766263
742	1753709333.716678	178.813979	421.655923	166.473418	107.668407	424.012721	-162.996456	154.779613	158.257201	226.027414	77.694468	183.784157	-189.860553	193.594232	-9.941901	-272.133440	245.635375	-47.777388	323.600471	266.811788	-100.769453	350.219011	218.118206	-76.451212	-301.624715	303.651303	-103.972793	337.115198	256.007195	-79.538800	-283.500135	17.965835	1.390993	119.514957	-19.286046	-0.595532	-118.740946
743	1753709333.747213	178.809717	421.658963	166.570440	107.700311	424.091071	-162.854671	154.794067	158.351332	226.048768	77.718481	184.027642	-189.851448	193.550989	-9.833547	-271.973670	245.650023	-47.544401	323.392302	266.849250	-100.634143	350.050569	218.056753	-76.410241	-301.233411	303.614050	-103.788421	336.899102	255.936056	-79.512313	-283.027291	17.961251	1.397240	119.499117	-19.280937	-0.600670	-118.725173
744	1753709333.784161	179.994822	421.447426	166.577190	109.068356	424.061596	-162.733123	156.271756	158.279032	226.082876	79.070717	184.070140	-189.838037	193.947926	-9.818180	-271.935344	246.563777	-47.599278	323.373973	267.643601	-100.733243	350.045949	218.252569	-76.408640	-301.152527	304.246634	-103.875972	336.881489	256.128699	-79.533659	-282.913834	17.963298	1.405466	119.460717	-19.282710	-0.607802	-118.687205
745	1753709333.816879	180.192113	421.378136	166.544110	109.451115	424.031347	-162.716597	156.838730	158.289567	226.082534	80.075234	184.083149	-189.889655	195.380837	-9.794907	-271.866888	247.568429	-47.647726	323.355466	268.790543	-100.883462	350.027502	219.902620	-76.397836	-301.059395	305.486888	-104.034916	336.828977	257.713139	-79.523586	-282.753885	17.956166	1.385572	119.436964	-19.274719	-0.587953	-118.662603
746	1753709333.848947	180.198297	421.361655	166.441560	109.492064	424.022079	-162.727624	157.161459	158.251643	225.972667	80.212861	184.069216	-189.897463	195.360899	-9.799486	-271.887958	247.871026	-47.753762	323.303074	269.107401	-101.074196	350.017250	219.851241	-76.405011	-301.072568	305.613190	-104.294896	336.807281	257.659763	-79.570495	-282.788396	17.965686	1.406898	119.425409	-19.284559	-0.607745	-118.650876
747	1753709333.882042	180.769250	421.214521	166.436344	109.733798	423.899859	-162.664562	158.565640	158.170357	225.954577	80.969445	183.929503	-189.793050	196.462885	-9.789693	-271.827608	249.878243	-47.845986	323.159158	271.395057	-101.275034	349.859506	221.037820	-76.398186	-301.037282	307.905048	-104.453951	336.558700	258.890301	-79.559371	-282.764167	17.991997	1.387290	119.405404	-19.310217	-0.587444	-118.630603
748	1753709333.917687	182.229683	421.192408	166.516125	110.723555	423.851043	-162.475064	160.090148	158.150837	225.998431	81.884012	183.923617	-189.663678	196.723700	-9.778678	-271.758080	251.045197	-47.935888	323.141634	272.552937	-101.421945	349.844426	221.206218	-76.372758	-300.978601	308.976233	-104.576685	336.538225	259.066731	-79.533964	-282.717854	18.024318	1.373253	119.389206	-19.345276	-0.572086	-118.615575
749	1753709333.953645	182.192713	421.144903	166.479066	110.775121	423.807621	-162.488282	160.020947	158.147916	226.019084	81.976958	183.944061	-189.879939	196.729019	-9.770020	-271.815449	250.821292	-47.964480	323.124170	272.238225	-101.506576	349.837601	221.178517	-76.386362	-300.981522	308.542609	-104.644321	336.518615	259.039015	-79.559110	-282.712460	18.033041	1.387727	119.373724	-19.354042	-0.585666	-118.601263
750	1753709333.986083	182.290271	421.082884	166.514367	111.259043	423.721671	-162.388325	160.127521	158.152685	226.119742	83.161056	183.875799	-189.818755	198.444590	-9.772099	-271.620333	251.122713	-48.019927	323.323518	272.668004	-101.680614	349.995226	223.339930	-76.404966	-300.800800	308.954120	-104.776643	336.614221	261.173278	-79.576038	-282.422572	18.035986	1.379621	119.361974	-19.357866	-0.577392	-118.589848
751	1753709334.021465	182.309762	420.902491	166.512683	111.221395	423.660606	-162.342146	160.160929	158.015519	226.102397	83.101273	183.852002	-189.792871	198.382303	-9.764702	-271.589935	251.170129	-48.609283	323.287487	272.710025	-102.468975	349.980593	223.259434	-76.399311	-300.764501	309.007615	-105.653249	336.570561	261.123776	-79.564683	-282.387286	18.043557	1.373956	119.342029	-19.364836	-0.571237	-118.569225
752	1753709334.052296	182.425007	420.934886	166.625962	111.213006	423.651010	-162.123382	160.356790	158.005804	226.107672	82.971975	183.815062	-189.736217	197.938234	-9.760920	-271.568954	251.580119	-48.642389	323.276252	273.262084	-102.530055	349.991679	222.662583	-76.397628	-300.717354	309.529752	-105.717979	336.559206	260.624200	-79.559848	-282.358229	18.074850	1.371611	119.330682	-19.397298	-0.568269	-118.558004
753	1753709334.091391	182.173803	420.879424	166.630924	111.063622	423.605889	-162.106439	160.154477	158.005431	226.349890	82.930282	183.784828	-189.737514	197.908878	-9.667226	-271.557808	251.319379	-48.655163	323.325336	272.983044	-102.552950	350.000769	222.617090	-76.267473	-300.713599	309.169590	-105.725296	336.547941	260.574281	-79.365313	-282.346517	18.099768	1.370015	119.320147	-19.421738	-0.566563	-118.547618
754	1753709334.122986	182.844952	420.885116	166.752249	112.465076	423.570335	-161.996141	161.096573	158.031061	226.577118	84.950812	183.766544	-189.665571	200.163022	-9.624961	-271.473616	252.777517	-48.668437	323.535025	274.565190	-102.581844	350.155413	225.181997	-76.208234	-300.660938	310.930938	-105.741285	336.644500	263.019443	-79.265542	-282.285094	18.062590	1.353170	119.309753	-19.385295	-0.549192	-118.537463
755	1753709334.157786	182.981938	420.937598	166.783035	112.877332	423.571587	-161.937490	161.096036	158.093870	226.627275	84.996484	183.893114	-189.658806	200.084567	-9.574756	-271.479547	252.663523	-48.653878	323.534489	274.322867	-102.565832	350.212902	224.908531	-76.168358	-300.646782	310.654908	-105.731830	336.697727	262.808233	-79.242274	-282.275647	18.021427	1.379343	119.292185	-19.343365	-0.573946	-118.520536
756	1753709334.190133	183.257118	420.935482	166.787311	113.425769	423.621744	-161.925942	161.870405	158.095106	226.637796	86.101495	183.945477	-189.652264	202.479228	-9.331132	-271.472931	254.550546	-48.645396	323.523074	276.524931	-102.578253	350.204617	227.695674	-76.007977	-300.642908	313.207328	-105.716810	336.673588	265.741229	-79.031609	-282.268971	18.015111	1.369316	119.281970	-19.336041	-0.563529	-118.510492
757	1753709334.227660	183.229640	421.040297	167.110145	113.590531	423.678875	-161.730692	161.861286	158.143401	226.858199	86.529836	183.973879	-189.572051	202.904776	-9.241939	-271.382481	254.535317	-48.566796	323.758394	276.521355	-102.534637	350.382209	228.230387	-75.926699	-300.582856	313.166618	-105.597310	336.797595	266.233385	-78.930780	-282.117456	18.012643	1.358663	119.283862	-19.334551	-0.552664	-118.514299
758	1753709334.257860	183.228031	421.068579	167.276174	113.492645	423.686266	-161.590531	161.762029	158.203721	226.936013	86.186655	183.987856	-189.430043	202.281907	-9.227508	-271.273166	254.381955	-48.530482	323.631167	276.296049	-102.509052	350.115597	227.425933	-75.913720	-300.463170	312.950015	-105.527259	336.461782	265.468419	-78.898005	-282.007068	18.025847	1.353635	119.276084	-19.347547	-0.547547	-118.506789
759	1753709334.292984	183.240578	421.159714	167.385340	113.227546	423.827618	-161.550879	161.712438	158.305779	227.051020	85.382313	184.098408	-189.249441	201.827824	-8.948403	-271.124005	254.415065	-48.297547	323.628068	276.357889	-102.364384	350.085467	226.997450	-75.744718	-300.271094	313.108593	-105.267912	336.429387	265.136212	-78.660183	-281.863481	18.056905	1.323196	119.270906	-19.377463	-0.514446	-118.501492
760	1753709334.327758	183.142081	421.224445	167.450130	113.123581	423.827708	-161.530301	160.886273	158.425510	227.069572	84.765069	184.082031	-189.238414	200.451404	-9.115780	-271.114886	253.310025	-48.203137	323.590994	275.107533	-102.316029	350.044996	225.297883	-76.005347	-300.256431	311.922669	-105.207756	336.388290	263.470829	-78.959249	-281.848341	18.071322	1.324941	119.264334	-19.392021	-0.515299	-118.495129
761	1753709334.360200	183.101296	421.242744	167.508572	112.828441	423.843980	-161.510736	160.843477	158.438861	227.108628	83.894506	184.081972	-189.233541	198.792160	-9.150760	-271.113276	253.272176	-48.152737	323.571056	275.085330	-102.270953	350.053459	223.176941	-76.038070	-300.239295	311.848342	-105.169311	336.384356	261.468470	-79.023980	-281.835020	18.084580	1.338744	119.259402	-19.405199	-0.527148	-118.490309
762	1753709334.392048	183.189943	421.243012	167.503238	112.868406	423.852772	-161.556125	160.859838	158.447549	227.124929	83.828740	184.081018	-189.234152	198.281422	-9.148784	-271.046698	253.261089	-48.133247	323.561490	275.069743	-102.218412	350.040197	222.598448	-76.019093	-300.145924	311.817586	-105.097018	336.358666	260.825425	-79.001948	-281.745404	18.088069	1.347708	119.254082	-19.408653	-0.535150	-118.484877
763	1753709334.430544	183.565825	421.178818	167.517781	113.041468	423.863173	-161.546409	161.109343	158.157438	227.140233	83.769068	184.101209	-189.075574	197.967589	-9.137596	-270.999759	253.268480	-48.177436	323.565423	275.042504	-102.203682	350.156218	221.845284	-75.957581	-300.017744	311.741620	-105.085827	336.590737	260.207355	-78.956112	-281.730622	18.092690	1.353619	119.246759	-19.412205	-0.540086	-118.476681
764	1753709334.467700	182.104617	421.287477	167.540163	111.571699	423.872888	-161.553249	159.698918	158.208922	227.182016	82.434416	184.054777	-188.982219	197.360411	-9.083073	-270.895511	252.218068	-48.137445	323.544413	273.708165	-102.063619	350.138098	221.249640	-75.754017	-299.902052	310.361713	-104.946062	336.579889	259.557128	-78.579664	-281.680912	18.095450	1.362474	119.244702	-19.414026	-0.549297	-118.473910
765	1753709334.497404	181.670338	421.316624	167.688772	111.145645	423.913360	-161.539823	159.010917	158.227235	227.300391	81.529275	184.060663	-188.969508	195.998102	-9.082829	-270.852655	251.358986	-48.063971	323.586851	272.653103	-101.893567	350.229740	219.820380	-75.742915	-299.842715	309.309125	-104.772098	336.691856	258.045971	-78.567691	-281.630158	18.098533	1.363348	119.245112	-19.416461	-0.549831	-118.473627
766	1753709334.533176	181.418553	421.385080	167.720452	110.769682	423.948526	-161.559343	158.585802	158.281311	227.318048	80.696113	184.057787	-188.981354	194.479048	-9.122740	-270.842403	250.816017	-47.904499	323.519111	271.957785	-101.424173	350.165099	218.176708	-75.732403	-299.835294	308.532745	-104.315385	336.621910	256.302416	-78.553319	-281.642854	18.095398	1.371066	119.242243	-19.411864	-0.557574	-118.470147
767	1753709334.566656	181.564942	421.437919	167.780444	110.797420	423.973113	-161.570847	158.676922	158.330888	227.334872	80.660768	184.019536	-188.978955	194.299132	-9.257016	-270.829201	250.990897	-47.798533	323.291808	272.143453	-101.137996	349.738389	218.059272	-75.766020	-299.839944	308.767706	-103.966273	336.130172	256.152779	-78.569390	-281.662405	18.093310	1.363348	119.237624	-19.408792	-0.550269	-118.464708
768	1753709334.604813	181.858152	421.713084	167.795047	111.115240	423.990190	-161.720678	158.972844	158.419430	227.216214	80.701679	183.913007	-189.144373	194.177419	-9.618938	-271.237880	251.400381	-47.288470	323.014319	272.530615	-100.118108	349.520802	217.870519	-75.902328	-300.371230	309.139997	-102.904998	335.951030	255.972773	-78.701548	-282.405227	18.092306	1.373906	119.237281	-19.406756	-0.560878	-118.463673
769	1753709334.634573	182.215467	422.065467	167.799428	111.458182	424.003422	-161.829129	159.032434	158.513784	227.026477	80.727771	183.866531	-189.206317	194.137752	-9.712480	-271.596551	251.403600	-46.743285	322.757602	272.518992	-99.211209	349.382877	217.770681	-75.924173	-300.765455	309.119344	-101.963639	335.864365	255.893499	-78.720294	-283.037484	18.088413	1.401291	119.238496	-19.402212	-0.586952	-118.464202
770	1753709334.669190	182.060614	422.147304	167.754993	111.033484	424.020290	-161.906108	158.794403	158.527181	226.695940	80.228142	183.824942	-189.247698	193.976760	-9.746401	-271.591872	251.365840	-46.638157	322.174400	272.501051	-99.069417	348.646313	217.718512	-75.953178	-300.761670	309.114516	-101.784341	335.189730	255.814195	-78.725994	-283.031523	18.097118	1.399322	119.236656	-19.409550	-0.584974	-118.461788
771	1753709334.701259	179.859519	422.232747	167.768076	108.886965	424.070179	-161.993995	156.273097	158.540025	226.539880	78.301892	183.790401	-189.358696	192.131519	-9.823260	-271.586448	249.070600	-46.540193	322.153896	269.969612	-98.835401	348.651022	215.869471	-75.990394	-300.754040	306.602210	-101.612285	335.220069	253.799230	-78.742675	-282.997072	18.105049	1.419193	119.244099	-19.416299	-0.605730	-118.468493
772	1753709334.740039	180.017412	422.236681	167.760283	109.253258	424.074858	-162.044987	156.368479	158.414319	226.388782	78.462414	183.687896	-189.383611	192.158580	-10.324209	-271.682709	249.121949	-46.548344	322.143346	270.009249	-98.818429	348.682821	215.882659	-76.394908	-300.904602	306.638330	-101.600684	335.310519	253.819197	-79.237834	-283.211738	18.057171	1.437545	119.239911	-19.365460	-0.624485	-118.463941
773	1753709334.772140	179.813221	422.286958	167.815983	109.102055	424.212188	-162.066028	155.731276	158.404753	226.283804	78.230210	183.689460	-189.367011	192.034274	-10.373376	-271.664351	248.395622	-46.349600	322.134376	269.160867	-98.553576	348.700404	215.768605	-76.495059	-300.891280	305.875152	-101.275340	335.387200	253.708690	-79.361282	-283.189863	18.063860	1.443642	119.252659	-19.371720	-0.630049	-118.476614
774	1753709334.807727	176.477492	422.424287	167.828083	106.752075	424.237341	-162.162498	152.233660	158.469126	226.189137	76.423876	183.640644	-189.462334	190.611973	-10.533572	-271.710485	245.023578	-46.130367	322.134823	265.612960	-98.221198	348.738641	214.474916	-76.649740	-300.975621	302.181810	-101.001568	335.482955	252.202094	-79.522796	-283.216655	18.073076	1.464680	119.284704	-19.380759	-0.652792	-118.509769
775	1753709334.847609	176.514924	422.557116	167.741045	106.775478	424.239755	-162.372410	152.318850	158.477172	225.906610	76.403990	183.526352	-189.699814	190.381780	-10.779645	-272.263616	245.089650	-46.113197	322.116017	265.702158	-98.184094	348.737031	214.340344	-76.751545	-301.856786	302.260190	-100.977622	335.479558	252.061427	-79.660617	-284.170985	18.076483	1.473394	119.303599	-19.384768	-0.661984	-118.529469
776	1753709334.873712	175.404891	422.670811	167.739913	106.180623	424.251795	-162.425458	151.192829	158.520550	225.844115	76.047428	183.505878	-189.921260	190.068468	-11.027777	-272.421390	243.472964	-45.947883	322.108984	263.941973	-97.847275	348.782361	214.015797	-76.964729	-302.021176	300.235599	-100.724578	335.587531	251.724780	-79.963103	-284.303367	18.048493	1.480002	119.308040	-19.356722	-0.669626	-118.533880
777	1753709334.905205	173.754185	422.758281	167.717516	105.037756	424.274087	-162.525669	149.552971	158.550084	225.796521	75.604647	183.494657	-190.096110	189.702094	-11.039849	-272.634804	241.504431	-45.936506	322.185129	261.850804	-97.831227	348.875493	213.759452	-76.937325	-302.425861	298.114777	-100.714236	335.736781	251.324058	-79.930648	-284.604132	18.045954	1.485158	119.331256	-19.354684	-0.675399	-118.557781
778	1753709334.941300	169.986621	422.782123	167.728066	102.085732	424.308062	-162.546188	145.263225	158.645689	225.823596	74.182533	183.494925	-190.436050	189.181000	-11.144973	-272.633284	236.561045	-45.974590	322.370738	256.348938	-97.913057	349.045455	213.508233	-77.191927	-302.427292	293.208957	-100.879736	335.956514	250.854582	-80.187880	-284.396619	18.031294	1.441839	119.352311	-19.339135	-0.636214	-118.577935
779	1753709334.976089	168.901384	422.802031	167.761952	101.163492	424.330503	-162.550688	144.293576	158.691853	225.894332	73.793687	183.498919	-190.676048	188.789412	-11.288023	-272.638768	235.228732	-46.026863	322.429001	255.031854	-98.024651	349.055797	213.300183	-77.460580	-302.450448	291.756064	-101.022579	335.960776	250.518769	-80.483735	-284.291506	18.031154	1.439792	119.371720	-19.339634	-0.635408	-118.598312
780	1753709335.008739	166.280940	422.901720	167.855546	99.186331	424.402118	-162.549809	141.765699	158.859208	225.935072	72.560616	183.540389	-190.800518	186.958700	-11.357529	-272.727758	232.158422	-45.991633	322.887897	252.071828	-98.015808	349.475503	211.666182	-77.567481	-302.739441	288.250417	-101.025201	336.336970	248.621434	-80.723859	-284.334242	18.065546	1.442102	119.435437	-19.380368	-0.638641	-118.667580
781	1753709335.046635	166.333452	422.922254	167.873099	99.080354	424.494982	-162.562981	141.573682	159.030452	226.062581	72.390482	183.717638	-190.895915	186.977163	-11.236660	-272.732258	232.014582	-45.931540	323.039323	251.835316	-97.999334	349.585056	211.723417	-77.532999	-302.744180	288.174391	-101.005040	336.488396	248.672575	-80.671713	-284.276336	18.067122	1.433965	119.441785	-19.381929	-0.631421	-118.673891
782	1753709335.080456	166.338906	423.085481	167.872965	99.129327	424.769849	-162.575722	141.700223	159.163117	226.105511	72.398916	184.103206	-191.018432	187.061042	-10.857833	-272.759378	232.252732	-45.892403	323.389977	252.127826	-97.989365	349.951267	211.948246	-77.190213	-302.801073	288.470149	-100.995570	336.820245	248.855188	-80.336139	-284.274936	18.063106	1.441327	119.459316	-19.378584	-0.639549	-118.692353
783	1753709335.116743	162.685931	423.262954	167.872980	96.097887	425.114572	-162.675351	137.859032	159.317330	226.137653	70.423424	184.336871	-191.272065	185.492694	-10.794464	-272.811890	228.243187	-45.938771	323.649049	248.011559	-98.228566	350.193173	210.594460	-77.190004	-302.908570	284.297436	-101.302445	337.014079	247.191027	-80.347165	-284.257054	18.088032	1.452355	119.529329	-19.409055	-0.650642	-118.767187
784	1753709335.145842	162.894577	423.285395	167.796105	96.215896	425.182074	-162.975550	138.112426	159.343988	226.240560	70.445932	184.464961	-191.776305	185.545415	-10.691257	-273.273140	228.578478	-46.054054	323.752701	248.393610	-98.506145	350.286186	210.654870	-77.101342	-303.382605	284.676969	-101.546280	337.088525	247.262046	-80.246247	-284.604698	18.091684	1.483141	119.550921	-19.412832	-0.681450	-118.789144
785	1753709335.181434	162.500501	423.381090	167.774111	95.855482	425.400138	-163.157135	137.525737	159.450889	226.255059	69.904298	184.641615	-191.990748	185.200438	-10.597316	-273.519456	227.948591	-46.093702	323.964804	247.716889	-98.685488	350.552291	210.324898	-77.066496	-303.697228	284.036487	-101.766199	337.375611	246.950164	-80.229484	-284.785718	18.112432	1.509020	119.597219	-19.435510	-0.707350	-118.837073
786	1753709335.215133	162.628770	423.605859	167.750031	95.917061	425.563991	-163.335979	137.639418	159.841210	226.297796	69.845580	184.695914	-192.078978	184.851229	-10.595640	-273.580223	228.046730	-46.052329	324.089348	247.795045	-98.687209	350.666702	209.906042	-77.080160	-303.769141	284.135222	-101.786666	337.459445	246.565416	-80.254257	-284.806907	18.119073	1.538216	119.620048	-19.443151	-0.735959	-118.860081
787	1753709335.249640	159.785956	423.886895	167.765513	93.058720	425.821304	-163.351014	134.513304	160.222426	226.409674	67.355849	184.882104	-192.224056	182.126805	-10.579159	-273.594052	224.305764	-46.036609	324.250013	243.701488	-98.710738	350.783408	207.173362	-77.104554	-303.786367	280.137539	-101.846434	337.538183	243.591145	-80.291606	-284.744173	18.145861	1.541361	119.653642	-19.473346	-0.739547	-118.896075
788	1753709335.281794	162.535697	423.849344	167.705879	95.232598	425.797820	-163.365930	138.254434	160.246268	226.383939	68.497285	184.850588	-192.252904	183.053255	-10.717810	-273.637176	229.085207	-46.067301	324.266672	249.092028	-98.762304	350.803912	208.037868	-77.245437	-303.807467	285.624325	-101.940267	337.560415	244.785562	-80.419309	-284.786880	18.111560	1.544912	119.654909	-19.436313	-0.743448	-118.895896
789	1753709335.318491	162.598059	423.868209	167.686671	95.278271	425.816000	-163.399279	138.306931	160.274923	226.390734	68.461090	184.839323	-192.279890	182.745337	-10.811258	-273.703426	229.098856	-46.139985	324.294120	249.086201	-98.914072	350.825429	207.617506	-77.340357	-303.948969	285.578161	-102.152318	337.581038	244.411960	-80.567203	-284.897268	18.134082	1.549494	119.667649	-19.460281	-0.748293	-118.908688
790	1753709335.349509	163.161576	423.754126	167.669654	95.811523	425.794333	-163.450077	138.923913	160.180554	226.409823	68.867683	184.729829	-192.309439	182.785377	-11.144719	-273.718834	229.494125	-46.584290	324.481934	249.472961	-99.561468	351.040572	207.637772	-77.735245	-303.971559	285.889715	-102.925003	337.751567	244.437754	-81.080116	-284.899652	18.147776	1.556325	119.685747	-19.475732	-0.755079	-118.927129
791	1753709335.385238	163.644150	423.743188	167.650491	95.961526	425.778449	-163.512692	139.580324	160.195261	226.438016	68.869814	184.651926	-192.454413	182.418838	-11.382923	-274.028599	230.167732	-46.596196	324.500650	250.134975	-99.570423	351.063609	207.035482	-77.925593	-304.347605	286.548048	-102.941684	337.771982	243.944108	-81.269629	-285.320222	18.164104	1.559976	119.694449	-19.491106	-0.758972	-118.935548
792	1753709335.416574	163.596287	423.618555	167.631850	95.903523	425.712198	-163.540348	139.564827	160.139456	226.515442	68.823554	184.530884	-192.460135	182.255819	-11.412523	-274.014264	230.068281	-46.766065	324.642360	249.966472	-99.771559	351.171494	206.875488	-77.956140	-304.364681	286.350548	-103.151605	337.849915	243.717507	-81.292294	-285.303295	18.209130	1.564468	119.703539	-19.537272	-0.763741	-118.944652
793	1753709335.452206	163.680032	423.557490	167.459831	96.283048	425.473481	-163.792729	139.640629	160.145402	226.485163	69.142975	184.197932	-192.493618	182.428375	-11.724307	-274.086803	230.091199	-46.779312	324.634433	249.987721	-99.776618	351.158649	207.015812	-78.131959	-304.485649	286.353827	-103.160076	337.844223	243.856639	-81.462853	-285.472929	18.211730	1.581350	119.710132	-19.540276	-0.781650	-118.951179
794	1753709335.485339	164.731666	423.545867	167.295352	96.913405	425.379038	-164.036542	141.552553	160.153598	226.428673	69.708623	183.948845	-192.595989	182.947740	-11.782900	-274.282426	232.669070	-46.784535	324.600995	252.654105	-99.777207	351.131350	207.515284	-78.146636	-304.752886	289.105713	-103.169270	337.796867	244.443595	-81.464015	-285.806298	18.216945	1.582773	119.715080	-19.545292	-0.783529	-118.955329
795	1753709335.521230	167.260304	423.334837	167.303368	98.867185	425.187200	-164.051980	143.918723	159.967378	226.442397	70.516281	183.760196	-192.616045	183.043867	-11.989322	-274.510056	234.532803	-46.937510	324.643344	254.376113	-99.859416	351.224393	207.528517	-78.240521	-305.062473	290.817469	-103.272669	337.891608	244.471759	-81.568316	-286.285490	18.221056	1.581384	119.716056	-19.549368	-0.782132	-118.955396
796	1753709335.558110	168.720588	423.238486	167.185679	100.478023	424.870253	-164.232150	145.953253	159.798890	226.402804	72.124533	183.191821	-192.635104	184.457764	-12.180248	-274.585634	237.009451	-47.230333	324.656606	257.061213	-100.081757	351.278156	208.987385	-78.271657	-305.179864	293.438911	-103.546850	337.916046	246.028408	-81.582233	-286.498606	18.221412	1.582736	119.719088	-19.550042	-0.783628	-118.957840
797	1753709335.588653	169.533730	423.205227	167.169288	101.340972	424.832284	-164.257810	146.709681	159.793556	226.425394	72.933756	183.136150	-192.653209	185.364813	-12.195679	-274.605244	237.722337	-47.268435	324.667186	257.695466	-100.119568	351.289093	209.899098	-78.273416	-305.201918	294.184715	-103.584394	337.924212	246.984750	-81.541754	-286.510259	18.208800	1.572631	119.718656	-19.536503	-0.774157	-118.956387
798	1753709335.621112	170.874134	423.109412	167.214990	102.797627	424.765140	-164.235890	147.794440	159.692734	226.509556	74.253738	182.993606	-192.469373	186.511055	-12.284657	-274.356961	238.545626	-47.333531	324.845463	258.485943	-100.185685	351.504773	210.973248	-78.355178	-304.927975	294.995546	-103.657037	338.132441	248.086736	-81.624880	-286.218733	18.194281	1.565944	119.721211	-19.522706	-0.767140	-118.958473
799	1753709335.658527	172.704607	423.159033	167.180762	104.268000	424.722701	-164.246127	149.299547	159.710765	226.451308	74.714668	182.980224	-192.434698	186.589271	-12.301205	-274.384797	239.799455	-47.305759	324.701279	259.673953	-100.085542	351.437986	210.970804	-78.329958	-304.939479	296.133876	-103.587069	338.082761	248.103186	-81.585795	-286.342621	18.161984	1.576401	119.713917	-19.488893	-0.776934	-118.949749
800	1753709335.694927	178.653419	423.207283	166.922733	110.825844	424.431950	-164.376259	155.695260	159.708470	226.277485	81.276231	182.589576	-192.392245	192.701459	-12.353063	-274.445921	246.602371	-47.299501	324.699104	267.086864	-100.037582	351.447880	217.318371	-78.294940	-305.065513	303.622693	-103.539273	338.087648	254.678011	-81.516474	-286.772817	17.980022	1.576490	119.700313	-19.312531	-0.776555	-118.935704
801	1753709335.725098	178.424582	423.279524	166.873306	110.693097	424.491614	-164.378121	155.419275	159.761727	226.236075	80.830529	182.762697	-192.314476	192.569420	-12.072765	-274.359435	246.287182	-47.106650	324.580520	266.715229	-99.787399	351.407111	217.193142	-78.023933	-304.785579	303.242564	-103.290007	338.080645	254.509211	-81.152208	-286.614776	17.967138	1.577603	119.683862	-19.296382	-0.777445	-118.916199
802	1753709335.760605	178.308934	423.276663	166.861594	110.590778	424.465030	-164.433092	154.880047	159.747422	226.155907	80.509916	182.757750	-192.351490	192.138150	-12.083763	-274.389029	245.311528	-47.084156	324.545443	265.363514	-99.728160	351.425618	216.457680	-78.029752	-304.781914	301.950872	-103.250124	338.132858	253.784359	-81.152722	-286.615252	17.966673	1.593566	119.686380	-19.295037	-0.792884	-118.918002
803	1753709335.793760	178.180411	423.371643	166.740343	110.384308	424.457639	-164.493144	154.675305	159.737796	225.875244	80.346480	182.750612	-192.368999	192.028731	-12.093595	-274.489582	245.109960	-47.051836	324.384987	265.158534	-99.632278	351.428002	216.321379	-78.018762	-304.830819	301.777691	-103.204392	338.140845	253.647655	-81.148364	-286.729455	17.938266	1.637320	119.681977	-19.264737	-0.835724	-118.912429
804	1753709335.830684	178.078607	423.357427	166.716054	110.161379	424.386561	-164.507374	154.394746	159.691885	225.731328	80.028281	182.740256	-192.371964	191.830426	-12.122282	-274.499387	244.639263	-47.072601	324.180305	264.619499	-99.642210	351.343960	215.990424	-78.042164	-304.799616	301.098049	-103.232190	338.075608	253.345251	-81.179187	-286.708295	17.941993	1.652941	119.681343	-19.267643	-0.850985	-118.911251
805	1753709335.860532	178.014055	423.363447	166.708797	110.103428	424.371064	-164.416835	154.251739	159.672022	225.679308	79.963826	182.763517	-192.095354	192.328379	-11.901767	-274.111867	244.487688	-47.062378	324.134886	264.464408	-99.641733	351.304114	216.590285	-77.850789	-304.170787	300.985545	-103.218928	338.078260	253.931224	-80.875367	-286.170125	17.877989	1.654516	119.669378	-19.201353	-0.852216	-118.898474
806	1753709335.898302	177.903697	423.360467	166.800767	109.981902	424.356669	-164.297655	154.129982	159.669787	225.669369	79.924390	182.856351	-192.070365	192.646891	-11.804620	-274.075329	244.371295	-47.012720	324.083775	264.336348	-99.620841	351.289123	216.870353	-77.804320	-304.047555	300.860047	-103.173725	338.078946	254.238278	-80.814727	-286.018699	17.874854	1.672044	119.663909	-19.197803	-0.869467	-118.892796
807	1753709335.932746	177.967012	423.407167	166.790992	110.334016	424.346536	-164.287269	154.305667	159.680545	225.632399	80.400221	182.900995	-192.081377	193.294674	-11.806121	-274.076581	244.631425	-46.872105	323.860675	264.640033	-99.436723	351.160258	217.415169	-77.802829	-303.981990	301.035792	-102.977186	337.965548	254.860014	-80.814525	-285.986483	17.797071	1.713399	119.648308	-19.117545	-0.910033	-118.876770
808	1753709335.966265	177.013397	423.505127	166.859299	109.858170	424.389988	-164.262891	153.389692	159.694731	225.633860	80.349520	182.966828	-192.078769	193.432167	-11.628161	-274.013937	243.962839	-46.832878	323.851466	263.991207	-99.422075	351.157665	217.700705	-77.663109	-303.881079	300.477087	-102.941006	337.968588	255.070508	-80.630578	-285.755247	17.789191	1.720277	119.658500	-19.109705	-0.916942	-118.886717
809	1753709335.997263	176.616043	423.570901	166.931227	109.329104	424.362719	-164.205998	153.161719	159.766331	225.642622	80.022156	182.941690	-192.102239	192.995220	-11.633291	-274.173051	243.852079	-46.677925	323.827624	263.933003	-99.304073	351.130754	217.256308	-77.667348	-304.062486	300.392568	-102.809533	337.902725	254.586726	-80.633119	-285.855323	17.811049	1.730731	119.666062	-19.132152	-0.927124	-118.894555
810	1753709336.032512	176.456705	423.674315	166.928381	109.274335	424.444735	-164.188564	153.043345	159.803480	225.571305	80.026612	183.188826	-192.103371	193.250045	-11.476859	-274.189711	243.642092	-46.576854	323.678523	263.678551	-99.213570	351.043940	217.431590	-77.524729	-304.057598	300.032288	-102.705628	337.876409	254.849315	-80.540106	-285.863936	17.784530	1.751647	119.662516	-19.105567	-0.948016	-118.890852
811	1753709336.066389	176.339850	423.680842	166.916579	108.755298	424.438059	-164.116472	152.733415	159.820244	225.494817	79.482615	183.200002	-192.040011	193.190187	-11.431522	-274.062365	243.486226	-46.564270	323.391408	263.598263	-99.209666	350.657463	217.407554	-77.506781	-303.860813	299.985796	-102.698743	337.511718	254.825234	-80.513060	-285.666168	17.780937	1.752162	119.656064	-19.101394	-0.948613	-118.883424
812	1753709336.100251	175.649121	423.745692	167.133361	108.268842	424.438030	-163.981780	151.962250	159.987241	225.570545	79.136759	183.243200	-192.046896	192.898795	-11.503474	-274.039268	242.724955	-46.346687	323.371947	262.883842	-99.007852	350.614905	217.093050	-77.624187	-303.797156	299.108267	-102.466241	337.468743	254.544318	-80.659643	-285.538256	17.779507	1.760821	119.658142	-19.100325	-0.957850	-118.885763
813	1753709336.133544	175.663844	423.589021	167.325348	108.241677	424.352378	-163.921297	152.125120	159.892336	225.667164	79.240300	183.218509	-192.100286	193.086535	-11.560752	-274.093926	243.059516	-46.461016	323.421627	263.319045	-99.211492	350.661099	217.318475	-77.712484	-303.851098	299.572229	-102.631196	337.493032	254.743189	-80.740303	-285.537064	17.788801	1.764116	119.667277	-19.109491	-0.961084	-118.894778
814	1753709336.167171	174.567163	423.603505	167.510331	106.966414	424.406528	-163.678244	150.356427	159.924880	225.713983	77.783592	183.399111	-192.059383	192.260966	-11.553859	-273.976058	241.393879	-46.460733	323.447436	261.704296	-99.263661	350.721449	216.435492	-77.767678	-303.598046	298.055559	-102.701828	337.582469	253.940046	-80.826350	-285.172492	17.787538	1.776685	119.668387	-19.108014	-0.973364	-118.895873
815	1753709336.206016	173.795849	423.692852	167.760968	106.249630	424.473077	-163.450927	149.139374	160.126790	225.747406	77.460870	183.603168	-192.070857	192.292854	-11.459051	-273.872435	240.453541	-46.255764	323.447257	260.899991	-99.168345	350.714535	216.564506	-77.764533	-303.389251	297.398657	-102.574408	337.583393	254.056603	-80.811195	-284.760743	17.774690	1.754581	119.672492	-19.094970	-0.951997	-118.899487
816	1753709336.237349	173.962921	423.694134	168.037146	106.687829	424.476922	-163.231909	149.633914	160.138130	226.226643	78.341290	183.702648	-192.101508	193.760589	-11.318062	-273.866266	241.078407	-46.197992	323.558003	261.667341	-99.134505	350.779265	218.189046	-77.662632	-303.357512	298.176438	-102.469265	337.646216	255.695134	-80.683112	-284.690738	17.725689	1.744271	119.672261	-19.046957	-0.941780	-118.898943
817	1753709336.276116	173.962906	423.476428	168.281987	106.718093	424.491018	-163.061649	149.435937	160.077810	226.478666	78.403108	183.967903	-192.083269	194.086567	-11.026572	-273.786962	240.748152	-46.217564	323.838562	261.308908	-99.223033	350.957781	218.658552	-77.546246	-303.259850	297.915816	-102.486394	337.878048	256.120592	-80.550529	-284.456849	17.725786	1.731875	119.678244	-19.047486	-0.929485	-118.905753
818	1753709336.306273	173.867166	423.518002	168.371424	106.687509	424.539924	-162.902370	149.344772	160.128310	226.508036	78.394540	184.073776	-191.897303	194.287226	-10.793620	-273.234636	240.737513	-46.052769	323.803186	261.327595	-99.129133	350.898981	218.960747	-77.390738	-302.434683	297.921598	-102.306247	337.823838	256.467402	-80.361173	-283.579916	17.718721	1.734524	119.679362	-19.040767	-0.932121	-118.907042
819	1753709336.339922	173.892409	423.517644	168.496922	106.723815	424.568087	-162.681192	149.446338	160.136625	226.559058	78.517407	184.170634	-191.746384	194.639266	-10.647560	-272.725701	241.044044	-46.004232	323.806673	261.789054	-99.125773	350.906163	219.309315	-77.351406	-301.648974	298.404992	-102.287553	337.832332	256.864190	-80.310613	-282.705128	17.717326	1.734086	119.679205	-19.039508	-0.931226	-118.906669
820	1753709336.372993	174.638882	423.451096	168.501914	107.150927	424.584687	-162.657708	149.842218	160.063133	226.390660	78.611225	184.254184	-191.676214	194.619194	-10.527330	-272.651345	241.268784	-46.014123	323.773265	262.038440	-99.286795	350.938439	219.192535	-77.342063	-301.414609	298.696965	-102.458037	337.885439	256.803006	-80.310360	-282.555997	17.741658	1.752675	119.670749	-19.064508	-0.946601	-118.898086
821	1753709336.411214	175.895795	423.282504	168.515429	108.317062	424.565881	-162.630081	151.426494	159.866408	226.441234	80.261551	184.246272	-191.415742	197.369590	-10.111031	-272.094935	243.672699	-46.014942	323.643893	264.813274	-99.344507	350.598246	222.578213	-77.009469	-300.833404	301.840872	-102.446064	337.480724	260.071605	-79.809353	-281.937331	17.740043	1.728039	119.664401	-19.062845	-0.920455	-118.890986
822	1753709336.444355	176.379964	423.281074	168.523252	108.412229	424.572498	-162.609950	151.962057	159.774393	226.410642	80.219962	184.259549	-191.247255	196.838826	-10.003317	-272.067487	243.961230	-46.046570	323.381692	265.027940	-99.394627	350.397378	221.643180	-76.834559	-300.787479	301.997781	-102.482282	337.273180	259.202898	-79.633154	-281.936407	17.754814	1.730694	119.661264	-19.077742	-0.922026	-118.887536
823	1753709336.478877	179.522857	423.097163	168.458372	109.697655	424.549729	-162.604526	155.092910	159.378678	226.337448	80.690481	184.252426	-191.211462	196.841836	-9.939442	-272.121668	246.664703	-46.206735	323.221505	267.734319	-99.625014	350.282311	221.596211	-76.777957	-300.827056	304.898381	-102.635473	337.147236	259.161502	-79.564884	-282.127827	17.788742	1.709673	119.649403	-19.111475	-0.897357	-118.874475
824	1753709336.508964	180.203244	423.063219	168.454349	110.225312	424.568564	-162.589207	156.371951	159.126177	226.252645	81.160679	184.250459	-191.136718	197.283372	-9.903750	-272.079408	248.533934	-46.250414	323.106557	269.805253	-99.664211	350.231349	221.873522	-76.735482	-300.744981	306.827039	-102.658279	337.111115	259.568989	-79.519711	-282.112688	17.795088	1.710440	119.639620	-19.117488	-0.897114	-118.863724
825	1753709336.545100	181.016639	423.053324	168.453887	111.363187	424.579233	-162.575424	157.255009	159.098297	226.203457	82.258038	184.256136	-191.079900	198.455542	-9.748294	-272.069633	249.506295	-46.258807	322.995871	270.900160	-99.719465	350.138575	222.918227	-76.586165	-300.720394	308.103234	-102.682114	337.052166	260.655522	-79.313532	-282.118469	17.779425	1.673237	119.636230	-19.101815	-0.857468	-118.859738
826	1753709336.577056	181.043327	422.987163	168.421969	111.622170	424.585551	-162.568122	157.354414	158.862829	226.186886	82.507960	184.262112	-191.064566	198.493570	-9.639568	-272.146165	249.444768	-46.390302	322.978258	270.811319	-99.841036	350.151598	222.891137	-76.385438	-300.768852	308.025360	-102.798708	337.080061	260.632724	-79.150923	-282.258719	17.777551	1.677172	119.632393	-19.099647	-0.860241	-118.855461
827	1753709336.613659	181.424737	422.859788	168.426186	111.633375	424.558073	-162.449270	157.630339	158.747271	226.129845	82.476884	184.218213	-190.827325	198.382735	-9.621691	-271.907687	249.691054	-46.458855	322.900832	271.098942	-99.933378	350.079089	222.770825	-76.372325	-300.502241	308.357179	-102.890834	337.007612	260.530591	-79.137579	-282.082438	17.777262	1.645686	119.620495	-19.099126	-0.827028	-118.842870
828	1753709336.647825	183.611691	422.695011	168.409467	112.382464	424.548537	-162.376076	161.082029	158.619270	226.038888	82.774878	184.220061	-190.788314	198.320195	-9.617610	-271.992236	252.691537	-46.582565	322.732866	274.216264	-100.048803	349.955708	222.514063	-76.356918	-300.604761	311.189860	-103.051007	336.842209	260.399878	-79.130821	-282.356948	17.799754	1.608002	119.599722	-19.121246	-0.787014	-118.820384
829	1753709336.680678	185.164183	422.090977	168.291941	113.092981	424.506605	-162.369683	162.404627	157.891139	225.940764	82.915388	184.205785	-190.767914	197.978690	-9.648115	-272.148073	253.110230	-47.271289	322.738767	274.441063	-100.688480	350.042790	221.768409	-76.365881	-300.816387	311.351359	-103.790961	336.971462	259.768844	-79.203956	-282.776326	17.839182	1.580684	119.581625	-19.159989	-0.756874	-118.801735
830	1753709336.715609	185.354516	421.928287	168.285683	113.120593	424.559623	-162.285402	162.337914	157.721296	225.766614	82.761541	184.517220	-190.716788	196.799397	-9.440470	-272.205800	252.821028	-47.453236	322.727203	273.903430	-100.937970	350.185782	219.834551	-76.231956	-300.832778	310.811996	-104.144074	337.216944	258.027196	-79.145737	-282.864869	17.874250	1.574945	119.559191	-19.193696	-0.749674	-118.778370
831	1753709336.751398	185.514718	421.781182	168.275848	112.991206	424.551576	-162.174240	162.618428	157.603860	225.690857	82.441576	184.482947	-190.457895	195.722312	-9.475357	-272.093832	252.934784	-47.707271	322.674006	274.006873	-101.140797	350.127965	218.727022	-76.224387	-300.772071	310.875624	-104.430638	337.121427	256.937534	-79.145007	-282.848179	17.928135	1.511125	119.547680	-19.246306	-0.686059	-118.766189
832	1753709336.783046	185.569838	421.574086	168.122783	112.964824	424.550265	-162.184462	162.565693	157.426462	225.513786	82.194649	184.501305	-190.439641	195.208967	-9.402670	-272.114068	252.735108	-47.908332	322.664291	273.687005	-101.379000	350.174636	218.054578	-76.155722	-300.772399	310.626894	-104.713358	337.235481	256.334811	-79.078011	-282.883018	17.969193	1.482801	119.532570	-19.285530	-0.655907	-118.749820
833	1753709336.816903	186.494604	421.367675	168.045193	113.599360	424.550027	-162.233308	163.481921	157.030284	225.435153	82.521506	184.556738	-190.432876	195.350930	-9.371268	-272.295743	253.145814	-48.290361	322.650164	273.947030	-101.729818	350.216180	218.076304	-76.105013	-300.887316	310.783833	-105.103277	337.329060	256.392688	-79.054467	-283.183128	17.997116	1.466228	119.524874	-19.311666	-0.637750	-118.741162
834	1753709336.849083	185.885236	421.330214	168.104783	112.724222	424.574733	-162.193909	162.552580	157.010362	225.347430	81.853725	184.565872	-190.420106	194.981202	-9.354798	-272.274822	252.456933	-48.473813	322.638690	273.299962	-102.056071	350.212574	217.815369	-76.092795	-300.869495	310.378373	-105.457313	337.330103	256.093651	-79.029247	-283.122629	18.018730	1.415208	119.524576	-19.332176	-0.586415	-118.739858
835	1753709336.884662	185.799539	421.250701	168.073639	112.300925	424.593329	-162.093669	162.449971	156.873524	225.175068	81.435390	184.626848	-190.345809	194.273263	-9.258880	-272.245109	252.140999	-48.710555	322.630972	272.906482	-102.284305	350.244254	217.069283	-75.983584	-300.852597	309.995800	-105.724759	337.379158	255.311966	-78.908361	-283.112675	18.048672	1.391625	119.495809	-19.361027	-0.562890	-118.709952
836	1753709336.920795	185.861662	421.109319	168.165222	112.388670	424.602479	-162.014812	162.416682	156.776145	225.162581	81.431739	184.665680	-190.331385	194.226593	-9.250129	-272.212982	252.013505	-48.803683	322.595179	272.767782	-102.416433	350.206971	217.002854	-75.999901	-300.779343	309.907615	-105.813026	337.358266	255.258322	-78.939147	-283.034980	18.052960	1.353717	119.490162	-19.364687	-0.523356	-118.703745
837	1753709336.960214	185.941115	421.085954	168.155968	112.466827	424.616963	-162.001878	162.503883	156.754225	225.109607	81.429541	184.697926	-190.345302	194.221109	-9.246362	-272.245675	252.226353	-48.716988	322.461545	273.044288	-102.243699	350.155950	216.978326	-76.003805	-300.774425	310.115457	-105.610766	337.337792	255.253673	-78.956261	-283.059299	18.059622	1.343102	119.478442	-19.370623	-0.511974	-118.690871
838	1753709336.992993	186.329544	421.065956	168.240264	113.064006	424.623400	-161.955759	162.822127	156.587288	225.110143	81.695415	184.702441	-190.334782	194.233015	-9.302809	-272.324681	252.377272	-48.732374	322.452784	273.149699	-102.228872	350.184947	216.967866	-76.008834	-300.842702	310.139000	-105.568565	337.378025	255.254418	-78.989819	-283.187240	18.066458	1.336835	119.477347	-19.377433	-0.504587	-118.689410
839	1753709337.020834	187.432483	421.027720	168.341607	114.278868	424.566716	-161.899611	164.212584	156.508863	225.095659	82.588263	184.573933	-190.343305	194.498047	-9.698106	-272.397995	254.070163	-48.674304	322.433740	275.118619	-102.010332	350.171328	217.195347	-76.279193	-300.933927	311.905295	-105.258681	337.353945	255.526781	-79.283521	-283.273101	18.072177	1.322828	119.475231	-19.383056	-0.490023	-118.686825
840	1753709337.058444	188.889593	421.074480	168.563202	116.353050	424.405515	-161.522359	166.040421	156.528279	225.165963	85.041791	184.067026	-189.945668	196.382135	-9.910017	-272.076875	257.042944	-48.425663	322.467059	278.937012	-101.571068	350.130469	219.858706	-76.321252	-300.823271	315.589041	-104.626924	337.201595	258.025438	-79.291217	-283.126503	18.016718	1.292248	119.472951	-19.332536	-0.459263	-118.684813
841	1753709337.093578	188.546792	421.212554	168.739289	116.263770	424.431533	-161.410451	165.159017	156.722888	225.267813	84.613666	184.122339	-189.937726	196.015894	-9.935622	-272.036463	256.311059	-47.628265	322.327733	278.155565	-100.581132	349.949867	219.375104	-76.381393	-300.665587	314.675629	-103.441834	337.013990	257.635087	-79.376362	-282.980323	18.007921	1.301340	119.464286	-19.323016	-0.466836	-118.676081
842	1753709337.124124	188.295826	421.168774	169.010893	116.188578	424.340576	-161.119282	164.468646	156.785071	225.898668	84.471770	184.063122	-189.928889	195.975244	-10.206396	-271.823615	255.919337	-47.294557	322.597325	277.848750	-100.164063	350.012690	219.348148	-76.774724	-300.405890	314.366698	-102.843612	337.054044	257.610053	-79.771161	-282.445252	18.006194	1.291313	119.460084	-19.320965	-0.457226	-118.671581
843	1753709337.159828	188.181445	421.214223	169.055924	116.168901	424.275696	-161.099568	163.542494	157.120705	225.891754	83.804488	184.033558	-189.926788	194.443643	-10.719827	-271.831036	254.767925	-46.166260	322.477251	276.427746	-98.659404	349.860728	217.344835	-77.367827	-300.397396	312.857866	-101.292692	336.951137	255.750746	-80.524802	-282.447606	17.998416	1.311722	119.452253	-19.312397	-0.476835	-118.663155
844	1753709337.193864	187.850252	421.206921	169.131264	115.926348	424.199402	-161.031067	163.120002	157.163262	226.073980	83.249271	184.017017	-189.908132	193.059936	-10.790669	-271.857440	253.822893	-45.942836	322.605431	275.081635	-98.252989	350.037813	215.648264	-77.380843	-300.427794	311.137676	-100.915171	337.095827	254.018605	-80.557853	-282.503635	18.005656	1.340129	119.452223	-19.318962	-0.505223	-118.662752
845	1753709337.225731	187.639594	421.214134	169.241861	115.899578	424.200475	-160.994515	162.533432	157.265499	226.196155	83.066851	184.167594	-190.127432	192.991331	-10.812496	-271.902412	253.143042	-45.598529	322.593927	274.319798	-97.761698	350.020081	215.582892	-77.420138	-300.422728	310.351908	-100.325346	337.087363	253.972620	-80.600977	-282.486379	17.971994	1.341998	119.445682	-19.283103	-0.507001	-118.655704
846	1753709337.263278	186.344564	421.415597	169.290572	115.524888	424.200118	-160.973743	161.158532	157.748833	226.199985	82.751915	184.168905	-190.327734	192.866027	-11.080041	-271.931052	252.220422	-44.713166	322.556555	273.413181	-96.757062	350.005746	215.476319	-77.775322	-300.416946	309.467375	-99.357270	337.079436	253.875315	-81.009589	-282.471895	17.913394	1.374873	119.434401	-19.222734	-0.540360	-118.643984
847	1753709337.298857	186.105490	421.447426	169.461548	115.304686	424.205542	-160.859451	160.641402	158.008844	226.271108	82.077824	184.218794	-190.461949	191.810861	-11.188821	-272.027194	251.755565	-44.214003	322.554290	273.031324	-96.267357	350.002170	214.401439	-77.953190	-300.465196	309.133530	-98.836906	337.076068	252.842844	-81.241727	-282.495379	17.912429	1.377492	119.427510	-19.221254	-0.542574	-118.637338
848	1753709337.331093	185.823962	421.486974	169.527501	115.098372	424.146712	-160.839498	159.885421	158.176765	226.274163	81.911281	184.090614	-190.572321	191.815674	-11.396214	-272.117406	251.429617	-43.902099	322.655231	272.817969	-95.997140	350.055188	214.503601	-78.254849	-300.574332	309.043825	-98.530136	337.152034	252.916604	-81.506021	-282.540590	17.903438	1.373636	119.427487	-19.212227	-0.538692	-118.637107
849	1753709337.361440	186.398357	421.501607	169.643015	115.297675	424.055070	-160.723284	160.789505	158.184528	226.289675	81.998214	183.917463	-190.555975	191.770330	-12.030773	-272.165060	252.224475	-43.809555	322.768927	273.755431	-95.799409	350.182593	214.449897	-78.725755	-300.703436	309.787631	-98.335348	337.234020	252.882451	-82.081966	-282.702953	17.906131	1.375086	119.423762	-19.215725	-0.540111	-118.633650
850	1753709337.397759	186.452091	421.608776	169.844508	115.295723	424.052566	-160.518140	160.756186	158.380672	226.293743	81.703097	183.901474	-190.497562	190.700278	-12.510557	-272.178620	252.192080	-43.471050	322.774678	273.721427	-95.443159	350.186348	213.246971	-79.306126	-300.718129	309.765637	-98.016836	337.234199	251.819372	-82.838200	-282.725483	17.895298	1.372838	119.420364	-19.205650	-0.537218	-118.630566
851	1753709337.438751	186.718374	421.573222	169.999093	115.398802	423.919737	-160.349786	160.890386	158.375025	226.307854	81.699722	183.747768	-190.510631	190.574214	-13.337784	-272.344112	252.268940	-43.481309	322.890282	273.825407	-95.439166	350.308537	213.108689	-80.110997	-300.987422	309.865326	-98.027006	337.319702	251.689583	-83.822720	-282.958508	17.893167	1.372429	119.417407	-19.203827	-0.536771	-118.628047
852	1753709337.470539	186.942324	421.695173	170.103639	115.798935	423.883229	-160.227418	161.095083	158.401579	226.312205	81.961676	183.508515	-190.461397	190.606818	-13.606357	-272.378951	252.404809	-43.420408	322.971165	274.010599	-95.336176	350.378156	213.188753	-80.267422	-301.109463	310.091376	-97.933277	337.387174	251.751900	-83.956651	-283.114165	17.860765	1.347411	119.416535	-19.173868	-0.511308	-118.627787
853	1753709337.500716	186.866730	421.765953	170.168608	115.835421	423.881203	-160.130396	160.685018	158.506364	226.327568	81.981324	183.522820	-190.441504	190.632567	-13.657622	-272.384137	251.932383	-43.412399	323.010594	273.500711	-95.330976	350.387603	213.287696	-80.344684	-301.121622	309.691250	-97.936012	337.393582	251.818866	-84.041022	-283.123881	17.744817	1.342478	119.404465	-19.060435	-0.506265	-118.617401
854	1753709337.533928	187.161610	421.770871	170.182869	116.882555	423.748821	-160.102352	161.076114	158.522427	226.304173	83.341829	183.355346	-190.453693	191.847518	-13.829860	-272.642970	252.503484	-43.411385	323.048949	274.152219	-95.317066	350.391835	215.007320	-80.428861	-301.803231	310.538203	-97.925350	337.386787	253.357470	-84.105425	-283.783585	17.631805	1.337009	119.391531	-18.948462	-0.501559	-118.605815
855	1753709337.569635	186.372131	421.724975	170.093104	116.451457	423.711598	-160.145909	159.760520	158.530265	226.260185	82.805373	183.347717	-190.561295	191.357657	-13.989014	-272.710413	250.201881	-43.430950	323.055714	271.250427	-95.310204	350.416183	214.515194	-80.607854	-301.870495	307.626218	-97.941235	337.433070	252.793610	-84.354378	-283.828795	17.617855	1.337369	119.380802	-18.933063	-0.502649	-118.595153
856	1753709337.602248	186.459988	421.722442	170.031011	116.641976	423.599839	-160.195991	159.888536	158.529222	226.219580	83.153859	183.191985	-190.610945	191.575900	-14.063857	-272.934496	250.297219	-43.550931	323.069900	271.350145	-95.434822	350.410193	214.905947	-80.628425	-302.351058	307.742447	-98.091111	337.402761	253.061861	-84.370278	-284.305990	17.597027	1.315704	119.379908	-18.914094	-0.481516	-118.595190
857	1753709337.638078	186.474696	421.691746	169.964448	116.905667	423.490763	-160.253510	159.965366	158.527717	226.219088	84.037654	183.149785	-190.695196	193.481505	-13.993223	-273.131907	250.437766	-43.544307	323.279500	271.463752	-95.372058	350.579381	217.365339	-80.443285	-302.721024	307.950228	-98.021790	337.622464	255.139917	-84.023409	-284.650385	17.572436	1.271030	119.379781	-18.887751	-0.439211	-118.595332
858	1753709337.672889	185.759544	421.377659	169.903621	116.872095	423.421025	-160.360739	158.904165	158.310339	226.275951	84.144630	183.138236	-190.761015	194.239944	-13.960549	-273.230970	249.080554	-43.887317	323.773801	269.594133	-95.653608	351.043612	218.365520	-80.416203	-302.933484	306.391627	-98.300114	338.325828	255.924881	-83.971649	-284.751505	17.538168	1.263921	119.377002	-18.851193	-0.433368	-118.592694
859	1753709337.707391	184.023246	421.362698	169.905081	115.888543	423.415482	-160.411879	157.541424	158.273071	226.367220	83.794199	183.159485	-190.827012	194.081530	-13.765262	-273.325741	247.107476	-44.020735	324.211985	267.036915	-95.708109	351.779461	218.145385	-80.083378	-303.050518	303.729177	-98.406471	339.193374	255.603164	-83.569348	-284.833759	17.518638	1.274136	119.378231	-18.829862	-0.444990	-118.593708
860	1753709337.738493	184.150234	421.130389	169.771627	116.355799	423.125446	-160.583660	158.305779	157.853827	226.349249	84.999777	182.864428	-190.886766	195.659518	-13.697430	-273.824900	248.053625	-44.522822	324.326962	267.939687	-96.061476	351.846039	219.859004	-79.725862	-304.075420	304.583967	-98.747775	339.276046	257.166922	-83.078854	-286.074996	17.476244	1.262644	119.378984	-18.787595	-0.434784	-118.594244
861	1753709337.775804	181.152582	421.036243	169.354275	113.913454	423.114985	-160.994560	155.801848	157.713428	226.190925	83.435938	182.890207	-191.373646	195.228711	-13.628149	-274.148405	245.237678	-44.807110	324.161112	264.641523	-96.259229	351.771057	219.339654	-79.653755	-304.308563	301.064223	-99.048875	339.240342	256.612152	-83.025865	-286.305785	17.464573	1.269125	119.372867	-18.775593	-0.443111	-118.587025
862	1753709337.806439	180.947453	421.114832	169.078708	113.827422	423.101634	-161.249653	155.547768	157.734379	225.964159	83.146900	182.886526	-191.619217	194.970250	-13.612927	-274.549127	245.082334	-44.821516	323.990017	264.552623	-96.252769	351.689696	218.974397	-79.599254	-304.662287	300.978094	-99.058628	339.189619	256.264031	-82.974136	-286.806464	17.408157	1.312092	119.360037	-18.714948	-0.488272	-118.573450
863	1753709337.843397	180.847272	421.170563	168.928251	113.836370	423.088968	-161.490157	155.495122	157.870159	225.997642	83.223820	182.881013	-191.663712	195.437998	-13.435059	-274.629384	245.124400	-44.789538	324.048698	264.647603	-96.222326	351.694226	219.634607	-79.321608	-304.812074	301.080942	-99.018164	339.191109	256.855905	-82.584478	-286.943346	17.396346	1.316022	119.358122	-18.702602	-0.493012	-118.571535
864	1753709337.873208	180.803180	420.782030	168.833449	113.777757	422.882378	-161.643267	155.471370	157.418132	226.022065	83.228797	182.582885	-191.697240	195.419610	-13.482100	-274.839431	244.923204	-45.467965	324.156642	264.384300	-96.784376	351.753891	219.606012	-79.317339	-305.271089	300.731659	-99.636331	339.242756	256.834716	-82.585908	-287.338257	17.414676	1.300834	119.362585	-18.721320	-0.479687	-118.575945
865	1753709337.912009	180.003956	420.808941	168.722242	113.407016	422.858655	-161.682978	155.189008	157.442749	226.055041	83.214305	182.542264	-191.659048	195.594743	-13.347934	-274.815887	244.781271	-45.502651	324.256241	264.311701	-96.821204	351.787508	219.907209	-79.008169	-305.282801	300.496429	-99.696495	339.268416	257.151246	-82.299270	-287.353098	17.407017	1.305384	119.360030	-18.713798	-0.485852	-118.573532
866	1753709337.944264	180.026159	420.871317	168.686792	113.420777	422.882408	-161.743358	155.211240	157.451600	226.043150	83.239444	182.535127	-191.665620	195.679933	-13.302595	-274.909109	244.919673	-45.505710	324.299276	264.531195	-96.821077	351.799041	220.082358	-78.959249	-305.490941	300.830871	-99.694386	339.278162	257.315040	-82.228541	-287.552088	17.397979	1.284606	119.367622	-18.704835	-0.466048	-118.581779
867	1753709337.975633	178.468168	420.902729	168.125629	112.847000	423.004478	-162.204474	154.197991	157.422915	225.911796	83.126575	182.806805	-191.969275	196.067318	-12.887305	-275.025308	244.298190	-45.568470	324.243188	263.889998	-96.877366	351.801187	220.481619	-78.615718	-305.515110	300.059706	-99.795960	339.297295	257.784873	-81.975192	-287.588865	17.353175	1.331963	119.360216	-18.655570	-0.515735	-118.573725
868	1753709338.013321	177.773669	420.990288	168.025285	112.299658	423.075318	-162.438422	153.357178	157.498837	225.882143	82.647093	182.845592	-192.111269	195.811912	-12.785886	-275.214940	243.590042	-45.577966	324.178934	263.163060	-96.917711	351.631820	220.290482	-78.515723	-305.764198	299.509913	-99.829972	339.124948	257.550895	-81.834160	-287.782550	17.347269	1.323500	119.366333	-18.649247	-0.508180	-118.579216
869	1753709338.046152	177.731335	420.994937	167.753711	112.292632	423.119575	-162.646234	153.307080	157.495260	225.850776	82.577437	182.896301	-192.258447	195.748165	-12.748823	-275.336832	243.582070	-45.634117	324.152797	263.189375	-97.006112	351.558238	220.245227	-78.488596	-305.879802	299.525976	-99.904485	339.050800	257.517248	-81.821099	-287.889659	17.339421	1.348692	119.362183	-18.641058	-0.534466	-118.575260
870	1753709338.088129	177.761942	420.983672	167.737618	112.143151	423.131168	-162.676066	153.315812	157.496840	225.876197	82.241796	182.929859	-192.300946	194.863722	-12.737141	-275.436848	243.470475	-45.742299	324.221134	263.089538	-97.095080	351.594329	219.184369	-78.439631	-306.042403	299.403220	-100.014322	339.076608	256.463289	-81.781402	-288.025111	17.341530	1.349582	119.363859	-18.642811	-0.536119	-118.577026
871	1753709338.114781	177.182153	420.972675	167.563453	111.339539	423.272043	-162.967950	152.160034	157.480165	225.862771	80.941692	183.031216	-192.389935	193.558201	-12.615832	-275.474250	242.026135	-45.833673	324.179739	261.445194	-97.273111	351.502299	217.838094	-78.394286	-306.064814	298.076630	-100.146212	338.997364	255.044252	-81.711821	-288.042128	17.347636	1.352056	119.374208	-18.647488	-0.538801	-118.586831
872	1753709338.147960	177.115440	420.980811	167.505577	111.205019	423.281759	-163.004115	152.171731	157.496318	225.908309	80.944195	183.069512	-192.489564	193.688005	-12.546254	-275.500178	242.055118	-45.887824	324.176699	261.512518	-97.349249	351.437896	218.111366	-78.314461	-306.100190	298.115104	-100.212313	338.871539	255.267769	-81.619404	-288.059443	17.350143	1.346289	119.372845	-18.649800	-0.534417	-118.585438
873	1753709338.180373	176.822573	420.832634	167.487800	110.596567	423.281997	-162.988275	151.753053	157.393962	225.931406	80.544919	183.105975	-192.506090	193.494514	-12.496520	-275.472343	241.378874	-46.271887	324.215442	260.804981	-97.763993	351.454526	217.950016	-78.267902	-306.063205	297.396302	-100.681886	338.889718	255.094379	-81.559353	-287.932843	17.365595	1.344468	119.368091	-18.664951	-0.533833	-118.581094
874	1753709338.216258	176.779792	420.806795	167.522162	110.589147	423.230469	-162.983134	151.806772	157.355994	225.961030	80.744103	182.996869	-192.518041	193.766057	-12.561994	-275.488496	241.549462	-46.386182	324.271530	261.043310	-97.874016	351.478428	218.338817	-78.303374	-306.090832	297.620296	-100.840487	338.897049	255.450130	-81.600957	-287.942737	17.369043	1.303563	119.369760	-18.669071	-0.496235	-118.583202
875	1753709338.247447	176.377565	420.794547	167.516902	109.792650	423.223972	-162.992358	151.377484	157.342374	225.995466	79.776213	182.951555	-192.537710	191.929817	-12.735019	-275.528729	240.715697	-46.480734	324.357688	260.044217	-97.934045	351.574808	216.193408	-78.457005	-306.152970	296.591371	-100.953087	338.977247	253.260374	-81.796527	-287.971318	17.387249	1.297235	119.372919	-18.687138	-0.491026	-118.586369
876	1753709338.287104	176.207006	420.795828	167.536587	109.530702	423.271686	-163.017511	151.228353	157.325834	226.007178	79.598270	182.990730	-192.636013	191.870302	-12.776338	-275.537074	240.587443	-46.580169	324.394554	259.892672	-98.061517	351.680636	216.117546	-78.563347	-306.104302	296.470761	-101.104535	339.101583	253.198653	-81.893928	-287.872046	17.389268	1.303150	119.376346	-18.688289	-0.497560	-118.589520
877	1753709338.316060	176.240444	420.779407	167.537168	109.482273	423.287243	-163.013071	151.165769	157.239228	226.010337	79.316206	183.038175	-192.631781	190.875798	-12.773887	-275.551260	239.921346	-46.697121	324.403048	258.959204	-98.137528	351.726115	214.692265	-78.559481	-306.108773	295.473903	-101.221330	339.147240	251.828194	-81.899546	-287.877709	17.387863	1.299403	119.378142	-18.687027	-0.494304	-118.591584
878	1753709338.353436	176.510498	420.806915	167.515233	109.888829	423.289686	-163.040042	151.318967	157.241359	226.046637	79.477131	183.058083	-192.651853	190.885067	-12.779244	-275.567025	239.959985	-46.718307	324.594975	258.997321	-98.157808	351.984233	214.698434	-78.557752	-306.115091	295.490324	-101.244584	339.431465	251.839727	-81.901990	-287.884235	17.386040	1.324882	119.378395	-18.685406	-0.519649	-118.592039
879	1753709338.386321	175.858498	420.782924	167.440772	109.307766	423.287809	-163.126737	150.771216	157.167852	226.022840	78.924499	183.069080	-192.788735	190.274313	-12.777952	-275.716692	239.339873	-46.833821	324.628592	258.359909	-98.247752	352.111191	213.837177	-78.551576	-306.196362	294.712156	-101.369761	339.626402	251.046896	-81.899934	-287.968993	17.410727	1.356379	119.379379	-18.708395	-0.552459	-118.593045
880	1753709338.420835	175.422564	420.771569	167.316809	108.871408	423.287928	-163.251951	150.413275	157.118857	225.973204	78.575023	183.065191	-192.823783	190.080851	-12.809718	-275.733441	238.944560	-46.919022	324.626863	257.899493	-98.300494	352.122247	213.552460	-78.570068	-306.203991	294.183880	-101.450726	339.656800	250.775784	-81.930310	-287.977070	17.413445	1.384964	119.379453	-18.710427	-0.582083	-118.592888
881	1753709338.452694	174.275562	420.834720	167.256832	107.651398	423.329085	-163.298368	148.527876	157.151043	225.981176	76.690532	183.101878	-192.831501	187.180385	-12.808539	-275.670171	236.303002	-46.968993	324.654251	254.912198	-98.396100	352.176607	210.316658	-78.581810	-306.044549	291.222036	-101.587243	339.710295	247.379363	-81.949405	-287.756085	17.435050	1.434833	119.383998	-18.731706	-0.632021	-118.597277
882	1753709338.489078	175.008461	420.901805	167.382881	107.904740	423.335880	-163.167104	149.049744	157.161593	226.028591	76.703601	183.098271	-192.715183	187.206268	-12.883409	-275.609583	237.095550	-46.992693	324.663997	255.906165	-98.425537	352.188140	210.340142	-78.708075	-305.907249	292.455614	-101.617597	339.721859	247.436062	-82.066640	-287.658364	17.433595	1.436597	119.378060	-18.729879	-0.633879	-118.591376
883	1753709338.524142	175.548270	420.833945	167.375669	108.449638	423.262924	-163.176641	149.425909	157.011002	226.001903	76.974921	183.008060	-192.698598	187.262505	-13.123496	-275.644213	237.479046	-47.097787	324.717969	256.332308	-98.516829	352.281779	210.378468	-78.994401	-305.938125	292.914093	-101.708211	339.849204	247.476473	-82.414858	-287.700474	17.445991	1.446623	119.385004	-18.742867	-0.644131	-118.599288
884	1753709338.555956	176.325127	421.057016	167.413935	109.116212	423.328936	-163.120478	150.030166	157.055646	225.999996	77.116981	183.042824	-192.626506	187.290028	-13.118260	-275.713474	238.173515	-47.099922	324.762017	257.256329	-98.535784	352.395982	210.400224	-78.990534	-305.981249	293.925345	-101.730667	339.985728	247.526258	-82.415715	-287.827432	17.442092	1.462124	119.385362	-18.738946	-0.658297	-118.599959
885	1753709338.589048	176.292852	421.111375	167.575434	109.117500	423.351973	-162.880585	150.009856	157.124892	226.057023	77.122793	183.121145	-192.394674	187.265590	-13.113747	-275.658756	238.174647	-47.110893	324.900270	257.271916	-98.554872	352.562398	210.377574	-78.993201	-305.932075	293.930203	-101.754129	340.145707	247.533172	-82.427353	-287.777722	17.434033	1.477690	119.382761	-18.731436	-0.674588	-118.598290
886	1753709338.624724	176.439330	421.176016	167.624980	109.679878	423.377097	-162.864715	150.594860	157.131925	226.030841	77.964291	183.141544	-192.449912	187.751859	-13.249708	-275.671035	239.031062	-47.113322	324.985951	258.328617	-98.553479	352.776498	210.832253	-79.145223	-305.928171	294.837654	-101.771519	340.356410	248.073861	-82.667425	-287.762552	17.410466	1.487074	119.388290	-18.707287	-0.684513	-118.604079
887	1753709338.660411	177.408382	421.179384	167.916596	110.059872	423.436075	-162.465304	151.003689	157.145187	226.119846	78.004465	183.308721	-192.186475	187.680021	-13.256447	-275.350243	239.206836	-47.082301	325.080007	258.501530	-98.558031	352.893889	210.685834	-79.249568	-305.383295	295.076549	-101.783089	340.492785	247.975871	-82.814820	-287.169427	17.410105	1.492728	119.383126	-18.706841	-0.690138	-118.599907
888	1753709338.693645	177.471116	421.230137	168.104813	110.586531	423.443347	-162.309527	151.014507	157.251358	226.234630	78.750409	183.330908	-192.068547	188.643456	-13.265953	-275.046408	239.224687	-46.971235	325.096279	258.520961	-98.487198	352.874488	211.903825	-79.283655	-304.995418	295.111299	-101.673767	340.479016	249.112323	-82.850017	-286.680669	17.273391	1.497851	119.383544	-18.570857	-0.695522	-118.600912
889	1753709338.727785	176.530570	421.265364	168.219313	110.182710	423.477381	-162.204504	149.971604	157.280684	226.329580	78.675196	183.382452	-191.986278	188.688725	-13.243142	-274.921954	238.171160	-46.788462	325.105101	257.279575	-98.308116	352.874488	211.978674	-79.290211	-304.775864	293.819934	-101.439625	340.487838	249.180168	-82.857773	-286.393166	17.256441	1.503057	119.384885	-18.553879	-0.700981	-118.603148
890	1753709338.761990	175.786763	421.291322	168.321073	109.645382	423.489958	-162.147552	149.065465	157.368973	226.368532	77.821657	183.405861	-191.960737	187.664360	-13.436877	-274.840832	237.287804	-46.737798	325.075656	256.517053	-98.277986	352.843195	210.751519	-79.564586	-304.567397	292.712480	-101.412445	340.446889	248.119339	-83.281964	-286.165982	17.267087	1.558660	119.391605	-18.564859	-0.756442	-118.610866
891	1753709338.798851	175.826699	421.550751	168.483630	109.687291	423.808098	-162.093982	149.036363	157.666907	226.437420	77.857316	183.931842	-191.960514	188.147679	-13.072537	-274.646759	237.305284	-46.251006	324.979007	256.567985	-97.960703	352.671444	211.401701	-79.432152	-304.064274	292.823672	-100.950569	340.300024	248.832673	-83.087094	-285.556763	17.244125	1.564250	119.395420	-18.542212	-0.761754	-118.615553
892	1753709338.829623	175.743148	421.654791	168.543488	109.700300	424.015939	-162.011936	148.901269	157.949328	226.461262	77.913389	184.329405	-191.935986	188.518316	-12.839646	-274.447411	237.271577	-45.894496	324.840575	256.564140	-97.732045	352.448851	211.862639	-79.334311	-303.701878	292.839944	-100.658454	340.104342	249.347076	-83.002217	-285.126209	17.218718	1.576029	119.392909	-18.517138	-0.773275	-118.613653
893	1753709338.866536	174.300537	421.820939	168.716833	107.860319	424.293488	-161.895648	147.258371	158.229455	226.551786	76.207884	184.687465	-191.962779	187.662274	-12.744306	-274.091601	236.042023	-45.592241	324.531645	255.552381	-97.532377	352.001309	211.047813	-79.328500	-302.922755	291.760027	-100.378022	339.601189	248.634666	-82.995676	-284.124583	17.225333	1.581430	119.395331	-18.524036	-0.778612	-118.616462
894	1753709338.898816	174.314380	421.857506	168.996945	107.974857	424.316317	-161.643535	147.428632	158.294737	226.588458	76.621212	184.778243	-191.993445	188.397527	-12.739182	-273.980469	236.522093	-45.441899	324.439377	256.264389	-97.430013	351.885319	211.852014	-79.358347	-302.649319	292.441666	-100.241020	339.483678	249.462083	-83.018228	-283.745855	17.169856	1.587867	119.396850	-18.467657	-0.785037	-118.618242
895	1753709338.935563	174.504846	421.866596	169.189885	108.011633	424.297124	-161.470562	147.614583	158.309326	226.614907	76.637127	184.754789	-191.956177	188.396782	-12.787272	-273.859173	236.896530	-45.314156	324.224770	256.799519	-97.313903	351.613611	211.824775	-79.446003	-302.422643	292.990357	-100.093499	339.171261	249.442890	-83.084263	-283.549964	17.130192	1.593529	119.395293	-18.427147	-0.790584	-118.616819
896	1753709338.966343	174.908280	422.023207	169.210419	108.231723	424.389541	-161.397725	147.716582	158.499628	226.593956	76.674797	185.033485	-191.871390	188.481897	-12.466024	-273.528248	236.960754	-44.572450	323.993057	256.865472	-96.530780	351.419210	211.865529	-79.265937	-301.746130	293.096006	-99.202439	339.062691	249.517366	-82.855344	-283.029407	17.116049	1.594651	119.388230	-18.413041	-0.790927	-118.609980
897	1753709339.002892	176.422015	422.038704	169.228956	109.246947	424.405605	-161.284164	149.135292	158.513039	226.452917	77.754565	185.318828	-191.693306	190.051615	-11.589662	-273.344457	238.103256	-44.442654	323.770791	258.021861	-96.402921	351.197541	213.307053	-78.443542	-301.515073	294.372290	-99.028401	338.938415	251.019120	-81.836112	-282.918394	17.074894	1.584940	119.379349	-18.372085	-0.780528	-118.601009
898	1753709339.040896	176.557869	422.321707	169.232205	109.327890	424.815565	-161.244184	149.337426	158.601671	226.342499	77.782504	186.548784	-191.688865	190.324113	-10.050510	-273.242235	238.396093	-43.960482	323.220819	258.478314	-95.917068	350.786120	213.518545	-77.140555	-301.147401	294.673592	-98.432258	338.585615	251.351207	-80.468558	-282.671720	17.035883	1.605330	119.370118	-18.333323	-0.799007	-118.592270
899	1753709339.068978	176.557705	422.445536	169.220388	109.259866	425.066292	-161.218360	148.844495	158.884779	226.268768	77.489056	187.359452	-191.603079	190.186590	-9.083085	-273.163617	237.349510	-43.402638	323.159665	257.325321	-95.554672	350.750536	213.383287	-76.481417	-300.985485	293.508619	-98.000430	338.574588	251.225531	-79.836152	-282.569230	17.037136	1.622275	119.363479	-18.335331	-0.814116	-118.586719
900	1753709339.103017	179.068759	422.462314	169.236362	110.270411	425.064117	-161.031127	151.471734	158.895478	226.265863	78.159735	187.349901	-191.132188	190.620199	-8.738288	-273.096561	240.208507	-43.320850	323.149532	260.597825	-95.496617	350.739181	213.781759	-75.987354	-300.954998	296.945184	-97.902000	338.565558	251.652211	-79.196535	-282.570541	17.043862	1.597211	119.352028	-18.342959	-0.785891	-118.575633
901	1753709339.137065	180.257261	422.538072	169.247136	111.813307	425.046295	-160.955563	152.414531	158.965081	226.208165	80.006771	187.322363	-190.866500	192.532331	-8.318612	-272.945583	241.649821	-43.098398	323.119044	262.618363	-95.334806	350.584626	216.535345	-75.364873	-300.933629	299.046665	-97.610950	338.330030	254.144609	-78.389756	-282.557398	17.013216	1.579904	119.352326	-18.317159	-0.766855	-118.577778
902	1753709339.174267	181.335509	422.714442	169.229850	112.285748	425.051391	-160.931557	153.397173	159.105137	225.971073	80.508262	187.192783	-190.678135	193.301350	-8.195831	-272.922128	243.569374	-42.817738	322.859406	265.084505	-95.193952	350.019842	217.683569	-75.211883	-300.959349	301.848710	-97.351745	337.598234	255.249232	-78.121148	-282.622874	17.031407	1.553499	119.350329	-18.339250	-0.737495	-118.576676
903	1753709339.210073	182.782546	422.863364	169.268131	114.927292	424.991667	-160.844728	155.980140	159.222707	225.966677	84.798835	187.048033	-190.369889	198.701724	-8.065118	-272.876173	247.649476	-42.685051	322.914779	270.096034	-95.046051	350.011647	224.256650	-74.738242	-301.047951	306.492835	-97.142331	337.561965	261.625051	-77.608377	-282.796353	16.892027	1.557440	119.352512	-18.210344	-0.740972	-118.581802
904	1753709339.242294	182.756886	422.932088	169.113532	114.888698	424.995452	-161.059007	155.934706	159.253508	225.731015	84.750526	187.019944	-190.439701	198.557898	-7.943104	-272.978216	247.514218	-42.608634	322.777092	269.851357	-94.986171	349.861652	223.987937	-74.570440	-301.277637	306.240499	-97.067155	337.382853	261.385232	-77.420376	-283.123553	16.885376	1.561335	119.353794	-18.204197	-0.744126	-118.584119
905	1753709339.274481	182.825804	422.973871	168.932170	114.864565	424.953759	-161.183849	155.934781	159.271866	225.338325	84.651925	186.894938	-190.438017	198.313504	-7.898701	-273.114741	247.432098	-42.594764	322.716385	269.662946	-94.994105	349.793077	223.780110	-74.465469	-301.621407	306.060821	-97.084433	337.294757	261.157751	-77.284440	-283.647448	16.910248	1.557271	119.359285	-18.231889	-0.739179	-118.591078
906	1753709339.309406	182.862416	422.970057	168.927088	114.843495	424.988598	-161.189005	155.910045	159.268066	225.284502	84.585279	187.011912	-190.457508	198.249906	-7.633294	-273.219079	247.340843	-42.576484	322.774798	269.517809	-94.983816	349.972963	223.612353	-74.276716	-301.746130	305.901259	-97.079061	337.516606	261.022836	-77.088207	-283.799082	16.916238	1.555012	119.357690	-18.237788	-0.736246	-118.590064
907	1753709339.344275	183.221251	422.979623	168.929726	114.980146	425.003976	-161.189780	156.373203	159.228191	225.285649	84.638715	186.993629	-190.441623	198.311269	-7.480345	-273.217767	247.820631	-42.650212	322.780579	269.920886	-95.160156	349.963516	223.569676	-74.094102	-301.786065	306.398392	-97.192556	337.494642	261.024326	-76.826617	-283.841133	16.934032	1.542322	119.359083	-18.256789	-0.722037	-118.592039
908	1753709339.376810	183.116212	422.965109	168.900013	114.943326	424.993128	-161.207810	156.343207	159.236774	225.269765	84.617481	186.974123	-190.402120	198.866203	-7.428248	-273.079038	247.802630	-42.653877	322.763205	269.839674	-95.193326	349.939674	224.076539	-74.067175	-301.627308	306.382120	-97.238965	337.476611	261.532754	-76.793768	-283.693433	16.903682	1.540534	119.362645	-18.224159	-0.720191	-118.595637
909	1753709339.411844	183.329195	423.122376	168.900162	115.323387	424.997270	-161.205336	156.589344	159.616798	225.275740	85.031167	186.969057	-190.395266	199.582204	-7.401524	-273.061067	248.509839	-42.431764	322.628260	270.721287	-95.032908	349.557281	224.908456	-74.031353	-301.627129	307.387799	-97.050339	336.945593	262.443900	-76.747179	-283.696979	16.842825	1.510103	119.358003	-18.165806	-0.689004	-118.592359
910	1753709339.444396	183.672085	423.114538	168.870434	115.549020	425.011605	-161.221847	157.289132	159.622759	225.214869	85.186735	186.993644	-190.432236	199.753165	-7.387714	-273.055315	249.233678	-42.420369	322.396368	271.348476	-95.026098	349.385858	224.879459	-74.021317	-301.595092	308.026552	-97.047791	336.780638	262.497544	-76.741882	-283.690274	16.801201	1.504337	119.348384	-18.122045	-0.682765	-118.582480
911	1753709339.477290	183.089048	423.391074	168.942839	114.257812	425.244004	-161.152706	156.133130	159.877956	225.147828	82.682684	187.230885	-190.415129	197.303474	-7.305658	-273.028135	248.291597	-42.204134	322.247982	270.308495	-94.830453	349.326462	221.700028	-74.008696	-301.486671	307.292789	-96.937396	336.749852	259.629965	-76.732047	-283.628255	16.780600	1.501174	119.345561	-18.099060	-0.678974	-118.579224
912	1753709339.518782	182.595357	423.637360	168.940559	113.558128	425.783873	-161.122039	154.742017	160.184905	225.122198	81.269830	188.274726	-190.279961	196.631089	-6.320988	-272.613198	246.562734	-41.992936	322.090268	268.241227	-94.769657	349.249393	220.780492	-73.513784	-300.581455	305.453897	-96.871831	336.727887	258.944333	-76.225057	-282.835245	16.771680	1.517049	119.323507	-18.088611	-0.692631	-118.555754
913	1753709339.547525	183.580220	423.625976	168.880433	114.198171	425.821155	-161.167011	156.823307	160.132214	225.060374	82.154661	188.275576	-190.313086	197.153375	-6.317147	-272.725195	248.303160	-41.971825	322.075427	269.896716	-94.716690	349.283248	221.082225	-73.505849	-300.713658	306.944877	-96.827753	336.785644	259.342283	-76.229773	-283.020049	16.771493	1.500922	119.321220	-18.087802	-0.675257	-118.553363
914	1753709339.582103	183.251232	423.667818	168.877974	113.511212	425.963014	-161.163941	156.598017	160.139114	225.036293	81.481203	188.301101	-190.231338	196.761876	-6.199747	-272.623777	248.214722	-41.956436	322.050124	269.787967	-94.705552	349.271804	220.641434	-73.411398	-300.577402	306.871831	-96.817568	336.777359	258.974612	-76.112576	-282.899946	16.780507	1.500365	119.317830	-18.095193	-0.673961	-118.549503
915	1753709339.614957	183.722660	423.674643	168.797135	113.733813	425.964355	-161.160305	157.564178	160.102516	224.947855	81.767231	188.270405	-190.199003	196.791232	-6.195020	-272.615522	248.838425	-42.006861	321.993679	270.316094	-94.738014	349.252850	220.644265	-73.396556	-300.582021	307.324618	-96.886843	336.746544	258.979887	-76.099426	-282.922268	16.780980	1.494266	119.303629	-18.095290	-0.667376	-118.535154
916	1753709339.650549	183.851063	423.662603	168.740839	113.895483	425.933510	-161.160022	157.553107	160.087854	224.765897	81.784166	188.121393	-190.152660	196.717024	-6.389743	-272.587806	248.821139	-42.049233	321.597338	270.294935	-94.767220	348.637074	220.562145	-73.507451	-300.583065	307.305843	-96.923038	336.150557	258.888453	-76.229140	-282.937139	16.747048	1.479907	119.293958	-18.060870	-0.653118	-118.525200
917	1753709339.680358	183.701038	423.669279	168.735176	113.884054	426.008463	-161.127642	156.998113	160.136133	224.707633	81.744261	188.394740	-190.143093	196.687579	-6.279570	-272.526175	247.933000	-41.954320	321.478993	269.253105	-94.713129	348.596156	220.480099	-73.483601	-300.416857	306.249797	-96.878551	336.138517	258.827627	-76.222025	-282.781601	16.712621	1.486733	119.277924	-18.024405	-0.659092	-118.509315
918	1753709339.717648	185.034230	423.592657	168.740764	114.980802	425.943851	-161.094263	158.053219	159.976721	224.615350	82.214795	188.137874	-189.961895	196.711332	-6.621890	-272.453070	248.890042	-42.003516	321.358621	270.357788	-94.736852	348.455369	220.480248	-73.777057	-300.396591	307.290733	-96.905284	335.999906	258.836895	-76.600142	-282.783121	16.699687	1.477515	119.273879	-18.011522	-0.648687	-118.505307
919	1753709339.752738	185.068667	423.619807	168.678880	115.025215	425.944597	-161.083311	158.275008	159.995943	224.575028	82.333609	188.073859	-189.751640	196.846977	-6.598570	-272.260070	249.220490	-41.888937	321.159303	270.764053	-94.566643	348.125339	220.692709	-73.704310	-300.285012	307.586730	-96.691102	335.645318	259.050816	-76.490961	-282.722682	16.697897	1.465363	119.264737	-18.009733	-0.636704	-118.496589
920	1753709339.786218	184.813067	423.646986	168.674231	114.458330	425.969809	-161.034644	157.938451	160.025924	224.555716	81.573494	188.109845	-189.732090	196.262211	-6.557317	-272.237957	248.953566	-41.838806	320.899904	270.484477	-94.482847	347.788721	220.074520	-73.650070	-300.259262	307.318032	-96.597224	335.370362	258.465201	-76.418921	-282.712400	16.693877	1.463143	119.252302	-18.005058	-0.634248	-118.483759
921	1753709339.819183	184.289455	423.651159	168.731451	113.567457	425.954074	-160.970718	157.125130	160.039842	224.555820	80.740772	188.024908	-189.676031	195.673630	-6.592836	-272.113711	248.136401	-41.819047	320.807815	269.608766	-94.455659	347.670823	219.516620	-73.669568	-300.130248	306.414366	-96.562780	335.241765	257.893264	-76.423936	-282.591522	16.710801	1.459411	119.246848	-18.021183	-0.630476	-118.478447
922	1753709339.852212	184.249580	423.623502	168.733403	113.475114	425.890088	-160.961092	157.104343	160.032660	224.608898	80.602586	187.878028	-189.661235	195.133075	-6.829545	-272.095680	247.958034	-41.818943	320.753634	269.276321	-94.430000	347.595215	218.807325	-73.793963	-300.119966	305.995762	-96.539468	335.157990	257.106990	-76.550163	-282.585829	16.704816	1.458766	119.237512	-18.014319	-0.629781	-118.468426
923	1753709339.889198	181.508496	423.612475	168.633923	111.470968	425.891340	-160.972804	155.124769	160.034478	224.598631	79.790071	187.894315	-189.697519	194.991395	-6.749780	-272.074848	245.829716	-41.910797	320.712090	266.750664	-94.508260	347.543836	218.748525	-73.687971	-300.108165	303.275555	-96.642442	335.105896	257.000327	-76.410919	-282.547295	16.711431	1.455608	119.231433	-18.019602	-0.627276	-118.461907
924	1753709339.920861	181.064337	423.599809	168.471992	111.131184	425.892413	-161.072135	154.860094	159.957454	224.435315	79.608537	187.908202	-189.692512	194.956020	-6.576018	-272.087306	245.291173	-41.977555	320.689023	265.837014	-94.508931	347.537547	218.671590	-73.370285	-300.149918	302.366853	-96.657768	335.187405	256.902874	-76.005682	-282.653868	16.722424	1.456349	119.225182	-18.028185	-0.628611	-118.454643
925	1753709339.958519	180.475727	423.592627	168.504298	110.695183	425.912768	-160.987318	154.513076	159.898713	224.524766	79.221047	187.993452	-189.668104	194.575906	-6.540952	-271.979570	244.716108	-42.164117	321.021348	265.078932	-94.572470	348.341316	218.109965	-73.305741	-299.988925	301.609039	-96.837558	336.197674	256.330132	-75.954579	-282.521486	16.671052	1.457171	119.211659	-17.972501	-0.630079	-118.439637
926	1753709339.988504	180.391908	423.304766	168.618828	110.563397	425.825238	-160.721734	154.269964	159.765497	224.604368	78.974381	187.983289	-189.604700	194.001570	-6.647456	-271.956086	244.061023	-42.444199	321.731895	264.191419	-94.671965	349.186093	217.450127	-73.373705	-300.002247	300.892591	-97.060576	337.333947	255.585968	-76.040454	-282.522380	16.668281	1.398001	119.206026	-17.969038	-0.575957	-118.433580
927	1753709340.027230	180.512503	423.183292	168.665469	110.910252	425.634474	-160.654843	154.269099	159.751892	224.712819	79.274319	187.798709	-189.572766	194.063917	-7.010234	-271.895707	244.042858	-42.608362	322.366297	264.157921	-94.717629	349.670440	217.596874	-73.608190	-300.026983	300.896078	-97.169384	337.898940	255.633891	-76.309420	-282.521158	16.619114	1.379266	119.199872	-17.918902	-0.559980	-118.427224
928	1753709340.060576	180.277348	423.118979	168.687537	110.851981	425.509542	-160.648271	153.764144	159.743190	224.786147	79.238988	187.616333	-189.640164	193.936780	-7.537651	-271.889061	243.382826	-42.807687	322.504729	263.398319	-94.815224	349.734217	217.537194	-74.029855	-300.123751	300.208420	-97.328968	337.963015	255.486429	-76.764382	-282.539278	16.611118	1.360075	119.193211	-17.910352	-0.543500	-118.420474
929	1753709340.095715	180.298761	422.893435	168.761969	110.817358	425.356418	-160.442010	153.718472	159.575582	224.860057	79.066850	187.314957	-189.514369	193.312272	-8.344932	-271.773875	243.302062	-43.442637	323.186159	263.345063	-95.346801	350.444376	217.021599	-74.888065	-300.119609	300.189972	-98.118052	338.684261	254.899263	-77.835843	-282.493055	16.607907	1.325012	119.180940	-17.906941	-0.510397	-118.408114
930	1753709340.128418	180.411518	422.795773	168.798208	111.585826	425.189734	-160.396576	154.141217	159.503013	224.939242	80.549337	186.949551	-189.412147	194.765523	-8.612541	-271.709979	244.100496	-43.678649	323.496938	264.414877	-95.507212	350.698084	219.071478	-75.029314	-300.151408	301.295966	-98.330282	338.876665	256.659299	-77.966660	-282.493621	16.512174	1.301912	119.175695	-17.811839	-0.489662	-118.402965
931	1753709340.162327	180.399865	422.776937	168.906674	111.620709	425.137162	-160.327047	154.127836	159.494847	225.170121	80.712393	186.752141	-189.175531	194.937006	-8.783590	-271.532089	244.099692	-43.705877	323.670685	264.425457	-95.514618	350.777358	219.392747	-75.141706	-300.134450	301.305085	-98.338887	338.912666	256.896585	-78.077242	-282.425493	16.476683	1.253924	119.174883	-17.777281	-0.444459	-118.402682
932	1753709340.195325	180.881262	422.750354	168.926224	111.899585	425.127506	-160.257667	154.372364	159.473106	225.225762	80.781035	186.738700	-188.951328	194.935396	-8.825202	-271.442592	244.329825	-43.827631	323.792547	264.670193	-95.595948	350.862563	219.404459	-75.188912	-300.134629	301.678807	-98.450325	338.981897	256.906986	-78.135297	-282.418132	16.457094	1.219405	119.165257	-17.756935	-0.410665	-118.392780
933	1753709340.228290	180.814385	422.657222	168.906614	111.991964	424.969137	-160.255253	154.213518	159.426823	225.248933	80.923416	186.593860	-188.933119	195.071638	-8.941606	-271.422952	244.191393	-43.932416	323.945343	264.500499	-95.647253	350.967586	219.609931	-75.246662	-300.182164	301.491946	-98.508075	339.093000	257.060289	-78.201607	-282.453001	16.389353	1.211820	119.157739	-17.689567	-0.404178	-118.385464
934	1753709340.265132	180.669814	422.625393	168.903321	111.998916	424.926281	-160.257518	153.976604	159.388512	225.241050	80.923721	186.578646	-188.940108	195.124090	-8.939533	-271.491110	244.080469	-43.948378	323.946953	264.396131	-95.654905	350.969076	219.680130	-75.240202	-300.365984	301.418304	-98.512456	339.105785	257.124811	-78.189813	-282.658607	16.370319	1.201350	119.151011	-17.669437	-0.394616	-118.378811
935	1753709340.296533	180.692017	422.617763	168.809801	112.213254	424.871147	-160.328865	153.970093	159.349993	225.188270	81.143245	186.549708	-188.961402	195.260003	-8.950372	-271.624863	244.009256	-43.965947	323.958278	264.295995	-95.660008	351.040214	219.829723	-75.238124	-300.623298	301.189333	-98.520987	339.170039	257.256776	-78.193739	-282.987565	16.361017	1.213189	119.143307	-17.660139	-0.406875	-118.372567
936	1753709340.330603	181.317076	422.592878	168.800145	113.883808	424.584270	-160.324126	155.134216	159.154400	225.191027	84.070779	186.017126	-188.951954	197.826669	-9.031209	-271.819264	245.350286	-44.094291	324.392229	266.065657	-95.757283	351.561487	223.203376	-75.236648	-301.292688	302.585900	-98.593816	339.478642	260.352522	-78.188352	-283.572674	16.355800	1.206233	119.158268	-17.657140	-0.399850	-118.392311
937	1753709340.365290	181.321263	422.619522	168.755651	113.890208	424.555480	-160.473123	155.265912	159.147799	225.084260	84.058471	185.928151	-189.183846	197.804496	-9.064076	-272.130847	245.764628	-44.111323	324.331611	266.559184	-95.780835	351.507127	223.157197	-75.253896	-301.767141	303.139836	-98.612189	339.356363	260.320842	-78.192897	-283.987433	16.367385	1.195347	119.162835	-17.669626	-0.388705	-118.397050
938	1753709340.400558	180.764169	422.423989	168.674022	113.708861	424.435794	-160.570130	154.436260	158.980891	225.072816	83.585680	185.903013	-189.308107	197.252423	-9.277289	-272.270977	244.705528	-44.287451	324.341446	265.078723	-95.897645	351.558656	222.235784	-75.520627	-301.886439	301.562786	-98.781839	339.481026	259.432971	-78.582980	-284.145355	16.359396	1.217455	119.150922	-17.660353	-0.412015	-118.384942
939	1753709340.432485	180.775881	422.413737	168.548584	114.212640	424.188763	-160.715103	154.443309	158.964276	225.102067	84.290743	185.303733	-189.338475	197.928473	-9.746555	-272.550076	244.778141	-44.368275	324.434400	265.169799	-95.930807	351.592451	223.098278	-75.769022	-302.499890	301.611543	-98.825514	339.493573	260.227829	-78.863680	-284.760296	16.339853	1.229093	119.150817	-17.642865	-0.424623	-118.386321
940	1753709340.468590	180.801332	422.369301	168.506220	114.647143	423.940033	-160.826385	154.522821	158.943534	225.115359	84.987096	184.947312	-189.473704	198.672697	-10.291367	-272.701979	244.965792	-44.418845	324.461102	265.426010	-95.959492	351.594001	223.999679	-76.173909	-302.785039	301.762432	-98.844811	339.490533	261.101127	-79.319239	-285.023600	16.333027	1.232243	119.158022	-17.636392	-0.428829	-118.395746
941	1753709340.499767	180.778667	422.468722	168.582931	114.749365	423.877954	-160.828248	154.558092	158.954054	225.335166	85.257366	184.574604	-189.493090	198.905259	-10.734037	-272.791445	245.091408	-44.477876	324.629009	265.621275	-95.988542	351.715893	224.283233	-76.407611	-303.004652	301.886022	-98.889358	339.543223	261.388212	-79.565786	-285.217315	16.316935	1.229806	119.173035	-17.622594	-0.426951	-118.413039
942	1753709340.536712	180.517688	422.445714	168.536812	114.507295	423.837453	-160.892114	153.935537	158.945993	225.339666	84.577881	184.556901	-189.704105	198.266014	-10.769591	-272.962779	244.321808	-44.698562	324.561507	264.714956	-96.240714	351.553887	223.444179	-76.457538	-303.164184	301.077902	-99.200584	339.398354	260.514081	-79.621471	-285.369903	16.315281	1.229174	119.173422	-17.620837	-0.426810	-118.413523
943	1753709340.569803	180.836618	422.319651	168.532655	114.788756	423.640728	-160.915360	154.194355	158.846855	225.466728	84.615238	184.275180	-189.748779	198.150769	-11.113182	-273.198575	244.449168	-44.891827	324.561536	264.800876	-96.443258	351.487160	223.251075	-76.762281	-303.545266	301.139116	-99.369831	339.279085	260.322005	-79.975575	-285.751820	16.346818	1.226196	119.178899	-17.653603	-0.423945	-118.419304
944	1753709340.605669	180.860683	422.349870	168.537825	114.920937	423.599899	-160.961643	154.196650	158.900872	225.670263	84.676154	184.205160	-189.940736	198.139220	-11.280199	-273.380727	244.415551	-45.004807	324.761838	264.736891	-96.584201	351.672947	223.232880	-76.900333	-303.758860	301.077694	-99.595539	339.399755	260.303050	-80.163486	-285.924792	16.343327	1.226867	119.189911	-17.650463	-0.424974	-118.430518
945	1753709340.637992	181.286871	422.353923	168.535590	115.808845	423.443913	-160.970733	154.700249	158.896416	225.724027	85.752033	183.916599	-189.923570	198.652431	-11.359341	-273.393542	244.709492	-45.172807	324.942648	265.023798	-96.826494	351.863146	223.747686	-76.917849	-303.786099	301.336795	-99.873438	339.544535	260.737807	-80.180950	-285.964429	16.321978	1.241511	119.194165	-17.631633	-0.439280	-118.435293
946	1753709340.673984	180.437833	422.250956	168.557867	115.247726	423.350304	-160.996005	154.235825	158.829585	226.046070	85.322179	183.735684	-190.044105	197.932675	-11.509113	-273.741901	244.173616	-45.426227	325.667292	264.381677	-97.088449	352.589667	222.953126	-76.985262	-304.366589	300.444007	-100.176439	340.243280	259.987712	-80.313042	-286.531091	16.372859	1.243646	119.219787	-17.687315	-0.442038	-118.462451
947	1753709340.712088	180.472776	422.031015	168.547735	115.254708	423.226982	-160.984412	154.351100	158.749178	226.149961	85.126743	183.565661	-190.051705	196.824372	-11.902557	-273.868173	244.199514	-45.726333	325.722039	264.390141	-97.352885	352.620453	221.541673	-77.331282	-304.627866	300.451845	-100.522794	340.251267	258.676171	-80.810018	-286.832929	16.368810	1.244233	119.213559	-17.683290	-0.443207	-118.455879
948	1753709340.741064	180.425972	421.725810	168.546468	114.996374	422.954261	-160.974443	154.395670	158.565581	226.222947	84.915735	183.171093	-190.049246	196.277142	-12.123471	-273.905963	244.198352	-45.916229	325.767279	264.369845	-97.480863	352.640182	220.899284	-77.449061	-304.749578	300.392598	-100.678310	340.256780	257.993490	-80.938905	-286.953598	16.419981	1.222278	119.215354	-17.735714	-0.423119	-118.457817
949	1753709340.777778	180.257857	421.491861	168.530807	114.411987	422.922760	-161.087826	154.171720	158.360153	226.247683	83.380699	183.144554	-190.328330	193.433657	-12.295362	-274.554491	243.377015	-46.309687	325.852692	263.123751	-97.882099	352.934808	217.243478	-77.685334	-305.397213	299.186081	-101.203792	340.548724	254.492164	-81.311524	-287.654102	16.499685	1.225226	119.221374	-17.812716	-0.425858	-118.462972
950	1753709340.810608	180.259153	421.460301	168.412566	114.449620	422.768384	-161.215827	154.227570	158.345550	226.234362	83.378136	182.915643	-190.411180	193.317920	-12.565451	-274.687886	243.494943	-46.382081	325.919598	263.323903	-97.956322	352.987975	217.196152	-77.860624	-305.619866	299.319148	-101.305768	340.575933	254.429460	-81.509568	-287.892610	16.515024	1.238896	119.227409	-17.829448	-0.440464	-118.469581
951	1753709340.846036	180.735096	421.443433	168.372929	115.218587	422.689617	-161.256894	154.732123	158.265963	226.240292	84.398888	182.806358	-190.408409	194.469497	-12.591024	-274.706244	243.855149	-46.453442	325.924784	263.610363	-97.998321	352.975667	218.555689	-77.886447	-305.686980	299.683034	-101.340756	340.562999	255.653054	-81.530951	-287.984312	16.461616	1.236252	119.229488	-17.776540	-0.438207	-118.471645
952	1753709340.875830	183.293894	421.121091	168.368340	117.504261	422.287405	-161.259398	157.433137	157.835245	226.231962	86.180180	182.403132	-190.378413	195.668146	-12.783229	-274.771065	246.544406	-46.874985	325.930268	266.527146	-98.350137	352.967203	219.691679	-77.964827	-305.868655	302.809566	-101.659827	340.551853	256.806701	-81.593849	-288.292289	16.401783	1.236474	119.223654	-17.716963	-0.438536	-118.465319
953	1753709340.913525	183.348835	421.076775	168.348745	117.627963	422.257394	-161.310360	157.527462	157.692820	226.214290	86.215444	182.374477	-190.438390	195.705876	-12.842386	-274.835050	246.650517	-47.047652	325.898647	266.647339	-98.495126	352.945238	219.725490	-78.012377	-305.945963	302.885920	-101.850055	340.523779	256.845117	-81.709132	-288.401008	16.377339	1.247260	119.230069	-17.693512	-0.449213	-118.471473
954	1753709340.945499	183.499113	420.997024	168.341532	117.679633	422.170997	-161.310762	157.668754	157.587558	226.235971	86.287282	182.309821	-190.395638	195.768863	-12.926386	-274.846524	246.677339	-47.260076	325.930566	266.671181	-98.661907	352.962404	219.861194	-78.044340	-305.972278	302.880079	-102.023795	340.531260	256.955415	-81.754297	-288.425982	16.378548	1.242362	119.232714	-17.696206	-0.444573	-118.474774
955	1753709340.980655	183.497354	420.887589	168.335199	117.691576	422.141403	-161.319360	157.662168	157.445118	226.239830	86.309016	182.283297	-190.397173	195.895433	-12.957346	-274.791151	246.697605	-47.306910	325.931013	266.708761	-98.691806	352.945268	220.068753	-78.067966	-305.909932	302.930981	-102.056086	340.519190	257.131130	-81.778079	-288.300484	16.374229	1.244635	119.232155	-17.692098	-0.446837	-118.474305
956	1753709341.013562	183.594480	420.877934	168.327898	117.760487	422.112167	-161.326841	157.839254	157.406047	226.197660	86.455099	182.260290	-190.395117	196.155086	-12.984036	-274.794281	247.040391	-47.346413	325.961918	267.217994	-98.759830	352.989703	220.492467	-78.088693	-305.924147	303.426206	-102.102399	340.553671	257.537872	-81.799664	-288.305700	16.376134	1.249013	119.235016	-17.695090	-0.451004	-118.477978
957	1753709341.051282	183.655217	420.613140	168.322533	117.686942	422.088474	-161.333039	157.860458	156.943366	226.195887	86.114086	182.237849	-190.378696	195.711553	-12.980485	-274.793714	247.044131	-47.539026	325.923562	267.219305	-98.948359	352.952749	219.975799	-78.095116	-305.917770	303.421766	-102.209516	340.511441	257.027060	-81.801102	-288.298905	16.445123	1.252843	119.236119	-17.765608	-0.454312	-118.479185
958	1753709341.081256	181.891471	420.240939	168.319196	115.539767	422.003686	-161.327004	156.154096	156.728491	226.192117	83.873764	182.193011	-190.423235	194.064870	-13.284780	-274.777889	245.153114	-47.622140	325.862974	265.086293	-98.985508	352.950066	217.861757	-78.552499	-305.774122	300.995380	-102.279767	340.522259	255.007833	-82.388528	-288.084030	16.516067	1.266111	119.231276	-17.832397	-0.468649	-118.473358
959	1753709341.117066	181.927979	420.343399	168.338880	115.571171	421.978652	-161.281556	156.297982	156.755090	226.191670	83.959311	182.156488	-190.373600	194.161505	-13.265584	-274.684519	245.544523	-47.654938	325.916469	265.745848	-99.017456	353.021145	218.077838	-78.468762	-305.687875	301.673114	-102.310427	340.556413	255.193293	-82.230873	-288.006037	16.510377	1.269870	119.234733	-17.828193	-0.472271	-118.477330
960	1753709341.149663	182.057604	420.344949	168.225512	115.654126	421.948880	-161.358461	156.638756	156.745821	226.061672	84.117167	182.111233	-190.399379	194.280788	-13.281827	-274.717599	246.032938	-47.683097	325.829744	266.360462	-99.042043	352.901518	218.261763	-78.470804	-305.755645	302.292347	-102.341816	340.396106	255.358160	-82.224727	-288.090050	16.511271	1.272999	119.237565	-17.829727	-0.475670	-118.480481
961	1753709341.186802	181.769013	420.333683	168.198749	115.315966	421.940178	-161.352426	156.303853	156.732276	226.001412	83.755977	182.221547	-190.367088	194.129005	-13.217954	-274.605840	245.702952	-47.709856	325.800925	266.030818	-99.066436	352.896929	218.144268	-78.434527	-305.558473	301.887006	-102.367409	340.397745	255.261481	-82.199000	-287.896186	16.519446	1.317499	119.232997	-17.837992	-0.520774	-118.476555
962	1753709341.222244	181.878656	420.326859	168.216750	115.665011	421.906531	-161.337838	156.687677	156.700373	225.991756	84.525473	182.198867	-190.360382	195.426807	-13.235430	-274.598628	246.734545	-47.732864	325.827986	267.378360	-99.087246	352.927864	219.810948	-78.457631	-305.559754	303.271353	-102.388375	340.413421	256.910443	-82.232647	-287.888885	16.498275	1.322231	119.241767	-17.817875	-0.525686	-118.486002
963	1753709341.252475	183.758736	420.336306	168.504417	117.674395	421.862483	-160.778075	158.834249	156.600595	225.984901	86.217947	182.141155	-190.110028	196.349010	-13.356401	-274.502426	249.024481	-47.820523	325.978607	270.112574	-99.168770	353.111058	220.760912	-78.553930	-305.510193	306.193233	-102.466978	340.613425	257.985383	-82.319453	-287.849814	16.436253	1.305220	119.242817	-17.757975	-0.508362	-118.487455
964	1753709341.288612	183.039427	420.330137	168.757245	116.643526	422.051996	-160.418764	158.090547	156.589925	226.082906	85.124537	182.722107	-190.009251	195.739746	-13.105669	-274.025917	248.292714	-47.845807	326.070845	269.285083	-99.190071	353.310347	220.016882	-78.490190	-304.650247	305.442184	-102.496028	340.870947	257.309079	-82.263067	-286.734223	16.435735	1.310895	119.238101	-17.757038	-0.514008	-118.482545
965	1753709341.325243	181.972072	420.390010	168.827310	115.925714	422.143549	-160.349637	157.231420	156.715780	226.172805	84.559344	183.185652	-190.109715	195.487231	-12.925293	-273.979932	247.469351	-47.792800	326.098949	268.348843	-99.160388	353.411287	219.636977	-78.428887	-304.387927	304.392755	-102.480739	341.008484	257.021844	-82.211539	-286.385983	16.420444	1.326781	119.232245	-17.740678	-0.530174	-118.476331
966	1753709341.360310	181.344956	420.483619	168.848127	114.958189	422.167867	-160.338670	156.270817	156.775475	226.169869	83.839819	183.183268	-190.014645	194.953501	-12.909204	-273.496509	246.500850	-47.799151	326.189190	267.392099	-99.180251	353.514880	219.319269	-78.431651	-303.850889	303.391039	-102.509402	341.064394	256.632537	-82.213379	-285.752267	16.428595	1.322313	119.242914	-17.751502	-0.525254	-118.488431
967	1753709341.395263	176.875979	420.570254	168.828994	109.503724	422.638774	-160.338685	151.648983	156.813920	226.168856	78.732610	183.942050	-190.009058	191.733435	-12.071500	-273.281306	241.332129	-47.736168	326.041609	261.577368	-99.148721	353.472531	215.656012	-77.877291	-303.253651	297.123343	-102.471195	341.041952	253.048807	-81.670873	-285.135210	16.519303	1.352940	119.247004	-17.839154	-0.555596	-118.492581
968	1753709341.426094	176.715821	420.705438	168.933585	109.101072	422.794223	-160.232693	151.705474	156.862274	226.284683	78.671858	183.956385	-189.673930	191.768005	-11.801700	-272.590816	241.553962	-47.673557	326.057196	262.074620	-99.146977	353.471905	215.777919	-77.654660	-302.527636	297.688246	-102.439150	341.014028	253.145099	-81.377387	-284.321636	16.527845	1.344980	119.256116	-17.848792	-0.547411	-118.502446
969	1753709341.459681	176.859021	420.735091	168.981820	109.278947	422.756672	-160.108060	151.836663	156.881899	226.323828	79.024427	183.918923	-189.572737	191.977695	-11.710747	-272.561818	241.611794	-47.637526	326.073170	262.144893	-99.133208	353.462785	216.095403	-77.500515	-302.526653	297.778159	-102.392301	340.991318	253.379703	-81.139736	-284.322292	16.526565	1.326668	119.261198	-17.848507	-0.529202	-118.508436
970	1753709341.492181	176.801085	420.960665	168.957487	109.217159	422.766536	-160.109773	151.821807	157.029644	226.249218	78.988120	183.926523	-189.561427	191.953212	-11.529668	-272.478551	241.657659	-47.562346	326.035351	262.211502	-99.072777	353.433609	216.108665	-77.226393	-302.421004	297.857434	-102.343097	340.955079	253.378212	-80.774039	-284.254223	16.533747	1.327287	119.264834	-17.856726	-0.529951	-118.512213
971	1753709341.526700	175.593764	420.968950	168.911576	107.802697	422.786295	-160.151467	150.734022	157.048345	226.240754	77.482395	183.952525	-189.575881	190.388396	-11.526772	-272.475749	240.431592	-47.554474	326.016068	260.810703	-99.064760	353.448719	214.331761	-77.228002	-302.408904	296.131641	-102.346338	340.959519	251.685113	-80.810487	-284.247369	16.618010	1.368553	119.271487	-17.940788	-0.571407	-118.518949
972	1753709341.560982	175.679237	421.300888	168.934405	107.883222	422.864050	-159.973577	150.891393	157.301933	226.236880	77.820793	184.014484	-189.090014	191.295370	-10.946419	-272.214592	240.935817	-47.064953	325.975358	261.688709	-98.657571	353.305489	215.853676	-76.561518	-302.258462	297.068328	-101.758346	340.759665	253.093958	-79.969347	-284.145147	16.602250	1.355886	119.276434	-17.927928	-0.557962	-118.525073
973	1753709341.595410	175.570965	421.448201	168.837547	107.779711	423.148811	-160.033882	150.786296	157.414496	226.234257	77.803433	184.428066	-189.108595	191.330388	-10.213559	-272.178769	240.869179	-46.795234	325.854719	261.645466	-98.490618	353.128135	215.957373	-75.995505	-302.145571	297.008604	-101.469487	340.497047	253.185064	-79.328664	-283.983469	16.626287	1.360303	119.287245	-17.952967	-0.561759	-118.537240
974	1753709341.628106	175.621137	421.742886	168.772116	107.809059	423.286110	-160.024062	150.812820	157.677844	226.033956	77.783734	184.625298	-188.951015	191.358492	-9.786690	-272.008598	240.946457	-46.112344	325.057298	261.846483	-97.919770	351.894587	216.058120	-75.686105	-301.950604	297.245711	-100.700244	339.164972	253.282070	-78.954726	-283.843666	16.629802	1.355420	119.288214	-17.957076	-0.556156	-118.539110
975	1753709341.660451	176.622659	421.883583	168.776989	108.375952	423.404813	-159.989148	151.445985	157.810226	225.994617	78.151360	184.726462	-188.723862	191.892087	-9.423893	-271.841466	241.891012	-45.566589	324.584335	263.119012	-97.549915	351.077825	216.810539	-75.446799	-301.807284	298.626006	-100.094043	338.252455	254.051507	-78.682907	-283.704340	16.656544	1.353585	119.294122	-17.986579	-0.553414	-118.546121
976	1753709341.699305	176.777408	422.117978	168.754160	108.405493	423.710942	-159.984991	151.468083	157.918796	225.750402	78.075573	185.236648	-188.666418	191.708729	-9.025488	-271.799415	241.892993	-45.279443	324.010164	263.134688	-97.386904	350.563735	216.575220	-75.196952	-301.675707	298.617572	-99.860825	337.672114	253.906459	-78.499228	-283.602595	16.706835	1.389617	119.302340	-18.039264	-0.585656	-118.555441
977	1753709341.729613	178.969666	421.855152	168.775678	109.566770	423.732430	-159.912914	153.984115	157.643065	225.764751	79.062745	185.245514	-188.482612	192.818001	-8.896144	-271.567971	244.698703	-45.365747	323.725134	266.065419	-97.540066	350.030988	217.693031	-75.139068	-301.405311	302.036166	-99.907510	337.161571	255.062819	-78.387640	-283.246070	16.743196	1.350220	119.302884	-18.073689	-0.543987	-118.555486
978	1753709341.765141	179.003790	421.882451	168.779507	109.631613	424.092472	-159.894034	154.285640	157.613128	225.733474	79.408683	185.816646	-188.494503	193.929583	-7.887485	-271.548033	245.198607	-45.358252	323.595613	266.560525	-97.539581	349.979341	218.651697	-74.224345	-301.304966	302.518666	-99.897280	337.146461	256.199419	-77.368096	-283.156455	16.745228	1.353090	119.301930	-18.075380	-0.546212	-118.554004
979	1753709341.802297	181.078300	421.875775	168.758824	111.841269	424.032420	-159.819201	156.984359	157.571748	225.711063	82.222432	185.707882	-187.972128	196.322709	-7.722002	-271.087557	247.581795	-45.451280	323.547363	269.366890	-97.720452	349.835694	221.495777	-73.810689	-301.027089	304.996371	-100.009270	336.938143	258.929759	-76.882891	-282.967240	16.749701	1.339345	119.302653	-18.081162	-0.531377	-118.555248
980	1753709341.838706	181.099653	421.767920	168.714285	111.866333	424.154073	-159.830943	156.665638	157.509193	225.614592	82.179666	186.188832	-187.952787	196.314156	-6.674930	-271.054119	246.738657	-45.740087	323.231459	268.008411	-98.280512	349.542528	221.468076	-72.978146	-300.923645	304.050356	-100.546166	336.753786	258.885115	-75.920023	-282.878071	16.764190	1.339152	119.295239	-18.094491	-0.530528	-118.546978
981	1753709341.876765	181.520447	421.792626	168.636873	112.042554	424.350441	-159.901172	156.715408	157.503515	225.346118	82.202777	186.602876	-187.975928	196.387306	-5.766012	-271.135896	246.724308	-45.733955	322.972745	267.974168	-98.310567	349.451691	221.454218	-72.273806	-300.912797	304.041713	-100.564502	336.742342	258.870035	-75.087376	-282.930613	16.776958	1.333684	119.289555	-18.105857	-0.523187	-118.539847
982	1753709341.903314	181.905329	422.061354	168.565691	113.386549	424.380273	-159.926817	156.909466	157.719016	225.237399	84.269576	186.608598	-187.948778	199.131176	-5.468936	-271.156758	247.162044	-45.595441	322.850436	268.475205	-98.230600	349.272877	224.571466	-71.873009	-300.977945	304.834545	-100.476861	336.559176	261.723399	-74.574091	-283.043236	16.688844	1.311692	119.288139	-18.020479	-0.499493	-118.538737
983	1753709341.935493	182.968661	422.116816	168.413311	114.574760	424.316078	-160.043851	158.244252	157.723904	225.001350	85.554034	186.495960	-187.981635	200.196639	-5.438822	-271.297276	248.614043	-45.602027	322.757274	270.147711	-98.244734	349.218726	225.627095	-71.698613	-301.179647	306.350321	-100.498989	336.485982	262.808174	-74.377768	-283.442199	16.686730	1.312559	119.292602	-18.019626	-0.499587	-118.543580
984	1753709341.969440	183.721781	422.158033	168.318436	115.474299	424.127579	-160.070881	158.994555	157.689884	224.681959	86.399689	186.086595	-187.893838	200.518161	-5.498273	-271.373630	249.245241	-45.782160	322.759330	270.942509	-98.541796	349.279016	226.014659	-71.684785	-301.465362	307.089359	-100.846700	336.515248	263.147622	-74.369967	-283.873558	16.687853	1.328255	119.297385	-18.022172	-0.513266	-118.549697
985	1753709342.007351	184.735298	422.178298	168.255761	116.074018	424.128801	-160.096452	159.855068	157.688037	224.621058	86.748876	186.079085	-187.889233	200.875670	-5.430060	-271.397948	250.112265	-45.784164	322.534710	271.786720	-98.565757	349.109590	226.230904	-71.617052	-301.462084	308.109343	-100.869119	336.346865	263.432592	-74.274696	-283.902973	16.685633	1.316873	119.284704	-18.020339	-0.500288	-118.536457
986	1753709342.040715	186.634511	422.175497	168.229952	117.603905	424.027145	-160.132483	161.670685	157.633916	224.577740	88.167988	185.777500	-187.856555	202.099398	-5.445248	-271.400124	252.322108	-45.783620	322.531760	274.270684	-98.566480	349.114716	227.565318	-71.602598	-301.486433	310.812265	-100.855939	336.349875	264.697701	-74.250869	-283.971608	16.686561	1.296011	119.286172	-18.021820	-0.477952	-118.538141
987	1753709342.074847	185.402617	422.170192	168.217197	116.381779	424.053133	-160.215974	159.521818	157.586783	224.559024	86.012296	185.795829	-187.950939	199.813142	-5.643603	-271.403879	249.384433	-45.799322	322.518587	270.526826	-98.580040	349.258095	224.275216	-71.948960	-301.286638	307.087868	-100.912571	336.662591	261.648417	-74.727885	-283.820391	16.686292	1.320173	119.287141	-18.020492	-0.500844	-118.538655
988	1753709342.106538	185.426235	422.253102	168.128088	116.572678	423.917562	-160.262719	159.593076	157.587171	224.429131	87.228291	185.542703	-187.557861	203.066990	-5.294166	-271.048814	249.801323	-45.693398	322.513014	271.111220	-98.478243	349.258512	228.580147	-71.339048	-301.017731	307.692021	-100.702927	336.675316	265.576512	-73.768817	-283.667803	16.694240	1.310814	119.293302	-18.030059	-0.490834	-118.545696
989	1753709342.141073	184.261546	422.262281	168.103516	114.547580	424.012005	-160.354853	157.739326	157.536224	224.321052	85.042514	185.625955	-187.515557	201.787949	-4.989759	-270.667166	248.041540	-45.656800	322.485983	269.124091	-98.460071	349.261701	227.158189	-71.163058	-300.249666	305.798233	-100.659788	336.726725	264.128178	-73.504306	-282.869458	16.832611	1.310563	119.305961	-18.165344	-0.489721	-118.557751
990	1753709342.173537	182.998598	422.430813	167.979121	112.617813	424.227834	-160.529092	156.497002	157.716259	224.263147	82.493916	186.006561	-187.627420	199.960083	-4.674997	-270.640999	247.219846	-45.277551	322.231352	268.322706	-98.116443	349.160194	224.997565	-70.995741	-299.956203	304.943115	-100.353457	336.648852	262.218863	-73.337711	-282.626659	16.861614	1.318203	119.310662	-18.191371	-0.496264	-118.561484
991	1753709342.210087	181.441799	422.502279	167.896941	111.417577	424.260080	-160.620272	155.771881	157.720715	224.198028	81.822596	186.004549	-187.710613	199.542612	-4.688296	-270.678937	246.884018	-45.226615	322.131425	267.992586	-98.061293	349.118948	224.500597	-71.018919	-299.953014	304.529846	-100.314252	336.609334	261.779040	-73.381476	-282.632738	16.872674	1.320419	119.317189	-18.201455	-0.498336	-118.567742
992	1753709342.242512	180.428073	423.054993	167.844698	110.764518	424.436212	-160.695940	154.024720	158.395424	224.176154	81.133559	186.302736	-187.706858	199.220300	-4.350085	-270.359129	245.073721	-44.429276	321.935475	266.139835	-97.353883	348.945588	224.239364	-70.797518	-299.254447	302.578300	-99.617131	336.430371	261.537254	-73.119022	-281.990618	16.868267	1.330205	119.323425	-18.197205	-0.507365	-118.574247
993	1753709342.279226	181.108415	423.083067	167.681739	111.282408	424.349278	-160.735592	154.625311	158.388048	224.081114	81.238173	186.187163	-187.678471	198.980644	-4.417847	-270.353109	245.387763	-44.424914	321.767896	266.552180	-97.354129	348.837525	223.900005	-70.819683	-299.230635	302.780151	-99.618718	336.268008	261.245757	-73.176801	-281.999320	16.893564	1.342726	119.323112	-18.224750	-0.517405	-118.574254
994	1753709342.313758	180.918962	423.166603	167.710602	111.019298	424.307853	-160.639346	154.494792	158.523962	224.058270	81.137232	186.129898	-187.503815	198.960155	-4.416397	-269.965768	245.397404	-44.333637	321.518838	266.576380	-97.268879	348.346889	223.902196	-70.810683	-298.874140	302.808106	-99.527888	335.702181	261.236340	-73.147222	-281.668067	16.899047	1.312111	119.329579	-18.230591	-0.487601	-118.581124
995	1753709342.346383	180.238277	423.022389	167.693034	110.089950	424.287051	-160.665244	153.894380	158.441201	224.092409	80.189824	186.119586	-187.549993	197.716847	-4.529933	-269.945681	244.267508	-44.444587	321.497262	265.085489	-97.364604	348.363250	222.089157	-70.933931	-298.717827	301.090091	-99.681251	335.744917	259.465069	-73.323175	-281.524956	16.932664	1.326198	119.330972	-18.261803	-0.501936	-118.581980
996	1753709342.381848	180.244386	423.141211	167.665377	110.167980	424.425036	-160.683438	153.778613	158.502236	224.057391	80.199063	186.434895	-187.520489	197.530016	-4.370696	-269.926131	243.675500	-44.338185	321.445137	264.227599	-97.245492	348.377287	221.689910	-70.832305	-298.591554	300.270438	-99.597178	335.832357	259.172022	-73.235199	-281.484902	16.937450	1.325614	119.320974	-18.266520	-0.500405	-118.572049
997	1753709342.412796	178.702131	423.304439	167.670324	109.233111	424.626052	-160.683692	151.387274	158.737868	224.013105	79.631679	186.803818	-187.417522	197.323516	-3.843012	-269.748122	240.874648	-43.876354	321.432143	260.913014	-96.806988	348.417133	221.474826	-70.437692	-298.306912	297.282785	-99.106506	336.018026	258.935571	-72.711907	-281.213850	16.961284	1.330499	119.318791	-18.289300	-0.505040	-118.570134
998	1753709342.449973	179.247543	423.335433	167.764246	109.834746	424.689263	-160.574764	152.103007	158.776700	223.998100	80.345452	186.930373	-187.254563	198.243573	-3.766094	-269.651264	241.884336	-43.786529	321.405113	262.098849	-96.726783	348.404020	222.390324	-70.412122	-298.196316	298.894465	-99.001281	336.036205	259.933084	-72.664529	-281.139433	16.935974	1.302209	119.311154	-18.262470	-0.476276	-118.561767
999	1753709342.481267	179.401085	423.447222	167.871371	109.908737	424.780935	-160.509154	152.095526	159.013763	224.175438	80.301188	187.084153	-187.135652	197.945550	-3.707187	-269.596219	241.786346	-43.669224	321.481586	262.029320	-96.691638	348.527968	222.030833	-70.397981	-298.081249	298.835784	-98.963805	336.191088	259.625524	-72.656199	-281.041116	16.940501	1.305233	119.303070	-18.266970	-0.478122	-118.553929
1000	1753709342.516228	177.260593	423.448384	167.883351	108.514324	424.843639	-160.596684	149.682403	159.074903	224.358022	79.132698	187.344164	-187.710345	197.203249	-3.560416	-269.774109	239.426404	-43.647595	321.452916	259.409875	-96.681766	348.501801	221.298337	-70.318080	-298.124313	296.220720	-98.940425	336.179048	258.843899	-72.564356	-281.032592	16.933596	1.310994	119.300149	-18.258601	-0.484225	-118.550383
1001	1753709342.550532	178.366229	423.530608	167.957589	109.845571	424.890161	-160.596430	150.313422	159.347296	224.509627	80.034427	187.354863	-187.764362	197.517633	-3.588342	-269.921392	240.388960	-43.341316	321.452409	260.704160	-96.434720	348.392725	221.906796	-70.357785	-298.471421	297.744334	-98.559082	335.990965	259.400934	-72.624512	-281.249970	16.889991	1.291389	119.297691	-18.217847	-0.463411	-118.548647
1002	1753709342.585553	178.566799	423.548281	167.986885	109.876856	424.964070	-160.600528	150.353014	159.424707	224.577919	79.793297	187.439904	-187.791631	196.937695	-3.590241	-270.095617	240.438595	-43.181736	321.456462	260.775387	-96.250571	348.383248	221.350193	-70.378490	-298.684835	297.789335	-98.325051	335.990101	258.894950	-72.670475	-281.464964	16.885916	1.284583	119.292483	-18.213466	-0.455681	-118.543170
1003	1753709342.617361	178.595781	423.556000	168.079510	109.911710	424.973905	-160.548985	150.696263	159.427971	224.627882	80.188066	187.403589	-187.789157	197.316840	-3.581218	-270.145774	241.082430	-43.168325	321.458876	261.541843	-96.218452	348.332316	222.016096	-70.284992	-298.959851	298.556149	-98.264188	335.889786	259.393632	-72.520107	-281.623960	16.868886	1.269122	119.291924	-18.196948	-0.441476	-118.542984
1004	1753709342.656451	178.550243	423.753589	168.071687	109.938674	425.065637	-160.587132	150.794730	159.566045	224.636853	80.750607	187.412038	-187.842324	198.465168	-3.404550	-270.200670	241.569817	-43.025821	321.417630	262.240291	-96.045911	348.153234	223.795652	-69.927268	-299.139261	299.214035	-98.027356	335.604906	260.925382	-72.069436	-281.726956	16.813761	1.255395	119.295150	-18.143898	-0.427956	-118.547097
1005	1753709342.688637	178.652719	423.768282	168.136939	109.973490	425.161451	-160.413727	150.825888	159.579739	224.646002	80.654852	187.615022	-187.776804	198.117316	-3.302686	-270.191133	241.588265	-43.037824	321.344942	262.224883	-96.037671	348.079503	223.273367	-69.822632	-299.129009	299.230605	-98.031290	335.557133	260.473192	-71.951956	-281.718016	16.737893	1.250771	119.263731	-18.063340	-0.423279	-118.513301
1006	1753709342.721443	178.714693	423.829764	168.166339	110.019021	425.201118	-160.414129	150.853321	159.650192	224.648774	80.582663	187.622592	-187.777460	197.934270	-3.427274	-270.192415	241.611987	-43.013941	321.305364	262.257874	-95.992580	348.007351	223.069504	-69.944598	-299.128592	299.259961	-97.996831	335.516810	260.312498	-72.100386	-281.714648	16.726682	1.248370	119.261354	-18.051347	-0.420774	-118.510790
1007	1753709342.753354	178.660914	423.929244	168.243185	110.036328	425.343901	-160.354853	150.868267	159.842879	224.813536	80.591939	187.726796	-187.687069	198.138401	-3.355173	-270.022899	241.738886	-42.908013	321.356028	262.467533	-95.855817	348.014712	223.411992	-69.870539	-298.980206	299.576312	-97.861417	335.528046	260.707945	-72.009891	-281.512171	16.615681	1.240132	119.248711	-17.935516	-0.413354	-118.497588
1008	1753709342.792945	178.499475	424.077123	168.273807	109.361440	425.397992	-160.253361	150.770888	159.986719	224.833965	78.927308	187.735662	-187.618896	195.352301	-3.471376	-270.019770	241.651833	-42.864837	321.283966	262.403190	-95.789008	347.947598	220.105961	-69.966249	-298.971653	299.489290	-97.844951	335.436910	257.518888	-72.145931	-281.512946	16.598275	1.239561	119.226933	-17.916540	-0.412583	-118.474752
1009	1753709342.825478	178.057820	423.918009	168.368891	108.436204	425.417244	-160.133883	150.565982	159.914404	225.111708	78.132890	187.727094	-187.558219	194.901928	-3.545125	-269.857466	241.478235	-42.950399	321.589440	262.149483	-95.790207	348.211497	219.648123	-70.018336	-298.835129	299.218118	-97.860336	335.769951	257.116646	-72.207741	-281.262070	16.614370	1.226200	119.211867	-17.930215	-0.401008	-118.458450
1010	1753709342.859964	178.225249	423.932463	168.364897	108.804569	425.477147	-160.128593	150.623068	159.979373	225.120261	78.463450	187.814742	-187.539890	195.164964	-3.484151	-269.845337	241.490439	-42.873409	321.826220	262.162745	-95.679373	348.438919	220.003501	-69.957860	-298.835754	299.231231	-97.770989	336.052746	257.427722	-72.154909	-281.257898	16.599430	1.217995	119.207554	-17.914979	-0.393015	-118.454143
1011	1753709342.896681	178.251833	423.945129	168.381542	109.031118	425.520808	-160.095856	150.671929	159.992024	225.201145	78.622445	187.824547	-187.367588	195.223808	-3.558649	-269.681513	241.502091	-42.902738	322.353095	262.174606	-95.668808	349.103928	220.043898	-70.022613	-298.724145	299.243540	-97.803637	336.842775	257.463604	-72.264172	-281.113088	16.540809	1.218827	119.203322	-17.853927	-0.394337	-118.449792
1012	1753709342.926248	178.261191	423.984200	168.385893	109.267719	425.588399	-160.125747	150.604308	160.086021	225.245729	78.786463	187.860727	-187.348768	195.406020	-3.543685	-269.588202	241.432041	-42.826761	322.676808	262.101859	-95.554292	349.406958	220.362037	-70.009314	-298.672974	299.187630	-97.693101	337.167263	257.752657	-72.259024	-281.024367	16.531488	1.217822	119.200587	-17.845053	-0.393580	-118.447408
1013	1753709342.961185	178.370029	423.986822	168.387040	110.301577	425.514221	-160.122260	150.863469	160.100028	225.256532	80.491558	187.544242	-187.331706	196.647108	-4.028959	-269.708484	241.659686	-42.838912	323.109865	262.359947	-95.538899	349.850029	221.832991	-70.262611	-299.111187	299.408197	-97.687654	337.677360	259.051740	-72.590999	-281.429172	16.450791	1.220320	119.198963	-17.766252	-0.397193	-118.446551
1014	1753709342.993281	178.435117	424.052447	168.370306	111.312419	425.528497	-160.123527	150.893584	160.202101	225.410461	82.315907	187.579647	-187.201411	199.646071	-3.900117	-269.481748	241.688833	-42.836312	323.350340	262.384206	-95.538259	349.999875	225.433320	-70.130982	-298.950642	299.424350	-97.696871	337.822586	262.434661	-72.454631	-281.230539	16.374828	1.219347	119.188532	-17.692426	-0.396584	-118.437305
1015	1753709343.030862	178.704336	424.061567	168.388501	112.213291	425.541759	-160.111442	150.958359	160.236850	225.489616	82.647063	187.662393	-187.197030	199.652791	-3.965184	-269.478261	241.657659	-42.980298	323.415220	262.330025	-95.716842	350.072533	225.399464	-70.230633	-298.943162	299.327642	-97.968787	337.921470	262.412608	-72.637029	-281.223774	16.329603	1.226326	119.180128	-17.647628	-0.404182	-118.429698
1016	1753709343.065198	179.410890	424.084753	168.470949	112.979643	425.655186	-160.101086	151.564360	160.386726	226.114899	82.911834	187.731311	-187.142581	199.654073	-3.967420	-269.471228	242.295161	-43.019589	323.716462	263.012230	-95.799342	350.242645	225.389272	-70.242763	-298.949331	300.207287	-98.049551	338.019967	262.412697	-72.655588	-281.218886	16.264070	1.223222	119.173005	-17.581476	-0.400806	-118.422560
1017	1753709343.100011	179.643646	424.125075	168.460876	113.552332	425.694317	-160.105228	151.857376	160.569891	226.140827	83.139427	187.824219	-187.260807	199.618131	-4.089275	-269.620806	242.491066	-42.926468	323.797375	263.193518	-95.710173	350.338817	225.294441	-70.501104	-299.096763	300.426215	-97.982235	338.162333	262.337059	-73.013373	-281.322449	16.207270	1.221416	119.159192	-17.523445	-0.399017	-118.408442
1018	1753709343.129914	180.014580	424.118340	168.466762	113.967441	425.624102	-160.087660	152.301252	160.588205	226.428866	83.424680	187.521771	-187.230915	199.615330	-4.819230	-269.646853	242.899045	-43.131027	324.200690	263.603330	-95.887370	350.703746	225.272804	-71.129940	-299.184501	300.844014	-98.278590	338.432103	262.321889	-73.730171	-281.397194	16.145231	1.211858	119.150564	-17.460683	-0.389754	-118.399635
1019	1753709343.164276	181.158453	424.014419	168.540344	115.013562	425.527066	-159.942538	153.594732	160.555258	226.604685	84.216736	187.335238	-187.145516	199.672014	-5.392635	-269.679993	243.899345	-43.344382	324.475616	264.549315	-95.995232	350.955606	225.285456	-71.625933	-299.341083	301.816255	-98.460875	338.626683	262.339026	-74.315280	-281.524479	16.093245	1.203779	119.139791	-17.407533	-0.382198	-118.388928
1020	1753709343.198335	180.842683	424.039841	168.536946	114.369601	425.517052	-159.951061	153.352618	160.596699	226.611868	83.291501	187.189162	-187.178463	198.169932	-5.844088	-269.914895	243.705019	-43.397926	324.438125	264.327347	-96.051529	350.889236	223.586828	-72.113402	-299.651504	301.594466	-98.571330	338.520259	260.732174	-74.810334	-281.784505	16.090460	1.199081	119.137652	-17.403943	-0.378142	-118.386693
1021	1753709343.234912	182.091281	423.702747	168.446079	115.940578	424.975067	-160.001710	155.544728	160.241708	226.626843	85.017532	186.325952	-187.199697	198.601663	-6.782056	-270.315528	245.623812	-43.903764	324.516654	266.225696	-96.376933	350.942045	223.952547	-72.674304	-300.471306	303.032309	-98.937593	338.531435	261.032760	-75.481929	-282.704979	16.078738	1.200800	119.133197	-17.392486	-0.380146	-118.382551
1022	1753709343.265416	182.634473	423.408866	168.337733	116.119891	424.762845	-160.106003	156.163529	159.959972	226.640210	85.041106	185.948372	-187.274143	198.499367	-7.239612	-270.513117	246.313378	-44.258185	324.551880	266.943097	-96.579626	350.973666	223.805502	-73.015623	-300.751656	303.741813	-99.163711	338.548243	260.888249	-75.814717	-282.990545	16.078630	1.191042	119.123407	-17.391788	-0.370750	-118.372589
1023	1753709343.301332	183.692351	423.175126	168.126047	117.396891	424.477309	-160.362855	157.405287	159.665182	226.528332	86.121239	185.572758	-187.440321	198.924944	-7.579915	-270.974696	247.534499	-44.549011	324.566275	268.223435	-96.808858	350.986362	224.161074	-73.284015	-301.426888	305.050343	-99.379122	338.565528	261.204898	-76.097146	-283.768415	16.062200	1.189928	119.118862	-17.375235	-0.369853	-118.368074
1024	1753709343.343420	183.684751	423.124731	167.996302	117.363930	424.257606	-160.533696	157.397211	159.620047	226.520345	86.122029	185.243860	-187.638938	198.897034	-7.951678	-271.467090	247.512445	-44.667967	324.605465	268.175840	-96.879840	351.047337	224.122599	-73.576085	-302.108377	304.988861	-99.487059	338.597685	261.133611	-76.386541	-284.455538	16.079953	1.183453	119.115926	-17.393894	-0.363864	-118.365586
1025	1753709343.369740	185.382754	422.941744	167.858079	119.554020	423.845053	-160.681620	160.021141	159.034356	226.475164	88.717334	184.572101	-187.803805	200.447440	-8.482241	-272.137165	250.039756	-45.566540	324.659944	270.885676	-97.692065	351.140589	225.750655	-73.899627	-303.158313	307.522357	-100.357398	338.627309	262.680620	-76.769672	-285.541683	16.072873	1.179625	119.127095	-17.387230	-0.359834	-118.377782
1026	1753709343.403060	185.595006	422.919810	167.733118	119.581394	423.766553	-160.760403	160.045981	158.963710	226.378143	88.671736	184.402987	-187.854648	199.938342	-8.801636	-272.330225	249.998033	-45.680661	324.565351	270.840555	-97.738430	351.005524	225.098550	-74.123211	-303.417891	307.485640	-100.415535	338.450342	262.033880	-77.037528	-285.850823	16.076604	1.179373	119.127072	-17.391805	-0.359690	-118.378215
1027	1753709343.438394	185.721040	422.900200	167.736173	120.012783	423.626870	-160.797849	160.217255	158.915296	226.486340	89.116976	184.120774	-188.036233	200.104475	-9.355920	-272.755951	250.217974	-45.745045	324.962586	271.091849	-97.777314	351.448685	225.275040	-74.647911	-303.976744	307.671845	-100.460619	338.768363	262.205154	-77.681407	-286.296636	16.071608	1.184913	119.142458	-17.387275	-0.365329	-118.395917
1028	1753709343.472933	185.809448	422.889829	167.727545	120.293312	423.581630	-160.803646	160.194606	158.899561	226.456821	89.289285	184.112996	-188.277096	200.183362	-9.497646	-273.097128	250.163555	-45.788359	324.969143	271.058410	-97.812891	351.447493	225.368947	-74.837521	-304.362088	307.627976	-100.495890	338.767558	262.300789	-77.915855	-286.609113	16.043898	1.185941	119.140640	-17.361196	-0.366733	-118.395150
1029	1753709343.505503	186.428010	422.874600	167.755961	121.654838	423.471361	-160.784408	161.385283	158.685312	226.446345	91.291428	183.897138	-188.267425	201.789826	-9.545220	-273.238838	251.358479	-45.882396	325.317174	272.362679	-97.865798	351.967484	227.138713	-74.845582	-304.733962	308.866531	-100.532241	339.253783	264.028579	-77.929169	-286.988407	16.009204	1.198199	119.149789	-17.329399	-0.378540	-118.405804
1030	1753709343.542091	185.313895	422.919482	167.685628	120.293222	423.479259	-160.802901	159.846008	158.774063	226.391137	89.501895	183.963731	-188.290209	199.928850	-9.482900	-273.256004	249.524817	-45.874801	325.352728	270.248771	-97.845338	352.027386	225.121602	-74.787565	-304.744959	306.734055	-100.539558	339.313924	262.036443	-77.867851	-286.998600	16.015589	1.201007	119.148143	-17.336650	-0.381726	-118.404694
1031	1753709343.573448	185.702935	422.899634	167.701244	120.823160	423.459679	-160.796449	160.318911	158.746883	226.466179	90.183012	183.959380	-188.298509	200.889125	-9.463749	-273.227692	250.089973	-45.917310	325.394750	270.944804	-97.910546	352.047980	226.321876	-74.777596	-304.687828	307.389438	-100.581862	339.321971	263.242275	-77.854313	-286.909401	15.989779	1.198577	119.151391	-17.312517	-0.379234	-118.408345
1032	1753709343.613218	185.433507	422.744870	167.687610	119.986527	423.430175	-160.816804	159.931704	158.597618	226.469934	88.961668	183.953375	-188.340724	199.377596	-9.477776	-273.379624	249.476522	-46.212673	325.445145	270.092368	-98.202989	352.094412	224.544540	-74.799977	-304.860741	306.553602	-100.903958	339.367807	261.511683	-77.883460	-287.086129	16.054997	1.192723	119.156174	-17.379198	-0.373696	-118.413404
1033	1753709343.647315	184.856176	422.669858	167.644322	119.073890	423.419297	-160.851419	159.313202	158.523068	226.429299	88.085189	183.974102	-188.407660	198.843315	-9.497749	-273.437470	248.884365	-46.274565	325.459927	269.394398	-98.231018	352.107346	223.980933	-74.836776	-304.923385	305.809766	-100.946695	339.383692	260.978609	-77.949539	-287.146926	16.083414	1.192703	119.157009	-17.408097	-0.374076	-118.414655
1034	1753709343.676173	184.120953	422.629148	167.523295	117.967814	423.415631	-160.927996	158.406153	158.512652	226.348609	87.015092	184.014589	-188.456267	198.397517	-9.460546	-273.506135	247.946471	-46.290040	325.427890	268.311501	-98.241590	352.061778	223.571762	-74.829124	-304.978907	304.760069	-100.959912	339.360058	260.567904	-77.941559	-287.204772	16.124895	1.189674	119.159184	-17.447986	-0.371666	-118.416674
1035	1753709343.712289	184.377193	422.598809	167.507231	118.116200	423.290163	-160.943761	158.562988	158.354729	226.189241	87.059543	183.852553	-188.462302	198.372215	-9.522825	-273.579299	248.013079	-46.409912	325.374216	268.408567	-98.330736	352.011114	223.547548	-74.842736	-305.125177	304.837376	-101.034649	339.302212	260.534137	-77.954270	-287.397921	16.141752	1.198403	119.166657	-17.466476	-0.380362	-118.425071
1036	1753709343.745040	185.111851	422.335118	167.483136	118.639506	423.145264	-161.007315	159.147546	158.003643	226.163551	87.478496	183.677405	-188.494340	198.812410	-9.629439	-273.704827	248.783052	-46.564139	325.440496	269.416124	-98.466247	352.095336	224.082440	-74.947380	-305.304527	305.864543	-101.137124	339.375466	261.098951	-78.074507	-287.588447	16.144926	1.207409	119.171053	-17.470453	-0.389347	-118.430264
1037	1753709343.780462	184.037849	422.282219	167.480916	117.736563	423.122287	-161.021367	157.973737	157.973245	226.105615	87.158956	183.708355	-188.528389	198.817715	-9.583555	-273.724824	247.714505	-46.730183	325.486928	268.282384	-98.735549	352.196991	224.119410	-74.932553	-305.319726	304.628283	-101.497814	339.504093	261.111557	-78.074247	-287.592918	16.151870	1.234269	119.177952	-17.478768	-0.416813	-118.437953
1038	1753709343.814242	184.623390	422.331095	167.586207	119.577162	423.046857	-161.017567	158.828318	157.954663	226.177573	89.779802	183.522314	-188.476294	202.164665	-9.648703	-273.660034	249.022007	-46.783108	325.640649	269.987285	-98.801367	352.425635	228.312939	-74.949488	-305.282652	306.324303	-101.552315	339.607954	265.096188	-78.092113	-287.527561	16.005957	1.256259	119.190581	-17.339669	-0.437321	-118.453041
1039	1753709343.853837	184.644222	422.384590	167.602912	119.828694	423.003346	-161.040187	158.851653	157.919034	226.188451	90.357505	183.425426	-188.460723	203.153849	-9.637218	-273.673356	249.049202	-46.903078	325.982690	270.015895	-98.948188	352.954954	229.510471	-74.898772	-305.322856	306.363851	-101.724021	340.123177	266.179234	-78.031182	-287.569106	15.986430	1.270148	119.223565	-17.322240	-0.450580	-118.487813
1040	1753709343.880947	185.185313	422.306210	167.649716	120.346829	422.838926	-161.015779	159.189433	157.826677	226.176783	90.750761	183.347687	-188.474432	203.269035	-9.831805	-273.683161	249.217838	-47.225952	326.054901	270.197898	-99.348307	353.091955	229.587317	-75.163335	-305.331767	306.601614	-102.229804	340.228736	266.240627	-78.338519	-287.570447	15.943613	1.268635	119.227059	-17.281804	-0.448621	-118.491784
1041	1753709343.914645	185.171783	422.416031	167.862296	120.372593	422.838271	-160.857379	159.125403	157.815754	226.186663	90.936892	183.358267	-188.390702	203.669459	-9.808660	-273.472756	249.111414	-47.296431	326.228052	270.120412	-99.447265	353.390962	230.036035	-75.134948	-305.077136	306.548804	-102.368951	340.527922	266.648203	-78.309268	-287.239254	15.907295	1.269034	119.233154	-17.248008	-0.448701	-118.499257
1042	1753709343.948609	185.402110	422.415614	167.987630	120.514862	422.881901	-160.720259	159.152776	157.859415	226.220340	90.936035	183.698267	-188.394099	203.636020	-9.610799	-273.379028	249.109700	-47.313578	326.269478	270.119548	-99.464327	353.443205	229.964107	-75.019337	-304.882705	306.571424	-102.391906	340.568662	266.584218	-78.188621	-286.956936	15.882159	1.265340	119.232580	-17.222259	-0.444866	-118.499205
1043	1753709343.985836	184.596837	422.513008	168.190017	118.833385	423.080444	-160.631835	158.662945	157.954320	226.231471	89.522794	183.916092	-188.216969	203.318268	-9.015553	-273.185670	249.012053	-47.255743	326.235592	270.024389	-99.396080	353.418797	229.580492	-74.453317	-304.609865	306.560963	-102.343604	340.558589	266.256064	-77.422172	-286.742449	15.882336	1.229231	119.239330	-17.221630	-0.409331	-118.505284
1044	1753709344.018624	184.407830	422.702879	168.160111	118.716098	423.223108	-160.652772	158.672124	157.972097	226.109684	89.515932	184.202790	-188.236594	203.740150	-8.194226	-273.046494	249.211416	-47.200818	326.140702	270.359546	-99.277563	353.384167	230.070144	-73.425546	-304.339498	306.904852	-102.231465	340.542763	266.770959	-76.167777	-286.529303	15.774027	1.233231	119.236797	-17.108874	-0.413874	-118.501857
1045	1753709344.053530	183.651730	422.712356	168.164954	117.521442	423.319787	-160.674259	157.932311	157.946587	225.950509	88.554040	184.404209	-188.239798	203.585118	-7.483750	-273.028195	248.873293	-47.167383	325.981945	270.041376	-99.245794	353.235096	229.975402	-72.746851	-304.307312	306.728303	-102.155581	340.420991	266.667724	-75.314485	-286.496937	15.766853	1.230834	119.241469	-17.101679	-0.411500	-118.505985
1046	1753709344.088241	183.484167	422.783971	168.220729	117.464088	423.331231	-160.558671	157.730162	157.942310	225.909710	88.560320	184.441477	-188.148737	203.774676	-7.247893	-272.947282	248.772457	-47.163676	325.868130	269.973040	-99.230774	353.114486	230.269372	-72.487697	-304.212958	306.695491	-102.133803	340.281934	266.943872	-74.963108	-286.388189	15.703058	1.215286	119.241282	-17.036814	-0.396611	-118.505768
1047	1753709344.121005	183.482841	422.835916	168.218404	117.613755	423.345506	-160.553753	157.750472	157.911509	225.803420	88.783123	184.519932	-188.168064	204.141319	-7.172675	-272.944957	248.858169	-47.243733	325.875580	270.191520	-99.337786	353.136659	230.858803	-72.363749	-304.214567	306.831092	-102.239192	340.292990	267.522484	-74.891105	-286.385208	15.650833	1.228509	119.243234	-16.986847	-0.409544	-118.508369
1048	1753709344.153084	182.799980	423.150808	168.209821	117.014550	423.604846	-160.555854	157.351479	157.998294	225.689128	88.311478	184.864029	-188.177750	204.096839	-6.662791	-272.838920	248.811394	-47.226552	325.780094	270.190984	-99.338986	353.063196	230.844289	-71.945250	-304.016978	306.832045	-102.242693	340.216696	267.509758	-74.472956	-286.162138	15.634054	1.231997	119.245641	-16.970694	-0.413170	-118.510745
1049	1753709344.190582	181.968033	423.123747	168.212146	115.803398	423.678219	-160.587460	156.421393	157.929733	225.614861	87.272279	185.010791	-188.192427	203.794599	-6.304863	-272.827148	248.216465	-47.211025	325.776130	269.596785	-99.328779	353.064388	230.616257	-71.705662	-303.993583	306.269854	-102.203697	340.221465	267.297298	-74.194975	-286.107570	15.716875	1.233756	119.256444	-17.051334	-0.415222	-118.521623
1050	1753709344.222452	180.357844	423.091263	168.142617	114.576422	423.826635	-160.667777	154.554129	157.923803	225.478992	86.413495	185.460016	-188.204721	203.781709	-5.522193	-272.770852	246.715173	-47.213916	325.718939	267.821997	-99.357747	353.015155	230.603442	-71.136065	-303.860813	304.750383	-102.221772	340.211272	267.295182	-73.595859	-285.949796	15.724258	1.232757	119.260550	-17.057292	-0.414697	-118.525192
1051	1753709344.258706	181.288719	423.091173	168.101683	115.867451	423.821360	-160.677224	155.470312	157.885969	225.454703	87.701216	185.462981	-188.068822	204.869062	-5.433322	-272.660077	247.361600	-47.301907	325.758517	268.563330	-99.467680	353.087693	231.799319	-70.959061	-303.792596	305.424273	-102.368273	340.285689	268.455923	-73.453099	-285.928667	15.697038	1.234666	119.261660	-17.031560	-0.416546	-118.526816
1052	1753709344.289989	181.225136	423.085809	168.061078	115.632802	423.862725	-160.698876	155.340120	157.854185	225.391388	87.485574	185.594305	-188.067108	204.752475	-4.936669	-272.601962	247.051656	-47.338225	325.721949	268.197387	-99.556148	353.063226	231.670558	-70.489094	-303.702593	305.102766	-102.438547	340.256870	268.300980	-72.925121	-285.835147	15.697520	1.231318	119.263396	-17.032279	-0.412847	-118.528329
1053	1753709344.329213	181.246027	423.115224	168.008149	115.683220	423.979521	-160.752192	155.345649	157.845020	225.258008	87.494746	185.924321	-188.182577	204.861805	-4.583837	-272.738695	247.055799	-47.354661	325.553179	268.199176	-99.627376	352.975041	231.694758	-70.283979	-303.737074	305.119455	-102.509327	340.219349	268.381119	-72.738968	-285.912514	15.693216	1.228157	119.256951	-17.027626	-0.409218	-118.521236
1054	1753709344.362046	181.229636	422.986269	167.915896	115.686193	423.991174	-160.839513	155.517936	157.757163	225.240648	87.672718	185.957432	-188.374281	205.652237	-4.505823	-272.736639	247.773185	-47.409337	325.547516	269.264102	-99.733777	352.950335	232.677877	-70.234887	-303.721547	306.238264	-102.561831	340.199053	269.360632	-72.677009	-285.849929	15.687058	1.204227	119.260386	-17.021256	-0.385684	-118.524365
1055	1753709344.394599	181.818768	422.813594	167.853639	116.208844	424.001694	-160.921052	156.008303	157.636136	225.155115	87.977588	186.066702	-188.421056	205.741256	-4.365989	-272.740126	247.977570	-47.422394	325.537652	269.419879	-99.769033	352.955490	232.675508	-70.132084	-303.701639	306.369275	-102.586634	340.219885	269.371271	-72.609454	-285.838276	15.689880	1.211289	119.262844	-17.023364	-0.392106	-118.526757
1056	1753709344.425503	181.835264	422.719836	167.722374	116.284698	424.014270	-161.051929	156.277493	157.375365	224.955603	88.408500	186.145678	-188.488513	207.156181	-3.895166	-272.735089	248.466134	-47.444247	325.533271	269.979924	-99.807508	353.003830	233.967215	-69.654837	-303.636283	306.828558	-102.606013	340.367943	270.743847	-72.107188	-285.809904	15.692340	1.217309	119.266860	-17.025121	-0.397789	-118.530296
1057	1753709344.463362	181.027770	422.713012	167.718902	115.718886	424.035341	-161.055520	155.760661	157.394797	224.936321	88.314988	186.250806	-188.496813	207.309023	-3.590794	-272.645652	248.244539	-47.378466	325.515211	269.821763	-99.810012	352.963030	234.213978	-69.407791	-303.485185	306.600153	-102.588855	340.336353	270.982265	-71.861744	-285.598814	15.726682	1.224219	119.276218	-17.060323	-0.404976	-118.540250
1058	1753709344.497802	181.678981	422.529459	167.720541	116.059780	424.015582	-161.045521	156.337216	157.256335	224.917844	88.633180	186.265677	-188.485578	207.476869	-3.570342	-272.610158	248.496860	-47.522426	325.489312	270.016372	-100.087754	352.917254	234.315321	-69.387838	-303.432912	306.858569	-102.833152	340.278536	271.058649	-71.844935	-285.525858	15.738783	1.219044	119.282588	-17.071752	-0.399507	-118.546098
1059	1753709344.528861	181.698978	422.289431	167.670831	115.987800	424.012005	-161.073953	156.433180	156.808853	224.813312	88.628501	186.277509	-188.481078	207.476869	-3.509105	-272.592574	248.543650	-47.786277	325.497329	270.046324	-100.453846	352.945954	234.313458	-69.350377	-303.416878	306.873053	-103.145264	340.308338	271.052778	-71.814731	-285.495877	15.815072	1.218012	119.295068	-17.148603	-0.398249	-118.558727
1060	1753709344.564808	180.653080	422.256351	167.685911	113.325126	424.290389	-161.067069	155.271307	156.721562	224.841967	86.093195	186.690971	-188.412458	206.111342	-2.505511	-272.424668	247.103795	-47.794592	325.254083	268.236995	-100.532971	352.659106	232.651263	-68.698235	-302.992195	305.063844	-103.158608	340.023369	269.450247	-71.038134	-285.029769	16.063772	1.216804	119.304426	-17.393613	-0.396308	-118.567206
1061	1753709344.599558	180.394605	422.265768	167.637125	112.997703	424.418509	-161.085546	154.974118	156.711534	224.822983	86.057745	186.884835	-188.280627	206.326291	-1.331079	-272.075236	246.771187	-47.672428	325.000197	267.789751	-100.522354	352.274388	232.900843	-67.565560	-302.434951	304.733187	-103.032932	339.752614	269.600570	-69.571681	-284.524560	16.089765	1.215258	119.308114	-17.418135	-0.394310	-118.570261
1062	1753709344.634908	180.037424	422.218233	167.738423	112.210080	424.544662	-161.070466	154.243499	156.698927	224.849984	85.344054	187.275440	-188.200161	206.214294	-0.525806	-271.644831	245.924428	-47.615513	324.712127	266.689569	-100.533307	352.013022	232.689038	-67.052856	-301.503718	303.899467	-103.000507	339.582771	269.351870	-68.912417	-283.558279	16.150367	1.209605	119.318195	-17.474318	-0.387617	-118.578553
1063	1753709344.664142	180.972859	421.603084	167.702287	112.231039	424.251199	-161.116749	155.123949	156.251639	224.769861	84.872998	186.841384	-188.201755	203.210309	-1.302434	-272.017688	246.126175	-48.051242	324.494094	266.795933	-101.001479	351.859778	228.373811	-67.614473	-301.971346	303.939819	-103.569783	339.388132	265.244991	-69.687210	-284.331441	16.325662	1.209056	119.320005	-17.647332	-0.386524	-118.579611
1064	1753709344.701460	181.817859	421.517849	167.696968	113.050893	424.145579	-161.176115	156.158715	156.166211	224.657923	85.815862	186.616823	-188.206211	204.088703	-1.353393	-271.965921	247.398302	-48.086926	324.351877	268.398762	-101.093329	351.627588	229.557976	-67.619137	-301.935345	305.625349	-103.597656	339.142621	266.238362	-69.679655	-284.282029	16.346931	1.199075	119.330741	-17.669508	-0.375883	-118.589319
1065	1753709344.734647	181.835294	421.406269	167.698622	112.854764	424.143314	-161.170408	156.163350	156.098172	224.653989	84.722012	186.599106	-188.067451	201.478481	-1.589803	-271.786034	247.145265	-48.131064	324.130327	267.858148	-101.125494	351.497352	225.796625	-67.802072	-301.534981	305.010468	-103.659712	339.038491	262.731552	-69.964617	-284.047097	16.370149	1.209882	119.327135	-17.690005	-0.385891	-118.583590
1066	1753709344.769416	183.395922	420.894325	167.693540	113.927111	423.864663	-161.166638	157.824606	155.466765	224.636242	85.408337	186.234534	-188.015699	201.571628	-2.229144	-271.599263	248.095125	-49.009133	324.041814	268.771738	-102.056287	351.411134	225.931257	-68.343364	-301.297247	305.951536	-104.636885	338.946372	262.863815	-70.523947	-283.807367	16.366690	1.200534	119.326703	-17.685512	-0.376235	-118.581690
1067	1753709344.801342	182.747737	420.860469	167.603910	113.263190	423.911035	-161.234900	157.142028	155.338436	224.623904	84.217228	186.259136	-187.877938	200.476676	-2.236336	-270.928621	247.046024	-49.097601	323.979616	267.344445	-102.116764	351.409465	224.349841	-68.345934	-299.988002	304.305226	-104.728073	338.993341	261.435866	-70.538260	-282.711655	16.375659	1.248493	119.322583	-17.693952	-0.422654	-118.575238
1068	1753709344.835660	183.434919	420.733631	167.578086	113.713935	423.915446	-161.237523	157.463983	155.236095	224.638522	84.463172	186.352864	-187.736720	200.719669	-2.149760	-270.258248	247.096002	-49.211606	323.959112	267.365843	-102.281094	351.396173	224.562824	-68.274707	-298.957855	304.327101	-104.846559	338.984489	261.650801	-70.430264	-281.699032	16.387364	1.250929	119.315974	-17.704630	-0.424436	-118.567146
1069	1753709344.868507	183.138341	420.466006	167.521447	112.859972	423.963636	-161.235243	157.210395	154.930681	224.603966	83.110824	186.423734	-187.490433	199.004084	-2.174831	-269.130439	246.452525	-49.459528	323.869467	266.506582	-102.596544	351.387858	222.342387	-68.378270	-297.121704	303.146869	-105.272725	338.981301	259.584308	-70.620023	-279.790670	16.499653	1.284551	119.313382	-17.812598	-0.456108	-118.563041
1070	1753709344.906854	183.239758	420.240939	167.513594	112.837769	424.125612	-161.145031	157.260567	154.650822	224.595830	82.881607	186.689407	-187.083483	198.853582	-2.133996	-268.064350	246.416688	-49.711227	323.861003	266.434550	-102.831952	351.599634	222.125128	-68.377323	-295.561343	303.104907	-105.588540	339.298069	259.473652	-70.627801	-278.289676	16.507145	1.288448	119.288906	-17.818192	-0.459097	-118.533745
1071	1753709344.937266	183.096454	420.190722	167.466670	112.152718	424.381942	-161.131114	156.467751	154.627919	224.551693	80.662444	187.108174	-186.622009	195.756391	-2.081234	-267.298430	244.475126	-49.725160	323.796123	264.017940	-102.854237	351.646155	218.222290	-68.380632	-294.269860	300.675958	-105.661683	339.413077	255.944461	-70.652075	-277.225912	16.554741	1.320420	119.266540	-17.860267	-0.487569	-118.508197
1072	1753709344.976426	183.112442	420.190066	167.282492	112.323575	424.665511	-161.142275	156.464249	154.606685	224.518642	80.949567	187.624291	-185.700998	197.093844	-1.081565	-265.678912	244.383678	-49.693599	323.689193	263.766676	-102.823570	351.653665	219.448850	-67.522623	-292.144865	300.451934	-105.620436	339.510798	257.247239	-69.716349	-275.538862	16.497703	1.372255	119.219273	-17.796760	-0.536414	-118.455186
1073	1753709345.008906	182.528660	420.424104	167.127505	112.116776	425.091267	-161.177441	156.037763	154.656574	224.465221	80.966122	188.085318	-185.238838	197.496369	-0.269783	-265.134066	243.908778	-49.639188	323.488832	263.102174	-102.772474	351.637810	219.882414	-66.671014	-291.475981	299.742103	-105.589308	339.517742	257.761598	-68.770520	-275.076389	16.498357	1.391827	119.195372	-17.795334	-0.554928	-118.429691
1074	1753709345.040877	182.522222	420.591444	167.037189	112.235002	425.476700	-161.276683	155.993864	154.740900	224.408075	81.449494	188.573539	-184.946164	199.315757	0.734775	-264.435112	243.847087	-49.424190	323.467463	263.008833	-102.651216	351.796478	222.131997	-65.856330	-290.606976	299.704015	-105.469555	339.802772	259.874195	-67.824543	-274.253517	16.496403	1.402509	119.186111	-17.791547	-0.563684	-118.419036
1075	1753709345.081915	182.521567	420.840919	166.791007	112.067133	425.609440	-161.281034	155.922174	155.028939	224.264428	80.781683	188.700736	-184.504062	197.878182	0.722783	-264.078617	243.237421	-49.413271	323.264152	262.113690	-102.640405	351.776630	220.201850	-65.855682	-290.172547	298.639596	-105.516322	339.802206	258.168906	-67.847423	-274.043351	16.500091	1.448566	119.129792	-17.794220	-0.607985	-118.359350
1076	1753709345.108119	183.203682	420.905054	166.593999	112.554163	425.681561	-161.384553	156.261995	155.063376	224.122688	80.926441	188.763991	-184.265345	197.931811	0.742956	-263.905853	243.311957	-49.406040	323.242784	262.147903	-102.632441	351.889491	220.318779	-65.809064	-289.995313	298.667580	-105.535723	339.999676	258.260906	-67.833163	-273.979217	16.503543	1.486305	119.100161	-17.796779	-0.642495	-118.327200
1077	1753709345.147845	183.663666	421.362549	166.525483	114.315629	425.742507	-161.387742	156.234995	155.690193	224.066794	82.267612	188.817844	-183.584541	198.821604	0.862766	-263.330370	243.209302	-49.138721	323.207557	262.030840	-102.478608	351.828873	221.492827	-65.658495	-289.649963	298.642606	-105.444193	339.971632	259.310693	-67.687109	-273.741812	16.348338	1.507778	119.073920	-17.642995	-0.662084	-118.302047
1078	1753709345.182446	183.932468	421.485007	166.231707	114.331275	425.917000	-161.470026	156.536952	155.818105	223.811030	82.154155	189.051390	-183.452338	198.736206	0.907755	-262.785047	243.833214	-49.025986	322.826594	262.962073	-102.391765	351.639152	221.400380	-65.643594	-288.852543	299.536884	-105.404593	339.831620	259.264529	-67.687780	-273.116261	16.345391	1.544874	119.041197	-17.638667	-0.696067	-118.266106
1079	1753709345.215172	183.975399	421.604276	166.029692	114.335164	426.025838	-161.555752	156.510547	155.999571	223.790675	82.039230	189.219564	-183.417752	198.429778	0.950104	-262.743175	243.682146	-48.969727	322.652131	262.767911	-102.333471	351.493776	221.121997	-65.592729	-288.836718	299.346983	-105.377145	339.680523	258.944571	-67.665152	-273.102403	16.326910	1.570762	119.001172	-17.618196	-0.719907	-118.224114
1080	1753709345.245270	183.925316	421.723127	165.827572	114.120930	426.308602	-161.573976	156.389505	156.132638	223.773092	81.857786	189.692214	-183.176860	198.428795	1.761096	-262.096524	243.592769	-48.853982	322.562188	262.698084	-102.285855	351.378560	221.159533	-64.844199	-288.159698	299.300432	-105.305843	339.556307	258.975357	-66.818349	-272.346377	16.325910	1.582587	118.957028	-17.616592	-0.730333	-118.178405
1081	1753709345.284034	184.055835	422.058314	165.710971	114.591084	426.330268	-161.592379	156.481147	156.532213	223.744243	82.647495	189.766884	-183.016539	199.273035	2.041702	-261.994362	243.686512	-48.752710	322.537482	262.807578	-102.235414	351.376712	222.243115	-64.424530	-288.119912	299.445659	-105.293907	339.552581	259.928495	-66.363342	-272.333205	16.205093	1.618391	118.939742	-17.496461	-0.764481	-118.161529
1082	1753709345.313159	184.306666	422.117472	165.552974	114.760883	426.353991	-161.622345	156.766817	156.575516	223.479003	83.032571	189.751849	-182.912484	199.580759	2.037953	-262.006551	244.006187	-48.779137	322.405100	263.175488	-102.299362	351.183891	222.757667	-64.414755	-288.340628	299.987823	-105.432414	339.296132	260.335833	-66.354498	-272.536308	16.188042	1.610933	118.928395	-17.479023	-0.755543	-118.149504
1083	1753709345.349472	184.864715	422.261745	165.506423	115.531780	426.439255	-161.693156	157.343656	156.628758	223.455504	84.169328	189.778239	-182.854116	201.294839	2.137232	-262.011170	244.727239	-48.771668	322.381049	264.004499	-102.300726	351.174116	224.898085	-64.266935	-288.443923	300.991386	-105.436482	339.287758	262.462199	-66.184223	-272.643805	16.165679	1.619808	118.918151	-17.456466	-0.763660	-118.138701
1084	1753709345.381580	183.657095	422.333360	165.339515	114.053681	426.608294	-161.765665	155.447021	156.788290	223.380312	82.370549	190.047801	-182.830125	199.707448	2.308486	-261.997819	242.558092	-48.922434	322.367966	261.580199	-102.620237	351.208746	223.265424	-64.135917	-288.439959	298.844099	-105.972305	339.337707	260.794252	-66.060267	-272.619933	16.148197	1.633983	118.902378	-17.437661	-0.776946	-118.121102
1085	1753709345.415339	183.033690	422.706813	165.217817	112.283617	426.808745	-161.843449	154.645056	157.126054	223.200276	79.809718	190.128118	-182.808667	197.318137	2.269974	-261.976033	241.926312	-48.936326	322.187871	261.021584	-102.657825	351.121306	220.712513	-64.191580	-288.419962	298.300445	-106.133439	339.252681	258.470416	-66.151597	-272.613972	16.153302	1.642897	118.885018	-17.441256	-0.785249	-118.102245
1086	1753709345.453259	182.985768	422.747970	165.189132	112.251863	427.087426	-161.851108	154.611647	157.130435	223.184675	79.762697	190.502390	-182.612777	197.344646	2.434166	-261.527896	241.809040	-49.083740	322.180539	260.857284	-102.847293	351.312935	220.703363	-64.072214	-287.664741	298.078865	-106.436588	339.563906	258.487701	-66.044241	-271.983564	16.146023	1.657916	118.854322	-17.432410	-0.798512	-118.070096
1087	1753709345.484439	183.488652	422.618479	165.139332	112.610318	427.081496	-161.927581	155.286565	157.054603	223.168522	80.184899	190.478653	-182.556719	197.554976	2.430441	-261.542171	242.318928	-49.565937	322.234839	261.296004	-103.450075	351.442993	220.930308	-64.062409	-287.790447	298.602223	-107.171267	339.647114	258.700103	-66.037677	-272.134304	16.142117	1.658565	118.843243	-17.427862	-0.797986	-118.058391
1088	1753709345.522444	186.118394	422.630697	165.192738	115.627021	427.010596	-161.875397	158.281147	157.036841	223.158702	83.296448	190.103740	-182.271004	199.587896	2.123112	-261.531979	245.912641	-49.577262	322.350353	265.480608	-103.446819	351.571351	223.198593	-64.212002	-287.925005	303.116441	-107.174031	339.742988	260.869205	-66.217586	-272.293597	16.051503	1.659118	118.832581	-17.338526	-0.797355	-118.047170
1089	1753709345.553646	187.740982	422.589034	165.173098	117.544681	426.868469	-161.885649	159.659192	157.018468	223.130748	84.830910	189.841971	-182.182282	200.171471	1.664176	-261.544108	247.062579	-49.665678	322.378635	266.658515	-103.500545	351.587772	223.727614	-64.496629	-288.117558	304.293931	-107.259221	339.751035	261.391073	-66.597983	-272.540540	16.037032	1.664443	118.822344	-17.324351	-0.802114	-118.036509
1090	1753709345.589110	188.360810	422.649652	165.154859	118.468821	426.939100	-161.898941	160.016537	157.074764	223.134235	85.906081	189.996064	-181.985557	201.754332	2.123465	-261.469096	247.303158	-49.550332	322.395384	266.867876	-103.396147	351.589799	225.516483	-63.972138	-288.125008	304.522604	-107.068092	339.766383	263.114154	-66.027865	-272.550821	16.029969	1.664960	118.813090	-17.317049	-0.801266	-118.026942
1091	1753709345.623888	188.679188	422.649682	165.043965	118.439831	426.926374	-161.914110	159.998640	157.108024	223.115548	85.058481	189.995304	-181.882441	199.132830	1.905566	-261.438906	246.820912	-49.583893	322.410166	266.157925	-103.426449	351.611644	222.170442	-64.202338	-288.120508	303.754151	-107.152246	339.801133	259.881258	-66.387683	-272.558004	16.083416	1.680422	118.795186	-17.369315	-0.815448	-118.008554
1092	1753709345.659423	189.246848	422.699571	165.026426	119.959399	426.922798	-161.917374	161.499828	157.141894	223.068967	88.371299	189.975247	-181.767479	204.136670	1.939069	-261.413425	249.345928	-49.304254	322.372794	269.273996	-103.069618	351.535916	228.099987	-64.140305	-288.164198	306.799263	-106.682897	339.706630	265.550256	-66.316009	-272.587806	16.057394	1.685460	118.788995	-17.344482	-0.820005	-118.002735
1093	1753709345.688689	189.181060	422.698796	164.943993	119.930208	426.913202	-161.982939	160.979450	157.148093	222.960174	88.233277	189.968362	-181.736276	203.725472	1.730992	-261.490077	248.104274	-49.278591	322.363615	267.592907	-102.998793	351.541966	227.450475	-64.358763	-288.305283	305.041105	-106.626660	339.770615	264.970154	-66.622034	-272.759229	16.052816	1.705233	118.775934	-17.339522	-0.839686	-117.989831
1094	1753709345.729461	189.059332	422.740638	164.918348	119.904339	426.946491	-162.013590	160.953626	157.156020	222.948968	88.137172	190.067619	-181.804374	203.467265	1.712632	-261.815310	248.068646	-48.967946	322.275400	267.540365	-102.466501	351.517260	226.994559	-64.386159	-288.650841	304.892987	-106.028236	339.758366	264.648885	-66.688828	-273.102254	16.048003	1.735867	118.759677	-17.333759	-0.870534	-117.972851
1095	1753709345.761908	189.057618	422.783107	164.918825	120.369397	426.960081	-162.017569	160.685122	157.347172	223.067656	88.280708	190.137699	-181.784496	203.562364	1.695874	-261.729062	247.754693	-48.316445	322.412014	267.202228	-101.668604	351.589441	227.136508	-64.470723	-288.591057	304.678679	-105.005436	339.915961	264.751375	-66.788778	-272.932738	16.006285	1.750897	118.744366	-17.290452	-0.885478	-117.957838
1096	1753709345.796909	189.170167	422.900468	164.911911	121.104389	427.060992	-162.023798	160.663337	157.491788	223.073304	88.793971	190.414041	-181.723669	203.959912	1.909140	-261.517674	247.717366	-48.059348	322.415143	267.156571	-101.475000	351.570517	227.627292	-64.346991	-288.427025	304.625630	-104.715861	339.912713	265.208215	-66.658348	-272.678286	15.990848	1.758751	118.736096	-17.275389	-0.892969	-117.949575
1097	1753709345.830626	188.422233	423.051924	164.823309	119.942561	427.188426	-162.143946	159.307286	157.719970	223.031029	86.349279	190.862134	-181.905612	201.026052	2.018187	-261.776328	245.840415	-47.683951	322.108030	264.912277	-101.162277	351.359099	224.019170	-64.334847	-288.544834	302.285820	-104.376391	339.754254	261.856794	-66.652887	-272.802919	16.034497	1.798122	118.716553	-17.315805	-0.929784	-117.928863
1098	1753709345.864795	187.649339	423.110962	164.789706	119.260013	427.199900	-162.184611	158.169284	157.822460	222.982898	85.643403	190.932333	-182.005629	200.706631	2.017375	-261.946589	244.766667	-47.370471	321.939349	263.721436	-100.750238	351.181865	223.692313	-64.357020	-288.707286	301.103175	-103.966154	339.634329	261.533678	-66.682011	-272.959292	16.027767	1.809780	118.707664	-17.308205	-0.941565	-117.919825
1099	1753709345.895595	187.708840	423.119247	164.834857	119.308658	427.189529	-162.156701	158.218145	157.836750	223.028630	85.844852	190.884829	-182.026789	200.975984	1.900247	-262.121886	244.829610	-47.209695	321.978420	263.814628	-100.463338	351.187378	224.072218	-64.453982	-289.088994	301.214248	-103.625089	339.653403	261.844426	-66.790283	-273.275673	16.025467	1.807958	118.700847	-17.305721	-0.939601	-117.913157
1100	1753709345.929678	187.354520	423.774272	164.825171	118.761480	427.539378	-162.218511	157.704145	158.310965	223.025694	84.964730	191.310212	-182.069778	200.588942	2.492007	-262.183696	244.656011	-46.308242	321.792990	263.706595	-99.608175	350.937963	223.792836	-63.992612	-289.132357	301.145703	-102.522276	339.435309	261.585414	-66.223934	-273.325384	16.023178	1.839592	118.693285	-17.302951	-0.969101	-117.905341
1101	1753709345.961209	186.878875	423.786610	164.749935	118.554719	427.517414	-162.357524	157.429233	158.262208	222.908035	85.127264	191.152230	-182.272673	201.622590	2.595167	-262.511402	244.524255	-46.091482	321.778059	263.569295	-99.170133	350.876033	225.329295	-63.715592	-289.716989	301.082581	-101.834625	339.430839	262.735754	-65.673664	-273.814827	16.012872	1.826604	118.696295	-17.291879	-0.957173	-117.907628
1102	1753709345.997583	186.612830	423.907131	164.739057	118.546873	427.474290	-162.464187	157.262057	158.293784	222.657919	85.760772	190.980077	-182.592377	203.416228	2.609807	-263.316900	244.521111	-45.504935	321.465135	263.571262	-98.334663	350.371718	227.616221	-63.649781	-290.966690	301.171392	-100.749664	339.069009	264.785200	-65.488614	-275.003582	15.954496	1.811905	118.698314	-17.231641	-0.943589	-117.909029
1103	1753709346.028715	188.198179	423.881114	164.781168	121.057697	427.041918	-162.477940	158.792213	158.126339	222.588018	89.816183	190.264240	-182.692423	207.343057	2.461036	-264.249980	246.545553	-45.456786	321.465701	265.937686	-98.199189	350.328475	232.301801	-63.662186	-292.914212	303.917617	-100.507006	339.022607	269.101530	-65.491132	-276.965857	15.884290	1.763826	118.706755	-17.166281	-0.895702	-117.918961
1104	1753709346.068051	188.272789	423.677713	164.733842	121.123344	426.675767	-162.651166	159.366652	157.724887	222.344339	90.456836	189.866573	-183.502674	208.174869	2.148530	-265.790254	247.473940	-45.487482	321.537763	266.783744	-98.157078	350.513935	232.980564	-63.790038	-294.868857	304.871410	-100.480884	339.299679	269.813448	-65.587513	-278.868467	15.858542	1.764666	118.703663	-17.138384	-0.897143	-117.915601
1105	1753709346.101411	189.077154	423.421472	164.797887	121.666387	426.384687	-162.664816	160.106286	157.026663	222.324356	91.115847	189.472154	-183.761522	208.447352	1.797562	-266.648501	248.047069	-45.700520	321.755558	267.304987	-98.206833	350.864261	233.128980	-64.050414	-295.980841	305.675179	-100.532264	339.743286	269.967139	-65.802529	-279.905021	15.811581	1.735415	118.704408	-17.089330	-0.868649	-117.915876
1106	1753709346.132489	189.760670	423.256546	164.798975	122.189060	426.008731	-162.777498	162.275270	156.662807	222.172201	92.518754	188.608915	-184.290290	209.629163	1.270611	-268.368661	250.975937	-45.919310	321.857512	270.407021	-98.247640	350.951374	234.319076	-64.216770	-298.678279	309.100628	-100.603200	339.837164	271.083415	-65.913677	-282.703578	15.782226	1.661351	118.730202	-17.058929	-0.798651	-117.939919
1107	1753709346.169078	189.755276	423.153698	164.813221	122.065581	425.893724	-162.793055	162.349567	156.541988	222.158894	92.400514	188.482165	-184.724241	209.142312	1.027280	-269.360751	250.954509	-46.019185	321.948409	270.346165	-98.243050	351.062685	233.553752	-64.311787	-299.810976	309.024751	-100.617491	339.954555	270.381868	-66.003732	-283.847481	15.748164	1.635880	118.732661	-17.022097	-0.775459	-117.941365
1108	1753709346.199607	190.353423	422.675431	164.903581	122.166537	425.478846	-162.766799	163.252831	155.798078	222.142845	92.470810	187.843576	-184.774831	209.090754	0.681547	-269.807994	251.620054	-46.587236	322.327524	270.929545	-98.585673	351.556838	233.506829	-64.464584	-300.465614	309.675843	-101.026773	340.452820	270.318806	-66.126466	-284.531206	15.746817	1.607044	118.735611	-17.019270	-0.747586	-117.943436
1109	1753709346.239338	192.760438	422.479719	164.924443	124.222748	425.166607	-162.777781	166.555464	155.328929	221.981898	94.868846	187.384799	-184.835225	210.552245	0.477995	-270.299226	254.997581	-46.635889	322.620869	274.736404	-98.590717	352.023929	234.847710	-64.587809	-301.186681	313.440531	-101.030163	341.013342	271.659851	-66.270210	-285.362244	15.745346	1.553938	118.749648	-17.018167	-0.694422	-117.956944
1110	1753709346.268625	193.613470	422.445446	165.142849	124.988303	424.665034	-162.699848	167.089835	155.323938	221.969366	95.761605	186.701313	-184.870467	211.216524	-0.119149	-270.444155	255.821764	-46.722777	322.681725	275.751829	-98.638311	352.019340	235.763326	-64.951032	-301.527679	314.661652	-101.108849	340.972245	272.358805	-66.581994	-285.631299	15.647992	1.527183	118.758358	-16.922940	-0.668847	-117.966011
1111	1753709346.304864	196.564168	422.379732	165.154338	127.313644	423.929274	-162.704036	168.661714	155.260473	221.825019	96.681803	185.654998	-185.060591	211.174861	-1.340179	-271.788329	256.999075	-46.784937	322.728813	277.028978	-98.647624	352.026254	235.701934	-65.854251	-303.457260	316.142380	-101.135723	340.975463	272.314608	-67.603089	-287.843943	15.622173	1.511294	118.762270	-16.898507	-0.652653	-117.969967
1112	1753709346.340307	197.191015	422.365099	165.284246	127.422884	423.518360	-162.637040	168.697476	155.269533	221.809149	96.607961	184.903815	-185.076818	210.047349	-2.333659	-272.404760	257.056952	-46.648804	322.995752	277.117342	-98.412894	352.205336	234.368935	-66.843711	-304.282576	316.259146	-100.966267	341.080695	271.043271	-68.747617	-288.729161	15.667694	1.476383	118.764795	-16.946839	-0.616318	-117.973469
1113	1753709346.374940	197.946742	422.504753	165.350318	128.132328	423.167288	-162.653014	169.396251	155.490115	221.778184	96.955366	183.943957	-185.213983	210.162923	-3.583096	-273.024887	258.860052	-46.136972	323.024213	279.625624	-97.586326	352.206379	234.527141	-67.817762	-305.106461	318.812042	-100.185558	341.048926	271.209627	-69.802009	-289.572954	15.661938	1.470491	118.776076	-16.941465	-0.610217	-117.986232
1114	1753709346.404390	198.081061	422.477812	165.569827	128.213301	422.812015	-162.520364	169.356525	155.518904	221.811756	96.884295	183.522731	-185.210064	209.511325	-4.559434	-273.054928	258.707523	-46.135854	323.250264	279.439062	-97.569145	352.304935	233.754918	-68.927340	-305.118799	318.698198	-100.187883	341.119647	270.491928	-70.968434	-289.553970	15.657382	1.449203	118.782595	-16.937252	-0.589773	-117.993981
1115	1753709346.442204	198.393911	422.476292	165.628314	128.934458	422.767222	-162.509188	169.399664	155.720338	221.933722	97.222254	183.520973	-185.342938	209.548637	-4.790772	-273.054063	258.728027	-46.006951	323.656023	279.435843	-97.414456	352.579087	233.808428	-69.311120	-305.090696	318.709493	-100.062668	341.301829	270.545900	-71.400262	-289.444625	15.635215	1.439823	118.781060	-16.915672	-0.580608	-117.993265
1116	1753709346.472638	197.443336	422.307491	165.659532	127.053648	422.735810	-162.515521	167.745769	155.724317	221.958876	93.381114	183.566034	-185.617328	204.649597	-5.134388	-273.082852	256.241262	-46.028573	323.757082	276.153356	-97.414002	352.798820	227.650180	-69.915041	-304.984957	315.310329	-100.107320	341.577351	264.840931	-72.080649	-289.253712	15.661499	1.439906	118.779190	-16.937431	-0.581387	-117.989883
1117	1753709346.511378	196.785539	422.278851	165.662840	125.168562	422.704965	-162.521675	166.375875	155.799359	221.895635	89.743435	183.583781	-185.836598	199.800819	-5.685430	-273.082733	254.098177	-46.010833	323.776364	273.632050	-97.332299	352.855980	222.044066	-70.640422	-304.807693	312.594414	-100.101195	341.683745	259.425759	-72.886147	-289.027482	15.714053	1.448383	118.770644	-16.985599	-0.590814	-117.979288
1118	1753709346.543676	197.170869	422.288775	165.693760	125.953019	422.586828	-162.500650	166.686818	156.089991	221.937642	90.341456	183.579013	-185.887083	200.035959	-6.027986	-273.176193	254.133910	-45.829039	323.833585	273.639262	-97.052731	352.946609	222.401440	-71.016788	-304.819047	312.596440	-99.974006	341.750264	259.742618	-73.407091	-289.038658	15.694926	1.450284	118.766449	-16.966449	-0.593051	-117.975324
1119	1753709346.576767	197.157845	422.227859	165.799826	125.516281	422.426224	-162.405282	166.554853	156.147316	222.073808	89.265890	183.513269	-185.896248	198.086396	-6.360187	-273.210973	253.662616	-45.854580	323.890597	272.991091	-97.065479	353.025585	219.980061	-71.361728	-304.796308	311.820149	-100.077838	341.801137	257.422358	-73.853880	-289.013088	15.785474	1.448298	118.763082	-17.055413	-0.591052	-117.971249
1120	1753709346.612006	196.997806	422.271013	165.801778	125.340387	422.360957	-162.398070	165.700287	156.471074	222.025335	88.618055	183.493391	-185.902998	197.159961	-6.574994	-273.179173	252.596825	-45.494091	323.985189	271.860570	-96.587345	353.194237	219.015315	-71.646154	-304.599047	310.712844	-99.746712	342.070282	256.503791	-74.151851	-288.851470	15.788740	1.469214	118.756317	-17.058276	-0.612399	-117.963970
1121	1753709346.643192	196.848258	422.306299	165.827543	124.680594	422.351539	-162.397653	165.332302	156.714559	222.039387	87.296635	183.546767	-186.146423	195.501223	-6.809803	-273.235440	252.165377	-45.203324	324.090391	271.429360	-96.199155	353.328764	217.178226	-72.028361	-304.577738	310.291052	-99.431761	342.243016	254.789025	-74.563682	-288.801163	15.862096	1.466792	118.756749	-17.129669	-0.610255	-117.963642
1122	1753709346.681362	197.349012	422.204137	165.840268	124.942034	422.178537	-162.385225	165.786326	156.673700	222.053528	87.480247	183.261663	-186.142817	195.680171	-7.095875	-273.231685	252.604097	-45.273907	324.356169	271.941334	-96.290179	353.547037	217.442095	-72.335668	-304.556042	310.874492	-99.548742	342.377037	255.022019	-74.850239	-288.769871	15.918219	1.448347	118.759073	-17.187538	-0.591291	-117.965914
1123	1753709346.719846	197.296008	422.110021	165.785134	124.703333	422.158808	-162.426859	165.713727	156.623289	221.980691	86.894944	183.306664	-186.181635	195.002466	-7.242872	-273.237556	252.463818	-45.485433	324.281454	271.769553	-96.577182	353.542596	216.505691	-72.661772	-304.431140	310.623258	-99.930815	342.378914	254.230708	-75.280041	-288.681656	15.973568	1.454891	118.745260	-17.240345	-0.597028	-117.950507
1124	1753709346.750995	197.143331	421.859890	165.829569	124.345332	422.053158	-162.396789	165.710345	156.518295	222.000405	86.717740	183.166891	-186.194912	194.824502	-7.730037	-273.240060	252.466351	-45.590956	324.329734	271.767676	-96.640728	353.593022	216.385603	-73.154688	-304.409981	310.606539	-100.022718	342.416286	254.075736	-75.818181	-288.645416	16.000066	1.448340	118.743412	-17.265350	-0.591235	-117.947958
1125	1753709346.782229	197.217613	421.788394	165.879771	124.370992	421.948433	-162.339717	165.794522	156.515747	222.004399	86.742818	183.122575	-186.210394	194.808841	-8.140299	-273.302555	252.530992	-45.662247	324.385852	271.827310	-96.759304	353.746474	216.319636	-73.754340	-304.390550	310.666859	-100.206099	342.595190	254.060805	-76.505467	-288.624734	16.023640	1.443295	118.730336	-17.288540	-0.585768	-117.933549
1126	1753709346.819386	197.624505	421.759456	165.971801	124.952279	421.893448	-162.150130	166.568637	156.515032	222.098485	87.815441	183.067098	-186.054826	195.665583	-8.158529	-273.258805	253.380805	-45.651440	324.694455	272.887528	-96.742839	353.948087	217.515856	-73.753841	-304.372311	311.581254	-100.176238	342.765689	255.205542	-76.501057	-288.601905	16.062083	1.423819	118.727751	-17.330509	-0.566871	-117.931515
1127	1753709346.852229	197.643399	421.668947	165.984392	124.902658	421.758354	-162.138984	166.567594	156.502187	222.082183	87.743156	182.847783	-186.040431	195.582598	-8.460746	-273.266762	253.387570	-45.653291	324.733764	272.889346	-96.739508	353.970855	217.459962	-74.046865	-304.374427	311.595023	-100.172974	342.785448	255.140245	-76.795414	-288.607448	16.104722	1.404637	118.725494	-17.372856	-0.548219	-117.929019
1128	1753709346.886941	197.483465	421.656609	165.967241	124.631748	421.738833	-162.156552	166.569948	156.511113	222.076744	87.350488	182.855785	-186.277136	195.179328	-8.662341	-273.302525	253.473073	-45.655672	324.775010	272.990942	-96.718714	354.134619	216.815472	-74.245796	-304.327220	311.659664	-100.174263	343.018740	254.643232	-77.060685	-288.575888	16.111618	1.434687	118.708819	-17.378503	-0.579076	-117.909499
1129	1753709346.917174	197.409019	421.636492	165.971696	124.587707	421.597451	-162.136242	166.535318	156.501681	222.059891	87.330468	182.662621	-186.260745	195.131317	-8.834903	-273.308933	253.403217	-45.716010	324.740678	272.881955	-96.743822	354.070932	216.765955	-74.325740	-304.315776	311.491102	-100.216970	342.932314	254.572213	-77.115700	-288.567960	16.145753	1.439501	118.704446	-17.412668	-0.584467	-117.905028
1130	1753709346.954109	197.634071	421.675444	166.001454	125.773400	421.559095	-162.118375	167.919785	156.571656	222.051889	90.965547	182.588503	-186.263040	200.774416	-8.856238	-273.310095	256.165385	-45.567039	324.746579	276.354790	-96.609443	353.985488	223.710582	-74.341066	-304.343015	314.952999	-100.011207	342.779398	261.241198	-77.110969	-288.559228	16.135875	1.402958	118.719131	-17.404858	-0.550546	-117.920905
1131	1753709346.986889	197.628364	421.703905	166.022241	125.958398	421.363533	-162.110642	167.787328	156.713247	222.043186	91.308966	182.337806	-186.266184	201.187238	-8.962631	-273.312688	256.024241	-45.419410	324.739605	276.217282	-96.442126	353.843719	224.327266	-74.395820	-304.363757	314.855725	-99.787280	342.622459	261.701286	-77.125169	-288.563848	16.129857	1.387369	118.720517	-17.400738	-0.536321	-117.923066
1132	1753709347.020993	197.083697	421.876669	166.045874	125.803888	421.342313	-162.093148	166.782528	157.083169	222.107008	91.248915	182.339683	-186.253518	201.154590	-8.904024	-273.315161	255.007535	-45.197811	324.788898	275.038958	-96.210323	353.841305	224.305615	-74.319296	-304.380089	313.934237	-99.542566	342.623770	261.649579	-76.968022	-288.566649	16.112970	1.370928	118.721619	-17.384527	-0.521266	-117.924377
1133	1753709347.052316	197.526351	422.351122	166.068316	126.730204	421.363205	-162.079766	167.431325	157.433614	222.100988	92.708766	182.328716	-185.957700	203.188628	-8.675401	-273.190260	256.432593	-44.299196	324.859083	277.197212	-95.252514	353.906542	227.010548	-73.933601	-304.313362	315.873951	-98.511301	342.652291	264.271438	-76.619230	-288.531840	16.152766	1.351223	118.733808	-17.431255	-0.499265	-117.940500
1134	1753709347.087181	197.505414	422.367096	166.078314	126.700699	421.338558	-162.009582	167.340308	157.456875	222.090706	92.583030	182.305098	-185.819671	202.693850	-8.683151	-273.195416	256.071210	-44.191107	324.819684	276.641846	-95.102243	353.818476	226.207078	-73.930755	-304.318041	315.250486	-98.357111	342.573404	263.505399	-76.616049	-288.590312	16.159739	1.347819	118.728936	-17.438550	-0.495859	-117.936447
1135	1753709347.123567	196.403086	422.736555	165.981591	126.525342	421.392888	-162.131757	165.685430	157.883182	221.964926	92.492968	182.448581	-185.870871	202.627316	-8.401467	-273.489714	253.860354	-43.639004	324.789375	273.890078	-94.685778	353.784680	226.103008	-73.732026	-304.613948	312.434793	-97.978979	342.559904	263.406247	-76.445863	-289.019316	16.171874	1.346195	118.734688	-17.451830	-0.494169	-117.943771
1136	1753709347.157673	196.563661	422.863632	165.746689	126.802772	421.362191	-162.518382	165.823191	157.910839	221.929818	92.508659	182.441682	-185.942531	202.575326	-8.316465	-274.041235	254.050046	-43.624662	324.658424	274.138957	-94.677195	353.664637	226.013675	-73.577471	-305.145919	312.564194	-97.973019	342.380166	263.318658	-76.356880	-289.944023	16.205991	1.340637	118.753143	-17.489474	-0.486579	-117.964275
1137	1753709347.190380	195.607603	423.564553	165.295824	126.034990	421.655267	-163.075060	163.967729	158.236399	221.785709	90.585373	183.006167	-186.174050	200.600192	-8.049218	-274.270117	251.355976	-43.403570	324.292570	271.018475	-94.428226	353.473216	223.537967	-73.366493	-305.178851	308.967680	-97.804978	342.263818	261.056215	-76.255396	-290.110171	16.226033	1.371061	118.754938	-17.510476	-0.514218	-117.966786
1138	1753709347.225126	195.658803	423.511147	165.156215	126.104429	421.599507	-163.178563	164.046362	158.125445	221.785262	90.549685	182.975233	-186.207891	199.973300	-8.177992	-274.598062	251.357675	-43.542966	324.274451	270.973712	-94.468780	353.466004	222.667396	-73.418386	-305.532277	308.860779	-97.914770	342.250913	260.290146	-76.438494	-290.687978	16.271947	1.366197	118.752569	-17.556483	-0.508982	-117.965356
1139	1753709347.263062	195.664063	423.334688	164.351672	125.982255	421.590775	-163.877159	164.068982	157.686591	221.526638	89.976221	182.971388	-186.865032	198.276654	-8.409783	-275.511354	251.160085	-44.131573	324.113458	270.578176	-94.856612	353.380144	220.555097	-73.616549	-306.427062	308.251888	-98.464392	342.151016	258.356214	-76.854661	-291.722983	16.476411	1.362693	118.749492	-17.760307	-0.505107	-117.962815
1140	1753709347.295172	195.348024	423.139989	164.011955	125.089437	421.590865	-164.057374	164.085165	157.426611	221.518174	89.341052	182.942107	-187.019229	197.220460	-8.643022	-275.999278	251.011461	-44.480648	324.128270	270.252705	-95.065117	353.387386	219.427526	-73.767833	-307.183683	307.776868	-98.794110	342.143863	257.272273	-77.184752	-292.453349	16.682124	1.314507	118.747480	-17.966161	-0.457622	-117.961369
1141	1753709347.331622	194.946781	422.973961	163.762882	124.571383	421.560258	-164.415687	163.882270	157.262757	221.470147	88.516138	182.826206	-187.399760	195.440978	-9.486184	-276.609212	250.519544	-44.619948	324.076355	269.542813	-95.118739	353.353411	217.378691	-74.558325	-307.826966	306.853771	-98.923065	342.051893	255.349725	-78.373723	-293.161750	16.744124	1.311135	118.742645	-18.027455	-0.453977	-117.957592
1142	1753709347.361217	194.888726	422.306508	163.339466	124.447912	421.390086	-164.774463	163.974434	156.693533	221.447796	88.281192	182.501301	-187.560141	194.421768	-11.077533	-276.876599	250.460029	-45.449816	324.045151	269.346952	-95.668264	353.348166	216.074705	-75.961746	-308.164448	306.469768	-99.782258	342.005581	254.144549	-80.453396	-293.571383	16.758354	1.321021	118.734844	-18.041695	-0.464223	-117.950365
1143	1753709347.397955	194.936901	422.162563	163.158551	124.449439	421.142697	-165.113792	164.231837	156.642392	221.387580	88.232517	181.940183	-187.940627	194.332823	-12.782029	-277.397156	250.703484	-45.927715	323.847741	269.644469	-96.109129	353.073061	216.016009	-77.516235	-308.922619	306.744844	-100.346856	341.552019	254.096866	-82.185268	-294.336736	16.744433	1.328405	118.736506	-18.027902	-0.471960	-117.952317
1144	1753709347.429063	196.503818	422.155887	162.904426	125.362709	420.718431	-165.311664	166.463926	156.671777	221.377194	88.511080	180.889472	-187.951416	194.380462	-13.947556	-277.611464	253.873557	-46.248369	323.754787	273.728460	-96.577995	352.770805	216.169104	-78.446627	-309.450269	310.862660	-100.997776	340.828478	254.260540	-83.273888	-295.051455	16.770514	1.329907	118.738756	-18.056806	-0.472760	-117.956311
1145	1753709347.467083	196.515515	422.149211	162.435845	125.167310	420.638382	-165.510505	166.557148	156.719789	221.331254	87.512679	180.757746	-187.999889	192.091838	-14.724504	-277.754575	253.848404	-46.808135	323.398352	273.688465	-97.429425	352.386206	213.545486	-79.308219	-309.567034	310.716540	-102.258787	340.103179	251.781344	-84.374495	-295.243621	16.798582	1.357415	118.723936	-18.085010	-0.498886	-117.943056
1146	1753709347.499654	196.685508	422.020704	162.403420	125.300750	420.230508	-165.485501	167.169347	156.805962	221.465036	87.622054	180.240735	-188.002318	192.186400	-15.976777	-277.770340	254.586041	-47.199931	323.335797	274.499595	-97.957663	351.977587	213.750646	-80.613464	-309.665650	311.678767	-102.884285	339.470237	251.942068	-85.683860	-295.308322	16.721580	1.352437	118.709147	-18.007811	-0.495150	-117.928937
1147	1753709347.535342	196.884707	422.044575	162.322536	125.883698	420.066029	-165.512785	167.352438	157.274961	221.519068	87.940484	179.946125	-187.982053	192.416504	-16.667612	-277.779818	254.860222	-47.243781	323.294282	274.849564	-98.114580	351.685733	214.201450	-81.374682	-309.738874	312.029511	-103.078708	339.043826	252.385378	-86.551942	-295.399457	16.708678	1.374110	118.692651	-17.997595	-0.517157	-117.915824
1148	1753709347.567155	197.269142	421.992242	162.312195	126.603067	420.021474	-165.511116	167.795777	157.653749	221.617445	88.390730	179.916501	-187.984914	192.857698	-17.115554	-277.717471	255.751997	-47.297329	323.326975	275.967687	-98.340787	351.655245	214.736596	-82.128190	-309.704363	313.489258	-103.325948	339.014381	252.944648	-87.245815	-295.308739	16.535161	1.371591	118.664980	-17.823754	-0.515047	-117.889017
1149	1753709347.601501	197.157070	422.153771	162.306949	126.880229	420.021981	-165.553734	167.865574	158.266872	221.692041	89.224502	179.908320	-188.133687	194.421574	-17.223990	-277.734369	256.661415	-47.120452	323.341310	277.325630	-98.224223	351.610184	216.938332	-82.311936	-309.770226	314.891577	-103.156529	338.924199	255.146980	-87.373242	-295.311600	16.467869	1.382803	118.663102	-17.758921	-0.527738	-117.889196
1150	1753709347.634950	195.199892	422.408640	162.321046	124.778196	420.207679	-165.526584	166.462049	159.528285	221.826836	87.142862	180.201292	-188.082874	193.390846	-17.030448	-276.946127	255.796134	-46.605196	323.329777	276.473105	-97.856566	351.454794	215.972245	-82.186922	-308.790773	313.861966	-102.789938	338.792682	254.203469	-87.210491	-294.122219	16.479988	1.418940	118.653171	-17.771734	-0.566620	-117.880531
1151	1753709347.672227	194.426566	422.655731	162.231043	124.070659	420.364141	-165.577233	166.278675	160.050780	221.798301	86.591281	180.246934	-187.985450	193.372339	-16.811179	-276.386976	255.972594	-45.868862	323.108077	276.881993	-97.058840	350.959212	215.988487	-81.961960	-308.168352	314.188361	-101.814345	338.265568	254.216969	-86.856999	-293.480486	16.491974	1.435354	118.649580	-17.783888	-0.584428	-117.877960
1152	1753709347.701136	194.458500	422.737032	162.272081	123.987198	420.522869	-165.407121	166.418582	160.415024	221.836835	86.288571	180.377185	-187.056541	193.222463	-16.519444	-274.302870	256.547272	-45.472600	322.959244	277.719468	-96.779943	350.533217	215.882003	-81.728920	-305.845439	314.870328	-101.460248	337.791175	254.145086	-86.605258	-291.167706	16.511137	1.472835	118.641153	-17.804967	-0.621946	-117.871009
1153	1753709347.737467	194.524169	422.815412	162.416205	123.959191	420.572013	-165.210605	166.622087	160.526901	221.857637	86.184636	180.397421	-186.575159	193.259060	-16.375575	-273.381501	257.520974	-45.354761	322.661668	279.131055	-96.652254	349.948108	215.984762	-81.565499	-304.843456	316.372335	-101.241611	337.215573	254.277557	-86.303994	-290.128291	16.548596	1.482476	118.636496	-17.843366	-0.632230	-117.867351
1154	1753709347.773657	194.347993	423.310399	162.480757	123.232208	421.035260	-165.059105	166.398630	161.274046	221.873760	84.847830	180.821225	-186.046869	192.701355	-15.694050	-272.150099	257.521003	-44.245366	322.188437	279.176921	-95.630974	349.129081	215.550631	-81.036486	-303.276032	316.423744	-100.011192	336.445719	253.917903	-85.653752	-288.597733	16.562035	1.497192	118.629888	-17.857468	-0.646568	-117.861599
1155	1753709347.804984	193.539023	423.665553	162.477419	122.035526	421.321988	-165.028468	165.845737	161.640167	221.871749	83.530985	181.051299	-185.928494	192.190573	-15.285907	-271.661550	257.386476	-43.451868	321.319044	279.104590	-94.665140	347.759992	215.206116	-80.615118	-302.671373	316.341788	-98.742276	335.157484	253.572911	-85.081376	-287.966669	16.571848	1.511028	118.623890	-17.866876	-0.661408	-117.855690
1156	1753709347.840156	193.615064	423.916191	162.556753	122.038774	421.415865	-164.929345	165.887341	161.891311	221.948117	83.471246	181.135893	-185.680449	192.191198	-14.916624	-271.386147	257.551849	-42.871382	320.792973	279.368758	-93.900926	346.879810	215.227693	-80.132373	-302.423805	316.613227	-97.757094	334.209025	253.583580	-84.431328	-287.762314	16.579693	1.509080	118.622832	-17.875064	-0.659946	-117.855333
1157	1753709347.874556	193.637669	424.328566	162.555888	122.037299	421.751887	-164.938971	165.987581	162.068084	221.983612	83.445512	181.360766	-185.430884	192.324236	-14.289155	-270.763338	258.230478	-42.646933	320.346117	280.388832	-93.631133	346.217752	215.525031	-79.447322	-301.701635	317.669451	-97.418398	333.410531	253.865033	-83.579443	-287.035435	16.581371	1.510695	118.632592	-17.877107	-0.661599	-117.866635
1158	1753709347.910069	193.703890	424.550831	162.552714	122.039549	421.867460	-164.944038	166.200206	162.349567	222.012460	83.432965	181.469306	-185.409069	192.371294	-13.903953	-270.727426	258.795172	-42.025503	319.902122	281.154811	-92.921436	345.566362	215.653196	-78.975558	-301.684231	318.371207	-96.559159	332.593411	253.976166	-83.009876	-287.035048	16.588066	1.513575	118.632481	-17.884627	-0.664615	-117.867351
1159	1753709347.940304	193.724260	424.888194	162.568092	122.066982	422.031552	-164.925665	166.780889	162.530214	222.226024	83.886772	181.571811	-185.130551	193.790823	-12.809556	-270.470113	259.988904	-41.889247	319.468290	282.640159	-92.794903	344.861627	217.596963	-77.496983	-301.487774	319.660217	-96.371099	331.533849	255.744159	-81.203222	-286.828667	16.590895	1.516570	118.636735	-17.888023	-0.667870	-117.873110
1160	1753709347.977526	193.725616	424.905837	162.554249	121.566400	422.244281	-164.891809	166.801244	162.542313	222.235903	82.920909	181.981012	-184.997201	192.534208	-12.066655	-269.986778	259.973049	-41.968741	318.979591	282.605559	-92.958920	344.186515	216.150329	-76.739721	-300.803930	319.610208	-96.515924	330.854952	254.265577	-80.334909	-286.199242	16.627783	1.503715	118.635476	-17.923869	-0.655232	-117.871530
1161	1753709348.009075	193.732843	424.952358	162.635773	121.301778	422.502577	-164.757192	166.794196	162.555501	222.372457	82.481571	182.262540	-184.502497	192.278802	-11.488996	-269.073814	259.907275	-41.976783	318.802297	282.517463	-92.974208	343.915910	215.902910	-76.148212	-299.701214	319.507211	-96.521273	330.604792	254.024625	-79.664573	-285.123438	16.664313	1.492036	118.636295	-17.961444	-0.643323	-117.872857
1162	1753709348.045362	193.566099	424.975872	162.599564	120.125189	422.828704	-164.748296	166.464254	162.529528	222.362176	80.869503	182.908535	-184.244439	191.803873	-9.843411	-268.432647	259.616703	-41.992877	318.245530	282.211274	-93.066506	343.188494	215.550438	-74.768923	-298.821479	319.252163	-96.544199	329.993814	253.656358	-78.025825	-284.253180	16.754700	1.491989	118.627153	-18.049343	-0.643083	-117.862284
1163	1753709348.079840	193.751469	424.999088	162.590563	120.085567	422.853440	-164.707869	166.465372	162.511364	222.352386	80.661319	183.013141	-183.881521	191.364303	-9.168024	-268.097311	259.367198	-41.958716	317.825913	281.894892	-93.044944	342.642814	215.095922	-73.925316	-298.487455	318.854600	-96.469060	329.417139	253.068298	-77.069417	-284.037769	16.840963	1.491113	118.627347	-18.139480	-0.641511	-117.862917
1164	1753709348.112660	193.222240	425.237834	162.561432	118.853837	423.436701	-164.700300	165.564701	162.576780	222.341046	79.753637	183.941498	-183.780149	191.260934	-7.272569	-267.718583	258.263886	-41.916069	317.491740	280.700237	-93.039945	342.251688	215.062097	-72.207198	-297.963917	317.812502	-96.441157	329.081148	253.022015	-75.007416	-283.394337	16.915267	1.476456	118.625283	-18.213585	-0.626923	-117.860898
1165	1753709348.144297	193.118006	425.256699	162.495464	118.239477	423.750579	-164.717525	165.576994	162.433326	222.343802	79.290926	184.246778	-183.755875	190.976426	-6.824609	-267.419934	258.231342	-42.229485	317.431390	280.651331	-93.419887	342.226684	214.789838	-71.653284	-297.538191	317.686439	-96.793890	329.044104	252.760351	-74.444018	-282.916814	17.033201	1.475450	118.628278	-18.331449	-0.625839	-117.863566
1166	1753709348.182119	192.371279	425.271749	162.492603	115.687393	424.041569	-164.681524	165.122807	162.384123	222.368911	76.285392	184.724331	-183.739081	188.920230	-6.540888	-267.298102	257.609695	-42.382687	317.342639	279.846758	-93.627699	342.217505	212.323487	-71.495652	-297.164023	316.902310	-97.042866	329.045027	250.617385	-74.273497	-282.543153	17.133094	1.457482	118.604034	-18.423814	-0.607633	-117.835008
1167	1753709348.218901	191.485435	425.589353	162.512660	115.073502	424.659371	-164.684981	164.439887	162.621990	222.478345	75.983286	185.556203	-183.722302	188.975528	-5.632149	-267.017514	257.162184	-42.012278	317.202359	279.384404	-93.347296	342.116803	212.435871	-70.773579	-296.621174	316.473991	-96.649788	328.987628	250.756055	-73.506348	-281.977743	17.142165	1.450922	118.604131	-18.432183	-0.600794	-117.834389
1168	1753709348.251598	191.154838	425.643682	162.369952	113.757402	424.900830	-164.793670	163.525313	162.650466	222.409576	73.740155	185.910404	-183.706552	186.405674	-5.368808	-266.991585	255.387425	-42.006925	317.149162	277.118534	-93.355745	342.105120	209.490642	-70.554435	-296.540767	314.123362	-96.663877	329.002172	247.970611	-73.318541	-281.937897	17.348051	1.451890	118.594065	-18.636946	-0.601183	-117.823854
1169	1753709348.281909	190.915346	425.586462	162.373856	113.154031	424.917042	-164.765507	163.442880	162.529558	222.447187	73.488757	185.903579	-183.706954	186.294511	-5.465767	-267.047435	255.196214	-42.288337	317.127407	276.822895	-93.747146	342.115700	209.426239	-70.712544	-296.640038	313.854754	-97.093336	329.022348	247.876674	-73.525876	-282.002360	17.475357	1.406092	118.590906	-18.761665	-0.556370	-117.820010
1170	1753709348.319605	188.835084	425.565392	162.289396	111.457475	425.161451	-164.898962	162.023976	162.403092	222.444907	73.026873	186.306149	-184.072599	186.300099	-5.193900	-267.191023	253.209651	-42.307500	317.122340	274.125636	-93.751505	342.216492	209.463164	-70.542440	-296.757072	311.350554	-97.086854	329.271436	247.886613	-73.305540	-282.015920	17.546264	1.367005	118.590392	-18.826403	-0.520097	-117.818706
1171	1753709348.352823	188.027173	425.050378	162.220672	111.073449	425.181985	-165.076569	161.617786	161.292300	222.447664	72.960116	186.433703	-184.510976	186.194628	-5.220545	-268.019259	251.482189	-43.074604	317.488879	271.180868	-94.381958	343.941778	208.879426	-70.667423	-297.280014	308.206439	-97.911112	331.708342	247.325689	-73.587216	-282.583773	17.564725	1.379387	118.577383	-18.845128	-0.532139	-117.802277
1172	1753709348.383765	189.516395	424.013823	162.244618	112.562321	423.768908	-165.057749	163.729504	160.091951	222.723901	74.949220	183.755964	-184.519857	186.692446	-9.696777	-269.591361	253.027171	-45.067690	319.002688	272.474021	-95.960081	345.716447	209.210649	-74.451461	-300.340772	309.648216	-99.858329	333.458751	247.612149	-78.092881	-285.845727	17.587971	1.340551	118.574373	-18.868297	-0.495735	-117.798515
1173	1753709348.416467	190.564036	422.595263	162.280634	116.165996	421.206057	-165.050909	165.092081	158.529177	223.389149	79.109281	180.599317	-184.414729	186.698675	-14.317427	-271.103621	253.068835	-49.649112	321.213782	272.455305	-100.792453	348.021537	209.176645	-78.299776	-303.514779	309.442550	-106.044881	335.076898	247.498989	-83.297156	-289.202213	17.605413	1.321583	118.627451	-18.887332	-0.477383	-117.859505
1174	1753709348.455951	191.112533	420.180827	162.413672	117.023513	419.821292	-165.012583	165.978491	156.478569	224.013150	80.529474	178.727508	-184.413165	186.704755	-17.168762	-273.542047	253.022879	-55.251971	323.396981	271.865129	-107.149266	350.616038	209.000856	-81.205860	-307.499588	308.826745	-113.392718	337.251097	247.359678	-86.742766	-292.963952	17.660750	1.275270	118.634902	-18.948877	-0.434058	-117.866844
1175	1753709348.491268	194.071859	419.314623	162.415355	123.708472	418.596685	-165.326312	171.158671	154.735342	224.012747	91.297433	177.268878	-186.021045	192.613155	-18.415896	-281.572193	256.409645	-58.943734	324.008495	274.405569	-111.000478	351.442993	215.027541	-81.976175	-318.614066	311.598510	-117.561840	337.695479	252.811432	-87.473355	-303.389966	17.575921	1.161277	118.678302	-18.875197	-0.321694	-117.912315
1176	1753709348.522394	196.340099	417.848110	162.297979	130.796388	416.619867	-166.784942	173.287734	153.948531	224.004880	99.696055	174.390674	-187.953442	195.989162	-24.258895	-287.360579	257.078767	-59.524879	325.475305	274.585843	-111.905821	353.110403	217.789263	-88.392355	-325.850755	311.734557	-118.590437	339.102119	255.410492	-95.048115	-309.833050	17.560534	1.154389	118.775912	-18.864490	-0.315136	-118.017457
1177	1753709348.555932	197.531819	417.806387	161.810070	132.883772	415.422916	-169.328809	176.674798	153.949618	222.839773	102.775887	171.727955	-191.033512	196.230754	-25.561173	-297.753692	261.305541	-56.167144	326.731861	278.848857	-108.652361	355.918050	217.779785	-89.340456	-338.253230	314.491034	-115.900382	341.156363	255.535245	-96.601605	-322.191358	18.049408	1.332240	119.091816	-19.364327	-0.485718	-118.344523
1178	1753709348.593523	183.521658	417.838216	161.454469	116.299547	415.084958	-171.103492	159.275874	153.979883	221.651047	86.222671	170.633346	-197.500721	176.287144	-28.107960	-309.109479	241.445556	-55.710446	328.232348	259.566158	-108.174607	358.998984	196.854234	-91.909036	-351.348400	294.719428	-115.752570	344.328195	232.933491	-100.493342	-334.328949	18.274831	1.551044	119.796745	-19.617422	-0.697298	-119.064294
1179	1753709348.623082	166.837826	416.056752	161.061481	99.035643	411.808163	-175.949588	153.403267	153.927281	220.642298	83.882354	166.832387	-204.050198	177.315891	-27.656473	-310.541809	240.572780	-55.415649	328.433633	259.948701	-107.279874	363.658309	198.544994	-91.597535	-351.578593	293.632716	-115.336396	346.666813	234.101862	-100.061797	-332.726985	18.482374	3.229265	121.571682	-19.896414	-2.425322	-120.923787
1180	1753709348.656729	167.472109	416.584700	160.360083	100.018375	411.734700	-181.232303	153.049052	158.080846	220.693648	80.794588	167.475596	-219.718844	178.212330	-25.883364	-332.412750	242.265552	-49.411695	334.492683	264.387459	-100.648232	370.587051	199.420825	-88.341869	-374.413669	298.431724	-109.263167	354.904562	234.957829	-97.191676	-358.593702	18.502234	4.528291	122.111887	-19.914864	-3.767867	-121.453770
1181	1753709348.692826	168.855041	415.869594	159.088656	102.146909	410.026044	-183.407441	158.717498	158.712700	221.126512	83.790325	167.792618	-226.946965	187.663719	-25.043800	-347.391963	255.732238	-48.898008	340.428859	279.010177	-99.979684	376.451433	209.964007	-85.941315	-392.255902	313.681871	-109.000653	360.555828	247.260496	-95.698364	-378.098637	18.517185	5.041419	122.223713	-19.929580	-4.300977	-121.556163
1182	1753709348.724355	177.337125	414.682269	157.811508	117.038727	408.032507	-185.237393	165.442720	159.812868	223.220736	95.470197	167.903289	-237.685084	204.081327	-24.929553	-360.149533	265.631109	-45.461327	347.957939	288.922280	-96.006386	383.843988	225.814790	-85.676946	-403.798193	324.138969	-104.792014	368.893892	265.727103	-95.538162	-389.142305	18.206522	5.278378	122.183435	-19.584507	-4.536597	-121.500522
1183	1753709348.760082	175.849408	414.693624	157.514393	116.753072	406.686544	-186.255038	164.449051	164.472058	227.285713	95.066503	168.633103	-245.149553	203.152835	-23.757886	-369.331479	265.466243	-42.373087	353.485614	288.555503	-93.510345	388.642222	225.127950	-83.673663	-413.891584	323.601365	-102.522679	372.753888	264.774263	-94.052523	-399.187207	18.215600	5.943413	122.242175	-19.593546	-5.215773	-121.558800
1184	1753709348.793564	170.433983	414.752305	157.827944	115.898952	405.120760	-186.251089	164.810762	171.089634	232.614934	98.895945	170.010075	-249.305785	212.800041	-20.585546	-370.324671	279.204875	-35.562817	354.586452	304.875731	-88.224404	389.518559	238.400057	-80.338947	-413.867921	337.683201	-97.370744	372.104138	276.777267	-90.969712	-397.445858	18.344695	6.615911	122.630805	-19.734284	-5.907296	-121.973224
1185	1753709348.829580	154.954433	415.028572	160.002992	107.146986	405.208439	-185.992122	163.624913	177.968949	241.920784	100.382581	175.359040	-251.845688	226.560146	-7.505609	-371.311396	289.598078	-18.642491	364.169389	316.052467	-70.618220	401.066542	255.712390	-67.363217	-412.803888	347.572029	-77.967897	381.621063	292.994887	-76.896861	-394.911647	18.397791	7.133041	123.252235	-19.791130	-6.433306	-122.624308
1186	1753709348.863050	148.765594	414.858550	160.583124	97.763553	404.847533	-187.064633	162.952617	184.479401	246.387705	103.107363	180.891946	-260.469377	243.661046	3.910489	-380.028248	295.585722	-6.499939	368.847936	322.853863	-58.175310	405.957043	273.962945	-55.143509	-420.554966	355.239272	-64.262412	385.509402	310.485840	-62.669396	-401.497453	18.888095	7.425782	123.605169	-20.252014	-6.731462	-122.975104
1187	1753709348.898220	150.633261	415.528595	161.165312	99.625386	406.573325	-191.165507	176.383689	193.873391	258.543819	112.770952	191.331804	-272.198856	273.475707	14.268410	-386.183977	330.411285	1.210207	375.189334	360.708237	-54.667089	407.992065	303.568095	-47.873508	-424.197078	393.723667	-58.162175	386.817902	344.590575	-53.372659	-405.168980	19.245211	7.380753	123.808317	-20.528942	-6.682076	-123.142228
1188	1753709348.928322	150.427729	416.775435	164.278567	95.287323	408.724338	-192.829400	183.158770	203.738376	272.018284	111.783437	199.880153	-278.920174	280.655652	25.792733	-389.394611	362.167031	16.961973	378.554702	398.061752	-41.940179	408.458591	313.284516	-38.215958	-425.397605	429.091364	-41.830767	385.577977	355.001003	-41.392334	-405.570120	20.015454	7.377901	124.570064	-21.231929	-6.678181	-123.883769
1189	1753709348.964924	152.227998	416.401416	165.462703	97.931400	408.769757	-193.688571	205.593288	204.653710	276.908517	129.256830	201.459035	-280.800313	313.850164	30.068206	-387.608767	399.192274	21.082049	380.505443	437.789500	-38.494717	408.996642	350.356579	-34.417413	-422.865599	468.590796	-36.891624	384.870738	391.803652	-36.206581	-402.599573	20.722847	7.319542	124.816172	-21.867454	-6.616735	-124.116309
1190	1753709349.006657	185.540929	407.653540	166.642174	136.119410	405.778795	-194.031566	243.124321	201.950520	281.082332	178.953022	200.774863	-280.952185	366.780132	30.580025	-384.949893	436.010122	16.703891	380.978823	474.172026	-42.653438	408.718556	406.916499	-34.548014	-420.359194	506.381691	-41.388247	384.111613	445.772320	-36.706999	-400.562227	21.074455	6.869979	124.818482	-22.184346	-6.150166	-124.116272
1191	1753709349.034642	240.344808	394.461632	166.601986	192.771837	395.801485	-193.841353	320.868522	200.189888	280.521393	270.424008	200.379163	-279.865205	489.266068	29.302124	-383.034855	539.240777	15.356908	379.845023	585.380614	-44.090312	408.030421	539.266527	-36.556087	-419.865876	616.148531	-42.760342	381.731898	575.552225	-39.818000	-395.801276	21.136321	6.132459	124.400005	-22.231000	-5.432884	-123.694748
1192	1753709349.070122	263.625622	379.349411	166.239768	213.550881	383.554518	-193.750247	361.587763	193.719164	280.431479	310.918063	196.324006	-279.264838	536.322057	27.613912	-378.238499	583.655059	14.567201	381.476790	631.006241	-44.404011	409.892023	589.110613	-36.959283	-410.861790	661.621928	-44.735752	381.763905	625.230432	-41.596223	-378.890544	22.027744	6.163615	124.475129	-23.211859	-5.475426	-123.791218
1193	1753709349.103665	263.556004	358.735442	163.788661	213.099539	369.221419	-193.937212	377.412885	179.951370	278.686672	324.300587	185.143754	-282.905817	552.787066	20.657131	-375.735134	611.643434	11.476141	381.580144	660.159826	-44.932775	410.514534	606.256664	-45.835644	-403.673589	688.846707	-46.452891	381.528676	642.635822	-51.478449	-367.023528	22.008250	6.290719	124.952957	-23.210241	-5.620230	-124.331914
1194	1753709349.136480	256.155461	348.177016	161.522165	215.752274	366.831362	-193.852946	370.627731	162.416443	278.720468	331.396610	175.050750	-282.375813	547.792971	19.305643	-363.064349	595.673442	4.996076	381.552070	639.278710	-45.745641	410.562187	597.681284	-46.802986	-387.266010	667.986333	-47.927283	381.927341	635.165036	-52.229717	-349.882215	19.630311	6.266756	125.202507	-20.958740	-5.606380	-124.649011
1195	1753709349.169589	255.784452	330.645949	161.528364	216.905266	356.094837	-194.037035	361.713499	138.329968	280.360669	324.290991	158.738747	-282.038808	528.973997	-1.419531	-362.452000	566.039026	-31.250782	377.895981	604.706764	-80.720395	406.135708	573.965132	-65.480351	-388.065130	632.444382	-77.342018	376.772732	611.414433	-72.446875	-352.717847	18.383218	5.679597	125.482157	-19.731980	-5.031493	-124.960929
1196	1753709349.205850	306.009889	328.810662	158.827081	265.782446	346.115112	-194.712088	385.745674	138.055444	279.553086	343.952805	150.681570	-281.331360	525.991559	-32.213535	-372.536868	573.201358	-49.823407	376.405805	608.971238	-107.795700	403.283566	567.387581	-100.391030	-411.883444	639.252961	-106.996737	374.370664	605.769575	-112.334237	-383.774102	18.785499	2.982347	123.972379	-20.151997	-2.282849	-123.423345
1197	1753709349.237861	328.439057	330.704987	154.910743	279.954314	343.497455	-195.473060	361.414522	130.904585	277.184159	316.047668	144.635051	-283.028185	475.161582	-55.326443	-391.721189	483.607739	-80.238946	375.746697	500.476241	-141.167536	402.399212	497.713059	-121.233389	-438.746482	532.775640	-144.856036	373.836279	540.829539	-133.167416	-415.719151	18.844573	2.226045	121.325985	-20.223832	-1.450115	-120.623365
1198	1753709349.276014	339.282960	325.248837	155.049413	280.762047	342.252702	-195.541546	361.482024	124.132618	277.334869	303.702325	142.295569	-285.856843	424.965650	-65.924078	-404.544324	469.878823	-98.256789	387.011200	484.489322	-160.595134	417.204708	441.925764	-132.361352	-454.122186	519.313514	-168.034732	391.787499	486.748904	-143.846542	-430.912673	19.052377	0.699809	121.088512	-20.440109	0.129685	-120.321788
1199	1753709349.309860	341.907829	322.899431	156.290889	281.510711	339.634836	-195.614189	368.036777	115.278453	280.039996	301.136732	135.721207	-290.595889	412.809849	-83.188348	-419.727683	470.046490	-115.060650	401.556522	487.014264	-175.843105	437.997460	430.735886	-150.420472	-469.984859	521.832824	-187.121600	410.835832	475.413978	-164.234579	-445.370108	18.821569	-0.456086	120.853618	-20.231120	1.318449	-120.038815
1200	1753709349.344141	342.459679	316.815972	156.714782	270.564914	337.620020	-195.757687	375.424743	106.696278	283.681750	299.338579	133.749247	-291.910887	397.709042	-83.903648	-425.008893	471.980184	-121.913075	400.678754	492.249042	-180.714741	436.580092	418.694675	-149.381831	-477.145553	526.020765	-191.721678	407.755911	462.628841	-165.772095	-452.191204	19.118475	-1.320444	120.627671	-20.539865	2.192997	-119.759634
1201	1753709349.374060	345.651448	318.230897	158.980429	283.803910	337.589145	-195.745692	381.629467	106.589168	286.913842	313.497275	135.013193	-297.095627	403.463691	-84.350787	-427.809596	472.566515	-123.218328	399.210781	495.207310	-182.448998	434.116751	423.167408	-149.319977	-478.027701	527.955651	-191.454723	405.272275	467.033803	-165.432200	-449.634820	19.089248	-1.504236	120.166078	-20.505592	2.365005	-119.286977
1202	1753709349.408509	342.945337	319.286555	159.026697	284.986138	336.807370	-195.871532	380.412072	110.107385	286.416858	321.023673	134.388089	-301.221043	404.644698	-88.821843	-432.506084	473.374158	-117.671899	399.158418	494.731188	-175.888017	434.727103	428.299725	-156.473294	-482.769728	527.677298	-187.192395	405.580282	472.526431	-172.506422	-452.505022	18.467879	-1.772750	119.684026	-19.924026	2.624143	-118.822813
1203	1753709349.441679	346.911728	315.268278	161.472604	290.426224	336.002737	-195.563033	387.663484	104.497030	286.853880	333.837390	134.487182	-300.771058	421.923578	-84.190324	-429.305941	477.129906	-124.257512	406.123906	495.495170	-180.665880	446.274489	444.236636	-150.362775	-479.020834	529.280305	-193.613321	418.751448	485.230774	-165.479794	-448.610604	17.881161	-2.275507	119.579911	-19.374290	3.101340	-118.727587
1204	1753709349.477654	351.719469	301.317006	163.935885	287.331253	335.028380	-195.062578	395.634323	88.113800	295.263112	327.107489	135.467380	-299.992591	422.396392	-80.208570	-426.701993	482.705891	-143.784598	416.446775	501.385629	-196.765229	456.667870	445.757359	-148.360729	-474.958122	535.034120	-208.690673	429.909348	486.620516	-163.357109	-445.856512	17.547479	-3.969214	119.585574	-19.053278	4.765155	-118.729584
1205	1753709349.509283	351.855367	299.904406	168.991819	299.655437	333.469957	-193.170443	401.465595	84.079877	303.845644	351.377517	133.547962	-299.434394	443.214446	-78.657813	-425.140291	488.909364	-152.295470	419.450402	506.193399	-206.035480	459.328294	467.617065	-145.634100	-472.395718	538.225949	-217.846796	430.623293	504.533887	-159.987256	-445.276141	15.862580	-4.072968	120.114267	-17.372170	4.854579	-119.243287
1206	1753709349.548911	354.334444	295.932055	169.283301	297.821373	333.619952	-192.395613	406.942576	75.504094	303.823113	346.435368	133.890137	-299.184412	443.097293	-74.173316	-424.267292	495.696604	-163.842797	418.747276	514.689863	-217.230648	458.435804	468.796045	-133.397937	-471.104711	545.507073	-229.574680	430.073470	505.794346	-147.528708	-442.861438	15.733570	-4.219743	120.313995	-17.255604	4.990384	-119.429812
1207	1753709349.581767	366.421372	284.527361	170.311987	307.422668	328.510940	-191.928446	421.282113	63.953087	306.715727	352.767229	130.621418	-292.831749	444.041044	-73.475882	-416.703284	509.274185	-180.806056	418.726474	529.669702	-234.293848	457.533360	469.563067	-132.346407	-467.131823	560.563207	-245.478094	428.304046	507.013738	-146.466747	-436.579257	14.970094	-4.592923	120.738886	-16.514907	5.352421	-119.804524
1208	1753709349.613582	370.959401	276.593000	171.910957	306.953430	326.905727	-191.505849	427.224606	55.568222	307.324767	351.448804	130.995005	-288.164556	443.666160	-72.633810	-410.240233	515.853167	-198.198155	417.481154	537.697077	-254.201770	454.132497	469.426900	-128.277764	-462.916493	568.558931	-264.166266	422.418594	507.247150	-141.527086	-430.650890	14.954615	-5.863179	121.182419	-16.509781	6.619750	-120.187543
1209	1753709349.650912	379.782617	274.875939	172.190592	316.401094	325.650573	-190.967426	434.127063	54.100268	306.967556	360.178053	131.088182	-286.730349	448.547065	-72.379529	-406.580657	523.214102	-201.099589	409.792155	545.712709	-257.974625	444.109023	473.814577	-128.011942	-459.680825	576.166511	-267.529279	411.584675	513.198912	-141.256824	-426.502675	14.935357	-6.436869	121.394627	-16.490310	7.178118	-120.355889
1210	1753709349.683477	380.288094	270.996094	172.112286	323.979855	322.933584	-190.824270	432.684958	49.527682	304.811299	364.017099	126.949385	-285.047710	449.329406	-72.262786	-401.062727	525.405467	-197.842330	405.328512	548.282564	-252.866000	439.438164	473.878443	-126.844764	-452.628493	578.606427	-260.159403	406.881630	513.242185	-138.136148	-419.554085	14.358469	-6.681094	121.471718	-15.880801	7.408773	-120.414779
1211	1753709349.718362	378.578663	269.663244	173.263401	320.936441	323.459387	-189.690173	436.263651	44.739772	304.365873	360.240310	127.451465	-279.932350	445.439816	-70.274808	-392.301291	528.838098	-201.778755	403.446525	550.764322	-257.829100	438.596517	467.961520	-122.731254	-443.177849	581.722915	-266.069680	406.289101	507.649660	-132.615104	-409.042358	14.268103	-6.946339	121.596590	-15.771037	7.670376	-120.506421
1212	1753709349.755670	393.023282	266.777962	174.712062	322.354645	325.826079	-187.360153	460.167348	40.179390	303.988308	358.882159	131.475165	-278.388798	424.734920	-63.805327	-389.067680	549.232662	-198.587030	402.362794	574.399412	-253.026754	438.352644	442.872226	-112.635106	-440.996498	603.206456	-259.487867	405.201316	483.978122	-122.094318	-405.778438	14.540955	-7.127855	121.672392	-15.993174	7.833689	-120.570891
1213	1753709349.791164	392.810315	269.116074	176.298916	320.145577	338.063598	-186.379701	458.398312	44.490598	304.030955	348.164231	147.976279	-277.072757	415.373504	-50.246682	-386.770844	547.573864	-195.038646	402.415663	573.021829	-249.599427	438.701481	434.803247	-99.895455	-439.229548	602.165759	-255.648613	405.250251	476.505846	-110.323824	-403.442919	15.706256	-7.988549	121.932611	-17.077338	8.662283	-120.808460
1214	1753709349.822750	393.429875	270.304054	176.241592	317.716837	353.036344	-185.729980	461.630553	46.588622	303.675741	326.847523	164.679945	-276.265740	400.702029	-28.195001	-387.024224	548.423350	-193.233669	403.166324	573.774099	-247.495726	441.067994	418.488115	-79.014026	-439.114600	603.737295	-253.604591	406.788826	461.383164	-89.864224	-403.925717	16.065460	-8.956688	121.947370	-17.434020	9.633651	-120.823137
1215	1753709349.855049	409.811497	271.736413	176.341012	319.008410	356.314540	-184.304073	480.882466	45.162164	303.389400	325.809211	167.676017	-275.627196	400.726318	-28.539052	-382.983357	562.129498	-194.488004	402.731478	587.194860	-247.159332	440.714538	418.965489	-78.435928	-434.221148	616.512835	-252.788365	405.368298	461.063832	-89.245848	-397.447884	17.170710	-9.447671	121.956967	-18.533358	10.153958	-120.833702
1216	1753709349.885322	404.654205	274.501920	176.318377	307.765275	363.509357	-184.139907	474.364102	45.575712	303.191215	312.948793	174.142525	-276.609778	388.261288	-26.259368	-383.445442	557.230294	-196.457878	402.516633	582.120359	-250.455558	440.542817	405.007511	-78.349993	-434.882492	611.779869	-255.917042	405.122578	447.997272	-89.586318	-398.254573	18.783404	-10.228828	121.972099	-20.137204	10.942434	-120.848723
1217	1753709349.924829	403.638870	280.214787	177.212030	301.608831	370.269299	-182.206824	478.828043	46.286307	303.300470	305.147946	179.692686	-276.314765	376.467407	-24.103105	-383.110017	557.506204	-196.165040	399.336636	580.761313	-251.413733	434.814602	389.628261	-77.031791	-435.219973	610.412955	-256.067127	398.164570	430.362552	-88.967822	-398.338050	21.026412	-10.949451	121.986285	-22.344286	11.680367	-120.862074
1218	1753709349.955019	402.249694	285.147190	177.300438	294.119954	372.765750	-182.193920	474.384099	47.093056	303.236604	304.077715	180.960014	-276.385605	374.760568	-23.265468	-383.452773	555.755734	-195.352674	395.122826	579.117179	-250.465006	428.599745	388.293564	-77.722117	-435.552239	609.391332	-255.320877	391.441345	429.024637	-89.827999	-398.496926	21.868080	-11.620004	122.005448	-23.195405	12.363375	-120.877899
1219	1753709349.990843	405.965567	284.552425	177.188650	293.665469	372.230232	-182.033971	478.216976	46.940114	302.778661	292.024255	182.287648	-274.322778	348.359257	-18.969346	-381.389648	557.745278	-195.321754	388.717532	580.654800	-250.912964	420.194119	357.004791	-73.339477	-432.872176	610.048115	-255.167544	381.133795	396.600902	-85.319452	-396.191478	22.421418	-12.659345	121.998817	-23.754928	13.458821	-120.861456
1220	1753709350.021993	405.271202	285.575598	176.957786	293.399781	372.002751	-182.136446	477.064103	47.180124	301.484555	295.641363	180.881351	-273.409098	358.867496	-18.239306	-379.033387	554.229081	-194.862634	384.274393	575.942576	-250.419945	415.987164	370.969445	-71.151704	-429.410070	604.367793	-254.893452	377.123505	411.073864	-82.689308	-392.763227	22.457523	-13.378081	121.945538	-23.799453	14.222402	-120.800458
1221	1753709350.057437	396.419466	294.999093	177.302510	287.391245	378.677726	-181.550741	462.626070	51.947612	298.715085	289.954692	184.336141	-269.609064	356.448799	-14.364542	-375.253737	539.374232	-189.567432	384.603500	559.387803	-243.114308	417.102307	368.422478	-68.267256	-423.901290	588.928223	-249.225840	377.926201	409.330398	-79.544477	-388.763696	22.183275	-13.759684	121.877261	-23.554869	14.626723	-120.742008
1222	1753709350.093180	400.576353	294.795275	177.262530	295.480251	377.140939	-181.716204	463.528723	52.204426	297.784239	294.011235	183.023646	-269.691765	363.584548	-15.791530	-374.714196	543.314517	-188.732043	385.495007	563.250303	-240.682349	420.454264	374.961317	-69.074616	-421.958238	593.245983	-247.525260	382.483810	416.092217	-80.463901	-386.933476	20.862581	-13.783903	121.721648	-22.237994	14.668232	-120.583087
1223	1753709350.127216	372.243255	307.845026	176.762030	273.749650	383.824587	-182.650179	431.701601	67.535624	295.430779	271.575272	193.342119	-268.985152	347.200960	-2.688862	-373.427272	517.091215	-177.534282	387.354046	536.816061	-228.297904	425.744772	362.061650	-56.849603	-419.158846	570.032001	-237.890154	392.736644	401.879251	-65.479882	-385.646462	19.986194	-13.730204	121.685348	-21.383293	14.606192	-120.555356
1224	1753709350.157139	371.977627	308.582336	176.759422	275.506556	383.589596	-183.148235	430.101424	70.605285	293.223828	273.363292	193.676546	-271.590292	355.270237	-4.234868	-373.758137	517.676771	-176.505223	385.068238	537.943602	-228.799552	423.085183	372.286946	-59.402868	-419.537008	569.813788	-238.078803	389.692843	413.457066	-70.211940	-384.845525	17.698795	-13.204699	121.720888	-19.099150	14.093908	-120.593302
1225	1753709350.199704	372.778773	310.891747	176.616833	279.977322	385.989934	-183.769673	431.212783	73.577888	291.603118	282.646954	196.777672	-272.331297	378.667682	-3.496759	-370.898128	518.702269	-167.709813	385.680795	538.633645	-217.932150	424.466252	398.875743	-58.023185	-413.282037	570.331395	-226.962388	393.308908	438.963413	-68.750404	-378.027797	16.738098	-13.185091	121.549495	-18.136859	14.081353	-120.435327
1226	1753709350.232842	373.154670	311.137468	173.419163	285.734504	385.809153	-189.532846	431.840926	73.841624	285.893083	294.104248	197.623968	-283.897638	389.953196	-4.340237	-372.061968	520.019948	-168.658555	385.896951	540.139377	-219.382480	425.249547	410.558373	-59.238750	-414.190292	571.633875	-227.504984	394.889742	451.266050	-70.289552	-378.496915	15.944120	-12.831564	121.546105	-17.299922	13.747036	-120.431595
1227	1753709350.263920	368.581444	315.658689	171.862319	286.227733	387.998134	-193.259060	426.677883	76.639317	283.225656	299.110174	200.584978	-285.911381	401.340812	-2.270388	-371.771216	519.666791	-165.616482	386.107177	540.005684	-217.611089	425.359398	424.531013	-58.113173	-413.279265	571.631849	-226.753786	395.226419	465.597302	-69.088541	-375.827730	14.028201	-12.288315	121.590480	-15.344314	13.223420	-120.476849
1228	1753709350.298452	363.112777	315.793633	168.757737	286.133200	387.481123	-195.588455	416.989058	77.249229	278.532445	296.480209	199.755996	-285.471767	393.772632	-3.466632	-370.107770	510.720730	-164.317071	381.753862	527.954996	-216.016278	420.658022	416.727602	-58.619771	-409.291655	561.747074	-226.326391	392.673045	455.665469	-70.025757	-373.192012	10.304599	-11.418995	121.593297	-11.611669	12.347590	-120.479390
1229	1753709350.330997	363.870174	318.980813	161.284834	289.065003	387.305111	-201.426223	417.973995	81.441216	268.720061	307.883084	196.864158	-289.207667	406.189948	-15.452121	-372.790188	511.102021	-154.874071	375.650615	528.835237	-208.862305	413.925380	430.221468	-75.448684	-411.865413	562.318385	-219.702616	387.714058	472.804666	-88.055760	-375.224739	10.029956	-9.896910	121.683232	-11.325094	10.813423	-120.562389
1230	1753709350.366123	364.447087	322.407216	159.616083	291.508406	389.415830	-204.070121	419.633567	82.086287	264.446944	315.313637	198.764279	-291.466624	417.838663	-10.161582	-372.835010	512.139261	-151.834458	375.813723	530.258119	-206.435591	414.625227	444.222748	-70.535883	-412.106395	563.308239	-216.839448	387.875944	486.967862	-81.356250	-374.711841	10.067721	-8.887328	121.684894	-11.349187	9.806777	-120.564513
1231	1753709350.398210	361.657113	324.301690	154.880002	286.993772	389.397383	-207.540199	418.177038	82.385793	256.944686	311.393052	198.467985	-295.612633	414.758891	-10.269953	-375.696272	509.492338	-149.269596	372.278124	527.521133	-203.999430	411.994010	442.774773	-70.793681	-414.639145	561.027825	-214.559019	386.142552	484.748185	-81.448197	-377.212822	10.571803	-8.417594	121.704228	-11.833371	9.331637	-120.580487
1232	1753709350.436000	366.914809	324.059218	152.180389	288.302392	390.149087	-207.743779	424.897999	83.561301	257.326245	310.985953	202.878967	-296.263814	412.359565	-2.621309	-377.205193	520.537376	-150.245488	367.918372	538.835227	-206.821010	406.645387	438.862413	-60.730163	-415.427476	569.930434	-218.154266	377.223819	480.346769	-71.127057	-378.905535	10.416682	-8.126171	121.580400	-11.669699	9.088934	-120.448045
1233	1753709350.464739	382.572949	323.192179	151.768416	292.921156	390.449643	-207.544595	439.206064	83.304413	258.665413	309.792399	207.586721	-301.081002	406.873196	0.578152	-381.942213	530.485153	-154.640704	367.277443	550.110698	-210.704252	405.436486	431.053638	-55.535842	-418.917596	580.041826	-221.007273	374.494046	473.239720	-65.648533	-383.172810	10.455468	-7.967374	121.504389	-11.710859	8.963058	-120.370187
1234	1753709350.504011	382.129461	324.724168	149.283528	294.169903	392.319322	-208.667770	440.155298	86.067796	251.351416	310.005009	210.357726	-301.185668	406.175762	5.289692	-381.509483	531.708777	-141.102806	358.422041	552.370608	-196.297109	396.591902	430.146486	-52.894805	-418.707669	581.949532	-203.936189	368.031949	472.999573	-63.538887	-382.290483	10.674738	-7.319126	121.494725	-11.919435	8.312971	-120.362595
1235	1753709350.537748	378.329784	327.387571	149.648711	294.073641	397.217959	-208.537832	438.146800	85.782707	250.359118	310.657203	211.605117	-300.494999	406.007916	6.832039	-380.467027	526.024580	-143.212199	359.828949	545.899391	-198.238939	397.929728	429.658920	-51.045138	-418.513536	576.554239	-206.311181	368.343085	472.939491	-61.960641	-382.191241	10.698814	-7.031035	121.454321	-11.943410	8.010748	-120.331652
1236	1753709350.569356	375.522584	330.818474	149.689943	292.481542	400.539100	-208.335236	434.271723	88.370763	249.101162	306.526095	216.656372	-300.132841	401.591301	13.271576	-380.412430	521.604776	-144.516140	357.316405	541.144371	-199.578419	395.291507	425.568283	-43.556739	-418.457866	571.878731	-207.703471	365.201563	469.243795	-54.431759	-382.195443	10.402755	-6.802303	121.233113	-11.634763	7.804221	-120.133705
1237	1753709350.602533	386.973530	322.931558	149.994969	300.365806	395.074964	-206.209585	438.618153	83.543487	248.763353	311.727375	214.394897	-294.514418	412.738830	12.510250	-376.032203	522.766232	-150.697634	351.636320	542.235255	-203.142196	387.693554	438.901573	-44.340201	-415.398568	572.785079	-210.897937	356.916547	481.839508	-54.807819	-381.562710	11.089741	-6.805691	120.884866	-12.305086	7.817162	-119.811743
1238	1753709350.640230	387.272716	322.839528	149.769932	303.082049	394.928753	-205.713704	439.691931	82.914770	245.686695	314.066470	214.278206	-292.727798	416.694075	16.311506	-370.874345	523.801625	-151.144043	351.072073	543.981552	-203.616917	388.488650	444.424182	-36.211770	-411.470324	574.969709	-211.383089	358.007401	487.083226	-45.840334	-378.543556	10.460726	-6.341910	120.202579	-11.648200	7.367597	-119.162455
1239	1753709350.673324	389.421642	322.785735	149.905086	307.460427	394.437939	-204.073042	443.149954	82.615420	245.302916	322.036594	213.118196	-290.392369	425.067008	15.424893	-370.118111	525.458157	-152.133778	348.917395	546.862423	-204.145610	385.242730	453.815341	-37.770912	-411.609560	577.583313	-211.605385	353.876084	497.121364	-47.393087	-378.586918	10.437244	-6.124145	119.984314	-11.621351	7.144944	-118.966043
1240	1753709350.705458	389.256269	322.319239	149.874911	309.012026	394.178331	-203.390077	444.232553	80.294326	245.144635	357.101083	212.721601	-283.376873	516.283691	21.255080	-358.691901	525.996089	-157.950982	346.802652	547.751784	-210.005924	382.923752	553.927243	-27.797438	-400.519222	578.915000	-217.342660	351.812094	595.333874	-36.597781	-367.441058	10.309999	-6.007828	119.684860	-11.475055	7.030090	-118.664540
1241	1753709350.745830	388.894141	322.448790	149.216086	308.594614	394.236684	-202.890739	444.040149	80.190264	245.462507	351.955265	212.482676	-282.007724	494.946927	25.217475	-357.936144	525.271416	-157.358751	347.547859	547.170460	-208.599523	383.943766	529.512227	-21.892956	-400.045365	578.506112	-215.780914	353.067994	570.958853	-30.029355	-366.986185	10.319130	-5.869235	119.270921	-11.482627	6.887530	-118.260100
1242	1753709350.774269	387.935877	321.835339	148.977518	305.785745	394.886494	-202.205092	441.861838	78.719176	245.255277	346.706033	214.311883	-280.507922	481.075466	29.751798	-357.477695	521.921098	-157.767728	347.900689	542.867661	-208.859041	384.304136	512.036622	-17.929135	-399.563402	574.719489	-216.183051	354.477108	555.000603	-26.226606	-366.742074	10.269636	-5.746202	118.972316	-11.430006	6.766250	-117.965542
1243	1753709350.813515	387.062609	320.383132	149.067625	306.650519	394.828796	-201.770857	438.616067	75.687118	245.334670	354.122818	214.243531	-279.609770	506.105661	30.257029	-354.308665	517.419040	-161.506966	348.189980	537.694871	-212.127045	384.842217	542.047620	-17.452916	-394.659042	570.346832	-220.011801	356.101662	582.938194	-25.521539	-361.591429	9.351245	-5.465529	118.845999	-10.497448	6.486658	-117.845297
1244	1753709350.841416	386.879981	318.165988	149.136186	306.513101	394.567966	-201.162368	437.848032	73.400073	245.228678	345.691830	214.200974	-279.846758	478.789717	29.068768	-354.834795	516.962528	-163.590416	348.613232	536.509275	-214.640543	386.235297	510.176301	-19.230735	-395.473301	569.279790	-223.442182	358.397365	549.166381	-27.586192	-362.298131	9.267549	-5.435778	118.684068	-10.411539	6.460295	-117.682897
1245	1753709350.878257	384.274542	317.225486	148.855448	303.358048	394.509286	-201.682419	435.237706	69.641843	244.186521	321.545660	214.082509	-282.799721	421.721607	28.015945	-359.970152	515.156448	-167.734265	349.835992	533.464193	-219.898865	389.208287	446.015477	-21.409836	-400.460303	566.390097	-229.582414	362.167805	485.563010	-29.170685	-367.403626	9.264656	-5.307390	118.632272	-10.409300	6.337774	-117.626704
1246	1753709350.912691	382.001430	316.208363	148.893371	301.869899	394.460171	-201.596901	433.290452	68.226166	244.287252	323.070496	214.214340	-281.723052	444.128692	29.654969	-359.253347	513.149202	-170.791984	350.301415	531.171441	-223.982409	390.162021	473.284096	-19.919116	-399.355888	564.250231	-233.624607	363.694817	512.411952	-27.339188	-366.209388	9.244538	-5.198373	118.612476	-10.386795	6.229341	-117.605574
1247	1753709350.948435	382.154346	314.767689	148.922160	301.913351	392.956883	-201.143667	432.534486	67.502491	242.975593	322.264969	213.845104	-280.134052	442.014158	29.313724	-359.116942	511.254609	-172.874272	350.608885	528.562486	-226.674050	390.276253	470.618248	-20.326298	-399.421185	561.639726	-237.201199	364.172727	510.286987	-27.960088	-366.324663	9.220534	-5.057321	118.593916	-10.364384	6.087657	-117.586449
1248	1753709350.978984	382.089764	314.773381	147.671804	302.304924	391.258717	-201.183110	432.146281	67.618623	238.463625	322.068632	212.382704	-280.040264	437.202334	26.004100	-358.970612	509.590983	-172.678888	348.832011	526.576817	-226.574033	388.911217	466.060400	-24.759030	-399.341881	559.872925	-237.366095	362.797976	506.356657	-32.762792	-366.411567	9.220771	-4.668371	118.559286	-10.367222	5.696151	-117.554918
1249	1753709351.018784	382.209420	314.787328	147.459090	303.365618	389.735132	-201.159447	432.154328	68.357259	238.262683	320.881724	211.727470	-279.523551	429.580569	23.201102	-358.371854	508.958936	-173.149407	347.521752	525.863230	-227.548420	386.838973	458.387285	-27.459575	-398.749113	558.988273	-238.933951	359.621316	499.158800	-35.577025	-366.209954	9.073678	-4.307682	118.541382	-10.225962	5.341677	-117.536701
1250	1753709351.048626	367.137372	318.226993	147.483975	293.565571	390.046686	-201.021120	418.620557	71.550094	238.157108	318.798304	211.617336	-275.231153	430.060029	23.382429	-354.881704	497.147501	-171.289161	348.592222	513.247073	-227.093548	389.423132	459.486872	-27.645137	-394.744694	547.242999	-238.625452	363.993943	500.330627	-35.820439	-361.917347	9.228343	-4.254686	118.601650	-10.394676	5.286375	-117.589712
1251	1753709351.082570	360.302031	319.597453	147.396207	281.958461	390.170991	-201.584041	412.924439	72.851539	238.017634	298.741102	210.940808	-275.037527	407.745630	23.070881	-355.172127	494.136095	-171.120211	348.867625	510.351598	-227.258548	389.895350	434.238315	-30.245952	-394.999415	544.514954	-239.605471	364.883691	476.022273	-38.433965	-362.338334	10.061198	-4.360750	118.901119	-11.299527	5.391569	-117.881201
1252	1753709351.116064	348.087102	325.778157	147.615030	271.509886	393.426836	-201.446936	403.616637	77.859141	238.411635	289.235294	212.543443	-274.488419	400.323600	26.371624	-354.529381	489.061028	-164.623946	349.324465	505.907655	-222.862110	390.176833	427.193969	-29.125337	-393.936425	540.003717	-235.775456	365.350038	468.284309	-36.767505	-360.751241	10.730186	-4.345891	118.952297	-11.997872	5.377165	-117.930882
1253	1753709351.152115	344.757974	326.745540	148.026079	266.078323	393.599480	-200.491399	398.699015	78.648247	238.499418	285.604298	212.666526	-272.739112	399.650156	26.961062	-352.601528	484.387964	-164.647818	349.873036	502.349317	-223.321974	390.797019	427.472055	-29.154576	-391.851991	536.150277	-236.850858	366.230160	468.989760	-36.782779	-358.077735	12.113577	-4.504147	119.009279	-13.434516	5.540843	-117.981955
1254	1753709351.180667	344.291121	328.252912	149.166107	262.865871	394.750178	-199.189708	399.219126	79.327717	240.497574	273.448735	213.212848	-271.678388	374.137372	28.731603	-352.694213	483.336866	-164.239556	350.611240	501.569450	-223.175943	391.067982	399.715602	-27.789863	-392.511040	534.990549	-236.639470	366.320640	441.717356	-34.976460	-359.081447	13.989399	-4.826652	119.011797	-15.342960	5.874769	-117.982306
1255	1753709351.217650	341.195375	329.025596	149.774075	259.370089	395.878464	-198.853835	397.333860	79.902701	241.033122	271.063298	214.544818	-271.199644	375.765920	32.002818	-352.793843	482.975453	-164.221585	352.983057	501.086414	-223.171592	393.808752	400.968999	-25.329899	-392.664820	534.938276	-236.822829	369.596332	442.198724	-32.367423	-359.301269	14.334431	-4.976509	119.029060	-15.708638	6.028430	-117.995851
1256	1753709351.249046	334.813178	330.378711	149.967819	260.638952	397.482336	-199.366376	391.539752	81.266195	241.870254	300.656945	214.816317	-270.049572	466.976255	39.076202	-347.388297	479.885995	-162.536487	349.775791	499.094397	-221.597731	387.441486	504.552841	-15.262252	-385.771960	532.541156	-233.825400	362.252712	544.773877	-21.012496	-352.051437	14.280596	-4.993692	119.086415	-15.653044	6.045432	-118.050143
1257	1753709351.288363	335.923314	331.211150	148.834944	261.842132	397.450715	-200.146124	392.757505	81.303418	240.128696	301.675558	209.425256	-268.439561	454.028934	35.112128	-347.725123	478.943974	-161.396563	343.069851	497.986138	-219.918981	379.442900	487.940043	-18.473651	-385.995328	530.907333	-231.891558	354.085267	528.482854	-25.372425	-353.648454	14.648891	-5.070805	119.089477	-16.049825	6.121629	-118.052170
1258	1753709351.323473	332.060158	335.159153	148.870528	260.138661	399.112165	-200.135365	385.135949	84.667504	240.164042	294.332117	208.965138	-266.611546	435.612500	33.468928	-348.130733	470.437855	-149.450675	343.551517	487.759143	-204.971373	380.259216	464.010477	-20.431489	-388.198555	520.803690	-216.410011	354.299784	506.713331	-29.054869	-359.817058	14.492272	-5.088801	119.023480	-15.912550	6.137765	-117.992543
1259	1753709351.365685	332.792670	334.959954	148.807585	263.802767	399.019301	-200.174332	386.913389	83.961226	239.972413	312.184691	207.270995	-265.494704	465.965003	31.528115	-347.315699	471.468776	-149.884373	343.931854	488.630980	-206.027582	380.851328	497.411400	-21.815518	-387.562603	521.705329	-217.549101	354.507238	538.550377	-30.882251	-359.137684	14.115746	-5.169579	118.986540	-15.530699	6.215203	-117.959291
1260	1753709351.390645	340.424657	334.052891	148.504078	270.804912	398.609191	-200.449482	389.167011	82.486048	239.060342	317.743450	206.221759	-265.547693	461.550176	26.147256	-347.514987	472.467750	-152.741492	344.889373	489.563376	-208.362415	382.996887	492.003590	-26.844610	-387.792140	522.697628	-220.638052	357.713699	532.884300	-36.704268	-359.216899	13.948324	-5.015039	118.978038	-15.337863	6.055284	-117.951386
1261	1753709351.421077	344.194293	333.858788	148.388341	275.059015	398.571044	-200.414494	389.798045	82.437165	236.631319	320.730984	206.170350	-265.208662	463.492990	25.031133	-346.535057	473.177463	-153.211653	344.851404	490.322560	-208.931476	383.141071	494.897276	-27.993266	-386.884570	523.448586	-221.181512	358.049363	536.380231	-37.853848	-357.879728	13.987426	-4.960928	118.932009	-15.371113	5.999748	-117.910527
1262	1753709351.457566	344.809443	334.067345	148.526847	275.066614	398.911446	-200.081393	390.634954	82.381606	235.327527	317.952842	206.123576	-264.140606	453.442574	23.748059	-346.673220	472.572505	-153.403074	344.898313	489.095956	-209.225878	383.345097	481.845915	-29.430654	-386.992663	522.848129	-221.323565	358.188540	523.712635	-39.453723	-358.501107	13.890362	-5.158246	118.900001	-15.280608	6.196003	-117.883697
1263	1753709351.489385	354.103595	333.425075	149.938196	278.506696	398.454845	-198.379442	394.752294	82.321323	235.723361	311.987370	204.891935	-263.770461	429.140300	18.585572	-348.125905	474.254996	-152.747363	346.238405	490.827054	-207.375944	384.467721	454.818547	-33.546202	-390.129864	524.711251	-218.304917	360.473871	497.617573	-43.858971	-363.211960	14.094711	-5.370489	118.893340	-15.493352	6.413447	-117.878318
1264	1753709351.524067	355.198681	333.278984	149.882063	280.094266	398.492604	-198.391736	399.986088	82.391784	235.931411	328.462481	204.766169	-261.842877	486.620545	21.963483	-343.406051	481.988966	-151.326269	342.214286	499.828219	-205.672860	377.575099	520.769119	-28.394938	-384.219795	533.012331	-214.741170	353.975177	561.546564	-37.813131	-356.677920	14.195681	-5.688567	118.820101	-15.595489	6.750942	-117.803916
1265	1753709351.559205	348.245323	333.559334	149.872929	275.567383	399.239361	-198.882818	393.438488	83.757848	238.413781	326.610357	204.876482	-261.890948	483.111531	25.621267	-341.540188	478.779912	-148.367271	343.720227	497.526437	-203.287378	378.658772	518.107176	-25.694836	-380.603999	530.289292	-212.152347	355.440140	558.804333	-34.652654	-351.665795	14.190767	-5.712698	118.810140	-15.591783	6.775977	-117.797069
1266	1753709351.593772	348.590195	333.493203	149.823546	278.073311	399.008453	-198.596552	393.519014	84.335953	238.411143	325.308383	204.677835	-261.689335	476.554900	25.206616	-341.507584	477.476448	-146.699607	346.207052	496.098936	-200.733304	382.948786	510.232568	-25.965799	-380.674809	528.504431	-210.408702	361.240298	551.201761	-34.925573	-351.701826	13.835683	-5.671158	118.754782	-15.220340	6.730884	-117.748722
1267	1753709351.626584	348.766774	333.330363	149.512991	279.919535	397.886008	-198.802516	393.732160	84.324859	238.297835	326.142967	203.369349	-261.521786	475.060046	24.477849	-341.682434	477.110207	-146.967962	346.280038	495.286047	-201.143339	383.050084	508.238852	-26.467381	-380.981982	527.833521	-210.819662	361.322165	548.924685	-35.288878	-351.945460	13.301045	-5.646139	118.723303	-14.672721	6.703132	-117.719382
1268	1753709351.661646	347.206146	334.101886	149.229228	278.994948	397.889316	-198.848411	393.539816	84.605999	238.313153	321.939498	203.380927	-261.534423	462.765604	24.738068	-345.331490	476.391166	-147.224307	347.620279	494.117171	-201.449886	385.477155	493.643492	-26.236966	-386.545509	526.777267	-211.009175	363.511831	533.966839	-35.000972	-359.090537	12.901058	-5.524970	118.681513	-14.261885	6.577897	-117.677622
1269	1753709351.694875	345.591843	334.464997	148.567691	276.188582	397.888392	-199.198276	391.304702	85.303403	238.258421	306.361824	203.395322	-261.679798	434.733450	24.698738	-348.305255	473.599792	-146.058500	348.943770	490.825355	-200.249523	387.269557	463.505715	-26.370365	-390.773654	523.590326	-210.252374	365.612090	504.881680	-35.116017	-364.714235	12.903521	-5.513933	118.650615	-14.264713	6.567271	-117.646165
1270	1753709351.729043	345.498353	334.157914	146.520361	273.874730	397.772759	-201.927036	392.269284	83.866388	236.344650	306.540668	203.001380	-262.064874	442.678005	25.606301	-348.908305	474.718124	-147.709757	348.529518	492.406845	-201.999962	387.031734	473.005176	-25.477398	-391.731620	525.686920	-212.100387	365.212828	514.819920	-33.886712	-365.581840	14.149128	-5.537905	118.667327	-15.524597	6.592243	-117.660053
1271	1753709351.765476	345.546007	334.146082	146.243766	272.378683	397.703677	-202.990472	393.954098	83.822913	237.353355	296.511620	202.732608	-263.888091	414.007843	25.282931	-355.648637	476.894557	-148.511261	350.247473	495.286435	-203.182369	388.820767	441.497833	-26.054734	-401.047736	528.378308	-213.509396	365.895867	483.805090	-34.552291	-375.059277	14.863485	-5.538221	118.725009	-16.262993	6.591993	-117.715612
1272	1753709351.801075	346.128345	334.122002	146.505475	272.415191	397.691071	-202.973604	397.302717	83.848402	238.088071	308.576524	201.638594	-263.276398	452.276707	25.011595	-355.042875	479.930907	-146.522418	350.090891	498.420805	-200.759932	388.358653	484.116018	-26.222941	-400.567710	531.530082	-210.128516	364.907891	524.292409	-34.668561	-374.336451	15.309925	-5.516648	118.721686	-16.670423	6.572180	-117.711850
1273	1753709351.829984	342.727929	334.099203	147.046477	267.072380	397.680074	-202.792510	394.441128	83.717242	239.902362	305.313200	200.279042	-261.891961	449.329525	24.899824	-354.529440	478.438318	-146.608099	351.490766	497.234285	-200.706273	389.954984	481.167793	-26.264906	-400.335312	530.317128	-210.235789	366.218358	521.521449	-34.717645	-373.752177	15.551965	-5.563070	118.704677	-16.924568	6.618160	-117.695570
1274	1753709351.865660	345.809191	333.512008	147.248596	272.567242	395.291567	-202.517882	397.031248	83.668239	239.969611	320.122540	197.581589	-261.140853	473.668784	23.563368	-352.063119	480.288208	-145.646363	351.514459	499.161124	-198.830903	389.996588	507.441342	-26.650658	-396.567643	532.208860	-208.083883	366.210729	547.133207	-34.912538	-369.727999	15.520090	-5.370390	118.687801	-16.879704	6.430475	-117.679663
1275	1753709351.900356	349.414766	333.227098	146.942124	277.310640	393.702894	-202.563733	398.451000	83.667718	239.102378	323.636085	195.804819	-261.203974	474.284440	20.810947	-352.008611	480.878115	-144.796327	348.865181	499.499828	-197.739616	386.623561	507.207751	-28.884051	-396.275669	532.548547	-206.913233	362.618387	546.980619	-37.012134	-369.526982	15.327193	-5.195213	118.613623	-16.662687	6.261443	-117.604293
1276	1753709351.937477	347.089350	333.340704	146.807671	277.407289	392.598420	-202.957198	395.928055	83.807424	239.086255	324.359268	194.117323	-261.441886	474.057555	19.176912	-351.933390	479.078084	-144.478440	348.599941	496.793628	-197.410956	386.490017	506.482720	-30.897938	-395.890236	530.048370	-207.003832	362.601429	546.248496	-39.026435	-369.079590	14.079560	-4.659549	118.550524	-15.396710	5.721913	-117.544137
1277	1753709351.967072	340.549856	333.593756	146.820754	275.992632	392.519265	-203.811526	387.451619	84.215924	240.004763	324.350566	194.000855	-262.821734	477.829963	19.394245	-351.882994	472.750932	-142.689481	349.210083	489.837825	-194.851041	386.989951	510.741115	-30.608105	-395.427287	523.648143	-204.612747	363.253266	549.644113	-38.315002	-368.220121	12.730458	-4.262601	118.531160	-14.003129	5.318126	-117.527775
1278	1753709352.003507	342.819542	333.165884	147.106275	275.950313	392.487228	-202.779487	389.907032	84.208392	240.671292	323.966026	194.066852	-262.882560	476.215541	19.422166	-352.168262	473.067492	-142.627925	353.223681	490.117610	-194.739103	392.585993	509.083033	-30.584697	-395.509064	523.879707	-204.683334	369.211912	548.315346	-38.305450	-368.124753	12.763901	-4.305236	118.472077	-14.031602	5.361926	-117.467038
1279	1753709352.037004	341.129482	331.838995	147.341967	274.087191	391.194791	-202.507734	386.538595	83.680160	240.951434	320.725828	192.501038	-262.159109	471.576661	17.099483	-352.006912	469.868869	-142.680943	354.565054	486.524969	-194.766834	394.208252	502.346635	-33.746175	-395.354301	520.713627	-204.824373	371.667594	541.593015	-42.381361	-367.994130	12.495554	-4.383634	118.450053	-13.769353	5.439585	-117.444679
1280	1753709352.070670	341.817915	330.703467	147.756696	275.112808	389.317513	-202.228531	386.755437	83.103947	241.122171	320.638835	190.932870	-262.147367	471.300989	13.099149	-351.675987	469.775736	-142.716020	356.289804	486.375660	-194.827780	396.084428	501.854360	-38.367208	-394.419819	520.294309	-204.932958	374.086440	541.212738	-47.224160	-367.039442	12.444963	-4.318471	118.446179	-13.710426	5.373665	-117.441356
1281	1753709352.100776	342.884749	328.357160	147.739619	276.973665	386.478275	-202.650011	389.629066	81.090413	241.117984	326.316327	188.260257	-262.482315	478.023887	11.649250	-351.636708	473.314553	-144.902095	356.812984	489.613414	-197.301328	397.010475	508.847475	-39.671380	-394.326627	523.781359	-208.291709	374.988109	548.221886	-48.337065	-366.733730	12.303084	-4.190394	118.482731	-13.556290	5.246629	-117.474303
1282	1753709352.139606	344.885916	327.659577	148.250416	279.286295	385.503471	-202.598885	390.569210	80.839969	241.830677	328.058898	186.465442	-262.391984	479.765028	10.058807	-351.607591	474.916905	-143.991366	358.105272	491.452813	-195.884407	398.048222	510.719299	-41.054327	-394.255668	525.776207	-206.376597	376.357973	550.534487	-49.540468	-366.648793	12.345397	-4.239975	118.502855	-13.589745	5.296125	-117.493019
1283	1753709352.175210	343.490869	325.850546	148.797303	277.538568	385.100394	-202.743009	389.208496	79.691410	244.506836	327.761710	185.515866	-262.432903	483.497590	10.217444	-351.458967	474.429578	-144.053012	359.575838	491.156250	-195.882618	398.971915	515.428543	-40.918756	-393.869549	525.364876	-206.245869	376.994461	554.400086	-49.173631	-366.085440	12.238409	-4.245071	118.506804	-13.475724	5.301217	-117.496856
1284	1753709352.209455	337.030828	325.141847	149.436966	270.280093	385.146022	-202.560559	380.059630	79.352342	246.165201	319.636494	185.637116	-261.428624	474.033952	10.104020	-349.655569	463.277429	-144.034386	364.073366	479.327500	-195.719570	404.072225	505.088031	-41.719601	-391.574472	514.004529	-206.222013	383.349299	544.355989	-50.358642	-363.332540	11.913193	-4.268755	118.511669	-13.171717	5.321543	-117.503785
1285	1753709352.242863	329.494357	324.984789	150.481671	264.479369	387.129337	-202.413857	369.702905	79.307668	249.323428	291.623682	189.654276	-262.371838	419.721425	7.467831	-348.300099	451.518953	-144.215286	365.856946	466.651976	-196.268111	405.963957	443.657488	-50.120939	-387.663454	499.348640	-207.035810	385.878831	484.391749	-61.340913	-358.788431	10.851262	-4.162865	118.386261	-12.172690	5.210452	-117.390834
1286	1753709352.273463	329.691142	324.778646	150.442168	264.620930	388.916731	-202.876046	364.902556	79.563417	249.269843	294.950962	193.792880	-266.478390	429.363996	1.780951	-337.661445	444.208384	-144.145116	365.813583	459.165961	-196.391866	406.166613	455.691189	-62.422831	-367.164910	490.638405	-207.050130	386.822343	496.091336	-74.686162	-334.115058	10.242787	-3.986935	118.152671	-11.578702	5.030463	-117.178597
1287	1753709352.311876	338.046998	323.933810	150.449708	285.294622	385.395974	-203.112155	366.774529	80.368586	249.402538	314.575791	188.458547	-267.230123	444.368482	-22.443498	-321.354896	446.685791	-144.278541	365.668237	461.730510	-196.860179	405.580997	475.270748	-87.067634	-345.884532	493.950337	-207.424939	385.775983	512.521803	-98.688416	-308.547586	9.765074	-3.958527	118.144423	-11.097791	4.999709	-117.174499
1288	1753709352.342177	350.316644	316.877991	150.343820	305.516422	375.367314	-204.150751	379.199862	77.114008	249.352545	350.590378	169.362977	-266.535580	501.703858	-30.182160	-296.259612	465.021223	-145.367399	363.716990	481.733739	-197.168559	401.906371	538.158298	-90.363309	-314.945489	512.135446	-207.484305	381.490767	568.906963	-99.414505	-275.904417	8.714223	-3.936867	117.991291	-10.012537	4.977263	-117.047131
1289	1753709352.377987	362.011194	306.168586	153.271049	309.065670	364.995301	-204.145730	396.872908	70.474759	253.688037	360.307395	159.574613	-264.897794	514.668465	-42.163741	-269.525290	489.064544	-161.410525	364.181191	509.853125	-216.279790	401.862621	553.490400	-106.661558	-282.475322	539.867580	-226.026177	379.642636	583.858788	-112.959616	-235.915631	9.026081	-4.808207	118.135408	-10.374282	5.814883	-117.209420
1290	1753709352.412138	360.363692	306.588709	155.913323	300.117880	367.041677	-204.566315	398.399949	70.805721	261.621445	342.190355	161.214978	-264.960885	483.192205	-37.360128	-261.795282	490.989625	-161.379650	368.469149	512.295544	-217.156515	404.403239	523.887515	-98.702170	-272.888154	541.168272	-226.012290	380.301833	551.909387	-105.801508	-223.608017	12.612744	-6.426676	118.737735	-14.067235	7.378531	-117.863506
1291	1753709352.445385	336.198211	314.086497	157.228693	259.568185	375.040263	-204.602823	387.807250	72.631039	272.334397	306.033075	164.798960	-264.333755	461.256772	-11.149093	-255.485713	480.589539	-160.168111	378.191859	501.124799	-216.910288	412.413508	501.063585	-74.082576	-266.240865	527.058423	-224.761412	388.141364	527.537167	-72.291121	-218.999609	16.744802	-7.136335	119.072102	-18.060535	8.046800	-118.209720
1292	1753709352.479082	331.774682	320.927441	158.767924	253.751457	379.011273	-203.702718	380.107790	77.728502	274.494082	300.506562	165.684208	-255.285323	453.021020	-10.504747	-246.699169	469.748080	-155.792966	382.429540	491.733700	-210.736185	417.768896	493.437707	-73.889546	-258.358866	518.602610	-218.303472	392.527789	520.738542	-72.029896	-209.702760	18.960791	-8.880069	119.248986	-20.274892	9.746400	-118.417762
1293	1753709352.513306	332.026213	324.861914	160.731420	253.614992	385.560244	-202.471226	379.836082	80.534041	277.389735	295.410424	172.085360	-247.404873	446.250379	-9.757336	-238.879085	468.736291	-153.765872	381.774247	490.875959	-210.161656	415.492177	486.455828	-74.011177	-251.050830	517.640352	-216.040850	386.935681	516.296804	-72.115548	-201.763898	20.739021	-9.657538	119.314924	-22.084540	10.528333	-118.494108
1294	1753709352.545478	320.321083	338.477254	160.658970	242.093503	392.386734	-202.852741	370.984465	88.518471	276.076466	269.898534	178.252295	-246.425405	397.452533	-9.720182	-234.779313	457.798719	-148.288742	377.964377	477.856755	-207.115114	408.807606	433.780313	-76.055773	-245.053172	503.689349	-212.960348	378.840148	464.826763	-73.295183	-195.156351	20.929519	-9.323009	119.387671	-22.287307	10.182434	-118.579432
